[33mThe CJS build of Vite's Node API is deprecated. See https://vite.dev/guide/troubleshooting.html#vite-cjs-node-api-deprecated for more details.[39m

[1m[7m[36m RUN [39m[27m[22m [36mv2.1.9 [39m[90mC:/Users/Garrett/Sports-research-audit-2026-09-17/apps/web[39m

 [32m✓[39m __tests__/scraping-clearance.test.ts [2m([22m[2m84 tests[22m[2m)[22m[90m 114[2mms[22m[39m
[90mstderr[2m | __tests__/stripe-webhook-route.test.ts[2m > [22m[2mPOST /api/webhooks/stripe[2m > [22m[2mout-of-order delivery[2m > [22m[2mdoes NOT reactivate a subscription already cancelled-by-delete (same id)
[22m[39m[stripe] ignoring out-of-order reactivation of cancelled subscription sub_123 for customer cus_123

[90mstderr[2m | __tests__/stripe-webhook-route.test.ts[2m > [22m[2mPOST /api/webhooks/stripe[2m > [22m[2mout-of-order delivery[2m > [22m[2mfull chain: deleted → late payment_failed → stale ACTIVE updated leaves the member FREE (never resurrected)
[22m[39m[stripe] ignoring out-of-order reactivation of cancelled subscription sub_123 for customer cus_123

[90mstderr[2m | __tests__/stripe-webhook-route.test.ts[2m > [22m[2mPOST /api/webhooks/stripe[2m > [22m[2mout-of-order delivery[2m > [22m[2mignores a late event for a SUPERSEDED subscription — sub_OLD noise cannot revoke sub_NEW (Codex P1)
[22m[39m[stripe] ignoring CANCELED event for superseded subscription sub_OLD — customer cus_123's row tracks sub_NEW

[90mstderr[2m | __tests__/stripe-webhook-route.test.ts[2m > [22m[2mPOST /api/webhooks/stripe[2m > [22m[2mout-of-order delivery[2m > [22m[2ma delayed PAST_DUE `updated` for a SUPERSEDED sub_OLD cannot adopt the paying sub_NEW row, and the later sub_OLD cancel cannot revoke it (Codex P2)
[22m[39m[stripe] ignoring PAST_DUE event for superseded subscription sub_OLD — customer cus_123's row tracks sub_NEW

[90mstderr[2m | __tests__/stripe-webhook-route.test.ts[2m > [22m[2mPOST /api/webhooks/stripe[2m > [22m[2mout-of-order delivery[2m > [22m[2mfails closed (500, event unrecorded) when the fresh retrieve fails — Stripe retries
[22m[39mError handling Stripe event customer.subscription.updated: stripe api unreachable

[90mstderr[2m | __tests__/stripe-webhook-route.test.ts[2m > [22m[2mPOST /api/webhooks/stripe[2m > [22m[2msignature verification[2m > [22m[2mreturns 400 when signature verification fails
[22m[39mStripe webhook signature verification failed: No signatures found matching the expected signature

[90mstderr[2m | __tests__/stripe-webhook-route.test.ts[2m > [22m[2mPOST /api/webhooks/stripe[2m > [22m[2midempotency[2m > [22m[2mreturns 500 and does NOT record the event when handling fails (Stripe will retry)
[22m[39mError handling Stripe event customer.subscription.updated: db down

[90mstderr[2m | __tests__/stripe-webhook-route.test.ts[2m > [22m[2mPOST /api/webhooks/stripe[2m > [22m[2midempotency[2m > [22m[2mreturns 500 when recording the event fails for a NON-conflict reason (Stripe retries)
[22m[39mFailed to record Stripe event evt_create_down: db write timeout

[90mstderr[2m | __tests__/stripe-webhook-route.test.ts[2m > [22m[2mPOST /api/webhooks/stripe[2m > [22m[2mcustomer.subscription.created / updated — syncSubscription[2m > [22m[2mdoes NOT downgrade a grandfathered PAID member to FREE on an unmapped (repointed) price id
[22m[39m[stripe] unmapped priceId price_orphaned_founding on an active PAID subscription — retaining tier PRO instead of downgrading to FREE. Add this historical price id to the matching STRIPE_*_PRICE_ID (comma-separated) so grandfathered members keep access.

[90mstderr[2m | __tests__/stripe-webhook-route.test.ts[2m > [22m[2mPOST /api/webhooks/stripe[2m > [22m[2mcustomer.subscription.created / updated — syncSubscription[2m > [22m[2mStripe `unpaid` revokes on the webhook itself (C-91 / D2a)[2m > [22m[2mkeeps a grandfathered paid tier when an unmapped price goes unpaid, without granting access
[22m[39m[stripe] unmapped priceId price_orphaned_founding on an active PAID subscription — retaining tier PRO instead of downgrading to FREE. Add this historical price id to the matching STRIPE_*_PRICE_ID (comma-separated) so grandfathered members keep access.

[90mstderr[2m | __tests__/stripe-webhook-route.test.ts[2m > [22m[2mPOST /api/webhooks/stripe[2m > [22m[2mcustomer.subscription.created / updated — syncSubscription[2m > [22m[2mStripe `unpaid` revokes on the webhook itself (C-91 / D2a)[2m > [22m[2mrestores a grandfathered member's access when they pay the outstanding invoice
[22m[39m[stripe] unmapped priceId price_orphaned_founding on an active PAID subscription — retaining tier PRO instead of downgrading to FREE. Add this historical price id to the matching STRIPE_*_PRICE_ID (comma-separated) so grandfathered members keep access.

 [32m✓[39m __tests__/stripe-webhook-route.test.ts [2m([22m[2m93 tests[22m[2m)[22m[33m 461[2mms[22m[39m
[90mstderr[2m | __tests__/reconcile-entitlements.test.ts[2m > [22m[2mreconcileEntitlements — GRANT (missed/failed webhook recovery)[2m > [22m[2mnever grants when an active Stripe sub has an unmapped price (grandfathering landmine)
[22m[39m[reconcile] active subscription sub_1 has unmapped price price_unconfigured — cannot classify a tier; leaving the DB unchanged. Add this historical price id to the matching STRIPE_*_PRICE_ID so grandfathered members are recognized.

[90mstderr[2m | __tests__/reconcile-entitlements.test.ts[2m > [22m[2mreconcileEntitlements — DOWNGRADE (stale paid rows, positively confirmed)[2m > [22m[2mFAIL-SAFE (FINDING 1): a transient retrieve error revokes nothing and reports the error
[22m[39m[reconcile] could not confirm subscription sub_2 — transient error; NOT revoking (fail-safe): 503 Service Unavailable

[90mstderr[2m | __tests__/reconcile-entitlements.test.ts[2m > [22m[2mreconcileEntitlements — DOWNGRADE (stale paid rows, positively confirmed)[2m > [22m[2mFINDING 3: a concurrent resubscribe (updateMany WHERE count 0) is NOT clobbered
[22m[39m[reconcile] downgrade for row row_1 affected 0 rows — the row moved on (concurrent resubscribe/heal); skipping revoke (fail-safe).

[90mstderr[2m | __tests__/reconcile-entitlements.test.ts[2m > [22m[2mreconcileEntitlements — DOWNGRADE (stale paid rows, positively confirmed)[2m > [22m[2mFAIL-SAFE: never revokes a paid row that has no stripeSubscriptionId to confirm
[22m[39m[reconcile] paid DB row row_1 (customer cus_2) has no stripeSubscriptionId — cannot positively confirm Stripe state; NOT revoking.

[90mstderr[2m | __tests__/reconcile-entitlements.test.ts[2m > [22m[2mreconcileEntitlements — REPAIR rows an earlier reconciler cancelled on unpaid (Devin, #736)[2m > [22m[2mmoves a CANCELED row whose Stripe sub is still unpaid back to recoverable INCOMPLETE, tier restored
[22m[39m[reconcile] repaired row row_9: Stripe still reports sub_9 unpaid, moved from CANCELED back to the recoverable INCOMPLETE

[90mstderr[2m | __tests__/reconcile-entitlements.test.ts[2m > [22m[2mreconcileEntitlements — REPAIR rows an earlier reconciler cancelled on unpaid (Devin, #736)[2m > [22m[2man unmapped (grandfathered) price un-cancels the row but counts it for the OPERATOR, not as repaired
[22m[39m[INCIDENT][reconcile] row row_9 un-cancelled but its tier cannot be restored: subscription sub_9 carries unmapped price price_legacy. Add the price id to the matching STRIPE_*_PRICE_ID so the grant pass can restore access.

[90mstderr[2m | __tests__/reconcile-entitlements.test.ts[2m > [22m[2mreconcileEntitlements — FAIL-SAFE on Stripe list failure[2m > [22m[2mrevokes NOTHING, skips the downgrade phase entirely, and reports the error
[22m[39m[reconcile] stripe.subscriptions.list(status=active) failed: stripe.subscriptions.list unavailable
[reconcile] stripe.subscriptions.list(status=trialing) failed: stripe.subscriptions.list unavailable
[reconcile] stripe.subscriptions.list(status=past_due) failed: stripe.subscriptions.list unavailable

[90mstderr[2m | __tests__/reconcile-entitlements.test.ts[2m > [22m[2mreconcileUserEntitlement — post-checkout single-user grant[2m > [22m[2mfail-safe: swallows a Stripe error (never throws, never writes) so the dashboard still renders
[22m[39m[reconcile] per-user reconcile failed for user user_1: stripe.subscriptions.list unavailable

 [32m✓[39m __tests__/reconcile-entitlements.test.ts [2m([22m[2m46 tests[22m[2m)[22m[90m 187[2mms[22m[39m
[90mstderr[2m | __tests__/subscriptions-checkout-route.test.ts[2m > [22m[2mPOST /api/subscriptions/checkout[2m > [22m[2mC-185 open-session reconciliation[2m > [22m[2ma SECOND intent gets the first intent's session instead of a second payable one
[22m[39m[checkout] reusing open session cs_open_first_intent for customer cus_123 instead of minting a second payable session for the same plan

[90mstderr[2m | __tests__/subscriptions-checkout-route.test.ts[2m > [22m[2mPOST /api/subscriptions/checkout[2m > [22m[2mC-185 open-session reconciliation[2m > [22m[2mexpires an open session for a DIFFERENT plan before minting
[22m[39m[checkout] expired 1 open session(s) for customer cus_123 before minting a ELITE/month session: cs_open_other_plan

[90mstderr[2m | __tests__/subscriptions-checkout-route.test.ts[2m > [22m[2mPOST /api/subscriptions/checkout[2m > [22m[2mC-185 open-session reconciliation[2m > [22m[2mFAILS CLOSED with 503 when an open session cannot be read or retired
[22m[39m[INCIDENT][checkout] could not reconcile open sessions for customer cus_123 — failing closed with 503, no new session minted: fixture: could not expire open session

[90mstderr[2m | __tests__/subscriptions-checkout-route.test.ts[2m > [22m[2mPOST /api/subscriptions/checkout[2m > [22m[2mC-185 open-session reconciliation[2m > [22m[2mruns AFTER the live-subscription probe, so an existing subscriber still gets 409
[22m[39m[checkout] refusing a second checkout for customer cus_123 — Stripe still reports subscription sub_already_live as active

[90mstderr[2m | __tests__/subscriptions-checkout-route.test.ts[2m > [22m[2mPOST /api/subscriptions/checkout[2m > [22m[2mStripe-side double-subscribe guard[2m > [22m[2mrefuses a second checkout when Stripe still reports a live subscription
[22m[39m[checkout] refusing a second checkout for customer cus_123 — Stripe still reports subscription sub_already_live as active

[90mstderr[2m | __tests__/subscriptions-checkout-route.test.ts[2m > [22m[2mPOST /api/subscriptions/checkout[2m > [22m[2mStripe-side double-subscribe guard[2m > [22m[2mrefuses a second checkout while the existing subscription is past_due — payment is resolved in the portal
[22m[39m[checkout] refusing a second checkout for customer cus_123 — Stripe still reports subscription sub_dunning as past_due

[90mstderr[2m | __tests__/subscriptions-checkout-route.test.ts[2m > [22m[2mPOST /api/subscriptions/checkout[2m > [22m[2mStripe-side double-subscribe guard[2m > [22m[2mrefuses a second checkout while the existing subscription is unpaid — payment is resolved in the portal
[22m[39m[checkout] refusing a second checkout for customer cus_123 — Stripe still reports subscription sub_dunning as unpaid

[90mstderr[2m | __tests__/subscriptions-checkout-route.test.ts[2m > [22m[2mPOST /api/subscriptions/checkout[2m > [22m[2mStripe-side double-subscribe guard[2m > [22m[2mrefuses a second checkout while the existing subscription is incomplete — payment is resolved in the portal
[22m[39m[checkout] refusing a second checkout for customer cus_123 — Stripe still reports subscription sub_dunning as incomplete

[90mstderr[2m | __tests__/subscriptions-checkout-route.test.ts[2m > [22m[2mPOST /api/subscriptions/checkout[2m > [22m[2mStripe-side double-subscribe guard[2m > [22m[2mFAILS CLOSED with 503 and no Stripe side effect when the probe cannot read Stripe
[22m[39m[INCIDENT][checkout] could not read Stripe subscriptions for customer cus_123 — failing closed with 503, no Stripe side effect: fixture: stripe unreachable

[90mstderr[2m | __tests__/subscriptions-checkout-route.test.ts[2m > [22m[2mPOST /api/subscriptions/checkout[2m > [22m[2mStripe-side double-subscribe guard[2m > [22m[2mnever lets a per-customer Stripe URL be cached — no-store on the 200 and on a refusal
[22m[39m[checkout] refusing a second checkout for customer cus_123 — Stripe still reports subscription sub_already_live as active

[90mstderr[2m | __tests__/subscriptions-checkout-route.test.ts[2m > [22m[2mPOST /api/subscriptions/checkout[2m > [22m[2mdurable-write guard (5.2 — no Stripe side effect without a durable store)[2m > [22m[2mDEFENSE IN DEPTH: a non-durable attempt write (stub echo) is a typed 503, no Stripe session
[22m[39m[INCIDENT][checkout] non-durable attempt write detected for user user_1 — failing closed

[90mstderr[2m | __tests__/subscriptions-checkout-route.test.ts[2m > [22m[2mPOST /api/subscriptions/checkout[2m > [22m[2mdurable checkout attempt (Phase 1P)[2m > [22m[2ma Stripe transport failure during inline reconciliation is a 500, not a silent release
[22m[39mCheckout error: stripe unreachable

[90mstderr[2m | __tests__/subscriptions-checkout-route.test.ts[2m > [22m[2mPOST /api/subscriptions/checkout[2m > [22m[2moutcome classification on Stripe failure (5.3)[2m > [22m[2man AMBIGUOUS network error keeps the attempt AND key: 503, status AMBIGUOUS, key NOT released
[22m[39m[checkout] stripe session create AMBIGUOUS_NETWORK_OUTCOME for attempt ca_948ed27f-b9c1-4308-9050-bac5c68bf554: stripe StripeConnectionError

[90mstderr[2m | __tests__/subscriptions-checkout-route.test.ts[2m > [22m[2mPOST /api/subscriptions/checkout[2m > [22m[2moutcome classification on Stripe failure (5.3)[2m > [22m[2ma CONFIGURATION failure is terminal: 502, FAILED, active key released in the same update
[22m[39m[checkout] stripe session create CONFIGURATION_FAILURE for attempt ca_7003951d-90eb-4af3-ae41-3f1e1b230428: stripe StripeInvalidRequestError

[90mstderr[2m | __tests__/subscriptions-checkout-route.test.ts[2m > [22m[2mPOST /api/subscriptions/checkout[2m > [22m[2moutcome classification on Stripe failure (5.3)[2m > [22m[2ma RETRIABLE (rate-limited) failure returns the attempt to CREATED with its key intact
[22m[39m[checkout] stripe session create RETRIABLE_NO_REQUEST_SENT for attempt ca_a8ec0ba3-c2d2-4837-8bab-1ba8c7caa267: stripe StripeRateLimitError

[90mstderr[2m | __tests__/subscriptions-checkout-route.test.ts[2m > [22m[2mPOST /api/subscriptions/checkout[2m > [22m[2moutcome classification on Stripe failure (5.3)[2m > [22m[2man UNCLASSIFIABLE error fails safe as AMBIGUOUS (503) — never a silent fresh key
[22m[39m[checkout] stripe session create AMBIGUOUS_NETWORK_OUTCOME for attempt ca_3cb4c54b-782c-429d-acef-642c1ce5cd47: stripe unreachable

 [32m✓[39m __tests__/subscriptions-checkout-route.test.ts [2m([22m[2m45 tests[22m[2m)[22m[33m 535[2mms[22m[39m
[90mstderr[2m | lib/settlement-outbox/worker.test.ts
[22m[39m[@sports/db] stub Prisma client active (DATABASE_URL not set). All reads return empty results.

 [32m✓[39m __tests__/ai-control-plane-credit-admission.test.ts [2m([22m[2m36 tests[22m[2m | [22m[33m2 skipped[39m[2m)[22m[90m 88[2mms[22m[39m
 [32m✓[39m __tests__/ai-control-plane-invocation.test.ts [2m([22m[2m29 tests[22m[2m)[22m[90m 116[2mms[22m[39m
 [32m✓[39m __tests__/ai-control-plane-authority.test.ts [2m([22m[2m71 tests[22m[2m)[22m[90m 153[2mms[22m[39m
[90mstderr[2m | __tests__/ai-control-plane-budget.test.ts[2m > [22m[2m§10 pipeline: reserve before dispatch, settle after[2m > [22m[2m§10.7: a THROWING pricer degrades telemetry and settles the ceiling — never an error, never an under-count
[22m[39m[ai-control-plane:observability] budget priceActual failed for invocation f6150768-877c-4f51-ae18-cd045993428a — settling the conservative per-attempt ceiling instead Error: pricing table unavailable
    at Object.priceActual [90m(C:\Users\Garrett\Sports-research-audit-2026-09-17\apps\web\[39m__tests__\ai-control-plane-budget.test.ts:1341:15[90m)[39m
    at Object.dispatch [90m(C:\Users\Garrett\Sports-research-audit-2026-09-17\apps\web\[39mlib\ai-control-plane\invocation-pipeline.ts:747:42[90m)[39m
[90m    at processTicksAndRejections (node:internal/process/task_queues:104:5)[39m
    at [90mC:\Users\Garrett\Sports-research-audit-2026-09-17\apps\web\[39m__tests__\ai-control-plane-budget.test.ts:1344:21
    at file:///C:/Users/Garrett/Sports-research-audit-2026-09-17/node_modules/[4m@vitest/runner[24m/dist/index.js:533:5
    at runTest (file:///C:/Users/Garrett/Sports-research-audit-2026-09-17/node_modules/[4m@vitest/runner[24m/dist/index.js:1056:11)
    at runSuite (file:///C:/Users/Garrett/Sports-research-audit-2026-09-17/node_modules/[4m@vitest/runner[24m/dist/index.js:1205:15)
    at runSuite (file:///C:/Users/Garrett/Sports-research-audit-2026-09-17/node_modules/[4m@vitest/runner[24m/dist/index.js:1205:15)
    at runFiles (file:///C:/Users/Garrett/Sports-research-audit-2026-09-17/node_modules/[4m@vitest/runner[24m/dist/index.js:1262:5)
    at startTests (file:///C:/Users/Garrett/Sports-research-audit-2026-09-17/node_modules/[4m@vitest/runner[24m/dist/index.js:1271:3)

 [32m✓[39m __tests__/ai-control-plane-budget.test.ts [2m([22m[2m49 tests[22m[2m)[22m[90m 196[2mms[22m[39m
 [32m✓[39m lib/settlement-outbox/worker.test.ts [2m([22m[2m33 tests[22m[2m)[22m[33m 674[2mms[22m[39m
 [2m[90m↓[39m[22m __tests__/ai-control-plane-claim-pg.test.ts [2m([22m[2m19 tests[22m[2m | [22m[33m19 skipped[39m[2m)[22m
 [32m✓[39m __tests__/council-ledgers.test.ts [2m([22m[2m51 tests[22m[2m)[22m[90m 277[2mms[22m[39m
 [32m✓[39m __tests__/ops-daily-truth.test.ts [2m([22m[2m16 tests[22m[2m)[22m[90m 195[2mms[22m[39m
 [32m✓[39m __tests__/checkout-attempt.test.ts [2m([22m[2m40 tests[22m[2m)[22m[90m 69[2mms[22m[39m
[90mstderr[2m | __tests__/ai-control-plane-budget-pg.test.ts
[22m[39m[@sports/db] stub Prisma client active (DATABASE_URL not set). All reads return empty results.

 [32m✓[39m __tests__/board-gate-decisions.test.ts [2m([22m[2m27 tests[22m[2m)[22m[90m 229[2mms[22m[39m
 [2m[90m↓[39m[22m __tests__/ai-control-plane-budget-pg.test.ts [2m([22m[2m12 tests[22m[2m | [22m[33m12 skipped[39m[2m)[22m
[90mstderr[2m | lib/integrations/graded-pool.test.ts
[22m[39m[@sports/db] stub Prisma client active (DATABASE_URL not set). All reads return empty results.

 [32m✓[39m lib/integrations/graded-pool.test.ts [2m([22m[2m33 tests[22m[2m)[22m[90m 178[2mms[22m[39m
[90mstderr[2m | lib/data-sources/settle-backfill.test.ts
[22m[39m[@sports/db] stub Prisma client active (DATABASE_URL not set). All reads return empty results.

 [32m✓[39m __tests__/free-settlement.test.ts [2m([22m[2m36 tests[22m[2m)[22m[33m 549[2mms[22m[39m
[90mstderr[2m | __tests__/settlement-zero-sit-lane.test.ts
[22m[39m[@sports/db] stub Prisma client active (DATABASE_URL not set). All reads return empty results.

[90mstderr[2m | lib/data-sources/free-score-persist.test.ts[2m > [22m[2mpersistFreeScores — never settles a game that has not started[2m > [22m[2mholds rather than guessing when two same-matchup finals carry no start times
[22m[39m[free-score-persist] AMBIGUOUS_MATCH game=game-series Braves @ Phillies commence=2026-09-17T16:53:59.968Z — 2 finals remain after kickoff narrowing; refusing to guess.

[90mstderr[2m | lib/data-sources/free-score-persist.test.ts[2m > [22m[2mpersistFreeScores — binds a final to kickoff and holds when ambiguous[2m > [22m[2mdoes NOT inherit yesterday's final for a game that started but has no result yet
[22m[39m[free-score-persist] KICKOFF_DRIFT game=game-live Braves @ Phillies commence=2026-09-17T18:24:00.004Z final start=2026-09-16T18:24:00.004Z — 24h apart, beyond 12h; refusing to treat it as this game's result.

[90mstderr[2m | lib/data-sources/free-score-persist.test.ts[2m > [22m[2mpersistFreeScores — binds a final to kickoff and holds when ambiguous[2m > [22m[2mholds instead of guessing when two same-matchup finals are equally close (doubleheader)
[22m[39m[free-score-persist] AMBIGUOUS_MATCH game=game-dh Braves @ Phillies commence=2026-09-17T17:54:00.020Z — 2 finals remain after kickoff narrowing; refusing to guess.

[90mstderr[2m | lib/data-sources/free-score-persist.test.ts[2m > [22m[2mpersistFreeScores — guards that must hold at write time, not just read time[2m > [22m[2mstill refuses a date-only final two or more days off
[22m[39m[free-score-persist] UNBOUND_DATE game=game-far-date Braves @ Phillies day=2026-09-17 final date=2026-09-15 — no start time on the final and the dates are more than a day apart; refusing to guess.

[90mstderr[2m | lib/data-sources/free-score-persist.test.ts[2m > [22m[2mpersistFreeScores — an unfinished doubleheader is never resolved by time[2m > [22m[2mholds game two while game one is final and game two is still in progress
[22m[39m[free-score-persist] UNRESOLVED_DOUBLEHEADER game=game-two-of-dh Braves @ Phillies day=2026-06-15 — the board lists 2 fixtures for this matchup and none of the 1 final(s) place on this one; refusing to guess which one this row is.

[90mstderr[2m | lib/data-sources/free-score-persist.test.ts[2m > [22m[2mpersistFreeScores — an unfinished doubleheader is never resolved by time[2m > [22m[2mstill holds when the doubleheader straddles UTC midnight
[22m[39m[free-score-persist] UNRESOLVED_DOUBLEHEADER game=game-two-across-midnight Braves @ Phillies day=2026-06-16 — the board lists 2 fixtures for this matchup and none of the 1 final(s) place on this one; refusing to guess which one this row is.

[90mstderr[2m | lib/data-sources/free-score-persist.test.ts[2m > [22m[2mpersistFreeScores — an unfinished doubleheader is never resolved by time[2m > [22m[2mholds when a prior-day final also sits inside the search window
[22m[39m[free-score-persist] UNRESOLVED_DOUBLEHEADER game=game-two-of-dh Braves @ Phillies day=2026-06-15 — the board lists 2 fixtures for this matchup and none of the 2 final(s) place on this one; refusing to guess which one this row is.

 [32m✓[39m lib/data-sources/free-score-persist.test.ts [2m([22m[2m26 tests[22m[2m)[22m[33m 992[2mms[22m[39m
[90mstderr[2m | __tests__/board-gate-slate.test.ts
[22m[39m[@sports/db] stub Prisma client active (DATABASE_URL not set). All reads return empty results.

[90mstderr[2m | __tests__/settlement-line-integrity-lane.test.ts
[22m[39m[@sports/db] stub Prisma client active (DATABASE_URL not set). All reads return empty results.

 [32m✓[39m __tests__/calibration-math-invariants.test.ts [2m([22m[2m39 tests[22m[2m)[22m[33m 1896[2mms[22m[39m
   [33m[2m✓[22m[39m Brier score[2m > [22mdivides confidence by 100 before squaring (hand-computed 0.163) [33m322[2mms[22m[39m
 [32m✓[39m __tests__/board-gate-slate.test.ts [2m([22m[2m58 tests[22m[2m)[22m[33m 834[2mms[22m[39m
 [32m✓[39m __tests__/publish-time-market-p.test.ts [2m([22m[2m20 tests[22m[2m)[22m[33m 804[2mms[22m[39m
 [32m✓[39m __tests__/market-anchored-calibration-sample.test.ts [2m([22m[2m22 tests[22m[2m)[22m[33m 2526[2mms[22m[39m
   [33m[2m✓[22m[39m (c) bySport and byModelVersion slices[2m > [22mslice n sums to the pooled n; slices use the same metric functions as the pooled row [33m1171[2mms[22m[39m
   [33m[2m✓[22m[39m (c) bySport and byModelVersion slices[2m > [22mthe pooled artifact carries seeded bootstrap intervals that contain the point estimate [33m569[2mms[22m[39m
 [32m✓[39m __tests__/calibration-drift-alert.test.ts [2m([22m[2m18 tests[22m[2m)[22m[33m 415[2mms[22m[39m
 [32m✓[39m __tests__/nova-capability-governor.test.ts [2m([22m[2m37 tests[22m[2m)[22m[33m 2045[2mms[22m[39m
   [33m[2m✓[22m[39m NOVA capability governor[2m > [22mloads no more than three inspected candidates and never auto-activates them [33m966[2mms[22m[39m
[90mstderr[2m | __tests__/refresh-player-stats-route.test.ts
[22m[39m[@sports/db] stub Prisma client active (DATABASE_URL not set). All reads return empty results.

[90mstderr[2m | __tests__/jarvis-memory-stages.test.ts[2m > [22m[2maskJarvisWithMemory — pure logic[2m > [22m[2mreturns a JarvisAnswer with the correct intent when called
[22m[39m[@sports/db] stub Prisma client active (DATABASE_URL not set). All reads return empty results.

[90mstderr[2m | __tests__/jarvis-memory.test.ts
[22m[39m[@sports/db] stub Prisma client active (DATABASE_URL not set). All reads return empty results.

[90mstderr[2m | __tests__/settlement-line-integrity-lane.test.ts[2m > [22m[2mVOID half with the flag ON[2m > [22m[2mvoids a settled published pick whose graded line no book quoted
[22m[39m[line-integrity] VOID pick=pick-1 game=game-1 rca=LINE_NOT_QUOTED stored=-3.25 book=-3

[90mstderr[2m | __tests__/settlement-line-integrity-lane.test.ts[2m > [22m[2mVOID half with the flag ON[2m > [22m[2mnever attempts a second PickSettlementEvent — the pickId is @unique
[22m[39m[line-integrity] VOID pick=pick-1 game=game-1 rca=LINE_NOT_QUOTED stored=-3.25 book=-3

[90mstderr[2m | __tests__/settlement-line-integrity-lane.test.ts[2m > [22m[2mVOID half with the flag ON[2m > [22m[2mNEVER re-stamps settledAt and never rewrites the result in place
[22m[39m[line-integrity] VOID pick=pick-1 game=game-1 rca=LINE_NOT_QUOTED stored=-3.25 book=-3

[90mstderr[2m | __tests__/settlement-line-integrity-lane.test.ts[2m > [22m[2mVOID half with the flag ON[2m > [22m[2mcarries the grading line, the drifting line and the source ids as evidence
[22m[39m[line-integrity] VOID pick=pick-1 game=game-1 rca=LINE_NOT_QUOTED stored=-3.25 book=-3

[90mstderr[2m | __tests__/settlement-line-integrity-lane.test.ts[2m > [22m[2mVOID half with the flag ON[2m > [22m[2mjudges the LOCKED line, not the drifted one
[22m[39m[line-integrity] VOID pick=pick-1 game=game-1 rca=LINE_NOT_QUOTED stored=-3.5 book=-3

[90mstderr[2m | __tests__/settlement-line-integrity-lane.test.ts[2m > [22m[2mVOID half with the flag ON[2m > [22m[2ma SUPERSEDED quote cannot vouch for the line
[22m[39m[line-integrity] VOID pick=pick-1 game=game-1 rca=LINE_NOT_QUOTED stored=-3.25 book=-3.5

[90mstderr[2m | __tests__/settlement-line-integrity-lane.test.ts[2m > [22m[2mVOID half with the flag ON[2m > [22m[2ma non-book writer cannot vouch for the line
[22m[39m[line-integrity] VOID pick=pick-1 game=game-1 rca=LINE_NOT_QUOTED stored=-3.25 book=NONE

[90mstderr[2m | __tests__/settlement-line-integrity-lane.test.ts[2m > [22m[2mVOID half with the flag ON[2m > [22m[2mis idempotent: the second run selects nothing because the row is now VOID
[22m[39m[line-integrity] VOID pick=pick-1 game=game-1 rca=LINE_NOT_QUOTED stored=-3.25 book=-3

[90mstderr[2m | __tests__/settlement-line-integrity-lane.test.ts[2m > [22m[2mVOID half with the flag ON[2m > [22m[2ma sport-scoped cycle cannot act on another sport
[22m[39m[line-integrity] VOID pick=mlb game=game-1 rca=LINE_NOT_QUOTED stored=-3.25 book=-3

[90mstderr[2m | __tests__/settlement-line-integrity-lane.test.ts[2m > [22m[2mthe sweep cursor — capped cycles must make progress[2m > [22m[2mreaches a defect sitting behind a full page of valid picks
[22m[39m[line-integrity] VOID pick=c-defect game=game-1 rca=LINE_NOT_QUOTED stored=-3.25 book=-3

[90mstderr[2m | __tests__/settlement-line-integrity-lane.test.ts[2m > [22m[2mthe sweep cursor — capped cycles must make progress[2m > [22m[2mwraps once the sweep runs out, so later arrivals are not stranded
[22m[39m[line-integrity] VOID pick=c-defect game=game-1 rca=LINE_NOT_QUOTED stored=-3.25 book=-3

[90mstderr[2m | __tests__/settlement-line-integrity-lane.test.ts[2m > [22m[2mthe sweep cursor — capped cycles must make progress[2m > [22m[2mthe unpublish half keeps its own cursor, independent of the void half
[22m[39m[line-integrity] UNPUBLISH pick=p2 game=game-1 stored=-3.25 book=-3

[90mstderr[2m | __tests__/settlement-line-integrity-lane.test.ts[2m > [22m[2mUNPUBLISH half with the flag ON[2m > [22m[2munpublishes an unsettled published pick with the same defect
[22m[39m[line-integrity] UNPUBLISH pick=pick-1 game=game-1 stored=44.333333333333336 book=44.5

[90mstderr[2m | __tests__/settlement-line-integrity-lane.test.ts[2m > [22m[2mUNPUBLISH half with the flag ON[2m > [22m[2mis idempotent: the second run selects nothing because it is unpublished
[22m[39m[line-integrity] UNPUBLISH pick=pick-1 game=game-1 stored=44.333333333333336 book=44.5

[90mstderr[2m | __tests__/settlement-line-integrity-lane.test.ts[2m > [22m[2msettled vs pending judge DIFFERENT lines (Devin round 3)[2m > [22m[2mPENDING: an unplaceable DISPLAYED line is unpublished even when the lock was fine
[22m[39m[line-integrity] UNPUBLISH pick=pick-1 game=game-1 stored=-3.25 book=-3

[90mstderr[2m | __tests__/settlement-line-integrity-lane.test.ts[2m > [22m[2mlegacy settled rows with no publication lock (Devin round 3)[2m > [22m[2muses the immutable proof receipt when one exists, at ITS asOf
[22m[39m[line-integrity] VOID pick=pick-1 game=game-1 rca=LINE_NOT_QUOTED stored=-3.5 book=-3

[90mstderr[2m | __tests__/settlement-line-integrity-lane.test.ts[2m > [22m[2mpost-settlement work is REOPENED, not just enqueued (Devin rounds 3-4)[2m > [22m[2mresets SNAPSHOT_OUTCOME — and ONLY that — so the withdrawn outcome is recomputed
[22m[39m[line-integrity] VOID pick=pick-1 game=game-1 rca=LINE_NOT_QUOTED stored=-3.25 book=-3

[90mstderr[2m | __tests__/settlement-line-integrity-lane.test.ts[2m > [22m[2mthe sweep cursor is scoped per sport (Devin round 3)[2m > [22m[2ma sport-scoped run does not advance the unscoped cursor
[22m[39m[line-integrity] VOID pick=mlb game=game-1 rca=LINE_NOT_QUOTED stored=-3.25 book=-3

[90mstderr[2m | __tests__/settlement-line-integrity-lane.test.ts[2m > [22m[2ma line with no price is not a quote (Devin Review, #733)[2m > [22m[2man unpriced matching line does NOT exempt a settled pick from withdrawal
[22m[39m[line-integrity] VOID pick=pick-1 game=game-1 rca=LINE_NOT_QUOTED stored=-3.25 book=-7

[90mstderr[2m | __tests__/settlement-line-integrity-lane.test.ts[2m > [22m[2mthe cursor must never pass a row the deadline stopped (C-286)[2m > [22m[2mresumes at the FIRST untouched candidate, not past the whole page
[22m[39m[line-integrity] VOID pick=p0 game=game-1 rca=LINE_NOT_QUOTED stored=-3.25 book=-3

[90mstderr[2m | __tests__/settlement-line-integrity-lane.test.ts[2m > [22m[2mthe cursor must never pass a row the deadline stopped (C-286)[2m > [22m[2minspected counts what was HANDLED, and reconciles with DEADLINE_REACHED
[22m[39m[line-integrity] VOID pick=p0 game=game-1 rca=LINE_NOT_QUOTED stored=-3.25 book=-3

[90mstderr[2m | __tests__/settlement-line-integrity-lane.test.ts[2m > [22m[2mthe signal snapshot's outcome is withdrawn with the pick (C-286)[2m > [22m[2mwrites VOID and clears learning eligibility, atomically with the pick
[22m[39m[line-integrity] VOID pick=pick-1 game=game-1 rca=LINE_NOT_QUOTED stored=-3.25 book=-3

[90mstderr[2m | __tests__/settlement-line-integrity-lane.test.ts[2m > [22m[2mthe signal snapshot's outcome is withdrawn with the pick (C-286)[2m > [22m[2mstill enqueues SNAPSHOT_OUTCOME when the pick has no snapshot row to update
[22m[39m[line-integrity] VOID pick=pick-1 game=game-1 rca=LINE_NOT_QUOTED stored=-3.25 book=-3

[90mstderr[2m | __tests__/settlement-line-integrity-lane.test.ts[2m > [22m[2mthe PENDING half judges the CURRENT board, not book history (C-287)[2m > [22m[2man OLD matching quote does not save a pick the current board has left behind
[22m[39m[line-integrity] UNPUBLISH pick=pick-1 game=game-1 stored=-3.25 book=-3

 [32m✓[39m __tests__/settlement-line-integrity-lane.test.ts [2m([22m[2m72 tests[22m[2m)[22m[33m 938[2mms[22m[39m
 [32m✓[39m __tests__/jarvis-memory.test.ts [2m([22m[2m54 tests[22m[2m)[22m[33m 618[2mms[22m[39m
[90mstderr[2m | __tests__/journey-entitlement-grant.test.ts[2m > [22m[2mP9.5-05 — Entitlement grant correctness (journey)[2m > [22m[2man unknown price id on an active subscription retains the existing paid tier (no downgrade)
[22m[39m[stripe] unmapped priceId price_orphaned_founding on an active PAID subscription — retaining tier PRO instead of downgrading to FREE. Add this historical price id to the matching STRIPE_*_PRICE_ID (comma-separated) so grandfathered members keep access.

[90mstderr[2m | __tests__/journey-entitlement-grant.test.ts[2m > [22m[2mP9.5-05 — Entitlement grant correctness (journey)[2m > [22m[2ma webhook with a failing signature grants nothing (no DB writes)
[22m[39mStripe webhook signature verification failed: No signatures found matching the expected signature

[90mstderr[2m | __tests__/journey-entitlement-grant.test.ts[2m > [22m[2mP9.5-06 — Cancellation / dunning / refund[2m > [22m[2mREFUND GAP: charge.refunded is acknowledged but makes NO entitlement change (no handler exists)
[22m[39m[stripe] charge.refunded ch_123 [LOG-ONLY]: enforcement disabled (REFUND_REVOKES_ACCESS is not "true") — refunded=undefined, amount_refunded=999 of undefined, invoice (none). Mutating nothing, calling nothing.

 [32m✓[39m __tests__/journey-entitlement-grant.test.ts [2m([22m[2m12 tests[22m[2m)[22m[90m 48[2mms[22m[39m
 [2m[90m↓[39m[22m __tests__/ai-control-plane-event-ledger-pg.test.ts [2m([22m[2m14 tests[22m[2m | [22m[33m14 skipped[39m[2m)[22m
[90mstderr[2m | __tests__/settlement-zero-sit-lane.test.ts[2m > [22m[2mzero-sit lane: VOID half[2m > [22m[2mvoids a 25h NO_FINAL pick whose fixture is on the board with OVERDUE_NO_SCORE and an outbox event carrying the RCA code
[22m[39m[zero-sit] VOID pick=p-nofinal game=game-p-nofinal sport=baseball_mlb rca=OVERDUE_NO_SCORE: No final for "Fixture Away Birds" @ "Fixture Home Sox" on the free scoreboard 25h after kickoff; the free pass and the backfill lane both ran on this board.

[90mstderr[2m | __tests__/settlement-zero-sit-lane.test.ts[2m > [22m[2mzero-sit lane: VOID half[2m > [22m[2mvoids a SCORE_MISMATCH_CROSS_PATH aged from kickoff whatever game.updatedAt reads; under 24h past kickoff it skips as MISMATCH_UNDER_24H
[22m[39m[zero-sit] VOID pick=p-old-mismatch game=game-p-old-mismatch sport=baseball_mlb rca=SCORE_MISMATCH_CROSS_PATH: Game row carries FINAL 3-1 (row last written 2026-09-06T11:59:00.000Z); the free final reads 3-4; every grader refused to write, 30h after kickoff (floor 24h).

[90mstderr[2m | __tests__/settlement-zero-sit-lane.test.ts[2m > [22m[2mzero-sit lane: VOID half[2m > [22m[2mvoids a FIXTURE_NOT_FOUND pick on a POSTPONED row but leaves the row POSTPONED: the predicate names only SCHEDULED and LIVE, never POSTPONED, FINAL or CANCELED
[22m[39m[zero-sit] VOID pick=p-postponed game=game-p-postponed sport=baseball_mlb rca=FIXTURE_NOT_FOUND: The free ESPN scoreboard for 2026-09-05 (0 event(s)) lists no event pairing "Phantom Cardinals" with "Phantom Rebels"; neither team appears on that board.

[90mstderr[2m | __tests__/settlement-zero-sit-lane.test.ts[2m > [22m[2mzero-sit lane: VOID half[2m > [22m[2mtakes the PICK row before the GAME row, the lock order every settlement lane uses
[22m[39m[zero-sit] VOID pick=p-order game=game-p-order sport=baseball_mlb rca=FIXTURE_NOT_FOUND: The free ESPN scoreboard for 2026-09-05 (0 event(s)) lists no event pairing "Phantom Cardinals" with "Phantom Rebels"; neither team appears on that board.

[90mstderr[2m | __tests__/settlement-zero-sit-lane.test.ts[2m > [22m[2mzero-sit lane: VOID half[2m > [22m[2mvoids FIXTURE_NOT_FOUND only when the board fetch succeeded and lists neither team, and marks the game CANCELED
[22m[39m[zero-sit] VOID pick=p-phantom game=game-p-phantom sport=baseball_mlb rca=FIXTURE_NOT_FOUND: The free ESPN scoreboard for 2026-09-05 (1 event(s)) lists no event pairing "Phantom Cardinals" with "Phantom Rebels"; neither team appears on that board.

[90mstderr[2m | __tests__/settlement-zero-sit-lane.test.ts[2m > [22m[2mzero-sit lane: VOID half[2m > [22m[2mFIXTURE_NOT_FOUND when one team played another opponent: voided with per-team evidence, game row NOT canceled
[22m[39m[zero-sit] VOID pick=p-onesided game=game-p-onesided sport=baseball_mlb rca=FIXTURE_NOT_FOUND: The free ESPN scoreboard for 2026-09-05 (1 event(s)) lists no event pairing "Phantom Cardinals" with "Phantom Rebels"; "Phantom Rebels" appears against another opponent, so the game row is left as is.

[90mstderr[2m | __tests__/settlement-zero-sit-lane.test.ts[2m > [22m[2mzero-sit lane: VOID half[2m > [22m[2ma game row already FINAL that the free board cannot tie to the stored names is OVERDUE_NO_SCORE with the recorded final, never FIXTURE_NOT_FOUND
[22m[39m[zero-sit] VOID pick=p-cityfinal game=game-p-cityfinal sport=baseball_mlb rca=OVERDUE_NO_SCORE: Game row recorded FINAL 4-2 at 2026-09-05T08:00:00.000Z but the free scoreboard for 2026-09-05 lists no event pairing "Elsewhere Town" with "Nowhere City", so no grader could orient the stored names to a final.

[90mstderr[2m | __tests__/settlement-zero-sit-lane.test.ts[2m > [22m[2mzero-sit lane: VOID half[2m > [22m[2misolates a write failure to its pick (WRITE_FAILED) and keeps voiding the rest
[22m[39m[zero-sit] WRITE_FAILED pick=p-poison game=game-p-poison sport=baseball_mlb: fixture: unique collision on pickId
[zero-sit] VOID pick=p-healthy game=game-p-healthy sport=baseball_mlb rca=FIXTURE_NOT_FOUND: The free ESPN scoreboard for 2026-09-05 (0 event(s)) lists no event pairing "Phantom Lions" with "Phantom Bears"; neither team appears on that board.

[90mstderr[2m | __tests__/settlement-zero-sit-lane.test.ts[2m > [22m[2mzero-sit lane: VOID half[2m > [22m[2mbudgets scoreboard dates published rows first so an unpublished tail cannot starve the acceptance cohort
[22m[39m[zero-sit] VOID pick=p-published game=game-p-published sport=baseball_mlb rca=FIXTURE_NOT_FOUND: The free ESPN scoreboard for 2026-09-05 (0 event(s)) lists no event pairing "Phantom Lions" with "Phantom Bears"; neither team appears on that board.

[90mstderr[2m | __tests__/settlement-zero-sit-lane.test.ts[2m > [22m[2mzero-sit lane: VOID half[2m > [22m[2msecondary-source errors (unregistered sources refused by clearance) do not block the lane
[22m[39m[zero-sit] VOID pick=p-phantom game=game-p-phantom sport=baseball_mlb rca=FIXTURE_NOT_FOUND: The free ESPN scoreboard for 2026-09-05 (0 event(s)) lists no event pairing "Phantom Cardinals" with "Phantom Rebels"; neither team appears on that board.

[90mstderr[2m | __tests__/settlement-zero-sit-lane.test.ts[2m > [22m[2mzero-sit lane: VOID half[2m > [22m[2mvoids AMBIGUOUS_TEAM_NAME when the free matcher holds a city-only row that names two teams on the board
[22m[39m[zero-sit] VOID pick=p-city game=game-p-city sport=baseball_mlb rca=AMBIGUOUS_TEAM_NAME: The free matcher held "Tampa Bay" @ "New York" as AMBIGUOUS_MATCH on every cycle: a stored side names two or more teams on the fetched boards (city-only name).

[90mstderr[2m | __tests__/settlement-zero-sit-lane.test.ts[2m > [22m[2mzero-sit lane: VOID half[2m > [22m[2mhonours the ?sport= scope
[22m[39m[zero-sit] VOID pick=p-nfl game=game-p-nfl sport=americanfootball_nfl rca=FIXTURE_NOT_FOUND: The free ESPN scoreboard for 2026-09-05 (0 event(s)) lists no event pairing "Phantom Cardinals" with "Phantom Rebels"; neither team appears on that board.

[90mstderr[2m | __tests__/settlement-zero-sit-lane.test.ts[2m > [22m[2mzero-sit lane: VOID half[2m > [22m[2mstops before the next scoreboard fetch once the route deadline has passed and reports the remainder
[22m[39m[zero-sit] VOID pick=p-mlb game=game-p-mlb sport=baseball_mlb rca=FIXTURE_NOT_FOUND: The free ESPN scoreboard for 2026-09-05 (0 event(s)) lists no event pairing "Phantom Cardinals" with "Phantom Rebels"; neither team appears on that board.
[zero-sit] route deadline reached: 1 of 2 candidates not inspected this cycle; the lane is idempotent and the next cycle takes them.

[90mstderr[2m | __tests__/settlement-zero-sit-lane.test.ts[2m > [22m[2mzero-sit lane: VOID half[2m > [22m[2mstops before a candidate write once the deadline has passed; the row stays PENDING for the next cycle
[22m[39m[zero-sit] VOID pick=p-first game=game-p-first sport=baseball_mlb rca=FIXTURE_NOT_FOUND: The free ESPN scoreboard for 2026-09-05 (0 event(s)) lists no event pairing "Phantom Cardinals" with "Phantom Rebels"; neither team appears on that board.
[zero-sit] route deadline reached: 1 of 2 candidates not inspected this cycle; the lane is idempotent and the next cycle takes them.

[90mstderr[2m | __tests__/settlement-zero-sit-lane.test.ts[2m > [22m[2mzero-sit lane: VOID half[2m > [22m[2munder the deadline the lane behaves exactly as with no deadline: every candidate inspected, nothing remaining
[22m[39m[zero-sit] VOID pick=p-mlb game=game-p-mlb sport=baseball_mlb rca=FIXTURE_NOT_FOUND: The free ESPN scoreboard for 2026-09-05 (0 event(s)) lists no event pairing "Phantom Cardinals" with "Phantom Rebels"; neither team appears on that board.
[zero-sit] VOID pick=p-nfl game=game-p-nfl sport=americanfootball_nfl rca=FIXTURE_NOT_FOUND: The free ESPN scoreboard for 2026-09-05 (0 event(s)) lists no event pairing "Phantom Cardinals" with "Phantom Rebels"; neither team appears on that board.
[zero-sit] VOID pick=p-mlb game=game-p-mlb sport=baseball_mlb rca=FIXTURE_NOT_FOUND: The free ESPN scoreboard for 2026-09-05 (0 event(s)) lists no event pairing "Phantom Cardinals" with "Phantom Rebels"; neither team appears on that board.
[zero-sit] VOID pick=p-nfl game=game-p-nfl sport=americanfootball_nfl rca=FIXTURE_NOT_FOUND: The free ESPN scoreboard for 2026-09-05 (0 event(s)) lists no event pairing "Phantom Cardinals" with "Phantom Rebels"; neither team appears on that board.

[90mstderr[2m | __tests__/settlement-zero-sit-lane.test.ts[2m > [22m[2mzero-sit lane: VOID half[2m > [22m[2mrunZeroSitLane passes the route deadline to the void half
[22m[39m[zero-sit] route deadline reached: 1 of 1 candidates not inspected this cycle; the lane is idempotent and the next cycle takes them.

[90mstderr[2m | __tests__/settlement-zero-sit-lane.test.ts[2m > [22m[2mzero-sit lane: STALE half[2m > [22m[2mrunZeroSitLane runs both halves under one clock and scope
[22m[39m[zero-sit] VOID pick=p-phantom game=game-p-phantom sport=baseball_mlb rca=FIXTURE_NOT_FOUND: The free ESPN scoreboard for 2026-09-05 (0 event(s)) lists no event pairing "Phantom Cardinals" with "Phantom Rebels"; neither team appears on that board.

 [32m✓[39m __tests__/settlement-zero-sit-lane.test.ts [2m([22m[2m39 tests[22m[2m)[22m[33m 942[2mms[22m[39m
[90mstderr[2m | lib/data-sources/settle-backfill.test.ts[2m > [22m[2mbackfillStaleSettlement[2m > [22m[2mrolls the whole settlement back when the game already carries a different FINAL, rather than grading the pick against a score its own game row contradicts
[22m[39m[settle-backfill] SCORE_MISMATCH game=game-1 existing=24-17 incoming=17-16; rolling back, the pick stays PENDING.

 [32m✓[39m lib/data-sources/settle-backfill.test.ts [2m([22m[2m23 tests[22m[2m)[22m[33m 1265[2mms[22m[39m
   [33m[2m✓[22m[39m backfillStaleSettlement[2m > [22mreports capReached=false on an exactly-cap backlog and grades all of it [33m520[2mms[22m[39m
 [32m✓[39m __tests__/ai-control-plane-kernel-pg.test.ts [2m([22m[2m24 tests[22m[2m | [22m[33m4 skipped[39m[2m)[22m[90m 18[2mms[22m[39m
[90mstderr[2m | __tests__/free-settlement-race.test.ts
[22m[39m[@sports/db] stub Prisma client active (DATABASE_URL not set). All reads return empty results.

[90mstderr[2m | __tests__/gse-waitlist.test.ts
[22m[39m[@sports/db] stub Prisma client active (DATABASE_URL not set). All reads return empty results.

 [32m✓[39m lib/auth.test.ts [2m([22m[2m34 tests[22m[2m)[22m[90m 26[2mms[22m[39m
 [32m✓[39m __tests__/jarvis.test.ts [2m([22m[2m33 tests[22m[2m)[22m[90m 122[2mms[22m[39m
 [32m✓[39m __tests__/anonymous-report-route.test.ts [2m([22m[2m27 tests[22m[2m)[22m[90m 134[2mms[22m[39m
[90mstderr[2m | __tests__/honest-degraded-states.test.ts
[22m[39m[@sports/db] stub Prisma client active (DATABASE_URL not set). All reads return empty results.

 [32m✓[39m lib/tools/betting-math.test.ts [2m([22m[2m63 tests[22m[2m)[22m[90m 59[2mms[22m[39m
 [32m✓[39m __tests__/refresh-player-stats-route.test.ts [2m([22m[2m21 tests[22m[2m)[22m[33m 719[2mms[22m[39m
 [32m✓[39m __tests__/nova-credit-state-machines.test.ts [2m([22m[2m35 tests[22m[2m)[22m[90m 21[2mms[22m[39m
 [32m✓[39m __tests__/trust-claims.test.ts [2m([22m[2m36 tests[22m[2m)[22m[90m 34[2mms[22m[39m
 [32m✓[39m __tests__/ops-durable-read-latch.test.ts [2m([22m[2m17 tests[22m[2m)[22m[33m 5782[2mms[22m[39m
   [33m[2m✓[22m[39m durable ranking-pause read: failure is not an absence[2m > [22mrecovers once the backoff has elapsed and the database answers [33m5556[2mms[22m[39m
 [32m✓[39m __tests__/free-settlement-race.test.ts [2m([22m[2m18 tests[22m[2m)[22m[33m 311[2mms[22m[39m
[90mstderr[2m | __tests__/ai-control-plane-cost-mode.test.ts[2m > [22m[2mexecuteAiTask — sealed production entry point fails closed pre-transport[2m > [22m[2ma fully valid request still fails closed before any provider call
[22m[39m[@sports/db] stub Prisma client active (DATABASE_URL not set). All reads return empty results.

 [32m✓[39m __tests__/ai-control-plane-cost-mode.test.ts [2m([22m[2m66 tests[22m[2m)[22m[90m 216[2mms[22m[39m
 [32m✓[39m __tests__/gse-waitlist.test.ts [2m([22m[2m49 tests[22m[2m)[22m[33m 6281[2mms[22m[39m
   [33m[2m✓[22m[39m waitlist form renders (DOM)[2m > [22mrenders the consent gate, email field, and submit button [33m1580[2mms[22m[39m
   [33m[2m✓[22m[39m waitlist page — render-level no-claim + backtest truth (C18)[2m > [22mrenders the honest backtest truth in the DOM [33m1654[2mms[22m[39m
   [33m[2m✓[22m[39m waitlist page — render-level no-claim + backtest truth (C18)[2m > [22mthe fully assembled page text is no-claim (scanner + perf check) [33m480[2mms[22m[39m
   [33m[2m✓[22m[39m store concurrency (per-file write lock)[2m > [22mdoes not lose leads under concurrent record() calls [33m465[2mms[22m[39m
 [32m✓[39m __tests__/moderation-actions.test.ts [2m([22m[2m24 tests[22m[2m)[22m[90m 24[2mms[22m[39m
 [32m✓[39m __tests__/board-passes-published-suppression.test.ts [2m([22m[2m15 tests[22m[2m)[22m[90m 83[2mms[22m[39m
 [32m✓[39m __tests__/identical-row-bakeoff.test.ts [2m([22m[2m16 tests[22m[2m)[22m[33m 320[2mms[22m[39m
 [32m✓[39m __tests__/jarvis-memory-stages.test.ts [2m([22m[2m52 tests[22m[2m)[22m[33m 16124[2mms[22m[39m
   [33m[2m✓[22m[39m askJarvisWithMemory — pure logic[2m > [22mreturns a JarvisAnswer with the correct intent when called [33m15588[2mms[22m[39m
 [32m✓[39m __tests__/ops-public-surface-truth-rate-limit.test.ts [2m([22m[2m11 tests[22m[2m)[22m[33m 15233[2mms[22m[39m
   [33m[2m✓[22m[39m /api/ops/public-surface-truth — P13-03 rate limiting + Stripe gating[2m > [22mallows requests within the 60/min quota [33m4617[2mms[22m[39m
   [33m[2m✓[22m[39m /api/ops/public-surface-truth — P13-03 rate limiting + Stripe gating[2m > [22mreturns 429 with Retry-After when an anonymous IP exceeds 60 req/min [33m1809[2mms[22m[39m
   [33m[2m✓[22m[39m /api/ops/public-surface-truth — P13-03 rate limiting + Stripe gating[2m > [22mdoes NOT call loadStripeWebhookHostsPosture for anonymous (non-authenticated) requests [33m518[2mms[22m[39m
   [33m[2m✓[22m[39m /api/ops/public-surface-truth — P13-03 rate limiting + Stripe gating[2m > [22mexcludes stripeWebhookHosts from the public response body [33m955[2mms[22m[39m
   [33m[2m✓[22m[39m /api/ops/public-surface-truth — P13-03 rate limiting + Stripe gating[2m > [22mreports the Stripe posture to an operator, with NOT_READABLE where the server cannot know [33m640[2mms[22m[39m
   [33m[2m✓[22m[39m /api/ops/public-surface-truth — P13-03 rate limiting + Stripe gating[2m > [22mreports termsConsentEnabled false when the variable is unset — never assumed on [33m811[2mms[22m[39m
   [33m[2m✓[22m[39m /api/ops/public-surface-truth — P13-03 rate limiting + Stripe gating[2m > [22mcarries the C-109 credits block, all null before the first observation (paceOk is null, not a claim) [33m1465[2mms[22m[39m
   [33m[2m✓[22m[39m /api/ops/public-surface-truth — P13-03 rate limiting + Stripe gating[2m > [22mechoes the latest ledger observation in the C-109 credits block (remaining, used, observedAt; dailyBudget 600) [33m998[2mms[22m[39m
   [33m[2m✓[22m[39m /api/ops/public-surface-truth — P13-03 rate limiting + Stripe gating[2m > [22moperator (authenticated) requests are NOT rate-limited and DO call loadStripeWebhookHostsPosture [33m1460[2mms[22m[39m
   [33m[2m✓[22m[39m /api/ops/public-surface-truth — P13-03 rate limiting + Stripe gating[2m > [22mdoes NOT run surveyLineIntegrity for an anonymous request [33m561[2mms[22m[39m
   [33m[2m✓[22m[39m /api/ops/public-surface-truth — P13-03 rate limiting + Stripe gating[2m > [22mDOES run it for an operator request, and returns what it measured [33m1377[2mms[22m[39m
 [32m✓[39m __tests__/nova-credit-grant-snapshot.test.ts [2m([22m[2m34 tests[22m[2m)[22m[90m 17[2mms[22m[39m
 [32m✓[39m __tests__/deploy-readiness-stripe-prices.test.ts [2m([22m[2m27 tests[22m[2m)[22m[90m 26[2mms[22m[39m
[90mstderr[2m | __tests__/honest-degraded-states.test.ts[2m > [22m[2m/board — honest suppression banner replaces the dead sample-data banner[2m > [22m[2mstale-suppressed board shows the honest 'Board paused' banner, not sample-data copy
[22m[39m[entitlements] FAIL-CLOSED at auth:session-store — serving the fail-closed fallback (anonymous / FREE) because entitlements could not be resolved for user <unauthenticated>: Error: `headers` was called outside a request scope. Read more: <redacted-url>. A paying member may be seeing the free surface; this is infrastructure, not policy.

[90mstderr[2m | __tests__/moderation-tooling.test.ts[2m > [22m[2mcockpit moderation page (source pin)[2m > [22m[2mpage file exists at the correct route path
[22m[39m[@sports/db] stub Prisma client active (DATABASE_URL not set). All reads return empty results.

 [32m✓[39m __tests__/moderation-tooling.test.ts [2m([22m[2m54 tests[22m[2m)[22m[33m 943[2mms[22m[39m
   [33m[2m✓[22m[39m cockpit moderation page (source pin)[2m > [22mpage file exists at the correct route path [33m890[2mms[22m[39m
[90mstderr[2m | __tests__/game-merge-plan.test.ts
[22m[39m[@sports/db] stub Prisma client active (DATABASE_URL not set). All reads return empty results.

 [32m✓[39m __tests__/honest-degraded-states.test.ts [2m([22m[2m12 tests[22m[2m)[22m[33m 1337[2mms[22m[39m
   [33m[2m✓[22m[39m /proof — outage suppresses the freshness stamp; no synthesized generatedAt[2m > [22mREAL loader outage: internal DB failure → ledgerUnreachable → page renders the unreachable card, no stamp [33m693[2mms[22m[39m
 [32m✓[39m lib/conviction/gate-contract.test.ts [2m([22m[2m25 tests[22m[2m)[22m[90m 65[2mms[22m[39m
[90mstderr[2m | __tests__/settle-picks-free-first.test.ts[2m > [22m[2mGET /api/cron/settle-picks — free-first law[2m > [22m[2ma zero-sit lane failure is reported on the response and captured, and never fails the cycle
[22m[39m[cron:settle-picks] zero-sit lane failed: zero-sit exploded

 [32m✓[39m __tests__/settle-picks-free-first.test.ts [2m([22m[2m16 tests[22m[2m)[22m[33m 11325[2mms[22m[39m
   [33m[2m✓[22m[39m GET /api/cron/settle-picks — free-first law[2m > [22mwith a key present: free pass runs before any paid call, then the paid supplement grades the rest [33m1806[2mms[22m[39m
   [33m[2m✓[22m[39m GET /api/cron/settle-picks — free-first law[2m > [22ma dead key never makes the cycle red: free pass ok, supplement failure reported and captured [33m1934[2mms[22m[39m
   [33m[2m✓[22m[39m GET /api/cron/settle-picks — free-first law[2m > [22ma paid pass that throws still leaves the free result intact [33m1806[2mms[22m[39m
   [33m[2m✓[22m[39m GET /api/cron/settle-picks — free-first law[2m > [22m?sport= narrows all three lanes (free, paid, stale backfill) and rejects unsupported sports before any grading [33m900[2mms[22m[39m
   [33m[2m✓[22m[39m GET /api/cron/settle-picks — free-first law[2m > [22mthe cycle is red only when the free pass itself fails [33m1813[2mms[22m[39m
   [33m[2m✓[22m[39m GET /api/cron/settle-picks — free-first law[2m > [22mthe zero-sit lane runs after every grader (free, paid, backfill) and carries the ?sport= scope [33m2673[2mms[22m[39m
 [2m[90m↓[39m[22m __tests__/ai-control-plane-formal-incident-pg.test.ts [2m([22m[2m6 tests[22m[2m | [22m[33m6 skipped[39m[2m)[22m
[90mstderr[2m | __tests__/checkout-attempt-repair.test.ts[2m > [22m[2mrepairUnresolvedCheckoutAttempts[2m > [22m[2mFAILS CLOSED on a lookup error: attempt left untouched for the next pass
[22m[39m[checkout-repair] attempt ca_11111111-2222-4333-8444-555566667777 left unresolved (will retry next pass): stripe down
[checkout-repair] 0 unresolved / 1 errored attempt(s) after this pass (owner queue updated)

[90mstderr[2m | __tests__/checkout-attempt-repair.test.ts[2m > [22m[2mrepairUnresolvedCheckoutAttempts[2m > [22m[2mno customer id: EXPIRED only past expiresAt + a FULL session lifetime (time is proof only then)
[22m[39m[checkout-repair] 2 unresolved / 0 errored attempt(s) after this pass (owner queue updated)

[90mstderr[2m | __tests__/checkout-attempt-repair.test.ts[2m > [22m[2mrepairUnresolvedCheckoutAttempts[2m > [22m[2msurfaces unresolved attempts to the DURABLE owner queue (directive 5.3)
[22m[39m[checkout-repair] attempt ca_44444444-5555-4666-8777-888899990000 left unresolved (will retry next pass): stripe down
[checkout-repair] 1 unresolved / 1 errored attempt(s) after this pass (owner queue updated)

[90mstderr[2m | __tests__/checkout-attempt-repair.test.ts[2m > [22m[2mrepairUnresolvedCheckoutAttempts[2m > [22m[2man owner-queue write failure never aborts or masks the pass
[22m[39m[checkout-repair] owner-queue write failed for attempt ca_11111111-2222-4333-8444-555566667777: queue down
[checkout-repair] 1 unresolved / 0 errored attempt(s) after this pass (owner queue updated)

 [32m✓[39m __tests__/checkout-attempt-repair.test.ts [2m([22m[2m14 tests[22m[2m)[22m[90m 19[2mms[22m[39m
[90mstderr[2m | __tests__/ask-jarvis.test.ts
[22m[39m[@sports/db] stub Prisma client active (DATABASE_URL not set). All reads return empty results.

[90mstderr[2m | __tests__/paid-odds-governor.test.ts[2m > [22m[2mbuildPaidOddsGovernor[2m > [22m[2mdoes not skip when the scoreboard check failed (null) and credits pace ok
[22m[39m[credit-ledger] ledger client has no $transaction/$executeRaw: hourly slot reservations are read-then-write (non-atomic) in this process

 [32m✓[39m __tests__/paid-odds-governor.test.ts [2m([22m[2m25 tests[22m[2m)[22m[90m 36[2mms[22m[39m
 [32m✓[39m __tests__/content-engine.test.ts [2m([22m[2m30 tests[22m[2m)[22m[90m 293[2mms[22m[39m
 [32m✓[39m __tests__/settlement-contradiction.test.ts [2m([22m[2m27 tests[22m[2m)[22m[90m 10[2mms[22m[39m
[90mstderr[2m | __tests__/preview-page-paywall.test.tsx[2m > [22m[2m/preview/[sport]/[slug] — server-side paywall (line movement + confidence)[2m > [22m[2mfails CLOSED: entitlement lookup failure renders as FREE, never as paid
[22m[39m[entitlements] FAIL-CLOSED at tier-access:entitlements — serving the fail-closed fallback (anonymous / FREE) because entitlements could not be resolved for user user-broken: Error: db down. A paying member may be seeing the free surface; this is infrastructure, not policy.

 [32m✓[39m __tests__/preview-page-paywall.test.tsx [2m([22m[2m11 tests[22m[2m)[22m[33m 2373[2mms[22m[39m
   [33m[2m✓[22m[39m /preview/[sport]/[slug] — server-side paywall (line movement + confidence)[2m > [22mANONYMOUS: premium pick is NOT dropped — locked hint renders instead of false absence [33m1700[2mms[22m[39m
 [32m✓[39m __tests__/formal-receipt-cron.test.ts [2m([22m[2m9 tests[22m[2m | [22m[33m4 skipped[39m[2m)[22m[90m 168[2mms[22m[39m
 [32m✓[39m __tests__/game-merge-plan.test.ts [2m([22m[2m17 tests[22m[2m)[22m[90m 231[2mms[22m[39m
 [32m✓[39m __tests__/board-gate-consumer.test.ts [2m([22m[2m20 tests[22m[2m)[22m[33m 1937[2mms[22m[39m
   [33m[2m✓[22m[39m board gate consumer — width veto surfaces as its own reason[2m > [22ma veto in one stratum does not relabel refusals in another [33m695[2mms[22m[39m
   [33m[2m✓[22m[39m board gate consumer — width veto surfaces as its own reason[2m > [22mwithout a width cap, no outcome is ever attributed to width [33m353[2mms[22m[39m
 [32m✓[39m __tests__/affiliate-ledger.test.ts [2m([22m[2m29 tests[22m[2m)[22m[90m 23[2mms[22m[39m
 [32m✓[39m __tests__/nflverse-readiness.test.ts [2m([22m[2m11 tests[22m[2m)[22m[90m 32[2mms[22m[39m
 [32m✓[39m __tests__/paid-odds-callers-governed.test.ts [2m([22m[2m17 tests[22m[2m)[22m[90m 13[2mms[22m[39m
 [32m✓[39m __tests__/calibration.test.ts [2m([22m[2m17 tests[22m[2m)[22m[90m 233[2mms[22m[39m
 [32m✓[39m __tests__/ingest-player-stats-cron-route.test.ts [2m([22m[2m16 tests[22m[2m)[22m[90m 33[2mms[22m[39m
 [32m✓[39m __tests__/ops-adjudicate-stale-picks.test.ts [2m([22m[2m23 tests[22m[2m)[22m[90m 17[2mms[22m[39m
 [32m✓[39m __tests__/find-live-stripe-subscription.test.ts [2m([22m[2m24 tests[22m[2m)[22m[90m 18[2mms[22m[39m
 [32m✓[39m __tests__/board-gate-page.test.tsx [2m([22m[2m22 tests[22m[2m)[22m[33m 3407[2mms[22m[39m
   [33m[2m✓[22m[39m /board/gate — illustrative mode (the default)[2m > [22mrenders without a live database dependency [33m691[2mms[22m[39m
   [33m[2m✓[22m[39m /board/gate — illustrative mode (the default)[2m > [22mshows all three kinds of 'no' as distinct, named states [33m418[2mms[22m[39m
   [33m[2m✓[22m[39m /board/gate — illustrative mode (the default)[2m > [22msurfaces the gate's own reason vocabulary, not page-authored copy [33m304[2mms[22m[39m
   [33m[2m✓[22m[39m /board/gate — illustrative mode (the default)[2m > [22mis deterministic — two renders produce identical decisions [33m427[2mms[22m[39m
 [32m✓[39m __tests__/ops-durable-write-outcomes.test.ts [2m([22m[2m16 tests[22m[2m)[22m[90m 39[2mms[22m[39m
 [32m✓[39m __tests__/market-implied-display.test.ts [2m([22m[2m17 tests[22m[2m)[22m[33m 21137[2mms[22m[39m
   [33m[2m✓[22m[39m /api/picks payload: market-implied win probability reaches every tier[2m > [22mFREE (anonymous) branch RECEIVES the probability but still buys nothing of ours [33m18014[2mms[22m[39m
   [33m[2m✓[22m[39m /api/picks payload: market-implied win probability reaches every tier[2m > [22mnever emits the reserved independent_estimate basis [33m610[2mms[22m[39m
   [33m[2m✓[22m[39m /api/picks payload: market-implied win probability reaches every tier[2m > [22mPRO branch carries the receipt's probability and the bookmaker count [33m488[2mms[22m[39m
   [33m[2m✓[22m[39m /api/picks payload: market-implied win probability reaches every tier[2m > [22mPRO branch omits the percentage when no snapshot count exists (never falls back to the live column) [33m424[2mms[22m[39m
   [33m[2m✓[22m[39m /api/picks payload: market-implied win probability reaches every tier[2m > [22mhasBookPrice follows the mint-time snapshot count through a transient feed gap on the live column [33m1059[2mms[22m[39m
   [33m[2m✓[22m[39m /api/picks payload: market-implied win probability reaches every tier[2m > [22mstrips the signal-slate marker from the rendered selection for every viewer [33m347[2mms[22m[39m
[90mstderr[2m | __tests__/line-integrity-void-clv-exclusion.test.ts
[22m[39m[@sports/db] stub Prisma client active (DATABASE_URL not set). All reads return empty results.

 [32m✓[39m __tests__/ece-debiased.test.ts [2m([22m[2m22 tests[22m[2m)[22m[33m 7887[2mms[22m[39m
   [33m[2m✓[22m[39m debiasedExpectedCalibrationError (C-290 / C-292)[2m > [22ma perfectly calibrated forecaster at n 487: raw sits at the noise floor, debiased well under the 0.05 floor [33m4172[2mms[22m[39m
   [33m[2m✓[22m[39m debiasedExpectedCalibrationError (C-290 / C-292)[2m > [22ma perfectly calibrated forecaster at the n floor of 100 clears 0.05 debiased, and cannot raw [33m1059[2mms[22m[39m
   [33m[2m✓[22m[39m debiasedExpectedCalibrationError (C-290 / C-292)[2m > [22mC-292 regression: a true 10-point gap at n 274 still reads as a 10-point gap, where raw minus noise would read about 4 [33m1868[2mms[22m[39m
[90mstderr[2m | __tests__/jarvis-agent-council.test.ts
[22m[39m[@sports/db] stub Prisma client active (DATABASE_URL not set). All reads return empty results.

 [32m✓[39m __tests__/jarvis-agent-council.test.ts [2m([22m[2m30 tests[22m[2m)[22m[90m 28[2mms[22m[39m
[90mstderr[2m | lib/intelligence/opportunity-transfer.test.ts
[22m[39m[@sports/db] stub Prisma client active (DATABASE_URL not set). All reads return empty results.

 [32m✓[39m lib/intelligence/opportunity-transfer.test.ts [2m([22m[2m13 tests[22m[2m)[22m[90m 187[2mms[22m[39m
 [32m✓[39m __tests__/ask-jarvis.test.ts [2m([22m[2m23 tests[22m[2m)[22m[90m 174[2mms[22m[39m
[90mstderr[2m | __tests__/line-integrity-void-clv-exclusion.test.ts[2m > [22m[2mdrainPendingClvGrades never grades a withdrawn pick[2m > [22m[2mdoes NOT count a retirement the database refused
[22m[39m[free-path-clv] CLV_GRADE for withdrawn pick=voided was NOT retired; it stays PENDING and will be reselected next cycle

[90mstderr[2m | __tests__/line-integrity-void-clv-exclusion.test.ts[2m > [22m[2mdrainPendingClvGrades never grades a withdrawn pick[2m > [22m[2mdoes NOT count one whose update threw, and keeps draining
[22m[39m[post-settlement-work] could not cancel CLV_GRADE/a-void: connection reset
[free-path-clv] CLV_GRADE for withdrawn pick=a-void was NOT retired; it stays PENDING and will be reselected next cycle

[90mstderr[2m | __tests__/line-integrity-void-clv-exclusion.test.ts[2m > [22m[2mthe void lane does not reopen CLV grading[2m > [22m[2mtouches SNAPSHOT_OUTCOME and never CLV_GRADE
[22m[39m[line-integrity] VOID pick=pick-1 game=game-1 rca=LINE_NOT_QUOTED stored=-3.25 book=-3

 [32m✓[39m __tests__/line-integrity-void-clv-exclusion.test.ts [2m([22m[2m11 tests[22m[2m)[22m[90m 92[2mms[22m[39m
 [32m✓[39m lib/pre-mortem/compose.test.ts [2m([22m[2m16 tests[22m[2m)[22m[90m 15[2mms[22m[39m
 [32m✓[39m lib/conviction/signals/market-movement.test.ts [2m([22m[2m26 tests[22m[2m)[22m[33m 355[2mms[22m[39m
 [32m✓[39m __tests__/nova-capability-governance.test.ts [2m([22m[2m16 tests[22m[2m)[22m[90m 101[2mms[22m[39m
 [32m✓[39m __tests__/accountability-distress.test.ts [2m([22m[2m51 tests[22m[2m)[22m[90m 225[2mms[22m[39m
[90mstderr[2m | __tests__/github-workflow-contract.test.ts
[22m[39m[@sports/db] stub Prisma client active (DATABASE_URL not set). All reads return empty results.

 [32m✓[39m __tests__/github-workflow-contract.test.ts [2m([22m[2m9 tests[22m[2m)[22m[90m 140[2mms[22m[39m
 [32m✓[39m __tests__/airwave-show-block-import.test.ts [2m([22m[2m30 tests[22m[2m)[22m[90m 22[2mms[22m[39m
 [32m✓[39m __tests__/jarvis-memory-write-gate.test.ts [2m([22m[2m19 tests[22m[2m)[22m[90m 25[2mms[22m[39m
 [32m✓[39m __tests__/corrupted-pick-selection.test.ts [2m([22m[2m26 tests[22m[2m)[22m[90m 17[2mms[22m[39m
 [32m✓[39m __tests__/owner-summary.test.ts [2m([22m[2m21 tests[22m[2m)[22m[33m 337[2mms[22m[39m
[90mstderr[2m | __tests__/market-coverage.test.ts
[22m[39m[@sports/db] stub Prisma client active (DATABASE_URL not set). All reads return empty results.

 [32m✓[39m __tests__/free-adapters.test.ts [2m([22m[2m18 tests[22m[2m)[22m[90m 24[2mms[22m[39m
[90mstderr[2m | __tests__/proof-of-record-surface.test.ts[2m > [22m[2mloadProofOfRecord loader honesty[2m > [22m[2mexports a loadProofOfRecord function
[22m[39m[@sports/db] stub Prisma client active (DATABASE_URL not set). All reads return empty results.

 [32m✓[39m lib/truthmetrics/__tests__/consensus-clock.test.ts [2m([22m[2m12 tests[22m[2m)[22m[90m 37[2mms[22m[39m
 [32m✓[39m __tests__/nova-opportunity-engine.test.ts [2m([22m[2m11 tests[22m[2m)[22m[90m 29[2mms[22m[39m
 [32m✓[39m __tests__/board-stale-kill-switch.test.ts [2m([22m[2m10 tests[22m[2m)[22m[33m 488[2mms[22m[39m
 [32m✓[39m __tests__/agent-ledger.test.ts [2m([22m[2m36 tests[22m[2m)[22m[33m 30541[2mms[22m[39m
   [33m[2m✓[22m[39m agent ledger — the real file[2m > [22mis valid [33m29037[2mms[22m[39m
   [33m[2m✓[22m[39m agent ledger — shallow clones fetch by SHA instead of shrugging[2m > [22mFAILS a fabricated SHA in a shallow clone when origin cannot serve it [33m716[2mms[22m[39m
   [33m[2m✓[22m[39m agent ledger — shallow clones fetch by SHA instead of shrugging[2m > [22ma successful fetch alone is not enough — the retry must resolve too [33m645[2mms[22m[39m
 [32m✓[39m __tests__/settlement-rca-stp.test.ts [2m([22m[2m17 tests[22m[2m)[22m[90m 14[2mms[22m[39m
 [32m✓[39m __tests__/get-slate-twin-paywall.test.ts [2m([22m[2m7 tests[22m[2m)[22m[90m 12[2mms[22m[39m
 [32m✓[39m __tests__/free-settlement-generic-tokens.test.ts [2m([22m[2m11 tests[22m[2m)[22m[33m 556[2mms[22m[39m
   [33m[2m✓[22m[39m the 2026-08-29 MLS board grades 13/13 with zero holds[2m > [22msettles every pick against exactly its own final [33m322[2mms[22m[39m
 [32m✓[39m __tests__/picks-paywall-copy-truth.test.ts [2m([22m[2m21 tests[22m[2m)[22m[90m 12[2mms[22m[39m
 [32m✓[39m __tests__/ai-control-plane-srqc-projection.test.ts [2m([22m[2m20 tests[22m[2m)[22m[90m 12[2mms[22m[39m
 [32m✓[39m __tests__/public-roi-policy.test.ts [2m([22m[2m19 tests[22m[2m)[22m[33m 22868[2mms[22m[39m
   [33m[2m✓[22m[39m evaluatePublicRoiPolicy[2m > [22mgates when the performance flag is off [33m759[2mms[22m[39m
   [33m[2m✓[22m[39m evaluatePublicRoiPolicy[2m > [22mclaims profit only when BOTH methods' lower bounds clear break-even (strong record) [33m2392[2mms[22m[39m
   [33m[2m✓[22m[39m evaluatePublicRoiPolicy[2m > [22msurfaces the studentized cross-check band alongside the BCa band [33m590[2mms[22m[39m
   [33m[2m✓[22m[39m evaluatePublicRoiPolicy[2m > [22mis HONEST under corroboration: BCa-only optimism does not by itself claim profit [33m531[2mms[22m[39m
   [33m[2m✓[22m[39m evaluatePublicRoiPolicy[2m > [22mgates the studentized band too (null when not allowed) [33m396[2mms[22m[39m
   [33m[2m✓[22m[39m evaluatePublicRoiPolicy[2m > [22mis deterministic: same returns -> identical published bands (both methods) [33m597[2mms[22m[39m
   [33m[2m✓[22m[39m evaluatePublicRoiPolicy[2m > [22mFREEZE the subset property: clearsProfit implies the BCa-only gate would also have claimed [33m5135[2mms[22m[39m
   [33m[2m✓[22m[39m evaluatePublicRoiPolicy[2m > [22mWORST-CASE tier (empirical-Bernstein): additive, strictly stricter, fires only on strong records [33m5342[2mms[22m[39m
   [33m[2m✓[22m[39m evaluatePublicRoiPolicy[2m > [22mK11 ANYTIME tier: additive evidence beside the bands, never part of the gate [33m4416[2mms[22m[39m
   [33m[2m✓[22m[39m evaluatePublicRoiPolicy[2m > [22mgate/display consistency: a profit claim never displays a '+0.00' lower bound [33m2165[2mms[22m[39m
[90mstderr[2m | lib/projections/weekly-model-loader.test.ts
[22m[39m[@sports/db] stub Prisma client active (DATABASE_URL not set). All reads return empty results.

 [32m✓[39m lib/fantasy/exposure-control.test.ts [2m([22m[2m26 tests[22m[2m)[22m[90m 31[2mms[22m[39m
 [32m✓[39m __tests__/market-coverage.test.ts [2m([22m[2m12 tests[22m[2m)[22m[33m 308[2mms[22m[39m
 [32m✓[39m __tests__/health-route.test.ts [2m([22m[2m17 tests[22m[2m)[22m[33m 21653[2mms[22m[39m
   [33m[2m✓[22m[39m /api/health — freshness threshold (executed)[2m > [22mreports error/503 when the last SUCCESS run is older than the stale threshold [33m21395[2mms[22m[39m
 [32m✓[39m lib/watchlist/alert-dispatch.test.ts [2m([22m[2m15 tests[22m[2m)[22m[90m 26[2mms[22m[39m
 [32m✓[39m __tests__/proof-of-record-surface.test.ts [2m([22m[2m33 tests[22m[2m)[22m[33m 6713[2mms[22m[39m
   [33m[2m✓[22m[39m loadProofOfRecord loader honesty[2m > [22mexports a loadProofOfRecord function [33m6580[2mms[22m[39m
 [32m✓[39m __tests__/nova-founder-work-seed.test.ts [2m([22m[2m16 tests[22m[2m)[22m[90m 72[2mms[22m[39m
 [32m✓[39m lib/projections/weekly-model-loader.test.ts [2m([22m[2m11 tests[22m[2m)[22m[90m 111[2mms[22m[39m
 [32m✓[39m lib/conviction/signals/rest-travel.test.ts [2m([22m[2m21 tests[22m[2m)[22m[90m 56[2mms[22m[39m
 [32m✓[39m __tests__/calibration-eligibility.test.ts [2m([22m[2m23 tests[22m[2m)[22m[90m 57[2mms[22m[39m
 [32m✓[39m __tests__/synthetic-monitoring-dashboard.test.ts [2m([22m[2m10 tests[22m[2m)[22m[90m 82[2mms[22m[39m
 [2m[90m↓[39m[22m __tests__/ai-control-plane-budget-alpha-witness-pg.test.ts [2m([22m[2m3 tests[22m[2m | [22m[33m3 skipped[39m[2m)[22m
 [32m✓[39m __tests__/reconstruction-improvements.test.ts [2m([22m[2m17 tests[22m[2m)[22m[33m 342[2mms[22m[39m
 [31m❯[39m __tests__/entitlement-fail-closed-audible.test.ts [2m([22m[2m16 tests[22m[2m | [22m[31m4 failed[39m[2m)[22m[33m 799[2mms[22m[39m
[31m   [31m×[31m getViewerEntitlements (page gate)[2m > [22mlogs when auth() throws and the viewer is downgraded to anonymous FREE[90m 211[2mms[22m[31m[39m
[31m     → [vitest] No "isAdminEmail" export is defined on the "@/lib/auth" mock. Did you forget to return it from "vi.mock"?
If you need to partially mock a module, you can use "importOriginal" helper inside:
[39m
[31m   [31m×[31m getViewerEntitlements (page gate)[2m > [22mlogs when the entitlement lookup throws for a signed-in viewer[90m 33[2mms[22m[31m[39m
[31m     → [vitest] No "isAdminEmail" export is defined on the "@/lib/auth" mock. Did you forget to return it from "vi.mock"?
If you need to partially mock a module, you can use "importOriginal" helper inside:
[39m
[31m   [31m×[31m getViewerEntitlements (page gate)[2m > [22mstays silent for an ordinary anonymous visitor[90m 86[2mms[22m[31m[39m
[31m     → promise rejected "Error: [vitest] No "isAdminEmail" export … { codeFrame: '…' }" instead of resolving[39m
[31m   [31m×[31m throttling under a sustained outage[2m > [22mnever lets one site's throttle silence another site[90m 14[2mms[22m[31m[39m
[31m     → [vitest] No "isAdminEmail" export is defined on the "@/lib/auth" mock. Did you forget to return it from "vi.mock"?
If you need to partially mock a module, you can use "importOriginal" helper inside:
[39m
 [32m✓[39m __tests__/stripe-checkout-consent.test.ts [2m([22m[2m13 tests[22m[2m)[22m[90m 15[2mms[22m[39m
 [32m✓[39m __tests__/nova-source-evidence.test.ts [2m([22m[2m14 tests[22m[2m)[22m[90m 17[2mms[22m[39m
[90mstderr[2m | lib/intelligence/predictiveness.test.ts
[22m[39m[@sports/db] stub Prisma client active (DATABASE_URL not set). All reads return empty results.

 [32m✓[39m lib/intelligence/predictiveness.test.ts [2m([22m[2m17 tests[22m[2m)[22m[90m 249[2mms[22m[39m
 [32m✓[39m lib/backtest/harness.test.ts [2m([22m[2m12 tests[22m[2m)[22m[33m 949[2mms[22m[39m
   [33m[2m✓[22m[39m runBacktestHarness — reuse, not reimplementation[2m > [22mcalibration output matches computeCalibration() called directly on the same eligible sample [33m396[2mms[22m[39m
 [32m✓[39m __tests__/api-p9-05-rate-limit.test.ts [2m([22m[2m6 tests[22m[2m)[22m[33m 4306[2mms[22m[39m
   [33m[2m✓[22m[39m /api/verify/slate — rate limiting[2m > [22mallows requests within the 60/min quota [33m1170[2mms[22m[39m
   [33m[2m✓[22m[39m /api/verify/slate — rate limiting[2m > [22mreturns 429 with Retry-After when the IP exceeds 60 req/min [33m744[2mms[22m[39m
   [33m[2m✓[22m[39m /api/proof/receipts — rate limiting[2m > [22mallows requests within the 60/min quota [33m419[2mms[22m[39m
   [33m[2m✓[22m[39m /api/proof/receipts — rate limiting[2m > [22mreturns 429 with Retry-After when the IP exceeds 60 req/min [33m536[2mms[22m[39m
   [33m[2m✓[22m[39m /api/picks/[id]/audit — rate limiting[2m > [22mallows requests within the 60/min quota [33m683[2mms[22m[39m
   [33m[2m✓[22m[39m /api/picks/[id]/audit — rate limiting[2m > [22mreturns 429 with Retry-After when the IP exceeds 60 req/min [33m737[2mms[22m[39m
 [32m✓[39m __tests__/watchlist-api.test.ts [2m([22m[2m16 tests[22m[2m)[22m[33m 312[2mms[22m[39m
 [32m✓[39m __tests__/pricing-value-architecture.test.ts [2m([22m[2m22 tests[22m[2m)[22m[90m 24[2mms[22m[39m
 [32m✓[39m __tests__/constellation-autonomy-ladder.test.ts [2m([22m[2m12 tests[22m[2m)[22m[90m 47[2mms[22m[39m
 [32m✓[39m lib/airwave/__tests__/airwave.test.ts [2m([22m[2m25 tests[22m[2m)[22m[33m 362[2mms[22m[39m
 [32m✓[39m __tests__/public-performance-policy.test.ts [2m([22m[2m18 tests[22m[2m)[22m[33m 574[2mms[22m[39m
 [32m✓[39m __tests__/picks-states-conversion.test.ts [2m([22m[2m16 tests[22m[2m)[22m[90m 8[2mms[22m[39m
 [32m✓[39m lib/truthmetrics/__tests__/line-dna.test.ts [2m([22m[2m14 tests[22m[2m)[22m[90m 17[2mms[22m[39m
 [32m✓[39m __tests__/audit-route-paywall.test.ts [2m([22m[2m5 tests[22m[2m)[22m[33m 646[2mms[22m[39m
   [33m[2m✓[22m[39m GET /api/picks/[id]/audit — server-side paywall[2m > [22mANONYMOUS caller: no session → premium content withheld [33m345[2mms[22m[39m
 [32m✓[39m __tests__/ai-control-plane-cti-miner-pg.test.ts [2m([22m[2m7 tests[22m[2m | [22m[33m2 skipped[39m[2m)[22m[90m 180[2mms[22m[39m
 [32m✓[39m __tests__/glass-ledger-page.test.tsx [2m([22m[2m11 tests[22m[2m)[22m[33m 3947[2mms[22m[39m
   [33m[2m✓[22m[39m /ledger — PUBLISH_LEDGER unset (default): honest unpublished state[2m > [22mrenders the exact sealed headline and no numbers anywhere [33m1147[2mms[22m[39m
   [33m[2m✓[22m[39m /ledger — PUBLISH_LEDGER unset (default): honest unpublished state[2m > [22mrenders ZERO numeric metric values — the guard's render path never executes here [33m451[2mms[22m[39m
   [33m[2m✓[22m[39m /ledger — PUBLISH_LEDGER=true with today's empty ledger-view contract[2m > [22mrenders the guard-refusal element (not a blank cell) for every unsubstantiated metric [33m423[2mms[22m[39m
   [33m[2m✓[22m[39m /ledger — PUBLISH_LEDGER=true with today's empty ledger-view contract[2m > [22mcarries the ALL-picks-default / transparency-tool sentence and defaults the tier filter to All picks [33m428[2mms[22m[39m
   [33m[2m✓[22m[39m /ledger — PUBLISH_LEDGER=true with a fully substantiated fixture metric (mocked ledger-view)[2m > [22mrenders the value, and all four bundle legs — coverage, lower bound, CLV backing, walk-forward lineage — in the DOM [33m499[2mms[22m[39m
 [32m✓[39m lib/conviction/signals/prop-alignment.test.ts [2m([22m[2m22 tests[22m[2m)[22m[90m 20[2mms[22m[39m
 [32m✓[39m __tests__/local-review-queue-persistence.test.ts [2m([22m[2m6 tests[22m[2m)[22m[33m 1432[2mms[22m[39m
   [33m[2m✓[22m[39m local review queue persistence simulator[2m > [22mpersists mixed review packets as append-only local shadow events [33m693[2mms[22m[39m
 [32m✓[39m __tests__/constellation-capability-lease.test.ts [2m([22m[2m10 tests[22m[2m)[22m[90m 79[2mms[22m[39m
 [32m✓[39m __tests__/airwave-channel-87-schedule.test.ts [2m([22m[2m34 tests[22m[2m)[22m[90m 45[2mms[22m[39m
 [32m✓[39m __tests__/market-calibration-page.test.tsx [2m([22m[2m5 tests[22m[2m)[22m[33m 2630[2mms[22m[39m
   [33m[2m✓[22m[39m /calibration/market — empty state (no backfill yet)[2m > [22mrenders the honest no-data note for the market baseline [33m703[2mms[22m[39m
   [33m[2m✓[22m[39m /calibration/market — empty state (no backfill yet)[2m > [22mshows the elo-vs-market empty note when market has data but elo does not [33m401[2mms[22m[39m
   [33m[2m✓[22m[39m /calibration/market — populated state[2m > [22mrenders real market metrics and the elo comparison verdict [33m897[2mms[22m[39m
   [33m[2m✓[22m[39m /calibration/market — honest non-claims[2m > [22mstates the baseline is the market's own calibration, not a platform claim [33m371[2mms[22m[39m
 [32m✓[39m __tests__/actor-governance.test.ts [2m([22m[2m17 tests[22m[2m)[22m[90m 20[2mms[22m[39m
 [32m✓[39m __tests__/waitlist-access-gate.test.ts [2m([22m[2m20 tests[22m[2m)[22m[90m 16[2mms[22m[39m
[90mstderr[2m | __tests__/expected-metrics.test.ts
[22m[39m[@sports/db] stub Prisma client active (DATABASE_URL not set). All reads return empty results.

 [32m✓[39m __tests__/player-composite.test.ts [2m([22m[2m9 tests[22m[2m)[22m[90m 40[2mms[22m[39m
[90mstderr[2m | __tests__/board-fixture-dedupe.test.ts
[22m[39m[@sports/db] stub Prisma client active (DATABASE_URL not set). All reads return empty results.

[90mstderr[2m | __tests__/agent-os-runtime.test.ts
[22m[39m[@sports/db] stub Prisma client active (DATABASE_URL not set). All reads return empty results.

 [32m✓[39m __tests__/agent-os-runtime.test.ts [2m([22m[2m10 tests[22m[2m)[22m[90m 59[2mms[22m[39m
 [32m✓[39m __tests__/api-v1-shadow-seam.test.ts [2m([22m[2m12 tests[22m[2m)[22m[90m 148[2mms[22m[39m
 [32m✓[39m __tests__/agent-os-operating-spine.test.ts [2m([22m[2m18 tests[22m[2m)[22m[90m 26[2mms[22m[39m
 [32m✓[39m __tests__/autonomy-kernel.test.ts [2m([22m[2m12 tests[22m[2m)[22m[90m 7[2mms[22m[39m
 [32m✓[39m __tests__/expected-metrics.test.ts [2m([22m[2m2 tests[22m[2m)[22m[33m 570[2mms[22m[39m
   [33m[2m✓[22m[39m nflverse GSE expected metrics loader[2m > [22mfits our own CPOE/RYOE/xYAC from play-by-play and validates against NGS [33m512[2mms[22m[39m
 [32m✓[39m __tests__/board-fixture-dedupe.test.ts [2m([22m[2m16 tests[22m[2m)[22m[90m 161[2mms[22m[39m
[90mstderr[2m | __tests__/jarvis-intelligence-state.test.ts
[22m[39m[@sports/db] stub Prisma client active (DATABASE_URL not set). All reads return empty results.

[90mstderr[2m | __tests__/capability-graph.test.ts
[22m[39m[@sports/db] stub Prisma client active (DATABASE_URL not set). All reads return empty results.

 [32m✓[39m __tests__/capability-graph.test.ts [2m([22m[2m13 tests[22m[2m)[22m[90m 16[2mms[22m[39m
 [32m✓[39m __tests__/fixture-query-inventory.test.ts [2m([22m[2m3 tests[22m[2m)[22m[33m 342[2mms[22m[39m
   [33m[2m✓[22m[39m every games/gate_decisions query is declared[2m > [22mmatches the registry exactly, so a new one cannot arrive unnoticed [33m338[2mms[22m[39m
[90mstderr[2m | __tests__/rate-limit-batch2.test.ts
[22m[39m[@sports/db] stub Prisma client active (DATABASE_URL not set). All reads return empty results.

 [32m✓[39m __tests__/api-v1-dormant-durable-adapter-interface.test.ts [2m([22m[2m8 tests[22m[2m)[22m[90m 18[2mms[22m[39m
 [32m✓[39m __tests__/api-v1-persistence.test.ts [2m([22m[2m9 tests[22m[2m)[22m[90m 16[2mms[22m[39m
 [32m✓[39m __tests__/board-pass-reason-honesty.test.ts [2m([22m[2m9 tests[22m[2m)[22m[90m 10[2mms[22m[39m
 [32m✓[39m __tests__/rate-limit-batch2.test.ts [2m([22m[2m16 tests[22m[2m)[22m[33m 1906[2mms[22m[39m
   [33m[2m✓[22m[39m gse v1 truth/fire rate limit (IP-keyed)[2m > [22mlets up to LIMIT requests through (not 429ed) [33m524[2mms[22m[39m
 [32m✓[39m __tests__/daily-slate-stale-kill-switch.test.ts [2m([22m[2m5 tests[22m[2m)[22m[33m 1532[2mms[22m[39m
   [33m[2m✓[22m[39m /api/picks/daily-slate — stale-data kill switch[2m > [22mflag OFF: serves the slate and never queries ingestion freshness [33m1100[2mms[22m[39m
[90mstderr[2m | __tests__/qb-age-rb-trend.test.ts
[22m[39m[@sports/db] stub Prisma client active (DATABASE_URL not set). All reads return empty results.

 [32m✓[39m __tests__/performance-min-sample-floor.test.ts [2m([22m[2m8 tests[22m[2m)[22m[33m 6463[2mms[22m[39m
   [33m[2m✓[22m[39m /api/performance — minimum-sample floor[2m > [22mbelow floor: withholds the win rate (null) and flags insufficientSample [33m5681[2mms[22m[39m
 [32m✓[39m __tests__/push-subscribe-api.test.ts [2m([22m[2m12 tests[22m[2m)[22m[90m 49[2mms[22m[39m
 [32m✓[39m __tests__/api-v1-shadow-route-harness.test.ts [2m([22m[2m6 tests[22m[2m)[22m[90m 21[2mms[22m[39m
 [32m✓[39m __tests__/confidence-is-not-a-probability.test.tsx [2m([22m[2m14 tests[22m[2m)[22m[33m 3090[2mms[22m[39m
   [33m[2m✓[22m[39m customer copy does not claim the Edge Index is calibrated or a win rate[2m > [22mthe home annotated sample makes no calibration claim and no outcome frequency [33m2158[2mms[22m[39m
   [33m[2m✓[22m[39m customer copy does not claim the Edge Index is calibrated or a win rate[2m > [22mthe global footer makes no calibration claim and keeps its risk language [33m708[2mms[22m[39m
[90mstderr[2m | lib/fantasy/adp-source.test.ts
[22m[39m[@sports/db] stub Prisma client active (DATABASE_URL not set). All reads return empty results.

 [32m✓[39m lib/fantasy/adp-source.test.ts [2m([22m[2m13 tests[22m[2m)[22m[90m 23[2mms[22m[39m
 [32m✓[39m __tests__/machine-proof.test.ts [2m([22m[2m17 tests[22m[2m)[22m[90m 206[2mms[22m[39m
[90mstderr[2m | __tests__/homepage-suspense-nflverse.test.ts
[22m[39m[@sports/db] stub Prisma client active (DATABASE_URL not set). All reads return empty results.

 [32m✓[39m __tests__/ops-settlement-rca.test.ts [2m([22m[2m5 tests[22m[2m)[22m[90m 280[2mms[22m[39m
 [32m✓[39m __tests__/cockpit-journal-route.test.ts [2m([22m[2m11 tests[22m[2m)[22m[90m 11[2mms[22m[39m
 [32m✓[39m lib/ops/__tests__/compute-live-calibration-metrics.test.ts [2m([22m[2m12 tests[22m[2m)[22m[90m 21[2mms[22m[39m
[90mstderr[2m | lib/intelligence/scoring-zone.test.ts
[22m[39m[@sports/db] stub Prisma client active (DATABASE_URL not set). All reads return empty results.

 [32m✓[39m lib/intelligence/scoring-zone.test.ts [2m([22m[2m7 tests[22m[2m)[22m[33m 372[2mms[22m[39m
   [33m[2m✓[22m[39m loadScoringZone[2m > [22mserves the scoring-zone API route [33m343[2mms[22m[39m
 [32m✓[39m __tests__/jarvis-intelligence-state.test.ts [2m([22m[2m18 tests[22m[2m)[22m[90m 224[2mms[22m[39m
 [32m✓[39m __tests__/qb-age-rb-trend.test.ts [2m([22m[2m4 tests[22m[2m)[22m[33m 5535[2mms[22m[39m
   [33m[2m✓[22m[39m QB-age RB target-share trend report[2m > [22mserves the report API without making it a scoring input [33m5328[2mms[22m[39m
 [32m✓[39m lib/calibration/__tests__/report-sample-completeness.test.ts [2m([22m[2m9 tests[22m[2m)[22m[90m 75[2mms[22m[39m
 [32m✓[39m __tests__/P16-02-cold-open-perf.test.tsx [2m([22m[2m11 tests[22m[2m)[22m[33m 342[2mms[22m[39m
 [32m✓[39m lib/conviction/signals/book-agreement.test.ts [2m([22m[2m23 tests[22m[2m)[22m[90m 14[2mms[22m[39m
 [31m❯[39m __tests__/homepage-suspense-nflverse.test.ts [2m([22m[2m6 tests[22m[2m | [22m[31m2 failed[39m[2m)[22m[90m 177[2mms[22m[39m
[31m   [31m×[31m P16-01 — homepage shell renders without awaiting nflverse loader[2m > [22mresolves immediately even when loadNflverseUsagePulse hangs forever[90m 122[2mms[22m[31m[39m
[31m     → expected 'relative min-h-screen w-full overflow…' to contain 'Galaxy turns it into'[39m
[31m   [31m×[31m P16-01 — homepage shell renders without awaiting nflverse loader[2m > [22mpage shell renders even when loadNflverseUsagePulse rejects[90m 19[2mms[22m[31m[39m
[31m     → expected 'relative min-h-screen w-full overflow…' to contain 'Galaxy turns it into'[39m
 [32m✓[39m lib/conviction/signals/scheme-matchup.test.ts [2m([22m[2m17 tests[22m[2m)[22m[90m 14[2mms[22m[39m
 [32m✓[39m __tests__/ingest-depth-charts.test.ts [2m([22m[2m8 tests[22m[2m)[22m[90m 26[2mms[22m[39m
 [32m✓[39m __tests__/command-center.test.ts [2m([22m[2m20 tests[22m[2m)[22m[90m 15[2mms[22m[39m
 [32m✓[39m __tests__/stripe-sync-existing-read-failure.test.ts [2m([22m[2m5 tests[22m[2m)[22m[90m 31[2mms[22m[39m
 [32m✓[39m __tests__/free-spine-durable.test.ts [2m([22m[2m19 tests[22m[2m)[22m[90m 23[2mms[22m[39m
 [32m✓[39m __tests__/constellation-proof-carrying-action.test.ts [2m([22m[2m18 tests[22m[2m)[22m[90m 22[2mms[22m[39m
 [2m[90m↓[39m[22m __tests__/ai-control-plane-shadow-metrics-pg.test.ts [2m([22m[2m3 tests[22m[2m | [22m[33m3 skipped[39m[2m)[22m
[90mstderr[2m | __tests__/sealed-slate-page.test.tsx[2m > [22m[2m/sealed — SEALED_ENGINE_ENABLED unset (default): honest 'being built' ritual[2m > [22m[2mrenders the exact 'being built' headline and NO commitment values
[22m[39m[@sports/db] stub Prisma client active (DATABASE_URL not set). All reads return empty results.

 [32m✓[39m __tests__/sealed-slate-page.test.tsx [2m([22m[2m9 tests[22m[2m)[22m[33m 975[2mms[22m[39m
   [33m[2m✓[22m[39m /sealed — SEALED_ENGINE_ENABLED unset (default): honest 'being built' ritual[2m > [22mrenders the exact 'being built' headline and NO commitment values [33m631[2mms[22m[39m
 [32m✓[39m __tests__/free-settlement-abbr-match.test.ts [2m([22m[2m13 tests[22m[2m)[22m[90m 222[2mms[22m[39m
 [32m✓[39m __tests__/ai-provider-registry.test.ts [2m([22m[2m18 tests[22m[2m)[22m[90m 13[2mms[22m[39m
 [32m✓[39m __tests__/api-p9-04-rate-limit.test.ts [2m([22m[2m6 tests[22m[2m)[22m[33m 677[2mms[22m[39m
 [32m✓[39m __tests__/slate-opening-page.test.tsx [2m([22m[2m13 tests[22m[2m)[22m[33m 532[2mms[22m[39m
   [33m[2m✓[22m[39m /verify/slate/opening — gated off by default (env unset)[2m > [22mstates plainly that openings are founder-gated and not yet enabled [33m392[2mms[22m[39m
 [32m✓[39m __tests__/api-v1-disposable-rehearsal-packet.test.ts [2m([22m[2m5 tests[22m[2m)[22m[90m 34[2mms[22m[39m
 [32m✓[39m lib/cockpit/jarvis-data.test.ts [2m([22m[2m4 tests[22m[2m)[22m[33m 20525[2mms[22m[39m
   [33m[2m✓[22m[39m jarvis-data signal coverage[2m > [22mscopes the snapshot count to published, non-bootstrap picks [33m6487[2mms[22m[39m
   [33m[2m✓[22m[39m jarvis-data signal coverage[2m > [22mnever counts snapshots across the whole (unscoped) pick population [33m4478[2mms[22m[39m
   [33m[2m✓[22m[39m jarvis-data signal coverage[2m > [22mreads RED when public-canonical coverage is low, even with high DQ [33m4748[2mms[22m[39m
   [33m[2m✓[22m[39m jarvis-data signal coverage[2m > [22mreads GREEN only when the scoped coverage is genuinely high [33m4791[2mms[22m[39m
 [32m✓[39m __tests__/api-v1-promotion-readiness.test.ts [2m([22m[2m5 tests[22m[2m)[22m[90m 32[2mms[22m[39m
 [32m✓[39m __tests__/shadow-evaluation-pass.test.ts [2m([22m[2m9 tests[22m[2m)[22m[33m 37825[2mms[22m[39m
   [33m[2m✓[22m[39m runShadowEvaluationPass[2m > [22mskips a pick with no proof receipt (no real market prob) rather than fabricating 0.5 [33m2463[2mms[22m[39m
   [33m[2m✓[22m[39m runShadowEvaluationPass[2m > [22mconverts an AWAY-side selection to the home side correctly (the exact bug class this exists to prevent) [33m5509[2mms[22m[39m
   [33m[2m✓[22m[39m runShadowEvaluationPass[2m > [22mkeeps a HOME-side selection unconverted [33m5547[2mms[22m[39m
   [33m[2m✓[22m[39m runShadowEvaluationPass[2m > [22mabsorbs a settled game BEFORE evaluating the current slate (ordering) [33m5437[2mms[22m[39m
   [33m[2m✓[22m[39m runShadowEvaluationPass[2m > [22mfolds the forecast-skill E-process at settlement using the DB-persisted (shadowProb, marketProb) — the cross-invocation fix [33m2807[2mms[22m[39m
   [33m[2m✓[22m[39m runShadowEvaluationPass[2m > [22mdoes not fold the forecast-skill point when no persisted record exists for the settling game [33m3253[2mms[22m[39m
   [33m[2m✓[22m[39m runShadowEvaluationPass[2m > [22mskips a draw rather than encoding it as a home or away win [33m4812[2mms[22m[39m
   [33m[2m✓[22m[39m runShadowEvaluationPass[2m > [22mnever throws even when every DB call rejects [33m2965[2mms[22m[39m
   [33m[2m✓[22m[39m runShadowEvaluationPass[2m > [22msaves the filter and registry together at the end of the cycle [33m5009[2mms[22m[39m
 [32m✓[39m __tests__/draft-fence-workflow.test.ts [2m([22m[2m9 tests[22m[2m)[22m[90m 21[2mms[22m[39m
 [32m✓[39m __tests__/log-safety.test.ts [2m([22m[2m17 tests[22m[2m)[22m[90m 13[2mms[22m[39m
 [32m✓[39m __tests__/traffic-heartbeat.test.ts [2m([22m[2m13 tests[22m[2m)[22m[90m 18[2mms[22m[39m
 [32m✓[39m __tests__/api-v1-db-schema-proposal.test.ts [2m([22m[2m8 tests[22m[2m)[22m[90m 24[2mms[22m[39m
 [32m✓[39m __tests__/api-v1-consumer-registry.test.ts [2m([22m[2m10 tests[22m[2m)[22m[90m 16[2mms[22m[39m
 [32m✓[39m __tests__/shadow-signal-store.test.ts [2m([22m[2m13 tests[22m[2m)[22m[33m 61088[2mms[22m[39m
   [33m[2m✓[22m[39m shadow-signal-store[2m > [22mround-trips a warm filter + registry through save/load, preserving evidence AND team identity [33m9813[2mms[22m[39m
   [33m[2m✓[22m[39m shadow-signal-store[2m > [22mstarts COLD (filter AND registry) when the stored registry is missing or corrupt [33m6619[2mms[22m[39m
   [33m[2m✓[22m[39m shadow-signal-store[2m > [22mreturns a COLD filter + empty registry when nothing is stored (the serverless default) [33m3689[2mms[22m[39m
   [33m[2m✓[22m[39m shadow-signal-store[2m > [22mignores a version-mismatched snapshot instead of throwing [33m2676[2mms[22m[39m
   [33m[2m✓[22m[39m shadow-signal-store[2m > [22mignores a corrupt payload instead of wedging the caller [33m6199[2mms[22m[39m
   [33m[2m✓[22m[39m shadow-signal-store[2m > [22mfails open on a DB error rather than throwing [33m5331[2mms[22m[39m
   [33m[2m✓[22m[39m shadow-signal-store[2m > [22msaves the filter and the registry in the SAME upsert call, never separately [33m3963[2mms[22m[39m
   [33m[2m✓[22m[39m shadow-signal-store[2m > [22mupserts a shadow signal on (gameId, modelVersion) so a re-run cannot duplicate [33m2383[2mms[22m[39m
   [33m[2m✓[22m[39m shadow-signal-store[2m > [22msettles only rows that are still unsettled [33m3101[2mms[22m[39m
   [33m[2m✓[22m[39m shadow-signal-store[2m > [22mloadSettledShadowSignals returns [] on error, never throws [33m3889[2mms[22m[39m
   [33m[2m✓[22m[39m shadow-signal-store[2m > [22mround-trips forecastSkillState and baeeWeights alongside the filter in one upsert [33m3655[2mms[22m[39m
   [33m[2m✓[22m[39m shadow-signal-store[2m > [22ma missing forecastSkillState/baeeWeights does NOT force the filter itself cold — independent fields [33m4510[2mms[22m[39m
   [33m[2m✓[22m[39m shadow-signal-store[2m > [22ma malformed forecastSkillState/baeeWeights is rejected rather than fed downstream [33m5240[2mms[22m[39m
[90mstderr[2m | lib/watchlist/settlement-hook.test.ts[2m > [22m[2mnotifyWatchlistFollowersForGradedPick[2m > [22m[2mFAIL-ISOLATION: a throwing watchlist lookup never propagates
[22m[39m[watchlist-alert] settlement notify hook failed for pick pick-1: db down

[90mstderr[2m | lib/watchlist/settlement-hook.test.ts[2m > [22m[2mnotifyWatchlistFollowersForGradedPick[2m > [22m[2mFAIL-ISOLATION: one follower's dispatch throwing doesn't stop the next follower's
[22m[39m[watchlist-alert] notify failed for watchlist entry wl-1: channel exploded

 [32m✓[39m lib/watchlist/settlement-hook.test.ts [2m([22m[2m10 tests[22m[2m)[22m[90m 45[2mms[22m[39m
 [32m✓[39m __tests__/king-standard.test.ts [2m([22m[2m18 tests[22m[2m)[22m[90m 22[2mms[22m[39m
 [32m✓[39m __tests__/docs-public-copy-scan.test.ts [2m([22m[2m38 tests[22m[2m)[22m[90m 134[2mms[22m[39m
 [32m✓[39m __tests__/ingest-next-gen-stats.test.ts [2m([22m[2m6 tests[22m[2m)[22m[90m 20[2mms[22m[39m
 [32m✓[39m __tests__/settlement-close-stamp.test.ts [2m([22m[2m5 tests[22m[2m)[22m[33m 740[2mms[22m[39m
   [33m[2m✓[22m[39m free grader stamps the line-archive CLOSE after a successful settle (C-95)[2m > [22mre-tags the last pre-kickoff snapshot CLOSE for the game it just graded [33m475[2mms[22m[39m
 [32m✓[39m lib/fantasy/showdown.test.ts [2m([22m[2m22 tests[22m[2m)[22m[33m 8872[2mms[22m[39m
   [33m[2m✓[22m[39m showdown — the search bound is stated, not hidden[2m > [22mdrops below-bound players and says so, naming exactness limits [33m8829[2mms[22m[39m
 [32m✓[39m lib/billing/price-ids.test.ts [2m([22m[2m17 tests[22m[2m)[22m[90m 12[2mms[22m[39m
 [32m✓[39m __tests__/nova-capability-inventory.test.ts [2m([22m[2m11 tests[22m[2m)[22m[90m 139[2mms[22m[39m
 [32m✓[39m __tests__/api-v1-durable-fixture-simulator.test.ts [2m([22m[2m9 tests[22m[2m)[22m[90m 14[2mms[22m[39m
 [32m✓[39m __tests__/ingest-nflverse-satellites.test.ts [2m([22m[2m9 tests[22m[2m)[22m[33m 572[2mms[22m[39m
 [32m✓[39m lib/api/v1/__tests__/payload-rights.test.ts [2m([22m[2m23 tests[22m[2m)[22m[90m 14[2mms[22m[39m
 [32m✓[39m __tests__/nflverse.test.ts [2m([22m[2m19 tests[22m[2m)[22m[90m 12[2mms[22m[39m
 [32m✓[39m __tests__/airwave-claim-batch-validator.test.ts [2m([22m[2m21 tests[22m[2m)[22m[90m 13[2mms[22m[39m
 [32m✓[39m __tests__/preview-legacy-redirect.test.tsx [2m([22m[2m7 tests[22m[2m)[22m[90m 135[2mms[22m[39m
 [32m✓[39m lib/integrations/sleeper.test.ts [2m([22m[2m12 tests[22m[2m)[22m[90m 90[2mms[22m[39m
 [32m✓[39m __tests__/canonical-sample-posture.test.ts [2m([22m[2m6 tests[22m[2m)[22m[90m 59[2mms[22m[39m
[90mstderr[2m | __tests__/backfill-player-data-route.test.ts
[22m[39m[@sports/db] stub Prisma client active (DATABASE_URL not set). All reads return empty results.

 [32m✓[39m __tests__/backfill-player-data-route.test.ts [2m([22m[2m10 tests[22m[2m)[22m[33m 626[2mms[22m[39m
[90mstderr[2m | __tests__/board-state-confidence-gate.test.ts
[22m[39m[@sports/db] stub Prisma client active (DATABASE_URL not set). All reads return empty results.

 [32m✓[39m __tests__/proof-receipts-api.test.ts [2m([22m[2m10 tests[22m[2m)[22m[33m 708[2mms[22m[39m
   [33m[2m✓[22m[39m GET /api/proof/receipts[2m > [22mLEAK GATE: queries only settled (result != PENDING) AND kicked-off (commenceTime <= now) receipts [33m411[2mms[22m[39m
 [32m✓[39m __tests__/api-v1-boundary-guard.test.ts [2m([22m[2m8 tests[22m[2m)[22m[33m 613[2mms[22m[39m
   [33m[2m✓[22m[39m API v1 boundary guard[2m > [22mpasses the current repository state [33m484[2mms[22m[39m
[90mstderr[2m | __tests__/jarvis-weak-spots.test.ts
[22m[39m[@sports/db] stub Prisma client active (DATABASE_URL not set). All reads return empty results.

 [32m✓[39m __tests__/history-eligibility.test.ts [2m([22m[2m12 tests[22m[2m)[22m[90m 10[2mms[22m[39m
 [32m✓[39m __tests__/jarvis-weak-spots.test.ts [2m([22m[2m10 tests[22m[2m)[22m[90m 79[2mms[22m[39m
 [32m✓[39m __tests__/next-config-policy.test.ts [2m([22m[2m14 tests[22m[2m)[22m[90m 24[2mms[22m[39m
[90mstderr[2m | __tests__/analytics-instrumentation.test.tsx[2m > [22m[2manalytics instrumentation (P12-03)[2m > [22m[2mcheckout_complete[2m > [22m[2mfires checkout_complete with the resolved tier on checkout.session.completed
[22m[39m[stripe] checkout.session.completed for unknown checkout attempt (none) (session cs_test) — nothing to reconcile

 [32m✓[39m __tests__/analytics-instrumentation.test.tsx [2m([22m[2m5 tests[22m[2m)[22m[33m 328[2mms[22m[39m
 [32m✓[39m __tests__/verify-slate-route.test.ts [2m([22m[2m6 tests[22m[2m)[22m[33m 705[2mms[22m[39m
   [33m[2m✓[22m[39m /api/verify/slate GET[2m > [22m400s on a malformed slate key without touching the DB [33m306[2mms[22m[39m
 [32m✓[39m __tests__/picks-stale-kill-switch.test.ts [2m([22m[2m6 tests[22m[2m)[22m[33m 27721[2mms[22m[39m
   [33m[2m✓[22m[39m /api/picks — stale-data kill switch[2m > [22mflag OFF: serves picks and never queries ingestion freshness [33m24555[2mms[22m[39m
   [33m[2m✓[22m[39m /api/picks — stale-data kill switch[2m > [22mflag ON + stale: goes dark with a DISTINCT stale_data 503 (not the bootstrap body) [33m407[2mms[22m[39m
   [33m[2m✓[22m[39m /api/picks — stale-data kill switch[2m > [22mflag ON + stale + PUBLIC_BOARD_SURFACE=market: reports the odds outage, not a quiet slate [33m710[2mms[22m[39m
   [33m[2m✓[22m[39m /api/picks — stale-data kill switch[2m > [22mflag ON + never-succeeded ingestion is treated as stale (503) [33m694[2mms[22m[39m
   [33m[2m✓[22m[39m /api/picks — stale-data kill switch[2m > [22mflag ON + fresh: serves picks normally [33m537[2mms[22m[39m
   [33m[2m✓[22m[39m /api/picks — stale-data kill switch[2m > [22mflag ON + DB error on freshness query: fails OPEN (serves picks) [33m798[2mms[22m[39m
 [32m✓[39m __tests__/cheatsheet-contract.test.ts [2m([22m[2m24 tests[22m[2m)[22m[90m 12[2mms[22m[39m
 [32m✓[39m __tests__/response-cache.test.ts [2m([22m[2m18 tests[22m[2m)[22m[90m 25[2mms[22m[39m
[90mstderr[2m | __tests__/checkout-env-price-amount.test.ts[2m > [22m[2mverifyEnvPriceAmount[2m > [22m[2mreports a mismatch when the env price charges something else
[22m[39m[checkout] price mismatch for PRO/month: env price price_wrong charges 2499 usd every 1 month, but we advertise 1499 usd every 1 month. Refusing to return this price ID.

[90mstderr[2m | __tests__/checkout-env-price-amount.test.ts[2m > [22m[2mverifyEnvPriceAmount[2m > [22m[2mreports a mismatch when the price carries no amount at all
[22m[39m[checkout] price mismatch for PRO/month: env price price_null charges null usd every 1 month, but we advertise 1499 usd every 1 month. Refusing to return this price ID.

[90mstderr[2m | __tests__/checkout-env-price-amount.test.ts[2m > [22m[2mverifyEnvPriceAmount[2m > [22m[2mis unverifiable, not a mismatch, when Stripe errors
[22m[39m[checkout] could not verify env price price_fixture for PRO/month: stripe unreachable (fixture)

[90mstderr[2m | __tests__/checkout-env-price-amount.test.ts[2m > [22m[2mverifyEnvPriceAmount[2m > [22m[2mREJECTS the right amount billed on the wrong cadence
[22m[39m[checkout] price mismatch for PRO/month: env price price_fixture charges 1499 usd every 1 year, but we advertise 1499 usd every 1 month. Refusing to return this price ID.

[90mstderr[2m | __tests__/checkout-env-price-amount.test.ts[2m > [22m[2mverifyEnvPriceAmount[2m > [22m[2mREJECTS the right amount on the right interval but the wrong interval_count
[22m[39m[checkout] price mismatch for PRO/month: env price price_fixture charges 1499 usd every 3 month, but we advertise 1499 usd every 1 month. Refusing to return this price ID.

[90mstderr[2m | __tests__/checkout-env-price-amount.test.ts[2m > [22m[2mverifyEnvPriceAmount[2m > [22m[2mREJECTS the right number in the wrong currency
[22m[39m[checkout] price mismatch for PRO/month: env price price_fixture charges 1499 eur every 1 month, but we advertise 1499 usd every 1 month. Refusing to return this price ID.

[90mstderr[2m | __tests__/checkout-env-price-amount.test.ts[2m > [22m[2mverifyEnvPriceAmount[2m > [22m[2mREJECTS a one-time price, which has no recurrence at all
[22m[39m[checkout] price mismatch for PRO/month: env price price_fixture charges 1499 usd every 1 (one-time), but we advertise 1499 usd every 1 month. Refusing to return this price ID.

[90mstderr[2m | __tests__/checkout-env-price-amount.test.ts[2m > [22m[2mverifyEnvPriceAmount[2m > [22m[2mdoes NOT cache an unverifiable result, so an outage cannot pin the answer
[22m[39m[checkout] could not verify env price p for PRO/month: transient (fixture)
[checkout] price mismatch for PRO/month: env price p charges 1999 usd every 1 month, but we advertise 1499 usd every 1 month. Refusing to return this price ID.

[90mstderr[2m | __tests__/checkout-env-price-amount.test.ts[2m > [22m[2mresolveCheckoutPriceId — the env branch is guarded[2m > [22m[2mREFUSES the env price when its amount does not match, rather than charging it
[22m[39m[checkout] price mismatch for PRO/month: env price price_bad charges 3499 usd every 1 month, but we advertise 1499 usd every 1 month. Refusing to return this price ID.

[90mstderr[2m | __tests__/checkout-env-price-amount.test.ts[2m > [22m[2mresolveCheckoutPriceId — the env branch is guarded[2m > [22m[2mREFUSES the env price when the amount cannot be verified at all
[22m[39m[checkout] could not verify env price price_ok for PRO/month: stripe unreachable (fixture)

 [32m✓[39m __tests__/checkout-env-price-amount.test.ts [2m([22m[2m14 tests[22m[2m)[22m[90m 20[2mms[22m[39m
 [32m✓[39m __tests__/board-state-confidence-gate.test.ts [2m([22m[2m11 tests[22m[2m)[22m[90m 124[2mms[22m[39m
[90mstderr[2m | __tests__/entitlements-enforcement.test.ts[2m > [22m[2mgetUserEntitlements — production DB path[2m > [22m[2mfails closed to FREE when the database is unreachable (P1001)
[22m[39m[entitlements] FAIL-CLOSED at getUserEntitlements — serving the fail-closed fallback (anonymous / FREE) because entitlements could not be resolved for user user_1: Error: Can't reach database server. A paying member may be seeing the free surface; this is infrastructure, not policy.

 [32m✓[39m __tests__/entitlements-enforcement.test.ts [2m([22m[2m13 tests[22m[2m)[22m[90m 16[2mms[22m[39m
 [32m✓[39m __tests__/isotonic-pava.test.ts [2m([22m[2m15 tests[22m[2m)[22m[90m 159[2mms[22m[39m
 [32m✓[39m __tests__/jarvis-audit-log.test.ts [2m([22m[2m6 tests[22m[2m)[22m[90m 13[2mms[22m[39m
 [32m✓[39m __tests__/stripe-customer.test.ts [2m([22m[2m6 tests[22m[2m)[22m[90m 14[2mms[22m[39m
 [32m✓[39m __tests__/free-settlement-doubleheader.test.ts [2m([22m[2m11 tests[22m[2m)[22m[90m 14[2mms[22m[39m
 [2m[90m↓[39m[22m __tests__/ai-control-plane-ablation-counters-pg.test.ts [2m([22m[2m5 tests[22m[2m | [22m[33m5 skipped[39m[2m)[22m
 [32m✓[39m __tests__/partner-link-disclosure.test.tsx [2m([22m[2m24 tests[22m[2m)[22m[90m 118[2mms[22m[39m
 [32m✓[39m __tests__/game-room-paywall.test.ts [2m([22m[2m5 tests[22m[2m)[22m[90m 15[2mms[22m[39m
[90mstderr[2m | __tests__/board-gate-page-mode.test.ts
[22m[39m[@sports/db] stub Prisma client active (DATABASE_URL not set). All reads return empty results.

 [32m✓[39m __tests__/guardrails.test.ts [2m([22m[2m48 tests[22m[2m)[22m[33m 166011[2mms[22m[39m
   [33m[2m✓[22m[39m Phase 9 guardrails[2m > [22mtrust-gate exits 0 on a clean repo [33m89347[2mms[22m[39m
   [33m[2m✓[22m[39m Phase 9 guardrails[2m > [22mmodel-freeze exits 0 with the FROZEN baseline marker in place [33m328[2mms[22m[39m
   [33m[2m✓[22m[39m Phase 9 guardrails[2m > [22mdraft-only exits 0 — no engine path writes publishedAt or flips PUBLISHED [33m13480[2mms[22m[39m
   [33m[2m✓[22m[39m Phase 9 guardrails[2m > [22mclaude-api-usage exits 0 with direct calls limited to approved paths [33m3442[2mms[22m[39m
   [33m[2m✓[22m[39m Phase 9 guardrails[2m > [22mcommercial-copy-scan exits 0 on launch-facing revenue surfaces [33m1850[2mms[22m[39m
   [33m[2m✓[22m[39m Phase 9 guardrails[2m > [22mno-unsupported-performance-claims exits 0 on public monetization copy [33m1583[2mms[22m[39m
   [33m[2m✓[22m[39m Phase 9 guardrails[2m > [22mno-raw-ngs-export exits 0 without raw Next Gen Stats redistribution language [33m2425[2mms[22m[39m
   [33m[2m✓[22m[39m Phase 9 guardrails[2m > [22mpartner-offer-compliance-scan exits 0 with high-risk offers fail-closed [33m310[2mms[22m[39m
   [33m[2m✓[22m[39m Phase 9 guardrails[2m > [22mopenapi-security-scan exits 0 with shadow auth metadata intact [33m307[2mms[22m[39m
   [33m[2m✓[22m[39m Phase 9 guardrails[2m > [22msealed-holdout-open-scan exits 0 with the seal opened only inside edge-lab (FIX 6) [33m40859[2mms[22m[39m
   [33m[2m✓[22m[39m guardrail-hardening: full public-surface sweep has teeth[2m > [22mcommercial-copy-scan FAILS on tout copy planted on an arbitrary public route [33m423[2mms[22m[39m
   [33m[2m✓[22m[39m guardrail-hardening: full public-surface sweep has teeth[2m > [22mno-unsupported-performance-claims FAILS on a hardcoded numeric record planted on a public route [33m502[2mms[22m[39m
   [33m[2m✓[22m[39m guardrail-hardening: full public-surface sweep has teeth[2m > [22mthe sweep excludes non-public surfaces: the same plant under app/api stays quiet [33m1169[2mms[22m[39m
   [33m[2m✓[22m[39m guardrail-hardening: full public-surface sweep has teeth[2m > [22mlegitimate product vocabulary does not trip the sweep (lock-time, grandfathered guarantee) [33m1006[2mms[22m[39m
   [33m[2m✓[22m[39m guardrail-hardening: full public-surface sweep has teeth[2m > [22mno-unsupported-performance-claims FAILS on a '60%+ win rate' plant (the '+' suffix gap) [33m352[2mms[22m[39m
   [33m[2m✓[22m[39m guardrail-hardening: secret-scan rule coverage (O-4.x)[2m > [22mflags a GitHub personal access token [33m505[2mms[22m[39m
   [33m[2m✓[22m[39m guardrail-hardening: secret-scan rule coverage (O-4.x)[2m > [22mflags a fine-grained GitHub PAT [33m419[2mms[22m[39m
   [33m[2m✓[22m[39m guardrail-hardening: secret-scan rule coverage (O-4.x)[2m > [22mflags a Neon API key [33m351[2mms[22m[39m
   [33m[2m✓[22m[39m guardrail-hardening: Unicode-evasion normalization (O-3.x)[2m > [22mtrust-gate catches a zero-width-split banned phrase [33m443[2mms[22m[39m
   [33m[2m✓[22m[39m guardrail-hardening: Unicode-evasion normalization (O-3.x)[2m > [22mtrust-gate catches a curly-apostrophe variant of a banned phrase [33m447[2mms[22m[39m
   [33m[2m✓[22m[39m guardrail-hardening: Unicode-evasion normalization (O-3.x)[2m > [22mtrust-gate catches fullwidth compatibility forms via NFKC [33m403[2mms[22m[39m
   [33m[2m✓[22m[39m guardrail-hardening: Unicode-evasion normalization (O-3.x)[2m > [22mtrust-gate scans markdown headings and list items (not comments) [33m325[2mms[22m[39m
   [33m[2m✓[22m[39m guardrail-hardening: Unicode-evasion normalization (O-3.x)[2m > [22mcommercial-copy sweep catches a zero-width-split tout phrase [33m399[2mms[22m[39m
   [33m[2m✓[22m[39m guardrail-hardening: Unicode-evasion normalization (O-3.x)[2m > [22mcode comments and TS/JS '#' lines are still skipped outside markdown (no new false positives) [33m370[2mms[22m[39m
   [33m[2m✓[22m[39m guardrail-hardening: O-3.x remainder (concat joins, cross-line, confusables, exemption windows)[2m > [22mtrust-gate sees through a string-concatenation split of a banned phrase [33m405[2mms[22m[39m
   [33m[2m✓[22m[39m guardrail-hardening: O-3.x remainder (concat joins, cross-line, confusables, exemption windows)[2m > [22mtrust-gate sees through a template-interpolation split of a banned phrase [33m351[2mms[22m[39m
   [33m[2m✓[22m[39m guardrail-hardening: O-3.x remainder (concat joins, cross-line, confusables, exemption windows)[2m > [22mtrust-gate catches a cross-script homoglyph (Cyrillic) in a banned phrase [33m395[2mms[22m[39m
   [33m[2m✓[22m[39m guardrail-hardening: O-3.x remainder (concat joins, cross-line, confusables, exemption windows)[2m > [22mtrust-gate catches a multi-word ban split across a line break [33m332[2mms[22m[39m
   [33m[2m✓[22m[39m guardrail-hardening: O-3.x remainder (concat joins, cross-line, confusables, exemption windows)[2m > [22mtrust-gate: bare 'the lock' slang is caught; temporal 'before the lock' is not [33m481[2mms[22m[39m
   [33m[2m✓[22m[39m guardrail-hardening: O-3.x remainder (concat joins, cross-line, confusables, exemption windows)[2m > [22mcommercial-copy: a distant negation no longer excuses a tout in a later clause [33m315[2mms[22m[39m
   [33m[2m✓[22m[39m guardrail-hardening: O-3.x remainder (concat joins, cross-line, confusables, exemption windows)[2m > [22mcommercial-copy: a same-clause negation still legitimately excuses the term [33m359[2mms[22m[39m
 [32m✓[39m __tests__/board-gate-page-mode.test.ts [2m([22m[2m13 tests[22m[2m)[22m[90m 148[2mms[22m[39m
[90mstderr[2m | __tests__/model-court-answer.test.ts
[22m[39m[@sports/db] stub Prisma client active (DATABASE_URL not set). All reads return empty results.

 [32m✓[39m __tests__/autonomy-executor.test.ts [2m([22m[2m8 tests[22m[2m)[22m[90m 17[2mms[22m[39m
 [32m✓[39m __tests__/model-court-answer.test.ts [2m([22m[2m11 tests[22m[2m)[22m[90m 25[2mms[22m[39m
[90mstderr[2m | __tests__/player-lab.test.ts
[22m[39m[@sports/db] stub Prisma client active (DATABASE_URL not set). All reads return empty results.

 [32m✓[39m __tests__/promotions-guards.test.ts [2m([22m[2m17 tests[22m[2m)[22m[90m 28[2mms[22m[39m
 [32m✓[39m __tests__/player-lab.test.ts [2m([22m[2m3 tests[22m[2m)[22m[33m 532[2mms[22m[39m
   [33m[2m✓[22m[39m nflverse player lab[2m > [22mserves the player-lab API without fabricating projections [33m511[2mms[22m[39m
 [32m✓[39m lib/decision-genome/__tests__/dark-corner.test.ts [2m([22m[2m23 tests[22m[2m)[22m[90m 10[2mms[22m[39m
[90mstderr[2m | __tests__/nflverse-cold-start-coalescing.test.ts
[22m[39m[@sports/db] stub Prisma client active (DATABASE_URL not set). All reads return empty results.

[90mstderr[2m | __tests__/studio-claude.test.ts
[22m[39m[@sports/db] stub Prisma client active (DATABASE_URL not set). All reads return empty results.

[90mstderr[2m | lib/intelligence/clv-calibration.test.ts
[22m[39m[@sports/db] stub Prisma client active (DATABASE_URL not set). All reads return empty results.

 [32m✓[39m __tests__/studio-claude.test.ts [2m([22m[2m8 tests[22m[2m)[22m[90m 209[2mms[22m[39m
 [32m✓[39m lib/intelligence/clv-calibration.test.ts [2m([22m[2m19 tests[22m[2m)[22m[90m 13[2mms[22m[39m
 [32m✓[39m lib/picks/adverse-edge-suppression.test.ts [2m([22m[2m15 tests[22m[2m)[22m[90m 16[2mms[22m[39m
[90mstderr[2m | __tests__/content-generator.test.ts
[22m[39m[@sports/db] stub Prisma client active (DATABASE_URL not set). All reads return empty results.

 [32m✓[39m __tests__/confidence-tail.test.ts [2m([22m[2m9 tests[22m[2m)[22m[90m 82[2mms[22m[39m
 [32m✓[39m __tests__/nflverse-cold-start-coalescing.test.ts [2m([22m[2m2 tests[22m[2m)[22m[90m 100[2mms[22m[39m
 [32m✓[39m __tests__/content-generator.test.ts [2m([22m[2m7 tests[22m[2m)[22m[90m 97[2mms[22m[39m
 [32m✓[39m __tests__/clv-void-exclusion-all-readers.test.ts [2m([22m[2m8 tests[22m[2m)[22m[90m 228[2mms[22m[39m
 [32m✓[39m __tests__/audit-drawer-shape.test.ts [2m([22m[2m18 tests[22m[2m)[22m[90m 14[2mms[22m[39m
 [32m✓[39m lib/fantasy/td-model.test.ts [2m([22m[2m16 tests[22m[2m)[22m[90m 21[2mms[22m[39m
 [32m✓[39m lib/claude-api/provider-dispatch.test.ts [2m([22m[2m8 tests[22m[2m)[22m[90m 17[2mms[22m[39m
 [32m✓[39m __tests__/dashboard-load-performance.test.ts [2m([22m[2m7 tests[22m[2m)[22m[90m 205[2mms[22m[39m
 [32m✓[39m __tests__/honesty-contrast.test.ts [2m([22m[2m12 tests[22m[2m)[22m[90m 13[2mms[22m[39m
 [32m✓[39m __tests__/resource-intelligence.test.ts [2m([22m[2m13 tests[22m[2m)[22m[33m 19323[2mms[22m[39m
   [33m[2m✓[22m[39m resource-intelligence: full-dump ledger (verified source)[2m > [22mbuilds a ledger whose counts sum to the unique resource total [33m4554[2mms[22m[39m
   [33m[2m✓[22m[39m resource-intelligence: full-dump ledger (verified source)[2m > [22mINVARIANT: no gated resource leaks into implement-now [33m3737[2mms[22m[39m
   [33m[2m✓[22m[39m resource-intelligence: full-dump ledger (verified source)[2m > [22mINVARIANT: obvious piracy substrings never appear in a safe bucket [33m3544[2mms[22m[39m
   [33m[2m✓[22m[39m resource-intelligence: full-dump ledger (verified source)[2m > [22mowner-review + quarantine queues are non-empty and disjoint from implement-now [33m3028[2mms[22m[39m
   [33m[2m✓[22m[39m resource-intelligence: full-dump ledger (verified source)[2m > [22mcockpit summary only surfaces safe items and gates the rest as counts [33m4363[2mms[22m[39m
 [32m✓[39m __tests__/pick-death-clock.test.ts [2m([22m[2m10 tests[22m[2m)[22m[90m 14[2mms[22m[39m
 [32m✓[39m lib/fantasy/draft.test.ts [2m([22m[2m21 tests[22m[2m)[22m[90m 36[2mms[22m[39m
 [32m✓[39m __tests__/airwave-intelligence-control-plane.test.ts [2m([22m[2m26 tests[22m[2m)[22m[90m 47[2mms[22m[39m
 [32m✓[39m lib/founder-picks/factors.test.ts [2m([22m[2m15 tests[22m[2m)[22m[90m 41[2mms[22m[39m
 [32m✓[39m __tests__/gate-flip-readiness.test.ts [2m([22m[2m21 tests[22m[2m)[22m[90m 11[2mms[22m[39m
 [32m✓[39m __tests__/cockpit-tasks-route.test.ts [2m([22m[2m11 tests[22m[2m)[22m[90m 27[2mms[22m[39m
 [31m❯[39m lib/fantasy/dfs-optimizer.test.ts [2m([22m[2m26 tests[22m[2m | [22m[31m12 failed[39m[2m)[22m[33m 149470[2mms[22m[39m
[31m   [31m×[31m dfs optimizer — exact DP correctness proof[2m > [22mmatches brute-force optimum exactly on a clear (non-tied) pool, cash mode[33m 363[2mms[22m[31m[39m
[31m     → expected 120.5 to be close to 119, received difference is 1.5, but expected 5e-7[39m
[31m   [31m×[31m dfs optimizer — exact DP correctness proof[2m > [22mmatches brute-force optimum exactly on a clear (non-tied) pool, gpp mode[90m 243[2mms[22m[31m[39m
[31m     → expected 218 to be close to 214, received difference is 4, but expected 5e-7[39m
[31m   [31m×[31m dfs optimizer — exact DP correctness proof[2m > [22mmatches brute-force optimum exactly on a clear (non-tied) pool, leverage mode[33m 13459[2mms[22m[31m[39m
[31m     → expected 259.0029637029637 to be close to 175.5346404864949, received difference is 83.4683232164688, but expected 5e-7[39m
[31m   [31m×[31m dfs optimizer — exact DP correctness proof[2m > [22mresolves a genuine tie to a value-optimal lineup (two interchangeable QBs)[33m 2847[2mms[22m[31m[39m
[31m     → expected 218 to be close to 214, received difference is 4, but expected 5e-7[39m
[31m   [31m×[31m dfs optimizer — exact DP correctness proof[2m > [22mmatches brute-force optimum under a lock + stack intersection (locks constrain, stack binds)[90m 65[2mms[22m[31m[39m
[31m     → expected null not to be null[39m
[31m   [31m×[31m dfs optimizer — exact DP correctness proof[2m > [22mpicks the higher-value player for FLEX across positions (TE beats RB in FLEX)[33m 3851[2mms[22m[31m[39m
[31m     → expected 218 to be close to 216, received difference is 2, but expected 5e-7[39m
[31m   [31m×[31m dfs optimizer — exact DP correctness proof[2m > [22mreturns null when the pool cannot fill a required slot (no TE at all)[33m 3032[2mms[22m[31m[39m
[31m     → expected [ { id: 'dqb1', …(9) }, …(8) ] to be null[39m
[31m   [31m×[31m dfs optimizer — exact DP correctness proof[2m > [22mreturns null when the cheapest feasible lineup still exceeds the cap[33m 2978[2mms[22m[31m[39m
[31m     → expected [ { id: 'dqb1', …(9) }, …(8) ] to be null[39m
   [33m[2m✓[22m[39m dfs optimizer — exact DP correctness proof[2m > [22mis fully deterministic — identical output across repeated runs [33m45887[2mms[22m[39m
[31m   [31m×[31m dfs optimizer — exact DP correctness proof[2m > [22mmatches brute-force optimum exactly with stack required (validates the branch-and-bound team pruning)[33m 8577[2mms[22m[31m[39m
[31m     → expected 218 to be close to 214, received difference is 4, but expected 5e-7[39m
[31m   [31m×[31m dfs optimizer — exact DP correctness proof[2m > [22mstack pruning still finds the true optimum when the best-bound team turns out cap-infeasible[33m 6002[2mms[22m[31m[39m
[31m     → expected 218 to be close to 214, received difference is 4, but expected 5e-7[39m
   [33m[2m✓[22m[39m dfs optimizer[2m > [22mbuilds a full, slot-legal lineup under the cap [33m2966[2mms[22m[39m
   [33m[2m✓[22m[39m dfs optimizer[2m > [22menforces a QB stack when asked, exactly (best stackable team wins) [33m3268[2mms[22m[39m
   [33m[2m✓[22m[39m dfs optimizer[2m > [22mcash mode out-projects on median, GPP reaches higher ceiling [33m7659[2mms[22m[39m
   [33m[2m✓[22m[39m dfs optimizer[2m > [22mgenerates the requested number of unique lineups with exposure control [33m5946[2mms[22m[39m
   [33m[2m✓[22m[39m dfs optimizer[2m > [22mtreats exposure as a disclosed target, not a cap — full portfolios may exceed it [33m8133[2mms[22m[39m
   [33m[2m✓[22m[39m dfs optimizer[2m > [22mleverage mode favours lower total ownership than cash [33m6277[2mms[22m[39m
[31m   [31m×[31m dfs optimizer[2m > [22mgenerateLineups is deterministic — identical lineups and exposure across runs[33m 12354[2mms[22m[31m[39m
[31m     → expected [ …(6) ] to deeply equal [ …(6) ][39m
   [33m[2m✓[22m[39m dfs optimizer[2m > [22mreports per-player usage as an exact fraction of lineups generated [33m3657[2mms[22m[39m
[31m   [31m×[31m dfs optimizer[2m > [22mcontains no Math.random anywhere — the solver is fully deterministic[90m 18[2mms[22m[31m[39m
[31m     → expected '/**\n * DFS Optimizer engine — salary…' not to match /Math\.random/[39m
   [33m[2m✓[22m[39m dfs optimizer — 600-player scale (CI-safe timed)[2m > [22msolves an exact 600-player optimum within 10s (CI-safe) [33m3442[2mms[22m[39m
   [33m[2m✓[22m[39m dfs optimizer — 600-player scale (CI-safe timed)[2m > [22mis deterministic at 600-player scale too [33m8323[2mms[22m[39m
 [32m✓[39m __tests__/api-v1-abuse-response-fixtures.test.ts [2m([22m[2m4 tests[22m[2m)[22m[33m 1045[2mms[22m[39m
   [33m[2m✓[22m[39m API v1 abuse-response fixture report[2m > [22mblocks promotion evidence when the local review queue has unresolved or stale packets [33m367[2mms[22m[39m
 [32m✓[39m __tests__/compliance-scanner-payments-surfaces.test.ts [2m([22m[2m15 tests[22m[2m)[22m[90m 26[2mms[22m[39m
 [32m✓[39m __tests__/api-v1-durable-adapter-harness.test.ts [2m([22m[2m5 tests[22m[2m)[22m[90m 24[2mms[22m[39m
 [32m✓[39m __tests__/founder-next-steps.test.ts [2m([22m[2m16 tests[22m[2m)[22m[90m 43[2mms[22m[39m
 [32m✓[39m lib/conviction/signals/beat-report.test.ts [2m([22m[2m21 tests[22m[2m)[22m[90m 11[2mms[22m[39m
[90mstderr[2m | __tests__/calibration-insight-claude.test.ts
[22m[39m[@sports/db] stub Prisma client active (DATABASE_URL not set). All reads return empty results.

 [32m✓[39m __tests__/calibration-insight-claude.test.ts [2m([22m[2m9 tests[22m[2m)[22m[90m 21[2mms[22m[39m
 [32m✓[39m __tests__/espn-public.test.ts [2m([22m[2m14 tests[22m[2m)[22m[90m 10[2mms[22m[39m
 [32m✓[39m __tests__/local-review-queue-report.test.ts [2m([22m[2m4 tests[22m[2m)[22m[90m 78[2mms[22m[39m
 [32m✓[39m __tests__/gate-certificates.test.ts [2m([22m[2m7 tests[22m[2m)[22m[90m 151[2mms[22m[39m
[90mstderr[2m | lib/intelligence/qb-forward.test.ts
[22m[39m[@sports/db] stub Prisma client active (DATABASE_URL not set). All reads return empty results.

 [32m✓[39m lib/intelligence/qb-forward.test.ts [2m([22m[2m7 tests[22m[2m)[22m[90m 8[2mms[22m[39m
 [32m✓[39m __tests__/billing-notice.test.ts [2m([22m[2m13 tests[22m[2m)[22m[90m 151[2mms[22m[39m
 [32m✓[39m lib/api-v1/__tests__/payload-filter.test.ts [2m([22m[2m5 tests[22m[2m)[22m[90m 10[2mms[22m[39m
 [32m✓[39m __tests__/free-score-persist-guard.test.ts [2m([22m[2m6 tests[22m[2m)[22m[33m 3927[2mms[22m[39m
   [33m[2m✓[22m[39m candidate query shape (C-170)[2m > [22mwarns instead of silently truncating when the cap does fill [33m3620[2mms[22m[39m
 [2m[90m↓[39m[22m __tests__/cash-os-pg.test.ts [2m([22m[2m6 tests[22m[2m | [22m[33m6 skipped[39m[2m)[22m
 [32m✓[39m __tests__/premium-analytics-rate-limit.test.ts [2m([22m[2m12 tests[22m[2m)[22m[90m 187[2mms[22m[39m
 [32m✓[39m __tests__/fences-and-adapters.test.ts [2m([22m[2m9 tests[22m[2m)[22m[33m 501[2mms[22m[39m
 [32m✓[39m __tests__/galaxy-twin-market-signals.test.ts [2m([22m[2m18 tests[22m[2m)[22m[90m 8[2mms[22m[39m
 [32m✓[39m __tests__/airwave-claim-extraction-contract.test.ts [2m([22m[2m21 tests[22m[2m)[22m[90m 12[2mms[22m[39m
 [32m✓[39m __tests__/airwave-gse-gsn-output-map.test.ts [2m([22m[2m18 tests[22m[2m)[22m[90m 12[2mms[22m[39m
 [32m✓[39m __tests__/airwave-intake-contract.test.ts [2m([22m[2m27 tests[22m[2m)[22m[90m 14[2mms[22m[39m
 [2m[90m↓[39m[22m __tests__/governed-gate-pg.test.ts [2m([22m[2m3 tests[22m[2m | [22m[33m3 skipped[39m[2m)[22m
 [32m✓[39m __tests__/affiliate-structural-separation-guard.test.ts [2m([22m[2m9 tests[22m[2m)[22m[33m 15533[2mms[22m[39m
   [33m[2m✓[22m[39m Affiliate structural-separation guard[2m > [22mpasses the current repository state [33m11532[2mms[22m[39m
   [33m[2m✓[22m[39m Affiliate structural-separation guard[2m > [22mpasses a minimal, uncoupled temp repo [33m388[2mms[22m[39m
   [33m[2m✓[22m[39m Affiliate structural-separation guard[2m > [22mblocks the engine importing the affiliate ledger (forward direction) [33m525[2mms[22m[39m
   [33m[2m✓[22m[39m Affiliate structural-separation guard[2m > [22mblocks data-ingestion importing the revenue pipeline (forward direction) [33m348[2mms[22m[39m
   [33m[2m✓[22m[39m Affiliate structural-separation guard[2m > [22mblocks ingestion-pipeline importing the operator registry (forward direction) [33m553[2mms[22m[39m
   [33m[2m✓[22m[39m Affiliate structural-separation guard[2m > [22mblocks a worker importing the affiliate ledger (forward direction) [33m623[2mms[22m[39m
   [33m[2m✓[22m[39m Affiliate structural-separation guard[2m > [22mblocks the affiliate ledger importing prediction-engine internals (reverse direction) [33m672[2mms[22m[39m
   [33m[2m✓[22m[39m Affiliate structural-separation guard[2m > [22mblocks the operator registry importing prediction-engine internals (reverse direction) [33m330[2mms[22m[39m
   [33m[2m✓[22m[39m Affiliate structural-separation guard[2m > [22mdoes not flag unrelated cross-package imports (e.g. apps/web/lib/scraping) as violations [33m543[2mms[22m[39m
 [32m✓[39m __tests__/public-win-probability.test.ts [2m([22m[2m11 tests[22m[2m)[22m[90m 10[2mms[22m[39m
 [32m✓[39m __tests__/board-gate-rows.test.ts [2m([22m[2m17 tests[22m[2m)[22m[90m 126[2mms[22m[39m
 [32m✓[39m __tests__/stripe-mutation-guard-invariant.test.ts [2m([22m[2m4 tests[22m[2m)[22m[90m 10[2mms[22m[39m
 [32m✓[39m __tests__/board-gate-flag-policy.test.ts [2m([22m[2m6 tests[22m[2m)[22m[33m 354[2mms[22m[39m
   [33m[2m✓[22m[39m LIVE_BOARD_GATE_SLATE is off by construction[2m > [22mis never assigned an enabling value in any deployable config [33m347[2mms[22m[39m
[90mstderr[2m | __tests__/api-entitlement.test.ts[2m > [22m[2mrequirePremiumApi[2m > [22m[2mfails closed to 403 when the entitlement lookup throws
[22m[39m[entitlements] FAIL-CLOSED at api-entitlement:gate — serving the fail-closed fallback (anonymous / FREE) because entitlements could not be resolved for user user: Error: db down. A paying member may be seeing the free surface; this is infrastructure, not policy.

[90mstderr[2m | __tests__/api-entitlement.test.ts[2m > [22m[2mrequirePremiumApi[2m > [22m[2mfails closed to 401 when auth() itself throws
[22m[39m[entitlements] FAIL-CLOSED at api-entitlement:auth — serving the fail-closed fallback (anonymous / FREE) because entitlements could not be resolved for user <unauthenticated>: Error: auth boom. A paying member may be seeing the free surface; this is infrastructure, not policy.

 [32m✓[39m __tests__/api-entitlement.test.ts [2m([22m[2m13 tests[22m[2m)[22m[90m 42[2mms[22m[39m
 [32m✓[39m __tests__/partner-sponsor-review-fixtures.test.ts [2m([22m[2m8 tests[22m[2m)[22m[90m 28[2mms[22m[39m
 [32m✓[39m lib/news/impact.test.ts [2m([22m[2m16 tests[22m[2m)[22m[90m 9[2mms[22m[39m
 [32m✓[39m __tests__/frontier-guardrail-hardening.test.ts [2m([22m[2m13 tests[22m[2m)[22m[33m 5481[2mms[22m[39m
   [33m[2m✓[22m[39m public copy scanners[2m > [22mallows legitimate lock-time and evidence vocabulary [33m357[2mms[22m[39m
   [33m[2m✓[22m[39m secret scanner[2m > [22mscans the staged index blob instead of a cleaned worktree copy [33m907[2mms[22m[39m
   [33m[2m✓[22m[39m secret scanner[2m > [22mscans tracked build artifacts in full-tree mode [33m1248[2mms[22m[39m
   [33m[2m✓[22m[39m secret scanner[2m > [22mdetects remote Redis credentials without flagging localhost development [33m837[2mms[22m[39m
   [33m[2m✓[22m[39m draft-only scanner[2m > [22mdoes not let a trailing comment exempt executable publishing code [33m529[2mms[22m[39m
   [33m[2m✓[22m[39m draft-only scanner[2m > [22mdoes not let a null marker exempt publishing code on the same line [33m534[2mms[22m[39m
   [33m[2m✓[22m[39m trust scanner exemptions[2m > [22mallows the exact negative lexicon declaration [33m371[2mms[22m[39m
[90mstderr[2m | lib/intelligence/route-rate.test.ts
[22m[39m[@sports/db] stub Prisma client active (DATABASE_URL not set). All reads return empty results.

 [32m✓[39m lib/intelligence/route-rate.test.ts [2m([22m[2m11 tests[22m[2m)[22m[90m 10[2mms[22m[39m
 [32m✓[39m __tests__/jarvis-alerts.test.ts [2m([22m[2m20 tests[22m[2m)[22m[90m 13[2mms[22m[39m
 [32m✓[39m __tests__/health-alert-decision.test.ts [2m([22m[2m12 tests[22m[2m)[22m[90m 8[2mms[22m[39m
 [32m✓[39m __tests__/board-passes-api-entitlement.test.ts [2m([22m[2m6 tests[22m[2m)[22m[90m 32[2mms[22m[39m
 [32m✓[39m lib/conviction/signals/narrative-incentive.test.ts [2m([22m[2m19 tests[22m[2m)[22m[90m 10[2mms[22m[39m
 [32m✓[39m __tests__/capability-state.test.ts [2m([22m[2m19 tests[22m[2m)[22m[90m 11[2mms[22m[39m
 [32m✓[39m __tests__/nova-capability-source-schema.test.ts [2m([22m[2m11 tests[22m[2m)[22m[90m 14[2mms[22m[39m
 [32m✓[39m lib/watchlist/db.test.ts [2m([22m[2m17 tests[22m[2m)[22m[90m 17[2mms[22m[39m
 [32m✓[39m __tests__/pedersen-opener-boundary.test.ts [2m([22m[2m9 tests[22m[2m)[22m[33m 32298[2mms[22m[39m
   [33m[2m✓[22m[39m pedersen opener boundary guard[2m > [22mthe real repo is clean — no slateCommitment read can reach the opener [33m28224[2mms[22m[39m
   [33m[2m✓[22m[39m pedersen opener boundary guard[2m > [22mflags a read with no explicit select — Prisma would return the opener [33m553[2mms[22m[39m
   [33m[2m✓[22m[39m pedersen opener boundary guard[2m > [22mflags an opener column selected inside the public tree [33m664[2mms[22m[39m
   [33m[2m✓[22m[39m pedersen opener boundary guard[2m > [22mdoes NOT flag the compliant reader, even though a comment names the opener [33m382[2mms[22m[39m
   [33m[2m✓[22m[39m pedersen opener boundary guard[2m > [22mflags a SECOND opener reader outside the allowlist, even though it is not under apps/ [33m306[2mms[22m[39m
   [33m[2m✓[22m[39m pedersen opener boundary guard[2m > [22mflags relation traversal from the receipt side (rule D) — the hole the review found [33m304[2mms[22m[39m
   [33m[2m✓[22m[39m pedersen opener boundary guard[2m > [22mflags opener extraction through aggregate _max (rule E) — no `select` needed [33m441[2mms[22m[39m
   [33m[2m✓[22m[39m pedersen opener boundary guard[2m > [22mdoes NOT flag a traversal whose nested select names only public columns [33m798[2mms[22m[39m
   [33m[2m✓[22m[39m pedersen opener boundary guard[2m > [22mreports exactly the six seeded violations — no over-firing [33m486[2mms[22m[39m
 [32m✓[39m __tests__/academy-registers.test.ts [2m([22m[2m19 tests[22m[2m)[22m[90m 12[2mms[22m[39m
 [32m✓[39m __tests__/numeric-performance-claims.test.ts [2m([22m[2m20 tests[22m[2m)[22m[90m 15[2mms[22m[39m
 [32m✓[39m __tests__/dfs-lineup-repair.test.ts [2m([22m[2m8 tests[22m[2m)[22m[90m 14[2mms[22m[39m
 [32m✓[39m lib/intelligence/divergence.test.ts [2m([22m[2m5 tests[22m[2m)[22m[90m 10[2mms[22m[39m
 [32m✓[39m lib/performance/__tests__/build-performance-summaries.test.ts [2m([22m[2m12 tests[22m[2m)[22m[90m 13[2mms[22m[39m
 [32m✓[39m __tests__/api-v1-shadow-route-replay.test.ts [2m([22m[2m4 tests[22m[2m)[22m[90m 16[2mms[22m[39m
 [32m✓[39m __tests__/middleware-contract.test.ts [2m([22m[2m9 tests[22m[2m)[22m[90m 42[2mms[22m[39m
 [32m✓[39m __tests__/api-v1-durable-fixture-report.test.ts [2m([22m[2m6 tests[22m[2m)[22m[90m 22[2mms[22m[39m
[90mstderr[2m | lib/integrations/sleeper-sync.test.ts
[22m[39m[@sports/db] stub Prisma client active (DATABASE_URL not set). All reads return empty results.

 [32m✓[39m lib/integrations/sleeper-sync.test.ts [2m([22m[2m9 tests[22m[2m)[22m[90m 15[2mms[22m[39m
 [32m✓[39m __tests__/how-we-make-money.test.ts [2m([22m[2m13 tests[22m[2m)[22m[90m 277[2mms[22m[39m
[90mstderr[2m | __tests__/odds-fetchedat-staleness.test.ts
[22m[39m[@sports/db] stub Prisma client active (DATABASE_URL not set). All reads return empty results.

 [32m✓[39m __tests__/player-stats-upsert-idempotency.test.ts [2m([22m[2m2 tests[22m[2m)[22m[90m 6[2mms[22m[39m
[90mstderr[2m | __tests__/dfs-salaries.test.ts
[22m[39m[@sports/db] stub Prisma client active (DATABASE_URL not set). All reads return empty results.

 [32m✓[39m lib/calibration/__tests__/in-play-exclusion.test.ts [2m([22m[2m11 tests[22m[2m)[22m[90m 54[2mms[22m[39m
 [32m✓[39m __tests__/dashboard-performance-gate.test.ts [2m([22m[2m15 tests[22m[2m)[22m[90m 14[2mms[22m[39m
 [32m✓[39m __tests__/settle-picks-paid-scores-governor.test.ts [2m([22m[2m2 tests[22m[2m)[22m[33m 4060[2mms[22m[39m
   [33m[2m✓[22m[39m GET /api/cron/settle-picks: paid scores justification (C-109)[2m > [22mpasses only the sports with overdue no-final picks as justified, and reports them [33m2189[2mms[22m[39m
   [33m[2m✓[22m[39m GET /api/cron/settle-picks: paid scores justification (C-109)[2m > [22mwith no RCA report nothing is justified (the paid feed is never spent blind) [33m1827[2mms[22m[39m
 [32m✓[39m __tests__/ai-control-plane-sealing-guard.test.ts [2m([22m[2m8 tests[22m[2m)[22m[33m 68726[2mms[22m[39m
   [33m[2m✓[22m[39m AI control-plane sealing guard[2m > [22mpasses against the real repo (no production imports of sealed modules) [33m66926[2mms[22m[39m
   [33m[2m✓[22m[39m AI control-plane sealing guard[2m > [22mflags dynamic import() and require() of sealed modules [33m335[2mms[22m[39m
 [32m✓[39m __tests__/canonical-site-url.test.ts [2m([22m[2m9 tests[22m[2m)[22m[33m 306[2mms[22m[39m
 [32m✓[39m __tests__/ingest-player-stats.test.ts [2m([22m[2m4 tests[22m[2m)[22m[90m 11[2mms[22m[39m
 [32m✓[39m __tests__/odds-fetchedat-staleness.test.ts [2m([22m[2m19 tests[22m[2m)[22m[90m 113[2mms[22m[39m
 [32m✓[39m __tests__/dfs-salaries.test.ts [2m([22m[2m7 tests[22m[2m)[22m[33m 3947[2mms[22m[39m
   [33m[2m✓[22m[39m dfs salaries (multi-source, reconciled)[2m > [22mreturns the gate's 401 denial for an anonymous caller [33m1051[2mms[22m[39m
   [33m[2m✓[22m[39m dfs salaries (multi-source, reconciled)[2m > [22mreturns the gate's 403 denial for an under-tier viewer [33m979[2mms[22m[39m
   [33m[2m✓[22m[39m dfs salaries (multi-source, reconciled)[2m > [22mserves the dfs salaries API once the gate grants access [33m1548[2mms[22m[39m
 [32m✓[39m lib/intelligence/colors.test.ts [2m([22m[2m18 tests[22m[2m)[22m[90m 12[2mms[22m[39m
 [32m✓[39m __tests__/commercial-pages-launch-qa.test.ts [2m([22m[2m5 tests[22m[2m)[22m[90m 17[2mms[22m[39m
[90mstderr[2m | __tests__/model-journal-claude.test.ts
[22m[39m[@sports/db] stub Prisma client active (DATABASE_URL not set). All reads return empty results.

 [32m✓[39m __tests__/no-fake-percentages.test.ts [2m([22m[2m365 tests[22m[2m)[22m[90m 199[2mms[22m[39m
 [32m✓[39m __tests__/model-journal-claude.test.ts [2m([22m[2m8 tests[22m[2m)[22m[33m 489[2mms[22m[39m
 [32m✓[39m components/ui/data-table.test.ts [2m([22m[2m17 tests[22m[2m)[22m[90m 21[2mms[22m[39m
 [32m✓[39m __tests__/fable-proof-dashboard.test.tsx [2m([22m[2m7 tests[22m[2m)[22m[90m 134[2mms[22m[39m
 [32m✓[39m __tests__/pick-card-market-implied.test.tsx [2m([22m[2m6 tests[22m[2m)[22m[33m 1124[2mms[22m[39m
   [33m[2m✓[22m[39m PickCard: market-implied win probability[2m > [22mrenders the verified label for a receipted book-priced moneyline [33m758[2mms[22m[39m
[90mstderr[2m | __tests__/picks-prod-seed-exclusion.test.ts[2m > [22m[2m/api/picks — production seed-row exclusion[2m > [22m[2mnon-production (test): NO seed filter — demo mode preserved
[22m[39m[selective-publish] durable proven-path plan could not be read: Error: [vitest] No "isStubMode" export is defined on the "@sports/db" mock. Did you forget to return it from "vi.mock"? If you need to partially mock a module, you can use "importOriginal" helper inside:. Treating as UNAVAILABLE (not 'not set'); serving the last known value and retrying after a short backoff.

[90mstderr[2m | __tests__/picks-prod-seed-exclusion.test.ts[2m > [22m[2m/api/picks — production seed-row exclusion[2m > [22m[2mnon-production (test): NO seed filter — demo mode preserved
[22m[39m[selective-publish] durable ranking pause could not be read: Error: [vitest] No "isStubMode" export is defined on the "@sports/db" mock. Did you forget to return it from "vi.mock"? If you need to partially mock a module, you can use "importOriginal" helper inside:. Treating as UNAVAILABLE (not 'not set'); serving the last known value and retrying after a short backoff.

 [32m✓[39m __tests__/airwave-source-policy.test.ts [2m([22m[2m18 tests[22m[2m)[22m[90m 11[2mms[22m[39m
 [32m✓[39m __tests__/jarvis-diff.test.ts [2m([22m[2m6 tests[22m[2m)[22m[33m 319[2mms[22m[39m
 [32m✓[39m __tests__/picks-prod-seed-exclusion.test.ts [2m([22m[2m4 tests[22m[2m)[22m[33m 29663[2mms[22m[39m
   [33m[2m✓[22m[39m /api/picks — production seed-row exclusion[2m > [22mproduction: the picks query AND the count exclude seed rows [33m27998[2mms[22m[39m
   [33m[2m✓[22m[39m /api/picks — production seed-row exclusion[2m > [22mproduction: a stray seed row is never returned (query filters it out) [33m545[2mms[22m[39m
   [33m[2m✓[22m[39m /api/picks — production seed-row exclusion[2m > [22mnon-production (test): NO seed filter — demo mode preserved [33m449[2mms[22m[39m
   [33m[2m✓[22m[39m /api/picks — production seed-row exclusion[2m > [22mdevelopment: NO seed filter either (dev demo path unchanged) [33m651[2mms[22m[39m
[90mstderr[2m | __tests__/calibration-estimator-determinism.test.ts
[22m[39m[@sports/db] stub Prisma client active (DATABASE_URL not set). All reads return empty results.

 [32m✓[39m __tests__/data-first-public-surfaces.test.ts [2m([22m[2m6 tests[22m[2m)[22m[90m 9[2mms[22m[39m
[90mstderr[2m | lib/intelligence/expected-points.test.ts
[22m[39m[@sports/db] stub Prisma client active (DATABASE_URL not set). All reads return empty results.

 [32m✓[39m __tests__/ingest-pfr-adv-stats.test.ts [2m([22m[2m3 tests[22m[2m)[22m[90m 9[2mms[22m[39m
 [32m✓[39m lib/intelligence/expected-points.test.ts [2m([22m[2m8 tests[22m[2m)[22m[90m 16[2mms[22m[39m
 [32m✓[39m __tests__/api-v1-durable-rehearsal-plan.test.ts [2m([22m[2m6 tests[22m[2m)[22m[90m 12[2mms[22m[39m
 [32m✓[39m __tests__/calibration-estimator-determinism.test.ts [2m([22m[2m8 tests[22m[2m)[22m[33m 1601[2mms[22m[39m
   [33m[2m✓[22m[39m seeded estimators are permutation-invariant once canonically ordered[2m > [22mdebiasedExpectedCalibrationError: same rows, any rotation → same noise and debiased [33m341[2mms[22m[39m
   [33m[2m✓[22m[39m seeded estimators are permutation-invariant once canonically ordered[2m > [22mbootstrapDebiasedEceLowerBound: same rows, any rotation → same 5th-percentile bound [33m532[2mms[22m[39m
   [33m[2m✓[22m[39m seeded estimators are permutation-invariant once canonically ordered[2m > [22mslice metrics are identical under rotation (this is the guard that would have caught 09-10) [33m484[2mms[22m[39m
 [32m✓[39m __tests__/gse-v1-rate-limit.test.ts [2m([22m[2m15 tests[22m[2m)[22m[33m 2035[2mms[22m[39m
   [33m[2m✓[22m[39m gse v1 rate limit — gse/v1/hydration/plan[2m > [22mlets up to LIMIT requests through (not 429ed by the limiter) [33m386[2mms[22m[39m
 [31m❯[39m __tests__/homepage-doctrine-hero.test.ts [2m([22m[2m4 tests[22m[2m | [22m[31m1 failed[39m[2m)[22m[90m 44[2mms[22m[39m
[31m   [31m×[31m homepage doctrine hero[2m > [22muses the noise-to-signal thesis headline, one cold-open, no legacy hero[90m 36[2mms[22m[31m[39m
[31m     → expected 'import type { Metadata } from "next";…' to contain 'Galaxy turns it into'[39m
 [32m✓[39m __tests__/brand-safety-v2.test.ts [2m([22m[2m12 tests[22m[2m)[22m[33m 42427[2mms[22m[39m
   [33m[2m✓[22m[39m BS-040 — secret-scan pre-commit hook[2m > [22m--all scans every tracked file, not just the staged set [33m42039[2mms[22m[39m
 [32m✓[39m lib/push/subscription-db.test.ts [2m([22m[2m13 tests[22m[2m)[22m[90m 14[2mms[22m[39m
 [32m✓[39m lib/claude-api/providers/bedrock.test.ts [2m([22m[2m10 tests[22m[2m)[22m[90m 18[2mms[22m[39m
 [32m✓[39m __tests__/news-rss-wire.test.ts [2m([22m[2m10 tests[22m[2m)[22m[90m 25[2mms[22m[39m
 [32m✓[39m __tests__/free-settlement-orientation.test.ts [2m([22m[2m7 tests[22m[2m)[22m[90m 222[2mms[22m[39m
[90mstderr[2m | __tests__/stub-prisma-edge-cases.test.ts[2m > [22m[2mstub Prisma pick — edge cases[2m > [22m[2mfindMany with take: 0 returns []
[22m[39m[@sports/db] stub Prisma client active (DATABASE_URL not set). DEMO_PICKS_ENABLED=true — pick.findMany returns sample data.

[90mstderr[2m | __tests__/stub-prisma-edge-cases.test.ts[2m > [22m[2mstub Prisma pick — edge cases[2m > [22m[2mfindMany with take: 3 returns exactly 3 picks
[22m[39m[@sports/db] stub Prisma client active (DATABASE_URL not set). DEMO_PICKS_ENABLED=true — pick.findMany returns sample data.

[90mstderr[2m | __tests__/stub-prisma-edge-cases.test.ts[2m > [22m[2mstub Prisma pick — edge cases[2m > [22m[2mfindMany with isFeatured filter narrows to featured picks only
[22m[39m[@sports/db] stub Prisma client active (DATABASE_URL not set). DEMO_PICKS_ENABLED=true — pick.findMany returns sample data.

[90mstderr[2m | __tests__/stub-prisma-edge-cases.test.ts[2m > [22m[2mstub Prisma pick — edge cases[2m > [22m[2mcount with result.in containing PENDING still returns sample count
[22m[39m[@sports/db] stub Prisma client active (DATABASE_URL not set). DEMO_PICKS_ENABLED=true — pick.findMany returns sample data.

[90mstderr[2m | __tests__/stub-prisma-edge-cases.test.ts[2m > [22m[2mstub Prisma pick — edge cases[2m > [22m[2mcount with result.in only settled statuses returns 0
[22m[39m[@sports/db] stub Prisma client active (DATABASE_URL not set). DEMO_PICKS_ENABLED=true — pick.findMany returns sample data.

[90mstderr[2m | __tests__/stub-prisma-edge-cases.test.ts[2m > [22m[2mstub Prisma pick — edge cases[2m > [22m[2mfindMany with result.in only settled statuses returns []
[22m[39m[@sports/db] stub Prisma client active (DATABASE_URL not set). DEMO_PICKS_ENABLED=true — pick.findMany returns sample data.

[90mstderr[2m | __tests__/stub-prisma-edge-cases.test.ts[2m > [22m[2mstub Prisma pick — edge cases[2m > [22m[2mcount with isPublished: false returns 0 (samples are published)
[22m[39m[@sports/db] stub Prisma client active (DATABASE_URL not set). DEMO_PICKS_ENABLED=true — pick.findMany returns sample data.

[90mstderr[2m | __tests__/stub-prisma-edge-cases.test.ts[2m > [22m[2mstub Prisma pick — edge cases[2m > [22m[2mcount with no where clause returns sample count
[22m[39m[@sports/db] stub Prisma client active (DATABASE_URL not set). DEMO_PICKS_ENABLED=true — pick.findMany returns sample data.

 [32m✓[39m __tests__/api-rate-limit.test.ts [2m([22m[2m9 tests[22m[2m)[22m[90m 12[2mms[22m[39m
[90mstderr[2m | __tests__/stub-prisma-edge-cases.test.ts[2m > [22m[2mstub Prisma pick — edge cases[2m > [22m[2maggregate returns shape-correct zeros even with sample data
[22m[39m[@sports/db] stub Prisma client active (DATABASE_URL not set). DEMO_PICKS_ENABLED=true — pick.findMany returns sample data.

[90mstderr[2m | __tests__/stub-prisma-edge-cases.test.ts[2m > [22m[2mstub Prisma pick — edge cases[2m > [22m[2mgroupBy returns [] (no per-status groupings in stub mode)
[22m[39m[@sports/db] stub Prisma client active (DATABASE_URL not set). DEMO_PICKS_ENABLED=true — pick.findMany returns sample data.

 [32m✓[39m __tests__/picks-daily-limit-meta.test.ts [2m([22m[2m11 tests[22m[2m)[22m[90m 9[2mms[22m[39m
[90mstderr[2m | __tests__/stub-prisma-edge-cases.test.ts[2m > [22m[2mstub Prisma pick — edge cases[2m > [22m[2mcreate returns { id: 'stub' } — write is a no-op
[22m[39m[@sports/db] stub Prisma client active (DATABASE_URL not set). DEMO_PICKS_ENABLED=true — pick.findMany returns sample data.

 [32m✓[39m __tests__/states-matrix-slice.test.ts [2m([22m[2m13 tests[22m[2m)[22m[90m 14[2mms[22m[39m
 [32m✓[39m __tests__/proven-path-unstored-plan.test.ts [2m([22m[2m5 tests[22m[2m)[22m[33m 19148[2mms[22m[39m
   [33m[2m✓[22m[39m proven-path surface: an unstored plan is not returned[2m > [22mreturns null when the durable write failed [33m18370[2mms[22m[39m
   [33m[2m✓[22m[39m proven-path surface: an unstored plan is not returned[2m > [22mDOES return a surface when the same plan is written successfully [33m378[2mms[22m[39m
[90mstderr[2m | __tests__/stub-prisma-edge-cases.test.ts[2m > [22m[2mstub Prisma pick — edge cases[2m > [22m[2mdeleteMany returns { count: 0 }
[22m[39m[@sports/db] stub Prisma client active (DATABASE_URL not set). DEMO_PICKS_ENABLED=true — pick.findMany returns sample data.

[90mstderr[2m | __tests__/stub-prisma-edge-cases.test.ts[2m > [22m[2mstub Prisma pick — edge cases[2m > [22m[2mreturns picks consistently on multiple calls (deterministic)
[22m[39m[@sports/db] stub Prisma client active (DATABASE_URL not set). DEMO_PICKS_ENABLED=true — pick.findMany returns sample data.

[90mstderr[2m | __tests__/stub-prisma-edge-cases.test.ts[2m > [22m[2msample-picks integrity[2m > [22m[2mevery pick has a unique id within the slate
[22m[39m[@sports/db] stub Prisma client active (DATABASE_URL not set). DEMO_PICKS_ENABLED=true — pick.findMany returns sample data.

[90mstderr[2m | __tests__/stub-prisma-edge-cases.test.ts[2m > [22m[2msample-picks integrity[2m > [22m[2mevery pick has a unique gameId within the slate (no two picks on the same game)
[22m[39m[@sports/db] stub Prisma client active (DATABASE_URL not set). DEMO_PICKS_ENABLED=true — pick.findMany returns sample data.

[90mstderr[2m | __tests__/stub-prisma-edge-cases.test.ts[2m > [22m[2msample-picks integrity[2m > [22m[2mcommenceTime is always in the future relative to generatedAt
[22m[39m[@sports/db] stub Prisma client active (DATABASE_URL not set). DEMO_PICKS_ENABLED=true — pick.findMany returns sample data.

[90mstderr[2m | __tests__/stub-prisma-edge-cases.test.ts[2m > [22m[2msample-picks integrity[2m > [22m[2mconfidence is always between 50 and 100 (no negative / null edge cases)
[22m[39m[@sports/db] stub Prisma client active (DATABASE_URL not set). DEMO_PICKS_ENABLED=true — pick.findMany returns sample data.

[90mstderr[2m | __tests__/stub-prisma-edge-cases.test.ts[2m > [22m[2msample-picks integrity[2m > [22m[2mdataQualityScore stays in 0–100
[22m[39m[@sports/db] stub Prisma client active (DATABASE_URL not set). DEMO_PICKS_ENABLED=true — pick.findMany returns sample data.

 [32m✓[39m __tests__/stub-prisma-edge-cases.test.ts [2m([22m[2m18 tests[22m[2m)[22m[33m 3108[2mms[22m[39m
   [33m[2m✓[22m[39m stub Prisma pick — edge cases[2m > [22mdeleteMany returns { count: 0 } [33m354[2mms[22m[39m
   [33m[2m✓[22m[39m sample-picks integrity[2m > [22mdataQualityScore stays in 0–100 [33m419[2mms[22m[39m
 [32m✓[39m __tests__/api-v1-live-route-promotion-packet.test.ts [2m([22m[2m6 tests[22m[2m)[22m[90m 293[2mms[22m[39m
 [32m✓[39m __tests__/calibration-cockpit.test.ts [2m([22m[2m29 tests[22m[2m)[22m[33m 147562[2mms[22m[39m
   [33m[2m✓[22m[39m Phase 9 guardrail scripts — exist and execute[2m > [22mtrust-gate guardrail exits 0 (no banned phrases on public surface) [33m125210[2mms[22m[39m
   [33m[2m✓[22m[39m Phase 9 guardrail scripts — exist and execute[2m > [22mmodel-freeze guardrail exits 0 (current MODEL_VERSION is frozen-baseline-anchored) [33m751[2mms[22m[39m
   [33m[2m✓[22m[39m Phase 9 guardrail scripts — exist and execute[2m > [22mdraft-only guardrail exits 0 (no publish/send paths leaked) [33m21429[2mms[22m[39m
 [2m[90m↓[39m[22m __tests__/actor-hardening-db.integration.test.ts [2m([22m[2m4 tests[22m[2m | [22m[33m4 skipped[39m[2m)[22m
[90mstderr[2m | __tests__/birthday-usage-trend.test.ts
[22m[39m[@sports/db] stub Prisma client active (DATABASE_URL not set). All reads return empty results.

 [32m✓[39m __tests__/ncaa-consensus.test.ts [2m([22m[2m12 tests[22m[2m)[22m[90m 160[2mms[22m[39m
 [32m✓[39m __tests__/board-no-bet-detail.test.ts [2m([22m[2m8 tests[22m[2m)[22m[90m 11[2mms[22m[39m
 [32m✓[39m __tests__/backfill-team-efficiency-route.test.ts [2m([22m[2m9 tests[22m[2m)[22m[33m 816[2mms[22m[39m
 [32m✓[39m lib/fantasy/bestball.test.ts [2m([22m[2m13 tests[22m[2m)[22m[90m 17[2mms[22m[39m
 [32m✓[39m __tests__/trend-render-contract.test.ts [2m([22m[2m12 tests[22m[2m)[22m[90m 13[2mms[22m[39m
[90mstderr[2m | __tests__/calibration-gate-reading.test.tsx
[22m[39m[@sports/db] stub Prisma client active (DATABASE_URL not set). All reads return empty results.

 [32m✓[39m __tests__/jarvis-memory-authorization.test.ts [2m([22m[2m9 tests[22m[2m)[22m[90m 244[2mms[22m[39m
 [32m✓[39m __tests__/central-time-rendering.test.ts [2m([22m[2m16 tests[22m[2m)[22m[33m 587[2mms[22m[39m
   [33m[2m✓[22m[39m lib/time/central[2m > [22mrenders the production instant as Central, not UTC [33m369[2mms[22m[39m
 [32m✓[39m lib/claude-api/providers/vertex.test.ts [2m([22m[2m6 tests[22m[2m)[22m[90m 24[2mms[22m[39m
 [32m✓[39m __tests__/jarvis-capability-registry.test.ts [2m([22m[2m16 tests[22m[2m)[22m[90m 14[2mms[22m[39m
 [32m✓[39m __tests__/readiness-gate-enforcement.test.ts [2m([22m[2m11 tests[22m[2m)[22m[90m 16[2mms[22m[39m
 [32m✓[39m __tests__/jarvis-history.test.ts [2m([22m[2m10 tests[22m[2m)[22m[90m 271[2mms[22m[39m
 [32m✓[39m __tests__/market-fair-board.test.ts [2m([22m[2m12 tests[22m[2m)[22m[90m 12[2mms[22m[39m
 [32m✓[39m __tests__/simulation-cloud.test.ts [2m([22m[2m18 tests[22m[2m)[22m[90m 245[2mms[22m[39m
 [32m✓[39m __tests__/cron-prune-rate-limits.test.ts [2m([22m[2m8 tests[22m[2m)[22m[90m 44[2mms[22m[39m
 [32m✓[39m __tests__/env-example-coverage.test.ts [2m([22m[2m6 tests[22m[2m)[22m[90m 11[2mms[22m[39m
 [32m✓[39m __tests__/clv-headline-policy.test.ts [2m([22m[2m7 tests[22m[2m)[22m[90m 113[2mms[22m[39m
 [32m✓[39m __tests__/metric-slices-murphy-res.test.ts [2m([22m[2m7 tests[22m[2m)[22m[33m 770[2mms[22m[39m
 [32m✓[39m __tests__/market-fair-receipt-fallback.test.ts [2m([22m[2m11 tests[22m[2m)[22m[33m 305[2mms[22m[39m
 [32m✓[39m __tests__/migrate-if-configured.test.ts [2m([22m[2m12 tests[22m[2m)[22m[90m 24[2mms[22m[39m
 [32m✓[39m __tests__/bot-outbox-plan.test.ts [2m([22m[2m6 tests[22m[2m)[22m[33m 478[2mms[22m[39m
   [33m[2m✓[22m[39m bot outbox planner[2m > [22mplans free canonical pick publication drafts for Twitter and Discord [33m366[2mms[22m[39m
 [32m✓[39m __tests__/nova-credit-snapshot-conformance.test.ts [2m([22m[2m16 tests[22m[2m)[22m[90m 11[2mms[22m[39m
 [32m✓[39m lib/fantasy/proj-calibration.test.ts [2m([22m[2m15 tests[22m[2m)[22m[90m 10[2mms[22m[39m
[90mstderr[2m | __tests__/nba-rest.test.ts
[22m[39m[@sports/db] stub Prisma client active (DATABASE_URL not set). All reads return empty results.

 [32m✓[39m __tests__/nba-rest.test.ts [2m([22m[2m11 tests[22m[2m)[22m[90m 9[2mms[22m[39m
 [32m✓[39m lib/decision-genome/__tests__/ledgers.test.ts [2m([22m[2m13 tests[22m[2m)[22m[33m 359[2mms[22m[39m
[90mstderr[2m | __tests__/b2b-rate-limit.test.ts
[22m[39m[@sports/db] stub Prisma client active (DATABASE_URL not set). All reads return empty results.

 [32m✓[39m lib/metrics/opponent-adjusted-epa.test.ts [2m([22m[2m6 tests[22m[2m)[22m[90m 10[2mms[22m[39m
 [32m✓[39m __tests__/b2b-rate-limit.test.ts [2m([22m[2m6 tests[22m[2m)[22m[90m 131[2mms[22m[39m
 [32m✓[39m __tests__/calibration-gate-reading.test.tsx [2m([22m[2m6 tests[22m[2m)[22m[33m 1473[2mms[22m[39m
   [33m[2m✓[22m[39m calibration gate reading[2m > [22mrenders the figures with floors when the receipt exists and stats are enabled [33m1038[2mms[22m[39m
[90mstdout[2m | __tests__/slate-opening-route.test.ts[2m > [22m[2mwith the gate open[2m > [22m[2mdiscloses the opening when the planner allows it
[22m[39m[slate-opening] disclosed opening for AMERICANFOOTBALL_NFL:2026-09-14 (gate SLATE_OPENING_REVEAL_ENABLED=true)

 [32m✓[39m __tests__/proven-path-engine.test.ts [2m([22m[2m8 tests[22m[2m)[22m[33m 791[2mms[22m[39m
[90mstderr[2m | __tests__/pressure-coverage.test.ts
[22m[39m[@sports/db] stub Prisma client active (DATABASE_URL not set). All reads return empty results.

 [32m✓[39m __tests__/slate-opening-route.test.ts [2m([22m[2m16 tests[22m[2m)[22m[33m 2111[2mms[22m[39m
   [33m[2m✓[22m[39m the founder gate is closed by default[2m > [22mreturns 404 and discloses nothing when the flag is unset [33m484[2mms[22m[39m
 [32m✓[39m __tests__/public-copy-plain-language.test.ts [2m([22m[2m11 tests[22m[2m)[22m[90m 8[2mms[22m[39m
[90mstderr[2m | __tests__/next-gen-stats.test.ts
[22m[39m[@sports/db] stub Prisma client active (DATABASE_URL not set). All reads return empty results.

 [32m✓[39m __tests__/c224-confidence-not-a-probability-4-surfaces.test.ts [2m([22m[2m11 tests[22m[2m)[22m[90m 6[2mms[22m[39m
[90mstderr[2m | lib/human-performance/availability.test.ts
[22m[39m[@sports/db] stub Prisma client active (DATABASE_URL not set). All reads return empty results.

 [32m✓[39m __tests__/affiliate-compliance.test.ts [2m([22m[2m7 tests[22m[2m)[22m[90m 8[2mms[22m[39m
 [32m✓[39m lib/human-performance/availability.test.ts [2m([22m[2m14 tests[22m[2m)[22m[33m 367[2mms[22m[39m
 [32m✓[39m __tests__/source-router.test.ts [2m([22m[2m11 tests[22m[2m)[22m[90m 14[2mms[22m[39m
 [32m✓[39m __tests__/pressure-coverage.test.ts [2m([22m[2m3 tests[22m[2m)[22m[33m 2549[2mms[22m[39m
   [33m[2m✓[22m[39m nflverse pressure & coverage[2m > [22mserves the pressure-coverage API [33m2157[2mms[22m[39m
 [32m✓[39m __tests__/birthday-usage-trend.test.ts [2m([22m[2m3 tests[22m[2m)[22m[33m 9509[2mms[22m[39m
   [33m[2m✓[22m[39m birthday-window usage trend report[2m > [22mcomputes a real birthday-window cohort without making it a scoring input [33m577[2mms[22m[39m
   [33m[2m✓[22m[39m birthday-window usage trend report[2m > [22mserves the report API as a read-only research result [33m8847[2mms[22m[39m
 [32m✓[39m __tests__/source-intelligence.test.ts [2m([22m[2m12 tests[22m[2m)[22m[90m 12[2mms[22m[39m
 [32m✓[39m __tests__/jarvis-purity.test.ts [2m([22m[2m9 tests[22m[2m)[22m[90m 299[2mms[22m[39m
 [32m✓[39m __tests__/ingest-historical-games.test.ts [2m([22m[2m5 tests[22m[2m)[22m[90m 11[2mms[22m[39m
 [32m✓[39m __tests__/bot-templates.test.ts [2m([22m[2m6 tests[22m[2m)[22m[90m 36[2mms[22m[39m
 [32m✓[39m lib/projections/weekly-model.test.ts [2m([22m[2m12 tests[22m[2m)[22m[90m 10[2mms[22m[39m
 [32m✓[39m lib/calibration/skill-metrics.test.ts [2m([22m[2m6 tests[22m[2m)[22m[33m 540[2mms[22m[39m
 [32m✓[39m __tests__/next-gen-stats.test.ts [2m([22m[2m3 tests[22m[2m)[22m[33m 4145[2mms[22m[39m
   [33m[2m✓[22m[39m nflverse next gen stats[2m > [22mserves the NGS API without fabricating projections [33m3760[2mms[22m[39m
 [32m✓[39m __tests__/calibration-min-sample-floor.test.ts [2m([22m[2m7 tests[22m[2m)[22m[33m 587[2mms[22m[39m
[90mstderr[2m | __tests__/free-path-snapshot.test.ts
[22m[39m[@sports/db] stub Prisma client active (DATABASE_URL not set). All reads return empty results.

 [32m✓[39m lib/fantasy/league-twin.test.ts [2m([22m[2m8 tests[22m[2m)[22m[90m 10[2mms[22m[39m
 [32m✓[39m __tests__/jarvis-data-layer-manifest.test.ts [2m([22m[2m12 tests[22m[2m)[22m[90m 8[2mms[22m[39m
 [32m✓[39m lib/watchlist/channels/web-push-channel.test.ts [2m([22m[2m10 tests[22m[2m)[22m[90m 13[2mms[22m[39m
[90mstderr[2m | lib/nflverse/pbp.test.ts
[22m[39m[@sports/db] stub Prisma client active (DATABASE_URL not set). All reads return empty results.

 [32m✓[39m __tests__/sleeper-leagues-route.test.ts [2m([22m[2m5 tests[22m[2m)[22m[33m 2651[2mms[22m[39m
   [33m[2m✓[22m[39m /api/sleeper/leagues — rate limiting[2m > [22mallows requests within the 20/min per-IP quota [33m1351[2mms[22m[39m
   [33m[2m✓[22m[39m /api/sleeper/leagues — rate limiting[2m > [22mreturns 429 on the 21st request from the same IP within the window [33m618[2mms[22m[39m
   [33m[2m✓[22m[39m /api/sleeper/leagues — rate limiting[2m > [22mdifferent IPs have independent quotas [33m363[2mms[22m[39m
 [32m✓[39m __tests__/freshness-coverage.test.ts [2m([22m[2m10 tests[22m[2m)[22m[90m 10[2mms[22m[39m
 [32m✓[39m __tests__/studio-runtime.test.ts [2m([22m[2m6 tests[22m[2m)[22m[90m 15[2mms[22m[39m
 [32m✓[39m lib/fantasy/dfs-exact.test.ts [2m([22m[2m9 tests[22m[2m)[22m[33m 100663[2mms[22m[39m
   [33m[2m✓[22m[39m exact dfs optimizer[2m > [22mmatches brute-force ground truth on every mode [33m347[2mms[22m[39m
   [33m[2m✓[22m[39m exact dfs optimizer[2m > [22mon the real slate: optimal, and agrees with the incumbent exact optimizer [33m55669[2mms[22m[39m
   [33m[2m✓[22m[39m exact k-best · diverse pool · minStack · late-swap[2m > [22mkBest returns k distinct lineups, sorted by objective, topped by the single optimum [33m12110[2mms[22m[39m
   [33m[2m✓[22m[39m exact k-best · diverse pool · minStack · late-swap[2m > [22mdiversePool honours the overlap cap between every pair [33m11765[2mms[22m[39m
   [33m[2m✓[22m[39m exact k-best · diverse pool · minStack · late-swap[2m > [22mminStack forces a QB stack and never beats the unconstrained optimum [33m13935[2mms[22m[39m
   [33m[2m✓[22m[39m exact k-best · diverse pool · minStack · late-swap[2m > [22mlate-swap keeps locked players, stays legal, and never lowers the objective [33m6396[2mms[22m[39m
[90mstderr[2m | __tests__/sealed-engine.test.ts
[22m[39m[@sports/db] stub Prisma client active (DATABASE_URL not set). All reads return empty results.

 [32m✓[39m __tests__/sealed-engine.test.ts [2m([22m[2m9 tests[22m[2m)[22m[33m 327[2mms[22m[39m
 [32m✓[39m __tests__/sample-mode-ui.test.ts [2m([22m[2m14 tests[22m[2m)[22m[90m 13[2mms[22m[39m
 [32m✓[39m lib/nflverse/pbp.test.ts [2m([22m[2m3 tests[22m[2m)[22m[33m 408[2mms[22m[39m
 [32m✓[39m __tests__/credit-stack-posture.test.ts [2m([22m[2m11 tests[22m[2m)[22m[90m 10[2mms[22m[39m
 [32m✓[39m lib/performance/__tests__/persist-performance-summaries.test.ts [2m([22m[2m5 tests[22m[2m)[22m[90m 228[2mms[22m[39m
[90mstderr[2m | __tests__/gse-metrics-route-rights.test.ts
[22m[39m[@sports/db] stub Prisma client active (DATABASE_URL not set). All reads return empty results.

[90mstderr[2m | __tests__/audit-notes-doctrine.test.ts
[22m[39m[@sports/db] stub Prisma client active (DATABASE_URL not set). All reads return empty results.

 [32m✓[39m __tests__/reconstruction-engine.test.ts [2m([22m[2m9 tests[22m[2m)[22m[90m 9[2mms[22m[39m
 [32m✓[39m __tests__/free-spine-health-route.test.ts [2m([22m[2m3 tests[22m[2m)[22m[33m 558[2mms[22m[39m
   [33m[2m✓[22m[39m GET /api/cron/free-spine-health[2m > [22m401s without the bearer secret [33m549[2mms[22m[39m
[90mstderr[2m | __tests__/gse-metrics-route-rights.test.ts[2m > [22m[2mGET /api/gse/v1/metrics — the rights boundary holds at the HTTP edge[2m > [22m[2m?publicOnly=false does NOT expose restricted definitions
[22m[39m[entitlements] FAIL-CLOSED at auth:session-store — serving the fail-closed fallback (anonymous / FREE) because entitlements could not be resolved for user <unauthenticated>: Error: `headers` was called outside a request scope. Read more: <redacted-url>. A paying member may be seeing the free surface; this is infrastructure, not policy.

 [32m✓[39m __tests__/gse-metrics-route-rights.test.ts [2m([22m[2m8 tests[22m[2m)[22m[33m 1738[2mms[22m[39m
   [33m[2m✓[22m[39m GET /api/gse/v1/metrics — the rights boundary holds at the HTTP edge[2m > [22m?publicOnly=false does NOT expose restricted definitions [33m459[2mms[22m[39m
   [33m[2m✓[22m[39m GET /api/gse/v1/metrics — the rights boundary holds at the HTTP edge[2m > [22mevery metric on the default page is publicApi [33m393[2mms[22m[39m
   [33m[2m✓[22m[39m GET /api/gse/v1/metrics — the rights boundary holds at the HTTP edge[2m > [22mno ?tier= value of any kind leaks a restricted metric [33m313[2mms[22m[39m
[90mstderr[2m | __tests__/edge-signals.test.ts
[22m[39m[@sports/db] stub Prisma client active (DATABASE_URL not set). All reads return empty results.

 [32m✓[39m __tests__/backtest-calibration-cron-route.test.ts [2m([22m[2m6 tests[22m[2m)[22m[33m 372[2mms[22m[39m
[90mstderr[2m | lib/performance/__tests__/rebuild-performance-summaries.test.ts
[22m[39m[@sports/db] stub Prisma client active (DATABASE_URL not set). All reads return empty results.

 [32m✓[39m lib/performance/__tests__/rebuild-performance-summaries.test.ts [2m([22m[2m4 tests[22m[2m)[22m[90m 12[2mms[22m[39m
 [32m✓[39m __tests__/edge-signals.test.ts [2m([22m[2m3 tests[22m[2m)[22m[33m 1593[2mms[22m[39m
   [33m[2m✓[22m[39m nflverse edge signals (buy-low / sell-high fusion)[2m > [22mserves the edge-signals API without publishing picks [33m1570[2mms[22m[39m
 [32m✓[39m __tests__/no-competitor-trademarks.test.ts [2m([22m[2m3 tests[22m[2m)[22m[33m 5228[2mms[22m[39m
   [33m[2m✓[22m[39m A-1 · no competitor trademarks as identifiers[2m > [22mno forbidden competitor metric names outside allowlist [33m5217[2mms[22m[39m
 [32m✓[39m __tests__/main-content-id-coverage.test.ts [2m([22m[2m4 tests[22m[2m)[22m[90m 26[2mms[22m[39m
 [32m✓[39m __tests__/bootstrap-metric-ci.test.ts [2m([22m[2m5 tests[22m[2m)[22m[33m 565[2mms[22m[39m
 [32m✓[39m __tests__/settlement-health.test.ts [2m([22m[2m8 tests[22m[2m)[22m[90m 10[2mms[22m[39m
 [32m✓[39m lib/fable/evidence/evidence-harness.test.ts [2m([22m[2m6 tests[22m[2m)[22m[33m 309[2mms[22m[39m
 [32m✓[39m __tests__/signal-lineage.test.ts [2m([22m[2m12 tests[22m[2m)[22m[90m 10[2mms[22m[39m
 [32m✓[39m __tests__/conviction-dry-run-wiring.test.ts [2m([22m[2m5 tests[22m[2m)[22m[90m 63[2mms[22m[39m
[90mstderr[2m | __tests__/free-path-snapshot.test.ts[2m > [22m[2mrecordFreePathSnapshot[2m > [22m[2mmarks failed and returns failed without throwing
[22m[39m[free-path-snapshot] failed pick=pick-2: db down

 [32m✓[39m __tests__/free-path-snapshot.test.ts [2m([22m[2m4 tests[22m[2m)[22m[90m 60[2mms[22m[39m
 [32m✓[39m __tests__/stripe-portal-session.test.ts [2m([22m[2m4 tests[22m[2m)[22m[90m 9[2mms[22m[39m
 [32m✓[39m lib/fantasy/payout-sim.test.ts [2m([22m[2m13 tests[22m[2m)[22m[90m 11[2mms[22m[39m
 [32m✓[39m __tests__/audit-notes-doctrine.test.ts [2m([22m[2m12 tests[22m[2m)[22m[90m 79[2mms[22m[39m
[90mstderr[2m | lib/pick-explainer/explain-error-disclosure.test.ts
[22m[39m[@sports/db] stub Prisma client active (DATABASE_URL not set). All reads return empty results.

 [32m✓[39m lib/pick-explainer/explain-error-disclosure.test.ts [2m([22m[2m8 tests[22m[2m)[22m[33m 370[2mms[22m[39m
 [32m✓[39m __tests__/observability.test.ts [2m([22m[2m12 tests[22m[2m)[22m[33m 12578[2mms[22m[39m
   [33m[2m✓[22m[39m initObservability — no DSN[2m > [22mreturns cleanly without throwing when SENTRY_DSN is absent [33m11807[2mms[22m[39m
   [33m[2m✓[22m[39m captureError — no DSN[2m > [22mno-ops without throwing when called multiple times without DSN [33m516[2mms[22m[39m
 [32m✓[39m __tests__/consensus/public-picks.test.ts [2m([22m[2m12 tests[22m[2m)[22m[90m 8[2mms[22m[39m
 [32m✓[39m __tests__/journal-public-guard-loader.test.ts [2m([22m[2m3 tests[22m[2m)[22m[90m 244[2mms[22m[39m
 [32m✓[39m __tests__/clv-coverage.test.ts [2m([22m[2m10 tests[22m[2m)[22m[90m 242[2mms[22m[39m
 [32m✓[39m __tests__/jarvis-golden-master.test.ts [2m([22m[2m2 tests[22m[2m)[22m[90m 223[2mms[22m[39m
 [32m✓[39m __tests__/per-market-gate.test.ts [2m([22m[2m8 tests[22m[2m)[22m[90m 8[2mms[22m[39m
 [32m✓[39m __tests__/player-lab-alias-redirects.test.ts [2m([22m[2m3 tests[22m[2m)[22m[90m 8[2mms[22m[39m
[90mstderr[2m | __tests__/daily-slate-route.test.ts[2m > [22m[2m/api/picks/daily-slate[2m > [22m[2mreturns 10 total pick count under stub+demo mode
[22m[39m[@sports/db] stub Prisma client active (DATABASE_URL not set). DEMO_PICKS_ENABLED=true — pick.findMany returns sample data.

 [32m✓[39m __tests__/tier-ttl.test.ts [2m([22m[2m17 tests[22m[2m)[22m[90m 11[2mms[22m[39m
 [32m✓[39m lib/decision-genome/__tests__/aperture.test.ts [2m([22m[2m12 tests[22m[2m)[22m[90m 9[2mms[22m[39m
 [32m✓[39m lib/fantasy/stack-exposure.test.ts [2m([22m[2m12 tests[22m[2m)[22m[90m 24[2mms[22m[39m
 [32m✓[39m __tests__/performance-gate.test.tsx [2m([22m[2m10 tests[22m[2m)[22m[90m 98[2mms[22m[39m
 [32m✓[39m __tests__/prod-probe-script.test.ts [2m([22m[2m14 tests[22m[2m)[22m[90m 8[2mms[22m[39m
 [32m✓[39m __tests__/player-stats-backfill-plan.test.ts [2m([22m[2m5 tests[22m[2m)[22m[90m 7[2mms[22m[39m
 [32m✓[39m __tests__/jarvis-health-tile-coverage.test.ts [2m([22m[2m37 tests[22m[2m)[22m[90m 27[2mms[22m[39m
 [32m✓[39m __tests__/jarvis-type-shape.test.ts [2m([22m[2m5 tests[22m[2m)[22m[90m 94[2mms[22m[39m
 [32m✓[39m __tests__/verify-route.test.ts [2m([22m[2m5 tests[22m[2m)[22m[90m 119[2mms[22m[39m
 [32m✓[39m lib/fantasy/props.test.ts [2m([22m[2m11 tests[22m[2m)[22m[90m 105[2mms[22m[39m
[90mstderr[2m | __tests__/daily-slate-route.test.ts[2m > [22m[2m/api/picks/daily-slate[2m > [22m[2mfree + premium count adds to total
[22m[39m[@sports/db] stub Prisma client active (DATABASE_URL not set). DEMO_PICKS_ENABLED=true — pick.findMany returns sample data.

 [32m✓[39m lib/market/best-line.test.ts [2m([22m[2m9 tests[22m[2m)[22m[90m 273[2mms[22m[39m
 [32m✓[39m lib/calibration/ranking-power-control.test.ts [2m([22m[2m6 tests[22m[2m)[22m[33m 753[2mms[22m[39m
 [32m✓[39m __tests__/airwave-intake-readiness.test.ts [2m([22m[2m4 tests[22m[2m)[22m[90m 54[2mms[22m[39m
[90mstderr[2m | lib/intelligence/player-model.test.ts
[22m[39m[@sports/db] stub Prisma client active (DATABASE_URL not set). All reads return empty results.

 [32m✓[39m __tests__/seed-picks-wiring.test.ts [2m([22m[2m13 tests[22m[2m)[22m[90m 8[2mms[22m[39m
 [32m✓[39m lib/intelligence/player-model.test.ts [2m([22m[2m8 tests[22m[2m)[22m[90m 186[2mms[22m[39m
[90mstderr[2m | __tests__/sealed-slate-view.test.ts
[22m[39m[@sports/db] stub Prisma client active (DATABASE_URL not set). All reads return empty results.

 [32m✓[39m __tests__/sealed-slate-view.test.ts [2m([22m[2m10 tests[22m[2m)[22m[90m 9[2mms[22m[39m
[90mstderr[2m | __tests__/contests-paper-board.test.ts
[22m[39m[@sports/db] stub Prisma client active (DATABASE_URL not set). All reads return empty results.

[90mstderr[2m | lib/intelligence/receiving-opportunity.test.ts
[22m[39m[@sports/db] stub Prisma client active (DATABASE_URL not set). All reads return empty results.

 [32m✓[39m lib/intelligence/receiving-opportunity.test.ts [2m([22m[2m8 tests[22m[2m)[22m[90m 11[2mms[22m[39m
 [32m✓[39m __tests__/contests-paper-board.test.ts [2m([22m[2m7 tests[22m[2m)[22m[33m 638[2mms[22m[39m
 [32m✓[39m __tests__/cockpit-stub-safety.test.ts [2m([22m[2m6 tests[22m[2m)[22m[90m 14[2mms[22m[39m
 [32m✓[39m __tests__/proof-verification-spec.test.ts [2m([22m[2m8 tests[22m[2m)[22m[33m 1702[2mms[22m[39m
   [33m[2m✓[22m[39m GET /api/proof/verification-spec.json[2m > [22mserves the spec as JSON with a 200 [33m1426[2mms[22m[39m
 [32m✓[39m __tests__/satellite-window.test.ts [2m([22m[2m8 tests[22m[2m)[22m[90m 10[2mms[22m[39m
 [32m✓[39m __tests__/brand-kinetic-logo.test.ts [2m([22m[2m8 tests[22m[2m)[22m[90m 9[2mms[22m[39m
 [32m✓[39m lib/fable/aws-decision-engine.test.ts [2m([22m[2m10 tests[22m[2m)[22m[90m 11[2mms[22m[39m
[90mstderr[2m | __tests__/daily-slate-route.test.ts[2m > [22m[2m/api/picks/daily-slate[2m > [22m[2momits recentRecord when performance stats gate is closed
[22m[39m[@sports/db] stub Prisma client active (DATABASE_URL not set). DEMO_PICKS_ENABLED=true — pick.findMany returns sample data.

 [32m✓[39m __tests__/blog-public-guard.test.ts [2m([22m[2m8 tests[22m[2m)[22m[90m 17[2mms[22m[39m
 [32m✓[39m __tests__/compliance-scanner-softwrap.test.ts [2m([22m[2m11 tests[22m[2m)[22m[90m 14[2mms[22m[39m
[90mstderr[2m | __tests__/nflverse-usage-pulse.test.ts
[22m[39m[@sports/db] stub Prisma client active (DATABASE_URL not set). All reads return empty results.

 [32m✓[39m __tests__/nflverse-usage-pulse.test.ts [2m([22m[2m3 tests[22m[2m)[22m[33m 629[2mms[22m[39m
   [33m[2m✓[22m[39m nflverse usage pulse[2m > [22mserves the usage pulse API without fabricating publishable trends [33m609[2mms[22m[39m
 [32m✓[39m __tests__/blog-public-guard-render-sites.test.ts [2m([22m[2m10 tests[22m[2m)[22m[90m 12[2mms[22m[39m
 [32m✓[39m __tests__/ingest-team-efficiency.test.ts [2m([22m[2m3 tests[22m[2m)[22m[90m 164[2mms[22m[39m
 [31m❯[39m __tests__/nav-route-integrity.test.ts [2m([22m[2m5 tests[22m[2m | [22m[31m2 failed[39m[2m)[22m[90m 31[2mms[22m[39m
[31m   [31m×[31m Nav route integrity[2m > [22mthe four doors + Proof + The Beat are all present on desktop and mobile[90m 11[2mms[22m[31m[39m
[31m     → desktop missing /intelligence/engines: expected false to be true // Object.is equality[39m
[31m   [31m×[31m Nav route integrity[2m > [22mPlayers is a single door and Proof left Intelligence[90m 14[2mms[22m[31m[39m
[31m     → expected 'import { Suspense } from "react";\nim…' to contain 'href="/calibration"'[39m
 [32m✓[39m lib/tracker/inconclusive.test.ts [2m([22m[2m15 tests[22m[2m)[22m[33m 457[2mms[22m[39m
 [32m✓[39m lib/pick-explainer/grounding.test.ts [2m([22m[2m6 tests[22m[2m)[22m[90m 8[2mms[22m[39m
 [32m✓[39m lib/claude-api/google-oauth.test.ts [2m([22m[2m4 tests[22m[2m)[22m[90m 60[2mms[22m[39m
 [32m✓[39m __tests__/cockpit-intelligence.test.ts [2m([22m[2m6 tests[22m[2m)[22m[90m 6[2mms[22m[39m
 [32m✓[39m __tests__/pricing-honesty.test.ts [2m([22m[2m7 tests[22m[2m)[22m[90m 10[2mms[22m[39m
 [32m✓[39m __tests__/performance-number-formatting.test.ts [2m([22m[2m16 tests[22m[2m)[22m[90m 13[2mms[22m[39m
 [32m✓[39m __tests__/api-clv-route.test.ts [2m([22m[2m4 tests[22m[2m)[22m[33m 3866[2mms[22m[39m
   [33m[2m✓[22m[39m /api/clv[2m > [22mreturns 503 (bootstrap gate) when the performance gate is off [33m2940[2mms[22m[39m
   [33m[2m✓[22m[39m /api/clv[2m > [22mwithholds the rate but keeps counts below the graded-sample floor [33m360[2mms[22m[39m
 [32m✓[39m __tests__/shrinkage-dominance.test.ts [2m([22m[2m2 tests[22m[2m)[22m[90m 6[2mms[22m[39m
 [32m✓[39m __tests__/nova-credit-grant-state.test.ts [2m([22m[2m9 tests[22m[2m)[22m[90m 170[2mms[22m[39m
[90mstderr[2m | __tests__/daily-slate-route.test.ts[2m > [22m[2m/api/picks/daily-slate[2m > [22m[2mstill omits recentRecord when the performance stats gate is OPEN (audit fix: no fabricated 0-0-0)
[22m[39m[@sports/db] stub Prisma client active (DATABASE_URL not set). DEMO_PICKS_ENABLED=true — pick.findMany returns sample data.

 [32m✓[39m lib/intelligence/prop-anchor.test.ts [2m([22m[2m4 tests[22m[2m)[22m[90m 10[2mms[22m[39m
 [32m✓[39m __tests__/nav-auth.test.tsx [2m([22m[2m5 tests[22m[2m)[22m[90m 74[2mms[22m[39m
[90mstderr[2m | __tests__/stub-prisma.test.ts[2m > [22m[2mstub Prisma — pick model with DEMO_PICKS_ENABLED=true[2m > [22m[2mfindMany returns the full sample slate when no filter is applied
[22m[39m[@sports/db] stub Prisma client active (DATABASE_URL not set). DEMO_PICKS_ENABLED=true — pick.findMany returns sample data.

[90mstderr[2m | __tests__/stub-prisma.test.ts[2m > [22m[2mstub Prisma — pick model with DEMO_PICKS_ENABLED=true[2m > [22m[2mfindMany returns empty when isBootstrap=true (samples are non-bootstrap)
[22m[39m[@sports/db] stub Prisma client active (DATABASE_URL not set). DEMO_PICKS_ENABLED=true — pick.findMany returns sample data.

[90mstderr[2m | __tests__/stub-prisma.test.ts[2m > [22m[2mstub Prisma — pick model with DEMO_PICKS_ENABLED=true[2m > [22m[2mcount returns the sample count when result is PENDING / unspecified
[22m[39m[@sports/db] stub Prisma client active (DATABASE_URL not set). DEMO_PICKS_ENABLED=true — pick.findMany returns sample data.

[90mstderr[2m | __tests__/stub-prisma.test.ts[2m > [22m[2mstub Prisma — pick model with DEMO_PICKS_ENABLED=true[2m > [22m[2mcount returns 0 for settled results (samples never settle)
[22m[39m[@sports/db] stub Prisma client active (DATABASE_URL not set). DEMO_PICKS_ENABLED=true — pick.findMany returns sample data.

[90mstderr[2m | __tests__/stub-prisma.test.ts[2m > [22m[2mstub Prisma — pick model with DEMO_PICKS_ENABLED=true[2m > [22m[2mcount returns 0 for bootstrap picks
[22m[39m[@sports/db] stub Prisma client active (DATABASE_URL not set). DEMO_PICKS_ENABLED=true — pick.findMany returns sample data.

 [32m✓[39m __tests__/integrity-page.test.tsx [2m([22m[2m7 tests[22m[2m)[22m[90m 262[2mms[22m[39m
[90mstderr[2m | __tests__/stub-prisma.test.ts[2m > [22m[2mstub Prisma — pick model with DEMO_PICKS_ENABLED=true[2m > [22m[2misStubMode() is true after first DB call
[22m[39m[@sports/db] stub Prisma client active (DATABASE_URL not set). DEMO_PICKS_ENABLED=true — pick.findMany returns sample data.

[90mstderr[2m | __tests__/stub-prisma.test.ts[2m > [22m[2mstub Prisma — pick model with DEMO_PICKS_ENABLED=false[2m > [22m[2mfindMany returns empty
[22m[39m[@sports/db] stub Prisma client active (DATABASE_URL not set). All reads return empty results.

[90mstderr[2m | __tests__/stub-prisma.test.ts[2m > [22m[2mstub Prisma — pick model with DEMO_PICKS_ENABLED=false[2m > [22m[2mcount returns 0
[22m[39m[@sports/db] stub Prisma client active (DATABASE_URL not set). All reads return empty results.

[90mstderr[2m | __tests__/stub-prisma.test.ts[2m > [22m[2mstub Prisma — non-pick models always empty[2m > [22m[2mgame.aggregate returns shape-correct empty
[22m[39m[@sports/db] stub Prisma client active (DATABASE_URL not set). DEMO_PICKS_ENABLED=true — pick.findMany returns sample data.

[90mstderr[2m | __tests__/stub-prisma.test.ts[2m > [22m[2mstub Prisma — non-pick models always empty[2m > [22m[2mingestionRun.findFirst returns null
[22m[39m[@sports/db] stub Prisma client active (DATABASE_URL not set). DEMO_PICKS_ENABLED=true — pick.findMany returns sample data.

[90mstderr[2m | __tests__/stub-prisma.test.ts[2m > [22m[2mstub Prisma — non-pick models always empty[2m > [22m[2mcockpitTask.groupBy returns []
[22m[39m[@sports/db] stub Prisma client active (DATABASE_URL not set). DEMO_PICKS_ENABLED=true — pick.findMany returns sample data.

 [32m✓[39m __tests__/stub-prisma.test.ts [2m([22m[2m11 tests[22m[2m)[22m[33m 537[2mms[22m[39m
 [32m✓[39m __tests__/model-router.test.ts [2m([22m[2m6 tests[22m[2m)[22m[90m 13[2mms[22m[39m
 [32m✓[39m lib/watchlist/alert-eligibility.test.ts [2m([22m[2m9 tests[22m[2m)[22m[90m 7[2mms[22m[39m
 [32m✓[39m __tests__/picks-page-policy-gate.test.ts [2m([22m[2m8 tests[22m[2m)[22m[90m 8[2mms[22m[39m
 [32m✓[39m __tests__/studio-workspace-props.test.ts [2m([22m[2m4 tests[22m[2m)[22m[90m 9[2mms[22m[39m
 [32m✓[39m __tests__/claude-api-free-lane.test.ts [2m([22m[2m8 tests[22m[2m)[22m[90m 14[2mms[22m[39m
 [32m✓[39m __tests__/expected-metrics-route.test.ts [2m([22m[2m3 tests[22m[2m)[22m[90m 12[2mms[22m[39m
[90mstdout[2m | __tests__/instrumentation-gate.test.ts[2m > [22m[2minstrumentation projections gate[2m > [22m[2mregisters when in Node runtime, keyed, and the loader returns a live pool
[22m[39m[projections] graded provider registered — 3 real players live.

[90mstderr[2m | __tests__/instrumentation-gate.test.ts[2m > [22m[2minstrumentation projections gate[2m > [22m[2mreports source-error (registers nothing) when the pool is empty or the source failed — never fabricates
[22m[39m[projections] graded provider not registered (live; 0 players). Fantasy tools stay on the illustrative pool.
[projections] graded provider not registered (source-error; 0 players): blocked. Fantasy tools stay on the illustrative pool.

[90mstderr[2m | __tests__/instrumentation-gate.test.ts[2m > [22m[2minstrumentation projections gate[2m > [22m[2mnever lets a loader throw crash startup
[22m[39m[projections] failed to load the graded provider; fantasy tools stay on the illustrative pool. Error: network down
    at [90mC:\Users\Garrett\Sports-research-audit-2026-09-17\apps\web\[39m__tests__\instrumentation-gate.test.ts:36:46
    at mockCall (file:///C:/Users/Garrett/Sports-research-audit-2026-09-17/node_modules/[4m@vitest/spy[24m/dist/index.js:61:17)
    at spy (file:///C:/Users/Garrett/Sports-research-audit-2026-09-17/node_modules/[4mtinyspy[24m/dist/index.js:45:80)
    at Module.registerProjectionsFromEnv [90m(C:\Users\Garrett\Sports-research-audit-2026-09-17\apps\web\[39minstrumentation.ts:53:26[90m)[39m
    at [90mC:\Users\Garrett\Sports-research-audit-2026-09-17\apps\web\[39m__tests__\instrumentation-gate.test.ts:37:18
    at file:///C:/Users/Garrett/Sports-research-audit-2026-09-17/node_modules/[4m@vitest/runner[24m/dist/index.js:146:14
    at file:///C:/Users/Garrett/Sports-research-audit-2026-09-17/node_modules/[4m@vitest/runner[24m/dist/index.js:533:11
    at runWithTimeout (file:///C:/Users/Garrett/Sports-research-audit-2026-09-17/node_modules/[4m@vitest/runner[24m/dist/index.js:39:7)
    at runTest (file:///C:/Users/Garrett/Sports-research-audit-2026-09-17/node_modules/[4m@vitest/runner[24m/dist/index.js:1056:17)
[90m    at processTicksAndRejections (node:internal/process/task_queues:104:5)[39m

[90mstderr[2m | __tests__/instrumentation-gate.test.ts[2m > [22m[2minstrumentation live-evidence warm (C-328)[2m > [22m[2mNEVER rejects — a failed warm must not delay or crash startup
[22m[39m[live-evidence] background warm failed; the first request to this instance will pay the cost Error: nflverse unreachable
    at [90mC:\Users\Garrett\Sports-research-audit-2026-09-17\apps\web\[39m__tests__\instrumentation-gate.test.ts:58:44
    at mockCall (file:///C:/Users/Garrett/Sports-research-audit-2026-09-17/node_modules/[4m@vitest/spy[24m/dist/index.js:61:17)
    at spy (file:///C:/Users/Garrett/Sports-research-audit-2026-09-17/node_modules/[4mtinyspy[24m/dist/index.js:45:80)
    at Module.warmSourceLiveEvidence [90m(C:\Users\Garrett\Sports-research-audit-2026-09-17\apps\web\[39minstrumentation.ts:99:11[90m)[39m
    at [90mC:\Users\Garrett\Sports-research-audit-2026-09-17\apps\web\[39m__tests__\instrumentation-gate.test.ts:59:18
    at file:///C:/Users/Garrett/Sports-research-audit-2026-09-17/node_modules/[4m@vitest/runner[24m/dist/index.js:146:14
    at file:///C:/Users/Garrett/Sports-research-audit-2026-09-17/node_modules/[4m@vitest/runner[24m/dist/index.js:533:11
    at runWithTimeout (file:///C:/Users/Garrett/Sports-research-audit-2026-09-17/node_modules/[4m@vitest/runner[24m/dist/index.js:39:7)
    at runTest (file:///C:/Users/Garrett/Sports-research-audit-2026-09-17/node_modules/[4m@vitest/runner[24m/dist/index.js:1056:17)
[90m    at processTicksAndRejections (node:internal/process/task_queues:104:5)[39m

[90mstderr[2m | __tests__/instrumentation-gate.test.ts[2m > [22m[2minstrumentation live-evidence warm (C-328)[2m > [22m[2mstill resolves when the loader rejects with a non-Error
[22m[39m[live-evidence] background warm failed; the first request to this instance will pay the cost string failure

 [32m✓[39m __tests__/instrumentation-gate.test.ts [2m([22m[2m9 tests[22m[2m)[22m[90m 17[2mms[22m[39m
 [32m✓[39m lib/metrics/feature-store.test.ts [2m([22m[2m7 tests[22m[2m)[22m[90m 8[2mms[22m[39m
[90mstderr[2m | __tests__/daily-slate-route.test.ts[2m > [22m[2m/api/picks/daily-slate[2m > [22m[2mreturns zero counts when demo is off
[22m[39m[@sports/db] stub Prisma client active (DATABASE_URL not set). All reads return empty results.

 [32m✓[39m __tests__/reader-registers.test.ts [2m([22m[2m11 tests[22m[2m)[22m[90m 9[2mms[22m[39m
[90mstderr[2m | __tests__/durable-write-store.test.ts
[22m[39m[@sports/db] stub Prisma client active (DATABASE_URL not set). All reads return empty results.

 [32m✓[39m __tests__/durable-write-store.test.ts [2m([22m[2m14 tests[22m[2m)[22m[90m 9[2mms[22m[39m
 [32m✓[39m __tests__/monitor-odds-fetchedat.test.ts [2m([22m[2m9 tests[22m[2m)[22m[33m 587[2mms[22m[39m
 [32m✓[39m __tests__/public-clv-policy.test.ts [2m([22m[2m9 tests[22m[2m)[22m[90m 161[2mms[22m[39m
 [32m✓[39m lib/gse-stats/__tests__/session-tier.test.ts [2m([22m[2m4 tests[22m[2m)[22m[90m 8[2mms[22m[39m
 [2m[90m↓[39m[22m __tests__/governed-receipts-pg.test.ts [2m([22m[2m2 tests[22m[2m | [22m[33m2 skipped[39m[2m)[22m
 [32m✓[39m __tests__/integrity-lifecycle-rollup.test.ts [2m([22m[2m9 tests[22m[2m)[22m[90m 6[2mms[22m[39m
 [32m✓[39m __tests__/aws-case-study-page.test.ts [2m([22m[2m5 tests[22m[2m)[22m[90m 9[2mms[22m[39m
 [32m✓[39m __tests__/cockpit-losses-needs-autopsy.test.ts [2m([22m[2m5 tests[22m[2m)[22m[90m 9[2mms[22m[39m
 [32m✓[39m __tests__/track-platform-gate.test.tsx [2m([22m[2m5 tests[22m[2m)[22m[33m 4881[2mms[22m[39m
   [33m[2m✓[22m[39m /track/platform gate[2m > [22ma non-ELITE viewer sees the tier gate, never the ledger table [33m3716[2mms[22m[39m
   [33m[2m✓[22m[39m /track/platform gate[2m > [22man ELITE viewer sees the real ledger rows [33m678[2mms[22m[39m
 [32m✓[39m lib/calibration/brier-ece.test.ts [2m([22m[2m6 tests[22m[2m)[22m[90m 9[2mms[22m[39m
[90mstderr[2m | __tests__/daily-slate-route.test.ts[2m > [22m[2m/api/picks/daily-slate[2m > [22m[2msportBreakdown counts real picks per sport (not just demo samples), sorted by count
[22m[39m[@sports/db] stub Prisma client active (DATABASE_URL not set). All reads return empty results.

[90mstderr[2m | __tests__/statcast.test.ts
[22m[39m[@sports/db] stub Prisma client active (DATABASE_URL not set). All reads return empty results.

[90mstderr[2m | __tests__/snap-share.test.ts
[22m[39m[@sports/db] stub Prisma client active (DATABASE_URL not set). All reads return empty results.

 [32m✓[39m __tests__/statcast.test.ts [2m([22m[2m8 tests[22m[2m)[22m[90m 208[2mms[22m[39m
 [32m✓[39m __tests__/honest-record-draft.test.ts [2m([22m[2m6 tests[22m[2m)[22m[90m 38[2mms[22m[39m
 [32m✓[39m __tests__/cron-schedule-manifest.test.ts [2m([22m[2m13 tests[22m[2m)[22m[90m 19[2mms[22m[39m
[90mstderr[2m | __tests__/source-catalog-api.test.ts[2m > [22m[2m/api/sources/catalog[2m > [22m[2mreturns the public source ledger without leaking configured env values
[22m[39m[@sports/db] stub Prisma client active (DATABASE_URL not set). All reads return empty results.

 [32m✓[39m lib/picks/model-signal-coherence.test.ts [2m([22m[2m10 tests[22m[2m)[22m[90m 12[2mms[22m[39m
 [32m✓[39m __tests__/source-catalog-api.test.ts [2m([22m[2m1 test[22m[2m)[22m[33m 3452[2mms[22m[39m
   [33m[2m✓[22m[39m /api/sources/catalog[2m > [22mreturns the public source ledger without leaking configured env values [33m3438[2mms[22m[39m
 [32m✓[39m lib/decision-genome/__tests__/claim-lang.test.ts [2m([22m[2m7 tests[22m[2m)[22m[90m 11[2mms[22m[39m
[90mstderr[2m | __tests__/settlement-snapshot-durability.test.ts
[22m[39m[@sports/db] stub Prisma client active (DATABASE_URL not set). All reads return empty results.

 [32m✓[39m __tests__/value-gap.test.tsx [2m([22m[2m11 tests[22m[2m)[22m[90m 47[2mms[22m[39m
 [32m✓[39m __tests__/cockpit-api-costs-routing.test.tsx [2m([22m[2m7 tests[22m[2m)[22m[90m 182[2mms[22m[39m
 [32m✓[39m __tests__/snap-share.test.ts [2m([22m[2m3 tests[22m[2m)[22m[33m 2404[2mms[22m[39m
   [33m[2m✓[22m[39m nflverse snap share[2m > [22mserves the snap-share API [33m2113[2mms[22m[39m
[90mstderr[2m | __tests__/daily-slate-route.test.ts[2m > [22m[2m/api/picks/daily-slate[2m > [22m[2msportBreakdown counts real picks per sport (not just demo samples), sorted by count
[22m[39m[@sports/db] stub Prisma client active (DATABASE_URL not set). DEMO_PICKS_ENABLED=true — pick.findMany returns sample data.

 [32m✓[39m __tests__/daily-slate-route.test.ts [2m([22m[2m6 tests[22m[2m)[22m[33m 49578[2mms[22m[39m
   [33m[2m✓[22m[39m /api/picks/daily-slate[2m > [22mreturns 10 total pick count under stub+demo mode [33m10008[2mms[22m[39m
   [33m[2m✓[22m[39m /api/picks/daily-slate[2m > [22mfree + premium count adds to total [33m5515[2mms[22m[39m
   [33m[2m✓[22m[39m /api/picks/daily-slate[2m > [22momits recentRecord when performance stats gate is closed [33m7798[2mms[22m[39m
   [33m[2m✓[22m[39m /api/picks/daily-slate[2m > [22mstill omits recentRecord when the performance stats gate is OPEN (audit fix: no fabricated 0-0-0) [33m7761[2mms[22m[39m
   [33m[2m✓[22m[39m /api/picks/daily-slate[2m > [22mreturns zero counts when demo is off [33m7657[2mms[22m[39m
   [33m[2m✓[22m[39m /api/picks/daily-slate[2m > [22msportBreakdown counts real picks per sport (not just demo samples), sorted by count [33m10832[2mms[22m[39m
 [32m✓[39m __tests__/brief-public-safety.test.ts [2m([22m[2m15 tests[22m[2m)[22m[90m 8[2mms[22m[39m
 [32m✓[39m __tests__/ask-the-brain-gate.test.ts [2m([22m[2m7 tests[22m[2m)[22m[90m 11[2mms[22m[39m
 [32m✓[39m __tests__/checkout-resume.test.tsx [2m([22m[2m5 tests[22m[2m)[22m[90m 185[2mms[22m[39m
[90mstderr[2m | lib/b2b/api-key-scope.test.ts
[22m[39m[@sports/db] stub Prisma client active (DATABASE_URL not set). All reads return empty results.

 [32m✓[39m lib/b2b/api-key-scope.test.ts [2m([22m[2m11 tests[22m[2m)[22m[90m 19[2mms[22m[39m
 [32m✓[39m lib/airwave/expert-ingestion.test.ts [2m([22m[2m12 tests[22m[2m)[22m[90m 243[2mms[22m[39m
 [32m✓[39m __tests__/eval-contracts-script.test.ts [2m([22m[2m8 tests[22m[2m)[22m[90m 228[2mms[22m[39m
[90mstderr[2m | __tests__/game-weather.test.ts
[22m[39m[@sports/db] stub Prisma client active (DATABASE_URL not set). All reads return empty results.

 [32m✓[39m lib/tracker/clv.test.ts [2m([22m[2m9 tests[22m[2m)[22m[90m 9[2mms[22m[39m
 [32m✓[39m __tests__/checkout-repair-owner-queue.test.ts [2m([22m[2m5 tests[22m[2m)[22m[90m 4[2mms[22m[39m
 [32m✓[39m lib/metrics/coverage-map.test.ts [2m([22m[2m6 tests[22m[2m)[22m[90m 9[2mms[22m[39m
 [32m✓[39m __tests__/cash-os.test.ts [2m([22m[2m11 tests[22m[2m)[22m[90m 6[2mms[22m[39m
 [32m✓[39m __tests__/settlement-snapshot-durability.test.ts [2m([22m[2m4 tests[22m[2m)[22m[90m 242[2mms[22m[39m
 [32m✓[39m __tests__/game-weather.test.ts [2m([22m[2m3 tests[22m[2m)[22m[33m 2239[2mms[22m[39m
   [33m[2m✓[22m[39m nfl game weather (NWS)[2m > [22mserves the game-weather API [33m1965[2mms[22m[39m
 [32m✓[39m __tests__/nova-agent.test.ts [2m([22m[2m8 tests[22m[2m)[22m[90m 9[2mms[22m[39m
 [32m✓[39m lib/fantasy/lineup.test.ts [2m([22m[2m6 tests[22m[2m)[22m[90m 10[2mms[22m[39m
 [32m✓[39m __tests__/intelligence-graph.test.ts [2m([22m[2m5 tests[22m[2m)[22m[90m 8[2mms[22m[39m
 [32m✓[39m lib/intelligence/hit-rate-display.test.ts [2m([22m[2m9 tests[22m[2m)[22m[33m 514[2mms[22m[39m
 [32m✓[39m __tests__/prompts-sanitizer.test.ts [2m([22m[2m11 tests[22m[2m)[22m[90m 8[2mms[22m[39m
 [32m✓[39m __tests__/partner-opportunity.test.ts [2m([22m[2m6 tests[22m[2m)[22m[90m 7[2mms[22m[39m
 [32m✓[39m lib/calibration/replayable-provenance.test.ts [2m([22m[2m3 tests[22m[2m)[22m[90m 18[2mms[22m[39m
 [32m✓[39m __tests__/palette-cohesion.test.ts [2m([22m[2m2 tests[22m[2m)[22m[90m 236[2mms[22m[39m
 [32m✓[39m lib/tournament/calibration-tournament.test.ts [2m([22m[2m3 tests[22m[2m)[22m[90m 24[2mms[22m[39m
 [32m✓[39m __tests__/sports-jsonld.test.ts [2m([22m[2m7 tests[22m[2m)[22m[90m 10[2mms[22m[39m
 [32m✓[39m lib/fantasy/dfs-lineup-validation.test.ts [2m([22m[2m12 tests[22m[2m)[22m[33m 43297[2mms[22m[39m
   [33m[2m✓[22m[39m dfs-lineup-validation — independent of the solver[2m > [22maccepts the solver's own optimum on the fixture slate [33m889[2mms[22m[39m
   [33m[2m✓[22m[39m dfs-lineup-validation — independent of the solver[2m > [22maccepts a stacked optimum when stacking was requested [33m9550[2mms[22m[39m
   [33m[2m✓[22m[39m dfs-lineup-validation — independent of the solver[2m > [22mrejects an over-cap lineup [33m7298[2mms[22m[39m
   [33m[2m✓[22m[39m dfs-lineup-validation — independent of the solver[2m > [22mrejects the same athlete twice under distinct row ids [33m5272[2mms[22m[39m
   [33m[2m✓[22m[39m dfs-lineup-validation — independent of the solver[2m > [22mrejects a faded player in the lineup [33m4264[2mms[22m[39m
   [33m[2m✓[22m[39m dfs-lineup-validation — independent of the solver[2m > [22mrejects a lineup missing its pinned player [33m8062[2mms[22m[39m
   [33m[2m✓[22m[39m dfs-lineup-validation — independent of the solver[2m > [22mrejects non-finite values [33m5230[2mms[22m[39m
   [33m[2m✓[22m[39m dfs-lineup-validation — independent of the solver[2m > [22mrejects an unstacked lineup when stacking was requested [33m2720[2mms[22m[39m
 [32m✓[39m __tests__/calibration-regression-snapshot.test.ts [2m([22m[2m6 tests[22m[2m)[22m[33m 8445[2mms[22m[39m
   [33m[2m✓[22m[39m getRecentCalibrationSnapshot[2m > [22mconverts confidence to a clamped probability and excludes PUSH via the where-clause [33m3791[2mms[22m[39m
   [33m[2m✓[22m[39m getRecentCalibrationSnapshot[2m > [22mqueries a 14-day window by default, ending at `now` [33m2124[2mms[22m[39m
   [33m[2m✓[22m[39m getRecentCalibrationSnapshot[2m > [22mhonors a custom windowDays [33m586[2mms[22m[39m
   [33m[2m✓[22m[39m getRecentCalibrationSnapshot[2m > [22mfails open (returns null) on a DB error rather than throwing [33m913[2mms[22m[39m
   [33m[2m✓[22m[39m getRecentCalibrationSnapshot[2m > [22mreturns a well-formed zero snapshot (not null) when the window has no settled picks [33m550[2mms[22m[39m
   [33m[2m✓[22m[39m getRecentCalibrationSnapshot[2m > [22monly requests eligibleForLearning, non-bootstrap, published picks [33m471[2mms[22m[39m
 [32m✓[39m lib/watchlist/eligibility.test.ts [2m([22m[2m11 tests[22m[2m)[22m[90m 10[2mms[22m[39m
 [32m✓[39m __tests__/public-copy-integrity.test.ts [2m([22m[2m4 tests[22m[2m)[22m[90m 109[2mms[22m[39m
 [32m✓[39m __tests__/critical-routes-shape.test.ts [2m([22m[2m32 tests[22m[2m)[22m[90m 35[2mms[22m[39m
 [32m✓[39m lib/games/game-detail.test.ts [2m([22m[2m6 tests[22m[2m)[22m[90m 9[2mms[22m[39m
 [32m✓[39m __tests__/content-workflow.test.ts [2m([22m[2m9 tests[22m[2m)[22m[90m 9[2mms[22m[39m
 [32m✓[39m __tests__/no-bet-methodology.test.ts [2m([22m[2m5 tests[22m[2m)[22m[90m 70[2mms[22m[39m
 [32m✓[39m __tests__/airwave-intake-api.test.ts [2m([22m[2m2 tests[22m[2m)[22m[33m 1353[2mms[22m[39m
   [33m[2m✓[22m[39m /api/airwave/intake-readiness[2m > [22mreturns read-only intake proof without leaking local file values [33m861[2mms[22m[39m
   [33m[2m✓[22m[39m /api/airwave/intake-readiness[2m > [22mrejects non-admin callers with 403 and never leaks the local file path [33m490[2mms[22m[39m
 [32m✓[39m __tests__/clv-segments.test.ts [2m([22m[2m8 tests[22m[2m)[22m[90m 9[2mms[22m[39m
 [32m✓[39m __tests__/deck-illustrative-labelling.test.ts [2m([22m[2m7 tests[22m[2m)[22m[90m 7[2mms[22m[39m
 [32m✓[39m __tests__/news-sitemap.test.ts [2m([22m[2m9 tests[22m[2m)[22m[90m 7[2mms[22m[39m
 [32m✓[39m __tests__/journal-public-guard.test.ts [2m([22m[2m5 tests[22m[2m)[22m[90m 12[2mms[22m[39m
 [32m✓[39m __tests__/visual-production-economy.test.ts [2m([22m[2m9 tests[22m[2m)[22m[90m 10[2mms[22m[39m
 [32m✓[39m __tests__/nova-scenario-credits-non-authorizing.test.ts [2m([22m[2m3 tests[22m[2m)[22m[90m 7[2mms[22m[39m
 [31m❯[39m __tests__/nav-static-shell.test.tsx [2m([22m[2m2 tests[22m[2m | [22m[31m2 failed[39m[2m)[22m[90m 126[2mms[22m[39m
[31m   [31m×[31m P16-03 — Nav does not block on auth() in the static shell[2m > [22mNav() never calls auth() — the static shell must be statically prerenderable[90m 49[2mms[22m[31m[39m
[31m     → expected null not to be null[39m
[31m   [31m×[31m P16-03 — Nav does not block on auth() in the static shell[2m > [22mNav() renders all four primary doors + The Lab + Proof as static links[90m 75[2mms[22m[31m[39m
[31m     → expected [ '/board', '/players', …(2) ] to include '/intelligence/engines'[39m
 [32m✓[39m __tests__/subscribe-button-disclosure.test.tsx [2m([22m[2m5 tests[22m[2m)[22m[90m 232[2mms[22m[39m
 [32m✓[39m __tests__/tools-parlay-calculator.test.tsx [2m([22m[2m6 tests[22m[2m)[22m[33m 725[2mms[22m[39m
 [32m✓[39m __tests__/segmented-murphy.test.ts [2m([22m[2m8 tests[22m[2m)[22m[90m 17[2mms[22m[39m
 [32m✓[39m __tests__/segment-error-boundaries-shape.test.ts [2m([22m[2m18 tests[22m[2m)[22m[90m 12[2mms[22m[39m
 [32m✓[39m __tests__/proof-funnel-weave.test.ts [2m([22m[2m5 tests[22m[2m)[22m[90m 7[2mms[22m[39m
 [32m✓[39m __tests__/cockpit-transitions.test.ts [2m([22m[2m8 tests[22m[2m)[22m[90m 10[2mms[22m[39m
 [32m✓[39m lib/fantasy/academy.test.ts [2m([22m[2m9 tests[22m[2m)[22m[90m 14[2mms[22m[39m
 [32m✓[39m __tests__/homepage-content.test.ts [2m([22m[2m10 tests[22m[2m)[22m[90m 7[2mms[22m[39m
 [32m✓[39m __tests__/shadow-vs-live-report.test.ts [2m([22m[2m8 tests[22m[2m)[22m[90m 8[2mms[22m[39m
[90mstderr[2m | lib/intelligence/team-environment.test.ts
[22m[39m[@sports/db] stub Prisma client active (DATABASE_URL not set). All reads return empty results.

 [32m✓[39m lib/intelligence/team-environment.test.ts [2m([22m[2m3 tests[22m[2m)[22m[90m 7[2mms[22m[39m
 [32m✓[39m __tests__/legal-dates.test.ts [2m([22m[2m6 tests[22m[2m)[22m[90m 37[2mms[22m[39m
 [32m✓[39m lib/founder-picks/founder-picks.test.ts [2m([22m[2m9 tests[22m[2m)[22m[90m 7[2mms[22m[39m
 [32m✓[39m __tests__/stripe-outcome.test.ts [2m([22m[2m12 tests[22m[2m)[22m[90m 8[2mms[22m[39m
 [32m✓[39m __tests__/healthcheck-ping.test.ts [2m([22m[2m10 tests[22m[2m)[22m[90m 107[2mms[22m[39m
 [32m✓[39m __tests__/content-persist-draft.test.ts [2m([22m[2m5 tests[22m[2m)[22m[90m 53[2mms[22m[39m
 [32m✓[39m lib/data-sources/free-stats.test.ts [2m([22m[2m3 tests[22m[2m)[22m[90m 102[2mms[22m[39m
[90mstderr[2m | __tests__/preview-sport-resolution.test.ts
[22m[39m[@sports/db] stub Prisma client active (DATABASE_URL not set). All reads return empty results.

 [32m✓[39m __tests__/analytics-provider-gating.test.ts [2m([22m[2m10 tests[22m[2m)[22m[90m 7[2mms[22m[39m
 [32m✓[39m __tests__/preview-sport-resolution.test.ts [2m([22m[2m6 tests[22m[2m)[22m[90m 9[2mms[22m[39m
 [32m✓[39m __tests__/proof-openapi.test.ts [2m([22m[2m8 tests[22m[2m)[22m[33m 492[2mms[22m[39m
   [33m[2m✓[22m[39m GET /api/proof/openapi.json[2m > [22mserves the spec as JSON with a 200 [33m430[2mms[22m[39m
[90mstderr[2m | __tests__/public-picks-gate-parity.test.ts[2m > [22m[2mpublic picks gate parity[2m > [22m[2mBOTH endpoints go dark when PUBLIC_PICKS_ENABLED is off
[22m[39m[@sports/db] stub Prisma client active (DATABASE_URL not set). All reads return empty results.

 [32m✓[39m __tests__/scheduler-liveness.test.ts [2m([22m[2m8 tests[22m[2m)[22m[90m 83[2mms[22m[39m
 [32m✓[39m __tests__/sealed-holdout-open-scan-guard.test.ts [2m([22m[2m5 tests[22m[2m)[22m[33m 82858[2mms[22m[39m
   [33m[2m✓[22m[39m Sealed-holdout open-call guard[2m > [22mpasses the current repository state [33m81750[2mms[22m[39m
   [33m[2m✓[22m[39m Sealed-holdout open-call guard[2m > [22mblocks a worker call site (workers/) [33m351[2mms[22m[39m
   [33m[2m✓[22m[39m Sealed-holdout open-call guard[2m > [22mdoes not flag the property DEFINITION (`openHoldout: (token) => ...`) in walk-forward.ts [33m309[2mms[22m[39m
 [32m✓[39m __tests__/tools-hub.test.tsx [2m([22m[2m4 tests[22m[2m)[22m[33m 1638[2mms[22m[39m
   [33m[2m✓[22m[39m /tools hub[2m > [22mshows a formula plaque for every calculator card [33m428[2mms[22m[39m
   [33m[2m✓[22m[39m /tools hub[2m > [22mnever uses trust-gate banned phrases [33m573[2mms[22m[39m
   [33m[2m✓[22m[39m /tools hub[2m > [22mcarries no affiliate tracking links and states the free/no-paywall posture [33m431[2mms[22m[39m
 [32m✓[39m __tests__/settlement-score-dates.test.ts [2m([22m[2m7 tests[22m[2m)[22m[90m 40[2mms[22m[39m
 [32m✓[39m lib/data-sources/multi-source-scores-dated-clearance.test.ts [2m([22m[2m3 tests[22m[2m)[22m[90m 224[2mms[22m[39m
 [32m✓[39m lib/data-sources/fetch-serving-table.test.ts [2m([22m[2m4 tests[22m[2m)[22m[90m 8[2mms[22m[39m
 [32m✓[39m lib/fantasy/dfs-correlation.test.ts [2m([22m[2m6 tests[22m[2m)[22m[90m 118[2mms[22m[39m
 [32m✓[39m __tests__/gse-v1-hydration-plan-schema.test.ts [2m([22m[2m7 tests[22m[2m)[22m[33m 569[2mms[22m[39m
   [33m[2m✓[22m[39m POST /api/gse/v1/hydration/plan — body schema (GSE-SEC-037)[2m > [22maccepts a well-formed body (200) [33m320[2mms[22m[39m
 [32m✓[39m __tests__/games-room-consolidation.test.ts [2m([22m[2m4 tests[22m[2m)[22m[33m 3109[2mms[22m[39m
   [33m[2m✓[22m[39m the game reading surface is the room, not a duplicate (takeover-build)[2m > [22mno in-app surface links /games/ any more [33m3097[2mms[22m[39m
 [32m✓[39m __tests__/sponsor-copy-scan.test.ts [2m([22m[2m7 tests[22m[2m)[22m[90m 12[2mms[22m[39m
[90mstdout[2m | __tests__/affiliate-go-redirect.test.ts[2m > [22m[2mGET /go/[slug][2m > [22m[2mredirects a publishable promo to the affiliate URL with a subid
[22m[39m[affiliate-click] slug=dk-bonus operator=draftkings

 [32m✓[39m __tests__/affiliate-go-redirect.test.ts [2m([22m[2m6 tests[22m[2m)[22m[90m 27[2mms[22m[39m
 [32m✓[39m __tests__/statking-autonomous-integrity.test.ts [2m([22m[2m5 tests[22m[2m)[22m[33m 558[2mms[22m[39m
 [32m✓[39m __tests__/first-month-review-queue.test.ts [2m([22m[2m3 tests[22m[2m)[22m[90m 88[2mms[22m[39m
[90mstderr[2m | __tests__/injury-report.test.ts
[22m[39m[@sports/db] stub Prisma client active (DATABASE_URL not set). All reads return empty results.

 [32m✓[39m __tests__/floating-launcher-corners.test.ts [2m([22m[2m4 tests[22m[2m)[22m[90m 7[2mms[22m[39m
 [32m✓[39m __tests__/injury-report.test.ts [2m([22m[2m3 tests[22m[2m)[22m[33m 491[2mms[22m[39m
   [33m[2m✓[22m[39m nflverse injury report[2m > [22mserves the injuries API [33m477[2mms[22m[39m
 [32m✓[39m __tests__/public-claim-compiler.test.ts [2m([22m[2m10 tests[22m[2m)[22m[90m 15[2mms[22m[39m
 [32m✓[39m __tests__/vercel-config-drift.test.ts [2m([22m[2m3 tests[22m[2m)[22m[90m 5[2mms[22m[39m
 [32m✓[39m lib/claude-api/providers/azure-foundry.test.ts [2m([22m[2m6 tests[22m[2m)[22m[90m 9[2mms[22m[39m
 [32m✓[39m __tests__/subscribe-button-intent-id.test.ts [2m([22m[2m5 tests[22m[2m)[22m[90m 6[2mms[22m[39m
 [32m✓[39m lib/claude-api/providers/aws-sigv4.test.ts [2m([22m[2m5 tests[22m[2m)[22m[90m 9[2mms[22m[39m
 [32m✓[39m __tests__/page-explainer-system.test.ts [2m([22m[2m5 tests[22m[2m)[22m[90m 9[2mms[22m[39m
 [32m✓[39m __tests__/ops-revenue-ladder-surface.test.ts [2m([22m[2m5 tests[22m[2m)[22m[90m 8[2mms[22m[39m
 [32m✓[39m lib/projections/distribution.test.ts [2m([22m[2m3 tests[22m[2m)[22m[90m 7[2mms[22m[39m
 [32m✓[39m __tests__/backfill-player-data.test.ts [2m([22m[2m3 tests[22m[2m)[22m[90m 8[2mms[22m[39m
 [32m✓[39m __tests__/nfl-house-page.test.ts [2m([22m[2m6 tests[22m[2m)[22m[90m 7[2mms[22m[39m
 [32m✓[39m __tests__/ai-control-plane-enforce-gate.test.ts [2m([22m[2m10 tests[22m[2m)[22m[90m 6[2mms[22m[39m
[90mstderr[2m | lib/intelligence/rushing-contact.test.ts
[22m[39m[@sports/db] stub Prisma client active (DATABASE_URL not set). All reads return empty results.

 [32m✓[39m __tests__/proven-path-by-market.test.ts [2m([22m[2m3 tests[22m[2m)[22m[90m 160[2mms[22m[39m
 [32m✓[39m __tests__/stub-mode-contract.test.ts [2m([22m[2m6 tests[22m[2m)[22m[90m 7[2mms[22m[39m
 [32m✓[39m lib/intelligence/rushing-contact.test.ts [2m([22m[2m3 tests[22m[2m)[22m[90m 66[2mms[22m[39m
 [32m✓[39m __tests__/tools-ev-calculator.test.tsx [2m([22m[2m5 tests[22m[2m)[22m[90m 160[2mms[22m[39m
 [32m✓[39m lib/fantasy/gse-score.test.ts [2m([22m[2m8 tests[22m[2m)[22m[90m 34[2mms[22m[39m
 [32m✓[39m __tests__/no-double-brand-title.test.ts [2m([22m[2m2 tests[22m[2m)[22m[90m 28[2mms[22m[39m
 [32m✓[39m lib/pick-explainer/policy.test.ts [2m([22m[2m12 tests[22m[2m)[22m[90m 10[2mms[22m[39m
 [32m✓[39m __tests__/canonical-json.test.ts [2m([22m[2m11 tests[22m[2m)[22m[90m 6[2mms[22m[39m
 [32m✓[39m __tests__/ledger-display-guard.test.ts [2m([22m[2m12 tests[22m[2m)[22m[90m 9[2mms[22m[39m
 [32m✓[39m __tests__/public-consensus-claim.test.ts [2m([22m[2m7 tests[22m[2m)[22m[90m 10[2mms[22m[39m
 [32m✓[39m __tests__/tools-no-vig-calculator.test.tsx [2m([22m[2m6 tests[22m[2m)[22m[33m 2864[2mms[22m[39m
   [33m[2m✓[22m[39m /tools/no-vig-calculator[2m > [22mshows the proportional de-vig formula [33m1340[2mms[22m[39m
   [33m[2m✓[22m[39m /tools/no-vig-calculator[2m > [22mnever uses trust-gate banned phrases [33m526[2mms[22m[39m
 [32m✓[39m __tests__/tools-odds-converter.test.tsx [2m([22m[2m5 tests[22m[2m)[22m[90m 286[2mms[22m[39m
 [32m✓[39m lib/watchlist/channels/email-channel.test.ts [2m([22m[2m7 tests[22m[2m)[22m[90m 10[2mms[22m[39m
[90mstderr[2m | __tests__/board-classify-state.test.ts
[22m[39m[@sports/db] stub Prisma client active (DATABASE_URL not set). All reads return empty results.

 [32m✓[39m __tests__/bayes-bins.test.ts [2m([22m[2m7 tests[22m[2m)[22m[90m 278[2mms[22m[39m
 [32m✓[39m __tests__/model-journal-prompts.test.ts [2m([22m[2m3 tests[22m[2m)[22m[90m 4[2mms[22m[39m
 [32m✓[39m __tests__/live-calibration-p.test.ts [2m([22m[2m7 tests[22m[2m)[22m[90m 6[2mms[22m[39m
 [32m✓[39m __tests__/source-live-evidence.test.ts [2m([22m[2m1 test[22m[2m)[22m[90m 188[2mms[22m[39m
 [32m✓[39m __tests__/api-v1-composed-metric-payload-bridge.test.ts [2m([22m[2m4 tests[22m[2m)[22m[90m 46[2mms[22m[39m
 [32m✓[39m __tests__/ingest-rush-tendencies.test.ts [2m([22m[2m2 tests[22m[2m)[22m[90m 33[2mms[22m[39m
 [32m✓[39m __tests__/board-classify-state.test.ts [2m([22m[2m8 tests[22m[2m)[22m[90m 165[2mms[22m[39m
 [32m✓[39m __tests__/bookgrade.test.tsx [2m([22m[2m7 tests[22m[2m)[22m[33m 377[2mms[22m[39m
 [32m✓[39m __tests__/slate-window.test.ts [2m([22m[2m7 tests[22m[2m)[22m[90m 42[2mms[22m[39m
 [32m✓[39m lib/revenue/offer-eligibility.test.ts [2m([22m[2m4 tests[22m[2m)[22m[90m 7[2mms[22m[39m
[90mstderr[2m | __tests__/repair-checkout-attempts-cron-route.test.ts
[22m[39m[@sports/db] stub Prisma client active (DATABASE_URL not set). All reads return empty results.

 [32m✓[39m lib/api/client-ip.test.ts [2m([22m[2m8 tests[22m[2m)[22m[90m 8[2mms[22m[39m
 [32m✓[39m lib/calibration/__tests__/public-calibrator-in-play.test.ts [2m([22m[2m4 tests[22m[2m)[22m[90m 129[2mms[22m[39m
 [32m✓[39m __tests__/repair-checkout-attempts-cron-route.test.ts [2m([22m[2m5 tests[22m[2m)[22m[33m 310[2mms[22m[39m
[90mstderr[2m | __tests__/sleeper-market-signal.test.ts
[22m[39m[@sports/db] stub Prisma client active (DATABASE_URL not set). All reads return empty results.

 [32m✓[39m lib/decision-genome/__tests__/knowability.test.ts [2m([22m[2m8 tests[22m[2m)[22m[90m 8[2mms[22m[39m
 [32m✓[39m __tests__/status-styles.test.ts [2m([22m[2m9 tests[22m[2m)[22m[90m 8[2mms[22m[39m
[90mstderr[2m | lib/lahman/mlb-teams.test.ts
[22m[39m[@sports/db] stub Prisma client active (DATABASE_URL not set). All reads return empty results.

 [32m✓[39m __tests__/dfs-optimizer-ui.test.tsx [2m([22m[2m4 tests[22m[2m)[22m[33m 12441[2mms[22m[39m
   [33m[2m✓[22m[39m DfsOptimizer UI — partial notice + cap meter[2m > [22mpartial: shows returned-vs-requested with stopped language, never exhausted [33m4166[2mms[22m[39m
   [33m[2m✓[22m[39m DfsOptimizer UI — partial notice + cap meter[2m > [22mcap meter: shows salary used and salary left from the engine metrics [33m2424[2mms[22m[39m
   [33m[2m✓[22m[39m DfsOptimizer UI — partial notice + cap meter[2m > [22mempty: explains no lineup fits and suggests loosening pins/fades [33m4777[2mms[22m[39m
   [33m[2m✓[22m[39m DfsOptimizer UI — partial notice + cap meter[2m > [22minitial: invites an explicit Generate press, never auto-shows fictional lineups [33m1070[2mms[22m[39m
 [32m✓[39m __tests__/sleeper-market-signal.test.ts [2m([22m[2m3 tests[22m[2m)[22m[33m 3116[2mms[22m[39m
   [33m[2m✓[22m[39m sleeper market signal[2m > [22mserves the market-signal API [33m3098[2mms[22m[39m
 [32m✓[39m lib/lahman/mlb-teams.test.ts [2m([22m[2m6 tests[22m[2m)[22m[90m 19[2mms[22m[39m
 [32m✓[39m __tests__/broadcast-schedule.test.ts [2m([22m[2m7 tests[22m[2m)[22m[90m 10[2mms[22m[39m
 [32m✓[39m __tests__/cockpit-agent-status-rail.test.tsx [2m([22m[2m5 tests[22m[2m)[22m[33m 1305[2mms[22m[39m
   [33m[2m✓[22m[39m AgentStatusRail[2m > [22mrenders the honest counts [33m585[2mms[22m[39m
   [33m[2m✓[22m[39m AgentStatusRail[2m > [22mlinks every tile to /cockpit/agents [33m511[2mms[22m[39m
 [32m✓[39m __tests__/public-picks-gate-parity.test.ts [2m([22m[2m3 tests[22m[2m)[22m[33m 36512[2mms[22m[39m
   [33m[2m✓[22m[39m public picks gate parity[2m > [22mBOTH endpoints go dark when PUBLIC_PICKS_ENABLED is off [33m34952[2mms[22m[39m
   [33m[2m✓[22m[39m public picks gate parity[2m > [22mthe dark slate response leaks no board shape [33m730[2mms[22m[39m
   [33m[2m✓[22m[39m public picks gate parity[2m > [22mboth stay uncacheable while dark, so the gate can reopen [33m822[2mms[22m[39m
 [32m✓[39m __tests__/calibration-panel-freshness.test.tsx [2m([22m[2m3 tests[22m[2m)[22m[33m 622[2mms[22m[39m
   [33m[2m✓[22m[39m CalibrationPanel — freshness stamp (PL7)[2m > [22mrenders a formatted representation of data.updatedAt [33m380[2mms[22m[39m
 [32m✓[39m __tests__/fragility-score.test.ts [2m([22m[2m6 tests[22m[2m)[22m[90m 8[2mms[22m[39m
[90mstderr[2m | __tests__/board-phase2-routes.test.ts[2m > [22m[2mPhase 2 board APIs[2m > [22m[2m/api/board/state suppresses demo rows in public demo mode
[22m[39m[@sports/db] stub Prisma client active (DATABASE_URL not set). DEMO_PICKS_ENABLED=true — pick.findMany returns sample data.

[90mstderr[2m | __tests__/board-phase2-routes.test.ts[2m > [22m[2mPhase 2 board APIs[2m > [22m[2m/api/board/passes suppresses fake pass reasons in public demo mode
[22m[39m[@sports/db] stub Prisma client active (DATABASE_URL not set). DEMO_PICKS_ENABLED=true — pick.findMany returns sample data.

 [32m✓[39m __tests__/henrygd-ncaa.test.ts [2m([22m[2m6 tests[22m[2m)[22m[90m 12[2mms[22m[39m
[90mstderr[2m | __tests__/billing-money-posture.test.ts
[22m[39m[@sports/db] stub Prisma client active (DATABASE_URL not set). All reads return empty results.

 [32m✓[39m __tests__/billing-money-posture.test.ts [2m([22m[2m7 tests[22m[2m)[22m[90m 21[2mms[22m[39m
 [32m✓[39m __tests__/cockpit-routes.test.ts [2m([22m[2m4 tests[22m[2m)[22m[90m 20[2mms[22m[39m
[90mstderr[2m | __tests__/board-phase2-routes.test.ts[2m > [22m[2mPhase 2 public calibration API[2m > [22m[2mreturns a collecting state while public performance is gated
[22m[39m[@sports/db] stub Prisma client active (DATABASE_URL not set). DEMO_PICKS_ENABLED=true — pick.findMany returns sample data.

 [32m✓[39m __tests__/api-auth-hash.test.ts [2m([22m[2m12 tests[22m[2m)[22m[90m 11[2mms[22m[39m
 [32m✓[39m lib/calibration/model-parliament.test.ts [2m([22m[2m3 tests[22m[2m)[22m[90m 10[2mms[22m[39m
 [32m✓[39m __tests__/board-phase2-routes.test.ts [2m([22m[2m3 tests[22m[2m)[22m[33m 3299[2mms[22m[39m
   [33m[2m✓[22m[39m Phase 2 board APIs[2m > [22m/api/board/state suppresses demo rows in public demo mode [33m1646[2mms[22m[39m
   [33m[2m✓[22m[39m Phase 2 board APIs[2m > [22m/api/board/passes suppresses fake pass reasons in public demo mode [33m850[2mms[22m[39m
   [33m[2m✓[22m[39m Phase 2 public calibration API[2m > [22mreturns a collecting state while public performance is gated [33m801[2mms[22m[39m
 [32m✓[39m lib/integrations/projections-pool.test.ts [2m([22m[2m7 tests[22m[2m)[22m[90m 8[2mms[22m[39m
 [32m✓[39m __tests__/promotions-public-payload.test.ts [2m([22m[2m5 tests[22m[2m)[22m[90m 20[2mms[22m[39m
 [32m✓[39m __tests__/pledge.test.ts [2m([22m[2m7 tests[22m[2m)[22m[90m 97[2mms[22m[39m
 [32m✓[39m __tests__/fantasy-competitive-baseline.test.ts [2m([22m[2m4 tests[22m[2m)[22m[90m 8[2mms[22m[39m
 [32m✓[39m __tests__/free-settle-response-contract.test.ts [2m([22m[2m3 tests[22m[2m)[22m[90m 6[2mms[22m[39m
 [32m✓[39m __tests__/fe14-design-token-drift.test.ts [2m([22m[2m3 tests[22m[2m)[22m[90m 5[2mms[22m[39m
 [32m✓[39m __tests__/nova-founder-command.test.ts [2m([22m[2m7 tests[22m[2m)[22m[90m 6[2mms[22m[39m
 [32m✓[39m lib/fantasy/free-trial.test.ts [2m([22m[2m8 tests[22m[2m)[22m[90m 10[2mms[22m[39m
 [32m✓[39m __tests__/calibration-api.test.ts [2m([22m[2m8 tests[22m[2m)[22m[90m 7[2mms[22m[39m
[90mstdout[2m | __tests__/governance-export-evidence-pack.test.ts[2m > [22m[2mexport-evidence-pack[2m > [22m[2mskips the AgentReceipt source gracefully on this branch (no such model yet)
[22m[39m[export-evidence-pack] `AgentReceipt` model is present but no query is wired yet — skipping rather than guessing a shape.

[90mstdout[2m | __tests__/governance-export-evidence-pack.test.ts[2m > [22m[2mexport-evidence-pack[2m > [22m[2mskips the SrqcVersion source when DATABASE_URL is unset
[22m[39m[export-evidence-pack] DATABASE_URL not set — skipping active SrqcVersion source.

[90mstdout[2m | __tests__/governance-export-evidence-pack.test.ts[2m > [22m[2mexport-evidence-pack[2m > [22m[2mskips a doc source that is not present in the working tree
[22m[39m[export-evidence-pack] docs/this-file-does-not-exist.md not present on this branch — skipping this source.

[90mstdout[2m | __tests__/governance-export-evidence-pack.test.ts[2m > [22m[2mexport-evidence-pack[2m > [22m[2mruns end to end without crashing and writes a valid pack file
[22m[39m[export-evidence-pack] `AgentReceipt` model is present but no query is wired yet — skipping rather than guessing a shape.
[export-evidence-pack] DATABASE_URL not set — skipping active SrqcVersion source.
[export-evidence-pack] Wrote 2 item(s) to C:\Users\Garrett\Sports-research-audit-2026-09-17\docs\governance\exports\evidence-pack-20260917.json

 [32m✓[39m __tests__/governance-export-evidence-pack.test.ts [2m([22m[2m5 tests[22m[2m)[22m[33m 405[2mms[22m[39m
 [32m✓[39m lib/backtest/artifact.test.ts [2m([22m[2m3 tests[22m[2m)[22m[90m 143[2mms[22m[39m
 [32m✓[39m __tests__/projections-badge-pool.test.tsx [2m([22m[2m4 tests[22m[2m)[22m[90m 97[2mms[22m[39m
 [32m✓[39m lib/fantasy/dfs-optimizer-optimality.test.ts [2m([22m[2m9 tests[22m[2m)[22m[33m 125042[2mms[22m[39m
   [33m[2m✓[22m[39m dfs optimizer — optimality (oracle-checked)[2m > [22mreaches the CP-SAT optimum for 'cash' (stack=false) [33m832[2mms[22m[39m
   [33m[2m✓[22m[39m dfs optimizer — optimality (oracle-checked)[2m > [22mreaches the CP-SAT optimum for 'cash' (stack=true) [33m10172[2mms[22m[39m
   [33m[2m✓[22m[39m dfs optimizer — optimality (oracle-checked)[2m > [22mreaches the CP-SAT optimum for 'gpp' (stack=false) [33m4233[2mms[22m[39m
   [33m[2m✓[22m[39m dfs optimizer — optimality (oracle-checked)[2m > [22mreaches the CP-SAT optimum for 'gpp' (stack=true) [33m8112[2mms[22m[39m
   [33m[2m✓[22m[39m dfs optimizer — optimality (oracle-checked)[2m > [22mreaches the CP-SAT optimum for 'leverage' (stack=false) [33m44276[2mms[22m[39m
   [33m[2m✓[22m[39m dfs optimizer — optimality (oracle-checked)[2m > [22mreaches the CP-SAT optimum for 'leverage' (stack=true) [33m45482[2mms[22m[39m
   [33m[2m✓[22m[39m dfs optimizer — optimality (oracle-checked)[2m > [22mhonours stack:true instead of silently returning an unstacked lineup [33m1073[2mms[22m[39m
   [33m[2m✓[22m[39m dfs optimizer — optimality (oracle-checked)[2m > [22mbeats or matches the heuristic it seeds from [33m10784[2mms[22m[39m
 [32m✓[39m __tests__/model-journal-compose.test.ts [2m([22m[2m1 test[22m[2m)[22m[90m 5[2mms[22m[39m
[90mstderr[2m | lib/intelligence/qb-consensus.test.ts
[22m[39m[@sports/db] stub Prisma client active (DATABASE_URL not set). All reads return empty results.

[90mstderr[2m | __tests__/settlement-sla-contract.test.ts
[22m[39m[@sports/db] stub Prisma client active (DATABASE_URL not set). All reads return empty results.

 [32m✓[39m lib/intelligence/qb-consensus.test.ts [2m([22m[2m8 tests[22m[2m)[22m[90m 9[2mms[22m[39m
 [32m✓[39m __tests__/settlement-sla-contract.test.ts [2m([22m[2m4 tests[22m[2m)[22m[90m 6[2mms[22m[39m
 [32m✓[39m __tests__/media-revenue-studio-audit.test.ts [2m([22m[2m6 tests[22m[2m)[22m[90m 6[2mms[22m[39m
 [32m✓[39m lib/loss-autopsy/parse.test.ts [2m([22m[2m9 tests[22m[2m)[22m[90m 11[2mms[22m[39m
 [32m✓[39m __tests__/proven-path-rows.test.ts [2m([22m[2m7 tests[22m[2m)[22m[90m 6[2mms[22m[39m
 [32m✓[39m __tests__/ingest-team-week-stats.test.ts [2m([22m[2m2 tests[22m[2m)[22m[90m 10[2mms[22m[39m
[90mstderr[2m | __tests__/moneypuck-nhl.test.ts
[22m[39m[@sports/db] stub Prisma client active (DATABASE_URL not set). All reads return empty results.

[90mstderr[2m | __tests__/claude-api-usage-store.test.ts
[22m[39m[@sports/db] stub Prisma client active (DATABASE_URL not set). All reads return empty results.

 [32m✓[39m __tests__/claude-api-usage-store.test.ts [2m([22m[2m4 tests[22m[2m)[22m[90m 11[2mms[22m[39m
 [32m✓[39m __tests__/moneypuck-nhl.test.ts [2m([22m[2m3 tests[22m[2m)[22m[90m 193[2mms[22m[39m
[90mstderr[2m | __tests__/combine.test.ts
[22m[39m[@sports/db] stub Prisma client active (DATABASE_URL not set). All reads return empty results.

 [32m✓[39m __tests__/combine.test.ts [2m([22m[2m3 tests[22m[2m)[22m[90m 170[2mms[22m[39m
[90mstderr[2m | __tests__/sample-picks.test.ts
[22m[39m[@sports/db] stub Prisma client active (DATABASE_URL not set). All reads return empty results.

 [32m✓[39m __tests__/sample-picks.test.ts [2m([22m[2m10 tests[22m[2m)[22m[90m 14[2mms[22m[39m
 [32m✓[39m __tests__/king-standard-loader-gate.test.ts [2m([22m[2m2 tests[22m[2m)[22m[90m 17[2mms[22m[39m
 [32m✓[39m __tests__/cost-policy.test.ts [2m([22m[2m7 tests[22m[2m)[22m[90m 8[2mms[22m[39m
 [32m✓[39m lib/news/rss.test.ts [2m([22m[2m8 tests[22m[2m)[22m[90m 10[2mms[22m[39m
 [32m✓[39m __tests__/clv-anchor.test.ts [2m([22m[2m7 tests[22m[2m)[22m[90m 6[2mms[22m[39m
 [32m✓[39m lib/fantasy/nba-slate.test.ts [2m([22m[2m7 tests[22m[2m)[22m[90m 12[2mms[22m[39m
 [32m✓[39m lib/airwave/__tests__/expert-board-nba.test.ts [2m([22m[2m4 tests[22m[2m)[22m[90m 9[2mms[22m[39m
[90mstderr[2m | lib/intelligence/expected-points-display.test.ts
[22m[39m[@sports/db] stub Prisma client active (DATABASE_URL not set). All reads return empty results.

 [32m✓[39m __tests__/pricing-page-smoke.test.tsx [2m([22m[2m2 tests[22m[2m)[22m[33m 1517[2mms[22m[39m
   [33m[2m✓[22m[39m /pricing smoke[2m > [22mrenders without throwing [33m931[2mms[22m[39m
   [33m[2m✓[22m[39m /pricing smoke[2m > [22mrenders the founding-rate headline and key money promises [33m569[2mms[22m[39m
 [32m✓[39m lib/intelligence/expected-points-display.test.ts [2m([22m[2m5 tests[22m[2m)[22m[90m 9[2mms[22m[39m
 [32m✓[39m __tests__/score-verification.test.ts [2m([22m[2m4 tests[22m[2m)[22m[90m 6[2mms[22m[39m
 [32m✓[39m __tests__/listener-log-batch.test.ts [2m([22m[2m7 tests[22m[2m)[22m[90m 7[2mms[22m[39m
 [32m✓[39m __tests__/first-month-content-queue.test.ts [2m([22m[2m4 tests[22m[2m)[22m[90m 106[2mms[22m[39m
[90mstderr[2m | lib/claude-api/credit-pool-store.test.ts
[22m[39m[@sports/db] stub Prisma client active (DATABASE_URL not set). All reads return empty results.

 [32m✓[39m __tests__/public-unfinished-copy-fence.test.ts [2m([22m[2m4 tests[22m[2m)[22m[90m 229[2mms[22m[39m
 [32m✓[39m lib/claude-api/credit-pool-store.test.ts [2m([22m[2m3 tests[22m[2m)[22m[90m 9[2mms[22m[39m
 [32m✓[39m lib/claude-api/jynx.test.ts [2m([22m[2m7 tests[22m[2m)[22m[90m 10[2mms[22m[39m
 [32m✓[39m __tests__/forward-migrations-agree-with-schema.test.ts [2m([22m[2m4 tests[22m[2m)[22m[90m 11[2mms[22m[39m
[90mstderr[2m | __tests__/qbr.test.ts
[22m[39m[@sports/db] stub Prisma client active (DATABASE_URL not set). All reads return empty results.

 [32m✓[39m lib/fantasy/host.test.ts [2m([22m[2m9 tests[22m[2m)[22m[90m 11[2mms[22m[39m
 [32m✓[39m lib/fantasy/gm-ledger.test.ts [2m([22m[2m6 tests[22m[2m)[22m[90m 9[2mms[22m[39m
 [32m✓[39m lib/cockpit/mission-control.test.ts [2m([22m[2m8 tests[22m[2m)[22m[90m 7[2mms[22m[39m
 [32m✓[39m __tests__/qbr.test.ts [2m([22m[2m3 tests[22m[2m)[22m[33m 917[2mms[22m[39m
   [33m[2m✓[22m[39m nflverse ESPN QBR[2m > [22mserves the QBR API [33m902[2mms[22m[39m
 [32m✓[39m __tests__/bankroll-ledger.test.tsx [2m([22m[2m5 tests[22m[2m)[22m[33m 2433[2mms[22m[39m
   [33m[2m✓[22m[39m BankrollLedger[2m > [22mrenders the starting bankroll input and an empty state [33m1045[2mms[22m[39m
   [33m[2m✓[22m[39m BankrollLedger[2m > [22ma logged loss moves the current total down and persists entries [33m386[2mms[22m[39m
   [33m[2m✓[22m[39m BankrollLedger[2m > [22ma logged win credits returned-minus-stake and tracks the peak [33m316[2mms[22m[39m
   [33m[2m✓[22m[39m BankrollLedger[2m > [22mentries survive a remount via localStorage [33m634[2mms[22m[39m
 [32m✓[39m __tests__/dashboard-manage-billing.test.ts [2m([22m[2m4 tests[22m[2m)[22m[90m 5[2mms[22m[39m
 [32m✓[39m __tests__/airwave-control-surfaces.test.ts [2m([22m[2m4 tests[22m[2m)[22m[90m 6[2mms[22m[39m
 [32m✓[39m __tests__/agent-run-contract.test.ts [2m([22m[2m8 tests[22m[2m)[22m[90m 5[2mms[22m[39m
 [32m✓[39m __tests__/correlation-evaluate.test.ts [2m([22m[2m3 tests[22m[2m)[22m[90m 8[2mms[22m[39m
 [32m✓[39m __tests__/csrf-origin-guard.test.ts [2m([22m[2m9 tests[22m[2m)[22m[90m 12[2mms[22m[39m
 [32m✓[39m lib/parlay/parlay.test.ts [2m([22m[2m8 tests[22m[2m)[22m[90m 8[2mms[22m[39m
 [32m✓[39m __tests__/airwave-cockpit-intelligence.test.ts [2m([22m[2m10 tests[22m[2m)[22m[90m 6[2mms[22m[39m
 [32m✓[39m __tests__/beex-weekly.test.ts [2m([22m[2m9 tests[22m[2m)[22m[90m 11[2mms[22m[39m
 [32m✓[39m __tests__/snapshots-banned-phrases.test.ts [2m([22m[2m20 tests[22m[2m)[22m[90m 119[2mms[22m[39m
 [32m✓[39m __tests__/sports-data-candidates.test.ts [2m([22m[2m5 tests[22m[2m)[22m[90m 13[2mms[22m[39m
 [32m✓[39m __tests__/proof-hash.test.ts [2m([22m[2m5 tests[22m[2m)[22m[90m 8[2mms[22m[39m
 [32m✓[39m __tests__/cockpit-jarvis-api.test.ts [2m([22m[2m11 tests[22m[2m)[22m[90m 7[2mms[22m[39m
[90mstderr[2m | __tests__/compliance-store-pg.test.ts
[22m[39m[@sports/db] stub Prisma client active (DATABASE_URL not set). All reads return empty results.

 [2m[90m↓[39m[22m __tests__/compliance-store-pg.test.ts [2m([22m[2m3 tests[22m[2m | [22m[33m3 skipped[39m[2m)[22m
 [32m✓[39m __tests__/actor-minting-boundary.test.ts [2m([22m[2m3 tests[22m[2m)[22m[33m 84929[2mms[22m[39m
   [33m[2m✓[22m[39m actor-minting boundary guard[2m > [22mrepo scan is clean: arbitrary modules cannot mint actors [33m82873[2mms[22m[39m
   [33m[2m✓[22m[39m actor-minting boundary guard[2m > [22mflags every laundering technique in the fixtures and spares the clean consumer [33m2052[2mms[22m[39m
 [32m✓[39m __tests__/statking-compare-resolution.test.ts [2m([22m[2m6 tests[22m[2m)[22m[90m 89[2mms[22m[39m
 [32m✓[39m __tests__/fantasy-display-flags.test.tsx [2m([22m[2m4 tests[22m[2m)[22m[33m 545[2mms[22m[39m
 [32m✓[39m __tests__/pickem-ranker.test.tsx [2m([22m[2m4 tests[22m[2m)[22m[33m 539[2mms[22m[39m
 [32m✓[39m lib/clv/user-clv-ledger.test.ts [2m([22m[2m5 tests[22m[2m)[22m[90m 8[2mms[22m[39m
 [32m✓[39m __tests__/nova-subagents.test.ts [2m([22m[2m7 tests[22m[2m)[22m[90m 8[2mms[22m[39m
 [32m✓[39m __tests__/ai-referral.test.ts [2m([22m[2m9 tests[22m[2m)[22m[90m 16[2mms[22m[39m
 [32m✓[39m __tests__/policy-only-winrate.test.ts [2m([22m[2m1884 tests[22m[2m)[22m[33m 1385[2mms[22m[39m
 [32m✓[39m __tests__/free-first-ingest.test.ts [2m([22m[2m4 tests[22m[2m)[22m[90m 16[2mms[22m[39m
 [31m❯[39m __tests__/homepage-engine-centerpiece.test.ts [2m([22m[2m5 tests[22m[2m | [22m[31m2 failed[39m[2m)[22m[90m 27[2mms[22m[39m
[31m   [31m×[31m homepage engine centerpiece[2m > [22mleads with the thesis and routes to the four doors[90m 20[2mms[22m[31m[39m
[31m     → expected 'import type { Metadata } from "next";…' to contain 'Galaxy turns it into'[39m
[31m   [31m×[31m homepage engine centerpiece[2m > [22mkeeps the front door on design-token classes, not raw casino or gray utility colors[90m 3[2mms[22m[31m[39m
[31m     → expected 'import type { Metadata } from "next";…' to match /text-orbital-cyan/[39m
 [32m✓[39m __tests__/cockpit-settlement-hold.test.tsx [2m([22m[2m3 tests[22m[2m)[22m[90m 122[2mms[22m[39m
 [32m✓[39m __tests__/snapshot-regenerator.test.ts [2m([22m[2m10 tests[22m[2m)[22m[90m 6[2mms[22m[39m
 [32m✓[39m __tests__/cron-vercel-platform.test.ts [2m([22m[2m5 tests[22m[2m)[22m[90m 18[2mms[22m[39m
 [32m✓[39m __tests__/draft-review-fixtures.test.ts [2m([22m[2m3 tests[22m[2m)[22m[90m 21[2mms[22m[39m
 [32m✓[39m __tests__/bot-outbox-records.test.ts [2m([22m[2m4 tests[22m[2m)[22m[90m 9[2mms[22m[39m
 [32m✓[39m __tests__/settlement-path-select.test.ts [2m([22m[2m8 tests[22m[2m)[22m[90m 7[2mms[22m[39m
 [32m✓[39m __tests__/statking-hardening.test.ts [2m([22m[2m4 tests[22m[2m)[22m[90m 122[2mms[22m[39m
 [32m✓[39m __tests__/clv-page-contract.test.ts [2m([22m[2m7 tests[22m[2m)[22m[90m 6[2mms[22m[39m
 [32m✓[39m __tests__/verdict-line.test.tsx [2m([22m[2m7 tests[22m[2m)[22m[90m 59[2mms[22m[39m
 [32m✓[39m __tests__/calibration-map-kelly.test.ts [2m([22m[2m6 tests[22m[2m)[22m[33m 317[2mms[22m[39m
   [33m[2m✓[22m[39m platt + brier decomp[2m > [22mmap bakeoff returns methods with decomp columns [33m309[2mms[22m[39m
 [32m✓[39m lib/fantasy/postlock.test.ts [2m([22m[2m6 tests[22m[2m)[22m[90m 8[2mms[22m[39m
 [32m✓[39m lib/metrics/uncertainty-map.test.ts [2m([22m[2m3 tests[22m[2m)[22m[90m 7[2mms[22m[39m
[90mstderr[2m | lib/intelligence/roster-advice.test.ts
[22m[39m[@sports/db] stub Prisma client active (DATABASE_URL not set). All reads return empty results.

 [32m✓[39m lib/intelligence/roster-advice.test.ts [2m([22m[2m5 tests[22m[2m)[22m[90m 7[2mms[22m[39m
 [32m✓[39m lib/slate/slate.test.ts [2m([22m[2m6 tests[22m[2m)[22m[90m 25[2mms[22m[39m
 [32m✓[39m __tests__/model-economics.test.ts [2m([22m[2m6 tests[22m[2m)[22m[90m 9[2mms[22m[39m
 [32m✓[39m __tests__/internal-llm.test.ts [2m([22m[2m5 tests[22m[2m)[22m[90m 9[2mms[22m[39m
 [32m✓[39m __tests__/waitlist-posture.test.ts [2m([22m[2m4 tests[22m[2m)[22m[90m 5[2mms[22m[39m
 [32m✓[39m __tests__/showdown-lab.test.tsx [2m([22m[2m12 tests[22m[2m)[22m[33m 2065[2mms[22m[39m
   [33m[2m✓[22m[39m ShowdownLab — the format is on the surface[2m > [22mrenders the room [33m492[2mms[22m[39m
   [33m[2m✓[22m[39m ShowdownLab — lineups[2m > [22mmarks the captain explicitly [33m313[2mms[22m[39m
 [32m✓[39m __tests__/market-memory.test.ts [2m([22m[2m7 tests[22m[2m)[22m[90m 6[2mms[22m[39m
 [32m✓[39m __tests__/session-deliverables-shape.test.ts [2m([22m[2m38 tests[22m[2m)[22m[90m 15[2mms[22m[39m
 [32m✓[39m __tests__/public-edge-score.test.ts [2m([22m[2m6 tests[22m[2m)[22m[90m 6[2mms[22m[39m
 [32m✓[39m __tests__/honest-confidence.test.ts [2m([22m[2m7 tests[22m[2m)[22m[90m 48[2mms[22m[39m
 [32m✓[39m __tests__/portfolio-postlock-smoke.test.tsx [2m([22m[2m5 tests[22m[2m)[22m[33m 1178[2mms[22m[39m
   [33m[2m✓[22m[39m portfolio-sim + postlock-panel smoke[2m > [22mrenders PortfolioSim with ROI stats, toggle, and sample label [33m895[2mms[22m[39m
 [32m✓[39m __tests__/media-readiness-api.test.ts [2m([22m[2m2 tests[22m[2m)[22m[33m 1627[2mms[22m[39m
   [33m[2m✓[22m[39m /api/media/readiness[2m > [22mreturns media readiness without leaking env values or enabling publication [33m1063[2mms[22m[39m
   [33m[2m✓[22m[39m /api/media/readiness[2m > [22mrejects non-admin callers with 403 and never leaks env values [33m563[2mms[22m[39m
 [32m✓[39m __tests__/public-metadata-coverage.test.ts [2m([22m[2m3 tests[22m[2m)[22m[90m 71[2mms[22m[39m
 [32m✓[39m __tests__/journal-public-route.test.ts [2m([22m[2m6 tests[22m[2m)[22m[90m 6[2mms[22m[39m
 [32m✓[39m lib/fantasy/waivers.test.ts [2m([22m[2m5 tests[22m[2m)[22m[90m 10[2mms[22m[39m
 [32m✓[39m __tests__/source-confidence.test.ts [2m([22m[2m6 tests[22m[2m)[22m[90m 6[2mms[22m[39m
 [32m✓[39m __tests__/the-beat-broadcast.test.ts [2m([22m[2m5 tests[22m[2m)[22m[90m 5[2mms[22m[39m
 [32m✓[39m __tests__/cockpit-picks-glance.test.ts [2m([22m[2m6 tests[22m[2m)[22m[90m 6[2mms[22m[39m
 [32m✓[39m __tests__/morning-handoff-cross-links.test.ts [2m([22m[2m8 tests[22m[2m)[22m[90m 6[2mms[22m[39m
 [32m✓[39m lib/integrations/providers.test.ts [2m([22m[2m6 tests[22m[2m)[22m[90m 6[2mms[22m[39m
 [32m✓[39m __tests__/separation-surface.test.ts [2m([22m[2m3 tests[22m[2m)[22m[90m 10[2mms[22m[39m
 [32m✓[39m __tests__/aws-compatibility-index.test.ts [2m([22m[2m3 tests[22m[2m)[22m[33m 530[2mms[22m[39m
   [33m[2m✓[22m[39m AWS compatibility index[2m > [22mkeeps exact docs and infra paths local-only [33m517[2mms[22m[39m
 [32m✓[39m __tests__/no-bet-adversary.test.ts [2m([22m[2m7 tests[22m[2m)[22m[90m 7[2mms[22m[39m
 [32m✓[39m __tests__/media-revenue-content-score.test.ts [2m([22m[2m4 tests[22m[2m)[22m[90m 7[2mms[22m[39m
 [32m✓[39m __tests__/elo-backtest-loader.test.ts [2m([22m[2m3 tests[22m[2m)[22m[90m 9[2mms[22m[39m
 [32m✓[39m __tests__/player-projections.test.ts [2m([22m[2m3 tests[22m[2m)[22m[90m 6[2mms[22m[39m
[90mstderr[2m | __tests__/board-passes-rate-limit.test.ts
[22m[39m[@sports/db] stub Prisma client active (DATABASE_URL not set). All reads return empty results.

[90mstderr[2m | __tests__/board-passes-rate-limit.test.ts[2m > [22m[2mGET /api/board/passes — rate limit[2m > [22m[2mallows 60 requests from one IP (not 429ed)
[22m[39m[entitlements] FAIL-CLOSED at auth:session-store — serving the fail-closed fallback (anonymous / FREE) because entitlements could not be resolved for user <unauthenticated>: Error: `headers` was called outside a request scope. Read more: <redacted-url>. A paying member may be seeing the free surface; this is infrastructure, not policy.

 [32m✓[39m __tests__/board-passes-rate-limit.test.ts [2m([22m[2m3 tests[22m[2m)[22m[90m 193[2mms[22m[39m
 [32m✓[39m __tests__/integrity-ledger.test.ts [2m([22m[2m7 tests[22m[2m)[22m[90m 9[2mms[22m[39m
 [32m✓[39m __tests__/reconstruction-calibration.test.ts [2m([22m[2m5 tests[22m[2m)[22m[90m 6[2mms[22m[39m
 [32m✓[39m __tests__/game-room-route.test.ts [2m([22m[2m6 tests[22m[2m)[22m[90m 6[2mms[22m[39m
 [32m✓[39m lib/calibration/conformal-calibration.test.ts [2m([22m[2m5 tests[22m[2m)[22m[90m 7[2mms[22m[39m
 [32m✓[39m lib/claude-api/jynx-errors.test.ts [2m([22m[2m5 tests[22m[2m)[22m[90m 13[2mms[22m[39m
 [32m✓[39m __tests__/cockpit-history-a11y.test.ts [2m([22m[2m7 tests[22m[2m)[22m[90m 6[2mms[22m[39m
 [32m✓[39m __tests__/espn-boxscore.test.ts [2m([22m[2m5 tests[22m[2m)[22m[90m 7[2mms[22m[39m
 [32m✓[39m __tests__/premortem-build.test.ts [2m([22m[2m3 tests[22m[2m)[22m[90m 6[2mms[22m[39m
 [32m✓[39m __tests__/utils.test.ts [2m([22m[2m16 tests[22m[2m)[22m[90m 121[2mms[22m[39m
 [32m✓[39m __tests__/cockpit-command-palette.test.tsx [2m([22m[2m5 tests[22m[2m)[22m[33m 878[2mms[22m[39m
   [33m[2m✓[22m[39m CockpitCommandPalette[2m > [22mrenders the collapsed trigger button [33m351[2mms[22m[39m
 [32m✓[39m __tests__/free-stats.test.ts [2m([22m[2m4 tests[22m[2m)[22m[90m 11[2mms[22m[39m
 [32m✓[39m __tests__/seed-exclusion-consistency.test.ts [2m([22m[2m4 tests[22m[2m)[22m[90m 6[2mms[22m[39m
 [32m✓[39m __tests__/cockpit-lib-docstrings.test.ts [2m([22m[2m21 tests[22m[2m)[22m[90m 14[2mms[22m[39m
[90mstderr[2m | __tests__/correlation-load-settled-picks.test.ts
[22m[39m[@sports/db] stub Prisma client active (DATABASE_URL not set). All reads return empty results.

 [32m✓[39m __tests__/correlation-load-settled-picks.test.ts [2m([22m[2m4 tests[22m[2m)[22m[90m 7[2mms[22m[39m
 [32m✓[39m __tests__/proof-graph.test.ts [2m([22m[2m5 tests[22m[2m)[22m[90m 8[2mms[22m[39m
 [32m✓[39m __tests__/cockpit-nav-coverage.test.ts [2m([22m[2m29 tests[22m[2m)[22m[90m 11[2mms[22m[39m
 [32m✓[39m __tests__/statking-product-depth.test.ts [2m([22m[2m6 tests[22m[2m)[22m[90m 29[2mms[22m[39m
 [32m✓[39m __tests__/launch-observatory-toc.test.ts [2m([22m[2m3 tests[22m[2m)[22m[90m 4[2mms[22m[39m
 [32m✓[39m __tests__/npm-script-wiring.test.ts [2m([22m[2m8 tests[22m[2m)[22m[90m 5[2mms[22m[39m
 [32m✓[39m __tests__/airwave-readiness-api.test.ts [2m([22m[2m2 tests[22m[2m)[22m[33m 1458[2mms[22m[39m
   [33m[2m✓[22m[39m /api/airwave/readiness[2m > [22mreturns the Airwave control plane without leaking env values or enabling work [33m971[2mms[22m[39m
   [33m[2m✓[22m[39m /api/airwave/readiness[2m > [22mrejects non-admin callers with 403 and never leaks operational posture [33m485[2mms[22m[39m
 [32m✓[39m __tests__/source-reliability.test.ts [2m([22m[2m6 tests[22m[2m)[22m[90m 8[2mms[22m[39m
 [32m✓[39m __tests__/stripe-webhook-handled-events.test.ts [2m([22m[2m2 tests[22m[2m)[22m[90m 6[2mms[22m[39m
 [32m✓[39m lib/claude-api/credit-pool.test.ts [2m([22m[2m8 tests[22m[2m)[22m[90m 7[2mms[22m[39m
 [32m✓[39m __tests__/home-signal-anatomy.test.tsx [2m([22m[2m4 tests[22m[2m)[22m[90m 6[2mms[22m[39m
 [32m✓[39m __tests__/board-picks-route-equivalence.test.ts [2m([22m[2m4 tests[22m[2m)[22m[90m 7[2mms[22m[39m
 [32m✓[39m __tests__/canonical-sample-posture-import-boundary.test.ts [2m([22m[2m3 tests[22m[2m)[22m[90m 130[2mms[22m[39m
 [31m❯[39m __tests__/checkout-live-mode-guard.test.ts [2m([22m[2m2 tests[22m[2m | [22m[31m1 failed[39m[2m)[22m[90m 26[2mms[22m[39m
[31m   [31m×[31m live-mode Stripe keys never reach tests[2m > [22mthe test environment carries no live-mode key in any env var[90m 15[2mms[22m[31m[39m
[31m     → env var QUIVERAI_API_KEY looks like a live-mode Stripe key: expected true to be false // Object.is equality[39m
 [32m✓[39m lib/academy/scenarios.test.ts [2m([22m[2m7 tests[22m[2m)[22m[90m 6[2mms[22m[39m
 [32m✓[39m __tests__/display-selection.test.ts [2m([22m[2m6 tests[22m[2m)[22m[90m 6[2mms[22m[39m
 [32m✓[39m __tests__/media-control-plane.test.ts [2m([22m[2m4 tests[22m[2m)[22m[90m 8[2mms[22m[39m
 [32m✓[39m __tests__/fpl.test.ts [2m([22m[2m5 tests[22m[2m)[22m[90m 8[2mms[22m[39m
 [32m✓[39m __tests__/synthetic-monitoring-runner-script.test.ts [2m([22m[2m7 tests[22m[2m)[22m[90m 6[2mms[22m[39m
 [32m✓[39m __tests__/model-court.test.ts [2m([22m[2m6 tests[22m[2m)[22m[90m 6[2mms[22m[39m
 [32m✓[39m lib/cipher/cipher.test.ts [2m([22m[2m9 tests[22m[2m)[22m[90m 41[2mms[22m[39m
 [32m✓[39m lib/fantasy/autonomy.test.ts [2m([22m[2m6 tests[22m[2m)[22m[90m 17[2mms[22m[39m
 [32m✓[39m __tests__/provider-mode-failsafe.test.ts [2m([22m[2m5 tests[22m[2m)[22m[90m 6[2mms[22m[39m
 [32m✓[39m lib/calibration/calibration-map-bakeoff.test.ts [2m([22m[2m1 test[22m[2m)[22m[33m 738[2mms[22m[39m
   [33m[2m✓[22m[39m runCalibrationMapBakeoff[2m > [22mincludes beta_calibration, temperature_nll, isotonic debug on overconfident sample [33m736[2mms[22m[39m
 [32m✓[39m __tests__/honest-band.test.ts [2m([22m[2m6 tests[22m[2m)[22m[90m 8[2mms[22m[39m
 [32m✓[39m lib/fantasy/dk-import.test.ts [2m([22m[2m6 tests[22m[2m)[22m[90m 8[2mms[22m[39m
 [32m✓[39m __tests__/jarvis-loader-shape.test.ts [2m([22m[2m3 tests[22m[2m)[22m[90m 6[2mms[22m[39m
 [32m✓[39m lib/fantasy/scheme.test.ts [2m([22m[2m6 tests[22m[2m)[22m[90m 5[2mms[22m[39m
 [32m✓[39m __tests__/player-archetypes.test.ts [2m([22m[2m3 tests[22m[2m)[22m[90m 10[2mms[22m[39m
 [32m✓[39m lib/calibration/projected-proven-metrics.test.ts [2m([22m[2m2 tests[22m[2m)[22m[90m 34[2mms[22m[39m
 [32m✓[39m __tests__/stack-exposure-panel.test.tsx [2m([22m[2m5 tests[22m[2m)[22m[33m 845[2mms[22m[39m
 [32m✓[39m __tests__/callback-url-guard.test.ts [2m([22m[2m8 tests[22m[2m)[22m[90m 6[2mms[22m[39m
[90mstderr[2m | lib/intelligence/rushing-efficiency.test.ts
[22m[39m[@sports/db] stub Prisma client active (DATABASE_URL not set). All reads return empty results.

 [32m✓[39m lib/intelligence/rushing-efficiency.test.ts [2m([22m[2m7 tests[22m[2m)[22m[90m 10[2mms[22m[39m
 [32m✓[39m __tests__/decision-hero-states.test.tsx [2m([22m[2m4 tests[22m[2m)[22m[90m 6[2mms[22m[39m
[90mstderr[2m | __tests__/entitlements-dev-admin.test.ts
[22m[39m[@sports/db] stub Prisma client active (DATABASE_URL not set). All reads return empty results.

 [32m✓[39m __tests__/entitlements-dev-admin.test.ts [2m([22m[2m7 tests[22m[2m)[22m[90m 8[2mms[22m[39m
 [32m✓[39m __tests__/cockpit-studio-route.test.ts [2m([22m[2m3 tests[22m[2m)[22m[90m 4[2mms[22m[39m
 [32m✓[39m __tests__/cockpit-a11y.test.ts [2m([22m[2m8 tests[22m[2m)[22m[90m 6[2mms[22m[39m
 [32m✓[39m __tests__/stationary-bootstrap.test.ts [2m([22m[2m5 tests[22m[2m)[22m[90m 9[2mms[22m[39m
 [32m✓[39m lib/media-revenue/content-kpi.test.ts [2m([22m[2m5 tests[22m[2m)[22m[90m 7[2mms[22m[39m
 [32m✓[39m __tests__/brand-palette-guard.test.ts [2m([22m[2m7 tests[22m[2m)[22m[33m 2511[2mms[22m[39m
   [33m[2m✓[22m[39m Brand palette guard[2m > [22mnever reintroduces retired #FF2DD6 (use #FF38C7 (Ion Magenta)) [33m418[2mms[22m[39m
   [33m[2m✓[22m[39m Brand palette guard[2m > [22mnever reintroduces retired #7A5CFF (use #7B61FF (Soft Ultraviolet)) [33m454[2mms[22m[39m
   [33m[2m✓[22m[39m Brand palette guard[2m > [22mnever reintroduces retired #050608 (use #05070B (Obsidian Black)) [33m411[2mms[22m[39m
   [33m[2m✓[22m[39m Brand palette guard[2m > [22mnever reintroduces retired #F6F7FA (use #F5F7FF (Starlight White)) [33m366[2mms[22m[39m
   [33m[2m✓[22m[39m Brand palette guard[2m > [22mnever reintroduces retired #100D1D (use #0D1117 (Cosmic Gray)) [33m327[2mms[22m[39m
   [33m[2m✓[22m[39m Brand palette guard[2m > [22mnever reintroduces retired #04060a (use #05070B (Obsidian Black)) [33m532[2mms[22m[39m
[90mstderr[2m | __tests__/selective-publish.test.ts
[22m[39m[@sports/db] stub Prisma client active (DATABASE_URL not set). All reads return empty results.

 [32m✓[39m __tests__/selective-publish.test.ts [2m([22m[2m7 tests[22m[2m)[22m[90m 23[2mms[22m[39m
[90mstderr[2m | __tests__/underleveraged-queue.test.ts
[22m[39m[@sports/db] stub Prisma client active (DATABASE_URL not set). All reads return empty results.

 [32m✓[39m __tests__/underleveraged-queue.test.ts [2m([22m[2m6 tests[22m[2m)[22m[90m 7[2mms[22m[39m
 [32m✓[39m __tests__/calibration-tournament-threshold.test.ts [2m([22m[2m2 tests[22m[2m)[22m[90m 16[2mms[22m[39m
 [32m✓[39m __tests__/lineup-tools.test.ts [2m([22m[2m4 tests[22m[2m)[22m[90m 6[2mms[22m[39m
 [32m✓[39m __tests__/verify-pick-button.test.tsx [2m([22m[2m5 tests[22m[2m)[22m[33m 434[2mms[22m[39m
 [32m✓[39m __tests__/td-board.test.tsx [2m([22m[2m6 tests[22m[2m)[22m[33m 359[2mms[22m[39m
 [32m✓[39m lib/slate-twin/hud.test.ts [2m([22m[2m7 tests[22m[2m)[22m[90m 6[2mms[22m[39m
 [32m✓[39m __tests__/cockpit-agents.test.ts [2m([22m[2m6 tests[22m[2m)[22m[90m 10[2mms[22m[39m
 [32m✓[39m __tests__/calib-map-artifacts.test.ts [2m([22m[2m4 tests[22m[2m)[22m[90m 11[2mms[22m[39m
 [32m✓[39m __tests__/cockpit-history-filter-contract.test.ts [2m([22m[2m3 tests[22m[2m)[22m[90m 5[2mms[22m[39m
 [32m✓[39m __tests__/share-cards.test.ts [2m([22m[2m5 tests[22m[2m)[22m[90m 5[2mms[22m[39m
 [32m✓[39m lib/fantasy/dfs-optimizer-edge.test.ts [2m([22m[2m4 tests[22m[2m)[22m[33m 25737[2mms[22m[39m
   [33m[2m✓[22m[39m dfs optimizer edge — benchmark + gpp selection[2m > [22mcash: the new exact solver agrees with the incumbent exact optimizer [33m10423[2mms[22m[39m
   [33m[2m✓[22m[39m dfs optimizer edge — benchmark + gpp selection[2m > [22mgpp: correlation-aware selection is evaluated head-to-head with the point-sum lineup [33m11767[2mms[22m[39m
   [33m[2m✓[22m[39m dfs optimizer edge — benchmark + gpp selection[2m > [22mselectGppLineups returns glass-box, cap-legal lineups ranked by sim score [33m3544[2mms[22m[39m
 [32m✓[39m lib/claude-api/openai-compat.test.ts [2m([22m[2m4 tests[22m[2m)[22m[90m 6[2mms[22m[39m
 [32m✓[39m __tests__/cockpit-api-costs-tiles.test.tsx [2m([22m[2m4 tests[22m[2m)[22m[33m 402[2mms[22m[39m
 [32m✓[39m lib/human-performance/environment.test.ts [2m([22m[2m7 tests[22m[2m)[22m[90m 10[2mms[22m[39m
 [32m✓[39m __tests__/sitemap-preview-urls.test.ts [2m([22m[2m2 tests[22m[2m)[22m[90m 10[2mms[22m[39m
 [32m✓[39m __tests__/jarvis-data-runtime-only.test.ts [2m([22m[2m3 tests[22m[2m)[22m[90m 5[2mms[22m[39m
 [32m✓[39m __tests__/protection-stress.test.ts [2m([22m[2m5 tests[22m[2m)[22m[90m 6[2mms[22m[39m
 [32m✓[39m __tests__/ranking-sort-key.test.ts [2m([22m[2m6 tests[22m[2m)[22m[90m 7[2mms[22m[39m
 [32m✓[39m __tests__/orchestration-policy.test.ts [2m([22m[2m6 tests[22m[2m)[22m[90m 7[2mms[22m[39m
 [32m✓[39m __tests__/teaser-text.test.ts [2m([22m[2m4 tests[22m[2m)[22m[90m 6[2mms[22m[39m
 [32m✓[39m __tests__/api-governance.test.ts [2m([22m[2m7 tests[22m[2m)[22m[90m 6[2mms[22m[39m
[90mstderr[2m | __tests__/dashboard-page-smoke.test.tsx
[22m[39m[@sports/db] stub Prisma client active (DATABASE_URL not set). All reads return empty results.

 [32m✓[39m __tests__/wilson-interval.test.ts [2m([22m[2m7 tests[22m[2m)[22m[90m 6[2mms[22m[39m
 [32m✓[39m lib/calibration/scoring-reliability.test.ts [2m([22m[2m2 tests[22m[2m)[22m[90m 21[2mms[22m[39m
 [32m✓[39m __tests__/cockpit-history-checklist.test.ts [2m([22m[2m7 tests[22m[2m)[22m[90m 6[2mms[22m[39m
 [32m✓[39m __tests__/line-freshness-badge.test.ts [2m([22m[2m6 tests[22m[2m)[22m[90m 5[2mms[22m[39m
 [32m✓[39m lib/slate-twin/layout.test.ts [2m([22m[2m6 tests[22m[2m)[22m[90m 7[2mms[22m[39m
 [32m✓[39m __tests__/settlement-score-dates-order.test.ts [2m([22m[2m4 tests[22m[2m)[22m[90m 46[2mms[22m[39m
 [32m✓[39m __tests__/metadata-banned-phrases.test.ts [2m([22m[2m3 tests[22m[2m)[22m[90m 15[2mms[22m[39m
 [32m✓[39m lib/projections/correlation.test.ts [2m([22m[2m3 tests[22m[2m)[22m[90m 8[2mms[22m[39m
 [32m✓[39m __tests__/runbook-structure.test.ts [2m([22m[2m12 tests[22m[2m)[22m[90m 7[2mms[22m[39m
 [32m✓[39m __tests__/sample-picks-contract.test.ts [2m([22m[2m6 tests[22m[2m)[22m[90m 7[2mms[22m[39m
 [32m✓[39m __tests__/jarvis-draft-tasks.test.ts [2m([22m[2m3 tests[22m[2m)[22m[90m 6[2mms[22m[39m
 [32m✓[39m __tests__/partner-risk-engine.test.ts [2m([22m[2m4 tests[22m[2m)[22m[90m 6[2mms[22m[39m
 [32m✓[39m __tests__/claude-api-cost-monitor.test.ts [2m([22m[2m4 tests[22m[2m)[22m[90m 7[2mms[22m[39m
 [32m✓[39m __tests__/dashboard-page-smoke.test.tsx [2m([22m[2m2 tests[22m[2m)[22m[90m 104[2mms[22m[39m
 [32m✓[39m __tests__/refresh-sla.test.ts [2m([22m[2m7 tests[22m[2m)[22m[90m 5[2mms[22m[39m
 [32m✓[39m __tests__/readiness-gates-contract.test.ts [2m([22m[2m17 tests[22m[2m)[22m[90m 7[2mms[22m[39m
 [32m✓[39m lib/prefs/preferences.test.ts [2m([22m[2m5 tests[22m[2m)[22m[90m 6[2mms[22m[39m
 [32m✓[39m __tests__/picks-demo-mode.test.ts [2m([22m[2m7 tests[22m[2m)[22m[90m 6[2mms[22m[39m
 [32m✓[39m lib/board/health.test.ts [2m([22m[2m4 tests[22m[2m)[22m[90m 7[2mms[22m[39m
 [32m✓[39m __tests__/player-movers.test.ts [2m([22m[2m2 tests[22m[2m)[22m[90m 5[2mms[22m[39m
 [32m✓[39m __tests__/devig-method-disclosure.test.tsx [2m([22m[2m6 tests[22m[2m)[22m[90m 93[2mms[22m[39m
[90mstderr[2m | __tests__/model-journal-week-data.test.ts
[22m[39m[@sports/db] stub Prisma client active (DATABASE_URL not set). All reads return empty results.

 [32m✓[39m __tests__/model-journal-week-data.test.ts [2m([22m[2m4 tests[22m[2m)[22m[90m 5[2mms[22m[39m
 [32m✓[39m __tests__/market-backtest.test.ts [2m([22m[2m3 tests[22m[2m)[22m[90m 9[2mms[22m[39m
[90mstderr[2m | __tests__/claude-api-budget-store.test.ts
[22m[39m[@sports/db] stub Prisma client active (DATABASE_URL not set). All reads return empty results.

 [32m✓[39m __tests__/claude-api-budget-store.test.ts [2m([22m[2m3 tests[22m[2m)[22m[90m 7[2mms[22m[39m
[90mstderr[2m | __tests__/free-settlement-runner-cycle.test.ts
[22m[39m[@sports/db] stub Prisma client active (DATABASE_URL not set). All reads return empty results.

 [32m✓[39m __tests__/news-corroboration.test.ts [2m([22m[2m3 tests[22m[2m)[22m[90m 5[2mms[22m[39m
 [32m✓[39m __tests__/free-settlement-runner-cycle.test.ts [2m([22m[2m3 tests[22m[2m)[22m[90m 6[2mms[22m[39m
 [32m✓[39m lib/fable/drift.test.ts [2m([22m[2m4 tests[22m[2m)[22m[90m 6[2mms[22m[39m
[90mstderr[2m | __tests__/dev-state-route.test.ts[2m > [22m[2m/api/dev/state[2m > [22m[2mreturns 200 in development with the right shape
[22m[39m[@sports/db] stub Prisma client active (DATABASE_URL not set). DEMO_PICKS_ENABLED=true — pick.findMany returns sample data.

[90mstderr[2m | __tests__/dev-state-route.test.ts[2m > [22m[2m/api/dev/state[2m > [22m[2mflips demoPicksEnabled with the env flag
[22m[39m[@sports/db] stub Prisma client active (DATABASE_URL not set). All reads return empty results.

 [32m✓[39m __tests__/stat-stability.test.ts [2m([22m[2m5 tests[22m[2m)[22m[90m 7[2mms[22m[39m
 [32m✓[39m __tests__/docs-adr.test.ts [2m([22m[2m45 tests[22m[2m)[22m[90m 20[2mms[22m[39m
[90mstderr[2m | __tests__/dev-state-route.test.ts[2m > [22m[2m/api/dev/state[2m > [22m[2mreturns 404 in production
[22m[39m[@sports/db] CRITICAL: stub Prisma client active in production. DATABASE_URL is unset/sentinel and FORCE_REAL_PRISMA!=true — writes are silently dropped. DEMO_PICKS_ENABLED=true — pick.findMany returns sample data.

 [32m✓[39m __tests__/dev-state-route.test.ts [2m([22m[2m3 tests[22m[2m)[22m[33m 1786[2mms[22m[39m
   [33m[2m✓[22m[39m /api/dev/state[2m > [22mreturns 200 in development with the right shape [33m852[2mms[22m[39m
   [33m[2m✓[22m[39m /api/dev/state[2m > [22mflips demoPicksEnabled with the env flag [33m450[2mms[22m[39m
   [33m[2m✓[22m[39m /api/dev/state[2m > [22mreturns 404 in production [33m481[2mms[22m[39m
 [32m✓[39m __tests__/cockpit-status-tile.test.tsx [2m([22m[2m5 tests[22m[2m)[22m[33m 414[2mms[22m[39m
 [32m✓[39m __tests__/kill-ledger.test.tsx [2m([22m[2m4 tests[22m[2m)[22m[90m 188[2mms[22m[39m
 [32m✓[39m __tests__/demo-active-contract.test.ts [2m([22m[2m9 tests[22m[2m)[22m[90m 5[2mms[22m[39m
 [32m✓[39m lib/safety/content-safety.test.ts [2m([22m[2m8 tests[22m[2m)[22m[90m 11[2mms[22m[39m
 [32m✓[39m __tests__/picks-gate-no-store.test.ts [2m([22m[2m4 tests[22m[2m)[22m[90m 13[2mms[22m[39m
 [32m✓[39m __tests__/public-copy-scan-strong.test.ts [2m([22m[2m9 tests[22m[2m)[22m[90m 191[2mms[22m[39m
 [32m✓[39m __tests__/env-flags-founding.test.ts [2m([22m[2m8 tests[22m[2m)[22m[90m 6[2mms[22m[39m
 [32m✓[39m __tests__/terms-page-smoke.test.tsx [2m([22m[2m2 tests[22m[2m)[22m[90m 180[2mms[22m[39m
 [32m✓[39m __tests__/dashboard-upgrade-banner.test.ts [2m([22m[2m3 tests[22m[2m)[22m[90m 5[2mms[22m[39m
 [32m✓[39m __tests__/runway.test.ts [2m([22m[2m8 tests[22m[2m)[22m[90m 5[2mms[22m[39m
 [32m✓[39m __tests__/ncaa-consensus-basketball.test.ts [2m([22m[2m3 tests[22m[2m)[22m[90m 5[2mms[22m[39m
 [32m✓[39m lib/calibration/holdout-significance.test.ts [2m([22m[2m5 tests[22m[2m)[22m[90m 7[2mms[22m[39m
 [32m✓[39m __tests__/phone-number-policy.test.ts [2m([22m[2m1868 tests[22m[2m)[22m[33m 1034[2mms[22m[39m
 [32m✓[39m lib/jarvis/jarvis-operating-assessment.test.ts [2m([22m[2m3 tests[22m[2m)[22m[90m 7[2mms[22m[39m
 [32m✓[39m __tests__/srqc-enforce-drill.test.ts [2m([22m[2m5 tests[22m[2m)[22m[90m 7[2mms[22m[39m
 [32m✓[39m __tests__/stale-gate-independence.test.ts [2m([22m[2m3 tests[22m[2m)[22m[90m 5[2mms[22m[39m
 [32m✓[39m lib/slate-twin/demo-slate.test.ts [2m([22m[2m6 tests[22m[2m)[22m[90m 7[2mms[22m[39m
 [32m✓[39m __tests__/paid-scores-justification.test.ts [2m([22m[2m4 tests[22m[2m)[22m[90m 5[2mms[22m[39m
 [32m✓[39m __tests__/correlation-query-schema.test.ts [2m([22m[2m4 tests[22m[2m)[22m[90m 7[2mms[22m[39m
 [32m✓[39m __tests__/community-safety.test.ts [2m([22m[2m6 tests[22m[2m)[22m[90m 5[2mms[22m[39m
[90mstderr[2m | __tests__/stat-envelope.test.ts
[22m[39m[@sports/db] stub Prisma client active (DATABASE_URL not set). All reads return empty results.

 [32m✓[39m __tests__/stat-envelope.test.ts [2m([22m[2m3 tests[22m[2m)[22m[90m 6[2mms[22m[39m
 [32m✓[39m __tests__/governance-use-case-classifier.test.ts [2m([22m[2m7 tests[22m[2m)[22m[90m 6[2mms[22m[39m
 [32m✓[39m __tests__/picks-design-token-integrity.test.ts [2m([22m[2m3 tests[22m[2m)[22m[90m 7[2mms[22m[39m
 [32m✓[39m __tests__/autonomy-posture.test.ts [2m([22m[2m4 tests[22m[2m)[22m[90m 7[2mms[22m[39m
 [32m✓[39m __tests__/nflverse-reg-rows-probe.test.ts [2m([22m[2m3 tests[22m[2m)[22m[90m 8[2mms[22m[39m
 [32m✓[39m __tests__/ncaa-scores.test.ts [2m([22m[2m3 tests[22m[2m)[22m[90m 10[2mms[22m[39m
 [32m✓[39m __tests__/brief-banner.test.ts [2m([22m[2m6 tests[22m[2m)[22m[90m 5[2mms[22m[39m
 [32m✓[39m __tests__/dashboard-grade-risk-labels.test.ts [2m([22m[2m3 tests[22m[2m)[22m[90m 4[2mms[22m[39m
 [32m✓[39m __tests__/homepage-finish-doctrine.test.ts [2m([22m[2m4 tests[22m[2m)[22m[90m 5[2mms[22m[39m
 [32m✓[39m __tests__/decision-genome-api.test.ts [2m([22m[2m2 tests[22m[2m)[22m[90m 221[2mms[22m[39m
 [32m✓[39m __tests__/operator-registry.test.ts [2m([22m[2m7 tests[22m[2m)[22m[90m 8[2mms[22m[39m
 [32m✓[39m __tests__/team-ratings.test.ts [2m([22m[2m2 tests[22m[2m)[22m[90m 6[2mms[22m[39m
 [32m✓[39m __tests__/scripts-path-coverage.test.ts [2m([22m[2m67 tests[22m[2m)[22m[90m 21[2mms[22m[39m
 [32m✓[39m __tests__/cockpit-history-export.test.ts [2m([22m[2m7 tests[22m[2m)[22m[90m 6[2mms[22m[39m
 [32m✓[39m __tests__/analyst-voice.test.ts [2m([22m[2m5 tests[22m[2m)[22m[90m 7[2mms[22m[39m
 [32m✓[39m __tests__/platt-map-irls.test.ts [2m([22m[2m3 tests[22m[2m)[22m[90m 13[2mms[22m[39m
 [32m✓[39m lib/integrations/connectors.test.ts [2m([22m[2m6 tests[22m[2m)[22m[90m 7[2mms[22m[39m
 [32m✓[39m __tests__/lineup-route.test.ts [2m([22m[2m5 tests[22m[2m)[22m[90m 21[2mms[22m[39m
[90mstderr[2m | __tests__/signin-page-smoke.test.tsx[2m > [22m[2m/auth/signin smoke[2m > [22m[2mrenders without throwing (unauthenticated)
[22m[39mWarning: Invalid value for prop `action` on <form> tag. Either remove it from the element, or pass a string or number value to keep it in the DOM. For details, see https://reactjs.org/link/attribute-behavior 
    at form
    at div
    at div

 [32m✓[39m __tests__/signin-page-smoke.test.tsx [2m([22m[2m2 tests[22m[2m)[22m[33m 508[2mms[22m[39m
 [32m✓[39m __tests__/parse-factor-breakdown.test.ts [2m([22m[2m4 tests[22m[2m)[22m[90m 5[2mms[22m[39m
 [32m✓[39m __tests__/stripe-webhook-hosts.test.ts [2m([22m[2m4 tests[22m[2m)[22m[90m 9[2mms[22m[39m
 [32m✓[39m lib/intelligence/metric-methodology.test.ts [2m([22m[2m5 tests[22m[2m)[22m[90m 12[2mms[22m[39m
 [32m✓[39m lib/calibration/rpcp-conformal-bridge.test.ts [2m([22m[2m3 tests[22m[2m)[22m[90m 17[2mms[22m[39m
 [32m✓[39m __tests__/ranking-pause-durable.test.ts [2m([22m[2m4 tests[22m[2m)[22m[90m 7[2mms[22m[39m
 [32m✓[39m __tests__/jarvis-assessment-panel.test.ts [2m([22m[2m5 tests[22m[2m)[22m[90m 6[2mms[22m[39m
 [32m✓[39m lib/calibration/ranking-pause-apply.test.ts [2m([22m[2m5 tests[22m[2m)[22m[90m 7[2mms[22m[39m
 [32m✓[39m __tests__/revenue-ladder.test.ts [2m([22m[2m3 tests[22m[2m)[22m[90m 4[2mms[22m[39m
 [32m✓[39m __tests__/cockpit-link-usage.test.ts [2m([22m[2m43 tests[22m[2m)[22m[90m 19[2mms[22m[39m
 [32m✓[39m __tests__/studio-persistence.test.ts [2m([22m[2m3 tests[22m[2m)[22m[90m 5[2mms[22m[39m
 [32m✓[39m __tests__/projections-route.test.ts [2m([22m[2m3 tests[22m[2m)[22m[90m 17[2mms[22m[39m
 [32m✓[39m __tests__/cockpit-today-picks-list.test.ts [2m([22m[2m6 tests[22m[2m)[22m[90m 5[2mms[22m[39m
 [32m✓[39m __tests__/edge-map-retirement.test.ts [2m([22m[2m4 tests[22m[2m)[22m[90m 6[2mms[22m[39m
 [32m✓[39m lib/fantasy/trade.test.ts [2m([22m[2m6 tests[22m[2m)[22m[90m 20[2mms[22m[39m
 [32m✓[39m __tests__/picks-mobile-tap-targets.test.ts [2m([22m[2m3 tests[22m[2m)[22m[90m 5[2mms[22m[39m
 [32m✓[39m lib/calibration/spearman-separation.test.ts [2m([22m[2m4 tests[22m[2m)[22m[90m 7[2mms[22m[39m
 [32m✓[39m lib/age-verify/surface.test.ts [2m([22m[2m6 tests[22m[2m)[22m[90m 6[2mms[22m[39m
 [32m✓[39m lib/auth/age-gate.test.ts [2m([22m[2m6 tests[22m[2m)[22m[90m 6[2mms[22m[39m
 [32m✓[39m __tests__/cockpit-page-a11y.test.ts [2m([22m[2m37 tests[22m[2m)[22m[90m 19[2mms[22m[39m
 [32m✓[39m __tests__/cockpit-media-page.test.ts [2m([22m[2m4 tests[22m[2m)[22m[90m 4[2mms[22m[39m
 [32m✓[39m __tests__/why-board-quiet-draft.test.ts [2m([22m[2m2 tests[22m[2m)[22m[90m 5[2mms[22m[39m
 [32m✓[39m __tests__/auth-email-guard.test.ts [2m([22m[2m5 tests[22m[2m)[22m[90m 5[2mms[22m[39m
 [32m✓[39m __tests__/cfb-free.test.ts [2m([22m[2m2 tests[22m[2m)[22m[90m 11[2mms[22m[39m
 [32m✓[39m __tests__/jarvis-trend.test.ts [2m([22m[2m5 tests[22m[2m)[22m[90m 5[2mms[22m[39m
 [32m✓[39m __tests__/fantasy-pool-gating.test.ts [2m([22m[2m15 tests[22m[2m)[22m[90m 7[2mms[22m[39m
 [32m✓[39m __tests__/cron-authorize-dual-secret.test.ts [2m([22m[2m6 tests[22m[2m)[22m[90m 26[2mms[22m[39m
 [32m✓[39m __tests__/world-class-readiness.test.ts [2m([22m[2m4 tests[22m[2m)[22m[90m 8[2mms[22m[39m
 [32m✓[39m lib/growth/moat-score.test.ts [2m([22m[2m8 tests[22m[2m)[22m[90m 5[2mms[22m[39m
 [32m✓[39m __tests__/weekly-ritual.test.ts [2m([22m[2m4 tests[22m[2m)[22m[90m 8[2mms[22m[39m
 [32m✓[39m __tests__/proof-card.test.ts [2m([22m[2m4 tests[22m[2m)[22m[90m 10[2mms[22m[39m
 [32m✓[39m __tests__/academy-progress.test.ts [2m([22m[2m5 tests[22m[2m)[22m[90m 6[2mms[22m[39m
 [32m✓[39m __tests__/morning-setup-script.test.ts [2m([22m[2m6 tests[22m[2m)[22m[90m 5[2mms[22m[39m
 [32m✓[39m lib/watchlist/validation.test.ts [2m([22m[2m8 tests[22m[2m)[22m[90m 9[2mms[22m[39m
 [32m✓[39m lib/platform/usage-meter.test.ts [2m([22m[2m5 tests[22m[2m)[22m[90m 6[2mms[22m[39m
 [32m✓[39m lib/fable/aws-governance-os.test.ts [2m([22m[2m2 tests[22m[2m)[22m[90m 10[2mms[22m[39m
 [32m✓[39m __tests__/bot-outbox-preview-route.test.ts [2m([22m[2m3 tests[22m[2m)[22m[90m 5[2mms[22m[39m
 [32m✓[39m __tests__/phase-readiness.test.ts [2m([22m[2m4 tests[22m[2m)[22m[90m 6[2mms[22m[39m
 [32m✓[39m __tests__/player-movers-route.test.ts [2m([22m[2m4 tests[22m[2m)[22m[90m 17[2mms[22m[39m
 [32m✓[39m __tests__/media-revenue-claim-safety.test.ts [2m([22m[2m5 tests[22m[2m)[22m[90m 10[2mms[22m[39m
 [32m✓[39m lib/fable/source-registry.test.ts [2m([22m[2m3 tests[22m[2m)[22m[90m 6[2mms[22m[39m
 [32m✓[39m __tests__/synthetic-floor-stress-bakeoff.test.ts [2m([22m[2m4 tests[22m[2m)[22m[90m 40[2mms[22m[39m
 [32m✓[39m __tests__/player-index-route.test.ts [2m([22m[2m3 tests[22m[2m)[22m[90m 16[2mms[22m[39m
 [32m✓[39m __tests__/dashboard-picks-tiles.test.ts [2m([22m[2m7 tests[22m[2m)[22m[90m 5[2mms[22m[39m
 [32m✓[39m __tests__/projected-proven-metrics.test.ts [2m([22m[2m2 tests[22m[2m)[22m[90m 42[2mms[22m[39m
 [32m✓[39m __tests__/cockpit-jarvis-trend-api.test.ts [2m([22m[2m7 tests[22m[2m)[22m[90m 6[2mms[22m[39m
 [32m✓[39m __tests__/nav-live-chip-honesty.test.ts [2m([22m[2m3 tests[22m[2m)[22m[90m 4[2mms[22m[39m
 [32m✓[39m __tests__/public-read-model-policy.test.ts [2m([22m[2m3 tests[22m[2m)[22m[90m 7[2mms[22m[39m
[90mstderr[2m | __tests__/season-gating.test.ts
[22m[39m[@sports/db] stub Prisma client active (DATABASE_URL not set). All reads return empty results.

 [32m✓[39m __tests__/season-gating.test.ts [2m([22m[2m4 tests[22m[2m)[22m[90m 6[2mms[22m[39m
 [32m✓[39m __tests__/bot-outbox-load.test.ts [2m([22m[2m3 tests[22m[2m)[22m[90m 5[2mms[22m[39m
 [32m✓[39m __tests__/lib-file-header.test.ts [2m([22m[2m38 tests[22m[2m)[22m[90m 16[2mms[22m[39m
 [32m✓[39m __tests__/player-archetypes-route.test.ts [2m([22m[2m3 tests[22m[2m)[22m[90m 17[2mms[22m[39m
 [32m✓[39m __tests__/content-templates-scan.test.ts [2m([22m[2m3 tests[22m[2m)[22m[90m 4[2mms[22m[39m
 [32m✓[39m __tests__/team-ratings-route.test.ts [2m([22m[2m3 tests[22m[2m)[22m[90m 16[2mms[22m[39m
 [32m✓[39m __tests__/numeric-guard.test.ts [2m([22m[2m4 tests[22m[2m)[22m[90m 8[2mms[22m[39m
 [32m✓[39m __tests__/cost-governor.test.ts [2m([22m[2m5 tests[22m[2m)[22m[90m 6[2mms[22m[39m
 [32m✓[39m lib/war-room/agents.test.ts [2m([22m[2m4 tests[22m[2m)[22m[90m 5[2mms[22m[39m
 [32m✓[39m __tests__/claude-api-messages.test.ts [2m([22m[2m2 tests[22m[2m)[22m[90m 12[2mms[22m[39m
 [32m✓[39m __tests__/governance-evidence-pack.test.ts [2m([22m[2m4 tests[22m[2m)[22m[90m 7[2mms[22m[39m
 [32m✓[39m __tests__/claude-api-budget-migration.test.ts [2m([22m[2m2 tests[22m[2m)[22m[90m 5[2mms[22m[39m
 [32m✓[39m __tests__/cqr.test.ts [2m([22m[2m3 tests[22m[2m)[22m[90m 5[2mms[22m[39m
 [32m✓[39m __tests__/cockpit-sources-page.test.ts [2m([22m[2m3 tests[22m[2m)[22m[90m 5[2mms[22m[39m
 [32m✓[39m __tests__/source-payload-policy.test.ts [2m([22m[2m4 tests[22m[2m)[22m[90m 7[2mms[22m[39m
 [32m✓[39m __tests__/cockpit-sectional-rendering.test.ts [2m([22m[2m12 tests[22m[2m)[22m[90m 5[2mms[22m[39m
 [32m✓[39m lib/fable/aws-gates.test.ts [2m([22m[2m3 tests[22m[2m)[22m[90m 7[2mms[22m[39m
 [32m✓[39m lib/fable/public-summary.test.ts [2m([22m[2m3 tests[22m[2m)[22m[90m 21[2mms[22m[39m
 [32m✓[39m __tests__/blog-readiness-gate.test.ts [2m([22m[2m3 tests[22m[2m)[22m[90m 5[2mms[22m[39m
 [32m✓[39m __tests__/studio-api-route.test.ts [2m([22m[2m3 tests[22m[2m)[22m[90m 5[2mms[22m[39m
 [32m✓[39m lib/tracker/staking.test.ts [2m([22m[2m6 tests[22m[2m)[22m[90m 6[2mms[22m[39m
 [32m✓[39m __tests__/web-standards-trust-surfaces.test.ts [2m([22m[2m5 tests[22m[2m)[22m[90m 7[2mms[22m[39m
 [32m✓[39m __tests__/loss-room-public-ledger.test.ts [2m([22m[2m3 tests[22m[2m)[22m[90m 6[2mms[22m[39m
 [32m✓[39m __tests__/hierarchical-eb-tau.test.ts [2m([22m[2m3 tests[22m[2m)[22m[90m 15[2mms[22m[39m
 [32m✓[39m __tests__/backfill-historical-games-route.test.ts [2m([22m[2m3 tests[22m[2m)[22m[90m 16[2mms[22m[39m
 [32m✓[39m __tests__/pricing-phases.test.ts [2m([22m[2m4 tests[22m[2m)[22m[90m 6[2mms[22m[39m
 [32m✓[39m __tests__/analytics-events.test.ts [2m([22m[2m5 tests[22m[2m)[22m[90m 7[2mms[22m[39m
 [32m✓[39m __tests__/brand-voice-vocabulary.test.ts [2m([22m[2m8 tests[22m[2m)[22m[90m 7[2mms[22m[39m
 [32m✓[39m __tests__/line-movement-display.test.ts [2m([22m[2m4 tests[22m[2m)[22m[90m 5[2mms[22m[39m
 [32m✓[39m __tests__/claude-api-cerebras.test.ts [2m([22m[2m2 tests[22m[2m)[22m[90m 12[2mms[22m[39m
 [32m✓[39m lib/fable/aws-local-fixtures.test.ts [2m([22m[2m2 tests[22m[2m)[22m[90m 11[2mms[22m[39m
 [32m✓[39m __tests__/model-journal-schema.test.ts [2m([22m[2m2 tests[22m[2m)[22m[90m 4[2mms[22m[39m
 [32m✓[39m __tests__/public-picks-quality-floor.test.ts [2m([22m[2m3 tests[22m[2m)[22m[90m 5[2mms[22m[39m
 [32m✓[39m __tests__/product-board-surfaces.test.ts [2m([22m[2m4 tests[22m[2m)[22m[90m 6[2mms[22m[39m
 [32m✓[39m __tests__/rush-schemes-route.test.ts [2m([22m[2m3 tests[22m[2m)[22m[90m 16[2mms[22m[39m
 [32m✓[39m __tests__/brier-minimization-explore.test.ts [2m([22m[2m5 tests[22m[2m)[22m[90m 5[2mms[22m[39m
 [32m✓[39m lib/integrations/pickem.test.ts [2m([22m[2m3 tests[22m[2m)[22m[90m 5[2mms[22m[39m
 [32m✓[39m __tests__/bootstrap-gate-honesty.test.ts [2m([22m[2m2 tests[22m[2m)[22m[90m 6[2mms[22m[39m
 [32m✓[39m components/ui/tabs.test.ts [2m([22m[2m4 tests[22m[2m)[22m[90m 8[2mms[22m[39m
 [32m✓[39m __tests__/free-spine-odds-path.test.ts [2m([22m[2m4 tests[22m[2m)[22m[90m 5[2mms[22m[39m
 [32m✓[39m lib/calibration/platt-methods-explore.test.ts [2m([22m[2m3 tests[22m[2m)[22m[90m 7[2mms[22m[39m
 [32m✓[39m __tests__/rush-schemes.test.ts [2m([22m[2m2 tests[22m[2m)[22m[90m 44[2mms[22m[39m
 [32m✓[39m __tests__/jarvis-diff-badge.test.ts [2m([22m[2m6 tests[22m[2m)[22m[90m 6[2mms[22m[39m
 [32m✓[39m __tests__/ai-control-plane-ablation-counters-import-graph.test.ts [2m([22m[2m1 test[22m[2m)[22m[90m 5[2mms[22m[39m
 [32m✓[39m lib/fable/claim-scanner.test.ts [2m([22m[2m4 tests[22m[2m)[22m[90m 8[2mms[22m[39m
 [32m✓[39m lib/fable/uncertainty.test.ts [2m([22m[2m3 tests[22m[2m)[22m[90m 6[2mms[22m[39m
 [32m✓[39m __tests__/runbook-script-index.test.ts [2m([22m[2m2 tests[22m[2m)[22m[90m 5[2mms[22m[39m
 [32m✓[39m __tests__/about-page-smoke.test.tsx [2m([22m[2m2 tests[22m[2m)[22m[90m 97[2mms[22m[39m
 [32m✓[39m __tests__/jarvis-operating-runtime-cockpit.test.ts [2m([22m[2m3 tests[22m[2m)[22m[90m 4[2mms[22m[39m
 [32m✓[39m lib/studio/templates/newsletter-block.test.ts [2m([22m[2m3 tests[22m[2m)[22m[90m 4[2mms[22m[39m
 [32m✓[39m __tests__/cockpit-trend-page.test.ts [2m([22m[2m6 tests[22m[2m)[22m[90m 5[2mms[22m[39m
 [32m✓[39m __tests__/admin-routes-gating.test.ts [2m([22m[2m41 tests[22m[2m)[22m[90m 19[2mms[22m[39m
 [32m✓[39m __tests__/fe18-savings-and-brand-lockup.test.ts [2m([22m[2m2 tests[22m[2m)[22m[90m 5[2mms[22m[39m
 [32m✓[39m __tests__/dashboard-stat-card-a11y.test.ts [2m([22m[2m3 tests[22m[2m)[22m[90m 4[2mms[22m[39m
 [32m✓[39m lib/fable/docs-claims.test.ts [2m([22m[2m1 test[22m[2m)[22m[90m 48[2mms[22m[39m
 [32m✓[39m __tests__/media-revenue-platform-strategy.test.ts [2m([22m[2m3 tests[22m[2m)[22m[90m 8[2mms[22m[39m
 [32m✓[39m __tests__/impeccable-probe-script.test.ts [2m([22m[2m3 tests[22m[2m)[22m[90m 5[2mms[22m[39m
 [32m✓[39m __tests__/settlement-breakdown.test.ts [2m([22m[2m1 test[22m[2m)[22m[90m 4[2mms[22m[39m
 [32m✓[39m __tests__/fe17-cursor-and-holotilt.test.ts [2m([22m[2m3 tests[22m[2m)[22m[90m 5[2mms[22m[39m
 [32m✓[39m __tests__/model-court-route.test.ts [2m([22m[2m3 tests[22m[2m)[22m[90m 5[2mms[22m[39m
 [32m✓[39m __tests__/replayable-provenance-route.test.ts [2m([22m[2m1 test[22m[2m)[22m[90m 11[2mms[22m[39m
 [32m✓[39m lib/tracker/bankroll.test.ts [2m([22m[2m3 tests[22m[2m)[22m[90m 5[2mms[22m[39m
 [32m✓[39m lib/integrations/dfs.test.ts [2m([22m[2m3 tests[22m[2m)[22m[90m 5[2mms[22m[39m
 [32m✓[39m lib/fable/labeling.test.ts [2m([22m[2m2 tests[22m[2m)[22m[90m 8[2mms[22m[39m
 [32m✓[39m __tests__/board-class-banner-honesty.test.ts [2m([22m[2m3 tests[22m[2m)[22m[90m 5[2mms[22m[39m
 [32m✓[39m __tests__/route-smoke.test.ts [2m([22m[2m4 tests[22m[2m)[22m[90m 11[2mms[22m[39m
 [32m✓[39m __tests__/glossary.test.ts [2m([22m[2m5 tests[22m[2m)[22m[90m 8[2mms[22m[39m
 [32m✓[39m __tests__/f28-home-hero-cta.test.ts [2m([22m[2m4 tests[22m[2m)[22m[90m 4[2mms[22m[39m
 [32m✓[39m lib/integrations/kalshi.test.ts [2m([22m[2m3 tests[22m[2m)[22m[90m 6[2mms[22m[39m
 [32m✓[39m lib/bias-mirror/mirror.test.ts [2m([22m[2m4 tests[22m[2m)[22m[90m 5[2mms[22m[39m
 [32m✓[39m __tests__/public-dark-reason.test.ts [2m([22m[2m3 tests[22m[2m)[22m[90m 4[2mms[22m[39m
 [32m✓[39m lib/integrations/nflverse.test.ts [2m([22m[2m3 tests[22m[2m)[22m[90m 6[2mms[22m[39m
 [32m✓[39m __tests__/free-tier-honest-claims.test.ts [2m([22m[2m3 tests[22m[2m)[22m[90m 6[2mms[22m[39m
 [32m✓[39m __tests__/bot-outbox-page.test.ts [2m([22m[2m3 tests[22m[2m)[22m[90m 5[2mms[22m[39m
 [32m✓[39m __tests__/market-backtest-route.test.ts [2m([22m[2m2 tests[22m[2m)[22m[90m 10[2mms[22m[39m
 [32m✓[39m __tests__/json-ld.test.ts [2m([22m[2m3 tests[22m[2m)[22m[90m 6[2mms[22m[39m
 [32m✓[39m __tests__/node-engine-pin.test.ts [2m([22m[2m3 tests[22m[2m)[22m[90m 6[2mms[22m[39m
 [32m✓[39m __tests__/f25-fantasy-illustrative-noindex.test.ts [2m([22m[2m14 tests[22m[2m)[22m[90m 9[2mms[22m[39m
 [32m✓[39m __tests__/elo-backtest-route.test.ts [2m([22m[2m2 tests[22m[2m)[22m[90m 10[2mms[22m[39m
 [32m✓[39m __tests__/media-kit-page.test.ts [2m([22m[2m3 tests[22m[2m)[22m[90m 4[2mms[22m[39m
 [32m✓[39m lib/fantasy/edge-rank.test.ts [2m([22m[2m2 tests[22m[2m)[22m[33m 2935[2mms[22m[39m
   [33m[2m✓[22m[39m edge rank (Wave4 #12)[2m > [22mranks k-best lineups 1..k with components attached [33m1501[2mms[22m[39m
   [33m[2m✓[22m[39m edge rank (Wave4 #12)[2m > [22msorts by edgeScore desc and is deterministic [33m1431[2mms[22m[39m
[90mstderr[2m | __tests__/legal-sources.test.ts[2m > [22m[2mlegal sources API[2m > [22m[2mpublishes the cleared vs blocked source registry
[22m[39m[@sports/db] stub Prisma client active (DATABASE_URL not set). All reads return empty results.

 [32m✓[39m __tests__/legal-sources.test.ts [2m([22m[2m1 test[22m[2m)[22m[33m 349[2mms[22m[39m
   [33m[2m✓[22m[39m legal sources API[2m > [22mpublishes the cleared vs blocked source registry [33m348[2mms[22m[39m
 [32m✓[39m __tests__/line-shop-contract.test.ts [2m([22m[2m3 tests[22m[2m)[22m[90m 4[2mms[22m[39m
 [32m✓[39m __tests__/cockpit-today-picks-chip.test.ts [2m([22m[2m4 tests[22m[2m)[22m[90m 5[2mms[22m[39m
 [32m✓[39m __tests__/fantasy-real-data-surface.test.ts [2m([22m[2m2 tests[22m[2m)[22m[90m 4[2mms[22m[39m
 [31m❯[39m __tests__/news-customer-truth.test.tsx [2m([22m[2m3 tests[22m[2m | [22m[31m3 failed[39m[2m)[22m[33m 1510[2mms[22m[39m
[31m   [31m×[31m TheBeat customer truth[2m > [22mshows unavailable — not the sample — when the feed fails[33m 1312[2mms[22m[31m[39m
[31m     → Unable to find an element with the text: /feed unavailable/i. This could be because the text is broken up by multiple elements. In this case, you can provide a function for your text matcher to make your matcher more flexible.

Ignored nodes: comments, script, style
[36m<body>[31m
  [36m<div>[31m
    [36m<div[31m
      [33mclass[31m=[32m"space-y-5"[31m
    [36m>[31m
      [36m<span[31m
        [33mclass[31m=[32m"inline-flex items-center gap-1.5 rounded-full px-3 py-1 text-[11px] font-bold uppercase tracking-wider"[31m
        [33mstyle[31m=[32m"background: rgba(196, 191, 182, 0.11); color: rgb(196, 191, 182);"[31m
      [36m>[31m
        [0mSample feed · fictional sources[0m
      [36m</span>[31m
      [36m<div[31m
        [33mclass[31m=[32m"grid grid-cols-2 gap-3 sm:grid-cols-4"[31m
        [33mdata-testid[31m=[32m"beat-pulse"[31m
      [36m>[31m
        [36m<div[31m
          [33mclass[31m=[32m"surface-card p-3"[31m
        [36m>[31m
          [36m<p[31m
            [33mclass[31m=[32m"font-numerals text-[10px] uppercase tracking-[0.16em] text-ion-3"[31m
          [36m>[31m
            [0mOn the wire[0m
          [36m</p>[31m
          [36m<p[31m
            [33mclass[31m=[32m"mt-1 font-display text-2xl text-ion-white"[31m
          [36m>[31m
            [0m10[0m
          [36m</p>[31m
        [36m</div>[31m
        [36m<div[31m
          [33mclass[31m=[32m"surface-card p-3"[31m
        [36m>[31m
          [36m<p[31m
            [33mclass[31m=[32m"font-numerals text-[10px] uppercase tracking-[0.16em] text-ion-3"[31m
          [36m>[31m
            [0mConfirmed[0m
          [36m</p>[31m
          [36m<p[31m
            [33mclass[31m=[32m"mt-1 font-display text-2xl"[31m
            [33mstyle[31m=[32m"color: rgb(196, 191, 182);"[31m
          [36m>[31m
            [0m2[0m
          [36m</p>[31m
        [36m</div>[31m
        [36m<div[31m
          [33mclass[31m=[32m"surface-card p-3"[31m
        [36m>[31m
          [36m<p[31m
            [33mclass[31m=[32m"font-numerals text-[10px] uppercase tracking-[0.16em] text-ion-3"[31m
          [36m>[31m
            [0mHot now[0m
          [36m</p>[31m
          [36m<p[31m
            [33mclass[31m=[32m"mt-1 font-display text-2xl"[31m
            [33mstyle[31m=[32m"color: rgb(255, 77, 46);"[31m
          [36m>[31m
            [0m2[0m
          [36m</p>[31m
        [36m</div>[31m
        [36m<div[31m
          [33mclass[31m=[32m"surface-card min-w-0 p-3"[31m
        [36m>[31m
          [36m<p[31m
            [33mclass[31m=[32m"font-numerals text-[10px] uppercase tracking-[0.16em] text-ion-3"[31m
          [36m>[31m
            [0mTop signal[0m
          [36m</p>[31m
          [36m<p[31m
            [33mclass[31m=[32m"mt-1 truncate text-sm font-semibold text-ion-white"[31m
            [33mtitle[31m=[32m"Confirmed: Vale will not play; the team is elevating depth at the position"[31m
          [36m>[31m
            [0mATL · 84[0m
          [36m</p>[31m
        [36m</div>[31m
      [36m</div>[31m
      [36m<div[31m
        [33mclass[31m=[32m"surface-card flex flex-wrap items-center gap-3 p-4"[31m
      [36m>[31m
        [36m<span[31m
          [33mclass[31m=[32m"text-[10px] uppercase tracking-[0.18em] text-ion-3"[31m
        [36m>[31m
          [0mSource tier[0m
        [36m</span>[31m
        [36m<button[31m
          [33maria-pressed[31m=[32m"true"[31m
          [33mclass[31m=[32m"rounded-full px-2.5 py-1 text-[11px] font-semibold uppercase tracking-wider"[31m
          [33mstyle[31m=[32m"background: rgba(255, 255, 255, 0.12); color: rgb(255, 255, 255);"[31m
          [33mtype[31m=[32m"button"[31m
        [36m>[31m
          [0mAll[0m
        [36m</button>[31m
        [36m<button[31m
          [33maria-pressed[31m=[32m"false"[31m
          [33mclass[31m=[32m"rounded-full px-2.5 py-1 text-[11px] font-semibold uppercase tracking-wider transition-colors"[31m
          [33mstyle[31m=[32m"background: transparent; color: rgb(196, 191, 182); box-shadow: none;"[31m
          [33mtitle[31m=[32m"reliability 100%"[31m
          [33mtype[31m=[32m"button"[31m
        [36m>[31m
          [0mInsider[0m
        [36m</button>[31m
        [36m<button[31m
          [33maria-pressed[31m=[32m"false"[31m
          [33mclass[31m=[32m"rounded-full px-2.5 py-1 text-[11px] font-semibold uppercase tracking-wider transition-colors"[31m
          [33mstyle[31m=[32m"background: transparent; color: rgb(255, 77, 46); box-shadow: none;"[31m
          [33mtitle[31m=[32m"reliability 85%"[31m
          [33mtype[31m=[32m"button"[31m
        [36m>[31m
          [0mBeat[0m
        [36m</button>[31m
        [36m<button[31m
          [33maria-pressed[31m=[32m"false"[31m
          [33mclass[31m=[32m"rounded-full px-2.5 py-1 text-[11px] font-semibold uppercase tracking-wider transition-colors"[31m
          [33mstyle[31m=[32m"background: transparent; color: rgb(196, 191, 182); box-shadow: none;"[31m
          [33mtitle[31m=[32m"reliability 70%"[31m
          [33mtype[31m=[32m"button"[31m
        [36m>[31m
          [0mVerified[0m
        [36m</button>[31m
        [36m<button[31m
          [33maria-pressed[31m=[32m"false"[31m
          [33mclass[31m=[32m"rounded-full px-2.5 py-1 text-[11px] font-semibold uppercase tracking-wider transition-colors"[31m
          [33mstyle[31m=[32m"background: transparent; color: rgb(159, 179, 200); box-shadow: none;"[31m
          [33mtitle[31m=[32m"reliability 45%"[31m
          [33mtype[31m=[32m"button"[31m
        [36m>[31m
          [0mAggregator[0m
        [36m</button>[31m
        [36m<button[31m
          [33maria-pressed[31m=[32m"false"[31m
          [33mclass[31m=[32m"rounded-full px-2.5 py-1 text-[11px] font-semibold uppercase tracking-wider transition-colors"[31m
          [33mstyle[31m=[32m"background: transparent; color: rgb(91, 102, 117); box-shadow: none;"[31m
          [33mtitle[31m=[32m"reliability 20%"[31m
          [33mtype[31m=[32m"button"[31m
        [36m>[31m
          [0mUnconfirmed[0m
        [36m</button>[31m
        [36m<div[31m
          [33maria-label[31m=[32m"Filter by team"[31m
          [33mclass[31m=[32m"flex gap-1.5 overflow-x-auto pb-1"[31m
          [33mrole[31m=[32m"group"[31m
        [36m>[31m
          [36m<button[31m
            [33maria-pressed[31m=[32m"true"[31m
            [33mclass[31m=[32m"shrink-0 rounded-full px-2.5 py-1 text-[11px] font-semibold uppercase tracking-wider transition-colors bg-ion-white text-black"[31m
            [33mtype[31m=[32m"button"[31m
          [36m>[31m
            [0mAll teams[0m
          [36m</button>[31m
          [36m<button[31m
            [33maria-pressed[31m=[32m"false"[31m
            [33mclass[31m=[32m"shrink-0 rounded-full px-2.5 py-1 text-[11px] font-semibold uppercase tracking-wider transition-colors text-ion-2 hover:text-ion-white"[31m
            [33mstyle[31m=[32m"background: rgba(255, 255, 255, 0.05);"[...[39m
[31m   [31m×[31m TheBeat customer truth[2m > [22mshows an empty honest state for a fresh empty live wire[90m 74[2mms[22m[31m[39m
[31m     → Unable to find an element with the text: /no fresh reports/i. This could be because the text is broken up by multiple elements. In this case, you can provide a function for your text matcher to make your matcher more flexible.

Ignored nodes: comments, script, style
[36m<body>[31m
  [36m<div>[31m
    [36m<div[31m
      [33mclass[31m=[32m"space-y-5"[31m
    [36m>[31m
      [36m<span[31m
        [33mclass[31m=[32m"inline-flex items-center gap-1.5 rounded-full px-3 py-1 text-[11px] font-bold uppercase tracking-wider"[31m
        [33mstyle[31m=[32m"background: rgba(196, 191, 182, 0.11); color: rgb(196, 191, 182);"[31m
      [36m>[31m
        [0mLive wire · headlines via public feeds ·[0m
        [0m [0m
        [0mno items in window[0m
      [36m</span>[31m
      [36m<div[31m
        [33mclass[31m=[32m"grid grid-cols-2 gap-3 sm:grid-cols-4"[31m
        [33mdata-testid[31m=[32m"beat-pulse"[31m
      [36m>[31m
        [36m<div[31m
          [33mclass[31m=[32m"surface-card p-3"[31m
        [36m>[31m
          [36m<p[31m
            [33mclass[31m=[32m"font-numerals text-[10px] uppercase tracking-[0.16em] text-ion-3"[31m
          [36m>[31m
            [0mOn the wire[0m
          [36m</p>[31m
          [36m<p[31m
            [33mclass[31m=[32m"mt-1 font-display text-2xl text-ion-white"[31m
          [36m>[31m
            [0m0[0m
          [36m</p>[31m
        [36m</div>[31m
        [36m<div[31m
          [33mclass[31m=[32m"surface-card p-3"[31m
        [36m>[31m
          [36m<p[31m
            [33mclass[31m=[32m"font-numerals text-[10px] uppercase tracking-[0.16em] text-ion-3"[31m
          [36m>[31m
            [0mConfirmed[0m
          [36m</p>[31m
          [36m<p[31m
            [33mclass[31m=[32m"mt-1 font-display text-2xl"[31m
            [33mstyle[31m=[32m"color: rgb(196, 191, 182);"[31m
          [36m>[31m
            [0m0[0m
          [36m</p>[31m
        [36m</div>[31m
        [36m<div[31m
          [33mclass[31m=[32m"surface-card p-3"[31m
        [36m>[31m
          [36m<p[31m
            [33mclass[31m=[32m"font-numerals text-[10px] uppercase tracking-[0.16em] text-ion-3"[31m
          [36m>[31m
            [0mHot now[0m
          [36m</p>[31m
          [36m<p[31m
            [33mclass[31m=[32m"mt-1 font-display text-2xl"[31m
            [33mstyle[31m=[32m"color: rgb(255, 77, 46);"[31m
          [36m>[31m
            [0m0[0m
          [36m</p>[31m
        [36m</div>[31m
        [36m<div[31m
          [33mclass[31m=[32m"surface-card min-w-0 p-3"[31m
        [36m>[31m
          [36m<p[31m
            [33mclass[31m=[32m"font-numerals text-[10px] uppercase tracking-[0.16em] text-ion-3"[31m
          [36m>[31m
            [0mTop signal[0m
          [36m</p>[31m
          [36m<p[31m
            [33mclass[31m=[32m"mt-1 truncate text-sm font-semibold text-ion-white"[31m
          [36m>[31m
            [0mn/a[0m
          [36m</p>[31m
        [36m</div>[31m
      [36m</div>[31m
      [36m<div[31m
        [33mclass[31m=[32m"surface-card flex flex-wrap items-center gap-3 p-4"[31m
      [36m>[31m
        [36m<span[31m
          [33mclass[31m=[32m"text-[10px] uppercase tracking-[0.18em] text-ion-3"[31m
        [36m>[31m
          [0mSource tier[0m
        [36m</span>[31m
        [36m<button[31m
          [33maria-pressed[31m=[32m"true"[31m
          [33mclass[31m=[32m"rounded-full px-2.5 py-1 text-[11px] font-semibold uppercase tracking-wider"[31m
          [33mstyle[31m=[32m"background: rgba(255, 255, 255, 0.12); color: rgb(255, 255, 255);"[31m
          [33mtype[31m=[32m"button"[31m
        [36m>[31m
          [0mAll[0m
        [36m</button>[31m
        [36m<button[31m
          [33maria-pressed[31m=[32m"false"[31m
          [33mclass[31m=[32m"rounded-full px-2.5 py-1 text-[11px] font-semibold uppercase tracking-wider transition-colors"[31m
          [33mstyle[31m=[32m"background: transparent; color: rgb(196, 191, 182); box-shadow: none;"[31m
          [33mtitle[31m=[32m"reliability 100%"[31m
          [33mtype[31m=[32m"button"[31m
        [36m>[31m
          [0mInsider[0m
        [36m</button>[31m
        [36m<button[31m
          [33maria-pressed[31m=[32m"false"[31m
          [33mclass[31m=[32m"rounded-full px-2.5 py-1 text-[11px] font-semibold uppercase tracking-wider transition-colors"[31m
          [33mstyle[31m=[32m"background: transparent; color: rgb(255, 77, 46); box-shadow: none;"[31m
          [33mtitle[31m=[32m"reliability 85%"[31m
          [33mtype[31m=[32m"button"[31m
        [36m>[31m
          [0mBeat[0m
        [36m</button>[31m
        [36m<button[31m
          [33maria-pressed[31m=[32m"false"[31m
          [33mclass[31m=[32m"rounded-full px-2.5 py-1 text-[11px] font-semibold uppercase tracking-wider transition-colors"[31m
          [33mstyle[31m=[32m"background: transparent; color: rgb(196, 191, 182); box-shadow: none;"[31m
          [33mtitle[31m=[32m"reliability 70%"[31m
          [33mtype[31m=[32m"button"[31m
        [36m>[31m
          [0mVerified[0m
        [36m</button>[31m
        [36m<button[31m
          [33maria-pressed[31m=[32m"false"[31m
          [33mclass[31m=[32m"rounded-full px-2.5 py-1 text-[11px] font-semibold uppercase tracking-wider transition-colors"[31m
          [33mstyle[31m=[32m"background: transparent; color: rgb(159, 179, 200); box-shadow: none;"[31m
          [33mtitle[31m=[32m"reliability 45%"[31m
          [33mtype[31m=[32m"button"[31m
        [36m>[31m
          [0mAggregator[0m
        [36m</button>[31m
        [36m<button[31m
          [33maria-pressed[31m=[32m"false"[31m
          [33mclass[31m=[32m"rounded-full px-2.5 py-1 text-[11px] font-semibold uppercase tracking-wider transition-colors"[31m
          [33mstyle[31m=[32m"background: transparent; color: rgb(91, 102, 117); box-shadow: none;"[31m
          [33mtitle[31m=[32m"reliability 20%"[31m
          [33mtype[31m=[32m"button"[31m
        [36m>[31m
          [0mUnconfirmed[0m
        [36m</button>[31m
        [36m<div[31m
          [33maria-label[31m=[32m"Filter by team"[31m
          [33mclass[31m=[32m"flex gap-1.5 overflow-x-auto pb-1"[31m
          [33mrole[31m=[32m"group"[31m
        [36m>[31m
          [36m<button[31m
            [33maria-pressed[31m=[32m"true"[31m
            [33mclass[31m=[32m"shrink-0 rounded-full px-2.5 py-1 text-[11px] font-semibold uppercase tracking-wider transition-colors bg-ion-white text-black"[31m
            [33mtype[31m=[32m"button"[31m
          [36m>[31m
            [0mAll teams[0m
          [36m</button>[31m
        [36m</div>[31m
        [36m<div[31m
          [33maria-label[31m=[32m"Sort order"[31m
          [33mclass[31m=[32m"flex rounded-full border border-mineral p-0.5"[31m
          [33mrole[31m=[32m"group"[31m
        [36m>[31m
          [36m<button[31m
            [33maria-pressed[31m=[32m"true"[31m
            [33mclass[31m=[32m"rounded-full px-2.5 py-1 text-[11px] font-semibold uppercase tracking-wider bg-orbital-cyan/20 text-orbital-cyan"[31m
            [33mtype[31m=[32m"button"[31m
          [36m>[31m
            [0mStrongest[0m
          [36m</button>[31m
          [36m<button[31m
            [33maria-pressed[31m=[32m"false"[31m
            [33mclass[31m=[32m"rounded-full px-2.5 py-1 text-[11px] font-semibold uppercase tracking-wider text-ion-2"[31m
            [33mtype[31m=[32m"button"[31m
          [36m>[31m
            [0mNewest[0m
          [36m</button>[31m
        [36m</div>[31m
        [36m<label[31m
          [33mclass[31m=[32m"ml-auto flex cursor-pointer items-center gap-2 text-[11px] font-semibold uppercase tracking-wider text-ion-2"[31m
        [36m>[31m
          [36m<input[31m
            [33mclass[31m=[32m"h-3.5 w-3.5 accent-[#FF4D2E]"[31m
            [33mtype[31m=[32m"checkbox"[31m
          [36m/>[31m
          [0mQuiet the noise (hot only)[0m
        [36m</label>[31m
      [36m</div>[31m
      [36m<div[31m
        [33mclass[31m=[32m"space-y-2.5"[31m
      [36m>[31m
        [36m<div[31m
          [33mclass[31m=[32m"surface-card p-8 text-center"[31m
        [36m>[31m
          [36m<p[31m
            [33mclass[31m=[32m"font-display text-xl text-ion-white"[31m
          [36m>[31m
            [0mThe wire is quiet on this frequency.[0m
          [36m</p>[31m
          [36m<p[31m
            [33mclass[31m=[32m"mx-auto mt-1 max-w-md text-sm text-ion-2"[31m
          [36m>[31m
            [0mNothing at this tier, team, or heat level right now. That is the filter talking, not the newsroom. Loosen it and the wire comes back.[0m
          [36m</p>[31m
          [36m<button[31m
            [33mclass[31m=[32m"mt-4 rounded-full bg-ion-white px-4 py-1.5 text-[11px] font-bold uppercase tracking-wider text-black"[31m
            [33mtype[31m=[32m"button"[31m
          [36m>[31m
            [0mReset the wire[0m
          [36m</button>[31m
        [36m</div>[31m
      [36m</div>[31m
    [36m</div>[31m
  [36m</div>[31m
[36m</body>[31m[39m
[31m   [31m×[31m TheBeat customer truth[2m > [22mnever renders tier weights as measured reliability percentages[90m 123[2mms[22m[31m[39m
[31m     → expected '<div class="space-y-5"><span class="i…' not to match /reliability \d+%/i[39m
 [32m✓[39m __tests__/ops-calibration-eligibility-surface.test.ts [2m([22m[2m2 tests[22m[2m)[22m[90m 5[2mms[22m[39m
 [32m✓[39m __tests__/jarvis-diff-script.test.ts [2m([22m[2m5 tests[22m[2m)[22m[90m 5[2mms[22m[39m
 [32m✓[39m __tests__/ngs-sep-measurement.test.ts [2m([22m[2m1 test[22m[2m)[22m[90m 4[2mms[22m[39m
 [32m✓[39m __tests__/platt-murphy-explore.test.ts [2m([22m[2m2 tests[22m[2m)[22m[90m 8[2mms[22m[39m
 [32m✓[39m lib/claude-api/jynx-examples.test.ts [2m([22m[2m4 tests[22m[2m)[22m[90m 7[2mms[22m[39m
 [32m✓[39m __tests__/launch-night-smoke-script.test.ts [2m([22m[2m6 tests[22m[2m)[22m[90m 5[2mms[22m[39m
 [32m✓[39m __tests__/gm-autopilot-and-sitemap-fe12.test.ts [2m([22m[2m2 tests[22m[2m)[22m[90m 5[2mms[22m[39m
 [32m✓[39m __tests__/claude-api-costs-page.test.ts [2m([22m[2m2 tests[22m[2m)[22m[90m 4[2mms[22m[39m
 [32m✓[39m __tests__/pick-card-a11y.test.ts [2m([22m[2m3 tests[22m[2m)[22m[90m 4[2mms[22m[39m
 [32m✓[39m lib/fantasy/sleeper-season.test.ts [2m([22m[2m4 tests[22m[2m)[22m[90m 6[2mms[22m[39m
 [32m✓[39m __tests__/dfs-customer-data-contract.test.tsx [2m([22m[2m2 tests[22m[2m)[22m[33m 2027[2mms[22m[39m
   [33m[2m✓[22m[39m DfsOptimizer customer-data contract[2m > [22mdoes not auto-generate fictional lineups on initial render [33m1258[2mms[22m[39m
   [33m[2m✓[22m[39m DfsOptimizer customer-data contract[2m > [22mdescribes objectives without tournament/median/edge promises [33m767[2mms[22m[39m
 [32m✓[39m __tests__/public-surface-gate.test.ts [2m([22m[2m6 tests[22m[2m)[22m[90m 9[2mms[22m[39m
 [32m✓[39m __tests__/seo-launch-pages.test.ts [2m([22m[2m4 tests[22m[2m)[22m[90m 8[2mms[22m[39m
 [32m✓[39m __tests__/claude-api-override-route.test.ts [2m([22m[2m2 tests[22m[2m)[22m[90m 7[2mms[22m[39m
 [32m✓[39m lib/calibration/murphy-res-definition.test.ts [2m([22m[2m2 tests[22m[2m)[22m[90m 7[2mms[22m[39m
 [32m✓[39m lib/fantasy/pickem-optimizer.test.ts [2m([22m[2m2 tests[22m[2m)[22m[90m 7[2mms[22m[39m
 [32m✓[39m __tests__/resolution-by-group.test.ts [2m([22m[2m1 test[22m[2m)[22m[90m 6[2mms[22m[39m
[90mstderr[2m | __tests__/free-path-clv.test.ts
[22m[39m[@sports/db] stub Prisma client active (DATABASE_URL not set). All reads return empty results.

 [32m✓[39m __tests__/partners-page.test.ts [2m([22m[2m3 tests[22m[2m)[22m[90m 4[2mms[22m[39m
 [32m✓[39m __tests__/free-path-clv.test.ts [2m([22m[2m1 test[22m[2m)[22m[90m 5[2mms[22m[39m
 [32m✓[39m __tests__/ai-control-plane-quotient-map.test.ts [2m([22m[2m6 tests[22m[2m)[22m[90m 5[2mms[22m[39m
 [32m✓[39m lib/fantasy/studio.test.ts [2m([22m[2m4 tests[22m[2m)[22m[90m 5[2mms[22m[39m
 [32m✓[39m __tests__/require-admin.test.ts [2m([22m[2m4 tests[22m[2m)[22m[90m 5[2mms[22m[39m
 [32m✓[39m __tests__/parse-date-param.test.ts [2m([22m[2m3 tests[22m[2m)[22m[90m 4[2mms[22m[39m
 [32m✓[39m lib/trust-ledger/proof-demo.test.ts [2m([22m[2m4 tests[22m[2m)[22m[90m 5[2mms[22m[39m
 [32m✓[39m __tests__/brief-compose-scan.test.ts [2m([22m[2m1 test[22m[2m)[22m[90m 11[2mms[22m[39m
[90mstderr[2m | __tests__/claude-api-dashboard.test.ts[2m > [22m[2mClaude API costs dashboard loader[2m > [22m[2mreturns one current-month summary for every Claude API surface
[22m[39m[@sports/db] stub Prisma client active (DATABASE_URL not set). All reads return empty results.

 [32m✓[39m __tests__/claude-api-dashboard.test.ts [2m([22m[2m1 test[22m[2m)[22m[90m 229[2mms[22m[39m
 [32m✓[39m __tests__/no-em-dash-copy.test.ts [2m([22m[2m1 test[22m[2m)[22m[33m 736[2mms[22m[39m
   [33m[2m✓[22m[39m em-dash brand-voice guard[2m > [22mscanner exits clean over the owner-facing copy set [33m735[2mms[22m[39m
 [32m✓[39m __tests__/board-surface-policy.test.ts [2m([22m[2m3 tests[22m[2m)[22m[90m 4[2mms[22m[39m
[90mstderr[2m | __tests__/free-settlement-runner-map.test.ts
[22m[39m[@sports/db] stub Prisma client active (DATABASE_URL not set). All reads return empty results.

 [32m✓[39m __tests__/free-settlement-runner-map.test.ts [2m([22m[2m2 tests[22m[2m)[22m[90m 4[2mms[22m[39m
 [32m✓[39m __tests__/clopper-pearson-interval.test.ts [2m([22m[2m2 tests[22m[2m)[22m[90m 6[2mms[22m[39m
 [32m✓[39m lib/calibration/isotonic-alternatives.test.ts [2m([22m[2m1 test[22m[2m)[22m[90m 4[2mms[22m[39m
 [32m✓[39m lib/observability/capture-route-error.test.ts [2m([22m[2m9 tests[22m[2m)[22m[90m 43[2mms[22m[39m
 [32m✓[39m __tests__/checkout-attempt-db.integration.test.ts [2m([22m[2m6 tests[22m[2m | [22m[33m5 skipped[39m[2m)[22m[90m 3[2mms[22m[39m
[90mstderr[2m | __tests__/edge-index-embed.test.ts
[22m[39m[@sports/db] stub Prisma client active (DATABASE_URL not set). All reads return empty results.

 [32m✓[39m components/ui/count-up.test.ts [2m([22m[2m2 tests[22m[2m)[22m[90m 4[2mms[22m[39m
 [32m✓[39m __tests__/edge-index-embed.test.ts [2m([22m[2m3 tests[22m[2m)[22m[90m 4[2mms[22m[39m
 [32m✓[39m __tests__/public-copy-scanner.test.ts [2m([22m[2m3 tests[22m[2m)[22m[90m 6[2mms[22m[39m
 [32m✓[39m __tests__/layout-search-schema-honesty.test.ts [2m([22m[2m1 test[22m[2m)[22m[90m 4[2mms[22m[39m
[90mstderr[2m | __tests__/waitlist-storage-mode.test.ts
[22m[39m[@sports/db] stub Prisma client active (DATABASE_URL not set). All reads return empty results.

 [32m✓[39m __tests__/waitlist-storage-mode.test.ts [2m([22m[2m1 test[22m[2m)[22m[90m 4[2mms[22m[39m
 [32m✓[39m __tests__/brief-compose.test.ts [2m([22m[2m1 test[22m[2m)[22m[90m 4[2mms[22m[39m
[90mstderr[2m | __tests__/public-form-rate-limit.test.ts
[22m[39m[@sports/db] stub Prisma client active (DATABASE_URL not set). All reads return empty results.

 [32m✓[39m __tests__/public-form-rate-limit.test.ts [2m([22m[2m2 tests[22m[2m)[22m[90m 6[2mms[22m[39m

[31m⎯⎯⎯⎯⎯⎯[1m[7m Failed Tests 29 [27m[22m⎯⎯⎯⎯⎯⎯⎯[39m

[31m[1m[7m FAIL [27m[22m[39m __tests__/checkout-live-mode-guard.test.ts[2m > [22mlive-mode Stripe keys never reach tests[2m > [22mthe test environment carries no live-mode key in any env var
[31m[1mAssertionError[22m: env var QUIVERAI_API_KEY looks like a live-mode Stripe key: expected true to be false // Object.is equality[39m

[32m- Expected[39m
[31m+ Received[39m

[32m- false[39m
[31m+ true[39m

[36m [2m❯[22m __tests__/checkout-live-mode-guard.test.ts:[2m26:92[22m[39m
    [90m 24| [39m    [35mfor[39m ([35mconst[39m [name[33m,[39m value] [35mof[39m [33mObject[39m[33m.[39m[34mentries[39m(process[33m.[39menv)) {
    [90m 25| [39m      [35mif[39m ([33m![39mvalue) [35mcontinue[39m[33m;[39m
    [90m 26| [39m      [34mexpect[39m([33mLIVE_KEY_RE[39m[33m.[39m[34mtest[39m(value)[33m,[39m [32m`env var [39m[36m${[39mname[36m}[39m[32m looks like a li[39m…
    [90m   | [39m                                                                                           [31m^[39m
    [90m 27| [39m        [35mfalse[39m[33m,[39m
    [90m 28| [39m      )[33m;[39m

[31m[2m⎯⎯⎯⎯⎯⎯⎯⎯⎯⎯⎯⎯⎯⎯⎯⎯⎯⎯⎯⎯⎯⎯⎯[1/29]⎯[22m[39m

[31m[1m[7m FAIL [27m[22m[39m __tests__/entitlement-fail-closed-audible.test.ts[2m > [22mgetViewerEntitlements (page gate)[2m > [22mlogs when auth() throws and the viewer is downgraded to anonymous FREE
[31m[1mError[22m: [vitest] No "isAdminEmail" export is defined on the "@/lib/auth" mock. Did you forget to return it from "vi.mock"?
If you need to partially mock a module, you can use "importOriginal" helper inside:
[39m
vi[33m.[39m[34mmock[39m([35mimport[39m([32m"@/lib/auth"[39m)[33m,[39m [35masync[39m (importOriginal) [33m=>[39m {
  [35mconst[39m actual [33m=[39m [35mawait[39m [34mimportOriginal[39m()
  [35mreturn[39m {
    [33m...[39mactual[33m,[39m
    [90m// your mocked methods[39m
  }
})

[36m [2m❯[22m Module.getViewerEntitlements lib/pricing/tier-access.ts:[2m47:27[22m[39m
    [90m 45| [39m  [90m// Subscription row. Customer paywalls are unchanged: only ADMIN ses[39m…
    [90m 46| [39m  [90m// take this path.[39m
    [90m 47| [39m  [35mif[39m (role [33m===[39m [32m"ADMIN"[39m [33m||[39m [34misAdminEmail[39m(email)) {
    [90m   | [39m                          [31m^[39m
    [90m 48| [39m    [35mreturn[39m [34mgetEntitlements[39m([32m"ELITE"[39m)[33m;[39m
    [90m 49| [39m  }
[90m [2m❯[22m __tests__/entitlement-fail-closed-audible.test.ts:[2m105:26[22m[39m

[31m[2m⎯⎯⎯⎯⎯⎯⎯⎯⎯⎯⎯⎯⎯⎯⎯⎯⎯⎯⎯⎯⎯⎯⎯[2/29]⎯[22m[39m

[31m[1m[7m FAIL [27m[22m[39m __tests__/entitlement-fail-closed-audible.test.ts[2m > [22mgetViewerEntitlements (page gate)[2m > [22mlogs when the entitlement lookup throws for a signed-in viewer
[31m[1mError[22m: [vitest] No "isAdminEmail" export is defined on the "@/lib/auth" mock. Did you forget to return it from "vi.mock"?
If you need to partially mock a module, you can use "importOriginal" helper inside:
[39m
vi[33m.[39m[34mmock[39m([35mimport[39m([32m"@/lib/auth"[39m)[33m,[39m [35masync[39m (importOriginal) [33m=>[39m {
  [35mconst[39m actual [33m=[39m [35mawait[39m [34mimportOriginal[39m()
  [35mreturn[39m {
    [33m...[39mactual[33m,[39m
    [90m// your mocked methods[39m
  }
})

[36m [2m❯[22m Module.getViewerEntitlements lib/pricing/tier-access.ts:[2m47:27[22m[39m
    [90m 45| [39m  [90m// Subscription row. Customer paywalls are unchanged: only ADMIN ses[39m…
    [90m 46| [39m  [90m// take this path.[39m
    [90m 47| [39m  [35mif[39m (role [33m===[39m [32m"ADMIN"[39m [33m||[39m [34misAdminEmail[39m(email)) {
    [90m   | [39m                          [31m^[39m
    [90m 48| [39m    [35mreturn[39m [34mgetEntitlements[39m([32m"ELITE"[39m)[33m;[39m
    [90m 49| [39m  }
[90m [2m❯[22m __tests__/entitlement-fail-closed-audible.test.ts:[2m117:26[22m[39m

[31m[2m⎯⎯⎯⎯⎯⎯⎯⎯⎯⎯⎯⎯⎯⎯⎯⎯⎯⎯⎯⎯⎯⎯⎯[3/29]⎯[22m[39m

[31m[1m[7m FAIL [27m[22m[39m __tests__/entitlement-fail-closed-audible.test.ts[2m > [22mgetViewerEntitlements (page gate)[2m > [22mstays silent for an ordinary anonymous visitor
[31m[1mAssertionError[22m: promise rejected "Error: [vitest] No "isAdminEmail" export … { codeFrame: '…' }" instead of resolving[39m
[36m [2m❯[22m __tests__/entitlement-fail-closed-audible.test.ts:[2m128:41[22m[39m
    [90m126| [39m    authMock[33m.[39m[34mmockResolvedValue[39m([35mnull[39m)[33m;[39m
    [90m127| [39m
    [90m128| [39m    [35mawait[39m [34mexpect[39m([34mgetViewerEntitlements[39m())[33m.[39mresolves[33m.[39m[34mtoMatchObject[39m({ tie…
    [90m   | [39m                                        [31m^[39m
    [90m129| [39m    [34mexpect[39m(errorSpy)[33m.[39mnot[33m.[39m[34mtoHaveBeenCalled[39m()[33m;[39m
    [90m130| [39m  })[33m;[39m

[31m[1mCaused by: Error[22m: [vitest] No "isAdminEmail" export is defined on the "@/lib/auth" mock. Did you forget to return it from "vi.mock"?
If you need to partially mock a module, you can use "importOriginal" helper inside:
[39m
vi[33m.[39m[34mmock[39m([35mimport[39m([32m"@/lib/auth"[39m)[33m,[39m [35masync[39m (importOriginal) [33m=>[39m {
  [35mconst[39m actual [33m=[39m [35mawait[39m [34mimportOriginal[39m()
  [35mreturn[39m {
    [33m...[39mactual[33m,[39m
    [90m// your mocked methods[39m
  }
})

[36m [2m❯[22m Module.getViewerEntitlements lib/pricing/tier-access.ts:[2m47:27[22m[39m

[31m[2m⎯⎯⎯⎯⎯⎯⎯⎯⎯⎯⎯⎯⎯⎯⎯⎯⎯⎯⎯⎯⎯⎯⎯[4/29]⎯[22m[39m

[31m[1m[7m FAIL [27m[22m[39m __tests__/entitlement-fail-closed-audible.test.ts[2m > [22mthrottling under a sustained outage[2m > [22mnever lets one site's throttle silence another site
[31m[1mError[22m: [vitest] No "isAdminEmail" export is defined on the "@/lib/auth" mock. Did you forget to return it from "vi.mock"?
If you need to partially mock a module, you can use "importOriginal" helper inside:
[39m
vi[33m.[39m[34mmock[39m([35mimport[39m([32m"@/lib/auth"[39m)[33m,[39m [35masync[39m (importOriginal) [33m=>[39m {
  [35mconst[39m actual [33m=[39m [35mawait[39m [34mimportOriginal[39m()
  [35mreturn[39m {
    [33m...[39mactual[33m,[39m
    [90m// your mocked methods[39m
  }
})

[36m [2m❯[22m Module.getViewerEntitlements lib/pricing/tier-access.ts:[2m47:27[22m[39m
    [90m 45| [39m  [90m// Subscription row. Customer paywalls are unchanged: only ADMIN ses[39m…
    [90m 46| [39m  [90m// take this path.[39m
    [90m 47| [39m  [35mif[39m (role [33m===[39m [32m"ADMIN"[39m [33m||[39m [34misAdminEmail[39m(email)) {
    [90m   | [39m                          [31m^[39m
    [90m 48| [39m    [35mreturn[39m [34mgetEntitlements[39m([32m"ELITE"[39m)[33m;[39m
    [90m 49| [39m  }
[90m [2m❯[22m __tests__/entitlement-fail-closed-audible.test.ts:[2m269:5[22m[39m

[31m[2m⎯⎯⎯⎯⎯⎯⎯⎯⎯⎯⎯⎯⎯⎯⎯⎯⎯⎯⎯⎯⎯⎯⎯[5/29]⎯[22m[39m

[31m[1m[7m FAIL [27m[22m[39m __tests__/homepage-doctrine-hero.test.ts[2m > [22mhomepage doctrine hero[2m > [22muses the noise-to-signal thesis headline, one cold-open, no legacy hero
[31m[1mAssertionError[22m: expected 'import type { Metadata } from "next";…' to contain 'Galaxy turns it into'[39m

[32m- Expected[39m
[31m+ Received[39m

[32m- Galaxy turns it into[39m
[31m+ import type { Metadata } from "next";[39m
[31m+ import { Suspense } from "react";[39m
[31m+ import Link from "next/link";[39m
[31m+ import { Nav } from "@/components/ui/nav";[39m
[31m+ import { Footer } from "@/components/ui/footer";[39m
[31m+ import { SignalDecode } from "@/components/motion/signal-decode";[39m
[31m+ import { GalaxyCursor } from "@/components/ui/galaxy-cursor";[39m
[31m+ import { FieldCinematicIntro } from "@/components/landing/field-cinematic-intro";[39m
[31m+ import { FieldHeroCanvas } from "@/components/landing/field-hero-canvas";[39m
[31m+ import { FieldBoardTicker } from "@/components/landing/field-board-ticker";[39m
[31m+ import { FieldRecordPanel } from "@/components/landing/field-record-panel";[39m
[31m+ import { DoorCard } from "@/components/landing/door-card";[39m
[31m+ import {[39m
[31m+   NflverseLabDoor,[39m
[31m+   NflverseLabDoorPlaceholder,[39m
[31m+ } from "@/components/landing/nflverse-lab-door";[39m
[31m+ import { RiskDisclosure } from "@/components/ui/risk-disclosure";[39m
[31m+ import { MethodologySection } from "@/components/ui/methodology-section";[39m
[31m+ import { Reveal } from "@/components/motion/reveal";[39m
[31m+ import { WorldSection } from "@/components/world/world-section";[39m
[31m+ import { NoBetGateChapter } from "@/components/world/no-bet-gate";[39m
[31m+ import { loadBoardState } from "@/lib/board/state";[39m
[31m+ import { publishedTickerLine, heldTickerLine } from "@/lib/board/market-label";[39m
[31m+ import { loadPublicCalibrationReport } from "@/lib/calibration/report";[39m
[31m+[39m
[31m+ export const dynamic = "force-dynamic";[39m
[31m+[39m
[31m+ export const metadata: Metadata = {[39m
[31m+   // FE-13: the layout's title template appends the brand, and this title is[39m
[31m+   // already the brand, so it must be absolute.[39m
[31m+   title: { absolute: "Galaxy Sports Edge" },[39m
[31m+   description:[39m
[31m+     "A scored board, a public record, and the guts to show what we passed on. We detect. You decide.",[39m
[31m+   alternates: { canonical: "/" },[39m
[31m+ };[39m
[31m+[39m
[31m+ export default async function HomePage(): Promise<JSX.Element> {[39m
[31m+   // P16-01: loadNflverseUsagePulse() (a full-archive fetch) is deliberately[39m
[31m+   // NOT in this Promise.all. It is loaded inside the Suspense-bounded[39m
[31m+   // NflverseLabDoor component below so the page shell streams immediately[39m
[31m+   // instead of blocking on the nflverse archive.[39m
[31m+   const [stateResult, calibrationResult] = await Promise.all([[39m
[31m+     loadBoardState(),[39m
[31m+     loadPublicCalibrationReport(),[39m
[31m+   ]);[39m
[31m+   const state = stateResult.data;[39m
[31m+   const calibration = calibrationResult.data;[39m
[31m+[39m
[31m+   const cleared = state.publishedToday.length;[39m
[31m+   const gated = state.gatedTodayRows.length;[39m
[31m+   const scoring = state.scoringNow.length;[39m
[31m+   const settled = calibration.sampleSize;[39m
[31m+[39m
[31m+   // Honest degraded states. The loaders zero their counts on infra failure, a[39m
[31m+   // shape byte-identical to a genuinely quiet board. Read the loader meta so an[39m
[31m+   // outage is never dressed up as calm live truth ("Gate holding", "0 cleared",[39m
[31m+   // "Intake warming up"). When unavailable, say so plainly instead.[39m
[31m+   //[39m
[31m+   // "Unavailable" covers TWO board states that both zero the counts without a[39m
[31m+   // genuinely quiet slate: a hard DB outage (meta.dataError), AND an intentional[39m
[31m+   // suppression (the stale-data kill switch parking a failed-freshness slate, or[39m
[31m+   // demo rows held off the public board) that the loader flags via degradation[39m
[31m+   // codes but NOT dataError. /board reads the same codes; mirror it here so a[39m
[31m+   // suppressed slate never renders as a healthy "0 cleared · 0 gated".[39m
[31m+   const boardSuppressed = stateResult.meta.degradations.some([39m
[31m+     (degradation) =>[39m
[31m+       degradation.code === "STALE_DATA_SUPPRESSED" ||[39m
[31m+       degradation.code === "DEMO_DATA_SUPPRESSED",[39m
[31m+   );[39m
[31m+   const boardUnavailable =[39m
[31m+     stateResult.meta.dataError === "DB_UNREACHABLE" || boardSuppressed;[39m
[31m+[39m
[31m+   // The market slot is redacted to a sentinel for non-premium viewers, and it[39m
[31m+   // was being printed raw: "we're on ALL_MARKETS". A held row also said "we[39m
[31m+   // passed", which on the fallback path is a judgement nobody made. Both now go[39m
[31m+   // through lib/board/market-label.ts.[39m
[31m+   const tickerItems = [[39m
[31m+     ...state.publishedToday.slice(0, 8).map([39m
[31m+       (p) => publishedTickerLine(p.matchup, p.market),[39m
[31m+     ),[39m
[31m+     ...state.gatedTodayRows.slice(0, 6).map([39m
[31m+       (row) => heldTickerLine(row.matchup, row.gateReason),[39m
[31m+     ),[39m
[31m+   ];[39m
[31m+[39m
[31m+   return ([39m
[31m+     <div className="relative min-h-screen w-full overflow-x-hidden bg-carbon text-ion">[39m
[31m+       {/* Site front door: ONE cinematic cold-open over the Field ground,[39m
[31m+           climaxing on the brand mark. Self-gating (localStorage) so it plays[39m
[31m+           once per session, skippable, reduced-motion safe. The slow doctrine[39m
[31m+           intro was retired. */}[39m
[31m+       <FieldCinematicIntro />[39m
[31m+       <Nav />[39m
[31m+       <main id="main-content">[39m
[31m+         {/* HERO. The thesis, the graphic, two ways in. */}[39m
[31m+         <section[39m
[31m+           className="relative isolate overflow-hidden border-b border-mineral"[39m
[31m+           style={{ background: "#08090C", minHeight: "min(92vh, 820px)" }}[39m
[31m+         >[39m
[31m+           <FieldHeroCanvas />[39m
[31m+           <div[39m
[31m+             aria-hidden="true"[39m
[31m+             className="grain-overlay absolute inset-0 -z-10"[39m
[31m+           />[39m
[31m+           <div[39m
[31m+             aria-hidden="true"[39m
[31m+             className="absolute inset-0 -z-10"[39m
[31m+             style={{[39m
[31m+               background:[39m
[31m+                 "radial-gradient(ellipse 55% 40% at 70% 18%, rgba(255,77,46,0.09), transparent 58%), linear-gradient(180deg, #08090Cdd 0%, #08090C88 42%, #08090C 100%)",[39m
[31m+             }}[39m
[31m+           />[39m
[31m+           <div className="relative mx-auto flex min-h-[inherit] max-w-5xl flex-col justify-center px-4 py-28 sm:px-6 lg:px-8">[39m
[31m+             <Reveal>[39m
[31m+               <p className="mb-6 inline-flex items-center gap-2.5 border border-mineral bg-eclipse/70 px-3.5 py-1.5 text-[11px] uppercase tracking-wider text-ion-2">[39m
[31m+                 <span[39m
[31m+                   aria-hidden[39m
[31m+                   className="h-1.5 w-1.5 rounded-full bg-plasma"[39m
[31m+                   style={{ animation: "pp-live-pulse 2s ease-in-out infinite" }}[39m
[31m+                 />[39m
[31m+                 Live now[39m
[31m+               </p>[39m
[31m+             </Reveal>[39m
[31m+             <Reveal delay={60}>[39m
[31m+               <h1[39m
[31m+                 className="max-w-5xl font-display font-semibold leading-[0.9] tracking-tight text-ion-white"[39m
[31m+                 style={{ fontSize: "clamp(3.5rem, 10vw, 7.5rem)" }}[39m
[31m+               >[39m
[31m+                 The market is full of <span className="text-plasma">noise</span>.[39m
[31m+                 <br />[39m
[31m+                 We find the <span className="text-plasma">signal</span>.[39m
[31m+               </h1>[39m
[31m+             </Reveal>[39m
[31m+             <Reveal delay={120}>[39m
[31m+               <p className="mt-6 max-w-xl text-lg leading-8 text-ion-1">[39m
[31m+                 Every Sunday the takes pile up. We score every game, publish what[39m
[31m+                 we&apos;re on, and show what we passed on, with the reason.[39m
[31m+               </p>[39m
[31m+             </Reveal>[39m
[31m+             <Reveal delay={180}>[39m
[31m+               <div className="mt-8 flex flex-col items-start gap-3 sm:flex-row">[39m
[31m+                 {/* F-28 (founder-delegated 2026-09-08, via orchestrator):[39m
[31m+                     primary CTA to /picks, secondary to /pricing. */}[39m
[31m+                 <Link href="/picks" className="btn-primary min-h-12 px-7 py-3 text-base">[39m
[31m+                   See today&apos;s picks[39m
[31m+                 </Link>[39m
[31m+                 <Link[39m
[31m+                   href="/pricing"[39m
[31m+                   className="inline-flex min-h-12 items-center justify-center border border-mineral px-7 py-3 text-base font-semibold text-ion-1 transition-colors hover:border-plasma hover:text-ion-white"[39m
[31m+                 >[39m
[31m+                   See pricing[39m
[31m+                 </Link>[39m
[31m+               </div>[39m
[31m+             </Reveal>[39m
[31m+             <Reveal delay={240}>[39m
[31m+               <p className="mt-8 font-mono text-[10px] uppercase tracking-[0.24em] text-ion-2">[39m
[31m+                 <SignalDecode speed={28}>We detect. You decide.</SignalDecode>[39m
[31m+               </p>[39m
[31m+             </Reveal>[39m
[31m+             <Reveal delay={280}>[39m
[31m+               <dl className="mt-12 grid max-w-2xl grid-cols-2 gap-px border border-mineral bg-mineral sm:grid-cols-4">[39m
[31m+                 {[[39m
[31m+                   { k: "Today's picks", v: boardUnavailable ? "n/a" : String(cleared) },[39m
[31m+                   { k: "We passed on", v: boardUnavailable ? "n/a" : String(gated) },[39m
[31m+                   { k: "Graded picks", v: settled > 0 ? String(settled) : "building" },[39m
[31m+                   { k: "Anyone can check", v: "yes" },[39m
[31m+                 ].map((cell) => ([39m
[31m+                   <div key={cell.k} className="bg-eclipse px-4 py-3">[39m
[31m+                     <dt className="text-[11px] uppercase tracking-wider text-ion-2">[39m
[31m+                       {cell.k}[39m
[31m+                     </dt>[39m
[31m+                     <dd className="mt-1 font-display text-2xl font-semibold tabular-nums text-ion-white">[39m
[31m+                       {cell.v}[39m
[31m+                     </dd>[39m
[31m+                   </div>[39m
[31m+                 ))}[39m
[31m+               </dl>[39m
[31m+             </Reveal>[39m
[31m+           </div>[39m
[31m+         </section>[39m
[31m+[39m
[31m+         <FieldBoardTicker items={tickerItems} />[39m
[31m+[39m
[31m+         {/* SIGNAL MAP. Four ways in, one decision each. */}[39m
[31m+         <section[39m
[31m+           id="doors"[39m
[31m+           className="border-b border-mineral px-4 py-16 sm:px-6 sm:py-20 lg:px-8"[39m
[31m+         >[39m
[31m+           <div className="mx-auto max-w-7xl">[39m
[31m+             <Reveal>[39m
[31m+               <p className="text-[11px] uppercase tracking-wider text-plasma">[39m
[31m+                 Where to start[39m
[31m+               </p>[39m
[31m+               <h2 className="mt-3 max-w-3xl font-display text-3xl font-semibold text-ion-white sm:text-4xl">[39m
[31m+                 What are you here to decide?[39m
[31m+               </h2>[39m
[31m+             </Reveal>[39m
[31m+             <div className="mt-10 grid gap-px overflow-hidden border border-mineral bg-mineral sm:grid-cols-2 lg:grid-cols-4">[39m
[31m+               <DoorCard[39m
[31m+                 index={1}[39m
[31m+                 label="Board"[39m
[31m+                 decides="Every game we scored today, and what we decided."[39m
[31m+                 stat={[39m
[31m+                   boardUnavailable[39m
[31m+                     ? "Board temporarily unavailable"[39m
[31m+                     : cleared > 0 || gated > 0[39m
[31m+                       ? `${cleared} picks · ${gated} passes`[39m
[31m+                       : "Quiet slate. Nothing forced."[39m
[31m+                 }[39m
[31m+                 action="Open the board"[39m
[31m+                 href="/board"[39m
[31m+                 bar={boardUnavailable ? undefined : { a: cleared, b: gated }}[39m
[31m+               />[39m
[31m+               <Suspense fallback={<NflverseLabDoorPlaceholder />}>[39m
[31m+                 <NflverseLabDoor />[39m
[31m+               </Suspense>[39m
[31m+               <DoorCard[39m
[31m+                 index={3}[39m
[31m+                 label="Intelligence"[39m
[31m+                 decides="Why the engine reads a game the way it does."[39m
[31m+                 stat={[39m
[31m+                   settled > 0[39m
[31m+                     ? `Graded on ${settled} settled picks`[39m
[31m+                     : "Calibration sample building"[39m
[31m+                 }[39m
[31m+                 action="Open the engines"[39m
[31m+                 href="/intelligence/engines"[39m
[31m+                 accent[39m
[31m+               />[39m
[31m+               <DoorCard[39m
[31m+                 index={4}[39m
[31m+                 label="Fantasy & Daily"[39m
[31m+                 decides="Start-sit, waivers, trades and DFS, in one read."[39m
[31m+                 stat={`${scoring > 0 ? `${scoring} scoring now · ` : ""}Season + daily tools`}[39m
[31m+                 action="Open the tools"[39m
[31m+                 href="/fantasy"[39m
[31m+               />[39m
[31m+             </div>[39m
[31m+             {/* The live-counts line is a real operational readout. During a[39m
[31m+                 board outage/suppression its cleared/gated counts are zeroed, so[39m
[31m+                 we withhold the numbers rather than caption unverifiable zeros as[39m
[31m+                 "Live counts". The player-rows metric lives in the[39m
[31m+                 Suspense-bounded NflverseLabDoor above (P16-01): nflverse errors[39m
[31m+                 surface there, not here. */}[39m
[31m+             <p className="mt-8 text-center text-sm text-ion-2">[39m
[31m+               {boardUnavailable ? ([39m
[31m+                 <>Board counts are temporarily unavailable.</>[39m
[31m+               ) : ([39m
[31m+                 <>[39m
[31m+                   Right now: <span className="text-ion-white">{cleared} picks</span> on the board,{" "}[39m
[31m+                   <span className="text-ion-white">{gated} we passed on</span>.[39m
[31m+                 </>[39m
[31m+               )}[39m
[31m+               {settled > 0 ? ([39m
[31m+                 <>  Graded on {settled} settled picks.</>[39m
[31m+               ) : ([39m
[31m+                 <>  Building our graded sample.</>[39m
[31m+               )}[39m
[31m+             </p>[39m
[31m+           </div>[39m
[31m+         </section>[39m
[31m+[39m
[31m+         {/* NO-BET. Restraint is a first-class output. */}[39m
[31m+         <WorldSection[39m
[31m+           index="01"[39m
[31m+           id="gate"[39m
[31m+           className="neb-band"[39m
[31m+           eyebrow="The hold"[39m
[31m+           title={[39m
[31m+             <>[39m
[31m+               A pass is not a blank. It is{" "}[39m
[31m+               <span className="text-plasma">the finding</span>.[39m
[31m+             </>[39m
[31m+           }[39m
[31m+           lede="Knowing what not to trust is the product. Four checks keep weak games off the board, and every pass is logged in public, same as a published pick."[39m
[31m+           tone="deep"[39m
[31m+         >[39m
[31m+           <NoBetGateChapter />[39m
[31m+         </WorldSection>[39m
[31m+[39m
[31m+         {/* PROOF STRIP. One band, routes to the proof itself. */}[39m
[31m+         <section className="neb-band border-b border-mineral px-4 py-12 sm:px-6 lg:px-8">[39m
[31m+           <div className="mx-auto flex max-w-7xl flex-col items-start justify-between gap-6 lg:flex-row lg:items-center">[39m
[31m+             <div>[39m
[31m+               <p className="font-mono text-[10px] uppercase tracking-[0.18em] text-plasma">[39m
[31m+                 The proof[39m
[31m+               </p>[39m
[31m+               <h2 className="mt-2 font-display text-2xl font-semibold text-ion-white sm:text-3xl">[39m
[31m+                 Trust is an architecture, not a tagline.[39m
[31m+               </h2>[39m
[31m+               <p className="mt-2 max-w-2xl text-sm leading-6 text-ion-1">[39m
[31m+                 Picks publish with tamper-evident receipts, frozen before kickoff:[39m
[31m+                 hashed, committed, impossible to edit after the game. No fabricated[39m
[31m+                 picks, no invented stats, no silent edits. And you don&apos;t have to[39m
[31m+                 take our word for it. Check a receipt yourself.[39m
[31m+               </p>[39m
[31m+             </div>[39m
[31m+             <div className="flex flex-wrap items-center gap-x-5 gap-y-3">[39m
[31m+               <Link href="/proof" className="btn-primary whitespace-nowrap">[39m
[31m+                 See the sealed record[39m
[31m+               </Link>[39m
[31m+               <Link[39m
[31m+                 href="/engine"[39m
[31m+                 className="text-sm font-semibold text-ion-1 hover:text-ion-white"[39m
[31m+               >[39m
[31m+                 Open the sealed engine[39m
[31m+               </Link>[39m
[31m+               <Link[39m
[31m+                 href="/verify"[39m
[31m+                 className="text-sm font-semibold text-ion-1 hover:text-ion-white"[39m
[31m+               >[39m
[31m+                 Check a receipt →[39m
[31m+               </Link>[39m
[31m+             </div>[39m
[31m+           </div>[39m
[31m+         </section>[39m
[31m+[39m
[31m+         {/* RECORD. Calm, live, sample-aware. */}[39m
[31m+         <section[39m
[31m+           className="border-b border-mineral px-4 py-14 sm:px-6 lg:px-8"[39m
[31m+           style={{ background: "#0A0C10" }}[39m
[31m+         >[39m
[31m+           <div className="mx-auto grid max-w-7xl gap-10 lg:grid-cols-[1.1fr_0.9fr] lg:items-center">[39m
[31m+             <div>[39m
[31m+               <p className="font-mono text-[10px] uppercase tracking-[0.18em] text-plasma">[39m
[31m+                 Record[39m
[31m+               </p>[39m
[31m+               <h2 className="mt-2 font-display text-3xl font-semibold text-ion-white sm:text-4xl">[39m
[31m+                 Every number ships with its sample.[39m
[31m+               </h2>[39m
[31m+               <p className="mt-3 max-w-xl text-sm leading-6 text-ion-1">[39m
[31m+                 Receipts freeze before kickoff. Hits print with period, sample size,[39m
[31m+                 model version, and the definition used. Thin samples stay dark with the[39m
[31m+                 gap named. Recompute any seal yourself.[39m
[31m+               </p>[39m
[31m+               <div className="mt-6 flex flex-wrap gap-3">[39m
[31m+                 <Link href="/calibration" className="btn-primary min-h-11 px-5 py-2.5">[39m
[31m+                   Full record[39m
[31m+                 </Link>[39m
[31m+                 <Link[39m
[31m+                   href="/verify"[39m
[31m+                   className="inline-flex min-h-11 items-center border border-mineral px-5 py-2.5 text-sm font-semibold text-ion-1 hover:border-plasma hover:text-ion-white"[39m
[31m+                 >[39m
[31m+                   Verify a receipt[39m
[31m+                 </Link>[39m
[31m+               </div>[39m
[31m+             </div>[39m
[31m+             <FieldRecordPanel[39m
[31m+               sampleSize={calibration.sampleSize}[39m
[31m+               gated={calibrationResult.meta.gated}[39m
[31m+               publicMessage={calibration.publicMessage}[39m
[31m+               buckets={(calibration.buckets ?? []).map((b) => ({[39m
[31m+                 label: b.label,[39m
[31m+                 expectedWinRate: b.expectedWinRate,[39m
[31m+                 observedWinRate: b.observedWinRate,[39m
[31m+                 sampleSize: b.sampleSize,[39m
[31m+                 sufficientSample: b.sampleSize >= 30,[39m
[31m+               }))}[39m
[31m+             />[39m
[31m+           </div>[39m
[31m+         </section>[39m
[31m+[39m
[31m+         {/* The live-counts ledger band is a real operational readout. During a[39m
[31m+             board outage/suppression its cleared/gated counts are zeroed, so we[39m
[31m+             withhold the whole band rather than caption unverifiable zeros as[39m
[31m+             "Live counts". The player-rows metric moved to the Suspense-bounded[39m
[31m+             NflverseLabDoor above (P16-01): nflverse errors surface there, not[39m
[31m+             here. The methodology cards below stay; they explain method, not[39m
[31m+             live numbers. */}[39m
[31m+         <MethodologySection[39m
[31m+           metrics={[39m
[31m+             boardUnavailable[39m
[31m+               ? undefined[39m
[31m+               : {[39m
[31m+                   settled,[39m
[31m+                   cleared,[39m
[31m+                   gated,[39m
[31m+                   lastRefresh: state.lastRefresh,[39m
[31m+                 }[39m
[31m+           }[39m
[31m+         />[39m
[31m+[39m
[31m+         <section[39m
[31m+           data-testid="homepage-responsible-close"[39m
[31m+           className="gw-nebula px-4 py-14 sm:px-6 lg:px-8"[39m
[31m+         >[39m
[31m+           <div className="mx-auto max-w-5xl border border-mineral bg-eclipse p-5 sm:p-7">[39m
[31m+             <h2 className="text-2xl font-semibold text-ion-white">[39m
[31m+               The math can point. The decision stays yours.[39m
[31m+             </h2>[39m
[31m+             <p className="mt-3 text-sm leading-6 text-ion-1">[39m
[31m+               This product is research, not certainty. We get better by adding settled[39m
[31m+               rows and clearer uncertainty, not by making louder claims.[39m
[31m+             </p>[39m
[31m+             <RiskDisclosure variant="compact" includePastPerformance className="mt-5 text-ion-1" />[39m
[31m+           </div>[39m
[31m+         </section>[39m
[31m+       </main>[39m
[31m+       {/* FE-17: restricted to the home hero, not mounted globally.[39m
[31m+           See app/layout.tsx. */}[39m
[31m+       <GalaxyCursor />[39m
[31m+       <Footer />[39m
[31m+     </div>[39m
[31m+   );[39m
[31m+ }[39m
[31m+[39m

[36m [2m❯[22m __tests__/homepage-doctrine-hero.test.ts:[2m88:18[22m[39m
    [90m 86| [39m  [34mit[39m([32m"uses the noise-to-signal thesis headline, one cold-open, no lega[39m…
    [90m 87| [39m    [34mexpect[39m(page)[33m.[39m[34mtoContain[39m([32m"The market is full of"[39m)[33m;[39m
    [90m 88| [39m    [34mexpect[39m(page)[33m.[39m[34mtoContain[39m([32m"Galaxy turns it into"[39m)[33m;[39m
    [90m   | [39m                 [31m^[39m
    [90m 89| [39m    [34mexpect[39m(page)[33m.[39m[34mtoContain[39m([32m"We detect. You decide."[39m)[33m;[39m
    [90m 90| [39m    [90m// ONE cold-open: the Field intro replaced the montage (96e505471 [39m…

[31m[2m⎯⎯⎯⎯⎯⎯⎯⎯⎯⎯⎯⎯⎯⎯⎯⎯⎯⎯⎯⎯⎯⎯⎯[6/29]⎯[22m[39m

[31m[1m[7m FAIL [27m[22m[39m __tests__/homepage-engine-centerpiece.test.ts[2m > [22mhomepage engine centerpiece[2m > [22mleads with the thesis and routes to the four doors
[31m[1mAssertionError[22m: expected 'import type { Metadata } from "next";…' to contain 'Galaxy turns it into'[39m

[32m- Expected[39m
[31m+ Received[39m

[32m- Galaxy turns it into[39m
[31m+ import type { Metadata } from "next";[39m
[31m+ import { Suspense } from "react";[39m
[31m+ import Link from "next/link";[39m
[31m+ import { Nav } from "@/components/ui/nav";[39m
[31m+ import { Footer } from "@/components/ui/footer";[39m
[31m+ import { SignalDecode } from "@/components/motion/signal-decode";[39m
[31m+ import { GalaxyCursor } from "@/components/ui/galaxy-cursor";[39m
[31m+ import { FieldCinematicIntro } from "@/components/landing/field-cinematic-intro";[39m
[31m+ import { FieldHeroCanvas } from "@/components/landing/field-hero-canvas";[39m
[31m+ import { FieldBoardTicker } from "@/components/landing/field-board-ticker";[39m
[31m+ import { FieldRecordPanel } from "@/components/landing/field-record-panel";[39m
[31m+ import { DoorCard } from "@/components/landing/door-card";[39m
[31m+ import {[39m
[31m+   NflverseLabDoor,[39m
[31m+   NflverseLabDoorPlaceholder,[39m
[31m+ } from "@/components/landing/nflverse-lab-door";[39m
[31m+ import { RiskDisclosure } from "@/components/ui/risk-disclosure";[39m
[31m+ import { MethodologySection } from "@/components/ui/methodology-section";[39m
[31m+ import { Reveal } from "@/components/motion/reveal";[39m
[31m+ import { WorldSection } from "@/components/world/world-section";[39m
[31m+ import { NoBetGateChapter } from "@/components/world/no-bet-gate";[39m
[31m+ import { loadBoardState } from "@/lib/board/state";[39m
[31m+ import { publishedTickerLine, heldTickerLine } from "@/lib/board/market-label";[39m
[31m+ import { loadPublicCalibrationReport } from "@/lib/calibration/report";[39m
[31m+[39m
[31m+ export const dynamic = "force-dynamic";[39m
[31m+[39m
[31m+ export const metadata: Metadata = {[39m
[31m+   // FE-13: the layout's title template appends the brand, and this title is[39m
[31m+   // already the brand, so it must be absolute.[39m
[31m+   title: { absolute: "Galaxy Sports Edge" },[39m
[31m+   description:[39m
[31m+     "A scored board, a public record, and the guts to show what we passed on. We detect. You decide.",[39m
[31m+   alternates: { canonical: "/" },[39m
[31m+ };[39m
[31m+[39m
[31m+ export default async function HomePage(): Promise<JSX.Element> {[39m
[31m+   // P16-01: loadNflverseUsagePulse() (a full-archive fetch) is deliberately[39m
[31m+   // NOT in this Promise.all. It is loaded inside the Suspense-bounded[39m
[31m+   // NflverseLabDoor component below so the page shell streams immediately[39m
[31m+   // instead of blocking on the nflverse archive.[39m
[31m+   const [stateResult, calibrationResult] = await Promise.all([[39m
[31m+     loadBoardState(),[39m
[31m+     loadPublicCalibrationReport(),[39m
[31m+   ]);[39m
[31m+   const state = stateResult.data;[39m
[31m+   const calibration = calibrationResult.data;[39m
[31m+[39m
[31m+   const cleared = state.publishedToday.length;[39m
[31m+   const gated = state.gatedTodayRows.length;[39m
[31m+   const scoring = state.scoringNow.length;[39m
[31m+   const settled = calibration.sampleSize;[39m
[31m+[39m
[31m+   // Honest degraded states. The loaders zero their counts on infra failure, a[39m
[31m+   // shape byte-identical to a genuinely quiet board. Read the loader meta so an[39m
[31m+   // outage is never dressed up as calm live truth ("Gate holding", "0 cleared",[39m
[31m+   // "Intake warming up"). When unavailable, say so plainly instead.[39m
[31m+   //[39m
[31m+   // "Unavailable" covers TWO board states that both zero the counts without a[39m
[31m+   // genuinely quiet slate: a hard DB outage (meta.dataError), AND an intentional[39m
[31m+   // suppression (the stale-data kill switch parking a failed-freshness slate, or[39m
[31m+   // demo rows held off the public board) that the loader flags via degradation[39m
[31m+   // codes but NOT dataError. /board reads the same codes; mirror it here so a[39m
[31m+   // suppressed slate never renders as a healthy "0 cleared · 0 gated".[39m
[31m+   const boardSuppressed = stateResult.meta.degradations.some([39m
[31m+     (degradation) =>[39m
[31m+       degradation.code === "STALE_DATA_SUPPRESSED" ||[39m
[31m+       degradation.code === "DEMO_DATA_SUPPRESSED",[39m
[31m+   );[39m
[31m+   const boardUnavailable =[39m
[31m+     stateResult.meta.dataError === "DB_UNREACHABLE" || boardSuppressed;[39m
[31m+[39m
[31m+   // The market slot is redacted to a sentinel for non-premium viewers, and it[39m
[31m+   // was being printed raw: "we're on ALL_MARKETS". A held row also said "we[39m
[31m+   // passed", which on the fallback path is a judgement nobody made. Both now go[39m
[31m+   // through lib/board/market-label.ts.[39m
[31m+   const tickerItems = [[39m
[31m+     ...state.publishedToday.slice(0, 8).map([39m
[31m+       (p) => publishedTickerLine(p.matchup, p.market),[39m
[31m+     ),[39m
[31m+     ...state.gatedTodayRows.slice(0, 6).map([39m
[31m+       (row) => heldTickerLine(row.matchup, row.gateReason),[39m
[31m+     ),[39m
[31m+   ];[39m
[31m+[39m
[31m+   return ([39m
[31m+     <div className="relative min-h-screen w-full overflow-x-hidden bg-carbon text-ion">[39m
[31m+       {/* Site front door: ONE cinematic cold-open over the Field ground,[39m
[31m+           climaxing on the brand mark. Self-gating (localStorage) so it plays[39m
[31m+           once per session, skippable, reduced-motion safe. The slow doctrine[39m
[31m+           intro was retired. */}[39m
[31m+       <FieldCinematicIntro />[39m
[31m+       <Nav />[39m
[31m+       <main id="main-content">[39m
[31m+         {/* HERO. The thesis, the graphic, two ways in. */}[39m
[31m+         <section[39m
[31m+           className="relative isolate overflow-hidden border-b border-mineral"[39m
[31m+           style={{ background: "#08090C", minHeight: "min(92vh, 820px)" }}[39m
[31m+         >[39m
[31m+           <FieldHeroCanvas />[39m
[31m+           <div[39m
[31m+             aria-hidden="true"[39m
[31m+             className="grain-overlay absolute inset-0 -z-10"[39m
[31m+           />[39m
[31m+           <div[39m
[31m+             aria-hidden="true"[39m
[31m+             className="absolute inset-0 -z-10"[39m
[31m+             style={{[39m
[31m+               background:[39m
[31m+                 "radial-gradient(ellipse 55% 40% at 70% 18%, rgba(255,77,46,0.09), transparent 58%), linear-gradient(180deg, #08090Cdd 0%, #08090C88 42%, #08090C 100%)",[39m
[31m+             }}[39m
[31m+           />[39m
[31m+           <div className="relative mx-auto flex min-h-[inherit] max-w-5xl flex-col justify-center px-4 py-28 sm:px-6 lg:px-8">[39m
[31m+             <Reveal>[39m
[31m+               <p className="mb-6 inline-flex items-center gap-2.5 border border-mineral bg-eclipse/70 px-3.5 py-1.5 text-[11px] uppercase tracking-wider text-ion-2">[39m
[31m+                 <span[39m
[31m+                   aria-hidden[39m
[31m+                   className="h-1.5 w-1.5 rounded-full bg-plasma"[39m
[31m+                   style={{ animation: "pp-live-pulse 2s ease-in-out infinite" }}[39m
[31m+                 />[39m
[31m+                 Live now[39m
[31m+               </p>[39m
[31m+             </Reveal>[39m
[31m+             <Reveal delay={60}>[39m
[31m+               <h1[39m
[31m+                 className="max-w-5xl font-display font-semibold leading-[0.9] tracking-tight text-ion-white"[39m
[31m+                 style={{ fontSize: "clamp(3.5rem, 10vw, 7.5rem)" }}[39m
[31m+               >[39m
[31m+                 The market is full of <span className="text-plasma">noise</span>.[39m
[31m+                 <br />[39m
[31m+                 We find the <span className="text-plasma">signal</span>.[39m
[31m+               </h1>[39m
[31m+             </Reveal>[39m
[31m+             <Reveal delay={120}>[39m
[31m+               <p className="mt-6 max-w-xl text-lg leading-8 text-ion-1">[39m
[31m+                 Every Sunday the takes pile up. We score every game, publish what[39m
[31m+                 we&apos;re on, and show what we passed on, with the reason.[39m
[31m+               </p>[39m
[31m+             </Reveal>[39m
[31m+             <Reveal delay={180}>[39m
[31m+               <div className="mt-8 flex flex-col items-start gap-3 sm:flex-row">[39m
[31m+                 {/* F-28 (founder-delegated 2026-09-08, via orchestrator):[39m
[31m+                     primary CTA to /picks, secondary to /pricing. */}[39m
[31m+                 <Link href="/picks" className="btn-primary min-h-12 px-7 py-3 text-base">[39m
[31m+                   See today&apos;s picks[39m
[31m+                 </Link>[39m
[31m+                 <Link[39m
[31m+                   href="/pricing"[39m
[31m+                   className="inline-flex min-h-12 items-center justify-center border border-mineral px-7 py-3 text-base font-semibold text-ion-1 transition-colors hover:border-plasma hover:text-ion-white"[39m
[31m+                 >[39m
[31m+                   See pricing[39m
[31m+                 </Link>[39m
[31m+               </div>[39m
[31m+             </Reveal>[39m
[31m+             <Reveal delay={240}>[39m
[31m+               <p className="mt-8 font-mono text-[10px] uppercase tracking-[0.24em] text-ion-2">[39m
[31m+                 <SignalDecode speed={28}>We detect. You decide.</SignalDecode>[39m
[31m+               </p>[39m
[31m+             </Reveal>[39m
[31m+             <Reveal delay={280}>[39m
[31m+               <dl className="mt-12 grid max-w-2xl grid-cols-2 gap-px border border-mineral bg-mineral sm:grid-cols-4">[39m
[31m+                 {[[39m
[31m+                   { k: "Today's picks", v: boardUnavailable ? "n/a" : String(cleared) },[39m
[31m+                   { k: "We passed on", v: boardUnavailable ? "n/a" : String(gated) },[39m
[31m+                   { k: "Graded picks", v: settled > 0 ? String(settled) : "building" },[39m
[31m+                   { k: "Anyone can check", v: "yes" },[39m
[31m+                 ].map((cell) => ([39m
[31m+                   <div key={cell.k} className="bg-eclipse px-4 py-3">[39m
[31m+                     <dt className="text-[11px] uppercase tracking-wider text-ion-2">[39m
[31m+                       {cell.k}[39m
[31m+                     </dt>[39m
[31m+                     <dd className="mt-1 font-display text-2xl font-semibold tabular-nums text-ion-white">[39m
[31m+                       {cell.v}[39m
[31m+                     </dd>[39m
[31m+                   </div>[39m
[31m+                 ))}[39m
[31m+               </dl>[39m
[31m+             </Reveal>[39m
[31m+           </div>[39m
[31m+         </section>[39m
[31m+[39m
[31m+         <FieldBoardTicker items={tickerItems} />[39m
[31m+[39m
[31m+         {/* SIGNAL MAP. Four ways in, one decision each. */}[39m
[31m+         <section[39m
[31m+           id="doors"[39m
[31m+           className="border-b border-mineral px-4 py-16 sm:px-6 sm:py-20 lg:px-8"[39m
[31m+         >[39m
[31m+           <div className="mx-auto max-w-7xl">[39m
[31m+             <Reveal>[39m
[31m+               <p className="text-[11px] uppercase tracking-wider text-plasma">[39m
[31m+                 Where to start[39m
[31m+               </p>[39m
[31m+               <h2 className="mt-3 max-w-3xl font-display text-3xl font-semibold text-ion-white sm:text-4xl">[39m
[31m+                 What are you here to decide?[39m
[31m+               </h2>[39m
[31m+             </Reveal>[39m
[31m+             <div className="mt-10 grid gap-px overflow-hidden border border-mineral bg-mineral sm:grid-cols-2 lg:grid-cols-4">[39m
[31m+               <DoorCard[39m
[31m+                 index={1}[39m
[31m+                 label="Board"[39m
[31m+                 decides="Every game we scored today, and what we decided."[39m
[31m+                 stat={[39m
[31m+                   boardUnavailable[39m
[31m+                     ? "Board temporarily unavailable"[39m
[31m+                     : cleared > 0 || gated > 0[39m
[31m+                       ? `${cleared} picks · ${gated} passes`[39m
[31m+                       : "Quiet slate. Nothing forced."[39m
[31m+                 }[39m
[31m+                 action="Open the board"[39m
[31m+                 href="/board"[39m
[31m+                 bar={boardUnavailable ? undefined : { a: cleared, b: gated }}[39m
[31m+               />[39m
[31m+               <Suspense fallback={<NflverseLabDoorPlaceholder />}>[39m
[31m+                 <NflverseLabDoor />[39m
[31m+               </Suspense>[39m
[31m+               <DoorCard[39m
[31m+                 index={3}[39m
[31m+                 label="Intelligence"[39m
[31m+                 decides="Why the engine reads a game the way it does."[39m
[31m+                 stat={[39m
[31m+                   settled > 0[39m
[31m+                     ? `Graded on ${settled} settled picks`[39m
[31m+                     : "Calibration sample building"[39m
[31m+                 }[39m
[31m+                 action="Open the engines"[39m
[31m+                 href="/intelligence/engines"[39m
[31m+                 accent[39m
[31m+               />[39m
[31m+               <DoorCard[39m
[31m+                 index={4}[39m
[31m+                 label="Fantasy & Daily"[39m
[31m+                 decides="Start-sit, waivers, trades and DFS, in one read."[39m
[31m+                 stat={`${scoring > 0 ? `${scoring} scoring now · ` : ""}Season + daily tools`}[39m
[31m+                 action="Open the tools"[39m
[31m+                 href="/fantasy"[39m
[31m+               />[39m
[31m+             </div>[39m
[31m+             {/* The live-counts line is a real operational readout. During a[39m
[31m+                 board outage/suppression its cleared/gated counts are zeroed, so[39m
[31m+                 we withhold the numbers rather than caption unverifiable zeros as[39m
[31m+                 "Live counts". The player-rows metric lives in the[39m
[31m+                 Suspense-bounded NflverseLabDoor above (P16-01): nflverse errors[39m
[31m+                 surface there, not here. */}[39m
[31m+             <p className="mt-8 text-center text-sm text-ion-2">[39m
[31m+               {boardUnavailable ? ([39m
[31m+                 <>Board counts are temporarily unavailable.</>[39m
[31m+               ) : ([39m
[31m+                 <>[39m
[31m+                   Right now: <span className="text-ion-white">{cleared} picks</span> on the board,{" "}[39m
[31m+                   <span className="text-ion-white">{gated} we passed on</span>.[39m
[31m+                 </>[39m
[31m+               )}[39m
[31m+               {settled > 0 ? ([39m
[31m+                 <>  Graded on {settled} settled picks.</>[39m
[31m+               ) : ([39m
[31m+                 <>  Building our graded sample.</>[39m
[31m+               )}[39m
[31m+             </p>[39m
[31m+           </div>[39m
[31m+         </section>[39m
[31m+[39m
[31m+         {/* NO-BET. Restraint is a first-class output. */}[39m
[31m+         <WorldSection[39m
[31m+           index="01"[39m
[31m+           id="gate"[39m
[31m+           className="neb-band"[39m
[31m+           eyebrow="The hold"[39m
[31m+           title={[39m
[31m+             <>[39m
[31m+               A pass is not a blank. It is{" "}[39m
[31m+               <span className="text-plasma">the finding</span>.[39m
[31m+             </>[39m
[31m+           }[39m
[31m+           lede="Knowing what not to trust is the product. Four checks keep weak games off the board, and every pass is logged in public, same as a published pick."[39m
[31m+           tone="deep"[39m
[31m+         >[39m
[31m+           <NoBetGateChapter />[39m
[31m+         </WorldSection>[39m
[31m+[39m
[31m+         {/* PROOF STRIP. One band, routes to the proof itself. */}[39m
[31m+         <section className="neb-band border-b border-mineral px-4 py-12 sm:px-6 lg:px-8">[39m
[31m+           <div className="mx-auto flex max-w-7xl flex-col items-start justify-between gap-6 lg:flex-row lg:items-center">[39m
[31m+             <div>[39m
[31m+               <p className="font-mono text-[10px] uppercase tracking-[0.18em] text-plasma">[39m
[31m+                 The proof[39m
[31m+               </p>[39m
[31m+               <h2 className="mt-2 font-display text-2xl font-semibold text-ion-white sm:text-3xl">[39m
[31m+                 Trust is an architecture, not a tagline.[39m
[31m+               </h2>[39m
[31m+               <p className="mt-2 max-w-2xl text-sm leading-6 text-ion-1">[39m
[31m+                 Picks publish with tamper-evident receipts, frozen before kickoff:[39m
[31m+                 hashed, committed, impossible to edit after the game. No fabricated[39m
[31m+                 picks, no invented stats, no silent edits. And you don&apos;t have to[39m
[31m+                 take our word for it. Check a receipt yourself.[39m
[31m+               </p>[39m
[31m+             </div>[39m
[31m+             <div className="flex flex-wrap items-center gap-x-5 gap-y-3">[39m
[31m+               <Link href="/proof" className="btn-primary whitespace-nowrap">[39m
[31m+                 See the sealed record[39m
[31m+               </Link>[39m
[31m+               <Link[39m
[31m+                 href="/engine"[39m
[31m+                 className="text-sm font-semibold text-ion-1 hover:text-ion-white"[39m
[31m+               >[39m
[31m+                 Open the sealed engine[39m
[31m+               </Link>[39m
[31m+               <Link[39m
[31m+                 href="/verify"[39m
[31m+                 className="text-sm font-semibold text-ion-1 hover:text-ion-white"[39m
[31m+               >[39m
[31m+                 Check a receipt →[39m
[31m+               </Link>[39m
[31m+             </div>[39m
[31m+           </div>[39m
[31m+         </section>[39m
[31m+[39m
[31m+         {/* RECORD. Calm, live, sample-aware. */}[39m
[31m+         <section[39m
[31m+           className="border-b border-mineral px-4 py-14 sm:px-6 lg:px-8"[39m
[31m+           style={{ background: "#0A0C10" }}[39m
[31m+         >[39m
[31m+           <div className="mx-auto grid max-w-7xl gap-10 lg:grid-cols-[1.1fr_0.9fr] lg:items-center">[39m
[31m+             <div>[39m
[31m+               <p className="font-mono text-[10px] uppercase tracking-[0.18em] text-plasma">[39m
[31m+                 Record[39m
[31m+               </p>[39m
[31m+               <h2 className="mt-2 font-display text-3xl font-semibold text-ion-white sm:text-4xl">[39m
[31m+                 Every number ships with its sample.[39m
[31m+               </h2>[39m
[31m+               <p className="mt-3 max-w-xl text-sm leading-6 text-ion-1">[39m
[31m+                 Receipts freeze before kickoff. Hits print with period, sample size,[39m
[31m+                 model version, and the definition used. Thin samples stay dark with the[39m
[31m+                 gap named. Recompute any seal yourself.[39m
[31m+               </p>[39m
[31m+               <div className="mt-6 flex flex-wrap gap-3">[39m
[31m+                 <Link href="/calibration" className="btn-primary min-h-11 px-5 py-2.5">[39m
[31m+                   Full record[39m
[31m+                 </Link>[39m
[31m+                 <Link[39m
[31m+                   href="/verify"[39m
[31m+                   className="inline-flex min-h-11 items-center border border-mineral px-5 py-2.5 text-sm font-semibold text-ion-1 hover:border-plasma hover:text-ion-white"[39m
[31m+                 >[39m
[31m+                   Verify a receipt[39m
[31m+                 </Link>[39m
[31m+               </div>[39m
[31m+             </div>[39m
[31m+             <FieldRecordPanel[39m
[31m+               sampleSize={calibration.sampleSize}[39m
[31m+               gated={calibrationResult.meta.gated}[39m
[31m+               publicMessage={calibration.publicMessage}[39m
[31m+               buckets={(calibration.buckets ?? []).map((b) => ({[39m
[31m+                 label: b.label,[39m
[31m+                 expectedWinRate: b.expectedWinRate,[39m
[31m+                 observedWinRate: b.observedWinRate,[39m
[31m+                 sampleSize: b.sampleSize,[39m
[31m+                 sufficientSample: b.sampleSize >= 30,[39m
[31m+               }))}[39m
[31m+             />[39m
[31m+           </div>[39m
[31m+         </section>[39m
[31m+[39m
[31m+         {/* The live-counts ledger band is a real operational readout. During a[39m
[31m+             board outage/suppression its cleared/gated counts are zeroed, so we[39m
[31m+             withhold the whole band rather than caption unverifiable zeros as[39m
[31m+             "Live counts". The player-rows metric moved to the Suspense-bounded[39m
[31m+             NflverseLabDoor above (P16-01): nflverse errors surface there, not[39m
[31m+             here. The methodology cards below stay; they explain method, not[39m
[31m+             live numbers. */}[39m
[31m+         <MethodologySection[39m
[31m+           metrics={[39m
[31m+             boardUnavailable[39m
[31m+               ? undefined[39m
[31m+               : {[39m
[31m+                   settled,[39m
[31m+                   cleared,[39m
[31m+                   gated,[39m
[31m+                   lastRefresh: state.lastRefresh,[39m
[31m+                 }[39m
[31m+           }[39m
[31m+         />[39m
[31m+[39m
[31m+         <section[39m
[31m+           data-testid="homepage-responsible-close"[39m
[31m+           className="gw-nebula px-4 py-14 sm:px-6 lg:px-8"[39m
[31m+         >[39m
[31m+           <div className="mx-auto max-w-5xl border border-mineral bg-eclipse p-5 sm:p-7">[39m
[31m+             <h2 className="text-2xl font-semibold text-ion-white">[39m
[31m+               The math can point. The decision stays yours.[39m
[31m+             </h2>[39m
[31m+             <p className="mt-3 text-sm leading-6 text-ion-1">[39m
[31m+               This product is research, not certainty. We get better by adding settled[39m
[31m+               rows and clearer uncertainty, not by making louder claims.[39m
[31m+             </p>[39m
[31m+             <RiskDisclosure variant="compact" includePastPerformance className="mt-5 text-ion-1" />[39m
[31m+           </div>[39m
[31m+         </section>[39m
[31m+       </main>[39m
[31m+       {/* FE-17: restricted to the home hero, not mounted globally.[39m
[31m+           See app/layout.tsx. */}[39m
[31m+       <GalaxyCursor />[39m
[31m+       <Footer />[39m
[31m+     </div>[39m
[31m+   );[39m
[31m+ }[39m
[31m+[39m

[36m [2m❯[22m __tests__/homepage-engine-centerpiece.test.ts:[2m18:18[22m[39m
    [90m 16| [39m  [34mit[39m([32m"leads with the thesis and routes to the four doors"[39m[33m,[39m () [33m=>[39m {
    [90m 17| [39m    [34mexpect[39m(page)[33m.[39m[34mtoContain[39m([32m"The market is full of"[39m)[33m;[39m
    [90m 18| [39m    [34mexpect[39m(page)[33m.[39m[34mtoContain[39m([32m"Galaxy turns it into"[39m)[33m;[39m
    [90m   | [39m                 [31m^[39m
    [90m 19| [39m    [34mexpect[39m(page)[33m.[39m[34mtoContain[39m([32m"We detect. You decide."[39m)[33m;[39m
    [90m 20| [39m    [34mexpect[39m(page)[33m.[39m[34mtoContain[39m([32m"Pick the decision you came to make."[39m)[33m;[39m

[31m[2m⎯⎯⎯⎯⎯⎯⎯⎯⎯⎯⎯⎯⎯⎯⎯⎯⎯⎯⎯⎯⎯⎯⎯[7/29]⎯[22m[39m

[31m[1m[7m FAIL [27m[22m[39m __tests__/homepage-engine-centerpiece.test.ts[2m > [22mhomepage engine centerpiece[2m > [22mkeeps the front door on design-token classes, not raw casino or gray utility colors
[31m[1mAssertionError[22m: expected 'import type { Metadata } from "next";…' to match /text-orbital-cyan/[39m

[32m- Expected:[39m 
/text-orbital-cyan/

[31m+ Received:[39m 
"import type { Metadata } from \"next\";
import { Suspense } from \"react\";
import Link from \"next/link\";
import { Nav } from \"@/components/ui/nav\";
import { Footer } from \"@/components/ui/footer\";
import { SignalDecode } from \"@/components/motion/signal-decode\";
import { GalaxyCursor } from \"@/components/ui/galaxy-cursor\";
import { FieldCinematicIntro } from \"@/components/landing/field-cinematic-intro\";
import { FieldHeroCanvas } from \"@/components/landing/field-hero-canvas\";
import { FieldBoardTicker } from \"@/components/landing/field-board-ticker\";
import { FieldRecordPanel } from \"@/components/landing/field-record-panel\";
import { DoorCard } from \"@/components/landing/door-card\";
import {
  NflverseLabDoor,
  NflverseLabDoorPlaceholder,
} from \"@/components/landing/nflverse-lab-door\";
import { RiskDisclosure } from \"@/components/ui/risk-disclosure\";
import { MethodologySection } from \"@/components/ui/methodology-section\";
import { Reveal } from \"@/components/motion/reveal\";
import { WorldSection } from \"@/components/world/world-section\";
import { NoBetGateChapter } from \"@/components/world/no-bet-gate\";
import { loadBoardState } from \"@/lib/board/state\";
import { publishedTickerLine, heldTickerLine } from \"@/lib/board/market-label\";
import { loadPublicCalibrationReport } from \"@/lib/calibration/report\";

export const dynamic = \"force-dynamic\";

export const metadata: Metadata = {
  // FE-13: the layout's title template appends the brand, and this title is
  // already the brand, so it must be absolute.
  title: { absolute: \"Galaxy Sports Edge\" },
  description:
    \"A scored board, a public record, and the guts to show what we passed on. We detect. You decide.\",
  alternates: { canonical: \"/\" },
};

export default async function HomePage(): Promise<JSX.Element> {
  // P16-01: loadNflverseUsagePulse() (a full-archive fetch) is deliberately
  // NOT in this Promise.all. It is loaded inside the Suspense-bounded
  // NflverseLabDoor component below so the page shell streams immediately
  // instead of blocking on the nflverse archive.
  const [stateResult, calibrationResult] = await Promise.all([
    loadBoardState(),
    loadPublicCalibrationReport(),
  ]);
  const state = stateResult.data;
  const calibration = calibrationResult.data;

  const cleared = state.publishedToday.length;
  const gated = state.gatedTodayRows.length;
  const scoring = state.scoringNow.length;
  const settled = calibration.sampleSize;

  // Honest degraded states. The loaders zero their counts on infra failure, a
  // shape byte-identical to a genuinely quiet board. Read the loader meta so an
  // outage is never dressed up as calm live truth (\"Gate holding\", \"0 cleared\",
  // \"Intake warming up\"). When unavailable, say so plainly instead.
  //
  // \"Unavailable\" covers TWO board states that both zero the counts without a
  // genuinely quiet slate: a hard DB outage (meta.dataError), AND an intentional
  // suppression (the stale-data kill switch parking a failed-freshness slate, or
  // demo rows held off the public board) that the loader flags via degradation
  // codes but NOT dataError. /board reads the same codes; mirror it here so a
  // suppressed slate never renders as a healthy \"0 cleared · 0 gated\".
  const boardSuppressed = stateResult.meta.degradations.some(
    (degradation) =>
      degradation.code === \"STALE_DATA_SUPPRESSED\" ||
      degradation.code === \"DEMO_DATA_SUPPRESSED\",
  );
  const boardUnavailable =
    stateResult.meta.dataError === \"DB_UNREACHABLE\" || boardSuppressed;

  // The market slot is redacted to a sentinel for non-premium viewers, and it
  // was being printed raw: \"we're on ALL_MARKETS\". A held row also said \"we
  // passed\", which on the fallback path is a judgement nobody made. Both now go
  // through lib/board/market-label.ts.
  const tickerItems = [
    ...state.publishedToday.slice(0, 8).map(
      (p) => publishedTickerLine(p.matchup, p.market),
    ),
    ...state.gatedTodayRows.slice(0, 6).map(
      (row) => heldTickerLine(row.matchup, row.gateReason),
    ),
  ];

  return (
    <div className=\"relative min-h-screen w-full overflow-x-hidden bg-carbon text-ion\">
      {/* Site front door: ONE cinematic cold-open over the Field ground,
          climaxing on the brand mark. Self-gating (localStorage) so it plays
          once per session, skippable, reduced-motion safe. The slow doctrine
          intro was retired. */}
      <FieldCinematicIntro />
      <Nav />
      <main id=\"main-content\">
        {/* HERO. The thesis, the graphic, two ways in. */}
        <section
          className=\"relative isolate overflow-hidden border-b border-mineral\"
          style={{ background: \"#08090C\", minHeight: \"min(92vh, 820px)\" }}
        >
          <FieldHeroCanvas />
          <div
            aria-hidden=\"true\"
            className=\"grain-overlay absolute inset-0 -z-10\"
          />
          <div
            aria-hidden=\"true\"
            className=\"absolute inset-0 -z-10\"
            style={{
              background:
                \"radial-gradient(ellipse 55% 40% at 70% 18%, rgba(255,77,46,0.09), transparent 58%), linear-gradient(180deg, #08090Cdd 0%, #08090C88 42%, #08090C 100%)\",
            }}
          />
          <div className=\"relative mx-auto flex min-h-[inherit] max-w-5xl flex-col justify-center px-4 py-28 sm:px-6 lg:px-8\">
            <Reveal>
              <p className=\"mb-6 inline-flex items-center gap-2.5 border border-mineral bg-eclipse/70 px-3.5 py-1.5 text-[11px] uppercase tracking-wider text-ion-2\">
                <span
                  aria-hidden
                  className=\"h-1.5 w-1.5 rounded-full bg-plasma\"
                  style={{ animation: \"pp-live-pulse 2s ease-in-out infinite\" }}
                />
                Live now
              </p>
            </Reveal>
            <Reveal delay={60}>
              <h1
                className=\"max-w-5xl font-display font-semibold leading-[0.9] tracking-tight text-ion-white\"
                style={{ fontSize: \"clamp(3.5rem, 10vw, 7.5rem)\" }}
              >
                The market is full of <span className=\"text-plasma\">noise</span>.
                <br />
                We find the <span className=\"text-plasma\">signal</span>.
              </h1>
            </Reveal>
            <Reveal delay={120}>
              <p className=\"mt-6 max-w-xl text-lg leading-8 text-ion-1\">
                Every Sunday the takes pile up. We score every game, publish what
                we&apos;re on, and show what we passed on, with the reason.
              </p>
            </Reveal>
            <Reveal delay={180}>
              <div className=\"mt-8 flex flex-col items-start gap-3 sm:flex-row\">
                {/* F-28 (founder-delegated 2026-09-08, via orchestrator):
                    primary CTA to /picks, secondary to /pricing. */}
                <Link href=\"/picks\" className=\"btn-primary min-h-12 px-7 py-3 text-base\">
                  See today&apos;s picks
                </Link>
                <Link
                  href=\"/pricing\"
                  className=\"inline-flex min-h-12 items-center justify-center border border-mineral px-7 py-3 text-base font-semibold text-ion-1 transition-colors hover:border-plasma hover:text-ion-white\"
                >
                  See pricing
                </Link>
              </div>
            </Reveal>
            <Reveal delay={240}>
              <p className=\"mt-8 font-mono text-[10px] uppercase tracking-[0.24em] text-ion-2\">
                <SignalDecode speed={28}>We detect. You decide.</SignalDecode>
              </p>
            </Reveal>
            <Reveal delay={280}>
              <dl className=\"mt-12 grid max-w-2xl grid-cols-2 gap-px border border-mineral bg-mineral sm:grid-cols-4\">
                {[
                  { k: \"Today's picks\", v: boardUnavailable ? \"n/a\" : String(cleared) },
                  { k: \"We passed on\", v: boardUnavailable ? \"n/a\" : String(gated) },
                  { k: \"Graded picks\", v: settled > 0 ? String(settled) : \"building\" },
                  { k: \"Anyone can check\", v: \"yes\" },
                ].map((cell) => (
                  <div key={cell.k} className=\"bg-eclipse px-4 py-3\">
                    <dt className=\"text-[11px] uppercase tracking-wider text-ion-2\">
                      {cell.k}
                    </dt>
                    <dd className=\"mt-1 font-display text-2xl font-semibold tabular-nums text-ion-white\">
                      {cell.v}
                    </dd>
                  </div>
                ))}
              </dl>
            </Reveal>
          </div>
        </section>

        <FieldBoardTicker items={tickerItems} />

        {/* SIGNAL MAP. Four ways in, one decision each. */}
        <section
          id=\"doors\"
          className=\"border-b border-mineral px-4 py-16 sm:px-6 sm:py-20 lg:px-8\"
        >
          <div className=\"mx-auto max-w-7xl\">
            <Reveal>
              <p className=\"text-[11px] uppercase tracking-wider text-plasma\">
                Where to start
              </p>
              <h2 className=\"mt-3 max-w-3xl font-display text-3xl font-semibold text-ion-white sm:text-4xl\">
                What are you here to decide?
              </h2>
            </Reveal>
            <div className=\"mt-10 grid gap-px overflow-hidden border border-mineral bg-mineral sm:grid-cols-2 lg:grid-cols-4\">
              <DoorCard
                index={1}
                label=\"Board\"
                decides=\"Every game we scored today, and what we decided.\"
                stat={
                  boardUnavailable
                    ? \"Board temporarily unavailable\"
                    : cleared > 0 || gated > 0
                      ? `${cleared} picks · ${gated} passes`
                      : \"Quiet slate. Nothing forced.\"
                }
                action=\"Open the board\"
                href=\"/board\"
                bar={boardUnavailable ? undefined : { a: cleared, b: gated }}
              />
              <Suspense fallback={<NflverseLabDoorPlaceholder />}>
                <NflverseLabDoor />
              </Suspense>
              <DoorCard
                index={3}
                label=\"Intelligence\"
                decides=\"Why the engine reads a game the way it does.\"
                stat={
                  settled > 0
                    ? `Graded on ${settled} settled picks`
                    : \"Calibration sample building\"
                }
                action=\"Open the engines\"
                href=\"/intelligence/engines\"
                accent
              />
              <DoorCard
                index={4}
                label=\"Fantasy & Daily\"
                decides=\"Start-sit, waivers, trades and DFS, in one read.\"
                stat={`${scoring > 0 ? `${scoring} scoring now · ` : \"\"}Season + daily tools`}
                action=\"Open the tools\"
                href=\"/fantasy\"
              />
            </div>
            {/* The live-counts line is a real operational readout. During a
                board outage/suppression its cleared/gated counts are zeroed, so
                we withhold the numbers rather than caption unverifiable zeros as
                \"Live counts\". The player-rows metric lives in the
                Suspense-bounded NflverseLabDoor above (P16-01): nflverse errors
                surface there, not here. */}
            <p className=\"mt-8 text-center text-sm text-ion-2\">
              {boardUnavailable ? (
                <>Board counts are temporarily unavailable.</>
              ) : (
                <>
                  Right now: <span className=\"text-ion-white\">{cleared} picks</span> on the board,{\" \"}
                  <span className=\"text-ion-white\">{gated} we passed on</span>.
                </>
              )}
              {settled > 0 ? (
                <>  Graded on {settled} settled picks.</>
              ) : (
                <>  Building our graded sample.</>
              )}
            </p>
          </div>
        </section>

        {/* NO-BET. Restraint is a first-class output. */}
        <WorldSection
          index=\"01\"
          id=\"gate\"
          className=\"neb-band\"
          eyebrow=\"The hold\"
          title={
            <>
              A pass is not a blank. It is{\" \"}
              <span className=\"text-plasma\">the finding</span>.
            </>
          }
          lede=\"Knowing what not to trust is the product. Four checks keep weak games off the board, and every pass is logged in public, same as a published pick.\"
          tone=\"deep\"
        >
          <NoBetGateChapter />
        </WorldSection>

        {/* PROOF STRIP. One band, routes to the proof itself. */}
        <section className=\"neb-band border-b border-mineral px-4 py-12 sm:px-6 lg:px-8\">
          <div className=\"mx-auto flex max-w-7xl flex-col items-start justify-between gap-6 lg:flex-row lg:items-center\">
            <div>
              <p className=\"font-mono text-[10px] uppercase tracking-[0.18em] text-plasma\">
                The proof
              </p>
              <h2 className=\"mt-2 font-display text-2xl font-semibold text-ion-white sm:text-3xl\">
                Trust is an architecture, not a tagline.
              </h2>
              <p className=\"mt-2 max-w-2xl text-sm leading-6 text-ion-1\">
                Picks publish with tamper-evident receipts, frozen before kickoff:
                hashed, committed, impossible to edit after the game. No fabricated
                picks, no invented stats, no silent edits. And you don&apos;t have to
                take our word for it. Check a receipt yourself.
              </p>
            </div>
            <div className=\"flex flex-wrap items-center gap-x-5 gap-y-3\">
              <Link href=\"/proof\" className=\"btn-primary whitespace-nowrap\">
                See the sealed record
              </Link>
              <Link
                href=\"/engine\"
                className=\"text-sm font-semibold text-ion-1 hover:text-ion-white\"
              >
                Open the sealed engine
              </Link>
              <Link
                href=\"/verify\"
                className=\"text-sm font-semibold text-ion-1 hover:text-ion-white\"
              >
                Check a receipt →
              </Link>
            </div>
          </div>
        </section>

        {/* RECORD. Calm, live, sample-aware. */}
        <section
          className=\"border-b border-mineral px-4 py-14 sm:px-6 lg:px-8\"
          style={{ background: \"#0A0C10\" }}
        >
          <div className=\"mx-auto grid max-w-7xl gap-10 lg:grid-cols-[1.1fr_0.9fr] lg:items-center\">
            <div>
              <p className=\"font-mono text-[10px] uppercase tracking-[0.18em] text-plasma\">
                Record
              </p>
              <h2 className=\"mt-2 font-display text-3xl font-semibold text-ion-white sm:text-4xl\">
                Every number ships with its sample.
              </h2>
              <p className=\"mt-3 max-w-xl text-sm leading-6 text-ion-1\">
                Receipts freeze before kickoff. Hits print with period, sample size,
                model version, and the definition used. Thin samples stay dark with the
                gap named. Recompute any seal yourself.
              </p>
              <div className=\"mt-6 flex flex-wrap gap-3\">
                <Link href=\"/calibration\" className=\"btn-primary min-h-11 px-5 py-2.5\">
                  Full record
                </Link>
                <Link
                  href=\"/verify\"
                  className=\"inline-flex min-h-11 items-center border border-mineral px-5 py-2.5 text-sm font-semibold text-ion-1 hover:border-plasma hover:text-ion-white\"
                >
                  Verify a receipt
                </Link>
              </div>
            </div>
            <FieldRecordPanel
              sampleSize={calibration.sampleSize}
              gated={calibrationResult.meta.gated}
              publicMessage={calibration.publicMessage}
              buckets={(calibration.buckets ?? []).map((b) => ({
                label: b.label,
                expectedWinRate: b.expectedWinRate,
                observedWinRate: b.observedWinRate,
                sampleSize: b.sampleSize,
                sufficientSample: b.sampleSize >= 30,
              }))}
            />
          </div>
        </section>

        {/* The live-counts ledger band is a real operational readout. During a
            board outage/suppression its cleared/gated counts are zeroed, so we
            withhold the whole band rather than caption unverifiable zeros as
            \"Live counts\". The player-rows metric moved to the Suspense-bounded
            NflverseLabDoor above (P16-01): nflverse errors surface there, not
            here. The methodology cards below stay; they explain method, not
            live numbers. */}
        <MethodologySection
          metrics={
            boardUnavailable
              ? undefined
              : {
                  settled,
                  cleared,
                  gated,
                  lastRefresh: state.lastRefresh,
                }
          }
        />

        <section
          data-testid=\"homepage-responsible-close\"
          className=\"gw-nebula px-4 py-14 sm:px-6 lg:px-8\"
        >
          <div className=\"mx-auto max-w-5xl border border-mineral bg-eclipse p-5 sm:p-7\">
            <h2 className=\"text-2xl font-semibold text-ion-white\">
              The math can point. The decision stays yours.
            </h2>
            <p className=\"mt-3 text-sm leading-6 text-ion-1\">
              This product is research, not certainty. We get better by adding settled
              rows and clearer uncertainty, not by making louder claims.
            </p>
            <RiskDisclosure variant=\"compact\" includePastPerformance className=\"mt-5 text-ion-1\" />
          </div>
        </section>
      </main>
      {/* FE-17: restricted to the home hero, not mounted globally.
          See app/layout.tsx. */}
      <GalaxyCursor />
      <Footer />
    </div>
  );
}
"

[36m [2m❯[22m __tests__/homepage-engine-centerpiece.test.ts:[2m47:18[22m[39m
    [90m 45| [39m    [34mexpect[39m(page)[33m.[39m[34mtoMatch[39m([36m/bg-eclipse/[39m)[33m;[39m
    [90m 46| [39m    [34mexpect[39m(page)[33m.[39m[34mtoMatch[39m([36m/border-mineral/[39m)[33m;[39m
    [90m 47| [39m    [34mexpect[39m(page)[33m.[39m[34mtoMatch[39m([36m/text-orbital-cyan/[39m)[33m;[39m
    [90m   | [39m                 [31m^[39m
    [90m 48| [39m    [34mexpect[39m(page)[33m.[39m[34mtoMatch[39m([36m/text-ion-white/[39m)[33m;[39m
    [90m 49| [39m  })[33m;[39m

[31m[2m⎯⎯⎯⎯⎯⎯⎯⎯⎯⎯⎯⎯⎯⎯⎯⎯⎯⎯⎯⎯⎯⎯⎯[8/29]⎯[22m[39m

[31m[1m[7m FAIL [27m[22m[39m __tests__/homepage-suspense-nflverse.test.ts[2m > [22mP16-01 — homepage shell renders without awaiting nflverse loader[2m > [22mresolves immediately even when loadNflverseUsagePulse hangs forever
[31m[1mAssertionError[22m: expected 'relative min-h-screen w-full overflow…' to contain 'Galaxy turns it into'[39m

Expected: [32m"Galaxy turns it into"[39m
Received: [31m"relative min-h-screen w-full overflow-x-hidden bg-carbon text-ionmain-contentrelative isolate overflow-hidden border-b border-mineraltruegrain-overlay absolute inset-0 -z-10trueabsolute inset-0 -z-10relative mx-auto flex min-h-[inherit] max-w-5xl flex-col justify-center px-4 py-28 sm:px-6 lg:px-8mb-6 inline-flex items-center gap-2.5 border border-mineral bg-eclipse/70 px-3.5 py-1.5 text-[11px] uppercase tracking-wider text-ion-2h-1.5 w-1.5 rounded-full bg-plasmaLive nowmax-w-5xl font-display font-semibold leading-[0.9] tracking-tight text-ion-whiteThe market is full of text-plasmanoise.We find the text-plasmasignal.mt-6 max-w-xl text-lg leading-8 text-ion-1Every Sunday the takes pile up. We score every game, publish what we're on, and show what we passed on, with the reason.mt-8 flex flex-col items-start gap-3 sm:flex-row/picksbtn-primary min-h-12 px-7 py-3 text-baseSee today's picks/pricinginline-flex min-h-12 items-center justify-center border border-mineral px-7 py-3 text-base font-semibold text-ion-1 transition-colors hover:border-plasma hover:text-ion-whiteSee pricingmt-8 font-mono text-[10px] uppercase tracking-[0.24em] text-ion-2We detect. You decide.mt-12 grid max-w-2xl grid-cols-2 gap-px border border-mineral bg-mineral sm:grid-cols-4bg-eclipse px-4 py-3text-[11px] uppercase tracking-wider text-ion-2Today's picksmt-1 font-display text-2xl font-semibold tabular-nums text-ion-white0bg-eclipse px-4 py-3text-[11px] uppercase tracking-wider text-ion-2We passed onmt-1 font-display text-2xl font-semibold tabular-nums text-ion-white0bg-eclipse px-4 py-3text-[11px] uppercase tracking-wider text-ion-2Graded picksmt-1 font-display text-2xl font-semibold tabular-nums text-ion-white120bg-eclipse px-4 py-3text-[11px] uppercase tracking-wider text-ion-2Anyone can checkmt-1 font-display text-2xl font-semibold tabular-nums text-ion-whiteyesdoorsborder-b border-mineral px-4 py-16 sm:px-6 sm:py-20 lg:px-8mx-auto max-w-7xltext-[11px] uppercase tracking-wider text-plasmaWhere to startmt-3 max-w-3xl font-display text-3xl font-semibold text-ion-white sm:text-4xlWhat are you here to decide?mt-10 grid gap-px overflow-hidden border border-mineral bg-mineral sm:grid-cols-2 lg:grid-cols-4BoardEvery game we scored today, and what we decided.Quiet slate. Nothing forced.Open the board/boardIntelligenceWhy the engine reads a game the way it does.Graded on 120 settled picksOpen the engines/intelligence/enginesFantasy & DailyStart-sit, waivers, trades and DFS, in one read.Season + daily toolsOpen the tools/fantasymt-8 text-center text-sm text-ion-2Right now: text-ion-white0 picks on the board, text-ion-white0 we passed on.  Graded on 120 settled picks.01gateneb-bandThe holdKnowing what not to trust is the product. Four checks keep weak games off the board, and every pass is logged in public, same as a published pick.deepneb-band border-b border-mineral px-4 py-12 sm:px-6 lg:px-8mx-auto flex max-w-7xl flex-col items-start justify-between gap-6 lg:flex-row lg:items-centerfont-mono text-[10px] uppercase tracking-[0.18em] text-plasmaThe proofmt-2 font-display text-2xl font-semibold text-ion-white sm:text-3xlTrust is an architecture, not a tagline.mt-2 max-w-2xl text-sm leading-6 text-ion-1Picks publish with tamper-evident receipts, frozen before kickoff: hashed, committed, impossible to edit after the game. No fabricated picks, no invented stats, no silent edits. And you don't have to take our word for it. Check a receipt yourself.flex flex-wrap items-center gap-x-5 gap-y-3/proofbtn-primary whitespace-nowrapSee the sealed record/enginetext-sm font-semibold text-ion-1 hover:text-ion-whiteOpen the sealed engine/verifytext-sm font-semibold text-ion-1 hover:text-ion-whiteCheck a receipt →border-b border-mineral px-4 py-14 sm:px-6 lg:px-8mx-auto grid max-w-7xl gap-10 lg:grid-cols-[1.1fr_0.9fr] lg:items-centerfont-mono text-[10px] uppercase tracking-[0.18em] text-plasmaRecordmt-2 font-display text-3xl font-semibold text-ion-white sm:text-4xlEvery number ships with its sample.mt-3 max-w-xl text-sm leading-6 text-ion-1Receipts freeze before kickoff. Hits print with period, sample size, model version, and the definition used. Thin samples stay dark with the gap named. Recompute any seal yourself.mt-6 flex flex-wrap gap-3/calibrationbtn-primary min-h-11 px-5 py-2.5Full record/verifyinline-flex min-h-11 items-center border border-mineral px-5 py-2.5 text-sm font-semibold text-ion-1 hover:border-plasma hover:text-ion-whiteVerify a receiptCalibration is computed from settled canonical picks only.homepage-responsible-closegw-nebula px-4 py-14 sm:px-6 lg:px-8mx-auto max-w-5xl border border-mineral bg-eclipse p-5 sm:p-7text-2xl font-semibold text-ion-whiteThe math can point. The decision stays yours.mt-3 text-sm leading-6 text-ion-1This product is research, not certainty. We get better by adding settled rows and clearer uncertainty, not by making louder claims.compactmt-5 text-ion-1"[39m

[36m [2m❯[22m __tests__/homepage-suspense-nflverse.test.ts:[2m171:18[22m[39m
    [90m169| [39m    [90m// The page shell rendered without waiting for nflverse.[39m
    [90m170| [39m    [34mexpect[39m(text)[33m.[39m[34mtoContain[39m([32m"The market is full of"[39m)[33m;[39m
    [90m171| [39m    [34mexpect[39m(text)[33m.[39m[34mtoContain[39m([32m"Galaxy turns it into"[39m)[33m;[39m
    [90m   | [39m                 [31m^[39m
    [90m172| [39m    [34mexpect[39m(text)[33m.[39m[34mtoContain[39m([32m"We detect. You decide."[39m)[33m;[39m
    [90m173| [39m    [34mexpect[39m(text)[33m.[39m[34mtoContain[39m([32m"Pick the decision you came to make."[39m)[33m;[39m

[31m[2m⎯⎯⎯⎯⎯⎯⎯⎯⎯⎯⎯⎯⎯⎯⎯⎯⎯⎯⎯⎯⎯⎯⎯[9/29]⎯[22m[39m

[31m[1m[7m FAIL [27m[22m[39m __tests__/homepage-suspense-nflverse.test.ts[2m > [22mP16-01 — homepage shell renders without awaiting nflverse loader[2m > [22mpage shell renders even when loadNflverseUsagePulse rejects
[31m[1mAssertionError[22m: expected 'relative min-h-screen w-full overflow…' to contain 'Galaxy turns it into'[39m

Expected: [32m"Galaxy turns it into"[39m
Received: [31m"relative min-h-screen w-full overflow-x-hidden bg-carbon text-ionmain-contentrelative isolate overflow-hidden border-b border-mineraltruegrain-overlay absolute inset-0 -z-10trueabsolute inset-0 -z-10relative mx-auto flex min-h-[inherit] max-w-5xl flex-col justify-center px-4 py-28 sm:px-6 lg:px-8mb-6 inline-flex items-center gap-2.5 border border-mineral bg-eclipse/70 px-3.5 py-1.5 text-[11px] uppercase tracking-wider text-ion-2h-1.5 w-1.5 rounded-full bg-plasmaLive nowmax-w-5xl font-display font-semibold leading-[0.9] tracking-tight text-ion-whiteThe market is full of text-plasmanoise.We find the text-plasmasignal.mt-6 max-w-xl text-lg leading-8 text-ion-1Every Sunday the takes pile up. We score every game, publish what we're on, and show what we passed on, with the reason.mt-8 flex flex-col items-start gap-3 sm:flex-row/picksbtn-primary min-h-12 px-7 py-3 text-baseSee today's picks/pricinginline-flex min-h-12 items-center justify-center border border-mineral px-7 py-3 text-base font-semibold text-ion-1 transition-colors hover:border-plasma hover:text-ion-whiteSee pricingmt-8 font-mono text-[10px] uppercase tracking-[0.24em] text-ion-2We detect. You decide.mt-12 grid max-w-2xl grid-cols-2 gap-px border border-mineral bg-mineral sm:grid-cols-4bg-eclipse px-4 py-3text-[11px] uppercase tracking-wider text-ion-2Today's picksmt-1 font-display text-2xl font-semibold tabular-nums text-ion-white0bg-eclipse px-4 py-3text-[11px] uppercase tracking-wider text-ion-2We passed onmt-1 font-display text-2xl font-semibold tabular-nums text-ion-white0bg-eclipse px-4 py-3text-[11px] uppercase tracking-wider text-ion-2Graded picksmt-1 font-display text-2xl font-semibold tabular-nums text-ion-white120bg-eclipse px-4 py-3text-[11px] uppercase tracking-wider text-ion-2Anyone can checkmt-1 font-display text-2xl font-semibold tabular-nums text-ion-whiteyesdoorsborder-b border-mineral px-4 py-16 sm:px-6 sm:py-20 lg:px-8mx-auto max-w-7xltext-[11px] uppercase tracking-wider text-plasmaWhere to startmt-3 max-w-3xl font-display text-3xl font-semibold text-ion-white sm:text-4xlWhat are you here to decide?mt-10 grid gap-px overflow-hidden border border-mineral bg-mineral sm:grid-cols-2 lg:grid-cols-4BoardEvery game we scored today, and what we decided.Quiet slate. Nothing forced.Open the board/boardIntelligenceWhy the engine reads a game the way it does.Graded on 120 settled picksOpen the engines/intelligence/enginesFantasy & DailyStart-sit, waivers, trades and DFS, in one read.Season + daily toolsOpen the tools/fantasymt-8 text-center text-sm text-ion-2Right now: text-ion-white0 picks on the board, text-ion-white0 we passed on.  Graded on 120 settled picks.01gateneb-bandThe holdKnowing what not to trust is the product. Four checks keep weak games off the board, and every pass is logged in public, same as a published pick.deepneb-band border-b border-mineral px-4 py-12 sm:px-6 lg:px-8mx-auto flex max-w-7xl flex-col items-start justify-between gap-6 lg:flex-row lg:items-centerfont-mono text-[10px] uppercase tracking-[0.18em] text-plasmaThe proofmt-2 font-display text-2xl font-semibold text-ion-white sm:text-3xlTrust is an architecture, not a tagline.mt-2 max-w-2xl text-sm leading-6 text-ion-1Picks publish with tamper-evident receipts, frozen before kickoff: hashed, committed, impossible to edit after the game. No fabricated picks, no invented stats, no silent edits. And you don't have to take our word for it. Check a receipt yourself.flex flex-wrap items-center gap-x-5 gap-y-3/proofbtn-primary whitespace-nowrapSee the sealed record/enginetext-sm font-semibold text-ion-1 hover:text-ion-whiteOpen the sealed engine/verifytext-sm font-semibold text-ion-1 hover:text-ion-whiteCheck a receipt →border-b border-mineral px-4 py-14 sm:px-6 lg:px-8mx-auto grid max-w-7xl gap-10 lg:grid-cols-[1.1fr_0.9fr] lg:items-centerfont-mono text-[10px] uppercase tracking-[0.18em] text-plasmaRecordmt-2 font-display text-3xl font-semibold text-ion-white sm:text-4xlEvery number ships with its sample.mt-3 max-w-xl text-sm leading-6 text-ion-1Receipts freeze before kickoff. Hits print with period, sample size, model version, and the definition used. Thin samples stay dark with the gap named. Recompute any seal yourself.mt-6 flex flex-wrap gap-3/calibrationbtn-primary min-h-11 px-5 py-2.5Full record/verifyinline-flex min-h-11 items-center border border-mineral px-5 py-2.5 text-sm font-semibold text-ion-1 hover:border-plasma hover:text-ion-whiteVerify a receiptCalibration is computed from settled canonical picks only.homepage-responsible-closegw-nebula px-4 py-14 sm:px-6 lg:px-8mx-auto max-w-5xl border border-mineral bg-eclipse p-5 sm:p-7text-2xl font-semibold text-ion-whiteThe math can point. The decision stays yours.mt-3 text-sm leading-6 text-ion-1This product is research, not certainty. We get better by adding settled rows and clearer uncertainty, not by making louder claims.compactmt-5 text-ion-1"[39m

[36m [2m❯[22m __tests__/homepage-suspense-nflverse.test.ts:[2m205:18[22m[39m
    [90m203| [39m
    [90m204| [39m    [34mexpect[39m(text)[33m.[39m[34mtoContain[39m([32m"The market is full of"[39m)[33m;[39m
    [90m205| [39m    [34mexpect[39m(text)[33m.[39m[34mtoContain[39m([32m"Galaxy turns it into"[39m)[33m;[39m
    [90m   | [39m                 [31m^[39m
    [90m206| [39m    [90m// The nflverse door is still present (as a Suspense boundary, unr[39m…
    [90m207| [39m    [34mexpect[39m([34mhasType[39m(tree[33m,[39m [33mNflverseLabDoor[39m))[33m.[39m[34mtoBe[39m([35mtrue[39m)[33m;[39m

[31m[2m⎯⎯⎯⎯⎯⎯⎯⎯⎯⎯⎯⎯⎯⎯⎯⎯⎯⎯⎯⎯⎯⎯[10/29]⎯[22m[39m

[31m[1m[7m FAIL [27m[22m[39m __tests__/nav-route-integrity.test.ts[2m > [22mNav route integrity[2m > [22mthe four doors + Proof + The Beat are all present on desktop and mobile
[31m[1mAssertionError[22m: desktop missing /intelligence/engines: expected false to be true // Object.is equality[39m

[32m- Expected[39m
[31m+ Received[39m

[32m- true[39m
[31m+ false[39m

[36m [2m❯[22m __tests__/nav-route-integrity.test.ts:[2m62:74[22m[39m
    [90m 60| [39m  [34mit[39m([32m"the four doors + Proof + The Beat are all present on desktop and[39m…
    [90m 61| [39m    [35mfor[39m ([35mconst[39m route [35mof[39m [[32m"/board"[39m[33m,[39m [32m"/players"[39m[33m,[39m [32m"/intelligence/engines"[39m…
    [90m 62| [39m      [34mexpect[39m(desktop[33m.[39m[34mincludes[39m([32m`"[39m[36m${[39mroute[36m}[39m[32m"`[39m)[33m,[39m [32m`desktop missing [39m[36m${[39mroute[36m}[39m…
    [90m   | [39m                                                                         [31m^[39m
    [90m 63| [39m    }
    [90m 64| [39m    [90m// Mobile parity: the same primary doors are reachable.[39m

[31m[2m⎯⎯⎯⎯⎯⎯⎯⎯⎯⎯⎯⎯⎯⎯⎯⎯⎯⎯⎯⎯⎯⎯[11/29]⎯[22m[39m

[31m[1m[7m FAIL [27m[22m[39m __tests__/nav-route-integrity.test.ts[2m > [22mNav route integrity[2m > [22mPlayers is a single door and Proof left Intelligence
[31m[1mAssertionError[22m: expected 'import { Suspense } from "react";\nim…' to contain 'href="/calibration"'[39m

[32m- Expected[39m
[31m+ Received[39m

[32m- href="/calibration"[39m
[31m+ import { Suspense } from "react";[39m
[31m+ import { BrandLockup } from "@/components/brand/brand-lockup";[39m
[31m+ import { NavMenu } from "@/components/ui/nav-menu";[39m
[31m+ import { NavAuth, NavAuthFallback } from "@/components/ui/nav-auth";[39m
[31m+[39m
[31m+ /**[39m
[31m+  * Field IA — one door per job. Board is THE board.[39m
[31m+  *[39m
[31m+  * The desktop bar mirrors components/ui/mobile-nav.tsx section for section.[39m
[31m+  * Keep them in step: a door added or removed here is added or removed there[39m
[31m+  * in the same change.[39m
[31m+  */[39m
[31m+ type NavItem = { label: string; href: string; desc: string };[39m
[31m+ type NavGroup = { heading?: string; items: readonly NavItem[] };[39m
[31m+[39m
[31m+ const BOARD_MENU: readonly NavGroup[] = [[39m
[31m+   {[39m
[31m+     items: [[39m
[31m+       {[39m
[31m+         label: "The board",[39m
[31m+         href: "/board",[39m
[31m+         desc: "Every game we scored today",[39m
[31m+       },[39m
[31m+       {[39m
[31m+         label: "League slates",[39m
[31m+         href: "/slate",[39m
[31m+         desc: "NFL · NCAAF · NBA · NCAAB · MLB · NHL · MLS",[39m
[31m+       },[39m
[31m+       {[39m
[31m+         label: "Today's picks",[39m
[31m+         href: "/picks",[39m
[31m+         desc: "What we're on, with the reason",[39m
[31m+       },[39m
[31m+       {[39m
[31m+         label: "Our record",[39m
[31m+         href: "/calibration",[39m
[31m+         desc: "How we've done, graded in public",[39m
[31m+       },[39m
[31m+       {[39m
[31m+         label: "Bankroll",[39m
[31m+         href: "/bankroll",[39m
[31m+         desc: "Every settled result, counted",[39m
[31m+       },[39m
[31m+     ],[39m
[31m+   },[39m
[31m+ ];[39m
[31m+[39m
[31m+ const PLAYERS_MENU: readonly NavGroup[] = [[39m
[31m+   {[39m
[31m+     items: [[39m
[31m+       { label: "Player lab", href: "/players", desc: "Every player, every signal" },[39m
[31m+       { label: "The NFL house", href: "/house", desc: "The NFL hub" },[39m
[31m+     ],[39m
[31m+   },[39m
[31m+ ];[39m
[31m+[39m
[31m+ const FANTASY_MENU: readonly NavGroup[] = [[39m
[31m+   {[39m
[31m+     heading: "Fantasy",[39m
[31m+     items: [[39m
[31m+       { label: "Start-Sit", href: "/fantasy/lineup", desc: "Floor vs ceiling, explained" },[39m
[31m+       { label: "Waivers", href: "/fantasy/waivers", desc: "Who to add and what to bid" },[39m
[31m+       { label: "Draft", href: "/fantasy/draft", desc: "Tiers and live pick guidance" },[39m
[31m+       { label: "Trade", href: "/fantasy/trade", desc: "Is the trade fair?" },[39m
[31m+     ],[39m
[31m+   },[39m
[31m+   {[39m
[31m+     heading: "Daily",[39m
[31m+     items: [[39m
[31m+       { label: "DFS", href: "/fantasy/dfs", desc: "Cash and tournament builders" },[39m
[31m+       { label: "Pick'em", href: "/fantasy/props", desc: "Underdog & PrizePicks edges" },[39m
[31m+       { label: "Best ball", href: "/fantasy/bestball", desc: "Season-long drafts, solved" },[39m
[31m+       { label: "NBA slate", href: "/fantasy/nba", desc: "The hoops board" },[39m
[31m+       { label: "Touchdowns", href: "/fantasy/touchdowns", desc: "Anytime TD, glass-box" },[39m
[31m+       { label: "Showdown", href: "/fantasy/showdown", desc: "Single game, 1.5x captain" },[39m
[31m+       { label: "Optimizer", href: "/optimizer", desc: "Every lineup, one workspace" },[39m
[31m+       { label: "Connect league", href: "/fantasy/connect", desc: "Sync your real roster" },[39m
[31m+     ],[39m
[31m+   },[39m
[31m+ ];[39m
[31m+[39m
[31m+ const GSN_MENU: readonly NavGroup[] = [[39m
[31m+   {[39m
[31m+     heading: "GSN",[39m
[31m+     items: [[39m
[31m+       { label: "The Beat", href: "/the-beat", desc: "Cinematic broadcast" },[39m
[31m+     ],[39m
[31m+   },[39m
[31m+ ];[39m
[31m+[39m
[31m+ /**[39m
[31m+  * Nav — global bar. Auth rail is Suspense-split so public pages prerender.[39m
[31m+  */[39m
[31m+ export function Nav() {[39m
[31m+   return ([39m
[31m+     <header className="nav">[39m
[31m+       <div className="container nav-inner">[39m
[31m+         <div className="nav-left">[39m
[31m+           <BrandLockup />[39m
[31m+[39m
[31m+           <nav className="nav-links" aria-label="Primary">[39m
[31m+             <NavMenu label="Board" href="/board" groups={BOARD_MENU} />[39m
[31m+             <NavMenu label="Players" href="/players" groups={PLAYERS_MENU} />[39m
[31m+             <NavMenu label="Fantasy" href="/fantasy" groups={FANTASY_MENU} />[39m
[31m+             <NavMenu label="GSN" href="/the-beat" groups={GSN_MENU} />[39m
[31m+           </nav>[39m
[31m+         </div>[39m
[31m+[39m
[31m+         <Suspense fallback={<NavAuthFallback />}>[39m
[31m+           <NavAuth />[39m
[31m+         </Suspense>[39m
[31m+       </div>[39m
[31m+     </header>[39m
[31m+   );[39m
[31m+ }[39m
[31m+[39m

[36m [2m❯[22m __tests__/nav-route-integrity.test.ts:[2m94:21[22m[39m
    [90m 92| [39m    [34mexpect[39m(desktop)[33m.[39mnot[33m.[39m[34mtoContain[39m([32m'"/performance"'[39m)[33m;[39m
    [90m 93| [39m    [34mexpect[39m(desktop)[33m.[39mnot[33m.[39m[34mtoContain[39m([32m'"/clv"'[39m)[33m;[39m
    [90m 94| [39m    [34mexpect[39m(desktop)[33m.[39m[34mtoContain[39m([32m'href="/calibration"'[39m)[33m;[39m
    [90m   | [39m                    [31m^[39m
    [90m 95| [39m  })[33m;[39m
    [90m 96| [39m})[33m;[39m

[31m[2m⎯⎯⎯⎯⎯⎯⎯⎯⎯⎯⎯⎯⎯⎯⎯⎯⎯⎯⎯⎯⎯⎯[12/29]⎯[22m[39m

[31m[1m[7m FAIL [27m[22m[39m __tests__/nav-static-shell.test.tsx[2m > [22mP16-03 — Nav does not block on auth() in the static shell[2m > [22mNav() never calls auth() — the static shell must be statically prerenderable
[31m[1mAssertionError[22m: expected null not to be null[39m
[36m [2m❯[22m __tests__/nav-static-shell.test.tsx:[2m69:67[22m[39m
    [90m 67| [39m    [34mexpect[39m(container[33m.[39m[34mquerySelector[39m([32m'a[href="/board"]'[39m))[33m.[39mnot[33m.[39m[34mtoBeNull[39m()[33m;[39m
    [90m 68| [39m    [34mexpect[39m(container[33m.[39m[34mquerySelector[39m([32m'a[href="/players"]'[39m))[33m.[39mnot[33m.[39m[34mtoBeNull[39m…
    [90m 69| [39m    [34mexpect[39m(container[33m.[39m[34mquerySelector[39m([32m'a[href="/calibration"]'[39m))[33m.[39mnot[33m.[39m[34mtoBe[39m…
    [90m   | [39m                                                                  [31m^[39m
    [90m 70| [39m  })[33m;[39m
    [90m 71| [39m

[31m[2m⎯⎯⎯⎯⎯⎯⎯⎯⎯⎯⎯⎯⎯⎯⎯⎯⎯⎯⎯⎯⎯⎯[13/29]⎯[22m[39m

[31m[1m[7m FAIL [27m[22m[39m __tests__/nav-static-shell.test.tsx[2m > [22mP16-03 — Nav does not block on auth() in the static shell[2m > [22mNav() renders all four primary doors + The Lab + Proof as static links
[31m[1mAssertionError[22m: expected [ '/board', '/players', …(2) ] to include '/intelligence/engines'[39m
[36m [2m❯[22m __tests__/nav-static-shell.test.tsx:[2m87:19[22m[39m
    [90m 85| [39m    [34mexpect[39m(hrefs)[33m.[39m[34mtoContain[39m([32m"/board"[39m)[33m;[39m
    [90m 86| [39m    [34mexpect[39m(hrefs)[33m.[39m[34mtoContain[39m([32m"/players"[39m)[33m;[39m
    [90m 87| [39m    [34mexpect[39m(hrefs)[33m.[39m[34mtoContain[39m([32m"/intelligence/engines"[39m)[33m;[39m
    [90m   | [39m                  [31m^[39m
    [90m 88| [39m    [34mexpect[39m(hrefs)[33m.[39m[34mtoContain[39m([32m"/fantasy"[39m)[33m;[39m
    [90m 89| [39m    [34mexpect[39m(hrefs)[33m.[39m[34mtoContain[39m([32m"/the-beat"[39m)[33m;[39m

[31m[2m⎯⎯⎯⎯⎯⎯⎯⎯⎯⎯⎯⎯⎯⎯⎯⎯⎯⎯⎯⎯⎯⎯[14/29]⎯[22m[39m

[31m[1m[7m FAIL [27m[22m[39m __tests__/news-customer-truth.test.tsx[2m > [22mTheBeat customer truth[2m > [22mshows unavailable — not the sample — when the feed fails
[31m[1mTestingLibraryElementError[22m[39m: Unable to find an element with the text: /feed unavailable/i. This could be because the text is broken up by multiple elements. In this case, you can provide a function for your text matcher to make your matcher more flexible.

Ignored nodes: comments, script, style
[36m<body>[39m
  [36m<div>[39m
    [36m<div[39m
      [33mclass[39m=[32m"space-y-5"[39m
    [36m>[39m
      [36m<span[39m
        [33mclass[39m=[32m"inline-flex items-center gap-1.5 rounded-full px-3 py-1 text-[11px] font-bold uppercase tracking-wider"[39m
        [33mstyle[39m=[32m"background: rgba(196, 191, 182, 0.11); color: rgb(196, 191, 182);"[39m
      [36m>[39m
        [0mSample feed · fictional sources[0m
      [36m</span>[39m
      [36m<div[39m
        [33mclass[39m=[32m"grid grid-cols-2 gap-3 sm:grid-cols-4"[39m
        [33mdata-testid[39m=[32m"beat-pulse"[39m
      [36m>[39m
        [36m<div[39m
          [33mclass[39m=[32m"surface-card p-3"[39m
        [36m>[39m
          [36m<p[39m
            [33mclass[39m=[32m"font-numerals text-[10px] uppercase tracking-[0.16em] text-ion-3"[39m
          [36m>[39m
            [0mOn the wire[0m
          [36m</p>[39m
          [36m<p[39m
            [33mclass[39m=[32m"mt-1 font-display text-2xl text-ion-white"[39m
          [36m>[39m
            [0m10[0m
          [36m</p>[39m
        [36m</div>[39m
        [36m<div[39m
          [33mclass[39m=[32m"surface-card p-3"[39m
        [36m>[39m
          [36m<p[39m
            [33mclass[39m=[32m"font-numerals text-[10px] uppercase tracking-[0.16em] text-ion-3"[39m
          [36m>[39m
            [0mConfirmed[0m
          [36m</p>[39m
          [36m<p[39m
            [33mclass[39m=[32m"mt-1 font-display text-2xl"[39m
            [33mstyle[39m=[32m"color: rgb(196, 191, 182);"[39m
          [36m>[39m
            [0m2[0m
          [36m</p>[39m
        [36m</div>[39m
        [36m<div[39m
          [33mclass[39m=[32m"surface-card p-3"[39m
        [36m>[39m
          [36m<p[39m
            [33mclass[39m=[32m"font-numerals text-[10px] uppercase tracking-[0.16em] text-ion-3"[39m
          [36m>[39m
            [0mHot now[0m
          [36m</p>[39m
          [36m<p[39m
            [33mclass[39m=[32m"mt-1 font-display text-2xl"[39m
            [33mstyle[39m=[32m"color: rgb(255, 77, 46);"[39m
          [36m>[39m
            [0m2[0m
          [36m</p>[39m
        [36m</div>[39m
        [36m<div[39m
          [33mclass[39m=[32m"surface-card min-w-0 p-3"[39m
        [36m>[39m
          [36m<p[39m
            [33mclass[39m=[32m"font-numerals text-[10px] uppercase tracking-[0.16em] text-ion-3"[39m
          [36m>[39m
            [0mTop signal[0m
          [36m</p>[39m
          [36m<p[39m
            [33mclass[39m=[32m"mt-1 truncate text-sm font-semibold text-ion-white"[39m
            [33mtitle[39m=[32m"Confirmed: Vale will not play; the team is elevating depth at the position"[39m
          [36m>[39m
            [0mATL · 84[0m
          [36m</p>[39m
        [36m</div>[39m
      [36m</div>[39m
      [36m<div[39m
        [33mclass[39m=[32m"surface-card flex flex-wrap items-center gap-3 p-4"[39m
      [36m>[39m
        [36m<span[39m
          [33mclass[39m=[32m"text-[10px] uppercase tracking-[0.18em] text-ion-3"[39m
        [36m>[39m
          [0mSource tier[0m
        [36m</span>[39m
        [36m<button[39m
          [33maria-pressed[39m=[32m"true"[39m
          [33mclass[39m=[32m"rounded-full px-2.5 py-1 text-[11px] font-semibold uppercase tracking-wider"[39m
          [33mstyle[39m=[32m"background: rgba(255, 255, 255, 0.12); color: rgb(255, 255, 255);"[39m
          [33mtype[39m=[32m"button"[39m
        [36m>[39m
          [0mAll[0m
        [36m</button>[39m
        [36m<button[39m
          [33maria-pressed[39m=[32m"false"[39m
          [33mclass[39m=[32m"rounded-full px-2.5 py-1 text-[11px] font-semibold uppercase tracking-wider transition-colors"[39m
          [33mstyle[39m=[32m"background: transparent; color: rgb(196, 191, 182); box-shadow: none;"[39m
          [33mtitle[39m=[32m"reliability 100%"[39m
          [33mtype[39m=[32m"button"[39m
        [36m>[39m
          [0mInsider[0m
        [36m</button>[39m
        [36m<button[39m
          [33maria-pressed[39m=[32m"false"[39m
          [33mclass[39m=[32m"rounded-full px-2.5 py-1 text-[11px] font-semibold uppercase tracking-wider transition-colors"[39m
          [33mstyle[39m=[32m"background: transparent; color: rgb(255, 77, 46); box-shadow: none;"[39m
          [33mtitle[39m=[32m"reliability 85%"[39m
          [33mtype[39m=[32m"button"[39m
        [36m>[39m
          [0mBeat[0m
        [36m</button>[39m
        [36m<button[39m
          [33maria-pressed[39m=[32m"false"[39m
          [33mclass[39m=[32m"rounded-full px-2.5 py-1 text-[11px] font-semibold uppercase tracking-wider transition-colors"[39m
          [33mstyle[39m=[32m"background: transparent; color: rgb(196, 191, 182); box-shadow: none;"[39m
          [33mtitle[39m=[32m"reliability 70%"[39m
          [33mtype[39m=[32m"button"[39m
        [36m>[39m
          [0mVerified[0m
        [36m</button>[39m
        [36m<button[39m
          [33maria-pressed[39m=[32m"false"[39m
          [33mclass[39m=[32m"rounded-full px-2.5 py-1 text-[11px] font-semibold uppercase tracking-wider transition-colors"[39m
          [33mstyle[39m=[32m"background: transparent; color: rgb(159, 179, 200); box-shadow: none;"[39m
          [33mtitle[39m=[32m"reliability 45%"[39m
          [33mtype[39m=[32m"button"[39m
        [36m>[39m
          [0mAggregator[0m
        [36m</button>[39m
        [36m<button[39m
          [33maria-pressed[39m=[32m"false"[39m
          [33mclass[39m=[32m"rounded-full px-2.5 py-1 text-[11px] font-semibold uppercase tracking-wider transition-colors"[39m
          [33mstyle[39m=[32m"background: transparent; color: rgb(91, 102, 117); box-shadow: none;"[39m
          [33mtitle[39m=[32m"reliability 20%"[39m
          [33mtype[39m=[32m"button"[39m
        [36m>[39m
          [0mUnconfirmed[0m
        [36m</button>[39m
        [36m<div[39m
          [33maria-label[39m=[32m"Filter by team"[39m
          [33mclass[39m=[32m"flex gap-1.5 overflow-x-auto pb-1"[39m
          [33mrole[39m=[32m"group"[39m
        [36m>[39m
          [36m<button[39m
            [33maria-pressed[39m=[32m"true"[39m
            [33mclass[39m=[32m"shrink-0 rounded-full px-2.5 py-1 text-[11px] font-semibold uppercase tracking-wider transition-colors bg-ion-white text-black"[39m
            [33mtype[39m=[32m"button"[39m
          [36m>[39m
            [0mAll teams[0m
          [36m</button>[39m
          [36m<button[39m
            [33maria-pressed[39m=[32m"false"[39m
            [33mclass[39m=[32m"shrink-0 rounded-full px-2.5 py-1 text-[11px] font-semibold uppercase tracking-wider transition-colors text-ion-2 hover:text-ion-white"[39m
            [33mstyle[39m=[32m"background: rgba(255, 255, 255, 0.05);"[...
[90m [2m❯[22m Object.getElementError ../../node_modules/@testing-library/dom/dist/config.js:[2m37:19[22m[39m
[90m [2m❯[22m ../../node_modules/@testing-library/dom/dist/query-helpers.js:[2m76:38[22m[39m
[90m [2m❯[22m ../../node_modules/@testing-library/dom/dist/query-helpers.js:[2m52:17[22m[39m
[90m [2m❯[22m ../../node_modules/@testing-library/dom/dist/query-helpers.js:[2m95:19[22m[39m
[36m [2m❯[22m __tests__/news-customer-truth.test.tsx:[2m14:19[22m[39m
    [90m 12| [39m  [34mit[39m([32m"shows unavailable — not the sample — when the feed fails"[39m[33m,[39m () [33m=>[39m…
    [90m 13| [39m    [34mrender[39m([33m<[39m[33mTheBeat[39m [33mliveWire[39m[33m=[39m[33m{[39m[35mnull[39m[33m}[39m [33munavailable[39m [33m/[39m[33m>[39m)[33m;[39m
    [90m 14| [39m    [34mexpect[39m(screen[33m.[39m[34mgetByText[39m([36m/feed unavailable/i[39m))[33m.[39m[34mtoBeTruthy[39m()[33m;[39m
    [90m   | [39m                  [31m^[39m
    [90m 15| [39m    [34mexpect[39m(screen[33m.[39m[34mqueryByText[39m([36m/sample feed/i[39m))[33m.[39m[34mtoBeNull[39m()[33m;[39m
    [90m 16| [39m  })[33m;[39m

[31m[2m⎯⎯⎯⎯⎯⎯⎯⎯⎯⎯⎯⎯⎯⎯⎯⎯⎯⎯⎯⎯⎯⎯[15/29]⎯[22m[39m

[31m[1m[7m FAIL [27m[22m[39m __tests__/news-customer-truth.test.tsx[2m > [22mTheBeat customer truth[2m > [22mshows an empty honest state for a fresh empty live wire
[31m[1mTestingLibraryElementError[22m[39m: Unable to find an element with the text: /no fresh reports/i. This could be because the text is broken up by multiple elements. In this case, you can provide a function for your text matcher to make your matcher more flexible.

Ignored nodes: comments, script, style
[36m<body>[39m
  [36m<div>[39m
    [36m<div[39m
      [33mclass[39m=[32m"space-y-5"[39m
    [36m>[39m
      [36m<span[39m
        [33mclass[39m=[32m"inline-flex items-center gap-1.5 rounded-full px-3 py-1 text-[11px] font-bold uppercase tracking-wider"[39m
        [33mstyle[39m=[32m"background: rgba(196, 191, 182, 0.11); color: rgb(196, 191, 182);"[39m
      [36m>[39m
        [0mLive wire · headlines via public feeds ·[0m
        [0m [0m
        [0mno items in window[0m
      [36m</span>[39m
      [36m<div[39m
        [33mclass[39m=[32m"grid grid-cols-2 gap-3 sm:grid-cols-4"[39m
        [33mdata-testid[39m=[32m"beat-pulse"[39m
      [36m>[39m
        [36m<div[39m
          [33mclass[39m=[32m"surface-card p-3"[39m
        [36m>[39m
          [36m<p[39m
            [33mclass[39m=[32m"font-numerals text-[10px] uppercase tracking-[0.16em] text-ion-3"[39m
          [36m>[39m
            [0mOn the wire[0m
          [36m</p>[39m
          [36m<p[39m
            [33mclass[39m=[32m"mt-1 font-display text-2xl text-ion-white"[39m
          [36m>[39m
            [0m0[0m
          [36m</p>[39m
        [36m</div>[39m
        [36m<div[39m
          [33mclass[39m=[32m"surface-card p-3"[39m
        [36m>[39m
          [36m<p[39m
            [33mclass[39m=[32m"font-numerals text-[10px] uppercase tracking-[0.16em] text-ion-3"[39m
          [36m>[39m
            [0mConfirmed[0m
          [36m</p>[39m
          [36m<p[39m
            [33mclass[39m=[32m"mt-1 font-display text-2xl"[39m
            [33mstyle[39m=[32m"color: rgb(196, 191, 182);"[39m
          [36m>[39m
            [0m0[0m
          [36m</p>[39m
        [36m</div>[39m
        [36m<div[39m
          [33mclass[39m=[32m"surface-card p-3"[39m
        [36m>[39m
          [36m<p[39m
            [33mclass[39m=[32m"font-numerals text-[10px] uppercase tracking-[0.16em] text-ion-3"[39m
          [36m>[39m
            [0mHot now[0m
          [36m</p>[39m
          [36m<p[39m
            [33mclass[39m=[32m"mt-1 font-display text-2xl"[39m
            [33mstyle[39m=[32m"color: rgb(255, 77, 46);"[39m
          [36m>[39m
            [0m0[0m
          [36m</p>[39m
        [36m</div>[39m
        [36m<div[39m
          [33mclass[39m=[32m"surface-card min-w-0 p-3"[39m
        [36m>[39m
          [36m<p[39m
            [33mclass[39m=[32m"font-numerals text-[10px] uppercase tracking-[0.16em] text-ion-3"[39m
          [36m>[39m
            [0mTop signal[0m
          [36m</p>[39m
          [36m<p[39m
            [33mclass[39m=[32m"mt-1 truncate text-sm font-semibold text-ion-white"[39m
          [36m>[39m
            [0mn/a[0m
          [36m</p>[39m
        [36m</div>[39m
      [36m</div>[39m
      [36m<div[39m
        [33mclass[39m=[32m"surface-card flex flex-wrap items-center gap-3 p-4"[39m
      [36m>[39m
        [36m<span[39m
          [33mclass[39m=[32m"text-[10px] uppercase tracking-[0.18em] text-ion-3"[39m
        [36m>[39m
          [0mSource tier[0m
        [36m</span>[39m
        [36m<button[39m
          [33maria-pressed[39m=[32m"true"[39m
          [33mclass[39m=[32m"rounded-full px-2.5 py-1 text-[11px] font-semibold uppercase tracking-wider"[39m
          [33mstyle[39m=[32m"background: rgba(255, 255, 255, 0.12); color: rgb(255, 255, 255);"[39m
          [33mtype[39m=[32m"button"[39m
        [36m>[39m
          [0mAll[0m
        [36m</button>[39m
        [36m<button[39m
          [33maria-pressed[39m=[32m"false"[39m
          [33mclass[39m=[32m"rounded-full px-2.5 py-1 text-[11px] font-semibold uppercase tracking-wider transition-colors"[39m
          [33mstyle[39m=[32m"background: transparent; color: rgb(196, 191, 182); box-shadow: none;"[39m
          [33mtitle[39m=[32m"reliability 100%"[39m
          [33mtype[39m=[32m"button"[39m
        [36m>[39m
          [0mInsider[0m
        [36m</button>[39m
        [36m<button[39m
          [33maria-pressed[39m=[32m"false"[39m
          [33mclass[39m=[32m"rounded-full px-2.5 py-1 text-[11px] font-semibold uppercase tracking-wider transition-colors"[39m
          [33mstyle[39m=[32m"background: transparent; color: rgb(255, 77, 46); box-shadow: none;"[39m
          [33mtitle[39m=[32m"reliability 85%"[39m
          [33mtype[39m=[32m"button"[39m
        [36m>[39m
          [0mBeat[0m
        [36m</button>[39m
        [36m<button[39m
          [33maria-pressed[39m=[32m"false"[39m
          [33mclass[39m=[32m"rounded-full px-2.5 py-1 text-[11px] font-semibold uppercase tracking-wider transition-colors"[39m
          [33mstyle[39m=[32m"background: transparent; color: rgb(196, 191, 182); box-shadow: none;"[39m
          [33mtitle[39m=[32m"reliability 70%"[39m
          [33mtype[39m=[32m"button"[39m
        [36m>[39m
          [0mVerified[0m
        [36m</button>[39m
        [36m<button[39m
          [33maria-pressed[39m=[32m"false"[39m
          [33mclass[39m=[32m"rounded-full px-2.5 py-1 text-[11px] font-semibold uppercase tracking-wider transition-colors"[39m
          [33mstyle[39m=[32m"background: transparent; color: rgb(159, 179, 200); box-shadow: none;"[39m
          [33mtitle[39m=[32m"reliability 45%"[39m
          [33mtype[39m=[32m"button"[39m
        [36m>[39m
          [0mAggregator[0m
        [36m</button>[39m
        [36m<button[39m
          [33maria-pressed[39m=[32m"false"[39m
          [33mclass[39m=[32m"rounded-full px-2.5 py-1 text-[11px] font-semibold uppercase tracking-wider transition-colors"[39m
          [33mstyle[39m=[32m"background: transparent; color: rgb(91, 102, 117); box-shadow: none;"[39m
          [33mtitle[39m=[32m"reliability 20%"[39m
          [33mtype[39m=[32m"button"[39m
        [36m>[39m
          [0mUnconfirmed[0m
        [36m</button>[39m
        [36m<div[39m
          [33maria-label[39m=[32m"Filter by team"[39m
          [33mclass[39m=[32m"flex gap-1.5 overflow-x-auto pb-1"[39m
          [33mrole[39m=[32m"group"[39m
        [36m>[39m
          [36m<button[39m
            [33maria-pressed[39m=[32m"true"[39m
            [33mclass[39m=[32m"shrink-0 rounded-full px-2.5 py-1 text-[11px] font-semibold uppercase tracking-wider transition-colors bg-ion-white text-black"[39m
            [33mtype[39m=[32m"button"[39m
          [36m>[39m
            [0mAll teams[0m
          [36m</button>[39m
        [36m</div>[39m
        [36m<div[39m
          [33maria-label[39m=[32m"Sort order"[39m
          [33mclass[39m=[32m"flex rounded-full border border-mineral p-0.5"[39m
          [33mrole[39m=[32m"group"[39m
        [36m>[39m
          [36m<button[39m
            [33maria-pressed[39m=[32m"true"[39m
            [33mclass[39m=[32m"rounded-full px-2.5 py-1 text-[11px] font-semibold uppercase tracking-wider bg-orbital-cyan/20 text-orbital-cyan"[39m
            [33mtype[39m=[32m"button"[39m
          [36m>[39m
            [0mStrongest[0m
          [36m</button>[39m
          [36m<button[39m
            [33maria-pressed[39m=[32m"false"[39m
            [33mclass[39m=[32m"rounded-full px-2.5 py-1 text-[11px] font-semibold uppercase tracking-wider text-ion-2"[39m
            [33mtype[39m=[32m"button"[39m
          [36m>[39m
            [0mNewest[0m
          [36m</button>[39m
        [36m</div>[39m
        [36m<label[39m
          [33mclass[39m=[32m"ml-auto flex cursor-pointer items-center gap-2 text-[11px] font-semibold uppercase tracking-wider text-ion-2"[39m
        [36m>[39m
          [36m<input[39m
            [33mclass[39m=[32m"h-3.5 w-3.5 accent-[#FF4D2E]"[39m
            [33mtype[39m=[32m"checkbox"[39m
          [36m/>[39m
          [0mQuiet the noise (hot only)[0m
        [36m</label>[39m
      [36m</div>[39m
      [36m<div[39m
        [33mclass[39m=[32m"space-y-2.5"[39m
      [36m>[39m
        [36m<div[39m
          [33mclass[39m=[32m"surface-card p-8 text-center"[39m
        [36m>[39m
          [36m<p[39m
            [33mclass[39m=[32m"font-display text-xl text-ion-white"[39m
          [36m>[39m
            [0mThe wire is quiet on this frequency.[0m
          [36m</p>[39m
          [36m<p[39m
            [33mclass[39m=[32m"mx-auto mt-1 max-w-md text-sm text-ion-2"[39m
          [36m>[39m
            [0mNothing at this tier, team, or heat level right now. That is the filter talking, not the newsroom. Loosen it and the wire comes back.[0m
          [36m</p>[39m
          [36m<button[39m
            [33mclass[39m=[32m"mt-4 rounded-full bg-ion-white px-4 py-1.5 text-[11px] font-bold uppercase tracking-wider text-black"[39m
            [33mtype[39m=[32m"button"[39m
          [36m>[39m
            [0mReset the wire[0m
          [36m</button>[39m
        [36m</div>[39m
      [36m</div>[39m
    [36m</div>[39m
  [36m</div>[39m
[36m</body>[39m
[90m [2m❯[22m Object.getElementError ../../node_modules/@testing-library/dom/dist/config.js:[2m37:19[22m[39m
[90m [2m❯[22m ../../node_modules/@testing-library/dom/dist/query-helpers.js:[2m76:38[22m[39m
[90m [2m❯[22m ../../node_modules/@testing-library/dom/dist/query-helpers.js:[2m52:17[22m[39m
[90m [2m❯[22m ../../node_modules/@testing-library/dom/dist/query-helpers.js:[2m95:19[22m[39m
[36m [2m❯[22m __tests__/news-customer-truth.test.tsx:[2m20:19[22m[39m
    [90m 18| [39m  [34mit[39m([32m"shows an empty honest state for a fresh empty live wire"[39m[33m,[39m () [33m=>[39m {
    [90m 19| [39m    [34mrender[39m([33m<[39m[33mTheBeat[39m [33mliveWire[39m[33m=[39m[33m{[39m[][33m}[39m [33m/[39m[33m>[39m)[33m;[39m
    [90m 20| [39m    [34mexpect[39m(screen[33m.[39m[34mgetByText[39m([36m/no fresh reports/i[39m))[33m.[39m[34mtoBeTruthy[39m()[33m;[39m
    [90m   | [39m                  [31m^[39m
    [90m 21| [39m    [34mexpect[39m(screen[33m.[39m[34mqueryByText[39m([36m/sample feed/i[39m))[33m.[39m[34mtoBeNull[39m()[33m;[39m
    [90m 22| [39m  })[33m;[39m

[31m[2m⎯⎯⎯⎯⎯⎯⎯⎯⎯⎯⎯⎯⎯⎯⎯⎯⎯⎯⎯⎯⎯⎯[16/29]⎯[22m[39m

[31m[1m[7m FAIL [27m[22m[39m __tests__/news-customer-truth.test.tsx[2m > [22mTheBeat customer truth[2m > [22mnever renders tier weights as measured reliability percentages
[31m[1mAssertionError[22m: expected '<div class="space-y-5"><span class="i…' not to match /reliability \d+%/i[39m

[32m- Expected:[39m 
/reliability \d+%/i

[31m+ Received:[39m 
"<div class=\"space-y-5\"><span class=\"inline-flex items-center gap-1.5 rounded-full px-3 py-1 text-[11px] font-bold uppercase tracking-wider\" style=\"background: rgba(196, 191, 182, 0.11); color: rgb(196, 191, 182);\">Live wire · headlines via public feeds · no items in window</span><div class=\"grid grid-cols-2 gap-3 sm:grid-cols-4\" data-testid=\"beat-pulse\"><div class=\"surface-card p-3\"><p class=\"font-numerals text-[10px] uppercase tracking-[0.16em] text-ion-3\">On the wire</p><p class=\"mt-1 font-display text-2xl text-ion-white\">0</p></div><div class=\"surface-card p-3\"><p class=\"font-numerals text-[10px] uppercase tracking-[0.16em] text-ion-3\">Confirmed</p><p class=\"mt-1 font-display text-2xl\" style=\"color: rgb(196, 191, 182);\">0</p></div><div class=\"surface-card p-3\"><p class=\"font-numerals text-[10px] uppercase tracking-[0.16em] text-ion-3\">Hot now</p><p class=\"mt-1 font-display text-2xl\" style=\"color: rgb(255, 77, 46);\">0</p></div><div class=\"surface-card min-w-0 p-3\"><p class=\"font-numerals text-[10px] uppercase tracking-[0.16em] text-ion-3\">Top signal</p><p class=\"mt-1 truncate text-sm font-semibold text-ion-white\">n/a</p></div></div><div class=\"surface-card flex flex-wrap items-center gap-3 p-4\"><span class=\"text-[10px] uppercase tracking-[0.18em] text-ion-3\">Source tier</span><button type=\"button\" aria-pressed=\"true\" class=\"rounded-full px-2.5 py-1 text-[11px] font-semibold uppercase tracking-wider\" style=\"background: rgba(255, 255, 255, 0.12); color: rgb(255, 255, 255);\">All</button><button type=\"button\" aria-pressed=\"false\" class=\"rounded-full px-2.5 py-1 text-[11px] font-semibold uppercase tracking-wider transition-colors\" style=\"background: transparent; color: rgb(196, 191, 182); box-shadow: none;\" title=\"reliability 100%\">Insider</button><button type=\"button\" aria-pressed=\"false\" class=\"rounded-full px-2.5 py-1 text-[11px] font-semibold uppercase tracking-wider transition-colors\" style=\"background: transparent; color: rgb(255, 77, 46); box-shadow: none;\" title=\"reliability 85%\">Beat</button><button type=\"button\" aria-pressed=\"false\" class=\"rounded-full px-2.5 py-1 text-[11px] font-semibold uppercase tracking-wider transition-colors\" style=\"background: transparent; color: rgb(196, 191, 182); box-shadow: none;\" title=\"reliability 70%\">Verified</button><button type=\"button\" aria-pressed=\"false\" class=\"rounded-full px-2.5 py-1 text-[11px] font-semibold uppercase tracking-wider transition-colors\" style=\"background: transparent; color: rgb(159, 179, 200); box-shadow: none;\" title=\"reliability 45%\">Aggregator</button><button type=\"button\" aria-pressed=\"false\" class=\"rounded-full px-2.5 py-1 text-[11px] font-semibold uppercase tracking-wider transition-colors\" style=\"background: transparent; color: rgb(91, 102, 117); box-shadow: none;\" title=\"reliability 20%\">Unconfirmed</button><div class=\"flex gap-1.5 overflow-x-auto pb-1\" role=\"group\" aria-label=\"Filter by team\"><button type=\"button\" aria-pressed=\"true\" class=\"shrink-0 rounded-full px-2.5 py-1 text-[11px] font-semibold uppercase tracking-wider transition-colors bg-ion-white text-black\">All teams</button></div><div class=\"flex rounded-full border border-mineral p-0.5\" role=\"group\" aria-label=\"Sort order\"><button type=\"button\" aria-pressed=\"true\" class=\"rounded-full px-2.5 py-1 text-[11px] font-semibold uppercase tracking-wider bg-orbital-cyan/20 text-orbital-cyan\">Strongest</button><button type=\"button\" aria-pressed=\"false\" class=\"rounded-full px-2.5 py-1 text-[11px] font-semibold uppercase tracking-wider text-ion-2\">Newest</button></div><label class=\"ml-auto flex cursor-pointer items-center gap-2 text-[11px] font-semibold uppercase tracking-wider text-ion-2\"><input type=\"checkbox\" class=\"h-3.5 w-3.5 accent-[#FF4D2E]\">Quiet the noise (hot only)</label></div><div class=\"space-y-2.5\"><div class=\"surface-card p-8 text-center\"><p class=\"font-display text-xl text-ion-white\">The wire is quiet on this frequency.</p><p class=\"mx-auto mt-1 max-w-md text-sm text-ion-2\">Nothing at this tier, team, or heat level right now. That is the filter talking, not the newsroom. Loosen it and the wire comes back.</p><button type=\"button\" class=\"mt-4 rounded-full bg-ion-white px-4 py-1.5 text-[11px] font-bold uppercase tracking-wider text-black\">Reset the wire</button></div></div></div>"

[36m [2m❯[22m __tests__/news-customer-truth.test.tsx:[2m26:37[22m[39m
    [90m 24| [39m  [34mit[39m([32m"never renders tier weights as measured reliability percentages"[39m[33m,[39m…
    [90m 25| [39m    [35mconst[39m { container } [33m=[39m [34mrender[39m([33m<[39m[33mTheBeat[39m [33mliveWire[39m[33m=[39m[33m{[39m[][33m}[39m [33m/[39m[33m>[39m)[33m;[39m
    [90m 26| [39m    [34mexpect[39m(container[33m.[39minnerHTML)[33m.[39mnot[33m.[39m[34mtoMatch[39m([36m/reliability \d+%/i[39m)[33m;[39m
    [90m   | [39m                                    [31m^[39m
    [90m 27| [39m  })[33m;[39m
    [90m 28| [39m})[33m;[39m

[31m[2m⎯⎯⎯⎯⎯⎯⎯⎯⎯⎯⎯⎯⎯⎯⎯⎯⎯⎯⎯⎯⎯⎯[17/29]⎯[22m[39m

[31m[1m[7m FAIL [27m[22m[39m lib/fantasy/dfs-optimizer.test.ts[2m > [22mdfs optimizer — exact DP correctness proof[2m > [22mmatches brute-force optimum exactly on a clear (non-tied) pool, cash mode
[31m[1mAssertionError[22m: expected 120.5 to be close to 119, received difference is 1.5, but expected 5e-7[39m
[36m [2m❯[22m assertExactOptimum lib/fantasy/dfs-optimizer.test.ts:[2m87:19[22m[39m
    [90m 85| [39m  [34mexpect[39m([34msalaryOfLocal[39m(dp[33m![39m))[33m.[39m[34mtoBeLessThanOrEqual[39m([33mSALARY_CAP[39m)[33m;[39m
    [90m 86| [39m  [35mconst[39m dpValue [33m=[39m dp[33m![39m[33m.[39m[34mreduce[39m((s[33m,[39m p) [33m=>[39m s [33m+[39m [34mobjValRef[39m(p[33m,[39m mode)[33m,[39m [34m0[39m)[33m;[39m
    [90m 87| [39m  [34mexpect[39m(dpValue)[33m.[39m[34mtoBeCloseTo[39m(bfValue[33m,[39m [34m6[39m)[33m;[39m
    [90m   | [39m                  [31m^[39m
    [90m 88| [39m  [35mconst[39m dpKey [33m=[39m dp[33m![39m[33m.[39m[34mmap[39m((p) [33m=>[39m p[33m.[39mid)[33m.[39m[34msort[39m()[33m.[39m[34mjoin[39m([32m","[39m)[33m;[39m
    [90m 89| [39m  [35mconst[39m bfKeys [33m=[39m bfLineups[33m.[39m[34mmap[39m((lu) [33m=>[39m lu[33m.[39m[34mmap[39m((p) [33m=>[39m p[33m.[39mid)[33m.[39m[34msort[39m()[33m.[39m[34mjoin[39m…
[90m [2m❯[22m lib/fantasy/dfs-optimizer.test.ts:[2m113:5[22m[39m

[31m[2m⎯⎯⎯⎯⎯⎯⎯⎯⎯⎯⎯⎯⎯⎯⎯⎯⎯⎯⎯⎯⎯⎯[18/29]⎯[22m[39m

[31m[1m[7m FAIL [27m[22m[39m lib/fantasy/dfs-optimizer.test.ts[2m > [22mdfs optimizer — exact DP correctness proof[2m > [22mmatches brute-force optimum exactly on a clear (non-tied) pool, gpp mode
[31m[1mAssertionError[22m: expected 218 to be close to 214, received difference is 4, but expected 5e-7[39m
[36m [2m❯[22m assertExactOptimum lib/fantasy/dfs-optimizer.test.ts:[2m87:19[22m[39m
    [90m 85| [39m  [34mexpect[39m([34msalaryOfLocal[39m(dp[33m![39m))[33m.[39m[34mtoBeLessThanOrEqual[39m([33mSALARY_CAP[39m)[33m;[39m
    [90m 86| [39m  [35mconst[39m dpValue [33m=[39m dp[33m![39m[33m.[39m[34mreduce[39m((s[33m,[39m p) [33m=>[39m s [33m+[39m [34mobjValRef[39m(p[33m,[39m mode)[33m,[39m [34m0[39m)[33m;[39m
    [90m 87| [39m  [34mexpect[39m(dpValue)[33m.[39m[34mtoBeCloseTo[39m(bfValue[33m,[39m [34m6[39m)[33m;[39m
    [90m   | [39m                  [31m^[39m
    [90m 88| [39m  [35mconst[39m dpKey [33m=[39m dp[33m![39m[33m.[39m[34mmap[39m((p) [33m=>[39m p[33m.[39mid)[33m.[39m[34msort[39m()[33m.[39m[34mjoin[39m([32m","[39m)[33m;[39m
    [90m 89| [39m  [35mconst[39m bfKeys [33m=[39m bfLineups[33m.[39m[34mmap[39m((lu) [33m=>[39m lu[33m.[39m[34mmap[39m((p) [33m=>[39m p[33m.[39mid)[33m.[39m[34msort[39m()[33m.[39m[34mjoin[39m…
[90m [2m❯[22m lib/fantasy/dfs-optimizer.test.ts:[2m117:5[22m[39m

[31m[2m⎯⎯⎯⎯⎯⎯⎯⎯⎯⎯⎯⎯⎯⎯⎯⎯⎯⎯⎯⎯⎯⎯[19/29]⎯[22m[39m

[31m[1m[7m FAIL [27m[22m[39m lib/fantasy/dfs-optimizer.test.ts[2m > [22mdfs optimizer — exact DP correctness proof[2m > [22mmatches brute-force optimum exactly on a clear (non-tied) pool, leverage mode
[31m[1mAssertionError[22m: expected 259.0029637029637 to be close to 175.5346404864949, received difference is 83.4683232164688, but expected 5e-7[39m
[36m [2m❯[22m assertExactOptimum lib/fantasy/dfs-optimizer.test.ts:[2m87:19[22m[39m
    [90m 85| [39m  [34mexpect[39m([34msalaryOfLocal[39m(dp[33m![39m))[33m.[39m[34mtoBeLessThanOrEqual[39m([33mSALARY_CAP[39m)[33m;[39m
    [90m 86| [39m  [35mconst[39m dpValue [33m=[39m dp[33m![39m[33m.[39m[34mreduce[39m((s[33m,[39m p) [33m=>[39m s [33m+[39m [34mobjValRef[39m(p[33m,[39m mode)[33m,[39m [34m0[39m)[33m;[39m
    [90m 87| [39m  [34mexpect[39m(dpValue)[33m.[39m[34mtoBeCloseTo[39m(bfValue[33m,[39m [34m6[39m)[33m;[39m
    [90m   | [39m                  [31m^[39m
    [90m 88| [39m  [35mconst[39m dpKey [33m=[39m dp[33m![39m[33m.[39m[34mmap[39m((p) [33m=>[39m p[33m.[39mid)[33m.[39m[34msort[39m()[33m.[39m[34mjoin[39m([32m","[39m)[33m;[39m
    [90m 89| [39m  [35mconst[39m bfKeys [33m=[39m bfLineups[33m.[39m[34mmap[39m((lu) [33m=>[39m lu[33m.[39m[34mmap[39m((p) [33m=>[39m p[33m.[39mid)[33m.[39m[34msort[39m()[33m.[39m[34mjoin[39m…
[90m [2m❯[22m lib/fantasy/dfs-optimizer.test.ts:[2m121:5[22m[39m

[31m[2m⎯⎯⎯⎯⎯⎯⎯⎯⎯⎯⎯⎯⎯⎯⎯⎯⎯⎯⎯⎯⎯⎯[20/29]⎯[22m[39m

[31m[1m[7m FAIL [27m[22m[39m lib/fantasy/dfs-optimizer.test.ts[2m > [22mdfs optimizer — exact DP correctness proof[2m > [22mresolves a genuine tie to a value-optimal lineup (two interchangeable QBs)
[31m[1mAssertionError[22m: expected 218 to be close to 214, received difference is 4, but expected 5e-7[39m
[36m [2m❯[22m assertExactOptimum lib/fantasy/dfs-optimizer.test.ts:[2m87:19[22m[39m
    [90m 85| [39m  [34mexpect[39m([34msalaryOfLocal[39m(dp[33m![39m))[33m.[39m[34mtoBeLessThanOrEqual[39m([33mSALARY_CAP[39m)[33m;[39m
    [90m 86| [39m  [35mconst[39m dpValue [33m=[39m dp[33m![39m[33m.[39m[34mreduce[39m((s[33m,[39m p) [33m=>[39m s [33m+[39m [34mobjValRef[39m(p[33m,[39m mode)[33m,[39m [34m0[39m)[33m;[39m
    [90m 87| [39m  [34mexpect[39m(dpValue)[33m.[39m[34mtoBeCloseTo[39m(bfValue[33m,[39m [34m6[39m)[33m;[39m
    [90m   | [39m                  [31m^[39m
    [90m 88| [39m  [35mconst[39m dpKey [33m=[39m dp[33m![39m[33m.[39m[34mmap[39m((p) [33m=>[39m p[33m.[39mid)[33m.[39m[34msort[39m()[33m.[39m[34mjoin[39m([32m","[39m)[33m;[39m
    [90m 89| [39m  [35mconst[39m bfKeys [33m=[39m bfLineups[33m.[39m[34mmap[39m((lu) [33m=>[39m lu[33m.[39m[34mmap[39m((p) [33m=>[39m p[33m.[39mid)[33m.[39m[34msort[39m()[33m.[39m[34mjoin[39m…
[90m [2m❯[22m lib/fantasy/dfs-optimizer.test.ts:[2m132:27[22m[39m

[31m[2m⎯⎯⎯⎯⎯⎯⎯⎯⎯⎯⎯⎯⎯⎯⎯⎯⎯⎯⎯⎯⎯⎯[21/29]⎯[22m[39m

[31m[1m[7m FAIL [27m[22m[39m lib/fantasy/dfs-optimizer.test.ts[2m > [22mdfs optimizer — exact DP correctness proof[2m > [22mmatches brute-force optimum under a lock + stack intersection (locks constrain, stack binds)
[31m[1mAssertionError[22m: expected null not to be null[39m
[36m [2m❯[22m lib/fantasy/dfs-optimizer.test.ts:[2m155:20[22m[39m
    [90m153| [39m    }
    [90m154| [39m    [34mexpect[39m(bestKeys[33m.[39mlength)[33m.[39m[34mtoBeGreaterThan[39m([34m0[39m)[33m;[39m [90m// fixture really has [39m…
    [90m155| [39m    [34mexpect[39m(dp)[33m.[39mnot[33m.[39m[34mtoBeNull[39m()[33m;[39m
    [90m   | [39m                   [31m^[39m
    [90m156| [39m    [34mexpect[39m(dp[33m![39m[33m.[39m[34msome[39m((p) [33m=>[39m p[33m.[39mid [33m===[39m [32m"r1"[39m))[33m.[39m[34mtoBe[39m([35mtrue[39m)[33m;[39m
    [90m157| [39m    [34mexpect[39m(dp[33m![39m[33m.[39m[34mreduce[39m((s[33m,[39m p) [33m=>[39m s [33m+[39m [34mobjValRef[39m(p[33m,[39m [32m"gpp"[39m)[33m,[39m [34m0[39m))[33m.[39m[34mtoBeClose[39m…

[31m[2m⎯⎯⎯⎯⎯⎯⎯⎯⎯⎯⎯⎯⎯⎯⎯⎯⎯⎯⎯⎯⎯⎯[22/29]⎯[22m[39m

[31m[1m[7m FAIL [27m[22m[39m lib/fantasy/dfs-optimizer.test.ts[2m > [22mdfs optimizer — exact DP correctness proof[2m > [22mpicks the higher-value player for FLEX across positions (TE beats RB in FLEX)
[31m[1mAssertionError[22m: expected 218 to be close to 216, received difference is 2, but expected 5e-7[39m
[36m [2m❯[22m assertExactOptimum lib/fantasy/dfs-optimizer.test.ts:[2m87:19[22m[39m
    [90m 85| [39m  [34mexpect[39m([34msalaryOfLocal[39m(dp[33m![39m))[33m.[39m[34mtoBeLessThanOrEqual[39m([33mSALARY_CAP[39m)[33m;[39m
    [90m 86| [39m  [35mconst[39m dpValue [33m=[39m dp[33m![39m[33m.[39m[34mreduce[39m((s[33m,[39m p) [33m=>[39m s [33m+[39m [34mobjValRef[39m(p[33m,[39m mode)[33m,[39m [34m0[39m)[33m;[39m
    [90m 87| [39m  [34mexpect[39m(dpValue)[33m.[39m[34mtoBeCloseTo[39m(bfValue[33m,[39m [34m6[39m)[33m;[39m
    [90m   | [39m                  [31m^[39m
    [90m 88| [39m  [35mconst[39m dpKey [33m=[39m dp[33m![39m[33m.[39m[34mmap[39m((p) [33m=>[39m p[33m.[39mid)[33m.[39m[34msort[39m()[33m.[39m[34mjoin[39m([32m","[39m)[33m;[39m
    [90m 89| [39m  [35mconst[39m bfKeys [33m=[39m bfLineups[33m.[39m[34mmap[39m((lu) [33m=>[39m lu[33m.[39m[34mmap[39m((p) [33m=>[39m p[33m.[39mid)[33m.[39m[34msort[39m()[33m.[39m[34mjoin[39m…
[90m [2m❯[22m lib/fantasy/dfs-optimizer.test.ts:[2m170:20[22m[39m

[31m[2m⎯⎯⎯⎯⎯⎯⎯⎯⎯⎯⎯⎯⎯⎯⎯⎯⎯⎯⎯⎯⎯⎯[23/29]⎯[22m[39m

[31m[1m[7m FAIL [27m[22m[39m lib/fantasy/dfs-optimizer.test.ts[2m > [22mdfs optimizer — exact DP correctness proof[2m > [22mreturns null when the pool cannot fill a required slot (no TE at all)
[31m[1mAssertionError[22m: expected [ { id: 'dqb1', …(9) }, …(8) ] to be null[39m

[32m- Expected:[39m 
null

[31m+ Received:[39m 
Array [
  Object {
    "ceiling": 34,
    "floor": 14,
    "id": "dqb1",
    "name": "Silas Hart",
    "opp": "DAL",
    "own": 0.18,
    "pos": "QB",
    "proj": 22.5,
    "salary": 7600,
    "team": "PHI",
  },
  Object {
    "ceiling": 26,
    "floor": 6,
    "id": "drb5",
    "name": "K.J. Ferris",
    "opp": "CIN",
    "own": 0.1,
    "pos": "RB",
    "proj": 14.5,
    "salary": 6000,
    "team": "BAL",
  },
  Object {
    "ceiling": 19,
    "floor": 3,
    "id": "drb7",
    "name": "Andre Soto",
    "opp": "IND",
    "own": 0.05,
    "pos": "RB",
    "proj": 9.5,
    "salary": 4600,
    "team": "HOU",
  },
  Object {
    "ceiling": 29,
    "floor": 7,
    "id": "dwr3",
    "name": "Emory Banks",
    "opp": "SEA",
    "own": 0.13,
    "pos": "WR",
    "proj": 16,
    "salary": 6800,
    "team": "LAR",
  },
  Object {
    "ceiling": 28,
    "floor": 8,
    "id": "dwr0",
    "name": "Quincy Ohm",
    "opp": "DAL",
    "own": 0.15,
    "pos": "WR",
    "proj": 16.5,
    "salary": 6900,
    "team": "PHI",
  },
  Object {
    "ceiling": 27,
    "floor": 7,
    "id": "dwr0b",
    "name": "Xavier Poole",
    "opp": "CIN",
    "own": 0.12,
    "pos": "WR",
    "proj": 15,
    "salary": 6300,
    "team": "BAL",
  },
  Object {
    "ceiling": 13,
    "floor": 1,
    "id": "dte5",
    "name": "Ivan Mraz",
    "opp": "SEA",
    "own": 0.02,
    "pos": "TE",
    "proj": 5,
    "salary": 3000,
    "team": "LAR",
  },
  Object {
    "ceiling": 26,
    "floor": 4,
    "id": "dwr6",
    "name": "Noah Castille",
    "opp": "DEN",
    "own": 0.09,
    "pos": "WR",
    "proj": 12,
    "salary": 5400,
    "team": "KC",
  },
  Object {
    "ceiling": 16,
    "floor": 2,
    "id": "ddst2",
    "name": "Falcons DST",
    "opp": "TB",
    "own": 0.1,
    "pos": "DST",
    "proj": 8,
    "salary": 3400,
    "team": "ATL",
  },
]

[36m [2m❯[22m assertExactOptimum lib/fantasy/dfs-optimizer.test.ts:[2m79:16[22m[39m
    [90m 77| [39m
    [90m 78| [39m  [35mif[39m (bfLineups[33m.[39mlength [33m===[39m [34m0[39m) {
    [90m 79| [39m    [34mexpect[39m(dp)[33m.[39m[34mtoBeNull[39m()[33m;[39m
    [90m   | [39m               [31m^[39m
    [90m 80| [39m    [35mreturn[39m { bfLineups[33m,[39m dp }[33m;[39m
    [90m 81| [39m  }
[90m [2m❯[22m lib/fantasy/dfs-optimizer.test.ts:[2m177:5[22m[39m

[31m[2m⎯⎯⎯⎯⎯⎯⎯⎯⎯⎯⎯⎯⎯⎯⎯⎯⎯⎯⎯⎯⎯⎯[24/29]⎯[22m[39m

[31m[1m[7m FAIL [27m[22m[39m lib/fantasy/dfs-optimizer.test.ts[2m > [22mdfs optimizer — exact DP correctness proof[2m > [22mreturns null when the cheapest feasible lineup still exceeds the cap
[31m[1mAssertionError[22m: expected [ { id: 'dqb1', …(9) }, …(8) ] to be null[39m

[32m- Expected:[39m 
null

[31m+ Received:[39m 
Array [
  Object {
    "ceiling": 34,
    "floor": 14,
    "id": "dqb1",
    "name": "Silas Hart",
    "opp": "DAL",
    "own": 0.18,
    "pos": "QB",
    "proj": 22.5,
    "salary": 7600,
    "team": "PHI",
  },
  Object {
    "ceiling": 26,
    "floor": 6,
    "id": "drb5",
    "name": "K.J. Ferris",
    "opp": "CIN",
    "own": 0.1,
    "pos": "RB",
    "proj": 14.5,
    "salary": 6000,
    "team": "BAL",
  },
  Object {
    "ceiling": 19,
    "floor": 3,
    "id": "drb7",
    "name": "Andre Soto",
    "opp": "IND",
    "own": 0.05,
    "pos": "RB",
    "proj": 9.5,
    "salary": 4600,
    "team": "HOU",
  },
  Object {
    "ceiling": 29,
    "floor": 7,
    "id": "dwr3",
    "name": "Emory Banks",
    "opp": "SEA",
    "own": 0.13,
    "pos": "WR",
    "proj": 16,
    "salary": 6800,
    "team": "LAR",
  },
  Object {
    "ceiling": 28,
    "floor": 8,
    "id": "dwr0",
    "name": "Quincy Ohm",
    "opp": "DAL",
    "own": 0.15,
    "pos": "WR",
    "proj": 16.5,
    "salary": 6900,
    "team": "PHI",
  },
  Object {
    "ceiling": 27,
    "floor": 7,
    "id": "dwr0b",
    "name": "Xavier Poole",
    "opp": "CIN",
    "own": 0.12,
    "pos": "WR",
    "proj": 15,
    "salary": 6300,
    "team": "BAL",
  },
  Object {
    "ceiling": 13,
    "floor": 1,
    "id": "dte5",
    "name": "Ivan Mraz",
    "opp": "SEA",
    "own": 0.02,
    "pos": "TE",
    "proj": 5,
    "salary": 3000,
    "team": "LAR",
  },
  Object {
    "ceiling": 26,
    "floor": 4,
    "id": "dwr6",
    "name": "Noah Castille",
    "opp": "DEN",
    "own": 0.09,
    "pos": "WR",
    "proj": 12,
    "salary": 5400,
    "team": "KC",
  },
  Object {
    "ceiling": 16,
    "floor": 2,
    "id": "ddst2",
    "name": "Falcons DST",
    "opp": "TB",
    "own": 0.1,
    "pos": "DST",
    "proj": 8,
    "salary": 3400,
    "team": "ATL",
  },
]

[36m [2m❯[22m lib/fantasy/dfs-optimizer.test.ts:[2m183:67[22m[39m
    [90m181| [39m  [34mit[39m([32m"returns null when the cheapest feasible lineup still exceeds the[39m…
    [90m182| [39m    [35mconst[39m pricey [33m=[39m [33mPOOL_CLEAR[39m[33m.[39m[34mmap[39m((p) [33m=>[39m ({ [33m...[39mp[33m,[39m salary[33m:[39m p[33m.[39msalary [33m+[39m [34m1[39m…
    [90m183| [39m    [34mexpect[39m([34moptimizeOne[39m([34mbase[39m({ mode[33m:[39m [32m"gpp"[39m })[33m,[39m undefined[33m,[39m pricey))[33m.[39m[34mtoBe[39m…
    [90m   | [39m                                                                  [31m^[39m
    [90m184| [39m  })[33m;[39m
    [90m185| [39m

[31m[2m⎯⎯⎯⎯⎯⎯⎯⎯⎯⎯⎯⎯⎯⎯⎯⎯⎯⎯⎯⎯⎯⎯[25/29]⎯[22m[39m

[31m[1m[7m FAIL [27m[22m[39m lib/fantasy/dfs-optimizer.test.ts[2m > [22mdfs optimizer — exact DP correctness proof[2m > [22mmatches brute-force optimum exactly with stack required (validates the branch-and-bound team pruning)
[31m[1mAssertionError[22m: expected 218 to be close to 214, received difference is 4, but expected 5e-7[39m
[36m [2m❯[22m assertExactOptimum lib/fantasy/dfs-optimizer.test.ts:[2m87:19[22m[39m
    [90m 85| [39m  [34mexpect[39m([34msalaryOfLocal[39m(dp[33m![39m))[33m.[39m[34mtoBeLessThanOrEqual[39m([33mSALARY_CAP[39m)[33m;[39m
    [90m 86| [39m  [35mconst[39m dpValue [33m=[39m dp[33m![39m[33m.[39m[34mreduce[39m((s[33m,[39m p) [33m=>[39m s [33m+[39m [34mobjValRef[39m(p[33m,[39m mode)[33m,[39m [34m0[39m)[33m;[39m
    [90m 87| [39m  [34mexpect[39m(dpValue)[33m.[39m[34mtoBeCloseTo[39m(bfValue[33m,[39m [34m6[39m)[33m;[39m
    [90m   | [39m                  [31m^[39m
    [90m 88| [39m  [35mconst[39m dpKey [33m=[39m dp[33m![39m[33m.[39m[34mmap[39m((p) [33m=>[39m p[33m.[39mid)[33m.[39m[34msort[39m()[33m.[39m[34mjoin[39m([32m","[39m)[33m;[39m
    [90m 89| [39m  [35mconst[39m bfKeys [33m=[39m bfLineups[33m.[39m[34mmap[39m((lu) [33m=>[39m lu[33m.[39m[34mmap[39m((p) [33m=>[39m p[33m.[39mid)[33m.[39m[34msort[39m()[33m.[39m[34mjoin[39m…
[90m [2m❯[22m lib/fantasy/dfs-optimizer.test.ts:[2m196:5[22m[39m

[31m[2m⎯⎯⎯⎯⎯⎯⎯⎯⎯⎯⎯⎯⎯⎯⎯⎯⎯⎯⎯⎯⎯⎯[26/29]⎯[22m[39m

[31m[1m[7m FAIL [27m[22m[39m lib/fantasy/dfs-optimizer.test.ts[2m > [22mdfs optimizer — exact DP correctness proof[2m > [22mstack pruning still finds the true optimum when the best-bound team turns out cap-infeasible
[31m[1mAssertionError[22m: expected 218 to be close to 214, received difference is 4, but expected 5e-7[39m
[36m [2m❯[22m assertExactOptimum lib/fantasy/dfs-optimizer.test.ts:[2m87:19[22m[39m
    [90m 85| [39m  [34mexpect[39m([34msalaryOfLocal[39m(dp[33m![39m))[33m.[39m[34mtoBeLessThanOrEqual[39m([33mSALARY_CAP[39m)[33m;[39m
    [90m 86| [39m  [35mconst[39m dpValue [33m=[39m dp[33m![39m[33m.[39m[34mreduce[39m((s[33m,[39m p) [33m=>[39m s [33m+[39m [34mobjValRef[39m(p[33m,[39m mode)[33m,[39m [34m0[39m)[33m;[39m
    [90m 87| [39m  [34mexpect[39m(dpValue)[33m.[39m[34mtoBeCloseTo[39m(bfValue[33m,[39m [34m6[39m)[33m;[39m
    [90m   | [39m                  [31m^[39m
    [90m 88| [39m  [35mconst[39m dpKey [33m=[39m dp[33m![39m[33m.[39m[34mmap[39m((p) [33m=>[39m p[33m.[39mid)[33m.[39m[34msort[39m()[33m.[39m[34mjoin[39m([32m","[39m)[33m;[39m
    [90m 89| [39m  [35mconst[39m bfKeys [33m=[39m bfLineups[33m.[39m[34mmap[39m((lu) [33m=>[39m lu[33m.[39m[34mmap[39m((p) [33m=>[39m p[33m.[39mid)[33m.[39m[34msort[39m()[33m.[39m[34mjoin[39m…
[90m [2m❯[22m lib/fantasy/dfs-optimizer.test.ts:[2m208:5[22m[39m

[31m[2m⎯⎯⎯⎯⎯⎯⎯⎯⎯⎯⎯⎯⎯⎯⎯⎯⎯⎯⎯⎯⎯⎯[27/29]⎯[22m[39m

[31m[1m[7m FAIL [27m[22m[39m lib/fantasy/dfs-optimizer.test.ts[2m > [22mdfs optimizer[2m > [22mgenerateLineups is deterministic — identical lineups and exposure across runs
[31m[1mAssertionError[22m: expected [ …(6) ] to deeply equal [ …(6) ][39m

[32m- Expected[39m
[31m+ Received[39m

[2m  Array [[22m
[2m    Array [[22m
[2m      "dqb1",[22m
[2m      "drb5",[22m
[2m      "drb7",[22m
[32m-     "dwr3",[39m
[2m      "dwr0",[22m
[2m      "dwr0b",[22m
[32m-     "dte5",[39m
[2m      "dwr6",[22m
[32m-     "ddst2",[39m
[31m+     "dte2",[39m
[31m+     "dwr5",[39m
[31m+     "ddst5",[39m
[2m    ],[22m
[2m    Array [[22m
[2m      "dqb2",[22m
[2m      "drb3",[22m
[2m      "drb6",[22m
[32m-     "dwr5",[39m
[32m-     "dwr7",[39m
[31m+     "dwr3",[39m
[2m      "dwr0b",[22m
[31m+     "dwr9",[39m
[2m      "dte1",[22m
[32m-     "dte4",[39m
[31m+     "dte5",[39m
[2m      "ddst1",[22m
[2m    ],[22m
[2m    Array [[22m
[2m      "dqb3",[22m
[31m+     "drb1",[39m
[2m      "drb2",[22m
[32m-     "drb8",[39m
[2m      "dwr2",[22m
[32m-     "dwr4",[39m
[2m      "dwr6",[22m
[32m-     "dte2",[39m
[32m-     "dwr9",[39m
[32m-     "ddst4",[39m
[31m+     "dwr10",[39m
[31m+     "dte3",[39m
[31m+     "dte4",[39m
[31m+     "ddst3",[39m
[2m    ],[22m
[2m    Array [[22m
[2m      "dqb1",[22m
[32m-     "drb1",[39m
[2m      "drb5",[22m
[31m+     "drb8",[39m
[31m+     "dwr3",[39m
[2m      "dwr0",[22m
[32m-     "dwr6",[39m
[31m+     "dwr7",[39m
[31m+     "dte1",[39m
[2m      "dwr8",[22m
[32m-     "dte3",[39m
[32m-     "dwr10",[39m
[32m-     "ddst3",[39m
[31m+     "ddst4",[39m
[2m    ],[22m
[2m    Array [[22m
[2m      "dqb2",[22m
[32m-     "drb3",[39m
[32m-     "drb6",[39m
[31m+     "drb7",[39m
[31m+     "drb9",[39m
[2m      "dwr1",[22m
[32m-     "dwr3",[39m
[31m+     "dwr4",[39m
[2m      "dwr0b",[22m
[32m-     "dte4",[39m
[32m-     "drb9",[39m
[32m-     "ddst5",[39m
[31m+     "dte3",[39m
[31m+     "dwr6",[39m
[31m+     "ddst2",[39m
[2m    ],[22m
[2m    Array [[22m
[2m      "dqb1",[22m
[2m      "drb5",[22m
[32m-     "drb7",[39m
[31m+     "drb6",[39m
[31m+     "dwr3",[39m
[2m      "dwr0",[22m
[32m-     "dwr5",[39m
[2m      "dwr6",[22m
[32m-     "dte1",[39m
[32m-     "dwr7",[39m
[32m-     "ddst5",[39m
[31m+     "dte2",[39m
[31m+     "dte5",[39m
[31m+     "ddst1",[39m
[2m    ],[22m
[2m  ][22m

[36m [2m❯[22m lib/fantasy/dfs-optimizer.test.ts:[2m289:62[22m[39m
    [90m287| [39m    [35mconst[39m a [33m=[39m [34mgenerateLineups[39m([34mbase[39m({ mode[33m:[39m [32m"gpp"[39m[33m,[39m stack[33m:[39m [35mtrue[39m })[33m,[39m [34m6[39m)[33m;[39m
    [90m288| [39m    [35mconst[39m b [33m=[39m [34mgenerateLineups[39m([34mbase[39m({ mode[33m:[39m [32m"gpp"[39m[33m,[39m stack[33m:[39m [35mtrue[39m })[33m,[39m [34m6[39m)[33m;[39m
    [90m289| [39m    [34mexpect[39m(a[33m.[39mlineups[33m.[39m[34mmap[39m((l) [33m=>[39m l[33m.[39mplayers[33m.[39m[34mmap[39m((p) [33m=>[39m p[33m.[39mid)))[33m.[39m[34mtoEqual[39m(b…
    [90m   | [39m                                                             [31m^[39m
    [90m290| [39m    [34mexpect[39m(a[33m.[39mexposure)[33m.[39m[34mtoEqual[39m(b[33m.[39mexposure)[33m;[39m
    [90m291| [39m  })[33m;[39m

[31m[2m⎯⎯⎯⎯⎯⎯⎯⎯⎯⎯⎯⎯⎯⎯⎯⎯⎯⎯⎯⎯⎯⎯[28/29]⎯[22m[39m

[31m[1m[7m FAIL [27m[22m[39m lib/fantasy/dfs-optimizer.test.ts[2m > [22mdfs optimizer[2m > [22mcontains no Math.random anywhere — the solver is fully deterministic
[31m[1mAssertionError[22m: expected '/**\n * DFS Optimizer engine — salary…' not to match /Math\.random/[39m

[32m- Expected:[39m 
/Math\.random/

[31m+ Received:[39m 
"/**
 * DFS Optimizer engine — salary-cap lineup optimization, glass-box.
 *
 * Beats a black-box optimizer on three axes: (1) it optimises for the right
 * objective (cash=projection, GPP=ceiling, leverage=contrarian ceiling vs.
 * ownership), (2) it builds many UNIQUE lineups with real exposure control and
 * stacking, and (3) every lineup ships with the WHY — salary, stack, total
 * ownership, and a leverage score. Illustrative slate.
 *
 * Two layers, in order:
 *   1. `optimizeHeuristic` — randomised multi-start + steepest-ascent hill-climb.
 *      Browser-cheap, no optimality guarantee (it was measured ~0.4–1.8% short
 *      of the optimum on the shipped slate by `scripts/dfs/oracle.py`).
 *   2. `optimizeExact` — branch-and-bound over the same model, seeded by (1) and
 *      pruned with a fractional-knapsack bound. `optimizeOne` runs this; the
 *      public \"best lineup\" claim is checked against an independent CP-SAT
 *      oracle (`scripts/dfs/oracle.py`, `python scripts/dfs/oracle.py`).
 */

import { DFS_SLOTS, SALARY_CAP, leverage, type DfsPlayer, type DfsPos } from \"./dfs-slate\";
import { activeDfsSlate } from \"@/lib/integrations/dfs\";

export type Mode = \"cash\" | \"gpp\" | \"leverage\";
export type OptOpts = {
  readonly mode: Mode;
  readonly stack: boolean;
  readonly locks: ReadonlySet<string>;
  readonly excludes: ReadonlySet<string>;
};

const FLEX_POS: DfsPos[] = [\"RB\", \"WR\", \"TE\"];
export const eligible = (p: DfsPlayer, slot: DfsPos | \"FLEX\"): boolean =>
  slot === \"FLEX\" ? FLEX_POS.includes(p.pos) : p.pos === slot;

export function objVal(p: DfsPlayer, mode: Mode): number {
  if (mode === \"cash\") return p.proj;
  if (mode === \"gpp\") return p.ceiling;
  return leverage(p) * 6 + p.ceiling * 0.45; // leverage: contrarian ceiling
}

export type Lineup = readonly DfsPlayer[];

export const salaryOf = (lu: Lineup) => lu.reduce((s, p) => s + p.salary, 0);
export const objOf = (lu: Lineup, mode: Mode) => lu.reduce((s, p) => s + objVal(p, mode), 0);

function qbStackCount(lu: Lineup): { team: string | null; stacked: number } {
  const qb = lu.find((p) => p.pos === \"QB\");
  if (!qb) return { team: null, stacked: 0 };
  const stacked = lu.filter((p) => p.id !== qb.id && p.team === qb.team && (p.pos === \"WR\" || p.pos === \"TE\")).length;
  return { team: qb.team, stacked };
}

function buildRandom(pool: readonly DfsPlayer[], opts: OptOpts, pen: (p: DfsPlayer) => number): DfsPlayer[] | null {
  const cand = pool.filter((p) => !opts.excludes.has(p.id));
  if (!cand.length) return null;
  const minSal = Math.min(...cand.map((p) => p.salary));
  const lineup: (DfsPlayer | null)[] = DFS_SLOTS.map(() => null);
  const used = new Set<string>();

  for (const id of opts.locks) {
    const pl = cand.find((p) => p.id === id);
    if (!pl || used.has(id)) continue;
    const slot = DFS_SLOTS.findIndex((s, i) => lineup[i] === null && eligible(pl, s));
    if (slot < 0) return null;
    lineup[slot] = pl; used.add(id);
  }

  for (let i = 0; i < DFS_SLOTS.length; i++) {
    if (lineup[i]) continue;
    const slot = DFS_SLOTS[i]!;
    const capUsed = lineup.reduce((s, p) => s + (p?.salary ?? 0), 0);
    const slotsAfter = lineup.filter((p, j) => j > i && p === null).length;
    const maxSpend = SALARY_CAP - capUsed - minSal * slotsAfter;
    const options = cand
      .filter((p) => !used.has(p.id) && eligible(p, slot) && p.salary <= maxSpend)
      .sort((a, b) => objVal(b, opts.mode) - pen(b) - (objVal(a, opts.mode) - pen(a)));
    if (!options.length) return null;
    const k = Math.min(5, options.length);
    const pick = options[Math.floor(Math.random() * k)]!;
    lineup[i] = pick; used.add(pick.id);
  }
  return lineup as DfsPlayer[];
}

function hillClimb(lu: DfsPlayer[], pool: readonly DfsPlayer[], opts: OptOpts): DfsPlayer[] {
  const cand = pool.filter((p) => !opts.excludes.has(p.id));
  const cur = [...lu];
  let improving = true;
  let guard = 0;
  while (improving && guard++ < 40) {
    improving = false;
    let bestGain = 0;
    let bestSwap: { i: number; p: DfsPlayer } | null = null;
    for (let i = 0; i < DFS_SLOTS.length; i++) {
      if (opts.locks.has(cur[i]!.id)) continue;
      const slot = DFS_SLOTS[i]!;
      const inLineup = new Set(cur.map((p) => p.id));
      for (const c of cand) {
        if (inLineup.has(c.id) || !eligible(c, slot)) continue;
        const next = [...cur]; next[i] = c;
        if (salaryOf(next) > SALARY_CAP) continue;
        const gain = objOf(next, opts.mode) - objOf(cur, opts.mode);
        if (gain > bestGain) { bestGain = gain; bestSwap = { i, p: c }; }
      }
    }
    if (bestSwap) { cur[bestSwap.i] = bestSwap.p; improving = true; }
  }
  return cur;
}

/** Try to add a same-team WR/TE for the lineup's current QB. Returns null if impossible. */
function stackToQb(lu: DfsPlayer[], pool: readonly DfsPlayer[], opts: OptOpts): DfsPlayer[] | null {
  const qb = lu.find((p) => p.pos === \"QB\");
  if (!qb) return null;
  const cand = pool
    .filter((p) => !opts.excludes.has(p.id) && p.team === qb.team && (p.pos === \"WR\" || p.pos === \"TE\"))
    .sort((a, b) => objVal(b, opts.mode) - objVal(a, opts.mode));
  if (!cand.length) return null;
  const inLineup = new Set(lu.map((p) => p.id));
  const swappable = lu
    .map((p, i) => ({ p, i }))
    .filter(({ p }) => (p.pos === \"WR\" || p.pos === \"TE\") && !opts.locks.has(p.id))
    .sort((a, b) => objVal(a.p, opts.mode) - objVal(b.p, opts.mode));
  for (const { i } of swappable) {
    for (const c of cand) {
      if (inLineup.has(c.id)) continue;
      const next = [...lu]; next[i] = c;
      if (salaryOf(next) <= SALARY_CAP && DFS_SLOTS.every((s, j) => eligible(next[j]!, s))) return next;
    }
  }
  return null;
}

function enforceStack(lu: DfsPlayer[], pool: readonly DfsPlayer[], opts: OptOpts): DfsPlayer[] {
  if (qbStackCount(lu).stacked >= 1) return lu;

  // 1) try to stack a pass-catcher onto the current QB
  const stacked = stackToQb(lu, pool, opts);
  if (stacked) return stacked;

  // 2) fallback: the QB has no available pass-catcher. If the QB isn't locked,
  //    swap in the best stackable QB (one with same-team catchers) and stack that.
  const qbIdx = DFS_SLOTS.indexOf(\"QB\");
  if (qbIdx < 0 || opts.locks.has(lu[qbIdx]!.id)) return lu;
  const inLineup = new Set(lu.map((p) => p.id));
  const altQbs = pool
    .filter((p) => p.pos === \"QB\" && !opts.excludes.has(p.id) && !inLineup.has(p.id))
    .filter((q) => pool.some((c) => c.team === q.team && (c.pos === \"WR\" || c.pos === \"TE\") && !opts.excludes.has(c.id)))
    .sort((a, b) => objVal(b, opts.mode) - objVal(a, opts.mode));
  for (const q of altQbs) {
    const swapped = [...lu]; swapped[qbIdx] = q;
    if (salaryOf(swapped) > SALARY_CAP) continue;
    const done = stackToQb(swapped, pool, opts);
    if (done) return done;
  }
  return lu;
}

/**
 * Randomised multi-start + hill-climb. Fast enough for the browser and used to
 * SEED the exact search below — on its own it has no optimality guarantee
 * (`scripts/dfs/oracle.py` measures the regret, and finds it).
 */
export function optimizeHeuristic(opts: OptOpts, pen: (p: DfsPlayer) => number = () => 0, restarts = 60, slate: readonly DfsPlayer[] = activeDfsSlate()): DfsPlayer[] | null {
  let best: DfsPlayer[] | null = null;
  let bestObj = -Infinity;
  for (let r = 0; r < restarts; r++) {
    let lu = buildRandom(slate, opts, pen);
    if (!lu) continue;
    lu = hillClimb(lu, slate, opts);
    if (opts.stack) lu = enforceStack(lu, slate, opts);
    if (salaryOf(lu) > SALARY_CAP) continue;
    const o = objOf(lu, opts.mode);
    if (o > bestObj) { bestObj = o; best = lu; }
  }
  return best;
}

/** A player's contribution to the search objective (mode value minus penalty). */
const searchValue = (p: DfsPlayer, mode: Mode, pen: (q: DfsPlayer) => number): number => objVal(p, mode) - pen(p);

const slotAccepts = (slot: DfsPos | \"FLEX\", p: DfsPlayer): boolean => eligible(p, slot);

/**
 * Exact branch-and-bound over the slot list.
 *
 * Why it exists: the product ships a \"best\" lineup. The heuristic above can be
 * beaten — measured, not theorised: `scripts/dfs/oracle.py` (CP-SAT) beat it on
 * 4/6 shipped-slate cases and 23/78 synthetic cases, by up to 5.9%. This search
 * closes that gap in-engine, and makes `stack: true` a real constraint instead
 * of a preference the fallback could silently drop.
 *
 * Correctness: pruning only ever discards branches whose admissible bound (the
 * fractional-knapsack relaxation of the remaining slots, respecting
 * distinctness and the salary cap) cannot beat the incumbent, so the result is
 * optimal *if* the node budget was not exhausted — and never worse than the
 * heuristic seed that starts it. When `stack: true` is asked for, the seed only
 * counts as an incumbent if it actually stacks, so a stack-constrained result
 * can score below an unstacked seed: the hard constraint wins over the number.
 */
export function optimizeExact(
  opts: OptOpts,
  pen: (p: DfsPlayer) => number = () => 0,
  restarts = 60,
  slate: readonly DfsPlayer[] = activeDfsSlate(),
  nodeBudget = 400_000,
  cap = SALARY_CAP,
): DfsPlayer[] | null {
  const cand = slate.filter((p) => !opts.excludes.has(p.id));
  if (!cand.length) return null;

  const byId = new Map(cand.map((p) => [p.id, p]));
  const used = new Set<string>();
  const chosen: DfsPlayer[] = new Array(DFS_SLOTS.length);

  const stackable = (lu: readonly (DfsPlayer | undefined)[]): boolean => {
    const filled = lu.filter((p): p is DfsPlayer => Boolean(p));
    return qbStackCount(filled).stacked >= 1;
  };

  const seed = optimizeHeuristic(opts, pen, restarts, slate);

  // 1) locks are hard: place each locked player in a distinct legal slot first.
  const lockIds = [...opts.locks];
  for (const id of lockIds) {
    const p = byId.get(id);
    if (!p) return seed ?? null; // unknown pinned player (not on slate) — do not invent a lineup
    let placed = false;
    for (let i = 0; i < DFS_SLOTS.length; i++) {
      if (chosen[i] === undefined && slotAccepts(DFS_SLOTS[i]!, p)) {
        chosen[i] = p; used.add(id); placed = true; break;
      }
    }
    if (!placed) return seed ?? null;
  }

  // The heuristic seed is only a valid incumbent when it satisfies the stack
  // constraint the caller asked for; otherwise it is kept purely as a
  // last-resort fallback for slates that cannot stack at all.
  const seedOk = seed !== null && (!opts.stack || stackable(seed));
  let best: DfsPlayer[] | null = seedOk ? seed : null;
  const fallback: DfsPlayer[] | null = seedOk ? null : seed;
  let bestVal = best ? best.reduce((s, p) => s + searchValue(p, opts.mode, pen), 0) : -Infinity;

  // 2) Search structures, index-based. The hot loop allocates nothing, hashes
  // nothing and never re-derives a value: candidate index arrays + typed arrays.
  type PoolKey = 0 | 1 | 2; // 0 SKILL (RB/WR/TE incl. FLEX), 1 QB, 2 DST
  const n = cand.length;
  const idxOf = new Map<string, number>(cand.map((p, i) => [p.id, i]));
  const VALUE = new Float64Array(n);
  const SALARY = new Int32Array(n);
  const POOL = new Int8Array(n);
  const poolOfPos = (pos: DfsPos): PoolKey => (pos === \"QB\" ? 1 : pos === \"DST\" ? 2 : 0);
  for (let i = 0; i < n; i++) {
    const p = cand[i]!;
    VALUE[i] = searchValue(p, opts.mode, pen);
    SALARY[i] = p.salary;
    POOL[i] = poolOfPos(p.pos);
  }
  const usedIdx = new Uint8Array(n);
  for (const p of chosen) if (p) usedIdx[idxOf.get(p.id)!] = 1;

  /** candidate indices per slot, best value first (drives the search order) */
  const lists: number[][] = DFS_SLOTS.map((slot) =>
    Array.from({ length: n }, (_, i) => i)
      .filter((i) => !usedIdx[i] && slotAccepts(slot, cand[i]!))
      .sort((a, b) => VALUE[b]! - VALUE[a]!));

  const free: number[] = [];
  for (let i = 0; i < DFS_SLOTS.length; i++) if (chosen[i] === undefined) free.push(i);
  // most-constrained-first: fewer candidates searched earlier = earlier pruning
  free.sort((a, b) => lists[a]!.length - lists[b]!.length);
  if (free.some((i) => lists[i]!.length === 0)) return best ?? fallback;

  // per-slot pool, and suffix counts of the pools still to be filled — so a node
  // reads its remaining quotas in O(1) instead of walking the slot list
  const slotName = (idx: number): string => String(DFS_SLOTS[idx]);
  const slotPool = free.map((i) => poolOfPos((slotName(i) === \"FLEX\" ? \"WR\" : slotName(i)) as DfsPos));
  const remSkill = new Int32Array(free.length + 1);
  const remQB = new Int32Array(free.length + 1);
  const remDST = new Int32Array(free.length + 1);
  for (let d = free.length - 1; d >= 0; d--) {
    const isSkill = slotPool[d] === 0 ? 1 : 0;
    remSkill[d] = remSkill[d + 1]! + isSkill;
    remQB[d] = remQB[d + 1]! + (slotPool[d] === 1 ? 1 : 0);
    remDST[d] = remDST[d + 1]! + (slotPool[d] === 2 ? 1 : 0);
  }

  // cheapest-first index order per pool (salary floor) and value-per-salary
  // order across all candidates (fractional-knapsack bound). Both fixed once.
  const cheapByPool: number[][] = [[], [], []];
  for (let i = 0; i < n; i++) cheapByPool[POOL[i]!]!.push(i);
  for (const l of cheapByPool) l.sort((a, b) => SALARY[a]! - SALARY[b]!);
  const ratio = Array.from({ length: n }, (_, i) => i).sort((a, b) => VALUE[b]! / SALARY[b]! - VALUE[a]! / SALARY[a]!);

  /** lower bound on the salary of the cheapest completion of one pool */
  const floorFor = (poolIdx: PoolKey, k: number): number => {
    if (k === 0) return 0;
    let s = 0;
    let m = 0;
    for (const i of cheapByPool[poolIdx]!) {
      if (usedIdx[i]) continue;
      s += SALARY[i]!;
      if (++m === k) return s;
    }
    return Infinity; // not enough distinct players remain
  };

  let salary = chosen.reduce((s, p) => s + (p ? p.salary : 0), 0);
  let val = chosen.reduce((s, p) => s + (p ? searchValue(p, opts.mode, pen) : 0), 0);
  let nodes = 0;
  let exhausted = false;

  const dfs = (depth: number): void => {
    if (exhausted) return;
    if (++nodes > nodeBudget) { exhausted = true; return; }
    if (depth === free.length) {
      if (opts.stack && !stackable(chosen)) return;
      if (salary > cap) return;
      if (val > bestVal + 1e-9) {
        bestVal = val;
        best = [...chosen] as DfsPlayer[];
      }
      return;
    }

    const slotIdx = free[depth]!;
    const kSkill = remSkill[depth + 1]!;
    const kQB = remQB[depth + 1]!;
    const kDST = remDST[depth + 1]!;

    for (const ci of lists[slotIdx]!) {
      if (usedIdx[ci]) continue;
      const nextSalary = salary + SALARY[ci]!;

      usedIdx[ci] = 1;
      // salary floor: cheapest possible completion of each remaining pool
      const floor = floorFor(0, kSkill) + floorFor(1, kQB) + floorFor(2, kDST);
      if (nextSalary + floor > cap) { usedIdx[ci] = 0; continue; }

      // admissible bound: this pick + the fractional-knapsack relaxation of
      // what the remaining slots could add within the leftover salary
      const v = VALUE[ci]!;
      let left = cap - nextSalary;
      let bound = val + v;
      for (const qi of ratio) {
        if (left <= 0) break;
        if (usedIdx[qi]) continue;
        const qp = POOL[qi]!;
        if ((qp === 0 ? kSkill : qp === 1 ? kQB : kDST) <= 0) continue; // group full
        const qv = VALUE[qi]!;
        const qs = SALARY[qi]!;
        if (qs <= left) {
          bound += qv > 0 ? qv : 0;
          left -= qs;
        } else {
          bound += (qv > 0 ? qv : 0) * (left / qs); // fractional last item
          break;
        }
      }
      if (bound <= bestVal + 1e-9) { usedIdx[ci] = 0; continue; }

      const p = cand[ci]!;
      chosen[slotIdx] = p;
      salary = nextSalary;
      val += v;

      // stack feasibility: once the QB is placed, a same-team catcher must still
      // be reachable from the remaining slots
      let stackOk = true;
      if (opts.stack && !stackable(chosen)) {
        const qb = (chosen.filter(Boolean) as DfsPlayer[]).find((q) => q.pos === \"QB\");
        let catchers = 0;
        if (qb) {
          for (let i = 0; i < n; i++) {
            const q = cand[i]!;
            if (!usedIdx[i] && q.team === qb.team && (q.pos === \"WR\" || q.pos === \"TE\")) catchers++;
          }
        } else {
          catchers = 1;
        }
        let catcherSlots = 0;
        for (let d = depth + 1; d < free.length; d++) {
          const s = slotName(free[d]!);
          if (s === \"WR\" || s === \"TE\" || s === \"FLEX\") catcherSlots++;
        }
        stackOk = catchers > 0 && catcherSlots > 0;
      }
      if (stackOk) dfs(depth + 1);

      chosen[slotIdx] = undefined as unknown as DfsPlayer;
      salary -= SALARY[ci]!;
      val -= v;
      usedIdx[ci] = 0;
      if (exhausted) return;
    }
  };

  dfs(0);
  if (process.env.DFS_SEARCH_DEBUG) {
    console.error(`[dfs-exact] nodes=${nodes} exhausted=${exhausted} budget=${nodeBudget} best=${bestVal} mode=${opts.mode} stack=${opts.stack}`);
  }
  return best ?? fallback;
}

/**
 * The public \"best lineup\" entry point: exact search seeded by the heuristic.
 * Falls back to the heuristic result alone if the slate is too large to search
 * within the node budget (the search returns its incumbent in that case, so the
 * result is never worse than the heuristic would have been).
 */
export function optimizeOne(opts: OptOpts, pen: (p: DfsPlayer) => number = () => 0, restarts = 60, slate: readonly DfsPlayer[] = activeDfsSlate(), nodeBudget = 400_000): DfsPlayer[] | null {
  return optimizeExact(opts, pen, restarts, slate, nodeBudget);
}


export type LineupMetrics = {
  readonly salary: number;
  readonly proj: number;
  readonly floor: number;
  readonly ceiling: number;
  readonly totalOwn: number; // sum of ownership points
  readonly leverageScore: number; // avg leverage
  readonly stackTeam: string | null;
  readonly stacked: number;
};

export function metrics(lu: Lineup): LineupMetrics {
  const { team, stacked } = qbStackCount(lu);
  return {
    salary: salaryOf(lu),
    proj: Math.round(lu.reduce((s, p) => s + p.proj, 0) * 10) / 10,
    floor: Math.round(lu.reduce((s, p) => s + p.floor, 0)),
    ceiling: Math.round(lu.reduce((s, p) => s + p.ceiling, 0)),
    totalOwn: Math.round(lu.reduce((s, p) => s + p.own * 100, 0)),
    leverageScore: Math.round((lu.reduce((s, p) => s + leverage(p), 0) / lu.length) * 100) / 100,
    stackTeam: team,
    stacked,
  };
}

export type GenResult = {
  readonly lineups: ReadonlyArray<{ players: Lineup; metrics: LineupMetrics }>;
  readonly exposure: ReadonlyArray<{ id: string; name: string; pos: DfsPos; count: number; pct: number }>;
  /** How many lineups the caller asked for. */
  readonly requested: number;
  /**
   * The search STOPPED before returning `requested` lineups. It is not a proof
   * that no further feasible lineup exists — sequential construction gives up
   * under the current locks, excludes, cap and exposure pressure. The UI says
   * \"stopped\", never \"exhausted\".
   */
  readonly partial: boolean;
  /**
   * The per-player exposure TARGET the prefix rule enforced (0-1). Realized
   * shares in `exposure` can exceed it on a short portfolio, because the rule
   * bans a player only once their running share has already reached it. The UI
   * discloses the target and labels the shares realized, never capped.
   */
  readonly exposureTarget: number;
};

/** Generate N unique lineups with exposure control. */
export function generateLineups(opts: OptOpts, count: number, maxExposure = 0.6, slate: readonly DfsPlayer[] = activeDfsSlate()): GenResult {
  const usage = new Map<string, number>();
  const seen = new Set<string>();
  const lineups: { players: Lineup; metrics: LineupMetrics }[] = [];

  const key = (lu: Lineup) => lu.map((p) => p.id).sort().join(\",\");

  for (let n = 0; n < count; n++) {
    // hard exclude players at max exposure
    const overexposed = new Set<string>();
    for (const [id, c] of usage) if (c / count >= maxExposure) overexposed.add(id);
    const dynOpts: OptOpts = { ...opts, excludes: new Set([...opts.excludes, ...overexposed]) };
    const pen = (p: DfsPlayer) => ((usage.get(p.id) ?? 0) / Math.max(1, n)) * 9; // soft diversity penalty

    let lu: DfsPlayer[] | null = null;
    for (let tries = 0; tries < 6; tries++) {
      // smaller node budget here: this loop runs per lineup and its job is
      // diversity, not single-lineup optimality (which /optimizer calls direct).
      const c = optimizeOne(dynOpts, pen, 40, slate, 20_000);
      if (c && !seen.has(key(c))) { lu = c; break; }
      if (c && tries === 5) lu = c; // accept dup as last resort
    }
    if (!lu) break;
    seen.add(key(lu));
    lineups.push({ players: lu, metrics: metrics(lu) });
    for (const p of lu) usage.set(p.id, (usage.get(p.id) ?? 0) + 1);
  }

  const byId = new Map(slate.map((p) => [p.id, p]));
  const exposure = [...usage.entries()]
    .map(([id, c]) => {
      const p = byId.get(id)!;
      return { id, name: p.name, pos: p.pos, count: c, pct: Math.round((c / Math.max(1, lineups.length)) * 100) };
    })
    .sort((a, b) => b.count - a.count);

  return {
    lineups,
    exposure,
    requested: count,
    partial: lineups.length < count,
    exposureTarget: maxExposure,
  };
}
"

[36m [2m❯[22m lib/fantasy/dfs-optimizer.test.ts:[2m325:21[22m[39m
    [90m323| [39m  [34mit[39m([32m"contains no Math.random anywhere — the solver is fully determini[39m…
    [90m324| [39m    [35mconst[39m src [33m=[39m [34mreadFileSync[39m([34mjoin[39m(__dirname[33m,[39m [32m"dfs-optimizer.ts"[39m)[33m,[39m [32m"utf[39m…
    [90m325| [39m    [34mexpect[39m(src)[33m.[39mnot[33m.[39m[34mtoMatch[39m([36m/Math\.random/[39m)[33m;[39m
    [90m   | [39m                    [31m^[39m
    [90m326| [39m  })[33m;[39m
    [90m327| [39m})[33m;[39m

[31m[2m⎯⎯⎯⎯⎯⎯⎯⎯⎯⎯⎯⎯⎯⎯⎯⎯⎯⎯⎯⎯⎯⎯[29/29]⎯[22m[39m

[2m Test Files [22m [1m[31m9 failed[39m[22m[2m | [22m[1m[32m1015 passed[39m[22m[2m | [22m[33m12 skipped[39m[90m (1036)[39m
[2m      Tests [22m [1m[31m29 failed[39m[22m[2m | [22m[1m[32m13922 passed[39m[22m[2m | [22m[33m97 skipped[39m[90m (14048)[39m
[2m   Start at [22m 14:53:29
[2m   Duration [22m 629.26s[2m (transform 345.36s, setup 376.90s, collect 1438.83s, tests 1841.11s, environment 2116.34s, prepare 289.48s)[22m

