category,metric_path,metric_title,free_full,rank,name,name_href,team,position,season_label,season_value,last_1,last_3,last_5,last_10,home,away,extra_json
advanced-teams,/nfl/advanced/teams/coverage/average-cushion-allowed,Average Cushion Allowed (Team Defense) | NFL Advanced Stats,no,1,Minnesota Vikings,,Minnesota Vikings,,2026,7.4,7.4,7.4,7.4,7.4,7.4,-,"{""2025"": ""4.8""}"
advanced-teams,/nfl/advanced/teams/coverage/average-cushion-allowed,Average Cushion Allowed (Team Defense) | NFL Advanced Stats,no,2,Washington Commanders,,Washington Commanders,,2026,6.4,6.4,6.4,6.4,6.4,-,6.4,"{""2025"": ""4.7""}"
advanced-teams,/nfl/advanced/teams/coverage/average-cushion-allowed,Average Cushion Allowed (Team Defense) | NFL Advanced Stats,no,3,New Orleans Saints,,New Orleans Saints,,2026,6.3,6.3,6.3,6.3,6.3,-,6.3,"{""2025"": ""5.3""}"
advanced-teams,/nfl/advanced/teams/coverage/average-cushion-allowed,Average Cushion Allowed (Team Defense) | NFL Advanced Stats,no,4,Houston Texans,,Houston Texans,,2026,6.0,6.0,6.0,6.0,6.0,6.0,-,"{""2025"": ""4.9""}"
advanced-teams,/nfl/advanced/teams/coverage/average-cushion-allowed,Average Cushion Allowed (Team Defense) | NFL Advanced Stats,no,5,Pittsburgh Steelers,,Pittsburgh Steelers,,2026,5.5,5.5,5.5,5.5,5.5,5.5,-,"{""2025"": ""5.0""}"
advanced-teams,/nfl/advanced/teams/coverage/average-depth-of-target-allowed,Avg Depth of Target Allowed | NFL Advanced Stats,no,1,Houston Texans,,Houston Texans,,2026,12.4,12.4,12.4,12.4,12.4,12.4,-,"{""2025"": ""8.5""}"
advanced-teams,/nfl/advanced/teams/coverage/average-depth-of-target-allowed,Avg Depth of Target Allowed | NFL Advanced Stats,no,2,Las Vegas Raiders,,Las Vegas Raiders,,2026,11.4,11.4,11.4,11.4,11.4,11.4,-,"{""2025"": ""7.5""}"
advanced-teams,/nfl/advanced/teams/coverage/average-depth-of-target-allowed,Avg Depth of Target Allowed | NFL Advanced Stats,no,3,Minnesota Vikings,,Minnesota Vikings,,2026,11.4,11.4,11.4,11.4,11.4,11.4,-,"{""2025"": ""6.7""}"
advanced-teams,/nfl/advanced/teams/coverage/average-depth-of-target-allowed,Avg Depth of Target Allowed | NFL Advanced Stats,no,4,Indianapolis Colts,,Indianapolis Colts,,2026,11.3,11.3,11.3,11.3,11.3,11.3,-,"{""2025"": ""8.0""}"
advanced-teams,/nfl/advanced/teams/coverage/average-depth-of-target-allowed,Avg Depth of Target Allowed | NFL Advanced Stats,no,5,Carolina Panthers,,Carolina Panthers,,2026,10.8,10.8,10.8,10.8,10.8,10.8,-,"{""2025"": ""7.8""}"
advanced-teams,/nfl/advanced/teams/coverage/explosive-reception-rate-allowed,Explosive Reception Rate Allowed | NFL Advanced Stats,no,1,Las Vegas Raiders,,Las Vegas Raiders,,2026,33.3%,33.3%,33.3%,33.3%,33.3%,33.3%,-,"{""2025"": ""10.3%""}"
advanced-teams,/nfl/advanced/teams/coverage/explosive-reception-rate-allowed,Explosive Reception Rate Allowed | NFL Advanced Stats,no,1,Minnesota Vikings,,Minnesota Vikings,,2026,33.3%,33.3%,33.3%,33.3%,33.3%,33.3%,-,"{""2025"": ""11.5%""}"
advanced-teams,/nfl/advanced/teams/coverage/explosive-reception-rate-allowed,Explosive Reception Rate Allowed | NFL Advanced Stats,no,3,Pittsburgh Steelers,,Pittsburgh Steelers,,2026,25.0%,25.0%,25.0%,25.0%,25.0%,25.0%,-,"{""2025"": ""13.4%""}"
advanced-teams,/nfl/advanced/teams/coverage/explosive-reception-rate-allowed,Explosive Reception Rate Allowed | NFL Advanced Stats,no,3,Houston Texans,,Houston Texans,,2026,25.0%,25.0%,25.0%,25.0%,25.0%,25.0%,-,"{""2025"": ""14.7%""}"
advanced-teams,/nfl/advanced/teams/coverage/explosive-reception-rate-allowed,Explosive Reception Rate Allowed | NFL Advanced Stats,no,5,Cleveland Browns,,Cleveland Browns,,2026,22.2%,22.2%,22.2%,22.2%,22.2%,-,22.2%,"{""2025"": ""14.0%""}"
advanced-teams,/nfl/advanced/teams/coverage/explosive-receptions-allowed,Explosive Receptions Allowed (Team Defense) | NFL Advanced Stats,no,1,Minnesota Vikings,,Minnesota Vikings,,2026,7,7,7,7,7,7,-,"{""2025"": ""32""}"
advanced-teams,/nfl/advanced/teams/coverage/explosive-receptions-allowed,Explosive Receptions Allowed (Team Defense) | NFL Advanced Stats,no,2,Detroit Lions,,Detroit Lions,,2026,6,6,6,6,6,6,-,"{""2025"": ""58""}"
advanced-teams,/nfl/advanced/teams/coverage/explosive-receptions-allowed,Explosive Receptions Allowed (Team Defense) | NFL Advanced Stats,no,3,Las Vegas Raiders,,Las Vegas Raiders,,2026,5,5,5,5,5,5,-,"{""2025"": ""37""}"
advanced-teams,/nfl/advanced/teams/coverage/explosive-receptions-allowed,Explosive Receptions Allowed (Team Defense) | NFL Advanced Stats,no,3,Chicago Bears,,Chicago Bears,,2026,5,5,5,5,5,-,5,"{""2025"": ""61""}"
advanced-teams,/nfl/advanced/teams/coverage/explosive-receptions-allowed,Explosive Receptions Allowed (Team Defense) | NFL Advanced Stats,no,3,Houston Texans,,Houston Texans,,2026,5,5,5,5,5,5,-,"{""2025"": ""47""}"
advanced-teams,/nfl/advanced/teams/coverage/left-aligned-fantasy-points-per-route-allowed,Left-Aligned WR FP/Route Allowed | NFL Advanced Stats,no,1,Los Angeles Rams,,Los Angeles Rams,,2026,0.65,0.65,0.65,0.65,0.65,0.65,-,"{""2025"": ""0.28""}"
advanced-teams,/nfl/advanced/teams/coverage/left-aligned-fantasy-points-per-route-allowed,Left-Aligned WR FP/Route Allowed | NFL Advanced Stats,no,2,Green Bay Packers,,Green Bay Packers,,2026,0.59,0.59,0.59,0.59,0.59,-,0.59,"{""2025"": ""0.27""}"
advanced-teams,/nfl/advanced/teams/coverage/left-aligned-fantasy-points-per-route-allowed,Left-Aligned WR FP/Route Allowed | NFL Advanced Stats,no,3,Indianapolis Colts,,Indianapolis Colts,,2026,0.52,0.52,0.52,0.52,0.52,0.52,-,"{""2025"": ""0.28""}"
advanced-teams,/nfl/advanced/teams/coverage/left-aligned-fantasy-points-per-route-allowed,Left-Aligned WR FP/Route Allowed | NFL Advanced Stats,no,4,Chicago Bears,,Chicago Bears,,2026,0.52,0.52,0.52,0.52,0.52,-,0.52,"{""2025"": ""0.34""}"
advanced-teams,/nfl/advanced/teams/coverage/left-aligned-fantasy-points-per-route-allowed,Left-Aligned WR FP/Route Allowed | NFL Advanced Stats,no,5,New England Patriots,,New England Patriots,,2026,0.46,0.46,0.46,0.46,0.46,-,0.46,"{""2025"": ""0.27""}"
advanced-teams,/nfl/advanced/teams/coverage/left-aligned-receptions-allowed,Left-Aligned WR Receptions Allowed | NFL Advanced Stats,no,1,New Orleans Saints,,New Orleans Saints,,2026,9,9,9,9,9,-,9,"{""2025"": ""89""}"
advanced-teams,/nfl/advanced/teams/coverage/left-aligned-receptions-allowed,Left-Aligned WR Receptions Allowed | NFL Advanced Stats,no,1,Detroit Lions,,Detroit Lions,,2026,9,9,9,9,9,9,-,"{""2025"": ""87""}"
advanced-teams,/nfl/advanced/teams/coverage/left-aligned-receptions-allowed,Left-Aligned WR Receptions Allowed | NFL Advanced Stats,no,1,Carolina Panthers,,Carolina Panthers,,2026,9,9,9,9,9,9,-,"{""2025"": ""85""}"
advanced-teams,/nfl/advanced/teams/coverage/left-aligned-receptions-allowed,Left-Aligned WR Receptions Allowed | NFL Advanced Stats,no,4,Baltimore Ravens,,Baltimore Ravens,,2026,8,8,8,8,8,-,8,"{""2025"": ""97""}"
advanced-teams,/nfl/advanced/teams/coverage/left-aligned-receptions-allowed,Left-Aligned WR Receptions Allowed | NFL Advanced Stats,no,4,Los Angeles Rams,,Los Angeles Rams,,2026,8,8,8,8,8,8,-,"{""2025"": ""107""}"
advanced-teams,/nfl/advanced/teams/coverage/left-aligned-target-rate-allowed,Left-Aligned WR Target Rate Allowed | NFL Advanced Stats,no,1,Las Vegas Raiders,,Las Vegas Raiders,,2026,31.4%,31.4%,31.4%,31.4%,31.4%,31.4%,-,"{""2025"": ""23.6%""}"
advanced-teams,/nfl/advanced/teams/coverage/left-aligned-target-rate-allowed,Left-Aligned WR Target Rate Allowed | NFL Advanced Stats,no,2,Cleveland Browns,,Cleveland Browns,,2026,29.2%,29.2%,29.2%,29.2%,29.2%,-,29.2%,"{""2025"": ""19.0%""}"
advanced-teams,/nfl/advanced/teams/coverage/left-aligned-target-rate-allowed,Left-Aligned WR Target Rate Allowed | NFL Advanced Stats,no,3,Dallas Cowboys,,Dallas Cowboys,,2026,28.1%,28.1%,28.1%,28.1%,28.1%,-,28.1%,"{""2025"": ""21.1%""}"
advanced-teams,/nfl/advanced/teams/coverage/left-aligned-target-rate-allowed,Left-Aligned WR Target Rate Allowed | NFL Advanced Stats,no,4,Carolina Panthers,,Carolina Panthers,,2026,27.3%,27.3%,27.3%,27.3%,27.3%,27.3%,-,"{""2025"": ""19.6%""}"
advanced-teams,/nfl/advanced/teams/coverage/left-aligned-target-rate-allowed,Left-Aligned WR Target Rate Allowed | NFL Advanced Stats,no,5,New York Giants,,New York Giants,,2026,26.1%,26.1%,26.1%,26.1%,26.1%,26.1%,-,"{""2025"": ""20.3%""}"
advanced-teams,/nfl/advanced/teams/coverage/left-aligned-targets-allowed,Left-Aligned WR Targets Allowed | NFL Advanced Stats,no,1,New Orleans Saints,,New Orleans Saints,,2026,13,13,13,13,13,-,13,"{""2025"": ""151""}"
advanced-teams,/nfl/advanced/teams/coverage/left-aligned-targets-allowed,Left-Aligned WR Targets Allowed | NFL Advanced Stats,no,1,Detroit Lions,,Detroit Lions,,2026,13,13,13,13,13,13,-,"{""2025"": ""155""}"
advanced-teams,/nfl/advanced/teams/coverage/left-aligned-targets-allowed,Left-Aligned WR Targets Allowed | NFL Advanced Stats,no,1,Minnesota Vikings,,Minnesota Vikings,,2026,13,13,13,13,13,13,-,"{""2025"": ""125""}"
advanced-teams,/nfl/advanced/teams/coverage/left-aligned-targets-allowed,Left-Aligned WR Targets Allowed | NFL Advanced Stats,no,4,New York Giants,,New York Giants,,2026,12,12,12,12,12,12,-,"{""2025"": ""148""}"
advanced-teams,/nfl/advanced/teams/coverage/left-aligned-targets-allowed,Left-Aligned WR Targets Allowed | NFL Advanced Stats,no,5,Las Vegas Raiders,,Las Vegas Raiders,,2026,11,11,11,11,11,11,-,"{""2025"": ""159""}"
advanced-teams,/nfl/advanced/teams/coverage/man-coverage-rate,Man Coverage Rate | NFL Advanced Stats,no,1,Indianapolis Colts,,Indianapolis Colts,,2026,66.7%,66.7%,66.7%,66.7%,66.7%,66.7%,-,"{""2025"": ""36.0%""}"
advanced-teams,/nfl/advanced/teams/coverage/man-coverage-rate,Man Coverage Rate | NFL Advanced Stats,no,2,Chicago Bears,,Chicago Bears,,2026,60.0%,60.0%,60.0%,60.0%,60.0%,-,60.0%,"{""2025"": ""41.4%""}"
advanced-teams,/nfl/advanced/teams/coverage/man-coverage-rate,Man Coverage Rate | NFL Advanced Stats,no,3,Denver Broncos,,Denver Broncos,,2026,58.6%,58.6%,58.6%,58.6%,58.6%,-,58.6%,"{""2025"": ""44.3%""}"
advanced-teams,/nfl/advanced/teams/coverage/man-coverage-rate,Man Coverage Rate | NFL Advanced Stats,no,4,New York Giants,,New York Giants,,2026,52.9%,52.9%,52.9%,52.9%,52.9%,52.9%,-,"{""2025"": ""39.9%""}"
advanced-teams,/nfl/advanced/teams/coverage/man-coverage-rate,Man Coverage Rate | NFL Advanced Stats,no,5,Dallas Cowboys,,Dallas Cowboys,,2026,45.2%,45.2%,45.2%,45.2%,45.2%,-,45.2%,"{""2025"": ""24.0%""}"
advanced-teams,/nfl/advanced/teams/coverage/passer-rating-vs-man,Passer Rating vs Man | NFL Advanced Stats,no,1,New York Jets,,New York Jets,,2026,79.2,79.2,79.2,79.2,79.2,158.3,79.2,"{""2025"": ""111.5""}"
advanced-teams,/nfl/advanced/teams/coverage/passer-rating-vs-man,Passer Rating vs Man | NFL Advanced Stats,no,1,Seattle Seahawks,,Seattle Seahawks,,2026,79.2,79.2,79.2,79.2,79.2,79.2,158.3,"{""2025"": ""87.0""}"
advanced-teams,/nfl/advanced/teams/coverage/passer-rating-vs-man,Passer Rating vs Man | NFL Advanced Stats,no,3,New Orleans Saints,,New Orleans Saints,,2026,85.4,85.4,85.4,85.4,85.4,158.3,85.4,"{""2025"": ""96.4""}"
advanced-teams,/nfl/advanced/teams/coverage/passer-rating-vs-man,Passer Rating vs Man | NFL Advanced Stats,no,4,Philadelphia Eagles,,Philadelphia Eagles,,2026,86.1,86.1,86.1,86.1,86.1,86.1,158.3,"{""2025"": ""74.6""}"
advanced-teams,/nfl/advanced/teams/coverage/passer-rating-vs-man,Passer Rating vs Man | NFL Advanced Stats,no,5,Minnesota Vikings,,Minnesota Vikings,,2026,88.7,88.7,88.7,88.7,88.7,88.7,158.3,"{""2025"": ""96.6""}"
advanced-teams,/nfl/advanced/teams/coverage/passer-rating-vs-zone,Passer Rating vs Zone | NFL Advanced Stats,no,1,Pittsburgh Steelers,,Pittsburgh Steelers,,2026,75.3,75.3,75.3,75.3,75.3,75.3,158.3,"{""2025"": ""95.6""}"
advanced-teams,/nfl/advanced/teams/coverage/passer-rating-vs-zone,Passer Rating vs Zone | NFL Advanced Stats,no,2,Denver Broncos,,Denver Broncos,,2026,78.1,78.1,78.1,78.1,78.1,158.3,78.1,"{""2025"": ""81.2""}"
advanced-teams,/nfl/advanced/teams/coverage/passer-rating-vs-zone,Passer Rating vs Zone | NFL Advanced Stats,no,3,Baltimore Ravens,,Baltimore Ravens,,2026,79.5,79.5,79.5,79.5,79.5,158.3,79.5,"{""2025"": ""89.3""}"
advanced-teams,/nfl/advanced/teams/coverage/passer-rating-vs-zone,Passer Rating vs Zone | NFL Advanced Stats,no,4,Green Bay Packers,,Green Bay Packers,,2026,80.2,80.2,80.2,80.2,80.2,158.3,80.2,"{""2025"": ""92.3""}"
advanced-teams,/nfl/advanced/teams/coverage/passer-rating-vs-zone,Passer Rating vs Zone | NFL Advanced Stats,no,5,Atlanta Falcons,,Atlanta Falcons,,2026,85.6,85.6,85.6,85.6,85.6,158.3,85.6,"{""2025"": ""98.8""}"
advanced-teams,/nfl/advanced/teams/coverage/perimeter-fantasy-points-per-route-allowed,Perimeter (Outside) WR FP/Route Allowed | NFL Advanced Stats,no,1,Houston Texans,,Houston Texans,,2026,0.69,0.69,0.69,0.69,0.69,0.69,-,"{""2025"": ""0.26""}"
advanced-teams,/nfl/advanced/teams/coverage/perimeter-fantasy-points-per-route-allowed,Perimeter (Outside) WR FP/Route Allowed | NFL Advanced Stats,no,2,Cleveland Browns,,Cleveland Browns,,2026,0.64,0.64,0.64,0.64,0.64,-,0.64,"{""2025"": ""0.33""}"
advanced-teams,/nfl/advanced/teams/coverage/perimeter-fantasy-points-per-route-allowed,Perimeter (Outside) WR FP/Route Allowed | NFL Advanced Stats,no,3,New England Patriots,,New England Patriots,,2026,0.58,0.58,0.58,0.58,0.58,-,0.58,"{""2025"": ""0.29""}"
advanced-teams,/nfl/advanced/teams/coverage/perimeter-fantasy-points-per-route-allowed,Perimeter (Outside) WR FP/Route Allowed | NFL Advanced Stats,no,4,Chicago Bears,,Chicago Bears,,2026,0.54,0.54,0.54,0.54,0.54,-,0.54,"{""2025"": ""0.28""}"
advanced-teams,/nfl/advanced/teams/coverage/perimeter-fantasy-points-per-route-allowed,Perimeter (Outside) WR FP/Route Allowed | NFL Advanced Stats,no,5,Green Bay Packers,,Green Bay Packers,,2026,0.51,0.51,0.51,0.51,0.51,-,0.51,"{""2025"": ""0.32""}"
advanced-teams,/nfl/advanced/teams/coverage/perimeter-receptions-allowed,Perimeter (Outside) WR Receptions Allowed | NFL Advanced Stats,no,1,Detroit Lions,,Detroit Lions,,2026,13,13,13,13,13,13,-,"{""2025"": ""120""}"
advanced-teams,/nfl/advanced/teams/coverage/perimeter-receptions-allowed,Perimeter (Outside) WR Receptions Allowed | NFL Advanced Stats,no,2,Minnesota Vikings,,Minnesota Vikings,,2026,12,12,12,12,12,12,-,"{""2025"": ""84""}"
advanced-teams,/nfl/advanced/teams/coverage/perimeter-receptions-allowed,Perimeter (Outside) WR Receptions Allowed | NFL Advanced Stats,no,3,Chicago Bears,,Chicago Bears,,2026,11,11,11,11,11,-,11,"{""2025"": ""111""}"
advanced-teams,/nfl/advanced/teams/coverage/perimeter-receptions-allowed,Perimeter (Outside) WR Receptions Allowed | NFL Advanced Stats,no,3,Cleveland Browns,,Cleveland Browns,,2026,11,11,11,11,11,-,11,"{""2025"": ""103""}"
advanced-teams,/nfl/advanced/teams/coverage/perimeter-receptions-allowed,Perimeter (Outside) WR Receptions Allowed | NFL Advanced Stats,no,5,Buffalo Bills,,Buffalo Bills,,2026,10,10,10,10,10,-,10,"{""2025"": ""98""}"
advanced-teams,/nfl/advanced/teams/coverage/perimeter-target-rate-allowed,Perimeter (Outside) WR Target Rate Allowed | NFL Advanced Stats,no,1,Arizona Cardinals,,Arizona Cardinals,,2026,33.3%,33.3%,33.3%,33.3%,33.3%,-,33.3%,"{""2025"": ""20.6%""}"
advanced-teams,/nfl/advanced/teams/coverage/perimeter-target-rate-allowed,Perimeter (Outside) WR Target Rate Allowed | NFL Advanced Stats,no,2,Cleveland Browns,,Cleveland Browns,,2026,31.6%,31.6%,31.6%,31.6%,31.6%,-,31.6%,"{""2025"": ""20.7%""}"
advanced-teams,/nfl/advanced/teams/coverage/perimeter-target-rate-allowed,Perimeter (Outside) WR Target Rate Allowed | NFL Advanced Stats,no,3,San Francisco 49ers,,San Francisco 49ers,,2026,31.0%,31.0%,31.0%,31.0%,31.0%,-,31.0%,"{""2025"": ""18.9%""}"
advanced-teams,/nfl/advanced/teams/coverage/perimeter-target-rate-allowed,Perimeter (Outside) WR Target Rate Allowed | NFL Advanced Stats,no,4,Houston Texans,,Houston Texans,,2026,29.8%,29.8%,29.8%,29.8%,29.8%,29.8%,-,"{""2025"": ""19.9%""}"
advanced-teams,/nfl/advanced/teams/coverage/perimeter-target-rate-allowed,Perimeter (Outside) WR Target Rate Allowed | NFL Advanced Stats,no,5,New England Patriots,,New England Patriots,,2026,29.3%,29.3%,29.3%,29.3%,29.3%,-,29.3%,"{""2025"": ""20.2%""}"
advanced-teams,/nfl/advanced/teams/coverage/perimeter-targets-allowed,Perimeter (Outside) WR Targets Allowed | NFL Advanced Stats,no,1,Minnesota Vikings,,Minnesota Vikings,,2026,20,20,20,20,20,20,-,"{""2025"": ""144""}"
advanced-teams,/nfl/advanced/teams/coverage/perimeter-targets-allowed,Perimeter (Outside) WR Targets Allowed | NFL Advanced Stats,no,2,Detroit Lions,,Detroit Lions,,2026,18,18,18,18,18,18,-,"{""2025"": ""212""}"
advanced-teams,/nfl/advanced/teams/coverage/perimeter-targets-allowed,Perimeter (Outside) WR Targets Allowed | NFL Advanced Stats,no,3,New Orleans Saints,,New Orleans Saints,,2026,15,15,15,15,15,-,15,"{""2025"": ""181""}"
advanced-teams,/nfl/advanced/teams/coverage/perimeter-targets-allowed,Perimeter (Outside) WR Targets Allowed | NFL Advanced Stats,no,3,Atlanta Falcons,,Atlanta Falcons,,2026,15,15,15,15,15,-,15,"{""2025"": ""208""}"
advanced-teams,/nfl/advanced/teams/coverage/perimeter-targets-allowed,Perimeter (Outside) WR Targets Allowed | NFL Advanced Stats,no,5,Buffalo Bills,,Buffalo Bills,,2026,14,14,14,14,14,-,14,"{""2025"": ""157""}"
advanced-teams,/nfl/advanced/teams/coverage/receptions-allowed,Receptions Allowed | NFL Advanced Stats,no,1,Pittsburgh Steelers,,Pittsburgh Steelers,,2026,12,12,12,12,12,12,-,"{""2025"": ""396""}"
advanced-teams,/nfl/advanced/teams/coverage/receptions-allowed,Receptions Allowed | NFL Advanced Stats,no,2,Washington Commanders,,Washington Commanders,,2026,14,14,14,14,14,-,14,"{""2025"": ""350""}"
advanced-teams,/nfl/advanced/teams/coverage/receptions-allowed,Receptions Allowed | NFL Advanced Stats,no,3,Green Bay Packers,,Green Bay Packers,,2026,15,15,15,15,15,-,15,"{""2025"": ""360""}"
advanced-teams,/nfl/advanced/teams/coverage/receptions-allowed,Receptions Allowed | NFL Advanced Stats,no,3,Las Vegas Raiders,,Las Vegas Raiders,,2026,15,15,15,15,15,15,-,"{""2025"": ""359""}"
advanced-teams,/nfl/advanced/teams/coverage/receptions-allowed,Receptions Allowed | NFL Advanced Stats,no,3,Denver Broncos,,Denver Broncos,,2026,15,15,15,15,15,-,15,"{""2025"": ""343""}"
advanced-teams,/nfl/advanced/teams/coverage/right-aligned-fantasy-points-per-route-allowed,Right-Aligned WR FP/Route Allowed | NFL Advanced Stats,no,1,Cleveland Browns,,Cleveland Browns,,2026,1.26,1.26,1.26,1.26,1.26,-,1.26,"{""2025"": ""0.30""}"
advanced-teams,/nfl/advanced/teams/coverage/right-aligned-fantasy-points-per-route-allowed,Right-Aligned WR FP/Route Allowed | NFL Advanced Stats,no,2,Tennessee Titans,,Tennessee Titans,,2026,0.63,0.63,0.63,0.63,0.63,0.63,-,"{""2025"": ""0.34""}"
advanced-teams,/nfl/advanced/teams/coverage/right-aligned-fantasy-points-per-route-allowed,Right-Aligned WR FP/Route Allowed | NFL Advanced Stats,no,3,Houston Texans,,Houston Texans,,2026,0.58,0.58,0.58,0.58,0.58,0.58,-,"{""2025"": ""0.23""}"
advanced-teams,/nfl/advanced/teams/coverage/right-aligned-fantasy-points-per-route-allowed,Right-Aligned WR FP/Route Allowed | NFL Advanced Stats,no,4,Carolina Panthers,,Carolina Panthers,,2026,0.55,0.55,0.55,0.55,0.55,0.55,-,"{""2025"": ""0.30""}"
advanced-teams,/nfl/advanced/teams/coverage/right-aligned-fantasy-points-per-route-allowed,Right-Aligned WR FP/Route Allowed | NFL Advanced Stats,no,5,Minnesota Vikings,,Minnesota Vikings,,2026,0.55,0.55,0.55,0.55,0.55,0.55,-,"{""2025"": ""0.27""}"
advanced-teams,/nfl/advanced/teams/coverage/right-aligned-receptions-allowed,Right-Aligned WR Receptions Allowed | NFL Advanced Stats,no,1,Detroit Lions,,Detroit Lions,,2026,11,11,11,11,11,11,-,"{""2025"": ""100""}"
advanced-teams,/nfl/advanced/teams/coverage/right-aligned-receptions-allowed,Right-Aligned WR Receptions Allowed | NFL Advanced Stats,no,2,Buffalo Bills,,Buffalo Bills,,2026,10,10,10,10,10,-,10,"{""2025"": ""90""}"
advanced-teams,/nfl/advanced/teams/coverage/right-aligned-receptions-allowed,Right-Aligned WR Receptions Allowed | NFL Advanced Stats,no,3,Chicago Bears,,Chicago Bears,,2026,8,8,8,8,8,-,8,"{""2025"": ""85""}"
advanced-teams,/nfl/advanced/teams/coverage/right-aligned-receptions-allowed,Right-Aligned WR Receptions Allowed | NFL Advanced Stats,no,3,Minnesota Vikings,,Minnesota Vikings,,2026,8,8,8,8,8,8,-,"{""2025"": ""71""}"
advanced-teams,/nfl/advanced/teams/coverage/right-aligned-receptions-allowed,Right-Aligned WR Receptions Allowed | NFL Advanced Stats,no,5,New England Patriots,,New England Patriots,,2026,7,7,7,7,7,-,7,"{""2025"": ""77""}"
advanced-teams,/nfl/advanced/teams/coverage/right-aligned-target-rate-allowed,Right-Aligned WR Target Rate Allowed | NFL Advanced Stats,no,1,Arizona Cardinals,,Arizona Cardinals,,2026,35.3%,35.3%,35.3%,35.3%,35.3%,-,35.3%,"{""2025"": ""21.6%""}"
advanced-teams,/nfl/advanced/teams/coverage/right-aligned-target-rate-allowed,Right-Aligned WR Target Rate Allowed | NFL Advanced Stats,no,2,Miami Dolphins,,Miami Dolphins,,2026,33.3%,33.3%,33.3%,33.3%,33.3%,-,33.3%,"{""2025"": ""20.0%""}"
advanced-teams,/nfl/advanced/teams/coverage/right-aligned-target-rate-allowed,Right-Aligned WR Target Rate Allowed | NFL Advanced Stats,no,3,Houston Texans,,Houston Texans,,2026,32.4%,32.4%,32.4%,32.4%,32.4%,32.4%,-,"{""2025"": ""19.5%""}"
advanced-teams,/nfl/advanced/teams/coverage/right-aligned-target-rate-allowed,Right-Aligned WR Target Rate Allowed | NFL Advanced Stats,no,4,Tennessee Titans,,Tennessee Titans,,2026,32.0%,32.0%,32.0%,32.0%,32.0%,32.0%,-,"{""2025"": ""19.9%""}"
advanced-teams,/nfl/advanced/teams/coverage/right-aligned-target-rate-allowed,Right-Aligned WR Target Rate Allowed | NFL Advanced Stats,no,5,New England Patriots,,New England Patriots,,2026,29.0%,29.0%,29.0%,29.0%,29.0%,-,29.0%,"{""2025"": ""18.7%""}"
advanced-teams,/nfl/advanced/teams/coverage/right-aligned-targets-allowed,Right-Aligned WR Targets Allowed | NFL Advanced Stats,no,1,Detroit Lions,,Detroit Lions,,2026,14,14,14,14,14,14,-,"{""2025"": ""161""}"
advanced-teams,/nfl/advanced/teams/coverage/right-aligned-targets-allowed,Right-Aligned WR Targets Allowed | NFL Advanced Stats,no,1,Minnesota Vikings,,Minnesota Vikings,,2026,14,14,14,14,14,14,-,"{""2025"": ""114""}"
advanced-teams,/nfl/advanced/teams/coverage/right-aligned-targets-allowed,Right-Aligned WR Targets Allowed | NFL Advanced Stats,no,3,Buffalo Bills,,Buffalo Bills,,2026,13,13,13,13,13,-,13,"{""2025"": ""153""}"
advanced-teams,/nfl/advanced/teams/coverage/right-aligned-targets-allowed,Right-Aligned WR Targets Allowed | NFL Advanced Stats,no,4,Arizona Cardinals,,Arizona Cardinals,,2026,12,12,12,12,12,-,12,"{""2025"": ""147""}"
advanced-teams,/nfl/advanced/teams/coverage/right-aligned-targets-allowed,Right-Aligned WR Targets Allowed | NFL Advanced Stats,no,4,Houston Texans,,Houston Texans,,2026,12,12,12,12,12,12,-,"{""2025"": ""133""}"
advanced-teams,/nfl/advanced/teams/coverage/slot-fantasy-points-per-route-allowed,Slot WR FP/Route Allowed | NFL Advanced Stats,no,1,Cleveland Browns,,Cleveland Browns,,2026,1.48,1.48,1.48,1.48,1.48,-,1.48,"{""2025"": ""0.21""}"
advanced-teams,/nfl/advanced/teams/coverage/slot-fantasy-points-per-route-allowed,Slot WR FP/Route Allowed | NFL Advanced Stats,no,2,Los Angeles Rams,,Los Angeles Rams,,2026,0.94,0.94,0.94,0.94,0.94,0.94,-,"{""2025"": ""0.22""}"
advanced-teams,/nfl/advanced/teams/coverage/slot-fantasy-points-per-route-allowed,Slot WR FP/Route Allowed | NFL Advanced Stats,no,3,Indianapolis Colts,,Indianapolis Colts,,2026,0.74,0.74,0.74,0.74,0.74,0.74,-,"{""2025"": ""0.31""}"
advanced-teams,/nfl/advanced/teams/coverage/slot-fantasy-points-per-route-allowed,Slot WR FP/Route Allowed | NFL Advanced Stats,no,4,Philadelphia Eagles,,Philadelphia Eagles,,2026,0.70,0.70,0.70,0.70,0.70,0.70,-,"{""2025"": ""0.17""}"
advanced-teams,/nfl/advanced/teams/coverage/slot-fantasy-points-per-route-allowed,Slot WR FP/Route Allowed | NFL Advanced Stats,no,5,Carolina Panthers,,Carolina Panthers,,2026,0.60,0.60,0.60,0.60,0.60,0.60,-,"{""2025"": ""0.24""}"
advanced-teams,/nfl/advanced/teams/coverage/slot-receptions-allowed,Slot WR Receptions Allowed | NFL Advanced Stats,no,1,Philadelphia Eagles,,Philadelphia Eagles,,2026,8,8,8,8,8,8,-,"{""2025"": ""55""}"
advanced-teams,/nfl/advanced/teams/coverage/slot-receptions-allowed,Slot WR Receptions Allowed | NFL Advanced Stats,no,2,New Orleans Saints,,New Orleans Saints,,2026,7,7,7,7,7,-,7,"{""2025"": ""55""}"
advanced-teams,/nfl/advanced/teams/coverage/slot-receptions-allowed,Slot WR Receptions Allowed | NFL Advanced Stats,no,2,Detroit Lions,,Detroit Lions,,2026,7,7,7,7,7,7,-,"{""2025"": ""68""}"
advanced-teams,/nfl/advanced/teams/coverage/slot-receptions-allowed,Slot WR Receptions Allowed | NFL Advanced Stats,no,2,Los Angeles Rams,,Los Angeles Rams,,2026,7,7,7,7,7,7,-,"{""2025"": ""62""}"
advanced-teams,/nfl/advanced/teams/coverage/slot-receptions-allowed,Slot WR Receptions Allowed | NFL Advanced Stats,no,2,Carolina Panthers,,Carolina Panthers,,2026,7,7,7,7,7,7,-,"{""2025"": ""66""}"
advanced-teams,/nfl/advanced/teams/coverage/slot-target-rate-allowed,Slot WR Target Rate Allowed | NFL Advanced Stats,no,1,Los Angeles Rams,,Los Angeles Rams,,2026,41.2%,41.2%,41.2%,41.2%,41.2%,41.2%,-,"{""2025"": ""20.7%""}"
advanced-teams,/nfl/advanced/teams/coverage/slot-target-rate-allowed,Slot WR Target Rate Allowed | NFL Advanced Stats,no,2,Philadelphia Eagles,,Philadelphia Eagles,,2026,35.1%,35.1%,35.1%,35.1%,35.1%,35.1%,-,"{""2025"": ""17.7%""}"
advanced-teams,/nfl/advanced/teams/coverage/slot-target-rate-allowed,Slot WR Target Rate Allowed | NFL Advanced Stats,no,3,Carolina Panthers,,Carolina Panthers,,2026,25.9%,25.9%,25.9%,25.9%,25.9%,25.9%,-,"{""2025"": ""21.6%""}"
advanced-teams,/nfl/advanced/teams/coverage/slot-target-rate-allowed,Slot WR Target Rate Allowed | NFL Advanced Stats,no,4,New Orleans Saints,,New Orleans Saints,,2026,25.0%,25.0%,25.0%,25.0%,25.0%,-,25.0%,"{""2025"": ""17.7%""}"
advanced-teams,/nfl/advanced/teams/coverage/slot-target-rate-allowed,Slot WR Target Rate Allowed | NFL Advanced Stats,no,5,New York Giants,,New York Giants,,2026,23.3%,23.3%,23.3%,23.3%,23.3%,23.3%,-,"{""2025"": ""19.5%""}"
advanced-teams,/nfl/advanced/teams/coverage/slot-targets-allowed,Slot WR Targets Allowed | NFL Advanced Stats,no,1,Philadelphia Eagles,,Philadelphia Eagles,,2026,13,13,13,13,13,13,-,"{""2025"": ""100""}"
advanced-teams,/nfl/advanced/teams/coverage/slot-targets-allowed,Slot WR Targets Allowed | NFL Advanced Stats,no,2,New Orleans Saints,,New Orleans Saints,,2026,9,9,9,9,9,-,9,"{""2025"": ""81""}"
advanced-teams,/nfl/advanced/teams/coverage/slot-targets-allowed,Slot WR Targets Allowed | NFL Advanced Stats,no,2,Detroit Lions,,Detroit Lions,,2026,9,9,9,9,9,9,-,"{""2025"": ""107""}"
advanced-teams,/nfl/advanced/teams/coverage/slot-targets-allowed,Slot WR Targets Allowed | NFL Advanced Stats,no,2,Minnesota Vikings,,Minnesota Vikings,,2026,9,9,9,9,9,9,-,"{""2025"": ""96""}"
advanced-teams,/nfl/advanced/teams/coverage/slot-targets-allowed,Slot WR Targets Allowed | NFL Advanced Stats,no,5,Buffalo Bills,,Buffalo Bills,,2026,7,7,7,7,7,-,7,"{""2025"": ""102""}"
advanced-teams,/nfl/advanced/teams/coverage/target-rate-allowed-vs-man,Target Rate vs Man | NFL Advanced Stats,no,1,Seattle Seahawks,,Seattle Seahawks,,2026,27.8%,27.8%,27.8%,27.8%,27.8%,27.8%,-,"{""2025"": ""20.6%""}"
advanced-teams,/nfl/advanced/teams/coverage/target-rate-allowed-vs-man,Target Rate vs Man | NFL Advanced Stats,no,2,New Orleans Saints,,New Orleans Saints,,2026,25.8%,25.8%,25.8%,25.8%,25.8%,-,25.8%,"{""2025"": ""20.1%""}"
advanced-teams,/nfl/advanced/teams/coverage/target-rate-allowed-vs-man,Target Rate vs Man | NFL Advanced Stats,no,2,Minnesota Vikings,,Minnesota Vikings,,2026,25.8%,25.8%,25.8%,25.8%,25.8%,25.8%,-,"{""2025"": ""22.1%""}"
advanced-teams,/nfl/advanced/teams/coverage/target-rate-allowed-vs-man,Target Rate vs Man | NFL Advanced Stats,no,4,Los Angeles Rams,,Los Angeles Rams,,2026,23.8%,23.8%,23.8%,23.8%,23.8%,23.8%,-,"{""2025"": ""19.4%""}"
advanced-teams,/nfl/advanced/teams/coverage/target-rate-allowed-vs-man,Target Rate vs Man | NFL Advanced Stats,no,5,Los Angeles Chargers,,Los Angeles Chargers,,2026,23.3%,23.3%,23.3%,23.3%,23.3%,23.3%,-,"{""2025"": ""17.9%""}"
advanced-teams,/nfl/advanced/teams/coverage/target-rate-allowed-vs-zone,Target Rate vs Zone | NFL Advanced Stats,no,1,Los Angeles Rams,,Los Angeles Rams,,2026,24.4%,24.4%,24.4%,24.4%,24.4%,24.4%,-,"{""2025"": ""19.7%""}"
advanced-teams,/nfl/advanced/teams/coverage/target-rate-allowed-vs-zone,Target Rate vs Zone | NFL Advanced Stats,no,2,Miami Dolphins,,Miami Dolphins,,2026,23.8%,23.8%,23.8%,23.8%,23.8%,-,23.8%,"{""2025"": ""19.9%""}"
advanced-teams,/nfl/advanced/teams/coverage/target-rate-allowed-vs-zone,Target Rate vs Zone | NFL Advanced Stats,no,3,Minnesota Vikings,,Minnesota Vikings,,2026,23.7%,23.7%,23.7%,23.7%,23.7%,23.7%,-,"{""2025"": ""20.3%""}"
advanced-teams,/nfl/advanced/teams/coverage/target-rate-allowed-vs-zone,Target Rate vs Zone | NFL Advanced Stats,no,4,Arizona Cardinals,,Arizona Cardinals,,2026,22.7%,22.7%,22.7%,22.7%,22.7%,-,22.7%,"{""2025"": ""20.2%""}"
advanced-teams,/nfl/advanced/teams/coverage/target-rate-allowed-vs-zone,Target Rate vs Zone | NFL Advanced Stats,no,4,Los Angeles Chargers,,Los Angeles Chargers,,2026,22.7%,22.7%,22.7%,22.7%,22.7%,22.7%,-,"{""2025"": ""19.7%""}"
advanced-teams,/nfl/advanced/teams/coverage/touchdowns-allowed-per-pass-in,TDs Allowed Per Pass in Coverage | NFL Advanced Stats,no,1,Tennessee Titans,,Tennessee Titans,,2026,0.0%,0.0%,0.0%,0.0%,0.0%,0.0%,-,"{""2025"": ""5.5%""}"
advanced-teams,/nfl/advanced/teams/coverage/touchdowns-allowed-per-pass-in,TDs Allowed Per Pass in Coverage | NFL Advanced Stats,no,1,San Francisco 49ers,,San Francisco 49ers,,2026,0.0%,0.0%,0.0%,0.0%,0.0%,-,0.0%,"{""2025"": ""4.8%""}"
advanced-teams,/nfl/advanced/teams/coverage/touchdowns-allowed-per-pass-in,TDs Allowed Per Pass in Coverage | NFL Advanced Stats,no,1,Las Vegas Raiders,,Las Vegas Raiders,,2026,0.0%,0.0%,0.0%,0.0%,0.0%,0.0%,-,"{""2025"": ""3.8%""}"
advanced-teams,/nfl/advanced/teams/coverage/touchdowns-allowed-per-pass-in,TDs Allowed Per Pass in Coverage | NFL Advanced Stats,no,1,Cincinnati Bengals,,Cincinnati Bengals,,2026,0.0%,0.0%,0.0%,0.0%,0.0%,0.0%,-,"{""2025"": ""5.7%""}"
advanced-teams,/nfl/advanced/teams/coverage/touchdowns-allowed-per-pass-in,TDs Allowed Per Pass in Coverage | NFL Advanced Stats,no,5,Atlanta Falcons,,Atlanta Falcons,,2026,2.3%,2.3%,2.3%,2.3%,2.3%,-,2.3%,"{""2025"": ""4.7%""}"
advanced-teams,/nfl/advanced/teams/coverage/touchdowns-allowed-vs-man,TDs Allowed vs Man | NFL Advanced Stats,no,1,New Orleans Saints,,New Orleans Saints,,2026,1,1,1,1,1,-,1,"{""2025"": ""10""}"
advanced-teams,/nfl/advanced/teams/coverage/touchdowns-allowed-vs-man,TDs Allowed vs Man | NFL Advanced Stats,no,1,New York Giants,,New York Giants,,2026,1,1,1,1,1,1,-,"{""2025"": ""18""}"
advanced-teams,/nfl/advanced/teams/coverage/touchdowns-allowed-vs-man,TDs Allowed vs Man | NFL Advanced Stats,no,1,New York Jets,,New York Jets,,2026,1,1,1,1,1,-,1,"{""2025"": ""21""}"
advanced-teams,/nfl/advanced/teams/coverage/touchdowns-allowed-vs-man,TDs Allowed vs Man | NFL Advanced Stats,no,1,Minnesota Vikings,,Minnesota Vikings,,2026,1,1,1,1,1,1,-,"{""2025"": ""7""}"
advanced-teams,/nfl/advanced/teams/coverage/touchdowns-allowed-vs-man,TDs Allowed vs Man | NFL Advanced Stats,no,1,Los Angeles Rams,,Los Angeles Rams,,2026,1,1,1,1,1,1,-,"{""2025"": ""11""}"
advanced-teams,/nfl/advanced/teams/coverage/touchdowns-allowed-vs-zone,TDs Allowed vs Zone | NFL Advanced Stats,no,1,Green Bay Packers,,Green Bay Packers,,2026,1,1,1,1,1,-,1,"{""2025"": ""16""}"
advanced-teams,/nfl/advanced/teams/coverage/touchdowns-allowed-vs-zone,TDs Allowed vs Zone | NFL Advanced Stats,no,1,New England Patriots,,New England Patriots,,2026,1,1,1,1,1,-,1,"{""2025"": ""8""}"
advanced-teams,/nfl/advanced/teams/coverage/touchdowns-allowed-vs-zone,TDs Allowed vs Zone | NFL Advanced Stats,no,1,New Orleans Saints,,New Orleans Saints,,2026,1,1,1,1,1,-,1,"{""2025"": ""14""}"
advanced-teams,/nfl/advanced/teams/coverage/touchdowns-allowed-vs-zone,TDs Allowed vs Zone | NFL Advanced Stats,no,1,Jacksonville Jaguars,,Jacksonville Jaguars,,2026,1,1,1,1,1,1,-,"{""2025"": ""7""}"
advanced-teams,/nfl/advanced/teams/coverage/touchdowns-allowed-vs-zone,TDs Allowed vs Zone | NFL Advanced Stats,no,1,Dallas Cowboys,,Dallas Cowboys,,2026,1,1,1,1,1,-,1,"{""2025"": ""21""}"
advanced-teams,/nfl/advanced/teams/coverage/yards-after-catch-allowed,Yards After Catch Allowed | NFL Advanced Stats,no,1,Green Bay Packers,,Green Bay Packers,,2026,46.0,46.0,46.0,46.0,46.0,-,46.0,"{""2025"": ""1513.0""}"
advanced-teams,/nfl/advanced/teams/coverage/yards-after-catch-allowed,Yards After Catch Allowed | NFL Advanced Stats,no,2,Cleveland Browns,,Cleveland Browns,,2026,61.0,61.0,61.0,61.0,61.0,-,61.0,"{""2025"": ""1646.0""}"
advanced-teams,/nfl/advanced/teams/coverage/yards-after-catch-allowed,Yards After Catch Allowed | NFL Advanced Stats,no,3,Washington Commanders,,Washington Commanders,,2026,65.0,65.0,65.0,65.0,65.0,-,65.0,"{""2025"": ""2230.0""}"
advanced-teams,/nfl/advanced/teams/coverage/yards-after-catch-allowed,Yards After Catch Allowed | NFL Advanced Stats,no,4,Miami Dolphins,,Miami Dolphins,,2026,70.0,70.0,70.0,70.0,70.0,-,70.0,"{""2025"": ""2018.0""}"
advanced-teams,/nfl/advanced/teams/coverage/yards-after-catch-allowed,Yards After Catch Allowed | NFL Advanced Stats,no,5,Philadelphia Eagles,,Philadelphia Eagles,,2026,71.0,71.0,71.0,71.0,71.0,71.0,-,"{""2025"": ""1591.0""}"
advanced-teams,/nfl/advanced/teams/coverage/yards-after-catch-allowed-per-reception,Yards After Catch Allowed per Reception (Team Defense) | NFL Advanced Stats,no,1,Green Bay Packers,,Green Bay Packers,,2026,3.1,3.1,3.1,3.1,3.1,-,3.1,"{""2025"": ""4.2""}"
advanced-teams,/nfl/advanced/teams/coverage/yards-after-catch-allowed-per-reception,Yards After Catch Allowed per Reception (Team Defense) | NFL Advanced Stats,no,2,Detroit Lions,,Detroit Lions,,2026,3.3,3.3,3.3,3.3,3.3,3.3,-,"{""2025"": ""4.3""}"
advanced-teams,/nfl/advanced/teams/coverage/yards-after-catch-allowed-per-reception,Yards After Catch Allowed per Reception (Team Defense) | NFL Advanced Stats,no,3,Miami Dolphins,,Miami Dolphins,,2026,3.3,3.3,3.3,3.3,3.3,-,3.3,"{""2025"": ""5.4""}"
advanced-teams,/nfl/advanced/teams/coverage/yards-after-catch-allowed-per-reception,Yards After Catch Allowed per Reception (Team Defense) | NFL Advanced Stats,no,4,Cleveland Browns,,Cleveland Browns,,2026,3.4,3.4,3.4,3.4,3.4,-,3.4,"{""2025"": ""5.3""}"
advanced-teams,/nfl/advanced/teams/coverage/yards-after-catch-allowed-per-reception,Yards After Catch Allowed per Reception (Team Defense) | NFL Advanced Stats,no,5,Los Angeles Chargers,,Los Angeles Chargers,,2026,3.6,3.6,3.6,3.6,3.6,3.6,-,"{""2025"": ""5.8""}"
advanced-teams,/nfl/advanced/teams/coverage/yards-allowed,Yards Allowed | NFL Advanced Stats,no,1,Kansas City Chiefs,,Kansas City Chiefs,,2026,177,177,177,177,177,177,-,"{""2025"": ""5143""}"
advanced-teams,/nfl/advanced/teams/coverage/yards-allowed,Yards Allowed | NFL Advanced Stats,no,2,New York Jets,,New York Jets,,2026,195,195,195,195,195,-,195,"{""2025"": ""6072""}"
advanced-teams,/nfl/advanced/teams/coverage/yards-allowed,Yards Allowed | NFL Advanced Stats,no,3,Pittsburgh Steelers,,Pittsburgh Steelers,,2026,238,238,238,238,238,238,-,"{""2025"": ""6091""}"
advanced-teams,/nfl/advanced/teams/coverage/yards-allowed,Yards Allowed | NFL Advanced Stats,no,4,Green Bay Packers,,Green Bay Packers,,2026,244,244,244,244,244,-,244,"{""2025"": ""5312""}"
advanced-teams,/nfl/advanced/teams/coverage/yards-allowed,Yards Allowed | NFL Advanced Stats,no,4,New York Giants,,New York Giants,,2026,244,244,244,244,244,244,-,"{""2025"": ""6143""}"
advanced-teams,/nfl/advanced/teams/coverage/yards-per-attempt-vs-man,Yards/Attempt vs Man | NFL Advanced Stats,no,1,Pittsburgh Steelers,,Pittsburgh Steelers,,2026,0.0,0.0,0.0,0.0,0.0,0.0,-,"{""2025"": ""6.3""}"
advanced-teams,/nfl/advanced/teams/coverage/yards-per-attempt-vs-man,Yards/Attempt vs Man | NFL Advanced Stats,no,2,Seattle Seahawks,,Seattle Seahawks,,2026,0.4,0.4,0.4,0.4,0.4,0.4,-,"{""2025"": ""4.0""}"
advanced-teams,/nfl/advanced/teams/coverage/yards-per-attempt-vs-man,Yards/Attempt vs Man | NFL Advanced Stats,no,3,New Orleans Saints,,New Orleans Saints,,2026,1.5,1.5,1.5,1.5,1.5,-,1.5,"{""2025"": ""5.4""}"
advanced-teams,/nfl/advanced/teams/coverage/yards-per-attempt-vs-man,Yards/Attempt vs Man | NFL Advanced Stats,no,4,New York Jets,,New York Jets,,2026,2.3,2.3,2.3,2.3,2.3,-,2.3,"{""2025"": ""7.2""}"
advanced-teams,/nfl/advanced/teams/coverage/yards-per-attempt-vs-man,Yards/Attempt vs Man | NFL Advanced Stats,no,5,Minnesota Vikings,,Minnesota Vikings,,2026,2.6,2.6,2.6,2.6,2.6,2.6,-,"{""2025"": ""5.8""}"
advanced-teams,/nfl/advanced/teams/coverage/yards-per-attempt-vs-zone,Yards/Attempt vs Zone | NFL Advanced Stats,no,1,Denver Broncos,,Denver Broncos,,2026,3.3,3.3,3.3,3.3,3.3,-,3.3,"{""2025"": ""5.5""}"
advanced-teams,/nfl/advanced/teams/coverage/yards-per-attempt-vs-zone,Yards/Attempt vs Zone | NFL Advanced Stats,no,2,Philadelphia Eagles,,Philadelphia Eagles,,2026,4.2,4.2,4.2,4.2,4.2,4.2,-,"{""2025"": ""6.5""}"
advanced-teams,/nfl/advanced/teams/coverage/yards-per-attempt-vs-zone,Yards/Attempt vs Zone | NFL Advanced Stats,no,3,Baltimore Ravens,,Baltimore Ravens,,2026,4.3,4.3,4.3,4.3,4.3,-,4.3,"{""2025"": ""6.6""}"
advanced-teams,/nfl/advanced/teams/coverage/yards-per-attempt-vs-zone,Yards/Attempt vs Zone | NFL Advanced Stats,no,4,New York Jets,,New York Jets,,2026,4.4,4.4,4.4,4.4,4.4,-,4.4,"{""2025"": ""7.0""}"
advanced-teams,/nfl/advanced/teams/coverage/yards-per-attempt-vs-zone,Yards/Attempt vs Zone | NFL Advanced Stats,no,5,Green Bay Packers,,Green Bay Packers,,2026,4.8,4.8,4.8,4.8,4.8,-,4.8,"{""2025"": ""6.0""}"
advanced-teams,/nfl/advanced/teams/coverage/yards-per-route-run-allowed,Yards per Route Run Allowed | NFL Advanced Stats,no,1,Indianapolis Colts,,Indianapolis Colts,,2026,2.75,2.75,2.75,2.75,2.75,2.75,-,"{""2025"": ""1.54""}"
advanced-teams,/nfl/advanced/teams/coverage/yards-per-route-run-allowed,Yards per Route Run Allowed | NFL Advanced Stats,no,2,Cleveland Browns,,Cleveland Browns,,2026,2.50,2.50,2.50,2.50,2.50,-,2.50,"{""2025"": ""1.36""}"
advanced-teams,/nfl/advanced/teams/coverage/yards-per-route-run-allowed,Yards per Route Run Allowed | NFL Advanced Stats,no,3,Houston Texans,,Houston Texans,,2026,2.44,2.44,2.44,2.44,2.44,2.44,-,"{""2025"": ""1.34""}"
advanced-teams,/nfl/advanced/teams/coverage/yards-per-route-run-allowed,Yards per Route Run Allowed | NFL Advanced Stats,no,4,Minnesota Vikings,,Minnesota Vikings,,2026,2.33,2.33,2.33,2.33,2.33,2.33,-,"{""2025"": ""1.47""}"
advanced-teams,/nfl/advanced/teams/coverage/yards-per-route-run-allowed,Yards per Route Run Allowed | NFL Advanced Stats,no,5,Chicago Bears,,Chicago Bears,,2026,2.07,2.07,2.07,2.07,2.07,-,2.07,"{""2025"": ""1.63""}"
advanced-teams,/nfl/advanced/teams/coverage/zone-coverage-rate,Zone Coverage Rate | NFL Advanced Stats,no,1,Pittsburgh Steelers,,Pittsburgh Steelers,,2026,96.2%,96.2%,96.2%,96.2%,96.2%,96.2%,-,"{""2025"": ""64.0%""}"
advanced-teams,/nfl/advanced/teams/coverage/zone-coverage-rate,Zone Coverage Rate | NFL Advanced Stats,no,2,Seattle Seahawks,,Seattle Seahawks,,2026,86.1%,86.1%,86.1%,86.1%,86.1%,86.1%,-,"{""2025"": ""71.4%""}"
advanced-teams,/nfl/advanced/teams/coverage/zone-coverage-rate,Zone Coverage Rate | NFL Advanced Stats,no,3,Los Angeles Rams,,Los Angeles Rams,,2026,85.3%,85.3%,85.3%,85.3%,85.3%,85.3%,-,"{""2025"": ""74.5%""}"
advanced-teams,/nfl/advanced/teams/coverage/zone-coverage-rate,Zone Coverage Rate | NFL Advanced Stats,no,4,Las Vegas Raiders,,Las Vegas Raiders,,2026,84.4%,84.4%,84.4%,84.4%,84.4%,84.4%,-,"{""2025"": ""79.5%""}"
advanced-teams,/nfl/advanced/teams/coverage/zone-coverage-rate,Zone Coverage Rate | NFL Advanced Stats,no,5,Washington Commanders,,Washington Commanders,,2026,82.1%,82.1%,82.1%,82.1%,82.1%,-,82.1%,"{""2025"": ""69.2%""}"
advanced-teams,/nfl/advanced/teams/defense/blitz-rate,Blitz Rate | NFL Advanced Team Stats,no,1,Minnesota Vikings,,Minnesota Vikings,,2026,80.4%,80.4%,80.4%,80.4%,80.4%,80.4%,-,"{""2025"": ""54.0%""}"
advanced-teams,/nfl/advanced/teams/defense/blitz-rate,Blitz Rate | NFL Advanced Team Stats,no,2,Green Bay Packers,,Green Bay Packers,,2026,48.4%,48.4%,48.4%,48.4%,48.4%,-,48.4%,"{""2025"": ""26.3%""}"
advanced-teams,/nfl/advanced/teams/defense/blitz-rate,Blitz Rate | NFL Advanced Team Stats,no,3,New England Patriots,,New England Patriots,,2026,48.1%,48.1%,48.1%,48.1%,48.1%,-,48.1%,"{""2025"": ""29.8%""}"
advanced-teams,/nfl/advanced/teams/defense/blitz-rate,Blitz Rate | NFL Advanced Team Stats,no,4,Tampa Bay Buccaneers,,Tampa Bay Buccaneers,,2026,45.9%,45.9%,45.9%,45.9%,45.9%,-,45.9%,"{""2025"": ""39.3%""}"
advanced-teams,/nfl/advanced/teams/defense/blitz-rate,Blitz Rate | NFL Advanced Team Stats,no,5,Denver Broncos,,Denver Broncos,,2026,45.5%,45.5%,45.5%,45.5%,45.5%,-,45.5%,"{""2025"": ""32.5%""}"
advanced-teams,/nfl/advanced/teams/defense/broken-tackles,Broken Tackles | NFL Advanced Team Stats,no,1,Tennessee Titans,,Tennessee Titans,,2026,2,2,2,2,2,2,-,"{""2025"": ""120""}"
advanced-teams,/nfl/advanced/teams/defense/broken-tackles,Broken Tackles | NFL Advanced Team Stats,no,1,Minnesota Vikings,,Minnesota Vikings,,2026,2,2,2,2,2,2,-,"{""2025"": ""101""}"
advanced-teams,/nfl/advanced/teams/defense/broken-tackles,Broken Tackles | NFL Advanced Team Stats,no,3,Jacksonville Jaguars,,Jacksonville Jaguars,,2026,3,3,3,3,3,3,-,"{""2025"": ""149""}"
advanced-teams,/nfl/advanced/teams/defense/broken-tackles,Broken Tackles | NFL Advanced Team Stats,no,3,Cleveland Browns,,Cleveland Browns,,2026,3,3,3,3,3,-,3,"{""2025"": ""140""}"
advanced-teams,/nfl/advanced/teams/defense/broken-tackles,Broken Tackles | NFL Advanced Team Stats,no,5,Green Bay Packers,,Green Bay Packers,,2026,4,4,4,4,4,-,4,"{""2025"": ""154""}"
advanced-teams,/nfl/advanced/teams/defense/broken-tackles-forced-per-attempt,Broken Tackles Forced/Attempt | NFL Advanced Team Stats,no,1,Tennessee Titans,,Tennessee Titans,,2026,0.02,0.02,0.02,0.02,0.02,0.02,-,"{""2025"": ""0.11""}"
advanced-teams,/nfl/advanced/teams/defense/broken-tackles-forced-per-attempt,Broken Tackles Forced/Attempt | NFL Advanced Team Stats,no,2,Minnesota Vikings,,Minnesota Vikings,,2026,0.04,0.04,0.04,0.04,0.04,0.04,-,"{""2025"": ""0.08""}"
advanced-teams,/nfl/advanced/teams/defense/broken-tackles-forced-per-attempt,Broken Tackles Forced/Attempt | NFL Advanced Team Stats,no,3,Cleveland Browns,,Cleveland Browns,,2026,0.05,0.05,0.05,0.05,0.05,-,0.05,"{""2025"": ""0.13""}"
advanced-teams,/nfl/advanced/teams/defense/broken-tackles-forced-per-attempt,Broken Tackles Forced/Attempt | NFL Advanced Team Stats,no,4,Denver Broncos,,Denver Broncos,,2026,0.05,0.05,0.05,0.05,0.05,-,0.05,"{""2025"": ""0.12""}"
advanced-teams,/nfl/advanced/teams/defense/broken-tackles-forced-per-attempt,Broken Tackles Forced/Attempt | NFL Advanced Team Stats,no,5,Jacksonville Jaguars,,Jacksonville Jaguars,,2026,0.06,0.06,0.06,0.06,0.06,0.06,-,"{""2025"": ""0.14""}"
advanced-teams,/nfl/advanced/teams/defense/missed-tackle-percentage,Missed Tackle Percentage | NFL Advanced Team Stats,no,1,Green Bay Packers,,Green Bay Packers,,2026,4.1%,4.1%,4.1%,4.1%,4.1%,-,4.1%,"{""2025"": ""11.2%""}"
advanced-teams,/nfl/advanced/teams/defense/missed-tackle-percentage,Missed Tackle Percentage | NFL Advanced Team Stats,no,2,Cleveland Browns,,Cleveland Browns,,2026,4.8%,4.8%,4.8%,4.8%,4.8%,-,4.8%,"{""2025"": ""12.0%""}"
advanced-teams,/nfl/advanced/teams/defense/missed-tackle-percentage,Missed Tackle Percentage | NFL Advanced Team Stats,no,3,New York Jets,,New York Jets,,2026,4.9%,4.9%,4.9%,4.9%,4.9%,-,4.9%,"{""2025"": ""13.2%""}"
advanced-teams,/nfl/advanced/teams/defense/missed-tackle-percentage,Missed Tackle Percentage | NFL Advanced Team Stats,no,4,Jacksonville Jaguars,,Jacksonville Jaguars,,2026,5.9%,5.9%,5.9%,5.9%,5.9%,5.9%,-,"{""2025"": ""9.6%""}"
advanced-teams,/nfl/advanced/teams/defense/missed-tackle-percentage,Missed Tackle Percentage | NFL Advanced Team Stats,no,5,Miami Dolphins,,Miami Dolphins,,2026,6.3%,6.3%,6.3%,6.3%,6.3%,-,6.3%,"{""2025"": ""11.5%""}"
advanced-teams,/nfl/advanced/teams/defense/missed-tackles,Missed Tackles | NFL Advanced Team Stats,no,1,Green Bay Packers,,Green Bay Packers,,2026,2,2,2,2,2,-,2,"{""2025"": ""131""}"
advanced-teams,/nfl/advanced/teams/defense/missed-tackles,Missed Tackles | NFL Advanced Team Stats,no,1,New York Jets,,New York Jets,,2026,2,2,2,2,2,-,2,"{""2025"": ""159""}"
advanced-teams,/nfl/advanced/teams/defense/missed-tackles,Missed Tackles | NFL Advanced Team Stats,no,3,Jacksonville Jaguars,,Jacksonville Jaguars,,2026,3,3,3,3,3,3,-,"{""2025"": ""101""}"
advanced-teams,/nfl/advanced/teams/defense/missed-tackles,Missed Tackles | NFL Advanced Team Stats,no,3,Cleveland Browns,,Cleveland Browns,,2026,3,3,3,3,3,-,3,"{""2025"": ""133""}"
advanced-teams,/nfl/advanced/teams/defense/missed-tackles,Missed Tackles | NFL Advanced Team Stats,no,5,Baltimore Ravens,,Baltimore Ravens,,2026,4,4,4,4,4,-,4,"{""2025"": ""130""}"
advanced-teams,/nfl/advanced/teams/defense/opponent-explosive-play-rate,Opp Explosive Play Rate | NFL Advanced Team Stats,no,1,New York Giants,,New York Giants,,2026,1.9%,1.9%,1.9%,1.9%,1.9%,1.9%,-,"{""2025"": ""12.0%""}"
advanced-teams,/nfl/advanced/teams/defense/opponent-explosive-play-rate,Opp Explosive Play Rate | NFL Advanced Team Stats,no,2,Kansas City Chiefs,,Kansas City Chiefs,,2026,2.2%,2.2%,2.2%,2.2%,2.2%,2.2%,-,"{""2025"": ""8.8%""}"
advanced-teams,/nfl/advanced/teams/defense/opponent-explosive-play-rate,Opp Explosive Play Rate | NFL Advanced Team Stats,no,3,Green Bay Packers,,Green Bay Packers,,2026,3.4%,3.4%,3.4%,3.4%,3.4%,-,3.4%,"{""2025"": ""7.7%""}"
advanced-teams,/nfl/advanced/teams/defense/opponent-explosive-play-rate,Opp Explosive Play Rate | NFL Advanced Team Stats,no,4,New York Jets,,New York Jets,,2026,4.1%,4.1%,4.1%,4.1%,4.1%,-,4.1%,"{""2025"": ""11.6%""}"
advanced-teams,/nfl/advanced/teams/defense/opponent-explosive-play-rate,Opp Explosive Play Rate | NFL Advanced Team Stats,no,5,Seattle Seahawks,,Seattle Seahawks,,2026,4.5%,4.5%,4.5%,4.5%,4.5%,4.5%,-,"{""2025"": ""6.8%""}"
advanced-teams,/nfl/advanced/teams/defense/pressure-rate,Pressure Rate | NFL Advanced Team Stats,no,1,Kansas City Chiefs,,Kansas City Chiefs,,2026,54.3%,54.3%,54.3%,54.3%,54.3%,54.3%,-,"{""2025"": ""33.6%""}"
advanced-teams,/nfl/advanced/teams/defense/pressure-rate,Pressure Rate | NFL Advanced Team Stats,no,2,Jacksonville Jaguars,,Jacksonville Jaguars,,2026,53.1%,53.1%,53.1%,53.1%,53.1%,53.1%,-,"{""2025"": ""27.9%""}"
advanced-teams,/nfl/advanced/teams/defense/pressure-rate,Pressure Rate | NFL Advanced Team Stats,no,3,Philadelphia Eagles,,Philadelphia Eagles,,2026,45.0%,45.0%,45.0%,45.0%,45.0%,45.0%,-,"{""2025"": ""33.1%""}"
advanced-teams,/nfl/advanced/teams/defense/pressure-rate,Pressure Rate | NFL Advanced Team Stats,no,3,Carolina Panthers,,Carolina Panthers,,2026,45.0%,45.0%,45.0%,45.0%,45.0%,45.0%,-,"{""2025"": ""21.7%""}"
advanced-teams,/nfl/advanced/teams/defense/pressure-rate,Pressure Rate | NFL Advanced Team Stats,no,5,Washington Commanders,,Washington Commanders,,2026,44.1%,44.1%,44.1%,44.1%,44.1%,-,44.1%,"{""2025"": ""31.3%""}"
advanced-teams,/nfl/advanced/teams/defense/quarterback-hit-percentage,QB Hit Percentage | NFL Advanced Team Stats,no,1,Minnesota Vikings,,Minnesota Vikings,,2026,32.6%,32.6%,32.6%,32.6%,32.6%,32.6%,-,"{""2025"": ""18.1%""}"
advanced-teams,/nfl/advanced/teams/defense/quarterback-hit-percentage,QB Hit Percentage | NFL Advanced Team Stats,no,2,San Francisco 49ers,,San Francisco 49ers,,2026,27.6%,27.6%,27.6%,27.6%,27.6%,-,27.6%,"{""2025"": ""9.0%""}"
advanced-teams,/nfl/advanced/teams/defense/quarterback-hit-percentage,QB Hit Percentage | NFL Advanced Team Stats,no,3,Jacksonville Jaguars,,Jacksonville Jaguars,,2026,26.7%,26.7%,26.7%,26.7%,26.7%,26.7%,-,"{""2025"": ""12.9%""}"
advanced-teams,/nfl/advanced/teams/defense/quarterback-hit-percentage,QB Hit Percentage | NFL Advanced Team Stats,no,4,Baltimore Ravens,,Baltimore Ravens,,2026,26.5%,26.5%,26.5%,26.5%,26.5%,-,26.5%,"{""2025"": ""13.8%""}"
advanced-teams,/nfl/advanced/teams/defense/quarterback-hit-percentage,QB Hit Percentage | NFL Advanced Team Stats,no,5,Las Vegas Raiders,,Las Vegas Raiders,,2026,24.3%,24.3%,24.3%,24.3%,24.3%,24.3%,-,"{""2025"": ""13.6%""}"
advanced-teams,/nfl/advanced/teams/defense/quarterback-sack-percentage,QB Sack Percentage | NFL Advanced Team Stats,no,1,Jacksonville Jaguars,,Jacksonville Jaguars,,2026,16.7%,16.7%,16.7%,16.7%,16.7%,16.7%,-,"{""2025"": ""4.5%""}"
advanced-teams,/nfl/advanced/teams/defense/quarterback-sack-percentage,QB Sack Percentage | NFL Advanced Team Stats,no,2,Pittsburgh Steelers,,Pittsburgh Steelers,,2026,15.4%,15.4%,15.4%,15.4%,15.4%,15.4%,-,"{""2025"": ""7.0%""}"
advanced-teams,/nfl/advanced/teams/defense/quarterback-sack-percentage,QB Sack Percentage | NFL Advanced Team Stats,no,3,Las Vegas Raiders,,Las Vegas Raiders,,2026,13.5%,13.5%,13.5%,13.5%,13.5%,13.5%,-,"{""2025"": ""6.2%""}"
advanced-teams,/nfl/advanced/teams/defense/quarterback-sack-percentage,QB Sack Percentage | NFL Advanced Team Stats,no,4,Kansas City Chiefs,,Kansas City Chiefs,,2026,12.1%,12.1%,12.1%,12.1%,12.1%,12.1%,-,"{""2025"": ""6.0%""}"
advanced-teams,/nfl/advanced/teams/defense/quarterback-sack-percentage,QB Sack Percentage | NFL Advanced Team Stats,no,5,Cincinnati Bengals,,Cincinnati Bengals,,2026,11.1%,11.1%,11.1%,11.1%,11.1%,11.1%,-,"{""2025"": ""5.7%""}"
advanced-teams,/nfl/advanced/teams/epa/epa-per-play,EPA Per Play | NFL Advanced Stats,no,1,Chicago Bears,,Chicago Bears,,2026,0.419,0.419,0.419,0.419,0.419,-,0.419,"{""2025"": ""0.082""}"
advanced-teams,/nfl/advanced/teams/epa/epa-per-play,EPA Per Play | NFL Advanced Stats,no,2,Baltimore Ravens,,Baltimore Ravens,,2026,0.377,0.377,0.377,0.377,0.377,-,0.377,"{""2025"": ""0.035""}"
advanced-teams,/nfl/advanced/teams/epa/epa-per-play,EPA Per Play | NFL Advanced Stats,no,3,Jacksonville Jaguars,,Jacksonville Jaguars,,2026,0.354,0.354,0.354,0.354,0.354,0.354,-,"{""2025"": ""0.029""}"
advanced-teams,/nfl/advanced/teams/epa/epa-per-play,EPA Per Play | NFL Advanced Stats,no,4,New York Giants,,New York Giants,,2026,0.335,0.335,0.335,0.335,0.335,0.335,-,"{""2025"": ""0.021""}"
advanced-teams,/nfl/advanced/teams/epa/epa-per-play,EPA Per Play | NFL Advanced Stats,no,5,Buffalo Bills,,Buffalo Bills,,2026,0.219,0.219,0.219,0.219,0.219,-,0.219,"{""2025"": ""0.133""}"
advanced-teams,/nfl/advanced/teams/epa/epa-per-play-passing,EPA Per Play (Pass) | NFL Advanced Stats,no,1,Jacksonville Jaguars,,Jacksonville Jaguars,,2026,0.773,0.773,0.773,0.773,0.773,0.773,-,"{""2025"": ""0.049""}"
advanced-teams,/nfl/advanced/teams/epa/epa-per-play-passing,EPA Per Play (Pass) | NFL Advanced Stats,no,2,New York Giants,,New York Giants,,2026,0.683,0.683,0.683,0.683,0.683,0.683,-,"{""2025"": ""-0.001""}"
advanced-teams,/nfl/advanced/teams/epa/epa-per-play-passing,EPA Per Play (Pass) | NFL Advanced Stats,no,3,Baltimore Ravens,,Baltimore Ravens,,2026,0.479,0.479,0.479,0.479,0.479,-,0.479,"{""2025"": ""-0.040""}"
advanced-teams,/nfl/advanced/teams/epa/epa-per-play-passing,EPA Per Play (Pass) | NFL Advanced Stats,no,4,Chicago Bears,,Chicago Bears,,2026,0.469,0.469,0.469,0.469,0.469,-,0.469,"{""2025"": ""0.072""}"
advanced-teams,/nfl/advanced/teams/epa/epa-per-play-passing,EPA Per Play (Pass) | NFL Advanced Stats,no,5,Buffalo Bills,,Buffalo Bills,,2026,0.440,0.440,0.440,0.440,0.440,-,0.440,"{""2025"": ""0.155""}"
advanced-teams,/nfl/advanced/teams/epa/epa-per-play-rushing,EPA Per Play (Rush) | NFL Advanced Stats,no,1,Chicago Bears,,Chicago Bears,,2026,0.380,0.380,0.380,0.380,0.380,-,0.380,"{""2025"": ""0.093""}"
advanced-teams,/nfl/advanced/teams/epa/epa-per-play-rushing,EPA Per Play (Rush) | NFL Advanced Stats,no,2,Kansas City Chiefs,,Kansas City Chiefs,,2026,0.357,0.357,0.357,0.357,0.357,0.357,-,"{""2025"": ""0.040""}"
advanced-teams,/nfl/advanced/teams/epa/epa-per-play-rushing,EPA Per Play (Rush) | NFL Advanced Stats,no,3,Baltimore Ravens,,Baltimore Ravens,,2026,0.299,0.299,0.299,0.299,0.299,-,0.299,"{""2025"": ""0.106""}"
advanced-teams,/nfl/advanced/teams/epa/epa-per-play-rushing,EPA Per Play (Rush) | NFL Advanced Stats,no,4,San Francisco 49ers,,San Francisco 49ers,,2026,0.193,0.193,0.193,0.193,0.193,-,0.193,"{""2025"": ""-0.007""}"
advanced-teams,/nfl/advanced/teams/epa/epa-per-play-rushing,EPA Per Play (Rush) | NFL Advanced Stats,no,5,Tennessee Titans,,Tennessee Titans,,2026,0.163,0.163,0.163,0.163,0.163,0.163,-,"{""2025"": ""-0.053""}"
advanced-teams,/nfl/advanced/teams/epa/success-rate,Success Rate | NFL Advanced Stats,no,1,Jacksonville Jaguars,,Jacksonville Jaguars,,2026,60.4%,60.4%,60.4%,60.4%,60.4%,60.4%,-,"{""2025"": ""44.4%""}"
advanced-teams,/nfl/advanced/teams/epa/success-rate,Success Rate | NFL Advanced Stats,no,2,New York Giants,,New York Giants,,2026,60.0%,60.0%,60.0%,60.0%,60.0%,60.0%,-,"{""2025"": ""42.1%""}"
advanced-teams,/nfl/advanced/teams/epa/success-rate,Success Rate | NFL Advanced Stats,no,3,San Francisco 49ers,,San Francisco 49ers,,2026,56.3%,56.3%,56.3%,56.3%,56.3%,-,56.3%,"{""2025"": ""48.3%""}"
advanced-teams,/nfl/advanced/teams/epa/success-rate,Success Rate | NFL Advanced Stats,no,4,Chicago Bears,,Chicago Bears,,2026,54.3%,54.3%,54.3%,54.3%,54.3%,-,54.3%,"{""2025"": ""45.8%""}"
advanced-teams,/nfl/advanced/teams/epa/success-rate,Success Rate | NFL Advanced Stats,no,5,Baltimore Ravens,,Baltimore Ravens,,2026,50.0%,50.0%,50.0%,50.0%,50.0%,-,50.0%,"{""2025"": ""44.6%""}"
advanced-teams,/nfl/advanced/teams/epa/success-rate-passing,Success Rate (Pass) | NFL Advanced Stats,no,1,New York Giants,,New York Giants,,2026,71.0%,71.0%,71.0%,71.0%,71.0%,71.0%,-,"{""2025"": ""40.8%""}"
advanced-teams,/nfl/advanced/teams/epa/success-rate-passing,Success Rate (Pass) | NFL Advanced Stats,no,2,Jacksonville Jaguars,,Jacksonville Jaguars,,2026,70.8%,70.8%,70.8%,70.8%,70.8%,70.8%,-,"{""2025"": ""46.3%""}"
advanced-teams,/nfl/advanced/teams/epa/success-rate-passing,Success Rate (Pass) | NFL Advanced Stats,no,3,Chicago Bears,,Chicago Bears,,2026,61.3%,61.3%,61.3%,61.3%,61.3%,-,61.3%,"{""2025"": ""43.3%""}"
advanced-teams,/nfl/advanced/teams/epa/success-rate-passing,Success Rate (Pass) | NFL Advanced Stats,no,4,San Francisco 49ers,,San Francisco 49ers,,2026,55.9%,55.9%,55.9%,55.9%,55.9%,-,55.9%,"{""2025"": ""52.7%""}"
advanced-teams,/nfl/advanced/teams/epa/success-rate-passing,Success Rate (Pass) | NFL Advanced Stats,no,5,Arizona Cardinals,,Arizona Cardinals,,2026,55.3%,55.3%,55.3%,55.3%,55.3%,-,55.3%,"{""2025"": ""44.4%""}"
advanced-teams,/nfl/advanced/teams/epa/success-rate-rushing,Success Rate (Rush) | NFL Advanced Stats,no,1,San Francisco 49ers,,San Francisco 49ers,,2026,56.7%,56.7%,56.7%,56.7%,56.7%,-,56.7%,"{""2025"": ""42.4%""}"
advanced-teams,/nfl/advanced/teams/epa/success-rate-rushing,Success Rate (Rush) | NFL Advanced Stats,no,2,Carolina Panthers,,Carolina Panthers,,2026,54.5%,54.5%,54.5%,54.5%,54.5%,54.5%,-,"{""2025"": ""43.4%""}"
advanced-teams,/nfl/advanced/teams/epa/success-rate-rushing,Success Rate (Rush) | NFL Advanced Stats,no,3,Jacksonville Jaguars,,Jacksonville Jaguars,,2026,51.7%,51.7%,51.7%,51.7%,51.7%,51.7%,-,"{""2025"": ""42.0%""}"
advanced-teams,/nfl/advanced/teams/epa/success-rate-rushing,Success Rate (Rush) | NFL Advanced Stats,no,4,Tennessee Titans,,Tennessee Titans,,2026,50.0%,50.0%,50.0%,50.0%,50.0%,50.0%,-,"{""2025"": ""40.1%""}"
advanced-teams,/nfl/advanced/teams/epa/success-rate-rushing,Success Rate (Rush) | NFL Advanced Stats,no,4,Dallas Cowboys,,Dallas Cowboys,,2026,50.0%,50.0%,50.0%,50.0%,50.0%,-,50.0%,"{""2025"": ""45.0%""}"
advanced-teams,/nfl/advanced/teams/epa/total-epa,Total EPA | NFL Advanced Stats,no,1,Chicago Bears,,Chicago Bears,,2026,29.4,29.4,29.4,29.4,29.4,-,29.4,"{""2025"": ""89.7""}"
advanced-teams,/nfl/advanced/teams/epa/total-epa,Total EPA | NFL Advanced Stats,no,2,Baltimore Ravens,,Baltimore Ravens,,2026,22.6,22.6,22.6,22.6,22.6,-,22.6,"{""2025"": ""33.3""}"
advanced-teams,/nfl/advanced/teams/epa/total-epa,Total EPA | NFL Advanced Stats,no,3,New York Giants,,New York Giants,,2026,21.8,21.8,21.8,21.8,21.8,21.8,-,"{""2025"": ""23.1""}"
advanced-teams,/nfl/advanced/teams/epa/total-epa,Total EPA | NFL Advanced Stats,no,4,Jacksonville Jaguars,,Jacksonville Jaguars,,2026,18.8,18.8,18.8,18.8,18.8,18.8,-,"{""2025"": ""30.9""}"
advanced-teams,/nfl/advanced/teams/epa/total-epa,Total EPA | NFL Advanced Stats,no,5,Buffalo Bills,,Buffalo Bills,,2026,11.4,11.4,11.4,11.4,11.4,-,11.4,"{""2025"": ""141.6""}"
advanced-teams,/nfl/advanced/teams/epa/total-epa-passing,Total Passing EPA | NFL Advanced Stats,no,1,New York Giants,,New York Giants,,2026,21.2,21.2,21.2,21.2,21.2,21.2,-,"{""2025"": ""-0.8""}"
advanced-teams,/nfl/advanced/teams/epa/total-epa-passing,Total Passing EPA | NFL Advanced Stats,no,2,Jacksonville Jaguars,,Jacksonville Jaguars,,2026,18.6,18.6,18.6,18.6,18.6,18.6,-,"{""2025"": ""29.6""}"
advanced-teams,/nfl/advanced/teams/epa/total-epa-passing,Total Passing EPA | NFL Advanced Stats,no,3,Chicago Bears,,Chicago Bears,,2026,14.6,14.6,14.6,14.6,14.6,-,14.6,"{""2025"": ""43.4""}"
advanced-teams,/nfl/advanced/teams/epa/total-epa-passing,Total Passing EPA | NFL Advanced Stats,no,4,Buffalo Bills,,Buffalo Bills,,2026,14.1,14.1,14.1,14.1,14.1,-,14.1,"{""2025"": ""84.4""}"
advanced-teams,/nfl/advanced/teams/epa/total-epa-passing,Total Passing EPA | NFL Advanced Stats,no,5,Baltimore Ravens,,Baltimore Ravens,,2026,12.4,12.4,12.4,12.4,12.4,-,12.4,"{""2025"": ""-18.6""}"
advanced-teams,/nfl/advanced/teams/epa/total-epa-rushing,Total Rushing EPA | NFL Advanced Stats,no,1,Chicago Bears,,Chicago Bears,,2026,14.8,14.8,14.8,14.8,14.8,-,14.8,"{""2025"": ""46.4""}"
advanced-teams,/nfl/advanced/teams/epa/total-epa-rushing,Total Rushing EPA | NFL Advanced Stats,no,2,Kansas City Chiefs,,Kansas City Chiefs,,2026,12.5,12.5,12.5,12.5,12.5,12.5,-,"{""2025"": ""16.5""}"
advanced-teams,/nfl/advanced/teams/epa/total-epa-rushing,Total Rushing EPA | NFL Advanced Stats,no,3,Baltimore Ravens,,Baltimore Ravens,,2026,10.2,10.2,10.2,10.2,10.2,-,10.2,"{""2025"": ""51.9""}"
advanced-teams,/nfl/advanced/teams/epa/total-epa-rushing,Total Rushing EPA | NFL Advanced Stats,no,4,San Francisco 49ers,,San Francisco 49ers,,2026,5.8,5.8,5.8,5.8,5.8,-,5.8,"{""2025"": ""-3.1""}"
advanced-teams,/nfl/advanced/teams/epa/total-epa-rushing,Total Rushing EPA | NFL Advanced Stats,no,5,Houston Texans,,Houston Texans,,2026,3.3,3.3,3.3,3.3,3.3,3.3,-,"{""2025"": ""-29.0""}"
advanced-teams,/nfl/advanced/teams/fantasy-points-allowed/draftkings-fppg,DraftKings Fantasy Points Allowed | NFL Advanced Team Stats,no,1,San Francisco 49ers,,San Francisco 49ers,,,,6.5,6.5,6.5,6.5,-,6.5,"{""FPTS/Game"": ""6.5""}"
advanced-teams,/nfl/advanced/teams/fantasy-points-allowed/draftkings-fppg,DraftKings Fantasy Points Allowed | NFL Advanced Team Stats,no,2,Kansas City Chiefs,,Kansas City Chiefs,,,,7.4,7.4,7.4,7.4,7.4,-,"{""FPTS/Game"": ""7.4""}"
advanced-teams,/nfl/advanced/teams/fantasy-points-allowed/draftkings-fppg,DraftKings Fantasy Points Allowed | NFL Advanced Team Stats,no,3,Pittsburgh Steelers,,Pittsburgh Steelers,,,,7.7,7.7,7.7,7.7,7.7,-,"{""FPTS/Game"": ""7.7""}"
advanced-teams,/nfl/advanced/teams/fantasy-points-allowed/draftkings-fppg,DraftKings Fantasy Points Allowed | NFL Advanced Team Stats,no,4,Tennessee Titans,,Tennessee Titans,,,,9.3,9.3,9.3,9.3,9.3,-,"{""FPTS/Game"": ""9.3""}"
advanced-teams,/nfl/advanced/teams/fantasy-points-allowed/draftkings-fppg,DraftKings Fantasy Points Allowed | NFL Advanced Team Stats,no,5,Baltimore Ravens,,Baltimore Ravens,,,,10.0,10.0,10.0,10.0,-,10.0,"{""FPTS/Game"": ""10.0""}"
advanced-teams,/nfl/advanced/teams/fantasy-points-allowed/fan-duel-fppg,FanDuel Fantasy Points Allowed | NFL Advanced Team Stats,no,1,Kansas City Chiefs,,Kansas City Chiefs,,,,6.4,6.4,6.4,6.4,6.4,-,"{""FPTS/Game"": ""6.4""}"
advanced-teams,/nfl/advanced/teams/fantasy-points-allowed/fan-duel-fppg,FanDuel Fantasy Points Allowed | NFL Advanced Team Stats,no,2,San Francisco 49ers,,San Francisco 49ers,,,,6.5,6.5,6.5,6.5,-,6.5,"{""FPTS/Game"": ""6.5""}"
advanced-teams,/nfl/advanced/teams/fantasy-points-allowed/fan-duel-fppg,FanDuel Fantasy Points Allowed | NFL Advanced Team Stats,no,3,Pittsburgh Steelers,,Pittsburgh Steelers,,,,7.7,7.7,7.7,7.7,7.7,-,"{""FPTS/Game"": ""7.7""}"
advanced-teams,/nfl/advanced/teams/fantasy-points-allowed/fan-duel-fppg,FanDuel Fantasy Points Allowed | NFL Advanced Team Stats,no,4,Tennessee Titans,,Tennessee Titans,,,,9.3,9.3,9.3,9.3,9.3,-,"{""FPTS/Game"": ""9.3""}"
advanced-teams,/nfl/advanced/teams/fantasy-points-allowed/fan-duel-fppg,FanDuel Fantasy Points Allowed | NFL Advanced Team Stats,no,5,Baltimore Ravens,,Baltimore Ravens,,,,10.0,10.0,10.0,10.0,-,10.0,"{""FPTS/Game"": ""10.0""}"
advanced-teams,/nfl/advanced/teams/fantasy-points-allowed/fantasy-points-per-dropback-allowed,Fantasy Points Per Dropback Allowed | NFL Advanced Team Stats,no,1,Kansas City Chiefs,,Kansas City Chiefs,,2026,0.16,0.16,0.16,0.16,0.16,0.16,-,
advanced-teams,/nfl/advanced/teams/fantasy-points-allowed/fantasy-points-per-dropback-allowed,Fantasy Points Per Dropback Allowed | NFL Advanced Team Stats,no,2,San Francisco 49ers,,San Francisco 49ers,,2026,0.19,0.19,0.19,0.19,0.19,-,0.19,
advanced-teams,/nfl/advanced/teams/fantasy-points-allowed/fantasy-points-per-dropback-allowed,Fantasy Points Per Dropback Allowed | NFL Advanced Team Stats,no,3,Pittsburgh Steelers,,Pittsburgh Steelers,,2026,0.22,0.22,0.22,0.22,0.22,0.22,-,
advanced-teams,/nfl/advanced/teams/fantasy-points-allowed/fantasy-points-per-dropback-allowed,Fantasy Points Per Dropback Allowed | NFL Advanced Team Stats,no,4,Seattle Seahawks,,Seattle Seahawks,,2026,0.23,0.23,0.23,0.23,0.23,0.23,-,
advanced-teams,/nfl/advanced/teams/fantasy-points-allowed/fantasy-points-per-dropback-allowed,Fantasy Points Per Dropback Allowed | NFL Advanced Team Stats,no,5,Baltimore Ravens,,Baltimore Ravens,,2026,0.27,0.27,0.27,0.27,0.27,-,0.27,
advanced-teams,/nfl/advanced/teams/fantasy-points-allowed/fantasy-points-per-opportunity-allowed,Fantasy Points Per Opportunity Allowed | NFL Advanced Team Stats,no,1,Minnesota Vikings,,Minnesota Vikings,,2026,0.3,0.3,0.3,0.3,0.3,0.3,-,
advanced-teams,/nfl/advanced/teams/fantasy-points-allowed/fantasy-points-per-opportunity-allowed,Fantasy Points Per Opportunity Allowed | NFL Advanced Team Stats,no,2,Atlanta Falcons,,Atlanta Falcons,,2026,0.5,0.5,0.5,0.5,0.5,-,0.5,
advanced-teams,/nfl/advanced/teams/fantasy-points-allowed/fantasy-points-per-opportunity-allowed,Fantasy Points Per Opportunity Allowed | NFL Advanced Team Stats,no,3,Washington Commanders,,Washington Commanders,,2026,0.5,0.5,0.5,0.5,0.5,-,0.5,
advanced-teams,/nfl/advanced/teams/fantasy-points-allowed/fantasy-points-per-opportunity-allowed,Fantasy Points Per Opportunity Allowed | NFL Advanced Team Stats,no,4,New York Jets,,New York Jets,,2026,0.6,0.6,0.6,0.6,0.6,-,0.6,
advanced-teams,/nfl/advanced/teams/fantasy-points-allowed/fantasy-points-per-opportunity-allowed,Fantasy Points Per Opportunity Allowed | NFL Advanced Team Stats,no,5,Houston Texans,,Houston Texans,,2026,0.6,0.6,0.6,0.6,0.6,0.6,-,
advanced-teams,/nfl/advanced/teams/fantasy-points-allowed/fantasy-points-per-route-run-allowed,Fantasy Points Per Route Run Allowed | NFL Advanced Team Stats,no,1,Minnesota Vikings,,Minnesota Vikings,,2026,0.0,0.0,0.0,0.0,0.0,0.0,-,
advanced-teams,/nfl/advanced/teams/fantasy-points-allowed/fantasy-points-per-route-run-allowed,Fantasy Points Per Route Run Allowed | NFL Advanced Team Stats,no,1,Arizona Cardinals,,Arizona Cardinals,,2026,0.0,0.0,0.0,0.0,0.0,-,0.0,
advanced-teams,/nfl/advanced/teams/fantasy-points-allowed/fantasy-points-per-route-run-allowed,Fantasy Points Per Route Run Allowed | NFL Advanced Team Stats,no,3,Green Bay Packers,,Green Bay Packers,,2026,0.1,0.1,0.1,0.1,0.1,-,0.1,
advanced-teams,/nfl/advanced/teams/fantasy-points-allowed/fantasy-points-per-route-run-allowed,Fantasy Points Per Route Run Allowed | NFL Advanced Team Stats,no,4,Philadelphia Eagles,,Philadelphia Eagles,,2026,0.1,0.1,0.1,0.1,0.1,0.1,-,
advanced-teams,/nfl/advanced/teams/fantasy-points-allowed/fantasy-points-per-route-run-allowed,Fantasy Points Per Route Run Allowed | NFL Advanced Team Stats,no,5,Washington Commanders,,Washington Commanders,,2026,0.2,0.2,0.2,0.2,0.2,-,0.2,
advanced-teams,/nfl/advanced/teams/fantasy-points-allowed/fantasy-points-per-target-allowed,Fantasy Points Per Target Allowed | NFL Advanced Team Stats,no,1,Atlanta Falcons,,Atlanta Falcons,,2026,1.3,1.3,1.3,1.3,1.3,-,1.3,
advanced-teams,/nfl/advanced/teams/fantasy-points-allowed/fantasy-points-per-target-allowed,Fantasy Points Per Target Allowed | NFL Advanced Team Stats,no,2,New York Jets,,New York Jets,,2026,1.5,1.5,1.5,1.5,1.5,-,1.5,
advanced-teams,/nfl/advanced/teams/fantasy-points-allowed/fantasy-points-per-target-allowed,Fantasy Points Per Target Allowed | NFL Advanced Team Stats,no,3,Las Vegas Raiders,,Las Vegas Raiders,,2026,2.1,2.1,2.1,2.1,2.1,2.1,-,
advanced-teams,/nfl/advanced/teams/fantasy-points-allowed/fantasy-points-per-target-allowed,Fantasy Points Per Target Allowed | NFL Advanced Team Stats,no,4,Detroit Lions,,Detroit Lions,,2026,2.3,2.3,2.3,2.3,2.3,2.3,-,
advanced-teams,/nfl/advanced/teams/fantasy-points-allowed/fantasy-points-per-target-allowed,Fantasy Points Per Target Allowed | NFL Advanced Team Stats,no,5,Seattle Seahawks,,Seattle Seahawks,,2026,2.3,2.3,2.3,2.3,2.3,2.3,-,
advanced-teams,/nfl/advanced/teams/fantasy-points-allowed/fantasy-points-per-touch-allowed,Fantasy Points Per Touch Allowed | NFL Advanced Team Stats,no,1,Minnesota Vikings,,Minnesota Vikings,,2026,0.33,0.33,0.33,0.33,0.33,0.33,-,
advanced-teams,/nfl/advanced/teams/fantasy-points-allowed/fantasy-points-per-touch-allowed,Fantasy Points Per Touch Allowed | NFL Advanced Team Stats,no,2,Washington Commanders,,Washington Commanders,,2026,0.58,0.58,0.58,0.58,0.58,-,0.58,
advanced-teams,/nfl/advanced/teams/fantasy-points-allowed/fantasy-points-per-touch-allowed,Fantasy Points Per Touch Allowed | NFL Advanced Team Stats,no,2,Arizona Cardinals,,Arizona Cardinals,,2026,0.58,0.58,0.58,0.58,0.58,-,0.58,
advanced-teams,/nfl/advanced/teams/fantasy-points-allowed/fantasy-points-per-touch-allowed,Fantasy Points Per Touch Allowed | NFL Advanced Team Stats,no,4,Atlanta Falcons,,Atlanta Falcons,,2026,0.58,0.58,0.58,0.58,0.58,-,0.58,
advanced-teams,/nfl/advanced/teams/fantasy-points-allowed/fantasy-points-per-touch-allowed,Fantasy Points Per Touch Allowed | NFL Advanced Team Stats,no,5,Houston Texans,,Houston Texans,,2026,0.58,0.58,0.58,0.58,0.58,0.58,-,
advanced-teams,/nfl/advanced/teams/fantasy-points-allowed/full-ppr,Full PPR Fantasy Points Allowed | NFL Advanced Team Stats,no,1,Kansas City Chiefs,,Kansas City Chiefs,,,,5.4,5.4,5.4,5.4,5.4,-,"{""FPTS/Game"": ""5.4""}"
advanced-teams,/nfl/advanced/teams/fantasy-points-allowed/full-ppr,Full PPR Fantasy Points Allowed | NFL Advanced Team Stats,no,2,San Francisco 49ers,,San Francisco 49ers,,,,5.5,5.5,5.5,5.5,-,5.5,"{""FPTS/Game"": ""5.5""}"
advanced-teams,/nfl/advanced/teams/fantasy-points-allowed/full-ppr,Full PPR Fantasy Points Allowed | NFL Advanced Team Stats,no,3,Pittsburgh Steelers,,Pittsburgh Steelers,,,,5.7,5.7,5.7,5.7,5.7,-,"{""FPTS/Game"": ""5.7""}"
advanced-teams,/nfl/advanced/teams/fantasy-points-allowed/full-ppr,Full PPR Fantasy Points Allowed | NFL Advanced Team Stats,no,4,Baltimore Ravens,,Baltimore Ravens,,,,9.0,9.0,9.0,9.0,-,9.0,"{""FPTS/Game"": ""9.0""}"
advanced-teams,/nfl/advanced/teams/fantasy-points-allowed/full-ppr,Full PPR Fantasy Points Allowed | NFL Advanced Team Stats,no,5,Tennessee Titans,,Tennessee Titans,,,,9.3,9.3,9.3,9.3,9.3,-,"{""FPTS/Game"": ""9.3""}"
advanced-teams,/nfl/advanced/teams/fantasy-points-allowed/standard-scoring,Standard Scoring Allowed | NFL Advanced Team Stats,no,1,Kansas City Chiefs,,Kansas City Chiefs,,,,5.4,5.4,5.4,5.4,5.4,-,"{""FPTS/Game"": ""5.4""}"
advanced-teams,/nfl/advanced/teams/fantasy-points-allowed/standard-scoring,Standard Scoring Allowed | NFL Advanced Team Stats,no,2,San Francisco 49ers,,San Francisco 49ers,,,,5.5,5.5,5.5,5.5,-,5.5,"{""FPTS/Game"": ""5.5""}"
advanced-teams,/nfl/advanced/teams/fantasy-points-allowed/standard-scoring,Standard Scoring Allowed | NFL Advanced Team Stats,no,3,Pittsburgh Steelers,,Pittsburgh Steelers,,,,5.7,5.7,5.7,5.7,5.7,-,"{""FPTS/Game"": ""5.7""}"
advanced-teams,/nfl/advanced/teams/fantasy-points-allowed/standard-scoring,Standard Scoring Allowed | NFL Advanced Team Stats,no,4,Baltimore Ravens,,Baltimore Ravens,,,,9.0,9.0,9.0,9.0,-,9.0,"{""FPTS/Game"": ""9.0""}"
advanced-teams,/nfl/advanced/teams/fantasy-points-allowed/standard-scoring,Standard Scoring Allowed | NFL Advanced Team Stats,no,5,Tennessee Titans,,Tennessee Titans,,,,9.3,9.3,9.3,9.3,9.3,-,"{""FPTS/Game"": ""9.3""}"
advanced-teams,/nfl/advanced/teams/fantasy-points-allowed/underdog-fantasy,Underdog Fantasy Points Allowed | NFL Advanced Team Stats,no,1,Kansas City Chiefs,,Kansas City Chiefs,,,,6.4,6.4,6.4,6.4,6.4,-,"{""FPTS/Game"": ""6.4""}"
advanced-teams,/nfl/advanced/teams/fantasy-points-allowed/underdog-fantasy,Underdog Fantasy Points Allowed | NFL Advanced Team Stats,no,2,San Francisco 49ers,,San Francisco 49ers,,,,6.5,6.5,6.5,6.5,-,6.5,"{""FPTS/Game"": ""6.5""}"
advanced-teams,/nfl/advanced/teams/fantasy-points-allowed/underdog-fantasy,Underdog Fantasy Points Allowed | NFL Advanced Team Stats,no,3,Pittsburgh Steelers,,Pittsburgh Steelers,,,,7.7,7.7,7.7,7.7,7.7,-,"{""FPTS/Game"": ""7.7""}"
advanced-teams,/nfl/advanced/teams/fantasy-points-allowed/underdog-fantasy,Underdog Fantasy Points Allowed | NFL Advanced Team Stats,no,4,Tennessee Titans,,Tennessee Titans,,,,9.3,9.3,9.3,9.3,9.3,-,"{""FPTS/Game"": ""9.3""}"
advanced-teams,/nfl/advanced/teams/fantasy-points-allowed/underdog-fantasy,Underdog Fantasy Points Allowed | NFL Advanced Team Stats,no,5,Baltimore Ravens,,Baltimore Ravens,,,,10.0,10.0,10.0,10.0,-,10.0,"{""FPTS/Game"": ""10.0""}"
advanced-teams,/nfl/advanced/teams/pace-playcalling/motion-rate,Team Motion Rate | NFL Advanced Team Stats,no,1,Los Angeles Chargers,,Los Angeles Chargers,,2026,84.3%,84.3%,84.3%,84.3%,84.3%,84.3%,-,"{""2025"": ""51.5%""}"
advanced-teams,/nfl/advanced/teams/pace-playcalling/motion-rate,Team Motion Rate | NFL Advanced Team Stats,no,2,San Francisco 49ers,,San Francisco 49ers,,2026,78.1%,78.1%,78.1%,78.1%,78.1%,-,78.1%,"{""2025"": ""67.0%""}"
advanced-teams,/nfl/advanced/teams/pace-playcalling/motion-rate,Team Motion Rate | NFL Advanced Team Stats,no,3,Atlanta Falcons,,Atlanta Falcons,,2026,75.4%,75.4%,75.4%,75.4%,75.4%,-,75.4%,"{""2025"": ""65.7%""}"
advanced-teams,/nfl/advanced/teams/pace-playcalling/motion-rate,Team Motion Rate | NFL Advanced Team Stats,no,4,Indianapolis Colts,,Indianapolis Colts,,2026,69.8%,69.8%,69.8%,69.8%,69.8%,69.8%,-,"{""2025"": ""52.5%""}"
advanced-teams,/nfl/advanced/teams/pace-playcalling/motion-rate,Team Motion Rate | NFL Advanced Team Stats,no,5,Tampa Bay Buccaneers,,Tampa Bay Buccaneers,,2026,69.2%,69.2%,69.2%,69.2%,69.2%,-,69.2%,"{""2025"": ""61.5%""}"
advanced-teams,/nfl/advanced/teams/pace-playcalling/neutral-situation-pace,Neutral Situation Pace | NFL Advanced Stats,no,1,Green Bay Packers,,Green Bay Packers,,2026,21.8,21.8,21.8,21.8,21.8,-,21.8,"{""2025"": ""30.2""}"
advanced-teams,/nfl/advanced/teams/pace-playcalling/neutral-situation-pace,Neutral Situation Pace | NFL Advanced Stats,no,2,Tennessee Titans,,Tennessee Titans,,2026,22.0,22.0,22.0,22.0,22.0,22.0,-,"{""2025"": ""29.2""}"
advanced-teams,/nfl/advanced/teams/pace-playcalling/neutral-situation-pace,Neutral Situation Pace | NFL Advanced Stats,no,3,Carolina Panthers,,Carolina Panthers,,2026,22.3,22.3,22.3,22.3,22.3,22.3,-,"{""2025"": ""30.0""}"
advanced-teams,/nfl/advanced/teams/pace-playcalling/neutral-situation-pace,Neutral Situation Pace | NFL Advanced Stats,no,4,Washington Commanders,,Washington Commanders,,2026,22.7,22.7,22.7,22.7,22.7,-,22.7,"{""2025"": ""29.5""}"
advanced-teams,/nfl/advanced/teams/pace-playcalling/neutral-situation-pace,Neutral Situation Pace | NFL Advanced Stats,no,5,New Orleans Saints,,New Orleans Saints,,2026,23.6,23.6,23.6,23.6,23.6,-,23.6,"{""2025"": ""26.2""}"
advanced-teams,/nfl/advanced/teams/pace-playcalling/no-huddle-rate,No Huddle Rate | NFL Advanced Stats,no,1,Tennessee Titans,,Tennessee Titans,,2026,22.4%,22.4%,22.4%,22.4%,22.4%,22.4%,-,"{""2025"": ""10.2%""}"
advanced-teams,/nfl/advanced/teams/pace-playcalling/no-huddle-rate,No Huddle Rate | NFL Advanced Stats,no,2,New Orleans Saints,,New Orleans Saints,,2026,22.1%,22.1%,22.1%,22.1%,22.1%,-,22.1%,"{""2025"": ""22.7%""}"
advanced-teams,/nfl/advanced/teams/pace-playcalling/no-huddle-rate,No Huddle Rate | NFL Advanced Stats,no,3,Philadelphia Eagles,,Philadelphia Eagles,,2026,15.7%,15.7%,15.7%,15.7%,15.7%,15.7%,-,"{""2025"": ""19.3%""}"
advanced-teams,/nfl/advanced/teams/pace-playcalling/no-huddle-rate,No Huddle Rate | NFL Advanced Stats,no,4,Green Bay Packers,,Green Bay Packers,,2026,14.9%,14.9%,14.9%,14.9%,14.9%,-,14.9%,"{""2025"": ""8.8%""}"
advanced-teams,/nfl/advanced/teams/pace-playcalling/no-huddle-rate,No Huddle Rate | NFL Advanced Stats,no,5,Indianapolis Colts,,Indianapolis Colts,,2026,13.2%,13.2%,13.2%,13.2%,13.2%,13.2%,-,"{""2025"": ""5.1%""}"
advanced-teams,/nfl/advanced/teams/pace-playcalling/pass-rate-negative-game-script,Pass Rate Negative Script | NFL Advanced Stats,no,1,Green Bay Packers,,Green Bay Packers,,2026,100.0%,100.0%,100.0%,100.0%,100.0%,-,100.0%,"{""2025"": ""57.7%""}"
advanced-teams,/nfl/advanced/teams/pace-playcalling/pass-rate-negative-game-script,Pass Rate Negative Script | NFL Advanced Stats,no,2,Dallas Cowboys,,Dallas Cowboys,,2026,81.0%,81.0%,81.0%,81.0%,81.0%,-,81.0%,"{""2025"": ""65.0%""}"
advanced-teams,/nfl/advanced/teams/pace-playcalling/pass-rate-negative-game-script,Pass Rate Negative Script | NFL Advanced Stats,no,3,Los Angeles Chargers,,Los Angeles Chargers,,2026,75.0%,75.0%,75.0%,75.0%,75.0%,75.0%,-,"{""2025"": ""69.4%""}"
advanced-teams,/nfl/advanced/teams/pace-playcalling/pass-rate-negative-game-script,Pass Rate Negative Script | NFL Advanced Stats,no,4,Tennessee Titans,,Tennessee Titans,,2026,74.1%,74.1%,74.1%,74.1%,74.1%,74.1%,-,"{""2025"": ""73.2%""}"
advanced-teams,/nfl/advanced/teams/pace-playcalling/pass-rate-negative-game-script,Pass Rate Negative Script | NFL Advanced Stats,no,5,Seattle Seahawks,,Seattle Seahawks,,2026,70.0%,70.0%,70.0%,70.0%,70.0%,70.0%,-,"{""2025"": ""55.9%""}"
advanced-teams,/nfl/advanced/teams/pace-playcalling/pass-rate-neutral-game-script,Pass Rate Neutral Script | NFL Advanced Stats,no,1,Denver Broncos,,Denver Broncos,,2026,72.7%,72.7%,72.7%,72.7%,72.7%,-,72.7%,"{""2025"": ""58.0%""}"
advanced-teams,/nfl/advanced/teams/pace-playcalling/pass-rate-neutral-game-script,Pass Rate Neutral Script | NFL Advanced Stats,no,1,Indianapolis Colts,,Indianapolis Colts,,2026,72.7%,72.7%,72.7%,72.7%,72.7%,72.7%,-,"{""2025"": ""55.7%""}"
advanced-teams,/nfl/advanced/teams/pace-playcalling/pass-rate-neutral-game-script,Pass Rate Neutral Script | NFL Advanced Stats,no,3,Pittsburgh Steelers,,Pittsburgh Steelers,,2026,67.9%,67.9%,67.9%,67.9%,67.9%,67.9%,-,"{""2025"": ""57.3%""}"
advanced-teams,/nfl/advanced/teams/pace-playcalling/pass-rate-neutral-game-script,Pass Rate Neutral Script | NFL Advanced Stats,no,4,New Orleans Saints,,New Orleans Saints,,2026,65.2%,65.2%,65.2%,65.2%,65.2%,-,65.2%,"{""2025"": ""56.1%""}"
advanced-teams,/nfl/advanced/teams/pace-playcalling/pass-rate-neutral-game-script,Pass Rate Neutral Script | NFL Advanced Stats,no,5,Tennessee Titans,,Tennessee Titans,,2026,65.0%,65.0%,65.0%,65.0%,65.0%,65.0%,-,"{""2025"": ""54.0%""}"
advanced-teams,/nfl/advanced/teams/pace-playcalling/pass-rate-positive-game-script,Pass Rate Positive Script | NFL Advanced Stats,no,1,Detroit Lions,,Detroit Lions,,2026,100.0%,100.0%,100.0%,100.0%,100.0%,100.0%,-,"{""2025"": ""43.2%""}"
advanced-teams,/nfl/advanced/teams/pace-playcalling/pass-rate-positive-game-script,Pass Rate Positive Script | NFL Advanced Stats,no,2,New England Patriots,,New England Patriots,,2026,66.7%,66.7%,66.7%,66.7%,66.7%,-,66.7%,"{""2025"": ""42.9%""}"
advanced-teams,/nfl/advanced/teams/pace-playcalling/pass-rate-positive-game-script,Pass Rate Positive Script | NFL Advanced Stats,no,3,Green Bay Packers,,Green Bay Packers,,2026,56.5%,56.5%,56.5%,56.5%,56.5%,-,56.5%,"{""2025"": ""41.1%""}"
advanced-teams,/nfl/advanced/teams/pace-playcalling/pass-rate-positive-game-script,Pass Rate Positive Script | NFL Advanced Stats,no,4,Cincinnati Bengals,,Cincinnati Bengals,,2026,55.2%,55.2%,55.2%,55.2%,55.2%,55.2%,-,"{""2025"": ""42.9%""}"
advanced-teams,/nfl/advanced/teams/pace-playcalling/pass-rate-positive-game-script,Pass Rate Positive Script | NFL Advanced Stats,no,5,Kansas City Chiefs,,Kansas City Chiefs,,2026,43.5%,43.5%,43.5%,43.5%,43.5%,43.5%,-,"{""2025"": ""40.0%""}"
advanced-teams,/nfl/advanced/teams/pace-playcalling/pass-rate-red-zone,Pass Rate Red Zone | NFL Advanced Stats,no,1,New England Patriots,,New England Patriots,,2026,100.0%,100.0%,100.0%,100.0%,100.0%,-,100.0%,"{""2025"": ""47.7%""}"
advanced-teams,/nfl/advanced/teams/pace-playcalling/pass-rate-red-zone,Pass Rate Red Zone | NFL Advanced Stats,no,1,Tennessee Titans,,Tennessee Titans,,2026,100.0%,100.0%,100.0%,100.0%,100.0%,100.0%,-,"{""2025"": ""58.4%""}"
advanced-teams,/nfl/advanced/teams/pace-playcalling/pass-rate-red-zone,Pass Rate Red Zone | NFL Advanced Stats,no,3,Pittsburgh Steelers,,Pittsburgh Steelers,,2026,83.3%,83.3%,83.3%,83.3%,83.3%,83.3%,-,"{""2025"": ""51.8%""}"
advanced-teams,/nfl/advanced/teams/pace-playcalling/pass-rate-red-zone,Pass Rate Red Zone | NFL Advanced Stats,no,4,San Francisco 49ers,,San Francisco 49ers,,2026,80.0%,80.0%,80.0%,80.0%,80.0%,-,80.0%,"{""2025"": ""50.7%""}"
advanced-teams,/nfl/advanced/teams/pace-playcalling/pass-rate-red-zone,Pass Rate Red Zone | NFL Advanced Stats,no,5,Denver Broncos,,Denver Broncos,,2026,75.0%,75.0%,75.0%,75.0%,75.0%,-,75.0%,"{""2025"": ""56.5%""}"
advanced-teams,/nfl/advanced/teams/pace-playcalling/play-action-rate,Play Action Rate | NFL Advanced Stats,no,1,Jacksonville Jaguars,,Jacksonville Jaguars,,2026,41.7%,41.7%,41.7%,41.7%,41.7%,41.7%,-,"{""2025"": ""21.8%""}"
advanced-teams,/nfl/advanced/teams/pace-playcalling/play-action-rate,Play Action Rate | NFL Advanced Stats,no,2,Seattle Seahawks,,Seattle Seahawks,,2026,40.7%,40.7%,40.7%,40.7%,40.7%,40.7%,-,"{""2025"": ""25.1%""}"
advanced-teams,/nfl/advanced/teams/pace-playcalling/play-action-rate,Play Action Rate | NFL Advanced Stats,no,3,Tampa Bay Buccaneers,,Tampa Bay Buccaneers,,2026,36.1%,36.1%,36.1%,36.1%,36.1%,-,36.1%,"{""2025"": ""16.7%""}"
advanced-teams,/nfl/advanced/teams/pace-playcalling/play-action-rate,Play Action Rate | NFL Advanced Stats,no,4,New York Jets,,New York Jets,,2026,34.6%,34.6%,34.6%,34.6%,34.6%,-,34.6%,"{""2025"": ""17.8%""}"
advanced-teams,/nfl/advanced/teams/pace-playcalling/play-action-rate,Play Action Rate | NFL Advanced Stats,no,5,Baltimore Ravens,,Baltimore Ravens,,2026,34.5%,34.5%,34.5%,34.5%,34.5%,-,34.5%,"{""2025"": ""22.2%""}"
advanced-teams,/nfl/advanced/teams/pace-playcalling/run-pass-action-rate,RPO Rate | NFL Advanced Stats,no,1,Washington Commanders,,Washington Commanders,,2026,25.0%,25.0%,25.0%,25.0%,25.0%,-,25.0%,"{""2025"": ""13.5%""}"
advanced-teams,/nfl/advanced/teams/pace-playcalling/run-pass-action-rate,RPO Rate | NFL Advanced Stats,no,2,Philadelphia Eagles,,Philadelphia Eagles,,2026,21.2%,21.2%,21.2%,21.2%,21.2%,21.2%,-,"{""2025"": ""10.9%""}"
advanced-teams,/nfl/advanced/teams/pace-playcalling/run-pass-action-rate,RPO Rate | NFL Advanced Stats,no,3,Baltimore Ravens,,Baltimore Ravens,,2026,17.2%,17.2%,17.2%,17.2%,17.2%,-,17.2%,"{""2025"": ""10.5%""}"
advanced-teams,/nfl/advanced/teams/pace-playcalling/run-pass-action-rate,RPO Rate | NFL Advanced Stats,no,4,Cincinnati Bengals,,Cincinnati Bengals,,2026,16.2%,16.2%,16.2%,16.2%,16.2%,16.2%,-,"{""2025"": ""14.2%""}"
advanced-teams,/nfl/advanced/teams/pace-playcalling/run-pass-action-rate,RPO Rate | NFL Advanced Stats,no,5,Tennessee Titans,,Tennessee Titans,,2026,10.3%,10.3%,10.3%,10.3%,10.3%,10.3%,-,"{""2025"": ""17.0%""}"
advanced-teams,/nfl/advanced/teams/pace-playcalling/rush-rate-negative-game-script,Rush Rate Negative Script | NFL Advanced Stats,no,1,Atlanta Falcons,,Atlanta Falcons,,2026,80.0%,80.0%,80.0%,80.0%,80.0%,-,80.0%,"{""2025"": ""36.4%""}"
advanced-teams,/nfl/advanced/teams/pace-playcalling/rush-rate-negative-game-script,Rush Rate Negative Script | NFL Advanced Stats,no,2,Minnesota Vikings,,Minnesota Vikings,,2026,50.0%,50.0%,50.0%,50.0%,50.0%,50.0%,-,"{""2025"": ""30.7%""}"
advanced-teams,/nfl/advanced/teams/pace-playcalling/rush-rate-negative-game-script,Rush Rate Negative Script | NFL Advanced Stats,no,2,Cleveland Browns,,Cleveland Browns,,2026,50.0%,50.0%,50.0%,50.0%,50.0%,-,50.0%,"{""2025"": ""29.3%""}"
advanced-teams,/nfl/advanced/teams/pace-playcalling/rush-rate-negative-game-script,Rush Rate Negative Script | NFL Advanced Stats,no,4,Los Angeles Rams,,Los Angeles Rams,,2026,46.9%,46.9%,46.9%,46.9%,46.9%,46.9%,-,"{""2025"": ""27.7%""}"
advanced-teams,/nfl/advanced/teams/pace-playcalling/rush-rate-negative-game-script,Rush Rate Negative Script | NFL Advanced Stats,no,4,Washington Commanders,,Washington Commanders,,2026,46.9%,46.9%,46.9%,46.9%,46.9%,-,46.9%,"{""2025"": ""46.6%""}"
advanced-teams,/nfl/advanced/teams/pace-playcalling/rush-rate-neutral-game-script,Rush Rate Neutral Script | NFL Advanced Stats,no,1,Baltimore Ravens,,Baltimore Ravens,,2026,66.7%,66.7%,66.7%,66.7%,66.7%,-,66.7%,"{""2025"": ""53.5%""}"
advanced-teams,/nfl/advanced/teams/pace-playcalling/rush-rate-neutral-game-script,Rush Rate Neutral Script | NFL Advanced Stats,no,2,New York Jets,,New York Jets,,2026,63.9%,63.9%,63.9%,63.9%,63.9%,-,63.9%,"{""2025"": ""58.6%""}"
advanced-teams,/nfl/advanced/teams/pace-playcalling/rush-rate-neutral-game-script,Rush Rate Neutral Script | NFL Advanced Stats,no,3,Kansas City Chiefs,,Kansas City Chiefs,,2026,58.3%,58.3%,58.3%,58.3%,58.3%,58.3%,-,"{""2025"": ""41.5%""}"
advanced-teams,/nfl/advanced/teams/pace-playcalling/rush-rate-neutral-game-script,Rush Rate Neutral Script | NFL Advanced Stats,no,4,Chicago Bears,,Chicago Bears,,2026,56.3%,56.3%,56.3%,56.3%,56.3%,-,56.3%,"{""2025"": ""48.5%""}"
advanced-teams,/nfl/advanced/teams/pace-playcalling/rush-rate-neutral-game-script,Rush Rate Neutral Script | NFL Advanced Stats,no,5,New York Giants,,New York Giants,,2026,55.1%,55.1%,55.1%,55.1%,55.1%,55.1%,-,"{""2025"": ""50.0%""}"
advanced-teams,/nfl/advanced/teams/pace-playcalling/rush-rate-positive-game-script,Rush Rate Positive Script | NFL Advanced Stats,no,1,Arizona Cardinals,,Arizona Cardinals,,2026,81.8%,81.8%,81.8%,81.8%,81.8%,-,81.8%,"{""2025"": ""45.9%""}"
advanced-teams,/nfl/advanced/teams/pace-playcalling/rush-rate-positive-game-script,Rush Rate Positive Script | NFL Advanced Stats,no,2,Minnesota Vikings,,Minnesota Vikings,,2026,75.0%,75.0%,75.0%,75.0%,75.0%,75.0%,-,"{""2025"": ""60.0%""}"
advanced-teams,/nfl/advanced/teams/pace-playcalling/rush-rate-positive-game-script,Rush Rate Positive Script | NFL Advanced Stats,no,3,San Francisco 49ers,,San Francisco 49ers,,2026,70.0%,70.0%,70.0%,70.0%,70.0%,-,70.0%,"{""2025"": ""60.3%""}"
advanced-teams,/nfl/advanced/teams/pace-playcalling/rush-rate-positive-game-script,Rush Rate Positive Script | NFL Advanced Stats,no,4,Chicago Bears,,Chicago Bears,,2026,68.8%,68.8%,68.8%,68.8%,68.8%,-,68.8%,"{""2025"": ""56.2%""}"
advanced-teams,/nfl/advanced/teams/pace-playcalling/rush-rate-positive-game-script,Rush Rate Positive Script | NFL Advanced Stats,no,5,New York Giants,,New York Giants,,2026,66.7%,66.7%,66.7%,66.7%,66.7%,66.7%,-,"{""2025"": ""56.7%""}"
advanced-teams,/nfl/advanced/teams/pace-playcalling/rush-rate-red-zone,Rush Rate Red Zone | NFL Advanced Stats,no,1,New York Jets,,New York Jets,,2026,85.7%,85.7%,85.7%,85.7%,85.7%,-,85.7%,"{""2025"": ""48.8%""}"
advanced-teams,/nfl/advanced/teams/pace-playcalling/rush-rate-red-zone,Rush Rate Red Zone | NFL Advanced Stats,no,2,Miami Dolphins,,Miami Dolphins,,2026,80.0%,80.0%,80.0%,80.0%,80.0%,-,80.0%,"{""2025"": ""49.0%""}"
advanced-teams,/nfl/advanced/teams/pace-playcalling/rush-rate-red-zone,Rush Rate Red Zone | NFL Advanced Stats,no,3,Los Angeles Rams,,Los Angeles Rams,,2026,77.8%,77.8%,77.8%,77.8%,77.8%,77.8%,-,"{""2025"": ""43.2%""}"
advanced-teams,/nfl/advanced/teams/pace-playcalling/rush-rate-red-zone,Rush Rate Red Zone | NFL Advanced Stats,no,4,Chicago Bears,,Chicago Bears,,2026,66.7%,66.7%,66.7%,66.7%,66.7%,-,66.7%,"{""2025"": ""54.4%""}"
advanced-teams,/nfl/advanced/teams/pace-playcalling/rush-rate-red-zone,Rush Rate Red Zone | NFL Advanced Stats,no,5,Baltimore Ravens,,Baltimore Ravens,,2026,63.6%,63.6%,63.6%,63.6%,63.6%,-,63.6%,"{""2025"": ""59.9%""}"
advanced-teams,/nfl/advanced/teams/pace-playcalling/screen-pass-rate,Screen Pass Rate | NFL Advanced Stats,no,1,San Francisco 49ers,,San Francisco 49ers,,2026,19.4%,19.4%,19.4%,19.4%,19.4%,-,19.4%,"{""2025"": ""5.9%""}"
advanced-teams,/nfl/advanced/teams/pace-playcalling/screen-pass-rate,Screen Pass Rate | NFL Advanced Stats,no,2,Atlanta Falcons,,Atlanta Falcons,,2026,19.2%,19.2%,19.2%,19.2%,19.2%,-,19.2%,"{""2025"": ""8.5%""}"
advanced-teams,/nfl/advanced/teams/pace-playcalling/screen-pass-rate,Screen Pass Rate | NFL Advanced Stats,no,3,Jacksonville Jaguars,,Jacksonville Jaguars,,2026,16.7%,16.7%,16.7%,16.7%,16.7%,16.7%,-,"{""2025"": ""8.0%""}"
advanced-teams,/nfl/advanced/teams/pace-playcalling/screen-pass-rate,Screen Pass Rate | NFL Advanced Stats,no,4,Kansas City Chiefs,,Kansas City Chiefs,,2026,14.7%,14.7%,14.7%,14.7%,14.7%,14.7%,-,"{""2025"": ""9.1%""}"
advanced-teams,/nfl/advanced/teams/pace-playcalling/screen-pass-rate,Screen Pass Rate | NFL Advanced Stats,no,5,New England Patriots,,New England Patriots,,2026,14.3%,14.3%,14.3%,14.3%,14.3%,-,14.3%,"{""2025"": ""4.2%""}"
advanced-teams,/nfl/advanced/teams/passing/drop-percentage,Drop Percentage | NFL Advanced Team Stats,no,1,Indianapolis Colts,,Indianapolis Colts,,2026,12.5%,12.5%,12.5%,12.5%,12.5%,12.5%,-,"{""2025"": ""4.4%""}"
advanced-teams,/nfl/advanced/teams/passing/drop-percentage,Drop Percentage | NFL Advanced Team Stats,no,2,Kansas City Chiefs,,Kansas City Chiefs,,2026,11.8%,11.8%,11.8%,11.8%,11.8%,11.8%,-,"{""2025"": ""6.3%""}"
advanced-teams,/nfl/advanced/teams/passing/drop-percentage,Drop Percentage | NFL Advanced Team Stats,no,3,Denver Broncos,,Denver Broncos,,2026,9.5%,9.5%,9.5%,9.5%,9.5%,-,9.5%,"{""2025"": ""6.0%""}"
advanced-teams,/nfl/advanced/teams/passing/drop-percentage,Drop Percentage | NFL Advanced Team Stats,no,4,Arizona Cardinals,,Arizona Cardinals,,2026,9.4%,9.4%,9.4%,9.4%,9.4%,-,9.4%,"{""2025"": ""3.6%""}"
advanced-teams,/nfl/advanced/teams/passing/drop-percentage,Drop Percentage | NFL Advanced Team Stats,no,5,New York Jets,,New York Jets,,2026,8.3%,8.3%,8.3%,8.3%,8.3%,-,8.3%,"{""2025"": ""8.2%""}"
advanced-teams,/nfl/advanced/teams/passing/explosive-play-rate,Explosive Play Rate | NFL Advanced Team Stats,no,1,Jacksonville Jaguars,,Jacksonville Jaguars,,2026,37.5%,37.5%,37.5%,37.5%,37.5%,37.5%,-,"{""2025"": ""17.3%""}"
advanced-teams,/nfl/advanced/teams/passing/explosive-play-rate,Explosive Play Rate | NFL Advanced Team Stats,no,2,Baltimore Ravens,,Baltimore Ravens,,2026,33.3%,33.3%,33.3%,33.3%,33.3%,-,33.3%,"{""2025"": ""24.3%""}"
advanced-teams,/nfl/advanced/teams/passing/explosive-play-rate,Explosive Play Rate | NFL Advanced Team Stats,no,3,New York Jets,,New York Jets,,2026,29.2%,29.2%,29.2%,29.2%,29.2%,-,29.2%,"{""2025"": ""14.1%""}"
advanced-teams,/nfl/advanced/teams/passing/explosive-play-rate,Explosive Play Rate | NFL Advanced Team Stats,no,4,Chicago Bears,,Chicago Bears,,2026,29.0%,29.0%,29.0%,29.0%,29.0%,-,29.0%,"{""2025"": ""21.1%""}"
advanced-teams,/nfl/advanced/teams/passing/explosive-play-rate,Explosive Play Rate | NFL Advanced Team Stats,no,5,Buffalo Bills,,Buffalo Bills,,2026,25.0%,25.0%,25.0%,25.0%,25.0%,-,25.0%,"{""2025"": ""23.7%""}"
advanced-teams,/nfl/advanced/teams/passing/left-aligned-fantasy-points-per-route,Team Left-Aligned WR FP/Route | NFL Advanced Team Stats,no,1,San Francisco 49ers,,San Francisco 49ers,,2026,0.65,0.65,0.65,0.65,0.65,-,0.65,"{""2025"": ""0.29""}"
advanced-teams,/nfl/advanced/teams/passing/left-aligned-fantasy-points-per-route,Team Left-Aligned WR FP/Route | NFL Advanced Team Stats,no,2,Minnesota Vikings,,Minnesota Vikings,,2026,0.59,0.59,0.59,0.59,0.59,0.59,-,"{""2025"": ""0.25""}"
advanced-teams,/nfl/advanced/teams/passing/left-aligned-fantasy-points-per-route,Team Left-Aligned WR FP/Route | NFL Advanced Team Stats,no,3,Baltimore Ravens,,Baltimore Ravens,,2026,0.52,0.52,0.52,0.52,0.52,-,0.52,"{""2025"": ""0.31""}"
advanced-teams,/nfl/advanced/teams/passing/left-aligned-fantasy-points-per-route,Team Left-Aligned WR FP/Route | NFL Advanced Team Stats,no,4,Carolina Panthers,,Carolina Panthers,,2026,0.52,0.52,0.52,0.52,0.52,0.52,-,"{""2025"": ""0.26""}"
advanced-teams,/nfl/advanced/teams/passing/left-aligned-fantasy-points-per-route,Team Left-Aligned WR FP/Route | NFL Advanced Team Stats,no,5,Seattle Seahawks,,Seattle Seahawks,,2026,0.46,0.46,0.46,0.46,0.46,0.46,-,"{""2025"": ""0.36""}"
advanced-teams,/nfl/advanced/teams/passing/left-aligned-receptions,Team Left-Aligned WR Receptions | NFL Advanced Team Stats,no,1,New Orleans Saints,,New Orleans Saints,,2026,9,9,9,9,9,-,9,"{""2025"": ""110""}"
advanced-teams,/nfl/advanced/teams/passing/left-aligned-receptions,Team Left-Aligned WR Receptions | NFL Advanced Team Stats,no,1,Chicago Bears,,Chicago Bears,,2026,9,9,9,9,9,-,9,"{""2025"": ""82""}"
advanced-teams,/nfl/advanced/teams/passing/left-aligned-receptions,Team Left-Aligned WR Receptions | NFL Advanced Team Stats,no,1,Detroit Lions,,Detroit Lions,,2026,9,9,9,9,9,9,-,"{""2025"": ""100""}"
advanced-teams,/nfl/advanced/teams/passing/left-aligned-receptions,Team Left-Aligned WR Receptions | NFL Advanced Team Stats,no,4,San Francisco 49ers,,San Francisco 49ers,,2026,8,8,8,8,8,-,8,"{""2025"": ""89""}"
advanced-teams,/nfl/advanced/teams/passing/left-aligned-receptions,Team Left-Aligned WR Receptions | NFL Advanced Team Stats,no,4,Indianapolis Colts,,Indianapolis Colts,,2026,8,8,8,8,8,8,-,"{""2025"": ""109""}"
advanced-teams,/nfl/advanced/teams/passing/left-aligned-target-rate,Team Left-Aligned WR Target Rate | NFL Advanced Team Stats,no,1,Miami Dolphins,,Miami Dolphins,,2026,31.4%,31.4%,31.4%,31.4%,31.4%,-,31.4%,"{""2025"": ""20.6%""}"
advanced-teams,/nfl/advanced/teams/passing/left-aligned-target-rate,Team Left-Aligned WR Target Rate | NFL Advanced Team Stats,no,2,Jacksonville Jaguars,,Jacksonville Jaguars,,2026,29.2%,29.2%,29.2%,29.2%,29.2%,29.2%,-,"{""2025"": ""24.8%""}"
advanced-teams,/nfl/advanced/teams/passing/left-aligned-target-rate,Team Left-Aligned WR Target Rate | NFL Advanced Team Stats,no,3,New York Giants,,New York Giants,,2026,28.1%,28.1%,28.1%,28.1%,28.1%,28.1%,-,"{""2025"": ""18.5%""}"
advanced-teams,/nfl/advanced/teams/passing/left-aligned-target-rate,Team Left-Aligned WR Target Rate | NFL Advanced Team Stats,no,4,Chicago Bears,,Chicago Bears,,2026,27.3%,27.3%,27.3%,27.3%,27.3%,-,27.3%,"{""2025"": ""19.4%""}"
advanced-teams,/nfl/advanced/teams/passing/left-aligned-target-rate,Team Left-Aligned WR Target Rate | NFL Advanced Team Stats,no,5,Dallas Cowboys,,Dallas Cowboys,,2026,26.1%,26.1%,26.1%,26.1%,26.1%,-,26.1%,"{""2025"": ""21.8%""}"
advanced-teams,/nfl/advanced/teams/passing/left-aligned-targets,Team Left-Aligned WR Targets | NFL Advanced Team Stats,no,1,Green Bay Packers,,Green Bay Packers,,2026,13,13,13,13,13,-,13,"{""2025"": ""123""}"
advanced-teams,/nfl/advanced/teams/passing/left-aligned-targets,Team Left-Aligned WR Targets | NFL Advanced Team Stats,no,1,New Orleans Saints,,New Orleans Saints,,2026,13,13,13,13,13,-,13,"{""2025"": ""169""}"
advanced-teams,/nfl/advanced/teams/passing/left-aligned-targets,Team Left-Aligned WR Targets | NFL Advanced Team Stats,no,1,Detroit Lions,,Detroit Lions,,2026,13,13,13,13,13,13,-,"{""2025"": ""153""}"
advanced-teams,/nfl/advanced/teams/passing/left-aligned-targets,Team Left-Aligned WR Targets | NFL Advanced Team Stats,no,4,Dallas Cowboys,,Dallas Cowboys,,2026,12,12,12,12,12,-,12,"{""2025"": ""191""}"
advanced-teams,/nfl/advanced/teams/passing/left-aligned-targets,Team Left-Aligned WR Targets | NFL Advanced Team Stats,no,5,Miami Dolphins,,Miami Dolphins,,2026,11,11,11,11,11,-,11,"{""2025"": ""110""}"
advanced-teams,/nfl/advanced/teams/passing/pass-rate-over-expected,Pass Rate Over Expectation | NFL Advanced Team Stats,no,1,Buffalo Bills,,Buffalo Bills,,2026,-,-,-,-,-,-,-,"{""2025"": ""-3.5""}"
advanced-teams,/nfl/advanced/teams/passing/pass-rate-over-expected,Pass Rate Over Expectation | NFL Advanced Team Stats,no,1,Green Bay Packers,,Green Bay Packers,,2026,-,-,-,-,-,-,-,"{""2025"": ""-4.4""}"
advanced-teams,/nfl/advanced/teams/passing/pass-rate-over-expected,Pass Rate Over Expectation | NFL Advanced Team Stats,no,1,New England Patriots,,New England Patriots,,2026,-,-,-,-,-,-,-,"{""2025"": ""2.4""}"
advanced-teams,/nfl/advanced/teams/passing/pass-rate-over-expected,Pass Rate Over Expectation | NFL Advanced Team Stats,no,1,Tennessee Titans,,Tennessee Titans,,2026,-,-,-,-,-,-,-,"{""2025"": ""-3.9""}"
advanced-teams,/nfl/advanced/teams/passing/pass-rate-over-expected,Pass Rate Over Expectation | NFL Advanced Team Stats,no,1,San Francisco 49ers,,San Francisco 49ers,,2026,-,-,-,-,-,-,-,"{""2025"": ""-0.9""}"
advanced-teams,/nfl/advanced/teams/passing/pass-rate-over-expected-plus,Pass Rate Over Expectation Plus (PROE+) | NFL Advanced Team Stats,no,1,Buffalo Bills,,Buffalo Bills,,2026,-,-,-,-,-,-,-,"{""2025"": ""0.48""}"
advanced-teams,/nfl/advanced/teams/passing/pass-rate-over-expected-plus,Pass Rate Over Expectation Plus (PROE+) | NFL Advanced Team Stats,no,1,Green Bay Packers,,Green Bay Packers,,2026,-,-,-,-,-,-,-,"{""2025"": ""0.44""}"
advanced-teams,/nfl/advanced/teams/passing/pass-rate-over-expected-plus,Pass Rate Over Expectation Plus (PROE+) | NFL Advanced Team Stats,no,1,New England Patriots,,New England Patriots,,2026,-,-,-,-,-,-,-,"{""2025"": ""0.57""}"
advanced-teams,/nfl/advanced/teams/passing/pass-rate-over-expected-plus,Pass Rate Over Expectation Plus (PROE+) | NFL Advanced Team Stats,no,1,Tennessee Titans,,Tennessee Titans,,2026,-,-,-,-,-,-,-,"{""2025"": ""0.57""}"
advanced-teams,/nfl/advanced/teams/passing/pass-rate-over-expected-plus,Pass Rate Over Expectation Plus (PROE+) | NFL Advanced Team Stats,no,1,San Francisco 49ers,,San Francisco 49ers,,2026,-,-,-,-,-,-,-,"{""2025"": ""0.55""}"
advanced-teams,/nfl/advanced/teams/passing/pass-yards-after-catch,Pass Yards After Catch | NFL Advanced Team Stats,no,1,Baltimore Ravens,,Baltimore Ravens,,2026,169,169,169,169,169,-,169,"{""2025"": ""1361""}"
advanced-teams,/nfl/advanced/teams/passing/pass-yards-after-catch,Pass Yards After Catch | NFL Advanced Team Stats,no,2,Tampa Bay Buccaneers,,Tampa Bay Buccaneers,,2026,167,167,167,167,167,-,167,"{""2025"": ""1975""}"
advanced-teams,/nfl/advanced/teams/passing/pass-yards-after-catch,Pass Yards After Catch | NFL Advanced Team Stats,no,3,Kansas City Chiefs,,Kansas City Chiefs,,2026,166,166,166,166,166,166,-,"{""2025"": ""2110""}"
advanced-teams,/nfl/advanced/teams/passing/pass-yards-after-catch,Pass Yards After Catch | NFL Advanced Team Stats,no,4,Green Bay Packers,,Green Bay Packers,,2026,160,160,160,160,160,-,160,"{""2025"": ""1665""}"
advanced-teams,/nfl/advanced/teams/passing/pass-yards-after-catch,Pass Yards After Catch | NFL Advanced Team Stats,no,5,Carolina Panthers,,Carolina Panthers,,2026,156,156,156,156,156,156,-,"{""2025"": ""1629""}"
advanced-teams,/nfl/advanced/teams/passing/pass-yards-after-catch-per-completion,Pass YAC/Completion | NFL Advanced Team Stats,no,1,Kansas City Chiefs,,Kansas City Chiefs,,2026,11.1,11.1,11.1,11.1,11.1,11.1,-,"{""2025"": ""5.8""}"
advanced-teams,/nfl/advanced/teams/passing/pass-yards-after-catch-per-completion,Pass YAC/Completion | NFL Advanced Team Stats,no,2,Baltimore Ravens,,Baltimore Ravens,,2026,9.9,9.9,9.9,9.9,9.9,-,9.9,"{""2025"": ""4.9""}"
advanced-teams,/nfl/advanced/teams/passing/pass-yards-after-catch-per-completion,Pass YAC/Completion | NFL Advanced Team Stats,no,3,Atlanta Falcons,,Atlanta Falcons,,2026,9.8,9.8,9.8,9.8,9.8,-,9.8,"{""2025"": ""5.6""}"
advanced-teams,/nfl/advanced/teams/passing/pass-yards-after-catch-per-completion,Pass YAC/Completion | NFL Advanced Team Stats,no,4,Green Bay Packers,,Green Bay Packers,,2026,7.6,7.6,7.6,7.6,7.6,-,7.6,"{""2025"": ""5.1""}"
advanced-teams,/nfl/advanced/teams/passing/pass-yards-after-catch-per-completion,Pass YAC/Completion | NFL Advanced Team Stats,no,5,Tampa Bay Buccaneers,,Tampa Bay Buccaneers,,2026,7.3,7.3,7.3,7.3,7.3,-,7.3,"{""2025"": ""5.6""}"
advanced-teams,/nfl/advanced/teams/passing/passes-dropped,Passes Dropped | NFL Advanced Team Stats,no,1,Arizona Cardinals,,Arizona Cardinals,,2026,3,3,3,3,3,-,3,"{""2025"": ""17""}"
advanced-teams,/nfl/advanced/teams/passing/passes-dropped,Passes Dropped | NFL Advanced Team Stats,no,1,Indianapolis Colts,,Indianapolis Colts,,2026,3,3,3,3,3,3,-,"{""2025"": ""18""}"
advanced-teams,/nfl/advanced/teams/passing/passes-dropped,Passes Dropped | NFL Advanced Team Stats,no,3,San Francisco 49ers,,San Francisco 49ers,,2026,2,2,2,2,2,-,2,"{""2025"": ""24""}"
advanced-teams,/nfl/advanced/teams/passing/passes-dropped,Passes Dropped | NFL Advanced Team Stats,no,3,New Orleans Saints,,New Orleans Saints,,2026,2,2,2,2,2,-,2,"{""2025"": ""23""}"
advanced-teams,/nfl/advanced/teams/passing/passes-dropped,Passes Dropped | NFL Advanced Team Stats,no,3,Dallas Cowboys,,Dallas Cowboys,,2026,2,2,2,2,2,-,2,"{""2025"": ""28""}"
advanced-teams,/nfl/advanced/teams/passing/perimeter-fantasy-points-per-route,Team Perimeter (Outside) WR FP/Route | NFL Advanced Team Stats,no,1,Buffalo Bills,,Buffalo Bills,,2026,0.69,0.69,0.69,0.69,0.69,-,0.69,"{""2025"": ""0.27""}"
advanced-teams,/nfl/advanced/teams/passing/perimeter-fantasy-points-per-route,Team Perimeter (Outside) WR FP/Route | NFL Advanced Team Stats,no,2,Jacksonville Jaguars,,Jacksonville Jaguars,,2026,0.64,0.64,0.64,0.64,0.64,0.64,-,"{""2025"": ""0.31""}"
advanced-teams,/nfl/advanced/teams/passing/perimeter-fantasy-points-per-route,Team Perimeter (Outside) WR FP/Route | NFL Advanced Team Stats,no,3,Seattle Seahawks,,Seattle Seahawks,,2026,0.58,0.58,0.58,0.58,0.58,0.58,-,"{""2025"": ""0.42""}"
advanced-teams,/nfl/advanced/teams/passing/perimeter-fantasy-points-per-route,Team Perimeter (Outside) WR FP/Route | NFL Advanced Team Stats,no,4,Carolina Panthers,,Carolina Panthers,,2026,0.54,0.54,0.54,0.54,0.54,0.54,-,"{""2025"": ""0.29""}"
advanced-teams,/nfl/advanced/teams/passing/perimeter-fantasy-points-per-route,Team Perimeter (Outside) WR FP/Route | NFL Advanced Team Stats,no,5,Minnesota Vikings,,Minnesota Vikings,,2026,0.51,0.51,0.51,0.51,0.51,0.51,-,"{""2025"": ""0.28""}"
advanced-teams,/nfl/advanced/teams/passing/perimeter-receptions,Team Perimeter (Outside) WR Receptions | NFL Advanced Team Stats,no,1,New Orleans Saints,,New Orleans Saints,,2026,13,13,13,13,13,-,13,"{""2025"": ""134""}"
advanced-teams,/nfl/advanced/teams/passing/perimeter-receptions,Team Perimeter (Outside) WR Receptions | NFL Advanced Team Stats,no,2,Green Bay Packers,,Green Bay Packers,,2026,12,12,12,12,12,-,12,"{""2025"": ""105""}"
advanced-teams,/nfl/advanced/teams/passing/perimeter-receptions,Team Perimeter (Outside) WR Receptions | NFL Advanced Team Stats,no,3,Jacksonville Jaguars,,Jacksonville Jaguars,,2026,11,11,11,11,11,11,-,"{""2025"": ""127""}"
advanced-teams,/nfl/advanced/teams/passing/perimeter-receptions,Team Perimeter (Outside) WR Receptions | NFL Advanced Team Stats,no,3,Carolina Panthers,,Carolina Panthers,,2026,11,11,11,11,11,11,-,"{""2025"": ""108""}"
advanced-teams,/nfl/advanced/teams/passing/perimeter-receptions,Team Perimeter (Outside) WR Receptions | NFL Advanced Team Stats,no,5,Arizona Cardinals,,Arizona Cardinals,,2026,10,10,10,10,10,-,10,"{""2025"": ""126""}"
advanced-teams,/nfl/advanced/teams/passing/perimeter-target-rate,Team Perimeter (Outside) WR Target Rate | NFL Advanced Team Stats,no,1,Los Angeles Chargers,,Los Angeles Chargers,,2026,33.3%,33.3%,33.3%,33.3%,33.3%,33.3%,-,"{""2025"": ""21.3%""}"
advanced-teams,/nfl/advanced/teams/passing/perimeter-target-rate,Team Perimeter (Outside) WR Target Rate | NFL Advanced Team Stats,no,2,Jacksonville Jaguars,,Jacksonville Jaguars,,2026,31.6%,31.6%,31.6%,31.6%,31.6%,31.6%,-,"{""2025"": ""22.6%""}"
advanced-teams,/nfl/advanced/teams/passing/perimeter-target-rate,Team Perimeter (Outside) WR Target Rate | NFL Advanced Team Stats,no,3,Los Angeles Rams,,Los Angeles Rams,,2026,31.0%,31.0%,31.0%,31.0%,31.0%,31.0%,-,"{""2025"": ""26.6%""}"
advanced-teams,/nfl/advanced/teams/passing/perimeter-target-rate,Team Perimeter (Outside) WR Target Rate | NFL Advanced Team Stats,no,4,Buffalo Bills,,Buffalo Bills,,2026,29.8%,29.8%,29.8%,29.8%,29.8%,-,29.8%,"{""2025"": ""19.7%""}"
advanced-teams,/nfl/advanced/teams/passing/perimeter-target-rate,Team Perimeter (Outside) WR Target Rate | NFL Advanced Team Stats,no,5,Seattle Seahawks,,Seattle Seahawks,,2026,29.3%,29.3%,29.3%,29.3%,29.3%,29.3%,-,"{""2025"": ""23.4%""}"
advanced-teams,/nfl/advanced/teams/passing/perimeter-targets,Team Perimeter (Outside) WR Targets | NFL Advanced Team Stats,no,1,Green Bay Packers,,Green Bay Packers,,2026,20,20,20,20,20,-,20,"{""2025"": ""163""}"
advanced-teams,/nfl/advanced/teams/passing/perimeter-targets,Team Perimeter (Outside) WR Targets | NFL Advanced Team Stats,no,2,New Orleans Saints,,New Orleans Saints,,2026,18,18,18,18,18,-,18,"{""2025"": ""214""}"
advanced-teams,/nfl/advanced/teams/passing/perimeter-targets,Team Perimeter (Outside) WR Targets | NFL Advanced Team Stats,no,3,Pittsburgh Steelers,,Pittsburgh Steelers,,2026,15,15,15,15,15,15,-,"{""2025"": ""162""}"
advanced-teams,/nfl/advanced/teams/passing/perimeter-targets,Team Perimeter (Outside) WR Targets | NFL Advanced Team Stats,no,3,Detroit Lions,,Detroit Lions,,2026,15,15,15,15,15,15,-,"{""2025"": ""191""}"
advanced-teams,/nfl/advanced/teams/passing/perimeter-targets,Team Perimeter (Outside) WR Targets | NFL Advanced Team Stats,no,5,Buffalo Bills,,Buffalo Bills,,2026,14,14,14,14,14,-,14,"{""2025"": ""161""}"
advanced-teams,/nfl/advanced/teams/passing/right-aligned-fantasy-points-per-route,Team Right-Aligned WR FP/Route | NFL Advanced Team Stats,no,1,Jacksonville Jaguars,,Jacksonville Jaguars,,2026,1.26,1.26,1.26,1.26,1.26,1.26,-,"{""2025"": ""0.29""}"
advanced-teams,/nfl/advanced/teams/passing/right-aligned-fantasy-points-per-route,Team Right-Aligned WR FP/Route | NFL Advanced Team Stats,no,2,New York Jets,,New York Jets,,2026,0.63,0.63,0.63,0.63,0.63,-,0.63,"{""2025"": ""0.21""}"
advanced-teams,/nfl/advanced/teams/passing/right-aligned-fantasy-points-per-route,Team Right-Aligned WR FP/Route | NFL Advanced Team Stats,no,3,Buffalo Bills,,Buffalo Bills,,2026,0.58,0.58,0.58,0.58,0.58,-,0.58,"{""2025"": ""0.26""}"
advanced-teams,/nfl/advanced/teams/passing/right-aligned-fantasy-points-per-route,Team Right-Aligned WR FP/Route | NFL Advanced Team Stats,no,4,Chicago Bears,,Chicago Bears,,2026,0.55,0.55,0.55,0.55,0.55,-,0.55,"{""2025"": ""0.33""}"
advanced-teams,/nfl/advanced/teams/passing/right-aligned-fantasy-points-per-route,Team Right-Aligned WR FP/Route | NFL Advanced Team Stats,no,5,Green Bay Packers,,Green Bay Packers,,2026,0.55,0.55,0.55,0.55,0.55,-,0.55,"{""2025"": ""0.35""}"
advanced-teams,/nfl/advanced/teams/passing/right-aligned-receptions,Team Right-Aligned WR Receptions | NFL Advanced Team Stats,no,1,New Orleans Saints,,New Orleans Saints,,2026,11,11,11,11,11,-,11,"{""2025"": ""109""}"
advanced-teams,/nfl/advanced/teams/passing/right-aligned-receptions,Team Right-Aligned WR Receptions | NFL Advanced Team Stats,no,2,Houston Texans,,Houston Texans,,2026,10,10,10,10,10,10,-,"{""2025"": ""96""}"
advanced-teams,/nfl/advanced/teams/passing/right-aligned-receptions,Team Right-Aligned WR Receptions | NFL Advanced Team Stats,no,3,Green Bay Packers,,Green Bay Packers,,2026,8,8,8,8,8,-,8,"{""2025"": ""89""}"
advanced-teams,/nfl/advanced/teams/passing/right-aligned-receptions,Team Right-Aligned WR Receptions | NFL Advanced Team Stats,no,3,Carolina Panthers,,Carolina Panthers,,2026,8,8,8,8,8,8,-,"{""2025"": ""92""}"
advanced-teams,/nfl/advanced/teams/passing/right-aligned-receptions,Team Right-Aligned WR Receptions | NFL Advanced Team Stats,no,5,Buffalo Bills,,Buffalo Bills,,2026,7,7,7,7,7,-,7,"{""2025"": ""82""}"
advanced-teams,/nfl/advanced/teams/passing/right-aligned-target-rate,Team Right-Aligned WR Target Rate | NFL Advanced Team Stats,no,1,Los Angeles Chargers,,Los Angeles Chargers,,2026,35.3%,35.3%,35.3%,35.3%,35.3%,35.3%,-,"{""2025"": ""24.7%""}"
advanced-teams,/nfl/advanced/teams/passing/right-aligned-target-rate,Team Right-Aligned WR Target Rate | NFL Advanced Team Stats,no,2,Las Vegas Raiders,,Las Vegas Raiders,,2026,33.3%,33.3%,33.3%,33.3%,33.3%,33.3%,-,"{""2025"": ""17.6%""}"
advanced-teams,/nfl/advanced/teams/passing/right-aligned-target-rate,Team Right-Aligned WR Target Rate | NFL Advanced Team Stats,no,3,Buffalo Bills,,Buffalo Bills,,2026,32.4%,32.4%,32.4%,32.4%,32.4%,-,32.4%,"{""2025"": ""19.2%""}"
advanced-teams,/nfl/advanced/teams/passing/right-aligned-target-rate,Team Right-Aligned WR Target Rate | NFL Advanced Team Stats,no,4,New York Jets,,New York Jets,,2026,32.0%,32.0%,32.0%,32.0%,32.0%,-,32.0%,"{""2025"": ""19.7%""}"
advanced-teams,/nfl/advanced/teams/passing/right-aligned-target-rate,Team Right-Aligned WR Target Rate | NFL Advanced Team Stats,no,5,New England Patriots,,New England Patriots,,2026,29.0%,29.0%,29.0%,29.0%,29.0%,-,29.0%,"{""2025"": ""21.8%""}"
advanced-teams,/nfl/advanced/teams/passing/right-aligned-targets,Team Right-Aligned WR Targets | NFL Advanced Team Stats,no,1,Green Bay Packers,,Green Bay Packers,,2026,14,14,14,14,14,-,14,"{""2025"": ""128""}"
advanced-teams,/nfl/advanced/teams/passing/right-aligned-targets,Team Right-Aligned WR Targets | NFL Advanced Team Stats,no,1,New Orleans Saints,,New Orleans Saints,,2026,14,14,14,14,14,-,14,"{""2025"": ""166""}"
advanced-teams,/nfl/advanced/teams/passing/right-aligned-targets,Team Right-Aligned WR Targets | NFL Advanced Team Stats,no,3,Houston Texans,,Houston Texans,,2026,13,13,13,13,13,13,-,"{""2025"": ""163""}"
advanced-teams,/nfl/advanced/teams/passing/right-aligned-targets,Team Right-Aligned WR Targets | NFL Advanced Team Stats,no,4,Buffalo Bills,,Buffalo Bills,,2026,12,12,12,12,12,-,12,"{""2025"": ""116""}"
advanced-teams,/nfl/advanced/teams/passing/right-aligned-targets,Team Right-Aligned WR Targets | NFL Advanced Team Stats,no,4,Los Angeles Chargers,,Los Angeles Chargers,,2026,12,12,12,12,12,12,-,"{""2025"": ""196""}"
advanced-teams,/nfl/advanced/teams/passing/slot-fantasy-points-per-route,Team Slot WR FP/Route | NFL Advanced Team Stats,no,1,Jacksonville Jaguars,,Jacksonville Jaguars,,2026,1.48,1.48,1.48,1.48,1.48,1.48,-,"{""2025"": ""0.30""}"
advanced-teams,/nfl/advanced/teams/passing/slot-fantasy-points-per-route,Team Slot WR FP/Route | NFL Advanced Team Stats,no,2,San Francisco 49ers,,San Francisco 49ers,,2026,0.94,0.94,0.94,0.94,0.94,-,0.94,"{""2025"": ""0.25""}"
advanced-teams,/nfl/advanced/teams/passing/slot-fantasy-points-per-route,Team Slot WR FP/Route | NFL Advanced Team Stats,no,3,Baltimore Ravens,,Baltimore Ravens,,2026,0.74,0.74,0.74,0.74,0.74,-,0.74,"{""2025"": ""0.36""}"
advanced-teams,/nfl/advanced/teams/passing/slot-fantasy-points-per-route,Team Slot WR FP/Route | NFL Advanced Team Stats,no,4,Washington Commanders,,Washington Commanders,,2026,0.70,0.70,0.70,0.70,0.70,-,0.70,"{""2025"": ""0.29""}"
advanced-teams,/nfl/advanced/teams/passing/slot-fantasy-points-per-route,Team Slot WR FP/Route | NFL Advanced Team Stats,no,5,Chicago Bears,,Chicago Bears,,2026,0.60,0.60,0.60,0.60,0.60,-,0.60,"{""2025"": ""0.23""}"
advanced-teams,/nfl/advanced/teams/passing/slot-receptions,Team Slot WR Receptions | NFL Advanced Team Stats,no,1,Washington Commanders,,Washington Commanders,,2026,8,8,8,8,8,-,8,"{""2025"": ""55""}"
advanced-teams,/nfl/advanced/teams/passing/slot-receptions,Team Slot WR Receptions | NFL Advanced Team Stats,no,2,San Francisco 49ers,,San Francisco 49ers,,2026,7,7,7,7,7,-,7,"{""2025"": ""53""}"
advanced-teams,/nfl/advanced/teams/passing/slot-receptions,Team Slot WR Receptions | NFL Advanced Team Stats,no,2,New Orleans Saints,,New Orleans Saints,,2026,7,7,7,7,7,-,7,"{""2025"": ""86""}"
advanced-teams,/nfl/advanced/teams/passing/slot-receptions,Team Slot WR Receptions | NFL Advanced Team Stats,no,2,Chicago Bears,,Chicago Bears,,2026,7,7,7,7,7,-,7,"{""2025"": ""62""}"
advanced-teams,/nfl/advanced/teams/passing/slot-receptions,Team Slot WR Receptions | NFL Advanced Team Stats,no,2,Detroit Lions,,Detroit Lions,,2026,7,7,7,7,7,7,-,"{""2025"": ""92""}"
advanced-teams,/nfl/advanced/teams/passing/slot-target-rate,Team Slot WR Target Rate | NFL Advanced Team Stats,no,1,San Francisco 49ers,,San Francisco 49ers,,2026,41.2%,41.2%,41.2%,41.2%,41.2%,-,41.2%,"{""2025"": ""20.2%""}"
advanced-teams,/nfl/advanced/teams/passing/slot-target-rate,Team Slot WR Target Rate | NFL Advanced Team Stats,no,2,Washington Commanders,,Washington Commanders,,2026,35.1%,35.1%,35.1%,35.1%,35.1%,-,35.1%,"{""2025"": ""23.3%""}"
advanced-teams,/nfl/advanced/teams/passing/slot-target-rate,Team Slot WR Target Rate | NFL Advanced Team Stats,no,3,Chicago Bears,,Chicago Bears,,2026,25.9%,25.9%,25.9%,25.9%,25.9%,-,25.9%,"{""2025"": ""19.6%""}"
advanced-teams,/nfl/advanced/teams/passing/slot-target-rate,Team Slot WR Target Rate | NFL Advanced Team Stats,no,4,Detroit Lions,,Detroit Lions,,2026,25.0%,25.0%,25.0%,25.0%,25.0%,25.0%,-,"{""2025"": ""23.2%""}"
advanced-teams,/nfl/advanced/teams/passing/slot-target-rate,Team Slot WR Target Rate | NFL Advanced Team Stats,no,5,Dallas Cowboys,,Dallas Cowboys,,2026,23.3%,23.3%,23.3%,23.3%,23.3%,-,23.3%,"{""2025"": ""18.4%""}"
advanced-teams,/nfl/advanced/teams/passing/slot-targets,Team Slot WR Targets | NFL Advanced Team Stats,no,1,Washington Commanders,,Washington Commanders,,2026,13,13,13,13,13,-,13,"{""2025"": ""91""}"
advanced-teams,/nfl/advanced/teams/passing/slot-targets,Team Slot WR Targets | NFL Advanced Team Stats,no,2,Green Bay Packers,,Green Bay Packers,,2026,9,9,9,9,9,-,9,"{""2025"": ""98""}"
advanced-teams,/nfl/advanced/teams/passing/slot-targets,Team Slot WR Targets | NFL Advanced Team Stats,no,2,New Orleans Saints,,New Orleans Saints,,2026,9,9,9,9,9,-,9,"{""2025"": ""123""}"
advanced-teams,/nfl/advanced/teams/passing/slot-targets,Team Slot WR Targets | NFL Advanced Team Stats,no,2,Detroit Lions,,Detroit Lions,,2026,9,9,9,9,9,9,-,"{""2025"": ""138""}"
advanced-teams,/nfl/advanced/teams/passing/slot-targets,Team Slot WR Targets | NFL Advanced Team Stats,no,5,San Francisco 49ers,,San Francisco 49ers,,2026,7,7,7,7,7,-,7,"{""2025"": ""84""}"
advanced-teams,/nfl/advanced/teams/rushing/avoided-tackle-rate,Avoided Tackle Rate | NFL Advanced Stats,no,1,Kansas City Chiefs,,Kansas City Chiefs,,2026,47.4%,47.4%,47.4%,47.4%,47.4%,47.4%,-,"{""2025"": ""13.7%""}"
advanced-teams,/nfl/advanced/teams/rushing/avoided-tackle-rate,Avoided Tackle Rate | NFL Advanced Stats,no,2,Los Angeles Chargers,,Los Angeles Chargers,,2026,33.3%,33.3%,33.3%,33.3%,33.3%,33.3%,-,"{""2025"": ""18.9%""}"
advanced-teams,/nfl/advanced/teams/rushing/avoided-tackle-rate,Avoided Tackle Rate | NFL Advanced Stats,no,3,Arizona Cardinals,,Arizona Cardinals,,2026,32.4%,32.4%,32.4%,32.4%,32.4%,-,32.4%,"{""2025"": ""18.0%""}"
advanced-teams,/nfl/advanced/teams/rushing/avoided-tackle-rate,Avoided Tackle Rate | NFL Advanced Stats,no,4,Tampa Bay Buccaneers,,Tampa Bay Buccaneers,,2026,30.0%,30.0%,30.0%,30.0%,30.0%,-,30.0%,"{""2025"": ""15.7%""}"
advanced-teams,/nfl/advanced/teams/rushing/avoided-tackle-rate,Avoided Tackle Rate | NFL Advanced Stats,no,5,Houston Texans,,Houston Texans,,2026,25.0%,25.0%,25.0%,25.0%,25.0%,25.0%,-,"{""2025"": ""20.0%""}"
advanced-teams,/nfl/advanced/teams/rushing/avoided-tackles,Avoided Tackles | NFL Advanced Stats,no,1,Kansas City Chiefs,,Kansas City Chiefs,,2026,18,18,18,18,18,18,-,"{""2025"": ""59""}"
advanced-teams,/nfl/advanced/teams/rushing/avoided-tackles,Avoided Tackles | NFL Advanced Stats,no,2,Arizona Cardinals,,Arizona Cardinals,,2026,11,11,11,11,11,-,11,"{""2025"": ""66""}"
advanced-teams,/nfl/advanced/teams/rushing/avoided-tackles,Avoided Tackles | NFL Advanced Stats,no,3,Detroit Lions,,Detroit Lions,,2026,8,8,8,8,8,8,-,"{""2025"": ""108""}"
advanced-teams,/nfl/advanced/teams/rushing/avoided-tackles,Avoided Tackles | NFL Advanced Stats,no,3,Houston Texans,,Houston Texans,,2026,8,8,8,8,8,8,-,"{""2025"": ""95""}"
advanced-teams,/nfl/advanced/teams/rushing/avoided-tackles,Avoided Tackles | NFL Advanced Stats,no,5,New York Giants,,New York Giants,,2026,7,7,7,7,7,7,-,"{""2025"": ""84""}"
advanced-teams,/nfl/advanced/teams/rushing/inside-zone-attempts,Inside Zone Attempts | NFL Advanced Stats,no,1,Las Vegas Raiders,,Las Vegas Raiders,,2026,15,15,15,15,15,15,-,"{""2025"": ""85""}"
advanced-teams,/nfl/advanced/teams/rushing/inside-zone-attempts,Inside Zone Attempts | NFL Advanced Stats,no,1,Cincinnati Bengals,,Cincinnati Bengals,,2026,15,15,15,15,15,15,-,"{""2025"": ""106""}"
advanced-teams,/nfl/advanced/teams/rushing/inside-zone-attempts,Inside Zone Attempts | NFL Advanced Stats,no,3,New Orleans Saints,,New Orleans Saints,,2026,14,14,14,14,14,-,14,"{""2025"": ""129""}"
advanced-teams,/nfl/advanced/teams/rushing/inside-zone-attempts,Inside Zone Attempts | NFL Advanced Stats,no,3,Kansas City Chiefs,,Kansas City Chiefs,,2026,14,14,14,14,14,14,-,"{""2025"": ""105""}"
advanced-teams,/nfl/advanced/teams/rushing/inside-zone-attempts,Inside Zone Attempts | NFL Advanced Stats,no,5,San Francisco 49ers,,San Francisco 49ers,,2026,12,12,12,12,12,-,12,"{""2025"": ""123""}"
advanced-teams,/nfl/advanced/teams/rushing/inside-zone-rate,Inside Zone Rate | NFL Advanced Stats,no,1,New Orleans Saints,,New Orleans Saints,,2026,56.0%,56.0%,56.0%,56.0%,56.0%,-,56.0%,"{""2025"": ""29.7%""}"
advanced-teams,/nfl/advanced/teams/rushing/inside-zone-rate,Inside Zone Rate | NFL Advanced Stats,no,2,Cincinnati Bengals,,Cincinnati Bengals,,2026,55.6%,55.6%,55.6%,55.6%,55.6%,55.6%,-,"{""2025"": ""27.8%""}"
advanced-teams,/nfl/advanced/teams/rushing/inside-zone-rate,Inside Zone Rate | NFL Advanced Stats,no,3,Buffalo Bills,,Buffalo Bills,,2026,42.9%,42.9%,42.9%,42.9%,42.9%,-,42.9%,"{""2025"": ""26.5%""}"
advanced-teams,/nfl/advanced/teams/rushing/inside-zone-rate,Inside Zone Rate | NFL Advanced Stats,no,4,Las Vegas Raiders,,Las Vegas Raiders,,2026,40.5%,40.5%,40.5%,40.5%,40.5%,40.5%,-,"{""2025"": ""23.0%""}"
advanced-teams,/nfl/advanced/teams/rushing/inside-zone-rate,Inside Zone Rate | NFL Advanced Stats,no,5,San Francisco 49ers,,San Francisco 49ers,,2026,40.0%,40.0%,40.0%,40.0%,40.0%,-,40.0%,"{""2025"": ""25.6%""}"
advanced-teams,/nfl/advanced/teams/rushing/inside-zone-yards-per-attempt,Inside Zone Yards/Attempt | NFL Advanced Stats,no,1,Chicago Bears,,Chicago Bears,,2026,9.4,9.4,9.4,9.4,9.4,-,9.4,"{""2025"": ""4.6""}"
advanced-teams,/nfl/advanced/teams/rushing/inside-zone-yards-per-attempt,Inside Zone Yards/Attempt | NFL Advanced Stats,no,2,Los Angeles Chargers,,Los Angeles Chargers,,2026,6.0,6.0,6.0,6.0,6.0,6.0,-,"{""2025"": ""3.3""}"
advanced-teams,/nfl/advanced/teams/rushing/inside-zone-yards-per-attempt,Inside Zone Yards/Attempt | NFL Advanced Stats,no,3,Las Vegas Raiders,,Las Vegas Raiders,,2026,5.9,5.9,5.9,5.9,5.9,5.9,-,"{""2025"": ""3.1""}"
advanced-teams,/nfl/advanced/teams/rushing/inside-zone-yards-per-attempt,Inside Zone Yards/Attempt | NFL Advanced Stats,no,4,Kansas City Chiefs,,Kansas City Chiefs,,2026,5.7,5.7,5.7,5.7,5.7,5.7,-,"{""2025"": ""3.8""}"
advanced-teams,/nfl/advanced/teams/rushing/inside-zone-yards-per-attempt,Inside Zone Yards/Attempt | NFL Advanced Stats,no,5,Indianapolis Colts,,Indianapolis Colts,,2026,5.4,5.4,5.4,5.4,5.4,5.4,-,"{""2025"": ""4.2""}"
advanced-teams,/nfl/advanced/teams/rushing/outside-zone-attempts,Outside Zone Attempts | NFL Advanced Stats,no,1,Baltimore Ravens,,Baltimore Ravens,,2026,19,19,19,19,19,-,19,"{""2025"": ""163""}"
advanced-teams,/nfl/advanced/teams/rushing/outside-zone-attempts,Outside Zone Attempts | NFL Advanced Stats,no,2,Detroit Lions,,Detroit Lions,,2026,14,14,14,14,14,14,-,"{""2025"": ""130""}"
advanced-teams,/nfl/advanced/teams/rushing/outside-zone-attempts,Outside Zone Attempts | NFL Advanced Stats,no,3,Atlanta Falcons,,Atlanta Falcons,,2026,12,12,12,12,12,-,12,"{""2025"": ""241""}"
advanced-teams,/nfl/advanced/teams/rushing/outside-zone-attempts,Outside Zone Attempts | NFL Advanced Stats,no,3,Houston Texans,,Houston Texans,,2026,12,12,12,12,12,12,-,"{""2025"": ""89""}"
advanced-teams,/nfl/advanced/teams/rushing/outside-zone-attempts,Outside Zone Attempts | NFL Advanced Stats,no,5,Chicago Bears,,Chicago Bears,,2026,11,11,11,11,11,-,11,"{""2025"": ""134""}"
advanced-teams,/nfl/advanced/teams/rushing/outside-zone-rate,Outside Zone Rate | NFL Advanced Stats,no,1,Baltimore Ravens,,Baltimore Ravens,,2026,51.4%,51.4%,51.4%,51.4%,51.4%,-,51.4%,"{""2025"": ""32.1%""}"
advanced-teams,/nfl/advanced/teams/rushing/outside-zone-rate,Outside Zone Rate | NFL Advanced Stats,no,2,Seattle Seahawks,,Seattle Seahawks,,2026,50.0%,50.0%,50.0%,50.0%,50.0%,50.0%,-,"{""2025"": ""29.2%""}"
advanced-teams,/nfl/advanced/teams/rushing/outside-zone-rate,Outside Zone Rate | NFL Advanced Stats,no,3,Los Angeles Chargers,,Los Angeles Chargers,,2026,42.9%,42.9%,42.9%,42.9%,42.9%,42.9%,-,"{""2025"": ""15.7%""}"
advanced-teams,/nfl/advanced/teams/rushing/outside-zone-rate,Outside Zone Rate | NFL Advanced Stats,no,4,Detroit Lions,,Detroit Lions,,2026,42.4%,42.4%,42.4%,42.4%,42.4%,42.4%,-,"{""2025"": ""29.4%""}"
advanced-teams,/nfl/advanced/teams/rushing/outside-zone-rate,Outside Zone Rate | NFL Advanced Stats,no,5,Atlanta Falcons,,Atlanta Falcons,,2026,38.7%,38.7%,38.7%,38.7%,38.7%,-,38.7%,"{""2025"": ""50.5%""}"
advanced-teams,/nfl/advanced/teams/rushing/outside-zone-yards-per-attempt,Outside Zone Yards/Attempt | NFL Advanced Stats,no,1,Jacksonville Jaguars,,Jacksonville Jaguars,,2026,8.4,8.4,8.4,8.4,8.4,8.4,-,"{""2025"": ""5.1""}"
advanced-teams,/nfl/advanced/teams/rushing/outside-zone-yards-per-attempt,Outside Zone Yards/Attempt | NFL Advanced Stats,no,2,San Francisco 49ers,,San Francisco 49ers,,2026,7.4,7.4,7.4,7.4,7.4,-,7.4,"{""2025"": ""3.8""}"
advanced-teams,/nfl/advanced/teams/rushing/outside-zone-yards-per-attempt,Outside Zone Yards/Attempt | NFL Advanced Stats,no,3,Los Angeles Rams,,Los Angeles Rams,,2026,6.3,6.3,6.3,6.3,6.3,6.3,-,"{""2025"": ""6.0""}"
advanced-teams,/nfl/advanced/teams/rushing/outside-zone-yards-per-attempt,Outside Zone Yards/Attempt | NFL Advanced Stats,no,4,Baltimore Ravens,,Baltimore Ravens,,2026,6.3,6.3,6.3,6.3,6.3,-,6.3,"{""2025"": ""6.0""}"
advanced-teams,/nfl/advanced/teams/rushing/outside-zone-yards-per-attempt,Outside Zone Yards/Attempt | NFL Advanced Stats,no,5,Detroit Lions,,Detroit Lions,,2026,6.2,6.2,6.2,6.2,6.2,6.2,-,"{""2025"": ""4.6""}"
advanced-teams,/nfl/advanced/teams/rushing/power-attempts,Power Attempts | NFL Advanced Stats,no,1,New York Giants,,New York Giants,,2026,9,9,9,9,9,9,-,"{""2025"": ""59""}"
advanced-teams,/nfl/advanced/teams/rushing/power-attempts,Power Attempts | NFL Advanced Stats,no,2,Kansas City Chiefs,,Kansas City Chiefs,,2026,7,7,7,7,7,7,-,"{""2025"": ""47""}"
advanced-teams,/nfl/advanced/teams/rushing/power-attempts,Power Attempts | NFL Advanced Stats,no,3,Atlanta Falcons,,Atlanta Falcons,,2026,6,6,6,6,6,-,6,"{""2025"": ""11""}"
advanced-teams,/nfl/advanced/teams/rushing/power-attempts,Power Attempts | NFL Advanced Stats,no,4,Houston Texans,,Houston Texans,,2026,5,5,5,5,5,5,-,"{""2025"": ""15""}"
advanced-teams,/nfl/advanced/teams/rushing/power-attempts,Power Attempts | NFL Advanced Stats,no,5,Green Bay Packers,,Green Bay Packers,,2026,4,4,4,4,4,-,4,"{""2025"": ""26""}"
advanced-teams,/nfl/advanced/teams/rushing/power-rate,Power Rate | NFL Advanced Stats,no,1,New York Giants,,New York Giants,,2026,24.3%,24.3%,24.3%,24.3%,24.3%,24.3%,-,"{""2025"": ""11.5%""}"
advanced-teams,/nfl/advanced/teams/rushing/power-rate,Power Rate | NFL Advanced Stats,no,2,Atlanta Falcons,,Atlanta Falcons,,2026,19.4%,19.4%,19.4%,19.4%,19.4%,-,19.4%,"{""2025"": ""2.3%""}"
advanced-teams,/nfl/advanced/teams/rushing/power-rate,Power Rate | NFL Advanced Stats,no,3,Green Bay Packers,,Green Bay Packers,,2026,19.0%,19.0%,19.0%,19.0%,19.0%,-,19.0%,"{""2025"": ""5.3%""}"
advanced-teams,/nfl/advanced/teams/rushing/power-rate,Power Rate | NFL Advanced Stats,no,4,Kansas City Chiefs,,Kansas City Chiefs,,2026,18.4%,18.4%,18.4%,18.4%,18.4%,18.4%,-,"{""2025"": ""10.9%""}"
advanced-teams,/nfl/advanced/teams/rushing/power-rate,Power Rate | NFL Advanced Stats,no,5,Miami Dolphins,,Miami Dolphins,,2026,16.7%,16.7%,16.7%,16.7%,16.7%,-,16.7%,"{""2025"": ""9.0%""}"
advanced-teams,/nfl/advanced/teams/rushing/power-yards-per-attempt,Power Yards/Attempt | NFL Advanced Stats,no,1,Las Vegas Raiders,,Las Vegas Raiders,,2026,15.0,15.0,15.0,15.0,15.0,15.0,-,"{""2025"": ""1.9""}"
advanced-teams,/nfl/advanced/teams/rushing/power-yards-per-attempt,Power Yards/Attempt | NFL Advanced Stats,no,2,Kansas City Chiefs,,Kansas City Chiefs,,2026,11.9,11.9,11.9,11.9,11.9,11.9,-,"{""2025"": ""3.3""}"
advanced-teams,/nfl/advanced/teams/rushing/power-yards-per-attempt,Power Yards/Attempt | NFL Advanced Stats,no,3,New York Jets,,New York Jets,,2026,7.3,7.3,7.3,7.3,7.3,-,7.3,"{""2025"": ""4.0""}"
advanced-teams,/nfl/advanced/teams/rushing/power-yards-per-attempt,Power Yards/Attempt | NFL Advanced Stats,no,4,Cleveland Browns,,Cleveland Browns,,2026,7.0,7.0,7.0,7.0,7.0,-,7.0,"{""2025"": ""3.4""}"
advanced-teams,/nfl/advanced/teams/rushing/power-yards-per-attempt,Power Yards/Attempt | NFL Advanced Stats,no,4,Tampa Bay Buccaneers,,Tampa Bay Buccaneers,,2026,7.0,7.0,7.0,7.0,7.0,-,7.0,"{""2025"": ""4.4""}"
advanced-teams,/nfl/advanced/teams/rushing/win-yards,Win Yards | NFL Advanced Stats,no,1,Kansas City Chiefs,,Kansas City Chiefs,,2026,209,209,209,209,209,209,-,"{""2025"": ""826""}"
advanced-teams,/nfl/advanced/teams/rushing/win-yards,Win Yards | NFL Advanced Stats,no,2,Chicago Bears,,Chicago Bears,,2026,134,134,134,134,134,-,134,"{""2025"": ""1123""}"
advanced-teams,/nfl/advanced/teams/rushing/win-yards,Win Yards | NFL Advanced Stats,no,3,Baltimore Ravens,,Baltimore Ravens,,2026,118,118,118,118,118,-,118,"{""2025"": ""1295""}"
advanced-teams,/nfl/advanced/teams/rushing/win-yards,Win Yards | NFL Advanced Stats,no,4,Arizona Cardinals,,Arizona Cardinals,,2026,98,98,98,98,98,-,98,"{""2025"": ""853""}"
advanced-teams,/nfl/advanced/teams/rushing/win-yards,Win Yards | NFL Advanced Stats,no,5,Detroit Lions,,Detroit Lions,,2026,89,89,89,89,89,89,-,"{""2025"": ""1180""}"
advanced-teams,/nfl/advanced/teams/rushing/win-yards-per-attempt,Win Yards per Attempt | NFL Advanced Stats,no,1,Kansas City Chiefs,,Kansas City Chiefs,,2026,5.5,5.5,5.5,5.5,5.5,5.5,-,"{""2025"": ""1.9""}"
advanced-teams,/nfl/advanced/teams/rushing/win-yards-per-attempt,Win Yards per Attempt | NFL Advanced Stats,no,2,Philadelphia Eagles,,Philadelphia Eagles,,2026,3.5,3.5,3.5,3.5,3.5,3.5,-,"{""2025"": ""2.0""}"
advanced-teams,/nfl/advanced/teams/rushing/win-yards-per-attempt,Win Yards per Attempt | NFL Advanced Stats,no,3,Chicago Bears,,Chicago Bears,,2026,3.4,3.4,3.4,3.4,3.4,-,3.4,"{""2025"": ""2.2""}"
advanced-teams,/nfl/advanced/teams/rushing/win-yards-per-attempt,Win Yards per Attempt | NFL Advanced Stats,no,4,Baltimore Ravens,,Baltimore Ravens,,2026,3.2,3.2,3.2,3.2,3.2,-,3.2,"{""2025"": ""2.6""}"
advanced-teams,/nfl/advanced/teams/rushing/win-yards-per-attempt,Win Yards per Attempt | NFL Advanced Stats,no,5,Denver Broncos,,Denver Broncos,,2026,2.9,2.9,2.9,2.9,2.9,-,2.9,"{""2025"": ""2.1""}"
advanced-teams,/nfl/advanced/teams/rushing/yards-after-contact,Yards After Contact | NFL Advanced Stats,no,1,Kansas City Chiefs,,Kansas City Chiefs,,2026,191,191,191,191,191,191,-,"{""2025"": ""767""}"
advanced-teams,/nfl/advanced/teams/rushing/yards-after-contact,Yards After Contact | NFL Advanced Stats,no,2,Chicago Bears,,Chicago Bears,,2026,128,128,128,128,128,-,128,"{""2025"": ""1037""}"
advanced-teams,/nfl/advanced/teams/rushing/yards-after-contact,Yards After Contact | NFL Advanced Stats,no,3,Baltimore Ravens,,Baltimore Ravens,,2026,111,111,111,111,111,-,111,"{""2025"": ""1217""}"
advanced-teams,/nfl/advanced/teams/rushing/yards-after-contact,Yards After Contact | NFL Advanced Stats,no,4,Arizona Cardinals,,Arizona Cardinals,,2026,87,87,87,87,87,-,87,"{""2025"": ""787""}"
advanced-teams,/nfl/advanced/teams/rushing/yards-after-contact,Yards After Contact | NFL Advanced Stats,no,5,Philadelphia Eagles,,Philadelphia Eagles,,2026,82,82,82,82,82,82,-,"{""2025"": ""866""}"
advanced-teams,/nfl/advanced/teams/rushing/yards-after-contact-per-attempt,Yards After Contact per Attempt | NFL Advanced Stats,no,1,Kansas City Chiefs,,Kansas City Chiefs,,2026,5.0,5.0,5.0,5.0,5.0,5.0,-,"{""2025"": ""1.8""}"
advanced-teams,/nfl/advanced/teams/rushing/yards-after-contact-per-attempt,Yards After Contact per Attempt | NFL Advanced Stats,no,2,Chicago Bears,,Chicago Bears,,2026,3.3,3.3,3.3,3.3,3.3,-,3.3,"{""2025"": ""2.1""}"
advanced-teams,/nfl/advanced/teams/rushing/yards-after-contact-per-attempt,Yards After Contact per Attempt | NFL Advanced Stats,no,3,Philadelphia Eagles,,Philadelphia Eagles,,2026,3.3,3.3,3.3,3.3,3.3,3.3,-,"{""2025"": ""1.8""}"
advanced-teams,/nfl/advanced/teams/rushing/yards-after-contact-per-attempt,Yards After Contact per Attempt | NFL Advanced Stats,no,4,Baltimore Ravens,,Baltimore Ravens,,2026,3.0,3.0,3.0,3.0,3.0,-,3.0,"{""2025"": ""2.4""}"
advanced-teams,/nfl/advanced/teams/rushing/yards-after-contact-per-attempt,Yards After Contact per Attempt | NFL Advanced Stats,no,5,Denver Broncos,,Denver Broncos,,2026,2.9,2.9,2.9,2.9,2.9,-,2.9,"{""2025"": ""1.9""}"
advanced-teams,/nfl/advanced/teams/rushing/yards-before-contact,Yards Before Contact | NFL Advanced Stats,no,1,New York Giants,,New York Giants,,2026,109,109,109,109,109,109,-,"{""2025"": ""710""}"
advanced-teams,/nfl/advanced/teams/rushing/yards-before-contact,Yards Before Contact | NFL Advanced Stats,no,2,Chicago Bears,,Chicago Bears,,2026,102,102,102,102,102,-,102,"{""2025"": ""1030""}"
advanced-teams,/nfl/advanced/teams/rushing/yards-before-contact,Yards Before Contact | NFL Advanced Stats,no,3,Detroit Lions,,Detroit Lions,,2026,81,81,81,81,81,81,-,"{""2025"": ""758""}"
advanced-teams,/nfl/advanced/teams/rushing/yards-before-contact,Yards Before Contact | NFL Advanced Stats,no,4,San Francisco 49ers,,San Francisco 49ers,,2026,79,79,79,79,79,-,79,"{""2025"": ""792""}"
advanced-teams,/nfl/advanced/teams/rushing/yards-before-contact,Yards Before Contact | NFL Advanced Stats,no,5,New York Jets,,New York Jets,,2026,73,73,73,73,73,-,73,"{""2025"": ""881""}"
advanced-teams,/nfl/advanced/teams/rushing/yards-before-contact-per-attempt,Yards Before Contact per Attempt | NFL Advanced Stats,no,1,Carolina Panthers,,Carolina Panthers,,2026,3.2,3.2,3.2,3.2,3.2,3.2,-,"{""2025"": ""1.7""}"
advanced-teams,/nfl/advanced/teams/rushing/yards-before-contact-per-attempt,Yards Before Contact per Attempt | NFL Advanced Stats,no,2,New York Giants,,New York Giants,,2026,2.9,2.9,2.9,2.9,2.9,2.9,-,"{""2025"": ""1.4""}"
advanced-teams,/nfl/advanced/teams/rushing/yards-before-contact-per-attempt,Yards Before Contact per Attempt | NFL Advanced Stats,no,3,Indianapolis Colts,,Indianapolis Colts,,2026,2.9,2.9,2.9,2.9,2.9,2.9,-,"{""2025"": ""1.6""}"
advanced-teams,/nfl/advanced/teams/rushing/yards-before-contact-per-attempt,Yards Before Contact per Attempt | NFL Advanced Stats,no,4,San Francisco 49ers,,San Francisco 49ers,,2026,2.6,2.6,2.6,2.6,2.6,-,2.6,"{""2025"": ""1.6""}"
advanced-teams,/nfl/advanced/teams/rushing/yards-before-contact-per-attempt,Yards Before Contact per Attempt | NFL Advanced Stats,no,5,Chicago Bears,,Chicago Bears,,2026,2.6,2.6,2.6,2.6,2.6,-,2.6,"{""2025"": ""2.0""}"
advanced-teams,/nfl/advanced/teams/trench-play/defensive-arby,Defensive ARBY | NFL Advanced Team Stats,no,,Arizona Cardinals,,Arizona Cardinals,,,,,,,,,,"{""ARBY Rk"": ""1"", ""ARBY/Car"": ""1.67"", ""RB Yds Rk"": ""4"", ""RB Yds/Car"": ""3.25""}"
advanced-teams,/nfl/advanced/teams/trench-play/defensive-arby,Defensive ARBY | NFL Advanced Team Stats,no,,Washington Commanders,,Washington Commanders,,,,,,,,,,"{""ARBY Rk"": ""2"", ""ARBY/Car"": ""1.78"", ""RB Yds Rk"": ""26"", ""RB Yds/Car"": ""5.00""}"
advanced-teams,/nfl/advanced/teams/trench-play/defensive-arby,Defensive ARBY | NFL Advanced Team Stats,no,,Seattle Seahawks,,Seattle Seahawks,,,,,,,,,,"{""ARBY Rk"": ""3"", ""ARBY/Car"": ""1.81"", ""RB Yds Rk"": ""1"", ""RB Yds/Car"": ""2.58""}"
advanced-teams,/nfl/advanced/teams/trench-play/defensive-arby,Defensive ARBY | NFL Advanced Team Stats,no,,Green Bay Packers,,Green Bay Packers,,,,,,,,,,"{""ARBY Rk"": ""4"", ""ARBY/Car"": ""1.90"", ""RB Yds Rk"": ""10"", ""RB Yds/Car"": ""3.67""}"
advanced-teams,/nfl/advanced/teams/trench-play/defensive-arby,Defensive ARBY | NFL Advanced Team Stats,no,,Minnesota Vikings,,Minnesota Vikings,,,,,,,,,,"{""ARBY Rk"": ""5"", ""ARBY/Car"": ""1.98"", ""RB Yds Rk"": ""5"", ""RB Yds/Car"": ""3.30""}"
advanced-teams,/nfl/advanced/teams/trench-play/defensive-expected-pressures,Defensive Expected Pressures | NFL Advanced Team Stats,no,1,Buffalo Bills,,Buffalo Bills,,2026,18.3,18.3,18.3,18.3,18.3,-,18.3,"{""2025"": ""175.6""}"
advanced-teams,/nfl/advanced/teams/trench-play/defensive-expected-pressures,Defensive Expected Pressures | NFL Advanced Team Stats,no,2,Atlanta Falcons,,Atlanta Falcons,,2026,17.1,17.1,17.1,17.1,17.1,-,17.1,"{""2025"": ""196.3""}"
advanced-teams,/nfl/advanced/teams/trench-play/defensive-expected-pressures,Defensive Expected Pressures | NFL Advanced Team Stats,no,3,Houston Texans,,Houston Texans,,2026,16.3,16.3,16.3,16.3,16.3,16.3,-,"{""2025"": ""207.5""}"
advanced-teams,/nfl/advanced/teams/trench-play/defensive-expected-pressures,Defensive Expected Pressures | NFL Advanced Team Stats,no,4,Seattle Seahawks,,Seattle Seahawks,,2026,16.3,16.3,16.3,16.3,16.3,16.3,-,"{""2025"": ""220.4""}"
advanced-teams,/nfl/advanced/teams/trench-play/defensive-expected-pressures,Defensive Expected Pressures | NFL Advanced Team Stats,no,5,Las Vegas Raiders,,Las Vegas Raiders,,2026,15.3,15.3,15.3,15.3,15.3,15.3,-,"{""2025"": ""196.1""}"
advanced-teams,/nfl/advanced/teams/trench-play/defensive-pressure-rate-over-expected,Defensive Pressure Rate Over Expected | NFL Advanced Team Stats,no,1,Denver Broncos,,Denver Broncos,,2026,20.4,20.4,20.4,20.4,20.4,-,20.4,"{""2025"": ""3.8""}"
advanced-teams,/nfl/advanced/teams/trench-play/defensive-pressure-rate-over-expected,Defensive Pressure Rate Over Expected | NFL Advanced Team Stats,no,2,Philadelphia Eagles,,Philadelphia Eagles,,2026,19.0,19.0,19.0,19.0,19.0,19.0,-,"{""2025"": ""2.5""}"
advanced-teams,/nfl/advanced/teams/trench-play/defensive-pressure-rate-over-expected,Defensive Pressure Rate Over Expected | NFL Advanced Team Stats,no,3,Minnesota Vikings,,Minnesota Vikings,,2026,18.3,18.3,18.3,18.3,18.3,18.3,-,"{""2025"": ""5.6""}"
advanced-teams,/nfl/advanced/teams/trench-play/defensive-pressure-rate-over-expected,Defensive Pressure Rate Over Expected | NFL Advanced Team Stats,no,4,Kansas City Chiefs,,Kansas City Chiefs,,2026,18.2,18.2,18.2,18.2,18.2,18.2,-,"{""2025"": ""4.8""}"
advanced-teams,/nfl/advanced/teams/trench-play/defensive-pressure-rate-over-expected,Defensive Pressure Rate Over Expected | NFL Advanced Team Stats,no,5,Washington Commanders,,Washington Commanders,,2026,14.0,14.0,14.0,14.0,14.0,-,14.0,"{""2025"": ""-2.5""}"
advanced-teams,/nfl/advanced/teams/trench-play/defensive-stacked-box-rate,Defensive Stacked Box Rate | NFL Advanced Team Stats,no,1,Miami Dolphins,,Miami Dolphins,,2026,40.0%,40.0%,40.0%,40.0%,40.0%,-,40.0%,"{""2025"": ""12.8%""}"
advanced-teams,/nfl/advanced/teams/trench-play/defensive-stacked-box-rate,Defensive Stacked Box Rate | NFL Advanced Team Stats,no,2,Las Vegas Raiders,,Las Vegas Raiders,,2026,33.3%,33.3%,33.3%,33.3%,33.3%,33.3%,-,"{""2025"": ""6.8%""}"
