slug,paper_id,claimed_quantity,grep_hit,bucket,mismatch_note,evidence_lines,path,mechanism,exports,shared_with_n_papers,shared_with_paper_ids
1302-5681v1-minimax-weighted-expected-regret,1302.5681,,true,UNRESOLVED,"unique code body; paper attribution NOT verified. Screen abandoned, so no claim either way.",code-body sha256=b82352a62d480506 | first code lines: export interface VariantWeight { / readonly variantId: string; / alpha: number;,apps/web/lib/calibration/1302-5681v1-minimax-weighted-expected-regret.ts,,"ENABLED, RegretEstimate, SlateCandidate, VariantWeight, bestVariantShare, chooseSlateMWER, likelihoodUpdate, pruneWeights",0,
1501-01126v1-composite-risk-measure,1501.01126,,true,UNRESOLVED,"unique code body; paper attribution NOT verified. Screen abandoned, so no claim either way.",code-body sha256=a955eae9d7e5fbe0 | first code lines: export function mulberry32(seed: number): () => number { / let a = seed >>> 0; / return function () {,apps/web/lib/calibration/1501-01126v1-composite-risk-measure.ts,,"BetaPosterior, ENABLED, SlatePick, betaBinomialPosterior, betaMean, betaSample, crmObjective, innerCvar",0,
1904-02855v1-gp-pit-recalibration,1904.02855,,true,UNRESOLVED,"unique code body; paper attribution NOT verified. Screen abandoned, so no claim either way.","code-body sha256=bcd2e30c8751c640 | first code lines: export function pitValues( / outcomes: readonly number[], / forecastCdf: (y: number) => number,",apps/web/lib/calibration/1904-02855v1-gp-pit-recalibration.ts,,"ENABLED, FamResult, applyPitMap, empiricalPitMap, forecastAdvantageMeasure, kellyBitsPerBet, meetsDeployGate, pitValues",0,
1904-06019-weighted-split-conformal-covariate-shift,1904.06019,,true,UNRESOLVED,"unique code body; paper attribution NOT verified. Screen abandoned, so no claim either way.","code-body sha256=60386dc62d365122 | first code lines: export function effectiveSampleSize(weights: readonly number / const s1 = weights.reduce((a, b) => a + b, 0); / const s2 = weights.reduce((a, b) => a + b * b, 0);",apps/web/lib/calibration/1904-06019-weighted-split-conformal-covariate-shift.ts,,"ENABLED, WeightedIntervalResult, effectiveSampleSize, splitConformalInterval, weightedQuantile, weightedSplitConformalInterval",0,
1906-02530-shift-stress-harness,1906.02530,,true,UNRESOLVED,"unique code body; paper attribution NOT verified. Screen abandoned, so no claim either way.",code-body sha256=80274748cabf9561 | first code lines: export interface GameRow { / readonly week: number; / readonly p: number;,apps/web/lib/calibration/1906-02530-shift-stress-harness.ts,,"Calibrator, GameRow, ShiftStressRow, VANILLA, brierScore, expectedCalibrationError, negativeLogLikelihood, retireShiftLosers",0,
1908-08980v1-ignorance-score-selection,1908.08980,,true,UNRESOLVED,"unique code body; paper attribution NOT verified. Screen abandoned, so no claim either way.","code-body sha256=f91357b25d6e73d4 | first code lines: const EPS = 1e-12; / function clip(p: number): number { / return Math.min(Math.max(p, EPS), 1 - EPS);",apps/web/lib/calibration/1908-08980v1-ignorance-score-selection.ts,,"ignorancePerGame, meanIgnorance, meetsAdoptionGate, probabilityMultiplier, relativeIgnoranceBits, resamplingInterval",0,
1909-03725v3-isotonic-distributional-regression,1909.03725,,true,UNRESOLVED,"unique code body; paper attribution NOT verified. Screen abandoned, so no claim either way.",code-body sha256=ea00c9663d760641 | first code lines: export function pava(y: readonly number[]): number[] { / const n = y.length; / const fitted = [...y];,apps/web/lib/calibration/1909-03725v3-isotonic-distributional-regression.ts,,"ENABLED, IdrFit, crpsFromCdfGrid, idrCdf, idrFit, idrQuantile, pava",0,
1910-02600-evidential-regression-head,1910.02600,,true,UNRESOLVED,"unique code body; paper attribution NOT verified. Screen abandoned, so no claim either way.",code-body sha256=29da8030abd58119 | first code lines: export interface EvidentialParams { / readonly gamma: number; / readonly nu: number;,apps/web/lib/calibration/1910-02600-evidential-regression-head.ts,,"ENABLED, EvidentialParams, abstentionLift, aleatoricUncertainty, epistemicUncertainty, evidentialLoss, evidentialNLL, evidentialRegularizer",0,
1910-03779-peer-prediction-aggregation,1910.03779,,true,UNRESOLVED,"unique code body; paper attribution NOT verified. Screen abandoned, so no claim either way.","code-body sha256=bafb3668abe00ae4 | first code lines: export function caScores( / predMatrix: readonly (readonly number[])[], / ys: readonly number[],",apps/web/lib/calibration/1910-03779-peer-prediction-aggregation.ts,,"ENABLED, aggregateProbs, caScores, meanBrier, softmaxWeights, spearman",0,
1910-07325v1-energy-score-multivariate,1910.07325,,true,UNRESOLVED,"unique code body; paper attribution NOT verified. Screen abandoned, so no claim either way.","code-body sha256=d7b102b5b65de1f9 | first code lines: function euclid(a: readonly number[], b: readonly number[]): / let s = 0; / for (let i = 0; i < a.length; i++) {",apps/web/lib/calibration/1910-07325v1-energy-score-multivariate.ts,,"DMResult, dieboldMariano, energyScore, ensembleSizeAudit, meanEnergyScore, rankTransformMargin",0,
1910-07912v2-consistent-interval-scores-murphy,1910.07912,,true,UNRESOLVED,"unique code body; paper attribution NOT verified. Screen abandoned, so no claim either way.","code-body sha256=b6efd739f8a94591 | first code lines: export function intervalScore( / l: number, / u: number,",apps/web/lib/calibration/1910-07912v2-consistent-interval-scores-murphy.ts,,"dominanceCount, elementaryQuantileScore, intervalScore, meetsDisplacementGate, murphyCurve",0,
1910-10562-nested-conformal-qoob,1910.10562,,true,UNRESOLVED,"unique code body; paper attribution NOT verified. Screen abandoned, so no claim either way.",code-body sha256=4cf7f8ed065d290a | first code lines: export function mulberry32(seed: number): () => number { / let a = seed >>> 0; / return function () {,apps/web/lib/calibration/1910-10562-nested-conformal-qoob.ts,,"ENABLED, FoldModel, conformalQuantile, crossConformalInterval, intervalMethodForN, mulberry32, nestedSetInterval, qoobCalibrate",0,
2002-12860v1-quantile-regularization-ckl,2002.12860,,true,UNRESOLVED,"unique code body; paper attribution NOT verified. Screen abandoned, so no claim either way.",code-body sha256=f49c04c666421776 | first code lines: function erf(x: number): number { / const t = 1 / (1 + 0.3275911 * Math.abs(x)); / const y =,apps/web/lib/calibration/2002-12860v1-quantile-regularization-ckl.ts,,"ENABLED, cklBar, gaussianPIT, l2QuantileCalibrationError, regularizedLoss, relativeQceReduction",0,
2004-08607-accumulator-diffusion-search,2004.08607,,true,UNRESOLVED,"unique code body; paper attribution NOT verified. Screen abandoned, so no claim either way.",code-body sha256=a05cbe6d3b3879ed | first code lines: export const RESEARCH_ONLY = true; / export interface Leg { / readonly id: string;,apps/web/lib/calibration/2004-08607-accumulator-diffusion-search.ts,,"AccumulatorHypothesis, Agent, ENABLED, Leg, RESEARCH_ONLY, accumulatorEdge, singlesVsAccumulator, stochasticDiffusionSearch",0,
2004-09368-crash-risk-kelly,2004.09368,,true,UNRESOLVED,"unique code body; paper attribution NOT verified. Screen abandoned, so no claim either way.","code-body sha256=2c5705a06c792b39 | first code lines: function clamp01(x: number): number { / return Math.min(Math.max(x, 0), 1); / }",apps/web/lib/calibration/2004-09368-crash-risk-kelly.ts,,"ENABLED, ErrorSweepPoint, kellyFraction, multiplicativeErrorSweep, passesErrorSweep, regimeAwareKellyFraction",0,
2004-14108v2-variogram-score-fq-pilot,2004.14108,,true,UNRESOLVED,"unique code body; paper attribution NOT verified. Screen abandoned, so no claim either way.","code-body sha256=7bfda74e52725345 | first code lines: export const PILOT_ENABLED = false; / function mean(xs: readonly number[]): number { / return xs.reduce((a, b) => a + b, 0) / Math.max(xs.length, 1",apps/web/lib/calibration/2004-14108v2-variogram-score-fq-pilot.ts,,"FQ_QUANTILE_GRID, PILOT_ENABLED, chol2, empiricalQuantileGrid, gaussianCopulaDraw, marginalCdf, rankByVariogram, variogramScore",0,
2012-04626v2-minimax-regret-umdp,2012.04626,,true,UNRESOLVED,"unique code body; paper attribution NOT verified. Screen abandoned, so no claim either way.","code-body sha256=2a768c3e560ea255 | first code lines: export type StakeTier = 0 | 0.5 | 1 | 1.5 | 2; / export const STAKE_TIERS: StakeTier[] = [0, 0.5, 1, 1.5, 2]; / export interface World {",apps/web/lib/calibration/2012-04626v2-minimax-regret-umdp.ts,,"ENABLED, PolicyTable, STAKE_TIERS, World, makeWorld, maxWorldRegret, minimaxRegretPolicy, regretAuditLog",0,
2101-02104v1-half-life-rating-climatology,2101.02104,,true,UNRESOLVED,"unique code body; paper attribution NOT verified. Screen abandoned, so no claim either way.","code-body sha256=450eb2c93d298d93 | first code lines: export function halfLifeWeights(n: number, halfLife: number) / return Array.from({ length: n }, (_, i) => / Math.pow(0.5, (n - 1 - i) / halfLife),",apps/web/lib/calibration/2101-02104v1-half-life-rating-climatology.ts,,"ENABLED, HALF_LIFE_SWEEP, climatologyBlend, fitBlendAlpha, halfLifeWeightedRate, halfLifeWeights, reliabilityGate, sweepHalfLife",0,
2106-06317v1-automatic-risk-adaptation,2106.06317,,true,UNRESOLVED,"unique code body; paper attribution NOT verified. Screen abandoned, so no claim either way.",code-body sha256=4249b78f0fc9bfc2 | first code lines: export function mulberry32(seed: number): () => number { / let a = seed >>> 0; / return function () {,apps/web/lib/calibration/2106-06317v1-automatic-risk-adaptation.ts,,"ENABLED, alphaFromNovelty, distortedStakeMultiplier, fitPsiMonotone, isotonicDecreasing, mulberry32, noveltyScore, stakesMonotoneDecreasing",0,
2109-12990v1-decision-quality-error,2109.12990,,true,UNRESOLVED,"unique code body; paper attribution NOT verified. Screen abandoned, so no claim either way.","code-body sha256=7af26ce31cccd3c2 | first code lines: export type DecisionType = ""fourth-down"" | ""two-point"" | ""ti / export interface CoachingDecision { / readonly team: string;",apps/web/lib/calibration/2109-12990v1-decision-quality-error.ts,,"CoachingDecision, DQEByType, TreeNode, dqeByType, occurrenceDQE, propensityTrimmed, teamSeasonDQE, treeMyopicDisagreement",0,
2110-03874-bradley-terry-uq,2110.03874,,true,UNRESOLVED,"unique code body; paper attribution NOT verified. Screen abandoned, so no claim either way.",code-body sha256=f7837afa33081ccb | first code lines: export function mulberry32(seed: number): () => number { / let a = seed >>> 0; / return function () {,apps/web/lib/calibration/2110-03874-bradley-terry-uq.ts,,"DECAY_LAMBDAS, ENABLED, GameResult, btFit, btFitDecayed, btStandardErrors, mulberry32, shouldAbstain",0,
2203-01420v1-median-world-regret,2203.01420,,true,UNRESOLVED,"unique code body; paper attribution NOT verified. Screen abandoned, so no claim either way.",code-body sha256=c89caf4ec1164fc2 | first code lines: export function mulberry32(seed: number): () => number { / let a = seed >>> 0; / return function () {,apps/web/lib/calibration/2203-01420v1-median-world-regret.ts,,"ENABLED, ScenarioWorld, adversarialWorldSearch, leaveOneWorldOutFlipRate, maxRegret, medianRegret, mulberry32, percentileRegret",0,
2210-08740v1-risk-sensitive-staking-mdp,2210.08740,,true,UNRESOLVED,"unique code body; paper attribution NOT verified. Screen abandoned, so no claim either way.",code-body sha256=b93c338eed1a4a5f | first code lines: export function mulberry32(seed: number): () => number { / let a = seed >>> 0; / return function () {,apps/web/lib/calibration/2210-08740v1-risk-sensitive-staking-mdp.ts,,"BETAS, ENABLED, N_BANKROLL_BUCKETS, N_EDGE_BUCKETS, N_STATES, PolicyTables, STAKE_TIERS, WeeklyPnl",0,
2401-16392v3-bayesian-home-advantage,2401.16392,,true,UNRESOLVED,"unique code body; paper attribution NOT verified. Screen abandoned, so no claim either way.",code-body sha256=7efddce585a61581 | first code lines: export interface GameDiff { / readonly season: number; / readonly diff: number;,apps/web/lib/calibration/2401-16392v3-bayesian-home-advantage.ts,,"ENABLED, GameDiff, HaFit, fitHomeAdvantage, needsRebaseline, withinPaperCI",0,
2412-03190v1-integrated-reject-option,2412.03190,,true,UNRESOLVED,"unique code body; paper attribution NOT verified. Screen abandoned, so no claim either way.",code-body sha256=af53f2ee030f3123 | first code lines: export interface SlateFeatures { / readonly nGames: number; / readonly meanAbsEdge: number;,apps/web/lib/calibration/2412-03190v1-integrated-reject-option.ts,,"ENABLED, PickScore, SlateFeatures, adaptiveCoverageTarget, costBasedSelect, coverageOnTarget, predictedOpportunities, selectPicks",0,
2501-02087v2-spectral-risk-betting,2501.02087,,true,UNRESOLVED,"unique code body; paper attribution NOT verified. Screen abandoned, so no claim either way.","code-body sha256=7c7a0590da04ea81 | first code lines: function mean(xs: readonly number[]): number { / return xs.reduce((a, b) => a + b, 0) / Math.max(xs.length, 1 / }",apps/web/lib/calibration/2501-02087v2-spectral-risk-betting.ts,,"ENABLED, cvarLosses, impliedRiskPosture, learnSpectrumFromOverrides, meanCvar, meanCvarClean, spectralRisk, tailProtectionGates",0,
2501-08397-lagrangian-abstention-head,2501.08397,,true,UNRESOLVED,"unique code body; paper attribution NOT verified. Screen abandoned, so no claim either way.","code-body sha256=f12aa4ea6c00ef7f | first code lines: export type Market = ""spread"" | ""total"" | ""moneyline""; / export interface MarketBudget { / readonly market: Market;",apps/web/lib/calibration/2501-08397-lagrangian-abstention-head.ts,,"ENABLED, MarketBudget, coveragePinned, dualStep, initMarketBudgets, lagrangianUpdate, selectByTheta",0,
2502-06884-two-threshold-conformal-abstention,2502.06884,,true,UNRESOLVED,"unique code body; paper attribution NOT verified. Screen abandoned, so no claim either way.","code-body sha256=709edc48fd348924 | first code lines: export const RL_TUNING_REJECTED = true; / export type Market = ""spread"" | ""total"" | ""moneyline""; / export interface MarketThresholds {",apps/web/lib/calibration/2502-06884-two-threshold-conformal-abstention.ts,,"ENABLED, MarketThresholds, RL_TUNING_REJECTED, TriageResult, calibrateMarketThresholds, conformalThreshold, meetsGate, triage",0,
2505-03585v1-robust-kelly-mmd,2505.03585,,true,UNRESOLVED,"unique code body; paper attribution NOT verified. Screen abandoned, so no claim either way.","code-body sha256=0fbc275f8d383cd2 | first code lines: function rbfKernel(a: readonly number[], b: readonly number[ / let s = 0; / for (let i = 0; i < a.length; i++) {",apps/web/lib/calibration/2505-03585v1-robust-kelly-mmd.ts,,"ENABLED, adaptiveEpsilon, mmdSquared, robustEdge, robustKellyFraction, volumeGuardOk",0,
2506-11399v1-dynamo-home-advantage,2506.11399,,true,UNRESOLVED,"unique code body; paper attribution NOT verified. Screen abandoned, so no claim either way.",code-body sha256=d2929217941c533c | first code lines: export interface DriveXP { / readonly t: number; / readonly isHome: 0 | 1;,apps/web/lib/calibration/2506-11399v1-dynamo-home-advantage.ts,,"DriveXP, ENABLED, dynamoHomeEdge, meetsDynamoGate, mseVsBaseline, rawBaseline",0,
2509-13141v1-format-incentive-covariates,2509.13141,,true,UNRESOLVED,"unique code body; paper attribution NOT verified. Screen abandoned, so no claim either way.",code-body sha256=49124ab2620dc26d | first code lines: export interface TableState { / readonly team: string; / readonly points: number;,apps/web/lib/calibration/2509-13141v1-format-incentive-covariates.ts,,"ENABLED, IncentiveTestRow, MatchContext, TableState, goalMarginalValue, incentiveTier, incentiveValidityTest",0,
2510-26456v1-weight-constraint-horserace,2510.26456,,true,UNRESOLVED,"unique code body; paper attribution NOT verified. Screen abandoned, so no claim either way.",code-body sha256=887e3b5aeefeef98 | first code lines: export function mulberry32(seed: number): () => number { / let a = seed >>> 0; / return function () {,apps/web/lib/calibration/2510-26456v1-weight-constraint-horserace.ts,,"CONSTRAINT_SPACES, ENABLED, HorseRaceResult, combinationBrier, conformalSelectionStability, fitConstrainedWeights, mulberry32, pickWinner",0,
2512-16968v1-travel-burden-fatigue,2512.16968,,true,UNRESOLVED,"unique code body; paper attribution NOT verified. Screen abandoned, so no claim either way.",code-body sha256=0200bec7bd5b0b86 | first code lines: export interface TeamGame { / readonly travelMiles: number; / readonly restDays: number;,apps/web/lib/calibration/2512-16968v1-travel-burden-fatigue.ts,,"ENABLED, ScheduleAudit, TeamGame, scheduleFairnessAudit, travelBurden, travelBurdenDifferential",0,
2603-08907-selective-prediction-bounds,2603.08907,,true,UNRESOLVED,"unique code body; paper attribution NOT verified. Screen abandoned, so no claim either way.","code-body sha256=2d115e2ac9377336 | first code lines: export type BoundRecipe = ""hoeffding-union"" | ""empirical-ber / export function pickBoundRecipe(n: number): BoundRecipe { / if (n < 120) return ""transfer-informed"";",apps/web/lib/calibration/2603-08907-selective-prediction-bounds.ts,,"Certification, ENABLED, boundForRecipe, certifyPicks, empiricalBernsteinBound, hoeffdingBound, pickBoundRecipe, transferInformedBound",0,
2604-20172v2-cover-robbins-stake-multiplier,2604.20172,,true,UNRESOLVED,"unique code body; paper attribution NOT verified. Screen abandoned, so no claim either way.",code-body sha256=eeacd3ad8c8cec68 | first code lines: export const SCALE_UP_WEALTH = 20; // reject no-edge at alph / export const SCALE_DOWN_WEALTH = 0.5; / export const MIN_PICKS_FOR_HALT = 50;,apps/web/lib/calibration/2604-20172v2-cover-robbins-stake-multiplier.ts,,"ENABLED, MIN_PICKS_FOR_HALT, SCALE_DOWN_WEALTH, SCALE_UP_WEALTH, coverRobbinsWealth, coverWealth, robbinsMixtureWealth, shuffleTestPassRate",0,
2606-05551v2-action-conditional-conformal,2606.05551,,true,UNRESOLVED,"unique code body; paper attribution NOT verified. Screen abandoned, so no claim either way.","code-body sha256=4ebf023b770e8a4f | first code lines: export const STAKE_TIER_FRACTIONS = [0, 0.25, 0.5, 1]; / export interface CalibBet { / readonly expectedProfit: number;",apps/web/lib/calibration/2606-05551v2-action-conditional-conformal.ts,,"CalibBet, ENABLED, STAKE_TIER_FRACTIONS, StakeDecision, actionConditionalCoverage, profitFloorCertificate, selectStakeTier, volumeGateOk",0,
2606-18686v1-simulated-world-benchmark,2606.18686,,true,REAL_IMPLEMENTATION,"Hand-read: body exports rolloutGame/simBrier/simCRPS/calibrationSlope/slopeGateOk, consistent with a simulated-world calibration benchmark.",code-body sha256=c8e1328b51a3de01 | first code lines: export interface HalftimeState { / readonly homeScore: number; / readonly awayScore: number;,apps/web/lib/calibration/2606-18686v1-simulated-world-benchmark.ts,,"EngineQuestion, HalftimeState, calibrationSlope, mulberry32Local, mutateDriveDist, rolloutGame, simBrier, simCRPS",0,
2606-29203-inverse-gap-weighted-allocation,2606.29203,,true,UNRESOLVED,"unique code body; paper attribution NOT verified. Screen abandoned, so no claim either way.","code-body sha256=a2a83ae3741276b8 | first code lines: export function inverseGapWeights(gaps: readonly number[]):  / const inv = gaps.map((g) => 1 / Math.max(g * g, 1e-12)); / const s = inv.reduce((a, b) => a + b, 0);",apps/web/lib/calibration/2606-29203-inverse-gap-weighted-allocation.ts,,"ENABLED, adaptiveAbstentionBudget, allocateEvalWeeks, evalWeeksSavedFraction, inverseGapWeights, shouldShipChallenger",0,
2608-20511-edge-directed-calibration-test,2608.20511,,true,UNRESOLVED,"unique code body; paper attribution NOT verified. Screen abandoned, so no claim either way.",code-body sha256=c1eb03e770bb2ad3 | first code lines: export interface EdgeResult { / readonly statistic: number; / readonly pValue: number;,apps/web/lib/calibration/2608-20511-edge-directed-calibration-test.ts,,"ENABLED, EdgeResult, distortedCopy, edgeStatistic, edgeStatisticOrdered, edgeTest, probOrder, weeklyQCRun",0,
2608-25940v2-metric-redundancy-audit,2608.25940,,true,UNRESOLVED,"unique code body; paper attribution NOT verified. Screen abandoned, so no claim either way.","code-body sha256=0aa3b9f8215eaad5 | first code lines: export function spearman(a: readonly number[], b: readonly n / const rank = (xs: readonly number[]): number[] => { / const order = xs.map((_, i) => i).sort((x, y) => xs[x]! - xs",apps/web/lib/calibration/2608-25940v2-metric-redundancy-audit.ts,,"collapseSubstitutes, correlationMatrix, forwardSelectCore, pearson, spearman, substitutePairs",0,
2609-05561-rollcast-anchors,2609.05561,,true,UNRESOLVED,"unique code body; paper attribution NOT verified. Screen abandoned, so no claim either way.","code-body sha256=8fd95e1f4f7cd79f | first code lines: export const ANCHOR_WINDOWS = [6, 10, 16]; / export interface AnchorSet { / readonly mean: number;",apps/web/lib/calibration/2609-05561-rollcast-anchors.ts,,"ANCHOR_WINDOWS, AnchorSet, ArchiveEntry, ENABLED, anchorDisplacementState, computeAnchors, fixedPersistenceForecast, persistenceForecast",0,
2609-19035-cpit-calibration,2609.19035,,true,UNRESOLVED,"unique code body; paper attribution NOT verified. Screen abandoned, so no claim either way.","code-body sha256=1ee1e2314cfcb790 | first code lines: export function samplePIT(samples: readonly number[], y: num / const n = samples.length; / if (n === 0) return 0.5;",apps/web/lib/calibration/2609-19035-cpit-calibration.ts,,"CpitGate, ENABLED, centralCoverage, cpitGate, cpitTransform, pitCvm, sampleCRPS, samplePIT",0,
2609-22048-availability-certification,2609.22048,,true,UNRESOLVED,"unique code body; paper attribution NOT verified. Screen abandoned, so no claim either way.",code-body sha256=165fe8b5626fdf34 | first code lines: export interface ReportingUnit { / readonly sport: string; / readonly market: string;,apps/web/lib/calibration/2609-22048-availability-certification.ts,,"ENABLED, PostingPolicy, ReportingUnit, UnitCertificate, availabilityGate, certifyUnit, heldOutSelection, picksNeededForAvailability",0,
0905-2997v1-active-learning,arXiv:0905.2997,Average-Case Active Learning with Costs,true,TEMPLATE_STAMP,"code body byte-identical to 4 other module(s) filed under different arXiv ids: arXiv:1906.03671, arXiv:1906.08158, arXiv:1908.02144, arXiv:2104.08312","code-body sha256=896aec3179519c24 | first code lines: export const CONFIG = { / enabled: false, / method: ""information-per-unit-cost greedy acquisition"",",packages/data-ingestion/src/0905-2997v1-active-learning.ts,,"ACCEPTANCE_GATE, ARXIV_ID, AcquisitionCandidate, CONFIG, ENABLED, LANE, greedyAcquireByRatio, infoPerCostScore",4,"arXiv:1906.03671, arXiv:1906.08158, arXiv:1908.02144, arXiv:2104.08312"
0911-3249v1-markets,arXiv:0911.3249,Emergence of scale invariance and efficiency in a racetrack betting market,true,TEMPLATE_STAMP,"code body byte-identical to 9 other module(s) filed under different arXiv ids: arXiv:1006.4884, arXiv:1009.1446, arXiv:1604.03614, arXiv:1909.06722, arXiv:2011.06430 ...","code-body sha256=5a6b0e8b0e98ea04 | first code lines: export const CONFIG = { / enabled: false, / method: ""AR/EAR efficiency-phase diagnostic on line time ser",packages/data-ingestion/src/0911-3249v1-markets.ts,,"ACCEPTANCE_GATE, ARXIV_ID, CONFIG, ENABLED, LANE, bucketMeans, concentrationIndex, countCrossings",9,"arXiv:1006.4884, arXiv:1009.1446, arXiv:1604.03614, arXiv:1909.06722, arXiv:2011.06430, arXiv:2101.05388, arXiv:2112.11262, arXiv:2211.06052"
1006-4884v1-markets,arXiv:1006.4884,Component Ratios of Independent and Herding Betters in a Racetrack Betting Market,true,TEMPLATE_STAMP,"code body byte-identical to 9 other module(s) filed under different arXiv ids: arXiv:0911.3249, arXiv:1009.1446, arXiv:1604.03614, arXiv:1909.06722, arXiv:2011.06430 ...","code-body sha256=5a6b0e8b0e98ea04 | first code lines: export const CONFIG = { / enabled: false, / method: ""AR/EAR efficiency-phase diagnostic on line time ser",packages/data-ingestion/src/1006-4884v1-markets.ts,,"ACCEPTANCE_GATE, ARXIV_ID, CONFIG, ENABLED, LANE, bucketMeans, concentrationIndex, countCrossings",9,"arXiv:0911.3249, arXiv:1009.1446, arXiv:1604.03614, arXiv:1909.06722, arXiv:2011.06430, arXiv:2101.05388, arXiv:2112.11262, arXiv:2211.06052"
1009-1446v1-markets,arXiv:1009.1446,"Comparing Prediction Market Structures, With an Application to Market Making",true,TEMPLATE_STAMP,"code body byte-identical to 9 other module(s) filed under different arXiv ids: arXiv:0911.3249, arXiv:1006.4884, arXiv:1604.03614, arXiv:1909.06722, arXiv:2011.06430 ...","code-body sha256=5a6b0e8b0e98ea04 | first code lines: export const CONFIG = { / enabled: false, / method: ""AR/EAR efficiency-phase diagnostic on line time ser",packages/data-ingestion/src/1009-1446v1-markets.ts,,"ACCEPTANCE_GATE, ARXIV_ID, CONFIG, ENABLED, LANE, bucketMeans, concentrationIndex, countCrossings",9,"arXiv:0911.3249, arXiv:1006.4884, arXiv:1604.03614, arXiv:1909.06722, arXiv:2011.06430, arXiv:2101.05388, arXiv:2112.11262, arXiv:2211.06052"
1111-0693v1-tracking,arXiv:1111.0693,"Scoring Strategies for the Underdog: A general, quantitative method for determining optimal sports strategies",true,TEMPLATE_STAMP,"code body byte-identical to 14 other module(s) filed under different arXiv ids: arXiv:1602.08754, arXiv:1806.06696, arXiv:1810.08032, arXiv:1906.11373, arXiv:1909.10631 ...","code-body sha256=83a2fc54ec392700 | first code lines: export const CONFIG = { / enabled: false, / method: ""frame-differenced kinematics + separation"",",packages/data-ingestion/src/1111-0693v1-tracking.ts,,"ACCEPTANCE_GATE, ARXIV_ID, CONFIG, ENABLED, LANE, TrackFrame, accelerationsFromSpeeds, distance",14,"arXiv:1602.08754, arXiv:1806.06696, arXiv:1810.08032, arXiv:1906.11373, arXiv:1909.10631, arXiv:1910.12337, arXiv:2002.04148, arXiv:2003.03271"
1205-3212v1-nlp,arXiv:1205.3212,SportSense: Real-Time Detection of NFL Game Events from Twitter,true,TEMPLATE_STAMP,"code body byte-identical to 17 other module(s) filed under different arXiv ids: arXiv:1211.6496, arXiv:1502.05886, arXiv:1812.00778, arXiv:1910.01863, arXiv:1910.12622 ...","code-body sha256=48c77369d309656d | first code lines: export const CONFIG = { / enabled: false, / method: ""lexicon scoring + keyword overlap on normalized tok",packages/data-ingestion/src/1205-3212v1-nlp.ts,,"ACCEPTANCE_GATE, ARXIV_ID, CONFIG, ENABLED, LANE, LexiconHit, keywordOverlap, lexiconScore",17,"arXiv:1211.6496, arXiv:1502.05886, arXiv:1812.00778, arXiv:1910.01863, arXiv:1910.12622, arXiv:1912.06806, arXiv:2009.00550, arXiv:2012.04380"
1208-0799v2-props-dfs,arXiv:1208.0799,Competing Process Hazard Function Models for Player Ratings in Ice Hockey,true,TEMPLATE_STAMP,"code body byte-identical to 10 other module(s) filed under different arXiv ids: arXiv:1710.05284, arXiv:2003.10791, arXiv:2106.11397, arXiv:2111.02859, arXiv:2206.15241 ...","code-body sha256=9408b0a01a38ceb2 | first code lines: export const CONFIG = { / enabled: false, / method: ""salary-cap knapsack lineup construction"",",packages/data-ingestion/src/1208-0799v2-props-dfs.ts,,"ACCEPTANCE_GATE, ARXIV_ID, CONFIG, ENABLED, LANE, PlayerEntry, blendProjections, knapsackLineup",10,"arXiv:1710.05284, arXiv:2003.10791, arXiv:2106.11397, arXiv:2111.02859, arXiv:2206.15241, arXiv:2302.09276, arXiv:2402.04898, arXiv:2407.03672"
1211-6496-nlp,arXiv:1211.6496,1719 TwitterPaul: extracting and aggregating Twitter predictions,true,TEMPLATE_STAMP,"code body byte-identical to 17 other module(s) filed under different arXiv ids: arXiv:1205.3212, arXiv:1502.05886, arXiv:1812.00778, arXiv:1910.01863, arXiv:1910.12622 ...","code-body sha256=48c77369d309656d | first code lines: export const CONFIG = { / enabled: false, / method: ""lexicon scoring + keyword overlap on normalized tok",packages/data-ingestion/src/1211-6496-nlp.ts,,"ACCEPTANCE_GATE, ARXIV_ID, CONFIG, ENABLED, LANE, LexiconHit, keywordOverlap, lexiconScore",17,"arXiv:1205.3212, arXiv:1502.05886, arXiv:1812.00778, arXiv:1910.01863, arXiv:1910.12622, arXiv:1912.06806, arXiv:2009.00550, arXiv:2012.04380"
1502-05886v1-nlp,arXiv:1502.05886,On Predictability of Rare Events Leveraging Social Media,true,TEMPLATE_STAMP,"code body byte-identical to 17 other module(s) filed under different arXiv ids: arXiv:1205.3212, arXiv:1211.6496, arXiv:1812.00778, arXiv:1910.01863, arXiv:1910.12622 ...","code-body sha256=48c77369d309656d | first code lines: export const CONFIG = { / enabled: false, / method: ""lexicon scoring + keyword overlap on normalized tok",packages/data-ingestion/src/1502-05886v1-nlp.ts,,"ACCEPTANCE_GATE, ARXIV_ID, CONFIG, ENABLED, LANE, LexiconHit, keywordOverlap, lexiconScore",17,"arXiv:1205.3212, arXiv:1211.6496, arXiv:1812.00778, arXiv:1910.01863, arXiv:1910.12622, arXiv:1912.06806, arXiv:2009.00550, arXiv:2012.04380"
1601-00991v1-signal-discovery-alpha-mining,arXiv:1601.00991,101 Formulaic Alphas,true,TEMPLATE_STAMP,"code body byte-identical to 2 other module(s) filed under different arXiv ids: arXiv:2002.08245, arXiv:2103.16196","code-body sha256=4966e83b5f26c579 | first code lines: export const CONFIG = { / enabled: false, / method: ""rank IC + turnover + signal half-life"",",packages/data-ingestion/src/1601-00991v1-signal-discovery-alpha-mining.ts,,"ACCEPTANCE_GATE, ARXIV_ID, CONFIG, ENABLED, LANE, halfLifeFromDecay, informationCoefficient, turnoverRate",2,"arXiv:2002.08245, arXiv:2103.16196"
1602-08754v2-tracking,arXiv:1602.08754,Adjusting for Scorekeeper Bias in NBA Box Scores,true,TEMPLATE_STAMP,"code body byte-identical to 14 other module(s) filed under different arXiv ids: arXiv:1111.0693, arXiv:1806.06696, arXiv:1810.08032, arXiv:1906.11373, arXiv:1909.10631 ...","code-body sha256=83a2fc54ec392700 | first code lines: export const CONFIG = { / enabled: false, / method: ""frame-differenced kinematics + separation"",",packages/data-ingestion/src/1602-08754v2-tracking.ts,,"ACCEPTANCE_GATE, ARXIV_ID, CONFIG, ENABLED, LANE, TrackFrame, accelerationsFromSpeeds, distance",14,"arXiv:1111.0693, arXiv:1806.06696, arXiv:1810.08032, arXiv:1906.11373, arXiv:1909.10631, arXiv:1910.12337, arXiv:2002.04148, arXiv:2003.03271"
1604-03614v5-markets,arXiv:1604.03614,The Market for English Premier League Odds,true,TEMPLATE_STAMP,"code body byte-identical to 9 other module(s) filed under different arXiv ids: arXiv:0911.3249, arXiv:1006.4884, arXiv:1009.1446, arXiv:1909.06722, arXiv:2011.06430 ...","code-body sha256=5a6b0e8b0e98ea04 | first code lines: export const CONFIG = { / enabled: false, / method: ""AR/EAR efficiency-phase diagnostic on line time ser",packages/data-ingestion/src/1604-03614v5-markets.ts,,"ACCEPTANCE_GATE, ARXIV_ID, CONFIG, ENABLED, LANE, bucketMeans, concentrationIndex, countCrossings",9,"arXiv:0911.3249, arXiv:1006.4884, arXiv:1009.1446, arXiv:1909.06722, arXiv:2011.06430, arXiv:2101.05388, arXiv:2112.11262, arXiv:2211.06052"
1609-07480v1-causal-injury,arXiv:1609.07480,Predictive modelling of football injuries,true,TEMPLATE_STAMP,"code body byte-identical to 7 other module(s) filed under different arXiv ids: arXiv:1809.08016, arXiv:1907.05326, arXiv:1907.11769, arXiv:2007.05507, arXiv:2110.14632 ...","code-body sha256=3bc347fd127b4920 | first code lines: export const CONFIG = { / enabled: false, / method: ""IPW + difference-in-differences + balance diagnosti",packages/data-ingestion/src/1609-07480v1-causal-injury.ts,,"ACCEPTANCE_GATE, ARXIV_ID, CONFIG, ENABLED, LANE, didEstimate, ipwWeights, standardizedMeanDiff",7,"arXiv:1809.08016, arXiv:1907.05326, arXiv:1907.11769, arXiv:2007.05507, arXiv:2110.14632, arXiv:2207.00585, arXiv:2401.02919"
1707-08559-multimodal-fusion,arXiv:1707.08559,Video Highlight Prediction Using Audience Chat Reactions,true,TEMPLATE_STAMP,"code body byte-identical to 2 other module(s) filed under different arXiv ids: arXiv:2108.11149, arXiv:2203.03990","code-body sha256=79aafa3d97a65e88 | first code lines: export const CONFIG = { / enabled: false, / method: ""concat early fusion + weighted late fusion + cosine",packages/data-ingestion/src/1707-08559-multimodal-fusion.ts,,"ACCEPTANCE_GATE, ARXIV_ID, CONFIG, ENABLED, LANE, earlyFusionConcat, lateFusionAverage, modalityAgreement",2,"arXiv:2108.11149, arXiv:2203.03990"
1710-05284v1-props-dfs,arXiv:1710.05284,Multivariate Generalized Linear Mixed Models for Joint Estimation of Sporting Outcomes,true,TEMPLATE_STAMP,"code body byte-identical to 10 other module(s) filed under different arXiv ids: arXiv:1208.0799, arXiv:2003.10791, arXiv:2106.11397, arXiv:2111.02859, arXiv:2206.15241 ...","code-body sha256=9408b0a01a38ceb2 | first code lines: export const CONFIG = { / enabled: false, / method: ""salary-cap knapsack lineup construction"",",packages/data-ingestion/src/1710-05284v1-props-dfs.ts,,"ACCEPTANCE_GATE, ARXIV_ID, CONFIG, ENABLED, LANE, PlayerEntry, blendProjections, knapsackLineup",10,"arXiv:1208.0799, arXiv:2003.10791, arXiv:2106.11397, arXiv:2111.02859, arXiv:2206.15241, arXiv:2302.09276, arXiv:2402.04898, arXiv:2407.03672"
1806-06696v1-tracking,arXiv:1806.06696,SMOGS: Social Network Metrics of Game Success,true,TEMPLATE_STAMP,"code body byte-identical to 14 other module(s) filed under different arXiv ids: arXiv:1111.0693, arXiv:1602.08754, arXiv:1810.08032, arXiv:1906.11373, arXiv:1909.10631 ...","code-body sha256=83a2fc54ec392700 | first code lines: export const CONFIG = { / enabled: false, / method: ""frame-differenced kinematics + separation"",",packages/data-ingestion/src/1806-06696v1-tracking.ts,,"ACCEPTANCE_GATE, ARXIV_ID, CONFIG, ENABLED, LANE, TrackFrame, accelerationsFromSpeeds, distance",14,"arXiv:1111.0693, arXiv:1602.08754, arXiv:1810.08032, arXiv:1906.11373, arXiv:1909.10631, arXiv:1910.12337, arXiv:2002.04148, arXiv:2003.03271"
1809-08016v3-causal-injury,arXiv:1809.08016,On-field player workload exposure and knee injury risk monitoring via deep learning,true,TEMPLATE_STAMP,"code body byte-identical to 7 other module(s) filed under different arXiv ids: arXiv:1609.07480, arXiv:1907.05326, arXiv:1907.11769, arXiv:2007.05507, arXiv:2110.14632 ...","code-body sha256=3bc347fd127b4920 | first code lines: export const CONFIG = { / enabled: false, / method: ""IPW + difference-in-differences + balance diagnosti",packages/data-ingestion/src/1809-08016v3-causal-injury.ts,,"ACCEPTANCE_GATE, ARXIV_ID, CONFIG, ENABLED, LANE, didEstimate, ipwWeights, standardizedMeanDiff",7,"arXiv:1609.07480, arXiv:1907.05326, arXiv:1907.11769, arXiv:2007.05507, arXiv:2110.14632, arXiv:2207.00585, arXiv:2401.02919"
1810-08032v1-tracking,arXiv:1810.08032,Augmenting Adjusted Plus-Minus in Soccer with FIFA Ratings,true,TEMPLATE_STAMP,"code body byte-identical to 14 other module(s) filed under different arXiv ids: arXiv:1111.0693, arXiv:1602.08754, arXiv:1806.06696, arXiv:1906.11373, arXiv:1909.10631 ...","code-body sha256=83a2fc54ec392700 | first code lines: export const CONFIG = { / enabled: false, / method: ""frame-differenced kinematics + separation"",",packages/data-ingestion/src/1810-08032v1-tracking.ts,,"ACCEPTANCE_GATE, ARXIV_ID, CONFIG, ENABLED, LANE, TrackFrame, accelerationsFromSpeeds, distance",14,"arXiv:1111.0693, arXiv:1602.08754, arXiv:1806.06696, arXiv:1906.11373, arXiv:1909.10631, arXiv:1910.12337, arXiv:2002.04148, arXiv:2003.03271"
1812-00778-nlp,arXiv:1812.00778,1721 FTR-18: collecting rumours on football transfer news,true,TEMPLATE_STAMP,"code body byte-identical to 17 other module(s) filed under different arXiv ids: arXiv:1205.3212, arXiv:1211.6496, arXiv:1502.05886, arXiv:1910.01863, arXiv:1910.12622 ...","code-body sha256=48c77369d309656d | first code lines: export const CONFIG = { / enabled: false, / method: ""lexicon scoring + keyword overlap on normalized tok",packages/data-ingestion/src/1812-00778-nlp.ts,,"ACCEPTANCE_GATE, ARXIV_ID, CONFIG, ENABLED, LANE, LexiconHit, keywordOverlap, lexiconScore",17,"arXiv:1205.3212, arXiv:1211.6496, arXiv:1502.05886, arXiv:1910.01863, arXiv:1910.12622, arXiv:1912.06806, arXiv:2009.00550, arXiv:2012.04380"
1901-07329-auto-feature-eng,arXiv:1901.07329,The autofeat Python Library for Automated Feature Engineering and Selection,true,TEMPLATE_STAMP,"code body byte-identical to 9 other module(s) filed under different arXiv ids: arXiv:2006.00873, arXiv:2009.14454, arXiv:2010.08784, arXiv:2102.06024, arXiv:2104.02883 ...","code-body sha256=898460b5e96d97ad | first code lines: export const CONFIG = { / enabled: false, / method: ""polynomial expansion + variance threshold + z-score",packages/data-ingestion/src/1901-07329-auto-feature-eng.ts,,"ACCEPTANCE_GATE, ARXIV_ID, CONFIG, ENABLED, LANE, polynomialFeatures, varianceThresholdColumns, zScoreNormalize",9,"arXiv:2006.00873, arXiv:2009.14454, arXiv:2010.08784, arXiv:2102.06024, arXiv:2104.02883, arXiv:2110.10914, arXiv:2207.11486, arXiv:2306.06252"
1902-07378v1-team-ratings,arXiv:1902.07378,Gaussian Process Priors for Dynamic Paired Comparison Modelling,true,TEMPLATE_STAMP,"code body byte-identical to 23 other module(s) filed under different arXiv ids: arXiv:1903.07746, arXiv:1906.02746, arXiv:1908.11490, arXiv:1909.03802, arXiv:1912.05129 ...","code-body sha256=914331e105ade500 | first code lines: export const CONFIG = { / enabled: false, / method: ""Elo with margin-of-victory multiplier"",",packages/data-ingestion/src/1902-07378v1-team-ratings.ts,,"ACCEPTANCE_GATE, ARXIV_ID, CONFIG, ENABLED, LANE, blendRatings, eloUpdate, eloWinProb",23,"arXiv:1903.07746, arXiv:1906.02746, arXiv:1908.11490, arXiv:1909.03802, arXiv:1912.05129, arXiv:2001.04226, arXiv:2006.08189, arXiv:2006.11909"
1903-07746v2-team-ratings,arXiv:1903.07746,Pairwise Comparisons with Flexible Time-Dynamics,true,TEMPLATE_STAMP,"code body byte-identical to 23 other module(s) filed under different arXiv ids: arXiv:1902.07378, arXiv:1906.02746, arXiv:1908.11490, arXiv:1909.03802, arXiv:1912.05129 ...","code-body sha256=914331e105ade500 | first code lines: export const CONFIG = { / enabled: false, / method: ""Elo with margin-of-victory multiplier"",",packages/data-ingestion/src/1903-07746v2-team-ratings.ts,,"ACCEPTANCE_GATE, ARXIV_ID, CONFIG, ENABLED, LANE, blendRatings, eloUpdate, eloWinProb",23,"arXiv:1902.07378, arXiv:1906.02746, arXiv:1908.11490, arXiv:1909.03802, arXiv:1912.05129, arXiv:2001.04226, arXiv:2006.08189, arXiv:2006.11909"
1906-01760v3-win-spread-total,arXiv:1906.01760,Going Deep: Models for Continuous-Time Within-Play Valuation of Game Outcomes in American Football with Tracking Data,true,TEMPLATE_STAMP,"code body byte-identical to 4 other module(s) filed under different arXiv ids: arXiv:1912.07441, arXiv:2011.02122, arXiv:2304.09918, arXiv:2406.16171","code-body sha256=8579981971b71f80 | first code lines: export const CONFIG = { / enabled: false, / method: ""logistic spread mapping + normal total model + key-",packages/data-ingestion/src/1906-01760v3-win-spread-total.ts,,"ACCEPTANCE_GATE, ARXIV_ID, CONFIG, ENABLED, LANE, pushProbability, spreadToWinProb, totalToOverProb",4,"arXiv:1912.07441, arXiv:2011.02122, arXiv:2304.09918, arXiv:2406.16171"
1906-02746v3-team-ratings,arXiv:1906.02746,Ranking and synchronization from pairwise measurements via SVD,true,TEMPLATE_STAMP,"code body byte-identical to 23 other module(s) filed under different arXiv ids: arXiv:1902.07378, arXiv:1903.07746, arXiv:1908.11490, arXiv:1909.03802, arXiv:1912.05129 ...","code-body sha256=914331e105ade500 | first code lines: export const CONFIG = { / enabled: false, / method: ""Elo with margin-of-victory multiplier"",",packages/data-ingestion/src/1906-02746v3-team-ratings.ts,,"ACCEPTANCE_GATE, ARXIV_ID, CONFIG, ENABLED, LANE, blendRatings, eloUpdate, eloWinProb",23,"arXiv:1902.07378, arXiv:1903.07746, arXiv:1908.11490, arXiv:1909.03802, arXiv:1912.05129, arXiv:2001.04226, arXiv:2006.08189, arXiv:2006.11909"
1906-03671v2-active-learning,arXiv:1906.03671,"Deep Batch Active Learning by Diverse, Uncertain Gradient Lower Bounds",true,TEMPLATE_STAMP,"code body byte-identical to 4 other module(s) filed under different arXiv ids: arXiv:0905.2997, arXiv:1906.08158, arXiv:1908.02144, arXiv:2104.08312","code-body sha256=896aec3179519c24 | first code lines: export const CONFIG = { / enabled: false, / method: ""information-per-unit-cost greedy acquisition"",",packages/data-ingestion/src/1906-03671v2-active-learning.ts,,"ACCEPTANCE_GATE, ARXIV_ID, AcquisitionCandidate, CONFIG, ENABLED, LANE, greedyAcquireByRatio, infoPerCostScore",4,"arXiv:0905.2997, arXiv:1906.08158, arXiv:1908.02144, arXiv:2104.08312"
1906-08158v2-active-learning,arXiv:1906.08158,BatchBALD: Efficient and Diverse Batch Acquisition for Deep Bayesian Active Learning,true,TEMPLATE_STAMP,"code body byte-identical to 4 other module(s) filed under different arXiv ids: arXiv:0905.2997, arXiv:1906.03671, arXiv:1908.02144, arXiv:2104.08312","code-body sha256=896aec3179519c24 | first code lines: export const CONFIG = { / enabled: false, / method: ""information-per-unit-cost greedy acquisition"",",packages/data-ingestion/src/1906-08158v2-active-learning.ts,,"ACCEPTANCE_GATE, ARXIV_ID, AcquisitionCandidate, CONFIG, ENABLED, LANE, greedyAcquireByRatio, infoPerCostScore",4,"arXiv:0905.2997, arXiv:1906.03671, arXiv:1908.02144, arXiv:2104.08312"
1906-11373v3-tracking,arXiv:1906.11373,0006 Unsupervised Identification of Pass Coverage (arXiv:1906.11373v3),true,TEMPLATE_STAMP,"code body byte-identical to 14 other module(s) filed under different arXiv ids: arXiv:1111.0693, arXiv:1602.08754, arXiv:1806.06696, arXiv:1810.08032, arXiv:1909.10631 ...","code-body sha256=83a2fc54ec392700 | first code lines: export const CONFIG = { / enabled: false, / method: ""frame-differenced kinematics + separation"",",packages/data-ingestion/src/1906-11373v3-tracking.ts,,"ACCEPTANCE_GATE, ARXIV_ID, CONFIG, ENABLED, LANE, TrackFrame, accelerationsFromSpeeds, distance",14,"arXiv:1111.0693, arXiv:1602.08754, arXiv:1806.06696, arXiv:1810.08032, arXiv:1909.10631, arXiv:1910.12337, arXiv:2002.04148, arXiv:2003.03271"
1907-00503v1-synthetic-data,arXiv:1907.00503,Modeling Tabular Data using Conditional GAN,true,TEMPLATE_STAMP,"code body byte-identical to 3 other module(s) filed under different arXiv ids: arXiv:2202.02691, arXiv:2209.15421, arXiv:2210.04018","code-body sha256=f3983070c63d66c8 | first code lines: export const CONFIG = { / enabled: false, / method: ""distributional parity checks (KS, moments, range)"",",packages/data-ingestion/src/1907-00503v1-synthetic-data.ts,,"ACCEPTANCE_GATE, ARXIV_ID, CONFIG, ENABLED, LANE, ParityReport, columnParityReport, ksStatistic",3,"arXiv:2202.02691, arXiv:2209.15421, arXiv:2210.04018"
1907-05326-causal-injury,arXiv:1907.05326,The acute:chronic workload ratio: challenges and prospects for improvement,true,TEMPLATE_STAMP,"code body byte-identical to 7 other module(s) filed under different arXiv ids: arXiv:1609.07480, arXiv:1809.08016, arXiv:1907.11769, arXiv:2007.05507, arXiv:2110.14632 ...","code-body sha256=3bc347fd127b4920 | first code lines: export const CONFIG = { / enabled: false, / method: ""IPW + difference-in-differences + balance diagnosti",packages/data-ingestion/src/1907-05326-causal-injury.ts,,"ACCEPTANCE_GATE, ARXIV_ID, CONFIG, ENABLED, LANE, didEstimate, ipwWeights, standardizedMeanDiff",7,"arXiv:1609.07480, arXiv:1809.08016, arXiv:1907.11769, arXiv:2007.05507, arXiv:2110.14632, arXiv:2207.00585, arXiv:2401.02919"
1907-11769v4-causal-injury,arXiv:1907.11769,Automatically Learning Construction Injury Precursors from Text,true,TEMPLATE_STAMP,"code body byte-identical to 7 other module(s) filed under different arXiv ids: arXiv:1609.07480, arXiv:1809.08016, arXiv:1907.05326, arXiv:2007.05507, arXiv:2110.14632 ...","code-body sha256=3bc347fd127b4920 | first code lines: export const CONFIG = { / enabled: false, / method: ""IPW + difference-in-differences + balance diagnosti",packages/data-ingestion/src/1907-11769v4-causal-injury.ts,,"ACCEPTANCE_GATE, ARXIV_ID, CONFIG, ENABLED, LANE, didEstimate, ipwWeights, standardizedMeanDiff",7,"arXiv:1609.07480, arXiv:1809.08016, arXiv:1907.05326, arXiv:2007.05507, arXiv:2110.14632, arXiv:2207.00585, arXiv:2401.02919"
1908-02144v4-active-learning,arXiv:1908.02144,Bayesian Batch Active Learning as Sparse Subset Approximation,true,TEMPLATE_STAMP,"code body byte-identical to 4 other module(s) filed under different arXiv ids: arXiv:0905.2997, arXiv:1906.03671, arXiv:1906.08158, arXiv:2104.08312","code-body sha256=896aec3179519c24 | first code lines: export const CONFIG = { / enabled: false, / method: ""information-per-unit-cost greedy acquisition"",",packages/data-ingestion/src/1908-02144v4-active-learning.ts,,"ACCEPTANCE_GATE, ARXIV_ID, AcquisitionCandidate, CONFIG, ENABLED, LANE, greedyAcquireByRatio, infoPerCostScore",4,"arXiv:0905.2997, arXiv:1906.03671, arXiv:1906.08158, arXiv:2104.08312"
1908-08991v2-experimental,arXiv:1908.08991,Football is becoming more predictable; Network analysis of 88 thousands matches in 11 major leagues,true,TEMPLATE_STAMP,"code body byte-identical to 3 other module(s) filed under different arXiv ids: arXiv:2107.07561, arXiv:2303.16741, arXiv:2410.01304","code-body sha256=663a93dc0ccde5b5 | first code lines: export const CONFIG = { / enabled: false, / method: ""Welch t, chi-square SRM, normal-approx MDE"",",packages/data-ingestion/src/1908-08991v2-experimental.ts,,"ACCEPTANCE_GATE, ARXIV_ID, CONFIG, ENABLED, LANE, minDetectableEffect, sampleRatioMismatch, welchT",3,"arXiv:2107.07561, arXiv:2303.16741, arXiv:2410.01304"
1908-11490v2-team-ratings,arXiv:1908.11490,Finding your feet: A Gaussian process model for estimating the abilities of batsmen in Test cricket,true,TEMPLATE_STAMP,"code body byte-identical to 23 other module(s) filed under different arXiv ids: arXiv:1902.07378, arXiv:1903.07746, arXiv:1906.02746, arXiv:1909.03802, arXiv:1912.05129 ...","code-body sha256=914331e105ade500 | first code lines: export const CONFIG = { / enabled: false, / method: ""Elo with margin-of-victory multiplier"",",packages/data-ingestion/src/1908-11490v2-team-ratings.ts,,"ACCEPTANCE_GATE, ARXIV_ID, CONFIG, ENABLED, LANE, blendRatings, eloUpdate, eloWinProb",23,"arXiv:1902.07378, arXiv:1903.07746, arXiv:1906.02746, arXiv:1909.03802, arXiv:1912.05129, arXiv:2001.04226, arXiv:2006.08189, arXiv:2006.11909"
1909-03802v1-team-ratings,arXiv:1909.03802,Bayesian isotonic logistic regression via constrained splines,true,TEMPLATE_STAMP,"code body byte-identical to 23 other module(s) filed under different arXiv ids: arXiv:1902.07378, arXiv:1903.07746, arXiv:1906.02746, arXiv:1908.11490, arXiv:1912.05129 ...","code-body sha256=914331e105ade500 | first code lines: export const CONFIG = { / enabled: false, / method: ""Elo with margin-of-victory multiplier"",",packages/data-ingestion/src/1909-03802v1-team-ratings.ts,,"ACCEPTANCE_GATE, ARXIV_ID, CONFIG, ENABLED, LANE, blendRatings, eloUpdate, eloWinProb",23,"arXiv:1902.07378, arXiv:1903.07746, arXiv:1906.02746, arXiv:1908.11490, arXiv:1912.05129, arXiv:2001.04226, arXiv:2006.08189, arXiv:2006.11909"
1909-06722v1-markets,arXiv:1909.06722,PLACKETT-LUCE MODEL FOR LEARNING-TO-RANK TASK,true,TEMPLATE_STAMP,"code body byte-identical to 9 other module(s) filed under different arXiv ids: arXiv:0911.3249, arXiv:1006.4884, arXiv:1009.1446, arXiv:1604.03614, arXiv:2011.06430 ...","code-body sha256=5a6b0e8b0e98ea04 | first code lines: export const CONFIG = { / enabled: false, / method: ""AR/EAR efficiency-phase diagnostic on line time ser",packages/data-ingestion/src/1909-06722v1-markets.ts,,"ACCEPTANCE_GATE, ARXIV_ID, CONFIG, ENABLED, LANE, bucketMeans, concentrationIndex, countCrossings",9,"arXiv:0911.3249, arXiv:1006.4884, arXiv:1009.1446, arXiv:1604.03614, arXiv:2011.06430, arXiv:2101.05388, arXiv:2112.11262, arXiv:2211.06052"
1909-10631v3-tracking,arXiv:1909.10631,"Bigger data, better questions, and a return to fourth down behavior: an introduction to a special issue on tracking data in the National Football League",true,TEMPLATE_STAMP,"code body byte-identical to 14 other module(s) filed under different arXiv ids: arXiv:1111.0693, arXiv:1602.08754, arXiv:1806.06696, arXiv:1810.08032, arXiv:1906.11373 ...","code-body sha256=83a2fc54ec392700 | first code lines: export const CONFIG = { / enabled: false, / method: ""frame-differenced kinematics + separation"",",packages/data-ingestion/src/1909-10631v3-tracking.ts,,"ACCEPTANCE_GATE, ARXIV_ID, CONFIG, ENABLED, LANE, TrackFrame, accelerationsFromSpeeds, distance",14,"arXiv:1111.0693, arXiv:1602.08754, arXiv:1806.06696, arXiv:1810.08032, arXiv:1906.11373, arXiv:1910.12337, arXiv:2002.04148, arXiv:2003.03271"
1910-01863-nlp,arXiv:1910.01863,Template-free Data-to-Text Generation of Finnish Sports News,true,TEMPLATE_STAMP,"code body byte-identical to 17 other module(s) filed under different arXiv ids: arXiv:1205.3212, arXiv:1211.6496, arXiv:1502.05886, arXiv:1812.00778, arXiv:1910.12622 ...","code-body sha256=48c77369d309656d | first code lines: export const CONFIG = { / enabled: false, / method: ""lexicon scoring + keyword overlap on normalized tok",packages/data-ingestion/src/1910-01863-nlp.ts,,"ACCEPTANCE_GATE, ARXIV_ID, CONFIG, ENABLED, LANE, LexiconHit, keywordOverlap, lexiconScore",17,"arXiv:1205.3212, arXiv:1211.6496, arXiv:1502.05886, arXiv:1812.00778, arXiv:1910.12622, arXiv:1912.06806, arXiv:2009.00550, arXiv:2012.04380"
1910-12337v1-tracking,arXiv:1910.12337,Expected Hypothetical Completion Probability,true,TEMPLATE_STAMP,"code body byte-identical to 14 other module(s) filed under different arXiv ids: arXiv:1111.0693, arXiv:1602.08754, arXiv:1806.06696, arXiv:1810.08032, arXiv:1906.11373 ...","code-body sha256=83a2fc54ec392700 | first code lines: export const CONFIG = { / enabled: false, / method: ""frame-differenced kinematics + separation"",",packages/data-ingestion/src/1910-12337v1-tracking.ts,,"ACCEPTANCE_GATE, ARXIV_ID, CONFIG, ENABLED, LANE, TrackFrame, accelerationsFromSpeeds, distance",14,"arXiv:1111.0693, arXiv:1602.08754, arXiv:1806.06696, arXiv:1810.08032, arXiv:1906.11373, arXiv:1909.10631, arXiv:2002.04148, arXiv:2003.03271"
1910-12622v1-nlp,arXiv:1910.12622,Trouble with the Curve: Predicting Future MLB Players Using Scouting Reports,true,TEMPLATE_STAMP,"code body byte-identical to 17 other module(s) filed under different arXiv ids: arXiv:1205.3212, arXiv:1211.6496, arXiv:1502.05886, arXiv:1812.00778, arXiv:1910.01863 ...","code-body sha256=48c77369d309656d | first code lines: export const CONFIG = { / enabled: false, / method: ""lexicon scoring + keyword overlap on normalized tok",packages/data-ingestion/src/1910-12622v1-nlp.ts,,"ACCEPTANCE_GATE, ARXIV_ID, CONFIG, ENABLED, LANE, LexiconHit, keywordOverlap, lexiconScore",17,"arXiv:1205.3212, arXiv:1211.6496, arXiv:1502.05886, arXiv:1812.00778, arXiv:1910.01863, arXiv:1912.06806, arXiv:2009.00550, arXiv:2012.04380"
1912-05129v2-team-ratings,arXiv:1912.05129,Measuring Spatial Allocative Efficiency in Basketball,true,TEMPLATE_STAMP,"code body byte-identical to 23 other module(s) filed under different arXiv ids: arXiv:1902.07378, arXiv:1903.07746, arXiv:1906.02746, arXiv:1908.11490, arXiv:1909.03802 ...","code-body sha256=914331e105ade500 | first code lines: export const CONFIG = { / enabled: false, / method: ""Elo with margin-of-victory multiplier"",",packages/data-ingestion/src/1912-05129v2-team-ratings.ts,,"ACCEPTANCE_GATE, ARXIV_ID, CONFIG, ENABLED, LANE, blendRatings, eloUpdate, eloWinProb",23,"arXiv:1902.07378, arXiv:1903.07746, arXiv:1906.02746, arXiv:1908.11490, arXiv:1909.03802, arXiv:2001.04226, arXiv:2006.08189, arXiv:2006.11909"
1912-06806v1-nlp,arXiv:1912.06806,SemEval-2013 Task 2: Sentiment Analysis in Twitter,true,TEMPLATE_STAMP,"code body byte-identical to 17 other module(s) filed under different arXiv ids: arXiv:1205.3212, arXiv:1211.6496, arXiv:1502.05886, arXiv:1812.00778, arXiv:1910.01863 ...","code-body sha256=48c77369d309656d | first code lines: export const CONFIG = { / enabled: false, / method: ""lexicon scoring + keyword overlap on normalized tok",packages/data-ingestion/src/1912-06806v1-nlp.ts,,"ACCEPTANCE_GATE, ARXIV_ID, CONFIG, ENABLED, LANE, LexiconHit, keywordOverlap, lexiconScore",17,"arXiv:1205.3212, arXiv:1211.6496, arXiv:1502.05886, arXiv:1812.00778, arXiv:1910.01863, arXiv:1910.12622, arXiv:2009.00550, arXiv:2012.04380"
1912-07441v1-win-spread-total,arXiv:1912.07441,Multi-stream Data Analytics for Enhanced Performance Prediction in Fantasy Football,true,TEMPLATE_STAMP,"code body byte-identical to 4 other module(s) filed under different arXiv ids: arXiv:1906.01760, arXiv:2011.02122, arXiv:2304.09918, arXiv:2406.16171","code-body sha256=8579981971b71f80 | first code lines: export const CONFIG = { / enabled: false, / method: ""logistic spread mapping + normal total model + key-",packages/data-ingestion/src/1912-07441v1-win-spread-total.ts,,"ACCEPTANCE_GATE, ARXIV_ID, CONFIG, ENABLED, LANE, pushProbability, spreadToWinProb, totalToOverProb",4,"arXiv:1906.01760, arXiv:2011.02122, arXiv:2304.09918, arXiv:2406.16171"
1912-08726v4-calibration,arXiv:1912.08726,Econometrics for decision making: building foundations sketched by Haavelmo and Wald,true,TEMPLATE_STAMP,"code body byte-identical to 3 other module(s) filed under different arXiv ids: arXiv:2105.11982, arXiv:2110.00864, arXiv:2204.13087","code-body sha256=875eadfc53dad983 | first code lines: export const CONFIG = { / enabled: false, / method: ""binned reliability + PAVA isotonic recalibration"",",packages/data-ingestion/src/1912-08726v4-calibration.ts,,"ACCEPTANCE_GATE, ARXIV_ID, CONFIG, ENABLED, LANE, ReliabilityBin, binPredictions, expectedCalibrationError",3,"arXiv:2105.11982, arXiv:2110.00864, arXiv:2204.13087"
2001-04226v2-team-ratings,arXiv:2001.04226,Prediction and Evaluation in College Hockey using the Bradley-Terry-Zermelo Model,true,TEMPLATE_STAMP,"code body byte-identical to 23 other module(s) filed under different arXiv ids: arXiv:1902.07378, arXiv:1903.07746, arXiv:1906.02746, arXiv:1908.11490, arXiv:1909.03802 ...","code-body sha256=914331e105ade500 | first code lines: export const CONFIG = { / enabled: false, / method: ""Elo with margin-of-victory multiplier"",",packages/data-ingestion/src/2001-04226v2-team-ratings.ts,,"ACCEPTANCE_GATE, ARXIV_ID, CONFIG, ENABLED, LANE, blendRatings, eloUpdate, eloWinProb",23,"arXiv:1902.07378, arXiv:1903.07746, arXiv:1906.02746, arXiv:1908.11490, arXiv:1909.03802, arXiv:1912.05129, arXiv:2006.08189, arXiv:2006.11909"
2002-04148v1-tracking,arXiv:2002.04148,The role of intrinsic dimension in high-resolution player tracking data -- Insights in basketball,true,TEMPLATE_STAMP,"code body byte-identical to 14 other module(s) filed under different arXiv ids: arXiv:1111.0693, arXiv:1602.08754, arXiv:1806.06696, arXiv:1810.08032, arXiv:1906.11373 ...","code-body sha256=83a2fc54ec392700 | first code lines: export const CONFIG = { / enabled: false, / method: ""frame-differenced kinematics + separation"",",packages/data-ingestion/src/2002-04148v1-tracking.ts,,"ACCEPTANCE_GATE, ARXIV_ID, CONFIG, ENABLED, LANE, TrackFrame, accelerationsFromSpeeds, distance",14,"arXiv:1111.0693, arXiv:1602.08754, arXiv:1806.06696, arXiv:1810.08032, arXiv:1906.11373, arXiv:1909.10631, arXiv:1910.12337, arXiv:2003.03271"
2002-08245v2-signal-discovery-alpha-mining,arXiv:2002.08245,AutoAlpha: an Efficient Hierarchical Evolutionary Algorithm for Mining Alpha Factors in Quantitative Investment,true,TEMPLATE_STAMP,"code body byte-identical to 2 other module(s) filed under different arXiv ids: arXiv:1601.00991, arXiv:2103.16196","code-body sha256=4966e83b5f26c579 | first code lines: export const CONFIG = { / enabled: false, / method: ""rank IC + turnover + signal half-life"",",packages/data-ingestion/src/2002-08245v2-signal-discovery-alpha-mining.ts,,"ACCEPTANCE_GATE, ARXIV_ID, CONFIG, ENABLED, LANE, halfLifeFromDecay, informationCoefficient, turnoverRate",2,"arXiv:1601.00991, arXiv:2103.16196"
2003-03271v2-tracking,arXiv:2003.03271,A Hybrid Approach for Tracking Individual Players in Broadcast Match Videos,true,TEMPLATE_STAMP,"code body byte-identical to 14 other module(s) filed under different arXiv ids: arXiv:1111.0693, arXiv:1602.08754, arXiv:1806.06696, arXiv:1810.08032, arXiv:1906.11373 ...","code-body sha256=83a2fc54ec392700 | first code lines: export const CONFIG = { / enabled: false, / method: ""frame-differenced kinematics + separation"",",packages/data-ingestion/src/2003-03271v2-tracking.ts,,"ACCEPTANCE_GATE, ARXIV_ID, CONFIG, ENABLED, LANE, TrackFrame, accelerationsFromSpeeds, distance",14,"arXiv:1111.0693, arXiv:1602.08754, arXiv:1806.06696, arXiv:1810.08032, arXiv:1906.11373, arXiv:1909.10631, arXiv:1910.12337, arXiv:2002.04148"
2003-05854v1-weather,arXiv:2003.05854,Spatial Modeling of Heavy Precipitation by Coupling Weather Station Recordings and Ensemble Forecasts with Max-Stable Processes,true,TEMPLATE_STAMP,"code body byte-identical to 5 other module(s) filed under different arXiv ids: arXiv:2103.14430, arXiv:2109.15239, arXiv:2407.15900, arXiv:2409.09607, arXiv:2409.13934","code-body sha256=64a5c6daeb56bec3 | first code lines: export const CONFIG = { / enabled: false, / method: ""multiplicative weather discount factors"",",packages/data-ingestion/src/2003-05854v1-weather.ts,,"ACCEPTANCE_GATE, ARXIV_ID, CONFIG, ENABLED, LANE, WeatherInputs, combinedWeatherFactor, precipFactor",5,"arXiv:2103.14430, arXiv:2109.15239, arXiv:2407.15900, arXiv:2409.09607, arXiv:2409.13934"
2003-10791v1-props-dfs,arXiv:2003.10791,Predicting play calls in the National Football League using hidden Markov models,true,TEMPLATE_STAMP,"code body byte-identical to 10 other module(s) filed under different arXiv ids: arXiv:1208.0799, arXiv:1710.05284, arXiv:2106.11397, arXiv:2111.02859, arXiv:2206.15241 ...","code-body sha256=9408b0a01a38ceb2 | first code lines: export const CONFIG = { / enabled: false, / method: ""salary-cap knapsack lineup construction"",",packages/data-ingestion/src/2003-10791v1-props-dfs.ts,,"ACCEPTANCE_GATE, ARXIV_ID, CONFIG, ENABLED, LANE, PlayerEntry, blendProjections, knapsackLineup",10,"arXiv:1208.0799, arXiv:1710.05284, arXiv:2106.11397, arXiv:2111.02859, arXiv:2206.15241, arXiv:2302.09276, arXiv:2402.04898, arXiv:2407.03672"
2006-00873v2-auto-feature-eng,arXiv:2006.00873,A Generalised Signature Method for Multivariate Time Series Feature Extraction,true,TEMPLATE_STAMP,"code body byte-identical to 9 other module(s) filed under different arXiv ids: arXiv:1901.07329, arXiv:2009.14454, arXiv:2010.08784, arXiv:2102.06024, arXiv:2104.02883 ...","code-body sha256=898460b5e96d97ad | first code lines: export const CONFIG = { / enabled: false, / method: ""polynomial expansion + variance threshold + z-score",packages/data-ingestion/src/2006-00873v2-auto-feature-eng.ts,,"ACCEPTANCE_GATE, ARXIV_ID, CONFIG, ENABLED, LANE, polynomialFeatures, varianceThresholdColumns, zScoreNormalize",9,"arXiv:1901.07329, arXiv:2009.14454, arXiv:2010.08784, arXiv:2102.06024, arXiv:2104.02883, arXiv:2110.10914, arXiv:2207.11486, arXiv:2306.06252"
2006-08189v1-team-ratings,arXiv:2006.08189,Estimation of Skill Distributions,true,TEMPLATE_STAMP,"code body byte-identical to 23 other module(s) filed under different arXiv ids: arXiv:1902.07378, arXiv:1903.07746, arXiv:1906.02746, arXiv:1908.11490, arXiv:1909.03802 ...","code-body sha256=914331e105ade500 | first code lines: export const CONFIG = { / enabled: false, / method: ""Elo with margin-of-victory multiplier"",",packages/data-ingestion/src/2006-08189v1-team-ratings.ts,,"ACCEPTANCE_GATE, ARXIV_ID, CONFIG, ENABLED, LANE, blendRatings, eloUpdate, eloWinProb",23,"arXiv:1902.07378, arXiv:1903.07746, arXiv:1906.02746, arXiv:1908.11490, arXiv:1909.03802, arXiv:1912.05129, arXiv:2001.04226, arXiv:2006.11909"
2006-11909v2-team-ratings,arXiv:2006.11909,Two-Sample Testing on Ranked Preference Data and the Role of Modeling Assumptions,true,TEMPLATE_STAMP,"code body byte-identical to 23 other module(s) filed under different arXiv ids: arXiv:1902.07378, arXiv:1903.07746, arXiv:1906.02746, arXiv:1908.11490, arXiv:1909.03802 ...","code-body sha256=914331e105ade500 | first code lines: export const CONFIG = { / enabled: false, / method: ""Elo with margin-of-victory multiplier"",",packages/data-ingestion/src/2006-11909v2-team-ratings.ts,,"ACCEPTANCE_GATE, ARXIV_ID, CONFIG, ENABLED, LANE, blendRatings, eloUpdate, eloWinProb",23,"arXiv:1902.07378, arXiv:1903.07746, arXiv:1906.02746, arXiv:1908.11490, arXiv:1909.03802, arXiv:1912.05129, arXiv:2001.04226, arXiv:2006.08189"
2007-05507-causal-injury,arXiv:2007.05507,Experimental Modeling of Cyclists Fatigue and Recovery Dynamics Enabling Optimal Pacing in a Time Trial,true,TEMPLATE_STAMP,"code body byte-identical to 7 other module(s) filed under different arXiv ids: arXiv:1609.07480, arXiv:1809.08016, arXiv:1907.05326, arXiv:1907.11769, arXiv:2110.14632 ...","code-body sha256=3bc347fd127b4920 | first code lines: export const CONFIG = { / enabled: false, / method: ""IPW + difference-in-differences + balance diagnosti",packages/data-ingestion/src/2007-05507-causal-injury.ts,,"ACCEPTANCE_GATE, ARXIV_ID, CONFIG, ENABLED, LANE, didEstimate, ipwWeights, standardizedMeanDiff",7,"arXiv:1609.07480, arXiv:1809.08016, arXiv:1907.05326, arXiv:1907.11769, arXiv:2110.14632, arXiv:2207.00585, arXiv:2401.02919"
2007-14870v2-team-ratings,arXiv:2007.14870,Decoding machine learning benchmarks,true,TEMPLATE_STAMP,"code body byte-identical to 23 other module(s) filed under different arXiv ids: arXiv:1902.07378, arXiv:1903.07746, arXiv:1906.02746, arXiv:1908.11490, arXiv:1909.03802 ...","code-body sha256=914331e105ade500 | first code lines: export const CONFIG = { / enabled: false, / method: ""Elo with margin-of-victory multiplier"",",packages/data-ingestion/src/2007-14870v2-team-ratings.ts,,"ACCEPTANCE_GATE, ARXIV_ID, CONFIG, ENABLED, LANE, blendRatings, eloUpdate, eloWinProb",23,"arXiv:1902.07378, arXiv:1903.07746, arXiv:1906.02746, arXiv:1908.11490, arXiv:1909.03802, arXiv:1912.05129, arXiv:2001.04226, arXiv:2006.08189"
2009-00550-nlp,arXiv:2009.00550,1714 Using social networks to improve group transition prediction in professional sports,true,TEMPLATE_STAMP,"code body byte-identical to 17 other module(s) filed under different arXiv ids: arXiv:1205.3212, arXiv:1211.6496, arXiv:1502.05886, arXiv:1812.00778, arXiv:1910.01863 ...","code-body sha256=48c77369d309656d | first code lines: export const CONFIG = { / enabled: false, / method: ""lexicon scoring + keyword overlap on normalized tok",packages/data-ingestion/src/2009-00550-nlp.ts,,"ACCEPTANCE_GATE, ARXIV_ID, CONFIG, ENABLED, LANE, LexiconHit, keywordOverlap, lexiconScore",17,"arXiv:1205.3212, arXiv:1211.6496, arXiv:1502.05886, arXiv:1812.00778, arXiv:1910.01863, arXiv:1910.12622, arXiv:1912.06806, arXiv:2012.04380"
2009-14454v1-auto-feature-eng,arXiv:2009.14454,Accurate and Robust Feature Importance Estimation under Distribution Shifts,true,TEMPLATE_STAMP,"code body byte-identical to 9 other module(s) filed under different arXiv ids: arXiv:1901.07329, arXiv:2006.00873, arXiv:2010.08784, arXiv:2102.06024, arXiv:2104.02883 ...","code-body sha256=898460b5e96d97ad | first code lines: export const CONFIG = { / enabled: false, / method: ""polynomial expansion + variance threshold + z-score",packages/data-ingestion/src/2009-14454v1-auto-feature-eng.ts,,"ACCEPTANCE_GATE, ARXIV_ID, CONFIG, ENABLED, LANE, polynomialFeatures, varianceThresholdColumns, zScoreNormalize",9,"arXiv:1901.07329, arXiv:2006.00873, arXiv:2010.08784, arXiv:2102.06024, arXiv:2104.02883, arXiv:2110.10914, arXiv:2207.11486, arXiv:2306.06252"
2010-08784-auto-feature-eng,arXiv:2010.08784,DIFER: Differentiable Automated Feature Engineering,true,TEMPLATE_STAMP,"code body byte-identical to 9 other module(s) filed under different arXiv ids: arXiv:1901.07329, arXiv:2006.00873, arXiv:2009.14454, arXiv:2102.06024, arXiv:2104.02883 ...","code-body sha256=898460b5e96d97ad | first code lines: export const CONFIG = { / enabled: false, / method: ""polynomial expansion + variance threshold + z-score",packages/data-ingestion/src/2010-08784-auto-feature-eng.ts,,"ACCEPTANCE_GATE, ARXIV_ID, CONFIG, ENABLED, LANE, polynomialFeatures, varianceThresholdColumns, zScoreNormalize",9,"arXiv:1901.07329, arXiv:2006.00873, arXiv:2009.14454, arXiv:2102.06024, arXiv:2104.02883, arXiv:2110.10914, arXiv:2207.11486, arXiv:2306.06252"
2010-10739v1-team-ratings,arXiv:2010.10739,A Bayesian Hidden Semi-Markov Model with Covariate-Dependent State Duration Parameters for High-Frequency Data from Wearable Devices,true,TEMPLATE_STAMP,"code body byte-identical to 23 other module(s) filed under different arXiv ids: arXiv:1902.07378, arXiv:1903.07746, arXiv:1906.02746, arXiv:1908.11490, arXiv:1909.03802 ...","code-body sha256=914331e105ade500 | first code lines: export const CONFIG = { / enabled: false, / method: ""Elo with margin-of-victory multiplier"",",packages/data-ingestion/src/2010-10739v1-team-ratings.ts,,"ACCEPTANCE_GATE, ARXIV_ID, CONFIG, ENABLED, LANE, blendRatings, eloUpdate, eloWinProb",23,"arXiv:1902.07378, arXiv:1903.07746, arXiv:1906.02746, arXiv:1908.11490, arXiv:1909.03802, arXiv:1912.05129, arXiv:2001.04226, arXiv:2006.08189"
2011-01324v2-data-infra,arXiv:2011.01324,Valuing Player Actions in Counter-Strike: Global Offensive,true,TEMPLATE_STAMP,code body byte-identical to 1 other module(s) filed under different arXiv ids: arXiv:2108.05053,"code-body sha256=b5fc46d3d8acf8b4 | first code lines: export const CONFIG = { / enabled: false, / method: ""feed record normalization + required-field validati",packages/data-ingestion/src/2011-01324v2-data-infra.ts,,"ACCEPTANCE_GATE, ARXIV_ID, CONFIG, ENABLED, LANE, dedupeByKey, normalizeFeedRecord, validateRequired",1,arXiv:2108.05053
2011-02122v1-win-spread-total,arXiv:2011.02122,Analysing Long Short Term Memory Models for Cricket Match Outcome Prediction,true,TEMPLATE_STAMP,"code body byte-identical to 4 other module(s) filed under different arXiv ids: arXiv:1906.01760, arXiv:1912.07441, arXiv:2304.09918, arXiv:2406.16171","code-body sha256=8579981971b71f80 | first code lines: export const CONFIG = { / enabled: false, / method: ""logistic spread mapping + normal total model + key-",packages/data-ingestion/src/2011-02122v1-win-spread-total.ts,,"ACCEPTANCE_GATE, ARXIV_ID, CONFIG, ENABLED, LANE, pushProbability, spreadToWinProb, totalToOverProb",4,"arXiv:1906.01760, arXiv:1912.07441, arXiv:2304.09918, arXiv:2406.16171"
2011-06430v2-markets,arXiv:2011.06430,Sentiment Correlation in Financial News Networks and Associated Market Movements,true,TEMPLATE_STAMP,"code body byte-identical to 9 other module(s) filed under different arXiv ids: arXiv:0911.3249, arXiv:1006.4884, arXiv:1009.1446, arXiv:1604.03614, arXiv:1909.06722 ...","code-body sha256=5a6b0e8b0e98ea04 | first code lines: export const CONFIG = { / enabled: false, / method: ""AR/EAR efficiency-phase diagnostic on line time ser",packages/data-ingestion/src/2011-06430v2-markets.ts,,"ACCEPTANCE_GATE, ARXIV_ID, CONFIG, ENABLED, LANE, bucketMeans, concentrationIndex, countCrossings",9,"arXiv:0911.3249, arXiv:1006.4884, arXiv:1009.1446, arXiv:1604.03614, arXiv:1909.06722, arXiv:2101.05388, arXiv:2112.11262, arXiv:2211.06052"
2012-00253-sports-cv,arXiv:2012.00253,A New Action Recognition Framework for Video Highlights Summarization in Sporting Events,true,TEMPLATE_STAMP,"code body byte-identical to 2 other module(s) filed under different arXiv ids: arXiv:2301.13576, arXiv:2304.04437","code-body sha256=6ad590b0c2337373 | first code lines: export const CONFIG = { / enabled: false, / method: ""IoU matching + greedy NMS"",",packages/data-ingestion/src/2012-00253-sports-cv.ts,,"ACCEPTANCE_GATE, ARXIV_ID, Box, CONFIG, ENABLED, LANE, ScoredBox, iou",2,"arXiv:2301.13576, arXiv:2304.04437"
2012-04380v1-nlp,arXiv:2012.04380,Combining Machine Learning and Human Experts to Predict Match Outcomes in Football: A Baseline Model,true,TEMPLATE_STAMP,"code body byte-identical to 17 other module(s) filed under different arXiv ids: arXiv:1205.3212, arXiv:1211.6496, arXiv:1502.05886, arXiv:1812.00778, arXiv:1910.01863 ...","code-body sha256=48c77369d309656d | first code lines: export const CONFIG = { / enabled: false, / method: ""lexicon scoring + keyword overlap on normalized tok",packages/data-ingestion/src/2012-04380v1-nlp.ts,,"ACCEPTANCE_GATE, ARXIV_ID, CONFIG, ENABLED, LANE, LexiconHit, keywordOverlap, lexiconScore",17,"arXiv:1205.3212, arXiv:1211.6496, arXiv:1502.05886, arXiv:1812.00778, arXiv:1910.01863, arXiv:1910.12622, arXiv:1912.06806, arXiv:2009.00550"
2101-05388v1-markets,arXiv:2101.05388,Evaluating Soccer Player: from Live Camera to Deep Reinforcement Learning,true,TEMPLATE_STAMP,"code body byte-identical to 9 other module(s) filed under different arXiv ids: arXiv:0911.3249, arXiv:1006.4884, arXiv:1009.1446, arXiv:1604.03614, arXiv:1909.06722 ...","code-body sha256=5a6b0e8b0e98ea04 | first code lines: export const CONFIG = { / enabled: false, / method: ""AR/EAR efficiency-phase diagnostic on line time ser",packages/data-ingestion/src/2101-05388v1-markets.ts,,"ACCEPTANCE_GATE, ARXIV_ID, CONFIG, ENABLED, LANE, bucketMeans, concentrationIndex, countCrossings",9,"arXiv:0911.3249, arXiv:1006.4884, arXiv:1009.1446, arXiv:1604.03614, arXiv:1909.06722, arXiv:2011.06430, arXiv:2112.11262, arXiv:2211.06052"
2101-08175v1-team-ratings,arXiv:2101.08175,Bayesian GARCH Modeling of Functional Sports Data,true,TEMPLATE_STAMP,"code body byte-identical to 23 other module(s) filed under different arXiv ids: arXiv:1902.07378, arXiv:1903.07746, arXiv:1906.02746, arXiv:1908.11490, arXiv:1909.03802 ...","code-body sha256=914331e105ade500 | first code lines: export const CONFIG = { / enabled: false, / method: ""Elo with margin-of-victory multiplier"",",packages/data-ingestion/src/2101-08175v1-team-ratings.ts,,"ACCEPTANCE_GATE, ARXIV_ID, CONFIG, ENABLED, LANE, blendRatings, eloUpdate, eloWinProb",23,"arXiv:1902.07378, arXiv:1903.07746, arXiv:1906.02746, arXiv:1908.11490, arXiv:1909.03802, arXiv:1912.05129, arXiv:2001.04226, arXiv:2006.08189"
2102-06024v3-auto-feature-eng,arXiv:2102.06024,Feature Selection for Multivariate Time Series via Network Pruning (NFS),true,TEMPLATE_STAMP,"code body byte-identical to 9 other module(s) filed under different arXiv ids: arXiv:1901.07329, arXiv:2006.00873, arXiv:2009.14454, arXiv:2010.08784, arXiv:2104.02883 ...","code-body sha256=898460b5e96d97ad | first code lines: export const CONFIG = { / enabled: false, / method: ""polynomial expansion + variance threshold + z-score",packages/data-ingestion/src/2102-06024v3-auto-feature-eng.ts,,"ACCEPTANCE_GATE, ARXIV_ID, CONFIG, ENABLED, LANE, polynomialFeatures, varianceThresholdColumns, zScoreNormalize",9,"arXiv:1901.07329, arXiv:2006.00873, arXiv:2009.14454, arXiv:2010.08784, arXiv:2104.02883, arXiv:2110.10914, arXiv:2207.11486, arXiv:2306.06252"
2103-14430-weather,arXiv:2103.14430,Combining Distribution-Based Neural Networks to Predict Weather Forecast Probabilities,true,TEMPLATE_STAMP,"code body byte-identical to 5 other module(s) filed under different arXiv ids: arXiv:2003.05854, arXiv:2109.15239, arXiv:2407.15900, arXiv:2409.09607, arXiv:2409.13934","code-body sha256=64a5c6daeb56bec3 | first code lines: export const CONFIG = { / enabled: false, / method: ""multiplicative weather discount factors"",",packages/data-ingestion/src/2103-14430-weather.ts,,"ACCEPTANCE_GATE, ARXIV_ID, CONFIG, ENABLED, LANE, WeatherInputs, combinedWeatherFactor, precipFactor",5,"arXiv:2003.05854, arXiv:2109.15239, arXiv:2407.15900, arXiv:2409.09607, arXiv:2409.13934"
2103-16196v2-signal-discovery-alpha-mining,arXiv:2103.16196,AlphaEvolve: A Learning Framework to Discover Novel Alphas in Quantitative Investment,true,TEMPLATE_STAMP,"code body byte-identical to 2 other module(s) filed under different arXiv ids: arXiv:1601.00991, arXiv:2002.08245","code-body sha256=4966e83b5f26c579 | first code lines: export const CONFIG = { / enabled: false, / method: ""rank IC + turnover + signal half-life"",",packages/data-ingestion/src/2103-16196v2-signal-discovery-alpha-mining.ts,,"ACCEPTANCE_GATE, ARXIV_ID, CONFIG, ENABLED, LANE, halfLifeFromDecay, informationCoefficient, turnoverRate",2,"arXiv:1601.00991, arXiv:2002.08245"
2104-02883v1-auto-feature-eng,arXiv:2104.02883,Online Feature Screening for Data Streams with Concept Drift,true,TEMPLATE_STAMP,"code body byte-identical to 9 other module(s) filed under different arXiv ids: arXiv:1901.07329, arXiv:2006.00873, arXiv:2009.14454, arXiv:2010.08784, arXiv:2102.06024 ...","code-body sha256=898460b5e96d97ad | first code lines: export const CONFIG = { / enabled: false, / method: ""polynomial expansion + variance threshold + z-score",packages/data-ingestion/src/2104-02883v1-auto-feature-eng.ts,,"ACCEPTANCE_GATE, ARXIV_ID, CONFIG, ENABLED, LANE, polynomialFeatures, varianceThresholdColumns, zScoreNormalize",9,"arXiv:1901.07329, arXiv:2006.00873, arXiv:2009.14454, arXiv:2010.08784, arXiv:2102.06024, arXiv:2110.10914, arXiv:2207.11486, arXiv:2306.06252"
2104-08312v1-active-learning,arXiv:2104.08312,Data Shapley Valuation for Efficient Batch Active Learning,true,TEMPLATE_STAMP,"code body byte-identical to 4 other module(s) filed under different arXiv ids: arXiv:0905.2997, arXiv:1906.03671, arXiv:1906.08158, arXiv:1908.02144","code-body sha256=896aec3179519c24 | first code lines: export const CONFIG = { / enabled: false, / method: ""information-per-unit-cost greedy acquisition"",",packages/data-ingestion/src/2104-08312v1-active-learning.ts,,"ACCEPTANCE_GATE, ARXIV_ID, AcquisitionCandidate, CONFIG, ENABLED, LANE, greedyAcquireByRatio, infoPerCostScore",4,"arXiv:0905.2997, arXiv:1906.03671, arXiv:1906.08158, arXiv:1908.02144"
2105-11982v2-calibration,arXiv:2105.11982,Quantifying Uncertainty in Deep Spatiotemporal Forecasting,true,TEMPLATE_STAMP,"code body byte-identical to 3 other module(s) filed under different arXiv ids: arXiv:1912.08726, arXiv:2110.00864, arXiv:2204.13087","code-body sha256=875eadfc53dad983 | first code lines: export const CONFIG = { / enabled: false, / method: ""binned reliability + PAVA isotonic recalibration"",",packages/data-ingestion/src/2105-11982v2-calibration.ts,,"ACCEPTANCE_GATE, ARXIV_ID, CONFIG, ENABLED, LANE, ReliabilityBin, binPredictions, expectedCalibrationError",3,"arXiv:1912.08726, arXiv:2110.00864, arXiv:2204.13087"
2105-12785v1-tracking,arXiv:2105.12785,"The Anatomy of Corner 3s in the NBA: What makes them efficient, how are they generated and how can defenses respond?",true,TEMPLATE_STAMP,"code body byte-identical to 14 other module(s) filed under different arXiv ids: arXiv:1111.0693, arXiv:1602.08754, arXiv:1806.06696, arXiv:1810.08032, arXiv:1906.11373 ...","code-body sha256=83a2fc54ec392700 | first code lines: export const CONFIG = { / enabled: false, / method: ""frame-differenced kinematics + separation"",",packages/data-ingestion/src/2105-12785v1-tracking.ts,,"ACCEPTANCE_GATE, ARXIV_ID, CONFIG, ENABLED, LANE, TrackFrame, accelerationsFromSpeeds, distance",14,"arXiv:1111.0693, arXiv:1602.08754, arXiv:1806.06696, arXiv:1810.08032, arXiv:1906.11373, arXiv:1909.10631, arXiv:1910.12337, arXiv:2002.04148"
2106-01972-nlp,arXiv:2106.01972,SOCCER: An Information-Sparse Discourse State Tracking Collection in the Sports Commentary Domain,true,TEMPLATE_STAMP,"code body byte-identical to 17 other module(s) filed under different arXiv ids: arXiv:1205.3212, arXiv:1211.6496, arXiv:1502.05886, arXiv:1812.00778, arXiv:1910.01863 ...","code-body sha256=48c77369d309656d | first code lines: export const CONFIG = { / enabled: false, / method: ""lexicon scoring + keyword overlap on normalized tok",packages/data-ingestion/src/2106-01972-nlp.ts,,"ACCEPTANCE_GATE, ARXIV_ID, CONFIG, ENABLED, LANE, LexiconHit, keywordOverlap, lexiconScore",17,"arXiv:1205.3212, arXiv:1211.6496, arXiv:1502.05886, arXiv:1812.00778, arXiv:1910.01863, arXiv:1910.12622, arXiv:1912.06806, arXiv:2009.00550"
2106-11397v1-props-dfs,arXiv:2106.11397,Evaluating Team Skill Aggregation in Online Competitive Games,true,TEMPLATE_STAMP,"code body byte-identical to 10 other module(s) filed under different arXiv ids: arXiv:1208.0799, arXiv:1710.05284, arXiv:2003.10791, arXiv:2111.02859, arXiv:2206.15241 ...","code-body sha256=9408b0a01a38ceb2 | first code lines: export const CONFIG = { / enabled: false, / method: ""salary-cap knapsack lineup construction"",",packages/data-ingestion/src/2106-11397v1-props-dfs.ts,,"ACCEPTANCE_GATE, ARXIV_ID, CONFIG, ENABLED, LANE, PlayerEntry, blendProjections, knapsackLineup",10,"arXiv:1208.0799, arXiv:1710.05284, arXiv:2003.10791, arXiv:2111.02859, arXiv:2206.15241, arXiv:2302.09276, arXiv:2402.04898, arXiv:2407.03672"
2107-07561v1-experimental,arXiv:2107.07561,Multivariate Conway-Maxwell-Poisson Distribution: Sarmanov Method and Doubly-Intractable Bayesian Inference,true,TEMPLATE_STAMP,"code body byte-identical to 3 other module(s) filed under different arXiv ids: arXiv:1908.08991, arXiv:2303.16741, arXiv:2410.01304","code-body sha256=663a93dc0ccde5b5 | first code lines: export const CONFIG = { / enabled: false, / method: ""Welch t, chi-square SRM, normal-approx MDE"",",packages/data-ingestion/src/2107-07561v1-experimental.ts,,"ACCEPTANCE_GATE, ARXIV_ID, CONFIG, ENABLED, LANE, minDetectableEffect, sampleRatioMismatch, welchT",3,"arXiv:1908.08991, arXiv:2303.16741, arXiv:2410.01304"
2108-05053v1-data-infra,arXiv:2108.05053,Managing ML Pipelines: Feature Stores and the Coming Wave of Embedding Ecosystems,true,TEMPLATE_STAMP,code body byte-identical to 1 other module(s) filed under different arXiv ids: arXiv:2011.01324,"code-body sha256=b5fc46d3d8acf8b4 | first code lines: export const CONFIG = { / enabled: false, / method: ""feed record normalization + required-field validati",packages/data-ingestion/src/2108-05053v1-data-infra.ts,,"ACCEPTANCE_GATE, ARXIV_ID, CONFIG, ENABLED, LANE, dedupeByKey, normalizeFeedRecord, validateRequired",1,arXiv:2011.01324
2108-11149-multimodal-fusion,arXiv:2108.11149,A Unified Taxonomy and Multimodal Dataset for Events in Invasion Games,true,TEMPLATE_STAMP,"code body byte-identical to 2 other module(s) filed under different arXiv ids: arXiv:1707.08559, arXiv:2203.03990","code-body sha256=79aafa3d97a65e88 | first code lines: export const CONFIG = { / enabled: false, / method: ""concat early fusion + weighted late fusion + cosine",packages/data-ingestion/src/2108-11149-multimodal-fusion.ts,,"ACCEPTANCE_GATE, ARXIV_ID, CONFIG, ENABLED, LANE, earlyFusionConcat, lateFusionAverage, modalityAgreement",2,"arXiv:1707.08559, arXiv:2203.03990"
2109-04720-tracking,arXiv:2109.04720,6MapNet: Representing Soccer Players by a Triplet Network,true,TEMPLATE_STAMP,"code body byte-identical to 14 other module(s) filed under different arXiv ids: arXiv:1111.0693, arXiv:1602.08754, arXiv:1806.06696, arXiv:1810.08032, arXiv:1906.11373 ...","code-body sha256=83a2fc54ec392700 | first code lines: export const CONFIG = { / enabled: false, / method: ""frame-differenced kinematics + separation"",",packages/data-ingestion/src/2109-04720-tracking.ts,,"ACCEPTANCE_GATE, ARXIV_ID, CONFIG, ENABLED, LANE, TrackFrame, accelerationsFromSpeeds, distance",14,"arXiv:1111.0693, arXiv:1602.08754, arXiv:1806.06696, arXiv:1810.08032, arXiv:1906.11373, arXiv:1909.10631, arXiv:1910.12337, arXiv:2002.04148"
2109-08051v1-tracking,arXiv:2109.08051,Frame by Frame Completion Probability of an NFL Pass,true,TEMPLATE_STAMP,"code body byte-identical to 14 other module(s) filed under different arXiv ids: arXiv:1111.0693, arXiv:1602.08754, arXiv:1806.06696, arXiv:1810.08032, arXiv:1906.11373 ...","code-body sha256=83a2fc54ec392700 | first code lines: export const CONFIG = { / enabled: false, / method: ""frame-differenced kinematics + separation"",",packages/data-ingestion/src/2109-08051v1-tracking.ts,,"ACCEPTANCE_GATE, ARXIV_ID, CONFIG, ENABLED, LANE, TrackFrame, accelerationsFromSpeeds, distance",14,"arXiv:1111.0693, arXiv:1602.08754, arXiv:1806.06696, arXiv:1810.08032, arXiv:1906.11373, arXiv:1909.10631, arXiv:1910.12337, arXiv:2002.04148"
2109-15239v1-weather,arXiv:2109.15239,Multi Scale Graph Wavenet for Wind Speed Forecasting,true,TEMPLATE_STAMP,"code body byte-identical to 5 other module(s) filed under different arXiv ids: arXiv:2003.05854, arXiv:2103.14430, arXiv:2407.15900, arXiv:2409.09607, arXiv:2409.13934","code-body sha256=64a5c6daeb56bec3 | first code lines: export const CONFIG = { / enabled: false, / method: ""multiplicative weather discount factors"",",packages/data-ingestion/src/2109-15239v1-weather.ts,,"ACCEPTANCE_GATE, ARXIV_ID, CONFIG, ENABLED, LANE, WeatherInputs, combinedWeatherFactor, precipFactor",5,"arXiv:2003.05854, arXiv:2103.14430, arXiv:2407.15900, arXiv:2409.09607, arXiv:2409.13934"
2110-00864v1-calibration,arXiv:2110.00864,Probabilistic Prediction for Binary Treatment Choice,true,TEMPLATE_STAMP,"code body byte-identical to 3 other module(s) filed under different arXiv ids: arXiv:1912.08726, arXiv:2105.11982, arXiv:2204.13087","code-body sha256=875eadfc53dad983 | first code lines: export const CONFIG = { / enabled: false, / method: ""binned reliability + PAVA isotonic recalibration"",",packages/data-ingestion/src/2110-00864v1-calibration.ts,,"ACCEPTANCE_GATE, ARXIV_ID, CONFIG, ENABLED, LANE, ReliabilityBin, binPredictions, expectedCalibrationError",3,"arXiv:1912.08726, arXiv:2105.11982, arXiv:2204.13087"
2110-05750-nlp,arXiv:2110.05750,SportsSum2.0: Generating High-Quality Sports News from Live Text Commentary,true,TEMPLATE_STAMP,"code body byte-identical to 17 other module(s) filed under different arXiv ids: arXiv:1205.3212, arXiv:1211.6496, arXiv:1502.05886, arXiv:1812.00778, arXiv:1910.01863 ...","code-body sha256=48c77369d309656d | first code lines: export const CONFIG = { / enabled: false, / method: ""lexicon scoring + keyword overlap on normalized tok",packages/data-ingestion/src/2110-05750-nlp.ts,,"ACCEPTANCE_GATE, ARXIV_ID, CONFIG, ENABLED, LANE, LexiconHit, keywordOverlap, lexiconScore",17,"arXiv:1205.3212, arXiv:1211.6496, arXiv:1502.05886, arXiv:1812.00778, arXiv:1910.01863, arXiv:1910.12622, arXiv:1912.06806, arXiv:2009.00550"
2110-10914v1-auto-feature-eng,arXiv:2110.10914,An Empirical Evaluation of Time-Series Feature Sets,true,TEMPLATE_STAMP,"code body byte-identical to 9 other module(s) filed under different arXiv ids: arXiv:1901.07329, arXiv:2006.00873, arXiv:2009.14454, arXiv:2010.08784, arXiv:2102.06024 ...","code-body sha256=898460b5e96d97ad | first code lines: export const CONFIG = { / enabled: false, / method: ""polynomial expansion + variance threshold + z-score",packages/data-ingestion/src/2110-10914v1-auto-feature-eng.ts,,"ACCEPTANCE_GATE, ARXIV_ID, CONFIG, ENABLED, LANE, polynomialFeatures, varianceThresholdColumns, zScoreNormalize",9,"arXiv:1901.07329, arXiv:2006.00873, arXiv:2009.14454, arXiv:2010.08784, arXiv:2102.06024, arXiv:2104.02883, arXiv:2207.11486, arXiv:2306.06252"
2110-14632v1-causal-injury,arXiv:2110.14632,Heterogeneous Effects of Software Patches in a Multiplayer Online Battle Arena Game,true,TEMPLATE_STAMP,"code body byte-identical to 7 other module(s) filed under different arXiv ids: arXiv:1609.07480, arXiv:1809.08016, arXiv:1907.05326, arXiv:1907.11769, arXiv:2007.05507 ...","code-body sha256=3bc347fd127b4920 | first code lines: export const CONFIG = { / enabled: false, / method: ""IPW + difference-in-differences + balance diagnosti",packages/data-ingestion/src/2110-14632v1-causal-injury.ts,,"ACCEPTANCE_GATE, ARXIV_ID, CONFIG, ENABLED, LANE, didEstimate, ipwWeights, standardizedMeanDiff",7,"arXiv:1609.07480, arXiv:1809.08016, arXiv:1907.05326, arXiv:1907.11769, arXiv:2007.05507, arXiv:2207.00585, arXiv:2401.02919"
2111-02859v3-props-dfs,arXiv:2111.02859,Large Scale Diverse Combinatorial Optimization: ESPN Fantasy Football Player Trades,true,TEMPLATE_STAMP,"code body byte-identical to 10 other module(s) filed under different arXiv ids: arXiv:1208.0799, arXiv:1710.05284, arXiv:2003.10791, arXiv:2106.11397, arXiv:2206.15241 ...","code-body sha256=9408b0a01a38ceb2 | first code lines: export const CONFIG = { / enabled: false, / method: ""salary-cap knapsack lineup construction"",",packages/data-ingestion/src/2111-02859v3-props-dfs.ts,,"ACCEPTANCE_GATE, ARXIV_ID, CONFIG, ENABLED, LANE, PlayerEntry, blendProjections, knapsackLineup",10,"arXiv:1208.0799, arXiv:1710.05284, arXiv:2003.10791, arXiv:2106.11397, arXiv:2206.15241, arXiv:2302.09276, arXiv:2402.04898, arXiv:2407.03672"
2111-02874v1-nlp,arXiv:2111.02874,Deep Artificial Intelligence for Fantasy Football Language Understanding,true,TEMPLATE_STAMP,"code body byte-identical to 17 other module(s) filed under different arXiv ids: arXiv:1205.3212, arXiv:1211.6496, arXiv:1502.05886, arXiv:1812.00778, arXiv:1910.01863 ...","code-body sha256=48c77369d309656d | first code lines: export const CONFIG = { / enabled: false, / method: ""lexicon scoring + keyword overlap on normalized tok",packages/data-ingestion/src/2111-02874v1-nlp.ts,,"ACCEPTANCE_GATE, ARXIV_ID, CONFIG, ENABLED, LANE, LexiconHit, keywordOverlap, lexiconScore",17,"arXiv:1205.3212, arXiv:1211.6496, arXiv:1502.05886, arXiv:1812.00778, arXiv:1910.01863, arXiv:1910.12622, arXiv:1912.06806, arXiv:2009.00550"
2111-08140v1-team-ratings,arXiv:2111.08140,Bayesian inference of the climbing grade scale,true,TEMPLATE_STAMP,"code body byte-identical to 23 other module(s) filed under different arXiv ids: arXiv:1902.07378, arXiv:1903.07746, arXiv:1906.02746, arXiv:1908.11490, arXiv:1909.03802 ...","code-body sha256=914331e105ade500 | first code lines: export const CONFIG = { / enabled: false, / method: ""Elo with margin-of-victory multiplier"",",packages/data-ingestion/src/2111-08140v1-team-ratings.ts,,"ACCEPTANCE_GATE, ARXIV_ID, CONFIG, ENABLED, LANE, blendRatings, eloUpdate, eloWinProb",23,"arXiv:1902.07378, arXiv:1903.07746, arXiv:1906.02746, arXiv:1908.11490, arXiv:1909.03802, arXiv:1912.05129, arXiv:2001.04226, arXiv:2006.08189"
2111-12535-nlp,arXiv:2111.12535,Knowledge Enhanced Sports Game Summarization,true,TEMPLATE_STAMP,"code body byte-identical to 17 other module(s) filed under different arXiv ids: arXiv:1205.3212, arXiv:1211.6496, arXiv:1502.05886, arXiv:1812.00778, arXiv:1910.01863 ...","code-body sha256=48c77369d309656d | first code lines: export const CONFIG = { / enabled: false, / method: ""lexicon scoring + keyword overlap on normalized tok",packages/data-ingestion/src/2111-12535-nlp.ts,,"ACCEPTANCE_GATE, ARXIV_ID, CONFIG, ENABLED, LANE, LexiconHit, keywordOverlap, lexiconScore",17,"arXiv:1205.3212, arXiv:1211.6496, arXiv:1502.05886, arXiv:1812.00778, arXiv:1910.01863, arXiv:1910.12622, arXiv:1912.06806, arXiv:2009.00550"
2112-01267v1-team-ratings,arXiv:2112.01267,Bradley-Terry Modeling with Multiple Game Outcomes with Applications to College Hockey,true,TEMPLATE_STAMP,"code body byte-identical to 23 other module(s) filed under different arXiv ids: arXiv:1902.07378, arXiv:1903.07746, arXiv:1906.02746, arXiv:1908.11490, arXiv:1909.03802 ...","code-body sha256=914331e105ade500 | first code lines: export const CONFIG = { / enabled: false, / method: ""Elo with margin-of-victory multiplier"",",packages/data-ingestion/src/2112-01267v1-team-ratings.ts,,"ACCEPTANCE_GATE, ARXIV_ID, CONFIG, ENABLED, LANE, blendRatings, eloUpdate, eloWinProb",23,"arXiv:1902.07378, arXiv:1903.07746, arXiv:1906.02746, arXiv:1908.11490, arXiv:1909.03802, arXiv:1912.05129, arXiv:2001.04226, arXiv:2006.08189"
2112-11262v1-markets,arXiv:2112.11262,Retrodictive Modelling of Modern Rugby Union: Extension of Bradley-Terry to Multiple Outcomes,true,TEMPLATE_STAMP,"code body byte-identical to 9 other module(s) filed under different arXiv ids: arXiv:0911.3249, arXiv:1006.4884, arXiv:1009.1446, arXiv:1604.03614, arXiv:1909.06722 ...","code-body sha256=5a6b0e8b0e98ea04 | first code lines: export const CONFIG = { / enabled: false, / method: ""AR/EAR efficiency-phase diagnostic on line time ser",packages/data-ingestion/src/2112-11262v1-markets.ts,,"ACCEPTANCE_GATE, ARXIV_ID, CONFIG, ENABLED, LANE, bucketMeans, concentrationIndex, countCrossings",9,"arXiv:0911.3249, arXiv:1006.4884, arXiv:1009.1446, arXiv:1604.03614, arXiv:1909.06722, arXiv:2011.06430, arXiv:2101.05388, arXiv:2211.06052"
2112-13593v5-nlp,arXiv:2112.13593,Multi-modal Attention Network for Stock Movements Prediction,true,TEMPLATE_STAMP,"code body byte-identical to 17 other module(s) filed under different arXiv ids: arXiv:1205.3212, arXiv:1211.6496, arXiv:1502.05886, arXiv:1812.00778, arXiv:1910.01863 ...","code-body sha256=48c77369d309656d | first code lines: export const CONFIG = { / enabled: false, / method: ""lexicon scoring + keyword overlap on normalized tok",packages/data-ingestion/src/2112-13593v5-nlp.ts,,"ACCEPTANCE_GATE, ARXIV_ID, CONFIG, ENABLED, LANE, LexiconHit, keywordOverlap, lexiconScore",17,"arXiv:1205.3212, arXiv:1211.6496, arXiv:1502.05886, arXiv:1812.00778, arXiv:1910.01863, arXiv:1910.12622, arXiv:1912.06806, arXiv:2009.00550"
2201-04480v2-team-ratings,arXiv:2201.04480,Learning to Identify Top Elo Ratings: A Dueling Bandits Approach,true,TEMPLATE_STAMP,"code body byte-identical to 23 other module(s) filed under different arXiv ids: arXiv:1902.07378, arXiv:1903.07746, arXiv:1906.02746, arXiv:1908.11490, arXiv:1909.03802 ...","code-body sha256=914331e105ade500 | first code lines: export const CONFIG = { / enabled: false, / method: ""Elo with margin-of-victory multiplier"",",packages/data-ingestion/src/2201-04480v2-team-ratings.ts,,"ACCEPTANCE_GATE, ARXIV_ID, CONFIG, ENABLED, LANE, blendRatings, eloUpdate, eloWinProb",23,"arXiv:1902.07378, arXiv:1903.07746, arXiv:1906.02746, arXiv:1908.11490, arXiv:1909.03802, arXiv:1912.05129, arXiv:2001.04226, arXiv:2006.08189"
2202-00211v3-team-ratings,arXiv:2202.00211,GNNRank: Learning Global Rankings from Pairwise Comparisons via Directed Graph Neural Networks,true,TEMPLATE_STAMP,"code body byte-identical to 23 other module(s) filed under different arXiv ids: arXiv:1902.07378, arXiv:1903.07746, arXiv:1906.02746, arXiv:1908.11490, arXiv:1909.03802 ...","code-body sha256=914331e105ade500 | first code lines: export const CONFIG = { / enabled: false, / method: ""Elo with margin-of-victory multiplier"",",packages/data-ingestion/src/2202-00211v3-team-ratings.ts,,"ACCEPTANCE_GATE, ARXIV_ID, CONFIG, ENABLED, LANE, blendRatings, eloUpdate, eloWinProb",23,"arXiv:1902.07378, arXiv:1903.07746, arXiv:1906.02746, arXiv:1908.11490, arXiv:1909.03802, arXiv:1912.05129, arXiv:2001.04226, arXiv:2006.08189"
2202-00583v1-team-ratings,arXiv:2202.00583,A Statistical Model of Serve Return Impact Patterns in Professional Tennis,true,TEMPLATE_STAMP,"code body byte-identical to 23 other module(s) filed under different arXiv ids: arXiv:1902.07378, arXiv:1903.07746, arXiv:1906.02746, arXiv:1908.11490, arXiv:1909.03802 ...","code-body sha256=914331e105ade500 | first code lines: export const CONFIG = { / enabled: false, / method: ""Elo with margin-of-victory multiplier"",",packages/data-ingestion/src/2202-00583v1-team-ratings.ts,,"ACCEPTANCE_GATE, ARXIV_ID, CONFIG, ENABLED, LANE, blendRatings, eloUpdate, eloWinProb",23,"arXiv:1902.07378, arXiv:1903.07746, arXiv:1906.02746, arXiv:1908.11490, arXiv:1909.03802, arXiv:1912.05129, arXiv:2001.04226, arXiv:2006.08189"
2202-02691v1-synthetic-data,arXiv:2202.02691,TTS-GAN: Transformer-based Time-Series GAN,true,TEMPLATE_STAMP,"code body byte-identical to 3 other module(s) filed under different arXiv ids: arXiv:1907.00503, arXiv:2209.15421, arXiv:2210.04018","code-body sha256=f3983070c63d66c8 | first code lines: export const CONFIG = { / enabled: false, / method: ""distributional parity checks (KS, moments, range)"",",packages/data-ingestion/src/2202-02691v1-synthetic-data.ts,,"ACCEPTANCE_GATE, ARXIV_ID, CONFIG, ENABLED, LANE, ParityReport, columnParityReport, ksStatistic",3,"arXiv:1907.00503, arXiv:2209.15421, arXiv:2210.04018"
2203-03990-multimodal-fusion,arXiv:2203.03990,Skating-Mixer: Long-Term Sport Audio-Visual Modeling with MLPs,true,TEMPLATE_STAMP,"code body byte-identical to 2 other module(s) filed under different arXiv ids: arXiv:1707.08559, arXiv:2108.11149","code-body sha256=79aafa3d97a65e88 | first code lines: export const CONFIG = { / enabled: false, / method: ""concat early fusion + weighted late fusion + cosine",packages/data-ingestion/src/2203-03990-multimodal-fusion.ts,,"ACCEPTANCE_GATE, ARXIV_ID, CONFIG, ENABLED, LANE, earlyFusionConcat, lateFusionAverage, modalityAgreement",2,"arXiv:1707.08559, arXiv:2108.11149"
2203-08489v2-team-ratings,arXiv:2203.08489,Bayesian Analysis of Formula One Race Results: Disentangling Driver Skill and Constructor Advantage,true,TEMPLATE_STAMP,"code body byte-identical to 23 other module(s) filed under different arXiv ids: arXiv:1902.07378, arXiv:1903.07746, arXiv:1906.02746, arXiv:1908.11490, arXiv:1909.03802 ...","code-body sha256=914331e105ade500 | first code lines: export const CONFIG = { / enabled: false, / method: ""Elo with margin-of-victory multiplier"",",packages/data-ingestion/src/2203-08489v2-team-ratings.ts,,"ACCEPTANCE_GATE, ARXIV_ID, CONFIG, ENABLED, LANE, blendRatings, eloUpdate, eloWinProb",23,"arXiv:1902.07378, arXiv:1903.07746, arXiv:1906.02746, arXiv:1908.11490, arXiv:1909.03802, arXiv:1912.05129, arXiv:2001.04226, arXiv:2006.08189"
2204-11142v1-tracking,arXiv:2204.11142,Graph Neural Network based Agent in Google Research Football,true,TEMPLATE_STAMP,"code body byte-identical to 14 other module(s) filed under different arXiv ids: arXiv:1111.0693, arXiv:1602.08754, arXiv:1806.06696, arXiv:1810.08032, arXiv:1906.11373 ...","code-body sha256=83a2fc54ec392700 | first code lines: export const CONFIG = { / enabled: false, / method: ""frame-differenced kinematics + separation"",",packages/data-ingestion/src/2204-11142v1-tracking.ts,,"ACCEPTANCE_GATE, ARXIV_ID, CONFIG, ENABLED, LANE, TrackFrame, accelerationsFromSpeeds, distance",14,"arXiv:1111.0693, arXiv:1602.08754, arXiv:1806.06696, arXiv:1810.08032, arXiv:1906.11373, arXiv:1909.10631, arXiv:1910.12337, arXiv:2002.04148"
2204-13087v2-calibration,arXiv:2204.13087,Faster Online Calibration Without Randomization: Interval Forecasts,true,TEMPLATE_STAMP,"code body byte-identical to 3 other module(s) filed under different arXiv ids: arXiv:1912.08726, arXiv:2105.11982, arXiv:2110.00864","code-body sha256=875eadfc53dad983 | first code lines: export const CONFIG = { / enabled: false, / method: ""binned reliability + PAVA isotonic recalibration"",",packages/data-ingestion/src/2204-13087v2-calibration.ts,,"ACCEPTANCE_GATE, ARXIV_ID, CONFIG, ENABLED, LANE, ReliabilityBin, binPredictions, expectedCalibrationError",3,"arXiv:1912.08726, arXiv:2105.11982, arXiv:2110.00864"
2205-04173v3-team-ratings,arXiv:2205.04173,Nested Zero Inflated Generalized Poisson Regression for FIFA World Cup 2022,true,TEMPLATE_STAMP,"code body byte-identical to 23 other module(s) filed under different arXiv ids: arXiv:1902.07378, arXiv:1903.07746, arXiv:1906.02746, arXiv:1908.11490, arXiv:1909.03802 ...","code-body sha256=914331e105ade500 | first code lines: export const CONFIG = { / enabled: false, / method: ""Elo with margin-of-victory multiplier"",",packages/data-ingestion/src/2205-04173v3-team-ratings.ts,,"ACCEPTANCE_GATE, ARXIV_ID, CONFIG, ENABLED, LANE, blendRatings, eloUpdate, eloWinProb",23,"arXiv:1902.07378, arXiv:1903.07746, arXiv:1906.02746, arXiv:1908.11490, arXiv:1909.03802, arXiv:1912.05129, arXiv:2001.04226, arXiv:2006.08189"
2205-10746v3-team-ratings,arXiv:2205.10746,Athlete rating in multi-competitor games with scored outcomes via monotone transformations,true,TEMPLATE_STAMP,"code body byte-identical to 23 other module(s) filed under different arXiv ids: arXiv:1902.07378, arXiv:1903.07746, arXiv:1906.02746, arXiv:1908.11490, arXiv:1909.03802 ...","code-body sha256=914331e105ade500 | first code lines: export const CONFIG = { / enabled: false, / method: ""Elo with margin-of-victory multiplier"",",packages/data-ingestion/src/2205-10746v3-team-ratings.ts,,"ACCEPTANCE_GATE, ARXIV_ID, CONFIG, ENABLED, LANE, blendRatings, eloUpdate, eloWinProb",23,"arXiv:1902.07378, arXiv:1903.07746, arXiv:1906.02746, arXiv:1908.11490, arXiv:1909.03802, arXiv:1912.05129, arXiv:2001.04226, arXiv:2006.08189"
2206-11258v1-team-ratings,arXiv:2206.11258,Developing a Ranking Problem Library (RPLIB) from a data-oriented perspective,true,TEMPLATE_STAMP,"code body byte-identical to 23 other module(s) filed under different arXiv ids: arXiv:1902.07378, arXiv:1903.07746, arXiv:1906.02746, arXiv:1908.11490, arXiv:1909.03802 ...","code-body sha256=914331e105ade500 | first code lines: export const CONFIG = { / enabled: false, / method: ""Elo with margin-of-victory multiplier"",",packages/data-ingestion/src/2206-11258v1-team-ratings.ts,,"ACCEPTANCE_GATE, ARXIV_ID, CONFIG, ENABLED, LANE, blendRatings, eloUpdate, eloWinProb",23,"arXiv:1902.07378, arXiv:1903.07746, arXiv:1906.02746, arXiv:1908.11490, arXiv:1909.03802, arXiv:1912.05129, arXiv:2001.04226, arXiv:2006.08189"
2206-15241v2-props-dfs,arXiv:2206.15241,Benchmark Dataset for Precipitation Forecasting by Post-Processing the Numerical Weather Prediction,true,TEMPLATE_STAMP,"code body byte-identical to 10 other module(s) filed under different arXiv ids: arXiv:1208.0799, arXiv:1710.05284, arXiv:2003.10791, arXiv:2106.11397, arXiv:2111.02859 ...","code-body sha256=9408b0a01a38ceb2 | first code lines: export const CONFIG = { / enabled: false, / method: ""salary-cap knapsack lineup construction"",",packages/data-ingestion/src/2206-15241v2-props-dfs.ts,,"ACCEPTANCE_GATE, ARXIV_ID, CONFIG, ENABLED, LANE, PlayerEntry, blendProjections, knapsackLineup",10,"arXiv:1208.0799, arXiv:1710.05284, arXiv:2003.10791, arXiv:2106.11397, arXiv:2111.02859, arXiv:2302.09276, arXiv:2402.04898, arXiv:2407.03672"
2207-00585v1-causal-injury,arXiv:2207.00585,Predicting Ulnar Collateral Ligament Injury in Rookie Major League Baseball Pitchers,true,TEMPLATE_STAMP,"code body byte-identical to 7 other module(s) filed under different arXiv ids: arXiv:1609.07480, arXiv:1809.08016, arXiv:1907.05326, arXiv:1907.11769, arXiv:2007.05507 ...","code-body sha256=3bc347fd127b4920 | first code lines: export const CONFIG = { / enabled: false, / method: ""IPW + difference-in-differences + balance diagnosti",packages/data-ingestion/src/2207-00585v1-causal-injury.ts,,"ACCEPTANCE_GATE, ARXIV_ID, CONFIG, ENABLED, LANE, didEstimate, ipwWeights, standardizedMeanDiff",7,"arXiv:1609.07480, arXiv:1809.08016, arXiv:1907.05326, arXiv:1907.11769, arXiv:2007.05507, arXiv:2110.14632, arXiv:2401.02919"
2207-11486v1-auto-feature-eng,arXiv:2207.11486,Time Series Prediction under Distribution Shift using Differentiable Forgetting,true,TEMPLATE_STAMP,"code body byte-identical to 9 other module(s) filed under different arXiv ids: arXiv:1901.07329, arXiv:2006.00873, arXiv:2009.14454, arXiv:2010.08784, arXiv:2102.06024 ...","code-body sha256=898460b5e96d97ad | first code lines: export const CONFIG = { / enabled: false, / method: ""polynomial expansion + variance threshold + z-score",packages/data-ingestion/src/2207-11486v1-auto-feature-eng.ts,,"ACCEPTANCE_GATE, ARXIV_ID, CONFIG, ENABLED, LANE, polynomialFeatures, varianceThresholdColumns, zScoreNormalize",9,"arXiv:1901.07329, arXiv:2006.00873, arXiv:2009.14454, arXiv:2010.08784, arXiv:2102.06024, arXiv:2104.02883, arXiv:2110.10914, arXiv:2306.06252"
2209-15421v1-synthetic-data,arXiv:2209.15421,TabDDPM: Modelling Tabular Data with Diffusion Models,true,TEMPLATE_STAMP,"code body byte-identical to 3 other module(s) filed under different arXiv ids: arXiv:1907.00503, arXiv:2202.02691, arXiv:2210.04018","code-body sha256=f3983070c63d66c8 | first code lines: export const CONFIG = { / enabled: false, / method: ""distributional parity checks (KS, moments, range)"",",packages/data-ingestion/src/2209-15421v1-synthetic-data.ts,,"ACCEPTANCE_GATE, ARXIV_ID, CONFIG, ENABLED, LANE, ParityReport, columnParityReport, ksStatistic",3,"arXiv:1907.00503, arXiv:2202.02691, arXiv:2210.04018"
2210-04018v1-synthetic-data,arXiv:2210.04018,STaSy: Score-based Tabular data Synthesis,true,TEMPLATE_STAMP,"code body byte-identical to 3 other module(s) filed under different arXiv ids: arXiv:1907.00503, arXiv:2202.02691, arXiv:2209.15421","code-body sha256=f3983070c63d66c8 | first code lines: export const CONFIG = { / enabled: false, / method: ""distributional parity checks (KS, moments, range)"",",packages/data-ingestion/src/2210-04018v1-synthetic-data.ts,,"ACCEPTANCE_GATE, ARXIV_ID, CONFIG, ENABLED, LANE, ParityReport, columnParityReport, ksStatistic",3,"arXiv:1907.00503, arXiv:2202.02691, arXiv:2209.15421"
2211-06052v1-markets,arXiv:2211.06052,Gambling on Momentum,true,TEMPLATE_STAMP,"code body byte-identical to 9 other module(s) filed under different arXiv ids: arXiv:0911.3249, arXiv:1006.4884, arXiv:1009.1446, arXiv:1604.03614, arXiv:1909.06722 ...","code-body sha256=5a6b0e8b0e98ea04 | first code lines: export const CONFIG = { / enabled: false, / method: ""AR/EAR efficiency-phase diagnostic on line time ser",packages/data-ingestion/src/2211-06052v1-markets.ts,,"ACCEPTANCE_GATE, ARXIV_ID, CONFIG, ENABLED, LANE, bucketMeans, concentrationIndex, countCrossings",9,"arXiv:0911.3249, arXiv:1006.4884, arXiv:1009.1446, arXiv:1604.03614, arXiv:1909.06722, arXiv:2011.06430, arXiv:2101.05388, arXiv:2112.11262"
2301-13576-sports-cv,arXiv:2301.13576,Sport Task: Fine Grained Action Detection and Classification of Table Tennis Strokes from Videos for MediaEval 2022,true,TEMPLATE_STAMP,"code body byte-identical to 2 other module(s) filed under different arXiv ids: arXiv:2012.00253, arXiv:2304.04437","code-body sha256=6ad590b0c2337373 | first code lines: export const CONFIG = { / enabled: false, / method: ""IoU matching + greedy NMS"",",packages/data-ingestion/src/2301-13576-sports-cv.ts,,"ACCEPTANCE_GATE, ARXIV_ID, Box, CONFIG, ENABLED, LANE, ScoredBox, iou",2,"arXiv:2012.00253, arXiv:2304.04437"
2302-09276v1-props-dfs,arXiv:2302.09276,Transformer-Based Neural Marked Spatio Temporal Point Process Model for Football Match Events Analysis,true,TEMPLATE_STAMP,"code body byte-identical to 10 other module(s) filed under different arXiv ids: arXiv:1208.0799, arXiv:1710.05284, arXiv:2003.10791, arXiv:2106.11397, arXiv:2111.02859 ...","code-body sha256=9408b0a01a38ceb2 | first code lines: export const CONFIG = { / enabled: false, / method: ""salary-cap knapsack lineup construction"",",packages/data-ingestion/src/2302-09276v1-props-dfs.ts,,"ACCEPTANCE_GATE, ARXIV_ID, CONFIG, ENABLED, LANE, PlayerEntry, blendProjections, knapsackLineup",10,"arXiv:1208.0799, arXiv:1710.05284, arXiv:2003.10791, arXiv:2106.11397, arXiv:2111.02859, arXiv:2206.15241, arXiv:2402.04898, arXiv:2407.03672"
2303-16741v1-experimental,arXiv:2303.16741,Who You Play Affects How You Play: Predicting Sports Performance Using Graph Attention Networks With Temporal Convolution,true,TEMPLATE_STAMP,"code body byte-identical to 3 other module(s) filed under different arXiv ids: arXiv:1908.08991, arXiv:2107.07561, arXiv:2410.01304","code-body sha256=663a93dc0ccde5b5 | first code lines: export const CONFIG = { / enabled: false, / method: ""Welch t, chi-square SRM, normal-approx MDE"",",packages/data-ingestion/src/2303-16741v1-experimental.ts,,"ACCEPTANCE_GATE, ARXIV_ID, CONFIG, ENABLED, LANE, minDetectableEffect, sampleRatioMismatch, welchT",3,"arXiv:1908.08991, arXiv:2107.07561, arXiv:2410.01304"
2304-04437-sports-cv,arXiv:2304.04437,Monocular 3D Human Pose Estimation for Sports Broadcasts using Partial Sports Field Registration,true,TEMPLATE_STAMP,"code body byte-identical to 2 other module(s) filed under different arXiv ids: arXiv:2012.00253, arXiv:2301.13576","code-body sha256=6ad590b0c2337373 | first code lines: export const CONFIG = { / enabled: false, / method: ""IoU matching + greedy NMS"",",packages/data-ingestion/src/2304-04437-sports-cv.ts,,"ACCEPTANCE_GATE, ARXIV_ID, Box, CONFIG, ENABLED, LANE, ScoredBox, iou",2,"arXiv:2012.00253, arXiv:2301.13576"
2304-09918v2-win-spread-total,arXiv:2304.09918,Smart Sports Predictions via Hybrid Simulation: NBA Case Study,true,TEMPLATE_STAMP,"code body byte-identical to 4 other module(s) filed under different arXiv ids: arXiv:1906.01760, arXiv:1912.07441, arXiv:2011.02122, arXiv:2406.16171","code-body sha256=8579981971b71f80 | first code lines: export const CONFIG = { / enabled: false, / method: ""logistic spread mapping + normal total model + key-",packages/data-ingestion/src/2304-09918v2-win-spread-total.ts,,"ACCEPTANCE_GATE, ARXIV_ID, CONFIG, ENABLED, LANE, pushProbability, spreadToWinProb, totalToOverProb",4,"arXiv:1906.01760, arXiv:1912.07441, arXiv:2011.02122, arXiv:2406.16171"
2306-06252-auto-feature-eng,arXiv:2306.06252,Feature Programming for Multivariate Time Series Prediction,true,TEMPLATE_STAMP,"code body byte-identical to 9 other module(s) filed under different arXiv ids: arXiv:1901.07329, arXiv:2006.00873, arXiv:2009.14454, arXiv:2010.08784, arXiv:2102.06024 ...","code-body sha256=898460b5e96d97ad | first code lines: export const CONFIG = { / enabled: false, / method: ""polynomial expansion + variance threshold + z-score",packages/data-ingestion/src/2306-06252-auto-feature-eng.ts,,"ACCEPTANCE_GATE, ARXIV_ID, CONFIG, ENABLED, LANE, polynomialFeatures, varianceThresholdColumns, zScoreNormalize",9,"arXiv:1901.07329, arXiv:2006.00873, arXiv:2009.14454, arXiv:2010.08784, arXiv:2102.06024, arXiv:2104.02883, arXiv:2110.10914, arXiv:2207.11486"
2308-01523v2-tracking,arXiv:2308.01523,Miss It Like Messi: Extracting Value from Off-Target Shots in Soccer,true,TEMPLATE_STAMP,"code body byte-identical to 14 other module(s) filed under different arXiv ids: arXiv:1111.0693, arXiv:1602.08754, arXiv:1806.06696, arXiv:1810.08032, arXiv:1906.11373 ...","code-body sha256=83a2fc54ec392700 | first code lines: export const CONFIG = { / enabled: false, / method: ""frame-differenced kinematics + separation"",",packages/data-ingestion/src/2308-01523v2-tracking.ts,,"ACCEPTANCE_GATE, ARXIV_ID, CONFIG, ENABLED, LANE, TrackFrame, accelerationsFromSpeeds, distance",14,"arXiv:1111.0693, arXiv:1602.08754, arXiv:1806.06696, arXiv:1810.08032, arXiv:1906.11373, arXiv:1909.10631, arXiv:1910.12337, arXiv:2002.04148"
2310-01748v2-markets,arXiv:2310.01748,A generative approach to frame-level multi-competitor races,true,TEMPLATE_STAMP,"code body byte-identical to 9 other module(s) filed under different arXiv ids: arXiv:0911.3249, arXiv:1006.4884, arXiv:1009.1446, arXiv:1604.03614, arXiv:1909.06722 ...","code-body sha256=5a6b0e8b0e98ea04 | first code lines: export const CONFIG = { / enabled: false, / method: ""AR/EAR efficiency-phase diagnostic on line time ser",packages/data-ingestion/src/2310-01748v2-markets.ts,,"ACCEPTANCE_GATE, ARXIV_ID, CONFIG, ENABLED, LANE, bucketMeans, concentrationIndex, countCrossings",9,"arXiv:0911.3249, arXiv:1006.4884, arXiv:1009.1446, arXiv:1604.03614, arXiv:1909.06722, arXiv:2011.06430, arXiv:2101.05388, arXiv:2112.11262"
2401-02919-causal-injury,arXiv:2401.02919,Optimal strategy for trail running with nutrition and fatigue factors,true,TEMPLATE_STAMP,"code body byte-identical to 7 other module(s) filed under different arXiv ids: arXiv:1609.07480, arXiv:1809.08016, arXiv:1907.05326, arXiv:1907.11769, arXiv:2007.05507 ...","code-body sha256=3bc347fd127b4920 | first code lines: export const CONFIG = { / enabled: false, / method: ""IPW + difference-in-differences + balance diagnosti",packages/data-ingestion/src/2401-02919-causal-injury.ts,,"ACCEPTANCE_GATE, ARXIV_ID, CONFIG, ENABLED, LANE, didEstimate, ipwWeights, standardizedMeanDiff",7,"arXiv:1609.07480, arXiv:1809.08016, arXiv:1907.05326, arXiv:1907.11769, arXiv:2007.05507, arXiv:2110.14632, arXiv:2207.00585"
2402-04898v1-props-dfs,arXiv:2402.04898,The Strain of Success: A Predictive Model for Injury Risk Mitigation and Team Success in Soccer,true,TEMPLATE_STAMP,"code body byte-identical to 10 other module(s) filed under different arXiv ids: arXiv:1208.0799, arXiv:1710.05284, arXiv:2003.10791, arXiv:2106.11397, arXiv:2111.02859 ...","code-body sha256=9408b0a01a38ceb2 | first code lines: export const CONFIG = { / enabled: false, / method: ""salary-cap knapsack lineup construction"",",packages/data-ingestion/src/2402-04898v1-props-dfs.ts,,"ACCEPTANCE_GATE, ARXIV_ID, CONFIG, ENABLED, LANE, PlayerEntry, blendProjections, knapsackLineup",10,"arXiv:1208.0799, arXiv:1710.05284, arXiv:2003.10791, arXiv:2106.11397, arXiv:2111.02859, arXiv:2206.15241, arXiv:2302.09276, arXiv:2407.03672"
2406-12084-nlp,arXiv:2406.12084,1723 When reasoning meets information aggregation: a case study with sports narratives,true,TEMPLATE_STAMP,"code body byte-identical to 17 other module(s) filed under different arXiv ids: arXiv:1205.3212, arXiv:1211.6496, arXiv:1502.05886, arXiv:1812.00778, arXiv:1910.01863 ...","code-body sha256=48c77369d309656d | first code lines: export const CONFIG = { / enabled: false, / method: ""lexicon scoring + keyword overlap on normalized tok",packages/data-ingestion/src/2406-12084-nlp.ts,,"ACCEPTANCE_GATE, ARXIV_ID, CONFIG, ENABLED, LANE, LexiconHit, keywordOverlap, lexiconScore",17,"arXiv:1205.3212, arXiv:1211.6496, arXiv:1502.05886, arXiv:1812.00778, arXiv:1910.01863, arXiv:1910.12622, arXiv:1912.06806, arXiv:2009.00550"
2406-14877-nlp,arXiv:2406.14877,Sports Intelligence: Assessing the Sports Understanding Capabilities of Language Models through Question Answering from Text to Video,true,TEMPLATE_STAMP,"code body byte-identical to 17 other module(s) filed under different arXiv ids: arXiv:1205.3212, arXiv:1211.6496, arXiv:1502.05886, arXiv:1812.00778, arXiv:1910.01863 ...","code-body sha256=48c77369d309656d | first code lines: export const CONFIG = { / enabled: false, / method: ""lexicon scoring + keyword overlap on normalized tok",packages/data-ingestion/src/2406-14877-nlp.ts,,"ACCEPTANCE_GATE, ARXIV_ID, CONFIG, ENABLED, LANE, LexiconHit, keywordOverlap, lexiconScore",17,"arXiv:1205.3212, arXiv:1211.6496, arXiv:1502.05886, arXiv:1812.00778, arXiv:1910.01863, arXiv:1910.12622, arXiv:1912.06806, arXiv:2009.00550"
2406-16171v5-win-spread-total,arXiv:2406.16171,Exploring the Difficulty of Estimating Win Probability: A Simulation Study,true,TEMPLATE_STAMP,"code body byte-identical to 4 other module(s) filed under different arXiv ids: arXiv:1906.01760, arXiv:1912.07441, arXiv:2011.02122, arXiv:2304.09918","code-body sha256=8579981971b71f80 | first code lines: export const CONFIG = { / enabled: false, / method: ""logistic spread mapping + normal total model + key-",packages/data-ingestion/src/2406-16171v5-win-spread-total.ts,,"ACCEPTANCE_GATE, ARXIV_ID, CONFIG, ENABLED, LANE, pushProbability, spreadToWinProb, totalToOverProb",4,"arXiv:1906.01760, arXiv:1912.07441, arXiv:2011.02122, arXiv:2304.09918"
2406-18530-nlp,arXiv:2406.18530,MatchTime: Towards Automatic Soccer Game Commentary Generation,true,TEMPLATE_STAMP,"code body byte-identical to 17 other module(s) filed under different arXiv ids: arXiv:1205.3212, arXiv:1211.6496, arXiv:1502.05886, arXiv:1812.00778, arXiv:1910.01863 ...","code-body sha256=48c77369d309656d | first code lines: export const CONFIG = { / enabled: false, / method: ""lexicon scoring + keyword overlap on normalized tok",packages/data-ingestion/src/2406-18530-nlp.ts,,"ACCEPTANCE_GATE, ARXIV_ID, CONFIG, ENABLED, LANE, LexiconHit, keywordOverlap, lexiconScore",17,"arXiv:1205.3212, arXiv:1211.6496, arXiv:1502.05886, arXiv:1812.00778, arXiv:1910.01863, arXiv:1910.12622, arXiv:1912.06806, arXiv:2009.00550"
2407-03672v1-props-dfs,arXiv:2407.03672,A Survey of Data Synthesis Approaches,true,TEMPLATE_STAMP,"code body byte-identical to 10 other module(s) filed under different arXiv ids: arXiv:1208.0799, arXiv:1710.05284, arXiv:2003.10791, arXiv:2106.11397, arXiv:2111.02859 ...","code-body sha256=9408b0a01a38ceb2 | first code lines: export const CONFIG = { / enabled: false, / method: ""salary-cap knapsack lineup construction"",",packages/data-ingestion/src/2407-03672v1-props-dfs.ts,,"ACCEPTANCE_GATE, ARXIV_ID, CONFIG, ENABLED, LANE, PlayerEntry, blendProjections, knapsackLineup",10,"arXiv:1208.0799, arXiv:1710.05284, arXiv:2003.10791, arXiv:2106.11397, arXiv:2111.02859, arXiv:2206.15241, arXiv:2302.09276, arXiv:2402.04898"
2407-08508-tracking,arXiv:2407.08508,PEP: Tackle Value as Prevented Expected Points,true,TEMPLATE_STAMP,"code body byte-identical to 14 other module(s) filed under different arXiv ids: arXiv:1111.0693, arXiv:1602.08754, arXiv:1806.06696, arXiv:1810.08032, arXiv:1906.11373 ...","code-body sha256=83a2fc54ec392700 | first code lines: export const CONFIG = { / enabled: false, / method: ""frame-differenced kinematics + separation"",",packages/data-ingestion/src/2407-08508-tracking.ts,,"ACCEPTANCE_GATE, ARXIV_ID, CONFIG, ENABLED, LANE, TrackFrame, accelerationsFromSpeeds, distance",14,"arXiv:1111.0693, arXiv:1602.08754, arXiv:1806.06696, arXiv:1810.08032, arXiv:1906.11373, arXiv:1909.10631, arXiv:1910.12337, arXiv:2002.04148"
2407-15900-weather,arXiv:2407.15900,Improving Probabilistic Forecasts of Extreme Wind Speeds by Training Statistical Post-Processing Models with Weighted Scoring Rules,true,TEMPLATE_STAMP,"code body byte-identical to 5 other module(s) filed under different arXiv ids: arXiv:2003.05854, arXiv:2103.14430, arXiv:2109.15239, arXiv:2409.09607, arXiv:2409.13934","code-body sha256=64a5c6daeb56bec3 | first code lines: export const CONFIG = { / enabled: false, / method: ""multiplicative weather discount factors"",",packages/data-ingestion/src/2407-15900-weather.ts,,"ACCEPTANCE_GATE, ARXIV_ID, CONFIG, ENABLED, LANE, WeatherInputs, combinedWeatherFactor, precipFactor",5,"arXiv:2003.05854, arXiv:2103.14430, arXiv:2109.15239, arXiv:2409.09607, arXiv:2409.13934"
2408-01603v2-team-ratings,arXiv:2408.01603,FIVB ranking: Misstep in the right direction,true,TEMPLATE_STAMP,"code body byte-identical to 23 other module(s) filed under different arXiv ids: arXiv:1902.07378, arXiv:1903.07746, arXiv:1906.02746, arXiv:1908.11490, arXiv:1909.03802 ...","code-body sha256=914331e105ade500 | first code lines: export const CONFIG = { / enabled: false, / method: ""Elo with margin-of-victory multiplier"",",packages/data-ingestion/src/2408-01603v2-team-ratings.ts,,"ACCEPTANCE_GATE, ARXIV_ID, CONFIG, ENABLED, LANE, blendRatings, eloUpdate, eloWinProb",23,"arXiv:1902.07378, arXiv:1903.07746, arXiv:1906.02746, arXiv:1908.11490, arXiv:1909.03802, arXiv:1912.05129, arXiv:2001.04226, arXiv:2006.08189"
2408-05123-nlp,arXiv:2408.05123,1718 Sportify: question answering with embedded visualizations and personified narratives for sports video,true,TEMPLATE_STAMP,"code body byte-identical to 17 other module(s) filed under different arXiv ids: arXiv:1205.3212, arXiv:1211.6496, arXiv:1502.05886, arXiv:1812.00778, arXiv:1910.01863 ...","code-body sha256=48c77369d309656d | first code lines: export const CONFIG = { / enabled: false, / method: ""lexicon scoring + keyword overlap on normalized tok",packages/data-ingestion/src/2408-05123-nlp.ts,,"ACCEPTANCE_GATE, ARXIV_ID, CONFIG, ENABLED, LANE, LexiconHit, keywordOverlap, lexiconScore",17,"arXiv:1205.3212, arXiv:1211.6496, arXiv:1502.05886, arXiv:1812.00778, arXiv:1910.01863, arXiv:1910.12622, arXiv:1912.06806, arXiv:2009.00550"
2409-04665-auto-feature-eng,arXiv:2409.04665,IIFE: Interaction Information Based Automated Feature Engineering,true,TEMPLATE_STAMP,"code body byte-identical to 9 other module(s) filed under different arXiv ids: arXiv:1901.07329, arXiv:2006.00873, arXiv:2009.14454, arXiv:2010.08784, arXiv:2102.06024 ...","code-body sha256=898460b5e96d97ad | first code lines: export const CONFIG = { / enabled: false, / method: ""polynomial expansion + variance threshold + z-score",packages/data-ingestion/src/2409-04665-auto-feature-eng.ts,,"ACCEPTANCE_GATE, ARXIV_ID, CONFIG, ENABLED, LANE, polynomialFeatures, varianceThresholdColumns, zScoreNormalize",9,"arXiv:1901.07329, arXiv:2006.00873, arXiv:2009.14454, arXiv:2010.08784, arXiv:2102.06024, arXiv:2104.02883, arXiv:2110.10914, arXiv:2207.11486"
2409-05052v1-props-dfs,arXiv:2409.05052,Rating Players of Counter-Strike: Global Offensive Based on Plus/Minus value,true,TEMPLATE_STAMP,"code body byte-identical to 10 other module(s) filed under different arXiv ids: arXiv:1208.0799, arXiv:1710.05284, arXiv:2003.10791, arXiv:2106.11397, arXiv:2111.02859 ...","code-body sha256=9408b0a01a38ceb2 | first code lines: export const CONFIG = { / enabled: false, / method: ""salary-cap knapsack lineup construction"",",packages/data-ingestion/src/2409-05052v1-props-dfs.ts,,"ACCEPTANCE_GATE, ARXIV_ID, CONFIG, ENABLED, LANE, PlayerEntry, blendProjections, knapsackLineup",10,"arXiv:1208.0799, arXiv:1710.05284, arXiv:2003.10791, arXiv:2106.11397, arXiv:2111.02859, arXiv:2206.15241, arXiv:2302.09276, arXiv:2402.04898"
2409-05714v2-team-ratings,arXiv:2409.05714,Analyzing and Forecasting Success in the Men's Ice Hockey World (Junior) Championships Using a Dynamic Ranking Model,true,TEMPLATE_STAMP,"code body byte-identical to 23 other module(s) filed under different arXiv ids: arXiv:1902.07378, arXiv:1903.07746, arXiv:1906.02746, arXiv:1908.11490, arXiv:1909.03802 ...","code-body sha256=914331e105ade500 | first code lines: export const CONFIG = { / enabled: false, / method: ""Elo with margin-of-victory multiplier"",",packages/data-ingestion/src/2409-05714v2-team-ratings.ts,,"ACCEPTANCE_GATE, ARXIV_ID, CONFIG, ENABLED, LANE, blendRatings, eloUpdate, eloWinProb",23,"arXiv:1902.07378, arXiv:1903.07746, arXiv:1906.02746, arXiv:1908.11490, arXiv:1909.03802, arXiv:1912.05129, arXiv:2001.04226, arXiv:2006.08189"
2409-09607-weather,arXiv:2409.09607,A Convolutional Neural Network-based Ensemble Post-processing with Data Augmentation for Tropical Cyclone Precipitation Forecasts,true,TEMPLATE_STAMP,"code body byte-identical to 5 other module(s) filed under different arXiv ids: arXiv:2003.05854, arXiv:2103.14430, arXiv:2109.15239, arXiv:2407.15900, arXiv:2409.13934","code-body sha256=64a5c6daeb56bec3 | first code lines: export const CONFIG = { / enabled: false, / method: ""multiplicative weather discount factors"",",packages/data-ingestion/src/2409-09607-weather.ts,,"ACCEPTANCE_GATE, ARXIV_ID, CONFIG, ENABLED, LANE, WeatherInputs, combinedWeatherFactor, precipFactor",5,"arXiv:2003.05854, arXiv:2103.14430, arXiv:2109.15239, arXiv:2407.15900, arXiv:2409.13934"
2409-13934v1-weather,arXiv:2409.13934,On the Extrapolation of Generative Adversarial Networks for Downscaling Precipitation Extremes in Warmer Climates,true,TEMPLATE_STAMP,"code body byte-identical to 5 other module(s) filed under different arXiv ids: arXiv:2003.05854, arXiv:2103.14430, arXiv:2109.15239, arXiv:2407.15900, arXiv:2409.09607","code-body sha256=64a5c6daeb56bec3 | first code lines: export const CONFIG = { / enabled: false, / method: ""multiplicative weather discount factors"",",packages/data-ingestion/src/2409-13934v1-weather.ts,,"ACCEPTANCE_GATE, ARXIV_ID, CONFIG, ENABLED, LANE, WeatherInputs, combinedWeatherFactor, precipFactor",5,"arXiv:2003.05854, arXiv:2103.14430, arXiv:2109.15239, arXiv:2407.15900, arXiv:2409.09607"
2410-01304v1-experimental,arXiv:2410.01304,Deep Learning for Action Spotting in Association Football Videos,true,TEMPLATE_STAMP,"code body byte-identical to 3 other module(s) filed under different arXiv ids: arXiv:1908.08991, arXiv:2107.07561, arXiv:2303.16741","code-body sha256=663a93dc0ccde5b5 | first code lines: export const CONFIG = { / enabled: false, / method: ""Welch t, chi-square SRM, normal-approx MDE"",",packages/data-ingestion/src/2410-01304v1-experimental.ts,,"ACCEPTANCE_GATE, ARXIV_ID, CONFIG, ENABLED, LANE, minDetectableEffect, sampleRatioMismatch, welchT",3,"arXiv:1908.08991, arXiv:2107.07561, arXiv:2303.16741"
2410-01307v1-props-dfs,arXiv:2410.01307,FanCric: Multi-Agentic Framework for Crafting Fantasy 11 Cricket Teams,true,TEMPLATE_STAMP,"code body byte-identical to 10 other module(s) filed under different arXiv ids: arXiv:1208.0799, arXiv:1710.05284, arXiv:2003.10791, arXiv:2106.11397, arXiv:2111.02859 ...","code-body sha256=9408b0a01a38ceb2 | first code lines: export const CONFIG = { / enabled: false, / method: ""salary-cap knapsack lineup construction"",",packages/data-ingestion/src/2410-01307v1-props-dfs.ts,,"ACCEPTANCE_GATE, ARXIV_ID, CONFIG, ENABLED, LANE, PlayerEntry, blendProjections, knapsackLineup",10,"arXiv:1208.0799, arXiv:1710.05284, arXiv:2003.10791, arXiv:2106.11397, arXiv:2111.02859, arXiv:2206.15241, arXiv:2302.09276, arXiv:2402.04898"
2410-05431v2-mixed,arXiv:2410.05431,Continuous Ensemble Weather Forecasting with Diffusion Models,true,UNRESOLVED,"unique code body; paper attribution NOT verified. Screen abandoned, so no claim either way.","code-body sha256=6d5fddd60830ee45 | first code lines: export const CONFIG = { / enabled: false, / method: ""normalized weighted blend + inverse-variance stacki",packages/data-ingestion/src/2410-05431v2-mixed.ts,,"ACCEPTANCE_GATE, ARXIV_ID, CONFIG, ENABLED, LANE, blendEnsemble, inverseVarianceWeights, rankBlend",0,
2410-11078v2-team-ratings,arXiv:2410.11078,Predicting Chess Puzzle Difficulty with Transformers,true,TEMPLATE_STAMP,"code body byte-identical to 23 other module(s) filed under different arXiv ids: arXiv:1902.07378, arXiv:1903.07746, arXiv:1906.02746, arXiv:1908.11490, arXiv:1909.03802 ...","code-body sha256=914331e105ade500 | first code lines: export const CONFIG = { / enabled: false, / method: ""Elo with margin-of-victory multiplier"",",packages/data-ingestion/src/2410-11078v2-team-ratings.ts,,"ACCEPTANCE_GATE, ARXIV_ID, CONFIG, ENABLED, LANE, blendRatings, eloUpdate, eloWinProb",23,"arXiv:1902.07378, arXiv:1903.07746, arXiv:1906.02746, arXiv:1908.11490, arXiv:1909.03802, arXiv:1912.05129, arXiv:2001.04226, arXiv:2006.08189"
2410-21484v1-markets,arXiv:2410.21484,"A Systematic Review of Machine Learning in Sports Betting: Techniques, Challenges, and Future Directions",true,UNRESOLVED,"unique code body; paper attribution NOT verified. Screen abandoned, so no claim either way.",code-body sha256=8f32fab7a894ecab | first code lines: export interface ReviewStudy { / readonly id: string; / readonly retrievable: boolean;,packages/data-ingestion/src/2410-21484v1-markets.ts,,"ACCEPTANCE_GATE, ARXIV_ID, ENABLED, ForecastSkill, LANE, ReviewStudy, RoiPoolSummary, VERDICT",0,
2411-06391v1-news-scoring,arXiv:2411.06391,CausalStock: Deep End-to-end Causal Discovery for News-driven Stock Movement Prediction,true,TEMPLATE_STAMP,"code body byte-identical to 8 other module(s) filed under different arXiv ids: arXiv:2412.06794, arXiv:2503.21067, arXiv:2504.17365, arXiv:2510.18173, arXiv:2601.00216 ...","code-body sha256=31fcc9a656974d9f | first code lines: function isFiniteNumber(x: unknown): x is number { / return typeof x === ""number"" && Number.isFinite(x); / }",packages/data-ingestion/src/2411-06391v1-news-scoring.ts,"Denoised-news 5-dimension scoring rubric (relevance, sentiment, novelty, credibility, impact) with exponential half-life aggregation over article age, lag-dependent decay weights, and directed steam-p","ACCEPTANCE_GATE, ARXIV_ID, ENABLED, LANE, NewsDimensions, VERDICT, aggregateNewsScores, lagDecayWeight",8,"arXiv:2412.06794, arXiv:2503.21067, arXiv:2504.17365, arXiv:2510.18173, arXiv:2601.00216, arXiv:2606.27274, arXiv:2607.18461, arXiv:2608.03416"
2411-06725-pose-estimation,arXiv:2411.06725,GTA-Net: An IoT-Integrated 3D Human Pose Estimation System for Real-Time Adolescent Sports Posture Correction,true,TEMPLATE_STAMP,"code body byte-identical to 2 other module(s) filed under different arXiv ids: arXiv:2503.04470, arXiv:2503.07499","code-body sha256=45a68d193263415a | first code lines: function isFiniteNumber(x: unknown): x is number { / return typeof x === ""number"" && Number.isFinite(x); / }",packages/data-ingestion/src/2411-06725-pose-estimation.ts,"Pose-estimation quality metrics: mean per-joint position error (MPJPE), bone-length constraint violations against anthropometric priors, and exponential temporal smoothing of joint tracks. * *","ACCEPTANCE_GATE, ARXIV_ID, BoneLengthCheck, ENABLED, LANE, VERDICT, boneLengthError, mpjpe",2,"arXiv:2503.04470, arXiv:2503.07499"
2411-08216v1-tracklet-association,arXiv:2411.08216,GTA: Global Tracklet Association for Multi-Object Tracking in Sports,true,TEMPLATE_STAMP,"code body byte-identical to 30 other module(s) filed under different arXiv ids: arXiv:2411.17450, arXiv:2412.15673, arXiv:2412.16454, arXiv:2501.10299, arXiv:2502.02785 ...","code-body sha256=213885ee78794c8d | first code lines: function isFiniteNumber(x: unknown): x is number { / return typeof x === ""number"" && Number.isFinite(x); / }",packages/data-ingestion/src/2411-08216v1-tracklet-association.ts,,"ACCEPTANCE_GATE, ARXIV_ID, Assignment, ENABLED, LANE, TrackPoint, VERDICT, cosineDistance",30,"arXiv:2411.17450, arXiv:2412.15673, arXiv:2412.16454, arXiv:2501.10299, arXiv:2502.02785, arXiv:2502.21242, arXiv:2503.19355, arXiv:2504.08175"
2411-08901v1-injury-risk,arXiv:2411.08901,SoccerGuard: Injury Prediction Framework,true,TEMPLATE_STAMP,"code body byte-identical to 11 other module(s) filed under different arXiv ids: arXiv:2412.08840, arXiv:2412.14019, arXiv:2508.17611, arXiv:2509.22683, arXiv:2510.01810 ...","code-body sha256=25c541cdf3d812a1 | first code lines: function isFiniteNumber(x: unknown): x is number { / return typeof x === ""number"" && Number.isFinite(x); / }",packages/data-ingestion/src/2411-08901v1-injury-risk.ts,"Window-sweep injury-prediction protocol with exponential decay-weighted load windows (index 0 = most recent session), a logistic risk head over engineered features, and acute:chronic workload ratio mo","ACCEPTANCE_GATE, ARXIV_ID, ENABLED, LANE, VERDICT, WindowResult, acuteChronicRatio, decayWeightedWindow",11,"arXiv:2412.08840, arXiv:2412.14019, arXiv:2508.17611, arXiv:2509.22683, arXiv:2510.01810, arXiv:2511.17610, arXiv:2602.11668, arXiv:2602.16830"
2411-17450v2-tracklet-association,arXiv:2411.17450,A Graph Neural Network deep-dive into successful counterattacks,true,TEMPLATE_STAMP,"code body byte-identical to 30 other module(s) filed under different arXiv ids: arXiv:2411.08216, arXiv:2412.15673, arXiv:2412.16454, arXiv:2501.10299, arXiv:2502.02785 ...","code-body sha256=213885ee78794c8d | first code lines: function isFiniteNumber(x: unknown): x is number { / return typeof x === ""number"" && Number.isFinite(x); / }",packages/data-ingestion/src/2411-17450v2-tracklet-association.ts,,"ACCEPTANCE_GATE, ARXIV_ID, Assignment, ENABLED, LANE, TrackPoint, VERDICT, cosineDistance",30,"arXiv:2411.08216, arXiv:2412.15673, arXiv:2412.16454, arXiv:2501.10299, arXiv:2502.02785, arXiv:2502.21242, arXiv:2503.19355, arXiv:2504.08175"
2412-06794v1-news-scoring,arXiv:2412.06794,Understanding the Impact of News Articles on the Movement of Market Index: A Case on Nifty 50,true,TEMPLATE_STAMP,"code body byte-identical to 8 other module(s) filed under different arXiv ids: arXiv:2411.06391, arXiv:2503.21067, arXiv:2504.17365, arXiv:2510.18173, arXiv:2601.00216 ...","code-body sha256=31fcc9a656974d9f | first code lines: function isFiniteNumber(x: unknown): x is number { / return typeof x === ""number"" && Number.isFinite(x); / }",packages/data-ingestion/src/2412-06794v1-news-scoring.ts,"Denoised-news 5-dimension scoring rubric (relevance, sentiment, novelty, credibility, impact) with exponential half-life aggregation over article age, lag-dependent decay weights, and directed steam-p","ACCEPTANCE_GATE, ARXIV_ID, ENABLED, LANE, NewsDimensions, VERDICT, aggregateNewsScores, lagDecayWeight",8,"arXiv:2411.06391, arXiv:2503.21067, arXiv:2504.17365, arXiv:2510.18173, arXiv:2601.00216, arXiv:2606.27274, arXiv:2607.18461, arXiv:2608.03416"
2412-08840-injury-risk,arXiv:2412.08840,The Causal Effect of the Two-For-One Strategy in the National Basketball Association,true,TEMPLATE_STAMP,"code body byte-identical to 11 other module(s) filed under different arXiv ids: arXiv:2411.08901, arXiv:2412.14019, arXiv:2508.17611, arXiv:2509.22683, arXiv:2510.01810 ...","code-body sha256=25c541cdf3d812a1 | first code lines: function isFiniteNumber(x: unknown): x is number { / return typeof x === ""number"" && Number.isFinite(x); / }",packages/data-ingestion/src/2412-08840-injury-risk.ts,"Window-sweep injury-prediction protocol with exponential decay-weighted load windows (index 0 = most recent session), a logistic risk head over engineered features, and acute:chronic workload ratio mo","ACCEPTANCE_GATE, ARXIV_ID, ENABLED, LANE, VERDICT, WindowResult, acuteChronicRatio, decayWeightedWindow",11,"arXiv:2411.08901, arXiv:2412.14019, arXiv:2508.17611, arXiv:2509.22683, arXiv:2510.01810, arXiv:2511.17610, arXiv:2602.11668, arXiv:2602.16830"
2412-10298v1-viewership,arXiv:2412.10298,Buzz to Broadcast: Predicting Sports Viewership Using Social Media Engagement,true,UNRESOLVED,"unique code body; paper attribution NOT verified. Screen abandoned, so no claim either way.",code-body sha256=4a543b043eee70a1 | first code lines: export interface ViewershipObservation { / readonly sport: string; / readonly team: string;,packages/data-ingestion/src/2412-10298v1-viewership.ts,,"ACCEPTANCE_GATE, ARXIV_ID, ENABLED, LANE, VERDICT, ViewershipEvaluation, ViewershipModelParameters, ViewershipObservation",0,
2412-14019v4-injury-risk,arXiv:2412.14019,Retrieving Classes of Causal Orders with Inconsistent Knowledge Bases (MATS),true,TEMPLATE_STAMP,"code body byte-identical to 11 other module(s) filed under different arXiv ids: arXiv:2411.08901, arXiv:2412.08840, arXiv:2508.17611, arXiv:2509.22683, arXiv:2510.01810 ...","code-body sha256=25c541cdf3d812a1 | first code lines: function isFiniteNumber(x: unknown): x is number { / return typeof x === ""number"" && Number.isFinite(x); / }",packages/data-ingestion/src/2412-14019v4-injury-risk.ts,"Window-sweep injury-prediction protocol with exponential decay-weighted load windows (index 0 = most recent session), a logistic risk head over engineered features, and acute:chronic workload ratio mo","ACCEPTANCE_GATE, ARXIV_ID, ENABLED, LANE, VERDICT, WindowResult, acuteChronicRatio, decayWeightedWindow",11,"arXiv:2411.08901, arXiv:2412.08840, arXiv:2508.17611, arXiv:2509.22683, arXiv:2510.01810, arXiv:2511.17610, arXiv:2602.11668, arXiv:2602.16830"
2412-14730v1-synthetic-data,arXiv:2412.14730,Generative AI for Banks: Benchmarks and Algorithms for Synthetic Financial Transaction Data,true,REAL_IMPLEMENTATION,"Hand-read: body exports mulberry32/gaussianSample/kAnonymityHolds/synthTabularRow, matching the seeded synthetic-tabular method the header names.","code-body sha256=3ac929a32975c6c4 | first code lines: function isFiniteNumber(x: unknown): x is number { / return typeof x === ""number"" && Number.isFinite(x); / }",packages/data-ingestion/src/2412-14730v1-synthetic-data.ts,"Seeded synthetic tabular data: mulberry32 PRNG, Box-Muller Gaussian sampling, per-column normal specs, and a k-anonymity check over quasi-identifiers for privacy triage. * *","ACCEPTANCE_GATE, ARXIV_ID, ENABLED, LANE, NormalSpec, VERDICT, gaussianSample, kAnonymityHolds",1,arXiv:2504.04798
2412-15673v1-tracklet-association,arXiv:2412.15673,Learning Group Interactions and Semantic Intentions for Multi-Object Trajectory Prediction,true,TEMPLATE_STAMP,"code body byte-identical to 30 other module(s) filed under different arXiv ids: arXiv:2411.08216, arXiv:2411.17450, arXiv:2412.16454, arXiv:2501.10299, arXiv:2502.02785 ...","code-body sha256=213885ee78794c8d | first code lines: function isFiniteNumber(x: unknown): x is number { / return typeof x === ""number"" && Number.isFinite(x); / }",packages/data-ingestion/src/2412-15673v1-tracklet-association.ts,,"ACCEPTANCE_GATE, ARXIV_ID, Assignment, ENABLED, LANE, TrackPoint, VERDICT, cosineDistance",30,"arXiv:2411.08216, arXiv:2411.17450, arXiv:2412.16454, arXiv:2501.10299, arXiv:2502.02785, arXiv:2502.21242, arXiv:2503.19355, arXiv:2504.08175"
2412-15832-weather-feature,arXiv:2412.15832,AIFS-CRPS: Ensemble Forecasting Using a Model Trained with a Loss Function Based on CRPS,true,TEMPLATE_STAMP,"code body byte-identical to 4 other module(s) filed under different arXiv ids: arXiv:2506.15578, arXiv:2507.18937, arXiv:2604.19340, arXiv:2609.07512","code-body sha256=cf5db22ef543f06f | first code lines: function isFiniteNumber(x: unknown): x is number { / return typeof x === ""number"" && Number.isFinite(x); / }",packages/data-ingestion/src/2412-15832-weather-feature.ts,"Game-time weather features: ideal-gas air density from temperature and station pressure, linear wind total-points drag (zeroed for domes), and precipitation classification for totals/spread adjustment","ACCEPTANCE_GATE, ARXIV_ID, ENABLED, GameWeatherFeature, LANE, VERDICT, airDensity, gameWeatherFeature",4,"arXiv:2506.15578, arXiv:2507.18937, arXiv:2604.19340, arXiv:2609.07512"
2412-16454v1-tracklet-association,arXiv:2412.16454,FACTS: Fine-Grained Action Classification for Tactical Sports,true,TEMPLATE_STAMP,"code body byte-identical to 30 other module(s) filed under different arXiv ids: arXiv:2411.08216, arXiv:2411.17450, arXiv:2412.15673, arXiv:2501.10299, arXiv:2502.02785 ...","code-body sha256=213885ee78794c8d | first code lines: function isFiniteNumber(x: unknown): x is number { / return typeof x === ""number"" && Number.isFinite(x); / }",packages/data-ingestion/src/2412-16454v1-tracklet-association.ts,,"ACCEPTANCE_GATE, ARXIV_ID, Assignment, ENABLED, LANE, TrackPoint, VERDICT, cosineDistance",30,"arXiv:2411.08216, arXiv:2411.17450, arXiv:2412.15673, arXiv:2501.10299, arXiv:2502.02785, arXiv:2502.21242, arXiv:2503.19355, arXiv:2504.08175"
2501-05873v1-market-feed,arXiv:2501.05873,Forecasting Soccer Matches through Distributions,true,TEMPLATE_STAMP,"code body byte-identical to 6 other module(s) filed under different arXiv ids: arXiv:2508.15956, arXiv:2509.14645, arXiv:2510.16008, arXiv:2607.14430, arXiv:2608.12291 ...","code-body sha256=f2daaea4a1277785 | first code lines: function isFiniteNumber(x: unknown): x is number { / return typeof x === ""number"" && Number.isFinite(x); / }",packages/data-ingestion/src/2501-05873v1-market-feed.ts,"Market microstructure primitives: American-to-implied probability conversion, overround devigging by normalization, closing-line value, median consensus lines, and steam-move magnitude. * *","ACCEPTANCE_GATE, ARXIV_ID, ENABLED, LANE, VERDICT, americanToImplied, clvPct, consensusLine",6,"arXiv:2508.15956, arXiv:2509.14645, arXiv:2510.16008, arXiv:2607.14430, arXiv:2608.12291, arXiv:2609.06739"
2501-07999v2-feature-construction,arXiv:2501.07999,Unsupervised Feature Construction for Anomaly Detection in Time Series — An Evaluation,true,TEMPLATE_STAMP,code body byte-identical to 1 other module(s) filed under different arXiv ids: arXiv:2508.14667,"code-body sha256=ab9d75a01fc1a82c | first code lines: function isFiniteNumber(x: unknown): x is number { / return typeof x === ""number"" && Number.isFinite(x); / }",packages/data-ingestion/src/2501-07999v2-feature-construction.ts,"Automated feature construction: lag matrices over trailing windows, rolling mean/sd statistics, and pairwise interaction terms over numeric series. * *","ACCEPTANCE_GATE, ARXIV_ID, ENABLED, LANE, RollingStat, VERDICT, interactionTerms, lagFeatures",1,arXiv:2508.14667
2501-08710v2-calibration,arXiv:2501.08710,Disentangled Interleaving Variational Encoding,true,TEMPLATE_STAMP,"code body byte-identical to 7 other module(s) filed under different arXiv ids: arXiv:2512.00342, arXiv:2603.02574, arXiv:2605.16066, arXiv:2607.06495, arXiv:2607.11432 ...","code-body sha256=801f101b4ba2a570 | first code lines: function isFiniteNumber(x: unknown): x is number { / return typeof x === ""number"" && Number.isFinite(x); / }",packages/data-ingestion/src/2501-08710v2-calibration.ts,"Calibration diagnostics: Brier score, clamped log-loss, binned reliability diagrams with expected calibration error, and pool-adjacent-violators isotonic recalibration. * *","ACCEPTANCE_GATE, ARXIV_ID, ENABLED, LANE, ReliabilityBin, VERDICT, brierScore, ece",7,"arXiv:2512.00342, arXiv:2603.02574, arXiv:2605.16066, arXiv:2607.06495, arXiv:2607.11432, arXiv:2609.01337, arXiv:2609.04754"
2501-10299v1-tracklet-association,arXiv:2501.10299,An optimal transport based embedding to quantify the distance between playing styles in collective sports,true,TEMPLATE_STAMP,"code body byte-identical to 30 other module(s) filed under different arXiv ids: arXiv:2411.08216, arXiv:2411.17450, arXiv:2412.15673, arXiv:2412.16454, arXiv:2502.02785 ...","code-body sha256=213885ee78794c8d | first code lines: function isFiniteNumber(x: unknown): x is number { / return typeof x === ""number"" && Number.isFinite(x); / }",packages/data-ingestion/src/2501-10299v1-tracklet-association.ts,,"ACCEPTANCE_GATE, ARXIV_ID, Assignment, ENABLED, LANE, TrackPoint, VERDICT, cosineDistance",30,"arXiv:2411.08216, arXiv:2411.17450, arXiv:2412.15673, arXiv:2412.16454, arXiv:2502.02785, arXiv:2502.21242, arXiv:2503.19355, arXiv:2504.08175"
2501-16565v1-team-rating,arXiv:2501.16565,Efficient inference of rankings from multi-body comparisons,true,TEMPLATE_STAMP,"code body byte-identical to 14 other module(s) filed under different arXiv ids: arXiv:2503.09737, arXiv:2504.09759, arXiv:2507.08108, arXiv:2507.18404, arXiv:2510.14723 ...","code-body sha256=b8ff60d81675071d | first code lines: function isFiniteNumber(x: unknown): x is number { / return typeof x === ""number"" && Number.isFinite(x); / }",packages/data-ingestion/src/2501-16565v1-team-rating.ts,"Pairwise-comparison rating machinery: Elo expected scores with zero-sum updates, log-scaled margin-of-victory K adjustment, and one minorization-maximization Bradley-Terry iteration from a wins matrix","ACCEPTANCE_GATE, ARXIV_ID, ENABLED, LANE, VERDICT, bradleyTerryIteration, eloExpectedScore, eloUpdate",14,"arXiv:2503.09737, arXiv:2504.09759, arXiv:2507.08108, arXiv:2507.18404, arXiv:2510.14723, arXiv:2512.04407, arXiv:2603.24015, arXiv:2604.09143"
2502-01613v2-score-model,arXiv:2502.01613,Statistical Enhanced Learning for Modeling and Prediction of Tennis Matches at Grand Slam Tournaments,true,TEMPLATE_STAMP,"code body byte-identical to 10 other module(s) filed under different arXiv ids: arXiv:2503.02137, arXiv:2506.02351, arXiv:2508.04008, arXiv:2509.01243, arXiv:2511.17733 ...","code-body sha256=1cc11dba1cec3e0b | first code lines: function isFiniteNumber(x: unknown): x is number { / return typeof x === ""number"" && Number.isFinite(x); / }",packages/data-ingestion/src/2502-01613v2-score-model.ts,"Score-distribution modeling: Poisson PMF for goal counts, Abramowitz-Stegun normal CDF for spread/total win probabilities, and Dixon-Coles low-score correlation adjustments. * *","ACCEPTANCE_GATE, ARXIV_ID, ENABLED, LANE, VERDICT, dixonColesAdjustment, normalCdf, poissonPmf",10,"arXiv:2503.02137, arXiv:2506.02351, arXiv:2508.04008, arXiv:2509.01243, arXiv:2511.17733, arXiv:2512.08591, arXiv:2601.11492, arXiv:2602.19513"
2502-02785v2-tracklet-association,arXiv:2502.02785,OpenSTARLab: Open Approach for Spatio-Temporal Agent Data Analysis in Soccer,true,TEMPLATE_STAMP,"code body byte-identical to 30 other module(s) filed under different arXiv ids: arXiv:2411.08216, arXiv:2411.17450, arXiv:2412.15673, arXiv:2412.16454, arXiv:2501.10299 ...","code-body sha256=213885ee78794c8d | first code lines: function isFiniteNumber(x: unknown): x is number { / return typeof x === ""number"" && Number.isFinite(x); / }",packages/data-ingestion/src/2502-02785v2-tracklet-association.ts,,"ACCEPTANCE_GATE, ARXIV_ID, Assignment, ENABLED, LANE, TrackPoint, VERDICT, cosineDistance",30,"arXiv:2411.08216, arXiv:2411.17450, arXiv:2412.15673, arXiv:2412.16454, arXiv:2501.10299, arXiv:2502.21242, arXiv:2503.19355, arXiv:2504.08175"
2502-21242v1-tracklet-association,arXiv:2502.21242,Towards long-term player tracking with graph hierarchies and domain-specific features,true,TEMPLATE_STAMP,"code body byte-identical to 30 other module(s) filed under different arXiv ids: arXiv:2411.08216, arXiv:2411.17450, arXiv:2412.15673, arXiv:2412.16454, arXiv:2501.10299 ...","code-body sha256=213885ee78794c8d | first code lines: function isFiniteNumber(x: unknown): x is number { / return typeof x === ""number"" && Number.isFinite(x); / }",packages/data-ingestion/src/2502-21242v1-tracklet-association.ts,,"ACCEPTANCE_GATE, ARXIV_ID, Assignment, ENABLED, LANE, TrackPoint, VERDICT, cosineDistance",30,"arXiv:2411.08216, arXiv:2411.17450, arXiv:2412.15673, arXiv:2412.16454, arXiv:2501.10299, arXiv:2502.02785, arXiv:2503.19355, arXiv:2504.08175"
2503-02137v1-score-model,arXiv:2503.02137,What Influences the Field Goal Attempts of Professional Players in Basketball? A Spatially Varying Joint Model,true,TEMPLATE_STAMP,"code body byte-identical to 10 other module(s) filed under different arXiv ids: arXiv:2502.01613, arXiv:2506.02351, arXiv:2508.04008, arXiv:2509.01243, arXiv:2511.17733 ...","code-body sha256=1cc11dba1cec3e0b | first code lines: function isFiniteNumber(x: unknown): x is number { / return typeof x === ""number"" && Number.isFinite(x); / }",packages/data-ingestion/src/2503-02137v1-score-model.ts,"Score-distribution modeling: Poisson PMF for goal counts, Abramowitz-Stegun normal CDF for spread/total win probabilities, and Dixon-Coles low-score correlation adjustments. * *","ACCEPTANCE_GATE, ARXIV_ID, ENABLED, LANE, VERDICT, dixonColesAdjustment, normalCdf, poissonPmf",10,"arXiv:2502.01613, arXiv:2506.02351, arXiv:2508.04008, arXiv:2509.01243, arXiv:2511.17733, arXiv:2512.08591, arXiv:2601.11492, arXiv:2602.19513"
2503-04470-pose-estimation,arXiv:2503.04470,Gate-Shift-Pose: Enhancing Action Recognition in Sports with Skeleton Information,true,TEMPLATE_STAMP,"code body byte-identical to 2 other module(s) filed under different arXiv ids: arXiv:2411.06725, arXiv:2503.07499","code-body sha256=45a68d193263415a | first code lines: function isFiniteNumber(x: unknown): x is number { / return typeof x === ""number"" && Number.isFinite(x); / }",packages/data-ingestion/src/2503-04470-pose-estimation.ts,"Pose-estimation quality metrics: mean per-joint position error (MPJPE), bone-length constraint violations against anthropometric priors, and exponential temporal smoothing of joint tracks. * *","ACCEPTANCE_GATE, ARXIV_ID, BoneLengthCheck, ENABLED, LANE, VERDICT, boneLengthError, mpjpe",2,"arXiv:2411.06725, arXiv:2503.07499"
2503-07499-pose-estimation,arXiv:2503.07499,AthletePose3D: A Benchmark Dataset for 3D Human Pose Estimation and Kinematic Validation in Athletic Movements,true,TEMPLATE_STAMP,"code body byte-identical to 2 other module(s) filed under different arXiv ids: arXiv:2411.06725, arXiv:2503.04470","code-body sha256=45a68d193263415a | first code lines: function isFiniteNumber(x: unknown): x is number { / return typeof x === ""number"" && Number.isFinite(x); / }",packages/data-ingestion/src/2503-07499-pose-estimation.ts,"Pose-estimation quality metrics: mean per-joint position error (MPJPE), bone-length constraint violations against anthropometric priors, and exponential temporal smoothing of joint tracks. * *","ACCEPTANCE_GATE, ARXIV_ID, BoneLengthCheck, ENABLED, LANE, VERDICT, boneLengthError, mpjpe",2,"arXiv:2411.06725, arXiv:2503.04470"
2503-08945-modality-fusion,arXiv:2503.08945,PassAI: explainable artificial intelligence algorithm for soccer pass analysis using multimodal information resources,true,UNRESOLVED,"unique code body; paper attribution NOT verified. Screen abandoned, so no claim either way.","code-body sha256=a6683d627e78acea | first code lines: function isFiniteNumber(x: unknown): x is number { / return typeof x === ""number"" && Number.isFinite(x); / }",packages/data-ingestion/src/2503-08945-modality-fusion.ts,"Late-fusion primitives: confidence-weighted probability fusion across modalities, majority voting over discrete labels, and per-modality confidence gating. * *","ACCEPTANCE_GATE, ARXIV_ID, ENABLED, LANE, VERDICT, majorityVote, modalityGate, weightedFusion",0,
2503-09737v1-team-rating,arXiv:2503.09737,Unveiling Hidden Pivotal Players with GoalNet: A GNN-Based Soccer Player Evaluation System,true,TEMPLATE_STAMP,"code body byte-identical to 14 other module(s) filed under different arXiv ids: arXiv:2501.16565, arXiv:2504.09759, arXiv:2507.08108, arXiv:2507.18404, arXiv:2510.14723 ...","code-body sha256=b8ff60d81675071d | first code lines: function isFiniteNumber(x: unknown): x is number { / return typeof x === ""number"" && Number.isFinite(x); / }",packages/data-ingestion/src/2503-09737v1-team-rating.ts,"Pairwise-comparison rating machinery: Elo expected scores with zero-sum updates, log-scaled margin-of-victory K adjustment, and one minorization-maximization Bradley-Terry iteration from a wins matrix","ACCEPTANCE_GATE, ARXIV_ID, ENABLED, LANE, VERDICT, bradleyTerryIteration, eloExpectedScore, eloUpdate",14,"arXiv:2501.16565, arXiv:2504.09759, arXiv:2507.08108, arXiv:2507.18404, arXiv:2510.14723, arXiv:2512.04407, arXiv:2603.24015, arXiv:2604.09143"
2503-19355v2-tracklet-association,arXiv:2503.19355,ST-VLM: Kinematic Instruction Tuning for Spatio-Temporal Reasoning in Vision-Language Models,true,TEMPLATE_STAMP,"code body byte-identical to 30 other module(s) filed under different arXiv ids: arXiv:2411.08216, arXiv:2411.17450, arXiv:2412.15673, arXiv:2412.16454, arXiv:2501.10299 ...","code-body sha256=213885ee78794c8d | first code lines: function isFiniteNumber(x: unknown): x is number { / return typeof x === ""number"" && Number.isFinite(x); / }",packages/data-ingestion/src/2503-19355v2-tracklet-association.ts,,"ACCEPTANCE_GATE, ARXIV_ID, Assignment, ENABLED, LANE, TrackPoint, VERDICT, cosineDistance",30,"arXiv:2411.08216, arXiv:2411.17450, arXiv:2412.15673, arXiv:2412.16454, arXiv:2501.10299, arXiv:2502.02785, arXiv:2502.21242, arXiv:2504.08175"
2503-21067-news-scoring,arXiv:2503.21067,1716 AskSport: Web application for sports question-answering,true,TEMPLATE_STAMP,"code body byte-identical to 8 other module(s) filed under different arXiv ids: arXiv:2411.06391, arXiv:2412.06794, arXiv:2504.17365, arXiv:2510.18173, arXiv:2601.00216 ...","code-body sha256=31fcc9a656974d9f | first code lines: function isFiniteNumber(x: unknown): x is number { / return typeof x === ""number"" && Number.isFinite(x); / }",packages/data-ingestion/src/2503-21067-news-scoring.ts,"Denoised-news 5-dimension scoring rubric (relevance, sentiment, novelty, credibility, impact) with exponential half-life aggregation over article age, lag-dependent decay weights, and directed steam-p","ACCEPTANCE_GATE, ARXIV_ID, ENABLED, LANE, NewsDimensions, VERDICT, aggregateNewsScores, lagDecayWeight",8,"arXiv:2411.06391, arXiv:2412.06794, arXiv:2504.17365, arXiv:2510.18173, arXiv:2601.00216, arXiv:2606.27274, arXiv:2607.18461, arXiv:2608.03416"
2504-00767v1-experiment-stats,arXiv:2504.00767,Automated Explanation of Machine Learning Models of Footballing Actions in Words,true,TEMPLATE_STAMP,"code body byte-identical to 5 other module(s) filed under different arXiv ids: arXiv:2509.12592, arXiv:2512.00203, arXiv:2601.14727, arXiv:2602.16137, arXiv:2603.11016","code-body sha256=97da8a0a6ed14a39 | first code lines: function isFiniteNumber(x: unknown): x is number { / return typeof x === ""number"" && Number.isFinite(x); / }",packages/data-ingestion/src/2504-00767v1-experiment-stats.ts,"Experiment statistics for offline evaluation: ablation gaps (with-module minus without-module), Cohen's d effect sizes, normal-approximation sign-test p-values, and mean confidence intervals for backt","ACCEPTANCE_GATE, ARXIV_ID, ENABLED, LANE, VERDICT, ablationGap, cohensD, meanCi",5,"arXiv:2509.12592, arXiv:2512.00203, arXiv:2601.14727, arXiv:2602.16137, arXiv:2603.11016"
2504-04186v1-data-infra,arXiv:2504.04186,AutoComp: Automated Data Compaction for Log-Structured Tables in Data Lakes,true,UNRESOLVED,"unique code body; paper attribution NOT verified. Screen abandoned, so no claim either way.",code-body sha256=1bd43c2e7dc9b120 | first code lines: export interface CompactionCandidate { / readonly id: string; / readonly fragmentationReduction: number;,packages/data-ingestion/src/2504-04186v1-data-infra.ts,,"ACCEPTANCE_GATE, ARXIV_ID, CompactionCandidate, CompactionGateInput, CompactionGateResult, CompactionPlan, ENABLED, LANE",0,
2504-04798v1-synthetic-data,arXiv:2504.04798,TabRep: Roots-of-Unity Categorical Encoding for Unified Tabular Diffusion,true,TEMPLATE_STAMP,code body byte-identical to 1 other module(s) filed under different arXiv ids: arXiv:2412.14730,"code-body sha256=3ac929a32975c6c4 | first code lines: function isFiniteNumber(x: unknown): x is number { / return typeof x === ""number"" && Number.isFinite(x); / }",packages/data-ingestion/src/2504-04798v1-synthetic-data.ts,"Seeded synthetic tabular data: mulberry32 PRNG, Box-Muller Gaussian sampling, per-column normal specs, and a k-anonymity check over quasi-identifiers for privacy triage. * *","ACCEPTANCE_GATE, ARXIV_ID, ENABLED, LANE, NormalSpec, VERDICT, gaussianSample, kAnonymityHolds",1,arXiv:2412.14730
2504-08175v3-tracklet-association,arXiv:2504.08175,Multi-person Physics-based Pose Estimation for Combat Sports,true,TEMPLATE_STAMP,"code body byte-identical to 30 other module(s) filed under different arXiv ids: arXiv:2411.08216, arXiv:2411.17450, arXiv:2412.15673, arXiv:2412.16454, arXiv:2501.10299 ...","code-body sha256=213885ee78794c8d | first code lines: function isFiniteNumber(x: unknown): x is number { / return typeof x === ""number"" && Number.isFinite(x); / }",packages/data-ingestion/src/2504-08175v3-tracklet-association.ts,,"ACCEPTANCE_GATE, ARXIV_ID, Assignment, ENABLED, LANE, TrackPoint, VERDICT, cosineDistance",30,"arXiv:2411.08216, arXiv:2411.17450, arXiv:2412.15673, arXiv:2412.16454, arXiv:2501.10299, arXiv:2502.02785, arXiv:2502.21242, arXiv:2503.19355"
2504-08222v2-tracklet-association,arXiv:2504.08222,"F³Set: Towards Analyzing Fast, Frequent, and Fine-grained Events from Videos",true,TEMPLATE_STAMP,"code body byte-identical to 30 other module(s) filed under different arXiv ids: arXiv:2411.08216, arXiv:2411.17450, arXiv:2412.15673, arXiv:2412.16454, arXiv:2501.10299 ...","code-body sha256=213885ee78794c8d | first code lines: function isFiniteNumber(x: unknown): x is number { / return typeof x === ""number"" && Number.isFinite(x); / }",packages/data-ingestion/src/2504-08222v2-tracklet-association.ts,,"ACCEPTANCE_GATE, ARXIV_ID, Assignment, ENABLED, LANE, TrackPoint, VERDICT, cosineDistance",30,"arXiv:2411.08216, arXiv:2411.17450, arXiv:2412.15673, arXiv:2412.16454, arXiv:2501.10299, arXiv:2502.02785, arXiv:2502.21242, arXiv:2503.19355"
2504-08764-nlp,arXiv:2504.08764,"1725 Evaluation of the phi-3-mini SLM for identification of texts related to medicine, health, and sports injuries",true,UNRESOLVED,"unique code body; paper attribution NOT verified. Screen abandoned, so no claim either way.",code-body sha256=a1fecaa8ef0067a7 | first code lines: export interface CalibrationPoint { / readonly rawScore: number; / readonly probability: number;,packages/data-ingestion/src/2504-08764-nlp.ts,,"ACCEPTANCE_GATE, ARXIV_ID, CalibrationPoint, ENABLED, LANE, TriageEvaluation, VERDICT, applyReporterSpecialtyPrior",0,
2504-09759v1-team-rating,arXiv:2504.09759,Enhancing Classifier Evaluation: A Fairer Benchmarking Strategy Based on Ability and Robustness,true,TEMPLATE_STAMP,"code body byte-identical to 14 other module(s) filed under different arXiv ids: arXiv:2501.16565, arXiv:2503.09737, arXiv:2507.08108, arXiv:2507.18404, arXiv:2510.14723 ...","code-body sha256=b8ff60d81675071d | first code lines: function isFiniteNumber(x: unknown): x is number { / return typeof x === ""number"" && Number.isFinite(x); / }",packages/data-ingestion/src/2504-09759v1-team-rating.ts,"Pairwise-comparison rating machinery: Elo expected scores with zero-sum updates, log-scaled margin-of-victory K adjustment, and one minorization-maximization Bradley-Terry iteration from a wins matrix","ACCEPTANCE_GATE, ARXIV_ID, ENABLED, LANE, VERDICT, bradleyTerryIteration, eloExpectedScore, eloUpdate",14,"arXiv:2501.16565, arXiv:2503.09737, arXiv:2507.08108, arXiv:2507.18404, arXiv:2510.14723, arXiv:2512.04407, arXiv:2603.24015, arXiv:2604.09143"
2504-09953v1-tracklet-association,arXiv:2504.09953,Efficient 2D to Full 3D Human Pose Uplifting including Joint Rotations,true,TEMPLATE_STAMP,"code body byte-identical to 30 other module(s) filed under different arXiv ids: arXiv:2411.08216, arXiv:2411.17450, arXiv:2412.15673, arXiv:2412.16454, arXiv:2501.10299 ...","code-body sha256=213885ee78794c8d | first code lines: function isFiniteNumber(x: unknown): x is number { / return typeof x === ""number"" && Number.isFinite(x); / }",packages/data-ingestion/src/2504-09953v1-tracklet-association.ts,,"ACCEPTANCE_GATE, ARXIV_ID, Assignment, ENABLED, LANE, TrackPoint, VERDICT, cosineDistance",30,"arXiv:2411.08216, arXiv:2411.17450, arXiv:2412.15673, arXiv:2412.16454, arXiv:2501.10299, arXiv:2502.02785, arXiv:2502.21242, arXiv:2503.19355"
2504-12100v1-tracklet-association,arXiv:2504.12100,Generalized Visual Relation Detection with Diffusion Models,true,TEMPLATE_STAMP,"code body byte-identical to 30 other module(s) filed under different arXiv ids: arXiv:2411.08216, arXiv:2411.17450, arXiv:2412.15673, arXiv:2412.16454, arXiv:2501.10299 ...","code-body sha256=213885ee78794c8d | first code lines: function isFiniteNumber(x: unknown): x is number { / return typeof x === ""number"" && Number.isFinite(x); / }",packages/data-ingestion/src/2504-12100v1-tracklet-association.ts,,"ACCEPTANCE_GATE, ARXIV_ID, Assignment, ENABLED, LANE, TrackPoint, VERDICT, cosineDistance",30,"arXiv:2411.08216, arXiv:2411.17450, arXiv:2412.15673, arXiv:2412.16454, arXiv:2501.10299, arXiv:2502.02785, arXiv:2502.21242, arXiv:2503.19355"
2504-17365-news-scoring,arXiv:2504.17365,TimeSoccer: An End-to-End Multimodal Large Language Model for Soccer Commentary Generation,true,TEMPLATE_STAMP,"code body byte-identical to 8 other module(s) filed under different arXiv ids: arXiv:2411.06391, arXiv:2412.06794, arXiv:2503.21067, arXiv:2510.18173, arXiv:2601.00216 ...","code-body sha256=31fcc9a656974d9f | first code lines: function isFiniteNumber(x: unknown): x is number { / return typeof x === ""number"" && Number.isFinite(x); / }",packages/data-ingestion/src/2504-17365-news-scoring.ts,"Denoised-news 5-dimension scoring rubric (relevance, sentiment, novelty, credibility, impact) with exponential half-life aggregation over article age, lag-dependent decay weights, and directed steam-p","ACCEPTANCE_GATE, ARXIV_ID, ENABLED, LANE, NewsDimensions, VERDICT, aggregateNewsScores, lagDecayWeight",8,"arXiv:2411.06391, arXiv:2412.06794, arXiv:2503.21067, arXiv:2510.18173, arXiv:2601.00216, arXiv:2606.27274, arXiv:2607.18461, arXiv:2608.03416"
2505-16630v1-tracklet-association,arXiv:2505.16630,SoccerChat: Integrating Multimodal Data for Enhanced Soccer Game Understanding,true,TEMPLATE_STAMP,"code body byte-identical to 30 other module(s) filed under different arXiv ids: arXiv:2411.08216, arXiv:2411.17450, arXiv:2412.15673, arXiv:2412.16454, arXiv:2501.10299 ...","code-body sha256=213885ee78794c8d | first code lines: function isFiniteNumber(x: unknown): x is number { / return typeof x === ""number"" && Number.isFinite(x); / }",packages/data-ingestion/src/2505-16630v1-tracklet-association.ts,,"ACCEPTANCE_GATE, ARXIV_ID, Assignment, ENABLED, LANE, TrackPoint, VERDICT, cosineDistance",30,"arXiv:2411.08216, arXiv:2411.17450, arXiv:2412.15673, arXiv:2412.16454, arXiv:2501.10299, arXiv:2502.02785, arXiv:2502.21242, arXiv:2503.19355"
2506-02351v1-score-model,arXiv:2506.02351,DIAMOND: An LLM-Driven Agent for Context-Aware Baseball Highlight Summarization,true,TEMPLATE_STAMP,"code body byte-identical to 10 other module(s) filed under different arXiv ids: arXiv:2502.01613, arXiv:2503.02137, arXiv:2508.04008, arXiv:2509.01243, arXiv:2511.17733 ...","code-body sha256=1cc11dba1cec3e0b | first code lines: function isFiniteNumber(x: unknown): x is number { / return typeof x === ""number"" && Number.isFinite(x); / }",packages/data-ingestion/src/2506-02351v1-score-model.ts,"Score-distribution modeling: Poisson PMF for goal counts, Abramowitz-Stegun normal CDF for spread/total win probabilities, and Dixon-Coles low-score correlation adjustments. * *","ACCEPTANCE_GATE, ARXIV_ID, ENABLED, LANE, VERDICT, dixonColesAdjustment, normalCdf, poissonPmf",10,"arXiv:2502.01613, arXiv:2503.02137, arXiv:2508.04008, arXiv:2509.01243, arXiv:2511.17733, arXiv:2512.08591, arXiv:2601.11492, arXiv:2602.19513"
2506-03335v1-tracklet-association,arXiv:2506.03335,SportMamba Multi-Object Tracking,true,TEMPLATE_STAMP,"code body byte-identical to 30 other module(s) filed under different arXiv ids: arXiv:2411.08216, arXiv:2411.17450, arXiv:2412.15673, arXiv:2412.16454, arXiv:2501.10299 ...","code-body sha256=213885ee78794c8d | first code lines: function isFiniteNumber(x: unknown): x is number { / return typeof x === ""number"" && Number.isFinite(x); / }",packages/data-ingestion/src/2506-03335v1-tracklet-association.ts,,"ACCEPTANCE_GATE, ARXIV_ID, Assignment, ENABLED, LANE, TrackPoint, VERDICT, cosineDistance",30,"arXiv:2411.08216, arXiv:2411.17450, arXiv:2412.15673, arXiv:2412.16454, arXiv:2501.10299, arXiv:2502.02785, arXiv:2502.21242, arXiv:2503.19355"
2506-07860v1-tracklet-association,arXiv:2506.07860,Egocentric Event-Based Vision for Ping Pong Ball Trajectory Prediction,true,TEMPLATE_STAMP,"code body byte-identical to 30 other module(s) filed under different arXiv ids: arXiv:2411.08216, arXiv:2411.17450, arXiv:2412.15673, arXiv:2412.16454, arXiv:2501.10299 ...","code-body sha256=213885ee78794c8d | first code lines: function isFiniteNumber(x: unknown): x is number { / return typeof x === ""number"" && Number.isFinite(x); / }",packages/data-ingestion/src/2506-07860v1-tracklet-association.ts,,"ACCEPTANCE_GATE, ARXIV_ID, Assignment, ENABLED, LANE, TrackPoint, VERDICT, cosineDistance",30,"arXiv:2411.08216, arXiv:2411.17450, arXiv:2412.15673, arXiv:2412.16454, arXiv:2501.10299, arXiv:2502.02785, arXiv:2502.21242, arXiv:2503.19355"
2506-15578-weather-feature,arXiv:2506.15578,Statistical post-processing of operational dual-resolution wind-speed ensemble forecasts,true,TEMPLATE_STAMP,"code body byte-identical to 4 other module(s) filed under different arXiv ids: arXiv:2412.15832, arXiv:2507.18937, arXiv:2604.19340, arXiv:2609.07512","code-body sha256=cf5db22ef543f06f | first code lines: function isFiniteNumber(x: unknown): x is number { / return typeof x === ""number"" && Number.isFinite(x); / }",packages/data-ingestion/src/2506-15578-weather-feature.ts,"Game-time weather features: ideal-gas air density from temperature and station pressure, linear wind total-points drag (zeroed for domes), and precipitation classification for totals/spread adjustment","ACCEPTANCE_GATE, ARXIV_ID, ENABLED, GameWeatherFeature, LANE, VERDICT, airDensity, gameWeatherFeature",4,"arXiv:2412.15832, arXiv:2507.18937, arXiv:2604.19340, arXiv:2609.07512"
2506-22450v1-ingest-utils,arXiv:2506.22450,Arnoldi Singular Vector perturbations for machine learning weather prediction,true,TEMPLATE_STAMP,code body byte-identical to 1 other module(s) filed under different arXiv ids: arXiv:2604.04947,"code-body sha256=72a276ac6640b380 | first code lines: export type CoercedValue = number | string | boolean | null; / export function coerceRecord( / record: Record<string, unknown>,",packages/data-ingestion/src/2506-22450v1-ingest-utils.ts,"General ingest utilities: string-to-number coercion with fail-closed nulls, per-field coverage statistics over row batches, and z-score outlier flags for feed anomaly triage. * *","ACCEPTANCE_GATE, ARXIV_ID, ENABLED, LANE, VERDICT, coerceRecord, fieldCoverage, zScoreOutlierFlags",1,arXiv:2604.04947
2507-02904v1-tracklet-association,arXiv:2507.02904,Enhancing Sports Strategy with Video Analytics and Data Mining: Assessing the effectiveness of Multimodal LLMs in tennis video analysis,true,TEMPLATE_STAMP,"code body byte-identical to 30 other module(s) filed under different arXiv ids: arXiv:2411.08216, arXiv:2411.17450, arXiv:2412.15673, arXiv:2412.16454, arXiv:2501.10299 ...","code-body sha256=213885ee78794c8d | first code lines: function isFiniteNumber(x: unknown): x is number { / return typeof x === ""number"" && Number.isFinite(x); / }",packages/data-ingestion/src/2507-02904v1-tracklet-association.ts,,"ACCEPTANCE_GATE, ARXIV_ID, Assignment, ENABLED, LANE, TrackPoint, VERDICT, cosineDistance",30,"arXiv:2411.08216, arXiv:2411.17450, arXiv:2412.15673, arXiv:2412.16454, arXiv:2501.10299, arXiv:2502.02785, arXiv:2502.21242, arXiv:2503.19355"
2507-04929v1-active-learning,arXiv:2507.04929,ConBatch-BAL: Batch Bayesian Active Learning under Budget Constraints,true,UNRESOLVED,"unique code body; paper attribution NOT verified. Screen abandoned, so no claim either way.","code-body sha256=7418a643d0cef797 | first code lines: function isFiniteNumber(x: unknown): x is number { / return typeof x === ""number"" && Number.isFinite(x); / }",packages/data-ingestion/src/2507-04929v1-active-learning.ts,"Acquisition functions for labeling prioritization: predictive entropy over class probabilities, top-2 margin scores, and top-K index selection. * *","ACCEPTANCE_GATE, ARXIV_ID, ENABLED, LANE, VERDICT, entropyScores, marginScores, topKIndices",0,
2507-06122-bayesian-update,arXiv:2507.06122,A Bayesian circular mixed-effects model for explaining variability in directional movement in American football,true,TEMPLATE_STAMP,code body byte-identical to 1 other module(s) filed under different arXiv ids: arXiv:2606.26497,"code-body sha256=b26955d680d78e6c | first code lines: function isFiniteNumber(x: unknown): x is number { / return typeof x === ""number"" && Number.isFinite(x); / }",packages/data-ingestion/src/2507-06122-bayesian-update.ts,"Conjugate Bayesian updates: Beta-Binomial for rates (successes/trials) and Normal-Normal for means (prior + n observations), plus 95% credible intervals. * *","ACCEPTANCE_GATE, ARXIV_ID, BetaPosterior, ENABLED, LANE, NormalPosterior, VERDICT, betaBinomialUpdate",1,arXiv:2606.26497
2507-08108v1-team-rating,arXiv:2507.08108,Mallows Model with Learned Distance Metrics: Sampling and Maximum Likelihood Estimation,true,TEMPLATE_STAMP,"code body byte-identical to 14 other module(s) filed under different arXiv ids: arXiv:2501.16565, arXiv:2503.09737, arXiv:2504.09759, arXiv:2507.18404, arXiv:2510.14723 ...","code-body sha256=b8ff60d81675071d | first code lines: function isFiniteNumber(x: unknown): x is number { / return typeof x === ""number"" && Number.isFinite(x); / }",packages/data-ingestion/src/2507-08108v1-team-rating.ts,"Pairwise-comparison rating machinery: Elo expected scores with zero-sum updates, log-scaled margin-of-victory K adjustment, and one minorization-maximization Bradley-Terry iteration from a wins matrix","ACCEPTANCE_GATE, ARXIV_ID, ENABLED, LANE, VERDICT, bradleyTerryIteration, eloExpectedScore, eloUpdate",14,"arXiv:2501.16565, arXiv:2503.09737, arXiv:2504.09759, arXiv:2507.18404, arXiv:2510.14723, arXiv:2512.04407, arXiv:2603.24015, arXiv:2604.09143"
2507-17844v1-tracking,arXiv:2507.17844,SV3.3B: A Sports Video Understanding Model for Action Recognition,true,UNRESOLVED,"unique code body; paper attribution NOT verified. Screen abandoned, so no claim either way.",code-body sha256=ef488dc305036337 | first code lines: export interface KeyframeObservation { / readonly id: string; / readonly timestampMs: number;,packages/data-ingestion/src/2507-17844v1-tracking.ts,,"ACCEPTANCE_GATE, ARXIV_ID, ENABLED, KeyframeObservation, KeyframeSelection, LANE, VERDICT, dwtDetailEnergy",0,
2507-18404v2-team-rating,arXiv:2507.18404,Convergence Rate of Efficient MCMC with Ancillarity-Sufficiency Interweaving Strategy for Panel Data Models,true,TEMPLATE_STAMP,"code body byte-identical to 14 other module(s) filed under different arXiv ids: arXiv:2501.16565, arXiv:2503.09737, arXiv:2504.09759, arXiv:2507.08108, arXiv:2510.14723 ...","code-body sha256=b8ff60d81675071d | first code lines: function isFiniteNumber(x: unknown): x is number { / return typeof x === ""number"" && Number.isFinite(x); / }",packages/data-ingestion/src/2507-18404v2-team-rating.ts,"Pairwise-comparison rating machinery: Elo expected scores with zero-sum updates, log-scaled margin-of-victory K adjustment, and one minorization-maximization Bradley-Terry iteration from a wins matrix","ACCEPTANCE_GATE, ARXIV_ID, ENABLED, LANE, VERDICT, bradleyTerryIteration, eloExpectedScore, eloUpdate",14,"arXiv:2501.16565, arXiv:2503.09737, arXiv:2504.09759, arXiv:2507.08108, arXiv:2510.14723, arXiv:2512.04407, arXiv:2603.24015, arXiv:2604.09143"
2507-18937-weather-feature,arXiv:2507.18937,CNN-based Surface Temperature Forecasts with Ensemble Numerical Weather Prediction,true,TEMPLATE_STAMP,"code body byte-identical to 4 other module(s) filed under different arXiv ids: arXiv:2412.15832, arXiv:2506.15578, arXiv:2604.19340, arXiv:2609.07512","code-body sha256=cf5db22ef543f06f | first code lines: function isFiniteNumber(x: unknown): x is number { / return typeof x === ""number"" && Number.isFinite(x); / }",packages/data-ingestion/src/2507-18937-weather-feature.ts,"Game-time weather features: ideal-gas air density from temperature and station pressure, linear wind total-points drag (zeroed for domes), and precipitation classification for totals/spread adjustment","ACCEPTANCE_GATE, ARXIV_ID, ENABLED, GameWeatherFeature, LANE, VERDICT, airDensity, gameWeatherFeature",4,"arXiv:2412.15832, arXiv:2506.15578, arXiv:2604.19340, arXiv:2609.07512"
2508-04008v1-score-model,arXiv:2508.04008,Leveraging Minute-by-Minute Soccer Match Event Data to Adjust Team's Offensive Production for Game Context,true,TEMPLATE_STAMP,"code body byte-identical to 10 other module(s) filed under different arXiv ids: arXiv:2502.01613, arXiv:2503.02137, arXiv:2506.02351, arXiv:2509.01243, arXiv:2511.17733 ...","code-body sha256=1cc11dba1cec3e0b | first code lines: function isFiniteNumber(x: unknown): x is number { / return typeof x === ""number"" && Number.isFinite(x); / }",packages/data-ingestion/src/2508-04008v1-score-model.ts,"Score-distribution modeling: Poisson PMF for goal counts, Abramowitz-Stegun normal CDF for spread/total win probabilities, and Dixon-Coles low-score correlation adjustments. * *","ACCEPTANCE_GATE, ARXIV_ID, ENABLED, LANE, VERDICT, dixonColesAdjustment, normalCdf, poissonPmf",10,"arXiv:2502.01613, arXiv:2503.02137, arXiv:2506.02351, arXiv:2509.01243, arXiv:2511.17733, arXiv:2512.08591, arXiv:2601.11492, arXiv:2602.19513"
2508-06312v2-alpha-mining,arXiv:2508.06312,Chain-of-Alpha: Unleashing the Power of Large Language Models for Alpha Mining in Quantitative Trading,true,TEMPLATE_STAMP,"code body byte-identical to 3 other module(s) filed under different arXiv ids: arXiv:2508.13174, arXiv:2602.14670, arXiv:2608.23808","code-body sha256=706c285ac550be8a | first code lines: function isFiniteNumber(x: unknown): x is number { / return typeof x === ""number"" && Number.isFinite(x); / }",packages/data-ingestion/src/2508-06312v2-alpha-mining.ts,"Alpha-mining screens: Pearson information coefficient between predictions and realizations, cross-sectional demeaning, walk-forward train/test splits, and correlation-threshold feature screening. * *","ACCEPTANCE_GATE, ARXIV_ID, ENABLED, LANE, VERDICT, WalkForwardSplit, correlationScreen, demean",3,"arXiv:2508.13174, arXiv:2602.14670, arXiv:2608.23808"
2508-09650v1-tracklet-association,arXiv:2508.09650,TOTNet: Occlusion-Aware Temporal Tracking for Robust Ball Detection in Sports Videos,true,TEMPLATE_STAMP,"code body byte-identical to 30 other module(s) filed under different arXiv ids: arXiv:2411.08216, arXiv:2411.17450, arXiv:2412.15673, arXiv:2412.16454, arXiv:2501.10299 ...","code-body sha256=213885ee78794c8d | first code lines: function isFiniteNumber(x: unknown): x is number { / return typeof x === ""number"" && Number.isFinite(x); / }",packages/data-ingestion/src/2508-09650v1-tracklet-association.ts,,"ACCEPTANCE_GATE, ARXIV_ID, Assignment, ENABLED, LANE, TrackPoint, VERDICT, cosineDistance",30,"arXiv:2411.08216, arXiv:2411.17450, arXiv:2412.15673, arXiv:2412.16454, arXiv:2501.10299, arXiv:2502.02785, arXiv:2502.21242, arXiv:2503.19355"
2508-11711v2-data-infra,arXiv:2508.11711,"Enhancing GraphQL Security by Detecting Malicious Queries Using Large Language Models, Sentence Transformers, and Convolutional Neural Networks",true,TEMPLATE_STAMP,"Hand-read: header names LLM/sentence-transformer/CNN malicious-query detection, the same field states 'no LLM or learned detector is on the decision path', and the body is a static allowlist + rate-limit gate. Documented divergence, but the paper's method is absent.",code-body sha256=6336779d00148c37 | first code lines: export interface GraphQlRequest { / readonly query: string; / readonly variables?: string;,packages/data-ingestion/src/2508-11711v2-data-infra.ts,,"ACCEPTANCE_GATE, ARXIV_ID, ENABLED, GraphQlGateDecision, GraphQlRateWindow, GraphQlRequest, LANE, VERDICT",0,
2508-13174v2-alpha-mining,arXiv:2508.13174,AlphaEval: A Comprehensive and Efficient Evaluation Framework for Formula Alpha Mining,true,TEMPLATE_STAMP,"code body byte-identical to 3 other module(s) filed under different arXiv ids: arXiv:2508.06312, arXiv:2602.14670, arXiv:2608.23808","code-body sha256=706c285ac550be8a | first code lines: function isFiniteNumber(x: unknown): x is number { / return typeof x === ""number"" && Number.isFinite(x); / }",packages/data-ingestion/src/2508-13174v2-alpha-mining.ts,"Alpha-mining screens: Pearson information coefficient between predictions and realizations, cross-sectional demeaning, walk-forward train/test splits, and correlation-threshold feature screening. * *","ACCEPTANCE_GATE, ARXIV_ID, ENABLED, LANE, VERDICT, WalkForwardSplit, correlationScreen, demean",3,"arXiv:2508.06312, arXiv:2602.14670, arXiv:2608.23808"
2508-13396v1-feed-schema,arXiv:2508.13396,"A Comparative Study of Delta Parquet, Iceberg, and Hudi for Automotive Data Engineering Use Cases",true,TEMPLATE_STAMP,"code body byte-identical to 9 other module(s) filed under different arXiv ids: arXiv:2508.17157, arXiv:2601.06112, arXiv:2602.03189, arXiv:2603.14629, arXiv:2604.16870 ...","code-body sha256=fddd4309088e30f1 | first code lines: export type FieldType = ""number"" | ""string"" | ""boolean""; / export interface FieldSpec { / name: string;",packages/data-ingestion/src/2508-13396v1-feed-schema.ts,"Feed hygiene primitives: typed schema validation with range checks, field-name normalization maps, null-rate quality metrics, and key-based dedup — fail-closed on malformed rows. * *","ACCEPTANCE_GATE, ARXIV_ID, ENABLED, FieldSpec, LANE, VERDICT, ValidationResult, dedupeByKey",9,"arXiv:2508.17157, arXiv:2601.06112, arXiv:2602.03189, arXiv:2603.14629, arXiv:2604.16870, arXiv:2604.17111, arXiv:2607.15899, arXiv:2608.22389"
2508-14667-feature-construction,arXiv:2508.14667,ELATE: Evolutionary Language model for Automated Timeseries Engineering,true,TEMPLATE_STAMP,code body byte-identical to 1 other module(s) filed under different arXiv ids: arXiv:2501.07999,"code-body sha256=ab9d75a01fc1a82c | first code lines: function isFiniteNumber(x: unknown): x is number { / return typeof x === ""number"" && Number.isFinite(x); / }",packages/data-ingestion/src/2508-14667-feature-construction.ts,"Automated feature construction: lag matrices over trailing windows, rolling mean/sd statistics, and pairwise interaction terms over numeric series. * *","ACCEPTANCE_GATE, ARXIV_ID, ENABLED, LANE, RollingStat, VERDICT, interactionTerms, lagFeatures",1,arXiv:2501.07999
2508-15956v1-market-feed,arXiv:2508.15956,Dynamic Graph-Based Forecasts of Bookmakers' Odds in Professional Tennis,true,TEMPLATE_STAMP,"code body byte-identical to 6 other module(s) filed under different arXiv ids: arXiv:2501.05873, arXiv:2509.14645, arXiv:2510.16008, arXiv:2607.14430, arXiv:2608.12291 ...","code-body sha256=f2daaea4a1277785 | first code lines: function isFiniteNumber(x: unknown): x is number { / return typeof x === ""number"" && Number.isFinite(x); / }",packages/data-ingestion/src/2508-15956v1-market-feed.ts,"Market microstructure primitives: American-to-implied probability conversion, overround devigging by normalization, closing-line value, median consensus lines, and steam-move magnitude. * *","ACCEPTANCE_GATE, ARXIV_ID, ENABLED, LANE, VERDICT, americanToImplied, clvPct, consensusLine",6,"arXiv:2501.05873, arXiv:2509.14645, arXiv:2510.16008, arXiv:2607.14430, arXiv:2608.12291, arXiv:2609.06739"
2508-17157v1-feed-schema,arXiv:2508.17157,SportSQL: An Interactive System for Real-Time Sports Reasoning and Visualization,true,TEMPLATE_STAMP,"code body byte-identical to 9 other module(s) filed under different arXiv ids: arXiv:2508.13396, arXiv:2601.06112, arXiv:2602.03189, arXiv:2603.14629, arXiv:2604.16870 ...","code-body sha256=fddd4309088e30f1 | first code lines: export type FieldType = ""number"" | ""string"" | ""boolean""; / export interface FieldSpec { / name: string;",packages/data-ingestion/src/2508-17157v1-feed-schema.ts,"Feed hygiene primitives: typed schema validation with range checks, field-name normalization maps, null-rate quality metrics, and key-based dedup — fail-closed on malformed rows. * *","ACCEPTANCE_GATE, ARXIV_ID, ENABLED, FieldSpec, LANE, VERDICT, ValidationResult, dedupeByKey",9,"arXiv:2508.13396, arXiv:2601.06112, arXiv:2602.03189, arXiv:2603.14629, arXiv:2604.16870, arXiv:2604.17111, arXiv:2607.15899, arXiv:2608.22389"
2508-17611-injury-risk,arXiv:2508.17611,Evaluating Movement Initiation Timing in Ultimate Frisbee via Temporal Counterfactuals,true,TEMPLATE_STAMP,"code body byte-identical to 11 other module(s) filed under different arXiv ids: arXiv:2411.08901, arXiv:2412.08840, arXiv:2412.14019, arXiv:2509.22683, arXiv:2510.01810 ...","code-body sha256=25c541cdf3d812a1 | first code lines: function isFiniteNumber(x: unknown): x is number { / return typeof x === ""number"" && Number.isFinite(x); / }",packages/data-ingestion/src/2508-17611-injury-risk.ts,"Window-sweep injury-prediction protocol with exponential decay-weighted load windows (index 0 = most recent session), a logistic risk head over engineered features, and acute:chronic workload ratio mo","ACCEPTANCE_GATE, ARXIV_ID, ENABLED, LANE, VERDICT, WindowResult, acuteChronicRatio, decayWeightedWindow",11,"arXiv:2411.08901, arXiv:2412.08840, arXiv:2412.14019, arXiv:2509.22683, arXiv:2510.01810, arXiv:2511.17610, arXiv:2602.11668, arXiv:2602.16830"
2509-01243v1-score-model,arXiv:2509.01243,A novel methodological framework for analyzing the momentum effect in tennis singles,true,TEMPLATE_STAMP,"code body byte-identical to 10 other module(s) filed under different arXiv ids: arXiv:2502.01613, arXiv:2503.02137, arXiv:2506.02351, arXiv:2508.04008, arXiv:2511.17733 ...","code-body sha256=1cc11dba1cec3e0b | first code lines: function isFiniteNumber(x: unknown): x is number { / return typeof x === ""number"" && Number.isFinite(x); / }",packages/data-ingestion/src/2509-01243v1-score-model.ts,"Score-distribution modeling: Poisson PMF for goal counts, Abramowitz-Stegun normal CDF for spread/total win probabilities, and Dixon-Coles low-score correlation adjustments. * *","ACCEPTANCE_GATE, ARXIV_ID, ENABLED, LANE, VERDICT, dixonColesAdjustment, normalCdf, poissonPmf",10,"arXiv:2502.01613, arXiv:2503.02137, arXiv:2506.02351, arXiv:2508.04008, arXiv:2511.17733, arXiv:2512.08591, arXiv:2601.11492, arXiv:2602.19513"
2509-12592v1-experiment-stats,arXiv:2509.12592,Match Chat: Real Time Generative AI and Generative Computing for Tennis,true,TEMPLATE_STAMP,"code body byte-identical to 5 other module(s) filed under different arXiv ids: arXiv:2504.00767, arXiv:2512.00203, arXiv:2601.14727, arXiv:2602.16137, arXiv:2603.11016","code-body sha256=97da8a0a6ed14a39 | first code lines: function isFiniteNumber(x: unknown): x is number { / return typeof x === ""number"" && Number.isFinite(x); / }",packages/data-ingestion/src/2509-12592v1-experiment-stats.ts,"Experiment statistics for offline evaluation: ablation gaps (with-module minus without-module), Cohen's d effect sizes, normal-approximation sign-test p-values, and mean confidence intervals for backt","ACCEPTANCE_GATE, ARXIV_ID, ENABLED, LANE, VERDICT, ablationGap, cohensD, meanCi",5,"arXiv:2504.00767, arXiv:2512.00203, arXiv:2601.14727, arXiv:2602.16137, arXiv:2603.11016"
2509-14645v3-market-feed,arXiv:2509.14645,Are Final Market Prices Sufficient for Information Aggregation? Evidence from Last-Minute Dynamics in Parimutuel Betting,true,TEMPLATE_STAMP,"code body byte-identical to 6 other module(s) filed under different arXiv ids: arXiv:2501.05873, arXiv:2508.15956, arXiv:2510.16008, arXiv:2607.14430, arXiv:2608.12291 ...","code-body sha256=f2daaea4a1277785 | first code lines: function isFiniteNumber(x: unknown): x is number { / return typeof x === ""number"" && Number.isFinite(x); / }",packages/data-ingestion/src/2509-14645v3-market-feed.ts,"Market microstructure primitives: American-to-implied probability conversion, overround devigging by normalization, closing-line value, median consensus lines, and steam-move magnitude. * *","ACCEPTANCE_GATE, ARXIV_ID, ENABLED, LANE, VERDICT, americanToImplied, clvPct, consensusLine",6,"arXiv:2501.05873, arXiv:2508.15956, arXiv:2510.16008, arXiv:2607.14430, arXiv:2608.12291, arXiv:2609.06739"
2509-18387v3-tracklet-association,arXiv:2509.18387,BlurBall: Joint Ball and Motion Blur Estimation for Table Tennis Ball Tracking,true,TEMPLATE_STAMP,"code body byte-identical to 30 other module(s) filed under different arXiv ids: arXiv:2411.08216, arXiv:2411.17450, arXiv:2412.15673, arXiv:2412.16454, arXiv:2501.10299 ...","code-body sha256=213885ee78794c8d | first code lines: function isFiniteNumber(x: unknown): x is number { / return typeof x === ""number"" && Number.isFinite(x); / }",packages/data-ingestion/src/2509-18387v3-tracklet-association.ts,,"ACCEPTANCE_GATE, ARXIV_ID, Assignment, ENABLED, LANE, TrackPoint, VERDICT, cosineDistance",30,"arXiv:2411.08216, arXiv:2411.17450, arXiv:2412.15673, arXiv:2412.16454, arXiv:2501.10299, arXiv:2502.02785, arXiv:2502.21242, arXiv:2503.19355"
2509-20083v2-props-feature,arXiv:2509.20083,Rethinking Player Evaluation in Sports: Goals Above Expectation and Beyond,true,TEMPLATE_STAMP,"code body byte-identical to 3 other module(s) filed under different arXiv ids: arXiv:2511.07703, arXiv:2511.23072, arXiv:2512.22254","code-body sha256=7b5b21c7ce375691 | first code lines: function isFiniteNumber(x: unknown): x is number { / return typeof x === ""number"" && Number.isFinite(x); / }",packages/data-ingestion/src/2509-20083v2-props-feature.ts,"Props/DFS edge primitives: projection-vs-line edge percent, salary efficiency (projected points per $1k), ownership-fade scores, and stack correlation boosts. * *","ACCEPTANCE_GATE, ARXIV_ID, ENABLED, LANE, VERDICT, ownershipFadeScore, projectionEdgePct, salaryEfficiency",3,"arXiv:2511.07703, arXiv:2511.23072, arXiv:2512.22254"
2509-22683-injury-risk,arXiv:2509.22683,Strategic Play and Home Advantage: Coaches' Tactical Impact in Serie A,true,TEMPLATE_STAMP,"code body byte-identical to 11 other module(s) filed under different arXiv ids: arXiv:2411.08901, arXiv:2412.08840, arXiv:2412.14019, arXiv:2508.17611, arXiv:2510.01810 ...","code-body sha256=25c541cdf3d812a1 | first code lines: function isFiniteNumber(x: unknown): x is number { / return typeof x === ""number"" && Number.isFinite(x); / }",packages/data-ingestion/src/2509-22683-injury-risk.ts,"Window-sweep injury-prediction protocol with exponential decay-weighted load windows (index 0 = most recent session), a logistic risk head over engineered features, and acute:chronic workload ratio mo","ACCEPTANCE_GATE, ARXIV_ID, ENABLED, LANE, VERDICT, WindowResult, acuteChronicRatio, decayWeightedWindow",11,"arXiv:2411.08901, arXiv:2412.08840, arXiv:2412.14019, arXiv:2508.17611, arXiv:2510.01810, arXiv:2511.17610, arXiv:2602.11668, arXiv:2602.16830"
2509-24606v1-tracklet-association,arXiv:2509.24606,Biomechanical-phase based Temporal Segmentation in Sports Videos: a Demonstration on Javelin-Throw,true,TEMPLATE_STAMP,"code body byte-identical to 30 other module(s) filed under different arXiv ids: arXiv:2411.08216, arXiv:2411.17450, arXiv:2412.15673, arXiv:2412.16454, arXiv:2501.10299 ...","code-body sha256=213885ee78794c8d | first code lines: function isFiniteNumber(x: unknown): x is number { / return typeof x === ""number"" && Number.isFinite(x); / }",packages/data-ingestion/src/2509-24606v1-tracklet-association.ts,,"ACCEPTANCE_GATE, ARXIV_ID, Assignment, ENABLED, LANE, TrackPoint, VERDICT, cosineDistance",30,"arXiv:2411.08216, arXiv:2411.17450, arXiv:2412.15673, arXiv:2412.16454, arXiv:2501.10299, arXiv:2502.02785, arXiv:2502.21242, arXiv:2503.19355"
2509-26325v2-tracklet-association,arXiv:2509.26325,Continuous Space-Time Video Super-Resolution with 3D Fourier Fields,true,TEMPLATE_STAMP,"code body byte-identical to 30 other module(s) filed under different arXiv ids: arXiv:2411.08216, arXiv:2411.17450, arXiv:2412.15673, arXiv:2412.16454, arXiv:2501.10299 ...","code-body sha256=213885ee78794c8d | first code lines: function isFiniteNumber(x: unknown): x is number { / return typeof x === ""number"" && Number.isFinite(x); / }",packages/data-ingestion/src/2509-26325v2-tracklet-association.ts,,"ACCEPTANCE_GATE, ARXIV_ID, Assignment, ENABLED, LANE, TrackPoint, VERDICT, cosineDistance",30,"arXiv:2411.08216, arXiv:2411.17450, arXiv:2412.15673, arXiv:2412.16454, arXiv:2501.10299, arXiv:2502.02785, arXiv:2502.21242, arXiv:2503.19355"
2510-01810-injury-risk,arXiv:2510.01810,Z-scores-based methods and their application to biological monitoring: An extended analysis of professional soccer players and cyclists athletes,true,TEMPLATE_STAMP,"code body byte-identical to 11 other module(s) filed under different arXiv ids: arXiv:2411.08901, arXiv:2412.08840, arXiv:2412.14019, arXiv:2508.17611, arXiv:2509.22683 ...","code-body sha256=25c541cdf3d812a1 | first code lines: function isFiniteNumber(x: unknown): x is number { / return typeof x === ""number"" && Number.isFinite(x); / }",packages/data-ingestion/src/2510-01810-injury-risk.ts,"Window-sweep injury-prediction protocol with exponential decay-weighted load windows (index 0 = most recent session), a logistic risk head over engineered features, and acute:chronic workload ratio mo","ACCEPTANCE_GATE, ARXIV_ID, ENABLED, LANE, VERDICT, WindowResult, acuteChronicRatio, decayWeightedWindow",11,"arXiv:2411.08901, arXiv:2412.08840, arXiv:2412.14019, arXiv:2508.17611, arXiv:2509.22683, arXiv:2511.17610, arXiv:2602.11668, arXiv:2602.16830"
2510-14723v1-team-rating,arXiv:2510.14723,Bayes-ically fair: A Bayesian Ranking of the Olympic Medal Table,true,TEMPLATE_STAMP,"code body byte-identical to 14 other module(s) filed under different arXiv ids: arXiv:2501.16565, arXiv:2503.09737, arXiv:2504.09759, arXiv:2507.08108, arXiv:2507.18404 ...","code-body sha256=b8ff60d81675071d | first code lines: function isFiniteNumber(x: unknown): x is number { / return typeof x === ""number"" && Number.isFinite(x); / }",packages/data-ingestion/src/2510-14723v1-team-rating.ts,"Pairwise-comparison rating machinery: Elo expected scores with zero-sum updates, log-scaled margin-of-victory K adjustment, and one minorization-maximization Bradley-Terry iteration from a wins matrix","ACCEPTANCE_GATE, ARXIV_ID, ENABLED, LANE, VERDICT, bradleyTerryIteration, eloExpectedScore, eloUpdate",14,"arXiv:2501.16565, arXiv:2503.09737, arXiv:2504.09759, arXiv:2507.08108, arXiv:2507.18404, arXiv:2512.04407, arXiv:2603.24015, arXiv:2604.09143"
2510-16008v1-market-feed,arXiv:2510.16008,Convolutional Attention in Betting Exchange Markets,true,TEMPLATE_STAMP,"code body byte-identical to 6 other module(s) filed under different arXiv ids: arXiv:2501.05873, arXiv:2508.15956, arXiv:2509.14645, arXiv:2607.14430, arXiv:2608.12291 ...","code-body sha256=f2daaea4a1277785 | first code lines: function isFiniteNumber(x: unknown): x is number { / return typeof x === ""number"" && Number.isFinite(x); / }",packages/data-ingestion/src/2510-16008v1-market-feed.ts,"Market microstructure primitives: American-to-implied probability conversion, overround devigging by normalization, closing-line value, median consensus lines, and steam-move magnitude. * *","ACCEPTANCE_GATE, ARXIV_ID, ENABLED, LANE, VERDICT, americanToImplied, clvPct, consensusLine",6,"arXiv:2501.05873, arXiv:2508.15956, arXiv:2509.14645, arXiv:2607.14430, arXiv:2608.12291, arXiv:2609.06739"
2510-18173-news-scoring,arXiv:2510.18173,1722 Moneyball with LLMs: analyzing tabular summarization in sports narratives,true,TEMPLATE_STAMP,"code body byte-identical to 8 other module(s) filed under different arXiv ids: arXiv:2411.06391, arXiv:2412.06794, arXiv:2503.21067, arXiv:2504.17365, arXiv:2601.00216 ...","code-body sha256=31fcc9a656974d9f | first code lines: function isFiniteNumber(x: unknown): x is number { / return typeof x === ""number"" && Number.isFinite(x); / }",packages/data-ingestion/src/2510-18173-news-scoring.ts,"Denoised-news 5-dimension scoring rubric (relevance, sentiment, novelty, credibility, impact) with exponential half-life aggregation over article age, lag-dependent decay weights, and directed steam-p","ACCEPTANCE_GATE, ARXIV_ID, ENABLED, LANE, NewsDimensions, VERDICT, aggregateNewsScores, lagDecayWeight",8,"arXiv:2411.06391, arXiv:2412.06794, arXiv:2503.21067, arXiv:2504.17365, arXiv:2601.00216, arXiv:2606.27274, arXiv:2607.18461, arXiv:2608.03416"
2511-07703v2-props-feature,arXiv:2511.07703,Expected by Whom? A Skill-Adjusted Expected Goals Model for NHL Shooters and Goaltenders,true,TEMPLATE_STAMP,"code body byte-identical to 3 other module(s) filed under different arXiv ids: arXiv:2509.20083, arXiv:2511.23072, arXiv:2512.22254","code-body sha256=7b5b21c7ce375691 | first code lines: function isFiniteNumber(x: unknown): x is number { / return typeof x === ""number"" && Number.isFinite(x); / }",packages/data-ingestion/src/2511-07703v2-props-feature.ts,"Props/DFS edge primitives: projection-vs-line edge percent, salary efficiency (projected points per $1k), ownership-fade scores, and stack correlation boosts. * *","ACCEPTANCE_GATE, ARXIV_ID, ENABLED, LANE, VERDICT, ownershipFadeScore, projectionEdgePct, salaryEfficiency",3,"arXiv:2509.20083, arXiv:2511.23072, arXiv:2512.22254"
2511-17610v1-injury-risk,arXiv:2511.17610,Synthetic Data Generation for Pre-Injury Pattern Detection in Triathletes,true,TEMPLATE_STAMP,"code body byte-identical to 11 other module(s) filed under different arXiv ids: arXiv:2411.08901, arXiv:2412.08840, arXiv:2412.14019, arXiv:2508.17611, arXiv:2509.22683 ...","code-body sha256=25c541cdf3d812a1 | first code lines: function isFiniteNumber(x: unknown): x is number { / return typeof x === ""number"" && Number.isFinite(x); / }",packages/data-ingestion/src/2511-17610v1-injury-risk.ts,"Window-sweep injury-prediction protocol with exponential decay-weighted load windows (index 0 = most recent session), a logistic risk head over engineered features, and acute:chronic workload ratio mo","ACCEPTANCE_GATE, ARXIV_ID, ENABLED, LANE, VERDICT, WindowResult, acuteChronicRatio, decayWeightedWindow",11,"arXiv:2411.08901, arXiv:2412.08840, arXiv:2412.14019, arXiv:2508.17611, arXiv:2509.22683, arXiv:2510.01810, arXiv:2602.11668, arXiv:2602.16830"
2511-17733v1-score-model,arXiv:2511.17733,The Impacts of Increasingly Complex Matchup Models on Baseball Win Probability,true,TEMPLATE_STAMP,"code body byte-identical to 10 other module(s) filed under different arXiv ids: arXiv:2502.01613, arXiv:2503.02137, arXiv:2506.02351, arXiv:2508.04008, arXiv:2509.01243 ...","code-body sha256=1cc11dba1cec3e0b | first code lines: function isFiniteNumber(x: unknown): x is number { / return typeof x === ""number"" && Number.isFinite(x); / }",packages/data-ingestion/src/2511-17733v1-score-model.ts,"Score-distribution modeling: Poisson PMF for goal counts, Abramowitz-Stegun normal CDF for spread/total win probabilities, and Dixon-Coles low-score correlation adjustments. * *","ACCEPTANCE_GATE, ARXIV_ID, ENABLED, LANE, VERDICT, dixonColesAdjustment, normalCdf, poissonPmf",10,"arXiv:2502.01613, arXiv:2503.02137, arXiv:2506.02351, arXiv:2508.04008, arXiv:2509.01243, arXiv:2512.08591, arXiv:2601.11492, arXiv:2602.19513"
2511-23072v1-props-feature,arXiv:2511.23072,What If They Took the Shot? A Hierarchical Bayesian Framework for Counterfactual Expected Goals,true,TEMPLATE_STAMP,"code body byte-identical to 3 other module(s) filed under different arXiv ids: arXiv:2509.20083, arXiv:2511.07703, arXiv:2512.22254","code-body sha256=7b5b21c7ce375691 | first code lines: function isFiniteNumber(x: unknown): x is number { / return typeof x === ""number"" && Number.isFinite(x); / }",packages/data-ingestion/src/2511-23072v1-props-feature.ts,"Props/DFS edge primitives: projection-vs-line edge percent, salary efficiency (projected points per $1k), ownership-fade scores, and stack correlation boosts. * *","ACCEPTANCE_GATE, ARXIV_ID, ENABLED, LANE, VERDICT, ownershipFadeScore, projectionEdgePct, salaryEfficiency",3,"arXiv:2509.20083, arXiv:2511.07703, arXiv:2512.22254"
2512-00203v2-experiment-stats,arXiv:2512.00203,Beyond Expected Goals: A Probabilistic Framework for Shot Occurrences in Soccer,true,TEMPLATE_STAMP,"code body byte-identical to 5 other module(s) filed under different arXiv ids: arXiv:2504.00767, arXiv:2509.12592, arXiv:2601.14727, arXiv:2602.16137, arXiv:2603.11016","code-body sha256=97da8a0a6ed14a39 | first code lines: function isFiniteNumber(x: unknown): x is number { / return typeof x === ""number"" && Number.isFinite(x); / }",packages/data-ingestion/src/2512-00203v2-experiment-stats.ts,"Experiment statistics for offline evaluation: ablation gaps (with-module minus without-module), Cohen's d effect sizes, normal-approximation sign-test p-values, and mean confidence intervals for backt","ACCEPTANCE_GATE, ARXIV_ID, ENABLED, LANE, VERDICT, ablationGap, cohensD, meanCi",5,"arXiv:2504.00767, arXiv:2509.12592, arXiv:2601.14727, arXiv:2602.16137, arXiv:2603.11016"
2512-00342v2-calibration,arXiv:2512.00342,Adaptive prediction theory combining offline and online learning,true,TEMPLATE_STAMP,"code body byte-identical to 7 other module(s) filed under different arXiv ids: arXiv:2501.08710, arXiv:2603.02574, arXiv:2605.16066, arXiv:2607.06495, arXiv:2607.11432 ...","code-body sha256=801f101b4ba2a570 | first code lines: function isFiniteNumber(x: unknown): x is number { / return typeof x === ""number"" && Number.isFinite(x); / }",packages/data-ingestion/src/2512-00342v2-calibration.ts,"Calibration diagnostics: Brier score, clamped log-loss, binned reliability diagrams with expected calibration error, and pool-adjacent-violators isotonic recalibration. * *","ACCEPTANCE_GATE, ARXIV_ID, ENABLED, LANE, ReliabilityBin, VERDICT, brierScore, ece",7,"arXiv:2501.08710, arXiv:2603.02574, arXiv:2605.16066, arXiv:2607.06495, arXiv:2607.11432, arXiv:2609.01337, arXiv:2609.04754"
2512-04407v1-team-rating,arXiv:2512.04407,Learning Heterogeneous Ordinal Graphical Models via Bayesian Nonparametric Clustering,true,TEMPLATE_STAMP,"code body byte-identical to 14 other module(s) filed under different arXiv ids: arXiv:2501.16565, arXiv:2503.09737, arXiv:2504.09759, arXiv:2507.08108, arXiv:2507.18404 ...","code-body sha256=b8ff60d81675071d | first code lines: function isFiniteNumber(x: unknown): x is number { / return typeof x === ""number"" && Number.isFinite(x); / }",packages/data-ingestion/src/2512-04407v1-team-rating.ts,"Pairwise-comparison rating machinery: Elo expected scores with zero-sum updates, log-scaled margin-of-victory K adjustment, and one minorization-maximization Bradley-Terry iteration from a wins matrix","ACCEPTANCE_GATE, ARXIV_ID, ENABLED, LANE, VERDICT, bradleyTerryIteration, eloExpectedScore, eloUpdate",14,"arXiv:2501.16565, arXiv:2503.09737, arXiv:2504.09759, arXiv:2507.08108, arXiv:2507.18404, arXiv:2510.14723, arXiv:2603.24015, arXiv:2604.09143"
2512-08591v1-score-model,arXiv:2512.08591,Long-Sequence LSTM Modeling for NBA Game Outcome Prediction Using a Novel Multi-Season Dataset,true,TEMPLATE_STAMP,"code body byte-identical to 10 other module(s) filed under different arXiv ids: arXiv:2502.01613, arXiv:2503.02137, arXiv:2506.02351, arXiv:2508.04008, arXiv:2509.01243 ...","code-body sha256=1cc11dba1cec3e0b | first code lines: function isFiniteNumber(x: unknown): x is number { / return typeof x === ""number"" && Number.isFinite(x); / }",packages/data-ingestion/src/2512-08591v1-score-model.ts,"Score-distribution modeling: Poisson PMF for goal counts, Abramowitz-Stegun normal CDF for spread/total win probabilities, and Dixon-Coles low-score correlation adjustments. * *","ACCEPTANCE_GATE, ARXIV_ID, ENABLED, LANE, VERDICT, dixonColesAdjustment, normalCdf, poissonPmf",10,"arXiv:2502.01613, arXiv:2503.02137, arXiv:2506.02351, arXiv:2508.04008, arXiv:2509.01243, arXiv:2511.17733, arXiv:2601.11492, arXiv:2602.19513"
2512-17266-tracklet-association,arXiv:2512.17266,EventGPT: Capturing Player Impact from Team Action Sequences,true,TEMPLATE_STAMP,"code body byte-identical to 30 other module(s) filed under different arXiv ids: arXiv:2411.08216, arXiv:2411.17450, arXiv:2412.15673, arXiv:2412.16454, arXiv:2501.10299 ...","code-body sha256=213885ee78794c8d | first code lines: function isFiniteNumber(x: unknown): x is number { / return typeof x === ""number"" && Number.isFinite(x); / }",packages/data-ingestion/src/2512-17266-tracklet-association.ts,,"ACCEPTANCE_GATE, ARXIV_ID, Assignment, ENABLED, LANE, TrackPoint, VERDICT, cosineDistance",30,"arXiv:2411.08216, arXiv:2411.17450, arXiv:2412.15673, arXiv:2412.16454, arXiv:2501.10299, arXiv:2502.02785, arXiv:2502.21242, arXiv:2503.19355"
2512-22254v1-props-feature,arXiv:2512.22254,Analyzing Skill Element in Online Fantasy Cricket,true,TEMPLATE_STAMP,"code body byte-identical to 3 other module(s) filed under different arXiv ids: arXiv:2509.20083, arXiv:2511.07703, arXiv:2511.23072","code-body sha256=7b5b21c7ce375691 | first code lines: function isFiniteNumber(x: unknown): x is number { / return typeof x === ""number"" && Number.isFinite(x); / }",packages/data-ingestion/src/2512-22254v1-props-feature.ts,"Props/DFS edge primitives: projection-vs-line edge percent, salary efficiency (projected points per $1k), ownership-fade scores, and stack correlation boosts. * *","ACCEPTANCE_GATE, ARXIV_ID, ENABLED, LANE, VERDICT, ownershipFadeScore, projectionEdgePct, salaryEfficiency",3,"arXiv:2509.20083, arXiv:2511.07703, arXiv:2511.23072"
2601-00216-news-scoring,arXiv:2601.00216,1717 From evidence-based medicine to knowledge graph: retrieval-augmented generation for sports rehabilitation and a domain benchmark,true,TEMPLATE_STAMP,"code body byte-identical to 8 other module(s) filed under different arXiv ids: arXiv:2411.06391, arXiv:2412.06794, arXiv:2503.21067, arXiv:2504.17365, arXiv:2510.18173 ...","code-body sha256=31fcc9a656974d9f | first code lines: function isFiniteNumber(x: unknown): x is number { / return typeof x === ""number"" && Number.isFinite(x); / }",packages/data-ingestion/src/2601-00216-news-scoring.ts,"Denoised-news 5-dimension scoring rubric (relevance, sentiment, novelty, credibility, impact) with exponential half-life aggregation over article age, lag-dependent decay weights, and directed steam-p","ACCEPTANCE_GATE, ARXIV_ID, ENABLED, LANE, NewsDimensions, VERDICT, aggregateNewsScores, lagDecayWeight",8,"arXiv:2411.06391, arXiv:2412.06794, arXiv:2503.21067, arXiv:2504.17365, arXiv:2510.18173, arXiv:2606.27274, arXiv:2607.18461, arXiv:2608.03416"
2601-03099v1-tracklet-association,arXiv:2601.03099,Time-Aware Synthetic Control,true,TEMPLATE_STAMP,Hand-read: header/ACCEPTANCE_GATE describe Time-Aware Synthetic Control (placebo RMSE vs classical SC); Mechanism and body implement ReID cosine-distance tracklet association. First confirmed instance of the failure mode.,"code-body sha256=213885ee78794c8d | first code lines: function isFiniteNumber(x: unknown): x is number { / return typeof x === ""number"" && Number.isFinite(x); / }",packages/data-ingestion/src/2601-03099v1-tracklet-association.ts,,"ACCEPTANCE_GATE, ARXIV_ID, Assignment, ENABLED, LANE, TrackPoint, VERDICT, cosineDistance",30,"arXiv:2411.08216, arXiv:2411.17450, arXiv:2412.15673, arXiv:2412.16454, arXiv:2501.10299, arXiv:2502.02785, arXiv:2502.21242, arXiv:2503.19355"
2601-06112v1-feed-schema,arXiv:2601.06112,ReliabilityBench: Evaluating LLM Agent Reliability Under Production-Like Stress Conditions,true,TEMPLATE_STAMP,"code body byte-identical to 9 other module(s) filed under different arXiv ids: arXiv:2508.13396, arXiv:2508.17157, arXiv:2602.03189, arXiv:2603.14629, arXiv:2604.16870 ...","code-body sha256=fddd4309088e30f1 | first code lines: export type FieldType = ""number"" | ""string"" | ""boolean""; / export interface FieldSpec { / name: string;",packages/data-ingestion/src/2601-06112v1-feed-schema.ts,"Feed hygiene primitives: typed schema validation with range checks, field-name normalization maps, null-rate quality metrics, and key-based dedup — fail-closed on malformed rows. * *","ACCEPTANCE_GATE, ARXIV_ID, ENABLED, FieldSpec, LANE, VERDICT, ValidationResult, dedupeByKey",9,"arXiv:2508.13396, arXiv:2508.17157, arXiv:2602.03189, arXiv:2603.14629, arXiv:2604.16870, arXiv:2604.17111, arXiv:2607.15899, arXiv:2608.22389"
2601-11492v2-score-model,arXiv:2601.11492,BoxMind: Closed-loop AI strategy optimization for elite boxing validated in the 2024 Olympics,true,TEMPLATE_STAMP,"code body byte-identical to 10 other module(s) filed under different arXiv ids: arXiv:2502.01613, arXiv:2503.02137, arXiv:2506.02351, arXiv:2508.04008, arXiv:2509.01243 ...","code-body sha256=1cc11dba1cec3e0b | first code lines: function isFiniteNumber(x: unknown): x is number { / return typeof x === ""number"" && Number.isFinite(x); / }",packages/data-ingestion/src/2601-11492v2-score-model.ts,"Score-distribution modeling: Poisson PMF for goal counts, Abramowitz-Stegun normal CDF for spread/total win probabilities, and Dixon-Coles low-score correlation adjustments. * *","ACCEPTANCE_GATE, ARXIV_ID, ENABLED, LANE, VERDICT, dixonColesAdjustment, normalCdf, poissonPmf",10,"arXiv:2502.01613, arXiv:2503.02137, arXiv:2506.02351, arXiv:2508.04008, arXiv:2509.01243, arXiv:2511.17733, arXiv:2512.08591, arXiv:2602.19513"
2601-14727v3-experiment-stats,arXiv:2601.14727,"Recent advances in the Bradley--Terry Model: theory, algorithms, and applications",true,TEMPLATE_STAMP,"code body byte-identical to 5 other module(s) filed under different arXiv ids: arXiv:2504.00767, arXiv:2509.12592, arXiv:2512.00203, arXiv:2602.16137, arXiv:2603.11016","code-body sha256=97da8a0a6ed14a39 | first code lines: function isFiniteNumber(x: unknown): x is number { / return typeof x === ""number"" && Number.isFinite(x); / }",packages/data-ingestion/src/2601-14727v3-experiment-stats.ts,"Experiment statistics for offline evaluation: ablation gaps (with-module minus without-module), Cohen's d effect sizes, normal-approximation sign-test p-values, and mean confidence intervals for backt","ACCEPTANCE_GATE, ARXIV_ID, ENABLED, LANE, VERDICT, ablationGap, cohensD, meanCi",5,"arXiv:2504.00767, arXiv:2509.12592, arXiv:2512.00203, arXiv:2602.16137, arXiv:2603.11016"
2602-03189v1-feed-schema,arXiv:2602.03189,StreamShield: A Production-Proven Resiliency Solution for Apache Flink at ByteDance,true,TEMPLATE_STAMP,"code body byte-identical to 9 other module(s) filed under different arXiv ids: arXiv:2508.13396, arXiv:2508.17157, arXiv:2601.06112, arXiv:2603.14629, arXiv:2604.16870 ...","code-body sha256=fddd4309088e30f1 | first code lines: export type FieldType = ""number"" | ""string"" | ""boolean""; / export interface FieldSpec { / name: string;",packages/data-ingestion/src/2602-03189v1-feed-schema.ts,"Feed hygiene primitives: typed schema validation with range checks, field-name normalization maps, null-rate quality metrics, and key-based dedup — fail-closed on malformed rows. * *","ACCEPTANCE_GATE, ARXIV_ID, ENABLED, FieldSpec, LANE, VERDICT, ValidationResult, dedupeByKey",9,"arXiv:2508.13396, arXiv:2508.17157, arXiv:2601.06112, arXiv:2603.14629, arXiv:2604.16870, arXiv:2604.17111, arXiv:2607.15899, arXiv:2608.22389"
2602-11668-injury-risk,arXiv:2602.11668,Explainable Machine-Learning based Detection of Knee Injuries in Runners,true,TEMPLATE_STAMP,"code body byte-identical to 11 other module(s) filed under different arXiv ids: arXiv:2411.08901, arXiv:2412.08840, arXiv:2412.14019, arXiv:2508.17611, arXiv:2509.22683 ...","code-body sha256=25c541cdf3d812a1 | first code lines: function isFiniteNumber(x: unknown): x is number { / return typeof x === ""number"" && Number.isFinite(x); / }",packages/data-ingestion/src/2602-11668-injury-risk.ts,"Window-sweep injury-prediction protocol with exponential decay-weighted load windows (index 0 = most recent session), a logistic risk head over engineered features, and acute:chronic workload ratio mo","ACCEPTANCE_GATE, ARXIV_ID, ENABLED, LANE, VERDICT, WindowResult, acuteChronicRatio, decayWeightedWindow",11,"arXiv:2411.08901, arXiv:2412.08840, arXiv:2412.14019, arXiv:2508.17611, arXiv:2509.22683, arXiv:2510.01810, arXiv:2511.17610, arXiv:2602.16830"
2602-14670v2-alpha-mining,arXiv:2602.14670,FactorMiner: A Self-Evolving Agent with Skills and Experience Memory for Financial Alpha Discovery,true,TEMPLATE_STAMP,"code body byte-identical to 3 other module(s) filed under different arXiv ids: arXiv:2508.06312, arXiv:2508.13174, arXiv:2608.23808","code-body sha256=706c285ac550be8a | first code lines: function isFiniteNumber(x: unknown): x is number { / return typeof x === ""number"" && Number.isFinite(x); / }",packages/data-ingestion/src/2602-14670v2-alpha-mining.ts,"Alpha-mining screens: Pearson information coefficient between predictions and realizations, cross-sectional demeaning, walk-forward train/test splits, and correlation-threshold feature screening. * *","ACCEPTANCE_GATE, ARXIV_ID, ENABLED, LANE, VERDICT, WalkForwardSplit, correlationScreen, demean",3,"arXiv:2508.06312, arXiv:2508.13174, arXiv:2608.23808"
2602-15673v1-tracklet-association,arXiv:2602.15673,Leicester's Tale: Another Perspective on the EPL 2015/16 Through Expected Goals (xG) Modelling,true,TEMPLATE_STAMP,"code body byte-identical to 30 other module(s) filed under different arXiv ids: arXiv:2411.08216, arXiv:2411.17450, arXiv:2412.15673, arXiv:2412.16454, arXiv:2501.10299 ...","code-body sha256=213885ee78794c8d | first code lines: function isFiniteNumber(x: unknown): x is number { / return typeof x === ""number"" && Number.isFinite(x); / }",packages/data-ingestion/src/2602-15673v1-tracklet-association.ts,,"ACCEPTANCE_GATE, ARXIV_ID, Assignment, ENABLED, LANE, TrackPoint, VERDICT, cosineDistance",30,"arXiv:2411.08216, arXiv:2411.17450, arXiv:2412.15673, arXiv:2412.16454, arXiv:2501.10299, arXiv:2502.02785, arXiv:2502.21242, arXiv:2503.19355"
2602-16137v2-experiment-stats,arXiv:2602.16137,Experimental Assortments for Choice Estimation and Nest Identification,true,TEMPLATE_STAMP,"code body byte-identical to 5 other module(s) filed under different arXiv ids: arXiv:2504.00767, arXiv:2509.12592, arXiv:2512.00203, arXiv:2601.14727, arXiv:2603.11016","code-body sha256=97da8a0a6ed14a39 | first code lines: function isFiniteNumber(x: unknown): x is number { / return typeof x === ""number"" && Number.isFinite(x); / }",packages/data-ingestion/src/2602-16137v2-experiment-stats.ts,"Experiment statistics for offline evaluation: ablation gaps (with-module minus without-module), Cohen's d effect sizes, normal-approximation sign-test p-values, and mean confidence intervals for backt","ACCEPTANCE_GATE, ARXIV_ID, ENABLED, LANE, VERDICT, ablationGap, cohensD, meanCi",5,"arXiv:2504.00767, arXiv:2509.12592, arXiv:2512.00203, arXiv:2601.14727, arXiv:2603.11016"
2602-16830v1-injury-risk,arXiv:2602.16830,The Impact of Formations on Football Matches Using Double Machine Learning,true,TEMPLATE_STAMP,"code body byte-identical to 11 other module(s) filed under different arXiv ids: arXiv:2411.08901, arXiv:2412.08840, arXiv:2412.14019, arXiv:2508.17611, arXiv:2509.22683 ...","code-body sha256=25c541cdf3d812a1 | first code lines: function isFiniteNumber(x: unknown): x is number { / return typeof x === ""number"" && Number.isFinite(x); / }",packages/data-ingestion/src/2602-16830v1-injury-risk.ts,"Window-sweep injury-prediction protocol with exponential decay-weighted load windows (index 0 = most recent session), a logistic risk head over engineered features, and acute:chronic workload ratio mo","ACCEPTANCE_GATE, ARXIV_ID, ENABLED, LANE, VERDICT, WindowResult, acuteChronicRatio, decayWeightedWindow",11,"arXiv:2411.08901, arXiv:2412.08840, arXiv:2412.14019, arXiv:2508.17611, arXiv:2509.22683, arXiv:2510.01810, arXiv:2511.17610, arXiv:2602.11668"
2602-19513v1-score-model,arXiv:2602.19513,Real-time Win Probability and Latent Player Ability via STATS X in Team Sports,true,TEMPLATE_STAMP,"code body byte-identical to 10 other module(s) filed under different arXiv ids: arXiv:2502.01613, arXiv:2503.02137, arXiv:2506.02351, arXiv:2508.04008, arXiv:2509.01243 ...","code-body sha256=1cc11dba1cec3e0b | first code lines: function isFiniteNumber(x: unknown): x is number { / return typeof x === ""number"" && Number.isFinite(x); / }",packages/data-ingestion/src/2602-19513v1-score-model.ts,"Score-distribution modeling: Poisson PMF for goal counts, Abramowitz-Stegun normal CDF for spread/total win probabilities, and Dixon-Coles low-score correlation adjustments. * *","ACCEPTANCE_GATE, ARXIV_ID, ENABLED, LANE, VERDICT, dixonColesAdjustment, normalCdf, poissonPmf",10,"arXiv:2502.01613, arXiv:2503.02137, arXiv:2506.02351, arXiv:2508.04008, arXiv:2509.01243, arXiv:2511.17733, arXiv:2512.08591, arXiv:2601.11492"
2603-02574v3-calibration,arXiv:2603.02574,An Augmented Rating System for Test cricket: adapting the Glicko rating system,true,TEMPLATE_STAMP,"code body byte-identical to 7 other module(s) filed under different arXiv ids: arXiv:2501.08710, arXiv:2512.00342, arXiv:2605.16066, arXiv:2607.06495, arXiv:2607.11432 ...","code-body sha256=801f101b4ba2a570 | first code lines: function isFiniteNumber(x: unknown): x is number { / return typeof x === ""number"" && Number.isFinite(x); / }",packages/data-ingestion/src/2603-02574v3-calibration.ts,"Calibration diagnostics: Brier score, clamped log-loss, binned reliability diagrams with expected calibration error, and pool-adjacent-violators isotonic recalibration. * *","ACCEPTANCE_GATE, ARXIV_ID, ENABLED, LANE, ReliabilityBin, VERDICT, brierScore, ece",7,"arXiv:2501.08710, arXiv:2512.00342, arXiv:2605.16066, arXiv:2607.06495, arXiv:2607.11432, arXiv:2609.01337, arXiv:2609.04754"
2603-11016v3-experiment-stats,arXiv:2603.11016,A Model-Based Restricted Shapley Value to Measure the Players' Contribution to Shot Actions in Football,true,TEMPLATE_STAMP,"code body byte-identical to 5 other module(s) filed under different arXiv ids: arXiv:2504.00767, arXiv:2509.12592, arXiv:2512.00203, arXiv:2601.14727, arXiv:2602.16137","code-body sha256=97da8a0a6ed14a39 | first code lines: function isFiniteNumber(x: unknown): x is number { / return typeof x === ""number"" && Number.isFinite(x); / }",packages/data-ingestion/src/2603-11016v3-experiment-stats.ts,"Experiment statistics for offline evaluation: ablation gaps (with-module minus without-module), Cohen's d effect sizes, normal-approximation sign-test p-values, and mean confidence intervals for backt","ACCEPTANCE_GATE, ARXIV_ID, ENABLED, LANE, VERDICT, ablationGap, cohensD, meanCi",5,"arXiv:2504.00767, arXiv:2509.12592, arXiv:2512.00203, arXiv:2601.14727, arXiv:2602.16137"
2603-14629v1-feed-schema,arXiv:2603.14629,ResearchPilot: A Local-First Multi-Agent System for Literature Synthesis and Related Work Drafting,true,TEMPLATE_STAMP,"code body byte-identical to 9 other module(s) filed under different arXiv ids: arXiv:2508.13396, arXiv:2508.17157, arXiv:2601.06112, arXiv:2602.03189, arXiv:2604.16870 ...","code-body sha256=fddd4309088e30f1 | first code lines: export type FieldType = ""number"" | ""string"" | ""boolean""; / export interface FieldSpec { / name: string;",packages/data-ingestion/src/2603-14629v1-feed-schema.ts,"Feed hygiene primitives: typed schema validation with range checks, field-name normalization maps, null-rate quality metrics, and key-based dedup — fail-closed on malformed rows. * *","ACCEPTANCE_GATE, ARXIV_ID, ENABLED, FieldSpec, LANE, VERDICT, ValidationResult, dedupeByKey",9,"arXiv:2508.13396, arXiv:2508.17157, arXiv:2601.06112, arXiv:2602.03189, arXiv:2604.16870, arXiv:2604.17111, arXiv:2607.15899, arXiv:2608.22389"
2603-24015v1-team-rating,arXiv:2603.24015,STAMP: A shot-type-aware areal multilevel Poisson model for league-wide comparison of basketball shot charts,true,TEMPLATE_STAMP,"code body byte-identical to 14 other module(s) filed under different arXiv ids: arXiv:2501.16565, arXiv:2503.09737, arXiv:2504.09759, arXiv:2507.08108, arXiv:2507.18404 ...","code-body sha256=b8ff60d81675071d | first code lines: function isFiniteNumber(x: unknown): x is number { / return typeof x === ""number"" && Number.isFinite(x); / }",packages/data-ingestion/src/2603-24015v1-team-rating.ts,"Pairwise-comparison rating machinery: Elo expected scores with zero-sum updates, log-scaled margin-of-victory K adjustment, and one minorization-maximization Bradley-Terry iteration from a wins matrix","ACCEPTANCE_GATE, ARXIV_ID, ENABLED, LANE, VERDICT, bradleyTerryIteration, eloExpectedScore, eloUpdate",14,"arXiv:2501.16565, arXiv:2503.09737, arXiv:2504.09759, arXiv:2507.08108, arXiv:2507.18404, arXiv:2510.14723, arXiv:2512.04407, arXiv:2604.09143"
2603-26935v1-injury-risk,arXiv:2603.26935,Load Management and the Healthy-Worker Survivor Effect in the NBA,true,TEMPLATE_STAMP,"code body byte-identical to 11 other module(s) filed under different arXiv ids: arXiv:2411.08901, arXiv:2412.08840, arXiv:2412.14019, arXiv:2508.17611, arXiv:2509.22683 ...","code-body sha256=25c541cdf3d812a1 | first code lines: function isFiniteNumber(x: unknown): x is number { / return typeof x === ""number"" && Number.isFinite(x); / }",packages/data-ingestion/src/2603-26935v1-injury-risk.ts,"Window-sweep injury-prediction protocol with exponential decay-weighted load windows (index 0 = most recent session), a logistic risk head over engineered features, and acute:chronic workload ratio mo","ACCEPTANCE_GATE, ARXIV_ID, ENABLED, LANE, VERDICT, WindowResult, acuteChronicRatio, decayWeightedWindow",11,"arXiv:2411.08901, arXiv:2412.08840, arXiv:2412.14019, arXiv:2508.17611, arXiv:2509.22683, arXiv:2510.01810, arXiv:2511.17610, arXiv:2602.11668"
2604-01491v1-tracklet-association,arXiv:2604.01491,Opponent-Adjusted Evaluation of NFL Pass Blocking and Pass Rushing Performance,true,TEMPLATE_STAMP,"code body byte-identical to 30 other module(s) filed under different arXiv ids: arXiv:2411.08216, arXiv:2411.17450, arXiv:2412.15673, arXiv:2412.16454, arXiv:2501.10299 ...","code-body sha256=213885ee78794c8d | first code lines: function isFiniteNumber(x: unknown): x is number { / return typeof x === ""number"" && Number.isFinite(x); / }",packages/data-ingestion/src/2604-01491v1-tracklet-association.ts,,"ACCEPTANCE_GATE, ARXIV_ID, Assignment, ENABLED, LANE, TrackPoint, VERDICT, cosineDistance",30,"arXiv:2411.08216, arXiv:2411.17450, arXiv:2412.15673, arXiv:2412.16454, arXiv:2501.10299, arXiv:2502.02785, arXiv:2502.21242, arXiv:2503.19355"
2604-04947v1-ingest-utils,arXiv:2604.04947,SUMMIR: A Hallucination-Aware Framework for Ranking Sports Insights from LLMs (arXiv:2604.04947v1) — REPLACEMENT for [1478],true,TEMPLATE_STAMP,code body byte-identical to 1 other module(s) filed under different arXiv ids: arXiv:2506.22450,"code-body sha256=72a276ac6640b380 | first code lines: export type CoercedValue = number | string | boolean | null; / export function coerceRecord( / record: Record<string, unknown>,",packages/data-ingestion/src/2604-04947v1-ingest-utils.ts,"General ingest utilities: string-to-number coercion with fail-closed nulls, per-field coverage statistics over row batches, and z-score outlier flags for feed anomaly triage. * *","ACCEPTANCE_GATE, ARXIV_ID, ENABLED, LANE, VERDICT, coerceRecord, fieldCoverage, zScoreOutlierFlags",1,arXiv:2506.22450
2604-09143v1-team-rating,arXiv:2604.09143,Score-Driven Rating System for Sports,true,TEMPLATE_STAMP,"code body byte-identical to 14 other module(s) filed under different arXiv ids: arXiv:2501.16565, arXiv:2503.09737, arXiv:2504.09759, arXiv:2507.08108, arXiv:2507.18404 ...","code-body sha256=b8ff60d81675071d | first code lines: function isFiniteNumber(x: unknown): x is number { / return typeof x === ""number"" && Number.isFinite(x); / }",packages/data-ingestion/src/2604-09143v1-team-rating.ts,"Pairwise-comparison rating machinery: Elo expected scores with zero-sum updates, log-scaled margin-of-victory K adjustment, and one minorization-maximization Bradley-Terry iteration from a wins matrix","ACCEPTANCE_GATE, ARXIV_ID, ENABLED, LANE, VERDICT, bradleyTerryIteration, eloExpectedScore, eloUpdate",14,"arXiv:2501.16565, arXiv:2503.09737, arXiv:2504.09759, arXiv:2507.08108, arXiv:2507.18404, arXiv:2510.14723, arXiv:2512.04407, arXiv:2603.24015"
2604-16870v2-feed-schema,arXiv:2604.16870,Governed MCP: Kernel-Level Tool Governance for AI Agents via Logit-Based Safety Primitives,true,TEMPLATE_STAMP,"code body byte-identical to 9 other module(s) filed under different arXiv ids: arXiv:2508.13396, arXiv:2508.17157, arXiv:2601.06112, arXiv:2602.03189, arXiv:2603.14629 ...","code-body sha256=fddd4309088e30f1 | first code lines: export type FieldType = ""number"" | ""string"" | ""boolean""; / export interface FieldSpec { / name: string;",packages/data-ingestion/src/2604-16870v2-feed-schema.ts,"Feed hygiene primitives: typed schema validation with range checks, field-name normalization maps, null-rate quality metrics, and key-based dedup — fail-closed on malformed rows. * *","ACCEPTANCE_GATE, ARXIV_ID, ENABLED, FieldSpec, LANE, VERDICT, ValidationResult, dedupeByKey",9,"arXiv:2508.13396, arXiv:2508.17157, arXiv:2601.06112, arXiv:2602.03189, arXiv:2603.14629, arXiv:2604.17111, arXiv:2607.15899, arXiv:2608.22389"
2604-17111v1-feed-schema,arXiv:2604.17111,HiveMind: OS-Inspired Scheduling for Concurrent LLM Agent Workloads,true,TEMPLATE_STAMP,"code body byte-identical to 9 other module(s) filed under different arXiv ids: arXiv:2508.13396, arXiv:2508.17157, arXiv:2601.06112, arXiv:2602.03189, arXiv:2603.14629 ...","code-body sha256=fddd4309088e30f1 | first code lines: export type FieldType = ""number"" | ""string"" | ""boolean""; / export interface FieldSpec { / name: string;",packages/data-ingestion/src/2604-17111v1-feed-schema.ts,"Feed hygiene primitives: typed schema validation with range checks, field-name normalization maps, null-rate quality metrics, and key-based dedup — fail-closed on malformed rows. * *","ACCEPTANCE_GATE, ARXIV_ID, ENABLED, FieldSpec, LANE, VERDICT, ValidationResult, dedupeByKey",9,"arXiv:2508.13396, arXiv:2508.17157, arXiv:2601.06112, arXiv:2602.03189, arXiv:2603.14629, arXiv:2604.16870, arXiv:2607.15899, arXiv:2608.22389"
2604-19340-weather-feature,arXiv:2604.19340,Improvements to the post-processing of weather forecasts using machine learning and feature selection,true,TEMPLATE_STAMP,"code body byte-identical to 4 other module(s) filed under different arXiv ids: arXiv:2412.15832, arXiv:2506.15578, arXiv:2507.18937, arXiv:2609.07512","code-body sha256=cf5db22ef543f06f | first code lines: function isFiniteNumber(x: unknown): x is number { / return typeof x === ""number"" && Number.isFinite(x); / }",packages/data-ingestion/src/2604-19340-weather-feature.ts,"Game-time weather features: ideal-gas air density from temperature and station pressure, linear wind total-points drag (zeroed for domes), and precipitation classification for totals/spread adjustment","ACCEPTANCE_GATE, ARXIV_ID, ENABLED, GameWeatherFeature, LANE, VERDICT, airDensity, gameWeatherFeature",4,"arXiv:2412.15832, arXiv:2506.15578, arXiv:2507.18937, arXiv:2609.07512"
2605-14855v1-tracklet-association,arXiv:2605.14855,,true,TEMPLATE_STAMP,"code body byte-identical to 30 other module(s) filed under different arXiv ids: arXiv:2411.08216, arXiv:2411.17450, arXiv:2412.15673, arXiv:2412.16454, arXiv:2501.10299 ...","code-body sha256=213885ee78794c8d | first code lines: function isFiniteNumber(x: unknown): x is number { / return typeof x === ""number"" && Number.isFinite(x); / }",packages/data-ingestion/src/2605-14855v1-tracklet-association.ts,,"ACCEPTANCE_GATE, ARXIV_ID, Assignment, ENABLED, LANE, TrackPoint, VERDICT, cosineDistance",30,"arXiv:2411.08216, arXiv:2411.17450, arXiv:2412.15673, arXiv:2412.16454, arXiv:2501.10299, arXiv:2502.02785, arXiv:2502.21242, arXiv:2503.19355"
2605-16066v1-calibration,arXiv:2605.16066,A Market-Calibrated Accelerated Failure Time Model for In-Play Football Forecasting,true,TEMPLATE_STAMP,"code body byte-identical to 7 other module(s) filed under different arXiv ids: arXiv:2501.08710, arXiv:2512.00342, arXiv:2603.02574, arXiv:2607.06495, arXiv:2607.11432 ...","code-body sha256=801f101b4ba2a570 | first code lines: function isFiniteNumber(x: unknown): x is number { / return typeof x === ""number"" && Number.isFinite(x); / }",packages/data-ingestion/src/2605-16066v1-calibration.ts,"Calibration diagnostics: Brier score, clamped log-loss, binned reliability diagrams with expected calibration error, and pool-adjacent-violators isotonic recalibration. * *","ACCEPTANCE_GATE, ARXIV_ID, ENABLED, LANE, ReliabilityBin, VERDICT, brierScore, ece",7,"arXiv:2501.08710, arXiv:2512.00342, arXiv:2603.02574, arXiv:2607.06495, arXiv:2607.11432, arXiv:2609.01337, arXiv:2609.04754"
2605-29395v2-team-rating,arXiv:2605.29395,Low Rank for Rank: Uncertainty-Aware Task-Specific LLM Ranking under Sparse Pairwise Comparisons,true,TEMPLATE_STAMP,"code body byte-identical to 14 other module(s) filed under different arXiv ids: arXiv:2501.16565, arXiv:2503.09737, arXiv:2504.09759, arXiv:2507.08108, arXiv:2507.18404 ...","code-body sha256=b8ff60d81675071d | first code lines: function isFiniteNumber(x: unknown): x is number { / return typeof x === ""number"" && Number.isFinite(x); / }",packages/data-ingestion/src/2605-29395v2-team-rating.ts,"Pairwise-comparison rating machinery: Elo expected scores with zero-sum updates, log-scaled margin-of-victory K adjustment, and one minorization-maximization Bradley-Terry iteration from a wins matrix","ACCEPTANCE_GATE, ARXIV_ID, ENABLED, LANE, VERDICT, bradleyTerryIteration, eloExpectedScore, eloUpdate",14,"arXiv:2501.16565, arXiv:2503.09737, arXiv:2504.09759, arXiv:2507.08108, arXiv:2507.18404, arXiv:2510.14723, arXiv:2512.04407, arXiv:2603.24015"
2606-07433v1-tracklet-association,arXiv:2606.07433,"Watch, Remember, Reason: Human-View Video Understanding with MLLMs",true,TEMPLATE_STAMP,"code body byte-identical to 30 other module(s) filed under different arXiv ids: arXiv:2411.08216, arXiv:2411.17450, arXiv:2412.15673, arXiv:2412.16454, arXiv:2501.10299 ...","code-body sha256=213885ee78794c8d | first code lines: function isFiniteNumber(x: unknown): x is number { / return typeof x === ""number"" && Number.isFinite(x); / }",packages/data-ingestion/src/2606-07433v1-tracklet-association.ts,,"ACCEPTANCE_GATE, ARXIV_ID, Assignment, ENABLED, LANE, TrackPoint, VERDICT, cosineDistance",30,"arXiv:2411.08216, arXiv:2411.17450, arXiv:2412.15673, arXiv:2412.16454, arXiv:2501.10299, arXiv:2502.02785, arXiv:2502.21242, arXiv:2503.19355"
2606-13033v3-tracklet-association,arXiv:2606.13033,Selective Mask Propagation for Multi-Object Tracking,true,TEMPLATE_STAMP,"code body byte-identical to 30 other module(s) filed under different arXiv ids: arXiv:2411.08216, arXiv:2411.17450, arXiv:2412.15673, arXiv:2412.16454, arXiv:2501.10299 ...","code-body sha256=213885ee78794c8d | first code lines: function isFiniteNumber(x: unknown): x is number { / return typeof x === ""number"" && Number.isFinite(x); / }",packages/data-ingestion/src/2606-13033v3-tracklet-association.ts,,"ACCEPTANCE_GATE, ARXIV_ID, Assignment, ENABLED, LANE, TrackPoint, VERDICT, cosineDistance",30,"arXiv:2411.08216, arXiv:2411.17450, arXiv:2412.15673, arXiv:2412.16454, arXiv:2501.10299, arXiv:2502.02785, arXiv:2502.21242, arXiv:2503.19355"
2606-26497v1-bayesian-update,arXiv:2606.26497,Learning Probabilistic Filters with Strictly Proper Scoring Rules,true,TEMPLATE_STAMP,code body byte-identical to 1 other module(s) filed under different arXiv ids: arXiv:2507.06122,"code-body sha256=b26955d680d78e6c | first code lines: function isFiniteNumber(x: unknown): x is number { / return typeof x === ""number"" && Number.isFinite(x); / }",packages/data-ingestion/src/2606-26497v1-bayesian-update.ts,"Conjugate Bayesian updates: Beta-Binomial for rates (successes/trials) and Normal-Normal for means (prior + n observations), plus 95% credible intervals. * *","ACCEPTANCE_GATE, ARXIV_ID, BetaPosterior, ENABLED, LANE, NormalPosterior, VERDICT, betaBinomialUpdate",1,arXiv:2507.06122
2606-27274v2-news-scoring,arXiv:2606.27274,BetXplain: An Explanation-Annotated Dataset for Detecting Manipulative Betting Advertisements on Social Media,true,TEMPLATE_STAMP,"code body byte-identical to 8 other module(s) filed under different arXiv ids: arXiv:2411.06391, arXiv:2412.06794, arXiv:2503.21067, arXiv:2504.17365, arXiv:2510.18173 ...","code-body sha256=31fcc9a656974d9f | first code lines: function isFiniteNumber(x: unknown): x is number { / return typeof x === ""number"" && Number.isFinite(x); / }",packages/data-ingestion/src/2606-27274v2-news-scoring.ts,"Denoised-news 5-dimension scoring rubric (relevance, sentiment, novelty, credibility, impact) with exponential half-life aggregation over article age, lag-dependent decay weights, and directed steam-p","ACCEPTANCE_GATE, ARXIV_ID, ENABLED, LANE, NewsDimensions, VERDICT, aggregateNewsScores, lagDecayWeight",8,"arXiv:2411.06391, arXiv:2412.06794, arXiv:2503.21067, arXiv:2504.17365, arXiv:2510.18173, arXiv:2601.00216, arXiv:2607.18461, arXiv:2608.03416"
2607-06495v1-calibration,arXiv:2607.06495,Pitwall: Faithful Natural-Language Race-Strategy Briefings from a Calibrated Real-Time Monte Carlo Engine,true,TEMPLATE_STAMP,"code body byte-identical to 7 other module(s) filed under different arXiv ids: arXiv:2501.08710, arXiv:2512.00342, arXiv:2603.02574, arXiv:2605.16066, arXiv:2607.11432 ...","code-body sha256=801f101b4ba2a570 | first code lines: function isFiniteNumber(x: unknown): x is number { / return typeof x === ""number"" && Number.isFinite(x); / }",packages/data-ingestion/src/2607-06495v1-calibration.ts,"Calibration diagnostics: Brier score, clamped log-loss, binned reliability diagrams with expected calibration error, and pool-adjacent-violators isotonic recalibration. * *","ACCEPTANCE_GATE, ARXIV_ID, ENABLED, LANE, ReliabilityBin, VERDICT, brierScore, ece",7,"arXiv:2501.08710, arXiv:2512.00342, arXiv:2603.02574, arXiv:2605.16066, arXiv:2607.11432, arXiv:2609.01337, arXiv:2609.04754"
2607-11432v1-calibration,arXiv:2607.11432,Generalizing Preference-based Reinforcement Learning: a Rationality Model for Incomparability,true,TEMPLATE_STAMP,"code body byte-identical to 7 other module(s) filed under different arXiv ids: arXiv:2501.08710, arXiv:2512.00342, arXiv:2603.02574, arXiv:2605.16066, arXiv:2607.06495 ...","code-body sha256=801f101b4ba2a570 | first code lines: function isFiniteNumber(x: unknown): x is number { / return typeof x === ""number"" && Number.isFinite(x); / }",packages/data-ingestion/src/2607-11432v1-calibration.ts,"Calibration diagnostics: Brier score, clamped log-loss, binned reliability diagrams with expected calibration error, and pool-adjacent-violators isotonic recalibration. * *","ACCEPTANCE_GATE, ARXIV_ID, ENABLED, LANE, ReliabilityBin, VERDICT, brierScore, ece",7,"arXiv:2501.08710, arXiv:2512.00342, arXiv:2603.02574, arXiv:2605.16066, arXiv:2607.06495, arXiv:2609.01337, arXiv:2609.04754"
2607-14430v1-market-feed,arXiv:2607.14430,"Prices, Probabilities, and Parlays: Systematic Bias in Sports Prediction Markets",true,TEMPLATE_STAMP,"code body byte-identical to 6 other module(s) filed under different arXiv ids: arXiv:2501.05873, arXiv:2508.15956, arXiv:2509.14645, arXiv:2510.16008, arXiv:2608.12291 ...","code-body sha256=f2daaea4a1277785 | first code lines: function isFiniteNumber(x: unknown): x is number { / return typeof x === ""number"" && Number.isFinite(x); / }",packages/data-ingestion/src/2607-14430v1-market-feed.ts,"Market microstructure primitives: American-to-implied probability conversion, overround devigging by normalization, closing-line value, median consensus lines, and steam-move magnitude. * *","ACCEPTANCE_GATE, ARXIV_ID, ENABLED, LANE, VERDICT, americanToImplied, clvPct, consensusLine",6,"arXiv:2501.05873, arXiv:2508.15956, arXiv:2509.14645, arXiv:2510.16008, arXiv:2608.12291, arXiv:2609.06739"
2607-15483v1-team-rating,arXiv:2607.15483,Risk-Aware Preference Learning for Stochastic Outcomes,true,TEMPLATE_STAMP,"code body byte-identical to 14 other module(s) filed under different arXiv ids: arXiv:2501.16565, arXiv:2503.09737, arXiv:2504.09759, arXiv:2507.08108, arXiv:2507.18404 ...","code-body sha256=b8ff60d81675071d | first code lines: function isFiniteNumber(x: unknown): x is number { / return typeof x === ""number"" && Number.isFinite(x); / }",packages/data-ingestion/src/2607-15483v1-team-rating.ts,"Pairwise-comparison rating machinery: Elo expected scores with zero-sum updates, log-scaled margin-of-victory K adjustment, and one minorization-maximization Bradley-Terry iteration from a wins matrix","ACCEPTANCE_GATE, ARXIV_ID, ENABLED, LANE, VERDICT, bradleyTerryIteration, eloExpectedScore, eloUpdate",14,"arXiv:2501.16565, arXiv:2503.09737, arXiv:2504.09759, arXiv:2507.08108, arXiv:2507.18404, arXiv:2510.14723, arXiv:2512.04407, arXiv:2603.24015"
2607-15899v1-feed-schema,arXiv:2607.15899,ContinuityBench: A Benchmark and Systems Study of Stateful Failover in Multi-Provider LLM Routing,true,TEMPLATE_STAMP,"code body byte-identical to 9 other module(s) filed under different arXiv ids: arXiv:2508.13396, arXiv:2508.17157, arXiv:2601.06112, arXiv:2602.03189, arXiv:2603.14629 ...","code-body sha256=fddd4309088e30f1 | first code lines: export type FieldType = ""number"" | ""string"" | ""boolean""; / export interface FieldSpec { / name: string;",packages/data-ingestion/src/2607-15899v1-feed-schema.ts,"Feed hygiene primitives: typed schema validation with range checks, field-name normalization maps, null-rate quality metrics, and key-based dedup — fail-closed on malformed rows. * *","ACCEPTANCE_GATE, ARXIV_ID, ENABLED, FieldSpec, LANE, VERDICT, ValidationResult, dedupeByKey",9,"arXiv:2508.13396, arXiv:2508.17157, arXiv:2601.06112, arXiv:2602.03189, arXiv:2603.14629, arXiv:2604.16870, arXiv:2604.17111, arXiv:2608.22389"
2607-18461v1-news-scoring,arXiv:2607.18461,The triumphs and tragedies of fandom: Emotional arcs in NFL tweets,true,TEMPLATE_STAMP,"code body byte-identical to 8 other module(s) filed under different arXiv ids: arXiv:2411.06391, arXiv:2412.06794, arXiv:2503.21067, arXiv:2504.17365, arXiv:2510.18173 ...","code-body sha256=31fcc9a656974d9f | first code lines: function isFiniteNumber(x: unknown): x is number { / return typeof x === ""number"" && Number.isFinite(x); / }",packages/data-ingestion/src/2607-18461v1-news-scoring.ts,"Denoised-news 5-dimension scoring rubric (relevance, sentiment, novelty, credibility, impact) with exponential half-life aggregation over article age, lag-dependent decay weights, and directed steam-p","ACCEPTANCE_GATE, ARXIV_ID, ENABLED, LANE, NewsDimensions, VERDICT, aggregateNewsScores, lagDecayWeight",8,"arXiv:2411.06391, arXiv:2412.06794, arXiv:2503.21067, arXiv:2504.17365, arXiv:2510.18173, arXiv:2601.00216, arXiv:2606.27274, arXiv:2608.03416"
2607-19783v2-team-rating,arXiv:2607.19783,Do In-Match Hydration Breaks Alter Match Momentum? A Within-Match Case-Crossover Analysis of the 2026 FIFA World Cup,true,TEMPLATE_STAMP,"code body byte-identical to 14 other module(s) filed under different arXiv ids: arXiv:2501.16565, arXiv:2503.09737, arXiv:2504.09759, arXiv:2507.08108, arXiv:2507.18404 ...","code-body sha256=b8ff60d81675071d | first code lines: function isFiniteNumber(x: unknown): x is number { / return typeof x === ""number"" && Number.isFinite(x); / }",packages/data-ingestion/src/2607-19783v2-team-rating.ts,"Pairwise-comparison rating machinery: Elo expected scores with zero-sum updates, log-scaled margin-of-victory K adjustment, and one minorization-maximization Bradley-Terry iteration from a wins matrix","ACCEPTANCE_GATE, ARXIV_ID, ENABLED, LANE, VERDICT, bradleyTerryIteration, eloExpectedScore, eloUpdate",14,"arXiv:2501.16565, arXiv:2503.09737, arXiv:2504.09759, arXiv:2507.08108, arXiv:2507.18404, arXiv:2510.14723, arXiv:2512.04407, arXiv:2603.24015"
2607-26061v1-score-model,arXiv:2607.26061,"Sim2Win: A Team-Agnostic, Event-Based Pre-Match Outcome Prediction and Tactical Profiling System for Football",true,TEMPLATE_STAMP,"code body byte-identical to 10 other module(s) filed under different arXiv ids: arXiv:2502.01613, arXiv:2503.02137, arXiv:2506.02351, arXiv:2508.04008, arXiv:2509.01243 ...","code-body sha256=1cc11dba1cec3e0b | first code lines: function isFiniteNumber(x: unknown): x is number { / return typeof x === ""number"" && Number.isFinite(x); / }",packages/data-ingestion/src/2607-26061v1-score-model.ts,"Score-distribution modeling: Poisson PMF for goal counts, Abramowitz-Stegun normal CDF for spread/total win probabilities, and Dixon-Coles low-score correlation adjustments. * *","ACCEPTANCE_GATE, ARXIV_ID, ENABLED, LANE, VERDICT, dixonColesAdjustment, normalCdf, poissonPmf",10,"arXiv:2502.01613, arXiv:2503.02137, arXiv:2506.02351, arXiv:2508.04008, arXiv:2509.01243, arXiv:2511.17733, arXiv:2512.08591, arXiv:2601.11492"
2608-03416-news-scoring,arXiv:2608.03416,1724 AI World Cup 2026: benchmarking large language models for end-to-end football tournament prediction,true,TEMPLATE_STAMP,"code body byte-identical to 8 other module(s) filed under different arXiv ids: arXiv:2411.06391, arXiv:2412.06794, arXiv:2503.21067, arXiv:2504.17365, arXiv:2510.18173 ...","code-body sha256=31fcc9a656974d9f | first code lines: function isFiniteNumber(x: unknown): x is number { / return typeof x === ""number"" && Number.isFinite(x); / }",packages/data-ingestion/src/2608-03416-news-scoring.ts,"Denoised-news 5-dimension scoring rubric (relevance, sentiment, novelty, credibility, impact) with exponential half-life aggregation over article age, lag-dependent decay weights, and directed steam-p","ACCEPTANCE_GATE, ARXIV_ID, ENABLED, LANE, NewsDimensions, VERDICT, aggregateNewsScores, lagDecayWeight",8,"arXiv:2411.06391, arXiv:2412.06794, arXiv:2503.21067, arXiv:2504.17365, arXiv:2510.18173, arXiv:2601.00216, arXiv:2606.27274, arXiv:2607.18461"
2608-07513-injury-risk,arXiv:2608.07513,Democratizing Ski Safety: Real-Time Turn Segmentation with Smartphone IMU and Causal LSTM Networks,true,TEMPLATE_STAMP,"code body byte-identical to 11 other module(s) filed under different arXiv ids: arXiv:2411.08901, arXiv:2412.08840, arXiv:2412.14019, arXiv:2508.17611, arXiv:2509.22683 ...","code-body sha256=25c541cdf3d812a1 | first code lines: function isFiniteNumber(x: unknown): x is number { / return typeof x === ""number"" && Number.isFinite(x); / }",packages/data-ingestion/src/2608-07513-injury-risk.ts,"Window-sweep injury-prediction protocol with exponential decay-weighted load windows (index 0 = most recent session), a logistic risk head over engineered features, and acute:chronic workload ratio mo","ACCEPTANCE_GATE, ARXIV_ID, ENABLED, LANE, VERDICT, WindowResult, acuteChronicRatio, decayWeightedWindow",11,"arXiv:2411.08901, arXiv:2412.08840, arXiv:2412.14019, arXiv:2508.17611, arXiv:2509.22683, arXiv:2510.01810, arXiv:2511.17610, arXiv:2602.11668"
2608-10045v1-team-rating,arXiv:2608.10045,Finding the Signal in the Spam: Jointly Learning Rewards and Worker Reliability from Pairwise Comparisons,true,TEMPLATE_STAMP,"code body byte-identical to 14 other module(s) filed under different arXiv ids: arXiv:2501.16565, arXiv:2503.09737, arXiv:2504.09759, arXiv:2507.08108, arXiv:2507.18404 ...","code-body sha256=b8ff60d81675071d | first code lines: function isFiniteNumber(x: unknown): x is number { / return typeof x === ""number"" && Number.isFinite(x); / }",packages/data-ingestion/src/2608-10045v1-team-rating.ts,"Pairwise-comparison rating machinery: Elo expected scores with zero-sum updates, log-scaled margin-of-victory K adjustment, and one minorization-maximization Bradley-Terry iteration from a wins matrix","ACCEPTANCE_GATE, ARXIV_ID, ENABLED, LANE, VERDICT, bradleyTerryIteration, eloExpectedScore, eloUpdate",14,"arXiv:2501.16565, arXiv:2503.09737, arXiv:2504.09759, arXiv:2507.08108, arXiv:2507.18404, arXiv:2510.14723, arXiv:2512.04407, arXiv:2603.24015"
2608-12291v1-market-feed,arXiv:2608.12291,When should one stop the most exciting game? Sequential Inference for win-martingales,true,TEMPLATE_STAMP,"code body byte-identical to 6 other module(s) filed under different arXiv ids: arXiv:2501.05873, arXiv:2508.15956, arXiv:2509.14645, arXiv:2510.16008, arXiv:2607.14430 ...","code-body sha256=f2daaea4a1277785 | first code lines: function isFiniteNumber(x: unknown): x is number { / return typeof x === ""number"" && Number.isFinite(x); / }",packages/data-ingestion/src/2608-12291v1-market-feed.ts,"Market microstructure primitives: American-to-implied probability conversion, overround devigging by normalization, closing-line value, median consensus lines, and steam-move magnitude. * *","ACCEPTANCE_GATE, ARXIV_ID, ENABLED, LANE, VERDICT, americanToImplied, clvPct, consensusLine",6,"arXiv:2501.05873, arXiv:2508.15956, arXiv:2509.14645, arXiv:2510.16008, arXiv:2607.14430, arXiv:2609.06739"
2608-15688v1-tracklet-association,arXiv:2608.15688,Training-Free Long-Term Multi-Object Tracking for Sports Video Analytics,true,TEMPLATE_STAMP,"code body byte-identical to 30 other module(s) filed under different arXiv ids: arXiv:2411.08216, arXiv:2411.17450, arXiv:2412.15673, arXiv:2412.16454, arXiv:2501.10299 ...","code-body sha256=213885ee78794c8d | first code lines: function isFiniteNumber(x: unknown): x is number { / return typeof x === ""number"" && Number.isFinite(x); / }",packages/data-ingestion/src/2608-15688v1-tracklet-association.ts,,"ACCEPTANCE_GATE, ARXIV_ID, Assignment, ENABLED, LANE, TrackPoint, VERDICT, cosineDistance",30,"arXiv:2411.08216, arXiv:2411.17450, arXiv:2412.15673, arXiv:2412.16454, arXiv:2501.10299, arXiv:2502.02785, arXiv:2502.21242, arXiv:2503.19355"
2608-22389v1-feed-schema,arXiv:2608.22389,KONTOGRAPH: Verified Point-in-Time Feature Consistency and Amortised Explanation for Real-Time Anti-Money Laundering under a 200 ms Decision Budget,true,TEMPLATE_STAMP,"code body byte-identical to 9 other module(s) filed under different arXiv ids: arXiv:2508.13396, arXiv:2508.17157, arXiv:2601.06112, arXiv:2602.03189, arXiv:2603.14629 ...","code-body sha256=fddd4309088e30f1 | first code lines: export type FieldType = ""number"" | ""string"" | ""boolean""; / export interface FieldSpec { / name: string;",packages/data-ingestion/src/2608-22389v1-feed-schema.ts,"Feed hygiene primitives: typed schema validation with range checks, field-name normalization maps, null-rate quality metrics, and key-based dedup — fail-closed on malformed rows. * *","ACCEPTANCE_GATE, ARXIV_ID, ENABLED, FieldSpec, LANE, VERDICT, ValidationResult, dedupeByKey",9,"arXiv:2508.13396, arXiv:2508.17157, arXiv:2601.06112, arXiv:2602.03189, arXiv:2603.14629, arXiv:2604.16870, arXiv:2604.17111, arXiv:2607.15899"
2608-23808v2-alpha-mining,arXiv:2608.23808,Equity Strategy Backtesting: Luck or Edge? The MinervaScore as a Statistical Robustness Grade,true,TEMPLATE_STAMP,"code body byte-identical to 3 other module(s) filed under different arXiv ids: arXiv:2508.06312, arXiv:2508.13174, arXiv:2602.14670","code-body sha256=706c285ac550be8a | first code lines: function isFiniteNumber(x: unknown): x is number { / return typeof x === ""number"" && Number.isFinite(x); / }",packages/data-ingestion/src/2608-23808v2-alpha-mining.ts,"Alpha-mining screens: Pearson information coefficient between predictions and realizations, cross-sectional demeaning, walk-forward train/test splits, and correlation-threshold feature screening. * *","ACCEPTANCE_GATE, ARXIV_ID, ENABLED, LANE, VERDICT, WalkForwardSplit, correlationScreen, demean",3,"arXiv:2508.06312, arXiv:2508.13174, arXiv:2602.14670"
2608-25126v1-injury-risk,arXiv:2608.25126,Multimodal Injury Risk Prediction in Tennis,true,TEMPLATE_STAMP,"code body byte-identical to 11 other module(s) filed under different arXiv ids: arXiv:2411.08901, arXiv:2412.08840, arXiv:2412.14019, arXiv:2508.17611, arXiv:2509.22683 ...","code-body sha256=25c541cdf3d812a1 | first code lines: function isFiniteNumber(x: unknown): x is number { / return typeof x === ""number"" && Number.isFinite(x); / }",packages/data-ingestion/src/2608-25126v1-injury-risk.ts,"Window-sweep injury-prediction protocol with exponential decay-weighted load windows (index 0 = most recent session), a logistic risk head over engineered features, and acute:chronic workload ratio mo","ACCEPTANCE_GATE, ARXIV_ID, ENABLED, LANE, VERDICT, WindowResult, acuteChronicRatio, decayWeightedWindow",11,"arXiv:2411.08901, arXiv:2412.08840, arXiv:2412.14019, arXiv:2508.17611, arXiv:2509.22683, arXiv:2510.01810, arXiv:2511.17610, arXiv:2602.11668"
2608-27362v1-team-rating,arXiv:2608.27362,How Exceptional Was the Big Three Era? Extremes and Persistence in Men's Professional Tennis,true,TEMPLATE_STAMP,"code body byte-identical to 14 other module(s) filed under different arXiv ids: arXiv:2501.16565, arXiv:2503.09737, arXiv:2504.09759, arXiv:2507.08108, arXiv:2507.18404 ...","code-body sha256=b8ff60d81675071d | first code lines: function isFiniteNumber(x: unknown): x is number { / return typeof x === ""number"" && Number.isFinite(x); / }",packages/data-ingestion/src/2608-27362v1-team-rating.ts,"Pairwise-comparison rating machinery: Elo expected scores with zero-sum updates, log-scaled margin-of-victory K adjustment, and one minorization-maximization Bradley-Terry iteration from a wins matrix","ACCEPTANCE_GATE, ARXIV_ID, ENABLED, LANE, VERDICT, bradleyTerryIteration, eloExpectedScore, eloUpdate",14,"arXiv:2501.16565, arXiv:2503.09737, arXiv:2504.09759, arXiv:2507.08108, arXiv:2507.18404, arXiv:2510.14723, arXiv:2512.04407, arXiv:2603.24015"
2609-00905v1-tracklet-association,arXiv:2609.00905,When Metropolis and Hastings Meet Bradley and Terry: Exact MCMC From Preference Voting,true,TEMPLATE_STAMP,"code body byte-identical to 30 other module(s) filed under different arXiv ids: arXiv:2411.08216, arXiv:2411.17450, arXiv:2412.15673, arXiv:2412.16454, arXiv:2501.10299 ...","code-body sha256=213885ee78794c8d | first code lines: function isFiniteNumber(x: unknown): x is number { / return typeof x === ""number"" && Number.isFinite(x); / }",packages/data-ingestion/src/2609-00905v1-tracklet-association.ts,,"ACCEPTANCE_GATE, ARXIV_ID, Assignment, ENABLED, LANE, TrackPoint, VERDICT, cosineDistance",30,"arXiv:2411.08216, arXiv:2411.17450, arXiv:2412.15673, arXiv:2412.16454, arXiv:2501.10299, arXiv:2502.02785, arXiv:2502.21242, arXiv:2503.19355"
2609-01337v1-calibration,arXiv:2609.01337,LEAP: Likelihood Elicitation and Aggregation for LLM-based Probabilistic Forecasting,true,TEMPLATE_STAMP,"code body byte-identical to 7 other module(s) filed under different arXiv ids: arXiv:2501.08710, arXiv:2512.00342, arXiv:2603.02574, arXiv:2605.16066, arXiv:2607.06495 ...","code-body sha256=801f101b4ba2a570 | first code lines: function isFiniteNumber(x: unknown): x is number { / return typeof x === ""number"" && Number.isFinite(x); / }",packages/data-ingestion/src/2609-01337v1-calibration.ts,"Calibration diagnostics: Brier score, clamped log-loss, binned reliability diagrams with expected calibration error, and pool-adjacent-violators isotonic recalibration. * *","ACCEPTANCE_GATE, ARXIV_ID, ENABLED, LANE, ReliabilityBin, VERDICT, brierScore, ece",7,"arXiv:2501.08710, arXiv:2512.00342, arXiv:2603.02574, arXiv:2605.16066, arXiv:2607.06495, arXiv:2607.11432, arXiv:2609.04754"
2609-02854v1-tracklet-association,arXiv:2609.02854,MuyBridge: Mobile Human Center-of-Mass Estimation from Monocular Video via Sparse Fusion,true,TEMPLATE_STAMP,"code body byte-identical to 30 other module(s) filed under different arXiv ids: arXiv:2411.08216, arXiv:2411.17450, arXiv:2412.15673, arXiv:2412.16454, arXiv:2501.10299 ...","code-body sha256=213885ee78794c8d | first code lines: function isFiniteNumber(x: unknown): x is number { / return typeof x === ""number"" && Number.isFinite(x); / }",packages/data-ingestion/src/2609-02854v1-tracklet-association.ts,,"ACCEPTANCE_GATE, ARXIV_ID, Assignment, ENABLED, LANE, TrackPoint, VERDICT, cosineDistance",30,"arXiv:2411.08216, arXiv:2411.17450, arXiv:2412.15673, arXiv:2412.16454, arXiv:2501.10299, arXiv:2502.02785, arXiv:2502.21242, arXiv:2503.19355"
2609-04754v1-calibration,arXiv:2609.04754,,true,TEMPLATE_STAMP,"code body byte-identical to 7 other module(s) filed under different arXiv ids: arXiv:2501.08710, arXiv:2512.00342, arXiv:2603.02574, arXiv:2605.16066, arXiv:2607.06495 ...","code-body sha256=801f101b4ba2a570 | first code lines: function isFiniteNumber(x: unknown): x is number { / return typeof x === ""number"" && Number.isFinite(x); / }",packages/data-ingestion/src/2609-04754v1-calibration.ts,"Calibration diagnostics: Brier score, clamped log-loss, binned reliability diagrams with expected calibration error, and pool-adjacent-violators isotonic recalibration. * *","ACCEPTANCE_GATE, ARXIV_ID, ENABLED, LANE, ReliabilityBin, VERDICT, brierScore, ece",7,"arXiv:2501.08710, arXiv:2512.00342, arXiv:2603.02574, arXiv:2605.16066, arXiv:2607.06495, arXiv:2607.11432, arXiv:2609.01337"
2609-06739v1-market-feed,arXiv:2609.06739,The profit-bias identity in sports betting: bookmaker profit as the public's prediction error,true,TEMPLATE_STAMP,"code body byte-identical to 6 other module(s) filed under different arXiv ids: arXiv:2501.05873, arXiv:2508.15956, arXiv:2509.14645, arXiv:2510.16008, arXiv:2607.14430 ...","code-body sha256=f2daaea4a1277785 | first code lines: function isFiniteNumber(x: unknown): x is number { / return typeof x === ""number"" && Number.isFinite(x); / }",packages/data-ingestion/src/2609-06739v1-market-feed.ts,"Market microstructure primitives: American-to-implied probability conversion, overround devigging by normalization, closing-line value, median consensus lines, and steam-move magnitude. * *","ACCEPTANCE_GATE, ARXIV_ID, ENABLED, LANE, VERDICT, americanToImplied, clvPct, consensusLine",6,"arXiv:2501.05873, arXiv:2508.15956, arXiv:2509.14645, arXiv:2510.16008, arXiv:2607.14430, arXiv:2608.12291"
2609-07512-weather-feature,arXiv:2609.07512,Statistical versus machine learning-based spatial interpolation of post-processed ensemble weather forecasts,true,TEMPLATE_STAMP,"code body byte-identical to 4 other module(s) filed under different arXiv ids: arXiv:2412.15832, arXiv:2506.15578, arXiv:2507.18937, arXiv:2604.19340","code-body sha256=cf5db22ef543f06f | first code lines: function isFiniteNumber(x: unknown): x is number { / return typeof x === ""number"" && Number.isFinite(x); / }",packages/data-ingestion/src/2609-07512-weather-feature.ts,"Game-time weather features: ideal-gas air density from temperature and station pressure, linear wind total-points drag (zeroed for domes), and precipitation classification for totals/spread adjustment","ACCEPTANCE_GATE, ARXIV_ID, ENABLED, GameWeatherFeature, LANE, VERDICT, airDensity, gameWeatherFeature",4,"arXiv:2412.15832, arXiv:2506.15578, arXiv:2507.18937, arXiv:2604.19340"
2609-07559v1-feed-schema,arXiv:2609.07559,"Scoring Without the Engine: Validating a Deterministic, Manipulation-Resistant Content Score for Generative Engines, End to End",true,TEMPLATE_STAMP,"code body byte-identical to 9 other module(s) filed under different arXiv ids: arXiv:2508.13396, arXiv:2508.17157, arXiv:2601.06112, arXiv:2602.03189, arXiv:2603.14629 ...","code-body sha256=fddd4309088e30f1 | first code lines: export type FieldType = ""number"" | ""string"" | ""boolean""; / export interface FieldSpec { / name: string;",packages/data-ingestion/src/2609-07559v1-feed-schema.ts,"Feed hygiene primitives: typed schema validation with range checks, field-name normalization maps, null-rate quality metrics, and key-based dedup — fail-closed on malformed rows. * *","ACCEPTANCE_GATE, ARXIV_ID, ENABLED, FieldSpec, LANE, VERDICT, ValidationResult, dedupeByKey",9,"arXiv:2508.13396, arXiv:2508.17157, arXiv:2601.06112, arXiv:2602.03189, arXiv:2603.14629, arXiv:2604.16870, arXiv:2604.17111, arXiv:2607.15899"
2609-07617v1-score-model,arXiv:2609.07617,Forecasting the Winner of a Live Tennis Match,true,TEMPLATE_STAMP,"code body byte-identical to 10 other module(s) filed under different arXiv ids: arXiv:2502.01613, arXiv:2503.02137, arXiv:2506.02351, arXiv:2508.04008, arXiv:2509.01243 ...","code-body sha256=1cc11dba1cec3e0b | first code lines: function isFiniteNumber(x: unknown): x is number { / return typeof x === ""number"" && Number.isFinite(x); / }",packages/data-ingestion/src/2609-07617v1-score-model.ts,"Score-distribution modeling: Poisson PMF for goal counts, Abramowitz-Stegun normal CDF for spread/total win probabilities, and Dixon-Coles low-score correlation adjustments. * *","ACCEPTANCE_GATE, ARXIV_ID, ENABLED, LANE, VERDICT, dixonColesAdjustment, normalCdf, poissonPmf",10,"arXiv:2502.01613, arXiv:2503.02137, arXiv:2506.02351, arXiv:2508.04008, arXiv:2509.01243, arXiv:2511.17733, arXiv:2512.08591, arXiv:2601.11492"
2609-10498v1-tracklet-association,arXiv:2609.10498,Field Converter: Geometry-Initialized Temporal Residual Refinement for World-Grounded Player Pose Estimation from Soccer Broadcasts,true,TEMPLATE_STAMP,"code body byte-identical to 30 other module(s) filed under different arXiv ids: arXiv:2411.08216, arXiv:2411.17450, arXiv:2412.15673, arXiv:2412.16454, arXiv:2501.10299 ...","code-body sha256=213885ee78794c8d | first code lines: function isFiniteNumber(x: unknown): x is number { / return typeof x === ""number"" && Number.isFinite(x); / }",packages/data-ingestion/src/2609-10498v1-tracklet-association.ts,,"ACCEPTANCE_GATE, ARXIV_ID, Assignment, ENABLED, LANE, TrackPoint, VERDICT, cosineDistance",30,"arXiv:2411.08216, arXiv:2411.17450, arXiv:2412.15673, arXiv:2412.16454, arXiv:2501.10299, arXiv:2502.02785, arXiv:2502.21242, arXiv:2503.19355"
2609-15309v1-team-rating,arXiv:2609.15309,When Agents Slow Down: Understanding LLM Agents' Test-Time Strategies via Elo-per-token Analysis,true,TEMPLATE_STAMP,"code body byte-identical to 14 other module(s) filed under different arXiv ids: arXiv:2501.16565, arXiv:2503.09737, arXiv:2504.09759, arXiv:2507.08108, arXiv:2507.18404 ...","code-body sha256=b8ff60d81675071d | first code lines: function isFiniteNumber(x: unknown): x is number { / return typeof x === ""number"" && Number.isFinite(x); / }",packages/data-ingestion/src/2609-15309v1-team-rating.ts,"Pairwise-comparison rating machinery: Elo expected scores with zero-sum updates, log-scaled margin-of-victory K adjustment, and one minorization-maximization Bradley-Terry iteration from a wins matrix","ACCEPTANCE_GATE, ARXIV_ID, ENABLED, LANE, VERDICT, bradleyTerryIteration, eloExpectedScore, eloUpdate",14,"arXiv:2501.16565, arXiv:2503.09737, arXiv:2504.09759, arXiv:2507.08108, arXiv:2507.18404, arXiv:2510.14723, arXiv:2512.04407, arXiv:2603.24015"
archive-schema-2406,arXiv:2406.01273,"NFL archive DB schema descriptors (games, pbp, rosters, injuries, odds, transcripts)",true,UNRESOLVED,"unique code body; paper attribution NOT verified. Screen abandoned, so no claim either way.",code-body sha256=4344dfb18876fc1e | first code lines: export interface ArchiveTable { / name: string; / description: string;,packages/data-ingestion/src/archive-schema-2406.ts,,"ArchiveTable, GSE_ARCHIVE_SCHEMA_ENABLED, LoadValidation, NFL_ARCHIVE_TABLES, validateLoad",0,
commentary-curation-2405,arXiv:2405.07354,Audio-commentary curation recipe for NFL broadcast audio (Whisper large-v3),true,UNRESOLVED,"unique code body; paper attribution NOT verified. Screen abandoned, so no claim either way.","code-body sha256=719adda53dff9dcb | first code lines: export interface CurationConfig { / model: ""whisper-large-v3""; / language: string; // ""en"" default; ""es"" triggers translation",packages/data-ingestion/src/commentary-curation-2405.ts,,"CurationConfig, DEFAULT_CURATION, GSE_COMMENTARY_CURATION_ENABLED, TranscriptSegment, curateSegments, extractionWeight, usableFraction",0,
failure-atlas-2607,arXiv:2607.17525,FailureAtlas reliability-audit harness: 5x2 failure-mode grid over provider/API hops,true,UNRESOLVED,"unique code body; paper attribution NOT verified. Screen abandoned, so no claim either way.","code-body sha256=494f691c261b0523 | first code lines: export type Persistence = ""transient"" | ""persistent""; / export type Origin = ""provider-side"" | ""client-side""; / export type FailureMechanism =",packages/data-ingestion/src/failure-atlas-2607.ts,,"AtlasReport, Classification, GSE_FAILURE_ATLAS_ENABLED, GridCell, HopAudit, IncidentReport, MECHANISM_SIGNATURES, auditHops",0,
field-registration-2405,arXiv:2405.13397,Homography field-registration contract: broadcast frame -> top-down field,true,UNRESOLVED,"unique code body; paper attribution NOT verified. Screen abandoned, so no claim either way.","code-body sha256=52c8c063d822a676 | first code lines: export type Homography = [ / [number, number, number], / [number, number, number],",packages/data-ingestion/src/field-registration-2405.ts,,"FieldPoint, FramePoint, GSE_FIELD_REGISTRATION_ENABLED, homographyTransform, registrationError, registrationGatePasses",0,
lakehouse-manifest-2310,arXiv:2310.08697,Lakehouse layout (bronze/silver/gold) with time-travel + branch corruption gate,true,UNRESOLVED,"unique code body; paper attribution NOT verified. Screen abandoned, so no claim either way.","code-body sha256=b2f6f9fdb2757c25 | first code lines: export type LakeLayer = ""bronze"" | ""silver"" | ""gold""; / export interface LakeManifest { / layer: LakeLayer;",packages/data-ingestion/src/lakehouse-manifest-2310.ts,,"GSE_LAKEHOUSE_MANIFEST_ENABLED, LakeManifest, branchGate, layerFor, timeTravel, writeManifest",0,
lakevilla-manifest-2504,arXiv:2504.20768,LakeVilla manifest pattern for multi-table atomicity in lakehouse builds,true,UNRESOLVED,"unique code body; paper attribution NOT verified. Screen abandoned, so no claim either way.","code-body sha256=b4f871aa1d2e60d5 | first code lines: export type ManifestState = ""staged"" | ""committed"" | ""aborte / export interface ManifestTable { / table: string;",packages/data-ingestion/src/lakevilla-manifest-2504.ts,,"CommitManifest, GSE_LAKEVILLA_MANIFEST_ENABLED, KillMidWriteResult, ManifestLog, ManifestTable, OrphanSweepResult, abortManifest, beginCommit",0,
llm-explanation-gate-2508,arXiv:2508.21622,LLM explanation layer with deterministic numeric-consistency checking,true,UNRESOLVED,"unique code body; paper attribution NOT verified. Screen abandoned, so no claim either way.","code-body sha256=6172608b830ca42b | first code lines: export type ExplainerRole = ""bettor"" | ""analyst"" | ""editor""; / export type OptimizerJson = Record<string, number>; / export type DraftFn = (optimizer: OptimizerJson, role: Expla",packages/data-ingestion/src/llm-explanation-gate-2508.ts,,"ConsistencyReport, GSE_LLM_EXPLANATION_GATE_ENABLED, GateEvaluation, GroundedNumber, PipelineResult, checkNumericConsistency, evaluateNumericGate, extractNumbers",0,
minhash-near-dup-2501,arXiv:2501.14755,MinHash near-duplicate detection for corpus dedup (Data-Juicer 2.0 patterns),true,UNRESOLVED,"unique code body; paper attribution NOT verified. Screen abandoned, so no claim either way.",code-body sha256=2cd3af022bbccb56 | first code lines: export interface NearDupDocument { / id: string; / text: string;,packages/data-ingestion/src/minhash-near-dup-2501.ts,,"GSE_MINHASH_DEDUP_ENABLED, MinHashOptions, NearDupDocument, NearDupPair, ResolvedMinHashOptions, estimateJaccard, findNearDuplicates, fnv1a",0,
ngs-alignment-schema-2403,arXiv:2403.12977,NGS tracking alignment schema: 22 players + ball at 10 Hz with play outcomes,true,UNRESOLVED,"unique code body; paper attribution NOT verified. Screen abandoned, so no claim either way.",code-body sha256=91e9b085aade7ee5 | first code lines: export interface NgsFrame { / frameId: number; / t: number;,packages/data-ingestion/src/ngs-alignment-schema-2403.ts,,"AlignedPlay, AlignmentIssue, EXPECTED_ENTITIES, FRAME_HZ, GSE_NGS_SIM_ENABLED, NgsFrame, validateAlignedPlay, wasserstein1",0,
oddsmaker-entropy-filter,arXiv:1710.06551,Exploiting oddsmaker bias to improve the prediction of NFL outcomes,true,UNRESOLVED,"unique code body; paper attribution NOT verified. Screen abandoned, so no claim either way.","code-body sha256=0003cc5182436d2c | first code lines: export const CONFIG = { / enabled: false, / thresholdSelection: ""cross-validation pre-2018"",",packages/data-ingestion/src/oddsmaker-entropy-filter.ts,,"ACCEPTANCE_GATE, ARXIV_ID, CONFIG, LANE, SpreadGame, argmaxSide, conditionalEntropyBySpread, entropy",0,
ot-analog-tests-2510,arXiv:2510.17641,NFL-overtime analog of the penalty-shootout fairness tests,true,UNRESOLVED,"unique code body; paper attribution NOT verified. Screen abandoned, so no claim either way.",code-body sha256=d88df83336863aab | first code lines: export interface BinomialResult { / k: number; / n: number;,packages/data-ingestion/src/ot-analog-tests-2510.ts,,"BinomialResult, GSE_OT_ANALOG_ENABLED, LogisticFit, OtAnalogDecision, OtTeamGame, binomialTwoSided, logisticFit, normalCdf",0,
play-tokenizer-2402,arXiv:2402.06820,NFL play-sequence simulator: play tuple tokenizer (60-90 token plays),true,UNRESOLVED,"unique code body; paper attribution NOT verified. Screen abandoned, so no claim either way.","code-body sha256=0e27e90d3c75c92a | first code lines: export interface PlayTuple { / playType: string; // pass, rush, punt, field_goal, kickoff,  / yardsGained: number;",packages/data-ingestion/src/play-tokenizer-2402.ts,,"GSE_PLAY_SIMULATOR_ENABLED, PlayTuple, TOKEN_VOCAB_SIZE, decodePlayType, encodePlay",0,
recap-event-tuples-2402,arXiv:2402.11191,"Recap pipeline stage 1: NFL/NBA play-by-play -> (period, time, team, event, score) tuples",true,UNRESOLVED,"unique code body; paper attribution NOT verified. Screen abandoned, so no claim either way.","code-body sha256=8c89f71d85e6c84c | first code lines: export interface PbpRow { / period: number; // quarter / period / clock: string; // ""MM:SS""",packages/data-ingestion/src/recap-event-tuples-2402.ts,,"EventTuple, GSE_RECAP_EVENT_TUPLES_ENABLED, PbpRow, ingestGame, toEventTuple",0,
regime-balancing-2404,arXiv:2404.08254,Regime-oversampling balancing module for the synthetic backbone,true,UNRESOLVED,"unique code body; paper attribution NOT verified. Screen abandoned, so no claim either way.",code-body sha256=e838c2be5832b1df | first code lines: export interface RegimeAttributes { / weatherSeverity: number; // 0..1 / restDaysBin: number; // 0..3,packages/data-ingestion/src/regime-balancing-2404.ts,,"GSE_REGIME_BALANCING_ENABLED, RegimeAttributes, TAIL_WEATHER_SEVERITY, balancingWeights, isTailRegime, tailShare, toSamplingDistribution",0,
scorebug-event-frontend-2411,arXiv:2411.00862,Event-driven scorebug-reading front end for the video lane,true,UNRESOLVED,"unique code body; paper attribution NOT verified. Screen abandoned, so no claim either way.",code-body sha256=01546f35d20b7aba | first code lines: export type GrayFrame = number[][]; / export interface ScorebugRegion { / x0: number;,packages/data-ingestion/src/scorebug-event-frontend-2411.ts,,"GSE_SCOREBUG_EVENT_FRONTEND_ENABLED, OcrRead, ScorebugEvent, ScorebugRegion, detectChangedFrames, diffReadsToEvents, frameDifference, parseScorebugRead",0,
scoreline-metric-2607,arXiv:2607.18084,Scoreline partial-credit metric + availability-aware engine evaluation,true,UNRESOLVED,"unique code body; paper attribution NOT verified. Screen abandoned, so no claim either way.","code-body sha256=672eb0e02705f2e6 | first code lines: export type OutcomeClass = ""home"" | ""draw"" | ""away""; / export const SCORELINE_OUTCOME_POINTS = 45; / export const SCORELINE_MARGIN_POINTS = 30;",packages/data-ingestion/src/scoreline-metric-2607.ts,,"GSE_SCORELINE_EVAL_ENABLED, LockedPick, ProtocolCheck, SCORELINE_MARGIN_POINTS, SCORELINE_OUTCOME_POINTS, SCORELINE_TOTAL_POINTS, ScorelineForecast, VariantScore",0,
stance-pipeline-2408,arXiv:2408.02520,Few-shot topic/stance pipeline for the signal desk (NFL injury/trade storylines),true,UNRESOLVED,"unique code body; paper attribution NOT verified. Screen abandoned, so no claim either way.","code-body sha256=365f26bd70eb9780 | first code lines: export type Stance = ""supports"" | ""refutes"" | ""neutral""; / export interface LabeledTweet { / id: string;",packages/data-ingestion/src/stance-pipeline-2408.ts,,"GSE_STANCE_PIPELINE_ENABLED, LabeledTweet, StancePrompt, UnlabeledTweet, buildStancePrompt, perClassF1, retrieveFewShot",0,
stint-extractor-2503,arXiv:2503.19809,Tracking entity schema + event/stint extraction + sim-to-real MMD gap,true,UNRESOLVED,"unique code body; paper attribution NOT verified. Screen abandoned, so no claim either way.","code-body sha256=625f1037ea93917c | first code lines: export interface PlayerObservation { / playerId: string; / team: ""offense"" | ""defense"" | ""ball"";",packages/data-ingestion/src/stint-extractor-2503.ts,,"GSE_STINT_EXTRACTION_ENABLED, PlayerObservation, SimToRealGap, StintSummary, TrackingFrame, extractStints, mmdSquared, simToRealGap",0,
synthetic-game-table-schema-2309,arXiv:2309.01472,Embedding-diffusion synthetic game-table backbone: schema + fidelity metrics,true,UNRESOLVED,"unique code body; paper attribution NOT verified. Screen abandoned, so no claim either way.","code-body sha256=a7de9cc2dda797b6 | first code lines: export type GameTableColumnKind = ""categorical"" | ""numeric""  / export interface GameTableColumn { / name: string;",packages/data-ingestion/src/synthetic-game-table-schema-2309.ts,,"EMBEDDING_DIMS, GSE_EMBEDDING_DIFFUSION_ENABLED, GameTableColumn, SYNTHETIC_GAME_TABLE_SCHEMA, omegaCol, omegaRow",0,
tabsyn-config-2310,arXiv:2310.09656,TabSyn synthetic-season backbone: quantile transform + column tokenizer config,true,UNRESOLVED,"unique code body; paper attribution NOT verified. Screen abandoned, so no claim either way.",code-body sha256=ea669f28e29aeaa5 | first code lines: export interface TabSynConfig { / tokenDim: 4; / skewedNumericColumns: string[];,packages/data-ingestion/src/tabsyn-config-2310.ts,,"GSE_TABSYN_ENABLED, TABSYN_DEFAULT_CONFIG, TabSynConfig, columnDensityError, inverseNormalCdf, quantileTransform, tabsynGatePasses",0,
actuary-doctrine-2509,arXiv:2509.04546,"Actuary-grade engine-honesty doctrine: Brier/log-loss primacy, override audit, staleness check",true,UNRESOLVED,"unique code body; paper attribution NOT verified. Screen abandoned, so no claim either way.",code-body sha256=ec0c493642e51c6c | first code lines: export interface ScoredGame { / engineP: number; / overrideP?: number;,packages/feature-store/src/actuary-doctrine-2509.ts,,"GSE_ACTUARY_DOCTRINE_ENABLED, OverrideAudit, ScoredGame, StalenessCheck, brierScore, logLoss, overrideAudit, stalenessCheck",0,
aimd-throttler-2511,arXiv:2511.03279,Rule-based AIMD adaptive throttler (DRL rejected per the gate),true,UNRESOLVED,"unique code body; paper attribution NOT verified. Screen abandoned, so no claim either way.",code-body sha256=120505270e246534 | first code lines: export interface AimdConfig { / initialIntervalMs: number; / additiveMs: number;,packages/feature-store/src/aimd-throttler-2511.ts,,"AimdConfig, AimdSimResult, AimdState, DEFAULT_AIMD_CONFIG, GSE_AIMD_THROTTLER_ENABLED, aimdObserve, aimdStep, aimdWaitMs",0,
atb-throttler-2510,arXiv:2510.04516,ATB adaptive token-bucket retry for the data-fetch harness,true,UNRESOLVED,"unique code body; paper attribution NOT verified. Screen abandoned, so no claim either way.",code-body sha256=70492ead6e8c4048 | first code lines: export interface AtbConfig { / capacity: number; / initialRate: number;,packages/feature-store/src/atb-throttler-2510.ts,,"AtbConfig, AtbState, DEFAULT_ATB_CONFIG, GSE_ATB_THROTTLER_ENABLED, atbAllow, atbObserve, initAtb, simulateWeek",0,
attribution-schema-2403,arXiv:2403.04873,Own/ally/enemy attribution schema for NFL skill positions,true,UNRESOLVED,"unique code body; paper attribution NOT verified. Screen abandoned, so no claim either way.","code-body sha256=b016dad656949936 | first code lines: export type AttributionLayer = ""own"" | ""ally"" | ""enemy""; / export interface AttributionRecord { / playerId: string;",packages/feature-store/src/attribution-schema-2403.ts,,"AttributionRecord, GSE_ATTRIBUTION_ENABLED, decomposeAttribution, ownEffect, rmse",0,
betaprime-shrinkage-2604,arXiv:2604.04673,BetaPrime-hyperprior radial shrinkage for early-season team EPA effects,true,UNRESOLVED,"unique code body; paper attribution NOT verified. Screen abandoned, so no claim either way.",code-body sha256=c85240a002b8c7dc | first code lines: export interface ShrinkageParams { / a: number; / b: number;,packages/feature-store/src/betaprime-shrinkage-2604.ts,,"GSE_BETAPRIME_SHRINKAGE_ENABLED, ShrinkageParams, ShrinkageResult, betaprimeShrink, mse",0,
blown-lead-monitor-2601,arXiv:2601.18774,Pathwise calibration monitor for the in-game win-probability model (blown-lead law),true,UNRESOLVED,"unique code body; paper attribution NOT verified. Screen abandoned, so no claim either way.",code-body sha256=c7177e4624bfc3d6 | first code lines: export interface WpGame { / preGameWpLoser: number; / loserPeakWp: number;,packages/feature-store/src/blown-lead-monitor-2601.ts,,"BlownLeadVerdict, GSE_BLOWN_LEAD_MONITOR_ENABLED, TierResult, WpGame, blownLeadMonitor, favoriteTier, ksCritical05, ksStatistic",0,
conformal-qc-2512,arXiv:2512.14727,"Conformal/CQR interval QC protocol: block bootstrap, conditional coverage, min-window rule",true,UNRESOLVED,"unique code body; paper attribution NOT verified. Screen abandoned, so no claim either way.",code-body sha256=bb627f02f77f5556 | first code lines: export interface CalibrationRecord { / block: number; / nominal: number;,packages/feature-store/src/conformal-qc-2512.ts,,"BootstrapCoverage, CalibrationRecord, ConditionalCoverageBin, GSE_CONFORMAL_QC_ENABLED, QcVerdict, blockBootstrapCoverage, conformalQc",0,
covariate-bt-2606,arXiv:2606.07492,Regime-conditional team strength: fusion-regularized covariate Bradley-Terry,true,UNRESOLVED,"unique code body; paper attribution NOT verified. Screen abandoned, so no claim either way.",code-body sha256=3cac4b01ab826ee0 | first code lines: export interface CovariateGame { / home: string; / away: string;,packages/feature-store/src/covariate-bt-2606.ts,,"COVARIATE_NAMES, CovariateFit, CovariateGame, GSE_COVARIATE_BT_ENABLED, TripletWeek, covariateLogLoss, fitCovariateBT, impliedRanking",0,
cycle-enrichment-2508,arXiv:2508.19848,Cycle-enrichment diagnostic for rating-model overconfidence in hierarchy,true,UNRESOLVED,"unique code body; paper attribution NOT verified. Screen abandoned, so no claim either way.",code-body sha256=8cdd3227fcdd253a | first code lines: export interface RatedGame { / home: string; / away: string;,packages/feature-store/src/cycle-enrichment-2508.ts,,"CycleEnrichment, GSE_CYCLE_ENRICHMENT_ENABLED, RatedGame, buildWinGraph, cycleEnrichment, standingCheckAdopt",0,
discovered-signal-store-2405,arXiv:2405.03708,Discovered-signal storage layout (FTSF chunking for dense learned signals),true,UNRESOLVED,"unique code body; paper attribution NOT verified. Screen abandoned, so no claim either way.",code-body sha256=d5c1ec8caa126c84 | first code lines: export interface SignalChunk { / id: string; / chunkIndex: number;,packages/feature-store/src/discovered-signal-store-2405.ts,,"DiscoveredSignal, GSE_DISCOVERED_SIGNAL_STORE_ENABLED, SignalChunk, assembleSlice, chunkPlan, chunksForSlice",0,
elo-scales-2604,arXiv:2604.03840,"Elo optimal scaling: ranking scale vs prediction scale, maturity, noise correction",true,UNRESOLVED,"unique code body; paper attribution NOT verified. Screen abandoned, so no claim either way.",code-body sha256=a65291fd6600106b | first code lines: export interface ScaledElo { / rankingRating: number; / logisticScale: number;,packages/feature-store/src/elo-scales-2604.ts,,"GSE_ELO_SCALES_ENABLED, MaturityCoverage, MonthlyFit, ScaledElo, fitLogisticScale, maturityCoverageGate, noiseCorrectionVariance, predictionScaleWp",0,
elo-tuning-2512,arXiv:2512.18013,Empirical Elo parameterization: K grid tuning + rating-diff to win-probability map,true,UNRESOLVED,"unique code body; paper attribution NOT verified. Screen abandoned, so no claim either way.",code-body sha256=48bf80bb9fa71599 | first code lines: export interface EloGame { / home: string; / away: string;,packages/feature-store/src/elo-tuning-2512.ts,,"EloGame, EloTuneResult, EmpiricalMapCheck, EmpiricalMapPoint, GSE_ELO_TUNING_ENABLED, TuneGate, eloTuneGate, empiricalWinProbMap",0,
engagement-aggregates-2309,arXiv:2309.14390,First-party audience churn features: per-user trailing-30d daily aggregates,true,UNRESOLVED,"unique code body; paper attribution NOT verified. Screen abandoned, so no claim either way.","code-body sha256=025d792b64ec0fad | first code lines: export type EngagementKind = ""pageview"" | ""newsletter_open""  / export interface EngagementEvent { / userId: string;",packages/feature-store/src/engagement-aggregates-2309.ts,,"CHURN_WINDOW_DAYS, EngagementAggregate, EngagementEvent, GSE_CHURN_TRANSFORMER_ENABLED, aggregateEngagement",0,
hodge-diagnostic-2607,arXiv:2607.04590,Cycle-consistency diagnostic for pairwise rating machinery (Hodge decomposition),true,UNRESOLVED,"unique code body; paper attribution NOT verified. Screen abandoned, so no claim either way.",code-body sha256=58a269088991c9d0 | first code lines: export interface ComparisonEdge { / i: string; / j: string;,packages/feature-store/src/hodge-diagnostic-2607.ts,,"ComparisonEdge, GSE_HODGE_DIAGNOSTIC_ENABLED, HodgeDecomposition, HodgeVerdict, hodgeBootstrap, hodgeDecompose",0,
katz-score-2607,arXiv:2607.23509,Recency-weighted modified-Katz team-strength feature,true,UNRESOLVED,"unique code body; paper attribution NOT verified. Screen abandoned, so no claim either way.",code-body sha256=52781ac57f4aa068 | first code lines: export interface KatzGame { / winner: string; / loser: string;,packages/feature-store/src/katz-score-2607.ts,,"DEFAULT_KATZ_CONFIG, GSE_KATZ_SCORE_ENABLED, KatzConfig, KatzGame, katzFeature, katzScores",0,
kelly-harness-2511,arXiv:2511.14537,Betting-game harness: Kelly-fractional model comparison on held-out seasons,true,UNRESOLVED,"unique code body; paper attribution NOT verified. Screen abandoned, so no claim either way.","code-body sha256=4eb9fab66ac41b8e | first code lines: export interface ModelGameProb { / gameId: string; / probs: Record<string, number>;",packages/feature-store/src/kelly-harness-2511.ts,,"GSE_KELLY_HARNESS_ENABLED, HeadToHead, KellyBet, ModelGameProb, SeasonComparison, compareSeason, headToHead, kellyFraction",0,
leaderboard-stability-2606,arXiv:2606.02547,Pluralistic-leaderboard stability audit for the weekly pick sheet,true,UNRESOLVED,"unique code body; paper attribution NOT verified. Screen abandoned, so no claim either way.",code-body sha256=0003ef7689322474 | first code lines: export interface RankedPick { / cluster: string; / profit: number;,packages/feature-store/src/leaderboard-stability-2606.ts,,"GSE_LEADERBOARD_STABILITY_ENABLED, GammaHatResult, RankedPick, StabilityAdopt, WeeklyAudit, auditWeek, gammaHat, stabilityAuditAdopt",0,
lopo-gate-2605,arXiv:2605.05487,Leave-one-player-out validation gate + signed-residual efficiency metric,true,UNRESOLVED,"unique code body; paper attribution NOT verified. Screen abandoned, so no claim either way.",code-body sha256=cc162309253fc649 | first code lines: export interface PlayerObservation { / playerId: string; / features: number[];,packages/feature-store/src/lopo-gate-2605.ts,,"EfficiencyFlag, FoldScore, GSE_LOPO_GATE_ENABLED, LopoFold, LopoReport, PlayerObservation, efficiencyFlags, lopoFolds",0,
decision-utility-weighting-2406,arXiv:2406.03321,Decision-utility (BPDS) weighting for the GSE ensemble,true,UNRESOLVED,"unique code body; paper attribution NOT verified. Screen abandoned, so no claim either way.",code-body sha256=bceb4db422037ce5 | first code lines: export interface ModelDensity { / model: string; / probs: number[];,packages/feature-store/src/metrics/decision-utility-weighting-2406.ts,,"GSE_BPDS_WEIGHTING_ENABLED, ModelDensity, StakeProfile, bmaWeights, bpdsWeights, expectedUtility",0,
drive-temporal-graph-2308,arXiv:2308.11142,"Drive-as-temporal-graph encoding (port the encoding, not the architecture)",true,UNRESOLVED,"unique code body; paper attribution NOT verified. Screen abandoned, so no claim either way.","code-body sha256=f1e35fc54f4de8de | first code lines: export type PlayType = ""pass"" | ""rush"" | ""kick"" | ""punt"" | "" / export interface DrivePlay { / playId: string;",packages/feature-store/src/metrics/drive-temporal-graph-2308.ts,,"DriveGraphEdge, DriveGraphNode, DrivePlay, DriveTemporalGraph, GSE_DRIVE_GRAPH_MODEL_ENABLED, buildDriveTemporalGraphs",0,
form-decomposition-2405,arXiv:2405.17214,Team form decomposition: between-season level + within-season trajectory,true,UNRESOLVED,"unique code body; paper attribution NOT verified. Screen abandoned, so no claim either way.",code-body sha256=e9c1eacf1dadd9c6 | first code lines: export interface TeamWeek { / team: string; / season: number;,packages/feature-store/src/metrics/form-decomposition-2405.ts,,"FormDecomposition, GSE_FORM_DECOMP_ENABLED, TeamWeek, fitTrajectory, formDecompGatePasses, mse, predictForm",0,
fourth-down-grid-2309,arXiv:2309.00756,4th-down coach-risk state grid with empirical transitions (gse_coach_risk port),true,UNRESOLVED,"unique code body; paper attribution NOT verified. Screen abandoned, so no claim either way.","code-body sha256=02719cf73da1c024 | first code lines: export type FourthDownAction = ""GO"" | ""PUNT"" | ""FG""; / export interface GridPlay { / yardline: number; // 0..100",packages/feature-store/src/metrics/fourth-down-grid-2309.ts,,"EmpiricalTransition, GSE_COACH_RISK_ENABLED, GridPlay, GridState, binYardline, buildEmpiricalTransitions, valueIteration",0,
glicko2-modified-2310,arXiv:2310.11459,Modified Glicko-2 for NFL (HFA inside expectation + season-start update),true,UNRESOLVED,"unique code body; paper attribution NOT verified. Screen abandoned, so no claim either way.",code-body sha256=4e4a9261f9346fc7 | first code lines: export interface Glicko2Rating { / mu: number; / phi: number;,packages/feature-store/src/metrics/glicko2-modified-2310.ts,,"GLICKO2_SCALE, GSE_GLICKO2_MOD_ENABLED, Glicko2Rating, HOME_ADVANTAGE, RatedGame, expectation, seasonStartUpdate, updateRating",0,
k-scaling-frontier-2410,arXiv:2410.09180,sqrt(K) scaling frontier for Elo K-factor scheduling + bias curve,true,UNRESOLVED,"unique code body; paper attribution NOT verified. Screen abandoned, so no claim either way.",code-body sha256=d0fc8888a1479809 | first code lines: export interface FrontierPoint { / k: number; / dispersion: number;,packages/feature-store/src/metrics/k-scaling-frontier-2410.ts,,"BiasPoint, FrontierPoint, GSE_K_FRONTIER_ENABLED, biasCurve, fitSqrtKFrontier, kFromBudget, kFrontierGatePasses",0,
live-event-model-2312,arXiv:2312.04338,Live-game Cox/Hawkes-style event model (live probability engine events),true,UNRESOLVED,"unique code body; paper attribution NOT verified. Screen abandoned, so no claim either way.","code-body sha256=e5dc18a0560571ae | first code lines: export type LiveEventKind = / | ""home_td"" | ""away_td"" | ""home_fg"" | ""away_fg"" / | ""injury_shock"" | ""weather_shock"";",packages/feature-store/src/metrics/live-event-model-2312.ts,,"DEFAULT_INTENSITY, GSE_LIVE_EVENT_MODEL_ENABLED, IntensityParams, TimedEvent, intensityAt, logLikelihood",0,
luck-depth-bt-2312,arXiv:2312.04711,Luck+depth Bradley-Terry rating layer (engine-honesty infrastructure),true,UNRESOLVED,"unique code body; paper attribution NOT verified. Screen abandoned, so no claim either way.","code-body sha256=4a50f6cb357c03e2 | first code lines: export interface LuckDepthParams { / alpha: number; // irreducible upset rate in [0, 1) / beta: number; // depth (positive)",packages/feature-store/src/metrics/luck-depth-bt-2312.ts,,"GSE_LUCK_DEPTH_BT_ENABLED, LuckDepthParams, RatedPair, fitLuckDepth, luckDepthGainPerGame, luckDepthProb, meanLogLikelihood",0,
minimax-regret-2403,arXiv:2403.11016,"Minimax-regret (MMR) engine selection over (training-era, prediction-era) states",true,UNRESOLVED,"unique code body; paper attribution NOT verified. Screen abandoned, so no claim either way.",code-body sha256=8aea75240a728374 | first code lines: export interface EngineState { / trainEra: string; / predictEra: string;,packages/feature-store/src/metrics/minimax-regret-2403.ts,,"EngineState, GSE_MINIMAX_REGRET_ENABLED, RegretMatrix, averageRank, maxRegret, mmrDisagrees, regretMatrix",0,
openskill-ratings-2401,arXiv:2401.05451,OpenSkill (Plackett-Luce) NFL team-rating backend,true,UNRESOLVED,"unique code body; paper attribution NOT verified. Screen abandoned, so no claim either way.",code-body sha256=72c03516dbc617c0 | first code lines: export interface OpenSkillRating { / mu: number; / sigma: number;,packages/feature-store/src/metrics/openskill-ratings-2401.ts,,"GSE_OPENSKILL_ENABLED, OPENSKILL_BETA, OPENSKILL_DEFAULT_MU, OPENSKILL_DEFAULT_SIGMA, OpenSkillRating, marginToRankWeight, updateDuel, winProb",0,
pre-rating-2312,arXiv:2312.12700,PRe rating module (binomial-exact score at window average + constrained max),true,UNRESOLVED,"unique code body; paper attribution NOT verified. Screen abandoned, so no claim either way.","code-body sha256=acba85d39e2cf8d9 | first code lines: function binomPmf(n: number, k: number, p: number): number { / if (p <= 0) return k === 0 ? 1 : 0; / if (p >= 1) return k === n ? 1 : 0;",packages/feature-store/src/metrics/pre-rating-2312.ts,,"GSE_PRE_RATING_ENABLED, binomialExactScore, preRating, uniformWindowTheorem",0,
spectral-ranker-2309,arXiv:2309.03808,Spectral team ranker (Algorithm 1 unnormalized + Algorithm 2 degree-normalized),true,UNRESOLVED,"unique code body; paper attribution NOT verified. Screen abandoned, so no claim either way.",code-body sha256=7cb2f13441fdbed5 | first code lines: export interface GameDifferential { / teamA: string; / teamB: string;,packages/feature-store/src/metrics/spectral-ranker-2309.ts,,"GSE_SPECTRAL_RANKER_ENABLED, GameDifferential, MOV_CAP, buildHMatrix, cappedMargin, kendallsTau, spectralRankAlgorithm1, spectralRankAlgorithm2",0,
tuned-elo-2403,arXiv:2403.03862,Tuned-Elo baseline: K grid + HFA + regression-to-mean on nflverse 2000-2025,true,UNRESOLVED,"unique code body; paper attribution NOT verified. Screen abandoned, so no claim either way.",code-body sha256=04bd93bd2fc619f9 | first code lines: export interface EloConfig { / k: number; / hfa: number; // rating points added to the home team,packages/feature-store/src/metrics/tuned-elo-2403.ts,,"EloConfig, FIXED_RECIPE, GSE_TUNED_ELO_ENABLED, K_GRID, expectedScore, meanLogLoss, regressToMean, tuneK",0,
network-centrality-2409,arXiv:2409.13098,"Network-centrality metric set for NGS target networks (per-quarter, motifs)",true,UNRESOLVED,"unique code body; paper attribution NOT verified. Screen abandoned, so no claim either way.",code-body sha256=3f4a0e7aad0ed224 | first code lines: export interface QuarterNetwork { / quarter: number; / adjacency: number[][];,packages/feature-store/src/network-centrality-2409.ts,,"GSE_NETWORK_CENTRALITY_ENABLED, QuarterNetwork, centralitySeries, degreeCentrality, personnelChurn, triangleMotifs",0,
next-play-features-2402,arXiv:2402.06815,Team-contextualized next-play event model: pre-play state -> feature vector,true,UNRESOLVED,"unique code body; paper attribution NOT verified. Screen abandoned, so no claim either way.",code-body sha256=1921487a63f6b2eb | first code lines: export interface PrePlayState { / down: number; / distance: number;,packages/feature-store/src/next-play-features-2402.ts,,"GSE_TEAM_CONTEXT_MODEL_ENABLED, NEXT_PLAY_FEATURE_DIM, PrePlayState, encodePrePlayState, teamContextKey",0,
phantom-bt-2606,arXiv:2606.03805,Phantom-player regularization for weekly Bradley-Terry power ratings,true,UNRESOLVED,"unique code body; paper attribution NOT verified. Screen abandoned, so no claim either way.",code-body sha256=2718f225dfe3ab62 | first code lines: export interface BtGame { / home: string; / away: string;,packages/feature-store/src/phantom-bt-2606.ts,,"BtFitOptions, BtGame, GSE_PHANTOM_BT_ENABLED, RhoTuneResult, WindowComparison, btLogLikelihood, btLogLoss, compareWindows",0,
play-execution-fusion-2402,arXiv:2402.09444,Play-execution quality: tracking-derived flow features for adaptive fusion,true,UNRESOLVED,"unique code body; paper attribution NOT verified. Screen abandoned, so no claim either way.",code-body sha256=ea45e695b0c58661 | first code lines: export interface TrackingFrame { / speeds: number[]; / spacings: number[];,packages/feature-store/src/play-execution-fusion-2402.ts,,"FlowFeatures, GSE_EXECUTION_FUSION_ENABLED, ModalityWeights, TrackingFrame, adaptiveFusionWeights, extractFlowFeatures",0,
rank-fusion-2603,arXiv:2603.10916,Rank-space ensemble fusion with RSC diversity weights,true,UNRESOLVED,"unique code body; paper attribution NOT verified. Screen abandoned, so no claim either way.",code-body sha256=1150582999273d1e | first code lines: export interface ModelProbs { / model: string; / probs: number[];,packages/feature-store/src/rank-fusion-2603.ts,,"FusionResult, GSE_RANK_FUSION_ENABLED, ModelProbs, rankSpaceFusion, rscWeights, scoreAverage, toRanks",0,
residual-hygiene-2401,arXiv:2401.09940,Props pipeline residual hygiene: K-fold cross-fitting + multi-calibration,true,UNRESOLVED,"unique code body; paper attribution NOT verified. Screen abandoned, so no claim either way.","code-body sha256=88c088d15a9ae694 | first code lines: export interface PlayRow { / playerId: string; / positionGroup: ""RB"" | ""WR"" | ""TE"" | ""QB"";",packages/feature-store/src/residual-hygiene-2401.ts,,"CROSS_FIT_FOLDS, CalibrationBucket, GSE_RESIDUAL_HYGIENE_ENABLED, PlayRow, crossFitFolds, foldOf, multiCalibrationBuckets, residual",0,
rest-treatments-2402,arXiv:2402.12400,ACTE rest-adjustment: player-game treatment definitions (short rest / travel),true,UNRESOLVED,"unique code body; paper attribution NOT verified. Screen abandoned, so no claim either way.",code-body sha256=936583a45dd7a768 | first code lines: export interface PlayerGame { / playerId: string; / gameId: string;,packages/feature-store/src/rest-treatments-2402.ts,,"GSE_ACTE_REST_ENABLED, LONG_TRAVEL_MILES, PlayerGame, SHORT_REST_DAYS, TreatmentAssignment, assignTreatments, naiveAte",0,
soft-target-bt-2606,arXiv:2606.13221,Margin-calibrated soft-target Bradley-Terry with split-conformal intervals,true,UNRESOLVED,"unique code body; paper attribution NOT verified. Screen abandoned, so no claim either way.",code-body sha256=acd2b9048b43ab89 | first code lines: export interface MarginGame { / home: string; / away: string;,packages/feature-store/src/soft-target-bt-2606.ts,,"ConformalInterval, ConformalReport, GSE_SOFT_TARGET_BT_ENABLED, MarginGame, fitMarginTemperature, fitSoftTargetBT, softTarget, splitConformalIntervals",0,
swamp-dashboard-2606,arXiv:2606.08266,Quarterly swamp-indicator dashboard for the feature store / signal inventory,true,UNRESOLVED,"unique code body; paper attribution NOT verified. Screen abandoned, so no claim either way.",code-body sha256=3fb8f7ac144d0fcb | first code lines: export interface TableInventory { / table: string; / owner?: string;,packages/feature-store/src/swamp-dashboard-2606.ts,,"GSE_SWAMP_DASHBOARD_ENABLED, QuarterComparison, SwampIndicators, TableInventory, compareQuarters, swampIndicators",0,
tendency-miner-2404,arXiv:2404.00030,Tendency-rule miner v1: confrontation matrices from play descriptions,true,UNRESOLVED,"unique code body; paper attribution NOT verified. Screen abandoned, so no claim either way.",code-body sha256=893adf2f2b1b454c | first code lines: export interface PlayFeatures { / targetDepthBucket: number; // 0..3 / separationBucket: number; // 0..2,packages/feature-store/src/tendency-miner-2404.ts,,"COL_LABELS, ConfrontationMatrix, GSE_TENDENCY_MINER_ENABLED, PlayFeatures, ROW_LABELS, associationStrengths, buildConfrontationMatrix",0,
tiered-margin-bt-2606,arXiv:2606.04387,Tiered-margin Bradley-Terry: weight fits by game informativeness,true,UNRESOLVED,"unique code body; paper attribution NOT verified. Screen abandoned, so no claim either way.","code-body sha256=a2bd1fa6ee041527 | first code lines: export type GameTier = ""playoff"" | ""late"" | ""early""; / export interface TieredGame { / home: string;",packages/feature-store/src/tiered-margin-bt-2606.ts,,"AblationResult, DEFAULT_TIER_MARGINS, GSE_TIERED_MARGIN_BT_ENABLED, TieredFit, TieredFitOptions, TieredGame, fitTieredBT, marginAblation",0,
zermelo-async-2607,arXiv:2607.22221,Synchronous vs asynchronous (Newman alpha=0) Bradley-Terry fitters,true,UNRESOLVED,"unique code body; paper attribution NOT verified. Screen abandoned, so no claim either way.",code-body sha256=3c3cd875823a2d40 | first code lines: export interface GameResult { / teamA: string; / teamB: string;,packages/feature-store/src/zermelo-async-2607.ts,,"FitResult, FitterComparison, GSE_ZERMELO_ASYNC_ENABLED, GameResult, compareFitters, fitBradleyTerry, newmanAsyncAlpha0, zermeloSync",0,
build-tuner-2309,arXiv:2309.12239,Weekly feature-build tuning controller (stage skew / spill / idle metrics),true,UNRESOLVED,"unique code body; paper attribution NOT verified. Screen abandoned, so no claim either way.",code-body sha256=25e54cb34b4801a4 | first code lines: export interface StageTelemetry { / stage: string; / taskDurationsMs: number[];,packages/ingestion-pipeline/src/build-tuner-2309.ts,,"GSE_BUILD_TUNER_ENABLED, SKEW_THRESHOLD, StageDiagnosis, StageTelemetry, costReduction, diagnoseStage, tuningGatePasses, wallClockReduction",0,
cfsc-config-2404,arXiv:2404.19383,CFSC cross-block fine-grained semantic cascade config (per-level lambda),true,UNRESOLVED,"unique code body; paper attribution NOT verified. Screen abandoned, so no claim either way.",code-body sha256=45a982820b83afab | first code lines: export interface CfscConfig { / lambdaV: number[]; / levels: number;,packages/ingestion-pipeline/src/cfsc-config-2404.ts,,"CFSC_MAX_COST_INCREASE, CFSC_TOP1_LIFT_PP, CfscConfig, GSE_CFSC_ENABLED, cfscGatePasses, fuseCascade, normalizeLambda, uniformCfsc",0,
content-gate-harness-2402,arXiv:2402.15862,LLM content gate: SportQA eval harness schema + accuracy aggregation,true,UNRESOLVED,"unique code body; paper attribution NOT verified. Screen abandoned, so no claim either way.","code-body sha256=7d09dcd865bf6dee | first code lines: export type SportQaLevel = ""L1"" | ""L2"" | ""L3""; / export interface SportQaQuestion { / id: string;",packages/ingestion-pipeline/src/content-gate-harness-2402.ts,,"GSE_CONTENT_GATE_ENABLED, MIN_L2_FOOTBALL, MIN_L3_FOOTBALL, ModelAnswer, SportQaQuestion, accuracyByLevel, parseGate",0,
context-log-manifest-2408,arXiv:2408.02498,FlorDB-style incremental context logging + content-addressed run manifests,true,UNRESOLVED,"unique code body; paper attribution NOT verified. Screen abandoned, so no claim either way.",code-body sha256=2a57bc26fc8bcc69 | first code lines: export interface InputSnapshot { / dataset: string; / contentHash: string;,packages/ingestion-pipeline/src/context-log-manifest-2408.ts,,"GSE_CONTEXT_LOG_MANIFEST_ENABLED, InputSnapshot, RunManifest, buildRunManifest, contextLogGatePasses, retroScore, verifyReproduction",0,
data-market-selector-2403,arXiv:2403.13893,DAVED data market: weekly training-set selection under charting budget,true,UNRESOLVED,"unique code body; paper attribution NOT verified. Screen abandoned, so no claim either way.",code-body sha256=529916c896eb4af0 | first code lines: export interface SellerGame { / gameId: string; / value: number;,packages/ingestion-pipeline/src/data-market-selector-2403.ts,,"GSE_DAVED_ENABLED, MarketSelection, SellerGame, davedGatePasses, selectTrainingSet",0,
latentcf-config-2405,arXiv:2405.11802,LatentCF counterfactual config: trajectory classifier + trajectory generator,true,UNRESOLVED,"unique code body; paper attribution NOT verified. Screen abandoned, so no claim either way.","code-body sha256=551d303148270166 | first code lines: export type PlaySuccessTask = ""route_target_catch"" | ""broken / export interface LatentCfConfig { / task: PlaySuccessTask;",packages/ingestion-pipeline/src/latentcf-config-2405.ts,,"DEFAULT_LATENTCF, GSE_LATENTCF_ENABLED, LatentCfConfig, dtwDistance, latentcfGatePasses, relativeImprovement",0,
prompto-harness-2408,arXiv:2408.11847,Prompto async multi-model LLM query harness + per-experiment spend tracking,true,UNRESOLVED,"unique code body; paper attribution NOT verified. Screen abandoned, so no claim either way.",code-body sha256=fc65dff28df8b564 | first code lines: export interface ModelSpend { / model: string; / tokensIn: number;,packages/ingestion-pipeline/src/prompto-harness-2408.ts,,"GSE_PROMPTO_HARNESS_ENABLED, ModelSpend, PromptRun, costPer100Prompts, experimentSpend, modelCost, promptoGatePasses, reconciles",0,
ratings-license-checklist-2312,arXiv:2312.13619,Ratings license checklist: assumption diagnostics before promoting a pairwise model,true,UNRESOLVED,"unique code body; paper attribution NOT verified. Screen abandoned, so no claim either way.",code-body sha256=8d3b7b6b555c51ff | first code lines: export interface WinMatrix { / teams: string[]; / wins: number[][];,packages/ingestion-pipeline/src/ratings-license-checklist-2312.ts,,"DiagnosticFinding, GSE_RATINGS_LICENSE_ENFORCED, MIN_GAMES_PER_TEAM, WinMatrix, countThreeCycles, ratingsLicenseChecklist, sampleDiagnostic, transitivityDiagnostic",0,
smartfeat-agenda-2309,arXiv:2309.07856,SMARTFEAT loop: versioned data agenda + AST-safe operator registry (LLM-free core),true,UNRESOLVED,"unique code body; paper attribution NOT verified. Screen abandoned, so no claim either way.","code-body sha256=0aef335aca71da91 | first code lines: export type DType = ""int"" | ""float"" | ""bool"" | ""category"" |  / export interface AgendaColumn { / name: DType extends never ? never : string;",packages/ingestion-pipeline/src/smartfeat-agenda-2309.ts,,"AgendaColumn, DataAgenda, GSE_SMARTFEAT_ENABLED, MAX_GENERATED_FEATURES, SAFE_OPERATORS, applyOperator, buildAgenda, validateOperators",0,
stat-claim-harness-2402,arXiv:2402.10979,GSE Stat-Claim Harness v1: fixture schema + exact-match stat scorer (content-QC),true,UNRESOLVED,"unique code body; paper attribution NOT verified. Screen abandoned, so no claim either way.",code-body sha256=e3eb1999a7c4c371 | first code lines: export interface StatFixture { / gameId: string; / season: number;,packages/ingestion-pipeline/src/stat-claim-harness-2402.ts,,"GSE_STAT_CLAIM_HARNESS_ENABLED, StatFill, StatFixture, exactMatchAccuracy, harnessScore, statClaimGatePasses",0,
video-arch-ladder-2403,arXiv:2403.12385,Architecture-selection ladder for the video action-recognition lane,true,UNRESOLVED,"unique code body; paper attribution NOT verified. Screen abandoned, so no claim either way.","code-body sha256=c6f44144d5ca3315 | first code lines: export type DataRegime = ""few_shot_10"" | ""few_shot_50"" | ""fu / export interface ArchResult { / architecture: string;",packages/ingestion-pipeline/src/video-arch-ladder-2403.ts,,"ArchResult, GSE_VIDEO_ARCH_LADDER_ENABLED, PAPER_RANKING, ladderVerdict, regimeReproduces",0,
video-model-gate-2410,arXiv:2410.08474,"Video-model content-pipeline gate (MCQ >= 65%, G-Eval >= 2.5)",true,UNRESOLVED,"unique code body; paper attribution NOT verified. Screen abandoned, so no claim either way.",code-body sha256=20a20b5f1f3e1c49 | first code lines: export interface VideoModelEval { / model: string; / mcqAccuracy: number;,packages/ingestion-pipeline/src/video-model-gate-2410.ts,,"GEVAL_BAR, GSE_VIDEO_MODEL_GATE_ENABLED, MCQ_BAR, VideoModelEval, rankVideoModels, videoModelGatePasses",0,
2408-09178v1-mambatrack-a-simple-baseline-for,arXiv:2408.09178,arXiv:2408.09178v1 — MambaTrack: A Simple Baseline for Multiple Object Tracking with State Space Model,true,UNRESOLVED,"unique code body; paper attribution NOT verified. Screen abandoned, so no claim either way.",code-body sha256=45443984bff9481c | first code lines: export interface RoleParams { / role: string; / sigma: number;,packages/prediction-engine/src/2408-09178v1-mambatrack-a-simple-baseline-for.ts,,"ENABLED, RoleParams, TrackPoint, kalmanPredict, meanDisplacementError, ssmPredict",0,
2408-14837v2-diffusion-models-are-realtime-game,arXiv:2408.14837,arXiv:2408.14837v2 — Diffusion Models Are Real-Time Game Engines,true,UNRESOLVED,"unique code body; paper attribution NOT verified. Screen abandoned, so no claim either way.",code-body sha256=e4d1ed530b07a311 | first code lines: export interface SimState { / playWindow: number[]; / driveSummary: number[];,packages/prediction-engine/src/2408-14837v2-diffusion-models-are-realtime-game.ts,,"ENABLED, SimState, augmentConditioning, divergenceCurve, divergenceImprovement",0,
2409-01874-partial-membership-models-for-soft,arXiv:2409.01874,arXiv:2409.01874 — Partial Membership Models for Soft Clustering of Multivariate Football Player Performance Data,true,UNRESOLVED,"unique code body; paper attribution NOT verified. Screen abandoned, so no claim either way.",code-body sha256=d82b43a5a5a230fc | first code lines: export type Membership = number[]; / export function projectToSimplex(v: readonly number[]): Memb / const n = v.length;,packages/prediction-engine/src/2409-01874-partial-membership-models-for-soft.ts,,"archetypeStability, negBinomLogPmf, projectToSimplex, randomWalkPriorLogDens",0,
2409-03940-causal-effect-of-the-infield,arXiv:2409.03940,arXiv:2409.03940 — Causal effect of the infield shift in the MLB,true,UNRESOLVED,"unique code body; paper attribution NOT verified. Screen abandoned, so no claim either way.","code-body sha256=a533c3154918ddc0 | first code lines: export function smd( / treated: readonly number[], / control: readonly number[],",packages/prediction-engine/src/2409-03940-causal-effect-of-the-infield.ts,,"BalanceRow, balanceGate, balanceTable, smd, varianceRatio",0,
2409-04889-moving-from-machine-learning-to,arXiv:2409.04889,arXiv:2409.04889 — Moving from Machine Learning to Statistics: Expected Points in American Football,true,UNRESOLVED,"unique code body; paper attribution NOT verified. Screen abandoned, so no claim either way.",code-body sha256=e7b83e9c4d6a8d16 | first code lines: export function logistic(x: number): number { / if (x >= 0) { / const e = Math.exp(-x);,packages/prediction-engine/src/2409-04889-moving-from-machine-learning-to.ts,,"bootstrapCI, catalyticShrink, clusterBootstrapReplicates, logistic, weightedLogisticFit",0,
2409-08172v4-a-bayesian-framework-for-analyzing,arXiv:2409.08172,arXiv:2409.08172v4 — A Bayesian framework for analyzing alleged cheating in sports through hidden codes,true,UNRESOLVED,"unique code body; paper attribution NOT verified. Screen abandoned, so no claim either way.",code-body sha256=93e0fbe551d46757 | first code lines: export interface GameCall { / crew: string; / calls: number;,packages/prediction-engine/src/2409-08172v4-a-bayesian-framework-for-analyzing.ts,,"GameCall, flagAnomalousGames, lrAnomalyScore, pooledCrewRate",0,
2409-09884v1-dynamic-quantification-of-player-value,arXiv:2409.09884,arXiv:2409.09884v1 — Dynamic quantification of player value for fantasy basketball,true,UNRESOLVED,"unique code body; paper attribution NOT verified. Screen abandoned, so no claim either way.","code-body sha256=f4583bf66b916d3c | first code lines: export function mean(xs: readonly number[]): number { / if (xs.length === 0) throw new Error(""mean: empty""); / return xs.reduce((s, x) => s + x, 0) / xs.length;",packages/prediction-engine/src/2409-09884v1-dynamic-quantification-of-player-value.ts,,"PassAttempt, decomposeRating, mean, passerRating, rSquared, splitRating, std",0,
2409-13888v2-causal-feature-selection-method-for,arXiv:2409.13888,arXiv:2409.13888v2 — Causal Feature Selection Method for Contextual Multi-Armed Bandits in Recommender System,true,UNRESOLVED,"unique code body; paper attribution NOT verified. Screen abandoned, so no claim either way.",code-body sha256=2676f59790140f0b | first code lines: export interface FeatureSummary { / name: string; / corr: number;,packages/prediction-engine/src/2409-13888v2-causal-feature-selection-method-for.ts,,"FeatureSummary, causalFeatureScore, rankByCausalScore, rankByCorrelation, rollingHie",0,
2409-17077v1-efficient-feature-interactions-with-transformers,arXiv:2409.17077,arXiv:2409.17077v1 — Efficient Feature Interactions with Transformers: Improving User Spending Propensity Predictions in Gaming,true,UNRESOLVED,"unique code body; paper attribution NOT verified. Screen abandoned, so no claim either way.","code-body sha256=a4f4d7ef3a05e6e9 | first code lines: export function mean(xs: readonly number[]): number { / if (xs.length === 0) throw new Error(""mean: empty""); / return xs.reduce((s, x) => s + x, 0) / xs.length;",packages/prediction-engine/src/2409-17077v1-efficient-feature-interactions-with-transformers.ts,,"decayWeights, ece, gapFeatures, mean, pavaIsotonic, std, temperatureScale",0,
2409-17129v1-bayesian-bivariate-conwaymaxwellpoisson-regression-model,arXiv:2409.17129,arXiv:2409.17129v1 — Bayesian Bivariate Conway-Maxwell-Poisson Regression Model for Correlated Count Data in Sports,true,UNRESOLVED,"unique code body; paper attribution NOT verified. Screen abandoned, so no claim either way.","code-body sha256=ae863ac5ea9d001a | first code lines: export function cmpZ(lambda: number, nu: number, terms = 60) / if (lambda <= 0 || nu <= 0) throw new Error(""cmpZ: lambda, n / let z = 0;",packages/prediction-engine/src/2409-17129v1-bayesian-bivariate-conwaymaxwellpoisson-regression-model.ts,,"bivCmpLogPmf, cmpLogPmf, cmpZ, dispersionUpdate, jointLogLoss",0,
2410-09068-modeling-and-prediction-of-the,arXiv:2410.09068,arXiv:2410.09068 — Modeling and Prediction of the UEFA EURO 2024 via Combined Statistical Learning Approaches,true,UNRESOLVED,"unique code body; paper attribution NOT verified. Screen abandoned, so no claim either way.","code-body sha256=9a777a2a257760ce | first code lines: export function bivPoisPmf(x1: number, x2: number, l1: numbe / if (x1 < 0 || x2 < 0 || !Number.isInteger(x1) || !Number.isI / throw new Error(""bivPoisPmf: counts >= 0 integers"");",packages/prediction-engine/src/2410-09068-modeling-and-prediction-of-the.ts,,"bivPoisPmf, ingameLambdas, mcHomeWinProb",0,
2410-09190v2-time-to-retrain-detecting-concept,arXiv:2410.09190,arXiv:2410.09190v2 — Time to Retrain? Detecting Concept Drifts in Machine Learning Systems,true,UNRESOLVED,"unique code body; paper attribution NOT verified. Screen abandoned, so no claim either way.","code-body sha256=acf3d8accb3b9aa0 | first code lines: export function rollingMean(losses: readonly number[], w: nu / if (w <= 0) throw new Error(""rollingMean: w > 0""); / return losses.map((_, i) => {",packages/prediction-engine/src/2410-09190v2-time-to-retrain-detecting-concept.ts,,"driftAlerts, rollingMean",0,
2410-16333-conformal-predictive-portfolio-selection,arXiv:2410.16333,arXiv:2410.16333 — Conformal Predictive Portfolio Selection,true,UNRESOLVED,"unique code body; paper attribution NOT verified. Screen abandoned, so no claim either way.",code-body sha256=b33868500ac8b2a2 | first code lines: export interface PortfolioCandidate { / id: string; / proj: number;,packages/prediction-engine/src/2410-16333-conformal-predictive-portfolio-selection.ts,,"PortfolioCandidate, riskClass, selectPortfolio",0,
2410-24029-joint-training-for-selective-prediction,arXiv:2410.24029,arXiv:2410.24029 — Joint Training for Selective Prediction,true,UNRESOLVED,"unique code body; paper attribution NOT verified. Screen abandoned, so no claim either way.",code-body sha256=dfee843c25ebe948 | first code lines: export function logistic(x: number): number { / if (x >= 0) { / const e = Math.exp(-x);,packages/prediction-engine/src/2410-24029-joint-training-for-selective-prediction.ts,,"DeferralDecision, deferralStake, logistic, policyGradientTauStep, sharpeOfPnl",0,
2411-09085v1-predictive-modeling-of-lowerlevel-english,arXiv:2411.09085,arXiv:2411.09085v1 — Predictive Modeling of Lower-Level English Club Soccer Using Crowd-Sourced Player Valuations,true,UNRESOLVED,"unique code body; paper attribution NOT verified. Screen abandoned, so no claim either way.",code-body sha256=400d3261bbcbb3e3 | first code lines: export function logistic(x: number): number { / if (x >= 0) { / const e = Math.exp(-x);,packages/prediction-engine/src/2411-09085v1-predictive-modeling-of-lowerlevel-english.ts,,"SalaryPriorParams, TeamContext, blendedRating, logistic, priorWeight",0,
2411-11012v1-optimizing-daily-fantasy-baseball-lineups,arXiv:2411.11012,arXiv:2411.11012v1 — Optimizing Daily Fantasy Baseball Lineups: A Linear Programming Approach for Enhanced Accuracy,true,UNRESOLVED,"unique code body; paper attribution NOT verified. Screen abandoned, so no claim either way.",code-body sha256=d88c269b6d4f7dcf | first code lines: export interface DfsPlayer { / id: string; / position: string;,packages/prediction-engine/src/2411-11012v1-optimizing-daily-fantasy-baseball-lineups.ts,,"DfsPlayer, hasDuplicateLineups, lineupMeanScore, optimizeLineup",0,
2411-15075v1-the-effects-of-major-league,arXiv:2411.15075,arXiv:2411.15075v1 — The Effects of Major League Baseball's Ban on Infield Shifts: A Quasi-Experimental Analysis,true,UNRESOLVED,"unique code body; paper attribution NOT verified. Screen abandoned, so no claim either way.","code-body sha256=eedeb0663e9a9c98 | first code lines: export function solveLinear(A: number[][], b: number[]): num / const n = A.length; / if (n === 0) throw new Error(""solveLinear: empty system"");",packages/prediction-engine/src/2411-15075v1-the-effects-of-major-league.ts,,"ridgeFit, rmspeRatio, solveLinear, synthCounterfactual, synthWeights",0,
2411-17900v1-pretrained-llm-adapted-with-lora,arXiv:2411.17900,arXiv:2411.17900v1 — Pretrained LLM Adapted with LoRA as a Decision Transformer for Offline RL in Quantitative Trading,true,UNRESOLVED,"unique code body; paper attribution NOT verified. Screen abandoned, so no claim either way.",code-body sha256=0929b7df6d23cfcf | first code lines: export interface TrajectoryStep { / state: number[]; / action: number[];,packages/prediction-engine/src/2411-17900v1-pretrained-llm-adapted-with-lora.ts,,"ENABLED, TrajectoryStep, encodeTrajectory, returnsToGo",0,
2412-11158v1-early-concept-drift-detection-via,arXiv:2412.11158,arXiv:2412.11158v1 — Early Concept Drift Detection via Prediction Uncertainty,true,UNRESOLVED,"unique code body; paper attribution NOT verified. Screen abandoned, so no claim either way.",code-body sha256=1779e2c51b134b14 | first code lines: export function logistic(x: number): number { / if (x >= 0) { / const e = Math.exp(-x);,packages/prediction-engine/src/2412-11158v1-early-concept-drift-detection-via.ts,,"logistic, onpUpdate, pathVariation",0,
2412-19215v1-optimizing-fantasy-sports-team-selection,arXiv:2412.19215,arXiv:2412.19215v1 — Optimizing Fantasy Sports Team Selection with Deep Reinforcement Learning,true,UNRESOLVED,"unique code body; paper attribution NOT verified. Screen abandoned, so no claim either way.",code-body sha256=31a853f84670e768 | first code lines: export interface PpoStep { / ratio: number; / advantage: number;,packages/prediction-engine/src/2412-19215v1-optimizing-fantasy-sports-team-selection.ts,,"ENABLED, PpoStep, gae, ppoSurrogate, twoHeadObjective",0,
2501-00933v1-optimizing-for-rotisserie-fantasy-basketball,arXiv:2501.00933,arXiv:2501.00933v1 — Optimizing for Rotisserie Fantasy Basketball,true,UNRESOLVED,"unique code body; paper attribution NOT verified. Screen abandoned, so no claim either way.","code-body sha256=3883c60923ec6ebe | first code lines: const GH_X = [-2.020182870456086, -0.958572464613819, 0, 0.9 / const GH_W = [0.019953242059045, 0.393619323152241, 0.945308 / export function phiStd(x: number): number {",packages/prediction-engine/src/2501-00933v1-optimizing-for-rotisserie-fantasy-basketball.ts,,"adaptivePayline, phiStd, tournamentObjective",0,
2501-18606v1-temporal-dynamics-of-goal-scoring,arXiv:2501.18606,arXiv:2501.18606v1 — Temporal Dynamics of Goal Scoring in Soccer,true,UNRESOLVED,"unique code body; paper attribution NOT verified. Screen abandoned, so no claim either way.",code-body sha256=dee3cb2bea4ccfed | first code lines: export interface BurstParams { / baseRate: number; / burstGain: number;,packages/prediction-engine/src/2501-18606v1-temporal-dynamics-of-goal-scoring.ts,,"BurstParams, burstIntensity, burstinessGateTest",0,
2502-07528v3-forecasting-the-future-development-in,arXiv:2502.07528,arXiv:2502.07528v3 — Forecasting the Future Development in Quality and Value of Professional Football Players,true,UNRESOLVED,"unique code body; paper attribution NOT verified. Screen abandoned, so no claim either way.",code-body sha256=f83633388c692a5e | first code lines: export interface TeamResiduals { / team: string; / residuals: number[];,packages/prediction-engine/src/2502-07528v3-forecasting-the-future-development-in.ts,,"TeamResiduals, conformalHalfWidth, empiricalCoverage, metaWeights, predictionBand",0,
2502-08565v3-increasing-competitiveness-by-imbalanced-groups,arXiv:2502.08565,arXiv:2502.08565v3 — Increasing competitiveness by imbalanced groups: The example of the 48-team FIFA World Cup,true,UNRESOLVED,"unique code body; paper attribution NOT verified. Screen abandoned, so no claim either way.",code-body sha256=b7b6201ee453d7c8 | first code lines: export interface IncentiveDose { / restShare: number; / restDiffDays: number;,packages/prediction-engine/src/2502-08565v3-increasing-competitiveness-by-imbalanced-groups.ts,,"IncentiveCoeffs, IncentiveDose, incentiveDiscount, shrinkCoeffs",0,
2503-07789-afbart-adaptive-functional-bayesian-additive,arXiv:2503.07789,arXiv:2503.07789 — AFBART: Adaptive Functional Bayesian Additive Regression Trees for Shot Intensity Surfaces,true,UNRESOLVED,"unique code body; paper attribution NOT verified. Screen abandoned, so no claim either way.","code-body sha256=8ddb2c5ff333a91a | first code lines: export function solveLinear(A: number[][], b: number[]): num / const n = A.length; / if (n === 0) throw new Error(""solveLinear: empty system"");",packages/prediction-engine/src/2503-07789-afbart-adaptive-functional-bayesian-additive.ts,,"adaptiveKnots, hatBasis, ridgeBasisFit, ridgeFit, rmspe, solveLinear",0,
2503-12107v1-chronosx-adapting-pretrained-time-series,arXiv:2503.12107,arXiv:2503.12107v1 — ChronosX: Adapting Pretrained Time Series Models with Exogenous Variables,true,UNRESOLVED,"unique code body; paper attribution NOT verified. Screen abandoned, so no claim either way.",code-body sha256=7a70517780502ea2 | first code lines: export interface AdapterBlock { / gain: number; / weights: number[];,packages/prediction-engine/src/2503-12107v1-chronosx-adapting-pretrained-time-series.ts,,"AdapterBlock, ENABLED, adapterForecast, lateNewsUpdate",0,
2503-16470-ornsteinuhlenbeck-process-for-horse-race,arXiv:2503.16470,arXiv:2503.16470 — Ornstein–Uhlenbeck Process for Horse Race Betting: A Micro–Macro Analysis of Herding and Informed Bettors,true,UNRESOLVED,"unique code body; paper attribution NOT verified. Screen abandoned, so no claim either way.",code-body sha256=4a618db6312aaeda | first code lines: export interface OuFit { / rInf: number; / rSquared: number;,packages/prediction-engine/src/2503-16470-ornsteinuhlenbeck-process-for-horse-race.ts,,"OuFit, fitOuClock, staleLineWindows",0,
2503-16953v1-neuralguided-equation-discovery,arXiv:2503.16953,arXiv:2503.16953v1 — Neural-Guided Equation Discovery,true,UNRESOLVED,"unique code body; paper attribution NOT verified. Screen abandoned, so no claim either way.","code-body sha256=3e5213f2dd350f53 | first code lines: export const GRAMMAR_OPS = [""+"", ""-"", ""*"", ""/"", ""log"", ""exp"" / export type Program = readonly string[]; / export function grammarValid(prog: Program, variables: reado",packages/prediction-engine/src/2503-16953v1-neuralguided-equation-discovery.ts,,"GRAMMAR_OPS, bestAggregation, embeddingSimilarity, grammarValid, skeletonOf",0,
2503-20082-optimizing-forecast-combination-weights-using,arXiv:2503.20082,arXiv:2503.20082 — Optimizing Forecast Combination Weights Using Exponentially Weighted Hit and Win Rate Losses,true,UNRESOLVED,"unique code body; paper attribution NOT verified. Screen abandoned, so no claim either way.",code-body sha256=4c442f876443f98c | first code lines: export interface SourceLoss { / source: string; / hits: number[];,packages/prediction-engine/src/2503-20082-optimizing-forecast-combination-weights-using.ts,,"SourceLoss, cauchySurrogate, combinationWeights, sourceScores",0,
2504-06163v1-action-valuation-in-sports-a,arXiv:2504.06163,arXiv:2504.06163v1 — Action Valuation in Sports: A Survey,true,UNRESOLVED,"unique code body; paper attribution NOT verified. Screen abandoned, so no claim either way.",code-body sha256=2a86976ff5a96b1d | first code lines: export function logistic(x: number): number { / if (x >= 0) { / const e = Math.exp(-x);,packages/prediction-engine/src/2504-06163v1-action-valuation-in-sports-a.ts,,"completionSurface, ervAt, logistic, offBallContribution, routeValue",0,
2504-08747v1-gridmind-a-multiagent-nlp-framework,arXiv:2504.08747,"arXiv:2504.08747v1 — GridMind: A Multi-Agent NLP Framework for Unified, Cross-Modal NFL Data Insights",true,UNRESOLVED,"unique code body; paper attribution NOT verified. Screen abandoned, so no claim either way.","code-body sha256=2b32fc0cb2418b27 | first code lines: export interface SubTask { / id: string; / agent: ""planner"" | ""retriever"" | ""nl2sql"" | ""synthesizer"";",packages/prediction-engine/src/2504-08747v1-gridmind-a-multiagent-nlp-framework.ts,,"ENABLED, SubTask, cacheKey, executedQueryScore, planLevels",0,
2504-10106v1-soccernetv3d-leveraging-sports-broadcast-replays,arXiv:2504.10106,arXiv:2504.10106v1 — SoccerNet-v3D: Leveraging Sports Broadcast Replays for 3D Scene Understanding,true,UNRESOLVED,"unique code body; paper attribution NOT verified. Screen abandoned, so no claim either way.",code-body sha256=1ca0e9a56740be7d | first code lines: export interface PinholeCam { / cx: number; cy: number; cz: number; / fx: number; fy: number;,packages/prediction-engine/src/2504-10106v1-soccernetv3d-leveraging-sports-broadcast-replays.ts,,"PinholeCam, calibrationGate, optimizeBallSize, pixelRay, project, rayMidpoint, triangulateFiltered",0,
2504-10936v1-can-llms-leverage-observational-data,arXiv:2504.10936,arXiv:2504.10936v1 — Can LLMs Leverage Observational Data? Towards Data-Driven Causal Discovery with LLMs,true,UNRESOLVED,"unique code body; paper attribution NOT verified. Screen abandoned, so no claim either way.","code-body sha256=35878c0fc47efb92 | first code lines: export function partialCorrelation( / x: readonly number[], / y: readonly number[],",packages/prediction-engine/src/2504-10936v1-can-llms-leverage-observational-data.ts,,"ENABLED, partialCorrelation, pcTestPValue, probeEdge",0,
2504-19612v1-relative-advantage-quantifying-performance-in,arXiv:2504.19612,arXiv:2504.19612v1 — Relative Advantage: Quantifying Performance in Noisy Competitive Settings,true,UNRESOLVED,"unique code body; paper attribution NOT verified. Screen abandoned, so no claim either way.","code-body sha256=6924634017d2c37e | first code lines: export interface EnvLoading { team: string; lambda: number } / export function adjustedRelativeMetric( / xA: number,",packages/prediction-engine/src/2504-19612v1-relative-advantage-quantifying-performance-in.ts,,"EnvLoading, adjustedRelativeMetric, estimateLoading",0,
2504-20877v2-preferencecentric-bandits-optimality-of-mixtures,arXiv:2504.20877,arXiv:2504.20877v2 — Preference-centric Bandits: Optimality of Mixtures and Regret-efficient Algorithms,true,UNRESOLVED,"unique code body; paper attribution NOT verified. Screen abandoned, so no claim either way.",code-body sha256=293ac7bc55edbc05 | first code lines: export interface ArmState { / count: number; / reward: number;,packages/prediction-engine/src/2504-20877v2-preferencecentric-bandits-optimality-of-mixtures.ts,,"ArmState, discountArms, dynamicUcbPick, dynamicUcbScore",0,
2505-02170v3-datadriven-team-selection-in-fantasy,arXiv:2505.02170,arXiv:2505.02170v3 — Data-Driven Team Selection in Fantasy Premier League Using Integer Programming and Predictive Modeling Approach,true,UNRESOLVED,"unique code body; paper attribution NOT verified. Screen abandoned, so no claim either way.",code-body sha256=d087e0179de43f40 | first code lines: export interface SquadPlayer { / id: string; / salary: number;,packages/prediction-engine/src/2505-02170v3-datadriven-team-selection-in-fantasy.ts,,"SquadPlayer, bakeOffWinRate, optimizeSquad",0,
2505-08342-optimal-prize-design-in-parallel,arXiv:2505.08342,arXiv:2505.08342 — Optimal Prize Design in Parallel Rank-order Contests,true,UNRESOLVED,"unique code body; paper attribution NOT verified. Screen abandoned, so no claim either way.","code-body sha256=5041b496c7710c81 | first code lines: export function skillShare( / topHeavy: number, // 0..1: share of prize pool to top 1% / fieldSize: number,",packages/prediction-engine/src/2505-08342-optimal-prize-design-in-parallel.ts,,"routeBankroll, skillShare",0,
2506-00348-beyond-winning-margin-of-victory,arXiv:2506.00348,arXiv:2506.00348 — Beyond Winning: Margin of Victory Relative to Expectation Unlocks Accurate Skill Ratings,true,UNRESOLVED,"unique code body; paper attribution NOT verified. Screen abandoned, so no claim either way.","code-body sha256=965372125488d1e4 | first code lines: export function blendedRating(gse: number, market: number, w / if (w < 0 || w > 1) throw new Error(""blendedRating: w in [0, / return w * gse + (1 - w) * market;",packages/prediction-engine/src/2506-00348-beyond-winning-margin-of-victory.ts,,"blendedRating, eloExpected, eloUpdate, logLossGate, rollingOriginTune",0,
2506-01373v1-no-train-yet-gain-towards,arXiv:2506.01373,arXiv:2506.01373v1 — No Train Yet Gain: Towards Generic Multi-Object Tracking in Sports and Beyond,true,UNRESOLVED,"unique code body; paper attribution NOT verified. Screen abandoned, so no claim either way.","code-body sha256=5b111cae71068e3f | first code lines: export function majorityVote(nums: readonly (number | null)[ / const counts = new Map<number, number>(); / for (const n of nums) {",packages/prediction-engine/src/2506-01373v1-no-train-yet-gain-towards.ts,,"associationCost, countIdSwitches, idSwitchReduction, majorityVote",0,
2506-03057v1-partially-regularized-ordinal-regression-to,arXiv:2506.03057,,true,UNRESOLVED,"unique code body; paper attribution NOT verified. Screen abandoned, so no claim either way.",code-body sha256=fb467a936bc24808 | first code lines: export function logistic(x: number): number { / if (x >= 0) { / const e = Math.exp(-x);,packages/prediction-engine/src/2506-03057v1-partially-regularized-ordinal-regression-to.ts,,"cumulativeProbs, fitOrdinalPartial, logistic, softThreshold",0,
2506-04282v1-drsr-llm-based-scientific-equation,arXiv:2506.04282,arXiv:2506.04282v1 — DrSR: LLM based Scientific Equation Discovery with Dual Reasoning from Data and Experience,true,UNRESOLVED,"unique code body; paper attribution NOT verified. Screen abandoned, so no claim either way.",code-body sha256=0b3da361b8ead1e4 | first code lines: export interface SearchInsight { / text: string; / evidence: string;,packages/prediction-engine/src/2506-04282v1-drsr-llm-based-scientific-equation.ts,,"ENABLED, ExperienceEntry, SearchInsight, auditLine, auditWorthy, ideaWorkingSet",0,
2506-22350-personneladjustment-for-home-run-park,arXiv:2506.22350,arXiv:2506.22350 — Personnel-adjustment for home run park effects in Major League Baseball,true,UNRESOLVED,"unique code body; paper attribution NOT verified. Screen abandoned, so no claim either way.","code-body sha256=d60f07af0feda34b | first code lines: export function solveLinear(A: number[][], b: number[]): num / const n = A.length; / if (n === 0) throw new Error(""solveLinear: empty system"");",packages/prediction-engine/src/2506-22350-personneladjustment-for-home-run-park.ts,,"clusterDml, residualize, ridgeFit, solveLinear",0,
2506-23424v1-petsa-parameterefficient-testtime-adaptation-for,arXiv:2506.23424,arXiv:2506.23424v1 — PETSA: Parameter-Efficient Test-Time Adaptation for Time Series Forecasting,true,UNRESOLVED,"unique code body; paper attribution NOT verified. Screen abandoned, so no claim either way.","code-body sha256=5e7509c7a4d3f3c5 | first code lines: export function aossUpdate( / value: number, / grad: number,",packages/prediction-engine/src/2506-23424v1-petsa-parameterefficient-testtime-adaptation-for.ts,,"aossRun, aossUpdate",0,
2507-02827v2-usad-endtoend-human-activity-recognition,arXiv:2507.02827,arXiv:2507.02827v2 — USAD: End-to-End Human Activity Recognition via Diffusion Model with Spatiotemporal Attention,true,UNRESOLVED,"unique code body; paper attribution NOT verified. Screen abandoned, so no claim either way.","code-body sha256=657d0620bbe23e8d | first code lines: export function conditioningVector( / stats: Record<string, number>, / means: ReadonlyMap<string, number>,",packages/prediction-engine/src/2507-02827v2-usad-endtoend-human-activity-recognition.ts,,"adaptiveCompositeLoss, classBalancedCounts, conditioningVector, focalLoss",0,
2507-08921v1-are-betting-markets-better-than,arXiv:2507.08921,arXiv:2507.08921v1 — Are Betting Markets Better than Polling in Predicting Political Elections?,true,UNRESOLVED,"unique code body; paper attribution NOT verified. Screen abandoned, so no claim either way.","code-body sha256=6f965b380a898db7 | first code lines: export function mean(xs: readonly number[]): number { / if (xs.length === 0) throw new Error(""mean: empty""); / return xs.reduce((s, x) => s + x, 0) / xs.length;",packages/prediction-engine/src/2507-08921v1-are-betting-markets-better-than.ts,,"GradedPlay, mean, pearson, playScore, positionZScores, std, teammateSeparation, winsorize",0,
2507-09098-linear-acceleration-is-a-primary,arXiv:2507.09098,arXiv:2507.09098 — Linear Acceleration Is a Primary Risk Factor for Concussion,true,UNRESOLVED,"unique code body; paper attribution NOT verified. Screen abandoned, so no claim either way.","code-body sha256=4a2ef62e68724238 | first code lines: export function secondOrderKnockoffs( / X: number[][], / rng: () => number,",packages/prediction-engine/src/2507-09098-linear-acceleration-is-a-primary.ts,,"knockoffPlusThreshold, knockoffSelect, secondOrderKnockoffs",0,
2507-11739v1-sparse-identification-of-nonlinear-dynamics,arXiv:2507.11739,arXiv:2507.11739v1 — Sparse Identification of Nonlinear Dynamics with Conformal Prediction,true,UNRESOLVED,"unique code body; paper attribution NOT verified. Screen abandoned, so no claim either way.","code-body sha256=38016f9a339e5611 | first code lines: export function solveLinear(A: number[][], b: number[]): num / const n = A.length; / if (n === 0) throw new Error(""solveLinear: empty system"");",packages/prediction-engine/src/2507-11739v1-sparse-identification-of-nonlinear-dynamics.ts,,"featureConformalInterval, olsFit, ridgeFit, sindyFit, solveLinear, survivesZeroExclusion",0,
2507-12657v1-distributional-reinforcement-learning-on-pathdependent,arXiv:2507.12657,arXiv:2507.12657v1 — Distributional Reinforcement Learning on Path-dependent Options,true,UNRESOLVED,"unique code body; paper attribution NOT verified. Screen abandoned, so no claim either way.",code-body sha256=d26bce8bbd491c33 | first code lines: export interface RbfQuantileModel { / centers: number[][]; / bandwidth: number;,packages/prediction-engine/src/2507-12657v1-distributional-reinforcement-learning-on-pathdependent.ts,,"RbfQuantileModel, cvar, predictQuantiles, probNegativeProfit, rbfFeatures",0,
2507-13033v1-exhaustive-symbolic-regression-and-model,arXiv:2507.13033,arXiv:2507.13033v1 — (Exhaustive) Symbolic Regression and model selection by minimum description length,true,UNRESOLVED,"unique code body; paper attribution NOT verified. Screen abandoned, so no claim either way.",code-body sha256=52d6b36352312d2e | first code lines: export interface EquationCandidate { / id: string; / k: number;,packages/prediction-engine/src/2507-13033v1-exhaustive-symbolic-regression-and-model.ts,,"EquationCandidate, mdlScore, prescreen, rankByMdl",0,
2507-22472-inference-in-a-generalized-bradleyterry,arXiv:2507.22472,arXiv:2507.22472 — Inference in a generalized Bradley-Terry model for paired comparisons with covariates and a growing number of subjects,true,UNRESOLVED,"unique code body; paper attribution NOT verified. Screen abandoned, so no claim either way.",code-body sha256=3912c8c3312a078d | first code lines: export function logistic(x: number): number { / if (x >= 0) { / const e = Math.exp(-x);,packages/prediction-engine/src/2507-22472-inference-in-a-generalized-bradleyterry.ts,,"BtGame, covariateBtProb, fitCovariateBt, logistic, ridgeFit, solveLinear",0,
2508-00200v1-predicting-formula-1-race-outcomes,arXiv:2508.00200,arXiv:2508.00200v1 — Predicting Formula 1 Race Outcomes: Decomposing the Roles of Drivers and Constructors through Linear Modeling,true,UNRESOLVED,"unique code body; paper attribution NOT verified. Screen abandoned, so no claim either way.","code-body sha256=cf7ccdff0efb924a | first code lines: export function solveLinear(A: number[][], b: number[]): num / const n = A.length; / if (n === 0) throw new Error(""solveLinear: empty system"");",packages/prediction-engine/src/2508-00200v1-predicting-formula-1-race-outcomes.ts,,"EpaObs, decomposeEpaVariance, ridgeFit, solveLinear",0,
2508-05891v1-bayesian-weighted-discretetime-dynamic-models,arXiv:2508.05891,arXiv:2508.05891v1 — Bayesian weighted discrete-time dynamic models for association football prediction,true,UNRESOLVED,"unique code body; paper attribution NOT verified. Screen abandoned, so no claim either way.",code-body sha256=06ea25057377467f | first code lines: export interface CommensurateWeight { / season: number; / weight: number;,packages/prediction-engine/src/2508-05891v1-bayesian-weighted-discretetime-dynamic-models.ts,,"CommensurateWeight, commensurateBlend, commensurateWeight",0,
2508-07136v2-ledger-0795-bayesian-forecast-combination,arXiv:2508.07136,arXiv:2508.07136v2 — Ledger 0795 — Bayesian Forecast Combination with Predictive Priors via Particle Filtering (DTVW),true,UNRESOLVED,"unique code body; paper attribution NOT verified. Screen abandoned, so no claim either way.",code-body sha256=d77581cb155787e0 | first code lines: export interface SourceForecast { / source: string; / p: number; // forecast prob,packages/prediction-engine/src/2508-07136v2-ledger-0795-bayesian-forecast-combination.ts,,"SourceForecast, diversityBonus, dtvwUpdate",0,
2508-09992v1-openfpl-an-opensource-forecasting-method,arXiv:2508.09992,arXiv:2508.09992v1 — OpenFPL: An Open-Source Forecasting Method Rivaling State-of-the-Art Fantasy Premier League Services,true,UNRESOLVED,"unique code body; paper attribution NOT verified. Screen abandoned, so no claim either way.",code-body sha256=3721ca1134d25dfe | first code lines: export function horizonEnsemble(preds: readonly (readonly nu / if (preds.length === 0 || (preds[0]?.length ?? 0) === 0) thr / const n = preds[0]!.length;,packages/prediction-engine/src/2508-09992v1-openfpl-an-opensource-forecasting-method.ts,,"entropyBinWeights, horizonEnsemble, teamSplitFolds",0,
2508-14065v1-personalized-contest-recommendation-in-fantasy,arXiv:2508.14065,arXiv:2508.14065v1 — Personalized Contest Recommendation in Fantasy Sports,true,UNRESOLVED,"unique code body; paper attribution NOT verified. Screen abandoned, so no claim either way.","code-body sha256=b491ee143b0f5f83 | first code lines: export function towerScore(user: readonly number[], item: re / if (user.length !== item.length || user.length === 0) throw  / return user.reduce((s, u, i) => s + u * (item[i] ?? 0), 0);",packages/prediction-engine/src/2508-14065v1-personalized-contest-recommendation-in-fantasy.ts,,"ENABLED, interactionScore, pairwiseHingeLoss, rankScore, towerScore",0,
2508-15299v1-basketlidar-the-first-lidarcamera-multimodal,arXiv:2508.15299,arXiv:2508.15299v1 — BasketLiDAR: The First LiDAR-Camera Multimodal Dataset for Professional Basketball MOT,true,UNRESOLVED,"unique code body; paper attribution NOT verified. Screen abandoned, so no claim either way.","code-body sha256=f9de4c828bba8309 | first code lines: export function mean(xs: readonly number[]): number { / if (xs.length === 0) throw new Error(""mean: empty""); / return xs.reduce((s, x) => s + x, 0) / xs.length;",packages/prediction-engine/src/2508-15299v1-basketlidar-the-first-lidarcamera-multimodal.ts,,"GameStateFeatures, classifyGameState, clockWinProb, driveOutcomeForecast, mean, std, uncertaintyBand",0,
2509-03036-knowledge-integration-for-physicsinformed-symbolic,arXiv:2509.03036,arXiv:2509.03036 — Knowledge Integration for Physics-informed Symbolic Regression Using Pre-trained Large Language Models,true,UNRESOLVED,"unique code body; paper attribution NOT verified. Screen abandoned, so no claim either way.",code-body sha256=3437436dd2de1521 | first code lines: export interface JudgeScores { / boundConsistency: number; / footballRealism: number;,packages/prediction-engine/src/2509-03036-knowledge-integration-for-physicsinformed-symbolic.ts,,"JudgeScores, isDomainValid, judgeAugmentedLoss, judgeScore",0,
2509-23455v1-3dpcnet-pose-canonicalization-for-robust,arXiv:2509.23455,arXiv:2509.23455v1 — 3DPCNet: Pose Canonicalization for Robust Viewpoint-Invariant 3D Kinematic Analysis from Monocular RGB cameras,true,UNRESOLVED,"unique code body; paper attribution NOT verified. Screen abandoned, so no claim either way.","code-body sha256=63f9689e72c7e3ed | first code lines: export type Joint3D = [number, number, number]; / export function hipYaw(hipL: Joint3D, hipR: Joint3D): number / return Math.atan2(hipR[2] - hipL[2], hipR[0] - hipL[0]);",packages/prediction-engine/src/2509-23455v1-3dpcnet-pose-canonicalization-for-robust.ts,,"canonicalizePose, hipYaw, mpjpe, rotationJitter",0,
2509-25858v1-aging-decline-in-basketball-career,arXiv:2509.25858,arXiv:2509.25858v1 — Aging Decline in Basketball Career Trend Prediction Based on Machine Learning and LSTM Model,true,UNRESOLVED,"unique code body; paper attribution NOT verified. Screen abandoned, so no claim either way.",code-body sha256=6c3390a48a3417ff | first code lines: export interface Archetype { / name: string; / centroid: number[];,packages/prediction-engine/src/2509-25858v1-aging-decline-in-basketball-career.ts,,"Archetype, assignmentJaccard, forecastNextSeason, kmeansArchetypes",0,
2510-06635-strusr-structureaware-symbolic-regression-with,arXiv:2510.06635,arXiv:2510.06635 — StruSR: Structure-Aware Symbolic Regression with Physics-Informed Taylor Guidance,true,UNRESOLVED,"unique code body; paper attribution NOT verified. Screen abandoned, so no claim either way.",code-body sha256=e29ce49a304f238a | first code lines: export interface FidelityPoint { / eqSensitivity: number; / netSensitivity: number;,packages/prediction-engine/src/2510-06635-strusr-structureaware-symbolic-regression-with.ts,,"FidelityPoint, anchorTaylorError, protectedSubtrees, sensitivityFidelityCorrelation",0,
2510-18193v2-fstai-20-an-explainable-ai,arXiv:2510.18193,"arXiv:2510.18193v2 — FST.ai 2.0: An Explainable AI Ecosystem for Fair, Fast, and Inclusive Decision-Making in Olympic and Paralympic Taekwondo",true,UNRESOLVED,"unique code body; paper attribution NOT verified. Screen abandoned, so no claim either way.",code-body sha256=131162d6f3727aa0 | first code lines: export interface AbstentionInputs { / agreement: number; / edge: number;,packages/prediction-engine/src/2510-18193v2-fstai-20-an-explainable-ai.ts,,"AbstentionInputs, policyRoi, shouldPublish, tuneAbstention",0,
2511-07250v2-mvueval-towards-multivideo-understanding-evaluation,arXiv:2511.07250,arXiv:2511.07250v2 — MVU-Eval: Towards Multi-Video Understanding Evaluation for Multimodal LLMs,true,UNRESOLVED,"unique code body; paper attribution NOT verified. Screen abandoned, so no claim either way.",code-body sha256=b67d2da7740c40bd | first code lines: export interface PrequentialStep { / correct: boolean; / },packages/prediction-engine/src/2511-07250v2-mvueval-towards-multivideo-understanding-evaluation.ts,,"PrequentialStep, adwinDrift, friedmanRanks, nemenyiCD, prequentialAccuracy",0,
2511-14186v1-fewshot-precise-event-spotting-via,arXiv:2511.14186,arXiv:2511.14186v1 — Few-Shot Precise Event Spotting via Unified Multi-Entity Graph and Distillation,true,UNRESOLVED,"unique code body; paper attribution NOT verified. Screen abandoned, so no claim either way.",code-body sha256=c0290f3532457db0 | first code lines: export interface EntityGraph { / nodes: number; // 22 players + ball + landmarks / playerPlayerEdges: number;,packages/prediction-engine/src/2511-14186v1-fewshot-precise-event-spotting-via.ts,,"ENABLED, EntityGraph, buildEntityGraph, cosineSim, editScore, f1Event, prototypeScore",0,
2511-16183v1-footpass-a-multimodal-multiagent-tactical,arXiv:2511.16183,arXiv:2511.16183v1 — FOOTPASS: A Multi-Modal Multi-Agent Tactical Context Dataset for Play-by-Play Action Spotting in Soccer Broadcast Videos,true,UNRESOLVED,"unique code body; paper attribution NOT verified. Screen abandoned, so no claim either way.","code-body sha256=adc653272baf1564 | first code lines: export function discretize(s: readonly number[], nBins: numb / if (nBins < 2) throw new Error(""discretize: nBins >= 2""); / const mn = Math.min(...s);",packages/prediction-engine/src/2511-16183v1-footpass-a-multimodal-multiagent-tactical.ts,,"discretize, transferEntropy",0,
2511-17535v1-a-genetic-algorithm-for-optimizing,arXiv:2511.17535,arXiv:2511.17535v1 — A Genetic Algorithm for Optimizing Fantasy Football Trades with Playoff Biasing,true,UNRESOLVED,"unique code body; paper attribution NOT verified. Screen abandoned, so no claim either way.",code-body sha256=04ad59fd6699e63e | first code lines: export interface Trade { / out: string[]; / in: string[];,packages/prediction-engine/src/2511-17535v1-a-genetic-algorithm-for-optimizing.ts,,"Trade, gaGeneration, mcPositivity, tradeFitness",0,
2512-00312v2-kicking-for-goal-or-touch,arXiv:2512.00312,arXiv:2512.00312v2 — Kicking for Goal or Touch? An Expected Points Framework for Penalty Decisions in Rugby Union,true,UNRESOLVED,"unique code body; paper attribution NOT verified. Screen abandoned, so no claim either way.","code-body sha256=46e82e7ba60955cf | first code lines: export function goEV(pConvert: number, epIfConvert: number,  / if (pConvert < 0 || pConvert > 1) throw new Error(""goEV: pCo / return pConvert * epIfConvert + (1 - pConvert) * epIfFail;",packages/prediction-engine/src/2512-00312v2-kicking-for-goal-or-touch.ts,,"goEV, indifferenceP, kickEV, recommend, regretVsBenchmark, sensitivityGrid, spearman",0,
2512-05271v1-robust-forecast-aggregation-via-additional,arXiv:2512.05271,arXiv:2512.05271v1 — Robust Forecast Aggregation via Additional Queries,true,UNRESOLVED,"unique code body; paper attribution NOT verified. Screen abandoned, so no claim either way.",code-body sha256=e1b2e0819001b3a3 | first code lines: export interface ComponentForecast { / component: string; / p: number;,packages/prediction-engine/src/2512-05271v1-robust-forecast-aggregation-via-additional.ts,,"ComponentForecast, DifferenceQuery, overlapPrune, perturbationSensitivity",0,
2512-08824v2-commanding-the-foul-shot-a,arXiv:2512.08824,arXiv:2512.08824v2 — Commanding the Foul Shot: A New Ensemble of Free Throw Metrics,true,UNRESOLVED,"unique code body; paper attribution NOT verified. Screen abandoned, so no claim either way.","code-body sha256=572ae045e5462eae | first code lines: export function mean(xs: readonly number[]): number { / if (xs.length === 0) throw new Error(""mean: empty""); / return xs.reduce((s, x) => s + x, 0) / xs.length;",packages/prediction-engine/src/2512-08824v2-commanding-the-foul-shot-a.ts,,"Detection, detectPossessionEvents, mean, meanPixelError, smoothTrajectory, std",0,
2512-11668v1-bridging-streaming-continual-learning-via,arXiv:2512.11668,arXiv:2512.11668v1 — Bridging Streaming Continual Learning via In-Context Large Tabular Models,true,UNRESOLVED,"unique code body; paper attribution NOT verified. Screen abandoned, so no claim either way.",code-body sha256=519e9819aa3a26f5 | first code lines: export interface MemorySlot<T> { / id: string; / payload: T;,packages/prediction-engine/src/2512-11668v1-bridging-streaming-continual-learning-via.ts,,"MemorySlot, mmrAdmit, replayBatch, reservoirAdmit",0,
2512-15269v1-model-inference-for-ranking-from,arXiv:2512.15269,arXiv:2512.15269v1 — Model inference for ranking from pairwise comparisons,true,UNRESOLVED,"unique code body; paper attribution NOT verified. Screen abandoned, so no claim either way.",code-body sha256=7d1b83e8538ad873 | first code lines: export interface ChebKernel { / coeffs: number[]; / },packages/prediction-engine/src/2512-15269v1-model-inference-for-ranking-from.ts,,"ChebKernel, chebEmStep, chebWinProb, chebyshevBasis",0,
2601-07980v1-modeling-event-dynamics-by-selfexciting,arXiv:2601.07980,arXiv:2601.07980v1 — Modeling Event Dynamics by Self-Exciting Processes with Random Memory,true,UNRESOLVED,"unique code body; paper attribution NOT verified. Screen abandoned, so no claim either way.",code-body sha256=df4326dd8e1068b6 | first code lines: export interface HawkesParams { / mu: number; / alpha: number;,packages/prediction-engine/src/2601-07980v1-modeling-event-dynamics-by-selfexciting.ts,,"HawkesParams, deltaBicVsPoisson, hawkesIntensity, hawkesLogLik, waldZ",0,
2601-15000v1-lineup-regularized-adjusted-plusminus-lrapm,arXiv:2601.15000,arXiv:2601.15000v1 — Lineup Regularized Adjusted Plus-Minus (L-RAPM): Basketball Lineup Ratings with Informed Priors,true,UNRESOLVED,"unique code body; paper attribution NOT verified. Screen abandoned, so no claim either way.","code-body sha256=e8cafa8dfc8a5e96 | first code lines: export function mean(xs: readonly number[]): number { / if (xs.length === 0) throw new Error(""mean: empty""); / return xs.reduce((s, x) => s + x, 0) / xs.length;",packages/prediction-engine/src/2601-15000v1-lineup-regularized-adjusted-plusminus-lrapm.ts,,"grapm, groupEpaPerPlay, mean, memberPrior, relImprovement, rmse, shrinkEstimate, std",0,
2601-18815-prediction-markets-as-bayesian-inverse,arXiv:2601.18815,,true,UNRESOLVED,"unique code body; paper attribution NOT verified. Screen abandoned, so no claim either way.",code-body sha256=2416ad371c2eb7eb | first code lines: export interface LineMove { / gameId: string; / pBefore: number;,packages/prediction-engine/src/2601-18815-prediction-markets-as-bayesian-inverse.ts,,"LineMove, identifiabilityFlag, igWeightedClv, infoGain",0,
2602-06986-discover-a-physicsinformed-gpuaccelerated-symbolic,arXiv:2602.06986,"arXiv:2602.06986 — DISCOVER: A Physics-Informed, GPU-Accelerated Symbolic Regression Framework",true,UNRESOLVED,"unique code body; paper attribution NOT verified. Screen abandoned, so no claim either way.","code-body sha256=c205d7ce5408e895 | first code lines: export type SportsUnit = ""probability"" | ""points"" | ""epa"" |  / export function combineUnits( / a: SportsUnit,",packages/prediction-engine/src/2602-06986-discover-a-physicsinformed-gpuaccelerated-symbolic.ts,,"UnitFeature, combineUnits, pruneByUnits",0,
2602-11379-regularized-ensemble-forecasting-for-learning,arXiv:2602.11379,arXiv:2602.11379 — Regularized Ensemble Forecasting for Learning Weights from Historical and Current Forecasts,true,UNRESOLVED,"unique code body; paper attribution NOT verified. Screen abandoned, so no claim either way.","code-body sha256=41ad01bc535e6e79 | first code lines: export interface WeightSpec { / name: string; // e.g. ""identity-l2-0.1"", ""log-entropy-0.5"" / weights: number[];",packages/prediction-engine/src/2602-11379-regularized-ensemble-forecasting-for-learning.ts,,"WeightSpec, blendSpecs, logEntropyWeights, posteriorPredictiveInterval",0,
2602-17043-quantifying-the-limits-of-human,arXiv:2602.17043,arXiv:2602.17043 — Quantifying the Limits of Human Athletic Performance: A Bayesian Analysis of Elite Decathletes,true,UNRESOLVED,"unique code body; paper attribution NOT verified. Screen abandoned, so no claim either way.",code-body sha256=24c39879a4428efd | first code lines: export interface WeatherCov { / windMph: number; / tempF: number;,packages/prediction-engine/src/2602-17043-quantifying-the-limits-of-human.ts,,"WeatherCoef, WeatherCov, coefSignificant, weatherAdjustment, weatherDesign",0,
2602-19520v2-decomposing-crowd-wisdom-domainspecific-calibration,arXiv:2602.19520,arXiv:2602.19520v2 — Decomposing Crowd Wisdom: Domain-Specific Calibration Dynamics in Prediction Markets,true,UNRESOLVED,"unique code body; paper attribution NOT verified. Screen abandoned, so no claim either way.",code-body sha256=394959c555c7968a | first code lines: export function logistic(x: number): number { / if (x >= 0) { / const e = Math.exp(-x);,packages/prediction-engine/src/2602-19520v2-decomposing-crowd-wisdom-domainspecific-calibration.ts,,"CellRecalParams, fitCellRecal, logistic, recalibrate",0,
2602-21307v2-symtorch-a-framework-for-symbolic,arXiv:2602.21307,arXiv:2602.21307v2 — SymTorch: A Framework for Symbolic Distillation of Deep Neural Networks,true,UNRESOLVED,"unique code body; paper attribution NOT verified. Screen abandoned, so no claim either way.",code-body sha256=b9748926fd63589b | first code lines: export interface GlassTerm { / text: string; / absCoef: number;,packages/prediction-engine/src/2602-21307v2-symtorch-a-framework-for-symbolic.ts,,"GlassBox, GlassTerm, beatsBaseline, fidelityOk, glassBoxGate, readabilityOk, termCountOk",0,
2602-22527v1-predicting-tennis-serve-directions-with,arXiv:2602.22527,arXiv:2602.22527v1 — Predicting Tennis Serve Directions with Machine Learning,true,UNRESOLVED,"unique code body; paper attribution NOT verified. Screen abandoned, so no claim either way.",code-body sha256=8fef2e041a0a341d | first code lines: export interface BetaBin { / lo: number; / hi: number;,packages/prediction-engine/src/2602-22527v1-predicting-tennis-serve-directions-with.ts,,"BetaBin, applyBetaBins, auc, discriminationOk, fitBetaBins",0,
2602-23233v1-the-counterfactual-combine-a-causal,arXiv:2602.23233,arXiv:2602.23233v1 — The Counterfactual Combine: A Causal Framework for Player Evaluation,true,UNRESOLVED,"unique code body; paper attribution NOT verified. Screen abandoned, so no claim either way.","code-body sha256=6814ba8f1eccd0ec | first code lines: export type IdentStrategy = ""adjustment"" | ""frontdoor"" | ""ba / export function identifyStrategy( / hasAdjustmentSet: boolean,",packages/prediction-engine/src/2602-23233v1-the-counterfactual-combine-a-causal.ts,,"adjustmentEstimand, frontdoorEstimand, identifyStrategy, requireIdentified",0,
2603-08206v5-distributional-regression-with-tabular-foundation,arXiv:2603.08206,arXiv:2603.08206v5 — Distributional Regression with Tabular Foundation Models: Evaluating Probabilistic Predictions via Proper Scoring Rules,true,UNRESOLVED,"unique code body; paper attribution NOT verified. Screen abandoned, so no claim either way.","code-body sha256=ade1f754ec46d2e7 | first code lines: export function crpsGaussian(y: number, mu: number, sigma: n / if (sigma <= 0) throw new Error(""crpsGaussian: sigma > 0""); / const z = (y - mu) / sigma;",packages/prediction-engine/src/2603-08206v5-distributional-regression-with-tabular-foundation.ts,,"betaEnergyScore, crpsGaussian, intervalScore, meanScore",0,
2603-11750v2-mitigating-the-multiplicity-burden-the,arXiv:2603.11750,arXiv:2603.11750v2 — Mitigating the Multiplicity Burden: The Role of Calibration in Reducing Predictive Multiplicity of Classifiers,true,UNRESOLVED,"unique code body; paper attribution NOT verified. Screen abandoned, so no claim either way.",code-body sha256=0de339013a0bacfc | first code lines: export interface VariantPick { / variant: string; / gameId: string;,packages/prediction-engine/src/2603-11750v2-mitigating-the-multiplicity-burden-the.ts,,"VariantPick, gameAgreement, rashomonCard",0,
2603-21163v2-simultaneous-estimation-of-ballpark-effects,arXiv:2603.21163,arXiv:2603.21163v2 — Simultaneous Estimation of Ballpark Effects and Team Defense Using Total Bases Residuals,true,UNRESOLVED,"unique code body; paper attribution NOT verified. Screen abandoned, so no claim either way.","code-body sha256=0ac6d9404e737569 | first code lines: export function solveLinear(A: number[][], b: number[]): num / const n = A.length; / if (n === 0) throw new Error(""solveLinear: empty system"");",packages/prediction-engine/src/2603-21163v2-simultaneous-estimation-of-ballpark-effects.ts,,"ResidualObs, fitStadiumFactor, invertDiag, ridgeFit, solveLinear",0,
2603-22620v2-chainreaction-causal-discovery-via-blocking,arXiv:2603.22620,arXiv:2603.22620v2 — Chain-Reaction Causal Discovery via Blocking Interventions,true,UNRESOLVED,"unique code body; paper attribution NOT verified. Screen abandoned, so no claim either way.",code-body sha256=b1ac9e7c53e726f2 | first code lines: export interface CausalEdge { / from: string; / to: string;,packages/prediction-engine/src/2603-22620v2-chainreaction-causal-discovery-via-blocking.ts,,"CausalEdge, backdoorSet, notearsAcyclicity, refutationSuite",0,
2604-01318v1-vits-for-action-classification-in,arXiv:2604.01318,arXiv:2604.01318v1 — ViTs for Action Classification in Videos: An Approach to Risky Tackle Detection in American Football Practice Videos,true,UNRESOLVED,"unique code body; paper attribution NOT verified. Screen abandoned, so no claim either way.","code-body sha256=5a861c0de5c03299 | first code lines: export function focalLossB(p: number, y: 0 | 1, gamma: numbe / if (p <= 0 || p >= 1) throw new Error(""focalLossB: p in (0,1 / if (gamma < 0 || alpha < 0 || alpha > 1) throw new Error(""fo",packages/prediction-engine/src/2604-01318v1-vits-for-action-classification-in.ts,,"TAGUCHI_L4, bestTaguchiRun, eventRecall, focalLossB, taguchiConfig",0,
2604-08251v1-the-statistical-profitability-of-social,arXiv:2604.08251,arXiv:2604.08251v1 — The Statistical Profitability of Social Media Sports Betting Influencers: Evidence from the Nigerian Market,true,UNRESOLVED,"unique code body; paper attribution NOT verified. Screen abandoned, so no claim either way.",code-body sha256=9a128a86fd853fb9 | first code lines: export interface ResolvedBet { / odds: number; / edge: number;,packages/prediction-engine/src/2604-08251v1-the-statistical-profitability-of-social.ts,,"PickCapture, ResolvedBet, batteryPnl, batteryVerdict, fixedReturnStake, flatStake, inverseStake, sqrtStake",0,
2604-13861v2-simulationbased-optimisation-of-batting-order,arXiv:2604.13861,arXiv:2604.13861v2 — Simulation-Based Optimisation of Batting Order and Bowling Plans in T20 Cricket,true,UNRESOLVED,"unique code body; paper attribution NOT verified. Screen abandoned, so no claim either way.","code-body sha256=1c45d6435bc92df8 | first code lines: export function mean(xs: readonly number[]): number { / if (xs.length === 0) throw new Error(""mean: empty""); / return xs.reduce((s, x) => s + x, 0) / xs.length;",packages/prediction-engine/src/2604-13861v2-simulationbased-optimisation-of-batting-order.ts,,"auditAgreement, brierScore, decisionEV, jamesSteinShrink, mean, std",0,
2604-17065v1-baskethar-a-multimodal-dataset-for,arXiv:2604.17065,arXiv:2604.17065v1 — BasketHAR: A Multimodal Dataset for Human Activity Recognition and Sport Analysis in Basketball Training Scenarios,true,UNRESOLVED,"unique code body; paper attribution NOT verified. Screen abandoned, so no claim either way.","code-body sha256=4e1a6c66e3417b2a | first code lines: export function cosSim(a: readonly number[], b: readonly num / if (a.length !== b.length || a.length === 0) throw new Error / const dot = a.reduce((s, v, i) => s + v * (b[i] ?? 0), 0);",packages/prediction-engine/src/2604-17065v1-baskethar-a-multimodal-dataset-for.ts,,"ENABLED, cosSim, infoNCELoss, leaveOneChunkOut, macroF1",0,
2604-24366v2-the-anatomy-of-a-decentralized,arXiv:2604.24366,arXiv:2604.24366v2 — The Anatomy of a Decentralized Prediction Market: Microstructure Evidence from the Polymarket Order Book,true,UNRESOLVED,"unique code body; paper attribution NOT verified. Screen abandoned, so no claim either way.","code-body sha256=97910459c83ce150 | first code lines: export function rffMap( / x: readonly number[], / W: readonly (readonly number[])[],",packages/prediction-engine/src/2604-24366v2-the-anatomy-of-a-decentralized.ts,,"drawRffParams, mmdWitness, rffMap, updateMeanEmbedding",0,
2604-27041-the-signal-credibility-index-for,arXiv:2604.27041,arXiv:2604.27041 — The Signal Credibility Index for Prediction Markets: A Microstructure-Grounded Diagnostic with Weighted and Time-Varying Extensions,true,UNRESOLVED,"unique code body; paper attribution NOT verified. Screen abandoned, so no claim either way.",code-body sha256=5f90dff32cb459fb | first code lines: export interface BookMove { / book: string; / move: number;,packages/prediction-engine/src/2604-27041-the-signal-credibility-index-for.ts,,"BookMove, breadthHhi, directionAgreement, priceReversion, signalCredibilityIndex",0,
2604-27865v1-kellybench-a-benchmark-for-longhorizon,arXiv:2604.27865,arXiv:2604.27865v1 — KellyBench: A Benchmark for Long-Horizon Sequential Decision Making,true,UNRESOLVED,"unique code body; paper attribution NOT verified. Screen abandoned, so no claim either way.",code-body sha256=701ee0489c04db1d | first code lines: export interface SettledBet { / p: number; // engine win prob / odds: number; // decimal odds taken,packages/prediction-engine/src/2604-27865v1-kellybench-a-benchmark-for-longhorizon.ts,,"SettledBet, flatStake, kellyStake, simulateLogWealth, stakingContractHolds",0,
2605-00459-information-leakage-at-population-scale,arXiv:2605.00459,"arXiv:2605.00459 — Information Leakage at Population Scale: An Evaluation of the Polymarket Insider-Relevant Subpopulation, 2020–2026",true,UNRESOLVED,"unique code body; paper attribution NOT verified. Screen abandoned, so no claim either way.",code-body sha256=6f2f91d36610eb12 | first code lines: export interface TimedMove { / hoursBeforeClose: number; / magnitude: number;,packages/prediction-engine/src/2605-00459-information-leakage-at-population-scale.ts,,"TimedMove, anchorRobustFilter, driftShare, hazardDecayWeight",0,
2605-00864-arbitrage-analysis-in-polymarket-nba,arXiv:2605.00864,arXiv:2605.00864 — Arbitrage Analysis in Polymarket NBA Markets,true,UNRESOLVED,"unique code body; paper attribution NOT verified. Screen abandoned, so no claim either way.","code-body sha256=27c55fc00de0a4a6 | first code lines: export interface BookTop { / marketId: string; / askYes: number; // in (0,1)",packages/prediction-engine/src/2605-00864-arbitrage-analysis-in-polymarket-nba.ts,,"BookTop, dedupDislocations, singleMarketDislocation, syntheticShortDislocation",0,
2605-02287-permarket-information-leakage-and-orderflow,arXiv:2605.02287,arXiv:2605.02287 — Per-Market Information Leakage and Order-Flow Skill: Two Methodological Lenses on Informed Trading in Decentralized Prediction Markets,true,UNRESOLVED,"unique code body; paper attribution NOT verified. Screen abandoned, so no claim either way.","code-body sha256=28c7995fd8e04c7c | first code lines: export function signRandomizationPValue( / pnl: readonly number[], / observedTotal: number,",packages/prediction-engine/src/2605-02287-permarket-information-leakage-and-orderflow.ts,,"frontLoadingIls, signRandomizationPValue, watchlistMember",0,
2605-09599-adaptive-liquidity-in-prediction-markets,arXiv:2605.09599,arXiv:2605.09599 — Adaptive Liquidity in Prediction Markets via Online Learning,true,UNRESOLVED,"unique code body; paper attribution NOT verified. Screen abandoned, so no claim either way.",code-body sha256=82ebd5a6df3144d2 | first code lines: export interface WeekLog { / slippage: number; / liability: number;,packages/prediction-engine/src/2605-09599-adaptive-liquidity-in-prediction-markets.ts,,"WeekLog, exposureScale, gammaHybrid, mixtureOverheadBound",0,
2605-30209v1-betting-against-integrity-identifying-matchfixing,arXiv:2605.30209,arXiv:2605.30209v1 — Betting Against Integrity: Identifying Match-Fixing Through In-Play Market Dynamics,true,UNRESOLVED,"unique code body; paper attribution NOT verified. Screen abandoned, so no claim either way.",code-body sha256=b2ef2869b6279792 | first code lines: export interface HurdleSsmParams { / hurdleIntercept: number; / phi: number;,packages/prediction-engine/src/2605-30209v1-betting-against-integrity-identifying-matchfixing.ts,,"ENABLED, HurdleSsmParams, OddsCell, arxStateUpdate, standardizedResidual",0,
2605-31529v2-svibench-a-dynamic-microworld-for,arXiv:2605.31529,arXiv:2605.31529v2 — SVI-Bench: A Dynamic Microworld for Strategic Video Intelligence,true,UNRESOLVED,"unique code body; paper attribution NOT verified. Screen abandoned, so no claim either way.","code-body sha256=5b3d3b2aa7ff0e4c | first code lines: export function mean(xs: readonly number[]): number { / if (xs.length === 0) throw new Error(""mean: empty""); / return xs.reduce((s, x) => s + x, 0) / xs.length;",packages/prediction-engine/src/2605-31529v2-svibench-a-dynamic-microworld-for.ts,,"alignClock, entityResolution, mcForecastEval, mean, qcGates, std",0,
2606-05332v1-gitco-gated-inferencetime-context-optimization,arXiv:2606.05332,arXiv:2606.05332v1 — GITCO: Gated Inference-Time Context Optimization in TSFMs,true,UNRESOLVED,"unique code body; paper attribution NOT verified. Screen abandoned, so no claim either way.","code-body sha256=4a2d726cda17ce70 | first code lines: export type ServingDecision = / | { action: ""serve""; forecast: number; confidence: number } / | { action: ""abstain""; reason: string };",packages/prediction-engine/src/2606-05332v1-gitco-gated-inferencetime-context-optimization.ts,,"GateInput, influenceLabel, serveOrAbstain",0,
2606-07811-when-do-markets-fully-process,arXiv:2606.07811,arXiv:2606.07811 — When Do Markets Fully Process Public Information? Evidence from Real-Time Prediction Markets,true,UNRESOLVED,"unique code body; paper attribution NOT verified. Screen abandoned, so no claim either way.",code-body sha256=f27a291f7bdd65c0 | first code lines: export interface UpdatePair { / dq: number; / dp: number;,packages/prediction-engine/src/2606-07811-when-do-markets-fully-process.ts,,"UpdatePair, driftFollowSignal, updatingRegression",0,
2606-09276-erbench-a-benchmark-and-testsuite,arXiv:2606.09276,arXiv:2606.09276 — ERBench: A Benchmark and Testsuite for Equation Discovery Algorithms,true,UNRESOLVED,"unique code body; paper attribution NOT verified. Screen abandoned, so no claim either way.",code-body sha256=8a7443211cef2eee | first code lines: export interface PanelResult { / formulaId: string; / recovered: boolean;,packages/prediction-engine/src/2606-09276-erbench-a-benchmark-and-testsuite.ts,,"PanelResult, panelRegressionGate, panelScores, sweepCellRecovery",0,
2606-16356v1-simulationaugmented-multistep-split-conformal-prediction,arXiv:2606.16356,arXiv:2606.16356v1 — Simulation-Augmented Multi-Step Split Conformal Prediction for Aggregated Forecasts,true,UNRESOLVED,"unique code body; paper attribution NOT verified. Screen abandoned, so no claim either way.","code-body sha256=cea3f160032f5577 | first code lines: export function blockBootstrapPaths( / residuals: readonly number[], / blockSize: number,",packages/prediction-engine/src/2606-16356v1-simulationaugmented-multistep-split-conformal-prediction.ts,,"blockBootstrapPaths, conformalPidUpdate, quantile, saMscpInterval",0,
2606-17345v1-counterfactual-optimization-of-baseball-pitch,arXiv:2606.17345,arXiv:2606.17345v1 — Counterfactual Optimization of Baseball Pitch Sequences and Estimation of Its Impact on Season-Level Statistics,true,UNRESOLVED,"unique code body; paper attribution NOT verified. Screen abandoned, so no claim either way.","code-body sha256=2597870710f3cb92 | first code lines: export function solveLinear(A: number[][], b: number[]): num / const n = A.length; / if (n === 0) throw new Error(""solveLinear: empty system"");",packages/prediction-engine/src/2606-17345v1-counterfactual-optimization-of-baseball-pitch.ts,,"drCate, drPseudoOutcome, ridgeFit, solveLinear",0,
2607-04389v1-ledger-0796-decentralized-aggregation-of,arXiv:2607.04389,arXiv:2607.04389v1 — Ledger 0796 — Decentralized Aggregation of LLM Predictions via Wagering Mechanisms (WALLA),true,UNRESOLVED,"unique code body; paper attribution NOT verified. Screen abandoned, so no claim either way.",code-body sha256=dbad1dad26492c91 | first code lines: export interface SourceGame { / source: string; / brier: number;,packages/prediction-engine/src/2607-04389v1-ledger-0796-decentralized-aggregation-of.ts,s (WALLA) * * WALLA advantage-aligned aggregation: per-game weights from w_i^* = ((s_i - b_{-i})/2c_3)^+ where s_i is * the source's Brier advantage vs the leave-one-out pool — one small per-source mo,"SourceGame, advantageWeight, dRegret, linearPool",0,
2607-06166-when-do-prophets-profit-in,arXiv:2607.06166,arXiv:2607.06166 — When Do Prophets Profit in Prediction Markets?,true,UNRESOLVED,"unique code body; paper attribution NOT verified. Screen abandoned, so no claim either way.",code-body sha256=d6c698ec39722fe6 | first code lines: export interface ProperBet { / pModel: number; / qMarket: number;,packages/prediction-engine/src/2607-06166-when-do-prophets-profit-in.ts,,"ClvDecomposition, ProperBet, decomposeClv, netClv, properBetStake",0,
2607-08199-volatility-in-prediction-markets-a,arXiv:2607.08199,arXiv:2607.08199 — Volatility in Prediction Markets: A Structural Approach,true,UNRESOLVED,"unique code body; paper attribution NOT verified. Screen abandoned, so no claim either way.",code-body sha256=b1717af57cbac72c | first code lines: export interface DrasState { / p: number; / tau: number;,packages/prediction-engine/src/2607-08199-volatility-in-prediction-markets-a.ts,,"DrasParams, DrasState, drasVolatility, garchBaseline, intervalScoreWin",0,
2607-11548v1-trainingfree-offscreen-player-imputation-for,arXiv:2607.11548,arXiv:2607.11548v1 — Training-Free Off-Screen Player Imputation for Broadcast-Based Spatial Football Analytics,true,UNRESOLVED,"unique code body; paper attribution NOT verified. Screen abandoned, so no claim either way.","code-body sha256=d7b1d5efab5bf99e | first code lines: export interface TrackedPlayer { / id: string; / role: string; // e.g. ""WR"", ""CB"", ""DL""",packages/prediction-engine/src/2607-11548v1-trainingfree-offscreen-player-imputation-for.ts,,"TrackedPlayer, beatsIgnorePolicy, boxCount, centroidVoteImpute, separationAtThrow",0,
2607-18009v1-bayesian-conwaymaxwellpoisson-model-with-spikeandslab,arXiv:2607.18009,arXiv:2607.18009v1 — Bayesian Conway-Maxwell-Poisson model with spike-and-slab priors for dispersed count data with application to football scores,true,UNRESOLVED,"unique code body; paper attribution NOT verified. Screen abandoned, so no claim either way.",code-body sha256=4737f788c4b67d8a | first code lines: export interface PosteriorEquation { / text: string; / prob: number;,packages/prediction-engine/src/2607-18009v1-bayesian-conwaymaxwellpoisson-model-with-spikeandslab.ts,,"PosteriorEquation, honestUncertaintyGate, normalizePosterior, posteriorPredictive",0,
2607-18269v2-ledger-0797-wisdom-of-llm,arXiv:2607.18269,arXiv:2607.18269v2 — Ledger 0797 — Wisdom of LLM Crowds: Aggregation and Contamination in Language Model Ensembles,true,UNRESOLVED,"unique code body; paper attribution NOT verified. Screen abandoned, so no claim either way.",code-body sha256=d86e48084471ba92 | first code lines: export function logistic(x: number): number { / if (x >= 0) { / const e = Math.exp(-x);,packages/prediction-engine/src/2607-18269v2-ledger-0797-wisdom-of-llm.ts,,"AggRow, aggDesign, disagreementFeatures, fitLrAggregate, logistic, lrAggregate, ridgeFit, solveLinear",0,
2607-18299-apmm-automated-parlay-market-maker,arXiv:2607.18299,arXiv:2607.18299 — APMM: Automated Parlay Market Maker,true,UNRESOLVED,"unique code body; paper attribution NOT verified. Screen abandoned, so no claim either way.",code-body sha256=b50bfe7f59110115 | first code lines: export interface SgpLeg { / id: string; / p: number; // marginal hit probability,packages/prediction-engine/src/2607-18299-apmm-automated-parlay-market-maker.ts,,"SgpLeg, correlationDiscount, hubThrottle, sgpFairPrice",0,
2608-00666-executable-arbitrage-and-market-efficiency,arXiv:2608.00666,arXiv:2608.00666 — Executable Arbitrage and Market Efficiency in Prediction Markets,true,UNRESOLVED,"unique code body; paper attribution NOT verified. Screen abandoned, so no claim either way.",code-body sha256=1c9b547607711230 | first code lines: export interface ArbLeg { / price: number; / depth: number;,packages/prediction-engine/src/2608-00666-executable-arbitrage-and-market-efficiency.ts,,"ArbLeg, executableEdge, naiveMidBound",0,
2608-06635v2-modelling-athletic-ageing-relative-to,arXiv:2608.06635,arXiv:2608.06635v2 — Modelling Athletic Ageing Relative to an Estimated Performance Envelope,true,UNRESOLVED,"unique code body; paper attribution NOT verified. Screen abandoned, so no claim either way.",code-body sha256=700a32693b1f7a89 | first code lines: export interface RawEvent { / source: string; / eventId: string;,packages/prediction-engine/src/2608-06635v2-modelling-athletic-ageing-relative-to.ts,,"NormEvent, RawEvent, ingest, replayCursor, withinBudget",0,
2608-09586-icm-out-better-tournament-strategy,arXiv:2608.09586,"arXiv:2608.09586 — ICM Out! Better Tournament Strategy from Computed Continuations, vs. Solvers and LLMs",true,UNRESOLVED,"unique code body; paper attribution NOT verified. Screen abandoned, so no claim either way.","code-body sha256=fce668ab61de6d80 | first code lines: export function icmExpectedPrize( / lineupScore: number, / fieldMean: number,",packages/prediction-engine/src/2608-09586-icm-out-better-tournament-strategy.ts,,"icmExpectedPrize, prizeLocalSearch",0,
2608-09824-longitudinal-bayesian-networks-for-assessing,arXiv:2608.09824,arXiv:2608.09824 — Longitudinal Bayesian networks for assessing team performance in the National Basketball Association,true,UNRESOLVED,"unique code body; paper attribution NOT verified. Screen abandoned, so no claim either way.",code-body sha256=b2360b6c7ed7e928 | first code lines: export interface PlayerWeek { / usage: number; / active: boolean;,packages/prediction-engine/src/2608-09824-longitudinal-bayesian-networks-for-assessing.ts,,"LbnParams, PlayerWeek, fantasyPointMean, forecastUsage, participationProb",0,
2608-09887v1-spacecreating-versus-dead-possession-an,arXiv:2608.09887,arXiv:2608.09887v1 — Space-Creating versus Dead Possession: An Off-Ball Possession-Quality Index for Broadcast Football,true,UNRESOLVED,"unique code body; paper attribution NOT verified. Screen abandoned, so no claim either way.","code-body sha256=39f98952300f955e | first code lines: export function mean(xs: readonly number[]): number { / if (xs.length === 0) throw new Error(""mean: empty""); / return xs.reduce((s, x) => s + x, 0) / xs.length;",packages/prediction-engine/src/2608-09887v1-spacecreating-versus-dead-possession-an.ts,,"IndexedPlay, driveValueEfficiency, jointRegression, junkOpenShare, lowoCorrelations, mean, pearsonC, safetyDisplacement",0,
2608-11203v1-capturing-uncertainty-in-human-motion,arXiv:2608.11203,arXiv:2608.11203v1 — Capturing Uncertainty in Human Motion for Representation Learning in Soccer,true,UNRESOLVED,"unique code body; paper attribution NOT verified. Screen abandoned, so no claim either way.",code-body sha256=85ac5fc00923fdda | first code lines: export interface DdlHead { / codebook: number[][]; / temperature: number;,packages/prediction-engine/src/2608-11203v1-capturing-uncertainty-in-human-motion.ts,,"DdlHead, ddlDistribution, ddlExpectedDisplacement, routeFamilyLogits, temperedSoftmax",0,
2608-12998-wired-weighted-adaptive-prediction-with,arXiv:2608.12998,arXiv:2608.12998 — WIRED: Weighted Adaptive Prediction with Structured Dependence for Probabilistic Multiseries Forecasting,true,UNRESOLVED,"unique code body; paper attribution NOT verified. Screen abandoned, so no claim either way.",code-body sha256=82dc44feef14f7af | first code lines: export interface MarginExpert { / name: string; / mean: number;,packages/prediction-engine/src/2608-12998-wired-weighted-adaptive-prediction-with.ts,,"MarginExpert, copulaJointProb, marginCrps, theilSenWeights",0,
2608-13886-a-forecast-combination-framework-for,arXiv:2608.13886,arXiv:2608.13886 — A Forecast Combination Framework for Hierarchical and Grouped Time Series Reconciliation,true,UNRESOLVED,"unique code body; paper attribution NOT verified. Screen abandoned, so no claim either way.","code-body sha256=7f3feaa5b9e81efb | first code lines: export function solveLinear(A: number[][], b: number[]): num / const n = A.length; / if (n === 0) throw new Error(""solveLinear: empty system"");",packages/prediction-engine/src/2608-13886-a-forecast-combination-framework-for.ts,,"batesGrangerWeights, reconcileSeasonTotal, ridgeFit, shrinkCovariance, solveLinear",0,
2608-19454-dummy-rapm-representing-lowminute-players,arXiv:2608.19454,arXiv:2608.19454 — Dummy RAPM: Representing Low-Minute Players in Regularized Adjusted Plus-Minus,true,UNRESOLVED,"unique code body; paper attribution NOT verified. Screen abandoned, so no claim either way.","code-body sha256=0c9b685f00c870e9 | first code lines: export function solveLinear(A: number[][], b: number[]): num / const n = A.length; / if (n === 0) throw new Error(""solveLinear: empty system"");",packages/prediction-engine/src/2608-19454-dummy-rapm-representing-lowminute-players.ts,,"dummyRapmDesign, fitDummyRapm, ridgeFit, solveLinear",0,
2608-23776v1-disentangled-skill-representations-for-predictive,arXiv:2608.23776,arXiv:2608.23776v1 — Disentangled Skill Representations for Predictive Human Modeling,true,UNRESOLVED,"unique code body; paper attribution NOT verified. Screen abandoned, so no claim either way.",code-body sha256=7fd7273690daa606 | first code lines: export function logistic(x: number): number { / if (x >= 0) { / const e = Math.exp(-x);,packages/prediction-engine/src/2608-23776v1-disentangled-skill-representations-for-predictive.ts,,"AvailabilityFeatures, availabilityProb, fitAvailability, logistic, plattApply, plattCalibrate",0,
2608-23859-ranking-by-points-and-ordinal,arXiv:2608.23859,arXiv:2608.23859 — Ranking by points and ordinal models,true,UNRESOLVED,"unique code body; paper attribution NOT verified. Screen abandoned, so no claim either way.",code-body sha256=40f8e936f48b009a | first code lines: export function logistic(x: number): number { / if (x >= 0) { / const e = Math.exp(-x);,packages/prediction-engine/src/2608-23859-ranking-by-points-and-ordinal.ts,,"acProbs, fitAcOrdinal, logistic, reorderRate",0,
2608-28116v1-generalized-gibbs-ensemble-weighting,arXiv:2608.28116,arXiv:2608.28116v1 — Generalized Gibbs Ensemble Weighting,true,UNRESOLVED,"unique code body; paper attribution NOT verified. Screen abandoned, so no claim either way.","code-body sha256=b7d947121dabd6b0 | first code lines: export function egUpdate( / weights: readonly number[], / losses: readonly number[],",packages/prediction-engine/src/2608-28116v1-generalized-gibbs-ensemble-weighting.ts,,"egUpdate, localUcbPick, normalizeLosses",0,
2608-28598-ohmicflow-forecasting-transit-passenger-flow,arXiv:2608.28598,arXiv:2608.28598 — OhmicFlow: Forecasting transit passenger flow under extreme weather disruptions via Ohm's law,true,UNRESOLVED,"unique code body; paper attribution NOT verified. Screen abandoned, so no claim either way.",code-body sha256=d26fd3c2af66aaf0 | first code lines: export interface GameWeather { / tempF: number; / windMph: number;,packages/prediction-engine/src/2608-28598-ohmicflow-forecasting-transit-passenger-flow.ts,,"GameWeather, NEUTRAL_WEATHER, WeatherOutcomeModel, predictMargin, weatherCounterfactual",0,
2609-06005-price-dislocations-news-citations-and,arXiv:2609.06005,"arXiv:2609.06005 — Price Dislocations, News Citations, and Epistemic Leverage on Polymarket",true,REAL_IMPLEMENTATION,"Hand-read: body exports isDislocation/impactCoefficient/nextDayDirectionSignal, matching the price-dislocation subject in the title.",code-body sha256=0437b4aeccfef199 | first code lines: export interface SignedTrade { / size: number; / priceBefore: number;,packages/prediction-engine/src/2609-06005-price-dislocations-news-citations-and.ts,,"SignedTrade, impactCoefficient, isDislocation, nextDayDirectionSignal",0,
2609-08060v1-pregame-pairedcomparison-modeling-of-professional,arXiv:2609.08060,arXiv:2609.08060v1 — Pre-game paired-comparison modeling of professional League of Legends map outcomes,true,UNRESOLVED,"unique code body; paper attribution NOT verified. Screen abandoned, so no claim either way.",code-body sha256=aeb718bcaf0b7598 | first code lines: export function logistic(x: number): number { / if (x >= 0) { / const e = Math.exp(-x);,packages/prediction-engine/src/2609-08060v1-pregame-pairedcomparison-modeling-of-professional.ts,,"FormObs, SdGame, ewmaForm, fitStableDynamic, logistic, ridgeFit, solveLinear",0,
2609-13564v1-when-greedy-sampling-explores-klregularized,arXiv:2609.13564,arXiv:2609.13564v1 — When Greedy Sampling Explores: KL-Regularized Contextual Bandits without Eluder-Dimension Dependence,true,UNRESOLVED,"unique code body; paper attribution NOT verified. Screen abandoned, so no claim either way.",code-body sha256=eeb5cb978d32f7c0 | first code lines: export interface Arm { / id: string; / x: number[];,packages/prediction-engine/src/2609-13564v1-when-greedy-sampling-explores-klregularized.ts,,"Arm, cumulativeClv, gibbsPolicy, sampleArm",0,
2609-20017-who-aggregates-information-screening-rent,arXiv:2609.20017,"arXiv:2609.20017 — Who Aggregates Information? Screening, Rent, and the Coexistence of CLOB and AMM Prediction Markets",true,UNRESOLVED,"unique code body; paper attribution NOT verified. Screen abandoned, so no claim either way.",code-body sha256=ab9da86c16cdbce9 | first code lines: export interface BookQuote { / book: string; / line: number;,packages/prediction-engine/src/2609-20017-who-aggregates-information-screening-rent.ts,,"BookQuote, classHitRate, classifyBook, signalBand",0,
2609-22641v1-consistworld-evidence-routing-for-consistent,arXiv:2609.22641,arXiv:2609.22641v1 — ConsistWorld: Evidence Routing for Consistent Multi-Agent World Models,true,UNRESOLVED,"unique code body; paper attribution NOT verified. Screen abandoned, so no claim either way.","code-body sha256=974e1b27f54b3e3e | first code lines: export interface ViewChunk { / camera: ""broadcast"" | ""all22"" | ""endzone""; / pos: [number, number];",packages/prediction-engine/src/2609-22641v1-consistworld-evidence-routing-for-consistent.ts,,"ENABLED, ViewChunk, crossViewDisagreement, fuseViews",0,
2003-06505v1-autogluon-tabular-search,2003.06505,arXiv 2003.06505v1: AutoGluon-Tabular: Robust and Accurate AutoML for Structured Data,true,TEMPLATE_STAMP,"code body byte-identical to 3 other module(s) filed under different arXiv ids: 2101.08954, 2106.00175, 2203.03279","code-body sha256=2df124c8686f6e52 | first code lines: export function stackNNLS(F: number[][], y: number[], iters  / const K = F[0]!.length; / let w = new Array<number>(K).fill(1 / K);",packages/prediction-engine/src/automl/2003-06505v1-autogluon-tabular-search.ts,,"ENABLED, logScoreStacking, regimeStackWeights, stackNNLS",3,"2101.08954, 2106.00175, 2203.03279"
2003-10865v2-async-hpo-service,2003.10865,arXiv 2003.10865v2: Model-based Asynchronous Hyperparameter and Neural Architecture Search,true,UNRESOLVED,"unique code body; paper attribution NOT verified. Screen abandoned, so no claim either way.","code-body sha256=bafda2517c249863 | first code lines: export function successiveHalving(losses: number[][], eta =  / let alive = losses[0]!.map((_, i) => i); / for (let r = 0; r < losses.length; r++) {",packages/prediction-engine/src/automl/2003-10865v2-async-hpo-service.ts,,"ENABLED, asyncSpeedup, bracketSampleProb, fantasizePending, gpPosterior1d, krrFit, rbfKernelGp, rffFeatures",0,
1210-1016-dependent-bradley-terry,1210.1016,arXiv 1210.1016: Models for Paired Comparison Data: A Review with Emphasis on Dependent Data,true,UNRESOLVED,"unique code body; paper attribution NOT verified. Screen abandoned, so no claim either way.",code-body sha256=8c78105a28a9ddf9 | first code lines: export interface Comparison { / winner: number; / loser: number;,packages/prediction-engine/src/bayesian/1210-1016-dependent-bradley-terry.ts,,"Comparison, fitBradleyTerry, naiveSEs, sandwichSEs",0,
1503-07642-ordinal-structure-select,1503.07642,arXiv 1503.07642: Bayesian Model Choice in Cumulative Link Ordinal Regression Models,true,UNRESOLVED,"unique code body; paper attribution NOT verified. Screen abandoned, so no claim either way.",code-body sha256=97a608f3d8c34a6f | first code lines: function sigmoid(x: number): number { / return 1 / (1 + Math.exp(-x)); / },packages/prediction-engine/src/bayesian/1503-07642-ordinal-structure-select.ts,,"ENABLED, OrdinalFit, StructureChoice, checkStochasticOrdering, fitCumulativeLogit, fitNonPO, heldOutLogLoss, predictProbs",0,
1812-05170-hierarchical-ar1-shrinkage,1812.05170,arXiv 1812.05170: Markov Decision Processes with Dynamic Transition Probabilities: An Analysis of Shooting Strategies in Basketball,true,UNRESOLVED,"unique code body; paper attribution NOT verified. Screen abandoned, so no claim either way.","code-body sha256=9063db97bc96d206 | first code lines: export function shrinkEstimate( / x: number, / groupMean: number,",packages/prediction-engine/src/bayesian/1812-05170-hierarchical-ar1-shrinkage.ts,,"AR1State, ENABLED, VarianceComponents, ar1Forecast, ar1Update, fitVarianceComponents, hierarchicalGate, mse",0,
1908-05745-nmf-target-archetypes,1908.05745,arXiv 1908.05745: A Bayesian Marked Spatial Point Processes Model for Basketball Shot Chart,true,UNRESOLVED,"unique code body; paper attribution NOT verified. Screen abandoned, so no claim either way.","code-body sha256=97acdaf8d1e15940 | first code lines: export function nmfFrobenius( / V: number[][], / k: number,",packages/prediction-engine/src/bayesian/1908-05745-nmf-target-archetypes.ts,,"ENABLED, adjustedRandIndex, nmfArchetypeAssign, nmfFrobenius",0,
1911-08138-sparse-form-hmm,1911.08138,"arXiv 1911.08138: A regularized hidden Markov model for analyzing the ""hot shoe"" in football",true,UNRESOLVED,"unique code body; paper attribution NOT verified. Screen abandoned, so no claim either way.","code-body sha256=f1ad47c6a52426d2 | first code lines: export function hmmForwardLogLik( / pi: number[], / A: number[][],",packages/prediction-engine/src/bayesian/1911-08138-sparse-form-hmm.ts,,"ENABLED, bicScore, hamiltonFilter, hmmForwardLogLik, hmmStationary, lassoBicSelect, lassoCoordDescent, softThreshold",0,
1911-08791-three-module-score-factorization,1911.08791,arXiv 1911.08791: Bayesian Hierarchical Models for the Prediction of Volleyball Results,true,TEMPLATE_STAMP,code body byte-identical to 1 other module(s) filed under different arXiv ids: 2112.13001,"code-body sha256=4b9f72dc71ec5d01 | first code lines: export function poissonPmf(k: number, lambda: number): numbe / if (lambda <= 0) return k === 0 ? 1 : 0; / let logP = -lambda + k * Math.log(lambda);",packages/prediction-engine/src/bayesian/1911-08791-three-module-score-factorization.ts,,"ENABLED, cmpPmf, ingarchFilter, ingarchLogLik, negBinLogLik, negBinMoments, negBinPmf, nestedScoreSim",1,2112.13001
2002-01193-copula-hmm-momentum,2002.01193,arXiv 2002.01193: A copula-based multivariate hidden Markov model for modelling momentum in football,true,UNRESOLVED,"unique code body; paper attribution NOT verified. Screen abandoned, so no claim either way.","code-body sha256=2848e0fe304bc8b0 | first code lines: export function hmmForwardLogLik( / pi: number[], / A: number[][],",packages/prediction-engine/src/bayesian/2002-01193-copula-hmm-momentum.ts,,"ENABLED, gaussCopulaJoint, gaussCopulaSample, hamiltonFilter, hmmForwardLogLik, hmmStationary, normalCdf, normalQuantile",0,
2004-03019-dshdp-hmm-regimes,2004.03019,arXiv 2004.03019: Disentangled Sticky Hierarchical Dirichlet Process Hidden Markov Model,true,UNRESOLVED,"unique code body; paper attribution NOT verified. Screen abandoned, so no claim either way.","code-body sha256=7cc4b394d5d61302 | first code lines: export function hmmForwardLogLik( / pi: number[], / A: number[][],",packages/prediction-engine/src/bayesian/2004-03019-dshdp-hmm-regimes.ts,,"ENABLED, hamiltonFilter, hmmForwardLogLik, hmmStationary, viterbi",0,
2005-09024v1-workload-availability-model,2005.09024,arXiv 2005.09024v1: Distributed lag models to identify the cumulative effects of training and recovery in athletes using multivariate ordinal wellness data,true,UNRESOLVED,"unique code body; paper attribution NOT verified. Screen abandoned, so no claim either way.","code-body sha256=9aef495303870cdc | first code lines: export function solveLinear(A: number[][], b: number[]): num / const n = A.length; / if (n === 0) throw new Error(""solveLinear: empty system"");",packages/prediction-engine/src/bayesian/2005-09024v1-workload-availability-model.ts,,"ENABLED, adjustedPlusMinus, arxFit, irlsFit, logistic, logisticLogLoss, ridgeFit, ridgePredict",0,
2012-14949-bivariate-poisson-home-advantage,2012.14949,arXiv 2012.14949: Estimating the change in soccer's home advantage during the Covid-19 pandemic using bivariate Poisson regression,true,UNRESOLVED,"unique code body; paper attribution NOT verified. Screen abandoned, so no claim either way.","code-body sha256=162fe748a167eb8b | first code lines: export function bivPoissonPmf(x: number, y: number, l1: numb / let s = 0; / const m = Math.min(x, y);",packages/prediction-engine/src/bayesian/2012-14949-bivariate-poisson-home-advantage.ts,,"ENABLED, bivPoissonPmf, bivPoissonSample, dixonColesTau",0,
2104-07537-dynamic-probit-vb,2104.07537,arXiv 2104.07537: Variational Inference for the Smoothing Distribution in Dynamic Probit Models,true,TEMPLATE_STAMP,"code body byte-identical to 3 other module(s) filed under different arXiv ids: 1908.07372, 2210.11010, 2308.02414",code-body sha256=4e0a2146b9b7d0a0 | first code lines: export interface AR1State { / level: number; / variance: number;,packages/prediction-engine/src/bayesian/2104-07537-dynamic-probit-vb.ts,,"AR1State, ENABLED, ar1Forecast, ar1Update, brownianWinProb, ouForecast, ouWinProb",3,"1908.07372, 2210.11010, 2308.02414"
2203-10706-dfs-monte-carlo-gamma,arXiv:2203.10706,arXiv 2203.10706: Predicting Cricket Outcomes using Bayesian Priors (arXiv:2203.10706) — replaces [1539],true,UNRESOLVED,"unique code body; paper attribution NOT verified. Screen abandoned, so no claim either way.","code-body sha256=2393a89b15de48f2 | first code lines: export function betaUpdate(a: number, b: number, s: number,  / return { a: a + s, b: b + f }; / }",packages/prediction-engine/src/bayesian/2203-10706-dfs-monte-carlo-gamma.ts,,"ENABLED, betaMean, betaUpdate, betaVar, emaxPortfolioGreedy, expectedMax2, gammaPosteriorShrink, wpBlendCell",0,
2207-05114-wp-blender-beta-prior,2207.05114,arXiv 2207.05114: Bayesian estimation of in-game home team win probability for NBA games,true,TEMPLATE_STAMP,code body byte-identical to 1 other module(s) filed under different arXiv ids: 2005.07742,"code-body sha256=1f8e4fe5c2c65b14 | first code lines: export function betaUpdate(a: number, b: number, s: number,  / return { a: a + s, b: b + f }; / }",packages/prediction-engine/src/bayesian/2207-05114-wp-blender-beta-prior.ts,,"ENABLED, betaMean, betaUpdate, betaVar, gammaPosteriorShrink, wpBlendCell, wpBlendLogistic",1,2005.07742
2210-11010-efficient-vb-statespace,2210.11010,arXiv 2210.11010: Efficient variational approximations for state space models,true,TEMPLATE_STAMP,"code body byte-identical to 3 other module(s) filed under different arXiv ids: 1908.07372, 2104.07537, 2308.02414",code-body sha256=4e0a2146b9b7d0a0 | first code lines: export interface AR1State { / level: number; / variance: number;,packages/prediction-engine/src/bayesian/2210-11010-efficient-vb-statespace.ts,,"AR1State, ENABLED, ar1Forecast, ar1Update, brownianWinProb, ouForecast, ouWinProb",3,"1908.07372, 2104.07537, 2308.02414"
2303-12401v2-hierarchical-live-probit,2303.12401,arXiv 2303.12401v2: Real-time forecasting within soccer matches through a Bayesian lens,true,UNRESOLVED,"unique code body; paper attribution NOT verified. Screen abandoned, so no claim either way.",code-body sha256=0c7a36393864f324 | first code lines: export function logistic(x: number): number { / if (x >= 0) { / const e = Math.exp(-x);,packages/prediction-engine/src/bayesian/2303-12401v2-hierarchical-live-probit.ts,,"ENABLED, irlsFit, logistic, logisticLogLoss, stadiumFactorFit",0,
2304-01538-doubly-self-exciting-scores,2304.01538,arXiv 2304.01538: A doubly self-exciting Poisson model for describing scoring levels in NBA basketball,true,UNRESOLVED,"unique code body; paper attribution NOT verified. Screen abandoned, so no claim either way.","code-body sha256=0fffef6c501af811 | first code lines: export function poissonPmf(k: number, lambda: number): numbe / if (lambda <= 0) return k === 0 ? 1 : 0; / let logP = -lambda + k * Math.log(lambda);",packages/prediction-engine/src/bayesian/2304-01538-doubly-self-exciting-scores.ts,,"ENABLED, cmpPmf, hawkesGridFit, hawkesIntensity, hawkesLogLik, ingarchFilter, ingarchLogLik, nestedScoreSim",0,
1905-07886-conformal-ncp-intervals,1905.07886,arXiv 1905.07886: Conformal Prediction Interval Estimations with an Application to Day-Ahead and Intraday Power Markets,true,TEMPLATE_STAMP,code body byte-identical to 1 other module(s) filed under different arXiv ids: 2406.15760,"code-body sha256=78127ada5e469dde | first code lines: export function conformalQuantile(scores: readonly number[], / if (scores.length === 0) throw new Error(""conformalQuantile: / const s = [...scores].sort((a, b) => a - b);",packages/prediction-engine/src/calibration/1905-07886-conformal-ncp-intervals.ts,,"ENABLED, conformalInterval, conformalQuantile, icmAlarm, icmMartingaleValue, normalizedInterval, rollingCoverage",1,2406.15760
teacher-calibration,arXiv:2607.00164,Empirical-rate teacher calibration with M=25 empirical-Bayes backoff.,true,UNRESOLVED,"unique code body; paper attribution NOT verified. Screen abandoned, so no claim either way.",code-body sha256=3c03b9870b6003ba | first code lines: export const TEACHER_BACKOFF_M = 25; / export interface TeacherBin { / readonly center: number;,packages/prediction-engine/src/calibration/teacher-calibration.ts,,"TEACHER_BACKOFF_M, TeacherBin, calibrateWithTeacher, ebBackoff, fitTeacherMap",0,
1803-01422v2-notears-dag,1803.01422,arXiv 1803.01422v2: DAGs with NO TEARS: Continuous Optimization for Structure Learning,true,UNRESOLVED,"unique code body; paper attribution NOT verified. Screen abandoned, so no claim either way.","code-body sha256=fa78327087366875 | first code lines: export type Edge = [number, number]; / function zeros(n: number, m: number): number[][] { / return Array.from({ length: n }, () => new Array<number>(m).",packages/prediction-engine/src/causal/1803-01422v2-notears-dag.ts,,"ENABLED, acyclicity, jaccardEdges, matExp, notearsFit, pruneToGraph, thresholdEdges",0,
2001-04197v4-rcd-quarantine-layer,2001.04197,arXiv 2001.04197v4: Causal discovery of linear non-Gaussian acyclic models in the presence of latent confounders,true,UNRESOLVED,"unique code body; paper attribution NOT verified. Screen abandoned, so no claim either way.","code-body sha256=9769402aa7ea0837 | first code lines: export function residualizeOnAncestors(X: number[][], ancest / const n = X.length; / const V = X[0]!.length;",packages/prediction-engine/src/causal/2001-04197v4-rcd-quarantine-layer.ts,,"ENABLED, corMatrix, edgeJaccard, markBidirected, quarantinePairs, residualizeOnAncestors",0,
2003-03685v2-pcmci-team-panel,2003.03685,arXiv 2003.03685v2: Discovering contemporaneous and lagged causal relations in autocorrelated nonlinear time series,true,UNRESOLVED,"unique code body; paper attribution NOT verified. Screen abandoned, so no claim either way.","code-body sha256=107b9f96d473cddf | first code lines: export function pearson(xs: number[], ys: number[]): number  / const n = xs.length; / const mx = xs.reduce((a, b) => a + b, 0) / n;",packages/prediction-engine/src/causal/2003-03685v2-pcmci-team-panel.ts,,"ENABLED, partialCorr, pcmciSkeletonS1, pcorPvalue, pearson",0,
2007-00267v1-regime-dependent-causal-discovery,2007.00267,arXiv 2007.00267v1: Reconstructing regime-dependent causal relationships from observational time series,true,UNRESOLVED,"unique code body; paper attribution NOT verified. Screen abandoned, so no claim either way.","code-body sha256=92d619d9028bed16 | first code lines: export function pearson(xs: number[], ys: number[]): number  / const n = xs.length; / const mx = xs.reduce((a, b) => a + b, 0) / n;",packages/prediction-engine/src/causal/2007-00267v1-regime-dependent-causal-discovery.ts,,"ENABLED, bocpdLite, cusumDetect, partialCorr, pcmciSkeletonS1, pcorPvalue, pearson",0,
2110-00637v4-ml4c-supervised-orienter,2110.00637,arXiv 2110.00637v4: ML4C: Seeing Causality Through Latent Vicinity,true,UNRESOLVED,"unique code body; paper attribution NOT verified. Screen abandoned, so no claim either way.","code-body sha256=52be430d32eb7ee0 | first code lines: export function pearson(xs: number[], ys: number[]): number  / const n = xs.length; / const mx = xs.reduce((a, b) => a + b, 0) / n;",packages/prediction-engine/src/causal/2110-00637v4-ml4c-supervised-orienter.ts,,"ENABLED, ParetoPoint, hypothesisReject, pairedPvalue, paretoFrontier, partialCorr, pcmciSkeletonS1, pcorPvalue",0,
1612-00796v2-ewc-feature-anchoring,1612.00796,arXiv 1612.00796v2: Overcoming Catastrophic Forgetting in Neural Networks (EWC),true,UNRESOLVED,"unique code body; paper attribution NOT verified. Screen abandoned, so no claim either way.","code-body sha256=5036e59a17a958af | first code lines: export function ewcPenalty( / current: number[], / reference: number[],",packages/prediction-engine/src/continual/1612-00796v2-ewc-feature-anchoring.ts,,"ENABLED, anchoredStep, ewcGradient, ewcPenalty, importanceOverlap, overlapRegime",0,
1904-10644v1-certainty-weighted-continual-updates,1904.10644,arXiv 1904.10644v1: Facilitating Bayesian Continual Learning by Natural Gradients and Stein Gradients,true,UNRESOLVED,"unique code body; paper attribution NOT verified. Screen abandoned, so no claim either way.","code-body sha256=5561b364f9fd7e74 | first code lines: export function naturalGradLogistic( / X: number[][], / y: number[],",packages/prediction-engine/src/continual/1904-10644v1-certainty-weighted-continual-updates.ts,,"ENABLED, logLossLogistic, mmdCoreset, naturalGradLogistic, rbfKernel, steinCoresetGreedy",0,
2304-01239v1-teacher-student-continual,2304.01239,arXiv 2304.01239v1: Online Distillation with Continual Learning for Cyclic Domain Shifts,true,UNRESOLVED,"unique code body; paper attribution NOT verified. Screen abandoned, so no claim either way.","code-body sha256=42d0d8e502b7e519 | first code lines: export function teacherEmaUpdate( / teacher: number[], / student: number[],",packages/prediction-engine/src/continual/2304-01239v1-teacher-student-continual.ts,,"ENABLED, consistencyLoss, diagFisher, forgettingAudit, multiCropAgreement, rwalkPenalty, teacherEmaUpdate",0,
0903-2910v1-ou-line-mean-reversion-sizing,0903.2910,,true,UNRESOLVED,"unique code body; paper attribution NOT verified. Screen abandoned, so no claim either way.",code-body sha256=6f63d5388c902dbc | first code lines: export interface OuFit { / b: number; / m: number;,packages/prediction-engine/src/decision/0903-2910v1-ou-line-mean-reversion-sizing.ts,,"ENABLED, OuFit, capClusterStakes, fitOuProcess, ouAdjustedStake, ouStabilityGatePasses, ouStabilityRejectRate",0,
1011-3177v3-data-replication-abstention,1011.3177,,true,UNRESOLVED,"unique code body; paper attribution NOT verified. Screen abandoned, so no claim either way.","code-body sha256=e3372498b9ecab4a | first code lines: export type RejectClass = 1 | 2 | 3; / export type RejectDecision = ""betA"" | ""abstain"" | ""betB""; / export interface RejectFeatures {",packages/prediction-engine/src/decision/1011-3177v3-data-replication-abstention.ts,,"ENABLED, REJECT_FEATURE_NAMES, RejectFeatures, Replica, abstentionConcentration, boundaryCosineSimilarity, buildRejectFeatures, foldStabilityGatePasses",0,
1710-01787-kelly-saturation-hardening,1710.01787,,true,UNRESOLVED,"unique code body; paper attribution NOT verified. Screen abandoned, so no claim either way.",code-body sha256=262e048bc2f2c538 | first code lines: export interface ReturnAtom { / x: number; // net return per unit staked (e.g. +1 / -1) / p: number; // probability,packages/prediction-engine/src/decision/1710-01787-kelly-saturation-hardening.ts,,"ENABLED, GAMBLE_A, ReturnAtom, drawdownConstrainedKelly, drawdownGatePasses, exactKellyFraction, expectedLogGrowth, expectedMaxDrawdown",0,
1710-04818-drawdown-risk-frontier,1710.04818,,true,UNRESOLVED,"unique code body; paper attribution NOT verified. Screen abandoned, so no claim either way.","code-body sha256=1c5a29a55afd0e43 | first code lines: export const BET_CATEGORIES = [""spreads"", ""totals"", ""moneyli / export type BetCategory = (typeof BET_CATEGORIES)[number]; / export type TradeReturnMatrix = number[][];",packages/prediction-engine/src/decision/1710-04818-drawdown-risk-frontier.ts,,"BET_CATEGORIES, ENABLED, currentDrawdownRisk, drawdownFrontierGatePasses, expectedLogTwr, perCategoryKellyCaps, solveDrawdownConstrainedAllocation",0,
1801-06737-bet-cadence-policy,1801.06737,,true,UNRESOLVED,"unique code body; paper attribution NOT verified. Screen abandoned, so no claim either way.",code-body sha256=892d68326c2ea95c | first code lines: export interface CadenceInputs { / edgeMean: number; / edgeVar: number;,packages/prediction-engine/src/decision/1801-06737-bet-cadence-policy.ts,,"CadenceInputs, ENABLED, cadenceGatePasses, chooseCadence, netGrowthAtCadence, sufficientAttractiveness",0,
1803-08355v2-structured-leg-abstention,1803.08355,,true,UNRESOLVED,"unique code body; paper attribution NOT verified. Screen abandoned, so no claim either way.",code-body sha256=a563ed9f03b446bf | first code lines: export interface ParlayLeg { / id: string; / edge: number;,packages/prediction-engine/src/decision/1803-08355v2-structured-leg-abstention.ts,,"ENABLED, InjuryNode, LegAbstentionCosts, ParlayLeg, abstentionAwareInjurySignal, greedyLegAbstention, injuryNodeAbstention, injuryPipelineGatePasses",0,
1806-05293-multivariate-slate-sizer,1806.05293,,true,UNRESOLVED,"unique code body; paper attribution NOT verified. Screen abandoned, so no claim either way.",code-body sha256=5fbb369aa05d6e61 | first code lines: export interface SlatePick { / id: string; / p: number;,packages/prediction-engine/src/decision/1806-05293-multivariate-slate-sizer.ts,,"ENABLED, SlatePick, approximateWarmStart, correlationGuardrailHolds, pickReturn, sampleCorrelatedOutcomes, shrinkageCorrelation, slateSizerGatePasses",0,
1807-05265-dominance-screen,1807.05265,,true,UNRESOLVED,"unique code body; paper attribution NOT verified. Screen abandoned, so no claim either way.",code-body sha256=f5e1db6e477c4499 | first code lines: export interface DominancePick { / id: string; / gameId: string;,packages/prediction-engine/src/decision/1807-05265-dominance-screen.ts,,"DominancePick, DominanceScreenInput, DominanceScreenResult, DominanceTrigger, ENABLED, capAtFractionalCeiling, dominanceGatePasses, dominanceScreen",0,
1812-10371-robust-kelly-uncertainty-set,1812.10371,,true,UNRESOLVED,"unique code body; paper attribution NOT verified. Screen abandoned, so no claim either way.",code-body sha256=fb6fecda5ce34878 | first code lines: export interface RobustSizerConfig { / radius: number; / fractionalCap: number;,packages/prediction-engine/src/decision/1812-10371-robust-kelly-uncertainty-set.ts,,"DEFAULT_ROBUST_CONFIG, ENABLED, RobustSizerConfig, adaptiveRadius, boxUncertaintySet, nominalKellyFraction, radiusFromResiduals, robustKellyFraction",0,
1901-09192v4-selectivenet-selection-head,1901.09192,,true,UNRESOLVED,"unique code body; paper attribution NOT verified. Screen abandoned, so no claim either way.",code-body sha256=056778621b1cbe3b | first code lines: export const SELECTIVENET_TARGET_COVERAGE = 0.3; / export interface SelectiveNetOutputs { / predictions: number[];,packages/prediction-engine/src/decision/1901-09192v4-selectivenet-selection-head.ts,,"ENABLED, SELECTIVENET_TARGET_COVERAGE, SelectiveNetOutputs, coveredSetRoi, selectiveNetGatePasses, selectiveNetLoss, selectiveNetPublishMask",0,
1905-10964v2-dac-abstention-cleaning,1905.10964,,true,UNRESOLVED,"unique code body; paper attribution NOT verified. Screen abandoned, so no claim either way.",code-body sha256=0340780706a01dfe | first code lines: export interface DacOutputs { / classProbs: number[]; / pAbstain: number;,packages/prediction-engine/src/decision/1905-10964v2-dac-abstention-cleaning.ts,,"DacCleanResult, DacOutputs, ENABLED, brierScore, dacAbstain, dacCleanDataset, dacGatePasses, dacLoss",0,
1907-00208v2-gambler-reservation-filter,1907.00208,,true,UNRESOLVED,"unique code body; paper attribution NOT verified. Screen abandoned, so no claim either way.",code-body sha256=ccbdad75cd8432fc | first code lines: export interface GamblerOutputs { / classProbs: number[]; / pReserve: number;,packages/prediction-engine/src/decision/1907-00208v2-gambler-reservation-filter.ts,,"ENABLED, GamblerOutputs, gamblerFilterSlates, gamblerGatePasses, gamblerLoss, gamblerWithhold, sweepReward",0,
1911-11253v1-hostile-market-abstain,1911.11253,,true,UNRESOLVED,"unique code body; paper attribution NOT verified. Screen abandoned, so no claim either way.",code-body sha256=fdcccff9f7fc961d | first code lines: export interface HostileMarketFeatures { / lineMoveMagnitude: number; / hoursToKickoffAtMove: number;,packages/prediction-engine/src/decision/1911-11253v1-hostile-market-abstain.ts,,"DEFAULT_NO_BET_WEIGHTS, ENABLED, HostileMarketFeatures, NoBetHeadWeights, hostileGatePasses, hostileMarketScore, hostileNoBet, tuneLambdaToRate",0,
2001-09097v1-gap-stat-ratings,2001.09097,,true,UNRESOLVED,"unique code body; paper attribution NOT verified. Screen abandoned, so no claim either way.","code-body sha256=e5ff2c688fd1c66b | first code lines: export type Venue = ""home"" | ""away""; / export interface GapEntry { / offHome: number;",packages/prediction-engine/src/decision/2001-09097v1-gap-stat-ratings.ts,,"ENABLED, GAP_STATS, GapEntry, GapGameStat, GapOutcomeProbs, createGapTable, gapGatePasses, gapOutcomeProbs",0,
2002-03448v1-levy-kelly-staking,2002.03448,,true,UNRESOLVED,"unique code body; paper attribution NOT verified. Screen abandoned, so no claim either way.",code-body sha256=68002683e0df4b73 | first code lines: export function edgeGate(expectedReturn: number): boolean { / return expectedReturn > 0; / },packages/prediction-engine/src/decision/2002-03448v1-levy-kelly-staking.ts,,"ENABLED, deployFraction, edgeGate, fullKellyFraction, kellyStakePick, kellyStakingGatePasses, logNormalSanityHolds, numericKellyMaximizer",0,
2003-02743-temporal-correlation-kelly,2003.02743,,true,UNRESOLVED,"unique code body; paper attribution NOT verified. Screen abandoned, so no claim either way.",code-body sha256=dd1f5ced45422fee | first code lines: export interface AutocorrTest { / rho: number; / n: number;,packages/prediction-engine/src/decision/2003-02743-temporal-correlation-kelly.ts,,"AutocorrTest, ENABLED, autocorrSignificant95, correlationAwareKellyFraction, fitMemoryOne, lag1Autocorrelation, temporalAdjustmentFactor, temporalKellyGatePasses",0,
2004-12099-kelly-kkt-certificate,2004.12099,,true,UNRESOLVED,"unique code body; paper attribution NOT verified. Screen abandoned, so no claim either way.","code-body sha256=d39e022ba3c4a431 | first code lines: export function kktCertificate( / fractions: number[], / scenarios: number[][],",packages/prediction-engine/src/decision/2004-12099-kelly-kkt-certificate.ts,,"ENABLED, cappedReallocate, kktCertificate, slidingWindowDominanceRatio, walkForwardRedundancyScreen",0,
2005-11698-fluctuation-frontier,2005.11698,,true,UNRESOLVED,"unique code body; paper attribution NOT verified. Screen abandoned, so no claim either way.",code-body sha256=e7cf127b31b1df7e | first code lines: export interface FrontierPoint { / fraction: number; / meanLogGrowth: number; // <W>: expected log-growth per bet,packages/prediction-engine/src/decision/2005-11698-fluctuation-frontier.ts,,"ENABLED, FrontierPoint, frontierFractionChoice, frontierGatePasses, frontierSlope, growthFluctuationFrontier, turInvariantHolds",0,
2006-01862-expert-deferral-router,2006.01862,,true,UNRESOLVED,"unique code body; paper attribution NOT verified. Screen abandoned, so no claim either way.","code-body sha256=5a1885edd5eaec1a | first code lines: export type Route = ""model"" | ""expert"" | ""abstain""; / export interface DeferralTriple { / modelUnits: number;",packages/prediction-engine/src/decision/2006-01862-expert-deferral-router.ts,,"DeferralTriple, ENABLED, SubpopulationAudit, deferralBiasAudit, deferralRouterGatePasses, gceDeferralSurrogate, routedSystemUnits, routerDecision",0,
2101-12523-sele-loss-gate,2101.12523,,true,UNRESOLVED,"unique code body; paper attribution NOT verified. Screen abandoned, so no claim either way.",code-body sha256=6dfcd1b5c3ac0d56 | first code lines: export interface SelePick { / loss: number; / psi: number[];,packages/prediction-engine/src/decision/2101-12523-sele-loss-gate.ts,,"ENABLED, SelePick, areaUnderRiskCoverage, boundedCoveragePublish, maskWinRate, regGateWeights, ridgeFit, seleGatePasses",0,
2104-08236v1-totals-abstention-sigma,2104.08236,,true,UNRESOLVED,"unique code body; paper attribution NOT verified. Screen abandoned, so no claim either way.","code-body sha256=2828d22b3e2cb5ba | first code lines: export const softplus = (x: number): number => / x > 20 ? x : Math.log1p(Math.exp(x)); / export function gaussianNll(y: number, mu: number, sigma: nu",packages/prediction-engine/src/decision/2104-08236v1-totals-abstention-sigma.ts,,"ENABLED, PidState, abstentionNllLoss, gaussianNll, kappaFromSigma, pidAbstentionStep, recalibrateTau, sigmaCalibration",0,
2104-08281v1-cover-abstention-head,2104.08281,,true,UNRESOLVED,"unique code body; paper attribution NOT verified. Screen abandoned, so no claim either way.",code-body sha256=b1bba040b02126be | first code lines: export interface CoverHeadOutputs { / pCover: number; / pNoCover: number;,packages/prediction-engine/src/decision/2104-08281v1-cover-abstention-head.ts,,"CoverHeadOutputs, ENABLED, abstentionAttribution, calibrateAbstainTau, coverAbstentionGatePasses, coverPrediction, coverPublishRule, coveredAccuracy",0,
2107-03090-risan-instance-abstention,2107.03090,,true,UNRESOLVED,"unique code body; paper attribution NOT verified. Screen abandoned, so no claim either way.","code-body sha256=58aae3b90b1ee390 | first code lines: export function doubleSigmoidUnitLoss( / margin: number, // y * f(x): signed confidence in the true o / rho: number, // per-pick abstention half-width",packages/prediction-engine/src/decision/2107-03090-risan-instance-abstention.ts,,"ENABLED, RisanPick, doubleSigmoidUnitLoss, globalGateHitRate, injectOutcomeNoise, marketConditionedRho, risanAcceptedHitRate, risanGatePasses",0,
2109-10814v1-variance-budgeted-kelly,2109.10814,,true,UNRESOLVED,"unique code body; paper attribution NOT verified. Screen abandoned, so no claim either way.",code-body sha256=5f36fca72dcff8c5 | first code lines: export interface SlateEdge { / id: string; / fFull: number;,packages/prediction-engine/src/decision/2109-10814v1-variance-budgeted-kelly.ts,,"ENABLED, SlateEdge, estimateSlateVariance, fixedAlphaStakes, growthRiskRatio, varianceBudgetedAlpha, varianceBudgetedGatePasses, varianceBudgetedStakes",0,
2205-13532-training-disagreement-gate,2205.13532,,true,UNRESOLVED,"unique code body; paper attribution NOT verified. Screen abandoned, so no claim either way.",code-body sha256=2b0dbb62aba1b4d4 | first code lines: export interface SnapshotPick { / id: string; / snapshotProbs: number[];,packages/prediction-engine/src/decision/2205-13532-training-disagreement-gate.ts,,"ENABLED, SnapshotPick, aurcForScores, flipLineInteraction, lateWeightedDisagreement, nntdAbstain, nntdGatePasses, topDisagreementLossRate",0,
2409-18645v1-mc-dropout-cer,2409.18645,,true,UNRESOLVED,"unique code body; paper attribution NOT verified. Screen abandoned, so no claim either way.",code-body sha256=5740d95908132a92 | first code lines: export interface McDropoutStats { / mean: number; / variance: number;,packages/prediction-engine/src/decision/2409-18645v1-mc-dropout-cer.ts,,"CerPick, ENABLED, McDropoutStats, aurcc, cerGatePasses, cerReject, cerSelect, fitGammaPerMarket",0,
2411-18374-analytic-drawdown-pricer,2411.18374,,true,UNRESOLVED,"unique code body; paper attribution NOT verified. Screen abandoned, so no claim either way.","code-body sha256=29298b5c9c0e82df | first code lines: function clamp01(p: number): number { / return Math.min(Math.max(p, 0), 1); / }",packages/prediction-engine/src/decision/2411-18374-analytic-drawdown-pricer.ts,,"DrawdownGateCell, ENABLED, analyticDrawdownCdf, drawdownExceedanceProb, drawdownHardStop, drawdownPricerGatePasses, drawupExceedanceProb, fitReturnProcess",0,
2502-07255v2-dual-threshold-conformal,2502.07255,,true,UNRESOLVED,"unique code body; paper attribution NOT verified. Screen abandoned, so no claim either way.","code-body sha256=b08576414071dcf4 | first code lines: export type GameRegime = ""divisional"" | ""non-divisional"" | "" / export interface ConformalPick { / id: string;",packages/prediction-engine/src/decision/2502-07255v2-dual-threshold-conformal.ts,,"ConformalPick, ENABLED, PolicyOutcome, ThresholdPair, calibrateConformalThreshold, dualThresholdPublish, evaluatePolicy, fitThresholdsByRegime",0,
2503-07498-two-knob-sizer,2503.07498,,true,UNRESOLVED,"unique code body; paper attribution NOT verified. Screen abandoned, so no claim either way.","code-body sha256=0782c06d1701a1f5 | first code lines: export type Matrix = number[][]; / export function compoundCovariance(statCov: Matrix, nonstatC / return statCov.map((row, i) => row.map((v, j) => v + nonstat",packages/prediction-engine/src/decision/2503-07498-two-knob-sizer.ts,,"ENABLED, TwoKnobBacktest, WealthStats, compoundCovariance, expUtilityWeights, gmvLeverage, gmvObjective, kellyLeverage",0,
2503-23782v1-regime-conditional-reject,2503.23782,,true,UNRESOLVED,"unique code body; paper attribution NOT verified. Screen abandoned, so no claim either way.","code-body sha256=47ce4222682c51a8 | first code lines: export type EntropyRegime = ""division"" | ""weather"" | ""short- / export interface EntropyGame { / id: string;",packages/prediction-engine/src/decision/2503-23782v1-regime-conditional-reject.ts,,"ENABLED, EntropyGame, REGIME_EPSILONS, RejectOutcome, calibrateLambda, calibrateLambdaByRegime, crpsEntropy, entropyCriterionAdopted",0,
2505-00724-crra-stake-dp,2505.00724,,true,UNRESOLVED,"unique code body; paper attribution NOT verified. Screen abandoned, so no claim either way.","code-body sha256=c5513b9bb6c63b80 | first code lines: export function crraUtility(wealth: number, gamma: number):  / const w = Math.max(wealth, 1e-12); / if (Math.abs(gamma - 1) < 1e-9) return Math.log(w);",packages/prediction-engine/src/decision/2505-00724-crra-stake-dp.ts,,"ENABLED, StakeDPConfig, crraInverseUtility, crraUtility, distillLinearRule, kellySlopeReference, linearStake, slopeWithinKelly",0,
2505-22422v2-star-bets-ci,2505.22422,,true,UNRESOLVED,"unique code body; paper attribution NOT verified. Screen abandoned, so no claim either way.","code-body sha256=b7326b19ac3e5c9e | first code lines: function logBinomPmf(k: number, n: number, p: number): numbe / if (p <= 0) return k === 0 ? 0 : -Infinity; / if (p >= 1) return k === n ? 0 : -Infinity;",packages/prediction-engine/src/decision/2505-22422v2-star-bets-ci.ts,,"ENABLED, binomLowerTail, binomUpperTail, ciWidth, clopperPearsonCI, normalApproxCI, starBetsCI, starLogWealth",0,
2505-23437v2-baltor-selection,2505.23437,,true,UNRESOLVED,"unique code body; paper attribution NOT verified. Screen abandoned, so no claim either way.","code-body sha256=4c39722a89e9196d | first code lines: export type EdgeSignClass = ""plus"" | ""minus""; / export interface CalibPick { / confidence: number;",packages/prediction-engine/src/decision/2505-23437v2-baltor-selection.ts,,"BaltorGate, CalibPick, CandidatePick, ENABLED, baltorGate, baltorSelect, conformalQuantile, empiricalCoverage",0,
2507-05994v1-kpup-allocation,2507.05994,,true,UNRESOLVED,"unique code body; paper attribution NOT verified. Screen abandoned, so no claim either way.","code-body sha256=a43ebcae664ddc3d | first code lines: export function bucketIndex(t: number, k: number): number { / return ((t % k) + k) % k; / }",packages/prediction-engine/src/decision/2507-05994v1-kpup-allocation.ts,,"ENABLED, PupRun, bankrollMultiple, bucketIndex, maxDrawdown, pupGatePasses, pupUpdate, runKPup",0,
2508-07556v2-instability-gate,2508.07556,,true,UNRESOLVED,"unique code body; paper attribution NOT verified. Screen abandoned, so no claim either way.",code-body sha256=2a024c806c868f8d | first code lines: export function instabilityScore(seedProbs: number[]): numbe / const n = seedProbs.length; / if (n < 2) return 0;,packages/prediction-engine/src/decision/2508-07556v2-instability-gate.ts,,"ENABLED, InstabilityGate, McNemarTable, confidenceSelect, hitRate, instabilityGatePasses, instabilityScore, instabilitySelect",0,
2510-19672-committee-lcb,2510.19672,,true,UNRESOLVED,"unique code body; paper attribution NOT verified. Screen abandoned, so no claim either way.",code-body sha256=c8086efbd1969e81 | first code lines: export function committeePostFraction(ruleVotes: boolean[]): / const n = ruleVotes.length; / if (n === 0) return 0;,packages/prediction-engine/src/decision/2510-19672-committee-lcb.ts,,"DisagreementGate, ENABLED, abstentionRate, committeeDisagreement, committeePostFraction, disagreementGatePasses, disagreementPostDecision, lcbUpgradePasses",0,
2601-20452v1-whale-distortion,2601.20452,,true,UNRESOLVED,"unique code body; paper attribution NOT verified. Screen abandoned, so no claim either way.","code-body sha256=af02185fbbf5ec07 | first code lines: export function impliedWhaleShare( / lineMovePoints: number, / typicalMovePerUnitVolume: number,",packages/prediction-engine/src/decision/2601-20452v1-whale-distortion.ts,,"ENABLED, ReversalStats, WhaleGate, flagWhaleMove, impliedWhaleShare, paperProfitAfterVig, reversalLift, whaleGatePasses",0,
2601-22570v1-memory-abstention,2601.22570,,true,UNRESOLVED,"unique code body; paper attribution NOT verified. Screen abandoned, so no claim either way.","code-body sha256=f1a3b5c64c2ae13b | first code lines: export function embeddingDistance(a: number[], b: number[]): / return a.reduce((s, x, i) => s + (x - b[i]!) ** 2, 0); / }",packages/prediction-engine/src/decision/2601-22570v1-memory-abstention.ts,,"ENABLED, MemoryGate, RiskCoveragePoint, aurc, correctedConfidence, downStakeFactor, embeddingDistance, memoryGatePasses",0,
2603-24704-evalue-screening,2603.24704,,true,UNRESOLVED,"unique code body; paper attribution NOT verified. Screen abandoned, so no claim either way.","code-body sha256=0dc06efb2773192f | first code lines: export function eValue(selectionScore: number, calibrationMe / const z = (selectionScore - calibrationMean) / Math.max(scal / return Math.exp(Math.min(Math.max(z - 0.5, -50), 50));",packages/prediction-engine/src/decision/2603-24704-evalue-screening.ts,,"ENABLED, EValueGate, eValue, eValueGatePasses, eValueSelect, eValueThreshold, realizedAverageLoss",0,
2604-24723v2-multivariate-kelly,2604.24723,,true,UNRESOLVED,"unique code body; paper attribution NOT verified. Screen abandoned, so no claim either way.","code-body sha256=15ddb972e41f0f31 | first code lines: export function kellyObjective(f: number[], scenarios: numbe / const T = scenarios.length; / if (T === 0) return 0;",packages/prediction-engine/src/decision/2604-24723v2-multivariate-kelly.ts,,"ENABLED, NewtonCgGate, conjugateGradient, greedyKelly, kellyGradient, kellyHessianVec, kellyObjective, newtonCgGatePasses",0,
2605-02611-lipschitz-forcing,2605.02611,,true,UNRESOLVED,"unique code body; paper attribution NOT verified. Screen abandoned, so no claim either way.","code-body sha256=57b56fec5f055f57 | first code lines: export function euclid(a: number[], b: number[]): number { / return Math.sqrt(a.reduce((s, x, i) => s + (x - b[i]!) ** 2, / }",packages/prediction-engine/src/decision/2605-02611-lipschitz-forcing.ts,,"ENABLED, ForcingGate, euclid, forcedLabel, forcingGatePasses, lipschitzEnvelope, localLipschitz",0,
2607-24875v1-hybrid-uncertainty,2607.24875,,true,UNRESOLVED,"unique code body; paper attribution NOT verified. Screen abandoned, so no claim either way.",code-body sha256=92ade986c4854680 | first code lines: export interface UncertaintyComponents { / evidenceDisagreement: number; / sourceContradiction: number;,packages/prediction-engine/src/decision/2607-24875v1-hybrid-uncertainty.ts,,"ENABLED, HybridGate, UncertaintyComponents, UncertaintyWeights, hybridGatePasses, hybridUncertainty, selectiveHitRate, uncertaintyPostDecision",0,
2608-23393-kellyboost,2608.23393,,true,UNRESOLVED,"unique code body; paper attribution NOT verified. Screen abandoned, so no claim either way.",code-body sha256=d53b44c1ae385936 | first code lines: export function softmaxAllocation(logits: number[]): number[ / const m = Math.max(...logits); / const exps = logits.map((l) => Math.exp(l - m));,packages/prediction-engine/src/decision/2608-23393-kellyboost.ts,,"ENABLED, KellyBoostGate, applyCrraDial, bootstrapProbPositive, kellyBoostGatePasses, logGrowthLoss, looEnsemble, maxDrawdown",0,
2609-22632-perclass-gates,2609.22632,,true,UNRESOLVED,"unique code body; paper attribution NOT verified. Screen abandoned, so no claim either way.","code-body sha256=9a343a366bdb5b52 | first code lines: export type MarketType = ""spread"" | ""total"" | ""moneyline""; / export interface ClassGate { / marketType: MarketType;",packages/prediction-engine/src/decision/2609-22632-perclass-gates.ts,,"ClassGate, ENABLED, PerClassGateResult, classAbstentionRate, classErrorRate, classGateDecision, mulberry32, perClassGatePasses",0,
1803-01984-bps-outcome-pools,1803.01984,arXiv 1803.01984: Bayesian Predictive Synthesis with Outcome-Dependent Pools,true,UNRESOLVED,"unique code body; paper attribution NOT verified. Screen abandoned, so no claim either way.","code-body sha256=3938f32f7a9f1e6e | first code lines: export type Regime = ""blowout"" | ""close""; / export function marginRegime(margin: number): Regime { / return Math.abs(margin) > 10 ? ""blowout"" : ""close"";",packages/prediction-engine/src/ensemble/1803-01984-bps-outcome-pools.ts,,"BPSFit, ENABLED, bpsGate, fitBPS, fitOutcomeDependentBPS, logScore, marginRegime, synthesize",0,
2010-10435v1-time-varying-forecast-combination,2010.10435,arXiv 2010.10435v1: Time-varying Forecast Combination for High-Dimensional Data,true,UNRESOLVED,"unique code body; paper attribution NOT verified. Screen abandoned, so no claim either way.","code-body sha256=f41c7642d207705f | first code lines: export function ewaUpdate(w: number[], losses: number[], eta / const n = w.length; / const un = w.map((wi, i) => wi * Math.exp(-eta * losses[i]!)",packages/prediction-engine/src/ensemble/2010-10435v1-time-varying-forecast-combination.ts,,"ENABLED, boaUpdate, ewaUpdate, scadFit, scadPenalty, scadThreshold, simplexProject, smoothWeights",0,
2011-02077-factor-graphical-ensemble,2011.02077,"arXiv 2011.02077: Combining Forecasts with Factor Graphical Models (Lee & Seregina, 2020)",true,TEMPLATE_STAMP,code body byte-identical to 1 other module(s) filed under different arXiv ids: 2209.01697,"code-body sha256=51d214ea7d49681d | first code lines: export function stackNNLS(F: number[][], y: number[], iters  / const K = F[0]!.length; / let w = new Array<number>(K).fill(1 / K);",packages/prediction-engine/src/ensemble/2011-02077-factor-graphical-ensemble.ts,,"ENABLED, istaLasso, logScoreStacking, regimeStackWeights, softThreshold, stackNNLS, tvDenoise1d",1,2209.01697
2012-01643-diversity-weighted-combiner,2012.01643,arXiv 2012.01643: Forecast with Forecasts: Diversity Matters,true,UNRESOLVED,"unique code body; paper attribution NOT verified. Screen abandoned, so no claim either way.","code-body sha256=0d1c9539e0c5da95 | first code lines: export function diversityMatrix(F: number[][]): number[][] { / const K = F.length; / const D: number[][] = Array.from({ length: K }, () => new Ar",packages/prediction-engine/src/ensemble/2012-01643-diversity-weighted-combiner.ts,,"ENABLED, diversityContribution, diversityMatrix, diversityWeights, logScoreStacking, regimeStackWeights, stackNNLS",0,
2101-08954-hierarchical-stacking,2101.08954,"arXiv 2101.08954: Hierarchical stacking for Bayesian model averaging (Yao, Pirš, Vehtari, Gelman, 2021)",true,TEMPLATE_STAMP,"code body byte-identical to 3 other module(s) filed under different arXiv ids: 2003.06505, 2106.00175, 2203.03279","code-body sha256=2df124c8686f6e52 | first code lines: export function stackNNLS(F: number[][], y: number[], iters  / const K = F[0]!.length; / let w = new Array<number>(K).fill(1 / K);",packages/prediction-engine/src/ensemble/2101-08954-hierarchical-stacking.ts,,"ENABLED, logScoreStacking, regimeStackWeights, stackNNLS",3,"2003.06505, 2106.00175, 2203.03279"
2104-04918v2-weighted-quantile-combination,2104.04918,arXiv 2104.04918v2: Modelling uncertainty in financial tail risk: a forecast combination and weighted quantile approach,true,UNRESOLVED,"unique code body; paper attribution NOT verified. Screen abandoned, so no claim either way.","code-body sha256=9be88277a25202b5 | first code lines: export function pinballLoss(y: number, q: number, alpha: num / const e = y - q; / return e >= 0 ? alpha * e : (alpha - 1) * e;",packages/prediction-engine/src/ensemble/2104-04918v2-weighted-quantile-combination.ts,,"ENABLED, meanPinball, pinballLoss, quantileCombine, quantileRegSGD, violationRate",0,
2107-06268-smoothed-boa-ensemble,2107.06268,arXiv 2107.06268: Smoothed Bernstein Online Aggregation for Day-Ahead Electricity Demand Forecasting,true,REAL_IMPLEMENTATION,"Hand-read: body exports boaUpdate/ewaUpdate/simplexProject/smoothWeights, matching the Bernstein Online Aggregation method named in the header.","code-body sha256=3f2af2ace71ff25f | first code lines: export function ewaUpdate(w: number[], losses: number[], eta / const n = w.length; / const un = w.map((wi, i) => wi * Math.exp(-eta * losses[i]!)",packages/prediction-engine/src/ensemble/2107-06268-smoothed-boa-ensemble.ts,,"ENABLED, boaUpdate, ewaUpdate, simplexProject, smoothWeights",1,2111.15365
2108-02082v3-regime-blender-febama,2108.02082,arXiv 2108.02082v3: Bayesian Forecast Combination Using Time-Varying Features,true,UNRESOLVED,"unique code body; paper attribution NOT verified. Screen abandoned, so no claim either way.","code-body sha256=e064ae3385ce59f8 | first code lines: export function stackNNLS(F: number[][], y: number[], iters  / const K = F[0]!.length; / let w = new Array<number>(K).fill(1 / K);",packages/prediction-engine/src/ensemble/2108-02082v3-regime-blender-febama.ts,,"ENABLED, brierScore, classWeightedBCE, eceProbs, fbeta, logLoss, logScoreStacking, normalCdfLocal",0,
2111-15365-weekly-boa-consensus,2111.15365,arXiv 2111.15365: Expert Aggregation for Financial Forecasting,true,TEMPLATE_STAMP,code body byte-identical to 1 other module(s) filed under different arXiv ids: 2107.06268,"code-body sha256=3f2af2ace71ff25f | first code lines: export function ewaUpdate(w: number[], losses: number[], eta / const n = w.length; / const un = w.map((wi, i) => wi * Math.exp(-eta * losses[i]!)",packages/prediction-engine/src/ensemble/2111-15365-weekly-boa-consensus.ts,,"ENABLED, boaUpdate, ewaUpdate, simplexProject, smoothWeights",1,2107.06268
2202-11834-beta-linear-pool,2202.11834,arXiv 2202.11834: Comparison of Combination Methods to Create Calibrated Ensemble Forecasts for Seasonal Influenza in the U.S.,true,UNRESOLVED,"unique code body; paper attribution NOT verified. Screen abandoned, so no claim either way.","code-body sha256=293d23e90f09afee | first code lines: export function regIncBeta(x: number, a: number, b: number,  / if (x <= 0) return 0; / if (x >= 1) return 1;",packages/prediction-engine/src/ensemble/2202-11834-beta-linear-pool.ts,,"ENABLED, blpApply, blpFit, pitValues, regIncBeta",0,
2203-03279v3-fforma-fusion,2203.03279,"arXiv 2203.03279v3: Evaluating State of the Art, Forecasting Ensembles- and Meta-learning Strategies for Model Fusion",true,TEMPLATE_STAMP,"code body byte-identical to 3 other module(s) filed under different arXiv ids: 2003.06505, 2101.08954, 2106.00175","code-body sha256=2df124c8686f6e52 | first code lines: export function stackNNLS(F: number[][], y: number[], iters  / const K = F[0]!.length; / let w = new Array<number>(K).fill(1 / K);",packages/prediction-engine/src/ensemble/2203-03279v3-fforma-fusion.ts,,"ENABLED, logScoreStacking, regimeStackWeights, stackNNLS",3,"2003.06505, 2101.08954, 2106.00175"
2209-01697-regime-factor-glasso,2209.01697,"arXiv 2209.01697: Regime-Dependent Factor Graphical LASSO for Forecast Combination (Lee & Seregina, 2023)",true,TEMPLATE_STAMP,code body byte-identical to 1 other module(s) filed under different arXiv ids: 2011.02077,"code-body sha256=51d214ea7d49681d | first code lines: export function stackNNLS(F: number[][], y: number[], iters  / const K = F[0]!.length; / let w = new Array<number>(K).fill(1 / K);",packages/prediction-engine/src/ensemble/2209-01697-regime-factor-glasso.ts,,"ENABLED, istaLasso, logScoreStacking, regimeStackWeights, softThreshold, stackNNLS, tvDenoise1d",1,2011.02077
2406-15760-icm-drift-monitor,2406.15760,arXiv 2406.15760: ICM Ensemble with Novel Betting Functions for Concept Drift,true,TEMPLATE_STAMP,code body byte-identical to 1 other module(s) filed under different arXiv ids: 1905.07886,"code-body sha256=78127ada5e469dde | first code lines: export function conformalQuantile(scores: readonly number[], / if (scores.length === 0) throw new Error(""conformalQuantile: / const s = [...scores].sort((a, b) => a - b);",packages/prediction-engine/src/ensemble/2406-15760-icm-drift-monitor.ts,,"ENABLED, conformalInterval, conformalQuantile, icmAlarm, icmMartingaleValue, normalizedInterval, rollingCoverage",1,1905.07886
2408-00785v4-kairosis-forecast-aggregation,2408.00785,arXiv 2408.00785v4: Kairosis: dynamical probability forecast aggregation via Bayesian change-point detection,true,UNRESOLVED,"unique code body; paper attribution NOT verified. Screen abandoned, so no claim either way.","code-body sha256=e6097165097bc3f7 | first code lines: export function kairosisTimeWeights( / losses: number[][], / hazard: number,",packages/prediction-engine/src/ensemble/2408-00785v4-kairosis-forecast-aggregation.ts,,"ENABLED, inverseCovIntersection, kairosisTimeWeights, recentChangeProb",0,
2609-19354-rank-first-gate,2609.19354,Rank-first promotion gates for generative-signal pipelines,true,UNRESOLVED,"unique code body; paper attribution NOT verified. Screen abandoned, so no claim either way.","code-body sha256=28fa893c275f9421 | first code lines: function averageRanks(values: readonly number[]): number[] { / const idx = values.map((v, i) => [v, i] as const); / idx.sort((a, b) => (a[0] < b[0] ? -1 : a[0] > b[0] ? 1 : a[0",packages/prediction-engine/src/evaluation/2609-19354-rank-first-gate.ts,,"DifficultyRow, DifficultyStability, DifficultyStratum, DiversityCurve, DiversityCurvePoint, DominanceReport, EnsembleMember, FeaturePairInput",0,
1601-04302v6-footballonomics-bootstrap,1601.04302,arXiv 1601.04302v6: Footballonomics: The Anatomy of American Football — Evidence from 7 Years of NFL Game Data,true,UNRESOLVED,"unique code body; paper attribution NOT verified. Screen abandoned, so no claim either way.",code-body sha256=f4745a9412d2c33f | first code lines: function mulberry32(seed: number): () => number { / let a = seed >>> 0; / return () => {,packages/prediction-engine/src/experimental/1601-04302v6-footballonomics-bootstrap.ts,,"BootstrapResult, CalibrationCheck, ENABLED, fpmBootstrap, kellyByLowerBound, quantizedBinCalibration",0,
1708-02715v1-order-flow-resiliency,1708.02715,arXiv 1708.02715v1: Order Flows and Limit Order Book Resiliency on the Meso-Scale,true,UNRESOLVED,"unique code body; paper attribution NOT verified. Screen abandoned, so no claim either way.","code-body sha256=f98c0d0c586e7f8a | first code lines: export interface Trade { / side: ""buy"" | ""sell""; / size: number;",packages/prediction-engine/src/experimental/1708-02715v1-order-flow-resiliency.ts,,"ENABLED, FlowBucket, ResiliencyFit, Trade, resiliencyRegression, scarceLiquidityFlag, steamSignal, volumeBuckets",0,
1804-04226v1-cfov-decomposition,1804.04226,arXiv 1804.04226v1: Increased Prediction Accuracy in the Game of Cricket using Machine Learning,true,UNRESOLVED,"unique code body; paper attribution NOT verified. Screen abandoned, so no claim either way.",code-body sha256=960375ee2ec4d035 | first code lines: export interface PlayerGame { / playerId: string; / opp: string;,packages/prediction-engine/src/experimental/1804-04226v1-cfov-decomposition.ts,,"CFOV, CFOVEval, ENABLED, PlayerGame, cfovFeatures, fitLogistic, logLossMean, predictLogistic",0,
1805-01271v1-its-break-harness,1805.01271,arXiv 1805.01271v1: NFL Injuries Before and After the 2011 Collective Bargaining Agreement (CBA),true,UNRESOLVED,"unique code body; paper attribution NOT verified. Screen abandoned, so no claim either way.",code-body sha256=2dd936faa1fd10fe | first code lines: function erf(x: number): number { / const t = 1 / (1 + 0.3275911 * Math.abs(x)); / const y =,packages/prediction-engine/src/experimental/1805-01271v1-its-break-harness.ts,,"BreakScan, ENABLED, ITSFit, fitITSPoisson, itsGate, normalCdf, scanBreaks",0,
1811-03931v1-riskneutral-inplay-pricer,1811.03931,arXiv 1811.03931v1: Risk-Neutral Pricing and Hedging of In-Play Football Bets,true,UNRESOLVED,"unique code body; paper attribution NOT verified. Screen abandoned, so no claim either way.",code-body sha256=265bba72d3f6a521 | first code lines: function erf(x: number): number { / const t = 1 / (1 + 0.3275911 * Math.abs(x)); / const y =,packages/prediction-engine/src/experimental/1811-03931v1-riskneutral-inplay-pricer.ts,,"ENABLED, LiveTotal, OverUnder, PointMark, calibrateLambda, expectedPointsPerDrive, expectedSquaredPointsPerDrive, fairLiveTotal",0,
1905-03628v1-nested-poisson-totals,1905.03628,arXiv 1905.03628v1: Prediction Model for the Africa Cup of Nations 2019 via Nested Poisson Regression,true,UNRESOLVED,"unique code body; paper attribution NOT verified. Screen abandoned, so no claim either way.","code-body sha256=b74ef0d6d4c44ce6 | first code lines: export function poissonPmf(k: number, lambda: number): numbe / if (lambda <= 0) return k === 0 ? 1 : 0; / let logP = -lambda + k * Math.log(lambda);",packages/prediction-engine/src/experimental/1905-03628v1-nested-poisson-totals.ts,,"ENABLED, cmpPmf, ingarchFilter, ingarchLogLik, nestedScoreSim, poissonLogLik, poissonMle, poissonPmf",0,
2006-04551v4-mimic-model-tree,2006.04551,arXiv 2006.04551v4: Cracking the Black Box: Distilling Deep Sports Analytics,true,TEMPLATE_STAMP,code body byte-identical to 1 other module(s) filed under different arXiv ids: 2108.08797,"code-body sha256=45a96743ffd8c506 | first code lines: export function temperatureSoftmax(logits: number[], T: numb / const mx = Math.max(...logits); / const e = logits.map((l) => Math.exp((l - mx) / T));",packages/prediction-engine/src/experimental/2006-04551v4-mimic-model-tree.ts,,"ENABLED, distillLoss, regimeOODScore, softCrossEntropy, temperatureSoftmax",1,2108.08797
2101-10385v1-bandit-model-selector,2101.10385,arXiv 2101.10385v1: Online and Scalable Model Selection with Multi-Armed Bandits,true,TEMPLATE_STAMP,code body byte-identical to 1 other module(s) filed under different arXiv ids: 2401.06086,"code-body sha256=b2409ae59e28bf6b | first code lines: export function epsilonGreedyStep(q: number[], eps: number,  / if (rand() < eps) return Math.floor(rand() * q.length); / let best = 0;",packages/prediction-engine/src/experimental/2101-10385v1-bandit-model-selector.ts,,"ENABLED, decayEps, epsilonGreedyStep, gammaSample, thompsonBetaStep, ucb1Step",1,2401.06086
2103-04349v1-irl-situational-decisions,2103.04349,"arXiv 2103.04349v1: Markov Cricket: Using Forward and Inverse Reinforcement Learning to Model, Predict And Optimize Batting Performance in ODI Cricket",true,UNRESOLVED,"unique code body; paper attribution NOT verified. Screen abandoned, so no claim either way.",code-body sha256=9d9860ca34d2624a | first code lines: export function featureExpectations(trajs: number[][]): numb / const d = trajs[0]!.length; / const mu = new Array<number>(d).fill(0);,packages/prediction-engine/src/experimental/2103-04349v1-irl-situational-decisions.ts,,"ENABLED, featureExpectations, irlMargin, maxEntIrlStep, softPolicy",0,
2106-05174v1-nested-zigp-simulation,2106.05174,arXiv 2106.05174v1: UEFA EURO 2020 Forecast via Nested Zero-Inflated Generalized Poisson Regression,true,UNRESOLVED,"unique code body; paper attribution NOT verified. Screen abandoned, so no claim either way.","code-body sha256=6ca62b6f1a92cc7c | first code lines: export function poissonPmf(k: number, lambda: number): numbe / if (lambda <= 0) return k === 0 ? 1 : 0; / let logP = -lambda + k * Math.log(lambda);",packages/prediction-engine/src/experimental/2106-05174v1-nested-zigp-simulation.ts,,"ENABLED, cmpPmf, gaussCopulaJoint, gaussCopulaSample, ingarchFilter, ingarchLogLik, negBinLogLik, negBinMoments",0,
2108-00821v2-news-reaction-ssm,2108.00821,arXiv 2108.00821v2: The reaction to news in live betting,true,UNRESOLVED,"unique code body; paper attribution NOT verified. Screen abandoned, so no claim either way.","code-body sha256=6ce8b4532a986718 | first code lines: export function solveLinear(A: number[][], b: number[]): num / const n = A.length; / if (n === 0) throw new Error(""solveLinear: empty system"");",packages/prediction-engine/src/experimental/2108-00821v2-news-reaction-ssm.ts,,"AR1State, ENABLED, adjustedPlusMinus, ar1Forecast, ar1Update, arxFit, brownianWinProb, ouForecast",0,
2109-06625v1-off-policy-coach-rl,2109.06625,arXiv 2109.06625v1: Towards optimized actions in critical situations of soccer games with deep reinforcement learning,true,TEMPLATE_STAMP,"code body byte-identical to 2 other module(s) filed under different arXiv ids: 2006.04779, 2203.03003","code-body sha256=8a218fb972d25859 | first code lines: export function cqlPenalty(qData: number[], qRandom: number[ / const mD = qData.reduce((a, b) => a + b, 0) / qData.length; / const mR = qRandom.reduce((a, b) => a + b, 0) / qRandom.leng",packages/prediction-engine/src/experimental/2109-06625v1-off-policy-coach-rl.ts,,"ENABLED, bellmanMse, cqlPenalty, doublyRobust, ess, lowerBoundDiagnostic, opeSelfNormalized",2,"2006.04779, 2203.03003"
2206-01038v1-video-action-recognition-menu,arXiv:2206.01038,arXiv 2206.01038v1: A Survey on Video Action Recognition in Sports (arXiv:2206.01038v1) — REPLACEMENT for 0620,true,TEMPLATE_STAMP,code body byte-identical to 1 other module(s) filed under different arXiv ids: 2305.14612,"code-body sha256=25eae85e3c31d3bc | first code lines: export function attentionRow(q: number[], K: number[][], V:  / const d = q.length; / const scores = K.map((k) => k.reduce((s, v, i) => s + v * q[",packages/prediction-engine/src/experimental/2206-01038v1-video-action-recognition-menu.ts,,"ENABLED, attentionRow, smoothAttention, trajectoryAttention",1,2305.14612
2206-09654v1-season-total-lstm-ensemble,2206.09654,arXiv 2206.09654v1: Performance Prediction in Major League Baseball by Long Short-Term Memory Networks,true,UNRESOLVED,"unique code body; paper attribution NOT verified. Screen abandoned, so no claim either way.",code-body sha256=128719fd0443c5a4 | first code lines: export interface LSTMWeights { / Wf: number[][]; / Wi: number[][];,packages/prediction-engine/src/experimental/2206-09654v1-season-total-lstm-ensemble.ts,,"ENABLED, LSTMWeights, asymmetricMse, lstmCellForward, lstmInitWeights, lstmSequence",0,
2206-11578v1-doubly-online-changepoint,2206.11578,arXiv 2206.11578v1: Doubly-online changepoint detection for monitoring health status during sports activities,true,UNRESOLVED,"unique code body; paper attribution NOT verified. Screen abandoned, so no claim either way.","code-body sha256=fbc1640929e64fa5 | first code lines: export function cusumDetect(xs: number[], k: number, h: numb / const alarms: number[] = []; / const w = Math.max(5, Math.min(50, Math.floor(xs.length / 4)",packages/prediction-engine/src/experimental/2206-11578v1-doubly-online-changepoint.ts,,"ENABLED, bocpdLite, cusumDetect",0,
2209-07274v5-convexity-grid-war,2209.07274,arXiv 2209.07274v5: Introducing Grid WAR: Rethinking WAR for Starting Pitchers,true,TEMPLATE_STAMP,"code body byte-identical to 2 other module(s) filed under different arXiv ids: 1910.08858, 2010.11187","code-body sha256=2e74448a90660999 | first code lines: export function brierScore(ps: readonly number[], ys: readon / if (ps.length === 0 || ps.length !== ys.length) throw new Er / let s = 0;",packages/prediction-engine/src/experimental/2209-07274v5-convexity-grid-war.ts,,"ENABLED, brierScore, classWeightedBCE, eceProbs, fbeta, logLoss, normalCdfLocal, pairedT",2,"1910.08858, 2010.11187"
2211-04459v3-flexbart-tabular-learner,2211.04459,arXiv 2211.04459v3: flexBART: Flexible Bayesian regression trees with categorical predictors,true,UNRESOLVED,"unique code body; paper attribution NOT verified. Screen abandoned, so no claim either way.",code-body sha256=82cdba6b9a1f83b2 | first code lines: export interface TreeStump { / splitVar: number; / splitVal: number;,packages/prediction-engine/src/experimental/2211-04459v3-flexbart-tabular-learner.ts,,"ENABLED, TreeStump, bartStumpGibbs, coClusterMatrix, gaussBart, intervalCoverage",0,
2308-02414v3-bivariate-ssm-skill-rating,2308.02414,arXiv 2308.02414v3: A State-Space Perspective on Modelling and Inference for Online Skill Rating,true,TEMPLATE_STAMP,"code body byte-identical to 3 other module(s) filed under different arXiv ids: 1908.07372, 2104.07537, 2210.11010",code-body sha256=4e0a2146b9b7d0a0 | first code lines: export interface AR1State { / level: number; / variance: number;,packages/prediction-engine/src/experimental/2308-02414v3-bivariate-ssm-skill-rating.ts,,"AR1State, ENABLED, ar1Forecast, ar1Update, brownianWinProb, ouForecast, ouWinProb",3,"1908.07372, 2104.07537, 2210.11010"
2402-01914v1-glmf-matchup-matrices,2402.01914,arXiv 2402.01914v1: Predicting Batting Averages in Specific Matchups Using Generalized Linked Matrix Factorization,true,UNRESOLVED,"unique code body; paper attribution NOT verified. Screen abandoned, so no claim either way.","code-body sha256=71a36dea1aa64205 | first code lines: export function alsFactorize( / ratings: { u: number; i: number; r: number }[], / nU: number,",packages/prediction-engine/src/experimental/2402-01914v1-glmf-matchup-matrices.ts,,"ENABLED, alsFactorize, glmfPredict, glmfRmse",0,
1705-03918-two-version-causal,1705.03918,arXiv 1705.03918: Causal inference with two versions of treatment,true,UNRESOLVED,"unique code body; paper attribution NOT verified. Screen abandoned, so no claim either way.",code-body sha256=a1a79f41a80b8ee6 | first code lines: export interface SituGame { / spread: number; / total: number;,packages/prediction-engine/src/injuries/1705-03918-two-version-causal.ts,,"ENABLED, IcIv, MatchedPair, SituGame, attEstimate, icIvIntervals, matchAsIfRandom, randomizationInference",0,
1710-08749v1-ppta-causal,1710.08749,arXiv 1710.08749v1: Posterior Predictive Treatment Assignment for Estimating Causal Effects with Limited Overlap,true,UNRESOLVED,"unique code body; paper attribution NOT verified. Screen abandoned, so no claim either way.",code-body sha256=0f76c888bf4c0907 | first code lines: function sigmoid(x: number): number { / return 1 / (1 + Math.exp(-x)); / },packages/prediction-engine/src/injuries/1710-08749v1-ppta-causal.ts,,"ENABLED, PptaResult, PropensityFit, fitPropensityLogistic, inclusionProbabilities, iptwATE, pptaATE",0,
1801-07104-hot-hand-repetition,1801.07104,arXiv 1801.07104: Heating Up in NBA Free Throw Shooting,true,UNRESOLVED,"unique code body; paper attribution NOT verified. Screen abandoned, so no claim either way.",code-body sha256=fafe2c7ccaefeb7f | first code lines: export interface Touch { / playerId: string; / driveId: number;,packages/prediction-engine/src/injuries/1801-07104-hot-hand-repetition.ts,,"ContrastResult, ENABLED, Touch, hotHandGate, interruptionContrast, repetitionContrast",0,
2009-06750-icing-causal-dag,2009.06750,arXiv 2009.06750: Stop the Clock: Are Timeout Effects Real?,true,UNRESOLVED,"unique code body; paper attribution NOT verified. Screen abandoned, so no claim either way.","code-body sha256=6b9dcf725a3b7f88 | first code lines: export function stratifiedATT(y: number[], t: number[], stra / const sIds = [...new Set(strata)]; / let num = 0;",packages/prediction-engine/src/injuries/2009-06750-icing-causal-dag.ts,,"ENABLED, maxAbsSmd, permutationP, rosenbaumGammaBound, stratifiedATT",0,
2011-11691-fourth-down-att-matching,2011.11691,arXiv 2011.11691: The causal effect of a timeout at stopping an opposing run in the NBA,true,TEMPLATE_STAMP,code body byte-identical to 1 other module(s) filed under different arXiv ids: 2205.07193,"code-body sha256=8a885dc6705c79b2 | first code lines: export function stratifiedATT(y: number[], t: number[], stra / const sIds = [...new Set(strata)]; / let num = 0;",packages/prediction-engine/src/injuries/2011-11691-fourth-down-att-matching.ts,,"ENABLED, discreteGFormula, ipwATE, ipwATT, maxAbsSmd, overlapCheck, permutationP, rosenbaumGammaBound",1,2205.07193
2108-08797-synthetic-pretraining-detector,2108.08797,arXiv 2108.08797: Physics-informed ML for head impact detection,true,TEMPLATE_STAMP,code body byte-identical to 1 other module(s) filed under different arXiv ids: 2006.04551,"code-body sha256=45a96743ffd8c506 | first code lines: export function temperatureSoftmax(logits: number[], T: numb / const mx = Math.max(...logits); / const e = logits.map((l) => Math.exp((l - mx) / T));",packages/prediction-engine/src/injuries/2108-08797-synthetic-pretraining-detector.ts,,"ENABLED, distillLoss, regimeOODScore, softCrossEntropy, temperatureSoftmax",1,2006.04551
2202-08500-recurrent-competing-events,2202.08500,arXiv 2202.08500: Causal inference with recurrent and competing events,true,UNRESOLVED,"unique code body; paper attribution NOT verified. Screen abandoned, so no claim either way.","code-body sha256=c19edffd6d27f34f | first code lines: export function truncateWeights(w: number[], lo: number, hi: / return w.map((x) => Math.min(hi, Math.max(lo, x))); / }",packages/prediction-engine/src/injuries/2202-08500-recurrent-competing-events.ts,,"ENABLED, discreteGFormula, ipwATE, ipwATT, overlapCheck, smd, truncateWeights",0,
2205-07193v2-division-pair-hfa-causal,2205.07193,arXiv 2205.07193v2: How Much Does Home Field Advantage Matter in Soccer Games? A Causal Inference Approach for English Premier League Analysis,true,TEMPLATE_STAMP,code body byte-identical to 1 other module(s) filed under different arXiv ids: 2011.11691,"code-body sha256=8a885dc6705c79b2 | first code lines: export function stratifiedATT(y: number[], t: number[], stra / const sIds = [...new Set(strata)]; / let num = 0;",packages/prediction-engine/src/injuries/2205-07193v2-division-pair-hfa-causal.ts,,"ENABLED, discreteGFormula, ipwATE, ipwATT, maxAbsSmd, overlapCheck, permutationP, rosenbaumGammaBound",1,2011.11691
2305-14612-acl-risk-video-scoring,2305.14612,arXiv 2305.14612: Automated ACL injury-risk scoring from 2D video,true,TEMPLATE_STAMP,code body byte-identical to 1 other module(s) filed under different arXiv ids: arXiv:2206.01038,"code-body sha256=25eae85e3c31d3bc | first code lines: export function attentionRow(q: number[], K: number[][], V:  / const d = q.length; / const scores = K.map((k) => k.reduce((s, v, i) => s + v * q[",packages/prediction-engine/src/injuries/2305-14612-acl-risk-video-scoring.ts,,"ENABLED, attentionRow, smoothAttention, trajectoryAttention",1,arXiv:2206.01038
2103-04647-marked-point-process-live,2103.04647,arXiv 2103.04647: Flexible marked spatio-temporal point processes with applications to event sequences from association football,true,UNRESOLVED,"unique code body; paper attribution NOT verified. Screen abandoned, so no claim either way.","code-body sha256=c3e7e304d027b22a | first code lines: export function hawkesIntensity( / t: number, / events: readonly number[],",packages/prediction-engine/src/inplay/2103-04647-marked-point-process-live.ts,,"ENABLED, hawkesGridFit, hawkesIntensity, hawkesLogLik",0,
1905-11481v2-ai-feynman-separability,1905.11481,AI Feynman separability front-end for symbolic metric invention —,true,UNRESOLVED,"unique code body; paper attribution NOT verified. Screen abandoned, so no claim either way.",code-body sha256=f762d893eaa1cf01 | first code lines: export interface Sample { / readonly x: readonly number[]; / readonly y: number;,packages/prediction-engine/src/invention/1905-11481v2-ai-feynman-separability.ts,,"FeatureGroup, RecombinedEquation, Sample, SeparabilityResult, deltaSepAdditive, deltaSepMultiplicative, normalizeByPace, passesImprovementGate",0,
1912-04871v4-risk-seeking-symreg,1912.04871,Risk-seeking policy-gradient fine-tuning for symbolic regression —,true,UNRESOLVED,"unique code body; paper attribution NOT verified. Screen abandoned, so no claim either way.","code-body sha256=19383e3e7f806243 | first code lines: export type Token = / | { readonly kind: ""const""; readonly value: number } / | { readonly kind: ""var""; readonly index: number }",packages/prediction-engine/src/invention/1912-04871v4-risk-seeking-symreg.ts,,"BinaryExpr, LeafExpr, Program, TRIG_NAMES, UnaryExpr, binary, countNodes, distinctInputVars",0,
2409-00629v2-dualmargin-bandit-experiment,2409.00629,Dual-margin pre-registered experiment with Thompson-sampling contextual,true,UNRESOLVED,"unique code body; paper attribution NOT verified. Screen abandoned, so no claim either way.",code-body sha256=4dfbfc6de111ae27 | first code lines: export const NUM_ARMS = 4; / export interface ExperimentSpec { / readonly name: string;,packages/prediction-engine/src/invention/2409-00629v2-dualmargin-bandit-experiment.ts,,"Assignment, BanditArmState, DualMarginResult, ExperimentSpec, NUM_ARMS, assignArm, cateReplicatesLive, computeDualMargin",0,
2410-17238v1-sela-mcts,2410.17238,SELA-style hierarchical MCTS for nightly signal discovery —,true,UNRESOLVED,"unique code body; paper attribution NOT verified. Screen abandoned, so no claim either way.",code-body sha256=679a8e0809d8d064 | first code lines: export interface HypothesisNode { / readonly id: string; / readonly family: string;,packages/prediction-engine/src/invention/2410-17238v1-sela-mcts.ts,,"HypothesisNode, MCTSConfig, MCTSNode, makeRootNode, meanValue, passesSelaGate, rollout, runMCTSSearch",0,
2508-01285v2-biodisco-critic-stage,2508.01285,BioDisco pre-execution evidence + critic stage —,true,REAL_IMPLEMENTATION,"Hand-read: body exports criticScore/passesBioDiscoGate/bradleyTerryUpdate/spendBudget, matching the critic-stage subject in the header.",code-body sha256=d6685e93cf21355a | first code lines: export interface Hypothesis { / readonly id: string; / readonly statement: string;,packages/prediction-engine/src/invention/2508-01285v2-biodisco-critic-stage.ts,,"ComputeBudget, CriticScore, CriticThresholds, DEFAULT_THRESHOLDS, DualModeGrounding, Hypothesis, LiteratureGrounding, StructuredGrounding",0,
2606-29823v1-experience-graph,2606.29823,Experience Graph: the data foundation for the self-improving discovery,true,UNRESOLVED,"unique code body; paper attribution NOT verified. Screen abandoned, so no claim either way.","code-body sha256=00e3b5cc9d80855d | first code lines: export type NodeKind = / | ""attempt"" / | ""artifact""",packages/prediction-engine/src/invention/2606-29823v1-experience-graph.ts,,"ExperienceEdge, ExperienceMiningReport, ExperienceNode, makeArtifact, makeAttempt, makeReflection, passesExperienceGate",0,
2608-25770v2-hypoforge-split,2608.25770,HypoForge split: per-hypothesis vs batch/distribution-level feedback +,true,UNRESOLVED,"unique code body; paper attribution NOT verified. Screen abandoned, so no claim either way.",code-body sha256=27225ece14c4f341 | first code lines: export interface HypothesisOutcome { / readonly id: string; / readonly hypothesis: string;,packages/prediction-engine/src/invention/2608-25770v2-hypoforge-split.ts,,"FeedbackArmState, HypothesisOutcome, TestingSkill, batchHitRate, hitRate, passesHypoForgeGate, transferImprovement",0,
1106-4509-ml-market-pooling,1106.4509,arXiv 1106.4509: Machine Learning Markets,true,UNRESOLVED,"unique code body; paper attribution NOT verified. Screen abandoned, so no claim either way.","code-body sha256=ba1c1b0ec40ea23d | first code lines: export type ProbVector = number[]; / function normalize(v: number[]): number[] { / const s = v.reduce((a, b) => a + b, 0);",packages/prediction-engine/src/markets/1106-4509-ml-market-pooling.ts,,"AlphaFit, ENABLED, fitAlpha, interpolatedPool, logLoss, mixturePool, productPool, updateWealth",0,
1310-6998v1-twitter-volume-momentum,1310.6998,arXiv 1310.6998v1: Predicting the NFL using Twitter,true,UNRESOLVED,"unique code body; paper attribution NOT verified. Screen abandoned, so no claim either way.","code-body sha256=86dbce0466e8c128 | first code lines: export function ewma(values: number[], theta = 0.2): number[ / const out: number[] = []; / let m = values[0] ?? 0;",packages/prediction-engine/src/markets/1310-6998v1-twitter-volume-momentum.ts,,"ENABLED, TotalsFeatures, beatWriterSentiment, ewma, totalsModelFeatures, volumeMomentumFeature",0,
1802-08848v1-odds-history-fusion,1802.08848,arXiv 1802.08848v1: Combining historical data and bookmakers'odds in modelling football scores,true,UNRESOLVED,"unique code body; paper attribution NOT verified. Screen abandoned, so no claim either way.","code-body sha256=892a80a98b58f704 | first code lines: export function devig(rawImplied: number[]): number[] { / const s = rawImplied.reduce((a, b) => a + b, 0); / return s > 0 ? rawImplied.map((p) => p / s) : rawImplied.map",packages/prediction-engine/src/markets/1802-08848v1-odds-history-fusion.ts,,"ENABLED, FusionFit, convexFuse, devig, fitFusionWeight, fusionGate, logLoss",0,
1910-08858v2-spread-win-probability-table,1910.08858,arXiv 1910.08858v2: Beating the House: Identifying Inefficiencies in Sports Betting Markets,true,TEMPLATE_STAMP,"code body byte-identical to 2 other module(s) filed under different arXiv ids: 2010.11187, 2209.07274","code-body sha256=2e74448a90660999 | first code lines: export function brierScore(ps: readonly number[], ys: readon / if (ps.length === 0 || ps.length !== ys.length) throw new Er / let s = 0;",packages/prediction-engine/src/markets/1910-08858v2-spread-win-probability-table.ts,,"ENABLED, brierScore, classWeightedBCE, eceProbs, fbeta, logLoss, normalCdfLocal, pairedT",2,"2010.11187, 2209.07274"
2003-09384v2-static-theta-threshold-policy,2003.09384,arXiv 2003.09384v2: Investigating the efficiency of the Asian handicap football betting market with ratings and Bayesian networks,true,UNRESOLVED,"unique code body; paper attribution NOT verified. Screen abandoned, so no claim either way.","code-body sha256=f93378d6f6adc4be | first code lines: export function brierScore(ps: readonly number[], ys: readon / if (ps.length === 0 || ps.length !== ys.length) throw new Er / let s = 0;",packages/prediction-engine/src/markets/2003-09384v2-static-theta-threshold-policy.ts,,"ENABLED, brierScore, classWeightedBCE, drawdownGate, eceProbs, fbeta, kellyBinary, kellyGrowthRate",0,
2010-12508v1-decorrelation-penalty-loss,2010.12508,arXiv 2010.12508v1: Beating the market with a bad predictive model,true,UNRESOLVED,"unique code body; paper attribution NOT verified. Screen abandoned, so no claim either way.",code-body sha256=46fe95b945dbfc32 | first code lines: export function logistic(x: number): number { / if (x >= 0) { / const e = Math.exp(-x);,packages/prediction-engine/src/markets/2010-12508v1-decorrelation-penalty-loss.ts,,"ENABLED, brierScore, classWeightedBCE, eceProbs, fbeta, irlsFit, logLoss, logistic",0,
2106-05799v1-hybrid-ability-xgboost,2106.05799,arXiv 2106.05799v1: Hybrid Machine Learning Forecasts for the UEFA EURO 2020,true,UNRESOLVED,"unique code body; paper attribution NOT verified. Screen abandoned, so no claim either way.","code-body sha256=66356d21a95e4e2d | first code lines: export function solveLinear(A: number[][], b: number[]): num / const n = A.length; / if (n === 0) throw new Error(""solveLinear: empty system"");",packages/prediction-engine/src/markets/2106-05799v1-hybrid-ability-xgboost.ts,,"ENABLED, adjustedPlusMinus, arxFit, gaussCopulaJoint, gaussCopulaSample, negBinLogLik, negBinMoments, negBinPmf",0,
2107-08827v1-fractional-kelly-sizing,2107.08827,arXiv 2107.08827v1: Optimal sports betting strategies in practice: an experimental review,true,UNRESOLVED,"unique code body; paper attribution NOT verified. Screen abandoned, so no claim either way.","code-body sha256=6a9514bfb0b95c49 | first code lines: export function kellyBinary(p: number, b: number): number { / const q = 1 - p; / return (b * p - q) / b;",packages/prediction-engine/src/markets/2107-08827v1-fractional-kelly-sizing.ts,,"ENABLED, drawdownGate, kellyBinary, kellyGrowthRate, kellySized",0,
2112-13001v3-dcp-prop-framework,2112.13001,arXiv 2112.13001v3: Forecasting number of corner kicks taken in association football using compound Poisson distribution,true,TEMPLATE_STAMP,code body byte-identical to 1 other module(s) filed under different arXiv ids: 1911.08791,"code-body sha256=4b9f72dc71ec5d01 | first code lines: export function poissonPmf(k: number, lambda: number): numbe / if (lambda <= 0) return k === 0 ? 1 : 0; / let logP = -lambda + k * Math.log(lambda);",packages/prediction-engine/src/markets/2112-13001v3-dcp-prop-framework.ts,,"ENABLED, cmpPmf, ingarchFilter, ingarchLogLik, negBinLogLik, negBinMoments, negBinPmf, nestedScoreSim",1,1911.08791
2401-06086v1-imitation-inplay-betting,2401.06086,arXiv 2401.06086v1: XGBoost Learning of Dynamic Wager Placement for In-Play Betting on an Agent-Based Model of a Sports Betting Exchange,true,TEMPLATE_STAMP,code body byte-identical to 1 other module(s) filed under different arXiv ids: 2101.10385,"code-body sha256=b2409ae59e28bf6b | first code lines: export function epsilonGreedyStep(q: number[], eps: number,  / if (rand() < eps) return Math.floor(rand() * q.length); / let best = 0;",packages/prediction-engine/src/markets/2401-06086v1-imitation-inplay-betting.ts,,"ENABLED, decayEps, epsilonGreedyStep, gammaSample, thompsonBetaStep, ucb1Step",1,2101.10385
1703-03400v3-maml-rookie-adapter,1703.03400,arXiv 1703.03400v3: Model-Agnostic Meta-Learning for Fast Adaptation of Deep Networks,true,UNRESOLVED,"unique code body; paper attribution NOT verified. Screen abandoned, so no claim either way.",code-body sha256=74cf287264768fc6 | first code lines: export interface FewShotTask { / supportX: number[][]; / supportY: number[];,packages/prediction-engine/src/metalearning/1703-03400v3-maml-rookie-adapter.ts,,"ENABLED, FewShotTask, foMetaGradient, innerAdapt, mamlMetaLoss, metaTrain, queryLoss",0,
1807-08912v2-alpaca-online-regression,1807.08912,arXiv 1807.08912v2: Meta-Learning Priors for Efficient Online Bayesian Regression,true,UNRESOLVED,"unique code body; paper attribution NOT verified. Screen abandoned, so no claim either way.",code-body sha256=fb96c81c77b39762 | first code lines: export interface BLRPosterior { / mean: number[]; / cov: number[][];,packages/prediction-engine/src/metalearning/1807-08912v2-alpaca-online-regression.ts,,"BLRPosterior, ENABLED, alpacaGate, blrInit, blrNLL, blrPredictive, blrUpdate, metaLoss",0,
1901-09890v1-meta-metric-librarian,1901.09890,arXiv 1901.09890v1: Few-shot Learning with Meta Metric Learners,true,UNRESOLVED,"unique code body; paper attribution NOT verified. Screen abandoned, so no claim either way.","code-body sha256=7ef6ec3c7747d8c4 | first code lines: export function cosineSim(a: number[], b: number[]): number  / let dot = 0; / let na = 0;",packages/prediction-engine/src/metalearning/1901-09890v1-meta-metric-librarian.ts,,"ENABLED, LibrarySeason, accuracy, cosineSim, learnMetricScales, librarianGate, prototypePredict, retrieveTopS",0,
2006-06707v2-metavrf-kernel-learning,2006.06707,arXiv 2006.06707v2: Learning to Learn Kernels with Variational Random Features,true,TEMPLATE_STAMP,code body byte-identical to 1 other module(s) filed under different arXiv ids: 2009.03228,"code-body sha256=9fde70b0970f1b90 | first code lines: export function rbfKernelGp(x: number[], y: number[], l: num / let s = 0; / for (let i = 0; i < x.length; i++) s += (x[i]! - y[i]!) ** 2",packages/prediction-engine/src/metalearning/2006-06707v2-metavrf-kernel-learning.ts,,"ENABLED, gpPosterior1d, krrFit, rbfKernelGp, rffFeatures, uncertaintyMetaLoss",1,2009.03228
2009-03228v3-gp-vib-meta-learning,2009.03228,arXiv 2009.03228v3: Information Theoretic Meta Learning with Gaussian Processes,true,TEMPLATE_STAMP,code body byte-identical to 1 other module(s) filed under different arXiv ids: 2006.06707,"code-body sha256=9fde70b0970f1b90 | first code lines: export function rbfKernelGp(x: number[], y: number[], l: num / let s = 0; / for (let i = 0; i < x.length; i++) s += (x[i]! - y[i]!) ** 2",packages/prediction-engine/src/metalearning/2009-03228v3-gp-vib-meta-learning.ts,,"ENABLED, gpPosterior1d, krrFit, rbfKernelGp, rffFeatures, uncertaintyMetaLoss",1,2006.06707
2208-08135v1-uncertainty-weighted-metalearning,2208.08135,arXiv 2208.08135v1: Gradient-Based Meta-Learning Using Uncertainty to Weigh Loss for Few-Shot Learning,true,UNRESOLVED,"unique code body; paper attribution NOT verified. Screen abandoned, so no claim either way.","code-body sha256=1eb64f796b7dca7a | first code lines: export function rbfKernelGp(x: number[], y: number[], l: num / let s = 0; / for (let i = 0; i < x.length; i++) s += (x[i]! - y[i]!) ** 2",packages/prediction-engine/src/metalearning/2208-08135v1-uncertainty-weighted-metalearning.ts,,"ENABLED, boaUpdate, ewaUpdate, gpPosterior1d, krrFit, rbfKernelGp, rffFeatures, simplexProject",0,
2010-00526v1-liveqa-nfl-benchmark,2010.00526,arXiv 2010.00526v1: LiveQA: A Question Answering Dataset over Sports Live,true,UNRESOLVED,"unique code body; paper attribution NOT verified. Screen abandoned, so no claim either way.","code-body sha256=4072d656b628e8ca | first code lines: export function cosineSimNlp(a: number[], b: number[]): numb / let dot = 0; / let na = 0;",packages/prediction-engine/src/nlp/2010-00526v1-liveqa-nfl-benchmark.ts,,"ENABLED, cosineSimNlp, qaTypeAccuracy, rankClips, recallAtK, stateConditionedScore",0,
2211-04534v1-goal-nfl-retrieval,2211.04534,arXiv 2211.04534v1: Going for GOAL: A Resource for Grounded Football Commentaries,true,TEMPLATE_STAMP,code body byte-identical to 1 other module(s) filed under different arXiv ids: 2401.01505,"code-body sha256=d2c9e8111f2be300 | first code lines: export function attentionRow(q: number[], K: number[][], V:  / const d = q.length; / const scores = K.map((k) => k.reduce((s, v, i) => s + v * q[",packages/prediction-engine/src/nlp/2211-04534v1-goal-nfl-retrieval.ts,,"ENABLED, attentionRow, cosineSimNlp, qaTypeAccuracy, rankClips, recallAtK, smoothAttention, stateConditionedScore",1,2401.01505
2401-01505v5-afa-tracking-qa,2401.01505,arXiv 2401.01505v5: Sports-QA: A Large-Scale Video Question Answering Benchmark for Complex and Professional Sports,true,TEMPLATE_STAMP,code body byte-identical to 1 other module(s) filed under different arXiv ids: 2211.04534,"code-body sha256=d2c9e8111f2be300 | first code lines: export function attentionRow(q: number[], K: number[][], V:  / const d = q.length; / const scores = K.map((k) => k.reduce((s, v, i) => s + v * q[",packages/prediction-engine/src/nlp/2401-01505v5-afa-tracking-qa.ts,,"ENABLED, attentionRow, cosineSimNlp, qaTypeAccuracy, rankClips, recallAtK, smoothAttention, stateConditionedScore",1,2211.04534
rookie-combine-prior,,Combine negative prior for rookie projections (arXiv 2303.05774v1).,true,UNRESOLVED,"unique code body; paper attribution NOT verified. Screen abandoned, so no claim either way.",code-body sha256=bd25cba257438715 | first code lines: export interface RookieBlendWeights { / alpha: number; / beta: number;,packages/prediction-engine/src/projections/rookie-combine-prior.ts,,"DrillWeights, MAX_COMBINE_WEIGHT, RookieBlendWeights, RookieSignals, capCombineWeight, combineTrapScore, constrainDrills, rookieProjection",0,
1505-01147v2-local-matrix-completion,1505.01147,arXiv 1505.01147v2: Prediction and Quantification of Individual Athletic Performance,true,UNRESOLVED,"unique code body; paper attribution NOT verified. Screen abandoned, so no claim either way.",code-body sha256=49df4de899948254 | first code lines: function mulberry32(seed: number): () => number { / let a = seed >>> 0; / return () => {,packages/prediction-engine/src/props-dfs/1505-01147v2-local-matrix-completion.ts,,"ENABLED, completeMatrix, imputationRmse, specializationEmbedding",0,
1909-12938v1-ts-forecast-dfs-optimizer,1909.12938,arXiv 1909.12938v1: Time Series Modeling for Dream Team in Fantasy Premier League,true,UNRESOLVED,"unique code body; paper attribution NOT verified. Screen abandoned, so no claim either way.","code-body sha256=f1db37e1f855db91 | first code lines: export function sesForecast(xs: number[], alpha: number): nu / let level = xs[0]!; / for (let i = 1; i < xs.length; i++) level = alpha * xs[i]! +",packages/prediction-engine/src/props-dfs/1909-12938v1-ts-forecast-dfs-optimizer.ts,,"ENABLED, availabilityProb, lineupForecastGain, rollingOriginMae, sesForecast, trailingMean",0,
1912-10417v1-regime-switching-synergy-network,1912.10417,arXiv 1912.10417v1: Modelling Basketball Players' Performance and Interactions Between Teammates with a Regime Switching Approach,true,UNRESOLVED,"unique code body; paper attribution NOT verified. Screen abandoned, so no claim either way.","code-body sha256=05fa6471bbf3cf9d | first code lines: export function hmmForwardLogLik( / pi: number[], / A: number[][],",packages/prediction-engine/src/props-dfs/1912-10417v1-regime-switching-synergy-network.ts,,"ENABLED, PairSequence, hamiltonFilter, hmmForwardLogLik, hmmStationary, joiPerDropback, rankStackPairs, synergyEdge",0,
2003-01712v1-joi-stack-metric,2003.01712,arXiv 2003.01712v1: Player Chemistry: Striving for a Perfectly Balanced Soccer Team,true,UNRESOLVED,"unique code body; paper attribution NOT verified. Screen abandoned, so no claim either way.",code-body sha256=e8ccd10f271e774e | first code lines: export interface PairSequence { / pairId: string; / dropbacksTogether: number;,packages/prediction-engine/src/props-dfs/2003-01712v1-joi-stack-metric.ts,,"ENABLED, PairSequence, joiPerDropback, rankStackPairs, synergyEdge",0,
2004-08428v1-era-adjusted-features,2004.08428,arXiv 2004.08428v1: Renormalizing individual performance metrics for cultural heritage management of sports records,true,UNRESOLVED,"unique code body; paper attribution NOT verified. Screen abandoned, so no claim either way.","code-body sha256=d6dce0e6474f472f | first code lines: export function softThreshold(x: number, lam: number): numbe / if (x > lam) return x - lam; / if (x < -lam) return x + lam;",packages/prediction-engine/src/props-dfs/2004-08428v1-era-adjusted-features.ts,,"ENABLED, istaLasso, softThreshold, tvDenoise1d",0,
2005-07742-seam-matchup-shrinkage,2005.07742,arXiv 2005.07742: SEAM Methodology for Context-Rich Player Matchup Evaluations in Baseball,true,TEMPLATE_STAMP,code body byte-identical to 1 other module(s) filed under different arXiv ids: 2207.05114,"code-body sha256=1f8e4fe5c2c65b14 | first code lines: export function betaUpdate(a: number, b: number, s: number,  / return { a: a + s, b: b + f }; / }",packages/prediction-engine/src/props-dfs/2005-07742-seam-matchup-shrinkage.ts,,"ENABLED, betaMean, betaUpdate, betaVar, gammaPosteriorShrink, wpBlendCell, wpBlendLogistic",1,2207.05114
2006-07513-bayesian-shot-archetypes,2006.07513,arXiv 2006.07513: Bayesian Group Learning for Shot Selection (Log-Gaussian Cox Process + Mixture of Finite Mixtures),true,UNRESOLVED,"unique code body; paper attribution NOT verified. Screen abandoned, so no claim either way.","code-body sha256=7b8e7027c405fa55 | first code lines: export function nmfFrobenius( / V: number[][], / k: number,",packages/prediction-engine/src/props-dfs/2006-07513-bayesian-shot-archetypes.ts,,"ENABLED, adjustedRandIndex, emGaussianMixture1d, emMonotone, nmfArchetypeAssign, nmfFrobenius",0,
2009-01206v1-chalk-meter-contrarian,2009.01206,arXiv 2009.01206v1: Identification of skill in an online game: The case of Fantasy Premier League,true,UNRESOLVED,"unique code body; paper attribution NOT verified. Screen abandoned, so no claim either way.","code-body sha256=196d867068ca83e8 | first code lines: export function lineupJaccard(a: number[], b: number[]): num / const sa = new Set(a); / const sb = new Set(b);",packages/prediction-engine/src/props-dfs/2009-01206v1-chalk-meter-contrarian.ts,,"ENABLED, chalkIndex, contrarianFilter, lineupJaccard",0,
2112-07002-emax-duel-optimizer,2112.07002,arXiv 2112.07002: Optimizing the Expected Maximum of Two Linear Functions Defined on a Multivariate Gaussian Distribution,true,UNRESOLVED,"unique code body; paper attribution NOT verified. Screen abandoned, so no claim either way.",code-body sha256=fe823a55d4399d1b | first code lines: function phiStd(x: number): number { / return Math.exp(-0.5 * x * x) / 2.5066282746310002; / },packages/prediction-engine/src/props-dfs/2112-07002-emax-duel-optimizer.ts,,"ENABLED, emaxPortfolioGreedy, expectedMax2",0,
2212-11041v1-future-value-models,2212.11041,arXiv 2212.11041v1: What Should Clubs Monitor to Predict Future Value of Football Players,true,UNRESOLVED,"unique code body; paper attribution NOT verified. Screen abandoned, so no claim either way.","code-body sha256=e2cd0a1aea22ff05 | first code lines: export function softThreshold(z: number, t: number): number  / if (z > t) return z - t; / if (z < -t) return z + t;",packages/prediction-engine/src/props-dfs/2212-11041v1-future-value-models.ts,,"ENABLED, bicScore, lassoBicSelect, lassoCoordDescent, softThreshold",0,
2302-13386-player2vec-embeddings,2302.13386,arXiv 2302.13386: NBA2Vec: Dense Feature Representations of NBA Players,true,UNRESOLVED,"unique code body; paper attribution NOT verified. Screen abandoned, so no claim either way.","code-body sha256=3e2f049a5a235a78 | first code lines: export function mfSgd( / obs: { u: number; i: number; r: number }[], / nU: number,",packages/prediction-engine/src/props-dfs/2302-13386-player2vec-embeddings.ts,,"ENABLED, mfPredict, mfSgd",0,
2303-04963v1-elite-lineup-order-stats,2303.04963,arXiv 2303.04963v1: Predicting Elite NBA Lineups Using Individual Player Order Statistics,true,UNRESOLVED,"unique code body; paper attribution NOT verified. Screen abandoned, so no claim either way.","code-body sha256=d56993396c028178 | first code lines: export function orderStatFeatures(lineup: number[]): number[ / return [...lineup].sort((a, b) => b - a); / }",packages/prediction-engine/src/props-dfs/2303-04963v1-elite-lineup-order-stats.ts,,"ENABLED, agreementThreshold, orderStatFeatures, shortlistPrecision, unanimityShortlist",0,
2407-13438-ems-gpp-portfolio,2407.13438,arXiv 2407.13438: The Madness of Multiple Entries in March Madness,true,UNRESOLVED,"unique code body; paper attribution NOT verified. Screen abandoned, so no claim either way.",code-body sha256=6a01038c96299f06 | first code lines: function phiStd(x: number): number { / return Math.exp(-0.5 * x * x) / 2.5066282746310002; / },packages/prediction-engine/src/props-dfs/2407-13438-ems-gpp-portfolio.ts,,"ENABLED, agreementThreshold, emaxPortfolioGreedy, expectedMax2, orderStatFeatures, shortlistPrecision, unanimityShortlist",0,
2407-17832-group-lasso-plus-minus,2407.17832,arXiv 2407.17832: Regularized Adjusted Plus-Minus Models for Evaluating and Scouting Football (Soccer) Players using Possession Sequences,true,UNRESOLVED,"unique code body; paper attribution NOT verified. Screen abandoned, so no claim either way.","code-body sha256=6158a615bcdd32da | first code lines: export function groupSoftThreshold(beta: number[], t: number / const norm = Math.sqrt(beta.reduce((s, b) => s + b * b, 0)); / if (norm <= t) return beta.map(() => 0);",packages/prediction-engine/src/props-dfs/2407-17832-group-lasso-plus-minus.ts,,"ENABLED, groupLassoFit, groupSoftThreshold",0,
1707-06887v1-distributional-slate-rl,1707.06887,arXiv 1707.06887v1: A Distributional Perspective on Reinforcement Learning,true,UNRESOLVED,"unique code body; paper attribution NOT verified. Screen abandoned, so no claim either way.","code-body sha256=eaf91cb3f1cebc31 | first code lines: export const N_ATOMS = 51; / export function atomSupport(vMin: number, vMax: number, n =  / const dz = (vMax - vMin) / (n - 1);",packages/prediction-engine/src/rl/1707-06887v1-distributional-slate-rl.ts,,"ENABLED, N_ATOMS, atomSupport, categoricalCrossEntropy, cvar, distMean, distStd, greedyStakeIndex",0,
1806-06923v2-iqn-critic,1806.06923,arXiv 1806.06923v2: Implicit Quantile Networks for Distributional Reinforcement Learning,true,UNRESOLVED,"unique code body; paper attribution NOT verified. Screen abandoned, so no claim either way.","code-body sha256=4e547774fa5dde85 | first code lines: export function cosineTauEmbedding(taus: number[], dim: numb / return taus.map((tau) => / Array.from({ length: dim }, (_, j) => Math.cos(Math.PI * (j ",packages/prediction-engine/src/rl/1806-06923v2-iqn-critic.ts,,"ENABLED, cosineTauEmbedding, cvarGreedy, iqnCvar, iqnGate, quantileECE, quantileHuberLoss",0,
1902-08102v2-expectile-critic,1902.08102,arXiv 1902.08102v2: Statistics and Samples in Distributional Reinforcement Learning,true,UNRESOLVED,"unique code body; paper attribution NOT verified. Screen abandoned, so no claim either way.","code-body sha256=e4be553c03ca8d8a | first code lines: export function expectileLoss(errors: number[], tau: number) / let s = 0; / for (const e of errors) s += Math.abs(tau - (e < 0 ? 1 : 0))",packages/prediction-engine/src/rl/1902-08102v2-expectile-critic.ts,,"ENABLED, consistencyGate, distributionalTarget, expectileGate, expectileLoss, expectileOf, meanConsistencyGap",0,
2006-04779v2-cql-stake-policy,2006.04779,arXiv 2006.04779v2: Conservative Q-Learning for Offline Reinforcement Learning,true,TEMPLATE_STAMP,"code body byte-identical to 2 other module(s) filed under different arXiv ids: 2109.06625, 2203.03003","code-body sha256=8a218fb972d25859 | first code lines: export function cqlPenalty(qData: number[], qRandom: number[ / const mD = qData.reduce((a, b) => a + b, 0) / qData.length; / const mR = qRandom.reduce((a, b) => a + b, 0) / qRandom.leng",packages/prediction-engine/src/rl/2006-04779v2-cql-stake-policy.ts,,"ENABLED, bellmanMse, cqlPenalty, doublyRobust, ess, lowerBoundDiagnostic, opeSelfNormalized",2,"2109.06625, 2203.03003"
2105-08877v2-c51-optimal-stopping,2105.08877,arXiv 2105.08877v2: Deep Reinforcement Learning for Optimal Stopping with Application in Financial Engineering,true,UNRESOLVED,"unique code body; paper attribution NOT verified. Screen abandoned, so no claim either way.",code-body sha256=49b76bf828d560f4 | first code lines: export interface StoppingState { / edge: number; / hoursToKickoff: number;,packages/prediction-engine/src/rl/2105-08877v2-c51-optimal-stopping.ts,,"ENABLED, StoppingState, c51Project, clvRegret, cvar, stoppingBackwardInduction",0,
2202-00769v1-sinkhorn-drl-staking,2202.00769,arXiv 2202.00769v1: Distributional Reinforcement Learning with Regularized Wasserstein Loss,true,UNRESOLVED,"unique code body; paper attribution NOT verified. Screen abandoned, so no claim either way.","code-body sha256=449c43d5755714bc | first code lines: export function wasserstein1d(xs: number[], ys: number[]): n / const a = [...xs].sort((x, y) => x - y); / const b = [...ys].sort((x, y) => x - y);",packages/prediction-engine/src/rl/2202-00769v1-sinkhorn-drl-staking.ts,,"ENABLED, entropicTransportCost, riskPriceUpdate, scalarizeReturn, wasserstein1d",0,
2203-03003v1-offline-cql-staking,2203.03003,arXiv 2203.03003v1: Offline Deep Reinforcement Learning for Dynamic Pricing of Consumer Credit,true,TEMPLATE_STAMP,"code body byte-identical to 2 other module(s) filed under different arXiv ids: 2006.04779, 2109.06625","code-body sha256=8a218fb972d25859 | first code lines: export function cqlPenalty(qData: number[], qRandom: number[ / const mD = qData.reduce((a, b) => a + b, 0) / qData.length; / const mR = qRandom.reduce((a, b) => a + b, 0) / qRandom.leng",packages/prediction-engine/src/rl/2203-03003v1-offline-cql-staking.ts,,"ENABLED, bellmanMse, cqlPenalty, doublyRobust, ess, lowerBoundDiagnostic, opeSelfNormalized",2,"2006.04779, 2109.06625"
2306-00840v1-muzero-planning-audit,2306.00840,arXiv 2306.00840v1: What Model Does MuZero Learn?,true,UNRESOLVED,"unique code body; paper attribution NOT verified. Screen abandoned, so no claim either way.","code-body sha256=d6b6379dffd7bc78 | first code lines: export function emaUpdate(prev: number[], next: number[], mo / return prev.map((p, i) => momentum * p + (1 - momentum) * ne / }",packages/prediction-engine/src/simulators/2306-00840v1-muzero-planning-audit.ts,,"ENABLED, cosineMomentum, emaUpdate, latentTransition, noveltyScore",0,
0803-1364v2-generalized-kelly-solver,0803.1364,arXiv 0803.1364v2: Diversification and limited information in the Kelly game,true,UNRESOLVED,"unique code body; paper attribution NOT verified. Screen abandoned, so no claim either way.",code-body sha256=1e712bc1d0979ffe | first code lines: export interface KellyPick { / p: number; / decimalOdds: number;,packages/prediction-engine/src/sizing/0803-1364v2-generalized-kelly-solver.ts,,"ENABLED, KellyPick, SizedSlate, correlationHaircut, independentKellyFractions, kellyGrowthRate, lMinGatePasses, laplaceSmoothed",0,
2006-10782v2-aifeynman-pareto-pruning,2006.10782,arXiv 2006.10782v2: AI Feynman 2.0: Pareto-optimal symbolic regression exploiting graph modularity,true,TEMPLATE_STAMP,code body byte-identical to 1 other module(s) filed under different arXiv ids: 2312.11955,code-body sha256=82079b31e1142661 | first code lines: export interface ParetoPoint { / error: number; / complexity: number;,packages/prediction-engine/src/symreg/2006-10782v2-aifeynman-pareto-pruning.ts,,"ENABLED, ParetoPoint, hypothesisReject, pairedPvalue, paretoFrontier, skeletonJaccard, verticalFilter",1,2312.11955
2312-11955v1-vertical-symbolic-regression,2312.11955,arXiv 2312.11955v1: Vertical Symbolic Regression,true,TEMPLATE_STAMP,code body byte-identical to 1 other module(s) filed under different arXiv ids: 2006.10782,code-body sha256=82079b31e1142661 | first code lines: export interface ParetoPoint { / error: number; / complexity: number;,packages/prediction-engine/src/symreg/2312-11955v1-vertical-symbolic-regression.ts,,"ENABLED, ParetoPoint, hypothesisReject, pairedPvalue, paretoFrontier, skeletonJaccard, verticalFilter",1,2006.10782
2401-00282v1-dgsr-lite-refinement,2401.00282,arXiv 2401.00282v1: Deep Generative Symbolic Regression,true,UNRESOLVED,"unique code body; paper attribution NOT verified. Screen abandoned, so no claim either way.","code-body sha256=5cb42f145f0fe91b | first code lines: export function nmse(y: number[], pred: number[]): number { / const m = y.reduce((a, b) => a + b, 0) / y.length; / const denom = y.reduce((a, b) => a + (b - m) ** 2, 0);",packages/prediction-engine/src/symreg/2401-00282v1-dgsr-lite-refinement.ts,,"ENABLED, hillClimbRefine, nmse, stagedRefine",0,
1109-2825v2-scoring-random-walk,1109.2825,arXiv 1109.2825v2: Random Walk Picture of Basketball Scoring,true,UNRESOLVED,"unique code body; paper attribution NOT verified. Screen abandoned, so no claim either way.","code-body sha256=0d350376dc4364b4 | first code lines: export type Scorer = ""A"" | ""B""; / export function estimateAntipersistence(events: Scorer[]): { / let same = 0;",packages/prediction-engine/src/team-ratings/1109-2825v2-scoring-random-walk.ts,,"ENABLED, LiveParams, RestOfGameResult, RestoringFit, estimateAntipersistence, fitRestoringForce, nextScoreProbA, simulateRestOfGame",0,
1403-7642-college-ranking-sensitivity,1403.7642,arXiv 1403.7642: The sensitivity of college football rankings to several modeling choices,true,UNRESOLVED,"unique code body; paper attribution NOT verified. Screen abandoned, so no claim either way.",code-body sha256=fb9cf6c4edb0e5d3 | first code lines: export interface TeamRating { / team: string; / eblup: number;,packages/prediction-engine/src/team-ratings/1403-7642-college-ranking-sensitivity.ts,,"ENABLED, RankRange, TeamRating, flagNonRobust, flagTies, intervalOverlap, predictionInterval, rankRanges",0,
1609-01176v1-player-kernel-gp,1609.01176,arXiv 1609.01176v1: The Player Kernel: Learning Team Strengths Based on Implicit Player Contributions,true,UNRESOLVED,"unique code body; paper attribution NOT verified. Screen abandoned, so no claim either way.",code-body sha256=39f0ddff9a8d41b3 | first code lines: export interface PersonnelGame { / z: number[]; / daysAgo: number;,packages/prediction-engine/src/team-ratings/1609-01176v1-player-kernel-gp.ts,,"ENABLED, GPPrediction, PersonnelGame, gpPredict, playerKernel",0,
2010-11187-g-elo-margin-model,2010.11187,arXiv 2010.11187: G-Elo: Generalization of the Elo algorithm by modeling the discretized Margin of Victory,true,TEMPLATE_STAMP,"code body byte-identical to 2 other module(s) filed under different arXiv ids: 1910.08858, 2209.07274","code-body sha256=2e74448a90660999 | first code lines: export function brierScore(ps: readonly number[], ys: readon / if (ps.length === 0 || ps.length !== ys.length) throw new Er / let s = 0;",packages/prediction-engine/src/team-ratings/2010-11187-g-elo-margin-model.ts,,"ENABLED, brierScore, classWeightedBCE, eceProbs, fbeta, logLoss, normalCdfLocal, pairedT",2,"1910.08858, 2209.07274"
2207-12147v1-sparse-tvp-team-ratings,2207.12147,arXiv 2207.12147v1: Sparse Bayesian State-Space and Time-Varying Parameter Models,true,UNRESOLVED,"unique code body; paper attribution NOT verified. Screen abandoned, so no claim either way.","code-body sha256=645afe96ff4c91f9 | first code lines: export function softThreshold(x: number, lam: number): numbe / if (x > lam) return x - lam; / if (x < -lam) return x + lam;",packages/prediction-engine/src/team-ratings/2207-12147v1-sparse-tvp-team-ratings.ts,,"AR1State, ENABLED, ar1Forecast, ar1Update, brownianWinProb, istaLasso, ouForecast, ouWinProb",0,
2012-11717v3-social-nce-trajectories,2012.11717,arXiv 2012.11717v3: Social NCE: Contrastive Learning of Socially-aware Motion Representations,true,TEMPLATE_STAMP,code body byte-identical to 1 other module(s) filed under different arXiv ids: 2407.20028,"code-body sha256=91cc50ead4a29822 | first code lines: export function cosineSim(a: number[], b: number[]): number  / let dot = 0; / let na = 0;",packages/prediction-engine/src/tracking/2012-11717v3-social-nce-trajectories.ts,,"ENABLED, angularNegatives, cosineSim, infoNCELoss, socialNCELoss",1,2407.20028
2305-02968v1-masked-trajectory-models,2305.02968,"arXiv 2305.02968v1: Masked Trajectory Models for Prediction, Representation, and Control (MTM)",true,UNRESOLVED,"unique code body; paper attribution NOT verified. Screen abandoned, so no claim either way.","code-body sha256=53e2733c3a60d875 | first code lines: export function randomMask(n: number, p: number, rand: () => / return Array.from({ length: n }, () => rand() > p); / }",packages/prediction-engine/src/tracking/2305-02968v1-masked-trajectory-models.ts,,"ENABLED, focalPool, heteromodalLoss, maskedReconError, randomMask",0,
2407-20028v1-atscc-route-primitives,2407.20028,arXiv 2407.20028v1: Aircraft Trajectory Segmentation-based Contrastive Coding (ATSCC),true,TEMPLATE_STAMP,code body byte-identical to 1 other module(s) filed under different arXiv ids: 2012.11717,"code-body sha256=91cc50ead4a29822 | first code lines: export function cosineSim(a: number[], b: number[]): number  / let dot = 0; / let na = 0;",packages/prediction-engine/src/tracking/2407-20028v1-atscc-route-primitives.ts,,"ENABLED, angularNegatives, cosineSim, infoNCELoss, socialNCELoss",1,2012.11717
2106-00175-stacked-live-wp-bakeoff,2106.00175,arXiv 2106.00175: Duckworth-Lewis-Stern Method Comparison with Machine Learning Approach,true,TEMPLATE_STAMP,"code body byte-identical to 3 other module(s) filed under different arXiv ids: 2003.06505, 2101.08954, 2203.03279","code-body sha256=2df124c8686f6e52 | first code lines: export function stackNNLS(F: number[][], y: number[], iters  / const K = F[0]!.length; / let w = new Array<number>(K).fill(1 / K);",packages/prediction-engine/src/weather/2106-00175-stacked-live-wp-bakeoff.ts,,"ENABLED, logScoreStacking, regimeStackWeights, stackNNLS",3,"2003.06505, 2101.08954, 2203.03279"
2109-09287-stadium-factor-decomposition,2109.09287,arXiv 2109.09287: Park Factor Estimation Improvement Using Pairwise Comparison Method,true,UNRESOLVED,"unique code body; paper attribution NOT verified. Screen abandoned, so no claim either way.","code-body sha256=a0de1fc9f76d532b | first code lines: export function windChill(tempF: number, windMph: number): n / if (tempF > 50 || windMph < 3) return tempF; / return (",packages/prediction-engine/src/weather/2109-09287-stadium-factor-decomposition.ts,,"ENABLED, fgWeatherAdj, heatIndex, irlsFit, logistic, logisticLogLoss, passWeatherImpact, stadiumFactorFit",0,
1908-07372-sde-inplay-win-probability,1908.07372,arXiv 1908.07372: Stochastic Differential Theory of Cricket: Closed-Form In-Play Win Probability via Brownian and Ornstein–Uhlenbeck Models,true,TEMPLATE_STAMP,"code body byte-identical to 3 other module(s) filed under different arXiv ids: 2104.07537, 2210.11010, 2308.02414",code-body sha256=4e0a2146b9b7d0a0 | first code lines: export interface AR1State { / level: number; / variance: number;,packages/prediction-engine/src/win-spread-total/1908-07372-sde-inplay-win-probability.ts,,"AR1State, ENABLED, ar1Forecast, ar1Update, brownianWinProb, ouForecast, ouWinProb",3,"2104.07537, 2210.11010, 2308.02414"
2008-13005-budescu-chen-aggregation,2008.13005,arXiv 2008.13005: Wisdom of the Crowds Forecasting the 2018 FIFA Men's World Cup,true,UNRESOLVED,"unique code body; paper attribution NOT verified. Screen abandoned, so no claim either way.","code-body sha256=f26df50de023bddb | first code lines: export function looGains(P: number[][], y: number[]): number / const K = P[0]!.length; / const gains = new Array<number>(K).fill(0);",packages/prediction-engine/src/win-spread-total/2008-13005-budescu-chen-aggregation.ts,,"ENABLED, assertiveness, budescuChenWeights, looGains, shrinkTowardBase",0,
2207-13191-gcn-win-prediction,2207.13191,arXiv 2207.13191: GCN-WP: Semi-Supervised Graph Convolutional Networks for Win Prediction in Esports,true,UNRESOLVED,"unique code body; paper attribution NOT verified. Screen abandoned, so no claim either way.","code-body sha256=b44380b870a5a6e7 | first code lines: export function normalizeAdj(A: number[][]): number[][] { / const n = A.length; / const deg = A.map((row, i) => row.reduce((s, a, j) => s + a ",packages/prediction-engine/src/win-spread-total/2207-13191-gcn-win-prediction.ts,,"ENABLED, buildLeagueGraph, gcnForward2, gcnLayer, normalizeAdj",0,
2503.04638,2503.04638,collapsed duplicate URL in the 29-link set,false,DUPLICATE_COLLAPSED,Appeared twice in the 29-URL list; counted once. Not double-counted.,,,,,0,
2607.08725,2607.08725,collapsed duplicate URL in the 29-link set,false,DUPLICATE_COLLAPSED,Appeared twice in the 29-URL list; counted once. Not double-counted.,,,,,0,
