team,season,week,games,dropbacks,press_rate_allowed,blitz_rate_faced,expected_rate,stress,alpha,beta,t_beta,fit_n,null_reason
ARI,2018,1,1,17,0.5294,0.4118,,,,,,0,pool<32
ATL,2018,1,1,47,0.2766,0.2553,,,,,,0,pool<32
BAL,2018,1,1,38,0.3421,0.1053,,,,,,0,pool<32
BUF,2018,1,1,27,0.6667,0.5556,,,,,,0,pool<32
CAR,2018,1,1,28,0.3214,0.1786,,,,,,0,pool<32
CHI,2018,1,1,39,0.2821,0.1538,,,,,,0,pool<32
CIN,2018,1,1,30,0.3,0.2,,,,,,0,pool<32
CLE,2018,1,1,44,0.5,0.3409,,,,,,0,pool<32
DAL,2018,1,1,30,0.5333,0.4,,,,,,0,pool<32
DEN,2018,1,1,40,0.25,0.15,,,,,,0,pool<32
DET,2018,1,1,37,0.4054,0.2432,,,,,,0,pool<32
GB,2018,1,1,38,0.3158,0.1053,,,,,,0,pool<32
HOU,2018,1,1,27,0.5556,0.3333,,,,,,0,pool<32
IND,2018,1,1,54,0.2222,0.2222,,,,,,0,pool<32
JAX,2018,1,1,34,0.2353,0.4412,,,,,,0,pool<32
KC,2018,1,1,24,0.4583,0.2083,,,,,,0,pool<32
LA,2018,1,1,29,0.1379,0.2069,,,,,,0,pool<32
LAC,2018,1,1,29,0.4138,0.3103,,,,,,0,pool<32
MIA,2018,1,1,29,0.069,0.3448,,,,,,0,pool<32
MIN,2018,1,1,37,0.2973,0.2432,,,,,,0,pool<32
NE,2018,1,1,37,0.2432,0.2703,,,,,,0,pool<32
NO,2018,1,1,32,0.1562,0.3438,,,,,,0,pool<32
NYG,2018,1,1,39,0.4872,0.1026,,,,,,0,pool<32
NYJ,2018,1,1,21,0.4762,0.1905,,,,,,0,pool<32
OAK,2018,1,1,,,,,,,,,0,pool<32
PHI,2018,1,1,37,0.2432,0.1892,,,,,,0,pool<32
PIT,2018,1,1,42,0.2857,0.4762,,,,,,0,pool<32
SEA,2018,1,1,39,0.4103,0.2308,,,,,,0,pool<32
SF,2018,1,1,34,0.3235,0.2353,,,,,,0,pool<32
TB,2018,1,1,23,0.1739,0.4348,,,,,,0,pool<32
TEN,2018,1,1,30,0.1667,0.2333,,,,,,0,pool<32
WAS,2018,1,1,29,0.5862,0.5862,,,,,,0,pool<32
ARI,2018,2,2,17,0.4706,0.3529,,,,,,0,pool<32
ATL,2018,2,2,26,0.0769,0.2692,,,,,,0,pool<32
BAL,2018,2,2,46,0.3696,0.3913,,,,,,0,pool<32
BUF,2018,2,2,25,0.6,0.52,,,,,,0,pool<32
CAR,2018,2,2,39,0.1795,0.1538,,,,,,0,pool<32
CHI,2018,2,2,35,0.2286,0.2571,,,,,,0,pool<32
CIN,2018,2,2,42,0.1667,0.2619,,,,,,0,pool<32
CLE,2018,2,2,33,0.3333,0.2727,,,,,,0,pool<32
DAL,2018,2,2,24,0.2083,0.4167,,,,,,0,pool<32
DEN,2018,2,2,36,0.2222,0.3056,,,,,,0,pool<32
DET,2018,2,2,50,0.26,0.12,,,,,,0,pool<32
GB,2018,2,2,43,0.2791,0.2558,,,,,,0,pool<32
HOU,2018,2,2,35,0.5714,0.3143,,,,,,0,pool<32
IND,2018,2,2,31,0.4839,0.5806,,,,,,0,pool<32
JAX,2018,2,2,40,0.15,0.45,,,,,,0,pool<32
KC,2018,2,2,24,0.25,0.375,,,,,,0,pool<32
LA,2018,2,2,28,0.3571,0.4643,,,,,,0,pool<32
LAC,2018,2,2,22,0.3636,0.3182,,,,,,0,pool<32
MIA,2018,2,2,27,0.2963,0.3333,,,,,,0,pool<32
MIN,2018,2,2,51,0.1961,0.1765,,,,,,0,pool<32
NE,2018,2,2,31,0.1613,0.3226,,,,,,0,pool<32
NO,2018,2,2,38,0.2105,0.5263,,,,,,0,pool<32
NYG,2018,2,2,33,0.2727,0.3636,,,,,,0,pool<32
NYJ,2018,2,2,44,0.2045,0.2045,,,,,,0,pool<32
OAK,2018,2,2,,,,,,,,,0,pool<32
PHI,2018,2,2,44,0.3864,0.1818,,,,,,0,pool<32
PIT,2018,2,2,60,0.1833,0.15,,,,,,0,pool<32
SEA,2018,2,2,29,0.6897,0.1724,,,,,,0,pool<32
SF,2018,2,2,30,0.3333,0.2667,,,,,,0,pool<32
TB,2018,2,2,30,0.3333,0.2333,,,,,,0,pool<32
TEN,2018,2,2,23,0.1739,0.5652,,,,,,0,pool<32
WAS,2018,2,2,38,0.2368,0.0789,,,,,,0,pool<32
ARI,2018,3,3,30,0.3333,0.2,0.2732,0.0602,0.2135,0.2982,1.676,32,
ATL,2018,3,3,40,0.325,0.25,0.2881,0.0369,0.2135,0.2982,1.676,32,
BAL,2018,3,3,37,0.1622,0.4054,0.3344,-0.1723,0.2135,0.2982,1.676,32,
BUF,2018,3,3,25,0.32,0.32,0.309,0.011,0.2135,0.2982,1.676,32,
CAR,2018,3,3,25,0.12,0.2,0.2732,-0.1532,0.2135,0.2982,1.676,32,
CHI,2018,3,3,38,0.1316,0.3421,0.3155,-0.184,0.2135,0.2982,1.676,32,
CIN,2018,3,3,42,0.2619,0.3095,0.3058,-0.0439,0.2135,0.2982,1.676,32,
CLE,2018,3,3,42,0.381,0.619,0.3981,-0.0172,0.2135,0.2982,1.676,32,
DAL,2018,3,3,25,0.64,0.52,0.3686,0.2714,0.2135,0.2982,1.676,32,
DEN,2018,3,3,36,0.3056,0.3889,0.3295,-0.0239,0.2135,0.2982,1.676,32,
DET,2018,3,3,33,0.1212,0.303,0.3039,-0.1827,0.2135,0.2982,1.676,32,
GB,2018,3,3,45,0.2667,0.1778,0.2665,0.0001,0.2135,0.2982,1.676,32,
HOU,2018,3,3,31,0.5161,0.1613,0.2616,0.2545,0.2135,0.2982,1.676,32,
IND,2018,3,3,43,0.3023,0.093,0.2413,0.0611,0.2135,0.2982,1.676,32,
JAX,2018,3,3,37,0.3243,0.2162,0.278,0.0463,0.2135,0.2982,1.676,32,
KC,2018,3,3,40,0.45,0.175,0.2657,0.1843,0.2135,0.2982,1.676,32,
LA,2018,3,3,37,0.0811,0.1081,0.2458,-0.1647,0.2135,0.2982,1.676,32,
LAC,2018,3,3,31,0.3871,0.2581,0.2905,0.0966,0.2135,0.2982,1.676,32,
MIA,2018,3,3,25,0.12,0.28,0.297,-0.177,0.2135,0.2982,1.676,32,
MIN,2018,3,3,31,0.4516,0.2903,0.3001,0.1515,0.2135,0.2982,1.676,32,
NE,2018,3,3,19,0.3684,0.0,0.2135,0.1549,0.2135,0.2982,1.676,32,
NO,2018,3,3,50,0.18,0.16,0.2612,-0.0812,0.2135,0.2982,1.676,32,
NYG,2018,3,3,33,0.2121,0.3636,0.322,-0.1098,0.2135,0.2982,1.676,32,
NYJ,2018,3,3,33,0.3333,0.303,0.3039,0.0294,0.2135,0.2982,1.676,32,
OAK,2018,3,3,,,,,,0.2135,0.2982,1.676,32,games<3
PHI,2018,3,3,41,0.2927,0.2195,0.279,0.0137,0.2135,0.2982,1.676,32,
PIT,2018,3,3,41,0.2439,0.2927,0.3008,-0.0569,0.2135,0.2982,1.676,32,
SEA,2018,3,3,25,0.4,0.32,0.309,0.091,0.2135,0.2982,1.676,32,
SF,2018,3,3,35,0.3429,0.1429,0.2561,0.0867,0.2135,0.2982,1.676,32,
TB,2018,3,3,49,0.4286,0.3673,0.3231,0.1055,0.2135,0.2982,1.676,32,
TEN,2018,3,3,24,0.2917,0.4167,0.3378,-0.0461,0.2135,0.2982,1.676,32,
WAS,2018,3,3,19,0.2632,0.2632,0.292,-0.0288,0.2135,0.2982,1.676,32,
ARI,2018,4,4,28,0.2857,0.2143,0.2621,0.0236,0.1898,0.3374,2.414,62,
ATL,2018,4,4,43,0.3256,0.2558,0.2761,0.0495,0.1898,0.3374,2.414,62,
BAL,2018,4,4,44,0.0682,0.2273,0.2664,-0.1983,0.1898,0.3374,2.414,62,
BUF,2018,4,4,27,0.5926,0.5556,0.3772,0.2154,0.1898,0.3374,2.414,62,
CHI,2018,4,4,24,0.0833,0.2083,0.2601,-0.1767,0.1898,0.3374,2.414,62,
CIN,2018,4,4,45,0.3333,0.2222,0.2647,0.0686,0.1898,0.3374,2.414,62,
CLE,2018,4,4,44,0.2045,0.1591,0.2434,-0.0389,0.1898,0.3374,2.414,62,
DAL,2018,4,4,30,0.3667,0.2,0.2572,0.1094,0.1898,0.3374,2.414,62,
DEN,2018,4,4,37,0.4324,0.2162,0.2627,0.1697,0.1898,0.3374,2.414,62,
DET,2018,4,4,33,0.3333,0.1515,0.2409,0.0924,0.1898,0.3374,2.414,62,
GB,2018,4,4,34,0.1765,0.2353,0.2692,-0.0927,0.1898,0.3374,2.414,62,
HOU,2018,4,4,47,0.3404,0.1915,0.2544,0.0861,0.1898,0.3374,2.414,62,
IND,2018,4,4,68,0.2059,0.2353,0.2692,-0.0633,0.1898,0.3374,2.414,62,
JAX,2018,4,4,32,0.125,0.5,0.3585,-0.2335,0.1898,0.3374,2.414,62,
KC,2018,4,4,46,0.4783,0.2174,0.2631,0.2151,0.1898,0.3374,2.414,62,
LA,2018,4,4,33,0.2121,0.3333,0.3022,-0.0901,0.1898,0.3374,2.414,62,
LAC,2018,4,4,41,0.0488,0.1707,0.2474,-0.1986,0.1898,0.3374,2.414,62,
MIA,2018,4,4,20,0.55,0.2,0.2572,0.2928,0.1898,0.3374,2.414,62,
MIN,2018,4,4,55,0.3273,0.3273,0.3002,0.0271,0.1898,0.3374,2.414,62,
NE,2018,4,4,32,0.25,0.125,0.2319,0.0181,0.1898,0.3374,2.414,62,
NO,2018,4,4,32,0.25,0.4062,0.3268,-0.0768,0.1898,0.3374,2.414,62,
NYG,2018,4,4,31,0.3226,0.3871,0.3204,0.0022,0.1898,0.3374,2.414,62,
NYJ,2018,4,4,24,0.4167,0.3333,0.3022,0.1144,0.1898,0.3374,2.414,62,
OAK,2018,4,4,,,,,,0.1898,0.3374,2.414,62,games<3
PHI,2018,4,4,54,0.1852,0.3519,0.3085,-0.1233,0.1898,0.3374,2.414,62,
PIT,2018,4,4,45,0.0889,0.2889,0.2872,-0.1983,0.1898,0.3374,2.414,62,
SEA,2018,4,4,27,0.3333,0.4074,0.3272,0.0061,0.1898,0.3374,2.414,62,
SF,2018,4,4,38,0.1842,0.2105,0.2608,-0.0766,0.1898,0.3374,2.414,62,
TB,2018,4,4,34,0.1765,0.1765,0.2493,-0.0728,0.1898,0.3374,2.414,62,
TEN,2018,4,4,46,0.1957,0.2826,0.2851,-0.0895,0.1898,0.3374,2.414,62,
ARI,2018,5,5,25,0.32,0.28,0.2701,0.0499,0.2021,0.2427,2.367,92,
ATL,2018,5,5,32,0.375,0.5625,0.3386,0.0364,0.2021,0.2427,2.367,92,
BAL,2018,5,5,59,0.339,0.2034,0.2515,0.0875,0.2021,0.2427,2.367,92,
BUF,2018,5,5,21,0.0476,0.4286,0.3061,-0.2585,0.2021,0.2427,2.367,92,
CAR,2018,5,4,33,0.1212,0.3636,0.2904,-0.1692,0.2021,0.2427,2.367,92,
CIN,2018,5,5,32,0.3438,0.4062,0.3007,0.043,0.2021,0.2427,2.367,92,
CLE,2018,5,5,47,0.4043,0.5532,0.3364,0.0679,0.2021,0.2427,2.367,92,
DAL,2018,5,5,31,0.3548,0.5484,0.3352,0.0196,0.2021,0.2427,2.367,92,
DEN,2018,5,5,32,0.2812,0.5,0.3235,-0.0422,0.2021,0.2427,2.367,92,
DET,2018,5,5,26,0.3077,0.5385,0.3328,-0.0251,0.2021,0.2427,2.367,92,
GB,2018,5,5,47,0.234,0.1064,0.2279,0.0061,0.2021,0.2427,2.367,92,
HOU,2018,5,5,45,0.2667,0.3556,0.2884,-0.0218,0.2021,0.2427,2.367,92,
IND,2018,5,5,36,0.1667,0.4444,0.31,-0.1433,0.2021,0.2427,2.367,92,
JAX,2018,5,5,32,0.4375,0.4375,0.3083,0.1292,0.2021,0.2427,2.367,92,
KC,2018,5,5,37,0.3784,0.1892,0.248,0.1303,0.2021,0.2427,2.367,92,
LA,2018,5,5,33,0.2121,0.2424,0.261,-0.0488,0.2021,0.2427,2.367,92,
LAC,2018,5,5,22,0.0909,0.2273,0.2573,-0.1664,0.2021,0.2427,2.367,92,
MIA,2018,5,5,29,0.4828,0.3103,0.2774,0.2053,0.2021,0.2427,2.367,92,
MIN,2018,5,5,38,0.3158,0.2105,0.2532,0.0626,0.2021,0.2427,2.367,92,
NE,2018,5,5,43,0.186,0.1395,0.236,-0.0499,0.2021,0.2427,2.367,92,
NO,2018,5,5,28,0.1786,0.2857,0.2715,-0.0929,0.2021,0.2427,2.367,92,
NYG,2018,5,5,39,0.2308,0.2564,0.2644,-0.0336,0.2021,0.2427,2.367,92,
NYJ,2018,5,5,21,0.0952,0.4762,0.3177,-0.2225,0.2021,0.2427,2.367,92,
OAK,2018,5,5,,,,,,0.2021,0.2427,2.367,92,games<3
PHI,2018,5,5,33,0.1515,0.303,0.2757,-0.1242,0.2021,0.2427,2.367,92,
PIT,2018,5,5,25,0.12,0.32,0.2798,-0.1598,0.2021,0.2427,2.367,92,
SEA,2018,5,5,23,0.3913,0.1739,0.2443,0.147,0.2021,0.2427,2.367,92,
SF,2018,5,5,49,0.1633,0.449,0.3111,-0.1478,0.2021,0.2427,2.367,92,
TEN,2018,5,5,28,0.3214,0.4286,0.3061,0.0153,0.2021,0.2427,2.367,92,
WAS,2018,5,4,38,0.3947,0.2368,0.2596,0.1351,0.2021,0.2427,2.367,92,
ARI,2018,6,6,26,0.3462,0.4231,0.326,0.0201,0.1701,0.3685,3.913,122,
ATL,2018,6,6,42,0.1429,0.4048,0.3193,-0.1764,0.1701,0.3685,3.913,122,
BAL,2018,6,6,29,0.1724,0.3793,0.3099,-0.1375,0.1701,0.3685,3.913,122,
BUF,2018,6,6,30,0.3,0.4333,0.3298,-0.0298,0.1701,0.3685,3.913,122,
CAR,2018,6,5,42,0.1429,0.2619,0.2666,-0.1238,0.1701,0.3685,3.913,122,
CHI,2018,6,5,33,0.3333,0.1515,0.2259,0.1074,0.1701,0.3685,3.913,122,
CIN,2018,6,6,44,0.2045,0.2955,0.279,-0.0744,0.1701,0.3685,3.913,122,
CLE,2018,6,6,39,0.4103,0.3077,0.2835,0.1268,0.1701,0.3685,3.913,122,
DAL,2018,6,6,28,0.2143,0.1429,0.2227,-0.0085,0.1701,0.3685,3.913,122,
DEN,2018,6,6,37,0.2703,0.2162,0.2498,0.0205,0.1701,0.3685,3.913,122,
GB,2018,6,6,48,0.4167,0.2917,0.2776,0.1391,0.1701,0.3685,3.913,122,
HOU,2018,6,6,33,0.5152,0.2727,0.2706,0.2446,0.1701,0.3685,3.913,122,
IND,2018,6,6,32,0.1562,0.2812,0.2737,-0.1175,0.1701,0.3685,3.913,122,
JAX,2018,6,6,20,0.4,0.3,0.2806,0.1194,0.1701,0.3685,3.913,122,
KC,2018,6,6,36,0.3333,0.2222,0.252,0.0813,0.1701,0.3685,3.913,122,
LA,2018,6,6,32,0.1875,0.2812,0.2737,-0.0862,0.1701,0.3685,3.913,122,
LAC,2018,6,6,20,0.35,0.45,0.3359,0.0141,0.1701,0.3685,3.913,122,
MIA,2018,6,6,44,0.2273,0.25,0.2622,-0.0349,0.1701,0.3685,3.913,122,
MIN,2018,6,6,34,0.3235,0.2941,0.2785,0.045,0.1701,0.3685,3.913,122,
NE,2018,6,6,37,0.0811,0.0541,0.19,-0.1089,0.1701,0.3685,3.913,122,
NYG,2018,6,6,28,0.4643,0.0357,0.1833,0.281,0.1701,0.3685,3.913,122,
NYJ,2018,6,6,30,0.1,0.0667,0.1947,-0.0947,0.1701,0.3685,3.913,122,
OAK,2018,6,6,,,,,,0.1701,0.3685,3.913,122,games<3
PHI,2018,6,6,33,0.1818,0.303,0.2818,-0.0999,0.1701,0.3685,3.913,122,
PIT,2018,6,6,47,0.1915,0.2766,0.272,-0.0805,0.1701,0.3685,3.913,122,
SEA,2018,6,6,21,0.1429,0.0476,0.1876,-0.0448,0.1701,0.3685,3.913,122,
SF,2018,6,6,25,0.28,0.44,0.3322,-0.0522,0.1701,0.3685,3.913,122,
TB,2018,6,5,43,0.1395,0.1395,0.2215,-0.082,0.1701,0.3685,3.913,122,
TEN,2018,6,6,21,1.0476,0.619,0.3982,0.6494,0.1701,0.3685,3.913,122,
WAS,2018,6,5,39,0.2821,0.2308,0.2551,0.0269,0.1701,0.3685,3.913,122,
ARI,2018,7,7,30,0.4,0.4667,0.3312,0.0688,0.1863,0.3105,3.819,150,
ATL,2018,7,7,37,0.3243,0.3784,0.3038,0.0205,0.1863,0.3105,3.819,150,
BAL,2018,7,7,41,0.1951,0.1951,0.2469,-0.0518,0.1863,0.3105,3.819,150,
BUF,2018,7,7,21,0.2381,0.0952,0.2159,0.0222,0.1863,0.3105,3.819,150,
CAR,2018,7,6,34,0.2941,0.1471,0.232,0.0622,0.1863,0.3105,3.819,150,
CHI,2018,7,6,40,0.175,0.4,0.3105,-0.1355,0.1863,0.3105,3.819,150,
CIN,2018,7,7,28,0.2143,0.1071,0.2196,-0.0053,0.1863,0.3105,3.819,150,
CLE,2018,7,7,39,0.2821,0.2821,0.2739,0.0082,0.1863,0.3105,3.819,150,
DAL,2018,7,7,36,0.3611,0.4167,0.3157,0.0454,0.1863,0.3105,3.819,150,
DEN,2018,7,7,23,0.3913,0.5652,0.3618,0.0295,0.1863,0.3105,3.819,150,
DET,2018,7,6,20,0.25,0.35,0.295,-0.045,0.1863,0.3105,3.819,150,
HOU,2018,7,7,21,0.3333,0.2857,0.275,0.0583,0.1863,0.3105,3.819,150,
IND,2018,7,7,19,0.1579,0.3158,0.2844,-0.1265,0.1863,0.3105,3.819,150,
JAX,2018,7,7,34,0.3529,0.4706,0.3324,0.0205,0.1863,0.3105,3.819,150,
KC,2018,7,7,35,0.3429,0.0857,0.2129,0.1299,0.1863,0.3105,3.819,150,
LA,2018,7,7,23,0.1739,0.4348,0.3213,-0.1474,0.1863,0.3105,3.819,150,
LAC,2018,7,7,28,0.1786,0.4286,0.3194,-0.1408,0.1863,0.3105,3.819,150,
MIA,2018,7,7,24,0.625,0.0833,0.2122,0.4128,0.1863,0.3105,3.819,150,
MIN,2018,7,7,38,0.3158,0.3947,0.3089,0.0069,0.1863,0.3105,3.819,150,
NE,2018,7,7,36,0.0833,0.0833,0.2122,-0.1288,0.1863,0.3105,3.819,150,
NO,2018,7,6,31,0.1613,0.4839,0.3365,-0.1753,0.1863,0.3105,3.819,150,
NYG,2018,7,7,36,0.3333,0.3333,0.2898,0.0435,0.1863,0.3105,3.819,150,
NYJ,2018,7,7,27,0.3704,0.4074,0.3128,0.0576,0.1863,0.3105,3.819,150,
PHI,2018,7,7,35,0.2857,0.4571,0.3282,-0.0425,0.1863,0.3105,3.819,150,
SF,2018,7,7,24,0.4583,0.2917,0.2769,0.1815,0.1863,0.3105,3.819,150,
TB,2018,7,6,56,0.2143,0.2321,0.2584,-0.0441,0.1863,0.3105,3.819,150,
TEN,2018,7,7,35,0.1143,0.0857,0.2129,-0.0986,0.1863,0.3105,3.819,150,
WAS,2018,7,6,26,0.2308,0.2308,0.258,-0.0272,0.1863,0.3105,3.819,150,
ARI,2018,8,8,44,0.1818,0.2045,0.2473,-0.0655,0.1784,0.337,4.827,178,
BAL,2018,8,8,39,0.2308,0.4359,0.3253,-0.0945,0.1784,0.337,4.827,178,
BUF,2018,8,8,30,0.6333,0.5333,0.3581,0.2752,0.1784,0.337,4.827,178,
CAR,2018,8,7,26,0.1923,0.4231,0.321,-0.1287,0.1784,0.337,4.827,178,
CHI,2018,8,7,29,0.2414,0.4828,0.3411,-0.0997,0.1784,0.337,4.827,178,
CIN,2018,8,8,30,0.1333,0.1,0.2121,-0.0787,0.1784,0.337,4.827,178,
CLE,2018,8,8,26,0.5769,0.8077,0.4506,0.1263,0.1784,0.337,4.827,178,
DEN,2018,8,8,35,0.3714,0.2571,0.265,0.1064,0.1784,0.337,4.827,178,
DET,2018,8,7,28,0.3571,0.1429,0.2265,0.1306,0.1784,0.337,4.827,178,
GB,2018,8,7,33,0.4242,0.303,0.2805,0.1437,0.1784,0.337,4.827,178,
HOU,2018,8,8,17,0.2353,0.4118,0.3171,-0.0819,0.1784,0.337,4.827,178,
IND,2018,8,8,32,0.125,0.1562,0.231,-0.106,0.1784,0.337,4.827,178,
JAX,2018,8,8,46,0.1739,0.2826,0.2736,-0.0997,0.1784,0.337,4.827,178,
KC,2018,8,8,34,0.2647,0.4412,0.3271,-0.0624,0.1784,0.337,4.827,178,
LA,2018,8,8,42,0.4762,0.3571,0.2987,0.1774,0.1784,0.337,4.827,178,
MIA,2018,8,8,32,0.2812,0.1875,0.2416,0.0397,0.1784,0.337,4.827,178,
MIN,2018,8,8,29,0.2414,0.3103,0.283,-0.0416,0.1784,0.337,4.827,178,
NE,2018,8,8,47,0.3617,0.0213,0.1855,0.1762,0.1784,0.337,4.827,178,
NO,2018,8,7,20,0.15,0.15,0.2289,-0.0789,0.1784,0.337,4.827,178,
NYG,2018,8,8,38,0.2632,0.1579,0.2316,0.0316,0.1784,0.337,4.827,178,
NYJ,2018,8,8,22,0.3182,0.4091,0.3162,0.0019,0.1784,0.337,4.827,178,
OAK,2018,8,7,,,,,,0.1784,0.337,4.827,178,games<3
PHI,2018,8,8,34,0.3529,0.1765,0.2379,0.1151,0.1784,0.337,4.827,178,
PIT,2018,8,7,35,0.1143,0.3143,0.2843,-0.17,0.1784,0.337,4.827,178,
SEA,2018,8,7,17,0.2941,0.5294,0.3568,-0.0627,0.1784,0.337,4.827,178,
SF,2018,8,8,32,0.4062,0.4375,0.3258,0.0804,0.1784,0.337,4.827,178,
TB,2018,8,7,54,0.2407,0.1852,0.2408,-0.0,0.1784,0.337,4.827,178,
WAS,2018,8,7,31,0.1613,0.2903,0.2762,-0.1149,0.1784,0.337,4.827,178,
ATL,2018,9,8,33,0.1818,0.5152,0.3455,-0.1636,0.1906,0.3007,4.53,204,
BAL,2018,9,9,36,0.25,0.6111,0.3743,-0.1243,0.1906,0.3007,4.53,204,
BUF,2018,9,9,36,0.4444,0.4722,0.3325,0.1119,0.1906,0.3007,4.53,204,
CAR,2018,9,8,25,0.16,0.28,0.2747,-0.1147,0.1906,0.3007,4.53,204,
CHI,2018,9,8,18,0.5,0.3333,0.2908,0.2092,0.1906,0.3007,4.53,204,
CLE,2018,9,9,38,0.2105,0.3421,0.2934,-0.0829,0.1906,0.3007,4.53,204,
DAL,2018,9,8,24,0.6667,0.2917,0.2783,0.3884,0.1906,0.3007,4.53,204,
DEN,2018,9,9,44,0.2273,0.3636,0.2999,-0.0726,0.1906,0.3007,4.53,204,
DET,2018,9,8,30,0.5333,0.2,0.2507,0.2826,0.1906,0.3007,4.53,204,
GB,2018,9,8,38,0.2632,0.2632,0.2697,-0.0065,0.1906,0.3007,4.53,204,
HOU,2018,9,9,28,0.2143,0.3929,0.3087,-0.0944,0.1906,0.3007,4.53,204,
KC,2018,9,9,25,0.4,0.2,0.2507,0.1493,0.1906,0.3007,4.53,204,
LA,2018,9,9,40,0.3,0.175,0.2432,0.0568,0.1906,0.3007,4.53,204,
LAC,2018,9,8,28,0.2143,0.1071,0.2228,-0.0085,0.1906,0.3007,4.53,204,
MIA,2018,9,9,27,0.4074,0.2222,0.2574,0.15,0.1906,0.3007,4.53,204,
MIN,2018,9,9,22,0.0909,0.0455,0.2042,-0.1133,0.1906,0.3007,4.53,204,
NE,2018,9,9,37,0.1081,0.1622,0.2393,-0.1312,0.1906,0.3007,4.53,204,
NO,2018,9,8,36,0.2222,0.3333,0.2908,-0.0686,0.1906,0.3007,4.53,204,
NYJ,2018,9,9,42,0.3095,0.1667,0.2407,0.0689,0.1906,0.3007,4.53,204,
OAK,2018,9,8,,,,,,0.1906,0.3007,4.53,204,games<3
PIT,2018,9,8,47,0.234,0.3617,0.2993,-0.0653,0.1906,0.3007,4.53,204,
SEA,2018,9,8,29,0.3448,0.2069,0.2528,0.0921,0.1906,0.3007,4.53,204,
SF,2018,9,9,20,0.05,0.35,0.2958,-0.2458,0.1906,0.3007,4.53,204,
TB,2018,9,8,38,0.2895,0.6316,0.3805,-0.091,0.1906,0.3007,4.53,204,
TEN,2018,9,8,33,0.5152,0.1212,0.227,0.2881,0.1906,0.3007,4.53,204,
WAS,2018,9,8,35,0.3714,0.3143,0.2851,0.0864,0.1906,0.3007,4.53,204,
ARI,2018,10,9,26,0.6538,0.1538,0.234,0.4199,0.1881,0.2982,4.867,232,
ATL,2018,10,9,30,0.2667,0.4667,0.3273,-0.0606,0.1881,0.2982,4.867,232,
BUF,2018,10,10,24,0.25,0.3333,0.2875,-0.0375,0.1881,0.2982,4.867,232,
CAR,2018,10,9,27,0.3704,0.7407,0.409,-0.0386,0.1881,0.2982,4.867,232,
CHI,2018,10,9,28,0.1429,0.3214,0.284,-0.1411,0.1881,0.2982,4.867,232,
CIN,2018,10,9,20,0.5,0.6,0.367,0.133,0.1881,0.2982,4.867,232,
CLE,2018,10,10,20,0.05,0.35,0.2925,-0.2425,0.1881,0.2982,4.867,232,
DAL,2018,10,9,39,0.359,0.2051,0.2493,0.1097,0.1881,0.2982,4.867,232,
DET,2018,10,9,27,0.2963,0.4815,0.3317,-0.0354,0.1881,0.2982,4.867,232,
GB,2018,10,9,23,0.2174,0.3913,0.3048,-0.0874,0.1881,0.2982,4.867,232,
IND,2018,10,9,29,0.069,0.069,0.2087,-0.1397,0.1881,0.2982,4.867,232,
JAX,2018,10,9,39,0.0769,0.0513,0.2034,-0.1265,0.1881,0.2982,4.867,232,
KC,2018,10,10,32,0.2188,0.3125,0.2813,-0.0625,0.1881,0.2982,4.867,232,
LA,2018,10,10,40,0.15,0.225,0.2552,-0.1052,0.1881,0.2982,4.867,232,
LAC,2018,10,9,23,0.3478,0.3043,0.2789,0.069,0.1881,0.2982,4.867,232,
MIA,2018,10,10,34,0.3235,0.4118,0.3109,0.0126,0.1881,0.2982,4.867,232,
NE,2018,10,10,37,0.2162,0.3243,0.2848,-0.0686,0.1881,0.2982,4.867,232,
NO,2018,10,9,25,0.16,0.16,0.2358,-0.0758,0.1881,0.2982,4.867,232,
NYG,2018,10,9,32,0.3125,0.0938,0.2161,0.0964,0.1881,0.2982,4.867,232,
NYJ,2018,10,10,25,0.44,0.28,0.2716,0.1684,0.1881,0.2982,4.867,232,
OAK,2018,10,9,,,,,,0.1881,0.2982,4.867,232,games<3
PHI,2018,10,9,44,0.2727,0.2273,0.2559,0.0169,0.1881,0.2982,4.867,232,
PIT,2018,10,9,25,0.16,0.36,0.2955,-0.1355,0.1881,0.2982,4.867,232,
SEA,2018,10,9,25,0.44,0.24,0.2597,0.1803,0.1881,0.2982,4.867,232,
SF,2018,10,10,37,0.2703,0.1892,0.2445,0.0258,0.1881,0.2982,4.867,232,
TB,2018,10,9,39,0.1282,0.1538,0.234,-0.1058,0.1881,0.2982,4.867,232,
TEN,2018,10,9,24,0.1667,0.4583,0.3248,-0.1581,0.1881,0.2982,4.867,232,
WAS,2018,10,9,27,0.1852,0.2222,0.2544,-0.0692,0.1881,0.2982,4.867,232,
ARI,2018,11,10,21,0.2857,0.1429,0.2375,0.0482,0.2008,0.2571,4.343,258,
ATL,2018,11,10,37,0.2973,0.2432,0.2633,0.034,0.2008,0.2571,4.343,258,
BAL,2018,11,10,22,0.6818,0.0455,0.2125,0.4693,0.2008,0.2571,4.343,258,
CAR,2018,11,10,42,0.1429,0.1429,0.2375,-0.0947,0.2008,0.2571,4.343,258,
CHI,2018,11,10,32,0.3125,0.3438,0.2892,0.0233,0.2008,0.2571,4.343,258,
CIN,2018,11,10,38,0.2368,0.3947,0.3023,-0.0655,0.2008,0.2571,4.343,258,
DAL,2018,11,10,34,0.1765,0.1471,0.2386,-0.0621,0.2008,0.2571,4.343,258,
DEN,2018,11,10,32,0.0938,0.125,0.2329,-0.1392,0.2008,0.2571,4.343,258,
DET,2018,11,10,38,0.1053,0.4737,0.3226,-0.2173,0.2008,0.2571,4.343,258,
GB,2018,11,10,35,0.2571,0.2,0.2522,0.0049,0.2008,0.2571,4.343,258,
HOU,2018,11,10,27,0.2963,0.3333,0.2865,0.0098,0.2008,0.2571,4.343,258,
IND,2018,11,10,28,0.1786,0.2143,0.2559,-0.0773,0.2008,0.2571,4.343,258,
JAX,2018,11,10,23,0.3478,0.5217,0.335,0.0129,0.2008,0.2571,4.343,258,
KC,2018,11,11,49,0.449,0.102,0.227,0.222,0.2008,0.2571,4.343,258,
LA,2018,11,11,54,0.3889,0.3148,0.2817,0.1071,0.2008,0.2571,4.343,258,
LAC,2018,11,10,46,0.1522,0.3913,0.3014,-0.1492,0.2008,0.2571,4.343,258,
MIN,2018,11,10,31,0.5484,0.129,0.234,0.3144,0.2008,0.2571,4.343,258,
NO,2018,11,10,29,0.069,0.3448,0.2895,-0.2205,0.2008,0.2571,4.343,258,
NYG,2018,11,10,22,0.3182,0.1818,0.2475,0.0706,0.2008,0.2571,4.343,258,
OAK,2018,11,10,,,,,,0.2008,0.2571,4.343,258,games<3
PHI,2018,11,10,23,0.3913,0.3913,0.3014,0.0899,0.2008,0.2571,4.343,258,
PIT,2018,11,10,48,0.1667,0.0208,0.2061,-0.0395,0.2008,0.2571,4.343,258,
SEA,2018,11,10,34,0.1176,0.4412,0.3142,-0.1966,0.2008,0.2571,4.343,258,
TB,2018,11,10,33,0.3333,0.1818,0.2475,0.0858,0.2008,0.2571,4.343,258,
TEN,2018,11,10,26,0.3846,0.2692,0.27,0.1146,0.2008,0.2571,4.343,258,
WAS,2018,11,10,42,0.3095,0.1905,0.2498,0.0598,0.2008,0.2571,4.343,258,
ARI,2018,12,11,18,0.2222,0.1111,0.2278,-0.0056,0.1988,0.2608,4.751,288,
ATL,2018,12,11,36,0.4167,0.3889,0.3002,0.1164,0.1988,0.2608,4.751,288,
BAL,2018,12,11,26,0.1538,0.2692,0.269,-0.1152,0.1988,0.2608,4.751,288,
BUF,2018,12,11,19,0.5789,0.2632,0.2674,0.3115,0.1988,0.2608,4.751,288,
CAR,2018,12,11,30,0.0333,0.2333,0.2597,-0.2263,0.1988,0.2608,4.751,288,
CHI,2018,12,11,43,0.2093,0.186,0.2473,-0.038,0.1988,0.2608,4.751,288,
CIN,2018,12,11,24,0.125,0.4167,0.3075,-0.1825,0.1988,0.2608,4.751,288,
CLE,2018,12,11,25,0.16,0.2,0.251,-0.091,0.1988,0.2608,4.751,288,
DAL,2018,12,11,33,0.3333,0.4848,0.3252,0.0081,0.1988,0.2608,4.751,288,
DEN,2018,12,11,30,0.2667,0.7,0.3814,-0.1147,0.1988,0.2608,4.751,288,
DET,2018,12,11,41,0.1951,0.439,0.3133,-0.1182,0.1988,0.2608,4.751,288,
GB,2018,12,11,29,0.3793,0.1034,0.2258,0.1535,0.1988,0.2608,4.751,288,
HOU,2018,12,11,23,0.3043,0.4348,0.3122,-0.0078,0.1988,0.2608,4.751,288,
IND,2018,12,11,39,0.1795,0.3077,0.2791,-0.0996,0.1988,0.2608,4.751,288,
JAX,2018,12,11,20,0.4,0.3,0.277,0.123,0.1988,0.2608,4.751,288,
LAC,2018,12,11,33,0.2727,0.303,0.2778,-0.0051,0.1988,0.2608,4.751,288,
MIA,2018,12,11,26,0.3462,0.3077,0.2791,0.0671,0.1988,0.2608,4.751,288,
MIN,2018,12,11,34,0.1471,0.2059,0.2525,-0.1054,0.1988,0.2608,4.751,288,
NE,2018,12,11,29,0.1724,0.2414,0.2618,-0.0893,0.1988,0.2608,4.751,288,
NO,2018,12,11,20,0.05,0.05,0.2119,-0.1619,0.1988,0.2608,4.751,288,
NYG,2018,12,11,40,0.2,0.05,0.2119,-0.0119,0.1988,0.2608,4.751,288,
NYJ,2018,12,11,32,0.4688,0.75,0.3944,0.0744,0.1988,0.2608,4.751,288,
OAK,2018,12,11,,,,,,0.1988,0.2608,4.751,288,games<3
PHI,2018,12,11,31,0.2903,0.2903,0.2745,0.0158,0.1988,0.2608,4.751,288,
PIT,2018,12,11,60,0.1167,0.2,0.251,-0.1343,0.1988,0.2608,4.751,288,
SEA,2018,12,11,32,0.2188,0.625,0.3618,-0.143,0.1988,0.2608,4.751,288,
SF,2018,12,11,22,0.4545,0.4545,0.3173,0.1372,0.1988,0.2608,4.751,288,
TB,2018,12,11,36,0.3611,0.2222,0.2568,0.1043,0.1988,0.2608,4.751,288,
TEN,2018,12,11,22,0.6818,0.2727,0.2699,0.4119,0.1988,0.2608,4.751,288,
WAS,2018,12,11,32,0.3125,0.125,0.2314,0.0811,0.1988,0.2608,4.751,288,
ARI,2018,13,12,28,0.3929,0.4643,0.32,0.0728,0.2117,0.2332,4.347,320,
ATL,2018,13,12,25,0.2,0.72,0.3797,-0.1797,0.2117,0.2332,4.347,320,
BAL,2018,13,12,28,0.2857,0.2143,0.2617,0.024,0.2117,0.2332,4.347,320,
BUF,2018,13,12,36,0.3889,0.2778,0.2765,0.1124,0.2117,0.2332,4.347,320,
CAR,2018,13,12,43,0.3256,0.2791,0.2768,0.0488,0.2117,0.2332,4.347,320,
CHI,2018,13,12,40,0.275,0.325,0.2875,-0.0125,0.2117,0.2332,4.347,320,
CIN,2018,13,12,38,0.2895,0.2895,0.2792,0.0102,0.2117,0.2332,4.347,320,
CLE,2018,13,12,21,0.6667,0.0952,0.2339,0.4327,0.2117,0.2332,4.347,320,
DAL,2018,13,12,35,0.3429,0.2857,0.2784,0.0645,0.2117,0.2332,4.347,320,
DEN,2018,13,12,22,0.3636,0.1364,0.2435,0.1201,0.2117,0.2332,4.347,320,
DET,2018,13,12,31,0.3871,0.2581,0.2719,0.1152,0.2117,0.2332,4.347,320,
GB,2018,13,12,51,0.3137,0.451,0.3169,-0.0032,0.2117,0.2332,4.347,320,
HOU,2018,13,12,31,0.3548,0.5484,0.3396,0.0152,0.2117,0.2332,4.347,320,
IND,2018,13,12,55,0.2364,0.2,0.2584,-0.022,0.2117,0.2332,4.347,320,
JAX,2018,13,12,27,0.2963,0.1111,0.2376,0.0587,0.2117,0.2332,4.347,320,
KC,2018,13,12,38,0.2895,0.1579,0.2486,0.0409,0.2117,0.2332,4.347,320,
LA,2018,13,12,35,0.2,0.1143,0.2384,-0.0384,0.2117,0.2332,4.347,320,
LAC,2018,13,12,40,0.35,0.425,0.3109,0.0391,0.2117,0.2332,4.347,320,
MIA,2018,13,12,27,0.3333,0.2593,0.2722,0.0611,0.2117,0.2332,4.347,320,
MIN,2018,13,12,34,0.2353,0.4118,0.3078,-0.0725,0.2117,0.2332,4.347,320,
NE,2018,13,12,31,0.0968,0.1935,0.2569,-0.1601,0.2117,0.2332,4.347,320,
NO,2018,13,12,30,0.2667,0.1,0.2351,0.0316,0.2117,0.2332,4.347,320,
NYG,2018,13,12,39,0.2308,0.1538,0.2476,-0.0168,0.2117,0.2332,4.347,320,
NYJ,2018,13,12,32,0.0938,0.5,0.3283,-0.2346,0.2117,0.2332,4.347,320,
OAK,2018,13,12,,,,,,0.2117,0.2332,4.347,320,games<3
PHI,2018,13,12,35,0.2857,0.5429,0.3383,-0.0526,0.2117,0.2332,4.347,320,
PIT,2018,13,12,46,0.1522,0.0435,0.2219,-0.0697,0.2117,0.2332,4.347,320,
SEA,2018,13,12,12,0.75,0.25,0.27,0.48,0.2117,0.2332,4.347,320,
SF,2018,13,12,27,0.7407,0.3704,0.2981,0.4426,0.2117,0.2332,4.347,320,
TB,2018,13,12,34,0.3235,0.4412,0.3146,0.0089,0.2117,0.2332,4.347,320,
TEN,2018,13,12,38,0.1316,0.2895,0.2792,-0.1477,0.2117,0.2332,4.347,320,
WAS,2018,13,12,21,0.7619,0.1905,0.2562,0.5058,0.2117,0.2332,4.347,320,
ARI,2018,14,13,32,0.1875,0.2188,0.2626,-0.0751,0.2064,0.2568,4.9,352,
ATL,2018,14,13,22,0.4091,0.6818,0.3815,0.0276,0.2064,0.2568,4.9,352,
BAL,2018,14,13,28,0.2857,0.3929,0.3073,-0.0216,0.2064,0.2568,4.9,352,
BUF,2018,14,13,40,0.425,0.35,0.2963,0.1287,0.2064,0.2568,4.9,352,
CAR,2018,14,13,44,0.2727,0.4091,0.3115,-0.0387,0.2064,0.2568,4.9,352,
CHI,2018,14,13,31,0.1613,0.2258,0.2644,-0.1031,0.2064,0.2568,4.9,352,
CIN,2018,14,13,32,0.1562,0.2188,0.2626,-0.1063,0.2064,0.2568,4.9,352,
CLE,2018,14,13,24,0.25,0.2917,0.2813,-0.0313,0.2064,0.2568,4.9,352,
DAL,2018,14,13,57,0.2982,0.1228,0.2379,0.0603,0.2064,0.2568,4.9,352,
DEN,2018,14,13,40,0.425,0.25,0.2706,0.1544,0.2064,0.2568,4.9,352,
DET,2018,14,13,24,0.0833,0.375,0.3027,-0.2194,0.2064,0.2568,4.9,352,
GB,2018,14,13,34,0.2941,0.4118,0.3121,-0.018,0.2064,0.2568,4.9,352,
HOU,2018,14,13,43,0.2791,0.2558,0.2721,0.007,0.2064,0.2568,4.9,352,
IND,2018,14,13,42,0.119,0.2619,0.2737,-0.1546,0.2064,0.2568,4.9,352,
JAX,2018,14,13,34,0.6471,0.4706,0.3273,0.3198,0.2064,0.2568,4.9,352,
KC,2018,14,13,56,0.5,0.4107,0.3119,0.1881,0.2064,0.2568,4.9,352,
LA,2018,14,13,41,0.1707,0.2195,0.2628,-0.092,0.2064,0.2568,4.9,352,
LAC,2018,14,13,31,0.129,0.129,0.2395,-0.1105,0.2064,0.2568,4.9,352,
MIA,2018,14,13,24,0.4583,0.4583,0.3241,0.1342,0.2064,0.2568,4.9,352,
MIN,2018,14,13,27,0.7407,0.1111,0.2349,0.5058,0.2064,0.2568,4.9,352,
NE,2018,14,13,45,0.1333,0.2667,0.2749,-0.1415,0.2064,0.2568,4.9,352,
NO,2018,14,13,28,0.1429,0.2143,0.2614,-0.1186,0.2064,0.2568,4.9,352,
NYG,2018,14,13,24,0.25,0.375,0.3027,-0.0527,0.2064,0.2568,4.9,352,
NYJ,2018,14,13,25,0.16,0.24,0.268,-0.108,0.2064,0.2568,4.9,352,
OAK,2018,14,13,,,,,,0.2064,0.2568,4.9,352,games<3
PHI,2018,14,13,34,0.3235,0.2059,0.2593,0.0643,0.2064,0.2568,4.9,352,
PIT,2018,14,13,39,0.1026,0.1795,0.2525,-0.1499,0.2064,0.2568,4.9,352,
SEA,2018,14,13,22,0.5455,0.3182,0.2881,0.2573,0.2064,0.2568,4.9,352,
SF,2018,14,13,34,0.3529,0.4412,0.3197,0.0332,0.2064,0.2568,4.9,352,
TB,2018,14,13,36,0.4722,0.2778,0.2777,0.1945,0.2064,0.2568,4.9,352,
TEN,2018,14,13,22,0.1364,0.2273,0.2648,-0.1284,0.2064,0.2568,4.9,352,
WAS,2018,14,13,25,0.56,0.44,0.3194,0.2406,0.2064,0.2568,4.9,352,
ARI,2018,15,14,27,0.4815,0.5556,0.35,0.1315,0.2071,0.2571,5.243,384,
ATL,2018,15,14,34,0.1471,0.3529,0.2979,-0.1508,0.2071,0.2571,5.243,384,
BAL,2018,15,14,25,0.24,0.4,0.31,-0.07,0.2071,0.2571,5.243,384,
BUF,2018,15,14,27,0.2963,0.3333,0.2928,0.0034,0.2071,0.2571,5.243,384,
CAR,2018,15,14,33,0.3636,0.3939,0.3084,0.0552,0.2071,0.2571,5.243,384,
CHI,2018,15,14,29,0.2069,0.2069,0.2603,-0.0534,0.2071,0.2571,5.243,384,
CIN,2018,15,14,33,0.1818,0.2424,0.2695,-0.0877,0.2071,0.2571,5.243,384,
CLE,2018,15,14,33,0.1818,0.3939,0.3084,-0.1266,0.2071,0.2571,5.243,384,
DAL,2018,15,14,29,0.2759,0.6207,0.3667,-0.0909,0.2071,0.2571,5.243,384,
DEN,2018,15,14,49,0.2041,0.4286,0.3173,-0.1132,0.2071,0.2571,5.243,384,
DET,2018,15,14,30,0.2333,0.5333,0.3443,-0.1109,0.2071,0.2571,5.243,384,
GB,2018,15,14,40,0.45,0.25,0.2714,0.1786,0.2071,0.2571,5.243,384,
HOU,2018,15,14,34,0.4706,0.4412,0.3206,0.15,0.2071,0.2571,5.243,384,
IND,2018,15,14,23,0.2174,0.2609,0.2742,-0.0568,0.2071,0.2571,5.243,384,
JAX,2018,15,14,23,0.5217,0.2174,0.263,0.2587,0.2071,0.2571,5.243,384,
KC,2018,15,14,36,0.2778,0.0833,0.2286,0.0492,0.2071,0.2571,5.243,384,
LA,2018,15,14,39,0.2564,0.2051,0.2599,-0.0035,0.2071,0.2571,5.243,384,
LAC,2018,15,14,40,0.475,0.15,0.2457,0.2293,0.2071,0.2571,5.243,384,
MIA,2018,15,14,24,0.5833,0.6667,0.3785,0.2048,0.2071,0.2571,5.243,384,
MIN,2018,15,14,23,0.2174,0.3913,0.3078,-0.0904,0.2071,0.2571,5.243,384,
NE,2018,15,14,37,0.2973,0.2162,0.2627,0.0346,0.2071,0.2571,5.243,384,
NO,2018,15,14,38,0.2368,0.2105,0.2613,-0.0244,0.2071,0.2571,5.243,384,
NYG,2018,15,14,31,0.4194,0.3871,0.3067,0.1127,0.2071,0.2571,5.243,384,
NYJ,2018,15,14,38,0.3947,0.1316,0.241,0.1538,0.2071,0.2571,5.243,384,
OAK,2018,15,14,,,,,,0.2071,0.2571,5.243,384,games<3
PHI,2018,15,14,27,0.1481,0.1481,0.2452,-0.0971,0.2071,0.2571,5.243,384,
PIT,2018,15,14,36,0.3056,0.1944,0.2571,0.0484,0.2071,0.2571,5.243,384,
SEA,2018,15,14,34,0.3235,0.3235,0.2903,0.0332,0.2071,0.2571,5.243,384,
SF,2018,15,14,32,0.3125,0.1875,0.2554,0.0571,0.2071,0.2571,5.243,384,
TB,2018,15,14,26,0.2308,0.1923,0.2566,-0.0258,0.2071,0.2571,5.243,384,
TEN,2018,15,14,20,0.3,0.55,0.3485,-0.0485,0.2071,0.2571,5.243,384,
WAS,2018,15,14,28,0.2857,0.5,0.3357,-0.05,0.2071,0.2571,5.243,384,
ARI,2018,16,15,23,0.3913,0.1739,0.253,0.1383,0.2125,0.2328,5.014,416,
ATL,2018,16,15,24,0.1667,0.25,0.2707,-0.104,0.2125,0.2328,5.014,416,
BAL,2018,16,15,25,0.24,0.2,0.259,-0.019,0.2125,0.2328,5.014,416,
BUF,2018,16,15,24,0.0833,0.625,0.358,-0.2746,0.2125,0.2328,5.014,416,
CAR,2018,16,15,49,0.2449,0.3265,0.2885,-0.0436,0.2125,0.2328,5.014,416,
CHI,2018,16,15,32,0.375,0.1562,0.2489,0.1261,0.2125,0.2328,5.014,416,
CIN,2018,16,15,17,0.4706,0.7647,0.3905,0.0801,0.2125,0.2328,5.014,416,
CLE,2018,16,15,26,0.1154,0.3462,0.2931,-0.1777,0.2125,0.2328,5.014,416,
DAL,2018,16,15,24,0.1667,0.375,0.2998,-0.1331,0.2125,0.2328,5.014,416,
DEN,2018,16,15,26,0.4615,0.3077,0.2841,0.1774,0.2125,0.2328,5.014,416,
DET,2018,16,15,25,0.12,0.52,0.3335,-0.2135,0.2125,0.2328,5.014,416,
GB,2018,16,15,55,0.2545,0.3091,0.2844,-0.0299,0.2125,0.2328,5.014,416,
HOU,2018,16,15,38,0.3421,0.1316,0.2431,0.099,0.2125,0.2328,5.014,416,
IND,2018,16,15,47,0.1915,0.2766,0.2769,-0.0854,0.2125,0.2328,5.014,416,
JAX,2018,16,15,28,0.5,0.3929,0.3039,0.1961,0.2125,0.2328,5.014,416,
KC,2018,16,15,40,0.45,0.15,0.2474,0.2026,0.2125,0.2328,5.014,416,
LA,2018,16,15,24,0.2083,0.6667,0.3677,-0.1593,0.2125,0.2328,5.014,416,
LAC,2018,16,15,35,0.2571,0.5143,0.3322,-0.0751,0.2125,0.2328,5.014,416,
MIA,2018,16,15,25,0.36,0.24,0.2684,0.0916,0.2125,0.2328,5.014,416,
MIN,2018,16,15,27,0.1111,0.4074,0.3073,-0.1962,0.2125,0.2328,5.014,416,
NE,2018,16,15,21,0.2857,0.5714,0.3455,-0.0598,0.2125,0.2328,5.014,416,
NO,2018,16,15,42,0.1429,0.381,0.3012,-0.1583,0.2125,0.2328,5.014,416,
NYG,2018,16,15,33,0.2121,0.3333,0.2901,-0.078,0.2125,0.2328,5.014,416,
NYJ,2018,16,15,32,0.2188,0.3438,0.2925,-0.0738,0.2125,0.2328,5.014,416,
OAK,2018,16,15,,,,,,0.2125,0.2328,5.014,416,games<3
PHI,2018,16,15,50,0.2,0.14,0.2451,-0.0451,0.2125,0.2328,5.014,416,
PIT,2018,16,15,53,0.1321,0.3208,0.2871,-0.1551,0.2125,0.2328,5.014,416,
SEA,2018,16,15,32,0.5312,0.4375,0.3143,0.2169,0.2125,0.2328,5.014,416,
SF,2018,16,15,39,0.4103,0.3077,0.2841,0.1261,0.2125,0.2328,5.014,416,
TB,2018,16,15,43,0.2791,0.2093,0.2612,0.0179,0.2125,0.2328,5.014,416,
TEN,2018,16,15,28,0.3571,0.2143,0.2624,0.0948,0.2125,0.2328,5.014,416,
WAS,2018,16,15,25,0.4,0.44,0.3149,0.0851,0.2125,0.2328,5.014,416,
ARI,2018,17,16,40,0.225,0.325,0.2873,-0.0623,0.2083,0.2431,5.377,448,
ATL,2018,17,16,46,0.1739,0.1739,0.2506,-0.0767,0.2083,0.2431,5.377,448,
BAL,2018,17,16,26,0.2692,0.5385,0.3392,-0.0699,0.2083,0.2431,5.377,448,
BUF,2018,17,16,24,0.2917,0.625,0.3602,-0.0685,0.2083,0.2431,5.377,448,
CAR,2018,17,16,26,0.4231,0.5,0.3298,0.0932,0.2083,0.2431,5.377,448,
CHI,2018,17,16,26,0.1538,0.3077,0.2831,-0.1292,0.2083,0.2431,5.377,448,
CIN,2018,17,16,28,0.2857,0.3571,0.2951,-0.0094,0.2083,0.2431,5.377,448,
CLE,2018,17,16,42,0.2143,0.5476,0.3414,-0.1271,0.2083,0.2431,5.377,448,
DAL,2018,17,16,48,0.2708,0.25,0.2691,0.0018,0.2083,0.2431,5.377,448,
DEN,2018,17,16,40,0.2,0.3,0.2812,-0.0812,0.2083,0.2431,5.377,448,
DET,2018,17,16,29,0.2069,0.4138,0.3089,-0.102,0.2083,0.2431,5.377,448,
GB,2018,17,16,32,0.3125,0.1562,0.2463,0.0662,0.2083,0.2431,5.377,448,
HOU,2018,17,16,28,0.6429,0.4643,0.3211,0.3217,0.2083,0.2431,5.377,448,
IND,2018,17,16,36,0.0833,0.25,0.2691,-0.1857,0.2083,0.2431,5.377,448,
JAX,2018,17,16,20,0.4,0.5,0.3298,0.0702,0.2083,0.2431,5.377,448,
KC,2018,17,16,23,0.1739,0.3043,0.2823,-0.1084,0.2083,0.2431,5.377,448,
LA,2018,17,16,25,0.16,0.24,0.2666,-0.1066,0.2083,0.2431,5.377,448,
LAC,2018,17,16,24,0.125,0.5,0.3298,-0.2048,0.2083,0.2431,5.377,448,
MIA,2018,17,16,30,0.3,0.3667,0.2974,0.0026,0.2083,0.2431,5.377,448,
MIN,2018,17,16,26,0.8077,0.2692,0.2737,0.534,0.2083,0.2431,5.377,448,
NE,2018,17,16,26,0.1923,0.3462,0.2924,-0.1001,0.2083,0.2431,5.377,448,
NO,2018,17,16,20,0.35,0.3,0.2812,0.0688,0.2083,0.2431,5.377,448,
NYG,2018,17,16,43,0.1395,0.2326,0.2648,-0.1253,0.2083,0.2431,5.377,448,
NYJ,2018,17,16,25,0.4,0.6,0.3541,0.0459,0.2083,0.2431,5.377,448,
OAK,2018,17,16,,,,,,0.2083,0.2431,5.377,448,games<3
PHI,2018,17,16,34,0.1176,0.3824,0.3012,-0.1836,0.2083,0.2431,5.377,448,
PIT,2018,17,16,46,0.2174,0.1739,0.2506,-0.0332,0.2083,0.2431,5.377,448,
SEA,2018,17,16,27,0.4074,0.5926,0.3523,0.0551,0.2083,0.2431,5.377,448,
SF,2018,17,16,28,0.3929,0.4286,0.3125,0.0804,0.2083,0.2431,5.377,448,
TB,2018,17,16,38,0.1579,0.1842,0.2531,-0.0952,0.2083,0.2431,5.377,448,
TEN,2018,17,16,24,0.0833,0.2083,0.2589,-0.1756,0.2083,0.2431,5.377,448,
WAS,2018,17,16,14,0.7143,0.3571,0.2951,0.4192,0.2083,0.2431,5.377,448,
ARI,2019,1,1,45,0.3111,0.1111,,,,,,0,pool<32
ATL,2019,1,1,31,0.4516,0.3226,,,,,,0,pool<32
BAL,2019,1,1,21,0.1905,0.619,,,,,,0,pool<32
BUF,2019,1,1,38,0.3421,0.3947,,,,,,0,pool<32
CAR,2019,1,1,40,0.275,0.225,,,,,,0,pool<32
CHI,2019,1,1,49,0.3469,0.3469,,,,,,0,pool<32
CIN,2019,1,1,56,0.2143,0.2857,,,,,,0,pool<32
CLE,2019,1,1,33,0.2727,0.2727,,,,,,0,pool<32
DAL,2019,1,1,30,0.1,0.4333,,,,,,0,pool<32
DEN,2019,1,1,26,0.1923,0.1154,,,,,,0,pool<32
DET,2019,1,1,44,0.3182,0.4091,,,,,,0,pool<32
GB,2019,1,1,34,0.3824,0.2353,,,,,,0,pool<32
HOU,2019,1,1,36,0.4167,0.3889,,,,,,0,pool<32
IND,2019,1,1,29,0.1724,0.069,,,,,,0,pool<32
JAX,2019,1,1,23,0.1739,0.2609,,,,,,0,pool<32
KC,2019,1,1,28,0.1786,0.2143,,,,,,0,pool<32
LA,2019,1,1,38,0.2105,0.1842,,,,,,0,pool<32
LAC,2019,1,1,38,0.3158,0.3158,,,,,,0,pool<32
MIA,2019,1,1,32,0.5312,0.4688,,,,,,0,pool<32
MIN,2019,1,1,11,0.4545,0.7273,,,,,,0,pool<32
NE,2019,1,1,33,0.4242,0.2727,,,,,,0,pool<32
NO,2019,1,1,42,0.2143,0.1905,,,,,,0,pool<32
NYG,2019,1,1,34,0.2941,0.3235,,,,,,0,pool<32
NYJ,2019,1,1,46,0.2391,0.3261,,,,,,0,pool<32
OAK,2019,1,1,,,,,,,,,0,pool<32
PHI,2019,1,1,35,0.1714,0.3429,,,,,,0,pool<32
PIT,2019,1,1,28,0.5714,0.4643,,,,,,0,pool<32
SEA,2019,1,1,24,0.4167,0.25,,,,,,0,pool<32
SF,2019,1,1,28,0.1429,0.4286,,,,,,0,pool<32
TB,2019,1,1,31,0.4516,0.129,,,,,,0,pool<32
TEN,2019,1,1,26,0.3846,0.5,,,,,,0,pool<32
WAS,2019,1,1,30,0.5333,0.2667,,,,,,0,pool<32
ARI,2019,2,2,43,0.2558,0.4884,,,,,,0,pool<32
ATL,2019,2,2,44,0.25,0.2955,,,,,,0,pool<32
BAL,2019,2,2,39,0.1282,0.359,,,,,,0,pool<32
BUF,2019,2,2,33,0.2424,0.4242,,,,,,0,pool<32
CAR,2019,2,2,54,0.2222,0.6296,,,,,,0,pool<32
CHI,2019,2,2,27,0.4074,0.4074,,,,,,0,pool<32
CIN,2019,2,2,32,0.3438,0.125,,,,,,0,pool<32
CLE,2019,2,2,30,0.4,0.4,,,,,,0,pool<32
DAL,2019,2,2,30,0.1333,0.1667,,,,,,0,pool<32
DEN,2019,2,2,53,0.4906,0.2075,,,,,,0,pool<32
DET,2019,2,2,29,0.1034,0.2414,,,,,,0,pool<32
GB,2019,2,2,36,0.3611,0.3333,,,,,,0,pool<32
HOU,2019,2,2,33,0.3636,0.4848,,,,,,0,pool<32
IND,2019,2,2,30,0.3,0.2,,,,,,0,pool<32
JAX,2019,2,2,37,0.3784,0.5405,,,,,,0,pool<32
KC,2019,2,2,37,0.1351,0.1892,,,,,,0,pool<32
LA,2019,2,2,29,0.2759,0.1724,,,,,,0,pool<32
LAC,2019,2,2,37,0.1892,0.1351,,,,,,0,pool<32
MIA,2019,2,2,17,0.7647,0.7647,,,,,,0,pool<32
MIN,2019,2,2,33,0.3939,0.2121,,,,,,0,pool<32
NE,2019,2,2,26,0.1154,0.3077,,,,,,0,pool<32
NO,2019,2,2,27,0.3333,0.1111,,,,,,0,pool<32
NYG,2019,2,2,34,0.2353,0.4412,,,,,,0,pool<32
NYJ,2019,2,2,22,0.5,0.5,,,,,,0,pool<32
OAK,2019,2,2,,,,,,,,,0,pool<32
PHI,2019,2,2,52,0.2885,0.0962,,,,,,0,pool<32
PIT,2019,2,2,36,0.1111,0.2778,,,,,,0,pool<32
SEA,2019,2,2,39,0.2051,0.641,,,,,,0,pool<32
SF,2019,2,2,25,0.08,0.28,,,,,,0,pool<32
TB,2019,2,2,28,0.4286,0.3214,,,,,,0,pool<32
TEN,2019,2,2,30,0.2,0.1333,,,,,,0,pool<32
WAS,2019,2,2,27,0.2963,0.1481,,,,,,0,pool<32
ARI,2019,3,3,40,0.35,0.3,0.2912,0.0588,0.1601,0.4368,2.192,32,
ATL,2019,3,3,34,0.1471,0.1471,0.2244,-0.0773,0.1601,0.4368,2.192,32,
BAL,2019,3,3,39,0.2051,0.2821,0.2833,-0.0782,0.1601,0.4368,2.192,32,
BUF,2019,3,3,37,0.3243,0.4324,0.349,-0.0247,0.1601,0.4368,2.192,32,
CAR,2019,3,3,25,0.2,0.44,0.3523,-0.1523,0.1601,0.4368,2.192,32,
CHI,2019,3,3,32,0.2188,0.4062,0.3376,-0.1188,0.1601,0.4368,2.192,32,
CIN,2019,3,3,37,0.1892,0.3243,0.3018,-0.1126,0.1601,0.4368,2.192,32,
CLE,2019,3,3,39,0.3333,0.1795,0.2385,0.0948,0.1601,0.4368,2.192,32,
DAL,2019,3,3,30,0.2,0.2,0.2475,-0.0475,0.1601,0.4368,2.192,32,
DEN,2019,3,3,26,0.3077,0.2308,0.2609,0.0468,0.1601,0.4368,2.192,32,
DET,2019,3,3,32,0.25,0.3125,0.2966,-0.0466,0.1601,0.4368,2.192,32,
GB,2019,3,3,29,0.2414,0.3448,0.3107,-0.0694,0.1601,0.4368,2.192,32,
HOU,2019,3,3,36,0.3056,0.1944,0.2451,0.0605,0.1601,0.4368,2.192,32,
IND,2019,3,3,38,0.2368,0.3421,0.3096,-0.0727,0.1601,0.4368,2.192,32,
JAX,2019,3,3,28,0.1429,0.25,0.2693,-0.1265,0.1601,0.4368,2.192,32,
KC,2019,3,3,36,0.2222,0.4722,0.3664,-0.1442,0.1601,0.4368,2.192,32,
LA,2019,3,3,40,0.15,0.2,0.2475,-0.0975,0.1601,0.4368,2.192,32,
LAC,2019,3,3,51,0.2549,0.3922,0.3314,-0.0765,0.1601,0.4368,2.192,32,
MIA,2019,3,3,28,0.6071,0.3571,0.3161,0.291,0.1601,0.4368,2.192,32,
MIN,2019,3,3,21,0.1429,0.4286,0.3473,-0.2045,0.1601,0.4368,2.192,32,
NE,2019,3,3,39,0.1026,0.4359,0.3505,-0.248,0.1601,0.4368,2.192,32,
NO,2019,3,3,24,0.2083,0.1667,0.2329,-0.0246,0.1601,0.4368,2.192,32,
NYG,2019,3,3,42,0.619,0.3333,0.3057,0.3133,0.1601,0.4368,2.192,32,
NYJ,2019,3,3,19,0.5263,0.3684,0.3211,0.2053,0.1601,0.4368,2.192,32,
OAK,2019,3,3,,,,,,0.1601,0.4368,2.192,32,games<3
PHI,2019,3,3,39,0.2821,0.1282,0.2161,0.0659,0.1601,0.4368,2.192,32,
PIT,2019,3,3,29,0.3793,0.2414,0.2656,0.1138,0.1601,0.4368,2.192,32,
SEA,2019,3,3,22,0.6364,0.3182,0.2991,0.3373,0.1601,0.4368,2.192,32,
SF,2019,3,3,33,0.303,0.697,0.4646,-0.1615,0.1601,0.4368,2.192,32,
TB,2019,3,3,40,0.45,0.425,0.3458,0.1042,0.1601,0.4368,2.192,32,
TEN,2019,3,3,30,0.7,0.6333,0.4368,0.2632,0.1601,0.4368,2.192,32,
WAS,2019,3,3,38,0.4211,0.3947,0.3325,0.0885,0.1601,0.4368,2.192,32,
ARI,2019,4,4,23,0.3478,0.2609,0.2666,0.0813,0.1825,0.3222,2.47,62,
ATL,2019,4,4,48,0.3125,0.2292,0.2564,0.0561,0.1825,0.3222,2.47,62,
BAL,2019,4,4,25,0.36,0.52,0.3501,0.0099,0.1825,0.3222,2.47,62,
BUF,2019,4,4,48,0.2083,0.4583,0.3302,-0.1219,0.1825,0.3222,2.47,62,
CAR,2019,4,4,37,0.1892,0.3784,0.3044,-0.1152,0.1825,0.3222,2.47,62,
CHI,2019,4,4,31,0.2258,0.2258,0.2553,-0.0295,0.1825,0.3222,2.47,62,
CIN,2019,4,4,29,0.4483,0.4483,0.3269,0.1213,0.1825,0.3222,2.47,62,
CLE,2019,4,4,30,0.0667,0.4333,0.3221,-0.2555,0.1825,0.3222,2.47,62,
DAL,2019,4,4,33,0.3333,0.1515,0.2313,0.102,0.1825,0.3222,2.47,62,
DEN,2019,4,4,38,0.2105,0.4211,0.3182,-0.1077,0.1825,0.3222,2.47,62,
DET,2019,4,4,38,0.2105,0.2895,0.2758,-0.0653,0.1825,0.3222,2.47,62,
GB,2019,4,4,53,0.1698,0.1509,0.2312,-0.0613,0.1825,0.3222,2.47,62,
HOU,2019,4,4,39,0.2821,0.2564,0.2651,0.0169,0.1825,0.3222,2.47,62,
IND,2019,4,4,34,0.0882,0.2059,0.2489,-0.1606,0.1825,0.3222,2.47,62,
JAX,2019,4,4,38,0.5526,0.3158,0.2843,0.2684,0.1825,0.3222,2.47,62,
KC,2019,4,4,42,0.1667,0.1429,0.2286,-0.0619,0.1825,0.3222,2.47,62,
LA,2019,4,4,51,0.3922,0.7059,0.4099,-0.0178,0.1825,0.3222,2.47,62,
LAC,2019,4,4,30,0.1333,0.2667,0.2684,-0.1351,0.1825,0.3222,2.47,62,
MIA,2019,4,4,23,0.4783,0.3478,0.2946,0.1837,0.1825,0.3222,2.47,62,
MIN,2019,4,4,23,0.5217,0.3043,0.2806,0.2412,0.1825,0.3222,2.47,62,
NE,2019,4,4,39,0.1538,0.2564,0.2651,-0.1113,0.1825,0.3222,2.47,62,
NO,2019,4,4,35,0.2857,0.0857,0.2101,0.0756,0.1825,0.3222,2.47,62,
NYG,2019,4,4,25,0.48,0.4,0.3114,0.1686,0.1825,0.3222,2.47,62,
OAK,2019,4,4,,,,,,0.1825,0.3222,2.47,62,games<3
PHI,2019,4,4,28,0.1786,0.5714,0.3666,-0.1881,0.1825,0.3222,2.47,62,
PIT,2019,4,4,26,0.0769,0.4615,0.3312,-0.2543,0.1825,0.3222,2.47,62,
SEA,2019,4,4,27,0.3333,0.5185,0.3496,-0.0162,0.1825,0.3222,2.47,62,
TB,2019,4,4,43,0.2326,0.3953,0.3099,-0.0773,0.1825,0.3222,2.47,62,
TEN,2019,4,4,25,0.28,0.32,0.2856,-0.0056,0.1825,0.3222,2.47,62,
WAS,2019,4,4,21,0.4286,0.2381,0.2592,0.1693,0.1825,0.3222,2.47,62,
ARI,2019,5,5,32,0.0938,0.4375,0.3091,-0.2153,0.2021,0.2445,2.365,92,
ATL,2019,5,5,33,0.2121,0.6061,0.3503,-0.1382,0.2021,0.2445,2.365,92,
BAL,2019,5,5,33,0.2121,0.2727,0.2688,-0.0566,0.2021,0.2445,2.365,92,
BUF,2019,5,5,36,0.25,0.25,0.2632,-0.0132,0.2021,0.2445,2.365,92,
CAR,2019,5,5,33,0.2121,0.4545,0.3132,-0.1011,0.2021,0.2445,2.365,92,
CHI,2019,5,5,34,0.2647,0.1471,0.238,0.0267,0.2021,0.2445,2.365,92,
CIN,2019,5,5,34,0.1765,0.6176,0.3531,-0.1766,0.2021,0.2445,2.365,92,
CLE,2019,5,5,26,0.4231,0.1923,0.2491,0.174,0.2021,0.2445,2.365,92,
DAL,2019,5,5,42,0.2381,0.0952,0.2254,0.0127,0.2021,0.2445,2.365,92,
DEN,2019,5,5,23,0.3478,0.1304,0.234,0.1139,0.2021,0.2445,2.365,92,
GB,2019,5,5,30,0.3667,0.3,0.2754,0.0912,0.2021,0.2445,2.365,92,
HOU,2019,5,5,27,0.0741,0.3333,0.2836,-0.2095,0.2021,0.2445,2.365,92,
IND,2019,5,5,29,0.2414,0.2759,0.2695,-0.0282,0.2021,0.2445,2.365,92,
JAX,2019,5,5,44,0.1591,0.1136,0.2299,-0.0708,0.2021,0.2445,2.365,92,
KC,2019,5,5,43,0.3023,0.3721,0.2931,0.0093,0.2021,0.2445,2.365,92,
LA,2019,5,5,49,0.1429,0.4694,0.3169,-0.174,0.2021,0.2445,2.365,92,
LAC,2019,5,5,42,0.1429,0.119,0.2312,-0.0883,0.2021,0.2445,2.365,92,
MIN,2019,5,5,28,0.3214,0.2143,0.2545,0.067,0.2021,0.2445,2.365,92,
NE,2019,5,5,42,0.3095,0.3571,0.2894,0.0201,0.2021,0.2445,2.365,92,
NO,2019,5,5,32,0.1562,0.4375,0.3091,-0.1528,0.2021,0.2445,2.365,92,
NYG,2019,5,5,35,0.3143,0.4571,0.3139,0.0004,0.2021,0.2445,2.365,92,
NYJ,2019,5,4,25,0.8,0.76,0.3879,0.4121,0.2021,0.2445,2.365,92,
OAK,2019,5,5,,,,,,0.2021,0.2445,2.365,92,games<3
PHI,2019,5,5,27,0.1852,0.6296,0.356,-0.1709,0.2021,0.2445,2.365,92,
PIT,2019,5,5,32,0.1562,0.4375,0.3091,-0.1528,0.2021,0.2445,2.365,92,
SEA,2019,5,5,25,0.48,0.24,0.2608,0.2192,0.2021,0.2445,2.365,92,
SF,2019,5,4,26,0.1538,0.5,0.3243,-0.1705,0.2021,0.2445,2.365,92,
TB,2019,5,5,19,0.6842,0.2632,0.2664,0.4178,0.2021,0.2445,2.365,92,
TEN,2019,5,5,27,0.3333,0.3333,0.2836,0.0497,0.2021,0.2445,2.365,92,
WAS,2019,5,5,26,0.4231,0.2692,0.2679,0.1552,0.2021,0.2445,2.365,92,
ARI,2019,6,6,36,0.0556,0.1944,0.2494,-0.1938,0.2136,0.1841,2.124,120,
ATL,2019,6,6,38,0.1842,0.4737,0.3008,-0.1166,0.2136,0.1841,2.124,120,
BAL,2019,6,6,31,0.0645,0.5161,0.3086,-0.2441,0.2136,0.1841,2.124,120,
CAR,2019,6,6,28,0.1786,0.5357,0.3122,-0.1336,0.2136,0.1841,2.124,120,
CIN,2019,6,6,30,0.2333,1.0333,0.4038,-0.1705,0.2136,0.1841,2.124,120,
CLE,2019,6,6,37,0.0811,0.3243,0.2733,-0.1922,0.2136,0.1841,2.124,120,
DAL,2019,6,6,42,0.2381,0.4048,0.2881,-0.05,0.2136,0.1841,2.124,120,
DEN,2019,6,6,24,0.25,0.4583,0.2979,-0.0479,0.2136,0.1841,2.124,120,
DET,2019,6,5,35,0.1429,0.4286,0.2925,-0.1496,0.2136,0.1841,2.124,120,
GB,2019,6,6,40,0.15,0.1,0.232,-0.082,0.2136,0.1841,2.124,120,
HOU,2019,6,6,42,0.0952,0.3333,0.2749,-0.1797,0.2136,0.1841,2.124,120,
JAX,2019,6,6,31,0.3226,0.4194,0.2908,0.0318,0.2136,0.1841,2.124,120,
KC,2019,6,6,36,0.1944,0.2778,0.2647,-0.0703,0.2136,0.1841,2.124,120,
LA,2019,6,6,20,0.5,0.35,0.278,0.222,0.2136,0.1841,2.124,120,
LAC,2019,6,6,22,0.5909,0.1364,0.2387,0.3522,0.2136,0.1841,2.124,120,
MIA,2019,6,5,48,0.3958,0.1042,0.2327,0.1631,0.2136,0.1841,2.124,120,
MIN,2019,6,6,28,0.0357,0.3929,0.2859,-0.2502,0.2136,0.1841,2.124,120,
NE,2019,6,6,42,0.1667,0.1667,0.2442,-0.0776,0.2136,0.1841,2.124,120,
NO,2019,6,6,39,0.2308,0.1282,0.2372,-0.0064,0.2136,0.1841,2.124,120,
NYG,2019,6,6,24,0.4583,0.5417,0.3133,0.145,0.2136,0.1841,2.124,120,
NYJ,2019,6,5,32,0.2188,0.3438,0.2768,-0.0581,0.2136,0.1841,2.124,120,
PHI,2019,6,6,36,0.1944,0.3333,0.2749,-0.0805,0.2136,0.1841,2.124,120,
PIT,2019,6,6,16,0.125,0.25,0.2596,-0.1346,0.2136,0.1841,2.124,120,
SEA,2019,6,6,36,0.25,0.5833,0.321,-0.071,0.2136,0.1841,2.124,120,
SF,2019,6,5,32,0.2188,0.3438,0.2768,-0.0581,0.2136,0.1841,2.124,120,
TB,2019,6,6,31,0.7097,0.6774,0.3383,0.3714,0.2136,0.1841,2.124,120,
TEN,2019,6,6,31,0.4839,0.3226,0.2729,0.2109,0.2136,0.1841,2.124,120,
WAS,2019,6,6,24,0.375,0.3333,0.2749,0.1001,0.2136,0.1841,2.124,120,
ARI,2019,7,7,23,0.1739,0.3043,0.2625,-0.0886,0.1967,0.2162,2.857,148,
ATL,2019,7,7,30,0.5333,0.3667,0.276,0.2573,0.1967,0.2162,2.857,148,
BAL,2019,7,7,21,0.2381,0.1905,0.2379,0.0002,0.1967,0.2162,2.857,148,
BUF,2019,7,6,28,0.1786,0.4286,0.2894,-0.1108,0.1967,0.2162,2.857,148,
CHI,2019,7,6,29,0.3448,0.6207,0.3309,0.0139,0.1967,0.2162,2.857,148,
CIN,2019,7,7,38,0.2368,0.2368,0.2479,-0.0111,0.1967,0.2162,2.857,148,
DAL,2019,7,7,28,0.1429,0.25,0.2508,-0.1079,0.1967,0.2162,2.857,148,
DEN,2019,7,7,30,0.4333,0.5333,0.312,0.1213,0.1967,0.2162,2.857,148,
DET,2019,7,6,44,0.1364,0.2727,0.2557,-0.1193,0.1967,0.2162,2.857,148,
GB,2019,7,7,30,0.2333,0.3333,0.2688,-0.0355,0.1967,0.2162,2.857,148,
HOU,2019,7,7,36,0.2222,0.1944,0.2388,-0.0166,0.1967,0.2162,2.857,148,
IND,2019,7,6,36,0.3056,0.5833,0.3228,-0.0173,0.1967,0.2162,2.857,148,
JAX,2019,7,7,34,0.1471,0.3824,0.2794,-0.1323,0.1967,0.2162,2.857,148,
KC,2019,7,7,29,0.2069,0.3793,0.2787,-0.0718,0.1967,0.2162,2.857,148,
LA,2019,7,7,34,0.0882,0.4118,0.2858,-0.1975,0.1967,0.2162,2.857,148,
LAC,2019,7,7,39,0.1795,0.2564,0.2522,-0.0727,0.1967,0.2162,2.857,148,
MIA,2019,7,6,23,0.3043,0.4783,0.3001,0.0042,0.1967,0.2162,2.857,148,
MIN,2019,7,7,34,0.1176,0.2353,0.2476,-0.13,0.1967,0.2162,2.857,148,
NE,2019,7,7,38,0.2105,0.6053,0.3276,-0.1171,0.1967,0.2162,2.857,148,
NO,2019,7,7,35,0.1714,0.5143,0.3079,-0.1365,0.1967,0.2162,2.857,148,
NYG,2019,7,7,42,0.4524,0.3333,0.2688,0.1836,0.1967,0.2162,2.857,148,
NYJ,2019,7,6,22,0.4091,0.7273,0.354,0.0551,0.1967,0.2162,2.857,148,
OAK,2019,7,6,,,,,,0.1967,0.2162,2.857,148,games<3
PHI,2019,7,7,17,0.5294,0.4118,0.2858,0.2437,0.1967,0.2162,2.857,148,
SEA,2019,7,7,35,0.4,0.4857,0.3017,0.0983,0.1967,0.2162,2.857,148,
SF,2019,7,6,23,0.1304,0.3043,0.2625,-0.1321,0.1967,0.2162,2.857,148,
TEN,2019,7,7,32,0.2812,0.2188,0.244,0.0372,0.1967,0.2162,2.857,148,
WAS,2019,7,7,13,0.2308,0.3077,0.2633,-0.0325,0.1967,0.2162,2.857,148,
ARI,2019,8,8,28,0.4286,0.3929,0.2824,0.1461,0.1949,0.2228,3.363,178,
ATL,2019,8,8,36,0.2222,0.4444,0.2939,-0.0717,0.1949,0.2228,3.363,178,
BUF,2019,8,7,32,0.375,0.3438,0.2715,0.1035,0.1949,0.2228,3.363,178,
CAR,2019,8,7,34,0.4118,0.1176,0.2211,0.1906,0.1949,0.2228,3.363,178,
CHI,2019,8,7,38,0.1579,0.0789,0.2125,-0.0546,0.1949,0.2228,3.363,178,
CIN,2019,8,8,34,0.2647,0.5294,0.3129,-0.0482,0.1949,0.2228,3.363,178,
CLE,2019,8,7,23,0.3043,0.6522,0.3402,-0.0359,0.1949,0.2228,3.363,178,
DEN,2019,8,8,35,0.2,0.2857,0.2586,-0.0586,0.1949,0.2228,3.363,178,
DET,2019,8,7,32,0.25,0.2188,0.2437,0.0063,0.1949,0.2228,3.363,178,
GB,2019,8,8,37,0.3243,0.4595,0.2973,0.0271,0.1949,0.2228,3.363,178,
HOU,2019,8,8,42,0.1667,0.1429,0.2267,-0.0601,0.1949,0.2228,3.363,178,
IND,2019,8,7,28,0.3571,0.3571,0.2745,0.0827,0.1949,0.2228,3.363,178,
JAX,2019,8,8,36,0.2778,0.4444,0.2939,-0.0162,0.1949,0.2228,3.363,178,
KC,2019,8,8,38,0.2632,0.1842,0.236,0.0272,0.1949,0.2228,3.363,178,
LA,2019,8,8,26,0.1538,0.3077,0.2635,-0.1096,0.1949,0.2228,3.363,178,
LAC,2019,8,8,30,0.2,0.1333,0.2246,-0.0246,0.1949,0.2228,3.363,178,
MIA,2019,8,7,28,0.5714,0.5,0.3063,0.2651,0.1949,0.2228,3.363,178,
MIN,2019,8,8,29,0.3103,0.2759,0.2564,0.054,0.1949,0.2228,3.363,178,
NE,2019,8,8,33,0.303,0.3939,0.2827,0.0204,0.1949,0.2228,3.363,178,
NO,2019,8,8,39,0.2564,0.4615,0.2977,-0.0413,0.1949,0.2228,3.363,178,
NYG,2019,8,8,36,0.25,0.1389,0.2259,0.0241,0.1949,0.2228,3.363,178,
NYJ,2019,8,7,31,0.5161,0.4194,0.2883,0.2278,0.1949,0.2228,3.363,178,
OAK,2019,8,7,,,,,,0.1949,0.2228,3.363,178,games<3
PHI,2019,8,8,24,0.2917,0.375,0.2785,0.0132,0.1949,0.2228,3.363,178,
PIT,2019,8,7,36,0.25,0.6111,0.3311,-0.0811,0.1949,0.2228,3.363,178,
SEA,2019,8,8,17,0.2353,0.4118,0.2866,-0.0514,0.1949,0.2228,3.363,178,
SF,2019,8,7,26,0.2308,0.2692,0.2549,-0.0241,0.1949,0.2228,3.363,178,
TB,2019,8,7,47,0.1277,0.4468,0.2945,-0.1668,0.1949,0.2228,3.363,178,
TEN,2019,8,8,36,0.1944,0.5278,0.3125,-0.118,0.1949,0.2228,3.363,178,
WAS,2019,8,8,25,0.32,0.4,0.284,0.036,0.1949,0.2228,3.363,178,
ARI,2019,9,9,28,0.2143,0.2143,0.2451,-0.0308,0.2013,0.2042,3.324,206,
BAL,2019,9,8,23,0.087,0.4348,0.2901,-0.2032,0.2013,0.2042,3.324,206,
BUF,2019,9,8,19,0.3158,0.3158,0.2658,0.05,0.2013,0.2042,3.324,206,
CAR,2019,9,8,33,0.3636,0.2727,0.257,0.1066,0.2013,0.2042,3.324,206,
CHI,2019,9,8,24,0.25,0.25,0.2524,-0.0024,0.2013,0.2042,3.324,206,
CLE,2019,9,8,44,0.1818,0.25,0.2524,-0.0706,0.2013,0.2042,3.324,206,
DAL,2019,9,8,34,0.2647,0.3235,0.2674,-0.0027,0.2013,0.2042,3.324,206,
DEN,2019,9,9,23,0.3043,0.3478,0.2724,0.032,0.2013,0.2042,3.324,206,
DET,2019,9,8,43,0.2093,0.1628,0.2346,-0.0253,0.2013,0.2042,3.324,206,
GB,2019,9,9,22,0.4545,0.0455,0.2106,0.2439,0.2013,0.2042,3.324,206,
HOU,2019,9,9,26,0.3462,0.3077,0.2642,0.082,0.2013,0.2042,3.324,206,
IND,2019,9,8,37,0.3784,0.4054,0.2841,0.0943,0.2013,0.2042,3.324,206,
JAX,2019,9,9,34,0.3235,0.4706,0.2974,0.0261,0.2013,0.2042,3.324,206,
KC,2019,9,9,39,0.2564,0.1795,0.238,0.0184,0.2013,0.2042,3.324,206,
LAC,2019,9,9,28,0.25,0.2143,0.2451,0.0049,0.2013,0.2042,3.324,206,
MIA,2019,9,8,37,0.2432,0.4054,0.2841,-0.0409,0.2013,0.2042,3.324,206,
MIN,2019,9,9,39,0.1282,0.1795,0.238,-0.1098,0.2013,0.2042,3.324,206,
NE,2019,9,9,43,0.0698,0.5116,0.3058,-0.236,0.2013,0.2042,3.324,206,
NYG,2019,9,9,30,0.5,0.3333,0.2694,0.2306,0.2013,0.2042,3.324,206,
NYJ,2019,9,8,30,0.4,0.3667,0.2762,0.1238,0.2013,0.2042,3.324,206,
OAK,2019,9,8,,,,,,0.2013,0.2042,3.324,206,games<3
PHI,2019,9,9,43,0.1628,0.2791,0.2583,-0.0955,0.2013,0.2042,3.324,206,
PIT,2019,9,8,36,0.3056,0.1667,0.2354,0.0702,0.2013,0.2042,3.324,206,
SEA,2019,9,9,47,0.2128,0.7447,0.3534,-0.1406,0.2013,0.2042,3.324,206,
SF,2019,9,8,36,0.1944,0.4444,0.2921,-0.0976,0.2013,0.2042,3.324,206,
TB,2019,9,8,46,0.1087,0.4348,0.2901,-0.1814,0.2013,0.2042,3.324,206,
TEN,2019,9,9,17,0.5882,0.4706,0.2974,0.2908,0.2013,0.2042,3.324,206,
WAS,2019,9,9,21,0.3333,0.3333,0.2694,0.0639,0.2013,0.2042,3.324,206,
ARI,2019,10,10,47,0.1064,0.234,0.2489,-0.1426,0.2044,0.1902,3.343,232,
ATL,2019,10,9,33,0.1818,0.3636,0.2736,-0.0918,0.2044,0.1902,3.343,232,
BAL,2019,10,9,16,0.1875,0.5625,0.3114,-0.1239,0.2044,0.1902,3.343,232,
BUF,2019,10,9,42,0.2381,0.4286,0.2859,-0.0479,0.2044,0.1902,3.343,232,
CAR,2019,10,9,46,0.2826,0.1522,0.2334,0.0492,0.2044,0.1902,3.343,232,
CHI,2019,10,9,24,0.375,0.2083,0.2441,0.1309,0.2044,0.1902,3.343,232,
CIN,2019,10,9,27,0.2222,0.7407,0.3453,-0.1231,0.2044,0.1902,3.343,232,
CLE,2019,10,9,40,0.15,0.475,0.2948,-0.1448,0.2044,0.1902,3.343,232,
DAL,2019,10,9,48,0.2083,0.3333,0.2678,-0.0595,0.2044,0.1902,3.343,232,
DET,2019,10,9,39,0.3333,0.2051,0.2434,0.0899,0.2044,0.1902,3.343,232,
GB,2019,10,10,29,0.2069,0.3448,0.27,-0.0631,0.2044,0.1902,3.343,232,
IND,2019,10,9,40,0.2,0.375,0.2758,-0.0758,0.2044,0.1902,3.343,232,
KC,2019,10,10,51,0.2157,0.2157,0.2455,-0.0298,0.2044,0.1902,3.343,232,
LA,2019,10,9,46,0.3043,0.2826,0.2582,0.0462,0.2044,0.1902,3.343,232,
LAC,2019,10,10,36,0.1944,0.1111,0.2256,-0.0311,0.2044,0.1902,3.343,232,
MIA,2019,10,9,36,0.2778,0.2222,0.2467,0.0311,0.2044,0.1902,3.343,232,
MIN,2019,10,10,34,0.1765,0.2941,0.2604,-0.0839,0.2044,0.1902,3.343,232,
NO,2019,10,9,30,0.4,0.3333,0.2678,0.1322,0.2044,0.1902,3.343,232,
NYG,2019,10,10,45,0.2444,0.2889,0.2594,-0.0149,0.2044,0.1902,3.343,232,
NYJ,2019,10,9,32,0.3125,0.4375,0.2876,0.0249,0.2044,0.1902,3.343,232,
OAK,2019,10,9,,,,,,0.2044,0.1902,3.343,232,games<3
PIT,2019,10,9,41,0.439,0.3171,0.2647,0.1743,0.2044,0.1902,3.343,232,
SEA,2019,10,10,38,0.3421,0.3158,0.2645,0.0776,0.2044,0.1902,3.343,232,
SF,2019,10,9,51,0.3529,0.2549,0.2529,0.1,0.2044,0.1902,3.343,232,
TB,2019,10,9,52,0.1731,0.3654,0.2739,-0.1009,0.2044,0.1902,3.343,232,
TEN,2019,10,10,23,0.3913,0.2609,0.254,0.1373,0.2044,0.1902,3.343,232,
ARI,2019,11,11,37,0.3784,0.2162,0.2464,0.132,0.2005,0.2121,3.913,260,
ATL,2019,11,10,30,0.3,0.2667,0.2571,0.0429,0.2005,0.2121,3.913,260,
BAL,2019,11,10,21,0.0952,0.2857,0.2611,-0.1659,0.2005,0.2121,3.913,260,
BUF,2019,11,10,30,0.1,0.3667,0.2783,-0.1783,0.2005,0.2121,3.913,260,
CAR,2019,11,10,38,0.4211,0.1842,0.2396,0.1815,0.2005,0.2121,3.913,260,
CHI,2019,11,10,44,0.3182,0.2045,0.2439,0.0743,0.2005,0.2121,3.913,260,
CIN,2019,11,10,35,0.5714,0.2286,0.249,0.3224,0.2005,0.2121,3.913,260,
CLE,2019,11,10,32,0.25,0.5625,0.3198,-0.0698,0.2005,0.2121,3.913,260,
DAL,2019,11,10,45,0.2222,0.3333,0.2712,-0.049,0.2005,0.2121,3.913,260,
DEN,2019,11,10,42,0.0952,0.3095,0.2662,-0.1709,0.2005,0.2121,3.913,260,
DET,2019,11,10,30,0.5,0.2667,0.2571,0.2429,0.2005,0.2121,3.913,260,
HOU,2019,11,10,30,0.4333,0.6333,0.3349,0.0985,0.2005,0.2121,3.913,260,
IND,2019,11,10,26,0.4615,0.3077,0.2658,0.1958,0.2005,0.2121,3.913,260,
JAX,2019,11,10,32,0.1875,0.25,0.2535,-0.066,0.2005,0.2121,3.913,260,
KC,2019,11,11,33,0.3636,0.0303,0.2069,0.1567,0.2005,0.2121,3.913,260,
LA,2019,11,10,18,0.0556,0.1667,0.2359,-0.1803,0.2005,0.2121,3.913,260,
LAC,2019,11,11,51,0.2745,0.1961,0.2421,0.0324,0.2005,0.2121,3.913,260,
MIA,2019,11,10,32,0.5312,0.5625,0.3198,0.2114,0.2005,0.2121,3.913,260,
MIN,2019,11,11,41,0.1463,0.1707,0.2367,-0.0904,0.2005,0.2121,3.913,260,
NE,2019,11,10,49,0.1224,0.3061,0.2654,-0.143,0.2005,0.2121,3.913,260,
NO,2019,11,10,35,0.1429,0.4,0.2854,-0.1425,0.2005,0.2121,3.913,260,
NYJ,2019,11,10,25,0.52,0.4,0.2854,0.2346,0.2005,0.2121,3.913,260,
OAK,2019,11,10,,,,,,0.2005,0.2121,3.913,260,games<3
PHI,2019,11,10,42,0.3571,0.381,0.2813,0.0758,0.2005,0.2121,3.913,260,
PIT,2019,11,10,37,0.4324,0.6486,0.3381,0.0943,0.2005,0.2121,3.913,260,
SF,2019,11,10,48,0.2083,0.5208,0.311,-0.1027,0.2005,0.2121,3.913,260,
TB,2019,11,10,45,0.3111,0.5333,0.3137,-0.0025,0.2005,0.2121,3.913,260,
WAS,2019,11,10,26,0.6154,0.6538,0.3392,0.2762,0.2005,0.2121,3.913,260,
ATL,2019,12,11,40,0.325,0.3,0.2626,0.0624,0.1982,0.2149,4.438,288,
BAL,2019,12,11,19,0.4211,0.6316,0.3339,0.0872,0.1982,0.2149,4.438,288,
BUF,2019,12,11,25,0.16,0.44,0.2927,-0.1327,0.1982,0.2149,4.438,288,
CAR,2019,12,11,41,0.2927,0.4146,0.2873,0.0054,0.1982,0.2149,4.438,288,
CHI,2019,12,11,41,0.2439,0.1463,0.2296,0.0143,0.1982,0.2149,4.438,288,
CIN,2019,12,11,30,0.3667,0.4,0.2841,0.0825,0.1982,0.2149,4.438,288,
CLE,2019,12,11,29,0.2069,0.4828,0.3019,-0.095,0.1982,0.2149,4.438,288,
DAL,2019,12,11,33,0.2424,0.303,0.2633,-0.0209,0.1982,0.2149,4.438,288,
DEN,2019,12,11,25,0.28,0.4,0.2841,-0.0041,0.1982,0.2149,4.438,288,
DET,2019,12,11,39,0.4103,0.2564,0.2533,0.157,0.1982,0.2149,4.438,288,
GB,2019,12,11,32,0.2812,0.4062,0.2855,-0.0042,0.1982,0.2149,4.438,288,
HOU,2019,12,11,30,0.2667,0.2667,0.2555,0.0112,0.1982,0.2149,4.438,288,
IND,2019,12,11,25,0.16,0.2,0.2411,-0.0811,0.1982,0.2149,4.438,288,
JAX,2019,12,11,33,0.2121,0.3333,0.2698,-0.0577,0.1982,0.2149,4.438,288,
LA,2019,12,11,21,0.381,1.0952,0.4335,-0.0526,0.1982,0.2149,4.438,288,
MIA,2019,12,11,33,0.2727,0.6364,0.3349,-0.0622,0.1982,0.2149,4.438,288,
NE,2019,12,11,38,0.2105,0.2368,0.2491,-0.0385,0.1982,0.2149,4.438,288,
NO,2019,12,11,40,0.1,0.25,0.2519,-0.1519,0.1982,0.2149,4.438,288,
NYG,2019,12,11,34,0.4412,0.2059,0.2424,0.1988,0.1982,0.2149,4.438,288,
NYJ,2019,12,11,25,0.28,0.32,0.2669,0.0131,0.1982,0.2149,4.438,288,
OAK,2019,12,11,,,,,,0.1982,0.2149,4.438,288,games<3
PHI,2019,12,11,32,0.4375,0.4688,0.2989,0.1386,0.1982,0.2149,4.438,288,
PIT,2019,12,11,30,0.2333,0.2667,0.2555,-0.0221,0.1982,0.2149,4.438,288,
SEA,2019,12,11,26,0.3846,0.7692,0.3635,0.0212,0.1982,0.2149,4.438,288,
SF,2019,12,11,20,0.25,0.3,0.2626,-0.0126,0.1982,0.2149,4.438,288,
TB,2019,12,11,25,0.2,0.28,0.2583,-0.0583,0.1982,0.2149,4.438,288,
TEN,2019,12,11,18,0.2222,0.4444,0.2937,-0.0715,0.1982,0.2149,4.438,288,
WAS,2019,12,11,33,0.1818,0.3636,0.2763,-0.0945,0.1982,0.2149,4.438,288,
ARI,2019,13,12,24,0.4583,0.5,0.304,0.1543,0.1981,0.2118,4.69,320,
ATL,2019,13,12,42,0.4048,0.7143,0.3494,0.0554,0.1981,0.2118,4.69,320,
BAL,2019,13,12,24,0.1667,0.1667,0.2334,-0.0668,0.1981,0.2118,4.69,320,
BUF,2019,13,12,24,0.2917,0.375,0.2776,0.0141,0.1981,0.2118,4.69,320,
CAR,2019,13,12,42,0.381,0.2619,0.2536,0.1274,0.1981,0.2118,4.69,320,
CHI,2019,13,12,39,0.1282,0.2051,0.2416,-0.1134,0.1981,0.2118,4.69,320,
CIN,2019,13,12,37,0.1081,0.3243,0.2668,-0.1587,0.1981,0.2118,4.69,320,
CLE,2019,13,12,39,0.359,0.4103,0.285,0.074,0.1981,0.2118,4.69,320,
DAL,2019,13,12,38,0.2632,0.3684,0.2762,-0.013,0.1981,0.2118,4.69,320,
DEN,2019,13,12,28,0.1429,0.25,0.2511,-0.1082,0.1981,0.2118,4.69,320,
DET,2019,13,12,40,0.225,0.325,0.267,-0.042,0.1981,0.2118,4.69,320,
GB,2019,13,12,27,0.1481,0.5185,0.3079,-0.1598,0.1981,0.2118,4.69,320,
HOU,2019,13,12,25,0.24,0.72,0.3506,-0.1106,0.1981,0.2118,4.69,320,
IND,2019,13,12,36,0.5278,0.2778,0.257,0.2708,0.1981,0.2118,4.69,320,
JAX,2019,13,12,35,0.3143,0.4571,0.2949,0.0193,0.1981,0.2118,4.69,320,
KC,2019,13,12,28,0.5,0.1786,0.236,0.264,0.1981,0.2118,4.69,320,
LA,2019,13,12,42,0.0952,0.3333,0.2687,-0.1735,0.1981,0.2118,4.69,320,
LAC,2019,13,12,32,0.1875,0.2188,0.2445,-0.057,0.1981,0.2118,4.69,320,
MIA,2019,13,12,45,0.2222,0.2667,0.2546,-0.0324,0.1981,0.2118,4.69,320,
MIN,2019,13,12,35,0.3143,0.2286,0.2465,0.0677,0.1981,0.2118,4.69,320,
NE,2019,13,12,36,0.2222,0.3333,0.2687,-0.0465,0.1981,0.2118,4.69,320,
NO,2019,13,12,26,0.0769,0.5385,0.3122,-0.2352,0.1981,0.2118,4.69,320,
NYG,2019,13,12,27,0.2593,0.2593,0.253,0.0062,0.1981,0.2118,4.69,320,
NYJ,2019,13,12,31,0.4516,0.3871,0.2801,0.1715,0.1981,0.2118,4.69,320,
OAK,2019,13,12,,,,,,0.1981,0.2118,4.69,320,games<3
PHI,2019,13,12,48,0.125,0.1458,0.229,-0.104,0.1981,0.2118,4.69,320,
PIT,2019,13,12,21,0.2857,0.381,0.2788,0.0069,0.1981,0.2118,4.69,320,
SEA,2019,13,12,33,0.2121,0.2424,0.2495,-0.0374,0.1981,0.2118,4.69,320,
SF,2019,13,12,23,0.3043,0.8696,0.3823,-0.0779,0.1981,0.2118,4.69,320,
TB,2019,13,12,36,0.3056,0.5,0.304,0.0015,0.1981,0.2118,4.69,320,
TEN,2019,13,12,28,0.3571,0.2857,0.2586,0.0985,0.1981,0.2118,4.69,320,
WAS,2019,13,12,31,0.3871,0.4839,0.3006,0.0865,0.1981,0.2118,4.69,320,
ARI,2019,14,13,34,0.3235,0.2647,0.2531,0.0705,0.1924,0.2293,5.364,352,
ATL,2019,14,13,31,0.2903,0.6129,0.3329,-0.0426,0.1924,0.2293,5.364,352,
BAL,2019,14,13,26,0.2692,0.2692,0.2541,0.0151,0.1924,0.2293,5.364,352,
BUF,2019,14,13,43,0.3256,0.7209,0.3577,-0.0321,0.1924,0.2293,5.364,352,
CAR,2019,14,13,32,0.2188,0.1562,0.2282,-0.0094,0.1924,0.2293,5.364,352,
CHI,2019,14,13,29,0.1379,0.3793,0.2793,-0.1414,0.1924,0.2293,5.364,352,
CIN,2019,14,13,36,0.1667,0.3333,0.2688,-0.1021,0.1924,0.2293,5.364,352,
CLE,2019,14,13,24,0.3333,0.6667,0.3452,-0.0119,0.1924,0.2293,5.364,352,
DAL,2019,14,13,24,0.5,0.4583,0.2975,0.2025,0.1924,0.2293,5.364,352,
DEN,2019,14,13,25,0.36,0.4,0.2841,0.0759,0.1924,0.2293,5.364,352,
DET,2019,14,13,23,0.5217,0.4348,0.2921,0.2297,0.1924,0.2293,5.364,352,
GB,2019,14,13,29,0.4138,0.3793,0.2793,0.1345,0.1924,0.2293,5.364,352,
HOU,2019,14,13,32,0.4062,0.4062,0.2855,0.1207,0.1924,0.2293,5.364,352,
IND,2019,14,13,38,0.2632,0.4474,0.2949,-0.0318,0.1924,0.2293,5.364,352,
JAX,2019,14,13,28,0.25,0.3214,0.2661,-0.0161,0.1924,0.2293,5.364,352,
KC,2019,14,13,41,0.1951,0.1463,0.2259,-0.0308,0.1924,0.2293,5.364,352,
LA,2019,14,13,32,0.2188,0.2812,0.2569,-0.0381,0.1924,0.2293,5.364,352,
LAC,2019,14,13,23,0.3043,0.1739,0.2322,0.0721,0.1924,0.2293,5.364,352,
MIA,2019,14,13,39,0.359,0.3846,0.2806,0.0784,0.1924,0.2293,5.364,352,
MIN,2019,14,13,28,0.25,0.2143,0.2415,0.0085,0.1924,0.2293,5.364,352,
NE,2019,14,13,40,0.3,0.425,0.2898,0.0102,0.1924,0.2293,5.364,352,
NO,2019,14,13,42,0.0238,0.3333,0.2688,-0.245,0.1924,0.2293,5.364,352,
NYG,2019,14,13,32,0.1562,0.1562,0.2282,-0.0719,0.1924,0.2293,5.364,352,
NYJ,2019,14,13,36,0.25,0.4722,0.3006,-0.0506,0.1924,0.2293,5.364,352,
OAK,2019,14,13,,,,,,0.1924,0.2293,5.364,352,games<3
PHI,2019,14,13,53,0.3019,0.3396,0.2702,0.0317,0.1924,0.2293,5.364,352,
PIT,2019,14,13,22,0.2727,0.4545,0.2966,-0.0239,0.1924,0.2293,5.364,352,
SEA,2019,14,13,26,0.5769,0.6923,0.3511,0.2258,0.1924,0.2293,5.364,352,
SF,2019,14,13,39,0.1282,0.4359,0.2923,-0.1641,0.1924,0.2293,5.364,352,
TB,2019,14,13,50,0.2,0.34,0.2703,-0.0703,0.1924,0.2293,5.364,352,
TEN,2019,14,13,26,0.1154,0.2692,0.2541,-0.1387,0.1924,0.2293,5.364,352,
WAS,2019,14,13,23,0.4783,0.3043,0.2621,0.2161,0.1924,0.2293,5.364,352,
ARI,2019,15,14,22,0.2273,0.5,0.3034,-0.0761,0.1954,0.2158,5.532,384,
ATL,2019,15,14,41,0.2195,0.122,0.2218,-0.0023,0.1954,0.2158,5.532,384,
BAL,2019,15,14,19,0.2105,0.3684,0.275,-0.0644,0.1954,0.2158,5.532,384,
BUF,2019,15,14,26,0.2692,0.4615,0.2951,-0.0258,0.1954,0.2158,5.532,384,
CAR,2019,15,14,33,0.2121,0.1818,0.2347,-0.0226,0.1954,0.2158,5.532,384,
CHI,2019,15,14,44,0.1818,0.1818,0.2347,-0.0529,0.1954,0.2158,5.532,384,
CIN,2019,15,14,17,0.1765,1.0588,0.4239,-0.2475,0.1954,0.2158,5.532,384,
CLE,2019,15,14,25,0.2,0.6,0.3249,-0.1249,0.1954,0.2158,5.532,384,
DAL,2019,15,14,23,0.1304,0.3913,0.2799,-0.1495,0.1954,0.2158,5.532,384,
DEN,2019,15,14,24,0.4167,0.875,0.3843,0.0324,0.1954,0.2158,5.532,384,
DET,2019,15,14,37,0.2703,0.6486,0.3354,-0.0652,0.1954,0.2158,5.532,384,
GB,2019,15,14,32,0.2188,0.2188,0.2427,-0.0239,0.1954,0.2158,5.532,384,
HOU,2019,15,14,27,0.037,0.037,0.2034,-0.1664,0.1954,0.2158,5.532,384,
IND,2019,15,14,22,0.5455,0.7727,0.3622,0.1832,0.1954,0.2158,5.532,384,
JAX,2019,15,14,31,0.2258,0.2581,0.2511,-0.0253,0.1954,0.2158,5.532,384,
KC,2019,15,14,35,0.2571,0.2286,0.2448,0.0124,0.1954,0.2158,5.532,384,
LA,2019,15,14,31,0.2581,0.4516,0.2929,-0.0348,0.1954,0.2158,5.532,384,
LAC,2019,15,14,32,0.1875,0.1875,0.2359,-0.0484,0.1954,0.2158,5.532,384,
MIA,2019,15,14,32,0.375,0.4688,0.2966,0.0784,0.1954,0.2158,5.532,384,
MIN,2019,15,14,23,0.2174,0.0435,0.2048,0.0126,0.1954,0.2158,5.532,384,
NE,2019,15,14,28,0.2143,0.2143,0.2417,-0.0274,0.1954,0.2158,5.532,384,
NO,2019,15,14,29,0.1034,0.3103,0.2624,-0.159,0.1954,0.2158,5.532,384,
NYG,2019,15,14,27,0.0741,0.2593,0.2514,-0.1773,0.1954,0.2158,5.532,384,
NYJ,2019,15,14,27,0.4444,0.6296,0.3313,0.1131,0.1954,0.2158,5.532,384,
OAK,2019,15,14,,,,,,0.1954,0.2158,5.532,384,games<3
PHI,2019,15,14,45,0.4889,0.2222,0.2434,0.2455,0.1954,0.2158,5.532,384,
PIT,2019,15,14,42,0.381,0.2857,0.2571,0.1238,0.1954,0.2158,5.532,384,
SEA,2019,15,14,23,0.5217,0.087,0.2142,0.3075,0.1954,0.2158,5.532,384,
SF,2019,15,14,35,0.2286,0.2857,0.2571,-0.0285,0.1954,0.2158,5.532,384,
TB,2019,15,14,42,0.1667,0.3333,0.2674,-0.1007,0.1954,0.2158,5.532,384,
TEN,2019,15,14,31,0.2258,0.5806,0.3208,-0.0949,0.1954,0.2158,5.532,384,
WAS,2019,15,14,29,0.4828,0.1724,0.2327,0.2501,0.1954,0.2158,5.532,384,
ARI,2019,16,15,29,0.1724,0.2069,0.2381,-0.0657,0.1925,0.2202,5.946,416,
ATL,2019,16,15,41,0.1707,0.2195,0.2409,-0.0702,0.1925,0.2202,5.946,416,
BAL,2019,16,15,31,0.2581,0.4194,0.2849,-0.0268,0.1925,0.2202,5.946,416,
BUF,2019,16,15,30,0.2667,0.3667,0.2733,-0.0066,0.1925,0.2202,5.946,416,
CAR,2019,16,15,39,0.4359,0.1282,0.2208,0.2151,0.1925,0.2202,5.946,416,
CHI,2019,16,15,20,0.45,0.8,0.3687,0.0813,0.1925,0.2202,5.946,416,
CIN,2019,16,15,36,0.2222,0.4444,0.2904,-0.0682,0.1925,0.2202,5.946,416,
CLE,2019,16,15,29,0.1379,0.7586,0.3596,-0.2217,0.1925,0.2202,5.946,416,
DAL,2019,16,15,45,0.1111,0.1111,0.217,-0.1059,0.1925,0.2202,5.946,416,
DEN,2019,16,15,33,0.1515,0.1212,0.2192,-0.0677,0.1925,0.2202,5.946,416,
DET,2019,16,15,23,0.3478,0.3043,0.2596,0.0883,0.1925,0.2202,5.946,416,
GB,2019,16,15,44,0.1364,0.1591,0.2276,-0.0912,0.1925,0.2202,5.946,416,
HOU,2019,16,15,37,0.3243,0.5135,0.3056,0.0187,0.1925,0.2202,5.946,416,
IND,2019,16,15,25,0.56,0.36,0.2718,0.2882,0.1925,0.2202,5.946,416,
JAX,2019,16,15,28,0.25,0.3214,0.2633,-0.0133,0.1925,0.2202,5.946,416,
KC,2019,16,15,28,0.0714,0.3214,0.2633,-0.1919,0.1925,0.2202,5.946,416,
LA,2019,16,15,46,0.2609,0.3043,0.2596,0.0013,0.1925,0.2202,5.946,416,
LAC,2019,16,15,35,0.1143,0.0286,0.1988,-0.0846,0.1925,0.2202,5.946,416,
MIA,2019,16,15,50,0.3,0.38,0.2762,0.0238,0.1925,0.2202,5.946,416,
MIN,2019,16,15,26,0.3462,0.1538,0.2264,0.1197,0.1925,0.2202,5.946,416,
NE,2019,16,15,34,0.3235,0.3235,0.2638,0.0597,0.1925,0.2202,5.946,416,
NO,2019,16,15,43,0.1163,0.2093,0.2386,-0.1224,0.1925,0.2202,5.946,416,
NYG,2019,16,15,42,0.1667,0.1905,0.2345,-0.0678,0.1925,0.2202,5.946,416,
NYJ,2019,16,15,28,0.3571,0.4643,0.2948,0.0624,0.1925,0.2202,5.946,416,
OAK,2019,16,15,,,,,,0.1925,0.2202,5.946,416,games<3
PHI,2019,16,15,40,0.125,0.2,0.2366,-0.1116,0.1925,0.2202,5.946,416,
PIT,2019,16,15,41,0.1951,0.6098,0.3268,-0.1317,0.1925,0.2202,5.946,416,
SEA,2019,16,15,31,0.4194,0.3548,0.2707,0.1487,0.1925,0.2202,5.946,416,
SF,2019,16,15,33,0.2727,0.3636,0.2726,0.0001,0.1925,0.2202,5.946,416,
TB,2019,16,15,51,0.1373,0.4118,0.2832,-0.146,0.1925,0.2202,5.946,416,
TEN,2019,16,15,27,0.3704,0.3704,0.2741,0.0963,0.1925,0.2202,5.946,416,
WAS,2019,16,15,41,0.3171,0.3171,0.2624,0.0547,0.1925,0.2202,5.946,416,
ARI,2019,17,16,39,0.1026,0.2308,0.2415,-0.139,0.192,0.2145,5.949,448,
ATL,2019,17,16,57,0.3684,0.3158,0.2598,0.1087,0.192,0.2145,5.949,448,
BAL,2019,17,16,22,0.2727,0.6364,0.3285,-0.0558,0.192,0.2145,5.949,448,
BUF,2019,17,16,34,0.0882,0.5,0.2993,-0.2111,0.192,0.2145,5.949,448,
CAR,2019,17,16,35,0.2286,0.4286,0.284,-0.0554,0.192,0.2145,5.949,448,
CHI,2019,17,16,41,0.3415,0.2195,0.2391,0.1023,0.192,0.2145,5.949,448,
CIN,2019,17,16,29,0.069,0.2069,0.2364,-0.1674,0.192,0.2145,5.949,448,
CLE,2019,17,16,26,0.5,0.3077,0.258,0.242,0.192,0.2145,5.949,448,
DAL,2019,17,16,30,0.2,0.2333,0.2421,-0.0421,0.192,0.2145,5.949,448,
DEN,2019,17,16,29,0.3793,0.2069,0.2364,0.1429,0.192,0.2145,5.949,448,
DET,2019,17,16,31,0.1613,0.3226,0.2612,-0.0999,0.192,0.2145,5.949,448,
GB,2019,17,16,56,0.125,0.2321,0.2418,-0.1168,0.192,0.2145,5.949,448,
HOU,2019,17,16,29,0.4828,0.4828,0.2956,0.1872,0.192,0.2145,5.949,448,
IND,2019,17,16,24,0.375,0.0833,0.2099,0.1651,0.192,0.2145,5.949,448,
JAX,2019,17,16,41,0.1463,0.122,0.2182,-0.0718,0.192,0.2145,5.949,448,
KC,2019,17,16,25,0.12,0.08,0.2092,-0.0892,0.192,0.2145,5.949,448,
LA,2019,17,16,46,0.0435,0.5,0.2993,-0.2558,0.192,0.2145,5.949,448,
LAC,2019,17,16,43,0.2093,0.2326,0.2419,-0.0326,0.192,0.2145,5.949,448,
MIA,2019,17,16,46,0.1087,0.5,0.2993,-0.1906,0.192,0.2145,5.949,448,
MIN,2019,17,16,21,0.5238,0.1429,0.2227,0.3011,0.192,0.2145,5.949,448,
NE,2019,17,16,30,0.0667,0.2,0.2349,-0.1683,0.192,0.2145,5.949,448,
NO,2019,17,16,30,0.2,0.3,0.2564,-0.0564,0.192,0.2145,5.949,448,
NYG,2019,17,16,36,0.4167,0.3889,0.2755,0.1412,0.192,0.2145,5.949,448,
NYJ,2019,17,16,38,0.1316,0.2368,0.2428,-0.1113,0.192,0.2145,5.949,448,
OAK,2019,17,16,,,,,,0.192,0.2145,5.949,448,games<3
PHI,2019,17,16,40,0.175,0.375,0.2725,-0.0975,0.192,0.2145,5.949,448,
PIT,2019,17,16,24,0.25,0.75,0.3529,-0.1029,0.192,0.2145,5.949,448,
SEA,2019,17,16,40,0.425,0.3,0.2564,0.1686,0.192,0.2145,5.949,448,
SF,2019,17,16,25,0.16,0.08,0.2092,-0.0492,0.192,0.2145,5.949,448,
TB,2019,17,16,25,0.12,0.36,0.2693,-0.1493,0.192,0.2145,5.949,448,
TEN,2019,17,16,20,0.15,0.35,0.2671,-0.1171,0.192,0.2145,5.949,448,
WAS,2019,17,16,34,0.2353,0.2941,0.2551,-0.0198,0.192,0.2145,5.949,448,
ARI,2020,1,1,41,0.1707,0.2927,,,,,,0,pool<32
ATL,2020,1,1,36,0.3333,0.5278,,,,,,0,pool<32
BAL,2020,1,1,24,0.4583,0.4167,,,,,,0,pool<32
BUF,2020,1,1,38,0.2368,0.4737,,,,,,0,pool<32
CAR,2020,1,1,36,0.1667,0.1667,,,,,,0,pool<32
CHI,2020,1,1,34,0.2941,0.2353,,,,,,0,pool<32
CIN,2020,1,1,38,0.2895,0.2105,,,,,,0,pool<32
CLE,2020,1,1,35,0.2857,0.6,,,,,,0,pool<32
DAL,2020,1,1,42,0.2619,0.1905,,,,,,0,pool<32
DEN,2020,1,1,33,0.1818,0.3939,,,,,,0,pool<32
DET,2020,1,1,38,0.1579,0.2105,,,,,,0,pool<32
GB,2020,1,1,38,0.1579,0.5,,,,,,0,pool<32
HOU,2020,1,1,20,0.75,0.65,,,,,,0,pool<32
IND,2020,1,1,47,0.1064,0.1277,,,,,,0,pool<32
JAX,2020,1,1,24,0.3333,0.125,,,,,,0,pool<32
KC,2020,1,1,30,0.1333,0.4333,,,,,,0,pool<32
LA,2020,1,1,32,0.125,0.3125,,,,,,0,pool<32
LAC,2020,1,1,32,0.2812,0.2812,,,,,,0,pool<32
LV,2020,1,1,30,0.1,0.2333,,,,,,0,pool<32
MIA,2020,1,1,31,0.2581,0.3548,,,,,,0,pool<32
MIN,2020,1,1,13,0.4615,0.2308,,,,,,0,pool<32
NE,2020,1,1,21,0.2857,0.4286,,,,,,0,pool<32
NO,2020,1,1,28,0.25,0.5,,,,,,0,pool<32
NYG,2020,1,1,32,0.5312,0.8125,,,,,,0,pool<32
NYJ,2020,1,1,25,0.32,0.8,,,,,,0,pool<32
PHI,2020,1,1,47,0.2979,0.3617,,,,,,0,pool<32
PIT,2020,1,1,33,0.2727,0.2121,,,,,,0,pool<32
SEA,2020,1,1,29,0.4483,0.4483,,,,,,0,pool<32
SF,2020,1,1,36,0.1944,0.2778,,,,,,0,pool<32
TB,2020,1,1,27,0.3333,0.2593,,,,,,0,pool<32
TEN,2020,1,1,44,0.25,0.1136,,,,,,0,pool<32
WAS,2020,1,1,34,0.2647,0.2059,,,,,,0,pool<32
ARI,2020,2,2,36,0.2778,0.1944,,,,,,0,pool<32
ATL,2020,2,2,35,0.2857,0.2286,,,,,,0,pool<32
BAL,2020,2,2,28,0.2857,0.3571,,,,,,0,pool<32
BUF,2020,2,2,36,0.1389,0.5278,,,,,,0,pool<32
CAR,2020,2,2,39,0.2564,0.359,,,,,,0,pool<32
CHI,2020,2,2,32,0.1875,0.25,,,,,,0,pool<32
CIN,2020,2,2,46,0.3043,0.3478,,,,,,0,pool<32
CLE,2020,2,2,22,0.1364,0.6364,,,,,,0,pool<32
DAL,2020,2,2,38,0.2895,0.2895,,,,,,0,pool<32
DEN,2020,2,2,47,0.5319,0.6596,,,,,,0,pool<32
DET,2020,2,2,28,0.3571,0.3929,,,,,,0,pool<32
GB,2020,2,2,28,0.1071,0.2857,,,,,,0,pool<32
HOU,2020,2,2,29,0.5862,0.6207,,,,,,0,pool<32
IND,2020,2,2,23,0.2609,0.1304,,,,,,0,pool<32
JAX,2020,2,2,47,0.1702,0.3404,,,,,,0,pool<32
KC,2020,2,2,49,0.3469,0.0408,,,,,,0,pool<32
LA,2020,2,2,26,0.2308,0.2308,,,,,,0,pool<32
LAC,2020,2,2,34,0.2647,0.3824,,,,,,0,pool<32
LV,2020,2,2,41,0.1707,0.4146,,,,,,0,pool<32
MIA,2020,2,2,43,0.3023,0.4651,,,,,,0,pool<32
MIN,2020,2,2,21,0.4286,0.2381,,,,,,0,pool<32
NE,2020,2,2,41,0.2927,0.439,,,,,,0,pool<32
NO,2020,2,2,29,0.2414,0.3103,,,,,,0,pool<32
NYG,2020,2,2,42,0.1429,0.3333,,,,,,0,pool<32
NYJ,2020,2,2,18,0.5,0.6111,,,,,,0,pool<32
PHI,2020,2,2,40,0.1,0.15,,,,,,0,pool<32
PIT,2020,2,2,42,0.2143,0.2143,,,,,,0,pool<32
SEA,2020,2,2,30,0.3667,0.3667,,,,,,0,pool<32
SF,2020,2,2,25,0.56,0.4,,,,,,0,pool<32
TB,2020,2,2,35,0.0286,0.1143,,,,,,0,pool<32
TEN,2020,2,2,25,0.28,0.2,,,,,,0,pool<32
WAS,2020,2,2,28,0.3929,0.4286,,,,,,0,pool<32
ARI,2020,3,3,36,0.0833,0.25,0.2769,-0.1936,0.2099,0.2679,1.893,32,
ATL,2020,3,3,37,0.3514,0.2703,0.2823,0.069,0.2099,0.2679,1.893,32,
BAL,2020,3,3,30,0.2667,0.5333,0.3528,-0.0862,0.2099,0.2679,1.893,32,
BUF,2020,3,3,37,0.3243,0.2973,0.2896,0.0347,0.2099,0.2679,1.893,32,
CAR,2020,3,3,30,0.1333,0.1,0.2367,-0.1034,0.2099,0.2679,1.893,32,
CHI,2020,3,3,42,0.2857,0.381,0.312,-0.0263,0.2099,0.2679,1.893,32,
CIN,2020,3,3,52,0.3846,0.3654,0.3078,0.0768,0.2099,0.2679,1.893,32,
CLE,2020,3,3,24,0.3333,0.1667,0.2546,0.0787,0.2099,0.2679,1.893,32,
DAL,2020,3,3,60,0.2167,0.4,0.3171,-0.1004,0.2099,0.2679,1.893,32,
DEN,2020,3,3,30,0.4667,0.9333,0.46,0.0067,0.2099,0.2679,1.893,32,
DET,2020,3,3,35,0.1714,0.4286,0.3248,-0.1533,0.2099,0.2679,1.893,32,
GB,2020,3,3,33,0.1515,0.3636,0.3074,-0.1558,0.2099,0.2679,1.893,32,
HOU,2020,3,3,32,0.5625,0.2188,0.2685,0.294,0.2099,0.2679,1.893,32,
IND,2020,3,3,21,0.1905,0.3333,0.2992,-0.1088,0.2099,0.2679,1.893,32,
JAX,2020,3,3,26,0.4615,0.3077,0.2924,0.1692,0.2099,0.2679,1.893,32,
KC,2020,3,3,39,0.2308,0.5128,0.3473,-0.1166,0.2099,0.2679,1.893,32,
LA,2020,3,3,35,0.2,0.3714,0.3094,-0.1094,0.2099,0.2679,1.893,32,
LAC,2020,3,3,51,0.2549,0.1176,0.2414,0.0135,0.2099,0.2679,1.893,32,
LV,2020,3,3,25,0.52,0.28,0.285,0.235,0.2099,0.2679,1.893,32,
MIA,2020,3,3,18,0.3333,0.4444,0.329,0.0043,0.2099,0.2679,1.893,32,
MIN,2020,3,3,30,0.5333,0.4333,0.326,0.2073,0.2099,0.2679,1.893,32,
NE,2020,3,3,29,0.3103,0.3103,0.2931,0.0173,0.2099,0.2679,1.893,32,
NO,2020,3,3,30,0.1,0.1667,0.2546,-0.1546,0.2099,0.2679,1.893,32,
NYG,2020,3,3,21,0.5714,0.5714,0.363,0.2084,0.2099,0.2679,1.893,32,
NYJ,2020,3,3,24,0.4583,0.125,0.2434,0.2149,0.2099,0.2679,1.893,32,
PHI,2020,3,3,50,0.16,0.28,0.285,-0.125,0.2099,0.2679,1.893,32,
PIT,2020,3,3,38,0.3158,0.3421,0.3016,0.0142,0.2099,0.2679,1.893,32,
SEA,2020,3,3,45,0.2444,0.1556,0.2516,-0.0072,0.2099,0.2679,1.893,32,
SF,2020,3,3,30,0.4,0.5667,0.3618,0.0382,0.2099,0.2679,1.893,32,
TB,2020,3,3,38,0.1579,0.2632,0.2804,-0.1225,0.2099,0.2679,1.893,32,
TEN,2020,3,3,40,0.275,0.35,0.3037,-0.0287,0.2099,0.2679,1.893,32,
WAS,2020,3,3,39,0.1538,0.1282,0.2443,-0.0904,0.2099,0.2679,1.893,32,
ARI,2020,4,4,26,0.2692,0.2692,0.2702,-0.0009,0.2232,0.1746,1.825,62,
ATL,2020,4,4,28,0.3571,0.25,0.2668,0.0903,0.2232,0.1746,1.825,62,
BAL,2020,4,4,20,0.25,0.4,0.293,-0.043,0.2232,0.1746,1.825,62,
BUF,2020,4,4,32,0.25,0.2812,0.2723,-0.0223,0.2232,0.1746,1.825,62,
CAR,2020,4,4,28,0.1429,0.7143,0.3479,-0.205,0.2232,0.1746,1.825,62,
CHI,2020,4,4,35,0.2,0.1143,0.2431,-0.0431,0.2232,0.1746,1.825,62,
CIN,2020,4,4,35,0.2571,0.2571,0.2681,-0.0109,0.2232,0.1746,1.825,62,
CLE,2020,4,4,30,0.1667,0.4,0.293,-0.1263,0.2232,0.1746,1.825,62,
DAL,2020,4,4,41,0.3415,0.439,0.2998,0.0416,0.2232,0.1746,1.825,62,
DEN,2020,4,4,31,0.2903,0.2903,0.2739,0.0165,0.2232,0.1746,1.825,62,
DET,2020,4,4,29,0.2414,0.2759,0.2713,-0.03,0.2232,0.1746,1.825,62,
GB,2020,4,4,28,0.1429,0.5,0.3105,-0.1676,0.2232,0.1746,1.825,62,
HOU,2020,4,4,29,0.2414,0.3103,0.2774,-0.036,0.2232,0.1746,1.825,62,
IND,2020,4,4,27,0.2593,0.2593,0.2684,-0.0092,0.2232,0.1746,1.825,62,
JAX,2020,4,4,35,0.1714,0.2571,0.2681,-0.0966,0.2232,0.1746,1.825,62,
KC,2020,4,4,29,0.1379,0.069,0.2352,-0.0973,0.2232,0.1746,1.825,62,
LA,2020,4,4,34,0.2353,0.3235,0.2797,-0.0444,0.2232,0.1746,1.825,62,
LAC,2020,4,4,27,0.6296,0.3333,0.2814,0.3483,0.2232,0.1746,1.825,62,
LV,2020,4,4,35,0.1714,0.4571,0.303,-0.1316,0.2232,0.1746,1.825,62,
MIA,2020,4,4,39,0.1795,0.1282,0.2456,-0.0661,0.2232,0.1746,1.825,62,
MIN,2020,4,4,24,0.375,0.5,0.3105,0.0645,0.2232,0.1746,1.825,62,
NE,2020,4,4,29,0.2069,0.5517,0.3195,-0.1126,0.2232,0.1746,1.825,62,
NO,2020,4,4,24,0.25,0.0833,0.2377,0.0123,0.2232,0.1746,1.825,62,
NYG,2020,4,4,41,0.2683,0.4146,0.2956,-0.0273,0.2232,0.1746,1.825,62,
NYJ,2020,4,4,48,0.2708,0.4792,0.3068,-0.036,0.2232,0.1746,1.825,62,
PHI,2020,4,4,32,0.4375,0.4688,0.305,0.1325,0.2232,0.1746,1.825,62,
SEA,2020,4,4,35,0.2,0.3143,0.278,-0.078,0.2232,0.1746,1.825,62,
SF,2020,4,4,50,0.32,0.14,0.2476,0.0724,0.2232,0.1746,1.825,62,
TB,2020,4,4,46,0.2174,0.087,0.2384,-0.021,0.2232,0.1746,1.825,62,
WAS,2020,4,4,38,0.3421,0.4211,0.2967,0.0454,0.2232,0.1746,1.825,62,
ARI,2020,5,5,32,0.1875,0.3125,0.2769,-0.0894,0.2025,0.238,2.759,90,
ATL,2020,5,5,32,0.3125,0.2188,0.2546,0.0579,0.2025,0.238,2.759,90,
BAL,2020,5,5,37,0.2973,0.3514,0.2861,0.0112,0.2025,0.238,2.759,90,
BUF,2020,5,5,35,0.0857,0.1429,0.2365,-0.1508,0.2025,0.238,2.759,90,
CAR,2020,5,5,36,0.1667,0.3333,0.2818,-0.1152,0.2025,0.238,2.759,90,
CHI,2020,5,5,45,0.2,0.3778,0.2924,-0.0924,0.2025,0.238,2.759,90,
CIN,2020,5,5,29,0.6552,0.7241,0.3748,0.2803,0.2025,0.238,2.759,90,
CLE,2020,5,5,38,0.1579,0.2368,0.2589,-0.101,0.2025,0.238,2.759,90,
DAL,2020,5,5,35,0.1714,0.2571,0.2637,-0.0923,0.2025,0.238,2.759,90,
HOU,2020,5,5,35,0.1714,0.4286,0.3045,-0.1331,0.2025,0.238,2.759,90,
IND,2020,5,5,32,0.2188,0.125,0.2323,-0.0135,0.2025,0.238,2.759,90,
JAX,2020,5,5,41,0.2195,0.3171,0.278,-0.0585,0.2025,0.238,2.759,90,
KC,2020,5,5,38,0.5526,0.0789,0.2213,0.3313,0.2025,0.238,2.759,90,
LA,2020,5,5,29,0.1034,0.1724,0.2435,-0.1401,0.2025,0.238,2.759,90,
LAC,2020,5,5,37,0.3514,0.1622,0.2411,0.1102,0.2025,0.238,2.759,90,
LV,2020,5,5,31,0.2903,0.3871,0.2946,-0.0043,0.2025,0.238,2.759,90,
MIA,2020,5,5,29,0.2759,0.4483,0.3092,-0.0333,0.2025,0.238,2.759,90,
MIN,2020,5,5,42,0.2619,0.2619,0.2648,-0.0029,0.2025,0.238,2.759,90,
NO,2020,5,5,50,0.12,0.18,0.2454,-0.1254,0.2025,0.238,2.759,90,
NYG,2020,5,5,36,0.4722,0.3611,0.2884,0.1838,0.2025,0.238,2.759,90,
NYJ,2020,5,5,25,0.64,0.48,0.3167,0.3233,0.2025,0.238,2.759,90,
PHI,2020,5,5,39,0.3846,0.4615,0.3123,0.0723,0.2025,0.238,2.759,90,
PIT,2020,5,4,35,0.1429,0.1714,0.2433,-0.1005,0.2025,0.238,2.759,90,
SEA,2020,5,5,37,0.3514,0.3784,0.2926,0.0588,0.2025,0.238,2.759,90,
SF,2020,5,5,31,0.3226,0.5161,0.3253,-0.0028,0.2025,0.238,2.759,90,
TB,2020,5,5,44,0.2045,0.1591,0.2404,-0.0358,0.2025,0.238,2.759,90,
TEN,2020,5,4,25,0.08,0.6,0.3453,-0.2653,0.2025,0.238,2.759,90,
WAS,2020,5,5,31,0.4516,0.4194,0.3023,0.1493,0.2025,0.238,2.759,90,
ARI,2020,6,6,22,0.2727,0.1818,0.2402,0.0326,0.1891,0.2807,4.142,118,
ATL,2020,6,6,35,0.1714,0.2857,0.2693,-0.0979,0.1891,0.2807,4.142,118,
BAL,2020,6,6,28,0.2857,0.1071,0.2192,0.0665,0.1891,0.2807,4.142,118,
BUF,2020,6,6,25,0.44,0.56,0.3463,0.0937,0.1891,0.2807,4.142,118,
CAR,2020,6,6,33,0.303,0.1212,0.2232,0.0799,0.1891,0.2807,4.142,118,
CHI,2020,6,6,37,0.2703,0.2432,0.2574,0.0129,0.1891,0.2807,4.142,118,
CIN,2020,6,6,41,0.1463,0.122,0.2234,-0.077,0.1891,0.2807,4.142,118,
CLE,2020,6,6,24,0.4583,0.4583,0.3178,0.1406,0.1891,0.2807,4.142,118,
DAL,2020,6,6,39,0.2564,0.5641,0.3475,-0.0911,0.1891,0.2807,4.142,118,
DEN,2020,6,5,23,0.2174,0.6957,0.3844,-0.167,0.1891,0.2807,4.142,118,
DET,2020,6,5,27,0.4815,0.4444,0.3139,0.1676,0.1891,0.2807,4.142,118,
GB,2020,6,5,36,0.3333,0.5,0.3295,0.0039,0.1891,0.2807,4.142,118,
HOU,2020,6,6,40,0.2,0.25,0.2593,-0.0593,0.1891,0.2807,4.142,118,
IND,2020,6,6,45,0.1556,0.2222,0.2515,-0.0959,0.1891,0.2807,4.142,118,
JAX,2020,6,6,28,0.5714,0.2857,0.2693,0.3021,0.1891,0.2807,4.142,118,
KC,2020,6,6,27,0.1852,0.0,0.1891,-0.0039,0.1891,0.2807,4.142,118,
LA,2020,6,6,25,0.12,0.32,0.2789,-0.1589,0.1891,0.2807,4.142,118,
MIA,2020,6,6,26,0.1154,0.3462,0.2863,-0.1709,0.1891,0.2807,4.142,118,
MIN,2020,6,6,25,0.44,0.4,0.3014,0.1386,0.1891,0.2807,4.142,118,
NE,2020,6,5,29,0.3103,0.5172,0.3343,-0.024,0.1891,0.2807,4.142,118,
NYG,2020,6,6,20,0.45,0.4,0.3014,0.1486,0.1891,0.2807,4.142,118,
NYJ,2020,6,6,26,0.4615,1.0,0.4698,-0.0083,0.1891,0.2807,4.142,118,
PHI,2020,6,6,29,0.7241,0.8621,0.4311,0.293,0.1891,0.2807,4.142,118,
PIT,2020,6,5,23,0.1304,0.3043,0.2746,-0.1441,0.1891,0.2807,4.142,118,
SF,2020,6,6,26,0.1538,0.3077,0.2755,-0.1216,0.1891,0.2807,4.142,118,
TB,2020,6,6,24,0.1667,0.5417,0.3412,-0.1745,0.1891,0.2807,4.142,118,
TEN,2020,6,5,44,0.2273,0.3182,0.2784,-0.0512,0.1891,0.2807,4.142,118,
WAS,2020,6,6,46,0.2826,0.2391,0.2562,0.0264,0.1891,0.2807,4.142,118,
ARI,2020,7,7,44,0.1136,0.0682,0.1927,-0.0791,0.1714,0.3123,5.159,146,
ATL,2020,7,7,45,0.2444,0.3333,0.2755,-0.0311,0.1714,0.3123,5.159,146,
BUF,2020,7,7,45,0.2,0.3778,0.2894,-0.0894,0.1714,0.3123,5.159,146,
CAR,2020,7,7,29,0.2759,0.4138,0.3007,-0.0248,0.1714,0.3123,5.159,146,
CHI,2020,7,7,24,0.4583,0.75,0.4057,0.0527,0.1714,0.3123,5.159,146,
CIN,2020,7,7,52,0.1538,0.2308,0.2435,-0.0897,0.1714,0.3123,5.159,146,
CLE,2020,7,7,28,0.25,0.3214,0.2718,-0.0218,0.1714,0.3123,5.159,146,
DAL,2020,7,7,25,0.4,0.32,0.2714,0.1286,0.1714,0.3123,5.159,146,
DEN,2020,7,6,31,0.3226,0.3548,0.2822,0.0403,0.1714,0.3123,5.159,146,
DET,2020,7,6,34,0.2059,0.3824,0.2908,-0.085,0.1714,0.3123,5.159,146,
GB,2020,7,6,29,0.069,0.3793,0.2899,-0.2209,0.1714,0.3123,5.159,146,
HOU,2020,7,7,27,0.2963,0.4444,0.3102,-0.0139,0.1714,0.3123,5.159,146,
JAX,2020,7,7,32,0.375,0.2812,0.2593,0.1157,0.1714,0.3123,5.159,146,
KC,2020,7,7,22,0.3636,0.4091,0.2992,0.0644,0.1714,0.3123,5.159,146,
LA,2020,7,7,34,0.2059,0.2647,0.2541,-0.0482,0.1714,0.3123,5.159,146,
LAC,2020,7,6,44,0.1818,0.2955,0.2637,-0.0819,0.1714,0.3123,5.159,146,
LV,2020,7,6,36,0.2778,0.5556,0.3449,-0.0671,0.1714,0.3123,5.159,146,
NE,2020,7,6,16,0.5,0.6875,0.3861,0.1139,0.1714,0.3123,5.159,146,
NO,2020,7,6,37,0.1081,0.1622,0.2221,-0.114,0.1714,0.3123,5.159,146,
NYG,2020,7,7,33,0.2424,0.3333,0.2755,-0.0331,0.1714,0.3123,5.159,146,
NYJ,2020,7,7,27,0.4444,0.4074,0.2987,0.1458,0.1714,0.3123,5.159,146,
PHI,2020,7,7,47,0.2766,0.2553,0.2512,0.0254,0.1714,0.3123,5.159,146,
PIT,2020,7,6,49,0.1429,0.3469,0.2798,-0.1369,0.1714,0.3123,5.159,146,
SEA,2020,7,6,52,0.2885,0.5,0.3276,-0.0391,0.1714,0.3123,5.159,146,
SF,2020,7,7,24,0.125,0.2917,0.2625,-0.1375,0.1714,0.3123,5.159,146,
TB,2020,7,7,40,0.025,0.225,0.2417,-0.2167,0.1714,0.3123,5.159,146,
TEN,2020,7,6,33,0.303,0.3333,0.2755,0.0275,0.1714,0.3123,5.159,146,
WAS,2020,7,7,25,0.32,0.48,0.3213,-0.0013,0.1714,0.3123,5.159,146,
ATL,2020,8,8,30,0.2,0.3333,0.2703,-0.0703,0.1738,0.2895,5.698,174,
BAL,2020,8,7,31,0.3871,0.3548,0.2765,0.1106,0.1738,0.2895,5.698,174,
BUF,2020,8,8,19,0.3684,0.6316,0.3566,0.0118,0.1738,0.2895,5.698,174,
CAR,2020,8,8,29,0.2759,0.3448,0.2736,0.0023,0.1738,0.2895,5.698,174,
CHI,2020,8,8,46,0.1739,0.3261,0.2682,-0.0943,0.1738,0.2895,5.698,174,
CIN,2020,8,8,34,0.1471,0.5,0.3185,-0.1715,0.1738,0.2895,5.698,174,
CLE,2020,8,8,25,0.16,0.16,0.2201,-0.0601,0.1738,0.2895,5.698,174,
DAL,2020,8,8,31,0.5161,0.4516,0.3045,0.2116,0.1738,0.2895,5.698,174,
DEN,2020,8,7,42,0.2619,0.0714,0.1944,0.0675,0.1738,0.2895,5.698,174,
DET,2020,8,7,31,0.6129,0.6452,0.3605,0.2524,0.1738,0.2895,5.698,174,
GB,2020,8,7,32,0.1875,0.3125,0.2642,-0.0767,0.1738,0.2895,5.698,174,
IND,2020,8,7,30,0.1667,0.2667,0.251,-0.0843,0.1738,0.2895,5.698,174,
KC,2020,8,8,37,0.1351,0.4865,0.3146,-0.1795,0.1738,0.2895,5.698,174,
LA,2020,8,8,51,0.2353,0.5882,0.3441,-0.1088,0.1738,0.2895,5.698,174,
LAC,2020,8,7,46,0.413,0.3043,0.2619,0.1512,0.1738,0.2895,5.698,174,
LV,2020,8,7,25,0.16,0.12,0.2085,-0.0485,0.1738,0.2895,5.698,174,
MIA,2020,8,7,18,0.1667,0.4444,0.3024,-0.1358,0.1738,0.2895,5.698,174,
MIN,2020,8,7,14,0.2143,0.7143,0.3806,-0.1663,0.1738,0.2895,5.698,174,
NE,2020,8,7,28,0.25,0.3929,0.2875,-0.0375,0.1738,0.2895,5.698,174,
NO,2020,8,7,42,0.1429,0.2143,0.2358,-0.0929,0.1738,0.2895,5.698,174,
NYG,2020,8,8,42,0.4048,0.5,0.3185,0.0862,0.1738,0.2895,5.698,174,
NYJ,2020,8,8,27,0.1852,0.5556,0.3346,-0.1494,0.1738,0.2895,5.698,174,
PHI,2020,8,8,30,0.3667,0.3,0.2606,0.1061,0.1738,0.2895,5.698,174,
PIT,2020,8,7,34,0.1765,0.3529,0.2759,-0.0995,0.1738,0.2895,5.698,174,
SEA,2020,8,7,30,0.2667,0.6,0.3475,-0.0808,0.1738,0.2895,5.698,174,
SF,2020,8,8,19,0.5263,1.2632,0.5395,-0.0132,0.1738,0.2895,5.698,174,
TB,2020,8,8,43,0.1628,0.2093,0.2344,-0.0716,0.1738,0.2895,5.698,174,
TEN,2020,8,7,21,0.2857,0.619,0.353,-0.0673,0.1738,0.2895,5.698,174,
ARI,2020,9,8,27,0.2963,0.5556,0.3312,-0.0349,0.1767,0.2781,5.616,202,
ATL,2020,9,9,28,0.5,0.4643,0.3058,0.1942,0.1767,0.2781,5.616,202,
BAL,2020,9,8,25,0.16,0.32,0.2657,-0.1057,0.1767,0.2781,5.616,202,
BUF,2020,9,9,43,0.2791,0.6047,0.3448,-0.0658,0.1767,0.2781,5.616,202,
CAR,2020,9,9,51,0.2549,0.3137,0.2639,-0.009,0.1767,0.2781,5.616,202,
CHI,2020,9,9,35,0.3429,0.4,0.2879,0.0549,0.1767,0.2781,5.616,202,
DAL,2020,9,9,39,0.4615,0.4359,0.2979,0.1636,0.1767,0.2781,5.616,202,
DEN,2020,9,8,28,0.7143,0.4286,0.2959,0.4184,0.1767,0.2781,5.616,202,
DET,2020,9,8,30,0.2,0.2667,0.2509,-0.0509,0.1767,0.2781,5.616,202,
GB,2020,9,8,29,0.1724,0.3793,0.2822,-0.1098,0.1767,0.2781,5.616,202,
HOU,2020,9,8,32,0.25,0.625,0.3505,-0.1005,0.1767,0.2781,5.616,202,
IND,2020,9,8,30,0.2333,0.4,0.2879,-0.0546,0.1767,0.2781,5.616,202,
JAX,2020,9,8,39,0.1795,0.359,0.2765,-0.097,0.1767,0.2781,5.616,202,
KC,2020,9,9,46,0.1739,0.2174,0.2371,-0.0632,0.1767,0.2781,5.616,202,
LAC,2020,9,8,43,0.2791,0.1163,0.209,0.07,0.1767,0.2781,5.616,202,
LV,2020,9,8,24,0.2083,0.25,0.2462,-0.0379,0.1767,0.2781,5.616,202,
MIA,2020,9,8,30,0.1,0.5667,0.3343,-0.2343,0.1767,0.2781,5.616,202,
MIN,2020,9,8,19,0.2105,0.3158,0.2645,-0.054,0.1767,0.2781,5.616,202,
NE,2020,9,8,34,0.1471,0.6765,0.3648,-0.2178,0.1767,0.2781,5.616,202,
NO,2020,9,8,31,0.1935,0.5806,0.3382,-0.1446,0.1767,0.2781,5.616,202,
NYG,2020,9,9,39,0.3077,0.4872,0.3122,-0.0045,0.1767,0.2781,5.616,202,
NYJ,2020,9,9,26,0.1538,0.4615,0.305,-0.1512,0.1767,0.2781,5.616,202,
PIT,2020,9,8,46,0.087,0.1739,0.2251,-0.1381,0.1767,0.2781,5.616,202,
SEA,2020,9,8,31,0.5484,0.5806,0.3382,0.2102,0.1767,0.2781,5.616,202,
SF,2020,9,9,23,0.4348,0.3478,0.2734,0.1614,0.1767,0.2781,5.616,202,
TB,2020,9,9,35,0.4286,0.3429,0.272,0.1565,0.1767,0.2781,5.616,202,
TEN,2020,9,8,18,0.3889,0.5,0.3157,0.0731,0.1767,0.2781,5.616,202,
WAS,2020,9,8,41,0.2195,0.2683,0.2513,-0.0318,0.1767,0.2781,5.616,202,
ARI,2020,10,9,35,0.1429,0.4286,0.2927,-0.1498,0.1762,0.2717,5.797,230,
BAL,2020,10,9,35,0.3429,0.0571,0.1917,0.1511,0.1762,0.2717,5.797,230,
BUF,2020,10,10,50,0.2,0.54,0.3229,-0.1229,0.1762,0.2717,5.797,230,
CAR,2020,10,10,24,0.375,0.4167,0.2894,0.0856,0.1762,0.2717,5.797,230,
CHI,2020,10,10,31,0.3548,0.4194,0.2902,0.0647,0.1762,0.2717,5.797,230,
CIN,2020,10,9,37,0.3243,0.4595,0.301,0.0233,0.1762,0.2717,5.797,230,
CLE,2020,10,9,20,0.15,0.4,0.2849,-0.1349,0.1762,0.2717,5.797,230,
DEN,2020,10,9,29,0.5172,0.4483,0.298,0.2192,0.1762,0.2717,5.797,230,
DET,2020,10,9,34,0.1471,0.3235,0.2641,-0.1171,0.1762,0.2717,5.797,230,
GB,2020,10,9,35,0.1429,0.2857,0.2538,-0.111,0.1762,0.2717,5.797,230,
HOU,2020,10,9,32,0.125,0.4062,0.2866,-0.1616,0.1762,0.2717,5.797,230,
IND,2020,10,9,38,0.0789,0.1579,0.2191,-0.1402,0.1762,0.2717,5.797,230,
JAX,2020,10,9,38,0.2105,0.3421,0.2692,-0.0586,0.1762,0.2717,5.797,230,
LA,2020,10,9,39,0.2051,0.5385,0.3225,-0.1174,0.1762,0.2717,5.797,230,
LAC,2020,10,9,25,0.36,0.6,0.3392,0.0208,0.1762,0.2717,5.797,230,
LV,2020,10,9,23,0.087,0.2174,0.2353,-0.1483,0.1762,0.2717,5.797,230,
MIA,2020,10,9,25,0.04,0.4,0.2849,-0.2449,0.1762,0.2717,5.797,230,
MIN,2020,10,9,37,0.1892,0.1892,0.2276,-0.0384,0.1762,0.2717,5.797,230,
NE,2020,10,9,19,0.3684,0.6842,0.3621,0.0063,0.1762,0.2717,5.797,230,
NO,2020,10,9,26,0.1923,0.2692,0.2494,-0.057,0.1762,0.2717,5.797,230,
NYG,2020,10,10,30,0.2667,0.3,0.2577,0.009,0.1762,0.2717,5.797,230,
PHI,2020,10,9,36,0.3611,0.4444,0.297,0.0641,0.1762,0.2717,5.797,230,
PIT,2020,10,9,44,0.2045,0.3864,0.2812,-0.0766,0.1762,0.2717,5.797,230,
SEA,2020,10,9,36,0.4444,0.3611,0.2743,0.1701,0.1762,0.2717,5.797,230,
SF,2020,10,10,32,0.375,0.5625,0.3291,0.0459,0.1762,0.2717,5.797,230,
TB,2020,10,10,38,0.3158,0.3684,0.2763,0.0395,0.1762,0.2717,5.797,230,
TEN,2020,10,9,21,0.3333,0.1905,0.228,0.1054,0.1762,0.2717,5.797,230,
WAS,2020,10,9,57,0.2982,0.0702,0.1953,0.103,0.1762,0.2717,5.797,230,
ARI,2020,11,10,45,0.3333,0.3556,0.273,0.0603,0.1712,0.2865,6.327,258,
ATL,2020,11,10,29,0.4828,0.6897,0.3687,0.114,0.1712,0.2865,6.327,258,
BAL,2020,11,10,31,0.129,0.1613,0.2174,-0.0883,0.1712,0.2865,6.327,258,
CAR,2020,11,11,33,0.1212,0.4242,0.2927,-0.1715,0.1712,0.2865,6.327,258,
CIN,2020,11,10,42,0.3333,0.5714,0.3348,-0.0015,0.1712,0.2865,6.327,258,
CLE,2020,11,10,23,0.2609,0.3043,0.2583,0.0025,0.1712,0.2865,6.327,258,
DAL,2020,11,10,33,0.0909,0.2424,0.2406,-0.1497,0.1712,0.2865,6.327,258,
DEN,2020,11,10,29,0.2414,0.4483,0.2996,-0.0582,0.1712,0.2865,6.327,258,
DET,2020,11,10,22,0.5,0.5909,0.3404,0.1596,0.1712,0.2865,6.327,258,
GB,2020,11,10,37,0.0811,0.1351,0.2099,-0.1288,0.1712,0.2865,6.327,258,
HOU,2020,11,10,37,0.2703,0.1081,0.2021,0.0682,0.1712,0.2865,6.327,258,
IND,2020,11,10,37,0.1892,0.2162,0.2331,-0.0439,0.1712,0.2865,6.327,258,
JAX,2020,11,10,27,0.4444,0.6296,0.3515,0.0929,0.1712,0.2865,6.327,258,
KC,2020,11,10,46,0.1304,0.1957,0.2272,-0.0968,0.1712,0.2865,6.327,258,
LA,2020,11,10,50,0.12,0.4,0.2857,-0.1657,0.1712,0.2865,6.327,258,
LAC,2020,11,10,47,0.2979,0.4255,0.293,0.0048,0.1712,0.2865,6.327,258,
LV,2020,11,10,31,0.129,0.3226,0.2636,-0.1345,0.1712,0.2865,6.327,258,
MIA,2020,11,10,44,0.2727,0.3636,0.2753,-0.0026,0.1712,0.2865,6.327,258,
MIN,2020,11,10,32,0.4375,0.375,0.2786,0.1589,0.1712,0.2865,6.327,258,
NE,2020,11,10,40,0.475,0.45,0.3001,0.1749,0.1712,0.2865,6.327,258,
NO,2020,11,10,25,0.28,0.32,0.2628,0.0172,0.1712,0.2865,6.327,258,
NYJ,2020,11,10,23,0.4783,0.2609,0.2459,0.2324,0.1712,0.2865,6.327,258,
PHI,2020,11,10,24,0.5833,0.3333,0.2666,0.3167,0.1712,0.2865,6.327,258,
PIT,2020,11,10,36,0.0833,0.5278,0.3223,-0.239,0.1712,0.2865,6.327,258,
SEA,2020,11,10,31,0.4194,0.3226,0.2636,0.1558,0.1712,0.2865,6.327,258,
TB,2020,11,11,49,0.102,0.1837,0.2238,-0.1217,0.1712,0.2865,6.327,258,
TEN,2020,11,10,34,0.2941,0.5588,0.3312,-0.0371,0.1712,0.2865,6.327,258,
WAS,2020,11,10,26,0.2308,0.3462,0.2703,-0.0395,0.1712,0.2865,6.327,258,
ARI,2020,12,11,36,0.1389,0.25,0.2449,-0.106,0.1719,0.292,6.847,290,
ATL,2020,12,11,38,0.3421,0.2632,0.2488,0.0933,0.1719,0.292,6.847,290,
BAL,2020,12,11,15,0.4667,0.5333,0.3276,0.139,0.1719,0.292,6.847,290,
BUF,2020,12,11,28,0.25,0.25,0.2449,0.0051,0.1719,0.292,6.847,290,
CAR,2020,12,12,35,0.1714,0.2571,0.247,-0.0756,0.1719,0.292,6.847,290,
CHI,2020,12,11,28,0.3929,0.25,0.2449,0.1479,0.1719,0.292,6.847,290,
CIN,2020,12,11,31,0.3226,0.1613,0.219,0.1036,0.1719,0.292,6.847,290,
CLE,2020,12,11,30,0.1333,0.3333,0.2693,-0.1359,0.1719,0.292,6.847,290,
DAL,2020,12,11,32,0.1562,0.5312,0.327,-0.1708,0.1719,0.292,6.847,290,
DEN,2020,12,11,9,0.6667,0.5556,0.3341,0.3325,0.1719,0.292,6.847,290,
DET,2020,12,11,23,0.5652,0.9565,0.4512,0.114,0.1719,0.292,6.847,290,
GB,2020,12,11,25,0.08,0.44,0.3004,-0.2204,0.1719,0.292,6.847,290,
HOU,2020,12,11,26,0.3462,0.2308,0.2393,0.1068,0.1719,0.292,6.847,290,
IND,2020,12,11,29,0.3448,0.4138,0.2927,0.0521,0.1719,0.292,6.847,290,
JAX,2020,12,11,36,0.0556,0.2222,0.2368,-0.1813,0.1719,0.292,6.847,290,
KC,2020,12,11,51,0.2745,0.1765,0.2235,0.0511,0.1719,0.292,6.847,290,
LA,2020,12,11,33,0.2121,0.2727,0.2516,-0.0394,0.1719,0.292,6.847,290,
LAC,2020,12,11,45,0.2889,0.6222,0.3536,-0.0647,0.1719,0.292,6.847,290,
LV,2020,12,11,35,0.4286,0.4857,0.3137,0.1148,0.1719,0.292,6.847,290,
MIA,2020,12,11,42,0.4762,0.6667,0.3666,0.1096,0.1719,0.292,6.847,290,
MIN,2020,12,11,47,0.2766,0.3404,0.2713,0.0053,0.1719,0.292,6.847,290,
NE,2020,12,11,20,0.25,0.5,0.3179,-0.0679,0.1719,0.292,6.847,290,
NO,2020,12,11,17,0.4706,0.1765,0.2235,0.2471,0.1719,0.292,6.847,290,
NYG,2020,12,11,38,0.1053,0.3421,0.2718,-0.1665,0.1719,0.292,6.847,290,
NYJ,2020,12,11,29,0.4828,0.4483,0.3028,0.18,0.1719,0.292,6.847,290,
PHI,2020,12,11,43,0.3488,0.5349,0.3281,0.0207,0.1719,0.292,6.847,290,
PIT,2020,12,11,43,0.2326,0.4186,0.2941,-0.0616,0.1719,0.292,6.847,290,
SEA,2020,12,11,32,0.2812,0.125,0.2084,0.0728,0.1719,0.292,6.847,290,
SF,2020,12,11,37,0.2703,0.1351,0.2114,0.0589,0.1719,0.292,6.847,290,
TB,2020,12,12,36,0.25,0.5,0.3179,-0.0679,0.1719,0.292,6.847,290,
TEN,2020,12,11,20,0.35,0.35,0.2741,0.0759,0.1719,0.292,6.847,290,
WAS,2020,12,11,29,0.3103,0.3103,0.2625,0.0478,0.1719,0.292,6.847,290,
ARI,2020,13,12,35,0.2857,0.3143,0.2655,0.0202,0.1781,0.2781,6.537,320,
ATL,2020,13,12,42,0.2619,0.2143,0.2377,0.0242,0.1781,0.2781,6.537,320,
BAL,2020,13,12,14,0.1429,0.0,0.1781,-0.0353,0.1781,0.2781,6.537,320,
BUF,2020,13,12,39,0.1795,0.3077,0.2637,-0.0842,0.1781,0.2781,6.537,320,
CHI,2020,13,12,33,0.0909,0.3333,0.2708,-0.1799,0.1781,0.2781,6.537,320,
CIN,2020,13,12,21,0.5238,0.5714,0.337,0.1868,0.1781,0.2781,6.537,320,
CLE,2020,13,12,31,0.0968,0.4194,0.2947,-0.1979,0.1781,0.2781,6.537,320,
DAL,2020,13,12,32,0.2812,0.4375,0.2998,-0.0185,0.1781,0.2781,6.537,320,
DEN,2020,13,12,29,0.2069,0.4483,0.3028,-0.0959,0.1781,0.2781,6.537,320,
DET,2020,13,12,42,0.1905,0.1429,0.2178,-0.0274,0.1781,0.2781,6.537,320,
GB,2020,13,12,30,0.3,0.2333,0.243,0.057,0.1781,0.2781,6.537,320,
HOU,2020,13,12,43,0.3256,0.1395,0.2169,0.1087,0.1781,0.2781,6.537,320,
IND,2020,13,12,38,0.1579,0.3684,0.2806,-0.1227,0.1781,0.2781,6.537,320,
JAX,2020,13,12,44,0.1818,0.2045,0.235,-0.0532,0.1781,0.2781,6.537,320,
KC,2020,13,12,41,0.2195,0.2927,0.2595,-0.04,0.1781,0.2781,6.537,320,
LA,2020,13,12,47,0.3404,0.3191,0.2669,0.0736,0.1781,0.2781,6.537,320,
LAC,2020,13,12,34,0.7353,0.1471,0.219,0.5163,0.1781,0.2781,6.537,320,
LV,2020,13,12,48,0.1875,0.5833,0.3403,-0.1528,0.1781,0.2781,6.537,320,
MIA,2020,13,12,36,0.1111,0.4444,0.3017,-0.1906,0.1781,0.2781,6.537,320,
MIN,2020,13,12,47,0.3191,0.4043,0.2905,0.0286,0.1781,0.2781,6.537,320,
NE,2020,13,12,20,0.2,0.5,0.3171,-0.1171,0.1781,0.2781,6.537,320,
NO,2020,13,12,37,0.1351,0.4865,0.3134,-0.1783,0.1781,0.2781,6.537,320,
NYG,2020,13,12,25,0.24,0.44,0.3005,-0.0605,0.1781,0.2781,6.537,320,
NYJ,2020,13,12,27,0.3704,0.3333,0.2708,0.0996,0.1781,0.2781,6.537,320,
PHI,2020,13,12,24,0.5833,0.4167,0.294,0.2894,0.1781,0.2781,6.537,320,
PIT,2020,13,12,51,0.1176,0.1765,0.2272,-0.1095,0.1781,0.2781,6.537,320,
SEA,2020,13,12,46,0.3261,0.3261,0.2688,0.0573,0.1781,0.2781,6.537,320,
SF,2020,13,12,20,0.7,0.5,0.3171,0.3829,0.1781,0.2781,6.537,320,
TEN,2020,13,12,29,0.3103,0.1724,0.2261,0.0843,0.1781,0.2781,6.537,320,
WAS,2020,13,12,49,0.3061,0.2857,0.2576,0.0486,0.1781,0.2781,6.537,320,
ARI,2020,14,13,29,0.2759,0.2414,0.2461,0.0297,0.1775,0.2841,6.89,352,
ATL,2020,14,13,35,0.2571,0.1429,0.2181,0.039,0.1775,0.2841,6.89,352,
BAL,2020,14,13,24,0.1667,0.1667,0.2249,-0.0582,0.1775,0.2841,6.89,352,
BUF,2020,14,13,41,0.3415,0.6585,0.3647,-0.0232,0.1775,0.2841,6.89,352,
CAR,2020,14,13,43,0.2558,0.2093,0.237,0.0188,0.1775,0.2841,6.89,352,
CHI,2020,14,13,30,0.2333,0.4,0.2912,-0.0579,0.1775,0.2841,6.89,352,
CIN,2020,14,13,36,0.1667,0.0556,0.1933,-0.0267,0.1775,0.2841,6.89,352,
CLE,2020,14,13,49,0.1633,0.4694,0.3109,-0.1476,0.1775,0.2841,6.89,352,
DAL,2020,14,13,21,0.1905,0.4762,0.3128,-0.1224,0.1775,0.2841,6.89,352,
DEN,2020,14,13,29,0.2759,0.5862,0.3441,-0.0682,0.1775,0.2841,6.89,352,
DET,2020,14,13,40,0.15,0.35,0.277,-0.127,0.1775,0.2841,6.89,352,
GB,2020,14,13,32,0.0312,0.125,0.2131,-0.1818,0.1775,0.2841,6.89,352,
HOU,2020,14,13,28,0.5,0.3214,0.2689,0.2311,0.1775,0.2841,6.89,352,
IND,2020,14,13,28,0.1071,0.2143,0.2384,-0.1313,0.1775,0.2841,6.89,352,
JAX,2020,14,13,30,0.2,0.2667,0.2533,-0.0533,0.1775,0.2841,6.89,352,
KC,2020,14,13,34,0.2353,0.3529,0.2778,-0.0425,0.1775,0.2841,6.89,352,
LA,2020,14,13,22,0.3182,0.2273,0.2421,0.0761,0.1775,0.2841,6.89,352,
LAC,2020,14,13,45,0.2222,0.2889,0.2596,-0.0374,0.1775,0.2841,6.89,352,
LV,2020,14,13,32,0.25,0.125,0.2131,0.0369,0.1775,0.2841,6.89,352,
MIA,2020,14,13,43,0.2326,0.4186,0.2965,-0.0639,0.1775,0.2841,6.89,352,
MIN,2020,14,13,33,0.6364,0.4242,0.2981,0.3383,0.1775,0.2841,6.89,352,
NE,2020,14,13,17,0.5882,0.5882,0.3447,0.2436,0.1775,0.2841,6.89,352,
NO,2020,14,13,40,0.4,0.2,0.2344,0.1656,0.1775,0.2841,6.89,352,
NYG,2020,14,13,20,0.7,0.4,0.2912,0.4088,0.1775,0.2841,6.89,352,
NYJ,2020,14,13,26,0.3462,0.3846,0.2868,0.0593,0.1775,0.2841,6.89,352,
PHI,2020,14,13,29,0.2069,0.4138,0.2951,-0.0882,0.1775,0.2841,6.89,352,
PIT,2020,14,13,39,0.2821,0.359,0.2795,0.0025,0.1775,0.2841,6.89,352,
SEA,2020,14,13,27,0.2222,0.3704,0.2828,-0.0606,0.1775,0.2841,6.89,352,
SF,2020,14,13,43,0.4419,0.5349,0.3295,0.1123,0.1775,0.2841,6.89,352,
TB,2020,14,13,21,0.1905,0.3333,0.2722,-0.0818,0.1775,0.2841,6.89,352,
TEN,2020,14,13,23,0.3043,0.2609,0.2517,0.0527,0.1775,0.2841,6.89,352,
WAS,2020,14,13,34,0.3235,0.2353,0.2444,0.0791,0.1775,0.2841,6.89,352,
ARI,2020,15,14,38,0.1579,0.2632,0.2529,-0.095,0.1837,0.2632,6.614,384,
ATL,2020,15,14,52,0.1154,0.4423,0.3001,-0.1847,0.1837,0.2632,6.614,384,
BAL,2020,15,14,18,0.1667,0.5,0.3153,-0.1486,0.1837,0.2632,6.614,384,
BUF,2020,15,14,39,0.3077,0.4615,0.3051,0.0025,0.1837,0.2632,6.614,384,
CAR,2020,15,14,30,0.3,0.3333,0.2714,0.0286,0.1837,0.2632,6.614,384,
CHI,2020,15,14,22,0.1364,0.3636,0.2794,-0.143,0.1837,0.2632,6.614,384,
CIN,2020,15,14,15,0.4,0.4,0.289,0.111,0.1837,0.2632,6.614,384,
CLE,2020,15,14,30,0.2333,0.4333,0.2977,-0.0644,0.1837,0.2632,6.614,384,
DAL,2020,15,14,36,0.1667,0.4444,0.3006,-0.134,0.1837,0.2632,6.614,384,
DEN,2020,15,14,26,0.3077,0.3846,0.2849,0.0228,0.1837,0.2632,6.614,384,
DET,2020,15,14,31,0.2258,0.3871,0.2856,-0.0597,0.1837,0.2632,6.614,384,
GB,2020,15,14,29,0.3448,0.3448,0.2744,0.0704,0.1837,0.2632,6.614,384,
HOU,2020,15,14,46,0.3696,0.1522,0.2237,0.1458,0.1837,0.2632,6.614,384,
IND,2020,15,14,30,0.1667,0.3,0.2626,-0.096,0.1837,0.2632,6.614,384,
JAX,2020,15,14,27,0.3333,0.6667,0.3591,-0.0258,0.1837,0.2632,6.614,384,
KC,2020,15,14,48,0.4167,0.1458,0.2221,0.1946,0.1837,0.2632,6.614,384,
LA,2020,15,14,37,0.2973,0.3243,0.269,0.0283,0.1837,0.2632,6.614,384,
LAC,2020,15,14,33,0.303,0.2121,0.2395,0.0635,0.1837,0.2632,6.614,384,
LV,2020,15,14,33,0.2424,0.1212,0.2156,0.0268,0.1837,0.2632,6.614,384,
MIA,2020,15,14,29,0.1724,0.2069,0.2381,-0.0657,0.1837,0.2632,6.614,384,
MIN,2020,15,14,37,0.4865,0.2703,0.2548,0.2317,0.1837,0.2632,6.614,384,
NE,2020,15,14,26,0.1923,0.3846,0.2849,-0.0926,0.1837,0.2632,6.614,384,
NO,2020,15,14,35,0.2,0.1429,0.2213,-0.0213,0.1837,0.2632,6.614,384,
NYG,2020,15,14,18,0.4444,0.2778,0.2568,0.1877,0.1837,0.2632,6.614,384,
NYJ,2020,15,14,33,0.2121,0.3636,0.2794,-0.0673,0.1837,0.2632,6.614,384,
PHI,2020,15,14,48,0.25,0.5208,0.3208,-0.0708,0.1837,0.2632,6.614,384,
PIT,2020,15,14,37,0.3243,0.4054,0.2904,0.034,0.1837,0.2632,6.614,384,
SEA,2020,15,14,26,0.2692,0.3077,0.2647,0.0046,0.1837,0.2632,6.614,384,
SF,2020,15,14,35,0.2857,0.3714,0.2814,0.0043,0.1837,0.2632,6.614,384,
TB,2020,15,14,48,0.25,0.4375,0.2988,-0.0488,0.1837,0.2632,6.614,384,
TEN,2020,15,14,22,0.0909,0.5455,0.3272,-0.2363,0.1837,0.2632,6.614,384,
WAS,2020,15,14,59,0.1695,0.339,0.2729,-0.1034,0.1837,0.2632,6.614,384,
ARI,2020,16,15,49,0.1224,0.3673,0.283,-0.1605,0.1793,0.2821,7.474,416,
ATL,2020,16,15,39,0.3846,0.4872,0.3168,0.0679,0.1793,0.2821,7.474,416,
BAL,2020,16,15,22,0.5,0.2273,0.2435,0.2565,0.1793,0.2821,7.474,416,
BUF,2020,16,15,34,0.1471,0.2941,0.2623,-0.1152,0.1793,0.2821,7.474,416,
CAR,2020,16,15,29,0.2414,0.3793,0.2863,-0.045,0.1793,0.2821,7.474,416,
CHI,2020,16,15,34,0.3824,0.3824,0.2872,0.0952,0.1793,0.2821,7.474,416,
CIN,2020,16,15,38,0.1053,0.3158,0.2684,-0.1632,0.1793,0.2821,7.474,416,
CLE,2020,16,15,55,0.2909,0.2727,0.2563,0.0346,0.1793,0.2821,7.474,416,
DAL,2020,16,15,29,0.2414,0.2414,0.2474,-0.0061,0.1793,0.2821,7.474,416,
DEN,2020,16,15,48,0.2292,0.0833,0.2029,0.0263,0.1793,0.2821,7.474,416,
DET,2020,16,15,24,0.5417,0.4583,0.3086,0.233,0.1793,0.2821,7.474,416,
GB,2020,16,15,22,0.1364,0.6364,0.3588,-0.2225,0.1793,0.2821,7.474,416,
HOU,2020,16,15,32,0.2812,0.1875,0.2322,0.049,0.1793,0.2821,7.474,416,
IND,2020,16,15,39,0.3077,0.2564,0.2517,0.056,0.1793,0.2821,7.474,416,
JAX,2020,16,15,25,0.32,0.16,0.2245,0.0955,0.1793,0.2821,7.474,416,
KC,2020,16,15,45,0.2,0.4222,0.2984,-0.0984,0.1793,0.2821,7.474,416,
LA,2020,16,15,39,0.4359,0.2821,0.2589,0.177,0.1793,0.2821,7.474,416,
LAC,2020,16,15,35,0.2286,0.2286,0.2438,-0.0152,0.1793,0.2821,7.474,416,
LV,2020,16,15,36,0.25,0.4444,0.3047,-0.0547,0.1793,0.2821,7.474,416,
MIA,2020,16,15,38,0.2105,0.4474,0.3055,-0.095,0.1793,0.2821,7.474,416,
MIN,2020,16,15,30,0.4,0.5667,0.3392,0.0608,0.1793,0.2821,7.474,416,
NE,2020,16,15,17,0.5882,0.6471,0.3619,0.2264,0.1793,0.2821,7.474,416,
NO,2020,16,15,22,0.1364,0.2727,0.2563,-0.1199,0.1793,0.2821,7.474,416,
NYG,2020,16,15,24,0.8333,1.1667,0.5084,0.3249,0.1793,0.2821,7.474,416,
NYJ,2020,16,15,35,0.2857,0.1714,0.2277,0.058,0.1793,0.2821,7.474,416,
PHI,2020,16,15,31,0.3871,0.1613,0.2248,0.1623,0.1793,0.2821,7.474,416,
PIT,2020,16,15,50,0.06,0.1,0.2076,-0.1476,0.1793,0.2821,7.474,416,
SEA,2020,16,15,36,0.3611,0.3889,0.289,0.0721,0.1793,0.2821,7.474,416,
SF,2020,16,15,23,0.3043,0.3478,0.2775,0.0269,0.1793,0.2821,7.474,416,
TB,2020,16,15,38,0.1316,0.2895,0.261,-0.1294,0.1793,0.2821,7.474,416,
TEN,2020,16,15,19,0.4211,0.3684,0.2833,0.1378,0.1793,0.2821,7.474,416,
WAS,2020,16,15,34,0.3824,0.1471,0.2208,0.1615,0.1793,0.2821,7.474,416,
ARI,2020,17,16,28,0.2143,0.25,0.2481,-0.0338,0.1797,0.2738,7.592,448,
ATL,2020,17,16,41,0.2439,0.5122,0.3199,-0.076,0.1797,0.2738,7.592,448,
BAL,2020,17,16,18,0.1111,0.1667,0.2253,-0.1142,0.1797,0.2738,7.592,448,
BUF,2020,17,16,34,0.2647,0.6176,0.3488,-0.0841,0.1797,0.2738,7.592,448,
CAR,2020,17,16,29,0.2759,0.6207,0.3496,-0.0737,0.1797,0.2738,7.592,448,
CHI,2020,17,16,32,0.25,0.1875,0.231,0.019,0.1797,0.2738,7.592,448,
CIN,2020,17,16,17,0.1765,0.5882,0.3407,-0.1642,0.1797,0.2738,7.592,448,
CLE,2020,17,16,29,0.2069,0.3793,0.2835,-0.0766,0.1797,0.2738,7.592,448,
DAL,2020,17,16,53,0.2075,0.2642,0.252,-0.0444,0.1797,0.2738,7.592,448,
DEN,2020,17,16,44,0.2045,0.4318,0.2979,-0.0933,0.1797,0.2738,7.592,448,
DET,2020,17,16,34,0.1176,0.2941,0.2602,-0.1425,0.1797,0.2738,7.592,448,
GB,2020,17,16,24,0.25,0.1667,0.2253,0.0247,0.1797,0.2738,7.592,448,
HOU,2020,17,16,45,0.2222,0.3111,0.2648,-0.0426,0.1797,0.2738,7.592,448,
IND,2020,17,16,27,0.1111,0.1481,0.2202,-0.1091,0.1797,0.2738,7.592,448,
JAX,2020,17,16,41,0.3171,0.2195,0.2398,0.0773,0.1797,0.2738,7.592,448,
KC,2020,17,16,27,0.2222,0.1852,0.2304,-0.0081,0.1797,0.2738,7.592,448,
LA,2020,17,16,38,0.2368,0.4737,0.3093,-0.0725,0.1797,0.2738,7.592,448,
LAC,2020,17,16,34,0.2353,0.2647,0.2521,-0.0168,0.1797,0.2738,7.592,448,
LV,2020,17,16,42,0.2381,0.1429,0.2188,0.0193,0.1797,0.2738,7.592,448,
MIA,2020,17,16,42,0.1429,0.3333,0.2709,-0.1281,0.1797,0.2738,7.592,448,
MIN,2020,17,16,43,0.186,0.3721,0.2815,-0.0955,0.1797,0.2738,7.592,448,
NE,2020,17,16,34,0.2353,0.4412,0.3004,-0.0652,0.1797,0.2738,7.592,448,
NO,2020,17,16,30,0.2,0.3667,0.28,-0.08,0.1797,0.2738,7.592,448,
NYG,2020,17,16,27,0.2593,0.2593,0.2506,0.0086,0.1797,0.2738,7.592,448,
NYJ,2020,17,16,31,0.2903,0.3548,0.2768,0.0135,0.1797,0.2738,7.592,448,
PHI,2020,17,16,33,0.4545,0.4545,0.3041,0.1504,0.1797,0.2738,7.592,448,
PIT,2020,17,16,38,0.4211,0.2895,0.2589,0.1621,0.1797,0.2738,7.592,448,
SEA,2020,17,16,37,0.2432,0.4865,0.3129,-0.0696,0.1797,0.2738,7.592,448,
SF,2020,17,16,36,0.2778,0.25,0.2481,0.0297,0.1797,0.2738,7.592,448,
TB,2020,17,16,36,0.1667,0.3889,0.2861,-0.1195,0.1797,0.2738,7.592,448,
TEN,2020,17,16,29,0.3103,0.5172,0.3213,-0.0109,0.1797,0.2738,7.592,448,
WAS,2020,17,16,35,0.3429,0.2,0.2344,0.1084,0.1797,0.2738,7.592,448,
ARI,2021,1,1,33,0.2727,0.2121,,,,,,0,pool<32
ATL,2021,1,1,24,0.5,0.1667,,,,,,0,pool<32
BAL,2021,1,1,33,0.303,0.0909,,,,,,0,pool<32
BUF,2021,1,1,45,0.4222,0.0222,,,,,,0,pool<32
CAR,2021,1,1,33,0.3939,0.3636,,,,,,0,pool<32
CHI,2021,1,1,36,0.1944,0.4444,,,,,,0,pool<32
CIN,2021,1,1,31,0.3226,0.3226,,,,,,0,pool<32
CLE,2021,1,1,30,0.2667,0.2667,,,,,,0,pool<32
DAL,2021,1,1,59,0.1525,0.5424,,,,,,0,pool<32
DEN,2021,1,1,37,0.2432,0.4865,,,,,,0,pool<32
DET,2021,1,1,35,0.2857,0.1714,,,,,,0,pool<32
GB,2021,1,1,26,0.3846,0.1923,,,,,,0,pool<32
HOU,2021,1,1,29,0.4483,0.3793,,,,,,0,pool<32
IND,2021,1,1,33,0.3939,0.3333,,,,,,0,pool<32
JAX,2021,1,1,30,0.2333,0.2,,,,,,0,pool<32
KC,2021,1,1,39,0.2564,0.2564,,,,,,0,pool<32
LA,2021,1,1,23,0.1304,0.3478,,,,,,0,pool<32
LAC,2021,1,1,49,0.1429,0.3265,,,,,,0,pool<32
LV,2021,1,1,57,0.2281,0.386,,,,,,0,pool<32
MIA,2021,1,1,29,0.2414,0.1724,,,,,,0,pool<32
MIN,2021,1,1,52,0.3077,0.3846,,,,,,0,pool<32
NE,2021,1,1,40,0.3,0.525,,,,,,0,pool<32
NO,2021,1,1,19,0.1579,0.2632,,,,,,0,pool<32
NYG,2021,1,1,24,0.125,0.2917,,,,,,0,pool<32
NYJ,2021,1,1,35,0.4571,0.3143,,,,,,0,pool<32
PHI,2021,1,1,29,0.2069,0.4828,,,,,,0,pool<32
PIT,2021,1,1,34,0.2941,0.2941,,,,,,0,pool<32
SEA,2021,1,1,22,0.2727,0.1818,,,,,,0,pool<32
SF,2021,1,1,20,0.25,0.7,,,,,,0,pool<32
TB,2021,1,1,50,0.06,0.22,,,,,,0,pool<32
TEN,2021,1,1,35,0.3429,0.3714,,,,,,0,pool<32
WAS,2021,1,1,22,0.3636,0.2273,,,,,,0,pool<32
ARI,2021,2,2,39,0.2308,0.1538,,,,,,0,pool<32
ATL,2021,2,2,42,0.2857,0.4048,,,,,,0,pool<32
BAL,2021,2,2,28,0.0714,0.4286,,,,,,0,pool<32
BUF,2021,2,2,29,0.2759,0.3448,,,,,,0,pool<32
CAR,2021,2,2,35,0.2571,0.3429,,,,,,0,pool<32
CHI,2021,2,2,23,0.2174,0.4348,,,,,,0,pool<32
CIN,2021,2,2,28,0.3929,0.1786,,,,,,0,pool<32
CLE,2021,2,2,22,0.0909,0.1818,,,,,,0,pool<32
DAL,2021,2,2,29,0.1034,0.1724,,,,,,0,pool<32
DEN,2021,2,2,33,0.4848,0.303,,,,,,0,pool<32
DET,2021,2,2,21,0.4762,0.8095,,,,,,0,pool<32
GB,2021,2,2,24,0.25,0.25,,,,,,0,pool<32
HOU,2021,2,2,22,0.1818,0.2727,,,,,,0,pool<32
IND,2021,2,2,40,0.3,0.3,,,,,,0,pool<32
JAX,2021,2,2,34,0.2647,0.2941,,,,,,0,pool<32
KC,2021,2,2,31,0.2258,0.129,,,,,,0,pool<32
LA,2021,2,2,31,0.129,0.2581,,,,,,0,pool<32
LAC,2021,2,2,43,0.2558,0.2093,,,,,,0,pool<32
LV,2021,2,2,39,0.3077,0.2051,,,,,,0,pool<32
MIA,2021,2,2,42,0.3571,0.3333,,,,,,0,pool<32
MIN,2021,2,2,33,0.2121,0.5152,,,,,,0,pool<32
NE,2021,2,2,29,0.1724,0.1379,,,,,,0,pool<32
NO,2021,2,2,20,0.8,0.55,,,,,,0,pool<32
NYG,2021,2,2,36,0.4444,0.4722,,,,,,0,pool<32
NYJ,2021,2,2,15,0.6667,0.5333,,,,,,0,pool<32
PHI,2021,2,2,24,0.2083,0.375,,,,,,0,pool<32
PIT,2021,2,2,41,0.2927,0.0488,,,,,,0,pool<32
SEA,2021,2,2,34,0.3235,0.2059,,,,,,0,pool<32
SF,2021,2,2,30,0.0667,0.0667,,,,,,0,pool<32
TB,2021,2,2,37,0.1622,0.1892,,,,,,0,pool<32
TEN,2021,2,2,43,0.186,0.2326,,,,,,0,pool<32
WAS,2021,2,2,46,0.1957,0.1522,,,,,,0,pool<32
ARI,2021,3,3,32,0.0312,0.125,0.2288,-0.1975,0.1646,0.5131,1.891,32,
ATL,2021,3,3,39,0.2308,0.2821,0.3094,-0.0786,0.1646,0.5131,1.891,32,
BAL,2021,3,3,34,0.3235,0.1471,0.2401,0.0834,0.1646,0.5131,1.891,32,
BUF,2021,3,3,42,0.3571,0.1905,0.2624,0.0948,0.1646,0.5131,1.891,32,
CAR,2021,3,3,35,0.2286,0.2,0.2673,-0.0387,0.1646,0.5131,1.891,32,
CHI,2021,3,3,22,0.5909,0.2273,0.2813,0.3097,0.1646,0.5131,1.891,32,
CIN,2021,3,3,16,0.0,0.3125,0.325,-0.325,0.1646,0.5131,1.891,32,
CLE,2021,3,3,33,0.2424,0.2121,0.2735,-0.0311,0.1646,0.5131,1.891,32,
DAL,2021,3,3,25,0.4,0.2,0.2673,0.1327,0.1646,0.5131,1.891,32,
DEN,2021,3,3,22,0.4091,0.3182,0.3279,0.0812,0.1646,0.5131,1.891,32,
DET,2021,3,3,33,0.2727,0.3939,0.3668,-0.094,0.1646,0.5131,1.891,32,
GB,2021,3,3,32,0.125,0.25,0.2929,-0.1679,0.1646,0.5131,1.891,32,
HOU,2021,3,3,27,0.4074,0.5556,0.4497,-0.0423,0.1646,0.5131,1.891,32,
IND,2021,3,3,31,0.4839,0.4194,0.3798,0.1041,0.1646,0.5131,1.891,32,
JAX,2021,3,3,26,0.4231,0.3462,0.3423,0.0808,0.1646,0.5131,1.891,32,
KC,2021,3,3,46,0.3478,0.1957,0.265,0.0828,0.1646,0.5131,1.891,32,
LA,2021,3,3,33,0.1818,0.3333,0.3357,-0.1539,0.1646,0.5131,1.891,32,
LAC,2021,3,3,40,0.275,0.25,0.2929,-0.0179,0.1646,0.5131,1.891,32,
LV,2021,3,3,46,0.2174,0.3696,0.3543,-0.1369,0.1646,0.5131,1.891,32,
MIA,2021,3,3,50,0.24,0.16,0.2467,-0.0067,0.1646,0.5131,1.891,32,
MIN,2021,3,3,36,0.25,0.3056,0.3214,-0.0714,0.1646,0.5131,1.891,32,
NE,2021,3,3,37,0.3243,0.3784,0.3588,-0.0345,0.1646,0.5131,1.891,32,
NO,2021,3,3,23,0.2609,0.2609,0.2985,-0.0376,0.1646,0.5131,1.891,32,
NYG,2021,3,3,37,0.1892,0.2432,0.2894,-0.1003,0.1646,0.5131,1.891,32,
NYJ,2021,3,3,27,0.6296,0.4444,0.3927,0.2369,0.1646,0.5131,1.891,32,
PHI,2021,3,3,25,0.52,0.36,0.3494,0.1706,0.1646,0.5131,1.891,32,
PIT,2021,3,3,39,0.3077,0.2051,0.2699,0.0378,0.1646,0.5131,1.891,32,
SEA,2021,3,3,26,0.4615,0.2308,0.283,0.1785,0.1646,0.5131,1.891,32,
SF,2021,3,3,44,0.2955,0.2045,0.2696,0.0259,0.1646,0.5131,1.891,32,
TB,2021,3,3,40,0.275,0.325,0.3314,-0.0564,0.1646,0.5131,1.891,32,
TEN,2021,3,3,28,0.0714,0.25,0.2929,-0.2215,0.1646,0.5131,1.891,32,
WAS,2021,3,3,18,0.5,0.2778,0.3072,0.1928,0.1646,0.5131,1.891,32,
ARI,2021,4,4,35,0.3143,0.2,0.2878,0.0265,0.2521,0.1783,1.17,64,
ATL,2021,4,4,43,0.1395,0.3256,0.3102,-0.1706,0.2521,0.1783,1.17,64,
BAL,2021,4,4,33,0.4242,0.8182,0.398,0.0262,0.2521,0.1783,1.17,64,
BUF,2021,4,4,28,0.2143,0.2143,0.2903,-0.076,0.2521,0.1783,1.17,64,
CAR,2021,4,4,29,0.4828,0.3448,0.3136,0.1692,0.2521,0.1783,1.17,64,
CHI,2021,4,4,18,0.2778,0.4444,0.3314,-0.0536,0.2521,0.1783,1.17,64,
CIN,2021,4,4,33,0.1515,0.303,0.3062,-0.1546,0.2521,0.1783,1.17,64,
CLE,2021,4,4,36,0.1944,0.2778,0.3017,-0.1072,0.2521,0.1783,1.17,64,
DAL,2021,4,4,22,0.0455,0.6364,0.3656,-0.3201,0.2521,0.1783,1.17,64,
DEN,2021,4,4,34,0.6471,0.5,0.3413,0.3058,0.2521,0.1783,1.17,64,
DET,2021,4,4,36,0.2778,0.1111,0.2719,0.0058,0.2521,0.1783,1.17,64,
GB,2021,4,4,32,0.4062,0.2812,0.3023,0.104,0.2521,0.1783,1.17,64,
HOU,2021,4,4,13,0.6154,0.1538,0.2796,0.3358,0.2521,0.1783,1.17,64,
IND,2021,4,4,28,0.3214,0.25,0.2967,0.0247,0.2521,0.1783,1.17,64,
JAX,2021,4,4,25,0.2,0.16,0.2806,-0.0806,0.2521,0.1783,1.17,64,
KC,2021,4,4,29,0.1724,0.1379,0.2767,-0.1043,0.2521,0.1783,1.17,64,
LA,2021,4,4,30,0.2333,0.2667,0.2997,-0.0663,0.2521,0.1783,1.17,64,
LAC,2021,4,4,41,0.2195,0.2439,0.2956,-0.0761,0.2521,0.1783,1.17,64,
LV,2021,4,4,29,0.4138,0.2414,0.2952,0.1186,0.2521,0.1783,1.17,64,
MIA,2021,4,4,23,0.5217,0.1739,0.2831,0.2386,0.2521,0.1783,1.17,64,
MIN,2021,4,4,40,0.375,0.225,0.2922,0.0828,0.2521,0.1783,1.17,64,
NE,2021,4,4,46,0.3043,0.4348,0.3296,-0.0253,0.2521,0.1783,1.17,64,
NO,2021,4,4,26,0.1154,0.3846,0.3207,-0.2053,0.2521,0.1783,1.17,64,
NYG,2021,4,4,40,0.225,0.4,0.3234,-0.0984,0.2521,0.1783,1.17,64,
NYJ,2021,4,4,35,0.1143,0.4,0.3234,-0.2092,0.2521,0.1783,1.17,64,
PHI,2021,4,4,41,0.4146,0.4146,0.3261,0.0886,0.2521,0.1783,1.17,64,
PIT,2021,4,4,27,0.2593,0.3704,0.3182,-0.0589,0.2521,0.1783,1.17,64,
SEA,2021,4,4,23,0.5217,0.4348,0.3296,0.1921,0.2521,0.1783,1.17,64,
SF,2021,4,4,27,0.5556,0.2593,0.2983,0.2572,0.2521,0.1783,1.17,64,
TB,2021,4,4,44,0.1364,0.1364,0.2764,-0.1401,0.2521,0.1783,1.17,64,
TEN,2021,4,4,57,0.2456,0.2456,0.2959,-0.0503,0.2521,0.1783,1.17,64,
WAS,2021,4,4,35,0.1143,0.2571,0.298,-0.1837,0.2521,0.1783,1.17,64,
ARI,2021,5,5,33,0.2121,0.1818,0.2743,-0.0622,0.2417,0.1796,1.617,96,
ATL,2021,5,5,46,0.3478,0.3261,0.3002,0.0476,0.2417,0.1796,1.617,96,
BAL,2021,5,5,44,0.0909,0.1591,0.2702,-0.1793,0.2417,0.1796,1.617,96,
BUF,2021,5,5,22,0.1364,0.3636,0.307,-0.1706,0.2417,0.1796,1.617,96,
CAR,2021,5,5,40,0.325,0.175,0.2731,0.0519,0.2417,0.1796,1.617,96,
CHI,2021,5,5,22,0.3182,0.3182,0.2988,0.0194,0.2417,0.1796,1.617,96,
CIN,2021,5,5,42,0.2857,0.1667,0.2716,0.0141,0.2417,0.1796,1.617,96,
CLE,2021,5,5,33,0.1818,0.2727,0.2906,-0.1088,0.2417,0.1796,1.617,96,
DAL,2021,5,5,30,0.2,0.4667,0.3255,-0.1255,0.2417,0.1796,1.617,96,
DEN,2021,5,5,32,0.2812,0.3438,0.3034,-0.0222,0.2417,0.1796,1.617,96,
DET,2021,5,5,38,0.4737,0.1579,0.27,0.2037,0.2417,0.1796,1.617,96,
GB,2021,5,5,40,0.3,0.15,0.2686,0.0314,0.2417,0.1796,1.617,96,
HOU,2021,5,5,32,0.25,0.2812,0.2922,-0.0422,0.2417,0.1796,1.617,96,
IND,2021,5,5,34,0.2353,0.3824,0.3103,-0.075,0.2417,0.1796,1.617,96,
JAX,2021,5,5,24,0.3333,0.375,0.309,0.0243,0.2417,0.1796,1.617,96,
KC,2021,5,5,47,0.1915,0.0426,0.2493,-0.0578,0.2417,0.1796,1.617,96,
LA,2021,5,5,38,0.1316,0.2632,0.2889,-0.1573,0.2417,0.1796,1.617,96,
LAC,2021,5,5,46,0.3043,0.1304,0.2651,0.0393,0.2417,0.1796,1.617,96,
LV,2021,5,5,35,0.1429,0.1429,0.2673,-0.1245,0.2417,0.1796,1.617,96,
MIA,2021,5,5,33,0.3636,0.4545,0.3233,0.0403,0.2417,0.1796,1.617,96,
MIN,2021,5,5,34,0.5,0.2647,0.2892,0.2108,0.2417,0.1796,1.617,96,
NE,2021,5,5,30,0.2,0.1333,0.2656,-0.0656,0.2417,0.1796,1.617,96,
NO,2021,5,5,32,0.3125,0.5938,0.3483,-0.0358,0.2417,0.1796,1.617,96,
NYG,2021,5,5,25,0.48,0.52,0.3351,0.1449,0.2417,0.1796,1.617,96,
NYJ,2021,5,5,25,0.4,0.2,0.2776,0.1224,0.2417,0.1796,1.617,96,
PHI,2021,5,5,40,0.15,0.175,0.2731,-0.1231,0.2417,0.1796,1.617,96,
PIT,2021,5,5,25,0.16,0.36,0.3063,-0.1463,0.2417,0.1796,1.617,96,
SEA,2021,5,5,33,0.3333,0.1818,0.2743,0.059,0.2417,0.1796,1.617,96,
SF,2021,5,5,31,0.2258,0.4194,0.317,-0.0912,0.2417,0.1796,1.617,96,
TB,2021,5,5,36,0.1944,0.2778,0.2916,-0.0971,0.2417,0.1796,1.617,96,
TEN,2021,5,5,24,0.3333,0.375,0.309,0.0243,0.2417,0.1796,1.617,96,
WAS,2021,5,5,40,0.275,0.15,0.2686,0.0064,0.2417,0.1796,1.617,96,
ARI,2021,6,6,29,0.3448,0.4483,0.3076,0.0372,0.2493,0.1299,1.374,124,
BAL,2021,6,6,27,0.3704,0.6296,0.3311,0.0392,0.2493,0.1299,1.374,124,
BUF,2021,6,6,51,0.2745,0.1176,0.2646,0.0099,0.2493,0.1299,1.374,124,
CAR,2021,6,6,42,0.3571,0.4048,0.3019,0.0552,0.2493,0.1299,1.374,124,
CHI,2021,6,6,30,0.2333,0.1667,0.271,-0.0377,0.2493,0.1299,1.374,124,
CIN,2021,6,6,28,0.1786,0.3214,0.2911,-0.1125,0.2493,0.1299,1.374,124,
CLE,2021,6,6,32,0.4688,0.25,0.2818,0.1869,0.2493,0.1299,1.374,124,
DAL,2021,6,6,52,0.1538,0.3846,0.2993,-0.1455,0.2493,0.1299,1.374,124,
DEN,2021,6,6,31,0.4839,0.129,0.2661,0.2178,0.2493,0.1299,1.374,124,
DET,2021,6,6,22,0.3636,0.2273,0.2789,0.0848,0.2493,0.1299,1.374,124,
GB,2021,6,6,26,0.2308,0.1923,0.2743,-0.0435,0.2493,0.1299,1.374,124,
HOU,2021,6,6,35,0.2571,0.3714,0.2976,-0.0405,0.2493,0.1299,1.374,124,
IND,2021,6,6,18,0.4444,0.1667,0.271,0.1735,0.2493,0.1299,1.374,124,
JAX,2021,6,6,43,0.186,0.3488,0.2947,-0.1086,0.2493,0.1299,1.374,124,
KC,2021,6,6,41,0.2439,0.2195,0.2779,-0.034,0.2493,0.1299,1.374,124,
LA,2021,6,6,29,0.1379,0.2414,0.2807,-0.1428,0.2493,0.1299,1.374,124,
LAC,2021,6,6,26,0.2308,0.4231,0.3043,-0.0735,0.2493,0.1299,1.374,124,
LV,2021,6,6,26,0.3462,0.3462,0.2943,0.0518,0.2493,0.1299,1.374,124,
MIA,2021,6,6,47,0.0851,0.2553,0.2825,-0.1974,0.2493,0.1299,1.374,124,
MIN,2021,6,6,46,0.1522,0.3261,0.2917,-0.1395,0.2493,0.1299,1.374,124,
NE,2021,6,6,24,0.2083,0.4583,0.3089,-0.1006,0.2493,0.1299,1.374,124,
NYG,2021,6,6,32,0.2812,0.5312,0.3184,-0.0371,0.2493,0.1299,1.374,124,
PHI,2021,6,6,29,0.3448,0.3103,0.2897,0.0552,0.2493,0.1299,1.374,124,
PIT,2021,6,6,41,0.1951,0.2683,0.2842,-0.0891,0.2493,0.1299,1.374,124,
SEA,2021,6,6,36,0.2778,0.3333,0.2926,-0.0149,0.2493,0.1299,1.374,124,
TB,2021,6,6,38,0.1053,0.2368,0.2801,-0.1748,0.2493,0.1299,1.374,124,
TEN,2021,6,6,29,0.2759,0.3103,0.2897,-0.0138,0.2493,0.1299,1.374,124,
WAS,2021,6,6,37,0.2432,0.3514,0.295,-0.0517,0.2493,0.1299,1.374,124,
ARI,2021,7,7,30,0.2,0.0333,0.2566,-0.0566,0.2525,0.122,1.311,150,
ATL,2021,7,6,41,0.2683,0.2927,0.2882,-0.0199,0.2525,0.122,1.311,150,
BAL,2021,7,7,32,0.5,0.3125,0.2906,0.2094,0.2525,0.122,1.311,150,
CAR,2021,7,7,30,0.4333,0.2,0.2769,0.1564,0.2525,0.122,1.311,150,
CHI,2021,7,7,27,0.3333,0.5926,0.3248,0.0085,0.2525,0.122,1.311,150,
CIN,2021,7,7,38,0.2895,0.3684,0.2975,-0.008,0.2525,0.122,1.311,150,
CLE,2021,7,7,34,0.2059,0.3235,0.292,-0.0861,0.2525,0.122,1.311,150,
DEN,2021,7,7,35,0.2286,0.0857,0.263,-0.0344,0.2525,0.122,1.311,150,
DET,2021,7,7,34,0.1765,0.3529,0.2956,-0.1191,0.2525,0.122,1.311,150,
GB,2021,7,7,32,0.25,0.3438,0.2944,-0.0444,0.2525,0.122,1.311,150,
HOU,2021,7,7,24,0.25,0.5417,0.3186,-0.0686,0.2525,0.122,1.311,150,
IND,2021,7,7,28,0.2143,0.3571,0.2961,-0.0818,0.2525,0.122,1.311,150,
KC,2021,7,7,23,0.7391,0.3478,0.2949,0.4442,0.2525,0.122,1.311,150,
LA,2021,7,7,42,0.0238,0.2619,0.2845,-0.2606,0.2525,0.122,1.311,150,
LV,2021,7,7,32,0.125,0.1875,0.2754,-0.1504,0.2525,0.122,1.311,150,
MIA,2021,7,7,41,0.122,0.1463,0.2704,-0.1484,0.2525,0.122,1.311,150,
NE,2021,7,7,34,0.1176,0.3235,0.292,-0.1743,0.2525,0.122,1.311,150,
NO,2021,7,6,37,0.1892,0.2703,0.2855,-0.0963,0.2525,0.122,1.311,150,
NYG,2021,7,7,33,0.1818,0.3939,0.3006,-0.1187,0.2525,0.122,1.311,150,
NYJ,2021,7,6,29,0.3448,0.3448,0.2946,0.0503,0.2525,0.122,1.311,150,
PHI,2021,7,7,16,0.8125,0.1875,0.2754,0.5371,0.2525,0.122,1.311,150,
SEA,2021,7,7,27,0.4074,0.3704,0.2977,0.1097,0.2525,0.122,1.311,150,
SF,2021,7,6,25,0.2,0.08,0.2623,-0.0623,0.2525,0.122,1.311,150,
TB,2021,7,7,33,0.0606,0.2121,0.2784,-0.2178,0.2525,0.122,1.311,150,
TEN,2021,7,7,28,0.3214,0.3929,0.3004,0.021,0.2525,0.122,1.311,150,
WAS,2021,7,7,17,0.5882,0.1765,0.274,0.3142,0.2525,0.122,1.311,150,
ARI,2021,8,8,35,0.2571,0.1143,0.2515,0.0056,0.2304,0.1844,2.329,180,
ATL,2021,8,7,29,0.3103,0.2414,0.2749,0.0354,0.2304,0.1844,2.329,180,
BUF,2021,8,7,43,0.2558,0.4651,0.3162,-0.0604,0.2304,0.1844,2.329,180,
CAR,2021,8,8,25,0.24,0.28,0.2821,-0.0421,0.2304,0.1844,2.329,180,
CHI,2021,8,8,30,0.2667,0.4333,0.3103,-0.0437,0.2304,0.1844,2.329,180,
CIN,2021,8,8,38,0.2895,0.2368,0.2741,0.0154,0.2304,0.1844,2.329,180,
CLE,2021,8,8,35,0.2857,0.2,0.2673,0.0184,0.2304,0.1844,2.329,180,
DAL,2021,8,7,44,0.1364,0.3409,0.2933,-0.1569,0.2304,0.1844,2.329,180,
DEN,2021,8,8,29,0.2759,0.3793,0.3004,-0.0245,0.2304,0.1844,2.329,180,
DET,2021,8,8,27,0.7407,0.3704,0.2987,0.442,0.2304,0.1844,2.329,180,
GB,2021,8,8,38,0.2368,0.2368,0.2741,-0.0373,0.2304,0.1844,2.329,180,
HOU,2021,8,8,21,0.4286,0.8095,0.3797,0.0488,0.2304,0.1844,2.329,180,
IND,2021,8,8,51,0.2157,0.1961,0.2666,-0.0509,0.2304,0.1844,2.329,180,
JAX,2021,8,7,25,0.6,0.76,0.3706,0.2294,0.2304,0.1844,2.329,180,
KC,2021,8,8,50,0.22,0.12,0.2526,-0.0326,0.2304,0.1844,2.329,180,
LA,2021,8,8,32,0.1562,0.2812,0.2823,-0.126,0.2304,0.1844,2.329,180,
LAC,2021,8,7,28,0.3214,0.25,0.2765,0.0449,0.2304,0.1844,2.329,180,
MIA,2021,8,8,36,0.5556,0.3889,0.3021,0.2534,0.2304,0.1844,2.329,180,
MIN,2021,8,7,37,0.2703,0.1622,0.2603,0.0099,0.2304,0.1844,2.329,180,
NE,2021,8,8,37,0.1351,0.3243,0.2902,-0.1551,0.2304,0.1844,2.329,180,
NO,2021,8,7,40,0.25,0.5,0.3226,-0.0726,0.2304,0.1844,2.329,180,
NYG,2021,8,8,36,0.25,0.3611,0.297,-0.047,0.2304,0.1844,2.329,180,
NYJ,2021,8,7,53,0.1887,0.1887,0.2652,-0.0765,0.2304,0.1844,2.329,180,
PHI,2021,8,8,14,0.2857,0.2143,0.2699,0.0158,0.2304,0.1844,2.329,180,
PIT,2021,8,7,38,0.1316,0.2895,0.2838,-0.1522,0.2304,0.1844,2.329,180,
SEA,2021,8,8,23,0.2609,0.5652,0.3347,-0.0738,0.2304,0.1844,2.329,180,
SF,2021,8,7,28,0.1429,0.25,0.2765,-0.1337,0.2304,0.1844,2.329,180,
TB,2021,8,8,40,0.125,0.25,0.2765,-0.1515,0.2304,0.1844,2.329,180,
TEN,2021,8,8,37,0.1622,0.1892,0.2653,-0.1032,0.2304,0.1844,2.329,180,
WAS,2021,8,8,44,0.1591,0.3636,0.2975,-0.1384,0.2304,0.1844,2.329,180,
ARI,2021,9,9,24,0.3333,0.2083,0.2704,0.0629,0.2286,0.2008,2.737,208,
ATL,2021,9,8,29,0.3448,0.3448,0.2979,0.047,0.2286,0.2008,2.737,208,
BAL,2021,9,8,44,0.2273,0.2955,0.2879,-0.0607,0.2286,0.2008,2.737,208,
BUF,2021,9,8,51,0.4118,0.2549,0.2798,0.132,0.2286,0.2008,2.737,208,
CAR,2021,9,9,23,0.6087,0.3478,0.2985,0.3102,0.2286,0.2008,2.737,208,
CHI,2021,9,9,32,0.2812,0.3125,0.2914,-0.0101,0.2286,0.2008,2.737,208,
CIN,2021,9,9,40,0.375,0.175,0.2638,0.1112,0.2286,0.2008,2.737,208,
CLE,2021,9,9,18,0.4444,0.6111,0.3513,0.0931,0.2286,0.2008,2.737,208,
DAL,2021,9,8,20,0.65,0.4,0.3089,0.3411,0.2286,0.2008,2.737,208,
DEN,2021,9,9,30,0.3333,0.3333,0.2955,0.0378,0.2286,0.2008,2.737,208,
GB,2021,9,9,31,0.4194,0.5806,0.3452,0.0741,0.2286,0.2008,2.737,208,
HOU,2021,9,9,44,0.4318,0.5909,0.3473,0.0845,0.2286,0.2008,2.737,208,
IND,2021,9,9,23,0.1304,0.3478,0.2985,-0.168,0.2286,0.2008,2.737,208,
JAX,2021,9,8,30,0.3667,0.3,0.2889,0.0778,0.2286,0.2008,2.737,208,
KC,2021,9,9,37,0.1351,0.2432,0.2775,-0.1423,0.2286,0.2008,2.737,208,
LA,2021,9,9,41,0.2927,0.1463,0.258,0.0347,0.2286,0.2008,2.737,208,
LAC,2021,9,8,38,0.0263,0.2368,0.2762,-0.2499,0.2286,0.2008,2.737,208,
LV,2021,9,8,47,0.1277,0.3191,0.2927,-0.165,0.2286,0.2008,2.737,208,
MIA,2021,9,9,46,0.2609,0.3478,0.2985,-0.0376,0.2286,0.2008,2.737,208,
MIN,2021,9,8,28,0.3571,0.3214,0.2932,0.064,0.2286,0.2008,2.737,208,
NE,2021,9,9,19,0.1579,0.3158,0.292,-0.1341,0.2286,0.2008,2.737,208,
NO,2021,9,8,37,0.1892,0.2703,0.2829,-0.0937,0.2286,0.2008,2.737,208,
NYG,2021,9,9,23,0.3043,0.2609,0.281,0.0234,0.2286,0.2008,2.737,208,
NYJ,2021,9,8,28,0.3929,0.0714,0.243,0.1499,0.2286,0.2008,2.737,208,
PHI,2021,9,9,18,0.2778,0.4444,0.3179,-0.0401,0.2286,0.2008,2.737,208,
PIT,2021,9,8,32,0.25,0.0938,0.2474,0.0026,0.2286,0.2008,2.737,208,
SF,2021,9,8,29,0.4138,0.3103,0.2909,0.1229,0.2286,0.2008,2.737,208,
TEN,2021,9,9,29,0.2069,0.4483,0.3186,-0.1117,0.2286,0.2008,2.737,208,
ARI,2021,10,10,25,0.48,0.24,0.2726,0.2074,0.2246,0.1996,2.925,236,
ATL,2021,10,9,23,0.3478,0.3043,0.2854,0.0624,0.2246,0.1996,2.925,236,
BAL,2021,10,9,34,0.2941,0.7647,0.3773,-0.0832,0.2246,0.1996,2.925,236,
BUF,2021,10,9,29,0.2069,0.2414,0.2728,-0.0659,0.2246,0.1996,2.925,236,
CAR,2021,10,10,30,0.2,0.4333,0.3111,-0.1111,0.2246,0.1996,2.925,236,
CLE,2021,10,10,25,0.52,0.24,0.2726,0.2474,0.2246,0.1996,2.925,236,
DAL,2021,10,9,32,0.125,0.2188,0.2683,-0.1433,0.2246,0.1996,2.925,236,
DEN,2021,10,10,26,0.3462,0.2692,0.2784,0.0678,0.2246,0.1996,2.925,236,
DET,2021,10,9,29,0.2069,0.2414,0.2728,-0.0659,0.2246,0.1996,2.925,236,
GB,2021,10,10,36,0.1667,0.1389,0.2524,-0.0857,0.2246,0.1996,2.925,236,
IND,2021,10,10,35,0.3429,0.4286,0.3102,0.0327,0.2246,0.1996,2.925,236,
JAX,2021,10,9,39,0.3077,0.2308,0.2707,0.037,0.2246,0.1996,2.925,236,
KC,2021,10,10,46,0.1957,0.1739,0.2594,-0.0637,0.2246,0.1996,2.925,236,
LA,2021,10,10,25,0.16,0.2,0.2646,-0.1046,0.2246,0.1996,2.925,236,
LAC,2021,10,9,36,0.2222,0.4167,0.3078,-0.0856,0.2246,0.1996,2.925,236,
LV,2021,10,9,19,0.4737,0.3684,0.2982,0.1755,0.2246,0.1996,2.925,236,
MIA,2021,10,10,38,0.3421,0.3684,0.2982,0.0439,0.2246,0.1996,2.925,236,
MIN,2021,10,9,39,0.2821,0.1795,0.2605,0.0216,0.2246,0.1996,2.925,236,
NE,2021,10,10,23,0.1304,0.3478,0.2941,-0.1636,0.2246,0.1996,2.925,236,
NO,2021,10,9,41,0.1707,0.2195,0.2685,-0.0977,0.2246,0.1996,2.925,236,
NYJ,2021,10,9,30,0.3333,0.4333,0.3111,0.0222,0.2246,0.1996,2.925,236,
PHI,2021,10,10,25,0.32,0.4,0.3045,0.0155,0.2246,0.1996,2.925,236,
PIT,2021,10,9,50,0.0,0.24,0.2726,-0.2726,0.2246,0.1996,2.925,236,
SEA,2021,10,9,31,0.1935,0.2258,0.2697,-0.0762,0.2246,0.1996,2.925,236,
SF,2021,10,9,18,0.0556,0.3333,0.2912,-0.2356,0.2246,0.1996,2.925,236,
TB,2021,10,9,34,0.1176,0.3824,0.301,-0.1833,0.2246,0.1996,2.925,236,
TEN,2021,10,10,29,0.2069,0.1724,0.2591,-0.0522,0.2246,0.1996,2.925,236,
WAS,2021,10,9,37,0.3784,0.4865,0.3218,0.0566,0.2246,0.1996,2.925,236,
ARI,2021,11,11,46,0.1957,0.3478,0.2925,-0.0969,0.2288,0.1831,2.847,266,
ATL,2021,11,10,29,0.4483,0.2414,0.273,0.1753,0.2288,0.1831,2.847,266,
BAL,2021,11,10,42,0.2619,0.619,0.3422,-0.0803,0.2288,0.1831,2.847,266,
BUF,2021,11,10,29,0.1379,0.2069,0.2667,-0.1288,0.2288,0.1831,2.847,266,
CAR,2021,11,11,28,0.1786,0.3214,0.2877,-0.1091,0.2288,0.1831,2.847,266,
CHI,2021,11,10,38,0.2368,0.4211,0.3059,-0.0691,0.2288,0.1831,2.847,266,
CIN,2021,11,10,32,0.2812,0.0625,0.2403,0.041,0.2288,0.1831,2.847,266,
CLE,2021,11,11,30,0.2333,0.2333,0.2715,-0.0382,0.2288,0.1831,2.847,266,
DAL,2021,11,10,39,0.4103,0.2564,0.2758,0.1345,0.2288,0.1831,2.847,266,
DET,2021,11,10,23,0.1739,0.1739,0.2607,-0.0868,0.2288,0.1831,2.847,266,
GB,2021,11,11,35,0.2857,0.4,0.3021,-0.0163,0.2288,0.1831,2.847,266,
HOU,2021,11,10,20,0.05,0.45,0.3112,-0.2612,0.2288,0.1831,2.847,266,
IND,2021,11,11,20,0.3,0.4,0.3021,-0.0021,0.2288,0.1831,2.847,266,
JAX,2021,11,10,16,0.5625,0.3125,0.286,0.2765,0.2288,0.1831,2.847,266,
KC,2021,11,11,36,0.3611,0.2222,0.2695,0.0916,0.2288,0.1831,2.847,266,
LAC,2021,11,10,42,0.0952,0.3095,0.2855,-0.1903,0.2288,0.1831,2.847,266,
LV,2021,11,10,20,0.5,0.3,0.2838,0.2162,0.2288,0.1831,2.847,266,
MIA,2021,11,11,33,0.1212,0.2424,0.2732,-0.152,0.2288,0.1831,2.847,266,
MIN,2021,11,10,37,0.2703,0.3784,0.2981,-0.0278,0.2288,0.1831,2.847,266,
NE,2021,11,11,25,0.16,0.48,0.3167,-0.1567,0.2288,0.1831,2.847,266,
NO,2021,11,10,26,0.4615,0.2692,0.2781,0.1834,0.2288,0.1831,2.847,266,
NYG,2021,11,10,29,0.5862,0.4828,0.3172,0.269,0.2288,0.1831,2.847,266,
NYJ,2021,11,10,34,0.3529,0.6471,0.3473,0.0056,0.2288,0.1831,2.847,266,
PHI,2021,11,11,21,0.4286,0.1905,0.2637,0.1649,0.2288,0.1831,2.847,266,
PIT,2021,11,10,39,0.1795,0.2564,0.2758,-0.0963,0.2288,0.1831,2.847,266,
SEA,2021,11,10,25,0.28,0.48,0.3167,-0.0367,0.2288,0.1831,2.847,266,
SF,2021,11,10,22,0.2273,0.4091,0.3037,-0.0765,0.2288,0.1831,2.847,266,
TB,2021,11,10,41,0.1463,0.2439,0.2735,-0.1271,0.2288,0.1831,2.847,266,
TEN,2021,11,11,52,0.1731,0.2308,0.2711,-0.098,0.2288,0.1831,2.847,266,
WAS,2021,11,10,25,0.4,0.4,0.3021,0.0979,0.2288,0.1831,2.847,266,
ATL,2021,12,11,30,0.1333,0.5,0.3189,-0.1856,0.2281,0.1816,2.962,296,
BAL,2021,12,11,34,0.1176,0.3235,0.2869,-0.1692,0.2281,0.1816,2.962,296,
BUF,2021,12,11,25,0.28,0.2,0.2644,0.0156,0.2281,0.1816,2.962,296,
CAR,2021,12,12,22,0.8182,0.3636,0.2941,0.524,0.2281,0.1816,2.962,296,
CHI,2021,12,11,40,0.175,0.25,0.2735,-0.0985,0.2281,0.1816,2.962,296,
CIN,2021,12,11,24,0.1667,0.4167,0.3038,-0.1371,0.2281,0.1816,2.962,296,
CLE,2021,12,12,40,0.175,0.4,0.3007,-0.1257,0.2281,0.1816,2.962,296,
DAL,2021,12,11,49,0.1633,0.0612,0.2392,-0.076,0.2281,0.1816,2.962,296,
DEN,2021,12,11,25,0.36,0.4,0.3007,0.0593,0.2281,0.1816,2.962,296,
DET,2021,12,11,26,0.1923,0.0769,0.2421,-0.0498,0.2281,0.1816,2.962,296,
GB,2021,12,12,42,0.2143,0.3095,0.2843,-0.07,0.2281,0.1816,2.962,296,
HOU,2021,12,11,28,0.2857,0.2143,0.267,0.0187,0.2281,0.1816,2.962,296,
IND,2021,12,12,47,0.234,0.3191,0.2861,-0.052,0.2281,0.1816,2.962,296,
JAX,2021,12,11,44,0.25,0.2727,0.2776,-0.0276,0.2281,0.1816,2.962,296,
LA,2021,12,11,33,0.303,0.0909,0.2446,0.0584,0.2281,0.1816,2.962,296,
LAC,2021,12,11,35,0.4,0.1714,0.2592,0.1408,0.2281,0.1816,2.962,296,
LV,2021,12,11,42,0.2619,0.2143,0.267,-0.0051,0.2281,0.1816,2.962,296,
MIA,2021,12,12,29,0.3103,0.4828,0.3158,-0.0054,0.2281,0.1816,2.962,296,
MIN,2021,12,11,33,0.1515,0.2121,0.2666,-0.1151,0.2281,0.1816,2.962,296,
NE,2021,12,12,30,0.2667,0.2667,0.2765,-0.0099,0.2281,0.1816,2.962,296,
NO,2021,12,11,22,0.3636,0.2727,0.2776,0.086,0.2281,0.1816,2.962,296,
NYG,2021,12,11,30,0.2333,0.2,0.2644,-0.0311,0.2281,0.1816,2.962,296,
NYJ,2021,12,11,28,0.3929,0.3571,0.293,0.0999,0.2281,0.1816,2.962,296,
PHI,2021,12,12,31,0.1935,0.1935,0.2633,-0.0697,0.2281,0.1816,2.962,296,
PIT,2021,12,11,27,0.2593,0.1852,0.2617,-0.0025,0.2281,0.1816,2.962,296,
SEA,2021,12,11,30,0.4333,0.3333,0.2886,0.1447,0.2281,0.1816,2.962,296,
SF,2021,12,11,28,0.2857,0.1429,0.2541,0.0317,0.2281,0.1816,2.962,296,
TB,2021,12,11,36,0.1111,0.25,0.2735,-0.1624,0.2281,0.1816,2.962,296,
TEN,2021,12,12,19,0.2632,0.4211,0.3046,-0.0414,0.2281,0.1816,2.962,296,
WAS,2021,12,11,33,0.2424,0.3939,0.2996,-0.0572,0.2281,0.1816,2.962,296,
ARI,2021,13,12,16,0.1875,0.25,0.274,-0.0865,0.2197,0.2174,3.797,324,
ATL,2021,13,12,38,0.3421,0.4737,0.3227,0.0194,0.2197,0.2174,3.797,324,
BAL,2021,13,12,45,0.3556,0.4,0.3067,0.0489,0.2197,0.2174,3.797,324,
BUF,2021,13,12,32,0.3125,0.375,0.3012,0.0113,0.2197,0.2174,3.797,324,
CHI,2021,13,12,32,0.375,0.7812,0.3896,-0.0146,0.2197,0.2174,3.797,324,
CIN,2021,13,12,34,0.5,0.2941,0.2836,0.2164,0.2197,0.2174,3.797,324,
DAL,2021,13,12,38,0.2632,0.2368,0.2712,-0.008,0.2197,0.2174,3.797,324,
DEN,2021,13,12,26,0.6154,0.3462,0.2949,0.3204,0.2197,0.2174,3.797,324,
DET,2021,13,12,42,0.2143,0.1667,0.2559,-0.0416,0.2197,0.2174,3.797,324,
HOU,2021,13,12,18,0.7778,0.7778,0.3888,0.389,0.2197,0.2174,3.797,324,
IND,2021,13,13,19,0.2632,0.4737,0.3227,-0.0595,0.2197,0.2174,3.797,324,
JAX,2021,13,12,24,0.4167,0.1667,0.2559,0.1607,0.2197,0.2174,3.797,324,
KC,2021,13,12,29,0.4138,0.1724,0.2572,0.1566,0.2197,0.2174,3.797,324,
LA,2021,13,12,34,0.1471,0.5,0.3284,-0.1813,0.2197,0.2174,3.797,324,
LAC,2021,13,12,39,0.359,0.2051,0.2643,0.0947,0.2197,0.2174,3.797,324,
LV,2021,13,12,41,0.1463,0.2683,0.278,-0.1317,0.2197,0.2174,3.797,324,
MIA,2021,13,13,39,0.1282,0.2821,0.281,-0.1528,0.2197,0.2174,3.797,324,
MIN,2021,13,12,45,0.2444,0.3111,0.2873,-0.0429,0.2197,0.2174,3.797,324,
NE,2021,13,13,3,0.6667,0.6667,0.3646,0.302,0.2197,0.2174,3.797,324,
NO,2021,13,12,38,0.3947,0.2632,0.2769,0.1178,0.2197,0.2174,3.797,324,
NYG,2021,13,12,42,0.2381,0.381,0.3025,-0.0644,0.2197,0.2174,3.797,324,
NYJ,2021,13,12,25,0.4,0.12,0.2458,0.1542,0.2197,0.2174,3.797,324,
PHI,2021,13,13,26,0.2308,0.1923,0.2615,-0.0307,0.2197,0.2174,3.797,324,
PIT,2021,13,12,33,0.1818,0.3939,0.3053,-0.1235,0.2197,0.2174,3.797,324,
SEA,2021,13,12,40,0.25,0.275,0.2795,-0.0295,0.2197,0.2174,3.797,324,
SF,2021,13,12,31,0.1613,0.1613,0.2548,-0.0935,0.2197,0.2174,3.797,324,
TB,2021,13,12,48,0.0417,0.3333,0.2922,-0.2505,0.2197,0.2174,3.797,324,
WAS,2021,13,12,31,0.2903,0.129,0.2477,0.0426,0.2197,0.2174,3.797,324,
ARI,2021,14,13,43,0.4186,0.3256,0.292,0.1266,0.2193,0.2234,4.057,352,
ATL,2021,14,13,25,0.48,0.28,0.2818,0.1982,0.2193,0.2234,4.057,352,
BAL,2021,14,13,38,0.3158,0.2632,0.2781,0.0377,0.2193,0.2234,4.057,352,
BUF,2021,14,13,54,0.3333,0.5,0.331,0.0023,0.2193,0.2234,4.057,352,
CAR,2021,14,13,26,0.3077,0.4231,0.3138,-0.0061,0.2193,0.2234,4.057,352,
CHI,2021,14,13,23,0.6087,0.4348,0.3164,0.2923,0.2193,0.2234,4.057,352,
CIN,2021,14,13,39,0.2051,0.1026,0.2422,-0.0371,0.2193,0.2234,4.057,352,
CLE,2021,14,13,28,0.1429,0.3571,0.2991,-0.1562,0.2193,0.2234,4.057,352,
DAL,2021,14,13,39,0.1538,0.2564,0.2766,-0.1227,0.2193,0.2234,4.057,352,
DEN,2021,14,13,20,0.35,0.2,0.264,0.086,0.2193,0.2234,4.057,352,
DET,2021,14,13,25,0.28,0.28,0.2818,-0.0018,0.2193,0.2234,4.057,352,
GB,2021,14,13,35,0.2286,0.5143,0.3342,-0.1056,0.2193,0.2234,4.057,352,
HOU,2021,14,13,34,0.2059,0.2353,0.2719,-0.066,0.2193,0.2234,4.057,352,
JAX,2021,14,13,28,0.5357,0.3571,0.2991,0.2366,0.2193,0.2234,4.057,352,
KC,2021,14,13,24,0.2083,0.0833,0.2379,-0.0296,0.2193,0.2234,4.057,352,
LA,2021,14,13,32,0.3125,0.3438,0.2961,0.0164,0.2193,0.2234,4.057,352,
LAC,2021,14,13,29,0.2414,0.2414,0.2732,-0.0318,0.2193,0.2234,4.057,352,
LV,2021,14,13,35,0.3429,0.3143,0.2895,0.0534,0.2193,0.2234,4.057,352,
MIN,2021,14,13,27,0.2593,0.4444,0.3186,-0.0593,0.2193,0.2234,4.057,352,
NO,2021,14,13,21,0.1429,0.2381,0.2725,-0.1296,0.2193,0.2234,4.057,352,
NYG,2021,14,13,28,0.3571,0.1429,0.2512,0.1059,0.2193,0.2234,4.057,352,
NYJ,2021,14,13,28,0.2857,0.4286,0.315,-0.0293,0.2193,0.2234,4.057,352,
PIT,2021,14,13,38,0.2105,0.3158,0.2898,-0.0793,0.2193,0.2234,4.057,352,
SEA,2021,14,13,27,0.3333,0.1852,0.2607,0.0727,0.2193,0.2234,4.057,352,
SF,2021,14,13,43,0.2326,0.2326,0.2712,-0.0387,0.2193,0.2234,4.057,352,
TB,2021,14,13,44,0.1136,0.2727,0.2802,-0.1666,0.2193,0.2234,4.057,352,
TEN,2021,14,13,27,0.5556,0.3704,0.302,0.2535,0.2193,0.2234,4.057,352,
WAS,2021,14,13,30,0.3667,0.4667,0.3236,0.0431,0.2193,0.2234,4.057,352,
ARI,2021,15,14,26,0.2308,0.5,0.3288,-0.098,0.2218,0.214,4.104,384,
ATL,2021,15,14,24,0.5417,0.2083,0.2663,0.2753,0.2218,0.214,4.104,384,
BAL,2021,15,14,41,0.1951,0.2439,0.274,-0.0788,0.2218,0.214,4.104,384,
BUF,2021,15,14,36,0.3056,0.4722,0.3228,-0.0173,0.2218,0.214,4.104,384,
CAR,2021,15,14,35,0.3143,0.6286,0.3563,-0.042,0.2218,0.214,4.104,384,
CHI,2021,15,14,29,0.4828,0.3103,0.2882,0.1946,0.2218,0.214,4.104,384,
CIN,2021,15,14,26,0.3077,0.1154,0.2465,0.0612,0.2218,0.214,4.104,384,
CLE,2021,15,14,29,0.3103,0.2069,0.266,0.0443,0.2218,0.214,4.104,384,
DAL,2021,15,14,33,0.2727,0.4545,0.319,-0.0463,0.2218,0.214,4.104,384,
DEN,2021,15,14,35,0.2,0.3429,0.2951,-0.0951,0.2218,0.214,4.104,384,
DET,2021,15,14,24,0.2917,0.375,0.302,-0.0104,0.2218,0.214,4.104,384,
GB,2021,15,14,32,0.2188,0.0625,0.2351,-0.0164,0.2218,0.214,4.104,384,
HOU,2021,15,14,31,0.129,0.3548,0.2977,-0.1687,0.2218,0.214,4.104,384,
IND,2021,15,14,11,0.0909,0.3636,0.2996,-0.2087,0.2218,0.214,4.104,384,
JAX,2021,15,14,31,0.1935,0.1613,0.2563,-0.0627,0.2218,0.214,4.104,384,
KC,2021,15,14,48,0.2292,0.375,0.302,-0.0729,0.2218,0.214,4.104,384,
LA,2021,15,14,33,0.2121,0.1212,0.2477,-0.0356,0.2218,0.214,4.104,384,
LAC,2021,15,14,39,0.2564,0.3333,0.2931,-0.0367,0.2218,0.214,4.104,384,
LV,2021,15,14,39,0.2308,0.2564,0.2766,-0.0459,0.2218,0.214,4.104,384,
MIA,2021,15,14,26,0.3846,0.3462,0.2958,0.0888,0.2218,0.214,4.104,384,
MIN,2021,15,14,23,0.5217,0.1739,0.259,0.2628,0.2218,0.214,4.104,384,
NE,2021,15,14,37,0.1351,0.3784,0.3027,-0.1676,0.2218,0.214,4.104,384,
NO,2021,15,14,29,0.3793,0.3793,0.3029,0.0764,0.2218,0.214,4.104,384,
NYG,2021,15,14,20,0.4,0.45,0.3181,0.0819,0.2218,0.214,4.104,384,
NYJ,2021,15,14,29,0.4828,0.5172,0.3325,0.1503,0.2218,0.214,4.104,384,
PHI,2021,15,14,28,0.3929,0.2857,0.2829,0.1099,0.2218,0.214,4.104,384,
PIT,2021,15,14,28,0.2143,0.2143,0.2676,-0.0533,0.2218,0.214,4.104,384,
SEA,2021,15,14,28,0.2143,0.2857,0.2829,-0.0686,0.2218,0.214,4.104,384,
SF,2021,15,14,20,0.15,0.2,0.2646,-0.1146,0.2218,0.214,4.104,384,
TB,2021,15,14,47,0.2128,0.1277,0.2491,-0.0363,0.2218,0.214,4.104,384,
TEN,2021,15,14,36,0.2778,0.2778,0.2812,-0.0034,0.2218,0.214,4.104,384,
WAS,2021,15,14,32,0.2812,0.3125,0.2886,-0.0074,0.2218,0.214,4.104,384,
ARI,2021,16,15,43,0.093,0.2326,0.2666,-0.1736,0.2087,0.249,5.202,416,
ATL,2021,16,15,27,0.2222,0.2963,0.2825,-0.0603,0.2087,0.249,5.202,416,
BAL,2021,16,15,32,0.25,0.1875,0.2554,-0.0054,0.2087,0.249,5.202,416,
BUF,2021,16,15,48,0.3125,0.2917,0.2813,0.0312,0.2087,0.249,5.202,416,
CAR,2021,16,15,28,0.5,1.0357,0.4666,0.0334,0.2087,0.249,5.202,416,
CHI,2021,16,15,40,0.225,0.125,0.2398,-0.0148,0.2087,0.249,5.202,416,
CIN,2021,16,15,33,0.2424,0.3333,0.2917,-0.0493,0.2087,0.249,5.202,416,
CLE,2021,16,15,42,0.2619,0.3571,0.2976,-0.0357,0.2087,0.249,5.202,416,
DAL,2021,16,15,43,0.186,0.2791,0.2782,-0.0921,0.2087,0.249,5.202,416,
DEN,2021,16,15,24,0.25,0.125,0.2398,0.0102,0.2087,0.249,5.202,416,
DET,2021,16,15,35,0.1143,0.1143,0.2372,-0.1229,0.2087,0.249,5.202,416,
GB,2021,16,15,34,0.2353,0.2059,0.26,-0.0247,0.2087,0.249,5.202,416,
HOU,2021,16,15,28,0.1071,0.2857,0.2798,-0.1727,0.2087,0.249,5.202,416,
IND,2021,16,15,30,0.3,0.3,0.2834,0.0166,0.2087,0.249,5.202,416,
JAX,2021,16,15,40,0.175,0.2,0.2585,-0.0835,0.2087,0.249,5.202,416,
KC,2021,16,15,30,0.2,0.2,0.2585,-0.0585,0.2087,0.249,5.202,416,
LA,2021,16,15,37,0.1622,0.2432,0.2693,-0.1071,0.2087,0.249,5.202,416,
LAC,2021,16,15,26,0.0769,0.1154,0.2374,-0.1605,0.2087,0.249,5.202,416,
LV,2021,16,15,27,0.1852,0.2963,0.2825,-0.0973,0.2087,0.249,5.202,416,
MIA,2021,16,15,25,0.2,0.24,0.2685,-0.0685,0.2087,0.249,5.202,416,
MIN,2021,16,15,33,0.2424,0.2121,0.2615,-0.0191,0.2087,0.249,5.202,416,
NE,2021,16,15,26,0.3077,0.3846,0.3045,0.0032,0.2087,0.249,5.202,416,
NO,2021,16,15,21,0.8095,0.7143,0.3866,0.423,0.2087,0.249,5.202,416,
NYG,2021,16,15,26,0.4231,0.1923,0.2566,0.1665,0.2087,0.249,5.202,416,
NYJ,2021,16,15,23,0.2174,0.3478,0.2953,-0.0779,0.2087,0.249,5.202,416,
PHI,2021,16,15,27,0.3704,0.2963,0.2825,0.0879,0.2087,0.249,5.202,416,
PIT,2021,16,15,27,0.2222,0.3704,0.3009,-0.0787,0.2087,0.249,5.202,416,
SEA,2021,16,15,29,0.2759,0.1034,0.2345,0.0414,0.2087,0.249,5.202,416,
SF,2021,16,15,37,0.1081,0.0811,0.2289,-0.1208,0.2087,0.249,5.202,416,
TB,2021,16,15,26,0.0385,0.6538,0.3715,-0.3331,0.2087,0.249,5.202,416,
TEN,2021,16,15,34,0.2941,0.2353,0.2673,0.0268,0.2087,0.249,5.202,416,
WAS,2021,16,15,26,0.5769,0.6154,0.3619,0.215,0.2087,0.249,5.202,416,
ARI,2021,17,16,41,0.1707,0.3902,0.3034,-0.1327,0.2139,0.2294,4.976,448,
ATL,2021,17,16,24,0.5,0.1667,0.2521,0.2479,0.2139,0.2294,4.976,448,
BAL,2021,17,16,35,0.2571,0.2857,0.2794,-0.0223,0.2139,0.2294,4.976,448,
BUF,2021,17,16,28,0.25,0.25,0.2712,-0.0212,0.2139,0.2294,4.976,448,
CAR,2021,17,16,32,0.4062,0.2188,0.2641,0.1422,0.2139,0.2294,4.976,448,
CHI,2021,17,16,30,0.2667,0.3333,0.2903,-0.0237,0.2139,0.2294,4.976,448,
CIN,2021,17,16,43,0.2791,0.2326,0.2672,0.0118,0.2139,0.2294,4.976,448,
CLE,2021,17,16,30,0.5333,0.3,0.2827,0.2506,0.2139,0.2294,4.976,448,
DAL,2021,17,16,41,0.2195,0.4146,0.309,-0.0895,0.2139,0.2294,4.976,448,
DEN,2021,17,16,20,0.2,0.3,0.2827,-0.0827,0.2139,0.2294,4.976,448,
DET,2021,17,16,27,0.2593,0.2963,0.2818,-0.0226,0.2139,0.2294,4.976,448,
GB,2021,17,16,31,0.2903,0.4516,0.3175,-0.0272,0.2139,0.2294,4.976,448,
HOU,2021,17,16,25,0.32,0.2,0.2598,0.0602,0.2139,0.2294,4.976,448,
IND,2021,17,16,28,0.3214,0.1429,0.2466,0.0748,0.2139,0.2294,4.976,448,
JAX,2021,17,16,22,0.1818,0.1818,0.2556,-0.0738,0.2139,0.2294,4.976,448,
KC,2021,17,16,35,0.2571,0.1714,0.2532,0.0039,0.2139,0.2294,4.976,448,
LA,2021,17,16,37,0.1081,0.1622,0.2511,-0.143,0.2139,0.2294,4.976,448,
LAC,2021,17,16,27,0.2222,0.2963,0.2818,-0.0596,0.2139,0.2294,4.976,448,
LV,2021,17,16,34,0.2059,0.1765,0.2544,-0.0485,0.2139,0.2294,4.976,448,
MIA,2021,17,16,30,0.3,0.1333,0.2445,0.0555,0.2139,0.2294,4.976,448,
MIN,2021,17,16,31,0.3226,0.2581,0.2731,0.0495,0.2139,0.2294,4.976,448,
NE,2021,17,16,23,0.087,0.6957,0.3735,-0.2865,0.2139,0.2294,4.976,448,
NO,2021,17,16,27,0.2593,0.3333,0.2903,-0.0311,0.2139,0.2294,4.976,448,
NYG,2021,17,16,8,0.75,0.5,0.3286,0.4214,0.2139,0.2294,4.976,448,
NYJ,2021,17,16,34,0.2941,0.5,0.3286,-0.0345,0.2139,0.2294,4.976,448,
PHI,2021,17,16,27,0.4074,0.3704,0.2988,0.1086,0.2139,0.2294,4.976,448,
PIT,2021,17,16,47,0.2553,0.2979,0.2822,-0.0269,0.2139,0.2294,4.976,448,
SEA,2021,17,16,26,0.2692,0.5769,0.3462,-0.077,0.2139,0.2294,4.976,448,
SF,2021,17,16,22,0.1364,0.3182,0.2869,-0.1505,0.2139,0.2294,4.976,448,
TB,2021,17,16,50,0.08,0.24,0.2689,-0.1889,0.2139,0.2294,4.976,448,
TEN,2021,17,16,18,0.1667,0.6111,0.3541,-0.1874,0.2139,0.2294,4.976,448,
WAS,2021,17,16,38,0.2105,0.1579,0.2501,-0.0396,0.2139,0.2294,4.976,448,
ARI,2021,18,17,39,0.3077,0.1282,0.2418,0.0659,0.2118,0.2335,5.256,480,
ATL,2021,18,17,21,0.4762,0.381,0.3008,0.1754,0.2118,0.2335,5.256,480,
BAL,2021,18,17,35,0.2571,0.2286,0.2652,-0.0081,0.2118,0.2335,5.256,480,
BUF,2021,18,17,41,0.2683,0.3902,0.303,-0.0347,0.2118,0.2335,5.256,480,
CAR,2021,18,17,35,0.3714,0.4857,0.3252,0.0462,0.2118,0.2335,5.256,480,
CHI,2021,18,17,47,0.3404,0.4043,0.3062,0.0342,0.2118,0.2335,5.256,480,
CIN,2021,18,17,30,0.2333,0.2,0.2585,-0.0252,0.2118,0.2335,5.256,480,
CLE,2021,18,17,25,0.12,0.16,0.2492,-0.1292,0.2118,0.2335,5.256,480,
DAL,2021,18,17,28,0.1429,0.2143,0.2619,-0.119,0.2118,0.2335,5.256,480,
DEN,2021,18,17,26,0.2308,0.2308,0.2657,-0.035,0.2118,0.2335,5.256,480,
DET,2021,18,17,33,0.2424,0.1818,0.2543,-0.0119,0.2118,0.2335,5.256,480,
GB,2021,18,17,38,0.2632,0.3684,0.2979,-0.0347,0.2118,0.2335,5.256,480,
HOU,2021,18,17,36,0.1944,0.25,0.2702,-0.0758,0.2118,0.2335,5.256,480,
IND,2021,18,17,19,0.5789,0.2632,0.2733,0.3057,0.2118,0.2335,5.256,480,
JAX,2021,18,17,33,0.1212,0.303,0.2826,-0.1614,0.2118,0.2335,5.256,480,
KC,2021,18,17,45,0.2222,0.0444,0.2222,0.0,0.2118,0.2335,5.256,480,
LA,2021,18,17,37,0.3784,0.1622,0.2497,0.1287,0.2118,0.2335,5.256,480,
LAC,2021,18,17,55,0.1818,0.0909,0.2331,-0.0512,0.2118,0.2335,5.256,480,
LV,2021,18,17,37,0.1622,0.2703,0.2749,-0.1128,0.2118,0.2335,5.256,480,
MIA,2021,18,17,21,0.1429,0.1429,0.2452,-0.1023,0.2118,0.2335,5.256,480,
MIN,2021,18,17,24,0.3333,0.375,0.2994,0.0339,0.2118,0.2335,5.256,480,
NE,2021,18,17,26,0.2692,0.4615,0.3196,-0.0504,0.2118,0.2335,5.256,480,
NO,2021,18,17,24,0.125,0.3333,0.2897,-0.1647,0.2118,0.2335,5.256,480,
NYG,2021,18,17,23,0.2609,0.6522,0.3641,-0.1032,0.2118,0.2335,5.256,480,
NYJ,2021,18,17,26,0.6154,0.4231,0.3106,0.3048,0.2118,0.2335,5.256,480,
PHI,2021,18,17,29,0.3793,0.4483,0.3165,0.0628,0.2118,0.2335,5.256,480,
PIT,2021,18,17,45,0.0667,0.3333,0.2897,-0.223,0.2118,0.2335,5.256,480,
SEA,2021,18,17,27,0.3333,0.4444,0.3156,0.0177,0.2118,0.2335,5.256,480,
SF,2021,18,17,34,0.2059,0.3235,0.2874,-0.0815,0.2118,0.2335,5.256,480,
TB,2021,18,17,37,0.1351,0.2973,0.2813,-0.1461,0.2118,0.2335,5.256,480,
TEN,2021,18,17,33,0.3333,0.303,0.2826,0.0507,0.2118,0.2335,5.256,480,
WAS,2021,18,17,20,0.35,0.2,0.2585,0.0915,0.2118,0.2335,5.256,480,
ARI,2022,1,1,28,0.9643,0.3214,,,,,,0,pool<32
ATL,2022,1,1,29,0.1034,0.1034,,,,,,0,pool<32
BAL,2022,1,1,26,0.1538,0.1923,,,,,,0,pool<32
BUF,2022,1,1,31,0.0645,0.2258,,,,,,0,pool<32
CAR,2022,1,1,31,0.2258,0.1613,,,,,,0,pool<32
CHI,2022,1,1,19,0.3158,0.0526,,,,,,0,pool<32
CIN,2022,1,1,61,0.2295,0.1475,,,,,,0,pool<32
CLE,2022,1,1,33,0.2727,0.2424,,,,,,0,pool<32
DAL,2022,1,1,23,0.6957,0.6522,,,,,,0,pool<32
DEN,2022,1,1,44,0.3636,0.2045,,,,,,0,pool<32
DET,2022,1,1,38,0.1316,0.2368,,,,,,0,pool<32
GB,2022,1,1,27,0.4074,0.2963,,,,,,0,pool<32
HOU,2022,1,1,38,0.2105,0.2632,,,,,,0,pool<32
IND,2022,1,1,43,0.2326,0.2558,,,,,,0,pool<32
JAX,2022,1,1,45,0.2444,0.4,,,,,,0,pool<32
KC,2022,1,1,36,0.6667,0.6389,,,,,,0,pool<32
LA,2022,1,1,31,0.4839,0.0323,,,,,,0,pool<32
LAC,2022,1,1,32,0.2188,0.125,,,,,,0,pool<32
LV,2022,1,1,44,0.25,0.1591,,,,,,0,pool<32
MIA,2022,1,1,26,0.5769,0.6154,,,,,,0,pool<32
MIN,2022,1,1,27,0.4074,0.1852,,,,,,0,pool<32
NE,2022,1,1,27,0.1852,0.2593,,,,,,0,pool<32
NO,2022,1,1,34,0.2941,0.3824,,,,,,0,pool<32
NYG,2022,1,1,27,0.5926,0.3704,,,,,,0,pool<32
NYJ,2022,1,1,33,0.4545,0.5152,,,,,,0,pool<32
PHI,2022,1,1,33,0.2727,0.5152,,,,,,0,pool<32
PIT,2022,1,1,37,0.1892,0.2703,,,,,,0,pool<32
SEA,2022,1,1,30,0.2667,0.4,,,,,,0,pool<32
SF,2022,1,1,26,0.2692,0.0385,,,,,,0,pool<32
TB,2022,1,1,25,0.28,0.24,,,,,,0,pool<32
TEN,2022,1,1,33,0.303,0.4545,,,,,,0,pool<32
WAS,2022,1,1,44,0.0909,0.3409,,,,,,0,pool<32
ARI,2022,2,2,44,0.1818,0.2727,,,,,,0,pool<32
ATL,2022,2,2,25,0.28,0.44,,,,,,0,pool<32
BAL,2022,2,2,27,0.0741,0.6296,,,,,,0,pool<32
BUF,2022,2,2,39,0.1282,0.3846,,,,,,0,pool<32
CAR,2022,2,2,31,0.2258,0.4194,,,,,,0,pool<32
CHI,2022,2,2,12,0.5833,0.3333,,,,,,0,pool<32
CIN,2022,2,2,43,0.3023,0.186,,,,,,0,pool<32
CLE,2022,2,2,28,0.2857,0.1071,,,,,,0,pool<32
DAL,2022,2,2,31,0.2903,0.2581,,,,,,0,pool<32
DEN,2022,2,2,34,0.2647,0.2941,,,,,,0,pool<32
DET,2022,2,2,34,0.2941,0.4706,,,,,,0,pool<32
GB,2022,2,2,25,0.52,0.0,,,,,,0,pool<32
HOU,2022,2,2,38,0.3421,0.5263,,,,,,0,pool<32
IND,2022,2,2,19,0.8421,0.5263,,,,,,0,pool<32
JAX,2022,2,2,27,0.1481,0.2963,,,,,,0,pool<32
KC,2022,2,2,35,0.1143,0.2571,,,,,,0,pool<32
LA,2022,2,2,30,0.0333,0.2,,,,,,0,pool<32
LAC,2022,2,2,45,0.2444,0.2889,,,,,,0,pool<32
LV,2022,2,2,37,0.1351,0.4595,,,,,,0,pool<32
MIA,2022,2,2,41,0.1951,0.3659,,,,,,0,pool<32
MIN,2022,2,2,24,0.4583,0.5,,,,,,0,pool<32
NE,2022,2,2,35,0.1429,0.2571,,,,,,0,pool<32
NO,2022,2,2,35,0.2857,0.3714,,,,,,0,pool<32
NYG,2022,2,2,37,0.2703,0.1081,,,,,,0,pool<32
NYJ,2022,2,2,45,0.2,0.2444,,,,,,0,pool<32
PHI,2022,2,2,30,0.2,0.1667,,,,,,0,pool<32
PIT,2022,2,2,37,0.0811,0.1622,,,,,,0,pool<32
SEA,2022,2,2,23,0.6087,0.1304,,,,,,0,pool<32
SF,2022,2,2,22,0.2273,0.3636,,,,,,0,pool<32
TB,2022,2,2,34,0.0588,0.0882,,,,,,0,pool<32
TEN,2022,2,2,24,0.2083,0.2083,,,,,,0,pool<32
WAS,2022,2,2,40,0.35,0.475,,,,,,0,pool<32
ARI,2022,3,3,54,0.1111,0.3519,0.2697,-0.1586,0.2432,0.0754,0.422,32,
ATL,2022,3,3,23,0.2174,0.3043,0.2661,-0.0487,0.2432,0.0754,0.422,32,
BAL,2022,3,3,33,0.2424,0.4545,0.2774,-0.035,0.2432,0.0754,0.422,32,
BUF,2022,3,3,66,0.197,0.1515,0.2546,-0.0576,0.2432,0.0754,0.422,32,
CAR,2022,3,3,24,0.2917,0.4167,0.2746,0.0171,0.2432,0.0754,0.422,32,
CHI,2022,3,3,22,0.4545,0.1818,0.2569,0.1977,0.2432,0.0754,0.422,32,
CIN,2022,3,3,35,0.3143,0.2571,0.2626,0.0517,0.2432,0.0754,0.422,32,
CLE,2022,3,3,32,0.125,0.4062,0.2738,-0.1488,0.2432,0.0754,0.422,32,
DAL,2022,3,3,30,0.2333,0.5,0.2809,-0.0475,0.2432,0.0754,0.422,32,
DEN,2022,3,3,38,0.3684,0.2105,0.259,0.1094,0.2432,0.0754,0.422,32,
DET,2022,3,3,40,0.175,0.2,0.2583,-0.0833,0.2432,0.0754,0.422,32,
GB,2022,3,3,34,0.2647,0.4118,0.2742,-0.0095,0.2432,0.0754,0.422,32,
HOU,2022,3,3,33,0.2727,0.1818,0.2569,0.0158,0.2432,0.0754,0.422,32,
IND,2022,3,3,42,0.2619,0.4048,0.2737,-0.0118,0.2432,0.0754,0.422,32,
JAX,2022,3,3,33,0.0909,0.4242,0.2752,-0.1842,0.2432,0.0754,0.422,32,
KC,2022,3,3,38,0.2368,0.0789,0.2491,-0.0123,0.2432,0.0754,0.422,32,
LA,2022,3,3,23,0.2174,0.4348,0.276,-0.0586,0.2432,0.0754,0.422,32,
LAC,2022,3,3,31,0.3226,0.3226,0.2675,0.0551,0.2432,0.0754,0.422,32,
LV,2022,3,3,43,0.2093,0.0465,0.2467,-0.0374,0.2432,0.0754,0.422,32,
MIA,2022,3,3,22,0.3182,0.0,0.2432,0.075,0.2432,0.0754,0.422,32,
MIN,2022,3,3,41,0.3171,0.3902,0.2726,0.0445,0.2432,0.0754,0.422,32,
NE,2022,3,3,32,0.125,0.2812,0.2644,-0.1394,0.2432,0.0754,0.422,32,
NO,2022,3,3,35,0.3143,0.4286,0.2755,0.0388,0.2432,0.0754,0.422,32,
NYG,2022,3,3,42,0.5238,0.381,0.2719,0.2519,0.2432,0.0754,0.422,32,
NYJ,2022,3,3,48,0.2708,0.1875,0.2573,0.0135,0.2432,0.0754,0.422,32,
PHI,2022,3,3,35,0.2571,0.2286,0.2604,-0.0033,0.2432,0.0754,0.422,32,
PIT,2022,3,3,32,0.2188,0.1562,0.255,-0.0362,0.2432,0.0754,0.422,32,
SEA,2022,3,3,46,0.1522,0.2609,0.2628,-0.1107,0.2432,0.0754,0.422,32,
SF,2022,3,3,33,0.2424,0.3333,0.2683,-0.0259,0.2432,0.0754,0.422,32,
TB,2022,3,3,46,0.1522,0.3696,0.271,-0.1189,0.2432,0.0754,0.422,32,
TEN,2022,3,3,24,0.25,0.4167,0.2746,-0.0246,0.2432,0.0754,0.422,32,
WAS,2022,3,3,29,0.7586,0.4483,0.277,0.4817,0.2432,0.0754,0.422,32,
ARI,2022,4,4,31,0.0968,0.3871,0.2656,-0.1688,0.2191,0.1199,1.026,64,
ATL,2022,4,4,20,0.3,0.5,0.2791,0.0209,0.2191,0.1199,1.026,64,
BAL,2022,4,4,31,0.3226,0.1935,0.2424,0.0802,0.2191,0.1199,1.026,64,
BUF,2022,4,4,37,0.2162,0.2973,0.2548,-0.0386,0.2191,0.1199,1.026,64,
CAR,2022,4,4,29,0.1034,0.3793,0.2646,-0.1612,0.2191,0.1199,1.026,64,
CHI,2022,4,4,25,0.48,0.64,0.2959,0.1841,0.2191,0.1199,1.026,64,
CIN,2022,4,4,32,0.0938,0.2188,0.2454,-0.1516,0.2191,0.1199,1.026,64,
CLE,2022,4,4,36,0.1944,0.2222,0.2458,-0.0514,0.2191,0.1199,1.026,64,
DAL,2022,4,4,24,0.25,0.0833,0.2291,0.0209,0.2191,0.1199,1.026,64,
DEN,2022,4,4,25,0.2,0.2,0.2431,-0.0431,0.2191,0.1199,1.026,64,
DET,2022,4,4,38,0.1053,0.0789,0.2286,-0.1234,0.2191,0.1199,1.026,64,
GB,2022,4,4,36,0.1389,0.1944,0.2425,-0.1036,0.2191,0.1199,1.026,64,
HOU,2022,4,4,33,0.3636,0.3333,0.2591,0.1045,0.2191,0.1199,1.026,64,
IND,2022,4,4,40,0.2,0.175,0.2401,-0.0401,0.2191,0.1199,1.026,64,
JAX,2022,4,4,21,0.619,0.1905,0.242,0.3771,0.2191,0.1199,1.026,64,
KC,2022,4,4,34,0.2353,0.2941,0.2544,-0.0191,0.2191,0.1199,1.026,64,
LA,2022,4,4,41,0.4146,0.4634,0.2747,0.1399,0.2191,0.1199,1.026,64,
LAC,2022,4,4,37,0.1892,0.2162,0.2451,-0.0559,0.2191,0.1199,1.026,64,
LV,2022,4,4,36,0.1667,0.1944,0.2425,-0.0758,0.2191,0.1199,1.026,64,
MIA,2022,4,4,32,0.3438,0.0625,0.2266,0.1171,0.2191,0.1199,1.026,64,
MIN,2022,4,4,42,0.1905,0.0714,0.2277,-0.0372,0.2191,0.1199,1.026,64,
NE,2022,4,4,25,0.24,0.56,0.2863,-0.0463,0.2191,0.1199,1.026,64,
NO,2022,4,4,31,0.129,0.2258,0.2462,-0.1172,0.2191,0.1199,1.026,64,
NYG,2022,4,4,17,0.1765,0.4706,0.2756,-0.0991,0.2191,0.1199,1.026,64,
NYJ,2022,4,4,38,0.2632,0.3684,0.2633,-0.0002,0.2191,0.1199,1.026,64,
PHI,2022,4,4,26,0.4615,0.1538,0.2376,0.2239,0.2191,0.1199,1.026,64,
PIT,2022,4,4,29,0.2414,0.1379,0.2357,0.0057,0.2191,0.1199,1.026,64,
SEA,2022,4,4,30,0.1,0.2667,0.2511,-0.1511,0.2191,0.1199,1.026,64,
SF,2022,4,4,27,0.0741,0.4444,0.2725,-0.1984,0.2191,0.1199,1.026,64,
TB,2022,4,4,38,0.1579,0.3158,0.257,-0.0991,0.2191,0.1199,1.026,64,
TEN,2022,4,4,23,0.2174,0.1739,0.24,-0.0226,0.2191,0.1199,1.026,64,
WAS,2022,4,4,28,0.4643,0.4643,0.2748,0.1895,0.2191,0.1199,1.026,64,
ARI,2022,5,5,41,0.122,0.3659,0.2644,-0.1424,0.2027,0.1685,1.781,96,
ATL,2022,5,5,27,0.3704,0.3333,0.2589,0.1115,0.2027,0.1685,1.781,96,
BAL,2022,5,5,33,0.2727,0.5152,0.2895,-0.0168,0.2027,0.1685,1.781,96,
BUF,2022,5,5,30,0.0333,0.4667,0.2813,-0.248,0.2027,0.1685,1.781,96,
CAR,2022,5,5,26,0.4231,0.6923,0.3194,0.1037,0.2027,0.1685,1.781,96,
CHI,2022,5,5,24,0.2083,0.2083,0.2378,-0.0295,0.2027,0.1685,1.781,96,
CIN,2022,5,5,38,0.1053,0.0789,0.216,-0.1108,0.2027,0.1685,1.781,96,
CLE,2022,5,5,34,0.1471,0.2941,0.2523,-0.1052,0.2027,0.1685,1.781,96,
DAL,2022,5,5,19,0.3158,0.3158,0.2559,0.0599,0.2027,0.1685,1.781,96,
DEN,2022,5,5,43,0.2326,0.186,0.2341,-0.0015,0.2027,0.1685,1.781,96,
DET,2022,5,5,19,0.6842,0.5789,0.3003,0.384,0.2027,0.1685,1.781,96,
GB,2022,5,5,41,0.2439,0.3659,0.2644,-0.0205,0.2027,0.1685,1.781,96,
HOU,2022,5,5,25,0.2,0.36,0.2634,-0.0634,0.2027,0.1685,1.781,96,
IND,2022,5,5,46,0.3261,0.3043,0.254,0.0721,0.2027,0.1685,1.781,96,
JAX,2022,5,5,40,0.1,0.0,0.2027,-0.1027,0.2027,0.1685,1.781,96,
KC,2022,5,5,47,0.1915,0.4043,0.2708,-0.0793,0.2027,0.1685,1.781,96,
LA,2022,5,5,43,0.3953,0.2326,0.2419,0.1534,0.2027,0.1685,1.781,96,
LAC,2022,5,5,35,0.1429,0.2,0.2364,-0.0936,0.2027,0.1685,1.781,96,
LV,2022,5,5,32,0.3438,0.3438,0.2606,0.0831,0.2027,0.1685,1.781,96,
MIA,2022,5,5,25,0.72,0.16,0.2297,0.4903,0.2027,0.1685,1.781,96,
MIN,2022,5,5,43,0.186,0.1395,0.2262,-0.0402,0.2027,0.1685,1.781,96,
NE,2022,5,5,19,0.1053,0.2632,0.2471,-0.1418,0.2027,0.1685,1.781,96,
NO,2022,5,5,26,0.2308,0.6538,0.3129,-0.0821,0.2027,0.1685,1.781,96,
NYG,2022,5,5,28,0.2143,0.3929,0.2689,-0.0546,0.2027,0.1685,1.781,96,
NYJ,2022,5,5,23,0.2174,0.4783,0.2833,-0.0659,0.2027,0.1685,1.781,96,
PHI,2022,5,5,38,0.1316,0.4211,0.2737,-0.1421,0.2027,0.1685,1.781,96,
PIT,2022,5,5,34,0.2353,0.4118,0.2721,-0.0368,0.2027,0.1685,1.781,96,
SEA,2022,5,5,29,0.2759,0.1724,0.2318,0.0441,0.2027,0.1685,1.781,96,
SF,2022,5,5,31,0.1935,0.3871,0.2679,-0.0744,0.2027,0.1685,1.781,96,
TB,2022,5,5,48,0.0833,0.0625,0.2133,-0.1299,0.2027,0.1685,1.781,96,
TEN,2022,5,5,30,0.4667,0.3333,0.2589,0.2078,0.2027,0.1685,1.781,96,
WAS,2022,5,5,41,0.1463,0.122,0.2233,-0.0769,0.2027,0.1685,1.781,96,
ARI,2022,6,6,35,0.3714,0.0571,0.212,0.1595,0.2041,0.1372,1.755,124,
ATL,2022,6,6,13,0.1538,0.1538,0.2252,-0.0714,0.2041,0.1372,1.755,124,
BAL,2022,6,6,34,0.1471,0.4118,0.2606,-0.1136,0.2041,0.1372,1.755,124,
BUF,2022,6,6,41,0.122,0.3659,0.2543,-0.1324,0.2041,0.1372,1.755,124,
CAR,2022,6,6,15,0.2,0.1333,0.2224,-0.0224,0.2041,0.1372,1.755,124,
CHI,2022,6,6,32,0.4062,0.2812,0.2427,0.1635,0.2041,0.1372,1.755,124,
CIN,2022,6,6,41,0.1951,0.1707,0.2276,-0.0324,0.2041,0.1372,1.755,124,
CLE,2022,6,6,33,0.303,0.3939,0.2582,0.0448,0.2041,0.1372,1.755,124,
DAL,2022,6,6,29,0.1379,0.3103,0.2467,-0.1088,0.2041,0.1372,1.755,124,
DEN,2022,6,6,32,0.3125,0.4688,0.2685,0.044,0.2041,0.1372,1.755,124,
GB,2022,6,6,43,0.2093,0.1395,0.2233,-0.014,0.2041,0.1372,1.755,124,
IND,2022,6,6,59,0.1695,0.3051,0.246,-0.0765,0.2041,0.1372,1.755,124,
JAX,2022,6,6,25,0.24,0.04,0.2096,0.0304,0.2041,0.1372,1.755,124,
KC,2022,6,6,43,0.2093,0.2326,0.236,-0.0267,0.2041,0.1372,1.755,124,
LA,2022,6,6,33,0.2121,0.3636,0.254,-0.0419,0.2041,0.1372,1.755,124,
LAC,2022,6,6,59,0.2542,0.322,0.2483,0.0059,0.2041,0.1372,1.755,124,
MIA,2022,6,6,45,0.3333,0.1333,0.2224,0.1109,0.2041,0.1372,1.755,124,
MIN,2022,6,6,33,0.2424,0.4242,0.2623,-0.0199,0.2041,0.1372,1.755,124,
NE,2022,6,6,29,0.1379,0.5517,0.2798,-0.1419,0.2041,0.1372,1.755,124,
NO,2022,6,6,37,0.1622,0.1351,0.2227,-0.0605,0.2041,0.1372,1.755,124,
NYG,2022,6,6,31,0.2258,0.2581,0.2395,-0.0137,0.2041,0.1372,1.755,124,
NYJ,2022,6,6,20,0.2,0.4,0.259,-0.059,0.2041,0.1372,1.755,124,
PHI,2022,6,6,29,0.2414,0.4828,0.2704,-0.029,0.2041,0.1372,1.755,124,
PIT,2022,6,6,32,0.125,0.375,0.2556,-0.1306,0.2041,0.1372,1.755,124,
SEA,2022,6,6,33,0.303,0.4242,0.2623,0.0407,0.2041,0.1372,1.755,124,
SF,2022,6,6,27,0.1481,0.1852,0.2295,-0.0814,0.2041,0.1372,1.755,124,
TB,2022,6,6,42,0.1429,0.0952,0.2172,-0.0743,0.2041,0.1372,1.755,124,
WAS,2022,6,6,26,0.1154,0.1923,0.2305,-0.1151,0.2041,0.1372,1.755,124,
ARI,2022,7,7,27,0.1111,0.1111,0.2102,-0.0991,0.1888,0.1926,2.747,152,
ATL,2022,7,7,12,0.4167,0.25,0.237,0.1797,0.1888,0.1926,2.747,152,
BAL,2022,7,7,19,0.3684,0.4737,0.2801,0.0883,0.1888,0.1926,2.747,152,
CAR,2022,7,7,21,0.3333,0.5238,0.2897,0.0436,0.1888,0.1926,2.747,152,
CHI,2022,7,7,25,0.56,0.4,0.2659,0.2941,0.1888,0.1926,2.747,152,
CIN,2022,7,7,37,0.2432,0.027,0.194,0.0492,0.1888,0.1926,2.747,152,
CLE,2022,7,7,32,0.25,0.1875,0.225,0.025,0.1888,0.1926,2.747,152,
DAL,2022,7,7,26,0.2308,0.2308,0.2333,-0.0025,0.1888,0.1926,2.747,152,
DEN,2022,7,7,46,0.1087,0.1522,0.2181,-0.1095,0.1888,0.1926,2.747,152,
DET,2022,7,6,24,0.4167,0.5,0.2851,0.1315,0.1888,0.1926,2.747,152,
GB,2022,7,7,34,0.0588,0.0294,0.1945,-0.1357,0.1888,0.1926,2.747,152,
HOU,2022,7,6,30,0.2667,0.3,0.2466,0.02,0.1888,0.1926,2.747,152,
IND,2022,7,7,47,0.2979,0.234,0.2339,0.064,0.1888,0.1926,2.747,152,
JAX,2022,7,7,44,0.0682,0.2045,0.2282,-0.1601,0.1888,0.1926,2.747,152,
KC,2022,7,7,32,0.1562,0.2812,0.243,-0.0868,0.1888,0.1926,2.747,152,
LAC,2022,7,7,43,0.2093,0.1628,0.2202,-0.0109,0.1888,0.1926,2.747,152,
LV,2022,7,6,28,0.1786,0.0714,0.2026,-0.024,0.1888,0.1926,2.747,152,
MIA,2022,7,7,35,0.0286,0.2,0.2274,-0.1988,0.1888,0.1926,2.747,152,
NE,2022,7,7,17,0.2941,0.3529,0.2568,0.0373,0.1888,0.1926,2.747,152,
NO,2022,7,7,26,0.1923,0.3846,0.2629,-0.0706,0.1888,0.1926,2.747,152,
NYG,2022,7,7,31,0.1613,0.2581,0.2385,-0.0773,0.1888,0.1926,2.747,152,
NYJ,2022,7,7,29,0.3103,0.4483,0.2752,0.0352,0.1888,0.1926,2.747,152,
PIT,2022,7,7,45,0.1333,0.1778,0.2231,-0.0897,0.1888,0.1926,2.747,152,
SEA,2022,7,7,27,0.1481,0.3704,0.2602,-0.112,0.1888,0.1926,2.747,152,
SF,2022,7,7,34,0.2353,0.4118,0.2681,-0.0329,0.1888,0.1926,2.747,152,
TB,2022,7,7,45,0.2667,0.2667,0.2402,0.0265,0.1888,0.1926,2.747,152,
TEN,2022,7,6,22,0.4091,0.1364,0.2151,0.194,0.1888,0.1926,2.747,152,
WAS,2022,7,7,34,0.4118,0.3529,0.2568,0.1549,0.1888,0.1926,2.747,152,
ARI,2022,8,8,44,0.2045,0.0682,0.2109,-0.0064,0.2002,0.1571,2.461,182,
ATL,2022,8,8,30,0.1667,0.5333,0.284,-0.1174,0.2002,0.1571,2.461,182,
BAL,2022,8,8,40,0.125,0.3,0.2474,-0.1224,0.2002,0.1571,2.461,182,
BUF,2022,8,7,17,0.2941,0.6471,0.3019,-0.0078,0.2002,0.1571,2.461,182,
CAR,2022,8,8,37,0.0541,0.1622,0.2257,-0.1717,0.2002,0.1571,2.461,182,
CHI,2022,8,8,20,0.25,0.25,0.2395,0.0105,0.2002,0.1571,2.461,182,
CIN,2022,8,8,31,0.2581,0.1935,0.2306,0.0274,0.2002,0.1571,2.461,182,
CLE,2022,8,8,23,0.3913,0.5652,0.289,0.1023,0.2002,0.1571,2.461,182,
DAL,2022,8,8,26,0.1154,0.1154,0.2184,-0.103,0.2002,0.1571,2.461,182,
DEN,2022,8,8,32,0.25,0.1562,0.2248,0.0252,0.2002,0.1571,2.461,182,
DET,2022,8,7,38,0.1053,0.3947,0.2623,-0.157,0.2002,0.1571,2.461,182,
GB,2022,8,8,17,0.2941,0.2353,0.2372,0.0569,0.2002,0.1571,2.461,182,
HOU,2022,8,7,18,0.5556,0.2778,0.2439,0.3117,0.2002,0.1571,2.461,182,
IND,2022,8,8,25,0.28,0.2,0.2317,0.0483,0.2002,0.1571,2.461,182,
JAX,2022,8,8,33,0.1515,0.3636,0.2574,-0.1059,0.2002,0.1571,2.461,182,
LA,2022,8,7,32,0.1562,0.2812,0.2444,-0.0882,0.2002,0.1571,2.461,182,
LV,2022,8,7,26,0.3077,0.2692,0.2425,0.0652,0.2002,0.1571,2.461,182,
MIA,2022,8,8,38,0.0789,0.1579,0.225,-0.1461,0.2002,0.1571,2.461,182,
MIN,2022,8,7,38,0.3421,0.4474,0.2705,0.0716,0.2002,0.1571,2.461,182,
NE,2022,8,8,38,0.4737,0.2368,0.2374,0.2362,0.2002,0.1571,2.461,182,
NO,2022,8,8,27,0.0,0.3333,0.2526,-0.2526,0.2002,0.1571,2.461,182,
NYG,2022,8,8,22,0.5,0.1364,0.2217,0.2783,0.2002,0.1571,2.461,182,
NYJ,2022,8,8,35,0.4571,0.2,0.2317,0.2255,0.2002,0.1571,2.461,182,
PHI,2022,8,7,30,0.1333,0.7667,0.3207,-0.1874,0.2002,0.1571,2.461,182,
PIT,2022,8,8,38,0.3158,0.3158,0.2498,0.0659,0.2002,0.1571,2.461,182,
SEA,2022,8,8,37,0.3243,0.4595,0.2724,0.0519,0.2002,0.1571,2.461,182,
SF,2022,8,8,28,0.1786,0.25,0.2395,-0.0609,0.2002,0.1571,2.461,182,
TB,2022,8,8,36,0.1667,0.1389,0.222,-0.0554,0.2002,0.1571,2.461,182,
TEN,2022,8,7,12,0.4167,0.4167,0.2657,0.151,0.2002,0.1571,2.461,182,
WAS,2022,8,8,33,0.2424,0.1515,0.224,0.0184,0.2002,0.1571,2.461,182,
ARI,2022,9,9,36,0.1944,0.0833,0.2125,-0.018,0.1998,0.1521,2.555,208,
ATL,2022,9,9,25,0.16,0.28,0.2424,-0.0824,0.1998,0.1521,2.555,208,
BAL,2022,9,9,24,0.2083,0.4167,0.2632,-0.0548,0.1998,0.1521,2.555,208,
BUF,2022,9,8,39,0.1795,0.1026,0.2154,-0.0359,0.1998,0.1521,2.555,208,
CAR,2022,9,9,18,0.0556,0.1111,0.2167,-0.1611,0.1998,0.1521,2.555,208,
CHI,2022,9,9,31,0.1613,0.5161,0.2783,-0.117,0.1998,0.1521,2.555,208,
CIN,2022,9,9,31,0.0968,0.3226,0.2489,-0.1521,0.1998,0.1521,2.555,208,
DET,2022,9,8,26,0.1538,0.5769,0.2875,-0.1337,0.1998,0.1521,2.555,208,
GB,2022,9,9,45,0.1333,0.2222,0.2336,-0.1003,0.1998,0.1521,2.555,208,
HOU,2022,9,8,23,0.2609,0.1739,0.2263,0.0346,0.1998,0.1521,2.555,208,
IND,2022,9,9,27,0.5185,0.3333,0.2505,0.268,0.1998,0.1521,2.555,208,
JAX,2022,9,9,30,0.2667,0.5,0.2758,-0.0092,0.1998,0.1521,2.555,208,
KC,2022,9,8,72,0.1806,0.0694,0.2104,-0.0298,0.1998,0.1521,2.555,208,
LA,2022,9,8,31,0.3226,0.1935,0.2292,0.0933,0.1998,0.1521,2.555,208,
LAC,2022,9,8,43,0.0698,0.0698,0.2104,-0.1406,0.1998,0.1521,2.555,208,
LV,2022,9,8,37,0.3514,0.2432,0.2368,0.1146,0.1998,0.1521,2.555,208,
MIA,2022,9,9,30,0.1,0.1333,0.2201,-0.1201,0.1998,0.1521,2.555,208,
MIN,2022,9,8,43,0.3023,0.2791,0.2422,0.0601,0.1998,0.1521,2.555,208,
NE,2022,9,9,25,0.44,0.16,0.2241,0.2159,0.1998,0.1521,2.555,208,
NO,2022,9,9,25,0.32,0.28,0.2424,0.0776,0.1998,0.1521,2.555,208,
NYJ,2022,9,9,27,0.1481,0.3704,0.2561,-0.108,0.1998,0.1521,2.555,208,
PHI,2022,9,8,30,0.2667,0.3333,0.2505,0.0162,0.1998,0.1521,2.555,208,
SEA,2022,9,9,36,0.1944,0.3611,0.2547,-0.0603,0.1998,0.1521,2.555,208,
TB,2022,9,9,58,0.0862,0.2241,0.2339,-0.1477,0.1998,0.1521,2.555,208,
TEN,2022,9,8,19,0.4211,0.3158,0.2478,0.1732,0.1998,0.1521,2.555,208,
WAS,2022,9,9,31,0.2903,0.129,0.2194,0.0709,0.1998,0.1521,2.555,208,
ARI,2022,10,10,39,0.2051,0.2308,0.2326,-0.0275,0.1855,0.2039,3.477,236,
ATL,2022,10,10,25,0.56,0.36,0.259,0.301,0.1855,0.2039,3.477,236,
BUF,2022,10,9,43,0.2093,0.3023,0.2472,-0.0379,0.1855,0.2039,3.477,236,
CAR,2022,10,10,16,0.125,0.3125,0.2493,-0.1243,0.1855,0.2039,3.477,236,
CHI,2022,10,10,22,0.4091,0.4545,0.2782,0.1309,0.1855,0.2039,3.477,236,
CLE,2022,10,9,22,0.8636,0.5,0.2875,0.5761,0.1855,0.2039,3.477,236,
DAL,2022,10,9,48,0.2083,0.3542,0.2578,-0.0494,0.1855,0.2039,3.477,236,
DEN,2022,10,9,48,0.3958,0.1042,0.2068,0.189,0.1855,0.2039,3.477,236,
DET,2022,10,9,28,0.25,0.4643,0.2802,-0.0302,0.1855,0.2039,3.477,236,
GB,2022,10,10,22,0.1364,0.6364,0.3153,-0.1789,0.1855,0.2039,3.477,236,
HOU,2022,10,9,34,0.2941,0.5294,0.2935,0.0006,0.1855,0.2039,3.477,236,
IND,2022,10,10,31,0.0323,0.3548,0.2579,-0.2256,0.1855,0.2039,3.477,236,
JAX,2022,10,10,34,0.1765,0.4118,0.2695,-0.093,0.1855,0.2039,3.477,236,
KC,2022,10,9,28,0.1429,0.1071,0.2074,-0.0645,0.1855,0.2039,3.477,236,
LA,2022,10,9,27,0.7037,0.6296,0.3139,0.3898,0.1855,0.2039,3.477,236,
LAC,2022,10,9,40,0.25,0.15,0.2161,0.0339,0.1855,0.2039,3.477,236,
LV,2022,10,9,41,0.0976,0.0976,0.2054,-0.1079,0.1855,0.2039,3.477,236,
MIA,2022,10,10,29,0.2759,0.2759,0.2418,0.0341,0.1855,0.2039,3.477,236,
MIN,2022,10,9,54,0.2037,0.2407,0.2346,-0.0309,0.1855,0.2039,3.477,236,
NO,2022,10,10,30,0.1,0.2333,0.2331,-0.1331,0.1855,0.2039,3.477,236,
NYG,2022,10,9,19,0.2632,0.2632,0.2392,0.024,0.1855,0.2039,3.477,236,
PHI,2022,10,9,26,0.1923,0.2308,0.2326,-0.0403,0.1855,0.2039,3.477,236,
PIT,2022,10,9,34,0.2647,0.1765,0.2215,0.0432,0.1855,0.2039,3.477,236,
SEA,2022,10,10,30,0.2667,0.3,0.2467,0.0199,0.1855,0.2039,3.477,236,
SF,2022,10,9,29,0.069,0.1034,0.2066,-0.1377,0.1855,0.2039,3.477,236,
TB,2022,10,10,26,0.0385,0.1154,0.2091,-0.1706,0.1855,0.2039,3.477,236,
TEN,2022,10,9,37,0.1081,0.4054,0.2682,-0.1601,0.1855,0.2039,3.477,236,
WAS,2022,10,10,30,0.2667,0.3333,0.2535,0.0132,0.1855,0.2039,3.477,236,
ARI,2022,11,11,33,0.3333,0.2424,0.2379,0.0955,0.1956,0.1744,3.148,264,
ATL,2022,11,11,18,0.0556,0.3889,0.2634,-0.2079,0.1956,0.1744,3.148,264,
BAL,2022,11,10,34,0.1176,0.2941,0.2469,-0.1292,0.1956,0.1744,3.148,264,
BUF,2022,11,10,24,0.3333,0.25,0.2392,0.0941,0.1956,0.1744,3.148,264,
CAR,2022,11,11,30,0.2333,0.2667,0.2421,-0.0088,0.1956,0.1744,3.148,264,
CHI,2022,11,11,25,0.28,0.0,0.1956,0.0844,0.1956,0.1744,3.148,264,
CIN,2022,11,10,41,0.2195,0.4634,0.2764,-0.0569,0.1956,0.1744,3.148,264,
CLE,2022,11,10,26,0.5385,0.3462,0.256,0.2825,0.1956,0.1744,3.148,264,
DAL,2022,11,10,24,0.0417,0.375,0.261,-0.2193,0.1956,0.1744,3.148,264,
DEN,2022,11,10,34,0.3529,0.3824,0.2623,0.0907,0.1956,0.1744,3.148,264,
DET,2022,11,10,25,0.2,0.56,0.2932,-0.0932,0.1956,0.1744,3.148,264,
GB,2022,11,11,36,0.0833,0.1389,0.2198,-0.1365,0.1956,0.1744,3.148,264,
HOU,2022,11,10,24,0.4167,0.2083,0.2319,0.1847,0.1956,0.1744,3.148,264,
IND,2022,11,11,36,0.2778,0.1389,0.2198,0.058,0.1956,0.1744,3.148,264,
KC,2022,11,10,35,0.1714,0.3714,0.2604,-0.0889,0.1956,0.1744,3.148,264,
LA,2022,11,10,26,0.2308,0.1923,0.2291,0.0016,0.1956,0.1744,3.148,264,
LAC,2022,11,10,35,0.2857,0.2857,0.2454,0.0403,0.1956,0.1744,3.148,264,
LV,2022,11,10,38,0.1579,0.4474,0.2736,-0.1157,0.1956,0.1744,3.148,264,
MIN,2022,11,10,30,0.4333,0.1333,0.2189,0.2145,0.1956,0.1744,3.148,264,
NE,2022,11,10,33,0.2121,0.1818,0.2273,-0.0152,0.1956,0.1744,3.148,264,
NO,2022,11,11,31,0.2258,0.3226,0.2519,-0.026,0.1956,0.1744,3.148,264,
NYG,2022,11,10,35,0.4286,0.4286,0.2703,0.1582,0.1956,0.1744,3.148,264,
NYJ,2022,11,10,26,0.3462,0.3846,0.2627,0.0835,0.1956,0.1744,3.148,264,
PHI,2022,11,10,28,0.2143,0.1786,0.2267,-0.0125,0.1956,0.1744,3.148,264,
PIT,2022,11,10,32,0.375,0.2812,0.2446,0.1304,0.1956,0.1744,3.148,264,
SF,2022,11,10,27,0.1852,0.2963,0.2473,-0.0621,0.1956,0.1744,3.148,264,
TEN,2022,11,10,30,0.2333,0.6667,0.3118,-0.0785,0.1956,0.1744,3.148,264,
WAS,2022,11,11,26,0.3077,0.1923,0.2291,0.0786,0.1956,0.1744,3.148,264,
ARI,2022,12,12,30,0.1333,0.3667,0.2621,-0.1288,0.1886,0.2006,3.856,296,
ATL,2022,12,12,26,0.1538,0.1154,0.2117,-0.0579,0.1886,0.2006,3.856,296,
BAL,2022,12,11,34,0.2941,0.2059,0.2299,0.0642,0.1886,0.2006,3.856,296,
BUF,2022,12,11,45,0.3111,0.3778,0.2644,0.0467,0.1886,0.2006,3.856,296,
CAR,2022,12,12,15,0.2,0.6667,0.3223,-0.1223,0.1886,0.2006,3.856,296,
CHI,2022,12,12,17,0.3529,0.2353,0.2358,0.1172,0.1886,0.2006,3.856,296,
CIN,2022,12,11,38,0.1579,0.1053,0.2097,-0.0518,0.1886,0.2006,3.856,296,
CLE,2022,12,11,41,0.2439,0.1951,0.2277,0.0162,0.1886,0.2006,3.856,296,
DAL,2022,12,11,29,0.3448,0.6207,0.3131,0.0317,0.1886,0.2006,3.856,296,
DEN,2022,12,11,23,0.6087,0.4783,0.2845,0.3242,0.1886,0.2006,3.856,296,
DET,2022,12,11,39,0.359,0.4872,0.2863,0.0727,0.1886,0.2006,3.856,296,
GB,2022,12,12,23,0.2174,0.2609,0.2409,-0.0235,0.1886,0.2006,3.856,296,
HOU,2022,12,11,26,0.4615,0.4615,0.2812,0.1804,0.1886,0.2006,3.856,296,
IND,2022,12,12,37,0.2703,0.4054,0.2699,0.0004,0.1886,0.2006,3.856,296,
JAX,2022,12,11,42,0.2381,0.2143,0.2316,0.0065,0.1886,0.2006,3.856,296,
KC,2022,12,11,38,0.2368,0.2105,0.2308,0.006,0.1886,0.2006,3.856,296,
LA,2022,12,11,19,0.6316,0.3158,0.2519,0.3796,0.1886,0.2006,3.856,296,
LAC,2022,12,11,52,0.3077,0.2308,0.2349,0.0728,0.1886,0.2006,3.856,296,
LV,2022,12,11,37,0.1081,0.2162,0.232,-0.1238,0.1886,0.2006,3.856,296,
MIA,2022,12,11,40,0.3,0.1,0.2086,0.0914,0.1886,0.2006,3.856,296,
MIN,2022,12,11,39,0.1282,0.2308,0.2349,-0.1067,0.1886,0.2006,3.856,296,
NE,2022,12,11,38,0.1579,0.1579,0.2203,-0.0624,0.1886,0.2006,3.856,296,
NO,2022,12,12,30,0.1667,0.2333,0.2354,-0.0687,0.1886,0.2006,3.856,296,
NYG,2022,12,11,23,0.3913,0.3478,0.2584,0.1329,0.1886,0.2006,3.856,296,
NYJ,2022,12,11,27,0.0741,0.1481,0.2183,-0.1442,0.1886,0.2006,3.856,296,
PHI,2022,12,11,28,0.2143,0.3571,0.2602,-0.0459,0.1886,0.2006,3.856,296,
PIT,2022,12,11,32,0.2188,0.3125,0.2513,-0.0325,0.1886,0.2006,3.856,296,
SEA,2022,12,11,40,0.2,0.125,0.2137,-0.0137,0.1886,0.2006,3.856,296,
SF,2022,12,11,36,0.1667,0.3056,0.2499,-0.0832,0.1886,0.2006,3.856,296,
TB,2022,12,11,46,0.1304,0.1739,0.2235,-0.093,0.1886,0.2006,3.856,296,
TEN,2022,12,11,35,0.1429,0.2571,0.2402,-0.0973,0.1886,0.2006,3.856,296,
WAS,2022,12,12,23,0.087,0.087,0.206,-0.1191,0.1886,0.2006,3.856,296,
ATL,2022,13,13,25,0.32,0.56,0.2981,0.0219,0.1889,0.1951,3.941,326,
BAL,2022,13,12,40,0.225,0.225,0.2328,-0.0078,0.1889,0.1951,3.941,326,
BUF,2022,13,12,33,0.2121,0.1818,0.2243,-0.0122,0.1889,0.1951,3.941,326,
CHI,2022,13,13,22,0.1364,0.2727,0.2421,-0.1057,0.1889,0.1951,3.941,326,
CIN,2022,13,12,32,0.0312,0.25,0.2376,-0.2064,0.1889,0.1951,3.941,326,
CLE,2022,13,12,23,0.1304,0.2609,0.2398,-0.1093,0.1889,0.1951,3.941,326,
DAL,2022,13,12,30,0.1667,0.1333,0.2149,-0.0482,0.1889,0.1951,3.941,326,
DEN,2022,13,12,24,0.3333,0.375,0.262,0.0713,0.1889,0.1951,3.941,326,
DET,2022,13,12,35,0.1714,0.2286,0.2335,-0.062,0.1889,0.1951,3.941,326,
GB,2022,13,13,32,0.0,0.125,0.2133,-0.2133,0.1889,0.1951,3.941,326,
HOU,2022,13,12,28,0.0714,0.3571,0.2586,-0.1871,0.1889,0.1951,3.941,326,
IND,2022,13,13,26,0.3077,0.4615,0.2789,0.0288,0.1889,0.1951,3.941,326,
JAX,2022,13,12,31,0.1613,0.4516,0.277,-0.1157,0.1889,0.1951,3.941,326,
KC,2022,13,12,29,0.3793,0.2069,0.2292,0.1501,0.1889,0.1951,3.941,326,
LA,2022,13,12,29,0.3103,0.1034,0.2091,0.1013,0.1889,0.1951,3.941,326,
LAC,2022,13,12,43,0.3721,0.3488,0.2569,0.1152,0.1889,0.1951,3.941,326,
LV,2022,13,12,29,0.1379,0.4138,0.2696,-0.1317,0.1889,0.1951,3.941,326,
MIA,2022,13,12,35,0.1714,0.1143,0.2112,-0.0397,0.1889,0.1951,3.941,326,
MIN,2022,13,12,37,0.2432,0.1622,0.2205,0.0227,0.1889,0.1951,3.941,326,
NE,2022,13,12,18,0.4444,0.1111,0.2105,0.2339,0.1889,0.1951,3.941,326,
NO,2022,13,13,27,0.1481,0.2963,0.2467,-0.0985,0.1889,0.1951,3.941,326,
NYG,2022,13,12,33,0.2121,0.1818,0.2243,-0.0122,0.1889,0.1951,3.941,326,
NYJ,2022,13,12,59,0.1356,0.1864,0.2252,-0.0897,0.1889,0.1951,3.941,326,
PHI,2022,13,12,39,0.1795,0.1538,0.2189,-0.0394,0.1889,0.1951,3.941,326,
PIT,2022,13,12,28,0.3571,0.3571,0.2586,0.0986,0.1889,0.1951,3.941,326,
SEA,2022,13,12,43,0.3023,0.2326,0.2342,0.0681,0.1889,0.1951,3.941,326,
SF,2022,13,12,45,0.2222,0.2889,0.2452,-0.023,0.1889,0.1951,3.941,326,
TB,2022,13,12,44,0.1364,0.0909,0.2066,-0.0702,0.1889,0.1951,3.941,326,
TEN,2022,13,12,24,0.375,0.0833,0.2051,0.1699,0.1889,0.1951,3.941,326,
WAS,2022,13,13,46,0.3478,0.2826,0.244,0.1038,0.1889,0.1951,3.941,326,
ARI,2022,14,13,34,0.2353,0.2353,0.2341,0.0012,0.189,0.1917,4.025,352,
BAL,2022,14,13,19,0.3684,0.5263,0.2899,0.0785,0.189,0.1917,4.025,352,
BUF,2022,14,13,26,0.1538,0.1923,0.2259,-0.072,0.189,0.1917,4.025,352,
CAR,2022,14,13,26,0.1923,0.1923,0.2259,-0.0336,0.189,0.1917,4.025,352,
CIN,2022,14,13,31,0.1613,0.129,0.2137,-0.0524,0.189,0.1917,4.025,352,
CLE,2022,14,13,35,0.2571,0.0857,0.2054,0.0517,0.189,0.1917,4.025,352,
DAL,2022,14,13,40,0.175,0.0,0.189,-0.014,0.189,0.1917,4.025,352,
DEN,2022,14,13,50,0.2,0.24,0.235,-0.035,0.189,0.1917,4.025,352,
DET,2022,14,13,34,0.1765,0.2059,0.2285,-0.052,0.189,0.1917,4.025,352,
HOU,2022,14,13,26,0.0385,0.1923,0.2259,-0.1874,0.189,0.1917,4.025,352,
JAX,2022,14,13,38,0.3421,0.2632,0.2395,0.1027,0.189,0.1917,4.025,352,
KC,2022,14,13,44,0.1364,0.3182,0.25,-0.1136,0.189,0.1917,4.025,352,
LA,2022,14,13,34,0.1471,0.2941,0.2454,-0.0983,0.189,0.1917,4.025,352,
LAC,2022,14,13,55,0.2727,0.4727,0.2796,-0.0069,0.189,0.1917,4.025,352,
LV,2022,14,13,20,0.15,0.15,0.2178,-0.0678,0.189,0.1917,4.025,352,
MIA,2022,14,13,24,0.2917,0.25,0.2369,0.0547,0.189,0.1917,4.025,352,
MIN,2022,14,13,36,0.25,0.2778,0.2423,0.0077,0.189,0.1917,4.025,352,
NE,2022,14,13,32,0.125,0.2188,0.2309,-0.1059,0.189,0.1917,4.025,352,
NYG,2022,14,13,24,0.5833,0.375,0.2609,0.3224,0.189,0.1917,4.025,352,
NYJ,2022,14,13,38,0.2105,0.1842,0.2243,-0.0138,0.189,0.1917,4.025,352,
PHI,2022,14,13,31,0.1613,0.5806,0.3003,-0.139,0.189,0.1917,4.025,352,
PIT,2022,14,13,33,0.2121,0.2424,0.2355,-0.0234,0.189,0.1917,4.025,352,
SEA,2022,14,13,33,0.1515,0.4848,0.282,-0.1304,0.189,0.1917,4.025,352,
SF,2022,14,13,20,0.2,0.45,0.2753,-0.0753,0.189,0.1917,4.025,352,
TB,2022,14,13,42,0.1905,0.2143,0.2301,-0.0396,0.189,0.1917,4.025,352,
TEN,2022,14,13,22,0.5909,0.1818,0.2239,0.3671,0.189,0.1917,4.025,352,
ARI,2022,15,14,34,0.2353,0.1765,0.2214,0.0139,0.187,0.1948,4.274,384,
ATL,2022,15,14,30,0.2,0.1667,0.2195,-0.0195,0.187,0.1948,4.274,384,
BAL,2022,15,14,30,0.2,0.2,0.226,-0.026,0.187,0.1948,4.274,384,
BUF,2022,15,14,42,0.3333,0.1905,0.2241,0.1092,0.187,0.1948,4.274,384,
CAR,2022,15,14,23,0.3478,0.3913,0.2633,0.0846,0.187,0.1948,4.274,384,
CHI,2022,15,14,24,0.25,0.2917,0.2438,0.0062,0.187,0.1948,4.274,384,
CIN,2022,15,14,37,0.1622,0.2973,0.2449,-0.0828,0.187,0.1948,4.274,384,
CLE,2022,15,14,30,0.2,0.2667,0.239,-0.039,0.187,0.1948,4.274,384,
DAL,2022,15,14,33,0.303,0.3333,0.252,0.0511,0.187,0.1948,4.274,384,
DEN,2022,15,14,32,0.375,0.4062,0.2662,0.1088,0.187,0.1948,4.274,384,
DET,2022,15,14,38,0.1842,0.1316,0.2127,-0.0285,0.187,0.1948,4.274,384,
GB,2022,15,14,28,0.2857,0.2857,0.2427,0.043,0.187,0.1948,4.274,384,
HOU,2022,15,14,30,0.2,0.1,0.2065,-0.0065,0.187,0.1948,4.274,384,
IND,2022,15,14,31,0.2903,0.4516,0.275,0.0153,0.187,0.1948,4.274,384,
JAX,2022,15,14,43,0.1628,0.2791,0.2414,-0.0786,0.187,0.1948,4.274,384,
KC,2022,15,14,44,0.0682,0.2273,0.2313,-0.1631,0.187,0.1948,4.274,384,
LA,2022,15,14,25,0.48,0.2,0.226,0.254,0.187,0.1948,4.274,384,
LAC,2022,15,14,43,0.186,0.2791,0.2414,-0.0553,0.187,0.1948,4.274,384,
LV,2022,15,14,40,0.2,0.175,0.2211,-0.0211,0.187,0.1948,4.274,384,
MIA,2022,15,14,33,0.2424,0.3939,0.2638,-0.0213,0.187,0.1948,4.274,384,
MIN,2022,15,14,51,0.2157,0.1373,0.2138,0.0019,0.187,0.1948,4.274,384,
NE,2022,15,14,32,0.1562,0.1562,0.2175,-0.0612,0.187,0.1948,4.274,384,
NO,2022,15,14,21,0.0952,0.1429,0.2149,-0.1196,0.187,0.1948,4.274,384,
NYG,2022,15,14,32,0.125,0.3438,0.254,-0.129,0.187,0.1948,4.274,384,
NYJ,2022,15,14,39,0.359,0.4103,0.2669,0.092,0.187,0.1948,4.274,384,
PHI,2022,15,14,38,0.0526,0.2895,0.2434,-0.1908,0.187,0.1948,4.274,384,
PIT,2022,15,14,22,0.0909,0.3182,0.249,-0.1581,0.187,0.1948,4.274,384,
SEA,2022,15,14,38,0.2895,0.2895,0.2434,0.0461,0.187,0.1948,4.274,384,
SF,2022,15,14,21,0.1905,0.0952,0.2056,-0.0151,0.187,0.1948,4.274,384,
TB,2022,15,14,37,0.2162,0.1081,0.2081,0.0081,0.187,0.1948,4.274,384,
TEN,2022,15,14,30,0.1667,0.4333,0.2714,-0.1048,0.187,0.1948,4.274,384,
WAS,2022,15,14,32,0.3438,0.2812,0.2418,0.1019,0.187,0.1948,4.274,384,
ARI,2022,16,15,46,0.1957,0.3696,0.2563,-0.0607,0.1877,0.1857,4.274,416,
ATL,2022,16,15,34,0.0882,0.2647,0.2369,-0.1486,0.1877,0.1857,4.274,416,
BAL,2022,16,15,15,0.0,0.0667,0.2001,-0.2001,0.1877,0.1857,4.274,416,
BUF,2022,16,15,26,0.2692,0.1538,0.2163,0.053,0.1877,0.1857,4.274,416,
CAR,2022,16,15,19,0.0,0.6316,0.305,-0.305,0.1877,0.1857,4.274,416,
CHI,2022,16,15,21,0.2857,0.1429,0.2142,0.0715,0.1877,0.1857,4.274,416,
CIN,2022,16,15,54,0.1111,0.0741,0.2015,-0.0904,0.1877,0.1857,4.274,416,
CLE,2022,16,15,33,0.0909,0.1515,0.2158,-0.1249,0.1877,0.1857,4.274,416,
DAL,2022,16,15,41,0.2439,0.3415,0.2511,-0.0072,0.1877,0.1857,4.274,416,
DEN,2022,16,15,23,0.5217,0.5217,0.2846,0.2372,0.1877,0.1857,4.274,416,
DET,2022,16,15,26,0.3077,0.4615,0.2734,0.0343,0.1877,0.1857,4.274,416,
GB,2022,16,15,40,0.1,0.575,0.2945,-0.1945,0.1877,0.1857,4.274,416,
HOU,2022,16,15,34,0.1471,0.2647,0.2369,-0.0898,0.1877,0.1857,4.274,416,
IND,2022,16,15,24,0.5,0.4167,0.2651,0.2349,0.1877,0.1857,4.274,416,
JAX,2022,16,15,25,0.28,0.16,0.2174,0.0626,0.1877,0.1857,4.274,416,
KC,2022,16,15,24,0.25,0.0833,0.2032,0.0468,0.1877,0.1857,4.274,416,
LA,2022,16,15,26,0.0385,0.5,0.2805,-0.2421,0.1877,0.1857,4.274,416,
LAC,2022,16,15,34,0.3529,0.1765,0.2205,0.1325,0.1877,0.1857,4.274,416,
LV,2022,16,15,33,0.1515,0.2727,0.2383,-0.0868,0.1877,0.1857,4.274,416,
MIA,2022,16,15,27,0.2963,0.0741,0.2015,0.0948,0.1877,0.1857,4.274,416,
MIN,2022,16,15,51,0.2745,0.3725,0.2569,0.0176,0.1877,0.1857,4.274,416,
NE,2022,16,15,36,0.25,0.2222,0.229,0.021,0.1877,0.1857,4.274,416,
NO,2022,16,15,15,0.0667,0.2,0.2248,-0.1582,0.1877,0.1857,4.274,416,
NYG,2022,16,15,46,0.2174,0.2391,0.2321,-0.0147,0.1877,0.1857,4.274,416,
NYJ,2022,16,15,26,0.2692,0.4615,0.2734,-0.0042,0.1877,0.1857,4.274,416,
PHI,2022,16,15,39,0.0256,0.1795,0.221,-0.1954,0.1877,0.1857,4.274,416,
PIT,2022,16,15,39,0.2308,0.1026,0.2068,0.024,0.1877,0.1857,4.274,416,
SEA,2022,16,15,29,0.3448,0.1724,0.2197,0.1251,0.1877,0.1857,4.274,416,
SF,2022,16,15,21,0.2381,0.4762,0.2761,-0.038,0.1877,0.1857,4.274,416,
TB,2022,16,15,48,0.0833,0.2083,0.2264,-0.1431,0.1877,0.1857,4.274,416,
TEN,2022,16,15,27,0.2963,0.1481,0.2152,0.0811,0.1877,0.1857,4.274,416,
WAS,2022,16,15,19,0.4211,0.5263,0.2854,0.1356,0.1877,0.1857,4.274,416,
ARI,2022,17,16,42,0.1667,0.2143,0.2309,-0.0642,0.1908,0.1868,4.328,446,
ATL,2022,17,16,27,0.1111,0.5926,0.3015,-0.1904,0.1908,0.1868,4.328,446,
BAL,2022,17,16,21,0.0952,0.4762,0.2798,-0.1845,0.1908,0.1868,4.328,446,
CAR,2022,17,16,32,0.3438,0.1875,0.2258,0.1179,0.1908,0.1868,4.328,446,
CHI,2022,17,16,18,0.6111,0.3333,0.2531,0.358,0.1908,0.1868,4.328,446,
CLE,2022,17,16,23,0.3043,0.2609,0.2396,0.0648,0.1908,0.1868,4.328,446,
DAL,2022,17,16,36,0.2222,0.25,0.2375,-0.0153,0.1908,0.1868,4.328,446,
DEN,2022,17,16,42,0.2857,0.1429,0.2175,0.0682,0.1908,0.1868,4.328,446,
DET,2022,17,16,26,0.1154,0.2692,0.2411,-0.1257,0.1908,0.1868,4.328,446,
GB,2022,17,16,22,0.2273,0.2273,0.2333,-0.006,0.1908,0.1868,4.328,446,
HOU,2022,17,16,23,0.6957,0.3043,0.2477,0.448,0.1908,0.1868,4.328,446,
IND,2022,17,16,24,0.2083,0.2083,0.2297,-0.0214,0.1908,0.1868,4.328,446,
JAX,2022,17,16,28,0.1786,0.1071,0.2108,-0.0323,0.1908,0.1868,4.328,446,
KC,2022,17,16,41,0.0976,0.2195,0.2318,-0.1343,0.1908,0.1868,4.328,446,
LA,2022,17,16,18,0.6111,0.7222,0.3258,0.2854,0.1908,0.1868,4.328,446,
LAC,2022,17,16,24,0.25,0.4583,0.2765,-0.0265,0.1908,0.1868,4.328,446,
LV,2022,17,16,34,0.3235,0.2059,0.2293,0.0942,0.1908,0.1868,4.328,446,
MIA,2022,17,16,35,0.3143,0.1714,0.2228,0.0914,0.1908,0.1868,4.328,446,
MIN,2022,17,16,30,0.3,0.1,0.2095,0.0905,0.1908,0.1868,4.328,446,
NE,2022,17,16,35,0.2,0.3714,0.2602,-0.0602,0.1908,0.1868,4.328,446,
NO,2022,17,16,31,0.3548,0.1935,0.227,0.1279,0.1908,0.1868,4.328,446,
NYG,2022,17,16,24,0.125,0.2083,0.2297,-0.1047,0.1908,0.1868,4.328,446,
NYJ,2022,17,16,32,0.4062,0.2188,0.2317,0.1746,0.1908,0.1868,4.328,446,
PHI,2022,17,16,37,0.2703,0.1622,0.2211,0.0492,0.1908,0.1868,4.328,446,
PIT,2022,17,16,29,0.2759,0.1724,0.223,0.0528,0.1908,0.1868,4.328,446,
SEA,2022,17,16,23,0.4348,0.2609,0.2396,0.1952,0.1908,0.1868,4.328,446,
SF,2022,17,16,35,0.0857,0.3143,0.2495,-0.1638,0.1908,0.1868,4.328,446,
TB,2022,17,16,50,0.18,0.22,0.2319,-0.0519,0.1908,0.1868,4.328,446,
TEN,2022,17,16,31,0.6452,0.3548,0.2571,0.388,0.1908,0.1868,4.328,446,
WAS,2022,17,16,19,0.2632,0.3684,0.2597,0.0035,0.1908,0.1868,4.328,446,
ARI,2022,18,17,22,0.2727,0.3636,0.2596,0.0132,0.192,0.1858,4.418,478,
ATL,2022,18,17,27,0.2222,0.4074,0.2677,-0.0455,0.192,0.1858,4.418,478,
BAL,2022,18,17,39,0.2308,0.3846,0.2635,-0.0327,0.192,0.1858,4.418,478,
BUF,2022,18,16,30,0.1667,0.1333,0.2168,-0.0501,0.192,0.1858,4.418,478,
CAR,2022,18,17,17,0.2941,0.4118,0.2685,0.0256,0.192,0.1858,4.418,478,
CHI,2022,18,17,22,0.1818,0.2727,0.2427,-0.0609,0.192,0.1858,4.418,478,
CIN,2022,18,16,41,0.1463,0.0732,0.2056,-0.0593,0.192,0.1858,4.418,478,
CLE,2022,18,17,25,0.36,0.28,0.244,0.116,0.192,0.1858,4.418,478,
DAL,2022,18,17,30,0.2,0.1,0.2106,-0.0106,0.192,0.1858,4.418,478,
DEN,2022,18,17,26,0.1923,0.4615,0.2778,-0.0855,0.192,0.1858,4.418,478,
DET,2022,18,17,34,0.1765,0.3824,0.263,-0.0866,0.192,0.1858,4.418,478,
GB,2022,18,17,29,0.3448,0.2414,0.2369,0.108,0.192,0.1858,4.418,478,
HOU,2022,18,17,42,0.2619,0.2619,0.2407,0.0212,0.192,0.1858,4.418,478,
IND,2022,18,17,37,0.1622,0.1892,0.2272,-0.065,0.192,0.1858,4.418,478,
JAX,2022,18,17,33,0.1212,0.3636,0.2596,-0.1384,0.192,0.1858,4.418,478,
KC,2022,18,17,22,0.4545,0.3636,0.2596,0.195,0.192,0.1858,4.418,478,
LA,2022,18,17,31,0.3226,0.1935,0.228,0.0946,0.192,0.1858,4.418,478,
LAC,2022,18,17,46,0.0435,0.3696,0.2607,-0.2172,0.192,0.1858,4.418,478,
LV,2022,18,17,23,0.7391,0.3478,0.2566,0.4825,0.192,0.1858,4.418,478,
MIA,2022,18,17,32,0.5312,0.1562,0.221,0.3102,0.192,0.1858,4.418,478,
MIN,2022,18,17,27,0.1481,0.2963,0.2471,-0.0989,0.192,0.1858,4.418,478,
NE,2022,18,17,36,0.1111,0.2222,0.2333,-0.1222,0.192,0.1858,4.418,478,
NO,2022,18,17,26,0.1538,0.3077,0.2492,-0.0953,0.192,0.1858,4.418,478,
NYG,2022,18,17,32,0.375,0.25,0.2385,0.1365,0.192,0.1858,4.418,478,
NYJ,2022,18,17,33,0.4242,0.5758,0.299,0.1253,0.192,0.1858,4.418,478,
PHI,2022,18,17,36,0.25,0.5833,0.3004,-0.0504,0.192,0.1858,4.418,478,
PIT,2022,18,17,30,0.2,0.3,0.2477,-0.0477,0.192,0.1858,4.418,478,
SEA,2022,18,17,33,0.2727,0.4242,0.2708,0.0019,0.192,0.1858,4.418,478,
SF,2022,18,17,24,0.25,0.4167,0.2694,-0.0194,0.192,0.1858,4.418,478,
TB,2022,18,17,27,0.1852,0.3704,0.2608,-0.0756,0.192,0.1858,4.418,478,
TEN,2022,18,17,33,0.3939,0.4242,0.2708,0.1231,0.192,0.1858,4.418,478,
WAS,2022,18,17,19,0.2105,0.0526,0.2018,0.0087,0.192,0.1858,4.418,478,
ARI,2023,1,1,33,0.1515,0.2727,,,,,,0,pool<32
ATL,2023,1,1,22,0.2727,0.2273,,,,,,0,pool<32
BAL,2023,1,1,20,0.45,0.45,,,,,,0,pool<32
BUF,2023,1,1,45,0.2444,0.2444,,,,,,0,pool<32
CAR,2023,1,1,28,0.5,0.25,,,,,,0,pool<32
CHI,2023,1,1,22,0.4091,0.6364,,,,,,0,pool<32
CIN,2023,1,1,27,0.3704,0.5185,,,,,,0,pool<32
CLE,2023,1,1,30,0.2667,0.4,,,,,,0,pool<32
DAL,2023,1,1,20,0.2,0.4,,,,,,0,pool<32
DEN,2023,1,1,35,0.1143,0.2857,,,,,,0,pool<32
DET,2023,1,1,35,0.1143,0.3429,,,,,,0,pool<32
GB,2023,1,1,26,0.1923,0.1923,,,,,,0,pool<32
HOU,2023,1,1,34,0.4118,0.4118,,,,,,0,pool<32
IND,2023,1,1,41,0.2683,0.4146,,,,,,0,pool<32
JAX,2023,1,1,34,0.1176,0.0882,,,,,,0,pool<32
KC,2023,1,1,39,0.2051,0.1282,,,,,,0,pool<32
LA,2023,1,1,35,0.0857,0.3429,,,,,,0,pool<32
LAC,2023,1,1,36,0.2222,0.1944,,,,,,0,pool<32
LV,2023,1,1,26,0.0769,0.2308,,,,,,0,pool<32
MIA,2023,1,1,45,0.1111,0.3556,,,,,,0,pool<32
MIN,2023,1,1,46,0.2826,0.4565,,,,,,0,pool<32
NE,2023,1,1,57,0.4035,0.2281,,,,,,0,pool<32
NO,2023,1,1,37,0.2162,0.2162,,,,,,0,pool<32
NYG,2023,1,1,27,0.5926,0.3333,,,,,,0,pool<32
NYJ,2023,1,1,25,0.44,0.12,,,,,,0,pool<32
PHI,2023,1,1,36,0.3889,0.4167,,,,,,0,pool<32
PIT,2023,1,1,33,0.7273,0.2121,,,,,,0,pool<32
SEA,2023,1,1,25,0.32,0.32,,,,,,0,pool<32
SF,2023,1,1,28,0.6786,0.3214,,,,,,0,pool<32
TB,2023,1,1,35,0.1714,0.5429,,,,,,0,pool<32
TEN,2023,1,1,37,0.2162,0.3514,,,,,,0,pool<32
WAS,2023,1,1,37,0.1892,0.2432,,,,,,0,pool<32
ARI,2023,2,2,29,0.2414,0.5517,,,,,,0,pool<32
ATL,2023,2,2,33,0.2727,0.3939,,,,,,0,pool<32
BAL,2023,2,2,33,0.0303,0.4242,,,,,,0,pool<32
BUF,2023,2,2,36,0.1111,0.3333,,,,,,0,pool<32
CAR,2023,2,2,29,0.3793,0.1379,,,,,,0,pool<32
CHI,2023,2,2,32,0.3438,0.3125,,,,,,0,pool<32
CIN,2023,2,2,42,0.119,0.1429,,,,,,0,pool<32
CLE,2023,2,2,46,0.2826,0.4565,,,,,,0,pool<32
DAL,2023,2,2,35,0.0857,0.2857,,,,,,0,pool<32
DEN,2023,2,2,34,0.4118,0.2647,,,,,,0,pool<32
DET,2023,2,2,37,0.2703,0.1892,,,,,,0,pool<32
GB,2023,2,2,26,0.1154,0.4615,,,,,,0,pool<32
HOU,2023,2,2,33,0.5758,0.2424,,,,,,0,pool<32
IND,2023,2,2,30,0.2333,0.2667,,,,,,0,pool<32
JAX,2023,2,2,46,0.3696,0.413,,,,,,0,pool<32
KC,2023,2,2,41,0.3659,0.1951,,,,,,0,pool<32
LA,2023,2,2,44,0.2273,0.3636,,,,,,0,pool<32
LAC,2023,2,2,45,0.1111,0.1333,,,,,,0,pool<32
LV,2023,2,2,20,0.1,0.15,,,,,,0,pool<32
MIA,2023,2,2,31,0.0645,0.4839,,,,,,0,pool<32
MIN,2023,2,2,32,0.3438,0.25,,,,,,0,pool<32
NE,2023,2,2,42,0.119,0.4762,,,,,,0,pool<32
NO,2023,2,2,41,0.1463,0.3171,,,,,,0,pool<32
NYG,2023,2,2,40,0.2,0.15,,,,,,0,pool<32
NYJ,2023,2,2,15,0.6,0.4667,,,,,,0,pool<32
PHI,2023,2,2,22,0.1818,0.6364,,,,,,0,pool<32
PIT,2023,2,2,32,0.3438,0.2812,,,,,,0,pool<32
SEA,2023,2,2,41,0.3415,0.3902,,,,,,0,pool<32
SF,2023,2,2,25,0.2,0.16,,,,,,0,pool<32
TB,2023,2,2,34,0.1765,0.1765,,,,,,0,pool<32
TEN,2023,2,2,29,0.1724,0.4138,,,,,,0,pool<32
WAS,2023,2,2,43,0.186,0.3023,,,,,,0,pool<32
ARI,2023,3,3,24,0.2083,0.5417,0.2706,-0.0623,0.2736,-0.0055,-0.042,32,
ATL,2023,3,3,29,0.4483,0.2069,0.2724,0.1758,0.2736,-0.0055,-0.042,32,
BAL,2023,3,3,35,0.1429,0.3143,0.2719,-0.129,0.2736,-0.0055,-0.042,32,
BUF,2023,3,3,28,0.0714,0.25,0.2722,-0.2008,0.2736,-0.0055,-0.042,32,
CAR,2023,3,3,49,0.2041,0.2857,0.272,-0.0679,0.2736,-0.0055,-0.042,32,
CHI,2023,3,3,18,0.5,0.5,0.2708,0.2292,0.2736,-0.0055,-0.042,32,
CIN,2023,3,3,50,0.14,0.18,0.2726,-0.1326,0.2736,-0.0055,-0.042,32,
CLE,2023,3,3,33,0.2424,0.3333,0.2718,-0.0293,0.2736,-0.0055,-0.042,32,
DAL,2023,3,3,42,0.1667,0.1905,0.2725,-0.1059,0.2736,-0.0055,-0.042,32,
DEN,2023,3,3,31,0.5484,0.3226,0.2718,0.2766,0.2736,-0.0055,-0.042,32,
DET,2023,3,3,33,0.3636,0.2121,0.2724,0.0912,0.2736,-0.0055,-0.042,32,
GB,2023,3,3,41,0.2927,0.3415,0.2717,0.021,0.2736,-0.0055,-0.042,32,
HOU,2023,3,3,28,0.2143,0.3214,0.2718,-0.0575,0.2736,-0.0055,-0.042,32,
IND,2023,3,3,49,0.1633,0.6122,0.2702,-0.107,0.2736,-0.0055,-0.042,32,
JAX,2023,3,3,27,0.2963,0.2593,0.2722,0.0241,0.2736,-0.0055,-0.042,32,
KC,2023,3,3,34,0.1765,0.1176,0.2729,-0.0965,0.2736,-0.0055,-0.042,32,
LA,2023,3,3,38,0.2895,0.3947,0.2714,0.0181,0.2736,-0.0055,-0.042,32,
LAC,2023,3,3,49,0.1429,0.8163,0.2691,-0.1263,0.2736,-0.0055,-0.042,32,
LV,2023,3,3,40,0.2,0.2,0.2725,-0.0725,0.2736,-0.0055,-0.042,32,
MIA,2023,3,3,25,0.04,0.16,0.2727,-0.2327,0.2736,-0.0055,-0.042,32,
MIN,2023,3,3,54,0.3333,0.2407,0.2723,0.0611,0.2736,-0.0055,-0.042,32,
NE,2023,3,3,29,0.2759,0.1034,0.273,0.0028,0.2736,-0.0055,-0.042,32,
NO,2023,3,3,33,0.3636,0.4848,0.2709,0.0927,0.2736,-0.0055,-0.042,32,
NYG,2023,3,3,29,0.2414,0.4483,0.2711,-0.0297,0.2736,-0.0055,-0.042,32,
NYJ,2023,3,3,38,0.3947,0.4211,0.2713,0.1235,0.2736,-0.0055,-0.042,32,
PHI,2023,3,3,31,0.2581,0.7097,0.2697,-0.0116,0.2736,-0.0055,-0.042,32,
PIT,2023,3,3,27,0.2222,0.2222,0.2724,-0.0501,0.2736,-0.0055,-0.042,32,
SEA,2023,3,3,37,0.3243,0.1892,0.2725,0.0518,0.2736,-0.0055,-0.042,32,
SF,2023,3,3,35,0.1429,0.7714,0.2694,-0.1265,0.2736,-0.0055,-0.042,32,
TB,2023,3,3,21,0.2857,0.2857,0.272,0.0137,0.2736,-0.0055,-0.042,32,
TEN,2023,3,3,25,0.4,0.32,0.2718,0.1282,0.2736,-0.0055,-0.042,32,
WAS,2023,3,3,25,0.6,0.4,0.2714,0.3286,0.2736,-0.0055,-0.042,32,
ARI,2023,4,4,31,0.2581,0.0968,0.2804,-0.0224,0.2795,0.0099,0.091,64,
ATL,2023,4,4,29,0.2759,0.4138,0.2836,-0.0077,0.2795,0.0099,0.091,64,
BAL,2023,4,4,19,0.3158,0.2632,0.2821,0.0337,0.2795,0.0099,0.091,64,
BUF,2023,4,4,25,0.32,0.28,0.2823,0.0377,0.2795,0.0099,0.091,64,
CAR,2023,4,4,37,0.1622,0.3784,0.2832,-0.1211,0.2795,0.0099,0.091,64,
CHI,2023,4,4,38,0.2368,0.2632,0.2821,-0.0453,0.2795,0.0099,0.091,64,
CIN,2023,4,4,23,0.4783,0.4348,0.2838,0.1945,0.2795,0.0099,0.091,64,
CLE,2023,4,4,28,0.3214,0.3214,0.2827,0.0388,0.2795,0.0099,0.091,64,
DAL,2023,4,4,35,0.2,0.5429,0.2849,-0.0849,0.2795,0.0099,0.091,64,
DEN,2023,4,4,29,0.1034,0.3448,0.2829,-0.1795,0.2795,0.0099,0.091,64,
DET,2023,4,4,27,0.2593,0.3333,0.2828,-0.0235,0.2795,0.0099,0.091,64,
GB,2023,4,4,32,0.375,0.0938,0.2804,0.0946,0.2795,0.0099,0.091,64,
HOU,2023,4,4,26,0.3077,0.3077,0.2825,0.0252,0.2795,0.0099,0.091,64,
IND,2023,4,4,28,0.3214,0.2143,0.2816,0.0398,0.2795,0.0099,0.091,64,
JAX,2023,4,4,31,0.2903,0.2581,0.282,0.0083,0.2795,0.0099,0.091,64,
KC,2023,4,4,31,0.5161,0.2258,0.2817,0.2344,0.2795,0.0099,0.091,64,
LA,2023,4,4,41,0.2195,0.1707,0.2812,-0.0617,0.2795,0.0099,0.091,64,
LAC,2023,4,4,24,0.3333,0.25,0.282,0.0514,0.2795,0.0099,0.091,64,
LV,2023,4,4,42,0.1905,0.1905,0.2814,-0.0909,0.2795,0.0099,0.091,64,
MIA,2023,4,4,30,0.4,0.2333,0.2818,0.1182,0.2795,0.0099,0.091,64,
MIN,2023,4,4,20,0.3,0.35,0.283,0.017,0.2795,0.0099,0.091,64,
NE,2023,4,4,25,0.12,0.36,0.2831,-0.1631,0.2795,0.0099,0.091,64,
NO,2023,4,4,37,0.1351,0.2432,0.2819,-0.1468,0.2795,0.0099,0.091,64,
NYG,2023,4,4,30,0.7,0.3,0.2825,0.4175,0.2795,0.0099,0.091,64,
NYJ,2023,4,4,41,0.3902,0.3415,0.2829,0.1074,0.2795,0.0099,0.091,64,
PHI,2023,4,4,40,0.325,0.275,0.2822,0.0428,0.2795,0.0099,0.091,64,
PIT,2023,4,4,26,0.3077,0.1154,0.2806,0.0271,0.2795,0.0099,0.091,64,
SEA,2023,4,4,23,0.4348,0.4783,0.2842,0.1506,0.2795,0.0099,0.091,64,
SF,2023,4,4,20,0.1,0.15,0.281,-0.181,0.2795,0.0099,0.091,64,
TB,2023,4,4,32,0.0938,0.1875,0.2813,-0.1876,0.2795,0.0099,0.091,64,
TEN,2023,4,4,25,0.32,0.36,0.2831,0.0369,0.2795,0.0099,0.091,64,
WAS,2023,4,4,46,0.2826,0.3043,0.2825,0.0001,0.2795,0.0099,0.091,64,
ARI,2023,5,5,24,0.5,0.4583,0.2834,0.2166,0.2619,0.0468,0.474,92,
ATL,2023,5,5,39,0.2308,0.1538,0.2691,-0.0383,0.2619,0.0468,0.474,92,
BAL,2023,5,5,39,0.1795,0.6923,0.2943,-0.1148,0.2619,0.0468,0.474,92,
BUF,2023,5,5,38,0.2632,0.4737,0.2841,-0.0209,0.2619,0.0468,0.474,92,
CAR,2023,5,5,29,0.3103,0.3103,0.2764,0.0339,0.2619,0.0468,0.474,92,
CHI,2023,5,5,30,0.5333,0.4,0.2806,0.2527,0.2619,0.0468,0.474,92,
CIN,2023,5,5,43,0.1395,0.2791,0.275,-0.1354,0.2619,0.0468,0.474,92,
DAL,2023,5,5,23,0.3478,0.2609,0.2741,0.0737,0.2619,0.0468,0.474,92,
DEN,2023,5,5,30,0.3333,0.1667,0.2697,0.0636,0.2619,0.0468,0.474,92,
DET,2023,5,5,29,0.3103,0.3448,0.2781,0.0323,0.2619,0.0468,0.474,92,
GB,2023,5,5,32,0.1562,0.1562,0.2692,-0.113,0.2619,0.0468,0.474,92,
HOU,2023,5,5,35,0.2286,0.1143,0.2673,-0.0387,0.2619,0.0468,0.474,92,
IND,2023,5,5,27,0.037,0.2963,0.2758,-0.2387,0.2619,0.0468,0.474,92,
JAX,2023,5,5,42,0.3333,0.4048,0.2809,0.0525,0.2619,0.0468,0.474,92,
KC,2023,5,5,41,0.3902,0.561,0.2882,0.1021,0.2619,0.0468,0.474,92,
LA,2023,5,5,36,0.25,0.3611,0.2788,-0.0288,0.2619,0.0468,0.474,92,
LV,2023,5,5,34,0.1765,0.4412,0.2826,-0.1061,0.2619,0.0468,0.474,92,
MIA,2023,5,5,26,0.2308,0.1154,0.2673,-0.0365,0.2619,0.0468,0.474,92,
MIN,2023,5,5,47,0.2766,0.4255,0.2818,-0.0052,0.2619,0.0468,0.474,92,
NE,2023,5,5,24,0.2083,0.2083,0.2717,-0.0633,0.2619,0.0468,0.474,92,
NO,2023,5,5,24,0.125,0.5417,0.2873,-0.1623,0.2619,0.0468,0.474,92,
NYG,2023,5,5,22,0.8182,0.2273,0.2726,0.5456,0.2619,0.0468,0.474,92,
NYJ,2023,5,5,30,0.2,0.2667,0.2744,-0.0744,0.2619,0.0468,0.474,92,
PHI,2023,5,5,39,0.0513,0.2564,0.2739,-0.2226,0.2619,0.0468,0.474,92,
PIT,2023,5,5,36,0.0833,0.1944,0.271,-0.1877,0.2619,0.0468,0.474,92,
SF,2023,5,5,24,0.0833,0.2917,0.2756,-0.1922,0.2619,0.0468,0.474,92,
TEN,2023,5,5,32,0.1562,0.0625,0.2648,-0.1086,0.2619,0.0468,0.474,92,
WAS,2023,5,5,41,0.4146,0.3415,0.2779,0.1367,0.2619,0.0468,0.474,92,
ARI,2023,6,6,23,0.4783,0.3913,0.2754,0.2028,0.2589,0.0423,0.504,122,
ATL,2023,6,6,47,0.1915,0.2766,0.2706,-0.0791,0.2589,0.0423,0.504,122,
BAL,2023,6,6,29,0.1724,0.3448,0.2735,-0.101,0.2589,0.0423,0.504,122,
BUF,2023,6,6,29,0.2069,0.2069,0.2676,-0.0607,0.2589,0.0423,0.504,122,
CAR,2023,6,6,30,0.3,0.2333,0.2687,0.0313,0.2589,0.0423,0.504,122,
CHI,2023,6,6,29,0.3448,0.7586,0.291,0.0539,0.2589,0.0423,0.504,122,
CIN,2023,6,6,38,0.1579,0.2105,0.2678,-0.1099,0.2589,0.0423,0.504,122,
CLE,2023,6,5,36,0.3333,0.2222,0.2683,0.0651,0.2589,0.0423,0.504,122,
DAL,2023,6,6,35,0.2286,0.2,0.2673,-0.0388,0.2589,0.0423,0.504,122,
DEN,2023,6,6,17,0.5294,0.6471,0.2863,0.2432,0.2589,0.0423,0.504,122,
DET,2023,6,6,39,0.1795,0.5897,0.2838,-0.1043,0.2589,0.0423,0.504,122,
HOU,2023,6,6,29,0.1034,0.2414,0.2691,-0.1656,0.2589,0.0423,0.504,122,
IND,2023,6,6,37,0.2162,0.5135,0.2806,-0.0644,0.2589,0.0423,0.504,122,
JAX,2023,6,6,26,0.1923,0.2692,0.2703,-0.0779,0.2589,0.0423,0.504,122,
KC,2023,6,6,35,0.2857,0.3143,0.2722,0.0136,0.2589,0.0423,0.504,122,
LA,2023,6,6,24,0.125,0.375,0.2747,-0.1497,0.2589,0.0423,0.504,122,
LAC,2023,6,5,38,0.2368,0.3947,0.2756,-0.0387,0.2589,0.0423,0.504,122,
LV,2023,6,6,32,0.0938,0.3438,0.2734,-0.1797,0.2589,0.0423,0.504,122,
MIA,2023,6,6,26,0.0385,0.5385,0.2817,-0.2432,0.2589,0.0423,0.504,122,
MIN,2023,6,6,32,0.1875,0.3438,0.2734,-0.0859,0.2589,0.0423,0.504,122,
NE,2023,6,6,37,0.1622,0.2703,0.2703,-0.1081,0.2589,0.0423,0.504,122,
NO,2023,6,6,53,0.1321,0.3019,0.2716,-0.1396,0.2589,0.0423,0.504,122,
NYG,2023,6,6,37,0.2973,0.3514,0.2737,0.0236,0.2589,0.0423,0.504,122,
NYJ,2023,6,6,39,0.359,0.2821,0.2708,0.0882,0.2589,0.0423,0.504,122,
PHI,2023,6,6,47,0.3404,0.1489,0.2652,0.0753,0.2589,0.0423,0.504,122,
SEA,2023,6,5,45,0.3778,0.2222,0.2683,0.1095,0.2589,0.0423,0.504,122,
SF,2023,6,6,29,0.2069,0.3103,0.272,-0.0651,0.2589,0.0423,0.504,122,
TB,2023,6,5,24,0.375,0.4583,0.2783,0.0967,0.2589,0.0423,0.504,122,
TEN,2023,6,6,19,0.5263,0.2105,0.2678,0.2585,0.2589,0.0423,0.504,122,
WAS,2023,6,6,27,0.4074,0.2222,0.2683,0.1391,0.2589,0.0423,0.504,122,
ARI,2023,7,7,32,0.2188,0.1562,0.2485,-0.0297,0.2384,0.0644,0.83,148,
ATL,2023,7,7,26,0.1538,0.2692,0.2558,-0.1019,0.2384,0.0644,0.83,148,
BAL,2023,7,7,25,0.04,0.24,0.2539,-0.2139,0.2384,0.0644,0.83,148,
BUF,2023,7,7,42,0.3333,0.381,0.263,0.0704,0.2384,0.0644,0.83,148,
CHI,2023,7,7,29,0.069,0.2414,0.254,-0.185,0.2384,0.0644,0.83,148,
CLE,2023,7,6,38,0.3158,0.2632,0.2554,0.0604,0.2384,0.0644,0.83,148,
DEN,2023,7,7,30,0.2333,0.3333,0.2599,-0.0266,0.2384,0.0644,0.83,148,
DET,2023,7,7,38,0.2368,0.2632,0.2554,-0.0185,0.2384,0.0644,0.83,148,
GB,2023,7,6,32,0.125,0.4375,0.2666,-0.1416,0.2384,0.0644,0.83,148,
IND,2023,7,7,27,0.2963,0.4444,0.2671,0.0292,0.2384,0.0644,0.83,148,
JAX,2023,7,7,30,0.0333,0.2,0.2513,-0.218,0.2384,0.0644,0.83,148,
KC,2023,7,7,42,0.0952,0.3333,0.2599,-0.1647,0.2384,0.0644,0.83,148,
LA,2023,7,7,32,0.2188,0.4688,0.2686,-0.0499,0.2384,0.0644,0.83,148,
LAC,2023,7,6,26,0.3077,0.3462,0.2607,0.047,0.2384,0.0644,0.83,148,
LV,2023,7,7,28,0.1071,0.4643,0.2683,-0.1612,0.2384,0.0644,0.83,148,
MIA,2023,7,7,32,0.1562,0.2188,0.2525,-0.0963,0.2384,0.0644,0.83,148,
MIN,2023,7,7,44,0.25,0.2727,0.256,-0.006,0.2384,0.0644,0.83,148,
NE,2023,7,7,31,0.1613,0.3226,0.2592,-0.0979,0.2384,0.0644,0.83,148,
NO,2023,7,7,57,0.1754,0.2807,0.2565,-0.0811,0.2384,0.0644,0.83,148,
NYG,2023,7,7,33,0.2424,0.4242,0.2658,-0.0233,0.2384,0.0644,0.83,148,
PHI,2023,7,7,34,0.1765,0.3235,0.2593,-0.0828,0.2384,0.0644,0.83,148,
PIT,2023,7,6,27,0.2963,0.3704,0.2623,0.034,0.2384,0.0644,0.83,148,
SEA,2023,7,6,25,0.12,0.24,0.2539,-0.1339,0.2384,0.0644,0.83,148,
SF,2023,7,7,30,0.2667,0.4333,0.2663,0.0003,0.2384,0.0644,0.83,148,
TB,2023,7,6,45,0.2,0.2222,0.2527,-0.0527,0.2384,0.0644,0.83,148,
WAS,2023,7,7,48,0.2917,0.5625,0.2747,0.017,0.2384,0.0644,0.83,148,
ARI,2023,8,8,19,0.4211,0.3158,0.2642,0.1569,0.2312,0.1046,1.442,180,
ATL,2023,8,8,36,0.3056,0.2222,0.2544,0.0512,0.2312,0.1046,1.442,180,
BAL,2023,8,8,29,0.3448,0.2759,0.26,0.0848,0.2312,0.1046,1.442,180,
BUF,2023,8,8,37,0.1622,0.3243,0.2651,-0.1029,0.2312,0.1046,1.442,180,
CAR,2023,8,7,37,0.2973,0.3514,0.2679,0.0294,0.2312,0.1046,1.442,180,
CHI,2023,8,8,23,0.4783,0.3478,0.2675,0.2107,0.2312,0.1046,1.442,180,
CIN,2023,8,7,35,0.1714,0.0857,0.2401,-0.0687,0.2312,0.1046,1.442,180,
CLE,2023,8,7,34,0.3529,0.2353,0.2558,0.0972,0.2312,0.1046,1.442,180,
DAL,2023,8,7,31,0.0968,0.4194,0.275,-0.1782,0.2312,0.1046,1.442,180,
DEN,2023,8,8,23,0.3043,0.2174,0.2539,0.0505,0.2312,0.1046,1.442,180,
DET,2023,8,8,36,0.3333,0.1667,0.2486,0.0847,0.2312,0.1046,1.442,180,
GB,2023,8,7,37,0.1622,0.4324,0.2764,-0.1142,0.2312,0.1046,1.442,180,
HOU,2023,8,7,27,0.1481,0.1852,0.2505,-0.1024,0.2312,0.1046,1.442,180,
IND,2023,8,8,35,0.4,0.3429,0.267,0.133,0.2312,0.1046,1.442,180,
JAX,2023,8,8,35,0.2,0.4571,0.279,-0.079,0.2312,0.1046,1.442,180,
KC,2023,8,8,33,0.2424,0.2727,0.2597,-0.0173,0.2312,0.1046,1.442,180,
LA,2023,8,8,26,0.1923,0.3846,0.2714,-0.0791,0.2312,0.1046,1.442,180,
LAC,2023,8,7,35,0.2,0.4,0.273,-0.073,0.2312,0.1046,1.442,180,
LV,2023,8,8,16,0.75,0.625,0.2965,0.4535,0.2312,0.1046,1.442,180,
MIA,2023,8,8,45,0.1556,0.3111,0.2637,-0.1081,0.2312,0.1046,1.442,180,
MIN,2023,8,8,27,0.2963,0.5556,0.2893,0.007,0.2312,0.1046,1.442,180,
NE,2023,8,8,26,0.3462,0.1923,0.2513,0.0949,0.2312,0.1046,1.442,180,
NO,2023,8,8,30,0.0667,0.2333,0.2556,-0.1889,0.2312,0.1046,1.442,180,
NYG,2023,8,8,18,0.5556,0.2222,0.2544,0.3012,0.2312,0.1046,1.442,180,
NYJ,2023,8,7,39,0.4359,0.5641,0.2902,0.1457,0.2312,0.1046,1.442,180,
PHI,2023,8,8,40,0.15,0.225,0.2547,-0.1047,0.2312,0.1046,1.442,180,
PIT,2023,8,7,33,0.3333,0.1818,0.2502,0.0832,0.2312,0.1046,1.442,180,
SEA,2023,8,7,38,0.2105,0.2632,0.2587,-0.0482,0.2312,0.1046,1.442,180,
SF,2023,8,8,26,0.2692,0.1154,0.2432,0.026,0.2312,0.1046,1.442,180,
TB,2023,8,7,27,0.4074,0.4074,0.2738,0.1336,0.2312,0.1046,1.442,180,
TEN,2023,8,7,31,0.3548,0.3871,0.2716,0.0832,0.2312,0.1046,1.442,180,
WAS,2023,8,8,49,0.1429,0.2857,0.261,-0.1182,0.2312,0.1046,1.442,180,
ARI,2023,9,9,16,0.6875,0.25,0.2553,0.4322,0.2287,0.1064,1.559,208,
ATL,2023,9,9,38,0.1316,0.4474,0.2763,-0.1447,0.2287,0.1064,1.559,208,
BAL,2023,9,9,26,0.0385,0.3462,0.2656,-0.2271,0.2287,0.1064,1.559,208,
BUF,2023,9,9,38,0.1316,0.0789,0.2371,-0.1055,0.2287,0.1064,1.559,208,
CAR,2023,9,8,26,0.2692,0.1538,0.2451,0.0241,0.2287,0.1064,1.559,208,
CHI,2023,9,9,32,0.1875,0.2812,0.2587,-0.0712,0.2287,0.1064,1.559,208,
CIN,2023,9,8,41,0.1463,0.3171,0.2625,-0.1161,0.2287,0.1064,1.559,208,
CLE,2023,9,8,27,0.1481,0.2222,0.2524,-0.1042,0.2287,0.1064,1.559,208,
DAL,2023,9,8,49,0.2857,0.1224,0.2418,0.044,0.2287,0.1064,1.559,208,
GB,2023,9,8,23,0.3043,0.3478,0.2657,0.0386,0.2287,0.1064,1.559,208,
HOU,2023,9,8,45,0.3111,0.2667,0.2571,0.054,0.2287,0.1064,1.559,208,
IND,2023,9,9,24,0.1667,0.3333,0.2642,-0.0975,0.2287,0.1064,1.559,208,
KC,2023,9,9,32,0.3125,0.3125,0.262,0.0505,0.2287,0.1064,1.559,208,
LA,2023,9,9,23,0.2609,0.2174,0.2519,0.009,0.2287,0.1064,1.559,208,
LAC,2023,9,8,34,0.4412,0.1176,0.2412,0.1999,0.2287,0.1064,1.559,208,
LV,2023,9,9,22,0.0455,0.5,0.2819,-0.2365,0.2287,0.1064,1.559,208,
MIA,2023,9,9,37,0.2703,0.3784,0.269,0.0013,0.2287,0.1064,1.559,208,
MIN,2023,9,9,41,0.1707,0.1463,0.2443,-0.0736,0.2287,0.1064,1.559,208,
NE,2023,9,9,44,0.0455,0.1364,0.2432,-0.1978,0.2287,0.1064,1.559,208,
NO,2023,9,9,35,0.0571,0.2,0.25,-0.1929,0.2287,0.1064,1.559,208,
NYG,2023,9,9,19,0.4737,0.6842,0.3015,0.1722,0.2287,0.1064,1.559,208,
NYJ,2023,9,8,36,0.3333,0.2222,0.2524,0.081,0.2287,0.1064,1.559,208,
PHI,2023,9,9,26,0.3077,0.3077,0.2615,0.0462,0.2287,0.1064,1.559,208,
PIT,2023,9,8,30,0.1667,0.2,0.25,-0.0833,0.2287,0.1064,1.559,208,
SEA,2023,9,8,22,0.2273,0.2727,0.2577,-0.0305,0.2287,0.1064,1.559,208,
TB,2023,9,8,32,0.375,0.1562,0.2454,0.1296,0.2287,0.1064,1.559,208,
TEN,2023,9,8,42,0.3571,0.3571,0.2667,0.0904,0.2287,0.1064,1.559,208,
WAS,2023,9,9,48,0.2292,0.25,0.2553,-0.0262,0.2287,0.1064,1.559,208,
ARI,2023,10,10,35,0.1143,0.3429,0.2637,-0.1495,0.2171,0.136,2.293,236,
ATL,2023,10,10,25,0.28,0.16,0.2389,0.0411,0.2171,0.136,2.293,236,
BAL,2023,10,10,26,0.2308,0.3462,0.2642,-0.0334,0.2171,0.136,2.293,236,
BUF,2023,10,10,27,0.1481,0.2222,0.2473,-0.0992,0.2171,0.136,2.293,236,
CAR,2023,10,9,41,0.2683,0.2439,0.2503,0.018,0.2171,0.136,2.293,236,
CHI,2023,10,10,33,0.1212,0.3636,0.2666,-0.1453,0.2171,0.136,2.293,236,
CIN,2023,10,9,44,0.3182,0.1818,0.2418,0.0763,0.2171,0.136,2.293,236,
CLE,2023,10,9,36,0.3333,0.2222,0.2473,0.086,0.2171,0.136,2.293,236,
DAL,2023,10,9,35,0.1429,0.4857,0.2832,-0.1403,0.2171,0.136,2.293,236,
DEN,2023,10,9,33,0.3333,0.2727,0.2542,0.0791,0.2171,0.136,2.293,236,
DET,2023,10,9,33,0.0606,0.3636,0.2666,-0.206,0.2171,0.136,2.293,236,
GB,2023,10,9,40,0.125,0.35,0.2647,-0.1397,0.2171,0.136,2.293,236,
HOU,2023,10,9,38,0.3158,0.3158,0.2601,0.0557,0.2171,0.136,2.293,236,
IND,2023,10,10,28,0.1786,0.25,0.2511,-0.0725,0.2171,0.136,2.293,236,
JAX,2023,10,9,30,0.3,0.1333,0.2352,0.0648,0.2171,0.136,2.293,236,
LAC,2023,10,9,40,0.2,0.35,0.2647,-0.0647,0.2171,0.136,2.293,236,
LV,2023,10,10,29,0.2069,0.1724,0.2406,-0.0337,0.2171,0.136,2.293,236,
MIN,2023,10,10,35,0.2,0.2571,0.2521,-0.0521,0.2171,0.136,2.293,236,
NE,2023,10,10,32,0.3438,0.125,0.2341,0.1096,0.2171,0.136,2.293,236,
NO,2023,10,10,38,0.2105,0.3947,0.2708,-0.0603,0.2171,0.136,2.293,236,
NYG,2023,10,10,17,0.5294,0.8824,0.3371,0.1923,0.2171,0.136,2.293,236,
NYJ,2023,10,9,42,0.1429,0.0714,0.2268,-0.084,0.2171,0.136,2.293,236,
PIT,2023,10,9,24,0.1667,0.125,0.2341,-0.0674,0.2171,0.136,2.293,236,
SEA,2023,10,9,47,0.2128,0.3191,0.2605,-0.0477,0.2171,0.136,2.293,236,
SF,2023,10,9,26,0.3077,0.2308,0.2485,0.0592,0.2171,0.136,2.293,236,
TB,2023,10,9,29,0.1724,0.3448,0.264,-0.0916,0.2171,0.136,2.293,236,
TEN,2023,10,9,27,0.4815,0.9259,0.343,0.1385,0.2171,0.136,2.293,236,
WAS,2023,10,10,47,0.3404,0.2766,0.2547,0.0857,0.2171,0.136,2.293,236,
ARI,2023,11,11,33,0.2424,0.3333,0.2612,-0.0187,0.2125,0.1462,2.709,264,
BAL,2023,11,11,27,0.1852,0.0741,0.2233,-0.0381,0.2125,0.1462,2.709,264,
BUF,2023,11,11,32,0.1875,0.1562,0.2353,-0.0478,0.2125,0.1462,2.709,264,
CAR,2023,11,10,27,0.3704,0.5185,0.2882,0.0821,0.2125,0.1462,2.709,264,
CHI,2023,11,11,25,0.16,0.16,0.2358,-0.0758,0.2125,0.1462,2.709,264,
CIN,2023,11,10,29,0.2759,0.069,0.2225,0.0533,0.2125,0.1462,2.709,264,
CLE,2023,11,10,42,0.1429,0.3333,0.2612,-0.1183,0.2125,0.1462,2.709,264,
DAL,2023,11,10,36,0.1389,0.4722,0.2815,-0.1426,0.2125,0.1462,2.709,264,
DEN,2023,11,10,37,0.1892,0.2973,0.2559,-0.0667,0.2125,0.1462,2.709,264,
DET,2023,11,10,35,0.2286,0.2571,0.25,-0.0215,0.2125,0.1462,2.709,264,
GB,2023,11,10,43,0.3023,0.5349,0.2906,0.0117,0.2125,0.1462,2.709,264,
HOU,2023,11,10,42,0.1429,0.1429,0.2333,-0.0905,0.2125,0.1462,2.709,264,
JAX,2023,11,10,26,0.2692,0.3077,0.2574,0.0118,0.2125,0.1462,2.709,264,
KC,2023,11,10,43,0.3953,0.2326,0.2464,0.1489,0.2125,0.1462,2.709,264,
LA,2023,11,10,32,0.2812,0.1875,0.2399,0.0414,0.2125,0.1462,2.709,264,
LAC,2023,11,10,38,0.2368,0.2105,0.2432,-0.0064,0.2125,0.1462,2.709,264,
LV,2023,11,11,43,0.1628,0.1163,0.2294,-0.0667,0.2125,0.1462,2.709,264,
MIA,2023,11,10,39,0.1282,0.1026,0.2274,-0.0992,0.2125,0.1462,2.709,264,
MIN,2023,11,11,34,0.2941,0.4706,0.2812,0.0129,0.2125,0.1462,2.709,264,
NYG,2023,11,11,35,0.2857,0.4286,0.2751,0.0106,0.2125,0.1462,2.709,264,
NYJ,2023,11,10,24,0.375,0.25,0.249,0.126,0.2125,0.1462,2.709,264,
PHI,2023,11,10,27,0.4074,0.4444,0.2774,0.13,0.2125,0.1462,2.709,264,
PIT,2023,11,10,31,0.3548,0.4194,0.2737,0.0811,0.2125,0.1462,2.709,264,
SEA,2023,11,10,41,0.2195,0.3415,0.2624,-0.0428,0.2125,0.1462,2.709,264,
SF,2023,11,10,25,0.24,0.52,0.2885,-0.0485,0.2125,0.1462,2.709,264,
TB,2023,11,10,39,0.1795,0.2051,0.2424,-0.0629,0.2125,0.1462,2.709,264,
TEN,2023,11,10,17,0.2353,0.5294,0.2898,-0.0545,0.2125,0.1462,2.709,264,
WAS,2023,11,11,45,0.2,0.2889,0.2547,-0.0547,0.2125,0.1462,2.709,264,
ARI,2023,12,12,28,0.3929,0.3571,0.261,0.1319,0.1947,0.1855,3.751,296,
ATL,2023,12,11,21,0.0476,0.2381,0.2389,-0.1913,0.1947,0.1855,3.751,296,
BAL,2023,12,12,34,0.3235,0.3235,0.2547,0.0688,0.1947,0.1855,3.751,296,
BUF,2023,12,12,52,0.0769,0.3269,0.2554,-0.1785,0.1947,0.1855,3.751,296,
CAR,2023,12,11,35,0.3143,0.1143,0.2159,0.0983,0.1947,0.1855,3.751,296,
CHI,2023,12,12,40,0.35,0.55,0.2967,0.0533,0.1947,0.1855,3.751,296,
CIN,2023,12,11,29,0.2069,0.2759,0.2459,-0.039,0.1947,0.1855,3.751,296,
CLE,2023,12,11,36,0.3333,0.5,0.2875,0.0459,0.1947,0.1855,3.751,296,
DAL,2023,12,11,29,0.0,0.0,0.1947,-0.1947,0.1947,0.1855,3.751,296,
DEN,2023,12,11,20,0.4,0.5,0.2875,0.1125,0.1947,0.1855,3.751,296,
DET,2023,12,11,30,0.1,0.0,0.1947,-0.0947,0.1947,0.1855,3.751,296,
GB,2023,12,11,27,0.0,0.0,0.1947,-0.1947,0.1947,0.1855,3.751,296,
HOU,2023,12,11,40,0.2,0.25,0.2411,-0.0411,0.1947,0.1855,3.751,296,
IND,2023,12,11,43,0.093,0.3488,0.2594,-0.1664,0.1947,0.1855,3.751,296,
JAX,2023,12,11,38,0.0526,0.2368,0.2387,-0.186,0.1947,0.1855,3.751,296,
KC,2023,12,11,31,0.0645,0.0645,0.2067,-0.1422,0.1947,0.1855,3.751,296,
LA,2023,12,11,29,0.1724,0.2069,0.2331,-0.0607,0.1947,0.1855,3.751,296,
LAC,2023,12,11,42,0.3333,0.3333,0.2566,0.0768,0.1947,0.1855,3.751,296,
LV,2023,12,12,29,0.1379,0.4138,0.2715,-0.1336,0.1947,0.1855,3.751,296,
MIA,2023,12,11,31,0.0645,0.0,0.1947,-0.1302,0.1947,0.1855,3.751,296,
MIN,2023,12,12,34,0.4412,0.2941,0.2493,0.1919,0.1947,0.1855,3.751,296,
NE,2023,12,11,37,0.1892,0.5135,0.29,-0.1008,0.1947,0.1855,3.751,296,
NO,2023,12,11,32,0.0625,0.4688,0.2817,-0.2192,0.1947,0.1855,3.751,296,
NYG,2023,12,12,31,0.2903,0.2581,0.2426,0.0477,0.1947,0.1855,3.751,296,
NYJ,2023,12,11,14,0.5,0.0,0.1947,0.3053,0.1947,0.1855,3.751,296,
PHI,2023,12,11,33,0.0909,0.1212,0.2172,-0.1263,0.1947,0.1855,3.751,296,
PIT,2023,12,11,35,0.1429,0.2571,0.2424,-0.0996,0.1947,0.1855,3.751,296,
SEA,2023,12,11,26,0.2308,0.0,0.1947,0.036,0.1947,0.1855,3.751,296,
SF,2023,12,11,30,0.0333,0.0,0.1947,-0.1614,0.1947,0.1855,3.751,296,
TB,2023,12,11,37,0.2432,0.1351,0.2198,0.0234,0.1947,0.1855,3.751,296,
TEN,2023,12,11,28,0.1429,0.1786,0.2279,-0.085,0.1947,0.1855,3.751,296,
WAS,2023,12,12,34,0.1176,0.0,0.1947,-0.0771,0.1947,0.1855,3.751,296,
ARI,2023,13,13,22,0.1818,0.6818,0.3079,-0.1261,0.2029,0.1541,3.322,322,
ATL,2023,13,12,30,0.4333,0.2,0.2337,0.1996,0.2029,0.1541,3.322,322,
CAR,2023,13,12,35,0.2,0.6,0.2953,-0.0953,0.2029,0.1541,3.322,322,
CIN,2023,13,12,41,0.2927,0.3171,0.2518,0.0409,0.2029,0.1541,3.322,322,
CLE,2023,13,12,41,0.2927,0.1951,0.233,0.0597,0.2029,0.1541,3.322,322,
DAL,2023,13,12,46,0.1522,0.2174,0.2364,-0.0842,0.2029,0.1541,3.322,322,
DEN,2023,13,12,29,0.4138,0.069,0.2135,0.2003,0.2029,0.1541,3.322,322,
DET,2023,13,12,27,0.2593,0.1852,0.2314,0.0278,0.2029,0.1541,3.322,322,
GB,2023,13,12,38,0.2368,0.3947,0.2637,-0.0269,0.2029,0.1541,3.322,322,
HOU,2023,13,12,34,0.2647,0.4118,0.2663,-0.0016,0.2029,0.1541,3.322,322,
IND,2023,13,12,46,0.1522,0.2609,0.2431,-0.0909,0.2029,0.1541,3.322,322,
JAX,2023,13,12,43,0.2558,0.1163,0.2208,0.035,0.2029,0.1541,3.322,322,
KC,2023,13,12,33,0.1515,0.0909,0.2169,-0.0654,0.2029,0.1541,3.322,322,
LA,2023,13,12,36,0.1389,0.2222,0.2371,-0.0982,0.2029,0.1541,3.322,322,
LAC,2023,13,12,36,0.0556,0.3889,0.2628,-0.2073,0.2029,0.1541,3.322,322,
MIA,2023,13,12,22,0.0455,0.1818,0.2309,-0.1855,0.2029,0.1541,3.322,322,
NE,2023,13,12,30,0.2667,0.5333,0.2851,-0.0184,0.2029,0.1541,3.322,322,
NO,2023,13,12,31,0.2581,0.2903,0.2476,0.0104,0.2029,0.1541,3.322,322,
NYJ,2023,13,12,42,0.2857,0.1667,0.2286,0.0571,0.2029,0.1541,3.322,322,
PHI,2023,13,12,31,0.3226,0.0968,0.2178,0.1048,0.2029,0.1541,3.322,322,
PIT,2023,13,12,18,0.2778,0.6111,0.2971,-0.0193,0.2029,0.1541,3.322,322,
SEA,2023,13,12,41,0.2439,0.3659,0.2593,-0.0154,0.2029,0.1541,3.322,322,
SF,2023,13,12,24,0.1667,0.5,0.2799,-0.1133,0.2029,0.1541,3.322,322,
TB,2023,13,12,30,0.1,0.3667,0.2594,-0.1594,0.2029,0.1541,3.322,322,
TEN,2023,13,12,39,0.2821,0.2564,0.2424,0.0396,0.2029,0.1541,3.322,322,
WAS,2023,13,13,25,0.36,0.2,0.2337,0.1263,0.2029,0.1541,3.322,322,
ATL,2023,14,13,43,0.0698,0.2791,0.2451,-0.1753,0.2013,0.1571,3.569,352,
BAL,2023,14,13,46,0.1304,0.2826,0.2457,-0.1152,0.2013,0.1571,3.569,352,
BUF,2023,14,13,44,0.4318,0.3636,0.2584,0.1734,0.2013,0.1571,3.569,352,
CAR,2023,14,13,27,0.4074,0.4815,0.2769,0.1305,0.2013,0.1571,3.569,352,
CHI,2023,14,13,32,0.3438,0.2812,0.2454,0.0983,0.2013,0.1571,3.569,352,
CIN,2023,14,13,22,0.1364,0.0909,0.2155,-0.0792,0.2013,0.1571,3.569,352,
CLE,2023,14,13,46,0.1739,0.2826,0.2457,-0.0717,0.2013,0.1571,3.569,352,
DAL,2023,14,13,33,0.1818,0.1515,0.2251,-0.0432,0.2013,0.1571,3.569,352,
DEN,2023,14,13,31,0.0968,0.5484,0.2874,-0.1906,0.2013,0.1571,3.569,352,
DET,2023,14,13,26,0.3462,0.3077,0.2496,0.0966,0.2013,0.1571,3.569,352,
GB,2023,14,13,41,0.2683,0.4878,0.2779,-0.0096,0.2013,0.1571,3.569,352,
HOU,2023,14,13,22,0.4545,0.3182,0.2513,0.2033,0.2013,0.1571,3.569,352,
IND,2023,14,13,30,0.1333,0.2333,0.2379,-0.1046,0.2013,0.1571,3.569,352,
JAX,2023,14,13,49,0.2857,0.2041,0.2333,0.0524,0.2013,0.1571,3.569,352,
KC,2023,14,13,44,0.2273,0.2727,0.2441,-0.0168,0.2013,0.1571,3.569,352,
LA,2023,14,13,44,0.2273,0.2045,0.2334,-0.0061,0.2013,0.1571,3.569,352,
LAC,2023,14,13,33,0.3333,0.7273,0.3155,0.0178,0.2013,0.1571,3.569,352,
LV,2023,14,13,36,0.1944,0.4444,0.2711,-0.0766,0.2013,0.1571,3.569,352,
MIA,2023,14,13,38,0.3421,0.0789,0.2137,0.1284,0.2013,0.1571,3.569,352,
MIN,2023,14,13,41,0.2927,0.3171,0.2511,0.0416,0.2013,0.1571,3.569,352,
NE,2023,14,13,30,0.1,0.3667,0.2589,-0.1589,0.2013,0.1571,3.569,352,
NO,2023,14,13,22,0.2727,0.3636,0.2584,0.0143,0.2013,0.1571,3.569,352,
NYG,2023,14,13,21,0.3333,0.381,0.2611,0.0722,0.2013,0.1571,3.569,352,
NYJ,2023,14,13,36,0.3889,0.3889,0.2624,0.1265,0.2013,0.1571,3.569,352,
PHI,2023,14,13,23,0.1304,0.3913,0.2627,-0.1323,0.2013,0.1571,3.569,352,
PIT,2023,14,13,39,0.1795,0.2308,0.2375,-0.058,0.2013,0.1571,3.569,352,
SEA,2023,14,13,34,0.1765,0.1765,0.229,-0.0525,0.2013,0.1571,3.569,352,
SF,2023,14,13,28,0.25,0.25,0.2405,0.0095,0.2013,0.1571,3.569,352,
TB,2023,14,13,30,0.0333,0.0667,0.2117,-0.1784,0.2013,0.1571,3.569,352,
TEN,2023,14,13,31,0.2903,0.0968,0.2165,0.0739,0.2013,0.1571,3.569,352,
ARI,2023,15,14,23,0.2609,0.1304,0.2192,0.0417,0.1971,0.1691,4.039,384,
ATL,2023,15,14,20,0.1,0.05,0.2056,-0.1056,0.1971,0.1691,4.039,384,
BAL,2023,15,14,24,0.4167,0.5833,0.2957,0.121,0.1971,0.1691,4.039,384,
BUF,2023,15,14,14,0.3571,0.5714,0.2937,0.0634,0.1971,0.1691,4.039,384,
CAR,2023,15,14,27,0.1852,0.1111,0.2159,-0.0307,0.1971,0.1691,4.039,384,
CHI,2023,15,14,43,0.186,0.3953,0.2639,-0.0779,0.1971,0.1691,4.039,384,
CIN,2023,15,14,47,0.3191,0.4894,0.2798,0.0393,0.1971,0.1691,4.039,384,
CLE,2023,15,14,49,0.1633,0.3061,0.2489,-0.0856,0.1971,0.1691,4.039,384,
DAL,2023,15,14,20,0.3,0.3,0.2478,0.0522,0.1971,0.1691,4.039,384,
DEN,2023,15,14,25,0.52,0.6,0.2985,0.2215,0.1971,0.1691,4.039,384,
DET,2023,15,14,31,0.2581,0.5806,0.2953,-0.0372,0.1971,0.1691,4.039,384,
GB,2023,15,14,34,0.3235,0.5,0.2816,0.0419,0.1971,0.1691,4.039,384,
HOU,2023,15,14,40,0.15,0.25,0.2394,-0.0894,0.1971,0.1691,4.039,384,
IND,2023,15,14,30,0.2,0.3,0.2478,-0.0478,0.1971,0.1691,4.039,384,
JAX,2023,15,14,32,0.0938,0.4688,0.2763,-0.1826,0.1971,0.1691,4.039,384,
KC,2023,15,14,35,0.1714,0.2857,0.2454,-0.074,0.1971,0.1691,4.039,384,
LA,2023,15,14,30,0.2,0.3667,0.2591,-0.0591,0.1971,0.1691,4.039,384,
LAC,2023,15,14,25,0.32,0.32,0.2512,0.0688,0.1971,0.1691,4.039,384,
LV,2023,15,14,35,0.0571,0.3429,0.2551,-0.1979,0.1971,0.1691,4.039,384,
MIA,2023,15,14,25,0.2,0.12,0.2174,-0.0174,0.1971,0.1691,4.039,384,
MIN,2023,15,14,37,0.3243,0.2162,0.2337,0.0907,0.1971,0.1691,4.039,384,
NE,2023,15,14,28,0.1786,0.5,0.2816,-0.1031,0.1971,0.1691,4.039,384,
NO,2023,15,14,27,0.1111,0.5185,0.2848,-0.1736,0.1971,0.1691,4.039,384,
NYG,2023,15,14,26,0.4615,0.4231,0.2686,0.1929,0.1971,0.1691,4.039,384,
NYJ,2023,15,14,27,0.6296,0.3704,0.2597,0.3699,0.1971,0.1691,4.039,384,
PHI,2023,15,14,31,0.0968,0.1613,0.2244,-0.1276,0.1971,0.1691,4.039,384,
PIT,2023,15,14,20,0.35,0.05,0.2056,0.1444,0.1971,0.1691,4.039,384,
SEA,2023,15,14,35,0.1429,0.0571,0.2068,-0.0639,0.1971,0.1691,4.039,384,
SF,2023,15,14,24,0.0417,0.25,0.2394,-0.1977,0.1971,0.1691,4.039,384,
TB,2023,15,14,33,0.2424,0.2121,0.233,0.0095,0.1971,0.1691,4.039,384,
TEN,2023,15,14,33,0.3333,0.2121,0.233,0.1004,0.1971,0.1691,4.039,384,
WAS,2023,15,14,26,0.1538,0.1923,0.2296,-0.0758,0.1971,0.1691,4.039,384,
ARI,2023,16,15,34,0.2647,0.1471,0.222,0.0427,0.1987,0.1583,4.023,416,
ATL,2023,16,15,31,0.1613,0.1613,0.2242,-0.0629,0.1987,0.1583,4.023,416,
BAL,2023,16,15,34,0.0882,0.4412,0.2685,-0.1803,0.1987,0.1583,4.023,416,
BUF,2023,16,15,22,0.0455,0.0,0.1987,-0.1532,0.1987,0.1583,4.023,416,
CAR,2023,16,15,34,0.2941,0.5,0.2778,0.0163,0.1987,0.1583,4.023,416,
CHI,2023,16,15,25,0.36,0.32,0.2494,0.1106,0.1987,0.1583,4.023,416,
CIN,2023,16,15,42,0.2857,0.3095,0.2477,0.038,0.1987,0.1583,4.023,416,
CLE,2023,16,15,35,0.2286,0.2,0.2304,-0.0018,0.1987,0.1583,4.023,416,
DAL,2023,16,15,36,0.3889,0.25,0.2383,0.1506,0.1987,0.1583,4.023,416,
DEN,2023,16,15,39,0.2564,0.2564,0.2393,0.0171,0.1987,0.1583,4.023,416,
DET,2023,16,15,41,0.1951,0.6829,0.3068,-0.1117,0.1987,0.1583,4.023,416,
GB,2023,16,15,27,0.1111,0.3704,0.2573,-0.1462,0.1987,0.1583,4.023,416,
HOU,2023,16,15,21,0.3333,0.5714,0.2892,0.0442,0.1987,0.1583,4.023,416,
IND,2023,16,15,30,0.4,0.3667,0.2567,0.1433,0.1987,0.1583,4.023,416,
JAX,2023,16,15,33,0.2121,0.6667,0.3042,-0.0921,0.1987,0.1583,4.023,416,
KC,2023,16,15,43,0.2791,0.0698,0.2097,0.0693,0.1987,0.1583,4.023,416,
LA,2023,16,15,31,0.129,0.3548,0.2549,-0.1258,0.1987,0.1583,4.023,416,
LAC,2023,16,15,38,0.1316,0.0,0.1987,-0.0671,0.1987,0.1583,4.023,416,
LV,2023,16,15,22,0.3182,0.3182,0.2491,0.0691,0.1987,0.1583,4.023,416,
MIA,2023,16,15,38,0.1316,0.1579,0.2237,-0.0921,0.1987,0.1583,4.023,416,
MIN,2023,16,15,39,0.359,0.359,0.2555,0.1035,0.1987,0.1583,4.023,416,
NE,2023,16,15,33,0.1515,0.3939,0.2611,-0.1095,0.1987,0.1583,4.023,416,
NO,2023,16,15,30,0.2333,0.5,0.2778,-0.0445,0.1987,0.1583,4.023,416,
NYG,2023,16,15,26,0.2692,0.1923,0.2291,0.0401,0.1987,0.1583,4.023,416,
NYJ,2023,16,15,49,0.0816,0.1837,0.2278,-0.1461,0.1987,0.1583,4.023,416,
PHI,2023,16,15,37,0.1622,0.6757,0.3057,-0.1435,0.1987,0.1583,4.023,416,
PIT,2023,16,15,26,0.1538,0.4615,0.2718,-0.1179,0.1987,0.1583,4.023,416,
SEA,2023,16,15,39,0.2308,0.2564,0.2393,-0.0085,0.1987,0.1583,4.023,416,
SF,2023,16,15,25,0.44,0.36,0.2557,0.1843,0.1987,0.1583,4.023,416,
TB,2023,16,15,30,0.1667,0.3333,0.2515,-0.0848,0.1987,0.1583,4.023,416,
TEN,2023,16,15,32,0.4062,0.25,0.2383,0.168,0.1987,0.1583,4.023,416,
WAS,2023,16,15,35,0.0857,0.2571,0.2394,-0.1537,0.1987,0.1583,4.023,416,
ARI,2023,17,16,32,0.2812,0.3125,0.2473,0.034,0.207,0.129,3.427,448,
ATL,2023,17,16,22,0.4091,0.2273,0.2363,0.1728,0.207,0.129,3.427,448,
BAL,2023,17,16,19,0.1053,0.3684,0.2545,-0.1492,0.207,0.129,3.427,448,
BUF,2023,17,16,31,0.1613,0.4194,0.2611,-0.0998,0.207,0.129,3.427,448,
CAR,2023,17,16,21,0.3333,0.619,0.2868,0.0465,0.207,0.129,3.427,448,
CHI,2023,17,16,32,0.25,0.4375,0.2634,-0.0134,0.207,0.129,3.427,448,
CIN,2023,17,16,35,0.4571,0.3143,0.2475,0.2096,0.207,0.129,3.427,448,
CLE,2023,17,16,28,0.2143,0.1429,0.2254,-0.0111,0.207,0.129,3.427,448,
DAL,2023,17,16,41,0.3415,0.4146,0.2605,0.081,0.207,0.129,3.427,448,
DEN,2023,17,16,32,0.1562,0.4062,0.2594,-0.1031,0.207,0.129,3.427,448,
DET,2023,17,16,34,0.2941,0.1176,0.2222,0.0719,0.207,0.129,3.427,448,
GB,2023,17,16,27,0.1481,0.7778,0.3073,-0.1592,0.207,0.129,3.427,448,
HOU,2023,17,16,29,0.069,0.1724,0.2292,-0.1603,0.207,0.129,3.427,448,
IND,2023,17,16,24,0.25,0.2917,0.2446,0.0054,0.207,0.129,3.427,448,
JAX,2023,17,16,27,0.2222,0.2222,0.2357,-0.0134,0.207,0.129,3.427,448,
KC,2023,17,16,31,0.3226,0.129,0.2236,0.0989,0.207,0.129,3.427,448,
LA,2023,17,16,38,0.1579,0.7105,0.2986,-0.1407,0.207,0.129,3.427,448,
LAC,2023,17,16,32,0.0625,0.5938,0.2836,-0.2211,0.207,0.129,3.427,448,
LV,2023,17,16,43,0.1628,0.2093,0.234,-0.0712,0.207,0.129,3.427,448,
MIA,2023,17,16,36,0.1944,0.0278,0.2106,-0.0161,0.207,0.129,3.427,448,
MIN,2023,17,16,23,0.4783,0.3478,0.2519,0.2264,0.207,0.129,3.427,448,
NE,2023,17,16,29,0.2759,0.3793,0.2559,0.0199,0.207,0.129,3.427,448,
NO,2023,17,16,29,0.1034,0.4483,0.2648,-0.1614,0.207,0.129,3.427,448,
NYG,2023,17,16,47,0.2128,0.2979,0.2454,-0.0326,0.207,0.129,3.427,448,
NYJ,2023,17,16,24,0.2083,0.375,0.2554,-0.047,0.207,0.129,3.427,448,
PHI,2023,17,16,24,0.1667,0.375,0.2554,-0.0887,0.207,0.129,3.427,448,
PIT,2023,17,16,23,0.1739,0.2174,0.235,-0.0611,0.207,0.129,3.427,448,
SEA,2023,17,16,34,0.4118,0.1765,0.2298,0.182,0.207,0.129,3.427,448,
SF,2023,17,16,26,0.0385,0.2308,0.2368,-0.1983,0.207,0.129,3.427,448,
TB,2023,17,16,19,0.2105,0.1579,0.2274,-0.0168,0.207,0.129,3.427,448,
TEN,2023,17,16,26,0.5,0.1154,0.2219,0.2781,0.207,0.129,3.427,448,
WAS,2023,17,16,21,0.2857,0.1905,0.2316,0.0542,0.207,0.129,3.427,448,
ARI,2023,18,17,31,0.1935,0.2258,0.2354,-0.0418,0.2043,0.1376,3.889,480,
ATL,2023,18,17,27,0.1481,0.0741,0.2145,-0.0664,0.2043,0.1376,3.889,480,
BAL,2023,18,17,25,0.2,0.4,0.2594,-0.0594,0.2043,0.1376,3.889,480,
BUF,2023,18,17,40,0.3,0.4,0.2594,0.0406,0.2043,0.1376,3.889,480,
CAR,2023,18,17,21,0.5238,0.6667,0.2961,0.2278,0.2043,0.1376,3.889,480,
CHI,2023,18,17,21,0.3333,0.1905,0.2305,0.1028,0.2043,0.1376,3.889,480,
CIN,2023,18,17,28,0.2857,0.3929,0.2584,0.0273,0.2043,0.1376,3.889,480,
CLE,2023,18,17,19,0.4211,0.1579,0.226,0.195,0.2043,0.1376,3.889,480,
DAL,2023,18,17,30,0.0,0.3,0.2456,-0.2456,0.2043,0.1376,3.889,480,
DEN,2023,18,17,31,0.4194,0.1613,0.2265,0.1929,0.2043,0.1376,3.889,480,
DET,2023,18,17,29,0.2414,0.9655,0.3372,-0.0958,0.2043,0.1376,3.889,480,
GB,2023,18,17,31,0.0323,0.0968,0.2176,-0.1854,0.2043,0.1376,3.889,480,
HOU,2023,18,17,28,0.1786,0.2143,0.2338,-0.0552,0.2043,0.1376,3.889,480,
IND,2023,18,17,26,0.1538,0.1923,0.2308,-0.0769,0.2043,0.1376,3.889,480,
JAX,2023,18,17,42,0.0952,0.3095,0.2469,-0.1517,0.2043,0.1376,3.889,480,
KC,2023,18,17,31,0.2903,0.2903,0.2443,0.0461,0.2043,0.1376,3.889,480,
LA,2023,18,17,27,0.1111,0.2222,0.2349,-0.1238,0.2043,0.1376,3.889,480,
LAC,2023,18,17,50,0.18,0.24,0.2373,-0.0573,0.2043,0.1376,3.889,480,
LV,2023,18,17,31,0.1613,0.5484,0.2798,-0.1185,0.2043,0.1376,3.889,480,
MIA,2023,18,17,28,0.2857,0.0357,0.2092,0.0765,0.2043,0.1376,3.889,480,
MIN,2023,18,17,45,0.4,0.4,0.2594,0.1406,0.2043,0.1376,3.889,480,
NE,2023,18,17,32,0.4062,0.1562,0.2258,0.1804,0.2043,0.1376,3.889,480,
NO,2023,18,17,25,0.24,0.24,0.2373,0.0027,0.2043,0.1376,3.889,480,
NYG,2023,18,17,27,0.2222,0.2963,0.2451,-0.0229,0.2043,0.1376,3.889,480,
NYJ,2023,18,17,21,0.381,0.8095,0.3157,0.0652,0.2043,0.1376,3.889,480,
PHI,2023,18,17,30,0.5,0.6667,0.2961,0.2039,0.2043,0.1376,3.889,480,
PIT,2023,18,17,23,0.1304,0.3043,0.2462,-0.1158,0.2043,0.1376,3.889,480,
SEA,2023,18,17,29,0.1379,0.2759,0.2423,-0.1043,0.2043,0.1376,3.889,480,
SF,2023,18,17,28,0.1786,0.2143,0.2338,-0.0552,0.2043,0.1376,3.889,480,
TB,2023,18,17,34,0.2353,0.2941,0.2448,-0.0095,0.2043,0.1376,3.889,480,
TEN,2023,18,17,27,0.3333,0.3704,0.2553,0.0781,0.2043,0.1376,3.889,480,
WAS,2023,18,17,28,0.2143,0.1429,0.224,-0.0097,0.2043,0.1376,3.889,480,
ARI,2024,1,1,35,0.2857,0.2571,,,,,,0,pool<32
ATL,2024,1,1,25,0.36,0.12,,,,,,0,pool<32
BAL,2024,1,1,42,0.2857,0.3095,,,,,,0,pool<32
BUF,2024,1,1,25,0.16,0.28,,,,,,0,pool<32
CAR,2024,1,1,22,0.5455,0.6364,,,,,,0,pool<32
CHI,2024,1,1,32,0.2812,0.2812,,,,,,0,pool<32
CIN,2024,1,1,32,0.0938,0.2188,,,,,,0,pool<32
CLE,2024,1,1,36,0.6944,0.3333,,,,,,0,pool<32
DAL,2024,1,1,30,0.3,0.3,,,,,,0,pool<32
DEN,2024,1,1,36,0.3611,0.2778,,,,,,0,pool<32
DET,2024,1,1,30,0.1667,0.1333,,,,,,0,pool<32
GB,2024,1,1,37,0.2162,0.2703,,,,,,0,pool<32
HOU,2024,1,1,36,0.3611,0.25,,,,,,0,pool<32
IND,2024,1,1,21,0.1905,0.0952,,,,,,0,pool<32
JAX,2024,1,1,24,0.2083,0.4167,,,,,,0,pool<32
KC,2024,1,1,30,0.3667,0.1333,,,,,,0,pool<32
LA,2024,1,1,51,0.3137,0.2745,,,,,,0,pool<32
LAC,2024,1,1,27,0.1852,0.4444,,,,,,0,pool<32
LV,2024,1,1,31,0.2258,0.3226,,,,,,0,pool<32
MIA,2024,1,1,40,0.15,0.275,,,,,,0,pool<32
MIN,2024,1,1,22,0.2273,0.2273,,,,,,0,pool<32
NE,2024,1,1,25,0.32,0.2,,,,,,0,pool<32
NO,2024,1,1,22,0.0909,0.4091,,,,,,0,pool<32
NYG,2024,1,1,32,0.5938,0.375,,,,,,0,pool<32
NYJ,2024,1,1,18,0.3333,0.1667,,,,,,0,pool<32
PHI,2024,1,1,35,0.2571,0.2,,,,,,0,pool<32
PIT,2024,1,1,25,0.16,0.16,,,,,,0,pool<32
SEA,2024,1,1,23,0.4348,0.4348,,,,,,0,pool<32
SF,2024,1,1,27,0.2222,0.2593,,,,,,0,pool<32
TB,2024,1,1,28,0.3214,0.5,,,,,,0,pool<32
TEN,2024,1,1,35,0.4857,0.1429,,,,,,0,pool<32
WAS,2024,1,1,18,0.3333,0.6111,,,,,,0,pool<32
ARI,2024,2,2,19,0.1579,0.2105,,,,,,0,pool<32
ATL,2024,2,2,31,0.1613,0.1935,,,,,,0,pool<32
BAL,2024,2,2,34,0.1176,0.1471,,,,,,0,pool<32
BUF,2024,2,2,17,0.1176,0.2353,,,,,,0,pool<32
CAR,2024,2,2,16,0.125,0.375,,,,,,0,pool<32
CHI,2024,2,2,44,0.2955,0.3409,,,,,,0,pool<32
CIN,2024,2,2,39,0.1538,0.3846,,,,,,0,pool<32
CLE,2024,2,2,35,0.3429,0.2571,,,,,,0,pool<32
DAL,2024,2,2,30,0.3333,0.2,,,,,,0,pool<32
DEN,2024,2,2,35,0.2286,0.2286,,,,,,0,pool<32
DET,2024,2,2,55,0.2364,0.2182,,,,,,0,pool<32
GB,2024,2,2,11,0.0909,0.5455,,,,,,0,pool<32
HOU,2024,2,2,37,0.2432,0.2432,,,,,,0,pool<32
IND,2024,2,2,24,0.2917,0.1667,,,,,,0,pool<32
JAX,2024,2,2,33,0.2727,0.2727,,,,,,0,pool<32
KC,2024,2,2,28,0.1429,0.1786,,,,,,0,pool<32
LA,2024,2,2,29,0.3448,0.2069,,,,,,0,pool<32
LAC,2024,2,2,17,0.1176,0.4706,,,,,,0,pool<32
LV,2024,2,2,43,0.2791,0.2326,,,,,,0,pool<32
MIA,2024,2,2,28,0.1786,0.0357,,,,,,0,pool<32
MIN,2024,2,2,29,0.2759,0.1034,,,,,,0,pool<32
NE,2024,2,2,30,0.4667,0.2333,,,,,,0,pool<32
NO,2024,2,2,14,0.6429,0.5,,,,,,0,pool<32
NYG,2024,2,2,31,0.1935,0.2258,,,,,,0,pool<32
NYJ,2024,2,2,32,0.125,0.25,,,,,,0,pool<32
PHI,2024,2,2,30,0.2667,0.3,,,,,,0,pool<32
PIT,2024,2,2,22,0.2727,0.5455,,,,,,0,pool<32
SEA,2024,2,2,46,0.2391,0.3261,,,,,,0,pool<32
SF,2024,2,2,40,0.4,0.525,,,,,,0,pool<32
TB,2024,2,2,24,0.3333,0.4583,,,,,,0,pool<32
TEN,2024,2,2,32,0.1875,0.125,,,,,,0,pool<32
WAS,2024,2,2,34,0.2941,0.3529,,,,,,0,pool<32
ARI,2024,3,3,35,0.2,0.2286,0.2564,-0.0564,0.1977,0.257,1.684,32,
ATL,2024,3,3,31,0.4194,0.3871,0.2972,0.1222,0.1977,0.257,1.684,32,
BAL,2024,3,3,13,0.0769,0.4615,0.3163,-0.2394,0.1977,0.257,1.684,32,
BUF,2024,3,3,30,0.0667,0.3,0.2748,-0.2081,0.1977,0.257,1.684,32,
CAR,2024,3,3,36,0.1944,0.6111,0.3547,-0.1603,0.1977,0.257,1.684,32,
CHI,2024,3,3,50,0.24,0.14,0.2337,0.0063,0.1977,0.257,1.684,32,
CIN,2024,3,3,35,0.1143,0.1714,0.2417,-0.1275,0.1977,0.257,1.684,32,
CLE,2024,3,3,46,0.3261,0.413,0.3038,0.0222,0.1977,0.257,1.684,32,
DAL,2024,3,3,43,0.2326,0.3721,0.2933,-0.0608,0.1977,0.257,1.684,32,
DEN,2024,3,3,34,0.2353,0.5,0.3262,-0.0909,0.1977,0.257,1.684,32,
DET,2024,3,3,25,0.08,0.28,0.2696,-0.1896,0.1977,0.257,1.684,32,
GB,2024,3,3,17,0.1765,0.3529,0.2884,-0.1119,0.1977,0.257,1.684,32,
HOU,2024,3,3,27,0.4074,0.8519,0.4166,-0.0092,0.1977,0.257,1.684,32,
IND,2024,3,3,21,0.3333,0.1429,0.2344,0.0989,0.1977,0.257,1.684,32,
JAX,2024,3,3,35,0.3143,0.2286,0.2564,0.0579,0.1977,0.257,1.684,32,
KC,2024,3,3,39,0.2051,0.1795,0.2438,-0.0387,0.1977,0.257,1.684,32,
LA,2024,3,3,29,0.2759,0.2414,0.2597,0.0161,0.1977,0.257,1.684,32,
LAC,2024,3,3,24,0.375,0.25,0.2619,0.1131,0.1977,0.257,1.684,32,
LV,2024,3,3,21,0.381,0.4762,0.3201,0.0609,0.1977,0.257,1.684,32,
MIA,2024,3,3,32,0.4375,0.1875,0.2459,0.1916,0.1977,0.257,1.684,32,
MIN,2024,3,3,28,0.4286,0.2143,0.2528,0.1758,0.1977,0.257,1.684,32,
NE,2024,3,3,20,0.7,0.45,0.3133,0.3867,0.1977,0.257,1.684,32,
NO,2024,3,3,27,0.2222,0.2222,0.2548,-0.0326,0.1977,0.257,1.684,32,
NYG,2024,3,3,35,0.3143,0.2857,0.2711,0.0432,0.1977,0.257,1.684,32,
NYJ,2024,3,3,32,0.125,0.1875,0.2459,-0.1209,0.1977,0.257,1.684,32,
PHI,2024,3,3,42,0.2619,0.3095,0.2772,-0.0153,0.1977,0.257,1.684,32,
PIT,2024,3,3,33,0.1818,0.303,0.2756,-0.0937,0.1977,0.257,1.684,32,
SEA,2024,3,3,32,0.3125,0.25,0.2619,0.0506,0.1977,0.257,1.684,32,
SF,2024,3,3,31,0.2903,0.1935,0.2474,0.0429,0.1977,0.257,1.684,32,
TB,2024,3,3,26,0.5769,0.6538,0.3657,0.2112,0.1977,0.257,1.684,32,
TEN,2024,3,3,30,0.3333,0.2333,0.2577,0.0757,0.1977,0.257,1.684,32,
WAS,2024,3,3,25,0.16,0.32,0.2799,-0.1199,0.1977,0.257,1.684,32,
ARI,2024,4,4,22,0.3182,0.2727,0.2553,0.0629,0.1756,0.2923,2.894,64,
ATL,2024,4,4,36,0.1389,0.1111,0.2081,-0.0692,0.1756,0.2923,2.894,64,
BAL,2024,4,4,18,0.1667,0.1667,0.2243,-0.0577,0.1756,0.2923,2.894,64,
BUF,2024,4,4,29,0.3103,0.3448,0.2764,0.0339,0.1756,0.2923,2.894,64,
CAR,2024,4,4,37,0.0811,0.3243,0.2704,-0.1893,0.1756,0.2923,2.894,64,
CHI,2024,4,4,26,0.2308,0.3462,0.2768,-0.046,0.1756,0.2923,2.894,64,
CIN,2024,4,4,31,0.129,0.2903,0.2605,-0.1314,0.1756,0.2923,2.894,64,
CLE,2024,4,4,35,0.3143,0.2,0.2341,0.0802,0.1756,0.2923,2.894,64,
DAL,2024,4,4,28,0.1429,0.2143,0.2382,-0.0954,0.1756,0.2923,2.894,64,
DEN,2024,4,4,25,0.28,0.28,0.2575,0.0225,0.1756,0.2923,2.894,64,
DET,2024,4,4,20,0.35,0.55,0.3364,0.0136,0.1756,0.2923,2.894,64,
GB,2024,4,4,44,0.4318,0.5682,0.3417,0.0901,0.1756,0.2923,2.894,64,
HOU,2024,4,4,42,0.3333,0.0476,0.1895,0.1438,0.1756,0.2923,2.894,64,
IND,2024,4,4,32,0.1875,0.3438,0.2761,-0.0886,0.1756,0.2923,2.894,64,
JAX,2024,4,4,32,0.1875,0.4062,0.2944,-0.1069,0.1756,0.2923,2.894,64,
KC,2024,4,4,32,0.1875,0.1875,0.2304,-0.0429,0.1756,0.2923,2.894,64,
LA,2024,4,4,33,0.2424,0.3333,0.273,-0.0306,0.1756,0.2923,2.894,64,
LAC,2024,4,4,29,0.3793,0.2759,0.2562,0.1231,0.1756,0.2923,2.894,64,
LV,2024,4,4,26,0.1923,0.5769,0.3442,-0.1519,0.1756,0.2923,2.894,64,
MIA,2024,4,4,18,0.3333,0.0,0.1756,0.1577,0.1756,0.2923,2.894,64,
MIN,2024,4,4,26,0.3462,0.2692,0.2543,0.0918,0.1756,0.2923,2.894,64,
NE,2024,4,4,27,0.5926,0.4815,0.3163,0.2763,0.1756,0.2923,2.894,64,
NO,2024,4,4,37,0.1081,0.2703,0.2546,-0.1465,0.1756,0.2923,2.894,64,
NYG,2024,4,4,41,0.0732,0.2683,0.254,-0.1809,0.1756,0.2923,2.894,64,
NYJ,2024,4,4,47,0.2979,0.4468,0.3062,-0.0083,0.1756,0.2923,2.894,64,
PHI,2024,4,4,21,0.5714,0.7143,0.3844,0.187,0.1756,0.2923,2.894,64,
PIT,2024,4,4,37,0.2973,0.1351,0.2151,0.0822,0.1756,0.2923,2.894,64,
SEA,2024,4,4,46,0.2826,0.4565,0.309,-0.0264,0.1756,0.2923,2.894,64,
SF,2024,4,4,23,0.2609,0.3913,0.29,-0.0291,0.1756,0.2923,2.894,64,
TB,2024,4,4,41,0.0976,0.2927,0.2612,-0.1636,0.1756,0.2923,2.894,64,
TEN,2024,4,4,19,0.2632,0.1053,0.2064,0.0568,0.1756,0.2923,2.894,64,
WAS,2024,4,4,22,0.0455,0.2273,0.242,-0.1966,0.1756,0.2923,2.894,64,
ARI,2024,5,5,31,0.0968,0.3871,0.2846,-0.1878,0.16,0.3218,3.593,92,
ATL,2024,5,5,61,0.1803,0.2131,0.2286,-0.0483,0.16,0.3218,3.593,92,
BAL,2024,5,5,43,0.2791,0.4419,0.3022,-0.0231,0.16,0.3218,3.593,92,
BUF,2024,5,5,31,0.3548,0.3226,0.2638,0.091,0.16,0.3218,3.593,92,
CAR,2024,5,5,25,0.44,0.4,0.2887,0.1513,0.16,0.3218,3.593,92,
CHI,2024,5,5,26,0.0769,0.4615,0.3086,-0.2316,0.16,0.3218,3.593,92,
CIN,2024,5,5,42,0.1429,0.1429,0.206,-0.0631,0.16,0.3218,3.593,92,
CLE,2024,5,5,29,0.3793,0.4483,0.3043,0.075,0.16,0.3218,3.593,92,
DAL,2024,5,5,44,0.2273,0.1136,0.1966,0.0307,0.16,0.3218,3.593,92,
DEN,2024,5,5,26,0.1923,0.3846,0.2838,-0.0915,0.16,0.3218,3.593,92,
GB,2024,5,5,25,0.28,0.4,0.2887,-0.0087,0.16,0.3218,3.593,92,
HOU,2024,5,5,39,0.2051,0.2308,0.2343,-0.0292,0.16,0.3218,3.593,92,
IND,2024,5,5,47,0.1489,0.1277,0.2011,-0.0522,0.16,0.3218,3.593,92,
JAX,2024,5,5,34,0.0,0.1471,0.2074,-0.2074,0.16,0.3218,3.593,92,
KC,2024,5,5,39,0.2308,0.2051,0.226,0.0047,0.16,0.3218,3.593,92,
LA,2024,5,5,48,0.2917,0.2917,0.2539,0.0378,0.16,0.3218,3.593,92,
LV,2024,5,5,21,0.619,0.4762,0.3133,0.3058,0.16,0.3218,3.593,92,
MIA,2024,5,5,35,0.1429,0.2,0.2244,-0.0815,0.16,0.3218,3.593,92,
MIN,2024,5,5,36,0.3611,0.3056,0.2584,0.1028,0.16,0.3218,3.593,92,
NE,2024,5,5,35,0.2857,0.4,0.2887,-0.003,0.16,0.3218,3.593,92,
NO,2024,5,5,29,0.5517,0.4828,0.3154,0.2363,0.16,0.3218,3.593,92,
NYG,2024,5,5,36,0.3333,0.4167,0.2941,0.0392,0.16,0.3218,3.593,92,
NYJ,2024,5,5,57,0.2632,0.4211,0.2955,-0.0324,0.16,0.3218,3.593,92,
PIT,2024,5,5,31,0.3226,0.2581,0.2431,0.0795,0.16,0.3218,3.593,92,
SEA,2024,5,5,44,0.2045,0.2273,0.2332,-0.0286,0.16,0.3218,3.593,92,
SF,2024,5,5,37,0.1892,0.1351,0.2035,-0.0143,0.16,0.3218,3.593,92,
TB,2024,5,5,25,0.04,0.4,0.2887,-0.2487,0.16,0.3218,3.593,92,
WAS,2024,5,5,28,0.1429,0.5714,0.3439,-0.2011,0.16,0.3218,3.593,92,
ARI,2024,6,6,27,0.2222,0.2222,0.2268,-0.0045,0.1473,0.3577,4.653,120,
ATL,2024,6,6,29,0.1034,0.1724,0.2089,-0.1055,0.1473,0.3577,4.653,120,
BAL,2024,6,6,28,0.3214,0.4286,0.3006,0.0208,0.1473,0.3577,4.653,120,
BUF,2024,6,6,27,0.2593,0.3333,0.2665,-0.0073,0.1473,0.3577,4.653,120,
CAR,2024,6,6,31,0.129,0.2581,0.2396,-0.1106,0.1473,0.3577,4.653,120,
CHI,2024,6,6,27,0.1852,0.1852,0.2135,-0.0283,0.1473,0.3577,4.653,120,
CIN,2024,6,6,32,0.2812,0.0938,0.1808,0.1004,0.1473,0.3577,4.653,120,
CLE,2024,6,6,28,0.2857,0.3929,0.2878,-0.0021,0.1473,0.3577,4.653,120,
DAL,2024,6,6,33,0.6667,0.4242,0.299,0.3676,0.1473,0.3577,4.653,120,
DEN,2024,6,6,16,0.4375,0.5625,0.3485,0.089,0.1473,0.3577,4.653,120,
DET,2024,6,5,25,0.36,0.44,0.3047,0.0553,0.1473,0.3577,4.653,120,
GB,2024,6,6,30,0.2,0.3,0.2546,-0.0546,0.1473,0.3577,4.653,120,
HOU,2024,6,6,28,0.4286,0.5,0.3261,0.1024,0.1473,0.3577,4.653,120,
IND,2024,6,6,38,0.1316,0.3158,0.2602,-0.1287,0.1473,0.3577,4.653,120,
JAX,2024,6,6,21,0.3333,0.4286,0.3006,0.0327,0.1473,0.3577,4.653,120,
LAC,2024,6,5,35,0.2571,0.5143,0.3312,-0.0741,0.1473,0.3577,4.653,120,
LV,2024,6,6,25,0.16,0.2,0.2188,-0.0588,0.1473,0.3577,4.653,120,
NE,2024,6,6,26,0.4615,0.4231,0.2986,0.1629,0.1473,0.3577,4.653,120,
NO,2024,6,6,32,0.3438,0.3438,0.2702,0.0735,0.1473,0.3577,4.653,120,
NYG,2024,6,6,36,0.2222,0.3889,0.2864,-0.0642,0.1473,0.3577,4.653,120,
NYJ,2024,6,6,38,0.1842,0.1579,0.2038,-0.0195,0.1473,0.3577,4.653,120,
PHI,2024,6,5,26,0.1923,0.5769,0.3537,-0.1613,0.1473,0.3577,4.653,120,
PIT,2024,6,6,22,0.2727,0.4545,0.3099,-0.0371,0.1473,0.3577,4.653,120,
SEA,2024,6,6,38,0.1842,0.1053,0.1849,-0.0007,0.1473,0.3577,4.653,120,
SF,2024,6,6,28,0.1429,0.1429,0.1984,-0.0555,0.1473,0.3577,4.653,120,
TB,2024,6,6,38,0.1053,0.1842,0.2132,-0.1079,0.1473,0.3577,4.653,120,
TEN,2024,6,5,26,0.1538,0.3846,0.2849,-0.131,0.1473,0.3577,4.653,120,
WAS,2024,6,6,37,0.2703,0.2703,0.244,0.0263,0.1473,0.3577,4.653,120,
ARI,2024,7,7,26,0.0769,0.3846,0.2813,-0.2044,0.1817,0.259,3.572,150,
ATL,2024,7,7,27,0.3333,0.2222,0.2392,0.0941,0.1817,0.259,3.572,150,
BAL,2024,7,7,22,0.1364,0.6364,0.3465,-0.2101,0.1817,0.259,3.572,150,
BUF,2024,7,7,24,0.1667,0.4167,0.2896,-0.1229,0.1817,0.259,3.572,150,
CAR,2024,7,7,16,0.375,0.3125,0.2626,0.1124,0.1817,0.259,3.572,150,
CIN,2024,7,7,24,0.2917,0.2083,0.2356,0.056,0.1817,0.259,3.572,150,
CLE,2024,7,7,34,0.5,0.2941,0.2578,0.2422,0.1817,0.259,3.572,150,
DEN,2024,7,7,24,0.0833,0.3333,0.268,-0.1847,0.1817,0.259,3.572,150,
DET,2024,7,6,29,0.3103,0.5517,0.3246,-0.0142,0.1817,0.259,3.572,150,
GB,2024,7,7,36,0.1667,0.3333,0.268,-0.1013,0.1817,0.259,3.572,150,
HOU,2024,7,7,25,0.48,0.2,0.2335,0.2465,0.1817,0.259,3.572,150,
IND,2024,7,7,24,0.4167,0.4583,0.3004,0.1163,0.1817,0.259,3.572,150,
JAX,2024,7,7,20,0.0,0.2,0.2335,-0.2335,0.1817,0.259,3.572,150,
KC,2024,7,6,27,0.2222,0.1111,0.2105,0.0118,0.1817,0.259,3.572,150,
LA,2024,7,6,24,0.0833,0.4167,0.2896,-0.2062,0.1817,0.259,3.572,150,
LAC,2024,7,6,41,0.1707,0.1951,0.2322,-0.0615,0.1817,0.259,3.572,150,
LV,2024,7,7,46,0.3696,0.5217,0.3168,0.0528,0.1817,0.259,3.572,150,
MIA,2024,7,6,27,0.4074,0.037,0.1913,0.2161,0.1817,0.259,3.572,150,
MIN,2024,7,6,32,0.1875,0.4688,0.3031,-0.1156,0.1817,0.259,3.572,150,
NE,2024,7,7,26,0.1538,0.1538,0.2215,-0.0677,0.1817,0.259,3.572,150,
NO,2024,7,7,25,0.4,0.36,0.2749,0.1251,0.1817,0.259,3.572,150,
NYG,2024,7,7,27,0.4074,0.0,0.1817,0.2257,0.1817,0.259,3.572,150,
NYJ,2024,7,7,33,0.2424,0.2727,0.2523,-0.0099,0.1817,0.259,3.572,150,
PHI,2024,7,6,18,0.4444,0.2222,0.2392,0.2052,0.1817,0.259,3.572,150,
PIT,2024,7,7,29,0.3448,0.3793,0.2799,0.0649,0.1817,0.259,3.572,150,
SEA,2024,7,7,28,0.4286,0.3214,0.2649,0.1637,0.1817,0.259,3.572,150,
SF,2024,7,7,26,0.2308,0.3077,0.2614,-0.0306,0.1817,0.259,3.572,150,
TB,2024,7,7,23,0.2174,0.3043,0.2605,-0.0431,0.1817,0.259,3.572,150,
TEN,2024,7,6,31,0.4194,0.3871,0.2819,0.1374,0.1817,0.259,3.572,150,
WAS,2024,7,7,22,0.1364,0.3636,0.2758,-0.1395,0.1817,0.259,3.572,150,
ARI,2024,8,8,36,0.2222,0.2778,0.2512,-0.029,0.1724,0.2836,4.386,182,
ATL,2024,8,8,31,0.2258,0.1935,0.2273,-0.0015,0.1724,0.2836,4.386,182,
BAL,2024,8,8,39,0.3846,0.2821,0.2524,0.1322,0.1724,0.2836,4.386,182,
BUF,2024,8,8,32,0.0312,0.1875,0.2256,-0.1943,0.1724,0.2836,4.386,182,
CAR,2024,8,8,22,0.5,0.5455,0.3271,0.1729,0.1724,0.2836,4.386,182,
CHI,2024,8,7,28,0.4286,0.3929,0.2838,0.1447,0.1724,0.2836,4.386,182,
CIN,2024,8,8,37,0.1351,0.2973,0.2567,-0.1216,0.1724,0.2836,4.386,182,
CLE,2024,8,8,44,0.2273,0.3864,0.282,-0.0547,0.1724,0.2836,4.386,182,
DAL,2024,8,7,29,0.3448,0.1379,0.2115,0.1333,0.1724,0.2836,4.386,182,
DEN,2024,8,8,33,0.1515,0.3636,0.2756,-0.124,0.1724,0.2836,4.386,182,
DET,2024,8,7,20,0.3,0.3,0.2575,0.0425,0.1724,0.2836,4.386,182,
GB,2024,8,8,28,0.1429,0.0357,0.1825,-0.0397,0.1724,0.2836,4.386,182,
HOU,2024,8,8,39,0.3333,0.359,0.2742,0.0591,0.1724,0.2836,4.386,182,
IND,2024,8,8,36,0.4444,0.3056,0.2591,0.1854,0.1724,0.2836,4.386,182,
JAX,2024,8,8,33,0.1515,0.1515,0.2154,-0.0639,0.1724,0.2836,4.386,182,
KC,2024,8,7,37,0.1622,0.2432,0.2414,-0.0792,0.1724,0.2836,4.386,182,
LA,2024,8,7,33,0.1212,0.3333,0.267,-0.1457,0.1724,0.2836,4.386,182,
LAC,2024,8,7,30,0.2333,0.3667,0.2764,-0.0431,0.1724,0.2836,4.386,182,
LV,2024,8,8,22,0.4091,0.8182,0.4045,0.0046,0.1724,0.2836,4.386,182,
MIA,2024,8,7,39,0.1282,0.0513,0.187,-0.0588,0.1724,0.2836,4.386,182,
MIN,2024,8,7,26,0.4231,0.2308,0.2379,0.1852,0.1724,0.2836,4.386,182,
NE,2024,8,8,33,0.1212,0.2424,0.2412,-0.12,0.1724,0.2836,4.386,182,
NO,2024,8,8,38,0.2105,0.3684,0.2769,-0.0664,0.1724,0.2836,4.386,182,
NYG,2024,8,8,38,0.3947,0.2632,0.2471,0.1477,0.1724,0.2836,4.386,182,
NYJ,2024,8,8,30,0.2333,0.1667,0.2197,0.0136,0.1724,0.2836,4.386,182,
PHI,2024,8,7,19,0.0526,0.2632,0.2471,-0.1944,0.1724,0.2836,4.386,182,
PIT,2024,8,8,30,0.2667,0.3667,0.2764,-0.0097,0.1724,0.2836,4.386,182,
SEA,2024,8,8,18,0.3333,0.2778,0.2512,0.0821,0.1724,0.2836,4.386,182,
SF,2024,8,8,26,0.1923,0.4231,0.2924,-0.1001,0.1724,0.2836,4.386,182,
TB,2024,8,8,49,0.0408,0.1837,0.2245,-0.1837,0.1724,0.2836,4.386,182,
TEN,2024,8,7,34,0.2647,0.2353,0.2392,0.0256,0.1724,0.2836,4.386,182,
WAS,2024,8,8,40,0.35,0.3,0.2575,0.0925,0.1724,0.2836,4.386,182,
ARI,2024,9,9,18,0.2778,0.1667,0.2246,0.0531,0.178,0.2798,4.476,212,
ATL,2024,9,9,23,0.3043,0.4783,0.3118,-0.0075,0.178,0.2798,4.476,212,
BAL,2024,9,9,20,0.05,0.25,0.248,-0.198,0.178,0.2798,4.476,212,
BUF,2024,9,9,40,0.1,0.2,0.234,-0.134,0.178,0.2798,4.476,212,
CAR,2024,9,9,28,0.1786,0.25,0.248,-0.0694,0.178,0.2798,4.476,212,
CHI,2024,9,8,33,0.5152,0.3939,0.2882,0.2269,0.178,0.2798,4.476,212,
CIN,2024,9,9,32,0.5,0.2188,0.2392,0.2608,0.178,0.2798,4.476,212,
CLE,2024,9,9,32,0.3125,0.0625,0.1955,0.117,0.178,0.2798,4.476,212,
DAL,2024,9,8,32,0.4375,0.3125,0.2654,0.1721,0.178,0.2798,4.476,212,
DEN,2024,9,9,26,0.2692,0.3077,0.2641,0.0051,0.178,0.2798,4.476,212,
DET,2024,9,8,18,0.2222,0.3333,0.2713,-0.049,0.178,0.2798,4.476,212,
GB,2024,9,9,24,0.3333,0.3333,0.2713,0.0621,0.178,0.2798,4.476,212,
HOU,2024,9,9,29,0.5172,0.3103,0.2648,0.2524,0.178,0.2798,4.476,212,
IND,2024,9,9,25,0.36,0.28,0.2563,0.1037,0.178,0.2798,4.476,212,
JAX,2024,9,9,34,0.2059,0.1765,0.2274,-0.0215,0.178,0.2798,4.476,212,
KC,2024,9,8,48,0.1458,0.0625,0.1955,-0.0497,0.178,0.2798,4.476,212,
LA,2024,9,8,44,0.2045,0.1818,0.2289,-0.0243,0.178,0.2798,4.476,212,
LAC,2024,9,8,27,0.5556,0.2222,0.2402,0.3154,0.178,0.2798,4.476,212,
LV,2024,9,9,30,0.6,0.3667,0.2806,0.3194,0.178,0.2798,4.476,212,
MIA,2024,9,8,29,0.1034,0.069,0.1973,-0.0939,0.178,0.2798,4.476,212,
MIN,2024,9,8,39,0.2821,0.1538,0.2211,0.061,0.178,0.2798,4.476,212,
NE,2024,9,9,44,0.2955,0.2045,0.2352,0.0602,0.178,0.2798,4.476,212,
NO,2024,9,9,34,0.2059,0.2647,0.2521,-0.0462,0.178,0.2798,4.476,212,
NYG,2024,9,9,29,0.1379,0.1379,0.2166,-0.0787,0.178,0.2798,4.476,212,
NYJ,2024,9,9,34,0.1471,0.3824,0.285,-0.1379,0.178,0.2798,4.476,212,
PHI,2024,9,8,27,0.1852,0.1852,0.2298,-0.0446,0.178,0.2798,4.476,212,
SEA,2024,9,9,41,0.2683,0.1463,0.219,0.0493,0.178,0.2798,4.476,212,
TB,2024,9,9,33,0.1212,0.3636,0.2797,-0.1585,0.178,0.2798,4.476,212,
TEN,2024,9,8,34,0.2647,0.2059,0.2356,0.0291,0.178,0.2798,4.476,212,
WAS,2024,9,9,21,0.0952,0.3333,0.2713,-0.176,0.178,0.2798,4.476,212,
ARI,2024,10,10,24,0.125,0.2083,0.2375,-0.1125,0.1776,0.2874,4.997,240,
ATL,2024,10,10,41,0.2195,0.0976,0.2056,0.0139,0.1776,0.2874,4.997,240,
BAL,2024,10,10,33,0.0606,0.0909,0.2037,-0.1431,0.1776,0.2874,4.997,240,
BUF,2024,10,10,37,0.2703,0.2162,0.2398,0.0305,0.1776,0.2874,4.997,240,
CAR,2024,10,10,26,0.3846,0.3846,0.2881,0.0965,0.1776,0.2874,4.997,240,
CHI,2024,10,9,26,0.5385,0.3462,0.2771,0.2614,0.1776,0.2874,4.997,240,
CIN,2024,10,10,60,0.2333,0.0833,0.2016,0.0318,0.1776,0.2874,4.997,240,
DAL,2024,10,9,24,0.3333,0.25,0.2495,0.0839,0.1776,0.2874,4.997,240,
DEN,2024,10,10,32,0.2188,0.3125,0.2674,-0.0487,0.1776,0.2874,4.997,240,
DET,2024,10,9,30,0.3,0.1333,0.2159,0.0841,0.1776,0.2874,4.997,240,
HOU,2024,10,10,37,0.3514,0.4324,0.3019,0.0495,0.1776,0.2874,4.997,240,
IND,2024,10,10,29,0.3448,0.3103,0.2668,0.078,0.1776,0.2874,4.997,240,
JAX,2024,10,10,25,0.16,0.28,0.2581,-0.0981,0.1776,0.2874,4.997,240,
KC,2024,10,9,46,0.2826,0.3913,0.2901,-0.0075,0.1776,0.2874,4.997,240,
LA,2024,10,9,39,0.2564,0.1795,0.2292,0.0272,0.1776,0.2874,4.997,240,
LAC,2024,10,9,18,0.1111,0.0556,0.1936,-0.0825,0.1776,0.2874,4.997,240,
MIA,2024,10,9,29,0.2414,0.2414,0.247,-0.0056,0.1776,0.2874,4.997,240,
MIN,2024,10,9,39,0.1538,0.0256,0.185,-0.0311,0.1776,0.2874,4.997,240,
NE,2024,10,10,24,0.375,0.25,0.2495,0.1255,0.1776,0.2874,4.997,240,
NO,2024,10,10,25,0.28,0.36,0.2811,-0.0011,0.1776,0.2874,4.997,240,
NYG,2024,10,10,38,0.1842,0.1842,0.2306,-0.0463,0.1776,0.2874,4.997,240,
NYJ,2024,10,10,23,0.3913,0.3478,0.2776,0.1137,0.1776,0.2874,4.997,240,
PHI,2024,10,9,24,0.4583,0.5417,0.3333,0.125,0.1776,0.2874,4.997,240,
PIT,2024,10,9,32,0.1875,0.4688,0.3123,-0.1248,0.1776,0.2874,4.997,240,
SF,2024,10,9,38,0.2632,0.4211,0.2986,-0.0355,0.1776,0.2874,4.997,240,
TB,2024,10,10,31,0.1613,0.2581,0.2518,-0.0905,0.1776,0.2874,4.997,240,
TEN,2024,10,9,21,0.4762,0.2381,0.246,0.2302,0.1776,0.2874,4.997,240,
WAS,2024,10,10,37,0.2162,0.5405,0.333,-0.1167,0.1776,0.2874,4.997,240,
ATL,2024,11,11,26,0.3077,0.3077,0.2628,0.0449,0.1808,0.2665,5.01,268,
BAL,2024,11,11,36,0.2778,0.4167,0.2918,-0.014,0.1808,0.2665,5.01,268,
BUF,2024,11,11,40,0.25,0.375,0.2807,-0.0307,0.1808,0.2665,5.01,268,
CHI,2024,11,10,35,0.1714,0.2286,0.2417,-0.0703,0.1808,0.2665,5.01,268,
CIN,2024,11,11,52,0.3077,0.3077,0.2628,0.0449,0.1808,0.2665,5.01,268,
CLE,2024,11,10,40,0.275,0.175,0.2274,0.0476,0.1808,0.2665,5.01,268,
DAL,2024,11,10,43,0.2791,0.1163,0.2118,0.0673,0.1808,0.2665,5.01,268,
DEN,2024,11,11,31,0.2258,0.1613,0.2238,0.002,0.1808,0.2665,5.01,268,
DET,2024,11,10,26,0.1538,0.0769,0.2013,-0.0474,0.1808,0.2665,5.01,268,
GB,2024,11,10,18,0.1667,0.1667,0.2252,-0.0585,0.1808,0.2665,5.01,268,
HOU,2024,11,11,31,0.2258,0.2581,0.2496,-0.0238,0.1808,0.2665,5.01,268,
IND,2024,11,11,33,0.1818,0.1818,0.2292,-0.0474,0.1808,0.2665,5.01,268,
JAX,2024,11,11,23,0.1739,0.6522,0.3546,-0.1807,0.1808,0.2665,5.01,268,
KC,2024,11,10,31,0.5484,0.3226,0.2668,0.2816,0.1808,0.2665,5.01,268,
LA,2024,11,10,27,0.1481,0.5926,0.3387,-0.1906,0.1808,0.2665,5.01,268,
LAC,2024,11,10,37,0.1622,0.2432,0.2456,-0.0835,0.1808,0.2665,5.01,268,
LV,2024,11,10,33,0.1818,0.1818,0.2292,-0.0474,0.1808,0.2665,5.01,268,
MIA,2024,11,10,36,0.0833,0.1667,0.2252,-0.1419,0.1808,0.2665,5.01,268,
MIN,2024,11,10,31,0.1935,0.2258,0.241,-0.0474,0.1808,0.2665,5.01,268,
NE,2024,11,11,42,0.119,0.3571,0.276,-0.1569,0.1808,0.2665,5.01,268,
NO,2024,11,11,29,0.3103,0.1724,0.2267,0.0836,0.1808,0.2665,5.01,268,
NYJ,2024,11,11,32,0.1562,0.2188,0.2391,-0.0828,0.1808,0.2665,5.01,268,
PHI,2024,11,10,30,0.1333,0.3,0.2607,-0.1274,0.1808,0.2665,5.01,268,
PIT,2024,11,10,40,0.25,0.225,0.2408,0.0092,0.1808,0.2665,5.01,268,
SEA,2024,11,10,36,0.25,0.0278,0.1882,0.0618,0.1808,0.2665,5.01,268,
SF,2024,11,10,30,0.2,0.4667,0.3051,-0.1051,0.1808,0.2665,5.01,268,
TEN,2024,11,10,33,0.3939,0.303,0.2615,0.1324,0.1808,0.2665,5.01,268,
WAS,2024,11,11,24,0.125,0.0417,0.1919,-0.0669,0.1808,0.2665,5.01,268,
ARI,2024,12,11,35,0.2286,0.2,0.2384,-0.0098,0.1861,0.2613,5.104,294,
BAL,2024,12,12,24,0.25,0.375,0.2841,-0.0341,0.1861,0.2613,5.104,294,
CAR,2024,12,11,37,0.2432,0.4054,0.292,-0.0488,0.1861,0.2613,5.104,294,
CHI,2024,12,11,44,0.2273,0.4318,0.2989,-0.0717,0.1861,0.2613,5.104,294,
CLE,2024,12,11,30,0.2,0.1333,0.221,-0.021,0.1861,0.2613,5.104,294,
DAL,2024,12,11,32,0.125,0.3125,0.2678,-0.1428,0.1861,0.2613,5.104,294,
DEN,2024,12,12,42,0.1905,0.4048,0.2919,-0.1014,0.1861,0.2613,5.104,294,
DET,2024,12,11,30,0.6,0.1,0.2122,0.3878,0.1861,0.2613,5.104,294,
GB,2024,12,11,20,0.3,0.15,0.2253,0.0747,0.1861,0.2613,5.104,294,
HOU,2024,12,12,37,0.2432,0.1622,0.2285,0.0148,0.1861,0.2613,5.104,294,
IND,2024,12,12,19,0.5263,0.6316,0.3511,0.1752,0.1861,0.2613,5.104,294,
KC,2024,12,11,42,0.2143,0.2857,0.2608,-0.0465,0.1861,0.2613,5.104,294,
LA,2024,12,11,26,0.4615,0.2692,0.2565,0.2051,0.1861,0.2613,5.104,294,
LAC,2024,12,11,30,0.2667,0.4,0.2906,-0.024,0.1861,0.2613,5.104,294,
LV,2024,12,11,50,0.32,0.26,0.254,0.066,0.1861,0.2613,5.104,294,
MIA,2024,12,11,34,0.1471,0.2353,0.2476,-0.1005,0.1861,0.2613,5.104,294,
MIN,2024,12,11,34,0.3824,0.2647,0.2553,0.1271,0.1861,0.2613,5.104,294,
NE,2024,12,12,24,0.375,0.3333,0.2732,0.1018,0.1861,0.2613,5.104,294,
NYG,2024,12,11,19,0.4211,0.5263,0.3236,0.0974,0.1861,0.2613,5.104,294,
PHI,2024,12,11,20,0.35,0.3,0.2645,0.0855,0.1861,0.2613,5.104,294,
PIT,2024,12,11,34,0.3235,0.0882,0.2092,0.1144,0.1861,0.2613,5.104,294,
SEA,2024,12,11,36,0.1944,0.2222,0.2442,-0.0497,0.1861,0.2613,5.104,294,
SF,2024,12,11,24,0.2917,0.25,0.2514,0.0402,0.1861,0.2613,5.104,294,
TB,2024,12,11,30,0.1,0.1333,0.221,-0.121,0.1861,0.2613,5.104,294,
TEN,2024,12,11,33,0.2727,0.1212,0.2178,0.0549,0.1861,0.2613,5.104,294,
WAS,2024,12,12,36,0.5278,0.3889,0.2877,0.2401,0.1861,0.2613,5.104,294,
ARI,2024,13,12,45,0.1111,0.4444,0.3014,-0.1903,0.1763,0.2815,5.885,326,
ATL,2024,13,12,40,0.2,0.125,0.2115,-0.0115,0.1763,0.2815,5.885,326,
BAL,2024,13,13,33,0.2121,0.1818,0.2275,-0.0154,0.1763,0.2815,5.885,326,
BUF,2024,13,12,16,0.0625,0.375,0.2819,-0.2194,0.1763,0.2815,5.885,326,
CAR,2024,13,12,47,0.2979,0.4894,0.3141,-0.0162,0.1763,0.2815,5.885,326,
CHI,2024,13,12,44,0.2045,0.1818,0.2275,-0.0229,0.1763,0.2815,5.885,326,
CIN,2024,13,12,32,0.5625,0.3125,0.2643,0.2982,0.1763,0.2815,5.885,326,
CLE,2024,13,12,56,0.2857,0.1786,0.2266,0.0591,0.1763,0.2815,5.885,326,
DAL,2024,13,12,31,0.0,0.0,0.1763,-0.1763,0.1763,0.2815,5.885,326,
DEN,2024,13,13,35,0.2,0.3429,0.2728,-0.0728,0.1763,0.2815,5.885,326,
DET,2024,13,12,35,0.1143,0.3143,0.2648,-0.1505,0.1763,0.2815,5.885,326,
GB,2024,13,12,22,0.0,0.0,0.1763,-0.1763,0.1763,0.2815,5.885,326,
HOU,2024,13,13,34,0.1471,0.3235,0.2674,-0.1203,0.1763,0.2815,5.885,326,
IND,2024,13,13,24,0.125,0.2083,0.235,-0.11,0.1763,0.2815,5.885,326,
JAX,2024,13,12,35,0.0857,0.2286,0.2407,-0.1549,0.1763,0.2815,5.885,326,
KC,2024,13,12,50,0.1,0.0,0.1763,-0.0763,0.1763,0.2815,5.885,326,
LA,2024,13,12,26,0.2308,0.1538,0.2196,0.0112,0.1763,0.2815,5.885,326,
LAC,2024,13,12,30,0.3667,0.2,0.2326,0.1341,0.1763,0.2815,5.885,326,
LV,2024,13,12,37,0.0811,0.0,0.1763,-0.0952,0.1763,0.2815,5.885,326,
MIA,2024,13,12,32,0.1562,0.0,0.1763,-0.0201,0.1763,0.2815,5.885,326,
MIN,2024,13,12,36,0.2222,0.2778,0.2545,-0.0323,0.1763,0.2815,5.885,326,
NE,2024,13,13,35,0.1429,0.1714,0.2246,-0.0817,0.1763,0.2815,5.885,326,
NO,2024,13,12,38,0.2105,0.0789,0.1985,0.012,0.1763,0.2815,5.885,326,
NYG,2024,13,12,26,0.2308,0.0,0.1763,0.0545,0.1763,0.2815,5.885,326,
NYJ,2024,13,12,41,0.2195,0.2439,0.245,-0.0255,0.1763,0.2815,5.885,326,
PHI,2024,13,12,21,0.1905,0.1429,0.2165,-0.026,0.1763,0.2815,5.885,326,
PIT,2024,13,12,37,0.4595,0.2703,0.2524,0.2071,0.1763,0.2815,5.885,326,
SEA,2024,13,12,34,0.2353,0.2941,0.2591,-0.0238,0.1763,0.2815,5.885,326,
SF,2024,13,12,16,0.125,0.0625,0.1939,-0.0689,0.1763,0.2815,5.885,326,
TB,2024,13,12,38,0.2368,0.3158,0.2652,-0.0284,0.1763,0.2815,5.885,326,
TEN,2024,13,12,26,0.4231,0.3077,0.2629,0.1602,0.1763,0.2815,5.885,326,
WAS,2024,13,13,26,0.1154,0.3077,0.2629,-0.1475,0.1763,0.2815,5.885,326,
ARI,2024,14,13,32,0.25,0.25,0.2458,0.0042,0.1794,0.2656,5.799,352,
ATL,2024,14,13,29,0.1379,0.6207,0.3443,-0.2064,0.1794,0.2656,5.799,352,
BUF,2024,14,13,32,0.0625,0.1875,0.2292,-0.1667,0.1794,0.2656,5.799,352,
CAR,2024,14,13,35,0.2286,0.2857,0.2553,-0.0268,0.1794,0.2656,5.799,352,
CHI,2024,14,13,25,0.32,0.12,0.2113,0.1087,0.1794,0.2656,5.799,352,
CIN,2024,14,13,46,0.2391,0.3913,0.2834,-0.0442,0.1794,0.2656,5.799,352,
CLE,2024,14,13,31,0.2903,0.3548,0.2737,0.0166,0.1794,0.2656,5.799,352,
DAL,2024,14,13,33,0.3333,0.2727,0.2519,0.0815,0.1794,0.2656,5.799,352,
DET,2024,14,13,42,0.119,0.1905,0.23,-0.111,0.1794,0.2656,5.799,352,
GB,2024,14,13,21,0.3333,0.5714,0.3312,0.0021,0.1794,0.2656,5.799,352,
JAX,2024,14,13,32,0.1875,0.1562,0.2209,-0.0334,0.1794,0.2656,5.799,352,
KC,2024,14,13,40,0.4,0.3,0.2591,0.1409,0.1794,0.2656,5.799,352,
LA,2024,14,13,30,0.1667,0.2667,0.2503,-0.0836,0.1794,0.2656,5.799,352,
LAC,2024,14,13,33,0.2121,0.303,0.2599,-0.0478,0.1794,0.2656,5.799,352,
LV,2024,14,13,29,0.2759,0.4483,0.2985,-0.0226,0.1794,0.2656,5.799,352,
MIA,2024,14,13,47,0.1489,0.2553,0.2473,-0.0983,0.1794,0.2656,5.799,352,
MIN,2024,14,13,31,0.2581,0.1613,0.2223,0.0358,0.1794,0.2656,5.799,352,
NO,2024,14,13,33,0.2727,0.3636,0.276,-0.0033,0.1794,0.2656,5.799,352,
NYG,2024,14,13,51,0.4314,0.1373,0.2159,0.2155,0.1794,0.2656,5.799,352,
NYJ,2024,14,13,42,0.381,0.2381,0.2427,0.1383,0.1794,0.2656,5.799,352,
PHI,2024,14,13,25,0.16,0.48,0.3069,-0.1469,0.1794,0.2656,5.799,352,
PIT,2024,14,13,24,0.375,0.375,0.279,0.096,0.1794,0.2656,5.799,352,
SEA,2024,14,13,29,0.1379,0.1724,0.2252,-0.0873,0.1794,0.2656,5.799,352,
SF,2024,14,13,23,0.1739,0.3913,0.2834,-0.1095,0.1794,0.2656,5.799,352,
TB,2024,14,13,31,0.2258,0.2258,0.2394,-0.0136,0.1794,0.2656,5.799,352,
TEN,2024,14,13,34,0.1176,0.1471,0.2185,-0.1009,0.1794,0.2656,5.799,352,
ARI,2024,15,14,24,0.0,0.2917,0.2599,-0.2599,0.1806,0.2719,6.024,384,
ATL,2024,15,14,19,0.2632,0.3684,0.2808,-0.0176,0.1806,0.2719,6.024,384,
BAL,2024,15,14,21,0.4762,0.5714,0.336,0.1402,0.1806,0.2719,6.024,384,
BUF,2024,15,14,29,0.3448,0.4138,0.2931,0.0517,0.1806,0.2719,6.024,384,
CAR,2024,15,14,19,0.6842,0.2632,0.2522,0.432,0.1806,0.2719,6.024,384,
CHI,2024,15,14,21,0.4762,0.7143,0.3748,0.1013,0.1806,0.2719,6.024,384,
CIN,2024,15,14,30,0.2,0.2,0.235,-0.035,0.1806,0.2719,6.024,384,
CLE,2024,15,14,31,0.3226,0.3226,0.2683,0.0542,0.1806,0.2719,6.024,384,
DAL,2024,15,14,26,0.1154,0.3077,0.2643,-0.1489,0.1806,0.2719,6.024,384,
DEN,2024,15,14,29,0.069,0.2069,0.2369,-0.1679,0.1806,0.2719,6.024,384,
DET,2024,15,14,34,0.4412,0.2941,0.2606,0.1806,0.1806,0.2719,6.024,384,
GB,2024,15,14,20,0.5,0.4,0.2894,0.2106,0.1806,0.2719,6.024,384,
HOU,2024,15,14,27,0.3704,0.2222,0.2411,0.1293,0.1806,0.2719,6.024,384,
IND,2024,15,14,30,0.6,0.3333,0.2713,0.3287,0.1806,0.2719,6.024,384,
JAX,2024,15,14,49,0.1429,0.3061,0.2639,-0.121,0.1806,0.2719,6.024,384,
KC,2024,15,14,32,0.375,0.1875,0.2316,0.1434,0.1806,0.2719,6.024,384,
LA,2024,15,14,27,0.1852,0.2963,0.2612,-0.076,0.1806,0.2719,6.024,384,
LAC,2024,15,14,32,0.3125,0.625,0.3506,-0.0381,0.1806,0.2719,6.024,384,
LV,2024,15,14,38,0.2105,0.1316,0.2164,-0.0059,0.1806,0.2719,6.024,384,
MIA,2024,15,14,40,0.175,0.175,0.2282,-0.0532,0.1806,0.2719,6.024,384,
MIN,2024,15,14,36,0.3056,0.25,0.2486,0.0569,0.1806,0.2719,6.024,384,
NE,2024,15,14,18,0.1111,0.4444,0.3015,-0.1904,0.1806,0.2719,6.024,384,
NO,2024,15,14,35,0.2571,0.2857,0.2583,-0.0012,0.1806,0.2719,6.024,384,
NYG,2024,15,14,27,0.6296,0.3704,0.2813,0.3483,0.1806,0.2719,6.024,384,
NYJ,2024,15,14,32,0.1875,0.0625,0.1976,-0.0101,0.1806,0.2719,6.024,384,
PHI,2024,15,14,28,0.1786,0.3929,0.2875,-0.1089,0.1806,0.2719,6.024,384,
PIT,2024,15,14,22,0.2273,0.0,0.1806,0.0466,0.1806,0.2719,6.024,384,
SEA,2024,15,14,31,0.4839,0.129,0.2157,0.2682,0.1806,0.2719,6.024,384,
SF,2024,15,14,34,0.0882,0.1471,0.2206,-0.1324,0.1806,0.2719,6.024,384,
TB,2024,15,14,24,0.125,0.3333,0.2713,-0.1463,0.1806,0.2719,6.024,384,
TEN,2024,15,14,21,0.3333,0.3333,0.2713,0.0621,0.1806,0.2719,6.024,384,
WAS,2024,15,14,38,0.2368,0.1579,0.2236,0.0133,0.1806,0.2719,6.024,384,
ARI,2024,16,15,35,0.2,0.3714,0.2783,-0.0783,0.1824,0.258,5.98,416,
ATL,2024,16,15,24,0.1667,0.3333,0.2684,-0.1018,0.1824,0.258,5.98,416,
BAL,2024,16,15,23,0.087,0.6522,0.3507,-0.2637,0.1824,0.258,5.98,416,
BUF,2024,16,15,28,0.2143,0.3214,0.2654,-0.0511,0.1824,0.258,5.98,416,
CAR,2024,16,15,29,0.3103,0.4483,0.2981,0.0123,0.1824,0.258,5.98,416,
CHI,2024,16,15,25,0.32,0.76,0.3785,-0.0585,0.1824,0.258,5.98,416,
CIN,2024,16,15,30,0.3333,0.3667,0.277,0.0563,0.1824,0.258,5.98,416,
CLE,2024,16,15,26,0.5385,0.2308,0.242,0.2965,0.1824,0.258,5.98,416,
DAL,2024,16,15,35,0.3143,0.3714,0.2783,0.036,0.1824,0.258,5.98,416,
DEN,2024,16,15,36,0.1389,0.2222,0.2398,-0.1009,0.1824,0.258,5.98,416,
DET,2024,16,15,28,0.1429,0.2857,0.2561,-0.1133,0.1824,0.258,5.98,416,
GB,2024,16,15,22,0.2273,0.4545,0.2997,-0.0724,0.1824,0.258,5.98,416,
HOU,2024,16,15,41,0.3659,0.3415,0.2705,0.0953,0.1824,0.258,5.98,416,
IND,2024,16,15,9,0.1111,0.2222,0.2398,-0.1286,0.1824,0.258,5.98,416,
JAX,2024,16,15,40,0.15,0.15,0.2211,-0.0711,0.1824,0.258,5.98,416,
KC,2024,16,15,40,0.1,0.325,0.2663,-0.1663,0.1824,0.258,5.98,416,
LA,2024,16,15,19,0.0526,0.2632,0.2503,-0.1977,0.1824,0.258,5.98,416,
LAC,2024,16,15,33,0.2424,0.1818,0.2293,0.0131,0.1824,0.258,5.98,416,
LV,2024,16,15,41,0.1951,0.0976,0.2076,-0.0125,0.1824,0.258,5.98,416,
MIA,2024,16,15,34,0.1176,0.1471,0.2204,-0.1027,0.1824,0.258,5.98,416,
MIN,2024,16,15,38,0.1842,0.1579,0.2232,-0.0389,0.1824,0.258,5.98,416,
NE,2024,16,15,37,0.3243,0.4324,0.294,0.0303,0.1824,0.258,5.98,416,
NO,2024,16,15,18,0.5,0.1111,0.2111,0.2889,0.1824,0.258,5.98,416,
NYG,2024,16,15,26,0.5385,0.3462,0.2717,0.2667,0.1824,0.258,5.98,416,
NYJ,2024,16,15,43,0.0233,0.0233,0.1884,-0.1652,0.1824,0.258,5.98,416,
PHI,2024,16,15,32,0.25,0.5312,0.3195,-0.0695,0.1824,0.258,5.98,416,
PIT,2024,16,15,31,0.2581,0.1935,0.2324,0.0257,0.1824,0.258,5.98,416,
SEA,2024,16,15,45,0.2,0.2,0.234,-0.034,0.1824,0.258,5.98,416,
SF,2024,16,15,35,0.2286,0.3429,0.2709,-0.0423,0.1824,0.258,5.98,416,
TB,2024,16,15,47,0.383,0.3404,0.2703,0.1127,0.1824,0.258,5.98,416,
TEN,2024,16,15,25,0.16,0.08,0.2031,-0.0431,0.1824,0.258,5.98,416,
WAS,2024,16,15,39,0.1026,0.359,0.275,-0.1725,0.1824,0.258,5.98,416,
ARI,2024,17,16,52,0.0769,0.0,0.1713,-0.0944,0.1713,0.2899,7.102,448,
ATL,2024,17,16,37,0.0811,0.3243,0.2654,-0.1843,0.1713,0.2899,7.102,448,
BAL,2024,17,16,15,0.4,0.6,0.3453,0.0547,0.1713,0.2899,7.102,448,
BUF,2024,17,16,27,0.1852,0.3704,0.2787,-0.0935,0.1713,0.2899,7.102,448,
CAR,2024,17,16,25,0.84,0.64,0.3569,0.4831,0.1713,0.2899,7.102,448,
CHI,2024,17,16,35,0.2,0.0,0.1713,0.0287,0.1713,0.2899,7.102,448,
CIN,2024,17,16,56,0.2143,0.3393,0.2697,-0.0554,0.1713,0.2899,7.102,448,
CLE,2024,17,16,34,0.1471,0.2647,0.2481,-0.101,0.1713,0.2899,7.102,448,
DAL,2024,17,16,22,0.1818,0.3182,0.2636,-0.0818,0.1713,0.2899,7.102,448,
DEN,2024,17,16,33,0.1818,0.0303,0.1801,0.0017,0.1713,0.2899,7.102,448,
DET,2024,17,16,37,0.1351,0.1892,0.2262,-0.091,0.1713,0.2899,7.102,448,
GB,2024,17,16,25,0.32,0.64,0.3569,-0.0369,0.1713,0.2899,7.102,448,
HOU,2024,17,16,34,0.3235,0.1765,0.2225,0.101,0.1713,0.2899,7.102,448,
IND,2024,17,16,39,0.1538,0.2564,0.2457,-0.0918,0.1713,0.2899,7.102,448,
JAX,2024,17,16,24,0.125,0.1667,0.2196,-0.0946,0.1713,0.2899,7.102,448,
KC,2024,17,16,34,0.0,0.0,0.1713,-0.1713,0.1713,0.2899,7.102,448,
LA,2024,17,16,32,0.0,0.0,0.1713,-0.1713,0.1713,0.2899,7.102,448,
LAC,2024,17,16,38,0.1053,0.2632,0.2476,-0.1424,0.1713,0.2899,7.102,448,
LV,2024,17,16,33,0.2121,0.2424,0.2416,-0.0295,0.1713,0.2899,7.102,448,
MIA,2024,17,16,27,0.2963,0.0741,0.1928,0.1035,0.1713,0.2899,7.102,448,
MIN,2024,17,16,41,0.1463,0.2195,0.235,-0.0886,0.1713,0.2899,7.102,448,
NE,2024,17,16,21,0.381,0.5714,0.337,0.0439,0.1713,0.2899,7.102,448,
NO,2024,17,16,25,0.52,0.28,0.2525,0.2675,0.1713,0.2899,7.102,448,
NYG,2024,17,16,23,0.0435,0.2174,0.2344,-0.1909,0.1713,0.2899,7.102,448,
NYJ,2024,17,16,21,0.4286,0.1905,0.2266,0.202,0.1713,0.2899,7.102,448,
PHI,2024,17,16,18,0.0556,0.3889,0.2841,-0.2285,0.1713,0.2899,7.102,448,
PIT,2024,17,16,28,0.1786,0.0,0.1713,0.0072,0.1713,0.2899,7.102,448,
SEA,2024,17,16,26,0.1154,0.0,0.1713,-0.0559,0.1713,0.2899,7.102,448,
SF,2024,17,16,31,0.3226,0.5161,0.321,0.0016,0.1713,0.2899,7.102,448,
TB,2024,17,16,32,0.25,0.3125,0.2619,-0.0119,0.1713,0.2899,7.102,448,
TEN,2024,17,16,34,0.1765,0.1176,0.2054,-0.029,0.1713,0.2899,7.102,448,
WAS,2024,17,16,41,0.1951,0.1707,0.2208,-0.0257,0.1713,0.2899,7.102,448,
ARI,2024,18,17,33,0.1515,0.303,0.2565,-0.105,0.1698,0.2861,7.327,480,
ATL,2024,18,17,39,0.1795,0.2821,0.2505,-0.071,0.1698,0.2861,7.327,480,
BAL,2024,18,17,29,0.1724,0.1724,0.2191,-0.0467,0.1698,0.2861,7.327,480,
BUF,2024,18,17,32,0.1562,0.2188,0.2324,-0.0762,0.1698,0.2861,7.327,480,
CAR,2024,18,17,35,0.1143,0.1429,0.2107,-0.0964,0.1698,0.2861,7.327,480,
CHI,2024,18,17,30,0.2,0.1,0.1984,0.0016,0.1698,0.2861,7.327,480,
CIN,2024,18,17,50,0.16,0.2,0.227,-0.067,0.1698,0.2861,7.327,480,
CLE,2024,18,17,23,0.1739,0.087,0.1947,-0.0208,0.1698,0.2861,7.327,480,
DAL,2024,18,17,36,0.2222,0.3611,0.2731,-0.0509,0.1698,0.2861,7.327,480,
DEN,2024,18,17,28,0.0,0.0714,0.1903,-0.1903,0.1698,0.2861,7.327,480,
DET,2024,18,17,32,0.1875,0.625,0.3486,-0.1611,0.1698,0.2861,7.327,480,
GB,2024,18,17,29,0.2759,0.2759,0.2487,0.0271,0.1698,0.2861,7.327,480,
HOU,2024,18,17,27,0.1111,0.4074,0.2864,-0.1753,0.1698,0.2861,7.327,480,
IND,2024,18,17,43,0.1395,0.1628,0.2164,-0.0769,0.1698,0.2861,7.327,480,
JAX,2024,18,17,34,0.1765,0.1176,0.2035,-0.027,0.1698,0.2861,7.327,480,
KC,2024,18,17,21,0.4286,0.0952,0.1971,0.2315,0.1698,0.2861,7.327,480,
LA,2024,18,17,45,0.1778,0.2889,0.2525,-0.0747,0.1698,0.2861,7.327,480,
LAC,2024,18,17,35,0.1429,0.2,0.227,-0.0842,0.1698,0.2861,7.327,480,
LV,2024,18,17,24,0.3333,0.2917,0.2533,0.0801,0.1698,0.2861,7.327,480,
MIA,2024,18,17,35,0.4,0.2571,0.2434,0.1566,0.1698,0.2861,7.327,480,
MIN,2024,18,17,33,0.3939,0.697,0.3692,0.0247,0.1698,0.2861,7.327,480,
NE,2024,18,17,31,0.2258,0.2258,0.2344,-0.0086,0.1698,0.2861,7.327,480,
NO,2024,18,17,44,0.1591,0.4545,0.2999,-0.1408,0.1698,0.2861,7.327,480,
NYG,2024,18,17,27,0.1111,0.1481,0.2122,-0.1011,0.1698,0.2861,7.327,480,
NYJ,2024,18,17,40,0.175,0.225,0.2342,-0.0592,0.1698,0.2861,7.327,480,
PHI,2024,18,17,43,0.1628,0.3488,0.2696,-0.1068,0.1698,0.2861,7.327,480,
PIT,2024,18,17,35,0.2571,0.1429,0.2107,0.0465,0.1698,0.2861,7.327,480,
SEA,2024,18,17,30,0.1667,0.2333,0.2366,-0.0699,0.1698,0.2861,7.327,480,
SF,2024,18,17,36,0.25,0.25,0.2413,0.0087,0.1698,0.2861,7.327,480,
TB,2024,18,17,32,0.1562,0.3438,0.2682,-0.1119,0.1698,0.2861,7.327,480,
TEN,2024,18,17,17,0.2941,0.4118,0.2876,0.0065,0.1698,0.2861,7.327,480,
WAS,2024,18,17,37,0.4324,0.3243,0.2626,0.1698,0.1698,0.2861,7.327,480,
ARI,2025,1,1,33,0.2424,0.303,,,,,,0,pool<32
ATL,2025,1,1,43,0.1163,0.2326,,,,,,0,pool<32
BAL,2025,1,1,20,0.2,0.45,,,,,,0,pool<32
BUF,2025,1,1,36,0.1389,0.1667,,,,,,0,pool<32
CAR,2025,1,1,23,0.2174,0.2609,,,,,,0,pool<32
CHI,2025,1,1,35,0.3143,0.3143,,,,,,0,pool<32
CIN,2025,1,1,26,0.3077,0.2692,,,,,,0,pool<32
CLE,2025,1,1,47,0.1915,0.0426,,,,,,0,pool<32
DAL,2025,1,1,33,0.0909,0.1515,,,,,,0,pool<32
DEN,2025,1,1,36,0.2778,0.2778,,,,,,0,pool<32
DET,2025,1,1,27,0.4074,0.1481,,,,,,0,pool<32
GB,2025,1,1,22,0.0909,0.3636,,,,,,0,pool<32
HOU,2025,1,1,30,0.2667,0.2,,,,,,0,pool<32
IND,2025,1,1,29,0.2069,0.5517,,,,,,0,pool<32
JAX,2025,1,1,24,0.0417,0.2083,,,,,,0,pool<32
KC,2025,1,1,40,0.05,0.0,,,,,,0,pool<32
LA,2025,1,1,31,0.1935,0.2903,,,,,,0,pool<32
LAC,2025,1,1,37,0.0811,0.0,,,,,,0,pool<32
LV,2025,1,1,36,0.2222,0.4722,,,,,,0,pool<32
MIA,2025,1,1,21,0.3333,0.4286,,,,,,0,pool<32
MIN,2025,1,1,25,0.28,0.12,,,,,,0,pool<32
NE,2025,1,1,42,0.3333,0.2857,,,,,,0,pool<32
NO,2025,1,1,45,0.1556,0.2,,,,,,0,pool<32
NYG,2025,1,1,31,0.3226,0.2903,,,,,,0,pool<32
NYJ,2025,1,1,24,0.25,0.375,,,,,,0,pool<32
PHI,2025,1,1,24,0.25,0.2083,,,,,,0,pool<32
PIT,2025,1,1,34,0.2059,0.3529,,,,,,0,pool<32
SEA,2025,1,1,23,0.2609,0.1739,,,,,,0,pool<32
SF,2025,1,1,36,0.3889,0.1667,,,,,,0,pool<32
TB,2025,1,1,33,0.0606,0.303,,,,,,0,pool<32
TEN,2025,1,1,31,0.6129,0.2903,,,,,,0,pool<32
WAS,2025,1,1,33,0.1212,0.2121,,,,,,0,pool<32
ARI,2025,2,2,22,0.1818,0.3182,,,,,,0,pool<32
ATL,2025,2,2,24,0.2917,0.375,,,,,,0,pool<32
BAL,2025,2,2,31,0.1613,0.3548,,,,,,0,pool<32
BUF,2025,2,2,25,0.08,0.12,,,,,,0,pool<32
CAR,2025,2,2,33,0.3333,0.2121,,,,,,0,pool<32
CHI,2025,2,2,27,0.2222,0.2593,,,,,,0,pool<32
CIN,2025,2,2,48,0.2708,0.2917,,,,,,0,pool<32
CLE,2025,2,2,33,0.3939,0.303,,,,,,0,pool<32
DAL,2025,2,2,55,0.1818,0.3636,,,,,,0,pool<32
DEN,2025,2,2,30,0.0333,0.3,,,,,,0,pool<32
DET,2025,2,2,25,0.2,0.04,,,,,,0,pool<32
GB,2025,2,2,30,0.2,0.4667,,,,,,0,pool<32
HOU,2025,2,2,28,0.1786,0.4286,,,,,,0,pool<32
IND,2025,2,2,35,0.1714,0.6,,,,,,0,pool<32
JAX,2025,2,2,43,0.1163,0.1628,,,,,,0,pool<32
KC,2025,2,2,26,0.3462,0.3846,,,,,,0,pool<32
LA,2025,2,2,32,0.2188,0.2812,,,,,,0,pool<32
LAC,2025,2,2,24,0.125,0.4167,,,,,,0,pool<32
LV,2025,2,2,41,0.1463,0.122,,,,,,0,pool<32
MIA,2025,2,2,37,0.2162,0.027,,,,,,0,pool<32
MIN,2025,2,2,23,0.4348,0.4783,,,,,,0,pool<32
NE,2025,2,2,26,0.1538,0.3462,,,,,,0,pool<32
NO,2025,2,2,37,0.1351,0.1622,,,,,,0,pool<32
NYG,2025,2,2,44,0.2955,0.1364,,,,,,0,pool<32
NYJ,2025,2,2,10,0.7,0.8,,,,,,0,pool<32
PHI,2025,2,2,23,0.2174,0.5652,,,,,,0,pool<32
PIT,2025,2,2,29,0.5172,0.069,,,,,,0,pool<32
SEA,2025,2,2,35,0.2857,0.4286,,,,,,0,pool<32
SF,2025,2,2,41,0.1707,0.0732,,,,,,0,pool<32
TB,2025,2,2,43,0.2093,0.2791,,,,,,0,pool<32
TEN,2025,2,2,28,0.3571,0.1071,,,,,,0,pool<32
WAS,2025,2,2,29,0.4483,0.3448,,,,,,0,pool<32
ARI,2025,3,3,36,0.1389,0.2222,0.2282,-0.0893,0.1675,0.2733,1.818,32,
ATL,2025,3,3,36,0.0833,0.1944,0.2206,-0.1373,0.1675,0.2733,1.818,32,
BAL,2025,3,3,30,0.3,0.6,0.3315,-0.0315,0.1675,0.2733,1.818,32,
BUF,2025,3,3,30,0.2,0.4333,0.2859,-0.0859,0.1675,0.2733,1.818,32,
CAR,2025,3,3,21,0.2381,0.4762,0.2976,-0.0595,0.1675,0.2733,1.818,32,
CHI,2025,3,3,23,0.2609,0.3043,0.2507,0.0102,0.1675,0.2733,1.818,32,
CIN,2025,3,3,24,0.4167,0.375,0.27,0.1467,0.1675,0.2733,1.818,32,
CLE,2025,3,3,37,0.2703,0.2973,0.2487,0.0215,0.1675,0.2733,1.818,32,
DAL,2025,3,3,25,0.44,0.32,0.2549,0.1851,0.1675,0.2733,1.818,32,
DEN,2025,3,3,27,0.3333,0.1852,0.2181,0.1152,0.1675,0.2733,1.818,32,
DET,2025,3,3,26,0.2308,0.3846,0.2726,-0.0418,0.1675,0.2733,1.818,32,
GB,2025,3,3,30,0.2,0.2333,0.2313,-0.0313,0.1675,0.2733,1.818,32,
HOU,2025,3,3,39,0.2051,0.2051,0.2236,-0.0184,0.1675,0.2733,1.818,32,
IND,2025,3,3,24,0.0833,0.125,0.2017,-0.1183,0.1675,0.2733,1.818,32,
JAX,2025,3,3,42,0.119,0.119,0.2,-0.081,0.1675,0.2733,1.818,32,
KC,2025,3,3,38,0.2368,0.1842,0.2178,0.019,0.1675,0.2733,1.818,32,
LA,2025,3,3,34,0.2353,0.3235,0.2559,-0.0206,0.1675,0.2733,1.818,32,
LAC,2025,3,3,52,0.4231,0.2692,0.2411,0.182,0.1675,0.2733,1.818,32,
LV,2025,3,3,22,0.3636,0.4091,0.2793,0.0843,0.1675,0.2733,1.818,32,
MIA,2025,3,3,32,0.5,0.25,0.2358,0.2642,0.1675,0.2733,1.818,32,
MIN,2025,3,3,23,0.1739,0.1739,0.215,-0.0411,0.1675,0.2733,1.818,32,
NE,2025,3,3,42,0.3095,0.3571,0.2651,0.0444,0.1675,0.2733,1.818,32,
NO,2025,3,3,36,0.1667,0.2778,0.2434,-0.0767,0.1675,0.2733,1.818,32,
NYG,2025,3,3,26,0.3462,0.2692,0.2411,0.1051,0.1675,0.2733,1.818,32,
NYJ,2025,3,3,27,0.4074,0.6667,0.3497,0.0577,0.1675,0.2733,1.818,32,
PHI,2025,3,3,37,0.1622,0.4054,0.2783,-0.1161,0.1675,0.2733,1.818,32,
PIT,2025,3,3,23,0.2174,0.3043,0.2507,-0.0333,0.1675,0.2733,1.818,32,
SEA,2025,3,3,18,0.1667,0.4444,0.289,-0.1223,0.1675,0.2733,1.818,32,
SF,2025,3,3,41,0.2439,0.2683,0.2408,0.0031,0.1675,0.2733,1.818,32,
TB,2025,3,3,26,0.1154,0.3462,0.2621,-0.1467,0.1675,0.2733,1.818,32,
TEN,2025,3,3,29,0.3448,0.3448,0.2617,0.0831,0.1675,0.2733,1.818,32,
WAS,2025,3,3,14,0.2143,0.4286,0.2846,-0.0703,0.1675,0.2733,1.818,32,
ARI,2025,4,4,45,0.1778,0.1778,0.2177,-0.0399,0.172,0.2568,2.435,64,
ATL,2025,4,4,27,0.0741,0.2593,0.2386,-0.1645,0.172,0.2568,2.435,64,
BAL,2025,4,4,25,0.36,0.32,0.2542,0.1058,0.172,0.2568,2.435,64,
BUF,2025,4,4,21,0.3333,0.2381,0.2332,0.1002,0.172,0.2568,2.435,64,
CAR,2025,4,4,27,0.1481,0.1852,0.2196,-0.0714,0.172,0.2568,2.435,64,
CHI,2025,4,4,39,0.2051,0.2564,0.2379,-0.0327,0.172,0.2568,2.435,64,
CIN,2025,4,4,22,0.3182,0.0909,0.1954,0.1228,0.172,0.2568,2.435,64,
CLE,2025,4,4,31,0.4194,0.4839,0.2963,0.1231,0.172,0.2568,2.435,64,
DAL,2025,4,4,41,0.2195,0.1707,0.2159,0.0037,0.172,0.2568,2.435,64,
DEN,2025,4,4,37,0.2162,0.1622,0.2137,0.0026,0.172,0.2568,2.435,64,
DET,2025,4,4,22,0.3636,0.2273,0.2304,0.1333,0.172,0.2568,2.435,64,
GB,2025,4,4,44,0.2273,0.2955,0.2479,-0.0206,0.172,0.2568,2.435,64,
HOU,2025,4,4,27,0.1852,0.1481,0.2101,-0.0249,0.172,0.2568,2.435,64,
IND,2025,4,4,35,0.2571,0.1429,0.2087,0.0484,0.172,0.2568,2.435,64,
JAX,2025,4,4,31,0.0323,0.1613,0.2134,-0.1812,0.172,0.2568,2.435,64,
KC,2025,4,4,34,0.1176,0.3235,0.2551,-0.1374,0.172,0.2568,2.435,64,
LA,2025,4,4,43,0.2558,0.2558,0.2377,0.0181,0.172,0.2568,2.435,64,
LAC,2025,4,4,43,0.3953,0.3488,0.2616,0.1338,0.172,0.2568,2.435,64,
LV,2025,4,4,20,0.05,0.35,0.2619,-0.2119,0.172,0.2568,2.435,64,
MIA,2025,4,4,22,0.2727,0.4091,0.2771,-0.0043,0.172,0.2568,2.435,64,
MIN,2025,4,4,40,0.45,0.4,0.2747,0.1753,0.172,0.2568,2.435,64,
NE,2025,4,4,16,0.0625,0.25,0.2362,-0.1737,0.172,0.2568,2.435,64,
NO,2025,4,4,27,0.2222,0.1852,0.2196,0.0027,0.172,0.2568,2.435,64,
NYG,2025,4,4,27,0.4444,0.3333,0.2576,0.1868,0.172,0.2568,2.435,64,
NYJ,2025,4,4,20,0.2,0.4,0.2747,-0.0747,0.172,0.2568,2.435,64,
PHI,2025,4,4,26,0.2692,0.4231,0.2807,-0.0114,0.172,0.2568,2.435,64,
PIT,2025,4,4,18,0.3333,0.6667,0.3432,-0.0099,0.172,0.2568,2.435,64,
SEA,2025,4,4,29,0.1034,0.3448,0.2606,-0.1571,0.172,0.2568,2.435,64,
SF,2025,4,4,40,0.225,0.075,0.1913,0.0337,0.172,0.2568,2.435,64,
TB,2025,4,4,41,0.1707,0.2683,0.2409,-0.0702,0.172,0.2568,2.435,64,
TEN,2025,4,4,21,0.4286,0.1905,0.2209,0.2076,0.172,0.2568,2.435,64,
WAS,2025,4,4,25,0.28,0.56,0.3158,-0.0358,0.172,0.2568,2.435,64,
ARI,2025,5,5,33,0.2121,0.0606,0.1724,0.0397,0.1544,0.2971,3.174,92,
BAL,2025,5,5,17,0.1176,0.2941,0.2418,-0.1242,0.1544,0.2971,3.174,92,
BUF,2025,5,5,32,0.125,0.1875,0.2101,-0.0851,0.1544,0.2971,3.174,92,
CAR,2025,5,5,32,0.2812,0.2188,0.2194,0.0618,0.1544,0.2971,3.174,92,
CIN,2025,5,5,30,0.3667,0.1333,0.194,0.1726,0.1544,0.2971,3.174,92,
CLE,2025,5,5,34,0.2647,0.3824,0.268,-0.0033,0.1544,0.2971,3.174,92,
DAL,2025,5,5,22,0.2273,0.5,0.303,-0.0757,0.1544,0.2971,3.174,92,
DEN,2025,5,5,42,0.1667,0.0714,0.1756,-0.009,0.1544,0.2971,3.174,92,
DET,2025,5,5,22,0.3636,0.5455,0.3165,0.0472,0.1544,0.2971,3.174,92,
HOU,2025,5,5,25,0.16,0.44,0.2851,-0.1251,0.1544,0.2971,3.174,92,
IND,2025,5,5,33,0.1515,0.1212,0.1904,-0.0389,0.1544,0.2971,3.174,92,
JAX,2025,5,5,28,0.25,0.3571,0.2605,-0.0105,0.1544,0.2971,3.174,92,
KC,2025,5,5,41,0.1463,0.2683,0.2341,-0.0878,0.1544,0.2971,3.174,92,
LA,2025,5,5,47,0.0426,0.1277,0.1923,-0.1498,0.1544,0.2971,3.174,92,
LAC,2025,5,5,33,0.2424,0.2727,0.2354,0.007,0.1544,0.2971,3.174,92,
LV,2025,5,5,26,0.2308,0.2692,0.2344,-0.0036,0.1544,0.2971,3.174,92,
MIA,2025,5,5,39,0.1282,0.1282,0.1925,-0.0643,0.1544,0.2971,3.174,92,
MIN,2025,5,5,38,0.1053,0.2632,0.2326,-0.1273,0.1544,0.2971,3.174,92,
NE,2025,5,5,34,0.3824,0.2353,0.2243,0.158,0.1544,0.2971,3.174,92,
NO,2025,5,5,30,0.1333,0.2,0.2138,-0.0805,0.1544,0.2971,3.174,92,
NYG,2025,5,5,32,0.3125,0.4062,0.2751,0.0374,0.1544,0.2971,3.174,92,
NYJ,2025,5,5,29,0.7931,0.3448,0.2569,0.5362,0.1544,0.2971,3.174,92,
PHI,2025,5,5,44,0.2045,0.2727,0.2354,-0.0309,0.1544,0.2971,3.174,92,
SEA,2025,5,5,34,0.1765,0.2647,0.2331,-0.0566,0.1544,0.2971,3.174,92,
SF,2025,5,5,49,0.1633,0.1224,0.1908,-0.0275,0.1544,0.2971,3.174,92,
TB,2025,5,5,35,0.1143,0.0857,0.1799,-0.0656,0.1544,0.2971,3.174,92,
TEN,2025,5,5,37,0.1351,0.1351,0.1946,-0.0594,0.1544,0.2971,3.174,92,
WAS,2025,5,5,24,0.0833,0.375,0.2658,-0.1825,0.1544,0.2971,3.174,92,
ARI,2025,6,6,46,0.4565,0.2391,0.2348,0.2217,0.1624,0.3029,3.523,122,
ATL,2025,6,5,33,0.1212,0.2121,0.2266,-0.1054,0.1624,0.3029,3.523,122,
BAL,2025,6,6,25,0.56,0.4,0.2835,0.2765,0.1624,0.3029,3.523,122,
BUF,2025,6,6,26,0.2692,0.6154,0.3488,-0.0796,0.1624,0.3029,3.523,122,
CAR,2025,6,6,26,0.4615,0.1923,0.2206,0.2409,0.1624,0.3029,3.523,122,
CHI,2025,6,5,33,0.2727,0.3636,0.2725,0.0002,0.1624,0.3029,3.523,122,
CIN,2025,6,6,33,0.2727,0.2727,0.245,0.0277,0.1624,0.3029,3.523,122,
CLE,2025,6,6,30,0.5667,0.6667,0.3643,0.2023,0.1624,0.3029,3.523,122,
DAL,2025,6,6,34,0.1471,0.2353,0.2337,-0.0866,0.1624,0.3029,3.523,122,
DEN,2025,6,6,31,0.0645,0.129,0.2015,-0.1369,0.1624,0.3029,3.523,122,
DET,2025,6,6,26,0.1923,0.3077,0.2556,-0.0633,0.1624,0.3029,3.523,122,
GB,2025,6,5,26,0.2692,0.1154,0.1973,0.0719,0.1624,0.3029,3.523,122,
IND,2025,6,6,31,0.3226,0.3226,0.2601,0.0625,0.1624,0.3029,3.523,122,
JAX,2025,6,6,49,0.4082,0.1224,0.1995,0.2087,0.1624,0.3029,3.523,122,
KC,2025,6,6,30,0.2333,0.0667,0.1826,0.0508,0.1624,0.3029,3.523,122,
LA,2025,6,6,27,0.0741,0.3333,0.2633,-0.1893,0.1624,0.3029,3.523,122,
LAC,2025,6,6,39,0.2308,0.2308,0.2323,-0.0015,0.1624,0.3029,3.523,122,
LV,2025,6,6,20,0.35,0.3,0.2533,0.0967,0.1624,0.3029,3.523,122,
MIA,2025,6,6,35,0.1143,0.0857,0.1883,-0.0741,0.1624,0.3029,3.523,122,
NE,2025,6,6,27,0.3704,0.2593,0.2409,0.1295,0.1624,0.3029,3.523,122,
NO,2025,6,6,28,0.3929,0.3571,0.2706,0.1223,0.1624,0.3029,3.523,122,
NYG,2025,6,6,27,0.1481,0.4074,0.2858,-0.1376,0.1624,0.3029,3.523,122,
NYJ,2025,6,6,26,0.4231,0.2308,0.2323,0.1908,0.1624,0.3029,3.523,122,
PHI,2025,6,6,29,0.1724,0.2759,0.2459,-0.0735,0.1624,0.3029,3.523,122,
PIT,2025,6,5,28,0.2143,0.2857,0.2489,-0.0346,0.1624,0.3029,3.523,122,
SEA,2025,6,6,27,0.2222,0.1852,0.2185,0.0038,0.1624,0.3029,3.523,122,
SF,2025,6,6,41,0.2195,0.2927,0.251,-0.0315,0.1624,0.3029,3.523,122,
TB,2025,6,6,22,0.0909,0.2727,0.245,-0.1541,0.1624,0.3029,3.523,122,
TEN,2025,6,6,22,0.5455,0.3182,0.2588,0.2867,0.1624,0.3029,3.523,122,
WAS,2025,6,6,29,0.1379,0.3793,0.2773,-0.1393,0.1624,0.3029,3.523,122,
ARI,2025,7,7,42,0.2619,0.1667,0.218,0.0439,0.1682,0.2991,4.095,152,
ATL,2025,7,6,33,0.2727,0.1515,0.2135,0.0592,0.1682,0.2991,4.095,152,
CAR,2025,7,7,33,0.303,0.4545,0.3041,-0.0011,0.1682,0.2991,4.095,152,
CHI,2025,7,6,25,0.36,0.28,0.2519,0.1081,0.1682,0.2991,4.095,152,
CIN,2025,7,7,49,0.1224,0.2245,0.2353,-0.1129,0.1682,0.2991,4.095,152,
CLE,2025,7,7,12,0.25,0.5,0.3177,-0.0677,0.1682,0.2991,4.095,152,
DAL,2025,7,7,28,0.2857,0.25,0.2429,0.0428,0.1682,0.2991,4.095,152,
DEN,2025,7,7,41,0.2195,0.1463,0.2119,0.0076,0.1682,0.2991,4.095,152,
DET,2025,7,7,30,0.3667,0.4,0.2878,0.0789,0.1682,0.2991,4.095,152,
GB,2025,7,6,30,0.1,0.2333,0.238,-0.138,0.1682,0.2991,4.095,152,
HOU,2025,7,6,33,0.4848,0.5455,0.3313,0.1535,0.1682,0.2991,4.095,152,
IND,2025,7,7,31,0.2258,0.2903,0.255,-0.0292,0.1682,0.2991,4.095,152,
JAX,2025,7,7,41,0.3902,0.2927,0.2557,0.1345,0.1682,0.2991,4.095,152,
KC,2025,7,7,36,0.1389,0.1111,0.2014,-0.0625,0.1682,0.2991,4.095,152,
LA,2025,7,7,28,0.3929,0.6071,0.3498,0.0431,0.1682,0.2991,4.095,152,
LAC,2025,7,7,39,0.5641,0.1538,0.2142,0.3499,0.1682,0.2991,4.095,152,
LV,2025,7,7,13,0.1538,0.3846,0.2832,-0.1294,0.1682,0.2991,4.095,152,
MIA,2025,7,7,22,0.3182,0.5,0.3177,0.0005,0.1682,0.2991,4.095,152,
MIN,2025,7,6,44,0.25,0.2273,0.2361,0.0139,0.1682,0.2991,4.095,152,
NE,2025,7,7,22,0.2273,0.2727,0.2497,-0.0225,0.1682,0.2991,4.095,152,
NO,2025,7,7,33,0.2121,0.3333,0.2679,-0.0557,0.1682,0.2991,4.095,152,
NYG,2025,7,7,37,0.2703,0.3243,0.2652,0.0051,0.1682,0.2991,4.095,152,
NYJ,2025,7,7,40,0.35,0.25,0.2429,0.1071,0.1682,0.2991,4.095,152,
PHI,2025,7,7,24,0.25,0.625,0.3551,-0.1051,0.1682,0.2991,4.095,152,
PIT,2025,7,6,34,0.0882,0.0588,0.1858,-0.0975,0.1682,0.2991,4.095,152,
SEA,2025,7,7,27,0.2963,0.2963,0.2568,0.0395,0.1682,0.2991,4.095,152,
SF,2025,7,7,27,0.1481,0.3704,0.2789,-0.1308,0.1682,0.2991,4.095,152,
TB,2025,7,7,38,0.4211,0.3158,0.2626,0.1584,0.1682,0.2991,4.095,152,
TEN,2025,7,7,24,0.25,0.125,0.2056,0.0444,0.1682,0.2991,4.095,152,
WAS,2025,7,7,29,0.4483,0.4828,0.3126,0.1357,0.1682,0.2991,4.095,152,
ATL,2025,8,7,17,0.4706,0.5294,0.3241,0.1465,0.171,0.2891,4.455,178,
BAL,2025,8,7,24,0.125,0.2917,0.2553,-0.1303,0.171,0.2891,4.455,178,
BUF,2025,8,7,21,0.1429,0.0952,0.1986,-0.0557,0.171,0.2891,4.455,178,
CAR,2025,8,8,22,0.4091,0.1818,0.2236,0.1855,0.171,0.2891,4.455,178,
CHI,2025,8,7,33,0.2424,0.4848,0.3112,-0.0688,0.171,0.2891,4.455,178,
CIN,2025,8,8,35,0.1714,0.0857,0.1958,-0.0244,0.171,0.2891,4.455,178,
CLE,2025,8,8,22,0.1364,0.3182,0.263,-0.1266,0.171,0.2891,4.455,178,
DAL,2025,8,8,27,0.2593,0.4074,0.2888,-0.0296,0.171,0.2891,4.455,178,
DEN,2025,8,8,20,0.05,0.2,0.2288,-0.1788,0.171,0.2891,4.455,178,
GB,2025,8,7,33,0.2121,0.4848,0.3112,-0.0991,0.171,0.2891,4.455,178,
HOU,2025,8,7,37,0.0811,0.2973,0.257,-0.1759,0.171,0.2891,4.455,178,
IND,2025,8,8,30,0.2667,0.2333,0.2385,0.0282,0.171,0.2891,4.455,178,
KC,2025,8,8,27,0.3333,0.1481,0.2139,0.1195,0.171,0.2891,4.455,178,
LAC,2025,8,8,25,0.4,0.64,0.3561,0.0439,0.171,0.2891,4.455,178,
MIA,2025,8,8,24,0.3333,0.5,0.3156,0.0178,0.171,0.2891,4.455,178,
MIN,2025,8,7,26,0.4231,0.2308,0.2377,0.1853,0.171,0.2891,4.455,178,
NE,2025,8,8,27,0.2963,0.2593,0.246,0.0503,0.171,0.2891,4.455,178,
NO,2025,8,8,27,0.3333,0.4815,0.3102,0.0231,0.171,0.2891,4.455,178,
NYG,2025,8,8,23,0.3043,0.1739,0.2213,0.083,0.171,0.2891,4.455,178,
NYJ,2025,8,8,30,0.0667,0.2667,0.2481,-0.1815,0.171,0.2891,4.455,178,
PHI,2025,8,8,21,0.2857,0.5238,0.3225,-0.0368,0.171,0.2891,4.455,178,
PIT,2025,8,7,28,0.25,0.0714,0.1917,0.0583,0.171,0.2891,4.455,178,
SF,2025,8,8,24,0.2917,0.1667,0.2192,0.0725,0.171,0.2891,4.455,178,
TB,2025,8,8,24,0.2083,0.5,0.3156,-0.1072,0.171,0.2891,4.455,178,
TEN,2025,8,8,25,0.52,0.44,0.2982,0.2218,0.171,0.2891,4.455,178,
WAS,2025,8,8,26,0.2308,0.3077,0.26,-0.0292,0.171,0.2891,4.455,178,
ARI,2025,9,8,33,0.3939,0.4545,0.2992,0.0947,0.1757,0.2718,4.427,206,
ATL,2025,9,8,38,0.2368,0.3684,0.2758,-0.039,0.1757,0.2718,4.427,206,
BAL,2025,9,8,23,0.3913,0.3913,0.282,0.1093,0.1757,0.2718,4.427,206,
BUF,2025,9,8,29,0.1724,0.2414,0.2413,-0.0689,0.1757,0.2718,4.427,206,
CAR,2025,9,9,21,0.2857,0.2857,0.2533,0.0324,0.1757,0.2718,4.427,206,
CHI,2025,9,8,40,0.35,0.175,0.2232,0.1268,0.1757,0.2718,4.427,206,
CIN,2025,9,9,38,0.2105,0.2895,0.2544,-0.0438,0.1757,0.2718,4.427,206,
DAL,2025,9,9,33,0.3636,0.4242,0.291,0.0727,0.1757,0.2718,4.427,206,
DEN,2025,9,9,39,0.1795,0.2051,0.2314,-0.0519,0.1757,0.2718,4.427,206,
DET,2025,9,8,42,0.3571,0.3333,0.2663,0.0909,0.1757,0.2718,4.427,206,
GB,2025,9,8,38,0.2105,0.2105,0.2329,-0.0224,0.1757,0.2718,4.427,206,
HOU,2025,9,8,44,0.1364,0.1818,0.2251,-0.0887,0.1757,0.2718,4.427,206,
IND,2025,9,9,31,0.2903,0.4516,0.2984,-0.0081,0.1757,0.2718,4.427,206,
JAX,2025,9,8,34,0.1176,0.2059,0.2316,-0.114,0.1757,0.2718,4.427,206,
KC,2025,9,9,37,0.4054,0.1081,0.2051,0.2003,0.1757,0.2718,4.427,206,
LA,2025,9,8,32,0.1562,0.1562,0.2182,-0.0619,0.1757,0.2718,4.427,206,
LAC,2025,9,9,35,0.2857,0.2857,0.2533,0.0324,0.1757,0.2718,4.427,206,
LV,2025,9,8,42,0.1429,0.4048,0.2857,-0.1428,0.1757,0.2718,4.427,206,
MIA,2025,9,9,28,0.1786,0.2857,0.2533,-0.0748,0.1757,0.2718,4.427,206,
MIN,2025,9,8,28,0.4286,0.2143,0.2339,0.1946,0.1757,0.2718,4.427,206,
NE,2025,9,9,35,0.2571,0.4857,0.3077,-0.0505,0.1757,0.2718,4.427,206,
NO,2025,9,9,16,0.5,0.1875,0.2266,0.2734,0.1757,0.2718,4.427,206,
NYG,2025,9,9,24,0.1667,0.2083,0.2323,-0.0656,0.1757,0.2718,4.427,206,
PIT,2025,9,8,30,0.1,0.4667,0.3025,-0.2025,0.1757,0.2718,4.427,206,
SEA,2025,9,8,24,0.0417,0.25,0.2436,-0.202,0.1757,0.2718,4.427,206,
SF,2025,9,9,25,0.16,0.08,0.1974,-0.0374,0.1757,0.2718,4.427,206,
TEN,2025,9,9,25,0.2,0.24,0.2409,-0.0409,0.1757,0.2718,4.427,206,
WAS,2025,9,9,20,0.25,0.25,0.2436,0.0064,0.1757,0.2718,4.427,206,
ARI,2025,10,9,44,0.2955,0.25,0.2445,0.051,0.1766,0.2714,4.821,234,
ATL,2025,10,9,32,0.2812,0.1875,0.2275,0.0537,0.1766,0.2714,4.821,234,
BAL,2025,10,9,28,0.2857,0.6429,0.3511,-0.0654,0.1766,0.2714,4.821,234,
BUF,2025,10,9,29,0.5517,0.4483,0.2983,0.2534,0.1766,0.2714,4.821,234,
CAR,2025,10,10,27,0.2593,0.3333,0.2671,-0.0078,0.1766,0.2714,4.821,234,
CHI,2025,10,9,36,0.1667,0.1389,0.2143,-0.0477,0.1766,0.2714,4.821,234,
CLE,2025,10,9,38,0.1842,0.3158,0.2623,-0.0781,0.1766,0.2714,4.821,234,
DEN,2025,10,10,30,0.1667,0.1333,0.2128,-0.0462,0.1766,0.2714,4.821,234,
DET,2025,10,9,32,0.1562,0.3125,0.2615,-0.1052,0.1766,0.2714,4.821,234,
GB,2025,10,9,38,0.2895,0.1316,0.2124,0.0771,0.1766,0.2714,4.821,234,
HOU,2025,10,9,41,0.2195,0.3415,0.2693,-0.0498,0.1766,0.2714,4.821,234,
IND,2025,10,10,34,0.2941,0.4412,0.2964,-0.0023,0.1766,0.2714,4.821,234,
JAX,2025,10,9,29,0.2414,0.3793,0.2796,-0.0382,0.1766,0.2714,4.821,234,
LA,2025,10,9,35,0.3714,0.4857,0.3085,0.063,0.1766,0.2714,4.821,234,
LAC,2025,10,10,34,0.2647,0.3235,0.2644,0.0003,0.1766,0.2714,4.821,234,
LV,2025,10,9,33,0.3333,0.2424,0.2424,0.0909,0.1766,0.2714,4.821,234,
MIA,2025,10,10,21,0.2857,0.2857,0.2542,0.0315,0.1766,0.2714,4.821,234,
MIN,2025,10,9,34,0.4118,0.3824,0.2804,0.1314,0.1766,0.2714,4.821,234,
NE,2025,10,10,32,0.25,0.25,0.2445,0.0055,0.1766,0.2714,4.821,234,
NO,2025,10,10,29,0.2759,0.2069,0.2328,0.0431,0.1766,0.2714,4.821,234,
NYG,2025,10,10,40,0.2,0.4,0.2852,-0.0852,0.1766,0.2714,4.821,234,
NYJ,2025,10,9,14,0.5,0.4286,0.293,0.207,0.1766,0.2714,4.821,234,
PHI,2025,10,9,26,0.1154,0.3077,0.2601,-0.1448,0.1766,0.2714,4.821,234,
PIT,2025,10,9,24,0.2083,0.0,0.1766,0.0317,0.1766,0.2714,4.821,234,
SEA,2025,10,9,12,0.1667,0.4167,0.2897,-0.1231,0.1766,0.2714,4.821,234,
SF,2025,10,10,29,0.2414,0.1379,0.2141,0.0273,0.1766,0.2714,4.821,234,
TB,2025,10,9,38,0.1842,0.3421,0.2695,-0.0853,0.1766,0.2714,4.821,234,
WAS,2025,10,10,19,0.2632,0.3684,0.2766,-0.0135,0.1766,0.2714,4.821,234,
ARI,2025,11,10,37,0.1351,0.0811,0.2003,-0.0651,0.1803,0.2464,4.638,264,
ATL,2025,11,10,30,0.1333,0.2667,0.246,-0.1127,0.1803,0.2464,4.638,264,
BAL,2025,11,10,30,0.3333,0.4,0.2789,0.0545,0.1803,0.2464,4.638,264,
BUF,2025,11,10,31,0.0968,0.4516,0.2916,-0.1948,0.1803,0.2464,4.638,264,
CAR,2025,11,11,52,0.3077,0.3654,0.2703,0.0374,0.1803,0.2464,4.638,264,
CHI,2025,11,10,32,0.2188,0.6562,0.342,-0.1232,0.1803,0.2464,4.638,264,
CIN,2025,11,10,32,0.25,0.1875,0.2265,0.0235,0.1803,0.2464,4.638,264,
CLE,2025,11,10,29,0.4138,0.2759,0.2483,0.1655,0.1803,0.2464,4.638,264,
DAL,2025,11,10,27,0.1852,0.3333,0.2624,-0.0772,0.1803,0.2464,4.638,264,
DEN,2025,11,11,40,0.325,0.25,0.2419,0.0831,0.1803,0.2464,4.638,264,
DET,2025,11,10,37,0.1892,0.2432,0.2402,-0.051,0.1803,0.2464,4.638,264,
GB,2025,11,10,28,0.3571,0.4286,0.2859,0.0712,0.1803,0.2464,4.638,264,
HOU,2025,11,10,45,0.2222,0.4222,0.2843,-0.0621,0.1803,0.2464,4.638,264,
JAX,2025,11,10,18,0.2778,0.3889,0.2761,0.0017,0.1803,0.2464,4.638,264,
KC,2025,11,10,48,0.2917,0.3125,0.2573,0.0344,0.1803,0.2464,4.638,264,
LA,2025,11,10,28,0.2857,0.3929,0.2771,0.0086,0.1803,0.2464,4.638,264,
LAC,2025,11,11,19,0.5263,0.1053,0.2062,0.3201,0.1803,0.2464,4.638,264,
LV,2025,11,10,40,0.25,0.325,0.2604,-0.0104,0.1803,0.2464,4.638,264,
MIA,2025,11,11,23,0.1304,0.0435,0.191,-0.0606,0.1803,0.2464,4.638,264,
MIN,2025,11,10,32,0.125,0.3438,0.265,-0.14,0.1803,0.2464,4.638,264,
NE,2025,11,11,33,0.1515,0.3636,0.2699,-0.1184,0.1803,0.2464,4.638,264,
NYG,2025,11,11,30,0.1667,0.2333,0.2378,-0.0711,0.1803,0.2464,4.638,264,
NYJ,2025,11,10,19,0.3158,0.3158,0.2581,0.0577,0.1803,0.2464,4.638,264,
PHI,2025,11,10,29,0.0345,0.3103,0.2568,-0.2223,0.1803,0.2464,4.638,264,
PIT,2025,11,10,29,0.1724,0.2414,0.2398,-0.0674,0.1803,0.2464,4.638,264,
SEA,2025,11,10,44,0.2727,0.1818,0.2251,0.0476,0.1803,0.2464,4.638,264,
SF,2025,11,11,24,0.1667,0.375,0.2727,-0.106,0.1803,0.2464,4.638,264,
TB,2025,11,10,26,0.1154,0.0385,0.1898,-0.0744,0.1803,0.2464,4.638,264,
TEN,2025,11,10,40,0.125,0.3,0.2542,-0.1292,0.1803,0.2464,4.638,264,
WAS,2025,11,11,31,0.1613,0.2903,0.2518,-0.0905,0.1803,0.2464,4.638,264,
ARI,2025,12,11,56,0.3393,0.2857,0.2583,0.081,0.1921,0.2318,4.262,292,
ATL,2025,12,11,25,0.28,0.4,0.2848,-0.0048,0.1921,0.2318,4.262,292,
BAL,2025,12,11,23,0.1739,0.1739,0.2324,-0.0585,0.1921,0.2318,4.262,292,
BUF,2025,12,11,42,0.2857,0.1429,0.2252,0.0605,0.1921,0.2318,4.262,292,
CAR,2025,12,12,29,0.2759,0.2414,0.248,0.0278,0.1921,0.2318,4.262,292,
CHI,2025,12,11,35,0.0857,0.2571,0.2517,-0.166,0.1921,0.2318,4.262,292,
CIN,2025,12,11,38,0.2368,0.1316,0.2226,0.0143,0.1921,0.2318,4.262,292,
CLE,2025,12,11,19,0.4737,0.2105,0.2409,0.2328,0.1921,0.2318,4.262,292,
DAL,2025,12,11,36,0.3889,0.1111,0.2178,0.1711,0.1921,0.2318,4.262,292,
DET,2025,12,11,43,0.3023,0.1628,0.2298,0.0725,0.1921,0.2318,4.262,292,
GB,2025,12,11,18,0.2778,0.3889,0.2822,-0.0044,0.1921,0.2318,4.262,292,
HOU,2025,12,11,30,0.2,0.3,0.2616,-0.0616,0.1921,0.2318,4.262,292,
IND,2025,12,11,31,0.2258,0.3871,0.2818,-0.056,0.1921,0.2318,4.262,292,
JAX,2025,12,11,33,0.2424,0.3939,0.2834,-0.041,0.1921,0.2318,4.262,292,
KC,2025,12,11,51,0.2549,0.1569,0.2284,0.0265,0.1921,0.2318,4.262,292,
LA,2025,12,11,34,0.1471,0.2059,0.2398,-0.0927,0.1921,0.2318,4.262,292,
LV,2025,12,11,37,0.5676,0.3784,0.2798,0.2878,0.1921,0.2318,4.262,292,
MIN,2025,12,11,17,0.5294,0.0588,0.2057,0.3237,0.1921,0.2318,4.262,292,
NE,2025,12,12,36,0.1667,0.25,0.25,-0.0833,0.1921,0.2318,4.262,292,
NO,2025,12,11,31,0.5161,0.2258,0.2444,0.2717,0.1921,0.2318,4.262,292,
NYG,2025,12,12,38,0.4474,0.2895,0.2592,0.1882,0.1921,0.2318,4.262,292,
NYJ,2025,12,11,24,0.375,0.4583,0.2983,0.0767,0.1921,0.2318,4.262,292,
PHI,2025,12,11,40,0.525,0.25,0.25,0.275,0.1921,0.2318,4.262,292,
PIT,2025,12,11,33,0.1515,0.2121,0.2412,-0.0897,0.1921,0.2318,4.262,292,
SEA,2025,12,11,23,0.3913,0.3043,0.2626,0.1287,0.1921,0.2318,4.262,292,
SF,2025,12,12,31,0.129,0.129,0.222,-0.0929,0.1921,0.2318,4.262,292,
TB,2025,12,11,28,0.25,0.4286,0.2914,-0.0414,0.1921,0.2318,4.262,292,
TEN,2025,12,11,31,0.8065,0.3871,0.2818,0.5247,0.1921,0.2318,4.262,292,
ARI,2025,13,12,41,0.2439,0.3415,0.2709,-0.027,0.1702,0.2952,5.97,324,
ATL,2025,13,12,35,0.2286,0.3714,0.2798,-0.0512,0.1702,0.2952,5.97,324,
BAL,2025,13,12,25,0.12,0.0,0.1702,-0.0502,0.1702,0.2952,5.97,324,
BUF,2025,13,12,19,0.1053,0.4211,0.2944,-0.1892,0.1702,0.2952,5.97,324,
CAR,2025,13,13,22,0.0909,0.1818,0.2238,-0.1329,0.1702,0.2952,5.97,324,
CHI,2025,13,12,36,0.0556,0.0,0.1702,-0.1146,0.1702,0.2952,5.97,324,
CIN,2025,13,12,46,0.0217,0.0,0.1702,-0.1484,0.1702,0.2952,5.97,324,
CLE,2025,13,12,17,0.4118,0.0588,0.1875,0.2242,0.1702,0.2952,5.97,324,
DAL,2025,13,12,40,0.0,0.0,0.1702,-0.1702,0.1702,0.2952,5.97,324,
DEN,2025,13,12,46,0.1522,0.1087,0.2022,-0.0501,0.1702,0.2952,5.97,324,
DET,2025,13,12,30,0.1,0.0,0.1702,-0.0702,0.1702,0.2952,5.97,324,
GB,2025,13,12,28,0.0,0.0,0.1702,-0.1702,0.1702,0.2952,5.97,324,
HOU,2025,13,12,37,0.2703,0.3243,0.2659,0.0044,0.1702,0.2952,5.97,324,
IND,2025,13,12,28,0.2857,0.3571,0.2756,0.0101,0.1702,0.2952,5.97,324,
JAX,2025,13,12,27,0.2593,0.1852,0.2248,0.0344,0.1702,0.2952,5.97,324,
KC,2025,13,12,36,0.0833,0.0,0.1702,-0.0868,0.1702,0.2952,5.97,324,
LA,2025,13,12,30,0.0667,0.2333,0.239,-0.1724,0.1702,0.2952,5.97,324,
LAC,2025,13,12,20,0.3,0.2,0.2292,0.0708,0.1702,0.2952,5.97,324,
LV,2025,13,12,15,0.6,0.5333,0.3276,0.2724,0.1702,0.2952,5.97,324,
MIA,2025,13,12,25,0.24,0.2,0.2292,0.0108,0.1702,0.2952,5.97,324,
MIN,2025,13,12,24,0.3333,0.375,0.2808,0.0525,0.1702,0.2952,5.97,324,
NE,2025,13,13,26,0.3462,0.4231,0.295,0.0511,0.1702,0.2952,5.97,324,
NO,2025,13,12,43,0.2093,0.3023,0.2594,-0.0501,0.1702,0.2952,5.97,324,
NYG,2025,13,13,18,0.5,0.5556,0.3341,0.1659,0.1702,0.2952,5.97,324,
NYJ,2025,13,12,35,0.3714,0.2857,0.2545,0.1169,0.1702,0.2952,5.97,324,
PHI,2025,13,12,19,0.0,0.0,0.1702,-0.1702,0.1702,0.2952,5.97,324,
PIT,2025,13,12,21,0.0952,0.2381,0.2404,-0.1452,0.1702,0.2952,5.97,324,
SEA,2025,13,12,28,0.2143,0.5714,0.3388,-0.1245,0.1702,0.2952,5.97,324,
SF,2025,13,13,28,0.3571,0.25,0.2439,0.1132,0.1702,0.2952,5.97,324,
TB,2025,13,12,30,0.1333,0.3,0.2587,-0.1254,0.1702,0.2952,5.97,324,
TEN,2025,13,12,23,0.3043,0.4348,0.2985,0.0059,0.1702,0.2952,5.97,324,
WAS,2025,13,12,53,0.1509,0.2075,0.2314,-0.0805,0.1702,0.2952,5.97,324,
ARI,2025,14,13,29,0.6207,0.3103,0.2653,0.3554,0.1742,0.2934,5.982,352,
ATL,2025,14,13,21,0.5238,0.2857,0.2581,0.2657,0.1742,0.2934,5.982,352,
BAL,2025,14,13,35,0.2286,0.3714,0.2832,-0.0547,0.1742,0.2934,5.982,352,
BUF,2025,14,13,32,0.2812,0.2188,0.2384,0.0428,0.1742,0.2934,5.982,352,
CHI,2025,14,13,36,0.4167,0.3333,0.2721,0.1446,0.1742,0.2934,5.982,352,
CIN,2025,14,13,35,0.2571,0.3143,0.2665,-0.0093,0.1742,0.2934,5.982,352,
CLE,2025,14,13,43,0.5581,0.2093,0.2357,0.3225,0.1742,0.2934,5.982,352,
DAL,2025,14,13,45,0.2222,0.2,0.2329,-0.0107,0.1742,0.2934,5.982,352,
DEN,2025,14,13,31,0.129,0.3226,0.2689,-0.1399,0.1742,0.2934,5.982,352,
DET,2025,14,13,35,0.2286,0.2,0.2329,-0.0044,0.1742,0.2934,5.982,352,
GB,2025,14,13,26,0.0385,0.5,0.321,-0.2825,0.1742,0.2934,5.982,352,
HOU,2025,14,13,34,0.5294,0.3824,0.2864,0.243,0.1742,0.2934,5.982,352,
IND,2025,14,13,24,0.25,0.2917,0.2598,-0.0098,0.1742,0.2934,5.982,352,
JAX,2025,14,13,25,0.24,0.52,0.3268,-0.0868,0.1742,0.2934,5.982,352,
KC,2025,14,13,32,0.3438,0.0938,0.2018,0.142,0.1742,0.2934,5.982,352,
LA,2025,14,13,31,0.0968,0.1935,0.231,-0.1343,0.1742,0.2934,5.982,352,
LAC,2025,14,13,33,0.4848,0.1818,0.2276,0.2572,0.1742,0.2934,5.982,352,
LV,2025,14,13,26,0.3462,0.4231,0.2984,0.0478,0.1742,0.2934,5.982,352,
MIA,2025,14,13,21,0.1429,0.3333,0.2721,-0.1292,0.1742,0.2934,5.982,352,
MIN,2025,14,13,18,0.5,0.4444,0.3047,0.1953,0.1742,0.2934,5.982,352,
NO,2025,14,13,23,0.1739,0.0435,0.187,-0.0131,0.1742,0.2934,5.982,352,
NYJ,2025,14,13,25,0.44,0.4,0.2916,0.1484,0.1742,0.2934,5.982,352,
PHI,2025,14,13,41,0.3171,0.2927,0.2601,0.0569,0.1742,0.2934,5.982,352,
PIT,2025,14,13,34,0.0588,0.1765,0.226,-0.1672,0.1742,0.2934,5.982,352,
SEA,2025,14,13,25,0.32,0.48,0.3151,0.0049,0.1742,0.2934,5.982,352,
TB,2025,14,13,30,0.1,0.1667,0.2232,-0.1232,0.1742,0.2934,5.982,352,
TEN,2025,14,13,29,0.4138,0.5517,0.3361,0.0776,0.1742,0.2934,5.982,352,
WAS,2025,14,13,25,0.32,0.4,0.2916,0.0284,0.1742,0.2934,5.982,352,
ARI,2025,15,14,28,0.1786,0.1429,0.219,-0.0404,0.1747,0.3102,6.053,384,
ATL,2025,15,14,45,0.1111,0.2667,0.2574,-0.1463,0.1747,0.3102,6.053,384,
BAL,2025,15,14,16,0.375,0.25,0.2522,0.1228,0.1747,0.3102,6.053,384,
BUF,2025,15,14,30,0.1667,0.2333,0.2471,-0.0804,0.1747,0.3102,6.053,384,
CAR,2025,15,14,25,0.36,0.16,0.2243,0.1357,0.1747,0.3102,6.053,384,
CHI,2025,15,14,26,0.4231,0.3846,0.294,0.1291,0.1747,0.3102,6.053,384,
CIN,2025,15,14,27,0.4074,0.0741,0.1977,0.2098,0.1747,0.3102,6.053,384,
CLE,2025,15,14,24,1.0417,0.375,0.291,0.7507,0.1747,0.3102,6.053,384,
DAL,2025,15,14,36,0.2222,0.4444,0.3126,-0.0903,0.1747,0.3102,6.053,384,
DEN,2025,15,14,33,0.3636,0.2121,0.2405,0.1232,0.1747,0.3102,6.053,384,
DET,2025,15,14,31,0.3548,0.2903,0.2647,0.0901,0.1747,0.3102,6.053,384,
GB,2025,15,14,40,0.625,0.425,0.3065,0.3185,0.1747,0.3102,6.053,384,
HOU,2025,15,14,22,0.1818,0.2727,0.2593,-0.0775,0.1747,0.3102,6.053,384,
IND,2025,15,14,28,0.1786,0.1429,0.219,-0.0404,0.1747,0.3102,6.053,384,
JAX,2025,15,14,30,0.1333,0.2667,0.2574,-0.1241,0.1747,0.3102,6.053,384,
KC,2025,15,14,38,0.3158,0.0526,0.191,0.1248,0.1747,0.3102,6.053,384,
LA,2025,15,14,39,0.2308,0.2308,0.2463,-0.0155,0.1747,0.3102,6.053,384,
LAC,2025,15,14,33,0.3333,0.3939,0.2969,0.0364,0.1747,0.3102,6.053,384,
LV,2025,15,14,26,0.3462,0.0385,0.1866,0.1595,0.1747,0.3102,6.053,384,
MIA,2025,15,14,12,1.0,0.4167,0.3039,0.6961,0.1747,0.3102,6.053,384,
MIN,2025,15,14,24,0.0417,0.25,0.2522,-0.2106,0.1747,0.3102,6.053,384,
NE,2025,15,14,26,0.2308,0.1538,0.2224,0.0084,0.1747,0.3102,6.053,384,
NO,2025,15,14,37,0.1622,0.3784,0.2921,-0.1299,0.1747,0.3102,6.053,384,
NYG,2025,15,14,34,0.2353,0.2353,0.2477,-0.0124,0.1747,0.3102,6.053,384,
NYJ,2025,15,14,21,0.381,0.4286,0.3076,0.0733,0.1747,0.3102,6.053,384,
PHI,2025,15,14,15,0.0667,0.2,0.2367,-0.1701,0.1747,0.3102,6.053,384,
PIT,2025,15,14,26,0.1538,0.3077,0.2701,-0.1163,0.1747,0.3102,6.053,384,
SEA,2025,15,14,35,0.1714,0.3429,0.281,-0.1096,0.1747,0.3102,6.053,384,
SF,2025,15,14,23,0.3913,0.3043,0.2691,0.1222,0.1747,0.3102,6.053,384,
TB,2025,15,14,40,0.175,0.4,0.2988,-0.1238,0.1747,0.3102,6.053,384,
TEN,2025,15,14,19,0.4737,0.3684,0.289,0.1847,0.1747,0.3102,6.053,384,
WAS,2025,15,14,17,0.4118,0.5882,0.3572,0.0546,0.1747,0.3102,6.053,384,
ARI,2025,16,15,33,0.1818,0.2424,0.2494,-0.0676,0.1692,0.3309,6.742,416,
ATL,2025,16,15,36,0.1667,0.3056,0.2703,-0.1037,0.1692,0.3309,6.742,416,
BAL,2025,16,15,21,0.2381,0.4286,0.311,-0.073,0.1692,0.3309,6.742,416,
BUF,2025,16,15,21,0.2857,0.381,0.2953,-0.0096,0.1692,0.3309,6.742,416,
CAR,2025,16,15,34,0.4118,0.3824,0.2958,0.116,0.1692,0.3309,6.742,416,
CHI,2025,16,15,34,0.4706,0.2941,0.2666,0.204,0.1692,0.3309,6.742,416,
CIN,2025,16,15,32,0.25,0.1562,0.2209,0.0291,0.1692,0.3309,6.742,416,
CLE,2025,16,15,33,0.2727,0.303,0.2695,0.0032,0.1692,0.3309,6.742,416,
DAL,2025,16,15,31,0.1935,0.0968,0.2012,-0.0077,0.1692,0.3309,6.742,416,
DEN,2025,16,15,30,0.4667,0.3,0.2685,0.1982,0.1692,0.3309,6.742,416,
DET,2025,16,15,54,0.2037,0.1852,0.2305,-0.0268,0.1692,0.3309,6.742,416,
GB,2025,16,15,26,0.1538,0.1154,0.2074,-0.0536,0.1692,0.3309,6.742,416,
HOU,2025,16,15,35,0.1714,0.2857,0.2638,-0.0923,0.1692,0.3309,6.742,416,
IND,2025,16,15,31,0.1935,0.1935,0.2333,-0.0397,0.1692,0.3309,6.742,416,
JAX,2025,16,15,34,0.6765,0.5,0.3347,0.3418,0.1692,0.3309,6.742,416,
KC,2025,16,15,23,0.2174,0.1739,0.2268,-0.0094,0.1692,0.3309,6.742,416,
LA,2025,16,15,48,0.1042,0.1875,0.2313,-0.1271,0.1692,0.3309,6.742,416,
LAC,2025,16,15,27,0.4815,0.4815,0.3286,0.1529,0.1692,0.3309,6.742,416,
LV,2025,16,15,26,0.2692,0.1538,0.2201,0.0491,0.1692,0.3309,6.742,416,
MIA,2025,16,15,20,0.2,0.1,0.2023,-0.0023,0.1692,0.3309,6.742,416,
MIN,2025,16,15,27,0.3333,0.2963,0.2673,0.0661,0.1692,0.3309,6.742,416,
NE,2025,16,15,49,0.2653,0.3265,0.2773,-0.012,0.1692,0.3309,6.742,416,
NO,2025,16,15,44,0.1591,0.25,0.252,-0.0929,0.1692,0.3309,6.742,416,
NYG,2025,16,15,18,0.3333,0.3889,0.2979,0.0354,0.1692,0.3309,6.742,416,
NYJ,2025,16,15,27,0.4815,0.2963,0.2673,0.2142,0.1692,0.3309,6.742,416,
PHI,2025,16,15,32,0.125,0.25,0.252,-0.127,0.1692,0.3309,6.742,416,
PIT,2025,16,15,43,0.093,0.0465,0.1846,-0.0916,0.1692,0.3309,6.742,416,
SEA,2025,16,15,37,0.2973,0.1622,0.2229,0.0744,0.1692,0.3309,6.742,416,
SF,2025,16,15,32,0.0938,0.25,0.252,-0.1582,0.1692,0.3309,6.742,416,
TB,2025,16,15,28,0.1071,0.1786,0.2283,-0.1212,0.1692,0.3309,6.742,416,
TEN,2025,16,15,27,0.2222,0.4815,0.3286,-0.1063,0.1692,0.3309,6.742,416,
WAS,2025,16,15,22,0.2273,0.0909,0.1993,0.028,0.1692,0.3309,6.742,416,
ARI,2025,17,16,20,0.6,0.2,0.2393,0.3607,0.1794,0.2997,6.468,448,
ATL,2025,17,16,20,0.45,0.1,0.2093,0.2407,0.1794,0.2997,6.468,448,
BAL,2025,17,16,21,0.1905,0.2381,0.2507,-0.0602,0.1794,0.2997,6.468,448,
BUF,2025,17,16,41,0.1707,0.1707,0.2305,-0.0598,0.1794,0.2997,6.468,448,
CAR,2025,17,16,25,0.2,0.16,0.2273,-0.0273,0.1794,0.2997,6.468,448,
CHI,2025,17,16,41,0.2439,0.2927,0.2671,-0.0232,0.1794,0.2997,6.468,448,
CIN,2025,17,16,34,0.2059,0.2059,0.2411,-0.0352,0.1794,0.2997,6.468,448,
CLE,2025,17,16,25,0.24,0.32,0.2753,-0.0353,0.1794,0.2997,6.468,448,
DAL,2025,17,16,42,0.2381,0.2381,0.2507,-0.0126,0.1794,0.2997,6.468,448,
DEN,2025,17,16,39,0.2051,0.1795,0.2332,-0.028,0.1794,0.2997,6.468,448,
DET,2025,17,16,30,0.3,0.6333,0.3692,-0.0692,0.1794,0.2997,6.468,448,
GB,2025,17,16,23,0.1739,0.2609,0.2575,-0.0836,0.1794,0.2997,6.468,448,
HOU,2025,17,16,28,0.3929,0.25,0.2543,0.1386,0.1794,0.2997,6.468,448,
IND,2025,17,16,33,0.2424,0.3636,0.2883,-0.0459,0.1794,0.2997,6.468,448,
JAX,2025,17,16,39,0.3077,0.5128,0.333,-0.0254,0.1794,0.2997,6.468,448,
KC,2025,17,16,22,0.3636,0.2727,0.2611,0.1025,0.1794,0.2997,6.468,448,
LA,2025,17,16,41,0.2439,0.1951,0.2378,0.0061,0.1794,0.2997,6.468,448,
LAC,2025,17,16,37,0.4324,0.1351,0.2199,0.2126,0.1794,0.2997,6.468,448,
LV,2025,17,16,26,0.4231,0.6154,0.3638,0.0593,0.1794,0.2997,6.468,448,
MIA,2025,17,16,24,0.2083,0.2083,0.2418,-0.0335,0.1794,0.2997,6.468,448,
MIN,2025,17,16,22,0.4545,0.1364,0.2202,0.2343,0.1794,0.2997,6.468,448,
NE,2025,17,16,24,0.125,0.25,0.2543,-0.1293,0.1794,0.2997,6.468,448,
NO,2025,17,16,27,0.2963,0.1852,0.2349,0.0614,0.1794,0.2997,6.468,448,
NYG,2025,17,16,26,0.3462,0.1923,0.237,0.1091,0.1794,0.2997,6.468,448,
NYJ,2025,17,16,19,0.2632,0.7895,0.4159,-0.1528,0.1794,0.2997,6.468,448,
PHI,2025,17,16,27,0.2593,0.3333,0.2793,-0.02,0.1794,0.2997,6.468,448,
PIT,2025,17,16,39,0.1795,0.1282,0.2178,-0.0383,0.1794,0.2997,6.468,448,
SEA,2025,17,16,30,0.2333,0.5,0.3292,-0.0959,0.1794,0.2997,6.468,448,
SF,2025,17,16,34,0.1471,0.2647,0.2587,-0.1116,0.1794,0.2997,6.468,448,
TB,2025,17,16,44,0.1364,0.1591,0.2271,-0.0907,0.1794,0.2997,6.468,448,
TEN,2025,17,16,39,0.4359,0.2308,0.2485,0.1874,0.1794,0.2997,6.468,448,
WAS,2025,17,16,24,0.2083,0.1667,0.2293,-0.021,0.1794,0.2997,6.468,448,
ARI,2025,18,17,30,0.6,0.0667,0.2026,0.3974,0.1829,0.2946,6.703,480,
ATL,2025,18,17,35,0.2286,0.1143,0.2166,0.012,0.1829,0.2946,6.703,480,
BAL,2025,18,17,21,0.3333,0.3333,0.2811,0.0522,0.1829,0.2946,6.703,480,
BUF,2025,18,17,28,0.0,0.1786,0.2355,-0.2355,0.1829,0.2946,6.703,480,
CAR,2025,18,17,32,0.25,0.4062,0.3026,-0.0526,0.1829,0.2946,6.703,480,
CHI,2025,18,17,35,0.3143,0.2857,0.2671,0.0472,0.1829,0.2946,6.703,480,
CIN,2025,18,17,42,0.1429,0.2619,0.2601,-0.1172,0.1829,0.2946,6.703,480,
CLE,2025,18,17,28,0.5,0.1786,0.2355,0.2645,0.1829,0.2946,6.703,480,
DAL,2025,18,17,20,0.45,0.3,0.2713,0.1787,0.1829,0.2946,6.703,480,
DEN,2025,18,17,22,0.5,0.4091,0.3034,0.1966,0.1829,0.2946,6.703,480,
DET,2025,18,17,45,0.3111,0.2444,0.2549,0.0562,0.1829,0.2946,6.703,480,
GB,2025,18,17,10,0.5,0.8,0.4186,0.0814,0.1829,0.2946,6.703,480,
HOU,2025,18,17,31,0.129,0.4839,0.3255,-0.1964,0.1829,0.2946,6.703,480,
IND,2025,18,17,36,0.1111,0.0833,0.2075,-0.0964,0.1829,0.2946,6.703,480,
JAX,2025,18,17,30,0.3333,0.2667,0.2615,0.0718,0.1829,0.2946,6.703,480,
KC,2025,18,17,39,0.3333,0.1538,0.2283,0.1051,0.1829,0.2946,6.703,480,
LA,2025,18,17,36,0.2778,0.2222,0.2484,0.0294,0.1829,0.2946,6.703,480,
LAC,2025,18,17,29,0.3103,0.4483,0.315,-0.0046,0.1829,0.2946,6.703,480,
LV,2025,18,17,29,0.1724,0.2414,0.254,-0.0816,0.1829,0.2946,6.703,480,
MIA,2025,18,17,22,0.5455,0.5909,0.357,0.1884,0.1829,0.2946,6.703,480,
MIN,2025,18,17,26,0.3077,0.3462,0.2849,0.0228,0.1829,0.2946,6.703,480,
NE,2025,18,17,16,0.3125,0.8125,0.4223,-0.1098,0.1829,0.2946,6.703,480,
NO,2025,18,17,34,0.1471,0.2647,0.2609,-0.1139,0.1829,0.2946,6.703,480,
NYG,2025,18,17,33,0.4242,0.2121,0.2454,0.1788,0.1829,0.2946,6.703,480,
NYJ,2025,18,17,17,0.2353,0.2941,0.2696,-0.0343,0.1829,0.2946,6.703,480,
PHI,2025,18,17,40,0.275,0.275,0.2639,0.0111,0.1829,0.2946,6.703,480,
PIT,2025,18,17,49,0.102,0.2041,0.2431,-0.141,0.1829,0.2946,6.703,480,
SEA,2025,18,17,24,0.2083,0.2083,0.2443,-0.036,0.1829,0.2946,6.703,480,
SF,2025,18,17,26,0.3077,0.2308,0.2509,0.0568,0.1829,0.2946,6.703,480,
TB,2025,18,17,22,0.3636,0.3182,0.2767,0.087,0.1829,0.2946,6.703,480,
TEN,2025,18,17,23,0.4348,0.3478,0.2854,0.1494,0.1829,0.2946,6.703,480,
WAS,2025,18,17,21,0.1905,0.0952,0.211,-0.0205,0.1829,0.2946,6.703,480,
ARI,2026,1,1,37,0.2432,0.2703,,,,,,0,pool<32
ATL,2026,1,1,26,0.1923,0.0769,,,,,,0,pool<32
BAL,2026,1,1,23,0.2174,0.3043,,,,,,0,pool<32
BUF,2026,1,1,32,0.1562,0.1562,,,,,,0,pool<32
CAR,2026,1,1,30,0.6667,0.4667,,,,,,0,pool<32
CHI,2026,1,1,26,0.4231,0.4615,,,,,,0,pool<32
CIN,2026,1,1,34,0.2647,0.4706,,,,,,0,pool<32
CLE,2026,1,1,20,0.6,0.3,,,,,,0,pool<32
DAL,2026,1,1,26,0.1538,0.1923,,,,,,0,pool<32
DEN,2026,1,1,25,0.36,0.4,,,,,,0,pool<32
DET,2026,1,1,40,0.225,0.2,,,,,,0,pool<32
GB,2026,1,1,35,0.6286,0.9429,,,,,,0,pool<32
HOU,2026,1,1,41,0.2683,0.2195,,,,,,0,pool<32
IND,2026,1,1,23,0.3913,0.3478,,,,,,0,pool<32
JAX,2026,1,1,24,0.2083,0.0833,,,,,,0,pool<32
KC,2026,1,1,24,0.25,0.4583,,,,,,0,pool<32
LA,2026,1,1,16,0.5,0.1875,,,,,,0,pool<32
LAC,2026,1,1,24,0.2917,0.1667,,,,,,0,pool<32
LV,2026,1,1,25,0.16,0.28,,,,,,0,pool<32
MIA,2026,1,1,23,0.6522,0.1739,,,,,,0,pool<32
MIN,2026,1,1,27,0.2222,0.2963,,,,,,0,pool<32
NE,2026,1,1,36,0.2222,0.3333,,,,,,0,pool<32
NO,2026,1,1,61,0.2295,0.4098,,,,,,0,pool<32
NYG,2026,1,1,30,0.1667,0.3667,,,,,,0,pool<32
NYJ,2026,1,1,23,0.0435,0.2174,,,,,,0,pool<32
PHI,2026,1,1,28,0.25,0.4286,,,,,,0,pool<32
PIT,2026,1,1,43,0.2558,0.093,,,,,,0,pool<32
SEA,2026,1,1,26,0.2308,0.3462,,,,,,0,pool<32
SF,2026,1,1,32,0.0938,0.0938,,,,,,0,pool<32
TB,2026,1,1,31,0.3226,0.129,,,,,,0,pool<32
TEN,2026,1,1,21,0.5714,0.4762,,,,,,0,pool<32
WAS,2026,1,1,36,0.1944,0.1944,,,,,,0,pool<32
ARI,2026,2,2,27,0.2963,0.1852,,,,,,0,pool<32
ATL,2026,2,2,23,0.4348,0.6522,,,,,,0,pool<32
BAL,2026,2,2,33,0.2424,0.4545,,,,,,0,pool<32
BUF,2026,2,2,30,0.4,0.5,,,,,,0,pool<32
CAR,2026,2,2,37,0.3514,0.2432,,,,,,0,pool<32
CHI,2026,2,2,38,0.4211,0.7368,,,,,,0,pool<32
CIN,2026,2,2,31,0.3548,0.2258,,,,,,0,pool<32
CLE,2026,2,2,32,0.125,0.375,,,,,,0,pool<32
DAL,2026,2,2,28,0.4643,0.4643,,,,,,0,pool<32
DEN,2026,2,2,31,0.1613,0.3548,,,,,,0,pool<32
DET,2026,2,2,30,0.4,0.2333,,,,,,0,pool<32
GB,2026,2,2,32,0.1562,0.2812,,,,,,0,pool<32
HOU,2026,2,2,37,0.3514,0.2162,,,,,,0,pool<32
IND,2026,2,2,31,0.1613,0.4839,,,,,,0,pool<32
JAX,2026,2,2,31,0.2258,0.2258,,,,,,0,pool<32
KC,2026,2,2,49,0.1429,0.2041,,,,,,0,pool<32
LA,2026,2,2,26,0.0769,0.3077,,,,,,0,pool<32
LAC,2026,2,2,26,0.4615,0.3846,,,,,,0,pool<32
LV,2026,2,2,31,0.2903,0.2581,,,,,,0,pool<32
MIA,2026,2,2,22,0.4545,0.4545,,,,,,0,pool<32
MIN,2026,2,2,23,0.2174,0.5217,,,,,,0,pool<32
NE,2026,2,2,23,0.4348,0.5652,,,,,,0,pool<32
NO,2026,2,2,37,0.1351,0.4324,,,,,,0,pool<32
NYG,2026,2,2,25,0.4,0.56,,,,,,0,pool<32
NYJ,2026,2,2,44,0.3409,0.3409,,,,,,0,pool<32
PHI,2026,2,2,40,0.275,0.225,,,,,,0,pool<32
PIT,2026,2,2,30,0.3333,0.6,,,,,,0,pool<32
SEA,2026,2,2,26,0.1538,0.2308,,,,,,0,pool<32
SF,2026,2,2,18,0.1667,0.3333,,,,,,0,pool<32
TB,2026,2,2,37,0.1351,0.1351,,,,,,0,pool<32
TEN,2026,2,2,22,0.1818,0.1818,,,,,,0,pool<32
WAS,2026,2,2,25,0.36,0.2,,,,,,0,pool<32
ARI,2026,3,3,50,0.2,0.24,0.241,-0.041,0.2238,0.0714,0.607,32,
ATL,2026,3,3,22,0.0909,0.1818,0.2368,-0.1459,0.2238,0.0714,0.607,32,
BAL,2026,3,3,20,0.3,0.2,0.2381,0.0619,0.2238,0.0714,0.607,32,
BUF,2026,3,3,30,0.2333,0.2,0.2381,-0.0048,0.2238,0.0714,0.607,32,
CAR,2026,3,3,50,0.24,0.3,0.2453,-0.0053,0.2238,0.0714,0.607,32,
CHI,2026,3,3,32,0.0938,0.1562,0.235,-0.1412,0.2238,0.0714,0.607,32,
CIN,2026,3,3,38,0.1842,0.2895,0.2445,-0.0603,0.2238,0.0714,0.607,32,
CLE,2026,3,3,34,0.2647,0.2059,0.2385,0.0262,0.2238,0.0714,0.607,32,
DAL,2026,3,3,42,0.2143,0.2857,0.2442,-0.0299,0.2238,0.0714,0.607,32,
DEN,2026,3,3,37,0.2432,0.1892,0.2373,0.0059,0.2238,0.0714,0.607,32,
DET,2026,3,3,34,0.1765,0.4412,0.2553,-0.0789,0.2238,0.0714,0.607,32,
GB,2026,3,3,32,0.3125,0.1562,0.235,0.0775,0.2238,0.0714,0.607,32,
HOU,2026,3,3,30,0.2,0.1,0.231,-0.031,0.2238,0.0714,0.607,32,
IND,2026,3,3,40,0.2,0.25,0.2417,-0.0417,0.2238,0.0714,0.607,32,
JAX,2026,3,3,28,0.2143,0.2857,0.2442,-0.0299,0.2238,0.0714,0.607,32,
KC,2026,3,3,24,0.2917,0.125,0.2328,0.0589,0.2238,0.0714,0.607,32,
LA,2026,3,3,57,0.2632,0.3684,0.2501,0.013,0.2238,0.0714,0.607,32,
LAC,2026,3,3,31,0.3871,0.1613,0.2353,0.1518,0.2238,0.0714,0.607,32,
LV,2026,3,3,37,0.2162,0.2432,0.2412,-0.025,0.2238,0.0714,0.607,32,
MIA,2026,3,3,31,0.129,0.3871,0.2515,-0.1224,0.2238,0.0714,0.607,32,
MIN,2026,3,3,31,0.2903,0.3871,0.2515,0.0388,0.2238,0.0714,0.607,32,
NE,2026,3,3,23,0.2609,0.2609,0.2425,0.0184,0.2238,0.0714,0.607,32,
NO,2026,3,3,41,0.2439,0.1707,0.236,0.0079,0.2238,0.0714,0.607,32,
NYG,2026,3,3,25,0.28,0.2,0.2381,0.0419,0.2238,0.0714,0.607,32,
NYJ,2026,3,3,42,0.1667,0.2143,0.2391,-0.0725,0.2238,0.0714,0.607,32,
PHI,2026,3,3,24,0.2917,0.5,0.2595,0.0321,0.2238,0.0714,0.607,32,
PIT,2026,3,3,35,0.3143,0.1714,0.2361,0.0782,0.2238,0.0714,0.607,32,
SEA,2026,3,3,46,0.3261,0.4348,0.2549,0.0712,0.2238,0.0714,0.607,32,
SF,2026,3,3,26,0.2308,0.2692,0.2431,-0.0123,0.2238,0.0714,0.607,32,
TB,2026,3,3,40,0.35,0.65,0.2703,0.0797,0.2238,0.0714,0.607,32,
TEN,2026,3,3,36,0.1389,0.3056,0.2456,-0.1068,0.2238,0.0714,0.607,32,
WAS,2026,3,3,33,0.4242,0.2121,0.239,0.1853,0.2238,0.0714,0.607,32,
