qb_id,name,team,season,week,db,epa,cpoe_pbp,adot,deep_rate_20,scramble_rate,p2s_eb,n_clean,n_press,epa_clean,epa_press,var_clean,var_press,sens_epa_floor,sens_se,clean_epa_baseline,int_n_clean,int_att_clean,int_n_press,int_att_press
00-0020531,D.Brees,NO,2010,,686,0.1305,6.0702,7.4088,0.1033,0.0044,0.2618,624,62,0.2148,-0.7180,2.2026,2.9795,0.9327,0.2271,0.2148,18,621,1,62
00-0027659,J.Clausen,CAR,2010,,269,-0.3184,-11.6398,6.4649,0.0833,0.0409,0.3235,223,46,-0.1484,-1.1421,2.0927,0.9286,0.9937,0.1720,-0.1484,7,212,0,46
00-0025561,T.Smith,SF,2010,,146,0.0542,-6.5690,9.8115,0.1639,0.0822,0.2658,121,25,0.1903,-0.6046,2.6361,3.9422,0.7949,0.4236,0.1903,2,110,0,25
00-0004161,J.Delhomme,CLE,2010,,152,-0.3256,1.6872,7.5959,0.0753,0.0000,0.2276,138,14,-0.2062,-1.5027,3.0838,1.7495,1.2965,0.3838,-0.2062,6,138,1,14
00-0023541,K.Orton,DEN,2010,,446,0.0159,-3.3897,9.1393,0.1468,0.0291,0.3157,396,50,0.1506,-1.0509,2.3501,1.3215,1.2015,0.1799,0.1506,7,383,1,50
00-0020245,M.Vick,PHI,2010,,456,0.1711,4.8942,9.3808,0.1726,0.1162,0.2871,378,78,0.3678,-0.7824,2.3694,2.7139,1.1502,0.2026,0.3678,6,325,1,78
00-0026498,M.Stafford,DET,2010,,104,-0.0398,-5.9792,7.0104,0.0938,0.0192,0.2074,93,11,-0.0138,-0.2602,1.5760,4.2804,0.2464,0.6372,-0.0138,1,91,0,11
00-0027688,C.McCoy,CLE,2010,,220,-0.0628,0.2459,8.4919,0.1459,0.0636,0.2968,185,35,0.0618,-0.7213,2.1036,1.9381,0.7831,0.2584,0.0618,7,171,1,35
00-0027754,J.Skelton,ARI,2010,,123,-0.3415,-15.6974,8.6727,0.1273,0.0569,0.2200,107,16,-0.2657,-0.8488,1.8821,1.8299,0.5831,0.3633,-0.2657,2,100,0,16
00-0021429,C.Palmer,CIN,2010,,549,0.0156,0.9142,8.4826,0.0907,0.0164,0.2165,485,64,0.0984,-0.6117,2.7706,1.6799,0.7101,0.1788,0.0984,18,476,0,64
00-0023682,R.Fitzpatrick,BUF,2010,,440,-0.0338,-2.2412,8.5873,0.1392,0.0545,0.2390,381,59,0.1310,-1.0976,2.7711,2.4194,1.2285,0.2197,0.1310,12,357,2,59
00-0021678,T.Romo,DAL,2010,,212,0.0872,6.2801,7.1733,0.0990,0.0142,0.1821,181,31,0.2176,-0.6745,2.8165,2.3537,0.8921,0.3025,0.2176,5,178,1,31
00-0003292,K.Collins,TEN,2010,,245,0.0499,-2.9152,10.0085,0.1709,0.0041,0.2493,225,20,0.1498,-1.0745,2.5272,1.5909,1.2244,0.3013,0.1498,5,224,1,20
00-0024408,B.Gradkowski,LV,2010,,137,-0.1075,-6.3408,9.1032,0.1429,0.0292,0.2407,122,15,-0.0164,-0.8486,2.4906,3.8435,0.8322,0.5260,-0.0164,6,118,0,15
00-0022803,E.Manning,NYG,2010,,491,0.1108,2.9223,9.0936,0.1255,0.0163,0.2126,447,44,0.1950,-0.7451,2.7594,3.6197,0.9401,0.2974,0.1950,17,439,1,44
00-0022121,R.Grossman,WAS,2010,,137,-0.1248,-6.2299,7.1600,0.0640,0.0073,0.2418,116,21,0.1223,-1.4896,2.5447,4.7647,1.6118,0.4988,0.1223,4,115,0,21
00-0021231,D.Garrard,JAX,2010,,392,0.0877,4.8603,8.5743,0.1283,0.0510,0.2497,312,80,0.3505,-0.9372,2.4992,2.3525,1.2877,0.1934,0.3505,12,292,3,80
00-0010346,P.Manning,IND,2010,,680,0.1656,3.8391,8.7406,0.1252,0.0015,0.2343,636,44,0.2022,-0.3637,2.1158,2.1397,0.5660,0.2279,0.2022,16,635,0,44
00-0005106,B.Favre,MIN,2010,,340,-0.1134,-0.0725,8.3291,0.1329,0.0088,0.2305,281,59,0.0981,-1.1207,2.6022,3.9826,1.2188,0.2771,0.0981,12,278,5,59
00-0022055,S.Wallace,CLE,2010,,110,0.0370,1.5902,7.6337,0.1287,0.0273,0.2357,100,10,0.0864,-0.4571,2.0900,1.7096,0.5435,0.4380,0.0864,2,97,0,10
00-0023459,A.Rodgers,GB,2010,,657,0.2201,5.9772,9.2582,0.1429,0.0609,0.3021,587,70,0.3398,-0.7841,2.2582,2.3198,1.1239,0.1923,0.3398,13,547,0,70
00-0009311,J.Kitna,DAL,2010,,298,0.0823,3.7067,6.8030,0.0833,0.0470,0.2879,266,32,0.1811,-0.7388,2.7365,1.3714,0.9199,0.2305,0.1811,9,252,0,32
00-0022924,B.Roethlisberger,PIT,2010,,491,0.1507,1.4198,9.6543,0.1439,0.0448,0.3139,420,71,0.3036,-0.7537,2.0193,3.1503,1.0573,0.2218,0.3036,5,398,1,71
00-0025423,K.Kolb,PHI,2010,,203,-0.0062,0.3646,8.2652,0.1436,0.0345,0.2904,182,21,0.1621,-1.4645,1.7874,2.7640,1.6265,0.3761,0.1621,5,175,1,21
00-0023460,J.Campbell,LV,2010,,347,0.0127,-1.2687,8.5709,0.1453,0.0692,0.3295,294,53,0.1837,-0.9358,2.5138,1.6823,1.1195,0.2007,0.1837,8,270,0,53
00-0025430,D.Stanton,DET,2010,,122,-0.0019,-4.0073,7.1364,0.1000,0.0492,0.2357,108,14,0.1634,-1.2772,2.3007,1.0519,1.4405,0.3105,0.1634,2,102,0,14
00-0026898,M.Sanchez,NYJ,2010,,613,0.0329,-4.5991,9.3638,0.1248,0.0212,0.3049,558,55,0.1519,-1.1748,2.0546,2.1975,1.3267,0.2089,0.1519,12,545,1,55
00-0026993,J.Freeman,TB,2010,,500,0.1803,1.5668,9.2929,0.1442,0.0740,0.2554,434,66,0.3398,-0.8686,2.0341,1.6821,1.2085,0.1737,0.3398,4,397,1,66
00-0027854,S.Bradford,LA,2010,,567,-0.0538,-4.4052,6.3779,0.0706,0.0282,0.2591,500,67,0.0717,-0.9906,2.0725,1.8753,1.0623,0.1793,0.0717,9,484,1,67
00-0019596,T.Brady,NE,2010,,506,0.2440,3.1095,7.9329,0.0943,0.0059,0.2862,454,52,0.3767,-0.9139,2.0762,1.7375,1.2906,0.1949,0.3767,4,451,1,52
00-0022942,P.Rivers,LAC,2010,,533,0.2343,5.2689,8.5594,0.1127,0.0188,0.3052,469,64,0.4037,-1.0070,2.4234,3.0099,1.4107,0.2285,0.4037,12,459,1,64
00-0023436,A.Smith,SF,2010,,304,-0.0315,-3.1466,6.9857,0.1179,0.0164,0.2423,256,48,0.1799,-1.1589,2.5412,2.5378,1.3389,0.2506,0.1799,8,251,1,48
00-0023645,D.Anderson,ARI,2010,,285,-0.2043,-8.5201,10.2394,0.1506,0.0105,0.2891,242,43,-0.1144,-0.7100,2.3872,2.0601,0.5956,0.2404,-0.1144,10,239,0,43
00-0025708,M.Moore,CAR,2010,,122,-0.1970,-2.3640,8.0917,0.1560,0.0328,0.2282,99,23,0.0015,-1.0516,2.9640,5.3162,1.0531,0.5110,0.0015,3,95,2,23
00-0026158,J.Flacco,BAL,2010,,601,0.0838,2.2275,8.8473,0.1378,0.0283,0.3228,510,91,0.3124,-1.1973,2.2074,2.0722,1.5098,0.1646,0.3124,8,494,3,91
00-0023662,M.Cassel,KC,2010,,449,0.0956,-2.2741,7.8741,0.1136,0.0445,0.2397,386,63,0.2399,-0.7883,1.8792,4.0854,1.0282,0.2640,0.2399,7,366,1,63
00-0011022,D.McNabb,WAS,2010,,488,-0.0242,-3.2604,8.4862,0.1170,0.0287,0.2824,407,81,0.1436,-0.8672,2.4716,2.2203,1.0108,0.1830,0.1436,10,393,2,81
00-0020679,Sh.Hill,DET,2010,,388,0.0493,-2.4675,7.0111,0.1003,0.0309,0.2581,356,32,0.1645,-1.2321,2.2128,2.7198,1.3966,0.3020,0.1645,7,344,1,32
00-0026143,M.Ryan,ATL,2010,,616,0.1367,0.6468,8.3269,0.0791,0.0357,0.2475,556,60,0.2155,-0.5939,2.0283,2.5147,0.8093,0.2134,0.2155,11,534,0,60
00-0026197,C.Henne,MIA,2010,,519,0.0186,0.0077,8.1702,0.0936,0.0366,0.2862,459,60,0.1535,-1.0135,1.9989,1.5460,1.1670,0.1736,0.1535,14,440,1,60
00-0024218,V.Young,TEN,2010,,174,0.1041,2.3132,10.9324,0.2027,0.0690,0.2928,155,19,0.3236,-1.6862,2.3143,2.5997,2.0097,0.3896,0.3236,2,143,0,19
00-0024226,J.Cutler,CHI,2010,,536,-0.0146,0.9940,8.9778,0.1356,0.0560,0.3558,450,86,0.2318,-1.3038,2.8481,1.5661,1.5355,0.1567,0.2318,15,420,1,86
00-0007091,M.Hasselbeck,SEA,2010,,467,-0.0764,-1.8928,8.4165,0.1419,0.0128,0.2836,421,46,0.0450,-1.1883,2.4510,3.0140,1.2334,0.2671,0.0450,14,415,1,46
00-0022787,M.Schaub,HOU,2010,,524,0.1412,0.2263,7.6844,0.0779,0.0095,0.2785,460,64,0.3014,-1.0103,2.1999,1.2294,1.3117,0.1549,0.3014,11,455,0,64
00-0028090,T.Yates,HOU,2011,,207,-0.0301,-4.1001,9.4837,0.1141,0.0290,0.2916,179,28,0.1277,-1.0385,1.7987,3.1554,1.1662,0.3503,0.1277,6,173,0,28
00-0020245,M.Vick,PHI,2011,,466,0.1543,1.4121,9.5556,0.1540,0.1052,0.2331,405,61,0.3095,-0.8762,2.4704,2.9653,1.1858,0.2339,0.3095,11,356,3,61
00-0026197,C.Henne,MIA,2011,,108,0.1225,2.5323,9.5652,0.2065,0.0741,0.2203,87,21,0.3548,-0.8395,1.4808,3.2148,1.1943,0.4124,0.3548,1,79,2,21
00-0022942,P.Rivers,LAC,2011,,566,0.2026,4.2422,9.1717,0.1302,0.0159,0.2838,510,56,0.3042,-0.7222,2.6949,2.4583,1.0264,0.2218,0.3042,17,501,0,56
00-0025970,C.Hanie,CHI,2011,,118,-0.4848,-7.7218,8.8111,0.1111,0.0932,0.2951,92,26,-0.0881,-1.8884,2.1123,4.7663,1.8003,0.4542,-0.0881,4,81,3,26
00-0026143,M.Ryan,ATL,2011,,580,0.1655,1.4069,9.2067,0.1024,0.0276,0.2322,498,82,0.3057,-0.6861,2.0222,3.2506,0.9918,0.2091,0.3057,8,482,3,82
00-0024226,J.Cutler,CHI,2011,,295,0.1253,1.0490,9.2353,0.1250,0.0237,0.2468,256,39,0.2926,-0.9730,2.1173,2.8165,1.2656,0.2837,0.2926,3,249,0,39
00-0027134,C.Painter,IND,2011,,249,-0.1625,-7.1877,8.3965,0.1101,0.0201,0.2698,218,31,-0.0118,-1.2224,2.7019,2.9758,1.2107,0.3292,-0.0118,7,213,0,31
00-0025423,K.Kolb,ARI,2011,,265,-0.0148,-3.4361,7.8947,0.0921,0.0302,0.3352,222,43,0.1949,-1.0979,2.0623,3.9993,1.2929,0.3198,0.1949,5,214,2,43
00-0021678,T.Romo,DAL,2011,,522,0.1625,5.0596,7.8693,0.1203,0.0134,0.2831,452,70,0.2724,-0.5471,2.5129,2.4325,0.8195,0.2008,0.2724,9,445,1,70
00-0026898,M.Sanchez,NYJ,2011,,522,-0.0827,-3.7300,7.9411,0.0884,0.0287,0.3111,467,55,0.0925,-1.5708,2.5498,4.6776,1.6634,0.3008,0.0925,14,452,2,55
00-0022924,B.Roethlisberger,PIT,2011,,555,0.1399,2.3959,9.2052,0.1355,0.0270,0.3096,482,73,0.2916,-0.8617,2.3928,3.3348,1.1533,0.2250,0.2916,11,467,1,73
00-0007091,M.Hasselbeck,TEN,2011,,484,0.0060,-0.9433,7.9371,0.1258,0.0124,0.2444,440,44,0.1007,-0.9406,2.3834,3.8995,1.0413,0.3067,0.1007,9,434,2,44
00-0027854,S.Bradford,LA,2011,,344,-0.1960,-8.8492,9.0641,0.1186,0.0116,0.2862,285,59,0.0254,-1.2654,2.1995,1.7634,1.2908,0.1939,0.0254,6,281,0,59
00-0027754,J.Skelton,ARI,2011,,304,-0.1894,-5.8109,9.5265,0.1250,0.0559,0.2932,263,41,-0.0549,-1.0523,3.0012,0.8361,0.9975,0.1783,-0.0549,14,246,0,41
00-0026498,M.Stafford,DET,2011,,689,0.1355,1.4164,8.4417,0.1182,0.0131,0.2705,607,82,0.2401,-0.6384,2.3878,2.9517,0.8784,0.1998,0.2401,11,598,3,82
00-0025708,M.Moore,MIA,2011,,361,0.0089,3.8920,9.8594,0.1688,0.0277,0.3126,306,55,0.2253,-1.1953,2.6556,2.2890,1.4206,0.2243,0.2253,6,296,1,55
00-0026158,J.Flacco,BAL,2011,,618,0.0914,-1.4915,9.3641,0.1376,0.0194,0.2722,538,80,0.2118,-0.7180,2.1809,2.5857,0.9298,0.1907,0.2118,11,526,0,80
00-0022787,M.Schaub,HOU,2011,,297,0.2657,1.3583,8.4819,0.1268,0.0168,0.2442,257,40,0.4034,-0.6191,2.5458,2.5236,1.0225,0.2702,0.4034,5,252,0,40
00-0011022,D.McNabb,MIN,2011,,174,-0.0991,-2.2471,8.0867,0.0933,0.0460,0.2829,148,26,0.0969,-1.2147,1.9895,0.6694,1.3116,0.1980,0.0969,2,140,0,26
00-0020531,D.Brees,NO,2011,,733,0.3136,7.9425,7.6155,0.1033,0.0123,0.2557,674,59,0.3945,-0.6100,2.2199,2.0800,1.0045,0.1963,0.3945,14,665,0,59
00-0023682,R.Fitzpatrick,BUF,2011,,553,-0.0046,1.0574,7.6462,0.0949,0.0470,0.2274,489,64,0.1207,-0.9622,2.2375,2.1717,1.0828,0.1962,0.1207,14,463,5,64
00-0024218,V.Young,PHI,2011,,110,-0.0823,-1.5882,11.7021,0.1809,0.1000,0.2179,99,11,0.0408,-1.1900,3.3659,5.3492,1.2308,0.7213,0.0408,6,88,2,11
00-0024812,T.Palko,KC,2011,,109,-0.2307,-4.3410,7.2222,0.1010,0.0092,0.2455,92,17,-0.0756,-1.0703,2.3589,2.4674,0.9947,0.4133,-0.0756,5,91,1,17
00-0023662,M.Cassel,KC,2011,,273,0.0241,-0.2802,9.1872,0.1362,0.0623,0.2820,234,39,0.1578,-0.7781,1.8761,3.1093,0.9359,0.2962,0.1578,6,217,1,39
00-0027688,C.McCoy,CLE,2011,,433,-0.0686,-4.9146,7.4987,0.0933,0.0739,0.2656,372,61,0.0933,-1.0557,1.8736,3.2445,1.1490,0.2413,0.0933,8,340,2,61
00-0022055,S.Wallace,CLE,2011,,116,-0.1165,-10.2870,7.8381,0.1048,0.0431,0.2491,108,8,-0.0161,-1.4716,2.1044,1.6323,1.4555,0.4728,-0.0161,2,103,0,8
00-0027876,T.Tebow,DEN,2011,,306,-0.0412,-8.3540,13.7480,0.2600,0.0882,0.3115,257,49,0.1608,-1.1008,2.0498,3.3107,1.2616,0.2748,0.1608,3,230,0,49
00-0026993,J.Freeman,TB,2011,,506,-0.0832,-1.3466,7.4803,0.0724,0.0435,0.2836,457,49,0.0355,-1.1905,2.3755,3.6332,1.2260,0.2817,0.0355,18,435,1,49
00-0023460,J.Campbell,LV,2011,,160,0.0940,3.2206,10.4082,0.1565,0.0437,0.1821,138,22,0.1866,-0.4868,1.8748,0.9433,0.6734,0.2376,0.1866,3,131,0,22
00-0027939,C.Newton,CAR,2011,,537,0.0611,-1.3095,9.3873,0.1641,0.0819,0.3098,475,62,0.1994,-0.9988,2.7479,2.1854,1.1982,0.2026,0.1994,13,431,1,62
00-0027950,C.Ponder,MIN,2011,,288,-0.1848,-6.9373,8.9132,0.1322,0.0590,0.3232,242,46,0.0080,-1.1992,3.5082,2.1280,1.2072,0.2465,0.0080,11,225,1,46
00-0027973,A.Dalton,CIN,2011,,580,-0.0246,-1.5738,8.1445,0.1008,0.0431,0.2672,517,63,0.0787,-0.8724,2.2390,2.0793,0.9511,0.1932,0.0787,15,492,0,63
00-0023541,K.Orton,DEN,2011,,253,0.0466,-1.9791,7.8250,0.0792,0.0119,0.2356,227,26,0.1276,-0.6608,2.2276,3.1628,0.7885,0.3626,0.1276,7,224,0,26
00-0022121,R.Grossman,WAS,2011,,457,-0.0092,-0.3243,8.9602,0.1335,0.0088,0.2190,372,85,0.1797,-0.8361,2.4185,3.2334,1.0159,0.2110,0.1797,13,368,5,85
00-0021429,C.Palmer,LV,2011,,294,0.0771,3.6909,10.3358,0.1569,0.0170,0.2413,257,37,0.2505,-1.1272,2.6890,3.1546,1.3776,0.3094,0.2505,8,252,3,37
00-0027948,B.Gabbert,JAX,2011,,405,-0.2580,-10.0451,7.9429,0.1114,0.0420,0.3206,340,65,-0.0791,-1.1939,2.0281,3.2752,1.1148,0.2374,-0.0791,8,323,2,65
00-0022803,E.Manning,NYG,2011,,726,0.1555,1.1223,9.6358,0.1586,0.0152,0.2497,630,96,0.2906,-0.7312,2.8538,3.1050,1.0219,0.1920,0.2906,12,619,2,96
00-0023578,D.Orlovsky,IND,2011,,139,-0.0925,-0.6142,7.3520,0.0800,0.0144,0.2743,117,22,0.1522,-1.3936,1.4434,3.5797,1.5458,0.4184,0.1522,2,115,0,22
00-0024279,T.Jackson,SEA,2011,,453,-0.0048,1.0287,8.9521,0.1360,0.0442,0.2605,363,90,0.1713,-0.7151,1.8894,2.7348,0.8864,0.1887,0.1713,7,343,3,90
00-0023436,A.Smith,SF,2011,,568,0.0484,-1.4816,7.6857,0.1020,0.0475,0.3287,480,88,0.2230,-0.9040,1.7490,1.6296,1.1270,0.1489,0.2230,4,453,0,88
00-0019596,T.Brady,NE,2011,,718,0.3123,4.5705,8.3314,0.0892,0.0195,0.2599,640,78,0.4020,-0.4235,2.3210,2.9803,0.8256,0.2045,0.4020,14,626,2,78
00-0023459,A.Rodgers,GB,2011,,570,0.4089,7.8607,9.1227,0.1288,0.0789,0.3173,508,62,0.5578,-0.8112,2.2556,2.0441,1.3690,0.1934,0.5578,3,463,0,62
00-0029263,R.Wilson,SEA,2012,,530,0.1954,4.4656,10.2621,0.1678,0.1038,0.3143,462,68,0.3642,-0.9511,2.2008,2.5530,1.3152,0.2057,0.3642,10,407,1,68
00-0029665,R.Griffin,WAS,2012,,415,0.2276,4.2023,8.4786,0.0969,0.0843,0.2763,352,63,0.3536,-0.4761,2.0476,2.8358,0.8297,0.2255,0.3536,4,317,0,63
00-0021429,C.Palmer,LV,2012,,486,-0.0061,-1.6232,8.4196,0.1152,0.0082,0.2518,433,53,0.1131,-0.9801,2.4798,4.1037,1.0932,0.2884,0.1131,10,429,2,53
00-0029701,R.Tannehill,MIA,2012,,470,-0.0451,-3.8411,8.6075,0.1121,0.0234,0.2929,412,58,0.0870,-0.9838,2.2647,2.2338,1.0708,0.2098,0.0870,11,401,1,58
00-0027973,A.Dalton,CIN,2012,,573,-0.0439,0.4254,8.8189,0.1299,0.0384,0.3535,510,63,0.0752,-1.0080,2.3139,3.3831,1.0832,0.2413,0.0752,15,488,1,63
00-0023436,A.Smith,SF,2012,,229,0.1916,5.8417,7.6450,0.0800,0.0437,0.2977,200,29,0.3382,-0.8189,1.9047,1.0155,1.1571,0.2111,0.3382,4,190,0,29
00-0022942,P.Rivers,LAC,2012,,533,-0.0278,1.4820,7.6764,0.1169,0.0188,0.3531,465,68,0.1482,-1.2313,2.3102,3.4091,1.3795,0.2347,0.1482,14,455,1,68
00-0023662,M.Cassel,KC,2012,,243,-0.1934,-3.3679,8.3192,0.1127,0.0453,0.2701,204,39,0.0001,-1.2055,2.1942,2.1024,1.2055,0.2543,0.0001,7,193,1,39
00-0027948,B.Gabbert,JAX,2012,,256,-0.1036,-4.5605,8.2664,0.1048,0.0352,0.2607,222,34,0.0175,-0.8944,2.3542,2.0522,0.9119,0.2664,0.0175,5,213,0,34
00-0029668,A.Luck,IND,2012,,672,0.0778,-4.2415,10.0335,0.1441,0.0536,0.2404,556,116,0.2197,-0.6023,2.0927,2.9380,0.8220,0.1706,0.2197,12,520,2,116
00-0027854,S.Bradford,LA,2012,,523,0.0176,-1.4793,8.3121,0.1146,0.0306,0.2716,445,78,0.1538,-0.7597,2.5508,2.0639,0.9135,0.1794,0.1538,10,429,1,78
00-0029677,B.Weeden,CLE,2012,,522,-0.0624,-5.1381,7.4451,0.1056,0.0249,0.2478,454,68,0.0861,-1.0536,2.3344,1.9821,1.1397,0.1852,0.0861,13,441,2,68
00-0025423,K.Kolb,ARI,2012,,202,-0.0364,-5.2581,8.2281,0.0877,0.0297,0.3253,167,35,0.1230,-0.7968,1.8243,2.7897,0.9198,0.3010,0.1230,3,161,0,35
00-0022924,B.Roethlisberger,PIT,2012,,455,0.1448,2.4692,8.2081,0.1053,0.0220,0.2927,407,48,0.2823,-1.0211,2.3250,4.1602,1.3034,0.3039,0.2823,7,397,0,48
00-0027950,C.Ponder,MIN,2012,,463,-0.0117,-2.3472,7.1256,0.0905,0.0799,0.2923,411,52,0.1519,-1.3043,1.7710,2.3851,1.4561,0.2240,0.1519,9,374,1,52
00-0021678,T.Romo,DAL,2012,,639,0.1058,2.6104,8.7668,0.1124,0.0125,0.2811,569,70,0.2514,-1.0783,2.2795,3.6843,1.3297,0.2380,0.2514,14,561,3,70
00-0026197,C.Henne,JAX,2012,,277,-0.1221,-7.5262,8.9390,0.0854,0.0361,0.2518,225,52,0.0366,-0.8087,3.0921,2.1335,0.8453,0.2340,0.0366,8,215,1,52
00-0027754,J.Skelton,ARI,2012,,169,-0.3829,-12.4760,7.5696,0.0759,0.0118,0.2282,145,24,-0.2225,-1.3522,2.6177,3.3793,1.1297,0.3986,-0.2225,8,143,1,24
00-0020531,D.Brees,NO,2012,,576,0.1502,1.9561,8.1034,0.1107,0.0052,0.2631,525,51,0.2251,-0.6203,2.8734,3.9435,0.8453,0.2877,0.2251,15,522,0,51
00-0026158,J.Flacco,BAL,2012,,670,0.1187,0.7459,10.5721,0.1854,0.0075,0.2831,598,72,0.2579,-1.0373,2.6839,1.9824,1.2952,0.1789,0.2579,9,593,1,72
00-0023459,A.Rodgers,GB,2012,,668,0.2148,5.9322,8.0035,0.1146,0.0554,0.3326,579,89,0.3882,-0.9127,1.9412,2.2243,1.3009,0.1684,0.3882,8,542,0,89
00-0029531,R.Lindley,ARI,2012,,153,-0.5023,-13.7650,8.3007,0.1049,0.0065,0.2418,135,18,-0.3975,-1.2884,2.5913,4.0539,0.8908,0.4944,-0.3975,6,134,0,18
00-0027974,C.Kaepernick,SF,2012,,323,0.2283,4.1714,10.4672,0.1606,0.0867,0.2833,287,36,0.3336,-0.6112,2.6196,2.0334,0.9448,0.2561,0.3336,4,259,0,36
00-0023682,R.Fitzpatrick,BUF,2012,,488,-0.0195,-0.9025,7.6244,0.0991,0.0553,0.2672,425,63,0.1618,-1.2427,2.2984,3.7001,1.4045,0.2533,0.1618,9,398,4,63
00-0022787,M.Schaub,HOU,2012,,610,0.1469,1.0086,7.6978,0.0881,0.0049,0.2551,536,74,0.2395,-0.5237,1.9396,1.9864,0.7632,0.1745,0.2395,11,533,1,74
00-0019596,T.Brady,NE,2012,,691,0.2323,0.0753,8.5909,0.1273,0.0087,0.2328,621,70,0.3527,-0.8357,1.9495,1.1504,1.1884,0.1399,0.3527,8,615,1,70
00-0020245,M.Vick,PHI,2012,,365,0.0404,2.2605,9.4137,0.1368,0.0932,0.2288,295,70,0.1840,-0.5647,2.8416,3.7604,0.7487,0.2517,0.1840,9,261,1,70
00-0022803,E.Manning,NYG,2012,,504,0.1239,1.5423,9.5262,0.1174,0.0159,0.2270,450,54,0.2095,-0.5894,2.5346,3.0635,0.7990,0.2497,0.2095,11,442,3,54
00-0026498,M.Stafford,DET,2012,,659,0.0196,-2.6601,8.7783,0.1311,0.0258,0.2416,594,65,0.1425,-1.1036,2.4839,3.3143,1.2461,0.2349,0.1425,13,577,2,65
00-0025409,B.Quinn,KC,2012,,178,-0.2764,-1.4745,7.8421,0.1053,0.0562,0.2522,142,36,-0.0204,-1.2863,2.7287,1.9919,1.2660,0.2730,-0.0204,5,132,2,36
00-0026143,M.Ryan,ATL,2012,,709,0.2449,6.2073,8.6394,0.1091,0.0282,0.2250,624,85,0.3804,-0.7502,2.0726,2.5162,1.1307,0.1814,0.3804,9,604,5,85
00-0026993,J.Freeman,TB,2012,,536,0.0318,-5.5862,9.8455,0.1646,0.0354,0.2433,476,60,0.1919,-1.2390,2.3579,3.6270,1.4309,0.2557,0.1919,11,457,4,60
00-0027939,C.Newton,CAR,2012,,510,0.1585,-2.0217,9.4808,0.1490,0.0667,0.3023,445,65,0.3166,-0.9243,2.4466,1.5355,1.2409,0.1706,0.3166,7,411,2,65
00-0029567,N.Foles,PHI,2012,,246,-0.0374,2.4976,8.1036,0.1216,0.0285,0.2643,216,30,0.1302,-1.2436,2.2539,1.1682,1.3738,0.2222,0.1302,5,209,0,30
00-0026898,M.Sanchez,NYJ,2012,,428,-0.1728,-6.3084,9.1590,0.1256,0.0164,0.3265,378,50,0.0013,-1.4887,2.4269,2.6645,1.4900,0.2444,0.0013,17,371,1,50
00-0027946,J.Locker,TEN,2012,,330,-0.0051,-3.5945,9.3652,0.1418,0.0788,0.2891,288,42,0.1658,-1.1765,2.3460,1.2766,1.3423,0.1963,0.1658,7,262,2,42
00-0024226,J.Cutler,CHI,2012,,438,-0.0676,-2.5679,9.5855,0.1451,0.0479,0.2797,371,67,0.0732,-0.8471,2.4337,2.7112,0.9203,0.2169,0.0732,10,350,2,67
00-0010346,P.Manning,DEN,2012,,588,0.2451,8.1562,8.2397,0.1181,0.0085,0.2649,536,52,0.3591,-0.9293,2.3602,2.2701,1.2884,0.2192,0.3591,12,531,1,52
00-0007091,M.Hasselbeck,TEN,2012,,187,-0.0702,-0.9099,8.8412,0.1412,0.0267,0.2743,168,19,0.0469,-1.1057,2.8607,0.7916,1.1526,0.2423,0.0469,4,163,0,19
00-0029263,R.Wilson,SEA,2013,,543,0.1498,5.6378,9.4717,0.1587,0.0958,0.3038,442,101,0.3894,-0.8987,2.1977,2.4515,1.2881,0.1710,0.3894,8,390,1,101
00-0027253,T.Lewis,BUF,2013,,165,0.0213,0.5568,9.2071,0.1500,0.0485,0.2719,130,35,0.2967,-1.0016,2.0659,2.4182,1.2983,0.2915,0.2967,1,122,2,35
00-0026993,J.Freeman,TB,2013,,115,-0.1996,-12.8557,11.0381,0.1810,0.0174,0.2452,100,15,-0.0245,-1.3673,2.1066,4.8262,1.3428,0.5855,-0.0245,3,98,1,15
00-0022803,E.Manning,NYG,2013,,504,-0.0739,-2.3006,9.6060,0.1392,0.0099,0.2861,437,67,0.0824,-1.0936,2.8504,2.0396,1.1761,0.1923,0.0824,19,432,2,67
00-0020531,D.Brees,NO,2013,,687,0.1919,4.7116,8.0644,0.1240,0.0160,0.2974,611,76,0.3248,-0.8769,2.2720,1.8697,1.2017,0.1683,0.3248,13,600,1,76
00-0030526,E.Manuel,BUF,2013,,325,-0.1217,-3.2987,8.5564,0.1236,0.0738,0.2644,270,55,0.0324,-0.8782,2.1704,3.1770,0.9106,0.2565,0.0324,7,246,1,55
00-0029604,K.Cousins,WAS,2013,,120,-0.1290,-7.3020,7.8761,0.0796,0.0167,0.2036,108,12,-0.0300,-1.0199,2.4874,3.2242,0.9899,0.5401,-0.0300,4,106,0,12
00-0026158,J.Flacco,BAL,2013,,616,-0.0365,-1.9064,9.5614,0.1606,0.0244,0.3122,530,86,0.1094,-0.9359,2.2250,1.8950,1.0453,0.1620,0.1094,17,515,3,86
00-0024264,K.Clemens,LA,2013,,212,-0.0257,-4.8487,9.0942,0.1257,0.0283,0.2675,182,30,0.1709,-1.2189,2.8380,2.4273,1.3898,0.3106,0.1709,4,176,1,30
00-0026143,M.Ryan,ATL,2013,,628,0.0614,3.5376,6.8224,0.0707,0.0111,0.2869,538,90,0.2526,-1.0820,1.8517,4.4761,1.3347,0.2306,0.2526,7,531,4,90
00-0021206,J.McCown,CHI,2013,,227,0.4018,4.0954,8.0239,0.0909,0.0352,0.2104,198,29,0.5546,-0.6417,1.9403,1.4770,1.1964,0.2464,0.5546,0,190,0,29
00-0023436,A.Smith,KC,2013,,598,0.0832,-1.1298,6.5676,0.0849,0.0702,0.3117,529,69,0.2167,-0.9399,1.9083,1.6406,1.1566,0.1655,0.2167,6,487,0,69
00-0026349,M.Flynn,LV,2013,,228,-0.1579,-0.7104,6.8000,0.0842,0.0482,0.3152,190,38,0.0588,-1.2414,2.8820,2.7690,1.3002,0.2967,0.0588,5,179,0,38
00-0019596,T.Brady,NE,2013,,687,0.0872,-2.0952,8.6260,0.1205,0.0044,0.3080,603,84,0.2653,-1.1913,1.6654,1.3669,1.4566,0.1380,0.2653,10,600,0,84
00-0028986,C.Keenum,HOU,2013,,261,-0.0918,-5.9485,8.5146,0.1046,0.0192,0.2327,212,49,0.1498,-1.1370,2.1197,3.3467,1.2868,0.2798,0.1498,4,207,2,49
00-0024226,J.Cutler,CHI,2013,,351,0.0074,3.8240,9.0063,0.1536,0.0342,0.2319,295,56,0.1762,-0.8818,2.9353,4.6864,1.0580,0.3060,0.1762,10,283,1,56
00-0029677,B.Weeden,CLE,2013,,235,-0.1279,-1.4885,9.4067,0.1722,0.0255,0.2566,185,50,0.0912,-0.9388,2.0627,1.4615,1.0300,0.2009,0.0912,6,179,2,50
00-0029701,R.Tannehill,MIA,2013,,621,0.0173,0.2567,9.4076,0.1123,0.0225,0.3344,529,92,0.2047,-1.0605,1.9176,1.6189,1.2652,0.1457,0.2047,10,515,3,92
00-0027974,C.Kaepernick,SF,2013,,552,0.1918,-0.2929,9.6832,0.1401,0.0833,0.3417,487,65,0.3428,-0.9401,2.0353,2.0981,1.2829,0.1909,0.3428,8,441,0,65
00-0029567,N.Foles,PHI,2013,,375,0.2618,5.1880,9.1785,0.1508,0.0480,0.3061,328,47,0.4519,-1.0651,2.2686,1.2055,1.5170,0.1805,0.4519,2,310,0,47
00-0029665,R.Griffin,WAS,2013,,464,-0.0367,-2.9459,8.5747,0.1013,0.0690,0.2795,385,79,0.1479,-0.9365,1.9106,2.4609,1.0844,0.1900,0.1479,7,353,3,79
00-0023682,R.Fitzpatrick,TEN,2013,,350,0.0418,-0.0259,8.1803,0.1246,0.0743,0.2519,302,48,0.2276,-1.1270,2.4509,3.4270,1.3546,0.2820,0.2276,9,276,3,48
00-0010346,P.Manning,DEN,2013,,724,0.3187,6.8637,7.5113,0.1020,0.0000,0.2200,668,56,0.3946,-0.5868,2.1818,3.5453,0.9814,0.2580,0.3946,9,668,2,56
00-0021429,C.Palmer,ARI,2013,,551,0.0108,3.0434,9.5799,0.1302,0.0091,0.2723,459,92,0.2130,-0.9980,2.7094,3.5383,1.2111,0.2106,0.2130,15,454,5,92
00-0022787,M.Schaub,HOU,2013,,369,-0.1027,-1.6977,7.8439,0.0780,0.0108,0.2426,319,50,0.0499,-1.0761,2.2936,3.5784,1.1260,0.2806,0.0499,11,315,2,50
00-0023460,J.Campbell,CLE,2013,,286,-0.0441,-3.1498,7.5654,0.0923,0.0420,0.2220,248,38,0.0620,-0.7368,2.4629,4.4716,0.7988,0.3572,0.0620,5,236,0,38
00-0020245,M.Vick,PHI,2013,,151,0.1218,-0.8592,11.0720,0.1920,0.0861,0.2494,122,29,0.3673,-0.9112,2.8543,1.1820,1.2785,0.2533,0.3673,3,109,0,29
00-0027973,A.Dalton,CIN,2013,,640,0.0522,0.5642,8.4743,0.1353,0.0422,0.3094,589,51,0.1398,-0.9597,2.7857,2.1361,1.0995,0.2159,0.1398,20,562,0,51
00-0027854,S.Bradford,LA,2013,,213,-0.0293,-2.9225,7.1487,0.1179,0.0282,0.2259,179,34,0.0994,-0.7073,3.0006,3.0254,0.8067,0.3252,0.0994,3,173,1,34
00-0026625,B.Hoyer,CLE,2013,,103,0.0146,-2.5250,8.0625,0.0833,0.0194,0.2179,92,11,0.1656,-1.2488,2.3022,0.7775,1.4144,0.3094,0.1656,2,90,1,11
00-0022924,B.Roethlisberger,PIT,2013,,550,0.0840,2.7498,8.2505,0.1283,0.0218,0.3275,485,65,0.2332,-1.0300,2.1251,3.7592,1.2632,0.2494,0.2332,10,473,0,65
00-0023662,M.Cassel,MIN,2013,,234,-0.0300,-2.9029,8.6333,0.1571,0.0385,0.2789,210,24,0.0962,-1.1349,2.8635,3.8325,1.2311,0.4163,0.0962,5,201,1,24
00-0026498,M.Stafford,DET,2013,,633,0.0612,-3.1509,8.0803,0.1070,0.0158,0.2256,566,67,0.1373,-0.5817,2.7425,3.8638,0.7190,0.2500,0.1373,18,556,1,67
00-0023459,A.Rodgers,GB,2013,,335,0.2536,4.8100,8.1803,0.1327,0.0478,0.3089,296,39,0.3775,-0.6867,2.4193,2.1520,1.0642,0.2517,0.3775,5,280,1,39
00-0022942,P.Rivers,LAC,2013,,614,0.2523,7.6227,7.6388,0.0996,0.0277,0.2910,543,71,0.3728,-0.6694,2.1111,2.0805,1.0422,0.1822,0.3728,9,526,1,71
00-0030419,M.McGloin,LV,2013,,167,0.0696,-4.3340,9.0062,0.1739,0.0120,0.1789,152,15,0.1765,-1.0134,3.1764,4.1487,1.1899,0.5454,0.1765,5,150,1,15
00-0026197,C.Henne,JAX,2013,,430,-0.0540,-3.6385,6.3008,0.0797,0.0233,0.2715,362,68,0.0498,-0.6064,1.9877,2.1550,0.6561,0.1928,0.0498,9,352,1,68
00-0021678,T.Romo,DAL,2013,,564,0.0807,-0.1920,7.9157,0.0920,0.0160,0.3295,513,51,0.1961,-1.0797,2.1116,2.8515,1.2758,0.2450,0.1961,10,505,0,51
00-0027950,C.Ponder,MIN,2013,,266,-0.0186,1.4549,8.6147,0.1284,0.0865,0.3157,223,43,0.2006,-1.1551,2.3219,2.0361,1.3557,0.2403,0.2006,6,200,1,43
00-0027939,C.Newton,CAR,2013,,541,0.1008,0.6819,9.2079,0.1291,0.0721,0.3455,470,71,0.2866,-1.1295,2.2086,2.1339,1.4161,0.1864,0.2866,13,432,1,71
00-0030565,G.Smith,NYJ,2013,,466,-0.0910,-4.7566,8.9525,0.1525,0.0601,0.2935,386,80,0.0779,-0.9061,3.2083,2.6887,0.9840,0.2047,0.0779,17,358,2,80
00-0029668,A.Luck,IND,2013,,674,0.0884,-1.5044,8.6887,0.1151,0.0653,0.2215,558,116,0.2559,-0.7175,2.0140,3.1599,0.9734,0.1756,0.2559,10,514,2,116
00-0027946,J.Locker,TEN,2013,,192,0.0849,1.0802,9.7410,0.1566,0.0625,0.2524,162,30,0.1608,-0.3252,1.9580,1.7664,0.4860,0.2664,0.1608,4,150,0,30
00-0028825,T.Pryor,LV,2013,,263,-0.0596,-3.9502,7.7689,0.1038,0.1065,0.3074,229,34,0.0949,-1.1002,2.3689,1.6377,1.1950,0.2419,0.0949,8,201,0,34
00-0030520,M.Glennon,TB,2013,,377,-0.0015,2.5539,9.1829,0.1268,0.0265,0.3061,327,50,0.1825,-1.2049,2.2168,2.8556,1.3874,0.2528,0.1825,7,317,1,50
00-0022942,P.Rivers,LAC,2014,,581,0.1323,4.9668,8.2803,0.1269,0.0327,0.2841,507,74,0.2595,-0.7397,2.4401,3.0913,0.9992,0.2158,0.2595,14,488,2,74
00-0020679,Sh.Hill,LA,2014,,225,-0.1460,-2.9359,7.7837,0.1442,0.0089,0.2581,192,33,0.0110,-1.0596,2.8440,2.1823,1.0706,0.2845,0.0110,6,190,0,33
00-0024226,J.Cutler,CHI,2014,,530,-0.0334,0.2751,7.1021,0.1083,0.0302,0.2904,467,63,0.0913,-0.9581,2.5132,3.5613,1.0493,0.2488,0.0913,14,451,0,63
00-0030520,M.Glennon,TB,2014,,197,-0.0482,-2.3241,11.3672,0.2147,0.0305,0.2494,164,33,0.1098,-0.8333,2.8911,0.5238,0.9430,0.1830,0.1098,6,158,0,33
00-0031237,T.Bridgewater,MIN,2014,,445,0.0443,-0.0630,7.9708,0.1220,0.0719,0.3126,383,62,0.2035,-0.9387,2.2696,1.7958,1.1421,0.1868,0.2035,11,351,1,62
00-0030526,E.Manuel,BUF,2014,,128,-0.1231,-4.0280,7.6726,0.1770,0.0703,0.1886,104,24,0.0083,-0.6927,3.2097,1.2892,0.7010,0.2908,0.0083,2,95,1,24
00-0031407,B.Bortles,JAX,2014,,454,-0.2609,-9.5734,6.9795,0.0895,0.0352,0.3200,376,78,-0.0872,-1.0981,2.5333,1.4503,1.0110,0.1592,-0.0872,11,360,1,78
00-0029668,A.Luck,IND,2014,,729,0.1178,0.2595,9.0624,0.1553,0.0576,0.1913,608,121,0.2222,-0.4069,2.3655,3.9312,0.6291,0.1907,0.2222,16,566,2,121
00-0031280,D.Carr,LV,2014,,522,-0.1321,-6.6836,7.7238,0.1109,0.0192,0.2417,481,41,-0.0372,-1.2444,2.0122,2.3376,1.2072,0.2474,-0.0372,8,471,2,41
00-0010346,P.Manning,DEN,2014,,578,0.1873,3.4596,8.6744,0.1252,0.0017,0.2495,538,40,0.2664,-0.8772,2.5344,2.9146,1.1437,0.2785,0.2664,13,537,1,40
00-0027974,C.Kaepernick,SF,2014,,538,0.0681,-1.9909,9.8412,0.1678,0.0818,0.3687,477,61,0.2711,-1.5191,2.1956,1.2784,1.7901,0.1599,0.2711,8,433,0,61
00-0021678,T.Romo,DAL,2014,,482,0.3143,7.2105,8.8375,0.1190,0.0166,0.3274,420,62,0.4929,-0.8959,2.7323,2.5260,1.3888,0.2174,0.4929,7,412,0,62
00-0026498,M.Stafford,DET,2014,,628,0.0686,-3.4881,7.9667,0.1000,0.0223,0.3075,546,82,0.2002,-0.8075,2.1889,2.4010,1.0077,0.1825,0.2002,11,532,1,82
00-0030565,G.Smith,NYJ,2014,,407,0.0008,-2.7866,8.2034,0.1203,0.0762,0.2661,347,60,0.1844,-1.0607,2.5123,2.5244,1.2451,0.2221,0.1844,9,316,3,60
00-0020531,D.Brees,NO,2014,,603,0.0955,2.4191,7.6738,0.0993,0.0199,0.2459,531,72,0.2380,-0.9555,2.4733,3.9153,1.1935,0.2430,0.2380,13,519,4,72
00-0027688,C.McCoy,WAS,2014,,123,0.0564,8.6719,7.4095,0.1048,0.0407,0.2730,100,23,0.2886,-0.9535,1.9844,3.4573,1.2421,0.4125,0.2886,2,95,0,23
00-0023436,A.Smith,KC,2014,,492,0.1231,-1.0513,5.8175,0.0545,0.0610,0.3277,428,64,0.2855,-0.9627,1.9744,1.1390,1.2482,0.1497,0.2855,5,398,0,64
00-0019596,T.Brady,NE,2014,,689,0.2242,3.4592,7.7267,0.1008,0.0160,0.1974,597,92,0.3378,-0.5128,1.8672,2.2612,0.8506,0.1664,0.3378,8,586,4,92
00-0029263,R.Wilson,SEA,2014,,595,0.1145,3.3565,8.9414,0.1434,0.0874,0.2923,495,100,0.2860,-0.7341,2.2396,2.3462,1.0201,0.1673,0.2860,8,443,2,100
00-0031266,Z.Mettenberger,TEN,2014,,145,-0.1325,0.0728,8.2137,0.1450,0.0069,0.2525,117,28,0.2150,-1.5848,3.2836,2.8349,1.7998,0.3596,0.2150,3,116,0,28
00-0022803,E.Manning,NYG,2014,,555,0.0740,1.1485,8.3586,0.1082,0.0072,0.2557,493,62,0.2013,-0.9378,2.6132,3.6940,1.1390,0.2547,0.2013,11,489,2,62
00-0029567,N.Foles,PHI,2014,,319,0.0010,-1.4446,9.8553,0.1776,0.0188,0.1841,278,41,0.0767,-0.5125,2.3216,6.6509,0.5892,0.4130,0.0767,8,272,2,41
00-0023459,A.Rodgers,GB,2014,,613,0.2735,2.2737,8.2757,0.1189,0.0440,0.2776,546,67,0.4313,-1.0130,2.3590,2.1493,1.4443,0.1908,0.4313,5,519,2,67
00-0028957,A.Davis,LA,2014,,256,-0.0698,0.5259,8.6579,0.1447,0.0195,0.2712,211,45,0.1981,-1.3264,2.1948,4.3644,1.5245,0.3277,0.1981,6,206,1,45
00-0027946,J.Locker,TEN,2014,,124,-0.0425,-2.9503,8.0100,0.1300,0.1129,0.2529,106,18,0.0944,-0.8485,2.2961,1.2264,0.9429,0.2997,0.0944,5,92,0,18
00-0021429,C.Palmer,ARI,2014,,232,0.1390,0.5555,8.9087,0.1324,0.0172,0.1924,201,31,0.2180,-0.3733,2.6183,3.0195,0.5913,0.3323,0.2180,3,197,0,31
00-0023541,K.Orton,BUF,2014,,417,-0.0572,-0.3571,6.6641,0.0990,0.0120,0.2958,364,53,0.0835,-1.0233,2.3975,2.1090,1.1068,0.2154,0.0835,9,359,0,53
00-0027939,C.Newton,CAR,2014,,532,-0.0263,-3.8362,9.6410,0.1368,0.0602,0.3015,473,59,0.1314,-1.2902,2.4605,2.9123,1.4216,0.2336,0.1314,13,441,1,59
00-0029531,R.Lindley,ARI,2014,,101,-0.1803,-12.1779,11.5417,0.1875,0.0000,0.2179,90,11,-0.1132,-0.7297,2.1795,0.7504,0.6165,0.3040,-0.1132,4,90,0,11
00-0024296,C.Whitehurst,TEN,2014,,205,-0.0097,-4.2245,9.5657,0.1486,0.0585,0.2800,173,32,0.1929,-1.1053,1.8557,1.1913,1.2982,0.2190,0.1929,1,161,1,32
00-0029665,R.Griffin,WAS,2014,,217,-0.1273,3.2745,7.6514,0.1086,0.0737,0.2721,159,58,0.0419,-0.5912,2.5040,3.3606,0.6331,0.2715,0.0419,5,143,0,58
00-0023682,R.Fitzpatrick,HOU,2014,,316,0.0885,-1.0105,8.3736,0.1026,0.0728,0.2429,261,55,0.2903,-0.8691,3.0024,1.8706,1.1593,0.2133,0.2903,3,238,4,55
00-0026143,M.Ryan,ATL,2014,,569,0.0855,2.2475,7.5649,0.0954,0.0334,0.2245,493,76,0.2189,-0.7799,2.7655,2.8857,0.9988,0.2088,0.2189,9,474,1,76
00-0020245,M.Vick,NYJ,2014,,107,-0.2954,-7.8883,8.9744,0.1282,0.1121,0.2951,79,28,0.0972,-1.4028,2.0811,1.6247,1.5000,0.2905,0.0972,1,67,1,28
00-0026898,M.Sanchez,PHI,2014,,311,0.1063,1.5656,8.4373,0.1075,0.0386,0.3126,282,29,0.2185,-0.9846,2.5894,2.0963,1.2031,0.2854,0.2185,8,270,1,29
00-0029604,K.Cousins,WAS,2014,,194,0.0195,-3.1518,8.9786,0.1230,0.0052,0.2237,180,14,0.1248,-1.3350,3.6001,3.1200,1.4598,0.4928,0.1248,8,179,0,14
00-0027973,A.Dalton,CIN,2014,,495,0.0034,1.5139,7.9176,0.1215,0.0283,0.2594,452,43,0.0833,-0.8362,2.6855,4.4529,0.9195,0.3309,0.0833,15,438,0,43
00-0025430,D.Stanton,ARI,2014,,235,0.0107,-5.6589,11.2093,0.1767,0.0383,0.1933,195,40,0.1193,-0.5186,2.5180,1.9394,0.6379,0.2478,0.1193,4,186,0,40
00-0022924,B.Roethlisberger,PIT,2014,,583,0.1707,5.7670,8.9312,0.1357,0.0120,0.3224,523,60,0.2848,-0.8236,2.2609,2.4992,1.1084,0.2144,0.2848,9,516,0,60
00-0029701,R.Tannehill,MIA,2014,,539,0.0714,3.3438,7.4728,0.0805,0.0111,0.2805,460,79,0.1923,-0.6323,1.9476,2.7014,0.8246,0.1960,0.1923,8,454,2,79
00-0026625,B.Hoyer,CLE,2014,,441,0.0122,-6.4295,10.3985,0.1589,0.0204,0.2496,384,57,0.1711,-1.0586,2.3022,1.7222,1.2297,0.1903,0.1711,9,375,2,57
00-0021206,J.McCown,TB,2014,,334,-0.1269,-3.1041,9.8986,0.1503,0.0539,0.2620,258,76,0.0490,-0.7240,2.2096,3.3692,0.7730,0.2300,0.0490,8,240,4,76
00-0026158,J.Flacco,BAL,2014,,597,0.1227,-0.4942,8.8559,0.1090,0.0184,0.2230,541,56,0.2373,-0.9849,2.4026,1.3915,1.2222,0.1711,0.2373,13,531,1,56
00-0031503,J.Winston,TB,2015,,484,0.0926,-0.4677,10.4075,0.1546,0.0640,0.1936,391,93,0.2804,-0.6971,2.3636,2.5244,0.9775,0.1822,0.2804,8,360,3,93
00-0022803,E.Manning,NYG,2015,,611,0.0728,-1.6656,7.5181,0.1002,0.0115,0.2556,547,64,0.1942,-0.9655,2.5629,4.2347,1.1597,0.2662,0.1942,12,540,1,64
00-0031237,T.Bridgewater,MIN,2015,,495,0.0262,3.3959,7.0513,0.1049,0.0485,0.2964,406,89,0.1834,-0.6909,1.9175,2.4016,0.8743,0.1781,0.1834,6,382,3,89
00-0029701,R.Tannehill,MIA,2015,,512,-0.0264,0.7621,8.5075,0.1429,0.0117,0.2705,430,82,0.1258,-0.8247,2.1152,3.2547,0.9505,0.2112,0.1258,7,424,2,82
00-0024226,J.Cutler,CHI,2015,,505,0.0653,1.7170,8.4478,0.1457,0.0257,0.2701,438,67,0.1953,-0.7845,2.7761,4.1329,0.9798,0.2608,0.1953,9,425,1,67
00-0023682,R.Fitzpatrick,NYJ,2015,,570,0.1051,-1.8280,9.3614,0.1511,0.0509,0.2136,510,60,0.2225,-0.8929,2.2716,1.9333,1.1154,0.1915,0.2225,14,481,1,60
00-0023662,M.Cassel,DAL,2015,,195,-0.1813,-4.3998,8.1429,0.1314,0.0410,0.2560,171,24,-0.0637,-1.0193,2.8110,2.9231,0.9557,0.3718,-0.0637,6,163,1,24
00-0027939,C.Newton,CAR,2015,,605,0.1332,-1.0542,10.4535,0.1468,0.0463,0.3143,534,71,0.2945,-1.0798,2.4965,2.6288,1.3742,0.2042,0.2945,11,506,0,71
00-0026498,M.Stafford,DET,2015,,577,0.0078,0.4052,6.3926,0.0948,0.0364,0.2817,490,87,0.1438,-0.7584,2.1261,3.0545,0.9022,0.1986,0.1438,10,469,3,87
00-0007091,M.Hasselbeck,IND,2015,,272,-0.0198,-3.0616,7.3373,0.0913,0.0184,0.2242,227,45,0.0959,-0.6035,1.9450,4.1128,0.6995,0.3162,0.0959,5,222,0,45
00-0021429,C.Palmer,ARI,2015,,590,0.2192,4.2761,10.9712,0.1604,0.0119,0.2095,488,102,0.3582,-0.4455,2.4087,3.5304,0.8036,0.1989,0.3582,12,481,2,102
00-0029263,R.Wilson,SEA,2015,,589,0.1996,6.4483,8.7713,0.1331,0.0951,0.2741,470,119,0.4096,-0.6300,2.0443,3.1347,1.0396,0.1752,0.4096,8,414,3,119
00-0020531,D.Brees,NO,2015,,574,0.1888,2.6111,7.9020,0.1220,0.0052,0.2642,505,69,0.2905,-0.5553,2.1566,2.7865,0.8458,0.2113,0.2905,6,502,1,69
00-0022942,P.Rivers,LAC,2015,,643,0.0703,2.7076,7.3389,0.0990,0.0140,0.2556,549,94,0.1961,-0.6642,2.2562,3.4310,0.8603,0.2015,0.1961,10,540,1,94
00-0028986,C.Keenum,LA,2015,,128,0.0986,-4.2435,8.2377,0.1311,0.0234,0.1821,115,13,0.2496,-1.2379,1.4511,0.6795,1.4876,0.2547,0.2496,0,112,1,13
00-0028118,T.Taylor,BUF,2015,,413,0.1635,2.5003,10.4243,0.1869,0.1041,0.3157,359,54,0.2848,-0.6433,2.1682,2.8331,0.9281,0.2419,0.2848,4,316,1,54
00-0027973,A.Dalton,CIN,2015,,408,0.2677,3.6483,9.1019,0.1405,0.0613,0.2894,374,34,0.4079,-1.2746,2.2142,2.6218,1.6825,0.2882,0.4079,7,349,0,34
00-0028012,R.Mallett,HOU,2015,,221,-0.1401,-8.6291,8.4140,0.0837,0.0045,0.1794,198,23,-0.0761,-0.6904,2.1360,0.6640,0.6143,0.1991,-0.0761,5,197,0,23
00-0029682,B.Osweiler,DEN,2015,,286,-0.0167,-0.9798,8.9453,0.1133,0.0385,0.2594,244,42,0.1872,-1.2018,1.9301,2.3804,1.3891,0.2541,0.1872,3,233,2,42
00-0023459,A.Rodgers,GB,2015,,701,0.0186,-1.3133,8.3596,0.1264,0.0628,0.2789,602,99,0.1916,-1.0333,1.9025,3.2966,1.2249,0.1909,0.1916,6,558,2,99
00-0019596,T.Brady,NE,2015,,679,0.1481,-1.4858,7.8394,0.1118,0.0118,0.2482,583,96,0.2920,-0.7257,2.3056,1.8830,1.0177,0.1535,0.2920,8,575,1,96
00-0032268,M.Mariota,TEN,2015,,374,0.0378,0.7976,9.0795,0.1223,0.0348,0.3087,317,57,0.2550,-1.1700,2.6428,3.6911,1.4249,0.2704,0.2550,8,304,2,57
00-0031266,Z.Mettenberger,TEN,2015,,123,-0.4223,-5.3078,7.8673,0.1150,0.0081,0.2160,97,26,-0.2325,-1.1304,2.0967,2.0375,0.8980,0.3162,-0.2325,4,96,1,26
00-0022924,B.Roethlisberger,PIT,2015,,534,0.1399,4.8601,9.5333,0.1475,0.0075,0.2901,488,46,0.2476,-1.0030,2.3015,2.3719,1.2505,0.2372,0.2476,11,484,2,46
00-0029677,B.Weeden,HOU,2015,,127,0.1842,3.6335,7.8393,0.0893,0.0551,0.2452,112,15,0.3880,-1.3377,1.6529,4.4382,1.7257,0.5573,0.3880,0,105,1,15
00-0027974,C.Kaepernick,SF,2015,,235,-0.0293,-4.2757,7.6042,0.1198,0.0894,0.2848,197,38,0.1769,-1.0980,1.7947,2.8940,1.2749,0.2920,0.1769,2,176,2,38
00-0029668,A.Luck,IND,2015,,268,-0.0711,-6.3489,9.3034,0.1538,0.0746,0.1980,217,51,0.1250,-0.9057,2.5091,2.3934,1.0307,0.2419,0.1250,7,197,4,51
00-0029567,N.Foles,LA,2015,,294,-0.2443,-6.2298,8.3791,0.1408,0.0136,0.1627,227,67,-0.0779,-0.8081,2.0567,3.5672,0.7302,0.2496,-0.0779,5,223,2,67
00-0031288,A.McCarron,CIN,2015,,159,0.0100,2.1964,8.2662,0.1583,0.0503,0.2430,130,29,0.2199,-0.9309,2.1713,4.0403,1.1508,0.3950,0.2199,1,122,1,29
00-0027948,B.Gabbert,SF,2015,,267,-0.0915,-1.1480,7.1982,0.1101,0.0712,0.2820,227,40,0.0601,-0.9524,2.6141,2.1593,1.0125,0.2559,0.0601,7,208,0,40
00-0021678,T.Romo,DAL,2015,,128,-0.1559,2.7814,7.1667,0.0667,0.0156,0.2129,112,16,-0.0430,-0.9461,4.0324,2.8866,0.9031,0.4652,-0.0430,6,110,1,16
00-0023436,A.Smith,KC,2015,,572,0.0611,-0.1129,6.8998,0.0919,0.0892,0.3114,495,77,0.2134,-0.9181,2.0508,2.4012,1.1315,0.1880,0.2134,6,444,2,77
00-0026143,M.Ryan,ATL,2015,,629,0.1047,-0.1509,7.6922,0.0731,0.0207,0.2243,547,82,0.2117,-0.6090,2.1700,2.9747,0.8207,0.2006,0.2117,15,534,1,82
00-0010346,P.Manning,DEN,2015,,441,-0.1151,-3.2063,9.4372,0.1377,0.0023,0.2556,378,63,0.0341,-1.0105,2.5934,2.7821,1.0446,0.2259,0.0341,13,377,4,63
00-0027854,S.Bradford,PHI,2015,,504,-0.0048,-0.4777,6.9808,0.1002,0.0198,0.2350,431,73,0.0880,-0.5527,2.2157,2.8335,0.6406,0.2097,0.0880,11,421,1,73
00-0029604,K.Cousins,WAS,2015,,526,0.1399,6.0117,8.0364,0.1192,0.0076,0.2388,450,76,0.3183,-0.9161,2.3044,3.7883,1.2344,0.2345,0.3183,9,446,2,76
00-0026158,J.Flacco,BAL,2015,,415,-0.0166,-0.4094,7.3325,0.1159,0.0048,0.2467,379,36,0.0975,-1.2185,2.3519,1.7222,1.3161,0.2325,0.0975,12,378,0,36
00-0031407,B.Bortles,JAX,2015,,594,-0.0190,-4.6108,9.1801,0.1379,0.0421,0.3177,516,78,0.1423,-1.0861,2.6327,3.0321,1.2284,0.2097,0.1423,15,491,0,78
00-0021206,J.McCown,CLE,2015,,319,0.0392,0.8407,7.7589,0.0887,0.0376,0.2286,260,59,0.1636,-0.5087,2.3792,3.4360,0.6722,0.2596,0.1636,3,248,1,59
00-0031409,J.Manziel,CLE,2015,,198,0.0678,-1.4473,7.9583,0.1012,0.0960,0.2247,167,31,0.2533,-0.9315,2.4362,2.7706,1.1848,0.3224,0.2533,2,148,1,31
00-0031280,D.Carr,LV,2015,,568,0.0301,-2.1427,7.9943,0.1166,0.0246,0.2919,512,56,0.1118,-0.7169,2.7086,5.5075,0.8287,0.3219,0.1118,12,498,1,56
00-0026625,B.Hoyer,HOU,2015,,355,-0.0499,-3.4574,8.8171,0.0945,0.0113,0.2745,305,50,0.1327,-1.1634,2.0904,3.4522,1.2961,0.2755,0.1327,7,301,2,50
00-0027939,C.Newton,CAR,2016,,505,-0.0461,-5.6165,10.6283,0.1370,0.0178,0.2545,423,82,0.0908,-0.7521,2.4877,2.9991,0.8428,0.2060,0.0908,10,414,2,82
00-0032156,T.Siemian,DEN,2016,,479,-0.0136,-0.1098,8.4345,0.1057,0.0292,0.2581,401,78,0.1352,-0.7783,2.3133,2.4367,0.9135,0.1924,0.1352,7,388,1,78
00-0024226,J.Cutler,CHI,2016,,136,-0.1854,-2.8684,9.8898,0.1610,0.0147,0.2729,106,30,0.0872,-1.1486,3.6739,2.1316,1.2358,0.3251,0.0872,5,104,0,30
00-0023436,A.Smith,KC,2016,,529,0.0775,1.0743,6.8508,0.0987,0.0435,0.2736,470,59,0.2157,-1.0236,2.2269,2.1914,1.2393,0.2046,0.2157,6,447,2,59
00-0026158,J.Flacco,BAL,2016,,672,-0.0325,-0.2852,7.3790,0.0924,0.0134,0.2685,597,75,0.0801,-0.9289,1.8186,3.1913,1.0089,0.2135,0.0801,12,588,2,75
00-0028118,T.Taylor,BUF,2016,,460,0.0895,1.1653,9.4803,0.1470,0.0935,0.3069,391,69,0.2073,-0.5780,1.7583,2.3715,0.7854,0.1971,0.2073,6,349,0,69
00-0028986,C.Keenum,LA,2016,,320,-0.1036,-2.6965,7.6357,0.1134,0.0219,0.2891,280,40,0.0172,-0.9489,2.8387,2.3716,0.9661,0.2635,0.0172,10,273,0,40
00-0021206,J.McCown,CLE,2016,,141,-0.1362,-2.8678,11.0806,0.2016,0.0142,0.2675,113,28,0.1145,-1.1477,2.1139,5.6094,1.2622,0.4680,0.1145,6,111,0,28
00-0029665,R.Griffin,CLE,2016,,156,0.0100,-1.7446,8.5156,0.1250,0.0705,0.2782,123,33,0.1576,-0.5400,1.9072,2.1747,0.6976,0.2853,0.1576,3,112,0,33
00-0033104,C.Kessler,CLE,2016,,189,0.0640,3.0058,7.7590,0.1265,0.0106,0.2641,145,44,0.1892,-0.3485,1.5576,2.8137,0.5377,0.2733,0.1892,1,143,1,44
00-0027854,S.Bradford,MIN,2016,,504,0.0564,4.0628,6.5522,0.0938,0.0099,0.2331,421,83,0.1927,-0.6345,1.6216,3.5840,0.8272,0.2169,0.1927,4,416,1,83
00-0029263,R.Wilson,SEA,2016,,625,0.0708,4.8356,8.3309,0.1287,0.0576,0.2601,514,111,0.2170,-0.6062,1.9364,2.0919,0.8232,0.1504,0.2170,8,478,1,111
00-0019596,T.Brady,NE,2016,,545,0.2993,3.2869,8.0331,0.1170,0.0239,0.2100,483,62,0.3896,-0.4043,2.4186,2.7908,0.7939,0.2237,0.3896,4,470,1,62
00-0020531,D.Brees,NO,2016,,621,0.1404,4.2791,7.1607,0.1066,0.0032,0.2496,556,65,0.2304,-0.6294,2.4423,4.3612,0.8598,0.2674,0.2304,12,554,0,65
00-0031568,B.Petty,NYJ,2016,,131,-0.2818,-6.0023,8.3565,0.1565,0.0229,0.2590,106,25,-0.2025,-0.6180,2.3751,3.4511,0.4155,0.4006,-0.2025,6,103,0,25
00-0031503,J.Winston,TB,2016,,578,0.1112,2.1057,10.0736,0.1124,0.0467,0.2340,487,91,0.2919,-0.8560,2.2001,3.8372,1.1479,0.2161,0.2919,13,460,2,91
00-0032268,M.Mariota,TEN,2016,,457,0.1285,1.2803,9.5061,0.1259,0.0460,0.2720,417,40,0.2681,-1.3268,2.2579,5.3138,1.5949,0.3718,0.2681,8,396,1,40
00-0029604,K.Cousins,WAS,2016,,607,0.1896,4.7841,8.8328,0.1341,0.0132,0.2142,528,79,0.2964,-0.5239,2.4181,3.1868,0.8203,0.2119,0.2964,10,520,1,79
00-0021429,C.Palmer,ARI,2016,,561,0.0327,0.8225,9.3885,0.1173,0.0071,0.2384,457,104,0.2303,-0.8358,2.0616,2.7237,1.0662,0.1752,0.2303,6,453,3,104
00-0029668,A.Luck,IND,2016,,586,0.1047,0.8873,8.2627,0.1294,0.0648,0.2348,477,109,0.3046,-0.7701,1.8935,4.6725,1.0747,0.2164,0.3046,6,439,7,109
00-0022924,B.Roethlisberger,PIT,2016,,532,0.1597,2.6753,8.2599,0.1528,0.0075,0.2312,491,41,0.2501,-0.9230,2.5438,1.6857,1.1731,0.2152,0.2501,12,487,1,41
00-0025708,M.Moore,MIA,2016,,105,0.1438,5.1261,8.5248,0.1287,0.0095,0.1700,88,17,0.2369,-0.3379,3.8632,9.0788,0.5748,0.7602,0.2369,3,87,1,17
00-0023459,A.Rodgers,GB,2016,,754,0.2168,2.7188,9.0120,0.1435,0.0597,0.2950,671,83,0.3268,-0.6720,1.7281,3.1406,0.9988,0.2010,0.3268,8,626,0,83
00-0022803,E.Manning,NYG,2016,,626,-0.0307,-2.3450,8.0781,0.1279,0.0048,0.2311,565,61,0.0721,-0.9827,2.3432,3.7465,1.0548,0.2561,0.0721,14,562,1,61
00-0023682,R.Fitzpatrick,NYJ,2016,,379,-0.0119,-3.1699,8.9884,0.1243,0.0422,0.2241,326,53,0.1019,-0.7121,2.3879,2.2630,0.8141,0.2237,0.1019,9,310,2,53
00-0027974,C.Kaepernick,SF,2016,,338,-0.0034,-4.4475,8.0916,0.1026,0.0976,0.3213,285,53,0.2295,-1.2559,2.3748,1.2560,1.4854,0.1790,0.2295,4,252,0,53
00-0032950,C.Wentz,PHI,2016,,584,0.0460,-1.3062,7.4672,0.0976,0.0325,0.2447,499,85,0.1796,-0.7381,1.6235,1.9665,0.9177,0.1624,0.1796,9,480,3,85
00-0029682,B.Osweiler,HOU,2016,,527,-0.0931,-4.4085,8.6694,0.1260,0.0304,0.2392,450,77,0.0467,-0.9102,2.2447,1.4860,0.9569,0.1558,0.0467,16,434,1,77
00-0022942,P.Rivers,LAC,2016,,584,0.0801,0.9714,8.3469,0.1089,0.0086,0.2573,491,93,0.2385,-0.7566,2.6690,4.3316,0.9951,0.2281,0.2385,16,486,4,93
00-0026625,B.Hoyer,CHI,2016,,171,0.1423,2.9593,7.0240,0.0719,0.0058,0.1729,155,16,0.2153,-0.5644,1.7617,1.0500,0.7797,0.2775,0.2153,0,154,0,16
00-0030533,M.Barkley,CHI,2016,,169,0.0063,-1.7728,9.9756,0.1524,0.0059,0.1931,154,15,0.0990,-0.9446,2.7188,4.7344,1.0436,0.5773,0.0990,9,153,1,15
00-0031280,D.Carr,LV,2016,,563,0.1383,-0.8232,7.8151,0.0962,0.0266,0.2524,531,32,0.1705,-0.3958,1.9772,5.1999,0.5664,0.4077,0.1705,5,516,1,32
00-0033106,J.Goff,LA,2016,,190,-0.5100,-11.8675,7.0909,0.0970,0.0158,0.2808,145,45,-0.2671,-1.2926,2.4045,3.3954,1.0255,0.3034,-0.2671,6,142,1,45
00-0033077,D.Prescott,DAL,2016,,530,0.2269,3.4592,8.4768,0.0949,0.0528,0.2554,463,67,0.3670,-0.7412,1.9043,3.3078,1.1083,0.2313,0.3670,5,435,0,67
00-0026498,M.Stafford,DET,2016,,636,0.1497,-0.0780,7.2951,0.0990,0.0393,0.2772,562,74,0.2491,-0.6053,1.8710,3.1922,0.8544,0.2156,0.2491,7,537,1,74
00-0029701,R.Tannehill,MIA,2016,,390,0.0709,5.0205,8.0228,0.1197,0.0359,0.2382,320,70,0.2698,-0.8384,2.3043,3.8062,1.1083,0.2481,0.2698,5,306,4,70
00-0027948,B.Gabbert,SF,2016,,134,-0.2465,-5.2978,8.9561,0.1053,0.1119,0.2140,122,12,-0.1453,-1.2754,2.6135,0.2443,1.1301,0.2044,-0.1453,5,107,0,12
00-0026143,M.Ryan,ATL,2016,,647,0.3563,7.8176,8.9182,0.1244,0.0247,0.2348,526,121,0.5506,-0.4881,2.2007,2.0948,1.0387,0.1466,0.5506,6,510,0,121
00-0031407,B.Bortles,JAX,2016,,607,-0.0673,-4.8174,8.1556,0.1148,0.0544,0.2645,527,80,0.0440,-0.8006,2.2197,3.0134,0.8446,0.2046,0.0440,13,494,1,80
00-0027973,A.Dalton,CIN,2016,,562,0.1124,2.0938,8.0039,0.1201,0.0338,0.3103,501,61,0.2377,-0.9167,1.9740,2.0123,1.1544,0.1922,0.2377,5,482,2,61
00-0026625,B.Hoyer,SF,2017,,209,-0.1613,-7.0198,7.7539,0.0838,0.0048,0.2549,174,35,0.0055,-0.9908,2.0317,2.3118,0.9963,0.2788,0.0055,3,173,1,35
00-0029604,K.Cousins,WAS,2017,,536,0.0225,0.7139,7.9247,0.1130,0.0410,0.2654,451,85,0.1802,-0.8138,2.6588,4.1422,0.9940,0.2337,0.1802,8,429,2,85
00-0031345,J.Garoppolo,SF,2017,,180,0.2990,6.1188,8.9172,0.0888,0.0167,0.2171,158,22,0.3588,-0.1303,2.0921,3.7671,0.4892,0.4295,0.3588,4,155,1,22
00-0023682,R.Fitzpatrick,TB,2017,,147,0.0064,-2.9222,9.4135,0.1203,0.0612,0.1694,120,27,0.0580,-0.2232,1.7945,3.0691,0.2813,0.3586,0.0580,2,111,0,27
00-0032950,C.Wentz,PHI,2017,,455,0.1975,-0.1020,9.6675,0.1450,0.0637,0.2385,384,71,0.3387,-0.5663,2.0155,4.2140,0.9050,0.2542,0.3387,5,355,1,71
00-0021429,C.Palmer,ARI,2017,,249,0.0220,-0.4085,9.0789,0.1140,0.0040,0.2473,199,50,0.1501,-0.4876,1.9930,3.2683,0.6377,0.2746,0.1501,4,198,2,50
00-0033077,D.Prescott,DAL,2017,,476,0.0079,-0.6864,7.9524,0.0857,0.0630,0.2305,406,70,0.1179,-0.6298,2.4828,2.8753,0.7477,0.2172,0.1179,7,376,3,70
00-0033106,J.Goff,LA,2017,,505,0.1385,-2.1289,8.1130,0.1109,0.0198,0.2534,437,68,0.2942,-0.8620,2.5397,2.2801,1.1562,0.1984,0.2942,7,427,0,68
00-0027948,B.Gabbert,ARI,2017,,193,-0.2666,-8.3621,9.4654,0.1321,0.0674,0.3126,163,30,-0.0553,-1.4142,2.5652,2.7340,1.3589,0.3269,-0.0553,6,150,0,30
00-0022803,E.Manning,NYG,2017,,530,-0.0864,-4.2073,7.2211,0.1034,0.0075,0.2919,471,59,0.0540,-1.2073,1.7579,3.5762,1.2614,0.2537,0.0540,9,467,1,59
00-0029263,R.Wilson,SEA,2017,,596,0.0182,3.3187,9.6873,0.1574,0.0789,0.2485,479,117,0.2074,-0.7563,2.0501,2.6907,0.9637,0.1652,0.2074,8,432,3,117
00-0024226,J.Cutler,MIA,2017,,358,-0.1054,-0.2185,7.8437,0.1298,0.0140,0.2554,328,30,-0.0226,-1.0115,2.5745,0.7453,0.9890,0.1808,-0.0226,12,323,0,30
00-0027939,C.Newton,CAR,2017,,565,0.0450,-1.6788,8.5605,0.1169,0.0549,0.2939,494,71,0.1932,-0.9859,2.1574,2.3624,1.1791,0.1940,0.1932,10,463,3,71
00-0026143,M.Ryan,ATL,2017,,600,0.1375,2.6734,8.8919,0.1279,0.0300,0.2085,503,97,0.2771,-0.5866,1.9950,3.0715,0.8637,0.1888,0.2771,11,485,1,97
00-0026158,J.Flacco,BAL,2017,,528,-0.1260,-2.2659,6.8343,0.0929,0.0114,0.2699,471,57,-0.0337,-0.8888,2.2987,1.4439,0.8551,0.1738,-0.0337,13,465,0,57
00-0020531,D.Brees,NO,2017,,554,0.1471,2.6619,6.8883,0.1117,0.0090,0.2452,498,56,0.2689,-0.9360,2.3399,3.2736,1.2050,0.2513,0.2689,8,493,3,56
00-0028986,C.Keenum,MIN,2017,,559,0.1611,3.5991,7.5386,0.1120,0.0304,0.2068,475,84,0.2702,-0.4557,2.1700,2.6023,0.7260,0.1885,0.2702,7,458,1,84
00-0027973,A.Dalton,CIN,2017,,499,-0.0320,-1.2135,8.1557,0.1140,0.0220,0.3213,446,53,0.1265,-1.3657,2.4561,2.4361,1.4922,0.2269,0.1265,10,435,1,53
00-0026498,M.Stafford,DET,2017,,588,0.0811,1.2643,8.1921,0.1168,0.0272,0.2916,506,82,0.2987,-1.2612,2.4338,3.7745,1.5599,0.2255,0.2987,6,490,3,82
00-0033537,D.Watson,HOU,2017,,206,0.2389,3.0441,10.2674,0.1628,0.0825,0.2667,173,33,0.4480,-0.8569,2.9251,3.2825,1.3049,0.3411,0.4480,5,156,1,33
00-0031589,B.Hundley,GB,2017,,297,-0.1171,-3.9509,7.1865,0.1190,0.0707,0.2786,249,48,0.0860,-1.1709,2.2074,0.8751,1.2569,0.1646,0.0860,7,228,1,48
00-0022924,B.Roethlisberger,PIT,2017,,596,0.1387,2.8019,8.6893,0.1339,0.0168,0.2359,531,65,0.2587,-0.8411,2.2005,3.1672,1.0997,0.2299,0.2587,11,521,2,65
00-0033936,C.Beathard,SF,2017,,210,-0.1939,-8.0605,7.8743,0.1202,0.0524,0.2252,163,47,0.0011,-0.8700,3.3471,2.4160,0.8710,0.2682,0.0011,6,152,0,47
00-0031503,J.Winston,TB,2017,,476,0.1054,4.9681,10.7363,0.1449,0.0462,0.2748,407,69,0.3062,-1.0791,2.2109,3.8276,1.3854,0.2468,0.3062,9,385,0,69
00-0031407,B.Bortles,JAX,2017,,604,0.0677,-3.4180,7.8535,0.1117,0.0447,0.2366,516,88,0.1984,-0.6989,2.2026,2.3529,0.8974,0.1761,0.1984,11,489,2,88
00-0021206,J.McCown,NYJ,2017,,409,0.0447,5.2474,7.7000,0.1083,0.0318,0.2765,333,76,0.2359,-0.7928,2.1963,3.1711,1.0286,0.2198,0.2359,7,320,1,76
00-0032268,M.Mariota,TEN,2017,,541,-0.0034,1.7453,9.2255,0.1211,0.0518,0.2841,473,68,0.0730,-0.5350,2.3455,2.2246,0.6080,0.1941,0.0730,14,445,0,68
00-0019596,T.Brady,NE,2017,,696,0.2472,3.2468,9.0061,0.1334,0.0115,0.2512,605,91,0.3865,-0.6791,1.6968,3.3159,1.0656,0.1981,0.3865,6,597,1,91
00-0033869,M.Trubisky,CHI,2017,,315,-0.0698,-4.3601,7.9963,0.1004,0.0571,0.2974,264,51,0.1122,-1.0122,1.6626,2.5906,1.1244,0.2389,0.1122,4,246,0,51
00-0025708,M.Moore,MIA,2017,,109,0.0247,2.8597,8.7449,0.1224,0.0183,0.2189,84,25,0.0378,-0.0192,2.2206,2.6517,0.0570,0.3640,0.0378,2,82,0,25
00-0025430,D.Stanton,ARI,2017,,143,-0.1237,-7.6311,10.5809,0.1250,0.0070,0.1784,113,30,0.0009,-0.5932,2.3439,0.9828,0.5941,0.2313,0.0009,4,112,0,30
00-0031280,D.Carr,LV,2017,,438,-0.0121,-0.5239,8.5631,0.1359,0.0183,0.2598,397,41,0.1185,-1.2770,2.5322,2.2041,1.3955,0.2452,0.1185,7,389,3,41
00-0033899,D.Kizer,CLE,2017,,445,-0.1850,-4.3706,9.3449,0.1818,0.0854,0.2594,360,85,0.0137,-1.0266,2.5270,3.2956,1.0403,0.2140,0.0137,14,322,2,85
00-0022942,P.Rivers,LAC,2017,,555,0.1877,0.8767,8.3209,0.1194,0.0036,0.1933,486,69,0.2907,-0.5379,2.1081,2.2901,0.8286,0.1937,0.2907,5,484,3,69
00-0032156,T.Siemian,DEN,2017,,313,-0.1511,-2.1742,8.8141,0.1190,0.0511,0.2948,261,52,0.0239,-1.0294,2.3905,2.6424,1.0533,0.2449,0.0239,9,245,2,52
00-0033119,J.Brissett,IND,2017,,493,-0.0457,-4.8278,7.6122,0.0951,0.0751,0.2966,400,93,0.1861,-1.0426,2.2606,2.7388,1.2287,0.1874,0.1861,5,363,1,93
00-0031064,T.Savage,HOU,2017,,229,-0.1851,-3.7188,8.7452,0.1154,0.0087,0.2472,179,50,0.1312,-1.3171,1.8772,6.3412,1.4482,0.3706,0.1312,3,177,2,50
00-0028118,T.Taylor,BUF,2017,,491,0.0276,0.2375,8.4054,0.1425,0.0855,0.3134,412,79,0.1816,-0.7758,1.6407,2.6542,0.9574,0.1939,0.1816,4,370,1,79
00-0023459,A.Rodgers,GB,2017,,243,0.0261,-0.6446,7.0048,0.0865,0.0576,0.2925,208,35,0.1886,-0.9395,2.4093,2.9516,1.1280,0.3097,0.1886,6,194,0,35
00-0023436,A.Smith,KC,2017,,595,0.1886,5.3736,7.6833,0.1267,0.0571,0.3000,519,76,0.3278,-0.7617,2.1730,1.9205,1.0895,0.1716,0.3278,4,485,0,76
00-0029682,B.Osweiler,DEN,2017,,147,-0.0226,-3.1951,9.2016,0.1550,0.0612,0.2054,120,27,0.2780,-1.3586,2.0472,6.3877,1.6366,0.5036,0.2780,1,111,3,27
00-0030520,M.Glennon,CHI,2017,,116,-0.2629,1.1802,5.5234,0.0374,0.0086,0.2171,94,22,0.0490,-1.5954,1.9152,6.1830,1.6444,0.5490,0.0490,3,93,2,22
00-0029567,N.Foles,PHI,2017,,208,0.1706,3.0662,8.4925,0.1307,0.0000,0.1671,175,33,0.3262,-0.6548,1.9204,2.0771,0.9810,0.2719,0.3262,2,175,1,33
00-0034857,J.Allen,BUF,2018,,335,-0.0288,-7.3204,11.1119,0.2052,0.1313,0.2413,275,60,0.0962,-0.6015,1.9605,4.0114,0.6977,0.2720,0.0962,5,231,5,60
00-0019596,T.Brady,NE,2018,,668,0.1902,0.5074,7.6981,0.1053,0.0075,0.1983,605,63,0.2804,-0.6763,2.0738,2.9830,0.9566,0.2253,0.2804,8,600,2,63
00-0029668,A.Luck,IND,2018,,687,0.1259,0.9106,7.5743,0.1080,0.0349,0.2029,607,80,0.2258,-0.6321,2.2752,2.8633,0.8579,0.1988,0.2258,13,583,2,80
00-0028118,T.Taylor,CLE,2018,,104,-0.1740,-12.3168,10.0610,0.1951,0.0865,0.2658,80,24,0.0520,-0.9274,2.6154,0.7847,0.9794,0.2557,0.0520,2,71,0,24
00-0033936,C.Beathard,SF,2018,,179,-0.1146,-5.9814,6.5166,0.0795,0.0615,0.2522,141,38,0.0940,-0.8887,3.1366,7.1060,0.9827,0.4574,0.0940,4,130,2,38
00-0034869,S.Darnold,NYJ,2018,,396,-0.0422,-4.3652,9.1453,0.1425,0.0328,0.3096,357,39,0.0466,-0.8552,2.8633,3.1569,0.9018,0.2983,0.0466,12,344,1,39
00-0033537,D.Watson,HOU,2018,,602,0.0755,3.9775,8.4679,0.1118,0.0947,0.3100,481,121,0.3388,-0.9710,2.0728,1.8639,1.3098,0.1404,0.3388,6,424,4,121
00-0027973,A.Dalton,CIN,2018,,379,0.0969,-2.9531,8.0462,0.0954,0.0317,0.2804,342,37,0.2100,-0.9481,2.2433,3.0846,1.1581,0.2999,0.2100,8,330,1,37
00-0031407,B.Bortles,JAX,2018,,391,-0.0865,-6.8403,6.8114,0.0988,0.0818,0.2644,333,58,0.0563,-0.9066,2.5115,1.7960,0.9629,0.1962,0.0563,7,301,1,58
00-0034855,B.Mayfield,CLE,2018,,459,0.0529,1.0365,9.3077,0.1418,0.0327,0.2943,416,43,0.1872,-1.2462,2.5135,2.6101,1.4334,0.2583,0.1872,10,401,2,43
00-0023436,A.Smith,WAS,2018,,330,-0.0080,-1.1309,8.0068,0.0956,0.0545,0.2447,281,49,0.1792,-1.0820,1.8902,3.4533,1.2612,0.2779,0.1792,3,263,1,49
00-0033077,D.Prescott,DAL,2018,,611,0.0763,1.6362,7.6023,0.1032,0.0393,0.3155,508,103,0.2306,-0.6850,2.1579,2.4487,0.9156,0.1674,0.2306,8,484,0,103
00-0032950,C.Wentz,PHI,2018,,412,0.1156,5.3160,8.0109,0.1144,0.0364,0.2662,342,70,0.3328,-0.9455,2.1309,3.9092,1.2784,0.2492,0.3328,5,327,0,70
00-0031345,J.Garoppolo,SF,2018,,104,0.0578,-5.3796,8.7647,0.1412,0.0481,0.2767,84,20,0.2738,-0.8492,2.1783,1.2182,1.1230,0.2947,0.2738,2,79,0,20
00-0022942,P.Rivers,LAC,2018,,555,0.1866,3.5511,7.9175,0.1179,0.0108,0.2466,464,91,0.3362,-0.5761,2.4047,2.9560,0.9123,0.1941,0.3362,6,458,4,91
00-0029682,B.Osweiler,MIA,2018,,164,-0.0768,-3.5051,8.0541,0.1216,0.0183,0.2462,138,26,0.0569,-0.7862,2.7534,2.1517,0.8431,0.3205,0.0569,4,135,0,26
00-0033319,N.Mullens,SF,2018,,239,0.1657,2.0611,7.3527,0.0804,0.0000,0.2037,184,55,0.3617,-0.4898,2.4701,2.3567,0.8515,0.2372,0.3617,4,184,2,55
00-0022924,B.Roethlisberger,PIT,2018,,693,0.1869,1.9351,7.8323,0.1235,0.0144,0.2246,625,68,0.2746,-0.6195,2.2276,4.2209,0.8941,0.2562,0.2746,13,615,3,68
00-0020531,D.Brees,NO,2018,,556,0.2407,5.8124,7.2830,0.1132,0.0072,0.2518,502,54,0.3291,-0.5811,1.7908,3.9545,0.9102,0.2771,0.3291,4,498,3,54
00-0026158,J.Flacco,BAL,2018,,367,0.0765,-2.1182,8.6695,0.1351,0.0136,0.2270,331,36,0.1730,-0.8106,1.8143,1.4576,0.9836,0.2144,0.1730,5,327,1,36
00-0032268,M.Mariota,TEN,2018,,387,0.0760,3.4724,7.7855,0.1073,0.0827,0.3426,331,56,0.2672,-1.0541,2.2811,2.7310,1.3214,0.2359,0.2672,7,299,1,56
00-0026143,M.Ryan,ATL,2018,,566,0.1581,3.2188,8.9961,0.1333,0.0247,0.2690,473,93,0.3239,-0.6848,2.2942,3.7389,1.0087,0.2123,0.3239,7,459,0,93
00-0034796,L.Jackson,BAL,2018,,213,-0.0867,-7.7369,8.6069,0.0867,0.0939,0.3091,182,31,0.1823,-1.6661,2.0073,3.7214,1.8484,0.3620,0.1823,4,162,0,31
00-0031280,D.Carr,LV,2018,,538,0.0237,2.8975,7.0835,0.1079,0.0093,0.3235,467,71,0.2148,-1.2336,2.0386,4.4884,1.4485,0.2600,0.2148,7,462,2,71
00-0033106,J.Goff,LA,2018,,677,0.1605,0.7123,8.7857,0.1104,0.0310,0.2728,589,88,0.3177,-0.8915,1.9848,3.1525,1.2093,0.1980,0.3177,13,568,0,88
00-0026498,M.Stafford,DET,2018,,509,-0.0196,-2.7898,6.6371,0.0907,0.0216,0.2922,440,69,0.1301,-0.9744,2.3330,3.5344,1.1045,0.2378,0.1301,8,429,1,69
00-0033873,P.Mahomes,KC,2018,,681,0.3633,4.0086,9.3323,0.1573,0.0441,0.1978,569,112,0.5137,-0.4005,2.2641,3.4171,0.9142,0.1857,0.5137,6,539,5,112
00-0028986,C.Keenum,DEN,2018,,569,-0.0467,-1.7767,7.6310,0.1185,0.0211,0.2481,480,89,0.0970,-0.8220,1.9333,2.2626,0.9190,0.1716,0.0970,10,468,2,89
00-0031503,J.Winston,TB,2018,,410,0.1140,1.4057,10.7666,0.1066,0.0805,0.2850,356,54,0.2153,-0.5537,2.4382,4.2582,0.7690,0.2928,0.2153,12,323,0,54
00-0029701,R.Tannehill,MIA,2018,,289,-0.1360,-0.7143,8.1299,0.1299,0.0208,0.2642,221,68,0.1454,-1.0504,2.1484,5.7236,1.1958,0.3064,0.1454,6,215,2,68
00-0027939,C.Newton,CAR,2018,,491,0.0532,2.4168,7.2110,0.0826,0.0489,0.2862,434,57,0.2198,-1.2150,1.9804,2.1865,1.4348,0.2072,0.2198,9,410,3,57
00-0023459,A.Rodgers,GB,2018,,618,0.0959,-1.1506,8.7389,0.1444,0.0469,0.3057,530,88,0.2754,-0.9852,1.7948,1.9105,1.2606,0.1584,0.2754,2,501,0,88
00-0029604,K.Cousins,MIN,2018,,550,-0.0145,2.5316,7.2980,0.1080,0.0236,0.2705,468,82,0.1164,-0.7618,2.4883,3.4342,0.8783,0.2172,0.1164,8,455,0,82
00-0032436,J.Driskel,CIN,2018,,163,-0.1064,-7.5910,7.6475,0.1151,0.0552,0.2585,134,29,0.0694,-0.9186,1.5045,1.6767,0.9880,0.2628,0.0694,1,126,1,29
00-0023682,R.Fitzpatrick,TB,2018,,253,0.1436,3.8634,10.4318,0.1455,0.0751,0.2061,208,45,0.2589,-0.3896,3.6524,3.4966,0.6485,0.3086,0.2589,10,189,1,45
00-0022803,E.Manning,NYG,2018,,542,0.0118,0.1378,7.3638,0.1199,0.0055,0.3061,460,82,0.2160,-1.1341,2.3938,2.1871,1.3501,0.1785,0.2160,11,457,0,82
00-0033869,M.Trubisky,CHI,2018,,516,0.1542,1.5240,8.9314,0.1549,0.0717,0.2771,467,49,0.2418,-0.6801,2.2609,2.1661,0.9219,0.2215,0.2418,12,430,0,49
00-0033104,C.Kessler,JAX,2018,,142,-0.1431,5.9522,6.5688,0.0734,0.0986,0.2817,107,35,0.1305,-0.9794,1.2813,5.0287,1.1099,0.3945,0.1305,1,93,1,35
00-0029567,N.Foles,PHI,2018,,264,0.0855,2.2693,7.2421,0.1032,0.0076,0.1952,230,34,0.1362,-0.2577,2.2107,4.6892,0.3940,0.3841,0.1362,6,228,1,34
00-0029263,R.Wilson,SEA,2018,,475,0.1320,6.3342,9.2921,0.1856,0.0526,0.3111,388,87,0.3958,-1.0446,2.8534,2.1547,1.4404,0.1792,0.3958,6,363,1,87
00-0034343,J.Rosen,ARI,2018,,389,-0.2891,-9.4722,8.3215,0.1239,0.0360,0.2871,317,72,-0.0764,-1.2253,2.8321,2.3477,1.1489,0.2038,-0.0764,10,303,2,72
00-0035577,D.Hodges,PIT,2019,,175,-0.0928,2.7644,7.3947,0.1447,0.0457,0.2810,150,25,0.1168,-1.3500,2.8687,1.3461,1.4667,0.2701,0.1168,7,142,0,25
00-0033873,P.Mahomes,KC,2019,,618,0.3122,2.4907,8.6720,0.1390,0.0583,0.2194,553,65,0.3832,-0.2921,2.1145,3.3125,0.6753,0.2341,0.3832,6,517,0,65
00-0033106,J.Goff,LA,2019,,575,0.0988,-1.7141,7.8202,0.0954,0.0174,0.2113,508,67,0.2204,-0.8226,2.3013,4.8953,1.0430,0.2786,0.2204,13,498,1,67
00-0035704,D.Lock,DEN,2019,,149,0.1396,3.3332,7.1259,0.1185,0.0738,0.1700,132,17,0.1899,-0.2510,1.8300,5.1394,0.4409,0.5623,0.1899,2,121,1,17
00-0031345,J.Garoppolo,SF,2019,,569,0.1549,1.8357,6.7529,0.0642,0.0228,0.2906,488,81,0.3418,-0.9714,2.6493,3.2480,1.3132,0.2134,0.3418,13,475,2,81
00-0029701,R.Tannehill,TEN,2019,,334,0.1886,6.3761,9.7143,0.1533,0.0479,0.2916,273,61,0.4529,-0.9944,2.9086,4.6211,1.4473,0.2940,0.4529,4,257,1,61
00-0033869,M.Trubisky,CHI,2019,,505,-0.0664,-2.8342,7.9047,0.1197,0.0416,0.3092,441,64,0.0881,-1.1314,1.9106,1.7433,1.2195,0.1777,0.0881,9,420,1,64
00-0034771,M.Rudolph,PIT,2019,,291,-0.1001,-1.7606,8.3955,0.1455,0.0309,0.2149,250,41,0.0024,-0.7246,2.6258,2.6363,0.7269,0.2735,0.0024,7,241,1,41
00-0023459,A.Rodgers,GB,2019,,646,0.1271,1.3065,8.6770,0.1718,0.0402,0.2734,562,84,0.2590,-0.7555,2.0548,2.8992,1.0145,0.1954,0.2590,5,536,0,84
00-0034796,L.Jackson,BAL,2019,,465,0.3106,3.2823,9.1675,0.1475,0.0860,0.2737,415,50,0.4111,-0.5237,2.2277,3.1102,0.9348,0.2599,0.4111,5,375,1,50
00-0034857,J.Allen,BUF,2019,,571,0.0069,-2.0213,9.2845,0.1505,0.0788,0.2750,480,91,0.2041,-1.0336,1.8566,3.0582,1.2377,0.1936,0.2041,7,435,2,91
00-0035232,D.Haskins,WAS,2019,,205,-0.2189,-3.8065,8.9405,0.1369,0.0488,0.3132,163,42,0.0919,-1.4251,1.6985,3.8546,1.5170,0.3197,0.0919,2,153,2,42
00-0026143,M.Ryan,ATL,2019,,591,0.0607,1.1037,8.3038,0.0925,0.0321,0.2433,477,114,0.2204,-0.6076,2.1135,3.4625,0.8280,0.1866,0.2204,11,458,1,114
00-0028986,C.Keenum,WAS,2019,,222,-0.1048,-1.9084,7.4069,0.0980,0.0135,0.2349,188,34,0.1387,-1.4508,2.5238,4.2442,1.5894,0.3718,0.1387,3,185,2,34
00-0031280,D.Carr,LV,2019,,496,0.1340,5.4345,6.4868,0.0789,0.0262,0.3046,451,45,0.2324,-0.8526,2.7900,1.6365,1.0851,0.2063,0.2324,7,438,0,45
00-0035289,G.Minshew,JAX,2019,,484,0.0043,-4.8072,7.0539,0.0980,0.0909,0.2992,429,55,0.1132,-0.8452,1.6749,4.1855,0.9584,0.2829,0.1132,3,385,0,55
00-0035710,D.Jones,NYG,2019,,441,-0.0166,-1.5687,8.0684,0.1105,0.0544,0.2512,350,91,0.2546,-1.0594,2.5874,4.1236,1.3140,0.2296,0.2546,7,326,2,91
00-0020531,D.Brees,NO,2019,,392,0.2320,6.8305,6.4907,0.0796,0.0026,0.2295,357,35,0.3604,-1.0775,1.6335,2.1136,1.4380,0.2549,0.3604,4,356,1,35
00-0031503,J.Winston,TB,2019,,640,0.0803,1.5237,10.1064,0.1755,0.0516,0.2786,545,95,0.2802,-1.0664,2.8580,4.5690,1.3466,0.2310,0.2802,22,512,4,95
00-0022942,P.Rivers,LAC,2019,,574,0.0984,3.5013,8.3675,0.1306,0.0087,0.2465,486,88,0.2596,-0.7924,2.1446,6.4635,1.0521,0.2790,0.2596,12,481,4,88
00-0035228,K.Murray,ARI,2019,,544,0.0041,-1.3696,7.4557,0.1287,0.0478,0.3652,486,58,0.1162,-0.9347,2.4271,1.6508,1.0509,0.1829,0.1162,10,460,0,58
00-0032268,M.Mariota,TEN,2019,,172,-0.0461,-5.6293,6.9858,0.0851,0.0640,0.2863,136,36,0.2177,-1.0426,2.2216,1.1033,1.2603,0.2168,0.2177,2,125,0,36
00-0033119,J.Brissett,IND,2019,,457,0.0388,-2.4635,7.8025,0.0875,0.0700,0.2364,386,71,0.2073,-0.8775,1.9613,2.4827,1.0848,0.2001,0.2073,5,354,0,71
00-0026498,M.Stafford,DET,2019,,306,0.2569,1.8822,10.8179,0.2000,0.0294,0.2607,271,35,0.4127,-0.9490,2.3184,3.2748,1.3617,0.3196,0.4127,4,262,0,35
00-0033537,D.Watson,HOU,2019,,606,0.1463,3.0015,8.9365,0.1488,0.0792,0.3253,511,95,0.3257,-0.8187,2.1396,3.0119,1.1444,0.1895,0.3257,8,463,2,95
00-0035040,D.Blough,DET,2019,,159,-0.2306,-14.7444,8.4429,0.1357,0.0377,0.2730,138,21,-0.0504,-1.4154,2.7563,1.1926,1.3651,0.2771,-0.0504,4,132,1,21
00-0034869,S.Darnold,NYJ,2019,,410,-0.0142,2.1847,8.2151,0.1156,0.0195,0.2708,348,62,0.1487,-0.9283,2.1617,3.2919,1.0770,0.2435,0.1487,10,340,2,62
00-0029604,K.Cousins,MIN,2019,,493,0.1481,3.7352,7.6167,0.1454,0.0183,0.2667,427,66,0.2741,-0.6674,2.3362,4.1302,0.9415,0.2609,0.2741,7,418,0,66
00-0027973,A.Dalton,CIN,2019,,452,-0.0821,-3.1515,8.2141,0.0900,0.0177,0.3187,398,54,0.0874,-1.3315,2.3993,3.1425,1.4189,0.2534,0.0874,9,390,2,54
00-0023682,R.Fitzpatrick,MIA,2019,,494,0.0888,-1.3461,9.1605,0.1140,0.0607,0.2241,397,97,0.2500,-0.5711,2.1830,2.0602,0.8211,0.1635,0.2500,7,367,3,97
00-0029263,R.Wilson,SEA,2019,,603,0.1454,7.0764,9.1531,0.1511,0.0813,0.2693,484,119,0.3680,-0.7601,2.3175,2.6788,1.1281,0.1652,0.3680,3,435,1,119
00-0033077,D.Prescott,DAL,2019,,570,0.1843,1.0247,9.4049,0.1224,0.0281,0.2131,492,78,0.2756,-0.3917,2.1867,3.6356,0.6673,0.2260,0.2756,8,476,2,78
00-0019596,T.Brady,NE,2019,,627,-0.0061,-3.2176,7.4558,0.1002,0.0048,0.2122,543,84,0.1570,-1.0602,2.4327,1.6857,1.2172,0.1567,0.1570,7,540,2,84
00-0032950,C.Wentz,PHI,2019,,628,0.0491,-1.0872,7.8018,0.1232,0.0446,0.2615,534,94,0.1988,-0.8019,1.8068,2.6989,1.0008,0.1792,0.1988,2,506,2,94
00-0026158,J.Flacco,DEN,2019,,259,-0.0776,-0.3834,6.7056,0.0909,0.0193,0.3042,222,37,0.1556,-1.4771,2.2755,2.7894,1.6327,0.2926,0.1556,5,217,0,37
00-0022803,E.Manning,NYG,2019,,128,-0.0455,-2.2572,7.8607,0.1230,0.0078,0.2140,116,12,0.1088,-1.5367,2.6321,1.7589,1.6455,0.4114,0.1088,4,115,0,12
00-0034855,B.Mayfield,CLE,2019,,516,0.0114,-2.9866,8.2548,0.1349,0.0291,0.3136,462,54,0.1290,-0.9942,2.5106,2.6096,1.1232,0.2319,0.1290,15,447,1,54
00-0031237,T.Bridgewater,NO,2019,,196,0.1215,1.3925,6.3908,0.0862,0.0561,0.2563,176,20,0.2140,-0.6922,1.5718,1.8949,0.9062,0.3220,0.2140,2,165,0,20
00-0034577,K.Allen,CAR,2019,,459,-0.0576,-0.4149,8.2264,0.1219,0.0283,0.3216,387,72,0.1866,-1.3703,2.2327,3.6625,1.5569,0.2380,0.1866,12,374,2,72
00-0032436,J.Driskel,DET,2019,,118,-0.0260,-2.6314,8.4433,0.1237,0.0847,0.2293,92,26,0.2198,-0.8960,2.3466,0.5380,1.1158,0.2149,0.2198,4,82,0,26
00-0029263,R.Wilson,SEA,2020,,635,0.1009,6.3327,8.8352,0.1199,0.0819,0.2710,522,113,0.2466,-0.5722,2.5151,2.5413,0.8188,0.1652,0.2466,12,470,0,113
00-0026158,J.Flacco,NYJ,2020,,105,-0.0650,-2.7329,10.4062,0.1667,0.0381,0.1848,84,21,0.1216,-0.8115,2.5202,1.5556,0.9332,0.3226,0.1216,3,80,0,21
00-0033869,M.Trubisky,CHI,2020,,305,0.0885,1.7578,8.0443,0.1070,0.0557,0.2602,267,38,0.2485,-1.0357,2.0663,3.2448,1.2842,0.3052,0.2485,6,250,1,38
00-0034857,J.Allen,BUF,2020,,703,0.2397,5.6779,8.4836,0.1189,0.0469,0.2547,620,83,0.3602,-0.6608,1.8914,1.8956,1.0210,0.1609,0.3602,9,587,1,83
00-0033077,D.Prescott,DAL,2020,,209,0.0600,-0.3907,7.8421,0.1263,0.0383,0.2263,181,28,0.2159,-0.9484,2.5124,5.9677,1.1643,0.4765,0.2159,3,173,1,28
00-0035710,D.Jones,NYG,2020,,452,-0.0464,-1.7246,7.3706,0.0863,0.0420,0.2762,367,85,0.1826,-1.0351,1.8932,3.7592,1.2177,0.2222,0.1826,7,348,3,85
00-0020531,D.Brees,NO,2020,,440,0.0865,-0.2854,5.9882,0.0447,0.0045,0.1882,389,51,0.2105,-0.8589,2.5330,2.9558,1.0694,0.2539,0.2105,8,387,1,51
00-0026498,M.Stafford,DET,2020,,489,0.1410,-0.6668,8.8367,0.1230,0.0286,0.2557,431,58,0.2470,-0.6460,2.5490,2.4600,0.8930,0.2198,0.2470,10,417,0,58
00-0032434,B.Allen,CIN,2020,,146,-0.0462,-1.9328,6.6397,0.1176,0.0342,0.1877,126,20,0.0628,-0.7332,2.6019,2.3135,0.7960,0.3692,0.0628,2,121,1,20
00-0030520,M.Glennon,JAX,2020,,173,-0.1618,-3.7432,8.2357,0.1210,0.0231,0.2348,153,20,-0.0383,-1.1064,2.0543,3.2252,1.0681,0.4180,-0.0383,4,149,1,20
00-0022942,P.Rivers,IND,2020,,564,0.1661,0.3502,7.2891,0.0902,0.0018,0.2339,509,55,0.2388,-0.5064,2.0812,4.0396,0.7452,0.2785,0.2388,10,508,1,55
00-0023682,R.Fitzpatrick,MIA,2020,,272,0.1881,3.0154,7.7602,0.0772,0.0478,0.2126,230,42,0.2036,0.1034,2.0837,2.1065,0.1002,0.2433,0.2036,7,217,0,42
00-0031345,J.Garoppolo,SF,2020,,145,0.1774,0.4918,6.3206,0.0763,0.0207,0.2427,121,24,0.3175,-0.5289,2.1550,3.3252,0.8464,0.3954,0.3175,5,118,0,24
00-0022924,B.Roethlisberger,PIT,2020,,653,0.0451,-1.1059,6.9589,0.1060,0.0046,0.1726,589,64,0.1114,-0.5651,1.9342,3.5560,0.6765,0.2426,0.1114,11,586,2,64
00-0032950,C.Wentz,PHI,2020,,452,-0.1564,-4.0721,8.8089,0.1309,0.0442,0.2837,353,99,0.1252,-1.1606,2.0821,2.3249,1.2858,0.1714,0.1252,10,333,2,99
00-0034855,B.Mayfield,CLE,2020,,578,0.2014,2.5939,8.3276,0.1143,0.0467,0.2901,528,50,0.3154,-1.0016,2.1320,3.0187,1.3170,0.2538,0.3154,6,501,1,50
00-0023459,A.Rodgers,GB,2020,,599,0.3423,6.3007,7.8065,0.1483,0.0384,0.2564,550,49,0.4398,-0.7519,2.4512,1.8738,1.1917,0.2066,0.4398,5,527,0,49
00-0036212,T.Tagovailoa,MIA,2020,,287,-0.0528,-3.1045,7.4080,0.0960,0.0523,0.3056,257,30,0.1243,-1.5699,1.4418,1.7548,1.6942,0.2532,0.1243,3,242,1,30
00-0027973,A.Dalton,DAL,2020,,321,-0.0292,-0.1798,6.9825,0.0839,0.0405,0.2835,280,41,0.1170,-1.0272,2.0175,1.0595,1.1442,0.1818,0.1170,5,267,1,41
00-0031237,T.Bridgewater,CAR,2020,,524,0.1011,3.4554,7.1236,0.1106,0.0649,0.2714,464,60,0.2487,-1.0399,2.0814,2.4694,1.2886,0.2136,0.2487,9,430,2,60
00-0035704,D.Lock,DEN,2020,,413,-0.0935,-4.8684,8.8966,0.1512,0.0387,0.2180,357,56,0.0962,-1.3030,2.2303,5.7749,1.3993,0.3307,0.0962,7,341,5,56
00-0033873,P.Mahomes,KC,2020,,713,0.2964,2.8452,8.1842,0.1146,0.0603,0.1986,627,86,0.3842,-0.3439,1.9282,2.3493,0.7281,0.1743,0.3842,6,584,0,86
00-0029567,N.Foles,CHI,2020,,271,-0.1867,-0.3931,7.5476,0.1310,0.0111,0.2135,222,49,-0.0767,-0.6849,2.3138,2.5668,0.6083,0.2506,-0.0767,6,219,1,49
00-0031280,D.Carr,LV,2020,,518,0.1356,2.1040,8.3221,0.1242,0.0367,0.2721,467,51,0.2551,-0.9586,2.7976,3.8192,1.2137,0.2844,0.2551,8,448,0,51
00-0033106,J.Goff,LA,2020,,602,0.0027,0.6349,6.4555,0.0817,0.0382,0.2274,521,81,0.1840,-1.1629,2.0417,4.7392,1.3469,0.2499,0.1840,10,498,3,81
00-0033537,D.Watson,HOU,2020,,585,0.2266,7.1515,8.9877,0.1170,0.0940,0.2904,499,86,0.4090,-0.8319,2.0265,2.4649,1.2408,0.1809,0.4090,4,444,2,86
00-0036442,J.Burrow,CIN,2020,,412,0.0771,1.8141,8.6721,0.1192,0.0364,0.2552,344,68,0.2768,-0.9332,1.9128,2.1875,1.2100,0.1942,0.2768,4,329,1,68
00-0036389,J.Hurts,PHI,2020,,158,-0.0436,-8.7024,8.8480,0.1520,0.1329,0.2667,134,24,0.0644,-0.6465,2.7276,2.1392,0.7109,0.3309,0.0644,2,114,0,24
00-0035289,G.Minshew,JAX,2020,,287,0.1135,6.3027,7.2815,0.0924,0.0732,0.3126,247,40,0.3528,-1.3641,2.0652,1.6889,1.7169,0.2249,0.3528,4,226,0,40
00-0035232,D.Haskins,WAS,2020,,246,-0.2061,-6.7101,6.3516,0.0822,0.0285,0.2729,207,39,-0.0093,-1.2504,2.0317,3.8496,1.2411,0.3294,-0.0093,7,200,0,39
00-0036312,J.Luton,JAX,2020,,105,-0.2462,-12.3070,7.8750,0.1354,0.0095,0.2328,91,14,-0.0925,-1.2447,2.2213,2.7432,1.1522,0.4694,-0.0925,3,90,1,14
00-0033319,N.Mullens,SF,2020,,257,-0.1682,-4.7389,6.5169,0.0593,0.0039,0.2278,199,58,0.1697,-1.3276,3.0046,4.4114,1.4973,0.3019,0.1697,5,198,5,58
00-0026143,M.Ryan,ATL,2020,,596,0.1294,1.6807,8.2849,0.1305,0.0268,0.2365,498,98,0.2164,-0.3126,1.8942,3.6612,0.5290,0.2029,0.2164,8,482,1,98
00-0036355,J.Herbert,LAC,2020,,601,0.1620,0.6002,7.2569,0.1046,0.0383,0.2255,506,95,0.2799,-0.4664,2.1535,2.2512,0.7463,0.1672,0.2799,10,483,0,95
00-0019596,T.Brady,TB,2020,,731,0.1971,2.0282,9.2034,0.1593,0.0041,0.2026,641,90,0.3137,-0.6327,2.4730,2.6185,0.9463,0.1815,0.3137,13,638,2,90
00-0029604,K.Cousins,MIN,2020,,509,0.1414,4.6906,7.9273,0.1123,0.0314,0.2441,405,104,0.3622,-0.7183,2.5711,2.6535,1.0805,0.1785,0.3622,11,389,2,104
00-0034796,L.Jackson,BAL,2020,,484,0.1439,0.8017,8.6332,0.1231,0.1033,0.3103,420,64,0.3404,-1.1461,2.2503,1.9340,1.4865,0.1886,0.3404,9,370,2,64
00-0035228,K.Murray,ARI,2020,,592,0.0603,2.1489,7.8798,0.1279,0.0828,0.3018,545,47,0.1670,-1.1768,2.4642,4.8906,1.3437,0.3295,0.1670,11,496,1,47
00-0034869,S.Darnold,NYJ,2020,,370,-0.1374,-1.2541,8.0607,0.1182,0.0622,0.2992,307,63,0.0743,-1.1688,2.3128,1.9878,1.2431,0.1977,0.0743,7,284,1,63
00-0033357,T.Hill,NO,2020,,142,-0.0217,4.2156,6.7054,0.0536,0.1197,0.2590,116,26,0.2224,-1.1107,1.7800,3.5177,1.3331,0.3881,0.2224,1,99,1,26
00-0027939,C.Newton,NE,2020,,400,-0.0337,-0.8447,6.7557,0.0739,0.0450,0.2873,343,57,0.1023,-0.8522,2.5101,1.5351,0.9544,0.1851,0.1023,10,325,0,57
00-0023436,A.Smith,WAS,2020,,267,-0.1172,-0.1683,4.8455,0.0894,0.0075,0.2495,221,46,0.0717,-1.0243,1.6518,3.8422,1.0960,0.3017,0.0717,5,219,3,46
00-0029701,R.Tannehill,TEN,2020,,490,0.2289,2.3998,8.3700,0.0874,0.0388,0.2083,407,83,0.3913,-0.5677,2.1849,2.8614,0.9590,0.1996,0.3913,6,388,1,83
00-0031503,J.Winston,NO,2021,,179,0.1690,-3.5885,7.8831,0.1169,0.0894,0.2077,150,29,0.3150,-0.5861,2.2163,4.7042,0.9011,0.4207,0.3150,1,134,1,29
00-0036355,J.Herbert,LAC,2021,,670,0.1601,-1.4479,7.4378,0.0962,0.0507,0.2256,582,88,0.2730,-0.5864,2.4983,3.4987,0.8594,0.2099,0.2730,12,548,2,88
00-0034857,J.Allen,BUF,2021,,736,0.1640,1.9840,8.1707,0.1193,0.0598,0.2184,649,87,0.2581,-0.5382,1.9427,2.9539,0.7963,0.1922,0.2581,11,605,4,87
00-0033077,D.Prescott,DAL,2021,,639,0.1668,1.5510,7.7248,0.1145,0.0297,0.2531,559,80,0.2605,-0.4880,1.7676,3.2740,0.7485,0.2100,0.2605,7,540,1,80
00-0037013,Z.Wilson,NYJ,2021,,354,-0.1764,-10.6419,7.0633,0.1000,0.0424,0.3323,297,57,0.0681,-1.4503,2.1541,1.1204,1.5184,0.1640,0.0681,8,282,1,57
00-0029263,R.Wilson,SEA,2021,,406,0.0576,3.7786,9.6056,0.1831,0.0493,0.2657,336,70,0.2463,-0.8482,2.2169,4.0809,1.0945,0.2547,0.2463,4,316,1,70
00-0027973,A.Dalton,CHI,2021,,232,-0.0513,-3.2002,7.3220,0.0829,0.0474,0.2753,208,24,0.1458,-1.7597,2.5462,4.1673,1.9055,0.4311,0.1458,6,197,1,24
00-0036898,D.Mills,HOU,2021,,325,-0.0406,0.6371,7.1488,0.0934,0.0185,0.3068,275,50,0.1297,-0.9774,2.2706,2.4584,1.1071,0.2396,0.1297,7,269,0,50
00-0031345,J.Garoppolo,SF,2021,,511,0.1759,0.8115,7.3466,0.0840,0.0117,0.2515,441,70,0.3305,-0.7982,2.4012,3.3729,1.1287,0.2316,0.3305,9,435,3,70
00-0031800,T.Heinicke,WAS,2021,,524,-0.0398,0.3898,7.7743,0.1372,0.0668,0.2765,448,76,0.1360,-1.0758,2.2049,2.9795,1.2118,0.2101,0.1360,11,413,2,76
00-0036972,M.Jones,NE,2021,,529,0.0676,3.0023,7.4515,0.1134,0.0284,0.2460,456,73,0.1909,-0.7031,2.5534,2.8981,0.8940,0.2128,0.1909,10,441,3,73
00-0036971,T.Lawrence,JAX,2021,,540,-0.0953,-5.0306,8.1411,0.1224,0.0519,0.2554,474,66,0.0412,-1.0754,2.1587,3.0493,1.1166,0.2253,0.0412,12,446,1,66
00-0028118,T.Taylor,HOU,2021,,160,-0.0479,-2.9050,7.5038,0.1128,0.0875,0.2463,131,29,0.1849,-1.0995,2.7613,4.3075,1.2844,0.4118,0.1849,3,117,2,29
00-0036442,J.Burrow,CIN,2021,,710,0.1548,5.8598,7.5049,0.1052,0.0352,0.3207,589,121,0.3946,-1.0125,2.9231,2.1523,1.4072,0.1508,0.3946,12,564,1,121
00-0027939,C.Newton,CAR,2021,,134,-0.2947,-12.6609,7.0254,0.0847,0.0373,0.2457,114,20,-0.1427,-1.1612,2.8878,1.3666,1.0186,0.3060,-0.1427,4,109,0,20
00-0026143,M.Ryan,ATL,2021,,547,0.0123,1.0075,7.3018,0.0825,0.0256,0.2227,436,111,0.1838,-0.6613,2.0847,3.5813,0.8450,0.1925,0.1838,7,422,3,111
00-0033106,J.Goff,DET,2021,,430,-0.0682,0.1353,6.1407,0.0870,0.0209,0.2662,362,68,0.1955,-1.4719,1.6712,4.2794,1.6674,0.2599,0.1955,2,353,3,68
00-0022924,B.Roethlisberger,PIT,2021,,587,-0.0950,-3.9908,6.7271,0.1044,0.0051,0.2964,520,67,0.0552,-1.2608,2.0264,2.7156,1.3160,0.2108,0.0552,7,517,2,67
00-0030520,M.Glennon,NYG,2021,,115,-0.5616,-12.5250,7.8879,0.1121,0.0000,0.2203,93,22,-0.4403,-1.0741,1.6970,7.5031,0.6337,0.5994,-0.4403,4,93,1,22
00-0033873,P.Mahomes,KC,2021,,820,0.2123,3.0990,6.9454,0.1037,0.0683,0.2311,728,92,0.3174,-0.6193,2.0489,2.9115,0.9367,0.1856,0.3174,13,672,3,92
00-0035993,T.Huntley,BAL,2021,,210,-0.1211,-1.3049,7.1515,0.0909,0.1190,0.3000,183,27,0.0534,-1.3036,1.4376,4.1514,1.3570,0.4020,0.0534,4,158,0,27
00-0034401,M.White,NYJ,2021,,107,0.0180,1.9875,6.3010,0.0680,0.0000,0.1821,94,13,0.1129,-0.6680,3.2286,3.6662,0.7810,0.5625,0.1129,7,94,1,13
00-0036389,J.Hurts,PHI,2021,,470,0.0125,-1.8890,9.2319,0.1596,0.0915,0.2713,417,53,0.1411,-0.9989,2.2923,3.0491,1.1400,0.2511,0.1411,10,374,1,53
00-0032156,T.Siemian,NO,2021,,168,-0.1334,-8.3546,7.0195,0.1039,0.0119,0.2219,143,25,-0.0903,-0.3801,2.1511,6.2244,0.2898,0.5138,-0.0903,2,141,0,25
00-0036945,J.Fields,CHI,2021,,296,-0.0817,-1.2010,9.8133,0.1556,0.1284,0.3023,235,61,0.2426,-1.3309,2.0535,2.5957,1.5734,0.2265,0.2426,5,197,1,61
00-0030565,G.Smith,SEA,2021,,104,0.0306,5.8831,7.2360,0.1011,0.0288,0.2783,87,17,0.3181,-1.4406,2.3461,1.5778,1.7586,0.3461,0.3181,1,84,0,17
00-0035704,D.Lock,DEN,2021,,107,-0.0122,-4.2591,9.7609,0.1848,0.0654,0.2533,95,12,0.1208,-1.0657,1.9042,1.3111,1.1865,0.3596,0.1208,1,88,0,12
00-0034796,L.Jackson,BAL,2021,,440,0.0560,-0.0362,9.5857,0.1486,0.1068,0.3161,374,66,0.1776,-0.6332,2.2275,2.0100,0.8107,0.1908,0.1776,11,327,0,66
00-0031280,D.Carr,LV,2021,,672,0.0709,1.9269,8.2399,0.1248,0.0208,0.2861,588,84,0.2276,-1.0260,1.9264,4.9437,1.2536,0.2493,0.2276,10,574,4,84
00-0023459,A.Rodgers,GB,2021,,565,0.2343,6.1335,7.8311,0.1398,0.0283,0.2716,490,75,0.4071,-0.8945,1.9374,2.7951,1.3016,0.2030,0.4071,2,474,2,75
00-0035710,D.Jones,NYG,2021,,351,0.0101,-0.4270,7.2885,0.0801,0.0627,0.2283,302,49,0.1532,-0.8714,1.9509,3.4342,1.0246,0.2767,0.1532,5,280,1,49
00-0026498,M.Stafford,LA,2021,,715,0.2022,0.9369,8.7515,0.1332,0.0140,0.2559,627,88,0.3330,-0.7301,2.5324,4.8072,1.0632,0.2422,0.3330,17,617,3,88
00-0032950,C.Wentz,IND,2021,,514,0.0117,-2.6181,7.4520,0.1092,0.0467,0.2235,421,93,0.2312,-0.9820,2.0410,4.0206,1.2132,0.2193,0.2312,5,397,1,93
00-0033357,T.Hill,NO,2021,,146,-0.0186,-6.1330,7.8320,0.1280,0.0959,0.2328,131,15,0.0771,-0.8549,2.2181,1.4692,0.9320,0.3389,0.0771,4,117,0,15
00-0036212,T.Tagovailoa,MIA,2021,,387,0.0935,3.1515,7.1057,0.0800,0.0439,0.2545,345,42,0.2411,-1.1188,1.7663,4.8301,1.3599,0.3466,0.2411,6,328,2,42
00-0034869,S.Darnold,CAR,2021,,387,-0.1082,-3.7581,7.0000,0.1015,0.0517,0.2906,325,62,0.0486,-0.9299,2.3102,3.4085,0.9784,0.2492,0.0486,8,305,2,62
00-0033119,J.Brissett,MIA,2021,,228,-0.0945,-1.6925,7.2374,0.0859,0.0570,0.2522,191,37,0.0856,-1.0240,1.5756,2.7696,1.1096,0.2883,0.0856,2,178,1,37
00-0019596,T.Brady,TB,2021,,776,0.1646,1.1192,7.9366,0.1188,0.0116,0.2597,717,59,0.2513,-0.8888,2.0255,2.9048,1.1402,0.2282,0.2513,13,708,0,59
00-0031237,T.Bridgewater,DEN,2021,,393,0.0698,3.5612,8.1086,0.1314,0.0305,0.2735,326,67,0.2168,-0.6451,1.7807,1.7242,0.8618,0.1766,0.2168,4,314,0,67
00-0029701,R.Tannehill,TEN,2021,,600,0.0655,2.3793,7.5869,0.0897,0.0350,0.2628,491,109,0.2680,-0.8465,2.3646,2.8095,1.1144,0.1749,0.2680,13,470,4,109
00-0035228,K.Murray,ARI,2021,,526,0.0929,3.6516,7.7742,0.1527,0.0551,0.3322,480,46,0.2246,-1.2817,2.7021,1.9141,1.5063,0.2173,0.2246,11,451,1,46
00-0034855,B.Mayfield,CLE,2021,,455,-0.0147,-2.1993,8.5851,0.1418,0.0527,0.3549,399,56,0.1899,-1.4719,2.1468,2.5248,1.6618,0.2246,0.1899,11,375,1,56
00-0029604,K.Cousins,MIN,2021,,577,0.1279,1.6570,8.1570,0.1402,0.0243,0.2205,494,83,0.3103,-0.9577,2.0290,2.7247,1.2680,0.1922,0.3103,5,480,1,83
00-0035993,T.Huntley,BAL,2022,,160,-0.0415,2.3995,7.0593,0.0963,0.1062,0.2413,145,15,0.0677,-1.0972,1.7725,2.6067,1.1649,0.4313,0.0677,3,128,1,15
00-0034401,M.White,NYJ,2022,,151,0.0514,-4.9429,6.8951,0.0699,0.0066,0.2119,131,20,0.1325,-0.4798,2.3325,1.7984,0.6123,0.3282,0.1325,2,130,1,20
00-0033106,J.Goff,DET,2022,,553,0.1799,-1.4820,6.9040,0.0921,0.0217,0.2079,486,67,0.3245,-0.8689,2.2056,3.6689,1.1935,0.2435,0.3245,5,474,2,67
00-0033873,P.Mahomes,KC,2022,,795,0.3089,4.6087,7.1052,0.0827,0.0654,0.2073,696,99,0.4347,-0.5755,1.8837,2.2805,1.0102,0.1604,0.4347,8,644,1,99
00-0026143,M.Ryan,IND,2022,,467,-0.0371,1.4584,5.8589,0.0502,0.0214,0.2705,383,84,0.1564,-0.9196,2.0971,3.3729,1.0760,0.2136,0.1564,6,373,3,84
00-0034857,J.Allen,BUF,2022,,696,0.1794,1.7594,9.5541,0.1531,0.0776,0.2810,604,92,0.3151,-0.7115,2.1717,4.3371,1.0266,0.2253,0.3151,12,550,2,92
00-0029263,R.Wilson,DEN,2022,,536,-0.0773,-1.0625,8.6338,0.1601,0.0485,0.2980,426,110,0.1320,-0.8881,2.1720,2.3319,1.0202,0.1622,0.1320,8,400,3,110
00-0033662,C.Rush,DAL,2022,,135,-0.0340,-6.9447,7.4062,0.0938,0.0148,0.1937,116,19,0.1236,-0.9965,2.1471,2.3794,1.1201,0.3791,0.1236,2,114,1,19
00-0035710,D.Jones,NYG,2022,,583,0.0594,2.3937,6.4163,0.0544,0.1012,0.2798,483,100,0.2447,-0.8355,1.7516,1.8487,1.0802,0.1487,0.2447,5,424,1,100
00-0032268,M.Mariota,ATL,2022,,323,-0.0209,-1.5315,10.5387,0.1808,0.0774,0.2597,263,60,0.1936,-0.9609,2.4813,2.3368,1.1545,0.2200,0.1936,7,238,2,60
00-0033869,M.Trubisky,PIT,2022,,192,0.0378,1.6793,9.8580,0.1875,0.0208,0.2528,170,22,0.1427,-0.7726,2.0294,1.3273,0.9153,0.2688,0.1427,5,166,0,22
00-0037834,B.Purdy,SF,2022,,229,0.2264,1.8212,7.5845,0.1353,0.0306,0.2437,194,35,0.4086,-0.7835,1.7417,3.1781,1.1921,0.3159,0.4086,3,187,0,35
00-0026498,M.Stafford,LA,2022,,286,-0.0653,0.0893,6.9844,0.1128,0.0175,0.2690,232,54,0.1889,-1.1573,2.5634,3.1959,1.3462,0.2650,0.1889,4,227,3,54
00-0034869,S.Darnold,CAR,2022,,140,0.1167,3.7900,7.8525,0.1803,0.0571,0.2529,122,18,0.2537,-0.8123,2.1574,3.8689,1.0660,0.4823,0.2537,3,114,0,18
00-0027688,C.McCoy,ARI,2022,,133,-0.1939,0.6579,6.2605,0.0840,0.0376,0.2189,108,25,0.0233,-1.1324,1.3673,5.7017,1.1557,0.4906,0.0233,1,103,2,25
00-0031345,J.Garoppolo,SF,2022,,297,0.1740,-1.6601,7.1071,0.1107,0.0067,0.2387,258,39,0.3023,-0.6748,2.0881,2.6003,0.9771,0.2734,0.3023,3,256,1,39
00-0034796,L.Jackson,BAL,2022,,366,0.0610,-0.4545,8.3905,0.1206,0.0683,0.3220,327,39,0.1776,-0.9170,2.0640,1.2663,1.0947,0.1969,0.1776,6,302,0,39
00-0036971,T.Lawrence,JAX,2022,,674,0.1239,0.2935,7.2634,0.1008,0.0356,0.2642,604,70,0.2565,-1.0206,1.9281,2.1076,1.2770,0.1825,0.2565,10,580,2,70
00-0033077,D.Prescott,DAL,2022,,465,0.1208,1.0770,8.1502,0.1127,0.0409,0.2286,405,60,0.2359,-0.6559,2.9189,2.4488,0.8918,0.2191,0.2359,15,386,2,60
00-0032950,C.Wentz,WAS,2022,,235,-0.0933,-3.5668,7.9005,0.1542,0.0340,0.2712,191,44,0.1709,-1.2399,2.1777,1.2667,1.4108,0.2005,0.1709,6,183,1,44
00-0027973,A.Dalton,NO,2022,,371,0.0038,-0.0784,8.0148,0.0950,0.0243,0.2943,328,43,0.1450,-1.0732,2.4681,2.7460,1.2182,0.2672,0.1450,8,319,0,43
00-0036355,J.Herbert,LAC,2022,,753,0.0271,0.8598,6.3690,0.0825,0.0279,0.2484,641,112,0.1508,-0.6808,2.0766,2.6377,0.8315,0.1637,0.1508,10,620,0,112
00-0033275,P.Walker,CAR,2022,,101,-0.2217,-10.4243,7.6632,0.1684,0.0198,0.2113,92,9,-0.1419,-1.0367,3.2661,0.4695,0.8947,0.2961,-0.1419,3,90,0,9
00-0029701,R.Tannehill,TEN,2022,,337,0.0483,0.0470,7.7186,0.0949,0.0326,0.2851,273,64,0.2676,-0.8875,2.4758,1.9869,1.1551,0.2003,0.2676,6,262,0,64
00-0034855,B.Mayfield,CAR,2022,,327,-0.1767,-7.4046,6.7279,0.0848,0.0428,0.3153,277,50,-0.0112,-1.0937,2.2383,1.5352,1.0825,0.1969,-0.0112,6,263,0,50
00-0030565,G.Smith,SEA,2022,,610,0.0302,5.7174,7.5955,0.0936,0.0508,0.2813,509,101,0.2173,-0.9125,2.5227,2.5323,1.1298,0.1733,0.2173,9,478,2,101
00-0038122,D.Ridder,ATL,2022,,129,-0.0500,-0.6796,7.6330,0.1101,0.0853,0.2571,113,16,0.0649,-0.8611,1.6079,2.7316,0.9260,0.4301,0.0649,0,102,0,16
00-0036879,S.Ehlinger,IND,2022,,109,-0.1993,-0.0142,7.6782,0.1494,0.0917,0.2595,86,23,0.1184,-1.3873,1.8767,4.9520,1.5057,0.4870,0.1184,1,76,1,23
00-0037327,S.Thompson,MIA,2022,,141,-0.2547,-8.5816,8.0873,0.1111,0.0355,0.1862,103,38,-0.0277,-0.8698,1.6830,2.1936,0.8421,0.2721,-0.0277,3,98,1,38
00-0037013,Z.Wilson,NYJ,2022,,270,-0.1247,-6.1539,9.0085,0.1314,0.0481,0.2907,234,36,0.0351,-1.1633,2.4085,1.3280,1.1984,0.2172,0.0351,7,221,0,36
00-0035228,K.Murray,ARI,2022,,393,-0.0373,-1.1977,6.7155,0.1207,0.0560,0.2989,360,33,0.1080,-1.6230,1.5629,2.5399,1.7310,0.2851,0.1080,4,338,2,33
00-0036212,T.Tagovailoa,MIA,2022,,400,0.2298,1.4724,9.6622,0.1459,0.0250,0.2701,362,38,0.3629,-1.0382,2.8254,1.3647,1.4011,0.2091,0.3629,7,352,1,38
00-0031280,D.Carr,LV,2022,,533,0.0358,-2.5826,9.0774,0.1385,0.0263,0.2458,467,66,0.1658,-0.8842,2.6024,2.7776,1.0500,0.2183,0.1658,11,453,3,66
00-0026158,J.Flacco,NYJ,2022,,163,-0.2157,-5.9588,8.4868,0.1250,0.0061,0.2098,129,34,-0.0258,-0.9359,1.8865,3.5135,0.9101,0.3435,-0.0258,2,128,0,34
00-0036389,J.Hurts,PHI,2022,,611,0.1794,3.1723,8.3080,0.1293,0.0753,0.3397,549,62,0.3026,-0.9111,2.3291,3.4194,1.2137,0.2437,0.3026,5,503,0,62
00-0036898,D.Mills,HOU,2022,,445,-0.1253,-3.2669,7.5611,0.0973,0.0337,0.2426,369,76,0.0060,-0.7624,2.5069,3.2057,0.7684,0.2213,0.0060,9,354,3,76
00-0033119,J.Brissett,CLE,2022,,360,0.0701,3.1086,8.4361,0.1277,0.0556,0.2230,303,57,0.2299,-0.7794,1.6603,2.2876,1.0093,0.2136,0.2299,4,283,2,57
00-0019596,T.Brady,TB,2022,,728,0.0500,-0.5359,6.7923,0.1032,0.0055,0.2076,657,71,0.1548,-0.9197,1.5328,2.4161,1.0744,0.1907,0.1548,5,653,3,71
00-0029604,K.Cousins,MIN,2022,,683,0.0299,2.2333,7.3024,0.0928,0.0161,0.2370,549,134,0.2084,-0.7014,2.0891,2.7798,0.9098,0.1567,0.2084,9,538,2,134
00-0031503,J.Winston,NO,2022,,107,-0.2119,-0.4208,10.6559,0.1613,0.0280,0.2529,89,18,-0.0212,-1.1548,3.0342,1.9711,1.1336,0.3789,-0.0212,4,86,0,18
00-0031800,T.Heinicke,WAS,2022,,287,-0.0212,2.2892,8.3961,0.1176,0.0453,0.2278,229,58,0.3153,-1.3499,1.9132,4.2460,1.6653,0.2856,0.3153,3,216,2,58
00-0023459,A.Rodgers,GB,2022,,541,-0.0229,0.4019,7.9496,0.1492,0.0203,0.2748,473,68,0.1298,-1.0856,2.3555,3.0600,1.2154,0.2236,0.1298,8,462,3,68
00-0038102,K.Pickett,PIT,2022,,400,0.0295,0.8567,7.6686,0.1114,0.0675,0.2584,348,52,0.1097,-0.5073,1.6375,3.5884,0.6170,0.2715,0.1097,7,321,1,52
00-0036442,J.Burrow,CIN,2022,,770,0.1457,2.8938,6.9132,0.0882,0.0455,0.2974,669,101,0.2859,-0.7828,2.0789,2.8316,1.0687,0.1765,0.2859,12,634,1,101
00-0036972,M.Jones,NE,2022,,442,-0.0454,-0.3242,7.5243,0.1330,0.0430,0.3034,394,48,0.1129,-1.3449,2.0638,1.5942,1.4579,0.1961,0.1129,8,375,1,48
00-0036945,J.Fields,CHI,2022,,406,-0.0388,-2.7711,9.2257,0.1597,0.1601,0.3488,325,81,0.2038,-1.0119,2.4584,3.1152,1.2156,0.2145,0.2038,8,260,2,81
00-0033537,D.Watson,CLE,2022,,178,-0.1036,-3.5620,7.3355,0.1053,0.0562,0.2937,153,25,0.0460,-1.0194,2.4086,3.1788,1.0655,0.3780,0.0460,4,143,1,25
00-0035289,G.Minshew,IND,2023,,483,0.0527,-2.4674,7.0926,0.1042,0.0393,0.2943,428,55,0.2001,-1.0944,2.2156,3.2508,1.2945,0.2535,0.2001,6,409,0,55
00-0033537,D.Watson,CLE,2023,,193,-0.1674,-2.5466,9.2250,0.1313,0.0881,0.2607,160,33,0.0347,-1.1473,2.6265,1.6345,1.1821,0.2568,0.0347,4,143,0,33
00-0035282,E.Stick,LAC,2023,,164,-0.1568,-5.3846,6.5278,0.1042,0.0488,0.2526,140,24,0.1282,-1.8196,1.3102,10.5287,1.9478,0.6694,0.1282,0,132,0,24
00-0031345,J.Garoppolo,LV,2023,,167,-0.0440,-2.6254,7.8267,0.0867,0.0479,0.2189,142,25,0.1706,-1.2628,2.4872,2.6775,1.4334,0.3530,0.1706,7,134,2,25
00-0036945,J.Fields,CHI,2023,,406,-0.0155,2.9032,8.0485,0.1455,0.0837,0.3130,330,76,0.2158,-1.0200,2.2096,2.8435,1.2358,0.2100,0.2158,5,296,1,76
00-0031800,T.Heinicke,ATL,2023,,138,0.0628,-8.2947,8.4545,0.1322,0.0797,0.2031,119,19,0.2046,-0.8251,2.5243,0.9231,1.0298,0.2642,0.2046,3,108,0,19
00-0035710,D.Jones,NYG,2023,,175,-0.1730,-0.2193,7.2015,0.0746,0.0971,0.3082,139,36,0.1080,-1.2579,3.0290,1.9225,1.3659,0.2742,0.1080,3,122,1,36
00-0033106,J.Goff,DET,2023,,674,0.1114,1.0579,6.7319,0.0820,0.0104,0.2214,575,99,0.2631,-0.7697,2.3227,3.3818,1.0328,0.1954,0.2631,9,568,2,99
00-0035228,K.Murray,ARI,2023,,250,0.0000,-4.7933,7.2443,0.0995,0.0480,0.2741,221,29,0.1773,-1.3506,2.1107,3.6331,1.5279,0.3672,0.1773,3,209,1,29
00-0032156,T.Siemian,NYJ,2023,,127,-0.3432,-11.1848,5.5086,0.0948,0.0394,0.2095,108,19,-0.1637,-1.3638,2.3957,2.5070,1.2001,0.3926,-0.1637,2,103,1,19
00-0039163,C.Stroud,HOU,2023,,556,0.1320,0.6985,9.0020,0.1270,0.0414,0.2861,484,72,0.3153,-1.1000,2.2446,2.5798,1.4153,0.2012,0.3153,4,461,0,72
00-0036355,J.Herbert,LAC,2023,,494,0.0630,-0.5604,7.2626,0.1164,0.0628,0.2382,426,68,0.2023,-0.8099,1.9280,2.8716,1.0122,0.2162,0.2023,3,395,3,68
00-0033077,D.Prescott,DAL,2023,,645,0.1803,2.9883,7.6626,0.1078,0.0450,0.2760,554,91,0.3242,-0.6955,2.4904,2.8696,1.0197,0.1898,0.3242,8,525,0,91
00-0038122,D.Ridder,ATL,2023,,407,-0.0397,-0.9724,8.2682,0.1201,0.0442,0.2958,354,53,0.0616,-0.7162,2.6955,3.0084,0.7778,0.2537,0.0616,10,336,1,53
00-0028118,T.Taylor,NYG,2023,,181,-0.0179,3.6152,9.0621,0.1586,0.1050,0.2829,154,27,0.1806,-1.1500,2.1759,0.6955,1.3305,0.1997,0.1806,2,135,0,27
00-0030565,G.Smith,SEA,2023,,521,0.0868,2.2205,6.9683,0.0951,0.0384,0.2478,449,72,0.2400,-0.8689,1.8578,2.2682,1.1089,0.1888,0.2400,8,429,1,72
00-0038416,T.Bagent,CHI,2023,,142,-0.1016,-0.8108,5.8333,0.0635,0.0775,0.2103,129,13,0.0573,-1.6780,2.2557,8.0971,1.7352,0.8002,0.0573,5,118,0,13
00-0036971,T.Lawrence,JAX,2023,,584,0.0171,1.5089,8.1401,0.1187,0.0599,0.2800,515,69,0.1922,-1.2899,2.2698,4.3005,1.4821,0.2583,0.1922,10,480,2,69
00-0037013,Z.Wilson,NYJ,2023,,398,-0.1954,-2.7325,6.9247,0.0873,0.0603,0.3026,320,78,0.0354,-1.1423,1.6509,2.4655,1.1776,0.1917,0.0354,3,296,1,78
00-0038583,D.Thompson-Robinson,CLE,2023,,106,-0.2148,-10.3509,5.6701,0.0206,0.0377,0.2074,95,11,-0.1476,-0.7950,1.5997,0.8536,0.6474,0.3073,-0.1476,2,91,0,11
00-0033319,N.Mullens,MIN,2023,,147,0.1299,7.6951,9.4275,0.1756,0.0272,0.2110,108,39,0.3240,-0.4077,2.0924,4.5500,0.7317,0.3688,0.3240,5,104,2,39
00-0037077,S.Howell,WAS,2023,,643,-0.0843,-0.3238,7.3910,0.1279,0.0482,0.3141,538,105,0.1237,-1.1499,2.3585,2.3200,1.2736,0.1627,0.1237,11,507,6,105
00-0035100,J.Browning,CIN,2023,,262,0.1339,4.2863,6.1053,0.0921,0.0496,0.2693,220,42,0.2943,-0.7065,2.3384,3.2835,1.0008,0.2980,0.2943,5,207,1,42
00-0029263,R.Wilson,DEN,2023,,475,-0.0621,5.2172,6.5514,0.1303,0.0674,0.2723,378,97,0.1525,-0.8983,2.0754,3.6281,1.0508,0.2071,0.1525,8,346,0,97
00-0033949,J.Dobbs,MIN,2023,,410,-0.1055,-1.3806,7.4460,0.1051,0.0756,0.2317,334,76,0.0640,-0.8508,2.0554,3.9742,0.9148,0.2418,0.0640,7,303,2,76
00-0026498,M.Stafford,LA,2023,,564,0.1160,-1.9218,7.6474,0.1118,0.0213,0.2464,483,81,0.2712,-0.8090,2.5033,1.5042,1.0802,0.1541,0.2712,9,471,2,81
00-0033275,P.Walker,CLE,2023,,113,-0.2177,-12.2321,8.2574,0.1485,0.0354,0.2054,87,26,-0.1775,-0.3522,2.6010,3.4865,0.1748,0.4050,-0.1775,5,83,0,26
00-0034857,J.Allen,BUF,2023,,705,0.1655,4.2768,8.4678,0.1318,0.0766,0.2306,626,79,0.2665,-0.6345,2.0787,2.2632,0.9010,0.1788,0.2665,16,572,2,79
00-0031280,D.Carr,NO,2023,,542,0.0458,2.7832,7.8194,0.1230,0.0148,0.2681,475,67,0.1964,-1.0217,2.3779,2.1873,1.2182,0.1940,0.1964,7,467,1,67
00-0029701,R.Tannehill,TEN,2023,,248,-0.0322,1.1384,7.8920,0.1362,0.0323,0.2758,189,59,0.2186,-0.8357,1.9072,1.4975,1.0543,0.1883,0.2186,4,181,1,59
00-0036442,J.Burrow,CIN,2023,,375,0.0423,0.9700,6.6873,0.0855,0.0347,0.2454,317,58,0.1951,-0.7930,1.8246,2.4553,0.9881,0.2193,0.1951,4,304,2,58
00-0029604,K.Cousins,MIN,2023,,305,0.0323,4.1324,6.9268,0.0767,0.0098,0.1930,244,61,0.2513,-0.8439,3.1155,3.2599,1.0953,0.2573,0.2513,4,241,1,61
00-0034796,L.Jackson,BAL,2023,,604,0.0884,2.9137,8.5336,0.1263,0.1225,0.3117,532,72,0.2751,-1.2908,2.0418,2.7557,1.5659,0.2052,0.2751,7,458,1,72
00-0038102,K.Pickett,PIT,2023,,341,-0.1102,-2.7069,7.1075,0.0977,0.0381,0.2365,286,55,0.0346,-0.8630,1.9302,2.3749,0.8976,0.2234,0.0346,3,273,0,55
00-0038108,B.Zappe,NE,2023,,216,-0.2749,-2.6877,7.7880,0.1304,0.0417,0.3082,181,35,-0.1029,-1.1645,2.9126,2.7842,1.0615,0.3093,-0.1029,9,172,0,35
00-0034855,B.Mayfield,TB,2023,,631,0.0611,-1.4220,8.1903,0.1221,0.0507,0.3150,557,74,0.2190,-1.1268,2.1046,2.3436,1.3457,0.1883,0.2190,9,525,1,74
00-0037834,B.Purdy,SF,2023,,556,0.2675,3.0156,8.3195,0.1085,0.0396,0.2295,473,83,0.4378,-0.7031,2.4454,2.3794,1.1409,0.1839,0.4378,11,451,1,83
00-0039150,B.Young,CAR,2023,,510,-0.2214,-1.1261,7.5336,0.1021,0.0529,0.3180,414,96,0.0283,-1.2981,2.2839,3.0824,1.3263,0.1940,0.0283,7,387,1,96
00-0033873,P.Mahomes,KC,2023,,795,0.1283,3.7925,6.5205,0.1001,0.0755,0.1919,685,110,0.2703,-0.7564,2.1067,2.3755,1.0267,0.1571,0.2703,8,625,5,110
00-0038579,A.O'Connell,LV,2023,,327,-0.0693,-4.4482,7.6250,0.1053,0.0000,0.2849,281,46,0.0999,-1.1029,2.0767,2.4947,1.2029,0.2482,0.0999,5,281,1,46
00-0034771,M.Rudolph,PIT,2023,,104,0.1829,7.5751,6.9368,0.0947,0.0288,0.2237,90,14,0.3521,-0.9047,3.7595,0.9012,1.2569,0.3258,0.3521,1,87,0,14
00-0036212,T.Tagovailoa,MIA,2023,,584,0.2094,4.7438,7.9059,0.1218,0.0274,0.2729,531,53,0.3305,-1.0042,3.0420,1.8484,1.3347,0.2015,0.3305,13,515,2,53
00-0036264,J.Love,GB,2023,,632,0.1832,1.7505,8.1088,0.1313,0.0380,0.2355,556,76,0.2677,-0.4347,2.2809,2.0930,0.7023,0.1779,0.2677,11,532,1,76
00-0039152,W.Levis,TEN,2023,,264,-0.0254,0.1880,10.1586,0.2070,0.0341,0.2672,199,65,0.2138,-0.7576,1.8754,2.3293,0.9714,0.2127,0.2138,3,190,0,65
00-0036972,M.Jones,NE,2023,,370,-0.1735,-3.2475,6.7649,0.0982,0.0324,0.2636,324,46,-0.0410,-1.1063,2.5542,3.4450,1.0653,0.2877,-0.0410,10,312,2,46
00-0036389,J.Hurts,PHI,2023,,615,0.1045,4.0549,8.6191,0.1295,0.0780,0.3145,553,62,0.1875,-0.6362,2.4020,2.4714,0.8238,0.2102,0.1875,14,505,1,62
00-0026158,J.Flacco,CLE,2023,,239,-0.0935,-1.1070,9.2707,0.1354,0.0042,0.2250,215,24,0.0220,-1.1279,3.6387,11.3801,1.1499,0.7008,0.0220,6,214,4,24
00-0038476,T.DeVito,NYG,2023,,185,-0.2191,-3.1297,6.7239,0.1045,0.1135,0.3509,149,36,0.0337,-1.2655,2.0242,0.3017,1.2993,0.1482,0.0337,3,128,0,36
00-0034796,L.Jackson,BAL,2024,,568,0.3136,4.8966,8.7832,0.1513,0.0863,0.2677,508,60,0.4594,-0.9211,2.3185,3.4168,1.3806,0.2480,0.4594,5,459,0,60
00-0034857,J.Allen,BUF,2024,,591,0.2808,2.0862,8.0534,0.1508,0.0761,0.2220,530,61,0.3676,-0.4739,2.1789,3.5203,0.8415,0.2486,0.3676,6,485,0,61
00-0039152,W.Levis,TEN,2024,,309,-0.1663,-0.1753,7.8605,0.1240,0.0518,0.3080,247,62,0.0490,-1.0238,3.2034,3.4606,1.0728,0.2623,0.0490,7,231,3,62
00-0036442,J.Burrow,CIN,2024,,682,0.1700,6.8260,6.9067,0.0704,0.0323,0.2670,566,116,0.3488,-0.7023,2.0574,3.5226,1.0511,0.1844,0.3488,6,544,2,116
00-0034855,B.Mayfield,TB,2024,,614,0.1821,3.5311,7.0771,0.0940,0.0717,0.3426,561,53,0.3162,-1.2370,2.1782,1.9664,1.5532,0.2024,0.3162,14,517,2,53
00-0033077,D.Prescott,DAL,2024,,269,-0.0089,0.2601,7.8765,0.1152,0.0223,0.2620,226,43,0.1537,-0.8639,2.2800,1.9845,1.0176,0.2372,0.1537,5,220,1,43
00-0027973,A.Dalton,CAR,2024,,149,-0.0477,-0.2637,6.7101,0.0870,0.0336,0.2200,135,14,-0.0459,-0.0653,2.6381,3.3389,0.0195,0.5080,-0.0459,5,130,0,14
00-0033106,J.Goff,DET,2024,,547,0.2670,5.4868,6.6091,0.0853,0.0219,0.2497,468,79,0.4362,-0.7352,2.6572,3.3075,1.1713,0.2180,0.4362,12,456,2,79
00-0039918,C.Williams,CHI,2024,,591,-0.0714,-0.7215,8.1284,0.1470,0.0711,0.3521,498,93,0.1503,-1.2582,1.7925,1.8008,1.4085,0.1515,0.1503,4,456,2,93
00-0036212,T.Tagovailoa,MIA,2024,,393,0.2461,4.1067,5.7766,0.0736,0.0178,0.2988,367,26,0.3606,-1.3694,2.0667,4.9938,1.7300,0.4446,0.3606,5,360,1,26
00-0031280,D.Carr,NO,2024,,292,0.1534,3.8722,7.8095,0.1429,0.0274,0.2027,263,29,0.1679,0.0216,2.1647,4.8652,0.1463,0.4195,0.1679,3,255,1,29
00-0035704,D.Lock,NYG,2024,,161,-0.1864,-7.3958,5.7431,0.0903,0.0497,0.1949,131,30,0.0691,-1.3022,3.0617,5.3097,1.3713,0.4476,0.0691,4,123,1,30
00-0039917,M.Penix,ATL,2024,,104,0.1183,-5.9671,10.4124,0.1856,0.0385,0.1962,94,10,0.2423,-1.0470,2.6988,0.6861,1.2892,0.3120,0.2423,3,90,0,10
00-0035289,G.Minshew,LV,2024,,304,-0.1570,-0.4167,6.3057,0.0906,0.0362,0.2909,250,54,0.1220,-1.4487,2.2842,3.8476,1.5707,0.2835,0.1220,4,239,3,54
00-0039910,J.Daniels,WAS,2024,,666,0.1691,3.0284,7.2743,0.1007,0.1201,0.3472,588,78,0.3094,-0.8888,2.3051,2.0099,1.1982,0.1723,0.3094,7,508,1,78
00-0036355,J.Herbert,LAC,2024,,569,0.0880,1.1700,8.6056,0.1268,0.0510,0.2565,464,105,0.2644,-0.6917,2.3219,1.8045,0.9561,0.1490,0.2644,5,435,1,105
00-0034869,S.Darnold,MIN,2024,,612,0.0835,4.4899,8.5888,0.1308,0.0425,0.3038,515,97,0.2921,-1.0241,2.4327,4.0647,1.3161,0.2159,0.2921,12,489,1,97
00-0029263,R.Wilson,PIT,2024,,385,0.0603,5.4557,7.9341,0.1437,0.0442,0.2698,306,79,0.2797,-0.7899,2.3230,2.7341,1.0696,0.2054,0.2797,4,289,1,79
00-0033873,P.Mahomes,KC,2024,,723,0.1309,1.8527,6.5199,0.0861,0.0650,0.2510,598,125,0.2921,-0.6403,1.9138,1.9835,0.9324,0.1381,0.2921,10,551,2,125
00-0036945,J.Fields,PIT,2024,,188,0.0526,2.0579,7.7742,0.1419,0.0904,0.2523,155,33,0.2233,-0.7491,2.0481,2.9587,0.9724,0.3207,0.2233,1,138,0,33
00-0033662,C.Rush,DAL,2024,,254,-0.0310,-6.1609,6.8264,0.1074,0.0157,0.2203,232,22,0.0990,-1.4016,1.7051,9.7468,1.5006,0.6711,0.0990,3,228,1,22
00-0031503,J.Winston,CLE,2024,,268,-0.1285,-2.6556,9.2119,0.1314,0.0187,0.2686,223,45,0.0391,-0.9590,3.4610,4.2594,0.9981,0.3319,0.0391,10,218,1,45
00-0026158,J.Flacco,IND,2024,,251,-0.0100,-0.7884,8.8034,0.1197,0.0120,0.2494,221,30,0.1922,-1.4997,2.3516,3.1237,1.6919,0.3388,0.1922,5,218,2,30
00-0039163,C.Stroud,HOU,2024,,652,0.0089,-0.6950,8.3237,0.1175,0.0629,0.3061,531,121,0.2058,-0.8550,2.1125,2.4153,1.0608,0.1547,0.2058,11,490,1,121
00-0039164,A.Richardson,IND,2024,,263,-0.1184,-11.8920,12.4612,0.2328,0.0684,0.2157,226,37,-0.0290,-0.6644,3.0941,3.3594,0.6354,0.3232,-0.0290,12,208,0,37
00-0036389,J.Hurts,PHI,2024,,517,0.1973,8.2612,7.6108,0.1085,0.0909,0.3500,449,68,0.4314,-1.3486,2.1921,2.1517,1.7800,0.1911,0.4314,5,402,1,68
00-0036971,T.Lawrence,JAX,2024,,289,0.0492,-0.4470,9.3822,0.1544,0.0450,0.2585,261,28,0.1634,-1.0151,2.1746,2.0961,1.1785,0.2884,0.1634,6,248,0,28
00-0035710,D.Jones,NYG,2024,,357,-0.0778,1.5331,7.3762,0.1029,0.0420,0.2594,294,63,0.0786,-0.8075,1.6512,3.5304,0.8861,0.2483,0.0786,5,279,1,63
00-0037834,B.Purdy,SF,2024,,485,0.2021,1.7115,8.8053,0.1082,0.0866,0.2714,423,62,0.3539,-0.8338,2.2066,2.4748,1.1877,0.2124,0.3539,8,381,3,62
00-0033537,D.Watson,CLE,2024,,244,-0.2148,-2.2795,7.4670,0.0914,0.0656,0.2797,181,63,0.0443,-0.9592,1.2019,2.0454,1.0035,0.1978,0.0443,2,165,0,63
00-0033119,J.Brissett,NE,2024,,172,-0.1292,-1.8562,6.7635,0.0743,0.0465,0.2337,132,40,0.0991,-0.8826,1.2027,2.5399,0.9817,0.2695,0.0991,0,124,1,40
00-0039732,B.Nix,DEN,2024,,579,0.0402,-0.7023,7.3672,0.1348,0.0760,0.2626,525,54,0.1309,-0.8424,1.8411,4.4436,0.9734,0.2929,0.1309,8,481,2,54
00-0029604,K.Cousins,ATL,2024,,451,0.0642,1.8468,7.5107,0.0950,0.0067,0.2423,380,71,0.2575,-0.9701,2.6632,3.4408,1.2275,0.2355,0.2575,10,377,4,71
00-0036972,M.Jones,JAX,2024,,265,0.0369,0.3494,7.1674,0.1046,0.0491,0.2364,238,27,0.1452,-0.9181,1.6451,0.8560,1.0633,0.1965,0.1452,5,225,3,27
00-0034771,M.Rudolph,TEN,2024,,202,-0.0147,-1.6404,7.5304,0.0884,0.0545,0.2123,171,31,0.1864,-1.1241,2.3129,1.8738,1.3105,0.2720,0.1864,5,160,1,31
00-0030565,G.Smith,SEA,2024,,593,0.0228,5.7630,6.9105,0.1219,0.0337,0.2933,498,95,0.2558,-1.1989,2.0591,3.8800,1.4547,0.2121,0.2558,7,478,7,95
00-0035228,K.Murray,ARI,2024,,566,0.1128,2.0661,6.8133,0.1024,0.0689,0.3121,517,49,0.2165,-0.9822,1.8802,1.6312,1.1988,0.1922,0.2165,10,478,1,49
00-0039851,D.Maye,NE,2024,,343,-0.0067,3.4434,7.0440,0.0879,0.1137,0.3175,294,49,0.1715,-1.0757,1.9436,3.9922,1.2472,0.2968,0.1715,9,255,0,49
00-0023459,A.Rodgers,NYJ,2024,,609,0.0117,-2.4571,6.9365,0.1143,0.0246,0.2744,517,92,0.1272,-0.6368,2.4833,2.8722,0.7640,0.1898,0.1272,11,502,0,92
00-0038579,A.O'Connell,LV,2024,,193,0.0204,-3.9957,7.8626,0.1429,0.0155,0.2119,173,20,0.1099,-0.7541,1.8219,1.5813,0.8640,0.2993,0.1099,2,170,0,20
00-0039376,S.Rattler,NO,2024,,204,-0.1722,-7.2261,8.5568,0.1477,0.0588,0.2643,175,29,-0.0320,-1.0188,2.2812,3.4005,0.9868,0.3610,-0.0320,2,163,1,29
00-0035993,T.Huntley,MIA,2024,,143,-0.1661,1.9968,7.8087,0.0957,0.0909,0.2684,116,27,0.0910,-1.2703,1.5949,1.5241,1.3613,0.2649,0.0910,2,103,1,27
00-0026498,M.Stafford,LA,2024,,592,0.0653,-0.7656,7.6733,0.1029,0.0068,0.2393,495,97,0.2488,-0.8710,1.7196,2.4458,1.1198,0.1694,0.2488,5,491,3,97
00-0039150,B.Young,CAR,2024,,372,0.0213,1.4856,8.9241,0.1361,0.0887,0.2517,316,56,0.1509,-0.7105,2.0285,4.2103,0.8615,0.2857,0.1509,5,283,2,56
00-0036264,J.Love,GB,2024,,418,0.0806,-0.1905,8.5547,0.1501,0.0287,0.1811,363,55,0.2475,-1.0207,2.4192,4.0665,1.2682,0.2839,0.2475,9,351,4,55
00-0033873,P.Mahomes,KC,2025,,561,0.1304,-0.3585,7.7579,0.1200,0.0927,0.2329,465,96,0.2609,-0.5019,2.0171,2.8575,0.7628,0.1847,0.2609,9,413,2,96
00-0036442,J.Burrow,CIN,2025,,265,0.0709,3.8583,7.0962,0.1046,0.0302,0.2367,223,42,0.2301,-0.7743,3.2160,2.2495,1.0044,0.2607,0.2301,3,215,1,42
00-0039163,C.Stroud,HOU,2025,,507,0.0461,-1.1894,8.0774,0.0973,0.0493,0.2611,442,65,0.2227,-1.1554,2.1204,3.1481,1.3781,0.2307,0.2227,10,417,3,65
00-0036389,J.Hurts,PHI,2025,,534,0.0408,1.3422,8.8362,0.1419,0.0768,0.3216,476,58,0.1735,-1.0477,2.2065,1.2290,1.2212,0.1607,0.1735,6,435,0,58
00-0034796,L.Jackson,BAL,2025,,342,0.0713,1.7426,8.5179,0.1286,0.0819,0.3190,286,56,0.3418,-1.3106,2.7514,2.0941,1.6524,0.2168,0.3418,6,258,1,56
00-0040743,T.Shough,NO,2025,,298,0.0384,3.2324,7.7098,0.1020,0.0503,0.3288,261,37,0.2487,-1.4450,2.3018,2.3057,1.6937,0.2667,0.2487,4,246,0,37
00-0033077,D.Prescott,DAL,2025,,591,0.2201,2.4884,7.8885,0.1097,0.0423,0.2161,507,84,0.3268,-0.4237,2.0732,3.5686,0.7505,0.2158,0.3268,3,482,2,84
00-0026498,M.Stafford,LA,2025,,727,0.2084,0.5718,9.6618,0.1633,0.0096,0.2301,640,87,0.3443,-0.7914,2.3340,2.5059,1.1358,0.1801,0.3443,8,633,1,87
00-0039918,C.Williams,CHI,2025,,701,0.1175,-4.3197,8.8458,0.1542,0.0670,0.2076,628,73,0.2271,-0.8253,2.0487,1.9717,1.0524,0.1740,0.2271,11,581,1,73
00-0026158,J.Flacco,CIN,2025,,375,-0.0612,-2.9933,7.5662,0.1183,0.0080,0.2071,319,56,0.1464,-1.2438,1.8789,4.1403,1.3901,0.2825,0.1464,5,316,4,56
00-0039923,J.McCarthy,MIN,2025,,255,-0.1448,-5.1923,8.6542,0.1402,0.0549,0.2600,198,57,0.0608,-0.8593,2.9346,3.2923,0.9201,0.2694,0.0608,8,184,1,57
00-0036355,J.Herbert,LAC,2025,,604,0.0371,1.7139,7.7840,0.1260,0.0844,0.2761,478,126,0.2753,-0.8668,2.3220,2.1110,1.1421,0.1470,0.2753,9,427,3,126
00-0040691,J.Dart,NYG,2025,,357,0.0224,-0.9919,8.0481,0.1271,0.0924,0.2947,294,63,0.2050,-0.8295,1.8393,2.4333,1.0345,0.2118,0.2050,2,261,1,63
00-0033119,J.Brissett,ARI,2025,,456,-0.0088,0.6701,7.5739,0.1003,0.0395,0.2643,363,93,0.2506,-1.0209,1.7738,4.0612,1.2715,0.2204,0.2506,7,345,1,93
00-0035228,K.Murray,ARI,2025,,182,0.0731,-1.3076,5.7237,0.0987,0.0769,0.2974,158,24,0.2402,-1.0265,1.5319,1.2583,1.2666,0.2493,0.2402,2,144,0,24
00-0035710,D.Jones,IND,2025,,399,0.1544,2.1556,7.9915,0.1020,0.0526,0.2345,338,61,0.2982,-0.6422,1.9416,2.7236,0.9403,0.2245,0.2982,7,317,0,61
00-0039851,D.Maye,NE,2025,,694,0.2357,7.3782,9.5356,0.1601,0.1009,0.3393,586,108,0.4435,-0.8918,2.2713,2.7642,1.3354,0.1717,0.4435,10,516,1,108
00-0028118,T.Taylor,NYJ,2025,,132,-0.1329,-2.9023,8.4206,0.1402,0.1288,0.2171,110,22,-0.0478,-0.5582,2.3434,2.0436,0.5104,0.3379,-0.0478,4,93,0,22
00-0039917,M.Penix,ATL,2025,,295,0.0497,-2.5317,8.0672,0.1194,0.0441,0.2525,267,28,0.1738,-1.1337,2.3320,2.4500,1.3075,0.3102,0.1738,3,254,0,28
00-0032268,M.Mariota,WAS,2025,,223,0.0331,3.1615,10.1804,0.1753,0.0628,0.2341,193,30,0.2911,-1.6264,2.4127,4.9578,1.9174,0.4216,0.2911,3,179,3,30
00-0023459,A.Rodgers,PIT,2025,,519,0.0077,-0.5270,6.3634,0.1008,0.0231,0.2797,456,63,0.1758,-1.2091,1.9967,3.5278,1.3849,0.2457,0.1758,4,444,1,63
00-0036972,M.Jones,SF,2025,,284,0.1449,3.1116,7.2672,0.0763,0.0246,0.2208,242,42,0.3426,-0.9944,1.8857,2.3128,1.3370,0.2507,0.3426,4,235,0,42
00-0036971,T.Lawrence,JAX,2025,,630,0.0755,-1.8380,8.6150,0.1277,0.0667,0.2954,553,77,0.2059,-0.8611,2.0873,3.1215,1.0670,0.2105,0.2059,12,511,2,77
00-0040668,S.Sanders,CLE,2025,,220,-0.2476,-6.9884,7.3514,0.1405,0.0727,0.2202,160,60,0.0662,-1.0846,2.4530,4.4721,1.1509,0.2998,0.0662,4,144,5,60
00-0034857,J.Allen,BUF,2025,,594,0.1407,3.3932,7.3434,0.1172,0.0875,0.3026,517,77,0.3159,-1.0360,2.3379,2.4959,1.3519,0.1922,0.3159,10,465,2,77
00-0030565,G.Smith,LV,2025,,435,-0.1757,-1.3332,6.0511,0.0995,0.0345,0.3207,352,83,0.0869,-1.2894,2.7803,1.7394,1.3762,0.1699,0.0869,14,337,1,83
00-0036945,J.Fields,NYJ,2025,,208,-0.1377,-2.9526,6.7987,0.0755,0.1106,0.2811,161,47,0.1217,-1.0262,1.8554,1.4769,1.1479,0.2072,0.1217,1,138,0,47
00-0029604,K.Cousins,ATL,2025,,250,0.0278,-2.2182,7.0812,0.0940,0.0080,0.2087,209,41,0.1676,-0.6848,2.3991,1.5693,0.8524,0.2231,0.1676,3,207,1,41
00-0029263,R.Wilson,NYG,2025,,121,-0.0966,-0.4724,8.8447,0.1650,0.0661,0.2324,96,25,0.1534,-1.0565,2.3521,1.0001,1.2099,0.2540,0.1534,3,88,0,25
00-0039150,B.Young,CAR,2025,,532,-0.0452,-0.5348,6.6652,0.0880,0.0658,0.2395,453,79,0.0738,-0.7278,2.4467,3.4145,0.8016,0.2205,0.0738,10,418,1,79
00-0033106,J.Goff,DET,2025,,559,0.1725,2.0870,6.4338,0.0691,0.0089,0.2271,455,104,0.4047,-0.8434,2.1571,2.3665,1.2481,0.1658,0.4047,5,450,3,104
00-0032950,C.Wentz,MIN,2025,,179,0.0113,0.8915,7.6689,0.1192,0.0503,0.2848,146,33,0.2587,-1.0835,1.3960,2.9146,1.3422,0.3129,0.2587,2,137,2,33
00-0036264,J.Love,GB,2025,,512,0.2964,5.9040,8.9443,0.1542,0.0449,0.2142,444,68,0.4736,-0.8607,1.9904,2.8255,1.3343,0.2146,0.4736,2,421,4,68
00-0040398,B.Cook,NYJ,2025,,109,-0.4576,-12.5982,4.8261,0.0543,0.0459,0.2667,89,20,-0.2572,-1.3491,1.1887,1.6988,1.0918,0.3135,-0.2572,3,84,0,20
00-0034855,B.Mayfield,TB,2025,,583,0.0628,-1.5262,8.0200,0.1297,0.0720,0.3462,534,49,0.1863,-1.2831,2.2633,1.3860,1.4695,0.1803,0.1863,11,492,0,49
00-0035100,J.Browning,CIN,2025,,113,-0.4998,-2.5051,7.8190,0.1333,0.0265,0.1906,93,20,-0.2954,-1.4501,3.4799,6.4024,1.1547,0.5979,-0.2954,5,90,3,20
00-0039376,S.Rattler,NO,2025,,274,-0.0865,2.3529,7.7603,0.1281,0.0584,0.2636,242,32,0.0202,-0.8939,2.1561,2.8347,0.9141,0.3122,0.0202,2,226,1,32
00-0040676,C.Ward,TEN,2025,,472,-0.1669,-3.5878,7.3676,0.1078,0.0403,0.3053,385,87,0.0927,-1.3154,1.8034,4.0926,1.4080,0.2274,0.0927,4,366,1,87
00-0034869,S.Darnold,SEA,2025,,584,0.1634,4.9864,8.0933,0.1138,0.0257,0.2690,510,74,0.3024,-0.7940,2.3631,4.2013,1.0963,0.2478,0.3024,10,495,2,74
00-0039910,J.Daniels,WAS,2025,,215,-0.0145,-2.9490,7.8354,0.1098,0.1628,0.2974,190,25,0.0985,-0.8736,2.1871,3.6301,0.9722,0.3959,0.0985,2,155,1,25
00-0036898,D.Mills,HOU,2025,,163,-0.1040,-6.6819,8.4490,0.1156,0.0368,0.2303,144,19,0.0263,-1.0917,1.4427,2.2618,1.1180,0.3593,0.0263,1,138,0,19
00-0036212,T.Tagovailoa,MIA,2025,,369,-0.0068,1.8843,6.6697,0.0871,0.0217,0.3229,326,43,0.1406,-1.1238,2.4193,1.5817,1.2644,0.2102,0.1406,12,318,0,43
00-0040704,D.Gabriel,CLE,2025,,157,-0.1535,-8.4764,5.8358,0.0522,0.0573,0.2753,134,23,-0.0256,-0.8991,1.4784,1.4217,0.8735,0.2699,-0.0256,2,125,0,23
00-0039732,B.Nix,DEN,2025,,652,0.1113,-1.5051,7.2500,0.1191,0.0521,0.2083,588,64,0.1976,-0.6810,1.7846,2.8464,0.8785,0.2180,0.1976,9,554,2,64
00-0037834,B.Purdy,SF,2025,,354,0.1780,5.7417,7.5674,0.1160,0.0621,0.2110,314,40,0.2900,-0.7015,2.5714,3.7139,0.9915,0.3179,0.2900,10,292,2,40
00-0033119,J.Brissett,ARI,2026,,116,0.1375,3.7593,6.1892,0.0631,0.0172,0.1759,101,15,0.2366,-0.5299,1.0433,1.9496,0.7664,0.3746,0.2366,0,99,1,15
00-0033873,P.Mahomes,KC,2026,,104,0.2255,2.2136,6.0000,0.1064,0.0673,0.1855,92,12,0.2716,-0.1282,2.2893,2.4749,0.3998,0.4808,0.2716,2,85,0,12
00-0036442,J.Burrow,CIN,2026,,106,0.1694,4.3661,6.6907,0.0722,0.0283,0.2000,86,20,0.3545,-0.6265,1.6725,6.9720,0.9810,0.6067,0.3545,0,83,1,20
00-0030565,G.Smith,NYJ,2026,,117,0.1911,11.0741,7.1224,0.1020,0.0684,0.2531,102,15,0.3849,-1.1267,1.5874,1.8532,1.5116,0.3730,0.3849,0,94,0,15
00-0039163,C.Stroud,HOU,2026,,112,0.0615,-2.9451,9.4059,0.1386,0.0446,0.2095,95,17,0.3056,-1.3028,1.1939,0.9877,1.6084,0.2658,0.3056,0,90,0,17
00-0023459,A.Rodgers,PIT,2026,,109,-0.1836,-2.4345,9.5050,0.1881,0.0183,0.2062,91,18,-0.0526,-0.8456,1.7672,4.7506,0.7930,0.5323,-0.0526,1,89,0,18
00-0033077,D.Prescott,DAL,2026,,104,0.2755,5.9216,7.1413,0.0870,0.0769,0.1729,88,16,0.4325,-0.5885,1.8699,1.6941,1.0210,0.3566,0.4325,1,80,0,16
00-0034855,B.Mayfield,TB,2026,,117,-0.2686,-0.1491,8.8000,0.1474,0.0769,0.2767,96,21,0.0598,-1.7698,2.3141,2.3848,1.8296,0.3710,0.0598,1,87,1,21
00-0040743,T.Shough,NO,2026,,144,0.0534,4.0006,7.7422,0.1094,0.0347,0.2423,123,21,0.2899,-1.3323,2.0771,5.9088,1.6222,0.5461,0.2899,2,118,1,21
00-0039150,B.Young,CAR,2026,,119,0.0874,3.7331,9.1273,0.1636,0.0168,0.2219,102,17,0.2893,-1.1236,2.4307,1.3423,1.4129,0.3206,0.2893,2,100,0,17
00-0026498,M.Stafford,LA,2026,,101,0.1094,0.2631,10.4362,0.1383,0.0198,0.1821,79,22,0.3002,-0.5758,3.5206,1.0930,0.8761,0.3070,0.3002,4,77,0,22
00-0033106,J.Goff,DET,2026,,108,0.2125,2.7444,6.2245,0.0408,0.0370,0.2000,88,20,0.3845,-0.5443,1.7817,1.7508,0.9288,0.3283,0.3845,0,84,0,20
