season,week,team,starter_qb_id,starter_name,starter_db,team_db,starter_share
2022,1,ARI,00-0035228,K.Murray,38,43,0.8837
2022,1,ATL,00-0032268,M.Mariota,32,32,1.0
2022,1,BAL,00-0034796,L.Jackson,32,32,1.0
2022,1,BUF,00-0034857,J.Allen,33,33,1.0
2022,1,CAR,00-0034855,B.Mayfield,31,31,1.0
2022,1,CHI,00-0036945,J.Fields,19,19,1.0
2022,1,CIN,00-0036442,J.Burrow,61,61,1.0
2022,1,CLE,00-0033119,J.Brissett,33,33,1.0
2022,1,DAL,00-0033077,D.Prescott,31,46,0.6739
2022,1,DEN,00-0029263,R.Wilson,44,44,1.0
2022,1,DET,00-0033106,J.Goff,38,38,1.0
2022,1,GB,00-0023459,A.Rodgers,38,42,0.9048
2022,1,HOU,00-0036898,D.Mills,40,40,1.0
2022,1,IND,00-0026143,M.Ryan,52,52,1.0
2022,1,JAX,00-0036971,T.Lawrence,45,45,1.0
2022,1,KC,00-0033873,P.Mahomes,39,39,1.0
2022,1,LA,00-0026498,M.Stafford,48,48,1.0
2022,1,LAC,00-0036355,J.Herbert,34,34,1.0
2022,1,LV,00-0031280,D.Carr,43,44,0.9773
2022,1,MIA,00-0036212,T.Tagovailoa,36,36,1.0
2022,1,MIN,00-0029604,K.Cousins,33,33,1.0
2022,1,NE,00-0036972,M.Jones,32,32,1.0
2022,1,NO,00-0031503,J.Winston,37,37,1.0
2022,1,NYG,00-0035710,D.Jones,27,27,1.0
2022,1,NYJ,00-0026158,J.Flacco,62,62,1.0
2022,1,PHI,00-0036389,J.Hurts,33,33,1.0
2022,1,PIT,00-0033869,M.Trubisky,38,38,1.0
2022,1,SEA,00-0030565,G.Smith,30,30,1.0
2022,1,SF,00-0037012,T.Lance,30,30,1.0
2022,1,TB,00-0019596,T.Brady,29,29,1.0
2022,1,TEN,00-0029701,R.Tannehill,33,33,1.0
2022,1,WAS,00-0032950,C.Wentz,44,44,1.0
2022,2,ARI,00-0035228,K.Murray,51,51,1.0
2022,2,ATL,00-0032268,M.Mariota,30,30,1.0
2022,2,BAL,00-0034796,L.Jackson,29,29,1.0
2022,2,BUF,00-0034857,J.Allen,39,41,0.9512
2022,2,CAR,00-0034855,B.Mayfield,31,31,1.0
2022,2,CHI,00-0036945,J.Fields,14,14,1.0
2022,2,CIN,00-0036442,J.Burrow,43,43,1.0
2022,2,CLE,00-0033119,J.Brissett,28,28,1.0
2022,2,DAL,00-0033662,C.Rush,31,31,1.0
2022,2,DEN,00-0029263,R.Wilson,34,34,1.0
2022,2,DET,00-0033106,J.Goff,37,37,1.0
2022,2,GB,00-0023459,A.Rodgers,28,28,1.0
2022,2,HOU,00-0036898,D.Mills,41,41,1.0
2022,2,IND,00-0026143,M.Ryan,35,35,1.0
2022,2,JAX,00-0036971,T.Lawrence,30,30,1.0
2022,2,KC,00-0033873,P.Mahomes,36,36,1.0
2022,2,LA,00-0026498,M.Stafford,37,37,1.0
2022,2,LAC,00-0036355,J.Herbert,50,50,1.0
2022,2,LV,00-0031280,D.Carr,40,40,1.0
2022,2,MIA,00-0036212,T.Tagovailoa,51,51,1.0
2022,2,MIN,00-0029604,K.Cousins,48,48,1.0
2022,2,NE,00-0036972,M.Jones,35,35,1.0
2022,2,NO,00-0031503,J.Winston,46,46,1.0
2022,2,NYG,00-0035710,D.Jones,37,37,1.0
2022,2,NYJ,00-0026158,J.Flacco,46,47,0.9787
2022,2,PHI,00-0036389,J.Hurts,34,34,1.0
2022,2,PIT,00-0033869,M.Trubisky,37,37,1.0
2022,2,SEA,00-0030565,G.Smith,32,33,0.9697
2022,2,SF,00-0031345,J.Garoppolo,22,25,0.88
2022,2,TB,00-0019596,T.Brady,35,35,1.0
2022,2,TEN,00-0029701,R.Tannehill,22,26,0.8462
2022,2,WAS,00-0032950,C.Wentz,53,53,1.0
2022,3,ARI,00-0035228,K.Murray,60,60,1.0
2022,3,ATL,00-0032268,M.Mariota,23,23,1.0
2022,3,BAL,00-0034796,L.Jackson,33,33,1.0
2022,3,BUF,00-0034857,J.Allen,66,66,1.0
2022,3,CAR,00-0034855,B.Mayfield,28,28,1.0
2022,3,CHI,00-0036945,J.Fields,22,22,1.0
2022,3,CIN,00-0036442,J.Burrow,38,38,1.0
2022,3,CLE,00-0033119,J.Brissett,33,33,1.0
2022,3,DAL,00-0033662,C.Rush,31,31,1.0
2022,3,DEN,00-0029263,R.Wilson,38,38,1.0
2022,3,DET,00-0033106,J.Goff,40,40,1.0
2022,3,GB,00-0023459,A.Rodgers,36,36,1.0
2022,3,HOU,00-0036898,D.Mills,33,33,1.0
2022,3,IND,00-0026143,M.Ryan,42,42,1.0
2022,3,JAX,00-0036971,T.Lawrence,40,40,1.0
2022,3,KC,00-0033873,P.Mahomes,37,38,0.9737
2022,3,LA,00-0026498,M.Stafford,26,26,1.0
2022,3,LAC,00-0036355,J.Herbert,46,46,1.0
2022,3,LV,00-0031280,D.Carr,46,47,0.9787
2022,3,MIA,00-0036212,T.Tagovailoa,19,22,0.8636
2022,3,MIN,00-0029604,K.Cousins,41,41,1.0
2022,3,NE,00-0036972,M.Jones,36,36,1.0
2022,3,NO,00-0031503,J.Winston,42,42,1.0
2022,3,NYG,00-0035710,D.Jones,42,42,1.0
2022,3,NYJ,00-0026158,J.Flacco,56,56,1.0
2022,3,PHI,00-0036389,J.Hurts,38,38,1.0
2022,3,PIT,00-0033869,M.Trubisky,33,33,1.0
2022,3,SEA,00-0030565,G.Smith,46,46,1.0
2022,3,SF,00-0031345,J.Garoppolo,33,33,1.0
2022,3,TB,00-0019596,T.Brady,46,46,1.0
2022,3,TEN,00-0029701,R.Tannehill,28,28,1.0
2022,3,WAS,00-0032950,C.Wentz,53,53,1.0
2022,4,ARI,00-0035228,K.Murray,34,34,1.0
2022,4,ATL,00-0032268,M.Mariota,20,20,1.0
2022,4,BAL,00-0034796,L.Jackson,31,31,1.0
2022,4,BUF,00-0034857,J.Allen,37,37,1.0
2022,4,CAR,00-0034855,B.Mayfield,39,39,1.0
2022,4,CHI,00-0036945,J.Fields,28,28,1.0
2022,4,CIN,00-0036442,J.Burrow,32,33,0.9697
2022,4,CLE,00-0033119,J.Brissett,36,36,1.0
2022,4,DAL,00-0033662,C.Rush,28,28,1.0
2022,4,DEN,00-0029263,R.Wilson,28,28,1.0
2022,4,DET,00-0033106,J.Goff,41,42,0.9762
2022,4,GB,00-0023459,A.Rodgers,36,36,1.0
2022,4,HOU,00-0036898,D.Mills,39,39,1.0
2022,4,IND,00-0026143,M.Ryan,40,40,1.0
2022,4,JAX,00-0036971,T.Lawrence,27,27,1.0
2022,4,KC,00-0033873,P.Mahomes,40,40,1.0
2022,4,LA,00-0026498,M.Stafford,55,55,1.0
2022,4,LAC,00-0036355,J.Herbert,40,40,1.0
2022,4,LV,00-0031280,D.Carr,36,36,1.0
2022,4,MIA,00-0031237,T.Bridgewater,23,38,0.6053
2022,4,MIN,00-0029604,K.Cousins,41,42,0.9762
2022,4,NE,00-0038108,B.Zappe,18,25,0.72
2022,4,NO,00-0027973,A.Dalton,31,31,1.0
2022,4,NYG,00-0035710,D.Jones,14,17,0.8235
2022,4,NYJ,00-0037013,Z.Wilson,37,38,0.9737
2022,4,PHI,00-0036389,J.Hurts,28,28,1.0
2022,4,PIT,00-0033869,M.Trubisky,16,29,0.5517
2022,4,SEA,00-0030565,G.Smith,30,30,1.0
2022,4,SF,00-0031345,J.Garoppolo,27,27,1.0
2022,4,TB,00-0019596,T.Brady,53,53,1.0
2022,4,TEN,00-0029701,R.Tannehill,24,24,1.0
2022,4,WAS,00-0032950,C.Wentz,44,44,1.0
2022,5,ARI,00-0035228,K.Murray,41,41,1.0
2022,5,ATL,00-0032268,M.Mariota,31,31,1.0
2022,5,BAL,00-0034796,L.Jackson,33,33,1.0
2022,5,BUF,00-0034857,J.Allen,31,36,0.8611
2022,5,CAR,00-0034855,B.Mayfield,40,48,0.8333
2022,5,CHI,00-0036945,J.Fields,24,24,1.0
2022,5,CIN,00-0036442,J.Burrow,37,38,0.9737
2022,5,CLE,00-0033119,J.Brissett,34,34,1.0
2022,5,DAL,00-0033662,C.Rush,19,19,1.0
2022,5,DEN,00-0029263,R.Wilson,43,43,1.0
2022,5,DET,00-0033106,J.Goff,37,37,1.0
2022,5,GB,00-0023459,A.Rodgers,41,41,1.0
2022,5,HOU,00-0036898,D.Mills,25,25,1.0
2022,5,IND,00-0026143,M.Ryan,46,46,1.0
2022,5,JAX,00-0036971,T.Lawrence,46,46,1.0
2022,5,KC,00-0033873,P.Mahomes,47,47,1.0
2022,5,LA,00-0026498,M.Stafford,47,49,0.9592
2022,5,LAC,00-0036355,J.Herbert,35,35,1.0
2022,5,LV,00-0031280,D.Carr,32,32,1.0
2022,5,MIA,00-0037327,S.Thompson,35,36,0.9722
2022,5,MIN,00-0029604,K.Cousins,42,43,0.9767
2022,5,NE,00-0038108,B.Zappe,21,21,1.0
2022,5,NO,00-0027973,A.Dalton,25,26,0.9615
2022,5,NYG,00-0035710,D.Jones,28,28,1.0
2022,5,NYJ,00-0037013,Z.Wilson,23,23,1.0
2022,5,PHI,00-0036389,J.Hurts,38,38,1.0
2022,5,PIT,00-0038102,K.Pickett,55,55,1.0
2022,5,SEA,00-0030565,G.Smith,29,29,1.0
2022,5,SF,00-0031345,J.Garoppolo,32,32,1.0
2022,5,TB,00-0019596,T.Brady,53,53,1.0
2022,5,TEN,00-0029701,R.Tannehill,30,30,1.0
2022,5,WAS,00-0032950,C.Wentz,41,41,1.0
2022,6,ARI,00-0035228,K.Murray,43,43,1.0
2022,6,ATL,00-0032268,M.Mariota,16,16,1.0
2022,6,BAL,00-0034796,L.Jackson,34,34,1.0
2022,6,BUF,00-0034857,J.Allen,41,41,1.0
2022,6,CAR,00-0033275,P.Walker,18,23,0.7826
2022,6,CHI,00-0036945,J.Fields,32,32,1.0
2022,6,CIN,00-0036442,J.Burrow,41,41,1.0
2022,6,CLE,00-0033119,J.Brissett,50,50,1.0
2022,6,DAL,00-0033662,C.Rush,38,38,1.0
2022,6,DEN,00-0029263,R.Wilson,32,32,1.0
2022,6,GB,00-0023459,A.Rodgers,45,49,0.9184
2022,6,IND,00-0026143,M.Ryan,59,59,1.0
2022,6,JAX,00-0036971,T.Lawrence,27,27,1.0
2022,6,KC,00-0033873,P.Mahomes,43,43,1.0
2022,6,LA,00-0026498,M.Stafford,34,34,1.0
2022,6,LAC,00-0036355,J.Herbert,59,59,1.0
2022,6,MIA,00-0031237,T.Bridgewater,40,54,0.7407
2022,6,MIN,00-0029604,K.Cousins,34,34,1.0
2022,6,NE,00-0038108,B.Zappe,36,36,1.0
2022,6,NO,00-0027973,A.Dalton,33,37,0.8919
2022,6,NYG,00-0035710,D.Jones,31,31,1.0
2022,6,NYJ,00-0037013,Z.Wilson,20,20,1.0
2022,6,PHI,00-0036389,J.Hurts,29,29,1.0
2022,6,PIT,00-0038102,K.Pickett,19,32,0.5938
2022,6,SEA,00-0030565,G.Smith,36,36,1.0
2022,6,SF,00-0031345,J.Garoppolo,41,41,1.0
2022,6,TB,00-0019596,T.Brady,42,42,1.0
2022,6,WAS,00-0032950,C.Wentz,26,26,1.0
2022,7,ARI,00-0035228,K.Murray,32,32,1.0
2022,7,ATL,00-0032268,M.Mariota,16,16,1.0
2022,7,BAL,00-0034796,L.Jackson,19,19,1.0
2022,7,CAR,00-0033275,P.Walker,23,23,1.0
2022,7,CHI,00-0036945,J.Fields,25,25,1.0
2022,7,CIN,00-0036442,J.Burrow,45,45,1.0
2022,7,CLE,00-0033119,J.Brissett,32,32,1.0
2022,7,DAL,00-0033077,D.Prescott,27,27,1.0
2022,7,DEN,00-0034955,B.Rypien,47,47,1.0
2022,7,DET,00-0033106,J.Goff,31,31,1.0
2022,7,GB,00-0023459,A.Rodgers,34,34,1.0
2022,7,HOU,00-0036898,D.Mills,42,42,1.0
2022,7,IND,00-0026143,M.Ryan,47,47,1.0
2022,7,JAX,00-0036971,T.Lawrence,43,44,0.9773
2022,7,KC,00-0033873,P.Mahomes,35,37,0.9459
2022,7,LAC,00-0036355,J.Herbert,54,54,1.0
2022,7,LV,00-0031280,D.Carr,28,28,1.0
2022,7,MIA,00-0036212,T.Tagovailoa,35,35,1.0
2022,7,NE,00-0038108,B.Zappe,23,29,0.7931
2022,7,NO,00-0027973,A.Dalton,47,49,0.9592
2022,7,NYG,00-0035710,D.Jones,31,31,1.0
2022,7,NYJ,00-0037013,Z.Wilson,29,29,1.0
2022,7,PIT,00-0038102,K.Pickett,45,45,1.0
2022,7,SEA,00-0030565,G.Smith,29,29,1.0
2022,7,SF,00-0031345,J.Garoppolo,42,51,0.8235
2022,7,TB,00-0019596,T.Brady,50,50,1.0
2022,7,TEN,00-0029701,R.Tannehill,22,22,1.0
2022,7,WAS,00-0031800,T.Heinicke,34,34,1.0
2022,8,ARI,00-0035228,K.Murray,48,48,1.0
2022,8,ATL,00-0032268,M.Mariota,30,30,1.0
2022,8,BAL,00-0034796,L.Jackson,40,40,1.0
2022,8,BUF,00-0034857,J.Allen,27,27,1.0
2022,8,CAR,00-0033275,P.Walker,37,37,1.0
2022,8,CHI,00-0036945,J.Fields,29,30,0.9667
2022,8,CIN,00-0036442,J.Burrow,40,40,1.0
2022,8,CLE,00-0033119,J.Brissett,23,24,0.9583
2022,8,DAL,00-0033077,D.Prescott,28,28,1.0
2022,8,DEN,00-0029263,R.Wilson,32,32,1.0
2022,8,DET,00-0033106,J.Goff,38,38,1.0
2022,8,GB,00-0023459,A.Rodgers,32,32,1.0
2022,8,HOU,00-0036898,D.Mills,32,33,0.9697
2022,8,IND,00-0036879,S.Ehlinger,25,25,1.0
2022,8,JAX,00-0036971,T.Lawrence,33,33,1.0
2022,8,LA,00-0026498,M.Stafford,35,35,1.0
2022,8,LV,00-0031280,D.Carr,29,43,0.6744
2022,8,MIA,00-0036212,T.Tagovailoa,38,38,1.0
2022,8,MIN,00-0029604,K.Cousins,39,39,1.0
2022,8,NE,00-0036972,M.Jones,41,41,1.0
2022,8,NO,00-0027973,A.Dalton,30,31,0.9677
2022,8,NYG,00-0035710,D.Jones,36,36,1.0
2022,8,NYJ,00-0037013,Z.Wilson,43,43,1.0
2022,8,PHI,00-0036389,J.Hurts,31,33,0.9394
2022,8,PIT,00-0038102,K.Pickett,44,46,0.9565
2022,8,SEA,00-0030565,G.Smith,37,37,1.0
2022,8,SF,00-0031345,J.Garoppolo,28,29,0.9655
2022,8,TB,00-0019596,T.Brady,46,46,1.0
2022,8,TEN,00-0038128,M.Willis,13,13,1.0
2022,8,WAS,00-0031800,T.Heinicke,33,33,1.0
2022,9,ARI,00-0035228,K.Murray,40,40,1.0
2022,9,ATL,00-0032268,M.Mariota,25,25,1.0
2022,9,BAL,00-0034796,L.Jackson,25,25,1.0
2022,9,BUF,00-0034857,J.Allen,39,39,1.0
2022,9,CAR,00-0034855,B.Mayfield,20,30,0.6667
2022,9,CHI,00-0036945,J.Fields,31,31,1.0
2022,9,CIN,00-0036442,J.Burrow,29,33,0.8788
2022,9,DET,00-0033106,J.Goff,26,26,1.0
2022,9,GB,00-0023459,A.Rodgers,45,45,1.0
2022,9,HOU,00-0036898,D.Mills,25,25,1.0
2022,9,IND,00-0036879,S.Ehlinger,38,38,1.0
2022,9,JAX,00-0036971,T.Lawrence,30,30,1.0
2022,9,KC,00-0033873,P.Mahomes,72,72,1.0
2022,9,LA,00-0026498,M.Stafford,31,31,1.0
2022,9,LAC,00-0036355,J.Herbert,43,43,1.0
2022,9,LV,00-0031280,D.Carr,38,38,1.0
2022,9,MIA,00-0036212,T.Tagovailoa,30,30,1.0
2022,9,MIN,00-0029604,K.Cousins,42,43,0.9767
2022,9,NE,00-0036972,M.Jones,34,34,1.0
2022,9,NO,00-0027973,A.Dalton,33,34,0.9706
2022,9,NYJ,00-0037013,Z.Wilson,27,27,1.0
2022,9,PHI,00-0036389,J.Hurts,31,31,1.0
2022,9,SEA,00-0030565,G.Smith,36,36,1.0
2022,9,TB,00-0019596,T.Brady,58,58,1.0
2022,9,TEN,00-0038128,M.Willis,19,19,1.0
2022,9,WAS,00-0031800,T.Heinicke,31,31,1.0
2022,10,ARI,00-0027688,C.McCoy,39,39,1.0
2022,10,ATL,00-0032268,M.Mariota,34,34,1.0
2022,10,BUF,00-0034857,J.Allen,45,45,1.0
2022,10,CAR,00-0033275,P.Walker,17,17,1.0
2022,10,CHI,00-0036945,J.Fields,23,23,1.0
2022,10,CLE,00-0033119,J.Brissett,38,38,1.0
2022,10,DAL,00-0033077,D.Prescott,48,48,1.0
2022,10,DEN,00-0029263,R.Wilson,48,48,1.0
2022,10,DET,00-0033106,J.Goff,28,28,1.0
2022,10,GB,00-0023459,A.Rodgers,22,22,1.0
2022,10,HOU,00-0036898,D.Mills,41,41,1.0
2022,10,IND,00-0026143,M.Ryan,31,31,1.0
2022,10,JAX,00-0036971,T.Lawrence,45,45,1.0
2022,10,KC,00-0033873,P.Mahomes,35,35,1.0
2022,10,LA,00-0034899,J.Wolford,39,40,0.975
2022,10,LAC,00-0036355,J.Herbert,37,40,0.925
2022,10,LV,00-0031280,D.Carr,41,41,1.0
2022,10,MIA,00-0036212,T.Tagovailoa,32,34,0.9412
2022,10,MIN,00-0029604,K.Cousins,54,54,1.0
2022,10,NO,00-0027973,A.Dalton,29,30,0.9667
2022,10,NYG,00-0035710,D.Jones,20,20,1.0
2022,10,PHI,00-0036389,J.Hurts,27,27,1.0
2022,10,PIT,00-0038102,K.Pickett,36,36,1.0
2022,10,SEA,00-0030565,G.Smith,37,37,1.0
2022,10,SF,00-0031345,J.Garoppolo,29,29,1.0
2022,10,TB,00-0019596,T.Brady,29,30,0.9667
2022,10,TEN,00-0029701,R.Tannehill,37,37,1.0
2022,10,WAS,00-0031800,T.Heinicke,30,30,1.0
2022,11,ARI,00-0027688,C.McCoy,37,47,0.7872
2022,11,ATL,00-0032268,M.Mariota,18,18,1.0
2022,11,BAL,00-0034796,L.Jackson,36,36,1.0
2022,11,BUF,00-0034857,J.Allen,29,29,1.0
2022,11,CAR,00-0034855,B.Mayfield,37,37,1.0
2022,11,CHI,00-0036945,J.Fields,25,25,1.0
2022,11,CIN,00-0036442,J.Burrow,41,41,1.0
2022,11,CLE,00-0033119,J.Brissett,42,42,1.0
2022,11,DAL,00-0033077,D.Prescott,25,30,0.8333
2022,11,DEN,00-0029263,R.Wilson,34,34,1.0
2022,11,DET,00-0033106,J.Goff,26,26,1.0
2022,11,GB,00-0023459,A.Rodgers,41,41,1.0
2022,11,HOU,00-0036898,D.Mills,38,38,1.0
2022,11,IND,00-0026143,M.Ryan,36,36,1.0
2022,11,KC,00-0033873,P.Mahomes,35,35,1.0
2022,11,LA,00-0026498,M.Stafford,19,31,0.6129
2022,11,LAC,00-0036355,J.Herbert,35,35,1.0
2022,11,LV,00-0031280,D.Carr,38,38,1.0
2022,11,MIN,00-0029604,K.Cousins,30,37,0.8108
2022,11,NE,00-0036972,M.Jones,33,33,1.0
2022,11,NO,00-0027973,A.Dalton,28,32,0.875
2022,11,NYG,00-0035710,D.Jones,47,47,1.0
2022,11,NYJ,00-0037013,Z.Wilson,26,26,1.0
2022,11,PHI,00-0036389,J.Hurts,28,28,1.0
2022,11,PIT,00-0038102,K.Pickett,44,44,1.0
2022,11,SF,00-0031345,J.Garoppolo,29,29,1.0
2022,11,TEN,00-0029701,R.Tannehill,30,32,0.9375
2022,11,WAS,00-0031800,T.Heinicke,27,27,1.0
2022,12,ARI,00-0035228,K.Murray,30,30,1.0
2022,12,ATL,00-0032268,M.Mariota,26,26,1.0
2022,12,BAL,00-0034796,L.Jackson,34,34,1.0
2022,12,BUF,00-0034857,J.Allen,45,45,1.0
2022,12,CAR,00-0034869,S.Darnold,19,19,1.0
2022,12,CHI,00-0032156,T.Siemian,27,27,1.0
2022,12,CIN,00-0036442,J.Burrow,38,38,1.0
2022,12,CLE,00-0033119,J.Brissett,41,41,1.0
2022,12,DAL,00-0033077,D.Prescott,30,30,1.0
2022,12,DEN,00-0029263,R.Wilson,38,38,1.0
2022,12,DET,00-0033106,J.Goff,39,39,1.0
2022,12,GB,00-0023459,A.Rodgers,19,28,0.6786
2022,12,HOU,00-0034577,K.Allen,45,45,1.0
2022,12,IND,00-0026143,M.Ryan,37,37,1.0
2022,12,JAX,00-0036971,T.Lawrence,42,42,1.0
2022,12,KC,00-0033873,P.Mahomes,42,42,1.0
2022,12,LA,00-0035939,B.Perkins,26,27,0.963
2022,12,LAC,00-0036355,J.Herbert,52,52,1.0
2022,12,LV,00-0031280,D.Carr,37,37,1.0
2022,12,MIA,00-0036212,T.Tagovailoa,39,45,0.8667
2022,12,MIN,00-0029604,K.Cousins,38,39,0.9744
2022,12,NE,00-0036972,M.Jones,41,41,1.0
2022,12,NO,00-0027973,A.Dalton,30,31,0.9677
2022,12,NYG,00-0035710,D.Jones,35,35,1.0
2022,12,NYJ,00-0034401,M.White,29,30,0.9667
2022,12,PHI,00-0036389,J.Hurts,30,30,1.0
2022,12,PIT,00-0038102,K.Pickett,32,32,1.0
2022,12,SEA,00-0030565,G.Smith,40,40,1.0
2022,12,SF,00-0031345,J.Garoppolo,38,38,1.0
2022,12,TB,00-0019596,T.Brady,46,46,1.0
2022,12,TEN,00-0029701,R.Tannehill,35,35,1.0
2022,12,WAS,00-0031800,T.Heinicke,23,23,1.0
2022,13,ATL,00-0032268,M.Mariota,25,25,1.0
2022,13,BAL,00-0035993,T.Huntley,33,40,0.825
2022,13,BUF,00-0034857,J.Allen,35,35,1.0
2022,13,CHI,00-0036945,J.Fields,25,25,1.0
2022,13,CIN,00-0036442,J.Burrow,32,32,1.0
2022,13,CLE,00-0033537,D.Watson,23,23,1.0
2022,13,DAL,00-0033077,D.Prescott,31,32,0.9688
2022,13,DEN,00-0029263,R.Wilson,24,24,1.0
2022,13,DET,00-0033106,J.Goff,43,43,1.0
2022,13,GB,00-0023459,A.Rodgers,32,32,1.0
2022,13,HOU,00-0034577,K.Allen,40,40,1.0
2022,13,IND,00-0026143,M.Ryan,41,41,1.0
2022,13,JAX,00-0036971,T.Lawrence,34,37,0.9189
2022,13,KC,00-0033873,P.Mahomes,29,29,1.0
2022,13,LA,00-0034899,J.Wolford,30,30,1.0
2022,13,LAC,00-0036355,J.Herbert,52,52,1.0
2022,13,LV,00-0031280,D.Carr,30,30,1.0
2022,13,MIA,00-0036212,T.Tagovailoa,36,37,0.973
2022,13,MIN,00-0029604,K.Cousins,37,37,1.0
2022,13,NE,00-0036972,M.Jones,37,37,1.0
2022,13,NO,00-0027973,A.Dalton,30,31,0.9677
2022,13,NYG,00-0035710,D.Jones,33,33,1.0
2022,13,NYJ,00-0034401,M.White,58,59,0.9831
2022,13,PHI,00-0036389,J.Hurts,41,43,0.9535
2022,13,PIT,00-0038102,K.Pickett,28,28,1.0
2022,13,SEA,00-0030565,G.Smith,43,43,1.0
2022,13,SF,00-0037834,B.Purdy,40,45,0.8889
2022,13,TB,00-0019596,T.Brady,55,55,1.0
2022,13,TEN,00-0029701,R.Tannehill,28,32,0.875
2022,13,WAS,00-0031800,T.Heinicke,46,46,1.0
2022,14,ARI,00-0027688,C.McCoy,46,47,0.9787
2022,14,BAL,00-0035993,T.Huntley,13,19,0.6842
2022,14,BUF,00-0034857,J.Allen,30,30,1.0
2022,14,CAR,00-0034869,S.Darnold,26,26,1.0
2022,14,CIN,00-0036442,J.Burrow,34,35,0.9714
2022,14,CLE,00-0033537,D.Watson,43,44,0.9773
2022,14,DAL,00-0033077,D.Prescott,40,40,1.0
2022,14,DEN,00-0029263,R.Wilson,42,50,0.84
2022,14,DET,00-0033106,J.Goff,39,39,1.0
2022,14,HOU,00-0036898,D.Mills,20,26,0.7692
2022,14,JAX,00-0036971,T.Lawrence,43,43,1.0
2022,14,KC,00-0033873,P.Mahomes,44,44,1.0
2022,14,LA,00-0034855,B.Mayfield,38,38,1.0
2022,14,LAC,00-0036355,J.Herbert,55,55,1.0
2022,14,LV,00-0031280,D.Carr,20,20,1.0
2022,14,MIA,00-0036212,T.Tagovailoa,30,30,1.0
2022,14,MIN,00-0029604,K.Cousins,45,46,0.9783
2022,14,NE,00-0036972,M.Jones,36,36,1.0
2022,14,NYG,00-0035710,D.Jones,31,40,0.775
2022,14,NYJ,00-0034401,M.White,47,51,0.9216
2022,14,PHI,00-0036389,J.Hurts,35,35,1.0
2022,14,PIT,00-0033869,M.Trubisky,31,33,0.9394
2022,14,SEA,00-0030565,G.Smith,39,39,1.0
2022,14,SF,00-0037834,B.Purdy,21,23,0.913
2022,14,TB,00-0019596,T.Brady,55,55,1.0
2022,14,TEN,00-0029701,R.Tannehill,43,43,1.0
2022,15,ARI,00-0027688,C.McCoy,23,40,0.575
2022,15,ATL,00-0038122,D.Ridder,30,30,1.0
2022,15,BAL,00-0035993,T.Huntley,33,33,1.0
2022,15,BUF,00-0034857,J.Allen,42,42,1.0
2022,15,CAR,00-0034869,S.Darnold,26,26,1.0
2022,15,CHI,00-0036945,J.Fields,27,28,0.9643
2022,15,CIN,00-0036442,J.Burrow,42,42,1.0
2022,15,CLE,00-0033537,D.Watson,31,31,1.0
2022,15,DAL,00-0033077,D.Prescott,33,33,1.0
2022,15,DEN,00-0034955,B.Rypien,33,33,1.0
2022,15,DET,00-0033106,J.Goff,38,38,1.0
2022,15,GB,00-0023459,A.Rodgers,33,33,1.0
2022,15,HOU,00-0036898,D.Mills,24,30,0.8
2022,15,IND,00-0026143,M.Ryan,36,36,1.0
2022,15,JAX,00-0036971,T.Lawrence,43,43,1.0
2022,15,KC,00-0033873,P.Mahomes,44,44,1.0
2022,15,LA,00-0034855,B.Mayfield,26,26,1.0
2022,15,LAC,00-0036355,J.Herbert,43,43,1.0
2022,15,LV,00-0031280,D.Carr,41,41,1.0
2022,15,MIA,00-0036212,T.Tagovailoa,33,33,1.0
2022,15,MIN,00-0029604,K.Cousins,62,63,0.9841
2022,15,NE,00-0036972,M.Jones,32,32,1.0
2022,15,NO,00-0027973,A.Dalton,19,21,0.9048
2022,15,NYG,00-0035710,D.Jones,32,32,1.0
2022,15,NYJ,00-0037013,Z.Wilson,39,39,1.0
2022,15,PHI,00-0036389,J.Hurts,38,38,1.0
2022,15,PIT,00-0033869,M.Trubisky,23,23,1.0
2022,15,SEA,00-0030565,G.Smith,47,47,1.0
2022,15,SF,00-0037834,B.Purdy,27,27,1.0
2022,15,TB,00-0019596,T.Brady,46,46,1.0
2022,15,TEN,00-0029701,R.Tannehill,26,30,0.8667
2022,15,WAS,00-0031800,T.Heinicke,32,32,1.0
2022,16,ARI,00-0035146,T.McSorley,45,46,0.9783
2022,16,ATL,00-0038122,D.Ridder,35,35,1.0
2022,16,BAL,00-0035993,T.Huntley,17,17,1.0
2022,16,BUF,00-0034857,J.Allen,28,28,1.0
2022,16,CAR,00-0034869,S.Darnold,22,22,1.0
2022,16,CHI,00-0036945,J.Fields,25,29,0.8621
2022,16,CIN,00-0036442,J.Burrow,54,54,1.0
2022,16,CLE,00-0033537,D.Watson,33,33,1.0
2022,16,DAL,00-0033077,D.Prescott,41,41,1.0
2022,16,DEN,00-0029263,R.Wilson,33,41,0.8049
2022,16,DET,00-0033106,J.Goff,44,44,1.0
2022,16,GB,00-0023459,A.Rodgers,40,40,1.0
2022,16,HOU,00-0036898,D.Mills,30,34,0.8824
2022,16,IND,00-0029567,N.Foles,36,36,1.0
2022,16,JAX,00-0036971,T.Lawrence,32,32,1.0
2022,16,KC,00-0033873,P.Mahomes,29,29,1.0
2022,16,LA,00-0034855,B.Mayfield,28,28,1.0
2022,16,LAC,00-0036355,J.Herbert,35,35,1.0
2022,16,LV,00-0031280,D.Carr,33,33,1.0
2022,16,MIA,00-0036212,T.Tagovailoa,27,27,1.0
2022,16,MIN,00-0029604,K.Cousins,51,51,1.0
2022,16,NE,00-0036972,M.Jones,37,37,1.0
2022,16,NO,00-0027973,A.Dalton,15,15,1.0
2022,16,NYG,00-0035710,D.Jones,46,46,1.0
2022,16,NYJ,00-0037013,Z.Wilson,21,36,0.5833
2022,16,PHI,00-0035289,G.Minshew,39,39,1.0
2022,16,PIT,00-0038102,K.Pickett,39,39,1.0
2022,16,SEA,00-0030565,G.Smith,42,42,1.0
2022,16,SF,00-0037834,B.Purdy,25,25,1.0
2022,16,TB,00-0019596,T.Brady,48,48,1.0
2022,16,TEN,00-0038128,M.Willis,27,27,1.0
2022,16,WAS,00-0031800,T.Heinicke,20,37,0.5405
2022,17,ARI,00-0035040,D.Blough,42,42,1.0
2022,17,ATL,00-0038122,D.Ridder,27,27,1.0
2022,17,BAL,00-0035993,T.Huntley,21,21,1.0
2022,17,CAR,00-0034869,S.Darnold,37,37,1.0
2022,17,CHI,00-0036945,J.Fields,28,28,1.0
2022,17,CLE,00-0033537,D.Watson,23,23,1.0
2022,17,DAL,00-0033077,D.Prescott,42,42,1.0
2022,17,DEN,00-0029263,R.Wilson,42,42,1.0
2022,17,DET,00-0033106,J.Goff,30,31,0.9677
2022,17,GB,00-0023459,A.Rodgers,24,27,0.8889
2022,17,HOU,00-0036898,D.Mills,41,46,0.8913
2022,17,IND,00-0036879,S.Ehlinger,15,29,0.5172
2022,17,JAX,00-0036971,T.Lawrence,22,31,0.7097
2022,17,KC,00-0033873,P.Mahomes,42,42,1.0
2022,17,LA,00-0034855,B.Mayfield,22,22,1.0
2022,17,LAC,00-0036355,J.Herbert,28,31,0.9032
2022,17,LV,00-0035264,J.Stidham,34,34,1.0
2022,17,MIA,00-0037327,S.Thompson,22,42,0.5238
2022,17,MIN,00-0029604,K.Cousins,33,37,0.8919
2022,17,NE,00-0036972,M.Jones,36,36,1.0
2022,17,NO,00-0027973,A.Dalton,28,31,0.9032
2022,17,NYG,00-0035710,D.Jones,24,24,1.0
2022,17,NYJ,00-0034401,M.White,50,50,1.0
2022,17,PHI,00-0035289,G.Minshew,38,38,1.0
2022,17,PIT,00-0038102,K.Pickett,29,29,1.0
2022,17,SEA,00-0030565,G.Smith,33,33,1.0
2022,17,SF,00-0037834,B.Purdy,35,35,1.0
2022,17,TB,00-0019596,T.Brady,50,50,1.0
2022,17,TEN,00-0033949,J.Dobbs,41,41,1.0
2022,17,WAS,00-0032950,C.Wentz,31,31,1.0
2022,18,ARI,00-0035040,D.Blough,21,30,0.7
2022,18,ATL,00-0038122,D.Ridder,32,32,1.0
2022,18,BAL,00-0037175,A.Brown,46,46,1.0
2022,18,BUF,00-0034857,J.Allen,33,33,1.0
2022,18,CAR,00-0034869,S.Darnold,17,17,1.0
2022,18,CHI,00-0033958,N.Peterman,20,29,0.6897
2022,18,CIN,00-0036442,J.Burrow,44,44,1.0
2022,18,CLE,00-0033537,D.Watson,35,35,1.0
2022,18,DAL,00-0033077,D.Prescott,38,39,0.9744
2022,18,DEN,00-0029263,R.Wilson,26,26,1.0
2022,18,DET,00-0033106,J.Goff,35,35,1.0
2022,18,GB,00-0023459,A.Rodgers,29,29,1.0
2022,18,HOU,00-0036898,D.Mills,40,42,0.9524
2022,18,IND,00-0036879,S.Ehlinger,37,37,1.0
2022,18,JAX,00-0036971,T.Lawrence,33,33,1.0
2022,18,KC,00-0033873,P.Mahomes,28,28,1.0
2022,18,LA,00-0034855,B.Mayfield,31,31,1.0
2022,18,LAC,00-0036355,J.Herbert,38,46,0.8261
2022,18,LV,00-0035264,J.Stidham,42,42,1.0
2022,18,MIA,00-0037327,S.Thompson,32,32,1.0
2022,18,MIN,00-0029604,K.Cousins,20,33,0.6061
2022,18,NE,00-0036972,M.Jones,42,42,1.0
2022,18,NO,00-0027973,A.Dalton,26,26,1.0
2022,18,NYG,00-0033550,D.Webb,41,43,0.9535
2022,18,NYJ,00-0026158,J.Flacco,33,33,1.0
2022,18,PHI,00-0036389,J.Hurts,38,38,1.0
2022,18,PIT,00-0038102,K.Pickett,31,31,1.0
2022,18,SEA,00-0030565,G.Smith,33,33,1.0
2022,18,SF,00-0037834,B.Purdy,24,24,1.0
2022,18,TB,00-0019596,T.Brady,17,34,0.5
2022,18,TEN,00-0033949,J.Dobbs,33,33,1.0
2022,18,WAS,00-0037077,S.Howell,22,22,1.0
2022,19,BAL,00-0035993,T.Huntley,31,31,1.0
2022,19,BUF,00-0034857,J.Allen,46,46,1.0
2022,19,CIN,00-0036442,J.Burrow,37,37,1.0
2022,19,DAL,00-0033077,D.Prescott,34,34,1.0
2022,19,JAX,00-0036971,T.Lawrence,49,49,1.0
2022,19,LAC,00-0036355,J.Herbert,46,46,1.0
2022,19,MIA,00-0037327,S.Thompson,50,50,1.0
2022,19,MIN,00-0029604,K.Cousins,39,40,0.975
2022,19,NYG,00-0035710,D.Jones,38,38,1.0
2022,19,SEA,00-0030565,G.Smith,39,39,1.0
2022,19,SF,00-0037834,B.Purdy,32,32,1.0
2022,19,TB,00-0019596,T.Brady,70,70,1.0
2022,20,BUF,00-0034857,J.Allen,43,43,1.0
2022,20,CIN,00-0036442,J.Burrow,36,36,1.0
2022,20,DAL,00-0033077,D.Prescott,38,38,1.0
2022,20,JAX,00-0036971,T.Lawrence,40,40,1.0
2022,20,KC,00-0033873,P.Mahomes,30,37,0.8108
2022,20,NYG,00-0035710,D.Jones,32,32,1.0
2022,20,PHI,00-0036389,J.Hurts,25,25,1.0
2022,20,SF,00-0037834,B.Purdy,31,31,1.0
2022,21,CIN,00-0036442,J.Burrow,46,46,1.0
2022,21,KC,00-0033873,P.Mahomes,46,46,1.0
2022,21,PHI,00-0036389,J.Hurts,26,26,1.0
2022,21,SF,00-0026300,J.Johnson,15,21,0.7143
2022,22,KC,00-0033873,P.Mahomes,27,27,1.0
2022,22,PHI,00-0036389,J.Hurts,40,40,1.0
2023,1,ARI,00-0033949,J.Dobbs,33,33,1.0
2023,1,ATL,00-0038122,D.Ridder,22,22,1.0
2023,1,BAL,00-0034796,L.Jackson,26,26,1.0
2023,1,BUF,00-0034857,J.Allen,45,45,1.0
2023,1,CAR,00-0039150,B.Young,40,40,1.0
2023,1,CHI,00-0036945,J.Fields,42,42,1.0
2023,1,CIN,00-0036442,J.Burrow,33,34,0.9706
2023,1,CLE,00-0033537,D.Watson,32,32,1.0
2023,1,DAL,00-0033077,D.Prescott,24,25,0.96
2023,1,DEN,00-0029263,R.Wilson,35,35,1.0
2023,1,DET,00-0033106,J.Goff,35,35,1.0
2023,1,GB,00-0036264,J.Love,28,28,1.0
2023,1,HOU,00-0039163,C.Stroud,48,48,1.0
2023,1,IND,00-0039164,A.Richardson,41,43,0.9535
2023,1,JAX,00-0036971,T.Lawrence,34,34,1.0
2023,1,KC,00-0033873,P.Mahomes,39,39,1.0
2023,1,LA,00-0026498,M.Stafford,38,38,1.0
2023,1,LAC,00-0036355,J.Herbert,36,36,1.0
2023,1,LV,00-0031345,J.Garoppolo,26,26,1.0
2023,1,MIA,00-0036212,T.Tagovailoa,45,45,1.0
2023,1,MIN,00-0029604,K.Cousins,46,46,1.0
2023,1,NE,00-0036972,M.Jones,57,57,1.0
2023,1,NO,00-0031280,D.Carr,37,37,1.0
2023,1,NYG,00-0035710,D.Jones,35,37,0.9459
2023,1,NYJ,00-0037013,Z.Wilson,23,25,0.92
2023,1,PHI,00-0036389,J.Hurts,36,36,1.0
2023,1,PIT,00-0038102,K.Pickett,50,50,1.0
2023,1,SEA,00-0030565,G.Smith,28,28,1.0
2023,1,SF,00-0037834,B.Purdy,32,32,1.0
2023,1,TB,00-0034855,B.Mayfield,35,35,1.0
2023,1,TEN,00-0029701,R.Tannehill,37,37,1.0
2023,1,WAS,00-0037077,S.Howell,37,37,1.0
2023,2,ARI,00-0033949,J.Dobbs,31,31,1.0
2023,2,ATL,00-0038122,D.Ridder,33,33,1.0
2023,2,BAL,00-0034796,L.Jackson,33,33,1.0
2023,2,BUF,00-0034857,J.Allen,39,39,1.0
2023,2,CAR,00-0039150,B.Young,38,38,1.0
2023,2,CHI,00-0036945,J.Fields,35,35,1.0
2023,2,CIN,00-0036442,J.Burrow,42,42,1.0
2023,2,CLE,00-0033537,D.Watson,46,46,1.0
2023,2,DAL,00-0033077,D.Prescott,39,39,1.0
2023,2,DEN,00-0029263,R.Wilson,39,39,1.0
2023,2,DET,00-0033106,J.Goff,37,37,1.0
2023,2,GB,00-0036264,J.Love,26,26,1.0
2023,2,HOU,00-0039163,C.Stroud,51,51,1.0
2023,2,IND,00-0035289,G.Minshew,23,33,0.697
2023,2,JAX,00-0036971,T.Lawrence,45,46,0.9783
2023,2,KC,00-0033873,P.Mahomes,42,42,1.0
2023,2,LA,00-0026498,M.Stafford,55,55,1.0
2023,2,LAC,00-0036355,J.Herbert,45,45,1.0
2023,2,LV,00-0031345,J.Garoppolo,24,24,1.0
2023,2,MIA,00-0036212,T.Tagovailoa,31,31,1.0
2023,2,MIN,00-0029604,K.Cousins,46,46,1.0
2023,2,NE,00-0036972,M.Jones,46,46,1.0
2023,2,NO,00-0031280,D.Carr,40,41,0.9756
2023,2,NYG,00-0035710,D.Jones,40,40,1.0
2023,2,NYJ,00-0037013,Z.Wilson,29,29,1.0
2023,2,PHI,00-0036389,J.Hurts,27,27,1.0
2023,2,PIT,00-0038102,K.Pickett,32,32,1.0
2023,2,SEA,00-0030565,G.Smith,41,41,1.0
2023,2,SF,00-0037834,B.Purdy,26,26,1.0
2023,2,TB,00-0034855,B.Mayfield,34,34,1.0
2023,2,TEN,00-0029701,R.Tannehill,29,29,1.0
2023,2,WAS,00-0037077,S.Howell,43,43,1.0
2023,3,ARI,00-0033949,J.Dobbs,24,24,1.0
2023,3,ATL,00-0038122,D.Ridder,45,45,1.0
2023,3,BAL,00-0034796,L.Jackson,35,35,1.0
2023,3,BUF,00-0034857,J.Allen,32,32,1.0
2023,3,CAR,00-0027973,A.Dalton,61,61,1.0
2023,3,CHI,00-0036945,J.Fields,25,25,1.0
2023,3,CIN,00-0036442,J.Burrow,50,50,1.0
2023,3,CLE,00-0033537,D.Watson,36,36,1.0
2023,3,DAL,00-0033077,D.Prescott,42,42,1.0
2023,3,DEN,00-0029263,R.Wilson,39,39,1.0
2023,3,DET,00-0033106,J.Goff,33,33,1.0
2023,3,GB,00-0036264,J.Love,46,46,1.0
2023,3,HOU,00-0039163,C.Stroud,30,30,1.0
2023,3,IND,00-0035289,G.Minshew,49,49,1.0
2023,3,JAX,00-0036971,T.Lawrence,40,42,0.9524
2023,3,KC,00-0033873,P.Mahomes,33,38,0.8684
2023,3,LA,00-0026498,M.Stafford,39,39,1.0
2023,3,LAC,00-0036355,J.Herbert,48,49,0.9796
2023,3,LV,00-0031345,J.Garoppolo,49,49,1.0
2023,3,MIA,00-0036212,T.Tagovailoa,26,28,0.9286
2023,3,MIN,00-0029604,K.Cousins,54,54,1.0
2023,3,NE,00-0036972,M.Jones,29,29,1.0
2023,3,NO,00-0031280,D.Carr,21,38,0.5526
2023,3,NYG,00-0035710,D.Jones,35,36,0.9722
2023,3,NYJ,00-0037013,Z.Wilson,38,38,1.0
2023,3,PHI,00-0036389,J.Hurts,38,38,1.0
2023,3,PIT,00-0038102,K.Pickett,29,29,1.0
2023,3,SEA,00-0030565,G.Smith,39,39,1.0
2023,3,SF,00-0037834,B.Purdy,39,39,1.0
2023,3,TB,00-0034855,B.Mayfield,28,28,1.0
2023,3,TEN,00-0029701,R.Tannehill,30,30,1.0
2023,3,WAS,00-0037077,S.Howell,38,38,1.0
2023,4,ARI,00-0033949,J.Dobbs,42,42,1.0
2023,4,ATL,00-0038122,D.Ridder,35,35,1.0
2023,4,BAL,00-0034796,L.Jackson,22,22,1.0
2023,4,BUF,00-0034857,J.Allen,27,27,1.0
2023,4,CAR,00-0039150,B.Young,37,37,1.0
2023,4,CHI,00-0036945,J.Fields,39,39,1.0
2023,4,CIN,00-0036442,J.Burrow,33,33,1.0
2023,4,CLE,00-0038583,D.Thompson-Robinson,40,40,1.0
2023,4,DAL,00-0033077,D.Prescott,37,40,0.925
2023,4,DEN,00-0029263,R.Wilson,29,29,1.0
2023,4,DET,00-0033106,J.Goff,30,30,1.0
2023,4,GB,00-0036264,J.Love,42,42,1.0
2023,4,HOU,00-0039163,C.Stroud,28,29,0.9655
2023,4,IND,00-0039164,A.Richardson,29,29,1.0
2023,4,JAX,00-0036971,T.Lawrence,32,32,1.0
2023,4,KC,00-0033873,P.Mahomes,31,31,1.0
2023,4,LA,00-0026498,M.Stafford,42,42,1.0
2023,4,LAC,00-0036355,J.Herbert,26,26,1.0
2023,4,LV,00-0038579,A.O'Connell,46,46,1.0
2023,4,MIA,00-0036212,T.Tagovailoa,40,40,1.0
2023,4,MIN,00-0029604,K.Cousins,21,21,1.0
2023,4,NE,00-0036972,M.Jones,22,32,0.6875
2023,4,NO,00-0031280,D.Carr,39,42,0.9286
2023,4,NYG,00-0035710,D.Jones,44,45,0.9778
2023,4,NYJ,00-0037013,Z.Wilson,41,41,1.0
2023,4,PHI,00-0036389,J.Hurts,40,40,1.0
2023,4,PIT,00-0038102,K.Pickett,26,31,0.8387
2023,4,SEA,00-0030565,G.Smith,22,28,0.7857
2023,4,SF,00-0037834,B.Purdy,22,22,1.0
2023,4,TB,00-0034855,B.Mayfield,34,35,0.9714
2023,4,TEN,00-0029701,R.Tannehill,28,29,0.9655
2023,4,WAS,00-0037077,S.Howell,46,46,1.0
2023,5,ARI,00-0033949,J.Dobbs,35,35,1.0
2023,5,ATL,00-0038122,D.Ridder,38,39,0.9744
2023,5,BAL,00-0034796,L.Jackson,42,42,1.0
2023,5,BUF,00-0034857,J.Allen,41,41,1.0
2023,5,CAR,00-0039150,B.Young,42,42,1.0
2023,5,CHI,00-0036945,J.Fields,32,32,1.0
2023,5,CIN,00-0036442,J.Burrow,49,49,1.0
2023,5,DAL,00-0033077,D.Prescott,27,30,0.9
2023,5,DEN,00-0029263,R.Wilson,34,34,1.0
2023,5,DET,00-0033106,J.Goff,30,30,1.0
2023,5,GB,00-0036264,J.Love,32,32,1.0
2023,5,HOU,00-0039163,C.Stroud,35,35,1.0
2023,5,IND,00-0035289,G.Minshew,14,27,0.5185
2023,5,JAX,00-0036971,T.Lawrence,42,42,1.0
2023,5,KC,00-0033873,P.Mahomes,42,42,1.0
2023,5,LA,00-0026498,M.Stafford,41,41,1.0
2023,5,LV,00-0031345,J.Garoppolo,33,34,0.9706
2023,5,MIA,00-0036212,T.Tagovailoa,30,30,1.0
2023,5,MIN,00-0029604,K.Cousins,49,49,1.0
2023,5,NE,00-0036972,M.Jones,24,33,0.7273
2023,5,NO,00-0031280,D.Carr,28,28,1.0
2023,5,NYG,00-0035710,D.Jones,26,39,0.6667
2023,5,NYJ,00-0037013,Z.Wilson,30,30,1.0
2023,5,PHI,00-0036389,J.Hurts,39,39,1.0
2023,5,PIT,00-0038102,K.Pickett,36,36,1.0
2023,5,SF,00-0037834,B.Purdy,25,26,0.9615
2023,5,TEN,00-0029701,R.Tannehill,34,35,0.9714
2023,5,WAS,00-0037077,S.Howell,57,57,1.0
2023,6,ARI,00-0033949,J.Dobbs,43,43,1.0
2023,6,ATL,00-0038122,D.Ridder,49,49,1.0
2023,6,BAL,00-0034796,L.Jackson,31,31,1.0
2023,6,BUF,00-0034857,J.Allen,30,30,1.0
2023,6,CAR,00-0039150,B.Young,42,43,0.9767
2023,6,CHI,00-0038416,T.Bagent,15,29,0.5172
2023,6,CIN,00-0036442,J.Burrow,38,38,1.0
2023,6,CLE,00-0033275,P.Walker,36,36,1.0
2023,6,DAL,00-0033077,D.Prescott,35,35,1.0
2023,6,DEN,00-0029263,R.Wilson,26,26,1.0
2023,6,DET,00-0033106,J.Goff,47,47,1.0
2023,6,HOU,00-0039163,C.Stroud,29,29,1.0
2023,6,IND,00-0035289,G.Minshew,58,58,1.0
2023,6,JAX,00-0036971,T.Lawrence,33,33,1.0
2023,6,KC,00-0033873,P.Mahomes,42,43,0.9767
2023,6,LA,00-0026498,M.Stafford,25,25,1.0
2023,6,LAC,00-0036355,J.Herbert,38,38,1.0
2023,6,LV,00-0031345,J.Garoppolo,22,32,0.6875
2023,6,MIA,00-0036212,T.Tagovailoa,31,32,0.9688
2023,6,MIN,00-0029604,K.Cousins,33,33,1.0
2023,6,NE,00-0036972,M.Jones,36,37,0.973
2023,6,NO,00-0031280,D.Carr,52,53,0.9811
2023,6,NYG,00-0028118,T.Taylor,37,37,1.0
2023,6,NYJ,00-0037013,Z.Wilson,39,39,1.0
2023,6,PHI,00-0036389,J.Hurts,47,47,1.0
2023,6,SEA,00-0030565,G.Smith,45,45,1.0
2023,6,SF,00-0037834,B.Purdy,29,29,1.0
2023,6,TB,00-0034855,B.Mayfield,38,38,1.0
2023,6,TEN,00-0029701,R.Tannehill,18,27,0.6667
2023,6,WAS,00-0037077,S.Howell,28,28,1.0
2023,7,ARI,00-0033949,J.Dobbs,37,38,0.9737
2023,7,ATL,00-0038122,D.Ridder,26,26,1.0
2023,7,BAL,00-0034796,L.Jackson,27,28,0.9643
2023,7,BUF,00-0034857,J.Allen,42,42,1.0
2023,7,CHI,00-0038416,T.Bagent,30,31,0.9677
2023,7,CLE,00-0033275,P.Walker,33,38,0.8684
2023,7,DEN,00-0029263,R.Wilson,30,30,1.0
2023,7,DET,00-0033106,J.Goff,59,59,1.0
2023,7,GB,00-0036264,J.Love,31,32,0.9688
2023,7,IND,00-0035289,G.Minshew,27,27,1.0
2023,7,JAX,00-0036971,T.Lawrence,29,30,0.9667
2023,7,KC,00-0033873,P.Mahomes,43,43,1.0
2023,7,LA,00-0026498,M.Stafford,32,32,1.0
2023,7,LAC,00-0036355,J.Herbert,35,35,1.0
2023,7,LV,00-0026625,B.Hoyer,33,47,0.7021
2023,7,MIA,00-0036212,T.Tagovailoa,35,36,0.9722
2023,7,MIN,00-0029604,K.Cousins,44,44,1.0
2023,7,NE,00-0036972,M.Jones,31,31,1.0
2023,7,NO,00-0031280,D.Carr,57,57,1.0
2023,7,NYG,00-0028118,T.Taylor,33,33,1.0
2023,7,PHI,00-0036389,J.Hurts,34,34,1.0
2023,7,PIT,00-0038102,K.Pickett,27,27,1.0
2023,7,SEA,00-0030565,G.Smith,26,26,1.0
2023,7,SF,00-0037834,B.Purdy,30,30,1.0
2023,7,TB,00-0034855,B.Mayfield,45,45,1.0
2023,7,WAS,00-0037077,S.Howell,48,48,1.0
2023,8,ARI,00-0033949,J.Dobbs,40,40,1.0
2023,8,ATL,00-0031800,T.Heinicke,22,40,0.55
2023,8,BAL,00-0034796,L.Jackson,31,31,1.0
2023,8,BUF,00-0034857,J.Allen,42,42,1.0
2023,8,CAR,00-0039150,B.Young,37,37,1.0
2023,8,CHI,00-0038416,T.Bagent,39,39,1.0
2023,8,CIN,00-0036442,J.Burrow,35,35,1.0
2023,8,CLE,00-0033275,P.Walker,34,35,0.9714
2023,8,DAL,00-0033077,D.Prescott,34,37,0.9189
2023,8,DEN,00-0029263,R.Wilson,25,25,1.0
2023,8,DET,00-0033106,J.Goff,37,38,0.9737
2023,8,GB,00-0036264,J.Love,45,45,1.0
2023,8,HOU,00-0039163,C.Stroud,27,27,1.0
2023,8,IND,00-0035289,G.Minshew,43,43,1.0
2023,8,JAX,00-0036971,T.Lawrence,35,35,1.0
2023,8,KC,00-0033873,P.Mahomes,41,41,1.0
2023,8,LA,00-0026498,M.Stafford,24,36,0.6667
2023,8,LAC,00-0036355,J.Herbert,40,40,1.0
2023,8,LV,00-0031345,J.Garoppolo,27,27,1.0
2023,8,MIA,00-0036212,T.Tagovailoa,47,47,1.0
2023,8,MIN,00-0029604,K.Cousins,33,38,0.8684
2023,8,NE,00-0036972,M.Jones,32,32,1.0
2023,8,NO,00-0031280,D.Carr,28,30,0.9333
2023,8,NYG,00-0038476,T.DeVito,9,18,0.5
2023,8,NYJ,00-0037013,Z.Wilson,39,39,1.0
2023,8,PHI,00-0036389,J.Hurts,40,40,1.0
2023,8,PIT,00-0033869,M.Trubisky,28,45,0.6222
2023,8,SEA,00-0030565,G.Smith,38,38,1.0
2023,8,SF,00-0037834,B.Purdy,33,33,1.0
2023,8,TB,00-0034855,B.Mayfield,45,45,1.0
2023,8,TEN,00-0039152,W.Levis,31,31,1.0
2023,8,WAS,00-0037077,S.Howell,53,53,1.0
2023,9,ARI,00-0038582,C.Tune,27,27,1.0
2023,9,ATL,00-0031800,T.Heinicke,38,38,1.0
2023,9,BAL,00-0034796,L.Jackson,26,33,0.7879
2023,9,BUF,00-0034857,J.Allen,40,40,1.0
2023,9,CAR,00-0039150,B.Young,43,43,1.0
2023,9,CHI,00-0038416,T.Bagent,32,32,1.0
2023,9,CIN,00-0036442,J.Burrow,45,45,1.0
2023,9,CLE,00-0033537,D.Watson,30,30,1.0
2023,9,DAL,00-0033077,D.Prescott,49,49,1.0
2023,9,GB,00-0036264,J.Love,29,29,1.0
2023,9,HOU,00-0039163,C.Stroud,45,45,1.0
2023,9,IND,00-0035289,G.Minshew,27,27,1.0
2023,9,KC,00-0033873,P.Mahomes,32,32,1.0
2023,9,LA,00-0034955,B.Rypien,29,29,1.0
2023,9,LAC,00-0036355,J.Herbert,35,35,1.0
2023,9,LV,00-0038579,A.O'Connell,25,25,1.0
2023,9,MIA,00-0036212,T.Tagovailoa,37,37,1.0
2023,9,MIN,00-0033949,J.Dobbs,34,41,0.8293
2023,9,NE,00-0036972,M.Jones,44,44,1.0
2023,9,NO,00-0031280,D.Carr,34,35,0.9714
2023,9,NYG,00-0038476,T.DeVito,26,38,0.6842
2023,9,NYJ,00-0037013,Z.Wilson,57,57,1.0
2023,9,PHI,00-0036389,J.Hurts,26,26,1.0
2023,9,PIT,00-0038102,K.Pickett,30,30,1.0
2023,9,SEA,00-0030565,G.Smith,32,32,1.0
2023,9,TB,00-0034855,B.Mayfield,32,32,1.0
2023,9,TEN,00-0039152,W.Levis,42,42,1.0
2023,9,WAS,00-0037077,S.Howell,48,48,1.0
2023,10,ARI,00-0035228,K.Murray,35,35,1.0
2023,10,ATL,00-0031800,T.Heinicke,18,25,0.72
2023,10,BAL,00-0034796,L.Jackson,26,26,1.0
2023,10,BUF,00-0034857,J.Allen,27,27,1.0
2023,10,CAR,00-0039150,B.Young,41,41,1.0
2023,10,CHI,00-0038416,T.Bagent,33,33,1.0
2023,10,CIN,00-0036442,J.Burrow,44,44,1.0
2023,10,CLE,00-0033537,D.Watson,38,39,0.9744
2023,10,DAL,00-0033077,D.Prescott,35,44,0.7955
2023,10,DEN,00-0029263,R.Wilson,33,33,1.0
2023,10,DET,00-0033106,J.Goff,33,33,1.0
2023,10,GB,00-0036264,J.Love,40,40,1.0
2023,10,HOU,00-0039163,C.Stroud,40,40,1.0
2023,10,IND,00-0035289,G.Minshew,28,28,1.0
2023,10,JAX,00-0036971,T.Lawrence,34,37,0.9189
2023,10,LAC,00-0036355,J.Herbert,40,40,1.0
2023,10,LV,00-0038579,A.O'Connell,30,30,1.0
2023,10,MIN,00-0033949,J.Dobbs,35,35,1.0
2023,10,NE,00-0036972,M.Jones,25,32,0.7812
2023,10,NO,00-0031503,J.Winston,26,46,0.5652
2023,10,NYG,00-0038476,T.DeVito,32,32,1.0
2023,10,NYJ,00-0037013,Z.Wilson,41,42,0.9762
2023,10,PIT,00-0038102,K.Pickett,24,24,1.0
2023,10,SEA,00-0030565,G.Smith,47,47,1.0
2023,10,SF,00-0037834,B.Purdy,28,30,0.9333
2023,10,TB,00-0034855,B.Mayfield,32,32,1.0
2023,10,TEN,00-0039152,W.Levis,43,43,1.0
2023,10,WAS,00-0037077,S.Howell,47,47,1.0
2023,11,ARI,00-0035228,K.Murray,33,33,1.0
2023,11,BAL,00-0034796,L.Jackson,29,29,1.0
2023,11,BUF,00-0034857,J.Allen,33,33,1.0
2023,11,CAR,00-0039150,B.Young,36,36,1.0
2023,11,CHI,00-0036945,J.Fields,25,25,1.0
2023,11,CIN,00-0036442,J.Burrow,19,36,0.5278
2023,11,CLE,00-0038583,D.Thompson-Robinson,42,42,1.0
2023,11,DAL,00-0033077,D.Prescott,38,41,0.9268
2023,11,DEN,00-0029263,R.Wilson,37,37,1.0
2023,11,DET,00-0033106,J.Goff,38,38,1.0
2023,11,GB,00-0036264,J.Love,43,43,1.0
2023,11,HOU,00-0039163,C.Stroud,40,42,0.9524
2023,11,JAX,00-0036971,T.Lawrence,33,33,1.0
2023,11,KC,00-0033873,P.Mahomes,43,43,1.0
2023,11,LA,00-0026498,M.Stafford,32,32,1.0
2023,11,LAC,00-0036355,J.Herbert,38,38,1.0
2023,11,LV,00-0038579,A.O'Connell,43,43,1.0
2023,11,MIA,00-0036212,T.Tagovailoa,40,40,1.0
2023,11,MIN,00-0033949,J.Dobbs,34,34,1.0
2023,11,NYG,00-0038476,T.DeVito,35,35,1.0
2023,11,NYJ,00-0037013,Z.Wilson,21,37,0.5676
2023,11,PHI,00-0036389,J.Hurts,27,27,1.0
2023,11,PIT,00-0038102,K.Pickett,31,31,1.0
2023,11,SEA,00-0030565,G.Smith,35,41,0.8537
2023,11,SF,00-0037834,B.Purdy,29,29,1.0
2023,11,TB,00-0034855,B.Mayfield,49,49,1.0
2023,11,TEN,00-0039152,W.Levis,19,19,1.0
2023,11,WAS,00-0037077,S.Howell,49,49,1.0
2023,12,ARI,00-0035228,K.Murray,50,50,1.0
2023,12,ATL,00-0038122,D.Ridder,21,21,1.0
2023,12,BAL,00-0034796,L.Jackson,34,34,1.0
2023,12,BUF,00-0034857,J.Allen,52,52,1.0
2023,12,CAR,00-0039150,B.Young,35,35,1.0
2023,12,CHI,00-0036945,J.Fields,40,40,1.0
2023,12,CIN,00-0035100,J.Browning,30,30,1.0
2023,12,CLE,00-0038583,D.Thompson-Robinson,30,47,0.6383
2023,12,DAL,00-0033077,D.Prescott,33,33,1.0
2023,12,DEN,00-0029263,R.Wilson,23,23,1.0
2023,12,DET,00-0033106,J.Goff,48,48,1.0
2023,12,GB,00-0036264,J.Love,32,33,0.9697
2023,12,HOU,00-0039163,C.Stroud,40,40,1.0
2023,12,IND,00-0035289,G.Minshew,43,43,1.0
2023,12,JAX,00-0036971,T.Lawrence,39,39,1.0
2023,12,KC,00-0033873,P.Mahomes,35,35,1.0
2023,12,LA,00-0026498,M.Stafford,33,33,1.0
2023,12,LAC,00-0036355,J.Herbert,47,47,1.0
2023,12,LV,00-0038579,A.O'Connell,34,35,0.9714
2023,12,MIA,00-0036212,T.Tagovailoa,31,31,1.0
2023,12,MIN,00-0033949,J.Dobbs,34,34,1.0
2023,12,NE,00-0036972,M.Jones,22,37,0.5946
2023,12,NO,00-0031280,D.Carr,39,39,1.0
2023,12,NYG,00-0038476,T.DeVito,31,31,1.0
2023,12,NYJ,00-0034177,T.Boyle,45,45,1.0
2023,12,PHI,00-0036389,J.Hurts,33,33,1.0
2023,12,PIT,00-0038102,K.Pickett,35,35,1.0
2023,12,SEA,00-0030565,G.Smith,33,33,1.0
2023,12,SF,00-0037834,B.Purdy,31,32,0.9688
2023,12,TB,00-0034855,B.Mayfield,36,37,0.973
2023,12,TEN,00-0039152,W.Levis,28,28,1.0
2023,12,WAS,00-0037077,S.Howell,48,48,1.0
2023,13,ARI,00-0035228,K.Murray,25,25,1.0
2023,13,ATL,00-0038122,D.Ridder,30,30,1.0
2023,13,CAR,00-0039150,B.Young,35,35,1.0
2023,13,CIN,00-0035100,J.Browning,39,41,0.9512
2023,13,CLE,00-0026158,J.Flacco,46,46,1.0
2023,13,DAL,00-0033077,D.Prescott,46,46,1.0
2023,13,DEN,00-0029263,R.Wilson,29,29,1.0
2023,13,DET,00-0033106,J.Goff,27,27,1.0
2023,13,GB,00-0036264,J.Love,38,38,1.0
2023,13,HOU,00-0039163,C.Stroud,33,34,0.9706
2023,13,IND,00-0035289,G.Minshew,46,46,1.0
2023,13,JAX,00-0036971,T.Lawrence,31,43,0.7209
2023,13,KC,00-0033873,P.Mahomes,36,36,1.0
2023,13,LA,00-0026498,M.Stafford,37,37,1.0
2023,13,LAC,00-0036355,J.Herbert,37,37,1.0
2023,13,MIA,00-0036212,T.Tagovailoa,24,25,0.96
2023,13,NE,00-0038108,B.Zappe,30,30,1.0
2023,13,NO,00-0031280,D.Carr,24,31,0.7742
2023,13,NYJ,00-0034177,T.Boyle,26,42,0.619
2023,13,PHI,00-0036389,J.Hurts,49,52,0.9423
2023,13,PIT,00-0033869,M.Trubisky,17,27,0.6296
2023,13,SEA,00-0030565,G.Smith,40,41,0.9756
2023,13,SF,00-0037834,B.Purdy,29,29,1.0
2023,13,TB,00-0034855,B.Mayfield,30,30,1.0
2023,13,TEN,00-0039152,W.Levis,39,39,1.0
2023,13,WAS,00-0037077,S.Howell,27,27,1.0
2023,14,ATL,00-0038122,D.Ridder,43,43,1.0
2023,14,BAL,00-0034796,L.Jackson,46,46,1.0
2023,14,BUF,00-0034857,J.Allen,44,44,1.0
2023,14,CAR,00-0039150,B.Young,40,40,1.0
2023,14,CHI,00-0036945,J.Fields,37,37,1.0
2023,14,CIN,00-0035100,J.Browning,24,25,0.96
2023,14,CLE,00-0026158,J.Flacco,46,46,1.0
2023,14,DAL,00-0033077,D.Prescott,42,42,1.0
2023,14,DEN,00-0029263,R.Wilson,35,35,1.0
2023,14,DET,00-0033106,J.Goff,39,39,1.0
2023,14,GB,00-0036264,J.Love,41,41,1.0
2023,14,HOU,00-0039163,C.Stroud,27,33,0.8182
2023,14,IND,00-0035289,G.Minshew,43,43,1.0
2023,14,JAX,00-0036971,T.Lawrence,55,55,1.0
2023,14,KC,00-0033873,P.Mahomes,44,44,1.0
2023,14,LA,00-0026498,M.Stafford,44,44,1.0
2023,14,LAC,00-0035282,E.Stick,26,48,0.5417
2023,14,LV,00-0038579,A.O'Connell,36,36,1.0
2023,14,MIA,00-0036212,T.Tagovailoa,38,38,1.0
2023,14,MIN,00-0033949,J.Dobbs,28,41,0.6829
2023,14,NE,00-0038108,B.Zappe,30,30,1.0
2023,14,NO,00-0031280,D.Carr,27,27,1.0
2023,14,NYG,00-0038476,T.DeVito,21,21,1.0
2023,14,NYJ,00-0037013,Z.Wilson,40,40,1.0
2023,14,PHI,00-0036389,J.Hurts,28,29,0.9655
2023,14,PIT,00-0033869,M.Trubisky,38,39,0.9744
2023,14,SEA,00-0035704,D.Lock,36,36,1.0
2023,14,SF,00-0037834,B.Purdy,30,30,1.0
2023,14,TB,00-0034855,B.Mayfield,30,30,1.0
2023,14,TEN,00-0039152,W.Levis,40,40,1.0
2023,15,ARI,00-0035228,K.Murray,43,43,1.0
2023,15,ATL,00-0038122,D.Ridder,20,20,1.0
2023,15,BAL,00-0034796,L.Jackson,27,27,1.0
2023,15,BUF,00-0034857,J.Allen,16,16,1.0
2023,15,CAR,00-0039150,B.Young,27,27,1.0
2023,15,CHI,00-0036945,J.Fields,43,43,1.0
2023,15,CIN,00-0035100,J.Browning,46,47,0.9787
2023,15,CLE,00-0026158,J.Flacco,48,49,0.9796
2023,15,DAL,00-0033077,D.Prescott,37,37,1.0
2023,15,DEN,00-0029263,R.Wilson,34,34,1.0
2023,15,DET,00-0033106,J.Goff,36,36,1.0
2023,15,GB,00-0036264,J.Love,41,41,1.0
2023,15,HOU,00-0028986,C.Keenum,39,40,0.975
2023,15,IND,00-0035289,G.Minshew,31,31,1.0
2023,15,JAX,00-0036971,T.Lawrence,44,44,1.0
2023,15,KC,00-0033873,P.Mahomes,40,41,0.9756
2023,15,LA,00-0026498,M.Stafford,36,36,1.0
2023,15,LAC,00-0035282,E.Stick,35,35,1.0
2023,15,LV,00-0038579,A.O'Connell,35,37,0.9459
2023,15,MIA,00-0036212,T.Tagovailoa,27,29,0.931
2023,15,MIN,00-0033319,N.Mullens,36,37,0.973
2023,15,NE,00-0038108,B.Zappe,35,35,1.0
2023,15,NO,00-0031280,D.Carr,29,30,0.9667
2023,15,NYG,00-0038476,T.DeVito,41,44,0.9318
2023,15,NYJ,00-0032156,T.Siemian,28,43,0.6512
2023,15,PHI,00-0036389,J.Hurts,31,31,1.0
2023,15,PIT,00-0033869,M.Trubisky,26,30,0.8667
2023,15,SEA,00-0035704,D.Lock,35,35,1.0
2023,15,SF,00-0037834,B.Purdy,24,27,0.8889
2023,15,TB,00-0034855,B.Mayfield,33,33,1.0
2023,15,TEN,00-0039152,W.Levis,33,33,1.0
2023,15,WAS,00-0037077,S.Howell,27,37,0.7297
2023,16,ARI,00-0035228,K.Murray,40,40,1.0
2023,16,ATL,00-0031800,T.Heinicke,33,33,1.0
2023,16,BAL,00-0034796,L.Jackson,37,37,1.0
2023,16,BUF,00-0034857,J.Allen,22,22,1.0
2023,16,CAR,00-0039150,B.Young,37,37,1.0
2023,16,CHI,00-0036945,J.Fields,28,28,1.0
2023,16,CIN,00-0035100,J.Browning,46,46,1.0
2023,16,CLE,00-0026158,J.Flacco,43,46,0.9348
2023,16,DAL,00-0033077,D.Prescott,36,36,1.0
2023,16,DEN,00-0029263,R.Wilson,43,43,1.0
2023,16,DET,00-0033106,J.Goff,41,41,1.0
2023,16,GB,00-0036264,J.Love,29,29,1.0
2023,16,HOU,00-0036898,D.Mills,32,52,0.6154
2023,16,IND,00-0035289,G.Minshew,43,43,1.0
2023,16,JAX,00-0036971,T.Lawrence,33,50,0.66
2023,16,KC,00-0033873,P.Mahomes,48,49,0.9796
2023,16,LA,00-0026498,M.Stafford,35,35,1.0
2023,16,LAC,00-0035282,E.Stick,38,38,1.0
2023,16,LV,00-0038579,A.O'Connell,23,23,1.0
2023,16,MIA,00-0036212,T.Tagovailoa,38,38,1.0
2023,16,MIN,00-0033319,N.Mullens,39,39,1.0
2023,16,NE,00-0038108,B.Zappe,34,34,1.0
2023,16,NO,00-0031280,D.Carr,43,43,1.0
2023,16,NYG,00-0038476,T.DeVito,17,31,0.5484
2023,16,NYJ,00-0032156,T.Siemian,49,49,1.0
2023,16,PHI,00-0036389,J.Hurts,39,39,1.0
2023,16,PIT,00-0034771,M.Rudolph,28,28,1.0
2023,16,SEA,00-0030565,G.Smith,39,39,1.0
2023,16,SF,00-0037834,B.Purdy,34,50,0.68
2023,16,TB,00-0034855,B.Mayfield,37,37,1.0
2023,16,TEN,00-0029701,R.Tannehill,31,32,0.9688
2023,16,WAS,00-0037077,S.Howell,23,36,0.6389
2023,17,ARI,00-0035228,K.Murray,32,32,1.0
2023,17,ATL,00-0031800,T.Heinicke,31,35,0.8857
2023,17,BAL,00-0034796,L.Jackson,22,23,0.9565
2023,17,BUF,00-0034857,J.Allen,31,31,1.0
2023,17,CAR,00-0039150,B.Young,38,38,1.0
2023,17,CHI,00-0036945,J.Fields,35,35,1.0
2023,17,CIN,00-0035100,J.Browning,39,39,1.0
2023,17,CLE,00-0026158,J.Flacco,30,30,1.0
2023,17,DAL,00-0033077,D.Prescott,41,41,1.0
2023,17,DEN,00-0035264,J.Stidham,34,34,1.0
2023,17,DET,00-0033106,J.Goff,33,34,0.9706
2023,17,GB,00-0036264,J.Love,33,34,0.9706
2023,17,HOU,00-0039163,C.Stroud,33,33,1.0
2023,17,IND,00-0035289,G.Minshew,24,24,1.0
2023,17,JAX,00-0033936,C.Beathard,27,27,1.0
2023,17,KC,00-0033873,P.Mahomes,31,31,1.0
2023,17,LA,00-0026498,M.Stafford,38,38,1.0
2023,17,LAC,00-0035282,E.Stick,38,38,1.0
2023,17,LV,00-0038579,A.O'Connell,49,49,1.0
2023,17,MIA,00-0036212,T.Tagovailoa,42,42,1.0
2023,17,MIN,00-0033319,N.Mullens,23,36,0.6389
2023,17,NE,00-0038108,B.Zappe,29,29,1.0
2023,17,NO,00-0031280,D.Carr,33,35,0.9429
2023,17,NYG,00-0028118,T.Taylor,47,47,1.0
2023,17,NYJ,00-0032156,T.Siemian,47,47,1.0
2023,17,PHI,00-0036389,J.Hurts,23,24,0.9583
2023,17,PIT,00-0034771,M.Rudolph,25,25,1.0
2023,17,SEA,00-0030565,G.Smith,34,34,1.0
2023,17,SF,00-0037834,B.Purdy,28,29,0.9655
2023,17,TB,00-0034855,B.Mayfield,36,36,1.0
2023,17,TEN,00-0029701,R.Tannehill,25,32,0.7812
2023,17,WAS,00-0037077,S.Howell,29,29,1.0
2023,18,ARI,00-0035228,K.Murray,31,31,1.0
2023,18,ATL,00-0038122,D.Ridder,30,35,0.8571
2023,18,BAL,00-0035993,T.Huntley,32,32,1.0
2023,18,BUF,00-0034857,J.Allen,41,41,1.0
2023,18,CAR,00-0039150,B.Young,21,21,1.0
2023,18,CHI,00-0036945,J.Fields,21,21,1.0
2023,18,CIN,00-0035100,J.Browning,26,31,0.8387
2023,18,CLE,00-0032436,J.Driskel,29,29,1.0
2023,18,DAL,00-0033077,D.Prescott,36,40,0.9
2023,18,DEN,00-0035264,J.Stidham,39,39,1.0
2023,18,DET,00-0033106,J.Goff,33,33,1.0
2023,18,GB,00-0036264,J.Love,33,33,1.0
2023,18,HOU,00-0039163,C.Stroud,28,28,1.0
2023,18,IND,00-0035289,G.Minshew,26,26,1.0
2023,18,JAX,00-0036971,T.Lawrence,43,43,1.0
2023,18,KC,00-0027948,B.Gabbert,31,31,1.0
2023,18,LA,00-0032950,C.Wentz,27,27,1.0
2023,18,LAC,00-0035282,E.Stick,50,50,1.0
2023,18,LV,00-0038579,A.O'Connell,32,34,0.9412
2023,18,MIA,00-0036212,T.Tagovailoa,27,28,0.9643
2023,18,MIN,00-0033319,N.Mullens,48,48,1.0
2023,18,NE,00-0038108,B.Zappe,37,37,1.0
2023,18,NO,00-0031280,D.Carr,30,31,0.9677
2023,18,NYG,00-0028118,T.Taylor,33,36,0.9167
2023,18,NYJ,00-0032156,T.Siemian,21,21,1.0
2023,18,PHI,00-0032268,M.Mariota,23,41,0.561
2023,18,PIT,00-0034771,M.Rudolph,23,23,1.0
2023,18,SEA,00-0030565,G.Smith,29,29,1.0
2023,18,SF,00-0034869,S.Darnold,28,28,1.0
2023,18,TB,00-0034855,B.Mayfield,35,35,1.0
2023,18,TEN,00-0029701,R.Tannehill,28,29,0.9655
2023,18,WAS,00-0037077,S.Howell,31,32,0.9688
2023,19,BUF,00-0034857,J.Allen,32,32,1.0
2023,19,CLE,00-0026158,J.Flacco,50,50,1.0
2023,19,DAL,00-0033077,D.Prescott,64,64,1.0
2023,19,DET,00-0033106,J.Goff,30,30,1.0
2023,19,GB,00-0036264,J.Love,21,21,1.0
2023,19,HOU,00-0039163,C.Stroud,21,22,0.9545
2023,19,KC,00-0033873,P.Mahomes,41,41,1.0
2023,19,LA,00-0026498,M.Stafford,38,38,1.0
2023,19,MIA,00-0036212,T.Tagovailoa,41,41,1.0
2023,19,PHI,00-0036389,J.Hurts,38,38,1.0
2023,19,PIT,00-0034771,M.Rudolph,39,39,1.0
2023,19,TB,00-0034855,B.Mayfield,40,40,1.0
2023,20,BAL,00-0034796,L.Jackson,25,25,1.0
2023,20,BUF,00-0034857,J.Allen,39,39,1.0
2023,20,DET,00-0033106,J.Goff,45,45,1.0
2023,20,GB,00-0036264,J.Love,35,35,1.0
2023,20,HOU,00-0039163,C.Stroud,33,33,1.0
2023,20,KC,00-0033873,P.Mahomes,23,23,1.0
2023,20,SF,00-0037834,B.Purdy,39,39,1.0
2023,20,TB,00-0034855,B.Mayfield,46,46,1.0
2023,21,BAL,00-0034796,L.Jackson,41,41,1.0
2023,21,DET,00-0033106,J.Goff,43,43,1.0
2023,21,KC,00-0033873,P.Mahomes,41,41,1.0
2023,21,SF,00-0037834,B.Purdy,33,33,1.0
2023,22,KC,00-0033873,P.Mahomes,49,49,1.0
2023,22,SF,00-0037834,B.Purdy,39,40,0.975
2024,1,ARI,00-0035228,K.Murray,35,35,1.0
2024,1,ATL,00-0029604,K.Cousins,27,27,1.0
2024,1,BAL,00-0034796,L.Jackson,42,42,1.0
2024,1,BUF,00-0034857,J.Allen,25,25,1.0
2024,1,CAR,00-0039150,B.Young,34,35,0.9714
2024,1,CHI,00-0039918,C.Williams,32,32,1.0
2024,1,CIN,00-0036442,J.Burrow,32,32,1.0
2024,1,CLE,00-0033537,D.Watson,51,51,1.0
2024,1,DAL,00-0033077,D.Prescott,35,35,1.0
2024,1,DEN,00-0039732,B.Nix,44,44,1.0
2024,1,DET,00-0033106,J.Goff,30,30,1.0
2024,1,GB,00-0036264,J.Love,35,37,0.9459
2024,1,HOU,00-0039163,C.Stroud,36,36,1.0
2024,1,IND,00-0039164,A.Richardson,21,21,1.0
2024,1,JAX,00-0036971,T.Lawrence,24,24,1.0
2024,1,KC,00-0033873,P.Mahomes,30,30,1.0
2024,1,LA,00-0026498,M.Stafford,51,51,1.0
2024,1,LAC,00-0036355,J.Herbert,27,27,1.0
2024,1,LV,00-0035289,G.Minshew,37,37,1.0
2024,1,MIA,00-0036212,T.Tagovailoa,40,40,1.0
2024,1,MIN,00-0034869,S.Darnold,25,25,1.0
2024,1,NE,00-0033119,J.Brissett,25,25,1.0
2024,1,NO,00-0031280,D.Carr,24,25,0.96
2024,1,NYG,00-0035710,D.Jones,47,47,1.0
2024,1,NYJ,00-0023459,A.Rodgers,22,31,0.7097
2024,1,PHI,00-0036389,J.Hurts,35,35,1.0
2024,1,PIT,00-0036945,J.Fields,25,25,1.0
2024,1,SEA,00-0030565,G.Smith,28,28,1.0
2024,1,SF,00-0037834,B.Purdy,31,32,0.9688
2024,1,TB,00-0034855,B.Mayfield,31,31,1.0
2024,1,TEN,00-0039152,W.Levis,35,35,1.0
2024,1,WAS,00-0039910,J.Daniels,27,27,1.0
2024,2,ARI,00-0035228,K.Murray,22,22,1.0
2024,2,ATL,00-0029604,K.Cousins,31,31,1.0
2024,2,BAL,00-0034796,L.Jackson,34,34,1.0
2024,2,BUF,00-0034857,J.Allen,19,19,1.0
2024,2,CAR,00-0039150,B.Young,28,28,1.0
2024,2,CHI,00-0039918,C.Williams,44,44,1.0
2024,2,CIN,00-0036442,J.Burrow,39,39,1.0
2024,2,CLE,00-0033537,D.Watson,36,36,1.0
2024,2,DAL,00-0033077,D.Prescott,41,44,0.9318
2024,2,DEN,00-0039732,B.Nix,37,37,1.0
2024,2,DET,00-0033106,J.Goff,54,55,0.9818
2024,2,GB,00-0038128,M.Willis,14,14,1.0
2024,2,HOU,00-0039163,C.Stroud,39,39,1.0
2024,2,IND,00-0039164,A.Richardson,34,34,1.0
2024,2,JAX,00-0036971,T.Lawrence,33,33,1.0
2024,2,KC,00-0033873,P.Mahomes,28,28,1.0
2024,2,LA,00-0026498,M.Stafford,32,32,1.0
2024,2,LAC,00-0036355,J.Herbert,21,21,1.0
2024,2,LV,00-0035289,G.Minshew,43,43,1.0
2024,2,MIA,00-0036212,T.Tagovailoa,26,41,0.6341
2024,2,MIN,00-0034869,S.Darnold,28,29,0.9655
2024,2,NE,00-0033119,J.Brissett,30,30,1.0
2024,2,NO,00-0031280,D.Carr,17,17,1.0
2024,2,NYG,00-0035710,D.Jones,31,31,1.0
2024,2,NYJ,00-0023459,A.Rodgers,32,32,1.0
2024,2,PHI,00-0036389,J.Hurts,31,31,1.0
2024,2,PIT,00-0036945,J.Fields,22,22,1.0
2024,2,SEA,00-0030565,G.Smith,46,46,1.0
2024,2,SF,00-0037834,B.Purdy,42,42,1.0
2024,2,TB,00-0034855,B.Mayfield,24,24,1.0
2024,2,TEN,00-0039152,W.Levis,32,32,1.0
2024,2,WAS,00-0039910,J.Daniels,34,34,1.0
2024,3,ARI,00-0035228,K.Murray,35,35,1.0
2024,3,ATL,00-0029604,K.Cousins,31,31,1.0
2024,3,BAL,00-0034796,L.Jackson,15,15,1.0
2024,3,BUF,00-0034857,J.Allen,30,31,0.9677
2024,3,CAR,00-0027973,A.Dalton,40,40,1.0
2024,3,CHI,00-0039918,C.Williams,56,56,1.0
2024,3,CIN,00-0036442,J.Burrow,41,41,1.0
2024,3,CLE,00-0033537,D.Watson,46,46,1.0
2024,3,DAL,00-0033077,D.Prescott,56,56,1.0
2024,3,DEN,00-0039732,B.Nix,36,36,1.0
2024,3,DET,00-0033106,J.Goff,25,25,1.0
2024,3,GB,00-0038128,M.Willis,22,22,1.0
2024,3,HOU,00-0039163,C.Stroud,34,48,0.7083
2024,3,IND,00-0039164,A.Richardson,21,21,1.0
2024,3,JAX,00-0036971,T.Lawrence,42,51,0.8235
2024,3,KC,00-0033873,P.Mahomes,39,39,1.0
2024,3,LA,00-0026498,M.Stafford,28,29,0.9655
2024,3,LAC,00-0036355,J.Herbert,20,25,0.8
2024,3,LV,00-0035289,G.Minshew,31,44,0.7045
2024,3,MIA,00-0037327,S.Thompson,24,38,0.6316
2024,3,MIN,00-0034869,S.Darnold,32,32,1.0
2024,3,NE,00-0033119,J.Brissett,23,33,0.697
2024,3,NO,00-0031280,D.Carr,27,27,1.0
2024,3,NYG,00-0035710,D.Jones,36,37,0.973
2024,3,NYJ,00-0023459,A.Rodgers,37,37,1.0
2024,3,PHI,00-0036389,J.Hurts,42,42,1.0
2024,3,PIT,00-0036945,J.Fields,34,34,1.0
2024,3,SEA,00-0030565,G.Smith,37,37,1.0
2024,3,SF,00-0037834,B.Purdy,31,31,1.0
2024,3,TB,00-0034855,B.Mayfield,40,40,1.0
2024,3,TEN,00-0039152,W.Levis,42,42,1.0
2024,3,WAS,00-0039910,J.Daniels,25,25,1.0
2024,4,ARI,00-0035228,K.Murray,26,26,1.0
2024,4,ATL,00-0029604,K.Cousins,36,36,1.0
2024,4,BAL,00-0034796,L.Jackson,19,20,0.95
2024,4,BUF,00-0034857,J.Allen,32,34,0.9412
2024,4,CAR,00-0027973,A.Dalton,40,41,0.9756
2024,4,CHI,00-0039918,C.Williams,26,26,1.0
2024,4,CIN,00-0036442,J.Burrow,31,31,1.0
2024,4,CLE,00-0033537,D.Watson,35,35,1.0
2024,4,DAL,00-0033077,D.Prescott,28,28,1.0
2024,4,DEN,00-0039732,B.Nix,25,25,1.0
2024,4,DET,00-0033106,J.Goff,21,22,0.9545
2024,4,GB,00-0036264,J.Love,56,56,1.0
2024,4,HOU,00-0039163,C.Stroud,42,42,1.0
2024,4,IND,00-0026158,J.Flacco,28,32,0.875
2024,4,JAX,00-0036971,T.Lawrence,34,34,1.0
2024,4,KC,00-0033873,P.Mahomes,32,32,1.0
2024,4,LA,00-0026498,M.Stafford,33,33,1.0
2024,4,LAC,00-0036355,J.Herbert,29,29,1.0
2024,4,LV,00-0035289,G.Minshew,26,26,1.0
2024,4,MIA,00-0035993,T.Huntley,25,25,1.0
2024,4,MIN,00-0034869,S.Darnold,30,30,1.0
2024,4,NE,00-0033119,J.Brissett,38,38,1.0
2024,4,NO,00-0031280,D.Carr,37,37,1.0
2024,4,NYG,00-0035710,D.Jones,41,41,1.0
2024,4,NYJ,00-0023459,A.Rodgers,47,47,1.0
2024,4,PHI,00-0036389,J.Hurts,36,36,1.0
2024,4,PIT,00-0036945,J.Fields,37,37,1.0
2024,4,SEA,00-0030565,G.Smith,60,60,1.0
2024,4,SF,00-0037834,B.Purdy,28,28,1.0
2024,4,TB,00-0034855,B.Mayfield,49,49,1.0
2024,4,TEN,00-0034771,M.Rudolph,17,21,0.8095
2024,4,WAS,00-0039910,J.Daniels,31,31,1.0
2024,5,ARI,00-0035228,K.Murray,31,31,1.0
2024,5,ATL,00-0029604,K.Cousins,60,61,0.9836
2024,5,BAL,00-0034796,L.Jackson,43,43,1.0
2024,5,BUF,00-0034857,J.Allen,31,31,1.0
2024,5,CAR,00-0027973,A.Dalton,31,39,0.7949
2024,5,CHI,00-0039918,C.Williams,31,31,1.0
2024,5,CIN,00-0036442,J.Burrow,42,42,1.0
2024,5,CLE,00-0033537,D.Watson,35,36,0.9722
2024,5,DAL,00-0033077,D.Prescott,44,44,1.0
2024,5,DEN,00-0039732,B.Nix,29,29,1.0
2024,5,GB,00-0036264,J.Love,28,28,1.0
2024,5,HOU,00-0039163,C.Stroud,39,39,1.0
2024,5,IND,00-0026158,J.Flacco,48,49,0.9796
2024,5,JAX,00-0036971,T.Lawrence,34,34,1.0
2024,5,KC,00-0033873,P.Mahomes,41,41,1.0
2024,5,LA,00-0026498,M.Stafford,48,48,1.0
2024,5,LV,00-0038579,A.O'Connell,21,40,0.525
2024,5,MIA,00-0035993,T.Huntley,35,35,1.0
2024,5,MIN,00-0034869,S.Darnold,35,36,0.9722
2024,5,NE,00-0033119,J.Brissett,35,35,1.0
2024,5,NO,00-0031280,D.Carr,29,36,0.8056
2024,5,NYG,00-0035710,D.Jones,37,37,1.0
2024,5,NYJ,00-0023459,A.Rodgers,57,57,1.0
2024,5,PIT,00-0036945,J.Fields,30,31,0.9677
2024,5,SEA,00-0030565,G.Smith,47,47,1.0
2024,5,SF,00-0037834,B.Purdy,37,37,1.0
2024,5,TB,00-0034855,B.Mayfield,25,25,1.0
2024,5,WAS,00-0039910,J.Daniels,28,31,0.9032
2024,6,ARI,00-0035228,K.Murray,32,32,1.0
2024,6,ATL,00-0029604,K.Cousins,30,30,1.0
2024,6,BAL,00-0034796,L.Jackson,28,28,1.0
2024,6,BUF,00-0034857,J.Allen,27,27,1.0
2024,6,CAR,00-0027973,A.Dalton,38,38,1.0
2024,6,CHI,00-0039918,C.Williams,32,32,1.0
2024,6,CIN,00-0036442,J.Burrow,32,32,1.0
2024,6,CLE,00-0033537,D.Watson,28,28,1.0
2024,6,DAL,00-0033077,D.Prescott,37,48,0.7708
2024,6,DEN,00-0039732,B.Nix,36,36,1.0
2024,6,DET,00-0033106,J.Goff,27,30,0.9
2024,6,GB,00-0036264,J.Love,32,32,1.0
2024,6,HOU,00-0039163,C.Stroud,33,34,0.9706
2024,6,IND,00-0026158,J.Flacco,38,38,1.0
2024,6,JAX,00-0036971,T.Lawrence,39,41,0.9512
2024,6,LAC,00-0036355,J.Herbert,37,37,1.0
2024,6,LV,00-0038579,A.O'Connell,42,42,1.0
2024,6,NE,00-0039851,D.Maye,37,37,1.0
2024,6,NO,00-0039376,S.Rattler,45,45,1.0
2024,6,NYG,00-0035710,D.Jones,41,41,1.0
2024,6,NYJ,00-0023459,A.Rodgers,38,38,1.0
2024,6,PHI,00-0036389,J.Hurts,26,26,1.0
2024,6,PIT,00-0036945,J.Fields,28,28,1.0
2024,6,SEA,00-0030565,G.Smith,52,52,1.0
2024,6,SF,00-0037834,B.Purdy,28,28,1.0
2024,6,TB,00-0034855,B.Mayfield,38,38,1.0
2024,6,TEN,00-0039152,W.Levis,27,27,1.0
2024,6,WAS,00-0039910,J.Daniels,38,38,1.0
2024,7,ARI,00-0035228,K.Murray,26,26,1.0
2024,7,ATL,00-0029604,K.Cousins,38,39,0.9744
2024,7,BAL,00-0034796,L.Jackson,24,24,1.0
2024,7,BUF,00-0034857,J.Allen,34,34,1.0
2024,7,CAR,00-0027973,A.Dalton,18,20,0.9
2024,7,CIN,00-0036442,J.Burrow,28,28,1.0
2024,7,CLE,00-0038583,D.Thompson-Robinson,25,57,0.4386
2024,7,DEN,00-0039732,B.Nix,26,26,1.0
2024,7,DET,00-0033106,J.Goff,29,29,1.0
2024,7,GB,00-0036264,J.Love,36,36,1.0
2024,7,HOU,00-0039163,C.Stroud,25,25,1.0
2024,7,IND,00-0039164,A.Richardson,24,24,1.0
2024,7,JAX,00-0036971,T.Lawrence,21,21,1.0
2024,7,KC,00-0033873,P.Mahomes,29,29,1.0
2024,7,LA,00-0026498,M.Stafford,24,24,1.0
2024,7,LAC,00-0036355,J.Herbert,41,41,1.0
2024,7,LV,00-0035289,G.Minshew,36,46,0.7826
2024,7,MIA,00-0035993,T.Huntley,15,27,0.5556
2024,7,MIN,00-0034869,S.Darnold,32,32,1.0
2024,7,NE,00-0039851,D.Maye,40,40,1.0
2024,7,NO,00-0039376,S.Rattler,41,45,0.9111
2024,7,NYG,00-0035710,D.Jones,27,36,0.75
2024,7,NYJ,00-0023459,A.Rodgers,41,41,1.0
2024,7,PHI,00-0036389,J.Hurts,18,20,0.9
2024,7,PIT,00-0029263,R.Wilson,30,30,1.0
2024,7,SEA,00-0030565,G.Smith,29,30,0.9667
2024,7,SF,00-0037834,B.Purdy,33,33,1.0
2024,7,TB,00-0034855,B.Mayfield,50,50,1.0
2024,7,TEN,00-0034771,M.Rudolph,42,42,1.0
2024,7,WAS,00-0032268,M.Mariota,24,26,0.9231
2024,8,ARI,00-0035228,K.Murray,36,36,1.0
2024,8,ATL,00-0029604,K.Cousins,31,31,1.0
2024,8,BAL,00-0034796,L.Jackson,39,39,1.0
2024,8,BUF,00-0034857,J.Allen,35,35,1.0
2024,8,CAR,00-0039150,B.Young,39,40,0.975
2024,8,CHI,00-0039918,C.Williams,28,28,1.0
2024,8,CIN,00-0036442,J.Burrow,38,38,1.0
2024,8,CLE,00-0031503,J.Winston,44,44,1.0
2024,8,DAL,00-0033077,D.Prescott,40,40,1.0
2024,8,DEN,00-0039732,B.Nix,39,41,0.9512
2024,8,DET,00-0033106,J.Goff,19,23,0.8261
2024,8,GB,00-0036264,J.Love,22,28,0.7857
2024,8,HOU,00-0039163,C.Stroud,39,39,1.0
2024,8,IND,00-0039164,A.Richardson,36,36,1.0
2024,8,JAX,00-0036971,T.Lawrence,33,33,1.0
2024,8,KC,00-0033873,P.Mahomes,38,38,1.0
2024,8,LA,00-0026498,M.Stafford,34,34,1.0
2024,8,LAC,00-0036355,J.Herbert,35,35,1.0
2024,8,LV,00-0035289,G.Minshew,33,33,1.0
2024,8,MIA,00-0036212,T.Tagovailoa,39,39,1.0
2024,8,MIN,00-0034869,S.Darnold,28,28,1.0
2024,8,NE,00-0033119,J.Brissett,26,33,0.7879
2024,8,NO,00-0039376,S.Rattler,27,47,0.5745
2024,8,NYG,00-0035710,D.Jones,43,43,1.0
2024,8,NYJ,00-0023459,A.Rodgers,30,30,1.0
2024,8,PHI,00-0036389,J.Hurts,20,20,1.0
2024,8,PIT,00-0029263,R.Wilson,31,31,1.0
2024,8,SEA,00-0030565,G.Smith,30,30,1.0
2024,8,SF,00-0037834,B.Purdy,28,28,1.0
2024,8,TB,00-0034855,B.Mayfield,49,49,1.0
2024,8,TEN,00-0034771,M.Rudolph,39,39,1.0
2024,8,WAS,00-0039910,J.Daniels,40,40,1.0
2024,9,ARI,00-0035228,K.Murray,23,23,1.0
2024,9,ATL,00-0029604,K.Cousins,26,27,0.963
2024,9,BAL,00-0034796,L.Jackson,20,20,1.0
2024,9,BUF,00-0034857,J.Allen,40,40,1.0
2024,9,CAR,00-0039150,B.Young,28,28,1.0
2024,9,CHI,00-0039918,C.Williams,47,47,1.0
2024,9,CIN,00-0036442,J.Burrow,40,40,1.0
2024,9,CLE,00-0031503,J.Winston,52,52,1.0
2024,9,DAL,00-0033662,C.Rush,26,53,0.4906
2024,9,DEN,00-0039732,B.Nix,37,38,0.9737
2024,9,DET,00-0033106,J.Goff,23,23,1.0
2024,9,GB,00-0036264,J.Love,40,40,1.0
2024,9,HOU,00-0039163,C.Stroud,38,39,0.9744
2024,9,IND,00-0026158,J.Flacco,30,30,1.0
2024,9,JAX,00-0036971,T.Lawrence,35,35,1.0
2024,9,KC,00-0033873,P.Mahomes,48,48,1.0
2024,9,LA,00-0026498,M.Stafford,44,44,1.0
2024,9,LAC,00-0036355,J.Herbert,33,33,1.0
2024,9,LV,00-0038122,D.Ridder,20,38,0.5263
2024,9,MIA,00-0036212,T.Tagovailoa,29,29,1.0
2024,9,MIN,00-0034869,S.Darnold,38,39,0.9744
2024,9,NE,00-0039851,D.Maye,44,44,1.0
2024,9,NO,00-0031280,D.Carr,33,34,0.9706
2024,9,NYG,00-0035710,D.Jones,30,30,1.0
2024,9,NYJ,00-0023459,A.Rodgers,34,34,1.0
2024,9,PHI,00-0036389,J.Hurts,28,28,1.0
2024,9,SEA,00-0030565,G.Smith,41,41,1.0
2024,9,TB,00-0034855,B.Mayfield,33,33,1.0
2024,9,TEN,00-0034771,M.Rudolph,34,34,1.0
2024,9,WAS,00-0039910,J.Daniels,22,22,1.0
2024,10,ARI,00-0035228,K.Murray,25,25,1.0
2024,10,ATL,00-0029604,K.Cousins,41,41,1.0
2024,10,BAL,00-0034796,L.Jackson,33,33,1.0
2024,10,BUF,00-0034857,J.Allen,39,39,1.0
2024,10,CAR,00-0039150,B.Young,26,26,1.0
2024,10,CHI,00-0039918,C.Williams,39,39,1.0
2024,10,CIN,00-0036442,J.Burrow,60,60,1.0
2024,10,DAL,00-0033662,C.Rush,24,32,0.75
2024,10,DEN,00-0039732,B.Nix,32,32,1.0
2024,10,DET,00-0033106,J.Goff,30,30,1.0
2024,10,HOU,00-0039163,C.Stroud,37,37,1.0
2024,10,IND,00-0026158,J.Flacco,39,39,1.0
2024,10,JAX,00-0036972,M.Jones,25,25,1.0
2024,10,KC,00-0033873,P.Mahomes,46,46,1.0
2024,10,LA,00-0026498,M.Stafford,49,49,1.0
2024,10,LAC,00-0036355,J.Herbert,18,18,1.0
2024,10,MIA,00-0036212,T.Tagovailoa,31,31,1.0
2024,10,MIN,00-0034869,S.Darnold,39,39,1.0
2024,10,NE,00-0039851,D.Maye,26,26,1.0
2024,10,NO,00-0031280,D.Carr,25,25,1.0
2024,10,NYG,00-0035710,D.Jones,38,38,1.0
2024,10,NYJ,00-0023459,A.Rodgers,38,38,1.0
2024,10,PHI,00-0036389,J.Hurts,25,27,0.9259
2024,10,PIT,00-0029263,R.Wilson,31,32,0.9688
2024,10,SF,00-0037834,B.Purdy,38,38,1.0
2024,10,TB,00-0034855,B.Mayfield,31,31,1.0
2024,10,TEN,00-0039152,W.Levis,30,30,1.0
2024,10,WAS,00-0039910,J.Daniels,37,37,1.0
2024,11,ATL,00-0029604,K.Cousins,29,34,0.8529
2024,11,BAL,00-0034796,L.Jackson,36,36,1.0
2024,11,BUF,00-0034857,J.Allen,40,40,1.0
2024,11,CHI,00-0039918,C.Williams,35,35,1.0
2024,11,CIN,00-0036442,J.Burrow,53,53,1.0
2024,11,CLE,00-0031503,J.Winston,50,51,0.9804
2024,11,DAL,00-0033662,C.Rush,60,61,0.9836
2024,11,DEN,00-0039732,B.Nix,34,34,1.0
2024,11,DET,00-0033106,J.Goff,29,33,0.8788
2024,11,GB,00-0036264,J.Love,18,18,1.0
2024,11,HOU,00-0039163,C.Stroud,35,35,1.0
2024,11,IND,00-0039164,A.Richardson,33,33,1.0
2024,11,JAX,00-0036972,M.Jones,30,30,1.0
2024,11,KC,00-0033873,P.Mahomes,35,35,1.0
2024,11,LA,00-0026498,M.Stafford,27,27,1.0
2024,11,LAC,00-0036355,J.Herbert,37,37,1.0
2024,11,LV,00-0035289,G.Minshew,46,46,1.0
2024,11,MIA,00-0036212,T.Tagovailoa,37,37,1.0
2024,11,MIN,00-0034869,S.Darnold,34,34,1.0
2024,11,NE,00-0039851,D.Maye,42,42,1.0
2024,11,NO,00-0031280,D.Carr,28,30,0.9333
2024,11,NYJ,00-0023459,A.Rodgers,32,32,1.0
2024,11,PHI,00-0036389,J.Hurts,30,30,1.0
2024,11,PIT,00-0029263,R.Wilson,40,40,1.0
2024,11,SEA,00-0030565,G.Smith,36,36,1.0
2024,11,SF,00-0037834,B.Purdy,30,30,1.0
2024,11,TEN,00-0039152,W.Levis,36,36,1.0
2024,11,WAS,00-0039910,J.Daniels,36,36,1.0
2024,12,ARI,00-0035228,K.Murray,42,42,1.0
2024,12,BAL,00-0034796,L.Jackson,24,24,1.0
2024,12,CAR,00-0039150,B.Young,37,37,1.0
2024,12,CHI,00-0039918,C.Williams,51,52,0.9808
2024,12,CLE,00-0031503,J.Winston,30,30,1.0
2024,12,DAL,00-0033662,C.Rush,33,33,1.0
2024,12,DEN,00-0039732,B.Nix,43,43,1.0
2024,12,DET,00-0033106,J.Goff,39,39,1.0
2024,12,GB,00-0036264,J.Love,25,25,1.0
2024,12,HOU,00-0039163,C.Stroud,37,37,1.0
2024,12,IND,00-0039164,A.Richardson,28,28,1.0
2024,12,KC,00-0033873,P.Mahomes,42,42,1.0
2024,12,LA,00-0026498,M.Stafford,42,42,1.0
2024,12,LAC,00-0036355,J.Herbert,40,40,1.0
2024,12,LV,00-0035289,G.Minshew,44,57,0.7719
2024,12,MIA,00-0036212,T.Tagovailoa,42,42,1.0
2024,12,MIN,00-0034869,S.Darnold,37,38,0.9737
2024,12,NE,00-0039851,D.Maye,42,43,0.9767
2024,12,NYG,00-0038476,T.DeVito,35,36,0.9722
2024,12,PHI,00-0036389,J.Hurts,23,23,1.0
2024,12,PIT,00-0029263,R.Wilson,33,34,0.9706
2024,12,SEA,00-0030565,G.Smith,36,36,1.0
2024,12,SF,00-0032434,B.Allen,31,31,1.0
2024,12,TB,00-0034855,B.Mayfield,30,30,1.0
2024,12,TEN,00-0039152,W.Levis,32,33,0.9697
2024,12,WAS,00-0039910,J.Daniels,41,41,1.0
2024,13,ARI,00-0035228,K.Murray,45,45,1.0
2024,13,ATL,00-0029604,K.Cousins,40,40,1.0
2024,13,BAL,00-0034796,L.Jackson,39,39,1.0
2024,13,BUF,00-0034857,J.Allen,17,18,0.9444
2024,13,CAR,00-0039150,B.Young,47,47,1.0
2024,13,CHI,00-0039918,C.Williams,44,44,1.0
2024,13,CIN,00-0036442,J.Burrow,42,42,1.0
2024,13,CLE,00-0031503,J.Winston,62,62,1.0
2024,13,DAL,00-0033662,C.Rush,36,36,1.0
2024,13,DEN,00-0039732,B.Nix,35,35,1.0
2024,13,DET,00-0033106,J.Goff,35,36,0.9722
2024,13,GB,00-0036264,J.Love,28,28,1.0
2024,13,HOU,00-0039163,C.Stroud,36,36,1.0
2024,13,IND,00-0039164,A.Richardson,24,24,1.0
2024,13,JAX,00-0036972,M.Jones,34,44,0.7727
2024,13,KC,00-0033873,P.Mahomes,50,50,1.0
2024,13,LA,00-0026498,M.Stafford,26,26,1.0
2024,13,LAC,00-0036355,J.Herbert,29,30,0.9667
2024,13,LV,00-0038579,A.O'Connell,37,37,1.0
2024,13,MIA,00-0036212,T.Tagovailoa,53,53,1.0
2024,13,MIN,00-0034869,S.Darnold,36,36,1.0
2024,13,NE,00-0039851,D.Maye,35,35,1.0
2024,13,NO,00-0031280,D.Carr,38,38,1.0
2024,13,NYG,00-0035704,D.Lock,38,38,1.0
2024,13,NYJ,00-0023459,A.Rodgers,41,41,1.0
2024,13,PHI,00-0036389,J.Hurts,21,21,1.0
2024,13,PIT,00-0029263,R.Wilson,40,40,1.0
2024,13,SEA,00-0030565,G.Smith,34,34,1.0
2024,13,SF,00-0037834,B.Purdy,19,19,1.0
2024,13,TB,00-0034855,B.Mayfield,37,38,0.9737
2024,13,TEN,00-0039152,W.Levis,40,40,1.0
2024,13,WAS,00-0039910,J.Daniels,32,32,1.0
2024,14,ARI,00-0035228,K.Murray,40,40,1.0
2024,14,ATL,00-0029604,K.Cousins,38,38,1.0
2024,14,BUF,00-0034857,J.Allen,37,37,1.0
2024,14,CAR,00-0039150,B.Young,35,35,1.0
2024,14,CHI,00-0039918,C.Williams,31,32,0.9688
2024,14,CIN,00-0036442,J.Burrow,46,46,1.0
2024,14,CLE,00-0031503,J.Winston,44,44,1.0
2024,14,DAL,00-0033662,C.Rush,34,34,1.0
2024,14,DET,00-0033106,J.Goff,42,42,1.0
2024,14,GB,00-0036264,J.Love,21,21,1.0
2024,14,JAX,00-0036972,M.Jones,32,32,1.0
2024,14,KC,00-0033873,P.Mahomes,40,40,1.0
2024,14,LA,00-0026498,M.Stafford,30,30,1.0
2024,14,LAC,00-0036355,J.Herbert,33,33,1.0
2024,14,LV,00-0038579,A.O'Connell,20,39,0.5128
2024,14,MIA,00-0036212,T.Tagovailoa,47,47,1.0
2024,14,MIN,00-0034869,S.Darnold,32,32,1.0
2024,14,NO,00-0031280,D.Carr,32,33,0.9697
2024,14,NYG,00-0035704,D.Lock,51,51,1.0
2024,14,NYJ,00-0023459,A.Rodgers,42,42,1.0
2024,14,PHI,00-0036389,J.Hurts,25,25,1.0
2024,14,PIT,00-0029263,R.Wilson,27,27,1.0
2024,14,SEA,00-0030565,G.Smith,30,30,1.0
2024,14,SF,00-0037834,B.Purdy,26,27,0.963
2024,14,TB,00-0034855,B.Mayfield,33,33,1.0
2024,14,TEN,00-0039152,W.Levis,34,34,1.0
2024,15,ARI,00-0035228,K.Murray,30,32,0.9375
2024,15,ATL,00-0029604,K.Cousins,20,20,1.0
2024,15,BAL,00-0034796,L.Jackson,27,28,0.9643
2024,15,BUF,00-0034857,J.Allen,34,34,1.0
2024,15,CAR,00-0039150,B.Young,34,34,1.0
2024,15,CHI,00-0039918,C.Williams,34,35,0.9714
2024,15,CIN,00-0036442,J.Burrow,37,37,1.0
2024,15,CLE,00-0031503,J.Winston,30,39,0.7692
2024,15,DAL,00-0033662,C.Rush,29,29,1.0
2024,15,DEN,00-0039732,B.Nix,34,34,1.0
2024,15,DET,00-0033106,J.Goff,60,60,1.0
2024,15,GB,00-0036264,J.Love,27,27,1.0
2024,15,HOU,00-0039163,C.Stroud,30,30,1.0
2024,15,IND,00-0039164,A.Richardson,40,40,1.0
2024,15,JAX,00-0036972,M.Jones,49,49,1.0
2024,15,KC,00-0033873,P.Mahomes,38,40,0.95
2024,15,LA,00-0026498,M.Stafford,27,27,1.0
2024,15,LAC,00-0036355,J.Herbert,36,37,0.973
2024,15,LV,00-0038122,D.Ridder,41,42,0.9762
2024,15,MIA,00-0036212,T.Tagovailoa,43,43,1.0
2024,15,MIN,00-0034869,S.Darnold,42,42,1.0
2024,15,NE,00-0039851,D.Maye,25,25,1.0
2024,15,NO,00-0039376,S.Rattler,21,35,0.6
2024,15,NYG,00-0034177,T.Boyle,25,40,0.625
2024,15,NYJ,00-0023459,A.Rodgers,32,32,1.0
2024,15,PHI,00-0036389,J.Hurts,35,35,1.0
2024,15,PIT,00-0029263,R.Wilson,24,24,1.0
2024,15,SEA,00-0030565,G.Smith,22,40,0.55
2024,15,SF,00-0037834,B.Purdy,34,34,1.0
2024,15,TB,00-0034855,B.Mayfield,28,28,1.0
2024,15,TEN,00-0034771,M.Rudolph,25,38,0.6579
2024,15,WAS,00-0039910,J.Daniels,39,39,1.0
2024,16,ARI,00-0035228,K.Murray,35,35,1.0
2024,16,ATL,00-0039917,M.Penix,27,27,1.0
2024,16,BAL,00-0034796,L.Jackson,24,24,1.0
2024,16,BUF,00-0034857,J.Allen,30,30,1.0
2024,16,CAR,00-0039150,B.Young,29,29,1.0
2024,16,CHI,00-0039918,C.Williams,42,42,1.0
2024,16,CIN,00-0036442,J.Burrow,34,34,1.0
2024,16,CLE,00-0038583,D.Thompson-Robinson,39,39,1.0
2024,16,DAL,00-0033662,C.Rush,36,36,1.0
2024,16,DEN,00-0039732,B.Nix,42,42,1.0
2024,16,DET,00-0033106,J.Goff,33,33,1.0
2024,16,GB,00-0036264,J.Love,28,30,0.9333
2024,16,HOU,00-0039163,C.Stroud,41,41,1.0
2024,16,IND,00-0039164,A.Richardson,12,12,1.0
2024,16,JAX,00-0036972,M.Jones,40,40,1.0
2024,16,KC,00-0033873,P.Mahomes,42,42,1.0
2024,16,LA,00-0026498,M.Stafford,19,19,1.0
2024,16,LAC,00-0036355,J.Herbert,34,34,1.0
2024,16,LV,00-0038579,A.O'Connell,41,41,1.0
2024,16,MIA,00-0036212,T.Tagovailoa,34,34,1.0
2024,16,MIN,00-0034869,S.Darnold,38,38,1.0
2024,16,NE,00-0039851,D.Maye,38,38,1.0
2024,16,NO,00-0039376,S.Rattler,33,33,1.0
2024,16,NYG,00-0035704,D.Lock,42,42,1.0
2024,16,NYJ,00-0023459,A.Rodgers,43,43,1.0
2024,16,PHI,00-0038102,K.Pickett,27,32,0.8438
2024,16,PIT,00-0029263,R.Wilson,35,35,1.0
2024,16,SEA,00-0030565,G.Smith,45,45,1.0
2024,16,SF,00-0037834,B.Purdy,41,41,1.0
2024,16,TB,00-0034855,B.Mayfield,47,47,1.0
2024,16,TEN,00-0034771,M.Rudolph,36,36,1.0
2024,16,WAS,00-0039910,J.Daniels,39,39,1.0
2024,17,ARI,00-0035228,K.Murray,52,52,1.0
2024,17,ATL,00-0039917,M.Penix,37,37,1.0
2024,17,BAL,00-0034796,L.Jackson,16,18,0.8889
2024,17,BUF,00-0034857,J.Allen,27,28,0.9643
2024,17,CAR,00-0039150,B.Young,33,33,1.0
2024,17,CHI,00-0039918,C.Williams,35,35,1.0
2024,17,CIN,00-0036442,J.Burrow,56,56,1.0
2024,17,CLE,00-0038583,D.Thompson-Robinson,48,48,1.0
2024,17,DAL,00-0033662,C.Rush,29,30,0.9667
2024,17,DEN,00-0039732,B.Nix,33,33,1.0
2024,17,DET,00-0033106,J.Goff,37,37,1.0
2024,17,GB,00-0036264,J.Love,34,34,1.0
2024,17,HOU,00-0039163,C.Stroud,36,37,0.973
2024,17,IND,00-0026158,J.Flacco,41,41,1.0
2024,17,JAX,00-0036972,M.Jones,24,24,1.0
2024,17,KC,00-0033873,P.Mahomes,39,39,1.0
2024,17,LA,00-0026498,M.Stafford,32,32,1.0
2024,17,LAC,00-0036355,J.Herbert,38,40,0.95
2024,17,LV,00-0038579,A.O'Connell,36,36,1.0
2024,17,MIA,00-0035993,T.Huntley,29,29,1.0
2024,17,MIN,00-0034869,S.Darnold,44,44,1.0
2024,17,NE,00-0039851,D.Maye,26,28,0.9286
2024,17,NO,00-0039376,S.Rattler,39,40,0.975
2024,17,NYG,00-0035704,D.Lock,23,23,1.0
2024,17,NYJ,00-0023459,A.Rodgers,22,38,0.5789
2024,17,PHI,00-0038102,K.Pickett,15,19,0.7895
2024,17,PIT,00-0029263,R.Wilson,42,42,1.0
2024,17,SEA,00-0030565,G.Smith,26,26,1.0
2024,17,SF,00-0037834,B.Purdy,36,41,0.878
2024,17,TB,00-0034855,B.Mayfield,34,34,1.0
2024,17,TEN,00-0034771,M.Rudolph,34,34,1.0
2024,17,WAS,00-0039910,J.Daniels,41,41,1.0
2024,18,ARI,00-0035228,K.Murray,35,35,1.0
2024,18,ATL,00-0039917,M.Penix,39,39,1.0
2024,18,BAL,00-0034796,L.Jackson,31,31,1.0
2024,18,BUF,00-0033869,M.Trubisky,21,32,0.6562
2024,18,CAR,00-0039150,B.Young,34,35,0.9714
2024,18,CHI,00-0039918,C.Williams,29,30,0.9667
2024,18,CIN,00-0036442,J.Burrow,50,50,1.0
2024,18,CLE,00-0038108,B.Zappe,32,36,0.8889
2024,18,DAL,00-0037012,T.Lance,36,36,1.0
2024,18,DEN,00-0039732,B.Nix,29,29,1.0
2024,18,DET,00-0033106,J.Goff,35,35,1.0
2024,18,GB,00-0038128,M.Willis,17,29,0.5862
2024,18,HOU,00-0036898,D.Mills,23,29,0.7931
2024,18,IND,00-0026158,J.Flacco,43,43,1.0
2024,18,JAX,00-0036972,M.Jones,34,34,1.0
2024,18,KC,00-0032950,C.Wentz,21,22,0.9545
2024,18,LA,00-0031345,J.Garoppolo,45,45,1.0
2024,18,LAC,00-0036355,J.Herbert,37,37,1.0
2024,18,LV,00-0038579,A.O'Connell,34,36,0.9444
2024,18,MIA,00-0035993,T.Huntley,45,45,1.0
2024,18,MIN,00-0034869,S.Darnold,43,43,1.0
2024,18,NE,00-0039398,J.Milton,29,31,0.9355
2024,18,NO,00-0039376,S.Rattler,44,44,1.0
2024,18,NYG,00-0035704,D.Lock,29,29,1.0
2024,18,NYJ,00-0023459,A.Rodgers,39,40,0.975
2024,18,PHI,00-0038400,T.McKee,43,43,1.0
2024,18,PIT,00-0029263,R.Wilson,35,35,1.0
2024,18,SEA,00-0030565,G.Smith,30,30,1.0
2024,18,SF,00-0033949,J.Dobbs,44,44,1.0
2024,18,TB,00-0034855,B.Mayfield,33,33,1.0
2024,18,TEN,00-0039152,W.Levis,19,29,0.6552
2024,18,WAS,00-0032268,M.Mariota,20,37,0.5405
2024,19,BAL,00-0034796,L.Jackson,21,21,1.0
2024,19,BUF,00-0034857,J.Allen,29,29,1.0
2024,19,DEN,00-0039732,B.Nix,24,25,0.96
2024,19,GB,00-0036264,J.Love,35,35,1.0
2024,19,HOU,00-0039163,C.Stroud,36,36,1.0
2024,19,LA,00-0026498,M.Stafford,29,29,1.0
2024,19,LAC,00-0036355,J.Herbert,36,36,1.0
2024,19,MIN,00-0034869,S.Darnold,50,50,1.0
2024,19,PHI,00-0036389,J.Hurts,23,23,1.0
2024,19,PIT,00-0029263,R.Wilson,33,34,0.9706
2024,19,TB,00-0034855,B.Mayfield,19,19,1.0
2024,19,WAS,00-0039910,J.Daniels,36,36,1.0
2024,20,BAL,00-0034796,L.Jackson,29,29,1.0
2024,20,BUF,00-0034857,J.Allen,23,23,1.0
2024,20,DET,00-0033106,J.Goff,39,42,0.9286
2024,20,HOU,00-0039163,C.Stroud,36,36,1.0
2024,20,KC,00-0033873,P.Mahomes,28,28,1.0
2024,20,LA,00-0026498,M.Stafford,49,49,1.0
2024,20,PHI,00-0036389,J.Hurts,27,27,1.0
2024,20,WAS,00-0039910,J.Daniels,31,31,1.0
2024,21,BUF,00-0034857,J.Allen,37,37,1.0
2024,21,KC,00-0033873,P.Mahomes,29,29,1.0
2024,21,PHI,00-0036389,J.Hurts,30,30,1.0
2024,21,WAS,00-0039910,J.Daniels,53,54,0.9815
2024,22,KC,00-0033873,P.Mahomes,41,41,1.0
2024,22,PHI,00-0036389,J.Hurts,24,25,0.96
2025,1,ARI,00-0035228,K.Murray,34,34,1.0
2025,1,ATL,00-0039917,M.Penix,43,43,1.0
2025,1,BAL,00-0034796,L.Jackson,21,21,1.0
2025,1,BUF,00-0034857,J.Allen,49,49,1.0
2025,1,CAR,00-0039150,B.Young,36,36,1.0
2025,1,CHI,00-0039918,C.Williams,37,37,1.0
2025,1,CIN,00-0036442,J.Burrow,26,26,1.0
2025,1,CLE,00-0026158,J.Flacco,47,47,1.0
2025,1,DAL,00-0033077,D.Prescott,33,33,1.0
2025,1,DEN,00-0039732,B.Nix,41,41,1.0
2025,1,DET,00-0033106,J.Goff,43,43,1.0
2025,1,GB,00-0036264,J.Love,22,22,1.0
2025,1,HOU,00-0039163,C.Stroud,30,30,1.0
2025,1,IND,00-0035710,D.Jones,30,30,1.0
2025,1,JAX,00-0036971,T.Lawrence,30,30,1.0
2025,1,KC,00-0033873,P.Mahomes,41,41,1.0
2025,1,LA,00-0026498,M.Stafford,32,32,1.0
2025,1,LAC,00-0036355,J.Herbert,37,37,1.0
2025,1,LV,00-0030565,G.Smith,37,37,1.0
2025,1,MIA,00-0036212,T.Tagovailoa,27,35,0.7714
2025,1,MIN,00-0039923,J.McCarthy,25,25,1.0
2025,1,NE,00-0039851,D.Maye,50,50,1.0
2025,1,NO,00-0039376,S.Rattler,45,45,1.0
2025,1,NYG,00-0029263,R.Wilson,39,39,1.0
2025,1,NYJ,00-0036945,J.Fields,24,24,1.0
2025,1,PHI,00-0036389,J.Hurts,24,24,1.0
2025,1,PIT,00-0023459,A.Rodgers,34,34,1.0
2025,1,SEA,00-0034869,S.Darnold,23,23,1.0
2025,1,SF,00-0037834,B.Purdy,36,36,1.0
2025,1,TB,00-0034855,B.Mayfield,33,33,1.0
2025,1,TEN,00-0040676,C.Ward,34,34,1.0
2025,1,WAS,00-0039910,J.Daniels,33,33,1.0
2025,2,ARI,00-0035228,K.Murray,26,26,1.0
2025,2,ATL,00-0039917,M.Penix,24,24,1.0
2025,2,BAL,00-0034796,L.Jackson,32,32,1.0
2025,2,BUF,00-0034857,J.Allen,26,28,0.9286
2025,2,CAR,00-0039150,B.Young,58,58,1.0
2025,2,CHI,00-0039918,C.Williams,34,37,0.9189
2025,2,CIN,00-0035100,J.Browning,33,48,0.6875
2025,2,CLE,00-0026158,J.Flacco,47,50,0.94
2025,2,DAL,00-0033077,D.Prescott,55,55,1.0
2025,2,DEN,00-0039732,B.Nix,30,30,1.0
2025,2,DET,00-0033106,J.Goff,28,28,1.0
2025,2,GB,00-0036264,J.Love,33,33,1.0
2025,2,HOU,00-0039163,C.Stroud,28,28,1.0
2025,2,IND,00-0035710,D.Jones,35,35,1.0
2025,2,JAX,00-0036971,T.Lawrence,43,43,1.0
2025,2,KC,00-0033873,P.Mahomes,31,31,1.0
2025,2,LA,00-0026498,M.Stafford,34,34,1.0
2025,2,LAC,00-0036355,J.Herbert,29,29,1.0
2025,2,LV,00-0030565,G.Smith,46,46,1.0
2025,2,MIA,00-0036212,T.Tagovailoa,37,37,1.0
2025,2,MIN,00-0039923,J.McCarthy,27,27,1.0
2025,2,NE,00-0039851,D.Maye,26,26,1.0
2025,2,NO,00-0039376,S.Rattler,37,37,1.0
2025,2,NYG,00-0029263,R.Wilson,44,44,1.0
2025,2,NYJ,00-0028118,T.Taylor,13,26,0.5
2025,2,PHI,00-0036389,J.Hurts,24,24,1.0
2025,2,PIT,00-0023459,A.Rodgers,36,38,0.9474
2025,2,SEA,00-0034869,S.Darnold,35,35,1.0
2025,2,SF,00-0036972,M.Jones,41,41,1.0
2025,2,TB,00-0034855,B.Mayfield,43,43,1.0
2025,2,TEN,00-0040676,C.Ward,38,38,1.0
2025,2,WAS,00-0039910,J.Daniels,46,46,1.0
2025,3,ARI,00-0035228,K.Murray,36,36,1.0
2025,3,ATL,00-0039917,M.Penix,36,43,0.8372
2025,3,BAL,00-0034796,L.Jackson,35,36,0.9722
2025,3,BUF,00-0034857,J.Allen,30,30,1.0
2025,3,CAR,00-0039150,B.Young,25,25,1.0
2025,3,CHI,00-0039918,C.Williams,28,28,1.0
2025,3,CIN,00-0035100,J.Browning,30,31,0.9677
2025,3,CLE,00-0026158,J.Flacco,37,37,1.0
2025,3,DAL,00-0033077,D.Prescott,43,48,0.8958
2025,3,DEN,00-0039732,B.Nix,27,27,1.0
2025,3,DET,00-0033106,J.Goff,28,28,1.0
2025,3,GB,00-0036264,J.Love,30,30,1.0
2025,3,HOU,00-0039163,C.Stroud,39,39,1.0
2025,3,IND,00-0035710,D.Jones,25,25,1.0
2025,3,JAX,00-0036971,T.Lawrence,42,42,1.0
2025,3,KC,00-0033873,P.Mahomes,39,39,1.0
2025,3,LA,00-0026498,M.Stafford,34,34,1.0
2025,3,LAC,00-0036355,J.Herbert,52,52,1.0
2025,3,LV,00-0030565,G.Smith,35,35,1.0
2025,3,MIA,00-0036212,T.Tagovailoa,34,34,1.0
2025,3,MIN,00-0032950,C.Wentz,23,27,0.8519
2025,3,NE,00-0039851,D.Maye,42,42,1.0
2025,3,NO,00-0039376,S.Rattler,41,43,0.9535
2025,3,NYG,00-0029263,R.Wilson,34,34,1.0
2025,3,NYJ,00-0028118,T.Taylor,39,39,1.0
2025,3,PHI,00-0036389,J.Hurts,37,37,1.0
2025,3,PIT,00-0023459,A.Rodgers,23,23,1.0
2025,3,SEA,00-0034869,S.Darnold,18,21,0.8571
2025,3,SF,00-0036972,M.Jones,41,41,1.0
2025,3,TB,00-0034855,B.Mayfield,30,30,1.0
2025,3,TEN,00-0040676,C.Ward,42,42,1.0
2025,3,WAS,00-0032268,M.Mariota,21,21,1.0
2025,4,ARI,00-0035228,K.Murray,47,47,1.0
2025,4,ATL,00-0039917,M.Penix,27,27,1.0
2025,4,BAL,00-0034796,L.Jackson,23,36,0.6389
2025,4,BUF,00-0034857,J.Allen,25,25,1.0
2025,4,CAR,00-0039150,B.Young,31,37,0.8378
2025,4,CHI,00-0039918,C.Williams,39,39,1.0
2025,4,CIN,00-0035100,J.Browning,28,28,1.0
2025,4,CLE,00-0026158,J.Flacco,37,38,0.9737
2025,4,DAL,00-0033077,D.Prescott,41,41,1.0
2025,4,DEN,00-0039732,B.Nix,42,42,1.0
2025,4,DET,00-0033106,J.Goff,27,27,1.0
2025,4,GB,00-0036264,J.Love,44,44,1.0
2025,4,HOU,00-0039163,C.Stroud,31,31,1.0
2025,4,IND,00-0035710,D.Jones,35,35,1.0
2025,4,JAX,00-0036971,T.Lawrence,31,31,1.0
2025,4,KC,00-0033873,P.Mahomes,38,38,1.0
2025,4,LA,00-0026498,M.Stafford,43,43,1.0
2025,4,LAC,00-0036355,J.Herbert,43,43,1.0
2025,4,LV,00-0030565,G.Smith,20,20,1.0
2025,4,MIA,00-0036212,T.Tagovailoa,25,25,1.0
2025,4,MIN,00-0032950,C.Wentz,52,52,1.0
2025,4,NE,00-0039851,D.Maye,18,19,0.9474
2025,4,NO,00-0039376,S.Rattler,30,31,0.9677
2025,4,NYG,00-0040691,J.Dart,25,27,0.9259
2025,4,NYJ,00-0036945,J.Fields,29,29,1.0
2025,4,PHI,00-0036389,J.Hurts,26,26,1.0
2025,4,PIT,00-0023459,A.Rodgers,24,24,1.0
2025,4,SEA,00-0034869,S.Darnold,29,29,1.0
2025,4,SF,00-0037834,B.Purdy,40,40,1.0
2025,4,TB,00-0034855,B.Mayfield,41,41,1.0
2025,4,TEN,00-0040676,C.Ward,27,27,1.0
2025,4,WAS,00-0032268,M.Mariota,29,29,1.0
2025,5,ARI,00-0035228,K.Murray,34,35,0.9714
2025,5,BAL,00-0033662,C.Rush,21,21,1.0
2025,5,BUF,00-0034857,J.Allen,32,32,1.0
2025,5,CAR,00-0039150,B.Young,32,32,1.0
2025,5,CIN,00-0035100,J.Browning,42,42,1.0
2025,5,CLE,00-0040704,D.Gabriel,34,34,1.0
2025,5,DAL,00-0033077,D.Prescott,30,30,1.0
2025,5,DEN,00-0039732,B.Nix,42,42,1.0
2025,5,DET,00-0033106,J.Goff,27,28,0.9643
2025,5,HOU,00-0039163,C.Stroud,29,33,0.8788
2025,5,IND,00-0035710,D.Jones,32,35,0.9143
2025,5,JAX,00-0036971,T.Lawrence,28,28,1.0
2025,5,KC,00-0033873,P.Mahomes,41,41,1.0
2025,5,LA,00-0026498,M.Stafford,47,47,1.0
2025,5,LAC,00-0036355,J.Herbert,33,37,0.8919
2025,5,LV,00-0030565,G.Smith,40,40,1.0
2025,5,MIA,00-0036212,T.Tagovailoa,39,39,1.0
2025,5,MIN,00-0032950,C.Wentz,37,38,0.9737
2025,5,NE,00-0039851,D.Maye,34,34,1.0
2025,5,NO,00-0039376,S.Rattler,31,32,0.9688
2025,5,NYG,00-0040691,J.Dart,40,40,1.0
2025,5,NYJ,00-0036945,J.Fields,52,52,1.0
2025,5,PHI,00-0036389,J.Hurts,44,44,1.0
2025,5,SEA,00-0034869,S.Darnold,34,34,1.0
2025,5,SF,00-0036972,M.Jones,49,49,1.0
2025,5,TB,00-0034855,B.Mayfield,35,35,1.0
2025,5,TEN,00-0040676,C.Ward,41,41,1.0
2025,5,WAS,00-0039910,J.Daniels,26,26,1.0
2025,6,ARI,00-0033119,J.Brissett,46,46,1.0
2025,6,ATL,00-0039917,M.Penix,34,34,1.0
2025,6,BAL,00-0033662,C.Rush,19,37,0.5135
2025,6,BUF,00-0034857,J.Allen,30,30,1.0
2025,6,CAR,00-0039150,B.Young,26,26,1.0
2025,6,CHI,00-0039918,C.Williams,33,33,1.0
2025,6,CIN,00-0026158,J.Flacco,45,45,1.0
2025,6,CLE,00-0040704,D.Gabriel,58,58,1.0
2025,6,DAL,00-0033077,D.Prescott,34,34,1.0
2025,6,DEN,00-0039732,B.Nix,31,31,1.0
2025,6,DET,00-0033106,J.Goff,30,30,1.0
2025,6,GB,00-0036264,J.Love,27,27,1.0
2025,6,IND,00-0035710,D.Jones,31,31,1.0
2025,6,JAX,00-0036971,T.Lawrence,49,49,1.0
2025,6,KC,00-0033873,P.Mahomes,33,33,1.0
2025,6,LA,00-0026498,M.Stafford,28,28,1.0
2025,6,LAC,00-0036355,J.Herbert,39,39,1.0
2025,6,LV,00-0030565,G.Smith,25,25,1.0
2025,6,MIA,00-0036212,T.Tagovailoa,34,35,0.9714
2025,6,NE,00-0039851,D.Maye,27,27,1.0
2025,6,NO,00-0039376,S.Rattler,28,28,1.0
2025,6,NYG,00-0040691,J.Dart,27,28,0.9643
2025,6,NYJ,00-0036945,J.Fields,26,26,1.0
2025,6,PHI,00-0036389,J.Hurts,36,36,1.0
2025,6,PIT,00-0023459,A.Rodgers,30,30,1.0
2025,6,SEA,00-0034869,S.Darnold,28,28,1.0
2025,6,SF,00-0036972,M.Jones,45,45,1.0
2025,6,TB,00-0034855,B.Mayfield,24,24,1.0
2025,6,TEN,00-0040676,C.Ward,43,43,1.0
2025,6,WAS,00-0039910,J.Daniels,29,29,1.0
2025,7,ARI,00-0033119,J.Brissett,42,42,1.0
2025,7,ATL,00-0039917,M.Penix,40,40,1.0
2025,7,CAR,00-0039150,B.Young,26,34,0.7647
2025,7,CHI,00-0039918,C.Williams,27,27,1.0
2025,7,CIN,00-0026158,J.Flacco,49,49,1.0
2025,7,CLE,00-0040704,D.Gabriel,20,20,1.0
2025,7,DAL,00-0033077,D.Prescott,31,31,1.0
2025,7,DEN,00-0039732,B.Nix,53,53,1.0
2025,7,DET,00-0033106,J.Goff,33,33,1.0
2025,7,GB,00-0036264,J.Love,30,30,1.0
2025,7,HOU,00-0039163,C.Stroud,53,53,1.0
2025,7,IND,00-0035710,D.Jones,35,35,1.0
2025,7,JAX,00-0036971,T.Lawrence,55,55,1.0
2025,7,KC,00-0033873,P.Mahomes,36,36,1.0
2025,7,LA,00-0026498,M.Stafford,33,33,1.0
2025,7,LAC,00-0036355,J.Herbert,58,58,1.0
2025,7,LV,00-0030565,G.Smith,17,19,0.8947
2025,7,MIA,00-0036212,T.Tagovailoa,25,35,0.7143
2025,7,MIN,00-0032950,C.Wentz,44,44,1.0
2025,7,NE,00-0039851,D.Maye,27,28,0.9643
2025,7,NO,00-0039376,S.Rattler,36,36,1.0
2025,7,NYG,00-0040691,J.Dart,38,38,1.0
2025,7,NYJ,00-0028118,T.Taylor,25,40,0.625
2025,7,PHI,00-0036389,J.Hurts,26,26,1.0
2025,7,PIT,00-0023459,A.Rodgers,34,34,1.0
2025,7,SEA,00-0034869,S.Darnold,33,34,0.9706
2025,7,SF,00-0036972,M.Jones,27,27,1.0
2025,7,TB,00-0034855,B.Mayfield,55,55,1.0
2025,7,TEN,00-0040676,C.Ward,39,39,1.0
2025,7,WAS,00-0039910,J.Daniels,24,36,0.6667
2025,8,ATL,00-0029604,K.Cousins,32,32,1.0
2025,8,BAL,00-0035993,T.Huntley,24,24,1.0
2025,8,BUF,00-0034857,J.Allen,21,25,0.84
2025,8,CAR,00-0027973,A.Dalton,31,31,1.0
2025,8,CHI,00-0039918,C.Williams,39,39,1.0
2025,8,CIN,00-0026158,J.Flacco,35,35,1.0
2025,8,CLE,00-0040704,D.Gabriel,37,37,1.0
2025,8,DAL,00-0033077,D.Prescott,33,37,0.8919
2025,8,DEN,00-0039732,B.Nix,30,30,1.0
2025,8,GB,00-0036264,J.Love,38,38,1.0
2025,8,HOU,00-0039163,C.Stroud,39,39,1.0
2025,8,IND,00-0035710,D.Jones,32,34,0.9412
2025,8,KC,00-0033873,P.Mahomes,37,37,1.0
2025,8,LAC,00-0036355,J.Herbert,27,27,1.0
2025,8,MIA,00-0036212,T.Tagovailoa,27,28,0.9643
2025,8,MIN,00-0032950,C.Wentz,32,36,0.8889
2025,8,NE,00-0039851,D.Maye,30,30,1.0
2025,8,NO,00-0040743,T.Shough,32,55,0.5818
2025,8,NYG,00-0040691,J.Dart,29,29,1.0
2025,8,NYJ,00-0036945,J.Fields,32,33,0.9697
2025,8,PHI,00-0036389,J.Hurts,24,24,1.0
2025,8,PIT,00-0023459,A.Rodgers,40,40,1.0
2025,8,SF,00-0036972,M.Jones,35,35,1.0
2025,8,TB,00-0034855,B.Mayfield,27,27,1.0
2025,8,TEN,00-0040676,C.Ward,41,41,1.0
2025,8,WAS,00-0032268,M.Mariota,32,32,1.0
2025,9,ARI,00-0033119,J.Brissett,36,36,1.0
2025,9,ATL,00-0039917,M.Penix,38,38,1.0
2025,9,BAL,00-0034796,L.Jackson,25,25,1.0
2025,9,BUF,00-0034857,J.Allen,29,29,1.0
2025,9,CAR,00-0039150,B.Young,21,21,1.0
2025,9,CHI,00-0039918,C.Williams,37,40,0.925
2025,9,CIN,00-0026158,J.Flacco,51,51,1.0
2025,9,DAL,00-0033077,D.Prescott,43,43,1.0
2025,9,DEN,00-0039732,B.Nix,39,39,1.0
2025,9,DET,00-0033106,J.Goff,42,42,1.0
2025,9,GB,00-0036264,J.Love,38,38,1.0
2025,9,HOU,00-0036898,D.Mills,32,44,0.7273
2025,9,IND,00-0035710,D.Jones,54,54,1.0
2025,9,JAX,00-0036971,T.Lawrence,34,34,1.0
2025,9,KC,00-0033873,P.Mahomes,38,38,1.0
2025,9,LA,00-0026498,M.Stafford,34,34,1.0
2025,9,LAC,00-0036355,J.Herbert,35,35,1.0
2025,9,LV,00-0030565,G.Smith,42,42,1.0
2025,9,MIA,00-0036212,T.Tagovailoa,41,41,1.0
2025,9,MIN,00-0039923,J.McCarthy,30,30,1.0
2025,9,NE,00-0039851,D.Maye,35,35,1.0
2025,9,NO,00-0040743,T.Shough,24,25,0.96
2025,9,NYG,00-0040691,J.Dart,35,35,1.0
2025,9,PIT,00-0023459,A.Rodgers,38,38,1.0
2025,9,SEA,00-0034869,S.Darnold,24,24,1.0
2025,9,SF,00-0036972,M.Jones,26,26,1.0
2025,9,TEN,00-0040676,C.Ward,25,25,1.0
2025,9,WAS,00-0039910,J.Daniels,26,26,1.0
2025,10,ARI,00-0033119,J.Brissett,50,51,0.9804
2025,10,ATL,00-0039917,M.Penix,32,32,1.0
2025,10,BAL,00-0034796,L.Jackson,31,31,1.0
2025,10,BUF,00-0034857,J.Allen,44,44,1.0
2025,10,CAR,00-0039150,B.Young,27,27,1.0
2025,10,CHI,00-0039918,C.Williams,36,36,1.0
2025,10,CLE,00-0040704,D.Gabriel,38,38,1.0
2025,10,DEN,00-0039732,B.Nix,29,30,0.9667
2025,10,DET,00-0033106,J.Goff,33,35,0.9429
2025,10,GB,00-0036264,J.Love,38,38,1.0
2025,10,HOU,00-0036898,D.Mills,49,49,1.0
2025,10,IND,00-0035710,D.Jones,34,34,1.0
2025,10,JAX,00-0036971,T.Lawrence,29,29,1.0
2025,10,LA,00-0026498,M.Stafford,37,37,1.0
2025,10,LAC,00-0036355,J.Herbert,38,38,1.0
2025,10,LV,00-0030565,G.Smith,32,33,0.9697
2025,10,MIA,00-0036212,T.Tagovailoa,21,21,1.0
2025,10,MIN,00-0039923,J.McCarthy,44,44,1.0
2025,10,NE,00-0039851,D.Maye,32,32,1.0
2025,10,NO,00-0040743,T.Shough,29,30,0.9667
2025,10,NYG,00-0040691,J.Dart,31,40,0.775
2025,10,NYJ,00-0036945,J.Fields,14,14,1.0
2025,10,PHI,00-0036389,J.Hurts,26,26,1.0
2025,10,PIT,00-0023459,A.Rodgers,34,34,1.0
2025,10,SEA,00-0034869,S.Darnold,13,13,1.0
2025,10,SF,00-0036972,M.Jones,40,40,1.0
2025,10,TB,00-0034855,B.Mayfield,45,45,1.0
2025,10,WAS,00-0032268,M.Mariota,25,25,1.0
2025,11,ARI,00-0033119,J.Brissett,58,58,1.0
2025,11,ATL,00-0039917,M.Penix,16,30,0.5333
2025,11,BAL,00-0034796,L.Jackson,30,30,1.0
2025,11,BUF,00-0034857,J.Allen,31,31,1.0
2025,11,CAR,00-0039150,B.Young,52,52,1.0
2025,11,CHI,00-0039918,C.Williams,34,34,1.0
2025,11,CIN,00-0026158,J.Flacco,41,41,1.0
2025,11,CLE,00-0040668,S.Sanders,18,29,0.6207
2025,11,DAL,00-0033077,D.Prescott,34,34,1.0
2025,11,DEN,00-0039732,B.Nix,39,40,0.975
2025,11,DET,00-0033106,J.Goff,39,39,1.0
2025,11,GB,00-0036264,J.Love,27,29,0.931
2025,11,HOU,00-0036898,D.Mills,45,45,1.0
2025,11,JAX,00-0036971,T.Lawrence,22,22,1.0
2025,11,KC,00-0033873,P.Mahomes,48,48,1.0
2025,11,LA,00-0026498,M.Stafford,28,28,1.0
2025,11,LAC,00-0036355,J.Herbert,20,29,0.6897
2025,11,LV,00-0030565,G.Smith,46,46,1.0
2025,11,MIA,00-0036212,T.Tagovailoa,23,23,1.0
2025,11,MIN,00-0039923,J.McCarthy,32,32,1.0
2025,11,NE,00-0039851,D.Maye,35,35,1.0
2025,11,NYG,00-0031503,J.Winston,31,31,1.0
2025,11,NYJ,00-0036945,J.Fields,28,29,0.9655
2025,11,PHI,00-0036389,J.Hurts,29,29,1.0
2025,11,PIT,00-0034771,M.Rudolph,16,32,0.5
2025,11,SEA,00-0034869,S.Darnold,44,44,1.0
2025,11,SF,00-0037834,B.Purdy,28,28,1.0
2025,11,TB,00-0034855,B.Mayfield,31,31,1.0
2025,11,TEN,00-0040676,C.Ward,40,40,1.0
2025,11,WAS,00-0032268,M.Mariota,31,31,1.0
2025,12,ARI,00-0033119,J.Brissett,55,56,0.9821
2025,12,ATL,00-0029604,K.Cousins,25,25,1.0
2025,12,BAL,00-0034796,L.Jackson,24,24,1.0
2025,12,BUF,00-0034857,J.Allen,42,42,1.0
2025,12,CAR,00-0039150,B.Young,31,31,1.0
2025,12,CHI,00-0039918,C.Williams,35,35,1.0
2025,12,CIN,00-0026158,J.Flacco,37,38,0.9737
2025,12,CLE,00-0040668,S.Sanders,21,21,1.0
2025,12,DAL,00-0033077,D.Prescott,36,36,1.0
2025,12,DET,00-0033106,J.Goff,43,43,1.0
2025,12,GB,00-0036264,J.Love,22,23,0.9565
2025,12,HOU,00-0036898,D.Mills,30,30,1.0
2025,12,IND,00-0035710,D.Jones,31,31,1.0
2025,12,JAX,00-0036971,T.Lawrence,33,33,1.0
2025,12,KC,00-0033873,P.Mahomes,51,51,1.0
2025,12,LA,00-0026498,M.Stafford,36,36,1.0
2025,12,LV,00-0030565,G.Smith,54,54,1.0
2025,12,MIN,00-0039923,J.McCarthy,24,24,1.0
2025,12,NE,00-0039851,D.Maye,36,36,1.0
2025,12,NO,00-0040743,T.Shough,48,50,0.96
2025,12,NYG,00-0031503,J.Winston,37,38,0.9737
2025,12,NYJ,00-0028118,T.Taylor,31,31,1.0
2025,12,PHI,00-0036389,J.Hurts,40,40,1.0
2025,12,PIT,00-0034771,M.Rudolph,33,33,1.0
2025,12,SEA,00-0034869,S.Darnold,27,27,1.0
2025,12,SF,00-0037834,B.Purdy,32,32,1.0
2025,12,TB,00-0034855,B.Mayfield,21,38,0.5526
2025,12,TEN,00-0040676,C.Ward,46,46,1.0
2025,13,ARI,00-0033119,J.Brissett,41,41,1.0
2025,13,ATL,00-0029604,K.Cousins,35,35,1.0
2025,13,BAL,00-0034796,L.Jackson,35,35,1.0
2025,13,BUF,00-0034857,J.Allen,23,23,1.0
2025,13,CAR,00-0039150,B.Young,22,22,1.0
2025,13,CHI,00-0039918,C.Williams,38,38,1.0
2025,13,CIN,00-0036442,J.Burrow,47,47,1.0
2025,13,CLE,00-0040668,S.Sanders,28,29,0.9655
2025,13,DAL,00-0033077,D.Prescott,40,40,1.0
2025,13,DEN,00-0039732,B.Nix,46,46,1.0
2025,13,DET,00-0033106,J.Goff,29,30,0.9667
2025,13,GB,00-0036264,J.Love,30,30,1.0
2025,13,HOU,00-0039163,C.Stroud,37,37,1.0
2025,13,IND,00-0035710,D.Jones,28,28,1.0
2025,13,JAX,00-0036971,T.Lawrence,30,30,1.0
2025,13,KC,00-0033873,P.Mahomes,37,37,1.0
2025,13,LA,00-0026498,M.Stafford,30,30,1.0
2025,13,LAC,00-0036355,J.Herbert,23,24,0.9583
2025,13,LV,00-0030565,G.Smith,28,28,1.0
2025,13,MIA,00-0036212,T.Tagovailoa,26,26,1.0
2025,13,MIN,00-0040494,M.Brosmer,34,34,1.0
2025,13,NE,00-0039851,D.Maye,34,34,1.0
2025,13,NO,00-0040743,T.Shough,43,43,1.0
2025,13,NYG,00-0040691,J.Dart,27,27,1.0
2025,13,NYJ,00-0028118,T.Taylor,35,35,1.0
2025,13,PHI,00-0036389,J.Hurts,33,33,1.0
2025,13,PIT,00-0023459,A.Rodgers,22,25,0.88
2025,13,SEA,00-0034869,S.Darnold,30,30,1.0
2025,13,SF,00-0037834,B.Purdy,31,32,0.9688
2025,13,TB,00-0034855,B.Mayfield,30,30,1.0
2025,13,TEN,00-0040676,C.Ward,41,41,1.0
2025,13,WAS,00-0032268,M.Mariota,53,53,1.0
2025,14,ARI,00-0033119,J.Brissett,47,47,1.0
2025,14,ATL,00-0029604,K.Cousins,31,31,1.0
2025,14,BAL,00-0034796,L.Jackson,35,35,1.0
2025,14,BUF,00-0034857,J.Allen,32,32,1.0
2025,14,CHI,00-0039918,C.Williams,36,36,1.0
2025,14,CIN,00-0036442,J.Burrow,38,38,1.0
2025,14,CLE,00-0040668,S.Sanders,44,45,0.9778
2025,14,DAL,00-0033077,D.Prescott,53,53,1.0
2025,14,DEN,00-0039732,B.Nix,41,41,1.0
2025,14,DET,00-0033106,J.Goff,35,35,1.0
2025,14,GB,00-0036264,J.Love,26,26,1.0
2025,14,HOU,00-0039163,C.Stroud,34,34,1.0
2025,14,IND,00-0040206,R.Leonard,31,38,0.8158
2025,14,JAX,00-0036971,T.Lawrence,30,31,0.9677
2025,14,KC,00-0033873,P.Mahomes,34,34,1.0
2025,14,LA,00-0026498,M.Stafford,31,31,1.0
2025,14,LAC,00-0036355,J.Herbert,33,33,1.0
2025,14,LV,00-0030565,G.Smith,24,35,0.6857
2025,14,MIA,00-0036212,T.Tagovailoa,22,22,1.0
2025,14,MIN,00-0039923,J.McCarthy,27,27,1.0
2025,14,NO,00-0040743,T.Shough,23,23,1.0
2025,14,NYJ,00-0040398,B.Cook,36,40,0.9
2025,14,PHI,00-0036389,J.Hurts,41,41,1.0
2025,14,PIT,00-0023459,A.Rodgers,34,34,1.0
2025,14,SEA,00-0034869,S.Darnold,32,32,1.0
2025,14,TB,00-0034855,B.Mayfield,30,30,1.0
2025,14,TEN,00-0040676,C.Ward,29,29,1.0
2025,14,WAS,00-0039910,J.Daniels,21,26,0.8077
2025,15,ARI,00-0033119,J.Brissett,43,43,1.0
2025,15,ATL,00-0029604,K.Cousins,46,46,1.0
2025,15,BAL,00-0034796,L.Jackson,16,16,1.0
2025,15,BUF,00-0034857,J.Allen,30,30,1.0
2025,15,CAR,00-0039150,B.Young,25,25,1.0
2025,15,CHI,00-0039918,C.Williams,31,31,1.0
2025,15,CIN,00-0036442,J.Burrow,42,42,1.0
2025,15,CLE,00-0040668,S.Sanders,40,40,1.0
2025,15,DAL,00-0033077,D.Prescott,40,40,1.0
2025,15,DEN,00-0039732,B.Nix,34,34,1.0
2025,15,DET,00-0033106,J.Goff,42,42,1.0
2025,15,GB,00-0036264,J.Love,43,43,1.0
2025,15,HOU,00-0039163,C.Stroud,29,29,1.0
2025,15,IND,00-0022942,P.Rivers,28,28,1.0
2025,15,JAX,00-0036971,T.Lawrence,32,32,1.0
2025,15,KC,00-0033873,P.Mahomes,33,38,0.8684
2025,15,LA,00-0026498,M.Stafford,40,40,1.0
2025,15,LAC,00-0036355,J.Herbert,33,33,1.0
2025,15,LV,00-0038102,K.Pickett,29,29,1.0
2025,15,MIA,00-0036212,T.Tagovailoa,34,34,1.0
2025,15,MIN,00-0039923,J.McCarthy,24,24,1.0
2025,15,NE,00-0039851,D.Maye,26,26,1.0
2025,15,NO,00-0040743,T.Shough,36,37,0.973
2025,15,NYG,00-0040691,J.Dart,37,38,0.9737
2025,15,NYJ,00-0040398,B.Cook,36,36,1.0
2025,15,PHI,00-0036389,J.Hurts,16,19,0.8421
2025,15,PIT,00-0023459,A.Rodgers,30,30,1.0
2025,15,SEA,00-0034869,S.Darnold,35,35,1.0
2025,15,SF,00-0037834,B.Purdy,32,32,1.0
2025,15,TB,00-0034855,B.Mayfield,40,40,1.0
2025,15,TEN,00-0040676,C.Ward,29,29,1.0
2025,15,WAS,00-0032268,M.Mariota,21,21,1.0
2025,16,ARI,00-0033119,J.Brissett,33,33,1.0
2025,16,ATL,00-0029604,K.Cousins,36,36,1.0
2025,16,BAL,00-0035993,T.Huntley,11,21,0.5238
2025,16,BUF,00-0034857,J.Allen,21,21,1.0
2025,16,CAR,00-0039150,B.Young,34,34,1.0
2025,16,CHI,00-0039918,C.Williams,34,34,1.0
2025,16,CIN,00-0036442,J.Burrow,34,35,0.9714
2025,16,CLE,00-0040668,S.Sanders,31,33,0.9394
2025,16,DAL,00-0033077,D.Prescott,31,33,0.9394
2025,16,DEN,00-0039732,B.Nix,48,48,1.0
2025,16,DET,00-0033106,J.Goff,57,57,1.0
2025,16,GB,00-0038128,M.Willis,13,26,0.5
2025,16,HOU,00-0039163,C.Stroud,35,35,1.0
2025,16,IND,00-0022942,P.Rivers,37,38,0.9737
2025,16,JAX,00-0036971,T.Lawrence,41,41,1.0
2025,16,KC,00-0037324,C.Oladokun,20,28,0.7143
2025,16,LA,00-0026498,M.Stafford,49,49,1.0
2025,16,LAC,00-0036355,J.Herbert,29,29,1.0
2025,16,LV,00-0030565,G.Smith,26,26,1.0
2025,16,MIA,00-0040234,Q.Ewers,30,30,1.0
2025,16,MIN,00-0039923,J.McCarthy,17,27,0.6296
2025,16,NE,00-0039851,D.Maye,48,49,0.9796
2025,16,NO,00-0040743,T.Shough,51,52,0.9808
2025,16,NYG,00-0040691,J.Dart,18,18,1.0
2025,16,NYJ,00-0040398,B.Cook,43,43,1.0
2025,16,PHI,00-0036389,J.Hurts,32,32,1.0
2025,16,PIT,00-0023459,A.Rodgers,43,43,1.0
2025,16,SEA,00-0034869,S.Darnold,39,39,1.0
2025,16,SF,00-0037834,B.Purdy,35,35,1.0
2025,16,TB,00-0034855,B.Mayfield,28,28,1.0
2025,16,TEN,00-0040676,C.Ward,30,30,1.0
2025,16,WAS,00-0032268,M.Mariota,15,25,0.6
2025,17,ARI,00-0033119,J.Brissett,41,41,1.0
2025,17,ATL,00-0029604,K.Cousins,20,20,1.0
2025,17,BAL,00-0035993,T.Huntley,21,21,1.0
2025,17,BUF,00-0034857,J.Allen,41,41,1.0
2025,17,CAR,00-0039150,B.Young,26,26,1.0
2025,17,CHI,00-0039918,C.Williams,41,41,1.0
2025,17,CIN,00-0036442,J.Burrow,34,39,0.8718
2025,17,CLE,00-0040668,S.Sanders,25,25,1.0
2025,17,DAL,00-0033077,D.Prescott,43,43,1.0
2025,17,DEN,00-0039732,B.Nix,39,39,1.0
2025,17,DET,00-0033106,J.Goff,34,34,1.0
2025,17,GB,00-0038128,M.Willis,22,27,0.8148
2025,17,HOU,00-0039163,C.Stroud,28,28,1.0
2025,17,IND,00-0022942,P.Rivers,32,33,0.9697
2025,17,JAX,00-0036971,T.Lawrence,39,39,1.0
2025,17,KC,00-0037324,C.Oladokun,22,22,1.0
2025,17,LA,00-0026498,M.Stafford,41,41,1.0
2025,17,LAC,00-0036355,J.Herbert,37,37,1.0
2025,17,LV,00-0030565,G.Smith,31,34,0.9118
2025,17,MIA,00-0040234,Q.Ewers,24,24,1.0
2025,17,MIN,00-0040494,M.Brosmer,23,23,1.0
2025,17,NE,00-0039851,D.Maye,22,26,0.8462
2025,17,NO,00-0040743,T.Shough,29,29,1.0
2025,17,NYG,00-0040691,J.Dart,32,32,1.0
2025,17,NYJ,00-0040398,B.Cook,34,35,0.9714
2025,17,PHI,00-0036389,J.Hurts,28,28,1.0
2025,17,PIT,00-0023459,A.Rodgers,39,39,1.0
2025,17,SEA,00-0034869,S.Darnold,30,30,1.0
2025,17,SF,00-0037834,B.Purdy,34,34,1.0
2025,17,TB,00-0034855,B.Mayfield,47,47,1.0
2025,17,TEN,00-0040676,C.Ward,44,44,1.0
2025,17,WAS,00-0026300,J.Johnson,23,24,0.9583
2025,18,ARI,00-0033119,J.Brissett,37,38,0.9737
2025,18,ATL,00-0029604,K.Cousins,35,35,1.0
2025,18,BAL,00-0034796,L.Jackson,21,21,1.0
2025,18,BUF,00-0033869,M.Trubisky,31,31,1.0
2025,18,CAR,00-0039150,B.Young,34,34,1.0
2025,18,CHI,00-0039918,C.Williams,35,35,1.0
2025,18,CIN,00-0036442,J.Burrow,42,42,1.0
2025,18,CLE,00-0040668,S.Sanders,28,28,1.0
2025,18,DAL,00-0039398,J.Milton,13,24,0.5417
2025,18,DEN,00-0039732,B.Nix,27,27,1.0
2025,18,DET,00-0033106,J.Goff,44,45,0.9778
2025,18,GB,00-0038582,C.Tune,15,15,1.0
2025,18,HOU,00-0039163,C.Stroud,22,31,0.7097
2025,18,IND,00-0040206,R.Leonard,35,36,0.9722
2025,18,JAX,00-0036971,T.Lawrence,32,34,0.9412
2025,18,KC,00-0037324,C.Oladokun,20,39,0.5128
2025,18,LA,00-0026498,M.Stafford,40,40,1.0
2025,18,LAC,00-0037012,T.Lance,45,45,1.0
2025,18,LV,00-0038579,A.O'Connell,23,29,0.7931
2025,18,MIA,00-0040234,Q.Ewers,27,29,0.931
2025,18,MIN,00-0039923,J.McCarthy,23,33,0.697
2025,18,NE,00-0039851,D.Maye,18,22,0.8182
2025,18,NO,00-0040743,T.Shough,39,39,1.0
2025,18,NYG,00-0040691,J.Dart,36,38,0.9474
2025,18,NYJ,00-0040398,B.Cook,24,24,1.0
2025,18,PHI,00-0038400,T.McKee,43,43,1.0
2025,18,PIT,00-0023459,A.Rodgers,49,49,1.0
2025,18,SEA,00-0034869,S.Darnold,28,28,1.0
2025,18,SF,00-0037834,B.Purdy,30,30,1.0
2025,18,TB,00-0034855,B.Mayfield,24,24,1.0
2025,18,TEN,00-0032434,B.Allen,31,34,0.9118
2025,18,WAS,00-0026300,J.Johnson,21,21,1.0
2025,19,BUF,00-0034857,J.Allen,36,36,1.0
2025,19,CAR,00-0039150,B.Young,42,42,1.0
2025,19,CHI,00-0039918,C.Williams,50,50,1.0
2025,19,GB,00-0036264,J.Love,47,47,1.0
2025,19,HOU,00-0039163,C.Stroud,35,35,1.0
2025,19,JAX,00-0036971,T.Lawrence,31,31,1.0
2025,19,LA,00-0026498,M.Stafford,43,43,1.0
2025,19,LAC,00-0036355,J.Herbert,37,37,1.0
2025,19,NE,00-0039851,D.Maye,34,35,0.9714
2025,19,PHI,00-0036389,J.Hurts,36,36,1.0
2025,19,PIT,00-0023459,A.Rodgers,37,38,0.9737
2025,19,SF,00-0037834,B.Purdy,32,33,0.9697
2025,20,BUF,00-0034857,J.Allen,42,42,1.0
2025,20,CHI,00-0039918,C.Williams,42,42,1.0
2025,20,DEN,00-0039732,B.Nix,46,46,1.0
2025,20,HOU,00-0039163,C.Stroud,50,50,1.0
2025,20,LA,00-0026498,M.Stafford,46,46,1.0
2025,20,NE,00-0039851,D.Maye,32,32,1.0
2025,20,SEA,00-0034869,S.Darnold,19,19,1.0
2025,20,SF,00-0037834,B.Purdy,29,33,0.8788
2025,21,DEN,00-0035264,J.Stidham,34,34,1.0
2025,21,LA,00-0026498,M.Stafford,35,35,1.0
2025,21,NE,00-0039851,D.Maye,26,26,1.0
2025,21,SEA,00-0034869,S.Darnold,39,39,1.0
2025,22,NE,00-0039851,D.Maye,50,50,1.0
2025,22,SEA,00-0034869,S.Darnold,39,39,1.0
2026,1,ARI,00-0033119,J.Brissett,38,38,1.0
2026,1,ATL,00-0033662,C.Rush,26,26,1.0
2026,1,BAL,00-0034796,L.Jackson,26,26,1.0
2026,1,BUF,00-0034857,J.Allen,32,32,1.0
2026,1,CAR,00-0039150,B.Young,39,40,0.975
2026,1,CHI,00-0039918,C.Williams,31,31,1.0
2026,1,CIN,00-0036442,J.Burrow,36,36,1.0
2026,1,CLE,00-0033537,D.Watson,27,27,1.0
2026,1,DAL,00-0033077,D.Prescott,34,34,1.0
2026,1,DEN,00-0039732,B.Nix,32,32,1.0
2026,1,DET,00-0033106,J.Goff,40,40,1.0
2026,1,GB,00-0036264,J.Love,46,46,1.0
2026,1,HOU,00-0039163,C.Stroud,41,41,1.0
2026,1,IND,00-0035710,D.Jones,33,33,1.0
2026,1,JAX,00-0036971,T.Lawrence,24,24,1.0
2026,1,KC,00-0033873,P.Mahomes,29,29,1.0
2026,1,LA,00-0026498,M.Stafford,25,28,0.8929
2026,1,LAC,00-0036355,J.Herbert,30,30,1.0
2026,1,LV,00-0029604,K.Cousins,30,30,1.0
2026,1,MIA,00-0038128,M.Willis,32,32,1.0
2026,1,MIN,00-0032950,C.Wentz,23,28,0.8214
2026,1,NE,00-0039851,D.Maye,36,36,1.0
2026,1,NO,00-0040743,T.Shough,61,61,1.0
2026,1,NYG,00-0040691,J.Dart,31,31,1.0
2026,1,NYJ,00-0030565,G.Smith,24,24,1.0
2026,1,PHI,00-0036389,J.Hurts,28,28,1.0
2026,1,PIT,00-0023459,A.Rodgers,42,43,0.9767
2026,1,SEA,00-0035704,D.Lock,23,26,0.8846
2026,1,SF,00-0037834,B.Purdy,34,34,1.0
2026,1,TB,00-0034855,B.Mayfield,32,32,1.0
2026,1,TEN,00-0040676,C.Ward,35,35,1.0
2026,1,WAS,00-0039910,J.Daniels,36,36,1.0
2026,2,ARI,00-0033119,J.Brissett,30,30,1.0
2026,2,ATL,00-0033662,C.Rush,18,35,0.5143
2026,2,BAL,00-0034796,L.Jackson,33,33,1.0
2026,2,BUF,00-0034857,J.Allen,33,33,1.0
2026,2,CAR,00-0039150,B.Young,38,38,1.0
2026,2,CHI,00-0039918,C.Williams,29,38,0.7632
2026,2,CIN,00-0036442,J.Burrow,36,36,1.0
2026,2,CLE,00-0033537,D.Watson,32,32,1.0
2026,2,DAL,00-0033077,D.Prescott,33,33,1.0
2026,2,DEN,00-0039732,B.Nix,31,31,1.0
2026,2,DET,00-0033106,J.Goff,42,42,1.0
2026,2,GB,00-0036264,J.Love,32,32,1.0
2026,2,HOU,00-0039163,C.Stroud,57,58,0.9828
2026,2,IND,00-0035710,D.Jones,31,31,1.0
2026,2,JAX,00-0036971,T.Lawrence,31,31,1.0
2026,2,KC,00-0033873,P.Mahomes,49,49,1.0
2026,2,LA,00-0026498,M.Stafford,31,31,1.0
2026,2,LAC,00-0036355,J.Herbert,30,30,1.0
2026,2,LV,00-0029604,K.Cousins,31,31,1.0
2026,2,MIA,00-0038128,M.Willis,27,27,1.0
2026,2,MIN,00-0032950,C.Wentz,23,23,1.0
2026,2,NE,00-0039851,D.Maye,25,25,1.0
2026,2,NO,00-0040743,T.Shough,37,37,1.0
2026,2,NYG,00-0031503,J.Winston,29,34,0.8529
2026,2,NYJ,00-0030565,G.Smith,44,44,1.0
2026,2,PHI,00-0036389,J.Hurts,40,40,1.0
2026,2,PIT,00-0023459,A.Rodgers,43,44,0.9773
2026,2,SEA,00-0035704,D.Lock,27,27,1.0
2026,2,SF,00-0037834,B.Purdy,22,22,1.0
2026,2,TB,00-0034855,B.Mayfield,37,37,1.0
2026,2,TEN,00-0040676,C.Ward,22,22,1.0
2026,2,WAS,00-0039910,J.Daniels,17,35,0.4857
2026,3,ARI,00-0033119,J.Brissett,53,53,1.0
2026,3,ATL,00-0039917,M.Penix,26,26,1.0
2026,3,BAL,00-0034796,L.Jackson,20,20,1.0
2026,3,BUF,00-0034857,J.Allen,30,30,1.0
2026,3,CAR,00-0039150,B.Young,50,50,1.0
2026,3,CHI,00-0028986,C.Keenum,34,34,1.0
2026,3,CIN,00-0036442,J.Burrow,38,38,1.0
2026,3,CLE,00-0033537,D.Watson,33,34,0.9706
2026,3,DAL,00-0033077,D.Prescott,42,42,1.0
2026,3,DEN,00-0039732,B.Nix,37,37,1.0
2026,3,DET,00-0033106,J.Goff,34,34,1.0
2026,3,GB,00-0036264,J.Love,54,54,1.0
2026,3,HOU,00-0039163,C.Stroud,30,30,1.0
2026,3,IND,00-0035710,D.Jones,40,40,1.0
2026,3,JAX,00-0036971,T.Lawrence,29,29,1.0
2026,3,KC,00-0033873,P.Mahomes,24,24,1.0
2026,3,LA,00-0026498,M.Stafford,57,57,1.0
2026,3,LAC,00-0036355,J.Herbert,36,36,1.0
2026,3,LV,00-0029604,K.Cousins,38,38,1.0
2026,3,MIA,00-0038128,M.Willis,36,36,1.0
2026,3,MIN,00-0035228,K.Murray,32,32,1.0
2026,3,NE,00-0039851,D.Maye,28,34,0.8235
2026,3,NO,00-0040743,T.Shough,44,44,1.0
2026,3,NYG,00-0031503,J.Winston,25,25,1.0
2026,3,NYJ,00-0030565,G.Smith,44,44,1.0
2026,3,PHI,00-0036389,J.Hurts,27,28,0.9643
2026,3,PIT,00-0023459,A.Rodgers,35,35,1.0
2026,3,SEA,00-0034869,S.Darnold,45,46,0.9783
2026,3,SF,00-0037834,B.Purdy,27,27,1.0
2026,3,TB,00-0034855,B.Mayfield,40,43,0.9302
2026,3,TEN,00-0040676,C.Ward,36,36,1.0
2026,3,WAS,00-0032268,M.Mariota,33,33,1.0
