qb_id,name,team,season,week,db,epa,cpoe_pbp,adot,deep_rate_20,scramble_rate,p2s_eb,n_clean,n_press,epa_clean,epa_press,var_clean,var_press,sens_epa_floor,sens_se,clean_epa_baseline,int_n_clean,int_att_clean,int_n_press,int_att_press
00-0036442,J.Burrow,CIN,2022,1,66,-0.2134,-0.7079,7.0189,0.0943,0.0758,0.2448,55,11,0.0029,-1.2947,3.1206,4.2451,1.2976,0.6653,0.0029,4,50,0,11
00-0032950,C.Wentz,WAS,2022,2,87,0.1385,1.1063,8.4667,0.1867,0.0345,0.2103,74,13,0.3377,-0.9952,2.9089,0.6258,1.3329,0.2957,0.3377,3,71,0,13
00-0036212,T.Tagovailoa,MIA,2022,2,67,0.3584,5.9432,7.3906,0.1094,0.0000,0.2082,61,6,0.5163,-1.2472,3.3127,0.3428,1.7636,0.3338,0.5163,2,61,0,6
00-0031280,D.Carr,LV,2022,2,81,-0.0821,-1.3484,7.6575,0.0959,0.0123,0.2200,67,14,0.1655,-1.2670,2.6160,7.5128,1.4325,0.7587,0.1655,3,66,0,14
00-0035228,K.Murray,ARI,2022,2,74,-0.1733,-5.8935,5.8529,0.1176,0.0270,0.2040,67,7,0.0172,-1.9968,1.4431,0.7316,2.0140,0.3550,0.0172,1,65,0,7
00-0035710,D.Jones,NYG,2022,2,73,-0.1050,4.3049,5.8364,0.0364,0.1233,0.2338,56,17,0.1810,-1.0472,2.1272,1.9974,1.2282,0.3943,0.1810,1,47,0,17
00-0033869,M.Trubisky,PIT,2022,2,77,-0.1122,-4.8683,8.1594,0.1449,0.0390,0.2154,68,9,-0.0715,-0.4195,1.3842,2.0482,0.3479,0.4979,-0.0715,1,65,0,9
00-0033873,P.Mahomes,KC,2022,2,73,0.4194,10.0963,7.7714,0.1000,0.0274,0.1608,63,10,0.5404,-0.3428,1.8687,2.5675,0.8832,0.5352,0.5404,0,61,0,10
00-0026158,J.Flacco,NYJ,2022,2,78,-0.0668,-3.8456,7.1667,0.0833,0.0128,0.2140,64,14,0.1042,-0.8486,2.1676,2.5777,0.9527,0.4669,0.1042,1,63,0,14
00-0036355,J.Herbert,LAC,2022,2,78,0.1387,3.7067,5.5067,0.0533,0.0128,0.1736,67,11,0.1763,-0.0904,4.0218,2.0023,0.2667,0.4920,0.1763,1,66,0,11
00-0019596,T.Brady,TB,2022,2,59,0.1855,-3.9810,10.3393,0.1964,0.0000,0.2125,54,5,0.2948,-0.9946,1.8458,0.6535,1.2894,0.4060,0.2948,0,54,0,5
00-0033106,J.Goff,DET,2022,2,73,0.0332,-9.4408,8.3478,0.1304,0.0137,0.1789,59,14,0.2527,-0.8918,1.6559,6.9771,1.1445,0.7256,0.2527,0,58,1,14
00-0033119,J.Brissett,CLE,2022,2,68,0.1071,5.5825,6.6610,0.0339,0.1029,0.1804,59,9,0.2171,-0.6143,1.4804,1.0691,0.8314,0.3793,0.2171,1,52,0,9
00-0030565,G.Smith,SEA,2022,2,53,-0.0616,13.0533,5.4490,0.0612,0.0189,0.1925,43,10,0.1475,-0.9605,2.6430,1.5865,1.1080,0.4692,0.1475,0,42,1,10
00-0034855,B.Mayfield,CAR,2022,2,68,-0.1499,-12.5082,7.0179,0.0893,0.0882,0.2444,60,8,-0.0232,-1.0998,2.1993,1.9285,1.0766,0.5270,-0.0232,1,54,0,8
00-0026143,M.Ryan,IND,2022,2,64,-0.0797,-3.3016,6.2456,0.0526,0.0312,0.2179,52,12,0.0490,-0.6371,1.6419,2.7145,0.6861,0.5077,0.0490,1,50,1,12
00-0036972,M.Jones,NE,2022,2,66,-0.0081,-2.1703,8.2333,0.1167,0.0606,0.1917,60,6,0.2042,-2.1310,2.2854,6.6163,2.3352,1.0681,0.2042,1,56,1,6
00-0023459,A.Rodgers,GB,2022,2,53,-0.0132,-0.9643,5.5111,0.0667,0.0189,0.2536,44,9,0.4048,-2.0565,1.1656,3.1407,2.4613,0.6127,0.4048,0,43,1,9
00-0029604,K.Cousins,MIN,2022,2,52,-0.0006,2.4427,4.5400,0.0400,0.0192,0.1608,42,10,0.2950,-1.2422,2.1361,2.2404,1.5373,0.5243,0.2950,1,41,1,10
00-0034857,J.Allen,BUF,2022,2,75,0.4352,6.0729,6.7612,0.0746,0.0667,0.2125,70,5,0.5309,-0.9051,2.7230,0.0833,1.4360,0.2357,0.5309,2,65,0,5
00-0032268,M.Mariota,ATL,2022,2,62,-0.0940,-4.2356,7.9000,0.0600,0.1290,0.2040,55,7,-0.0751,-0.2431,2.8358,1.5285,0.1680,0.5195,-0.0751,2,47,0,7
00-0029263,R.Wilson,DEN,2022,2,80,0.1837,-0.4654,7.5479,0.1644,0.0250,0.2068,66,14,0.3533,-0.6158,2.2113,0.6808,0.9691,0.2866,0.3533,1,64,0,14
00-0036898,D.Mills,HOU,2022,2,76,-0.1140,-7.7810,7.4648,0.0563,0.0000,0.2259,66,10,-0.0849,-0.3065,0.8786,1.9704,0.2217,0.4586,-0.0849,0,66,0,10
00-0026498,M.Stafford,LA,2022,2,62,-0.1134,10.3446,7.1481,0.1481,0.0161,0.2328,47,15,0.3856,-1.6770,2.5647,3.0424,2.0626,0.5073,0.3856,2,46,2,15
00-0036971,T.Lawrence,JAX,2022,2,73,0.2592,8.2931,7.8551,0.1014,0.0137,0.1704,61,12,0.5153,-1.0427,1.4727,1.0895,1.5580,0.3390,0.5153,0,60,1,12
00-0036442,J.Burrow,CIN,2022,2,112,-0.0617,-1.3218,6.4382,0.0787,0.0714,0.2767,92,20,0.1541,-1.0544,2.4511,2.9749,1.2085,0.4188,0.1541,4,84,0,20
00-0029701,R.Tannehill,TEN,2022,2,56,-0.0379,-4.4925,9.0385,0.0962,0.0179,0.2000,48,8,-0.0040,-0.2418,3.2194,2.0190,0.2378,0.5652,-0.0040,2,47,0,8
00-0031503,J.Winston,NO,2022,2,72,-0.3626,-0.8698,11.0678,0.1864,0.0417,0.2571,58,14,-0.1712,-1.1556,3.4448,2.5241,0.9843,0.4896,-0.1712,3,55,0,14
00-0036389,J.Hurts,PHI,2022,2,77,0.4164,3.3300,6.8475,0.0508,0.1818,0.2074,67,10,0.5377,-0.3963,2.0281,1.0458,0.9340,0.3672,0.5377,0,53,0,10
00-0034796,L.Jackson,BAL,2022,2,57,0.4635,1.6097,10.9412,0.1569,0.0702,0.2044,53,4,0.5685,-0.9283,2.3798,0.1475,1.4968,0.2860,0.5685,0,49,0,4
00-0033873,P.Mahomes,KC,2022,3,114,0.3543,5.4884,7.9619,0.0857,0.0526,0.1614,99,15,0.4643,-0.3717,1.8824,1.8552,0.8359,0.3777,0.4643,1,93,0,15
00-0026498,M.Stafford,LA,2022,3,86,-0.0001,7.9350,7.6711,0.1579,0.0233,0.2269,66,20,0.3912,-1.2913,2.2588,3.2256,1.6826,0.4422,0.3912,2,64,2,20
00-0026158,J.Flacco,NYJ,2022,3,126,-0.2222,-4.9775,8.4483,0.1293,0.0079,0.2314,103,23,-0.0138,-1.1557,2.0699,2.9461,1.1420,0.3850,-0.0138,2,102,0,23
00-0031345,J.Garoppolo,SF,2022,3,52,-0.1340,-3.2457,8.5106,0.1064,0.0000,0.2259,42,10,0.0389,-0.8600,2.1715,0.9577,0.8989,0.3840,0.0389,1,42,0,10
00-0026143,M.Ryan,IND,2022,3,107,-0.0875,-1.2203,5.6809,0.0426,0.0280,0.2423,85,22,0.1073,-0.8400,1.3640,4.2239,0.9473,0.4561,0.1073,1,82,1,22
00-0023459,A.Rodgers,GB,2022,3,87,-0.0127,4.0483,4.7692,0.0641,0.0115,0.2413,72,15,0.3371,-1.6917,1.7989,2.2021,2.0288,0.4145,0.3371,1,71,1,15
00-0032268,M.Mariota,ATL,2022,3,87,0.1031,0.4877,10.3429,0.1714,0.1149,0.2237,74,13,0.1427,-0.1221,2.6986,2.0885,0.2648,0.4440,0.1427,3,64,0,13
00-0033119,J.Brissett,CLE,2022,3,100,0.1017,3.3427,6.6000,0.0444,0.0700,0.1889,89,11,0.2134,-0.8020,1.4694,1.2887,1.0154,0.3656,0.2134,1,82,0,11
00-0029701,R.Tannehill,TEN,2022,3,80,0.1194,-1.0289,8.4933,0.1067,0.0125,0.2000,68,12,0.1892,-0.2761,2.9035,2.6896,0.4653,0.5166,0.1892,3,67,0,12
00-0036898,D.Mills,HOU,2022,3,109,-0.1322,-6.0870,7.4563,0.0583,0.0000,0.2276,96,13,-0.1163,-0.2489,1.7943,2.0311,0.1325,0.4182,-0.1163,2,96,0,13
00-0029604,K.Cousins,MIN,2022,3,93,-0.0083,-0.7751,6.2333,0.0667,0.0108,0.1559,76,17,0.1968,-0.9250,1.6365,3.5693,1.1218,0.4811,0.1968,1,75,1,17
00-0031280,D.Carr,LV,2022,3,125,-0.0214,0.9551,7.5398,0.0796,0.0240,0.2185,107,18,0.1182,-0.8508,2.5947,6.8631,0.9690,0.6368,0.1182,4,104,0,18
00-0030565,G.Smith,SEA,2022,3,99,0.0871,11.4580,7.3011,0.0860,0.0101,0.2033,84,15,0.2706,-0.9406,2.1361,1.2750,1.2111,0.3323,0.2706,1,83,1,15
00-0035228,K.Murray,ARI,2022,3,129,-0.1668,-5.7160,6.0500,0.1000,0.0233,0.2140,117,12,-0.0313,-1.4879,1.3105,1.2343,1.4566,0.3377,-0.0313,1,114,0,12
00-0036389,J.Hurts,PHI,2022,3,115,0.4137,3.1846,8.5978,0.1087,0.1478,0.2129,99,16,0.5864,-0.6554,2.2446,0.8752,1.2418,0.2782,0.5864,0,82,0,16
00-0033106,J.Goff,DET,2022,3,115,0.0772,-6.6066,8.4862,0.1376,0.0261,0.1729,99,16,0.2276,-0.8536,1.9030,6.0583,1.0812,0.6308,0.2276,0,96,2,16
00-0034855,B.Mayfield,CAR,2022,3,92,-0.1766,-14.3045,6.8831,0.0909,0.0652,0.2613,79,13,-0.0330,-1.0488,2.5211,1.3151,1.0158,0.3648,-0.0330,1,73,0,13
00-0034857,J.Allen,BUF,2022,3,145,0.3116,5.2667,6.4419,0.0698,0.0621,0.2290,129,16,0.4729,-0.9890,2.0309,1.9836,1.4620,0.3738,0.4729,2,120,0,16
00-0034796,L.Jackson,BAL,2022,3,91,0.3235,2.4558,10.4250,0.1625,0.0549,0.2444,81,10,0.4503,-0.7035,2.6332,0.6729,1.1538,0.3159,0.4503,1,76,0,10
00-0033869,M.Trubisky,PIT,2022,3,109,-0.0916,-3.7049,9.4100,0.2000,0.0275,0.2218,98,11,-0.0347,-0.5989,1.3031,1.8005,0.5642,0.4207,-0.0347,1,95,0,11
00-0035710,D.Jones,NYG,2022,3,122,-0.1187,0.2052,6.3804,0.0543,0.1311,0.2463,93,29,0.1512,-0.9841,1.6658,1.3337,1.1353,0.2528,0.1512,2,77,0,29
00-0031503,J.Winston,NO,2022,3,107,-0.2119,-0.4208,10.6559,0.1613,0.0280,0.2529,89,18,-0.0212,-1.1548,3.0342,1.9711,1.1336,0.3789,-0.0212,4,86,0,18
00-0033662,C.Rush,DAL,2022,3,62,0.0974,-1.4651,7.1167,0.1000,0.0161,0.1708,55,7,0.1377,-0.2186,2.0682,3.9217,0.3562,0.7732,0.1377,0,54,0,7
00-0036972,M.Jones,NE,2022,3,103,-0.0196,1.8090,9.3820,0.1685,0.0874,0.2154,95,8,0.1555,-2.0985,2.3806,4.7296,2.2540,0.7850,0.1555,3,86,1,8
00-0036971,T.Lawrence,JAX,2022,3,107,0.2489,4.8105,7.0891,0.0792,0.0187,0.1643,93,14,0.4620,-1.1669,1.4438,1.1499,1.6288,0.3125,0.4620,0,91,1,14
00-0036355,J.Herbert,LAC,2022,3,109,0.0676,2.1142,6.4095,0.0667,0.0092,0.1759,94,15,0.1183,-0.2503,3.8541,4.3213,0.3686,0.5737,0.1183,2,93,0,15
00-0036212,T.Tagovailoa,MIA,2022,3,86,0.3799,5.8455,7.9268,0.1220,0.0000,0.2196,79,7,0.5189,-1.1888,2.9958,0.3096,1.7078,0.2866,0.5189,2,79,0,7
00-0036945,J.Fields,CHI,2022,3,62,-0.1049,-11.3028,9.5116,0.1860,0.1452,0.2646,46,16,0.1994,-0.9798,2.2708,2.4701,1.1792,0.4514,0.1994,2,37,1,16
00-0036442,J.Burrow,CIN,2022,3,148,0.0485,0.4058,6.7886,0.0813,0.0608,0.2585,120,28,0.1771,-0.5022,2.4984,4.5179,0.6793,0.4268,0.1771,4,111,0,28
00-0029263,R.Wilson,DEN,2022,3,121,0.0258,-1.8569,7.5189,0.1415,0.0413,0.2250,98,23,0.1922,-0.6831,2.0169,0.9067,0.8753,0.2450,0.1922,1,93,0,23
00-0032950,C.Wentz,WAS,2022,3,118,-0.0469,-2.6918,8.4388,0.1735,0.0424,0.2493,95,23,0.2286,-1.1848,2.4122,2.0643,1.4134,0.3393,0.2286,3,90,0,23
00-0019596,T.Brady,TB,2022,3,105,0.0303,-0.2467,8.3163,0.1327,0.0000,0.2400,96,9,0.1383,-1.1213,1.7304,0.5397,1.2596,0.2793,0.1383,0,96,0,9
00-0026143,M.Ryan,IND,2022,4,148,-0.0063,0.4349,5.8779,0.0534,0.0270,0.2557,120,28,0.2004,-0.8922,1.8373,4.4136,1.0926,0.4159,0.2004,2,116,1,28
00-0036355,J.Herbert,LAC,2022,4,146,0.1857,3.8829,6.7535,0.0775,0.0068,0.1759,131,15,0.2356,-0.2503,3.3208,4.3213,0.4858,0.5599,0.2356,2,130,0,15
00-0033662,C.Rush,DAL,2022,4,87,0.1238,-3.5026,7.0000,0.1084,0.0230,0.1769,77,10,0.2167,-0.5916,2.1629,3.0746,0.8083,0.5793,0.2167,0,75,0,10
00-0023459,A.Rodgers,GB,2022,4,124,-0.0476,2.9941,6.4513,0.1239,0.0161,0.2418,106,18,0.2196,-1.6206,2.5967,1.9235,1.8402,0.3624,0.2196,2,104,1,18
00-0036972,M.Jones,NE,2022,4,103,-0.0196,1.8090,9.3820,0.1685,0.0874,0.2154,95,8,0.1555,-2.0985,2.3806,4.7296,2.2540,0.7850,0.1555,3,86,1,8
00-0034857,J.Allen,BUF,2022,4,187,0.2786,1.7215,6.6606,0.0727,0.0749,0.2235,166,21,0.4211,-0.8472,2.0412,1.7953,1.2683,0.3127,0.4211,3,152,0,21
00-0029604,K.Cousins,MIN,2022,4,134,-0.0166,1.0695,6.5547,0.0547,0.0075,0.1768,110,24,0.1759,-0.8989,1.7077,3.3992,1.0748,0.3964,0.1759,2,109,1,24
00-0026158,J.Flacco,NYJ,2022,4,126,-0.2222,-4.9775,8.4483,0.1293,0.0079,0.2314,103,23,-0.0138,-1.1557,2.0699,2.9461,1.1420,0.3850,-0.0138,2,102,0,23
00-0033106,J.Goff,DET,2022,4,152,0.0845,-5.2259,8.8611,0.1389,0.0197,0.1806,134,18,0.1957,-0.7434,2.8031,6.0355,0.9391,0.5968,0.1957,1,131,2,18
00-0030565,G.Smith,SEA,2022,4,131,0.2453,11.8559,8.1220,0.1057,0.0229,0.1937,113,18,0.4103,-0.7903,2.0699,1.9887,1.2006,0.3589,0.4103,1,110,1,18
00-0029701,R.Tannehill,TEN,2022,4,105,0.0920,1.0029,7.6000,0.0947,0.0286,0.2219,88,17,0.2422,-0.6854,2.5037,2.5245,0.9276,0.4207,0.2422,3,85,0,17
00-0034796,L.Jackson,BAL,2022,4,129,0.1777,1.7568,8.8716,0.1284,0.0930,0.2533,115,14,0.2764,-0.6332,2.5638,1.1586,0.9096,0.3241,0.2764,3,103,0,14
00-0036442,J.Burrow,CIN,2022,4,181,0.0972,0.4171,7.4444,0.1111,0.0608,0.2581,150,31,0.2266,-0.5291,2.5786,4.2811,0.7557,0.3941,0.2266,4,139,0,31
00-0036212,T.Tagovailoa,MIA,2022,4,101,0.3174,4.1339,8.4271,0.1250,0.0000,0.2218,91,10,0.4477,-0.8681,2.8464,1.7216,1.3158,0.4510,0.4477,3,91,0,10
00-0031345,J.Garoppolo,SF,2022,4,80,0.0569,-5.0364,7.4459,0.1081,0.0125,0.2218,69,11,0.2022,-0.8548,2.4164,0.8622,1.0570,0.3368,0.2022,1,68,0,11
00-0035228,K.Murray,ARI,2022,4,162,-0.1521,-3.9072,5.9200,0.1000,0.0309,0.2237,148,14,0.0069,-1.8322,1.3142,3.4876,1.8390,0.5079,0.0069,1,143,1,14
00-0031280,D.Carr,LV,2022,4,164,-0.0174,0.6876,7.6871,0.0816,0.0366,0.2250,141,23,0.1360,-0.9578,2.2337,5.5286,1.0938,0.5062,0.1360,4,135,0,23
00-0019596,T.Brady,TB,2022,4,143,0.0686,0.4998,7.8519,0.1185,0.0000,0.2367,130,13,0.1985,-1.2307,1.5164,2.5806,1.4292,0.4584,0.1985,0,130,0,13
00-0036945,J.Fields,CHI,2022,4,94,-0.0647,-11.3802,9.8095,0.1905,0.1702,0.2810,68,26,0.3476,-1.1431,2.2899,2.2641,1.4907,0.3475,0.3476,2,52,1,26
00-0035710,D.Jones,NYG,2022,4,139,-0.0816,0.0320,6.3810,0.0476,0.1367,0.2494,108,31,0.1812,-0.9974,1.6836,1.2741,1.1786,0.2381,0.1812,2,89,0,31
00-0034855,B.Mayfield,CAR,2022,4,121,-0.2838,-14.2643,6.7429,0.0952,0.0496,0.2646,106,15,-0.1546,-1.1964,2.5915,1.3033,1.0418,0.3337,-0.1546,3,100,0,15
00-0031503,J.Winston,NO,2022,4,107,-0.2119,-0.4208,10.6559,0.1613,0.0280,0.2529,89,18,-0.0212,-1.1548,3.0342,1.9711,1.1336,0.3789,-0.0212,4,86,0,18
00-0029263,R.Wilson,DEN,2022,4,148,0.0572,-0.0663,8.0703,0.1406,0.0473,0.2430,121,27,0.2376,-0.7511,2.1211,1.1957,0.9887,0.2486,0.2376,1,114,0,27
00-0033873,P.Mahomes,KC,2022,4,150,0.3758,4.8698,7.6715,0.0876,0.0533,0.1750,130,20,0.4783,-0.2907,1.9049,1.6216,0.7690,0.3094,0.4783,1,122,0,20
00-0036898,D.Mills,HOU,2022,4,142,-0.1336,-2.7628,7.4361,0.0677,0.0000,0.2418,123,19,-0.0780,-0.4933,1.6983,4.5030,0.4153,0.5008,-0.0780,2,123,1,19
00-0036971,T.Lawrence,JAX,2022,4,128,0.1424,0.7302,6.8739,0.0840,0.0156,0.1968,110,18,0.4030,-1.4502,1.7488,2.0018,1.8532,0.3565,0.4030,1,108,1,18
00-0032950,C.Wentz,WAS,2022,4,146,-0.0714,-2.7353,7.9919,0.1613,0.0342,0.2434,115,31,0.2315,-1.1954,2.2922,1.5704,1.4269,0.2657,0.2315,3,110,1,31
00-0032268,M.Mariota,ATL,2022,4,107,0.0359,-3.8051,10.8539,0.2022,0.0935,0.2185,89,18,0.0591,-0.0793,2.8765,2.5571,0.1384,0.4176,0.0591,4,79,0,18
00-0033119,J.Brissett,CLE,2022,4,138,0.0469,0.8192,7.0000,0.0800,0.0652,0.1806,120,18,0.1814,-0.8496,1.5649,1.3922,1.0310,0.3006,0.1814,2,111,0,18
00-0036389,J.Hurts,PHI,2022,4,143,0.3012,2.5128,8.0862,0.1034,0.1329,0.2235,123,20,0.4671,-0.7188,2.8491,1.1817,1.1859,0.2868,0.4671,1,104,0,20
00-0026498,M.Stafford,LA,2022,4,128,-0.0864,4.6500,6.6786,0.1161,0.0234,0.2525,100,28,0.2128,-1.1548,2.8070,2.5234,1.3676,0.3438,0.2128,3,97,2,28
00-0033869,M.Trubisky,PIT,2022,4,126,-0.1447,-3.9067,10.1770,0.2212,0.0317,0.2452,111,15,-0.0600,-0.7715,1.4803,1.4947,0.7115,0.3361,-0.0600,2,107,0,15
00-0036971,T.Lawrence,JAX,2022,5,171,0.0773,-2.3024,7.4214,0.0881,0.0292,0.1937,152,19,0.2593,-1.3785,1.8918,1.9881,1.6378,0.3422,0.2593,2,147,1,19
00-0030565,G.Smith,SEA,2022,5,162,0.2128,10.2587,8.7770,0.1216,0.0309,0.2171,139,23,0.3694,-0.7334,2.2924,3.4244,1.1027,0.4067,0.3694,1,134,1,23
00-0036442,J.Burrow,CIN,2022,5,218,0.0607,0.0600,6.6968,0.0957,0.0505,0.2630,183,35,0.1898,-0.6139,2.4700,3.9113,0.8036,0.3539,0.1898,5,172,0,35
00-0036945,J.Fields,CHI,2022,5,124,0.0080,-7.8087,9.4167,0.1905,0.1774,0.2881,95,29,0.3502,-1.1131,2.4176,2.0724,1.4633,0.3113,0.3502,2,73,1,29
00-0033119,J.Brissett,CLE,2022,5,174,0.0949,1.5209,7.4654,0.0943,0.0632,0.1723,153,21,0.2013,-0.6797,1.5701,1.5772,0.8810,0.2922,0.2013,3,142,0,21
00-0036898,D.Mills,HOU,2022,5,167,-0.1287,-2.6034,7.1401,0.0637,0.0000,0.2356,143,24,-0.0652,-0.5064,1.5835,3.8718,0.4412,0.4152,-0.0652,2,143,1,24
00-0031503,J.Winston,NO,2022,5,107,-0.2119,-0.4208,10.6559,0.1613,0.0280,0.2529,89,18,-0.0212,-1.1548,3.0342,1.9711,1.1336,0.3789,-0.0212,4,86,0,18
00-0027973,A.Dalton,NO,2022,5,57,0.0784,3.4198,9.5000,0.0962,0.0175,0.2000,49,8,0.3010,-1.2854,2.4181,3.0064,1.5864,0.6520,0.3010,1,48,0,8
00-0035228,K.Murray,ARI,2022,5,204,-0.0867,-2.7029,6.2158,0.1053,0.0294,0.2290,188,16,0.0428,-1.6079,1.3779,3.8403,1.6506,0.4973,0.0428,2,182,1,16
00-0038102,K.Pickett,PIT,2022,5,51,0.0896,10.4249,9.0889,0.1556,0.0784,0.1917,44,7,0.1272,-0.1473,1.5557,5.8854,0.2745,0.9360,0.1272,3,40,1,7
00-0023459,A.Rodgers,GB,2022,5,165,-0.0186,1.5305,6.7105,0.1316,0.0121,0.2427,141,24,0.1711,-1.1335,2.2508,3.2525,1.3046,0.3892,0.1711,2,139,1,24
00-0029263,R.Wilson,DEN,2022,5,193,-0.0143,-2.0425,8.3772,0.1557,0.0466,0.2578,159,34,0.1464,-0.7660,2.0227,1.9957,0.9124,0.2672,0.1464,2,150,1,34
00-0029604,K.Cousins,MIN,2022,5,177,0.0595,2.6194,6.0952,0.0476,0.0113,0.1808,150,27,0.2410,-0.9490,1.7241,3.0660,1.1900,0.3536,0.2410,3,148,1,27
00-0031280,D.Carr,LV,2022,5,197,0.0184,1.8936,8.1243,0.1017,0.0355,0.2275,168,29,0.1850,-0.9468,2.4171,4.4648,1.1318,0.4103,0.1850,4,161,0,29
00-0026158,J.Flacco,NYJ,2022,5,126,-0.2222,-4.9775,8.4483,0.1293,0.0079,0.2314,103,23,-0.0138,-1.1557,2.0699,2.9461,1.1420,0.3850,-0.0138,2,102,0,23
00-0026143,M.Ryan,IND,2022,5,195,-0.0683,0.9960,6.0234,0.0468,0.0256,0.2729,155,40,0.1641,-0.9685,1.8868,3.4675,1.1326,0.3144,0.1641,3,150,2,40
00-0033869,M.Trubisky,PIT,2022,5,126,-0.1447,-3.9067,10.1770,0.2212,0.0317,0.2452,111,15,-0.0600,-0.7715,1.4803,1.4947,0.7115,0.3361,-0.0600,2,107,0,15
00-0034796,L.Jackson,BAL,2022,5,164,0.0957,2.3463,8.9504,0.1348,0.0854,0.2492,146,18,0.1635,-0.4541,2.4110,1.1279,0.6175,0.2814,0.1635,4,132,0,18
00-0031345,J.Garoppolo,SF,2022,5,111,0.1516,-5.5887,7.5146,0.1068,0.0090,0.2290,95,16,0.2571,-0.4751,2.5101,2.1902,0.7323,0.4041,0.2571,1,94,0,16
00-0033662,C.Rush,DAL,2022,5,106,0.0387,-3.7595,7.0505,0.1010,0.0189,0.2000,89,17,0.2088,-0.8522,2.1402,2.2092,1.0610,0.3924,0.2088,0,87,0,17
00-0036389,J.Hurts,PHI,2022,5,183,0.2687,2.1758,7.0724,0.0855,0.1148,0.2293,158,25,0.4233,-0.7084,2.4251,1.7525,1.1317,0.2923,0.4233,1,137,0,25
00-0034857,J.Allen,BUF,2022,5,220,0.3207,2.0938,7.7538,0.1128,0.0773,0.2203,198,22,0.4040,-0.4288,2.5570,5.5612,0.8328,0.5155,0.4040,4,181,0,22
00-0036212,T.Tagovailoa,MIA,2022,5,101,0.3174,4.1339,8.4271,0.1250,0.0000,0.2218,91,10,0.4477,-0.8681,2.8464,1.7216,1.3158,0.4510,0.4477,3,91,0,10
00-0026498,M.Stafford,LA,2022,5,169,-0.1439,2.5666,7.0604,0.1208,0.0178,0.2602,131,38,0.1825,-1.2691,2.6689,3.8792,1.4515,0.3499,0.1825,3,128,3,38
00-0037013,Z.Wilson,NYJ,2022,5,63,0.0712,-3.8399,9.2632,0.1053,0.0476,0.1962,54,9,0.2664,-1.0999,3.6597,0.6481,1.3663,0.3739,0.2664,2,51,0,9
00-0034855,B.Mayfield,CAR,2022,5,147,-0.2765,-12.5435,6.6977,0.0930,0.0408,0.2704,128,19,-0.1593,-1.0658,2.7665,1.1395,0.9064,0.2856,-0.1593,4,122,0,19
00-0035710,D.Jones,NYG,2022,5,170,0.0227,2.4138,6.1288,0.0455,0.1294,0.2467,135,35,0.2608,-0.8961,1.7043,1.2664,1.1569,0.2209,0.2608,2,113,0,35
00-0032950,C.Wentz,WAS,2022,5,189,-0.0491,-1.7444,8.2840,0.1605,0.0370,0.2522,152,37,0.2185,-1.1482,2.3796,1.4096,1.3667,0.2318,0.2185,4,145,1,37
00-0036972,M.Jones,NE,2022,5,103,-0.0196,1.8090,9.3820,0.1685,0.0874,0.2154,95,8,0.1555,-2.0985,2.3806,4.7296,2.2540,0.7850,0.1555,3,86,1,8
00-0033106,J.Goff,DET,2022,5,173,-0.0110,-4.4291,8.7329,0.1304,0.0289,0.1970,152,21,0.1510,-1.1834,2.8803,7.8367,1.3343,0.6262,0.1510,2,147,2,21
00-0032268,M.Mariota,ATL,2022,5,137,0.0299,-4.4930,10.6036,0.1892,0.0949,0.2364,111,26,0.1494,-0.4800,2.6016,2.3116,0.6294,0.3352,0.1494,4,98,0,26
00-0036355,J.Herbert,LAC,2022,5,184,0.1915,3.1725,6.4545,0.0739,0.0217,0.1836,166,18,0.2403,-0.2582,3.0253,3.6046,0.4985,0.4674,0.2403,2,162,0,18
00-0033873,P.Mahomes,KC,2022,5,199,0.3604,4.1596,7.3611,0.0889,0.0503,0.1945,173,26,0.4946,-0.5329,1.7716,1.4991,1.0275,0.2606,0.4946,1,163,0,26
00-0029701,R.Tannehill,TEN,2022,5,136,0.0580,1.8189,7.9167,0.1000,0.0294,0.2370,107,29,0.2701,-0.7247,2.4997,2.1890,0.9947,0.3144,0.2701,3,103,0,29
00-0019596,T.Brady,TB,2022,5,191,0.1446,1.7389,7.6813,0.1209,0.0000,0.2219,174,17,0.2483,-0.9169,1.3801,2.5319,1.1652,0.3961,0.2483,0,174,0,17
00-0037013,Z.Wilson,NYJ,2022,6,84,-0.0042,-5.2813,8.5200,0.0933,0.0476,0.2179,73,11,0.1708,-1.1657,3.0720,0.5663,1.3365,0.3059,0.1708,2,69,0,11
00-0026158,J.Flacco,NYJ,2022,6,126,-0.2222,-4.9775,8.4483,0.1293,0.0079,0.2314,103,23,-0.0138,-1.1557,2.0699,2.9461,1.1420,0.3850,-0.0138,2,102,0,23
00-0038102,K.Pickett,PIT,2022,6,72,0.0366,8.0811,7.6825,0.1111,0.0833,0.2040,64,8,0.0914,-0.4017,1.2911,5.5626,0.4931,0.8459,0.0914,3,58,1,8
00-0033873,P.Mahomes,KC,2022,6,246,0.3187,3.7683,6.9818,0.0818,0.0569,0.2024,211,35,0.4775,-0.6384,1.8897,1.8162,1.1159,0.2467,0.4775,2,197,1,35
00-0032950,C.Wentz,WAS,2022,6,215,-0.0846,-3.5381,8.0380,0.1576,0.0326,0.2673,175,40,0.1725,-1.2094,2.1632,1.3490,1.3819,0.2147,0.1725,4,168,1,40
00-0030565,G.Smith,SEA,2022,6,197,0.1579,8.5587,8.2898,0.1023,0.0355,0.2463,167,30,0.3440,-0.8784,1.9788,2.9409,1.2224,0.3315,0.3440,1,160,1,30
00-0035710,D.Jones,NYG,2022,6,202,0.0693,3.6751,6.2138,0.0440,0.1139,0.2646,161,41,0.3167,-0.9020,1.7019,1.1478,1.2186,0.1964,0.3167,2,138,0,41
00-0036389,J.Hurts,PHI,2022,6,213,0.2520,1.1910,6.8249,0.0734,0.1033,0.2554,184,29,0.4213,-0.8225,2.3040,1.6243,1.2438,0.2618,0.4213,1,162,0,29
00-0033662,C.Rush,DAL,2022,6,135,-0.0340,-6.9447,7.4062,0.0938,0.0148,0.1937,116,19,0.1236,-0.9965,2.1471,2.3794,1.1201,0.3791,0.1236,2,114,1,19
00-0032268,M.Mariota,ATL,2022,6,151,0.0830,-1.5381,10.1885,0.1721,0.0927,0.2494,123,28,0.2246,-0.5390,2.5252,2.1880,0.7637,0.3141,0.2246,4,109,0,28
00-0033869,M.Trubisky,PIT,2022,6,139,-0.0572,-2.5892,10.0960,0.2080,0.0288,0.2531,123,16,0.0398,-0.8031,1.7542,1.4110,0.8429,0.3201,0.0398,2,119,0,16
00-0036898,D.Mills,HOU,2022,6,167,-0.1287,-2.6034,7.1401,0.0637,0.0000,0.2356,143,24,-0.0652,-0.5064,1.5835,3.8718,0.4412,0.4152,-0.0652,2,143,1,24
00-0027973,A.Dalton,NO,2022,6,90,0.0868,-0.4068,8.7024,0.0833,0.0111,0.2000,78,12,0.2546,-1.0040,2.1474,2.9513,1.2585,0.5229,0.2546,1,77,0,12
00-0029604,K.Cousins,MIN,2022,6,210,0.0238,2.4202,6.0152,0.0455,0.0095,0.1976,177,33,0.2172,-1.0134,1.7047,2.5381,1.2307,0.2942,0.2172,3,175,1,33
00-0036442,J.Burrow,CIN,2022,6,261,0.1024,1.0983,6.6089,0.0889,0.0498,0.2693,220,41,0.2488,-0.6831,2.3786,3.6064,0.9319,0.3143,0.2488,5,207,0,41
00-0031237,T.Bridgewater,MIA,2022,6,54,-0.0914,0.7871,9.4255,0.1277,0.0370,0.2033,39,15,0.0822,-0.5426,3.2641,2.3149,0.6248,0.4879,0.0822,2,37,0,15
00-0036355,J.Herbert,LAC,2022,6,245,0.0791,1.0879,6.3219,0.0815,0.0245,0.1859,219,26,0.1204,-0.2684,2.6870,2.8993,0.3888,0.3518,0.1204,3,213,0,26
00-0038108,B.Zappe,NE,2022,6,67,0.1155,8.6985,5.4516,0.0645,0.0149,0.2333,62,5,0.3252,-2.4852,2.1518,4.6113,2.8104,0.9783,0.3252,1,61,0,5
00-0031345,J.Garoppolo,SF,2022,6,138,0.1087,-5.7421,7.8154,0.1231,0.0072,0.2185,119,19,0.1885,-0.3909,2.3231,2.3888,0.5794,0.3811,0.1885,3,118,0,19
00-0034855,B.Mayfield,CAR,2022,6,147,-0.2765,-12.5435,6.6977,0.0930,0.0408,0.2704,128,19,-0.1593,-1.0658,2.7665,1.1395,0.9064,0.2856,-0.1593,4,122,0,19
00-0026143,M.Ryan,IND,2022,6,254,0.0134,1.6619,5.8035,0.0480,0.0197,0.2569,208,46,0.2044,-0.8503,1.8210,3.1929,1.0547,0.2796,0.2044,3,203,2,46
00-0033106,J.Goff,DET,2022,6,173,-0.0110,-4.4291,8.7329,0.1304,0.0289,0.1970,152,21,0.1510,-1.1834,2.8803,7.8367,1.3343,0.6262,0.1510,2,147,2,21
00-0019596,T.Brady,TB,2022,6,233,0.1523,1.5754,7.6923,0.1086,0.0000,0.2282,211,22,0.2672,-0.9502,1.2994,1.9557,1.2174,0.3083,0.2672,0,211,0,22
00-0035228,K.Murray,ARI,2022,6,243,-0.1245,-2.2055,6.5000,0.1182,0.0412,0.2667,221,22,0.0231,-1.6075,1.5070,3.3218,1.6306,0.3973,0.0231,2,211,1,22
00-0036972,M.Jones,NE,2022,6,103,-0.0196,1.8090,9.3820,0.1685,0.0874,0.2154,95,8,0.1555,-2.0985,2.3806,4.7296,2.2540,0.7850,0.1555,3,86,1,8
00-0036212,T.Tagovailoa,MIA,2022,6,101,0.3174,4.1339,8.4271,0.1250,0.0000,0.2218,91,10,0.4477,-0.8681,2.8464,1.7216,1.3158,0.4510,0.4477,3,91,0,10
00-0033119,J.Brissett,CLE,2022,6,207,0.0278,-1.2342,8.1579,0.1211,0.0531,0.1718,181,26,0.1592,-0.8870,1.6320,1.9528,1.0461,0.2900,0.1592,4,170,1,26
00-0029701,R.Tannehill,TEN,2022,6,136,0.0580,1.8189,7.9167,0.1000,0.0294,0.2370,107,29,0.2701,-0.7247,2.4997,2.1890,0.9947,0.3144,0.2701,3,103,0,29
00-0031280,D.Carr,LV,2022,6,197,0.0184,1.8936,8.1243,0.1017,0.0355,0.2275,168,29,0.1850,-0.9468,2.4171,4.4648,1.1318,0.4103,0.1850,4,161,0,29
00-0031503,J.Winston,NO,2022,6,107,-0.2119,-0.4208,10.6559,0.1613,0.0280,0.2529,89,18,-0.0212,-1.1548,3.0342,1.9711,1.1336,0.3789,-0.0212,4,86,0,18
00-0034796,L.Jackson,BAL,2022,6,200,0.0823,0.4145,9.0867,0.1272,0.0800,0.2638,179,21,0.1744,-0.7027,2.3682,2.1236,0.8771,0.3382,0.1744,5,163,0,21
00-0036971,T.Lawrence,JAX,2022,6,197,0.0736,-0.4083,6.9888,0.0838,0.0305,0.2282,174,23,0.2780,-1.4725,1.8084,1.8863,1.7505,0.3040,0.2780,2,168,1,23
00-0034857,J.Allen,BUF,2022,6,264,0.3131,2.6133,7.6894,0.1106,0.0758,0.2189,238,26,0.4100,-0.5744,2.4193,5.0390,0.9844,0.4516,0.4100,4,218,0,26
00-0023459,A.Rodgers,GB,2022,6,208,-0.0653,0.9244,7.0576,0.1361,0.0096,0.2523,175,33,0.1219,-1.0583,2.0515,2.9074,1.1802,0.3160,0.1219,2,173,1,33
00-0029263,R.Wilson,DEN,2022,6,227,-0.0414,-2.4277,8.5436,0.1590,0.0485,0.2720,187,40,0.1451,-0.9134,2.0579,1.8414,1.0585,0.2388,0.1451,2,176,1,40
00-0036945,J.Fields,CHI,2022,6,166,-0.0487,-7.3895,9.6036,0.1892,0.1928,0.2891,124,42,0.2201,-0.8421,2.4860,2.4855,1.0621,0.2815,0.2201,3,92,1,42
00-0026498,M.Stafford,LA,2022,6,202,-0.1026,3.5353,6.6409,0.1050,0.0149,0.2625,162,40,0.1866,-1.2737,2.8602,3.7235,1.4603,0.3328,0.1866,4,159,3,40
00-0036945,J.Fields,CHI,2022,7,192,-0.0197,-6.3832,9.6288,0.1818,0.1719,0.3046,144,48,0.2412,-0.8022,2.4854,2.5492,1.0434,0.2653,0.2412,4,111,1,48
00-0036972,M.Jones,NE,2022,7,112,-0.0541,0.5979,9.4421,0.1684,0.1071,0.2113,103,9,0.1096,-1.9279,2.4408,4.4003,2.0376,0.7160,0.1096,4,91,1,9
00-0035710,D.Jones,NYG,2022,7,238,0.0829,2.6384,6.3280,0.0423,0.1176,0.2641,194,44,0.2941,-0.8485,1.7227,1.1962,1.1426,0.1899,0.2941,2,166,0,44
00-0031345,J.Garoppolo,SF,2022,7,172,0.1248,-4.7932,7.6481,0.1111,0.0058,0.2282,149,23,0.2435,-0.6447,2.2119,2.8142,0.8883,0.3704,0.2435,3,148,1,23
00-0033077,D.Prescott,DAL,2022,7,50,-0.1270,-6.2185,9.0444,0.0889,0.0200,0.2074,40,10,0.1232,-1.1279,2.1617,2.1394,1.2511,0.5177,0.1232,1,39,0,10
00-0036355,J.Herbert,LAC,2022,7,290,0.0253,-0.2499,6.2930,0.0733,0.0276,0.2000,256,34,0.0948,-0.4984,2.5784,4.0239,0.5932,0.3584,0.0948,4,248,0,34
00-0031237,T.Bridgewater,MIA,2022,7,54,-0.0914,0.7871,9.4255,0.1277,0.0370,0.2033,39,15,0.0822,-0.5426,3.2641,2.3149,0.6248,0.4879,0.0822,2,37,0,15
00-0034855,B.Mayfield,CAR,2022,7,147,-0.2765,-12.5435,6.6977,0.0930,0.0408,0.2704,128,19,-0.1593,-1.0658,2.7665,1.1395,0.9064,0.2856,-0.1593,4,122,0,19
00-0036442,J.Burrow,CIN,2022,7,298,0.1745,3.1146,7.0077,0.0888,0.0436,0.2771,252,46,0.3308,-0.6819,2.4011,3.3022,1.0128,0.2852,0.3308,5,239,0,46
00-0038108,B.Zappe,NE,2022,7,78,0.1588,8.5185,6.1667,0.0833,0.0128,0.2392,71,7,0.3525,-1.8052,2.1595,6.2990,2.1577,0.9645,0.3525,1,70,0,7
00-0026158,J.Flacco,NYJ,2022,7,126,-0.2222,-4.9775,8.4483,0.1293,0.0079,0.2314,103,23,-0.0138,-1.1557,2.0699,2.9461,1.1420,0.3850,-0.0138,2,102,0,23
00-0033873,P.Mahomes,KC,2022,7,278,0.3704,4.7564,7.1275,0.0797,0.0504,0.2045,240,38,0.5262,-0.6139,2.0185,1.7940,1.1402,0.2358,0.5262,3,226,1,38
00-0036389,J.Hurts,PHI,2022,7,213,0.2520,1.1910,6.8249,0.0734,0.1033,0.2554,184,29,0.4213,-0.8225,2.3040,1.6243,1.2438,0.2618,0.4213,1,162,0,29
00-0036898,D.Mills,HOU,2022,7,197,-0.0937,-1.4802,6.9570,0.0645,0.0000,0.2304,168,29,-0.0406,-0.4011,2.3527,3.2833,0.3606,0.3567,-0.0406,3,168,1,29
00-0029263,R.Wilson,DEN,2022,7,227,-0.0414,-2.4277,8.5436,0.1590,0.0485,0.2720,187,40,0.1451,-0.9134,2.0579,1.8414,1.0585,0.2388,0.1451,2,176,1,40
00-0034796,L.Jackson,BAL,2022,7,221,0.0569,-0.5307,8.7672,0.1217,0.0814,0.2753,195,26,0.1733,-0.8162,2.3094,1.7964,0.9895,0.2845,0.1733,5,177,0,26
00-0030565,G.Smith,SEA,2022,7,225,0.1701,9.1206,8.2786,0.0995,0.0356,0.2523,191,34,0.3500,-0.8403,2.2085,2.7541,1.1903,0.3042,0.3500,2,183,1,34
00-0026143,M.Ryan,IND,2022,7,302,-0.0357,2.9106,5.5165,0.0440,0.0199,0.2539,246,56,0.1748,-0.9601,1.7949,4.4161,1.1348,0.2935,0.1748,4,240,3,56
00-0033119,J.Brissett,CLE,2022,7,241,0.0250,1.0182,7.9631,0.1152,0.0539,0.2123,208,33,0.1732,-0.9088,1.5378,2.3244,1.0820,0.2790,0.1732,4,195,1,33
00-0019596,T.Brady,TB,2022,7,279,0.1230,0.7825,7.6604,0.1094,0.0036,0.2293,254,25,0.2269,-0.9322,1.2641,1.7840,1.1590,0.2763,0.2269,0,253,0,25
00-0032950,C.Wentz,WAS,2022,7,215,-0.0846,-3.5381,8.0380,0.1576,0.0326,0.2673,175,40,0.1725,-1.2094,2.1632,1.3490,1.3819,0.2147,0.1725,4,168,1,40
00-0036212,T.Tagovailoa,MIA,2022,7,139,0.2663,1.3490,8.8092,0.1145,0.0216,0.2179,128,11,0.3550,-0.7658,2.4096,1.6647,1.1207,0.4125,0.3550,3,125,0,11
00-0029604,K.Cousins,MIN,2022,7,210,0.0238,2.4202,6.0152,0.0455,0.0095,0.1976,177,33,0.2172,-1.0134,1.7047,2.5381,1.2307,0.2942,0.2172,3,175,1,33
00-0023459,A.Rodgers,GB,2022,7,242,-0.0678,0.1016,6.8311,0.1333,0.0083,0.2494,208,34,0.0913,-1.0415,1.9145,2.8288,1.1328,0.3040,0.0913,2,206,1,34
00-0035228,K.Murray,ARI,2022,7,271,-0.0861,-1.8518,6.4612,0.1102,0.0406,0.2730,248,23,0.0551,-1.6083,1.5077,3.1708,1.6634,0.3794,0.0551,2,237,1,23
00-0033869,M.Trubisky,PIT,2022,7,139,-0.0572,-2.5892,10.0960,0.2080,0.0288,0.2531,123,16,0.0398,-0.8031,1.7542,1.4110,0.8429,0.3201,0.0398,2,119,0,16
00-0038102,K.Pickett,PIT,2022,7,120,-0.0199,8.2368,7.4057,0.1132,0.0750,0.2140,107,13,0.0488,-0.5859,1.6362,3.5034,0.6348,0.5337,0.0488,6,98,1,13
00-0034857,J.Allen,BUF,2022,7,264,0.3131,2.6133,7.6894,0.1106,0.0758,0.2189,238,26,0.4100,-0.5744,2.4193,5.0390,0.9844,0.4516,0.4100,4,218,0,26
00-0032268,M.Mariota,ATL,2022,7,166,0.0778,-1.0143,10.0758,0.1667,0.1024,0.2552,134,32,0.2316,-0.5659,2.7036,2.1046,0.7974,0.2932,0.2316,4,117,0,32
00-0033662,C.Rush,DAL,2022,7,135,-0.0340,-6.9447,7.4062,0.0938,0.0148,0.1937,116,19,0.1236,-0.9965,2.1471,2.3794,1.1201,0.3791,0.1236,2,114,1,19
00-0037013,Z.Wilson,NYJ,2022,7,116,-0.0874,-5.0234,7.5446,0.0891,0.0603,0.2413,101,15,0.0863,-1.2571,2.4675,0.4989,1.3435,0.2402,0.0863,2,94,0,15
00-0031503,J.Winston,NO,2022,7,107,-0.2119,-0.4208,10.6559,0.1613,0.0280,0.2529,89,18,-0.0212,-1.1548,3.0342,1.9711,1.1336,0.3789,-0.0212,4,86,0,18
00-0029701,R.Tannehill,TEN,2022,7,158,0.0721,1.4627,7.8143,0.1000,0.0253,0.2356,122,36,0.2942,-0.6805,2.3832,1.9744,0.9747,0.2727,0.2942,3,118,0,36
00-0027973,A.Dalton,NO,2022,7,115,-0.0187,-3.8905,8.7593,0.1019,0.0174,0.1965,102,13,0.1135,-1.0561,3.8976,2.7407,1.1696,0.4990,0.1135,4,100,0,13
00-0026498,M.Stafford,LA,2022,7,202,-0.1026,3.5353,6.6409,0.1050,0.0149,0.2625,162,40,0.1866,-1.2737,2.8602,3.7235,1.4603,0.3328,0.1866,4,159,3,40
00-0036971,T.Lawrence,JAX,2022,7,240,0.1077,-2.2612,7.7658,0.0946,0.0250,0.2219,215,25,0.2866,-1.4315,1.7428,1.7705,1.7181,0.2809,0.2866,2,209,1,25
00-0033106,J.Goff,DET,2022,7,198,-0.0081,-3.1335,8.3989,0.1202,0.0303,0.2111,174,24,0.1581,-1.2136,2.8084,6.8492,1.3717,0.5491,0.1581,4,168,2,24
00-0031280,D.Carr,LV,2022,7,225,0.0703,2.6891,8.0147,0.1029,0.0311,0.2286,193,32,0.2218,-0.8433,2.3036,4.3357,1.0650,0.3840,0.2218,4,186,0,32
00-0031280,D.Carr,LV,2022,8,251,0.0251,1.0600,8.1009,0.1140,0.0279,0.2304,213,38,0.1880,-0.8885,2.3118,3.6591,1.0765,0.3273,0.1880,5,206,0,38
00-0033106,J.Goff,DET,2022,8,237,0.0283,-2.4030,8.2000,0.1227,0.0295,0.2104,209,28,0.1869,-1.1553,2.6476,5.9732,1.3422,0.4754,0.1869,4,202,2,28
00-0036898,D.Mills,HOU,2022,8,215,-0.1484,-2.4589,7.0746,0.0697,0.0047,0.2405,183,32,-0.0912,-0.4754,2.3059,3.2603,0.3842,0.3384,-0.0912,4,182,1,32
00-0033869,M.Trubisky,PIT,2022,8,139,-0.0572,-2.5892,10.0960,0.2080,0.0288,0.2531,123,16,0.0398,-0.8031,1.7542,1.4110,0.8429,0.3201,0.0398,2,119,0,16
00-0033077,D.Prescott,DAL,2022,8,76,0.1083,-0.1527,8.3944,0.0986,0.0132,0.2036,65,11,0.3077,-1.0704,2.2142,1.9618,1.3781,0.4609,0.3077,2,64,0,11
00-0035710,D.Jones,NYG,2022,8,263,0.0797,1.6778,6.5455,0.0526,0.1179,0.2704,216,47,0.2784,-0.8336,1.7243,1.1254,1.1120,0.1787,0.2784,2,185,0,47
00-0038102,K.Pickett,PIT,2022,8,160,-0.0698,5.7572,7.2246,0.1087,0.0813,0.2418,141,19,0.0303,-0.8123,1.5475,4.2150,0.8425,0.4825,0.0303,6,128,1,19
00-0033662,C.Rush,DAL,2022,8,135,-0.0340,-6.9447,7.4062,0.0938,0.0148,0.1937,116,19,0.1236,-0.9965,2.1471,2.3794,1.1201,0.3791,0.1236,2,114,1,19
00-0034796,L.Jackson,BAL,2022,8,262,0.0535,1.3277,8.3009,0.1106,0.0725,0.2916,233,29,0.1688,-0.8724,2.1741,1.6608,1.0412,0.2581,0.1688,5,214,0,29
00-0038108,B.Zappe,NE,2022,8,78,0.1588,8.5185,6.1667,0.0833,0.0128,0.2392,71,7,0.3525,-1.8052,2.1595,6.2990,2.1577,0.9645,0.3525,1,70,0,7
00-0026143,M.Ryan,IND,2022,8,302,-0.0357,2.9106,5.5165,0.0440,0.0199,0.2539,246,56,0.1748,-0.9601,1.7949,4.4161,1.1348,0.2935,0.1748,4,240,3,56
00-0029263,R.Wilson,DEN,2022,8,261,-0.0194,-1.6953,8.9554,0.1652,0.0498,0.2745,214,47,0.1624,-0.8472,1.9989,1.9508,1.0097,0.2255,0.1624,3,201,1,47
00-0036945,J.Fields,CHI,2022,8,215,-0.0208,-4.3785,9.8054,0.1879,0.1674,0.3088,164,51,0.2312,-0.8311,2.5866,2.4334,1.0622,0.2520,0.2312,4,128,1,51
00-0031237,T.Bridgewater,MIA,2022,8,54,-0.0914,0.7871,9.4255,0.1277,0.0370,0.2033,39,15,0.0822,-0.5426,3.2641,2.3149,0.6248,0.4879,0.0822,2,37,0,15
00-0036971,T.Lawrence,JAX,2022,8,275,0.0406,-2.9770,7.4980,0.0949,0.0291,0.2364,247,28,0.2085,-1.4401,1.9684,1.6244,1.6486,0.2569,0.2085,4,239,1,28
00-0036442,J.Burrow,CIN,2022,8,329,0.1185,2.5383,6.8147,0.0874,0.0395,0.2923,278,51,0.2958,-0.8479,2.3907,3.4451,1.1437,0.2760,0.2958,6,265,0,51
00-0036212,T.Tagovailoa,MIA,2022,8,179,0.3248,5.1851,9.3293,0.1198,0.0279,0.2367,166,13,0.4179,-0.8644,2.5457,1.4508,1.2823,0.3563,0.4179,3,161,0,13
00-0026498,M.Stafford,LA,2022,8,235,-0.0761,1.9271,6.2972,0.0991,0.0170,0.2594,191,44,0.1801,-1.1882,2.5774,3.6915,1.3683,0.3121,0.1801,4,187,3,44
00-0019596,T.Brady,TB,2022,8,316,0.1044,-0.1425,7.6722,0.1137,0.0063,0.2341,286,30,0.2093,-0.8958,1.2579,1.7689,1.1051,0.2517,0.2093,0,284,0,30
00-0031345,J.Garoppolo,SF,2022,8,199,0.1687,-2.7485,7.4946,0.1075,0.0050,0.2462,172,27,0.3177,-0.7801,2.1413,2.5123,1.0978,0.3248,0.3177,3,171,1,27
00-0026158,J.Flacco,NYJ,2022,8,126,-0.2222,-4.9775,8.4483,0.1293,0.0079,0.2314,103,23,-0.0138,-1.1557,2.0699,2.9461,1.1420,0.3850,-0.0138,2,102,0,23
00-0034857,J.Allen,BUF,2022,8,284,0.3332,2.7496,8.0480,0.1200,0.0810,0.2304,254,30,0.4161,-0.3685,2.3568,4.9501,0.7846,0.4175,0.4161,4,231,0,30
00-0037013,Z.Wilson,NYJ,2022,8,151,-0.1143,-6.0848,8.0735,0.1103,0.0464,0.2413,136,15,0.0117,-1.2571,2.7853,0.4989,1.2689,0.2318,0.0117,5,129,0,15
00-0023459,A.Rodgers,GB,2022,8,259,-0.0742,0.4467,6.7583,0.1333,0.0077,0.2574,222,37,0.0951,-1.0897,1.8635,2.6850,1.1848,0.2845,0.0951,2,220,1,37
00-0032268,M.Mariota,ATL,2022,8,197,0.0974,0.3253,10.2188,0.1625,0.0914,0.2521,158,39,0.3085,-0.7575,2.6156,2.6026,1.0660,0.2886,0.3085,5,140,1,39
00-0033873,P.Mahomes,KC,2022,8,278,0.3704,4.7564,7.1275,0.0797,0.0504,0.2045,240,38,0.5262,-0.6139,2.0185,1.7940,1.1402,0.2358,0.5262,3,226,1,38
00-0032950,C.Wentz,WAS,2022,8,215,-0.0846,-3.5381,8.0380,0.1576,0.0326,0.2673,175,40,0.1725,-1.2094,2.1632,1.3490,1.3819,0.2147,0.1725,4,168,1,40
00-0033119,J.Brissett,CLE,2022,8,264,0.0636,2.7760,7.9620,0.1055,0.0530,0.2182,226,38,0.2172,-0.8502,1.5476,2.5907,1.0674,0.2739,0.2172,4,212,1,38
00-0031503,J.Winston,NO,2022,8,107,-0.2119,-0.4208,10.6559,0.1613,0.0280,0.2529,89,18,-0.0212,-1.1548,3.0342,1.9711,1.1336,0.3789,-0.0212,4,86,0,18
00-0036972,M.Jones,NE,2022,8,153,-0.0457,1.3187,8.1172,0.1406,0.0980,0.2492,137,16,0.1602,-1.8088,2.3437,2.4523,1.9690,0.4128,0.1602,5,122,1,16
00-0036355,J.Herbert,LAC,2022,8,290,0.0253,-0.2499,6.2930,0.0733,0.0276,0.2000,256,34,0.0948,-0.4984,2.5784,4.0239,0.5932,0.3584,0.0948,4,248,0,34
00-0033275,P.Walker,CAR,2022,8,74,-0.1136,-7.0575,8.2286,0.1714,0.0135,0.2082,68,6,-0.0421,-0.9240,3.4607,0.6524,0.8819,0.3995,-0.0421,1,67,0,6
00-0029701,R.Tannehill,TEN,2022,8,158,0.0721,1.4627,7.8143,0.1000,0.0253,0.2356,122,36,0.2942,-0.6805,2.3832,1.9744,0.9747,0.2727,0.2942,3,118,0,36
00-0029604,K.Cousins,MIN,2022,8,251,0.0146,3.0233,6.1245,0.0601,0.0199,0.2065,209,42,0.2321,-1.0676,1.6936,2.5297,1.2997,0.2614,0.2321,3,204,1,42
00-0034855,B.Mayfield,CAR,2022,8,147,-0.2765,-12.5435,6.6977,0.0930,0.0408,0.2704,128,19,-0.1593,-1.0658,2.7665,1.1395,0.9064,0.2856,-0.1593,4,122,0,19
00-0031800,T.Heinicke,WAS,2022,8,73,0.0049,0.8526,5.8438,0.0625,0.0822,0.1729,57,16,0.4456,-1.5652,2.0828,6.2983,2.0108,0.6559,0.4456,0,51,2,16
00-0036389,J.Hurts,PHI,2022,8,244,0.2704,1.2316,7.3480,0.0882,0.0943,0.2719,212,32,0.4369,-0.8327,2.3024,1.4754,1.2695,0.2387,0.4369,1,189,0,32
00-0035228,K.Murray,ARI,2022,8,318,-0.0833,-1.7150,6.4982,0.1123,0.0440,0.2829,290,28,0.0705,-1.6767,1.6021,2.9241,1.7472,0.3316,0.0705,3,276,2,28
00-0030565,G.Smith,SEA,2022,8,265,0.1291,8.7442,8.2426,0.1106,0.0415,0.2495,221,44,0.2946,-0.7018,2.2319,2.8999,0.9963,0.2757,0.2946,2,210,1,44
00-0027973,A.Dalton,NO,2022,8,141,0.0469,-3.1418,8.0522,0.0970,0.0142,0.1965,128,13,0.1589,-1.0561,3.3577,2.7407,1.2151,0.4869,0.1589,4,126,0,13
00-0033275,P.Walker,CAR,2022,9,85,-0.2576,-10.7096,7.9875,0.1750,0.0235,0.2040,78,7,-0.1967,-0.9354,3.4146,0.5446,0.7387,0.3487,-0.1967,3,76,0,7
00-0033119,J.Brissett,CLE,2022,9,264,0.0636,2.7760,7.9620,0.1055,0.0530,0.2182,226,38,0.2172,-0.8502,1.5476,2.5907,1.0674,0.2739,0.2172,4,212,1,38
00-0033869,M.Trubisky,PIT,2022,9,139,-0.0572,-2.5892,10.0960,0.2080,0.0288,0.2531,123,16,0.0398,-0.8031,1.7542,1.4110,0.8429,0.3201,0.0398,2,119,0,16
00-0038108,B.Zappe,NE,2022,9,78,0.1588,8.5185,6.1667,0.0833,0.0128,0.2392,71,7,0.3525,-1.8052,2.1595,6.2990,2.1577,0.9645,0.3525,1,70,0,7
00-0038102,K.Pickett,PIT,2022,9,160,-0.0698,5.7572,7.2246,0.1087,0.0813,0.2418,141,19,0.0303,-0.8123,1.5475,4.2150,0.8425,0.4825,0.0303,6,128,1,19
00-0026158,J.Flacco,NYJ,2022,9,126,-0.2222,-4.9775,8.4483,0.1293,0.0079,0.2314,103,23,-0.0138,-1.1557,2.0699,2.9461,1.1420,0.3850,-0.0138,2,102,0,23
00-0036442,J.Burrow,CIN,2022,9,358,0.1389,3.3686,6.7484,0.0828,0.0363,0.2933,305,53,0.3091,-0.8405,2.2794,3.3329,1.1496,0.2653,0.3091,6,292,0,53
00-0036879,S.Ehlinger,IND,2022,9,58,-0.2574,-0.5742,7.9767,0.1860,0.1034,0.2492,41,17,0.1814,-1.3156,1.3639,1.2680,1.4971,0.3284,0.1814,0,35,0,17
00-0036971,T.Lawrence,JAX,2022,9,307,0.0916,-0.7556,7.3286,0.0883,0.0326,0.2247,275,32,0.2401,-1.1846,1.8607,2.0012,1.4247,0.2633,0.2401,4,265,1,32
00-0036972,M.Jones,NE,2022,9,178,-0.1225,-0.0170,7.7267,0.1333,0.0843,0.2667,158,20,0.0886,-1.7902,2.2885,1.9388,1.8788,0.3338,0.0886,5,143,1,20
00-0032950,C.Wentz,WAS,2022,9,215,-0.0846,-3.5381,8.0380,0.1576,0.0326,0.2673,175,40,0.1725,-1.2094,2.1632,1.3490,1.3819,0.2147,0.1725,4,168,1,40
00-0031800,T.Heinicke,WAS,2022,9,107,-0.1067,-2.1916,6.5652,0.0761,0.0841,0.1913,84,23,0.2413,-1.3777,2.4585,4.7601,1.6190,0.4860,0.2413,1,75,2,23
00-0034796,L.Jackson,BAL,2022,9,286,0.0674,0.3088,8.5061,0.1215,0.0664,0.3091,254,32,0.1855,-0.8700,2.1350,1.5068,1.0554,0.2356,0.1855,5,235,0,32
00-0036355,J.Herbert,LAC,2022,9,334,0.0347,-0.4163,6.1994,0.0759,0.0269,0.1952,298,36,0.1025,-0.5267,2.4910,3.8356,0.6292,0.3390,0.1025,5,289,0,36
00-0034857,J.Allen,BUF,2022,9,326,0.2647,1.4084,8.5282,0.1303,0.0798,0.2549,289,37,0.3537,-0.4301,2.4363,4.0670,0.7837,0.3440,0.3537,6,263,0,37
00-0036212,T.Tagovailoa,MIA,2022,9,210,0.3667,5.9245,9.2386,0.1269,0.0286,0.2254,194,16,0.4624,-0.7944,2.5721,1.1883,1.2569,0.2958,0.4624,3,188,0,16
00-0034855,B.Mayfield,CAR,2022,9,155,-0.2501,-12.4872,6.7591,0.0876,0.0387,0.2704,136,19,-0.1362,-1.0658,2.7964,1.1395,0.9296,0.2838,-0.1362,4,130,0,19
00-0029604,K.Cousins,MIN,2022,9,293,0.0155,2.2835,6.6557,0.0769,0.0171,0.2000,240,53,0.2046,-0.8404,1.6949,2.7657,1.0450,0.2434,0.2046,4,235,1,53
00-0035710,D.Jones,NYG,2022,9,263,0.0797,1.6778,6.5455,0.0526,0.1179,0.2704,216,47,0.2784,-0.8336,1.7243,1.1254,1.1120,0.1787,0.2784,2,185,0,47
00-0031280,D.Carr,LV,2022,9,288,0.0500,-0.2170,8.3409,0.1212,0.0243,0.2337,248,40,0.2072,-0.9247,2.2852,3.5025,1.1319,0.3111,0.2072,5,241,0,40
00-0029701,R.Tannehill,TEN,2022,9,158,0.0721,1.4627,7.8143,0.1000,0.0253,0.2356,122,36,0.2942,-0.6805,2.3832,1.9744,0.9747,0.2727,0.2942,3,118,0,36
00-0032268,M.Mariota,ATL,2022,9,224,0.0480,-0.6461,10.8087,0.1749,0.0893,0.2594,182,42,0.2492,-0.8236,2.7841,2.4849,1.0728,0.2729,0.2492,5,162,1,42
00-0026498,M.Stafford,LA,2022,9,266,-0.0848,0.1972,6.5983,0.1088,0.0150,0.2673,214,52,0.1706,-1.1362,2.5848,3.3012,1.3068,0.2749,0.1706,4,210,3,52
00-0036389,J.Hurts,PHI,2022,9,276,0.2673,2.8117,7.4217,0.0826,0.0906,0.2878,239,37,0.4599,-0.9772,2.1768,2.2840,1.4371,0.2662,0.4599,1,214,0,37
00-0031237,T.Bridgewater,MIA,2022,9,54,-0.0914,0.7871,9.4255,0.1277,0.0370,0.2033,39,15,0.0822,-0.5426,3.2641,2.3149,0.6248,0.4879,0.0822,2,37,0,15
00-0037013,Z.Wilson,NYJ,2022,9,180,-0.0874,-4.3095,7.8137,0.0994,0.0500,0.2529,162,18,0.0729,-1.5302,2.5274,1.2351,1.6030,0.2902,0.0729,5,153,0,18
00-0030565,G.Smith,SEA,2022,9,303,0.1181,8.5690,7.5836,0.1004,0.0429,0.2473,252,51,0.2863,-0.7129,2.5810,2.6152,0.9993,0.2480,0.2863,3,239,1,51
00-0033873,P.Mahomes,KC,2022,9,356,0.3151,3.5138,7.0690,0.0784,0.0562,0.2176,309,47,0.4557,-0.6091,1.9556,1.6720,1.0647,0.2047,0.4557,4,289,1,47
00-0027973,A.Dalton,NO,2022,9,166,0.0028,-2.8414,7.9026,0.0844,0.0181,0.2303,148,18,0.1441,-1.1597,2.9980,2.2494,1.3038,0.3811,0.1441,4,145,0,18
00-0031503,J.Winston,NO,2022,9,107,-0.2119,-0.4208,10.6559,0.1613,0.0280,0.2529,89,18,-0.0212,-1.1548,3.0342,1.9711,1.1336,0.3789,-0.0212,4,86,0,18
00-0036898,D.Mills,HOU,2022,9,241,-0.1557,-2.8714,6.9683,0.0679,0.0166,0.2549,205,36,-0.0733,-0.6252,2.3135,3.0812,0.5519,0.3112,-0.0733,5,201,1,36
00-0019596,T.Brady,TB,2022,9,374,0.0758,-0.9817,7.2051,0.1067,0.0053,0.2349,341,33,0.1742,-0.9408,1.2366,1.9380,1.1150,0.2497,0.1742,0,339,0,33
00-0023459,A.Rodgers,GB,2022,9,307,-0.0814,-0.3161,7.2473,0.1413,0.0163,0.2520,265,42,0.0384,-0.8374,2.3146,3.6560,0.8759,0.3095,0.0384,5,260,1,42
00-0026143,M.Ryan,IND,2022,9,302,-0.0357,2.9106,5.5165,0.0440,0.0199,0.2539,246,56,0.1748,-0.9601,1.7949,4.4161,1.1348,0.2935,0.1748,4,240,3,56
00-0033077,D.Prescott,DAL,2022,9,76,0.1083,-0.1527,8.3944,0.0986,0.0132,0.2036,65,11,0.3077,-1.0704,2.2142,1.9618,1.3781,0.4609,0.3077,2,64,0,11
00-0033662,C.Rush,DAL,2022,9,135,-0.0340,-6.9447,7.4062,0.0938,0.0148,0.1937,116,19,0.1236,-0.9965,2.1471,2.3794,1.1201,0.3791,0.1236,2,114,1,19
00-0029263,R.Wilson,DEN,2022,9,261,-0.0194,-1.6953,8.9554,0.1652,0.0498,0.2745,214,47,0.1624,-0.8472,1.9989,1.9508,1.0097,0.2255,0.1624,3,201,1,47
00-0031345,J.Garoppolo,SF,2022,9,199,0.1687,-2.7485,7.4946,0.1075,0.0050,0.2462,172,27,0.3177,-0.7801,2.1413,2.5123,1.0978,0.3248,0.3177,3,171,1,27
00-0033106,J.Goff,DET,2022,9,263,0.0199,-3.9474,7.7642,0.1098,0.0266,0.2025,232,31,0.1715,-1.1140,2.7833,6.1334,1.2854,0.4581,0.1715,5,225,2,31
00-0035228,K.Murray,ARI,2022,9,358,-0.0743,-1.3791,6.3868,0.1038,0.0503,0.2944,326,32,0.0794,-1.6402,1.5666,2.6118,1.7196,0.2940,0.0794,3,308,2,32
00-0036945,J.Fields,CHI,2022,9,253,0.0216,-4.2756,9.5311,0.1808,0.1700,0.3153,199,54,0.2288,-0.7418,2.4774,2.6660,0.9706,0.2486,0.2288,4,156,1,54
00-0032268,M.Mariota,ATL,2022,10,250,0.0108,-0.7844,10.9412,0.1863,0.0840,0.2673,199,51,0.2532,-0.9348,2.7752,2.2869,1.1879,0.2425,0.2532,6,178,1,51
00-0019596,T.Brady,TB,2022,10,399,0.1132,0.0660,7.3071,0.1102,0.0050,0.2322,365,34,0.2107,-0.9339,1.2726,1.8808,1.1446,0.2425,0.2107,0,363,0,34
00-0033119,J.Brissett,CLE,2022,10,288,0.0662,3.3256,7.9611,0.1051,0.0556,0.2186,243,45,0.2201,-0.7648,1.5107,2.7685,0.9849,0.2603,0.2201,4,227,1,45
00-0026158,J.Flacco,NYJ,2022,10,126,-0.2222,-4.9775,8.4483,0.1293,0.0079,0.2314,103,23,-0.0138,-1.1557,2.0699,2.9461,1.1420,0.3850,-0.0138,2,102,0,23
00-0038102,K.Pickett,PIT,2022,10,198,-0.0522,5.2596,7.2934,0.1138,0.0859,0.2753,174,24,0.0692,-0.9329,1.5014,3.4570,1.0022,0.3907,0.0692,6,157,1,24
00-0026143,M.Ryan,IND,2022,10,334,-0.0168,2.8445,5.5748,0.0465,0.0210,0.2581,277,57,0.1841,-0.9935,1.8537,4.4008,1.1776,0.2897,0.1841,4,270,3,57
00-0029604,K.Cousins,MIN,2022,10,349,0.0293,1.4793,6.9567,0.0836,0.0201,0.2118,287,62,0.2255,-0.8792,1.9399,3.0057,1.1048,0.2350,0.2255,5,280,2,62
00-0033106,J.Goff,DET,2022,10,293,0.0815,-3.1744,7.6654,0.1103,0.0307,0.2141,259,34,0.2360,-1.0954,2.7369,5.6065,1.3314,0.4189,0.2360,5,250,2,34
00-0034857,J.Allen,BUF,2022,10,374,0.2605,2.2492,8.5385,0.1354,0.0829,0.2598,333,41,0.3527,-0.4883,2.3696,3.9572,0.8410,0.3219,0.3527,8,302,0,41
00-0033275,P.Walker,CAR,2022,10,101,-0.2217,-10.4243,7.6632,0.1684,0.0198,0.2113,92,9,-0.1419,-1.0367,3.2661,0.4695,0.8947,0.2961,-0.1419,3,90,0,9
00-0027973,A.Dalton,NO,2022,10,196,-0.0084,-2.8202,8.1934,0.0884,0.0204,0.2457,175,21,0.1264,-1.1323,2.7960,1.9288,1.2587,0.3284,0.1264,6,171,0,21
00-0026498,M.Stafford,LA,2022,10,266,-0.0848,0.1972,6.5983,0.1088,0.0150,0.2673,214,52,0.1706,-1.1362,2.5848,3.3012,1.3068,0.2749,0.1706,4,210,3,52
00-0036945,J.Fields,CHI,2022,10,278,0.0154,-3.4162,9.4643,0.1735,0.1655,0.3216,220,58,0.2592,-0.9093,2.4024,3.2857,1.1685,0.2599,0.2592,4,174,2,58
00-0031237,T.Bridgewater,MIA,2022,10,54,-0.0914,0.7871,9.4255,0.1277,0.0370,0.2033,39,15,0.0822,-0.5426,3.2641,2.3149,0.6248,0.4879,0.0822,2,37,0,15
00-0023459,A.Rodgers,GB,2022,10,330,-0.0508,0.4256,7.5149,0.1452,0.0182,0.2615,286,44,0.0892,-0.9608,2.5243,3.8720,1.0500,0.3112,0.0892,5,280,1,44
00-0031280,D.Carr,LV,2022,10,329,0.0498,-1.3392,8.3245,0.1192,0.0213,0.2396,285,44,0.1968,-0.9025,2.2365,3.3201,1.0993,0.2886,0.1968,5,278,0,44
00-0036355,J.Herbert,LAC,2022,10,374,0.0188,-0.6207,6.1966,0.0798,0.0321,0.1978,331,43,0.0880,-0.5138,2.3761,4.0365,0.6017,0.3179,0.0880,6,319,0,43
00-0036442,J.Burrow,CIN,2022,10,358,0.1389,3.3686,6.7484,0.0828,0.0363,0.2933,305,53,0.3091,-0.8405,2.2794,3.3329,1.1496,0.2653,0.3091,6,292,0,53
00-0036212,T.Tagovailoa,MIA,2022,10,238,0.3917,6.3593,9.0222,0.1244,0.0252,0.2254,222,16,0.4772,-0.7944,2.3889,1.1883,1.2717,0.2916,0.4772,3,216,0,16
00-0031800,T.Heinicke,WAS,2022,10,138,-0.0613,-0.1900,7.4286,0.1008,0.0725,0.2132,111,27,0.2813,-1.4697,2.2948,5.0977,1.7511,0.4577,0.2813,2,101,2,27
00-0035710,D.Jones,NYG,2022,10,284,0.1198,1.8437,6.4779,0.0487,0.1162,0.2737,233,51,0.2926,-0.6699,1.7215,1.9542,0.9626,0.2138,0.2926,2,200,0,51
00-0037013,Z.Wilson,NYJ,2022,10,180,-0.0874,-4.3095,7.8137,0.0994,0.0500,0.2529,162,18,0.0729,-1.5302,2.5274,1.2351,1.6030,0.2902,0.0729,5,153,0,18
00-0034855,B.Mayfield,CAR,2022,10,155,-0.2501,-12.4872,6.7591,0.0876,0.0387,0.2704,136,19,-0.1362,-1.0658,2.7964,1.1395,0.9296,0.2838,-0.1362,4,130,0,19
00-0029263,R.Wilson,DEN,2022,10,310,-0.0303,-2.9784,9.1767,0.1767,0.0452,0.2722,246,64,0.1766,-0.8259,2.0247,1.9263,1.0025,0.1958,0.1766,3,232,2,64
00-0033869,M.Trubisky,PIT,2022,10,139,-0.0572,-2.5892,10.0960,0.2080,0.0288,0.2531,123,16,0.0398,-0.8031,1.7542,1.4110,0.8429,0.3201,0.0398,2,119,0,16
00-0036971,T.Lawrence,JAX,2022,10,343,0.0966,-0.3654,7.1699,0.0929,0.0350,0.2549,306,37,0.2548,-1.2117,1.8404,1.7647,1.4665,0.2317,0.2548,4,294,1,37
00-0029701,R.Tannehill,TEN,2022,10,196,0.0886,-2.1070,7.6193,0.0909,0.0255,0.2337,156,40,0.2996,-0.7346,2.3851,1.8263,1.0342,0.2469,0.2996,3,151,0,40
00-0036389,J.Hurts,PHI,2022,10,303,0.2321,2.3249,7.4784,0.0824,0.0858,0.2920,265,38,0.4059,-0.9795,2.2106,2.2225,1.3854,0.2585,0.4059,2,239,0,38
00-0031503,J.Winston,NO,2022,10,107,-0.2119,-0.4208,10.6559,0.1613,0.0280,0.2529,89,18,-0.0212,-1.1548,3.0342,1.9711,1.1336,0.3789,-0.0212,4,86,0,18
00-0032950,C.Wentz,WAS,2022,10,215,-0.0846,-3.5381,8.0380,0.1576,0.0326,0.2673,175,40,0.1725,-1.2094,2.1632,1.3490,1.3819,0.2147,0.1725,4,168,1,40
00-0033662,C.Rush,DAL,2022,10,135,-0.0340,-6.9447,7.4062,0.0938,0.0148,0.1937,116,19,0.1236,-0.9965,2.1471,2.3794,1.1201,0.3791,0.1236,2,114,1,19
00-0038108,B.Zappe,NE,2022,10,78,0.1588,8.5185,6.1667,0.0833,0.0128,0.2392,71,7,0.3525,-1.8052,2.1595,6.2990,2.1577,0.9645,0.3525,1,70,0,7
00-0036898,D.Mills,HOU,2022,10,275,-0.1269,-3.7812,6.9008,0.0675,0.0145,0.2544,230,45,-0.0189,-0.6789,2.2821,2.8315,0.6600,0.2699,-0.0189,5,226,2,45
00-0036879,S.Ehlinger,IND,2022,10,58,-0.2574,-0.5742,7.9767,0.1860,0.1034,0.2492,41,17,0.1814,-1.3156,1.3639,1.2680,1.4971,0.3284,0.1814,0,35,0,17
00-0036972,M.Jones,NE,2022,10,178,-0.1225,-0.0170,7.7267,0.1333,0.0843,0.2667,158,20,0.0886,-1.7902,2.2885,1.9388,1.8788,0.3338,0.0886,5,143,1,20
00-0034796,L.Jackson,BAL,2022,10,286,0.0674,0.3088,8.5061,0.1215,0.0664,0.3091,254,32,0.1855,-0.8700,2.1350,1.5068,1.0554,0.2356,0.1855,5,235,0,32
00-0030565,G.Smith,SEA,2022,10,337,0.0995,7.7503,7.6385,0.0946,0.0504,0.2538,280,57,0.2579,-0.6786,2.4268,3.1198,0.9366,0.2518,0.2579,3,263,1,57
00-0033077,D.Prescott,DAL,2022,10,124,0.0123,-1.8223,7.9744,0.1026,0.0081,0.2095,106,18,0.1703,-0.9176,2.3751,2.1203,1.0879,0.3744,0.1703,4,105,0,18
00-0033873,P.Mahomes,KC,2022,10,389,0.3433,3.7744,7.0058,0.0778,0.0643,0.2135,340,49,0.4784,-0.5939,1.9164,1.6238,1.0723,0.1969,0.4784,4,315,1,49
00-0035228,K.Murray,ARI,2022,10,358,-0.0743,-1.3791,6.3868,0.1038,0.0503,0.2944,326,32,0.0794,-1.6402,1.5666,2.6118,1.7196,0.2940,0.0794,3,308,2,32
00-0031345,J.Garoppolo,SF,2022,10,229,0.1626,-2.6982,7.3645,0.1028,0.0087,0.2525,201,28,0.2988,-0.8154,2.1759,2.4540,1.1142,0.3138,0.2988,3,199,1,28
00-0031800,T.Heinicke,WAS,2022,11,165,-0.0371,0.6378,7.7379,0.0897,0.0667,0.1976,132,33,0.2573,-1.2148,2.1237,4.7821,1.4721,0.4012,0.2573,2,121,2,33
00-0037013,Z.Wilson,NYJ,2022,11,209,-0.1235,-6.4834,7.9454,0.1093,0.0574,0.2753,186,23,0.0461,-1.4953,2.3574,1.0050,1.5414,0.2374,0.0461,5,174,0,23
00-0036389,J.Hurts,PHI,2022,11,333,0.1804,2.9194,7.5357,0.0857,0.0841,0.3038,291,42,0.3742,-1.1622,2.2234,2.6803,1.5364,0.2673,0.3742,2,263,0,42
00-0034855,B.Mayfield,CAR,2022,11,187,-0.2799,-11.2423,6.2970,0.0727,0.0428,0.2753,164,23,-0.1873,-0.9400,2.6184,1.7880,0.7527,0.3061,-0.1873,5,156,0,23
00-0036971,T.Lawrence,JAX,2022,11,343,0.0966,-0.3654,7.1699,0.0929,0.0350,0.2549,306,37,0.2548,-1.2117,1.8404,1.7647,1.4665,0.2317,0.2548,4,294,1,37
00-0029604,K.Cousins,MIN,2022,11,379,-0.0212,0.6932,7.0462,0.0867,0.0185,0.2333,305,74,0.2077,-0.9649,1.8745,2.9827,1.1726,0.2155,0.2077,5,298,2,74
00-0032950,C.Wentz,WAS,2022,11,215,-0.0846,-3.5381,8.0380,0.1576,0.0326,0.2673,175,40,0.1725,-1.2094,2.1632,1.3490,1.3819,0.2147,0.1725,4,168,1,40
00-0031237,T.Bridgewater,MIA,2022,11,54,-0.0914,0.7871,9.4255,0.1277,0.0370,0.2033,39,15,0.0822,-0.5426,3.2641,2.3149,0.6248,0.4879,0.0822,2,37,0,15
00-0035228,K.Murray,ARI,2022,11,358,-0.0743,-1.3791,6.3868,0.1038,0.0503,0.2944,326,32,0.0794,-1.6402,1.5666,2.6118,1.7196,0.2940,0.0794,3,308,2,32
00-0033077,D.Prescott,DAL,2022,11,150,0.1241,1.1804,7.6028,0.1064,0.0200,0.2062,131,19,0.2698,-0.8807,2.6589,2.0284,1.1505,0.3564,0.2698,4,128,0,19
00-0031503,J.Winston,NO,2022,11,107,-0.2119,-0.4208,10.6559,0.1613,0.0280,0.2529,89,18,-0.0212,-1.1548,3.0342,1.9711,1.1336,0.3789,-0.0212,4,86,0,18
00-0036945,J.Fields,CHI,2022,11,309,0.0283,-2.5586,9.4055,0.1705,0.1683,0.3299,246,63,0.2630,-0.8881,2.3365,3.1935,1.1511,0.2453,0.2630,5,194,2,63
00-0033873,P.Mahomes,KC,2022,11,427,0.3466,3.5106,7.2730,0.0814,0.0656,0.2090,372,55,0.4888,-0.6152,2.0441,1.4695,1.1040,0.1795,0.4888,4,344,1,55
00-0026498,M.Stafford,LA,2022,11,286,-0.0653,0.0893,6.9844,0.1128,0.0175,0.2690,232,54,0.1889,-1.1573,2.5634,3.1959,1.3462,0.2650,0.1889,4,227,3,54
00-0029263,R.Wilson,DEN,2022,11,345,-0.0160,-1.0176,8.9091,0.1717,0.0435,0.2685,271,74,0.1731,-0.7084,1.9146,2.2016,0.8815,0.1919,0.1731,3,256,2,74
00-0033106,J.Goff,DET,2022,11,318,0.0878,-2.8314,7.4411,0.1077,0.0283,0.2068,281,37,0.2359,-1.0372,2.6495,5.3275,1.2731,0.3917,0.2359,5,272,2,37
00-0036212,T.Tagovailoa,MIA,2022,11,238,0.3917,6.3593,9.0222,0.1244,0.0252,0.2254,222,16,0.4772,-0.7944,2.3889,1.1883,1.2717,0.2916,0.4772,3,216,0,16
00-0036879,S.Ehlinger,IND,2022,11,58,-0.2574,-0.5742,7.9767,0.1860,0.1034,0.2492,41,17,0.1814,-1.3156,1.3639,1.2680,1.4971,0.3284,0.1814,0,35,0,17
00-0030565,G.Smith,SEA,2022,11,337,0.0995,7.7503,7.6385,0.0946,0.0504,0.2538,280,57,0.2579,-0.6786,2.4268,3.1198,0.9366,0.2518,0.2579,3,263,1,57
00-0019596,T.Brady,TB,2022,11,399,0.1132,0.0660,7.3071,0.1102,0.0050,0.2322,365,34,0.2107,-0.9339,1.2726,1.8808,1.1446,0.2425,0.2107,0,363,0,34
00-0029701,R.Tannehill,TEN,2022,11,224,0.1434,0.7912,7.7376,0.0941,0.0223,0.2420,181,43,0.3432,-0.6978,2.5144,1.9983,1.0410,0.2457,0.3432,4,176,0,43
00-0031280,D.Carr,LV,2022,11,367,0.0640,-1.5451,8.4543,0.1180,0.0191,0.2377,319,48,0.2006,-0.8440,2.2261,3.1832,1.0447,0.2707,0.2006,5,312,0,48
00-0033662,C.Rush,DAL,2022,11,135,-0.0340,-6.9447,7.4062,0.0938,0.0148,0.1937,116,19,0.1236,-0.9965,2.1471,2.3794,1.1201,0.3791,0.1236,2,114,1,19
00-0038108,B.Zappe,NE,2022,11,78,0.1588,8.5185,6.1667,0.0833,0.0128,0.2392,71,7,0.3525,-1.8052,2.1595,6.2990,2.1577,0.9645,0.3525,1,70,0,7
00-0027973,A.Dalton,NO,2022,11,223,0.0461,-0.5334,8.0098,0.0829,0.0179,0.2623,198,25,0.1744,-0.9703,2.6191,3.4855,1.1447,0.3907,0.1744,6,194,0,25
00-0032268,M.Mariota,ATL,2022,11,272,0.0109,-0.7920,10.5225,0.1757,0.0919,0.2649,220,52,0.2277,-0.9064,2.6318,2.2840,1.1341,0.2364,0.2277,6,195,1,52
00-0031345,J.Garoppolo,SF,2022,11,256,0.1898,-2.5654,7.2490,0.1079,0.0078,0.2405,224,32,0.3075,-0.6338,2.1506,2.4897,0.9413,0.2956,0.3075,3,222,1,32
00-0033119,J.Brissett,CLE,2022,11,316,0.1019,3.6141,7.9965,0.1131,0.0570,0.2120,268,48,0.2509,-0.7301,1.5637,2.6359,0.9810,0.2465,0.2509,4,250,1,48
00-0034796,L.Jackson,BAL,2022,11,321,0.0479,0.2263,8.0681,0.1111,0.0623,0.3174,287,34,0.1595,-0.8943,2.0991,1.4286,1.0538,0.2221,0.1595,6,267,0,34
00-0036898,D.Mills,HOU,2022,11,300,-0.1792,-4.3649,6.7417,0.0664,0.0167,0.2713,248,52,-0.0489,-0.8006,2.5119,2.6069,0.7517,0.2455,-0.0489,6,243,2,52
00-0035710,D.Jones,NYG,2022,11,320,0.0746,1.2661,6.7297,0.0579,0.1062,0.2656,260,60,0.2447,-0.6622,1.9426,1.8173,0.9069,0.1943,0.2447,4,226,0,60
00-0026158,J.Flacco,NYJ,2022,11,126,-0.2222,-4.9775,8.4483,0.1293,0.0079,0.2314,103,23,-0.0138,-1.1557,2.0699,2.9461,1.1420,0.3850,-0.0138,2,102,0,23
00-0038102,K.Pickett,PIT,2022,11,230,-0.0531,4.4720,7.6414,0.1212,0.0739,0.2675,201,29,0.0255,-0.5983,1.4466,4.2104,0.6239,0.3904,0.0255,6,184,1,29
00-0036355,J.Herbert,LAC,2022,11,411,0.0271,0.2813,6.3465,0.0840,0.0341,0.2168,358,53,0.1130,-0.5532,2.4102,3.4985,0.6662,0.2697,0.1130,7,344,0,53
00-0036442,J.Burrow,CIN,2022,11,400,0.1551,2.8886,6.8612,0.0793,0.0350,0.2906,341,59,0.3280,-0.8443,2.3278,3.0389,1.1723,0.2415,0.3280,8,327,0,59
00-0023459,A.Rodgers,GB,2022,11,366,-0.0416,0.2538,7.6213,0.1450,0.0164,0.2566,320,46,0.0931,-0.9791,2.4214,3.7074,1.0722,0.2969,0.0931,5,314,1,46
00-0036972,M.Jones,NE,2022,11,211,-0.1094,1.5251,7.2655,0.1186,0.0711,0.3000,185,26,0.1199,-1.7411,2.1090,1.5052,1.8610,0.2632,0.1199,5,170,1,26
00-0026143,M.Ryan,IND,2022,11,370,-0.0242,2.6260,5.6216,0.0480,0.0189,0.2672,306,64,0.1654,-0.9310,1.8532,4.0675,1.0965,0.2638,0.1654,4,299,3,64
00-0027688,C.McCoy,ARI,2022,11,75,0.0325,4.3800,5.4559,0.0588,0.0400,0.1898,60,15,0.1246,-0.3362,1.6032,3.4978,0.4608,0.5098,0.1246,1,57,0,15
00-0033869,M.Trubisky,PIT,2022,11,139,-0.0572,-2.5892,10.0960,0.2080,0.0288,0.2531,123,16,0.0398,-0.8031,1.7542,1.4110,0.8429,0.3201,0.0398,2,119,0,16
00-0033275,P.Walker,CAR,2022,11,101,-0.2217,-10.4243,7.6632,0.1684,0.0198,0.2113,92,9,-0.1419,-1.0367,3.2661,0.4695,0.8947,0.2961,-0.1419,3,90,0,9
00-0034857,J.Allen,BUF,2022,11,399,0.2570,2.1846,8.4684,0.1322,0.0802,0.2594,355,44,0.3568,-0.5482,2.2972,3.7595,0.9050,0.3032,0.3568,8,323,0,44
00-0027973,A.Dalton,NO,2022,12,256,0.0319,-0.7868,7.9402,0.0855,0.0312,0.2525,228,28,0.1569,-0.9859,2.5140,3.1096,1.1428,0.3494,0.1569,6,220,0,28
00-0031800,T.Heinicke,WAS,2022,12,188,-0.0200,0.1619,7.5476,0.0774,0.0585,0.1929,153,35,0.2292,-1.1096,2.0492,4.8044,1.3388,0.3882,0.2292,3,142,2,35
00-0037013,Z.Wilson,NYJ,2022,12,209,-0.1235,-6.4834,7.9454,0.1093,0.0574,0.2753,186,23,0.0461,-1.4953,2.3574,1.0050,1.5414,0.2374,0.0461,5,174,0,23
00-0036212,T.Tagovailoa,MIA,2022,12,277,0.3651,5.9399,9.2923,0.1231,0.0217,0.2528,256,21,0.4640,-0.8411,2.2545,1.0859,1.3052,0.2460,0.4640,3,250,0,21
00-0031345,J.Garoppolo,SF,2022,12,292,0.1708,-1.5229,7.0507,0.1087,0.0068,0.2330,254,38,0.2907,-0.6306,2.0628,2.5924,0.9213,0.2763,0.2907,3,252,1,38
00-0036355,J.Herbert,LAC,2022,12,465,0.0367,0.8033,6.0607,0.0771,0.0344,0.2194,399,66,0.1460,-0.6239,2.2956,3.0185,0.7699,0.2269,0.1460,7,383,0,66
00-0034857,J.Allen,BUF,2022,12,449,0.2349,1.5167,8.6615,0.1359,0.0824,0.2607,397,52,0.3608,-0.7262,2.1882,3.7504,1.0869,0.2786,0.3608,8,360,1,52
00-0036972,M.Jones,NE,2022,12,249,-0.0672,2.6684,7.3052,0.1221,0.0602,0.3091,221,28,0.1419,-1.7177,2.1267,1.4580,1.8597,0.2484,0.1419,5,206,1,28
00-0019596,T.Brady,TB,2022,12,445,0.0976,0.2230,7.4882,0.1156,0.0045,0.2442,406,39,0.1977,-0.9437,1.2318,1.6358,1.1414,0.2121,0.1977,0,404,0,39
00-0030565,G.Smith,SEA,2022,12,379,0.1164,7.5686,7.6577,0.0991,0.0501,0.2554,314,65,0.2854,-0.6999,2.4186,2.8181,0.9853,0.2260,0.2854,4,295,1,65
00-0036945,J.Fields,CHI,2022,12,309,0.0283,-2.5586,9.4055,0.1705,0.1683,0.3299,246,63,0.2630,-0.8881,2.3365,3.1935,1.1511,0.2453,0.2630,5,194,2,63
00-0036971,T.Lawrence,JAX,2022,12,386,0.1233,0.9499,7.1175,0.0917,0.0337,0.2693,343,43,0.2787,-1.1167,1.8316,2.4643,1.3954,0.2503,0.2787,4,330,1,43
00-0038108,B.Zappe,NE,2022,12,78,0.1588,8.5185,6.1667,0.0833,0.0128,0.2392,71,7,0.3525,-1.8052,2.1595,6.2990,2.1577,0.9645,0.3525,1,70,0,7
00-0036442,J.Burrow,CIN,2022,12,442,0.1623,1.9333,6.8385,0.0795,0.0407,0.2872,379,63,0.3171,-0.7689,2.2549,3.1787,1.0860,0.2375,0.3171,8,361,0,63
00-0032950,C.Wentz,WAS,2022,12,215,-0.0846,-3.5381,8.0380,0.1576,0.0326,0.2673,175,40,0.1725,-1.2094,2.1632,1.3490,1.3819,0.2147,0.1725,4,168,1,40
00-0033275,P.Walker,CAR,2022,12,101,-0.2217,-10.4243,7.6632,0.1684,0.0198,0.2113,92,9,-0.1419,-1.0367,3.2661,0.4695,0.8947,0.2961,-0.1419,3,90,0,9
00-0023459,A.Rodgers,GB,2022,12,385,-0.0389,0.2105,7.5311,0.1412,0.0156,0.2673,335,50,0.1051,-1.0040,2.5473,3.4461,1.1090,0.2766,0.1051,7,329,1,50
00-0032268,M.Mariota,ATL,2022,12,298,-0.0059,-1.1543,10.0486,0.1700,0.0839,0.2622,242,56,0.1952,-0.8747,2.6169,2.1749,1.0699,0.2228,0.1952,7,217,1,56
00-0029263,R.Wilson,DEN,2022,12,369,-0.0479,-0.9238,8.8208,0.1698,0.0434,0.2675,288,81,0.1382,-0.7093,1.8460,2.2911,0.8475,0.1863,0.1382,3,272,2,81
00-0027688,C.McCoy,ARI,2022,12,75,0.0325,4.3800,5.4559,0.0588,0.0400,0.1898,60,15,0.1246,-0.3362,1.6032,3.4978,0.4608,0.5098,0.1246,1,57,0,15
00-0033077,D.Prescott,DAL,2022,12,180,0.1698,3.6642,8.3647,0.1176,0.0222,0.1808,152,28,0.2964,-0.5179,2.5502,3.4508,0.8143,0.3742,0.2964,5,148,1,28
00-0036389,J.Hurts,PHI,2022,12,366,0.1737,2.7703,7.4673,0.0882,0.0902,0.3109,322,44,0.3576,-1.1721,2.4496,2.5580,1.5297,0.2564,0.3576,2,289,0,44
00-0033662,C.Rush,DAL,2022,12,135,-0.0340,-6.9447,7.4062,0.0938,0.0148,0.1937,116,19,0.1236,-0.9965,2.1471,2.3794,1.1201,0.3791,0.1236,2,114,1,19
00-0035710,D.Jones,NYG,2022,12,344,0.0482,1.1531,6.8107,0.0607,0.1017,0.2667,279,65,0.2294,-0.7300,1.9272,1.7987,0.9594,0.1860,0.2294,4,244,0,65
00-0029604,K.Cousins,MIN,2022,12,417,0.0086,1.6138,6.9086,0.0836,0.0168,0.2322,339,78,0.2237,-0.9263,1.9918,2.9639,1.1500,0.2095,0.2237,6,332,2,78
00-0026158,J.Flacco,NYJ,2022,12,126,-0.2222,-4.9775,8.4483,0.1293,0.0079,0.2314,103,23,-0.0138,-1.1557,2.0699,2.9461,1.1420,0.3850,-0.0138,2,102,0,23
00-0031503,J.Winston,NO,2022,12,107,-0.2119,-0.4208,10.6559,0.1613,0.0280,0.2529,89,18,-0.0212,-1.1548,3.0342,1.9711,1.1336,0.3789,-0.0212,4,86,0,18
00-0036898,D.Mills,HOU,2022,12,300,-0.1792,-4.3649,6.7417,0.0664,0.0167,0.2713,248,52,-0.0489,-0.8006,2.5119,2.6069,0.7517,0.2455,-0.0489,6,243,2,52
00-0026143,M.Ryan,IND,2022,12,409,-0.0312,2.2802,5.6839,0.0490,0.0220,0.2676,337,72,0.1581,-0.9176,1.8733,3.7955,1.0757,0.2414,0.1581,5,328,3,72
00-0033873,P.Mahomes,KC,2022,12,469,0.3581,4.2160,7.2196,0.0788,0.0682,0.2053,412,57,0.4952,-0.6328,1.9450,1.4345,1.1281,0.1729,0.4952,4,380,1,57
00-0033119,J.Brissett,CLE,2022,12,359,0.0812,3.2220,8.3844,0.1250,0.0557,0.2230,302,57,0.2437,-0.7794,1.6081,2.2876,1.0231,0.2132,0.2437,4,282,2,57
00-0034796,L.Jackson,BAL,2022,12,359,0.0767,-0.4228,8.4469,0.1222,0.0669,0.3146,322,37,0.1879,-0.8914,2.0785,1.3200,1.0793,0.2053,0.1879,6,298,0,37
00-0036879,S.Ehlinger,IND,2022,12,58,-0.2574,-0.5742,7.9767,0.1860,0.1034,0.2492,41,17,0.1814,-1.3156,1.3639,1.2680,1.4971,0.3284,0.1814,0,35,0,17
00-0026498,M.Stafford,LA,2022,12,286,-0.0653,0.0893,6.9844,0.1128,0.0175,0.2690,232,54,0.1889,-1.1573,2.5634,3.1959,1.3462,0.2650,0.1889,4,227,3,54
00-0035228,K.Murray,ARI,2022,12,391,-0.0391,-1.2496,6.7291,0.1210,0.0537,0.2989,358,33,0.1069,-1.6230,1.5700,2.5399,1.7299,0.2852,0.1069,4,337,2,33
00-0031237,T.Bridgewater,MIA,2022,12,54,-0.0914,0.7871,9.4255,0.1277,0.0370,0.2033,39,15,0.0822,-0.5426,3.2641,2.3149,0.6248,0.4879,0.0822,2,37,0,15
00-0033869,M.Trubisky,PIT,2022,12,139,-0.0572,-2.5892,10.0960,0.2080,0.0288,0.2531,123,16,0.0398,-0.8031,1.7542,1.4110,0.8429,0.3201,0.0398,2,119,0,16
00-0031280,D.Carr,LV,2022,12,406,0.0928,-1.0314,8.4667,0.1173,0.0222,0.2360,354,52,0.2208,-0.7785,2.3182,3.1454,0.9993,0.2589,0.2208,7,345,0,52
00-0034855,B.Mayfield,CAR,2022,12,187,-0.2799,-11.2423,6.2970,0.0727,0.0428,0.2753,164,23,-0.1873,-0.9400,2.6184,1.7880,0.7527,0.3061,-0.1873,5,156,0,23
00-0033106,J.Goff,DET,2022,12,357,0.0940,-2.8706,7.3743,0.1048,0.0252,0.2040,311,46,0.2469,-0.9397,2.4983,4.4679,1.1866,0.3243,0.2469,5,302,2,46
00-0029701,R.Tannehill,TEN,2022,12,261,0.1530,0.7335,7.8305,0.0975,0.0268,0.2355,212,49,0.3482,-0.6915,2.4951,1.9007,1.0397,0.2249,0.3482,4,205,0,49
00-0038102,K.Pickett,PIT,2022,12,265,-0.0379,3.8513,7.4159,0.1106,0.0755,0.2831,233,32,0.0564,-0.7246,1.4373,4.0211,0.7810,0.3631,0.0564,6,213,1,32
00-0035710,D.Jones,NYG,2022,13,382,0.0472,2.5549,6.7767,0.0647,0.1047,0.2800,313,69,0.2318,-0.7902,1.8207,1.7550,1.0219,0.1768,0.2318,4,273,0,69
00-0036442,J.Burrow,CIN,2022,13,478,0.1897,2.5868,6.8836,0.0808,0.0460,0.2904,414,64,0.3392,-0.7772,2.1747,3.1327,1.1163,0.2328,0.3392,8,392,0,64
00-0036972,M.Jones,NE,2022,13,267,-0.0571,2.0718,7.0823,0.1126,0.0562,0.3056,238,29,0.1403,-1.6775,2.0876,1.4528,1.8179,0.2426,0.1403,5,223,1,29
00-0034401,M.White,NYJ,2022,13,85,0.1271,-3.3687,7.4146,0.0854,0.0118,0.1769,75,10,0.1687,-0.1850,2.7108,2.5114,0.3537,0.5360,0.1687,1,74,1,10
00-0031280,D.Carr,LV,2022,13,435,0.0741,-1.2084,8.6980,0.1262,0.0207,0.2319,381,54,0.1922,-0.7594,2.5177,3.0382,0.9517,0.2507,0.1922,8,372,0,54
00-0029263,R.Wilson,DEN,2022,13,395,-0.0407,0.1877,8.9059,0.1735,0.0456,0.2700,310,85,0.1347,-0.6805,1.7810,2.3066,0.8152,0.1813,0.1347,3,292,2,85
00-0031345,J.Garoppolo,SF,2022,13,297,0.1740,-1.6601,7.1071,0.1107,0.0067,0.2387,258,39,0.3023,-0.6748,2.0881,2.6003,0.9771,0.2734,0.3023,3,256,1,39
00-0036212,T.Tagovailoa,MIA,2022,13,312,0.3135,4.3147,9.5119,0.1331,0.0192,0.2590,287,25,0.4363,-1.0965,2.4647,1.5777,1.5328,0.2678,0.4363,4,281,1,25
00-0036898,D.Mills,HOU,2022,13,300,-0.1792,-4.3649,6.7417,0.0664,0.0167,0.2713,248,52,-0.0489,-0.8006,2.5119,2.6069,0.7517,0.2455,-0.0489,6,243,2,52
00-0031503,J.Winston,NO,2022,13,107,-0.2119,-0.4208,10.6559,0.1613,0.0280,0.2529,89,18,-0.0212,-1.1548,3.0342,1.9711,1.1336,0.3789,-0.0212,4,86,0,18
00-0036355,J.Herbert,LAC,2022,13,510,-0.0013,0.0424,6.1803,0.0794,0.0353,0.2300,433,77,0.1198,-0.6822,2.2891,2.7092,0.8020,0.2012,0.1198,7,415,0,77
00-0034899,J.Wolford,LA,2022,13,59,-0.4323,-11.6872,8.5306,0.1429,0.0678,0.2095,42,17,-0.1362,-1.1639,2.2073,2.8970,1.0276,0.4722,-0.1362,1,38,1,17
00-0019596,T.Brady,TB,2022,13,489,0.0864,0.2467,7.3162,0.1132,0.0041,0.2367,447,42,0.1696,-0.7986,1.2835,1.8342,0.9682,0.2157,0.1696,1,445,0,42
00-0029701,R.Tannehill,TEN,2022,13,288,0.1311,0.0913,7.7795,0.0984,0.0347,0.2644,233,55,0.3527,-0.8075,2.4352,1.8130,1.1602,0.2084,0.3527,4,223,0,55
00-0033119,J.Brissett,CLE,2022,13,359,0.0812,3.2220,8.3844,0.1250,0.0557,0.2230,302,57,0.2437,-0.7794,1.6081,2.2876,1.0231,0.2132,0.2437,4,282,2,57
00-0033106,J.Goff,DET,2022,13,392,0.1222,-2.4252,7.1744,0.1008,0.0230,0.2114,342,50,0.2763,-0.9317,2.3451,4.1630,1.2080,0.3002,0.2763,5,333,2,50
00-0033077,D.Prescott,DAL,2022,13,210,0.1528,2.2243,8.1106,0.1156,0.0190,0.1893,181,29,0.2641,-0.5416,2.5468,3.3438,0.8057,0.3597,0.2641,6,177,1,29
00-0038108,B.Zappe,NE,2022,13,78,0.1588,8.5185,6.1667,0.0833,0.0128,0.2392,71,7,0.3525,-1.8052,2.1595,6.2990,2.1577,0.9645,0.3525,1,70,0,7
00-0034577,K.Allen,HOU,2022,13,55,-0.7590,-10.8092,6.2200,0.1000,0.0182,0.2240,48,7,-0.6102,-1.7796,3.6794,0.7762,1.1694,0.4331,-0.6102,2,47,1,7
00-0029604,K.Cousins,MIN,2022,13,455,0.0079,1.2369,7.1172,0.0861,0.0176,0.2286,368,87,0.2121,-0.8561,1.9738,2.9468,1.0682,0.1981,0.2121,6,360,2,87
00-0031800,T.Heinicke,WAS,2022,13,235,-0.0158,0.6798,7.5933,0.0957,0.0511,0.2141,188,47,0.2521,-1.0875,1.9373,4.0033,1.3396,0.3090,0.2521,3,176,2,47
00-0036879,S.Ehlinger,IND,2022,13,58,-0.2574,-0.5742,7.9767,0.1860,0.1034,0.2492,41,17,0.1814,-1.3156,1.3639,1.2680,1.4971,0.3284,0.1814,0,35,0,17
00-0026158,J.Flacco,NYJ,2022,13,126,-0.2222,-4.9775,8.4483,0.1293,0.0079,0.2314,103,23,-0.0138,-1.1557,2.0699,2.9461,1.1420,0.3850,-0.0138,2,102,0,23
00-0035228,K.Murray,ARI,2022,13,391,-0.0391,-1.2496,6.7291,0.1210,0.0537,0.2989,358,33,0.1069,-1.6230,1.5700,2.5399,1.7299,0.2852,0.1069,4,337,2,33
00-0023459,A.Rodgers,GB,2022,13,418,-0.0248,-0.0610,7.7662,0.1429,0.0167,0.2673,368,50,0.1083,-1.0040,2.4803,3.4461,1.1122,0.2751,0.1083,7,361,1,50
00-0026143,M.Ryan,IND,2022,13,435,-0.0403,1.9063,5.7615,0.0487,0.0207,0.2685,358,77,0.1492,-0.9215,2.1469,3.6756,1.0707,0.2318,0.1492,6,349,3,77
00-0027973,A.Dalton,NO,2022,13,283,0.0485,0.6776,8.0078,0.0930,0.0318,0.2612,252,31,0.1635,-0.8868,2.4271,3.5312,1.0503,0.3515,0.1635,6,243,0,31
00-0037013,Z.Wilson,NYJ,2022,13,209,-0.1235,-6.4834,7.9454,0.1093,0.0574,0.2753,186,23,0.0461,-1.4953,2.3574,1.0050,1.5414,0.2374,0.0461,5,174,0,23
00-0027688,C.McCoy,ARI,2022,13,75,0.0325,4.3800,5.4559,0.0588,0.0400,0.1898,60,15,0.1246,-0.3362,1.6032,3.4978,0.4608,0.5098,0.1246,1,57,0,15
00-0033275,P.Walker,CAR,2022,13,101,-0.2217,-10.4243,7.6632,0.1684,0.0198,0.2113,92,9,-0.1419,-1.0367,3.2661,0.4695,0.8947,0.2961,-0.1419,3,90,0,9
00-0034855,B.Mayfield,CAR,2022,13,187,-0.2799,-11.2423,6.2970,0.0727,0.0428,0.2753,164,23,-0.1873,-0.9400,2.6184,1.7880,0.7527,0.3061,-0.1873,5,156,0,23
00-0032268,M.Mariota,ATL,2022,13,323,-0.0209,-1.5315,10.5387,0.1808,0.0774,0.2597,263,60,0.1936,-0.9609,2.4813,2.3368,1.1545,0.2200,0.1936,7,238,2,60
00-0030565,G.Smith,SEA,2022,13,423,0.1288,7.4391,7.5645,0.0941,0.0473,0.2620,350,73,0.3227,-0.8007,2.4289,2.8173,1.1235,0.2134,0.3227,5,330,1,73
00-0031237,T.Bridgewater,MIA,2022,13,54,-0.0914,0.7871,9.4255,0.1277,0.0370,0.2033,39,15,0.0822,-0.5426,3.2641,2.3149,0.6248,0.4879,0.0822,2,37,0,15
00-0036389,J.Hurts,PHI,2022,13,405,0.2059,3.9475,7.7259,0.0991,0.0815,0.3148,358,47,0.3816,-1.1322,2.3848,2.4658,1.5137,0.2432,0.3816,2,325,0,47
00-0033869,M.Trubisky,PIT,2022,13,139,-0.0572,-2.5892,10.0960,0.2080,0.0288,0.2531,123,16,0.0398,-0.8031,1.7542,1.4110,0.8429,0.3201,0.0398,2,119,0,16
00-0036945,J.Fields,CHI,2022,13,333,0.0164,-1.1615,9.5732,0.1715,0.1622,0.3250,268,65,0.2165,-0.8083,2.4709,3.3921,1.0248,0.2478,0.2165,7,214,2,65
00-0038102,K.Pickett,PIT,2022,13,296,-0.0001,2.8702,7.5866,0.1142,0.0777,0.2710,260,36,0.0934,-0.6757,1.4769,3.7053,0.7691,0.3296,0.0934,6,237,1,36
00-0033873,P.Mahomes,KC,2022,13,500,0.3498,4.2932,7.3543,0.0874,0.0680,0.2049,435,65,0.4896,-0.5861,1.9491,2.0259,1.0757,0.1888,0.4896,4,401,1,65
00-0033662,C.Rush,DAL,2022,13,135,-0.0340,-6.9447,7.4062,0.0938,0.0148,0.1937,116,19,0.1236,-0.9965,2.1471,2.3794,1.1201,0.3791,0.1236,2,114,1,19
00-0026498,M.Stafford,LA,2022,13,286,-0.0653,0.0893,6.9844,0.1128,0.0175,0.2690,232,54,0.1889,-1.1573,2.5634,3.1959,1.3462,0.2650,0.1889,4,227,3,54
00-0034857,J.Allen,BUF,2022,13,484,0.2440,1.5824,8.6627,0.1330,0.0806,0.2600,426,58,0.3675,-0.6638,2.1254,3.8398,1.0313,0.2668,0.3675,8,387,1,58
00-0034796,L.Jackson,BAL,2022,13,366,0.0610,-0.4545,8.3905,0.1206,0.0683,0.3220,327,39,0.1776,-0.9170,2.0640,1.2663,1.0947,0.1969,0.1776,6,302,0,39
00-0036971,T.Lawrence,JAX,2022,13,420,0.1255,-0.0373,7.2778,0.0979,0.0381,0.2712,375,45,0.2655,-1.0410,1.8067,2.5421,1.3065,0.2476,0.2655,4,359,1,45
00-0032950,C.Wentz,WAS,2022,13,215,-0.0846,-3.5381,8.0380,0.1576,0.0326,0.2673,175,40,0.1725,-1.2094,2.1632,1.3490,1.3819,0.2147,0.1725,4,168,1,40
00-0019596,T.Brady,TB,2022,14,532,0.0632,0.0057,7.1627,0.1078,0.0056,0.2231,484,48,0.1560,-0.8724,1.3757,1.9591,1.0284,0.2089,0.1560,2,481,1,48
00-0029604,K.Cousins,MIN,2022,14,490,0.0347,2.0757,7.3341,0.0891,0.0163,0.2344,397,93,0.2299,-0.7984,1.9764,2.9420,1.0283,0.1913,0.2299,6,389,2,93
00-0034955,B.Rypien,DEN,2022,14,55,-0.2659,-8.2312,9.6226,0.1698,0.0182,0.1673,47,8,-0.2265,-0.4973,2.1221,2.8122,0.2708,0.6298,-0.2265,1,46,1,8
00-0033869,M.Trubisky,PIT,2022,14,170,-0.0081,0.1350,10.2581,0.2000,0.0235,0.2493,150,20,0.0944,-0.7762,2.0611,1.2530,0.8705,0.2764,0.0944,5,146,0,20
00-0038108,B.Zappe,NE,2022,14,78,0.1588,8.5185,6.1667,0.0833,0.0128,0.2392,71,7,0.3525,-1.8052,2.1595,6.2990,2.1577,0.9645,0.3525,1,70,0,7
00-0029263,R.Wilson,DEN,2022,14,440,-0.0431,-0.4830,8.4814,0.1596,0.0477,0.2828,347,93,0.1446,-0.7436,2.0323,2.1697,0.8882,0.1708,0.1446,4,326,2,93
00-0033119,J.Brissett,CLE,2022,14,360,0.0701,3.1086,8.4361,0.1277,0.0556,0.2230,303,57,0.2299,-0.7794,1.6603,2.2876,1.0093,0.2136,0.2299,4,283,2,57
00-0031800,T.Heinicke,WAS,2022,14,235,-0.0158,0.6798,7.5933,0.0957,0.0511,0.2141,188,47,0.2521,-1.0875,1.9373,4.0033,1.3396,0.3090,0.2521,3,176,2,47
00-0033537,D.Watson,CLE,2022,14,60,-0.1390,-4.0989,7.5926,0.0926,0.0500,0.2000,52,8,0.0367,-1.2809,2.1879,6.1245,1.3175,0.8987,0.0367,1,49,1,8
00-0036212,T.Tagovailoa,MIA,2022,14,339,0.2734,2.1948,9.7238,0.1460,0.0265,0.2643,310,29,0.4048,-1.1308,2.5150,1.4532,1.5356,0.2413,0.4048,4,301,1,29
00-0031345,J.Garoppolo,SF,2022,14,297,0.1740,-1.6601,7.1071,0.1107,0.0067,0.2387,258,39,0.3023,-0.6748,2.0881,2.6003,0.9771,0.2734,0.3023,3,256,1,39
00-0038102,K.Pickett,PIT,2022,14,300,-0.0091,2.5814,7.5725,0.1137,0.0833,0.2758,263,37,0.0910,-0.7209,1.4763,3.6779,0.8119,0.3241,0.0910,6,238,1,37
00-0030565,G.Smith,SEA,2022,14,459,0.1062,6.2719,7.8238,0.0943,0.0501,0.2667,383,76,0.2889,-0.8147,2.5371,2.7181,1.1036,0.2059,0.2889,7,360,1,76
00-0034855,B.Mayfield,CAR,2022,14,223,-0.2432,-11.0875,6.7538,0.0923,0.0448,0.2965,195,28,-0.1537,-0.8663,2.4906,1.7578,0.7126,0.2749,-0.1537,5,185,0,28
00-0032268,M.Mariota,ATL,2022,14,323,-0.0209,-1.5315,10.5387,0.1808,0.0774,0.2597,263,60,0.1936,-0.9609,2.4813,2.3368,1.1545,0.2200,0.1936,7,238,2,60
00-0034401,M.White,NYJ,2022,14,119,0.1238,-1.8199,7.0442,0.0796,0.0084,0.2000,103,16,0.1993,-0.3626,2.3695,2.0554,0.5619,0.3892,0.1993,1,102,1,16
00-0036355,J.Herbert,LAC,2022,14,566,0.0047,0.7992,6.1044,0.0774,0.0336,0.2397,482,84,0.1207,-0.6615,2.1796,2.7266,0.7822,0.1923,0.1207,7,463,0,84
00-0027973,A.Dalton,NO,2022,14,283,0.0485,0.6776,8.0078,0.0930,0.0318,0.2612,252,31,0.1635,-0.8868,2.4271,3.5312,1.0503,0.3515,0.1635,6,243,0,31
00-0036389,J.Hurts,PHI,2022,14,437,0.2123,3.8196,7.8898,0.1075,0.0778,0.3183,387,50,0.3672,-0.9860,2.2952,3.6680,1.3532,0.2816,0.3672,2,353,0,50
00-0033873,P.Mahomes,KC,2022,14,544,0.3321,3.7560,7.3238,0.0861,0.0625,0.2092,474,70,0.4621,-0.5486,2.0516,2.1717,1.0107,0.1880,0.4621,7,440,1,70
00-0033106,J.Goff,DET,2022,14,428,0.1445,-2.0901,7.1397,0.1022,0.0257,0.2056,375,53,0.2923,-0.9016,2.3427,3.9924,1.1939,0.2856,0.2923,5,364,2,53
00-0034857,J.Allen,BUF,2022,14,513,0.2314,1.3517,8.6239,0.1284,0.0819,0.2651,449,64,0.3493,-0.5953,2.0752,3.9652,0.9446,0.2580,0.3493,8,407,1,64
00-0035710,D.Jones,NYG,2022,14,407,0.0395,2.7315,6.7234,0.0638,0.1007,0.2861,331,76,0.2310,-0.7946,1.7764,1.6454,1.0256,0.1644,0.2310,4,290,0,76
00-0027688,C.McCoy,ARI,2022,14,109,-0.1595,2.8918,6.3265,0.0816,0.0367,0.2119,89,20,0.0566,-1.1211,1.5714,6.2577,1.1777,0.5749,0.0566,1,85,1,20
00-0031237,T.Bridgewater,MIA,2022,14,54,-0.0914,0.7871,9.4255,0.1277,0.0370,0.2033,39,15,0.0822,-0.5426,3.2641,2.3149,0.6248,0.4879,0.0822,2,37,0,15
00-0036972,M.Jones,NE,2022,14,300,-0.0510,1.5933,6.8702,0.1107,0.0533,0.3099,270,30,0.1288,-1.6687,2.0980,1.4050,1.7975,0.2337,0.1288,6,254,1,30
00-0033275,P.Walker,CAR,2022,14,101,-0.2217,-10.4243,7.6632,0.1684,0.0198,0.2113,92,9,-0.1419,-1.0367,3.2661,0.4695,0.8947,0.2961,-0.1419,3,90,0,9
00-0037834,B.Purdy,SF,2022,14,61,0.1884,2.3643,5.3509,0.0877,0.0164,0.1889,50,11,0.1830,0.2127,1.1346,5.5274,-0.0297,0.7247,0.1830,1,49,0,11
00-0033662,C.Rush,DAL,2022,14,135,-0.0340,-6.9447,7.4062,0.0938,0.0148,0.1937,116,19,0.1236,-0.9965,2.1471,2.3794,1.1201,0.3791,0.1236,2,114,1,19
00-0034577,K.Allen,HOU,2022,14,55,-0.7590,-10.8092,6.2200,0.1000,0.0182,0.2240,48,7,-0.6102,-1.7796,3.6794,0.7762,1.1694,0.4331,-0.6102,2,47,1,7
00-0033077,D.Prescott,DAL,2022,14,252,0.1120,0.4533,8.1555,0.1092,0.0238,0.1877,218,34,0.2242,-0.6076,2.6097,2.8942,0.8318,0.3116,0.2242,8,212,1,34
00-0031503,J.Winston,NO,2022,14,107,-0.2119,-0.4208,10.6559,0.1613,0.0280,0.2529,89,18,-0.0212,-1.1548,3.0342,1.9711,1.1336,0.3789,-0.0212,4,86,0,18
00-0035228,K.Murray,ARI,2022,14,393,-0.0373,-1.1977,6.7155,0.1207,0.0560,0.2989,360,33,0.1080,-1.6230,1.5629,2.5399,1.7310,0.2851,0.1080,4,338,2,33
00-0032950,C.Wentz,WAS,2022,14,215,-0.0846,-3.5381,8.0380,0.1576,0.0326,0.2673,175,40,0.1725,-1.2094,2.1632,1.3490,1.3819,0.2147,0.1725,4,168,1,40
00-0026498,M.Stafford,LA,2022,14,286,-0.0653,0.0893,6.9844,0.1128,0.0175,0.2690,232,54,0.1889,-1.1573,2.5634,3.1959,1.3462,0.2650,0.1889,4,227,3,54
00-0035993,T.Huntley,BAL,2022,14,55,0.0187,12.1135,6.2326,0.0698,0.1636,0.2170,51,4,0.1846,-2.0974,0.7315,5.5915,2.2820,1.1884,0.1846,0,42,1,4
00-0034899,J.Wolford,LA,2022,14,59,-0.4323,-11.6872,8.5306,0.1429,0.0678,0.2095,42,17,-0.1362,-1.1639,2.2073,2.8970,1.0276,0.4722,-0.1362,1,38,1,17
00-0034796,L.Jackson,BAL,2022,14,366,0.0610,-0.4545,8.3905,0.1206,0.0683,0.3220,327,39,0.1776,-0.9170,2.0640,1.2663,1.0947,0.1969,0.1776,6,302,0,39
00-0023459,A.Rodgers,GB,2022,14,418,-0.0248,-0.0610,7.7662,0.1429,0.0167,0.2673,368,50,0.1083,-1.0040,2.4803,3.4461,1.1122,0.2751,0.1083,7,361,1,50
00-0029701,R.Tannehill,TEN,2022,14,310,0.0767,0.4198,7.8388,0.0989,0.0323,0.2736,251,59,0.2928,-0.8429,2.5441,2.1240,1.1357,0.2148,0.2928,5,241,0,59
00-0036945,J.Fields,CHI,2022,14,333,0.0164,-1.1615,9.5732,0.1715,0.1622,0.3250,268,65,0.2165,-0.8083,2.4709,3.3921,1.0248,0.2478,0.2165,7,214,2,65
00-0036971,T.Lawrence,JAX,2022,14,458,0.1600,0.5969,7.3253,0.1012,0.0349,0.2686,412,46,0.2925,-1.0268,1.7955,2.4949,1.3193,0.2421,0.2925,4,396,1,46
00-0036898,D.Mills,HOU,2022,14,321,-0.1493,-2.9909,6.8900,0.0722,0.0187,0.2690,268,53,-0.0216,-0.7955,2.4107,2.5582,0.7739,0.2393,-0.0216,7,262,2,53
00-0037013,Z.Wilson,NYJ,2022,14,209,-0.1235,-6.4834,7.9454,0.1093,0.0574,0.2753,186,23,0.0461,-1.4953,2.3574,1.0050,1.5414,0.2374,0.0461,5,174,0,23
00-0026143,M.Ryan,IND,2022,14,435,-0.0403,1.9063,5.7615,0.0487,0.0207,0.2685,358,77,0.1492,-0.9215,2.1469,3.6756,1.0707,0.2318,0.1492,6,349,3,77
00-0026158,J.Flacco,NYJ,2022,14,130,-0.2709,-5.7706,8.4874,0.1261,0.0077,0.2389,106,24,-0.0314,-1.3285,2.0217,3.5344,1.2970,0.4078,-0.0314,2,105,0,24
00-0036879,S.Ehlinger,IND,2022,14,58,-0.2574,-0.5742,7.9767,0.1860,0.1034,0.2492,41,17,0.1814,-1.3156,1.3639,1.2680,1.4971,0.3284,0.1814,0,35,0,17
00-0036442,J.Burrow,CIN,2022,14,511,0.1851,1.4261,6.8647,0.0776,0.0470,0.2892,444,67,0.3302,-0.7767,2.1334,3.0100,1.1069,0.2230,0.3302,8,420,0,67
00-0031280,D.Carr,LV,2022,14,458,0.0652,-1.5880,8.7358,0.1297,0.0262,0.2259,401,57,0.1908,-0.8179,2.4838,3.1076,1.0087,0.2464,0.1908,8,389,2,57
00-0026143,M.Ryan,IND,2022,15,467,-0.0371,1.4584,5.8589,0.0502,0.0214,0.2705,383,84,0.1564,-0.9196,2.0971,3.3729,1.0760,0.2136,0.1564,6,373,3,84
00-0026498,M.Stafford,LA,2022,15,286,-0.0653,0.0893,6.9844,0.1128,0.0175,0.2690,232,54,0.1889,-1.1573,2.5634,3.1959,1.3462,0.2650,0.1889,4,227,3,54
00-0033537,D.Watson,CLE,2022,15,91,-0.0806,-3.4044,6.5732,0.0732,0.0440,0.2179,80,11,0.0859,-1.2912,1.7861,4.3479,1.3771,0.6462,0.0859,1,76,1,11
00-0036971,T.Lawrence,JAX,2022,15,503,0.1592,0.7591,7.4639,0.1072,0.0358,0.2631,452,51,0.2899,-0.9994,1.8457,2.3001,1.2893,0.2218,0.2899,5,434,1,51
00-0033106,J.Goff,DET,2022,15,466,0.1578,-2.3705,6.9772,0.0979,0.0236,0.1965,408,58,0.3079,-0.8979,2.3409,3.6649,1.2058,0.2625,0.3079,5,397,2,58
00-0030565,G.Smith,SEA,2022,15,498,0.0689,6.2225,7.5046,0.0868,0.0482,0.2671,414,84,0.2476,-0.8119,2.5283,2.6220,1.0595,0.1932,0.2476,7,390,1,84
00-0034401,M.White,NYJ,2022,15,119,0.1238,-1.8199,7.0442,0.0796,0.0084,0.2000,103,16,0.1993,-0.3626,2.3695,2.0554,0.5619,0.3892,0.1993,1,102,1,16
00-0027688,C.McCoy,ARI,2022,15,133,-0.1939,0.6579,6.2605,0.0840,0.0376,0.2189,108,25,0.0233,-1.1324,1.3673,5.7017,1.1557,0.4906,0.0233,1,103,2,25
00-0035993,T.Huntley,BAL,2022,15,87,-0.1405,3.8242,6.3239,0.0563,0.1264,0.2346,80,7,-0.0134,-1.5937,1.3500,3.2444,1.5803,0.6931,-0.0134,1,69,1,7
00-0036355,J.Herbert,LAC,2022,15,609,-0.0079,0.9304,6.2513,0.0808,0.0312,0.2420,517,92,0.1140,-0.6930,2.1548,2.6028,0.8071,0.1802,0.1140,9,498,0,92
00-0034796,L.Jackson,BAL,2022,15,366,0.0610,-0.4545,8.3905,0.1206,0.0683,0.3220,327,39,0.1776,-0.9170,2.0640,1.2663,1.0947,0.1969,0.1776,6,302,0,39
00-0034857,J.Allen,BUF,2022,15,556,0.2339,1.7631,8.7955,0.1322,0.0773,0.2642,486,70,0.3507,-0.5766,2.0412,4.2605,0.9273,0.2551,0.3507,8,443,1,70
00-0036212,T.Tagovailoa,MIA,2022,15,373,0.2439,1.3246,9.5971,0.1478,0.0268,0.2719,341,32,0.3764,-1.1679,2.5659,1.3805,1.5443,0.2251,0.3764,4,331,1,32
00-0033077,D.Prescott,DAL,2022,15,286,0.1090,2.0149,8.2090,0.1157,0.0245,0.1978,244,42,0.2313,-0.6019,2.8233,2.9427,0.8332,0.2857,0.2313,9,237,2,42
00-0037013,Z.Wilson,NYJ,2022,15,249,-0.1033,-5.7867,8.9220,0.1284,0.0522,0.2769,216,33,0.0564,-1.1486,2.5153,1.4337,1.2051,0.2347,0.0564,6,203,0,33
00-0035228,K.Murray,ARI,2022,15,393,-0.0373,-1.1977,6.7155,0.1207,0.0560,0.2989,360,33,0.1080,-1.6230,1.5629,2.5399,1.7310,0.2851,0.1080,4,338,2,33
00-0027973,A.Dalton,NO,2022,15,302,0.0640,0.2990,8.0836,0.0873,0.0298,0.2719,269,33,0.1896,-0.9599,2.4011,3.3960,1.1495,0.3344,0.1896,6,260,0,33
00-0031280,D.Carr,LV,2022,15,498,0.0487,-1.8214,9.0564,0.1388,0.0241,0.2374,437,61,0.1755,-0.8601,2.5799,2.9515,1.0357,0.2330,0.1755,9,425,2,61
00-0034955,B.Rypien,DEN,2022,15,87,-0.2456,-2.2053,8.0385,0.1410,0.0115,0.2338,69,18,-0.0936,-0.8284,1.9232,2.4041,0.7348,0.4018,-0.0936,2,68,1,18
00-0031503,J.Winston,NO,2022,15,107,-0.2119,-0.4208,10.6559,0.1613,0.0280,0.2529,89,18,-0.0212,-1.1548,3.0342,1.9711,1.1336,0.3789,-0.0212,4,86,0,18
00-0034899,J.Wolford,LA,2022,15,59,-0.4323,-11.6872,8.5306,0.1429,0.0678,0.2095,42,17,-0.1362,-1.1639,2.2073,2.8970,1.0276,0.4722,-0.1362,1,38,1,17
00-0033662,C.Rush,DAL,2022,15,135,-0.0340,-6.9447,7.4062,0.0938,0.0148,0.1937,116,19,0.1236,-0.9965,2.1471,2.3794,1.1201,0.3791,0.1236,2,114,1,19
00-0032268,M.Mariota,ATL,2022,15,323,-0.0209,-1.5315,10.5387,0.1808,0.0774,0.2597,263,60,0.1936,-0.9609,2.4813,2.3368,1.1545,0.2200,0.1936,7,238,2,60
00-0036972,M.Jones,NE,2022,15,334,-0.0659,-1.1159,7.1468,0.1195,0.0539,0.2938,299,35,0.0971,-1.4586,2.0468,1.5198,1.5557,0.2242,0.0971,6,281,1,35
00-0036389,J.Hurts,PHI,2022,15,479,0.1905,3.3365,8.3154,0.1271,0.0793,0.3213,428,51,0.3329,-1.0043,2.5167,3.6117,1.3372,0.2769,0.3329,4,390,0,51
00-0029263,R.Wilson,DEN,2022,15,440,-0.0431,-0.4830,8.4814,0.1596,0.0477,0.2828,347,93,0.1446,-0.7436,2.0323,2.1697,0.8882,0.1708,0.1446,4,326,2,93
00-0033275,P.Walker,CAR,2022,15,101,-0.2217,-10.4243,7.6632,0.1684,0.0198,0.2113,92,9,-0.1419,-1.0367,3.2661,0.4695,0.8947,0.2961,-0.1419,3,90,0,9
00-0026158,J.Flacco,NYJ,2022,15,130,-0.2709,-5.7706,8.4874,0.1261,0.0077,0.2389,106,24,-0.0314,-1.3285,2.0217,3.5344,1.2970,0.4078,-0.0314,2,105,0,24
00-0036879,S.Ehlinger,IND,2022,15,58,-0.2574,-0.5742,7.9767,0.1860,0.1034,0.2492,41,17,0.1814,-1.3156,1.3639,1.2680,1.4971,0.3284,0.1814,0,35,0,17
00-0036442,J.Burrow,CIN,2022,15,549,0.1669,1.5620,6.8202,0.0764,0.0455,0.2871,476,73,0.3050,-0.7338,2.1310,2.9849,1.0389,0.2130,0.3050,9,451,0,73
00-0038102,K.Pickett,PIT,2022,15,300,-0.0091,2.5814,7.5725,0.1137,0.0833,0.2758,263,37,0.0910,-0.7209,1.4763,3.6779,0.8119,0.3241,0.0910,6,238,1,37
00-0031237,T.Bridgewater,MIA,2022,15,54,-0.0914,0.7871,9.4255,0.1277,0.0370,0.2033,39,15,0.0822,-0.5426,3.2641,2.3149,0.6248,0.4879,0.0822,2,37,0,15
00-0032950,C.Wentz,WAS,2022,15,215,-0.0846,-3.5381,8.0380,0.1576,0.0326,0.2673,175,40,0.1725,-1.2094,2.1632,1.3490,1.3819,0.2147,0.1725,4,168,1,40
00-0031345,J.Garoppolo,SF,2022,15,297,0.1740,-1.6601,7.1071,0.1107,0.0067,0.2387,258,39,0.3023,-0.6748,2.0881,2.6003,0.9771,0.2734,0.3023,3,256,1,39
00-0023459,A.Rodgers,GB,2022,15,446,-0.0224,0.3694,7.6098,0.1366,0.0157,0.2744,391,55,0.1183,-1.0229,2.4420,3.2008,1.1412,0.2539,0.1183,8,384,1,55
00-0031800,T.Heinicke,WAS,2022,15,268,-0.0482,0.9512,8.0420,0.1092,0.0485,0.2200,213,55,0.2692,-1.2776,1.8568,4.2212,1.5468,0.2923,0.2692,3,200,2,55
00-0037834,B.Purdy,SF,2022,15,82,0.2154,3.0280,5.4935,0.0779,0.0122,0.1931,68,14,0.2851,-0.1230,1.6202,4.7313,0.4080,0.6015,0.2851,1,67,0,14
00-0035710,D.Jones,NYG,2022,15,441,0.0420,2.2406,6.4654,0.0582,0.0975,0.2787,361,80,0.2245,-0.7819,1.7093,1.6510,1.0064,0.1593,0.2245,4,318,0,80
00-0029604,K.Cousins,MIN,2022,15,541,0.0144,1.1604,7.3707,0.0916,0.0166,0.2497,437,104,0.2131,-0.8204,2.0255,2.7220,1.0335,0.1755,0.2131,7,428,2,104
00-0034577,K.Allen,HOU,2022,15,55,-0.7590,-10.8092,6.2200,0.1000,0.0182,0.2240,48,7,-0.6102,-1.7796,3.6794,0.7762,1.1694,0.4331,-0.6102,2,47,1,7
00-0033873,P.Mahomes,KC,2022,15,591,0.3313,4.6743,7.1853,0.0832,0.0626,0.2163,518,73,0.4588,-0.5740,2.0141,2.1779,1.0328,0.1836,0.4588,7,481,1,73
00-0038108,B.Zappe,NE,2022,15,78,0.1588,8.5185,6.1667,0.0833,0.0128,0.2392,71,7,0.3525,-1.8052,2.1595,6.2990,2.1577,0.9645,0.3525,1,70,0,7
00-0036898,D.Mills,HOU,2022,15,348,-0.1369,-3.4993,7.1238,0.0794,0.0259,0.2600,291,57,-0.0148,-0.7603,2.4624,2.5157,0.7455,0.2293,-0.0148,7,282,2,57
00-0036945,J.Fields,CHI,2022,15,361,0.0036,-1.8061,9.3438,0.1641,0.1634,0.3392,290,71,0.2257,-0.9038,2.4327,3.2698,1.1295,0.2333,0.2257,7,231,2,71
00-0029701,R.Tannehill,TEN,2022,15,337,0.0483,0.0470,7.7186,0.0949,0.0326,0.2851,273,64,0.2676,-0.8875,2.4758,1.9869,1.1551,0.2003,0.2676,6,262,0,64
00-0019596,T.Brady,TB,2022,15,570,0.0550,-0.0196,7.1593,0.1062,0.0070,0.2161,515,55,0.1566,-0.8962,1.4061,2.4236,1.0528,0.2163,0.1566,3,511,2,55
00-0033869,M.Trubisky,PIT,2022,15,192,0.0378,1.6793,9.8580,0.1875,0.0208,0.2528,170,22,0.1427,-0.7726,2.0294,1.3273,0.9153,0.2688,0.1427,5,166,0,22
00-0033119,J.Brissett,CLE,2022,15,360,0.0701,3.1086,8.4361,0.1277,0.0556,0.2230,303,57,0.2299,-0.7794,1.6603,2.2876,1.0093,0.2136,0.2299,4,283,2,57
00-0034855,B.Mayfield,LA,2022,15,248,-0.2254,-10.6141,6.4698,0.0837,0.0403,0.3082,212,36,-0.1065,-0.9253,2.4553,1.4308,0.8188,0.2266,-0.1065,5,202,0,36
00-0034869,S.Darnold,CAR,2022,15,68,0.1621,6.0111,7.0862,0.1724,0.0588,0.2357,58,10,0.3614,-0.9939,1.7363,1.8896,1.3553,0.4679,0.3614,0,54,0,10
00-0036971,T.Lawrence,JAX,2022,16,531,0.1615,0.7304,7.3035,0.1040,0.0395,0.2603,476,55,0.2964,-1.0064,1.8276,2.5621,1.3028,0.2246,0.2964,5,455,1,55
00-0033119,J.Brissett,CLE,2022,16,360,0.0701,3.1086,8.4361,0.1277,0.0556,0.2230,303,57,0.2299,-0.7794,1.6603,2.2876,1.0093,0.2136,0.2299,4,283,2,57
00-0031345,J.Garoppolo,SF,2022,16,297,0.1740,-1.6601,7.1071,0.1107,0.0067,0.2387,258,39,0.3023,-0.6748,2.0881,2.6003,0.9771,0.2734,0.3023,3,256,1,39
00-0027973,A.Dalton,NO,2022,16,317,0.0452,-0.2942,8.0448,0.0931,0.0284,0.2719,284,33,0.1620,-0.9599,2.5251,3.3960,1.1219,0.3344,0.1620,7,275,0,33
00-0026498,M.Stafford,LA,2022,16,286,-0.0653,0.0893,6.9844,0.1128,0.0175,0.2690,232,54,0.1889,-1.1573,2.5634,3.1959,1.3462,0.2650,0.1889,4,227,3,54
00-0035228,K.Murray,ARI,2022,16,393,-0.0373,-1.1977,6.7155,0.1207,0.0560,0.2989,360,33,0.1080,-1.6230,1.5629,2.5399,1.7310,0.2851,0.1080,4,338,2,33
00-0034955,B.Rypien,DEN,2022,16,87,-0.2456,-2.2053,8.0385,0.1410,0.0115,0.2338,69,18,-0.0936,-0.8284,1.9232,2.4041,0.7348,0.4018,-0.0936,2,68,1,18
00-0033537,D.Watson,CLE,2022,16,124,-0.1839,-3.7329,7.4425,0.0885,0.0323,0.2328,110,14,-0.0660,-1.1104,2.1847,4.1784,1.0444,0.5642,-0.0660,2,106,1,14
00-0034796,L.Jackson,BAL,2022,16,366,0.0610,-0.4545,8.3905,0.1206,0.0683,0.3220,327,39,0.1776,-0.9170,2.0640,1.2663,1.0947,0.1969,0.1776,6,302,0,39
00-0038102,K.Pickett,PIT,2022,16,340,-0.0033,2.4768,7.2755,0.0986,0.0765,0.2646,299,41,0.0754,-0.5779,1.5604,3.6533,0.6534,0.3071,0.0754,7,273,1,41
00-0036972,M.Jones,NE,2022,16,370,-0.0642,-0.8189,7.5432,0.1296,0.0486,0.3038,329,41,0.1063,-1.4325,2.0532,1.3296,1.5388,0.1966,0.1063,6,311,1,41
00-0037013,Z.Wilson,NYJ,2022,16,270,-0.1247,-6.1539,9.0085,0.1314,0.0481,0.2907,234,36,0.0351,-1.1633,2.4085,1.3280,1.1984,0.2172,0.0351,7,221,0,36
00-0035710,D.Jones,NYG,2022,16,491,0.0332,2.2937,6.4541,0.0596,0.0957,0.2766,402,89,0.2179,-0.8015,1.7302,1.9045,1.0194,0.1603,0.2179,4,355,1,89
00-0023459,A.Rodgers,GB,2022,16,488,-0.0114,0.2079,7.6987,0.1384,0.0184,0.2794,430,58,0.1296,-1.0567,2.3792,3.0784,1.1863,0.2421,0.1296,8,421,2,58
00-0031237,T.Bridgewater,MIA,2022,16,54,-0.0914,0.7871,9.4255,0.1277,0.0370,0.2033,39,15,0.0822,-0.5426,3.2641,2.3149,0.6248,0.4879,0.0822,2,37,0,15
00-0027688,C.McCoy,ARI,2022,16,133,-0.1939,0.6579,6.2605,0.0840,0.0376,0.2189,108,25,0.0233,-1.1324,1.3673,5.7017,1.1557,0.4906,0.0233,1,103,2,25
00-0034869,S.Darnold,CAR,2022,16,87,0.2440,5.2171,6.9351,0.1558,0.0460,0.2357,77,10,0.4048,-0.9939,1.8785,1.8896,1.3986,0.4619,0.4048,0,73,0,10
00-0029604,K.Cousins,MIN,2022,16,592,0.0112,1.2686,7.3253,0.0911,0.0152,0.2510,477,115,0.1970,-0.7596,1.9574,2.7366,0.9566,0.1670,0.1970,7,468,2,115
00-0036898,D.Mills,HOU,2022,16,380,-0.1233,-2.9187,7.3499,0.0875,0.0289,0.2535,317,63,-0.0049,-0.7192,2.4226,2.4493,0.7143,0.2157,-0.0049,8,306,2,63
00-0026158,J.Flacco,NYJ,2022,16,130,-0.2709,-5.7706,8.4874,0.1261,0.0077,0.2389,106,24,-0.0314,-1.3285,2.0217,3.5344,1.2970,0.4078,-0.0314,2,105,0,24
00-0029701,R.Tannehill,TEN,2022,16,337,0.0483,0.0470,7.7186,0.0949,0.0326,0.2851,273,64,0.2676,-0.8875,2.4758,1.9869,1.1551,0.2003,0.2676,6,262,0,64
00-0034401,M.White,NYJ,2022,16,119,0.1238,-1.8199,7.0442,0.0796,0.0084,0.2000,103,16,0.1993,-0.3626,2.3695,2.0554,0.5619,0.3892,0.1993,1,102,1,16
00-0031280,D.Carr,LV,2022,16,533,0.0358,-2.5826,9.0774,0.1385,0.0263,0.2458,467,66,0.1658,-0.8842,2.6024,2.7776,1.0500,0.2183,0.1658,11,453,3,66
00-0034899,J.Wolford,LA,2022,16,59,-0.4323,-11.6872,8.5306,0.1429,0.0678,0.2095,42,17,-0.1362,-1.1639,2.2073,2.8970,1.0276,0.4722,-0.1362,1,38,1,17
00-0033869,M.Trubisky,PIT,2022,16,192,0.0378,1.6793,9.8580,0.1875,0.0208,0.2528,170,22,0.1427,-0.7726,2.0294,1.3273,0.9153,0.2688,0.1427,5,166,0,22
00-0030565,G.Smith,SEA,2022,16,527,0.0211,5.7728,7.3970,0.0880,0.0455,0.2634,438,89,0.1917,-0.8186,2.5493,2.4827,1.0102,0.1836,0.1917,8,414,1,89
00-0033873,P.Mahomes,KC,2022,16,616,0.3193,4.0553,7.1703,0.0815,0.0617,0.2173,540,76,0.4495,-0.6063,1.9961,2.1187,1.0559,0.1777,0.4495,7,502,1,76
00-0036879,S.Ehlinger,IND,2022,16,58,-0.2574,-0.5742,7.9767,0.1860,0.1034,0.2492,41,17,0.1814,-1.3156,1.3639,1.2680,1.4971,0.3284,0.1814,0,35,0,17
00-0035993,T.Huntley,BAL,2022,16,103,-0.1226,4.1814,7.0581,0.0930,0.1165,0.2346,96,7,-0.0153,-1.5937,1.5546,3.2444,1.5784,0.6926,-0.0153,1,84,1,7
00-0032950,C.Wentz,WAS,2022,16,215,-0.0846,-3.5381,8.0380,0.1576,0.0326,0.2673,175,40,0.1725,-1.2094,2.1632,1.3490,1.3819,0.2147,0.1725,4,168,1,40
00-0038128,M.Willis,TEN,2022,16,71,-0.4419,-8.5405,8.1852,0.0741,0.0986,0.2730,58,13,-0.2521,-1.2887,1.7010,2.4434,1.0366,0.4661,-0.2521,2,51,1,13
00-0036389,J.Hurts,PHI,2022,16,479,0.1905,3.3365,8.3154,0.1271,0.0793,0.3213,428,51,0.3329,-1.0043,2.5167,3.6117,1.3372,0.2769,0.3329,4,390,0,51
00-0029263,R.Wilson,DEN,2022,16,464,-0.0712,-1.2461,8.7030,0.1650,0.0474,0.2946,366,98,0.1191,-0.7818,2.1526,2.0996,0.9009,0.1652,0.1191,7,344,2,98
00-0026143,M.Ryan,IND,2022,16,467,-0.0371,1.4584,5.8589,0.0502,0.0214,0.2705,383,84,0.1564,-0.9196,2.0971,3.3729,1.0760,0.2136,0.1564,6,373,3,84
00-0034855,B.Mayfield,LA,2022,16,275,-0.1502,-8.1415,6.0954,0.0747,0.0400,0.3051,238,37,-0.0338,-0.8990,2.3346,1.4166,0.8652,0.2193,-0.0338,5,227,0,37
00-0036945,J.Fields,CHI,2022,16,385,-0.0088,-1.7316,9.1304,0.1594,0.1610,0.3391,312,73,0.1993,-0.8984,2.4289,3.1823,1.0977,0.2267,0.1993,7,250,2,73
00-0036212,T.Tagovailoa,MIA,2022,16,400,0.2298,1.4724,9.6622,0.1459,0.0250,0.2701,362,38,0.3629,-1.0382,2.8254,1.3647,1.4011,0.2091,0.3629,7,352,1,38
00-0036355,J.Herbert,LAC,2022,16,644,-0.0105,1.4235,6.3356,0.0801,0.0311,0.2497,545,99,0.1222,-0.7409,2.1669,2.6301,0.8631,0.1748,0.1222,10,525,0,99
00-0035146,T.McSorley,ARI,2022,16,58,-0.4711,-13.9971,8.1509,0.1132,0.0345,0.1840,50,8,-0.3226,-1.3992,1.6485,4.4504,1.0766,0.7676,-0.3226,2,48,0,8
00-0038108,B.Zappe,NE,2022,16,78,0.1588,8.5185,6.1667,0.0833,0.0128,0.2392,71,7,0.3525,-1.8052,2.1595,6.2990,2.1577,0.9645,0.3525,1,70,0,7
00-0036442,J.Burrow,CIN,2022,16,604,0.1652,2.7650,6.7817,0.0802,0.0430,0.2927,529,75,0.2950,-0.7503,2.2518,2.9171,1.0453,0.2077,0.2950,11,503,0,75
00-0034857,J.Allen,BUF,2022,16,585,0.2139,1.5400,8.9370,0.1378,0.0786,0.2638,512,73,0.3233,-0.5534,2.1302,4.1399,0.8767,0.2467,0.3233,10,466,1,73
00-0031503,J.Winston,NO,2022,16,107,-0.2119,-0.4208,10.6559,0.1613,0.0280,0.2529,89,18,-0.0212,-1.1548,3.0342,1.9711,1.1336,0.3789,-0.0212,4,86,0,18
00-0032268,M.Mariota,ATL,2022,16,323,-0.0209,-1.5315,10.5387,0.1808,0.0774,0.2597,263,60,0.1936,-0.9609,2.4813,2.3368,1.1545,0.2200,0.1936,7,238,2,60
00-0033077,D.Prescott,DAL,2022,16,330,0.1179,2.7325,8.0957,0.1122,0.0303,0.2305,281,49,0.2513,-0.6472,3.1454,2.6876,0.8985,0.2570,0.2513,10,271,2,49
00-0019596,T.Brady,TB,2022,16,618,0.0477,-0.5796,6.9630,0.1077,0.0065,0.2086,559,59,0.1552,-0.9706,1.3896,2.6959,1.1258,0.2195,0.1552,4,555,3,59
00-0037834,B.Purdy,SF,2022,16,104,0.2142,1.8340,6.1042,0.0833,0.0192,0.2129,87,17,0.3323,-0.3900,2.0755,4.2953,0.7223,0.5259,0.3323,2,85,0,17
00-0033662,C.Rush,DAL,2022,16,135,-0.0340,-6.9447,7.4062,0.0938,0.0148,0.1937,116,19,0.1236,-0.9965,2.1471,2.3794,1.1201,0.3791,0.1236,2,114,1,19
00-0038122,D.Ridder,ATL,2022,16,71,-0.2170,-8.3203,7.2069,0.1034,0.0986,0.2491,63,8,-0.1323,-0.8842,1.3406,0.4208,0.7519,0.2718,-0.1323,0,56,0,8
00-0033275,P.Walker,CAR,2022,16,101,-0.2217,-10.4243,7.6632,0.1684,0.0198,0.2113,92,9,-0.1419,-1.0367,3.2661,0.4695,0.8947,0.2961,-0.1419,3,90,0,9
00-0034577,K.Allen,HOU,2022,16,55,-0.7590,-10.8092,6.2200,0.1000,0.0182,0.2240,48,7,-0.6102,-1.7796,3.6794,0.7762,1.1694,0.4331,-0.6102,2,47,1,7
00-0031800,T.Heinicke,WAS,2022,16,287,-0.0212,2.2892,8.3961,0.1176,0.0453,0.2278,229,58,0.3153,-1.3499,1.9132,4.2460,1.6653,0.2856,0.3153,3,216,2,58
00-0033106,J.Goff,DET,2022,16,492,0.1690,-1.9710,7.0238,0.0972,0.0224,0.2034,430,62,0.3160,-0.8505,2.3371,3.8798,1.1665,0.2608,0.3160,5,419,2,62
00-0035146,T.McSorley,ARI,2022,17,58,-0.4711,-13.9971,8.1509,0.1132,0.0345,0.1840,50,8,-0.3226,-1.3992,1.6485,4.4504,1.0766,0.7676,-0.3226,2,48,0,8
00-0031280,D.Carr,LV,2022,17,533,0.0358,-2.5826,9.0774,0.1385,0.0263,0.2458,467,66,0.1658,-0.8842,2.6024,2.7776,1.0500,0.2183,0.1658,11,453,3,66
00-0029263,R.Wilson,DEN,2022,17,507,-0.0874,-1.1776,8.3819,0.1528,0.0454,0.2969,401,106,0.1162,-0.8575,2.0520,2.3853,0.9737,0.1662,0.1162,7,378,3,106
00-0032950,C.Wentz,WAS,2022,17,235,-0.0933,-3.5668,7.9005,0.1542,0.0340,0.2712,191,44,0.1709,-1.2399,2.1777,1.2667,1.4108,0.2005,0.1709,6,183,1,44
00-0035289,G.Minshew,PHI,2022,17,78,0.0756,-2.1770,9.5429,0.1143,0.0256,0.2491,71,7,0.1983,-1.1690,3.3992,0.2267,1.3673,0.2833,0.1983,3,69,0,7
00-0036212,T.Tagovailoa,MIA,2022,17,400,0.2298,1.4724,9.6622,0.1459,0.0250,0.2701,362,38,0.3629,-1.0382,2.8254,1.3647,1.4011,0.2091,0.3629,7,352,1,38
00-0033275,P.Walker,CAR,2022,17,101,-0.2217,-10.4243,7.6632,0.1684,0.0198,0.2113,92,9,-0.1419,-1.0367,3.2661,0.4695,0.8947,0.2961,-0.1419,3,90,0,9
00-0034955,B.Rypien,DEN,2022,17,87,-0.2456,-2.2053,8.0385,0.1410,0.0115,0.2338,69,18,-0.0936,-0.8284,1.9232,2.4041,0.7348,0.4018,-0.0936,2,68,1,18
00-0031237,T.Bridgewater,MIA,2022,17,75,-0.0587,0.9987,9.8636,0.1212,0.0400,0.2062,57,18,0.0779,-0.4912,3.3627,2.1345,0.5691,0.4214,0.0779,3,54,0,18
00-0038122,D.Ridder,ATL,2022,17,100,-0.1499,-4.6674,6.7976,0.0952,0.0900,0.2491,89,11,-0.0800,-0.7157,1.3234,0.8976,0.6357,0.3106,-0.0800,0,80,0,11
00-0019596,T.Brady,TB,2022,17,668,0.0624,0.2902,7.0235,0.1064,0.0060,0.2142,601,67,0.1760,-0.9564,1.4822,2.4951,1.1324,0.1993,0.1760,4,597,3,67
00-0033077,D.Prescott,DAL,2022,17,368,0.1453,2.8649,7.9676,0.1091,0.0326,0.2283,318,50,0.2686,-0.6386,3.0151,2.6364,0.9072,0.2494,0.2686,12,306,2,50
00-0023459,A.Rodgers,GB,2022,17,510,-0.0114,0.2236,7.8913,0.1429,0.0176,0.2785,449,61,0.1348,-1.0880,2.3673,3.1735,1.2229,0.2394,0.1348,8,440,2,61
00-0029604,K.Cousins,MIN,2022,17,624,-0.0135,0.6857,7.2968,0.0901,0.0176,0.2498,501,123,0.1773,-0.7910,2.1092,2.7975,0.9683,0.1642,0.1773,9,490,2,123
00-0036879,S.Ehlinger,IND,2022,17,68,-0.1939,-0.1753,7.9615,0.1731,0.0882,0.2529,49,19,0.1608,-1.1087,1.3767,1.9832,1.2695,0.3640,0.1608,0,43,0,19
00-0036389,J.Hurts,PHI,2022,17,479,0.1905,3.3365,8.3154,0.1271,0.0793,0.3213,428,51,0.3329,-1.0043,2.5167,3.6117,1.3372,0.2769,0.3329,4,390,0,51
00-0033873,P.Mahomes,KC,2022,17,660,0.3107,4.1034,7.1922,0.0860,0.0621,0.2127,581,79,0.4350,-0.6032,1.9771,2.1213,1.0382,0.1739,0.4350,8,540,1,79
00-0038128,M.Willis,TEN,2022,17,71,-0.4419,-8.5405,8.1852,0.0741,0.0986,0.2730,58,13,-0.2521,-1.2887,1.7010,2.4434,1.0366,0.4661,-0.2521,2,51,1,13
00-0033119,J.Brissett,CLE,2022,17,360,0.0701,3.1086,8.4361,0.1277,0.0556,0.2230,303,57,0.2299,-0.7794,1.6603,2.2876,1.0093,0.2136,0.2299,4,283,2,57
00-0038108,B.Zappe,NE,2022,17,78,0.1588,8.5185,6.1667,0.0833,0.0128,0.2392,71,7,0.3525,-1.8052,2.1595,6.2990,2.1577,0.9645,0.3525,1,70,0,7
00-0034577,K.Allen,HOU,2022,17,55,-0.7590,-10.8092,6.2200,0.1000,0.0182,0.2240,48,7,-0.6102,-1.7796,3.6794,0.7762,1.1694,0.4331,-0.6102,2,47,1,7
00-0036442,J.Burrow,CIN,2022,17,604,0.1652,2.7650,6.7817,0.0802,0.0430,0.2927,529,75,0.2950,-0.7503,2.2518,2.9171,1.0453,0.2077,0.2950,11,503,0,75
00-0031800,T.Heinicke,WAS,2022,17,287,-0.0212,2.2892,8.3961,0.1176,0.0453,0.2278,229,58,0.3153,-1.3499,1.9132,4.2460,1.6653,0.2856,0.3153,3,216,2,58
00-0034401,M.White,NYJ,2022,17,151,0.0514,-4.9429,6.8951,0.0699,0.0066,0.2119,131,20,0.1325,-0.4798,2.3325,1.7984,0.6123,0.3282,0.1325,2,130,1,20
00-0035710,D.Jones,NYG,2022,17,518,0.0485,2.8573,6.4286,0.0562,0.0965,0.2734,427,91,0.2274,-0.7909,1.7678,1.8789,1.0183,0.1574,0.2274,4,377,1,91
00-0033662,C.Rush,DAL,2022,17,135,-0.0340,-6.9447,7.4062,0.0938,0.0148,0.1937,116,19,0.1236,-0.9965,2.1471,2.3794,1.1201,0.3791,0.1236,2,114,1,19
00-0035228,K.Murray,ARI,2022,17,393,-0.0373,-1.1977,6.7155,0.1207,0.0560,0.2989,360,33,0.1080,-1.6230,1.5629,2.5399,1.7310,0.2851,0.1080,4,338,2,33
00-0036945,J.Fields,CHI,2022,17,406,-0.0388,-2.7711,9.2257,0.1597,0.1601,0.3488,325,81,0.2038,-1.0119,2.4584,3.1152,1.2156,0.2145,0.2038,8,260,2,81
00-0027688,C.McCoy,ARI,2022,17,133,-0.1939,0.6579,6.2605,0.0840,0.0376,0.2189,108,25,0.0233,-1.1324,1.3673,5.7017,1.1557,0.4906,0.0233,1,103,2,25
00-0037013,Z.Wilson,NYJ,2022,17,270,-0.1247,-6.1539,9.0085,0.1314,0.0481,0.2907,234,36,0.0351,-1.1633,2.4085,1.3280,1.1984,0.2172,0.0351,7,221,0,36
00-0036898,D.Mills,HOU,2022,17,404,-0.1553,-3.4090,7.4380,0.0909,0.0347,0.2478,334,70,-0.0183,-0.8089,2.3840,2.9439,0.7906,0.2218,-0.0183,8,320,2,70
00-0029701,R.Tannehill,TEN,2022,17,337,0.0483,0.0470,7.7186,0.0949,0.0326,0.2851,273,64,0.2676,-0.8875,2.4758,1.9869,1.1551,0.2003,0.2676,6,262,0,64
00-0031345,J.Garoppolo,SF,2022,17,297,0.1740,-1.6601,7.1071,0.1107,0.0067,0.2387,258,39,0.3023,-0.6748,2.0881,2.6003,0.9771,0.2734,0.3023,3,256,1,39
00-0030565,G.Smith,SEA,2022,17,551,0.0227,5.5887,7.4712,0.0905,0.0454,0.2702,458,93,0.1937,-0.8195,2.4975,2.4272,1.0132,0.1776,0.1937,8,433,1,93
00-0034869,S.Darnold,CAR,2022,17,120,0.2296,6.7356,7.3738,0.1682,0.0417,0.2375,104,16,0.3936,-0.8361,1.9950,4.3792,1.2297,0.5412,0.3936,1,99,0,16
00-0036971,T.Lawrence,JAX,2022,17,553,0.1578,1.1774,7.2191,0.1016,0.0380,0.2644,497,56,0.2890,-1.0059,1.8290,2.5155,1.2949,0.2205,0.2890,6,476,1,56
00-0026498,M.Stafford,LA,2022,17,286,-0.0653,0.0893,6.9844,0.1128,0.0175,0.2690,232,54,0.1889,-1.1573,2.5634,3.1959,1.3462,0.2650,0.1889,4,227,3,54
00-0036972,M.Jones,NE,2022,17,405,-0.0585,-0.9702,7.6527,0.1373,0.0444,0.3054,360,45,0.1019,-1.3414,2.0095,1.6861,1.4433,0.2075,0.1019,6,342,1,45
00-0036355,J.Herbert,LAC,2022,17,668,0.0007,1.6576,6.4272,0.0835,0.0299,0.2469,567,101,0.1340,-0.7479,2.1206,2.5830,0.8819,0.1712,0.1340,10,547,0,101
00-0034855,B.Mayfield,LA,2022,17,295,-0.1592,-7.1229,6.4319,0.0817,0.0441,0.3096,254,41,-0.0176,-1.0366,2.3194,1.7818,1.0190,0.2293,-0.0176,5,241,0,41
00-0033537,D.Watson,CLE,2022,17,149,-0.1084,-4.2693,7.2901,0.0992,0.0403,0.2704,128,21,0.0205,-0.8941,2.3877,3.6928,0.9146,0.4410,0.0205,2,122,1,21
00-0038102,K.Pickett,PIT,2022,17,369,0.0082,2.1263,7.3583,0.0997,0.0705,0.2564,319,50,0.0887,-0.5052,1.5485,3.7103,0.5938,0.2812,0.0887,7,293,1,50
00-0031503,J.Winston,NO,2022,17,107,-0.2119,-0.4208,10.6559,0.1613,0.0280,0.2529,89,18,-0.0212,-1.1548,3.0342,1.9711,1.1336,0.3789,-0.0212,4,86,0,18
00-0027973,A.Dalton,NO,2022,17,345,0.0277,0.7357,7.9038,0.0897,0.0261,0.2961,305,40,0.1723,-1.0746,2.5113,2.8976,1.2469,0.2840,0.1723,8,296,0,40
00-0034857,J.Allen,BUF,2022,17,585,0.2139,1.5400,8.9370,0.1378,0.0786,0.2638,512,73,0.3233,-0.5534,2.1302,4.1399,0.8767,0.2467,0.3233,10,466,1,73
00-0033869,M.Trubisky,PIT,2022,17,192,0.0378,1.6793,9.8580,0.1875,0.0208,0.2528,170,22,0.1427,-0.7726,2.0294,1.3273,0.9153,0.2688,0.1427,5,166,0,22
00-0026158,J.Flacco,NYJ,2022,17,130,-0.2709,-5.7706,8.4874,0.1261,0.0077,0.2389,106,24,-0.0314,-1.3285,2.0217,3.5344,1.2970,0.4078,-0.0314,2,105,0,24
00-0037327,S.Thompson,MIA,2022,17,56,-0.3222,-10.2974,6.2800,0.0600,0.0357,0.1806,38,18,0.0842,-1.1800,1.4295,3.0745,1.2642,0.4565,0.0842,1,36,1,18
00-0026143,M.Ryan,IND,2022,17,467,-0.0371,1.4584,5.8589,0.0502,0.0214,0.2705,383,84,0.1564,-0.9196,2.0971,3.3729,1.0760,0.2136,0.1564,6,373,3,84
00-0034796,L.Jackson,BAL,2022,17,366,0.0610,-0.4545,8.3905,0.1206,0.0683,0.3220,327,39,0.1776,-0.9170,2.0640,1.2663,1.0947,0.1969,0.1776,6,302,0,39
00-0034899,J.Wolford,LA,2022,17,59,-0.4323,-11.6872,8.5306,0.1429,0.0678,0.2095,42,17,-0.1362,-1.1639,2.2073,2.8970,1.0276,0.4722,-0.1362,1,38,1,17
00-0033106,J.Goff,DET,2022,17,518,0.1822,-1.5174,7.0000,0.0943,0.0212,0.2066,454,64,0.3265,-0.8412,2.2865,3.8246,1.1677,0.2546,0.3265,5,443,2,64
00-0032268,M.Mariota,ATL,2022,17,323,-0.0209,-1.5315,10.5387,0.1808,0.0774,0.2597,263,60,0.1936,-0.9609,2.4813,2.3368,1.1545,0.2200,0.1936,7,238,2,60
00-0037834,B.Purdy,SF,2022,17,139,0.2167,0.3158,6.5344,0.0992,0.0144,0.2000,118,21,0.3307,-0.4237,2.0466,3.4573,0.7545,0.4266,0.3307,3,116,0,21
00-0035993,T.Huntley,BAL,2022,17,127,-0.0707,4.2328,7.1887,0.0943,0.1181,0.2357,117,10,0.0360,-1.3197,1.5473,2.8532,1.3557,0.5464,0.0360,2,102,1,10
00-0026498,M.Stafford,LA,2022,18,286,-0.0653,0.0893,6.9844,0.1128,0.0175,0.2690,232,54,0.1889,-1.1573,2.5634,3.1959,1.3462,0.2650,0.1889,4,227,3,54
00-0033275,P.Walker,CAR,2022,18,101,-0.2217,-10.4243,7.6632,0.1684,0.0198,0.2113,92,9,-0.1419,-1.0367,3.2661,0.4695,0.8947,0.2961,-0.1419,3,90,0,9
00-0037834,B.Purdy,SF,2022,18,165,0.2203,0.8590,6.3775,0.0927,0.0242,0.2263,138,27,0.3797,-0.5946,1.9124,3.0691,0.9743,0.3571,0.3797,3,134,0,27
00-0036212,T.Tagovailoa,MIA,2022,18,400,0.2298,1.4724,9.6622,0.1459,0.0250,0.2701,362,38,0.3629,-1.0382,2.8254,1.3647,1.4011,0.2091,0.3629,7,352,1,38
00-0026158,J.Flacco,NYJ,2022,18,163,-0.2157,-5.9588,8.4868,0.1250,0.0061,0.2098,129,34,-0.0258,-0.9359,1.8865,3.5135,0.9101,0.3435,-0.0258,2,128,0,34
00-0032950,C.Wentz,WAS,2022,18,235,-0.0933,-3.5668,7.9005,0.1542,0.0340,0.2712,191,44,0.1709,-1.2399,2.1777,1.2667,1.4108,0.2005,0.1709,6,183,1,44
00-0034899,J.Wolford,LA,2022,18,59,-0.4323,-11.6872,8.5306,0.1429,0.0678,0.2095,42,17,-0.1362,-1.1639,2.2073,2.8970,1.0276,0.4722,-0.1362,1,38,1,17
00-0030565,G.Smith,SEA,2022,18,588,0.0165,5.3084,7.5659,0.0930,0.0493,0.2749,489,99,0.1925,-0.8530,2.5254,2.3812,1.0455,0.1709,0.1925,9,460,2,99
00-0036971,T.Lawrence,JAX,2022,18,586,0.1564,1.3231,7.2640,0.1030,0.0358,0.2618,526,60,0.2883,-1.0002,1.8178,2.3947,1.2885,0.2082,0.2883,6,505,1,60
00-0035228,K.Murray,ARI,2022,18,393,-0.0373,-1.1977,6.7155,0.1207,0.0560,0.2989,360,33,0.1080,-1.6230,1.5629,2.5399,1.7310,0.2851,0.1080,4,338,2,33
00-0036945,J.Fields,CHI,2022,18,406,-0.0388,-2.7711,9.2257,0.1597,0.1601,0.3488,325,81,0.2038,-1.0119,2.4584,3.1152,1.2156,0.2145,0.2038,8,260,2,81
00-0034869,S.Darnold,CAR,2022,18,140,0.1167,3.7900,7.8525,0.1803,0.0571,0.2529,122,18,0.2537,-0.8123,2.1574,3.8689,1.0660,0.4823,0.2537,3,114,0,18
00-0034796,L.Jackson,BAL,2022,18,366,0.0610,-0.4545,8.3905,0.1206,0.0683,0.3220,327,39,0.1776,-0.9170,2.0640,1.2663,1.0947,0.1969,0.1776,6,302,0,39
00-0027973,A.Dalton,NO,2022,18,371,0.0038,-0.0784,8.0148,0.0950,0.0243,0.2943,328,43,0.1450,-1.0732,2.4681,2.7460,1.2182,0.2672,0.1450,8,319,0,43
00-0035710,D.Jones,NYG,2022,18,518,0.0485,2.8573,6.4286,0.0562,0.0965,0.2734,427,91,0.2274,-0.7909,1.7678,1.8789,1.0183,0.1574,0.2274,4,377,1,91
00-0035264,J.Stidham,LV,2022,18,68,0.0500,5.7794,9.9245,0.2075,0.1618,0.1867,52,16,0.2789,-0.6938,2.5007,7.0032,0.9727,0.6970,0.2789,2,41,1,16
00-0038122,D.Ridder,ATL,2022,18,129,-0.0500,-0.6796,7.6330,0.1101,0.0853,0.2571,113,16,0.0649,-0.8611,1.6079,2.7316,0.9260,0.4301,0.0649,0,102,0,16
00-0031503,J.Winston,NO,2022,18,107,-0.2119,-0.4208,10.6559,0.1613,0.0280,0.2529,89,18,-0.0212,-1.1548,3.0342,1.9711,1.1336,0.3789,-0.0212,4,86,0,18
00-0038102,K.Pickett,PIT,2022,18,400,0.0295,0.8567,7.6686,0.1114,0.0675,0.2584,348,52,0.1097,-0.5073,1.6375,3.5884,0.6170,0.2715,0.1097,7,321,1,52
00-0032268,M.Mariota,ATL,2022,18,323,-0.0209,-1.5315,10.5387,0.1808,0.0774,0.2597,263,60,0.1936,-0.9609,2.4813,2.3368,1.1545,0.2200,0.1936,7,238,2,60
00-0035040,D.Blough,ARI,2022,18,65,-0.0841,0.6324,8.2931,0.1207,0.0308,0.2103,52,13,-0.1503,0.1811,1.5676,8.3747,-0.3314,0.8212,-0.1503,2,50,0,13
00-0033869,M.Trubisky,PIT,2022,18,192,0.0378,1.6793,9.8580,0.1875,0.0208,0.2528,170,22,0.1427,-0.7726,2.0294,1.3273,0.9153,0.2688,0.1427,5,166,0,22
00-0038108,B.Zappe,NE,2022,18,78,0.1588,8.5185,6.1667,0.0833,0.0128,0.2392,71,7,0.3525,-1.8052,2.1595,6.2990,2.1577,0.9645,0.3525,1,70,0,7
00-0035993,T.Huntley,BAL,2022,18,127,-0.0707,4.2328,7.1887,0.0943,0.1181,0.2357,117,10,0.0360,-1.3197,1.5473,2.8532,1.3557,0.5464,0.0360,2,102,1,10
00-0036879,S.Ehlinger,IND,2022,18,109,-0.1993,-0.0142,7.6782,0.1494,0.0917,0.2595,86,23,0.1184,-1.3873,1.8767,4.9520,1.5057,0.4870,0.1184,1,76,1,23
00-0034855,B.Mayfield,LA,2022,18,327,-0.1767,-7.4046,6.7279,0.0848,0.0428,0.3153,277,50,-0.0112,-1.0937,2.2383,1.5352,1.0825,0.1969,-0.0112,6,263,0,50
00-0034955,B.Rypien,DEN,2022,18,87,-0.2456,-2.2053,8.0385,0.1410,0.0115,0.2338,69,18,-0.0936,-0.8284,1.9232,2.4041,0.7348,0.4018,-0.0936,2,68,1,18
00-0036898,D.Mills,HOU,2022,18,445,-0.1253,-3.2669,7.5611,0.0973,0.0337,0.2426,369,76,0.0060,-0.7624,2.5069,3.2057,0.7684,0.2213,0.0060,9,354,3,76
00-0023459,A.Rodgers,GB,2022,18,541,-0.0229,0.4019,7.9496,0.1492,0.0203,0.2748,473,68,0.1298,-1.0856,2.3555,3.0600,1.2154,0.2236,0.1298,8,462,3,68
00-0037327,S.Thompson,MIA,2022,18,89,-0.2873,-3.9241,6.4444,0.0741,0.0337,0.1694,62,27,0.0303,-1.0165,1.2946,2.5454,1.0468,0.3393,0.0303,1,59,1,27
00-0036442,J.Burrow,CIN,2022,18,646,0.1477,2.2534,6.8887,0.0835,0.0418,0.2924,566,80,0.2763,-0.7624,2.1916,3.1933,1.0387,0.2093,0.2763,11,539,0,80
00-0026143,M.Ryan,IND,2022,18,467,-0.0371,1.4584,5.8589,0.0502,0.0214,0.2705,383,84,0.1564,-0.9196,2.0971,3.3729,1.0760,0.2136,0.1564,6,373,3,84
00-0029701,R.Tannehill,TEN,2022,18,337,0.0483,0.0470,7.7186,0.0949,0.0326,0.2851,273,64,0.2676,-0.8875,2.4758,1.9869,1.1551,0.2003,0.2676,6,262,0,64
00-0036389,J.Hurts,PHI,2022,18,519,0.1705,2.9338,8.2195,0.1244,0.0809,0.3297,465,54,0.3071,-1.0057,2.4862,3.4307,1.3129,0.2624,0.3071,5,423,0,54
00-0033662,C.Rush,DAL,2022,18,135,-0.0340,-6.9447,7.4062,0.0938,0.0148,0.1937,116,19,0.1236,-0.9965,2.1471,2.3794,1.1201,0.3791,0.1236,2,114,1,19
00-0031237,T.Bridgewater,MIA,2022,18,75,-0.0587,0.9987,9.8636,0.1212,0.0400,0.2062,57,18,0.0779,-0.4912,3.3627,2.1345,0.5691,0.4214,0.0779,3,54,0,18
00-0034857,J.Allen,BUF,2022,18,618,0.2198,1.5728,9.0728,0.1381,0.0793,0.2685,542,76,0.3392,-0.6313,2.1369,4.1457,0.9705,0.2419,0.3392,10,493,2,76
00-0034577,K.Allen,HOU,2022,18,55,-0.7590,-10.8092,6.2200,0.1000,0.0182,0.2240,48,7,-0.6102,-1.7796,3.6794,0.7762,1.1694,0.4331,-0.6102,2,47,1,7
00-0031345,J.Garoppolo,SF,2022,18,297,0.1740,-1.6601,7.1071,0.1107,0.0067,0.2387,258,39,0.3023,-0.6748,2.0881,2.6003,0.9771,0.2734,0.3023,3,256,1,39
00-0035289,G.Minshew,PHI,2022,18,78,0.0756,-2.1770,9.5429,0.1143,0.0256,0.2491,71,7,0.1983,-1.1690,3.3992,0.2267,1.3673,0.2833,0.1983,3,69,0,7
00-0036355,J.Herbert,LAC,2022,18,706,0.0152,1.4437,6.4228,0.0818,0.0283,0.2483,603,103,0.1416,-0.7244,2.1054,2.6015,0.8659,0.1696,0.1416,10,583,0,103
00-0031800,T.Heinicke,WAS,2022,18,287,-0.0212,2.2892,8.3961,0.1176,0.0453,0.2278,229,58,0.3153,-1.3499,1.9132,4.2460,1.6653,0.2856,0.3153,3,216,2,58
00-0027688,C.McCoy,ARI,2022,18,133,-0.1939,0.6579,6.2605,0.0840,0.0376,0.2189,108,25,0.0233,-1.1324,1.3673,5.7017,1.1557,0.4906,0.0233,1,103,2,25
00-0035146,T.McSorley,ARI,2022,18,60,-0.4391,-14.3614,8.6296,0.1296,0.0500,0.1840,52,8,-0.2914,-1.3992,1.6744,4.4504,1.1078,0.7671,-0.2914,2,49,0,8
00-0034401,M.White,NYJ,2022,18,151,0.0514,-4.9429,6.8951,0.0699,0.0066,0.2119,131,20,0.1325,-0.4798,2.3325,1.7984,0.6123,0.3282,0.1325,2,130,1,20
00-0031280,D.Carr,LV,2022,18,533,0.0358,-2.5826,9.0774,0.1385,0.0263,0.2458,467,66,0.1658,-0.8842,2.6024,2.7776,1.0500,0.2183,0.1658,11,453,3,66
00-0033873,P.Mahomes,KC,2022,18,685,0.3087,4.1480,7.2427,0.0879,0.0642,0.2137,603,82,0.4361,-0.6277,1.9818,2.0774,1.0638,0.1692,0.4361,8,559,1,82
00-0033537,D.Watson,CLE,2022,18,178,-0.1036,-3.5620,7.3355,0.1053,0.0562,0.2937,153,25,0.0460,-1.0194,2.4086,3.1788,1.0655,0.3780,0.0460,4,143,1,25
00-0033119,J.Brissett,CLE,2022,18,360,0.0701,3.1086,8.4361,0.1277,0.0556,0.2230,303,57,0.2299,-0.7794,1.6603,2.2876,1.0093,0.2136,0.2299,4,283,2,57
00-0019596,T.Brady,TB,2022,18,685,0.0588,0.4633,6.9482,0.1052,0.0058,0.2092,615,70,0.1697,-0.9154,1.5019,2.4498,1.0851,0.1935,0.1697,4,611,3,70
00-0038128,M.Willis,TEN,2022,18,71,-0.4419,-8.5405,8.1852,0.0741,0.0986,0.2730,58,13,-0.2521,-1.2887,1.7010,2.4434,1.0366,0.4661,-0.2521,2,51,1,13
00-0033106,J.Goff,DET,2022,18,553,0.1799,-1.4820,6.9040,0.0921,0.0217,0.2079,486,67,0.3245,-0.8689,2.2056,3.6689,1.1935,0.2435,0.3245,5,474,2,67
00-0033949,J.Dobbs,TEN,2022,18,67,-0.0044,1.3761,7.1034,0.1207,0.0448,0.2062,48,19,0.3946,-1.0126,1.9922,4.7679,1.4072,0.5408,0.3946,1,45,0,19
00-0033077,D.Prescott,DAL,2022,18,400,0.0986,0.5700,8.3043,0.1114,0.0350,0.2312,348,52,0.2140,-0.6742,3.0207,2.5788,0.8883,0.2414,0.2140,13,334,2,52
00-0037013,Z.Wilson,NYJ,2022,18,270,-0.1247,-6.1539,9.0085,0.1314,0.0481,0.2907,234,36,0.0351,-1.1633,2.4085,1.3280,1.1984,0.2172,0.0351,7,221,0,36
00-0036972,M.Jones,NE,2022,18,442,-0.0454,-0.3242,7.5243,0.1330,0.0430,0.3034,394,48,0.1129,-1.3449,2.0638,1.5942,1.4579,0.1961,0.1129,8,375,1,48
00-0029263,R.Wilson,DEN,2022,18,536,-0.0773,-1.0625,8.6338,0.1601,0.0485,0.2980,426,110,0.1320,-0.8881,2.1720,2.3319,1.0202,0.1622,0.1320,8,400,3,110
00-0029604,K.Cousins,MIN,2022,18,644,0.0127,1.4548,7.3311,0.0939,0.0171,0.2498,521,123,0.2024,-0.7910,2.1283,2.7975,0.9934,0.1638,0.2024,9,510,2,123
00-0034855,B.Mayfield,CAR,2022,19,327,-0.1767,-7.4046,6.7279,0.0848,0.0428,0.3153,277,50,-0.0112,-1.0937,2.2383,1.5352,1.0825,0.1969,-0.0112,6,263,0,50
00-0027973,A.Dalton,NO,2022,19,371,0.0038,-0.0784,8.0148,0.0950,0.0243,0.2943,328,43,0.1450,-1.0732,2.4681,2.7460,1.2182,0.2672,0.1450,8,319,0,43
00-0036442,J.Burrow,CIN,2022,19,686,0.1436,2.2330,6.8468,0.0807,0.0437,0.2970,599,87,0.2726,-0.7450,2.1385,3.1104,1.0177,0.1983,0.2726,11,569,0,87
00-0031280,D.Carr,LV,2022,19,533,0.0358,-2.5826,9.0774,0.1385,0.0263,0.2458,467,66,0.1658,-0.8842,2.6024,2.7776,1.0500,0.2183,0.1658,11,453,3,66
00-0033869,M.Trubisky,PIT,2022,19,192,0.0378,1.6793,9.8580,0.1875,0.0208,0.2528,170,22,0.1427,-0.7726,2.0294,1.3273,0.9153,0.2688,0.1427,5,166,0,22
00-0038102,K.Pickett,PIT,2022,19,400,0.0295,0.8567,7.6686,0.1114,0.0675,0.2584,348,52,0.1097,-0.5073,1.6375,3.5884,0.6170,0.2715,0.1097,7,321,1,52
00-0030565,G.Smith,SEA,2022,19,610,0.0302,5.7174,7.5955,0.0936,0.0508,0.2813,509,101,0.2173,-0.9125,2.5227,2.5323,1.1298,0.1733,0.2173,9,478,2,101
00-0026498,M.Stafford,LA,2022,19,286,-0.0653,0.0893,6.9844,0.1128,0.0175,0.2690,232,54,0.1889,-1.1573,2.5634,3.1959,1.3462,0.2650,0.1889,4,227,3,54
00-0034869,S.Darnold,CAR,2022,19,140,0.1167,3.7900,7.8525,0.1803,0.0571,0.2529,122,18,0.2537,-0.8123,2.1574,3.8689,1.0660,0.4823,0.2537,3,114,0,18
00-0034955,B.Rypien,DEN,2022,19,87,-0.2456,-2.2053,8.0385,0.1410,0.0115,0.2338,69,18,-0.0936,-0.8284,1.9232,2.4041,0.7348,0.4018,-0.0936,2,68,1,18
00-0036972,M.Jones,NE,2022,19,442,-0.0454,-0.3242,7.5243,0.1330,0.0430,0.3034,394,48,0.1129,-1.3449,2.0638,1.5942,1.4579,0.1961,0.1129,8,375,1,48
00-0029701,R.Tannehill,TEN,2022,19,337,0.0483,0.0470,7.7186,0.0949,0.0326,0.2851,273,64,0.2676,-0.8875,2.4758,1.9869,1.1551,0.2003,0.2676,6,262,0,64
00-0023459,A.Rodgers,GB,2022,19,541,-0.0229,0.4019,7.9496,0.1492,0.0203,0.2748,473,68,0.1298,-1.0856,2.3555,3.0600,1.2154,0.2236,0.1298,8,462,3,68
00-0037327,S.Thompson,MIA,2022,19,141,-0.2547,-8.5816,8.0873,0.1111,0.0355,0.1862,103,38,-0.0277,-0.8698,1.6830,2.1936,0.8421,0.2721,-0.0277,3,98,1,38
00-0038128,M.Willis,TEN,2022,19,71,-0.4419,-8.5405,8.1852,0.0741,0.0986,0.2730,58,13,-0.2521,-1.2887,1.7010,2.4434,1.0366,0.4661,-0.2521,2,51,1,13
00-0036212,T.Tagovailoa,MIA,2022,19,400,0.2298,1.4724,9.6622,0.1459,0.0250,0.2701,362,38,0.3629,-1.0382,2.8254,1.3647,1.4011,0.2091,0.3629,7,352,1,38
00-0034401,M.White,NYJ,2022,19,151,0.0514,-4.9429,6.8951,0.0699,0.0066,0.2119,131,20,0.1325,-0.4798,2.3325,1.7984,0.6123,0.3282,0.1325,2,130,1,20
00-0033106,J.Goff,DET,2022,19,553,0.1799,-1.4820,6.9040,0.0921,0.0217,0.2079,486,67,0.3245,-0.8689,2.2056,3.6689,1.1935,0.2435,0.3245,5,474,2,67
00-0033077,D.Prescott,DAL,2022,19,431,0.1378,1.4812,8.2228,0.1114,0.0394,0.2298,375,56,0.2533,-0.6359,2.9233,2.6107,0.8892,0.2333,0.2533,13,358,2,56
00-0026143,M.Ryan,IND,2022,19,467,-0.0371,1.4584,5.8589,0.0502,0.0214,0.2705,383,84,0.1564,-0.9196,2.0971,3.3729,1.0760,0.2136,0.1564,6,373,3,84
00-0031237,T.Bridgewater,MIA,2022,19,75,-0.0587,0.9987,9.8636,0.1212,0.0400,0.2062,57,18,0.0779,-0.4912,3.3627,2.1345,0.5691,0.4214,0.0779,3,54,0,18
00-0026158,J.Flacco,NYJ,2022,19,163,-0.2157,-5.9588,8.4868,0.1250,0.0061,0.2098,129,34,-0.0258,-0.9359,1.8865,3.5135,0.9101,0.3435,-0.0258,2,128,0,34
00-0033275,P.Walker,CAR,2022,19,101,-0.2217,-10.4243,7.6632,0.1684,0.0198,0.2113,92,9,-0.1419,-1.0367,3.2661,0.4695,0.8947,0.2961,-0.1419,3,90,0,9
00-0036355,J.Herbert,LAC,2022,19,753,0.0271,0.8598,6.3690,0.0825,0.0279,0.2484,641,112,0.1508,-0.6808,2.0766,2.6377,0.8315,0.1637,0.1508,10,620,0,112
00-0029604,K.Cousins,MIN,2022,19,683,0.0299,2.2333,7.3024,0.0928,0.0161,0.2370,549,134,0.2084,-0.7014,2.0891,2.7798,0.9098,0.1567,0.2084,9,538,2,134
00-0035289,G.Minshew,PHI,2022,19,78,0.0756,-2.1770,9.5429,0.1143,0.0256,0.2491,71,7,0.1983,-1.1690,3.3992,0.2267,1.3673,0.2833,0.1983,3,69,0,7
00-0032268,M.Mariota,ATL,2022,19,323,-0.0209,-1.5315,10.5387,0.1808,0.0774,0.2597,263,60,0.1936,-0.9609,2.4813,2.3368,1.1545,0.2200,0.1936,7,238,2,60
00-0037013,Z.Wilson,NYJ,2022,19,270,-0.1247,-6.1539,9.0085,0.1314,0.0481,0.2907,234,36,0.0351,-1.1633,2.4085,1.3280,1.1984,0.2172,0.0351,7,221,0,36
00-0033119,J.Brissett,CLE,2022,19,360,0.0701,3.1086,8.4361,0.1277,0.0556,0.2230,303,57,0.2299,-0.7794,1.6603,2.2876,1.0093,0.2136,0.2299,4,283,2,57
00-0034796,L.Jackson,BAL,2022,19,366,0.0610,-0.4545,8.3905,0.1206,0.0683,0.3220,327,39,0.1776,-0.9170,2.0640,1.2663,1.0947,0.1969,0.1776,6,302,0,39
00-0035040,D.Blough,ARI,2022,19,65,-0.0841,0.6324,8.2931,0.1207,0.0308,0.2103,52,13,-0.1503,0.1811,1.5676,8.3747,-0.3314,0.8212,-0.1503,2,50,0,13
00-0037834,B.Purdy,SF,2022,19,194,0.2777,1.2475,7.4407,0.1412,0.0258,0.2304,165,29,0.4363,-0.6248,1.8531,2.8802,1.0610,0.3325,0.4363,3,160,0,29
00-0029263,R.Wilson,DEN,2022,19,536,-0.0773,-1.0625,8.6338,0.1601,0.0485,0.2980,426,110,0.1320,-0.8881,2.1720,2.3319,1.0202,0.1622,0.1320,8,400,3,110
00-0033949,J.Dobbs,TEN,2022,19,67,-0.0044,1.3761,7.1034,0.1207,0.0448,0.2062,48,19,0.3946,-1.0126,1.9922,4.7679,1.4072,0.5408,0.3946,1,45,0,19
00-0036879,S.Ehlinger,IND,2022,19,109,-0.1993,-0.0142,7.6782,0.1494,0.0917,0.2595,86,23,0.1184,-1.3873,1.8767,4.9520,1.5057,0.4870,0.1184,1,76,1,23
00-0035993,T.Huntley,BAL,2022,19,160,-0.0415,2.3995,7.0593,0.0963,0.1062,0.2413,145,15,0.0677,-1.0972,1.7725,2.6067,1.1649,0.4313,0.0677,3,128,1,15
00-0031503,J.Winston,NO,2022,19,107,-0.2119,-0.4208,10.6559,0.1613,0.0280,0.2529,89,18,-0.0212,-1.1548,3.0342,1.9711,1.1336,0.3789,-0.0212,4,86,0,18
00-0027688,C.McCoy,ARI,2022,19,133,-0.1939,0.6579,6.2605,0.0840,0.0376,0.2189,108,25,0.0233,-1.1324,1.3673,5.7017,1.1557,0.4906,0.0233,1,103,2,25
00-0031800,T.Heinicke,WAS,2022,19,287,-0.0212,2.2892,8.3961,0.1176,0.0453,0.2278,229,58,0.3153,-1.3499,1.9132,4.2460,1.6653,0.2856,0.3153,3,216,2,58
00-0033537,D.Watson,CLE,2022,19,178,-0.1036,-3.5620,7.3355,0.1053,0.0562,0.2937,153,25,0.0460,-1.0194,2.4086,3.1788,1.0655,0.3780,0.0460,4,143,1,25
00-0035710,D.Jones,NYG,2022,19,562,0.0793,2.5429,6.3810,0.0541,0.0996,0.2795,467,95,0.2603,-0.8104,1.7235,1.8185,1.0706,0.1511,0.2603,4,411,1,95
00-0031345,J.Garoppolo,SF,2022,19,297,0.1740,-1.6601,7.1071,0.1107,0.0067,0.2387,258,39,0.3023,-0.6748,2.0881,2.6003,0.9771,0.2734,0.3023,3,256,1,39
00-0035264,J.Stidham,LV,2022,19,68,0.0500,5.7794,9.9245,0.2075,0.1618,0.1867,52,16,0.2789,-0.6938,2.5007,7.0032,0.9727,0.6970,0.2789,2,41,1,16
00-0036898,D.Mills,HOU,2022,19,445,-0.1253,-3.2669,7.5611,0.0973,0.0337,0.2426,369,76,0.0060,-0.7624,2.5069,3.2057,0.7684,0.2213,0.0060,9,354,3,76
00-0035146,T.McSorley,ARI,2022,19,60,-0.4391,-14.3614,8.6296,0.1296,0.0500,0.1840,52,8,-0.2914,-1.3992,1.6744,4.4504,1.1078,0.7671,-0.2914,2,49,0,8
00-0034577,K.Allen,HOU,2022,19,55,-0.7590,-10.8092,6.2200,0.1000,0.0182,0.2240,48,7,-0.6102,-1.7796,3.6794,0.7762,1.1694,0.4331,-0.6102,2,47,1,7
00-0033873,P.Mahomes,KC,2022,19,685,0.3087,4.1480,7.2427,0.0879,0.0642,0.2137,603,82,0.4361,-0.6277,1.9818,2.0774,1.0638,0.1692,0.4361,8,559,1,82
00-0038122,D.Ridder,ATL,2022,19,129,-0.0500,-0.6796,7.6330,0.1101,0.0853,0.2571,113,16,0.0649,-0.8611,1.6079,2.7316,0.9260,0.4301,0.0649,0,102,0,16
00-0036945,J.Fields,CHI,2022,19,406,-0.0388,-2.7711,9.2257,0.1597,0.1601,0.3488,325,81,0.2038,-1.0119,2.4584,3.1152,1.2156,0.2145,0.2038,8,260,2,81
00-0036971,T.Lawrence,JAX,2022,19,636,0.1350,0.6582,7.2840,0.0981,0.0346,0.2651,572,64,0.2624,-1.0035,1.9178,2.2649,1.2659,0.1968,0.2624,10,550,1,64
00-0032950,C.Wentz,WAS,2022,19,235,-0.0933,-3.5668,7.9005,0.1542,0.0340,0.2712,191,44,0.1709,-1.2399,2.1777,1.2667,1.4108,0.2005,0.1709,6,183,1,44
00-0034857,J.Allen,BUF,2022,19,666,0.1868,1.8334,9.5148,0.1496,0.0766,0.2834,578,88,0.3299,-0.7532,2.2270,4.3642,1.0831,0.2312,0.3299,12,527,2,88
00-0033662,C.Rush,DAL,2022,19,135,-0.0340,-6.9447,7.4062,0.0938,0.0148,0.1937,116,19,0.1236,-0.9965,2.1471,2.3794,1.1201,0.3791,0.1236,2,114,1,19
00-0034899,J.Wolford,LA,2022,19,59,-0.4323,-11.6872,8.5306,0.1429,0.0678,0.2095,42,17,-0.1362,-1.1639,2.2073,2.8970,1.0276,0.4722,-0.1362,1,38,1,17
00-0038108,B.Zappe,NE,2022,19,78,0.1588,8.5185,6.1667,0.0833,0.0128,0.2392,71,7,0.3525,-1.8052,2.1595,6.2990,2.1577,0.9645,0.3525,1,70,0,7
00-0036389,J.Hurts,PHI,2022,19,519,0.1705,2.9338,8.2195,0.1244,0.0809,0.3297,465,54,0.3071,-1.0057,2.4862,3.4307,1.3129,0.2624,0.3071,5,423,0,54
00-0019596,T.Brady,TB,2022,19,728,0.0500,-0.5359,6.7923,0.1032,0.0055,0.2076,657,71,0.1548,-0.9197,1.5328,2.4161,1.0744,0.1907,0.1548,5,653,3,71
00-0035228,K.Murray,ARI,2022,19,393,-0.0373,-1.1977,6.7155,0.1207,0.0560,0.2989,360,33,0.1080,-1.6230,1.5629,2.5399,1.7310,0.2851,0.1080,4,338,2,33
00-0031280,D.Carr,LV,2022,20,533,0.0358,-2.5826,9.0774,0.1385,0.0263,0.2458,467,66,0.1658,-0.8842,2.6024,2.7776,1.0500,0.2183,0.1658,11,453,3,66
00-0037327,S.Thompson,MIA,2022,20,141,-0.2547,-8.5816,8.0873,0.1111,0.0355,0.1862,103,38,-0.0277,-0.8698,1.6830,2.1936,0.8421,0.2721,-0.0277,3,98,1,38
00-0035710,D.Jones,NYG,2022,20,583,0.0594,2.3937,6.4163,0.0544,0.1012,0.2798,483,100,0.2447,-0.8355,1.7516,1.8487,1.0802,0.1487,0.2447,5,424,1,100
00-0033275,P.Walker,CAR,2022,20,101,-0.2217,-10.4243,7.6632,0.1684,0.0198,0.2113,92,9,-0.1419,-1.0367,3.2661,0.4695,0.8947,0.2961,-0.1419,3,90,0,9
00-0019596,T.Brady,TB,2022,20,728,0.0500,-0.5359,6.7923,0.1032,0.0055,0.2076,657,71,0.1548,-0.9197,1.5328,2.4161,1.0744,0.1907,0.1548,5,653,3,71
00-0029701,R.Tannehill,TEN,2022,20,337,0.0483,0.0470,7.7186,0.0949,0.0326,0.2851,273,64,0.2676,-0.8875,2.4758,1.9869,1.1551,0.2003,0.2676,6,262,0,64
00-0036442,J.Burrow,CIN,2022,20,721,0.1562,2.5868,6.8873,0.0829,0.0444,0.2960,631,90,0.2860,-0.7533,2.0882,3.0166,1.0392,0.1919,0.2860,11,599,0,90
00-0034857,J.Allen,BUF,2022,20,696,0.1794,1.7594,9.5541,0.1531,0.0776,0.2810,604,92,0.3151,-0.7115,2.1717,4.3371,1.0266,0.2253,0.3151,12,550,2,92
00-0026158,J.Flacco,NYJ,2022,20,163,-0.2157,-5.9588,8.4868,0.1250,0.0061,0.2098,129,34,-0.0258,-0.9359,1.8865,3.5135,0.9101,0.3435,-0.0258,2,128,0,34
00-0030565,G.Smith,SEA,2022,20,610,0.0302,5.7174,7.5955,0.0936,0.0508,0.2813,509,101,0.2173,-0.9125,2.5227,2.5323,1.1298,0.1733,0.2173,9,478,2,101
00-0033949,J.Dobbs,TEN,2022,20,67,-0.0044,1.3761,7.1034,0.1207,0.0448,0.2062,48,19,0.3946,-1.0126,1.9922,4.7679,1.4072,0.5408,0.3946,1,45,0,19
00-0033662,C.Rush,DAL,2022,20,135,-0.0340,-6.9447,7.4062,0.0938,0.0148,0.1937,116,19,0.1236,-0.9965,2.1471,2.3794,1.1201,0.3791,0.1236,2,114,1,19
00-0036945,J.Fields,CHI,2022,20,406,-0.0388,-2.7711,9.2257,0.1597,0.1601,0.3488,325,81,0.2038,-1.0119,2.4584,3.1152,1.2156,0.2145,0.2038,8,260,2,81
00-0031237,T.Bridgewater,MIA,2022,20,75,-0.0587,0.9987,9.8636,0.1212,0.0400,0.2062,57,18,0.0779,-0.4912,3.3627,2.1345,0.5691,0.4214,0.0779,3,54,0,18
00-0035228,K.Murray,ARI,2022,20,393,-0.0373,-1.1977,6.7155,0.1207,0.0560,0.2989,360,33,0.1080,-1.6230,1.5629,2.5399,1.7310,0.2851,0.1080,4,338,2,33
00-0035264,J.Stidham,LV,2022,20,68,0.0500,5.7794,9.9245,0.2075,0.1618,0.1867,52,16,0.2789,-0.6938,2.5007,7.0032,0.9727,0.6970,0.2789,2,41,1,16
00-0036355,J.Herbert,LAC,2022,20,753,0.0271,0.8598,6.3690,0.0825,0.0279,0.2484,641,112,0.1508,-0.6808,2.0766,2.6377,0.8315,0.1637,0.1508,10,620,0,112
00-0036972,M.Jones,NE,2022,20,442,-0.0454,-0.3242,7.5243,0.1330,0.0430,0.3034,394,48,0.1129,-1.3449,2.0638,1.5942,1.4579,0.1961,0.1129,8,375,1,48
00-0035993,T.Huntley,BAL,2022,20,160,-0.0415,2.3995,7.0593,0.0963,0.1062,0.2413,145,15,0.0677,-1.0972,1.7725,2.6067,1.1649,0.4313,0.0677,3,128,1,15
00-0036879,S.Ehlinger,IND,2022,20,109,-0.1993,-0.0142,7.6782,0.1494,0.0917,0.2595,86,23,0.1184,-1.3873,1.8767,4.9520,1.5057,0.4870,0.1184,1,76,1,23
00-0034955,B.Rypien,DEN,2022,20,87,-0.2456,-2.2053,8.0385,0.1410,0.0115,0.2338,69,18,-0.0936,-0.8284,1.9232,2.4041,0.7348,0.4018,-0.0936,2,68,1,18
00-0034869,S.Darnold,CAR,2022,20,140,0.1167,3.7900,7.8525,0.1803,0.0571,0.2529,122,18,0.2537,-0.8123,2.1574,3.8689,1.0660,0.4823,0.2537,3,114,0,18
00-0037013,Z.Wilson,NYJ,2022,20,270,-0.1247,-6.1539,9.0085,0.1314,0.0481,0.2907,234,36,0.0351,-1.1633,2.4085,1.3280,1.1984,0.2172,0.0351,7,221,0,36
00-0035146,T.McSorley,ARI,2022,20,60,-0.4391,-14.3614,8.6296,0.1296,0.0500,0.1840,52,8,-0.2914,-1.3992,1.6744,4.4504,1.1078,0.7671,-0.2914,2,49,0,8
00-0034796,L.Jackson,BAL,2022,20,366,0.0610,-0.4545,8.3905,0.1206,0.0683,0.3220,327,39,0.1776,-0.9170,2.0640,1.2663,1.0947,0.1969,0.1776,6,302,0,39
00-0038102,K.Pickett,PIT,2022,20,400,0.0295,0.8567,7.6686,0.1114,0.0675,0.2584,348,52,0.1097,-0.5073,1.6375,3.5884,0.6170,0.2715,0.1097,7,321,1,52
00-0035040,D.Blough,ARI,2022,20,65,-0.0841,0.6324,8.2931,0.1207,0.0308,0.2103,52,13,-0.1503,0.1811,1.5676,8.3747,-0.3314,0.8212,-0.1503,2,50,0,13
00-0027973,A.Dalton,NO,2022,20,371,0.0038,-0.0784,8.0148,0.0950,0.0243,0.2943,328,43,0.1450,-1.0732,2.4681,2.7460,1.2182,0.2672,0.1450,8,319,0,43
00-0036389,J.Hurts,PHI,2022,20,542,0.1775,2.8029,8.0410,0.1210,0.0793,0.3349,487,55,0.3118,-1.0122,2.4518,3.3694,1.3240,0.2575,0.3118,5,444,0,55
00-0033537,D.Watson,CLE,2022,20,178,-0.1036,-3.5620,7.3355,0.1053,0.0562,0.2937,153,25,0.0460,-1.0194,2.4086,3.1788,1.0655,0.3780,0.0460,4,143,1,25
00-0023459,A.Rodgers,GB,2022,20,541,-0.0229,0.4019,7.9496,0.1492,0.0203,0.2748,473,68,0.1298,-1.0856,2.3555,3.0600,1.2154,0.2236,0.1298,8,462,3,68
00-0038128,M.Willis,TEN,2022,20,71,-0.4419,-8.5405,8.1852,0.0741,0.0986,0.2730,58,13,-0.2521,-1.2887,1.7010,2.4434,1.0366,0.4661,-0.2521,2,51,1,13
00-0034577,K.Allen,HOU,2022,20,55,-0.7590,-10.8092,6.2200,0.1000,0.0182,0.2240,48,7,-0.6102,-1.7796,3.6794,0.7762,1.1694,0.4331,-0.6102,2,47,1,7
00-0033869,M.Trubisky,PIT,2022,20,192,0.0378,1.6793,9.8580,0.1875,0.0208,0.2528,170,22,0.1427,-0.7726,2.0294,1.3273,0.9153,0.2688,0.1427,5,166,0,22
00-0034899,J.Wolford,LA,2022,20,59,-0.4323,-11.6872,8.5306,0.1429,0.0678,0.2095,42,17,-0.1362,-1.1639,2.2073,2.8970,1.0276,0.4722,-0.1362,1,38,1,17
00-0032950,C.Wentz,WAS,2022,20,235,-0.0933,-3.5668,7.9005,0.1542,0.0340,0.2712,191,44,0.1709,-1.2399,2.1777,1.2667,1.4108,0.2005,0.1709,6,183,1,44
00-0031503,J.Winston,NO,2022,20,107,-0.2119,-0.4208,10.6559,0.1613,0.0280,0.2529,89,18,-0.0212,-1.1548,3.0342,1.9711,1.1336,0.3789,-0.0212,4,86,0,18
00-0026498,M.Stafford,LA,2022,20,286,-0.0653,0.0893,6.9844,0.1128,0.0175,0.2690,232,54,0.1889,-1.1573,2.5634,3.1959,1.3462,0.2650,0.1889,4,227,3,54
00-0038122,D.Ridder,ATL,2022,20,129,-0.0500,-0.6796,7.6330,0.1101,0.0853,0.2571,113,16,0.0649,-0.8611,1.6079,2.7316,0.9260,0.4301,0.0649,0,102,0,16
00-0034401,M.White,NYJ,2022,20,151,0.0514,-4.9429,6.8951,0.0699,0.0066,0.2119,131,20,0.1325,-0.4798,2.3325,1.7984,0.6123,0.3282,0.1325,2,130,1,20
00-0036212,T.Tagovailoa,MIA,2022,20,400,0.2298,1.4724,9.6622,0.1459,0.0250,0.2701,362,38,0.3629,-1.0382,2.8254,1.3647,1.4011,0.2091,0.3629,7,352,1,38
00-0033077,D.Prescott,DAL,2022,20,465,0.1208,1.0770,8.1502,0.1127,0.0409,0.2286,405,60,0.2359,-0.6559,2.9189,2.4488,0.8918,0.2191,0.2359,15,386,2,60
00-0029263,R.Wilson,DEN,2022,20,536,-0.0773,-1.0625,8.6338,0.1601,0.0485,0.2980,426,110,0.1320,-0.8881,2.1720,2.3319,1.0202,0.1622,0.1320,8,400,3,110
00-0036898,D.Mills,HOU,2022,20,445,-0.1253,-3.2669,7.5611,0.0973,0.0337,0.2426,369,76,0.0060,-0.7624,2.5069,3.2057,0.7684,0.2213,0.0060,9,354,3,76
00-0026143,M.Ryan,IND,2022,20,467,-0.0371,1.4584,5.8589,0.0502,0.0214,0.2705,383,84,0.1564,-0.9196,2.0971,3.3729,1.0760,0.2136,0.1564,6,373,3,84
00-0035289,G.Minshew,PHI,2022,20,78,0.0756,-2.1770,9.5429,0.1143,0.0256,0.2491,71,7,0.1983,-1.1690,3.3992,0.2267,1.3673,0.2833,0.1983,3,69,0,7
00-0033873,P.Mahomes,KC,2022,20,716,0.3098,4.3945,7.1757,0.0840,0.0642,0.2053,628,88,0.4265,-0.5233,1.9431,2.1550,0.9498,0.1661,0.4265,8,582,1,88
00-0033119,J.Brissett,CLE,2022,20,360,0.0701,3.1086,8.4361,0.1277,0.0556,0.2230,303,57,0.2299,-0.7794,1.6603,2.2876,1.0093,0.2136,0.2299,4,283,2,57
00-0027688,C.McCoy,ARI,2022,20,133,-0.1939,0.6579,6.2605,0.0840,0.0376,0.2189,108,25,0.0233,-1.1324,1.3673,5.7017,1.1557,0.4906,0.0233,1,103,2,25
00-0029604,K.Cousins,MIN,2022,20,683,0.0299,2.2333,7.3024,0.0928,0.0161,0.2370,549,134,0.2084,-0.7014,2.0891,2.7798,0.9098,0.1567,0.2084,9,538,2,134
00-0033106,J.Goff,DET,2022,20,553,0.1799,-1.4820,6.9040,0.0921,0.0217,0.2079,486,67,0.3245,-0.8689,2.2056,3.6689,1.1935,0.2435,0.3245,5,474,2,67
00-0037834,B.Purdy,SF,2022,20,225,0.2494,1.5380,7.6569,0.1373,0.0311,0.2349,191,34,0.4122,-0.6650,1.7588,2.7683,1.0772,0.3010,0.4122,3,184,0,34
00-0032268,M.Mariota,ATL,2022,20,323,-0.0209,-1.5315,10.5387,0.1808,0.0774,0.2597,263,60,0.1936,-0.9609,2.4813,2.3368,1.1545,0.2200,0.1936,7,238,2,60
00-0034855,B.Mayfield,LA,2022,20,327,-0.1767,-7.4046,6.7279,0.0848,0.0428,0.3153,277,50,-0.0112,-1.0937,2.2383,1.5352,1.0825,0.1969,-0.0112,6,263,0,50
00-0036971,T.Lawrence,JAX,2022,20,674,0.1239,0.2935,7.2634,0.1008,0.0356,0.2642,604,70,0.2565,-1.0206,1.9281,2.1076,1.2770,0.1825,0.2565,10,580,2,70
00-0038108,B.Zappe,NE,2022,20,78,0.1588,8.5185,6.1667,0.0833,0.0128,0.2392,71,7,0.3525,-1.8052,2.1595,6.2990,2.1577,0.9645,0.3525,1,70,0,7
00-0031345,J.Garoppolo,SF,2022,20,297,0.1740,-1.6601,7.1071,0.1107,0.0067,0.2387,258,39,0.3023,-0.6748,2.0881,2.6003,0.9771,0.2734,0.3023,3,256,1,39
00-0031800,T.Heinicke,WAS,2022,20,287,-0.0212,2.2892,8.3961,0.1176,0.0453,0.2278,229,58,0.3153,-1.3499,1.9132,4.2460,1.6653,0.2856,0.3153,3,216,2,58
00-0035146,T.McSorley,ARI,2022,21,60,-0.4391,-14.3614,8.6296,0.1296,0.0500,0.1840,52,8,-0.2914,-1.3992,1.6744,4.4504,1.1078,0.7671,-0.2914,2,49,0,8
00-0036212,T.Tagovailoa,MIA,2022,21,400,0.2298,1.4724,9.6622,0.1459,0.0250,0.2701,362,38,0.3629,-1.0382,2.8254,1.3647,1.4011,0.2091,0.3629,7,352,1,38
00-0034796,L.Jackson,BAL,2022,21,366,0.0610,-0.4545,8.3905,0.1206,0.0683,0.3220,327,39,0.1776,-0.9170,2.0640,1.2663,1.0947,0.1969,0.1776,6,302,0,39
00-0031800,T.Heinicke,WAS,2022,21,287,-0.0212,2.2892,8.3961,0.1176,0.0453,0.2278,229,58,0.3153,-1.3499,1.9132,4.2460,1.6653,0.2856,0.3153,3,216,2,58
00-0036355,J.Herbert,LAC,2022,21,753,0.0271,0.8598,6.3690,0.0825,0.0279,0.2484,641,112,0.1508,-0.6808,2.0766,2.6377,0.8315,0.1637,0.1508,10,620,0,112
00-0033873,P.Mahomes,KC,2022,21,765,0.3002,4.2592,7.1414,0.0845,0.0641,0.2138,671,94,0.4225,-0.5729,1.9117,2.3662,0.9955,0.1674,0.4225,8,622,1,94
00-0038108,B.Zappe,NE,2022,21,78,0.1588,8.5185,6.1667,0.0833,0.0128,0.2392,71,7,0.3525,-1.8052,2.1595,6.2990,2.1577,0.9645,0.3525,1,70,0,7
00-0036945,J.Fields,CHI,2022,21,406,-0.0388,-2.7711,9.2257,0.1597,0.1601,0.3488,325,81,0.2038,-1.0119,2.4584,3.1152,1.2156,0.2145,0.2038,8,260,2,81
00-0031280,D.Carr,LV,2022,21,533,0.0358,-2.5826,9.0774,0.1385,0.0263,0.2458,467,66,0.1658,-0.8842,2.6024,2.7776,1.0500,0.2183,0.1658,11,453,3,66
00-0033949,J.Dobbs,TEN,2022,21,67,-0.0044,1.3761,7.1034,0.1207,0.0448,0.2062,48,19,0.3946,-1.0126,1.9922,4.7679,1.4072,0.5408,0.3946,1,45,0,19
00-0034577,K.Allen,HOU,2022,21,55,-0.7590,-10.8092,6.2200,0.1000,0.0182,0.2240,48,7,-0.6102,-1.7796,3.6794,0.7762,1.1694,0.4331,-0.6102,2,47,1,7
00-0035228,K.Murray,ARI,2022,21,393,-0.0373,-1.1977,6.7155,0.1207,0.0560,0.2989,360,33,0.1080,-1.6230,1.5629,2.5399,1.7310,0.2851,0.1080,4,338,2,33
00-0026143,M.Ryan,IND,2022,21,467,-0.0371,1.4584,5.8589,0.0502,0.0214,0.2705,383,84,0.1564,-0.9196,2.0971,3.3729,1.0760,0.2136,0.1564,6,373,3,84
00-0035040,D.Blough,ARI,2022,21,65,-0.0841,0.6324,8.2931,0.1207,0.0308,0.2103,52,13,-0.1503,0.1811,1.5676,8.3747,-0.3314,0.8212,-0.1503,2,50,0,13
00-0035993,T.Huntley,BAL,2022,21,160,-0.0415,2.3995,7.0593,0.0963,0.1062,0.2413,145,15,0.0677,-1.0972,1.7725,2.6067,1.1649,0.4313,0.0677,3,128,1,15
00-0031345,J.Garoppolo,SF,2022,21,297,0.1740,-1.6601,7.1071,0.1107,0.0067,0.2387,258,39,0.3023,-0.6748,2.0881,2.6003,0.9771,0.2734,0.3023,3,256,1,39
00-0036879,S.Ehlinger,IND,2022,21,109,-0.1993,-0.0142,7.6782,0.1494,0.0917,0.2595,86,23,0.1184,-1.3873,1.8767,4.9520,1.5057,0.4870,0.1184,1,76,1,23
00-0037327,S.Thompson,MIA,2022,21,141,-0.2547,-8.5816,8.0873,0.1111,0.0355,0.1862,103,38,-0.0277,-0.8698,1.6830,2.1936,0.8421,0.2721,-0.0277,3,98,1,38
00-0037834,B.Purdy,SF,2022,21,229,0.2264,1.8212,7.5845,0.1353,0.0306,0.2437,194,35,0.4086,-0.7835,1.7417,3.1781,1.1921,0.3159,0.4086,3,187,0,35
00-0033869,M.Trubisky,PIT,2022,21,192,0.0378,1.6793,9.8580,0.1875,0.0208,0.2528,170,22,0.1427,-0.7726,2.0294,1.3273,0.9153,0.2688,0.1427,5,166,0,22
00-0034899,J.Wolford,LA,2022,21,59,-0.4323,-11.6872,8.5306,0.1429,0.0678,0.2095,42,17,-0.1362,-1.1639,2.2073,2.8970,1.0276,0.4722,-0.1362,1,38,1,17
00-0034857,J.Allen,BUF,2022,21,696,0.1794,1.7594,9.5541,0.1531,0.0776,0.2810,604,92,0.3151,-0.7115,2.1717,4.3371,1.0266,0.2253,0.3151,12,550,2,92
00-0032950,C.Wentz,WAS,2022,21,235,-0.0933,-3.5668,7.9005,0.1542,0.0340,0.2712,191,44,0.1709,-1.2399,2.1777,1.2667,1.4108,0.2005,0.1709,6,183,1,44
00-0033537,D.Watson,CLE,2022,21,178,-0.1036,-3.5620,7.3355,0.1053,0.0562,0.2937,153,25,0.0460,-1.0194,2.4086,3.1788,1.0655,0.3780,0.0460,4,143,1,25
00-0026158,J.Flacco,NYJ,2022,21,163,-0.2157,-5.9588,8.4868,0.1250,0.0061,0.2098,129,34,-0.0258,-0.9359,1.8865,3.5135,0.9101,0.3435,-0.0258,2,128,0,34
00-0026498,M.Stafford,LA,2022,21,286,-0.0653,0.0893,6.9844,0.1128,0.0175,0.2690,232,54,0.1889,-1.1573,2.5634,3.1959,1.3462,0.2650,0.1889,4,227,3,54
00-0031237,T.Bridgewater,MIA,2022,21,75,-0.0587,0.9987,9.8636,0.1212,0.0400,0.2062,57,18,0.0779,-0.4912,3.3627,2.1345,0.5691,0.4214,0.0779,3,54,0,18
00-0023459,A.Rodgers,GB,2022,21,541,-0.0229,0.4019,7.9496,0.1492,0.0203,0.2748,473,68,0.1298,-1.0856,2.3555,3.0600,1.2154,0.2236,0.1298,8,462,3,68
00-0033077,D.Prescott,DAL,2022,21,465,0.1208,1.0770,8.1502,0.1127,0.0409,0.2286,405,60,0.2359,-0.6559,2.9189,2.4488,0.8918,0.2191,0.2359,15,386,2,60
00-0027973,A.Dalton,NO,2022,21,371,0.0038,-0.0784,8.0148,0.0950,0.0243,0.2943,328,43,0.1450,-1.0732,2.4681,2.7460,1.2182,0.2672,0.1450,8,319,0,43
00-0034869,S.Darnold,CAR,2022,21,140,0.1167,3.7900,7.8525,0.1803,0.0571,0.2529,122,18,0.2537,-0.8123,2.1574,3.8689,1.0660,0.4823,0.2537,3,114,0,18
00-0036389,J.Hurts,PHI,2022,21,569,0.1684,2.5232,8.1270,0.1250,0.0773,0.3348,511,58,0.2913,-0.9141,2.3871,3.6371,1.2054,0.2596,0.2913,5,467,0,58
00-0036971,T.Lawrence,JAX,2022,21,674,0.1239,0.2935,7.2634,0.1008,0.0356,0.2642,604,70,0.2565,-1.0206,1.9281,2.1076,1.2770,0.1825,0.2565,10,580,2,70
00-0032268,M.Mariota,ATL,2022,21,323,-0.0209,-1.5315,10.5387,0.1808,0.0774,0.2597,263,60,0.1936,-0.9609,2.4813,2.3368,1.1545,0.2200,0.1936,7,238,2,60
00-0031503,J.Winston,NO,2022,21,107,-0.2119,-0.4208,10.6559,0.1613,0.0280,0.2529,89,18,-0.0212,-1.1548,3.0342,1.9711,1.1336,0.3789,-0.0212,4,86,0,18
00-0030565,G.Smith,SEA,2022,21,610,0.0302,5.7174,7.5955,0.0936,0.0508,0.2813,509,101,0.2173,-0.9125,2.5227,2.5323,1.1298,0.1733,0.2173,9,478,2,101
00-0033106,J.Goff,DET,2022,21,553,0.1799,-1.4820,6.9040,0.0921,0.0217,0.2079,486,67,0.3245,-0.8689,2.2056,3.6689,1.1935,0.2435,0.3245,5,474,2,67
00-0019596,T.Brady,TB,2022,21,728,0.0500,-0.5359,6.7923,0.1032,0.0055,0.2076,657,71,0.1548,-0.9197,1.5328,2.4161,1.0744,0.1907,0.1548,5,653,3,71
00-0035264,J.Stidham,LV,2022,21,68,0.0500,5.7794,9.9245,0.2075,0.1618,0.1867,52,16,0.2789,-0.6938,2.5007,7.0032,0.9727,0.6970,0.2789,2,41,1,16
00-0034955,B.Rypien,DEN,2022,21,87,-0.2456,-2.2053,8.0385,0.1410,0.0115,0.2338,69,18,-0.0936,-0.8284,1.9232,2.4041,0.7348,0.4018,-0.0936,2,68,1,18
00-0036972,M.Jones,NE,2022,21,442,-0.0454,-0.3242,7.5243,0.1330,0.0430,0.3034,394,48,0.1129,-1.3449,2.0638,1.5942,1.4579,0.1961,0.1129,8,375,1,48
00-0034855,B.Mayfield,CAR,2022,21,327,-0.1767,-7.4046,6.7279,0.0848,0.0428,0.3153,277,50,-0.0112,-1.0937,2.2383,1.5352,1.0825,0.1969,-0.0112,6,263,0,50
00-0027688,C.McCoy,ARI,2022,21,133,-0.1939,0.6579,6.2605,0.0840,0.0376,0.2189,108,25,0.0233,-1.1324,1.3673,5.7017,1.1557,0.4906,0.0233,1,103,2,25
00-0033119,J.Brissett,CLE,2022,21,360,0.0701,3.1086,8.4361,0.1277,0.0556,0.2230,303,57,0.2299,-0.7794,1.6603,2.2876,1.0093,0.2136,0.2299,4,283,2,57
00-0033275,P.Walker,CAR,2022,21,101,-0.2217,-10.4243,7.6632,0.1684,0.0198,0.2113,92,9,-0.1419,-1.0367,3.2661,0.4695,0.8947,0.2961,-0.1419,3,90,0,9
00-0038102,K.Pickett,PIT,2022,21,400,0.0295,0.8567,7.6686,0.1114,0.0675,0.2584,348,52,0.1097,-0.5073,1.6375,3.5884,0.6170,0.2715,0.1097,7,321,1,52
00-0037013,Z.Wilson,NYJ,2022,21,270,-0.1247,-6.1539,9.0085,0.1314,0.0481,0.2907,234,36,0.0351,-1.1633,2.4085,1.3280,1.1984,0.2172,0.0351,7,221,0,36
00-0036898,D.Mills,HOU,2022,21,445,-0.1253,-3.2669,7.5611,0.0973,0.0337,0.2426,369,76,0.0060,-0.7624,2.5069,3.2057,0.7684,0.2213,0.0060,9,354,3,76
00-0035710,D.Jones,NYG,2022,21,583,0.0594,2.3937,6.4163,0.0544,0.1012,0.2798,483,100,0.2447,-0.8355,1.7516,1.8487,1.0802,0.1487,0.2447,5,424,1,100
00-0035289,G.Minshew,PHI,2022,21,78,0.0756,-2.1770,9.5429,0.1143,0.0256,0.2491,71,7,0.1983,-1.1690,3.3992,0.2267,1.3673,0.2833,0.1983,3,69,0,7
00-0036442,J.Burrow,CIN,2022,21,770,0.1457,2.8938,6.9132,0.0882,0.0455,0.2974,669,101,0.2859,-0.7828,2.0789,2.8316,1.0687,0.1765,0.2859,12,634,1,101
00-0029604,K.Cousins,MIN,2022,21,683,0.0299,2.2333,7.3024,0.0928,0.0161,0.2370,549,134,0.2084,-0.7014,2.0891,2.7798,0.9098,0.1567,0.2084,9,538,2,134
00-0038128,M.Willis,TEN,2022,21,71,-0.4419,-8.5405,8.1852,0.0741,0.0986,0.2730,58,13,-0.2521,-1.2887,1.7010,2.4434,1.0366,0.4661,-0.2521,2,51,1,13
00-0029701,R.Tannehill,TEN,2022,21,337,0.0483,0.0470,7.7186,0.0949,0.0326,0.2851,273,64,0.2676,-0.8875,2.4758,1.9869,1.1551,0.2003,0.2676,6,262,0,64
00-0029263,R.Wilson,DEN,2022,21,536,-0.0773,-1.0625,8.6338,0.1601,0.0485,0.2980,426,110,0.1320,-0.8881,2.1720,2.3319,1.0202,0.1622,0.1320,8,400,3,110
00-0034401,M.White,NYJ,2022,21,151,0.0514,-4.9429,6.8951,0.0699,0.0066,0.2119,131,20,0.1325,-0.4798,2.3325,1.7984,0.6123,0.3282,0.1325,2,130,1,20
00-0038122,D.Ridder,ATL,2022,21,129,-0.0500,-0.6796,7.6330,0.1101,0.0853,0.2571,113,16,0.0649,-0.8611,1.6079,2.7316,0.9260,0.4301,0.0649,0,102,0,16
00-0033662,C.Rush,DAL,2022,21,135,-0.0340,-6.9447,7.4062,0.0938,0.0148,0.1937,116,19,0.1236,-0.9965,2.1471,2.3794,1.1201,0.3791,0.1236,2,114,1,19
00-0035289,G.Minshew,PHI,2022,22,78,0.0756,-2.1770,9.5429,0.1143,0.0256,0.2491,71,7,0.1983,-1.1690,3.3992,0.2267,1.3673,0.2833,0.1983,3,69,0,7
00-0026498,M.Stafford,LA,2022,22,286,-0.0653,0.0893,6.9844,0.1128,0.0175,0.2690,232,54,0.1889,-1.1573,2.5634,3.1959,1.3462,0.2650,0.1889,4,227,3,54
00-0032950,C.Wentz,WAS,2022,22,235,-0.0933,-3.5668,7.9005,0.1542,0.0340,0.2712,191,44,0.1709,-1.2399,2.1777,1.2667,1.4108,0.2005,0.1709,6,183,1,44
00-0038108,B.Zappe,NE,2022,22,78,0.1588,8.5185,6.1667,0.0833,0.0128,0.2392,71,7,0.3525,-1.8052,2.1595,6.2990,2.1577,0.9645,0.3525,1,70,0,7
00-0030565,G.Smith,SEA,2022,22,610,0.0302,5.7174,7.5955,0.0936,0.0508,0.2813,509,101,0.2173,-0.9125,2.5227,2.5323,1.1298,0.1733,0.2173,9,478,2,101
00-0036355,J.Herbert,LAC,2022,22,753,0.0271,0.8598,6.3690,0.0825,0.0279,0.2484,641,112,0.1508,-0.6808,2.0766,2.6377,0.8315,0.1637,0.1508,10,620,0,112
00-0023459,A.Rodgers,GB,2022,22,541,-0.0229,0.4019,7.9496,0.1492,0.0203,0.2748,473,68,0.1298,-1.0856,2.3555,3.0600,1.2154,0.2236,0.1298,8,462,3,68
00-0036212,T.Tagovailoa,MIA,2022,22,400,0.2298,1.4724,9.6622,0.1459,0.0250,0.2701,362,38,0.3629,-1.0382,2.8254,1.3647,1.4011,0.2091,0.3629,7,352,1,38
00-0031345,J.Garoppolo,SF,2022,22,297,0.1740,-1.6601,7.1071,0.1107,0.0067,0.2387,258,39,0.3023,-0.6748,2.0881,2.6003,0.9771,0.2734,0.3023,3,256,1,39
00-0033869,M.Trubisky,PIT,2022,22,192,0.0378,1.6793,9.8580,0.1875,0.0208,0.2528,170,22,0.1427,-0.7726,2.0294,1.3273,0.9153,0.2688,0.1427,5,166,0,22
00-0033873,P.Mahomes,KC,2022,22,795,0.3089,4.6087,7.1052,0.0827,0.0654,0.2073,696,99,0.4347,-0.5755,1.8837,2.2805,1.0102,0.1604,0.4347,8,644,1,99
00-0031280,D.Carr,LV,2022,22,533,0.0358,-2.5826,9.0774,0.1385,0.0263,0.2458,467,66,0.1658,-0.8842,2.6024,2.7776,1.0500,0.2183,0.1658,11,453,3,66
00-0033077,D.Prescott,DAL,2022,22,465,0.1208,1.0770,8.1502,0.1127,0.0409,0.2286,405,60,0.2359,-0.6559,2.9189,2.4488,0.8918,0.2191,0.2359,15,386,2,60
00-0037013,Z.Wilson,NYJ,2022,22,270,-0.1247,-6.1539,9.0085,0.1314,0.0481,0.2907,234,36,0.0351,-1.1633,2.4085,1.3280,1.1984,0.2172,0.0351,7,221,0,36
00-0035146,T.McSorley,ARI,2022,22,60,-0.4391,-14.3614,8.6296,0.1296,0.0500,0.1840,52,8,-0.2914,-1.3992,1.6744,4.4504,1.1078,0.7671,-0.2914,2,49,0,8
00-0031503,J.Winston,NO,2022,22,107,-0.2119,-0.4208,10.6559,0.1613,0.0280,0.2529,89,18,-0.0212,-1.1548,3.0342,1.9711,1.1336,0.3789,-0.0212,4,86,0,18
00-0034796,L.Jackson,BAL,2022,22,366,0.0610,-0.4545,8.3905,0.1206,0.0683,0.3220,327,39,0.1776,-0.9170,2.0640,1.2663,1.0947,0.1969,0.1776,6,302,0,39
00-0037834,B.Purdy,SF,2022,22,229,0.2264,1.8212,7.5845,0.1353,0.0306,0.2437,194,35,0.4086,-0.7835,1.7417,3.1781,1.1921,0.3159,0.4086,3,187,0,35
00-0036945,J.Fields,CHI,2022,22,406,-0.0388,-2.7711,9.2257,0.1597,0.1601,0.3488,325,81,0.2038,-1.0119,2.4584,3.1152,1.2156,0.2145,0.2038,8,260,2,81
00-0026143,M.Ryan,IND,2022,22,467,-0.0371,1.4584,5.8589,0.0502,0.0214,0.2705,383,84,0.1564,-0.9196,2.0971,3.3729,1.0760,0.2136,0.1564,6,373,3,84
00-0033949,J.Dobbs,TEN,2022,22,67,-0.0044,1.3761,7.1034,0.1207,0.0448,0.2062,48,19,0.3946,-1.0126,1.9922,4.7679,1.4072,0.5408,0.3946,1,45,0,19
00-0029604,K.Cousins,MIN,2022,22,683,0.0299,2.2333,7.3024,0.0928,0.0161,0.2370,549,134,0.2084,-0.7014,2.0891,2.7798,0.9098,0.1567,0.2084,9,538,2,134
00-0031800,T.Heinicke,WAS,2022,22,287,-0.0212,2.2892,8.3961,0.1176,0.0453,0.2278,229,58,0.3153,-1.3499,1.9132,4.2460,1.6653,0.2856,0.3153,3,216,2,58
00-0034577,K.Allen,HOU,2022,22,55,-0.7590,-10.8092,6.2200,0.1000,0.0182,0.2240,48,7,-0.6102,-1.7796,3.6794,0.7762,1.1694,0.4331,-0.6102,2,47,1,7
00-0036972,M.Jones,NE,2022,22,442,-0.0454,-0.3242,7.5243,0.1330,0.0430,0.3034,394,48,0.1129,-1.3449,2.0638,1.5942,1.4579,0.1961,0.1129,8,375,1,48
00-0033662,C.Rush,DAL,2022,22,135,-0.0340,-6.9447,7.4062,0.0938,0.0148,0.1937,116,19,0.1236,-0.9965,2.1471,2.3794,1.1201,0.3791,0.1236,2,114,1,19
00-0033119,J.Brissett,CLE,2022,22,360,0.0701,3.1086,8.4361,0.1277,0.0556,0.2230,303,57,0.2299,-0.7794,1.6603,2.2876,1.0093,0.2136,0.2299,4,283,2,57
00-0034899,J.Wolford,LA,2022,22,59,-0.4323,-11.6872,8.5306,0.1429,0.0678,0.2095,42,17,-0.1362,-1.1639,2.2073,2.8970,1.0276,0.4722,-0.1362,1,38,1,17
00-0035040,D.Blough,ARI,2022,22,65,-0.0841,0.6324,8.2931,0.1207,0.0308,0.2103,52,13,-0.1503,0.1811,1.5676,8.3747,-0.3314,0.8212,-0.1503,2,50,0,13
00-0034955,B.Rypien,DEN,2022,22,87,-0.2456,-2.2053,8.0385,0.1410,0.0115,0.2338,69,18,-0.0936,-0.8284,1.9232,2.4041,0.7348,0.4018,-0.0936,2,68,1,18
00-0019596,T.Brady,TB,2022,22,728,0.0500,-0.5359,6.7923,0.1032,0.0055,0.2076,657,71,0.1548,-0.9197,1.5328,2.4161,1.0744,0.1907,0.1548,5,653,3,71
00-0026158,J.Flacco,NYJ,2022,22,163,-0.2157,-5.9588,8.4868,0.1250,0.0061,0.2098,129,34,-0.0258,-0.9359,1.8865,3.5135,0.9101,0.3435,-0.0258,2,128,0,34
00-0027688,C.McCoy,ARI,2022,22,133,-0.1939,0.6579,6.2605,0.0840,0.0376,0.2189,108,25,0.0233,-1.1324,1.3673,5.7017,1.1557,0.4906,0.0233,1,103,2,25
00-0035993,T.Huntley,BAL,2022,22,160,-0.0415,2.3995,7.0593,0.0963,0.1062,0.2413,145,15,0.0677,-1.0972,1.7725,2.6067,1.1649,0.4313,0.0677,3,128,1,15
00-0036971,T.Lawrence,JAX,2022,22,674,0.1239,0.2935,7.2634,0.1008,0.0356,0.2642,604,70,0.2565,-1.0206,1.9281,2.1076,1.2770,0.1825,0.2565,10,580,2,70
00-0034857,J.Allen,BUF,2022,22,696,0.1794,1.7594,9.5541,0.1531,0.0776,0.2810,604,92,0.3151,-0.7115,2.1717,4.3371,1.0266,0.2253,0.3151,12,550,2,92
00-0034401,M.White,NYJ,2022,22,151,0.0514,-4.9429,6.8951,0.0699,0.0066,0.2119,131,20,0.1325,-0.4798,2.3325,1.7984,0.6123,0.3282,0.1325,2,130,1,20
00-0035710,D.Jones,NYG,2022,22,583,0.0594,2.3937,6.4163,0.0544,0.1012,0.2798,483,100,0.2447,-0.8355,1.7516,1.8487,1.0802,0.1487,0.2447,5,424,1,100
00-0035264,J.Stidham,LV,2022,22,68,0.0500,5.7794,9.9245,0.2075,0.1618,0.1867,52,16,0.2789,-0.6938,2.5007,7.0032,0.9727,0.6970,0.2789,2,41,1,16
00-0029701,R.Tannehill,TEN,2022,22,337,0.0483,0.0470,7.7186,0.0949,0.0326,0.2851,273,64,0.2676,-0.8875,2.4758,1.9869,1.1551,0.2003,0.2676,6,262,0,64
00-0036389,J.Hurts,PHI,2022,22,611,0.1794,3.1723,8.3080,0.1293,0.0753,0.3397,549,62,0.3026,-0.9111,2.3291,3.4194,1.2137,0.2437,0.3026,5,503,0,62
00-0038128,M.Willis,TEN,2022,22,71,-0.4419,-8.5405,8.1852,0.0741,0.0986,0.2730,58,13,-0.2521,-1.2887,1.7010,2.4434,1.0366,0.4661,-0.2521,2,51,1,13
00-0036442,J.Burrow,CIN,2022,22,770,0.1457,2.8938,6.9132,0.0882,0.0455,0.2974,669,101,0.2859,-0.7828,2.0789,2.8316,1.0687,0.1765,0.2859,12,634,1,101
00-0033537,D.Watson,CLE,2022,22,178,-0.1036,-3.5620,7.3355,0.1053,0.0562,0.2937,153,25,0.0460,-1.0194,2.4086,3.1788,1.0655,0.3780,0.0460,4,143,1,25
00-0029263,R.Wilson,DEN,2022,22,536,-0.0773,-1.0625,8.6338,0.1601,0.0485,0.2980,426,110,0.1320,-0.8881,2.1720,2.3319,1.0202,0.1622,0.1320,8,400,3,110
00-0027973,A.Dalton,NO,2022,22,371,0.0038,-0.0784,8.0148,0.0950,0.0243,0.2943,328,43,0.1450,-1.0732,2.4681,2.7460,1.2182,0.2672,0.1450,8,319,0,43
00-0037327,S.Thompson,MIA,2022,22,141,-0.2547,-8.5816,8.0873,0.1111,0.0355,0.1862,103,38,-0.0277,-0.8698,1.6830,2.1936,0.8421,0.2721,-0.0277,3,98,1,38
00-0038102,K.Pickett,PIT,2022,22,400,0.0295,0.8567,7.6686,0.1114,0.0675,0.2584,348,52,0.1097,-0.5073,1.6375,3.5884,0.6170,0.2715,0.1097,7,321,1,52
00-0031237,T.Bridgewater,MIA,2022,22,75,-0.0587,0.9987,9.8636,0.1212,0.0400,0.2062,57,18,0.0779,-0.4912,3.3627,2.1345,0.5691,0.4214,0.0779,3,54,0,18
00-0034869,S.Darnold,CAR,2022,22,140,0.1167,3.7900,7.8525,0.1803,0.0571,0.2529,122,18,0.2537,-0.8123,2.1574,3.8689,1.0660,0.4823,0.2537,3,114,0,18
00-0033106,J.Goff,DET,2022,22,553,0.1799,-1.4820,6.9040,0.0921,0.0217,0.2079,486,67,0.3245,-0.8689,2.2056,3.6689,1.1935,0.2435,0.3245,5,474,2,67
00-0036879,S.Ehlinger,IND,2022,22,109,-0.1993,-0.0142,7.6782,0.1494,0.0917,0.2595,86,23,0.1184,-1.3873,1.8767,4.9520,1.5057,0.4870,0.1184,1,76,1,23
00-0035228,K.Murray,ARI,2022,22,393,-0.0373,-1.1977,6.7155,0.1207,0.0560,0.2989,360,33,0.1080,-1.6230,1.5629,2.5399,1.7310,0.2851,0.1080,4,338,2,33
00-0038122,D.Ridder,ATL,2022,22,129,-0.0500,-0.6796,7.6330,0.1101,0.0853,0.2571,113,16,0.0649,-0.8611,1.6079,2.7316,0.9260,0.4301,0.0649,0,102,0,16
00-0033275,P.Walker,CAR,2022,22,101,-0.2217,-10.4243,7.6632,0.1684,0.0198,0.2113,92,9,-0.1419,-1.0367,3.2661,0.4695,0.8947,0.2961,-0.1419,3,90,0,9
00-0034855,B.Mayfield,LA,2022,22,327,-0.1767,-7.4046,6.7279,0.0848,0.0428,0.3153,277,50,-0.0112,-1.0937,2.2383,1.5352,1.0825,0.1969,-0.0112,6,263,0,50
00-0036898,D.Mills,HOU,2022,22,445,-0.1253,-3.2669,7.5611,0.0973,0.0337,0.2426,369,76,0.0060,-0.7624,2.5069,3.2057,0.7684,0.2213,0.0060,9,354,3,76
00-0032268,M.Mariota,ATL,2022,22,323,-0.0209,-1.5315,10.5387,0.1808,0.0774,0.2597,263,60,0.1936,-0.9609,2.4813,2.3368,1.1545,0.2200,0.1936,7,238,2,60
00-0036972,M.Jones,NE,2023,1,59,-0.2065,-3.1122,7.4630,0.1111,0.0339,0.1917,53,6,-0.0915,-1.2221,3.8744,0.8082,1.1305,0.4558,-0.0915,1,51,0,6
00-0036212,T.Tagovailoa,MIA,2023,2,78,0.5015,3.6044,10.1867,0.1733,0.0256,0.1822,74,4,0.5841,-1.0270,2.0422,4.5476,1.6111,1.0791,0.5841,1,72,1,4
00-0039163,C.Stroud,HOU,2023,2,70,-0.1881,-1.1492,7.4576,0.0508,0.0429,0.2413,55,15,0.2329,-1.7318,1.3160,3.6492,1.9647,0.5169,0.2329,0,52,0,15
00-0039164,A.Richardson,IND,2023,2,53,-0.1310,-9.0510,4.9783,0.0435,0.0566,0.2196,44,9,-0.0639,-0.4591,2.4127,1.3872,0.3952,0.4571,-0.0639,1,41,0,9
00-0034857,J.Allen,BUF,2023,2,85,0.1092,10.5136,6.5676,0.0541,0.0471,0.2448,73,12,0.2892,-0.9860,1.5397,1.2807,1.2752,0.3575,0.2892,2,69,1,12
00-0036355,J.Herbert,LAC,2023,2,85,0.1310,5.4214,9.1216,0.1757,0.0471,0.2400,76,9,0.2511,-0.8828,1.2728,5.9339,1.1339,0.8222,0.2511,0,72,0,9
00-0036972,M.Jones,NE,2023,2,102,-0.1731,0.9280,7.7935,0.1087,0.0294,0.2237,89,13,-0.0111,-1.2822,2.9659,0.4693,1.2712,0.2635,-0.0111,2,86,0,13
00-0037077,S.Howell,WAS,2023,2,84,-0.0157,1.6426,6.5286,0.0571,0.0476,0.2687,68,16,0.2534,-1.1593,1.6807,5.3805,1.4127,0.6008,0.2534,1,64,0,16
00-0031345,J.Garoppolo,LV,2023,2,50,0.2743,8.0364,7.0217,0.0435,0.0800,0.1600,45,5,0.3555,-0.4561,2.7993,8.3945,0.8116,1.3195,0.3555,2,41,1,5
00-0036442,J.Burrow,CIN,2023,2,70,-0.1407,-6.6764,5.9701,0.0746,0.0143,0.1704,58,12,-0.0379,-0.6373,2.1126,0.7764,0.5995,0.3180,-0.0379,1,57,0,12
00-0033077,D.Prescott,DAL,2023,2,56,0.2572,3.4855,5.4815,0.0741,0.0179,0.1708,49,7,0.3026,-0.0604,2.1574,1.0122,0.3630,0.4343,0.3026,0,48,0,7
00-0034855,B.Mayfield,TB,2023,2,76,0.1781,6.3006,7.4118,0.1471,0.0921,0.1864,73,3,0.1865,-0.0281,2.0145,1.8482,0.2146,0.8023,0.1865,0,66,0,3
00-0036945,J.Fields,CHI,2023,2,59,-0.0333,-2.2485,5.1522,0.1304,0.0847,0.2533,47,12,0.1819,-0.8763,2.4470,2.5507,1.0582,0.5144,0.1819,1,42,0,12
00-0035710,D.Jones,NYG,2023,2,78,-0.0749,-4.6630,8.3966,0.0690,0.1410,0.2571,64,14,0.1230,-0.9793,2.9669,2.2651,1.1023,0.4562,0.1230,2,53,1,14
00-0033106,J.Goff,DET,2023,2,72,0.1364,6.6812,7.6522,0.1449,0.0000,0.1925,62,10,0.3746,-1.3399,1.9329,8.0761,1.7145,0.9159,0.3746,0,62,1,10
00-0036971,T.Lawrence,JAX,2023,2,83,-0.2490,-4.7639,6.7123,0.0822,0.0482,0.2357,73,10,0.0938,-2.7512,1.5061,8.3758,2.8449,0.9264,0.0938,0,69,1,10
00-0036264,J.Love,GB,2023,2,55,0.3869,-8.7786,9.1400,0.1200,0.0545,0.1917,49,6,0.4622,-0.2275,2.7191,2.7457,0.6896,0.7163,0.4622,0,46,0,6
00-0030565,G.Smith,SEA,2023,2,70,0.1577,8.8126,5.8615,0.0769,0.0571,0.1822,66,4,0.2029,-0.5879,1.2897,1.6514,0.7908,0.6576,0.2029,0,62,0,4
00-0037834,B.Purdy,SF,2023,2,54,0.2247,7.8916,9.2041,0.1020,0.0185,0.2074,44,10,0.5182,-1.0666,1.5242,6.3490,1.5848,0.8183,0.5182,0,43,0,10
00-0034796,L.Jackson,BAL,2023,2,65,0.1290,6.4266,7.5098,0.0980,0.1846,0.1917,58,7,0.3771,-1.9266,1.0639,4.9578,2.3036,0.8524,0.3771,0,46,1,7
00-0026498,M.Stafford,LA,2023,2,83,0.1876,-4.3285,7.5256,0.0641,0.0482,0.1708,76,7,0.3089,-1.1293,1.8324,0.5749,1.4381,0.3259,0.3089,2,72,0,7
00-0039150,B.Young,CAR,2023,2,60,-0.2922,-2.6976,7.9216,0.0784,0.0500,0.2179,48,12,-0.0790,-1.1453,1.8267,1.7494,1.0663,0.4288,-0.0790,2,45,0,12
00-0031280,D.Carr,NO,2023,2,78,0.0236,2.0939,9.5217,0.1594,0.0128,0.2533,66,12,0.2044,-0.9707,2.1098,1.3894,1.1751,0.3844,0.2044,2,65,0,12
00-0033873,P.Mahomes,KC,2023,2,89,0.0020,-1.8191,7.6582,0.1266,0.1011,0.1577,78,11,0.1676,-1.1723,2.5253,0.7056,1.3399,0.3107,0.1676,1,69,1,11
00-0033537,D.Watson,CLE,2023,2,82,-0.3478,-8.6000,10.7463,0.1343,0.0732,0.2492,66,16,-0.0900,-1.4111,2.6018,2.7944,1.3211,0.4627,-0.0900,2,60,0,16
00-0029263,R.Wilson,DEN,2023,2,72,0.0089,9.8277,5.9153,0.1017,0.0417,0.2492,56,16,0.3138,-1.0584,2.1588,1.3875,1.3723,0.3539,0.3138,1,53,0,16
00-0038122,D.Ridder,ATL,2023,2,60,-0.0076,-0.1437,6.2000,0.1000,0.0833,0.2259,50,10,0.0881,-0.4861,1.5594,4.0062,0.5742,0.6571,0.0881,0,45,1,10
00-0033949,J.Dobbs,ARI,2023,2,63,0.0475,5.4134,7.6441,0.0847,0.0159,0.1889,51,12,0.1390,-0.3417,1.2879,2.9987,0.4808,0.5245,0.1390,0,50,0,12
00-0036389,J.Hurts,PHI,2023,2,64,0.0138,12.1467,9.2453,0.1321,0.0938,0.2392,57,7,0.1676,-1.2388,1.5265,0.1994,1.4064,0.2351,0.1676,1,51,0,7
00-0029604,K.Cousins,MIN,2023,2,79,0.0170,6.6255,7.0270,0.0946,0.0127,0.1836,62,17,0.3496,-1.1959,2.7950,3.9421,1.5455,0.5263,0.3496,1,61,0,17
00-0029701,R.Tannehill,TEN,2023,2,69,-0.1800,-4.2484,8.9828,0.1207,0.0435,0.2452,55,14,0.1192,-1.3558,1.9920,1.5881,1.4751,0.3869,0.1192,2,52,1,14
00-0038102,K.Pickett,PIT,2023,2,65,-0.4529,-9.1909,6.4918,0.0656,0.0000,0.1965,52,13,-0.4587,-0.4298,2.7863,3.8156,-0.0289,0.5891,-0.4587,2,52,0,13
00-0038102,K.Pickett,PIT,2023,3,93,-0.2163,-8.9718,7.1379,0.0690,0.0108,0.1937,75,18,-0.1554,-0.4701,3.0886,3.3660,0.3147,0.4777,-0.1554,2,74,0,18
00-0033077,D.Prescott,DAL,2023,3,101,0.1269,0.6942,5.3404,0.0638,0.0396,0.1889,90,11,0.1973,-0.4489,2.1987,0.9248,0.6463,0.3294,0.1973,1,86,0,11
00-0039163,C.Stroud,HOU,2023,3,99,0.0383,1.8411,7.7126,0.0690,0.0404,0.2269,80,19,0.4101,-1.5273,1.8235,3.0818,1.9374,0.4301,0.4101,0,76,0,19
00-0029701,R.Tannehill,TEN,2023,3,94,-0.2274,-3.7442,9.2875,0.1750,0.0319,0.2600,74,20,0.0750,-1.3461,1.8751,1.3603,1.4211,0.3055,0.0750,2,71,1,20
00-0030565,G.Smith,SEA,2023,3,107,0.1313,6.1589,6.7300,0.0900,0.0374,0.1889,96,11,0.2475,-0.8828,1.3199,0.7640,1.1303,0.2885,0.2475,1,92,0,11
00-0031345,J.Garoppolo,LV,2023,3,91,0.0755,1.1515,8.9518,0.0964,0.0549,0.1855,79,12,0.2626,-1.1560,2.3325,4.4047,1.4185,0.6298,0.2626,4,74,2,12
00-0037834,B.Purdy,SF,2023,3,89,0.2575,4.2788,7.2683,0.0854,0.0112,0.2164,74,15,0.5444,-1.1576,1.8049,4.1522,1.7020,0.5488,0.5444,0,73,0,15
00-0034796,L.Jackson,BAL,2023,3,105,0.0001,4.3313,7.0976,0.0854,0.1619,0.2357,93,12,0.2829,-2.1913,1.0026,4.0580,2.4742,0.5907,0.2829,0,76,1,12
00-0037077,S.Howell,WAS,2023,3,110,-0.1876,1.5883,6.6556,0.0556,0.0455,0.2883,86,24,0.1685,-1.4633,1.8689,4.6650,1.6318,0.4649,0.1685,3,81,1,24
00-0035289,G.Minshew,IND,2023,3,71,0.0241,0.5881,7.0769,0.1538,0.0141,0.2392,64,7,0.1875,-1.4695,1.1566,0.3587,1.6570,0.2633,0.1875,0,63,0,7
00-0036264,J.Love,GB,2023,3,100,0.2290,-8.1815,10.1236,0.1573,0.0700,0.1962,91,9,0.3070,-0.5602,2.1550,2.2872,0.8672,0.5271,0.3070,1,84,0,9
00-0034855,B.Mayfield,TB,2023,3,98,0.0490,2.7155,8.2529,0.1379,0.0816,0.2000,90,8,0.0874,-0.3834,2.0418,1.1902,0.4708,0.4141,0.0874,1,82,0,8
00-0027973,A.Dalton,CAR,2023,3,50,0.0893,-8.3777,8.4255,0.1489,0.0200,0.1840,42,8,0.2070,-0.5287,2.0169,1.2392,0.7357,0.4505,0.2070,0,41,0,8
00-0029604,K.Cousins,MIN,2023,3,134,-0.0034,4.2192,7.3952,0.0968,0.0149,0.1924,103,31,0.2805,-0.9470,2.8813,4.2687,1.2275,0.4070,0.2805,2,101,0,31
00-0036972,M.Jones,NE,2023,3,132,-0.0914,-0.4008,8.2479,0.1240,0.0303,0.2062,114,18,0.0168,-0.7765,2.8465,1.6196,0.7933,0.3390,0.0168,2,110,0,18
00-0029263,R.Wilson,DEN,2023,3,103,-0.0386,8.2373,7.1556,0.1222,0.0291,0.2160,77,26,0.1702,-0.6570,2.3234,3.7500,0.8272,0.4176,0.1702,2,74,0,26
00-0039164,A.Richardson,IND,2023,3,53,-0.1310,-9.0510,4.9783,0.0435,0.0566,0.2196,44,9,-0.0639,-0.4591,2.4127,1.3872,0.3952,0.4571,-0.0639,1,41,0,9
00-0031280,D.Carr,NO,2023,3,99,0.0194,3.6189,9.0460,0.1494,0.0101,0.2676,82,17,0.2059,-0.8802,1.9465,1.7121,1.0860,0.3528,0.2059,2,81,0,17
00-0036945,J.Fields,CHI,2023,3,79,-0.2929,-4.1707,8.1475,0.1967,0.0886,0.2758,64,15,-0.1069,-1.0865,2.6741,2.2623,0.9796,0.4389,-0.1069,2,57,0,15
00-0033106,J.Goff,DET,2023,3,106,0.1172,5.5867,7.8431,0.1471,0.0094,0.1645,87,19,0.2788,-0.6228,1.7447,5.6908,0.9015,0.5653,0.2788,1,86,1,19
00-0039150,B.Young,CAR,2023,3,60,-0.2922,-2.6976,7.9216,0.0784,0.0500,0.2179,48,12,-0.0790,-1.1453,1.8267,1.7494,1.0663,0.4288,-0.0790,2,45,0,12
00-0036355,J.Herbert,LAC,2023,3,134,0.2120,9.1487,8.2149,0.1570,0.0373,0.2328,119,15,0.3133,-0.5918,1.5953,4.4394,0.9051,0.5562,0.3133,0,114,0,15
00-0035710,D.Jones,NYG,2023,3,107,-0.1118,-2.3476,7.7857,0.0714,0.1028,0.2600,88,19,0.0928,-1.0593,2.3159,1.7801,1.1521,0.3464,0.0928,2,77,1,19
00-0036971,T.Lawrence,JAX,2023,3,112,-0.2265,-4.5435,6.4400,0.0800,0.0536,0.2237,99,13,0.0121,-2.0431,1.5072,8.4568,2.0552,0.8159,0.0121,1,93,1,13
00-0036389,J.Hurts,PHI,2023,3,97,0.0520,7.7804,9.2857,0.1190,0.0825,0.2259,87,10,0.0948,-0.3198,1.7070,3.9396,0.4146,0.6431,0.0948,3,79,0,10
00-0034857,J.Allen,BUF,2023,3,115,0.1816,6.8086,7.7353,0.0980,0.0522,0.2407,102,13,0.2872,-0.6464,1.5619,2.6728,0.9336,0.4700,0.2872,3,96,1,13
00-0037013,Z.Wilson,NYJ,2023,3,82,-0.2372,-4.6750,6.1884,0.0290,0.0732,0.2290,67,15,-0.0692,-0.9873,1.7266,1.4171,0.9181,0.3468,-0.0692,1,61,0,15
00-0036442,J.Burrow,CIN,2023,3,120,-0.1367,-9.1470,6.4696,0.0783,0.0083,0.1836,103,17,-0.0390,-0.7282,1.8632,0.6070,0.6892,0.2319,-0.0390,2,102,0,17
00-0033949,J.Dobbs,ARI,2023,3,87,0.0759,6.7838,7.2750,0.1000,0.0115,0.2033,71,16,0.1625,-0.3083,1.4967,3.0548,0.4708,0.4604,0.1625,0,70,0,16
00-0033537,D.Watson,CLE,2023,3,116,-0.2154,-0.9067,9.7732,0.1340,0.0603,0.2630,95,21,0.0329,-1.3385,2.6090,2.1884,1.3715,0.3629,0.0329,2,88,0,21
00-0033873,P.Mahomes,KC,2023,3,125,0.1795,1.1615,7.3929,0.1071,0.0960,0.1491,111,14,0.3084,-0.8428,2.1740,1.4861,1.1512,0.3546,0.3084,1,99,1,14
00-0026498,M.Stafford,LA,2023,3,121,0.0272,-5.6594,7.8909,0.0909,0.0331,0.2219,104,17,0.2295,-1.2102,1.9504,0.9751,1.4397,0.2759,0.2295,3,100,1,17
00-0038122,D.Ridder,ATL,2023,3,90,-0.1462,-6.5362,7.0270,0.1216,0.0667,0.2646,74,16,-0.0094,-0.7789,1.5886,2.6832,0.7695,0.4349,-0.0094,0,68,1,16
00-0036212,T.Tagovailoa,MIA,2023,3,103,0.6137,6.8730,9.1600,0.1500,0.0194,0.1783,98,5,0.6745,-0.5792,1.9376,4.4133,1.2537,0.9500,0.6745,1,96,1,5
00-0039163,C.Stroud,HOU,2023,4,126,0.0725,-0.7392,7.8482,0.0625,0.0476,0.2111,102,24,0.4607,-1.5774,1.8345,2.7613,2.0381,0.3647,0.4607,0,96,0,24
00-0033949,J.Dobbs,ARI,2023,4,123,0.1327,6.2278,7.6455,0.1182,0.0488,0.1941,100,23,0.1871,-0.1037,1.5689,2.9804,0.2908,0.3811,0.1871,0,94,0,23
00-0034857,J.Allen,BUF,2023,4,142,0.3082,9.7611,7.7840,0.0960,0.0563,0.2531,126,16,0.4119,-0.5085,1.7063,2.9837,0.9204,0.4472,0.4119,3,118,1,16
00-0030565,G.Smith,SEA,2023,4,125,0.0670,5.5765,6.1538,0.0769,0.0320,0.1965,112,13,0.1889,-0.9837,1.4258,0.6980,1.1727,0.2577,0.1889,1,108,0,13
00-0027973,A.Dalton,CAR,2023,4,50,0.0893,-8.3777,8.4255,0.1489,0.0200,0.1840,42,8,0.2070,-0.5287,2.0169,1.2392,0.7357,0.4505,0.2070,0,41,0,8
00-0034796,L.Jackson,BAL,2023,4,127,0.0098,6.3601,7.0408,0.0816,0.1575,0.2531,110,17,0.2825,-1.7545,1.1644,3.9658,2.0370,0.4938,0.2825,0,90,1,17
00-0029701,R.Tannehill,TEN,2023,4,120,-0.0932,0.0395,9.7129,0.1881,0.0417,0.2650,93,27,0.2312,-1.2104,1.9110,1.5682,1.4416,0.2804,0.2312,2,88,1,27
00-0036442,J.Burrow,CIN,2023,4,144,-0.1669,-7.5368,6.4296,0.0741,0.0139,0.1913,120,24,-0.0364,-0.8195,1.6716,2.0323,0.7831,0.3140,-0.0364,2,118,0,24
00-0026498,M.Stafford,LA,2023,4,164,0.1116,-3.9227,7.7785,0.0738,0.0366,0.2189,139,25,0.2921,-0.8916,2.0623,1.3958,1.1836,0.2658,0.2921,4,133,1,25
00-0035289,G.Minshew,IND,2023,4,71,0.0241,0.5881,7.0769,0.1538,0.0141,0.2392,64,7,0.1875,-1.4695,1.1566,0.3587,1.6570,0.2633,0.1875,0,63,0,7
00-0039150,B.Young,CAR,2023,4,99,-0.3053,0.4048,6.2892,0.0602,0.0505,0.2567,81,18,0.0434,-1.8740,1.4574,5.8860,1.9174,0.5874,0.0434,2,76,0,18
00-0036355,J.Herbert,LAC,2023,4,163,0.1784,5.9436,8.6597,0.1597,0.0613,0.2338,145,18,0.2852,-0.6823,1.5896,3.7972,0.9675,0.4711,0.2852,1,135,0,18
00-0033106,J.Goff,DET,2023,4,134,0.1218,5.6927,7.6719,0.1328,0.0149,0.1647,110,24,0.2763,-0.5859,1.9252,4.6832,0.8622,0.4611,0.2763,2,108,1,24
00-0033873,P.Mahomes,KC,2023,4,160,0.1931,-0.0082,7.2042,0.1056,0.1000,0.1437,138,22,0.3379,-0.7157,2.2609,1.4392,1.0536,0.2860,0.3379,2,122,2,22
00-0029604,K.Cousins,MIN,2023,4,154,-0.0742,4.0305,7.4930,0.0986,0.0130,0.2024,119,35,0.2185,-1.0695,3.8881,4.2844,1.2880,0.3938,0.2185,3,117,1,35
00-0036389,J.Hurts,PHI,2023,4,141,0.1121,8.6052,9.7355,0.1488,0.0851,0.2338,122,19,0.2178,-0.5670,1.7526,2.5838,0.7849,0.3878,0.2178,3,110,0,19
00-0035710,D.Jones,NYG,2023,4,140,-0.1965,0.4164,6.8889,0.0556,0.1071,0.2829,113,27,0.0584,-1.2636,3.4422,2.4946,1.3220,0.3505,0.0584,3,98,1,27
00-0029263,R.Wilson,DEN,2023,4,134,0.0810,9.5134,6.9746,0.1271,0.0373,0.2150,104,30,0.2278,-0.4282,2.1291,3.9537,0.6560,0.3902,0.2278,2,99,0,30
00-0036264,J.Love,GB,2023,4,132,0.1089,-6.0502,9.8793,0.1466,0.0530,0.2219,115,17,0.2119,-0.5878,2.2906,1.5797,0.7998,0.3359,0.2119,2,108,0,17
00-0036212,T.Tagovailoa,MIA,2023,4,135,0.4866,6.6251,8.3465,0.1339,0.0296,0.1855,123,12,0.6014,-0.6905,1.9855,2.8365,1.2919,0.5025,0.6014,2,119,1,12
00-0036972,M.Jones,NE,2023,4,156,-0.1671,-2.8496,7.8662,0.1127,0.0385,0.2152,137,19,-0.0459,-1.0410,3.3789,2.8583,0.9950,0.4185,-0.0459,4,131,0,19
00-0034855,B.Mayfield,TB,2023,4,134,0.1141,5.9477,7.5128,0.1111,0.0970,0.2036,123,11,0.1603,-0.4024,2.0389,2.1226,0.5627,0.4578,0.1603,2,110,0,11
00-0031280,D.Carr,NO,2023,4,134,-0.0395,1.3605,8.1653,0.1405,0.0075,0.2704,115,19,0.1100,-0.9445,1.7795,1.5616,1.0545,0.3125,0.1100,2,114,0,19
00-0038122,D.Ridder,ATL,2023,4,119,-0.2361,-5.4499,7.2500,0.1100,0.0504,0.2730,97,22,-0.1188,-0.7531,2.7870,2.6648,0.6342,0.3871,-0.1188,2,91,1,22
00-0037013,Z.Wilson,NYJ,2023,4,124,-0.1269,0.3500,6.6481,0.0648,0.0565,0.2189,99,25,-0.0134,-0.5766,1.5806,1.6083,0.5632,0.2834,-0.0134,1,92,0,25
00-0031345,J.Garoppolo,LV,2023,4,91,0.0755,1.1515,8.9518,0.0964,0.0549,0.1855,79,12,0.2626,-1.1560,2.3325,4.4047,1.4185,0.6298,0.2626,4,74,2,12
00-0037077,S.Howell,WAS,2023,4,161,-0.0614,4.3963,7.6183,0.0916,0.0621,0.2989,128,33,0.2625,-1.3177,1.8126,3.5075,1.5801,0.3471,0.2625,3,118,1,33
00-0033537,D.Watson,CLE,2023,4,116,-0.2154,-0.9067,9.7732,0.1340,0.0603,0.2630,95,21,0.0329,-1.3385,2.6090,2.1884,1.3715,0.3629,0.0329,2,88,0,21
00-0037834,B.Purdy,SF,2023,4,109,0.3840,8.2588,7.4158,0.0891,0.0092,0.2254,93,16,0.6598,-1.2190,1.6785,3.9357,1.8788,0.5138,0.6598,0,92,0,16
00-0038102,K.Pickett,PIT,2023,4,120,-0.2656,-6.7231,6.9727,0.0636,0.0167,0.2111,96,24,-0.1417,-0.7610,2.8727,3.2722,0.6193,0.4078,-0.1417,3,94,0,24
00-0039164,A.Richardson,IND,2023,4,84,-0.0265,-12.9138,7.2143,0.1000,0.0714,0.2400,72,12,0.0869,-0.7068,2.4307,1.2501,0.7938,0.3714,0.0869,1,66,0,12
00-0036945,J.Fields,CHI,2023,4,118,-0.1035,5.5701,8.4316,0.1684,0.0678,0.2810,93,25,0.1696,-1.1196,2.3171,5.1653,1.2892,0.4812,0.1696,3,85,0,25
00-0036971,T.Lawrence,JAX,2023,4,147,-0.1250,-2.3371,6.3178,0.0930,0.0680,0.2269,128,19,0.0897,-1.5717,1.4880,8.0204,1.6614,0.6586,0.0897,1,118,1,19
00-0033077,D.Prescott,DAL,2023,4,135,0.1021,3.4570,5.5520,0.0640,0.0296,0.2062,117,18,0.2265,-0.7063,1.9108,2.1957,0.9328,0.3719,0.2265,1,113,0,18
00-0037077,S.Howell,WAS,2023,5,205,-0.0578,5.3790,7.4167,0.1012,0.0634,0.2990,165,40,0.2216,-1.2102,1.9162,3.1095,1.4318,0.2989,0.2216,4,152,1,40
00-0033873,P.Mahomes,KC,2023,5,201,0.2291,2.1374,7.0166,0.1105,0.0796,0.1493,170,31,0.3528,-0.4490,2.0511,2.0203,0.8018,0.2779,0.3528,2,154,2,31
00-0036355,J.Herbert,LAC,2023,5,163,0.1784,5.9436,8.6597,0.1597,0.0613,0.2338,145,18,0.2852,-0.6823,1.5896,3.7972,0.9675,0.4711,0.2852,1,135,0,18
00-0030565,G.Smith,SEA,2023,5,125,0.0670,5.5765,6.1538,0.0769,0.0320,0.1965,112,13,0.1889,-0.9837,1.4258,0.6980,1.1727,0.2577,0.1889,1,108,0,13
00-0034857,J.Allen,BUF,2023,5,181,0.2818,9.8563,8.2778,0.0988,0.0497,0.2348,160,21,0.3765,-0.4391,1.7579,2.5378,0.8155,0.3631,0.3765,4,151,1,21
00-0029604,K.Cousins,MIN,2023,5,201,-0.0766,1.7890,7.4731,0.0968,0.0100,0.2020,154,47,0.2218,-1.0547,3.5446,3.4131,1.2765,0.3093,0.2218,3,152,1,47
00-0036442,J.Burrow,CIN,2023,5,189,-0.0653,-3.3955,6.5771,0.0686,0.0212,0.2132,161,28,0.0965,-0.9953,1.6253,2.1176,1.0918,0.2928,0.0965,2,157,1,28
00-0035289,G.Minshew,IND,2023,5,86,0.0905,2.5539,6.7595,0.1266,0.0233,0.2346,78,8,0.2115,-1.0896,1.3564,1.4617,1.3012,0.4473,0.2115,0,76,0,8
00-0031280,D.Carr,NO,2023,5,159,-0.0174,2.5714,8.4685,0.1608,0.0126,0.2827,138,21,0.1417,-1.0629,1.8048,1.5487,1.2046,0.2947,0.1417,2,136,0,21
00-0031345,J.Garoppolo,LV,2023,5,125,0.0450,0.9151,7.9558,0.0708,0.0480,0.2095,108,17,0.2678,-1.3705,2.2781,3.3006,1.6383,0.4639,0.2678,5,102,2,17
00-0037013,Z.Wilson,NYJ,2023,5,157,-0.1438,1.7825,6.7090,0.0746,0.0637,0.2434,127,30,-0.0147,-0.6906,1.6385,1.4269,0.6759,0.2459,-0.0147,2,117,0,30
00-0038102,K.Pickett,PIT,2023,5,157,-0.1862,-6.5525,7.5493,0.0915,0.0191,0.2333,130,27,-0.0339,-0.9197,2.6436,3.1245,0.8859,0.3689,-0.0339,3,127,0,27
00-0034796,L.Jackson,BAL,2023,5,169,-0.0942,3.8369,8.0970,0.1119,0.1361,0.2667,146,23,0.1810,-1.8411,1.4001,3.8716,2.0221,0.4218,0.1810,1,123,1,23
00-0039150,B.Young,CAR,2023,5,129,-0.3083,-0.5030,6.2883,0.0541,0.0465,0.2459,105,24,0.0101,-1.7014,1.9086,4.5474,1.7116,0.4557,0.0101,4,99,0,24
00-0036945,J.Fields,CHI,2023,5,149,-0.0253,4.8085,8.4754,0.1639,0.0604,0.2800,116,33,0.2278,-0.9151,2.4887,4.4552,1.1429,0.3955,0.2278,3,107,0,33
00-0036972,M.Jones,NE,2023,5,180,-0.2486,-4.1409,8.0427,0.1280,0.0333,0.2282,158,22,-0.1008,-1.3098,3.2240,4.0109,1.2090,0.4502,-0.1008,5,152,1,22
00-0033106,J.Goff,DET,2023,5,163,0.1229,4.9499,7.2323,0.1161,0.0123,0.1714,132,31,0.3075,-0.6634,1.9540,3.9054,0.9709,0.3752,0.3075,2,130,1,31
00-0038122,D.Ridder,ATL,2023,5,158,-0.1243,-1.8533,7.5182,0.1095,0.0443,0.2590,132,26,-0.0342,-0.5815,2.7134,2.6333,0.5473,0.3491,-0.0342,2,125,1,26
00-0027973,A.Dalton,CAR,2023,5,50,0.0893,-8.3777,8.4255,0.1489,0.0200,0.1840,42,8,0.2070,-0.5287,2.0169,1.2392,0.7357,0.4505,0.2070,0,41,0,8
00-0037834,B.Purdy,SF,2023,5,133,0.4483,7.5477,7.7500,0.0968,0.0075,0.2303,115,18,0.6665,-0.9459,1.7311,4.7062,1.6124,0.5258,0.6665,0,114,0,18
00-0033537,D.Watson,CLE,2023,5,116,-0.2154,-0.9067,9.7732,0.1340,0.0603,0.2630,95,21,0.0329,-1.3385,2.6090,2.1884,1.3715,0.3629,0.0329,2,88,0,21
00-0039164,A.Richardson,IND,2023,5,97,-0.0009,-9.1115,7.7805,0.1220,0.0619,0.2491,84,13,0.1266,-0.8246,2.3863,1.3263,0.9512,0.3611,0.1266,1,78,0,13
00-0033949,J.Dobbs,ARI,2023,5,147,0.0481,3.2361,7.8485,0.1364,0.0408,0.2027,119,28,0.1681,-0.4618,2.0132,3.6740,0.6299,0.3849,0.1681,1,113,0,28
00-0036212,T.Tagovailoa,MIA,2023,5,162,0.4116,7.0730,7.6908,0.1250,0.0309,0.1965,149,13,0.5113,-0.7317,3.1987,2.6223,1.2431,0.4724,0.5113,4,144,1,13
00-0033077,D.Prescott,DAL,2023,5,158,0.0680,3.5374,6.6690,0.0897,0.0253,0.2219,134,24,0.1764,-0.5371,1.9216,2.6876,0.7135,0.3554,0.1764,2,130,0,24
00-0029263,R.Wilson,DEN,2023,5,170,0.0290,8.4876,6.3056,0.1111,0.0647,0.2330,133,37,0.2540,-0.7796,2.0570,4.8944,1.0336,0.3844,0.2540,2,122,0,37
00-0035710,D.Jones,NYG,2023,5,163,-0.1658,1.5314,6.7120,0.0640,0.0982,0.3000,129,34,0.1181,-1.2428,3.2241,2.0340,1.3609,0.2912,0.1181,3,113,1,34
00-0029701,R.Tannehill,TEN,2023,5,152,-0.0026,0.6904,9.2443,0.1756,0.0395,0.2523,118,34,0.2977,-1.0450,1.7490,1.5081,1.3427,0.2433,0.2977,2,112,1,34
00-0036264,J.Love,GB,2023,5,166,0.0066,-8.0652,9.4863,0.1507,0.0542,0.2382,147,19,0.0901,-0.6398,2.6822,1.4423,0.7299,0.3068,0.0901,5,138,0,19
00-0036389,J.Hurts,PHI,2023,5,184,0.1509,7.5075,9.2704,0.1509,0.0870,0.2382,163,21,0.2497,-0.6157,1.9746,2.3520,0.8654,0.3523,0.2497,4,147,0,21
00-0034855,B.Mayfield,TB,2023,5,134,0.1141,5.9477,7.5128,0.1111,0.0970,0.2036,123,11,0.1603,-0.4024,2.0389,2.1226,0.5627,0.4578,0.1603,2,110,0,11
00-0039163,C.Stroud,HOU,2023,5,161,0.0772,-2.3365,7.9728,0.0544,0.0373,0.2054,135,26,0.3893,-1.5436,1.8234,2.5837,1.9329,0.3360,0.3893,0,129,0,26
00-0026498,M.Stafford,LA,2023,5,200,0.0955,-4.5033,7.9945,0.0879,0.0300,0.2286,168,32,0.2747,-0.8457,2.0049,1.4554,1.1204,0.2396,0.2747,4,162,1,32
00-0036971,T.Lawrence,JAX,2023,5,194,-0.0479,-1.3314,6.6807,0.0843,0.0773,0.2525,167,27,0.1690,-1.3897,1.3953,7.1932,1.5588,0.5242,0.1690,1,152,1,27
00-0034796,L.Jackson,BAL,2023,6,204,-0.0436,4.4200,8.0617,0.1173,0.1422,0.2730,180,24,0.1947,-1.8308,1.5548,3.7058,2.0255,0.4038,0.1947,2,151,1,24
00-0038102,K.Pickett,PIT,2023,6,157,-0.1862,-6.5525,7.5493,0.0915,0.0191,0.2333,130,27,-0.0339,-0.9197,2.6436,3.1245,0.8859,0.3689,-0.0339,3,127,0,27
00-0029604,K.Cousins,MIN,2023,6,233,-0.0875,1.9923,7.2546,0.0926,0.0086,0.2094,181,52,0.1942,-1.0678,3.2064,3.3071,1.2620,0.2852,0.1942,3,179,1,52
00-0036264,J.Love,GB,2023,6,166,0.0066,-8.0652,9.4863,0.1507,0.0542,0.2382,147,19,0.0901,-0.6398,2.6822,1.4423,0.7299,0.3068,0.0901,5,138,0,19
00-0027973,A.Dalton,CAR,2023,6,50,0.0893,-8.3777,8.4255,0.1489,0.0200,0.1840,42,8,0.2070,-0.5287,2.0169,1.2392,0.7357,0.4505,0.2070,0,41,0,8
00-0033949,J.Dobbs,ARI,2023,6,172,0.0146,2.0363,7.8701,0.1299,0.0465,0.2025,140,32,0.1200,-0.4465,2.2518,3.7078,0.5665,0.3633,0.1200,2,132,0,32
00-0036212,T.Tagovailoa,MIA,2023,6,188,0.4519,7.4556,7.9775,0.1404,0.0266,0.1931,174,14,0.5511,-0.7807,3.0412,2.4542,1.3318,0.4391,0.5511,4,169,1,14
00-0031280,D.Carr,NO,2023,6,211,0.0116,3.2928,8.9585,0.1762,0.0095,0.2762,183,28,0.1737,-1.0479,1.7634,1.3003,1.2216,0.2368,0.1737,2,181,1,28
00-0033077,D.Prescott,DAL,2023,6,196,0.1055,3.2156,7.0400,0.0971,0.0357,0.2524,166,30,0.2589,-0.7434,1.9593,2.3873,1.0023,0.3023,0.2589,2,159,0,30
00-0026498,M.Stafford,LA,2023,6,225,0.1036,-3.2302,8.1182,0.0887,0.0311,0.2467,190,35,0.2926,-0.9223,1.9806,1.4013,1.2149,0.2246,0.2926,4,183,1,35
00-0033873,P.Mahomes,KC,2023,6,238,0.2206,2.5330,6.5047,0.0935,0.0798,0.1525,203,35,0.3469,-0.5120,1.8840,2.2669,0.8589,0.2721,0.3469,2,184,3,35
00-0037077,S.Howell,WAS,2023,6,233,-0.0495,5.3708,7.6684,0.1158,0.0601,0.3061,184,49,0.2405,-1.1386,1.9101,2.6727,1.3791,0.2548,0.2405,4,170,1,49
00-0039163,C.Stroud,HOU,2023,6,191,0.0609,-3.4800,8.0862,0.0690,0.0366,0.2177,162,29,0.3543,-1.5781,1.8465,2.3207,1.9324,0.3024,0.3543,1,155,0,29
00-0036945,J.Fields,CHI,2023,6,166,-0.0722,3.4981,8.1439,0.1515,0.0723,0.2920,127,39,0.2053,-0.9760,2.4987,3.8173,1.1813,0.3429,0.2053,4,115,0,39
00-0034857,J.Allen,BUF,2023,6,212,0.2346,8.2457,8.2932,0.1099,0.0519,0.2314,190,22,0.2968,-0.3024,1.8931,2.8277,0.5992,0.3721,0.2968,5,179,1,22
00-0037834,B.Purdy,SF,2023,6,163,0.3007,3.9280,8.0733,0.1000,0.0123,0.2427,138,25,0.5206,-0.9128,1.8154,3.5455,1.4334,0.3937,0.5206,1,136,0,25
00-0039150,B.Young,CAR,2023,6,158,-0.2645,1.7163,6.7754,0.0652,0.0380,0.2463,128,30,0.0220,-1.4865,1.8729,4.1451,1.5085,0.3909,0.0220,4,122,0,30
00-0035710,D.Jones,NYG,2023,6,163,-0.1658,1.5314,6.7120,0.0640,0.0982,0.3000,129,34,0.1181,-1.2428,3.2241,2.0340,1.3609,0.2912,0.1181,3,113,1,34
00-0038122,D.Ridder,ATL,2023,6,207,-0.1132,-2.2461,7.7569,0.1105,0.0435,0.2698,175,32,-0.0262,-0.5889,2.7444,2.7107,0.5628,0.3168,-0.0262,5,166,1,32
00-0033537,D.Watson,CLE,2023,6,116,-0.2154,-0.9067,9.7732,0.1340,0.0603,0.2630,95,21,0.0329,-1.3385,2.6090,2.1884,1.3715,0.3629,0.0329,2,88,0,21
00-0037013,Z.Wilson,NYJ,2023,6,198,-0.1574,-0.4866,6.9341,0.0778,0.0606,0.2625,160,38,-0.0117,-0.7708,1.4970,1.2355,0.7591,0.2046,-0.0117,2,148,0,38
00-0029701,R.Tannehill,TEN,2023,6,170,-0.0642,0.0551,9.1293,0.1701,0.0353,0.2521,130,40,0.2534,-1.0963,1.8029,1.3614,1.3497,0.2189,0.2534,3,124,1,40
00-0036389,J.Hurts,PHI,2023,6,234,0.0801,5.1066,9.0098,0.1422,0.0812,0.2493,210,24,0.1513,-0.5425,2.3299,2.5149,0.6938,0.3404,0.1513,7,191,0,24
00-0029263,R.Wilson,DEN,2023,6,189,-0.0570,6.4458,5.9494,0.1013,0.0688,0.2495,149,40,0.1550,-0.8468,2.3378,4.6258,1.0018,0.3624,0.1550,4,136,0,40
00-0035289,G.Minshew,IND,2023,6,124,0.0045,1.2904,6.2456,0.1140,0.0242,0.2448,112,12,0.1306,-1.1728,1.8783,3.4036,1.3034,0.5481,0.1306,2,109,0,12
00-0036971,T.Lawrence,JAX,2023,6,222,-0.0216,-0.0906,6.7644,0.0890,0.0766,0.2554,193,29,0.1836,-1.3870,1.4384,6.7397,1.5705,0.4898,0.1836,1,176,1,29
00-0033106,J.Goff,DET,2023,6,203,0.1839,3.8773,7.1719,0.1042,0.0148,0.1877,169,34,0.3399,-0.5916,2.0193,3.7224,0.9315,0.3485,0.3399,2,166,1,34
00-0031345,J.Garoppolo,LV,2023,6,148,0.0702,-0.0924,7.6741,0.0741,0.0473,0.2000,128,20,0.2797,-1.2701,2.3504,3.1088,1.5498,0.4169,0.2797,6,121,2,20
00-0036442,J.Burrow,CIN,2023,6,228,-0.0667,-3.0439,6.4429,0.0714,0.0219,0.2286,195,33,0.0818,-0.9439,1.5378,2.0303,1.0257,0.2635,0.0818,3,190,1,33
00-0034855,B.Mayfield,TB,2023,6,160,0.0356,1.6759,7.7305,0.1135,0.0938,0.2000,148,12,0.0716,-0.4089,2.1288,1.9301,0.4805,0.4186,0.0716,3,133,0,12
00-0030565,G.Smith,SEA,2023,6,173,0.0309,7.6160,6.7405,0.1013,0.0405,0.2054,147,26,0.1834,-0.8314,1.6537,1.5213,1.0148,0.2641,0.1834,3,140,0,26
00-0036972,M.Jones,NE,2023,6,216,-0.2219,-3.1958,7.5888,0.1218,0.0278,0.2494,191,25,-0.0731,-1.3584,2.9850,3.5514,1.2853,0.3971,-0.0731,6,185,1,25
00-0039164,A.Richardson,IND,2023,6,97,-0.0009,-9.1115,7.7805,0.1220,0.0619,0.2491,84,13,0.1266,-0.8246,2.3863,1.3263,0.9512,0.3611,0.1266,1,78,0,13
00-0036355,J.Herbert,LAC,2023,6,206,0.1398,3.4329,8.3039,0.1436,0.0728,0.2189,180,26,0.2528,-0.6426,1.6427,3.4197,0.8953,0.3750,0.2528,1,165,1,26
00-0027973,A.Dalton,CAR,2023,7,50,0.0893,-8.3777,8.4255,0.1489,0.0200,0.1840,42,8,0.2070,-0.5287,2.0169,1.2392,0.7357,0.4505,0.2070,0,41,0,8
00-0037077,S.Howell,WAS,2023,7,282,-0.0885,3.9193,7.9052,0.1250,0.0532,0.3145,223,59,0.1926,-1.1509,1.9710,2.3345,1.3435,0.2200,0.1926,5,208,1,59
00-0029701,R.Tannehill,TEN,2023,7,170,-0.0642,0.0551,9.1293,0.1701,0.0353,0.2521,130,40,0.2534,-1.0963,1.8029,1.3614,1.3497,0.2189,0.2534,3,124,1,40
00-0028118,T.Taylor,NYG,2023,7,78,0.0349,5.2894,9.0159,0.1746,0.1026,0.2536,68,10,0.2260,-1.2646,1.9809,0.4899,1.4906,0.2795,0.2260,0,60,0,10
00-0039150,B.Young,CAR,2023,7,158,-0.2645,1.7163,6.7754,0.0652,0.0380,0.2463,128,30,0.0220,-1.4865,1.8729,4.1451,1.5085,0.3909,0.0220,4,122,0,30
00-0034857,J.Allen,BUF,2023,7,258,0.2313,7.9782,8.7629,0.1207,0.0581,0.2234,230,28,0.2970,-0.3080,1.9117,2.6766,0.6050,0.3223,0.2970,6,215,1,28
00-0035289,G.Minshew,IND,2023,7,154,0.0364,1.1372,6.7226,0.1314,0.0390,0.2716,137,17,0.2553,-1.7280,2.5904,5.3397,1.9833,0.5771,0.2553,3,131,0,17
00-0038122,D.Ridder,ATL,2023,7,235,-0.0601,-0.2226,7.8010,0.1019,0.0468,0.2750,202,33,0.0389,-0.6655,2.6315,2.8197,0.7044,0.3138,0.0389,5,191,1,33
00-0033873,P.Mahomes,KC,2023,7,282,0.2583,4.1344,6.8275,0.0980,0.0745,0.1553,243,39,0.3903,-0.5647,1.9713,2.0995,0.9550,0.2489,0.3903,2,222,4,39
00-0036971,T.Lawrence,JAX,2023,7,256,-0.0081,-0.5799,6.7227,0.0864,0.0859,0.2554,227,29,0.1680,-1.3870,1.5847,6.7397,1.5550,0.4893,0.1680,1,205,1,29
00-0037834,B.Purdy,SF,2023,7,195,0.3011,3.5212,8.1117,0.1006,0.0205,0.2430,167,28,0.4945,-0.8529,1.8794,3.4544,1.3474,0.3669,0.4945,3,163,0,28
00-0036945,J.Fields,CHI,2023,7,166,-0.0722,3.4981,8.1439,0.1515,0.0723,0.2920,127,39,0.2053,-0.9760,2.4987,3.8173,1.1813,0.3429,0.2053,4,115,0,39
00-0038102,K.Pickett,PIT,2023,7,185,-0.1592,-4.9563,7.6946,0.0898,0.0216,0.2322,151,34,-0.0232,-0.7634,2.4931,3.4038,0.7402,0.3415,-0.0232,3,147,0,34
00-0033949,J.Dobbs,ARI,2023,7,204,-0.0307,-0.3762,7.6831,0.1202,0.0441,0.2092,167,37,0.0875,-0.5645,2.0272,3.3036,0.6520,0.3185,0.0875,2,158,0,37
00-0031345,J.Garoppolo,LV,2023,7,148,0.0702,-0.0924,7.6741,0.0741,0.0473,0.2000,128,20,0.2797,-1.2701,2.3504,3.1088,1.5498,0.4169,0.2797,6,121,2,20
00-0033077,D.Prescott,DAL,2023,7,196,0.1055,3.2156,7.0400,0.0971,0.0357,0.2524,166,30,0.2589,-0.7434,1.9593,2.3873,1.0023,0.3023,0.2589,2,159,0,30
00-0039164,A.Richardson,IND,2023,7,97,-0.0009,-9.1115,7.7805,0.1220,0.0619,0.2491,84,13,0.1266,-0.8246,2.3863,1.3263,0.9512,0.3611,0.1266,1,78,0,13
00-0026498,M.Stafford,LA,2023,7,258,0.0873,-5.2377,8.2371,0.1034,0.0310,0.2521,219,39,0.2761,-0.9728,2.2997,1.2781,1.2489,0.2080,0.2761,5,211,1,39
00-0031280,D.Carr,NO,2023,7,271,-0.0508,0.8851,8.2702,0.1532,0.0185,0.2630,236,35,0.0747,-0.8973,1.8275,1.6854,0.9721,0.2364,0.0747,3,231,1,35
00-0036355,J.Herbert,LAC,2023,7,233,0.1292,2.6528,8.2696,0.1373,0.0687,0.2370,203,30,0.2659,-0.7962,1.7851,3.1761,1.0621,0.3386,0.2659,2,187,1,30
00-0036264,J.Love,GB,2023,7,199,0.0530,-5.9312,9.0226,0.1412,0.0553,0.2282,177,22,0.1264,-0.5374,2.5810,1.4556,0.6638,0.2842,0.1264,6,166,0,22
00-0033106,J.Goff,DET,2023,7,241,0.0925,2.8481,6.8622,0.0933,0.0124,0.2196,201,40,0.2644,-0.7715,2.0242,3.3814,1.0359,0.3076,0.2644,3,198,1,40
00-0039163,C.Stroud,HOU,2023,7,191,0.0609,-3.4800,8.0862,0.0690,0.0366,0.2177,162,29,0.3543,-1.5781,1.8465,2.3207,1.9324,0.3024,0.3543,1,155,0,29
00-0030565,G.Smith,SEA,2023,7,200,0.0759,8.6709,7.1160,0.1160,0.0450,0.2205,172,28,0.2368,-0.9127,1.8217,1.5049,1.1495,0.2536,0.2368,4,163,0,28
00-0036972,M.Jones,NE,2023,7,249,-0.1547,-1.4874,7.0264,0.1057,0.0321,0.2463,220,29,-0.0360,-1.0556,2.7826,3.9180,1.0196,0.3844,-0.0360,6,212,1,29
00-0037013,Z.Wilson,NYJ,2023,7,198,-0.1574,-0.4866,6.9341,0.0778,0.0606,0.2625,160,38,-0.0117,-0.7708,1.4970,1.2355,0.7591,0.2046,-0.0117,2,148,0,38
00-0034796,L.Jackson,BAL,2023,7,233,0.0646,5.1301,8.0909,0.1176,0.1416,0.2693,208,25,0.2749,-1.6849,1.7029,4.0835,1.9598,0.4142,0.2749,2,175,1,25
00-0036212,T.Tagovailoa,MIA,2023,7,219,0.3876,7.6153,8.0337,0.1346,0.0228,0.2000,203,16,0.4644,-0.5873,3.0562,2.6923,1.0518,0.4282,0.4644,5,198,1,16
00-0035710,D.Jones,NYG,2023,7,163,-0.1658,1.5314,6.7120,0.0640,0.0982,0.3000,129,34,0.1181,-1.2428,3.2241,2.0340,1.3609,0.2912,0.1181,3,113,1,34
00-0036442,J.Burrow,CIN,2023,7,228,-0.0667,-3.0439,6.4429,0.0714,0.0219,0.2286,195,33,0.0818,-0.9439,1.5378,2.0303,1.0257,0.2635,0.0818,3,190,1,33
00-0033275,P.Walker,CLE,2023,7,71,-0.2685,-14.8844,7.5231,0.1231,0.0282,0.1898,56,15,-0.2019,-0.5173,2.8127,1.4843,0.3153,0.3862,-0.2019,3,54,0,15
00-0029263,R.Wilson,DEN,2023,7,220,-0.0261,7.6362,6.2406,0.1070,0.0636,0.2495,177,43,0.1686,-0.8273,2.1564,4.3417,0.9959,0.3364,0.1686,4,163,0,43
00-0029604,K.Cousins,MIN,2023,7,277,-0.0265,3.2576,6.9808,0.0846,0.0072,0.1982,219,58,0.2069,-0.9076,3.2538,3.2889,1.1146,0.2675,0.2069,4,217,1,58
00-0033537,D.Watson,CLE,2023,7,121,-0.2550,-3.0236,9.8039,0.1373,0.0579,0.2595,99,22,-0.0130,-1.3441,2.5805,2.0849,1.3311,0.3476,-0.0130,3,92,0,22
00-0036389,J.Hurts,PHI,2023,7,270,0.0855,5.7980,8.7915,0.1362,0.0778,0.2617,241,29,0.1678,-0.5982,2.5432,3.1560,0.7660,0.3455,0.1678,8,220,0,29
00-0034855,B.Mayfield,TB,2023,7,206,0.0163,0.8273,7.6940,0.1093,0.0777,0.2185,187,19,0.0854,-0.6645,2.3099,1.4050,0.7499,0.2938,0.0854,4,171,0,19
00-0036442,J.Burrow,CIN,2023,8,266,-0.0154,-0.2377,6.3388,0.0702,0.0301,0.2362,226,40,0.1061,-0.7023,1.5995,2.5331,0.8085,0.2653,0.1061,3,218,1,40
00-0037013,Z.Wilson,NYJ,2023,8,240,-0.1907,-3.3956,7.0941,0.0792,0.0625,0.2679,193,47,0.0003,-0.9748,1.5421,1.7649,0.9751,0.2134,0.0003,2,178,0,47
00-0033873,P.Mahomes,KC,2023,8,318,0.1944,3.4224,6.8502,0.0976,0.0755,0.1543,273,45,0.3400,-0.6888,2.1388,2.2827,1.0288,0.2420,0.3400,3,249,4,45
00-0035289,G.Minshew,IND,2023,8,190,-0.0017,-1.3919,6.8655,0.1228,0.0368,0.2595,167,23,0.2003,-1.4680,2.4946,4.7301,1.6683,0.4697,0.2003,4,160,0,23
00-0028118,T.Taylor,NYG,2023,8,91,-0.0956,4.7899,8.5000,0.1571,0.1319,0.2613,77,14,0.1246,-1.3068,1.8640,0.4314,1.4314,0.2346,0.1246,0,65,0,14
00-0031345,J.Garoppolo,LV,2023,8,165,-0.0316,-2.1829,7.8121,0.0872,0.0485,0.2111,141,24,0.1762,-1.2521,2.5006,2.7909,1.4283,0.3661,0.1762,7,133,2,24
00-0026498,M.Stafford,LA,2023,8,283,0.0614,-5.5157,8.1220,0.1024,0.0318,0.2520,241,42,0.2448,-0.9907,2.5628,1.2783,1.2355,0.2027,0.2448,6,232,1,42
00-0036971,T.Lawrence,JAX,2023,8,292,0.0022,0.3403,6.7222,0.0952,0.0788,0.2689,259,33,0.1810,-1.4006,1.9515,5.9851,1.5815,0.4346,0.1810,2,236,1,33
00-0033106,J.Goff,DET,2023,8,276,0.0639,2.9994,6.6038,0.0846,0.0109,0.2104,232,44,0.1947,-0.6253,2.6216,3.4903,0.8200,0.3010,0.1947,4,229,1,44
00-0033275,P.Walker,CLE,2023,8,106,-0.1988,-11.5943,7.8632,0.1263,0.0377,0.1972,81,25,-0.1605,-0.3230,2.7165,3.6086,0.1625,0.4218,-0.1605,5,77,0,25
00-0029701,R.Tannehill,TEN,2023,8,170,-0.0642,0.0551,9.1293,0.1701,0.0353,0.2521,130,40,0.2534,-1.0963,1.8029,1.3614,1.3497,0.2189,0.2534,3,124,1,40
00-0039150,B.Young,CAR,2023,8,198,-0.2093,1.6869,6.6923,0.0710,0.0455,0.2729,160,38,0.0567,-1.3294,1.7971,3.6449,1.3861,0.3273,0.0567,4,151,0,38
00-0036212,T.Tagovailoa,MIA,2023,8,265,0.3842,6.8616,7.8765,0.1235,0.0226,0.2185,247,18,0.4625,-0.6902,2.9736,2.4674,1.1527,0.3862,0.4625,6,241,1,18
00-0039164,A.Richardson,IND,2023,8,97,-0.0009,-9.1115,7.7805,0.1220,0.0619,0.2491,84,13,0.1266,-0.8246,2.3863,1.3263,0.9512,0.3611,0.1266,1,78,0,13
00-0033949,J.Dobbs,ARI,2023,8,223,-0.1036,-1.0255,7.4577,0.1144,0.0404,0.2110,183,40,-0.0138,-0.5143,2.2107,3.4303,0.5005,0.3128,-0.0138,4,174,0,40
00-0036945,J.Fields,CHI,2023,8,166,-0.0722,3.4981,8.1439,0.1515,0.0723,0.2920,127,39,0.2053,-0.9760,2.4987,3.8173,1.1813,0.3429,0.2053,4,115,0,39
00-0033077,D.Prescott,DAL,2023,8,231,0.1317,3.9064,7.1675,0.0936,0.0476,0.2689,198,33,0.2963,-0.8558,2.1181,2.3324,1.1521,0.2853,0.2963,3,187,0,33
00-0029604,K.Cousins,MIN,2023,8,305,0.0323,4.1324,6.9268,0.0767,0.0098,0.1930,244,61,0.2513,-0.8439,3.1155,3.2599,1.0953,0.2573,0.2513,4,241,1,61
00-0034857,J.Allen,BUF,2023,8,298,0.2168,8.3441,8.4232,0.1161,0.0604,0.2341,267,31,0.2829,-0.3528,2.0036,2.6071,0.6357,0.3027,0.2829,7,249,1,31
00-0034796,L.Jackson,BAL,2023,8,263,0.0415,4.2657,7.8310,0.1174,0.1293,0.2829,234,29,0.2500,-1.6408,1.6723,3.5190,1.8908,0.3585,0.2500,2,200,1,29
00-0034855,B.Mayfield,TB,2023,8,235,0.0008,0.9123,7.6346,0.1058,0.0766,0.2219,210,25,0.0897,-0.7462,2.1798,1.1486,0.8359,0.2373,0.0897,4,192,0,25
00-0035710,D.Jones,NYG,2023,8,163,-0.1658,1.5314,6.7120,0.0640,0.0982,0.3000,129,34,0.1181,-1.2428,3.2241,2.0340,1.3609,0.2912,0.1181,3,113,1,34
00-0027973,A.Dalton,CAR,2023,8,50,0.0893,-8.3777,8.4255,0.1489,0.0200,0.1840,42,8,0.2070,-0.5287,2.0169,1.2392,0.7357,0.4505,0.2070,0,41,0,8
00-0031280,D.Carr,NO,2023,8,299,-0.0008,1.4064,8.6655,0.1600,0.0167,0.2653,262,37,0.1316,-0.9383,1.9767,2.0158,1.0699,0.2491,0.1316,3,257,1,37
00-0037077,S.Howell,WAS,2023,8,333,-0.0789,4.3166,7.7536,0.1250,0.0511,0.3058,268,65,0.1766,-1.1323,2.0122,2.2843,1.3089,0.2065,0.1766,6,251,1,65
00-0036389,J.Hurts,PHI,2023,8,311,0.1555,7.1115,8.6813,0.1319,0.0707,0.2667,278,33,0.2148,-0.3442,2.4659,3.9610,0.5591,0.3590,0.2148,8,256,0,33
00-0038122,D.Ridder,ATL,2023,8,253,-0.0989,-0.3685,7.8073,0.1009,0.0474,0.2980,215,38,0.0372,-0.8692,2.5138,3.0670,0.9065,0.3040,0.0372,5,203,1,38
00-0039163,C.Stroud,HOU,2023,8,219,0.0382,-3.1729,8.0101,0.0758,0.0365,0.2286,187,32,0.3061,-1.5272,1.9251,2.1380,1.8333,0.2777,0.3061,1,179,0,32
00-0036972,M.Jones,NE,2023,8,275,-0.1653,-1.5541,6.8606,0.0996,0.0291,0.2494,241,34,-0.0158,-1.2251,2.6778,4.3233,1.2093,0.3718,-0.0158,6,233,2,34
00-0037834,B.Purdy,SF,2023,8,227,0.2825,3.6468,8.2927,0.1122,0.0441,0.2286,194,33,0.4536,-0.7237,2.1803,3.1080,1.1774,0.3247,0.4536,5,184,0,33
00-0036264,J.Love,GB,2023,8,239,0.0191,-5.3386,8.4834,0.1327,0.0586,0.2400,211,28,0.0919,-0.5298,2.3928,1.5262,0.6217,0.2566,0.0919,7,197,0,28
00-0030565,G.Smith,SEA,2023,8,238,0.0748,7.0925,7.2110,0.1055,0.0378,0.2220,207,31,0.2107,-0.8329,1.8956,1.5513,1.0436,0.2433,0.2107,6,198,0,31
00-0038102,K.Pickett,PIT,2023,8,203,-0.1755,-3.8970,7.7596,0.0984,0.0246,0.2280,164,39,-0.0252,-0.8077,2.3687,3.0078,0.7825,0.3026,-0.0252,3,159,0,39
00-0038416,T.Bagent,CHI,2023,8,68,-0.1600,1.4304,5.2222,0.0635,0.0294,0.2125,63,5,0.0330,-2.5926,1.8401,18.3578,2.6256,1.9237,0.0330,2,61,0,5
00-0033537,D.Watson,CLE,2023,8,121,-0.2550,-3.0236,9.8039,0.1373,0.0579,0.2595,99,22,-0.0130,-1.3441,2.5805,2.0849,1.3311,0.3476,-0.0130,3,92,0,22
00-0036355,J.Herbert,LAC,2023,8,269,0.1635,2.8088,7.6276,0.1213,0.0632,0.2313,237,32,0.2985,-0.8361,1.7491,2.9972,1.1346,0.3179,0.2985,2,220,1,32
00-0029263,R.Wilson,DEN,2023,8,248,-0.0293,7.1406,6.3366,0.1171,0.0766,0.2649,197,51,0.1950,-0.8959,2.0568,3.8851,1.0910,0.2943,0.1950,4,178,0,51
00-0038102,K.Pickett,PIT,2023,9,233,-0.1385,-3.8047,7.4178,0.0939,0.0215,0.2232,192,41,0.0066,-0.8181,2.2138,2.8631,0.8247,0.2852,0.0066,3,187,0,41
00-0029701,R.Tannehill,TEN,2023,9,170,-0.0642,0.0551,9.1293,0.1701,0.0353,0.2521,130,40,0.2534,-1.0963,1.8029,1.3614,1.3497,0.2189,0.2534,3,124,1,40
00-0035710,D.Jones,NYG,2023,9,175,-0.1730,-0.2193,7.2015,0.0746,0.0971,0.3082,139,36,0.1080,-1.2579,3.0290,1.9225,1.3659,0.2742,0.1080,3,122,1,36
00-0027973,A.Dalton,CAR,2023,9,50,0.0893,-8.3777,8.4255,0.1489,0.0200,0.1840,42,8,0.2070,-0.5287,2.0169,1.2392,0.7357,0.4505,0.2070,0,41,0,8
00-0036212,T.Tagovailoa,MIA,2023,9,303,0.3078,5.8368,7.9228,0.1193,0.0231,0.2324,279,24,0.3977,-0.7379,3.1909,1.9234,1.1357,0.3026,0.3977,6,272,1,24
00-0037834,B.Purdy,SF,2023,9,227,0.2825,3.6468,8.2927,0.1122,0.0441,0.2286,194,33,0.4536,-0.7237,2.1803,3.1080,1.1774,0.3247,0.4536,5,184,0,33
00-0029604,K.Cousins,MIN,2023,9,305,0.0323,4.1324,6.9268,0.0767,0.0098,0.1930,244,61,0.2513,-0.8439,3.1155,3.2599,1.0953,0.2573,0.2513,4,241,1,61
00-0036971,T.Lawrence,JAX,2023,9,292,0.0022,0.3403,6.7222,0.0952,0.0788,0.2689,259,33,0.1810,-1.4006,1.9515,5.9851,1.5815,0.4346,0.1810,2,236,1,33
00-0034796,L.Jackson,BAL,2023,9,293,0.0179,5.4607,7.9916,0.1176,0.1297,0.2916,263,30,0.2221,-1.7727,1.5988,3.9197,1.9949,0.3698,0.2221,2,225,1,30
00-0033873,P.Mahomes,KC,2023,9,352,0.1824,3.1340,6.7287,0.0978,0.0739,0.1653,302,50,0.3385,-0.7601,2.0676,2.2610,1.0985,0.2282,0.3385,3,276,4,50
00-0033077,D.Prescott,DAL,2023,9,284,0.1463,4.2690,7.5911,0.1053,0.0528,0.2835,243,41,0.3347,-0.9704,2.1079,2.1362,1.3051,0.2465,0.3347,3,228,0,41
00-0033537,D.Watson,CLE,2023,9,151,-0.2029,-2.9419,9.0938,0.1328,0.0662,0.2557,125,26,0.0179,-1.2648,2.5413,1.8350,1.2828,0.3015,0.0179,3,115,0,26
00-0036389,J.Hurts,PHI,2023,9,343,0.1704,7.6961,8.6791,0.1318,0.0816,0.2817,306,37,0.2390,-0.3963,2.3676,3.6171,0.6353,0.3248,0.2390,8,278,0,37
00-0036355,J.Herbert,LAC,2023,9,305,0.1315,1.4076,7.3717,0.1152,0.0623,0.2367,262,43,0.2672,-0.6952,1.6787,2.7058,0.9624,0.2633,0.2672,2,243,1,43
00-0036442,J.Burrow,CIN,2023,9,308,0.0321,0.8239,6.4362,0.0780,0.0292,0.2320,263,45,0.1573,-0.6992,1.6241,2.3626,0.8565,0.2422,0.1573,3,254,1,45
00-0037077,S.Howell,WAS,2023,9,384,-0.0491,3.9438,7.8615,0.1323,0.0521,0.3075,313,71,0.1667,-1.0003,2.0088,2.6247,1.1670,0.2083,0.1667,7,293,1,71
00-0038416,T.Bagent,CHI,2023,9,105,-0.1177,0.3444,5.5161,0.0538,0.0667,0.2259,96,9,0.0758,-2.1822,2.6511,10.9200,2.2580,1.1140,0.0758,5,89,0,9
00-0029263,R.Wilson,DEN,2023,9,248,-0.0293,7.1406,6.3366,0.1171,0.0766,0.2649,197,51,0.1950,-0.8959,2.0568,3.8851,1.0910,0.2943,0.1950,4,178,0,51
00-0033275,P.Walker,CLE,2023,9,106,-0.1988,-11.5943,7.8632,0.1263,0.0377,0.1972,81,25,-0.1605,-0.3230,2.7165,3.6086,0.1625,0.4218,-0.1605,5,77,0,25
00-0039152,W.Levis,TEN,2023,9,75,0.0253,4.8891,10.6866,0.2239,0.0267,0.1970,54,21,0.2276,-0.4947,2.1105,1.7068,0.7223,0.3469,0.2276,1,52,0,21
00-0033106,J.Goff,DET,2023,9,276,0.0639,2.9994,6.6038,0.0846,0.0109,0.2104,232,44,0.1947,-0.6253,2.6216,3.4903,0.8200,0.3010,0.1947,4,229,1,44
00-0035289,G.Minshew,IND,2023,9,215,0.0164,-0.9144,6.5309,0.1082,0.0372,0.2590,189,26,0.2066,-1.3668,2.3886,4.3907,1.5734,0.4260,0.2066,4,181,0,26
00-0031280,D.Carr,NO,2023,9,334,0.0074,1.7459,8.1748,0.1456,0.0180,0.2598,295,39,0.1266,-0.8942,1.9269,1.9474,1.0208,0.2376,0.1266,3,289,1,39
00-0039150,B.Young,CAR,2023,9,226,-0.2522,0.2846,6.4792,0.0677,0.0487,0.2835,184,42,-0.0088,-1.3184,2.7308,3.3597,1.3096,0.3080,-0.0088,6,173,0,42
00-0026498,M.Stafford,LA,2023,9,283,0.0614,-5.5157,8.1220,0.1024,0.0318,0.2520,241,42,0.2448,-0.9907,2.5628,1.2783,1.2355,0.2027,0.2448,6,232,1,42
00-0036945,J.Fields,CHI,2023,9,166,-0.0722,3.4981,8.1439,0.1515,0.0723,0.2920,127,39,0.2053,-0.9760,2.4987,3.8173,1.1813,0.3429,0.2053,4,115,0,39
00-0036972,M.Jones,NE,2023,9,321,-0.1615,-3.1185,7.1085,0.1051,0.0312,0.2467,286,35,-0.0332,-1.2105,2.4460,4.2036,1.1773,0.3587,-0.0332,7,276,2,35
00-0033949,J.Dobbs,ARI,2023,9,262,-0.0711,-0.9605,7.3463,0.1082,0.0534,0.2289,218,44,0.0733,-0.7870,2.2039,4.7752,0.8603,0.3444,0.0733,4,204,0,44
00-0039164,A.Richardson,IND,2023,9,97,-0.0009,-9.1115,7.7805,0.1220,0.0619,0.2491,84,13,0.1266,-0.8246,2.3863,1.3263,0.9512,0.3611,0.1266,1,78,0,13
00-0039163,C.Stroud,HOU,2023,9,264,0.1247,-0.3495,8.5774,0.0962,0.0303,0.2387,225,39,0.3794,-1.3444,2.1669,2.1276,1.7237,0.2533,0.3794,1,217,0,39
00-0031345,J.Garoppolo,LV,2023,9,165,-0.0316,-2.1829,7.8121,0.0872,0.0485,0.2111,141,24,0.1762,-1.2521,2.5006,2.7909,1.4283,0.3661,0.1762,7,133,2,24
00-0034855,B.Mayfield,TB,2023,9,269,0.0459,1.1461,7.7815,0.1092,0.0743,0.2275,239,30,0.1219,-0.5598,2.1355,1.5168,0.6818,0.2439,0.1219,4,219,0,30
00-0030565,G.Smith,SEA,2023,9,261,0.0262,4.6387,7.1568,0.1059,0.0383,0.2467,225,36,0.1803,-0.9370,1.8930,1.4862,1.1173,0.2229,0.1803,7,215,0,36
00-0028118,T.Taylor,NYG,2023,9,91,-0.0956,4.7899,8.5000,0.1571,0.1319,0.2613,77,14,0.1246,-1.3068,1.8640,0.4314,1.4314,0.2346,0.1246,0,65,0,14
00-0036264,J.Love,GB,2023,9,263,0.0068,-4.4037,8.2771,0.1299,0.0570,0.2581,231,32,0.0997,-0.6636,2.3887,1.4810,0.7633,0.2380,0.0997,7,216,0,32
00-0038579,A.O'Connell,LV,2023,9,64,-0.0331,-7.4364,7.4561,0.0702,0.0000,0.2731,56,8,0.3140,-2.4627,2.5035,3.6640,2.7767,0.7090,0.3140,1,56,0,8
00-0038122,D.Ridder,ATL,2023,9,253,-0.0989,-0.3685,7.8073,0.1009,0.0474,0.2980,215,38,0.0372,-0.8692,2.5138,3.0670,0.9065,0.3040,0.0372,5,203,1,38
00-0037013,Z.Wilson,NYJ,2023,9,276,-0.2178,-2.9491,7.0258,0.0815,0.0543,0.2874,223,53,-0.0065,-1.1067,1.5506,1.9286,1.1002,0.2082,-0.0065,2,208,0,53
00-0034857,J.Allen,BUF,2023,9,340,0.1879,8.7442,8.4158,0.1155,0.0647,0.2295,304,36,0.2596,-0.4180,2.0215,2.2849,0.6776,0.2648,0.2596,8,282,1,36
00-0031800,T.Heinicke,ATL,2023,9,60,0.0743,-6.7077,10.3455,0.1818,0.0667,0.1745,54,6,0.1558,-0.6597,2.9938,1.6931,0.8156,0.5811,0.1558,1,50,0,6
00-0029701,R.Tannehill,TEN,2023,10,170,-0.0642,0.0551,9.1293,0.1701,0.0353,0.2521,130,40,0.2534,-1.0963,1.8029,1.3614,1.3497,0.2189,0.2534,3,124,1,40
00-0030565,G.Smith,SEA,2023,10,309,0.0428,4.4042,6.9752,0.0993,0.0356,0.2417,268,41,0.1891,-0.9134,1.8328,1.4225,1.1025,0.2038,0.1891,7,257,0,41
00-0036971,T.Lawrence,JAX,2023,10,323,-0.0472,0.1287,6.7319,0.0942,0.0774,0.2835,282,41,0.1756,-1.5793,1.9743,5.4850,1.7549,0.3752,0.1756,2,257,2,41
00-0036264,J.Love,GB,2023,10,305,0.0236,-4.3767,8.5444,0.1407,0.0557,0.2522,268,37,0.0965,-0.5046,2.5437,1.8641,0.6011,0.2447,0.0965,9,251,0,37
00-0036389,J.Hurts,PHI,2023,10,343,0.1704,7.6961,8.6791,0.1318,0.0816,0.2817,306,37,0.2390,-0.3963,2.3676,3.6171,0.6353,0.3248,0.2390,8,278,0,37
00-0027973,A.Dalton,CAR,2023,10,50,0.0893,-8.3777,8.4255,0.1489,0.0200,0.1840,42,8,0.2070,-0.5287,2.0169,1.2392,0.7357,0.4505,0.2070,0,41,0,8
00-0039150,B.Young,CAR,2023,10,270,-0.2202,-1.0331,6.5261,0.0696,0.0519,0.2800,219,51,0.0143,-1.2272,2.5753,2.8361,1.2415,0.2596,0.0143,6,205,0,51
00-0033106,J.Goff,DET,2023,10,309,0.1051,2.8048,6.6962,0.0819,0.0097,0.2061,263,46,0.2515,-0.7317,2.5702,3.7460,0.9832,0.3020,0.2515,4,260,1,46
00-0029263,R.Wilson,DEN,2023,10,285,-0.0095,7.9590,5.9786,0.1111,0.0807,0.2736,227,58,0.2015,-0.8353,2.0813,3.6162,1.0368,0.2674,0.2015,4,204,0,58
00-0031280,D.Carr,NO,2023,10,355,0.0012,1.6298,8.0214,0.1407,0.0197,0.2615,311,44,0.1285,-0.8985,1.8676,1.8871,1.0270,0.2211,0.1285,3,304,1,44
00-0034857,J.Allen,BUF,2023,10,368,0.1546,7.6260,8.4377,0.1216,0.0625,0.2220,329,39,0.2215,-0.4099,2.1541,2.6393,0.6315,0.2724,0.2215,10,306,1,39
00-0034855,B.Mayfield,TB,2023,10,299,0.0752,1.3656,8.2604,0.1208,0.0702,0.2349,265,34,0.1460,-0.4763,2.1492,2.0116,0.6223,0.2594,0.1460,5,244,0,34
00-0034796,L.Jackson,BAL,2023,10,323,-0.0044,4.3053,8.2069,0.1149,0.1300,0.3022,289,34,0.1969,-1.7151,1.8509,3.5286,1.9120,0.3319,0.1969,4,247,1,34
00-0039163,C.Stroud,HOU,2023,10,303,0.1570,0.3483,9.0761,0.1087,0.0297,0.2367,260,43,0.4027,-1.3291,2.0905,2.1253,1.7318,0.2397,0.4027,1,251,0,43
00-0038102,K.Pickett,PIT,2023,10,259,-0.1429,-4.1050,7.1525,0.0975,0.0270,0.2220,214,45,-0.0014,-0.8162,2.0636,2.6792,0.8148,0.2630,-0.0014,3,207,0,45
00-0033537,D.Watson,CLE,2023,10,193,-0.1674,-2.5466,9.2250,0.1313,0.0881,0.2607,160,33,0.0347,-1.1473,2.6265,1.6345,1.1821,0.2568,0.0347,4,143,0,33
00-0031345,J.Garoppolo,LV,2023,10,165,-0.0316,-2.1829,7.8121,0.0872,0.0485,0.2111,141,24,0.1762,-1.2521,2.5006,2.7909,1.4283,0.3661,0.1762,7,133,2,24
00-0036945,J.Fields,CHI,2023,10,166,-0.0722,3.4981,8.1439,0.1515,0.0723,0.2920,127,39,0.2053,-0.9760,2.4987,3.8173,1.1813,0.3429,0.2053,4,115,0,39
00-0031800,T.Heinicke,ATL,2023,10,81,0.0052,-7.4816,9.3286,0.1571,0.0864,0.2074,71,10,0.1522,-1.0388,2.5088,1.1903,1.1910,0.3929,0.1522,1,64,0,10
00-0038122,D.Ridder,ATL,2023,10,260,-0.0903,-0.0486,8.0491,0.1071,0.0462,0.2949,221,39,0.0340,-0.7946,2.4727,3.2034,0.8286,0.3055,0.0340,5,209,1,39
00-0035710,D.Jones,NYG,2023,10,175,-0.1730,-0.2193,7.2015,0.0746,0.0971,0.3082,139,36,0.1080,-1.2579,3.0290,1.9225,1.3659,0.2742,0.1080,3,122,1,36
00-0033275,P.Walker,CLE,2023,10,107,-0.1996,-11.5943,8.1562,0.1354,0.0374,0.1972,82,25,-0.1619,-0.3230,2.6831,3.6086,0.1610,0.4208,-0.1619,5,78,0,25
00-0035289,G.Minshew,IND,2023,10,243,0.0244,-0.5111,6.8198,0.1171,0.0329,0.2557,216,27,0.1934,-1.3274,2.3518,4.2637,1.5208,0.4109,0.1934,5,208,0,27
00-0036212,T.Tagovailoa,MIA,2023,10,303,0.3078,5.8368,7.9228,0.1193,0.0231,0.2324,279,24,0.3977,-0.7379,3.1909,1.9234,1.1357,0.3026,0.3977,6,272,1,24
00-0039152,W.Levis,TEN,2023,10,102,-0.0014,2.9590,9.7033,0.1868,0.0196,0.2132,75,27,0.1956,-0.5487,1.7867,1.6878,0.7443,0.2938,0.1956,1,73,0,27
00-0039164,A.Richardson,IND,2023,10,97,-0.0009,-9.1115,7.7805,0.1220,0.0619,0.2491,84,13,0.1266,-0.8246,2.3863,1.3263,0.9512,0.3611,0.1266,1,78,0,13
00-0037077,S.Howell,WAS,2023,10,431,-0.0167,3.1229,7.5176,0.1220,0.0464,0.3110,355,76,0.1978,-1.0185,2.0396,2.4886,1.2163,0.1962,0.1978,7,335,1,76
00-0036355,J.Herbert,LAC,2023,10,346,0.1636,0.9322,7.3010,0.1165,0.0578,0.2252,298,48,0.3153,-0.7780,1.7593,2.9922,1.0933,0.2612,0.3153,2,278,2,48
00-0038579,A.O'Connell,LV,2023,10,93,-0.1177,-6.7950,7.5181,0.0723,0.0000,0.2820,79,14,0.1639,-1.7066,2.3357,4.1982,1.8706,0.5740,0.1639,2,79,0,14
00-0033949,J.Dobbs,ARI,2023,10,303,-0.0249,-0.5970,7.4113,0.0981,0.0660,0.2275,255,48,0.1139,-0.7625,2.1396,4.5690,0.8764,0.3218,0.1139,4,235,0,48
00-0036972,M.Jones,NE,2023,10,348,-0.1559,-2.5757,6.8825,0.0984,0.0345,0.2615,304,44,-0.0083,-1.1758,2.4274,3.4492,1.1674,0.2939,-0.0083,8,292,2,44
00-0028118,T.Taylor,NYG,2023,10,91,-0.0956,4.7899,8.5000,0.1571,0.1319,0.2613,77,14,0.1246,-1.3068,1.8640,0.4314,1.4314,0.2346,0.1246,0,65,0,14
00-0036442,J.Burrow,CIN,2023,10,355,0.0353,1.2522,6.7298,0.0870,0.0338,0.2407,301,54,0.1845,-0.7964,1.8641,2.5654,0.9809,0.2317,0.1845,4,289,2,54
00-0026498,M.Stafford,LA,2023,10,283,0.0614,-5.5157,8.1220,0.1024,0.0318,0.2520,241,42,0.2448,-0.9907,2.5628,1.2783,1.2355,0.2027,0.2448,6,232,1,42
00-0033873,P.Mahomes,KC,2023,10,352,0.1824,3.1340,6.7287,0.0978,0.0739,0.1653,302,50,0.3385,-0.7601,2.0676,2.2610,1.0985,0.2282,0.3385,3,276,4,50
00-0033077,D.Prescott,DAL,2023,10,321,0.1973,5.4564,8.0071,0.1170,0.0530,0.2729,276,45,0.3582,-0.7895,2.2474,2.5178,1.1477,0.2532,0.3582,4,259,0,45
00-0037013,Z.Wilson,NYJ,2023,10,321,-0.1911,-3.5078,7.3346,0.0919,0.0592,0.2873,262,59,0.0246,-1.1489,1.5037,2.1684,1.1735,0.2061,0.0246,2,243,1,59
00-0029604,K.Cousins,MIN,2023,10,305,0.0323,4.1324,6.9268,0.0767,0.0098,0.1930,244,61,0.2513,-0.8439,3.1155,3.2599,1.0953,0.2573,0.2513,4,241,1,61
00-0038416,T.Bagent,CHI,2023,10,142,-0.1016,-0.8108,5.8333,0.0635,0.0775,0.2103,129,13,0.0573,-1.6780,2.2557,8.0971,1.7352,0.8002,0.0573,5,118,0,13
00-0037834,B.Purdy,SF,2023,10,253,0.2989,3.7605,8.0524,0.1092,0.0395,0.2304,214,39,0.4982,-0.7947,2.2018,2.7099,1.2929,0.2824,0.4982,5,204,0,39
00-0036389,J.Hurts,PHI,2023,11,371,0.1464,6.8171,8.6069,0.1352,0.0782,0.3059,329,42,0.2263,-0.4798,2.3188,3.2798,0.7061,0.2918,0.2263,9,300,0,42
00-0039152,W.Levis,TEN,2023,11,120,-0.0012,2.9174,9.1038,0.1698,0.0250,0.2247,90,30,0.2232,-0.6744,1.7486,1.7838,0.8976,0.2809,0.2232,1,87,0,30
00-0038102,K.Pickett,PIT,2023,11,292,-0.1653,-4.5400,7.0341,0.0947,0.0308,0.2355,243,49,-0.0303,-0.8351,1.9116,2.6416,0.8048,0.2485,-0.0303,3,234,0,49
00-0038122,D.Ridder,ATL,2023,11,260,-0.0903,-0.0486,8.0491,0.1071,0.0462,0.2949,221,39,0.0340,-0.7946,2.4727,3.2034,0.8286,0.3055,0.0340,5,209,1,39
00-0037834,B.Purdy,SF,2023,11,279,0.3374,5.1514,8.0797,0.1116,0.0394,0.2444,236,43,0.5523,-0.8420,2.2378,2.5158,1.3943,0.2607,0.5523,5,225,0,43
00-0033873,P.Mahomes,KC,2023,11,401,0.1288,2.3910,7.0084,0.1031,0.0798,0.1593,342,59,0.2652,-0.6614,2.1251,2.3486,0.9266,0.2145,0.2652,4,310,4,59
00-0037077,S.Howell,WAS,2023,11,479,-0.0348,3.3040,7.4161,0.1192,0.0480,0.3141,398,81,0.1695,-1.0390,2.1976,2.3618,1.2085,0.1862,0.1695,9,375,2,81
00-0031280,D.Carr,NO,2023,11,355,0.0012,1.6298,8.0214,0.1407,0.0197,0.2615,311,44,0.1285,-0.8985,1.8676,1.8871,1.0270,0.2211,0.1285,3,304,1,44
00-0038476,T.DeVito,NYG,2023,11,80,-0.2728,-7.1141,8.0577,0.1538,0.1375,0.3227,62,18,0.0247,-1.2972,2.7932,0.1996,1.3219,0.2369,0.0247,3,51,0,18
00-0033077,D.Prescott,DAL,2023,11,358,0.2075,4.8388,7.7736,0.1132,0.0503,0.2631,309,49,0.3580,-0.7415,2.1869,2.4015,1.0995,0.2368,0.3580,4,291,0,49
00-0039164,A.Richardson,IND,2023,11,97,-0.0009,-9.1115,7.7805,0.1220,0.0619,0.2491,84,13,0.1266,-0.8246,2.3863,1.3263,0.9512,0.3611,0.1266,1,78,0,13
00-0038579,A.O'Connell,LV,2023,11,136,-0.1509,-5.2811,8.2581,0.1129,0.0000,0.2783,116,20,0.1139,-1.6868,2.3001,3.2572,1.8008,0.4274,0.1139,4,116,1,20
00-0034855,B.Mayfield,TB,2023,11,339,0.0415,1.1190,8.2285,0.1258,0.0649,0.2413,301,38,0.1373,-0.7174,2.0361,2.8788,0.8547,0.2873,0.1373,5,279,1,38
00-0029701,R.Tannehill,TEN,2023,11,170,-0.0642,0.0551,9.1293,0.1701,0.0353,0.2521,130,40,0.2534,-1.0963,1.8029,1.3614,1.3497,0.2189,0.2534,3,124,1,40
00-0036264,J.Love,GB,2023,11,349,0.0494,-3.3622,8.2903,0.1355,0.0516,0.2569,305,44,0.1266,-0.4856,2.4740,1.9351,0.6122,0.2282,0.1266,9,287,0,44
00-0027973,A.Dalton,CAR,2023,11,50,0.0893,-8.3777,8.4255,0.1489,0.0200,0.1840,42,8,0.2070,-0.5287,2.0169,1.2392,0.7357,0.4505,0.2070,0,41,0,8
00-0036355,J.Herbert,LAC,2023,11,390,0.1740,0.4373,7.5420,0.1159,0.0667,0.2291,337,53,0.3223,-0.7685,1.8518,2.7811,1.0907,0.2408,0.3223,2,311,2,53
00-0026498,M.Stafford,LA,2023,11,316,0.0386,-6.4416,7.7930,0.1018,0.0316,0.2519,271,45,0.2181,-1.0424,2.4583,1.3451,1.2605,0.1974,0.2181,6,261,2,45
00-0037013,Z.Wilson,NYJ,2023,11,345,-0.2051,-4.1912,7.2160,0.0906,0.0638,0.3029,281,64,0.0164,-1.1774,1.5636,2.0217,1.1938,0.1928,0.0164,3,259,1,64
00-0036971,T.Lawrence,JAX,2023,11,351,0.0103,1.4819,7.0698,0.1030,0.0769,0.2849,307,44,0.2255,-1.4914,2.0130,5.2193,1.7168,0.3538,0.2255,2,280,2,44
00-0029263,R.Wilson,DEN,2023,11,322,-0.0038,8.8261,6.0669,0.1152,0.0714,0.2701,257,65,0.1944,-0.7873,1.9496,3.4611,0.9817,0.2466,0.1944,4,234,0,65
00-0029604,K.Cousins,MIN,2023,11,305,0.0323,4.1324,6.9268,0.0767,0.0098,0.1930,244,61,0.2513,-0.8439,3.1155,3.2599,1.0953,0.2573,0.2513,4,241,1,61
00-0034857,J.Allen,BUF,2023,11,402,0.1734,6.6771,8.3500,0.1222,0.0622,0.2208,359,43,0.2547,-0.5059,2.2150,2.5544,0.7606,0.2561,0.2547,11,334,1,43
00-0035289,G.Minshew,IND,2023,11,243,0.0244,-0.5111,6.8198,0.1171,0.0329,0.2557,216,27,0.1934,-1.3274,2.3518,4.2637,1.5208,0.4109,0.1934,5,208,0,27
00-0034796,L.Jackson,BAL,2023,11,353,0.0147,4.5926,8.4596,0.1193,0.1275,0.3082,314,39,0.2236,-1.6676,1.9205,3.1269,1.8913,0.2938,0.2236,4,269,1,39
00-0036972,M.Jones,NE,2023,11,348,-0.1559,-2.5757,6.8825,0.0984,0.0345,0.2615,304,44,-0.0083,-1.1758,2.4274,3.4492,1.1674,0.2939,-0.0083,8,292,2,44
00-0030565,G.Smith,SEA,2023,11,344,0.0534,3.9583,6.9905,0.1048,0.0320,0.2400,296,48,0.2063,-0.8896,1.8472,1.4104,1.0960,0.1887,0.2063,7,285,0,48
00-0039150,B.Young,CAR,2023,11,298,-0.2365,-1.1548,6.6142,0.0787,0.0503,0.2839,241,57,0.0035,-1.2509,2.7728,2.5895,1.2543,0.2386,0.0035,7,226,0,57
00-0038583,D.Thompson-Robinson,CLE,2023,11,74,-0.3191,-10.3074,5.1343,0.0299,0.0405,0.2154,65,9,-0.2421,-0.8760,1.6430,1.0261,0.6339,0.3732,-0.2421,2,62,0,9
00-0031345,J.Garoppolo,LV,2023,11,165,-0.0316,-2.1829,7.8121,0.0872,0.0485,0.2111,141,24,0.1762,-1.2521,2.5006,2.7909,1.4283,0.3661,0.1762,7,133,2,24
00-0033537,D.Watson,CLE,2023,11,193,-0.1674,-2.5466,9.2250,0.1313,0.0881,0.2607,160,33,0.0347,-1.1473,2.6265,1.6345,1.1821,0.2568,0.0347,4,143,0,33
00-0035228,K.Murray,ARI,2023,11,74,-0.1027,-4.6762,9.8387,0.1452,0.0811,0.2346,66,8,0.0688,-1.5171,2.3289,0.3499,1.5859,0.2811,0.0688,2,60,0,8
00-0036212,T.Tagovailoa,MIA,2023,11,343,0.2649,6.2030,7.8731,0.1207,0.0233,0.2333,316,27,0.3519,-0.7524,3.2103,1.7602,1.1042,0.2745,0.3519,7,308,1,27
00-0033275,P.Walker,CLE,2023,11,107,-0.1996,-11.5943,8.1562,0.1354,0.0374,0.1972,82,25,-0.1619,-0.3230,2.6831,3.6086,0.1610,0.4208,-0.1619,5,78,0,25
00-0033949,J.Dobbs,MIN,2023,11,341,-0.0147,-0.2478,7.4007,0.1010,0.0704,0.2211,283,58,0.1312,-0.7269,2.0726,4.4559,0.8581,0.2901,0.1312,4,259,1,58
00-0035710,D.Jones,NYG,2023,11,175,-0.1730,-0.2193,7.2015,0.0746,0.0971,0.3082,139,36,0.1080,-1.2579,3.0290,1.9225,1.3659,0.2742,0.1080,3,122,1,36
00-0031800,T.Heinicke,ATL,2023,11,81,0.0052,-7.4816,9.3286,0.1571,0.0864,0.2074,71,10,0.1522,-1.0388,2.5088,1.1903,1.1910,0.3929,0.1522,1,64,0,10
00-0036442,J.Burrow,CIN,2023,11,375,0.0423,0.9700,6.6873,0.0855,0.0347,0.2454,317,58,0.1951,-0.7930,1.8246,2.4553,0.9881,0.2193,0.1951,4,304,2,58
00-0028118,T.Taylor,NYG,2023,11,91,-0.0956,4.7899,8.5000,0.1571,0.1319,0.2613,77,14,0.1246,-1.3068,1.8640,0.4314,1.4314,0.2346,0.1246,0,65,0,14
00-0038416,T.Bagent,CHI,2023,11,142,-0.1016,-0.8108,5.8333,0.0635,0.0775,0.2103,129,13,0.0573,-1.6780,2.2557,8.0971,1.7352,0.8002,0.0573,5,118,0,13
00-0039163,C.Stroud,HOU,2023,11,343,0.1497,1.0769,9.1949,0.1086,0.0262,0.2495,296,47,0.3841,-1.3263,2.4108,1.9584,1.7104,0.2232,0.3841,4,287,0,47
00-0033106,J.Goff,DET,2023,11,345,0.0767,2.1604,6.6554,0.0769,0.0116,0.2075,292,53,0.2389,-0.8166,2.5568,3.7028,1.0554,0.2804,0.2389,6,288,2,53
00-0036945,J.Fields,CHI,2023,11,195,-0.0307,3.9098,8.5484,0.1484,0.0821,0.2943,152,43,0.2505,-1.0245,2.6230,3.5199,1.2750,0.3148,0.2505,4,136,0,43
00-0036212,T.Tagovailoa,MIA,2023,12,375,0.2506,6.1247,7.6420,0.1165,0.0240,0.2463,346,29,0.3404,-0.8201,3.2969,1.7232,1.1604,0.2626,0.3404,9,337,1,29
00-0033537,D.Watson,CLE,2023,12,193,-0.1674,-2.5466,9.2250,0.1313,0.0881,0.2607,160,33,0.0347,-1.1473,2.6265,1.6345,1.1821,0.2568,0.0347,4,143,0,33
00-0039150,B.Young,CAR,2023,12,336,-0.2138,-0.8038,6.5930,0.0702,0.0536,0.2925,273,63,0.0417,-1.3210,2.6195,2.6194,1.3627,0.2262,0.0417,7,255,0,63
00-0026498,M.Stafford,LA,2023,12,346,0.0692,-4.8807,7.6688,0.1083,0.0318,0.2472,299,47,0.2336,-0.9768,2.4081,1.4478,1.2104,0.1971,0.2336,7,288,2,47
00-0031345,J.Garoppolo,LV,2023,12,165,-0.0316,-2.1829,7.8121,0.0872,0.0485,0.2111,141,24,0.1762,-1.2521,2.5006,2.7909,1.4283,0.3661,0.1762,7,133,2,24
00-0030565,G.Smith,SEA,2023,12,372,0.0164,3.6441,7.2530,0.1101,0.0349,0.2581,317,55,0.2005,-1.0448,1.8067,1.6225,1.2453,0.1876,0.2005,7,304,1,55
00-0035228,K.Murray,ARI,2023,12,102,-0.1579,-9.5967,9.6966,0.1461,0.0588,0.2357,91,11,-0.0198,-1.2998,2.0142,0.7025,1.2800,0.2933,-0.0198,2,85,0,11
00-0035710,D.Jones,NYG,2023,12,175,-0.1730,-0.2193,7.2015,0.0746,0.0971,0.3082,139,36,0.1080,-1.2579,3.0290,1.9225,1.3659,0.2742,0.1080,3,122,1,36
00-0031800,T.Heinicke,ATL,2023,12,81,0.0052,-7.4816,9.3286,0.1571,0.0864,0.2074,71,10,0.1522,-1.0388,2.5088,1.1903,1.1910,0.3929,0.1522,1,64,0,10
00-0037077,S.Howell,WAS,2023,12,514,-0.0244,3.0856,7.4118,0.1176,0.0467,0.3188,429,85,0.1793,-1.0523,2.1350,2.2546,1.2316,0.1775,0.1793,9,405,2,85
00-0038122,D.Ridder,ATL,2023,12,284,-0.0790,-0.3846,8.0449,0.1061,0.0528,0.2920,244,40,0.0227,-0.6996,2.5830,3.4825,0.7223,0.3125,0.0227,7,229,1,40
00-0039163,C.Stroud,HOU,2023,12,389,0.1426,1.3468,9.2350,0.1146,0.0386,0.2626,336,53,0.3760,-1.3372,2.3124,1.7825,1.7132,0.2013,0.3760,4,321,0,53
00-0036442,J.Burrow,CIN,2023,12,375,0.0423,0.9700,6.6873,0.0855,0.0347,0.2454,317,58,0.1951,-0.7930,1.8246,2.4553,0.9881,0.2193,0.1951,4,304,2,58
00-0035289,G.Minshew,IND,2023,12,288,0.0253,-2.4307,6.6958,0.1027,0.0347,0.2643,258,30,0.1792,-1.2981,2.2938,3.8740,1.4773,0.3715,0.1792,6,248,0,30
00-0034796,L.Jackson,BAL,2023,12,389,0.0033,2.9051,8.1420,0.1167,0.1208,0.3126,346,43,0.2054,-1.6235,1.8608,2.8636,1.8289,0.2683,0.2054,4,299,1,43
00-0039164,A.Richardson,IND,2023,12,97,-0.0009,-9.1115,7.7805,0.1220,0.0619,0.2491,84,13,0.1266,-0.8246,2.3863,1.3263,0.9512,0.3611,0.1266,1,78,0,13
00-0033949,J.Dobbs,ARI,2023,12,377,-0.0763,0.0194,7.4742,0.1033,0.0690,0.2194,311,66,0.0707,-0.7688,2.1029,4.4775,0.8394,0.2731,0.0707,7,285,2,66
00-0036971,T.Lawrence,JAX,2023,12,389,0.0424,0.9581,7.1893,0.1036,0.0694,0.2796,343,46,0.2347,-1.3915,2.1169,5.2889,1.6262,0.3481,0.2347,3,316,2,46
00-0033106,J.Goff,DET,2023,12,377,0.0297,1.7203,6.7082,0.0822,0.0159,0.2086,317,60,0.2054,-0.8986,2.5612,4.0230,1.1040,0.2741,0.2054,6,311,2,60
00-0038416,T.Bagent,CHI,2023,12,142,-0.1016,-0.8108,5.8333,0.0635,0.0775,0.2103,129,13,0.0573,-1.6780,2.2557,8.0971,1.7352,0.8002,0.0573,5,118,0,13
00-0036389,J.Hurts,PHI,2023,12,409,0.1403,5.8014,8.4756,0.1289,0.0831,0.3162,365,44,0.2193,-0.5151,2.3046,3.1556,0.7344,0.2793,0.2193,10,331,0,44
00-0027973,A.Dalton,CAR,2023,12,50,0.0893,-8.3777,8.4255,0.1489,0.0200,0.1840,42,8,0.2070,-0.5287,2.0169,1.2392,0.7357,0.4505,0.2070,0,41,0,8
00-0038579,A.O'Connell,LV,2023,12,164,-0.0698,-5.0556,7.6711,0.1053,0.0000,0.2667,141,23,0.1701,-1.5404,2.2065,3.1313,1.7105,0.3896,0.1701,4,141,1,23
00-0036264,J.Love,GB,2023,12,376,0.0874,-2.2198,8.3423,0.1310,0.0505,0.2495,329,47,0.1762,-0.5337,2.4341,1.8470,0.7099,0.2161,0.1762,9,310,0,47
00-0038476,T.DeVito,NYG,2023,12,113,-0.2223,-4.6430,7.8571,0.1429,0.1150,0.3471,89,24,0.0669,-1.2951,2.5515,0.2461,1.3620,0.1973,0.0669,3,76,0,24
00-0036945,J.Fields,CHI,2023,12,239,-0.0679,4.4848,7.4219,0.1302,0.0837,0.2974,190,49,0.1903,-1.0691,2.5307,3.5903,1.2593,0.2943,0.1903,4,170,0,49
00-0034855,B.Mayfield,TB,2023,12,376,0.0235,1.0163,8.0964,0.1205,0.0612,0.2686,331,45,0.1371,-0.8118,2.1245,2.9543,0.9489,0.2685,0.1371,6,308,1,45
00-0033077,D.Prescott,DAL,2023,12,388,0.2223,4.7868,8.3141,0.1326,0.0490,0.2584,337,51,0.3565,-0.6645,2.1758,2.4586,1.0210,0.2338,0.3565,4,318,0,51
00-0038102,K.Pickett,PIT,2023,12,329,-0.1111,-2.9966,7.1919,0.0976,0.0334,0.2407,276,53,0.0285,-0.8380,1.9531,2.4487,0.8665,0.2308,0.0285,3,265,0,53
00-0033275,P.Walker,CLE,2023,12,113,-0.2177,-12.2321,8.2574,0.1485,0.0354,0.2054,87,26,-0.1775,-0.3522,2.6010,3.4865,0.1748,0.4050,-0.1775,5,83,0,26
00-0036972,M.Jones,NE,2023,12,370,-0.1735,-3.2475,6.7649,0.0982,0.0324,0.2636,324,46,-0.0410,-1.1063,2.5542,3.4450,1.0653,0.2877,-0.0410,10,312,2,46
00-0029701,R.Tannehill,TEN,2023,12,170,-0.0642,0.0551,9.1293,0.1701,0.0353,0.2521,130,40,0.2534,-1.0963,1.8029,1.3614,1.3497,0.2189,0.2534,3,124,1,40
00-0033873,P.Mahomes,KC,2023,12,434,0.1533,2.9024,6.8869,0.0977,0.0783,0.1655,374,60,0.2874,-0.6823,2.0970,2.3351,0.9697,0.2110,0.2874,4,340,4,60
00-0029263,R.Wilson,DEN,2023,12,344,-0.0007,7.5853,5.9723,0.1107,0.0727,0.2662,277,67,0.1871,-0.7772,1.9563,3.3596,0.9644,0.2392,0.1871,4,252,0,67
00-0029604,K.Cousins,MIN,2023,12,305,0.0323,4.1324,6.9268,0.0767,0.0098,0.1930,244,61,0.2513,-0.8439,3.1155,3.2599,1.0953,0.2573,0.2513,4,241,1,61
00-0037013,Z.Wilson,NYJ,2023,12,345,-0.2051,-4.1912,7.2160,0.0906,0.0638,0.3029,281,64,0.0164,-1.1774,1.5636,2.0217,1.1938,0.1928,0.0164,3,259,1,64
00-0036355,J.Herbert,LAC,2023,12,436,0.1195,0.4857,7.3455,0.1143,0.0688,0.2286,376,60,0.2668,-0.8037,1.8812,3.0101,1.0705,0.2349,0.2668,2,346,3,60
00-0039152,W.Levis,TEN,2023,12,148,-0.0039,2.8806,9.0000,0.1504,0.0203,0.2233,114,34,0.1542,-0.5339,1.6110,1.9095,0.6881,0.2651,0.1542,1,111,0,34
00-0028118,T.Taylor,NYG,2023,12,91,-0.0956,4.7899,8.5000,0.1571,0.1319,0.2613,77,14,0.1246,-1.3068,1.8640,0.4314,1.4314,0.2346,0.1246,0,65,0,14
00-0034857,J.Allen,BUF,2023,12,459,0.1894,5.3089,8.3041,0.1217,0.0654,0.2198,412,47,0.2701,-0.5181,2.2085,2.5309,0.7881,0.2433,0.2701,12,382,1,47
00-0038583,D.Thompson-Robinson,CLE,2023,12,105,-0.2365,-10.6103,5.7812,0.0208,0.0381,0.2074,94,11,-0.1711,-0.7950,1.5637,0.8536,0.6239,0.3070,-0.1711,2,90,0,11
00-0031280,D.Carr,NO,2023,12,388,0.0007,1.6072,8.0363,0.1369,0.0206,0.2611,341,47,0.1273,-0.9178,2.2636,1.7710,1.0451,0.2105,0.1273,4,333,1,47
00-0037834,B.Purdy,SF,2023,12,309,0.2895,5.1067,8.1039,0.1147,0.0388,0.2400,261,48,0.4815,-0.7548,2.3073,2.5030,1.2363,0.2470,0.4815,6,249,0,48
00-0039150,B.Young,CAR,2023,13,371,-0.2073,-0.9882,6.9367,0.0791,0.0485,0.3042,302,69,0.0541,-1.3517,2.5564,2.4313,1.4059,0.2090,0.0541,7,284,1,69
00-0027973,A.Dalton,CAR,2023,13,50,0.0893,-8.3777,8.4255,0.1489,0.0200,0.1840,42,8,0.2070,-0.5287,2.0169,1.2392,0.7357,0.4505,0.2070,0,41,0,8
00-0036442,J.Burrow,CIN,2023,13,375,0.0423,0.9700,6.6873,0.0855,0.0347,0.2454,317,58,0.1951,-0.7930,1.8246,2.4553,0.9881,0.2193,0.1951,4,304,2,58
00-0036264,J.Love,GB,2023,13,415,0.1188,-1.4650,8.2661,0.1290,0.0482,0.2541,364,51,0.2101,-0.5330,2.3522,1.7073,0.7431,0.1998,0.2101,9,344,0,51
00-0036971,T.Lawrence,JAX,2023,13,422,0.0646,2.0727,7.6267,0.1172,0.0687,0.2850,373,49,0.2525,-1.3660,2.0660,4.9831,1.6185,0.3275,0.2525,3,344,2,49
00-0038122,D.Ridder,ATL,2023,13,314,-0.0835,-1.4206,8.2794,0.1140,0.0478,0.2927,267,47,0.0364,-0.7646,2.5167,3.0341,0.8010,0.2720,0.0364,7,252,1,47
00-0039152,W.Levis,TEN,2023,13,188,0.0061,-0.3105,8.9759,0.1687,0.0213,0.2520,143,45,0.1923,-0.5854,1.5678,1.6914,0.7777,0.2203,0.1923,1,139,0,45
00-0031800,T.Heinicke,ATL,2023,13,81,0.0052,-7.4816,9.3286,0.1571,0.0864,0.2074,71,10,0.1522,-1.0388,2.5088,1.1903,1.1910,0.3929,0.1522,1,64,0,10
00-0029701,R.Tannehill,TEN,2023,13,170,-0.0642,0.0551,9.1293,0.1701,0.0353,0.2521,130,40,0.2534,-1.0963,1.8029,1.3614,1.3497,0.2189,0.2534,3,124,1,40
00-0034857,J.Allen,BUF,2023,13,459,0.1894,5.3089,8.3041,0.1217,0.0654,0.2198,412,47,0.2701,-0.5181,2.2085,2.5309,0.7881,0.2433,0.2701,12,382,1,47
00-0038416,T.Bagent,CHI,2023,13,142,-0.1016,-0.8108,5.8333,0.0635,0.0775,0.2103,129,13,0.0573,-1.6780,2.2557,8.0971,1.7352,0.8002,0.0573,5,118,0,13
00-0029604,K.Cousins,MIN,2023,13,305,0.0323,4.1324,6.9268,0.0767,0.0098,0.1930,244,61,0.2513,-0.8439,3.1155,3.2599,1.0953,0.2573,0.2513,4,241,1,61
00-0033275,P.Walker,CLE,2023,13,113,-0.2177,-12.2321,8.2574,0.1485,0.0354,0.2054,87,26,-0.1775,-0.3522,2.6010,3.4865,0.1748,0.4050,-0.1775,5,83,0,26
00-0037013,Z.Wilson,NYJ,2023,13,345,-0.2051,-4.1912,7.2160,0.0906,0.0638,0.3029,281,64,0.0164,-1.1774,1.5636,2.0217,1.1938,0.1928,0.0164,3,259,1,64
00-0039163,C.Stroud,HOU,2023,13,424,0.1269,0.9005,9.3324,0.1223,0.0401,0.2816,366,58,0.3596,-1.3418,2.3707,1.6386,1.7014,0.1864,0.3596,4,349,0,58
00-0031345,J.Garoppolo,LV,2023,13,165,-0.0316,-2.1829,7.8121,0.0872,0.0485,0.2111,141,24,0.1762,-1.2521,2.5006,2.7909,1.4283,0.3661,0.1762,7,133,2,24
00-0034855,B.Mayfield,TB,2023,13,406,0.0127,0.0318,8.3158,0.1247,0.0567,0.2679,358,48,0.1279,-0.8468,2.1580,2.8046,0.9748,0.2539,0.1279,7,335,1,48
00-0038102,K.Pickett,PIT,2023,13,341,-0.1102,-2.7069,7.1075,0.0977,0.0381,0.2365,286,55,0.0346,-0.8630,1.9302,2.3749,0.8976,0.2234,0.0346,3,273,0,55
00-0038583,D.Thompson-Robinson,CLE,2023,13,105,-0.2365,-10.6103,5.7812,0.0208,0.0381,0.2074,94,11,-0.1711,-0.7950,1.5637,0.8536,0.6239,0.3070,-0.1711,2,90,0,11
00-0036355,J.Herbert,LAC,2023,13,473,0.1071,-0.0776,7.3017,0.1140,0.0655,0.2248,411,62,0.2416,-0.7848,1.8305,2.9242,1.0264,0.2272,0.2416,2,380,3,62
00-0033949,J.Dobbs,ARI,2023,13,377,-0.0763,0.0194,7.4742,0.1033,0.0690,0.2194,311,66,0.0707,-0.7688,2.1029,4.4775,0.8394,0.2731,0.0707,7,285,2,66
00-0036389,J.Hurts,PHI,2023,13,443,0.1433,5.7436,8.3677,0.1243,0.0835,0.3143,394,49,0.2283,-0.5407,2.2642,2.9902,0.7691,0.2584,0.2283,10,357,0,49
00-0033077,D.Prescott,DAL,2023,13,435,0.2305,4.7622,8.0515,0.1211,0.0460,0.2677,377,58,0.3731,-0.6962,2.1195,2.2756,1.0694,0.2118,0.3731,4,357,0,58
00-0029263,R.Wilson,DEN,2023,13,379,-0.0362,7.1707,6.5429,0.1270,0.0818,0.2667,304,75,0.1550,-0.8113,2.1316,3.0836,0.9663,0.2194,0.1550,7,273,0,75
00-0033873,P.Mahomes,KC,2023,13,469,0.1532,2.7224,6.9905,0.1026,0.0768,0.1797,404,65,0.2799,-0.6341,2.0649,2.3782,0.9140,0.2042,0.2799,5,368,4,65
00-0037077,S.Howell,WAS,2023,13,542,-0.0369,2.5800,7.5162,0.1253,0.0498,0.3178,450,92,0.1719,-1.0584,2.3542,2.1200,1.2303,0.1682,0.1719,10,423,2,92
00-0036945,J.Fields,CHI,2023,13,239,-0.0679,4.4848,7.4219,0.1302,0.0837,0.2974,190,49,0.1903,-1.0691,2.5307,3.5903,1.2593,0.2943,0.1903,4,170,0,49
00-0035289,G.Minshew,IND,2023,13,336,0.0235,-2.2925,6.7934,0.1049,0.0357,0.2681,299,37,0.1894,-1.3172,2.2559,3.5549,1.5066,0.3219,0.1894,6,287,0,37
00-0038476,T.DeVito,NYG,2023,13,113,-0.2223,-4.6430,7.8571,0.1429,0.1150,0.3471,89,24,0.0669,-1.2951,2.5515,0.2461,1.3620,0.1973,0.0669,3,76,0,24
00-0034796,L.Jackson,BAL,2023,13,389,0.0033,2.9051,8.1420,0.1167,0.1208,0.3126,346,43,0.2054,-1.6235,1.8608,2.8636,1.8289,0.2683,0.2054,4,299,1,43
00-0033106,J.Goff,DET,2023,13,404,0.0462,1.4907,6.7381,0.0794,0.0149,0.2083,340,64,0.2197,-0.8754,2.5578,3.8737,1.0951,0.2609,0.2197,6,334,2,64
00-0036972,M.Jones,NE,2023,13,370,-0.1735,-3.2475,6.7649,0.0982,0.0324,0.2636,324,46,-0.0410,-1.1063,2.5542,3.4450,1.0653,0.2877,-0.0410,10,312,2,46
00-0030565,G.Smith,SEA,2023,13,413,0.0495,2.4586,7.0957,0.1090,0.0339,0.2475,353,60,0.2351,-1.0427,1.9807,1.5210,1.2778,0.1760,0.2351,8,339,1,60
00-0026498,M.Stafford,LA,2023,13,382,0.0738,-5.0409,7.6714,0.1143,0.0288,0.2426,333,49,0.2285,-0.9778,2.3514,1.3919,1.2063,0.1883,0.2285,7,322,2,49
00-0035100,J.Browning,CIN,2023,13,83,0.1482,8.9942,5.9437,0.0704,0.0602,0.2448,72,11,0.2495,-0.5149,1.5804,7.7437,0.7643,0.8520,0.2495,1,67,0,11
00-0035710,D.Jones,NYG,2023,13,175,-0.1730,-0.2193,7.2015,0.0746,0.0971,0.3082,139,36,0.1080,-1.2579,3.0290,1.9225,1.3659,0.2742,0.1080,3,122,1,36
00-0028118,T.Taylor,NYG,2023,13,91,-0.0956,4.7899,8.5000,0.1571,0.1319,0.2613,77,14,0.1246,-1.3068,1.8640,0.4314,1.4314,0.2346,0.1246,0,65,0,14
00-0038108,B.Zappe,NE,2023,13,58,-0.3589,-13.5343,8.4082,0.1429,0.0517,0.2491,51,7,-0.1386,-1.9646,1.7036,0.5924,1.8260,0.3436,-0.1386,2,48,0,7
00-0031280,D.Carr,NO,2023,13,412,0.0185,2.1003,7.9842,0.1342,0.0194,0.2581,358,54,0.1466,-0.8310,2.4094,2.2238,0.9776,0.2189,0.1466,5,350,1,54
00-0038579,A.O'Connell,LV,2023,13,164,-0.0698,-5.0556,7.6711,0.1053,0.0000,0.2667,141,23,0.1701,-1.5404,2.2065,3.1313,1.7105,0.3896,0.1701,4,141,1,23
00-0037834,B.Purdy,SF,2023,13,334,0.3135,4.9065,8.0000,0.1096,0.0389,0.2473,283,51,0.5096,-0.7746,2.2831,2.3597,1.2842,0.2331,0.5096,6,270,0,51
00-0036212,T.Tagovailoa,MIA,2023,13,397,0.2900,6.4509,7.7674,0.1203,0.0227,0.2405,366,31,0.3843,-0.8231,3.4436,1.6157,1.2073,0.2480,0.3843,9,357,1,31
00-0033537,D.Watson,CLE,2023,13,193,-0.1674,-2.5466,9.2250,0.1313,0.0881,0.2607,160,33,0.0347,-1.1473,2.6265,1.6345,1.1821,0.2568,0.0347,4,143,0,33
00-0035228,K.Murray,ARI,2023,13,126,-0.1198,-10.4802,9.3670,0.1284,0.0635,0.2452,111,15,0.0293,-1.2231,2.0255,0.6368,1.2524,0.2464,0.0293,2,103,0,15
00-0039164,A.Richardson,IND,2023,13,97,-0.0009,-9.1115,7.7805,0.1220,0.0619,0.2491,84,13,0.1266,-0.8246,2.3863,1.3263,0.9512,0.3611,0.1266,1,78,0,13
00-0035228,K.Murray,ARI,2023,14,126,-0.1198,-10.4802,9.3670,0.1284,0.0635,0.2452,111,15,0.0293,-1.2231,2.0255,0.6368,1.2524,0.2464,0.0293,2,103,0,15
00-0039164,A.Richardson,IND,2023,14,97,-0.0009,-9.1115,7.7805,0.1220,0.0619,0.2491,84,13,0.1266,-0.8246,2.3863,1.3263,0.9512,0.3611,0.1266,1,78,0,13
00-0033873,P.Mahomes,KC,2023,14,514,0.1274,2.1620,6.9567,0.1039,0.0720,0.1762,442,72,0.2577,-0.6730,2.1135,2.2420,0.9307,0.1895,0.2577,6,405,4,72
00-0026498,M.Stafford,LA,2023,14,426,0.0793,-4.4849,7.8517,0.1176,0.0258,0.2350,367,59,0.2383,-0.9100,2.3693,1.3048,1.1483,0.1690,0.2383,7,356,2,59
00-0036972,M.Jones,NE,2023,14,370,-0.1735,-3.2475,6.7649,0.0982,0.0324,0.2636,324,46,-0.0410,-1.1063,2.5542,3.4450,1.0653,0.2877,-0.0410,10,312,2,46
00-0038102,K.Pickett,PIT,2023,14,341,-0.1102,-2.7069,7.1075,0.0977,0.0381,0.2365,286,55,0.0346,-0.8630,1.9302,2.3749,0.8976,0.2234,0.0346,3,273,0,55
00-0034855,B.Mayfield,TB,2023,14,437,0.0147,-1.3369,8.4231,0.1282,0.0549,0.2721,388,49,0.1248,-0.8574,2.1374,2.7517,0.9822,0.2483,0.1248,7,364,1,49
00-0033275,P.Walker,CLE,2023,14,113,-0.2177,-12.2321,8.2574,0.1485,0.0354,0.2054,87,26,-0.1775,-0.3522,2.6010,3.4865,0.1748,0.4050,-0.1775,5,83,0,26
00-0039150,B.Young,CAR,2023,14,401,-0.2376,-2.3774,7.4324,0.0941,0.0524,0.3101,328,73,0.0288,-1.4347,2.5354,2.6775,1.4635,0.2107,0.0288,7,307,1,73
00-0027973,A.Dalton,CAR,2023,14,50,0.0893,-8.3777,8.4255,0.1489,0.0200,0.1840,42,8,0.2070,-0.5287,2.0169,1.2392,0.7357,0.4505,0.2070,0,41,0,8
00-0031280,D.Carr,NO,2023,14,434,-0.0180,2.1171,7.8105,0.1322,0.0184,0.2537,375,59,0.1257,-0.9313,2.3752,2.2324,1.0570,0.2102,0.1257,6,367,1,59
00-0039152,W.Levis,TEN,2023,14,221,0.0314,-0.2404,9.2410,0.1744,0.0271,0.2449,170,51,0.2166,-0.5860,1.7547,1.5743,0.8025,0.2030,0.2166,2,164,0,51
00-0038416,T.Bagent,CHI,2023,14,142,-0.1016,-0.8108,5.8333,0.0635,0.0775,0.2103,129,13,0.0573,-1.6780,2.2557,8.0971,1.7352,0.8002,0.0573,5,118,0,13
00-0036355,J.Herbert,LAC,2023,14,494,0.0630,-0.5604,7.2626,0.1164,0.0628,0.2382,426,68,0.2023,-0.8099,1.9280,2.8716,1.0122,0.2162,0.2023,3,395,3,68
00-0036971,T.Lawrence,JAX,2023,14,472,0.0274,1.2594,7.9294,0.1168,0.0636,0.2828,412,60,0.2208,-1.3007,2.1150,4.2969,1.5215,0.2770,0.2208,6,382,2,60
00-0036389,J.Hurts,PHI,2023,14,465,0.1210,4.9933,8.5614,0.1303,0.0796,0.3148,414,51,0.2038,-0.5510,2.3348,2.8767,0.7548,0.2491,0.2038,10,377,0,51
00-0030565,G.Smith,SEA,2023,14,413,0.0495,2.4586,7.0957,0.1090,0.0339,0.2475,353,60,0.2351,-1.0427,1.9807,1.5210,1.2778,0.1760,0.2351,8,339,1,60
00-0034857,J.Allen,BUF,2023,14,507,0.1663,4.7423,8.3186,0.1217,0.0671,0.2211,450,57,0.2512,-0.5039,2.1365,2.3471,0.7551,0.2143,0.2512,13,416,1,57
00-0033106,J.Goff,DET,2023,14,430,0.0417,1.1057,6.6600,0.0794,0.0140,0.2113,364,66,0.2105,-0.8890,2.4931,3.7740,1.0994,0.2530,0.2105,7,358,2,66
00-0031345,J.Garoppolo,LV,2023,14,165,-0.0316,-2.1829,7.8121,0.0872,0.0485,0.2111,141,24,0.1762,-1.2521,2.5006,2.7909,1.4283,0.3661,0.1762,7,133,2,24
00-0033537,D.Watson,CLE,2023,14,193,-0.1674,-2.5466,9.2250,0.1313,0.0881,0.2607,160,33,0.0347,-1.1473,2.6265,1.6345,1.1821,0.2568,0.0347,4,143,0,33
00-0037077,S.Howell,WAS,2023,14,542,-0.0369,2.5800,7.5162,0.1253,0.0498,0.3178,450,92,0.1719,-1.0584,2.3542,2.1200,1.2303,0.1682,0.1719,10,423,2,92
00-0037013,Z.Wilson,NYJ,2023,14,383,-0.1669,-2.5407,7.0717,0.0872,0.0627,0.2979,312,71,0.0457,-1.1009,1.6702,2.0741,1.1466,0.1859,0.0457,3,288,1,71
00-0039163,C.Stroud,HOU,2023,14,446,0.0942,-0.0448,9.2995,0.1193,0.0381,0.2947,383,63,0.3358,-1.3748,2.3214,1.5353,1.7107,0.1744,0.3358,4,366,0,63
00-0033077,D.Prescott,DAL,2023,14,469,0.2106,3.3665,7.9260,0.1169,0.0448,0.2750,409,60,0.3628,-0.8267,2.0808,3.1779,1.1895,0.2409,0.3628,4,388,0,60
00-0035289,G.Minshew,IND,2023,14,367,0.0377,-2.3969,6.7982,0.1024,0.0354,0.2776,328,39,0.1972,-1.3038,2.1988,3.3829,1.5011,0.3057,0.1972,6,315,0,39
00-0031800,T.Heinicke,ATL,2023,14,81,0.0052,-7.4816,9.3286,0.1571,0.0864,0.2074,71,10,0.1522,-1.0388,2.5088,1.1903,1.1910,0.3929,0.1522,1,64,0,10
00-0038583,D.Thompson-Robinson,CLE,2023,14,105,-0.2365,-10.6103,5.7812,0.0208,0.0381,0.2074,94,11,-0.1711,-0.7950,1.5637,0.8536,0.6239,0.3070,-0.1711,2,90,0,11
00-0035100,J.Browning,CIN,2023,14,106,0.2013,8.0467,5.6344,0.0645,0.0566,0.2367,93,13,0.2826,-0.3808,2.5089,6.6731,0.6634,0.7350,0.2826,2,87,0,13
00-0038122,D.Ridder,ATL,2023,14,359,-0.0755,-1.6641,8.5080,0.1190,0.0474,0.3034,309,50,0.0434,-0.8108,2.5453,2.9049,0.8543,0.2576,0.0434,8,292,1,50
00-0028118,T.Taylor,NYG,2023,14,91,-0.0956,4.7899,8.5000,0.1571,0.1319,0.2613,77,14,0.1246,-1.3068,1.8640,0.4314,1.4314,0.2346,0.1246,0,65,0,14
00-0035710,D.Jones,NYG,2023,14,175,-0.1730,-0.2193,7.2015,0.0746,0.0971,0.3082,139,36,0.1080,-1.2579,3.0290,1.9225,1.3659,0.2742,0.1080,3,122,1,36
00-0029604,K.Cousins,MIN,2023,14,305,0.0323,4.1324,6.9268,0.0767,0.0098,0.1930,244,61,0.2513,-0.8439,3.1155,3.2599,1.0953,0.2573,0.2513,4,241,1,61
00-0038108,B.Zappe,NE,2023,14,90,-0.2009,-7.1483,7.9091,0.1299,0.0556,0.2667,81,9,-0.0147,-1.8762,2.3515,0.5115,1.8615,0.2930,-0.0147,3,76,0,9
00-0034796,L.Jackson,BAL,2023,14,443,0.0382,2.3768,8.6861,0.1278,0.1242,0.3109,395,48,0.2324,-1.5593,1.8616,2.6049,1.7917,0.2429,0.2324,5,340,1,48
00-0038579,A.O'Connell,LV,2023,14,200,-0.1760,-5.3006,7.1196,0.0978,0.0000,0.2864,172,28,0.0398,-1.5017,2.2699,2.6921,1.5415,0.3307,0.0398,5,172,1,28
00-0033869,M.Trubisky,PIT,2023,14,69,-0.2115,-4.1376,9.4138,0.1724,0.1014,0.1962,60,9,-0.0176,-1.5044,1.5356,3.0997,1.4868,0.6083,-0.0176,1,53,1,9
00-0029263,R.Wilson,DEN,2023,14,410,-0.0429,6.4520,6.4506,0.1308,0.0756,0.2675,330,80,0.1440,-0.8138,2.1614,3.0173,0.9577,0.2104,0.1440,8,299,0,80
00-0036442,J.Burrow,CIN,2023,14,375,0.0423,0.9700,6.6873,0.0855,0.0347,0.2454,317,58,0.1951,-0.7930,1.8246,2.4553,0.9881,0.2193,0.1951,4,304,2,58
00-0037834,B.Purdy,SF,2023,14,363,0.3092,5.0834,8.1380,0.1104,0.0386,0.2517,305,58,0.5151,-0.7736,2.4774,2.1211,1.2887,0.2114,0.5151,7,291,0,58
00-0036945,J.Fields,CHI,2023,14,275,-0.0219,4.0138,7.3591,0.1227,0.0873,0.2952,218,57,0.2507,-1.0642,2.6314,3.1402,1.3148,0.2592,0.2507,4,194,0,57
00-0029701,R.Tannehill,TEN,2023,14,170,-0.0642,0.0551,9.1293,0.1701,0.0353,0.2521,130,40,0.2534,-1.0963,1.8029,1.3614,1.3497,0.2189,0.2534,3,124,1,40
00-0038476,T.DeVito,NYG,2023,14,140,-0.1394,-0.3455,7.5816,0.1224,0.1357,0.3393,114,26,0.1088,-1.2278,2.2467,0.3439,1.3366,0.1815,0.1088,3,95,0,26
00-0033949,J.Dobbs,ARI,2023,14,410,-0.1055,-1.3806,7.4460,0.1051,0.0756,0.2317,334,76,0.0640,-0.8508,2.0554,3.9742,0.9148,0.2418,0.0640,7,303,2,76
00-0036264,J.Love,GB,2023,14,457,0.1071,-1.2176,8.0438,0.1241,0.0460,0.2517,399,58,0.1987,-0.5233,2.3155,1.6429,0.7220,0.1847,0.1987,10,378,0,58
00-0026158,J.Flacco,CLE,2023,14,87,-0.1039,-6.5691,9.8837,0.1628,0.0000,0.1822,83,4,-0.1103,0.0298,2.3118,24.6232,-0.1402,2.4867,-0.1103,2,83,0,4
00-0036212,T.Tagovailoa,MIA,2023,14,438,0.2465,6.0877,7.7568,0.1204,0.0274,0.2625,400,38,0.3641,-0.9910,3.2562,2.0513,1.3551,0.2492,0.3641,9,388,1,38
00-0033106,J.Goff,DET,2023,15,461,0.0631,1.5446,6.7760,0.0785,0.0130,0.2092,390,71,0.2289,-0.8478,2.4673,3.7174,1.0767,0.2422,0.2289,7,384,2,71
00-0034857,J.Allen,BUF,2023,15,524,0.1598,4.3672,8.2925,0.1204,0.0706,0.2202,463,61,0.2489,-0.5163,2.1148,2.2543,0.7652,0.2038,0.2489,13,426,1,61
00-0037077,S.Howell,WAS,2023,15,571,-0.0460,1.3447,7.6209,0.1291,0.0525,0.3198,478,93,0.1509,-1.0580,2.4124,2.0970,1.2090,0.1661,0.1509,10,448,2,93
00-0039150,B.Young,CAR,2023,15,429,-0.2284,-1.2619,7.4918,0.0989,0.0513,0.3134,351,78,0.0275,-1.3799,2.4588,2.6368,1.4074,0.2020,0.0275,7,329,1,78
00-0027973,A.Dalton,CAR,2023,15,50,0.0893,-8.3777,8.4255,0.1489,0.0200,0.1840,42,8,0.2070,-0.5287,2.0169,1.2392,0.7357,0.4505,0.2070,0,41,0,8
00-0029263,R.Wilson,DEN,2023,15,435,-0.0490,5.5590,6.4332,0.1281,0.0713,0.2650,348,87,0.1455,-0.8268,2.1631,3.6521,0.9723,0.2195,0.1455,8,317,0,87
00-0039152,W.Levis,TEN,2023,15,257,0.0114,0.7432,9.9548,0.2036,0.0350,0.2677,195,62,0.2161,-0.6324,1.8493,1.5301,0.8485,0.1848,0.2161,3,186,0,62
00-0038108,B.Zappe,NE,2023,15,118,-0.1969,-3.0392,6.9802,0.0990,0.0424,0.2909,104,14,-0.0170,-1.5333,2.6244,1.0406,1.5163,0.3155,-0.0170,4,99,0,14
00-0035704,D.Lock,SEA,2023,15,83,0.0332,-4.0186,8.1918,0.1507,0.0361,0.2491,76,7,0.1722,-1.4753,1.8629,1.3625,1.6475,0.4681,0.1722,2,73,0,7
00-0033869,M.Trubisky,PIT,2023,15,89,-0.1521,-2.2994,9.9211,0.1711,0.0787,0.2068,75,14,0.0854,-1.4243,1.6271,3.2384,1.5097,0.5030,0.0854,1,68,2,14
00-0026498,M.Stafford,LA,2023,15,457,0.0799,-3.6402,7.6014,0.1122,0.0263,0.2378,393,64,0.2307,-0.8460,2.3959,1.4243,1.0766,0.1684,0.2307,7,381,2,64
00-0033319,N.Mullens,MIN,2023,15,51,0.2538,13.9587,6.7826,0.0652,0.0392,0.1925,41,10,0.2649,0.2080,1.4417,5.3151,0.0569,0.7528,0.2649,1,39,1,10
00-0036971,T.Lawrence,JAX,2023,15,505,0.0168,1.5795,8.0587,0.1242,0.0614,0.2763,442,63,0.1990,-1.2610,2.2147,4.2668,1.4600,0.2697,0.1990,6,411,2,63
00-0039163,C.Stroud,HOU,2023,15,446,0.0942,-0.0448,9.2995,0.1193,0.0381,0.2947,383,63,0.3358,-1.3748,2.3214,1.5353,1.7107,0.1744,0.3358,4,366,0,63
00-0035100,J.Browning,CIN,2023,15,152,0.2078,6.9677,6.6741,0.1185,0.0395,0.2600,132,20,0.2757,-0.2404,2.3674,4.7651,0.5161,0.5062,0.2757,3,126,0,20
00-0038122,D.Ridder,ATL,2023,15,380,-0.0651,-1.7394,8.4230,0.1178,0.0474,0.3009,329,51,0.0480,-0.7947,2.5677,2.8601,0.8428,0.2528,0.0480,9,311,1,51
00-0036264,J.Love,GB,2023,15,491,0.1159,-0.1068,7.8536,0.1216,0.0428,0.2496,429,62,0.2120,-0.5496,2.2921,1.5480,0.7617,0.1741,0.2120,10,408,0,62
00-0033275,P.Walker,CLE,2023,15,113,-0.2177,-12.2321,8.2574,0.1485,0.0354,0.2054,87,26,-0.1775,-0.3522,2.6010,3.4865,0.1748,0.4050,-0.1775,5,83,0,26
00-0031280,D.Carr,NO,2023,15,460,0.0068,2.6957,7.6737,0.1268,0.0174,0.2556,399,61,0.1556,-0.9665,2.3273,2.2015,1.1221,0.2047,0.1556,6,391,1,61
00-0036389,J.Hurts,PHI,2023,15,502,0.1239,4.0162,8.6302,0.1302,0.0857,0.3148,451,51,0.2002,-0.5510,2.2762,2.8767,0.7512,0.2479,0.2002,12,408,0,51
00-0036212,T.Tagovailoa,MIA,2023,15,463,0.2564,6.4972,7.5721,0.1163,0.0259,0.2693,422,41,0.3824,-1.0400,3.2204,1.9512,1.4224,0.2350,0.3824,9,410,1,41
00-0034796,L.Jackson,BAL,2023,15,471,0.0414,2.6134,8.6309,0.1283,0.1253,0.3017,415,56,0.2293,-1.3509,1.9426,2.9188,1.5801,0.2383,0.2293,6,356,1,56
00-0038476,T.DeVito,NYG,2023,15,165,-0.1965,-2.9471,7.4052,0.1207,0.1273,0.3520,133,32,0.0681,-1.2964,2.1713,0.3146,1.3645,0.1617,0.0681,3,112,0,32
00-0033077,D.Prescott,DAL,2023,15,491,0.1895,3.0037,7.9060,0.1147,0.0468,0.2788,425,66,0.3513,-0.8523,2.0440,3.0401,1.2037,0.2255,0.3513,4,402,0,66
00-0039164,A.Richardson,IND,2023,15,97,-0.0009,-9.1115,7.7805,0.1220,0.0619,0.2491,84,13,0.1266,-0.8246,2.3863,1.3263,0.9512,0.3611,0.1266,1,78,0,13
00-0036972,M.Jones,NE,2023,15,370,-0.1735,-3.2475,6.7649,0.0982,0.0324,0.2636,324,46,-0.0410,-1.1063,2.5542,3.4450,1.0653,0.2877,-0.0410,10,312,2,46
00-0030565,G.Smith,SEA,2023,15,413,0.0495,2.4586,7.0957,0.1090,0.0339,0.2475,353,60,0.2351,-1.0427,1.9807,1.5210,1.2778,0.1760,0.2351,8,339,1,60
00-0035228,K.Murray,ARI,2023,15,150,-0.1462,-9.5310,8.5659,0.1240,0.0600,0.2676,131,19,-0.0042,-1.1255,2.3628,0.5372,1.1213,0.2152,-0.0042,3,122,0,19
00-0031800,T.Heinicke,ATL,2023,15,81,0.0052,-7.4816,9.3286,0.1571,0.0864,0.2074,71,10,0.1522,-1.0388,2.5088,1.1903,1.1910,0.3929,0.1522,1,64,0,10
00-0038416,T.Bagent,CHI,2023,15,142,-0.1016,-0.8108,5.8333,0.0635,0.0775,0.2103,129,13,0.0573,-1.6780,2.2557,8.0971,1.7352,0.8002,0.0573,5,118,0,13
00-0036355,J.Herbert,LAC,2023,15,494,0.0630,-0.5604,7.2626,0.1164,0.0628,0.2382,426,68,0.2023,-0.8099,1.9280,2.8716,1.0122,0.2162,0.2023,3,395,3,68
00-0029701,R.Tannehill,TEN,2023,15,170,-0.0642,0.0551,9.1293,0.1701,0.0353,0.2521,130,40,0.2534,-1.0963,1.8029,1.3614,1.3497,0.2189,0.2534,3,124,1,40
00-0029604,K.Cousins,MIN,2023,15,305,0.0323,4.1324,6.9268,0.0767,0.0098,0.1930,244,61,0.2513,-0.8439,3.1155,3.2599,1.0953,0.2573,0.2513,4,241,1,61
00-0038102,K.Pickett,PIT,2023,15,341,-0.1102,-2.7069,7.1075,0.0977,0.0381,0.2365,286,55,0.0346,-0.8630,1.9302,2.3749,0.8976,0.2234,0.0346,3,273,0,55
00-0038583,D.Thompson-Robinson,CLE,2023,15,106,-0.2148,-10.3509,5.6701,0.0206,0.0377,0.2074,95,11,-0.1476,-0.7950,1.5997,0.8536,0.6474,0.3073,-0.1476,2,91,0,11
00-0026158,J.Flacco,CLE,2023,15,135,-0.1958,-5.0430,9.4769,0.1462,0.0000,0.2218,125,10,-0.1082,-1.2905,3.2977,11.8496,1.1823,1.1006,-0.1082,4,125,1,10
00-0038579,A.O'Connell,LV,2023,15,233,-0.1039,-5.4436,7.3333,0.1019,0.0000,0.2847,202,31,0.0938,-1.3920,2.2219,2.7702,1.4858,0.3168,0.0938,5,202,1,31
00-0037834,B.Purdy,SF,2023,15,386,0.3306,5.0398,8.4928,0.1146,0.0363,0.2496,327,59,0.5284,-0.7657,2.4511,2.0883,1.2941,0.2071,0.5284,7,313,0,59
00-0033949,J.Dobbs,ARI,2023,15,410,-0.1055,-1.3806,7.4460,0.1051,0.0756,0.2317,334,76,0.0640,-0.8508,2.0554,3.9742,0.9148,0.2418,0.0640,7,303,2,76
00-0036442,J.Burrow,CIN,2023,15,375,0.0423,0.9700,6.6873,0.0855,0.0347,0.2454,317,58,0.1951,-0.7930,1.8246,2.4553,0.9881,0.2193,0.1951,4,304,2,58
00-0028118,T.Taylor,NYG,2023,15,94,-0.0916,4.0237,8.2877,0.1507,0.1277,0.2613,80,14,0.1211,-1.3068,1.7959,0.4314,1.4279,0.2308,0.1211,0,68,0,14
00-0035289,G.Minshew,IND,2023,15,398,0.0340,-2.3229,6.8440,0.1031,0.0352,0.2849,354,44,0.1862,-1.1908,2.2112,3.6172,1.3770,0.2974,0.1862,6,340,0,44
00-0033873,P.Mahomes,KC,2023,15,548,0.1349,2.8169,6.9111,0.1030,0.0675,0.1798,474,74,0.2749,-0.7621,2.0903,2.6313,1.0370,0.1999,0.2749,6,437,5,74
00-0033537,D.Watson,CLE,2023,15,193,-0.1674,-2.5466,9.2250,0.1313,0.0881,0.2607,160,33,0.0347,-1.1473,2.6265,1.6345,1.1821,0.2568,0.0347,4,143,0,33
00-0037013,Z.Wilson,NYJ,2023,15,398,-0.1954,-2.7325,6.9247,0.0873,0.0603,0.3026,320,78,0.0354,-1.1423,1.6509,2.4655,1.1776,0.1917,0.0354,3,296,1,78
00-0031345,J.Garoppolo,LV,2023,15,165,-0.0316,-2.1829,7.8121,0.0872,0.0485,0.2111,141,24,0.1762,-1.2521,2.5006,2.7909,1.4283,0.3661,0.1762,7,133,2,24
00-0036945,J.Fields,CHI,2023,15,320,-0.0628,2.3073,7.8885,0.1462,0.0813,0.2956,255,65,0.1995,-1.0918,2.3851,2.9170,1.2913,0.2329,0.1995,5,229,1,65
00-0035710,D.Jones,NYG,2023,15,175,-0.1730,-0.2193,7.2015,0.0746,0.0971,0.3082,139,36,0.1080,-1.2579,3.0290,1.9225,1.3659,0.2742,0.1080,3,122,1,36
00-0034855,B.Mayfield,TB,2023,15,470,0.0636,-0.2964,8.4641,0.1220,0.0511,0.2933,416,54,0.1979,-0.9712,2.2322,2.9376,1.1691,0.2445,0.1979,7,392,1,54
00-0038583,D.Thompson-Robinson,CLE,2023,16,106,-0.2148,-10.3509,5.6701,0.0206,0.0377,0.2074,95,11,-0.1476,-0.7950,1.5997,0.8536,0.6474,0.3073,-0.1476,2,91,0,11
00-0037077,S.Howell,WAS,2023,16,594,-0.0837,-0.3757,7.5451,0.1275,0.0505,0.3183,498,96,0.1142,-1.1106,2.4155,2.1908,1.2249,0.1663,0.1142,11,468,3,96
00-0036971,T.Lawrence,JAX,2023,16,541,0.0135,1.1823,8.2373,0.1250,0.0628,0.2841,474,67,0.2010,-1.3128,2.2267,4.4123,1.5138,0.2656,0.2010,8,440,2,67
00-0033077,D.Prescott,DAL,2023,16,529,0.1936,2.6713,7.7436,0.1090,0.0473,0.2776,452,77,0.3586,-0.7753,2.0685,2.9724,1.1339,0.2078,0.3586,4,427,0,77
00-0039163,C.Stroud,HOU,2023,16,446,0.0942,-0.0448,9.2995,0.1193,0.0381,0.2947,383,63,0.3358,-1.3748,2.3214,1.5353,1.7107,0.1744,0.3358,4,366,0,63
00-0038416,T.Bagent,CHI,2023,16,142,-0.1016,-0.8108,5.8333,0.0635,0.0775,0.2103,129,13,0.0573,-1.6780,2.2557,8.0971,1.7352,0.8002,0.0573,5,118,0,13
00-0035228,K.Murray,ARI,2023,16,184,-0.1457,-9.5557,8.0687,0.1187,0.0489,0.2767,162,22,-0.0061,-1.1740,2.2001,0.4786,1.1679,0.1880,-0.0061,3,153,0,22
00-0036389,J.Hurts,PHI,2023,16,541,0.1254,3.4538,8.3884,0.1245,0.0832,0.3153,488,53,0.2028,-0.5870,2.4485,2.7997,0.7898,0.2405,0.2028,13,443,0,53
00-0036355,J.Herbert,LAC,2023,16,494,0.0630,-0.5604,7.2626,0.1164,0.0628,0.2382,426,68,0.2023,-0.8099,1.9280,2.8716,1.0122,0.2162,0.2023,3,395,3,68
00-0031800,T.Heinicke,ATL,2023,16,113,0.0907,-4.5605,8.0300,0.1300,0.0708,0.2103,100,13,0.2146,-0.8627,2.1705,1.2504,1.0773,0.3434,0.2146,1,92,0,13
00-0036945,J.Fields,CHI,2023,16,348,-0.0518,2.4333,7.9930,0.1444,0.0833,0.2986,281,67,0.1915,-1.0721,2.2976,2.8417,1.2636,0.2249,0.1915,5,252,1,67
00-0033873,P.Mahomes,KC,2023,16,598,0.1025,2.3061,6.6510,0.1013,0.0753,0.1915,515,83,0.2498,-0.8119,2.1467,2.4524,1.0618,0.1836,0.2498,7,470,5,83
00-0038102,K.Pickett,PIT,2023,16,341,-0.1102,-2.7069,7.1075,0.0977,0.0381,0.2365,286,55,0.0346,-0.8630,1.9302,2.3749,0.8976,0.2234,0.0346,3,273,0,55
00-0036264,J.Love,GB,2023,16,519,0.1368,0.1364,7.9851,0.1277,0.0424,0.2516,455,64,0.2384,-0.5855,2.2761,1.5545,0.8239,0.1711,0.2384,10,433,0,64
00-0037013,Z.Wilson,NYJ,2023,16,398,-0.1954,-2.7325,6.9247,0.0873,0.0603,0.3026,320,78,0.0354,-1.1423,1.6509,2.4655,1.1776,0.1917,0.0354,3,296,1,78
00-0033319,N.Mullens,MIN,2023,16,91,0.1977,10.4828,10.3580,0.1975,0.0330,0.2088,70,21,0.3174,-0.2014,2.1656,3.4411,0.5188,0.4414,0.3174,5,67,1,21
00-0033949,J.Dobbs,MIN,2023,16,410,-0.1055,-1.3806,7.4460,0.1051,0.0756,0.2317,334,76,0.0640,-0.8508,2.0554,3.9742,0.9148,0.2418,0.0640,7,303,2,76
00-0029701,R.Tannehill,TEN,2023,16,203,-0.0498,0.5150,8.5407,0.1453,0.0394,0.2745,154,49,0.2435,-0.9718,1.6833,1.3823,1.2153,0.1978,0.2435,3,146,1,49
00-0030565,G.Smith,SEA,2023,16,453,0.0685,2.6383,7.0388,0.1019,0.0331,0.2594,390,63,0.2491,-1.0493,1.9210,1.4582,1.2983,0.1675,0.2491,8,375,1,63
00-0031345,J.Garoppolo,LV,2023,16,165,-0.0316,-2.1829,7.8121,0.0872,0.0485,0.2111,141,24,0.1762,-1.2521,2.5006,2.7909,1.4283,0.3661,0.1762,7,133,2,24
00-0039150,B.Young,CAR,2023,16,465,-0.1918,-0.6156,7.7727,0.1010,0.0516,0.3066,379,86,0.0515,-1.2638,2.3776,2.7267,1.3152,0.1949,0.0515,7,355,1,86
00-0033537,D.Watson,CLE,2023,16,193,-0.1674,-2.5466,9.2250,0.1313,0.0881,0.2607,160,33,0.0347,-1.1473,2.6265,1.6345,1.1821,0.2568,0.0347,4,143,0,33
00-0038122,D.Ridder,ATL,2023,16,380,-0.0651,-1.7394,8.4230,0.1178,0.0474,0.3009,329,51,0.0480,-0.7947,2.5677,2.8601,0.8428,0.2528,0.0480,9,311,1,51
00-0038476,T.DeVito,NYG,2023,16,182,-0.2148,-3.6128,6.7879,0.1061,0.1154,0.3481,147,35,0.0402,-1.2858,2.0488,0.2954,1.3260,0.1496,0.0402,3,126,0,35
00-0028118,T.Taylor,NYG,2023,16,104,-0.1134,2.0439,8.5854,0.1585,0.1250,0.2531,88,16,0.1114,-1.3498,1.8902,0.3912,1.4612,0.2143,0.1114,0,75,0,16
00-0035289,G.Minshew,IND,2023,16,431,0.0407,-2.3103,6.9351,0.0987,0.0394,0.2948,381,50,0.1981,-1.1592,2.1582,3.3508,1.3573,0.2696,0.1981,6,364,0,50
00-0038579,A.O'Connell,LV,2023,16,255,-0.1412,-6.1010,7.3559,0.1059,0.0000,0.2817,218,37,0.0570,-1.3095,2.1256,2.5112,1.3665,0.2786,0.0570,5,218,1,37
00-0039152,W.Levis,TEN,2023,16,257,0.0114,0.7432,9.9548,0.2036,0.0350,0.2677,195,62,0.2161,-0.6324,1.8493,1.5301,0.8485,0.1848,0.2161,3,186,0,62
00-0034857,J.Allen,BUF,2023,16,547,0.1710,4.5323,8.5041,0.1276,0.0695,0.2248,485,62,0.2607,-0.5309,2.1393,2.2307,0.7916,0.2010,0.2607,14,447,1,62
00-0036212,T.Tagovailoa,MIA,2023,16,501,0.2515,6.1374,7.7473,0.1135,0.0240,0.2660,456,45,0.3717,-0.9661,3.1073,2.0488,1.3378,0.2288,0.3717,9,444,1,45
00-0035100,J.Browning,CIN,2023,16,194,0.1393,5.5309,6.4080,0.1034,0.0309,0.2557,167,27,0.2413,-0.4913,2.5412,4.8905,0.7326,0.4431,0.2413,4,161,1,27
00-0027973,A.Dalton,CAR,2023,16,50,0.0893,-8.3777,8.4255,0.1489,0.0200,0.1840,42,8,0.2070,-0.5287,2.0169,1.2392,0.7357,0.4505,0.2070,0,41,0,8
00-0026498,M.Stafford,LA,2023,16,488,0.1023,-2.8709,7.6526,0.1136,0.0246,0.2382,421,67,0.2462,-0.8017,2.3784,1.5138,1.0479,0.1681,0.2462,7,409,2,67
00-0034855,B.Mayfield,TB,2023,16,502,0.0909,0.0994,8.2662,0.1186,0.0518,0.2967,447,55,0.2233,-0.9852,2.1984,2.8939,1.2085,0.2399,0.2233,7,421,1,55
00-0033106,J.Goff,DET,2023,16,502,0.0864,1.5529,6.5180,0.0740,0.0120,0.2104,428,74,0.2495,-0.8572,2.3398,3.5743,1.1067,0.2319,0.2495,7,422,2,74
00-0036442,J.Burrow,CIN,2023,16,375,0.0423,0.9700,6.6873,0.0855,0.0347,0.2454,317,58,0.1951,-0.7930,1.8246,2.4553,0.9881,0.2193,0.1951,4,304,2,58
00-0029263,R.Wilson,DEN,2023,16,475,-0.0621,5.2172,6.5514,0.1303,0.0674,0.2723,378,97,0.1525,-0.8983,2.0754,3.6281,1.0508,0.2071,0.1525,8,346,0,97
00-0035282,E.Stick,LAC,2023,16,75,-0.2045,-2.9050,6.3939,0.1061,0.0133,0.2452,61,14,0.2767,-2.3010,1.6077,6.5687,2.5777,0.7040,0.2767,0,60,0,14
00-0028986,C.Keenum,HOU,2023,16,59,-0.3500,-2.8930,7.1132,0.0566,0.0000,0.2357,49,10,-0.1427,-1.3660,2.5529,0.6948,1.2233,0.3487,-0.1427,2,49,1,10
00-0029604,K.Cousins,MIN,2023,16,305,0.0323,4.1324,6.9268,0.0767,0.0098,0.1930,244,61,0.2513,-0.8439,3.1155,3.2599,1.0953,0.2573,0.2513,4,241,1,61
00-0032156,T.Siemian,NYJ,2023,16,80,-0.3488,-14.2201,4.9041,0.0959,0.0375,0.2113,69,11,-0.1428,-1.6407,2.2113,3.8662,1.4978,0.6193,-0.1428,1,66,1,11
00-0037834,B.Purdy,SF,2023,16,411,0.2687,3.8259,8.3182,0.1096,0.0341,0.2416,348,63,0.4633,-0.8064,2.7264,2.6270,1.2696,0.2226,0.4633,10,334,1,63
00-0034796,L.Jackson,BAL,2023,16,507,0.0608,2.4388,8.3807,0.1205,0.1203,0.3024,449,58,0.2365,-1.2992,1.9037,2.9197,1.5357,0.2336,0.2365,6,388,1,58
00-0031280,D.Carr,NO,2023,16,490,-0.0096,1.5700,7.9163,0.1233,0.0163,0.2611,426,64,0.1420,-1.0187,2.4011,2.2225,1.1607,0.2009,0.1420,7,418,1,64
00-0036972,M.Jones,NE,2023,16,370,-0.1735,-3.2475,6.7649,0.0982,0.0324,0.2636,324,46,-0.0410,-1.1063,2.5542,3.4450,1.0653,0.2877,-0.0410,10,312,2,46
00-0033275,P.Walker,CLE,2023,16,113,-0.2177,-12.2321,8.2574,0.1485,0.0354,0.2054,87,26,-0.1775,-0.3522,2.6010,3.4865,0.1748,0.4050,-0.1775,5,83,0,26
00-0039164,A.Richardson,IND,2023,16,97,-0.0009,-9.1115,7.7805,0.1220,0.0619,0.2491,84,13,0.1266,-0.8246,2.3863,1.3263,0.9512,0.3611,0.1266,1,78,0,13
00-0035710,D.Jones,NYG,2023,16,175,-0.1730,-0.2193,7.2015,0.0746,0.0971,0.3082,139,36,0.1080,-1.2579,3.0290,1.9225,1.3659,0.2742,0.1080,3,122,1,36
00-0035704,D.Lock,SEA,2023,16,83,0.0332,-4.0186,8.1918,0.1507,0.0361,0.2491,76,7,0.1722,-1.4753,1.8629,1.3625,1.6475,0.4681,0.1722,2,73,0,7
00-0038108,B.Zappe,NE,2023,16,152,-0.1287,0.9484,6.9773,0.1136,0.0395,0.2904,133,19,0.0437,-1.3357,2.3635,3.9190,1.3794,0.4733,0.0437,4,127,0,19
00-0033869,M.Trubisky,PIT,2023,16,89,-0.1521,-2.2994,9.9211,0.1711,0.0787,0.2068,75,14,0.0854,-1.4243,1.6271,3.2384,1.5097,0.5030,0.0854,1,68,2,14
00-0026158,J.Flacco,CLE,2023,16,170,-0.0628,-2.7653,10.0848,0.1636,0.0000,0.2000,154,16,0.0051,-0.7157,3.2554,9.4261,0.7207,0.7812,0.0051,4,154,3,16
00-0038476,T.DeVito,NYG,2023,17,182,-0.2148,-3.6128,6.7879,0.1061,0.1154,0.3481,147,35,0.0402,-1.2858,2.0488,0.2954,1.3260,0.1496,0.0402,3,126,0,35
00-0036971,T.Lawrence,JAX,2023,17,541,0.0135,1.1823,8.2373,0.1250,0.0628,0.2841,474,67,0.2010,-1.3128,2.2267,4.4123,1.5138,0.2656,0.2010,8,440,2,67
00-0031280,D.Carr,NO,2023,17,518,0.0114,2.0561,7.7256,0.1206,0.0154,0.2667,453,65,0.1609,-1.0307,2.3580,2.1971,1.1916,0.1975,0.1609,7,445,1,65
00-0033537,D.Watson,CLE,2023,17,193,-0.1674,-2.5466,9.2250,0.1313,0.0881,0.2607,160,33,0.0347,-1.1473,2.6265,1.6345,1.1821,0.2568,0.0347,4,143,0,33
00-0033275,P.Walker,CLE,2023,17,113,-0.2177,-12.2321,8.2574,0.1485,0.0354,0.2054,87,26,-0.1775,-0.3522,2.6010,3.4865,0.1748,0.4050,-0.1775,5,83,0,26
00-0035282,E.Stick,LAC,2023,17,107,-0.1469,-3.3728,6.5155,0.0928,0.0093,0.2492,91,16,0.1827,-2.0215,1.4701,6.5127,2.2042,0.6505,0.1827,0,90,0,16
00-0037077,S.Howell,WAS,2023,17,615,-0.0817,-0.3087,7.4377,0.1264,0.0488,0.3135,514,101,0.1183,-1.0996,2.3856,2.3320,1.2180,0.1665,0.1183,11,484,4,101
00-0038583,D.Thompson-Robinson,CLE,2023,17,106,-0.2148,-10.3509,5.6701,0.0206,0.0377,0.2074,95,11,-0.1476,-0.7950,1.5997,0.8536,0.6474,0.3073,-0.1476,2,91,0,11
00-0036442,J.Burrow,CIN,2023,17,375,0.0423,0.9700,6.6873,0.0855,0.0347,0.2454,317,58,0.1951,-0.7930,1.8246,2.4553,0.9881,0.2193,0.1951,4,304,2,58
00-0038579,A.O'Connell,LV,2023,17,298,-0.1065,-5.7258,7.5957,0.1083,0.0000,0.2792,255,43,0.0763,-1.1908,2.1165,2.3624,1.2671,0.2515,0.0763,5,255,1,43
00-0029701,R.Tannehill,TEN,2023,17,222,-0.0389,1.3548,8.1649,0.1383,0.0360,0.2814,168,54,0.2452,-0.9227,1.7547,1.4309,1.1679,0.1922,0.2452,3,160,1,54
00-0033869,M.Trubisky,PIT,2023,17,89,-0.1521,-2.2994,9.9211,0.1711,0.0787,0.2068,75,14,0.0854,-1.4243,1.6271,3.2384,1.5097,0.5030,0.0854,1,68,2,14
00-0037013,Z.Wilson,NYJ,2023,17,398,-0.1954,-2.7325,6.9247,0.0873,0.0603,0.3026,320,78,0.0354,-1.1423,1.6509,2.4655,1.1776,0.1917,0.0354,3,296,1,78
00-0038122,D.Ridder,ATL,2023,17,380,-0.0651,-1.7394,8.4230,0.1178,0.0474,0.3009,329,51,0.0480,-0.7947,2.5677,2.8601,0.8428,0.2528,0.0480,9,311,1,51
00-0039150,B.Young,CAR,2023,17,487,-0.2080,-0.7947,7.6077,0.0993,0.0513,0.3136,396,91,0.0301,-1.2438,2.3175,3.0091,1.2739,0.1973,0.0301,7,371,1,91
00-0028118,T.Taylor,NYG,2023,17,154,-0.0871,1.8544,8.4918,0.1393,0.1039,0.2810,129,25,0.1179,-1.1450,1.9808,0.7471,1.2629,0.2127,0.1179,1,113,0,25
00-0038416,T.Bagent,CHI,2023,17,142,-0.1016,-0.8108,5.8333,0.0635,0.0775,0.2103,129,13,0.0573,-1.6780,2.2557,8.0971,1.7352,0.8002,0.0573,5,118,0,13
00-0036264,J.Love,GB,2023,17,546,0.1543,0.4267,8.1650,0.1308,0.0403,0.2477,480,66,0.2505,-0.5455,2.3011,1.6477,0.7960,0.1725,0.2505,10,458,0,66
00-0034857,J.Allen,BUF,2023,17,581,0.1533,3.8710,8.6609,0.1298,0.0706,0.2238,515,66,0.2471,-0.5782,2.1339,2.1647,0.8253,0.1922,0.2471,15,474,1,66
00-0035710,D.Jones,NYG,2023,17,175,-0.1730,-0.2193,7.2015,0.0746,0.0971,0.3082,139,36,0.1080,-1.2579,3.0290,1.9225,1.3659,0.2742,0.1080,3,122,1,36
00-0029263,R.Wilson,DEN,2023,17,475,-0.0621,5.2172,6.5514,0.1303,0.0674,0.2723,378,97,0.1525,-0.8983,2.0754,3.6281,1.0508,0.2071,0.1525,8,346,0,97
00-0033873,P.Mahomes,KC,2023,17,631,0.0986,2.5466,6.5694,0.1014,0.0745,0.1960,541,90,0.2565,-0.8505,2.1567,2.4248,1.1069,0.1759,0.2565,7,494,5,90
00-0028986,C.Keenum,HOU,2023,17,59,-0.3500,-2.8930,7.1132,0.0566,0.0000,0.2357,49,10,-0.1427,-1.3660,2.5529,0.6948,1.2233,0.3487,-0.1427,2,49,1,10
00-0029604,K.Cousins,MIN,2023,17,305,0.0323,4.1324,6.9268,0.0767,0.0098,0.1930,244,61,0.2513,-0.8439,3.1155,3.2599,1.0953,0.2573,0.2513,4,241,1,61
00-0034771,M.Rudolph,PIT,2023,17,51,0.4627,12.4147,8.1277,0.1489,0.0392,0.1957,46,5,0.6382,-1.1522,3.0134,0.7070,1.7904,0.4549,0.6382,0,44,0,5
00-0034796,L.Jackson,BAL,2023,17,529,0.1055,3.2388,8.5081,0.1247,0.1210,0.3032,469,60,0.2816,-1.2711,2.0496,2.9064,1.5527,0.2298,0.2816,6,405,1,60
00-0037834,B.Purdy,SF,2023,17,438,0.2820,4.3519,8.2500,0.1050,0.0342,0.2397,374,64,0.4677,-0.8036,2.6406,2.5858,1.2713,0.2179,0.4677,10,359,1,64
00-0030565,G.Smith,SEA,2023,17,490,0.0796,2.9637,7.0225,0.0966,0.0367,0.2478,418,72,0.2430,-0.8689,1.8631,2.2682,1.1119,0.1896,0.2430,8,400,1,72
00-0039152,W.Levis,TEN,2023,17,264,-0.0254,0.1880,10.1586,0.2070,0.0341,0.2672,199,65,0.2138,-0.7576,1.8754,2.3293,0.9714,0.2127,0.2138,3,190,0,65
00-0033077,D.Prescott,DAL,2023,17,570,0.1867,2.8108,7.9407,0.1166,0.0439,0.2790,486,84,0.3388,-0.6932,2.3255,3.0409,1.0320,0.2025,0.3388,5,461,0,84
00-0038102,K.Pickett,PIT,2023,17,341,-0.1102,-2.7069,7.1075,0.0977,0.0381,0.2365,286,55,0.0346,-0.8630,1.9302,2.3749,0.8976,0.2234,0.0346,3,273,0,55
00-0027973,A.Dalton,CAR,2023,17,50,0.0893,-8.3777,8.4255,0.1489,0.0200,0.1840,42,8,0.2070,-0.5287,2.0169,1.2392,0.7357,0.4505,0.2070,0,41,0,8
00-0035100,J.Browning,CIN,2023,17,234,0.1337,4.0653,6.3088,0.0931,0.0470,0.2653,196,38,0.2845,-0.6440,2.3400,3.5505,0.9285,0.3246,0.2845,4,185,1,38
00-0026498,M.Stafford,LA,2023,17,526,0.0891,-2.5761,7.5238,0.1097,0.0228,0.2479,452,74,0.2395,-0.8297,2.5171,1.4127,1.0692,0.1570,0.2395,9,440,2,74
00-0038108,B.Zappe,NE,2023,17,183,-0.1775,1.0764,7.1519,0.1139,0.0437,0.2881,156,27,-0.0288,-1.0363,3.1000,3.5060,1.0074,0.3869,-0.0288,7,148,0,27
00-0031345,J.Garoppolo,LV,2023,17,165,-0.0316,-2.1829,7.8121,0.0872,0.0485,0.2111,141,24,0.1762,-1.2521,2.5006,2.7909,1.4283,0.3661,0.1762,7,133,2,24
00-0035289,G.Minshew,IND,2023,17,456,0.0618,-1.9398,6.9289,0.1005,0.0395,0.2958,404,52,0.2195,-1.1634,2.2243,3.2559,1.3829,0.2610,0.2195,6,386,0,52
00-0036389,J.Hurts,PHI,2023,17,565,0.1410,4.1426,8.5235,0.1288,0.0814,0.3100,510,55,0.2190,-0.5815,2.4178,2.6970,0.8004,0.2319,0.2190,13,464,1,55
00-0036355,J.Herbert,LAC,2023,17,494,0.0630,-0.5604,7.2626,0.1164,0.0628,0.2382,426,68,0.2023,-0.8099,1.9280,2.8716,1.0122,0.2162,0.2023,3,395,3,68
00-0036212,T.Tagovailoa,MIA,2023,17,538,0.2360,5.5570,7.7605,0.1158,0.0242,0.2721,490,48,0.3543,-0.9708,3.1295,1.9343,1.3250,0.2161,0.3543,11,477,1,48
00-0034855,B.Mayfield,TB,2023,17,521,0.0785,-0.2307,8.2759,0.1228,0.0499,0.3008,463,58,0.2138,-1.0014,2.1936,2.7696,1.2152,0.2291,0.2138,8,437,1,58
00-0033106,J.Goff,DET,2023,17,535,0.0781,0.9956,6.5615,0.0734,0.0112,0.2056,454,81,0.2345,-0.7985,2.4485,3.8349,1.0329,0.2296,0.2345,9,448,2,81
00-0033319,N.Mullens,MIN,2023,17,101,0.1494,8.8527,9.8444,0.1778,0.0297,0.2111,77,24,0.2597,-0.2044,2.0881,3.8983,0.4641,0.4354,0.2597,5,74,1,24
00-0036945,J.Fields,CHI,2023,17,382,-0.0175,2.9014,8.0064,0.1497,0.0812,0.3000,311,71,0.2027,-0.9818,2.2539,3.0087,1.1844,0.2228,0.2027,5,280,1,71
00-0036972,M.Jones,NE,2023,17,370,-0.1735,-3.2475,6.7649,0.0982,0.0324,0.2636,324,46,-0.0410,-1.1063,2.5542,3.4450,1.0653,0.2877,-0.0410,10,312,2,46
00-0033949,J.Dobbs,ARI,2023,17,410,-0.1055,-1.3806,7.4460,0.1051,0.0756,0.2317,334,76,0.0640,-0.8508,2.0554,3.9742,0.9148,0.2418,0.0640,7,303,2,76
00-0031800,T.Heinicke,ATL,2023,17,138,0.0628,-8.2947,8.4545,0.1322,0.0797,0.2031,119,19,0.2046,-0.8251,2.5243,0.9231,1.0298,0.2642,0.2046,3,108,0,19
00-0039164,A.Richardson,IND,2023,17,97,-0.0009,-9.1115,7.7805,0.1220,0.0619,0.2491,84,13,0.1266,-0.8246,2.3863,1.3263,0.9512,0.3611,0.1266,1,78,0,13
00-0039163,C.Stroud,HOU,2023,17,476,0.1016,0.4151,9.0260,0.1158,0.0378,0.2925,412,64,0.3283,-1.3580,2.2310,1.5290,1.6863,0.1712,0.3283,4,394,0,64
00-0035228,K.Murray,ARI,2023,17,218,-0.0774,-6.1622,7.5079,0.1047,0.0505,0.2753,193,25,0.0989,-1.4383,2.1180,4.1239,1.5372,0.4194,0.0989,3,182,1,25
00-0032156,T.Siemian,NYJ,2023,17,106,-0.3074,-10.4814,5.0000,0.0833,0.0472,0.2140,92,14,-0.1269,-1.4932,2.6281,3.0885,1.3663,0.4992,-0.1269,2,87,1,14
00-0026158,J.Flacco,CLE,2023,17,198,-0.0382,-2.2740,9.5260,0.1510,0.0000,0.2095,180,18,0.0361,-0.7818,3.8889,8.3543,0.8179,0.6969,0.0361,5,180,3,18
00-0035704,D.Lock,SEA,2023,17,83,0.0332,-4.0186,8.1918,0.1507,0.0361,0.2491,76,7,0.1722,-1.4753,1.8629,1.3625,1.6475,0.4681,0.1722,2,73,0,7
00-0027973,A.Dalton,CAR,2023,18,50,0.0893,-8.3777,8.4255,0.1489,0.0200,0.1840,42,8,0.2070,-0.5287,2.0169,1.2392,0.7357,0.4505,0.2070,0,41,0,8
00-0031280,D.Carr,NO,2023,18,542,0.0458,2.7832,7.8194,0.1230,0.0148,0.2681,475,67,0.1964,-1.0217,2.3779,2.1873,1.2182,0.1940,0.1964,7,467,1,67
00-0030565,G.Smith,SEA,2023,18,521,0.0868,2.2205,6.9683,0.0951,0.0384,0.2478,449,72,0.2400,-0.8689,1.8578,2.2682,1.1089,0.1888,0.2400,8,429,1,72
00-0036442,J.Burrow,CIN,2023,18,375,0.0423,0.9700,6.6873,0.0855,0.0347,0.2454,317,58,0.1951,-0.7930,1.8246,2.4553,0.9881,0.2193,0.1951,4,304,2,58
00-0029701,R.Tannehill,TEN,2023,18,248,-0.0322,1.1384,7.8920,0.1362,0.0323,0.2758,189,59,0.2186,-0.8357,1.9072,1.4975,1.0543,0.1883,0.2186,4,181,1,59
00-0036972,M.Jones,NE,2023,18,370,-0.1735,-3.2475,6.7649,0.0982,0.0324,0.2636,324,46,-0.0410,-1.1063,2.5542,3.4450,1.0653,0.2877,-0.0410,10,312,2,46
00-0026498,M.Stafford,LA,2023,18,526,0.0891,-2.5761,7.5238,0.1097,0.0228,0.2479,452,74,0.2395,-0.8297,2.5171,1.4127,1.0692,0.1570,0.2395,9,440,2,74
00-0039164,A.Richardson,IND,2023,18,97,-0.0009,-9.1115,7.7805,0.1220,0.0619,0.2491,84,13,0.1266,-0.8246,2.3863,1.3263,0.9512,0.3611,0.1266,1,78,0,13
00-0039150,B.Young,CAR,2023,18,510,-0.2214,-1.1261,7.5336,0.1021,0.0529,0.3180,414,96,0.0283,-1.2981,2.2839,3.0824,1.3263,0.1940,0.0283,7,387,1,96
00-0035282,E.Stick,LAC,2023,18,164,-0.1568,-5.3846,6.5278,0.1042,0.0488,0.2526,140,24,0.1282,-1.8196,1.3102,10.5287,1.9478,0.6694,0.1282,0,132,0,24
00-0028118,T.Taylor,NYG,2023,18,181,-0.0179,3.6152,9.0621,0.1586,0.1050,0.2829,154,27,0.1806,-1.1500,2.1759,0.6955,1.3305,0.1997,0.1806,2,135,0,27
00-0031800,T.Heinicke,ATL,2023,18,138,0.0628,-8.2947,8.4545,0.1322,0.0797,0.2031,119,19,0.2046,-0.8251,2.5243,0.9231,1.0298,0.2642,0.2046,3,108,0,19
00-0032156,T.Siemian,NYJ,2023,18,127,-0.3432,-11.1848,5.5086,0.0948,0.0394,0.2095,108,19,-0.1637,-1.3638,2.3957,2.5070,1.2001,0.3926,-0.1637,2,103,1,19
00-0035264,J.Stidham,DEN,2023,18,65,-0.0129,-7.4652,8.0000,0.0877,0.0308,0.2276,53,12,0.2227,-1.0533,2.1831,0.5792,1.2760,0.2991,0.2227,0,51,0,12
00-0039163,C.Stroud,HOU,2023,18,507,0.1231,0.8912,9.0846,0.1225,0.0414,0.2943,439,68,0.3264,-1.1897,2.1567,2.4813,1.5161,0.2035,0.3264,4,418,0,68
00-0038416,T.Bagent,CHI,2023,18,142,-0.1016,-0.8108,5.8333,0.0635,0.0775,0.2103,129,13,0.0573,-1.6780,2.2557,8.0971,1.7352,0.8002,0.0573,5,118,0,13
00-0039152,W.Levis,TEN,2023,18,264,-0.0254,0.1880,10.1586,0.2070,0.0341,0.2672,199,65,0.2138,-0.7576,1.8754,2.3293,0.9714,0.2127,0.2138,3,190,0,65
00-0036264,J.Love,GB,2023,18,578,0.1638,1.2746,8.1120,0.1271,0.0398,0.2515,511,67,0.2593,-0.5644,2.2997,1.6467,0.8237,0.1705,0.2593,10,488,0,67
00-0033319,N.Mullens,MIN,2023,18,147,0.1299,7.6951,9.4275,0.1756,0.0272,0.2110,108,39,0.3240,-0.4077,2.0924,4.5500,0.7317,0.3688,0.3240,5,104,2,39
00-0038476,T.DeVito,NYG,2023,18,185,-0.2191,-3.1297,6.7239,0.1045,0.1135,0.3509,149,36,0.0337,-1.2655,2.0242,0.3017,1.2993,0.1482,0.0337,3,128,0,36
00-0031345,J.Garoppolo,LV,2023,18,167,-0.0440,-2.6254,7.8267,0.0867,0.0479,0.2189,142,25,0.1706,-1.2628,2.4872,2.6775,1.4334,0.3530,0.1706,7,134,2,25
00-0035228,K.Murray,ARI,2023,18,250,0.0000,-4.7933,7.2443,0.0995,0.0480,0.2741,221,29,0.1773,-1.3506,2.1107,3.6331,1.5279,0.3672,0.1773,3,209,1,29
00-0034857,J.Allen,BUF,2023,18,625,0.1565,4.8350,8.7342,0.1338,0.0720,0.2277,551,74,0.2592,-0.6083,2.1297,2.3937,0.8675,0.1903,0.2592,16,506,2,74
00-0038108,B.Zappe,NE,2023,18,216,-0.2749,-2.6877,7.7880,0.1304,0.0417,0.3082,181,35,-0.1029,-1.1645,2.9126,2.7842,1.0615,0.3093,-0.1029,9,172,0,35
00-0029604,K.Cousins,MIN,2023,18,305,0.0323,4.1324,6.9268,0.0767,0.0098,0.1930,244,61,0.2513,-0.8439,3.1155,3.2599,1.0953,0.2573,0.2513,4,241,1,61
00-0033106,J.Goff,DET,2023,18,564,0.0965,1.0489,6.7143,0.0789,0.0106,0.2068,480,84,0.2484,-0.7716,2.4722,3.7668,1.0200,0.2236,0.2484,9,474,2,84
00-0033537,D.Watson,CLE,2023,18,193,-0.1674,-2.5466,9.2250,0.1313,0.0881,0.2607,160,33,0.0347,-1.1473,2.6265,1.6345,1.1821,0.2568,0.0347,4,143,0,33
00-0037834,B.Purdy,SF,2023,18,438,0.2820,4.3519,8.2500,0.1050,0.0342,0.2397,374,64,0.4677,-0.8036,2.6406,2.5858,1.2713,0.2179,0.4677,10,359,1,64
00-0035289,G.Minshew,IND,2023,18,483,0.0527,-2.4674,7.0926,0.1042,0.0393,0.2943,428,55,0.2001,-1.0944,2.2156,3.2508,1.2945,0.2535,0.2001,6,409,0,55
00-0038122,D.Ridder,ATL,2023,18,407,-0.0397,-0.9724,8.2682,0.1201,0.0442,0.2958,354,53,0.0616,-0.7162,2.6955,3.0084,0.7778,0.2537,0.0616,10,336,1,53
00-0033077,D.Prescott,DAL,2023,18,600,0.2093,3.6867,7.7780,0.1119,0.0417,0.2790,516,84,0.3562,-0.6932,2.3175,3.0409,1.0493,0.2017,0.3562,6,491,0,84
00-0035710,D.Jones,NYG,2023,18,175,-0.1730,-0.2193,7.2015,0.0746,0.0971,0.3082,139,36,0.1080,-1.2579,3.0290,1.9225,1.3659,0.2742,0.1080,3,122,1,36
00-0033869,M.Trubisky,PIT,2023,18,89,-0.1521,-2.2994,9.9211,0.1711,0.0787,0.2068,75,14,0.0854,-1.4243,1.6271,3.2384,1.5097,0.5030,0.0854,1,68,2,14
00-0036945,J.Fields,CHI,2023,18,406,-0.0155,2.9032,8.0485,0.1455,0.0837,0.3130,330,76,0.2158,-1.0200,2.2096,2.8435,1.2358,0.2100,0.2158,5,296,1,76
00-0029263,R.Wilson,DEN,2023,18,475,-0.0621,5.2172,6.5514,0.1303,0.0674,0.2723,378,97,0.1525,-0.8983,2.0754,3.6281,1.0508,0.2071,0.1525,8,346,0,97
00-0038102,K.Pickett,PIT,2023,18,341,-0.1102,-2.7069,7.1075,0.0977,0.0381,0.2365,286,55,0.0346,-0.8630,1.9302,2.3749,0.8976,0.2234,0.0346,3,273,0,55
00-0033873,P.Mahomes,KC,2023,18,631,0.0986,2.5466,6.5694,0.1014,0.0745,0.1960,541,90,0.2565,-0.8505,2.1567,2.4248,1.1069,0.1759,0.2565,7,494,5,90
00-0036355,J.Herbert,LAC,2023,18,494,0.0630,-0.5604,7.2626,0.1164,0.0628,0.2382,426,68,0.2023,-0.8099,1.9280,2.8716,1.0122,0.2162,0.2023,3,395,3,68
00-0037013,Z.Wilson,NYJ,2023,18,398,-0.1954,-2.7325,6.9247,0.0873,0.0603,0.3026,320,78,0.0354,-1.1423,1.6509,2.4655,1.1776,0.1917,0.0354,3,296,1,78
00-0034771,M.Rudolph,PIT,2023,18,74,0.2864,13.3688,6.7761,0.1194,0.0270,0.2302,65,9,0.4736,-1.0660,3.3894,0.8952,1.5397,0.3894,0.4736,0,63,0,9
00-0033275,P.Walker,CLE,2023,18,113,-0.2177,-12.2321,8.2574,0.1485,0.0354,0.2054,87,26,-0.1775,-0.3522,2.6010,3.4865,0.1748,0.4050,-0.1775,5,83,0,26
00-0038579,A.O'Connell,LV,2023,18,327,-0.0693,-4.4482,7.6250,0.1053,0.0000,0.2849,281,46,0.0999,-1.1029,2.0767,2.4947,1.2029,0.2482,0.0999,5,281,1,46
00-0036389,J.Hurts,PHI,2023,18,584,0.1066,3.8045,8.6218,0.1287,0.0805,0.3136,526,58,0.1870,-0.6222,2.4335,2.6204,0.8092,0.2232,0.1870,14,479,1,58
00-0034855,B.Mayfield,TB,2023,18,557,0.0581,-0.5514,8.2404,0.1232,0.0503,0.3029,493,64,0.1986,-1.0239,2.1044,2.5324,1.2226,0.2094,0.1986,8,465,1,64
00-0036971,T.Lawrence,JAX,2023,18,584,0.0171,1.5089,8.1401,0.1187,0.0599,0.2800,515,69,0.1922,-1.2899,2.2698,4.3005,1.4821,0.2583,0.1922,10,480,2,69
00-0035100,J.Browning,CIN,2023,18,262,0.1339,4.2863,6.1053,0.0921,0.0496,0.2693,220,42,0.2943,-0.7065,2.3384,3.2835,1.0008,0.2980,0.2943,5,207,1,42
00-0038583,D.Thompson-Robinson,CLE,2023,18,106,-0.2148,-10.3509,5.6701,0.0206,0.0377,0.2074,95,11,-0.1476,-0.7950,1.5997,0.8536,0.6474,0.3073,-0.1476,2,91,0,11
00-0037077,S.Howell,WAS,2023,18,643,-0.0843,-0.3238,7.3910,0.1279,0.0482,0.3141,538,105,0.1237,-1.1499,2.3585,2.3200,1.2736,0.1627,0.1237,11,507,6,105
00-0028986,C.Keenum,HOU,2023,18,59,-0.3500,-2.8930,7.1132,0.0566,0.0000,0.2357,49,10,-0.1427,-1.3660,2.5529,0.6948,1.2233,0.3487,-0.1427,2,49,1,10
00-0033949,J.Dobbs,MIN,2023,18,410,-0.1055,-1.3806,7.4460,0.1051,0.0756,0.2317,334,76,0.0640,-0.8508,2.0554,3.9742,0.9148,0.2418,0.0640,7,303,2,76
00-0034796,L.Jackson,BAL,2023,18,529,0.1055,3.2388,8.5081,0.1247,0.1210,0.3032,469,60,0.2816,-1.2711,2.0496,2.9064,1.5527,0.2298,0.2816,6,405,1,60
00-0035704,D.Lock,SEA,2023,18,83,0.0332,-4.0186,8.1918,0.1507,0.0361,0.2491,76,7,0.1722,-1.4753,1.8629,1.3625,1.6475,0.4681,0.1722,2,73,0,7
00-0036212,T.Tagovailoa,MIA,2023,18,566,0.2280,5.2923,7.9451,0.1212,0.0247,0.2673,516,50,0.3426,-0.9540,3.0564,1.8631,1.2966,0.2078,0.3426,13,502,1,50
00-0026158,J.Flacco,CLE,2023,18,198,-0.0382,-2.2740,9.5260,0.1510,0.0000,0.2095,180,18,0.0361,-0.7818,3.8889,8.3543,0.8179,0.6969,0.0361,5,180,3,18
00-0033275,P.Walker,CLE,2023,19,113,-0.2177,-12.2321,8.2574,0.1485,0.0354,0.2054,87,26,-0.1775,-0.3522,2.6010,3.4865,0.1748,0.4050,-0.1775,5,83,0,26
00-0038416,T.Bagent,CHI,2023,19,142,-0.1016,-0.8108,5.8333,0.0635,0.0775,0.2103,129,13,0.0573,-1.6780,2.2557,8.0971,1.7352,0.8002,0.0573,5,118,0,13
00-0037834,B.Purdy,SF,2023,19,438,0.2820,4.3519,8.2500,0.1050,0.0342,0.2397,374,64,0.4677,-0.8036,2.6406,2.5858,1.2713,0.2179,0.4677,10,359,1,64
00-0035289,G.Minshew,IND,2023,19,483,0.0527,-2.4674,7.0926,0.1042,0.0393,0.2943,428,55,0.2001,-1.0944,2.2156,3.2508,1.2945,0.2535,0.2001,6,409,0,55
00-0034796,L.Jackson,BAL,2023,19,529,0.1055,3.2388,8.5081,0.1247,0.1210,0.3032,469,60,0.2816,-1.2711,2.0496,2.9064,1.5527,0.2298,0.2816,6,405,1,60
00-0036264,J.Love,GB,2023,19,596,0.1948,1.9523,8.2642,0.1339,0.0386,0.2459,526,70,0.2762,-0.4169,2.3044,2.0738,0.6931,0.1844,0.2762,10,503,0,70
00-0028986,C.Keenum,HOU,2023,19,59,-0.3500,-2.8930,7.1132,0.0566,0.0000,0.2357,49,10,-0.1427,-1.3660,2.5529,0.6948,1.2233,0.3487,-0.1427,2,49,1,10
00-0029604,K.Cousins,MIN,2023,19,305,0.0323,4.1324,6.9268,0.0767,0.0098,0.1930,244,61,0.2513,-0.8439,3.1155,3.2599,1.0953,0.2573,0.2513,4,241,1,61
00-0026158,J.Flacco,CLE,2023,19,239,-0.0935,-1.1070,9.2707,0.1354,0.0042,0.2250,215,24,0.0220,-1.1279,3.6387,11.3801,1.1499,0.7008,0.0220,6,214,4,24
00-0038476,T.DeVito,NYG,2023,19,185,-0.2191,-3.1297,6.7239,0.1045,0.1135,0.3509,149,36,0.0337,-1.2655,2.0242,0.3017,1.2993,0.1482,0.0337,3,128,0,36
00-0029263,R.Wilson,DEN,2023,19,475,-0.0621,5.2172,6.5514,0.1303,0.0674,0.2723,378,97,0.1525,-0.8983,2.0754,3.6281,1.0508,0.2071,0.1525,8,346,0,97
00-0031345,J.Garoppolo,LV,2023,19,167,-0.0440,-2.6254,7.8267,0.0867,0.0479,0.2189,142,25,0.1706,-1.2628,2.4872,2.6775,1.4334,0.3530,0.1706,7,134,2,25
00-0038583,D.Thompson-Robinson,CLE,2023,19,106,-0.2148,-10.3509,5.6701,0.0206,0.0377,0.2074,95,11,-0.1476,-0.7950,1.5997,0.8536,0.6474,0.3073,-0.1476,2,91,0,11
00-0039164,A.Richardson,IND,2023,19,97,-0.0009,-9.1115,7.7805,0.1220,0.0619,0.2491,84,13,0.1266,-0.8246,2.3863,1.3263,0.9512,0.3611,0.1266,1,78,0,13
00-0036212,T.Tagovailoa,MIA,2023,19,584,0.2094,4.7438,7.9059,0.1218,0.0274,0.2729,531,53,0.3305,-1.0042,3.0420,1.8484,1.3347,0.2015,0.3305,13,515,2,53
00-0033077,D.Prescott,DAL,2023,19,645,0.1803,2.9883,7.6626,0.1078,0.0450,0.2760,554,91,0.3242,-0.6955,2.4904,2.8696,1.0197,0.1898,0.3242,8,525,0,91
00-0035710,D.Jones,NYG,2023,19,175,-0.1730,-0.2193,7.2015,0.0746,0.0971,0.3082,139,36,0.1080,-1.2579,3.0290,1.9225,1.3659,0.2742,0.1080,3,122,1,36
00-0035282,E.Stick,LAC,2023,19,164,-0.1568,-5.3846,6.5278,0.1042,0.0488,0.2526,140,24,0.1282,-1.8196,1.3102,10.5287,1.9478,0.6694,0.1282,0,132,0,24
00-0033873,P.Mahomes,KC,2023,19,672,0.1127,2.3369,6.5641,0.0982,0.0729,0.1896,577,95,0.2657,-0.8169,2.1376,2.5121,1.0826,0.1736,0.2657,7,528,5,95
00-0027973,A.Dalton,CAR,2023,19,50,0.0893,-8.3777,8.4255,0.1489,0.0200,0.1840,42,8,0.2070,-0.5287,2.0169,1.2392,0.7357,0.4505,0.2070,0,41,0,8
00-0037013,Z.Wilson,NYJ,2023,19,398,-0.1954,-2.7325,6.9247,0.0873,0.0603,0.3026,320,78,0.0354,-1.1423,1.6509,2.4655,1.1776,0.1917,0.0354,3,296,1,78
00-0029701,R.Tannehill,TEN,2023,19,248,-0.0322,1.1384,7.8920,0.1362,0.0323,0.2758,189,59,0.2186,-0.8357,1.9072,1.4975,1.0543,0.1883,0.2186,4,181,1,59
00-0038579,A.O'Connell,LV,2023,19,327,-0.0693,-4.4482,7.6250,0.1053,0.0000,0.2849,281,46,0.0999,-1.1029,2.0767,2.4947,1.2029,0.2482,0.0999,5,281,1,46
00-0038122,D.Ridder,ATL,2023,19,407,-0.0397,-0.9724,8.2682,0.1201,0.0442,0.2958,354,53,0.0616,-0.7162,2.6955,3.0084,0.7778,0.2537,0.0616,10,336,1,53
00-0036945,J.Fields,CHI,2023,19,406,-0.0155,2.9032,8.0485,0.1455,0.0837,0.3130,330,76,0.2158,-1.0200,2.2096,2.8435,1.2358,0.2100,0.2158,5,296,1,76
00-0033319,N.Mullens,MIN,2023,19,147,0.1299,7.6951,9.4275,0.1756,0.0272,0.2110,108,39,0.3240,-0.4077,2.0924,4.5500,0.7317,0.3688,0.3240,5,104,2,39
00-0031280,D.Carr,NO,2023,19,542,0.0458,2.7832,7.8194,0.1230,0.0148,0.2681,475,67,0.1964,-1.0217,2.3779,2.1873,1.2182,0.1940,0.1964,7,467,1,67
00-0036971,T.Lawrence,JAX,2023,19,584,0.0171,1.5089,8.1401,0.1187,0.0599,0.2800,515,69,0.1922,-1.2899,2.2698,4.3005,1.4821,0.2583,0.1922,10,480,2,69
00-0033949,J.Dobbs,MIN,2023,19,410,-0.1055,-1.3806,7.4460,0.1051,0.0756,0.2317,334,76,0.0640,-0.8508,2.0554,3.9742,0.9148,0.2418,0.0640,7,303,2,76
00-0035228,K.Murray,ARI,2023,19,250,0.0000,-4.7933,7.2443,0.0995,0.0480,0.2741,221,29,0.1773,-1.3506,2.1107,3.6331,1.5279,0.3672,0.1773,3,209,1,29
00-0039150,B.Young,CAR,2023,19,510,-0.2214,-1.1261,7.5336,0.1021,0.0529,0.3180,414,96,0.0283,-1.2981,2.2839,3.0824,1.3263,0.1940,0.0283,7,387,1,96
00-0039152,W.Levis,TEN,2023,19,264,-0.0254,0.1880,10.1586,0.2070,0.0341,0.2672,199,65,0.2138,-0.7576,1.8754,2.3293,0.9714,0.2127,0.2138,3,190,0,65
00-0035264,J.Stidham,DEN,2023,19,65,-0.0129,-7.4652,8.0000,0.0877,0.0308,0.2276,53,12,0.2227,-1.0533,2.1831,0.5792,1.2760,0.2991,0.2227,0,51,0,12
00-0034771,M.Rudolph,PIT,2023,19,104,0.1829,7.5751,6.9368,0.0947,0.0288,0.2237,90,14,0.3521,-0.9047,3.7595,0.9012,1.2569,0.3258,0.3521,1,87,0,14
00-0033537,D.Watson,CLE,2023,19,193,-0.1674,-2.5466,9.2250,0.1313,0.0881,0.2607,160,33,0.0347,-1.1473,2.6265,1.6345,1.1821,0.2568,0.0347,4,143,0,33
00-0034855,B.Mayfield,TB,2023,19,593,0.0625,-1.2073,8.2667,0.1238,0.0506,0.3117,524,69,0.2143,-1.0901,2.1239,2.4467,1.3044,0.1988,0.2143,8,494,1,69
00-0038102,K.Pickett,PIT,2023,19,341,-0.1102,-2.7069,7.1075,0.0977,0.0381,0.2365,286,55,0.0346,-0.8630,1.9302,2.3749,0.8976,0.2234,0.0346,3,273,0,55
00-0036355,J.Herbert,LAC,2023,19,494,0.0630,-0.5604,7.2626,0.1164,0.0628,0.2382,426,68,0.2023,-0.8099,1.9280,2.8716,1.0122,0.2162,0.2023,3,395,3,68
00-0039163,C.Stroud,HOU,2023,19,527,0.1429,1.1562,9.1237,0.1258,0.0398,0.2922,458,69,0.3369,-1.1452,2.2674,2.5815,1.4821,0.2058,0.3369,4,437,0,69
00-0036389,J.Hurts,PHI,2023,19,615,0.1045,4.0549,8.6191,0.1295,0.0780,0.3145,553,62,0.1875,-0.6362,2.4020,2.4714,0.8238,0.2102,0.1875,14,505,1,62
00-0035100,J.Browning,CIN,2023,19,262,0.1339,4.2863,6.1053,0.0921,0.0496,0.2693,220,42,0.2943,-0.7065,2.3384,3.2835,1.0008,0.2980,0.2943,5,207,1,42
00-0036442,J.Burrow,CIN,2023,19,375,0.0423,0.9700,6.6873,0.0855,0.0347,0.2454,317,58,0.1951,-0.7930,1.8246,2.4553,0.9881,0.2193,0.1951,4,304,2,58
00-0026498,M.Stafford,LA,2023,19,564,0.1160,-1.9218,7.6474,0.1118,0.0213,0.2464,483,81,0.2712,-0.8090,2.5033,1.5042,1.0802,0.1541,0.2712,9,471,2,81
00-0032156,T.Siemian,NYJ,2023,19,127,-0.3432,-11.1848,5.5086,0.0948,0.0394,0.2095,108,19,-0.1637,-1.3638,2.3957,2.5070,1.2001,0.3926,-0.1637,2,103,1,19
00-0035704,D.Lock,SEA,2023,19,83,0.0332,-4.0186,8.1918,0.1507,0.0361,0.2491,76,7,0.1722,-1.4753,1.8629,1.3625,1.6475,0.4681,0.1722,2,73,0,7
00-0031800,T.Heinicke,ATL,2023,19,138,0.0628,-8.2947,8.4545,0.1322,0.0797,0.2031,119,19,0.2046,-0.8251,2.5243,0.9231,1.0298,0.2642,0.2046,3,108,0,19
00-0034857,J.Allen,BUF,2023,19,659,0.1634,4.6000,8.6175,0.1321,0.0713,0.2338,582,77,0.2677,-0.6249,2.1482,2.3186,0.8926,0.1839,0.2677,16,535,2,77
00-0033106,J.Goff,DET,2023,19,594,0.1105,1.5278,6.6208,0.0769,0.0101,0.2156,505,89,0.2721,-0.8064,2.4383,3.5855,1.0785,0.2124,0.2721,9,499,2,89
00-0036972,M.Jones,NE,2023,19,370,-0.1735,-3.2475,6.7649,0.0982,0.0324,0.2636,324,46,-0.0410,-1.1063,2.5542,3.4450,1.0653,0.2877,-0.0410,10,312,2,46
00-0030565,G.Smith,SEA,2023,19,521,0.0868,2.2205,6.9683,0.0951,0.0384,0.2478,449,72,0.2400,-0.8689,1.8578,2.2682,1.1089,0.1888,0.2400,8,429,1,72
00-0037077,S.Howell,WAS,2023,19,643,-0.0843,-0.3238,7.3910,0.1279,0.0482,0.3141,538,105,0.1237,-1.1499,2.3585,2.3200,1.2736,0.1627,0.1237,11,507,6,105
00-0028118,T.Taylor,NYG,2023,19,181,-0.0179,3.6152,9.0621,0.1586,0.1050,0.2829,154,27,0.1806,-1.1500,2.1759,0.6955,1.3305,0.1997,0.1806,2,135,0,27
00-0033869,M.Trubisky,PIT,2023,19,89,-0.1521,-2.2994,9.9211,0.1711,0.0787,0.2068,75,14,0.0854,-1.4243,1.6271,3.2384,1.5097,0.5030,0.0854,1,68,2,14
00-0038108,B.Zappe,NE,2023,19,216,-0.2749,-2.6877,7.7880,0.1304,0.0417,0.3082,181,35,-0.1029,-1.1645,2.9126,2.7842,1.0615,0.3093,-0.1029,9,172,0,35
00-0038102,K.Pickett,PIT,2023,20,341,-0.1102,-2.7069,7.1075,0.0977,0.0381,0.2365,286,55,0.0346,-0.8630,1.9302,2.3749,0.8976,0.2234,0.0346,3,273,0,55
00-0038579,A.O'Connell,LV,2023,20,327,-0.0693,-4.4482,7.6250,0.1053,0.0000,0.2849,281,46,0.0999,-1.1029,2.0767,2.4947,1.2029,0.2482,0.0999,5,281,1,46
00-0029604,K.Cousins,MIN,2023,20,305,0.0323,4.1324,6.9268,0.0767,0.0098,0.1930,244,61,0.2513,-0.8439,3.1155,3.2599,1.0953,0.2573,0.2513,4,241,1,61
00-0027973,A.Dalton,CAR,2023,20,50,0.0893,-8.3777,8.4255,0.1489,0.0200,0.1840,42,8,0.2070,-0.5287,2.0169,1.2392,0.7357,0.4505,0.2070,0,41,0,8
00-0038476,T.DeVito,NYG,2023,20,185,-0.2191,-3.1297,6.7239,0.1045,0.1135,0.3509,149,36,0.0337,-1.2655,2.0242,0.3017,1.2993,0.1482,0.0337,3,128,0,36
00-0035264,J.Stidham,DEN,2023,20,65,-0.0129,-7.4652,8.0000,0.0877,0.0308,0.2276,53,12,0.2227,-1.0533,2.1831,0.5792,1.2760,0.2991,0.2227,0,51,0,12
00-0034855,B.Mayfield,TB,2023,20,631,0.0611,-1.4220,8.1903,0.1221,0.0507,0.3150,557,74,0.2190,-1.1268,2.1046,2.3436,1.3457,0.1883,0.2190,9,525,1,74
00-0026498,M.Stafford,LA,2023,20,564,0.1160,-1.9218,7.6474,0.1118,0.0213,0.2464,483,81,0.2712,-0.8090,2.5033,1.5042,1.0802,0.1541,0.2712,9,471,2,81
00-0036389,J.Hurts,PHI,2023,20,615,0.1045,4.0549,8.6191,0.1295,0.0780,0.3145,553,62,0.1875,-0.6362,2.4020,2.4714,0.8238,0.2102,0.1875,14,505,1,62
00-0035710,D.Jones,NYG,2023,20,175,-0.1730,-0.2193,7.2015,0.0746,0.0971,0.3082,139,36,0.1080,-1.2579,3.0290,1.9225,1.3659,0.2742,0.1080,3,122,1,36
00-0036945,J.Fields,CHI,2023,20,406,-0.0155,2.9032,8.0485,0.1455,0.0837,0.3130,330,76,0.2158,-1.0200,2.2096,2.8435,1.2358,0.2100,0.2158,5,296,1,76
00-0039152,W.Levis,TEN,2023,20,264,-0.0254,0.1880,10.1586,0.2070,0.0341,0.2672,199,65,0.2138,-0.7576,1.8754,2.3293,0.9714,0.2127,0.2138,3,190,0,65
00-0035100,J.Browning,CIN,2023,20,262,0.1339,4.2863,6.1053,0.0921,0.0496,0.2693,220,42,0.2943,-0.7065,2.3384,3.2835,1.0008,0.2980,0.2943,5,207,1,42
00-0033537,D.Watson,CLE,2023,20,193,-0.1674,-2.5466,9.2250,0.1313,0.0881,0.2607,160,33,0.0347,-1.1473,2.6265,1.6345,1.1821,0.2568,0.0347,4,143,0,33
00-0036972,M.Jones,NE,2023,20,370,-0.1735,-3.2475,6.7649,0.0982,0.0324,0.2636,324,46,-0.0410,-1.1063,2.5542,3.4450,1.0653,0.2877,-0.0410,10,312,2,46
00-0033077,D.Prescott,DAL,2023,20,645,0.1803,2.9883,7.6626,0.1078,0.0450,0.2760,554,91,0.3242,-0.6955,2.4904,2.8696,1.0197,0.1898,0.3242,8,525,0,91
00-0032156,T.Siemian,NYJ,2023,20,127,-0.3432,-11.1848,5.5086,0.0948,0.0394,0.2095,108,19,-0.1637,-1.3638,2.3957,2.5070,1.2001,0.3926,-0.1637,2,103,1,19
00-0039163,C.Stroud,HOU,2023,20,556,0.1320,0.6985,9.0020,0.1270,0.0414,0.2861,484,72,0.3153,-1.1000,2.2446,2.5798,1.4153,0.2012,0.3153,4,461,0,72
00-0031280,D.Carr,NO,2023,20,542,0.0458,2.7832,7.8194,0.1230,0.0148,0.2681,475,67,0.1964,-1.0217,2.3779,2.1873,1.2182,0.1940,0.1964,7,467,1,67
00-0039150,B.Young,CAR,2023,20,510,-0.2214,-1.1261,7.5336,0.1021,0.0529,0.3180,414,96,0.0283,-1.2981,2.2839,3.0824,1.3263,0.1940,0.0283,7,387,1,96
00-0035228,K.Murray,ARI,2023,20,250,0.0000,-4.7933,7.2443,0.0995,0.0480,0.2741,221,29,0.1773,-1.3506,2.1107,3.6331,1.5279,0.3672,0.1773,3,209,1,29
00-0034796,L.Jackson,BAL,2023,20,558,0.1164,3.5687,8.4714,0.1211,0.1237,0.3075,493,65,0.2960,-1.2450,2.0044,2.7121,1.5410,0.2140,0.2960,6,424,1,65
00-0038122,D.Ridder,ATL,2023,20,407,-0.0397,-0.9724,8.2682,0.1201,0.0442,0.2958,354,53,0.0616,-0.7162,2.6955,3.0084,0.7778,0.2537,0.0616,10,336,1,53
00-0033275,P.Walker,CLE,2023,20,113,-0.2177,-12.2321,8.2574,0.1485,0.0354,0.2054,87,26,-0.1775,-0.3522,2.6010,3.4865,0.1748,0.4050,-0.1775,5,83,0,26
00-0033319,N.Mullens,MIN,2023,20,147,0.1299,7.6951,9.4275,0.1756,0.0272,0.2110,108,39,0.3240,-0.4077,2.0924,4.5500,0.7317,0.3688,0.3240,5,104,2,39
00-0028986,C.Keenum,HOU,2023,20,59,-0.3500,-2.8930,7.1132,0.0566,0.0000,0.2357,49,10,-0.1427,-1.3660,2.5529,0.6948,1.2233,0.3487,-0.1427,2,49,1,10
00-0031800,T.Heinicke,ATL,2023,20,138,0.0628,-8.2947,8.4545,0.1322,0.0797,0.2031,119,19,0.2046,-0.8251,2.5243,0.9231,1.0298,0.2642,0.2046,3,108,0,19
00-0036212,T.Tagovailoa,MIA,2023,20,584,0.2094,4.7438,7.9059,0.1218,0.0274,0.2729,531,53,0.3305,-1.0042,3.0420,1.8484,1.3347,0.2015,0.3305,13,515,2,53
00-0037834,B.Purdy,SF,2023,20,479,0.2714,3.5764,8.2443,0.1050,0.0355,0.2364,410,69,0.4478,-0.7766,2.5440,2.5931,1.2244,0.2093,0.4478,10,393,1,69
00-0034857,J.Allen,BUF,2023,20,705,0.1655,4.2768,8.4678,0.1318,0.0766,0.2306,626,79,0.2665,-0.6345,2.0787,2.2632,0.9010,0.1788,0.2665,16,572,2,79
00-0038416,T.Bagent,CHI,2023,20,142,-0.1016,-0.8108,5.8333,0.0635,0.0775,0.2103,129,13,0.0573,-1.6780,2.2557,8.0971,1.7352,0.8002,0.0573,5,118,0,13
00-0039164,A.Richardson,IND,2023,20,97,-0.0009,-9.1115,7.7805,0.1220,0.0619,0.2491,84,13,0.1266,-0.8246,2.3863,1.3263,0.9512,0.3611,0.1266,1,78,0,13
00-0037013,Z.Wilson,NYJ,2023,20,398,-0.1954,-2.7325,6.9247,0.0873,0.0603,0.3026,320,78,0.0354,-1.1423,1.6509,2.4655,1.1776,0.1917,0.0354,3,296,1,78
00-0036971,T.Lawrence,JAX,2023,20,584,0.0171,1.5089,8.1401,0.1187,0.0599,0.2800,515,69,0.1922,-1.2899,2.2698,4.3005,1.4821,0.2583,0.1922,10,480,2,69
00-0029701,R.Tannehill,TEN,2023,20,248,-0.0322,1.1384,7.8920,0.1362,0.0323,0.2758,189,59,0.2186,-0.8357,1.9072,1.4975,1.0543,0.1883,0.2186,4,181,1,59
00-0036264,J.Love,GB,2023,20,632,0.1832,1.7505,8.1088,0.1313,0.0380,0.2355,556,76,0.2677,-0.4347,2.2809,2.0930,0.7023,0.1779,0.2677,11,532,1,76
00-0038108,B.Zappe,NE,2023,20,216,-0.2749,-2.6877,7.7880,0.1304,0.0417,0.3082,181,35,-0.1029,-1.1645,2.9126,2.7842,1.0615,0.3093,-0.1029,9,172,0,35
00-0036355,J.Herbert,LAC,2023,20,494,0.0630,-0.5604,7.2626,0.1164,0.0628,0.2382,426,68,0.2023,-0.8099,1.9280,2.8716,1.0122,0.2162,0.2023,3,395,3,68
00-0038583,D.Thompson-Robinson,CLE,2023,20,106,-0.2148,-10.3509,5.6701,0.0206,0.0377,0.2074,95,11,-0.1476,-0.7950,1.5997,0.8536,0.6474,0.3073,-0.1476,2,91,0,11
00-0033869,M.Trubisky,PIT,2023,20,89,-0.1521,-2.2994,9.9211,0.1711,0.0787,0.2068,75,14,0.0854,-1.4243,1.6271,3.2384,1.5097,0.5030,0.0854,1,68,2,14
00-0030565,G.Smith,SEA,2023,20,521,0.0868,2.2205,6.9683,0.0951,0.0384,0.2478,449,72,0.2400,-0.8689,1.8578,2.2682,1.1089,0.1888,0.2400,8,429,1,72
00-0035282,E.Stick,LAC,2023,20,164,-0.1568,-5.3846,6.5278,0.1042,0.0488,0.2526,140,24,0.1282,-1.8196,1.3102,10.5287,1.9478,0.6694,0.1282,0,132,0,24
00-0037077,S.Howell,WAS,2023,20,643,-0.0843,-0.3238,7.3910,0.1279,0.0482,0.3141,538,105,0.1237,-1.1499,2.3585,2.3200,1.2736,0.1627,0.1237,11,507,6,105
00-0036442,J.Burrow,CIN,2023,20,375,0.0423,0.9700,6.6873,0.0855,0.0347,0.2454,317,58,0.1951,-0.7930,1.8246,2.4553,0.9881,0.2193,0.1951,4,304,2,58
00-0034771,M.Rudolph,PIT,2023,20,104,0.1829,7.5751,6.9368,0.0947,0.0288,0.2237,90,14,0.3521,-0.9047,3.7595,0.9012,1.2569,0.3258,0.3521,1,87,0,14
00-0033106,J.Goff,DET,2023,20,637,0.1178,1.4483,6.5943,0.0768,0.0110,0.2186,543,94,0.2726,-0.7766,2.3498,3.5306,1.0493,0.2047,0.2726,9,536,2,94
00-0031345,J.Garoppolo,LV,2023,20,167,-0.0440,-2.6254,7.8267,0.0867,0.0479,0.2189,142,25,0.1706,-1.2628,2.4872,2.6775,1.4334,0.3530,0.1706,7,134,2,25
00-0035704,D.Lock,SEA,2023,20,83,0.0332,-4.0186,8.1918,0.1507,0.0361,0.2491,76,7,0.1722,-1.4753,1.8629,1.3625,1.6475,0.4681,0.1722,2,73,0,7
00-0033873,P.Mahomes,KC,2023,20,697,0.1203,2.9069,6.5865,0.1010,0.0732,0.1872,600,97,0.2685,-0.7962,2.2109,2.4890,1.0647,0.1713,0.2685,7,549,5,97
00-0029263,R.Wilson,DEN,2023,20,475,-0.0621,5.2172,6.5514,0.1303,0.0674,0.2723,378,97,0.1525,-0.8983,2.0754,3.6281,1.0508,0.2071,0.1525,8,346,0,97
00-0033949,J.Dobbs,MIN,2023,20,410,-0.1055,-1.3806,7.4460,0.1051,0.0756,0.2317,334,76,0.0640,-0.8508,2.0554,3.9742,0.9148,0.2418,0.0640,7,303,2,76
00-0035289,G.Minshew,IND,2023,20,483,0.0527,-2.4674,7.0926,0.1042,0.0393,0.2943,428,55,0.2001,-1.0944,2.2156,3.2508,1.2945,0.2535,0.2001,6,409,0,55
00-0028118,T.Taylor,NYG,2023,20,181,-0.0179,3.6152,9.0621,0.1586,0.1050,0.2829,154,27,0.1806,-1.1500,2.1759,0.6955,1.3305,0.1997,0.1806,2,135,0,27
00-0026158,J.Flacco,CLE,2023,20,239,-0.0935,-1.1070,9.2707,0.1354,0.0042,0.2250,215,24,0.0220,-1.1279,3.6387,11.3801,1.1499,0.7008,0.0220,6,214,4,24
00-0032156,T.Siemian,NYJ,2023,21,127,-0.3432,-11.1848,5.5086,0.0948,0.0394,0.2095,108,19,-0.1637,-1.3638,2.3957,2.5070,1.2001,0.3926,-0.1637,2,103,1,19
00-0033949,J.Dobbs,ARI,2023,21,410,-0.1055,-1.3806,7.4460,0.1051,0.0756,0.2317,334,76,0.0640,-0.8508,2.0554,3.9742,0.9148,0.2418,0.0640,7,303,2,76
00-0028118,T.Taylor,NYG,2023,21,181,-0.0179,3.6152,9.0621,0.1586,0.1050,0.2829,154,27,0.1806,-1.1500,2.1759,0.6955,1.3305,0.1997,0.1806,2,135,0,27
00-0029604,K.Cousins,MIN,2023,21,305,0.0323,4.1324,6.9268,0.0767,0.0098,0.1930,244,61,0.2513,-0.8439,3.1155,3.2599,1.0953,0.2573,0.2513,4,241,1,61
00-0038416,T.Bagent,CHI,2023,21,142,-0.1016,-0.8108,5.8333,0.0635,0.0775,0.2103,129,13,0.0573,-1.6780,2.2557,8.0971,1.7352,0.8002,0.0573,5,118,0,13
00-0034857,J.Allen,BUF,2023,21,705,0.1655,4.2768,8.4678,0.1318,0.0766,0.2306,626,79,0.2665,-0.6345,2.0787,2.2632,0.9010,0.1788,0.2665,16,572,2,79
00-0036442,J.Burrow,CIN,2023,21,375,0.0423,0.9700,6.6873,0.0855,0.0347,0.2454,317,58,0.1951,-0.7930,1.8246,2.4553,0.9881,0.2193,0.1951,4,304,2,58
00-0039150,B.Young,CAR,2023,21,510,-0.2214,-1.1261,7.5336,0.1021,0.0529,0.3180,414,96,0.0283,-1.2981,2.2839,3.0824,1.3263,0.1940,0.0283,7,387,1,96
00-0038108,B.Zappe,NE,2023,21,216,-0.2749,-2.6877,7.7880,0.1304,0.0417,0.3082,181,35,-0.1029,-1.1645,2.9126,2.7842,1.0615,0.3093,-0.1029,9,172,0,35
00-0039163,C.Stroud,HOU,2023,21,556,0.1320,0.6985,9.0020,0.1270,0.0414,0.2861,484,72,0.3153,-1.1000,2.2446,2.5798,1.4153,0.2012,0.3153,4,461,0,72
00-0036972,M.Jones,NE,2023,21,370,-0.1735,-3.2475,6.7649,0.0982,0.0324,0.2636,324,46,-0.0410,-1.1063,2.5542,3.4450,1.0653,0.2877,-0.0410,10,312,2,46
00-0038122,D.Ridder,ATL,2023,21,407,-0.0397,-0.9724,8.2682,0.1201,0.0442,0.2958,354,53,0.0616,-0.7162,2.6955,3.0084,0.7778,0.2537,0.0616,10,336,1,53
00-0038102,K.Pickett,PIT,2023,21,341,-0.1102,-2.7069,7.1075,0.0977,0.0381,0.2365,286,55,0.0346,-0.8630,1.9302,2.3749,0.8976,0.2234,0.0346,3,273,0,55
00-0027973,A.Dalton,CAR,2023,21,50,0.0893,-8.3777,8.4255,0.1489,0.0200,0.1840,42,8,0.2070,-0.5287,2.0169,1.2392,0.7357,0.4505,0.2070,0,41,0,8
00-0037834,B.Purdy,SF,2023,21,515,0.2757,3.5077,8.3028,0.1066,0.0388,0.2388,441,74,0.4434,-0.7236,2.5048,2.5502,1.1670,0.2004,0.4434,11,421,1,74
00-0026158,J.Flacco,CLE,2023,21,239,-0.0935,-1.1070,9.2707,0.1354,0.0042,0.2250,215,24,0.0220,-1.1279,3.6387,11.3801,1.1499,0.7008,0.0220,6,214,4,24
00-0033873,P.Mahomes,KC,2023,21,740,0.1277,3.5262,6.5505,0.0995,0.0730,0.1853,637,103,0.2713,-0.7601,2.1720,2.4283,1.0314,0.1643,0.2713,7,583,5,103
00-0033106,J.Goff,DET,2023,21,674,0.1114,1.0579,6.7319,0.0820,0.0104,0.2214,575,99,0.2631,-0.7697,2.3227,3.3818,1.0328,0.1954,0.2631,9,568,2,99
00-0036971,T.Lawrence,JAX,2023,21,584,0.0171,1.5089,8.1401,0.1187,0.0599,0.2800,515,69,0.1922,-1.2899,2.2698,4.3005,1.4821,0.2583,0.1922,10,480,2,69
00-0037013,Z.Wilson,NYJ,2023,21,398,-0.1954,-2.7325,6.9247,0.0873,0.0603,0.3026,320,78,0.0354,-1.1423,1.6509,2.4655,1.1776,0.1917,0.0354,3,296,1,78
00-0030565,G.Smith,SEA,2023,21,521,0.0868,2.2205,6.9683,0.0951,0.0384,0.2478,449,72,0.2400,-0.8689,1.8578,2.2682,1.1089,0.1888,0.2400,8,429,1,72
00-0036355,J.Herbert,LAC,2023,21,494,0.0630,-0.5604,7.2626,0.1164,0.0628,0.2382,426,68,0.2023,-0.8099,1.9280,2.8716,1.0122,0.2162,0.2023,3,395,3,68
00-0031345,J.Garoppolo,LV,2023,21,167,-0.0440,-2.6254,7.8267,0.0867,0.0479,0.2189,142,25,0.1706,-1.2628,2.4872,2.6775,1.4334,0.3530,0.1706,7,134,2,25
00-0035282,E.Stick,LAC,2023,21,164,-0.1568,-5.3846,6.5278,0.1042,0.0488,0.2526,140,24,0.1282,-1.8196,1.3102,10.5287,1.9478,0.6694,0.1282,0,132,0,24
00-0031280,D.Carr,NO,2023,21,542,0.0458,2.7832,7.8194,0.1230,0.0148,0.2681,475,67,0.1964,-1.0217,2.3779,2.1873,1.2182,0.1940,0.1964,7,467,1,67
00-0031800,T.Heinicke,ATL,2023,21,138,0.0628,-8.2947,8.4545,0.1322,0.0797,0.2031,119,19,0.2046,-0.8251,2.5243,0.9231,1.0298,0.2642,0.2046,3,108,0,19
00-0037077,S.Howell,WAS,2023,21,643,-0.0843,-0.3238,7.3910,0.1279,0.0482,0.3141,538,105,0.1237,-1.1499,2.3585,2.3200,1.2736,0.1627,0.1237,11,507,6,105
00-0038476,T.DeVito,NYG,2023,21,185,-0.2191,-3.1297,6.7239,0.1045,0.1135,0.3509,149,36,0.0337,-1.2655,2.0242,0.3017,1.2993,0.1482,0.0337,3,128,0,36
00-0033537,D.Watson,CLE,2023,21,193,-0.1674,-2.5466,9.2250,0.1313,0.0881,0.2607,160,33,0.0347,-1.1473,2.6265,1.6345,1.1821,0.2568,0.0347,4,143,0,33
00-0033275,P.Walker,CLE,2023,21,113,-0.2177,-12.2321,8.2574,0.1485,0.0354,0.2054,87,26,-0.1775,-0.3522,2.6010,3.4865,0.1748,0.4050,-0.1775,5,83,0,26
00-0028986,C.Keenum,HOU,2023,21,59,-0.3500,-2.8930,7.1132,0.0566,0.0000,0.2357,49,10,-0.1427,-1.3660,2.5529,0.6948,1.2233,0.3487,-0.1427,2,49,1,10
00-0035289,G.Minshew,IND,2023,21,483,0.0527,-2.4674,7.0926,0.1042,0.0393,0.2943,428,55,0.2001,-1.0944,2.2156,3.2508,1.2945,0.2535,0.2001,6,409,0,55
00-0038583,D.Thompson-Robinson,CLE,2023,21,106,-0.2148,-10.3509,5.6701,0.0206,0.0377,0.2074,95,11,-0.1476,-0.7950,1.5997,0.8536,0.6474,0.3073,-0.1476,2,91,0,11
00-0036389,J.Hurts,PHI,2023,21,615,0.1045,4.0549,8.6191,0.1295,0.0780,0.3145,553,62,0.1875,-0.6362,2.4020,2.4714,0.8238,0.2102,0.1875,14,505,1,62
00-0033869,M.Trubisky,PIT,2023,21,89,-0.1521,-2.2994,9.9211,0.1711,0.0787,0.2068,75,14,0.0854,-1.4243,1.6271,3.2384,1.5097,0.5030,0.0854,1,68,2,14
00-0029701,R.Tannehill,TEN,2023,21,248,-0.0322,1.1384,7.8920,0.1362,0.0323,0.2758,189,59,0.2186,-0.8357,1.9072,1.4975,1.0543,0.1883,0.2186,4,181,1,59
00-0029263,R.Wilson,DEN,2023,21,475,-0.0621,5.2172,6.5514,0.1303,0.0674,0.2723,378,97,0.1525,-0.8983,2.0754,3.6281,1.0508,0.2071,0.1525,8,346,0,97
00-0035228,K.Murray,ARI,2023,21,250,0.0000,-4.7933,7.2443,0.0995,0.0480,0.2741,221,29,0.1773,-1.3506,2.1107,3.6331,1.5279,0.3672,0.1773,3,209,1,29
00-0036945,J.Fields,CHI,2023,21,406,-0.0155,2.9032,8.0485,0.1455,0.0837,0.3130,330,76,0.2158,-1.0200,2.2096,2.8435,1.2358,0.2100,0.2158,5,296,1,76
00-0038579,A.O'Connell,LV,2023,21,327,-0.0693,-4.4482,7.6250,0.1053,0.0000,0.2849,281,46,0.0999,-1.1029,2.0767,2.4947,1.2029,0.2482,0.0999,5,281,1,46
00-0036212,T.Tagovailoa,MIA,2023,21,584,0.2094,4.7438,7.9059,0.1218,0.0274,0.2729,531,53,0.3305,-1.0042,3.0420,1.8484,1.3347,0.2015,0.3305,13,515,2,53
00-0035100,J.Browning,CIN,2023,21,262,0.1339,4.2863,6.1053,0.0921,0.0496,0.2693,220,42,0.2943,-0.7065,2.3384,3.2835,1.0008,0.2980,0.2943,5,207,1,42
00-0026498,M.Stafford,LA,2023,21,564,0.1160,-1.9218,7.6474,0.1118,0.0213,0.2464,483,81,0.2712,-0.8090,2.5033,1.5042,1.0802,0.1541,0.2712,9,471,2,81
00-0034771,M.Rudolph,PIT,2023,21,104,0.1829,7.5751,6.9368,0.0947,0.0288,0.2237,90,14,0.3521,-0.9047,3.7595,0.9012,1.2569,0.3258,0.3521,1,87,0,14
00-0034855,B.Mayfield,TB,2023,21,631,0.0611,-1.4220,8.1903,0.1221,0.0507,0.3150,557,74,0.2190,-1.1268,2.1046,2.3436,1.3457,0.1883,0.2190,9,525,1,74
00-0036264,J.Love,GB,2023,21,632,0.1832,1.7505,8.1088,0.1313,0.0380,0.2355,556,76,0.2677,-0.4347,2.2809,2.0930,0.7023,0.1779,0.2677,11,532,1,76
00-0039164,A.Richardson,IND,2023,21,97,-0.0009,-9.1115,7.7805,0.1220,0.0619,0.2491,84,13,0.1266,-0.8246,2.3863,1.3263,0.9512,0.3611,0.1266,1,78,0,13
00-0035704,D.Lock,SEA,2023,21,83,0.0332,-4.0186,8.1918,0.1507,0.0361,0.2491,76,7,0.1722,-1.4753,1.8629,1.3625,1.6475,0.4681,0.1722,2,73,0,7
00-0035264,J.Stidham,DEN,2023,21,65,-0.0129,-7.4652,8.0000,0.0877,0.0308,0.2276,53,12,0.2227,-1.0533,2.1831,0.5792,1.2760,0.2991,0.2227,0,51,0,12
00-0033319,N.Mullens,MIN,2023,21,147,0.1299,7.6951,9.4275,0.1756,0.0272,0.2110,108,39,0.3240,-0.4077,2.0924,4.5500,0.7317,0.3688,0.3240,5,104,2,39
00-0033077,D.Prescott,DAL,2023,21,645,0.1803,2.9883,7.6626,0.1078,0.0450,0.2760,554,91,0.3242,-0.6955,2.4904,2.8696,1.0197,0.1898,0.3242,8,525,0,91
00-0039152,W.Levis,TEN,2023,21,264,-0.0254,0.1880,10.1586,0.2070,0.0341,0.2672,199,65,0.2138,-0.7576,1.8754,2.3293,0.9714,0.2127,0.2138,3,190,0,65
00-0034796,L.Jackson,BAL,2023,21,604,0.0884,2.9137,8.5336,0.1263,0.1225,0.3117,532,72,0.2751,-1.2908,2.0418,2.7557,1.5659,0.2052,0.2751,7,458,1,72
00-0035710,D.Jones,NYG,2023,21,175,-0.1730,-0.2193,7.2015,0.0746,0.0971,0.3082,139,36,0.1080,-1.2579,3.0290,1.9225,1.3659,0.2742,0.1080,3,122,1,36
00-0038122,D.Ridder,ATL,2023,22,407,-0.0397,-0.9724,8.2682,0.1201,0.0442,0.2958,354,53,0.0616,-0.7162,2.6955,3.0084,0.7778,0.2537,0.0616,10,336,1,53
00-0036971,T.Lawrence,JAX,2023,22,584,0.0171,1.5089,8.1401,0.1187,0.0599,0.2800,515,69,0.1922,-1.2899,2.2698,4.3005,1.4821,0.2583,0.1922,10,480,2,69
00-0034855,B.Mayfield,TB,2023,22,631,0.0611,-1.4220,8.1903,0.1221,0.0507,0.3150,557,74,0.2190,-1.1268,2.1046,2.3436,1.3457,0.1883,0.2190,9,525,1,74
00-0033537,D.Watson,CLE,2023,22,193,-0.1674,-2.5466,9.2250,0.1313,0.0881,0.2607,160,33,0.0347,-1.1473,2.6265,1.6345,1.1821,0.2568,0.0347,4,143,0,33
00-0027973,A.Dalton,CAR,2023,22,50,0.0893,-8.3777,8.4255,0.1489,0.0200,0.1840,42,8,0.2070,-0.5287,2.0169,1.2392,0.7357,0.4505,0.2070,0,41,0,8
00-0026158,J.Flacco,CLE,2023,22,239,-0.0935,-1.1070,9.2707,0.1354,0.0042,0.2250,215,24,0.0220,-1.1279,3.6387,11.3801,1.1499,0.7008,0.0220,6,214,4,24
00-0035289,G.Minshew,IND,2023,22,483,0.0527,-2.4674,7.0926,0.1042,0.0393,0.2943,428,55,0.2001,-1.0944,2.2156,3.2508,1.2945,0.2535,0.2001,6,409,0,55
00-0039152,W.Levis,TEN,2023,22,264,-0.0254,0.1880,10.1586,0.2070,0.0341,0.2672,199,65,0.2138,-0.7576,1.8754,2.3293,0.9714,0.2127,0.2138,3,190,0,65
00-0036945,J.Fields,CHI,2023,22,406,-0.0155,2.9032,8.0485,0.1455,0.0837,0.3130,330,76,0.2158,-1.0200,2.2096,2.8435,1.2358,0.2100,0.2158,5,296,1,76
00-0033873,P.Mahomes,KC,2023,22,795,0.1283,3.7925,6.5205,0.1001,0.0755,0.1919,685,110,0.2703,-0.7564,2.1067,2.3755,1.0267,0.1571,0.2703,8,625,5,110
00-0028986,C.Keenum,HOU,2023,22,59,-0.3500,-2.8930,7.1132,0.0566,0.0000,0.2357,49,10,-0.1427,-1.3660,2.5529,0.6948,1.2233,0.3487,-0.1427,2,49,1,10
00-0039164,A.Richardson,IND,2023,22,97,-0.0009,-9.1115,7.7805,0.1220,0.0619,0.2491,84,13,0.1266,-0.8246,2.3863,1.3263,0.9512,0.3611,0.1266,1,78,0,13
00-0038583,D.Thompson-Robinson,CLE,2023,22,106,-0.2148,-10.3509,5.6701,0.0206,0.0377,0.2074,95,11,-0.1476,-0.7950,1.5997,0.8536,0.6474,0.3073,-0.1476,2,91,0,11
00-0026498,M.Stafford,LA,2023,22,564,0.1160,-1.9218,7.6474,0.1118,0.0213,0.2464,483,81,0.2712,-0.8090,2.5033,1.5042,1.0802,0.1541,0.2712,9,471,2,81
00-0029263,R.Wilson,DEN,2023,22,475,-0.0621,5.2172,6.5514,0.1303,0.0674,0.2723,378,97,0.1525,-0.8983,2.0754,3.6281,1.0508,0.2071,0.1525,8,346,0,97
00-0036212,T.Tagovailoa,MIA,2023,22,584,0.2094,4.7438,7.9059,0.1218,0.0274,0.2729,531,53,0.3305,-1.0042,3.0420,1.8484,1.3347,0.2015,0.3305,13,515,2,53
00-0033106,J.Goff,DET,2023,22,674,0.1114,1.0579,6.7319,0.0820,0.0104,0.2214,575,99,0.2631,-0.7697,2.3227,3.3818,1.0328,0.1954,0.2631,9,568,2,99
00-0033275,P.Walker,CLE,2023,22,113,-0.2177,-12.2321,8.2574,0.1485,0.0354,0.2054,87,26,-0.1775,-0.3522,2.6010,3.4865,0.1748,0.4050,-0.1775,5,83,0,26
00-0034796,L.Jackson,BAL,2023,22,604,0.0884,2.9137,8.5336,0.1263,0.1225,0.3117,532,72,0.2751,-1.2908,2.0418,2.7557,1.5659,0.2052,0.2751,7,458,1,72
00-0028118,T.Taylor,NYG,2023,22,181,-0.0179,3.6152,9.0621,0.1586,0.1050,0.2829,154,27,0.1806,-1.1500,2.1759,0.6955,1.3305,0.1997,0.1806,2,135,0,27
00-0031800,T.Heinicke,ATL,2023,22,138,0.0628,-8.2947,8.4545,0.1322,0.0797,0.2031,119,19,0.2046,-0.8251,2.5243,0.9231,1.0298,0.2642,0.2046,3,108,0,19
00-0035710,D.Jones,NYG,2023,22,175,-0.1730,-0.2193,7.2015,0.0746,0.0971,0.3082,139,36,0.1080,-1.2579,3.0290,1.9225,1.3659,0.2742,0.1080,3,122,1,36
00-0038102,K.Pickett,PIT,2023,22,341,-0.1102,-2.7069,7.1075,0.0977,0.0381,0.2365,286,55,0.0346,-0.8630,1.9302,2.3749,0.8976,0.2234,0.0346,3,273,0,55
00-0036355,J.Herbert,LAC,2023,22,494,0.0630,-0.5604,7.2626,0.1164,0.0628,0.2382,426,68,0.2023,-0.8099,1.9280,2.8716,1.0122,0.2162,0.2023,3,395,3,68
00-0037013,Z.Wilson,NYJ,2023,22,398,-0.1954,-2.7325,6.9247,0.0873,0.0603,0.3026,320,78,0.0354,-1.1423,1.6509,2.4655,1.1776,0.1917,0.0354,3,296,1,78
00-0038476,T.DeVito,NYG,2023,22,185,-0.2191,-3.1297,6.7239,0.1045,0.1135,0.3509,149,36,0.0337,-1.2655,2.0242,0.3017,1.2993,0.1482,0.0337,3,128,0,36
00-0035228,K.Murray,ARI,2023,22,250,0.0000,-4.7933,7.2443,0.0995,0.0480,0.2741,221,29,0.1773,-1.3506,2.1107,3.6331,1.5279,0.3672,0.1773,3,209,1,29
00-0036442,J.Burrow,CIN,2023,22,375,0.0423,0.9700,6.6873,0.0855,0.0347,0.2454,317,58,0.1951,-0.7930,1.8246,2.4553,0.9881,0.2193,0.1951,4,304,2,58
00-0039163,C.Stroud,HOU,2023,22,556,0.1320,0.6985,9.0020,0.1270,0.0414,0.2861,484,72,0.3153,-1.1000,2.2446,2.5798,1.4153,0.2012,0.3153,4,461,0,72
00-0032156,T.Siemian,NYJ,2023,22,127,-0.3432,-11.1848,5.5086,0.0948,0.0394,0.2095,108,19,-0.1637,-1.3638,2.3957,2.5070,1.2001,0.3926,-0.1637,2,103,1,19
00-0038579,A.O'Connell,LV,2023,22,327,-0.0693,-4.4482,7.6250,0.1053,0.0000,0.2849,281,46,0.0999,-1.1029,2.0767,2.4947,1.2029,0.2482,0.0999,5,281,1,46
00-0033869,M.Trubisky,PIT,2023,22,89,-0.1521,-2.2994,9.9211,0.1711,0.0787,0.2068,75,14,0.0854,-1.4243,1.6271,3.2384,1.5097,0.5030,0.0854,1,68,2,14
00-0033319,N.Mullens,MIN,2023,22,147,0.1299,7.6951,9.4275,0.1756,0.0272,0.2110,108,39,0.3240,-0.4077,2.0924,4.5500,0.7317,0.3688,0.3240,5,104,2,39
00-0038416,T.Bagent,CHI,2023,22,142,-0.1016,-0.8108,5.8333,0.0635,0.0775,0.2103,129,13,0.0573,-1.6780,2.2557,8.0971,1.7352,0.8002,0.0573,5,118,0,13
00-0037077,S.Howell,WAS,2023,22,643,-0.0843,-0.3238,7.3910,0.1279,0.0482,0.3141,538,105,0.1237,-1.1499,2.3585,2.3200,1.2736,0.1627,0.1237,11,507,6,105
00-0037834,B.Purdy,SF,2023,22,556,0.2675,3.0156,8.3195,0.1085,0.0396,0.2295,473,83,0.4378,-0.7031,2.4454,2.3794,1.1409,0.1839,0.4378,11,451,1,83
00-0035704,D.Lock,SEA,2023,22,83,0.0332,-4.0186,8.1918,0.1507,0.0361,0.2491,76,7,0.1722,-1.4753,1.8629,1.3625,1.6475,0.4681,0.1722,2,73,0,7
00-0036972,M.Jones,NE,2023,22,370,-0.1735,-3.2475,6.7649,0.0982,0.0324,0.2636,324,46,-0.0410,-1.1063,2.5542,3.4450,1.0653,0.2877,-0.0410,10,312,2,46
00-0036264,J.Love,GB,2023,22,632,0.1832,1.7505,8.1088,0.1313,0.0380,0.2355,556,76,0.2677,-0.4347,2.2809,2.0930,0.7023,0.1779,0.2677,11,532,1,76
00-0036389,J.Hurts,PHI,2023,22,615,0.1045,4.0549,8.6191,0.1295,0.0780,0.3145,553,62,0.1875,-0.6362,2.4020,2.4714,0.8238,0.2102,0.1875,14,505,1,62
00-0029604,K.Cousins,MIN,2023,22,305,0.0323,4.1324,6.9268,0.0767,0.0098,0.1930,244,61,0.2513,-0.8439,3.1155,3.2599,1.0953,0.2573,0.2513,4,241,1,61
00-0039150,B.Young,CAR,2023,22,510,-0.2214,-1.1261,7.5336,0.1021,0.0529,0.3180,414,96,0.0283,-1.2981,2.2839,3.0824,1.3263,0.1940,0.0283,7,387,1,96
00-0029701,R.Tannehill,TEN,2023,22,248,-0.0322,1.1384,7.8920,0.1362,0.0323,0.2758,189,59,0.2186,-0.8357,1.9072,1.4975,1.0543,0.1883,0.2186,4,181,1,59
00-0033949,J.Dobbs,ARI,2023,22,410,-0.1055,-1.3806,7.4460,0.1051,0.0756,0.2317,334,76,0.0640,-0.8508,2.0554,3.9742,0.9148,0.2418,0.0640,7,303,2,76
00-0034857,J.Allen,BUF,2023,22,705,0.1655,4.2768,8.4678,0.1318,0.0766,0.2306,626,79,0.2665,-0.6345,2.0787,2.2632,0.9010,0.1788,0.2665,16,572,2,79
00-0038108,B.Zappe,NE,2023,22,216,-0.2749,-2.6877,7.7880,0.1304,0.0417,0.3082,181,35,-0.1029,-1.1645,2.9126,2.7842,1.0615,0.3093,-0.1029,9,172,0,35
00-0035282,E.Stick,LAC,2023,22,164,-0.1568,-5.3846,6.5278,0.1042,0.0488,0.2526,140,24,0.1282,-1.8196,1.3102,10.5287,1.9478,0.6694,0.1282,0,132,0,24
00-0035100,J.Browning,CIN,2023,22,262,0.1339,4.2863,6.1053,0.0921,0.0496,0.2693,220,42,0.2943,-0.7065,2.3384,3.2835,1.0008,0.2980,0.2943,5,207,1,42
00-0030565,G.Smith,SEA,2023,22,521,0.0868,2.2205,6.9683,0.0951,0.0384,0.2478,449,72,0.2400,-0.8689,1.8578,2.2682,1.1089,0.1888,0.2400,8,429,1,72
00-0035264,J.Stidham,DEN,2023,22,65,-0.0129,-7.4652,8.0000,0.0877,0.0308,0.2276,53,12,0.2227,-1.0533,2.1831,0.5792,1.2760,0.2991,0.2227,0,51,0,12
00-0034771,M.Rudolph,PIT,2023,22,104,0.1829,7.5751,6.9368,0.0947,0.0288,0.2237,90,14,0.3521,-0.9047,3.7595,0.9012,1.2569,0.3258,0.3521,1,87,0,14
00-0031345,J.Garoppolo,LV,2023,22,167,-0.0440,-2.6254,7.8267,0.0867,0.0479,0.2189,142,25,0.1706,-1.2628,2.4872,2.6775,1.4334,0.3530,0.1706,7,134,2,25
00-0031280,D.Carr,NO,2023,22,542,0.0458,2.7832,7.8194,0.1230,0.0148,0.2681,475,67,0.1964,-1.0217,2.3779,2.1873,1.2182,0.1940,0.1964,7,467,1,67
00-0033077,D.Prescott,DAL,2023,22,645,0.1803,2.9883,7.6626,0.1078,0.0450,0.2760,554,91,0.3242,-0.6955,2.4904,2.8696,1.0197,0.1898,0.3242,8,525,0,91
00-0026498,M.Stafford,LA,2024,1,51,0.0889,0.3654,5.9184,0.0612,0.0000,0.1736,40,11,0.1246,-0.0407,1.7332,4.6688,0.1653,0.6839,0.1246,1,40,0,11
00-0034796,L.Jackson,BAL,2024,1,52,0.0050,-3.6868,6.5122,0.1220,0.1923,0.1952,50,2,0.1414,-3.4046,1.9488,9.4307,3.5460,2.1804,0.1414,0,40,0,2
00-0034796,L.Jackson,BAL,2024,2,88,0.0176,-2.3204,7.5342,0.1096,0.1364,0.2217,84,4,0.1302,-2.3476,1.8551,4.6349,2.4778,1.0866,0.1302,1,72,0,4
00-0039918,C.Williams,CHI,2024,2,81,-0.3864,-9.8325,7.5606,0.1667,0.0617,0.2571,67,14,-0.1661,-1.4407,1.3733,1.3740,1.2746,0.3444,-0.1661,1,62,1,14
00-0023459,A.Rodgers,NYJ,2024,2,51,0.0196,-5.7678,6.7447,0.0851,0.0196,0.2082,45,6,0.1814,-1.1935,2.9669,0.2966,1.3748,0.3397,0.1814,1,44,0,6
00-0039910,J.Daniels,WAS,2024,2,62,0.1844,-1.4613,4.7826,0.0435,0.1613,0.2444,54,8,0.3368,-0.8442,1.2470,1.5962,1.1810,0.4718,0.3368,0,44,0,8
00-0036389,J.Hurts,PHI,2024,2,72,0.3032,8.7882,6.8226,0.0645,0.0972,0.1925,62,10,0.4424,-0.5597,2.0655,2.9502,1.0020,0.5730,0.4424,2,55,1,10
00-0036212,T.Tagovailoa,MIA,2024,2,69,-0.0236,-3.3828,6.5968,0.1452,0.0435,0.2240,63,6,0.1995,-2.3663,2.9185,6.4904,2.5658,1.0621,0.1995,2,60,1,6
00-0037834,B.Purdy,SF,2024,2,69,0.0463,2.3131,9.0847,0.1525,0.0435,0.2536,59,10,0.3673,-1.8477,2.4333,1.1681,2.2150,0.3976,0.3673,1,56,0,10
00-0035228,K.Murray,ARI,2024,2,61,0.4138,8.3650,8.0816,0.1837,0.1148,0.2392,54,7,0.6752,-1.6029,1.8587,2.7851,2.2781,0.6575,0.6752,0,47,0,7
00-0030565,G.Smith,SEA,2024,2,71,0.1094,7.3345,8.3492,0.1270,0.0282,0.2179,60,11,0.2549,-0.6846,1.3244,4.3957,0.9395,0.6494,0.2549,0,58,1,11
00-0036971,T.Lawrence,JAX,2024,2,60,0.0108,-5.5140,11.4000,0.2400,0.0500,0.2448,49,11,0.2636,-1.1151,2.1275,0.5059,1.3787,0.2990,0.2636,0,46,0,11
00-0033106,J.Goff,DET,2024,2,87,-0.1929,-5.2228,6.7439,0.0488,0.0345,0.1614,72,15,-0.0391,-0.9313,2.2051,2.4363,0.8923,0.4394,-0.0391,2,69,1,15
00-0039152,W.Levis,TEN,2024,2,73,-0.2861,5.9190,8.4833,0.1500,0.0822,0.2254,57,16,0.0192,-1.3736,1.5641,6.9730,1.3929,0.6806,0.0192,1,51,2,16
00-0034855,B.Mayfield,TB,2024,2,57,0.2407,3.6627,6.5217,0.0870,0.0877,0.2400,48,9,0.4864,-1.0696,1.9984,2.9955,1.5560,0.6119,0.4864,1,43,0,9
00-0039732,B.Nix,DEN,2024,2,76,-0.3990,-7.6405,7.1791,0.1045,0.0658,0.1965,62,14,-0.2521,-1.0495,1.7395,2.7638,0.7975,0.4748,-0.2521,1,57,1,14
00-0029604,K.Cousins,ATL,2024,2,57,-0.0456,0.2821,6.9434,0.0377,0.0175,0.1840,49,8,0.0227,-0.4638,2.6457,5.6184,0.4864,0.8697,0.0227,1,48,1,8
00-0033873,P.Mahomes,KC,2024,2,63,0.0669,4.3834,5.0755,0.0755,0.0794,0.2074,53,10,0.1753,-0.5074,2.7357,1.1208,0.6826,0.4046,0.1753,3,48,0,10
00-0036442,J.Burrow,CIN,2024,2,76,-0.0978,2.6184,5.9538,0.0615,0.0658,0.2400,67,9,0.1129,-1.6657,1.9652,4.3198,1.7786,0.7137,0.1129,0,62,0,9
00-0036945,J.Fields,PIT,2024,2,55,0.0512,6.0025,6.3488,0.1163,0.1455,0.2074,45,10,0.1382,-0.3405,1.1180,3.2858,0.4787,0.5945,0.1382,0,37,0,10
00-0026498,M.Stafford,LA,2024,2,80,-0.0385,0.1712,5.9595,0.0811,0.0000,0.2031,61,19,0.1185,-0.5425,1.6363,4.4432,0.6610,0.5106,0.1185,1,61,0,19
00-0033119,J.Brissett,NE,2024,2,61,0.0349,-1.5485,5.8627,0.0196,0.0984,0.1931,47,14,0.2159,-0.5728,0.9658,1.7375,0.7887,0.3803,0.2159,0,41,0,14
00-0035289,G.Minshew,LV,2024,2,77,-0.0579,10.5736,5.3385,0.0923,0.0390,0.2613,63,14,0.2492,-1.4397,1.7405,4.9976,1.6889,0.6202,0.2492,1,60,0,14
00-0039163,C.Stroud,HOU,2024,2,75,0.0974,2.3571,7.9848,0.1212,0.0267,0.2367,62,13,0.2217,-0.4953,1.7737,3.7213,0.7170,0.5611,0.2217,0,60,0,13
00-0033077,D.Prescott,DAL,2024,2,61,0.0122,1.2598,8.8545,0.1455,0.0164,0.2440,55,6,0.1501,-1.2518,2.3663,0.2567,1.4019,0.2929,0.1501,1,54,0,6
00-0035710,D.Jones,NYG,2024,2,66,-0.1115,-7.8732,7.3750,0.0893,0.0455,0.2103,53,13,-0.0402,-0.4025,3.2041,1.3574,0.3624,0.4060,-0.0402,1,50,0,13
00-0034869,S.Darnold,MIN,2024,2,53,0.0643,9.3494,7.7826,0.1304,0.0566,0.2196,46,7,0.2460,-1.1300,5.1017,1.7682,1.3761,0.6029,0.2460,2,43,0,7
00-0033537,D.Watson,CLE,2024,2,74,-0.1847,-3.4656,8.1875,0.0938,0.0405,0.2119,54,20,-0.0700,-0.4945,1.3715,2.0531,0.4245,0.3578,-0.0700,1,51,0,20
00-0039910,J.Daniels,WAS,2024,3,92,0.3769,8.4758,6.3043,0.0870,0.1630,0.2576,81,11,0.4963,-0.5027,1.4912,3.3673,0.9990,0.5697,0.4963,0,66,0,11
00-0029604,K.Cousins,ATL,2024,3,88,0.0022,2.4714,6.4756,0.0488,0.0114,0.1806,70,18,0.1415,-0.5393,2.6383,3.9057,0.6808,0.5047,0.1415,1,69,2,18
00-0039918,C.Williams,CHI,2024,3,131,-0.3448,-5.6809,8.8468,0.1802,0.0382,0.2806,112,19,-0.1144,-1.7028,1.6961,1.8802,1.5884,0.3378,-0.1144,3,107,1,19
00-0039163,C.Stroud,HOU,2024,3,104,0.0395,-0.1996,7.5618,0.1236,0.0481,0.2529,86,18,0.1986,-0.7208,2.1126,2.9670,0.9194,0.4352,0.1986,1,81,0,18
00-0033077,D.Prescott,DAL,2024,3,105,0.0052,-3.5212,9.3191,0.1383,0.0190,0.2576,92,13,0.1481,-1.0062,2.2154,0.9452,1.1543,0.3111,0.1481,1,90,0,13
00-0035710,D.Jones,NYG,2024,3,102,0.0351,-0.4905,7.0682,0.1023,0.0490,0.2088,81,21,0.1192,-0.2890,2.4800,1.8130,0.4082,0.3420,0.1192,1,76,0,21
00-0033106,J.Goff,DET,2024,3,112,-0.0974,-1.7876,6.9714,0.0571,0.0268,0.1836,95,17,0.0731,-1.0504,2.3890,2.2506,1.1235,0.3969,0.0731,3,92,1,17
00-0036355,J.Herbert,LAC,2024,3,66,-0.0367,4.3946,7.4167,0.0667,0.0303,0.2036,55,11,0.1591,-1.0158,2.0806,2.4481,1.1749,0.5103,0.1591,1,53,0,11
00-0036945,J.Fields,PIT,2024,3,89,0.1336,7.7844,6.1351,0.0946,0.1011,0.2164,74,15,0.1978,-0.1830,1.9819,2.9847,0.3808,0.4751,0.1978,1,65,0,15
00-0036389,J.Hurts,PHI,2024,3,117,0.1556,9.2060,6.8900,0.0800,0.0855,0.2219,100,17,0.3764,-1.1434,2.3293,3.8158,1.5198,0.4977,0.3764,3,90,1,17
00-0034857,J.Allen,BUF,2024,3,82,0.6190,9.9243,6.4714,0.1000,0.1220,0.2000,78,4,0.7044,-1.0461,2.0798,14.2685,1.7505,1.8957,0.7044,0,68,0,4
00-0033537,D.Watson,CLE,2024,3,122,-0.2458,-4.9102,8.0495,0.0990,0.0410,0.2494,88,34,0.0071,-0.9003,1.2230,2.2328,0.9074,0.2821,0.0071,1,83,0,34
00-0036442,J.Burrow,CIN,2024,3,112,0.0595,4.0481,6.2268,0.0619,0.0536,0.2533,100,12,0.2285,-1.3494,1.9119,3.8542,1.5779,0.5834,0.2285,0,94,0,12
00-0039152,W.Levis,TEN,2024,3,104,-0.3019,6.0347,8.1047,0.1163,0.0673,0.2528,83,21,0.0389,-1.6487,2.3954,6.5803,1.6876,0.5850,0.0389,2,76,2,21
00-0030565,G.Smith,SEA,2024,3,103,0.0297,6.1853,7.4891,0.1087,0.0194,0.2303,85,18,0.2423,-0.9740,1.6325,3.3539,1.2162,0.4534,0.2423,1,83,2,18
00-0034855,B.Mayfield,TB,2024,3,83,-0.0350,0.3143,5.7206,0.0588,0.0602,0.2687,69,14,0.1820,-1.1043,2.4367,1.9323,1.2863,0.4163,0.1820,2,64,0,14
00-0036971,T.Lawrence,JAX,2024,3,96,-0.0632,-5.1313,10.1084,0.1807,0.0417,0.2531,81,15,0.1249,-1.0787,1.9072,0.5036,1.2035,0.2390,0.1249,1,77,0,15
00-0031280,D.Carr,NO,2024,3,65,0.4054,6.6225,7.7288,0.1864,0.0308,0.2082,58,7,0.4603,-0.0495,2.4255,7.0957,0.5099,1.0274,0.4603,0,56,1,7
00-0039732,B.Nix,DEN,2024,3,113,-0.1931,-2.4961,6.9703,0.0990,0.0708,0.1931,98,15,-0.0730,-0.9775,1.4583,2.6443,0.9044,0.4372,-0.0730,1,90,1,15
00-0037834,B.Purdy,SF,2024,3,107,0.1680,4.3477,9.7079,0.1461,0.0935,0.2533,93,14,0.4331,-1.5925,2.1128,1.4856,2.0255,0.3589,0.4331,1,83,0,14
00-0035228,K.Murray,ARI,2024,3,98,0.2160,4.2809,9.6506,0.2048,0.0918,0.2357,87,11,0.3991,-1.2321,1.9258,2.2516,1.6312,0.4763,0.3991,1,78,0,11
00-0036212,T.Tagovailoa,MIA,2024,3,69,-0.0236,-3.3828,6.5968,0.1452,0.0435,0.2240,63,6,0.1995,-2.3663,2.9185,6.4904,2.5658,1.0621,0.1995,2,60,1,6
00-0034869,S.Darnold,MIN,2024,3,81,0.1378,8.1753,7.6429,0.1143,0.0370,0.2492,67,14,0.3923,-1.0802,3.8513,1.0724,1.4725,0.3662,0.3923,2,64,0,14
00-0033873,P.Mahomes,KC,2024,3,105,0.0878,3.0872,5.1630,0.0761,0.0762,0.1836,88,17,0.2224,-0.6091,1.9983,3.6204,0.8315,0.4855,0.2224,3,80,1,17
00-0033119,J.Brissett,NE,2024,3,81,-0.0839,1.4748,6.8358,0.0597,0.0741,0.2171,59,22,0.1640,-0.7485,0.9011,1.6139,0.9124,0.2977,0.1640,0,53,0,22
00-0035289,G.Minshew,LV,2024,3,100,-0.0910,5.8411,6.2024,0.0952,0.0500,0.2716,83,17,0.1631,-1.3314,1.8461,4.1730,1.4944,0.5174,0.1631,1,78,0,17
00-0039164,A.Richardson,IND,2024,3,70,-0.2536,-12.8425,13.1452,0.2097,0.0571,0.2154,62,8,-0.1175,-1.3086,4.5669,0.7883,1.1910,0.4150,-0.1175,6,58,0,8
00-0026498,M.Stafford,LA,2024,3,108,0.0031,0.9949,7.1111,0.0909,0.0000,0.2219,84,24,0.1849,-0.6332,1.7328,3.5494,0.8181,0.4105,0.1849,1,84,0,24
00-0023459,A.Rodgers,NYJ,2024,3,85,0.2440,2.1181,6.4416,0.0779,0.0353,0.2218,75,10,0.3873,-0.8305,2.3115,1.0149,1.2178,0.3637,0.3873,1,72,0,10
00-0034796,L.Jackson,BAL,2024,3,103,0.1120,-0.8852,6.7209,0.0930,0.1359,0.2170,98,5,0.2230,-2.0629,1.9649,3.8813,2.2859,0.8924,0.2230,1,84,0,5
00-0039152,W.Levis,TEN,2024,4,109,-0.3257,5.6768,7.9444,0.1111,0.0734,0.2528,88,21,-0.0100,-1.6487,2.5362,6.5803,1.6387,0.5849,-0.0100,3,80,2,21
00-0031280,D.Carr,NO,2024,4,103,0.2534,5.9523,6.8316,0.1368,0.0291,0.2113,93,10,0.2880,-0.0681,2.7378,5.2775,0.3561,0.7465,0.2880,1,90,1,10
00-0039918,C.Williams,CHI,2024,4,157,-0.2744,-2.9104,8.4030,0.1642,0.0318,0.2974,134,23,-0.0610,-1.5176,1.5499,2.1095,1.4565,0.3214,-0.0610,3,129,1,23
00-0039732,B.Nix,DEN,2024,4,139,-0.2739,-4.9968,7.5952,0.1349,0.0647,0.1867,122,17,-0.1780,-0.9617,1.6867,2.3167,0.7837,0.3874,-0.1780,1,113,1,17
00-0026498,M.Stafford,LA,2024,4,141,-0.0139,0.7602,7.0703,0.0781,0.0000,0.2341,111,30,0.2202,-0.8799,1.5431,4.0314,1.1001,0.3851,0.2202,1,111,1,30
00-0036442,J.Burrow,CIN,2024,4,144,0.1139,3.9605,6.0625,0.0703,0.0486,0.2452,130,14,0.2933,-1.5518,2.0713,4.3964,1.8450,0.5744,0.2933,0,123,1,14
00-0033537,D.Watson,CLE,2024,4,164,-0.2265,-2.6691,7.4060,0.0902,0.0732,0.2471,120,44,-0.0061,-0.8276,1.3343,2.0731,0.8215,0.2413,-0.0061,2,108,0,44
00-0023459,A.Rodgers,NYJ,2024,4,136,0.0349,-1.2426,6.7395,0.1092,0.0515,0.2356,113,23,0.2230,-0.8891,2.0105,1.2270,1.1122,0.2667,0.2230,1,106,0,23
00-0036264,J.Love,GB,2024,4,80,-0.1898,-9.2621,9.7105,0.1711,0.0125,0.1704,68,12,-0.0480,-0.9934,3.1175,3.8874,0.9454,0.6081,-0.0480,3,67,1,12
00-0033106,J.Goff,DET,2024,4,131,0.0447,1.7797,6.5410,0.0492,0.0229,0.2000,111,20,0.2299,-0.9833,2.4437,2.3948,1.2133,0.3765,0.2299,3,108,1,20
00-0039910,J.Daniels,WAS,2024,4,119,0.3318,10.0854,6.5385,0.0879,0.1681,0.2533,107,12,0.4119,-0.3831,1.4800,3.2330,0.7950,0.5322,0.4119,1,87,0,12
00-0035289,G.Minshew,LV,2024,4,126,-0.1022,1.3427,6.6574,0.0926,0.0397,0.2767,105,21,0.1298,-1.2620,1.6837,3.5572,1.3918,0.4306,0.1298,1,100,0,21
00-0036389,J.Hurts,PHI,2024,4,139,0.1055,6.6318,7.1597,0.0840,0.0791,0.2382,119,20,0.3589,-1.4021,2.1177,4.2947,1.7610,0.4822,0.3589,3,108,1,20
00-0036355,J.Herbert,LAC,2024,4,95,-0.0471,0.8775,7.3333,0.1034,0.0211,0.1970,74,21,0.1770,-0.8368,1.8121,2.8930,1.0138,0.4028,0.1770,1,72,0,21
00-0033119,J.Brissett,NE,2024,4,108,-0.1560,-0.5915,6.0111,0.0444,0.0556,0.2370,79,29,0.1336,-0.9450,1.0583,3.0530,1.0785,0.3445,0.1336,0,73,1,29
00-0036945,J.Fields,PIT,2024,4,130,0.1037,5.7303,6.4953,0.1028,0.1000,0.2389,108,22,0.2381,-0.5563,2.2336,4.0423,0.7944,0.4521,0.2381,1,95,0,22
00-0035228,K.Murray,ARI,2024,4,121,0.1517,3.3520,9.0693,0.1782,0.0826,0.2687,106,15,0.3715,-1.4014,1.9363,1.8215,1.7729,0.3738,0.3715,1,96,0,15
00-0036971,T.Lawrence,JAX,2024,4,129,-0.0568,-5.8894,10.3684,0.1754,0.0388,0.2529,111,18,0.1292,-1.2039,1.7142,0.5123,1.3331,0.2095,0.1292,1,106,0,18
00-0030565,G.Smith,SEA,2024,4,150,0.0677,5.1119,6.6593,0.0889,0.0200,0.2389,128,22,0.2224,-0.8324,2.1215,3.1998,1.0548,0.4025,0.2224,1,125,2,22
00-0033077,D.Prescott,DAL,2024,4,133,0.0864,0.1389,8.4711,0.1074,0.0150,0.2571,117,16,0.2005,-0.7476,2.1321,1.3029,0.9481,0.3157,0.2005,1,115,0,16
00-0027973,A.Dalton,CAR,2024,4,73,0.2604,-1.4985,6.8571,0.1143,0.0137,0.1957,68,5,0.2210,0.7956,2.0210,5.1641,-0.5746,1.0308,0.2210,1,67,0,5
00-0034869,S.Darnold,MIN,2024,4,109,0.2226,9.0090,8.3158,0.1368,0.0459,0.2571,94,15,0.4393,-1.1357,3.5205,1.0420,1.5751,0.3270,0.4393,3,89,0,15
00-0037834,B.Purdy,SF,2024,4,132,0.2193,3.6312,10.3243,0.1441,0.0909,0.2492,114,18,0.4465,-1.2192,2.1209,2.6487,1.6657,0.4071,0.4465,1,102,0,18
00-0033873,P.Mahomes,KC,2024,4,139,0.0567,0.6757,5.5537,0.0744,0.0719,0.2088,117,22,0.2045,-0.7297,2.4592,3.0332,0.9342,0.3986,0.2045,4,107,1,22
00-0035710,D.Jones,NYG,2024,4,143,0.0561,2.8735,7.9766,0.1250,0.0350,0.2111,119,24,0.1303,-0.3120,2.2057,1.5970,0.4424,0.2917,0.1303,2,114,0,24
00-0034857,J.Allen,BUF,2024,4,113,0.3958,9.4613,7.4792,0.1354,0.1062,0.2179,101,12,0.5548,-0.9429,1.9313,8.9854,1.4977,0.8763,0.5548,0,89,0,12
00-0034855,B.Mayfield,TB,2024,4,125,0.0816,-0.7285,6.0748,0.0748,0.0480,0.2824,109,16,0.2681,-1.1892,1.9654,1.7883,1.4573,0.3603,0.2681,2,103,0,16
00-0036212,T.Tagovailoa,MIA,2024,4,69,-0.0236,-3.3828,6.5968,0.1452,0.0435,0.2240,63,6,0.1995,-2.3663,2.9185,6.4904,2.5658,1.0621,0.1995,2,60,1,6
00-0039164,A.Richardson,IND,2024,4,74,-0.1821,-11.2592,13.1970,0.2121,0.0541,0.2154,66,8,-0.0456,-1.3086,4.4321,0.7883,1.2630,0.4070,-0.0456,6,62,0,8
00-0029604,K.Cousins,ATL,2024,4,124,-0.0070,-0.3366,7.4103,0.0769,0.0081,0.1821,102,22,0.1664,-0.8113,2.2693,4.0992,0.9778,0.4567,0.1664,1,101,3,22
00-0039163,C.Stroud,HOU,2024,4,149,0.1260,0.3554,7.7132,0.1008,0.0537,0.2526,125,24,0.2648,-0.5965,1.9617,2.6345,0.8613,0.3542,0.2648,1,117,0,24
00-0034796,L.Jackson,BAL,2024,4,122,0.1762,1.5700,6.6505,0.1165,0.1230,0.2240,115,7,0.3087,-2.0009,1.9753,2.6538,2.3097,0.6295,0.3087,1,100,0,7
00-0039152,W.Levis,TEN,2024,5,109,-0.3257,5.6768,7.9444,0.1111,0.0734,0.2528,88,21,-0.0100,-1.6487,2.5362,6.5803,1.6387,0.5849,-0.0100,3,80,2,21
00-0031280,D.Carr,NO,2024,5,132,0.1975,6.7039,8.1220,0.1626,0.0227,0.2068,117,15,0.2416,-0.1468,2.5245,5.6413,0.3884,0.6306,0.2416,2,114,1,15
00-0033119,J.Brissett,NE,2024,5,144,-0.1711,-1.5887,6.6585,0.0732,0.0486,0.2304,106,38,0.0836,-0.8816,1.1755,2.6280,0.9653,0.2833,0.0836,0,99,1,38
00-0034796,L.Jackson,BAL,2024,5,169,0.2508,0.9731,7.3586,0.1103,0.1124,0.2103,155,14,0.3550,-0.9022,1.8324,3.9183,1.2571,0.5401,0.3550,1,136,0,14
00-0034857,J.Allen,BUF,2024,5,148,0.3120,0.5283,8.6349,0.1429,0.1081,0.2000,127,21,0.5090,-0.8790,2.3269,5.0625,1.3879,0.5093,0.5090,0,111,0,21
00-0034855,B.Mayfield,TB,2024,5,155,0.1369,0.5573,5.8855,0.0763,0.0710,0.2886,138,17,0.3049,-1.2275,1.8561,1.7015,1.5325,0.3370,0.3049,2,127,0,17
00-0039732,B.Nix,DEN,2024,5,167,-0.2409,-4.7884,7.1879,0.1342,0.0659,0.2152,147,20,-0.1321,-1.0405,1.6302,2.0197,0.9084,0.3348,-0.1321,1,136,1,20
00-0036264,J.Love,GB,2024,5,106,-0.0990,-8.8099,9.5455,0.1616,0.0189,0.1898,91,15,0.1305,-1.4916,3.2022,4.7531,1.6221,0.5933,0.1305,3,89,2,15
00-0029604,K.Cousins,ATL,2024,5,184,0.1156,1.9611,7.4624,0.0809,0.0054,0.2000,152,32,0.3041,-0.7799,2.2321,3.2671,1.0839,0.3417,0.3041,2,151,3,32
00-0033106,J.Goff,DET,2024,5,131,0.0447,1.7797,6.5410,0.0492,0.0229,0.2000,111,20,0.2299,-0.9833,2.4437,2.3948,1.2133,0.3765,0.2299,3,108,1,20
00-0036389,J.Hurts,PHI,2024,5,139,0.1055,6.6318,7.1597,0.0840,0.0791,0.2382,119,20,0.3589,-1.4021,2.1177,4.2947,1.7610,0.4822,0.3589,3,108,1,20
00-0035228,K.Murray,ARI,2024,5,154,0.1179,2.0703,8.6870,0.1679,0.0779,0.2716,137,17,0.2748,-1.1462,2.0766,2.6963,1.4210,0.4168,0.2748,2,125,0,17
00-0036212,T.Tagovailoa,MIA,2024,5,69,-0.0236,-3.3828,6.5968,0.1452,0.0435,0.2240,63,6,0.1995,-2.3663,2.9185,6.4904,2.5658,1.0621,0.1995,2,60,1,6
00-0023459,A.Rodgers,NYJ,2024,5,193,-0.0591,-3.2001,7.0520,0.1272,0.0363,0.2322,159,34,0.0997,-0.8015,2.2304,1.5439,0.9012,0.2438,0.0997,4,152,0,34
00-0033537,D.Watson,CLE,2024,5,195,-0.2792,-4.5822,7.8344,0.0955,0.0718,0.2626,143,52,-0.0349,-0.9511,1.2455,2.3077,0.9162,0.2304,-0.0349,2,129,0,52
00-0030565,G.Smith,SEA,2024,5,197,0.0363,3.7502,6.2816,0.0920,0.0305,0.2675,169,28,0.2014,-0.9605,1.9477,3.2263,1.1619,0.3560,0.2014,1,163,2,28
00-0039910,J.Daniels,WAS,2024,5,152,0.3169,6.5170,7.7241,0.1121,0.1645,0.2758,137,15,0.4201,-0.6257,2.1276,2.8494,1.0458,0.4533,0.4201,2,112,0,15
00-0035710,D.Jones,NYG,2024,5,181,0.1053,3.2577,7.3765,0.1111,0.0387,0.2205,153,28,0.2007,-0.4157,2.0356,1.5294,0.6165,0.2606,0.2007,2,146,0,28
00-0035289,G.Minshew,LV,2024,5,147,-0.1274,1.7847,6.8000,0.1120,0.0476,0.2883,124,23,0.0859,-1.2776,3.1750,3.2388,1.3635,0.4079,0.0859,3,117,0,23
00-0036945,J.Fields,PIT,2024,5,160,0.0629,4.2342,7.4254,0.1343,0.0813,0.2494,132,28,0.2197,-0.6762,2.0879,3.3581,0.8960,0.3684,0.2197,1,119,0,28
00-0026158,J.Flacco,IND,2024,5,76,0.1970,5.5675,8.1471,0.0735,0.0263,0.2316,64,12,0.3657,-0.7029,1.9000,1.3287,1.0687,0.3747,0.3657,0,62,0,12
00-0027973,A.Dalton,CAR,2024,5,99,0.0538,-1.6890,6.9355,0.1075,0.0202,0.2074,89,10,0.0583,0.0136,1.8618,4.1296,0.0447,0.6587,0.0583,2,87,0,10
00-0035993,T.Huntley,MIA,2024,5,56,-0.2886,-6.9420,8.7660,0.1277,0.0536,0.2346,49,7,-0.1268,-1.4213,1.1287,0.2106,1.2945,0.2305,-0.1268,1,46,0,7
00-0039918,C.Williams,CHI,2024,5,188,-0.1385,-1.9058,8.3522,0.1572,0.0532,0.2988,163,25,0.0716,-1.5082,1.7060,1.9621,1.5798,0.2982,0.0716,3,153,1,25
00-0036355,J.Herbert,LAC,2024,5,95,-0.0471,0.8775,7.3333,0.1034,0.0211,0.1970,74,21,0.1770,-0.8368,1.8121,2.8930,1.0138,0.4028,0.1770,1,72,0,21
00-0037834,B.Purdy,SF,2024,5,173,0.1775,2.1826,9.9110,0.1164,0.0925,0.2528,150,23,0.3623,-1.0278,2.2324,2.9123,1.3901,0.3762,0.3623,2,134,1,23
00-0034869,S.Darnold,MIN,2024,5,145,0.0937,4.8625,9.4603,0.1667,0.0414,0.2767,124,21,0.3212,-1.2494,3.1198,0.9849,1.5706,0.2684,0.3212,4,118,0,21
00-0026498,M.Stafford,LA,2024,5,189,-0.0577,-0.8241,7.3526,0.0983,0.0000,0.2362,150,39,0.1824,-0.9814,1.3953,3.5251,1.1638,0.3157,0.1824,1,150,2,39
00-0033873,P.Mahomes,KC,2024,5,180,0.0723,2.7636,5.2956,0.0629,0.0667,0.2054,153,27,0.1974,-0.6361,2.5242,2.5892,0.8334,0.3353,0.1974,5,141,1,27
00-0036971,T.Lawrence,JAX,2024,5,163,0.0377,-1.7188,9.5068,0.1554,0.0307,0.2529,145,18,0.1919,-1.2039,2.0500,0.5123,1.3958,0.2064,0.1919,2,140,0,18
00-0039163,C.Stroud,HOU,2024,5,191,0.1350,1.5780,7.4012,0.0838,0.0576,0.2434,160,31,0.2811,-0.6186,2.1325,3.0054,0.8997,0.3321,0.2811,2,149,0,31
00-0033077,D.Prescott,DAL,2024,5,178,0.1260,0.9024,8.1166,0.1104,0.0169,0.2563,156,22,0.2601,-0.8250,2.3485,2.5490,1.0851,0.3618,0.2601,3,153,0,22
00-0039164,A.Richardson,IND,2024,5,74,-0.1821,-11.2592,13.1970,0.2121,0.0541,0.2154,66,8,-0.0456,-1.3086,4.4321,0.7883,1.2630,0.4070,-0.0456,6,62,0,8
00-0036442,J.Burrow,CIN,2024,5,187,0.2114,5.8237,6.5749,0.0719,0.0428,0.2459,164,23,0.3415,-0.7162,2.2909,5.5139,1.0577,0.5037,0.3415,1,156,1,23
00-0036389,J.Hurts,PHI,2024,6,165,0.1322,5.8599,7.6458,0.1042,0.0667,0.2423,143,22,0.3596,-1.3462,2.1539,4.0760,1.7058,0.4476,0.3596,3,132,1,22
00-0029604,K.Cousins,ATL,2024,6,213,0.1343,2.0859,7.2822,0.0693,0.0047,0.1929,178,35,0.3100,-0.7593,2.2625,2.9858,1.0693,0.3131,0.3100,2,177,3,35
00-0039163,C.Stroud,HOU,2024,6,220,0.1359,2.2357,7.6943,0.1036,0.0545,0.2523,186,34,0.2859,-0.6843,2.1760,2.7791,0.9701,0.3057,0.2859,3,174,0,34
00-0035710,D.Jones,NYG,2024,6,219,0.0234,0.7742,7.3452,0.1117,0.0411,0.2193,187,32,0.1314,-0.6078,1.8588,2.4540,0.7392,0.2943,0.1314,2,178,1,32
00-0033873,P.Mahomes,KC,2024,6,180,0.0723,2.7636,5.2956,0.0629,0.0667,0.2054,153,27,0.1974,-0.6361,2.5242,2.5892,0.8334,0.3353,0.1974,5,141,1,27
00-0033119,J.Brissett,NE,2024,6,144,-0.1711,-1.5887,6.6585,0.0732,0.0486,0.2304,106,38,0.0836,-0.8816,1.1755,2.6280,0.9653,0.2833,0.0836,0,99,1,38
00-0036442,J.Burrow,CIN,2024,6,221,0.2150,6.4686,6.4308,0.0718,0.0452,0.2612,191,30,0.3745,-0.8010,2.3340,4.3061,1.1756,0.3947,0.3745,1,181,1,30
00-0039732,B.Nix,DEN,2024,6,186,-0.2673,-7.1411,7.4785,0.1472,0.0753,0.2250,161,25,-0.1384,-1.0974,1.6882,1.6717,0.9590,0.2781,-0.1384,2,147,1,25
00-0037834,B.Purdy,SF,2024,6,204,0.2191,2.0169,9.5115,0.1092,0.0931,0.2395,177,27,0.3880,-0.8883,2.3047,2.9656,1.2763,0.3505,0.3880,2,158,1,27
00-0036264,J.Love,GB,2024,6,138,0.0455,-5.2148,8.8217,0.1395,0.0290,0.1836,121,17,0.2549,-1.4445,3.0350,4.2158,1.6994,0.5226,0.2549,4,117,2,17
00-0033077,D.Prescott,DAL,2024,6,212,0.0232,-0.4825,8.1354,0.1146,0.0189,0.2612,180,32,0.1896,-0.9130,2.5518,2.0370,1.1026,0.2790,0.1896,4,176,0,32
00-0026498,M.Stafford,LA,2024,6,189,-0.0577,-0.8241,7.3526,0.0983,0.0000,0.2362,150,39,0.1824,-0.9814,1.3953,3.5251,1.1638,0.3157,0.1824,1,150,2,39
00-0035289,G.Minshew,LV,2024,6,147,-0.1274,1.7847,6.8000,0.1120,0.0476,0.2883,124,23,0.0859,-1.2776,3.1750,3.2388,1.3635,0.4079,0.0859,3,117,0,23
00-0030565,G.Smith,SEA,2024,6,235,0.0148,3.0160,6.5142,0.0991,0.0255,0.2552,203,32,0.1784,-1.0224,1.9858,2.9507,1.2008,0.3194,0.1784,2,197,3,32
00-0023459,A.Rodgers,NYJ,2024,6,231,-0.0011,-2.7381,7.1010,0.1250,0.0303,0.2442,192,39,0.1333,-0.6628,2.2587,1.9029,0.7961,0.2461,0.1333,5,185,0,39
00-0031280,D.Carr,NO,2024,6,132,0.1975,6.7039,8.1220,0.1626,0.0227,0.2068,117,15,0.2416,-0.1468,2.5245,5.6413,0.3884,0.6306,0.2416,2,114,1,15
00-0035228,K.Murray,ARI,2024,6,184,0.0883,1.5105,8.3544,0.1519,0.0815,0.2676,166,18,0.2230,-1.1545,2.1585,2.5389,1.3775,0.3925,0.2230,2,151,0,18
00-0026158,J.Flacco,IND,2024,6,115,0.1373,2.1149,8.4434,0.1226,0.0261,0.2237,101,14,0.3026,-1.0550,1.8366,2.7663,1.3576,0.4645,0.3026,0,98,1,14
00-0035993,T.Huntley,MIA,2024,6,56,-0.2886,-6.9420,8.7660,0.1277,0.0536,0.2346,49,7,-0.1268,-1.4213,1.1287,0.2106,1.2945,0.2305,-0.1268,1,46,0,7
00-0034869,S.Darnold,MIN,2024,6,145,0.0937,4.8625,9.4603,0.1667,0.0414,0.2767,124,21,0.3212,-1.2494,3.1198,0.9849,1.5706,0.2684,0.3212,4,118,0,21
00-0034855,B.Mayfield,TB,2024,6,196,0.1344,-1.0184,5.9222,0.0659,0.0714,0.2904,177,19,0.2788,-1.2107,2.3731,1.6309,1.4895,0.3150,0.2788,5,163,0,19
00-0039910,J.Daniels,WAS,2024,6,193,0.3068,6.9668,7.7600,0.1067,0.1503,0.2789,171,22,0.4210,-0.5808,2.0878,2.1209,1.0018,0.3296,0.4210,2,142,0,22
00-0033106,J.Goff,DET,2024,6,158,0.1523,2.5852,7.2759,0.0828,0.0316,0.2082,133,25,0.3259,-0.7710,2.5555,2.7414,1.0969,0.3590,0.3259,3,128,1,25
00-0039918,C.Williams,CHI,2024,6,217,-0.0679,0.5045,7.8142,0.1421,0.0553,0.3091,188,29,0.1256,-1.3222,1.8269,2.2096,1.4478,0.2931,0.1256,4,176,1,29
00-0039152,W.Levis,TEN,2024,6,138,-0.2990,2.8669,8.0776,0.1121,0.0797,0.2395,113,25,-0.0215,-1.5534,2.2442,5.6251,1.5318,0.4948,-0.0215,3,102,3,25
00-0039164,A.Richardson,IND,2024,6,74,-0.1821,-11.2592,13.1970,0.2121,0.0541,0.2154,66,8,-0.0456,-1.3086,4.4321,0.7883,1.2630,0.4070,-0.0456,6,62,0,8
00-0027973,A.Dalton,CAR,2024,6,132,0.0786,0.3203,7.0161,0.0887,0.0303,0.2000,120,12,0.0767,0.0976,1.8464,3.6985,-0.0209,0.5689,0.0767,3,116,0,12
00-0034796,L.Jackson,BAL,2024,6,199,0.2665,3.2110,7.7427,0.1053,0.1055,0.2219,181,18,0.3650,-0.7234,2.0946,3.6794,1.0883,0.4647,0.3650,2,160,0,18
00-0033537,D.Watson,CLE,2024,6,225,-0.2344,-4.0479,7.5556,0.0944,0.0711,0.2750,165,60,0.0331,-0.9698,1.2844,2.0375,1.0029,0.2043,0.0331,2,149,0,60
00-0036971,T.Lawrence,JAX,2024,6,187,0.0565,0.2298,9.3869,0.1548,0.0428,0.2528,166,21,0.1948,-1.0371,2.0979,0.8390,1.2319,0.2293,0.1948,2,158,0,21
00-0034857,J.Allen,BUF,2024,6,178,0.3150,3.5116,8.5497,0.1457,0.1067,0.2171,155,23,0.4960,-0.9048,2.2385,4.6208,1.4008,0.4641,0.4960,0,136,0,23
00-0036945,J.Fields,PIT,2024,6,186,0.0617,2.6744,7.6144,0.1373,0.0914,0.2552,154,32,0.2320,-0.7578,2.0496,3.0516,0.9898,0.3297,0.2320,1,137,0,32
00-0036212,T.Tagovailoa,MIA,2024,6,69,-0.0236,-3.3828,6.5968,0.1452,0.0435,0.2240,63,6,0.1995,-2.3663,2.9185,6.4904,2.5658,1.0621,0.1995,2,60,1,6
00-0036355,J.Herbert,LAC,2024,6,131,0.0355,1.6419,7.5583,0.1000,0.0229,0.2054,105,26,0.2597,-0.8701,1.8220,2.3485,1.1298,0.3281,0.2597,1,102,0,26
00-0033873,P.Mahomes,KC,2024,7,210,0.0471,1.5122,5.6685,0.0761,0.0714,0.2123,178,32,0.1902,-0.7490,2.6766,2.2604,0.9392,0.2927,0.1902,7,163,1,32
00-0036355,J.Herbert,LAC,2024,7,174,0.0607,2.4253,7.8671,0.1076,0.0287,0.2167,141,33,0.2760,-0.8591,1.8108,1.8810,1.1351,0.2643,0.2760,1,136,0,33
00-0035710,D.Jones,NYG,2024,7,248,-0.0422,1.0876,7.2581,0.1060,0.0444,0.2520,206,42,0.1131,-0.8042,1.7395,2.2128,0.9173,0.2472,0.1131,2,195,1,42
00-0039918,C.Williams,CHI,2024,7,217,-0.0679,0.5045,7.8142,0.1421,0.0553,0.3091,188,29,0.1256,-1.3222,1.8269,2.2096,1.4478,0.2931,0.1256,4,176,1,29
00-0036971,T.Lawrence,JAX,2024,7,208,0.1224,1.0985,8.9947,0.1497,0.0433,0.2528,187,21,0.2526,-1.0371,2.1304,0.8390,1.2897,0.2266,0.2526,2,178,0,21
00-0039376,S.Rattler,NO,2024,7,62,-0.3940,-6.6206,9.1176,0.1765,0.0806,0.2200,48,14,-0.1269,-1.3099,3.4787,3.2803,1.1830,0.5539,-0.1269,0,43,1,14
00-0039732,B.Nix,DEN,2024,7,216,-0.2218,-6.9524,7.4011,0.1497,0.0926,0.2250,191,25,-0.1072,-1.0974,1.5678,1.6717,0.9902,0.2740,-0.1072,2,171,1,25
00-0034869,S.Darnold,MIN,2024,7,181,0.0890,6.4416,9.1961,0.1503,0.0552,0.2951,155,26,0.2887,-1.1016,2.9480,1.1444,1.3902,0.2511,0.2887,5,145,0,26
00-0031280,D.Carr,NO,2024,7,132,0.1975,6.7039,8.1220,0.1626,0.0227,0.2068,117,15,0.2416,-0.1468,2.5245,5.6413,0.3884,0.6306,0.2416,2,114,1,15
00-0034796,L.Jackson,BAL,2024,7,223,0.3409,4.2497,7.8325,0.1047,0.1031,0.2382,203,20,0.4527,-0.7947,2.2305,3.3500,1.2474,0.4225,0.4527,2,180,0,20
00-0034855,B.Mayfield,TB,2024,7,222,0.0949,-0.8178,6.0266,0.0745,0.0766,0.3013,201,21,0.2335,-1.2314,2.4961,1.4736,1.4648,0.2874,0.2335,7,184,0,21
00-0035228,K.Murray,ARI,2024,7,213,0.0972,-1.0804,7.9511,0.1304,0.0845,0.2638,194,19,0.2125,-1.0796,2.1059,2.5042,1.2921,0.3777,0.2125,3,176,0,19
00-0036442,J.Burrow,CIN,2024,7,245,0.1896,6.0516,6.8472,0.0787,0.0408,0.2681,209,36,0.3675,-0.8434,2.3100,3.8091,1.2110,0.3419,0.3675,1,199,1,36
00-0036945,J.Fields,PIT,2024,7,186,0.0617,2.6744,7.6144,0.1373,0.0914,0.2552,154,32,0.2320,-0.7578,2.0496,3.0516,0.9898,0.3297,0.2320,1,137,0,32
00-0034857,J.Allen,BUF,2024,7,203,0.3052,2.7251,8.8678,0.1379,0.0985,0.2189,177,26,0.4649,-0.7821,2.1655,4.7215,1.2470,0.4403,0.4649,0,157,0,26
00-0035289,G.Minshew,LV,2024,7,183,-0.2289,-1.1449,6.6730,0.1069,0.0383,0.2782,152,31,0.0333,-1.5148,2.9046,4.5470,1.5481,0.4072,0.0333,4,145,2,31
00-0036264,J.Love,GB,2024,7,174,0.0325,-2.8350,8.8580,0.1481,0.0230,0.2029,151,23,0.2615,-1.4710,3.0599,3.3825,1.7325,0.4091,0.2615,5,147,3,23
00-0029604,K.Cousins,ATL,2024,7,240,0.1073,2.8217,7.0531,0.0708,0.0042,0.2043,198,42,0.3090,-0.8439,2.1282,4.2946,1.1529,0.3362,0.3090,2,197,3,42
00-0023459,A.Rodgers,NYJ,2024,7,264,0.0002,-3.2561,6.9372,0.1172,0.0265,0.2327,217,47,0.1082,-0.4982,2.3240,2.4620,0.6064,0.2512,0.1082,7,210,0,47
00-0036212,T.Tagovailoa,MIA,2024,7,69,-0.0236,-3.3828,6.5968,0.1452,0.0435,0.2240,63,6,0.1995,-2.3663,2.9185,6.4904,2.5658,1.0621,0.1995,2,60,1,6
00-0036389,J.Hurts,PHI,2024,7,185,0.1226,6.2022,7.6013,0.1076,0.0703,0.2650,158,27,0.3842,-1.4084,2.3218,3.3330,1.7925,0.3717,0.3842,3,145,1,27
00-0033106,J.Goff,DET,2024,7,187,0.2084,4.5175,7.2412,0.0941,0.0267,0.2286,155,32,0.4003,-0.7206,2.5207,2.7927,1.1209,0.3218,0.4003,3,150,1,32
00-0039163,C.Stroud,HOU,2024,7,249,0.0786,0.6451,7.6542,0.1028,0.0643,0.2646,208,41,0.2547,-0.8146,2.0720,2.5123,1.0692,0.2669,0.2547,3,192,0,41
00-0039152,W.Levis,TEN,2024,7,138,-0.2990,2.8669,8.0776,0.1121,0.0797,0.2395,113,25,-0.0215,-1.5534,2.2442,5.6251,1.5318,0.4948,-0.0215,3,102,3,25
00-0039910,J.Daniels,WAS,2024,7,195,0.2973,7.1816,7.6382,0.1053,0.1487,0.2789,173,22,0.4090,-0.5808,2.0798,2.1209,0.9898,0.3293,0.4090,2,144,0,22
00-0037834,B.Purdy,SF,2024,7,234,0.1317,-0.5813,9.6734,0.1156,0.0983,0.2341,202,32,0.3106,-0.9979,2.3979,3.0304,1.3085,0.3265,0.3106,4,179,2,32
00-0039851,D.Maye,NE,2024,7,57,-0.2129,-2.7983,5.7660,0.0638,0.0877,0.2196,50,7,-0.0570,-1.3269,3.3457,3.9307,1.2699,0.7927,-0.0570,2,45,0,7
00-0033537,D.Watson,CLE,2024,7,244,-0.2148,-2.2795,7.4670,0.0914,0.0656,0.2797,181,63,0.0443,-0.9592,1.2019,2.0454,1.0035,0.1978,0.0443,2,165,0,63
00-0033119,J.Brissett,NE,2024,7,144,-0.1711,-1.5887,6.6585,0.0732,0.0486,0.2304,106,38,0.0836,-0.8816,1.1755,2.6280,0.9653,0.2833,0.0836,0,99,1,38
00-0030565,G.Smith,SEA,2024,7,265,0.0364,3.5174,7.1723,0.1218,0.0340,0.2522,229,36,0.1913,-0.9491,1.9878,2.7803,1.1404,0.2931,0.1913,2,220,3,36
00-0026158,J.Flacco,IND,2024,7,115,0.1373,2.1149,8.4434,0.1226,0.0261,0.2237,101,14,0.3026,-1.0550,1.8366,2.7663,1.3576,0.4645,0.3026,0,98,1,14
00-0035993,T.Huntley,MIA,2024,7,74,-0.2615,-6.5830,9.2667,0.1333,0.0811,0.2448,63,11,-0.1064,-1.1499,1.3042,1.1100,1.0435,0.3487,-0.1064,1,57,0,11
00-0033077,D.Prescott,DAL,2024,7,212,0.0232,-0.4825,8.1354,0.1146,0.0189,0.2612,180,32,0.1896,-0.9130,2.5518,2.0370,1.1026,0.2790,0.1896,4,176,0,32
00-0026498,M.Stafford,LA,2024,7,213,-0.0853,-1.8396,7.2194,0.0918,0.0000,0.2392,172,41,0.1369,-1.0172,1.7103,3.3750,1.1540,0.3037,0.1369,2,172,2,41
00-0027973,A.Dalton,CAR,2024,7,149,-0.0477,-0.2637,6.7101,0.0870,0.0336,0.2200,135,14,-0.0459,-0.0653,2.6381,3.3389,0.0195,0.5080,-0.0459,5,130,0,14
00-0039164,A.Richardson,IND,2024,7,103,-0.1763,-13.1792,12.3556,0.2000,0.0874,0.2000,91,12,-0.0518,-1.1205,3.5661,0.9214,1.0688,0.3405,-0.0518,6,82,0,12
00-0033106,J.Goff,DET,2024,8,206,0.1720,5.0108,6.9243,0.0919,0.0243,0.2495,169,37,0.3981,-0.8608,2.4222,2.6173,1.2589,0.2917,0.3981,3,164,1,37
00-0036971,T.Lawrence,JAX,2024,8,242,0.1225,1.8918,9.1005,0.1507,0.0413,0.2494,217,25,0.2558,-1.0343,2.0686,1.7879,1.2901,0.2847,0.2558,3,207,0,25
00-0033119,J.Brissett,NE,2024,8,171,-0.1215,-1.3370,6.7823,0.0748,0.0468,0.2337,131,40,0.1109,-0.8826,1.1934,2.5399,0.9935,0.2695,0.1109,0,123,1,40
00-0033537,D.Watson,CLE,2024,8,244,-0.2148,-2.2795,7.4670,0.0914,0.0656,0.2797,181,63,0.0443,-0.9592,1.2019,2.0454,1.0035,0.1978,0.0443,2,165,0,63
00-0034855,B.Mayfield,TB,2024,8,272,0.1152,1.6061,6.3122,0.0844,0.0662,0.3013,251,21,0.2279,-1.2314,2.3371,1.4736,1.4593,0.2819,0.2279,9,233,0,21
00-0034869,S.Darnold,MIN,2024,8,208,0.1298,7.5561,9.3051,0.1525,0.0529,0.2977,178,30,0.3283,-1.0482,2.7276,1.3534,1.3765,0.2458,0.3283,5,167,0,30
00-0026158,J.Flacco,IND,2024,8,115,0.1373,2.1149,8.4434,0.1226,0.0261,0.2237,101,14,0.3026,-1.0550,1.8366,2.7663,1.3576,0.4645,0.3026,0,98,1,14
00-0039163,C.Stroud,HOU,2024,8,288,0.0871,0.8027,7.6335,0.1036,0.0556,0.2564,238,50,0.2531,-0.7032,2.0170,2.5602,0.9563,0.2443,0.2531,3,222,0,50
00-0027973,A.Dalton,CAR,2024,8,149,-0.0477,-0.2637,6.7101,0.0870,0.0336,0.2200,135,14,-0.0459,-0.0653,2.6381,3.3389,0.0195,0.5080,-0.0459,5,130,0,14
00-0030565,G.Smith,SEA,2024,8,284,0.0240,3.0886,6.7969,0.1133,0.0352,0.2468,246,38,0.1645,-0.8852,2.0786,2.7412,1.0496,0.2839,0.1645,3,236,3,38
00-0035228,K.Murray,ARI,2024,8,250,0.1557,0.9084,7.8955,0.1273,0.0760,0.2600,230,20,0.2504,-0.9335,1.9899,2.7994,1.1839,0.3855,0.2504,3,211,0,20
00-0039732,B.Nix,DEN,2024,8,250,-0.1753,-4.1394,7.9587,0.1514,0.0840,0.2395,223,27,-0.0514,-1.1979,1.6691,1.7431,1.1465,0.2684,-0.0514,2,202,1,27
00-0039918,C.Williams,CHI,2024,8,250,-0.0918,-0.5689,8.4251,0.1546,0.0680,0.3051,213,37,0.0991,-1.1908,1.7888,2.2012,1.2900,0.2606,0.0991,4,196,1,37
00-0039910,J.Daniels,WAS,2024,8,241,0.2905,5.6943,8.5158,0.1211,0.1452,0.2729,212,29,0.4082,-0.5703,2.1006,3.2090,0.9786,0.3472,0.4082,2,177,0,29
00-0036442,J.Burrow,CIN,2024,8,284,0.1964,6.0004,7.0357,0.0833,0.0423,0.2673,245,39,0.3559,-0.8057,2.2906,3.6017,1.1616,0.3189,0.3559,2,233,1,39
00-0037834,B.Purdy,SF,2024,8,265,0.1669,0.2063,9.4843,0.1166,0.1057,0.2465,230,35,0.3328,-0.9229,2.3237,3.0176,1.2556,0.3104,0.3328,4,202,2,35
00-0036355,J.Herbert,LAC,2024,8,207,0.0403,1.0716,7.8162,0.1243,0.0386,0.2280,168,39,0.2704,-0.9507,1.9575,1.6759,1.2211,0.2337,0.2704,1,160,0,39
00-0026498,M.Stafford,LA,2024,8,246,-0.0079,-0.9260,7.3188,0.0917,0.0000,0.2343,203,43,0.1855,-0.9209,1.7426,3.4699,1.1064,0.2988,0.1855,3,203,2,43
00-0034857,J.Allen,BUF,2024,8,237,0.3093,3.5557,8.5756,0.1463,0.0928,0.2293,210,27,0.4396,-0.7045,2.2469,4.7022,1.1442,0.4299,0.4396,1,188,0,27
00-0036945,J.Fields,PIT,2024,8,186,0.0617,2.6744,7.6144,0.1373,0.0914,0.2552,154,32,0.2320,-0.7578,2.0496,3.0516,0.9898,0.3297,0.2320,1,137,0,32
00-0029263,R.Wilson,PIT,2024,8,60,0.2310,4.3990,8.7091,0.1273,0.0167,0.2000,48,12,0.4668,-0.7124,2.5290,0.9698,1.1792,0.3654,0.4668,0,47,0,12
00-0039851,D.Maye,NE,2024,8,67,-0.1572,-3.8158,6.7925,0.0943,0.1194,0.2302,59,8,0.0135,-1.4164,3.0740,3.4332,1.4299,0.6937,0.0135,2,51,0,8
00-0023459,A.Rodgers,NYJ,2024,8,294,0.0146,-2.1328,7.2360,0.1236,0.0238,0.2291,242,52,0.1211,-0.4813,2.2711,2.4292,0.6024,0.2369,0.1211,7,235,0,52
00-0035993,T.Huntley,MIA,2024,8,74,-0.2615,-6.5830,9.2667,0.1333,0.0811,0.2448,63,11,-0.1064,-1.1499,1.3042,1.1100,1.0435,0.3487,-0.1064,1,57,0,11
00-0033873,P.Mahomes,KC,2024,8,250,0.0835,2.2224,5.8864,0.0682,0.0720,0.2141,215,35,0.2145,-0.7212,2.5586,2.3486,0.9357,0.2811,0.2145,8,197,1,35
00-0031280,D.Carr,NO,2024,8,132,0.1975,6.7039,8.1220,0.1626,0.0227,0.2068,117,15,0.2416,-0.1468,2.5245,5.6413,0.3884,0.6306,0.2416,2,114,1,15
00-0036212,T.Tagovailoa,MIA,2024,8,109,0.0807,-0.5367,6.0100,0.1100,0.0367,0.2259,99,10,0.2198,-1.2957,2.2783,6.4669,1.5155,0.8184,0.2198,2,95,1,10
00-0029604,K.Cousins,ATL,2024,8,272,0.1552,3.9470,7.0275,0.0784,0.0074,0.2120,226,46,0.3562,-0.8325,2.2700,3.9579,1.1887,0.3100,0.3562,2,224,3,46
00-0036389,J.Hurts,PHI,2024,8,205,0.1779,7.6127,7.7458,0.1073,0.0683,0.2617,177,28,0.4238,-1.3764,2.3425,3.2382,1.8002,0.3590,0.4238,3,163,1,28
00-0039152,W.Levis,TEN,2024,8,138,-0.2990,2.8669,8.0776,0.1121,0.0797,0.2395,113,25,-0.0215,-1.5534,2.2442,5.6251,1.5318,0.4948,-0.0215,3,102,3,25
00-0035710,D.Jones,NYG,2024,8,287,-0.0560,0.9556,7.3520,0.1160,0.0418,0.2539,233,54,0.1048,-0.7497,1.6823,2.3908,0.8545,0.2269,0.1048,3,221,1,54
00-0035289,G.Minshew,LV,2024,8,206,-0.2036,0.8216,6.5254,0.1017,0.0388,0.2878,168,38,0.0989,-1.5409,2.7807,4.4768,1.6398,0.3666,0.0989,4,160,2,38
00-0033077,D.Prescott,DAL,2024,8,241,-0.0038,-0.3950,8.2909,0.1227,0.0166,0.2549,204,37,0.1581,-0.8967,2.4394,2.2501,1.0548,0.2698,0.1581,5,200,1,37
00-0036264,J.Love,GB,2024,8,196,0.0435,-2.0799,9.1467,0.1576,0.0204,0.1972,171,25,0.2576,-1.4206,3.0318,3.1390,1.6782,0.3785,0.2576,6,167,3,25
00-0034796,L.Jackson,BAL,2024,8,264,0.3268,4.2646,8.2555,0.1233,0.0947,0.2462,237,27,0.4533,-0.7838,2.1246,2.8480,1.2371,0.3383,0.4533,2,212,0,27
00-0039150,B.Young,CAR,2024,8,65,-0.3991,-4.0424,7.7358,0.1321,0.0923,0.2400,55,10,-0.2528,-1.2037,2.7128,2.3093,0.9510,0.5294,-0.2528,3,49,1,10
00-0034771,M.Rudolph,TEN,2024,8,84,-0.1341,-4.4540,7.2368,0.1053,0.0476,0.1836,67,17,0.1566,-1.2797,2.3386,2.4170,1.4363,0.4208,0.1566,1,63,1,17
00-0039164,A.Richardson,IND,2024,8,141,-0.1787,-16.2716,13.2314,0.2479,0.0780,0.2314,120,21,-0.0967,-0.6472,3.1313,3.4985,0.5505,0.4390,-0.0967,7,109,0,21
00-0039376,S.Rattler,NO,2024,8,89,-0.3413,-10.0088,8.0000,0.1333,0.0562,0.2455,72,17,-0.1104,-1.3194,2.6713,2.7129,1.2090,0.4435,-0.1104,0,67,1,17
00-0035710,D.Jones,NYG,2024,9,317,-0.0574,1.6402,7.3527,0.1127,0.0410,0.2579,259,58,0.1122,-0.8149,1.6390,3.6326,0.9272,0.2626,0.1122,3,246,1,58
00-0033077,D.Prescott,DAL,2024,9,269,-0.0089,0.2601,7.8765,0.1152,0.0223,0.2620,226,43,0.1537,-0.8639,2.2800,1.9845,1.0176,0.2372,0.1537,5,220,1,43
00-0039910,J.Daniels,WAS,2024,9,265,0.3226,6.2777,8.2844,0.1185,0.1434,0.2698,235,30,0.4399,-0.5958,2.1035,3.1179,1.0357,0.3360,0.4399,2,197,0,30
00-0037834,B.Purdy,SF,2024,9,265,0.1669,0.2063,9.4843,0.1166,0.1057,0.2465,230,35,0.3328,-0.9229,2.3237,3.0176,1.2556,0.3104,0.3328,4,202,2,35
00-0036442,J.Burrow,CIN,2024,9,317,0.2145,6.5367,6.7456,0.0813,0.0410,0.2590,272,45,0.3898,-0.8454,2.1655,3.1597,1.2352,0.2796,0.3898,2,259,1,45
00-0036264,J.Love,GB,2024,9,220,-0.0051,-2.1974,8.7837,0.1538,0.0182,0.1945,194,26,0.2177,-1.6677,2.8051,4.6014,1.8855,0.4375,0.2177,6,190,4,26
00-0035993,T.Huntley,MIA,2024,9,74,-0.2615,-6.5830,9.2667,0.1333,0.0811,0.2448,63,11,-0.1064,-1.1499,1.3042,1.1100,1.0435,0.3487,-0.1064,1,57,0,11
00-0033106,J.Goff,DET,2024,9,224,0.1808,6.4659,6.6782,0.0842,0.0223,0.2521,185,39,0.4009,-0.8634,2.3429,2.5525,1.2643,0.2795,0.4009,3,180,1,39
00-0031280,D.Carr,NO,2024,9,165,0.1786,5.5145,7.8182,0.1494,0.0182,0.2062,146,19,0.2044,-0.0200,2.3602,4.7941,0.2245,0.5182,0.2044,2,143,1,19
00-0034796,L.Jackson,BAL,2024,9,285,0.3776,5.2350,8.2276,0.1341,0.0912,0.2525,257,28,0.5140,-0.8739,2.2006,2.9701,1.3879,0.3386,0.5140,2,231,0,28
00-0036971,T.Lawrence,JAX,2024,9,278,0.0673,0.2558,9.0763,0.1446,0.0432,0.2585,250,28,0.1885,-1.0151,2.1585,2.0961,1.2036,0.2890,0.1885,5,238,0,28
00-0039150,B.Young,CAR,2024,9,95,-0.2628,-2.1931,7.8101,0.1392,0.0842,0.2407,82,13,-0.2023,-0.6447,2.4112,3.8798,0.4424,0.5726,-0.2023,4,74,1,13
00-0033873,P.Mahomes,KC,2024,9,300,0.1128,3.9575,5.9508,0.0682,0.0667,0.2312,258,42,0.2410,-0.6747,2.3443,2.6578,0.9157,0.2690,0.2410,8,238,1,42
00-0039732,B.Nix,DEN,2024,9,278,-0.1636,-4.3273,7.9668,0.1577,0.0863,0.2494,248,30,-0.0373,-1.2076,1.8046,1.6340,1.1704,0.2485,-0.0373,3,224,1,30
00-0026158,J.Flacco,IND,2024,9,140,0.0606,-0.8905,8.3206,0.1069,0.0214,0.2095,122,18,0.2644,-1.3210,1.7749,2.7335,1.5855,0.4079,0.2644,0,119,2,18
00-0039163,C.Stroud,HOU,2024,9,321,0.0480,-0.1761,8.0517,0.1181,0.0654,0.2828,259,62,0.2770,-0.9085,2.0094,2.4685,1.1854,0.2181,0.2770,3,238,0,62
00-0039918,C.Williams,CHI,2024,9,284,-0.0841,-1.2520,8.7542,0.1653,0.0634,0.3138,241,43,0.1138,-1.1932,1.7837,1.9409,1.3070,0.2292,0.1138,4,223,1,43
00-0029604,K.Cousins,ATL,2024,9,295,0.1803,5.0294,6.9674,0.0761,0.0068,0.2210,246,49,0.3977,-0.9115,2.3380,3.9754,1.3093,0.3011,0.3977,2,244,3,49
00-0034771,M.Rudolph,TEN,2024,9,120,-0.0330,-0.7138,7.8807,0.1009,0.0500,0.1848,99,21,0.1962,-1.1135,2.3519,2.3814,1.3097,0.3703,0.1962,2,93,1,21
00-0039164,A.Richardson,IND,2024,9,141,-0.1787,-16.2716,13.2314,0.2479,0.0780,0.2314,120,21,-0.0967,-0.6472,3.1313,3.4985,0.5505,0.4390,-0.0967,7,109,0,21
00-0036212,T.Tagovailoa,MIA,2024,9,139,0.2069,4.2144,5.7656,0.1016,0.0360,0.2316,127,12,0.3261,-1.0546,2.1452,6.1292,1.3808,0.7264,0.3261,2,122,1,12
00-0033119,J.Brissett,NE,2024,9,171,-0.1215,-1.3370,6.7823,0.0748,0.0468,0.2337,131,40,0.1109,-0.8826,1.1934,2.5399,0.9935,0.2695,0.1109,0,123,1,40
00-0039152,W.Levis,TEN,2024,9,138,-0.2990,2.8669,8.0776,0.1121,0.0797,0.2395,113,25,-0.0215,-1.5534,2.2442,5.6251,1.5318,0.4948,-0.0215,3,102,3,25
00-0035289,G.Minshew,LV,2024,9,224,-0.1830,0.8384,6.8299,0.1082,0.0357,0.2781,180,44,0.1150,-1.4019,2.6693,4.1017,1.5169,0.3287,0.1150,4,172,2,44
00-0033537,D.Watson,CLE,2024,9,244,-0.2148,-2.2795,7.4670,0.0914,0.0656,0.2797,181,63,0.0443,-0.9592,1.2019,2.0454,1.0035,0.1978,0.0443,2,165,0,63
00-0034869,S.Darnold,MIN,2024,9,247,0.0889,9.6738,8.9431,0.1374,0.0486,0.3051,210,37,0.3091,-1.1608,2.8686,3.9715,1.4699,0.3478,0.3091,7,198,0,37
00-0034855,B.Mayfield,TB,2024,9,308,0.1241,1.7888,6.1082,0.0746,0.0682,0.3073,284,24,0.2274,-1.0982,2.1831,1.5552,1.3256,0.2692,0.2274,9,263,0,24
00-0029263,R.Wilson,PIT,2024,9,60,0.2310,4.3990,8.7091,0.1273,0.0167,0.2000,48,12,0.4668,-0.7124,2.5290,0.9698,1.1792,0.3654,0.4668,0,47,0,12
00-0034857,J.Allen,BUF,2024,9,278,0.3027,2.6342,7.8107,0.1276,0.0827,0.2304,248,30,0.4206,-0.6718,2.1844,4.3678,1.0923,0.3929,0.4206,2,225,0,30
00-0039851,D.Maye,NE,2024,9,118,-0.0982,0.3048,7.1075,0.1075,0.1271,0.2492,102,16,0.0490,-1.0365,2.4547,4.8624,1.0856,0.5727,0.0490,4,87,0,16
00-0031503,J.Winston,CLE,2024,9,78,-0.0691,-3.2945,9.6324,0.1029,0.0256,0.2367,65,13,0.1328,-1.0781,2.4897,1.3418,1.2109,0.3762,0.1328,2,63,0,13
00-0030565,G.Smith,SEA,2024,9,327,0.0049,2.7753,7.2034,0.1241,0.0367,0.2721,278,49,0.1917,-1.0548,2.2781,5.6301,1.2465,0.3508,0.1917,5,266,4,49
00-0026498,M.Stafford,LA,2024,9,290,0.0067,-1.2575,7.7363,0.0989,0.0000,0.2189,240,50,0.1937,-0.8909,1.7063,3.1418,1.0846,0.2645,0.1937,3,240,3,50
00-0035228,K.Murray,ARI,2024,9,268,0.1215,1.2562,7.6170,0.1191,0.0709,0.2789,245,23,0.2287,-1.0201,1.9958,2.4719,1.2488,0.3400,0.2287,3,226,0,23
00-0023459,A.Rodgers,NYJ,2024,9,328,0.0393,-2.0354,7.0803,0.1271,0.0213,0.2345,272,56,0.1439,-0.4690,2.2648,2.5423,0.6130,0.2318,0.1439,7,265,0,56
00-0036945,J.Fields,PIT,2024,9,186,0.0617,2.6744,7.6144,0.1373,0.0914,0.2552,154,32,0.2320,-0.7578,2.0496,3.0516,0.9898,0.3297,0.2320,1,137,0,32
00-0036389,J.Hurts,PHI,2024,9,238,0.1957,8.1878,8.0000,0.1194,0.0840,0.2782,207,31,0.4318,-1.3805,2.4300,2.9179,1.8123,0.3254,0.4318,3,187,1,31
00-0039376,S.Rattler,NO,2024,9,89,-0.3413,-10.0088,8.0000,0.1333,0.0562,0.2455,72,17,-0.1104,-1.3194,2.6713,2.7129,1.2090,0.4435,-0.1104,0,67,1,17
00-0027973,A.Dalton,CAR,2024,9,149,-0.0477,-0.2637,6.7101,0.0870,0.0336,0.2200,135,14,-0.0459,-0.0653,2.6381,3.3389,0.0195,0.5080,-0.0459,5,130,0,14
00-0036355,J.Herbert,LAC,2024,9,235,0.0488,2.1387,8.1505,0.1359,0.0383,0.2519,186,49,0.2956,-0.8883,2.1861,1.4890,1.1839,0.2053,0.2956,1,177,0,49
00-0039376,S.Rattler,NO,2024,10,89,-0.3413,-10.0088,8.0000,0.1333,0.0562,0.2455,72,17,-0.1104,-1.3194,2.6713,2.7129,1.2090,0.4435,-0.1104,0,67,1,17
00-0031280,D.Carr,NO,2024,10,192,0.1850,5.5440,7.8156,0.1453,0.0260,0.2031,172,20,0.1823,0.2082,2.3482,5.5832,-0.0259,0.5411,0.1823,2,167,1,20
00-0027973,A.Dalton,CAR,2024,10,149,-0.0477,-0.2637,6.7101,0.0870,0.0336,0.2200,135,14,-0.0459,-0.0653,2.6381,3.3389,0.0195,0.5080,-0.0459,5,130,0,14
00-0033873,P.Mahomes,KC,2024,10,349,0.1123,3.7276,5.8301,0.0686,0.0659,0.2404,298,51,0.2594,-0.7476,2.2952,2.3122,1.0071,0.2303,0.2594,8,275,1,51
00-0035993,T.Huntley,MIA,2024,10,74,-0.2615,-6.5830,9.2667,0.1333,0.0811,0.2448,63,11,-0.1064,-1.1499,1.3042,1.1100,1.0435,0.3487,-0.1064,1,57,0,11
00-0039152,W.Levis,TEN,2024,10,160,-0.2585,3.1428,8.0227,0.1136,0.0750,0.2667,129,31,0.0269,-1.4461,2.2621,4.5629,1.4730,0.4059,0.0269,3,117,3,31
00-0029604,K.Cousins,ATL,2024,10,336,0.1546,4.0690,7.4904,0.0860,0.0060,0.2239,278,58,0.3666,-0.8617,2.2064,3.9532,1.2283,0.2759,0.3666,2,276,4,58
00-0036442,J.Burrow,CIN,2024,10,378,0.2117,5.5680,7.0708,0.0855,0.0370,0.2496,320,58,0.3864,-0.7524,2.2720,2.7431,1.1388,0.2332,0.3864,2,306,1,58
00-0036389,J.Hurts,PHI,2024,10,265,0.1755,9.3399,8.2091,0.1273,0.0868,0.2980,228,37,0.4355,-1.4266,2.5506,3.4204,1.8621,0.3219,0.4355,4,205,1,37
00-0039150,B.Young,CAR,2024,10,123,-0.2434,-3.0766,7.5192,0.1154,0.0813,0.2375,106,17,-0.1324,-0.9360,2.1995,4.1555,0.8037,0.5150,-0.1324,4,96,1,17
00-0039851,D.Maye,NE,2024,10,145,-0.0819,1.3435,7.3966,0.1121,0.1241,0.2389,123,22,0.0805,-0.9901,2.4434,3.5537,1.0706,0.4259,0.0805,5,105,0,22
00-0039164,A.Richardson,IND,2024,10,141,-0.1787,-16.2716,13.2314,0.2479,0.0780,0.2314,120,21,-0.0967,-0.6472,3.1313,3.4985,0.5505,0.4390,-0.0967,7,109,0,21
00-0035228,K.Murray,ARI,2024,10,292,0.1766,2.7717,7.3566,0.1124,0.0651,0.2810,267,25,0.2782,-0.9085,1.9443,2.7095,1.1867,0.3401,0.2782,3,248,0,25
00-0037834,B.Purdy,SF,2024,10,306,0.2035,1.3583,9.1744,0.1008,0.1013,0.2521,264,42,0.3609,-0.7858,2.2265,2.9261,1.1467,0.2795,0.3609,4,233,2,42
00-0039918,C.Williams,CHI,2024,10,312,-0.1211,-2.4281,8.6353,0.1569,0.0641,0.3323,261,51,0.1013,-1.2592,1.7437,1.7216,1.3606,0.2011,0.1013,4,241,1,51
00-0034869,S.Darnold,MIN,2024,10,289,0.0766,8.2206,8.9759,0.1406,0.0519,0.3029,249,40,0.2982,-1.3027,2.7598,4.1551,1.6009,0.3391,0.2982,9,234,1,40
00-0033106,J.Goff,DET,2024,10,255,0.1534,5.4833,7.0474,0.0948,0.0235,0.2396,211,44,0.3735,-0.9020,2.5746,2.8912,1.2755,0.2791,0.3735,7,205,2,44
00-0039732,B.Nix,DEN,2024,10,311,-0.1239,-2.5177,7.9446,0.1550,0.0804,0.2523,276,35,0.0186,-1.2479,1.7831,1.4585,1.2665,0.2194,0.0186,3,251,1,35
00-0036355,J.Herbert,LAC,2024,10,258,0.0790,2.6792,8.0045,0.1339,0.0543,0.2473,207,51,0.3068,-0.8459,2.1537,1.4777,1.1527,0.1984,0.3068,1,193,0,51
00-0034796,L.Jackson,BAL,2024,10,321,0.4015,6.0978,8.1147,0.1326,0.0903,0.2494,292,29,0.5272,-0.8641,2.2362,2.8668,1.3913,0.3264,0.5272,2,263,0,29
00-0036264,J.Love,GB,2024,10,220,-0.0051,-2.1974,8.7837,0.1538,0.0182,0.1945,194,26,0.2177,-1.6677,2.8051,4.6014,1.8855,0.4375,0.2177,6,190,4,26
00-0036945,J.Fields,PIT,2024,10,186,0.0617,2.6744,7.6144,0.1373,0.0914,0.2552,154,32,0.2320,-0.7578,2.0496,3.0516,0.9898,0.3297,0.2320,1,137,0,32
00-0035289,G.Minshew,LV,2024,10,224,-0.1830,0.8384,6.8299,0.1082,0.0357,0.2781,180,44,0.1150,-1.4019,2.6693,4.1017,1.5169,0.3287,0.1150,4,172,2,44
00-0029263,R.Wilson,PIT,2024,10,92,0.2433,2.1246,9.9518,0.1807,0.0217,0.2185,74,18,0.5176,-0.8840,2.5114,0.7320,1.4016,0.2731,0.5176,1,72,0,18
00-0033077,D.Prescott,DAL,2024,10,269,-0.0089,0.2601,7.8765,0.1152,0.0223,0.2620,226,43,0.1537,-0.8639,2.2800,1.9845,1.0176,0.2372,0.1537,5,220,1,43
00-0030565,G.Smith,SEA,2024,10,327,0.0049,2.7753,7.2034,0.1241,0.0367,0.2721,278,49,0.1917,-1.0548,2.2781,5.6301,1.2465,0.3508,0.1917,5,266,4,49
00-0033537,D.Watson,CLE,2024,10,244,-0.2148,-2.2795,7.4670,0.0914,0.0656,0.2797,181,63,0.0443,-0.9592,1.2019,2.0454,1.0035,0.1978,0.0443,2,165,0,63
00-0026498,M.Stafford,LA,2024,10,329,-0.0217,-0.5750,7.6851,0.0942,0.0000,0.2345,272,57,0.1640,-0.9079,1.6530,3.0311,1.0719,0.2434,0.1640,4,272,3,57
00-0034771,M.Rudolph,TEN,2024,10,120,-0.0330,-0.7138,7.8807,0.1009,0.0500,0.1848,99,21,0.1962,-1.1135,2.3519,2.3814,1.3097,0.3703,0.1962,2,93,1,21
00-0026158,J.Flacco,IND,2024,10,169,-0.0585,-0.9066,8.2484,0.1019,0.0178,0.2348,147,22,0.1749,-1.6186,2.4659,3.4592,1.7936,0.4171,0.1749,3,144,2,22
00-0033119,J.Brissett,NE,2024,10,171,-0.1215,-1.3370,6.7823,0.0748,0.0468,0.2337,131,40,0.1109,-0.8826,1.1934,2.5399,0.9935,0.2695,0.1109,0,123,1,40
00-0039910,J.Daniels,WAS,2024,10,302,0.2524,3.6886,8.0163,0.1143,0.1258,0.2758,266,36,0.3810,-0.6974,2.0715,2.7456,1.0783,0.2899,0.3810,2,228,0,36
00-0023459,A.Rodgers,NYJ,2024,10,351,0.0075,-2.0675,6.9467,0.1223,0.0199,0.2435,290,61,0.1279,-0.5649,2.1835,2.5963,0.6928,0.2238,0.1279,7,283,0,61
00-0036212,T.Tagovailoa,MIA,2024,10,168,0.1626,2.5274,5.7013,0.0909,0.0298,0.2531,152,16,0.2938,-1.0836,2.2860,6.8753,1.3774,0.6669,0.2938,3,147,1,16
00-0034855,B.Mayfield,TB,2024,10,340,0.1073,0.7736,6.0404,0.0741,0.0647,0.3163,314,26,0.2103,-1.1368,2.0795,1.4525,1.3471,0.2500,0.2103,9,292,0,26
00-0031503,J.Winston,CLE,2024,10,78,-0.0691,-3.2945,9.6324,0.1029,0.0256,0.2367,65,13,0.1328,-1.0781,2.4897,1.3418,1.2109,0.3762,0.1328,2,63,0,13
00-0035710,D.Jones,NYG,2024,10,357,-0.0778,1.5331,7.3762,0.1029,0.0420,0.2594,294,63,0.0786,-0.8075,1.6512,3.5304,0.8861,0.2483,0.0786,5,279,1,63
00-0039163,C.Stroud,HOU,2024,10,359,0.0260,-1.1246,8.0592,0.1086,0.0613,0.2892,290,69,0.2467,-0.9014,2.2223,2.3830,1.1481,0.2054,0.2467,5,268,0,69
00-0036971,T.Lawrence,JAX,2024,10,278,0.0673,0.2558,9.0763,0.1446,0.0432,0.2585,250,28,0.1885,-1.0151,2.1585,2.0961,1.2036,0.2890,0.1885,5,238,0,28
00-0034857,J.Allen,BUF,2024,10,317,0.2448,0.8651,7.7230,0.1295,0.0789,0.2376,283,34,0.3622,-0.7327,2.4101,3.8915,1.0949,0.3507,0.3622,4,258,0,34
00-0039164,A.Richardson,IND,2024,11,174,-0.0948,-11.6919,12.6887,0.2384,0.0632,0.2364,148,26,0.0296,-0.8030,2.9934,4.4673,0.8326,0.4382,0.0296,7,137,0,26
00-0026158,J.Flacco,IND,2024,11,169,-0.0585,-0.9066,8.2484,0.1019,0.0178,0.2348,147,22,0.1749,-1.6186,2.4659,3.4592,1.7936,0.4171,0.1749,3,144,2,22
00-0030565,G.Smith,SEA,2024,11,365,0.0159,4.0791,7.3696,0.1242,0.0384,0.2826,310,55,0.2033,-1.0403,2.2110,5.1530,1.2436,0.3175,0.2033,6,296,4,55
00-0033106,J.Goff,DET,2024,11,284,0.2413,6.4568,7.0155,0.0930,0.0317,0.2350,238,46,0.4513,-0.8453,2.5464,3.0534,1.2965,0.2776,0.4513,7,229,2,46
00-0034857,J.Allen,BUF,2024,11,362,0.2424,1.2877,7.6321,0.1384,0.0829,0.2270,324,38,0.3287,-0.4934,2.3843,4.1664,0.8221,0.3421,0.3287,5,294,0,38
00-0039163,C.Stroud,HOU,2024,11,392,0.0399,-1.2978,7.7515,0.1018,0.0612,0.2922,322,70,0.2478,-0.9163,2.1871,2.3640,1.1641,0.2014,0.2478,6,298,0,70
00-0029263,R.Wilson,PIT,2024,11,133,0.0753,1.9912,8.7815,0.1513,0.0226,0.2395,108,25,0.3221,-0.9907,2.4968,0.6722,1.3127,0.2236,0.3221,2,105,0,25
00-0036389,J.Hurts,PHI,2024,11,299,0.1689,8.6462,8.0242,0.1169,0.0903,0.3000,258,41,0.4157,-1.3840,2.4520,3.1876,1.7997,0.2954,0.4157,4,231,1,41
00-0034869,S.Darnold,MIN,2024,11,323,0.1046,7.6368,9.0860,0.1434,0.0557,0.3009,280,43,0.3112,-1.2403,2.6327,4.0920,1.5515,0.3234,0.3112,9,262,1,43
00-0036355,J.Herbert,LAC,2024,11,299,0.0751,0.7553,8.7104,0.1467,0.0602,0.2496,243,56,0.2827,-0.8258,2.2047,1.5228,1.1086,0.1904,0.2827,1,225,0,56
00-0036264,J.Love,GB,2024,11,240,0.0443,-1.0495,8.7511,0.1511,0.0250,0.2000,211,29,0.2294,-1.3029,2.8602,5.8996,1.5323,0.4658,0.2294,7,205,4,29
00-0035289,G.Minshew,LV,2024,11,259,-0.1335,0.4801,6.5446,0.0982,0.0386,0.2875,211,48,0.1604,-1.4253,2.5032,3.7619,1.5857,0.3004,0.1604,4,201,2,48
00-0039851,D.Maye,NE,2024,11,190,0.0055,3.2278,7.1484,0.0968,0.1105,0.2525,163,27,0.1568,-0.9083,2.0988,4.3524,1.0651,0.4172,0.1568,6,142,0,27
00-0026498,M.Stafford,LA,2024,11,356,0.0249,0.2985,7.9284,0.1045,0.0000,0.2267,295,61,0.2223,-0.9300,1.7687,2.8537,1.1523,0.2297,0.2223,4,295,3,61
00-0031503,J.Winston,CLE,2024,11,119,0.0558,-2.6846,10.1942,0.1456,0.0252,0.2606,103,16,0.2444,-1.1583,2.4606,1.1310,1.4027,0.3075,0.2444,2,100,0,16
00-0039732,B.Nix,DEN,2024,11,343,-0.0560,-1.0356,7.5880,0.1429,0.0758,0.2522,305,38,0.0917,-1.2412,1.8950,1.3897,1.3329,0.2068,0.0917,3,279,1,38
00-0031280,D.Carr,NO,2024,11,219,0.1905,5.7014,7.5659,0.1415,0.0228,0.2088,196,23,0.2015,0.0960,2.4316,5.1805,0.1055,0.4875,0.2015,2,191,1,23
00-0039376,S.Rattler,NO,2024,11,89,-0.3413,-10.0088,8.0000,0.1333,0.0562,0.2455,72,17,-0.1104,-1.3194,2.6713,2.7129,1.2090,0.4435,-0.1104,0,67,1,17
00-0039910,J.Daniels,WAS,2024,11,329,0.2141,2.4493,7.7180,0.1090,0.1246,0.2891,290,39,0.3451,-0.7596,2.0649,2.5968,1.1047,0.2715,0.3451,3,249,0,39
00-0036972,M.Jones,JAX,2024,11,51,-0.3163,-0.1407,9.4667,0.1111,0.0588,0.2170,47,4,-0.2222,-1.4222,1.5773,0.5393,1.2000,0.4103,-0.2222,2,44,1,4
00-0033077,D.Prescott,DAL,2024,11,269,-0.0089,0.2601,7.8765,0.1152,0.0223,0.2620,226,43,0.1537,-0.8639,2.2800,1.9845,1.0176,0.2372,0.1537,5,220,1,43
00-0029604,K.Cousins,ATL,2024,11,362,0.1310,3.6035,7.5266,0.0888,0.0055,0.2311,301,61,0.3376,-0.8889,2.2523,3.7908,1.2266,0.2639,0.3376,3,299,4,61
00-0033662,C.Rush,DAL,2024,11,72,-0.3730,-13.7482,6.1912,0.1176,0.0139,0.2170,67,5,-0.1543,-3.3040,1.6516,13.3365,3.1497,1.6407,-0.1543,1,66,0,5
00-0033537,D.Watson,CLE,2024,11,244,-0.2148,-2.2795,7.4670,0.0914,0.0656,0.2797,181,63,0.0443,-0.9592,1.2019,2.0454,1.0035,0.1978,0.0443,2,165,0,63
00-0036212,T.Tagovailoa,MIA,2024,11,204,0.2492,3.9120,5.6170,0.0798,0.0245,0.2676,186,18,0.3821,-1.1231,2.3206,6.0799,1.5052,0.5918,0.3821,3,181,1,18
00-0034855,B.Mayfield,TB,2024,11,340,0.1073,0.7736,6.0404,0.0741,0.0647,0.3163,314,26,0.2103,-1.1368,2.0795,1.4525,1.3471,0.2500,0.2103,9,292,0,26
00-0033873,P.Mahomes,KC,2024,11,380,0.1205,4.4997,5.8746,0.0716,0.0605,0.2410,323,57,0.2826,-0.7980,2.1866,2.2917,1.0806,0.2167,0.2826,8,300,2,57
00-0039918,C.Williams,CHI,2024,11,352,-0.0845,-1.3611,8.4406,0.1538,0.0710,0.3323,295,57,0.1357,-1.2241,1.6837,1.6054,1.3598,0.1840,0.1357,4,270,1,57
00-0027973,A.Dalton,CAR,2024,11,149,-0.0477,-0.2637,6.7101,0.0870,0.0336,0.2200,135,14,-0.0459,-0.0653,2.6381,3.3389,0.0195,0.5080,-0.0459,5,130,0,14
00-0039150,B.Young,CAR,2024,11,123,-0.2434,-3.0766,7.5192,0.1154,0.0813,0.2375,106,17,-0.1324,-0.9360,2.1995,4.1555,0.8037,0.5150,-0.1324,4,96,1,17
00-0034796,L.Jackson,BAL,2024,11,357,0.3430,4.3766,8.2308,0.1410,0.0812,0.2494,322,35,0.4624,-0.7560,2.2907,2.6086,1.2185,0.2857,0.4624,3,293,0,35
00-0035993,T.Huntley,MIA,2024,11,74,-0.2615,-6.5830,9.2667,0.1333,0.0811,0.2448,63,11,-0.1064,-1.1499,1.3042,1.1100,1.0435,0.3487,-0.1064,1,57,0,11
00-0036442,J.Burrow,CIN,2024,11,432,0.2053,4.4247,7.4330,0.0902,0.0370,0.2441,362,70,0.3757,-0.6760,2.3312,2.6596,1.0517,0.2108,0.3757,2,346,1,70
00-0033119,J.Brissett,NE,2024,11,171,-0.1215,-1.3370,6.7823,0.0748,0.0468,0.2337,131,40,0.1109,-0.8826,1.1934,2.5399,0.9935,0.2695,0.1109,0,123,1,40
00-0035710,D.Jones,NYG,2024,11,357,-0.0778,1.5331,7.3762,0.1029,0.0420,0.2594,294,63,0.0786,-0.8075,1.6512,3.5304,0.8861,0.2483,0.0786,5,279,1,63
00-0036971,T.Lawrence,JAX,2024,11,278,0.0673,0.2558,9.0763,0.1446,0.0432,0.2585,250,28,0.1885,-1.0151,2.1585,2.0961,1.2036,0.2890,0.1885,5,238,0,28
00-0039152,W.Levis,TEN,2024,11,195,-0.1772,1.9307,8.3125,0.1313,0.0718,0.2820,156,39,0.1119,-1.3336,2.5408,4.1810,1.4455,0.3514,0.1119,3,142,3,39
00-0035228,K.Murray,ARI,2024,11,292,0.1766,2.7717,7.3566,0.1124,0.0651,0.2810,267,25,0.2782,-0.9085,1.9443,2.7095,1.1867,0.3401,0.2782,3,248,0,25
00-0023459,A.Rodgers,NYJ,2024,11,384,0.0048,-1.5901,6.7241,0.1149,0.0208,0.2515,318,66,0.1280,-0.5890,2.1610,2.4778,0.7170,0.2106,0.1280,7,310,0,66
00-0036945,J.Fields,PIT,2024,11,186,0.0617,2.6744,7.6144,0.1373,0.0914,0.2552,154,32,0.2320,-0.7578,2.0496,3.0516,0.9898,0.3297,0.2320,1,137,0,32
00-0037834,B.Purdy,SF,2024,11,341,0.1984,1.4210,8.8112,0.0909,0.1056,0.2569,295,46,0.3509,-0.7790,2.1921,2.6812,1.1298,0.2564,0.3509,5,259,2,46
00-0034771,M.Rudolph,TEN,2024,11,120,-0.0330,-0.7138,7.8807,0.1009,0.0500,0.1848,99,21,0.1962,-1.1135,2.3519,2.3814,1.3097,0.3703,0.1962,2,93,1,21
00-0026498,M.Stafford,LA,2024,12,383,0.0249,0.3145,7.7171,0.0980,0.0026,0.2382,315,68,0.2315,-0.9321,1.7415,2.5796,1.1636,0.2085,0.2315,4,314,3,68
00-0036972,M.Jones,JAX,2024,12,51,-0.3163,-0.1407,9.4667,0.1111,0.0588,0.2170,47,4,-0.2222,-1.4222,1.5773,0.5393,1.2000,0.4103,-0.2222,2,44,1,4
00-0033873,P.Mahomes,KC,2024,12,427,0.1382,4.8334,5.9032,0.0726,0.0656,0.2574,363,64,0.3011,-0.7859,2.1045,2.1113,1.0870,0.1969,0.3011,8,335,2,64
00-0039164,A.Richardson,IND,2024,12,194,-0.0789,-12.3477,12.7412,0.2353,0.0619,0.2247,164,30,0.0564,-0.8181,2.8868,3.8666,0.8745,0.3827,0.0564,7,152,0,30
00-0036264,J.Love,GB,2024,12,260,0.0488,-1.7345,9.1148,0.1639,0.0231,0.2051,229,31,0.2299,-1.2884,2.7596,5.5444,1.5182,0.4369,0.2299,7,223,4,31
00-0034771,M.Rudolph,TEN,2024,12,120,-0.0330,-0.7138,7.8807,0.1009,0.0500,0.1848,99,21,0.1962,-1.1135,2.3519,2.3814,1.3097,0.3703,0.1962,2,93,1,21
00-0033662,C.Rush,DAL,2024,12,105,-0.1662,-8.0806,6.1400,0.1100,0.0190,0.2125,99,6,-0.0291,-2.4278,1.5792,15.2758,2.3987,1.6006,-0.0291,1,97,0,6
00-0034796,L.Jackson,BAL,2024,12,381,0.3427,4.7840,8.3802,0.1497,0.0761,0.2522,344,37,0.4617,-0.7633,2.3028,2.4657,1.2249,0.2708,0.4617,3,315,0,37
00-0033106,J.Goff,DET,2024,12,315,0.2495,6.4924,6.8351,0.0877,0.0317,0.2450,264,51,0.4629,-0.8548,2.3813,2.9029,1.3177,0.2568,0.4629,7,254,2,51
00-0035289,G.Minshew,LV,2024,12,304,-0.1570,-0.4167,6.3057,0.0906,0.0362,0.2909,250,54,0.1220,-1.4487,2.2842,3.8476,1.5707,0.2835,0.1220,4,239,3,54
00-0036971,T.Lawrence,JAX,2024,12,278,0.0673,0.2558,9.0763,0.1446,0.0432,0.2585,250,28,0.1885,-1.0151,2.1585,2.0961,1.2036,0.2890,0.1885,5,238,0,28
00-0039150,B.Young,CAR,2024,12,163,-0.1387,-1.4451,7.7122,0.1151,0.0798,0.2389,140,23,-0.0362,-0.7626,2.0050,3.6630,0.7264,0.4166,-0.0362,4,127,1,23
00-0036945,J.Fields,PIT,2024,12,187,0.0554,2.4304,7.7922,0.1429,0.0909,0.2552,155,32,0.2233,-0.7578,2.0481,3.0516,0.9811,0.3295,0.2233,1,138,0,32
00-0029263,R.Wilson,PIT,2024,12,167,0.1128,6.4151,9.2109,0.1701,0.0240,0.2494,131,36,0.3827,-0.8693,2.4436,1.8113,1.2520,0.2626,0.3827,2,127,0,36
00-0034855,B.Mayfield,TB,2024,12,372,0.1572,1.8724,6.1254,0.0765,0.0645,0.3091,344,28,0.2511,-0.9960,2.0295,1.7952,1.2470,0.2646,0.2511,9,320,0,28
00-0036355,J.Herbert,LAC,2024,12,332,0.0733,0.4847,8.6993,0.1434,0.0633,0.2556,270,62,0.2729,-0.7955,2.1132,1.5296,1.0684,0.1803,0.2729,1,249,0,62
00-0030565,G.Smith,SEA,2024,12,402,0.0188,4.4731,7.2521,0.1218,0.0373,0.2970,340,62,0.2176,-1.0718,2.2329,4.9058,1.2894,0.2927,0.2176,7,325,4,62
00-0031280,D.Carr,NO,2024,12,219,0.1905,5.7014,7.5659,0.1415,0.0228,0.2088,196,23,0.2015,0.0960,2.4316,5.1805,0.1055,0.4875,0.2015,2,191,1,23
00-0036212,T.Tagovailoa,MIA,2024,12,238,0.2836,4.7089,5.7919,0.0814,0.0210,0.2743,219,19,0.4088,-1.1596,2.2300,5.7674,1.5684,0.5601,0.4088,3,214,1,19
00-0039163,C.Stroud,HOU,2024,12,432,0.0244,-1.5986,7.8474,0.1035,0.0625,0.2993,356,76,0.2333,-0.9541,2.2379,2.2012,1.1874,0.1877,0.2333,8,329,0,76
00-0039851,D.Maye,NE,2024,12,217,-0.0028,2.6671,7.1543,0.0914,0.1152,0.2667,186,31,0.1619,-0.9913,1.9442,4.9927,1.1532,0.4141,0.1619,6,161,0,31
00-0033077,D.Prescott,DAL,2024,12,269,-0.0089,0.2601,7.8765,0.1152,0.0223,0.2620,226,43,0.1537,-0.8639,2.2800,1.9845,1.0176,0.2372,0.1537,5,220,1,43
00-0034857,J.Allen,BUF,2024,12,362,0.2424,1.2877,7.6321,0.1384,0.0829,0.2270,324,38,0.3287,-0.4934,2.3843,4.1664,0.8221,0.3421,0.3287,5,294,0,38
00-0037834,B.Purdy,SF,2024,12,341,0.1984,1.4210,8.8112,0.0909,0.1056,0.2569,295,46,0.3509,-0.7790,2.1921,2.6812,1.1298,0.2564,0.3509,5,259,2,46
00-0033537,D.Watson,CLE,2024,12,244,-0.2148,-2.2795,7.4670,0.0914,0.0656,0.2797,181,63,0.0443,-0.9592,1.2019,2.0454,1.0035,0.1978,0.0443,2,165,0,63
00-0039910,J.Daniels,WAS,2024,12,366,0.1447,2.4979,7.7282,0.1107,0.1148,0.2991,319,47,0.2823,-0.7893,2.1790,2.1756,1.0716,0.2305,0.2823,4,277,0,47
00-0036442,J.Burrow,CIN,2024,12,432,0.2053,4.4247,7.4330,0.0902,0.0370,0.2441,362,70,0.3757,-0.6760,2.3312,2.6596,1.0517,0.2108,0.3757,2,346,1,70
00-0039918,C.Williams,CHI,2024,12,399,-0.0719,-1.0222,8.1292,0.1508,0.0727,0.3371,337,62,0.1395,-1.2209,1.7131,1.4897,1.3604,0.1706,0.1395,4,308,1,62
00-0039732,B.Nix,DEN,2024,12,386,-0.0258,-1.7797,7.5088,0.1433,0.0699,0.2547,346,40,0.1078,-1.1821,1.8676,1.5747,1.2899,0.2116,0.1078,3,319,1,40
00-0023459,A.Rodgers,NYJ,2024,12,384,0.0048,-1.5901,6.7241,0.1149,0.0208,0.2515,318,66,0.1280,-0.5890,2.1610,2.4778,0.7170,0.2106,0.1280,7,310,0,66
00-0035228,K.Murray,ARI,2024,12,328,0.1350,2.8602,7.3368,0.1111,0.0610,0.3022,297,31,0.2506,-0.9726,2.1093,2.2373,1.2231,0.2816,0.2506,4,277,0,31
00-0033119,J.Brissett,NE,2024,12,171,-0.1215,-1.3370,6.7823,0.0748,0.0468,0.2337,131,40,0.1109,-0.8826,1.1934,2.5399,0.9935,0.2695,0.1109,0,123,1,40
00-0035993,T.Huntley,MIA,2024,12,74,-0.2615,-6.5830,9.2667,0.1333,0.0811,0.2448,63,11,-0.1064,-1.1499,1.3042,1.1100,1.0435,0.3487,-0.1064,1,57,0,11
00-0039376,S.Rattler,NO,2024,12,89,-0.3413,-10.0088,8.0000,0.1333,0.0562,0.2455,72,17,-0.1104,-1.3194,2.6713,2.7129,1.2090,0.4435,-0.1104,0,67,1,17
00-0039152,W.Levis,TEN,2024,12,229,-0.1501,2.3383,8.2446,0.1304,0.0699,0.3094,181,48,0.1378,-1.2358,3.1493,3.6135,1.3736,0.3044,0.1378,4,165,3,48
00-0027973,A.Dalton,CAR,2024,12,149,-0.0477,-0.2637,6.7101,0.0870,0.0336,0.2200,135,14,-0.0459,-0.0653,2.6381,3.3389,0.0195,0.5080,-0.0459,5,130,0,14
00-0029604,K.Cousins,ATL,2024,12,362,0.1310,3.6035,7.5266,0.0888,0.0055,0.2311,301,61,0.3376,-0.8889,2.2523,3.7908,1.2266,0.2639,0.3376,3,299,4,61
00-0034869,S.Darnold,MIN,2024,12,356,0.1304,7.4783,9.0388,0.1359,0.0506,0.2983,305,51,0.3370,-1.1051,2.6253,3.7705,1.4420,0.2873,0.3370,9,287,1,51
00-0026158,J.Flacco,IND,2024,12,169,-0.0585,-0.9066,8.2484,0.1019,0.0178,0.2348,147,22,0.1749,-1.6186,2.4659,3.4592,1.7936,0.4171,0.1749,3,144,2,22
00-0031503,J.Winston,CLE,2024,12,150,0.0306,-1.6096,9.9077,0.1308,0.0267,0.2493,128,22,0.1690,-0.7745,2.4702,2.8194,0.9435,0.3840,0.1690,3,124,0,22
00-0035710,D.Jones,NYG,2024,12,357,-0.0778,1.5331,7.3762,0.1029,0.0420,0.2594,294,63,0.0786,-0.8075,1.6512,3.5304,0.8861,0.2483,0.0786,5,279,1,63
00-0036389,J.Hurts,PHI,2024,12,322,0.1919,8.8548,7.9101,0.1086,0.0932,0.3038,280,42,0.4318,-1.4071,2.3953,3.1322,1.8388,0.2883,0.4318,4,250,1,42
00-0039150,B.Young,CAR,2024,13,213,-0.0749,-0.3865,8.1784,0.1135,0.0751,0.2167,179,34,0.0251,-0.6013,1.9078,2.8853,0.6263,0.3091,0.0251,4,163,1,34
00-0030565,G.Smith,SEA,2024,13,437,0.0148,4.3692,7.1510,0.1276,0.0366,0.2993,369,68,0.2304,-1.1552,2.2192,4.7510,1.3856,0.2755,0.2304,7,353,4,68
00-0027973,A.Dalton,CAR,2024,13,149,-0.0477,-0.2637,6.7101,0.0870,0.0336,0.2200,135,14,-0.0459,-0.0653,2.6381,3.3389,0.0195,0.5080,-0.0459,5,130,0,14
00-0033119,J.Brissett,NE,2024,13,171,-0.1215,-1.3370,6.7823,0.0748,0.0468,0.2337,131,40,0.1109,-0.8826,1.1934,2.5399,0.9935,0.2695,0.1109,0,123,1,40
00-0029263,R.Wilson,PIT,2024,13,205,0.1761,7.5533,8.3989,0.1530,0.0244,0.2367,161,44,0.3665,-0.5208,2.6822,2.5842,0.8874,0.2746,0.3665,3,156,0,44
00-0039732,B.Nix,DEN,2024,13,422,-0.0156,-2.0096,7.8780,0.1485,0.0664,0.2495,380,42,0.0964,-1.0286,1.8395,4.0091,1.1250,0.3167,0.0964,4,352,2,42
00-0034857,J.Allen,BUF,2024,13,378,0.2480,1.6191,7.5419,0.1377,0.0794,0.2244,339,39,0.3341,-0.5005,2.3778,4.0587,0.8346,0.3333,0.3341,5,309,0,39
00-0037834,B.Purdy,SF,2024,13,359,0.1847,1.1116,8.6844,0.0897,0.1058,0.2615,312,47,0.3343,-0.8085,2.1787,2.6638,1.1428,0.2523,0.3343,5,274,2,47
00-0031280,D.Carr,NO,2024,13,259,0.1579,4.4734,7.4628,0.1364,0.0270,0.2000,233,26,0.1767,-0.0110,2.2708,5.0483,0.1877,0.4516,0.1767,2,226,1,26
00-0039851,D.Maye,NE,2024,13,257,0.0425,3.8452,7.0732,0.0780,0.1167,0.2894,222,35,0.2102,-1.0213,1.9654,4.4412,1.2315,0.3684,0.2102,7,192,0,35
00-0034869,S.Darnold,MIN,2024,13,395,0.1098,6.9516,8.8412,0.1353,0.0532,0.3069,336,59,0.3176,-1.0731,2.5913,3.6131,1.3907,0.2626,0.3176,9,315,1,59
00-0036442,J.Burrow,CIN,2024,13,466,0.1727,4.7054,7.2716,0.0841,0.0386,0.2497,387,79,0.3585,-0.7374,2.3227,3.4646,1.0959,0.2233,0.3585,3,369,1,79
00-0039163,C.Stroud,HOU,2024,13,468,0.0293,-1.4485,7.9198,0.1078,0.0620,0.3026,389,79,0.2324,-0.9712,2.1885,2.1376,1.2036,0.1808,0.2324,8,360,0,79
00-0036971,T.Lawrence,JAX,2024,13,289,0.0492,-0.4470,9.3822,0.1544,0.0450,0.2585,261,28,0.1634,-1.0151,2.1746,2.0961,1.1785,0.2884,0.1634,6,248,0,28
00-0033106,J.Goff,DET,2024,13,349,0.2361,5.5249,6.8522,0.0912,0.0287,0.2452,295,54,0.4344,-0.8469,2.3318,2.7470,1.2812,0.2424,0.4344,7,285,2,54
00-0036355,J.Herbert,LAC,2024,13,361,0.0531,0.5376,8.6019,0.1359,0.0582,0.2676,291,70,0.2546,-0.7847,2.0611,1.4698,1.0393,0.1676,0.2546,1,270,0,70
00-0034855,B.Mayfield,TB,2024,13,410,0.1230,1.4866,6.2111,0.0778,0.0610,0.3184,376,34,0.2341,-1.1064,2.0686,1.7893,1.3405,0.2411,0.2341,10,351,1,34
00-0036972,M.Jones,JAX,2024,13,77,-0.0978,-0.9964,9.3333,0.1304,0.0519,0.2082,71,6,-0.0104,-1.1326,1.7300,0.5250,1.1222,0.3345,-0.0104,2,67,1,6
00-0023459,A.Rodgers,NYJ,2024,13,426,-0.0261,-2.4649,6.8346,0.1214,0.0211,0.2514,354,72,0.0911,-0.6022,2.4148,2.4147,0.6933,0.2009,0.0911,8,345,0,72
00-0031503,J.Winston,CLE,2024,13,207,0.0020,-1.7297,9.4560,0.1154,0.0242,0.2465,175,32,0.1821,-0.9827,3.2684,5.2217,1.1648,0.4264,0.1821,5,170,1,32
00-0035228,K.Murray,ARI,2024,13,378,0.1245,2.7292,7.2861,0.1114,0.0661,0.3000,343,35,0.2304,-0.9139,1.9711,2.1158,1.1443,0.2573,0.2304,5,318,1,35
00-0035710,D.Jones,NYG,2024,13,357,-0.0778,1.5331,7.3762,0.1029,0.0420,0.2594,294,63,0.0786,-0.8075,1.6512,3.5304,0.8861,0.2483,0.0786,5,279,1,63
00-0039152,W.Levis,TEN,2024,13,255,-0.1109,1.3848,8.2933,0.1346,0.0627,0.3056,201,54,0.1457,-1.0658,3.0331,3.7097,1.2115,0.2895,0.1457,4,185,3,54
00-0036389,J.Hurts,PHI,2024,13,343,0.1756,8.1493,7.9301,0.1049,0.0875,0.3109,299,44,0.4075,-1.4003,2.3299,3.0131,1.8078,0.2762,0.4075,4,269,1,44
00-0033537,D.Watson,CLE,2024,13,244,-0.2148,-2.2795,7.4670,0.0914,0.0656,0.2797,181,63,0.0443,-0.9592,1.2019,2.0454,1.0035,0.1978,0.0443,2,165,0,63
00-0036264,J.Love,GB,2024,13,282,0.0829,-0.7797,8.9549,0.1579,0.0213,0.1976,248,34,0.2548,-1.1713,2.7014,5.3734,1.4261,0.4110,0.2548,7,242,4,34
00-0039376,S.Rattler,NO,2024,13,89,-0.3413,-10.0088,8.0000,0.1333,0.0562,0.2455,72,17,-0.1104,-1.3194,2.6713,2.7129,1.2090,0.4435,-0.1104,0,67,1,17
00-0026498,M.Stafford,LA,2024,13,409,0.0240,0.0532,7.7533,0.1024,0.0024,0.2388,335,74,0.2402,-0.9546,1.7830,2.4426,1.1949,0.1958,0.2402,4,334,3,74
00-0029604,K.Cousins,ATL,2024,13,402,0.0890,2.6506,7.5411,0.0875,0.0050,0.2299,337,65,0.2784,-0.8932,2.4865,3.5789,1.1716,0.2499,0.2784,7,335,4,65
00-0033662,C.Rush,DAL,2024,13,137,-0.1133,-8.8209,6.3282,0.1069,0.0219,0.2000,128,9,0.0082,-1.8425,1.6098,10.4803,1.8507,1.0849,0.0082,1,125,0,9
00-0026158,J.Flacco,IND,2024,13,169,-0.0585,-0.9066,8.2484,0.1019,0.0178,0.2348,147,22,0.1749,-1.6186,2.4659,3.4592,1.7936,0.4171,0.1749,3,144,2,22
00-0034771,M.Rudolph,TEN,2024,13,120,-0.0330,-0.7138,7.8807,0.1009,0.0500,0.1848,99,21,0.1962,-1.1135,2.3519,2.3814,1.3097,0.3703,0.1962,2,93,1,21
00-0035289,G.Minshew,LV,2024,13,304,-0.1570,-0.4167,6.3057,0.0906,0.0362,0.2909,250,54,0.1220,-1.4487,2.2842,3.8476,1.5707,0.2835,0.1220,4,239,3,54
00-0039910,J.Daniels,WAS,2024,13,396,0.1588,3.0346,7.4582,0.1022,0.1162,0.3027,348,48,0.2902,-0.7939,2.1331,2.1303,1.0842,0.2247,0.2902,5,302,0,48
00-0039164,A.Richardson,IND,2024,13,219,-0.0732,-11.1258,13.1959,0.2474,0.0594,0.2193,187,32,0.0399,-0.7340,2.8859,3.7976,0.7739,0.3662,0.0399,9,174,0,32
00-0036945,J.Fields,PIT,2024,13,187,0.0554,2.4304,7.7922,0.1429,0.0909,0.2552,155,32,0.2233,-0.7578,2.0481,3.0516,0.9811,0.3295,0.2233,1,138,0,32
00-0033873,P.Mahomes,KC,2024,13,478,0.1258,3.4355,6.1894,0.0791,0.0607,0.2634,402,76,0.2982,-0.7860,2.0293,2.0139,1.0842,0.1776,0.2982,8,373,2,76
00-0035993,T.Huntley,MIA,2024,13,74,-0.2615,-6.5830,9.2667,0.1333,0.0811,0.2448,63,11,-0.1064,-1.1499,1.3042,1.1100,1.0435,0.3487,-0.1064,1,57,0,11
00-0034796,L.Jackson,BAL,2024,13,418,0.3056,4.6790,8.6071,0.1593,0.0789,0.2620,376,42,0.4209,-0.7267,2.2334,2.6408,1.1476,0.2623,0.4209,3,343,0,42
00-0039918,C.Williams,CHI,2024,13,447,-0.0629,-1.7947,8.7218,0.1570,0.0738,0.3390,376,71,0.1509,-1.1950,1.7378,1.3489,1.3459,0.1537,0.1509,4,343,1,71
00-0038579,A.O'Connell,LV,2024,13,74,0.1152,-0.7316,7.2817,0.1408,0.0000,0.2040,67,7,0.1952,-0.6504,1.8823,2.5372,0.8457,0.6249,0.1952,0,67,0,7
00-0036212,T.Tagovailoa,MIA,2024,13,271,0.2857,4.9269,5.9560,0.0800,0.0221,0.2865,250,21,0.4073,-1.1624,2.0916,5.1926,1.5697,0.5056,0.4073,3,244,1,21
00-0033077,D.Prescott,DAL,2024,13,269,-0.0089,0.2601,7.8765,0.1152,0.0223,0.2620,226,43,0.1537,-0.8639,2.2800,1.9845,1.0176,0.2372,0.1537,5,220,1,43
00-0035289,G.Minshew,LV,2024,14,304,-0.1570,-0.4167,6.3057,0.0906,0.0362,0.2909,250,54,0.1220,-1.4487,2.2842,3.8476,1.5707,0.2835,0.1220,4,239,3,54
00-0038579,A.O'Connell,LV,2024,14,95,0.0156,-1.3437,7.7111,0.1556,0.0105,0.2074,85,10,0.1075,-0.7659,1.9447,1.8549,0.8735,0.4565,0.1075,1,84,0,10
00-0039376,S.Rattler,NO,2024,14,89,-0.3413,-10.0088,8.0000,0.1333,0.0562,0.2455,72,17,-0.1104,-1.3194,2.6713,2.7129,1.2090,0.4435,-0.1104,0,67,1,17
00-0035704,D.Lock,NYG,2024,14,84,-0.2620,-13.6930,7.0857,0.1286,0.0833,0.1941,62,22,-0.0343,-0.9036,2.7026,2.9798,0.8693,0.4231,-0.0343,2,55,0,22
00-0036355,J.Herbert,LAC,2024,14,396,0.0650,1.2433,8.7375,0.1386,0.0581,0.2698,319,77,0.2535,-0.7157,2.0631,1.6339,0.9692,0.1664,0.2535,1,296,0,77
00-0036389,J.Hurts,PHI,2024,14,371,0.1671,7.9237,7.8111,0.0977,0.0889,0.3237,323,48,0.4038,-1.4254,2.2854,2.7718,1.8292,0.2546,0.4038,4,290,1,48
00-0033537,D.Watson,CLE,2024,14,244,-0.2148,-2.2795,7.4670,0.0914,0.0656,0.2797,181,63,0.0443,-0.9592,1.2019,2.0454,1.0035,0.1978,0.0443,2,165,0,63
00-0039164,A.Richardson,IND,2024,14,219,-0.0732,-11.1258,13.1959,0.2474,0.0594,0.2193,187,32,0.0399,-0.7340,2.8859,3.7976,0.7739,0.3662,0.0399,9,174,0,32
00-0036971,T.Lawrence,JAX,2024,14,289,0.0492,-0.4470,9.3822,0.1544,0.0450,0.2585,261,28,0.1634,-1.0151,2.1746,2.0961,1.1785,0.2884,0.1634,6,248,0,28
00-0034857,J.Allen,BUF,2024,14,414,0.2775,0.9380,7.8060,0.1421,0.0821,0.2220,374,40,0.3604,-0.4969,2.4070,3.9552,0.8573,0.3245,0.3604,5,340,0,40
00-0029263,R.Wilson,PIT,2024,14,231,0.1566,6.3736,8.2367,0.1546,0.0303,0.2252,182,49,0.3140,-0.4280,2.5419,2.8251,0.7420,0.2676,0.3140,3,175,0,49
00-0031503,J.Winston,CLE,2024,14,238,-0.0598,-2.6310,9.4645,0.1280,0.0210,0.2495,201,37,0.1100,-0.9824,3.3675,4.5115,1.0924,0.3724,0.1100,7,196,1,37
00-0039150,B.Young,CAR,2024,14,254,-0.0444,-0.7116,8.6073,0.1279,0.0866,0.2065,212,42,0.0620,-0.5812,2.0010,2.7479,0.6431,0.2736,0.0620,5,190,1,42
00-0029604,K.Cousins,ATL,2024,14,431,0.0840,1.8268,7.5728,0.0963,0.0046,0.2305,363,68,0.2711,-0.9151,2.6158,3.4762,1.1862,0.2415,0.2711,9,361,4,68
00-0036212,T.Tagovailoa,MIA,2024,14,319,0.3080,4.6780,5.9831,0.0777,0.0219,0.2865,298,21,0.4116,-1.1624,1.9710,5.1926,1.5740,0.5039,0.4116,3,291,1,21
00-0027973,A.Dalton,CAR,2024,14,149,-0.0477,-0.2637,6.7101,0.0870,0.0336,0.2200,135,14,-0.0459,-0.0653,2.6381,3.3389,0.0195,0.5080,-0.0459,5,130,0,14
00-0039918,C.Williams,CHI,2024,14,472,-0.0790,-1.6320,8.5288,0.1518,0.0699,0.3488,395,77,0.1490,-1.2484,1.6955,1.6090,1.3974,0.1587,0.1490,4,362,1,77
00-0036945,J.Fields,PIT,2024,14,187,0.0554,2.4304,7.7922,0.1429,0.0909,0.2552,155,32,0.2233,-0.7578,2.0481,3.0516,0.9811,0.3295,0.2233,1,138,0,32
00-0039732,B.Nix,DEN,2024,14,422,-0.0156,-2.0096,7.8780,0.1485,0.0664,0.2495,380,42,0.0964,-1.0286,1.8395,4.0091,1.1250,0.3167,0.0964,4,352,2,42
00-0039910,J.Daniels,WAS,2024,14,396,0.1588,3.0346,7.4582,0.1022,0.1162,0.3027,348,48,0.2902,-0.7939,2.1331,2.1303,1.0842,0.2247,0.2902,5,302,0,48
00-0035993,T.Huntley,MIA,2024,14,74,-0.2615,-6.5830,9.2667,0.1333,0.0811,0.2448,63,11,-0.1064,-1.1499,1.3042,1.1100,1.0435,0.3487,-0.1064,1,57,0,11
00-0033662,C.Rush,DAL,2024,14,171,-0.1197,-10.0484,6.4907,0.0932,0.0234,0.2200,156,15,0.0137,-1.5070,1.6770,6.5064,1.5206,0.6667,0.0137,2,152,0,15
00-0034796,L.Jackson,BAL,2024,14,418,0.3056,4.6790,8.6071,0.1593,0.0789,0.2620,376,42,0.4209,-0.7267,2.2334,2.6408,1.1476,0.2623,0.4209,3,343,0,42
00-0033106,J.Goff,DET,2024,14,392,0.2423,5.5207,6.6964,0.0836,0.0281,0.2454,335,57,0.4170,-0.7847,2.2761,3.0577,1.2017,0.2458,0.4170,8,324,2,57
00-0023459,A.Rodgers,NYJ,2024,14,468,0.0079,-2.0216,6.8263,0.1174,0.0192,0.2564,390,78,0.1229,-0.5671,2.3354,2.6884,0.6899,0.2011,0.1229,8,381,0,78
00-0033873,P.Mahomes,KC,2024,14,520,0.1207,3.1581,6.2467,0.0793,0.0596,0.2575,432,88,0.3015,-0.7667,1.9385,1.9197,1.0682,0.1622,0.3015,8,401,2,88
00-0033077,D.Prescott,DAL,2024,14,269,-0.0089,0.2601,7.8765,0.1152,0.0223,0.2620,226,43,0.1537,-0.8639,2.2800,1.9845,1.0176,0.2372,0.1537,5,220,1,43
00-0026498,M.Stafford,LA,2024,14,439,0.0783,0.6318,7.8637,0.0998,0.0023,0.2338,362,77,0.2876,-0.9052,1.8251,2.4454,1.1928,0.1918,0.2876,4,361,3,77
00-0036972,M.Jones,JAX,2024,14,111,-0.0324,1.7244,8.0800,0.1200,0.0541,0.2000,99,12,0.0709,-0.8843,1.6132,0.6818,0.9552,0.2704,0.0709,3,93,2,12
00-0034869,S.Darnold,MIN,2024,14,428,0.1489,7.4309,8.9728,0.1390,0.0537,0.3113,362,66,0.3647,-1.0350,2.6362,3.5166,1.3997,0.2461,0.3647,9,339,1,66
00-0035228,K.Murray,ARI,2024,14,412,0.1100,1.8711,6.9725,0.1102,0.0655,0.2980,374,38,0.2144,-0.9181,2.0521,1.9559,1.1325,0.2387,0.2144,7,347,1,38
00-0039851,D.Maye,NE,2024,14,257,0.0425,3.8452,7.0732,0.0780,0.1167,0.2894,222,35,0.2102,-1.0213,1.9654,4.4412,1.2315,0.3684,0.2102,7,192,0,35
00-0037834,B.Purdy,SF,2024,14,383,0.2258,2.4420,8.7988,0.1022,0.1018,0.2611,333,50,0.3686,-0.7251,2.1962,2.7649,1.0937,0.2488,0.3686,5,294,2,50
00-0036264,J.Love,GB,2024,14,306,0.0878,-0.5584,9.0175,0.1538,0.0294,0.1911,265,41,0.2803,-1.1565,2.6890,4.9676,1.4368,0.3624,0.2803,7,256,4,41
00-0031280,D.Carr,NO,2024,14,292,0.1534,3.8722,7.8095,0.1429,0.0274,0.2027,263,29,0.1679,0.0216,2.1647,4.8652,0.1463,0.4195,0.1679,3,255,1,29
00-0036442,J.Burrow,CIN,2024,14,512,0.1778,5.0281,7.1848,0.0804,0.0352,0.2465,425,87,0.3598,-0.7111,2.3023,3.2436,1.0709,0.2066,0.3598,4,407,1,87
00-0034855,B.Mayfield,TB,2024,14,443,0.1054,1.0599,6.3592,0.0801,0.0609,0.3229,402,41,0.2419,-1.2320,2.0775,2.0735,1.4739,0.2361,0.2419,11,375,2,41
00-0035710,D.Jones,NYG,2024,14,357,-0.0778,1.5331,7.3762,0.1029,0.0420,0.2594,294,63,0.0786,-0.8075,1.6512,3.5304,0.8861,0.2483,0.0786,5,279,1,63
00-0033119,J.Brissett,NE,2024,14,171,-0.1215,-1.3370,6.7823,0.0748,0.0468,0.2337,131,40,0.1109,-0.8826,1.1934,2.5399,0.9935,0.2695,0.1109,0,123,1,40
00-0030565,G.Smith,SEA,2024,14,466,0.0281,4.7565,7.0024,0.1235,0.0343,0.2951,396,70,0.2369,-1.1528,2.1541,4.6263,1.3897,0.2674,0.2369,7,380,4,70
00-0026158,J.Flacco,IND,2024,14,169,-0.0585,-0.9066,8.2484,0.1019,0.0178,0.2348,147,22,0.1749,-1.6186,2.4659,3.4592,1.7936,0.4171,0.1749,3,144,2,22
00-0034771,M.Rudolph,TEN,2024,14,120,-0.0330,-0.7138,7.8807,0.1009,0.0500,0.1848,99,21,0.1962,-1.1135,2.3519,2.3814,1.3097,0.3703,0.1962,2,93,1,21
00-0039152,W.Levis,TEN,2024,14,289,-0.1351,-0.0783,7.9000,0.1292,0.0554,0.3092,232,57,0.1004,-1.0933,2.8465,3.5661,1.1937,0.2736,0.1004,4,216,3,57
00-0039163,C.Stroud,HOU,2024,14,468,0.0293,-1.4485,7.9198,0.1078,0.0620,0.3026,389,79,0.2324,-0.9712,2.1885,2.1376,1.2036,0.1808,0.2324,8,360,0,79
00-0035710,D.Jones,NYG,2024,15,357,-0.0778,1.5331,7.3762,0.1029,0.0420,0.2594,294,63,0.0786,-0.8075,1.6512,3.5304,0.8861,0.2483,0.0786,5,279,1,63
00-0036945,J.Fields,PIT,2024,15,187,0.0554,2.4304,7.7922,0.1429,0.0909,0.2552,155,32,0.2233,-0.7578,2.0481,3.0516,0.9811,0.3295,0.2233,1,138,0,32
00-0036971,T.Lawrence,JAX,2024,15,289,0.0492,-0.4470,9.3822,0.1544,0.0450,0.2585,261,28,0.1634,-1.0151,2.1746,2.0961,1.1785,0.2884,0.1634,6,248,0,28
00-0034857,J.Allen,BUF,2024,15,446,0.3084,1.6848,7.9392,0.1468,0.0830,0.2172,404,42,0.3853,-0.4307,2.4031,4.0050,0.8160,0.3183,0.3853,5,367,0,42
00-0029263,R.Wilson,PIT,2024,15,255,0.1285,5.4802,8.1586,0.1498,0.0353,0.2312,202,53,0.2900,-0.4869,2.4325,2.6945,0.7769,0.2508,0.2900,3,193,0,53
00-0036972,M.Jones,JAX,2024,15,163,0.0236,1.7378,7.5205,0.1096,0.0552,0.2200,148,15,0.1224,-0.9520,1.4746,0.6091,1.0744,0.2249,0.1224,4,139,3,15
00-0026158,J.Flacco,IND,2024,15,169,-0.0585,-0.9066,8.2484,0.1019,0.0178,0.2348,147,22,0.1749,-1.6186,2.4659,3.4592,1.7936,0.4171,0.1749,3,144,2,22
00-0033537,D.Watson,CLE,2024,15,244,-0.2148,-2.2795,7.4670,0.0914,0.0656,0.2797,181,63,0.0443,-0.9592,1.2019,2.0454,1.0035,0.1978,0.0443,2,165,0,63
00-0023459,A.Rodgers,NYJ,2024,15,505,0.0448,-2.0909,7.2412,0.1272,0.0277,0.2562,424,81,0.1494,-0.5027,2.3642,2.9167,0.6522,0.2039,0.1494,8,410,0,81
00-0036264,J.Love,GB,2024,15,327,0.1178,0.8919,8.7222,0.1536,0.0306,0.1830,282,45,0.3133,-1.1072,2.6088,4.5821,1.4205,0.3333,0.3133,7,272,4,45
00-0038122,D.Ridder,LV,2024,15,68,-0.2843,-4.0619,7.8545,0.1455,0.0735,0.2533,56,12,0.0076,-1.6466,0.9035,2.2179,1.6543,0.4483,0.0076,1,51,0,12
00-0029604,K.Cousins,ATL,2024,15,451,0.0642,1.8468,7.5107,0.0950,0.0067,0.2423,380,71,0.2575,-0.9701,2.6632,3.4408,1.2275,0.2355,0.2575,10,377,4,71
00-0039910,J.Daniels,WAS,2024,15,440,0.1605,4.0782,7.5836,0.1076,0.1182,0.3323,384,56,0.3131,-0.8861,2.0543,1.9451,1.1992,0.2002,0.3131,5,332,0,56
00-0038579,A.O'Connell,LV,2024,15,95,0.0156,-1.3437,7.7111,0.1556,0.0105,0.2074,85,10,0.1075,-0.7659,1.9447,1.8549,0.8735,0.4565,0.1075,1,84,0,10
00-0036389,J.Hurts,PHI,2024,15,402,0.1810,8.5937,7.7259,0.0994,0.0896,0.3296,350,52,0.4100,-1.3606,2.2806,2.6069,1.7706,0.2380,0.4100,4,314,1,52
00-0033873,P.Mahomes,KC,2024,15,553,0.1109,2.2304,6.4733,0.0864,0.0579,0.2438,456,97,0.2896,-0.7293,1.9042,1.8352,1.0189,0.1520,0.2896,8,424,2,97
00-0031503,J.Winston,CLE,2024,15,268,-0.1285,-2.6556,9.2119,0.1314,0.0187,0.2686,223,45,0.0391,-0.9590,3.4610,4.2594,0.9981,0.3319,0.0391,10,218,1,45
00-0027973,A.Dalton,CAR,2024,15,149,-0.0477,-0.2637,6.7101,0.0870,0.0336,0.2200,135,14,-0.0459,-0.0653,2.6381,3.3389,0.0195,0.5080,-0.0459,5,130,0,14
00-0034855,B.Mayfield,TB,2024,15,469,0.1273,1.7439,6.5976,0.0854,0.0618,0.3232,426,43,0.2571,-1.1588,2.2587,2.1971,1.4159,0.2375,0.2571,12,397,2,43
00-0033106,J.Goff,DET,2024,15,427,0.2429,4.9156,6.8026,0.0846,0.0281,0.2516,364,63,0.4266,-0.8183,2.4228,2.8198,1.2449,0.2267,0.4266,8,352,2,63
00-0034771,M.Rudolph,TEN,2024,15,128,-0.0096,0.2238,7.7179,0.0940,0.0469,0.1848,107,21,0.2071,-1.1135,2.1945,2.3814,1.3206,0.3659,0.2071,2,101,1,21
00-0039732,B.Nix,DEN,2024,15,454,-0.0447,-2.5900,7.6642,0.1407,0.0683,0.2545,411,43,0.0608,-1.0533,1.9169,3.9398,1.1141,0.3103,0.0608,7,380,2,43
00-0036442,J.Burrow,CIN,2024,15,542,0.1790,5.4934,7.1636,0.0798,0.0332,0.2436,450,92,0.3647,-0.7295,2.2407,3.9305,1.0942,0.2184,0.3647,5,432,2,92
00-0035993,T.Huntley,MIA,2024,15,74,-0.2615,-6.5830,9.2667,0.1333,0.0811,0.2448,63,11,-0.1064,-1.1499,1.3042,1.1100,1.0435,0.3487,-0.1064,1,57,0,11
00-0026498,M.Stafford,LA,2024,15,467,0.0655,0.3288,7.7945,0.0982,0.0043,0.2259,385,82,0.2741,-0.9142,1.8081,2.3079,1.1883,0.1812,0.2741,4,383,3,82
00-0033077,D.Prescott,DAL,2024,15,269,-0.0089,0.2601,7.8765,0.1152,0.0223,0.2620,226,43,0.1537,-0.8639,2.2800,1.9845,1.0176,0.2372,0.1537,5,220,1,43
00-0039376,S.Rattler,NO,2024,15,110,-0.2189,-11.0834,8.4105,0.1368,0.0455,0.2418,92,18,-0.0528,-1.0678,2.4624,3.6930,1.0150,0.4816,-0.0528,0,87,1,18
00-0035289,G.Minshew,LV,2024,15,304,-0.1570,-0.4167,6.3057,0.0906,0.0362,0.2909,250,54,0.1220,-1.4487,2.2842,3.8476,1.5707,0.2835,0.1220,4,239,3,54
00-0039150,B.Young,CAR,2024,15,275,-0.0855,0.1021,8.6197,0.1282,0.0873,0.2252,227,48,0.0449,-0.7027,2.0252,4.6310,0.7476,0.3247,0.0449,5,203,2,48
00-0039152,W.Levis,TEN,2024,15,302,-0.1700,-0.2966,7.7857,0.1230,0.0530,0.3075,242,60,0.0483,-1.0502,3.1971,3.5175,1.0985,0.2680,0.0483,7,226,3,60
00-0033662,C.Rush,DAL,2024,15,197,-0.0343,-8.2238,6.4140,0.0860,0.0203,0.2254,180,17,0.0913,-1.3635,1.6760,6.6458,1.4548,0.6326,0.0913,2,176,0,17
00-0034869,S.Darnold,MIN,2024,15,464,0.1429,6.1274,8.9925,0.1368,0.0496,0.3013,391,73,0.3447,-0.9383,2.5513,3.4662,1.2831,0.2324,0.3447,10,368,1,73
00-0035704,D.Lock,NYG,2024,15,84,-0.2620,-13.6930,7.0857,0.1286,0.0833,0.1941,62,22,-0.0343,-0.9036,2.7026,2.9798,0.8693,0.4231,-0.0343,2,55,0,22
00-0035228,K.Murray,ARI,2024,15,437,0.1072,1.6226,6.8935,0.1091,0.0686,0.2980,399,38,0.2048,-0.9181,2.0091,1.9559,1.1229,0.2377,0.2048,7,369,1,38
00-0033119,J.Brissett,NE,2024,15,171,-0.1215,-1.3370,6.7823,0.0748,0.0468,0.2337,131,40,0.1109,-0.8826,1.1934,2.5399,0.9935,0.2695,0.1109,0,123,1,40
00-0036355,J.Herbert,LAC,2024,15,428,0.0462,1.0281,8.6287,0.1328,0.0537,0.2654,343,85,0.2459,-0.7598,2.0072,1.6418,1.0057,0.1586,0.2459,1,320,1,85
00-0034796,L.Jackson,BAL,2024,15,440,0.3310,5.7838,8.7023,0.1619,0.0773,0.2686,395,45,0.4524,-0.7344,2.2594,2.5441,1.1868,0.2495,0.4524,3,361,0,45
00-0039918,C.Williams,CHI,2024,15,495,-0.0891,-1.6679,8.4080,0.1517,0.0707,0.3506,417,78,0.1410,-1.3195,1.6792,1.9824,1.4605,0.1716,0.1410,4,382,1,78
00-0030565,G.Smith,SEA,2024,15,489,0.0188,5.4955,6.9606,0.1227,0.0348,0.2954,412,77,0.2427,-1.1794,2.1041,4.4408,1.4221,0.2506,0.2427,7,395,5,77
00-0039163,C.Stroud,HOU,2024,15,497,0.0173,-1.2064,7.9338,0.1064,0.0624,0.3080,413,84,0.2151,-0.9550,2.1270,2.2064,1.1700,0.1772,0.2151,8,382,0,84
00-0039851,D.Maye,NE,2024,15,277,0.0160,3.6909,7.0407,0.0814,0.1155,0.2980,240,37,0.1806,-1.0518,1.9369,4.2133,1.2324,0.3492,0.1806,8,208,0,37
00-0039164,A.Richardson,IND,2024,15,252,-0.1348,-12.2598,12.6278,0.2332,0.0635,0.2157,215,37,-0.0437,-0.6644,2.9253,3.3594,0.6207,0.3231,-0.0437,11,199,0,37
00-0031280,D.Carr,NO,2024,15,292,0.1534,3.8722,7.8095,0.1429,0.0274,0.2027,263,29,0.1679,0.0216,2.1647,4.8652,0.1463,0.4195,0.1679,3,255,1,29
00-0037834,B.Purdy,SF,2024,15,417,0.1821,0.4450,9.0791,0.1158,0.0935,0.2737,364,53,0.3173,-0.7466,2.1599,2.6385,1.0639,0.2360,0.3173,6,325,2,53
00-0036212,T.Tagovailoa,MIA,2024,15,359,0.2537,4.4167,5.7748,0.0691,0.0195,0.3025,334,25,0.3751,-1.3680,2.1664,5.2018,1.7431,0.4632,0.3751,5,327,1,25
00-0036355,J.Herbert,LAC,2024,16,465,0.0800,1.5254,8.4361,0.1278,0.0581,0.2615,372,93,0.2705,-0.6819,2.0338,1.7478,0.9524,0.1558,0.2705,2,345,1,93
00-0034796,L.Jackson,BAL,2024,16,464,0.3233,5.3394,8.7111,0.1556,0.0754,0.2755,418,46,0.4434,-0.7679,2.3364,2.5391,1.2113,0.2465,0.4434,4,383,0,46
00-0034771,M.Rudolph,TEN,2024,16,153,-0.0420,-1.5181,7.4823,0.0922,0.0392,0.1859,128,25,0.1664,-1.1088,2.5196,2.2870,1.2752,0.3334,0.1664,4,122,1,25
00-0023459,A.Rodgers,NYJ,2024,16,549,0.0458,-2.2065,7.0743,0.1185,0.0273,0.2577,466,83,0.1533,-0.5579,2.2979,3.0713,0.7112,0.2048,0.1533,8,451,0,83
00-0035993,T.Huntley,MIA,2024,16,74,-0.2615,-6.5830,9.2667,0.1333,0.0811,0.2448,63,11,-0.1064,-1.1499,1.3042,1.1100,1.0435,0.3487,-0.1064,1,57,0,11
00-0035710,D.Jones,NYG,2024,16,357,-0.0778,1.5331,7.3762,0.1029,0.0420,0.2594,294,63,0.0786,-0.8075,1.6512,3.5304,0.8861,0.2483,0.0786,5,279,1,63
00-0036264,J.Love,GB,2024,16,349,0.1179,0.8487,8.5793,0.1524,0.0287,0.1773,301,48,0.2997,-1.0221,2.5510,4.4718,1.3218,0.3188,0.2997,7,291,4,48
00-0029263,R.Wilson,PIT,2024,16,288,0.0889,6.6871,8.1843,0.1451,0.0382,0.2410,230,58,0.2830,-0.6806,2.4023,3.5127,0.9635,0.2665,0.2830,3,219,1,58
00-0034869,S.Darnold,MIN,2024,16,504,0.1498,5.4664,8.8856,0.1327,0.0496,0.3013,424,80,0.3459,-0.8897,2.4709,3.5357,1.2356,0.2237,0.3459,10,399,1,80
00-0039732,B.Nix,DEN,2024,16,492,-0.0227,-2.5729,7.3030,0.1344,0.0671,0.2590,445,47,0.0890,-1.0804,1.8870,3.6142,1.1694,0.2848,0.0890,7,412,2,47
00-0036971,T.Lawrence,JAX,2024,16,289,0.0492,-0.4470,9.3822,0.1544,0.0450,0.2585,261,28,0.1634,-1.0151,2.1746,2.0961,1.1785,0.2884,0.1634,6,248,0,28
00-0033873,P.Mahomes,KC,2024,16,596,0.1239,1.9711,6.4438,0.0876,0.0587,0.2425,495,101,0.2894,-0.6868,1.8460,1.9200,0.9761,0.1508,0.2894,8,460,2,101
00-0036972,M.Jones,JAX,2024,16,203,-0.0175,0.6788,7.1297,0.0973,0.0443,0.2185,184,19,0.0839,-0.9997,1.6345,0.6902,1.0836,0.2126,0.0839,4,175,3,19
00-0039918,C.Williams,CHI,2024,16,522,-0.0616,-1.2979,8.4496,0.1546,0.0709,0.3464,442,80,0.1657,-1.3173,1.7689,1.9334,1.4831,0.1678,0.1657,4,405,1,80
00-0039851,D.Maye,NE,2024,16,316,0.0231,3.9593,6.8828,0.0859,0.1076,0.3000,273,43,0.1659,-0.8839,1.9837,4.1213,1.0499,0.3211,0.1659,9,239,0,43
00-0031503,J.Winston,CLE,2024,16,268,-0.1285,-2.6556,9.2119,0.1314,0.0187,0.2686,223,45,0.0391,-0.9590,3.4610,4.2594,0.9981,0.3319,0.0391,10,218,1,45
00-0039150,B.Young,CAR,2024,16,308,-0.0532,0.6453,8.4115,0.1231,0.0909,0.2404,256,52,0.0779,-0.6986,2.0239,4.3896,0.7765,0.3038,0.0779,5,228,2,52
00-0035228,K.Murray,ARI,2024,16,478,0.1093,1.4244,6.8777,0.1031,0.0753,0.3096,437,41,0.2087,-0.9501,1.9429,1.8287,1.1588,0.2215,0.2087,8,401,1,41
00-0027973,A.Dalton,CAR,2024,16,149,-0.0477,-0.2637,6.7101,0.0870,0.0336,0.2200,135,14,-0.0459,-0.0653,2.6381,3.3389,0.0195,0.5080,-0.0459,5,130,0,14
00-0034857,J.Allen,BUF,2024,16,477,0.2946,1.4257,8.1659,0.1517,0.0839,0.2208,433,44,0.3725,-0.4721,2.3016,3.8656,0.8446,0.3052,0.3725,6,393,0,44
00-0033662,C.Rush,DAL,2024,16,232,0.0130,-5.8596,6.5091,0.1000,0.0172,0.2269,212,20,0.1220,-1.1425,1.6614,6.5151,1.2645,0.5776,0.1220,2,208,0,20
00-0039376,S.Rattler,NO,2024,16,133,-0.2352,-9.4212,8.7909,0.1364,0.0752,0.2630,112,21,-0.0394,-1.2793,2.5806,3.6892,1.2399,0.4458,-0.0394,1,102,1,21
00-0026498,M.Stafford,LA,2024,16,486,0.0695,0.2395,7.6214,0.0963,0.0041,0.2243,403,83,0.2709,-0.9087,1.8058,2.2822,1.1797,0.1788,0.2709,5,401,3,83
00-0039163,C.Stroud,HOU,2024,16,540,0.0276,-1.0308,8.1537,0.1147,0.0611,0.2966,444,96,0.2111,-0.8208,2.1082,2.4461,1.0319,0.1739,0.2111,9,411,1,96
00-0033537,D.Watson,CLE,2024,16,244,-0.2148,-2.2795,7.4670,0.0914,0.0656,0.2797,181,63,0.0443,-0.9592,1.2019,2.0454,1.0035,0.1978,0.0443,2,165,0,63
00-0034855,B.Mayfield,TB,2024,16,519,0.1183,1.8797,6.8830,0.0927,0.0617,0.3350,471,48,0.2596,-1.2678,2.2133,2.1266,1.5275,0.2214,0.2596,13,439,2,48
00-0036945,J.Fields,PIT,2024,16,187,0.0554,2.4304,7.7922,0.1429,0.0909,0.2552,155,32,0.2233,-0.7578,2.0481,3.0516,0.9811,0.3295,0.2233,1,138,0,32
00-0029604,K.Cousins,ATL,2024,16,451,0.0642,1.8468,7.5107,0.0950,0.0067,0.2423,380,71,0.2575,-0.9701,2.6632,3.4408,1.2275,0.2355,0.2575,10,377,4,71
00-0035289,G.Minshew,LV,2024,16,304,-0.1570,-0.4167,6.3057,0.0906,0.0362,0.2909,250,54,0.1220,-1.4487,2.2842,3.8476,1.5707,0.2835,0.1220,4,239,3,54
00-0026158,J.Flacco,IND,2024,16,169,-0.0585,-0.9066,8.2484,0.1019,0.0178,0.2348,147,22,0.1749,-1.6186,2.4659,3.4592,1.7936,0.4171,0.1749,3,144,2,22
00-0038122,D.Ridder,LV,2024,16,68,-0.2843,-4.0619,7.8545,0.1455,0.0735,0.2533,56,12,0.0076,-1.6466,0.9035,2.2179,1.6543,0.4483,0.0076,1,51,0,12
00-0038579,A.O'Connell,LV,2024,16,137,0.0184,-3.8786,7.2891,0.1328,0.0146,0.2164,122,15,0.1145,-0.7633,1.6557,1.7483,0.8778,0.3607,0.1145,1,120,0,15
00-0031280,D.Carr,NO,2024,16,292,0.1534,3.8722,7.8095,0.1429,0.0274,0.2027,263,29,0.1679,0.0216,2.1647,4.8652,0.1463,0.4195,0.1679,3,255,1,29
00-0036442,J.Burrow,CIN,2024,16,574,0.1742,5.9351,7.1473,0.0795,0.0348,0.2469,475,99,0.3646,-0.7393,2.1767,3.7303,1.1039,0.2056,0.3646,5,455,2,99
00-0039152,W.Levis,TEN,2024,16,302,-0.1700,-0.2966,7.7857,0.1230,0.0530,0.3075,242,60,0.0483,-1.0502,3.1971,3.5175,1.0985,0.2680,0.0483,7,226,3,60
00-0033106,J.Goff,DET,2024,16,455,0.2725,5.2350,6.7362,0.0887,0.0264,0.2534,390,65,0.4572,-0.8360,2.4467,2.7468,1.2933,0.2203,0.4572,8,378,2,65
00-0035704,D.Lock,NYG,2024,16,110,-0.4103,-14.3916,6.1170,0.1064,0.0636,0.2027,83,27,-0.1084,-1.3383,3.0304,5.8887,1.2299,0.5046,-0.1084,3,76,1,27
00-0033077,D.Prescott,DAL,2024,16,269,-0.0089,0.2601,7.8765,0.1152,0.0223,0.2620,226,43,0.1537,-0.8639,2.2800,1.9845,1.0176,0.2372,0.1537,5,220,1,43
00-0039164,A.Richardson,IND,2024,16,263,-0.1184,-11.8920,12.4612,0.2328,0.0684,0.2157,226,37,-0.0290,-0.6644,3.0941,3.3594,0.6354,0.3232,-0.0290,12,208,0,37
00-0036212,T.Tagovailoa,MIA,2024,16,393,0.2461,4.1067,5.7766,0.0736,0.0178,0.2988,367,26,0.3606,-1.3694,2.0667,4.9938,1.7300,0.4446,0.3606,5,360,1,26
00-0030565,G.Smith,SEA,2024,16,535,0.0188,5.5795,7.0295,0.1221,0.0336,0.2896,450,85,0.2520,-1.2163,2.0530,4.2036,1.4683,0.2324,0.2520,7,432,7,85
00-0036389,J.Hurts,PHI,2024,16,408,0.1816,8.2426,7.7530,0.1012,0.0931,0.3296,356,52,0.4069,-1.3606,2.2706,2.6069,1.7675,0.2377,0.4069,4,318,1,52
00-0039910,J.Daniels,WAS,2024,16,485,0.1636,3.4711,7.5473,0.1074,0.1196,0.3323,427,58,0.3105,-0.9181,2.1769,2.1258,1.2286,0.2043,0.3105,6,369,1,58
00-0037834,B.Purdy,SF,2024,16,454,0.1826,0.4815,8.7339,0.1085,0.0903,0.2744,396,58,0.3328,-0.8425,2.0766,2.5827,1.1753,0.2231,0.3328,6,355,3,58
00-0033119,J.Brissett,NE,2024,16,171,-0.1215,-1.3370,6.7823,0.0748,0.0468,0.2337,131,40,0.1109,-0.8826,1.1934,2.5399,0.9935,0.2695,0.1109,0,123,1,40
00-0038583,D.Thompson-Robinson,CLE,2024,17,80,-0.5866,-17.7802,5.3056,0.0556,0.0500,0.1836,63,17,-0.3203,-1.5734,0.9486,3.7922,1.2531,0.4880,-0.3203,2,59,2,17
00-0033119,J.Brissett,NE,2024,17,172,-0.1292,-1.8562,6.7635,0.0743,0.0465,0.2337,132,40,0.0991,-0.8826,1.2027,2.5399,0.9817,0.2695,0.0991,0,124,1,40
00-0039163,C.Stroud,HOU,2024,17,575,-0.0027,-1.4045,8.1853,0.1141,0.0591,0.3011,469,106,0.1927,-0.8670,2.1195,2.3247,1.0596,0.1626,0.1927,10,435,1,106
00-0033537,D.Watson,CLE,2024,17,244,-0.2148,-2.2795,7.4670,0.0914,0.0656,0.2797,181,63,0.0443,-0.9592,1.2019,2.0454,1.0035,0.1978,0.0443,2,165,0,63
00-0023459,A.Rodgers,NYJ,2024,17,570,0.0090,-2.4220,7.0000,0.1146,0.0263,0.2679,482,88,0.1209,-0.6038,2.4448,2.9493,0.7247,0.1964,0.1209,10,467,0,88
00-0035993,T.Huntley,MIA,2024,17,106,-0.1300,1.1357,8.3855,0.0964,0.1038,0.2600,87,19,0.0815,-1.0983,1.2829,0.8040,1.1798,0.2389,0.0815,1,76,0,19
00-0039917,M.Penix,ATL,2024,17,64,0.0659,-5.4291,9.8814,0.1695,0.0469,0.2000,59,5,0.1668,-1.1252,2.3075,0.5313,1.2920,0.3813,0.1668,2,56,0,5
00-0034869,S.Darnold,MIN,2024,17,545,0.1583,5.9836,8.7379,0.1321,0.0459,0.3000,462,83,0.3484,-0.9000,2.4598,3.4324,1.2485,0.2161,0.3484,11,437,1,83
00-0029263,R.Wilson,PIT,2024,17,319,0.0594,6.6765,8.1295,0.1439,0.0439,0.2554,253,66,0.2767,-0.7735,2.4198,3.2094,1.0502,0.2412,0.2767,4,239,1,66
00-0031503,J.Winston,CLE,2024,17,268,-0.1285,-2.6556,9.2119,0.1314,0.0187,0.2686,223,45,0.0391,-0.9590,3.4610,4.2594,0.9981,0.3319,0.0391,10,218,1,45
00-0039732,B.Nix,DEN,2024,17,531,-0.0030,-1.7526,7.2979,0.1340,0.0734,0.2631,480,51,0.0938,-0.9140,1.8521,4.1721,1.0078,0.2927,0.0938,8,441,2,51
00-0036355,J.Herbert,LAC,2024,17,504,0.1133,2.0712,8.5378,0.1304,0.0556,0.2555,407,97,0.2943,-0.6462,2.0158,1.7980,0.9406,0.1533,0.2943,2,379,1,97
00-0030565,G.Smith,SEA,2024,17,563,0.0065,5.7256,6.8534,0.1205,0.0355,0.2902,471,92,0.2413,-1.1955,2.0623,3.9940,1.4368,0.2186,0.2413,7,451,7,92
00-0035289,G.Minshew,LV,2024,17,304,-0.1570,-0.4167,6.3057,0.0906,0.0362,0.2909,250,54,0.1220,-1.4487,2.2842,3.8476,1.5707,0.2835,0.1220,4,239,3,54
00-0029604,K.Cousins,ATL,2024,17,451,0.0642,1.8468,7.5107,0.0950,0.0067,0.2423,380,71,0.2575,-0.9701,2.6632,3.4408,1.2275,0.2355,0.2575,10,377,4,71
00-0039910,J.Daniels,WAS,2024,17,533,0.1693,3.1489,7.5129,0.1030,0.1220,0.3443,469,64,0.3113,-0.8712,2.1636,2.3259,1.1824,0.2024,0.3113,7,404,1,64
00-0039851,D.Maye,NE,2024,17,341,0.0013,3.7597,7.0588,0.0882,0.1144,0.3143,293,48,0.1751,-1.0601,1.9464,4.0650,1.2352,0.3022,0.1751,9,254,0,48
00-0036389,J.Hurts,PHI,2024,17,408,0.1816,8.2426,7.7530,0.1012,0.0931,0.3296,356,52,0.4069,-1.3606,2.2706,2.6069,1.7675,0.2377,0.4069,4,318,1,52
00-0035704,D.Lock,NYG,2024,17,134,-0.1100,-9.4268,6.4444,0.0940,0.0597,0.2000,106,28,0.2084,-1.3155,3.4758,5.6852,1.5239,0.4856,0.2084,3,98,1,28
00-0034771,M.Rudolph,TEN,2024,17,191,-0.0298,-1.7473,7.7849,0.0930,0.0524,0.2051,161,30,0.1688,-1.0958,2.3660,1.9127,1.2646,0.2801,0.1688,5,151,1,30
00-0031280,D.Carr,NO,2024,17,292,0.1534,3.8722,7.8095,0.1429,0.0274,0.2027,263,29,0.1679,0.0216,2.1647,4.8652,0.1463,0.4195,0.1679,3,255,1,29
00-0039150,B.Young,CAR,2024,17,334,-0.0452,0.8911,8.9574,0.1348,0.0868,0.2517,278,56,0.0889,-0.7105,2.0451,4.2103,0.7994,0.2873,0.0889,5,249,2,56
00-0036212,T.Tagovailoa,MIA,2024,17,393,0.2461,4.1067,5.7766,0.0736,0.0178,0.2988,367,26,0.3606,-1.3694,2.0667,4.9938,1.7300,0.4446,0.3606,5,360,1,26
00-0034857,J.Allen,BUF,2024,17,505,0.2998,1.1408,8.1336,0.1492,0.0812,0.2141,458,47,0.3749,-0.4324,2.2780,3.6618,0.8073,0.2879,0.3749,6,417,0,47
00-0037834,B.Purdy,SF,2024,17,485,0.2021,1.7115,8.8053,0.1082,0.0866,0.2714,423,62,0.3539,-0.8338,2.2066,2.4748,1.1877,0.2124,0.3539,8,381,3,62
00-0026158,J.Flacco,IND,2024,17,208,0.0057,0.6733,8.6443,0.1082,0.0144,0.2356,183,25,0.2073,-1.4697,2.5878,3.5899,1.6770,0.3972,0.2073,5,180,2,25
00-0038579,A.O'Connell,LV,2024,17,170,0.0755,-4.5758,7.7250,0.1375,0.0118,0.2219,153,17,0.1750,-0.8202,1.6714,1.6165,0.9953,0.3256,0.1750,1,151,0,17
00-0035710,D.Jones,NYG,2024,17,357,-0.0778,1.5331,7.3762,0.1029,0.0420,0.2594,294,63,0.0786,-0.8075,1.6512,3.5304,0.8861,0.2483,0.0786,5,279,1,63
00-0039918,C.Williams,CHI,2024,17,560,-0.0742,-1.5225,8.3736,0.1538,0.0714,0.3524,469,91,0.1568,-1.2643,1.7486,1.8323,1.4211,0.1545,0.1568,4,429,2,91
00-0034796,L.Jackson,BAL,2024,17,481,0.3386,5.3659,8.7518,0.1551,0.0769,0.2721,431,50,0.4681,-0.7777,2.3441,2.3431,1.2458,0.2287,0.4681,4,394,0,50
00-0033106,J.Goff,DET,2024,17,492,0.2966,5.7489,6.5543,0.0843,0.0244,0.2569,423,69,0.4837,-0.8508,2.5004,2.7338,1.3345,0.2134,0.4837,8,411,2,69
00-0036972,M.Jones,JAX,2024,17,229,0.0269,0.8356,6.9710,0.0966,0.0480,0.2314,207,22,0.1412,-1.0484,1.6651,0.6709,1.1896,0.1963,0.1412,4,196,3,22
00-0035228,K.Murray,ARI,2024,17,532,0.1032,1.5403,6.8581,0.1032,0.0714,0.3175,485,47,0.2073,-0.9713,1.9195,1.6871,1.1787,0.1996,0.2073,10,447,1,47
00-0038122,D.Ridder,LV,2024,17,68,-0.2843,-4.0619,7.8545,0.1455,0.0735,0.2533,56,12,0.0076,-1.6466,0.9035,2.2179,1.6543,0.4483,0.0076,1,51,0,12
00-0026498,M.Stafford,LA,2024,17,519,0.0671,-0.4933,7.5133,0.0961,0.0058,0.2213,434,85,0.2504,-0.8689,1.7448,2.3270,1.1193,0.1772,0.2504,5,431,3,85
00-0036442,J.Burrow,CIN,2024,17,632,0.1858,6.7092,7.1345,0.0761,0.0348,0.2588,521,111,0.3717,-0.6872,2.1247,3.5952,1.0589,0.1910,0.3717,5,499,2,111
00-0033873,P.Mahomes,KC,2024,17,631,0.1473,2.5028,6.4229,0.0860,0.0571,0.2398,528,103,0.3079,-0.6757,1.8320,1.8910,0.9835,0.1477,0.3079,8,492,2,103
00-0033662,C.Rush,DAL,2024,17,254,-0.0310,-6.1609,6.8264,0.1074,0.0157,0.2203,232,22,0.0990,-1.4016,1.7051,9.7468,1.5006,0.6711,0.0990,3,228,1,22
00-0039152,W.Levis,TEN,2024,17,302,-0.1700,-0.2966,7.7857,0.1230,0.0530,0.3075,242,60,0.0483,-1.0502,3.1971,3.5175,1.0985,0.2680,0.0483,7,226,3,60
00-0039164,A.Richardson,IND,2024,17,263,-0.1184,-11.8920,12.4612,0.2328,0.0684,0.2157,226,37,-0.0290,-0.6644,3.0941,3.3594,0.6354,0.3232,-0.0290,12,208,0,37
00-0034855,B.Mayfield,TB,2024,17,552,0.1513,3.0092,6.9793,0.0952,0.0598,0.3376,501,51,0.2943,-1.2536,2.1719,2.0372,1.5479,0.2104,0.2943,13,468,2,51
00-0036971,T.Lawrence,JAX,2024,17,289,0.0492,-0.4470,9.3822,0.1544,0.0450,0.2585,261,28,0.1634,-1.0151,2.1746,2.0961,1.1785,0.2884,0.1634,6,248,0,28
00-0036264,J.Love,GB,2024,17,375,0.1072,0.9335,8.6761,0.1562,0.0293,0.1802,324,51,0.2880,-1.0418,2.4961,4.2102,1.3298,0.3004,0.2880,7,313,4,51
00-0036945,J.Fields,PIT,2024,17,187,0.0554,2.4304,7.7922,0.1429,0.0909,0.2552,155,32,0.2233,-0.7578,2.0481,3.0516,0.9811,0.3295,0.2233,1,138,0,32
00-0027973,A.Dalton,CAR,2024,17,149,-0.0477,-0.2637,6.7101,0.0870,0.0336,0.2200,135,14,-0.0459,-0.0653,2.6381,3.3389,0.0195,0.5080,-0.0459,5,130,0,14
00-0039376,S.Rattler,NO,2024,17,159,-0.2275,-10.0999,8.4776,0.1343,0.0692,0.2658,136,23,-0.0601,-1.2174,2.5590,3.6631,1.1572,0.4220,-0.0601,2,125,1,23
00-0033077,D.Prescott,DAL,2024,17,269,-0.0089,0.2601,7.8765,0.1152,0.0223,0.2620,226,43,0.1537,-0.8639,2.2800,1.9845,1.0176,0.2372,0.1537,5,220,1,43
00-0036212,T.Tagovailoa,MIA,2024,18,393,0.2461,4.1067,5.7766,0.0736,0.0178,0.2988,367,26,0.3606,-1.3694,2.0667,4.9938,1.7300,0.4446,0.3606,5,360,1,26
00-0030565,G.Smith,SEA,2024,18,593,0.0228,5.7630,6.9105,0.1219,0.0337,0.2933,498,95,0.2558,-1.1989,2.0591,3.8800,1.4547,0.2121,0.2558,7,478,7,95
00-0026158,J.Flacco,IND,2024,18,251,-0.0100,-0.7884,8.8034,0.1197,0.0120,0.2494,221,30,0.1922,-1.4997,2.3516,3.1237,1.6919,0.3388,0.1922,5,218,2,30
00-0036971,T.Lawrence,JAX,2024,18,289,0.0492,-0.4470,9.3822,0.1544,0.0450,0.2585,261,28,0.1634,-1.0151,2.1746,2.0961,1.1785,0.2884,0.1634,6,248,0,28
00-0039152,W.Levis,TEN,2024,18,309,-0.1663,-0.1753,7.8605,0.1240,0.0518,0.3080,247,62,0.0490,-1.0238,3.2034,3.4606,1.0728,0.2623,0.0490,7,231,3,62
00-0037834,B.Purdy,SF,2024,18,485,0.2021,1.7115,8.8053,0.1082,0.0866,0.2714,423,62,0.3539,-0.8338,2.2066,2.4748,1.1877,0.2124,0.3539,8,381,3,62
00-0033873,P.Mahomes,KC,2024,18,631,0.1473,2.5028,6.4229,0.0860,0.0571,0.2398,528,103,0.3079,-0.6757,1.8320,1.8910,0.9835,0.1477,0.3079,8,492,2,103
00-0034855,B.Mayfield,TB,2024,18,591,0.1687,2.9732,7.0564,0.0953,0.0677,0.3402,539,52,0.3053,-1.2472,2.2082,1.9993,1.5525,0.2063,0.3053,14,499,2,52
00-0034771,M.Rudolph,TEN,2024,18,202,-0.0147,-1.6404,7.5304,0.0884,0.0545,0.2123,171,31,0.1864,-1.1241,2.3129,1.8738,1.3105,0.2720,0.1864,5,160,1,31
00-0036945,J.Fields,PIT,2024,18,187,0.0554,2.4304,7.7922,0.1429,0.0909,0.2552,155,32,0.2233,-0.7578,2.0481,3.0516,0.9811,0.3295,0.2233,1,138,0,32
00-0039376,S.Rattler,NO,2024,18,204,-0.1722,-7.2261,8.5568,0.1477,0.0588,0.2643,175,29,-0.0320,-1.0188,2.2812,3.4005,0.9868,0.3610,-0.0320,2,163,1,29
00-0029604,K.Cousins,ATL,2024,18,451,0.0642,1.8468,7.5107,0.0950,0.0067,0.2423,380,71,0.2575,-0.9701,2.6632,3.4408,1.2275,0.2355,0.2575,10,377,4,71
00-0033662,C.Rush,DAL,2024,18,254,-0.0310,-6.1609,6.8264,0.1074,0.0157,0.2203,232,22,0.0990,-1.4016,1.7051,9.7468,1.5006,0.6711,0.0990,3,228,1,22
00-0038122,D.Ridder,LV,2024,18,70,-0.2719,-3.6515,7.9474,0.1404,0.0714,0.2492,57,13,0.0209,-1.5560,0.8975,2.1399,1.5769,0.4247,0.0209,1,52,0,13
00-0023459,A.Rodgers,NYJ,2024,18,609,0.0117,-2.4571,6.9365,0.1143,0.0246,0.2744,517,92,0.1272,-0.6368,2.4833,2.8722,0.7640,0.1898,0.1272,11,502,0,92
00-0039732,B.Nix,DEN,2024,18,563,0.0420,-0.5900,7.1867,0.1325,0.0764,0.2631,512,51,0.1372,-0.9140,1.8554,4.1721,1.0513,0.2923,0.1372,8,469,2,51
00-0027973,A.Dalton,CAR,2024,18,149,-0.0477,-0.2637,6.7101,0.0870,0.0336,0.2200,135,14,-0.0459,-0.0653,2.6381,3.3389,0.0195,0.5080,-0.0459,5,130,0,14
00-0026498,M.Stafford,LA,2024,18,519,0.0671,-0.4933,7.5133,0.0961,0.0058,0.2213,434,85,0.2504,-0.8689,1.7448,2.3270,1.1193,0.1772,0.2504,5,431,3,85
00-0034796,L.Jackson,BAL,2024,18,515,0.3208,4.3340,8.7902,0.1540,0.0816,0.2603,460,55,0.4515,-0.7723,2.2925,2.7409,1.2238,0.2341,0.4515,4,418,0,55
00-0036972,M.Jones,JAX,2024,18,265,0.0369,0.3494,7.1674,0.1046,0.0491,0.2364,238,27,0.1452,-0.9181,1.6451,0.8560,1.0633,0.1965,0.1452,5,225,3,27
00-0039910,J.Daniels,WAS,2024,18,550,0.1473,2.5391,7.5649,0.1048,0.1200,0.3551,482,68,0.2959,-0.9061,2.1450,2.2336,1.2020,0.1931,0.2959,7,416,1,68
00-0035704,D.Lock,NYG,2024,18,161,-0.1864,-7.3958,5.7431,0.0903,0.0497,0.1949,131,30,0.0691,-1.3022,3.0617,5.3097,1.3713,0.4476,0.0691,4,123,1,30
00-0036389,J.Hurts,PHI,2024,18,408,0.1816,8.2426,7.7530,0.1012,0.0931,0.3296,356,52,0.4069,-1.3606,2.2706,2.6069,1.7675,0.2377,0.4069,4,318,1,52
00-0035289,G.Minshew,LV,2024,18,304,-0.1570,-0.4167,6.3057,0.0906,0.0362,0.2909,250,54,0.1220,-1.4487,2.2842,3.8476,1.5707,0.2835,0.1220,4,239,3,54
00-0029263,R.Wilson,PIT,2024,18,356,0.0404,5.0404,8.0485,0.1392,0.0449,0.2638,283,73,0.2504,-0.7737,2.2857,2.9420,1.0241,0.2200,0.2504,4,267,1,73
00-0034869,S.Darnold,MIN,2024,18,579,0.1214,4.8496,8.6680,0.1336,0.0449,0.2902,488,91,0.3057,-0.8670,2.4535,3.4021,1.1727,0.2059,0.3057,11,462,1,91
00-0033119,J.Brissett,NE,2024,18,172,-0.1292,-1.8562,6.7635,0.0743,0.0465,0.2337,132,40,0.0991,-0.8826,1.2027,2.5399,0.9817,0.2695,0.0991,0,124,1,40
00-0033537,D.Watson,CLE,2024,18,244,-0.2148,-2.2795,7.4670,0.0914,0.0656,0.2797,181,63,0.0443,-0.9592,1.2019,2.0454,1.0035,0.1978,0.0443,2,165,0,63
00-0035710,D.Jones,NYG,2024,18,357,-0.0778,1.5331,7.3762,0.1029,0.0420,0.2594,294,63,0.0786,-0.8075,1.6512,3.5304,0.8861,0.2483,0.0786,5,279,1,63
00-0033077,D.Prescott,DAL,2024,18,269,-0.0089,0.2601,7.8765,0.1152,0.0223,0.2620,226,43,0.1537,-0.8639,2.2800,1.9845,1.0176,0.2372,0.1537,5,220,1,43
00-0033106,J.Goff,DET,2024,18,524,0.2846,5.9929,6.4689,0.0809,0.0229,0.2531,450,74,0.4543,-0.7471,2.5797,2.9800,1.2014,0.2145,0.4543,10,438,2,74
00-0031280,D.Carr,NO,2024,18,292,0.1534,3.8722,7.8095,0.1429,0.0274,0.2027,263,29,0.1679,0.0216,2.1647,4.8652,0.1463,0.4195,0.1679,3,255,1,29
00-0034857,J.Allen,BUF,2024,18,505,0.2998,1.1408,8.1336,0.1492,0.0812,0.2141,458,47,0.3749,-0.4324,2.2780,3.6618,0.8073,0.2879,0.3749,6,417,0,47
00-0039150,B.Young,CAR,2024,18,372,0.0213,1.4856,8.9241,0.1361,0.0887,0.2517,316,56,0.1509,-0.7105,2.0285,4.2103,0.8615,0.2857,0.1509,5,283,2,56
00-0035228,K.Murray,ARI,2024,18,566,0.1128,2.0661,6.8133,0.1024,0.0689,0.3121,517,49,0.2165,-0.9822,1.8802,1.6312,1.1988,0.1922,0.2165,10,478,1,49
00-0036442,J.Burrow,CIN,2024,18,682,0.1700,6.8260,6.9067,0.0704,0.0323,0.2670,566,116,0.3488,-0.7023,2.0574,3.5226,1.0511,0.1844,0.3488,6,544,2,116
00-0039851,D.Maye,NE,2024,18,343,-0.0067,3.4434,7.0440,0.0879,0.1137,0.3175,294,49,0.1715,-1.0757,1.9436,3.9922,1.2472,0.2968,0.1715,9,255,0,49
00-0039164,A.Richardson,IND,2024,18,263,-0.1184,-11.8920,12.4612,0.2328,0.0684,0.2157,226,37,-0.0290,-0.6644,3.0941,3.3594,0.6354,0.3232,-0.0290,12,208,0,37
00-0039918,C.Williams,CHI,2024,18,591,-0.0714,-0.7215,8.1284,0.1470,0.0711,0.3521,498,93,0.1503,-1.2582,1.7925,1.8008,1.4085,0.1515,0.1503,4,456,2,93
00-0039917,M.Penix,ATL,2024,18,104,0.1183,-5.9671,10.4124,0.1856,0.0385,0.1962,94,10,0.2423,-1.0470,2.6988,0.6861,1.2892,0.3120,0.2423,3,90,0,10
00-0038579,A.O'Connell,LV,2024,18,193,0.0204,-3.9957,7.8626,0.1429,0.0155,0.2119,173,20,0.1099,-0.7541,1.8219,1.5813,0.8640,0.2993,0.1099,2,170,0,20
00-0036355,J.Herbert,LAC,2024,18,540,0.1391,2.5029,8.4340,0.1277,0.0537,0.2554,440,100,0.3217,-0.6647,1.9809,1.8632,0.9864,0.1521,0.3217,2,411,1,100
00-0038128,M.Willis,GB,2024,18,60,0.3294,11.5344,6.9773,0.1136,0.1167,0.2621,50,10,0.5930,-0.9881,2.7742,5.8075,1.5811,0.7976,0.5930,0,43,0,10
00-0036264,J.Love,GB,2024,18,387,0.0966,0.4921,8.5989,0.1511,0.0284,0.1767,334,53,0.2712,-1.0037,2.4531,4.1542,1.2750,0.2928,0.2712,7,323,4,53
00-0039163,C.Stroud,HOU,2024,18,581,0.0064,-1.0084,8.1408,0.1127,0.0585,0.3011,475,106,0.2014,-0.8670,2.1034,2.3247,1.0683,0.1624,0.2014,10,441,1,106
00-0038583,D.Thompson-Robinson,CLE,2024,18,84,-0.5690,-16.9119,5.4533,0.0667,0.0476,0.1937,66,18,-0.2970,-1.5662,0.9731,3.5701,1.2691,0.4616,-0.2970,2,62,2,18
00-0035993,T.Huntley,MIA,2024,18,143,-0.1661,1.9968,7.8087,0.0957,0.0909,0.2684,116,27,0.0910,-1.2703,1.5949,1.5241,1.3613,0.2649,0.0910,2,103,1,27
00-0031503,J.Winston,CLE,2024,18,268,-0.1285,-2.6556,9.2119,0.1314,0.0187,0.2686,223,45,0.0391,-0.9590,3.4610,4.2594,0.9981,0.3319,0.0391,10,218,1,45
00-0034771,M.Rudolph,TEN,2024,19,202,-0.0147,-1.6404,7.5304,0.0884,0.0545,0.2123,171,31,0.1864,-1.1241,2.3129,1.8738,1.3105,0.2720,0.1864,5,160,1,31
00-0036355,J.Herbert,LAC,2024,19,569,0.0880,1.1700,8.6056,0.1268,0.0510,0.2565,464,105,0.2644,-0.6917,2.3219,1.8045,0.9561,0.1490,0.2644,5,435,1,105
00-0026158,J.Flacco,IND,2024,19,251,-0.0100,-0.7884,8.8034,0.1197,0.0120,0.2494,221,30,0.1922,-1.4997,2.3516,3.1237,1.6919,0.3388,0.1922,5,218,2,30
00-0035289,G.Minshew,LV,2024,19,304,-0.1570,-0.4167,6.3057,0.0906,0.0362,0.2909,250,54,0.1220,-1.4487,2.2842,3.8476,1.5707,0.2835,0.1220,4,239,3,54
00-0033537,D.Watson,CLE,2024,19,244,-0.2148,-2.2795,7.4670,0.0914,0.0656,0.2797,181,63,0.0443,-0.9592,1.2019,2.0454,1.0035,0.1978,0.0443,2,165,0,63
00-0039917,M.Penix,ATL,2024,19,104,0.1183,-5.9671,10.4124,0.1856,0.0385,0.1962,94,10,0.2423,-1.0470,2.6988,0.6861,1.2892,0.3120,0.2423,3,90,0,10
00-0030565,G.Smith,SEA,2024,19,593,0.0228,5.7630,6.9105,0.1219,0.0337,0.2933,498,95,0.2558,-1.1989,2.0591,3.8800,1.4547,0.2121,0.2558,7,478,7,95
00-0034869,S.Darnold,MIN,2024,19,612,0.0835,4.4899,8.5888,0.1308,0.0425,0.3038,515,97,0.2921,-1.0241,2.4327,4.0647,1.3161,0.2159,0.2921,12,489,1,97
00-0036264,J.Love,GB,2024,19,418,0.0806,-0.1905,8.5547,0.1501,0.0287,0.1811,363,55,0.2475,-1.0207,2.4192,4.0665,1.2682,0.2839,0.2475,9,351,4,55
00-0036972,M.Jones,JAX,2024,19,265,0.0369,0.3494,7.1674,0.1046,0.0491,0.2364,238,27,0.1452,-0.9181,1.6451,0.8560,1.0633,0.1965,0.1452,5,225,3,27
00-0036389,J.Hurts,PHI,2024,19,432,0.1722,7.9744,7.6779,0.0980,0.0903,0.3298,376,56,0.3951,-1.3250,2.2351,2.4545,1.7202,0.2231,0.3951,4,337,1,56
00-0029263,R.Wilson,PIT,2024,19,385,0.0603,5.4557,7.9341,0.1437,0.0442,0.2698,306,79,0.2797,-0.7899,2.3230,2.7341,1.0696,0.2054,0.2797,4,289,1,79
00-0039910,J.Daniels,WAS,2024,19,590,0.1577,3.0836,7.4262,0.1013,0.1186,0.3500,517,73,0.3058,-0.8906,2.2087,2.0917,1.1963,0.1815,0.3058,7,447,1,73
00-0039150,B.Young,CAR,2024,19,372,0.0213,1.4856,8.9241,0.1361,0.0887,0.2517,316,56,0.1509,-0.7105,2.0285,4.2103,0.8615,0.2857,0.1509,5,283,2,56
00-0031280,D.Carr,NO,2024,19,292,0.1534,3.8722,7.8095,0.1429,0.0274,0.2027,263,29,0.1679,0.0216,2.1647,4.8652,0.1463,0.4195,0.1679,3,255,1,29
00-0039376,S.Rattler,NO,2024,19,204,-0.1722,-7.2261,8.5568,0.1477,0.0588,0.2643,175,29,-0.0320,-1.0188,2.2812,3.4005,0.9868,0.3610,-0.0320,2,163,1,29
00-0036442,J.Burrow,CIN,2024,19,682,0.1700,6.8260,6.9067,0.0704,0.0323,0.2670,566,116,0.3488,-0.7023,2.0574,3.5226,1.0511,0.1844,0.3488,6,544,2,116
00-0031503,J.Winston,CLE,2024,19,268,-0.1285,-2.6556,9.2119,0.1314,0.0187,0.2686,223,45,0.0391,-0.9590,3.4610,4.2594,0.9981,0.3319,0.0391,10,218,1,45
00-0039163,C.Stroud,HOU,2024,19,616,0.0064,-0.8764,8.2652,0.1155,0.0584,0.3020,506,110,0.1893,-0.8349,2.1448,2.4632,1.0242,0.1632,0.1893,11,470,1,110
00-0033077,D.Prescott,DAL,2024,19,269,-0.0089,0.2601,7.8765,0.1152,0.0223,0.2620,226,43,0.1537,-0.8639,2.2800,1.9845,1.0176,0.2372,0.1537,5,220,1,43
00-0039164,A.Richardson,IND,2024,19,263,-0.1184,-11.8920,12.4612,0.2328,0.0684,0.2157,226,37,-0.0290,-0.6644,3.0941,3.3594,0.6354,0.3232,-0.0290,12,208,0,37
00-0033106,J.Goff,DET,2024,19,524,0.2846,5.9929,6.4689,0.0809,0.0229,0.2531,450,74,0.4543,-0.7471,2.5797,2.9800,1.2014,0.2145,0.4543,10,438,2,74
00-0034857,J.Allen,BUF,2024,19,530,0.3003,1.7087,8.0897,0.1496,0.0830,0.2231,480,50,0.3799,-0.4640,2.2229,3.4650,0.8439,0.2719,0.3799,6,436,0,50
00-0038583,D.Thompson-Robinson,CLE,2024,19,84,-0.5690,-16.9119,5.4533,0.0667,0.0476,0.1937,66,18,-0.2970,-1.5662,0.9731,3.5701,1.2691,0.4616,-0.2970,2,62,2,18
00-0033873,P.Mahomes,KC,2024,19,631,0.1473,2.5028,6.4229,0.0860,0.0571,0.2398,528,103,0.3079,-0.6757,1.8320,1.8910,0.9835,0.1477,0.3079,8,492,2,103
00-0023459,A.Rodgers,NYJ,2024,19,609,0.0117,-2.4571,6.9365,0.1143,0.0246,0.2744,517,92,0.1272,-0.6368,2.4833,2.8722,0.7640,0.1898,0.1272,11,502,0,92
00-0038128,M.Willis,GB,2024,19,60,0.3294,11.5344,6.9773,0.1136,0.1167,0.2621,50,10,0.5930,-0.9881,2.7742,5.8075,1.5811,0.7976,0.5930,0,43,0,10
00-0039918,C.Williams,CHI,2024,19,591,-0.0714,-0.7215,8.1284,0.1470,0.0711,0.3521,498,93,0.1503,-1.2582,1.7925,1.8008,1.4085,0.1515,0.1503,4,456,2,93
00-0035704,D.Lock,NYG,2024,19,161,-0.1864,-7.3958,5.7431,0.0903,0.0497,0.1949,131,30,0.0691,-1.3022,3.0617,5.3097,1.3713,0.4476,0.0691,4,123,1,30
00-0027973,A.Dalton,CAR,2024,19,149,-0.0477,-0.2637,6.7101,0.0870,0.0336,0.2200,135,14,-0.0459,-0.0653,2.6381,3.3389,0.0195,0.5080,-0.0459,5,130,0,14
00-0039152,W.Levis,TEN,2024,19,309,-0.1663,-0.1753,7.8605,0.1240,0.0518,0.3080,247,62,0.0490,-1.0238,3.2034,3.4606,1.0728,0.2623,0.0490,7,231,3,62
00-0034855,B.Mayfield,TB,2024,19,614,0.1821,3.5311,7.0771,0.0940,0.0717,0.3426,561,53,0.3162,-1.2370,2.1782,1.9664,1.5532,0.2024,0.3162,14,517,2,53
00-0037834,B.Purdy,SF,2024,19,485,0.2021,1.7115,8.8053,0.1082,0.0866,0.2714,423,62,0.3539,-0.8338,2.2066,2.4748,1.1877,0.2124,0.3539,8,381,3,62
00-0026498,M.Stafford,LA,2024,19,548,0.0732,-0.3010,7.5058,0.0988,0.0055,0.2242,458,90,0.2477,-0.8148,1.7322,2.3738,1.0625,0.1737,0.2477,5,455,3,90
00-0033119,J.Brissett,NE,2024,19,172,-0.1292,-1.8562,6.7635,0.0743,0.0465,0.2337,132,40,0.0991,-0.8826,1.2027,2.5399,0.9817,0.2695,0.0991,0,124,1,40
00-0038579,A.O'Connell,LV,2024,19,193,0.0204,-3.9957,7.8626,0.1429,0.0155,0.2119,173,20,0.1099,-0.7541,1.8219,1.5813,0.8640,0.2993,0.1099,2,170,0,20
00-0034796,L.Jackson,BAL,2024,19,537,0.3294,4.7660,8.7011,0.1484,0.0857,0.2644,481,56,0.4597,-0.7903,2.2867,2.7094,1.2501,0.2305,0.4597,4,435,0,56
00-0038122,D.Ridder,LV,2024,19,70,-0.2719,-3.6515,7.9474,0.1404,0.0714,0.2492,57,13,0.0209,-1.5560,0.8975,2.1399,1.5769,0.4247,0.0209,1,52,0,13
00-0029604,K.Cousins,ATL,2024,19,451,0.0642,1.8468,7.5107,0.0950,0.0067,0.2423,380,71,0.2575,-0.9701,2.6632,3.4408,1.2275,0.2355,0.2575,10,377,4,71
00-0035993,T.Huntley,MIA,2024,19,143,-0.1661,1.9968,7.8087,0.0957,0.0909,0.2684,116,27,0.0910,-1.2703,1.5949,1.5241,1.3613,0.2649,0.0910,2,103,1,27
00-0039732,B.Nix,DEN,2024,19,579,0.0402,-0.7023,7.3672,0.1348,0.0760,0.2626,525,54,0.1309,-0.8424,1.8411,4.4436,0.9734,0.2929,0.1309,8,481,2,54
00-0036971,T.Lawrence,JAX,2024,19,289,0.0492,-0.4470,9.3822,0.1544,0.0450,0.2585,261,28,0.1634,-1.0151,2.1746,2.0961,1.1785,0.2884,0.1634,6,248,0,28
00-0035228,K.Murray,ARI,2024,19,566,0.1128,2.0661,6.8133,0.1024,0.0689,0.3121,517,49,0.2165,-0.9822,1.8802,1.6312,1.1988,0.1922,0.2165,10,478,1,49
00-0039851,D.Maye,NE,2024,19,343,-0.0067,3.4434,7.0440,0.0879,0.1137,0.3175,294,49,0.1715,-1.0757,1.9436,3.9922,1.2472,0.2968,0.1715,9,255,0,49
00-0036945,J.Fields,PIT,2024,19,188,0.0526,2.0579,7.7742,0.1419,0.0904,0.2523,155,33,0.2233,-0.7491,2.0481,2.9587,0.9724,0.3207,0.2233,1,138,0,33
00-0035710,D.Jones,NYG,2024,19,357,-0.0778,1.5331,7.3762,0.1029,0.0420,0.2594,294,63,0.0786,-0.8075,1.6512,3.5304,0.8861,0.2483,0.0786,5,279,1,63
00-0033662,C.Rush,DAL,2024,19,254,-0.0310,-6.1609,6.8264,0.1074,0.0157,0.2203,232,22,0.0990,-1.4016,1.7051,9.7468,1.5006,0.6711,0.0990,3,228,1,22
00-0036212,T.Tagovailoa,MIA,2024,19,393,0.2461,4.1067,5.7766,0.0736,0.0178,0.2988,367,26,0.3606,-1.3694,2.0667,4.9938,1.7300,0.4446,0.3606,5,360,1,26
00-0039917,M.Penix,ATL,2024,20,104,0.1183,-5.9671,10.4124,0.1856,0.0385,0.1962,94,10,0.2423,-1.0470,2.6988,0.6861,1.2892,0.3120,0.2423,3,90,0,10
00-0023459,A.Rodgers,NYJ,2024,20,609,0.0117,-2.4571,6.9365,0.1143,0.0246,0.2744,517,92,0.1272,-0.6368,2.4833,2.8722,0.7640,0.1898,0.1272,11,502,0,92
00-0033873,P.Mahomes,KC,2024,20,659,0.1446,2.4503,6.4276,0.0845,0.0592,0.2417,548,111,0.3030,-0.6374,1.8256,1.9898,0.9405,0.1458,0.3030,8,509,2,111
00-0033119,J.Brissett,NE,2024,20,172,-0.1292,-1.8562,6.7635,0.0743,0.0465,0.2337,132,40,0.0991,-0.8826,1.2027,2.5399,0.9817,0.2695,0.0991,0,124,1,40
00-0036945,J.Fields,PIT,2024,20,188,0.0526,2.0579,7.7742,0.1419,0.0904,0.2523,155,33,0.2233,-0.7491,2.0481,2.9587,0.9724,0.3207,0.2233,1,138,0,33
00-0035704,D.Lock,NYG,2024,20,161,-0.1864,-7.3958,5.7431,0.0903,0.0497,0.1949,131,30,0.0691,-1.3022,3.0617,5.3097,1.3713,0.4476,0.0691,4,123,1,30
00-0034869,S.Darnold,MIN,2024,20,612,0.0835,4.4899,8.5888,0.1308,0.0425,0.3038,515,97,0.2921,-1.0241,2.4327,4.0647,1.3161,0.2159,0.2921,12,489,1,97
00-0037834,B.Purdy,SF,2024,20,485,0.2021,1.7115,8.8053,0.1082,0.0866,0.2714,423,62,0.3539,-0.8338,2.2066,2.4748,1.1877,0.2124,0.3539,8,381,3,62
00-0038583,D.Thompson-Robinson,CLE,2024,20,84,-0.5690,-16.9119,5.4533,0.0667,0.0476,0.1937,66,18,-0.2970,-1.5662,0.9731,3.5701,1.2691,0.4616,-0.2970,2,62,2,18
00-0030565,G.Smith,SEA,2024,20,593,0.0228,5.7630,6.9105,0.1219,0.0337,0.2933,498,95,0.2558,-1.1989,2.0591,3.8800,1.4547,0.2121,0.2558,7,478,7,95
00-0036442,J.Burrow,CIN,2024,20,682,0.1700,6.8260,6.9067,0.0704,0.0323,0.2670,566,116,0.3488,-0.7023,2.0574,3.5226,1.0511,0.1844,0.3488,6,544,2,116
00-0036389,J.Hurts,PHI,2024,20,462,0.1523,7.7790,7.6127,0.0981,0.0909,0.3486,399,63,0.3921,-1.3663,2.1771,2.2584,1.7584,0.2032,0.3921,4,357,1,63
00-0039376,S.Rattler,NO,2024,20,204,-0.1722,-7.2261,8.5568,0.1477,0.0588,0.2643,175,29,-0.0320,-1.0188,2.2812,3.4005,0.9868,0.3610,-0.0320,2,163,1,29
00-0029263,R.Wilson,PIT,2024,20,385,0.0603,5.4557,7.9341,0.1437,0.0442,0.2698,306,79,0.2797,-0.7899,2.3230,2.7341,1.0696,0.2054,0.2797,4,289,1,79
00-0035289,G.Minshew,LV,2024,20,304,-0.1570,-0.4167,6.3057,0.0906,0.0362,0.2909,250,54,0.1220,-1.4487,2.2842,3.8476,1.5707,0.2835,0.1220,4,239,3,54
00-0039851,D.Maye,NE,2024,20,343,-0.0067,3.4434,7.0440,0.0879,0.1137,0.3175,294,49,0.1715,-1.0757,1.9436,3.9922,1.2472,0.2968,0.1715,9,255,0,49
00-0033106,J.Goff,DET,2024,20,547,0.2670,5.4868,6.6091,0.0853,0.0219,0.2497,468,79,0.4362,-0.7352,2.6572,3.3075,1.1713,0.2180,0.4362,12,456,2,79
00-0038579,A.O'Connell,LV,2024,20,193,0.0204,-3.9957,7.8626,0.1429,0.0155,0.2119,173,20,0.1099,-0.7541,1.8219,1.5813,0.8640,0.2993,0.1099,2,170,0,20
00-0035228,K.Murray,ARI,2024,20,566,0.1128,2.0661,6.8133,0.1024,0.0689,0.3121,517,49,0.2165,-0.9822,1.8802,1.6312,1.1988,0.1922,0.2165,10,478,1,49
00-0031503,J.Winston,CLE,2024,20,268,-0.1285,-2.6556,9.2119,0.1314,0.0187,0.2686,223,45,0.0391,-0.9590,3.4610,4.2594,0.9981,0.3319,0.0391,10,218,1,45
00-0039732,B.Nix,DEN,2024,20,579,0.0402,-0.7023,7.3672,0.1348,0.0760,0.2626,525,54,0.1309,-0.8424,1.8411,4.4436,0.9734,0.2929,0.1309,8,481,2,54
00-0029604,K.Cousins,ATL,2024,20,451,0.0642,1.8468,7.5107,0.0950,0.0067,0.2423,380,71,0.2575,-0.9701,2.6632,3.4408,1.2275,0.2355,0.2575,10,377,4,71
00-0039152,W.Levis,TEN,2024,20,309,-0.1663,-0.1753,7.8605,0.1240,0.0518,0.3080,247,62,0.0490,-1.0238,3.2034,3.4606,1.0728,0.2623,0.0490,7,231,3,62
00-0033537,D.Watson,CLE,2024,20,244,-0.2148,-2.2795,7.4670,0.0914,0.0656,0.2797,181,63,0.0443,-0.9592,1.2019,2.0454,1.0035,0.1978,0.0443,2,165,0,63
00-0039918,C.Williams,CHI,2024,20,591,-0.0714,-0.7215,8.1284,0.1470,0.0711,0.3521,498,93,0.1503,-1.2582,1.7925,1.8008,1.4085,0.1515,0.1503,4,456,2,93
00-0034796,L.Jackson,BAL,2024,20,568,0.3136,4.8966,8.7832,0.1513,0.0863,0.2677,508,60,0.4594,-0.9211,2.3185,3.4168,1.3806,0.2480,0.4594,5,459,0,60
00-0026158,J.Flacco,IND,2024,20,251,-0.0100,-0.7884,8.8034,0.1197,0.0120,0.2494,221,30,0.1922,-1.4997,2.3516,3.1237,1.6919,0.3388,0.1922,5,218,2,30
00-0036355,J.Herbert,LAC,2024,20,569,0.0880,1.1700,8.6056,0.1268,0.0510,0.2565,464,105,0.2644,-0.6917,2.3219,1.8045,0.9561,0.1490,0.2644,5,435,1,105
00-0039163,C.Stroud,HOU,2024,20,652,0.0089,-0.6950,8.3237,0.1175,0.0629,0.3061,531,121,0.2058,-0.8550,2.1125,2.4153,1.0608,0.1547,0.2058,11,490,1,121
00-0036212,T.Tagovailoa,MIA,2024,20,393,0.2461,4.1067,5.7766,0.0736,0.0178,0.2988,367,26,0.3606,-1.3694,2.0667,4.9938,1.7300,0.4446,0.3606,5,360,1,26
00-0038122,D.Ridder,LV,2024,20,70,-0.2719,-3.6515,7.9474,0.1404,0.0714,0.2492,57,13,0.0209,-1.5560,0.8975,2.1399,1.5769,0.4247,0.0209,1,52,0,13
00-0039910,J.Daniels,WAS,2024,20,625,0.1811,3.3420,7.3161,0.1014,0.1216,0.3455,550,75,0.3246,-0.8718,2.2397,2.0754,1.1964,0.1782,0.3246,7,474,1,75
00-0031280,D.Carr,NO,2024,20,292,0.1534,3.8722,7.8095,0.1429,0.0274,0.2027,263,29,0.1679,0.0216,2.1647,4.8652,0.1463,0.4195,0.1679,3,255,1,29
00-0039164,A.Richardson,IND,2024,20,263,-0.1184,-11.8920,12.4612,0.2328,0.0684,0.2157,226,37,-0.0290,-0.6644,3.0941,3.3594,0.6354,0.3232,-0.0290,12,208,0,37
00-0034855,B.Mayfield,TB,2024,20,614,0.1821,3.5311,7.0771,0.0940,0.0717,0.3426,561,53,0.3162,-1.2370,2.1782,1.9664,1.5532,0.2024,0.3162,14,517,2,53
00-0034771,M.Rudolph,TEN,2024,20,202,-0.0147,-1.6404,7.5304,0.0884,0.0545,0.2123,171,31,0.1864,-1.1241,2.3129,1.8738,1.3105,0.2720,0.1864,5,160,1,31
00-0035710,D.Jones,NYG,2024,20,357,-0.0778,1.5331,7.3762,0.1029,0.0420,0.2594,294,63,0.0786,-0.8075,1.6512,3.5304,0.8861,0.2483,0.0786,5,279,1,63
00-0036972,M.Jones,JAX,2024,20,265,0.0369,0.3494,7.1674,0.1046,0.0491,0.2364,238,27,0.1452,-0.9181,1.6451,0.8560,1.0633,0.1965,0.1452,5,225,3,27
00-0033077,D.Prescott,DAL,2024,20,269,-0.0089,0.2601,7.8765,0.1152,0.0223,0.2620,226,43,0.1537,-0.8639,2.2800,1.9845,1.0176,0.2372,0.1537,5,220,1,43
00-0036264,J.Love,GB,2024,20,418,0.0806,-0.1905,8.5547,0.1501,0.0287,0.1811,363,55,0.2475,-1.0207,2.4192,4.0665,1.2682,0.2839,0.2475,9,351,4,55
00-0035993,T.Huntley,MIA,2024,20,143,-0.1661,1.9968,7.8087,0.0957,0.0909,0.2684,116,27,0.0910,-1.2703,1.5949,1.5241,1.3613,0.2649,0.0910,2,103,1,27
00-0033662,C.Rush,DAL,2024,20,254,-0.0310,-6.1609,6.8264,0.1074,0.0157,0.2203,232,22,0.0990,-1.4016,1.7051,9.7468,1.5006,0.6711,0.0990,3,228,1,22
00-0036971,T.Lawrence,JAX,2024,20,289,0.0492,-0.4470,9.3822,0.1544,0.0450,0.2585,261,28,0.1634,-1.0151,2.1746,2.0961,1.1785,0.2884,0.1634,6,248,0,28
00-0026498,M.Stafford,LA,2024,20,592,0.0653,-0.7656,7.6733,0.1029,0.0068,0.2393,495,97,0.2488,-0.8710,1.7196,2.4458,1.1198,0.1694,0.2488,5,491,3,97
00-0027973,A.Dalton,CAR,2024,20,149,-0.0477,-0.2637,6.7101,0.0870,0.0336,0.2200,135,14,-0.0459,-0.0653,2.6381,3.3389,0.0195,0.5080,-0.0459,5,130,0,14
00-0034857,J.Allen,BUF,2024,20,553,0.2846,1.8797,8.0020,0.1490,0.0796,0.2241,500,53,0.3689,-0.5100,2.1863,3.3026,0.8789,0.2582,0.3689,6,456,0,53
00-0038128,M.Willis,GB,2024,20,60,0.3294,11.5344,6.9773,0.1136,0.1167,0.2621,50,10,0.5930,-0.9881,2.7742,5.8075,1.5811,0.7976,0.5930,0,43,0,10
00-0039150,B.Young,CAR,2024,20,372,0.0213,1.4856,8.9241,0.1361,0.0887,0.2517,316,56,0.1509,-0.7105,2.0285,4.2103,0.8615,0.2857,0.1509,5,283,2,56
00-0038122,D.Ridder,LV,2024,21,70,-0.2719,-3.6515,7.9474,0.1404,0.0714,0.2492,57,13,0.0209,-1.5560,0.8975,2.1399,1.5769,0.4247,0.0209,1,52,0,13
00-0036264,J.Love,GB,2024,21,418,0.0806,-0.1905,8.5547,0.1501,0.0287,0.1811,363,55,0.2475,-1.0207,2.4192,4.0665,1.2682,0.2839,0.2475,9,351,4,55
00-0034796,L.Jackson,BAL,2024,21,568,0.3136,4.8966,8.7832,0.1513,0.0863,0.2677,508,60,0.4594,-0.9211,2.3185,3.4168,1.3806,0.2480,0.4594,5,459,0,60
00-0036945,J.Fields,PIT,2024,21,188,0.0526,2.0579,7.7742,0.1419,0.0904,0.2523,155,33,0.2233,-0.7491,2.0481,2.9587,0.9724,0.3207,0.2233,1,138,0,33
00-0036355,J.Herbert,LAC,2024,21,569,0.0880,1.1700,8.6056,0.1268,0.0510,0.2565,464,105,0.2644,-0.6917,2.3219,1.8045,0.9561,0.1490,0.2644,5,435,1,105
00-0035710,D.Jones,NYG,2024,21,357,-0.0778,1.5331,7.3762,0.1029,0.0420,0.2594,294,63,0.0786,-0.8075,1.6512,3.5304,0.8861,0.2483,0.0786,5,279,1,63
00-0039152,W.Levis,TEN,2024,21,309,-0.1663,-0.1753,7.8605,0.1240,0.0518,0.3080,247,62,0.0490,-1.0238,3.2034,3.4606,1.0728,0.2623,0.0490,7,231,3,62
00-0033077,D.Prescott,DAL,2024,21,269,-0.0089,0.2601,7.8765,0.1152,0.0223,0.2620,226,43,0.1537,-0.8639,2.2800,1.9845,1.0176,0.2372,0.1537,5,220,1,43
00-0039732,B.Nix,DEN,2024,21,579,0.0402,-0.7023,7.3672,0.1348,0.0760,0.2626,525,54,0.1309,-0.8424,1.8411,4.4436,0.9734,0.2929,0.1309,8,481,2,54
00-0031503,J.Winston,CLE,2024,21,268,-0.1285,-2.6556,9.2119,0.1314,0.0187,0.2686,223,45,0.0391,-0.9590,3.4610,4.2594,0.9981,0.3319,0.0391,10,218,1,45
00-0027973,A.Dalton,CAR,2024,21,149,-0.0477,-0.2637,6.7101,0.0870,0.0336,0.2200,135,14,-0.0459,-0.0653,2.6381,3.3389,0.0195,0.5080,-0.0459,5,130,0,14
00-0031280,D.Carr,NO,2024,21,292,0.1534,3.8722,7.8095,0.1429,0.0274,0.2027,263,29,0.1679,0.0216,2.1647,4.8652,0.1463,0.4195,0.1679,3,255,1,29
00-0036389,J.Hurts,PHI,2024,21,492,0.1741,8.2427,7.5124,0.1015,0.0874,0.3503,426,66,0.4147,-1.3793,2.1531,2.1735,1.7940,0.1949,0.4147,4,383,1,66
00-0033873,P.Mahomes,KC,2024,21,693,0.1676,2.4595,6.4810,0.0860,0.0649,0.2421,576,117,0.3235,-0.5997,1.7910,2.0797,0.9232,0.1445,0.3235,8,531,2,117
00-0039917,M.Penix,ATL,2024,21,104,0.1183,-5.9671,10.4124,0.1856,0.0385,0.1962,94,10,0.2423,-1.0470,2.6988,0.6861,1.2892,0.3120,0.2423,3,90,0,10
00-0039918,C.Williams,CHI,2024,21,591,-0.0714,-0.7215,8.1284,0.1470,0.0711,0.3521,498,93,0.1503,-1.2582,1.7925,1.8008,1.4085,0.1515,0.1503,4,456,2,93
00-0030565,G.Smith,SEA,2024,21,593,0.0228,5.7630,6.9105,0.1219,0.0337,0.2933,498,95,0.2558,-1.1989,2.0591,3.8800,1.4547,0.2121,0.2558,7,478,7,95
00-0026498,M.Stafford,LA,2024,21,592,0.0653,-0.7656,7.6733,0.1029,0.0068,0.2393,495,97,0.2488,-0.8710,1.7196,2.4458,1.1198,0.1694,0.2488,5,491,3,97
00-0039910,J.Daniels,WAS,2024,21,666,0.1691,3.0284,7.2743,0.1007,0.1201,0.3472,588,78,0.3094,-0.8888,2.3051,2.0099,1.1982,0.1723,0.3094,7,508,1,78
00-0035704,D.Lock,NYG,2024,21,161,-0.1864,-7.3958,5.7431,0.0903,0.0497,0.1949,131,30,0.0691,-1.3022,3.0617,5.3097,1.3713,0.4476,0.0691,4,123,1,30
00-0034771,M.Rudolph,TEN,2024,21,202,-0.0147,-1.6404,7.5304,0.0884,0.0545,0.2123,171,31,0.1864,-1.1241,2.3129,1.8738,1.3105,0.2720,0.1864,5,160,1,31
00-0039376,S.Rattler,NO,2024,21,204,-0.1722,-7.2261,8.5568,0.1477,0.0588,0.2643,175,29,-0.0320,-1.0188,2.2812,3.4005,0.9868,0.3610,-0.0320,2,163,1,29
00-0037834,B.Purdy,SF,2024,21,485,0.2021,1.7115,8.8053,0.1082,0.0866,0.2714,423,62,0.3539,-0.8338,2.2066,2.4748,1.1877,0.2124,0.3539,8,381,3,62
00-0029263,R.Wilson,PIT,2024,21,385,0.0603,5.4557,7.9341,0.1437,0.0442,0.2698,306,79,0.2797,-0.7899,2.3230,2.7341,1.0696,0.2054,0.2797,4,289,1,79
00-0039851,D.Maye,NE,2024,21,343,-0.0067,3.4434,7.0440,0.0879,0.1137,0.3175,294,49,0.1715,-1.0757,1.9436,3.9922,1.2472,0.2968,0.1715,9,255,0,49
00-0026158,J.Flacco,IND,2024,21,251,-0.0100,-0.7884,8.8034,0.1197,0.0120,0.2494,221,30,0.1922,-1.4997,2.3516,3.1237,1.6919,0.3388,0.1922,5,218,2,30
00-0036972,M.Jones,JAX,2024,21,265,0.0369,0.3494,7.1674,0.1046,0.0491,0.2364,238,27,0.1452,-0.9181,1.6451,0.8560,1.0633,0.1965,0.1452,5,225,3,27
00-0035228,K.Murray,ARI,2024,21,566,0.1128,2.0661,6.8133,0.1024,0.0689,0.3121,517,49,0.2165,-0.9822,1.8802,1.6312,1.1988,0.1922,0.2165,10,478,1,49
00-0039150,B.Young,CAR,2024,21,372,0.0213,1.4856,8.9241,0.1361,0.0887,0.2517,316,56,0.1509,-0.7105,2.0285,4.2103,0.8615,0.2857,0.1509,5,283,2,56
00-0038128,M.Willis,GB,2024,21,60,0.3294,11.5344,6.9773,0.1136,0.1167,0.2621,50,10,0.5930,-0.9881,2.7742,5.8075,1.5811,0.7976,0.5930,0,43,0,10
00-0034855,B.Mayfield,TB,2024,21,614,0.1821,3.5311,7.0771,0.0940,0.0717,0.3426,561,53,0.3162,-1.2370,2.1782,1.9664,1.5532,0.2024,0.3162,14,517,2,53
00-0034857,J.Allen,BUF,2024,21,591,0.2808,2.0862,8.0534,0.1508,0.0761,0.2220,530,61,0.3676,-0.4739,2.1789,3.5203,0.8415,0.2486,0.3676,6,485,0,61
00-0036212,T.Tagovailoa,MIA,2024,21,393,0.2461,4.1067,5.7766,0.0736,0.0178,0.2988,367,26,0.3606,-1.3694,2.0667,4.9938,1.7300,0.4446,0.3606,5,360,1,26
00-0039163,C.Stroud,HOU,2024,21,652,0.0089,-0.6950,8.3237,0.1175,0.0629,0.3061,531,121,0.2058,-0.8550,2.1125,2.4153,1.0608,0.1547,0.2058,11,490,1,121
00-0035289,G.Minshew,LV,2024,21,304,-0.1570,-0.4167,6.3057,0.0906,0.0362,0.2909,250,54,0.1220,-1.4487,2.2842,3.8476,1.5707,0.2835,0.1220,4,239,3,54
00-0033537,D.Watson,CLE,2024,21,244,-0.2148,-2.2795,7.4670,0.0914,0.0656,0.2797,181,63,0.0443,-0.9592,1.2019,2.0454,1.0035,0.1978,0.0443,2,165,0,63
00-0036442,J.Burrow,CIN,2024,21,682,0.1700,6.8260,6.9067,0.0704,0.0323,0.2670,566,116,0.3488,-0.7023,2.0574,3.5226,1.0511,0.1844,0.3488,6,544,2,116
00-0038579,A.O'Connell,LV,2024,21,193,0.0204,-3.9957,7.8626,0.1429,0.0155,0.2119,173,20,0.1099,-0.7541,1.8219,1.5813,0.8640,0.2993,0.1099,2,170,0,20
00-0023459,A.Rodgers,NYJ,2024,21,609,0.0117,-2.4571,6.9365,0.1143,0.0246,0.2744,517,92,0.1272,-0.6368,2.4833,2.8722,0.7640,0.1898,0.1272,11,502,0,92
00-0033119,J.Brissett,NE,2024,21,172,-0.1292,-1.8562,6.7635,0.0743,0.0465,0.2337,132,40,0.0991,-0.8826,1.2027,2.5399,0.9817,0.2695,0.0991,0,124,1,40
00-0034869,S.Darnold,MIN,2024,21,612,0.0835,4.4899,8.5888,0.1308,0.0425,0.3038,515,97,0.2921,-1.0241,2.4327,4.0647,1.3161,0.2159,0.2921,12,489,1,97
00-0029604,K.Cousins,ATL,2024,21,451,0.0642,1.8468,7.5107,0.0950,0.0067,0.2423,380,71,0.2575,-0.9701,2.6632,3.4408,1.2275,0.2355,0.2575,10,377,4,71
00-0036971,T.Lawrence,JAX,2024,21,289,0.0492,-0.4470,9.3822,0.1544,0.0450,0.2585,261,28,0.1634,-1.0151,2.1746,2.0961,1.1785,0.2884,0.1634,6,248,0,28
00-0033106,J.Goff,DET,2024,21,547,0.2670,5.4868,6.6091,0.0853,0.0219,0.2497,468,79,0.4362,-0.7352,2.6572,3.3075,1.1713,0.2180,0.4362,12,456,2,79
00-0038583,D.Thompson-Robinson,CLE,2024,21,84,-0.5690,-16.9119,5.4533,0.0667,0.0476,0.1937,66,18,-0.2970,-1.5662,0.9731,3.5701,1.2691,0.4616,-0.2970,2,62,2,18
00-0039164,A.Richardson,IND,2024,21,263,-0.1184,-11.8920,12.4612,0.2328,0.0684,0.2157,226,37,-0.0290,-0.6644,3.0941,3.3594,0.6354,0.3232,-0.0290,12,208,0,37
00-0033662,C.Rush,DAL,2024,21,254,-0.0310,-6.1609,6.8264,0.1074,0.0157,0.2203,232,22,0.0990,-1.4016,1.7051,9.7468,1.5006,0.6711,0.0990,3,228,1,22
00-0035993,T.Huntley,MIA,2024,21,143,-0.1661,1.9968,7.8087,0.0957,0.0909,0.2684,116,27,0.0910,-1.2703,1.5949,1.5241,1.3613,0.2649,0.0910,2,103,1,27
00-0036972,M.Jones,JAX,2024,22,265,0.0369,0.3494,7.1674,0.1046,0.0491,0.2364,238,27,0.1452,-0.9181,1.6451,0.8560,1.0633,0.1965,0.1452,5,225,3,27
00-0026498,M.Stafford,LA,2024,22,592,0.0653,-0.7656,7.6733,0.1029,0.0068,0.2393,495,97,0.2488,-0.8710,1.7196,2.4458,1.1198,0.1694,0.2488,5,491,3,97
00-0036355,J.Herbert,LAC,2024,22,569,0.0880,1.1700,8.6056,0.1268,0.0510,0.2565,464,105,0.2644,-0.6917,2.3219,1.8045,0.9561,0.1490,0.2644,5,435,1,105
00-0033662,C.Rush,DAL,2024,22,254,-0.0310,-6.1609,6.8264,0.1074,0.0157,0.2203,232,22,0.0990,-1.4016,1.7051,9.7468,1.5006,0.6711,0.0990,3,228,1,22
00-0034771,M.Rudolph,TEN,2024,22,202,-0.0147,-1.6404,7.5304,0.0884,0.0545,0.2123,171,31,0.1864,-1.1241,2.3129,1.8738,1.3105,0.2720,0.1864,5,160,1,31
00-0029604,K.Cousins,ATL,2024,22,451,0.0642,1.8468,7.5107,0.0950,0.0067,0.2423,380,71,0.2575,-0.9701,2.6632,3.4408,1.2275,0.2355,0.2575,10,377,4,71
00-0036442,J.Burrow,CIN,2024,22,682,0.1700,6.8260,6.9067,0.0704,0.0323,0.2670,566,116,0.3488,-0.7023,2.0574,3.5226,1.0511,0.1844,0.3488,6,544,2,116
00-0035704,D.Lock,NYG,2024,22,161,-0.1864,-7.3958,5.7431,0.0903,0.0497,0.1949,131,30,0.0691,-1.3022,3.0617,5.3097,1.3713,0.4476,0.0691,4,123,1,30
00-0038122,D.Ridder,LV,2024,22,70,-0.2719,-3.6515,7.9474,0.1404,0.0714,0.2492,57,13,0.0209,-1.5560,0.8975,2.1399,1.5769,0.4247,0.0209,1,52,0,13
00-0031503,J.Winston,CLE,2024,22,268,-0.1285,-2.6556,9.2119,0.1314,0.0187,0.2686,223,45,0.0391,-0.9590,3.4610,4.2594,0.9981,0.3319,0.0391,10,218,1,45
00-0037834,B.Purdy,SF,2024,22,485,0.2021,1.7115,8.8053,0.1082,0.0866,0.2714,423,62,0.3539,-0.8338,2.2066,2.4748,1.1877,0.2124,0.3539,8,381,3,62
00-0039732,B.Nix,DEN,2024,22,579,0.0402,-0.7023,7.3672,0.1348,0.0760,0.2626,525,54,0.1309,-0.8424,1.8411,4.4436,0.9734,0.2929,0.1309,8,481,2,54
00-0039376,S.Rattler,NO,2024,22,204,-0.1722,-7.2261,8.5568,0.1477,0.0588,0.2643,175,29,-0.0320,-1.0188,2.2812,3.4005,0.9868,0.3610,-0.0320,2,163,1,29
00-0035228,K.Murray,ARI,2024,22,566,0.1128,2.0661,6.8133,0.1024,0.0689,0.3121,517,49,0.2165,-0.9822,1.8802,1.6312,1.1988,0.1922,0.2165,10,478,1,49
00-0039917,M.Penix,ATL,2024,22,104,0.1183,-5.9671,10.4124,0.1856,0.0385,0.1962,94,10,0.2423,-1.0470,2.6988,0.6861,1.2892,0.3120,0.2423,3,90,0,10
00-0039163,C.Stroud,HOU,2024,22,652,0.0089,-0.6950,8.3237,0.1175,0.0629,0.3061,531,121,0.2058,-0.8550,2.1125,2.4153,1.0608,0.1547,0.2058,11,490,1,121
00-0038128,M.Willis,GB,2024,22,60,0.3294,11.5344,6.9773,0.1136,0.1167,0.2621,50,10,0.5930,-0.9881,2.7742,5.8075,1.5811,0.7976,0.5930,0,43,0,10
00-0031280,D.Carr,NO,2024,22,292,0.1534,3.8722,7.8095,0.1429,0.0274,0.2027,263,29,0.1679,0.0216,2.1647,4.8652,0.1463,0.4195,0.1679,3,255,1,29
00-0039150,B.Young,CAR,2024,22,372,0.0213,1.4856,8.9241,0.1361,0.0887,0.2517,316,56,0.1509,-0.7105,2.0285,4.2103,0.8615,0.2857,0.1509,5,283,2,56
00-0039152,W.Levis,TEN,2024,22,309,-0.1663,-0.1753,7.8605,0.1240,0.0518,0.3080,247,62,0.0490,-1.0238,3.2034,3.4606,1.0728,0.2623,0.0490,7,231,3,62
00-0026158,J.Flacco,IND,2024,22,251,-0.0100,-0.7884,8.8034,0.1197,0.0120,0.2494,221,30,0.1922,-1.4997,2.3516,3.1237,1.6919,0.3388,0.1922,5,218,2,30
00-0027973,A.Dalton,CAR,2024,22,149,-0.0477,-0.2637,6.7101,0.0870,0.0336,0.2200,135,14,-0.0459,-0.0653,2.6381,3.3389,0.0195,0.5080,-0.0459,5,130,0,14
00-0034796,L.Jackson,BAL,2024,22,568,0.3136,4.8966,8.7832,0.1513,0.0863,0.2677,508,60,0.4594,-0.9211,2.3185,3.4168,1.3806,0.2480,0.4594,5,459,0,60
00-0036945,J.Fields,PIT,2024,22,188,0.0526,2.0579,7.7742,0.1419,0.0904,0.2523,155,33,0.2233,-0.7491,2.0481,2.9587,0.9724,0.3207,0.2233,1,138,0,33
00-0033077,D.Prescott,DAL,2024,22,269,-0.0089,0.2601,7.8765,0.1152,0.0223,0.2620,226,43,0.1537,-0.8639,2.2800,1.9845,1.0176,0.2372,0.1537,5,220,1,43
00-0030565,G.Smith,SEA,2024,22,593,0.0228,5.7630,6.9105,0.1219,0.0337,0.2933,498,95,0.2558,-1.1989,2.0591,3.8800,1.4547,0.2121,0.2558,7,478,7,95
00-0033873,P.Mahomes,KC,2024,22,723,0.1309,1.8527,6.5199,0.0861,0.0650,0.2510,598,125,0.2921,-0.6403,1.9138,1.9835,0.9324,0.1381,0.2921,10,551,2,125
00-0036264,J.Love,GB,2024,22,418,0.0806,-0.1905,8.5547,0.1501,0.0287,0.1811,363,55,0.2475,-1.0207,2.4192,4.0665,1.2682,0.2839,0.2475,9,351,4,55
00-0039918,C.Williams,CHI,2024,22,591,-0.0714,-0.7215,8.1284,0.1470,0.0711,0.3521,498,93,0.1503,-1.2582,1.7925,1.8008,1.4085,0.1515,0.1503,4,456,2,93
00-0036389,J.Hurts,PHI,2024,22,517,0.1973,8.2612,7.6108,0.1085,0.0909,0.3500,449,68,0.4314,-1.3486,2.1921,2.1517,1.7800,0.1911,0.4314,5,402,1,68
00-0034857,J.Allen,BUF,2024,22,591,0.2808,2.0862,8.0534,0.1508,0.0761,0.2220,530,61,0.3676,-0.4739,2.1789,3.5203,0.8415,0.2486,0.3676,6,485,0,61
00-0029263,R.Wilson,PIT,2024,22,385,0.0603,5.4557,7.9341,0.1437,0.0442,0.2698,306,79,0.2797,-0.7899,2.3230,2.7341,1.0696,0.2054,0.2797,4,289,1,79
00-0023459,A.Rodgers,NYJ,2024,22,609,0.0117,-2.4571,6.9365,0.1143,0.0246,0.2744,517,92,0.1272,-0.6368,2.4833,2.8722,0.7640,0.1898,0.1272,11,502,0,92
00-0033119,J.Brissett,NE,2024,22,172,-0.1292,-1.8562,6.7635,0.0743,0.0465,0.2337,132,40,0.0991,-0.8826,1.2027,2.5399,0.9817,0.2695,0.0991,0,124,1,40
00-0038579,A.O'Connell,LV,2024,22,193,0.0204,-3.9957,7.8626,0.1429,0.0155,0.2119,173,20,0.1099,-0.7541,1.8219,1.5813,0.8640,0.2993,0.1099,2,170,0,20
00-0039164,A.Richardson,IND,2024,22,263,-0.1184,-11.8920,12.4612,0.2328,0.0684,0.2157,226,37,-0.0290,-0.6644,3.0941,3.3594,0.6354,0.3232,-0.0290,12,208,0,37
00-0036212,T.Tagovailoa,MIA,2024,22,393,0.2461,4.1067,5.7766,0.0736,0.0178,0.2988,367,26,0.3606,-1.3694,2.0667,4.9938,1.7300,0.4446,0.3606,5,360,1,26
00-0036971,T.Lawrence,JAX,2024,22,289,0.0492,-0.4470,9.3822,0.1544,0.0450,0.2585,261,28,0.1634,-1.0151,2.1746,2.0961,1.1785,0.2884,0.1634,6,248,0,28
00-0033537,D.Watson,CLE,2024,22,244,-0.2148,-2.2795,7.4670,0.0914,0.0656,0.2797,181,63,0.0443,-0.9592,1.2019,2.0454,1.0035,0.1978,0.0443,2,165,0,63
00-0038583,D.Thompson-Robinson,CLE,2024,22,84,-0.5690,-16.9119,5.4533,0.0667,0.0476,0.1937,66,18,-0.2970,-1.5662,0.9731,3.5701,1.2691,0.4616,-0.2970,2,62,2,18
00-0034869,S.Darnold,MIN,2024,22,612,0.0835,4.4899,8.5888,0.1308,0.0425,0.3038,515,97,0.2921,-1.0241,2.4327,4.0647,1.3161,0.2159,0.2921,12,489,1,97
00-0039851,D.Maye,NE,2024,22,343,-0.0067,3.4434,7.0440,0.0879,0.1137,0.3175,294,49,0.1715,-1.0757,1.9436,3.9922,1.2472,0.2968,0.1715,9,255,0,49
00-0039910,J.Daniels,WAS,2024,22,666,0.1691,3.0284,7.2743,0.1007,0.1201,0.3472,588,78,0.3094,-0.8888,2.3051,2.0099,1.1982,0.1723,0.3094,7,508,1,78
00-0035993,T.Huntley,MIA,2024,22,143,-0.1661,1.9968,7.8087,0.0957,0.0909,0.2684,116,27,0.0910,-1.2703,1.5949,1.5241,1.3613,0.2649,0.0910,2,103,1,27
00-0035289,G.Minshew,LV,2024,22,304,-0.1570,-0.4167,6.3057,0.0906,0.0362,0.2909,250,54,0.1220,-1.4487,2.2842,3.8476,1.5707,0.2835,0.1220,4,239,3,54
00-0034855,B.Mayfield,TB,2024,22,614,0.1821,3.5311,7.0771,0.0940,0.0717,0.3426,561,53,0.3162,-1.2370,2.1782,1.9664,1.5532,0.2024,0.3162,14,517,2,53
00-0035710,D.Jones,NYG,2024,22,357,-0.0778,1.5331,7.3762,0.1029,0.0420,0.2594,294,63,0.0786,-0.8075,1.6512,3.5304,0.8861,0.2483,0.0786,5,279,1,63
00-0033106,J.Goff,DET,2024,22,547,0.2670,5.4868,6.6091,0.0853,0.0219,0.2497,468,79,0.4362,-0.7352,2.6572,3.3075,1.1713,0.2180,0.4362,12,456,2,79
00-0034869,S.Darnold,SEA,2025,2,59,-0.1171,7.1638,8.4000,0.1273,0.0169,0.1925,48,11,-0.0340,-0.4798,2.9970,4.2829,0.4458,0.6722,-0.0340,2,47,0,11
00-0036389,J.Hurts,PHI,2025,2,57,0.0771,12.4643,6.2045,0.1136,0.1754,0.2000,48,9,0.2645,-0.9229,1.0606,0.4999,1.1874,0.2786,0.2645,0,38,0,9
00-0039732,B.Nix,DEN,2025,2,69,0.0367,0.3921,4.9692,0.0769,0.0435,0.1783,64,5,0.2181,-2.2845,1.9448,9.4013,2.5026,1.3823,0.2181,2,61,1,5
00-0036971,T.Lawrence,JAX,2025,2,69,0.0641,-4.4487,7.5000,0.0909,0.0290,0.1783,64,5,0.1933,-1.5897,1.9118,4.8546,1.7830,1.0004,0.1933,2,62,1,5
00-0036212,T.Tagovailoa,MIA,2025,2,58,-0.1311,7.0507,7.4400,0.1400,0.0000,0.2667,47,11,0.1432,-1.3029,2.6384,2.7396,1.4461,0.5524,0.1432,3,47,0,11
00-0034796,L.Jackson,BAL,2025,2,53,0.3619,5.8739,9.1522,0.1957,0.0377,0.2302,45,8,0.5788,-0.8585,2.3911,2.2608,1.4373,0.5794,0.5788,0,43,0,8
00-0039923,J.McCarthy,MIN,2025,2,52,-0.4932,-6.9209,8.4054,0.1351,0.0769,0.2613,39,13,-0.1962,-1.3842,4.4704,3.5132,1.1880,0.6204,-0.1962,2,35,0,13
00-0039851,D.Maye,NE,2025,2,75,0.2095,5.3365,6.8710,0.1129,0.0933,0.2316,63,12,0.4520,-1.0635,1.8455,1.5569,1.5155,0.3988,0.4520,0,56,1,12
00-0026158,J.Flacco,CLE,2025,2,82,-0.1842,-0.6587,6.2597,0.0519,0.0244,0.1821,69,13,0.0248,-1.2931,1.8339,3.5463,1.3179,0.5472,0.0248,2,67,1,13
00-0039376,S.Rattler,NO,2025,2,87,-0.0538,-0.9952,7.5128,0.1154,0.0575,0.2196,80,7,0.0605,-1.3609,1.5582,3.5375,1.4214,0.7245,0.0605,0,75,0,7
00-0039150,B.Young,CAR,2025,2,61,-0.4164,-12.3598,6.4717,0.0377,0.0820,0.1889,50,11,-0.2281,-1.2722,2.2083,7.1267,1.0441,0.8319,-0.2281,1,45,1,11
00-0039910,J.Daniels,WAS,2025,2,70,-0.0485,-1.9528,8.5179,0.1250,0.1143,0.2316,59,11,0.0499,-0.5764,1.4767,2.4464,0.6263,0.4974,0.0499,0,51,0,11
00-0023459,A.Rodgers,PIT,2025,2,64,0.0667,-0.7175,4.4464,0.0357,0.0156,0.2237,51,13,0.3119,-0.8950,2.3560,0.8540,1.2069,0.3345,0.3119,1,50,0,13
00-0033106,J.Goff,DET,2025,2,53,0.3321,13.1937,6.6000,0.0800,0.0189,0.1878,46,7,0.3722,0.0693,2.3346,4.2209,0.3029,0.8085,0.3722,1,45,0,7
00-0026498,M.Stafford,LA,2025,2,63,0.1308,8.0285,7.4407,0.1186,0.0000,0.2036,52,11,0.3399,-0.8579,2.5463,1.8425,1.1978,0.4653,0.3399,1,52,0,11
00-0036264,J.Love,GB,2025,2,53,0.4143,14.5211,12.2745,0.1961,0.0189,0.1822,49,4,0.5571,-1.3346,2.1822,0.7504,1.8917,0.4818,0.5571,0,48,0,4
00-0033873,P.Mahomes,KC,2025,2,79,-0.0115,-7.6262,6.2951,0.0820,0.1646,0.1898,64,15,0.2202,-1.0002,1.3263,5.3431,1.2205,0.6139,0.2202,0,51,1,15
00-0034855,B.Mayfield,TB,2025,2,83,0.1804,-3.6892,9.1143,0.1714,0.0843,0.2302,74,9,0.3109,-0.8928,1.4935,1.3019,1.2037,0.4060,0.3109,0,67,0,9
00-0039917,M.Penix,ATL,2025,2,71,0.1033,-6.4423,6.6667,0.0635,0.0563,0.2113,62,9,0.2282,-0.7568,2.0924,1.8831,0.9850,0.4929,0.2282,0,58,0,9
00-0036355,J.Herbert,LAC,2025,2,68,0.5005,6.9172,10.0179,0.1250,0.1029,0.2346,61,7,0.6478,-0.7827,1.7215,1.0951,1.4305,0.4297,0.6478,0,54,0,7
00-0033077,D.Prescott,DAL,2025,2,91,0.1158,1.3529,8.0118,0.1412,0.0330,0.2000,83,8,0.1688,-0.4339,1.3185,4.4026,0.6027,0.7525,0.1688,0,80,1,8
00-0039918,C.Williams,CHI,2025,2,70,-0.0566,-7.5723,8.4655,0.1552,0.1143,0.2286,64,6,0.0709,-1.4167,1.8592,0.1459,1.4877,0.2310,0.0709,1,56,0,6
00-0029263,R.Wilson,NYG,2025,2,79,0.1235,2.3441,10.0429,0.1857,0.0506,0.2103,65,14,0.3850,-1.0906,2.3165,1.4537,1.4757,0.3735,0.3850,1,61,0,14
00-0030565,G.Smith,LV,2025,2,80,-0.0416,-4.6788,8.0141,0.1268,0.0375,0.2276,68,12,0.0944,-0.8126,2.5910,1.2262,0.9070,0.3745,0.0944,4,65,0,12
00-0040676,C.Ward,TEN,2025,2,62,-0.2987,-10.2322,8.5000,0.0800,0.0484,0.2382,43,19,-0.0656,-0.8262,1.1456,4.1021,0.7606,0.4925,-0.0656,0,40,0,19
00-0035228,K.Murray,ARI,2025,2,60,0.2009,-0.9741,5.4286,0.1020,0.0833,0.2491,52,8,0.3403,-0.7046,1.4242,3.0109,1.0449,0.6354,0.3403,0,47,0,8
00-0039163,C.Stroud,HOU,2025,2,65,-0.1118,-5.0283,7.1961,0.0980,0.1077,0.2276,53,12,0.0683,-0.9072,2.2911,2.5239,0.9756,0.5035,0.0683,1,46,0,12
00-0035710,D.Jones,IND,2025,2,70,0.3246,5.0074,8.4839,0.1129,0.0857,0.1840,62,8,0.4928,-0.9795,1.3530,2.2959,1.4723,0.5557,0.4928,0,56,0,8
00-0034857,J.Allen,BUF,2025,2,66,0.2741,2.0893,7.4643,0.1250,0.0909,0.1864,63,3,0.2640,0.4863,2.0407,2.2384,-0.2223,0.8823,0.2640,0,57,0,3
00-0033873,P.Mahomes,KC,2025,3,119,0.0662,-5.0996,6.8557,0.1031,0.1261,0.1941,95,24,0.2624,-0.7101,1.3898,3.8484,0.9725,0.4183,0.2624,0,80,1,24
00-0026498,M.Stafford,LA,2025,3,97,0.0594,3.0820,7.6848,0.1087,0.0000,0.1937,79,18,0.2392,-0.7299,2.4235,1.7679,0.9691,0.3590,0.2392,2,79,0,18
00-0039851,D.Maye,NE,2025,3,122,0.1705,6.2803,6.3939,0.0808,0.0984,0.2600,102,20,0.4360,-1.1837,1.8551,2.2218,1.6197,0.3596,0.4360,1,90,1,20
00-0036355,J.Herbert,LAC,2025,3,121,0.2626,1.9822,9.6117,0.1359,0.0661,0.2423,100,21,0.4586,-0.6708,1.6527,2.4074,1.1294,0.3622,0.4586,0,92,1,21
00-0036264,J.Love,GB,2025,3,84,0.2498,8.5494,8.8684,0.1447,0.0238,0.2400,75,9,0.4719,-1.6015,2.5320,0.6001,2.0734,0.3169,0.4719,1,73,0,9
00-0039163,C.Stroud,HOU,2025,3,107,-0.1418,-2.3105,7.4432,0.1250,0.0935,0.2338,90,17,0.0070,-0.9298,2.4142,1.9157,0.9368,0.3735,0.0070,3,80,0,17
00-0034855,B.Mayfield,TB,2025,3,112,0.2793,-0.4424,8.8000,0.1684,0.0893,0.2357,101,11,0.4168,-0.9830,1.4831,1.0873,1.3998,0.3369,0.4168,0,91,0,11
00-0036972,M.Jones,SF,2025,3,83,0.0712,-0.1870,7.2179,0.0769,0.0120,0.1931,69,14,0.2533,-0.8260,2.2648,3.3070,1.0792,0.5187,0.2533,1,68,0,14
00-0039376,S.Rattler,NO,2025,3,125,-0.0165,2.5222,7.4464,0.1161,0.0560,0.2237,112,13,0.0282,-0.4010,1.3874,3.9596,0.4292,0.5630,0.0282,0,105,0,13
00-0026158,J.Flacco,CLE,2025,3,119,-0.2040,-1.5572,6.5804,0.0804,0.0168,0.1794,96,23,0.0038,-1.0716,1.4484,2.5801,1.0754,0.3567,0.0038,2,94,2,23
00-0039910,J.Daniels,WAS,2025,3,70,-0.0485,-1.9528,8.5179,0.1250,0.1143,0.2316,59,11,0.0499,-0.5764,1.4767,2.4464,0.6263,0.4974,0.0499,0,51,0,11
00-0034796,L.Jackson,BAL,2025,3,84,0.2967,8.1742,9.0870,0.1449,0.0476,0.2844,70,14,0.5978,-1.2090,2.1045,1.8073,1.8068,0.3989,0.5978,0,66,0,14
00-0029263,R.Wilson,NYG,2025,3,107,-0.0364,0.8333,9.4149,0.1809,0.0561,0.2152,87,20,0.1901,-1.0214,2.3738,1.1400,1.2114,0.2903,0.1901,3,81,0,20
00-0040676,C.Ward,TEN,2025,3,93,-0.3161,-7.5977,6.5921,0.0526,0.0538,0.2526,69,24,-0.0979,-0.9437,2.0968,3.3182,0.8459,0.4107,-0.0979,1,64,0,24
00-0035100,J.Browning,CIN,2025,3,57,-0.6138,-0.2056,7.1852,0.1481,0.0000,0.1855,44,13,-0.2605,-1.8097,5.1265,9.5080,1.5492,0.9208,-0.2605,2,44,3,13
00-0033106,J.Goff,DET,2025,3,80,0.3776,12.5846,7.0000,0.0658,0.0250,0.1673,67,13,0.4475,0.0176,2.0627,2.7178,0.4298,0.4897,0.4475,1,65,0,13
00-0034857,J.Allen,BUF,2025,3,98,0.3080,3.9304,6.2976,0.0833,0.0816,0.2125,93,5,0.3226,0.0380,1.7431,1.6176,0.2846,0.5850,0.3226,0,85,0,5
00-0039732,B.Nix,DEN,2025,3,101,0.0102,-1.8831,6.5778,0.1111,0.0792,0.1962,91,10,0.1786,-1.5228,2.2431,4.9029,1.7014,0.7176,0.1786,2,83,1,10
00-0023459,A.Rodgers,PIT,2025,3,88,0.0466,0.8440,4.5949,0.0506,0.0227,0.2129,72,16,0.3285,-1.2221,2.1198,1.9134,1.5506,0.3860,0.3285,1,70,1,16
00-0035228,K.Murray,ARI,2025,3,100,0.1433,-1.6506,5.2738,0.0952,0.0900,0.2448,88,12,0.2786,-0.8491,1.3698,2.2368,1.1277,0.4494,0.2786,0,79,0,12
00-0039150,B.Young,CAR,2025,3,84,-0.3140,-10.7309,6.4932,0.0411,0.0833,0.1931,70,14,-0.1288,-1.2402,2.1168,5.8034,1.1114,0.6669,-0.1288,1,63,1,14
00-0039918,C.Williams,CHI,2025,3,93,0.1595,-4.5968,8.8642,0.1728,0.0860,0.2240,86,7,0.2769,-1.2835,2.4838,0.2459,1.5604,0.2530,0.2769,1,78,0,7
00-0036971,T.Lawrence,JAX,2025,3,112,-0.0312,-9.1355,7.6415,0.0943,0.0268,0.1962,103,9,0.0747,-1.2433,1.7444,2.6927,1.3180,0.5623,0.0747,3,100,1,9
00-0039917,M.Penix,ATL,2025,3,109,-0.1115,-8.5820,7.2323,0.1111,0.0550,0.2036,98,11,-0.0369,-0.7763,2.5509,1.5326,0.7394,0.4066,-0.0369,2,92,0,11
00-0034869,S.Darnold,SEA,2025,3,77,0.1306,11.0190,8.5890,0.1370,0.0130,0.1855,64,13,0.2686,-0.5487,2.8339,3.6083,0.8173,0.5673,0.2686,2,63,0,13
00-0033077,D.Prescott,DAL,2025,3,116,0.1292,4.2656,7.1574,0.1204,0.0259,0.2000,104,12,0.1871,-0.3730,1.2099,3.5384,0.5601,0.5536,0.1871,0,101,1,12
00-0035710,D.Jones,IND,2025,3,96,0.3620,3.9274,8.1744,0.1047,0.0833,0.1769,86,10,0.4746,-0.6062,1.3267,3.2589,1.0808,0.5842,0.4746,0,78,0,10
00-0036389,J.Hurts,PHI,2025,3,95,0.0289,9.6751,7.1974,0.1053,0.1158,0.2407,82,13,0.2643,-1.4562,1.6217,1.6706,1.7205,0.3851,0.2643,0,71,0,13
00-0036212,T.Tagovailoa,MIA,2025,3,91,-0.0663,4.1676,6.8049,0.1098,0.0110,0.2621,79,12,0.1095,-1.2233,2.7183,2.5665,1.3328,0.4983,0.1095,4,78,0,12
00-0030565,G.Smith,LV,2025,3,102,-0.0522,-3.1396,8.1136,0.1136,0.0294,0.2563,82,20,0.1642,-0.9393,2.4967,0.8497,1.1035,0.2701,0.1642,4,79,0,20
00-0039923,J.McCarthy,MIN,2025,3,52,-0.4932,-6.9209,8.4054,0.1351,0.0769,0.2613,39,13,-0.1962,-1.3842,4.4704,3.5132,1.1880,0.6204,-0.1962,2,35,0,13
00-0033077,D.Prescott,DAL,2025,4,157,0.2383,6.7137,7.4324,0.1284,0.0191,0.1968,140,17,0.2709,-0.0305,1.3520,3.9824,0.3015,0.4939,0.2709,0,137,1,17
00-0036264,J.Love,GB,2025,4,130,0.3473,10.7077,7.8067,0.1345,0.0308,0.2367,116,14,0.5565,-1.3866,2.2324,0.9532,1.9432,0.2955,0.5565,1,112,0,14
00-0039150,B.Young,CAR,2025,4,112,-0.2819,-8.8931,6.2222,0.0505,0.0714,0.1968,95,17,-0.1094,-1.2457,1.8787,4.8338,1.1363,0.5515,-0.1094,1,87,1,17
00-0040676,C.Ward,TEN,2025,4,115,-0.3231,-10.9005,7.1042,0.0521,0.0522,0.2463,86,29,-0.1082,-0.9602,2.2916,2.7574,0.8519,0.3489,-0.1082,2,80,0,29
00-0039918,C.Williams,CHI,2025,4,135,0.1001,-6.6976,8.1695,0.1525,0.0815,0.2302,126,9,0.2094,-1.4307,2.4367,0.2754,1.6402,0.2235,0.2094,2,115,0,9
00-0026158,J.Flacco,CLE,2025,4,150,-0.2456,-3.8186,7.4397,0.1206,0.0133,0.1821,119,31,-0.0229,-1.1004,1.4851,3.8185,1.0775,0.3683,-0.0229,3,117,3,31
00-0026498,M.Stafford,LA,2025,4,141,0.1437,3.8098,7.9470,0.1212,0.0071,0.2054,114,27,0.3093,-0.5557,2.2623,3.2976,0.8651,0.3768,0.3093,2,113,0,27
00-0029263,R.Wilson,NYG,2025,4,109,-0.0556,0.9257,9.2632,0.1789,0.0550,0.2235,88,21,0.1789,-1.0383,2.3575,1.0890,1.2172,0.2804,0.1789,3,82,0,21
00-0035100,J.Browning,CIN,2025,4,80,-0.5230,-0.0745,7.8243,0.1486,0.0125,0.2000,63,17,-0.2139,-1.6687,3.9179,7.2200,1.4548,0.6978,-0.2139,2,62,3,17
00-0039910,J.Daniels,WAS,2025,4,70,-0.0485,-1.9528,8.5179,0.1250,0.1143,0.2316,59,11,0.0499,-0.5764,1.4767,2.4464,0.6263,0.4974,0.0499,0,51,0,11
00-0039851,D.Maye,NE,2025,4,141,0.2811,7.8860,6.6491,0.0789,0.1064,0.2667,120,21,0.5318,-1.1516,2.0451,2.1324,1.6833,0.3444,0.5318,1,105,1,21
00-0039732,B.Nix,DEN,2025,4,140,0.1008,-2.3809,6.4882,0.1102,0.0714,0.1925,129,11,0.2236,-1.3399,2.2276,4.7805,1.5635,0.6722,0.2236,3,119,1,11
00-0036355,J.Herbert,LAC,2025,4,165,0.0849,-0.1117,8.7153,0.1319,0.0545,0.2259,132,33,0.3269,-0.8833,2.1625,2.9793,1.2102,0.3266,0.3269,1,123,2,33
00-0036212,T.Tagovailoa,MIA,2025,4,115,0.0623,3.8555,6.4327,0.0865,0.0261,0.2621,103,12,0.2121,-1.2233,2.6964,2.5665,1.4354,0.4900,0.2121,4,100,0,12
00-0036972,M.Jones,SF,2025,4,83,0.0712,-0.1870,7.2179,0.0769,0.0120,0.1931,69,14,0.2533,-0.8260,2.2648,3.3070,1.0792,0.5187,0.2533,1,68,0,14
00-0039163,C.Stroud,HOU,2025,4,136,-0.0841,-0.1222,7.3571,0.1161,0.0882,0.2423,115,21,0.0735,-0.9470,2.1815,1.5561,1.0205,0.3051,0.0735,3,103,0,21
00-0039376,S.Rattler,NO,2025,4,155,-0.0129,3.0092,6.7007,0.0949,0.0710,0.2254,139,16,0.0541,-0.5947,1.3801,3.5288,0.6488,0.4801,0.0541,0,128,0,16
00-0039917,M.Penix,ATL,2025,4,137,0.0517,-4.3498,7.9200,0.1040,0.0511,0.2103,124,13,0.1482,-0.8692,2.9663,1.3294,1.0174,0.3552,0.1482,3,117,0,13
00-0039923,J.McCarthy,MIN,2025,4,52,-0.4932,-6.9209,8.4054,0.1351,0.0769,0.2613,39,13,-0.1962,-1.3842,4.4704,3.5132,1.1880,0.6204,-0.1962,2,35,0,13
00-0036971,T.Lawrence,JAX,2025,4,144,0.0104,-6.8464,7.3971,0.0882,0.0278,0.1962,135,9,0.0940,-1.2433,1.5928,2.6927,1.3374,0.5577,0.0940,3,131,1,9
00-0035228,K.Murray,ARI,2025,4,148,0.0542,-3.1517,5.4472,0.0976,0.0811,0.2886,129,19,0.2042,-0.9639,1.5656,1.4953,1.1680,0.3014,0.2042,2,117,0,19
00-0034869,S.Darnold,SEA,2025,4,107,0.2005,9.9635,8.7273,0.1313,0.0187,0.2164,91,16,0.3509,-0.6550,2.4550,2.9529,1.0060,0.4599,0.3509,2,89,0,16
00-0036389,J.Hurts,PHI,2025,4,126,0.0396,5.9290,7.1400,0.1200,0.1270,0.2531,110,16,0.2366,-1.3145,1.5375,1.8678,1.5510,0.3615,0.2366,0,94,0,16
00-0037834,B.Purdy,SF,2025,4,80,0.1697,3.0061,7.7534,0.1370,0.0500,0.1736,68,12,0.4214,-1.2564,2.3706,6.5438,1.6778,0.7617,0.4214,2,64,2,12
00-0034857,J.Allen,BUF,2025,4,122,0.3391,5.4279,7.2233,0.1165,0.0902,0.2179,111,11,0.4187,-0.4643,1.9679,0.9411,0.8830,0.3214,0.4187,0,100,1,11
00-0033106,J.Goff,DET,2025,4,102,0.2460,10.3994,8.4184,0.1122,0.0196,0.1586,86,16,0.3434,-0.2773,1.8979,3.0939,0.6207,0.4642,0.3434,1,84,1,16
00-0030565,G.Smith,LV,2025,4,124,-0.1033,-3.2225,7.5093,0.0926,0.0403,0.2528,103,21,0.0565,-0.8868,3.0284,0.8652,0.9432,0.2657,0.0565,7,98,0,21
00-0033873,P.Mahomes,KC,2025,4,155,0.1371,-1.9202,6.8154,0.1077,0.1097,0.1972,128,27,0.3013,-0.6415,1.3936,3.5878,0.9428,0.3792,0.3013,0,111,1,27
00-0034855,B.Mayfield,TB,2025,4,155,0.1776,-3.3613,8.6194,0.1642,0.0774,0.2576,142,13,0.2900,-1.0506,2.1760,0.9381,1.3406,0.2958,0.2900,1,130,0,13
00-0032950,C.Wentz,MIN,2025,4,67,-0.0637,1.0280,7.9074,0.1111,0.0597,0.2492,51,16,0.1934,-0.8832,1.6540,1.1854,1.0766,0.3264,0.1934,2,47,0,16
00-0034796,L.Jackson,BAL,2025,4,111,0.1996,7.8692,8.3708,0.1348,0.0721,0.2904,90,21,0.5961,-1.4997,1.8479,2.5623,2.0958,0.3776,0.5961,0,82,1,21
00-0035710,D.Jones,IND,2025,4,131,0.2377,4.9184,8.5378,0.1261,0.0611,0.1836,113,18,0.3399,-0.4040,1.4634,2.6219,0.7438,0.3983,0.3399,2,105,0,18
00-0036945,J.Fields,NYJ,2025,4,63,0.1047,-0.9770,7.6735,0.0612,0.1429,0.2036,52,11,0.3322,-0.9705,2.4998,1.2473,1.3027,0.4018,0.3322,0,43,0,11
00-0023459,A.Rodgers,PIT,2025,4,107,0.1037,2.5986,4.3158,0.0421,0.0280,0.2303,89,18,0.3794,-1.2594,2.2883,1.7046,1.6388,0.3470,0.3794,1,86,1,18
00-0039923,J.McCarthy,MIN,2025,5,52,-0.4932,-6.9209,8.4054,0.1351,0.0769,0.2613,39,13,-0.1962,-1.3842,4.4704,3.5132,1.1880,0.6204,-0.1962,2,35,0,13
00-0026498,M.Stafford,LA,2025,5,188,0.1896,1.9601,8.8596,0.1404,0.0053,0.2104,159,29,0.3209,-0.5307,1.9114,3.2927,0.8517,0.3544,0.3209,2,158,0,29
00-0039918,C.Williams,CHI,2025,5,135,0.1001,-6.6976,8.1695,0.1525,0.0815,0.2302,126,9,0.2094,-1.4307,2.4367,0.2754,1.6402,0.2235,0.2094,2,115,0,9
00-0039150,B.Young,CAR,2025,5,145,-0.2222,-5.0021,6.7266,0.0859,0.0621,0.2111,121,24,-0.0147,-1.2681,1.9475,5.4554,1.2534,0.4934,-0.0147,2,112,1,24
00-0032950,C.Wentz,MIN,2025,5,107,0.0263,3.2925,7.5455,0.1136,0.0654,0.2704,88,19,0.2404,-0.9650,1.4788,1.0407,1.2054,0.2675,0.2404,2,81,0,19
00-0040676,C.Ward,TEN,2025,5,153,-0.2601,-10.3582,7.9466,0.0687,0.0458,0.2523,120,33,-0.0726,-0.9417,1.9581,2.7882,0.8690,0.3175,-0.0726,3,113,0,33
00-0036971,T.Lawrence,JAX,2025,5,179,0.0370,-4.4725,7.5466,0.0870,0.0615,0.2129,163,16,0.1468,-1.0816,1.5438,2.8676,1.2285,0.4344,0.1468,3,152,2,16
00-0039163,C.Stroud,HOU,2025,5,162,0.0351,3.2140,7.2667,0.1037,0.0802,0.2560,139,23,0.2136,-1.0439,2.1051,1.5199,1.2575,0.2850,0.2136,3,126,0,23
00-0026158,J.Flacco,CLE,2025,5,150,-0.2456,-3.8186,7.4397,0.1206,0.0133,0.1821,119,31,-0.0229,-1.1004,1.4851,3.8185,1.0775,0.3683,-0.0229,3,117,3,31
00-0036945,J.Fields,NYJ,2025,5,94,-0.0210,-0.7839,7.3151,0.0685,0.1170,0.2348,74,20,0.3082,-1.2392,1.9923,1.1951,1.5474,0.2944,0.3082,0,63,0,20
00-0039910,J.Daniels,WAS,2025,5,98,0.0772,-2.5602,9.0000,0.1266,0.1224,0.2407,86,12,0.1674,-0.5690,1.4985,2.2246,0.7364,0.4503,0.1674,0,74,0,12
00-0034857,J.Allen,BUF,2025,5,161,0.3118,5.5454,7.3881,0.1119,0.1118,0.2164,146,15,0.4071,-0.6156,2.0363,0.7999,1.0227,0.2594,0.4071,1,128,1,15
00-0035710,D.Jones,IND,2025,5,163,0.2668,3.7104,8.3851,0.1216,0.0491,0.1778,143,20,0.3468,-0.3050,1.3812,2.5582,0.6518,0.3709,0.3468,2,135,0,20
00-0035228,K.Murray,ARI,2025,5,182,0.0731,-1.3076,5.7237,0.0987,0.0769,0.2974,158,24,0.2402,-1.0265,1.5319,1.2583,1.2666,0.2493,0.2402,2,144,0,24
00-0030565,G.Smith,LV,2025,5,150,-0.1621,-3.4280,7.3182,0.1061,0.0333,0.2623,126,24,-0.0256,-0.8791,3.2925,1.2384,0.8536,0.2788,-0.0256,9,121,0,24
00-0036355,J.Herbert,LAC,2025,5,199,0.0256,0.5875,7.8902,0.1156,0.0503,0.2417,159,40,0.2709,-0.9498,2.3225,2.5346,1.2207,0.2792,0.2709,2,149,2,40
00-0039851,D.Maye,NE,2025,5,177,0.2605,9.0517,6.7431,0.0903,0.0960,0.2795,148,29,0.4963,-0.9430,2.1552,1.9890,1.4394,0.2884,0.4963,1,131,1,29
00-0023459,A.Rodgers,PIT,2025,5,107,0.1037,2.5986,4.3158,0.0421,0.0280,0.2303,89,18,0.3794,-1.2594,2.2883,1.7046,1.6388,0.3470,0.3794,1,86,1,18
00-0033106,J.Goff,DET,2025,5,123,0.2845,10.6775,7.7265,0.1026,0.0163,0.1723,102,21,0.4319,-0.4316,1.9269,3.8101,0.8636,0.4476,0.4319,1,100,1,21
00-0039917,M.Penix,ATL,2025,5,137,0.0517,-4.3498,7.9200,0.1040,0.0511,0.2103,124,13,0.1482,-0.8692,2.9663,1.3294,1.0174,0.3552,0.1482,3,117,0,13
00-0037834,B.Purdy,SF,2025,5,80,0.1697,3.0061,7.7534,0.1370,0.0500,0.1736,68,12,0.4214,-1.2564,2.3706,6.5438,1.6778,0.7617,0.4214,2,64,2,12
00-0029263,R.Wilson,NYG,2025,5,109,-0.0556,0.9257,9.2632,0.1789,0.0550,0.2235,88,21,0.1789,-1.0383,2.3575,1.0890,1.2172,0.2804,0.1789,3,82,0,21
00-0040691,J.Dart,NYG,2025,5,65,-0.1688,0.8730,7.3137,0.1373,0.1231,0.2276,52,13,0.1576,-1.4743,1.8784,2.1466,1.6318,0.4486,0.1576,0,44,1,13
00-0036972,M.Jones,SF,2025,5,132,0.1509,-0.4666,6.7698,0.0635,0.0076,0.1794,109,23,0.3085,-0.5960,1.8361,2.7749,0.9045,0.3708,0.3085,1,108,0,23
00-0039732,B.Nix,DEN,2025,5,184,0.1102,-1.6617,6.8795,0.1145,0.0652,0.1937,165,19,0.2571,-1.1658,2.0375,3.2118,1.4229,0.4259,0.2571,3,153,1,19
00-0036264,J.Love,GB,2025,5,130,0.3473,10.7077,7.8067,0.1345,0.0308,0.2367,116,14,0.5565,-1.3866,2.2324,0.9532,1.9432,0.2955,0.5565,1,112,0,14
00-0033077,D.Prescott,DAL,2025,5,182,0.2801,5.6242,7.6941,0.1353,0.0330,0.1937,164,18,0.2905,0.1849,1.4974,4.5836,0.1056,0.5136,0.2905,0,158,1,18
00-0034869,S.Darnold,SEA,2025,5,141,0.3182,11.6605,8.5639,0.1203,0.0142,0.2095,123,18,0.4227,-0.3955,2.3768,3.2772,0.8181,0.4488,0.4227,3,121,0,18
00-0036212,T.Tagovailoa,MIA,2025,5,155,0.1158,6.5742,6.8286,0.0929,0.0258,0.2844,140,15,0.2587,-1.2176,2.5744,2.0610,1.4763,0.3947,0.2587,4,136,0,15
00-0033873,P.Mahomes,KC,2025,5,201,0.1328,0.0377,7.5263,0.1170,0.1095,0.1868,170,31,0.2277,-0.3874,2.2235,3.9313,0.6150,0.3740,0.2277,1,148,1,31
00-0039376,S.Rattler,NO,2025,5,184,0.0241,1.5489,6.7831,0.0904,0.0598,0.2219,167,17,0.0873,-0.5966,1.5533,3.3083,0.6839,0.4516,0.0873,0,156,0,17
00-0036389,J.Hurts,PHI,2025,5,171,0.0321,3.6153,8.1884,0.1522,0.0994,0.2883,146,25,0.2404,-1.1846,1.5928,1.2721,1.4250,0.2486,0.2404,0,129,0,25
00-0034855,B.Mayfield,TB,2025,5,194,0.2750,1.3415,8.4551,0.1677,0.0825,0.2656,180,14,0.3830,-1.1135,2.2154,0.9213,1.4964,0.2795,0.3830,1,164,0,14
00-0034796,L.Jackson,BAL,2025,5,111,0.1996,7.8692,8.3708,0.1348,0.0721,0.2904,90,21,0.5961,-1.4997,1.8479,2.5623,2.0958,0.3776,0.5961,0,82,1,21
00-0035100,J.Browning,CIN,2025,5,112,-0.5116,-2.8432,7.8077,0.1346,0.0268,0.1906,92,20,-0.3076,-1.4501,3.5042,6.4024,1.1425,0.5985,-0.3076,5,89,3,20
00-0036972,M.Jones,SF,2025,6,175,0.1044,1.0497,7.4630,0.0802,0.0171,0.2150,145,30,0.2941,-0.8121,1.9579,2.3601,1.1061,0.3036,0.2941,3,142,0,30
00-0035228,K.Murray,ARI,2025,6,182,0.0731,-1.3076,5.7237,0.0987,0.0769,0.2974,158,24,0.2402,-1.0265,1.5319,1.2583,1.2666,0.2493,0.2402,2,144,0,24
00-0035710,D.Jones,IND,2025,6,196,0.2479,3.7169,8.1180,0.1067,0.0510,0.1743,170,26,0.3010,-0.0993,1.5336,2.5284,0.4004,0.3260,0.3010,3,160,0,26
00-0039910,J.Daniels,WAS,2025,6,133,0.1300,0.7627,8.7905,0.1333,0.1353,0.2687,118,15,0.2239,-0.6085,2.0341,1.8010,0.8325,0.3705,0.2239,1,100,0,15
00-0033106,J.Goff,DET,2025,6,150,0.3064,12.4158,6.9789,0.0845,0.0200,0.1768,126,24,0.4696,-0.5503,1.7800,3.5185,1.0200,0.4009,0.4696,1,123,1,24
00-0039917,M.Penix,ATL,2025,6,171,0.0428,-4.3862,7.8077,0.1090,0.0468,0.2254,155,16,0.1286,-0.7881,2.6766,1.7895,0.9167,0.3593,0.1286,3,147,0,16
00-0039163,C.Stroud,HOU,2025,6,162,0.0351,3.2140,7.2667,0.1037,0.0802,0.2560,139,23,0.2136,-1.0439,2.1051,1.5199,1.2575,0.2850,0.2136,3,126,0,23
00-0023459,A.Rodgers,PIT,2025,6,136,0.1555,3.6801,5.1220,0.0732,0.0294,0.2203,115,21,0.4003,-1.1851,2.1254,1.7157,1.5853,0.3165,0.4003,1,111,1,21
00-0040691,J.Dart,NYG,2025,6,96,0.0131,1.6964,7.9733,0.1333,0.1354,0.2413,80,16,0.2426,-1.1341,1.9518,2.7786,1.3767,0.4450,0.2426,0,67,1,16
00-0040704,D.Gabriel,CLE,2025,6,65,-0.1127,-7.4086,5.8475,0.0508,0.0154,0.2218,55,10,-0.0004,-0.7304,0.9943,0.7123,0.7300,0.2988,-0.0004,0,54,0,10
00-0040676,C.Ward,TEN,2025,6,175,-0.2907,-8.8066,7.4430,0.0738,0.0400,0.2673,136,39,-0.0598,-1.0959,1.9339,2.9657,1.0361,0.3004,-0.0598,4,129,0,39
00-0034796,L.Jackson,BAL,2025,6,111,0.1996,7.8692,8.3708,0.1348,0.0721,0.2904,90,21,0.5961,-1.4997,1.8479,2.5623,2.0958,0.3776,0.5961,0,82,1,21
00-0036355,J.Herbert,LAC,2025,6,238,0.0505,2.1006,7.5118,0.1043,0.0420,0.2327,191,47,0.2926,-0.9334,2.2411,2.1840,1.2260,0.2412,0.2926,2,181,2,47
00-0033873,P.Mahomes,KC,2025,6,236,0.1721,0.9275,7.2362,0.1055,0.1144,0.2025,202,34,0.2928,-0.5451,2.0972,3.9932,0.8379,0.3575,0.2928,1,175,1,34
00-0033077,D.Prescott,DAL,2025,6,216,0.3181,5.8787,7.3382,0.1176,0.0278,0.1877,196,20,0.3181,0.3187,1.6218,4.9350,-0.0006,0.5050,0.3181,0,190,1,20
00-0039923,J.McCarthy,MIN,2025,6,52,-0.4932,-6.9209,8.4054,0.1351,0.0769,0.2613,39,13,-0.1962,-1.3842,4.4704,3.5132,1.1880,0.6204,-0.1962,2,35,0,13
00-0037834,B.Purdy,SF,2025,6,80,0.1697,3.0061,7.7534,0.1370,0.0500,0.1736,68,12,0.4214,-1.2564,2.3706,6.5438,1.6778,0.7617,0.4214,2,64,2,12
00-0034869,S.Darnold,SEA,2025,6,169,0.3072,10.6151,9.2327,0.1447,0.0178,0.2088,147,22,0.4362,-0.5551,2.3453,2.8650,0.9913,0.3823,0.4362,3,144,0,22
00-0039851,D.Maye,NE,2025,6,208,0.3145,9.3054,7.3824,0.1118,0.1010,0.2750,175,33,0.5246,-0.7997,2.2050,2.1389,1.3243,0.2782,0.5246,1,154,1,33
00-0034857,J.Allen,BUF,2025,6,190,0.2211,3.0666,7.7885,0.1154,0.1105,0.2423,169,21,0.3395,-0.7324,2.2416,0.8069,1.0719,0.2274,0.3395,3,148,1,21
00-0036212,T.Tagovailoa,MIA,2025,6,190,0.0934,5.7834,6.8023,0.0814,0.0263,0.2886,171,19,0.2263,-1.1032,2.4959,2.1263,1.3295,0.3557,0.2263,7,166,0,19
00-0030565,G.Smith,LV,2025,6,170,-0.1352,-3.1255,6.5867,0.0933,0.0294,0.2643,141,29,0.0264,-0.9207,3.0885,1.2694,0.9471,0.2563,0.0264,9,136,0,29
00-0039150,B.Young,CAR,2025,6,172,-0.1708,-2.2573,6.6340,0.0850,0.0581,0.2077,143,29,-0.0100,-0.9634,2.2397,5.4653,0.9533,0.4518,-0.0100,3,133,1,29
00-0036945,J.Fields,NYJ,2025,6,123,-0.1885,-3.3557,6.9778,0.0667,0.1138,0.2831,92,31,0.1876,-1.3046,1.7636,0.8523,1.4922,0.2160,0.1876,0,78,0,31
00-0026158,J.Flacco,CLE,2025,6,183,-0.1934,-2.8527,7.2209,0.1163,0.0109,0.1810,147,36,0.0029,-0.9950,1.4708,3.5618,0.9978,0.3301,0.0029,3,145,3,36
00-0036971,T.Lawrence,JAX,2025,6,229,0.0269,-3.9800,7.5616,0.0936,0.0524,0.2463,200,29,0.1695,-0.9564,1.5305,2.3422,1.1258,0.2973,0.1695,3,188,2,29
00-0035100,J.Browning,CIN,2025,6,112,-0.5116,-2.8432,7.8077,0.1346,0.0268,0.1906,92,20,-0.3076,-1.4501,3.5042,6.4024,1.1425,0.5985,-0.3076,5,89,3,20
00-0039376,S.Rattler,NO,2025,6,214,0.0168,2.2482,7.0156,0.1042,0.0607,0.2314,193,21,0.0849,-0.6095,1.6407,2.8391,0.6944,0.3791,0.0849,0,180,0,21
00-0032950,C.Wentz,MIN,2025,6,107,0.0263,3.2925,7.5455,0.1136,0.0654,0.2704,88,19,0.2404,-0.9650,1.4788,1.0407,1.2054,0.2675,0.2404,2,81,0,19
00-0039732,B.Nix,DEN,2025,6,217,0.0974,-0.9293,6.6071,0.1020,0.0645,0.1970,195,22,0.2463,-1.2225,1.9660,2.9131,1.4688,0.3775,0.2463,3,181,1,22
00-0034855,B.Mayfield,TB,2025,6,217,0.3037,1.7825,8.7074,0.1649,0.0783,0.2730,202,15,0.4140,-1.1813,2.2707,0.9245,1.5953,0.2700,0.4140,1,185,0,15
00-0026498,M.Stafford,LA,2025,6,215,0.1849,1.7980,8.8529,0.1324,0.0047,0.2177,185,30,0.3353,-0.7419,1.9075,4.5175,1.0772,0.4011,0.3353,2,184,0,30
00-0039918,C.Williams,CHI,2025,6,169,0.1054,-7.0020,8.2313,0.1565,0.0710,0.2533,156,13,0.2236,-1.3137,2.4247,0.2502,1.5373,0.1865,0.2236,2,144,0,13
00-0036264,J.Love,GB,2025,6,160,0.3428,10.3746,8.1181,0.1458,0.0500,0.2375,143,17,0.5446,-1.3550,2.0910,3.0073,1.8997,0.4376,0.5446,1,135,1,17
00-0029263,R.Wilson,NYG,2025,6,110,-0.0712,0.2902,9.2708,0.1771,0.0545,0.2235,89,21,0.1570,-1.0383,2.3733,1.0890,1.1953,0.2802,0.1570,3,83,0,21
00-0036389,J.Hurts,PHI,2025,6,202,0.0125,4.0824,8.4268,0.1524,0.0941,0.3036,174,28,0.2122,-1.2287,1.9528,1.2091,1.4409,0.2333,0.2122,1,155,0,28
00-0039910,J.Daniels,WAS,2025,7,161,0.0857,-1.0469,8.8031,0.1260,0.1366,0.2824,143,18,0.1906,-0.7478,2.0568,4.0734,0.9384,0.4906,0.1906,1,121,0,18
00-0034857,J.Allen,BUF,2025,7,190,0.2211,3.0666,7.7885,0.1154,0.1105,0.2423,169,21,0.3395,-0.7324,2.2416,0.8069,1.0719,0.2274,0.3395,3,148,1,21
00-0036212,T.Tagovailoa,MIA,2025,7,213,0.0104,4.1539,6.7344,0.0833,0.0282,0.2960,191,22,0.1463,-1.1690,2.7271,1.9362,1.3153,0.3198,0.1463,8,185,0,22
00-0039376,S.Rattler,NO,2025,7,248,-0.0301,2.0508,7.6742,0.1222,0.0565,0.2494,220,28,0.0795,-0.8905,1.7995,3.1168,0.9700,0.3457,0.0795,1,206,1,28
00-0036264,J.Love,GB,2025,7,193,0.3269,8.0449,7.8555,0.1329,0.0570,0.2418,174,19,0.5130,-1.3771,2.0407,2.7005,1.8902,0.3923,0.5130,1,163,1,19
00-0033106,J.Goff,DET,2025,7,181,0.2276,10.3726,6.6568,0.0710,0.0221,0.1900,149,32,0.4439,-0.7795,1.8384,3.6321,1.2234,0.3547,0.4439,1,145,2,32
00-0033077,D.Prescott,DAL,2025,7,246,0.3176,4.9238,7.3680,0.1212,0.0325,0.1886,222,24,0.3252,0.2472,1.7028,4.2663,0.0781,0.4306,0.3252,0,214,1,24
00-0039918,C.Williams,CHI,2025,7,194,0.0967,-6.4846,8.2398,0.1579,0.0619,0.2492,177,17,0.2133,-1.1176,2.3186,0.6155,1.3309,0.2220,0.2133,3,165,0,17
00-0034796,L.Jackson,BAL,2025,7,111,0.1996,7.8692,8.3708,0.1348,0.0721,0.2904,90,21,0.5961,-1.4997,1.8479,2.5623,2.0958,0.3776,0.5961,0,82,1,21
00-0036945,J.Fields,NYJ,2025,7,139,-0.2322,-4.7059,7.0098,0.0784,0.1079,0.2938,104,35,0.1157,-1.2659,1.7378,0.7801,1.3817,0.1975,0.1157,0,89,0,35
00-0035710,D.Jones,IND,2025,7,228,0.2789,4.3028,8.4300,0.1111,0.0482,0.1760,198,30,0.3534,-0.2123,1.6041,2.2838,0.5657,0.2902,0.3534,3,187,0,30
00-0026498,M.Stafford,LA,2025,7,243,0.1758,1.8260,9.1595,0.1466,0.0041,0.2072,209,34,0.3340,-0.7971,1.8323,4.0309,1.1311,0.3568,0.3340,2,208,0,34
00-0036355,J.Herbert,LAC,2025,7,278,0.0693,2.6062,7.6000,0.1080,0.0396,0.2142,222,56,0.2896,-0.8040,2.4376,2.0305,1.0936,0.2173,0.2896,4,211,2,56
00-0030565,G.Smith,LV,2025,7,184,-0.1784,-3.2408,6.2099,0.0864,0.0326,0.2698,154,30,-0.0288,-0.9467,2.9225,1.2459,0.9180,0.2460,-0.0288,9,148,0,30
00-0035228,K.Murray,ARI,2025,7,182,0.0731,-1.3076,5.7237,0.0987,0.0769,0.2974,158,24,0.2402,-1.0265,1.5319,1.2583,1.2666,0.2493,0.2402,2,144,0,24
00-0026158,J.Flacco,CLE,2025,7,232,-0.0873,-1.8686,7.2100,0.1096,0.0086,0.1890,191,41,0.1070,-0.9923,1.5650,3.1536,1.0993,0.2917,0.1070,3,189,3,41
00-0036389,J.Hurts,PHI,2025,7,226,0.0805,6.0044,8.8054,0.1622,0.0841,0.3169,194,32,0.2778,-1.1162,2.3333,1.2673,1.3940,0.2272,0.2778,1,175,0,32
00-0033119,J.Brissett,ARI,2025,7,94,0.0889,3.7053,8.7901,0.1605,0.0532,0.2141,71,23,0.3904,-0.8418,2.0677,2.8503,1.2322,0.3912,0.3904,1,66,0,23
00-0039923,J.McCarthy,MIN,2025,7,52,-0.4932,-6.9209,8.4054,0.1351,0.0769,0.2613,39,13,-0.1962,-1.3842,4.4704,3.5132,1.1880,0.6204,-0.1962,2,35,0,13
00-0035100,J.Browning,CIN,2025,7,112,-0.5116,-2.8432,7.8077,0.1346,0.0268,0.1906,92,20,-0.3076,-1.4501,3.5042,6.4024,1.1425,0.5985,-0.3076,5,89,3,20
00-0033873,P.Mahomes,KC,2025,7,276,0.2265,1.7014,7.0385,0.1026,0.1123,0.2048,239,37,0.3505,-0.5745,1.9917,3.6805,0.9250,0.3283,0.3505,1,208,1,37
00-0023459,A.Rodgers,PIT,2025,7,171,0.2031,3.9441,5.9809,0.0892,0.0292,0.2141,148,23,0.3852,-0.9684,2.3334,2.3532,1.3536,0.3436,0.3852,3,143,1,23
00-0040691,J.Dart,NYG,2025,7,133,0.1071,-3.4360,8.7383,0.1682,0.0977,0.2560,109,24,0.3330,-0.9189,2.4239,2.4145,1.2519,0.3505,0.3330,0,96,1,24
00-0040676,C.Ward,TEN,2025,7,199,-0.2914,-6.8089,7.4497,0.0828,0.0352,0.2849,155,44,-0.0098,-1.2836,1.8642,3.9023,1.2739,0.3174,-0.0098,4,148,0,44
00-0034869,S.Darnold,SEA,2025,7,196,0.2873,10.2363,9.2391,0.1467,0.0204,0.2082,170,26,0.4319,-0.6587,2.2717,3.8201,1.0907,0.4004,0.4319,3,166,0,26
00-0032950,C.Wentz,MIN,2025,7,153,0.0307,2.0664,8.3462,0.1385,0.0588,0.2617,126,27,0.2866,-1.1637,1.4192,2.9911,1.4503,0.3493,0.2866,2,117,2,27
00-0039163,C.Stroud,HOU,2025,7,195,-0.0267,-0.0701,7.0549,0.0976,0.0667,0.2675,167,28,0.1742,-1.2254,1.9185,1.7372,1.3996,0.2712,0.1742,3,154,1,28
00-0040704,D.Gabriel,CLE,2025,7,80,-0.0156,-6.3311,5.4857,0.0429,0.0500,0.2276,68,12,0.1240,-0.8066,1.1888,0.6332,0.9306,0.2650,0.1240,0,64,0,12
00-0029263,R.Wilson,NYG,2025,7,110,-0.0712,0.2902,9.2708,0.1771,0.0545,0.2235,89,21,0.1570,-1.0383,2.3733,1.0890,1.1953,0.2802,0.1570,3,83,0,21
00-0036972,M.Jones,SF,2025,7,203,0.1025,1.0635,7.1330,0.0745,0.0197,0.2141,169,34,0.2960,-0.8593,2.0486,2.1157,1.1553,0.2727,0.2960,4,165,0,34
00-0037834,B.Purdy,SF,2025,7,80,0.1697,3.0061,7.7534,0.1370,0.0500,0.1736,68,12,0.4214,-1.2564,2.3706,6.5438,1.6778,0.7617,0.4214,2,64,2,12
00-0039732,B.Nix,DEN,2025,7,258,0.0638,-2.8333,7.0897,0.1154,0.0543,0.2054,231,27,0.2028,-1.1251,1.9254,2.4558,1.3280,0.3151,0.2028,3,217,1,27
00-0036971,T.Lawrence,JAX,2025,7,272,-0.0439,-6.5208,7.7280,0.1088,0.0515,0.2681,235,37,0.0965,-0.9352,1.5348,2.3534,1.0316,0.2648,0.0965,3,221,2,37
00-0039851,D.Maye,NE,2025,7,235,0.3388,11.2320,7.5372,0.1117,0.1149,0.2925,199,36,0.5522,-0.8412,2.1660,1.9934,1.3934,0.2574,0.5522,1,172,1,36
00-0039917,M.Penix,ATL,2025,7,206,0.0266,-3.4824,7.7059,0.1070,0.0485,0.2382,187,19,0.1347,-1.0375,2.5521,2.3154,1.1722,0.3681,0.1347,3,177,0,19
00-0039150,B.Young,CAR,2025,7,200,-0.1488,-2.3925,6.4101,0.0787,0.0600,0.2024,165,35,0.0087,-0.8912,2.1197,4.8936,0.8999,0.3907,0.0087,3,153,1,35
00-0028118,T.Taylor,NYJ,2025,7,61,-0.3517,-2.2805,8.3617,0.2128,0.1475,0.2103,48,13,-0.2414,-0.7588,2.5798,2.5389,0.5174,0.4990,-0.2414,3,39,0,13
00-0034855,B.Mayfield,TB,2025,7,255,0.1620,0.0330,8.8063,0.1757,0.0667,0.2928,237,18,0.2618,-1.1511,2.4075,0.8398,1.4129,0.2384,0.2618,2,220,0,18
00-0039910,J.Daniels,WAS,2025,8,161,0.0857,-1.0469,8.8031,0.1260,0.1366,0.2824,143,18,0.1906,-0.7478,2.0568,4.0734,0.9384,0.4906,0.1906,1,121,0,18
00-0040691,J.Dart,NYG,2025,8,158,0.1135,-2.7047,8.9683,0.1667,0.0949,0.2795,130,28,0.3388,-0.9328,2.3440,2.0651,1.2716,0.3030,0.3388,0,115,1,28
00-0040676,C.Ward,TEN,2025,8,225,-0.2797,-6.8679,7.7604,0.0833,0.0356,0.2901,178,47,-0.0008,-1.3363,1.8076,3.7645,1.3355,0.3004,-0.0008,4,170,0,47
00-0033119,J.Brissett,ARI,2025,8,94,0.0889,3.7053,8.7901,0.1605,0.0532,0.2141,71,23,0.3904,-0.8418,2.0677,2.8503,1.2322,0.3912,0.3904,1,66,0,23
00-0034857,J.Allen,BUF,2025,8,211,0.2355,1.9369,7.6057,0.1029,0.0995,0.2560,188,23,0.3665,-0.8353,2.2820,0.8694,1.2019,0.2235,0.3665,3,167,1,23
00-0036355,J.Herbert,LAC,2025,8,309,0.1134,3.0231,7.6642,0.1095,0.0550,0.2083,246,63,0.3277,-0.7233,2.4897,2.1232,1.0510,0.2093,0.3277,5,229,2,63
00-0033077,D.Prescott,DAL,2025,8,278,0.2900,4.2629,7.2840,0.1206,0.0468,0.1821,247,31,0.3031,0.1852,1.6204,4.0529,0.1180,0.3705,0.3031,1,234,1,31
00-0037834,B.Purdy,SF,2025,8,80,0.1697,3.0061,7.7534,0.1370,0.0500,0.1736,68,12,0.4214,-1.2564,2.3706,6.5438,1.6778,0.7617,0.4214,2,64,2,12
00-0032950,C.Wentz,MIN,2025,8,179,0.0113,0.8915,7.6689,0.1192,0.0503,0.2848,146,33,0.2587,-1.0835,1.3960,2.9146,1.3422,0.3129,0.2587,2,137,2,33
00-0039923,J.McCarthy,MIN,2025,8,52,-0.4932,-6.9209,8.4054,0.1351,0.0769,0.2613,39,13,-0.1962,-1.3842,4.4704,3.5132,1.1880,0.6204,-0.1962,2,35,0,13
00-0039150,B.Young,CAR,2025,8,200,-0.1488,-2.3925,6.4101,0.0787,0.0600,0.2024,165,35,0.0087,-0.8912,2.1197,4.8936,0.8999,0.3907,0.0087,3,153,1,35
00-0026498,M.Stafford,LA,2025,8,243,0.1758,1.8260,9.1595,0.1466,0.0041,0.2072,209,34,0.3340,-0.7971,1.8323,4.0309,1.1311,0.3568,0.3340,2,208,0,34
00-0028118,T.Taylor,NYJ,2025,8,61,-0.3517,-2.2805,8.3617,0.2128,0.1475,0.2103,48,13,-0.2414,-0.7588,2.5798,2.5389,0.5174,0.4990,-0.2414,3,39,0,13
00-0035100,J.Browning,CIN,2025,8,112,-0.5116,-2.8432,7.8077,0.1346,0.0268,0.1906,92,20,-0.3076,-1.4501,3.5042,6.4024,1.1425,0.5985,-0.3076,5,89,3,20
00-0039163,C.Stroud,HOU,2025,8,235,0.0765,1.3934,7.4229,0.1045,0.0681,0.2612,205,30,0.2461,-1.0823,1.8773,2.0541,1.3284,0.2786,0.2461,4,189,1,30
00-0034855,B.Mayfield,TB,2025,8,279,0.1503,-0.5533,8.5350,0.1605,0.0609,0.3093,258,21,0.2696,-1.3154,2.3361,1.1662,1.5851,0.2541,0.2696,2,241,0,21
00-0039732,B.Nix,DEN,2025,8,278,0.0828,-1.8336,7.3953,0.1225,0.0504,0.2054,251,27,0.2127,-1.1251,2.0264,2.4558,1.3379,0.3147,0.2127,4,237,1,27
00-0036945,J.Fields,NYJ,2025,8,172,-0.1178,-2.4526,6.9154,0.0769,0.1105,0.2907,136,36,0.1854,-1.2635,1.6803,0.7580,1.4489,0.1828,0.1854,0,117,0,36
00-0039376,S.Rattler,NO,2025,8,273,-0.0873,2.3529,7.7759,0.1286,0.0586,0.2636,241,32,0.0198,-0.8939,2.1650,2.8347,0.9137,0.3124,0.0198,2,225,1,32
00-0035228,K.Murray,ARI,2025,8,182,0.0731,-1.3076,5.7237,0.0987,0.0769,0.2974,158,24,0.2402,-1.0265,1.5319,1.2583,1.2666,0.2493,0.2402,2,144,0,24
00-0034796,L.Jackson,BAL,2025,8,111,0.1996,7.8692,8.3708,0.1348,0.0721,0.2904,90,21,0.5961,-1.4997,1.8479,2.5623,2.0958,0.3776,0.5961,0,82,1,21
00-0033106,J.Goff,DET,2025,8,181,0.2276,10.3726,6.6568,0.0710,0.0221,0.1900,149,32,0.4439,-0.7795,1.8384,3.6321,1.2234,0.3547,0.4439,1,145,2,32
00-0030565,G.Smith,LV,2025,8,184,-0.1784,-3.2408,6.2099,0.0864,0.0326,0.2698,154,30,-0.0288,-0.9467,2.9225,1.2459,0.9180,0.2460,-0.0288,9,148,0,30
00-0023459,A.Rodgers,PIT,2025,8,199,0.1347,4.0785,5.9505,0.0934,0.0251,0.2333,172,27,0.3148,-1.0126,2.2556,2.0595,1.3274,0.2990,0.3148,3,167,1,27
00-0039918,C.Williams,CHI,2025,8,229,0.0942,-4.0482,8.1773,0.1478,0.0611,0.2493,209,20,0.2149,-1.1664,2.2774,0.5959,1.3813,0.2017,0.2149,4,195,0,20
00-0036212,T.Tagovailoa,MIA,2025,8,237,0.0335,4.0751,6.4326,0.0791,0.0253,0.2974,213,24,0.1629,-1.1145,2.6484,1.9816,1.2774,0.3082,0.1629,8,207,0,24
00-0040704,D.Gabriel,CLE,2025,8,102,-0.1370,-6.6358,5.7174,0.0543,0.0392,0.2237,89,13,-0.0604,-0.6618,1.6662,0.8529,0.6014,0.2904,-0.0604,2,85,0,13
00-0033873,P.Mahomes,KC,2025,8,306,0.2254,2.3250,6.9846,0.1000,0.1111,0.2045,265,41,0.3477,-0.5652,2.0673,3.3235,0.9129,0.2981,0.3477,3,231,1,41
00-0039851,D.Maye,NE,2025,8,266,0.3337,11.8816,7.9762,0.1238,0.1165,0.3067,223,43,0.5575,-0.8268,2.1968,1.8126,1.3843,0.2280,0.5575,2,192,1,43
00-0036264,J.Love,GB,2025,8,226,0.3851,9.0642,7.5122,0.1268,0.0487,0.2282,203,23,0.5330,-0.9208,1.9892,4.3468,1.4538,0.4459,0.5330,1,192,1,23
00-0036971,T.Lawrence,JAX,2025,8,272,-0.0439,-6.5208,7.7280,0.1088,0.0515,0.2681,235,37,0.0965,-0.9352,1.5348,2.3534,1.0316,0.2648,0.0965,3,221,2,37
00-0034869,S.Darnold,SEA,2025,8,196,0.2873,10.2363,9.2391,0.1467,0.0204,0.2082,170,26,0.4319,-0.6587,2.2717,3.8201,1.0907,0.4004,0.4319,3,166,0,26
00-0035710,D.Jones,IND,2025,8,259,0.2862,5.2100,8.5513,0.1154,0.0463,0.1952,223,36,0.3849,-0.3253,1.6643,2.0088,0.7102,0.2515,0.3849,3,211,0,36
00-0036389,J.Hurts,PHI,2025,8,250,0.0883,5.8162,8.5743,0.1584,0.0880,0.3320,213,37,0.3038,-1.1522,2.2776,1.1113,1.4560,0.2018,0.3038,1,191,0,37
00-0029263,R.Wilson,NYG,2025,8,110,-0.0712,0.2902,9.2708,0.1771,0.0545,0.2235,89,21,0.1570,-1.0383,2.3733,1.0890,1.1953,0.2802,0.1570,3,83,0,21
00-0039917,M.Penix,ATL,2025,8,206,0.0266,-3.4824,7.7059,0.1070,0.0485,0.2382,187,19,0.1347,-1.0375,2.5521,2.3154,1.1722,0.3681,0.1347,3,177,0,19
00-0036972,M.Jones,SF,2025,8,229,0.0899,0.4600,7.4476,0.0857,0.0262,0.2133,191,38,0.2870,-0.9011,2.0424,1.9318,1.1881,0.2481,0.2870,4,185,0,38
00-0032268,M.Mariota,WAS,2025,8,73,-0.0776,4.8689,8.2308,0.1231,0.0411,0.2154,65,8,0.2249,-2.5354,2.8237,8.1977,2.7603,1.0335,0.2249,2,62,1,8
00-0026158,J.Flacco,CIN,2025,8,268,-0.0542,-2.7226,7.0949,0.1067,0.0112,0.1936,225,43,0.1305,-1.0209,1.5636,3.0226,1.1515,0.2779,0.1305,3,222,3,43
00-0035100,J.Browning,CIN,2025,9,112,-0.5116,-2.8432,7.8077,0.1346,0.0268,0.1906,92,20,-0.3076,-1.4501,3.5042,6.4024,1.1425,0.5985,-0.3076,5,89,3,20
00-0033119,J.Brissett,ARI,2025,9,127,0.1553,5.2165,8.5818,0.1273,0.0394,0.2259,94,33,0.4764,-0.7592,1.9734,2.6753,1.2356,0.3195,0.4764,1,89,0,33
00-0033106,J.Goff,DET,2025,9,223,0.2032,8.0174,6.6699,0.0728,0.0179,0.2104,180,43,0.4506,-0.8323,2.0670,2.9210,1.2829,0.2818,0.4506,1,176,2,43
00-0040676,C.Ward,TEN,2025,9,251,-0.2591,-7.3920,7.8545,0.0892,0.0359,0.3017,199,52,0.0184,-1.3208,1.7661,3.4485,1.3392,0.2742,0.0184,4,190,0,52
00-0033873,P.Mahomes,KC,2025,9,344,0.1823,1.3948,7.8055,0.1229,0.1017,0.2000,289,55,0.3348,-0.6194,2.0761,2.8514,0.9542,0.2430,0.3348,3,254,2,55
00-0037834,B.Purdy,SF,2025,9,80,0.1697,3.0061,7.7534,0.1370,0.0500,0.1736,68,12,0.4214,-1.2564,2.3706,6.5438,1.6778,0.7617,0.4214,2,64,2,12
00-0039732,B.Nix,DEN,2025,9,318,0.0672,-2.8715,7.9724,0.1448,0.0472,0.2051,287,31,0.1765,-0.9442,1.9319,3.1988,1.1207,0.3315,0.1765,4,272,2,31
00-0039923,J.McCarthy,MIN,2025,9,81,-0.3351,-3.4174,9.2951,0.1475,0.0617,0.2730,60,21,-0.0448,-1.1643,3.7769,2.7442,1.1195,0.4400,-0.0448,3,55,0,21
00-0034857,J.Allen,BUF,2025,9,241,0.2472,4.0315,7.2836,0.1045,0.0913,0.2675,213,28,0.4097,-0.9889,2.2155,0.9177,1.3986,0.2078,0.4097,3,191,1,28
00-0036971,T.Lawrence,JAX,2025,9,310,-0.0462,-5.7155,7.8529,0.1066,0.0581,0.2701,271,39,0.0736,-0.8783,1.7002,2.3890,0.9519,0.2599,0.0736,4,253,2,39
00-0036945,J.Fields,NYJ,2025,9,172,-0.1178,-2.4526,6.9154,0.0769,0.1105,0.2907,136,36,0.1854,-1.2635,1.6803,0.7580,1.4489,0.1828,0.1854,0,117,0,36
00-0036355,J.Herbert,LAC,2025,9,348,0.1163,3.3508,7.9571,0.1221,0.0603,0.2277,275,73,0.3431,-0.7381,2.5809,1.9452,1.0812,0.1898,0.3431,6,254,2,73
00-0030565,G.Smith,LV,2025,9,228,-0.0963,-2.3298,5.8109,0.0746,0.0351,0.2769,195,33,0.0572,-1.0037,2.7907,1.3949,1.0609,0.2379,0.0572,10,187,0,33
00-0026158,J.Flacco,CIN,2025,9,306,-0.0050,-1.5954,7.3438,0.1181,0.0098,0.2099,259,47,0.1990,-1.1292,1.7141,3.2288,1.3282,0.2744,0.1990,4,256,3,47
00-0023459,A.Rodgers,PIT,2025,9,230,0.1205,3.4383,5.6857,0.0857,0.0261,0.2463,201,29,0.2913,-1.0634,2.1165,1.9811,1.3548,0.2808,0.2913,3,195,1,29
00-0035228,K.Murray,ARI,2025,9,182,0.0731,-1.3076,5.7237,0.0987,0.0769,0.2974,158,24,0.2402,-1.0265,1.5319,1.2583,1.2666,0.2493,0.2402,2,144,0,24
00-0036389,J.Hurts,PHI,2025,9,250,0.0883,5.8162,8.5743,0.1584,0.0880,0.3320,213,37,0.3038,-1.1522,2.2776,1.1113,1.4560,0.2018,0.3038,1,191,0,37
00-0035710,D.Jones,IND,2025,9,290,0.2046,3.9253,8.4504,0.1107,0.0414,0.2182,250,40,0.3218,-0.5277,1.9615,2.5830,0.8495,0.2691,0.3218,5,238,0,40
00-0039376,S.Rattler,NO,2025,9,273,-0.0873,2.3529,7.7759,0.1286,0.0586,0.2636,241,32,0.0198,-0.8939,2.1650,2.8347,0.9137,0.3124,0.0198,2,225,1,32
00-0039910,J.Daniels,WAS,2025,9,190,0.0463,-1.2177,8.5000,0.1181,0.1632,0.2960,168,22,0.1795,-0.9706,1.9384,3.5948,1.1501,0.4183,0.1795,1,137,1,22
00-0034855,B.Mayfield,TB,2025,9,279,0.1503,-0.5533,8.5350,0.1605,0.0609,0.3093,258,21,0.2696,-1.3154,2.3361,1.1662,1.5851,0.2541,0.2696,2,241,0,21
00-0039150,B.Young,CAR,2025,9,223,-0.1323,-3.3226,6.3939,0.0707,0.0628,0.2068,186,37,0.0113,-0.8543,2.1157,4.6542,0.8656,0.3704,0.0113,4,172,1,37
00-0032268,M.Mariota,WAS,2025,9,73,-0.0776,4.8689,8.2308,0.1231,0.0411,0.2154,65,8,0.2249,-2.5354,2.8237,8.1977,2.7603,1.0335,0.2249,2,62,1,8
00-0026498,M.Stafford,LA,2025,9,275,0.1971,3.3132,9.3130,0.1527,0.0036,0.2157,237,38,0.3632,-0.8388,1.7936,3.6797,1.2020,0.3231,0.3632,2,236,0,38
00-0028118,T.Taylor,NYJ,2025,9,61,-0.3517,-2.2805,8.3617,0.2128,0.1475,0.2103,48,13,-0.2414,-0.7588,2.5798,2.5389,0.5174,0.4990,-0.2414,3,39,0,13
00-0036212,T.Tagovailoa,MIA,2025,9,265,0.0091,3.1381,6.2988,0.0747,0.0226,0.3073,239,26,0.1290,-1.0933,2.6030,1.8601,1.2224,0.2871,0.1290,8,233,0,26
00-0032950,C.Wentz,MIN,2025,9,179,0.0113,0.8915,7.6689,0.1192,0.0503,0.2848,146,33,0.2587,-1.0835,1.3960,2.9146,1.3422,0.3129,0.2587,2,137,2,33
00-0034869,S.Darnold,SEA,2025,9,220,0.3580,11.8652,9.1683,0.1394,0.0182,0.2054,193,27,0.4894,-0.5816,2.4006,3.8340,1.0710,0.3930,0.4894,4,189,0,27
00-0039851,D.Maye,NE,2025,9,306,0.2926,11.0906,8.3054,0.1339,0.1176,0.3265,256,50,0.5343,-0.9448,2.2843,2.1226,1.4791,0.2267,0.5343,3,220,1,50
00-0033077,D.Prescott,DAL,2025,9,314,0.2320,3.7613,7.4077,0.1185,0.0510,0.1977,277,37,0.2731,-0.0754,1.6246,3.8879,0.3484,0.3331,0.2731,1,261,1,37
00-0029263,R.Wilson,NYG,2025,9,110,-0.0712,0.2902,9.2708,0.1771,0.0545,0.2235,89,21,0.1570,-1.0383,2.3733,1.0890,1.1953,0.2802,0.1570,3,83,0,21
00-0034796,L.Jackson,BAL,2025,9,135,0.2526,9.7739,8.4414,0.1441,0.0667,0.2883,111,24,0.6063,-1.3832,1.9504,2.6784,1.9895,0.3594,0.6063,0,102,1,24
00-0040691,J.Dart,NYG,2025,9,185,0.0969,-2.3993,8.3041,0.1419,0.0973,0.2897,155,30,0.2988,-0.9464,2.0968,1.9269,1.2453,0.2788,0.2988,0,137,1,30
00-0040704,D.Gabriel,CLE,2025,9,102,-0.1370,-6.6358,5.7174,0.0543,0.0392,0.2237,89,13,-0.0604,-0.6618,1.6662,0.8529,0.6014,0.2904,-0.0604,2,85,0,13
00-0039917,M.Penix,ATL,2025,9,246,0.0447,-2.1910,7.7902,0.1161,0.0488,0.2356,223,23,0.1463,-0.9407,2.4564,2.0410,1.0869,0.3158,0.1463,3,211,0,23
00-0036264,J.Love,GB,2025,9,264,0.3520,9.0698,7.7066,0.1281,0.0417,0.2205,235,29,0.5246,-1.0465,1.9913,4.1843,1.5710,0.3908,0.5246,1,224,2,29
00-0039163,C.Stroud,HOU,2025,9,249,0.0881,0.9347,7.4787,0.1043,0.0723,0.2689,216,33,0.2559,-1.0100,1.8985,2.2723,1.2660,0.2787,0.2559,4,198,1,33
00-0036972,M.Jones,SF,2025,9,255,0.1200,1.5502,7.3906,0.0815,0.0275,0.2232,214,41,0.3141,-0.8936,2.0061,1.9332,1.2077,0.2377,0.3141,4,207,0,41
00-0039918,C.Williams,CHI,2025,9,271,0.1391,-3.6199,8.2068,0.1519,0.0701,0.2494,245,26,0.2581,-0.9823,2.2345,0.8360,1.2405,0.2032,0.2581,4,226,0,26
00-0033106,J.Goff,DET,2025,10,255,0.2754,8.8534,6.4622,0.0714,0.0157,0.2000,207,48,0.5078,-0.7271,1.9774,2.8995,1.2349,0.2645,0.5078,1,203,2,48
00-0036972,M.Jones,SF,2025,10,284,0.1449,3.1116,7.2672,0.0763,0.0246,0.2208,242,42,0.3426,-0.9944,1.8857,2.3128,1.3370,0.2507,0.3426,4,235,0,42
00-0034857,J.Allen,BUF,2025,10,272,0.1984,3.8478,7.4211,0.1096,0.0882,0.2636,240,32,0.3299,-0.7876,2.2647,1.3878,1.1175,0.2298,0.3299,4,216,1,32
00-0036389,J.Hurts,PHI,2025,10,279,0.1081,5.1157,8.6009,0.1535,0.0896,0.3320,242,37,0.3007,-1.1522,2.2267,1.1113,1.4529,0.1981,0.3007,1,217,0,37
00-0039923,J.McCarthy,MIN,2025,10,117,-0.3472,-7.5533,9.4624,0.1828,0.0598,0.2554,88,29,-0.1804,-0.8534,3.4229,2.7166,0.6730,0.3641,-0.1804,5,81,0,29
00-0036945,J.Fields,NYJ,2025,10,188,-0.1502,-3.3656,6.6454,0.0780,0.1117,0.2916,145,43,0.1208,-1.0640,1.8597,1.5521,1.1848,0.2212,0.1208,1,124,0,43
00-0039918,C.Williams,CHI,2025,10,312,0.1252,-4.2378,8.3883,0.1538,0.0769,0.2400,283,29,0.2339,-0.9357,2.2239,0.7660,1.1695,0.1851,0.2339,4,259,0,29
00-0036971,T.Lawrence,JAX,2025,10,343,-0.0645,-6.4064,7.7356,0.1017,0.0641,0.2916,299,44,0.0830,-1.0665,1.7199,3.0355,1.1495,0.2734,0.0830,5,277,2,44
00-0034796,L.Jackson,BAL,2025,10,166,0.2203,6.3423,7.6739,0.1159,0.0723,0.2775,139,27,0.5117,-1.2803,1.7745,2.5871,1.7921,0.3295,0.5117,0,127,1,27
00-0032268,M.Mariota,WAS,2025,10,94,0.0060,6.0295,9.3333,0.1605,0.0532,0.2276,82,12,0.2768,-1.8444,2.6917,7.9003,2.1212,0.8314,0.2768,2,77,1,12
00-0034869,S.Darnold,SEA,2025,10,232,0.3542,12.2130,9.2648,0.1416,0.0172,0.2132,203,29,0.5031,-0.6880,2.6101,4.3353,1.1911,0.4029,0.5031,5,199,0,29
00-0023459,A.Rodgers,PIT,2025,10,254,0.0421,1.6639,6.0909,0.0996,0.0236,0.2607,221,33,0.2114,-1.0915,2.1687,1.7633,1.3028,0.2515,0.2114,4,215,1,33
00-0039910,J.Daniels,WAS,2025,10,190,0.0463,-1.2177,8.5000,0.1181,0.1632,0.2960,168,22,0.1795,-0.9706,1.9384,3.5948,1.1501,0.4183,0.1795,1,137,1,22
00-0040691,J.Dart,NYG,2025,10,217,0.0983,-0.6537,8.4689,0.1412,0.0876,0.2925,183,34,0.2948,-0.9595,2.0290,1.9836,1.2543,0.2635,0.2948,0,164,1,34
00-0035228,K.Murray,ARI,2025,10,182,0.0731,-1.3076,5.7237,0.0987,0.0769,0.2974,158,24,0.2402,-1.0265,1.5319,1.2583,1.2666,0.2493,0.2402,2,144,0,24
00-0034855,B.Mayfield,TB,2025,10,317,0.1174,-1.0347,8.2079,0.1470,0.0536,0.3073,291,26,0.2500,-1.3665,2.2327,1.1502,1.6164,0.2278,0.2500,2,274,0,26
00-0037834,B.Purdy,SF,2025,10,80,0.1697,3.0061,7.7534,0.1370,0.0500,0.1736,68,12,0.4214,-1.2564,2.3706,6.5438,1.6778,0.7617,0.4214,2,64,2,12
00-0026158,J.Flacco,CIN,2025,10,306,-0.0050,-1.5954,7.3438,0.1181,0.0098,0.2099,259,47,0.1990,-1.1292,1.7141,3.2288,1.3282,0.2744,0.1990,4,256,3,47
00-0040676,C.Ward,TEN,2025,10,251,-0.2591,-7.3920,7.8545,0.0892,0.0359,0.3017,199,52,0.0184,-1.3208,1.7661,3.4485,1.3392,0.2742,0.0184,4,190,0,52
00-0039150,B.Young,CAR,2025,10,250,-0.1640,-2.6534,6.4036,0.0762,0.0560,0.2172,210,40,-0.0212,-0.9137,2.1196,4.3503,0.8925,0.3447,-0.0212,5,196,1,40
00-0039917,M.Penix,ATL,2025,10,278,0.0106,-3.6597,8.0675,0.1190,0.0432,0.2557,251,27,0.1323,-1.1209,2.3698,2.5395,1.2531,0.3217,0.1323,3,239,0,27
00-0030565,G.Smith,LV,2025,10,262,-0.1453,-2.7948,5.3965,0.0705,0.0382,0.2971,221,41,0.0223,-1.0485,2.7864,1.5082,1.0708,0.2222,0.0223,11,211,0,41
00-0033119,J.Brissett,ARI,2025,10,175,0.0361,0.3984,8.1622,0.1081,0.0514,0.2469,134,41,0.4179,-1.2115,1.9679,4.7162,1.6294,0.3602,0.4179,1,125,0,41
00-0032950,C.Wentz,MIN,2025,10,179,0.0113,0.8915,7.6689,0.1192,0.0503,0.2848,146,33,0.2587,-1.0835,1.3960,2.9146,1.3422,0.3129,0.2587,2,137,2,33
00-0029263,R.Wilson,NYG,2025,10,121,-0.0966,-0.4724,8.8447,0.1650,0.0661,0.2324,96,25,0.1534,-1.0565,2.3521,1.0001,1.2099,0.2540,0.1534,3,88,0,25
00-0039376,S.Rattler,NO,2025,10,273,-0.0873,2.3529,7.7759,0.1286,0.0586,0.2636,241,32,0.0198,-0.8939,2.1650,2.8347,0.9137,0.3124,0.0198,2,225,1,32
00-0028118,T.Taylor,NYJ,2025,10,61,-0.3517,-2.2805,8.3617,0.2128,0.1475,0.2103,48,13,-0.2414,-0.7588,2.5798,2.5389,0.5174,0.4990,-0.2414,3,39,0,13
00-0026498,M.Stafford,LA,2025,10,310,0.2329,3.8388,9.3311,0.1588,0.0032,0.2126,267,43,0.3911,-0.7489,1.7427,3.3941,1.1400,0.2923,0.3911,2,266,0,43
00-0035710,D.Jones,IND,2025,10,330,0.1784,3.8467,8.4132,0.1146,0.0545,0.2569,282,48,0.3239,-0.6763,1.9172,2.8581,1.0002,0.2576,0.3239,6,264,0,48
00-0040704,D.Gabriel,CLE,2025,10,144,-0.1322,-9.1793,5.8548,0.0565,0.0556,0.2667,124,20,-0.0191,-0.8334,1.5245,1.6092,0.8143,0.3046,-0.0191,2,116,0,20
00-0036264,J.Love,GB,2025,10,305,0.2806,7.1064,7.8303,0.1264,0.0459,0.2270,268,37,0.4729,-1.1126,1.8652,3.4920,1.5855,0.3183,0.4729,1,254,2,37
00-0039732,B.Nix,DEN,2025,10,347,0.0428,-3.2578,8.0472,0.1415,0.0432,0.2072,313,34,0.1509,-0.9525,1.9227,3.0043,1.1034,0.3074,0.1509,6,298,2,34
00-0039851,D.Maye,NE,2025,10,342,0.2747,9.2074,8.6481,0.1407,0.1170,0.3161,286,56,0.4667,-0.7060,2.3657,3.2589,1.1727,0.2578,0.4667,4,246,1,56
00-0036355,J.Herbert,LAC,2025,10,384,0.0865,1.6313,7.6306,0.1171,0.0599,0.2362,303,81,0.3115,-0.7548,2.4884,1.9173,1.0663,0.1786,0.3115,6,280,2,81
00-0033077,D.Prescott,DAL,2025,10,314,0.2320,3.7613,7.4077,0.1185,0.0510,0.1977,277,37,0.2731,-0.0754,1.6246,3.8879,0.3484,0.3331,0.2731,1,261,1,37
00-0033873,P.Mahomes,KC,2025,10,344,0.1823,1.3948,7.8055,0.1229,0.1017,0.2000,289,55,0.3348,-0.6194,2.0761,2.8514,0.9542,0.2430,0.3348,3,254,2,55
00-0036898,D.Mills,HOU,2025,10,76,-0.0645,-7.3430,9.0597,0.1194,0.0395,0.2240,69,7,-0.0412,-0.2935,1.8056,1.9110,0.2523,0.5470,-0.0412,1,66,0,7
00-0035100,J.Browning,CIN,2025,10,112,-0.5116,-2.8432,7.8077,0.1346,0.0268,0.1906,92,20,-0.3076,-1.4501,3.5042,6.4024,1.1425,0.5985,-0.3076,5,89,3,20
00-0036212,T.Tagovailoa,MIA,2025,10,286,0.0399,3.3666,6.5115,0.0878,0.0210,0.3000,258,28,0.1574,-1.0432,2.5736,1.7572,1.2006,0.2697,0.1574,10,252,0,28
00-0039163,C.Stroud,HOU,2025,10,249,0.0881,0.9347,7.4787,0.1043,0.0723,0.2689,216,33,0.2559,-1.0100,1.8985,2.2723,1.2660,0.2787,0.2559,4,198,1,33
00-0039150,B.Young,CAR,2025,11,302,-0.0886,-1.8140,6.3657,0.0709,0.0464,0.2333,252,50,0.0854,-0.9654,2.1945,4.2587,1.0508,0.3064,0.0854,5,238,1,50
00-0023459,A.Rodgers,PIT,2025,11,271,0.0464,0.8928,6.0528,0.0976,0.0258,0.2602,235,36,0.2181,-1.0744,2.1153,1.6533,1.2924,0.2344,0.2181,4,228,1,36
00-0033106,J.Goff,DET,2025,11,292,0.1844,3.6170,6.4066,0.0696,0.0137,0.2018,237,55,0.4166,-0.8160,2.2802,2.6586,1.2326,0.2407,0.4166,2,233,2,55
00-0029263,R.Wilson,NYG,2025,11,121,-0.0966,-0.4724,8.8447,0.1650,0.0661,0.2324,96,25,0.1534,-1.0565,2.3521,1.0001,1.2099,0.2540,0.1534,3,88,0,25
00-0040676,C.Ward,TEN,2025,11,294,-0.2208,-6.5583,7.7640,0.0920,0.0408,0.3063,237,57,0.0341,-1.2803,1.6607,3.8208,1.3143,0.2721,0.0341,4,225,0,57
00-0036264,J.Love,GB,2025,11,332,0.2884,6.3844,8.1694,0.1329,0.0452,0.2208,289,43,0.4679,-0.9180,1.8462,3.4943,1.3859,0.2961,0.4679,1,274,2,43
00-0037834,B.Purdy,SF,2025,11,104,0.2038,3.9443,7.6354,0.1354,0.0385,0.1789,89,15,0.4158,-1.0539,2.1372,6.4401,1.4697,0.6733,0.4158,2,85,2,15
00-0036212,T.Tagovailoa,MIA,2025,11,309,0.0433,3.2714,6.5284,0.0851,0.0194,0.3133,278,31,0.1719,-1.1102,2.4807,1.6571,1.2822,0.2498,0.1719,10,272,0,31
00-0034857,J.Allen,BUF,2025,11,305,0.2140,3.2952,7.8992,0.1163,0.0852,0.2607,272,33,0.3517,-0.9208,2.3550,1.9302,1.2725,0.2591,0.3517,5,246,2,33
00-0039918,C.Williams,CHI,2025,11,346,0.1228,-4.7410,8.7705,0.1541,0.0751,0.2313,314,32,0.2329,-0.9571,2.1472,0.7129,1.1900,0.1706,0.2329,4,288,0,32
00-0035710,D.Jones,IND,2025,11,330,0.1784,3.8467,8.4132,0.1146,0.0545,0.2569,282,48,0.3239,-0.6763,1.9172,2.8581,1.0002,0.2576,0.3239,6,264,0,48
00-0035228,K.Murray,ARI,2025,11,182,0.0731,-1.3076,5.7237,0.0987,0.0769,0.2974,158,24,0.2402,-1.0265,1.5319,1.2583,1.2666,0.2493,0.2402,2,144,0,24
00-0036355,J.Herbert,LAC,2025,11,406,0.0641,1.2802,7.3714,0.1143,0.0640,0.2400,321,85,0.2872,-0.7782,2.4225,1.8497,1.0653,0.1712,0.2872,6,295,2,85
00-0039910,J.Daniels,WAS,2025,11,190,0.0463,-1.2177,8.5000,0.1181,0.1632,0.2960,168,22,0.1795,-0.9706,1.9384,3.5948,1.1501,0.4183,0.1795,1,137,1,22
00-0033119,J.Brissett,ARI,2025,11,212,0.0370,2.3277,7.9622,0.1135,0.0425,0.2396,168,44,0.3849,-1.2911,1.7735,6.3022,1.6760,0.3922,0.3849,2,159,1,44
00-0026158,J.Flacco,CLE,2025,11,338,-0.0257,-2.5539,7.3950,0.1223,0.0089,0.2114,288,50,0.1935,-1.2882,1.6906,4.4073,1.4817,0.3066,0.1935,4,285,4,50
00-0030565,G.Smith,LV,2025,11,304,-0.1548,-3.1554,5.4697,0.0720,0.0395,0.2948,255,49,0.0226,-1.0781,2.6074,1.3023,1.1008,0.1918,0.0226,12,243,0,49
00-0036971,T.Lawrence,JAX,2025,11,363,-0.0539,-5.9464,7.9169,0.1022,0.0661,0.2889,318,45,0.0843,-1.0303,1.7972,3.0256,1.1146,0.2700,0.0843,6,294,2,45
00-0040691,J.Dart,NYG,2025,11,217,0.0983,-0.6537,8.4689,0.1412,0.0876,0.2925,183,34,0.2948,-0.9595,2.0290,1.9836,1.2543,0.2635,0.2948,0,164,1,34
00-0034855,B.Mayfield,TB,2025,11,347,0.1116,-1.4594,8.0066,0.1386,0.0605,0.3036,320,27,0.2380,-1.3865,2.2567,1.1168,1.6245,0.2200,0.2380,3,299,0,27
00-0034796,L.Jackson,BAL,2025,11,197,0.1324,3.9618,7.7178,0.1166,0.0660,0.2957,163,34,0.4079,-1.1881,2.3725,2.2518,1.5960,0.2842,0.4079,2,150,1,34
00-0035100,J.Browning,CIN,2025,11,112,-0.5116,-2.8432,7.8077,0.1346,0.0268,0.1906,92,20,-0.3076,-1.4501,3.5042,6.4024,1.1425,0.5985,-0.3076,5,89,3,20
00-0036972,M.Jones,SF,2025,11,284,0.1449,3.1116,7.2672,0.0763,0.0246,0.2208,242,42,0.3426,-0.9944,1.8857,2.3128,1.3370,0.2507,0.3426,4,235,0,42
00-0033077,D.Prescott,DAL,2025,11,341,0.2515,4.4404,7.4920,0.1118,0.0469,0.1978,300,41,0.3271,-0.3020,1.6569,4.3871,0.6291,0.3354,0.3271,1,284,1,41
00-0033873,P.Mahomes,KC,2025,11,393,0.1616,0.8343,7.7249,0.1213,0.0916,0.2068,330,63,0.2928,-0.5255,1.9728,3.0746,0.8183,0.2341,0.2928,4,294,2,63
00-0036389,J.Hurts,PHI,2025,11,310,0.0650,3.4653,9.0742,0.1602,0.0871,0.3354,272,38,0.2395,-1.1839,2.1478,1.1196,1.4234,0.1933,0.2395,1,245,0,38
00-0039732,B.Nix,DEN,2025,11,387,0.0517,-2.5401,8.1014,0.1465,0.0413,0.2133,348,39,0.1699,-1.0033,1.8877,2.6702,1.1732,0.2718,0.1699,6,332,2,39
00-0028118,T.Taylor,NYJ,2025,11,61,-0.3517,-2.2805,8.3617,0.2128,0.1475,0.2103,48,13,-0.2414,-0.7588,2.5798,2.5389,0.5174,0.4990,-0.2414,3,39,0,13
00-0032268,M.Mariota,WAS,2025,11,126,0.0695,5.0168,8.8018,0.1351,0.0476,0.2219,109,17,0.3519,-1.7412,2.5559,6.5943,2.0931,0.6414,0.3519,2,103,2,17
00-0032950,C.Wentz,MIN,2025,11,179,0.0113,0.8915,7.6689,0.1192,0.0503,0.2848,146,33,0.2587,-1.0835,1.3960,2.9146,1.3422,0.3129,0.2587,2,137,2,33
00-0026498,M.Stafford,LA,2025,11,338,0.1856,2.1061,8.9753,0.1481,0.0030,0.2061,292,46,0.3402,-0.7954,1.8628,3.2023,1.1356,0.2757,0.3402,2,291,0,46
00-0034869,S.Darnold,SEA,2025,11,277,0.2510,10.1561,9.0152,0.1445,0.0181,0.2051,245,32,0.4133,-0.9919,2.7172,5.1432,1.4052,0.4145,0.4133,7,240,2,32
00-0036945,J.Fields,NYJ,2025,11,208,-0.1377,-2.9526,6.7987,0.0755,0.1106,0.2811,161,47,0.1217,-1.0262,1.8554,1.4769,1.1479,0.2072,0.1217,1,138,0,47
00-0036898,D.Mills,HOU,2025,11,123,-0.0425,-4.5815,8.8611,0.1204,0.0407,0.2492,109,14,0.0840,-1.0279,1.5073,3.0603,1.1120,0.4821,0.0840,1,104,0,14
00-0039376,S.Rattler,NO,2025,11,273,-0.0873,2.3529,7.7759,0.1286,0.0586,0.2636,241,32,0.0198,-0.8939,2.1650,2.8347,0.9137,0.3124,0.0198,2,225,1,32
00-0039923,J.McCarthy,MIN,2025,11,149,-0.3603,-9.5706,9.5120,0.1680,0.0470,0.2409,115,34,-0.2116,-0.8632,3.0565,3.5111,0.6516,0.3603,-0.2116,6,108,1,34
00-0039851,D.Maye,NE,2025,11,377,0.2851,9.8624,9.0000,0.1457,0.1114,0.3116,317,60,0.4758,-0.7220,2.2736,3.0827,1.1977,0.2420,0.4758,4,275,1,60
00-0039917,M.Penix,ATL,2025,11,295,0.0497,-2.5317,8.0672,0.1194,0.0441,0.2525,267,28,0.1738,-1.1337,2.3320,2.4500,1.3075,0.3102,0.1738,3,254,0,28
00-0039163,C.Stroud,HOU,2025,11,249,0.0881,0.9347,7.4787,0.1043,0.0723,0.2689,216,33,0.2559,-1.0100,1.8985,2.2723,1.2660,0.2787,0.2559,4,198,1,33
00-0040704,D.Gabriel,CLE,2025,11,156,-0.1455,-8.4764,5.8358,0.0522,0.0577,0.2693,134,22,-0.0256,-0.8759,1.4784,1.4765,0.8504,0.2796,-0.0256,2,125,0,22
00-0036971,T.Lawrence,JAX,2025,12,398,-0.0658,-5.6817,8.0146,0.1020,0.0653,0.2974,348,50,0.0821,-1.0953,2.0595,3.3259,1.1774,0.2691,0.0821,9,322,2,50
00-0036972,M.Jones,SF,2025,12,284,0.1449,3.1116,7.2672,0.0763,0.0246,0.2208,242,42,0.3426,-0.9944,1.8857,2.3128,1.3370,0.2507,0.3426,4,235,0,42
00-0039917,M.Penix,ATL,2025,12,295,0.0497,-2.5317,8.0672,0.1194,0.0441,0.2525,267,28,0.1738,-1.1337,2.3320,2.4500,1.3075,0.3102,0.1738,3,254,0,28
00-0034796,L.Jackson,BAL,2025,12,225,0.1074,3.4239,7.9568,0.1243,0.0800,0.3000,190,35,0.3497,-1.2081,2.2176,2.1995,1.5579,0.2730,0.3497,2,172,1,35
00-0039732,B.Nix,DEN,2025,12,387,0.0517,-2.5401,8.1014,0.1465,0.0413,0.2133,348,39,0.1699,-1.0033,1.8877,2.6702,1.1732,0.2718,0.1699,6,332,2,39
00-0036898,D.Mills,HOU,2025,12,153,-0.0757,-5.1911,8.6087,0.1232,0.0327,0.2338,135,18,0.0556,-1.0606,1.4718,2.3754,1.1162,0.3780,0.0556,1,130,0,18
00-0039851,D.Maye,NE,2025,12,416,0.2796,8.8216,8.9466,0.1365,0.1082,0.3098,353,63,0.4649,-0.7584,2.3503,3.0015,1.2232,0.2330,0.4649,5,308,1,63
00-0039150,B.Young,CAR,2025,12,335,-0.1087,-2.1853,6.3593,0.0712,0.0537,0.2360,283,52,0.0457,-0.9487,2.3307,4.1362,0.9944,0.2963,0.0457,7,265,1,52
00-0039918,C.Williams,CHI,2025,12,383,0.1141,-4.6649,8.8614,0.1534,0.0731,0.2376,350,33,0.2308,-1.1232,2.0545,1.6012,1.3540,0.2332,0.2308,4,322,0,33
00-0037834,B.Purdy,SF,2025,12,136,0.1397,3.0539,7.2441,0.1339,0.0368,0.1759,120,16,0.2917,-0.9999,2.3871,6.0573,1.2916,0.6312,0.2917,5,115,2,16
00-0040704,D.Gabriel,CLE,2025,12,156,-0.1455,-8.4764,5.8358,0.0522,0.0577,0.2693,134,22,-0.0256,-0.8759,1.4784,1.4765,0.8504,0.2796,-0.0256,2,125,0,22
00-0029263,R.Wilson,NYG,2025,12,121,-0.0966,-0.4724,8.8447,0.1650,0.0661,0.2324,96,25,0.1534,-1.0565,2.3521,1.0001,1.2099,0.2540,0.1534,3,88,0,25
00-0026158,J.Flacco,CLE,2025,12,375,-0.0612,-2.9933,7.5662,0.1183,0.0080,0.2071,319,56,0.1464,-1.2438,1.8789,4.1403,1.3901,0.2825,0.1464,5,316,4,56
00-0039910,J.Daniels,WAS,2025,12,190,0.0463,-1.2177,8.5000,0.1181,0.1632,0.2960,168,22,0.1795,-0.9706,1.9384,3.5948,1.1501,0.4183,0.1795,1,137,1,22
00-0036389,J.Hurts,PHI,2025,12,353,0.0704,3.8592,8.8678,0.1525,0.0850,0.3226,309,44,0.2297,-1.0485,2.1338,1.5025,1.2782,0.2026,0.2297,1,279,0,44
00-0034869,S.Darnold,SEA,2025,12,300,0.2805,9.7583,8.9965,0.1434,0.0167,0.2025,267,33,0.4187,-0.8379,2.7162,5.7649,1.2567,0.4300,0.4187,7,262,2,33
00-0035710,D.Jones,IND,2025,12,363,0.1717,2.9561,8.0313,0.1066,0.0551,0.2426,309,54,0.3086,-0.6113,1.8663,2.7363,0.9199,0.2381,0.3086,6,289,0,54
00-0036212,T.Tagovailoa,MIA,2025,12,309,0.0433,3.2714,6.5284,0.0851,0.0194,0.3133,278,31,0.1719,-1.1102,2.4807,1.6571,1.2822,0.2498,0.1719,10,272,0,31
00-0026498,M.Stafford,LA,2025,12,372,0.1960,2.6717,8.7787,0.1373,0.0027,0.2099,324,48,0.3467,-0.8208,1.8952,3.0878,1.1675,0.2649,0.3467,2,323,0,48
00-0023459,A.Rodgers,PIT,2025,12,271,0.0464,0.8928,6.0528,0.0976,0.0258,0.2602,235,36,0.2181,-1.0744,2.1153,1.6533,1.2924,0.2344,0.2181,4,228,1,36
00-0029604,K.Cousins,ATL,2025,12,57,-0.2227,-4.9504,8.5962,0.1154,0.0175,0.2333,52,5,-0.0842,-1.6629,3.2429,0.1689,1.5787,0.3101,-0.0842,1,51,0,5
00-0040691,J.Dart,NYG,2025,12,217,0.0983,-0.6537,8.4689,0.1412,0.0876,0.2925,183,34,0.2948,-0.9595,2.0290,1.9836,1.2543,0.2635,0.2948,0,164,1,34
00-0039163,C.Stroud,HOU,2025,12,249,0.0881,0.9347,7.4787,0.1043,0.0723,0.2689,216,33,0.2559,-1.0100,1.8985,2.2723,1.2660,0.2787,0.2559,4,198,1,33
00-0036264,J.Love,GB,2025,12,351,0.2911,6.1420,8.2013,0.1289,0.0456,0.2220,305,46,0.4563,-0.8038,1.8052,3.6431,1.2600,0.2917,0.4563,1,289,2,46
00-0028118,T.Taylor,NYJ,2025,12,87,-0.1460,-1.7723,8.0571,0.1714,0.1264,0.2129,71,16,0.0059,-0.8204,2.6064,2.1281,0.8264,0.4120,0.0059,3,60,0,16
00-0036945,J.Fields,NYJ,2025,12,208,-0.1377,-2.9526,6.7987,0.0755,0.1106,0.2811,161,47,0.1217,-1.0262,1.8554,1.4769,1.1479,0.2072,0.1217,1,138,0,47
00-0031503,J.Winston,NYG,2025,12,68,0.2984,-2.6429,9.4615,0.1231,0.0147,0.1736,57,11,0.3319,0.1251,3.3850,4.8771,0.2068,0.7091,0.3319,2,56,0,11
00-0039376,S.Rattler,NO,2025,12,273,-0.0873,2.3529,7.7759,0.1286,0.0586,0.2636,241,32,0.0198,-0.8939,2.1650,2.8347,0.9137,0.3124,0.0198,2,225,1,32
00-0034855,B.Mayfield,TB,2025,12,371,0.0636,-2.4853,8.0093,0.1398,0.0647,0.3126,342,29,0.1860,-1.3797,2.4376,1.0949,1.5657,0.2119,0.1860,5,318,0,29
00-0033119,J.Brissett,ARI,2025,12,270,0.0053,2.4877,7.9316,0.1068,0.0444,0.2496,212,58,0.3456,-1.2387,1.6439,5.1082,1.5842,0.3096,0.3456,2,200,1,58
00-0040743,T.Shough,NO,2025,12,78,0.0049,-0.2985,6.9130,0.1159,0.0256,0.2448,67,11,0.2667,-1.5898,2.6891,0.8364,1.8565,0.3408,0.2667,1,65,0,11
00-0032268,M.Mariota,WAS,2025,12,126,0.0695,5.0168,8.8018,0.1351,0.0476,0.2219,109,17,0.3519,-1.7412,2.5559,6.5943,2.0931,0.6414,0.3519,2,103,2,17
00-0039923,J.McCarthy,MIN,2025,12,166,-0.3672,-8.4549,9.0942,0.1522,0.0422,0.2571,126,40,-0.1992,-0.8965,2.8317,2.9967,0.6973,0.3121,-0.1992,6,119,1,40
00-0033873,P.Mahomes,KC,2025,12,448,0.1677,0.8721,7.7135,0.1198,0.0893,0.2186,377,71,0.2871,-0.4668,1.9908,2.9517,0.7539,0.2165,0.2871,5,337,2,71
00-0033106,J.Goff,DET,2025,12,335,0.1422,2.7876,6.3003,0.0703,0.0119,0.2100,273,62,0.3738,-0.8774,2.2150,2.4952,1.2513,0.2199,0.3738,3,269,2,62
00-0035228,K.Murray,ARI,2025,12,182,0.0731,-1.3076,5.7237,0.0987,0.0769,0.2974,158,24,0.2402,-1.0265,1.5319,1.2583,1.2666,0.2493,0.2402,2,144,0,24
00-0036355,J.Herbert,LAC,2025,12,406,0.0641,1.2802,7.3714,0.1143,0.0640,0.2400,321,85,0.2872,-0.7782,2.4225,1.8497,1.0653,0.1712,0.2872,6,295,2,85
00-0040676,C.Ward,TEN,2025,12,328,-0.1906,-4.8183,7.5126,0.0939,0.0457,0.3108,264,64,0.0553,-1.2048,1.6606,3.6982,1.2601,0.2531,0.0553,4,249,0,64
00-0033077,D.Prescott,DAL,2025,12,380,0.2401,4.1373,7.7931,0.1178,0.0500,0.1939,333,47,0.3357,-0.4375,1.8308,4.2689,0.7732,0.3104,0.3357,2,314,1,47
00-0035100,J.Browning,CIN,2025,12,113,-0.4998,-2.5051,7.8190,0.1333,0.0265,0.1906,93,20,-0.2954,-1.4501,3.4799,6.4024,1.1547,0.5979,-0.2954,5,90,3,20
00-0034857,J.Allen,BUF,2025,12,350,0.1512,3.0118,7.5308,0.1062,0.0829,0.2889,306,44,0.3207,-1.0272,2.5375,1.5527,1.3479,0.2088,0.3207,7,277,2,44
00-0030565,G.Smith,LV,2025,12,342,-0.1920,-3.6290,6.0068,0.0887,0.0380,0.3080,280,62,0.0202,-1.1504,2.5402,1.1659,1.1705,0.1670,0.0202,12,267,0,62
00-0032950,C.Wentz,MIN,2025,12,179,0.0113,0.8915,7.6689,0.1192,0.0503,0.2848,146,33,0.2587,-1.0835,1.3960,2.9146,1.3422,0.3129,0.2587,2,137,2,33
00-0040743,T.Shough,NO,2025,13,124,-0.0708,3.1007,6.9720,0.0841,0.0403,0.2638,106,18,0.1845,-1.5740,2.4903,1.9133,1.7585,0.3603,0.1845,2,101,0,18
00-0036355,J.Herbert,LAC,2025,13,428,0.0674,1.7330,7.4863,0.1175,0.0678,0.2481,339,89,0.2861,-0.7656,2.4165,1.8582,1.0518,0.1674,0.2861,7,310,2,89
00-0033873,P.Mahomes,KC,2025,13,487,0.1897,1.1448,7.6643,0.1223,0.0883,0.2213,407,80,0.3097,-0.4207,2.0403,2.8471,0.7305,0.2015,0.3097,5,364,2,80
00-0036898,D.Mills,HOU,2025,13,153,-0.0757,-5.1911,8.6087,0.1232,0.0327,0.2338,135,18,0.0556,-1.0606,1.4718,2.3754,1.1162,0.3780,0.0556,1,130,0,18
00-0039923,J.McCarthy,MIN,2025,13,166,-0.3672,-8.4549,9.0942,0.1522,0.0422,0.2571,126,40,-0.1992,-0.8965,2.8317,2.9967,0.6973,0.3121,-0.1992,6,119,1,40
00-0030565,G.Smith,LV,2025,13,357,-0.2043,-3.2064,5.9243,0.0921,0.0364,0.3143,289,68,0.0327,-1.2117,2.5743,1.1698,1.2444,0.1616,0.0327,13,276,0,68
00-0036442,J.Burrow,CIN,2025,13,90,0.0511,-4.3379,7.7160,0.1111,0.0333,0.2062,72,18,0.1939,-0.5199,1.6670,1.1804,0.7137,0.2979,0.1939,0,69,0,18
00-0033119,J.Brissett,ARI,2025,13,314,0.0204,3.7159,7.8571,0.1062,0.0478,0.2477,249,65,0.3266,-1.1523,1.6958,4.6755,1.4788,0.2806,0.3266,3,234,1,65
00-0029604,K.Cousins,ATL,2025,13,92,-0.0743,-3.3537,7.0706,0.0941,0.0109,0.2316,80,12,0.0763,-1.0787,2.6655,1.7992,1.1551,0.4281,0.0763,1,79,0,12
00-0039918,C.Williams,CHI,2025,13,420,0.0884,-5.4030,8.6300,0.1475,0.0690,0.2387,381,39,0.2099,-1.0989,2.1104,1.4094,1.3089,0.2042,0.2099,5,352,0,39
00-0040676,C.Ward,TEN,2025,13,351,-0.2091,-4.6374,7.5168,0.0906,0.0427,0.3117,283,68,0.0388,-1.2406,1.5883,3.5332,1.2794,0.2399,0.0388,4,268,0,68
00-0023459,A.Rodgers,PIT,2025,13,290,-0.0078,-1.0242,5.8939,0.0947,0.0241,0.2625,252,38,0.1799,-1.2532,2.0423,3.0386,1.4332,0.2968,0.1799,4,245,1,38
00-0037834,B.Purdy,SF,2025,13,164,0.1304,3.9934,7.4510,0.1307,0.0366,0.1723,142,22,0.2610,-0.7123,2.2799,5.3245,0.9733,0.5080,0.2610,5,136,2,22
00-0036945,J.Fields,NYJ,2025,13,208,-0.1377,-2.9526,6.7987,0.0755,0.1106,0.2811,161,47,0.1217,-1.0262,1.8554,1.4769,1.1479,0.2072,0.1217,1,138,0,47
00-0039376,S.Rattler,NO,2025,13,273,-0.0873,2.3529,7.7759,0.1286,0.0586,0.2636,241,32,0.0198,-0.8939,2.1650,2.8347,0.9137,0.3124,0.0198,2,225,1,32
00-0034857,J.Allen,BUF,2025,13,373,0.1476,1.8796,7.1608,0.0997,0.0885,0.2862,328,45,0.2986,-0.9537,2.4934,1.7608,1.2523,0.2162,0.2986,8,295,2,45
00-0028118,T.Taylor,NYJ,2025,13,128,-0.0873,-1.7283,8.5728,0.1456,0.1328,0.2171,106,22,0.0104,-0.5582,2.2096,2.0436,0.5686,0.3372,0.0104,3,89,0,22
00-0040691,J.Dart,NYG,2025,13,237,0.0690,-0.0018,8.2784,0.1340,0.0886,0.2907,200,37,0.2655,-0.9933,1.9990,1.8705,1.2588,0.2461,0.2655,0,179,1,37
00-0029263,R.Wilson,NYG,2025,13,121,-0.0966,-0.4724,8.8447,0.1650,0.0661,0.2324,96,25,0.1534,-1.0565,2.3521,1.0001,1.2099,0.2540,0.1534,3,88,0,25
00-0034796,L.Jackson,BAL,2025,13,253,0.0349,2.1892,8.2367,0.1304,0.0830,0.3089,213,40,0.2991,-1.3720,2.3322,2.5691,1.6711,0.2742,0.2991,3,192,1,40
00-0034869,S.Darnold,SEA,2025,13,328,0.2290,7.6853,8.6129,0.1387,0.0152,0.2270,290,38,0.3923,-1.0170,2.6237,5.6021,1.4092,0.3956,0.3923,7,285,2,38
00-0026158,J.Flacco,CLE,2025,13,375,-0.0612,-2.9933,7.5662,0.1183,0.0080,0.2071,319,56,0.1464,-1.2438,1.8789,4.1403,1.3901,0.2825,0.1464,5,316,4,56
00-0039917,M.Penix,ATL,2025,13,295,0.0497,-2.5317,8.0672,0.1194,0.0441,0.2525,267,28,0.1738,-1.1337,2.3320,2.4500,1.3075,0.3102,0.1738,3,254,0,28
00-0039150,B.Young,CAR,2025,13,359,-0.0595,-1.4476,6.4476,0.0825,0.0557,0.2452,305,54,0.0991,-0.9549,2.5022,3.9820,1.0540,0.2863,0.0991,7,285,1,54
00-0036389,J.Hurts,PHI,2025,13,372,0.0528,3.1401,8.9297,0.1534,0.0806,0.3196,327,45,0.2056,-1.0573,2.1522,1.4718,1.2628,0.1982,0.2056,2,297,0,45
00-0033077,D.Prescott,DAL,2025,13,420,0.2544,4.2056,7.6718,0.1137,0.0452,0.1829,367,53,0.3553,-0.4446,1.8503,4.4375,0.7999,0.2979,0.3553,2,348,2,53
00-0036971,T.Lawrence,JAX,2025,13,427,-0.0410,-4.7744,8.1608,0.1117,0.0656,0.3049,373,54,0.1066,-1.0603,2.0439,3.3571,1.1669,0.2601,0.1066,9,345,2,54
00-0036212,T.Tagovailoa,MIA,2025,13,335,0.0151,2.8990,6.8317,0.0924,0.0209,0.3220,298,37,0.1506,-1.0761,2.4686,1.6399,1.2268,0.2294,0.1506,11,291,0,37
00-0040668,S.Sanders,CLE,2025,13,57,-0.3708,-14.5335,7.8600,0.2200,0.0526,0.1898,42,15,0.0389,-1.5182,1.4079,5.8737,1.5571,0.6520,0.0389,0,39,2,15
00-0036264,J.Love,GB,2025,13,381,0.3058,5.7025,8.4509,0.1387,0.0472,0.2198,334,47,0.4619,-0.8034,1.8722,3.5639,1.2654,0.2854,0.4619,1,316,2,47
00-0035710,D.Jones,IND,2025,13,391,0.1610,2.0829,7.9769,0.1040,0.0512,0.2365,331,60,0.3107,-0.6647,1.8702,2.7382,0.9755,0.2265,0.3107,6,311,0,60
00-0039163,C.Stroud,HOU,2025,13,286,0.1033,1.6223,8.0081,0.1179,0.0629,0.2701,248,38,0.2669,-0.9642,1.8792,2.1599,1.2310,0.2538,0.2669,5,230,1,38
00-0031503,J.Winston,NYG,2025,13,68,0.2984,-2.6429,9.4615,0.1231,0.0147,0.1736,57,11,0.3319,0.1251,3.3850,4.8771,0.2068,0.7091,0.3319,2,56,0,11
00-0036972,M.Jones,SF,2025,13,284,0.1449,3.1116,7.2672,0.0763,0.0246,0.2208,242,42,0.3426,-0.9944,1.8857,2.3128,1.3370,0.2507,0.3426,4,235,0,42
00-0035228,K.Murray,ARI,2025,13,182,0.0731,-1.3076,5.7237,0.0987,0.0769,0.2974,158,24,0.2402,-1.0265,1.5319,1.2583,1.2666,0.2493,0.2402,2,144,0,24
00-0040704,D.Gabriel,CLE,2025,13,156,-0.1455,-8.4764,5.8358,0.0522,0.0577,0.2693,134,22,-0.0256,-0.8759,1.4784,1.4765,0.8504,0.2796,-0.0256,2,125,0,22
00-0039851,D.Maye,NE,2025,13,443,0.2943,9.4335,8.9945,0.1381,0.1038,0.3103,378,65,0.4765,-0.7654,2.3360,2.9163,1.2418,0.2259,0.4765,5,332,1,65
00-0026498,M.Stafford,LA,2025,13,402,0.1727,2.7271,8.7143,0.1403,0.0025,0.2210,352,50,0.3277,-0.9190,2.1794,3.2738,1.2467,0.2677,0.3277,4,351,0,50
00-0034855,B.Mayfield,TB,2025,13,404,0.0664,-2.3400,7.9629,0.1371,0.0668,0.3244,373,31,0.1875,-1.3903,2.3908,1.0574,1.5778,0.2013,0.1875,5,346,0,31
00-0032268,M.Mariota,WAS,2025,13,182,0.0620,4.4854,9.7826,0.1615,0.0495,0.2250,159,23,0.3250,-1.7559,2.3275,5.8894,2.0808,0.5203,0.3250,2,150,3,23
00-0039910,J.Daniels,WAS,2025,13,190,0.0463,-1.2177,8.5000,0.1181,0.1632,0.2960,168,22,0.1795,-0.9706,1.9384,3.5948,1.1501,0.4183,0.1795,1,137,1,22
00-0035100,J.Browning,CIN,2025,13,113,-0.4998,-2.5051,7.8190,0.1333,0.0265,0.1906,93,20,-0.2954,-1.4501,3.4799,6.4024,1.1547,0.5979,-0.2954,5,90,3,20
00-0033106,J.Goff,DET,2025,13,365,0.1602,2.9087,6.3068,0.0678,0.0137,0.2203,298,67,0.4012,-0.9120,2.2246,2.3280,1.3133,0.2055,0.4012,3,293,2,67
00-0039732,B.Nix,DEN,2025,13,435,0.0728,-2.7079,7.6625,0.1325,0.0414,0.2126,392,43,0.1815,-0.9182,1.8907,2.7986,1.0997,0.2644,0.1815,7,374,2,43
00-0032950,C.Wentz,MIN,2025,13,179,0.0113,0.8915,7.6689,0.1192,0.0503,0.2848,146,33,0.2587,-1.0835,1.3960,2.9146,1.3422,0.3129,0.2587,2,137,2,33
00-0039918,C.Williams,CHI,2025,14,459,0.0855,-4.8683,8.6201,0.1446,0.0697,0.2320,414,45,0.1999,-0.9673,2.0530,1.4461,1.1672,0.1926,0.1999,6,382,0,45
00-0039910,J.Daniels,WAS,2025,14,215,-0.0145,-2.9490,7.8354,0.1098,0.1628,0.2974,190,25,0.0985,-0.8736,2.1871,3.6301,0.9722,0.3959,0.0985,2,155,1,25
00-0028118,T.Taylor,NYJ,2025,14,132,-0.1329,-2.9023,8.4206,0.1402,0.1288,0.2171,110,22,-0.0478,-0.5582,2.3434,2.0436,0.5104,0.3379,-0.0478,4,93,0,22
00-0036972,M.Jones,SF,2025,14,284,0.1449,3.1116,7.2672,0.0763,0.0246,0.2208,242,42,0.3426,-0.9944,1.8857,2.3128,1.3370,0.2507,0.3426,4,235,0,42
00-0036971,T.Lawrence,JAX,2025,14,453,-0.0159,-4.8012,8.2959,0.1148,0.0640,0.3049,399,54,0.1255,-1.0603,2.0524,3.3571,1.1858,0.2594,0.1255,9,370,2,54
00-0037834,B.Purdy,SF,2025,14,164,0.1304,3.9934,7.4510,0.1307,0.0366,0.1723,142,22,0.2610,-0.7123,2.2799,5.3245,0.9733,0.5080,0.2610,5,136,2,22
00-0029263,R.Wilson,NYG,2025,14,121,-0.0966,-0.4724,8.8447,0.1650,0.0661,0.2324,96,25,0.1534,-1.0565,2.3521,1.0001,1.2099,0.2540,0.1534,3,88,0,25
00-0039150,B.Young,CAR,2025,14,359,-0.0595,-1.4476,6.4476,0.0825,0.0557,0.2452,305,54,0.0991,-0.9549,2.5022,3.9820,1.0540,0.2863,0.0991,7,285,1,54
00-0040743,T.Shough,NO,2025,14,148,-0.0336,2.2161,7.1181,0.0866,0.0405,0.2789,126,22,0.2130,-1.4458,2.4552,2.0640,1.6589,0.3366,0.2130,3,120,0,22
00-0035710,D.Jones,IND,2025,14,399,0.1544,2.1556,7.9915,0.1020,0.0526,0.2345,338,61,0.2982,-0.6422,1.9416,2.7236,0.9403,0.2245,0.2982,7,317,0,61
00-0039917,M.Penix,ATL,2025,14,295,0.0497,-2.5317,8.0672,0.1194,0.0441,0.2525,267,28,0.1738,-1.1337,2.3320,2.4500,1.3075,0.3102,0.1738,3,254,0,28
00-0026158,J.Flacco,CLE,2025,14,375,-0.0612,-2.9933,7.5662,0.1183,0.0080,0.2071,319,56,0.1464,-1.2438,1.8789,4.1403,1.3901,0.2825,0.1464,5,316,4,56
00-0036898,D.Mills,HOU,2025,14,153,-0.0757,-5.1911,8.6087,0.1232,0.0327,0.2338,135,18,0.0556,-1.0606,1.4718,2.3754,1.1162,0.3780,0.0556,1,130,0,18
00-0029604,K.Cousins,ATL,2025,14,113,-0.1120,-3.7006,6.9811,0.1038,0.0088,0.2095,95,18,-0.0008,-0.6992,2.6333,2.0575,0.6984,0.3769,-0.0008,2,94,0,18
00-0040676,C.Ward,TEN,2025,14,380,-0.2162,-5.1266,7.4049,0.0951,0.0395,0.3060,307,73,0.0362,-1.2779,1.6169,3.8333,1.3141,0.2404,0.0362,4,292,1,73
00-0036389,J.Hurts,PHI,2025,14,415,0.0088,1.5648,9.0737,0.1501,0.0771,0.3088,364,51,0.1570,-1.0492,2.4375,1.3865,1.2062,0.1841,0.1570,6,332,0,51
00-0036212,T.Tagovailoa,MIA,2025,14,356,0.0156,2.0208,6.6904,0.0867,0.0197,0.3192,316,40,0.1514,-1.0574,2.3975,1.6349,1.2089,0.2201,0.1514,11,309,0,40
00-0034855,B.Mayfield,TB,2025,14,439,0.0428,-3.4130,7.9395,0.1395,0.0729,0.3174,406,33,0.1533,-1.3171,2.3845,1.0773,1.4704,0.1963,0.1533,6,374,0,33
00-0035100,J.Browning,CIN,2025,14,113,-0.4998,-2.5051,7.8190,0.1333,0.0265,0.1906,93,20,-0.2954,-1.4501,3.4799,6.4024,1.1547,0.5979,-0.2954,5,90,3,20
00-0039163,C.Stroud,HOU,2025,14,321,0.0922,0.8353,8.2130,0.1191,0.0592,0.2679,274,47,0.2501,-0.8283,1.8859,2.2199,1.0783,0.2326,0.2501,5,255,1,47
00-0039851,D.Maye,NE,2025,14,443,0.2943,9.4335,8.9945,0.1381,0.1038,0.3103,378,65,0.4765,-0.7654,2.3360,2.9163,1.2418,0.2259,0.4765,5,332,1,65
00-0036264,J.Love,GB,2025,14,407,0.3060,6.1189,8.7197,0.1456,0.0442,0.2252,359,48,0.4588,-0.8365,1.9869,3.5405,1.2953,0.2816,0.4588,2,341,2,48
00-0034796,L.Jackson,BAL,2025,14,293,0.0275,1.1612,8.1750,0.1250,0.0887,0.3074,248,45,0.2809,-1.3693,2.3753,2.3375,1.6502,0.2480,0.2809,4,222,1,45
00-0026498,M.Stafford,LA,2025,14,433,0.1959,2.8280,8.6010,0.1394,0.0023,0.2168,381,52,0.3472,-0.9126,2.1523,3.1541,1.2598,0.2575,0.3472,4,380,0,52
00-0040691,J.Dart,NYG,2025,14,237,0.0690,-0.0018,8.2784,0.1340,0.0886,0.2907,200,37,0.2655,-0.9933,1.9990,1.8705,1.2588,0.2461,0.2655,0,179,1,37
00-0040704,D.Gabriel,CLE,2025,14,156,-0.1455,-8.4764,5.8358,0.0522,0.0577,0.2693,134,22,-0.0256,-0.8759,1.4784,1.4765,0.8504,0.2796,-0.0256,2,125,0,22
00-0023459,A.Rodgers,PIT,2025,14,325,0.0297,-0.3985,5.9329,0.0973,0.0246,0.2598,286,39,0.1976,-1.2015,2.1011,3.0629,1.3991,0.2931,0.1976,4,278,1,39
00-0036442,J.Burrow,CIN,2025,14,125,0.0557,-1.6130,7.7281,0.1053,0.0240,0.2058,103,22,0.1339,-0.3107,2.9595,1.6497,0.4446,0.3221,0.1339,2,100,0,22
00-0032268,M.Mariota,WAS,2025,14,186,0.0229,3.7101,9.8171,0.1585,0.0484,0.2324,162,24,0.2888,-1.7719,2.4753,5.6395,2.0608,0.5003,0.2888,3,153,3,24
00-0040668,S.Sanders,CLE,2025,14,102,-0.1788,-9.6549,7.6111,0.1667,0.0588,0.1808,75,27,0.1726,-1.1548,2.3256,5.5584,1.3274,0.4867,0.1726,0,69,3,27
00-0036945,J.Fields,NYJ,2025,14,208,-0.1377,-2.9526,6.7987,0.0755,0.1106,0.2811,161,47,0.1217,-1.0262,1.8554,1.4769,1.1479,0.2072,0.1217,1,138,0,47
00-0039376,S.Rattler,NO,2025,14,273,-0.0873,2.3529,7.7759,0.1286,0.0586,0.2636,241,32,0.0198,-0.8939,2.1650,2.8347,0.9137,0.3124,0.0198,2,225,1,32
00-0033077,D.Prescott,DAL,2025,14,467,0.2298,4.2814,7.8361,0.1148,0.0450,0.1966,405,62,0.3328,-0.4428,1.9927,4.2604,0.7755,0.2714,0.3328,3,384,2,62
00-0036355,J.Herbert,LAC,2025,14,469,0.0336,0.6797,7.6786,0.1224,0.0789,0.2652,371,98,0.2653,-0.8435,2.3857,2.0057,1.1088,0.1640,0.2653,8,334,2,98
00-0039732,B.Nix,DEN,2025,14,467,0.0863,-1.7107,7.4721,0.1256,0.0407,0.2141,421,46,0.1949,-0.9074,1.8422,2.6899,1.1023,0.2507,0.1949,7,402,2,46
00-0033119,J.Brissett,ARI,2025,14,345,0.0072,2.2993,7.9100,0.1067,0.0493,0.2460,273,72,0.2818,-1.0338,1.6940,4.5793,1.3155,0.2642,0.2818,4,256,1,72
00-0033873,P.Mahomes,KC,2025,14,526,0.1414,-0.0532,7.7651,0.1208,0.0951,0.2213,439,87,0.2674,-0.4946,2.0463,2.8972,0.7621,0.1948,0.2674,8,389,2,87
00-0030565,G.Smith,LV,2025,14,382,-0.1983,-2.7085,6.0062,0.0892,0.0366,0.3154,308,74,0.0400,-1.1903,2.5129,1.1789,1.2303,0.1552,0.0400,13,294,0,74
00-0035228,K.Murray,ARI,2025,14,182,0.0731,-1.3076,5.7237,0.0987,0.0769,0.2974,158,24,0.2402,-1.0265,1.5319,1.2583,1.2666,0.2493,0.2402,2,144,0,24
00-0039923,J.McCarthy,MIN,2025,14,186,-0.2790,-7.1221,8.8693,0.1438,0.0484,0.2686,141,45,-0.0909,-0.8685,2.7883,2.7670,0.7776,0.2851,-0.0909,6,132,1,45
00-0032950,C.Wentz,MIN,2025,14,179,0.0113,0.8915,7.6689,0.1192,0.0503,0.2848,146,33,0.2587,-1.0835,1.3960,2.9146,1.3422,0.3129,0.2587,2,137,2,33
00-0033106,J.Goff,DET,2025,14,400,0.1767,3.4921,6.3458,0.0697,0.0125,0.2131,325,75,0.4155,-0.8582,2.1955,2.2327,1.2737,0.1911,0.4155,3,320,2,75
00-0034857,J.Allen,BUF,2025,14,410,0.1924,2.7446,6.9499,0.0944,0.0927,0.2923,360,50,0.3590,-1.0069,2.5289,1.6360,1.3659,0.1994,0.3590,8,322,2,50
00-0034869,S.Darnold,SEA,2025,14,354,0.2137,6.9589,8.6577,0.1321,0.0169,0.2387,314,40,0.3737,-1.0422,2.6128,5.3322,1.4159,0.3763,0.3737,8,308,2,40
00-0031503,J.Winston,NYG,2025,14,68,0.2984,-2.6429,9.4615,0.1231,0.0147,0.1736,57,11,0.3319,0.1251,3.3850,4.8771,0.2068,0.7091,0.3319,2,56,0,11
00-0036972,M.Jones,SF,2025,15,284,0.1449,3.1116,7.2672,0.0763,0.0246,0.2208,242,42,0.3426,-0.9944,1.8857,2.3128,1.3370,0.2507,0.3426,4,235,0,42
00-0026158,J.Flacco,CLE,2025,15,375,-0.0612,-2.9933,7.5662,0.1183,0.0080,0.2071,319,56,0.1464,-1.2438,1.8789,4.1403,1.3901,0.2825,0.1464,5,316,4,56
00-0039917,M.Penix,ATL,2025,15,295,0.0497,-2.5317,8.0672,0.1194,0.0441,0.2525,267,28,0.1738,-1.1337,2.3320,2.4500,1.3075,0.3102,0.1738,3,254,0,28
00-0036971,T.Lawrence,JAX,2025,15,487,0.0354,-3.6280,8.4621,0.1185,0.0678,0.3000,431,56,0.1692,-0.9949,2.0465,3.5834,1.1642,0.2622,0.1692,9,398,2,56
00-0023459,A.Rodgers,PIT,2025,15,351,0.0590,0.3843,5.7795,0.0932,0.0228,0.2693,310,41,0.2325,-1.2531,2.1239,2.9648,1.4857,0.2814,0.2325,4,302,1,41
00-0034869,S.Darnold,SEA,2025,15,391,0.2037,6.3531,8.5123,0.1253,0.0205,0.2343,346,45,0.3648,-1.0344,2.4933,4.7754,1.3992,0.3366,0.3648,8,338,2,45
00-0036389,J.Hurts,PHI,2025,15,432,0.0363,1.9474,8.9401,0.1471,0.0787,0.3121,380,52,0.1865,-1.0614,2.4124,1.3671,1.2479,0.1807,0.1865,6,346,0,52
00-0032268,M.Mariota,WAS,2025,15,208,0.0520,3.7261,10.1500,0.1722,0.0673,0.2304,180,28,0.3128,-1.6243,2.4601,5.3244,1.9372,0.4515,0.3128,3,166,3,28
00-0034855,B.Mayfield,TB,2025,15,480,0.0467,-3.2301,8.1546,0.1377,0.0688,0.3320,441,39,0.1615,-1.2523,2.3439,1.0523,1.4139,0.1797,0.1615,7,408,0,39
00-0039851,D.Maye,NE,2025,15,472,0.2752,8.8442,9.0909,0.1403,0.1038,0.3139,402,70,0.4584,-0.7765,2.3032,2.7886,1.2348,0.2135,0.4584,6,353,1,70
00-0033106,J.Goff,DET,2025,15,431,0.1905,3.7242,6.5360,0.0744,0.0116,0.2097,350,81,0.4239,-0.8180,2.1941,2.3330,1.2419,0.1873,0.4239,3,345,2,81
00-0040676,C.Ward,TEN,2025,15,399,-0.2040,-5.1098,7.3304,0.0957,0.0376,0.3020,324,75,0.0426,-1.2694,1.6140,3.7377,1.3119,0.2341,0.0426,4,309,1,75
00-0036355,J.Herbert,LAC,2025,15,502,0.0322,1.0129,7.6200,0.1211,0.0737,0.2667,394,108,0.2772,-0.8615,2.3283,2.0122,1.1387,0.1567,0.2772,8,357,3,108
00-0040743,T.Shough,NO,2025,15,187,0.0268,2.5903,7.3987,0.0759,0.0481,0.3047,160,27,0.2841,-1.4976,2.2318,1.9686,1.7817,0.2947,0.2841,3,151,0,27
00-0039918,C.Williams,CHI,2025,15,486,0.0937,-4.3774,8.6829,0.1505,0.0679,0.2377,437,49,0.2159,-0.9954,2.0207,1.4523,1.2112,0.1851,0.2159,6,404,0,49
00-0031503,J.Winston,NYG,2025,15,69,0.2720,-3.0971,9.3788,0.1212,0.0145,0.1704,57,12,0.3319,-0.0126,3.3850,4.6614,0.3445,0.6692,0.3319,2,56,0,12
00-0033873,P.Mahomes,KC,2025,15,561,0.1304,-0.3585,7.7579,0.1200,0.0927,0.2329,465,96,0.2609,-0.5019,2.0171,2.8575,0.7628,0.1847,0.2609,9,413,2,96
00-0036212,T.Tagovailoa,MIA,2025,15,369,-0.0068,1.8843,6.6697,0.0871,0.0217,0.3229,326,43,0.1406,-1.1238,2.4193,1.5817,1.2644,0.2102,0.1406,12,318,0,43
00-0034796,L.Jackson,BAL,2025,15,311,0.0302,1.4385,8.2976,0.1310,0.0900,0.3179,261,50,0.2995,-1.3756,2.4731,2.1081,1.6750,0.2272,0.2995,5,233,1,50
00-0039910,J.Daniels,WAS,2025,15,215,-0.0145,-2.9490,7.8354,0.1098,0.1628,0.2974,190,25,0.0985,-0.8736,2.1871,3.6301,0.9722,0.3959,0.0985,2,155,1,25
00-0039923,J.McCarthy,MIN,2025,15,212,-0.1802,-5.8998,9.0734,0.1525,0.0519,0.2660,166,46,0.0085,-0.8611,3.0424,2.7080,0.8696,0.2778,0.0085,7,155,1,46
00-0039732,B.Nix,DEN,2025,15,501,0.1220,-0.8671,7.6048,0.1274,0.0399,0.2099,453,48,0.2292,-0.8895,1.8971,2.5831,1.1187,0.2408,0.2292,7,433,2,48
00-0040668,S.Sanders,CLE,2025,15,127,-0.2713,-11.6718,8.2973,0.1802,0.0551,0.1862,89,38,0.0469,-1.0166,2.4916,5.0963,1.0635,0.4026,0.0469,1,82,4,38
00-0036945,J.Fields,NYJ,2025,15,208,-0.1377,-2.9526,6.7987,0.0755,0.1106,0.2811,161,47,0.1217,-1.0262,1.8554,1.4769,1.1479,0.2072,0.1217,1,138,0,47
00-0036264,J.Love,GB,2025,15,450,0.2924,6.5157,8.9020,0.1471,0.0467,0.2239,391,59,0.4701,-0.8855,1.9639,3.1974,1.3556,0.2433,0.4701,2,370,4,59
00-0029604,K.Cousins,ATL,2025,15,158,-0.0022,-0.5261,7.2500,0.1081,0.0063,0.2088,136,22,0.1103,-0.6973,2.4775,1.6847,0.8076,0.3079,0.1103,2,135,0,22
00-0035710,D.Jones,IND,2025,15,399,0.1544,2.1556,7.9915,0.1020,0.0526,0.2345,338,61,0.2982,-0.6422,1.9416,2.7236,0.9403,0.2245,0.2982,7,317,0,61
00-0037834,B.Purdy,SF,2025,15,191,0.2280,6.5747,7.5314,0.1314,0.0524,0.1768,166,25,0.3611,-0.6558,2.1723,4.7830,1.0168,0.4521,0.3611,5,156,2,25
00-0033119,J.Brissett,ARI,2025,15,373,0.0092,2.2559,7.6636,0.1009,0.0456,0.2479,299,74,0.2621,-1.0129,1.7311,4.6096,1.2750,0.2609,0.2621,5,282,1,74
00-0036898,D.Mills,HOU,2025,15,153,-0.0757,-5.1911,8.6087,0.1232,0.0327,0.2338,135,18,0.0556,-1.0606,1.4718,2.3754,1.1162,0.3780,0.0556,1,130,0,18
00-0040704,D.Gabriel,CLE,2025,15,156,-0.1455,-8.4764,5.8358,0.0522,0.0577,0.2693,134,22,-0.0256,-0.8759,1.4784,1.4765,0.8504,0.2796,-0.0256,2,125,0,22
00-0036442,J.Burrow,CIN,2025,15,154,-0.0381,-1.3008,7.7770,0.1079,0.0325,0.2077,125,29,0.1236,-0.7350,2.6119,2.4854,0.8586,0.3265,0.1236,2,120,1,29
00-0033077,D.Prescott,DAL,2025,15,503,0.2121,3.6994,7.6464,0.1106,0.0417,0.1953,432,71,0.3124,-0.3980,1.9590,4.0065,0.7104,0.2469,0.3124,3,411,2,71
00-0030565,G.Smith,LV,2025,15,382,-0.1983,-2.7085,6.0062,0.0892,0.0366,0.3154,308,74,0.0400,-1.1903,2.5129,1.1789,1.2303,0.1552,0.0400,13,294,0,74
00-0035100,J.Browning,CIN,2025,15,113,-0.4998,-2.5051,7.8190,0.1333,0.0265,0.1906,93,20,-0.2954,-1.4501,3.4799,6.4024,1.1547,0.5979,-0.2954,5,90,3,20
00-0035228,K.Murray,ARI,2025,15,182,0.0731,-1.3076,5.7237,0.0987,0.0769,0.2974,158,24,0.2402,-1.0265,1.5319,1.2583,1.2666,0.2493,0.2402,2,144,0,24
00-0039150,B.Young,CAR,2025,15,390,-0.0273,-0.9107,6.5959,0.0855,0.0667,0.2454,333,57,0.1165,-0.8678,2.4466,4.1438,0.9843,0.2829,0.1165,7,307,1,57
00-0026498,M.Stafford,LA,2025,15,473,0.1909,2.4877,8.9249,0.1435,0.0042,0.2154,413,60,0.3460,-0.8770,2.3618,2.9067,1.2230,0.2327,0.3460,5,411,0,60
00-0029263,R.Wilson,NYG,2025,15,121,-0.0966,-0.4724,8.8447,0.1650,0.0661,0.2324,96,25,0.1534,-1.0565,2.3521,1.0001,1.2099,0.2540,0.1534,3,88,0,25
00-0032950,C.Wentz,MIN,2025,15,179,0.0113,0.8915,7.6689,0.1192,0.0503,0.2848,146,33,0.2587,-1.0835,1.3960,2.9146,1.3422,0.3129,0.2587,2,137,2,33
00-0034857,J.Allen,BUF,2025,15,443,0.1996,3.3014,7.1553,0.1063,0.0926,0.2943,389,54,0.3641,-0.9852,2.5239,1.5947,1.3493,0.1898,0.3641,8,348,2,54
00-0040691,J.Dart,NYG,2025,15,276,0.0596,-1.2245,8.6018,0.1416,0.0978,0.2808,233,43,0.2362,-0.8971,1.9573,1.6983,1.1333,0.2189,0.2362,1,206,1,43
00-0039376,S.Rattler,NO,2025,15,274,-0.0865,2.3529,7.7603,0.1281,0.0584,0.2636,242,32,0.0202,-0.8939,2.1561,2.8347,0.9141,0.3122,0.0202,2,226,1,32
00-0028118,T.Taylor,NYJ,2025,15,132,-0.1329,-2.9023,8.4206,0.1402,0.1288,0.2171,110,22,-0.0478,-0.5582,2.3434,2.0436,0.5104,0.3379,-0.0478,4,93,0,22
00-0039163,C.Stroud,HOU,2025,15,345,0.1227,1.9980,7.9097,0.1104,0.0609,0.2655,297,48,0.2761,-0.8268,1.8944,2.1727,1.1030,0.2273,0.2761,5,276,1,48
00-0039732,B.Nix,DEN,2025,16,531,0.1217,-0.8766,7.6491,0.1278,0.0377,0.2058,481,50,0.2281,-0.9021,1.8587,2.4885,1.1302,0.2316,0.2281,7,461,2,50
00-0034855,B.Mayfield,TB,2025,16,510,0.0581,-2.9607,8.0159,0.1318,0.0686,0.3383,469,41,0.1747,-1.2753,2.3067,1.0292,1.4500,0.1733,0.1747,8,434,0,41
00-0039917,M.Penix,ATL,2025,16,295,0.0497,-2.5317,8.0672,0.1194,0.0441,0.2525,267,28,0.1738,-1.1337,2.3320,2.4500,1.3075,0.3102,0.1738,3,254,0,28
00-0036355,J.Herbert,LAC,2025,16,533,0.0746,2.2033,7.7277,0.1250,0.0769,0.2612,421,112,0.3160,-0.8332,2.3260,2.0111,1.1492,0.1532,0.3160,8,380,3,112
00-0033119,J.Brissett,ARI,2025,16,406,0.0025,0.9041,7.6369,0.1006,0.0419,0.2514,328,78,0.2495,-1.0359,1.7712,4.3996,1.2854,0.2486,0.2495,6,311,1,78
00-0036972,M.Jones,SF,2025,16,284,0.1449,3.1116,7.2672,0.0763,0.0246,0.2208,242,42,0.3426,-0.9944,1.8857,2.3128,1.3370,0.2507,0.3426,4,235,0,42
00-0040668,S.Sanders,CLE,2025,16,162,-0.2531,-8.8985,6.9643,0.1500,0.0679,0.1857,115,47,0.0173,-0.9148,2.7642,4.7241,0.9320,0.3529,0.0173,3,104,4,47
00-0032268,M.Mariota,WAS,2025,16,223,0.0331,3.1615,10.1804,0.1753,0.0628,0.2341,193,30,0.2911,-1.6264,2.4127,4.9578,1.9174,0.4216,0.2911,3,179,3,30
00-0031503,J.Winston,NYG,2025,16,69,0.2720,-3.0971,9.3788,0.1212,0.0145,0.1704,57,12,0.3319,-0.0126,3.3850,4.6614,0.3445,0.6692,0.3319,2,56,0,12
00-0039923,J.McCarthy,MIN,2025,16,231,-0.1850,-5.7252,8.7801,0.1466,0.0563,0.2713,179,52,0.0527,-1.0032,3.0974,3.3267,1.0559,0.2851,0.0527,8,166,1,52
00-0035710,D.Jones,IND,2025,16,399,0.1544,2.1556,7.9915,0.1020,0.0526,0.2345,338,61,0.2982,-0.6422,1.9416,2.7236,0.9403,0.2245,0.2982,7,317,0,61
00-0022942,P.Rivers,IND,2025,16,59,0.2061,0.8702,7.1053,0.1053,0.0000,0.1878,52,7,0.3525,-0.8816,1.6688,1.6572,1.2340,0.5185,0.3525,1,52,0,7
00-0040691,J.Dart,NYG,2025,16,295,-0.0033,-2.1239,8.4854,0.1381,0.0949,0.2974,246,49,0.1939,-0.9934,1.9920,1.6922,1.1872,0.2065,0.1939,2,218,1,49
00-0040398,B.Cook,NYJ,2025,16,73,-0.3432,-8.2742,5.5763,0.0508,0.0548,0.2730,60,13,-0.1125,-1.4079,1.3590,2.2823,1.2954,0.4452,-0.1125,2,56,0,13
00-0034796,L.Jackson,BAL,2025,16,321,0.0488,1.6868,8.4275,0.1260,0.0872,0.3153,270,51,0.3177,-1.3744,2.4222,2.0660,1.6921,0.2224,0.3177,5,242,1,51
00-0023459,A.Rodgers,PIT,2025,16,396,0.0648,0.1892,6.0496,0.0937,0.0253,0.2755,352,44,0.2152,-1.1379,2.0958,3.8652,1.3531,0.3063,0.2152,4,342,1,44
00-0035228,K.Murray,ARI,2025,16,182,0.0731,-1.3076,5.7237,0.0987,0.0769,0.2974,158,24,0.2402,-1.0265,1.5319,1.2583,1.2666,0.2493,0.2402,2,144,0,24
00-0036442,J.Burrow,CIN,2025,16,187,0.0645,1.4270,7.3964,0.1065,0.0321,0.2167,154,33,0.2273,-0.6955,2.4033,2.6135,0.9229,0.3079,0.2273,2,148,1,33
00-0036898,D.Mills,HOU,2025,16,153,-0.0757,-5.1911,8.6087,0.1232,0.0327,0.2338,135,18,0.0556,-1.0606,1.4718,2.3754,1.1162,0.3780,0.0556,1,130,0,18
00-0029263,R.Wilson,NYG,2025,16,121,-0.0966,-0.4724,8.8447,0.1650,0.0661,0.2324,96,25,0.1534,-1.0565,2.3521,1.0001,1.2099,0.2540,0.1534,3,88,0,25
00-0040676,C.Ward,TEN,2025,16,427,-0.1765,-4.1457,7.2595,0.1027,0.0375,0.3013,347,80,0.0668,-1.2320,1.6848,3.6979,1.2988,0.2260,0.0668,4,331,1,80
00-0039163,C.Stroud,HOU,2025,16,381,0.1173,1.6235,7.9940,0.1078,0.0577,0.2561,329,52,0.2694,-0.8448,1.8364,2.0201,1.1142,0.2108,0.2694,5,307,1,52
00-0039910,J.Daniels,WAS,2025,16,215,-0.0145,-2.9490,7.8354,0.1098,0.1628,0.2974,190,25,0.0985,-0.8736,2.1871,3.6301,0.9722,0.3959,0.0985,2,155,1,25
00-0035100,J.Browning,CIN,2025,16,113,-0.4998,-2.5051,7.8190,0.1333,0.0265,0.1906,93,20,-0.2954,-1.4501,3.4799,6.4024,1.1547,0.5979,-0.2954,5,90,3,20
00-0030565,G.Smith,LV,2025,16,408,-0.1816,-2.2075,6.1552,0.0977,0.0343,0.3242,331,77,0.0561,-1.2033,2.7702,1.1566,1.2593,0.1529,0.0561,14,317,0,77
00-0033077,D.Prescott,DAL,2025,16,536,0.2225,3.7172,7.7984,0.1120,0.0429,0.1970,462,74,0.3250,-0.4174,1.9595,3.9249,0.7425,0.2393,0.3250,3,439,2,74
00-0036971,T.Lawrence,JAX,2025,16,522,0.0634,-2.6573,8.4194,0.1170,0.0651,0.2956,457,65,0.2063,-0.9413,2.0747,3.1760,1.1476,0.2311,0.2063,9,423,2,65
00-0039918,C.Williams,CHI,2025,16,523,0.1039,-4.0434,8.7597,0.1481,0.0688,0.2291,470,53,0.2228,-0.9501,2.0307,1.4562,1.1730,0.1783,0.2228,6,434,0,53
00-0037834,B.Purdy,SF,2025,16,224,0.2992,7.7701,7.8689,0.1311,0.0491,0.1859,198,26,0.4231,-0.6443,2.1239,4.5951,1.0674,0.4330,0.4231,5,187,2,26
00-0034869,S.Darnold,SEA,2025,16,430,0.1747,5.9882,8.3090,0.1206,0.0233,0.2519,380,50,0.3229,-0.9519,2.6016,4.4978,1.2748,0.3111,0.3229,9,370,2,50
00-0036945,J.Fields,NYJ,2025,16,208,-0.1377,-2.9526,6.7987,0.0755,0.1106,0.2811,161,47,0.1217,-1.0262,1.8554,1.4769,1.1479,0.2072,0.1217,1,138,0,47
00-0029604,K.Cousins,ATL,2025,16,194,0.0400,-1.7716,6.9399,0.0984,0.0052,0.2082,168,26,0.1689,-0.7934,2.3668,1.6265,0.9623,0.2768,0.1689,2,167,1,26
00-0036264,J.Love,GB,2025,16,464,0.2873,6.2311,8.8076,0.1425,0.0474,0.2220,404,60,0.4606,-0.8800,1.9808,3.1450,1.3407,0.2394,0.4606,2,382,4,60
00-0036389,J.Hurts,PHI,2025,16,469,0.0550,2.3770,8.7708,0.1411,0.0832,0.3210,415,54,0.2003,-1.0620,2.3088,1.3155,1.2624,0.1730,0.2003,6,376,0,54
00-0036212,T.Tagovailoa,MIA,2025,16,369,-0.0068,1.8843,6.6697,0.0871,0.0217,0.3229,326,43,0.1406,-1.1238,2.4193,1.5817,1.2644,0.2102,0.1406,12,318,0,43
00-0033106,J.Goff,DET,2025,16,485,0.1878,2.4848,6.4295,0.0727,0.0103,0.2128,395,90,0.4115,-0.7941,2.1363,2.2680,1.2056,0.1750,0.4115,3,390,2,90
00-0033873,P.Mahomes,KC,2025,16,561,0.1304,-0.3585,7.7579,0.1200,0.0927,0.2329,465,96,0.2609,-0.5019,2.0171,2.8575,0.7628,0.1847,0.2609,9,413,2,96
00-0039376,S.Rattler,NO,2025,16,274,-0.0865,2.3529,7.7603,0.1281,0.0584,0.2636,242,32,0.0202,-0.8939,2.1561,2.8347,0.9141,0.3122,0.0202,2,226,1,32
00-0040704,D.Gabriel,CLE,2025,16,157,-0.1535,-8.4764,5.8358,0.0522,0.0573,0.2753,134,23,-0.0256,-0.8991,1.4784,1.4217,0.8735,0.2699,-0.0256,2,125,0,23
00-0040743,T.Shough,NO,2025,16,233,0.0337,1.7910,7.6400,0.0950,0.0472,0.3133,204,29,0.2603,-1.5604,1.9312,1.8866,1.8207,0.2730,0.2603,3,193,0,29
00-0032950,C.Wentz,MIN,2025,16,179,0.0113,0.8915,7.6689,0.1192,0.0503,0.2848,146,33,0.2587,-1.0835,1.3960,2.9146,1.3422,0.3129,0.2587,2,137,2,33
00-0039150,B.Young,CAR,2025,16,426,-0.0156,-0.2321,6.7170,0.0916,0.0657,0.2400,360,66,0.1262,-0.7892,2.3920,3.7763,0.9154,0.2527,0.1262,7,332,1,66
00-0026158,J.Flacco,CLE,2025,16,375,-0.0612,-2.9933,7.5662,0.1183,0.0080,0.2071,319,56,0.1464,-1.2438,1.8789,4.1403,1.3901,0.2825,0.1464,5,316,4,56
00-0028118,T.Taylor,NYJ,2025,16,132,-0.1329,-2.9023,8.4206,0.1402,0.1288,0.2171,110,22,-0.0478,-0.5582,2.3434,2.0436,0.5104,0.3379,-0.0478,4,93,0,22
00-0034857,J.Allen,BUF,2025,16,466,0.1728,3.1008,7.1166,0.1062,0.0923,0.2961,408,58,0.3391,-0.9971,2.5141,1.5041,1.3363,0.1792,0.3391,8,365,2,58
00-0026498,M.Stafford,LA,2025,16,523,0.2234,2.0899,8.9940,0.1437,0.0076,0.2083,459,64,0.3683,-0.8154,2.3970,2.8253,1.1837,0.2222,0.3683,5,455,0,64
00-0039851,D.Maye,NE,2025,16,523,0.2779,9.2147,9.2634,0.1492,0.0994,0.3090,443,80,0.4594,-0.7267,2.2873,2.6909,1.1861,0.1970,0.4594,7,391,1,80
00-0034855,B.Mayfield,TB,2025,17,557,0.0490,-1.9654,8.0603,0.1351,0.0682,0.3439,511,46,0.1752,-1.3530,2.2677,1.3044,1.5282,0.1811,0.1752,10,473,0,46
00-0032950,C.Wentz,MIN,2025,17,179,0.0113,0.8915,7.6689,0.1192,0.0503,0.2848,146,33,0.2587,-1.0835,1.3960,2.9146,1.3422,0.3129,0.2587,2,137,2,33
00-0040676,C.Ward,TEN,2025,17,468,-0.1771,-3.8565,7.3778,0.1062,0.0385,0.3053,381,87,0.0828,-1.3154,1.7796,4.0926,1.3982,0.2274,0.0828,4,363,1,87
00-0033077,D.Prescott,DAL,2025,17,580,0.2261,2.6347,7.9753,0.1120,0.0431,0.2176,497,83,0.3369,-0.4377,2.0704,3.5955,0.7746,0.2179,0.3369,3,472,2,83
00-0040398,B.Cook,NYJ,2025,17,91,-0.4273,-9.2950,5.1974,0.0658,0.0440,0.2676,74,17,-0.2346,-1.2661,1.3083,1.8021,1.0315,0.3517,-0.2346,3,70,0,17
00-0035100,J.Browning,CIN,2025,17,113,-0.4998,-2.5051,7.8190,0.1333,0.0265,0.1906,93,20,-0.2954,-1.4501,3.4799,6.4024,1.1547,0.5979,-0.2954,5,90,3,20
00-0037834,B.Purdy,SF,2025,17,262,0.3083,7.3739,7.8410,0.1381,0.0573,0.1945,235,27,0.4202,-0.6658,2.4106,4.4310,1.0861,0.4176,0.4202,6,220,2,27
00-0031503,J.Winston,NYG,2025,17,69,0.2720,-3.0971,9.3788,0.1212,0.0145,0.1704,57,12,0.3319,-0.0126,3.3850,4.6614,0.3445,0.6692,0.3319,2,56,0,12
00-0030565,G.Smith,LV,2025,17,435,-0.1757,-1.3332,6.0511,0.0995,0.0345,0.3207,352,83,0.0869,-1.2894,2.7803,1.7394,1.3762,0.1699,0.0869,14,337,1,83
00-0023459,A.Rodgers,PIT,2025,17,436,0.0300,-0.7151,6.0650,0.0950,0.0252,0.2761,387,49,0.1727,-1.0967,2.0944,3.5090,1.2694,0.2775,0.1727,4,376,1,49
00-0036212,T.Tagovailoa,MIA,2025,17,369,-0.0068,1.8843,6.6697,0.0871,0.0217,0.3229,326,43,0.1406,-1.1238,2.4193,1.5817,1.2644,0.2102,0.1406,12,318,0,43
00-0028118,T.Taylor,NYJ,2025,17,132,-0.1329,-2.9023,8.4206,0.1402,0.1288,0.2171,110,22,-0.0478,-0.5582,2.3434,2.0436,0.5104,0.3379,-0.0478,4,93,0,22
00-0034869,S.Darnold,SEA,2025,17,461,0.1447,5.6509,8.1129,0.1129,0.0239,0.2626,406,55,0.2972,-0.9805,2.6231,4.6960,1.2777,0.3031,0.2972,10,395,2,55
00-0035993,T.Huntley,BAL,2025,17,68,0.2066,13.0150,6.4464,0.0357,0.0882,0.2200,54,14,0.3601,-0.3855,1.5849,2.1099,0.7456,0.4243,0.3601,0,48,0,14
00-0034857,J.Allen,BUF,2025,17,509,0.1363,2.8182,7.1211,0.1093,0.0884,0.3086,444,65,0.3127,-1.0690,2.4372,2.4905,1.3818,0.2093,0.3127,8,399,2,65
00-0034796,L.Jackson,BAL,2025,17,321,0.0488,1.6868,8.4275,0.1260,0.0872,0.3153,270,51,0.3177,-1.3744,2.4222,2.0660,1.6921,0.2224,0.3177,5,242,1,51
00-0035228,K.Murray,ARI,2025,17,182,0.0731,-1.3076,5.7237,0.0987,0.0769,0.2974,158,24,0.2402,-1.0265,1.5319,1.2583,1.2666,0.2493,0.2402,2,144,0,24
00-0026158,J.Flacco,CIN,2025,17,375,-0.0612,-2.9933,7.5662,0.1183,0.0080,0.2071,319,56,0.1464,-1.2438,1.8789,4.1403,1.3901,0.2825,0.1464,5,316,4,56
00-0039851,D.Maye,NE,2025,17,547,0.3253,10.1844,9.2333,0.1467,0.0987,0.3075,464,83,0.5011,-0.6574,2.2793,2.7987,1.1584,0.1966,0.5011,7,410,1,83
00-0036972,M.Jones,SF,2025,17,284,0.1449,3.1116,7.2672,0.0763,0.0246,0.2208,242,42,0.3426,-0.9944,1.8857,2.3128,1.3370,0.2507,0.3426,4,235,0,42
00-0036355,J.Herbert,LAC,2025,17,575,0.0583,2.1327,7.7958,0.1250,0.0800,0.2702,455,120,0.2964,-0.8445,2.3668,2.0088,1.1409,0.1481,0.2964,9,409,3,120
00-0039917,M.Penix,ATL,2025,17,295,0.0497,-2.5317,8.0672,0.1194,0.0441,0.2525,267,28,0.1738,-1.1337,2.3320,2.4500,1.3075,0.3102,0.1738,3,254,0,28
00-0036898,D.Mills,HOU,2025,17,153,-0.0757,-5.1911,8.6087,0.1232,0.0327,0.2338,135,18,0.0556,-1.0606,1.4718,2.3754,1.1162,0.3780,0.0556,1,130,0,18
00-0040704,D.Gabriel,CLE,2025,17,157,-0.1535,-8.4764,5.8358,0.0522,0.0573,0.2753,134,23,-0.0256,-0.8991,1.4784,1.4217,0.8735,0.2699,-0.0256,2,125,0,23
00-0032268,M.Mariota,WAS,2025,17,223,0.0331,3.1615,10.1804,0.1753,0.0628,0.2341,193,30,0.2911,-1.6264,2.4127,4.9578,1.9174,0.4216,0.2911,3,179,3,30
00-0039163,C.Stroud,HOU,2025,17,409,0.0977,0.9387,8.0829,0.1077,0.0538,0.2539,356,53,0.2393,-0.8537,2.0583,1.9854,1.0930,0.2079,0.2393,7,334,1,53
00-0029604,K.Cousins,ATL,2025,17,214,0.0592,-1.5365,7.0788,0.0985,0.0047,0.1900,181,33,0.1820,-0.6144,2.3435,1.6817,0.7964,0.2528,0.1820,2,180,1,33
00-0036971,T.Lawrence,JAX,2025,17,565,0.0651,-2.4694,8.5224,0.1245,0.0673,0.2910,493,72,0.1992,-0.8536,2.1226,3.2478,1.0528,0.2223,0.1992,10,455,2,72
00-0040691,J.Dart,NYG,2025,17,323,0.0003,-1.7883,8.2471,0.1331,0.0929,0.2967,269,54,0.2027,-1.0080,1.9097,1.5621,1.2106,0.1898,0.2027,2,239,1,54
00-0039376,S.Rattler,NO,2025,17,274,-0.0865,2.3529,7.7603,0.1281,0.0584,0.2636,242,32,0.0202,-0.8939,2.1561,2.8347,0.9141,0.3122,0.0202,2,226,1,32
00-0033119,J.Brissett,ARI,2025,17,426,-0.0112,-0.2177,7.5840,0.1013,0.0399,0.2577,343,83,0.2373,-1.0382,1.7704,4.1957,1.2756,0.2360,0.2373,6,326,1,83
00-0039150,B.Young,CAR,2025,17,456,-0.0497,-0.6825,6.4289,0.0888,0.0724,0.2441,386,70,0.0886,-0.8124,2.4017,3.5769,0.9009,0.2394,0.0886,8,353,1,70
00-0036442,J.Burrow,CIN,2025,17,222,0.1380,3.2674,7.5150,0.1150,0.0315,0.2330,185,37,0.3187,-0.7653,2.3194,2.3857,1.0840,0.2775,0.3187,2,178,1,37
00-0040494,M.Brosmer,MIN,2025,17,58,-0.7140,-3.0739,4.7174,0.0870,0.0345,0.2646,42,16,-0.3164,-1.7576,1.5978,6.5723,1.4412,0.6699,-0.3164,1,40,1,16
00-0039910,J.Daniels,WAS,2025,17,215,-0.0145,-2.9490,7.8354,0.1098,0.1628,0.2974,190,25,0.0985,-0.8736,2.1871,3.6301,0.9722,0.3959,0.0985,2,155,1,25
00-0040668,S.Sanders,CLE,2025,17,190,-0.2425,-6.3176,7.1411,0.1411,0.0737,0.1942,139,51,0.0483,-1.0351,2.7021,4.9280,1.0834,0.3407,0.0483,4,125,5,51
00-0039918,C.Williams,CHI,2025,17,568,0.1269,-3.9311,8.6489,0.1460,0.0704,0.2230,512,56,0.2468,-0.9690,2.0356,1.5416,1.2158,0.1775,0.2468,6,472,0,56
00-0036945,J.Fields,NYJ,2025,17,208,-0.1377,-2.9526,6.7987,0.0755,0.1106,0.2811,161,47,0.1217,-1.0262,1.8554,1.4769,1.1479,0.2072,0.1217,1,138,0,47
00-0026498,M.Stafford,LA,2025,17,564,0.2023,1.7393,9.3117,0.1521,0.0071,0.2186,495,69,0.3399,-0.7847,2.5305,2.8117,1.1247,0.2142,0.3399,8,491,0,69
00-0036264,J.Love,GB,2025,17,464,0.2873,6.2311,8.8076,0.1425,0.0474,0.2220,404,60,0.4606,-0.8800,1.9808,3.1450,1.3407,0.2394,0.4606,2,382,4,60
00-0029263,R.Wilson,NYG,2025,17,121,-0.0966,-0.4724,8.8447,0.1650,0.0661,0.2324,96,25,0.1534,-1.0565,2.3521,1.0001,1.2099,0.2540,0.1534,3,88,0,25
00-0033106,J.Goff,DET,2025,17,515,0.1634,1.8239,6.4760,0.0731,0.0097,0.2260,417,98,0.4077,-0.8763,2.2185,2.4109,1.2840,0.1730,0.4077,4,412,3,98
00-0040743,T.Shough,NO,2025,17,262,0.0776,4.3103,7.7156,0.0978,0.0496,0.3146,229,33,0.2941,-1.4247,2.0278,2.5873,1.7187,0.2954,0.2941,3,216,0,33
00-0039732,B.Nix,DEN,2025,17,575,0.1250,-0.5473,7.4896,0.1205,0.0435,0.2018,519,56,0.2205,-0.7601,1.7980,2.5883,0.9806,0.2229,0.2205,8,494,2,56
00-0033873,P.Mahomes,KC,2025,17,561,0.1304,-0.3585,7.7579,0.1200,0.0927,0.2329,465,96,0.2609,-0.5019,2.0171,2.8575,0.7628,0.1847,0.2609,9,413,2,96
00-0039923,J.McCarthy,MIN,2025,17,231,-0.1850,-5.7252,8.7801,0.1466,0.0563,0.2713,179,52,0.0527,-1.0032,3.0974,3.3267,1.0559,0.2851,0.0527,8,166,1,52
00-0036389,J.Hurts,PHI,2025,17,497,0.0486,2.1308,8.8274,0.1418,0.0805,0.3187,440,57,0.1914,-1.0542,2.2452,1.2484,1.2456,0.1643,0.1914,6,400,0,57
00-0035710,D.Jones,IND,2025,17,399,0.1544,2.1556,7.9915,0.1020,0.0526,0.2345,338,61,0.2982,-0.6422,1.9416,2.7236,0.9403,0.2245,0.2982,7,317,0,61
00-0022942,P.Rivers,IND,2025,17,91,0.0067,-2.7323,7.4138,0.1034,0.0000,0.2000,79,12,0.1771,-1.1151,1.9266,1.3302,1.2922,0.3678,0.1771,2,79,0,12
00-0036971,T.Lawrence,JAX,2025,18,597,0.0785,-1.6474,8.5502,0.1255,0.0670,0.2966,523,74,0.2151,-0.8864,2.0754,3.2023,1.1014,0.2174,0.2151,10,483,2,74
00-0028118,T.Taylor,NYJ,2025,18,132,-0.1329,-2.9023,8.4206,0.1402,0.1288,0.2171,110,22,-0.0478,-0.5582,2.3434,2.0436,0.5104,0.3379,-0.0478,4,93,0,22
00-0040234,Q.Ewers,MIA,2025,18,68,-0.0746,1.7966,8.5738,0.1639,0.0294,0.2179,57,11,0.0525,-0.7333,3.4438,2.9856,0.7858,0.5761,0.0525,3,55,0,11
00-0035710,D.Jones,IND,2025,18,399,0.1544,2.1556,7.9915,0.1020,0.0526,0.2345,338,61,0.2982,-0.6422,1.9416,2.7236,0.9403,0.2245,0.2982,7,317,0,61
00-0031503,J.Winston,NYG,2025,18,69,0.2720,-3.0971,9.3788,0.1212,0.0145,0.1704,57,12,0.3319,-0.0126,3.3850,4.6614,0.3445,0.6692,0.3319,2,56,0,12
00-0039732,B.Nix,DEN,2025,18,603,0.1125,-1.2508,7.3018,0.1182,0.0514,0.2136,542,61,0.2118,-0.7702,1.7864,2.3898,0.9820,0.2061,0.2118,8,511,2,61
00-0036972,M.Jones,SF,2025,18,284,0.1449,3.1116,7.2672,0.0763,0.0246,0.2208,242,42,0.3426,-0.9944,1.8857,2.3128,1.3370,0.2507,0.3426,4,235,0,42
00-0030565,G.Smith,LV,2025,18,435,-0.1757,-1.3332,6.0511,0.0995,0.0345,0.3207,352,83,0.0869,-1.2894,2.7803,1.7394,1.3762,0.1699,0.0869,14,337,1,83
00-0040398,B.Cook,NYJ,2025,18,109,-0.4576,-12.5982,4.8261,0.0543,0.0459,0.2667,89,20,-0.2572,-1.3491,1.1887,1.6988,1.0918,0.3135,-0.2572,3,84,0,20
00-0034855,B.Mayfield,TB,2025,18,583,0.0628,-1.5262,8.0200,0.1297,0.0720,0.3462,534,49,0.1863,-1.2831,2.2633,1.3860,1.4695,0.1803,0.1863,11,492,0,49
00-0039923,J.McCarthy,MIN,2025,18,255,-0.1448,-5.1923,8.6542,0.1402,0.0549,0.2600,198,57,0.0608,-0.8593,2.9346,3.2923,0.9201,0.2694,0.0608,8,184,1,57
00-0039376,S.Rattler,NO,2025,18,274,-0.0865,2.3529,7.7603,0.1281,0.0584,0.2636,242,32,0.0202,-0.8939,2.1561,2.8347,0.9141,0.3122,0.0202,2,226,1,32
00-0034857,J.Allen,BUF,2025,18,509,0.1363,2.8182,7.1211,0.1093,0.0884,0.3086,444,65,0.3127,-1.0690,2.4372,2.4905,1.3818,0.2093,0.3127,8,399,2,65
00-0037834,B.Purdy,SF,2025,18,290,0.2461,7.5990,7.5115,0.1260,0.0586,0.2072,256,34,0.3810,-0.7695,2.3947,3.7636,1.1504,0.3465,0.3810,7,239,2,34
00-0036945,J.Fields,NYJ,2025,18,208,-0.1377,-2.9526,6.7987,0.0755,0.1106,0.2811,161,47,0.1217,-1.0262,1.8554,1.4769,1.1479,0.2072,0.1217,1,138,0,47
00-0039918,C.Williams,CHI,2025,18,604,0.1162,-3.7001,8.6019,0.1426,0.0679,0.2220,544,60,0.2362,-0.9721,2.0305,1.4773,1.2082,0.1684,0.2362,7,503,0,60
00-0037324,C.Oladokun,KC,2025,18,60,-0.4268,-3.5022,4.8846,0.0962,0.0500,0.2179,48,12,-0.1364,-1.5886,1.2453,3.1959,1.4523,0.5406,-0.1364,0,45,0,12
00-0033873,P.Mahomes,KC,2025,18,561,0.1304,-0.3585,7.7579,0.1200,0.0927,0.2329,465,96,0.2609,-0.5019,2.0171,2.8575,0.7628,0.1847,0.2609,9,413,2,96
00-0034869,S.Darnold,SEA,2025,18,487,0.1436,5.6979,7.9195,0.1096,0.0267,0.2683,429,58,0.2954,-0.9789,2.5581,4.4911,1.2743,0.2888,0.2954,10,416,2,58
00-0036898,D.Mills,HOU,2025,18,163,-0.1040,-6.6819,8.4490,0.1156,0.0368,0.2303,144,19,0.0263,-1.0917,1.4427,2.2618,1.1180,0.3593,0.0263,1,138,0,19
00-0033119,J.Brissett,ARI,2025,18,456,-0.0088,0.6701,7.5739,0.1003,0.0395,0.2643,363,93,0.2506,-1.0209,1.7738,4.0612,1.2715,0.2204,0.2506,7,345,1,93
00-0032950,C.Wentz,MIN,2025,18,179,0.0113,0.8915,7.6689,0.1192,0.0503,0.2848,146,33,0.2587,-1.0835,1.3960,2.9146,1.3422,0.3129,0.2587,2,137,2,33
00-0029604,K.Cousins,ATL,2025,18,250,0.0278,-2.2182,7.0812,0.0940,0.0080,0.2087,209,41,0.1676,-0.6848,2.3991,1.5693,0.8524,0.2231,0.1676,3,207,1,41
00-0033106,J.Goff,DET,2025,18,559,0.1725,2.0870,6.4338,0.0691,0.0089,0.2271,455,104,0.4047,-0.8434,2.1571,2.3665,1.2481,0.1658,0.4047,5,450,3,104
00-0023459,A.Rodgers,PIT,2025,18,486,0.0462,-0.5151,6.1544,0.0984,0.0247,0.2814,434,52,0.1885,-1.1418,2.0187,3.3375,1.3302,0.2624,0.1885,4,422,1,52
00-0036355,J.Herbert,LAC,2025,18,575,0.0583,2.1327,7.7958,0.1250,0.0800,0.2702,455,120,0.2964,-0.8445,2.3668,2.0088,1.1409,0.1481,0.2964,9,409,3,120
00-0040691,J.Dart,NYG,2025,18,357,0.0224,-0.9919,8.0481,0.1271,0.0924,0.2947,294,63,0.2050,-0.8295,1.8393,2.4333,1.0345,0.2118,0.2050,2,261,1,63
00-0040668,S.Sanders,CLE,2025,18,220,-0.2476,-6.9884,7.3514,0.1405,0.0727,0.2202,160,60,0.0662,-1.0846,2.4530,4.4721,1.1509,0.2998,0.0662,4,144,5,60
00-0022942,P.Rivers,IND,2025,18,91,0.0067,-2.7323,7.4138,0.1034,0.0000,0.2000,79,12,0.1771,-1.1151,1.9266,1.3302,1.2922,0.3678,0.1771,2,79,0,12
00-0026300,J.Johnson,WAS,2025,18,59,0.1646,1.3542,6.2200,0.0400,0.1356,0.1640,50,9,0.1743,0.1107,2.3276,2.7781,0.0636,0.5960,0.1743,2,42,0,9
00-0039163,C.Stroud,HOU,2025,18,432,0.1026,0.6228,7.9818,0.1016,0.0532,0.2517,378,54,0.2384,-0.8476,2.0346,1.9500,1.0860,0.2037,0.2384,7,355,1,54
00-0036264,J.Love,GB,2025,18,464,0.2873,6.2311,8.8076,0.1425,0.0474,0.2220,404,60,0.4606,-0.8800,1.9808,3.1450,1.3407,0.2394,0.4606,2,382,4,60
00-0039917,M.Penix,ATL,2025,18,295,0.0497,-2.5317,8.0672,0.1194,0.0441,0.2525,267,28,0.1738,-1.1337,2.3320,2.4500,1.3075,0.3102,0.1738,3,254,0,28
00-0036389,J.Hurts,PHI,2025,18,497,0.0486,2.1308,8.8274,0.1418,0.0805,0.3187,440,57,0.1914,-1.0542,2.2452,1.2484,1.2456,0.1643,0.1914,6,400,0,57
00-0029263,R.Wilson,NYG,2025,18,121,-0.0966,-0.4724,8.8447,0.1650,0.0661,0.2324,96,25,0.1534,-1.0565,2.3521,1.0001,1.2099,0.2540,0.1534,3,88,0,25
00-0040494,M.Brosmer,MIN,2025,18,61,-0.6792,-1.9062,4.7917,0.0833,0.0328,0.2716,44,17,-0.2604,-1.7631,1.5920,6.1621,1.5027,0.6314,-0.2604,1,42,1,17
00-0034796,L.Jackson,BAL,2025,18,342,0.0713,1.7426,8.5179,0.1286,0.0819,0.3190,286,56,0.3418,-1.3106,2.7514,2.0941,1.6524,0.2168,0.3418,6,258,1,56
00-0035993,T.Huntley,BAL,2025,18,68,0.2066,13.0150,6.4464,0.0357,0.0882,0.2200,54,14,0.3601,-0.3855,1.5849,2.1099,0.7456,0.4243,0.3601,0,48,0,14
00-0040676,C.Ward,TEN,2025,18,472,-0.1669,-3.5878,7.3676,0.1078,0.0403,0.3053,385,87,0.0927,-1.3154,1.8034,4.0926,1.4080,0.2274,0.0927,4,366,1,87
00-0040704,D.Gabriel,CLE,2025,18,157,-0.1535,-8.4764,5.8358,0.0522,0.0573,0.2753,134,23,-0.0256,-0.8991,1.4784,1.4217,0.8735,0.2699,-0.0256,2,125,0,23
00-0039910,J.Daniels,WAS,2025,18,215,-0.0145,-2.9490,7.8354,0.1098,0.1628,0.2974,190,25,0.0985,-0.8736,2.1871,3.6301,0.9722,0.3959,0.0985,2,155,1,25
00-0026498,M.Stafford,LA,2025,18,601,0.2117,1.4247,9.2997,0.1533,0.0083,0.2179,528,73,0.3481,-0.7751,2.4587,2.6596,1.1232,0.2027,0.3481,8,523,0,73
00-0036442,J.Burrow,CIN,2025,18,265,0.0709,3.8583,7.0962,0.1046,0.0302,0.2367,223,42,0.2301,-0.7743,3.2160,2.2495,1.0044,0.2607,0.2301,3,215,1,42
00-0033077,D.Prescott,DAL,2025,18,591,0.2201,2.4884,7.8885,0.1097,0.0423,0.2161,507,84,0.3268,-0.4237,2.0732,3.5686,0.7505,0.2158,0.3268,3,482,2,84
00-0040743,T.Shough,NO,2025,18,298,0.0384,3.2324,7.7098,0.1020,0.0503,0.3288,261,37,0.2487,-1.4450,2.3018,2.3057,1.6937,0.2667,0.2487,4,246,0,37
00-0035100,J.Browning,CIN,2025,18,113,-0.4998,-2.5051,7.8190,0.1333,0.0265,0.1906,93,20,-0.2954,-1.4501,3.4799,6.4024,1.1547,0.5979,-0.2954,5,90,3,20
00-0039851,D.Maye,NE,2025,18,567,0.3351,10.5898,9.3562,0.1502,0.1023,0.3037,482,85,0.5079,-0.6450,2.2346,2.7470,1.1529,0.1922,0.5079,7,424,1,85
00-0026158,J.Flacco,CLE,2025,18,375,-0.0612,-2.9933,7.5662,0.1183,0.0080,0.2071,319,56,0.1464,-1.2438,1.8789,4.1403,1.3901,0.2825,0.1464,5,316,4,56
00-0036212,T.Tagovailoa,MIA,2025,18,369,-0.0068,1.8843,6.6697,0.0871,0.0217,0.3229,326,43,0.1406,-1.1238,2.4193,1.5817,1.2644,0.2102,0.1406,12,318,0,43
00-0039150,B.Young,CAR,2025,18,488,-0.0426,-0.0312,6.4343,0.0822,0.0676,0.2423,417,71,0.0877,-0.8081,2.3534,3.5270,0.8958,0.2352,0.0877,9,384,1,71
00-0035228,K.Murray,ARI,2025,18,182,0.0731,-1.3076,5.7237,0.0987,0.0769,0.2974,158,24,0.2402,-1.0265,1.5319,1.2583,1.2666,0.2493,0.2402,2,144,0,24
00-0040206,R.Leonard,IND,2025,18,55,-0.0532,0.9745,8.5769,0.1538,0.0364,0.1745,48,7,0.0847,-0.9986,4.0503,7.5951,1.0832,1.0814,0.0847,2,46,0,7
00-0032268,M.Mariota,WAS,2025,18,223,0.0331,3.1615,10.1804,0.1753,0.0628,0.2341,193,30,0.2911,-1.6264,2.4127,4.9578,1.9174,0.4216,0.2911,3,179,3,30
00-0040206,R.Leonard,IND,2025,19,55,-0.0532,0.9745,8.5769,0.1538,0.0364,0.1745,48,7,0.0847,-0.9986,4.0503,7.5951,1.0832,1.0814,0.0847,2,46,0,7
00-0040743,T.Shough,NO,2025,19,298,0.0384,3.2324,7.7098,0.1020,0.0503,0.3288,261,37,0.2487,-1.4450,2.3018,2.3057,1.6937,0.2667,0.2487,4,246,0,37
00-0034855,B.Mayfield,TB,2025,19,583,0.0628,-1.5262,8.0200,0.1297,0.0720,0.3462,534,49,0.1863,-1.2831,2.2633,1.3860,1.4695,0.1803,0.1863,11,492,0,49
00-0036971,T.Lawrence,JAX,2025,19,630,0.0755,-1.8380,8.6150,0.1277,0.0667,0.2954,553,77,0.2059,-0.8611,2.0873,3.1215,1.0670,0.2105,0.2059,12,511,2,77
00-0039163,C.Stroud,HOU,2025,19,466,0.0900,0.4404,8.0602,0.1012,0.0494,0.2639,408,58,0.2439,-0.9925,2.0677,2.4768,1.2363,0.2186,0.2439,8,385,1,58
00-0036355,J.Herbert,LAC,2025,19,604,0.0371,1.7139,7.7840,0.1260,0.0844,0.2761,478,126,0.2753,-0.8668,2.3220,2.1110,1.1421,0.1470,0.2753,9,427,3,126
00-0040691,J.Dart,NYG,2025,19,357,0.0224,-0.9919,8.0481,0.1271,0.0924,0.2947,294,63,0.2050,-0.8295,1.8393,2.4333,1.0345,0.2118,0.2050,2,261,1,63
00-0034869,S.Darnold,SEA,2025,19,487,0.1436,5.6979,7.9195,0.1096,0.0267,0.2683,429,58,0.2954,-0.9789,2.5581,4.4911,1.2743,0.2888,0.2954,10,416,2,58
00-0039851,D.Maye,NE,2025,19,605,0.3230,9.8271,9.3192,0.1495,0.1041,0.3129,516,89,0.5051,-0.7327,2.2616,2.8860,1.2378,0.1919,0.5051,8,453,1,89
00-0040234,Q.Ewers,MIA,2025,19,68,-0.0746,1.7966,8.5738,0.1639,0.0294,0.2179,57,11,0.0525,-0.7333,3.4438,2.9856,0.7858,0.5761,0.0525,3,55,0,11
00-0033077,D.Prescott,DAL,2025,19,591,0.2201,2.4884,7.8885,0.1097,0.0423,0.2161,507,84,0.3268,-0.4237,2.0732,3.5686,0.7505,0.2158,0.3268,3,482,2,84
00-0036972,M.Jones,SF,2025,19,284,0.1449,3.1116,7.2672,0.0763,0.0246,0.2208,242,42,0.3426,-0.9944,1.8857,2.3128,1.3370,0.2507,0.3426,4,235,0,42
00-0034857,J.Allen,BUF,2025,19,548,0.1437,3.4880,7.1820,0.1096,0.0876,0.3069,480,68,0.3120,-1.0441,2.3415,2.4736,1.3561,0.2031,0.3120,8,432,2,68
00-0036389,J.Hurts,PHI,2025,19,534,0.0408,1.3422,8.8362,0.1419,0.0768,0.3216,476,58,0.1735,-1.0477,2.2065,1.2290,1.2212,0.1607,0.1735,6,435,0,58
00-0040668,S.Sanders,CLE,2025,19,220,-0.2476,-6.9884,7.3514,0.1405,0.0727,0.2202,160,60,0.0662,-1.0846,2.4530,4.4721,1.1509,0.2998,0.0662,4,144,5,60
00-0026498,M.Stafford,LA,2025,19,644,0.2053,1.0256,9.4740,0.1558,0.0078,0.2142,565,79,0.3469,-0.8073,2.4004,2.5347,1.1542,0.1906,0.3469,8,560,1,79
00-0035228,K.Murray,ARI,2025,19,182,0.0731,-1.3076,5.7237,0.0987,0.0769,0.2974,158,24,0.2402,-1.0265,1.5319,1.2583,1.2666,0.2493,0.2402,2,144,0,24
00-0039732,B.Nix,DEN,2025,19,603,0.1125,-1.2508,7.3018,0.1182,0.0514,0.2136,542,61,0.2118,-0.7702,1.7864,2.3898,0.9820,0.2061,0.2118,8,511,2,61
00-0035993,T.Huntley,BAL,2025,19,68,0.2066,13.0150,6.4464,0.0357,0.0882,0.2200,54,14,0.3601,-0.3855,1.5849,2.1099,0.7456,0.4243,0.3601,0,48,0,14
00-0039923,J.McCarthy,MIN,2025,19,255,-0.1448,-5.1923,8.6542,0.1402,0.0549,0.2600,198,57,0.0608,-0.8593,2.9346,3.2923,0.9201,0.2694,0.0608,8,184,1,57
00-0026300,J.Johnson,WAS,2025,19,59,0.1646,1.3542,6.2200,0.0400,0.1356,0.1640,50,9,0.1743,0.1107,2.3276,2.7781,0.0636,0.5960,0.1743,2,42,0,9
00-0032268,M.Mariota,WAS,2025,19,223,0.0331,3.1615,10.1804,0.1753,0.0628,0.2341,193,30,0.2911,-1.6264,2.4127,4.9578,1.9174,0.4216,0.2911,3,179,3,30
00-0034796,L.Jackson,BAL,2025,19,342,0.0713,1.7426,8.5179,0.1286,0.0819,0.3190,286,56,0.3418,-1.3106,2.7514,2.0941,1.6524,0.2168,0.3418,6,258,1,56
00-0033106,J.Goff,DET,2025,19,559,0.1725,2.0870,6.4338,0.0691,0.0089,0.2271,455,104,0.4047,-0.8434,2.1571,2.3665,1.2481,0.1658,0.4047,5,450,3,104
00-0028118,T.Taylor,NYJ,2025,19,132,-0.1329,-2.9023,8.4206,0.1402,0.1288,0.2171,110,22,-0.0478,-0.5582,2.3434,2.0436,0.5104,0.3379,-0.0478,4,93,0,22
00-0033873,P.Mahomes,KC,2025,19,561,0.1304,-0.3585,7.7579,0.1200,0.0927,0.2329,465,96,0.2609,-0.5019,2.0171,2.8575,0.7628,0.1847,0.2609,9,413,2,96
00-0023459,A.Rodgers,PIT,2025,19,519,0.0077,-0.5270,6.3634,0.1008,0.0231,0.2797,456,63,0.1758,-1.2091,1.9967,3.5278,1.3849,0.2457,0.1758,4,444,1,63
00-0036212,T.Tagovailoa,MIA,2025,19,369,-0.0068,1.8843,6.6697,0.0871,0.0217,0.3229,326,43,0.1406,-1.1238,2.4193,1.5817,1.2644,0.2102,0.1406,12,318,0,43
00-0029604,K.Cousins,ATL,2025,19,250,0.0278,-2.2182,7.0812,0.0940,0.0080,0.2087,209,41,0.1676,-0.6848,2.3991,1.5693,0.8524,0.2231,0.1676,3,207,1,41
00-0039918,C.Williams,CHI,2025,19,656,0.1177,-4.0345,8.8245,0.1499,0.0671,0.2142,587,69,0.2405,-0.9275,2.0301,1.6597,1.1681,0.1659,0.2405,8,543,1,69
00-0036945,J.Fields,NYJ,2025,19,208,-0.1377,-2.9526,6.7987,0.0755,0.1106,0.2811,161,47,0.1217,-1.0262,1.8554,1.4769,1.1479,0.2072,0.1217,1,138,0,47
00-0022942,P.Rivers,IND,2025,19,91,0.0067,-2.7323,7.4138,0.1034,0.0000,0.2000,79,12,0.1771,-1.1151,1.9266,1.3302,1.2922,0.3678,0.1771,2,79,0,12
00-0033119,J.Brissett,ARI,2025,19,456,-0.0088,0.6701,7.5739,0.1003,0.0395,0.2643,363,93,0.2506,-1.0209,1.7738,4.0612,1.2715,0.2204,0.2506,7,345,1,93
00-0032950,C.Wentz,MIN,2025,19,179,0.0113,0.8915,7.6689,0.1192,0.0503,0.2848,146,33,0.2587,-1.0835,1.3960,2.9146,1.3422,0.3129,0.2587,2,137,2,33
00-0037324,C.Oladokun,KC,2025,19,60,-0.4268,-3.5022,4.8846,0.0962,0.0500,0.2179,48,12,-0.1364,-1.5886,1.2453,3.1959,1.4523,0.5406,-0.1364,0,45,0,12
00-0039150,B.Young,CAR,2025,19,532,-0.0452,-0.5348,6.6652,0.0880,0.0658,0.2395,453,79,0.0738,-0.7278,2.4467,3.4145,0.8016,0.2205,0.0738,10,418,1,79
00-0040398,B.Cook,NYJ,2025,19,109,-0.4576,-12.5982,4.8261,0.0543,0.0459,0.2667,89,20,-0.2572,-1.3491,1.1887,1.6988,1.0918,0.3135,-0.2572,3,84,0,20
00-0039910,J.Daniels,WAS,2025,19,215,-0.0145,-2.9490,7.8354,0.1098,0.1628,0.2974,190,25,0.0985,-0.8736,2.1871,3.6301,0.9722,0.3959,0.0985,2,155,1,25
00-0040494,M.Brosmer,MIN,2025,19,61,-0.6792,-1.9062,4.7917,0.0833,0.0328,0.2716,44,17,-0.2604,-1.7631,1.5920,6.1621,1.5027,0.6314,-0.2604,1,42,1,17
00-0040704,D.Gabriel,CLE,2025,19,157,-0.1535,-8.4764,5.8358,0.0522,0.0573,0.2753,134,23,-0.0256,-0.8991,1.4784,1.4217,0.8735,0.2699,-0.0256,2,125,0,23
00-0026158,J.Flacco,CIN,2025,19,375,-0.0612,-2.9933,7.5662,0.1183,0.0080,0.2071,319,56,0.1464,-1.2438,1.8789,4.1403,1.3901,0.2825,0.1464,5,316,4,56
00-0036442,J.Burrow,CIN,2025,19,265,0.0709,3.8583,7.0962,0.1046,0.0302,0.2367,223,42,0.2301,-0.7743,3.2160,2.2495,1.0044,0.2607,0.2301,3,215,1,42
00-0040676,C.Ward,TEN,2025,19,472,-0.1669,-3.5878,7.3676,0.1078,0.0403,0.3053,385,87,0.0927,-1.3154,1.8034,4.0926,1.4080,0.2274,0.0927,4,366,1,87
00-0035100,J.Browning,CIN,2025,19,113,-0.4998,-2.5051,7.8190,0.1333,0.0265,0.1906,93,20,-0.2954,-1.4501,3.4799,6.4024,1.1547,0.5979,-0.2954,5,90,3,20
00-0039376,S.Rattler,NO,2025,19,274,-0.0865,2.3529,7.7603,0.1281,0.0584,0.2636,242,32,0.0202,-0.8939,2.1561,2.8347,0.9141,0.3122,0.0202,2,226,1,32
00-0039917,M.Penix,ATL,2025,19,295,0.0497,-2.5317,8.0672,0.1194,0.0441,0.2525,267,28,0.1738,-1.1337,2.3320,2.4500,1.3075,0.3102,0.1738,3,254,0,28
00-0037834,B.Purdy,SF,2025,19,325,0.2320,6.5121,7.5324,0.1160,0.0615,0.2116,289,36,0.3473,-0.6935,2.4878,3.7002,1.0408,0.3338,0.3473,9,269,2,36
00-0031503,J.Winston,NYG,2025,19,69,0.2720,-3.0971,9.3788,0.1212,0.0145,0.1704,57,12,0.3319,-0.0126,3.3850,4.6614,0.3445,0.6692,0.3319,2,56,0,12
00-0036264,J.Love,GB,2025,19,512,0.2964,5.9040,8.9443,0.1542,0.0449,0.2142,444,68,0.4736,-0.8607,1.9904,2.8255,1.3343,0.2146,0.4736,2,421,4,68
00-0029263,R.Wilson,NYG,2025,19,121,-0.0966,-0.4724,8.8447,0.1650,0.0661,0.2324,96,25,0.1534,-1.0565,2.3521,1.0001,1.2099,0.2540,0.1534,3,88,0,25
00-0030565,G.Smith,LV,2025,19,435,-0.1757,-1.3332,6.0511,0.0995,0.0345,0.3207,352,83,0.0869,-1.2894,2.7803,1.7394,1.3762,0.1699,0.0869,14,337,1,83
00-0035710,D.Jones,IND,2025,19,399,0.1544,2.1556,7.9915,0.1020,0.0526,0.2345,338,61,0.2982,-0.6422,1.9416,2.7236,0.9403,0.2245,0.2982,7,317,0,61
00-0036898,D.Mills,HOU,2025,19,163,-0.1040,-6.6819,8.4490,0.1156,0.0368,0.2303,144,19,0.0263,-1.0917,1.4427,2.2618,1.1180,0.3593,0.0263,1,138,0,19
00-0036442,J.Burrow,CIN,2025,20,265,0.0709,3.8583,7.0962,0.1046,0.0302,0.2367,223,42,0.2301,-0.7743,3.2160,2.2495,1.0044,0.2607,0.2301,3,215,1,42
00-0039923,J.McCarthy,MIN,2025,20,255,-0.1448,-5.1923,8.6542,0.1402,0.0549,0.2600,198,57,0.0608,-0.8593,2.9346,3.2923,0.9201,0.2694,0.0608,8,184,1,57
00-0039732,B.Nix,DEN,2025,20,652,0.1113,-1.5051,7.2500,0.1191,0.0521,0.2083,588,64,0.1976,-0.6810,1.7846,2.8464,0.8785,0.2180,0.1976,9,554,2,64
00-0022942,P.Rivers,IND,2025,20,91,0.0067,-2.7323,7.4138,0.1034,0.0000,0.2000,79,12,0.1771,-1.1151,1.9266,1.3302,1.2922,0.3678,0.1771,2,79,0,12
00-0031503,J.Winston,NYG,2025,20,69,0.2720,-3.0971,9.3788,0.1212,0.0145,0.1704,57,12,0.3319,-0.0126,3.3850,4.6614,0.3445,0.6692,0.3319,2,56,0,12
00-0029263,R.Wilson,NYG,2025,20,121,-0.0966,-0.4724,8.8447,0.1650,0.0661,0.2324,96,25,0.1534,-1.0565,2.3521,1.0001,1.2099,0.2540,0.1534,3,88,0,25
00-0032268,M.Mariota,WAS,2025,20,223,0.0331,3.1615,10.1804,0.1753,0.0628,0.2341,193,30,0.2911,-1.6264,2.4127,4.9578,1.9174,0.4216,0.2911,3,179,3,30
00-0039918,C.Williams,CHI,2025,20,701,0.1175,-4.3197,8.8458,0.1542,0.0670,0.2076,628,73,0.2271,-0.8253,2.0487,1.9717,1.0524,0.1740,0.2271,11,581,1,73
00-0040206,R.Leonard,IND,2025,20,55,-0.0532,0.9745,8.5769,0.1538,0.0364,0.1745,48,7,0.0847,-0.9986,4.0503,7.5951,1.0832,1.0814,0.0847,2,46,0,7
00-0036971,T.Lawrence,JAX,2025,20,630,0.0755,-1.8380,8.6150,0.1277,0.0667,0.2954,553,77,0.2059,-0.8611,2.0873,3.1215,1.0670,0.2105,0.2059,12,511,2,77
00-0039163,C.Stroud,HOU,2025,20,507,0.0461,-1.1894,8.0774,0.0973,0.0493,0.2611,442,65,0.2227,-1.1554,2.1204,3.1481,1.3781,0.2307,0.2227,10,417,3,65
00-0033873,P.Mahomes,KC,2025,20,561,0.1304,-0.3585,7.7579,0.1200,0.0927,0.2329,465,96,0.2609,-0.5019,2.0171,2.8575,0.7628,0.1847,0.2609,9,413,2,96
00-0039376,S.Rattler,NO,2025,20,274,-0.0865,2.3529,7.7603,0.1281,0.0584,0.2636,242,32,0.0202,-0.8939,2.1561,2.8347,0.9141,0.3122,0.0202,2,226,1,32
00-0033106,J.Goff,DET,2025,20,559,0.1725,2.0870,6.4338,0.0691,0.0089,0.2271,455,104,0.4047,-0.8434,2.1571,2.3665,1.2481,0.1658,0.4047,5,450,3,104
00-0035993,T.Huntley,BAL,2025,20,68,0.2066,13.0150,6.4464,0.0357,0.0882,0.2200,54,14,0.3601,-0.3855,1.5849,2.1099,0.7456,0.4243,0.3601,0,48,0,14
00-0026498,M.Stafford,LA,2025,20,690,0.1938,0.2729,9.5076,0.1550,0.0072,0.2295,606,84,0.3367,-0.8369,2.3370,2.3980,1.1735,0.1800,0.3367,8,601,1,84
00-0036389,J.Hurts,PHI,2025,20,534,0.0408,1.3422,8.8362,0.1419,0.0768,0.3216,476,58,0.1735,-1.0477,2.2065,1.2290,1.2212,0.1607,0.1735,6,435,0,58
00-0034796,L.Jackson,BAL,2025,20,342,0.0713,1.7426,8.5179,0.1286,0.0819,0.3190,286,56,0.3418,-1.3106,2.7514,2.0941,1.6524,0.2168,0.3418,6,258,1,56
00-0030565,G.Smith,LV,2025,20,435,-0.1757,-1.3332,6.0511,0.0995,0.0345,0.3207,352,83,0.0869,-1.2894,2.7803,1.7394,1.3762,0.1699,0.0869,14,337,1,83
00-0040668,S.Sanders,CLE,2025,20,220,-0.2476,-6.9884,7.3514,0.1405,0.0727,0.2202,160,60,0.0662,-1.0846,2.4530,4.4721,1.1509,0.2998,0.0662,4,144,5,60
00-0040234,Q.Ewers,MIA,2025,20,68,-0.0746,1.7966,8.5738,0.1639,0.0294,0.2179,57,11,0.0525,-0.7333,3.4438,2.9856,0.7858,0.5761,0.0525,3,55,0,11
00-0036972,M.Jones,SF,2025,20,284,0.1449,3.1116,7.2672,0.0763,0.0246,0.2208,242,42,0.3426,-0.9944,1.8857,2.3128,1.3370,0.2507,0.3426,4,235,0,42
00-0036898,D.Mills,HOU,2025,20,163,-0.1040,-6.6819,8.4490,0.1156,0.0368,0.2303,144,19,0.0263,-1.0917,1.4427,2.2618,1.1180,0.3593,0.0263,1,138,0,19
00-0040743,T.Shough,NO,2025,20,298,0.0384,3.2324,7.7098,0.1020,0.0503,0.3288,261,37,0.2487,-1.4450,2.3018,2.3057,1.6937,0.2667,0.2487,4,246,0,37
00-0032950,C.Wentz,MIN,2025,20,179,0.0113,0.8915,7.6689,0.1192,0.0503,0.2848,146,33,0.2587,-1.0835,1.3960,2.9146,1.3422,0.3129,0.2587,2,137,2,33
00-0035100,J.Browning,CIN,2025,20,113,-0.4998,-2.5051,7.8190,0.1333,0.0265,0.1906,93,20,-0.2954,-1.4501,3.4799,6.4024,1.1547,0.5979,-0.2954,5,90,3,20
00-0035710,D.Jones,IND,2025,20,399,0.1544,2.1556,7.9915,0.1020,0.0526,0.2345,338,61,0.2982,-0.6422,1.9416,2.7236,0.9403,0.2245,0.2982,7,317,0,61
00-0037834,B.Purdy,SF,2025,20,354,0.1780,5.7417,7.5674,0.1160,0.0621,0.2110,314,40,0.2900,-0.7015,2.5714,3.7139,0.9915,0.3179,0.2900,10,292,2,40
00-0040494,M.Brosmer,MIN,2025,20,61,-0.6792,-1.9062,4.7917,0.0833,0.0328,0.2716,44,17,-0.2604,-1.7631,1.5920,6.1621,1.5027,0.6314,-0.2604,1,42,1,17
00-0036355,J.Herbert,LAC,2025,20,604,0.0371,1.7139,7.7840,0.1260,0.0844,0.2761,478,126,0.2753,-0.8668,2.3220,2.1110,1.1421,0.1470,0.2753,9,427,3,126
00-0023459,A.Rodgers,PIT,2025,20,519,0.0077,-0.5270,6.3634,0.1008,0.0231,0.2797,456,63,0.1758,-1.2091,1.9967,3.5278,1.3849,0.2457,0.1758,4,444,1,63
00-0040676,C.Ward,TEN,2025,20,472,-0.1669,-3.5878,7.3676,0.1078,0.0403,0.3053,385,87,0.0927,-1.3154,1.8034,4.0926,1.4080,0.2274,0.0927,4,366,1,87
00-0033119,J.Brissett,ARI,2025,20,456,-0.0088,0.6701,7.5739,0.1003,0.0395,0.2643,363,93,0.2506,-1.0209,1.7738,4.0612,1.2715,0.2204,0.2506,7,345,1,93
00-0040398,B.Cook,NYJ,2025,20,109,-0.4576,-12.5982,4.8261,0.0543,0.0459,0.2667,89,20,-0.2572,-1.3491,1.1887,1.6988,1.0918,0.3135,-0.2572,3,84,0,20
00-0029604,K.Cousins,ATL,2025,20,250,0.0278,-2.2182,7.0812,0.0940,0.0080,0.2087,209,41,0.1676,-0.6848,2.3991,1.5693,0.8524,0.2231,0.1676,3,207,1,41
00-0037324,C.Oladokun,KC,2025,20,60,-0.4268,-3.5022,4.8846,0.0962,0.0500,0.2179,48,12,-0.1364,-1.5886,1.2453,3.1959,1.4523,0.5406,-0.1364,0,45,0,12
00-0033077,D.Prescott,DAL,2025,20,591,0.2201,2.4884,7.8885,0.1097,0.0423,0.2161,507,84,0.3268,-0.4237,2.0732,3.5686,0.7505,0.2158,0.3268,3,482,2,84
00-0034855,B.Mayfield,TB,2025,20,583,0.0628,-1.5262,8.0200,0.1297,0.0720,0.3462,534,49,0.1863,-1.2831,2.2633,1.3860,1.4695,0.1803,0.1863,11,492,0,49
00-0035228,K.Murray,ARI,2025,20,182,0.0731,-1.3076,5.7237,0.0987,0.0769,0.2974,158,24,0.2402,-1.0265,1.5319,1.2583,1.2666,0.2493,0.2402,2,144,0,24
00-0036945,J.Fields,NYJ,2025,20,208,-0.1377,-2.9526,6.7987,0.0755,0.1106,0.2811,161,47,0.1217,-1.0262,1.8554,1.4769,1.1479,0.2072,0.1217,1,138,0,47
00-0036264,J.Love,GB,2025,20,512,0.2964,5.9040,8.9443,0.1542,0.0449,0.2142,444,68,0.4736,-0.8607,1.9904,2.8255,1.3343,0.2146,0.4736,2,421,4,68
00-0036212,T.Tagovailoa,MIA,2025,20,369,-0.0068,1.8843,6.6697,0.0871,0.0217,0.3229,326,43,0.1406,-1.1238,2.4193,1.5817,1.2644,0.2102,0.1406,12,318,0,43
00-0034869,S.Darnold,SEA,2025,20,506,0.1486,5.9089,7.9612,0.1121,0.0257,0.2736,445,61,0.3042,-0.9865,2.5108,4.2820,1.2907,0.2754,0.3042,10,432,2,61
00-0039851,D.Maye,NE,2025,20,635,0.2986,9.1827,9.2987,0.1522,0.1008,0.3288,541,94,0.4913,-0.8105,2.2708,2.9362,1.3018,0.1882,0.4913,9,477,1,94
00-0026158,J.Flacco,CIN,2025,20,375,-0.0612,-2.9933,7.5662,0.1183,0.0080,0.2071,319,56,0.1464,-1.2438,1.8789,4.1403,1.3901,0.2825,0.1464,5,316,4,56
00-0026300,J.Johnson,WAS,2025,20,59,0.1646,1.3542,6.2200,0.0400,0.1356,0.1640,50,9,0.1743,0.1107,2.3276,2.7781,0.0636,0.5960,0.1743,2,42,0,9
00-0039917,M.Penix,ATL,2025,20,295,0.0497,-2.5317,8.0672,0.1194,0.0441,0.2525,267,28,0.1738,-1.1337,2.3320,2.4500,1.3075,0.3102,0.1738,3,254,0,28
00-0039910,J.Daniels,WAS,2025,20,215,-0.0145,-2.9490,7.8354,0.1098,0.1628,0.2974,190,25,0.0985,-0.8736,2.1871,3.6301,0.9722,0.3959,0.0985,2,155,1,25
00-0028118,T.Taylor,NYJ,2025,20,132,-0.1329,-2.9023,8.4206,0.1402,0.1288,0.2171,110,22,-0.0478,-0.5582,2.3434,2.0436,0.5104,0.3379,-0.0478,4,93,0,22
00-0034857,J.Allen,BUF,2025,20,594,0.1407,3.3932,7.3434,0.1172,0.0875,0.3026,517,77,0.3159,-1.0360,2.3379,2.4959,1.3519,0.1922,0.3159,10,465,2,77
00-0040691,J.Dart,NYG,2025,20,357,0.0224,-0.9919,8.0481,0.1271,0.0924,0.2947,294,63,0.2050,-0.8295,1.8393,2.4333,1.0345,0.2118,0.2050,2,261,1,63
00-0039150,B.Young,CAR,2025,20,532,-0.0452,-0.5348,6.6652,0.0880,0.0658,0.2395,453,79,0.0738,-0.7278,2.4467,3.4145,0.8016,0.2205,0.0738,10,418,1,79
00-0040704,D.Gabriel,CLE,2025,20,157,-0.1535,-8.4764,5.8358,0.0522,0.0573,0.2753,134,23,-0.0256,-0.8991,1.4784,1.4217,0.8735,0.2699,-0.0256,2,125,0,23
00-0033077,D.Prescott,DAL,2025,21,591,0.2201,2.4884,7.8885,0.1097,0.0423,0.2161,507,84,0.3268,-0.4237,2.0732,3.5686,0.7505,0.2158,0.3268,3,482,2,84
00-0037324,C.Oladokun,KC,2025,21,60,-0.4268,-3.5022,4.8846,0.0962,0.0500,0.2179,48,12,-0.1364,-1.5886,1.2453,3.1959,1.4523,0.5406,-0.1364,0,45,0,12
00-0040206,R.Leonard,IND,2025,21,55,-0.0532,0.9745,8.5769,0.1538,0.0364,0.1745,48,7,0.0847,-0.9986,4.0503,7.5951,1.0832,1.0814,0.0847,2,46,0,7
00-0026300,J.Johnson,WAS,2025,21,59,0.1646,1.3542,6.2200,0.0400,0.1356,0.1640,50,9,0.1743,0.1107,2.3276,2.7781,0.0636,0.5960,0.1743,2,42,0,9
00-0036971,T.Lawrence,JAX,2025,21,630,0.0755,-1.8380,8.6150,0.1277,0.0667,0.2954,553,77,0.2059,-0.8611,2.0873,3.1215,1.0670,0.2105,0.2059,12,511,2,77
00-0033119,J.Brissett,ARI,2025,21,456,-0.0088,0.6701,7.5739,0.1003,0.0395,0.2643,363,93,0.2506,-1.0209,1.7738,4.0612,1.2715,0.2204,0.2506,7,345,1,93
00-0039910,J.Daniels,WAS,2025,21,215,-0.0145,-2.9490,7.8354,0.1098,0.1628,0.2974,190,25,0.0985,-0.8736,2.1871,3.6301,0.9722,0.3959,0.0985,2,155,1,25
00-0040494,M.Brosmer,MIN,2025,21,61,-0.6792,-1.9062,4.7917,0.0833,0.0328,0.2716,44,17,-0.2604,-1.7631,1.5920,6.1621,1.5027,0.6314,-0.2604,1,42,1,17
00-0034855,B.Mayfield,TB,2025,21,583,0.0628,-1.5262,8.0200,0.1297,0.0720,0.3462,534,49,0.1863,-1.2831,2.2633,1.3860,1.4695,0.1803,0.1863,11,492,0,49
00-0032950,C.Wentz,MIN,2025,21,179,0.0113,0.8915,7.6689,0.1192,0.0503,0.2848,146,33,0.2587,-1.0835,1.3960,2.9146,1.3422,0.3129,0.2587,2,137,2,33
00-0040234,Q.Ewers,MIA,2025,21,68,-0.0746,1.7966,8.5738,0.1639,0.0294,0.2179,57,11,0.0525,-0.7333,3.4438,2.9856,0.7858,0.5761,0.0525,3,55,0,11
00-0035710,D.Jones,IND,2025,21,399,0.1544,2.1556,7.9915,0.1020,0.0526,0.2345,338,61,0.2982,-0.6422,1.9416,2.7236,0.9403,0.2245,0.2982,7,317,0,61
00-0034857,J.Allen,BUF,2025,21,594,0.1407,3.3932,7.3434,0.1172,0.0875,0.3026,517,77,0.3159,-1.0360,2.3379,2.4959,1.3519,0.1922,0.3159,10,465,2,77
00-0039851,D.Maye,NE,2025,21,664,0.2776,8.3272,9.4037,0.1556,0.1009,0.3362,564,100,0.4774,-0.8497,2.2444,2.7949,1.3271,0.1787,0.4774,9,497,1,100
00-0035228,K.Murray,ARI,2025,21,182,0.0731,-1.3076,5.7237,0.0987,0.0769,0.2974,158,24,0.2402,-1.0265,1.5319,1.2583,1.2666,0.2493,0.2402,2,144,0,24
00-0033106,J.Goff,DET,2025,21,559,0.1725,2.0870,6.4338,0.0691,0.0089,0.2271,455,104,0.4047,-0.8434,2.1571,2.3665,1.2481,0.1658,0.4047,5,450,3,104
00-0036264,J.Love,GB,2025,21,512,0.2964,5.9040,8.9443,0.1542,0.0449,0.2142,444,68,0.4736,-0.8607,1.9904,2.8255,1.3343,0.2146,0.4736,2,421,4,68
00-0035100,J.Browning,CIN,2025,21,113,-0.4998,-2.5051,7.8190,0.1333,0.0265,0.1906,93,20,-0.2954,-1.4501,3.4799,6.4024,1.1547,0.5979,-0.2954,5,90,3,20
00-0023459,A.Rodgers,PIT,2025,21,519,0.0077,-0.5270,6.3634,0.1008,0.0231,0.2797,456,63,0.1758,-1.2091,1.9967,3.5278,1.3849,0.2457,0.1758,4,444,1,63
00-0036442,J.Burrow,CIN,2025,21,265,0.0709,3.8583,7.0962,0.1046,0.0302,0.2367,223,42,0.2301,-0.7743,3.2160,2.2495,1.0044,0.2607,0.2301,3,215,1,42
00-0036945,J.Fields,NYJ,2025,21,208,-0.1377,-2.9526,6.7987,0.0755,0.1106,0.2811,161,47,0.1217,-1.0262,1.8554,1.4769,1.1479,0.2072,0.1217,1,138,0,47
00-0040743,T.Shough,NO,2025,21,298,0.0384,3.2324,7.7098,0.1020,0.0503,0.3288,261,37,0.2487,-1.4450,2.3018,2.3057,1.6937,0.2667,0.2487,4,246,0,37
00-0029263,R.Wilson,NYG,2025,21,121,-0.0966,-0.4724,8.8447,0.1650,0.0661,0.2324,96,25,0.1534,-1.0565,2.3521,1.0001,1.2099,0.2540,0.1534,3,88,0,25
00-0026158,J.Flacco,CIN,2025,21,375,-0.0612,-2.9933,7.5662,0.1183,0.0080,0.2071,319,56,0.1464,-1.2438,1.8789,4.1403,1.3901,0.2825,0.1464,5,316,4,56
00-0036898,D.Mills,HOU,2025,21,163,-0.1040,-6.6819,8.4490,0.1156,0.0368,0.2303,144,19,0.0263,-1.0917,1.4427,2.2618,1.1180,0.3593,0.0263,1,138,0,19
00-0040398,B.Cook,NYJ,2025,21,109,-0.4576,-12.5982,4.8261,0.0543,0.0459,0.2667,89,20,-0.2572,-1.3491,1.1887,1.6988,1.0918,0.3135,-0.2572,3,84,0,20
00-0036389,J.Hurts,PHI,2025,21,534,0.0408,1.3422,8.8362,0.1419,0.0768,0.3216,476,58,0.1735,-1.0477,2.2065,1.2290,1.2212,0.1607,0.1735,6,435,0,58
00-0039923,J.McCarthy,MIN,2025,21,255,-0.1448,-5.1923,8.6542,0.1402,0.0549,0.2600,198,57,0.0608,-0.8593,2.9346,3.2923,0.9201,0.2694,0.0608,8,184,1,57
00-0035993,T.Huntley,BAL,2025,21,68,0.2066,13.0150,6.4464,0.0357,0.0882,0.2200,54,14,0.3601,-0.3855,1.5849,2.1099,0.7456,0.4243,0.3601,0,48,0,14
00-0029604,K.Cousins,ATL,2025,21,250,0.0278,-2.2182,7.0812,0.0940,0.0080,0.2087,209,41,0.1676,-0.6848,2.3991,1.5693,0.8524,0.2231,0.1676,3,207,1,41
00-0040691,J.Dart,NYG,2025,21,357,0.0224,-0.9919,8.0481,0.1271,0.0924,0.2947,294,63,0.2050,-0.8295,1.8393,2.4333,1.0345,0.2118,0.2050,2,261,1,63
00-0037834,B.Purdy,SF,2025,21,354,0.1780,5.7417,7.5674,0.1160,0.0621,0.2110,314,40,0.2900,-0.7015,2.5714,3.7139,0.9915,0.3179,0.2900,10,292,2,40
00-0028118,T.Taylor,NYJ,2025,21,132,-0.1329,-2.9023,8.4206,0.1402,0.1288,0.2171,110,22,-0.0478,-0.5582,2.3434,2.0436,0.5104,0.3379,-0.0478,4,93,0,22
00-0039376,S.Rattler,NO,2025,21,274,-0.0865,2.3529,7.7603,0.1281,0.0584,0.2636,242,32,0.0202,-0.8939,2.1561,2.8347,0.9141,0.3122,0.0202,2,226,1,32
00-0040704,D.Gabriel,CLE,2025,21,157,-0.1535,-8.4764,5.8358,0.0522,0.0573,0.2753,134,23,-0.0256,-0.8991,1.4784,1.4217,0.8735,0.2699,-0.0256,2,125,0,23
00-0039917,M.Penix,ATL,2025,21,295,0.0497,-2.5317,8.0672,0.1194,0.0441,0.2525,267,28,0.1738,-1.1337,2.3320,2.4500,1.3075,0.3102,0.1738,3,254,0,28
00-0022942,P.Rivers,IND,2025,21,91,0.0067,-2.7323,7.4138,0.1034,0.0000,0.2000,79,12,0.1771,-1.1151,1.9266,1.3302,1.2922,0.3678,0.1771,2,79,0,12
00-0040668,S.Sanders,CLE,2025,21,220,-0.2476,-6.9884,7.3514,0.1405,0.0727,0.2202,160,60,0.0662,-1.0846,2.4530,4.4721,1.1509,0.2998,0.0662,4,144,5,60
00-0039163,C.Stroud,HOU,2025,21,507,0.0461,-1.1894,8.0774,0.0973,0.0493,0.2611,442,65,0.2227,-1.1554,2.1204,3.1481,1.3781,0.2307,0.2227,10,417,3,65
00-0026498,M.Stafford,LA,2025,21,727,0.2084,0.5718,9.6618,0.1633,0.0096,0.2301,640,87,0.3443,-0.7914,2.3340,2.5059,1.1358,0.1801,0.3443,8,633,1,87
00-0039918,C.Williams,CHI,2025,21,701,0.1175,-4.3197,8.8458,0.1542,0.0670,0.2076,628,73,0.2271,-0.8253,2.0487,1.9717,1.0524,0.1740,0.2271,11,581,1,73
00-0030565,G.Smith,LV,2025,21,435,-0.1757,-1.3332,6.0511,0.0995,0.0345,0.3207,352,83,0.0869,-1.2894,2.7803,1.7394,1.3762,0.1699,0.0869,14,337,1,83
00-0040676,C.Ward,TEN,2025,21,472,-0.1669,-3.5878,7.3676,0.1078,0.0403,0.3053,385,87,0.0927,-1.3154,1.8034,4.0926,1.4080,0.2274,0.0927,4,366,1,87
00-0039150,B.Young,CAR,2025,21,532,-0.0452,-0.5348,6.6652,0.0880,0.0658,0.2395,453,79,0.0738,-0.7278,2.4467,3.4145,0.8016,0.2205,0.0738,10,418,1,79
00-0031503,J.Winston,NYG,2025,21,69,0.2720,-3.0971,9.3788,0.1212,0.0145,0.1704,57,12,0.3319,-0.0126,3.3850,4.6614,0.3445,0.6692,0.3319,2,56,0,12
00-0034796,L.Jackson,BAL,2025,21,342,0.0713,1.7426,8.5179,0.1286,0.0819,0.3190,286,56,0.3418,-1.3106,2.7514,2.0941,1.6524,0.2168,0.3418,6,258,1,56
00-0032268,M.Mariota,WAS,2025,21,223,0.0331,3.1615,10.1804,0.1753,0.0628,0.2341,193,30,0.2911,-1.6264,2.4127,4.9578,1.9174,0.4216,0.2911,3,179,3,30
00-0033873,P.Mahomes,KC,2025,21,561,0.1304,-0.3585,7.7579,0.1200,0.0927,0.2329,465,96,0.2609,-0.5019,2.0171,2.8575,0.7628,0.1847,0.2609,9,413,2,96
00-0036212,T.Tagovailoa,MIA,2025,21,369,-0.0068,1.8843,6.6697,0.0871,0.0217,0.3229,326,43,0.1406,-1.1238,2.4193,1.5817,1.2644,0.2102,0.1406,12,318,0,43
00-0039732,B.Nix,DEN,2025,21,652,0.1113,-1.5051,7.2500,0.1191,0.0521,0.2083,588,64,0.1976,-0.6810,1.7846,2.8464,0.8785,0.2180,0.1976,9,554,2,64
00-0036972,M.Jones,SF,2025,21,284,0.1449,3.1116,7.2672,0.0763,0.0246,0.2208,242,42,0.3426,-0.9944,1.8857,2.3128,1.3370,0.2507,0.3426,4,235,0,42
00-0034869,S.Darnold,SEA,2025,21,546,0.1726,6.1054,7.9800,0.1100,0.0256,0.2756,478,68,0.3166,-0.8393,2.4434,4.4484,1.1559,0.2656,0.3166,10,464,2,68
00-0036355,J.Herbert,LAC,2025,21,604,0.0371,1.7139,7.7840,0.1260,0.0844,0.2761,478,126,0.2753,-0.8668,2.3220,2.1110,1.1421,0.1470,0.2753,9,427,3,126
00-0022942,P.Rivers,IND,2025,22,91,0.0067,-2.7323,7.4138,0.1034,0.0000,0.2000,79,12,0.1771,-1.1151,1.9266,1.3302,1.2922,0.3678,0.1771,2,79,0,12
00-0033077,D.Prescott,DAL,2025,22,591,0.2201,2.4884,7.8885,0.1097,0.0423,0.2161,507,84,0.3268,-0.4237,2.0732,3.5686,0.7505,0.2158,0.3268,3,482,2,84
00-0040668,S.Sanders,CLE,2025,22,220,-0.2476,-6.9884,7.3514,0.1405,0.0727,0.2202,160,60,0.0662,-1.0846,2.4530,4.4721,1.1509,0.2998,0.0662,4,144,5,60
00-0036945,J.Fields,NYJ,2025,22,208,-0.1377,-2.9526,6.7987,0.0755,0.1106,0.2811,161,47,0.1217,-1.0262,1.8554,1.4769,1.1479,0.2072,0.1217,1,138,0,47
00-0029604,K.Cousins,ATL,2025,22,250,0.0278,-2.2182,7.0812,0.0940,0.0080,0.2087,209,41,0.1676,-0.6848,2.3991,1.5693,0.8524,0.2231,0.1676,3,207,1,41
00-0039163,C.Stroud,HOU,2025,22,507,0.0461,-1.1894,8.0774,0.0973,0.0493,0.2611,442,65,0.2227,-1.1554,2.1204,3.1481,1.3781,0.2307,0.2227,10,417,3,65
00-0026498,M.Stafford,LA,2025,22,727,0.2084,0.5718,9.6618,0.1633,0.0096,0.2301,640,87,0.3443,-0.7914,2.3340,2.5059,1.1358,0.1801,0.3443,8,633,1,87
00-0034857,J.Allen,BUF,2025,22,594,0.1407,3.3932,7.3434,0.1172,0.0875,0.3026,517,77,0.3159,-1.0360,2.3379,2.4959,1.3519,0.1922,0.3159,10,465,2,77
00-0039150,B.Young,CAR,2025,22,532,-0.0452,-0.5348,6.6652,0.0880,0.0658,0.2395,453,79,0.0738,-0.7278,2.4467,3.4145,0.8016,0.2205,0.0738,10,418,1,79
00-0026158,J.Flacco,CIN,2025,22,375,-0.0612,-2.9933,7.5662,0.1183,0.0080,0.2071,319,56,0.1464,-1.2438,1.8789,4.1403,1.3901,0.2825,0.1464,5,316,4,56
00-0030565,G.Smith,LV,2025,22,435,-0.1757,-1.3332,6.0511,0.0995,0.0345,0.3207,352,83,0.0869,-1.2894,2.7803,1.7394,1.3762,0.1699,0.0869,14,337,1,83
00-0040398,B.Cook,NYJ,2025,22,109,-0.4576,-12.5982,4.8261,0.0543,0.0459,0.2667,89,20,-0.2572,-1.3491,1.1887,1.6988,1.0918,0.3135,-0.2572,3,84,0,20
00-0028118,T.Taylor,NYJ,2025,22,132,-0.1329,-2.9023,8.4206,0.1402,0.1288,0.2171,110,22,-0.0478,-0.5582,2.3434,2.0436,0.5104,0.3379,-0.0478,4,93,0,22
00-0035710,D.Jones,IND,2025,22,399,0.1544,2.1556,7.9915,0.1020,0.0526,0.2345,338,61,0.2982,-0.6422,1.9416,2.7236,0.9403,0.2245,0.2982,7,317,0,61
00-0036355,J.Herbert,LAC,2025,22,604,0.0371,1.7139,7.7840,0.1260,0.0844,0.2761,478,126,0.2753,-0.8668,2.3220,2.1110,1.1421,0.1470,0.2753,9,427,3,126
00-0032950,C.Wentz,MIN,2025,22,179,0.0113,0.8915,7.6689,0.1192,0.0503,0.2848,146,33,0.2587,-1.0835,1.3960,2.9146,1.3422,0.3129,0.2587,2,137,2,33
00-0023459,A.Rodgers,PIT,2025,22,519,0.0077,-0.5270,6.3634,0.1008,0.0231,0.2797,456,63,0.1758,-1.2091,1.9967,3.5278,1.3849,0.2457,0.1758,4,444,1,63
00-0040704,D.Gabriel,CLE,2025,22,157,-0.1535,-8.4764,5.8358,0.0522,0.0573,0.2753,134,23,-0.0256,-0.8991,1.4784,1.4217,0.8735,0.2699,-0.0256,2,125,0,23
00-0040691,J.Dart,NYG,2025,22,357,0.0224,-0.9919,8.0481,0.1271,0.0924,0.2947,294,63,0.2050,-0.8295,1.8393,2.4333,1.0345,0.2118,0.2050,2,261,1,63
00-0036972,M.Jones,SF,2025,22,284,0.1449,3.1116,7.2672,0.0763,0.0246,0.2208,242,42,0.3426,-0.9944,1.8857,2.3128,1.3370,0.2507,0.3426,4,235,0,42
00-0039923,J.McCarthy,MIN,2025,22,255,-0.1448,-5.1923,8.6542,0.1402,0.0549,0.2600,198,57,0.0608,-0.8593,2.9346,3.2923,0.9201,0.2694,0.0608,8,184,1,57
00-0036212,T.Tagovailoa,MIA,2025,22,369,-0.0068,1.8843,6.6697,0.0871,0.0217,0.3229,326,43,0.1406,-1.1238,2.4193,1.5817,1.2644,0.2102,0.1406,12,318,0,43
00-0040676,C.Ward,TEN,2025,22,472,-0.1669,-3.5878,7.3676,0.1078,0.0403,0.3053,385,87,0.0927,-1.3154,1.8034,4.0926,1.4080,0.2274,0.0927,4,366,1,87
00-0032268,M.Mariota,WAS,2025,22,223,0.0331,3.1615,10.1804,0.1753,0.0628,0.2341,193,30,0.2911,-1.6264,2.4127,4.9578,1.9174,0.4216,0.2911,3,179,3,30
00-0036389,J.Hurts,PHI,2025,22,534,0.0408,1.3422,8.8362,0.1419,0.0768,0.3216,476,58,0.1735,-1.0477,2.2065,1.2290,1.2212,0.1607,0.1735,6,435,0,58
00-0035100,J.Browning,CIN,2025,22,113,-0.4998,-2.5051,7.8190,0.1333,0.0265,0.1906,93,20,-0.2954,-1.4501,3.4799,6.4024,1.1547,0.5979,-0.2954,5,90,3,20
00-0040234,Q.Ewers,MIA,2025,22,68,-0.0746,1.7966,8.5738,0.1639,0.0294,0.2179,57,11,0.0525,-0.7333,3.4438,2.9856,0.7858,0.5761,0.0525,3,55,0,11
00-0040494,M.Brosmer,MIN,2025,22,61,-0.6792,-1.9062,4.7917,0.0833,0.0328,0.2716,44,17,-0.2604,-1.7631,1.5920,6.1621,1.5027,0.6314,-0.2604,1,42,1,17
00-0033119,J.Brissett,ARI,2025,22,456,-0.0088,0.6701,7.5739,0.1003,0.0395,0.2643,363,93,0.2506,-1.0209,1.7738,4.0612,1.2715,0.2204,0.2506,7,345,1,93
00-0037324,C.Oladokun,KC,2025,22,60,-0.4268,-3.5022,4.8846,0.0962,0.0500,0.2179,48,12,-0.1364,-1.5886,1.2453,3.1959,1.4523,0.5406,-0.1364,0,45,0,12
00-0033106,J.Goff,DET,2025,22,559,0.1725,2.0870,6.4338,0.0691,0.0089,0.2271,455,104,0.4047,-0.8434,2.1571,2.3665,1.2481,0.1658,0.4047,5,450,3,104
00-0039918,C.Williams,CHI,2025,22,701,0.1175,-4.3197,8.8458,0.1542,0.0670,0.2076,628,73,0.2271,-0.8253,2.0487,1.9717,1.0524,0.1740,0.2271,11,581,1,73
00-0040743,T.Shough,NO,2025,22,298,0.0384,3.2324,7.7098,0.1020,0.0503,0.3288,261,37,0.2487,-1.4450,2.3018,2.3057,1.6937,0.2667,0.2487,4,246,0,37
00-0036442,J.Burrow,CIN,2025,22,265,0.0709,3.8583,7.0962,0.1046,0.0302,0.2367,223,42,0.2301,-0.7743,3.2160,2.2495,1.0044,0.2607,0.2301,3,215,1,42
00-0029263,R.Wilson,NYG,2025,22,121,-0.0966,-0.4724,8.8447,0.1650,0.0661,0.2324,96,25,0.1534,-1.0565,2.3521,1.0001,1.2099,0.2540,0.1534,3,88,0,25
00-0035228,K.Murray,ARI,2025,22,182,0.0731,-1.3076,5.7237,0.0987,0.0769,0.2974,158,24,0.2402,-1.0265,1.5319,1.2583,1.2666,0.2493,0.2402,2,144,0,24
00-0039851,D.Maye,NE,2025,22,694,0.2357,7.3782,9.5356,0.1601,0.1009,0.3393,586,108,0.4435,-0.8918,2.2713,2.7642,1.3354,0.1717,0.4435,10,516,1,108
00-0036971,T.Lawrence,JAX,2025,22,630,0.0755,-1.8380,8.6150,0.1277,0.0667,0.2954,553,77,0.2059,-0.8611,2.0873,3.1215,1.0670,0.2105,0.2059,12,511,2,77
00-0039376,S.Rattler,NO,2025,22,274,-0.0865,2.3529,7.7603,0.1281,0.0584,0.2636,242,32,0.0202,-0.8939,2.1561,2.8347,0.9141,0.3122,0.0202,2,226,1,32
00-0036264,J.Love,GB,2025,22,512,0.2964,5.9040,8.9443,0.1542,0.0449,0.2142,444,68,0.4736,-0.8607,1.9904,2.8255,1.3343,0.2146,0.4736,2,421,4,68
00-0033873,P.Mahomes,KC,2025,22,561,0.1304,-0.3585,7.7579,0.1200,0.0927,0.2329,465,96,0.2609,-0.5019,2.0171,2.8575,0.7628,0.1847,0.2609,9,413,2,96
00-0034869,S.Darnold,SEA,2025,22,584,0.1634,4.9864,8.0933,0.1138,0.0257,0.2690,510,74,0.3024,-0.7940,2.3631,4.2013,1.0963,0.2478,0.3024,10,495,2,74
00-0039910,J.Daniels,WAS,2025,22,215,-0.0145,-2.9490,7.8354,0.1098,0.1628,0.2974,190,25,0.0985,-0.8736,2.1871,3.6301,0.9722,0.3959,0.0985,2,155,1,25
00-0037834,B.Purdy,SF,2025,22,354,0.1780,5.7417,7.5674,0.1160,0.0621,0.2110,314,40,0.2900,-0.7015,2.5714,3.7139,0.9915,0.3179,0.2900,10,292,2,40
00-0026300,J.Johnson,WAS,2025,22,59,0.1646,1.3542,6.2200,0.0400,0.1356,0.1640,50,9,0.1743,0.1107,2.3276,2.7781,0.0636,0.5960,0.1743,2,42,0,9
00-0039732,B.Nix,DEN,2025,22,652,0.1113,-1.5051,7.2500,0.1191,0.0521,0.2083,588,64,0.1976,-0.6810,1.7846,2.8464,0.8785,0.2180,0.1976,9,554,2,64
00-0040206,R.Leonard,IND,2025,22,55,-0.0532,0.9745,8.5769,0.1538,0.0364,0.1745,48,7,0.0847,-0.9986,4.0503,7.5951,1.0832,1.0814,0.0847,2,46,0,7
00-0034796,L.Jackson,BAL,2025,22,342,0.0713,1.7426,8.5179,0.1286,0.0819,0.3190,286,56,0.3418,-1.3106,2.7514,2.0941,1.6524,0.2168,0.3418,6,258,1,56
00-0031503,J.Winston,NYG,2025,22,69,0.2720,-3.0971,9.3788,0.1212,0.0145,0.1704,57,12,0.3319,-0.0126,3.3850,4.6614,0.3445,0.6692,0.3319,2,56,0,12
00-0035993,T.Huntley,BAL,2025,22,68,0.2066,13.0150,6.4464,0.0357,0.0882,0.2200,54,14,0.3601,-0.3855,1.5849,2.1099,0.7456,0.4243,0.3601,0,48,0,14
00-0034855,B.Mayfield,TB,2025,22,583,0.0628,-1.5262,8.0200,0.1297,0.0720,0.3462,534,49,0.1863,-1.2831,2.2633,1.3860,1.4695,0.1803,0.1863,11,492,0,49
00-0036898,D.Mills,HOU,2025,22,163,-0.1040,-6.6819,8.4490,0.1156,0.0368,0.2303,144,19,0.0263,-1.0917,1.4427,2.2618,1.1180,0.3593,0.0263,1,138,0,19
00-0039917,M.Penix,ATL,2025,22,295,0.0497,-2.5317,8.0672,0.1194,0.0441,0.2525,267,28,0.1738,-1.1337,2.3320,2.4500,1.3075,0.3102,0.1738,3,254,0,28
00-0040743,T.Shough,NO,2026,1,63,-0.0145,-1.2056,8.7636,0.1091,0.0317,0.2259,54,9,0.1028,-0.7183,2.7848,4.6251,0.8211,0.7520,0.1028,2,52,0,9
00-0036389,J.Hurts,PHI,2026,2,75,0.1755,10.0199,8.3387,0.1452,0.0933,0.2316,62,13,0.3558,-0.6844,4.2249,1.2943,1.0403,0.4095,0.3558,1,55,1,13
00-0030565,G.Smith,NYJ,2026,2,73,0.1855,8.1876,6.6032,0.0794,0.0822,0.2113,64,9,0.2981,-0.6152,1.4982,0.9568,0.9133,0.3602,0.2981,0,58,0,9
00-0033077,D.Prescott,DAL,2026,2,58,0.3620,14.0544,7.4038,0.1154,0.0690,0.1804,49,9,0.6285,-1.0889,1.0444,0.4343,1.7173,0.2638,0.6285,1,45,0,9
00-0033537,D.Watson,CLE,2026,2,57,-0.0599,4.3498,5.4468,0.0426,0.0877,0.2218,46,11,0.2421,-1.3226,1.3096,5.2412,1.5646,0.7106,0.2421,0,41,1,11
00-0036971,T.Lawrence,JAX,2026,2,55,0.2710,10.0911,10.4615,0.1731,0.0000,0.1925,45,10,0.5157,-0.8299,1.5410,4.2447,1.3455,0.6773,0.5157,0,45,1,10
00-0039918,C.Williams,CHI,2026,2,64,0.2660,3.6419,8.4200,0.1400,0.1406,0.2179,53,11,0.4369,-0.5572,2.0289,1.4174,0.9941,0.4088,0.4369,0,44,1,11
00-0023459,A.Rodgers,PIT,2026,2,73,-0.3914,-2.5514,8.3382,0.1618,0.0137,0.2074,63,10,-0.2170,-1.4903,1.4705,6.1438,1.2734,0.7986,-0.2170,0,62,0,10
00-0034855,B.Mayfield,TB,2026,2,75,-0.2817,8.0588,8.9836,0.1803,0.0933,0.2448,64,11,0.0576,-2.2556,2.6952,3.7876,2.3132,0.6216,0.0576,1,57,0,11
00-0039150,B.Young,CAR,2026,2,69,0.2355,8.4631,8.9048,0.1746,0.0290,0.2113,60,9,0.4562,-1.2358,2.7512,1.6524,1.6920,0.4790,0.4562,1,58,0,9
00-0035704,D.Lock,SEA,2026,2,50,0.4665,6.7525,7.8511,0.1064,0.0200,0.1840,42,8,0.4948,0.3182,2.8972,2.1177,0.1766,0.5777,0.4948,0,41,0,8
00-0033106,J.Goff,DET,2026,2,72,0.1638,0.7731,6.3182,0.0455,0.0278,0.1898,57,15,0.3118,-0.3987,2.0272,1.5649,0.7105,0.3740,0.3118,0,55,0,15
00-0036442,J.Burrow,CIN,2026,2,66,0.0428,1.5290,6.5000,0.0833,0.0152,0.2068,52,14,0.3283,-1.0177,1.5806,5.9137,1.3461,0.6729,0.3283,0,51,1,14
00-0036264,J.Love,GB,2026,2,67,-0.0483,-11.1036,9.5246,0.1475,0.0000,0.2164,51,16,0.1721,-0.7511,3.5832,2.6961,0.9232,0.4886,0.1721,1,51,0,16
00-0034796,L.Jackson,BAL,2026,2,63,0.1550,4.7193,10.8431,0.1961,0.1111,0.2302,55,8,0.4083,-1.5861,2.2099,5.5792,1.9944,0.8588,0.4083,1,48,0,8
00-0036355,J.Herbert,LAC,2026,2,56,0.0435,-4.8871,9.8667,0.1333,0.1071,0.2179,44,12,0.3734,-1.1662,2.4256,0.8461,1.5396,0.3544,0.3734,2,38,0,12
00-0029604,K.Cousins,LV,2026,2,58,0.2023,2.8149,8.4074,0.1111,0.0345,0.1736,47,11,0.2828,-0.1415,2.9137,1.7809,0.4244,0.4732,0.2828,2,45,0,11
00-0040743,T.Shough,NO,2026,2,102,0.0907,4.6064,7.8090,0.1124,0.0392,0.2492,89,13,0.2404,-0.9347,2.4119,3.3660,1.1751,0.5348,0.2404,2,85,0,13
00-0037834,B.Purdy,SF,2026,2,55,0.6714,12.4058,6.4200,0.0400,0.0909,0.1636,51,4,0.6763,0.6087,1.9390,4.3380,0.0676,1.0595,0.6763,1,46,0,4
00-0039732,B.Nix,DEN,2026,2,57,-0.0186,3.9289,6.6154,0.0769,0.0175,0.2240,49,8,0.1932,-1.3154,2.0263,1.0265,1.5086,0.4119,0.1932,2,48,0,8
00-0034857,J.Allen,BUF,2026,2,68,0.4967,5.1846,10.3860,0.1930,0.0882,0.2074,58,10,0.6303,-0.2782,1.7769,4.2840,0.9085,0.6775,0.6303,0,52,0,10
00-0039851,D.Maye,NE,2026,2,66,0.0019,6.3017,7.4906,0.1509,0.1061,0.2357,55,11,0.1468,-0.7231,2.5427,1.3227,0.8699,0.4080,0.1468,3,48,1,11
00-0033873,P.Mahomes,KC,2026,2,79,0.1406,-3.7026,5.7571,0.0857,0.0759,0.2040,72,7,0.2405,-0.8872,2.4435,0.1706,1.1277,0.2415,0.2405,1,66,0,7
00-0033119,J.Brissett,ARI,2026,2,66,0.1012,1.4248,6.1905,0.0794,0.0303,0.1608,56,10,0.1792,-0.3354,1.1403,2.8264,0.5146,0.5505,0.1792,0,54,1,10
00-0035710,D.Jones,IND,2026,2,57,-0.1862,-2.8931,5.3962,0.0566,0.0526,0.1547,45,12,-0.0626,-0.6496,2.7266,0.8147,0.5870,0.3584,-0.0626,2,42,0,12
00-0039910,J.Daniels,WAS,2026,2,62,0.1798,-0.9778,9.2549,0.1765,0.1452,0.1822,58,4,0.3024,-1.5975,1.7484,1.9634,1.8998,0.7218,0.3024,0,49,0,4
00-0039163,C.Stroud,HOU,2026,2,81,0.1011,-4.0386,8.3108,0.1081,0.0494,0.1889,70,11,0.3329,-1.3741,1.3474,1.3793,1.7069,0.3803,0.3329,0,66,0,11
00-0036971,T.Lawrence,JAX,2026,3,85,0.2422,8.2235,9.0127,0.1139,0.0235,0.1898,70,15,0.3830,-0.4150,2.1028,3.6303,0.7979,0.5216,0.3830,1,68,1,15
00-0036264,J.Love,GB,2026,3,99,-0.0515,-11.3424,9.0435,0.1630,0.0000,0.2058,76,23,0.1256,-0.6370,3.1332,2.0778,0.7626,0.3627,0.1256,1,76,0,23
00-0034857,J.Allen,BUF,2026,3,99,0.3062,3.1882,10.3373,0.1807,0.0707,0.2375,83,16,0.4499,-0.4390,2.1439,5.4289,0.8889,0.6043,0.4499,2,76,0,16
00-0030565,G.Smith,NYJ,2026,3,117,0.1911,11.0741,7.1224,0.1020,0.0684,0.2531,102,15,0.3849,-1.1267,1.5874,1.8532,1.5116,0.3730,0.3849,0,94,0,15
00-0039150,B.Young,CAR,2026,3,119,0.0874,3.7331,9.1273,0.1636,0.0168,0.2219,102,17,0.2893,-1.1236,2.4307,1.3423,1.4129,0.3206,0.2893,2,100,0,17
00-0029604,K.Cousins,LV,2026,3,96,0.2379,4.8928,8.3563,0.0920,0.0312,0.1867,80,16,0.2916,-0.0303,2.1903,1.7593,0.3218,0.3706,0.2916,2,77,0,16
00-0034855,B.Mayfield,TB,2026,3,117,-0.2686,-0.1491,8.8000,0.1474,0.0769,0.2767,96,21,0.0598,-1.7698,2.3141,2.3848,1.8296,0.3710,0.0598,1,87,1,21
00-0033119,J.Brissett,ARI,2026,3,116,0.1375,3.7593,6.1892,0.0631,0.0172,0.1759,101,15,0.2366,-0.5299,1.0433,1.9496,0.7664,0.3746,0.2366,0,99,1,15
00-0037834,B.Purdy,SF,2026,3,82,0.7013,5.7991,7.8684,0.0658,0.0732,0.1532,75,7,0.7020,0.6937,2.3824,3.6131,0.0083,0.7402,0.7020,1,69,0,7
00-0038128,M.Willis,MIA,2026,3,85,0.0354,-7.0930,10.0571,0.2429,0.1059,0.2400,75,10,0.1619,-0.9132,1.7082,1.3008,1.0751,0.3910,0.1619,1,66,0,10
00-0040743,T.Shough,NO,2026,3,144,0.0534,4.0006,7.7422,0.1094,0.0347,0.2423,123,21,0.2899,-1.3323,2.0771,5.9088,1.6222,0.5461,0.2899,2,118,1,21
00-0039918,C.Williams,CHI,2026,3,64,0.2660,3.6419,8.4200,0.1400,0.1406,0.2179,53,11,0.4369,-0.5572,2.0289,1.4174,0.9941,0.4088,0.4369,0,44,1,11
00-0033537,D.Watson,CLE,2026,3,95,0.0251,-2.5243,5.6104,0.0390,0.1053,0.2254,78,17,0.2964,-1.2197,1.5926,3.4591,1.5160,0.4732,0.2964,0,68,1,17
00-0036442,J.Burrow,CIN,2026,3,106,0.1694,4.3661,6.6907,0.0722,0.0283,0.2000,86,20,0.3545,-0.6265,1.6725,6.9720,0.9810,0.6067,0.3545,0,83,1,20
00-0035710,D.Jones,IND,2026,3,98,-0.1626,-2.0249,6.3708,0.0674,0.0408,0.1937,79,19,0.0876,-1.2031,2.0928,4.5714,1.2907,0.5168,0.0876,2,75,1,19
00-0023459,A.Rodgers,PIT,2026,3,109,-0.1836,-2.4345,9.5050,0.1881,0.0183,0.2062,91,18,-0.0526,-0.8456,1.7672,4.7506,0.7930,0.5323,-0.0526,1,89,0,18
00-0040676,C.Ward,TEN,2026,3,84,-0.1504,0.2032,6.6133,0.0800,0.0595,0.2154,75,9,-0.0523,-0.9679,1.3818,1.1774,0.9156,0.3863,-0.0523,1,70,0,9
00-0033077,D.Prescott,DAL,2026,3,104,0.2755,5.9216,7.1413,0.0870,0.0769,0.1729,88,16,0.4325,-0.5885,1.8699,1.6941,1.0210,0.3566,0.4325,1,80,0,16
00-0039163,C.Stroud,HOU,2026,3,112,0.0615,-2.9451,9.4059,0.1386,0.0446,0.2095,95,17,0.3056,-1.3028,1.1939,0.9877,1.6084,0.2658,0.3056,0,90,0,17
00-0039910,J.Daniels,WAS,2026,3,62,0.1798,-0.9778,9.2549,0.1765,0.1452,0.1822,58,4,0.3024,-1.5975,1.7484,1.9634,1.8998,0.7218,0.3024,0,49,0,4
00-0036389,J.Hurts,PHI,2026,3,99,0.0214,8.0356,7.2738,0.1190,0.0808,0.2367,84,15,0.1603,-0.7565,3.7295,1.1601,0.9168,0.3489,0.1603,2,76,1,15
00-0034796,L.Jackson,BAL,2026,3,85,0.2632,5.9979,10.3380,0.1972,0.1059,0.2259,76,9,0.4693,-1.4766,2.0258,4.9898,1.9458,0.7623,0.4693,1,67,0,9
00-0033106,J.Goff,DET,2026,3,108,0.2125,2.7444,6.2245,0.0408,0.0370,0.2000,88,20,0.3845,-0.5443,1.7817,1.7508,0.9288,0.3283,0.3845,0,84,0,20
00-0035704,D.Lock,SEA,2026,3,50,0.4665,6.7525,7.8511,0.1064,0.0200,0.1840,42,8,0.4948,0.3182,2.8972,2.1177,0.1766,0.5777,0.4948,0,41,0,8
00-0036355,J.Herbert,LAC,2026,3,89,-0.0720,-4.3159,9.2973,0.1486,0.0899,0.2185,70,19,0.1395,-0.8512,2.5156,2.0368,0.9907,0.3783,0.1395,3,62,0,19
00-0039732,B.Nix,DEN,2026,3,94,-0.0227,-1.9330,6.1512,0.0814,0.0106,0.2259,83,11,0.1472,-1.3040,2.1798,0.7448,1.4512,0.3065,0.1472,3,82,0,11
00-0039851,D.Maye,NE,2026,3,90,-0.1703,3.0211,8.1667,0.1528,0.1000,0.2613,75,15,0.0809,-1.4265,2.9434,3.3774,1.5075,0.5142,0.0809,4,66,2,15
00-0033873,P.Mahomes,KC,2026,3,104,0.2255,2.2136,6.0000,0.1064,0.0673,0.1855,92,12,0.2716,-0.1282,2.2893,2.4749,0.3998,0.4808,0.2716,2,85,0,12
00-0026498,M.Stafford,LA,2026,3,101,0.1094,0.2631,10.4362,0.1383,0.0198,0.1821,79,22,0.3002,-0.5758,3.5206,1.0930,0.8761,0.3070,0.3002,4,77,0,22
