qb_id,season,week,situation,targets,n_recv,hhi,hhi_lo,hhi_hi,n_eff,top_share,top2_share,top_recv_id,top_recv_name,top_ay_share
00-0035146,2022,16,all,41,6,0.2029,0.1886,0.2696,4.93,0.2683,0.5122,00-0035500,G.Dortch,0.1913
00-0038108,2022,6,all,26,8,0.1657,0.1567,0.2784,6.04,0.2308,0.4615,00-0033090,H.Henry,0.2879
00-0033873,2022,1,all,36,9,0.1651,0.142,0.2518,6.06,0.25,0.4722,00-0030506,T.Kelce,0.3115
00-0036972,2022,14,all,29,9,0.1534,0.1414,0.2796,6.52,0.2759,0.4483,00-0031549,N.Agholor,0.4841
00-0034796,2022,2,all,27,6,0.251,0.2043,0.383,3.98,0.3704,0.6296,00-0034753,M.Andrews,0.4146
00-0036971,2022,12,trailing,35,6,0.2735,0.218,0.4074,3.66,0.4286,0.6571,00-0033891,Z.Jones,0.4923
00-0019596,2022,9,all,55,10,0.1365,0.1286,0.1841,7.32,0.2,0.3818,00-0031408,M.Evans,0.2655
00-0019596,2022,15,all,35,7,0.1951,0.1739,0.2915,5.13,0.2571,0.4857,00-0031408,M.Evans,0.463
00-0034577,2022,13,all,28,9,0.1454,0.1352,0.2606,6.88,0.25,0.3929,00-0036554,N.Collins,0.5662
00-0030565,2022,12,all,37,8,0.2301,0.1731,0.3956,4.35,0.4054,0.5946,00-0035640,D.Metcalf,0.3356
00-0033662,2022,3,all,29,8,0.2533,0.1913,0.4102,3.95,0.4138,0.6552,00-0036358,C.Lamb,0.5159
00-0033873,2022,22,all,25,9,0.216,0.1616,0.3569,4.63,0.36,0.6,00-0033857,J.Smith-Schuster,0.3571
00-0019596,2022,7,trailing,26,8,0.213,0.1684,0.3729,4.69,0.3462,0.5769,00-0031408,M.Evans,0.4728
00-0034855,2022,14,trailing,30,9,0.1733,0.1421,0.3022,5.77,0.3,0.5,00-0036849,T.Atwell,0.4173
00-0033869,2022,1,all,36,8,0.213,0.1743,0.3195,4.7,0.3056,0.5833,00-0035216,D.Johnson,0.3902
00-0029604,2022,14,all,32,6,0.2559,0.2167,0.3771,3.91,0.375,0.625,00-0036322,J.Jefferson,0.5126
00-0036442,2022,3,all,33,7,0.2048,0.1809,0.2985,4.88,0.303,0.5152,00-0036900,J.Chase,0.4644
00-0036898,2022,1,all,35,11,0.1788,0.1412,0.2882,5.59,0.3143,0.5429,00-0031236,B.Cooks,0.4359
00-0029604,2022,17,trailing,26,6,0.2692,0.216,0.4173,3.71,0.4231,0.6154,00-0035229,T.Hockenson,0.5
00-0036212,2022,12,all,33,10,0.1736,0.146,0.2765,5.76,0.2727,0.5152,00-0033040,T.Hill,0.2634
00-0035710,2022,11,trailing,26,6,0.2604,0.2041,0.4204,3.84,0.4231,0.6154,00-0038117,W.Robinson,0.487
00-0019596,2022,13,all,43,9,0.1595,0.1389,0.2375,6.27,0.2326,0.4419,00-0033921,C.Godwin,0.1912
00-0035228,2022,2,all,41,9,0.1719,0.1517,0.2637,5.82,0.2439,0.4878,00-0030061,Z.Ertz,0.2527
00-0036898,2022,4,all,30,9,0.1622,0.1532,0.2512,6.16,0.2333,0.4333,00-0031236,B.Cooks,0.2036
00-0033537,2022,15,all,26,9,0.1568,0.1391,0.2752,6.38,0.2308,0.4615,00-0033885,D.Njoku,0.1161
00-0036355,2022,7,all,40,9,0.1475,0.1362,0.2125,6.78,0.2,0.375,00-0033699,A.Ekeler,-0.0041
00-0029263,2022,17,trailing,35,8,0.1527,0.1429,0.2425,6.55,0.2286,0.4,00-0036407,J.Jeudy,0.1074
00-0034857,2022,4,all,34,9,0.1419,0.1349,0.218,7.05,0.1765,0.3529,00-0031588,S.Diggs,0.3704
00-0033106,2022,14,all,31,10,0.155,0.1321,0.2407,6.45,0.2258,0.4194,00-0036963,A.St. Brown,0.2391
00-0026158,2022,3,trailing,40,8,0.1763,0.1612,0.2513,5.67,0.225,0.45,00-0038120,Br.Hall,0.1313
00-0032950,2022,5,all,37,8,0.1483,0.141,0.2301,6.74,0.2162,0.4054,00-0033282,C.Samuel,0.192
00-0035040,2022,17,all,38,8,0.2078,0.1786,0.2953,4.81,0.2632,0.5263,00-0037744,T.McBride,0.2622
00-0023459,2022,3,all,32,8,0.168,0.1484,0.2579,5.95,0.25,0.4688,00-0037816,R.Doubs,0.2016
00-0036355,2022,16,all,29,7,0.2604,0.1983,0.4269,3.84,0.4483,0.5862,00-0030279,K.Allen,0.4487
00-0027973,2022,4,all,29,8,0.1581,0.1462,0.2652,6.32,0.2414,0.4483,00-0037239,C.Olave,0.4405
00-0036898,2022,2,all,34,8,0.1765,0.1574,0.2839,5.67,0.2647,0.5,00-0036554,N.Collins,0.4175
00-0033077,2022,16,all,35,8,0.2098,0.1787,0.3323,4.77,0.3143,0.5429,00-0036358,C.Lamb,0.3913
00-0019596,2022,17,trailing,41,8,0.1743,0.154,0.2673,5.74,0.2683,0.4878,00-0031408,M.Evans,0.6372
00-0034857,2022,13,all,31,8,0.18,0.1571,0.2737,5.55,0.2581,0.4839,00-0031588,S.Diggs,0.5019
00-0029604,2022,12,all,36,7,0.2099,0.1836,0.3164,4.76,0.3056,0.5556,00-0036322,J.Jefferson,0.532
00-0026143,2022,3,all,36,9,0.1497,0.1358,0.2284,6.68,0.25,0.4167,00-0036252,M.Pittman,0.2883
00-0029701,2022,10,all,36,8,0.1667,0.1543,0.2395,6.0,0.2222,0.4167,00-0036182,N.Westbrook-Ikhine,0.3441
00-0035710,2022,16,trailing,31,5,0.2591,0.2258,0.3697,3.86,0.3226,0.6452,00-0036165,I.Hodgins,0.5673
00-0033106,2022,4,all,35,7,0.2016,0.1706,0.3227,4.96,0.3429,0.5143,00-0035229,T.Hockenson,0.3066
00-0038102,2022,7,all,42,8,0.1735,0.1576,0.2518,5.76,0.2381,0.4524,00-0035216,D.Johnson,0.2959
00-0031280,2022,5,all,27,7,0.1715,0.1578,0.2785,5.83,0.2593,0.4444,00-0031381,D.Adams,0.5185
00-0026143,2022,1,all,40,9,0.1587,0.135,0.2451,6.3,0.25,0.425,00-0036252,M.Pittman,0.3667
00-0033077,2022,8,all,25,7,0.2256,0.1904,0.3504,4.43,0.28,0.56,00-0036358,C.Lamb,0.4592
00-0037327,2022,19,all,43,9,0.2104,0.1714,0.3289,4.75,0.3721,0.5349,00-0033040,T.Hill,0.325
00-0019596,2022,5,all,47,8,0.1526,0.1408,0.2124,6.55,0.234,0.383,00-0033856,L.Fournette,-0.0121
00-0029604,2022,10,trailing,40,6,0.21,0.1925,0.2788,4.76,0.275,0.5,00-0036322,J.Jefferson,0.4196
00-0029604,2022,4,all,34,9,0.2405,0.1868,0.3685,4.16,0.3824,0.6471,00-0036322,J.Jefferson,0.4828
00-0036355,2022,15,all,38,8,0.1607,0.144,0.2369,6.22,0.2368,0.4474,00-0030279,K.Allen,0.2633
00-0036389,2022,14,all,29,9,0.1629,0.1414,0.2866,6.14,0.2759,0.4483,00-0036912,D.Smith,0.3158
00-0036972,2022,3,trailing,28,8,0.1837,0.1556,0.296,5.44,0.3214,0.5,00-0031547,D.Parker,0.6166
00-0034796,2022,4,all,28,7,0.1582,0.1531,0.25,6.32,0.2143,0.3929,00-0036550,R.Bateman,0.288
00-0038102,2022,8,trailing,32,9,0.1641,0.1425,0.256,6.1,0.25,0.4375,00-0035216,D.Johnson,0.3679
00-0026158,2022,1,all,29,8,0.1653,0.151,0.27,6.05,0.2414,0.4483,00-0036924,Mi.Carter,-0.0571
00-0033275,2022,8,all,36,9,0.2022,0.1697,0.301,4.95,0.3056,0.5556,00-0034827,D.Moore,0.5934
00-0033949,2022,17,trailing,25,10,0.152,0.1359,0.2546,6.58,0.24,0.44,00-0030431,R.Woods,0.2222
00-0036212,2022,10,all,28,8,0.148,0.1402,0.2399,6.76,0.2143,0.3929,00-0033040,T.Hill,0.381
00-0033119,2022,7,all,25,7,0.1904,0.1648,0.3184,5.25,0.28,0.52,00-0033885,D.Njoku,0.1273
00-0023459,2022,9,all,41,12,0.1374,0.1172,0.2184,7.28,0.2683,0.3902,00-0034521,A.Lazard,0.3623
00-0019596,2022,4,all,37,9,0.157,0.141,0.2419,6.37,0.2162,0.4324,00-0033921,C.Godwin,0.2286
00-0036355,2022,7,trailing,39,9,0.1453,0.1348,0.2152,6.88,0.1795,0.359,00-0033536,M.Williams,0.3402
00-0033106,2022,8,all,37,11,0.1512,0.1321,0.2404,6.61,0.2703,0.4324,00-0036963,A.St. Brown,0.2659
00-0031280,2022,15,all,31,8,0.1759,0.155,0.2841,5.69,0.2903,0.5161,00-0031381,D.Adams,0.2483
00-0035228,2022,9,all,31,7,0.205,0.18,0.3302,4.88,0.3226,0.5161,00-0036936,R.Moore,0.2829
00-0036355,2022,6,all,55,9,0.1762,0.1484,0.249,5.68,0.2909,0.5091,00-0033699,A.Ekeler,0.0177
00-0036971,2022,20,all,34,7,0.2284,0.1834,0.3497,4.38,0.3824,0.5588,00-0034775,C.Kirk,0.5957
00-0038102,2022,7,trailing,42,8,0.1735,0.153,0.2449,5.76,0.2381,0.4524,00-0035216,D.Johnson,0.2959
00-0019596,2022,13,trailing,28,8,0.1811,0.158,0.301,5.52,0.25,0.5,00-0033921,C.Godwin,0.2179
00-0032268,2022,8,all,28,8,0.2015,0.176,0.3217,4.96,0.3214,0.5357,00-0036970,K.Pitts,0.1869
00-0029263,2022,10,all,39,12,0.1479,0.1229,0.2441,6.76,0.2821,0.4359,00-0034348,C.Sutton,0.303
00-0027973,2022,4,trailing,27,8,0.1715,0.1523,0.2953,5.83,0.2593,0.4815,00-0037239,C.Olave,0.4419
00-0037013,2022,15,all,34,8,0.1765,0.1592,0.2839,5.67,0.2647,0.4706,00-0037740,G.Wilson,0.3367
00-0031280,2022,3,all,37,7,0.1863,0.1658,0.2801,5.37,0.2703,0.5135,00-0033555,M.Hollins,0.3506
00-0026143,2022,7,trailing,38,7,0.1911,0.1704,0.2814,5.23,0.2632,0.5,00-0035639,P.Campbell,0.2484
00-0034857,2022,12,all,39,7,0.2505,0.2031,0.3768,3.99,0.3846,0.641,00-0031588,S.Diggs,0.376
00-0033873,2022,9,all,62,12,0.1623,0.1384,0.2326,6.16,0.2742,0.4677,00-0030506,T.Kelce,0.2546
00-0036972,2022,1,all,25,8,0.1456,0.1392,0.2577,6.87,0.24,0.4,00-0034960,J.Meyers,0.5389
00-0036212,2022,15,all,31,9,0.2591,0.1904,0.4132,3.86,0.4194,0.6774,00-0033040,T.Hill,0.3306
00-0033077,2022,20,all,31,7,0.2487,0.1925,0.4093,4.02,0.4194,0.6129,00-0036358,C.Lamb,0.5134
00-0036972,2022,12,all,33,6,0.2048,0.1882,0.2985,4.88,0.303,0.5455,00-0036875,R.Stevenson,-0.0471
00-0030565,2022,6,all,27,8,0.166,0.1522,0.2647,6.02,0.2593,0.4815,00-0035644,N.Fant,0.1589
00-0037834,2022,13,all,36,7,0.2006,0.1774,0.3226,4.98,0.2778,0.5278,00-0035719,D.Samuel,0.295
00-0026143,2022,12,all,32,6,0.2344,0.2031,0.3652,4.27,0.3438,0.625,00-0036252,M.Pittman,0.3725
00-0026143,2022,12,trailing,32,6,0.2344,0.1933,0.3519,4.27,0.3438,0.625,00-0036252,M.Pittman,0.3725
00-0031800,2022,8,all,30,8,0.1822,0.1556,0.2913,5.49,0.2667,0.5,00-0035659,T.McLaurin,0.6095
00-0019596,2022,4,trailing,37,9,0.157,0.1453,0.2362,6.37,0.2162,0.4324,00-0033921,C.Godwin,0.2286
00-0019596,2022,14,all,38,10,0.1399,0.1302,0.2037,7.15,0.2105,0.3947,00-0033921,C.Godwin,0.2524
00-0038102,2022,17,all,27,6,0.1852,0.1796,0.273,5.4,0.2593,0.4815,00-0035216,D.Johnson,0.3677
00-0033873,2022,3,all,33,8,0.2048,0.1844,0.295,4.88,0.2727,0.5152,00-0030506,T.Kelce,0.1972
00-0034857,2022,10,all,40,7,0.2488,0.2013,0.3701,4.02,0.4,0.625,00-0031588,S.Diggs,0.3771
00-0033873,2022,14,all,42,8,0.1803,0.153,0.2586,5.55,0.2619,0.4762,00-0033857,J.Smith-Schuster,0.2109
00-0035710,2022,16,all,42,5,0.2324,0.2143,0.3016,4.3,0.2857,0.5476,00-0036165,I.Hodgins,0.384
00-0034857,2022,5,all,30,6,0.2156,0.1933,0.3425,4.64,0.3333,0.5333,00-0031588,S.Diggs,0.2688
00-0035710,2022,19,all,33,6,0.2066,0.1955,0.3003,4.84,0.2727,0.5152,00-0036165,I.Hodgins,0.4121
00-0029263,2022,3,all,33,8,0.1974,0.1698,0.3003,5.07,0.303,0.4848,00-0034348,C.Sutton,0.4367
00-0027688,2022,10,all,35,7,0.311,0.2424,0.4369,3.22,0.4,0.7714,00-0030564,D.Hopkins,0.4305
00-0027973,2022,12,all,29,9,0.1772,0.1439,0.2869,5.64,0.2759,0.5172,00-0037239,C.Olave,0.4676
00-0036442,2022,19,all,33,6,0.2342,0.2011,0.3522,4.27,0.3636,0.5758,00-0036900,J.Chase,0.4667
00-0034857,2022,9,all,33,8,0.1772,0.1515,0.2911,5.64,0.303,0.4545,00-0031588,S.Diggs,0.477
00-0029701,2022,1,all,31,10,0.1592,0.1342,0.2551,6.28,0.2903,0.4516,00-0037273,K.Philips,0.2586
00-0033077,2022,14,trailing,31,7,0.18,0.1717,0.2695,5.55,0.2903,0.4516,00-0034383,D.Schultz,0.3512
00-0036442,2022,1,trailing,46,7,0.2089,0.1711,0.3006,4.79,0.3478,0.5435,00-0036900,J.Chase,0.4346
00-0035228,2022,8,all,41,8,0.185,0.1564,0.297,5.41,0.3171,0.5122,00-0030564,D.Hopkins,0.513
00-0026143,2022,10,all,29,6,0.2366,0.201,0.3532,4.23,0.3103,0.6207,00-0036252,M.Pittman,0.4235
00-0036898,2022,3,all,31,9,0.1426,0.1363,0.2133,7.01,0.2258,0.3871,00-0031236,B.Cooks,0.2978
00-0036355,2022,9,trailing,33,7,0.1809,0.1716,0.2618,5.53,0.2121,0.4242,00-0036959,M.Bandy,0.1333
00-0036972,2022,16,trailing,31,7,0.1904,0.1675,0.2949,5.25,0.2581,0.5161,00-0033307,K.Bourne,0.4806
00-0033119,2022,2,all,27,8,0.2154,0.1741,0.3856,4.64,0.3704,0.5556,00-0031544,A.Cooper,0.7192
00-0033077,2022,13,all,29,7,0.1772,0.1628,0.2937,5.64,0.2414,0.4828,00-0034764,M.Gallup,0.3646
00-0032950,2022,5,trailing,31,8,0.1488,0.1384,0.2425,6.72,0.2258,0.4194,00-0033282,C.Samuel,0.2
00-0031503,2022,3,all,33,8,0.1974,0.168,0.3039,5.07,0.3333,0.4848,00-0037239,C.Olave,0.2454
00-0032268,2022,1,all,29,8,0.1772,0.1558,0.2772,5.64,0.2414,0.4828,00-0037238,D.London,0.3424
00-0029604,2022,16,all,47,7,0.2585,0.2105,0.3565,3.87,0.3404,0.6809,00-0036322,J.Jefferson,0.4689
00-0036355,2022,12,trailing,44,7,0.1963,0.1694,0.2935,5.09,0.3182,0.5,00-0033699,A.Ekeler,-0.0054
00-0036389,2022,22,all,34,8,0.1903,0.1644,0.2772,5.25,0.2647,0.5,00-0036912,D.Smith,0.3294
00-0033873,2022,2,all,33,10,0.1331,0.1258,0.2177,7.51,0.2121,0.3939,00-0030506,T.Kelce,0.2661
00-0029604,2022,13,all,33,8,0.1993,0.1698,0.3334,5.02,0.3333,0.5152,00-0036322,J.Jefferson,0.4377
00-0036972,2022,11,all,27,9,0.1523,0.1385,0.254,6.57,0.2222,0.4444,00-0036875,R.Stevenson,-0.0472
00-0036442,2022,2,trailing,33,8,0.214,0.1754,0.3187,4.67,0.303,0.5758,00-0036410,T.Higgins,0.5106
00-0031280,2022,12,all,36,7,0.1991,0.1744,0.3026,5.02,0.3056,0.5,00-0031381,D.Adams,0.3074
00-0030565,2022,10,all,27,7,0.1934,0.1604,0.3336,5.17,0.3333,0.5185,00-0035640,D.Metcalf,0.4344
00-0036971,2022,20,trailing,31,7,0.2383,0.1863,0.3738,4.2,0.3871,0.5806,00-0034775,C.Kirk,0.6099
00-0036355,2022,5,trailing,26,8,0.213,0.1657,0.3584,4.69,0.3462,0.5769,00-0033536,M.Williams,0.5957
00-0019596,2022,19,trailing,36,9,0.1728,0.1527,0.2594,5.79,0.3056,0.4722,00-0033921,C.Godwin,0.2025
00-0036971,2022,18,trailing,27,8,0.1907,0.1632,0.3062,5.24,0.2963,0.5185,00-0034775,C.Kirk,0.4956
00-0034857,2022,20,all,25,9,0.168,0.1359,0.3088,5.95,0.32,0.44,00-0031588,S.Diggs,0.553
00-0034855,2022,2,all,27,7,0.1824,0.1687,0.2896,5.48,0.2222,0.4444,00-0034827,D.Moore,0.2981
00-0033106,2022,10,all,25,8,0.248,0.1808,0.4433,4.03,0.44,0.56,00-0036963,A.St. Brown,0.4264
00-0034857,2022,1,all,29,7,0.1748,0.1558,0.28,5.72,0.2759,0.4483,00-0031588,S.Diggs,0.2701
00-0019596,2022,9,trailing,47,10,0.1326,0.1227,0.1906,7.54,0.1915,0.3617,00-0033921,C.Godwin,0.1948
00-0031280,2022,9,all,36,6,0.2809,0.216,0.4384,3.56,0.4722,0.6111,00-0031381,D.Adams,0.5465
00-0029263,2022,1,all,41,10,0.1755,0.1517,0.2588,5.7,0.2927,0.4634,00-0036997,J.Williams,-0.0216
00-0029604,2022,9,all,38,7,0.2244,0.1897,0.3381,4.46,0.3421,0.5526,00-0036322,J.Jefferson,0.4401
00-0038122,2022,16,trailing,29,9,0.1891,0.1557,0.3056,5.29,0.3103,0.5172,00-0037238,D.London,0.5684
00-0036898,2022,7,all,28,8,0.1378,0.1352,0.2195,7.26,0.1786,0.3571,00-0030288,R.Burkhead,0.0
00-0033119,2022,12,all,36,8,0.1991,0.162,0.3056,5.02,0.3333,0.5278,00-0031544,A.Cooper,0.5123
00-0036972,2022,8,all,30,9,0.2311,0.1621,0.3935,4.33,0.4,0.6,00-0034960,J.Meyers,0.3511
00-0031280,2022,3,trailing,37,7,0.1863,0.1614,0.277,5.37,0.2703,0.5135,00-0033555,M.Hollins,0.3506
00-0031503,2022,2,all,30,7,0.22,0.1755,0.3603,4.55,0.3667,0.5667,00-0037239,C.Olave,0.7025
00-0036442,2022,5,all,34,7,0.2111,0.173,0.3428,4.74,0.3529,0.5588,00-0036900,J.Chase,0.4348
00-0031345,2022,6,trailing,27,8,0.1879,0.1605,0.3309,5.32,0.2963,0.4815,00-0036261,B.Aiyuk,0.3058
00-0026158,2022,2,all,40,8,0.2062,0.1674,0.3201,4.85,0.35,0.55,00-0037740,G.Wilson,0.4556
00-0036355,2022,1,all,32,10,0.1113,0.1152,0.1759,8.98,0.125,0.25,00-0033895,G.Everett,0.1449
00-0026143,2022,6,trailing,48,8,0.1736,0.1553,0.2639,5.76,0.2917,0.4792,00-0036252,M.Pittman,0.2077
00-0034857,2022,4,trailing,27,9,0.144,0.1331,0.2346,6.94,0.2222,0.3704,00-0033466,I.McKenzie,0.1591
00-0036442,2022,6,trailing,36,6,0.2052,0.1898,0.2949,4.87,0.2778,0.5278,00-0036900,J.Chase,0.4932
00-0038102,2022,12,all,29,10,0.1748,0.1486,0.2938,5.72,0.2759,0.5172,00-0035216,D.Johnson,0.3374
00-0031503,2022,1,all,30,8,0.1911,0.16,0.2934,5.23,0.2667,0.5333,00-0032765,M.Thomas,0.3478
00-0033106,2022,17,all,25,11,0.1168,0.1136,0.2067,8.56,0.2,0.32,00-0036963,A.St. Brown,0.3415
00-0038102,2022,10,all,25,9,0.1552,0.1424,0.277,6.44,0.24,0.44,00-0036894,P.Freiermuth,0.3266
00-0035710,2022,6,all,25,8,0.1392,0.1424,0.2512,7.18,0.2,0.36,00-0038115,D.Bellinger,0.0893
00-0030565,2022,4,all,29,8,0.2295,0.1748,0.3746,4.36,0.3448,0.6207,00-0035640,D.Metcalf,0.4984
00-0027688,2022,11,all,30,7,0.2489,0.1998,0.4045,4.02,0.4,0.6333,00-0030564,D.Hopkins,0.7152
00-0029604,2022,15,all,42,8,0.2324,0.1882,0.3107,4.3,0.3095,0.5952,00-0036345,K.Osborn,0.3133
00-0035710,2022,5,all,26,8,0.1716,0.1509,0.2959,5.83,0.2692,0.5,00-0035535,D.Slayton,0.5328
00-0036971,2022,5,all,39,9,0.1716,0.1387,0.2624,5.83,0.2564,0.4872,00-0033881,E.Engram,0.3231
00-0036898,2022,4,trailing,28,9,0.1607,0.1429,0.2602,6.22,0.25,0.4286,00-0031236,B.Cooks,0.2261
00-0036442,2022,6,all,37,6,0.2038,0.1804,0.2843,4.91,0.2703,0.5135,00-0036900,J.Chase,0.4932
00-0033077,2022,19,all,26,8,0.1746,0.1567,0.2901,5.73,0.2692,0.4615,00-0034383,D.Schultz,0.4667
00-0036389,2022,3,all,32,7,0.25,0.2031,0.3869,4.0,0.375,0.6562,00-0036912,D.Smith,0.5423
00-0033077,2022,16,trailing,30,7,0.2356,0.1977,0.3426,4.25,0.3333,0.6,00-0036358,C.Lamb,0.3941
00-0034796,2022,6,all,32,8,0.1973,0.1621,0.3341,5.07,0.3438,0.5,00-0034753,M.Andrews,0.4903
00-0036442,2022,2,all,36,8,0.1991,0.1728,0.2933,5.02,0.2778,0.5278,00-0036410,T.Higgins,0.4974
00-0031345,2022,4,all,25,8,0.1744,0.1552,0.2738,5.73,0.28,0.44,00-0035719,D.Samuel,0.1094
00-0019596,2022,12,all,42,7,0.212,0.1859,0.2898,4.72,0.3095,0.5238,00-0033921,C.Godwin,0.2703
00-0035228,2022,6,all,29,5,0.2461,0.2152,0.365,4.06,0.3103,0.5862,00-0036936,R.Moore,0.125
00-0023459,2022,4,all,32,8,0.1738,0.1523,0.2795,5.75,0.25,0.5,00-0037816,R.Doubs,0.3133
00-0031280,2022,4,all,30,5,0.2844,0.2377,0.4561,3.52,0.4333,0.6333,00-0031381,D.Adams,0.4062
00-0033106,2022,1,trailing,28,7,0.1964,0.1709,0.3292,5.09,0.3214,0.5357,00-0036963,A.St. Brown,0.1807
00-0033106,2022,12,all,35,7,0.1951,0.1755,0.2967,5.13,0.2857,0.5143,00-0036963,A.St. Brown,0.3457
00-0036879,2022,18,trailing,31,7,0.18,0.1613,0.2653,5.55,0.2581,0.4839,00-0035639,P.Campbell,0.3057
00-0034857,2022,15,all,38,9,0.162,0.1426,0.2302,6.17,0.2368,0.4474,00-0031588,S.Diggs,0.2608
00-0026498,2022,5,all,35,6,0.1951,0.1837,0.2621,5.13,0.2571,0.4857,00-0033908,C.Kupp,0.2234
00-0023459,2022,18,all,26,7,0.1686,0.1627,0.2604,5.93,0.2308,0.4615,00-0038124,C.Watson,0.4187
00-0035993,2022,19,trailing,25,8,0.2,0.1647,0.3346,5.0,0.36,0.52,00-0034753,M.Andrews,0.554
00-0033873,2022,20,all,27,9,0.284,0.1824,0.4706,3.52,0.4815,0.6667,00-0030506,T.Kelce,0.4968
00-0034796,2022,3,all,27,8,0.2785,0.1879,0.5199,3.59,0.4815,0.6296,00-0034753,M.Andrews,0.5824
00-0027973,2022,18,all,25,9,0.2768,0.1839,0.5048,3.61,0.48,0.64,00-0037239,C.Olave,0.6596
00-0031345,2022,10,trailing,25,7,0.1904,0.1712,0.3026,5.25,0.24,0.48,00-0033280,C.McCaffrey,0.1139
00-0029604,2022,19,trailing,29,7,0.2081,0.1724,0.327,4.81,0.3448,0.5517,00-0035229,T.Hockenson,0.3211
00-0023459,2022,16,all,38,10,0.1717,0.1413,0.28,5.82,0.2895,0.5,00-0034521,A.Lazard,0.4347
00-0026158,2022,18,all,32,7,0.3262,0.2225,0.5069,3.07,0.5312,0.6562,00-0037740,G.Wilson,0.7249
00-0038122,2022,17,all,25,7,0.2416,0.1904,0.3827,4.14,0.32,0.64,00-0030578,C.Patterson,0.0827
00-0035228,2022,9,trailing,30,7,0.2067,0.1733,0.3178,4.84,0.3333,0.5,00-0036936,R.Moore,0.2905
00-0031503,2022,1,trailing,27,7,0.1934,0.1715,0.3061,5.17,0.2593,0.5185,00-0032765,M.Thomas,0.3278
00-0035228,2022,4,all,29,8,0.2105,0.1653,0.3272,4.75,0.3448,0.5517,00-0035662,M.Brown,0.378
00-0029263,2022,14,trailing,35,10,0.1412,0.1265,0.2165,7.08,0.2286,0.4,00-0037252,G.Dulcich,0.5449
00-0034857,2022,19,all,37,8,0.1775,0.1585,0.2696,5.63,0.2432,0.4865,00-0031588,S.Diggs,0.2758
00-0037013,2022,15,trailing,29,8,0.1819,0.1605,0.2724,5.5,0.2414,0.4483,00-0037740,G.Wilson,0.2955
00-0037013,2022,4,all,32,8,0.1562,0.1464,0.2325,6.4,0.1875,0.375,00-0038120,Br.Hall,0.1599
00-0036879,2022,18,all,34,7,0.1834,0.1678,0.2803,5.45,0.2647,0.5,00-0035639,P.Campbell,0.3861
00-0036945,2022,6,all,26,7,0.3047,0.2274,0.4618,3.28,0.4615,0.7308,00-0036309,D.Mooney,0.5087
00-0029604,2022,3,trailing,29,9,0.1772,0.1415,0.2891,5.64,0.2759,0.5172,00-0030035,A.Thielen,0.3385
00-0031280,2022,11,all,37,8,0.2169,0.173,0.3382,4.61,0.3514,0.5946,00-0031381,D.Adams,0.4545
00-0032950,2022,1,all,42,10,0.1599,0.1404,0.2382,6.26,0.2619,0.4524,00-0033282,C.Samuel,0.0379
00-0034401,2022,13,all,55,9,0.1636,0.1464,0.2251,6.11,0.2727,0.4545,00-0037740,G.Wilson,0.5011
00-0034857,2022,2,all,37,10,0.214,0.1585,0.331,4.67,0.4054,0.5405,00-0031588,S.Diggs,0.4947
00-0030565,2022,16,all,26,9,0.1686,0.139,0.3374,5.93,0.3077,0.4615,00-0035640,D.Metcalf,0.5192
00-0026498,2022,5,trailing,33,6,0.1901,0.1772,0.2709,5.26,0.2424,0.4545,00-0033110,T.Higbee,0.0979
00-0030565,2022,13,all,37,10,0.1907,0.1585,0.2929,5.25,0.3243,0.5405,00-0032211,T.Lockett,0.3423
00-0036389,2022,8,all,27,6,0.2565,0.2126,0.3775,3.9,0.3333,0.6296,00-0035676,A.Brown,0.5808
00-0036442,2022,15,all,35,7,0.2359,0.1935,0.3623,4.24,0.3714,0.6,00-0036900,J.Chase,0.5512
00-0036972,2022,18,all,34,8,0.1557,0.147,0.2406,6.42,0.2059,0.3824,00-0036875,R.Stevenson,0.0398
00-0036898,2022,18,all,37,9,0.1527,0.1395,0.2345,6.55,0.2432,0.4054,00-0034364,J.Akins,0.1752
00-0036442,2022,21,trailing,27,7,0.1907,0.166,0.3198,5.24,0.3333,0.4815,00-0036410,T.Higgins,0.6497
00-0027973,2022,10,all,27,7,0.1824,0.166,0.3117,5.48,0.2593,0.4815,00-0036040,J.Johnson,0.2594
00-0029604,2022,5,all,39,8,0.2084,0.1663,0.3335,4.8,0.359,0.5385,00-0036322,J.Jefferson,0.5542
00-0038102,2022,5,trailing,32,7,0.2266,0.1835,0.3677,4.41,0.375,0.5938,00-0035216,D.Johnson,0.5331
00-0035289,2022,17,all,31,6,0.2778,0.2258,0.3944,3.6,0.3871,0.6774,00-0036912,D.Smith,0.3854
00-0033873,2022,21,all,41,10,0.1457,0.135,0.2126,6.86,0.1951,0.3902,00-0030506,T.Kelce,0.1954
00-0036442,2022,16,all,49,8,0.1545,0.1428,0.2129,6.47,0.2245,0.4082,00-0036900,J.Chase,0.3243
00-0031280,2022,11,trailing,25,7,0.2224,0.1839,0.3312,4.5,0.32,0.6,00-0033555,M.Hollins,0.2557
00-0030565,2022,5,all,25,6,0.2448,0.2064,0.4082,4.08,0.36,0.6,00-0035640,D.Metcalf,0.3105
00-0034955,2022,7,all,44,10,0.1674,0.1415,0.2377,5.98,0.25,0.4545,00-0036407,J.Jeudy,0.2676
00-0036971,2022,19,all,46,6,0.2476,0.2249,0.3195,4.04,0.3043,0.587,00-0034775,C.Kirk,0.2841
00-0030565,2022,15,all,33,8,0.1736,0.1551,0.26,5.76,0.2424,0.4848,00-0032211,T.Lockett,0.4
00-0035228,2022,3,all,49,9,0.1895,0.1561,0.2847,5.28,0.3265,0.5102,00-0035662,M.Brown,0.4145
00-0026143,2022,7,all,41,7,0.1993,0.1731,0.2815,5.02,0.2927,0.5122,00-0035639,P.Campbell,0.2805
00-0023459,2022,7,all,33,7,0.1901,0.1662,0.2989,5.26,0.303,0.5152,00-0033293,A.Jones,-0.0745
00-0019596,2022,2,all,32,8,0.1562,0.1445,0.2444,6.4,0.25,0.4375,00-0035298,S.Miller,0.4947
00-0034401,2022,12,all,25,10,0.1456,0.1231,0.2674,6.87,0.28,0.4,00-0037740,G.Wilson,0.2941
00-0035710,2022,7,all,29,10,0.1629,0.1344,0.2676,6.14,0.2759,0.4828,00-0038117,W.Robinson,0.1244
00-0033550,2022,18,trailing,28,6,0.1811,0.1786,0.2653,5.52,0.2143,0.4286,00-0036145,L.Cager,0.2086
00-0019596,2022,6,all,38,8,0.1884,0.1551,0.3006,5.31,0.3421,0.5,00-0033921,C.Godwin,0.4839
00-0026143,2022,4,trailing,33,10,0.1295,0.1239,0.2067,7.72,0.1818,0.3636,00-0037664,A.Pierce,0.364
00-0036442,2022,5,trailing,29,7,0.1891,0.17,0.2986,5.29,0.2759,0.5172,00-0036900,J.Chase,0.3434
00-0036389,2022,5,all,34,5,0.2388,0.2162,0.3429,4.19,0.3235,0.5882,00-0036912,D.Smith,0.2742
00-0033106,2022,15,all,36,10,0.1821,0.1419,0.2825,5.49,0.2778,0.5278,00-0036963,A.St. Brown,0.3351
00-0031345,2022,7,all,32,9,0.2129,0.1718,0.3204,4.7,0.3125,0.5938,00-0036261,B.Aiyuk,0.2152
00-0036442,2022,11,all,37,9,0.198,0.1629,0.3032,5.05,0.3514,0.5405,00-0036410,T.Higgins,0.4899
00-0035710,2022,13,all,28,6,0.2041,0.1862,0.3067,4.9,0.2857,0.5,00-0035535,D.Slayton,0.7571
00-0029263,2022,8,all,26,7,0.1775,0.1655,0.299,5.63,0.2692,0.4615,00-0036407,J.Jeudy,0.2
00-0030565,2022,9,all,32,8,0.1426,0.1367,0.2169,7.01,0.1875,0.375,00-0035644,N.Fant,0.4533
00-0033077,2022,18,trailing,27,7,0.1824,0.1687,0.2922,5.48,0.2222,0.4444,00-0034383,D.Schultz,0.2064
00-0034401,2022,17,all,29,10,0.1296,0.1225,0.2248,7.72,0.2069,0.3793,00-0037740,G.Wilson,0.3128
00-0029263,2022,6,all,25,10,0.1552,0.1326,0.2739,6.44,0.28,0.44,00-0036407,J.Jeudy,0.4933
00-0034796,2022,5,all,27,8,0.2291,0.177,0.3885,4.37,0.3704,0.6296,00-0034753,M.Andrews,0.251
00-0033550,2022,18,all,28,6,0.1811,0.1735,0.2732,5.52,0.2143,0.4286,00-0032980,M.Johnson,0.5092
00-0029604,2022,3,all,37,9,0.16,0.1366,0.236,6.25,0.2162,0.4324,00-0036345,K.Osborn,0.418
00-0036389,2022,18,all,30,6,0.2356,0.2089,0.3311,4.25,0.3,0.5667,00-0035676,A.Brown,0.6422
00-0038122,2022,15,all,26,8,0.2337,0.1686,0.4084,4.28,0.4231,0.5385,00-0037238,D.London,0.4051
00-0036442,2022,12,all,36,7,0.1914,0.1712,0.2934,5.23,0.25,0.5,00-0034830,H.Hurst,0.1608
00-0036442,2022,7,all,34,6,0.2042,0.1886,0.2926,4.9,0.2647,0.5294,00-0036900,J.Chase,0.2866
00-0019596,2022,17,all,44,8,0.1839,0.1569,0.2688,5.44,0.2727,0.5227,00-0031408,M.Evans,0.649
00-0026143,2022,6,all,57,8,0.1837,0.1572,0.2567,5.44,0.2982,0.4912,00-0036252,M.Pittman,0.2353
00-0036972,2022,15,all,31,8,0.1509,0.1405,0.2383,6.63,0.2258,0.4194,00-0034960,J.Meyers,0.3772
00-0034869,2022,17,all,26,10,0.1746,0.1301,0.3254,5.73,0.3462,0.4615,00-0034827,D.Moore,0.4786
00-0036212,2022,2,trailing,40,8,0.255,0.19,0.3651,3.92,0.4,0.675,00-0036613,J.Waddle,0.5762
00-0033119,2022,3,all,31,7,0.2591,0.2091,0.3887,3.86,0.3548,0.6774,00-0031544,A.Cooper,0.6567
00-0026498,2022,2,all,28,6,0.2653,0.2168,0.4031,3.77,0.3929,0.6786,00-0033908,C.Kupp,0.5
00-0033106,2022,4,trailing,35,7,0.2016,0.1657,0.308,4.96,0.3429,0.5143,00-0035229,T.Hockenson,0.3066
00-0031345,2022,3,all,29,7,0.2057,0.1747,0.3271,4.86,0.2759,0.5517,00-0035719,D.Samuel,0.2314
00-0031280,2022,13,all,26,5,0.3195,0.2629,0.4587,3.13,0.4231,0.7692,00-0031381,D.Adams,0.571
00-0026143,2022,4,all,36,10,0.1265,0.1204,0.2069,7.9,0.1667,0.3333,00-0036252,M.Pittman,0.0851
00-0029263,2022,1,trailing,41,10,0.1755,0.1529,0.2647,5.7,0.2927,0.4634,00-0036997,J.Williams,-0.0216
00-0036972,2022,3,all,30,8,0.1889,0.1556,0.3245,5.29,0.3333,0.5,00-0031547,D.Parker,0.6217
00-0036355,2022,5,all,33,8,0.2231,0.1624,0.3573,4.48,0.3939,0.5758,00-0033536,M.Williams,0.661
00-0038122,2022,15,trailing,26,8,0.2337,0.1656,0.432,4.28,0.4231,0.5385,00-0037238,D.London,0.4051
00-0036212,2022,8,all,34,8,0.263,0.1972,0.4101,3.8,0.4118,0.6765,00-0033040,T.Hill,0.5722
00-0031280,2022,10,all,39,6,0.2373,0.2031,0.34,4.21,0.3846,0.5897,00-0031381,D.Adams,0.3814
00-0029263,2022,2,all,28,9,0.2117,0.1504,0.378,4.72,0.3929,0.5357,00-0034348,C.Sutton,0.5019
00-0029604,2022,1,all,25,8,0.2,0.1615,0.3669,5.0,0.36,0.52,00-0036322,J.Jefferson,0.9062
00-0036971,2022,13,all,29,7,0.2033,0.1795,0.3294,4.92,0.2759,0.5172,00-0034775,C.Kirk,0.3504
00-0033106,2022,18,all,32,10,0.1797,0.1562,0.2755,5.57,0.2812,0.5,00-0036963,A.St. Brown,0.3548
00-0036212,2022,2,all,40,8,0.255,0.2025,0.3875,3.92,0.4,0.675,00-0036613,J.Waddle,0.5762
00-0036442,2022,20,all,29,8,0.1534,0.1486,0.251,6.52,0.2414,0.4138,00-0036900,J.Chase,0.3838
00-0038102,2022,16,trailing,36,8,0.1806,0.1605,0.2762,5.54,0.25,0.4722,00-0036893,N.Harris,0.0957
00-0031345,2022,6,all,27,8,0.1879,0.1549,0.3005,5.32,0.2963,0.4815,00-0036261,B.Aiyuk,0.3058
00-0019596,2022,19,all,40,9,0.1675,0.15,0.248,5.97,0.275,0.45,00-0033921,C.Godwin,0.1768
00-0019596,2022,3,all,41,8,0.1945,0.16,0.3176,5.14,0.3415,0.4878,00-0034411,R.Gage,0.262
00-0035710,2022,2,all,32,8,0.1836,0.1582,0.2892,5.45,0.3125,0.5,00-0032385,S.Shepard,0.4293
00-0030565,2022,8,all,33,9,0.1901,0.1515,0.3022,5.26,0.303,0.5455,00-0035640,D.Metcalf,0.5709
00-0031503,2022,3,trailing,29,8,0.201,0.1534,0.3319,4.98,0.3448,0.5172,00-0037239,C.Olave,0.2785
00-0019596,2022,7,all,43,10,0.2353,0.1833,0.3328,4.25,0.3488,0.6512,00-0031408,M.Evans,0.6576
00-0038102,2022,11,all,28,8,0.1735,0.1531,0.2711,5.76,0.25,0.4286,00-0036894,P.Freiermuth,0.3125
00-0033869,2022,2,trailing,27,6,0.2565,0.2098,0.411,3.9,0.4074,0.6296,00-0035216,D.Johnson,0.5978
00-0029263,2022,11,all,28,7,0.1684,0.1582,0.2605,5.94,0.25,0.4286,00-0034348,C.Sutton,0.4682
00-0030565,2022,3,all,44,10,0.1725,0.1373,0.2604,5.8,0.2727,0.5227,00-0035640,D.Metcalf,0.3641
00-0035993,2022,15,all,26,9,0.1568,0.142,0.2486,6.38,0.2308,0.4615,00-0032775,D.Robinson,0.2105
00-0029263,2022,14,all,35,10,0.1412,0.1298,0.2166,7.08,0.2286,0.4,00-0037252,G.Dulcich,0.5449
00-0033537,2022,14,trailing,25,7,0.2096,0.1776,0.3345,4.77,0.32,0.56,00-0036233,D.Peoples-Jones,0.6308
00-0034401,2022,17,trailing,29,10,0.1296,0.1201,0.2058,7.72,0.2069,0.3793,00-0037740,G.Wilson,0.3128
00-0034401,2022,14,all,28,9,0.1378,0.1301,0.2246,7.26,0.1786,0.3571,00-0034270,T.Conklin,0.125
00-0033873,2022,15,all,42,9,0.1825,0.1552,0.2552,5.48,0.2381,0.4762,00-0030506,T.Kelce,0.2423
00-0037013,2022,8,all,29,9,0.1914,0.1605,0.3105,5.22,0.2759,0.5172,00-0034270,T.Conklin,0.5149
00-0036971,2022,8,all,28,8,0.1658,0.148,0.2603,6.03,0.25,0.4643,00-0034775,C.Kirk,0.35
00-0036442,2022,18,all,38,7,0.1967,0.169,0.3006,5.08,0.3158,0.5,00-0036900,J.Chase,0.4097
00-0035228,2022,1,all,25,7,0.2032,0.1743,0.3442,4.92,0.32,0.56,00-0035500,G.Dortch,0.2676
00-0036442,2022,13,all,31,8,0.1821,0.1592,0.2866,5.49,0.2581,0.4839,00-0036900,J.Chase,0.29
00-0037327,2022,18,all,27,8,0.166,0.1522,0.2593,6.02,0.2222,0.4074,00-0034829,M.Gesicki,0.3228
00-0038102,2022,18,all,28,7,0.2219,0.1862,0.3523,4.51,0.3571,0.5714,00-0035216,D.Johnson,0.3441
00-0036971,2022,15,all,41,7,0.1898,0.1683,0.2624,5.27,0.2439,0.4878,00-0033881,E.Engram,0.123
00-0035228,2022,5,trailing,36,6,0.2099,0.1882,0.2948,4.76,0.2778,0.5278,00-0035662,M.Brown,0.3333
00-0036971,2022,7,all,42,8,0.1882,0.17,0.2679,5.31,0.2381,0.4762,00-0033891,Z.Jones,0.2411
00-0036355,2022,9,all,43,7,0.1801,0.165,0.2515,5.55,0.2326,0.4186,00-0036988,J.Palmer,0.3983
00-0029701,2022,12,all,34,8,0.1453,0.1436,0.2215,6.88,0.1765,0.3529,00-0037742,T.Burks,0.3789
00-0034855,2022,11,all,26,8,0.142,0.142,0.2398,7.04,0.1923,0.3462,00-0034827,D.Moore,0.3131
00-0036972,2022,16,all,31,7,0.1904,0.1633,0.2822,5.25,0.2581,0.5161,00-0034960,J.Meyers,0.2083
00-0031280,2022,10,trailing,34,6,0.2301,0.1972,0.3342,4.35,0.3529,0.5882,00-0031381,D.Adams,0.4684
00-0029263,2022,17,all,36,8,0.1528,0.1419,0.2286,6.55,0.2222,0.3889,00-0036407,J.Jeudy,0.1013
00-0033873,2022,5,trailing,30,8,0.1667,0.1511,0.2624,6.0,0.2333,0.4333,00-0030506,T.Kelce,0.2698
00-0031280,2022,7,all,26,6,0.213,0.1864,0.3671,4.69,0.3462,0.5385,00-0031381,D.Adams,0.5
00-0035228,2022,8,trailing,41,8,0.185,0.1599,0.3088,5.41,0.3171,0.5122,00-0030564,D.Hopkins,0.513
00-0033873,2022,10,all,28,10,0.1378,0.1301,0.2273,7.26,0.2143,0.3929,00-0031376,J.McKinnon,0.0284
00-0038102,2022,16,all,36,8,0.1806,0.1605,0.2748,5.54,0.25,0.4722,00-0036893,N.Harris,0.0957
00-0036442,2022,9,all,27,8,0.1879,0.1604,0.3224,5.32,0.2963,0.4815,00-0036410,T.Higgins,0.3333
00-0038122,2022,16,all,30,9,0.1911,0.1556,0.3271,5.23,0.3,0.5333,00-0037238,D.London,0.5838
00-0036389,2022,15,all,37,8,0.2681,0.2053,0.3952,3.73,0.4324,0.6486,00-0035676,A.Brown,0.5408
00-0037175,2022,18,all,35,8,0.2163,0.1706,0.3389,4.62,0.3429,0.6,00-0037838,I.Likely,0.3681
00-0031345,2022,10,all,28,7,0.1862,0.1658,0.3038,5.37,0.25,0.4643,00-0036261,B.Aiyuk,0.3901
00-0029263,2022,5,all,38,10,0.1801,0.1523,0.2731,5.55,0.2895,0.5,00-0034348,C.Sutton,0.3978
00-0033077,2022,17,all,36,8,0.2083,0.1758,0.3256,4.8,0.3056,0.5833,00-0036358,C.Lamb,0.3831
00-0033106,2022,1,all,37,7,0.2067,0.1817,0.3062,4.84,0.3243,0.5405,00-0036963,A.St. Brown,0.2124
00-0036972,2022,15,trailing,27,8,0.1385,0.1358,0.2319,7.22,0.1852,0.3333,00-0031549,N.Agholor,0.328
00-0036442,2022,1,all,54,8,0.177,0.1577,0.2647,5.65,0.2963,0.463,00-0036900,J.Chase,0.3306
00-0034855,2022,16,all,26,8,0.2337,0.1686,0.4172,4.28,0.4231,0.5385,00-0033110,T.Higbee,0.2949
00-0036355,2022,11,all,29,9,0.22,0.1676,0.3295,4.55,0.3448,0.6207,00-0036988,J.Palmer,0.4847
00-0026143,2022,11,all,31,7,0.1904,0.1778,0.282,5.25,0.2581,0.4839,00-0037664,A.Pierce,0.4762
00-0031280,2022,2,all,36,7,0.2006,0.1821,0.312,4.98,0.2778,0.5,00-0034983,H.Renfrow,0.0872
00-0034796,2022,12,all,31,8,0.1675,0.1507,0.278,5.97,0.2581,0.4516,00-0034753,M.Andrews,0.2592
00-0036355,2022,10,all,33,8,0.2048,0.1717,0.3135,4.88,0.303,0.5455,00-0033699,A.Ekeler,-0.0242
00-0034955,2022,15,all,25,9,0.1616,0.1423,0.28,6.19,0.28,0.44,00-0036407,J.Jeudy,0.265
00-0033106,2022,3,all,37,8,0.1863,0.1599,0.2783,5.37,0.2703,0.5135,00-0033943,J.Reynolds,0.4873
00-0033077,2022,14,all,39,7,0.1703,0.1623,0.2598,5.87,0.2564,0.4103,00-0034383,D.Schultz,0.3242
00-0033077,2022,10,all,44,8,0.2045,0.1714,0.3048,4.89,0.3409,0.5227,00-0036358,C.Lamb,0.4728
00-0031280,2022,1,trailing,35,8,0.2849,0.2194,0.4222,3.51,0.4571,0.6571,00-0031381,D.Adams,0.526
00-0031800,2022,7,all,32,9,0.166,0.1445,0.2676,6.02,0.25,0.5,00-0035659,T.McLaurin,0.5625
00-0033119,2022,5,all,32,8,0.2363,0.1777,0.3698,4.23,0.375,0.5938,00-0031544,A.Cooper,0.3994
00-0026498,2022,4,trailing,29,6,0.327,0.2485,0.4914,3.06,0.4828,0.7586,00-0033908,C.Kupp,0.4966
00-0036442,2022,8,all,27,10,0.1495,0.1276,0.2569,6.69,0.2593,0.4444,00-0033897,J.Mixon,-0.1493
00-0031345,2022,12,all,35,8,0.1608,0.1461,0.254,6.22,0.2286,0.4,00-0036261,B.Aiyuk,0.4925
00-0027973,2022,8,all,25,9,0.1968,0.1424,0.36,5.08,0.36,0.52,00-0033906,A.Kamara,0.0331
00-0019596,2022,16,all,48,8,0.1606,0.1467,0.2189,6.23,0.2083,0.4167,00-0033921,C.Godwin,0.163
00-0029604,2022,15,trailing,31,7,0.2633,0.2112,0.3944,3.8,0.3548,0.6774,00-0036322,J.Jefferson,0.2897
00-0035228,2022,2,trailing,35,8,0.1739,0.1542,0.2722,5.75,0.2571,0.4571,00-0030061,Z.Ertz,0.2937
00-0027973,2022,6,all,28,8,0.2015,0.1657,0.3469,4.96,0.3214,0.5357,00-0033906,A.Kamara,0.067
00-0023459,2022,13,all,31,9,0.1509,0.1384,0.2259,6.63,0.2258,0.4194,00-0038124,C.Watson,0.4843
00-0036972,2022,2,all,34,9,0.2076,0.1557,0.3513,4.82,0.3824,0.5588,00-0034960,J.Meyers,0.3616
00-0036971,2022,1,trailing,34,7,0.2042,0.1747,0.3305,4.9,0.3235,0.5294,00-0034775,C.Kirk,0.3824
00-0026498,2022,6,all,30,8,0.1778,0.16,0.2778,5.62,0.2667,0.4667,00-0033908,C.Kupp,0.2467
00-0036355,2022,18,all,37,9,0.1424,0.1322,0.2332,7.02,0.2432,0.3784,00-0030279,K.Allen,0.3872
00-0036971,2022,14,all,38,6,0.2479,0.223,0.3394,4.03,0.3421,0.6316,00-0033881,E.Engram,0.2941
00-0027688,2022,14,all,30,7,0.1822,0.1644,0.2889,5.49,0.2667,0.4667,00-0030564,D.Hopkins,0.4498
00-0036355,2022,2,all,42,8,0.1848,0.1644,0.2676,5.41,0.2381,0.4762,00-0033536,M.Williams,0.7053
00-0026498,2022,1,all,25,7,0.2896,0.2095,0.4851,3.45,0.48,0.64,00-0033908,C.Kupp,0.5699
00-0036355,2022,12,all,48,7,0.1988,0.1762,0.29,5.03,0.3125,0.5208,00-0033699,A.Ekeler,-0.0398
00-0036355,2022,3,all,26,8,0.1568,0.1509,0.2633,6.38,0.1923,0.3846,00-0033699,A.Ekeler,-0.0389
00-0031280,2022,16,all,30,8,0.1933,0.1644,0.3201,5.17,0.3,0.5333,00-0031381,D.Adams,0.273
00-0035710,2022,3,all,32,7,0.1875,0.1718,0.301,5.33,0.3125,0.4688,00-0032385,S.Shepard,0.4579
00-0036971,2022,3,all,32,8,0.1797,0.1582,0.2812,5.57,0.25,0.5,00-0033891,Z.Jones,0.2722
00-0019596,2022,8,all,33,10,0.2084,0.1644,0.3224,4.8,0.303,0.6061,00-0033921,C.Godwin,0.0743
00-0026498,2022,8,all,30,6,0.24,0.2067,0.3628,4.17,0.3667,0.6,00-0033908,C.Kupp,0.6917
00-0035289,2022,17,trailing,31,6,0.2778,0.2318,0.4007,3.6,0.3871,0.6774,00-0036912,D.Smith,0.3854
00-0036972,2022,17,all,32,7,0.1914,0.168,0.2871,5.22,0.2812,0.5,00-0034960,J.Meyers,0.1787
00-0029604,2022,8,all,30,6,0.2,0.1822,0.2846,5.0,0.2667,0.5,00-0036322,J.Jefferson,0.4146
00-0033662,2022,6,trailing,26,7,0.1982,0.1716,0.3142,5.04,0.2692,0.5,00-0036358,C.Lamb,0.2345
00-0032950,2022,2,all,34,8,0.1592,0.147,0.2319,6.28,0.2353,0.4118,00-0035659,T.McLaurin,0.3176
00-0036898,2022,16,all,27,11,0.166,0.1303,0.3061,6.02,0.3333,0.4444,00-0031236,B.Cooks,0.4148
00-0030565,2022,15,trailing,28,8,0.1786,0.1582,0.2807,5.6,0.2857,0.5,00-0035640,D.Metcalf,0.3613
00-0034855,2022,1,all,26,6,0.213,0.1953,0.3286,4.69,0.3077,0.5385,00-0032688,R.Anderson,0.4327
00-0033873,2022,6,all,35,10,0.1494,0.1249,0.2496,6.69,0.2857,0.4286,00-0030506,T.Kelce,0.4323
00-0036355,2022,13,all,36,9,0.1929,0.1558,0.2702,5.18,0.2778,0.5278,00-0036988,J.Palmer,0.25
00-0035710,2022,11,all,30,7,0.2444,0.1889,0.3761,4.09,0.4,0.6,00-0038117,W.Robinson,0.4315
00-0030565,2022,14,all,31,8,0.1967,0.1675,0.3197,5.08,0.2903,0.5484,00-0035640,D.Metcalf,0.4336
00-0036355,2022,14,all,48,9,0.1762,0.1536,0.2604,5.67,0.2917,0.4583,00-0030279,K.Allen,0.236
00-0026143,2022,15,all,26,9,0.2396,0.1685,0.4527,4.17,0.4231,0.6154,00-0036252,M.Pittman,0.2727
00-0033869,2022,14,all,30,9,0.16,0.1356,0.2691,6.25,0.2667,0.4667,00-0035216,D.Johnson,0.4055
00-0032950,2022,2,trailing,33,8,0.1607,0.1533,0.2581,6.22,0.2424,0.4242,00-0035659,T.McLaurin,0.3205
00-0033873,2022,9,trailing,28,9,0.1735,0.1454,0.2912,5.76,0.2857,0.5,00-0030506,T.Kelce,0.1535
00-0037175,2022,18,trailing,33,8,0.2066,0.168,0.3242,4.84,0.3333,0.5758,00-0037838,I.Likely,0.3789
00-0023459,2022,6,all,38,9,0.1759,0.1523,0.2604,5.69,0.2368,0.4474,00-0033757,R.Tonyan,0.1892
00-0031280,2022,1,all,36,8,0.2948,0.2222,0.4476,3.39,0.4722,0.6667,00-0031381,D.Adams,0.5331
00-0036971,2022,12,all,38,6,0.2535,0.2132,0.3838,3.95,0.3947,0.6316,00-0033891,Z.Jones,0.5182
00-0026498,2022,4,all,36,6,0.3302,0.2483,0.4709,3.03,0.4722,0.7778,00-0033908,C.Kupp,0.5455
00-0036212,2022,13,trailing,25,8,0.2576,0.1806,0.4401,3.88,0.44,0.6,00-0033040,T.Hill,0.5041
00-0026143,2022,5,all,36,10,0.1559,0.1311,0.2423,6.42,0.25,0.4722,00-0037664,A.Pierce,0.2932
00-0031345,2022,11,all,27,6,0.2181,0.1961,0.3229,4.58,0.2963,0.5556,00-0035719,D.Samuel,0.1228
00-0030565,2022,18,all,28,8,0.1888,0.1582,0.3038,5.3,0.2857,0.5357,00-0035640,D.Metcalf,0.3933
00-0033106,2022,13,all,32,8,0.1699,0.1484,0.2623,5.89,0.2812,0.4688,00-0036963,A.St. Brown,0.3252
00-0023459,2022,11,trailing,34,7,0.2042,0.1885,0.2958,4.9,0.2941,0.5294,00-0034521,A.Lazard,0.4984
00-0033873,2022,17,all,40,11,0.1362,0.1187,0.2127,7.34,0.225,0.4,00-0030506,T.Kelce,0.1809
00-0033077,2022,15,all,30,7,0.2,0.1733,0.3158,5.0,0.3,0.5333,00-0033591,N.Brown,0.3668
00-0036389,2022,1,all,29,7,0.2652,0.2033,0.4152,3.77,0.4483,0.5862,00-0035676,A.Brown,0.7287
00-0034855,2022,4,all,28,6,0.2092,0.1862,0.3036,4.78,0.2857,0.5357,00-0034827,D.Moore,0.3539
00-0034857,2022,6,all,38,8,0.1925,0.1634,0.3173,5.19,0.3421,0.5,00-0031588,S.Diggs,0.4036
00-0029604,2022,10,all,50,6,0.2208,0.1999,0.2993,4.53,0.32,0.54,00-0036322,J.Jefferson,0.4907
00-0035228,2022,3,trailing,47,9,0.1978,0.1571,0.302,5.05,0.3404,0.5319,00-0035662,M.Brown,0.4375
00-0033077,2022,18,all,28,7,0.1837,0.1684,0.2732,5.44,0.2143,0.4286,00-0033591,N.Brown,0.2571
00-0036212,2022,9,all,29,8,0.1748,0.1509,0.2866,5.72,0.2759,0.5172,00-0033040,T.Hill,0.4226
00-0033106,2022,2,all,32,8,0.1973,0.1621,0.3029,5.07,0.3125,0.5312,00-0036963,A.St. Brown,0.2185
00-0038102,2022,5,all,32,7,0.2266,0.1796,0.3753,4.41,0.375,0.5938,00-0035216,D.Johnson,0.5331
00-0029263,2022,3,trailing,30,8,0.2044,0.1644,0.3178,4.89,0.3333,0.5333,00-0034348,C.Sutton,0.4255
00-0036442,2022,14,all,29,8,0.2366,0.1747,0.4035,4.23,0.4138,0.5862,00-0036900,J.Chase,0.46
00-0036355,2022,4,all,35,10,0.1788,0.1444,0.3046,5.59,0.3143,0.4857,00-0033536,M.Williams,0.4535
00-0038102,2022,8,all,32,9,0.1641,0.1484,0.2677,6.1,0.25,0.4375,00-0035216,D.Johnson,0.3679
00-0033275,2022,8,trailing,27,8,0.2126,0.1685,0.3365,4.7,0.2963,0.5926,00-0034827,D.Moore,0.538
00-0033869,2022,3,all,31,6,0.2196,0.1904,0.3343,4.55,0.3226,0.5484,00-0035216,D.Johnson,0.3492
00-0035264,2022,17,all,32,6,0.207,0.1855,0.3184,4.83,0.3438,0.5,00-0031381,D.Adams,0.4868
00-0023459,2022,11,all,34,7,0.2042,0.1799,0.2979,4.9,0.2941,0.5294,00-0034521,A.Lazard,0.4984
00-0033662,2022,6,all,29,7,0.1891,0.17,0.2964,5.29,0.2759,0.4828,00-0036358,C.Lamb,0.232
00-0035993,2022,13,trailing,29,9,0.1439,0.1344,0.2462,6.95,0.2069,0.4138,00-0032775,D.Robinson,0.1456
00-0035993,2022,19,all,28,8,0.199,0.1556,0.3473,5.03,0.3571,0.5357,00-0034753,M.Andrews,0.6037
00-0038102,2022,13,all,27,10,0.2236,0.1714,0.38,4.47,0.4074,0.5926,00-0035216,D.Johnson,0.4819
00-0033869,2022,14,trailing,30,9,0.16,0.1422,0.2644,6.25,0.2667,0.4667,00-0035216,D.Johnson,0.4055
00-0029604,2022,6,all,28,6,0.2219,0.1913,0.3318,4.51,0.2857,0.5714,00-0030035,A.Thielen,0.5894
00-0033537,2022,14,all,30,7,0.2067,0.1778,0.3311,4.84,0.3,0.5333,00-0036233,D.Peoples-Jones,0.6055
00-0034855,2022,14,all,30,9,0.1733,0.1488,0.3224,5.77,0.3,0.5,00-0036849,T.Atwell,0.4173
00-0034857,2022,3,all,57,11,0.1314,0.1173,0.1795,7.61,0.193,0.386,00-0035250,D.Singletary,0.0242
00-0031800,2022,13,all,40,7,0.1963,0.1687,0.2838,5.1,0.3,0.525,00-0035659,T.McLaurin,0.4146
00-0035993,2022,13,all,31,9,0.155,0.1342,0.2531,6.45,0.2581,0.4516,00-0032775,D.Robinson,0.2742
00-0036212,2022,7,all,35,6,0.2294,0.1951,0.3342,4.36,0.3714,0.5714,00-0033040,T.Hill,0.4957
00-0031800,2022,9,all,26,9,0.1864,0.1449,0.3315,5.37,0.3462,0.5,00-0035659,T.McLaurin,0.3962
00-0036389,2022,2,all,27,7,0.1907,0.1714,0.2953,5.24,0.2593,0.4815,00-0035676,A.Brown,0.4088
00-0036971,2022,18,all,29,8,0.1891,0.17,0.2961,5.29,0.2759,0.4828,00-0034775,C.Kirk,0.448
00-0029604,2022,17,all,28,6,0.2423,0.1939,0.4083,4.13,0.3929,0.5714,00-0035229,T.Hockenson,0.4921
00-0033873,2022,4,all,29,10,0.1748,0.1438,0.2938,5.72,0.2759,0.5172,00-0030506,T.Kelce,0.1546
00-0031345,2022,5,all,29,8,0.1795,0.1486,0.3058,5.57,0.3103,0.5172,00-0035719,D.Samuel,0.3274
00-0030565,2022,14,trailing,31,8,0.1967,0.1675,0.3112,5.08,0.2903,0.5484,00-0035640,D.Metcalf,0.4336
00-0036971,2022,10,all,28,8,0.2143,0.1709,0.343,4.67,0.3571,0.5714,00-0034775,C.Kirk,0.461
00-0019596,2022,6,trailing,36,8,0.1728,0.1543,0.2716,5.79,0.3056,0.4722,00-0033921,C.Godwin,0.4375
00-0036971,2022,9,all,29,9,0.1867,0.1534,0.3009,5.36,0.3103,0.5172,00-0034775,C.Kirk,0.3427
00-0027973,2022,12,trailing,28,9,0.1862,0.1555,0.314,5.37,0.2857,0.5357,00-0037239,C.Olave,0.481
00-0033873,2022,2,trailing,26,9,0.145,0.1331,0.2428,6.9,0.2308,0.4231,00-0030506,T.Kelce,0.2814
00-0030565,2022,1,all,27,8,0.1523,0.144,0.2512,6.57,0.2593,0.4074,00-0035640,D.Metcalf,0.2296
00-0036355,2022,19,all,42,8,0.1837,0.1565,0.2813,5.44,0.3095,0.5,00-0030279,K.Allen,0.2692
00-0034955,2022,7,trailing,38,10,0.1662,0.1399,0.2438,6.02,0.2368,0.4737,00-0037252,G.Dulcich,0.1895
00-0033873,2022,12,all,33,10,0.1276,0.1202,0.1938,7.83,0.1818,0.3333,00-0038090,S.Moore,0.1225
00-0023459,2022,5,all,39,9,0.1926,0.1544,0.2979,5.19,0.3333,0.5385,00-0028002,R.Cobb,0.4192
00-0036971,2022,15,trailing,36,7,0.2037,0.1775,0.2936,4.91,0.2778,0.5278,00-0033881,E.Engram,0.1329
00-0033077,2022,12,all,28,6,0.2474,0.2015,0.375,4.04,0.3571,0.6429,00-0036358,C.Lamb,0.4812
00-0034401,2022,13,trailing,49,8,0.1762,0.1561,0.2562,5.68,0.3061,0.4694,00-0037740,G.Wilson,0.5513
00-0035289,2022,16,all,34,7,0.2249,0.1869,0.3393,4.45,0.3529,0.5882,00-0036912,D.Smith,0.4187
00-0036442,2022,4,all,30,9,0.1778,0.1489,0.2779,5.62,0.3,0.4667,00-0036410,T.Higgins,0.3158
00-0019596,2022,3,trailing,37,7,0.2199,0.1775,0.3488,4.55,0.3784,0.5405,00-0034411,R.Gage,0.3061
00-0033873,2022,7,all,29,9,0.1463,0.1391,0.2368,6.84,0.2069,0.4138,00-0033857,J.Smith-Schuster,0.2024
00-0026143,2022,5,trailing,28,9,0.1862,0.148,0.3445,5.37,0.3214,0.5357,00-0037664,A.Pierce,0.3029
00-0034857,2022,18,all,28,8,0.2143,0.1684,0.3471,4.67,0.3214,0.6071,00-0036196,G.Davis,0.3529
00-0036355,2022,6,trailing,28,7,0.2245,0.1886,0.3827,4.45,0.3214,0.6071,00-0036988,J.Palmer,0.2
00-0035228,2022,12,all,27,8,0.1824,0.1577,0.3197,5.48,0.2963,0.5185,00-0035662,M.Brown,0.3165
00-0034796,2022,11,all,31,9,0.1883,0.1507,0.303,5.31,0.2903,0.5484,00-0032775,D.Robinson,0.6471
00-0035710,2022,15,all,30,7,0.1911,0.1755,0.3002,5.23,0.2667,0.5,00-0034844,S.Barkley,-0.009
00-0031800,2022,10,all,25,7,0.264,0.203,0.4497,3.79,0.44,0.6,00-0035659,T.McLaurin,0.6643
00-0033873,2022,5,all,43,9,0.1476,0.1357,0.2147,6.77,0.2093,0.3953,00-0033857,J.Smith-Schuster,0.219
00-0031237,2022,6,all,25,7,0.2288,0.1904,0.3986,4.37,0.36,0.6,00-0033040,T.Hill,0.4286
00-0033949,2022,17,all,28,10,0.1403,0.1275,0.2398,7.13,0.2143,0.3929,00-0030431,R.Woods,0.2192
00-0019596,2022,14,trailing,38,10,0.1399,0.1274,0.2121,7.15,0.2105,0.3947,00-0033921,C.Godwin,0.2524
00-0033869,2022,2,all,33,6,0.2268,0.2029,0.3315,4.41,0.3333,0.5455,00-0035216,D.Johnson,0.4977
00-0035228,2022,1,trailing,25,7,0.2032,0.168,0.3313,4.92,0.32,0.56,00-0035500,G.Dortch,0.2676
00-0023459,2022,13,trailing,29,9,0.1534,0.1438,0.2487,6.52,0.2069,0.4138,00-0038124,C.Watson,0.457
00-0036442,2022,21,all,37,8,0.1804,0.1497,0.2871,5.54,0.2973,0.5135,00-0036410,T.Higgins,0.5461
00-0029604,2022,19,all,38,8,0.1953,0.1676,0.2854,5.12,0.2895,0.5263,00-0035229,T.Hockenson,0.2885
00-0036971,2022,13,trailing,29,7,0.2033,0.1771,0.2989,4.92,0.2759,0.5172,00-0034775,C.Kirk,0.3504
00-0036898,2022,10,all,31,9,0.1655,0.1467,0.2758,6.04,0.2581,0.4839,00-0036554,N.Collins,0.3417
00-0026498,2022,9,all,26,9,0.2071,0.1657,0.3698,4.83,0.3462,0.5385,00-0033908,C.Kupp,0.2623
00-0036389,2022,13,all,35,8,0.1886,0.164,0.2851,5.3,0.2857,0.5143,00-0035676,A.Brown,0.4655
00-0036971,2022,2,all,27,8,0.166,0.1523,0.2676,6.02,0.2222,0.4444,00-0034775,C.Kirk,0.2444
00-0033949,2022,18,all,27,9,0.1605,0.144,0.2593,6.23,0.2593,0.4444,00-0037742,T.Burks,0.3155
00-0026158,2022,2,trailing,39,8,0.2071,0.1649,0.3334,4.83,0.359,0.5385,00-0037740,G.Wilson,0.4726
00-0037327,2022,19,trailing,38,8,0.2424,0.1854,0.3881,4.13,0.4211,0.5526,00-0033040,T.Hill,0.4657
00-0036212,2022,13,all,33,8,0.2176,0.1643,0.3721,4.59,0.3939,0.5455,00-0033040,T.Hill,0.4124
00-0034796,2022,8,all,34,8,0.1626,0.1556,0.2458,6.15,0.2353,0.4412,00-0032775,D.Robinson,0.2126
00-0026158,2022,3,all,40,8,0.1763,0.1562,0.2501,5.67,0.225,0.45,00-0038120,Br.Hall,0.1313
00-0033119,2022,4,all,35,7,0.1706,0.1559,0.2572,5.86,0.2571,0.4571,00-0036233,D.Peoples-Jones,0.395
00-0034857,2022,20,trailing,25,9,0.168,0.1359,0.3153,5.95,0.32,0.44,00-0031588,S.Diggs,0.553
00-0036972,2022,18,trailing,26,7,0.1834,0.1627,0.3196,5.45,0.2692,0.5,00-0036875,R.Stevenson,0.06
00-0031800,2022,15,all,27,7,0.1742,0.1605,0.2704,5.74,0.2222,0.4444,00-0035659,T.McLaurin,0.1148
00-0036945,2022,9,all,28,8,0.1913,0.1657,0.3138,5.23,0.2857,0.5,00-0036309,D.Mooney,0.1927
00-0036898,2022,10,trailing,30,8,0.1756,0.1577,0.2734,5.7,0.2667,0.5,00-0036554,N.Collins,0.3452
00-0035228,2022,7,all,26,6,0.2663,0.2189,0.4349,3.76,0.4231,0.6154,00-0030564,D.Hopkins,0.719
00-0036971,2022,19,trailing,45,6,0.2454,0.2226,0.3107,4.07,0.2889,0.5778,00-0033891,Z.Jones,0.3729
00-0037834,2022,17,all,34,5,0.2612,0.2266,0.3789,3.83,0.3529,0.6176,00-0036261,B.Aiyuk,0.4462
00-0036212,2022,8,trailing,30,8,0.2356,0.1867,0.3871,4.25,0.3667,0.6333,00-0033040,T.Hill,0.5682
00-0033106,2022,18,trailing,30,10,0.1689,0.1443,0.2756,5.92,0.2333,0.4667,00-0036963,A.St. Brown,0.322
00-0035228,2022,5,all,38,6,0.2119,0.1898,0.2951,4.72,0.2632,0.5263,00-0035662,M.Brown,0.3345
00-0036971,2022,1,all,39,7,0.2018,0.1729,0.2862,4.95,0.3077,0.5385,00-0034775,C.Kirk,0.3526
00-0033119,2022,6,all,29,8,0.201,0.17,0.3392,4.98,0.3448,0.5517,00-0031544,A.Cooper,0.3835
00-0033873,2022,11,all,31,8,0.1904,0.1654,0.3174,5.25,0.3226,0.5161,00-0030506,T.Kelce,0.1765
00-0033537,2022,16,all,27,7,0.2263,0.1879,0.3803,4.42,0.3704,0.5556,00-0031544,A.Cooper,0.4745
00-0033119,2022,1,all,30,8,0.2178,0.1711,0.3317,4.59,0.3667,0.5667,00-0036233,D.Peoples-Jones,0.3833
00-0033662,2022,2,all,30,6,0.24,0.2021,0.3629,4.17,0.3667,0.6,00-0036358,C.Lamb,0.5618
00-0033873,2023,8,trailing,30,11,0.12,0.1111,0.2156,8.33,0.2333,0.3333,00-0030506,T.Kelce,0.1801
00-0037077,2023,7,all,36,8,0.1944,0.1697,0.2857,5.14,0.25,0.4722,00-0035659,T.McLaurin,0.3795
00-0027973,2023,3,trailing,30,10,0.1467,0.1333,0.2511,6.82,0.2333,0.4,00-0034777,D.Chark,0.592
00-0038416,2023,7,all,27,8,0.1852,0.1605,0.3115,5.4,0.2963,0.4815,00-0034827,D.Moore,0.4615
00-0033077,2023,8,all,28,10,0.2577,0.1785,0.4337,3.88,0.4643,0.5714,00-0036358,C.Lamb,0.5471
00-0035289,2023,10,all,26,8,0.2663,0.1834,0.4704,3.76,0.4615,0.6154,00-0036252,M.Pittman,0.4622
00-0033077,2023,11,all,35,9,0.1559,0.1428,0.2459,6.41,0.2571,0.4,00-0036358,C.Lamb,0.3602
00-0033106,2023,20,all,39,8,0.2084,0.1768,0.3006,4.8,0.3077,0.5897,00-0036963,A.St. Brown,0.351
00-0037077,2023,9,all,44,9,0.1312,0.125,0.1973,7.62,0.1818,0.3636,00-0037741,J.Dotson,0.3026
00-0029604,2023,6,all,29,6,0.2033,0.1843,0.2986,4.92,0.2759,0.5172,00-0035229,T.Hockenson,0.3462
00-0029263,2023,1,all,32,11,0.123,0.1191,0.1993,8.13,0.1875,0.3438,00-0036997,J.Williams,-0.0682
00-0026498,2023,4,all,38,7,0.2133,0.1814,0.3047,4.69,0.2895,0.5526,00-0033110,T.Higbee,0.2824
00-0036264,2023,11,trailing,28,10,0.1122,0.1173,0.1913,8.91,0.1429,0.2857,00-0038124,C.Watson,0.25
00-0034855,2023,16,all,29,7,0.2057,0.1842,0.2962,4.86,0.2414,0.4828,00-0037256,R.White,-0.0573
00-0035228,2023,12,all,27,6,0.2181,0.1962,0.3278,4.58,0.2963,0.5556,00-0035662,M.Brown,0.4427
00-0033077,2023,17,all,37,7,0.2929,0.2315,0.4581,3.41,0.4595,0.6757,00-0036358,C.Lamb,0.3445
00-0029604,2023,2,all,30,7,0.1822,0.1643,0.2913,5.49,0.3,0.4667,00-0036322,J.Jefferson,0.3829
00-0038108,2023,16,all,31,7,0.232,0.1902,0.38,4.31,0.3548,0.6129,00-0033045,E.Elliott,0.0231
00-0029263,2023,3,trailing,30,9,0.1822,0.1422,0.3044,5.49,0.3333,0.5,00-0034348,C.Sutton,0.2977
00-0037834,2023,20,all,36,7,0.2114,0.1789,0.3088,4.73,0.3333,0.5278,00-0033280,C.McCaffrey,0.1058
00-0034855,2023,7,all,41,9,0.1779,0.1539,0.2613,5.62,0.2927,0.4878,00-0033921,C.Godwin,0.318
00-0036355,2023,8,all,34,8,0.1626,0.1488,0.2458,6.15,0.2353,0.4412,00-0030279,K.Allen,0.6471
00-0033949,2023,12,trailing,25,7,0.2032,0.1647,0.3572,4.92,0.36,0.52,00-0038994,J.Addison,0.5421
00-0036264,2023,17,all,27,7,0.1989,0.1715,0.306,5.03,0.2963,0.4815,00-0039146,J.Reed,0.4721
00-0039163,2023,20,all,25,6,0.2224,0.1999,0.3346,4.5,0.32,0.56,00-0036554,N.Collins,0.4153
00-0034857,2023,2,all,33,9,0.1405,0.135,0.2141,7.12,0.1818,0.3636,00-0038933,D.Kincaid,0.2552
00-0036355,2023,1,all,31,9,0.1675,0.1425,0.2654,5.97,0.2903,0.4516,00-0030279,K.Allen,0.4585
00-0034857,2023,3,all,28,8,0.1939,0.1504,0.3599,5.16,0.3571,0.5,00-0031588,S.Diggs,0.4059
00-0033873,2023,16,trailing,34,9,0.1972,0.1592,0.3339,5.07,0.3529,0.5294,00-0039067,R.Rice,0.7458
00-0035289,2023,3,all,42,8,0.1973,0.1633,0.288,5.07,0.2857,0.5476,00-0038997,J.Downs,0.213
00-0038579,2023,4,all,34,6,0.2457,0.2006,0.3568,4.07,0.3529,0.6471,00-0031381,D.Adams,0.5726
00-0026158,2023,19,all,35,7,0.182,0.164,0.2736,5.49,0.2857,0.4857,00-0033885,D.Njoku,0.5038
00-0036389,2023,7,all,30,6,0.3178,0.2311,0.5047,3.15,0.5,0.6667,00-0035676,A.Brown,0.6636
00-0033077,2023,10,all,35,7,0.2473,0.2113,0.3587,4.04,0.3429,0.6286,00-0036358,C.Lamb,0.389
00-0038102,2023,11,all,25,7,0.2096,0.1775,0.3344,4.77,0.32,0.56,00-0035216,D.Johnson,0.6118
00-0035282,2023,17,trailing,29,7,0.1962,0.1677,0.3129,5.1,0.2759,0.5172,00-0035120,K.Doss,0.3433
00-0034857,2023,9,trailing,31,8,0.2071,0.1696,0.3341,4.83,0.3226,0.5806,00-0038933,D.Kincaid,0.1818
00-0033106,2023,7,trailing,30,7,0.2244,0.1822,0.3514,4.46,0.3667,0.6,00-0036963,A.St. Brown,0.3545
00-0036212,2023,7,trailing,30,7,0.2756,0.1977,0.4669,3.63,0.4667,0.6333,00-0033040,T.Hill,0.3865
00-0033873,2023,6,all,31,9,0.1655,0.1404,0.2779,6.04,0.2903,0.4516,00-0030506,T.Kelce,0.6942
00-0038122,2023,5,all,38,11,0.1787,0.144,0.2729,5.6,0.2895,0.5263,00-0036970,K.Pitts,0.4098
00-0036264,2023,10,all,37,8,0.1351,0.1366,0.2067,7.4,0.1892,0.3514,00-0038124,C.Watson,0.2596
00-0036945,2023,2,all,26,6,0.2189,0.1952,0.3226,4.57,0.2692,0.5385,00-0034827,D.Moore,0.3432
00-0033949,2023,9,all,30,8,0.2133,0.1711,0.3428,4.69,0.3667,0.5667,00-0035229,T.Hockenson,0.3934
00-0037834,2023,7,trailing,26,6,0.213,0.1922,0.3405,4.69,0.3077,0.5385,00-0036259,J.Jennings,0.2986
00-0034796,2023,14,all,41,7,0.1898,0.166,0.279,5.27,0.2683,0.5122,00-0039064,Z.Flowers,0.2319
00-0038102,2023,3,all,25,7,0.1808,0.1616,0.3057,5.53,0.24,0.48,00-0037247,G.Pickens,0.2308
00-0039164,2023,4,all,25,8,0.1616,0.1487,0.2641,6.19,0.24,0.44,00-0036252,M.Pittman,0.3011
00-0037834,2023,8,all,25,5,0.2928,0.2512,0.4184,3.42,0.36,0.68,00-0036261,B.Aiyuk,0.5865
00-0037834,2023,22,all,36,8,0.1898,0.1651,0.2964,5.27,0.3056,0.5,00-0035719,D.Samuel,0.3942
00-0036442,2023,3,trailing,29,8,0.2247,0.1842,0.3603,4.45,0.3793,0.5862,00-0036900,J.Chase,0.5183
00-0033873,2023,7,all,39,11,0.1742,0.1426,0.2822,5.74,0.3333,0.4872,00-0030506,T.Kelce,0.3927
00-0036972,2023,3,all,27,9,0.1358,0.1329,0.2265,7.36,0.1852,0.3704,00-0033090,H.Henry,0.1123
00-0031800,2023,9,all,34,9,0.1315,0.128,0.2042,7.61,0.1765,0.3529,00-0033858,J.Smith,0.0387
00-0036389,2023,15,all,30,7,0.2422,0.1977,0.3801,4.13,0.3333,0.6333,00-0035676,A.Brown,0.4407
00-0030565,2023,17,trailing,31,8,0.153,0.1426,0.2489,6.54,0.2258,0.3871,00-0035640,D.Metcalf,0.3333
00-0038579,2023,17,trailing,40,6,0.2875,0.2238,0.4153,3.48,0.45,0.675,00-0031381,D.Adams,0.5549
00-0031280,2023,7,all,54,6,0.2071,0.1804,0.2785,4.83,0.2778,0.5556,00-0033906,A.Kamara,0.0181
00-0033106,2023,16,all,39,8,0.2071,0.17,0.3163,4.83,0.359,0.5385,00-0036963,A.St. Brown,0.406
00-0033873,2023,13,all,29,8,0.1867,0.1581,0.2961,5.36,0.3103,0.4828,00-0039067,R.Rice,0.0396
00-0035710,2023,2,trailing,30,7,0.18,0.1667,0.2733,5.56,0.2667,0.4667,00-0031610,D.Waller,0.2397
00-0036355,2023,6,all,37,8,0.1819,0.1555,0.2816,5.5,0.2973,0.4865,00-0030279,K.Allen,0.4961
00-0036212,2023,4,trailing,27,8,0.1687,0.1495,0.2732,5.93,0.2222,0.4444,00-0033040,T.Hill,0.3846
00-0036972,2023,1,all,55,9,0.126,0.1207,0.1769,7.94,0.2,0.3273,00-0033307,K.Bourne,0.3201
00-0039163,2023,12,trailing,34,9,0.1747,0.1505,0.2613,5.72,0.2647,0.4706,00-0036554,N.Collins,0.2939
00-0026158,2023,13,all,39,9,0.1624,0.14,0.2611,6.16,0.2821,0.4359,00-0036980,E.Moore,0.5
00-0026498,2023,19,all,34,9,0.2024,0.1661,0.3047,4.94,0.2941,0.5588,00-0039075,P.Nacua,0.3019
00-0037077,2023,11,trailing,35,11,0.1363,0.1167,0.2327,7.34,0.2286,0.4286,00-0037746,B.Robinson,-0.0222
00-0033873,2023,14,trailing,33,9,0.1846,0.1496,0.2876,5.42,0.303,0.5455,00-0039067,R.Rice,0.2136
00-0038102,2023,1,trailing,29,9,0.1367,0.1319,0.2177,7.31,0.2069,0.3793,00-0035216,D.Johnson,0.3498
00-0036972,2023,9,trailing,26,8,0.145,0.1419,0.2427,6.9,0.1923,0.3462,00-0033857,J.Smith-Schuster,0.1449
00-0036971,2023,7,all,29,6,0.1938,0.1866,0.2819,5.16,0.2414,0.4483,00-0033881,E.Engram,0.1818
00-0035228,2023,11,all,29,8,0.1867,0.1604,0.3059,5.36,0.2759,0.5172,00-0035500,G.Dortch,0.1696
00-0038102,2023,12,all,32,8,0.2207,0.1756,0.3499,4.53,0.3438,0.5938,00-0036894,P.Freiermuth,0.3933
00-0036212,2023,2,all,29,9,0.1795,0.1533,0.3106,5.57,0.3103,0.5172,00-0033040,T.Hill,0.4704
00-0034857,2023,7,trailing,39,9,0.1795,0.1479,0.269,5.57,0.3077,0.5128,00-0031588,S.Diggs,0.5093
00-0033537,2023,10,all,30,8,0.2111,0.1777,0.3111,4.74,0.2667,0.5333,00-0031544,A.Cooper,0.3649
00-0034796,2023,21,trailing,33,9,0.1625,0.1404,0.2489,6.15,0.2424,0.4545,00-0039064,Z.Flowers,0.2675
00-0036355,2023,12,all,37,9,0.1936,0.1556,0.3163,5.17,0.3514,0.5135,00-0030279,K.Allen,0.2961
00-0037013,2023,5,all,26,8,0.1686,0.1479,0.293,5.93,0.2692,0.4615,00-0037740,G.Wilson,0.5912
00-0029604,2023,7,all,43,9,0.1779,0.1498,0.2699,5.62,0.2791,0.5116,00-0035229,T.Hockenson,0.2039
00-0039150,2023,10,all,34,9,0.1696,0.1384,0.2768,5.9,0.2941,0.5,00-0030035,A.Thielen,0.1579
00-0036212,2023,8,all,42,10,0.1791,0.1406,0.2824,5.58,0.2857,0.5476,00-0033040,T.Hill,0.3833
00-0030565,2023,6,trailing,30,8,0.1711,0.1555,0.2667,5.84,0.2667,0.4667,00-0035640,D.Metcalf,0.4053
00-0036971,2023,14,trailing,43,6,0.245,0.2158,0.3186,4.08,0.3023,0.5814,00-0033891,Z.Jones,0.4369
00-0029701,2023,1,all,33,7,0.236,0.1791,0.3756,4.24,0.3939,0.6061,00-0030564,D.Hopkins,0.4377
00-0033869,2023,14,trailing,35,8,0.1608,0.1461,0.2492,6.22,0.2286,0.4286,00-0036894,P.Freiermuth,0.2128
00-0033077,2023,3,trailing,37,9,0.1585,0.1468,0.2301,6.31,0.1892,0.3784,00-0036358,C.Lamb,0.2751
00-0034857,2023,20,all,37,9,0.1629,0.1439,0.2535,6.14,0.2432,0.4595,00-0037261,K.Shakir,0.1963
00-0034855,2023,13,all,27,6,0.2812,0.2291,0.4431,3.56,0.4444,0.6296,00-0031408,M.Evans,0.6997
00-0036972,2023,9,all,43,8,0.1357,0.1325,0.1932,7.37,0.1628,0.3256,00-0033857,J.Smith-Schuster,0.0892
00-0036355,2023,13,all,35,8,0.1624,0.1478,0.2572,6.16,0.2571,0.4571,00-0030279,K.Allen,0.4327
00-0033873,2023,9,all,28,11,0.1122,0.1122,0.1914,8.91,0.1786,0.3214,00-0034386,Ju.Watson,0.4503
00-0036264,2023,20,all,34,10,0.1419,0.1315,0.2197,7.05,0.2059,0.3824,00-0033293,A.Jones,-0.0311
00-0036972,2023,6,all,31,9,0.1988,0.1509,0.3445,5.03,0.3548,0.5484,00-0033307,K.Bourne,0.1287
00-0034796,2023,2,all,33,8,0.1552,0.1423,0.2397,6.44,0.2424,0.4242,00-0034753,M.Andrews,0.14
00-0036971,2023,8,all,32,5,0.2559,0.2324,0.3597,3.91,0.3125,0.625,00-0033881,E.Engram,0.1535
00-0029604,2023,5,trailing,43,9,0.1585,0.1465,0.2214,6.31,0.2093,0.4186,00-0036345,K.Osborn,0.1616
00-0039150,2023,13,all,26,7,0.2396,0.1834,0.376,4.17,0.3846,0.6154,00-0039062,J.Mingo,0.3242
00-0038102,2023,5,trailing,29,8,0.2224,0.1771,0.3584,4.5,0.3103,0.6207,00-0037247,G.Pickens,0.6466
00-0039163,2023,1,all,30,9,0.1822,0.1488,0.2958,5.49,0.2667,0.5333,00-0036554,N.Collins,0.6828
00-0033873,2023,13,trailing,29,8,0.1867,0.1605,0.3247,5.36,0.3103,0.4828,00-0039067,R.Rice,0.0396
00-0036264,2023,4,trailing,25,8,0.2064,0.1712,0.36,4.84,0.36,0.52,00-0037816,R.Doubs,0.4351
00-0036389,2023,6,all,43,7,0.2028,0.1822,0.2679,4.93,0.2558,0.4884,00-0036912,D.Smith,0.4326
00-0035228,2023,17,all,31,8,0.1717,0.155,0.2593,5.82,0.2258,0.4516,00-0035500,G.Dortch,0.3147
00-0036264,2023,10,trailing,37,8,0.1351,0.1351,0.1966,7.4,0.1892,0.3514,00-0038124,C.Watson,0.2596
00-0033319,2023,15,all,31,7,0.2154,0.1882,0.3284,4.64,0.3226,0.5484,00-0036322,J.Jefferson,0.5664
00-0035704,2023,14,all,29,8,0.1605,0.1558,0.2628,6.23,0.2069,0.4138,00-0038543,J.Smith-Njigba,0.2488
00-0033106,2023,6,all,35,9,0.2082,0.1656,0.3192,4.8,0.3143,0.6,00-0036963,A.St. Brown,0.2083
00-0034796,2023,5,all,36,6,0.2068,0.1852,0.3056,4.84,0.3056,0.5556,00-0039064,Z.Flowers,0.4253
00-0038579,2023,11,trailing,28,8,0.2015,0.1709,0.3215,4.96,0.3214,0.5357,00-0031381,D.Adams,0.464
00-0036264,2023,3,all,39,8,0.1795,0.1623,0.2625,5.57,0.2821,0.4872,00-0037816,R.Doubs,0.3227
00-0026158,2023,15,all,43,10,0.1931,0.1574,0.2927,5.18,0.3256,0.5116,00-0033885,D.Njoku,0.19
00-0030565,2023,8,all,36,7,0.2423,0.1851,0.3736,4.13,0.3889,0.6389,00-0035640,D.Metcalf,0.5591
00-0031345,2023,3,all,37,6,0.3104,0.2505,0.4481,3.22,0.4595,0.7297,00-0031381,D.Adams,0.531
00-0029604,2023,5,all,44,9,0.1529,0.1374,0.2252,6.54,0.2045,0.4091,00-0036345,K.Osborn,0.1626
00-0032156,2023,16,all,45,7,0.2691,0.2227,0.3681,3.72,0.3556,0.6889,00-0038120,Bre.Hall,0.0942
00-0035704,2023,15,all,32,9,0.1699,0.1464,0.2793,5.89,0.2812,0.4688,00-0032211,T.Lockett,0.4937
00-0039163,2023,11,all,37,8,0.2199,0.1819,0.3033,4.55,0.2973,0.5676,00-0036554,N.Collins,0.2359
00-0033275,2023,8,all,28,8,0.2423,0.1836,0.3777,4.13,0.3929,0.6071,00-0031544,A.Cooper,0.5252
00-0036264,2023,7,all,31,10,0.1259,0.1238,0.2009,7.94,0.1613,0.3226,00-0038124,C.Watson,0.1651
00-0034855,2023,15,all,27,7,0.2702,0.2044,0.4433,3.7,0.4444,0.6667,00-0033921,C.Godwin,0.4426
00-0035282,2023,17,all,31,7,0.1904,0.1675,0.2925,5.25,0.2581,0.4839,00-0035120,K.Doss,0.3286
00-0036971,2023,1,all,32,6,0.2246,0.1973,0.3301,4.45,0.3438,0.5625,00-0034837,C.Ridley,0.463
00-0035228,2023,16,trailing,31,8,0.153,0.1426,0.2446,6.54,0.2258,0.4194,00-0037744,T.McBride,0.2131
00-0037077,2023,10,all,42,11,0.1247,0.1156,0.1837,8.02,0.1905,0.3333,00-0035659,T.McLaurin,0.3333
00-0031280,2023,17,all,27,10,0.1468,0.1357,0.251,6.81,0.2222,0.4444,00-0036040,J.Johnson,0.3852
00-0036212,2023,1,trailing,36,8,0.1775,0.1512,0.2731,5.63,0.3056,0.4722,00-0033040,T.Hill,0.4195
00-0038102,2023,2,all,29,8,0.2057,0.1723,0.3555,4.86,0.3448,0.5517,00-0037247,G.Pickens,0.5965
00-0026498,2023,5,trailing,27,6,0.284,0.2154,0.4404,3.52,0.4074,0.7037,00-0033908,C.Kupp,0.5077
00-0029604,2023,8,all,26,7,0.2308,0.1952,0.3491,4.33,0.3077,0.5769,00-0038994,J.Addison,0.3657
00-0033873,2023,21,all,36,8,0.1975,0.1651,0.3072,5.06,0.3056,0.5556,00-0030506,T.Kelce,0.385
00-0037013,2023,9,trailing,28,11,0.1454,0.1173,0.2705,6.88,0.2857,0.4286,00-0037740,G.Wilson,0.5798
00-0029263,2023,10,all,29,10,0.1986,0.1439,0.3342,5.04,0.3793,0.5172,00-0034348,C.Sutton,0.68
00-0035289,2023,13,all,42,9,0.2063,0.1621,0.3379,4.85,0.381,0.5238,00-0036252,M.Pittman,0.355
00-0034796,2023,14,trailing,34,7,0.1938,0.1678,0.2856,5.16,0.2647,0.5294,00-0039064,Z.Flowers,0.2505
00-0036389,2023,19,all,25,5,0.264,0.2224,0.4272,3.79,0.4,0.64,00-0036912,D.Smith,0.621
00-0028986,2023,15,all,34,10,0.1817,0.1436,0.2735,5.5,0.3235,0.4706,00-0033591,N.Brown,0.4511
00-0036442,2023,2,all,39,6,0.2084,0.1887,0.2888,4.8,0.3077,0.5128,00-0036410,T.Higgins,0.5952
00-0034796,2023,9,all,25,9,0.2192,0.1552,0.3666,4.56,0.36,0.56,00-0034753,M.Andrews,0.2179
00-0038108,2023,14,all,26,7,0.2071,0.1775,0.3433,4.83,0.3077,0.5385,00-0033045,E.Elliott,-0.0604
00-0036355,2023,9,all,28,9,0.1964,0.1581,0.3242,5.09,0.3214,0.5714,00-0030279,K.Allen,0.482
00-0037013,2023,4,trailing,34,9,0.2111,0.1592,0.3616,4.74,0.3824,0.5588,00-0037740,G.Wilson,0.4115
00-0030565,2023,2,all,37,9,0.157,0.1351,0.2287,6.37,0.2703,0.4324,00-0032211,T.Lockett,0.3184
00-0028986,2023,15,trailing,26,10,0.1893,0.1508,0.3499,5.28,0.3462,0.5385,00-0033591,N.Brown,0.4452
00-0033106,2023,19,all,26,6,0.2367,0.2041,0.3788,4.23,0.3462,0.6154,00-0036963,A.St. Brown,0.4565
00-0037013,2023,6,all,34,10,0.1886,0.1487,0.3288,5.3,0.3529,0.5,00-0037740,G.Wilson,0.4942
00-0036945,2023,2,trailing,26,6,0.2189,0.1982,0.3433,4.57,0.2692,0.5385,00-0036326,C.Claypool,0.2959
00-0031345,2023,5,all,29,9,0.1914,0.1486,0.332,5.22,0.3448,0.5172,00-0034960,J.Meyers,0.6093
00-0038579,2023,4,trailing,34,6,0.2457,0.1989,0.3547,4.07,0.3529,0.6471,00-0031381,D.Adams,0.5726
00-0035282,2023,16,all,32,9,0.1758,0.1504,0.2715,5.69,0.25,0.5,00-0033895,G.Everett,0.0984
00-0037834,2023,17,all,25,6,0.2224,0.1968,0.3697,4.5,0.32,0.56,00-0036261,B.Aiyuk,0.5739
00-0035228,2023,10,all,32,8,0.1992,0.1699,0.295,5.02,0.2812,0.5312,00-0037744,T.McBride,0.2665
00-0034796,2023,12,all,30,8,0.1778,0.1577,0.2867,5.62,0.2667,0.4667,00-0039064,Z.Flowers,0.2054
00-0036442,2023,9,all,39,8,0.1506,0.1439,0.2295,6.64,0.2051,0.4103,00-0036410,T.Higgins,0.2774
00-0039163,2023,2,all,27,5,0.2263,0.2126,0.3361,4.42,0.2963,0.5185,00-0038977,N.Dell,0.2609
00-0036972,2023,7,all,30,10,0.1578,0.1333,0.2601,6.34,0.2333,0.4333,00-0033307,K.Bourne,0.13
00-0026498,2023,14,all,40,6,0.215,0.1974,0.2913,4.65,0.275,0.525,00-0033908,C.Kupp,0.2033
00-0033077,2023,14,all,31,8,0.1967,0.1716,0.3071,5.08,0.2903,0.5484,00-0036358,C.Lamb,0.467
00-0034796,2023,3,all,30,8,0.1867,0.1511,0.3334,5.36,0.3333,0.5,00-0039064,Z.Flowers,0.2021
00-0038579,2023,12,all,27,8,0.1824,0.1632,0.3086,5.48,0.2593,0.4815,00-0031381,D.Adams,0.5203
00-0033873,2023,1,all,37,12,0.1015,0.103,0.1644,9.85,0.1351,0.2703,00-0036913,K.Toney,0.1195
00-0033106,2023,11,all,30,8,0.1978,0.1644,0.3289,5.06,0.3333,0.5333,00-0036963,A.St. Brown,0.2591
00-0034857,2023,14,all,36,10,0.1806,0.148,0.2809,5.54,0.3056,0.5278,00-0031588,S.Diggs,0.3258
00-0026625,2023,7,all,27,5,0.284,0.2401,0.4322,3.52,0.3704,0.7037,00-0034960,J.Meyers,0.4574
00-0037834,2023,21,all,30,6,0.2133,0.1866,0.3313,4.69,0.3,0.5667,00-0035719,D.Samuel,0.1408
00-0036389,2023,3,all,29,7,0.2271,0.1724,0.3889,4.4,0.3793,0.5862,00-0035676,A.Brown,0.3953
00-0033319,2023,16,all,35,8,0.1722,0.1527,0.2589,5.81,0.2857,0.4857,00-0036322,J.Jefferson,0.4213
00-0033106,2023,18,all,27,8,0.2318,0.1879,0.4049,4.31,0.3704,0.6296,00-0036963,A.St. Brown,0.5328
00-0036212,2023,11,all,36,9,0.1821,0.145,0.2994,5.49,0.3056,0.5278,00-0033040,T.Hill,0.4187
00-0038583,2023,11,all,41,7,0.2243,0.1873,0.3374,4.46,0.3659,0.561,00-0033885,D.Njoku,0.3767
00-0033106,2023,12,all,26,9,0.1746,0.1391,0.2961,5.73,0.3077,0.5,00-0036963,A.St. Brown,0.4444
00-0039150,2023,1,all,25,8,0.1776,0.1551,0.2898,5.63,0.24,0.48,00-0036955,T.Marshall,0.446
00-0038102,2023,5,all,32,8,0.2109,0.1777,0.3303,4.74,0.3125,0.5938,00-0037247,G.Pickens,0.6533
00-0034771,2023,19,all,28,7,0.2347,0.1836,0.3726,4.26,0.3571,0.5714,00-0037247,G.Pickens,0.5463
00-0036355,2023,10,all,40,8,0.1987,0.165,0.3038,5.03,0.35,0.525,00-0030279,K.Allen,0.5165
00-0030565,2023,11,all,32,10,0.1699,0.1405,0.2696,5.89,0.2812,0.4688,00-0035640,D.Metcalf,0.5556
00-0039150,2023,16,trailing,26,8,0.1923,0.1598,0.2991,5.2,0.2692,0.5,00-0034777,D.Chark,0.4069
00-0037077,2023,4,all,39,9,0.1795,0.1518,0.2598,5.57,0.2564,0.4872,00-0035659,T.McLaurin,0.3324
00-0026498,2023,3,all,31,6,0.2092,0.1925,0.3049,4.78,0.2903,0.5161,00-0036849,T.Atwell,0.3929
00-0037834,2023,20,trailing,30,7,0.2178,0.1844,0.3536,4.59,0.3333,0.5667,00-0033280,C.McCaffrey,0.0928
00-0038122,2023,13,all,25,7,0.2064,0.1744,0.3282,4.84,0.32,0.52,00-0036970,K.Pitts,0.4093
00-0029604,2023,1,all,44,8,0.1715,0.1498,0.2542,5.83,0.2727,0.4773,00-0036322,J.Jefferson,0.3859
00-0039163,2023,8,all,25,7,0.1904,0.168,0.3059,5.25,0.24,0.48,00-0036554,N.Collins,0.5419
00-0038122,2023,14,trailing,36,7,0.1975,0.1743,0.3026,5.06,0.3056,0.5,00-0037238,D.London,0.459
00-0033869,2023,14,all,35,8,0.1608,0.1493,0.2377,6.22,0.2286,0.4286,00-0036894,P.Freiermuth,0.2128
00-0037834,2023,12,all,28,8,0.2015,0.1735,0.3246,4.96,0.3214,0.5357,00-0035719,D.Samuel,0.3133
00-0033949,2023,4,trailing,28,9,0.1709,0.1429,0.2962,5.85,0.2857,0.5,00-0035662,M.Brown,0.5328
00-0026158,2023,13,trailing,33,9,0.1864,0.1497,0.3132,5.36,0.3333,0.4848,00-0036980,E.Moore,0.5947
00-0037013,2023,10,all,36,9,0.2207,0.1682,0.3488,4.53,0.3889,0.5833,00-0037740,G.Wilson,0.3868
00-0030565,2023,17,all,33,8,0.1589,0.1478,0.2379,6.29,0.2424,0.4242,00-0035640,D.Metcalf,0.3422
00-0036945,2023,15,all,35,7,0.1886,0.1722,0.272,5.3,0.2286,0.4571,00-0036309,D.Mooney,0.3314
00-0035704,2023,15,trailing,32,9,0.1699,0.1465,0.2874,5.89,0.2812,0.4688,00-0032211,T.Lockett,0.4937
00-0036971,2023,12,all,37,7,0.1629,0.1556,0.2316,6.14,0.2162,0.4054,00-0033881,E.Engram,0.1771
00-0033077,2023,18,all,30,7,0.2356,0.1864,0.396,4.25,0.4,0.5667,00-0036358,C.Lamb,0.3377
00-0033106,2023,17,all,32,8,0.2305,0.1797,0.3798,4.34,0.375,0.625,00-0039065,S.LaPorta,0.3527
00-0026158,2023,16,all,34,9,0.2232,0.1747,0.3566,4.48,0.3529,0.6176,00-0031544,A.Cooper,0.5918
00-0036442,2023,8,all,32,8,0.2148,0.1718,0.35,4.65,0.375,0.5625,00-0036900,J.Chase,0.3978
00-0039163,2023,5,all,32,8,0.2148,0.1796,0.3301,4.65,0.3125,0.5938,00-0034383,D.Schultz,0.2914
00-0036971,2023,2,all,40,7,0.2288,0.1962,0.3264,4.37,0.35,0.55,00-0034775,C.Kirk,0.2962
00-0034855,2023,11,trailing,35,8,0.1771,0.1592,0.2671,5.65,0.2571,0.4571,00-0031408,M.Evans,0.5259
00-0028118,2023,7,all,27,8,0.1797,0.155,0.3008,5.56,0.2963,0.4815,00-0031610,D.Waller,0.2621
00-0036945,2023,17,all,28,7,0.2526,0.1938,0.4464,3.96,0.4286,0.6071,00-0034827,D.Moore,0.5945
00-0030565,2023,16,all,36,8,0.1852,0.159,0.2934,5.4,0.3056,0.5,00-0032211,T.Lockett,0.4957
00-0034771,2023,19,trailing,25,6,0.2448,0.2095,0.3922,4.08,0.36,0.6,00-0037247,G.Pickens,0.5699
00-0039152,2023,12,all,27,8,0.1495,0.144,0.2511,6.69,0.1852,0.3704,00-0030564,D.Hopkins,0.2931
00-0033873,2023,14,all,39,9,0.1729,0.1479,0.2742,5.78,0.2564,0.5128,00-0039067,R.Rice,0.1747
00-0033949,2023,1,all,30,7,0.2,0.1754,0.3312,5.0,0.3333,0.5,00-0030061,Z.Ertz,0.3011
00-0036212,2023,12,all,28,6,0.2908,0.2219,0.4494,3.44,0.4286,0.7143,00-0033040,T.Hill,0.3014
00-0033275,2023,6,all,33,10,0.1478,0.1258,0.2324,6.76,0.2424,0.4545,00-0031544,A.Cooper,0.4211
00-0029263,2023,4,all,26,11,0.1243,0.1183,0.2161,8.05,0.1923,0.3846,00-0034348,C.Sutton,0.2667
00-0038579,2023,17,all,40,6,0.2875,0.23,0.4142,3.48,0.45,0.675,00-0031381,D.Adams,0.5549
00-0035289,2023,14,all,27,9,0.177,0.144,0.2981,5.65,0.3333,0.4815,00-0036252,M.Pittman,0.2573
00-0034857,2023,18,all,36,9,0.1543,0.1389,0.2485,6.48,0.2222,0.4444,00-0038933,D.Kincaid,0.1676
00-0031280,2023,12,all,30,8,0.1844,0.1644,0.3,5.42,0.3,0.4667,00-0037239,C.Olave,0.4859
00-0033077,2023,12,all,29,9,0.1677,0.1486,0.2724,5.96,0.2759,0.4828,00-0036358,C.Lamb,0.3584
00-0038122,2023,6,trailing,40,11,0.1513,0.1213,0.2452,6.61,0.275,0.45,00-0037238,D.London,0.3306
00-0038108,2023,18,all,25,7,0.1648,0.1584,0.2546,6.07,0.24,0.4,00-0038621,D.Douglas,0.1577
00-0039152,2023,13,all,33,8,0.2158,0.1717,0.3501,4.63,0.3636,0.5455,00-0030564,D.Hopkins,0.628
00-0035100,2023,16,trailing,33,10,0.1607,0.1387,0.2764,6.22,0.2424,0.4545,00-0036410,T.Higgins,0.4089
00-0031280,2023,6,trailing,40,7,0.1712,0.1649,0.2314,5.84,0.225,0.4,00-0037239,C.Olave,0.2719
00-0036945,2023,4,all,31,8,0.2008,0.1738,0.3341,4.98,0.2903,0.5484,00-0034827,D.Moore,0.5127
00-0037013,2023,6,trailing,30,10,0.18,0.1378,0.3334,5.56,0.3333,0.5,00-0037740,G.Wilson,0.4855
00-0038416,2023,9,all,26,8,0.2012,0.1656,0.3344,4.97,0.3077,0.5385,00-0036290,C.Kmet,0.2398
00-0036971,2023,4,all,29,7,0.2556,0.1962,0.4058,3.91,0.4138,0.6552,00-0034775,C.Kirk,0.4854
00-0029263,2023,11,trailing,27,8,0.1632,0.1495,0.2596,6.13,0.2222,0.4444,00-0036407,J.Jeudy,0.2806
00-0035228,2023,17,trailing,25,8,0.1776,0.1518,0.2865,5.63,0.24,0.48,00-0035500,G.Dortch,0.3023
00-0034855,2023,18,all,30,8,0.1822,0.16,0.2778,5.49,0.2667,0.4667,00-0031408,M.Evans,0.5087
00-0036971,2023,18,all,40,6,0.2288,0.1988,0.3113,4.37,0.3,0.55,00-0033881,E.Engram,0.1972
00-0037077,2023,1,all,29,7,0.1938,0.1772,0.3182,5.16,0.2759,0.5172,00-0031260,L.Thomas,0.226
00-0036264,2023,1,all,25,8,0.1456,0.1423,0.2449,6.87,0.2,0.36,00-0037816,R.Doubs,0.1144
00-0031800,2023,16,all,30,9,0.1644,0.14,0.2778,6.08,0.2667,0.4667,00-0038542,B.Robinson,0.0267
00-0037077,2023,5,all,35,7,0.1755,0.1624,0.2638,5.7,0.2857,0.4571,00-0031260,L.Thomas,0.1526
00-0036264,2023,15,trailing,27,9,0.166,0.1413,0.2787,6.02,0.2593,0.4815,00-0039146,J.Reed,0.3011
00-0031280,2023,2,all,33,8,0.2158,0.1642,0.3427,4.63,0.3333,0.6061,00-0037239,C.Olave,0.5037
00-0036971,2023,14,all,43,6,0.245,0.2093,0.3143,4.08,0.3023,0.5814,00-0033891,Z.Jones,0.4369
00-0039163,2023,9,trailing,33,7,0.2287,0.1864,0.3574,4.37,0.3333,0.6061,00-0038977,N.Dell,0.5994
00-0034855,2023,20,trailing,25,7,0.1904,0.1648,0.3122,5.25,0.28,0.52,00-0031408,M.Evans,0.6
00-0029701,2023,5,all,30,7,0.2111,0.1733,0.3122,4.74,0.3,0.5667,00-0030564,D.Hopkins,0.6174
00-0031280,2023,9,all,31,9,0.1571,0.1384,0.2613,6.36,0.2581,0.4194,00-0037239,C.Olave,0.5246
00-0034855,2023,12,all,29,8,0.1962,0.1677,0.3127,5.1,0.3103,0.5172,00-0031408,M.Evans,0.5789
00-0033873,2023,3,all,32,11,0.1309,0.121,0.2367,7.64,0.25,0.375,00-0030506,T.Kelce,0.2477
00-0037834,2023,14,all,25,6,0.2896,0.2448,0.4216,3.45,0.36,0.72,00-0035719,D.Samuel,0.2653
00-0035100,2023,15,trailing,31,12,0.1113,0.1072,0.2008,8.98,0.1935,0.3226,00-0036410,T.Higgins,0.4795
00-0036442,2023,2,trailing,39,6,0.2084,0.1886,0.2903,4.8,0.3077,0.5128,00-0036410,T.Higgins,0.5952
00-0034857,2023,5,trailing,33,9,0.1882,0.1551,0.3023,5.31,0.303,0.5152,00-0031588,S.Diggs,0.51
00-0030565,2023,16,trailing,31,8,0.2008,0.1675,0.3257,4.98,0.3226,0.5484,00-0032211,T.Lockett,0.5472
00-0036264,2023,15,all,31,9,0.1655,0.1467,0.2841,6.04,0.2581,0.4839,00-0039146,J.Reed,0.3169
00-0036355,2023,11,all,36,7,0.2685,0.2068,0.417,3.72,0.4444,0.6111,00-0030279,K.Allen,0.448
00-0036212,2023,18,all,27,8,0.2757,0.1824,0.489,3.63,0.4815,0.5926,00-0033040,T.Hill,0.6417
00-0034855,2023,4,all,27,8,0.2044,0.1632,0.3667,4.89,0.3704,0.5185,00-0033921,C.Godwin,0.5541
00-0035264,2023,17,all,28,9,0.1352,0.1276,0.2399,7.4,0.2143,0.3929,00-0037382,B.Johnson,0.1842
00-0033537,2023,1,all,27,8,0.1824,0.1577,0.3115,5.48,0.2593,0.5185,00-0031544,A.Cooper,0.3754
00-0034855,2023,19,all,29,8,0.1914,0.1534,0.3414,5.22,0.3448,0.5172,00-0038129,C.Otton,0.2107
00-0034857,2023,5,all,35,9,0.1902,0.1576,0.3113,5.26,0.3143,0.5143,00-0031588,S.Diggs,0.5127
00-0034857,2023,1,all,39,8,0.1821,0.1532,0.3084,5.49,0.3333,0.4872,00-0031588,S.Diggs,0.4272
00-0026498,2023,19,trailing,34,9,0.2024,0.1644,0.3081,4.94,0.2941,0.5588,00-0039075,P.Nacua,0.3019
00-0031280,2023,1,all,33,7,0.2121,0.1864,0.3154,4.71,0.303,0.5455,00-0037239,C.Olave,0.3413
00-0033106,2023,1,all,32,7,0.1953,0.1738,0.2871,5.12,0.2812,0.5,00-0036963,A.St. Brown,0.2765
00-0037834,2023,7,all,29,6,0.22,0.1938,0.3324,4.55,0.3103,0.5517,00-0036259,J.Jennings,0.2905
00-0030565,2023,3,all,34,9,0.154,0.1384,0.2371,6.49,0.2353,0.4412,00-0035640,D.Metcalf,0.396
00-0034869,2023,18,all,25,8,0.1648,0.1519,0.2672,6.07,0.24,0.44,00-0032128,C.Conley,0.2937
00-0037077,2023,18,all,25,9,0.1488,0.1392,0.28,6.72,0.24,0.4,00-0035659,T.McLaurin,0.425
00-0036389,2023,8,all,35,8,0.1673,0.1494,0.2539,5.98,0.2286,0.4286,00-0035676,A.Brown,0.3852
00-0027973,2023,3,all,46,10,0.1654,0.1399,0.2325,6.05,0.2609,0.4565,00-0030035,A.Thielen,0.3005
00-0035289,2023,8,all,32,9,0.2109,0.1582,0.3341,4.74,0.3438,0.5938,00-0036252,M.Pittman,0.2436
00-0036389,2023,12,all,28,8,0.2168,0.1811,0.3421,4.61,0.3214,0.6071,00-0035676,A.Brown,0.2398
00-0033077,2023,16,trailing,25,10,0.184,0.1392,0.3121,5.43,0.28,0.56,00-0038041,J.Ferguson,0.0698
00-0038102,2023,1,all,31,9,0.1342,0.1301,0.2196,7.45,0.1935,0.3548,00-0035216,D.Johnson,0.3482
00-0036972,2023,2,all,38,8,0.1607,0.1537,0.2355,6.22,0.2105,0.3947,00-0033307,K.Bourne,0.4331
00-0026498,2023,15,all,27,6,0.2071,0.1879,0.3004,4.83,0.2593,0.4815,00-0033908,C.Kupp,0.4561
00-0033873,2023,22,all,42,9,0.1519,0.1338,0.2347,6.58,0.2381,0.4286,00-0030506,T.Kelce,0.1776
00-0037077,2023,5,trailing,35,7,0.1755,0.1591,0.2756,5.7,0.2857,0.4571,00-0031260,L.Thomas,0.1526
00-0039164,2023,1,all,36,9,0.1605,0.1404,0.247,6.23,0.25,0.4167,00-0036252,M.Pittman,0.3239
00-0037834,2023,3,all,30,6,0.2244,0.1932,0.34,4.46,0.3333,0.6,00-0035719,D.Samuel,0.3279
00-0036264,2023,7,trailing,31,10,0.1259,0.1217,0.2112,7.94,0.1613,0.3226,00-0039144,L.Musgrave,0.0849
00-0036389,2023,4,all,34,6,0.2509,0.211,0.3634,3.99,0.3824,0.6471,00-0035676,A.Brown,0.5824
00-0033873,2023,17,all,28,7,0.1735,0.1633,0.2811,5.76,0.25,0.4643,00-0037197,I.Pacheco,-0.0382
00-0034855,2023,9,all,30,7,0.1956,0.1711,0.3093,5.11,0.3,0.5,00-0038129,C.Otton,0.2765
00-0035710,2023,3,all,25,8,0.1744,0.152,0.2961,5.73,0.24,0.48,00-0035639,P.Campbell,0.1124
00-0030565,2023,18,all,27,8,0.1605,0.1495,0.2593,6.23,0.2222,0.4074,00-0035640,D.Metcalf,0.2893
00-0033106,2023,21,all,34,7,0.2284,0.1884,0.3427,4.38,0.3235,0.6176,00-0039065,S.LaPorta,0.2934
00-0035289,2023,3,trailing,25,8,0.2064,0.1711,0.341,4.84,0.32,0.56,00-0036252,M.Pittman,0.0538
00-0034857,2023,11,all,28,7,0.1837,0.1633,0.3062,5.44,0.25,0.5,00-0031588,S.Diggs,0.2457
00-0038579,2023,11,all,38,8,0.205,0.1773,0.3082,4.88,0.3421,0.5263,00-0031381,D.Adams,0.4632
00-0038122,2023,18,all,27,8,0.1934,0.1605,0.3471,5.17,0.2963,0.5556,00-0038542,B.Robinson,-0.0523
00-0039152,2023,14,all,28,7,0.2092,0.1684,0.332,4.78,0.3571,0.5357,00-0030564,D.Hopkins,0.5724
00-0036972,2023,2,trailing,34,8,0.1765,0.1557,0.2527,5.67,0.2353,0.4412,00-0033307,K.Bourne,0.4304
00-0034796,2023,7,all,25,9,0.1744,0.1456,0.2932,5.73,0.24,0.48,00-0034753,M.Andrews,0.1884
00-0034855,2023,7,trailing,27,8,0.2099,0.1796,0.3336,4.76,0.3333,0.5556,00-0033921,C.Godwin,0.308
00-0033106,2023,11,trailing,28,8,0.2117,0.1658,0.3649,4.72,0.3571,0.5714,00-0036963,A.St. Brown,0.2674
00-0030565,2023,13,all,38,8,0.1925,0.1676,0.3006,5.19,0.2895,0.5,00-0038543,J.Smith-Njigba,0.2008
00-0033106,2023,2,all,34,8,0.1851,0.1591,0.2821,5.4,0.2647,0.4706,00-0039139,J.Gibbs,0.0957
00-0033873,2023,5,all,38,10,0.1551,0.1385,0.2521,6.45,0.2895,0.4474,00-0030506,T.Kelce,0.209
00-0036389,2023,8,trailing,31,7,0.1842,0.1654,0.2966,5.43,0.2581,0.4839,00-0035676,A.Brown,0.4031
00-0033077,2023,19,all,38,7,0.1967,0.1703,0.2995,5.08,0.3158,0.5,00-0036358,C.Lamb,0.2318
00-0033106,2023,10,all,32,7,0.1719,0.1582,0.2778,5.82,0.2812,0.4375,00-0036963,A.St. Brown,0.4672
00-0029604,2023,3,trailing,39,8,0.2097,0.1768,0.3176,4.77,0.3077,0.5641,00-0036322,J.Jefferson,0.4112
00-0035710,2023,2,all,35,7,0.1755,0.1657,0.2539,5.7,0.2286,0.4286,00-0031610,D.Waller,0.2184
00-0038122,2023,6,all,42,11,0.1508,0.1281,0.2302,6.63,0.2619,0.4524,00-0037238,D.London,0.3217
00-0033949,2023,7,all,28,8,0.1531,0.1454,0.2376,6.53,0.2143,0.3929,00-0037744,T.McBride,0.1793
00-0033106,2023,13,all,26,8,0.2219,0.1715,0.3669,4.51,0.3462,0.6154,00-0039065,S.LaPorta,0.4637
00-0039163,2023,1,trailing,26,8,0.2189,0.1746,0.3787,4.57,0.3077,0.6154,00-0030431,R.Woods,0.2698
00-0036389,2023,19,trailing,25,5,0.264,0.2191,0.4593,3.79,0.4,0.64,00-0036912,D.Smith,0.621
00-0036389,2023,5,all,34,7,0.1903,0.166,0.2872,5.25,0.2647,0.5,00-0034351,D.Goedert,0.2424
00-0035100,2023,13,all,35,8,0.2098,0.1689,0.316,4.77,0.3429,0.5429,00-0036900,J.Chase,0.4114
00-0033106,2023,4,all,25,7,0.1904,0.168,0.3028,5.25,0.24,0.48,00-0036963,A.St. Brown,0.3184
00-0033949,2023,2,all,27,8,0.2099,0.1605,0.3525,4.76,0.2963,0.5926,00-0030061,Z.Ertz,0.3874
00-0035289,2023,13,trailing,33,9,0.2323,0.1662,0.427,4.3,0.4242,0.5758,00-0036252,M.Pittman,0.2888
00-0037077,2023,12,all,31,7,0.2216,0.18,0.3574,4.51,0.3548,0.5806,00-0033282,C.Samuel,0.3509
00-0035100,2023,15,all,40,12,0.11,0.105,0.1776,9.09,0.2,0.325,00-0036410,T.Higgins,0.494
00-0033106,2023,7,all,30,7,0.2244,0.1799,0.3602,4.46,0.3667,0.6,00-0036963,A.St. Brown,0.3545
00-0036972,2023,1,trailing,55,9,0.126,0.122,0.1802,7.94,0.2,0.3273,00-0033307,K.Bourne,0.3201
00-0035228,2023,16,all,32,8,0.1484,0.1426,0.227,6.74,0.2188,0.4062,00-0037744,T.McBride,0.2097
00-0033319,2023,16,trailing,32,8,0.1875,0.1601,0.3223,5.33,0.3125,0.5312,00-0036322,J.Jefferson,0.4458
00-0034796,2023,16,all,32,9,0.2188,0.1659,0.3875,4.57,0.4062,0.5312,00-0039064,Z.Flowers,0.3144
00-0034857,2023,17,all,28,7,0.1811,0.1633,0.2959,5.52,0.25,0.5,00-0031588,S.Diggs,0.3253
00-0030565,2023,10,all,42,9,0.1791,0.153,0.2632,5.58,0.2857,0.5238,00-0035640,D.Metcalf,0.531
00-0036442,2023,5,all,39,6,0.286,0.2266,0.4098,3.5,0.4359,0.6923,00-0036900,J.Chase,0.4804
00-0036971,2023,5,all,37,8,0.179,0.157,0.252,5.59,0.2162,0.4324,00-0034775,C.Kirk,0.1871
00-0034857,2023,20,trailing,25,8,0.1808,0.1582,0.309,5.53,0.28,0.52,00-0037261,K.Shakir,0.2739
00-0029263,2023,14,all,26,9,0.142,0.1331,0.2456,7.04,0.2308,0.3846,00-0036407,J.Jeudy,0.8121
00-0039163,2023,3,all,28,9,0.1531,0.1352,0.25,6.53,0.25,0.4643,00-0038977,N.Dell,0.5887
00-0036264,2023,11,all,38,10,0.1233,0.1205,0.1898,8.11,0.1579,0.3158,00-0039144,L.Musgrave,0.1176
00-0034857,2023,8,all,34,6,0.2457,0.2197,0.3356,4.07,0.3235,0.6176,00-0036196,G.Davis,0.3538
00-0033077,2023,9,all,44,9,0.218,0.1756,0.3275,4.59,0.3636,0.5909,00-0036358,C.Lamb,0.5571
00-0037834,2023,8,trailing,25,5,0.2928,0.2478,0.4401,3.42,0.36,0.68,00-0036261,B.Aiyuk,0.5865
00-0026158,2023,19,trailing,30,7,0.2089,0.1756,0.3424,4.79,0.3333,0.5333,00-0033885,D.Njoku,0.5117
00-0034857,2023,12,all,49,7,0.1703,0.1562,0.2447,5.87,0.2449,0.4694,00-0036196,G.Davis,0.4479
00-0039163,2023,2,trailing,27,5,0.2263,0.2126,0.3282,4.42,0.2963,0.5185,00-0038977,N.Dell,0.2609
00-0036264,2023,18,all,30,8,0.1689,0.1467,0.2713,5.92,0.2333,0.4667,00-0037091,B.Melton,0.2811
00-0031280,2023,7,trailing,51,6,0.2118,0.1903,0.2842,4.72,0.2941,0.5686,00-0033906,A.Kamara,0.0205
00-0033873,2023,11,all,39,10,0.1703,0.1321,0.2558,5.87,0.2821,0.5128,00-0034386,Ju.Watson,0.4092
00-0033275,2023,7,all,30,7,0.2178,0.1888,0.3334,4.59,0.3,0.5667,00-0033885,D.Njoku,0.1045
00-0039163,2023,17,all,28,9,0.1556,0.1327,0.2857,6.43,0.2857,0.4286,00-0036554,N.Collins,0.3472
00-0033537,2023,2,trailing,25,8,0.1808,0.1552,0.3316,5.53,0.28,0.52,00-0036980,E.Moore,0.3889
00-0036212,2023,3,all,25,7,0.2896,0.2224,0.4593,3.45,0.44,0.72,00-0033040,T.Hill,0.8289
00-0033319,2023,18,trailing,37,9,0.2082,0.1614,0.3558,4.8,0.3784,0.5405,00-0036322,J.Jefferson,0.5559
00-0037077,2023,7,trailing,31,7,0.205,0.1862,0.3278,4.88,0.2903,0.5161,00-0035659,T.McLaurin,0.4323
00-0033949,2023,4,all,30,9,0.1778,0.1444,0.3002,5.62,0.3,0.5,00-0035662,M.Brown,0.5212
00-0038583,2023,12,trailing,25,7,0.1872,0.1712,0.309,5.34,0.28,0.48,00-0033885,D.Njoku,0.3368
00-0039150,2023,16,all,29,8,0.1938,0.17,0.2771,5.16,0.2414,0.4828,00-0030035,A.Thielen,0.3019
00-0036264,2023,8,trailing,30,7,0.1644,0.1578,0.2534,6.08,0.2,0.4,00-0037816,R.Doubs,0.1461
00-0035282,2023,18,all,45,10,0.1417,0.1298,0.1921,7.06,0.2222,0.4,00-0036988,J.Palmer,0.3407
00-0031280,2023,16,all,28,6,0.2602,0.2115,0.3904,3.84,0.3929,0.6429,00-0037239,C.Olave,0.3262
00-0035282,2023,18,trailing,36,9,0.1373,0.1327,0.1961,7.28,0.1944,0.3611,00-0033699,A.Ekeler,-0.0722
00-0034855,2023,11,all,37,9,0.1731,0.1527,0.2523,5.78,0.2703,0.4595,00-0031408,M.Evans,0.5135
00-0033077,2023,2,all,33,9,0.2103,0.1607,0.3243,4.76,0.3636,0.5758,00-0036358,C.Lamb,0.5125
00-0038122,2023,2,all,30,5,0.2067,0.2044,0.2779,4.84,0.2667,0.4667,00-0037238,D.London,0.2944
00-0031280,2023,4,all,33,7,0.2599,0.2047,0.4105,3.85,0.4242,0.6364,00-0033906,A.Kamara,-0.1031
00-0033275,2023,6,trailing,26,8,0.1775,0.1626,0.2962,5.63,0.2692,0.5,00-0031544,A.Cooper,0.4545
00-0033949,2023,11,all,29,7,0.1677,0.1605,0.2557,5.96,0.2414,0.4483,00-0035229,T.Hockenson,0.3026
00-0038476,2023,11,all,26,8,0.145,0.142,0.2368,6.9,0.1923,0.3846,00-0034844,S.Barkley,0.2049
00-0029263,2023,11,all,32,8,0.1621,0.1504,0.25,6.17,0.2188,0.4375,00-0036407,J.Jeudy,0.2857
00-0034855,2023,14,all,29,8,0.2295,0.1771,0.3699,4.36,0.3793,0.5862,00-0033921,C.Godwin,0.5018
00-0036972,2023,6,trailing,31,9,0.1988,0.1508,0.3426,5.03,0.3548,0.5484,00-0033307,K.Bourne,0.1287
00-0028118,2023,6,all,31,6,0.1988,0.1883,0.2862,5.03,0.2581,0.4839,00-0038117,W.Robinson,0.1645
00-0035100,2023,17,all,28,9,0.176,0.1556,0.2781,5.68,0.25,0.5,00-0036900,J.Chase,0.5192
00-0036212,2023,16,all,36,9,0.2145,0.1636,0.3256,4.66,0.3889,0.5278,00-0033040,T.Hill,0.4622
00-0039150,2023,8,trailing,26,8,0.2396,0.1746,0.4235,4.17,0.4231,0.5769,00-0030035,A.Thielen,0.2938
00-0033537,2023,9,all,26,8,0.1775,0.1538,0.3077,5.63,0.2692,0.5,00-0037267,J.Ford,0.0061
00-0039164,2023,1,trailing,27,9,0.177,0.1495,0.3143,5.65,0.2963,0.4815,00-0036252,M.Pittman,0.3978
00-0034857,2023,6,all,28,6,0.3827,0.2882,0.5793,2.61,0.5714,0.75,00-0031588,S.Diggs,0.715
00-0038579,2023,15,all,30,8,0.1778,0.1556,0.3045,5.63,0.3,0.4667,00-0031381,D.Adams,0.2829
00-0036212,2023,1,all,44,8,0.189,0.1508,0.2851,5.29,0.3409,0.5,00-0033040,T.Hill,0.454
00-0036389,2023,16,all,34,8,0.2024,0.1625,0.2995,4.94,0.3235,0.5588,00-0035676,A.Brown,0.5591
00-0039163,2023,12,all,36,10,0.1682,0.1389,0.2578,5.94,0.25,0.4722,00-0036554,N.Collins,0.2812
00-0030565,2023,6,all,37,10,0.157,0.1366,0.2419,6.37,0.2432,0.4595,00-0035640,D.Metcalf,0.4261
00-0034796,2023,21,all,34,9,0.1574,0.1367,0.2543,6.35,0.2353,0.4412,00-0039064,Z.Flowers,0.2635
00-0033077,2023,3,all,37,9,0.1585,0.1439,0.2257,6.31,0.1892,0.3784,00-0038041,J.Ferguson,0.1534
00-0031280,2023,8,all,27,8,0.2099,0.177,0.3388,4.76,0.3333,0.5556,00-0037239,C.Olave,0.512
00-0034855,2023,1,all,32,8,0.1758,0.1503,0.2969,5.69,0.3125,0.5,00-0031408,M.Evans,0.5
00-0035289,2023,6,all,33,7,0.1827,0.1717,0.2894,5.47,0.2727,0.4545,00-0036252,M.Pittman,0.5876
00-0036355,2023,3,all,47,8,0.2485,0.1923,0.366,4.02,0.4255,0.5745,00-0030279,K.Allen,0.3887
00-0033873,2023,8,all,31,11,0.1197,0.1113,0.2112,8.36,0.2258,0.3548,00-0030506,T.Kelce,0.1845
00-0033873,2023,12,all,28,6,0.2372,0.1964,0.3446,4.22,0.3571,0.6071,00-0039067,R.Rice,0.2966
00-0026498,2023,11,all,29,7,0.1867,0.1652,0.3009,5.36,0.2414,0.4828,00-0035664,D.Henderson,0.0658
00-0036264,2023,13,all,35,10,0.1559,0.1378,0.2345,6.41,0.2571,0.4286,00-0038124,C.Watson,0.2921
00-0033077,2023,4,all,31,9,0.1571,0.1425,0.2466,6.36,0.2258,0.4194,00-0038041,J.Ferguson,0.2708
00-0034857,2023,7,all,39,9,0.1795,0.1491,0.2873,5.57,0.3077,0.5128,00-0031588,S.Diggs,0.5093
00-0036355,2023,10,trailing,38,8,0.1925,0.1592,0.2966,5.19,0.3421,0.5,00-0030279,K.Allen,0.4921
00-0029263,2023,3,all,30,9,0.1822,0.1554,0.2848,5.49,0.3333,0.5,00-0034348,C.Sutton,0.2977
00-0034796,2023,6,all,27,8,0.1632,0.1521,0.2814,6.13,0.2593,0.4444,00-0039064,Z.Flowers,0.2765
00-0036264,2023,2,all,25,9,0.1744,0.1424,0.3216,5.73,0.32,0.48,00-0039146,J.Reed,0.276
00-0035228,2023,18,all,29,7,0.1629,0.1558,0.2559,6.14,0.2069,0.4138,00-0038559,Mi.Wilson,0.4
00-0039163,2023,13,all,27,8,0.2346,0.1796,0.3918,4.26,0.4074,0.5926,00-0036554,N.Collins,0.5054
00-0039150,2023,4,all,31,8,0.205,0.1717,0.3341,4.88,0.3226,0.5806,00-0036955,T.Marshall,0.19
00-0036945,2023,14,all,26,8,0.2041,0.1745,0.3433,4.9,0.3077,0.5385,00-0034827,D.Moore,0.337
00-0034855,2023,10,all,27,7,0.2291,0.1824,0.369,4.37,0.3704,0.5926,00-0031408,M.Evans,0.5638
00-0039163,2023,9,all,39,7,0.2202,0.1794,0.3202,4.54,0.3077,0.5897,00-0038977,N.Dell,0.5337
00-0033873,2023,4,all,29,10,0.1653,0.1391,0.2772,6.05,0.3103,0.4828,00-0030506,T.Kelce,0.2727
00-0029263,2023,16,all,33,10,0.1295,0.124,0.2067,7.72,0.1818,0.3333,00-0037382,B.Johnson,0.355
00-0033106,2023,12,trailing,26,9,0.1746,0.1391,0.2872,5.73,0.3077,0.5,00-0036963,A.St. Brown,0.4444
00-0034857,2023,10,all,26,7,0.1893,0.1656,0.305,5.28,0.2692,0.5,00-0036196,G.Davis,0.4633
00-0033077,2023,16,all,32,11,0.1836,0.1425,0.3008,5.45,0.3125,0.5625,00-0036358,C.Lamb,0.4294
00-0033873,2023,22,trailing,39,9,0.1519,0.14,0.2255,6.58,0.2308,0.4103,00-0030506,T.Kelce,0.1853
00-0033077,2023,13,all,41,9,0.2421,0.1847,0.3612,4.13,0.4146,0.6098,00-0036358,C.Lamb,0.559
00-0035289,2023,15,all,26,9,0.1331,0.1302,0.2192,7.51,0.1923,0.3462,00-0036252,M.Pittman,0.3198
00-0039163,2023,10,all,37,8,0.2053,0.1629,0.3168,4.87,0.3514,0.5405,00-0038977,N.Dell,0.3868
00-0026498,2023,13,all,33,7,0.168,0.157,0.2673,5.95,0.2424,0.4545,00-0033908,C.Kupp,0.0973
00-0039152,2023,8,all,26,7,0.1627,0.1538,0.2782,6.15,0.2308,0.4231,00-0030564,D.Hopkins,0.4254
00-0038416,2023,10,all,32,8,0.1875,0.1621,0.2814,5.33,0.2812,0.5,00-0034827,D.Moore,0.4954
00-0033537,2023,3,all,28,6,0.199,0.1786,0.3062,5.03,0.2857,0.5357,00-0036980,E.Moore,0.0632
00-0036971,2023,16,all,30,7,0.1778,0.1622,0.2823,5.62,0.3,0.4667,00-0033881,E.Engram,0.2358
00-0036212,2023,17,all,32,10,0.1973,0.1425,0.3556,5.07,0.375,0.5,00-0033040,T.Hill,0.4207
00-0035100,2023,16,all,38,10,0.1468,0.1288,0.2286,6.81,0.2105,0.3947,00-0036410,T.Higgins,0.4049
00-0033949,2023,10,all,32,6,0.3008,0.2266,0.4438,3.32,0.4688,0.6875,00-0035229,T.Hockenson,0.536
00-0036442,2023,6,all,35,9,0.2131,0.1706,0.3375,4.69,0.3714,0.5714,00-0036900,J.Chase,0.6584
00-0036971,2023,3,all,27,9,0.1605,0.1495,0.2595,6.23,0.2222,0.4444,00-0034837,C.Ridley,0.5974
00-0039150,2023,8,all,31,9,0.1925,0.1488,0.3383,5.19,0.3548,0.5161,00-0030035,A.Thielen,0.2653
00-0039152,2023,15,all,26,7,0.2012,0.1656,0.3373,4.97,0.3462,0.5,00-0030564,D.Hopkins,0.5201
00-0037077,2023,2,all,34,10,0.1176,0.1107,0.1974,8.5,0.1765,0.3235,00-0035659,T.McLaurin,0.3841
00-0031345,2023,1,all,26,7,0.287,0.213,0.4349,3.48,0.3846,0.7308,00-0034960,J.Meyers,0.377
00-0036264,2023,3,trailing,36,8,0.1744,0.159,0.2717,5.73,0.2778,0.4722,00-0037816,R.Doubs,0.3317
00-0029604,2023,3,all,48,9,0.1832,0.158,0.2529,5.46,0.2708,0.5,00-0036322,J.Jefferson,0.4208
00-0037013,2023,3,all,28,8,0.1913,0.1633,0.3145,5.23,0.3214,0.5,00-0037740,G.Wilson,0.3063
00-0036442,2023,10,all,39,10,0.1755,0.1479,0.2676,5.7,0.3077,0.4872,00-0033009,T.Boyd,0.289
00-0033077,2023,9,trailing,32,8,0.2031,0.168,0.3128,4.92,0.3125,0.5625,00-0036358,C.Lamb,0.5108
00-0033873,2023,19,all,32,8,0.2578,0.1894,0.3735,3.88,0.375,0.6875,00-0039067,R.Rice,0.2839
00-0026498,2023,2,trailing,27,6,0.2565,0.2098,0.402,3.9,0.4074,0.6296,00-0039075,P.Nacua,0.4173
00-0037013,2023,9,all,30,11,0.1422,0.1244,0.2467,7.03,0.2667,0.4,00-0037740,G.Wilson,0.5215
00-0036355,2023,12,trailing,32,9,0.1855,0.1425,0.3224,5.39,0.3438,0.5,00-0030279,K.Allen,0.3651
00-0036264,2023,14,all,38,8,0.162,0.1453,0.2383,6.17,0.2632,0.4474,00-0039146,J.Reed,0.0362
00-0034796,2023,8,all,25,8,0.1808,0.1615,0.3058,5.53,0.28,0.48,00-0039064,Z.Flowers,0.16
00-0026158,2023,14,all,43,8,0.1942,0.1638,0.2918,5.15,0.3256,0.5116,00-0031544,A.Cooper,0.5104
00-0036971,2023,18,trailing,36,6,0.2253,0.1975,0.2979,4.44,0.2778,0.5278,00-0033881,E.Engram,0.2071
00-0036212,2023,7,all,30,7,0.2756,0.2043,0.4516,3.63,0.4667,0.6333,00-0033040,T.Hill,0.3865
00-0033949,2023,12,all,30,7,0.1978,0.1644,0.3133,5.06,0.3333,0.5333,00-0038994,J.Addison,0.6059
00-0038583,2023,12,all,27,7,0.1852,0.1687,0.3169,5.4,0.2593,0.4815,00-0033885,D.Njoku,0.3282
00-0026498,2023,5,all,30,6,0.2778,0.2243,0.4334,3.6,0.4,0.7,00-0033908,C.Kupp,0.515
00-0036971,2023,13,all,29,9,0.17,0.1533,0.2747,5.88,0.2414,0.4483,00-0034837,C.Ridley,0.4146
00-0034855,2023,2,all,32,7,0.1934,0.168,0.2874,5.17,0.25,0.5,00-0031408,M.Evans,0.4405
00-0027948,2023,18,all,29,8,0.2081,0.1628,0.3606,4.81,0.3793,0.5172,00-0035140,M.Hardman,0.4854
00-0033319,2023,18,all,40,9,0.1887,0.15,0.303,5.3,0.35,0.5,00-0036322,J.Jefferson,0.54
00-0026158,2023,17,all,27,7,0.177,0.1632,0.2841,5.65,0.2593,0.4815,00-0033885,D.Njoku,0.2606
00-0037834,2023,16,all,25,6,0.248,0.2159,0.3602,4.03,0.32,0.6,00-0035719,D.Samuel,0.2585
00-0026498,2023,11,trailing,28,7,0.1837,0.1684,0.314,5.44,0.25,0.4643,00-0039075,P.Nacua,0.4387
00-0034855,2023,20,all,31,7,0.2071,0.1758,0.3195,4.83,0.3226,0.5484,00-0031408,M.Evans,0.6481
00-0036971,2023,15,trailing,27,7,0.1824,0.1632,0.2927,5.48,0.2593,0.4815,00-0033891,Z.Jones,0.4667
00-0036264,2023,5,all,29,9,0.1748,0.1461,0.2961,5.72,0.2414,0.4828,00-0039144,L.Musgrave,0.037
00-0038122,2023,4,all,25,8,0.152,0.1454,0.2641,6.58,0.2,0.4,00-0038542,B.Robinson,-0.0386
00-0036212,2023,9,all,33,8,0.1809,0.157,0.2916,5.53,0.303,0.4848,00-0033040,T.Hill,0.2705
00-0026498,2023,7,all,28,6,0.2883,0.2143,0.4338,3.47,0.4286,0.7143,00-0039075,P.Nacua,0.5321
00-0036971,2023,15,all,31,7,0.1821,0.1634,0.2882,5.49,0.2581,0.4839,00-0033891,Z.Jones,0.4514
00-0036212,2023,14,all,33,8,0.1846,0.157,0.2856,5.42,0.2727,0.5152,00-0039040,D.Achane,0.2262
00-0026498,2023,12,all,28,8,0.1735,0.1531,0.3189,5.76,0.2857,0.4643,00-0039075,P.Nacua,0.3978
00-0037077,2023,11,all,39,11,0.1361,0.1203,0.2179,7.35,0.2051,0.4103,00-0031260,L.Thomas,0.2712
00-0033077,2023,6,all,30,6,0.24,0.2155,0.3534,4.17,0.3333,0.5667,00-0034764,M.Gallup,0.4302
00-0036355,2023,2,all,40,10,0.1988,0.1637,0.2976,5.03,0.325,0.575,00-0033536,M.Williams,0.3941
00-0039163,2023,18,all,26,7,0.2308,0.1893,0.3847,4.33,0.3462,0.6154,00-0036554,N.Collins,0.4559
00-0033106,2023,3,all,31,4,0.3174,0.2778,0.4195,3.15,0.3871,0.7419,00-0036963,A.St. Brown,0.3607
00-0034857,2023,9,all,31,8,0.2071,0.1675,0.3134,4.83,0.3226,0.5806,00-0038933,D.Kincaid,0.1818
00-0036264,2023,12,all,25,7,0.1904,0.1679,0.3313,5.25,0.28,0.52,00-0039146,J.Reed,0.1948
00-0026498,2023,1,all,34,7,0.2388,0.1902,0.3634,4.19,0.3824,0.6176,00-0039075,P.Nacua,0.2616
00-0034857,2023,19,all,30,9,0.1733,0.1444,0.3001,5.77,0.3,0.5,00-0031588,S.Diggs,0.3299
00-0031280,2023,6,all,45,7,0.1644,0.1565,0.2228,6.08,0.2222,0.4,00-0037239,C.Olave,0.3319
00-0033873,2023,16,all,35,9,0.1967,0.1608,0.3194,5.08,0.3429,0.5429,00-0039067,R.Rice,0.7097
00-0036389,2023,1,all,30,7,0.2511,0.1977,0.3869,3.98,0.3333,0.6667,00-0036912,D.Smith,0.3436
00-0033106,2023,5,all,26,8,0.1479,0.142,0.2575,6.76,0.2308,0.3846,00-0035685,D.Montgomery,0.0205
00-0033537,2023,10,trailing,29,8,0.2081,0.1723,0.3154,4.81,0.2759,0.5172,00-0031544,A.Cooper,0.3514
00-0033873,2023,2,all,39,12,0.119,0.111,0.1966,8.4,0.2308,0.359,00-0030506,T.Kelce,0.2087
00-0037013,2023,14,all,33,7,0.2507,0.2011,0.3723,3.99,0.3636,0.6364,00-0037740,G.Wilson,0.6276
00-0036212,2023,9,trailing,33,8,0.1809,0.1478,0.293,5.53,0.303,0.4848,00-0033040,T.Hill,0.2705
00-0036212,2023,4,all,27,8,0.1687,0.1467,0.2649,5.93,0.2222,0.4444,00-0034419,B.Berrios,0.2168
00-0036442,2023,3,all,46,9,0.1928,0.1522,0.2855,5.19,0.3261,0.5217,00-0036900,J.Chase,0.4437
00-0035289,2023,12,all,40,7,0.2462,0.2025,0.3502,4.06,0.325,0.65,00-0038997,J.Downs,0.2179
00-0038122,2023,14,all,40,8,0.185,0.1537,0.2688,5.41,0.3,0.475,00-0037238,D.London,0.4543
00-0039150,2023,13,trailing,25,7,0.2288,0.1807,0.3729,4.37,0.36,0.6,00-0039062,J.Mingo,0.2852
00-0028118,2023,17,trailing,33,9,0.1534,0.1405,0.2472,6.52,0.2121,0.4242,00-0038117,W.Robinson,0.0682
00-0039152,2023,9,all,37,9,0.1673,0.1454,0.267,5.98,0.2973,0.4595,00-0030564,D.Hopkins,0.3807
00-0033106,2023,8,all,32,7,0.209,0.1777,0.3204,4.79,0.2812,0.5625,00-0039065,S.LaPorta,0.3247
00-0033873,2023,15,all,30,10,0.1467,0.1222,0.2579,6.82,0.2667,0.4333,00-0039067,R.Rice,0.1789
00-0038102,2023,9,all,29,9,0.1748,0.1462,0.3105,5.72,0.3103,0.4828,00-0035216,D.Johnson,0.5102
00-0038579,2023,14,all,29,8,0.2081,0.1675,0.3632,4.81,0.3448,0.5517,00-0031381,D.Adams,0.5565
00-0035264,2023,18,all,25,9,0.1968,0.152,0.36,5.08,0.36,0.52,00-0036997,J.Williams,0.0178
00-0026498,2023,16,all,28,4,0.2883,0.2602,0.4006,3.47,0.3571,0.6786,00-0033908,C.Kupp,0.2101
00-0036264,2023,4,all,27,8,0.2071,0.1686,0.3912,4.83,0.3704,0.5185,00-0037816,R.Doubs,0.4431
00-0037013,2023,8,all,34,8,0.2543,0.2075,0.3687,3.93,0.3824,0.6471,00-0037740,G.Wilson,0.6189
00-0033537,2023,2,all,40,10,0.155,0.1324,0.25,6.45,0.25,0.475,00-0031544,A.Cooper,0.3443
00-0029604,2023,2,trailing,30,7,0.1822,0.1599,0.2778,5.49,0.3,0.4667,00-0036322,J.Jefferson,0.3829
00-0026498,2023,2,all,41,7,0.2385,0.2016,0.3444,4.19,0.3659,0.5854,00-0039075,P.Nacua,0.4072
00-0036442,2023,1,all,25,5,0.2224,0.2096,0.3376,4.5,0.32,0.52,00-0036410,T.Higgins,0.8436
00-0036971,2023,16,trailing,30,7,0.1778,0.1578,0.2756,5.62,0.3,0.4667,00-0033881,E.Engram,0.2358
00-0036264,2023,8,all,33,7,0.1515,0.1497,0.2305,6.6,0.1818,0.3636,00-0038124,C.Watson,0.3011
00-0037077,2023,8,all,47,10,0.158,0.1371,0.2268,6.33,0.234,0.4468,00-0035659,T.McLaurin,0.3167
00-0037013,2023,3,trailing,27,8,0.1824,0.1578,0.3143,5.48,0.2963,0.4815,00-0037740,G.Wilson,0.3148
00-0028118,2023,17,all,40,9,0.15,0.1387,0.2214,6.67,0.225,0.4,00-0038117,W.Robinson,0.0901
00-0033106,2023,15,all,28,8,0.1786,0.1582,0.2832,5.6,0.2857,0.5,00-0036963,A.St. Brown,0.2934
00-0036945,2023,12,all,32,7,0.252,0.1991,0.42,3.97,0.4062,0.625,00-0034827,D.Moore,0.6543
00-0026498,2023,17,all,34,6,0.2197,0.1972,0.3098,4.55,0.2941,0.5294,00-0032775,D.Robinson,0.5505
00-0037013,2023,4,all,39,10,0.19,0.1479,0.3032,5.26,0.359,0.5128,00-0037740,G.Wilson,0.4227
00-0033077,2023,19,trailing,38,7,0.1967,0.1689,0.3105,5.08,0.3158,0.5,00-0036358,C.Lamb,0.2318
00-0039732,2024,15,trailing,27,10,0.1523,0.1302,0.2925,6.57,0.2963,0.4074,00-0034348,C.Sutton,0.8496
00-0033077,2024,6,all,28,7,0.2449,0.1811,0.4414,4.08,0.4286,0.5714,00-0036358,C.Lamb,0.3607
00-0030565,2024,7,all,25,8,0.1744,0.1552,0.2802,5.73,0.24,0.44,00-0035640,D.Metcalf,0.3875
00-0034796,2024,10,all,32,9,0.168,0.1444,0.2619,5.95,0.25,0.4688,00-0036550,R.Bateman,0.3515
00-0027973,2024,4,trailing,25,7,0.1936,0.1775,0.3121,5.17,0.28,0.48,00-0035216,Di.Johnson,0.485
00-0034855,2024,14,all,26,7,0.1775,0.1656,0.3021,5.63,0.2308,0.4615,00-0039855,J.McMillan,0.278
00-0039918,2024,13,trailing,37,5,0.2783,0.23,0.4278,3.59,0.4324,0.6486,00-0034827,D.Moore,0.3863
00-0039910,2024,8,all,34,8,0.2076,0.1713,0.3116,4.82,0.3235,0.5588,00-0030061,Z.Ertz,0.2716
00-0033077,2024,3,trailing,34,12,0.1159,0.1021,0.1905,8.63,0.2059,0.3824,00-0038041,J.Ferguson,0.2059
00-0030565,2024,16,all,42,10,0.1746,0.1473,0.2473,5.73,0.2857,0.4762,00-0038543,J.Smith-Njigba,0.4785
00-0039910,2024,21,all,34,7,0.1903,0.1729,0.3029,5.25,0.2941,0.5,00-0030061,Z.Ertz,0.346
00-0033077,2024,4,all,26,7,0.213,0.1834,0.382,4.69,0.3077,0.5769,00-0036358,C.Lamb,0.375
00-0033662,2024,12,all,32,9,0.1992,0.1504,0.3733,5.02,0.375,0.5,00-0036358,C.Lamb,0.2124
00-0034855,2024,10,all,29,7,0.1867,0.1652,0.3176,5.36,0.2759,0.5172,00-0038129,C.Otton,0.2102
00-0030565,2024,16,trailing,39,10,0.1821,0.1453,0.2756,5.49,0.3077,0.4872,00-0038543,J.Smith-Njigba,0.4952
00-0035289,2024,1,all,26,8,0.1627,0.1479,0.2634,6.15,0.2308,0.4615,00-0039338,B.Bowers,0.2844
00-0038579,2024,16,all,37,7,0.2169,0.1862,0.3272,4.61,0.3514,0.5405,00-0039338,B.Bowers,0.1861
00-0033873,2024,11,trailing,26,11,0.1243,0.1183,0.213,8.05,0.1923,0.3462,00-0039894,X.Worthy,0.4839
00-0033077,2024,2,trailing,28,8,0.1454,0.1403,0.2374,6.88,0.2143,0.3929,00-0037666,J.Tolbert,0.4067
00-0036971,2024,3,all,31,7,0.1655,0.1571,0.2654,6.04,0.2258,0.4194,00-0039893,B.Thomas,0.2069
00-0039910,2024,12,all,30,9,0.1956,0.1554,0.3045,5.11,0.3333,0.5333,00-0033591,N.Brown,0.4268
00-0033873,2024,1,all,27,9,0.1797,0.144,0.3471,5.56,0.3333,0.4815,00-0039067,R.Rice,0.3
00-0036971,2024,8,all,30,8,0.1378,0.1356,0.2178,7.26,0.1667,0.3333,00-0038935,B.Strange,0.1027
00-0035228,2024,6,all,27,7,0.177,0.1632,0.3059,5.65,0.2593,0.4444,00-0037744,T.McBride,0.3297
00-0030565,2024,3,all,28,8,0.1735,0.1531,0.3066,5.76,0.2857,0.4643,00-0032211,T.Lockett,0.2882
00-0030565,2024,6,trailing,34,8,0.173,0.1557,0.2561,5.78,0.2353,0.4412,00-0035640,D.Metcalf,0.4825
00-0034796,2024,11,trailing,30,9,0.1578,0.14,0.2444,6.34,0.2333,0.4333,00-0034975,J.Hill,0.0425
00-0039732,2024,3,all,32,9,0.1895,0.1582,0.3048,5.28,0.2812,0.5312,00-0034348,C.Sutton,0.4037
00-0033106,2024,1,all,28,6,0.2296,0.2041,0.3446,4.36,0.3214,0.5357,00-0037240,J.Williams,0.6791
00-0038579,2024,17,all,32,7,0.1914,0.166,0.295,5.22,0.2812,0.5,00-0034960,J.Meyers,0.363
00-0026498,2024,15,all,26,8,0.1775,0.1567,0.3226,5.63,0.3077,0.5,00-0039075,P.Nacua,0.4576
00-0023459,2024,16,all,42,8,0.1893,0.161,0.287,5.28,0.3095,0.4762,00-0031381,D.Adams,0.4299
00-0036355,2024,6,all,30,9,0.1422,0.1267,0.2312,7.03,0.2333,0.4,00-0039915,L.McConkey,0.3281
00-0036945,2024,3,all,30,8,0.1622,0.1489,0.2493,6.16,0.2333,0.4,00-0037247,G.Pickens,0.3898
00-0034869,2024,5,all,27,5,0.369,0.2812,0.5474,2.71,0.5185,0.8148,00-0036322,J.Jefferson,0.5617
00-0030565,2024,5,all,38,9,0.1593,0.144,0.2244,6.28,0.2105,0.3947,00-0038134,K.Walker,0.0155
00-0039918,2024,2,trailing,34,7,0.1765,0.1591,0.2875,5.67,0.2941,0.4412,00-0034827,D.Moore,0.4516
00-0036945,2024,4,trailing,32,7,0.2188,0.1835,0.329,4.57,0.3438,0.5625,00-0037247,G.Pickens,0.6266
00-0026498,2024,1,all,48,7,0.2561,0.2013,0.3909,3.91,0.4375,0.5833,00-0033908,C.Kupp,0.535
00-0033537,2024,1,all,30,7,0.1867,0.1644,0.3067,5.36,0.2667,0.5,00-0036407,J.Jeudy,0.3946
00-0036212,2024,14,trailing,29,10,0.2319,0.1605,0.3603,4.31,0.3448,0.6552,00-0036613,J.Waddle,0.4021
00-0036972,2024,14,trailing,30,7,0.2378,0.1866,0.3758,4.21,0.4,0.6,00-0039893,B.Thomas,0.7386
00-0031280,2024,5,all,26,6,0.216,0.1863,0.3404,4.63,0.3462,0.5385,00-0037545,R.Shaheed,0.5782
00-0036355,2024,18,all,34,6,0.2422,0.2093,0.3515,4.13,0.3529,0.6176,00-0038544,Q.Johnston,0.4206
00-0039910,2024,10,all,32,7,0.1758,0.1562,0.2872,5.69,0.25,0.4688,00-0030061,Z.Ertz,0.1073
00-0039163,2024,8,all,36,9,0.1543,0.1404,0.244,6.48,0.25,0.4167,00-0031588,S.Diggs,0.3679
00-0026498,2024,5,trailing,36,7,0.2222,0.1852,0.3133,4.5,0.3056,0.5556,00-0036244,C.Parkinson,0.2254
00-0029604,2024,2,all,30,6,0.2,0.1866,0.2823,5.0,0.2667,0.5,00-0037238,D.London,0.2213
00-0037834,2024,15,all,31,5,0.2196,0.2071,0.3321,4.55,0.2903,0.5161,00-0036259,J.Jennings,0.3253
00-0035228,2024,17,trailing,29,7,0.2818,0.2128,0.4697,3.55,0.4483,0.6897,00-0037744,T.McBride,0.33
00-0033106,2024,18,all,30,7,0.1867,0.1644,0.2868,5.36,0.2333,0.4667,00-0037240,Ja.Williams,0.4471
00-0039152,2024,2,all,27,8,0.1632,0.1466,0.254,6.13,0.2222,0.4444,00-0035261,T.Pollard,0.0578
00-0033873,2024,4,all,28,7,0.1837,0.1581,0.3318,5.44,0.3214,0.4643,00-0030506,T.Kelce,0.4362
00-0027973,2024,3,all,34,8,0.1955,0.1574,0.3287,5.12,0.3529,0.5,00-0035216,Dio.Johnson,0.535
00-0036971,2024,5,all,34,9,0.1522,0.1349,0.2321,6.57,0.2353,0.4412,00-0039893,B.Thomas,0.4844
00-0039398,2024,18,all,27,8,0.1824,0.1632,0.3087,5.48,0.2593,0.4815,00-0038608,K.Boutte,0.3025
00-0026498,2024,10,all,34,8,0.2076,0.1678,0.3288,4.82,0.3529,0.5588,00-0039075,P.Nacua,0.4653
00-0039152,2024,1,all,27,8,0.1632,0.1495,0.273,6.13,0.2593,0.4444,00-0034837,C.Ridley,0.6987
00-0031503,2024,12,all,29,8,0.1724,0.1533,0.2653,5.8,0.2414,0.4483,00-0036407,J.Jeudy,0.2983
00-0035228,2024,13,all,43,8,0.2006,0.1639,0.3025,4.98,0.2791,0.5581,00-0039849,M.Harrison,0.5798
00-0035710,2024,10,all,32,7,0.2168,0.1913,0.3321,4.61,0.3125,0.5625,00-0039337,M.Nabers,0.4157
00-0031503,2024,11,trailing,31,7,0.1988,0.18,0.2948,5.03,0.2581,0.5161,00-0036407,J.Jeudy,0.34
00-0039150,2024,13,all,41,8,0.191,0.1707,0.2624,5.24,0.2439,0.4634,00-0030035,A.Thielen,0.2793
00-0034869,2024,13,all,30,7,0.1978,0.1733,0.3112,5.06,0.3,0.5,00-0036322,J.Jefferson,0.278
00-0039163,2024,10,all,32,7,0.1738,0.1601,0.2813,5.75,0.2812,0.4688,00-0038977,T.Dell,0.3123
00-0033537,2024,3,trailing,28,6,0.2474,0.2091,0.3828,4.04,0.3571,0.6071,00-0031544,A.Cooper,0.4231
00-0035289,2024,12,all,36,6,0.2299,0.1929,0.3227,4.35,0.3333,0.6111,00-0034960,J.Meyers,0.53
00-0023459,2024,2,all,29,8,0.1748,0.1581,0.2891,5.72,0.2759,0.4828,00-0038120,B.Hall,0.1053
00-0026498,2024,8,all,33,9,0.1827,0.1497,0.2765,5.47,0.2727,0.4848,00-0039075,P.Nacua,0.4023
00-0039918,2024,2,all,34,7,0.1765,0.1539,0.2803,5.67,0.2941,0.4412,00-0034827,D.Moore,0.4516
00-0037834,2024,7,all,25,9,0.152,0.1424,0.2641,6.58,0.24,0.44,00-0036261,B.Aiyuk,0.2259
00-0035289,2024,11,all,26,8,0.2367,0.1686,0.4527,4.22,0.4231,0.5769,00-0039338,B.Bowers,0.4242
00-0031280,2024,13,all,35,9,0.1461,0.1347,0.2197,6.84,0.2,0.4,00-0036040,J.Johnson,0.2
00-0036972,2024,14,all,30,7,0.2378,0.1843,0.369,4.21,0.4,0.6,00-0039893,B.Thomas,0.7386
00-0035289,2024,11,trailing,26,8,0.2367,0.1598,0.4291,4.22,0.4231,0.5769,00-0039338,B.Bowers,0.4242
00-0039164,2024,8,all,31,10,0.1675,0.1488,0.2675,5.97,0.2903,0.4839,00-0038997,J.Downs,0.2086
00-0023459,2024,3,all,29,8,0.1629,0.1462,0.2724,6.14,0.2414,0.4483,00-0037740,G.Wilson,0.3224
00-0039150,2024,18,all,34,9,0.1419,0.1367,0.2285,7.05,0.2059,0.3824,00-0039491,J.Coker,0.1395
00-0039918,2024,3,trailing,33,8,0.1607,0.1515,0.2416,6.22,0.2121,0.4242,00-0039919,R.Odunze,0.4578
00-0034855,2024,8,trailing,35,8,0.1412,0.1363,0.2099,7.08,0.1714,0.3429,00-0039361,B.Irving,-0.048
00-0039150,2024,10,all,25,6,0.2192,0.1903,0.3409,4.56,0.32,0.56,00-0039491,J.Coker,0.497
00-0039918,2024,12,trailing,26,5,0.2278,0.2101,0.3581,4.39,0.3077,0.5769,00-0030279,K.Allen,0.25
00-0029263,2024,18,all,29,7,0.239,0.1984,0.3652,4.18,0.3793,0.5862,00-0036894,P.Freiermuth,0.3301
00-0036971,2024,2,all,27,7,0.1797,0.1605,0.2813,5.56,0.2593,0.4815,00-0036196,G.Davis,0.3058
00-0036355,2024,4,all,27,7,0.1715,0.1632,0.3062,5.83,0.2593,0.4444,00-0039915,L.McConkey,0.2332
00-0039732,2024,1,all,34,10,0.1644,0.1367,0.2477,6.08,0.2647,0.4412,00-0034348,C.Sutton,0.596
00-0034855,2024,17,all,30,8,0.1733,0.1556,0.3024,5.77,0.3,0.4333,00-0031408,M.Evans,0.3755
00-0039163,2024,20,all,25,9,0.1808,0.1488,0.3154,5.53,0.32,0.52,00-0036554,N.Collins,0.4142
00-0029604,2024,6,all,28,6,0.2219,0.1862,0.3445,4.51,0.3571,0.5357,00-0037238,D.London,0.5278
00-0035228,2024,17,all,45,9,0.2099,0.1713,0.3246,4.76,0.3556,0.5778,00-0037744,T.McBride,0.2821
00-0037834,2024,6,all,27,7,0.1687,0.1578,0.2815,5.93,0.2222,0.4074,00-0033288,G.Kittle,0.2694
00-0026158,2024,5,all,42,9,0.1791,0.1565,0.27,5.58,0.2857,0.4762,00-0038997,J.Downs,0.2943
00-0036212,2024,1,trailing,25,9,0.1648,0.1423,0.2961,6.07,0.28,0.44,00-0033040,T.Hill,0.4215
00-0034855,2024,13,all,33,7,0.236,0.1937,0.3465,4.24,0.3636,0.5758,00-0031408,M.Evans,0.6266
00-0031503,2024,9,all,27,6,0.2236,0.1988,0.3115,4.47,0.2963,0.5185,00-0036407,J.Jeudy,0.2992
00-0030565,2024,12,all,28,7,0.1786,0.1658,0.2936,5.6,0.25,0.4643,00-0038543,J.Smith-Njigba,0.0855
00-0035228,2024,14,trailing,26,9,0.1982,0.1538,0.3641,5.04,0.3462,0.5385,00-0037744,T.McBride,0.2368
00-0034796,2024,11,all,31,9,0.1571,0.1467,0.2467,6.36,0.2258,0.4194,00-0034975,J.Hill,0.0429
00-0031280,2024,9,all,28,9,0.1786,0.1479,0.3266,5.6,0.3214,0.5,00-0033906,A.Kamara,0.0714
00-0034796,2024,5,all,41,9,0.1684,0.1445,0.2625,5.94,0.2927,0.4878,00-0039064,Z.Flowers,0.3691
00-0035228,2024,16,all,29,8,0.1772,0.1534,0.2818,5.64,0.2759,0.4483,00-0039849,M.Harrison,0.462
00-0034796,2024,13,all,29,7,0.17,0.158,0.2843,5.88,0.2414,0.4483,00-0039064,Z.Flowers,0.441
00-0033119,2024,5,all,30,8,0.1822,0.1578,0.2957,5.49,0.3,0.5,00-0038621,D.Douglas,0.3171
00-0036972,2024,13,trailing,25,7,0.232,0.1935,0.3632,4.31,0.32,0.6,00-0038606,P.Washington,0.445
00-0036972,2024,18,all,31,8,0.2008,0.1634,0.318,4.98,0.3548,0.5161,00-0039893,B.Thomas,0.6185
00-0033077,2024,1,all,26,8,0.2219,0.1775,0.3728,4.51,0.3462,0.5769,00-0036358,C.Lamb,0.4174
00-0039163,2024,1,all,31,8,0.18,0.1571,0.274,5.55,0.2581,0.4839,00-0036554,N.Collins,0.5
00-0039851,2024,9,all,39,10,0.1624,0.1466,0.2413,6.16,0.2308,0.4359,00-0038621,D.Douglas,0.2308
00-0023459,2024,5,trailing,49,6,0.2661,0.2176,0.3658,3.76,0.4286,0.6122,00-0037740,G.Wilson,0.4681
00-0026158,2024,10,all,26,8,0.213,0.1715,0.3733,4.69,0.3462,0.5769,00-0038997,J.Downs,0.3171
00-0036442,2024,11,all,45,8,0.2069,0.1663,0.2949,4.83,0.2889,0.5778,00-0036410,T.Higgins,0.3312
00-0039910,2024,17,all,35,8,0.1788,0.1591,0.2671,5.59,0.2571,0.4571,00-0035208,O.Zaccheaus,0.2314
00-0035710,2024,9,all,25,6,0.2608,0.2095,0.4082,3.83,0.4,0.64,00-0039337,M.Nabers,0.2717
00-0033873,2024,15,all,30,9,0.1978,0.1621,0.3089,5.06,0.3,0.5667,00-0039894,X.Worthy,0.2951
00-0036355,2024,12,all,27,9,0.1385,0.1331,0.2292,7.22,0.1852,0.3704,00-0036158,J.Dobbins,-0.0086
00-0036389,2024,1,all,29,8,0.2342,0.1867,0.3579,4.27,0.3448,0.6207,00-0035676,A.Brown,0.4815
00-0038579,2024,13,trailing,31,8,0.2695,0.2193,0.4133,3.71,0.3871,0.7097,00-0039338,B.Bowers,0.3605
00-0035710,2024,4,all,38,7,0.3116,0.2575,0.4282,3.21,0.3947,0.7632,00-0039337,M.Nabers,0.4194
00-0034857,2024,10,all,33,7,0.1846,0.1625,0.2893,5.42,0.2727,0.5152,00-0037261,K.Shakir,0.2586
00-0036212,2024,16,all,31,7,0.1738,0.1571,0.2737,5.75,0.2258,0.4516,00-0033040,T.Hill,0.4774
00-0035228,2024,12,all,27,6,0.2757,0.2126,0.4404,3.63,0.4444,0.6667,00-0037744,T.McBride,0.3255
00-0034869,2024,11,all,29,9,0.1867,0.1557,0.3223,5.36,0.2759,0.5517,00-0038994,J.Addison,0.431
00-0031503,2024,8,all,42,8,0.2063,0.1836,0.313,4.85,0.2857,0.5238,00-0036980,E.Moore,0.2311
00-0033662,2024,11,all,38,11,0.1565,0.1247,0.2497,6.39,0.2895,0.4474,00-0036358,C.Lamb,0.3938
00-0026158,2024,17,all,37,7,0.195,0.173,0.2872,5.13,0.2973,0.5405,00-0036252,M.Pittman,0.1989
00-0031280,2024,4,trailing,31,5,0.2487,0.2257,0.3486,4.02,0.2903,0.5806,00-0033906,A.Kamara,0.0743
00-0023459,2024,15,all,29,6,0.2794,0.2175,0.4319,3.58,0.4483,0.6552,00-0031381,D.Adams,0.4496
00-0037834,2024,2,trailing,28,8,0.1786,0.1607,0.2985,5.6,0.25,0.5,00-0033288,G.Kittle,0.208
00-0034855,2024,16,all,43,9,0.1433,0.1347,0.2072,6.98,0.186,0.3721,00-0037256,R.White,-0.0363
00-0035704,2024,14,all,47,6,0.1951,0.1815,0.264,5.13,0.234,0.4681,00-0039337,M.Nabers,0.3252
00-0037834,2024,10,all,34,5,0.2232,0.2093,0.3495,4.48,0.3235,0.5294,00-0036259,J.Jennings,0.3373
00-0036442,2024,13,all,27,7,0.1824,0.166,0.2949,5.48,0.2963,0.4815,00-0036410,T.Higgins,0.4444
00-0039918,2024,13,all,37,5,0.2783,0.2256,0.4202,3.59,0.4324,0.6486,00-0034827,D.Moore,0.3863
00-0033873,2024,14,all,36,9,0.1574,0.1435,0.2454,6.35,0.25,0.4167,00-0030564,D.Hopkins,0.6385
00-0039164,2024,11,all,29,9,0.1605,0.1415,0.2582,6.23,0.2759,0.4483,00-0036252,M.Pittman,0.4158
00-0036442,2024,18,all,46,8,0.1947,0.1644,0.2779,5.14,0.3043,0.5217,00-0036900,J.Chase,0.4603
00-0023459,2024,6,all,34,7,0.1869,0.1626,0.284,5.35,0.2941,0.5,00-0037740,G.Wilson,0.25
00-0036212,2024,9,all,27,7,0.1962,0.1741,0.306,5.1,0.2963,0.5185,00-0039040,D.Achane,-0.05
00-0035710,2024,1,all,26,7,0.213,0.1775,0.3432,4.69,0.3077,0.5769,00-0038117,W.Robinson,0.3333
00-0034855,2024,16,trailing,43,9,0.1433,0.1356,0.2169,6.98,0.186,0.3721,00-0031408,M.Evans,0.3148
00-0034771,2024,17,all,30,8,0.1733,0.1556,0.2578,5.77,0.2333,0.4333,00-0037809,C.Okonkwo,0.1978
00-0039150,2024,14,all,33,7,0.2213,0.1863,0.3206,4.52,0.3333,0.5758,00-0030035,A.Thielen,0.3562
00-0036442,2024,15,all,28,9,0.1913,0.1555,0.3241,5.23,0.3214,0.5357,00-0036900,J.Chase,0.2959
00-0039376,2024,6,all,26,8,0.2012,0.1686,0.3166,4.97,0.3077,0.5385,00-0039386,B.Means,0.2529
00-0033873,2024,10,trailing,34,10,0.1886,0.1505,0.2994,5.3,0.2941,0.5588,00-0033923,K.Hunt,-0.0987
00-0033077,2024,3,all,39,12,0.1085,0.1045,0.1691,9.22,0.1795,0.3333,00-0038041,J.Ferguson,0.1877
00-0039851,2024,11,all,37,9,0.1556,0.1439,0.2374,6.43,0.2432,0.4054,00-0033090,H.Henry,0.2658
00-0036212,2024,12,all,33,8,0.1901,0.168,0.2893,5.26,0.2727,0.5152,00-0033858,J.Smith,0.183
00-0036971,2024,9,all,31,8,0.205,0.1592,0.3258,4.88,0.3548,0.5484,00-0033881,E.Engram,0.2709
00-0034869,2024,14,all,27,5,0.3059,0.2507,0.4601,3.27,0.4444,0.7037,00-0038994,J.Addison,0.4739
00-0033873,2024,11,all,27,11,0.1276,0.1166,0.2265,7.84,0.1852,0.3704,00-0036637,N.Gray,0.1214
00-0036264,2024,4,trailing,43,9,0.1628,0.1455,0.2428,6.14,0.2558,0.4419,00-0038393,D.Wicks,0.4155
00-0036264,2024,19,trailing,29,9,0.1367,0.1295,0.2247,7.31,0.2069,0.3793,00-0038393,D.Wicks,0.6207
00-0034796,2024,2,all,31,9,0.1946,0.1592,0.3466,5.14,0.3548,0.5161,00-0039064,Z.Flowers,0.3713
00-0030565,2024,5,trailing,25,7,0.1904,0.168,0.3131,5.25,0.28,0.52,00-0038134,K.Walker,0.0154
00-0036212,2024,15,all,36,8,0.1821,0.1588,0.2903,5.49,0.2778,0.4722,00-0033858,J.Smith,0.274
00-0034869,2024,18,all,29,6,0.1938,0.1795,0.2892,5.16,0.2759,0.4828,00-0036322,J.Jefferson,0.2105
00-0026498,2024,2,all,25,8,0.152,0.1424,0.2708,6.58,0.24,0.4,00-0033908,C.Kupp,0.2781
00-0035710,2024,6,all,32,6,0.2324,0.205,0.3224,4.3,0.3125,0.5938,00-0035535,D.Slayton,0.4654
00-0039163,2024,17,all,28,8,0.1811,0.1582,0.3114,5.52,0.2857,0.4643,00-0037614,J.Metchie,0.28
00-0033537,2024,3,all,36,6,0.2207,0.1944,0.3211,4.53,0.3333,0.5556,00-0031544,A.Cooper,0.4657
00-0033077,2024,2,all,28,8,0.1454,0.1403,0.2347,6.88,0.2143,0.3929,00-0037666,J.Tolbert,0.4067
00-0036442,2024,1,trailing,27,8,0.1578,0.1495,0.2676,6.34,0.2222,0.4444,00-0036900,J.Chase,0.2452
00-0035228,2024,1,all,31,8,0.1904,0.1571,0.3073,5.25,0.2903,0.5484,00-0037744,T.McBride,0.3927
00-0033106,2024,2,trailing,52,8,0.2041,0.1627,0.3026,4.9,0.3462,0.5577,00-0036963,A.St. Brown,0.4658
00-0033537,2024,2,all,32,9,0.1797,0.1562,0.2813,5.57,0.25,0.5,00-0031544,A.Cooper,0.3411
00-0035710,2024,10,trailing,31,7,0.2112,0.1842,0.3299,4.73,0.2903,0.5484,00-0039337,M.Nabers,0.3906
00-0034869,2024,17,all,38,8,0.1579,0.1468,0.2327,6.33,0.2105,0.4211,00-0036322,J.Jefferson,0.0876
00-0039910,2024,6,all,32,7,0.1855,0.168,0.2891,5.39,0.25,0.4688,00-0033591,N.Brown,0.4173
00-0033106,2024,13,all,30,7,0.1733,0.1643,0.2825,5.77,0.2333,0.4333,00-0036963,A.St. Brown,0.4009
00-0033873,2024,21,all,25,8,0.1744,0.1552,0.3158,5.73,0.28,0.48,00-0039894,X.Worthy,0.2793
00-0036972,2024,16,all,35,10,0.2016,0.1493,0.3421,4.96,0.3714,0.5429,00-0039893,B.Thomas,0.6114
00-0039732,2024,8,all,30,9,0.1911,0.1533,0.3311,5.23,0.3333,0.5333,00-0034348,C.Sutton,0.429
00-0023459,2024,8,all,26,7,0.2012,0.1686,0.3404,4.97,0.3077,0.5385,00-0037740,G.Wilson,0.6259
00-0026498,2024,20,trailing,36,6,0.2469,0.2206,0.341,4.05,0.3611,0.5833,00-0039075,P.Nacua,0.4173
00-0036212,2024,15,trailing,32,7,0.2031,0.1796,0.309,4.92,0.3125,0.5,00-0033858,J.Smith,0.3509
00-0039152,2024,3,trailing,26,9,0.145,0.1302,0.2663,6.9,0.2692,0.3846,00-0030564,D.Hopkins,0.383
00-0030565,2024,11,all,31,6,0.2445,0.2049,0.3778,4.09,0.3548,0.6452,00-0038543,J.Smith-Njigba,0.3801
00-0037834,2024,2,all,34,8,0.173,0.1591,0.2544,5.78,0.2353,0.4706,00-0035719,D.Samuel,0.2801
00-0033662,2024,11,trailing,38,11,0.1565,0.1288,0.2604,6.39,0.2895,0.4474,00-0036358,C.Lamb,0.3938
00-0036442,2024,2,all,34,8,0.1626,0.1522,0.2718,6.15,0.2647,0.4412,00-0034829,M.Gesicki,0.2696
00-0039163,2024,4,all,39,8,0.236,0.1913,0.3703,4.24,0.3846,0.6154,00-0036554,N.Collins,0.4638
00-0034869,2024,9,all,32,10,0.1602,0.1406,0.2525,6.24,0.2812,0.4375,00-0036322,J.Jefferson,0.5238
00-0034857,2024,3,all,29,10,0.1344,0.1224,0.2201,7.44,0.2069,0.3793,00-0037261,K.Shakir,-0.0237
00-0037834,2024,17,all,27,7,0.2154,0.1769,0.3527,4.64,0.3333,0.5556,00-0039916,R.Pearsall,0.5059
00-0039150,2024,12,trailing,33,7,0.1827,0.157,0.2894,5.47,0.303,0.4848,00-0033589,D.Moore,0.4296
00-0034869,2024,10,trailing,30,8,0.1689,0.1489,0.2849,5.92,0.2667,0.4667,00-0035229,T.Hockenson,0.2051
00-0026498,2024,1,trailing,25,5,0.2896,0.2224,0.4816,3.45,0.44,0.68,00-0033908,C.Kupp,0.5655
00-0031280,2024,14,all,31,10,0.1446,0.132,0.2449,6.91,0.2258,0.3871,00-0034272,M.Valdes-Scantling,0.3865
00-0036212,2024,13,all,30,9,0.1467,0.1377,0.2289,6.82,0.2,0.4,00-0033858,J.Smith,0.2201
00-0026498,2024,10,trailing,34,8,0.2076,0.1712,0.3322,4.82,0.3529,0.5588,00-0039075,P.Nacua,0.4653
00-0039732,2024,2,all,32,10,0.1504,0.1309,0.2385,6.65,0.25,0.4062,00-0037252,G.Dulcich,0.2266
00-0036389,2024,3,all,36,8,0.2037,0.1697,0.301,4.91,0.3056,0.5833,00-0034351,D.Goedert,0.2703
00-0034857,2024,14,trailing,32,7,0.2305,0.1895,0.3614,4.34,0.375,0.5938,00-0031544,A.Cooper,0.568
00-0034857,2024,14,all,32,7,0.2305,0.1855,0.3458,4.34,0.375,0.5938,00-0031544,A.Cooper,0.568
00-0039732,2024,2,trailing,30,10,0.1444,0.1288,0.2357,6.92,0.2333,0.4,00-0037252,G.Dulcich,0.209
00-0031280,2024,4,all,36,6,0.2438,0.216,0.3241,4.1,0.3056,0.5833,00-0037545,R.Shaheed,0.5181
00-0036212,2024,14,all,46,10,0.2098,0.17,0.2931,4.77,0.3043,0.587,00-0033040,T.Hill,0.5203
00-0034869,2024,7,all,27,6,0.2044,0.1879,0.2896,4.89,0.2963,0.4815,00-0036322,J.Jefferson,0.3318
00-0039910,2024,16,trailing,33,9,0.1405,0.1313,0.2163,7.12,0.2121,0.3939,00-0035208,O.Zaccheaus,0.1107
00-0034857,2024,5,all,29,7,0.1605,0.1557,0.2557,6.23,0.2069,0.4138,00-0033555,M.Hollins,0.3596
00-0037834,2024,16,all,32,7,0.1836,0.1621,0.293,5.45,0.25,0.5,00-0035719,D.Samuel,0.1227
00-0029604,2024,5,trailing,43,7,0.2093,0.179,0.2931,4.78,0.3256,0.5116,00-0036309,D.Mooney,0.4922
00-0033106,2024,14,all,40,7,0.1625,0.1587,0.2201,6.15,0.2,0.375,00-0037240,Ja.Williams,0.308
00-0023459,2024,5,all,51,6,0.2795,0.2287,0.3851,3.58,0.451,0.6275,00-0037740,G.Wilson,0.4962
00-0034869,2024,10,all,37,8,0.1775,0.1555,0.2668,5.63,0.2432,0.4865,00-0036322,J.Jefferson,0.218
00-0034796,2024,18,all,28,7,0.199,0.1735,0.3318,5.03,0.2857,0.5357,00-0034753,M.Andrews,0.4791
00-0039918,2024,17,trailing,26,5,0.2515,0.2217,0.376,3.98,0.3077,0.6154,00-0034827,D.Moore,0.3054
00-0023459,2024,13,all,38,9,0.2022,0.1634,0.3047,4.95,0.3158,0.5789,00-0031381,D.Adams,0.4839
00-0034869,2024,15,all,33,7,0.247,0.2066,0.3519,4.05,0.3636,0.6061,00-0036322,J.Jefferson,0.5368
00-0036212,2024,1,all,36,9,0.1898,0.1527,0.3009,5.27,0.3333,0.5278,00-0033040,T.Hill,0.653
00-0035710,2024,2,all,29,5,0.4364,0.315,0.641,2.29,0.6207,0.7931,00-0039337,M.Nabers,0.7455
00-0033662,2024,14,all,30,11,0.1333,0.12,0.2336,7.5,0.2333,0.4,00-0036358,C.Lamb,0.2222
00-0037834,2024,16,trailing,28,7,0.1837,0.1682,0.2883,5.44,0.25,0.5,00-0035719,D.Samuel,0.0305
00-0033873,2024,13,all,45,9,0.1793,0.1535,0.2645,5.58,0.2889,0.4889,00-0030506,T.Kelce,0.2052
00-0036264,2024,4,all,43,9,0.1628,0.1422,0.2387,6.14,0.2558,0.4419,00-0038393,D.Wicks,0.4155
00-0026498,2024,14,all,30,7,0.3067,0.2266,0.4626,3.26,0.4667,0.7333,00-0039075,P.Nacua,0.3597
00-0036442,2024,16,all,25,6,0.28,0.2191,0.456,3.57,0.44,0.68,00-0036410,T.Higgins,0.5094
00-0039732,2024,16,all,33,10,0.1497,0.1258,0.2489,6.68,0.2727,0.4242,00-0036997,J.Williams,-0.2342
00-0034857,2024,21,all,31,9,0.1384,0.13,0.224,7.23,0.2258,0.3548,00-0037261,K.Shakir,0.168
00-0036264,2024,6,all,29,10,0.1201,0.1153,0.1986,8.33,0.2069,0.3448,00-0039146,J.Reed,-0.0579
00-0036212,2024,11,all,34,8,0.1626,0.1522,0.2457,6.15,0.2353,0.4706,00-0033858,J.Smith,0.2416
00-0039163,2024,4,trailing,29,8,0.2342,0.1724,0.4198,4.27,0.4138,0.5517,00-0036554,N.Collins,0.5336
00-0033873,2024,10,all,40,10,0.1875,0.1512,0.2951,5.33,0.3,0.55,00-0030506,T.Kelce,0.4481
00-0037834,2024,11,all,28,6,0.2602,0.2168,0.398,3.84,0.3929,0.6429,00-0036259,J.Jennings,0.4641
00-0026158,2024,18,all,39,10,0.2032,0.1571,0.3047,4.92,0.3333,0.5897,00-0038997,J.Downs,0.1801
00-0031345,2024,18,all,41,9,0.1517,0.1457,0.2088,6.59,0.1951,0.3659,00-0036849,T.Atwell,0.3781
00-0035710,2024,8,all,33,8,0.2066,0.1589,0.348,4.84,0.3636,0.5455,00-0039337,M.Nabers,0.6162
00-0033106,2024,17,all,34,7,0.2163,0.1885,0.3166,4.62,0.2941,0.5294,00-0036963,A.St. Brown,0.3782
00-0033873,2024,12,all,36,9,0.142,0.1312,0.2269,7.04,0.2222,0.3889,00-0030506,T.Kelce,0.2329
00-0035289,2024,2,all,36,8,0.213,0.179,0.3288,4.7,0.3333,0.5833,00-0031381,D.Adams,0.629
00-0023459,2024,7,all,32,8,0.2051,0.1758,0.3047,4.88,0.2812,0.5312,00-0037740,G.Wilson,0.4972
00-0033662,2024,15,all,25,7,0.2704,0.1968,0.4594,3.7,0.44,0.64,00-0036358,C.Lamb,0.4054
00-0029604,2024,10,all,37,6,0.233,0.1979,0.3428,4.29,0.3514,0.5946,00-0037238,D.London,0.3549
00-0035228,2024,14,all,31,9,0.1842,0.1529,0.3112,5.43,0.3226,0.5161,00-0037744,T.McBride,0.1161
00-0026158,2024,9,all,25,8,0.1936,0.1616,0.3473,5.17,0.32,0.52,00-0038997,J.Downs,0.2821
00-0036442,2024,10,all,55,7,0.1974,0.1715,0.2767,5.07,0.3091,0.5091,00-0036900,J.Chase,0.4959
00-0031503,2024,14,all,26,9,0.1893,0.1509,0.3465,5.28,0.3462,0.5,00-0033885,D.Njoku,0.314
00-0037012,2024,18,all,33,8,0.1644,0.146,0.2749,6.08,0.2727,0.4545,00-0031236,B.Cooks,0.2203
00-0039851,2024,13,all,31,7,0.1883,0.1675,0.307,5.31,0.2903,0.5161,00-0033090,H.Henry,0.3485
00-0036355,2024,16,all,31,10,0.1509,0.13,0.2466,6.63,0.2258,0.4194,00-0036988,J.Palmer,0.522
00-0039152,2024,14,all,32,10,0.1934,0.1465,0.3403,5.17,0.375,0.5,00-0034837,C.Ridley,0.4386
00-0036972,2024,13,all,25,7,0.232,0.1904,0.357,4.31,0.32,0.6,00-0038606,P.Washington,0.445
00-0034857,2024,15,all,27,9,0.1605,0.1413,0.2488,6.23,0.2222,0.4444,00-0037261,K.Shakir,0.134
00-0038579,2024,13,all,34,8,0.2872,0.2076,0.4221,3.48,0.4118,0.7353,00-0039338,B.Bowers,0.4075
00-0034771,2024,9,all,27,7,0.1879,0.1659,0.2951,5.32,0.2963,0.5185,00-0034837,C.Ridley,0.4556
00-0034857,2024,8,all,29,7,0.2105,0.1889,0.3104,4.75,0.2759,0.5172,00-0037261,K.Shakir,0.0667
00-0036389,2024,3,trailing,33,8,0.2011,0.1698,0.3004,4.97,0.303,0.5758,00-0036912,D.Smith,0.5595
00-0030565,2024,4,trailing,39,10,0.1374,0.1282,0.2059,7.28,0.2051,0.3846,00-0038543,J.Smith-Njigba,0.2011
00-0023459,2024,11,all,29,8,0.2057,0.1748,0.3127,4.86,0.2759,0.5172,00-0037740,G.Wilson,0.5403
00-0034857,2024,17,all,26,9,0.1686,0.1361,0.2811,5.93,0.2692,0.5,00-0039901,K.Coleman,0.3224
00-0037834,2024,5,all,32,5,0.3066,0.2519,0.4123,3.26,0.375,0.75,00-0036261,B.Aiyuk,0.5018
00-0033537,2024,4,all,32,8,0.2051,0.166,0.3361,4.88,0.2812,0.5312,00-0036407,J.Jeudy,0.5756
00-0033077,2024,8,all,27,7,0.2867,0.2126,0.4461,3.49,0.4444,0.7037,00-0036358,C.Lamb,0.3074
00-0036355,2024,14,all,29,9,0.1938,0.1581,0.3015,5.16,0.3103,0.5517,00-0036988,J.Palmer,0.4649
00-0035228,2024,6,trailing,26,7,0.1864,0.1656,0.29,5.37,0.2692,0.4615,00-0037744,T.McBride,0.355
00-0036212,2024,13,trailing,30,9,0.1467,0.1378,0.2378,6.82,0.2,0.4,00-0033858,J.Smith,0.2201
00-0030565,2024,13,all,29,8,0.1724,0.151,0.3176,5.8,0.3103,0.4483,00-0035640,D.Metcalf,0.5816
00-0035704,2024,18,all,26,9,0.2396,0.1745,0.3905,4.17,0.3846,0.6538,00-0038117,W.Robinson,0.1324
00-0039918,2024,9,all,25,5,0.2544,0.2288,0.3698,3.93,0.32,0.6,00-0034827,D.Moore,0.3567
00-0035228,2024,18,all,30,7,0.2044,0.1755,0.3156,4.89,0.3333,0.5,00-0037744,T.McBride,0.3676
00-0034796,2024,6,all,25,6,0.2224,0.1967,0.3632,4.5,0.36,0.52,00-0039064,Z.Flowers,0.1721
00-0039376,2024,18,all,39,10,0.1387,0.1282,0.2032,7.21,0.2051,0.3846,00-0034272,M.Valdes-Scantling,0.3841
00-0039910,2024,19,all,32,7,0.1875,0.166,0.3224,5.33,0.3125,0.4688,00-0035659,T.McLaurin,0.6
00-0030565,2024,4,all,42,10,0.1474,0.1281,0.2257,6.78,0.2381,0.4286,00-0035640,D.Metcalf,0.5234
00-0029263,2024,11,all,32,9,0.207,0.1581,0.3418,4.83,0.375,0.5312,00-0037247,G.Pickens,0.7288
00-0036971,2024,4,all,30,6,0.2578,0.2111,0.3714,3.88,0.3667,0.6667,00-0034775,C.Kirk,0.4942
00-0031503,2024,13,trailing,42,8,0.2177,0.187,0.3062,4.59,0.2857,0.5476,00-0033885,D.Njoku,0.1877
00-0034869,2024,19,all,27,9,0.1715,0.1495,0.3033,5.83,0.2963,0.4444,00-0036322,J.Jefferson,0.5628
00-0038122,2024,15,trailing,25,8,0.1936,0.1678,0.3537,5.17,0.32,0.52,00-0034960,J.Meyers,0.3632
00-0039163,2024,12,all,31,8,0.18,0.155,0.2925,5.55,0.2903,0.4839,00-0036554,N.Collins,0.3911
00-0026158,2024,5,trailing,26,9,0.1509,0.139,0.2516,6.63,0.2308,0.4231,00-0038997,J.Downs,0.2022
00-0036212,2024,10,all,26,9,0.1509,0.1331,0.2693,6.63,0.2308,0.4231,00-0036613,J.Waddle,0.55
00-0036355,2024,1,all,25,8,0.1776,0.155,0.3155,5.63,0.28,0.48,00-0039915,L.McConkey,0.2403
00-0034855,2024,6,all,37,8,0.2023,0.1643,0.3105,4.94,0.3514,0.5135,00-0033921,C.Godwin,0.2339
00-0039918,2024,17,all,26,5,0.2515,0.2277,0.3759,3.98,0.3077,0.6154,00-0034827,D.Moore,0.3054
00-0039152,2024,3,all,26,9,0.145,0.1302,0.2456,6.9,0.2692,0.3846,00-0030564,D.Hopkins,0.383
00-0033873,2024,8,all,34,10,0.1972,0.1487,0.31,5.07,0.3529,0.5588,00-0030506,T.Kelce,0.3171
00-0034857,2024,21,trailing,27,9,0.1358,0.1303,0.2484,7.36,0.2222,0.3704,00-0037261,K.Shakir,0.2105
00-0026498,2024,5,all,45,9,0.2,0.1713,0.2771,5.0,0.2889,0.5111,00-0036244,C.Parkinson,0.2234
00-0031503,2024,11,all,36,7,0.1929,0.1713,0.2826,5.18,0.2778,0.5,00-0036407,J.Jeudy,0.3696
00-0036264,2024,7,trailing,25,7,0.1776,0.1679,0.3089,5.63,0.24,0.44,00-0037816,R.Doubs,0.3128
00-0035710,2024,4,trailing,35,7,0.3012,0.2424,0.4025,3.32,0.4,0.7429,00-0039337,M.Nabers,0.3882
00-0034855,2024,18,all,30,6,0.2689,0.2111,0.4446,3.72,0.4333,0.6333,00-0031408,M.Evans,0.587
00-0033106,2024,7,all,25,7,0.1936,0.1648,0.3185,5.17,0.32,0.48,00-0036963,A.St. Brown,0.4943
00-0034855,2024,18,trailing,27,6,0.2373,0.1962,0.3774,4.21,0.3704,0.5926,00-0031408,M.Evans,0.53
00-0039851,2024,16,all,30,8,0.1756,0.1533,0.2737,5.7,0.2333,0.4667,00-0033090,H.Henry,0.1855
00-0034796,2024,1,all,40,7,0.2137,0.1887,0.3018,4.68,0.3,0.55,00-0037838,I.Likely,0.367
00-0036355,2024,8,all,25,6,0.2096,0.1904,0.3124,4.77,0.28,0.52,00-0034159,W.Dissly,0.1915
00-0039910,2024,13,all,25,8,0.1776,0.1552,0.2898,5.63,0.28,0.48,00-0035659,T.McLaurin,0.3962
00-0039918,2024,1,all,30,8,0.2356,0.191,0.3873,4.25,0.3667,0.6333,00-0030279,K.Allen,0.4907
00-0034771,2024,8,trailing,31,6,0.2341,0.2029,0.3612,4.27,0.3871,0.5806,00-0034837,C.Ridley,0.4757
00-0034771,2024,7,all,28,8,0.148,0.1403,0.245,6.76,0.2143,0.3929,00-0034837,C.Ridley,0.5909
00-0034796,2024,1,trailing,33,7,0.2213,0.1827,0.3316,4.52,0.3333,0.5758,00-0037838,I.Likely,0.3551
00-0036389,2024,11,all,25,6,0.2224,0.2063,0.3314,4.5,0.32,0.56,00-0035676,A.Brown,0.4534
00-0034869,2024,12,all,27,7,0.2099,0.1879,0.3475,4.76,0.2963,0.5556,00-0038994,J.Addison,0.3932
00-0033106,2024,15,trailing,29,7,0.2247,0.1795,0.3581,4.45,0.3793,0.5517,00-0036963,A.St. Brown,0.5086
00-0026498,2024,4,all,30,6,0.2022,0.1911,0.3001,4.95,0.2667,0.5,00-0039751,J.Whittington,0.2637
00-0033873,2024,9,all,42,9,0.2234,0.1745,0.3425,4.48,0.381,0.5952,00-0030506,T.Kelce,0.304
00-0030565,2024,11,trailing,26,6,0.2692,0.2129,0.4143,3.71,0.3846,0.6923,00-0038543,J.Smith-Njigba,0.4308
00-0036355,2024,7,all,37,9,0.1804,0.1468,0.2754,5.54,0.2973,0.4865,00-0034159,W.Dissly,0.1952
00-0033106,2024,16,all,27,8,0.1824,0.1578,0.2868,5.48,0.2593,0.4815,00-0039065,S.LaPorta,0.2179
00-0033106,2024,17,trailing,28,7,0.2194,0.1786,0.3503,4.56,0.3571,0.5357,00-0036963,A.St. Brown,0.4014
00-0033662,2024,16,all,32,9,0.1797,0.1542,0.2696,5.57,0.2812,0.5312,00-0038041,J.Ferguson,0.0756
00-0036264,2024,19,all,29,9,0.1367,0.1344,0.232,7.31,0.2069,0.3793,00-0038393,D.Wicks,0.6207
00-0027973,2024,6,all,30,9,0.1489,0.1399,0.2467,6.72,0.2333,0.4,00-0035216,Di.Johnson,0.3364
00-0033873,2024,16,all,39,10,0.1677,0.14,0.2585,5.96,0.2821,0.4615,00-0039894,X.Worthy,0.2827
00-0039910,2024,5,all,25,6,0.2384,0.2096,0.3696,4.19,0.32,0.64,00-0030061,Z.Ertz,0.2326
00-0029604,2024,13,all,38,7,0.2562,0.1965,0.392,3.9,0.4211,0.5789,00-0037238,D.London,0.6528
00-0036972,2024,15,all,44,7,0.2231,0.1932,0.3164,4.48,0.3182,0.5909,00-0039893,B.Thomas,0.2945
00-0039732,2024,12,all,39,9,0.1663,0.1466,0.2519,6.01,0.2564,0.4872,00-0034348,C.Sutton,0.3925
00-0029263,2024,10,all,25,8,0.1808,0.1584,0.3026,5.53,0.28,0.52,00-0037247,G.Pickens,0.3949
00-0023459,2024,9,all,32,8,0.2422,0.1914,0.377,4.13,0.3438,0.6562,00-0031381,D.Adams,0.5784
00-0033873,2024,3,all,36,8,0.2114,0.1635,0.3507,4.73,0.3889,0.5278,00-0039067,R.Rice,0.3315
00-0029604,2024,10,trailing,33,6,0.2342,0.2029,0.3775,4.27,0.3636,0.5758,00-0037238,D.London,0.3562
00-0039163,2024,16,all,37,8,0.1892,0.1614,0.274,5.29,0.2703,0.4865,00-0036554,N.Collins,0.2612
00-0035710,2024,6,trailing,32,6,0.2324,0.2031,0.334,4.3,0.3125,0.5938,00-0035535,D.Slayton,0.4654
00-0039918,2024,12,all,40,5,0.2475,0.2162,0.3726,4.04,0.375,0.6,00-0030279,K.Allen,0.4298
00-0037834,2024,1,all,25,7,0.1968,0.1712,0.3314,5.08,0.32,0.48,00-0035719,D.Samuel,0.2992
00-0039732,2024,18,all,28,8,0.1582,0.1429,0.2528,6.32,0.25,0.4286,00-0034348,C.Sutton,0.7785
00-0030565,2024,14,all,28,9,0.1633,0.1402,0.2631,6.13,0.25,0.4643,00-0039165,Z.Charbonnet,-0.094
00-0034771,2024,17,trailing,30,8,0.1733,0.1556,0.2689,5.77,0.2333,0.4333,00-0037809,C.Okonkwo,0.1978
00-0026498,2024,11,all,27,6,0.2785,0.2235,0.4267,3.59,0.3704,0.7037,00-0033908,C.Kupp,0.3183
00-0034796,2024,8,all,35,8,0.1967,0.1608,0.3144,5.08,0.3429,0.4857,00-0039064,Z.Flowers,0.5357
00-0034855,2024,9,all,31,8,0.1988,0.1675,0.3465,5.03,0.3548,0.5161,00-0038129,C.Otton,0.3475
00-0029604,2024,3,all,27,5,0.251,0.2208,0.3719,3.98,0.3333,0.6296,00-0037238,D.London,0.4682
00-0036442,2024,8,all,35,8,0.1837,0.1542,0.267,5.44,0.3143,0.5143,00-0036900,J.Chase,0.2986
00-0026498,2024,17,all,28,8,0.2934,0.1887,0.4901,3.41,0.5,0.6071,00-0039075,P.Nacua,0.4244
00-0039910,2024,15,all,30,10,0.1711,0.1399,0.2956,5.84,0.3333,0.4667,00-0035659,T.McLaurin,0.6679
00-0036355,2024,17,all,38,11,0.1593,0.133,0.2535,6.28,0.2632,0.4737,00-0039915,L.McConkey,0.3096
00-0039910,2024,20,all,27,7,0.1907,0.1659,0.3005,5.24,0.2963,0.4815,00-0036626,D.Brown,0.6443
00-0034855,2024,8,all,46,9,0.1408,0.1342,0.207,7.1,0.2174,0.3696,00-0038129,C.Otton,0.1443
00-0039732,2024,15,all,27,10,0.1523,0.1275,0.2758,6.57,0.2963,0.4074,00-0034348,C.Sutton,0.8496
00-0039918,2024,3,all,43,8,0.1682,0.1541,0.2364,5.95,0.2093,0.4186,00-0039919,R.Odunze,0.51
00-0039910,2024,16,all,36,9,0.1389,0.1296,0.2115,7.2,0.2222,0.3889,00-0035208,O.Zaccheaus,0.1303
00-0036264,2024,1,all,31,8,0.1426,0.1363,0.2238,7.01,0.1935,0.3871,00-0037816,R.Doubs,0.2079
00-0026498,2024,9,all,42,8,0.1961,0.1621,0.3016,5.1,0.3333,0.5476,00-0033908,C.Kupp,0.184
00-0031503,2024,13,all,52,9,0.2182,0.19,0.2863,4.58,0.2885,0.5385,00-0033885,D.Njoku,0.2018
00-0026158,2024,17,trailing,30,6,0.2089,0.1844,0.3556,4.79,0.3333,0.5333,00-0036252,M.Pittman,0.2509
00-0036442,2024,3,all,33,7,0.1534,0.1497,0.2306,6.52,0.2121,0.3939,00-0036900,J.Chase,0.424
00-0034855,2024,1,all,27,7,0.1715,0.1578,0.284,5.83,0.2593,0.4444,00-0033921,C.Godwin,0.2635
00-0039732,2024,17,all,31,10,0.18,0.1467,0.2862,5.55,0.2903,0.5484,00-0034348,C.Sutton,0.4911
00-0038122,2024,15,all,30,8,0.1756,0.1556,0.28,5.7,0.2667,0.4667,00-0034960,J.Meyers,0.3127
00-0035710,2024,5,all,31,5,0.257,0.2216,0.3861,3.89,0.3548,0.6452,00-0035535,D.Slayton,0.7118
00-0039732,2024,10,all,28,8,0.1786,0.1504,0.3242,5.6,0.3214,0.4643,00-0034348,C.Sutton,0.4449
00-0039152,2024,11,all,26,9,0.1568,0.1419,0.2544,6.38,0.2308,0.4231,00-0036182,N.Westbrook-Ikhine,0.3992
00-0033662,2024,13,all,31,7,0.1571,0.1509,0.2446,6.36,0.1935,0.3871,00-0038547,L.Schoonmaker,0.107
00-0035704,2024,14,trailing,42,6,0.195,0.1848,0.2597,5.13,0.2619,0.4762,00-0039337,M.Nabers,0.3438
00-0035228,2024,3,trailing,34,6,0.2388,0.2128,0.3495,4.19,0.3235,0.5882,00-0039849,M.Harrison,0.442
00-0036442,2024,9,all,29,9,0.1558,0.1391,0.2699,6.42,0.2759,0.4138,00-0036900,J.Chase,0.0719
00-0036355,2024,11,all,33,8,0.1901,0.1662,0.2949,5.26,0.2727,0.5152,00-0039915,L.McConkey,0.3013
00-0034869,2024,13,trailing,28,7,0.2041,0.1735,0.324,4.9,0.3214,0.5357,00-0036322,J.Jefferson,0.2864
00-0034771,2024,8,all,33,7,0.2305,0.1864,0.3481,4.34,0.3939,0.5758,00-0034837,C.Ridley,0.4984
00-0034855,2024,4,all,39,9,0.1808,0.1545,0.2611,5.53,0.2821,0.4872,00-0031408,M.Evans,0.4176
00-0039164,2024,15,all,27,8,0.1742,0.1495,0.2956,5.74,0.2593,0.4815,00-0038997,J.Downs,0.2946
00-0036442,2024,5,all,39,7,0.2479,0.1926,0.3703,4.03,0.359,0.6667,00-0036410,T.Higgins,0.4286
00-0034857,2024,11,all,38,9,0.1856,0.1606,0.2938,5.39,0.3158,0.4737,00-0037261,K.Shakir,0.1985
00-0036442,2024,4,all,30,8,0.2,0.1688,0.3244,5.0,0.3333,0.5333,00-0036410,T.Higgins,0.5614
00-0035289,2024,7,all,27,5,0.3059,0.24,0.4601,3.27,0.4444,0.7037,00-0039338,B.Bowers,0.32
00-0039851,2024,9,trailing,34,9,0.1609,0.1453,0.2388,6.22,0.2059,0.3824,00-0033090,H.Henry,0.1505
00-0039163,2024,13,all,31,8,0.1967,0.1612,0.3153,5.08,0.2903,0.5161,00-0036554,N.Collins,0.2747
00-0039163,2024,11,all,29,8,0.1629,0.1486,0.2701,6.14,0.2414,0.4483,00-0038977,T.Dell,0.4589
00-0034869,2024,19,trailing,27,9,0.1715,0.1495,0.2896,5.83,0.2963,0.4444,00-0036322,J.Jefferson,0.5628
00-0029263,2024,12,all,25,8,0.152,0.1392,0.2545,6.58,0.24,0.4,00-0037247,G.Pickens,0.4408
00-0036442,2024,17,all,49,7,0.2278,0.1995,0.3005,4.39,0.3061,0.551,00-0036900,J.Chase,0.3236
00-0033077,2024,5,all,41,10,0.1636,0.1374,0.235,6.11,0.2439,0.4634,00-0037666,J.Tolbert,0.4161
00-0038583,2024,17,all,29,7,0.2652,0.2006,0.4369,3.77,0.4483,0.5862,00-0036407,J.Jeudy,0.513
00-0023459,2024,4,all,41,8,0.1565,0.1457,0.2291,6.39,0.1951,0.3902,00-0037740,G.Wilson,0.1672
00-0030565,2024,6,all,36,8,0.1775,0.165,0.2594,5.63,0.25,0.4444,00-0035640,D.Metcalf,0.4507
00-0029263,2024,13,all,35,10,0.1331,0.1216,0.2131,7.52,0.2,0.3714,00-0036894,P.Freiermuth,0.2434
00-0039150,2024,12,all,33,7,0.1827,0.1607,0.2935,5.47,0.303,0.4848,00-0033589,D.Moore,0.4296
00-0036355,2024,14,trailing,29,9,0.1938,0.1652,0.3129,5.16,0.3103,0.5517,00-0036988,J.Palmer,0.4649
00-0039163,2024,5,all,35,8,0.1559,0.1412,0.2459,6.41,0.2286,0.4286,00-0031588,S.Diggs,0.2593
00-0036355,2024,19,all,27,8,0.2593,0.1767,0.4433,3.86,0.4444,0.5926,00-0039915,L.McConkey,0.5655
00-0036355,2024,7,trailing,27,8,0.1879,0.1687,0.2924,5.32,0.2593,0.5185,00-0039915,L.McConkey,0.1458
00-0034855,2024,12,all,30,11,0.1556,0.1377,0.2512,6.43,0.2333,0.4333,00-0032385,S.Shepard,0.0718
00-0033949,2024,18,all,34,9,0.1609,0.1366,0.2458,6.22,0.2941,0.4412,00-0036259,J.Jennings,0.225
00-0023459,2024,14,all,39,7,0.2032,0.1768,0.29,4.92,0.2821,0.5385,00-0031381,D.Adams,0.289
00-0026158,2024,6,all,36,10,0.1435,0.1296,0.2253,6.97,0.25,0.3889,00-0038997,J.Downs,0.1108
00-0027973,2024,4,all,35,7,0.231,0.1933,0.3684,4.33,0.3714,0.6,00-0035216,Di.Johnson,0.5889
00-0039732,2024,13,all,31,9,0.1634,0.1425,0.278,6.12,0.2903,0.4516,00-0034348,C.Sutton,0.4458
00-0033106,2024,12,all,26,8,0.1568,0.1479,0.2396,6.38,0.1923,0.3846,00-0039065,S.LaPorta,0.2254
00-0039918,2024,11,all,32,6,0.2285,0.207,0.3166,4.38,0.3125,0.5625,00-0039919,R.Odunze,0.533
00-0029604,2024,4,all,34,6,0.2232,0.1902,0.3322,4.48,0.3529,0.5588,00-0037238,D.London,0.4955
00-0036264,2024,7,all,33,8,0.1827,0.157,0.2801,5.47,0.303,0.4848,00-0037816,R.Doubs,0.431
00-0039910,2024,2,all,29,8,0.1581,0.151,0.2604,6.32,0.2759,0.4138,00-0035659,T.McLaurin,0.2541
00-0033537,2024,1,trailing,27,7,0.1852,0.1632,0.2978,5.4,0.2963,0.4815,00-0036407,J.Jeudy,0.4099
00-0033106,2024,15,all,30,7,0.2156,0.1756,0.3714,4.64,0.3667,0.5333,00-0036963,A.St. Brown,0.4797
00-0039163,2024,19,all,30,8,0.1911,0.1644,0.3092,5.23,0.2667,0.5333,00-0036554,N.Collins,0.3698
00-0035993,2024,18,all,30,8,0.2133,0.1666,0.3601,4.69,0.3333,0.6,00-0033858,J.Smith,0.145
00-0039163,2024,6,all,25,7,0.216,0.184,0.357,4.63,0.28,0.56,00-0038977,T.Dell,0.2405
00-0029263,2024,7,all,26,7,0.1982,0.1626,0.3256,5.04,0.3462,0.5,00-0037247,G.Pickens,0.7488
00-0035228,2024,5,all,30,8,0.2022,0.1644,0.3047,4.95,0.3,0.5333,00-0037744,T.McBride,0.2658
00-0030565,2024,18,all,28,7,0.1786,0.1707,0.2757,5.6,0.2143,0.4286,00-0035644,N.Fant,0.1721
00-0036212,2024,8,all,38,8,0.1662,0.151,0.2466,6.02,0.2368,0.4474,00-0033040,T.Hill,0.5312
00-0035228,2024,5,trailing,26,7,0.2071,0.1774,0.3196,4.83,0.3077,0.5385,00-0037744,T.McBride,0.2737
00-0036355,2024,15,all,28,6,0.2219,0.1913,0.3346,4.51,0.3214,0.5714,00-0038544,Q.Johnston,0.344
00-0036971,2024,9,trailing,31,8,0.205,0.1674,0.3403,4.88,0.3548,0.5484,00-0033881,E.Engram,0.2709
00-0031503,2024,9,trailing,25,6,0.2288,0.2,0.3473,4.37,0.32,0.56,00-0036407,J.Jeudy,0.3188
00-0029263,2024,8,all,27,9,0.1385,0.1357,0.2236,7.22,0.1852,0.3704,00-0036415,V.Jefferson,0.2296
00-0037834,2024,3,all,30,6,0.2911,0.2311,0.4044,3.44,0.4,0.7333,00-0036259,J.Jennings,0.4543
00-0035228,2024,8,all,33,8,0.2066,0.1736,0.3356,4.84,0.3333,0.5455,00-0037744,T.McBride,0.2784
00-0039163,2024,16,trailing,33,8,0.1791,0.1607,0.2617,5.58,0.2424,0.4545,00-0036554,N.Collins,0.2184
00-0035993,2024,5,all,32,8,0.2305,0.1971,0.3479,4.34,0.3125,0.5625,00-0033040,T.Hill,0.3636
00-0036442,2024,1,all,29,8,0.151,0.1438,0.2416,6.62,0.2069,0.4138,00-0036900,J.Chase,0.2346
00-0034857,2024,16,all,25,8,0.1808,0.1551,0.3185,5.53,0.28,0.52,00-0038933,D.Kincaid,0.1836
00-0035710,2024,3,all,31,8,0.2445,0.1945,0.3905,4.09,0.3871,0.6452,00-0039337,M.Nabers,0.648
00-0029604,2024,8,all,28,6,0.199,0.1913,0.2832,5.03,0.25,0.4643,00-0038542,B.Robinson,-0.0256
00-0030565,2024,2,all,43,7,0.2677,0.2168,0.3759,3.74,0.3721,0.6977,00-0038543,J.Smith-Njigba,0.4738
00-0039163,2024,17,trailing,28,8,0.1811,0.1632,0.296,5.52,0.2857,0.4643,00-0037614,J.Metchie,0.28
00-0036389,2024,2,all,28,7,0.2219,0.1837,0.3674,4.51,0.3571,0.5714,00-0036912,D.Smith,0.5989
00-0026498,2024,20,all,38,6,0.2355,0.2022,0.3286,4.25,0.3421,0.5789,00-0039075,P.Nacua,0.4206
00-0029604,2024,13,trailing,25,6,0.2992,0.2285,0.4978,3.34,0.48,0.68,00-0037238,D.London,0.5938
00-0039152,2024,6,all,26,8,0.1805,0.1538,0.3317,5.54,0.3077,0.5,00-0034837,C.Ridley,0.5991
00-0039732,2024,4,all,25,10,0.1904,0.1519,0.3888,5.25,0.36,0.52,00-0034348,C.Sutton,0.6206
00-0035228,2024,3,all,34,6,0.2388,0.211,0.3392,4.19,0.3235,0.5882,00-0039849,M.Harrison,0.442
00-0034869,2024,16,all,35,7,0.2359,0.1918,0.352,4.24,0.3714,0.6,00-0036322,J.Jefferson,0.5784
00-0033873,2024,17,all,34,8,0.2007,0.1678,0.3081,4.98,0.2941,0.5294,00-0030506,T.Kelce,0.1741
00-0035289,2024,2,trailing,34,8,0.2249,0.1816,0.3478,4.45,0.3529,0.6176,00-0031381,D.Adams,0.6435
00-0034796,2024,8,trailing,27,7,0.2373,0.1796,0.4158,4.21,0.4074,0.5556,00-0039064,Z.Flowers,0.6123
00-0031280,2024,11,all,25,7,0.2352,0.1776,0.3985,4.25,0.4,0.56,00-0033357,T.Hill,0.2
00-0033873,2024,5,all,33,8,0.2011,0.168,0.2986,4.97,0.303,0.5455,00-0030506,T.Kelce,0.3421
00-0033873,2024,3,trailing,29,8,0.2033,0.1534,0.3413,4.92,0.3793,0.5172,00-0039067,R.Rice,0.2703
00-0031345,2024,18,trailing,36,9,0.1481,0.1435,0.2192,6.75,0.1944,0.3889,00-0033110,T.Higbee,0.0784
00-0029263,2024,18,trailing,29,7,0.239,0.1914,0.3603,4.18,0.3793,0.5862,00-0036894,P.Freiermuth,0.3301
00-0039163,2024,20,trailing,25,9,0.1808,0.1518,0.3472,5.53,0.32,0.52,00-0036554,N.Collins,0.4142
00-0023459,2024,18,all,35,8,0.1869,0.1542,0.2982,5.35,0.3429,0.4857,00-0031381,D.Adams,0.5517
00-0039732,2024,11,all,29,10,0.1534,0.1342,0.2652,6.52,0.2759,0.4483,00-0034348,C.Sutton,0.629
00-0034857,2024,9,all,37,9,0.1673,0.1482,0.261,5.98,0.2703,0.4595,00-0038933,D.Kincaid,0.5496
00-0029604,2024,14,all,28,6,0.2474,0.2065,0.3827,4.04,0.3571,0.6429,00-0034407,R.McCloud,0.0982
00-0036971,2024,8,trailing,25,8,0.1392,0.1359,0.2385,7.18,0.2,0.36,00-0033881,E.Engram,0.1477
00-0036945,2024,4,all,32,7,0.2188,0.1835,0.3556,4.57,0.3438,0.5625,00-0037247,G.Pickens,0.6266
00-0036945,2024,5,all,25,8,0.1712,0.1488,0.3057,5.84,0.28,0.48,00-0037247,G.Pickens,0.2264
00-0029604,2024,5,all,54,7,0.203,0.1769,0.273,4.93,0.2963,0.537,00-0036309,D.Mooney,0.4518
00-0030565,2024,9,all,34,7,0.2266,0.1782,0.3686,4.41,0.3824,0.5882,00-0038543,J.Smith-Njigba,0.6504
00-0038400,2024,18,all,41,8,0.1588,0.1421,0.2433,6.3,0.2683,0.4146,00-0037741,J.Dotson,0.4037
00-0035710,2024,8,trailing,31,8,0.1988,0.155,0.3405,5.03,0.3548,0.5161,00-0039337,M.Nabers,0.626
00-0034796,2024,20,all,26,8,0.2012,0.1685,0.3348,4.97,0.3077,0.5385,00-0034753,M.Andrews,0.2369
00-0026498,2024,19,all,26,8,0.1953,0.1538,0.3524,5.12,0.3462,0.5385,00-0039075,P.Nacua,0.1756
00-0033106,2024,2,all,52,8,0.2041,0.1605,0.3055,4.9,0.3462,0.5577,00-0036963,A.St. Brown,0.4658
00-0039163,2024,2,all,32,10,0.1738,0.1426,0.2775,5.75,0.3125,0.4688,00-0036554,N.Collins,0.4727
00-0035228,2024,8,trailing,33,8,0.2066,0.1716,0.3316,4.84,0.3333,0.5455,00-0037744,T.McBride,0.2784
00-0039917,2024,17,all,35,8,0.2147,0.1673,0.329,4.66,0.3714,0.5143,00-0037238,D.London,0.4142
00-0035228,2024,7,all,25,8,0.1872,0.168,0.319,5.34,0.28,0.52,00-0037744,T.McBride,0.2667
00-0036972,2024,18,trailing,28,8,0.2219,0.1684,0.3776,4.51,0.3929,0.5714,00-0039893,B.Thomas,0.6789
00-0036442,2024,14,all,43,8,0.245,0.1888,0.3837,4.08,0.4186,0.6047,00-0036900,J.Chase,0.5971
00-0039917,2024,18,all,37,6,0.3031,0.2241,0.4668,3.3,0.4865,0.6757,00-0037238,D.London,0.6172
00-0036971,2024,3,trailing,31,7,0.1655,0.1571,0.2488,6.04,0.2258,0.4194,00-0039893,B.Thomas,0.2069
00-0036442,2024,11,trailing,27,8,0.177,0.1604,0.2868,5.65,0.2593,0.4815,00-0036410,T.Higgins,0.3531
00-0033873,2025,13,all,31,8,0.2279,0.1696,0.3798,4.39,0.3871,0.5806,00-0039067,R.Rice,0.322
00-0036389,2025,3,all,31,6,0.2487,0.2091,0.3611,4.02,0.3226,0.6452,00-0035676,A.Brown,0.4669
00-0030565,2025,11,trailing,25,6,0.2032,0.1776,0.3506,4.92,0.32,0.52,00-0039338,B.Bowers,0.5479
00-0032268,2025,13,trailing,46,9,0.2108,0.172,0.3072,4.74,0.3043,0.587,00-0035659,T.McLaurin,0.4202
00-0039732,2025,1,all,32,11,0.1582,0.1289,0.2833,6.32,0.2812,0.4688,00-0034348,C.Sutton,0.5784
00-0036442,2025,18,trailing,32,8,0.166,0.1503,0.2598,6.02,0.25,0.4688,00-0036900,J.Chase,0.4709
00-0039376,2025,3,all,34,7,0.2232,0.1868,0.3325,4.48,0.3529,0.5882,00-0037239,C.Olave,0.371
00-0036971,2025,6,all,42,10,0.1372,0.1236,0.2143,7.29,0.2381,0.4048,00-0039893,B.Thomas,0.3375
00-0036972,2025,10,all,29,7,0.2247,0.1891,0.3367,4.45,0.3103,0.5517,00-0036259,J.Jennings,0.4945
00-0036389,2025,5,all,37,7,0.198,0.1702,0.2931,5.05,0.2703,0.5135,00-0036912,D.Smith,0.2274
00-0039910,2025,1,all,29,8,0.1962,0.1581,0.3247,5.1,0.3448,0.5172,00-0035719,D.Samuel,0.2909
00-0039918,2025,10,all,36,8,0.1744,0.1558,0.2748,5.73,0.2778,0.5,00-0039919,R.Odunze,0.4145
00-0033106,2025,11,all,34,6,0.2353,0.2093,0.331,4.25,0.3235,0.5588,00-0036963,A.St. Brown,0.6238
00-0038400,2025,18,all,33,9,0.1387,0.1295,0.2177,7.21,0.2121,0.3636,00-0037741,J.Dotson,0.3436
00-0036264,2025,4,all,36,10,0.1373,0.1235,0.2131,7.28,0.2222,0.3889,00-0037816,R.Doubs,0.4179
00-0036945,2025,8,trailing,27,8,0.1687,0.1523,0.2814,5.93,0.2593,0.4444,00-0040736,M.Taylor,0.2571
00-0034857,2025,19,all,35,9,0.1853,0.151,0.316,5.4,0.3429,0.4857,00-0037261,K.Shakir,0.0794
00-0033119,2025,11,all,37,8,0.2038,0.1643,0.3427,4.91,0.3514,0.5676,00-0038559,Mi.Wilson,0.7434
00-0032950,2025,5,all,33,6,0.2103,0.1827,0.3076,4.76,0.3333,0.5152,00-0036322,J.Jefferson,0.7378
00-0034771,2025,12,trailing,25,8,0.1744,0.1583,0.2769,5.73,0.28,0.48,00-0035640,D.Metcalf,0.187
00-0036264,2025,7,all,28,8,0.2398,0.1963,0.3985,4.17,0.3571,0.6429,00-0038996,T.Kraft,0.1905
00-0034869,2025,16,all,31,7,0.2175,0.1779,0.3303,4.6,0.3548,0.5484,00-0038543,J.Smith-Njigba,0.5602
00-0039918,2025,11,all,28,8,0.1556,0.148,0.2426,6.43,0.2143,0.3929,00-0039919,R.Odunze,0.439
00-0033119,2025,15,all,26,7,0.2899,0.2245,0.4736,3.45,0.4231,0.7308,00-0037744,T.McBride,0.2993
00-0039918,2025,9,all,32,7,0.1934,0.1699,0.2774,5.17,0.25,0.5,00-0035208,O.Zaccheaus,0.2063
00-0034857,2025,14,trailing,25,8,0.1552,0.1456,0.2738,6.44,0.24,0.44,00-0035689,D.Knox,0.2574
00-0023459,2025,9,all,28,8,0.1582,0.1504,0.2401,6.32,0.2143,0.3929,00-0038558,D.Washington,0.3423
00-0033077,2025,7,all,27,7,0.2126,0.1906,0.3365,4.7,0.2963,0.5185,00-0036358,C.Lamb,0.4049
00-0036971,2025,17,all,37,8,0.195,0.1672,0.274,5.13,0.2703,0.5135,00-0038606,P.Washington,0.3149
00-0026498,2025,19,all,42,7,0.2948,0.2358,0.4185,3.39,0.4286,0.7381,00-0039075,P.Nacua,0.4659
00-0033077,2025,2,all,52,9,0.1612,0.142,0.2235,6.2,0.2308,0.4423,00-0038041,J.Ferguson,0.22
00-0036971,2025,6,trailing,30,9,0.1378,0.1311,0.2378,7.26,0.2333,0.3667,00-0039893,B.Thomas,0.3553
00-0033106,2025,9,trailing,30,7,0.2578,0.1956,0.4366,3.88,0.4333,0.6,00-0036963,A.St. Brown,0.5459
00-0026498,2025,15,trailing,30,9,0.1844,0.1555,0.2957,5.42,0.3,0.5,00-0039075,P.Nacua,0.3351
00-0037834,2025,1,all,34,8,0.1799,0.1522,0.2717,5.56,0.2941,0.5,00-0033280,C.McCaffrey,0.0784
00-0034857,2025,3,all,27,10,0.1331,0.1248,0.2263,7.52,0.2222,0.3704,00-0038933,D.Kincaid,0.4457
00-0034857,2025,10,trailing,25,10,0.1424,0.1232,0.2642,7.02,0.24,0.44,00-0037261,K.Shakir,0.0904
00-0039150,2025,18,trailing,28,9,0.1531,0.1402,0.2653,6.53,0.25,0.4286,00-0039491,J.Coker,0.3022
00-0034857,2025,14,all,28,9,0.1607,0.1403,0.2552,6.22,0.2857,0.4643,00-0035689,D.Knox,0.3036
00-0036389,2025,14,trailing,26,6,0.2337,0.207,0.3581,4.28,0.3077,0.5769,00-0034351,D.Goedert,0.1538
00-0039732,2025,11,all,35,9,0.1673,0.1477,0.2524,5.98,0.2286,0.4571,00-0039868,T.Franklin,0.6108
00-0033077,2025,2,trailing,41,8,0.1755,0.1564,0.26,5.7,0.2439,0.4634,00-0036358,C.Lamb,0.3722
00-0037834,2025,12,all,31,6,0.2279,0.2027,0.3404,4.39,0.3226,0.5484,00-0033288,G.Kittle,0.3583
00-0039163,2025,17,all,26,7,0.1509,0.1509,0.2485,6.63,0.1923,0.3462,00-0034775,C.Kirk,0.0571
00-0039923,2025,10,all,32,6,0.2383,0.2051,0.3341,4.2,0.3125,0.625,00-0038994,J.Addison,0.3452
00-0032950,2025,5,trailing,27,6,0.1907,0.177,0.2896,5.24,0.2593,0.4815,00-0036322,J.Jefferson,0.5988
00-0029263,2025,2,all,40,7,0.2112,0.1737,0.3139,4.73,0.325,0.575,00-0039337,M.Nabers,0.5137
00-0033106,2025,7,all,26,8,0.1893,0.1538,0.3407,5.28,0.3462,0.4615,00-0036963,A.St. Brown,0.7348
00-0036971,2025,3,all,38,11,0.1634,0.1384,0.259,6.12,0.2895,0.4737,00-0038606,P.Washington,0.4295
00-0039732,2025,9,all,35,9,0.1755,0.1477,0.2916,5.7,0.3143,0.4857,00-0039868,T.Franklin,0.4599
00-0035100,2025,5,all,30,7,0.1933,0.1733,0.3179,5.17,0.2667,0.5,00-0036900,J.Chase,0.4378
00-0040691,2025,15,all,31,8,0.2008,0.1695,0.3154,4.98,0.3226,0.5484,00-0035535,D.Slayton,0.5552
00-0036355,2025,3,all,45,8,0.1753,0.1634,0.2386,5.7,0.2444,0.4444,00-0030279,K.Allen,0.2791
00-0039732,2025,17,all,37,8,0.1585,0.1453,0.2539,6.31,0.2703,0.4324,00-0034348,C.Sutton,0.5194
00-0033873,2025,11,all,43,10,0.1725,0.142,0.2605,5.8,0.3023,0.5116,00-0030506,T.Kelce,0.1943
00-0033873,2025,5,all,40,8,0.1638,0.15,0.2501,6.11,0.225,0.425,00-0039894,X.Worthy,0.2962
00-0026498,2025,5,all,46,9,0.189,0.1635,0.2733,5.29,0.2609,0.5,00-0039075,P.Nacua,0.2292
00-0039150,2025,11,trailing,34,9,0.1574,0.1435,0.2353,6.35,0.2353,0.4412,00-0040124,T.McMillan,0.3744
00-0033873,2025,11,trailing,26,7,0.1805,0.1627,0.299,5.54,0.2692,0.5,00-0039067,R.Rice,0.0166
00-0036389,2025,3,trailing,27,6,0.251,0.2071,0.3913,3.98,0.3704,0.6296,00-0035676,A.Brown,0.5
00-0033119,2025,6,trailing,27,8,0.1852,0.155,0.3362,5.4,0.3333,0.4815,00-0037744,T.McBride,0.3913
00-0034857,2025,15,trailing,26,9,0.1331,0.1331,0.2223,7.51,0.1923,0.3462,00-0037261,K.Shakir,0.1857
00-0039917,2025,9,trailing,32,5,0.3066,0.2637,0.4318,3.26,0.4375,0.6875,00-0037238,D.London,0.4414
00-0033106,2025,11,trailing,31,6,0.232,0.205,0.3365,4.31,0.3226,0.5484,00-0036963,A.St. Brown,0.6219
00-0032950,2025,7,trailing,40,8,0.2175,0.1837,0.2975,4.6,0.3,0.55,00-0038994,J.Addison,0.4494
00-0023459,2025,1,trailing,29,7,0.1795,0.1676,0.2771,5.57,0.2414,0.4483,00-0035640,D.Metcalf,0.2188
00-0036971,2025,9,all,33,9,0.1772,0.1497,0.26,5.64,0.2727,0.4848,00-0038606,P.Washington,0.2907
00-0039917,2025,6,all,30,5,0.3444,0.2622,0.4782,2.9,0.5,0.7667,00-0037238,D.London,0.7534
00-0040704,2025,6,trailing,27,9,0.177,0.1522,0.2922,5.65,0.2963,0.4815,00-0036407,J.Jeudy,0.4526
00-0035710,2025,5,all,32,7,0.1914,0.1737,0.2891,5.22,0.25,0.5,00-0036252,M.Pittman,0.1111
00-0034796,2025,14,trailing,30,9,0.1733,0.1444,0.2734,5.77,0.3,0.4667,00-0039064,Z.Flowers,0.3366
00-0033106,2025,12,all,38,7,0.2438,0.1939,0.3754,4.1,0.3421,0.6579,00-0036963,A.St. Brown,0.7176
00-0040743,2025,16,all,40,9,0.2,0.1624,0.3076,5.0,0.35,0.55,00-0037239,C.Olave,0.6286
00-0039732,2025,7,trailing,34,10,0.154,0.1332,0.2371,6.49,0.2353,0.4412,00-0039868,T.Franklin,0.3939
00-0039732,2025,15,all,31,8,0.2008,0.1716,0.3135,4.98,0.3226,0.5161,00-0034348,C.Sutton,0.4488
00-0037834,2025,19,all,29,9,0.1653,0.1391,0.268,6.05,0.2414,0.4828,00-0033280,C.McCaffrey,0.1159
00-0033106,2025,16,trailing,40,7,0.1525,0.1538,0.22,6.56,0.2,0.375,00-0039139,J.Gibbs,0.0928
00-0039851,2025,12,all,33,9,0.1717,0.1405,0.2655,5.82,0.303,0.4848,00-0033090,H.Henry,0.2637
00-0026498,2025,5,trailing,43,9,0.1855,0.1585,0.2688,5.39,0.2791,0.5116,00-0039075,P.Nacua,0.2406
00-0040676,2025,14,all,25,8,0.184,0.1551,0.3505,5.43,0.32,0.48,00-0040705,C.Dike,0.527
00-0034855,2025,17,all,41,9,0.1457,0.1362,0.2076,6.86,0.2195,0.3902,00-0039855,J.McMillan,0.36
00-0039851,2025,10,all,29,8,0.2271,0.17,0.3486,4.4,0.3448,0.6207,00-0033555,M.Hollins,0.437
00-0040676,2025,17,all,30,9,0.1533,0.1355,0.2512,6.52,0.2333,0.4333,00-0037809,C.Okonkwo,0.2071
00-0023459,2025,1,all,29,7,0.1795,0.1677,0.2699,5.57,0.2414,0.4483,00-0035640,D.Metcalf,0.2188
00-0037834,2025,16,all,30,8,0.1911,0.1644,0.3046,5.23,0.2667,0.5,00-0033288,G.Kittle,0.3234
00-0034869,2025,21,all,34,7,0.2024,0.1644,0.3346,4.94,0.3529,0.5294,00-0038543,J.Smith-Njigba,0.4507
00-0036945,2025,8,all,27,8,0.1687,0.1468,0.2841,5.93,0.2593,0.4444,00-0040736,M.Taylor,0.2571
00-0039163,2025,7,all,28,8,0.2168,0.1735,0.3318,4.61,0.3214,0.6071,00-0036554,N.Collins,0.5318
00-0029604,2025,15,all,42,6,0.2426,0.2177,0.3096,4.12,0.3095,0.5714,00-0036970,K.Pitts,0.2567
00-0029263,2025,1,all,26,6,0.2456,0.1982,0.397,4.07,0.3846,0.6154,00-0039337,M.Nabers,0.8794
00-0034857,2025,20,trailing,29,8,0.1653,0.1486,0.2628,6.05,0.2759,0.4483,00-0037261,K.Shakir,0.0887
00-0035710,2025,4,all,32,7,0.1992,0.168,0.2969,5.02,0.3125,0.5,00-0036252,M.Pittman,0.5048
00-0036442,2025,17,all,29,10,0.17,0.1343,0.2961,5.88,0.3103,0.4828,00-0036900,J.Chase,0.2136
00-0034855,2025,7,trailing,35,7,0.1722,0.1591,0.2542,5.81,0.2286,0.4286,00-0040129,E.Egbuka,0.3774
00-0039918,2025,9,trailing,26,7,0.1953,0.1745,0.2992,5.12,0.2692,0.5,00-0035208,O.Zaccheaus,0.2308
00-0031503,2025,11,all,29,7,0.1986,0.1747,0.3105,5.04,0.3103,0.5172,00-0038117,W.Robinson,0.3242
00-0036212,2025,2,trailing,28,8,0.1837,0.1582,0.2934,5.44,0.2857,0.5,00-0039040,D.Achane,-0.0179
00-0039918,2025,14,all,28,9,0.1403,0.1276,0.2398,7.13,0.2143,0.3929,00-0040735,L.Burden,0.2885
00-0034796,2025,11,all,25,9,0.1456,0.136,0.2481,6.87,0.2,0.4,00-0034753,M.Andrews,0.1508
00-0040743,2025,18,all,29,7,0.1772,0.1558,0.289,5.64,0.3103,0.4483,00-0037231,K.Austin,0.2876
00-0023459,2025,17,trailing,37,7,0.1644,0.1556,0.2521,6.08,0.2432,0.4324,00-0034272,M.Valdes-Scantling,0.3696
00-0022942,2025,17,all,29,8,0.1558,0.1462,0.2345,6.42,0.2069,0.3793,00-0036223,J.Taylor,-0.0596
00-0033873,2025,1,trailing,37,8,0.2228,0.1657,0.3923,4.49,0.4054,0.5405,00-0035662,M.Brown,0.2751
00-0036264,2025,3,all,25,6,0.2192,0.1871,0.3505,4.56,0.36,0.52,00-0035700,J.Jacobs,-0.5
00-0033077,2025,4,trailing,32,9,0.1602,0.1426,0.2541,6.24,0.25,0.4688,00-0037247,G.Pickens,0.619
00-0040691,2025,15,trailing,31,8,0.2008,0.1737,0.3424,4.98,0.3226,0.5484,00-0035535,D.Slayton,0.5552
00-0039376,2025,7,trailing,28,7,0.2092,0.1836,0.3165,4.78,0.2857,0.5357,00-0037545,R.Shaheed,0.378
00-0035228,2025,5,all,27,8,0.166,0.1523,0.2869,6.02,0.2593,0.4444,00-0037744,T.McBride,0.2115
00-0030565,2025,12,all,27,7,0.2236,0.1852,0.3553,4.47,0.3704,0.5556,00-0038563,T.Tucker,0.6267
00-0026158,2025,9,trailing,31,7,0.1883,0.1655,0.3008,5.31,0.2903,0.4839,00-0038597,C.Brown,0.0072
00-0034857,2025,17,all,34,9,0.1488,0.1332,0.2389,6.72,0.2353,0.4118,00-0037261,K.Shakir,0.0245
00-0023459,2025,18,all,44,9,0.1415,0.1322,0.2037,7.07,0.2045,0.3636,00-0036919,K.Gainwell,-0.0066
00-0036355,2025,1,all,34,9,0.2093,0.1712,0.3236,4.78,0.2941,0.5588,00-0030279,K.Allen,0.2602
00-0023459,2025,7,all,33,9,0.1442,0.1331,0.2213,6.94,0.1818,0.3636,00-0033858,J.Smith,0.2369
00-0039163,2025,4,all,25,6,0.1936,0.1776,0.3024,5.17,0.24,0.48,00-0034383,D.Schultz,0.2899
00-0036212,2025,2,all,32,8,0.1992,0.168,0.3087,5.02,0.3125,0.5312,00-0039040,D.Achane,-0.0359
00-0040704,2025,5,all,32,8,0.1797,0.1543,0.293,5.57,0.2812,0.5,00-0033885,D.Njoku,0.2644
00-0026158,2025,1,all,42,8,0.1769,0.161,0.2438,5.65,0.2143,0.4048,00-0040663,H.Fannin,0.2686
00-0036898,2025,9,all,29,8,0.1819,0.1558,0.2818,5.5,0.2759,0.4828,00-0036554,N.Collins,0.4167
00-0034869,2025,11,trailing,40,7,0.2,0.17,0.2775,5.0,0.275,0.55,00-0039793,A.Barner,0.0968
00-0040743,2025,13,all,35,7,0.1967,0.1755,0.2849,5.08,0.2571,0.5143,00-0039424,D.Vele,0.361
00-0033873,2025,15,all,26,6,0.2456,0.2071,0.3847,4.07,0.3846,0.6154,00-0039067,R.Rice,0.0739
00-0039918,2025,17,all,39,9,0.1637,0.14,0.2414,6.11,0.2564,0.4872,00-0040126,C.Loveland,0.3732
00-0026498,2025,17,all,36,7,0.1821,0.1681,0.2809,5.49,0.2778,0.4722,00-0039075,P.Nacua,0.2521
00-0036264,2025,10,all,33,8,0.157,0.146,0.2435,6.37,0.2424,0.4242,00-0038393,D.Wicks,0.2152
00-0033119,2025,12,trailing,29,7,0.2105,0.1772,0.3199,4.75,0.3103,0.5517,00-0038559,Mi.Wilson,0.4508
00-0039732,2025,2,all,30,10,0.1511,0.1267,0.2446,6.62,0.3,0.4333,00-0039868,T.Franklin,0.4082
00-0033119,2025,10,all,39,7,0.2176,0.1821,0.3137,4.6,0.3333,0.5897,00-0037744,T.McBride,0.3788
00-0034855,2025,7,all,35,7,0.1722,0.1608,0.2508,5.81,0.2286,0.4286,00-0040129,E.Egbuka,0.3774
00-0033106,2025,9,all,36,7,0.2284,0.1851,0.3444,4.38,0.3611,0.5833,00-0036963,A.St. Brown,0.4857
00-0035710,2025,12,all,31,9,0.1759,0.1508,0.2799,5.69,0.2581,0.4839,00-0036252,M.Pittman,0.2662
00-0033873,2025,14,all,27,9,0.155,0.1357,0.2624,6.45,0.2593,0.4444,00-0039067,R.Rice,0.083
00-0039732,2025,4,all,37,10,0.1308,0.122,0.1923,7.65,0.1892,0.3514,00-0039868,T.Franklin,0.3103
00-0039150,2025,2,trailing,29,10,0.1391,0.1272,0.2343,7.19,0.2414,0.3793,00-0040124,T.McMillan,0.3006
00-0036355,2025,9,all,28,9,0.1658,0.148,0.2629,6.03,0.2143,0.4286,00-0039915,L.McConkey,0.1581
00-0040743,2025,17,all,25,6,0.248,0.2064,0.3985,4.03,0.4,0.6,00-0037239,C.Olave,0.3894
00-0033077,2025,14,trailing,40,8,0.1825,0.1587,0.2625,5.48,0.275,0.475,00-0039410,R.Flournoy,0.3617
00-0030565,2025,11,all,35,8,0.1869,0.164,0.2948,5.35,0.2857,0.4857,00-0039338,B.Bowers,0.5093
00-0034857,2025,11,all,31,11,0.1134,0.1093,0.1842,8.82,0.1613,0.3226,00-0038679,T.Shavers,0.2486
00-0039163,2025,3,trailing,27,8,0.1934,0.1605,0.3005,5.17,0.2963,0.5185,00-0036554,N.Collins,0.4405
00-0039150,2025,19,trailing,34,9,0.2007,0.1574,0.3356,4.98,0.3529,0.5588,00-0039491,J.Coker,0.4554
00-0039917,2025,1,all,42,6,0.2268,0.1995,0.3349,4.41,0.3571,0.5476,00-0037238,D.London,0.3438
00-0037834,2025,4,trailing,30,8,0.1756,0.1511,0.2978,5.7,0.3,0.4667,00-0033280,C.McCaffrey,0.1423
00-0040676,2025,12,all,25,7,0.1584,0.152,0.2577,6.31,0.2,0.4,00-0040705,C.Dike,0.2185
00-0033106,2025,16,all,49,7,0.1612,0.152,0.2404,6.2,0.2449,0.4082,00-0039139,J.Gibbs,0.0758
00-0040668,2025,16,all,27,8,0.1687,0.155,0.2704,5.93,0.2222,0.4444,00-0040784,Q.Judkins,-0.02
00-0026158,2025,4,all,28,9,0.1582,0.1429,0.2603,6.32,0.25,0.4286,00-0036407,J.Jeudy,0.4032
00-0034855,2025,16,all,25,7,0.2224,0.1775,0.3828,4.5,0.36,0.6,00-0031408,M.Evans,0.3922
00-0034857,2025,17,trailing,29,9,0.1486,0.139,0.2319,6.73,0.2414,0.4138,00-0037261,K.Shakir,0.0635
00-0039376,2025,5,all,28,8,0.2143,0.176,0.3726,4.67,0.3571,0.5714,00-0037239,C.Olave,0.4061
00-0036971,2025,7,all,35,8,0.1722,0.1542,0.2672,5.81,0.2571,0.4571,00-0040718,T.Hunter,0.1438
00-0039150,2025,5,all,27,10,0.1578,0.1331,0.2707,6.34,0.2963,0.4444,00-0040124,T.McMillan,0.4898
00-0036355,2025,15,all,26,9,0.1716,0.1479,0.2785,5.83,0.2692,0.4615,00-0030279,K.Allen,0.1813
00-0039917,2025,10,all,26,6,0.2604,0.2218,0.3817,3.84,0.3462,0.6538,00-0037238,D.London,0.3135
00-0033119,2025,10,trailing,39,7,0.2176,0.1807,0.3203,4.6,0.3333,0.5897,00-0037744,T.McBride,0.3788
00-0039732,2025,13,all,43,11,0.1293,0.1184,0.1942,7.74,0.2093,0.3721,00-0033881,E.Engram,0.2031
00-0039918,2025,16,all,29,7,0.1629,0.1558,0.2512,6.14,0.2414,0.4138,00-0034827,D.Moore,0.4377
00-0036442,2025,18,all,39,8,0.1716,0.1544,0.2716,5.83,0.2564,0.4872,00-0036900,J.Chase,0.4257
00-0034857,2025,1,all,36,10,0.1574,0.1373,0.2439,6.35,0.25,0.4444,00-0039901,K.Coleman,0.3045
00-0039918,2025,2,all,25,6,0.232,0.1967,0.376,4.31,0.36,0.56,00-0039919,R.Odunze,0.6312
00-0039917,2025,3,all,34,8,0.1834,0.1626,0.296,5.45,0.2941,0.5,00-0036309,D.Mooney,0.3883
00-0036898,2025,10,trailing,36,7,0.2469,0.2021,0.3719,4.05,0.3611,0.6389,00-0036554,N.Collins,0.4814
00-0036355,2025,17,trailing,31,8,0.1904,0.1633,0.2905,5.25,0.2581,0.5161,00-0040666,O.Hampton,-0.0959
00-0034855,2025,3,all,25,6,0.2256,0.1936,0.3377,4.43,0.28,0.56,00-0031408,M.Evans,0.2879
00-0034869,2025,22,all,34,6,0.237,0.2006,0.3395,4.22,0.3529,0.6176,00-0033908,C.Kupp,0.2778
00-0034855,2025,1,all,30,8,0.1822,0.1622,0.2845,5.49,0.2667,0.4667,00-0031408,M.Evans,0.3397
00-0039150,2025,11,all,45,9,0.1575,0.1378,0.2317,6.35,0.2667,0.4444,00-0040124,T.McMillan,0.4184
00-0035710,2025,7,all,29,7,0.2247,0.1891,0.3485,4.45,0.3448,0.5862,00-0036252,M.Pittman,0.1773
00-0036264,2025,9,all,35,10,0.1478,0.1264,0.236,6.77,0.2857,0.4286,00-0037816,R.Doubs,0.3742
00-0039917,2025,9,all,34,5,0.3028,0.2543,0.4275,3.3,0.4118,0.7059,00-0037238,D.London,0.4613
00-0033106,2025,13,trailing,26,8,0.216,0.1657,0.3882,4.63,0.3846,0.5385,00-0037240,J.Williams,0.5241
00-0026498,2025,7,all,28,10,0.1429,0.13,0.2348,7.0,0.25,0.4286,00-0031381,D.Adams,0.2821
00-0033077,2025,1,all,33,9,0.2213,0.1662,0.3594,4.52,0.3939,0.5758,00-0036358,C.Lamb,0.5498
00-0034855,2025,2,all,36,8,0.1883,0.1604,0.2964,5.31,0.3056,0.5,00-0031408,M.Evans,0.551
00-0028118,2025,3,all,25,7,0.2608,0.1999,0.4272,3.83,0.44,0.6,00-0037740,G.Wilson,0.5664
00-0036972,2025,6,trailing,34,8,0.1678,0.1471,0.2492,5.96,0.2353,0.4412,00-0033307,K.Bourne,0.4073
00-0036212,2025,9,all,25,8,0.2128,0.1743,0.3506,4.7,0.32,0.6,00-0039040,D.Achane,0.0435
00-0039732,2025,5,all,37,10,0.1585,0.1278,0.2462,6.31,0.2703,0.4324,00-0034348,C.Sutton,0.3242
00-0039732,2025,14,all,28,11,0.1403,0.125,0.2374,7.13,0.2143,0.4286,00-0034348,C.Sutton,0.505
00-0039918,2025,12,all,30,8,0.2044,0.1756,0.3247,4.89,0.3,0.5333,00-0039919,R.Odunze,0.4286
00-0036442,2025,16,all,28,8,0.2168,0.1633,0.4107,4.61,0.3929,0.5357,00-0036900,J.Chase,0.4545
00-0036971,2025,14,all,25,6,0.2288,0.2094,0.3475,4.37,0.32,0.56,00-0034960,J.Meyers,0.2607
00-0039163,2025,14,all,27,7,0.1797,0.1605,0.2895,5.56,0.2963,0.4815,00-0036554,N.Collins,0.4148
00-0033077,2025,8,all,26,8,0.1893,0.1656,0.3317,5.28,0.2692,0.5385,00-0037247,G.Pickens,0.2706
00-0036442,2025,14,all,33,8,0.1956,0.1589,0.3095,5.11,0.303,0.5455,00-0036410,T.Higgins,0.5586
00-0033119,2025,7,all,34,8,0.2163,0.173,0.3513,4.62,0.3824,0.5588,00-0037744,T.McBride,0.2836
00-0040743,2025,13,trailing,35,7,0.1967,0.1722,0.2833,5.08,0.2571,0.5143,00-0039424,D.Vele,0.361
00-0039918,2025,1,all,32,8,0.1816,0.1602,0.2931,5.51,0.2812,0.5,00-0039919,R.Odunze,0.2371
00-0026498,2025,2,all,30,7,0.2844,0.2178,0.4334,3.52,0.4333,0.7,00-0031381,D.Adams,0.6571
00-0039150,2025,18,all,28,9,0.1531,0.1402,0.2603,6.53,0.25,0.4286,00-0039491,J.Coker,0.3022
00-0036389,2025,19,trailing,26,7,0.2249,0.1834,0.3462,4.45,0.3462,0.5769,00-0036912,D.Smith,0.2
00-0039376,2025,1,trailing,40,6,0.2363,0.2,0.3251,4.23,0.325,0.6,00-0037239,C.Olave,0.3299
00-0033119,2025,15,trailing,26,7,0.2899,0.2188,0.4351,3.45,0.4231,0.7308,00-0037744,T.McBride,0.2993
00-0033873,2025,9,trailing,26,8,0.1775,0.1538,0.2781,5.63,0.2308,0.4615,00-0039894,X.Worthy,0.3458
00-0039732,2025,10,all,27,9,0.1907,0.1549,0.3416,5.24,0.3333,0.5185,00-0039868,T.Franklin,0.6456
00-0026498,2025,4,all,40,9,0.205,0.1599,0.3414,4.88,0.375,0.525,00-0039075,P.Nacua,0.5029
00-0035710,2025,9,all,28,7,0.2117,0.1837,0.3191,4.72,0.2857,0.5357,00-0036252,M.Pittman,0.2629
00-0036355,2025,6,all,38,8,0.169,0.1524,0.2452,5.92,0.2368,0.4474,00-0039915,L.McConkey,0.2909
00-0035228,2025,3,all,34,10,0.1384,0.1263,0.2302,7.22,0.2353,0.4118,00-0037744,T.McBride,0.1564
00-0036264,2025,15,all,33,9,0.1258,0.1258,0.2085,7.95,0.1818,0.3333,00-0039144,L.Musgrave,0.1437
00-0036971,2025,18,all,27,8,0.1989,0.1741,0.317,5.03,0.2963,0.5185,00-0038606,P.Washington,0.4192
00-0036898,2025,10,all,39,7,0.2387,0.1992,0.3453,4.19,0.359,0.6154,00-0036554,N.Collins,0.4724
00-0039376,2025,7,all,28,7,0.2092,0.1811,0.3189,4.78,0.2857,0.5357,00-0037545,R.Shaheed,0.378
00-0039851,2025,16,all,43,9,0.1541,0.139,0.2235,6.49,0.2326,0.4419,00-0031588,S.Diggs,0.206
00-0023459,2025,19,all,26,8,0.1479,0.145,0.2604,6.76,0.1923,0.3846,00-0034272,M.Valdes-Scantling,0.0789
00-0034869,2025,15,all,33,8,0.2011,0.1754,0.2912,4.97,0.2727,0.4848,00-0038543,J.Smith-Njigba,0.2792
00-0035710,2025,2,all,33,8,0.1699,0.1533,0.2565,5.89,0.2424,0.4545,00-0038997,J.Downs,0.1742
00-0034855,2025,4,trailing,36,6,0.1883,0.1744,0.2809,5.31,0.25,0.5,00-0040129,E.Egbuka,0.4684
00-0039150,2025,2,all,30,10,0.1356,0.1222,0.2245,7.38,0.2333,0.3667,00-0040124,T.McMillan,0.3023
00-0037834,2025,17,all,33,8,0.1901,0.168,0.293,5.26,0.2727,0.5152,00-0037112,J.Tonges,0.2174
00-0039918,2025,19,trailing,40,9,0.1975,0.1537,0.324,5.06,0.375,0.5,00-0040126,C.Loveland,0.3962
00-0033119,2025,11,trailing,37,8,0.2038,0.157,0.327,4.91,0.3514,0.5676,00-0038559,Mi.Wilson,0.7434
00-0036971,2025,16,all,30,7,0.2,0.1799,0.3248,5.0,0.3,0.5,00-0038606,P.Washington,0.4802
00-0036971,2025,15,all,26,8,0.1746,0.1538,0.2993,5.73,0.2692,0.5,00-0034960,J.Meyers,0.2796
00-0033873,2025,9,all,29,9,0.1724,0.1534,0.2771,5.8,0.2414,0.4483,00-0039894,X.Worthy,0.3158
00-0026498,2025,1,all,27,8,0.2455,0.1933,0.4213,4.07,0.3704,0.6667,00-0039075,P.Nacua,0.4152
00-0033873,2025,6,all,26,8,0.1479,0.142,0.2396,6.76,0.2308,0.3846,00-0030506,T.Kelce,0.3357
00-0034857,2025,9,all,25,10,0.1872,0.1455,0.3472,5.34,0.32,0.56,00-0037261,K.Shakir,0.0084
00-0039376,2025,1,all,41,6,0.235,0.2039,0.3326,4.26,0.3171,0.5854,00-0037239,C.Olave,0.3277
00-0039918,2025,18,all,30,7,0.2489,0.1821,0.3979,4.02,0.4333,0.5667,00-0040126,C.Loveland,0.4372
00-0039163,2025,20,trailing,33,8,0.2066,0.168,0.3169,4.84,0.303,0.5758,00-0040130,J.Higgins,0.4777
00-0032268,2025,13,all,46,9,0.2108,0.172,0.3091,4.74,0.3043,0.587,00-0035659,T.McLaurin,0.4202
00-0034855,2025,11,all,25,6,0.232,0.1904,0.3699,4.31,0.36,0.6,00-0040129,E.Egbuka,0.3088
00-0039851,2025,19,all,26,10,0.1391,0.1301,0.2309,7.19,0.1923,0.3846,00-0031588,S.Diggs,0.1607
00-0034855,2025,15,all,33,8,0.225,0.1772,0.3408,4.44,0.3636,0.5758,00-0031408,M.Evans,0.4918
00-0035100,2025,2,trailing,28,8,0.2219,0.1633,0.3732,4.51,0.3929,0.5714,00-0036900,J.Chase,0.3013
00-0033873,2025,7,all,34,9,0.1592,0.1349,0.2734,6.28,0.2941,0.4412,00-0039067,R.Rice,0.0402
00-0036355,2025,5,all,29,7,0.22,0.1866,0.3366,4.55,0.3103,0.5517,00-0030279,K.Allen,0.5273
00-0035710,2025,13,all,25,6,0.1904,0.1807,0.2866,5.25,0.24,0.44,00-0038997,J.Downs,0.2315
00-0033106,2025,2,all,25,8,0.2064,0.168,0.3473,4.84,0.36,0.52,00-0036963,A.St. Brown,0.2917
00-0033106,2025,15,all,27,5,0.3553,0.2702,0.5477,2.81,0.5185,0.7407,00-0036963,A.St. Brown,0.3977
00-0039163,2025,16,all,34,9,0.1557,0.1384,0.241,6.42,0.2647,0.4118,00-0036554,N.Collins,0.5169
00-0039376,2025,3,trailing,31,7,0.2258,0.1842,0.3407,4.43,0.3548,0.5806,00-0037239,C.Olave,0.3981
00-0034796,2025,14,all,33,9,0.1901,0.1551,0.3115,5.26,0.3333,0.5152,00-0039064,Z.Flowers,0.4591
00-0034855,2025,5,all,33,7,0.157,0.1515,0.2342,6.37,0.2424,0.3939,00-0040129,E.Egbuka,0.5771
00-0026498,2025,3,all,33,7,0.2874,0.2121,0.4363,3.48,0.4545,0.697,00-0039075,P.Nacua,0.4888
00-0023459,2025,16,all,38,10,0.1399,0.1288,0.2133,7.15,0.2368,0.4211,00-0035640,D.Metcalf,0.3398
00-0034771,2025,12,all,31,8,0.1634,0.1446,0.255,6.12,0.2581,0.4516,00-0035640,D.Metcalf,0.25
00-0036212,2025,3,all,31,6,0.2341,0.2049,0.332,4.27,0.2903,0.5806,00-0039040,D.Achane,-0.0286
00-0039163,2025,3,all,36,8,0.1944,0.1651,0.3056,5.14,0.3056,0.5278,00-0036554,N.Collins,0.5036
00-0033077,2025,17,all,35,11,0.1657,0.1298,0.267,6.03,0.2857,0.5143,00-0036358,C.Lamb,0.4286
00-0034869,2025,11,all,42,7,0.2018,0.1689,0.2928,4.96,0.2857,0.5476,00-0038543,J.Smith-Njigba,0.3578
00-0039851,2025,3,trailing,33,9,0.1791,0.1478,0.2893,5.58,0.3333,0.4848,00-0033090,H.Henry,0.3681
00-0039376,2025,2,trailing,28,7,0.2015,0.1785,0.3011,4.96,0.2857,0.5,00-0036040,J.Johnson,0.3435
00-0037834,2025,4,all,38,9,0.1593,0.1371,0.2673,6.28,0.2895,0.4211,00-0033280,C.McCaffrey,0.1661
00-0039918,2025,18,trailing,28,6,0.2755,0.209,0.4848,3.63,0.4643,0.6071,00-0040126,C.Loveland,0.4608
00-0036972,2025,3,all,38,7,0.2729,0.2188,0.4062,3.66,0.3947,0.6842,00-0033280,C.McCaffrey,0.1232
00-0040668,2025,14,trailing,26,9,0.1598,0.142,0.284,6.26,0.2692,0.4615,00-0040663,H.Fannin,0.241
00-0039851,2025,3,all,36,9,0.1605,0.1388,0.2655,6.23,0.3056,0.4444,00-0033090,H.Henry,0.3268
00-0040691,2025,18,all,27,5,0.2538,0.2263,0.38,3.94,0.2963,0.5926,00-0035535,D.Slayton,0.1941
00-0033077,2025,4,all,38,9,0.169,0.1496,0.2757,5.92,0.2895,0.4737,00-0037247,G.Pickens,0.4924
00-0026498,2025,17,trailing,35,7,0.1853,0.1705,0.2817,5.4,0.2857,0.4857,00-0039075,P.Nacua,0.2554
00-0039150,2025,16,all,31,8,0.1925,0.1592,0.305,5.19,0.3226,0.5161,00-0040124,T.McMillan,0.4535
00-0039851,2025,11,all,32,6,0.209,0.1816,0.3418,4.79,0.3438,0.5,00-0031588,S.Diggs,0.2742
00-0040206,2025,18,all,32,8,0.1621,0.1406,0.2656,6.17,0.25,0.4688,00-0040128,T.Warren,0.1237
00-0035710,2025,6,all,30,7,0.1956,0.1667,0.3069,5.11,0.3,0.5333,00-0040128,T.Warren,0.2696
00-0026498,2025,14,all,31,10,0.2029,0.1571,0.3216,4.93,0.3548,0.5484,00-0039075,P.Nacua,0.6547
00-0033106,2025,10,all,29,8,0.1795,0.1628,0.2795,5.57,0.2759,0.4828,00-0036963,A.St. Brown,0.3314
00-0040668,2025,14,all,36,10,0.1605,0.1357,0.2701,6.23,0.3056,0.4444,00-0040663,H.Fannin,0.2671
00-0036264,2025,8,all,33,10,0.1534,0.1313,0.2654,6.52,0.2727,0.4545,00-0038996,T.Kraft,0.0939
00-0026498,2025,13,all,27,8,0.2016,0.1659,0.3362,4.96,0.3333,0.5185,00-0039075,P.Nacua,0.2258
00-0040743,2025,15,trailing,25,8,0.1872,0.1616,0.3056,5.34,0.24,0.48,00-0039424,D.Vele,0.3515
00-0033119,2025,16,all,29,9,0.1867,0.1581,0.3104,5.36,0.2759,0.5517,00-0039041,E.Higgins,0.1256
00-0033106,2025,13,all,26,8,0.216,0.1626,0.3669,4.63,0.3846,0.5385,00-0037240,J.Williams,0.5241
00-0039851,2025,5,all,28,7,0.2449,0.1862,0.4263,4.08,0.4286,0.5714,00-0031588,S.Diggs,0.4574
00-0023459,2025,6,all,27,8,0.2016,0.1714,0.3553,4.96,0.3333,0.5185,00-0035640,D.Metcalf,0.6741
00-0035710,2025,10,all,27,7,0.2401,0.1851,0.3776,4.17,0.3704,0.6296,00-0040128,T.Warren,0.2344
00-0039376,2025,6,all,26,7,0.2485,0.1982,0.3876,4.02,0.3846,0.6154,00-0037239,C.Olave,0.5566
00-0039163,2025,13,all,32,7,0.2148,0.1836,0.3207,4.65,0.3125,0.5625,00-0036554,N.Collins,0.5128
00-0023459,2025,17,all,37,7,0.1644,0.1541,0.2583,6.08,0.2432,0.4324,00-0034272,M.Valdes-Scantling,0.3696
00-0033873,2025,1,all,38,9,0.2119,0.162,0.3366,4.72,0.3947,0.5263,00-0035662,M.Brown,0.2704
00-0036971,2025,2,all,41,8,0.1743,0.1553,0.2588,5.74,0.2927,0.4634,00-0039893,B.Thomas,0.5425
00-0039918,2025,20,all,42,9,0.1587,0.1417,0.2415,6.3,0.2381,0.4286,00-0040126,C.Loveland,0.2734
00-0026158,2025,6,all,30,8,0.1822,0.16,0.2868,5.49,0.2667,0.5,00-0036900,J.Chase,0.4375
00-0033873,2025,12,trailing,40,10,0.1538,0.135,0.2475,6.5,0.275,0.45,00-0039067,R.Rice,0.1583
00-0026498,2025,12,all,32,7,0.2051,0.1758,0.3194,4.88,0.3125,0.5625,00-0039075,P.Nacua,0.3789
00-0022942,2025,16,all,30,8,0.1733,0.1489,0.267,5.77,0.2667,0.5,00-0038997,J.Downs,0.3004
00-0035710,2025,2,trailing,28,8,0.1658,0.1531,0.2606,6.03,0.25,0.4286,00-0040128,T.Warren,0.2321
00-0036355,2025,17,all,31,8,0.1904,0.159,0.2925,5.25,0.2581,0.5161,00-0038544,Q.Johnston,0.6089
00-0029604,2025,15,trailing,34,6,0.2353,0.211,0.3118,4.25,0.2941,0.5588,00-0036970,K.Pitts,0.2563
00-0029604,2025,18,all,30,6,0.2311,0.2066,0.3269,4.33,0.3,0.5667,00-0036970,K.Pitts,0.1726
00-0026158,2025,11,all,30,5,0.2111,0.2044,0.2979,4.74,0.2667,0.5,00-0036900,J.Chase,0.412
00-0040691,2025,10,all,27,7,0.2181,0.1741,0.3581,4.58,0.3333,0.5926,00-0038117,W.Robinson,0.2099
00-0033077,2025,15,all,31,9,0.1675,0.1404,0.2716,5.97,0.2903,0.4839,00-0036358,C.Lamb,0.5669
00-0032950,2025,7,all,40,8,0.2175,0.1824,0.305,4.6,0.3,0.55,00-0038994,J.Addison,0.4494
00-0036264,2025,7,trailing,28,8,0.2398,0.1837,0.3551,4.17,0.3571,0.6429,00-0038996,T.Kraft,0.1905
00-0036971,2025,4,all,31,10,0.155,0.1322,0.2427,6.45,0.2258,0.4516,00-0038935,B.Strange,0.1378
00-0036972,2025,6,all,35,8,0.1722,0.1542,0.2719,5.81,0.2571,0.4571,00-0033307,K.Bourne,0.4127
00-0036264,2025,9,trailing,26,9,0.1805,0.1419,0.3256,5.54,0.3462,0.4615,00-0037816,R.Doubs,0.5185
00-0034857,2025,5,all,30,8,0.2,0.1667,0.3156,5.0,0.3,0.5333,00-0037261,K.Shakir,0.0542
00-0039917,2025,7,all,29,6,0.2414,0.208,0.3512,4.14,0.3103,0.5862,00-0036970,K.Pitts,0.3395
00-0030565,2025,2,all,39,8,0.1637,0.1465,0.2505,6.11,0.2564,0.4615,00-0034960,J.Meyers,0.3583
00-0026498,2025,16,all,47,9,0.177,0.1453,0.2586,5.65,0.3191,0.4894,00-0039075,P.Nacua,0.3489
00-0039163,2025,8,all,36,10,0.1312,0.1265,0.2052,7.62,0.1944,0.3611,00-0040130,J.Higgins,0.2902
00-0036389,2025,19,all,34,7,0.2232,0.1955,0.3183,4.48,0.3235,0.5294,00-0036912,D.Smith,0.1288
00-0033119,2025,14,all,27,7,0.2483,0.1906,0.4376,4.03,0.4074,0.5926,00-0038559,M.Wilson,0.5921
00-0034869,2025,15,trailing,30,8,0.1933,0.1733,0.2956,5.17,0.2333,0.4667,00-0037545,R.Shaheed,0.4795
00-0035228,2025,1,all,28,9,0.1786,0.1504,0.2936,5.6,0.2857,0.5,00-0037744,T.McBride,0.1863
00-0036442,2025,13,all,43,9,0.1888,0.154,0.2884,5.3,0.3256,0.5349,00-0036900,J.Chase,0.4536
00-0036972,2025,2,all,38,10,0.1607,0.1371,0.2341,6.22,0.2632,0.4474,00-0036259,J.Jennings,0.3583
00-0039732,2025,20,all,42,12,0.1338,0.1213,0.212,7.47,0.2143,0.4048,00-0034348,C.Sutton,0.3831
00-0040676,2025,11,all,36,9,0.1327,0.125,0.1991,7.53,0.1944,0.3611,00-0036415,V.Jefferson,0.2351
00-0036389,2025,6,all,25,5,0.2704,0.2255,0.4179,3.7,0.36,0.68,00-0034351,D.Goedert,0.2564
00-0023459,2025,14,all,33,11,0.2029,0.1533,0.3298,4.93,0.3636,0.5758,00-0035640,D.Metcalf,0.8137
00-0036264,2025,13,all,27,10,0.1962,0.1495,0.3307,5.1,0.3333,0.5556,00-0038124,C.Watson,0.5521
00-0026158,2025,1,trailing,40,8,0.1788,0.1662,0.2513,5.59,0.225,0.425,00-0040663,H.Fannin,0.2863
00-0032268,2025,11,all,29,10,0.1938,0.1605,0.3105,5.16,0.2759,0.5517,00-0030061,Z.Ertz,0.3973
00-0023459,2025,18,trailing,37,9,0.1497,0.1322,0.2199,6.68,0.2162,0.4054,00-0036919,K.Gainwell,-0.0241
00-0035710,2025,1,all,28,7,0.2041,0.1784,0.3427,4.9,0.2857,0.5714,00-0040128,T.Warren,0.2437
00-0030565,2025,2,trailing,36,8,0.1698,0.1497,0.2716,5.89,0.2778,0.4722,00-0034960,J.Meyers,0.3745
00-0034857,2025,20,all,39,9,0.14,0.1282,0.2085,7.14,0.2308,0.3846,00-0037261,K.Shakir,0.0639
00-0026498,2025,11,all,27,8,0.2044,0.1577,0.3499,4.89,0.2963,0.5926,00-0031381,D.Adams,0.5436
00-0039910,2025,2,all,25,8,0.1744,0.1519,0.3282,5.73,0.28,0.44,00-0035659,T.McLaurin,0.4757
00-0026498,2025,6,all,26,7,0.1982,0.1686,0.347,5.04,0.3462,0.5,00-0031381,D.Adams,0.4148
00-0033119,2025,9,all,27,6,0.2401,0.2099,0.3608,4.17,0.3333,0.6296,00-0039849,M.Harrison,0.406
00-0034796,2025,10,all,27,8,0.155,0.1495,0.2649,6.45,0.2222,0.4074,00-0039064,Z.Flowers,0.2119
00-0039917,2025,3,trailing,27,8,0.1742,0.1523,0.295,5.74,0.2963,0.4444,00-0036309,D.Mooney,0.4305
00-0033119,2025,13,all,37,8,0.1702,0.1541,0.2448,5.88,0.2432,0.4324,00-0037744,T.McBride,0.3381
00-0032950,2025,4,all,32,7,0.1875,0.1641,0.2949,5.33,0.2812,0.5,00-0036322,J.Jefferson,0.4344
00-0033106,2025,14,all,31,7,0.232,0.1966,0.3362,4.31,0.2903,0.5806,00-0037240,J.Williams,0.4641
00-0039732,2025,7,all,39,10,0.1571,0.1347,0.2375,6.36,0.2308,0.4615,00-0039868,T.Franklin,0.4396
00-0036264,2025,6,all,25,7,0.216,0.1712,0.3476,4.63,0.36,0.56,00-0037816,R.Doubs,0.3708
00-0039150,2025,12,all,26,8,0.1805,0.1567,0.287,5.54,0.2692,0.4615,00-0040124,T.McMillan,0.6025
00-0033077,2025,9,all,29,6,0.2295,0.2033,0.3342,4.36,0.3103,0.5517,00-0036358,C.Lamb,0.443
00-0036355,2025,7,trailing,38,7,0.2078,0.1759,0.2965,4.81,0.2895,0.5263,00-0030279,K.Allen,0.3168
00-0039163,2025,19,all,31,8,0.1738,0.155,0.2676,5.75,0.2581,0.4839,00-0034775,C.Kirk,0.3071
00-0036355,2025,7,all,38,7,0.2078,0.1759,0.2895,4.81,0.2895,0.5263,00-0030279,K.Allen,0.3168
00-0026158,2025,9,all,33,7,0.1956,0.168,0.304,5.11,0.303,0.5152,00-0038597,C.Brown,0.014
00-0032950,2025,4,trailing,27,7,0.1797,0.1659,0.2949,5.56,0.2593,0.4815,00-0038440,Z.Scott,0.1357
00-0036355,2025,16,all,26,8,0.1686,0.1598,0.2752,5.93,0.2308,0.4231,00-0039915,L.McConkey,0.2375
00-0039163,2025,1,all,27,10,0.1276,0.1221,0.2264,7.84,0.1852,0.3704,00-0036554,N.Collins,0.2035
00-0036389,2025,11,all,27,6,0.251,0.2016,0.4107,3.98,0.4074,0.5926,00-0035676,A.Brown,0.3446
00-0034869,2025,5,trailing,28,8,0.1964,0.1682,0.3167,5.09,0.2857,0.5357,00-0038543,J.Smith-Njigba,0.3889
00-0034796,2025,2,all,27,8,0.2263,0.1742,0.4322,4.42,0.4074,0.5556,00-0039064,Z.Flowers,0.5382
00-0039918,2025,19,all,46,9,0.1909,0.152,0.2981,5.24,0.3478,0.5,00-0040126,C.Loveland,0.3992
00-0030565,2025,1,all,32,8,0.1992,0.1699,0.3106,5.02,0.3125,0.5625,00-0034960,J.Meyers,0.2571
00-0035100,2025,2,all,31,8,0.2008,0.1696,0.3466,4.98,0.3548,0.5161,00-0036900,J.Chase,0.2553
00-0026498,2025,18,all,33,8,0.1864,0.1625,0.2893,5.36,0.303,0.4848,00-0039075,P.Nacua,0.1004
00-0033869,2025,18,all,27,10,0.1468,0.1276,0.2593,6.81,0.2593,0.4444,00-0036196,G.Davis,0.2903
00-0033119,2025,6,all,39,9,0.169,0.1466,0.2676,5.92,0.2821,0.4872,00-0037744,T.McBride,0.2681
00-0040691,2025,5,all,31,8,0.1467,0.1405,0.2466,6.82,0.1935,0.3871,00-0035535,D.Slayton,0.4187
00-0036212,2025,5,all,34,7,0.1817,0.1661,0.2994,5.5,0.2647,0.4706,00-0036613,J.Waddle,0.507
00-0040743,2025,10,all,25,8,0.1648,0.1488,0.2994,6.07,0.28,0.44,00-0037239,C.Olave,0.502
00-0039851,2025,9,all,28,9,0.1684,0.148,0.2682,5.94,0.2143,0.4286,00-0033090,H.Henry,0.1672
00-0035264,2025,21,all,27,8,0.166,0.1495,0.2621,6.02,0.2222,0.4444,00-0038976,M.Mims,0.3807
00-0033119,2025,12,all,45,7,0.2138,0.1872,0.302,4.68,0.3333,0.5556,00-0038559,Mi.Wilson,0.4766
00-0034855,2025,10,all,36,8,0.2315,0.1821,0.352,4.32,0.3333,0.6389,00-0038129,C.Otton,0.2222
00-0033873,2025,12,all,44,10,0.1653,0.1291,0.2461,6.05,0.2955,0.4773,00-0039067,R.Rice,0.1647
00-0036971,2025,17,trailing,30,7,0.1956,0.1733,0.3001,5.11,0.2667,0.5,00-0038606,P.Washington,0.3448
00-0036389,2025,12,all,36,8,0.2284,0.1852,0.3305,4.38,0.3056,0.5833,00-0036912,D.Smith,0.5596
00-0036264,2025,2,all,25,7,0.1872,0.1648,0.3122,5.34,0.28,0.48,00-0038996,T.Kraft,0.1547
00-0036355,2025,4,all,38,9,0.2022,0.1717,0.3131,4.95,0.3421,0.5263,00-0038544,Q.Johnston,0.5958
00-0039150,2025,19,all,37,10,0.179,0.1451,0.2886,5.59,0.3243,0.5135,00-0039491,J.Coker,0.4281
00-0033106,2025,18,all,36,7,0.2577,0.2098,0.4015,3.88,0.4167,0.6389,00-0036963,A.St. Brown,0.7108
00-0026498,2025,21,all,34,9,0.2318,0.1713,0.3638,4.31,0.4118,0.5882,00-0039075,P.Nacua,0.4814
00-0033119,2025,13,trailing,30,8,0.1578,0.1444,0.2382,6.34,0.2,0.4,00-0037744,T.McBride,0.3537
00-0034857,2025,12,all,32,9,0.1641,0.1367,0.2911,6.1,0.3125,0.4375,00-0037261,K.Shakir,0.0898
00-0026498,2025,9,all,29,7,0.1843,0.1605,0.2961,5.43,0.2759,0.5172,00-0039075,P.Nacua,0.2621
00-0033077,2025,6,all,34,8,0.2076,0.1747,0.3185,4.82,0.3235,0.5588,00-0037247,G.Pickens,0.6349
00-0033873,2025,4,all,31,9,0.155,0.1384,0.245,6.45,0.2581,0.4194,00-0039894,X.Worthy,0.6507
00-0039918,2025,4,trailing,29,6,0.2033,0.1819,0.3011,4.92,0.3103,0.5172,00-0036290,C.Kmet,0.4234
00-0039918,2025,16,trailing,26,7,0.1627,0.1538,0.2723,6.15,0.2308,0.4231,00-0034827,D.Moore,0.3702
00-0036264,2025,19,all,38,9,0.1801,0.1537,0.2812,5.55,0.2895,0.4737,00-0037816,R.Doubs,0.2776
00-0036971,2025,7,trailing,34,8,0.1713,0.1488,0.2632,5.84,0.2647,0.4706,00-0040718,T.Hunter,0.1505
00-0036355,2025,4,trailing,36,9,0.2068,0.1635,0.3441,4.84,0.3611,0.5278,00-0038544,Q.Johnston,0.6384
00-0040743,2025,15,all,31,8,0.18,0.1592,0.282,5.55,0.2903,0.4839,00-0037239,C.Olave,0.4868
00-0026498,2025,15,all,37,9,0.1936,0.1614,0.2977,5.17,0.2973,0.5405,00-0039075,P.Nacua,0.3183
00-0033077,2025,12,all,35,9,0.2082,0.1657,0.316,4.8,0.3143,0.5714,00-0036358,C.Lamb,0.436
00-0026498,2025,21,trailing,30,8,0.2133,0.1644,0.3558,4.69,0.3667,0.5667,00-0039075,P.Nacua,0.4645
00-0039732,2025,16,all,29,10,0.1344,0.1272,0.2203,7.44,0.2414,0.3793,00-0034348,C.Sutton,0.5934
00-0036971,2025,5,all,25,10,0.1456,0.1326,0.2449,6.87,0.24,0.4,00-0039893,B.Thomas,0.4402
00-0026158,2025,12,all,33,10,0.1515,0.1386,0.2232,6.6,0.1818,0.3636,00-0038839,M.Tinsley,0.2844
00-0035228,2025,4,all,38,7,0.1884,0.169,0.2703,5.31,0.2632,0.5,00-0037744,T.McBride,0.3271
00-0039150,2025,12,trailing,26,8,0.1805,0.1598,0.284,5.54,0.2692,0.4615,00-0040124,T.McMillan,0.6025
00-0026498,2025,10,all,32,9,0.1504,0.1328,0.2425,6.65,0.25,0.4375,00-0031381,D.Adams,0.4441
00-0039376,2025,2,all,34,7,0.2145,0.1833,0.3201,4.66,0.2941,0.5588,00-0037239,C.Olave,0.488
00-0035100,2025,5,trailing,30,7,0.1933,0.1777,0.2891,5.17,0.2667,0.5,00-0036900,J.Chase,0.4378
00-0036898,2025,12,all,28,8,0.1939,0.1582,0.3371,5.16,0.3214,0.5357,00-0040130,J.Higgins,0.5021
00-0033106,2025,17,all,25,8,0.2768,0.1936,0.4598,3.61,0.48,0.6,00-0036963,A.St. Brown,0.4754
00-0036971,2025,12,all,30,8,0.1644,0.1511,0.2624,6.08,0.2333,0.4333,00-0038606,P.Washington,0.2546
00-0033873,2025,3,all,34,8,0.1817,0.1661,0.2612,5.5,0.2647,0.4706,00-0038104,T.Thornton,0.6123
00-0026158,2025,3,all,33,9,0.1331,0.1313,0.2161,7.51,0.2121,0.3636,00-0033885,D.Njoku,0.0992
00-0039732,2025,6,all,26,9,0.142,0.13,0.2308,7.04,0.2308,0.3846,00-0033881,E.Engram,0.2083
00-0039150,2025,5,trailing,27,10,0.1578,0.1303,0.2813,6.34,0.2963,0.4444,00-0040124,T.McMillan,0.4898
00-0039923,2025,11,all,32,7,0.2031,0.1796,0.297,4.92,0.2812,0.5,00-0036322,J.Jefferson,0.2654
00-0028118,2025,13,all,31,8,0.2445,0.1946,0.3862,4.09,0.3871,0.6452,00-0039890,A.Mitchell,0.5805
00-0022942,2025,15,all,26,6,0.1893,0.1864,0.2811,5.28,0.2308,0.4231,00-0040128,T.Warren,0.3139
00-0034855,2025,17,trailing,29,8,0.1534,0.1463,0.2581,6.52,0.2069,0.3793,00-0039855,J.McMillan,0.3392
00-0039163,2025,20,all,36,8,0.213,0.1806,0.3365,4.7,0.3056,0.5833,00-0038618,X.Hutchinson,0.2573
00-0036898,2025,11,all,40,9,0.1738,0.1487,0.25,5.76,0.25,0.475,00-0036554,N.Collins,0.3014
00-0039851,2025,16,trailing,29,7,0.1795,0.1653,0.3081,5.57,0.2759,0.4828,00-0033555,M.Hollins,0.2448
00-0036212,2025,6,all,29,10,0.1629,0.1391,0.2655,6.14,0.2759,0.4483,00-0036613,J.Waddle,0.6091
00-0036971,2025,19,all,30,7,0.24,0.1911,0.4046,4.17,0.4,0.5667,00-0038606,P.Washington,0.5
00-0034857,2025,15,all,26,9,0.1331,0.1302,0.216,7.51,0.1923,0.3462,00-0037261,K.Shakir,0.1857
00-0026158,2025,6,trailing,29,8,0.1772,0.151,0.3032,5.64,0.2414,0.4828,00-0036410,T.Higgins,0.5
00-0039917,2025,1,trailing,27,6,0.2236,0.196,0.3281,4.47,0.2963,0.5926,00-0037238,D.London,0.3137
00-0034869,2025,2,all,30,6,0.24,0.2089,0.3446,4.17,0.3333,0.6333,00-0038543,J.Smith-Njigba,0.417
00-0034857,2025,1,trailing,32,9,0.1758,0.1562,0.2715,5.69,0.2812,0.4688,00-0039901,K.Coleman,0.3372
00-0039918,2025,6,all,30,8,0.1533,0.1488,0.2379,6.52,0.2333,0.4,00-0035208,O.Zaccheaus,0.2154
00-0036212,2025,3,trailing,26,6,0.2515,0.2068,0.3641,3.98,0.3077,0.6154,00-0039040,D.Achane,0.0
00-0026158,2025,7,all,45,5,0.3343,0.2572,0.5003,2.99,0.5111,0.7333,00-0036900,J.Chase,0.4984
00-0026158,2025,8,all,33,7,0.3646,0.2612,0.5868,2.74,0.5758,0.6667,00-0036900,J.Chase,0.4645
00-0039917,2025,4,all,26,6,0.2426,0.1893,0.3788,4.12,0.3846,0.5769,00-0037238,D.London,0.4453
00-0034855,2025,13,all,26,9,0.1716,0.145,0.3078,5.83,0.3077,0.5,00-0040129,E.Egbuka,0.4398
00-0039918,2025,8,all,29,7,0.2105,0.1819,0.3294,4.75,0.3103,0.5517,00-0039919,R.Odunze,0.506
00-0034869,2025,5,all,34,8,0.2024,0.1798,0.2978,4.94,0.2647,0.5294,00-0033908,C.Kupp,0.2145
00-0036972,2025,5,all,48,8,0.1745,0.1536,0.2414,5.73,0.2292,0.4583,00-0037112,J.Tonges,0.0931
00-0040704,2025,10,all,32,9,0.2207,0.168,0.3361,4.53,0.375,0.5938,00-0036407,J.Jeudy,0.56
00-0026158,2025,2,all,27,8,0.1523,0.1495,0.254,6.57,0.2222,0.4074,00-0038979,C.Tillman,0.3714
00-0040691,2025,7,all,33,7,0.2415,0.1956,0.3701,4.14,0.3939,0.5758,00-0038117,W.Robinson,0.3798
00-0033077,2025,14,all,41,8,0.1826,0.1588,0.2708,5.48,0.2683,0.4634,00-0039410,R.Flournoy,0.3607
00-0033077,2025,16,all,30,8,0.1778,0.1511,0.2933,5.62,0.3,0.5,00-0037247,G.Pickens,0.3914
00-0039918,2025,17,trailing,29,9,0.1867,0.151,0.3103,5.36,0.2759,0.5517,00-0040126,C.Loveland,0.3391
00-0034857,2025,10,all,27,10,0.144,0.1302,0.2374,6.94,0.2222,0.4444,00-0037261,K.Shakir,0.0794
00-0040704,2025,6,all,27,9,0.177,0.1495,0.3034,5.65,0.2963,0.4815,00-0036407,J.Jeudy,0.4526
00-0034855,2025,4,all,39,7,0.1861,0.1623,0.2809,5.37,0.2564,0.5128,00-0040129,E.Egbuka,0.4639
00-0034869,2025,17,all,26,8,0.2604,0.1804,0.4567,3.84,0.4615,0.5769,00-0038543,J.Smith-Njigba,0.6284
00-0035228,2025,4,trailing,29,7,0.1819,0.1627,0.2963,5.5,0.2414,0.4828,00-0039849,M.Harrison,0.4457
00-0036355,2025,10,all,30,9,0.1978,0.1577,0.318,5.06,0.3333,0.5333,00-0038544,Q.Johnston,0.2615
00-0030565,2025,9,all,39,8,0.1979,0.1637,0.3034,5.05,0.3333,0.5128,00-0039338,B.Bowers,0.4412
00-0026158,2025,11,trailing,30,5,0.2111,0.2066,0.2912,4.74,0.2667,0.5,00-0036900,J.Chase,0.412
00-0029604,2025,13,all,31,7,0.1779,0.1592,0.2844,5.62,0.2581,0.4839,00-0036970,K.Pitts,0.2108
00-0031503,2025,12,all,33,6,0.258,0.2084,0.3907,3.88,0.4242,0.6061,00-0038117,W.Robinson,0.4534
00-0036972,2025,10,trailing,29,7,0.2247,0.1866,0.3317,4.45,0.3103,0.5517,00-0036259,J.Jennings,0.4945
00-0033106,2025,12,trailing,38,7,0.2438,0.2022,0.3591,4.1,0.3421,0.6579,00-0036963,A.St. Brown,0.7176
00-0039163,2025,7,trailing,26,8,0.2249,0.1746,0.3698,4.45,0.3462,0.6154,00-0036554,N.Collins,0.5542
00-0039851,2025,1,all,39,10,0.144,0.1294,0.2163,6.95,0.1795,0.359,00-0038608,K.Boutte,0.411
00-0039918,2025,13,all,30,8,0.1556,0.1422,0.2534,6.43,0.2,0.4,00-0040126,C.Loveland,0.335
00-0026498,2025,20,all,40,8,0.1575,0.145,0.2252,6.35,0.25,0.425,00-0039075,P.Nacua,0.2388
00-0033077,2025,13,all,38,7,0.2327,0.1856,0.3409,4.3,0.3684,0.6053,00-0037247,G.Pickens,0.4902
00-0033077,2025,11,all,25,7,0.264,0.203,0.437,3.79,0.44,0.6,00-0037247,G.Pickens,0.6733
00-0040676,2025,5,all,33,8,0.1589,0.1405,0.2599,6.29,0.2727,0.4242,00-0034837,C.Ridley,0.3732
00-0036389,2025,16,all,29,6,0.2747,0.2128,0.4199,3.64,0.4138,0.6897,00-0035676,A.Brown,0.5111
00-0029604,2025,16,all,34,8,0.237,0.1903,0.3427,4.22,0.3235,0.5882,00-0038542,B.Robinson,0.0051
00-0034855,2025,14,all,28,7,0.2245,0.1811,0.3649,4.45,0.3214,0.6071,00-0040129,E.Egbuka,0.6911
00-0040676,2025,5,trailing,33,8,0.1589,0.1423,0.2421,6.29,0.2727,0.4242,00-0034837,C.Ridley,0.3732
00-0036389,2025,14,all,38,7,0.241,0.2104,0.3381,4.15,0.3421,0.6053,00-0035676,A.Brown,0.5116
00-0039918,2025,4,all,37,6,0.1921,0.1775,0.2681,5.21,0.2432,0.4865,00-0039919,R.Odunze,0.4384
00-0029604,2026,2,all,29,10,0.1605,0.132,0.2581,6.23,0.2414,0.4828,00-0040122,A.Jeanty,0.0071
00-0033106,2026,1,all,39,7,0.2426,0.2124,0.3355,4.12,0.359,0.5897,00-0036963,A.St. Brown,0.3382
00-0038128,2026,3,all,30,7,0.2044,0.1778,0.3403,4.89,0.3,0.5333,00-0039880,M.Washington,0.2619
00-0040743,2026,3,all,37,8,0.1863,0.1585,0.3003,5.37,0.3243,0.4865,00-0037239,C.Olave,0.3925
00-0026498,2026,2,all,25,7,0.2608,0.2031,0.4241,3.83,0.4,0.68,00-0031381,D.Adams,0.6207
00-0040743,2026,2,all,32,8,0.2031,0.1757,0.3168,4.92,0.3125,0.5312,00-0037239,C.Olave,0.5417
00-0033119,2026,3,trailing,40,8,0.21,0.1637,0.315,4.76,0.35,0.575,00-0038559,Mi.Wilson,0.412
00-0035710,2026,3,all,35,6,0.2555,0.2229,0.3437,3.91,0.3143,0.6,00-0038997,J.Downs,0.6232
00-0039732,2026,3,trailing,30,9,0.1644,0.151,0.2623,6.08,0.2667,0.4667,00-0036613,J.Waddle,0.5226
00-0034855,2026,3,all,33,9,0.1607,0.1387,0.2581,6.22,0.2727,0.4545,00-0040129,E.Egbuka,0.3171
00-0039732,2026,3,all,33,9,0.1699,0.1405,0.2693,5.89,0.2424,0.4545,00-0036613,J.Waddle,0.4263
00-0030565,2026,2,all,36,7,0.2068,0.1775,0.3056,4.84,0.3333,0.5278,00-0039890,A.Mitchell,0.698
00-0039163,2026,3,all,25,9,0.1456,0.1359,0.2546,6.87,0.24,0.4,00-0038618,X.Hutchinson,0.4353
00-0040676,2026,3,trailing,34,8,0.1972,0.1643,0.3029,5.07,0.2941,0.5588,00-0038117,W.Robinson,0.2568
00-0033106,2026,2,trailing,27,6,0.2209,0.1962,0.3225,4.53,0.3333,0.5556,00-0036963,A.St. Brown,0.3857
00-0036264,2026,3,all,31,8,0.1675,0.1488,0.2636,5.97,0.2581,0.4516,00-0040667,M.Golden,0.6255
00-0036442,2026,2,all,27,7,0.2428,0.1934,0.3692,4.12,0.3333,0.6296,00-0036410,T.Higgins,0.5084
00-0036971,2026,2,all,28,8,0.2806,0.2194,0.4442,3.56,0.4286,0.7143,00-0038606,P.Washington,0.6103
00-0030565,2026,3,all,36,8,0.2176,0.1713,0.3537,4.6,0.3611,0.5833,00-0037740,G.Wilson,0.4978
00-0034857,2026,2,all,25,6,0.2032,0.184,0.3281,4.92,0.32,0.52,00-0038933,D.Kincaid,0.3784
00-0034855,2026,3,trailing,33,9,0.1607,0.1368,0.2507,6.22,0.2727,0.4545,00-0040129,E.Egbuka,0.3171
00-0039150,2026,2,all,31,7,0.2237,0.1861,0.3489,4.47,0.3226,0.6129,00-0040124,T.McMillan,0.4521
00-0039163,2026,1,trailing,36,11,0.162,0.1342,0.2362,6.17,0.2778,0.4722,00-0036554,N.Collins,0.396
00-0038128,2026,3,trailing,30,7,0.2044,0.1732,0.3023,4.89,0.3,0.5333,00-0039880,M.Washington,0.2619
00-0037834,2026,1,all,32,8,0.1699,0.1523,0.2695,5.89,0.2188,0.4375,00-0035719,D.Samuel,0.1104
00-0039732,2026,2,all,29,10,0.1795,0.1272,0.3156,5.57,0.3448,0.4828,00-0036613,J.Waddle,0.5667
00-0026498,2026,3,all,49,8,0.1803,0.1595,0.2478,5.55,0.2653,0.4898,00-0031381,D.Adams,0.4382
00-0034869,2026,3,trailing,39,9,0.2032,0.1584,0.311,4.92,0.359,0.5641,00-0038543,J.Smith-Njigba,0.5551
00-0039910,2026,1,trailing,25,9,0.1584,0.136,0.2835,6.31,0.28,0.44,00-0031588,S.Diggs,0.3452
00-0035710,2026,2,all,30,7,0.2022,0.1777,0.3067,4.95,0.3,0.5333,00-0038997,J.Downs,0.462
00-0040743,2026,1,trailing,49,7,0.1728,0.1595,0.2505,5.79,0.2653,0.449,00-0037239,C.Olave,0.5429
00-0036355,2026,3,all,29,9,0.1463,0.1343,0.2344,6.84,0.2069,0.4138,00-0038544,Q.Johnston,0.2787
00-0034857,2026,1,all,29,7,0.1914,0.1653,0.3056,5.22,0.2759,0.4828,00-0034827,D.Moore,0.4401
00-0036389,2026,2,all,34,9,0.2076,0.1574,0.3375,4.82,0.3824,0.5588,00-0036912,D.Smith,0.6205
00-0036971,2026,3,all,26,9,0.1686,0.1568,0.2693,5.93,0.2692,0.4615,00-0034960,J.Meyers,0.3333
00-0040676,2026,3,all,35,8,0.2033,0.1722,0.3095,4.92,0.3143,0.5714,00-0038117,W.Robinson,0.2731
00-0034869,2026,3,all,44,9,0.1808,0.1467,0.2822,5.53,0.3182,0.5227,00-0038543,J.Smith-Njigba,0.5084
00-0033119,2026,1,all,37,6,0.2272,0.1979,0.3383,4.4,0.3514,0.5676,00-0037744,T.McBride,0.3145
00-0034857,2026,3,all,26,9,0.2101,0.1657,0.3699,4.76,0.3846,0.5385,00-0034827,D.Moore,0.4774
00-0039163,2026,2,all,34,8,0.1453,0.1436,0.2215,6.88,0.2059,0.3824,00-0038618,X.Hutchinson,0.1992
00-0039163,2026,1,all,37,11,0.1644,0.1409,0.2506,6.08,0.2703,0.4865,00-0036554,N.Collins,0.4068
00-0040743,2026,1,all,53,7,0.1684,0.157,0.2298,5.94,0.2453,0.4151,00-0037239,C.Olave,0.5032
00-0033537,2026,2,trailing,26,8,0.1834,0.1598,0.299,5.45,0.2692,0.5,00-0041037,D.Boston,0.7229
00-0028986,2026,3,all,32,8,0.1973,0.1719,0.3048,5.07,0.3125,0.5312,00-0040735,L.Burden,0.2663
00-0033119,2026,3,all,47,9,0.196,0.156,0.2975,5.1,0.3404,0.5532,00-0038559,Mi.Wilson,0.48
00-0033106,2026,3,all,31,8,0.1821,0.1571,0.2758,5.49,0.2581,0.5161,00-0039139,J.Gibbs,0.0212
00-0039150,2026,3,all,42,10,0.1202,0.1179,0.1814,8.32,0.1905,0.3333,00-0031610,D.Waller,0.1376
00-0033077,2026,2,all,26,5,0.2219,0.21,0.3551,4.51,0.3077,0.5385,00-0037247,G.Pickens,0.4716
00-0033537,2026,2,all,30,9,0.1711,0.1511,0.2601,5.84,0.2333,0.4333,00-0041037,D.Boston,0.5556
00-0039150,2026,3,trailing,34,10,0.1384,0.128,0.225,7.22,0.2353,0.3824,00-0031610,D.Waller,0.1618
00-0033873,2026,2,all,43,8,0.179,0.1552,0.2571,5.59,0.2558,0.4884,00-0030506,T.Kelce,0.2267
00-0035704,2026,2,all,25,9,0.2384,0.1712,0.424,4.19,0.4,0.64,00-0038543,J.Smith-Njigba,0.5391
00-0032268,2026,3,all,30,11,0.1778,0.1378,0.3089,5.62,0.3,0.5333,00-0035659,T.McLaurin,0.4564
00-0039851,2026,1,all,31,8,0.155,0.1488,0.2509,6.45,0.2258,0.4194,00-0038621,D.Douglas,0.2146
00-0034855,2026,1,all,26,7,0.1953,0.1716,0.3048,5.12,0.2692,0.5,00-0039361,B.Irving,-0.2155
00-0033537,2026,3,all,30,6,0.2378,0.2133,0.3489,4.21,0.3,0.6,00-0041547,K.Concepcion,0.2169
00-0040691,2026,1,all,28,7,0.2143,0.1786,0.3547,4.67,0.3214,0.5714,00-0039337,M.Nabers,0.4292
00-0034857,2026,3,trailing,25,9,0.1968,0.1552,0.3378,5.08,0.36,0.52,00-0034827,D.Moore,0.4674
00-0033077,2026,3,all,41,9,0.1826,0.1612,0.2673,5.48,0.2683,0.4878,00-0037247,G.Pickens,0.2941
00-0040743,2026,3,trailing,25,7,0.1904,0.168,0.3125,5.25,0.28,0.52,00-0037239,C.Olave,0.4604
00-0033077,2026,3,trailing,30,7,0.2133,0.1821,0.3333,4.69,0.3,0.5667,00-0037247,G.Pickens,0.3192
00-0023459,2026,1,all,37,7,0.1717,0.1556,0.2608,5.83,0.2703,0.4324,00-0035640,D.Metcalf,0.5258
00-0036442,2026,3,all,37,9,0.1819,0.1497,0.2945,5.5,0.3243,0.5135,00-0036900,J.Chase,0.3822
00-0036264,2026,2,all,29,8,0.22,0.1769,0.3654,4.55,0.3793,0.5862,00-0038124,C.Watson,0.3981
00-0036442,2026,3,trailing,29,9,0.1914,0.1509,0.3438,5.22,0.3448,0.5172,00-0036900,J.Chase,0.3769
00-0033106,2026,2,all,27,6,0.2209,0.196,0.3364,4.53,0.3333,0.5556,00-0036963,A.St. Brown,0.3857
00-0036442,2026,1,all,32,9,0.1406,0.1367,0.2305,7.11,0.2188,0.375,00-0034829,M.Gesicki,0.2986
00-0039910,2026,1,all,30,9,0.1644,0.1444,0.2556,6.08,0.3,0.4333,00-0031588,S.Diggs,0.3242
00-0023459,2026,3,all,31,9,0.1426,0.1384,0.2113,7.01,0.1935,0.3548,00-0039739,R.Wilson,0.3185
00-0039150,2026,1,all,26,8,0.1716,0.1509,0.2844,5.83,0.2692,0.4615,00-0039491,J.Coker,0.4774
00-0030565,2026,3,trailing,26,8,0.2101,0.1657,0.3581,4.76,0.3462,0.5769,00-0037740,G.Wilson,0.5464
00-0034855,2026,2,all,33,7,0.1534,0.1497,0.2453,6.52,0.2121,0.3939,00-0041048,T.Hurst,0.3511
00-0036264,2026,1,all,30,7,0.2,0.18,0.3024,5.0,0.2667,0.5,00-0040667,M.Golden,0.26
00-0037834,2026,3,all,25,8,0.1776,0.1584,0.2962,5.63,0.24,0.48,00-0033288,G.Kittle,0.1402
00-0029604,2026,3,all,31,7,0.2383,0.1821,0.3799,4.2,0.4194,0.5484,00-0039338,B.Bowers,0.4015
00-0034796,2026,2,all,29,8,0.1914,0.151,0.3175,5.22,0.3103,0.5517,00-0036550,R.Bateman,0.4032
00-0023459,2026,2,all,25,8,0.1584,0.1455,0.2709,6.31,0.24,0.44,00-0041489,G.Bernard,0.4397
