season,team,week,mahal_dist,pct_rank,delta_json,context_note
2022,ARI,2,0.2791,0.0299,"{'quick_game_rate': 0.1005, 'avg_air_yards_x10': -0.2067, 'shotgun_rate': -0.0649, 'early_down_pass_rate': -0.0055, 'no_huddle_rate': -0.1444}",OL-injury / opp-pass-rush tags: nullable until OL lane lands
2022,ARI,3,56.9631,0.9925,"{'quick_game_rate': -0.0339, 'avg_air_yards_x10': 0.0145, 'shotgun_rate': 0.0553, 'early_down_pass_rate': 0.1564, 'no_huddle_rate': 0.1587}",OL-injury / opp-pass-rush tags: nullable until OL lane lands
2022,ARI,4,5.5243,0.8974,"{'quick_game_rate': -0.0291, 'avg_air_yards_x10': -0.0416, 'shotgun_rate': -0.1296, 'early_down_pass_rate': -0.2598, 'no_huddle_rate': -0.2192}",OL-injury / opp-pass-rush tags: nullable until OL lane lands
2022,ARI,5,2.6057,0.5168,"{'quick_game_rate': -0.0093, 'avg_air_yards_x10': 0.1388, 'shotgun_rate': 0.0791, 'early_down_pass_rate': -0.0407, 'no_huddle_rate': 0.167}",OL-injury / opp-pass-rush tags: nullable until OL lane lands
2022,ARI,6,3.3714,0.7146,"{'quick_game_rate': -0.0148, 'avg_air_yards_x10': 0.2785, 'shotgun_rate': 0.05, 'early_down_pass_rate': -0.0785, 'no_huddle_rate': 0.0188}",OL-injury / opp-pass-rush tags: nullable until OL lane lands
2022,ARI,7,5.1332,0.8881,"{'quick_game_rate': -0.1317, 'avg_air_yards_x10': 0.0769, 'shotgun_rate': 0.0207, 'early_down_pass_rate': -0.0854, 'no_huddle_rate': -0.374}",OL-injury / opp-pass-rush tags: nullable until OL lane lands
2022,ARI,8,1.7327,0.2537,"{'quick_game_rate': 0.0667, 'avg_air_yards_x10': -0.0091, 'shotgun_rate': 0.0379, 'early_down_pass_rate': 0.0759, 'no_huddle_rate': -0.136}",OL-injury / opp-pass-rush tags: nullable until OL lane lands
2022,ARI,9,0.877,0.0709,"{'quick_game_rate': 0.0019, 'avg_air_yards_x10': -0.0692, 'shotgun_rate': -0.0045, 'early_down_pass_rate': 0.0617, 'no_huddle_rate': -0.0364}",OL-injury / opp-pass-rush tags: nullable until OL lane lands
2022,ARI,10,3.0121,0.6474,"{'quick_game_rate': -0.0021, 'avg_air_yards_x10': -0.1079, 'shotgun_rate': -0.1436, 'early_down_pass_rate': 0.0191, 'no_huddle_rate': -0.1419}",OL-injury / opp-pass-rush tags: nullable until OL lane lands
2022,ARI,11,2.7011,0.5634,"{'quick_game_rate': 0.0896, 'avg_air_yards_x10': -0.082, 'shotgun_rate': 0.0207, 'early_down_pass_rate': -0.0255, 'no_huddle_rate': 0.2874}",OL-injury / opp-pass-rush tags: nullable until OL lane lands
2022,ARI,12,4.4591,0.8414,"{'quick_game_rate': -0.0948, 'avg_air_yards_x10': 0.3965, 'shotgun_rate': -0.003, 'early_down_pass_rate': -0.1492, 'no_huddle_rate': -0.1412}",OL-injury / opp-pass-rush tags: nullable until OL lane lands
2022,ARI,14,1.2546,0.1138,"{'quick_game_rate': -0.0331, 'avg_air_yards_x10': 0.0542, 'shotgun_rate': -0.0422, 'early_down_pass_rate': 0.0764, 'no_huddle_rate': -0.009}",OL-injury / opp-pass-rush tags: nullable until OL lane lands
2022,ARI,15,0.6082,0.0672,"{'quick_game_rate': -0.0116, 'avg_air_yards_x10': -0.0335, 'shotgun_rate': -0.0214, 'early_down_pass_rate': 0.0344, 'no_huddle_rate': 0.0182}",OL-injury / opp-pass-rush tags: nullable until OL lane lands
2022,ARI,16,2.6933,0.5616,"{'quick_game_rate': -0.0108, 'avg_air_yards_x10': 0.0956, 'shotgun_rate': -0.1281, 'early_down_pass_rate': -0.0002, 'no_huddle_rate': -0.2081}",OL-injury / opp-pass-rush tags: nullable until OL lane lands
2022,ARI,17,3.8361,0.7948,"{'quick_game_rate': -0.1156, 'avg_air_yards_x10': 0.252, 'shotgun_rate': -0.1432, 'early_down_pass_rate': 0.0114, 'no_huddle_rate': 0.2024}",OL-injury / opp-pass-rush tags: nullable until OL lane lands
2022,ARI,18,1.8092,0.291,"{'quick_game_rate': 0.0712, 'avg_air_yards_x10': -0.0421, 'shotgun_rate': -0.0043, 'early_down_pass_rate': 0.0088, 'no_huddle_rate': -0.2095}",OL-injury / opp-pass-rush tags: nullable until OL lane lands
2022,ATL,2,0.1825,0.0075,"{'quick_game_rate': 0.0793, 'avg_air_yards_x10': -0.0928, 'shotgun_rate': 0.0924, 'early_down_pass_rate': 0.0905, 'no_huddle_rate': -0.0411}",OL-injury / opp-pass-rush tags: nullable until OL lane lands
2022,ATL,3,18.6554,0.9795,"{'quick_game_rate': -0.1334, 'avg_air_yards_x10': 0.8101, 'shotgun_rate': -0.2326, 'early_down_pass_rate': -0.1108, 'no_huddle_rate': -0.0137}",OL-injury / opp-pass-rush tags: nullable until OL lane lands
2022,ATL,4,2.8499,0.6082,"{'quick_game_rate': -0.0232, 'avg_air_yards_x10': 0.1688, 'shotgun_rate': -0.1359, 'early_down_pass_rate': -0.1271, 'no_huddle_rate': -0.0284}",OL-injury / opp-pass-rush tags: nullable until OL lane lands
2022,ATL,5,1.8036,0.2892,"{'quick_game_rate': 0.0268, 'avg_air_yards_x10': -0.2391, 'shotgun_rate': 0.0408, 'early_down_pass_rate': 0.0153, 'no_huddle_rate': 0.0308}",OL-injury / opp-pass-rush tags: nullable until OL lane lands
2022,ATL,6,5.3435,0.8918,"{'quick_game_rate': 0.2329, 'avg_air_yards_x10': -0.5493, 'shotgun_rate': -0.0291, 'early_down_pass_rate': -0.1626, 'no_huddle_rate': 0.0385}",OL-injury / opp-pass-rush tags: nullable until OL lane lands
2022,ATL,7,4.9954,0.8769,"{'quick_game_rate': 0.0072, 'avg_air_yards_x10': -0.1693, 'shotgun_rate': -0.0388, 'early_down_pass_rate': -0.1165, 'no_huddle_rate': 0.1165}",OL-injury / opp-pass-rush tags: nullable until OL lane lands
2022,ATL,8,2.9374,0.6306,"{'quick_game_rate': 0.0859, 'avg_air_yards_x10': 0.1057, 'shotgun_rate': 0.1031, 'early_down_pass_rate': 0.0504, 'no_huddle_rate': 0.115}",OL-injury / opp-pass-rush tags: nullable until OL lane lands
2022,ATL,9,2.0954,0.3675,"{'quick_game_rate': -0.0413, 'avg_air_yards_x10': 0.4945, 'shotgun_rate': -0.0113, 'early_down_pass_rate': -0.0164, 'no_huddle_rate': 0.0749}",OL-injury / opp-pass-rush tags: nullable until OL lane lands
2022,ATL,10,3.6338,0.7687,"{'quick_game_rate': -0.1431, 'avg_air_yards_x10': 0.1552, 'shotgun_rate': 0.1716, 'early_down_pass_rate': 0.1491, 'no_huddle_rate': 0.1041}",OL-injury / opp-pass-rush tags: nullable until OL lane lands
2022,ATL,11,3.0762,0.6567,"{'quick_game_rate': 0.2409, 'avg_air_yards_x10': -0.4895, 'shotgun_rate': -0.0147, 'early_down_pass_rate': -0.0514, 'no_huddle_rate': 0.027}",OL-injury / opp-pass-rush tags: nullable until OL lane lands
2022,ATL,12,2.3606,0.4478,"{'quick_game_rate': 0.1679, 'avg_air_yards_x10': -0.4387, 'shotgun_rate': 0.0757, 'early_down_pass_rate': 0.0828, 'no_huddle_rate': 0.0188}",OL-injury / opp-pass-rush tags: nullable until OL lane lands
2022,ATL,13,2.8425,0.6063,"{'quick_game_rate': -0.2394, 'avg_air_yards_x10': 0.5722, 'shotgun_rate': 0.0814, 'early_down_pass_rate': 0.05, 'no_huddle_rate': -0.0136}",OL-injury / opp-pass-rush tags: nullable until OL lane lands
2022,ATL,15,1.0341,0.0858,"{'quick_game_rate': 0.0354, 'avg_air_yards_x10': -0.1186, 'shotgun_rate': -0.0265, 'early_down_pass_rate': 0.0214, 'no_huddle_rate': -0.0492}",OL-injury / opp-pass-rush tags: nullable until OL lane lands
2022,ATL,16,2.3432,0.4403,"{'quick_game_rate': 0.125, 'avg_air_yards_x10': -0.4278, 'shotgun_rate': -0.0517, 'early_down_pass_rate': 0.096, 'no_huddle_rate': 0.0639}",OL-injury / opp-pass-rush tags: nullable until OL lane lands
2022,ATL,17,2.0035,0.3433,"{'quick_game_rate': 0.1399, 'avg_air_yards_x10': -0.4047, 'shotgun_rate': -0.0379, 'early_down_pass_rate': 0.0226, 'no_huddle_rate': -0.0625}",OL-injury / opp-pass-rush tags: nullable until OL lane lands
2022,ATL,18,1.3031,0.1287,"{'quick_game_rate': -0.074, 'avg_air_yards_x10': 0.2121, 'shotgun_rate': 0.0436, 'early_down_pass_rate': 0.0368, 'no_huddle_rate': -0.0409}",OL-injury / opp-pass-rush tags: nullable until OL lane lands
2022,BAL,2,0.2372,0.0168,"{'quick_game_rate': -0.1897, 'avg_air_yards_x10': -0.1172, 'shotgun_rate': -0.0303, 'early_down_pass_rate': 0.0065, 'no_huddle_rate': 0.0747}",OL-injury / opp-pass-rush tags: nullable until OL lane lands
2022,BAL,3,14.7384,0.972,"{'quick_game_rate': 0.0431, 'avg_air_yards_x10': -0.1897, 'shotgun_rate': 0.122, 'early_down_pass_rate': -0.0386, 'no_huddle_rate': -0.0212}",OL-injury / opp-pass-rush tags: nullable until OL lane lands
2022,BAL,4,8.8939,0.9459,"{'quick_game_rate': 0.1667, 'avg_air_yards_x10': -0.6195, 'shotgun_rate': -0.004, 'early_down_pass_rate': -0.111, 'no_huddle_rate': -0.034}",OL-injury / opp-pass-rush tags: nullable until OL lane lands
2022,BAL,5,2.4778,0.4832,"{'quick_game_rate': -0.0237, 'avg_air_yards_x10': -0.0014, 'shotgun_rate': 0.1208, 'early_down_pass_rate': -0.0309, 'no_huddle_rate': 0.0094}",OL-injury / opp-pass-rush tags: nullable until OL lane lands
2022,BAL,6,1.8505,0.3022,"{'quick_game_rate': -0.0815, 'avg_air_yards_x10': 0.0458, 'shotgun_rate': 0.0784, 'early_down_pass_rate': 0.0272, 'no_huddle_rate': -0.0261}",OL-injury / opp-pass-rush tags: nullable until OL lane lands
2022,BAL,7,6.5829,0.9198,"{'quick_game_rate': 0.2446, 'avg_air_yards_x10': -0.3994, 'shotgun_rate': 0.0054, 'early_down_pass_rate': -0.251, 'no_huddle_rate': -0.0066}",OL-injury / opp-pass-rush tags: nullable until OL lane lands
2022,BAL,8,1.7246,0.2463,"{'quick_game_rate': -0.0183, 'avg_air_yards_x10': -0.2817, 'shotgun_rate': 0.0773, 'early_down_pass_rate': 0.0399, 'no_huddle_rate': 0.0043}",OL-injury / opp-pass-rush tags: nullable until OL lane lands
2022,BAL,9,2.5407,0.5037,"{'quick_game_rate': 0.0245, 'avg_air_yards_x10': 0.1707, 'shotgun_rate': 0.0008, 'early_down_pass_rate': -0.169, 'no_huddle_rate': -0.0385}",OL-injury / opp-pass-rush tags: nullable until OL lane lands
2022,BAL,11,2.6272,0.528,"{'quick_game_rate': 0.0672, 'avg_air_yards_x10': -0.4088, 'shotgun_rate': 0.093, 'early_down_pass_rate': 0.0498, 'no_huddle_rate': 0.0273}",OL-injury / opp-pass-rush tags: nullable until OL lane lands
2022,BAL,12,1.93,0.3209,"{'quick_game_rate': -0.0475, 'avg_air_yards_x10': 0.3586, 'shotgun_rate': -0.062, 'early_down_pass_rate': 0.0048, 'no_huddle_rate': 0.0218}",OL-injury / opp-pass-rush tags: nullable until OL lane lands
2022,BAL,13,2.6915,0.5578,"{'quick_game_rate': 0.1026, 'avg_air_yards_x10': -0.2074, 'shotgun_rate': -0.0122, 'early_down_pass_rate': 0.1775, 'no_huddle_rate': 0.0346}",OL-injury / opp-pass-rush tags: nullable until OL lane lands
2022,BAL,14,2.7371,0.5746,"{'quick_game_rate': -0.0774, 'avg_air_yards_x10': -0.0435, 'shotgun_rate': 0.0141, 'early_down_pass_rate': -0.2081, 'no_huddle_rate': -0.0418}",OL-injury / opp-pass-rush tags: nullable until OL lane lands
2022,BAL,15,2.5305,0.5,"{'quick_game_rate': 0.05, 'avg_air_yards_x10': -0.1351, 'shotgun_rate': 0.0534, 'early_down_pass_rate': 0.0056, 'no_huddle_rate': 0.0614}",OL-injury / opp-pass-rush tags: nullable until OL lane lands
2022,BAL,16,2.8956,0.6175,"{'quick_game_rate': -0.075, 'avg_air_yards_x10': 0.3518, 'shotgun_rate': 0.0551, 'early_down_pass_rate': -0.2245, 'no_huddle_rate': -0.0226}",OL-injury / opp-pass-rush tags: nullable until OL lane lands
2022,BAL,17,1.0641,0.0896,"{'quick_game_rate': 0.0182, 'avg_air_yards_x10': -0.0672, 'shotgun_rate': 0.031, 'early_down_pass_rate': -0.1014, 'no_huddle_rate': -0.0007}",OL-injury / opp-pass-rush tags: nullable until OL lane lands
2022,BAL,18,1.6461,0.2201,"{'quick_game_rate': -0.0306, 'avg_air_yards_x10': -0.0071, 'shotgun_rate': 0.0148, 'early_down_pass_rate': 0.0901, 'no_huddle_rate': 0.0408}",OL-injury / opp-pass-rush tags: nullable until OL lane lands
2022,BAL,19,1.7497,0.2612,"{'quick_game_rate': 0.105, 'avg_air_yards_x10': -0.179, 'shotgun_rate': -0.0114, 'early_down_pass_rate': -0.0365, 'no_huddle_rate': -0.0286}",OL-injury / opp-pass-rush tags: nullable until OL lane lands
2022,BUF,2,0.2858,0.0317,"{'quick_game_rate': 0.1339, 'avg_air_yards_x10': 0.0277, 'shotgun_rate': -0.2038, 'early_down_pass_rate': 0.1277, 'no_huddle_rate': -0.0718}",OL-injury / opp-pass-rush tags: nullable until OL lane lands
2022,BUF,3,10.3735,0.9608,"{'quick_game_rate': 0.0459, 'avg_air_yards_x10': -0.1364, 'shotgun_rate': 0.1131, 'early_down_pass_rate': 0.1207, 'no_huddle_rate': 0.0846}",OL-injury / opp-pass-rush tags: nullable until OL lane lands
2022,BUF,4,3.719,0.778,"{'quick_game_rate': -0.154, 'avg_air_yards_x10': 0.0438, 'shotgun_rate': 0.0369, 'early_down_pass_rate': -0.0318, 'no_huddle_rate': 0.1234}",OL-injury / opp-pass-rush tags: nullable until OL lane lands
2022,BUF,5,9.4766,0.9534,"{'quick_game_rate': -0.171, 'avg_air_yards_x10': 0.544, 'shotgun_rate': 0.0911, 'early_down_pass_rate': 0.0387, 'no_huddle_rate': -0.0717}",OL-injury / opp-pass-rush tags: nullable until OL lane lands
2022,BUF,6,1.656,0.2295,"{'quick_game_rate': 0.0993, 'avg_air_yards_x10': -0.0829, 'shotgun_rate': -0.0601, 'early_down_pass_rate': -0.0465, 'no_huddle_rate': -0.053}",OL-injury / opp-pass-rush tags: nullable until OL lane lands
2022,BUF,8,3.5242,0.7444,"{'quick_game_rate': -0.1422, 'avg_air_yards_x10': 0.4774, 'shotgun_rate': -0.0432, 'early_down_pass_rate': -0.128, 'no_huddle_rate': -0.0311}",OL-injury / opp-pass-rush tags: nullable until OL lane lands
2022,BUF,9,2.1682,0.3993,"{'quick_game_rate': -0.0219, 'avg_air_yards_x10': 0.3311, 'shotgun_rate': -0.0655, 'early_down_pass_rate': 0.0499, 'no_huddle_rate': 0.0807}",OL-injury / opp-pass-rush tags: nullable until OL lane lands
2022,BUF,10,1.7763,0.2761,"{'quick_game_rate': -0.0773, 'avg_air_yards_x10': -0.0813, 'shotgun_rate': 0.1133, 'early_down_pass_rate': -0.0195, 'no_huddle_rate': 0.0194}",OL-injury / opp-pass-rush tags: nullable until OL lane lands
2022,BUF,11,4.556,0.8507,"{'quick_game_rate': -0.0662, 'avg_air_yards_x10': -0.1294, 'shotgun_rate': -0.2261, 'early_down_pass_rate': -0.2138, 'no_huddle_rate': -0.0632}",OL-injury / opp-pass-rush tags: nullable until OL lane lands
2022,BUF,12,2.1375,0.3937,"{'quick_game_rate': -0.0992, 'avg_air_yards_x10': 0.132, 'shotgun_rate': 0.102, 'early_down_pass_rate': -0.0118, 'no_huddle_rate': 0.0865}",OL-injury / opp-pass-rush tags: nullable until OL lane lands
2022,BUF,13,2.4537,0.4739,"{'quick_game_rate': -0.0405, 'avg_air_yards_x10': -0.0971, 'shotgun_rate': -0.0833, 'early_down_pass_rate': -0.1654, 'no_huddle_rate': -0.0676}",OL-injury / opp-pass-rush tags: nullable until OL lane lands
2022,BUF,14,0.5489,0.0634,"{'quick_game_rate': 0.0269, 'avg_air_yards_x10': -0.0685, 'shotgun_rate': 0.0165, 'early_down_pass_rate': -0.0276, 'no_huddle_rate': 0.0029}",OL-injury / opp-pass-rush tags: nullable until OL lane lands
2022,BUF,15,3.1398,0.6679,"{'quick_game_rate': -0.1187, 'avg_air_yards_x10': 0.1772, 'shotgun_rate': 0.1057, 'early_down_pass_rate': 0.0035, 'no_huddle_rate': 0.1478}",OL-injury / opp-pass-rush tags: nullable until OL lane lands
2022,BUF,16,3.3996,0.722,"{'quick_game_rate': -0.139, 'avg_air_yards_x10': 0.233, 'shotgun_rate': -0.178, 'early_down_pass_rate': -0.1313, 'no_huddle_rate': -0.1022}",OL-injury / opp-pass-rush tags: nullable until OL lane lands
2022,BUF,18,3.1821,0.6791,"{'quick_game_rate': -0.2178, 'avg_air_yards_x10': 0.4209, 'shotgun_rate': -0.0078, 'early_down_pass_rate': 0.0013, 'no_huddle_rate': -0.059}",OL-injury / opp-pass-rush tags: nullable until OL lane lands
2022,BUF,19,3.1149,0.6604,"{'quick_game_rate': -0.129, 'avg_air_yards_x10': 0.6116, 'shotgun_rate': 0.026, 'early_down_pass_rate': 0.0626, 'no_huddle_rate': -0.0494}",OL-injury / opp-pass-rush tags: nullable until OL lane lands
2022,BUF,20,4.3753,0.8302,"{'quick_game_rate': -0.0023, 'avg_air_yards_x10': -0.0738, 'shotgun_rate': 0.1832, 'early_down_pass_rate': 0.1376, 'no_huddle_rate': 0.2499}",OL-injury / opp-pass-rush tags: nullable until OL lane lands
2022,CAR,2,0.2144,0.0093,"{'quick_game_rate': 0.0306, 'avg_air_yards_x10': 0.1322, 'shotgun_rate': -0.0563, 'early_down_pass_rate': -0.1545, 'no_huddle_rate': -0.0226}",OL-injury / opp-pass-rush tags: nullable until OL lane lands
2022,CAR,3,10.2651,0.959,"{'quick_game_rate': -0.0109, 'avg_air_yards_x10': -0.0714, 'shotgun_rate': -0.2124, 'early_down_pass_rate': -0.1709, 'no_huddle_rate': -0.0731}",OL-injury / opp-pass-rush tags: nullable until OL lane lands
2022,CAR,4,3.0043,0.6418,"{'quick_game_rate': 0.016, 'avg_air_yards_x10': -0.0812, 'shotgun_rate': 0.1549, 'early_down_pass_rate': 0.1972, 'no_huddle_rate': 0.0011}",OL-injury / opp-pass-rush tags: nullable until OL lane lands
2022,CAR,5,7.9831,0.9384,"{'quick_game_rate': -0.0951, 'avg_air_yards_x10': 0.1709, 'shotgun_rate': 0.142, 'early_down_pass_rate': 0.1738, 'no_huddle_rate': 0.065}",OL-injury / opp-pass-rush tags: nullable until OL lane lands
2022,CAR,6,9.3521,0.9515,"{'quick_game_rate': 0.2572, 'avg_air_yards_x10': -0.599, 'shotgun_rate': 0.0759, 'early_down_pass_rate': -0.1318, 'no_huddle_rate': -0.0135}",OL-injury / opp-pass-rush tags: nullable until OL lane lands
2022,CAR,7,2.4226,0.4683,"{'quick_game_rate': -0.0951, 'avg_air_yards_x10': 0.2603, 'shotgun_rate': -0.1512, 'early_down_pass_rate': -0.1735, 'no_huddle_rate': -0.0076}",OL-injury / opp-pass-rush tags: nullable until OL lane lands
2022,CAR,8,3.814,0.7929,"{'quick_game_rate': -0.1926, 'avg_air_yards_x10': 0.5481, 'shotgun_rate': 0.0185, 'early_down_pass_rate': -0.1043, 'no_huddle_rate': -0.0724}",OL-injury / opp-pass-rush tags: nullable until OL lane lands
2022,CAR,9,2.8912,0.6138,"{'quick_game_rate': -0.0908, 'avg_air_yards_x10': -0.0787, 'shotgun_rate': 0.2206, 'early_down_pass_rate': 0.0329, 'no_huddle_rate': 0.0701}",OL-injury / opp-pass-rush tags: nullable until OL lane lands
2022,CAR,10,4.2359,0.8209,"{'quick_game_rate': 0.0776, 'avg_air_yards_x10': -0.1304, 'shotgun_rate': -0.2414, 'early_down_pass_rate': -0.3563, 'no_huddle_rate': -0.094}",OL-injury / opp-pass-rush tags: nullable until OL lane lands
2022,CAR,11,1.5046,0.1866,"{'quick_game_rate': 0.0813, 'avg_air_yards_x10': -0.1615, 'shotgun_rate': 0.0558, 'early_down_pass_rate': 0.1337, 'no_huddle_rate': 0.0323}",OL-injury / opp-pass-rush tags: nullable until OL lane lands
2022,CAR,12,4.2847,0.8284,"{'quick_game_rate': -0.0362, 'avg_air_yards_x10': 0.3621, 'shotgun_rate': -0.3317, 'early_down_pass_rate': -0.297, 'no_huddle_rate': -0.1187}",OL-injury / opp-pass-rush tags: nullable until OL lane lands
2022,CAR,14,3.3469,0.7127,"{'quick_game_rate': 0.2322, 'avg_air_yards_x10': -0.3224, 'shotgun_rate': -0.119, 'early_down_pass_rate': -0.1729, 'no_huddle_rate': -0.0948}",OL-injury / opp-pass-rush tags: nullable until OL lane lands
2022,CAR,15,1.7108,0.2444,"{'quick_game_rate': -0.0774, 'avg_air_yards_x10': 0.3266, 'shotgun_rate': 0.0585, 'early_down_pass_rate': 0.0172, 'no_huddle_rate': -0.054}",OL-injury / opp-pass-rush tags: nullable until OL lane lands
2022,CAR,16,1.3963,0.1604,"{'quick_game_rate': 0.0646, 'avg_air_yards_x10': -0.0331, 'shotgun_rate': -0.0335, 'early_down_pass_rate': -0.2038, 'no_huddle_rate': -0.0039}",OL-injury / opp-pass-rush tags: nullable until OL lane lands
2022,CAR,17,1.6218,0.209,"{'quick_game_rate': -0.0618, 'avg_air_yards_x10': 0.2489, 'shotgun_rate': -0.0453, 'early_down_pass_rate': 0.1357, 'no_huddle_rate': -0.0457}",OL-injury / opp-pass-rush tags: nullable until OL lane lands
2022,CAR,18,2.5328,0.5019,"{'quick_game_rate': -0.1056, 'avg_air_yards_x10': 0.4257, 'shotgun_rate': -0.086, 'early_down_pass_rate': -0.2223, 'no_huddle_rate': -0.042}",OL-injury / opp-pass-rush tags: nullable until OL lane lands
2022,CHI,2,0.2986,0.0336,"{'quick_game_rate': -0.0161, 'avg_air_yards_x10': 0.1471, 'shotgun_rate': -0.2481, 'early_down_pass_rate': 0.0688, 'no_huddle_rate': 0.0311}",OL-injury / opp-pass-rush tags: nullable until OL lane lands
2022,CHI,3,13.9801,0.9683,"{'quick_game_rate': -0.1097, 'avg_air_yards_x10': -0.1265, 'shotgun_rate': -0.0569, 'early_down_pass_rate': 0.0462, 'no_huddle_rate': 0.0346}",OL-injury / opp-pass-rush tags: nullable until OL lane lands
2022,CHI,4,2.636,0.5354,"{'quick_game_rate': 0.074, 'avg_air_yards_x10': 0.0066, 'shotgun_rate': 0.0282, 'early_down_pass_rate': 0.0752, 'no_huddle_rate': -0.0127}",OL-injury / opp-pass-rush tags: nullable until OL lane lands
2022,CHI,5,5.8451,0.903,"{'quick_game_rate': 0.1269, 'avg_air_yards_x10': -0.1622, 'shotgun_rate': 0.225, 'early_down_pass_rate': 0.1135, 'no_huddle_rate': 0.0636}",OL-injury / opp-pass-rush tags: nullable until OL lane lands
2022,CHI,6,1.1086,0.0989,"{'quick_game_rate': 0.0116, 'avg_air_yards_x10': 0.065, 'shotgun_rate': -0.013, 'early_down_pass_rate': 0.0375, 'no_huddle_rate': 0.017}",OL-injury / opp-pass-rush tags: nullable until OL lane lands
2022,CHI,7,1.812,0.2929,"{'quick_game_rate': -0.0908, 'avg_air_yards_x10': 0.0118, 'shotgun_rate': 0.0965, 'early_down_pass_rate': -0.0325, 'no_huddle_rate': -0.0136}",OL-injury / opp-pass-rush tags: nullable until OL lane lands
2022,CHI,8,2.5789,0.5093,"{'quick_game_rate': 0.1245, 'avg_air_yards_x10': -0.1161, 'shotgun_rate': 0.025, 'early_down_pass_rate': -0.0094, 'no_huddle_rate': -0.029}",OL-injury / opp-pass-rush tags: nullable until OL lane lands
2022,CHI,9,2.8926,0.6157,"{'quick_game_rate': 0.0256, 'avg_air_yards_x10': -0.1444, 'shotgun_rate': 0.1067, 'early_down_pass_rate': 0.0843, 'no_huddle_rate': 0.0329}",OL-injury / opp-pass-rush tags: nullable until OL lane lands
2022,CHI,10,1.3017,0.1269,"{'quick_game_rate': -0.0772, 'avg_air_yards_x10': 0.0545, 'shotgun_rate': 0.0386, 'early_down_pass_rate': -0.0065, 'no_huddle_rate': -0.0047}",OL-injury / opp-pass-rush tags: nullable until OL lane lands
2022,CHI,11,2.8891,0.6119,"{'quick_game_rate': 0.1019, 'avg_air_yards_x10': -0.0552, 'shotgun_rate': 0.0701, 'early_down_pass_rate': -0.0897, 'no_huddle_rate': -0.0406}",OL-injury / opp-pass-rush tags: nullable until OL lane lands
2022,CHI,12,3.5989,0.7612,"{'quick_game_rate': 0.0812, 'avg_air_yards_x10': -0.2479, 'shotgun_rate': 0.0105, 'early_down_pass_rate': 0.0686, 'no_huddle_rate': 0.0386}",OL-injury / opp-pass-rush tags: nullable until OL lane lands
2022,CHI,13,2.9838,0.6343,"{'quick_game_rate': -0.0055, 'avg_air_yards_x10': 0.1247, 'shotgun_rate': 0.0898, 'early_down_pass_rate': 0.127, 'no_huddle_rate': -0.0351}",OL-injury / opp-pass-rush tags: nullable until OL lane lands
2022,CHI,15,3.857,0.7966,"{'quick_game_rate': 0.1967, 'avg_air_yards_x10': -0.1794, 'shotgun_rate': 0.0803, 'early_down_pass_rate': 0.0358, 'no_huddle_rate': 0.0543}",OL-injury / opp-pass-rush tags: nullable until OL lane lands
2022,CHI,16,2.0831,0.3657,"{'quick_game_rate': 0.0934, 'avg_air_yards_x10': -0.1157, 'shotgun_rate': 0.0793, 'early_down_pass_rate': 0.0671, 'no_huddle_rate': 0.0135}",OL-injury / opp-pass-rush tags: nullable until OL lane lands
2022,CHI,17,2.7397,0.5765,"{'quick_game_rate': -0.1244, 'avg_air_yards_x10': 0.0861, 'shotgun_rate': 0.1172, 'early_down_pass_rate': 0.1102, 'no_huddle_rate': 0.0024}",OL-injury / opp-pass-rush tags: nullable until OL lane lands
2022,CHI,18,2.5482,0.5056,"{'quick_game_rate': 0.0209, 'avg_air_yards_x10': 0.1495, 'shotgun_rate': -0.1191, 'early_down_pass_rate': 0.0755, 'no_huddle_rate': -0.0373}",OL-injury / opp-pass-rush tags: nullable until OL lane lands
2022,CIN,2,0.2596,0.0224,"{'quick_game_rate': 0.055, 'avg_air_yards_x10': -0.1436, 'shotgun_rate': -0.1776, 'early_down_pass_rate': -0.045, 'no_huddle_rate': -0.1009}",OL-injury / opp-pass-rush tags: nullable until OL lane lands
2022,CIN,3,3.6171,0.7649,"{'quick_game_rate': 0.0553, 'avg_air_yards_x10': 0.1449, 'shotgun_rate': -0.0913, 'early_down_pass_rate': -0.0336, 'no_huddle_rate': -0.0654}",OL-injury / opp-pass-rush tags: nullable until OL lane lands
2022,CIN,4,4.6942,0.8619,"{'quick_game_rate': -0.0742, 'avg_air_yards_x10': 0.3372, 'shotgun_rate': -0.087, 'early_down_pass_rate': -0.0303, 'no_huddle_rate': -0.0436}",OL-injury / opp-pass-rush tags: nullable until OL lane lands
2022,CIN,5,4.5635,0.8545,"{'quick_game_rate': 0.1014, 'avg_air_yards_x10': -0.4199, 'shotgun_rate': 0.2329, 'early_down_pass_rate': 0.0171, 'no_huddle_rate': 0.0351}",OL-injury / opp-pass-rush tags: nullable until OL lane lands
2022,CIN,6,8.3766,0.9422,"{'quick_game_rate': -0.1706, 'avg_air_yards_x10': -0.0625, 'shotgun_rate': 0.2679, 'early_down_pass_rate': 0.1721, 'no_huddle_rate': -0.0397}",OL-injury / opp-pass-rush tags: nullable until OL lane lands
2022,CIN,7,3.4034,0.7239,"{'quick_game_rate': -0.1904, 'avg_air_yards_x10': 0.196, 'shotgun_rate': 0.0756, 'early_down_pass_rate': 0.1206, 'no_huddle_rate': 0.0592}",OL-injury / opp-pass-rush tags: nullable until OL lane lands
2022,CIN,8,3.0526,0.653,"{'quick_game_rate': 0.1083, 'avg_air_yards_x10': -0.1249, 'shotgun_rate': 0.2094, 'early_down_pass_rate': 0.1745, 'no_huddle_rate': 0.0185}",OL-injury / opp-pass-rush tags: nullable until OL lane lands
2022,CIN,9,2.7559,0.584,"{'quick_game_rate': 0.1113, 'avg_air_yards_x10': -0.1001, 'shotgun_rate': -0.2053, 'early_down_pass_rate': -0.1832, 'no_huddle_rate': -0.0152}",OL-injury / opp-pass-rush tags: nullable until OL lane lands
2022,CIN,11,2.1252,0.3843,"{'quick_game_rate': -0.1872, 'avg_air_yards_x10': 0.1073, 'shotgun_rate': 0.1032, 'early_down_pass_rate': 0.0519, 'no_huddle_rate': -0.0105}",OL-injury / opp-pass-rush tags: nullable until OL lane lands
2022,CIN,12,1.3397,0.1381,"{'quick_game_rate': -0.014, 'avg_air_yards_x10': -0.0182, 'shotgun_rate': 0.0584, 'early_down_pass_rate': -0.0708, 'no_huddle_rate': -0.0411}",OL-injury / opp-pass-rush tags: nullable until OL lane lands
2022,CIN,13,1.7574,0.2668,"{'quick_game_rate': -0.0423, 'avg_air_yards_x10': 0.0665, 'shotgun_rate': 0.0743, 'early_down_pass_rate': -0.1526, 'no_huddle_rate': -0.0062}",OL-injury / opp-pass-rush tags: nullable until OL lane lands
2022,CIN,14,0.5924,0.0653,"{'quick_game_rate': -0.0075, 'avg_air_yards_x10': -0.0024, 'shotgun_rate': 0.0346, 'early_down_pass_rate': 0.0087, 'no_huddle_rate': -0.0197}",OL-injury / opp-pass-rush tags: nullable until OL lane lands
2022,CIN,15,1.8016,0.2873,"{'quick_game_rate': 0.0832, 'avg_air_yards_x10': -0.134, 'shotgun_rate': 0.0413, 'early_down_pass_rate': 0.0258, 'no_huddle_rate': 0.0467}",OL-injury / opp-pass-rush tags: nullable until OL lane lands
2022,CIN,16,1.9369,0.3246,"{'quick_game_rate': 0.1065, 'avg_air_yards_x10': -0.0321, 'shotgun_rate': 0.0392, 'early_down_pass_rate': 0.132, 'no_huddle_rate': 0.0254}",OL-injury / opp-pass-rush tags: nullable until OL lane lands
2022,CIN,18,1.7079,0.2425,"{'quick_game_rate': -0.0352, 'avg_air_yards_x10': 0.1801, 'shotgun_rate': 0.1066, 'early_down_pass_rate': 0.0732, 'no_huddle_rate': -0.0092}",OL-injury / opp-pass-rush tags: nullable until OL lane lands
2022,CIN,19,1.6434,0.2164,"{'quick_game_rate': -0.0018, 'avg_air_yards_x10': -0.0742, 'shotgun_rate': 0.1168, 'early_down_pass_rate': 0.0519, 'no_huddle_rate': -0.0398}",OL-injury / opp-pass-rush tags: nullable until OL lane lands
2022,CIN,20,1.7684,0.2724,"{'quick_game_rate': 0.1242, 'avg_air_yards_x10': 0.0322, 'shotgun_rate': 0.026, 'early_down_pass_rate': -0.084, 'no_huddle_rate': -0.0228}",OL-injury / opp-pass-rush tags: nullable until OL lane lands
2022,CIN,21,1.7367,0.2556,"{'quick_game_rate': 0.0212, 'avg_air_yards_x10': 0.0507, 'shotgun_rate': 0.1059, 'early_down_pass_rate': 0.1118, 'no_huddle_rate': 0.0273}",OL-injury / opp-pass-rush tags: nullable until OL lane lands
2022,CLE,2,0.311,0.0373,"{'quick_game_rate': 0.1806, 'avg_air_yards_x10': -0.2311, 'shotgun_rate': -0.1025, 'early_down_pass_rate': -0.0123, 'no_huddle_rate': -0.0069}",OL-injury / opp-pass-rush tags: nullable until OL lane lands
2022,CLE,3,21.8522,0.9813,"{'quick_game_rate': 0.0831, 'avg_air_yards_x10': -0.0079, 'shotgun_rate': 0.0309, 'early_down_pass_rate': 0.0791, 'no_huddle_rate': 0.0608}",OL-injury / opp-pass-rush tags: nullable until OL lane lands
2022,CLE,4,5.0955,0.8843,"{'quick_game_rate': 0.1641, 'avg_air_yards_x10': 0.1492, 'shotgun_rate': -0.1343, 'early_down_pass_rate': 0.1213, 'no_huddle_rate': -0.0017}",OL-injury / opp-pass-rush tags: nullable until OL lane lands
2022,CLE,5,4.0543,0.8097,"{'quick_game_rate': -0.1516, 'avg_air_yards_x10': 0.2267, 'shotgun_rate': 0.0575, 'early_down_pass_rate': 0.0725, 'no_huddle_rate': 0.068}",OL-injury / opp-pass-rush tags: nullable until OL lane lands
2022,CLE,6,7.9936,0.9403,"{'quick_game_rate': -0.1259, 'avg_air_yards_x10': 0.4348, 'shotgun_rate': 0.2575, 'early_down_pass_rate': 0.2361, 'no_huddle_rate': 0.1653}",OL-injury / opp-pass-rush tags: nullable until OL lane lands
2022,CLE,7,1.9826,0.3396,"{'quick_game_rate': 0.1469, 'avg_air_yards_x10': -0.1495, 'shotgun_rate': 0.1252, 'early_down_pass_rate': 0.0598, 'no_huddle_rate': 0.0159}",OL-injury / opp-pass-rush tags: nullable until OL lane lands
2022,CLE,8,2.683,0.556,"{'quick_game_rate': -0.0946, 'avg_air_yards_x10': 0.2353, 'shotgun_rate': -0.1652, 'early_down_pass_rate': -0.1695, 'no_huddle_rate': 0.0051}",OL-injury / opp-pass-rush tags: nullable until OL lane lands
2022,CLE,10,2.1674,0.3974,"{'quick_game_rate': 0.0224, 'avg_air_yards_x10': 0.1003, 'shotgun_rate': 0.0575, 'early_down_pass_rate': 0.1634, 'no_huddle_rate': 0.0832}",OL-injury / opp-pass-rush tags: nullable until OL lane lands
2022,CLE,11,1.8318,0.2948,"{'quick_game_rate': -0.0066, 'avg_air_yards_x10': 0.0379, 'shotgun_rate': 0.1579, 'early_down_pass_rate': 0.1354, 'no_huddle_rate': -0.0027}",OL-injury / opp-pass-rush tags: nullable until OL lane lands
2022,CLE,12,2.4243,0.4701,"{'quick_game_rate': 0.0739, 'avg_air_yards_x10': 0.3034, 'shotgun_rate': 0.1384, 'early_down_pass_rate': -0.0375, 'no_huddle_rate': -0.0588}",OL-injury / opp-pass-rush tags: nullable until OL lane lands
2022,CLE,13,2.7108,0.569,"{'quick_game_rate': -0.0004, 'avg_air_yards_x10': -0.2412, 'shotgun_rate': -0.0158, 'early_down_pass_rate': -0.1524, 'no_huddle_rate': -0.1163}",OL-injury / opp-pass-rush tags: nullable until OL lane lands
2022,CLE,14,2.746,0.5821,"{'quick_game_rate': -0.0242, 'avg_air_yards_x10': 0.006, 'shotgun_rate': 0.231, 'early_down_pass_rate': 0.1592, 'no_huddle_rate': 0.0791}",OL-injury / opp-pass-rush tags: nullable until OL lane lands
2022,CLE,15,2.6491,0.5392,"{'quick_game_rate': 0.1444, 'avg_air_yards_x10': -0.379, 'shotgun_rate': -0.0429, 'early_down_pass_rate': 0.0108, 'no_huddle_rate': -0.0315}",OL-injury / opp-pass-rush tags: nullable until OL lane lands
2022,CLE,16,2.1168,0.3787,"{'quick_game_rate': -0.154, 'avg_air_yards_x10': 0.1616, 'shotgun_rate': -0.0136, 'early_down_pass_rate': -0.1171, 'no_huddle_rate': 0.0217}",OL-injury / opp-pass-rush tags: nullable until OL lane lands
2022,CLE,17,2.1172,0.3825,"{'quick_game_rate': 0.057, 'avg_air_yards_x10': -0.1901, 'shotgun_rate': 0.0001, 'early_down_pass_rate': -0.0499, 'no_huddle_rate': -0.1091}",OL-injury / opp-pass-rush tags: nullable until OL lane lands
2022,CLE,18,2.4864,0.4851,"{'quick_game_rate': 0.0336, 'avg_air_yards_x10': -0.083, 'shotgun_rate': 0.2415, 'early_down_pass_rate': 0.1273, 'no_huddle_rate': 0.0206}",OL-injury / opp-pass-rush tags: nullable until OL lane lands
2022,DAL,2,0.441,0.0522,"{'quick_game_rate': 0.0905, 'avg_air_yards_x10': -0.2567, 'shotgun_rate': -0.2619, 'early_down_pass_rate': -0.2024, 'no_huddle_rate': -0.1043}",OL-injury / opp-pass-rush tags: nullable until OL lane lands
2022,DAL,3,2.3515,0.4422,"{'quick_game_rate': 0.0592, 'avg_air_yards_x10': 0.088, 'shotgun_rate': -0.2072, 'early_down_pass_rate': -0.06, 'no_huddle_rate': -0.0367}",OL-injury / opp-pass-rush tags: nullable until OL lane lands
2022,DAL,4,2.1948,0.4104,"{'quick_game_rate': 0.0514, 'avg_air_yards_x10': 0.0453, 'shotgun_rate': -0.0356, 'early_down_pass_rate': -0.0781, 'no_huddle_rate': -0.0735}",OL-injury / opp-pass-rush tags: nullable until OL lane lands
2022,DAL,5,3.5934,0.7575,"{'quick_game_rate': 0.0085, 'avg_air_yards_x10': -0.0311, 'shotgun_rate': -0.0432, 'early_down_pass_rate': -0.2372, 'no_huddle_rate': -0.1077}",OL-injury / opp-pass-rush tags: nullable until OL lane lands
2022,DAL,6,3.6783,0.7761,"{'quick_game_rate': -0.1083, 'avg_air_yards_x10': 0.0728, 'shotgun_rate': 0.0182, 'early_down_pass_rate': 0.1452, 'no_huddle_rate': 0.1326}",OL-injury / opp-pass-rush tags: nullable until OL lane lands
2022,DAL,7,4.5568,0.8526,"{'quick_game_rate': -0.1377, 'avg_air_yards_x10': 0.3117, 'shotgun_rate': -0.1088, 'early_down_pass_rate': 0.0153, 'no_huddle_rate': 0.0496}",OL-injury / opp-pass-rush tags: nullable until OL lane lands
2022,DAL,8,1.839,0.2966,"{'quick_game_rate': 0.0005, 'avg_air_yards_x10': -0.1202, 'shotgun_rate': -0.0773, 'early_down_pass_rate': 0.0112, 'no_huddle_rate': 0.1028}",OL-injury / opp-pass-rush tags: nullable until OL lane lands
2022,DAL,10,1.705,0.2407,"{'quick_game_rate': 0.0254, 'avg_air_yards_x10': -0.0652, 'shotgun_rate': 0.0981, 'early_down_pass_rate': 0.1227, 'no_huddle_rate': 0.0364}",OL-injury / opp-pass-rush tags: nullable until OL lane lands
2022,DAL,11,3.153,0.6716,"{'quick_game_rate': 0.0791, 'avg_air_yards_x10': -0.3339, 'shotgun_rate': -0.0902, 'early_down_pass_rate': -0.066, 'no_huddle_rate': -0.0323}",OL-injury / opp-pass-rush tags: nullable until OL lane lands
2022,DAL,12,4.2467,0.8228,"{'quick_game_rate': -0.1288, 'avg_air_yards_x10': 0.4162, 'shotgun_rate': -0.23, 'early_down_pass_rate': -0.0816, 'no_huddle_rate': 0.0621}",OL-injury / opp-pass-rush tags: nullable until OL lane lands
2022,DAL,13,1.3824,0.1493,"{'quick_game_rate': 0.0162, 'avg_air_yards_x10': -0.105, 'shotgun_rate': -0.0334, 'early_down_pass_rate': -0.0553, 'no_huddle_rate': -0.0741}",OL-injury / opp-pass-rush tags: nullable until OL lane lands
2022,DAL,14,2.2686,0.4198,"{'quick_game_rate': -0.0312, 'avg_air_yards_x10': 0.0522, 'shotgun_rate': 0.0139, 'early_down_pass_rate': 0.1413, 'no_huddle_rate': 0.1144}",OL-injury / opp-pass-rush tags: nullable until OL lane lands
2022,DAL,15,2.1169,0.3806,"{'quick_game_rate': 0.0507, 'avg_air_yards_x10': 0.0731, 'shotgun_rate': 0.1878, 'early_down_pass_rate': -0.0768, 'no_huddle_rate': 0.0113}",OL-injury / opp-pass-rush tags: nullable until OL lane lands
2022,DAL,16,2.3281,0.4366,"{'quick_game_rate': 0.0803, 'avg_air_yards_x10': -0.0726, 'shotgun_rate': 0.1852, 'early_down_pass_rate': 0.0691, 'no_huddle_rate': -0.0524}",OL-injury / opp-pass-rush tags: nullable until OL lane lands
2022,DAL,17,1.3263,0.1325,"{'quick_game_rate': 0.0116, 'avg_air_yards_x10': -0.0418, 'shotgun_rate': 0.1166, 'early_down_pass_rate': 0.0608, 'no_huddle_rate': -0.0387}",OL-injury / opp-pass-rush tags: nullable until OL lane lands
2022,DAL,18,3.532,0.7463,"{'quick_game_rate': -0.1046, 'avg_air_yards_x10': 0.2673, 'shotgun_rate': 0.2347, 'early_down_pass_rate': 0.1237, 'no_huddle_rate': 0.0832}",OL-injury / opp-pass-rush tags: nullable until OL lane lands
2022,DAL,19,1.2787,0.1194,"{'quick_game_rate': -0.0044, 'avg_air_yards_x10': 0.0084, 'shotgun_rate': 0.1532, 'early_down_pass_rate': -0.0413, 'no_huddle_rate': -0.0028}",OL-injury / opp-pass-rush tags: nullable until OL lane lands
2022,DAL,20,1.745,0.2593,"{'quick_game_rate': 0.0483, 'avg_air_yards_x10': 0.0147, 'shotgun_rate': 0.1099, 'early_down_pass_rate': 0.1001, 'no_huddle_rate': -0.0537}",OL-injury / opp-pass-rush tags: nullable until OL lane lands
2022,DEN,2,0.3578,0.0429,"{'quick_game_rate': -0.1351, 'avg_air_yards_x10': 0.2356, 'shotgun_rate': -0.1875, 'early_down_pass_rate': -0.1348, 'no_huddle_rate': -0.0312}",OL-injury / opp-pass-rush tags: nullable until OL lane lands
2022,DEN,3,5.8297,0.9011,"{'quick_game_rate': -0.0666, 'avg_air_yards_x10': -0.0271, 'shotgun_rate': 0.0745, 'early_down_pass_rate': -0.0678, 'no_huddle_rate': 0.0873}",OL-injury / opp-pass-rush tags: nullable until OL lane lands
2022,DEN,4,4.2583,0.8265,"{'quick_game_rate': -0.0492, 'avg_air_yards_x10': 0.3725, 'shotgun_rate': 0.0741, 'early_down_pass_rate': -0.0207, 'no_huddle_rate': 0.0595}",OL-injury / opp-pass-rush tags: nullable until OL lane lands
2022,DEN,5,1.5585,0.1978,"{'quick_game_rate': 0.0472, 'avg_air_yards_x10': 0.0818, 'shotgun_rate': 0.0955, 'early_down_pass_rate': 0.0087, 'no_huddle_rate': -0.0161}",OL-injury / opp-pass-rush tags: nullable until OL lane lands
2022,DEN,6,3.9028,0.8041,"{'quick_game_rate': -0.0978, 'avg_air_yards_x10': 0.0806, 'shotgun_rate': 0.235, 'early_down_pass_rate': -0.0682, 'no_huddle_rate': 0.0527}",OL-injury / opp-pass-rush tags: nullable until OL lane lands
2022,DEN,7,1.3861,0.153,"{'quick_game_rate': 0.0334, 'avg_air_yards_x10': 0.1701, 'shotgun_rate': 0.014, 'early_down_pass_rate': 0.0334, 'no_huddle_rate': 0.0015}",OL-injury / opp-pass-rush tags: nullable until OL lane lands
2022,DEN,8,3.2863,0.7034,"{'quick_game_rate': -0.032, 'avg_air_yards_x10': 0.2617, 'shotgun_rate': 0.2287, 'early_down_pass_rate': -0.0033, 'no_huddle_rate': 0.0679}",OL-injury / opp-pass-rush tags: nullable until OL lane lands
2022,DEN,10,3.1366,0.666,"{'quick_game_rate': -0.0346, 'avg_air_yards_x10': 0.0923, 'shotgun_rate': 0.0834, 'early_down_pass_rate': 0.1154, 'no_huddle_rate': 0.069}",OL-injury / opp-pass-rush tags: nullable until OL lane lands
2022,DEN,11,3.2651,0.6959,"{'quick_game_rate': 0.1382, 'avg_air_yards_x10': -0.2924, 'shotgun_rate': 0.0355, 'early_down_pass_rate': -0.0476, 'no_huddle_rate': -0.017}",OL-injury / opp-pass-rush tags: nullable until OL lane lands
2022,DEN,12,2.6328,0.5317,"{'quick_game_rate': 0.0221, 'avg_air_yards_x10': 0.1356, 'shotgun_rate': 0.1601, 'early_down_pass_rate': 0.0864, 'no_huddle_rate': 0.0606}",OL-injury / opp-pass-rush tags: nullable until OL lane lands
2022,DEN,13,3.4164,0.7257,"{'quick_game_rate': -0.0228, 'avg_air_yards_x10': 0.0769, 'shotgun_rate': -0.1824, 'early_down_pass_rate': -0.1655, 'no_huddle_rate': -0.0468}",OL-injury / opp-pass-rush tags: nullable until OL lane lands
2022,DEN,14,4.4999,0.8433,"{'quick_game_rate': 0.1155, 'avg_air_yards_x10': -0.4182, 'shotgun_rate': 0.0625, 'early_down_pass_rate': 0.2284, 'no_huddle_rate': 0.0215}",OL-injury / opp-pass-rush tags: nullable until OL lane lands
2022,DEN,15,3.4919,0.7388,"{'quick_game_rate': 0.1625, 'avg_air_yards_x10': -0.4649, 'shotgun_rate': -0.0027, 'early_down_pass_rate': -0.0628, 'no_huddle_rate': 0.0092}",OL-injury / opp-pass-rush tags: nullable until OL lane lands
2022,DEN,16,7.0,0.9291,"{'quick_game_rate': -0.1414, 'avg_air_yards_x10': 0.1765, 'shotgun_rate': 0.1893, 'early_down_pass_rate': 0.106, 'no_huddle_rate': 0.2711}",OL-injury / opp-pass-rush tags: nullable until OL lane lands
2022,DEN,17,2.1891,0.4067,"{'quick_game_rate': 0.0206, 'avg_air_yards_x10': -0.3843, 'shotgun_rate': 0.0661, 'early_down_pass_rate': 0.0686, 'no_huddle_rate': -0.0715}",OL-injury / opp-pass-rush tags: nullable until OL lane lands
2022,DEN,18,3.5982,0.7593,"{'quick_game_rate': -0.1166, 'avg_air_yards_x10': 0.4511, 'shotgun_rate': 0.1532, 'early_down_pass_rate': -0.1761, 'no_huddle_rate': -0.0973}",OL-injury / opp-pass-rush tags: nullable until OL lane lands
2022,DET,2,0.0844,0.0019,"{'quick_game_rate': -0.0111, 'avg_air_yards_x10': 0.0171, 'shotgun_rate': -0.0241, 'early_down_pass_rate': 0.0055, 'no_huddle_rate': -0.0781}",OL-injury / opp-pass-rush tags: nullable until OL lane lands
2022,DET,3,34.1905,0.9869,"{'quick_game_rate': -0.035, 'avg_air_yards_x10': 0.0369, 'shotgun_rate': -0.0768, 'early_down_pass_rate': -0.09, 'no_huddle_rate': -0.0123}",OL-injury / opp-pass-rush tags: nullable until OL lane lands
2022,DET,4,9.715,0.9552,"{'quick_game_rate': -0.0983, 'avg_air_yards_x10': 0.1346, 'shotgun_rate': 0.0956, 'early_down_pass_rate': 0.0721, 'no_huddle_rate': -0.0202}",OL-injury / opp-pass-rush tags: nullable until OL lane lands
2022,DET,5,2.7285,0.5728,"{'quick_game_rate': 0.0442, 'avg_air_yards_x10': -0.053, 'shotgun_rate': 0.0379, 'early_down_pass_rate': 0.0248, 'no_huddle_rate': 0.0653}",OL-injury / opp-pass-rush tags: nullable until OL lane lands
2022,DET,7,5.3973,0.8937,"{'quick_game_rate': 0.1078, 'avg_air_yards_x10': -0.2709, 'shotgun_rate': 0.0442, 'early_down_pass_rate': -0.0039, 'no_huddle_rate': 0.0285}",OL-injury / opp-pass-rush tags: nullable until OL lane lands
2022,DET,8,3.0105,0.6455,"{'quick_game_rate': 0.0691, 'avg_air_yards_x10': -0.1042, 'shotgun_rate': -0.0431, 'early_down_pass_rate': 0.0736, 'no_huddle_rate': 0.0576}",OL-injury / opp-pass-rush tags: nullable until OL lane lands
2022,DET,9,6.3241,0.9123,"{'quick_game_rate': 0.1569, 'avg_air_yards_x10': -0.4032, 'shotgun_rate': -0.1246, 'early_down_pass_rate': -0.1503, 'no_huddle_rate': 0.0494}",OL-injury / opp-pass-rush tags: nullable until OL lane lands
2022,DET,10,2.1277,0.3862,"{'quick_game_rate': 0.0219, 'avg_air_yards_x10': -0.0874, 'shotgun_rate': -0.0213, 'early_down_pass_rate': -0.0824, 'no_huddle_rate': -0.0621}",OL-injury / opp-pass-rush tags: nullable until OL lane lands
2022,DET,11,2.9019,0.6194,"{'quick_game_rate': 0.058, 'avg_air_yards_x10': -0.1585, 'shotgun_rate': -0.0427, 'early_down_pass_rate': -0.1635, 'no_huddle_rate': -0.0219}",OL-injury / opp-pass-rush tags: nullable until OL lane lands
2022,DET,12,1.5366,0.1959,"{'quick_game_rate': -0.0227, 'avg_air_yards_x10': -0.0512, 'shotgun_rate': 0.041, 'early_down_pass_rate': 0.0905, 'no_huddle_rate': -0.0236}",OL-injury / opp-pass-rush tags: nullable until OL lane lands
2022,DET,13,2.3995,0.4534,"{'quick_game_rate': 0.0242, 'avg_air_yards_x10': -0.1303, 'shotgun_rate': 0.1051, 'early_down_pass_rate': 0.0571, 'no_huddle_rate': 0.0324}",OL-injury / opp-pass-rush tags: nullable until OL lane lands
2022,DET,14,1.4485,0.1735,"{'quick_game_rate': 0.0778, 'avg_air_yards_x10': -0.0476, 'shotgun_rate': 0.0208, 'early_down_pass_rate': 0.0049, 'no_huddle_rate': -0.0246}",OL-injury / opp-pass-rush tags: nullable until OL lane lands
2022,DET,15,3.1437,0.6698,"{'quick_game_rate': 0.0887, 'avg_air_yards_x10': -0.1894, 'shotgun_rate': 0.1339, 'early_down_pass_rate': 0.0061, 'no_huddle_rate': -0.0365}",OL-injury / opp-pass-rush tags: nullable until OL lane lands
2022,DET,16,3.9181,0.806,"{'quick_game_rate': -0.0517, 'avg_air_yards_x10': 0.0406, 'shotgun_rate': 0.1764, 'early_down_pass_rate': 0.1738, 'no_huddle_rate': 0.0493}",OL-injury / opp-pass-rush tags: nullable until OL lane lands
2022,DET,17,3.1992,0.6866,"{'quick_game_rate': -0.0549, 'avg_air_yards_x10': -0.0429, 'shotgun_rate': -0.1805, 'early_down_pass_rate': -0.1193, 'no_huddle_rate': -0.0524}",OL-injury / opp-pass-rush tags: nullable until OL lane lands
2022,DET,18,1.6516,0.2239,"{'quick_game_rate': 0.0196, 'avg_air_yards_x10': -0.1523, 'shotgun_rate': 0.0977, 'early_down_pass_rate': 0.0363, 'no_huddle_rate': 0.0017}",OL-injury / opp-pass-rush tags: nullable until OL lane lands
2022,GB,2,0.3575,0.041,"{'quick_game_rate': -0.0979, 'avg_air_yards_x10': -0.0203, 'shotgun_rate': -0.1458, 'early_down_pass_rate': -0.2986, 'no_huddle_rate': -0.0858}",OL-injury / opp-pass-rush tags: nullable until OL lane lands
2022,GB,3,6.6112,0.9216,"{'quick_game_rate': 0.1339, 'avg_air_yards_x10': -0.0605, 'shotgun_rate': 0.0596, 'early_down_pass_rate': -0.0493, 'no_huddle_rate': -0.0088}",OL-injury / opp-pass-rush tags: nullable until OL lane lands
2022,GB,4,16.1833,0.9776,"{'quick_game_rate': -0.1679, 'avg_air_yards_x10': 0.474, 'shotgun_rate': -0.0112, 'early_down_pass_rate': -0.0754, 'no_huddle_rate': -0.0418}",OL-injury / opp-pass-rush tags: nullable until OL lane lands
2022,GB,5,1.2547,0.1157,"{'quick_game_rate': -0.0219, 'avg_air_yards_x10': 0.0816, 'shotgun_rate': 0.0297, 'early_down_pass_rate': 0.1171, 'no_huddle_rate': 0.0038}",OL-injury / opp-pass-rush tags: nullable until OL lane lands
2022,GB,6,3.7255,0.7799,"{'quick_game_rate': -0.0961, 'avg_air_yards_x10': 0.1414, 'shotgun_rate': 0.1209, 'early_down_pass_rate': 0.1472, 'no_huddle_rate': 0.0714}",OL-injury / opp-pass-rush tags: nullable until OL lane lands
2022,GB,7,2.0623,0.3601,"{'quick_game_rate': 0.0559, 'avg_air_yards_x10': -0.1485, 'shotgun_rate': 0.0809, 'early_down_pass_rate': 0.1414, 'no_huddle_rate': -0.0146}",OL-injury / opp-pass-rush tags: nullable until OL lane lands
2022,GB,8,1.2793,0.1213,"{'quick_game_rate': 0.0341, 'avg_air_yards_x10': 0.1035, 'shotgun_rate': -0.0324, 'early_down_pass_rate': -0.0813, 'no_huddle_rate': 0.0234}",OL-injury / opp-pass-rush tags: nullable until OL lane lands
2022,GB,9,2.7077,0.5653,"{'quick_game_rate': -0.1384, 'avg_air_yards_x10': 0.3016, 'shotgun_rate': -0.0498, 'early_down_pass_rate': 0.0513, 'no_huddle_rate': 0.0136}",OL-injury / opp-pass-rush tags: nullable until OL lane lands
2022,GB,10,6.6963,0.9235,"{'quick_game_rate': -0.2381, 'avg_air_yards_x10': 0.4004, 'shotgun_rate': -0.2855, 'early_down_pass_rate': -0.3057, 'no_huddle_rate': -0.0604}",OL-injury / opp-pass-rush tags: nullable until OL lane lands
2022,GB,11,3.0059,0.6437,"{'quick_game_rate': -0.1284, 'avg_air_yards_x10': 0.1278, 'shotgun_rate': 0.0097, 'early_down_pass_rate': 0.0919, 'no_huddle_rate': 0.0956}",OL-injury / opp-pass-rush tags: nullable until OL lane lands
2022,GB,12,1.6045,0.2071,"{'quick_game_rate': -0.1126, 'avg_air_yards_x10': -0.0373, 'shotgun_rate': -0.0745, 'early_down_pass_rate': -0.0194, 'no_huddle_rate': -0.0423}",OL-injury / opp-pass-rush tags: nullable until OL lane lands
2022,GB,13,2.9853,0.6362,"{'quick_game_rate': -0.1884, 'avg_air_yards_x10': 0.267, 'shotgun_rate': -0.1221, 'early_down_pass_rate': -0.108, 'no_huddle_rate': -0.0596}",OL-injury / opp-pass-rush tags: nullable until OL lane lands
2022,GB,15,2.2387,0.416,"{'quick_game_rate': 0.038, 'avg_air_yards_x10': -0.3187, 'shotgun_rate': -0.1102, 'early_down_pass_rate': -0.08, 'no_huddle_rate': -0.0396}",OL-injury / opp-pass-rush tags: nullable until OL lane lands
2022,GB,16,1.641,0.2146,"{'quick_game_rate': 0.0739, 'avg_air_yards_x10': 0.0898, 'shotgun_rate': -0.0564, 'early_down_pass_rate': 0.1303, 'no_huddle_rate': -0.036}",OL-injury / opp-pass-rush tags: nullable until OL lane lands
2022,GB,17,2.6204,0.5224,"{'quick_game_rate': 0.0021, 'avg_air_yards_x10': 0.2565, 'shotgun_rate': -0.1885, 'early_down_pass_rate': -0.1461, 'no_huddle_rate': -0.0158}",OL-injury / opp-pass-rush tags: nullable until OL lane lands
2022,GB,18,1.339,0.1362,"{'quick_game_rate': 0.0931, 'avg_air_yards_x10': 0.0983, 'shotgun_rate': -0.0706, 'early_down_pass_rate': -0.0632, 'no_huddle_rate': -0.0137}",OL-injury / opp-pass-rush tags: nullable until OL lane lands
2022,HOU,2,0.2564,0.0205,"{'quick_game_rate': -0.0413, 'avg_air_yards_x10': 0.1337, 'shotgun_rate': 0.1076, 'early_down_pass_rate': 0.152, 'no_huddle_rate': 0.1071}",OL-injury / opp-pass-rush tags: nullable until OL lane lands
2022,HOU,3,4.7706,0.8694,"{'quick_game_rate': -0.047, 'avg_air_yards_x10': -0.042, 'shotgun_rate': -0.1973, 'early_down_pass_rate': -0.1145, 'no_huddle_rate': -0.0651}",OL-injury / opp-pass-rush tags: nullable until OL lane lands
2022,HOU,4,4.5871,0.8582,"{'quick_game_rate': 0.0973, 'avg_air_yards_x10': -0.0403, 'shotgun_rate': 0.0337, 'early_down_pass_rate': 0.0647, 'no_huddle_rate': -0.1473}",OL-injury / opp-pass-rush tags: nullable until OL lane lands
2022,HOU,5,5.6692,0.8993,"{'quick_game_rate': 0.0277, 'avg_air_yards_x10': -0.2117, 'shotgun_rate': -0.215, 'early_down_pass_rate': -0.2115, 'no_huddle_rate': -0.1294}",OL-injury / opp-pass-rush tags: nullable until OL lane lands
2022,HOU,7,2.4583,0.4757,"{'quick_game_rate': -0.049, 'avg_air_yards_x10': -0.1779, 'shotgun_rate': 0.0798, 'early_down_pass_rate': 0.0748, 'no_huddle_rate': 0.0657}",OL-injury / opp-pass-rush tags: nullable until OL lane lands
2022,HOU,8,1.1024,0.0951,"{'quick_game_rate': 0.0137, 'avg_air_yards_x10': 0.097, 'shotgun_rate': -0.0289, 'early_down_pass_rate': 0.0549, 'no_huddle_rate': 0.0056}",OL-injury / opp-pass-rush tags: nullable until OL lane lands
2022,HOU,9,2.6234,0.5261,"{'quick_game_rate': -0.055, 'avg_air_yards_x10': 0.0237, 'shotgun_rate': -0.0008, 'early_down_pass_rate': -0.1955, 'no_huddle_rate': -0.0801}",OL-injury / opp-pass-rush tags: nullable until OL lane lands
2022,HOU,10,2.2937,0.4291,"{'quick_game_rate': -0.0616, 'avg_air_yards_x10': -0.0092, 'shotgun_rate': 0.1387, 'early_down_pass_rate': 0.1139, 'no_huddle_rate': 0.0281}",OL-injury / opp-pass-rush tags: nullable until OL lane lands
2022,HOU,11,1.9333,0.3228,"{'quick_game_rate': 0.0346, 'avg_air_yards_x10': 0.1066, 'shotgun_rate': 0.1192, 'early_down_pass_rate': 0.0802, 'no_huddle_rate': 0.0049}",OL-injury / opp-pass-rush tags: nullable until OL lane lands
2022,HOU,12,4.7484,0.8657,"{'quick_game_rate': 0.1732, 'avg_air_yards_x10': -0.1777, 'shotgun_rate': 0.0613, 'early_down_pass_rate': 0.1832, 'no_huddle_rate': 0.0412}",OL-injury / opp-pass-rush tags: nullable until OL lane lands
2022,HOU,13,2.0291,0.347,"{'quick_game_rate': 0.0037, 'avg_air_yards_x10': 0.1974, 'shotgun_rate': -0.0529, 'early_down_pass_rate': 0.0336, 'no_huddle_rate': -0.0306}",OL-injury / opp-pass-rush tags: nullable until OL lane lands
2022,HOU,14,2.4207,0.4627,"{'quick_game_rate': -0.0223, 'avg_air_yards_x10': 0.0451, 'shotgun_rate': 0.0618, 'early_down_pass_rate': -0.1949, 'no_huddle_rate': -0.0941}",OL-injury / opp-pass-rush tags: nullable until OL lane lands
2022,HOU,15,2.4646,0.4776,"{'quick_game_rate': -0.0762, 'avg_air_yards_x10': 0.1628, 'shotgun_rate': 0.1007, 'early_down_pass_rate': -0.1147, 'no_huddle_rate': -0.0314}",OL-injury / opp-pass-rush tags: nullable until OL lane lands
2022,HOU,16,2.8047,0.597,"{'quick_game_rate': -0.0536, 'avg_air_yards_x10': 0.1934, 'shotgun_rate': 0.1246, 'early_down_pass_rate': -0.0413, 'no_huddle_rate': -0.1005}",OL-injury / opp-pass-rush tags: nullable until OL lane lands
2022,HOU,17,2.6658,0.5485,"{'quick_game_rate': -0.0045, 'avg_air_yards_x10': 0.0487, 'shotgun_rate': 0.2126, 'early_down_pass_rate': 0.1136, 'no_huddle_rate': 0.0704}",OL-injury / opp-pass-rush tags: nullable until OL lane lands
2022,HOU,18,2.0471,0.3507,"{'quick_game_rate': -0.0997, 'avg_air_yards_x10': 0.1, 'shotgun_rate': 0.0548, 'early_down_pass_rate': 0.0159, 'no_huddle_rate': -0.0367}",OL-injury / opp-pass-rush tags: nullable until OL lane lands
2022,IND,2,0.2993,0.0354,"{'quick_game_rate': -0.0867, 'avg_air_yards_x10': 0.2273, 'shotgun_rate': 0.1307, 'early_down_pass_rate': 0.1051, 'no_huddle_rate': 0.0474}",OL-injury / opp-pass-rush tags: nullable until OL lane lands
2022,IND,3,5.0055,0.8787,"{'quick_game_rate': 0.1719, 'avg_air_yards_x10': -0.2586, 'shotgun_rate': 0.0764, 'early_down_pass_rate': -0.0342, 'no_huddle_rate': -0.0364}",OL-injury / opp-pass-rush tags: nullable until OL lane lands
2022,IND,4,2.2971,0.431,"{'quick_game_rate': 0.0606, 'avg_air_yards_x10': -0.0156, 'shotgun_rate': -0.0424, 'early_down_pass_rate': -0.0228, 'no_huddle_rate': -0.0525}",OL-injury / opp-pass-rush tags: nullable until OL lane lands
2022,IND,5,1.3687,0.1474,"{'quick_game_rate': -0.0491, 'avg_air_yards_x10': 0.0004, 'shotgun_rate': -0.0259, 'early_down_pass_rate': -0.0435, 'no_huddle_rate': -0.0135}",OL-injury / opp-pass-rush tags: nullable until OL lane lands
2022,IND,6,15.3119,0.9739,"{'quick_game_rate': 0.0814, 'avg_air_yards_x10': -0.1341, 'shotgun_rate': 0.1379, 'early_down_pass_rate': 0.1574, 'no_huddle_rate': 0.4212}",OL-injury / opp-pass-rush tags: nullable until OL lane lands
2022,IND,7,4.9186,0.875,"{'quick_game_rate': 0.1744, 'avg_air_yards_x10': -0.225, 'shotgun_rate': 0.1577, 'early_down_pass_rate': 0.0854, 'no_huddle_rate': 0.4711}",OL-injury / opp-pass-rush tags: nullable until OL lane lands
2022,IND,8,3.2631,0.694,"{'quick_game_rate': -0.0995, 'avg_air_yards_x10': 0.2396, 'shotgun_rate': -0.0476, 'early_down_pass_rate': -0.1634, 'no_huddle_rate': -0.19}",OL-injury / opp-pass-rush tags: nullable until OL lane lands
2022,IND,9,1.3584,0.1455,"{'quick_game_rate': 0.0898, 'avg_air_yards_x10': 0.0335, 'shotgun_rate': -0.0297, 'early_down_pass_rate': -0.0609, 'no_huddle_rate': -0.0996}",OL-injury / opp-pass-rush tags: nullable until OL lane lands
2022,IND,10,1.7299,0.25,"{'quick_game_rate': 0.0318, 'avg_air_yards_x10': -0.0145, 'shotgun_rate': -0.0473, 'early_down_pass_rate': -0.1213, 'no_huddle_rate': -0.1213}",OL-injury / opp-pass-rush tags: nullable until OL lane lands
2022,IND,11,2.7243,0.5709,"{'quick_game_rate': -0.0785, 'avg_air_yards_x10': -0.0211, 'shotgun_rate': -0.1754, 'early_down_pass_rate': -0.0875, 'no_huddle_rate': -0.0625}",OL-injury / opp-pass-rush tags: nullable until OL lane lands
2022,IND,12,1.0133,0.0802,"{'quick_game_rate': -0.0126, 'avg_air_yards_x10': 0.004, 'shotgun_rate': 0.0473, 'early_down_pass_rate': -0.0143, 'no_huddle_rate': 0.1577}",OL-injury / opp-pass-rush tags: nullable until OL lane lands
2022,IND,13,1.3178,0.1306,"{'quick_game_rate': -0.0838, 'avg_air_yards_x10': -0.0366, 'shotgun_rate': -0.0517, 'early_down_pass_rate': -0.0206, 'no_huddle_rate': 0.0814}",OL-injury / opp-pass-rush tags: nullable until OL lane lands
2022,IND,15,3.649,0.7724,"{'quick_game_rate': -0.1094, 'avg_air_yards_x10': 0.1498, 'shotgun_rate': -0.1698, 'early_down_pass_rate': -0.1802, 'no_huddle_rate': -0.144}",OL-injury / opp-pass-rush tags: nullable until OL lane lands
2022,IND,16,2.3889,0.4515,"{'quick_game_rate': -0.1078, 'avg_air_yards_x10': 0.2043, 'shotgun_rate': 0.0598, 'early_down_pass_rate': 0.075, 'no_huddle_rate': -0.0465}",OL-injury / opp-pass-rush tags: nullable until OL lane lands
2022,IND,17,2.2717,0.4216,"{'quick_game_rate': -0.0304, 'avg_air_yards_x10': 0.0379, 'shotgun_rate': 0.0572, 'early_down_pass_rate': -0.1879, 'no_huddle_rate': -0.0363}",OL-injury / opp-pass-rush tags: nullable until OL lane lands
2022,IND,18,1.7869,0.2817,"{'quick_game_rate': 0.1101, 'avg_air_yards_x10': 0.0761, 'shotgun_rate': -0.0577, 'early_down_pass_rate': -0.0665, 'no_huddle_rate': -0.0686}",OL-injury / opp-pass-rush tags: nullable until OL lane lands
2022,JAX,2,0.4263,0.0485,"{'quick_game_rate': 0.2333, 'avg_air_yards_x10': -0.2052, 'shotgun_rate': -0.137, 'early_down_pass_rate': -0.2577, 'no_huddle_rate': -0.0007}",OL-injury / opp-pass-rush tags: nullable until OL lane lands
2022,JAX,3,6.7223,0.9254,"{'quick_game_rate': -0.0781, 'avg_air_yards_x10': -0.2824, 'shotgun_rate': 0.1157, 'early_down_pass_rate': -0.013, 'no_huddle_rate': -0.0021}",OL-injury / opp-pass-rush tags: nullable until OL lane lands
2022,JAX,4,51.5059,0.9907,"{'quick_game_rate': 0.0181, 'avg_air_yards_x10': 0.1305, 'shotgun_rate': 0.1918, 'early_down_pass_rate': 0.0794, 'no_huddle_rate': 0.0518}",OL-injury / opp-pass-rush tags: nullable until OL lane lands
2022,JAX,5,7.8711,0.9347,"{'quick_game_rate': -0.1168, 'avg_air_yards_x10': 0.2957, 'shotgun_rate': 0.0773, 'early_down_pass_rate': 0.0806, 'no_huddle_rate': 0.1666}",OL-injury / opp-pass-rush tags: nullable until OL lane lands
2022,JAX,6,2.6652,0.5466,"{'quick_game_rate': 0.11, 'avg_air_yards_x10': -0.3615, 'shotgun_rate': -0.0041, 'early_down_pass_rate': -0.1007, 'no_huddle_rate': 0.0406}",OL-injury / opp-pass-rush tags: nullable until OL lane lands
2022,JAX,7,3.6192,0.7668,"{'quick_game_rate': -0.2492, 'avg_air_yards_x10': 0.3806, 'shotgun_rate': 0.0423, 'early_down_pass_rate': 0.1271, 'no_huddle_rate': -0.0527}",OL-injury / opp-pass-rush tags: nullable until OL lane lands
2022,JAX,8,1.8861,0.3116,"{'quick_game_rate': 0.0584, 'avg_air_yards_x10': -0.193, 'shotgun_rate': 0.1095, 'early_down_pass_rate': -0.0369, 'no_huddle_rate': -0.0604}",OL-injury / opp-pass-rush tags: nullable until OL lane lands
2022,JAX,9,1.091,0.0914,"{'quick_game_rate': 0.0049, 'avg_air_yards_x10': -0.1369, 'shotgun_rate': -0.0119, 'early_down_pass_rate': -0.0617, 'no_huddle_rate': -0.0374}",OL-injury / opp-pass-rush tags: nullable until OL lane lands
2022,JAX,10,2.7425,0.5802,"{'quick_game_rate': 0.0127, 'avg_air_yards_x10': 0.0083, 'shotgun_rate': 0.1843, 'early_down_pass_rate': 0.1413, 'no_huddle_rate': 0.0169}",OL-injury / opp-pass-rush tags: nullable until OL lane lands
2022,JAX,12,1.4301,0.1698,"{'quick_game_rate': -0.0501, 'avg_air_yards_x10': -0.045, 'shotgun_rate': 0.0382, 'early_down_pass_rate': 0.0605, 'no_huddle_rate': 0.0625}",OL-injury / opp-pass-rush tags: nullable until OL lane lands
2022,JAX,13,2.0172,0.3451,"{'quick_game_rate': -0.0297, 'avg_air_yards_x10': 0.1063, 'shotgun_rate': 0.0837, 'early_down_pass_rate': 0.0704, 'no_huddle_rate': 0.0869}",OL-injury / opp-pass-rush tags: nullable until OL lane lands
2022,JAX,14,1.6555,0.2276,"{'quick_game_rate': 0.0386, 'avg_air_yards_x10': -0.0102, 'shotgun_rate': -0.1357, 'early_down_pass_rate': 0.026, 'no_huddle_rate': -0.0334}",OL-injury / opp-pass-rush tags: nullable until OL lane lands
2022,JAX,15,1.3576,0.1437,"{'quick_game_rate': -0.0834, 'avg_air_yards_x10': 0.1668, 'shotgun_rate': 0.005, 'early_down_pass_rate': 0.0333, 'no_huddle_rate': -0.0178}",OL-injury / opp-pass-rush tags: nullable until OL lane lands
2022,JAX,16,2.6152,0.5205,"{'quick_game_rate': 0.027, 'avg_air_yards_x10': -0.1994, 'shotgun_rate': -0.0907, 'early_down_pass_rate': -0.1779, 'no_huddle_rate': -0.0153}",OL-injury / opp-pass-rush tags: nullable until OL lane lands
2022,JAX,17,1.9628,0.3358,"{'quick_game_rate': 0.0653, 'avg_air_yards_x10': -0.1703, 'shotgun_rate': 0.0333, 'early_down_pass_rate': -0.054, 'no_huddle_rate': 0.0772}",OL-injury / opp-pass-rush tags: nullable until OL lane lands
2022,JAX,18,1.9525,0.3284,"{'quick_game_rate': 0.003, 'avg_air_yards_x10': 0.0924, 'shotgun_rate': 0.0015, 'early_down_pass_rate': 0.157, 'no_huddle_rate': -0.0405}",OL-injury / opp-pass-rush tags: nullable until OL lane lands
2022,JAX,19,3.7703,0.7854,"{'quick_game_rate': -0.0278, 'avg_air_yards_x10': 0.0411, 'shotgun_rate': 0.1951, 'early_down_pass_rate': 0.1174, 'no_huddle_rate': 0.1504}",OL-injury / opp-pass-rush tags: nullable until OL lane lands
2022,JAX,20,1.4573,0.1754,"{'quick_game_rate': 0.0208, 'avg_air_yards_x10': 0.0852, 'shotgun_rate': 0.0711, 'early_down_pass_rate': 0.0964, 'no_huddle_rate': 0.0325}",OL-injury / opp-pass-rush tags: nullable until OL lane lands
2022,KC,2,0.2158,0.0131,"{'quick_game_rate': 0.0468, 'avg_air_yards_x10': -0.0681, 'shotgun_rate': 0.1693, 'early_down_pass_rate': 0.1036, 'no_huddle_rate': 0.0192}",OL-injury / opp-pass-rush tags: nullable until OL lane lands
2022,KC,3,4.8765,0.8713,"{'quick_game_rate': 0.0941, 'avg_air_yards_x10': 0.0684, 'shotgun_rate': 0.0254, 'early_down_pass_rate': -0.0815, 'no_huddle_rate': -0.0096}",OL-injury / opp-pass-rush tags: nullable until OL lane lands
2022,KC,4,2.909,0.6213,"{'quick_game_rate': 0.0754, 'avg_air_yards_x10': -0.0602, 'shotgun_rate': -0.0297, 'early_down_pass_rate': -0.1045, 'no_huddle_rate': -0.0064}",OL-injury / opp-pass-rush tags: nullable until OL lane lands
2022,KC,5,4.0606,0.8116,"{'quick_game_rate': 0.0975, 'avg_air_yards_x10': -0.116, 'shotgun_rate': 0.1504, 'early_down_pass_rate': 0.0372, 'no_huddle_rate': -0.0048}",OL-injury / opp-pass-rush tags: nullable until OL lane lands
2022,KC,6,4.533,0.847,"{'quick_game_rate': 0.0716, 'avg_air_yards_x10': -0.2025, 'shotgun_rate': 0.1745, 'early_down_pass_rate': 0.1166, 'no_huddle_rate': -0.0038}",OL-injury / opp-pass-rush tags: nullable until OL lane lands
2022,KC,7,4.6675,0.8601,"{'quick_game_rate': -0.0154, 'avg_air_yards_x10': 0.0287, 'shotgun_rate': 0.0146, 'early_down_pass_rate': 0.0202, 'no_huddle_rate': 0.0332}",OL-injury / opp-pass-rush tags: nullable until OL lane lands
2022,KC,9,3.3211,0.7108,"{'quick_game_rate': 0.075, 'avg_air_yards_x10': -0.0151, 'shotgun_rate': 0.0566, 'early_down_pass_rate': 0.186, 'no_huddle_rate': 0.0138}",OL-injury / opp-pass-rush tags: nullable until OL lane lands
2022,KC,10,1.3904,0.1586,"{'quick_game_rate': -0.0368, 'avg_air_yards_x10': 0.0387, 'shotgun_rate': -0.0309, 'early_down_pass_rate': -0.0719, 'no_huddle_rate': -0.0097}",OL-injury / opp-pass-rush tags: nullable until OL lane lands
2022,KC,11,5.9936,0.9086,"{'quick_game_rate': -0.2243, 'avg_air_yards_x10': 0.2972, 'shotgun_rate': -0.0898, 'early_down_pass_rate': -0.1051, 'no_huddle_rate': 0.0242}",OL-injury / opp-pass-rush tags: nullable until OL lane lands
2022,KC,12,1.7924,0.2854,"{'quick_game_rate': 0.0516, 'avg_air_yards_x10': -0.1111, 'shotgun_rate': 0.0426, 'early_down_pass_rate': -0.047, 'no_huddle_rate': 0.0168}",OL-injury / opp-pass-rush tags: nullable until OL lane lands
2022,KC,13,3.1708,0.6754,"{'quick_game_rate': 0.0178, 'avg_air_yards_x10': 0.222, 'shotgun_rate': -0.1372, 'early_down_pass_rate': -0.1367, 'no_huddle_rate': -0.0125}",OL-injury / opp-pass-rush tags: nullable until OL lane lands
2022,KC,14,1.1026,0.097,"{'quick_game_rate': 0.0216, 'avg_air_yards_x10': -0.0409, 'shotgun_rate': -0.0297, 'early_down_pass_rate': 0.0459, 'no_huddle_rate': -0.0115}",OL-injury / opp-pass-rush tags: nullable until OL lane lands
2022,KC,15,3.0307,0.6511,"{'quick_game_rate': 0.1547, 'avg_air_yards_x10': -0.1841, 'shotgun_rate': -0.1245, 'early_down_pass_rate': -0.0685, 'no_huddle_rate': 0.0026}",OL-injury / opp-pass-rush tags: nullable until OL lane lands
2022,KC,16,1.6382,0.2127,"{'quick_game_rate': 0.0208, 'avg_air_yards_x10': 0.0218, 'shotgun_rate': -0.0939, 'early_down_pass_rate': -0.0746, 'no_huddle_rate': -0.0108}",OL-injury / opp-pass-rush tags: nullable until OL lane lands
2022,KC,17,2.2982,0.4347,"{'quick_game_rate': 0.0789, 'avg_air_yards_x10': 0.0192, 'shotgun_rate': 0.0168, 'early_down_pass_rate': 0.1623, 'no_huddle_rate': -0.0101}",OL-injury / opp-pass-rush tags: nullable until OL lane lands
2022,KC,18,2.1806,0.403,"{'quick_game_rate': 0.0557, 'avg_air_yards_x10': 0.1766, 'shotgun_rate': -0.0724, 'early_down_pass_rate': -0.0815, 'no_huddle_rate': -0.0094}",OL-injury / opp-pass-rush tags: nullable until OL lane lands
2022,KC,20,2.1976,0.4123,"{'quick_game_rate': 0.0971, 'avg_air_yards_x10': -0.2025, 'shotgun_rate': 0.0251, 'early_down_pass_rate': -0.0218, 'no_huddle_rate': -0.0089}",OL-injury / opp-pass-rush tags: nullable until OL lane lands
2022,KC,21,1.7661,0.2687,"{'quick_game_rate': 0.005, 'avg_air_yards_x10': -0.0636, 'shotgun_rate': 0.1022, 'early_down_pass_rate': 0.0801, 'no_huddle_rate': -0.0084}",OL-injury / opp-pass-rush tags: nullable until OL lane lands
2022,KC,22,1.6802,0.2332,"{'quick_game_rate': 0.0255, 'avg_air_yards_x10': -0.1045, 'shotgun_rate': -0.0571, 'early_down_pass_rate': -0.0681, 'no_huddle_rate': 0.012}",OL-injury / opp-pass-rush tags: nullable until OL lane lands
2022,LA,2,0.4915,0.0541,"{'quick_game_rate': -0.1307, 'avg_air_yards_x10': 0.1087, 'shotgun_rate': -0.2662, 'early_down_pass_rate': -0.1031, 'no_huddle_rate': -0.3622}",OL-injury / opp-pass-rush tags: nullable until OL lane lands
2022,LA,3,5.1286,0.8862,"{'quick_game_rate': -0.0732, 'avg_air_yards_x10': 0.2427, 'shotgun_rate': -0.1093, 'early_down_pass_rate': -0.1006, 'no_huddle_rate': -0.1446}",OL-injury / opp-pass-rush tags: nullable until OL lane lands
2022,LA,4,3.0155,0.6493,"{'quick_game_rate': 0.0562, 'avg_air_yards_x10': -0.1911, 'shotgun_rate': 0.1257, 'early_down_pass_rate': 0.1372, 'no_huddle_rate': 0.0546}",OL-injury / opp-pass-rush tags: nullable until OL lane lands
2022,LA,5,1.5018,0.1847,"{'quick_game_rate': -0.0146, 'avg_air_yards_x10': 0.1319, 'shotgun_rate': 0.0676, 'early_down_pass_rate': 0.0665, 'no_huddle_rate': -0.0688}",OL-injury / opp-pass-rush tags: nullable until OL lane lands
2022,LA,6,3.2335,0.6922,"{'quick_game_rate': 0.0868, 'avg_air_yards_x10': -0.2544, 'shotgun_rate': -0.1424, 'early_down_pass_rate': -0.0915, 'no_huddle_rate': -0.1317}",OL-injury / opp-pass-rush tags: nullable until OL lane lands
2022,LA,8,2.7096,0.5672,"{'quick_game_rate': 0.1026, 'avg_air_yards_x10': -0.2362, 'shotgun_rate': -0.1032, 'early_down_pass_rate': -0.0321, 'no_huddle_rate': -0.1243}",OL-injury / opp-pass-rush tags: nullable until OL lane lands
2022,LA,9,2.2348,0.4142,"{'quick_game_rate': 0.0577, 'avg_air_yards_x10': 0.2756, 'shotgun_rate': -0.0133, 'early_down_pass_rate': -0.0842, 'no_huddle_rate': -0.0305}",OL-injury / opp-pass-rush tags: nullable until OL lane lands
2022,LA,10,2.5652,0.5075,"{'quick_game_rate': -0.0216, 'avg_air_yards_x10': 0.0044, 'shotgun_rate': 0.1637, 'early_down_pass_rate': 0.1435, 'no_huddle_rate': 0.0514}",OL-injury / opp-pass-rush tags: nullable until OL lane lands
2022,LA,11,3.9664,0.8078,"{'quick_game_rate': -0.1694, 'avg_air_yards_x10': 0.374, 'shotgun_rate': 0.0434, 'early_down_pass_rate': -0.1392, 'no_huddle_rate': -0.0283}",OL-injury / opp-pass-rush tags: nullable until OL lane lands
2022,LA,12,1.8485,0.3004,"{'quick_game_rate': -0.0136, 'avg_air_yards_x10': -0.0972, 'shotgun_rate': 0.085, 'early_down_pass_rate': -0.1405, 'no_huddle_rate': 0.0058}",OL-injury / opp-pass-rush tags: nullable until OL lane lands
2022,LA,13,4.9148,0.8731,"{'quick_game_rate': -0.1726, 'avg_air_yards_x10': 0.3043, 'shotgun_rate': -0.3698, 'early_down_pass_rate': -0.1524, 'no_huddle_rate': -0.0768}",OL-injury / opp-pass-rush tags: nullable until OL lane lands
2022,LA,14,1.4117,0.1623,"{'quick_game_rate': -0.0519, 'avg_air_yards_x10': 0.1346, 'shotgun_rate': -0.1195, 'early_down_pass_rate': 0.0113, 'no_huddle_rate': -0.0672}",OL-injury / opp-pass-rush tags: nullable until OL lane lands
2022,LA,15,2.1528,0.3955,"{'quick_game_rate': -0.0059, 'avg_air_yards_x10': -0.258, 'shotgun_rate': -0.1958, 'early_down_pass_rate': -0.0896, 'no_huddle_rate': -0.0198}",OL-injury / opp-pass-rush tags: nullable until OL lane lands
2022,LA,16,2.9098,0.625,"{'quick_game_rate': 0.066, 'avg_air_yards_x10': -0.3622, 'shotgun_rate': -0.1991, 'early_down_pass_rate': -0.1518, 'no_huddle_rate': 0.0015}",OL-injury / opp-pass-rush tags: nullable until OL lane lands
2022,LA,17,3.3717,0.7164,"{'quick_game_rate': -0.1076, 'avg_air_yards_x10': 0.4806, 'shotgun_rate': -0.1364, 'early_down_pass_rate': -0.1842, 'no_huddle_rate': -0.0264}",OL-injury / opp-pass-rush tags: nullable until OL lane lands
2022,LA,18,2.4059,0.459,"{'quick_game_rate': -0.113, 'avg_air_yards_x10': 0.258, 'shotgun_rate': -0.17, 'early_down_pass_rate': -0.1196, 'no_huddle_rate': 0.0109}",OL-injury / opp-pass-rush tags: nullable until OL lane lands
2022,LAC,2,0.2673,0.0261,"{'quick_game_rate': -0.0465, 'avg_air_yards_x10': -0.1771, 'shotgun_rate': 0.0789, 'early_down_pass_rate': 0.1564, 'no_huddle_rate': 0.085}",OL-injury / opp-pass-rush tags: nullable until OL lane lands
2022,LAC,3,6.3279,0.9142,"{'quick_game_rate': -0.076, 'avg_air_yards_x10': 0.1708, 'shotgun_rate': 0.1608, 'early_down_pass_rate': 0.1708, 'no_huddle_rate': -0.0874}",OL-injury / opp-pass-rush tags: nullable until OL lane lands
2022,LAC,4,2.6213,0.5243,"{'quick_game_rate': -0.0524, 'avg_air_yards_x10': 0.0855, 'shotgun_rate': -0.0613, 'early_down_pass_rate': -0.1449, 'no_huddle_rate': -0.0769}",OL-injury / opp-pass-rush tags: nullable until OL lane lands
2022,LAC,5,3.273,0.6978,"{'quick_game_rate': 0.0911, 'avg_air_yards_x10': -0.1692, 'shotgun_rate': -0.0643, 'early_down_pass_rate': -0.1679, 'no_huddle_rate': -0.0139}",OL-injury / opp-pass-rush tags: nullable until OL lane lands
2022,LAC,6,3.3811,0.7183,"{'quick_game_rate': 0.1571, 'avg_air_yards_x10': -0.0647, 'shotgun_rate': 0.074, 'early_down_pass_rate': 0.0827, 'no_huddle_rate': 0.0376}",OL-injury / opp-pass-rush tags: nullable until OL lane lands
2022,LAC,7,3.5798,0.7537,"{'quick_game_rate': -0.0219, 'avg_air_yards_x10': -0.0157, 'shotgun_rate': 0.1526, 'early_down_pass_rate': 0.1439, 'no_huddle_rate': 0.1259}",OL-injury / opp-pass-rush tags: nullable until OL lane lands
2022,LAC,9,1.877,0.3097,"{'quick_game_rate': 0.0834, 'avg_air_yards_x10': -0.0824, 'shotgun_rate': 0.0488, 'early_down_pass_rate': -0.1014, 'no_huddle_rate': -0.0353}",OL-injury / opp-pass-rush tags: nullable until OL lane lands
2022,LAC,10,1.8434,0.2985,"{'quick_game_rate': 0.0975, 'avg_air_yards_x10': -0.0758, 'shotgun_rate': 0.0675, 'early_down_pass_rate': 0.038, 'no_huddle_rate': -0.0192}",OL-injury / opp-pass-rush tags: nullable until OL lane lands
2022,LAC,11,2.5181,0.4944,"{'quick_game_rate': -0.0557, 'avg_air_yards_x10': 0.1858, 'shotgun_rate': -0.0826, 'early_down_pass_rate': -0.0839, 'no_huddle_rate': 0.0192}",OL-injury / opp-pass-rush tags: nullable until OL lane lands
2022,LAC,12,3.5141,0.7425,"{'quick_game_rate': 0.0548, 'avg_air_yards_x10': -0.2683, 'shotgun_rate': 0.1374, 'early_down_pass_rate': 0.1555, 'no_huddle_rate': 0.0034}",OL-injury / opp-pass-rush tags: nullable until OL lane lands
2022,LAC,13,3.5758,0.7519,"{'quick_game_rate': -0.1629, 'avg_air_yards_x10': 0.1795, 'shotgun_rate': 0.1675, 'early_down_pass_rate': 0.0344, 'no_huddle_rate': -0.0633}",OL-injury / opp-pass-rush tags: nullable until OL lane lands
2022,LAC,14,1.1581,0.1045,"{'quick_game_rate': 0.0329, 'avg_air_yards_x10': -0.0921, 'shotgun_rate': -0.0279, 'early_down_pass_rate': 0.0494, 'no_huddle_rate': -0.0321}",OL-injury / opp-pass-rush tags: nullable until OL lane lands
2022,LAC,15,1.5776,0.1996,"{'quick_game_rate': -0.0024, 'avg_air_yards_x10': 0.1888, 'shotgun_rate': -0.0107, 'early_down_pass_rate': -0.0299, 'no_huddle_rate': -0.0233}",OL-injury / opp-pass-rush tags: nullable until OL lane lands
2022,LAC,16,2.6714,0.5504,"{'quick_game_rate': -0.0611, 'avg_air_yards_x10': 0.128, 'shotgun_rate': -0.0423, 'early_down_pass_rate': -0.1867, 'no_huddle_rate': -0.0657}",OL-injury / opp-pass-rush tags: nullable until OL lane lands
2022,LAC,17,1.7297,0.2481,"{'quick_game_rate': 0.0397, 'avg_air_yards_x10': -0.0321, 'shotgun_rate': 0.0124, 'early_down_pass_rate': -0.1613, 'no_huddle_rate': -0.0285}",OL-injury / opp-pass-rush tags: nullable until OL lane lands
2022,LAC,18,0.8911,0.0746,"{'quick_game_rate': 0.0153, 'avg_air_yards_x10': -0.0121, 'shotgun_rate': 0.0473, 'early_down_pass_rate': 0.0264, 'no_huddle_rate': -0.0296}",OL-injury / opp-pass-rush tags: nullable until OL lane lands
2022,LAC,19,2.1886,0.4049,"{'quick_game_rate': 0.0747, 'avg_air_yards_x10': -0.0897, 'shotgun_rate': 0.1237, 'early_down_pass_rate': -0.0144, 'no_huddle_rate': -0.0435}",OL-injury / opp-pass-rush tags: nullable until OL lane lands
2022,LV,2,0.4119,0.0466,"{'quick_game_rate': 0.1532, 'avg_air_yards_x10': -0.3242, 'shotgun_rate': -0.1489, 'early_down_pass_rate': -0.1209, 'no_huddle_rate': 0.0656}",OL-injury / opp-pass-rush tags: nullable until OL lane lands
2022,LV,3,2.1282,0.3881,"{'quick_game_rate': -0.1012, 'avg_air_yards_x10': 0.1271, 'shotgun_rate': -0.1066, 'early_down_pass_rate': -0.0204, 'no_huddle_rate': -0.0025}",OL-injury / opp-pass-rush tags: nullable until OL lane lands
2022,LV,4,8.5451,0.944,"{'quick_game_rate': -0.0858, 'avg_air_yards_x10': 0.0157, 'shotgun_rate': -0.3008, 'early_down_pass_rate': -0.1881, 'no_huddle_rate': 0.1763}",OL-injury / opp-pass-rush tags: nullable until OL lane lands
2022,LV,5,2.2975,0.4328,"{'quick_game_rate': -0.0016, 'avg_air_yards_x10': 0.2208, 'shotgun_rate': -0.1306, 'early_down_pass_rate': -0.1066, 'no_huddle_rate': -0.0235}",OL-injury / opp-pass-rush tags: nullable until OL lane lands
2022,LV,7,3.3103,0.709,"{'quick_game_rate': -0.1642, 'avg_air_yards_x10': -0.1204, 'shotgun_rate': -0.2144, 'early_down_pass_rate': -0.1091, 'no_huddle_rate': -0.0714}",OL-injury / opp-pass-rush tags: nullable until OL lane lands
2022,LV,8,2.1688,0.4011,"{'quick_game_rate': 0.0825, 'avg_air_yards_x10': 0.006, 'shotgun_rate': 0.1115, 'early_down_pass_rate': 0.1697, 'no_huddle_rate': 0.0132}",OL-injury / opp-pass-rush tags: nullable until OL lane lands
2022,LV,9,2.1291,0.3899,"{'quick_game_rate': -0.1301, 'avg_air_yards_x10': 0.1553, 'shotgun_rate': 0.1259, 'early_down_pass_rate': -0.0199, 'no_huddle_rate': -0.0088}",OL-injury / opp-pass-rush tags: nullable until OL lane lands
2022,LV,10,1.1214,0.1026,"{'quick_game_rate': 0.0235, 'avg_air_yards_x10': -0.0292, 'shotgun_rate': -0.0334, 'early_down_pass_rate': -0.0356, 'no_huddle_rate': -0.0603}",OL-injury / opp-pass-rush tags: nullable until OL lane lands
2022,LV,11,1.5983,0.2052,"{'quick_game_rate': -0.073, 'avg_air_yards_x10': 0.1044, 'shotgun_rate': -0.1334, 'early_down_pass_rate': -0.0163, 'no_huddle_rate': -0.0213}",OL-injury / opp-pass-rush tags: nullable until OL lane lands
2022,LV,12,1.7681,0.2705,"{'quick_game_rate': 0.0575, 'avg_air_yards_x10': 0.0009, 'shotgun_rate': -0.1109, 'early_down_pass_rate': -0.1243, 'no_huddle_rate': -0.0124}",OL-injury / opp-pass-rush tags: nullable until OL lane lands
2022,LV,13,3.1204,0.6623,"{'quick_game_rate': -0.07, 'avg_air_yards_x10': 0.2925, 'shotgun_rate': -0.0887, 'early_down_pass_rate': -0.123, 'no_huddle_rate': -0.0334}",OL-injury / opp-pass-rush tags: nullable until OL lane lands
2022,LV,14,2.9448,0.6325,"{'quick_game_rate': 0.0025, 'avg_air_yards_x10': 0.0681, 'shotgun_rate': -0.0565, 'early_down_pass_rate': -0.2662, 'no_huddle_rate': -0.0303}",OL-injury / opp-pass-rush tags: nullable until OL lane lands
2022,LV,15,3.42,0.7332,"{'quick_game_rate': -0.1293, 'avg_air_yards_x10': 0.3839, 'shotgun_rate': 0.0917, 'early_down_pass_rate': 0.0302, 'no_huddle_rate': 0.0017}",OL-injury / opp-pass-rush tags: nullable until OL lane lands
2022,LV,16,1.2616,0.1175,"{'quick_game_rate': -0.0884, 'avg_air_yards_x10': 0.0255, 'shotgun_rate': 0.0335, 'early_down_pass_rate': 0.0316, 'no_huddle_rate': -0.0261}",OL-injury / opp-pass-rush tags: nullable until OL lane lands
2022,LV,17,1.0135,0.0821,"{'quick_game_rate': -0.0119, 'avg_air_yards_x10': 0.0955, 'shotgun_rate': 0.0428, 'early_down_pass_rate': -0.0455, 'no_huddle_rate': -0.0282}",OL-injury / opp-pass-rush tags: nullable until OL lane lands
2022,LV,18,1.0983,0.0933,"{'quick_game_rate': 0.0738, 'avg_air_yards_x10': -0.075, 'shotgun_rate': 0.0381, 'early_down_pass_rate': 0.0083, 'no_huddle_rate': 0.003}",OL-injury / opp-pass-rush tags: nullable until OL lane lands
2022,MIA,2,0.2389,0.0187,"{'quick_game_rate': 0.1055, 'avg_air_yards_x10': -0.1093, 'shotgun_rate': 0.0557, 'early_down_pass_rate': 0.1667, 'no_huddle_rate': -0.0557}",OL-injury / opp-pass-rush tags: nullable until OL lane lands
2022,MIA,3,3.4219,0.7351,"{'quick_game_rate': 0.0428, 'avg_air_yards_x10': 0.1163, 'shotgun_rate': 0.0423, 'early_down_pass_rate': -0.1149, 'no_huddle_rate': -0.0423}",OL-injury / opp-pass-rush tags: nullable until OL lane lands
2022,MIA,4,3.5814,0.7556,"{'quick_game_rate': -0.062, 'avg_air_yards_x10': 0.2096, 'shotgun_rate': 0.0448, 'early_down_pass_rate': -0.0009, 'no_huddle_rate': -0.0115}",OL-injury / opp-pass-rush tags: nullable until OL lane lands
2022,MIA,5,3.1934,0.6828,"{'quick_game_rate': 0.1116, 'avg_air_yards_x10': -0.214, 'shotgun_rate': -0.0045, 'early_down_pass_rate': -0.0414, 'no_huddle_rate': -0.0253}",OL-injury / opp-pass-rush tags: nullable until OL lane lands
2022,MIA,6,2.6819,0.5541,"{'quick_game_rate': -0.0177, 'avg_air_yards_x10': 0.0453, 'shotgun_rate': 0.0539, 'early_down_pass_rate': 0.1301, 'no_huddle_rate': -0.0068}",OL-injury / opp-pass-rush tags: nullable until OL lane lands
2022,MIA,7,9.3422,0.9496,"{'quick_game_rate': -0.1254, 'avg_air_yards_x10': 0.1511, 'shotgun_rate': -0.0348, 'early_down_pass_rate': -0.1059, 'no_huddle_rate': 0.2104}",OL-injury / opp-pass-rush tags: nullable until OL lane lands
2022,MIA,8,3.2025,0.6884,"{'quick_game_rate': -0.1464, 'avg_air_yards_x10': 0.266, 'shotgun_rate': -0.0298, 'early_down_pass_rate': -0.0397, 'no_huddle_rate': -0.0164}",OL-injury / opp-pass-rush tags: nullable until OL lane lands
2022,MIA,9,1.1158,0.1007,"{'quick_game_rate': -0.0559, 'avg_air_yards_x10': -0.0161, 'shotgun_rate': -0.0164, 'early_down_pass_rate': -0.0473, 'no_huddle_rate': -0.0267}",OL-injury / opp-pass-rush tags: nullable until OL lane lands
2022,MIA,10,2.7612,0.5896,"{'quick_game_rate': 0.1534, 'avg_air_yards_x10': -0.1513, 'shotgun_rate': -0.0441, 'early_down_pass_rate': -0.0511, 'no_huddle_rate': 0.0193}",OL-injury / opp-pass-rush tags: nullable until OL lane lands
2022,MIA,12,3.1656,0.6735,"{'quick_game_rate': -0.1983, 'avg_air_yards_x10': 0.29, 'shotgun_rate': -0.016, 'early_down_pass_rate': 0.0284, 'no_huddle_rate': -0.0013}",OL-injury / opp-pass-rush tags: nullable until OL lane lands
2022,MIA,13,6.4286,0.916,"{'quick_game_rate': -0.2156, 'avg_air_yards_x10': 0.257, 'shotgun_rate': 0.1586, 'early_down_pass_rate': 0.1998, 'no_huddle_rate': 0.0207}",OL-injury / opp-pass-rush tags: nullable until OL lane lands
2022,MIA,14,3.7911,0.7892,"{'quick_game_rate': -0.248, 'avg_air_yards_x10': 0.2976, 'shotgun_rate': 0.1005, 'early_down_pass_rate': -0.0946, 'no_huddle_rate': 0.0747}",OL-injury / opp-pass-rush tags: nullable until OL lane lands
2022,MIA,15,2.1034,0.3731,"{'quick_game_rate': 0.0568, 'avg_air_yards_x10': -0.1165, 'shotgun_rate': -0.0589, 'early_down_pass_rate': -0.135, 'no_huddle_rate': -0.0363}",OL-injury / opp-pass-rush tags: nullable until OL lane lands
2022,MIA,16,1.3359,0.1343,"{'quick_game_rate': -0.1273, 'avg_air_yards_x10': 0.1211, 'shotgun_rate': 0.0237, 'early_down_pass_rate': -0.0221, 'no_huddle_rate': -0.0054}",OL-injury / opp-pass-rush tags: nullable until OL lane lands
2022,MIA,17,1.4847,0.1791,"{'quick_game_rate': 0.0862, 'avg_air_yards_x10': -0.1479, 'shotgun_rate': 0.0215, 'early_down_pass_rate': -0.057, 'no_huddle_rate': -0.036}",OL-injury / opp-pass-rush tags: nullable until OL lane lands
2022,MIA,18,2.74,0.5784,"{'quick_game_rate': 0.1364, 'avg_air_yards_x10': -0.2627, 'shotgun_rate': 0.0373, 'early_down_pass_rate': -0.156, 'no_huddle_rate': -0.0166}",OL-injury / opp-pass-rush tags: nullable until OL lane lands
2022,MIA,19,1.8765,0.3078,"{'quick_game_rate': -0.0744, 'avg_air_yards_x10': 0.1862, 'shotgun_rate': 0.0653, 'early_down_pass_rate': 0.064, 'no_huddle_rate': 0.0098}",OL-injury / opp-pass-rush tags: nullable until OL lane lands
2022,MIN,2,0.5287,0.0578,"{'quick_game_rate': -0.144, 'avg_air_yards_x10': 0.0745, 'shotgun_rate': 0.3387, 'early_down_pass_rate': 0.3191, 'no_huddle_rate': 0.1915}",OL-injury / opp-pass-rush tags: nullable until OL lane lands
2022,MIN,3,7.9821,0.9366,"{'quick_game_rate': -0.1155, 'avg_air_yards_x10': 0.2853, 'shotgun_rate': -0.2303, 'early_down_pass_rate': -0.0721, 'no_huddle_rate': -0.0587}",OL-injury / opp-pass-rush tags: nullable until OL lane lands
2022,MIN,4,1.5213,0.1922,"{'quick_game_rate': -0.0898, 'avg_air_yards_x10': 0.1013, 'shotgun_rate': -0.1068, 'early_down_pass_rate': -0.0459, 'no_huddle_rate': 0.0151}",OL-injury / opp-pass-rush tags: nullable until OL lane lands
2022,MIN,5,2.6354,0.5336,"{'quick_game_rate': 0.1283, 'avg_air_yards_x10': -0.2311, 'shotgun_rate': -0.0994, 'early_down_pass_rate': -0.0565, 'no_huddle_rate': -0.0469}",OL-injury / opp-pass-rush tags: nullable until OL lane lands
2022,MIN,6,2.6327,0.5299,"{'quick_game_rate': 0.0865, 'avg_air_yards_x10': -0.0673, 'shotgun_rate': -0.1705, 'early_down_pass_rate': 0.058, 'no_huddle_rate': -0.1365}",OL-injury / opp-pass-rush tags: nullable until OL lane lands
2022,MIN,8,1.0324,0.084,"{'quick_game_rate': -0.0113, 'avg_air_yards_x10': 0.0345, 'shotgun_rate': 0.0494, 'early_down_pass_rate': -0.072, 'no_huddle_rate': -0.0482}",OL-injury / opp-pass-rush tags: nullable until OL lane lands
2022,MIN,9,3.2333,0.6903,"{'quick_game_rate': -0.1296, 'avg_air_yards_x10': 0.3189, 'shotgun_rate': 0.0682, 'early_down_pass_rate': 0.032, 'no_huddle_rate': -0.0808}",OL-injury / opp-pass-rush tags: nullable until OL lane lands
2022,MIN,10,2.2753,0.4254,"{'quick_game_rate': -0.1168, 'avg_air_yards_x10': 0.2025, 'shotgun_rate': 0.0854, 'early_down_pass_rate': 0.0522, 'no_huddle_rate': -0.0745}",OL-injury / opp-pass-rush tags: nullable until OL lane lands
2022,MIN,11,2.4225,0.4664,"{'quick_game_rate': -0.1305, 'avg_air_yards_x10': 0.0467, 'shotgun_rate': 0.1507, 'early_down_pass_rate': 0.0379, 'no_huddle_rate': 0.1077}",OL-injury / opp-pass-rush tags: nullable until OL lane lands
2022,MIN,12,2.9141,0.6287,"{'quick_game_rate': 0.186, 'avg_air_yards_x10': -0.1163, 'shotgun_rate': -0.1957, 'early_down_pass_rate': -0.0738, 'no_huddle_rate': -0.0732}",OL-injury / opp-pass-rush tags: nullable until OL lane lands
2022,MIN,13,2.6499,0.5429,"{'quick_game_rate': -0.0534, 'avg_air_yards_x10': 0.2659, 'shotgun_rate': -0.0161, 'early_down_pass_rate': -0.1204, 'no_huddle_rate': -0.0961}",OL-injury / opp-pass-rush tags: nullable until OL lane lands
2022,MIN,14,3.3887,0.7201,"{'quick_game_rate': -0.173, 'avg_air_yards_x10': 0.4159, 'shotgun_rate': 0.0252, 'early_down_pass_rate': 0.1029, 'no_huddle_rate': -0.0551}",OL-injury / opp-pass-rush tags: nullable until OL lane lands
2022,MIN,15,1.5355,0.194,"{'quick_game_rate': 0.0319, 'avg_air_yards_x10': 0.079, 'shotgun_rate': 0.0375, 'early_down_pass_rate': 0.1165, 'no_huddle_rate': 0.0357}",OL-injury / opp-pass-rush tags: nullable until OL lane lands
2022,MIN,16,1.2329,0.1082,"{'quick_game_rate': 0.001, 'avg_air_yards_x10': -0.0488, 'shotgun_rate': 0.0364, 'early_down_pass_rate': 0.0853, 'no_huddle_rate': 0.0498}",OL-injury / opp-pass-rush tags: nullable until OL lane lands
2022,MIN,17,1.9074,0.3172,"{'quick_game_rate': -0.0094, 'avg_air_yards_x10': 0.1236, 'shotgun_rate': 0.159, 'early_down_pass_rate': 0.02, 'no_huddle_rate': 0.0822}",OL-injury / opp-pass-rush tags: nullable until OL lane lands
2022,MIN,18,3.1891,0.681,"{'quick_game_rate': -0.0669, 'avg_air_yards_x10': 0.104, 'shotgun_rate': -0.2094, 'early_down_pass_rate': -0.1669, 'no_huddle_rate': -0.1167}",OL-injury / opp-pass-rush tags: nullable until OL lane lands
2022,MIN,19,0.9962,0.0784,"{'quick_game_rate': -0.0228, 'avg_air_yards_x10': -0.0895, 'shotgun_rate': 0.072, 'early_down_pass_rate': 0.046, 'no_huddle_rate': -0.0232}",OL-injury / opp-pass-rush tags: nullable until OL lane lands
2022,NE,2,0.2696,0.028,"{'quick_game_rate': -0.0143, 'avg_air_yards_x10': 0.0043, 'shotgun_rate': 0.2594, 'early_down_pass_rate': -0.0708, 'no_huddle_rate': -0.012}",OL-injury / opp-pass-rush tags: nullable until OL lane lands
2022,NE,3,128.3762,0.9944,"{'quick_game_rate': -0.0867, 'avg_air_yards_x10': 0.2741, 'shotgun_rate': 0.0387, 'early_down_pass_rate': -0.046, 'no_huddle_rate': 0.0086}",OL-injury / opp-pass-rush tags: nullable until OL lane lands
2022,NE,4,12.9517,0.9664,"{'quick_game_rate': 0.0598, 'avg_air_yards_x10': -0.4759, 'shotgun_rate': -0.2603, 'early_down_pass_rate': -0.1477, 'no_huddle_rate': -0.0724}",OL-injury / opp-pass-rush tags: nullable until OL lane lands
2022,NE,5,2.8179,0.6026,"{'quick_game_rate': -0.0979, 'avg_air_yards_x10': -0.0331, 'shotgun_rate': -0.0397, 'early_down_pass_rate': -0.1159, 'no_huddle_rate': -0.0166}",OL-injury / opp-pass-rush tags: nullable until OL lane lands
2022,NE,6,3.2858,0.7015,"{'quick_game_rate': 0.0995, 'avg_air_yards_x10': -0.392, 'shotgun_rate': -0.1195, 'early_down_pass_rate': 0.0396, 'no_huddle_rate': -0.051}",OL-injury / opp-pass-rush tags: nullable until OL lane lands
2022,NE,7,3.1961,0.6847,"{'quick_game_rate': 0.0241, 'avg_air_yards_x10': 0.0389, 'shotgun_rate': 0.1669, 'early_down_pass_rate': 0.1514, 'no_huddle_rate': 0.0662}",OL-injury / opp-pass-rush tags: nullable until OL lane lands
2022,NE,8,3.8132,0.791,"{'quick_game_rate': 0.1777, 'avg_air_yards_x10': -0.381, 'shotgun_rate': 0.0272, 'early_down_pass_rate': 0.0204, 'no_huddle_rate': 0.0592}",OL-injury / opp-pass-rush tags: nullable until OL lane lands
2022,NE,9,2.0623,0.3601,"{'quick_game_rate': 0.1317, 'avg_air_yards_x10': -0.2438, 'shotgun_rate': -0.0527, 'early_down_pass_rate': -0.0241, 'no_huddle_rate': 0.0227}",OL-injury / opp-pass-rush tags: nullable until OL lane lands
2022,NE,11,2.5103,0.4907,"{'quick_game_rate': 0.1505, 'avg_air_yards_x10': -0.293, 'shotgun_rate': -0.0608, 'early_down_pass_rate': 0.0362, 'no_huddle_rate': -0.0449}",OL-injury / opp-pass-rush tags: nullable until OL lane lands
2022,NE,12,3.5015,0.7407,"{'quick_game_rate': 0.0213, 'avg_air_yards_x10': 0.0817, 'shotgun_rate': 0.2023, 'early_down_pass_rate': 0.1954, 'no_huddle_rate': 0.0538}",OL-injury / opp-pass-rush tags: nullable until OL lane lands
2022,NE,13,3.566,0.75,"{'quick_game_rate': 0.0224, 'avg_air_yards_x10': -0.1138, 'shotgun_rate': 0.1106, 'early_down_pass_rate': 0.2167, 'no_huddle_rate': 0.0978}",OL-injury / opp-pass-rush tags: nullable until OL lane lands
2022,NE,14,1.9261,0.319,"{'quick_game_rate': -0.0208, 'avg_air_yards_x10': -0.2406, 'shotgun_rate': 0.0961, 'early_down_pass_rate': 0.0898, 'no_huddle_rate': -0.0515}",OL-injury / opp-pass-rush tags: nullable until OL lane lands
2022,NE,15,1.5971,0.2034,"{'quick_game_rate': -0.0496, 'avg_air_yards_x10': 0.2348, 'shotgun_rate': -0.0311, 'early_down_pass_rate': -0.0756, 'no_huddle_rate': -0.0347}",OL-injury / opp-pass-rush tags: nullable until OL lane lands
2022,NE,16,3.1805,0.6772,"{'quick_game_rate': 0.0951, 'avg_air_yards_x10': 0.4634, 'shotgun_rate': 0.1247, 'early_down_pass_rate': 0.109, 'no_huddle_rate': 0.0707}",OL-injury / opp-pass-rush tags: nullable until OL lane lands
2022,NE,17,1.24,0.1101,"{'quick_game_rate': 0.0092, 'avg_air_yards_x10': 0.1115, 'shotgun_rate': -0.0357, 'early_down_pass_rate': 0.0385, 'no_huddle_rate': -0.0505}",OL-injury / opp-pass-rush tags: nullable until OL lane lands
2022,NE,18,1.441,0.1716,"{'quick_game_rate': 0.0632, 'avg_air_yards_x10': -0.0632, 'shotgun_rate': 0.049, 'early_down_pass_rate': 0.034, 'no_huddle_rate': -0.0499}",OL-injury / opp-pass-rush tags: nullable until OL lane lands
2022,NO,2,0.4346,0.0504,"{'quick_game_rate': -0.0562, 'avg_air_yards_x10': 0.4163, 'shotgun_rate': -0.0526, 'early_down_pass_rate': 0.0259, 'no_huddle_rate': -0.0949}",OL-injury / opp-pass-rush tags: nullable until OL lane lands
2022,NO,3,3.4188,0.7313,"{'quick_game_rate': 0.0121, 'avg_air_yards_x10': 0.0634, 'shotgun_rate': -0.0317, 'early_down_pass_rate': -0.0409, 'no_huddle_rate': 0.0038}",OL-injury / opp-pass-rush tags: nullable until OL lane lands
2022,NO,4,9.2455,0.9478,"{'quick_game_rate': 0.0465, 'avg_air_yards_x10': -0.0373, 'shotgun_rate': -0.1134, 'early_down_pass_rate': -0.1707, 'no_huddle_rate': -0.0597}",OL-injury / opp-pass-rush tags: nullable until OL lane lands
2022,NO,5,6.4866,0.9179,"{'quick_game_rate': 0.0863, 'avg_air_yards_x10': -0.3387, 'shotgun_rate': -0.2255, 'early_down_pass_rate': -0.2453, 'no_huddle_rate': -0.0222}",OL-injury / opp-pass-rush tags: nullable until OL lane lands
2022,NO,6,3.8906,0.8022,"{'quick_game_rate': 0.1446, 'avg_air_yards_x10': -0.2598, 'shotgun_rate': -0.0034, 'early_down_pass_rate': -0.1581, 'no_huddle_rate': -0.0186}",OL-injury / opp-pass-rush tags: nullable until OL lane lands
2022,NO,7,4.4169,0.8377,"{'quick_game_rate': 0.0955, 'avg_air_yards_x10': -0.2358, 'shotgun_rate': 0.1202, 'early_down_pass_rate': 0.1694, 'no_huddle_rate': 0.1282}",OL-injury / opp-pass-rush tags: nullable until OL lane lands
2022,NO,8,2.9098,0.625,"{'quick_game_rate': 0.0997, 'avg_air_yards_x10': -0.4423, 'shotgun_rate': -0.0224, 'early_down_pass_rate': -0.0934, 'no_huddle_rate': -0.0584}",OL-injury / opp-pass-rush tags: nullable until OL lane lands
2022,NO,9,2.9868,0.6381,"{'quick_game_rate': -0.0279, 'avg_air_yards_x10': -0.2353, 'shotgun_rate': 0.2139, 'early_down_pass_rate': 0.1269, 'no_huddle_rate': 0.0601}",OL-injury / opp-pass-rush tags: nullable until OL lane lands
2022,NO,10,1.9579,0.3302,"{'quick_game_rate': -0.0652, 'avg_air_yards_x10': 0.0518, 'shotgun_rate': 0.1034, 'early_down_pass_rate': 0.1416, 'no_huddle_rate': 0.0469}",OL-injury / opp-pass-rush tags: nullable until OL lane lands
2022,NO,11,2.5205,0.4963,"{'quick_game_rate': 0.0484, 'avg_air_yards_x10': -0.082, 'shotgun_rate': 0.1764, 'early_down_pass_rate': -0.0384, 'no_huddle_rate': -0.0942}",OL-injury / opp-pass-rush tags: nullable until OL lane lands
2022,NO,12,1.738,0.2575,"{'quick_game_rate': 0.044, 'avg_air_yards_x10': -0.0902, 'shotgun_rate': 0.0629, 'early_down_pass_rate': -0.0099, 'no_huddle_rate': -0.0856}",OL-injury / opp-pass-rush tags: nullable until OL lane lands
2022,NO,13,2.5288,0.4981,"{'quick_game_rate': 0.1266, 'avg_air_yards_x10': -0.1786, 'shotgun_rate': -0.0711, 'early_down_pass_rate': -0.117, 'no_huddle_rate': -0.0428}",OL-injury / opp-pass-rush tags: nullable until OL lane lands
2022,NO,15,3.8867,0.8004,"{'quick_game_rate': -0.2062, 'avg_air_yards_x10': 0.1742, 'shotgun_rate': -0.1255, 'early_down_pass_rate': -0.2033, 'no_huddle_rate': -0.0752}",OL-injury / opp-pass-rush tags: nullable until OL lane lands
2022,NO,16,3.6122,0.7631,"{'quick_game_rate': 0.1453, 'avg_air_yards_x10': -0.1681, 'shotgun_rate': -0.0033, 'early_down_pass_rate': -0.3642, 'no_huddle_rate': -0.0509}",OL-injury / opp-pass-rush tags: nullable until OL lane lands
2022,NO,17,1.858,0.3041,"{'quick_game_rate': 0.0357, 'avg_air_yards_x10': -0.2444, 'shotgun_rate': 0.1334, 'early_down_pass_rate': -0.051, 'no_huddle_rate': -0.0195}",OL-injury / opp-pass-rush tags: nullable until OL lane lands
2022,NO,18,2.108,0.375,"{'quick_game_rate': 0.0934, 'avg_air_yards_x10': 0.0651, 'shotgun_rate': -0.1374, 'early_down_pass_rate': -0.0855, 'no_huddle_rate': -0.0652}",OL-injury / opp-pass-rush tags: nullable until OL lane lands
2022,NYG,2,0.1571,0.0056,"{'quick_game_rate': -0.0014, 'avg_air_yards_x10': 0.0198, 'shotgun_rate': -0.1079, 'early_down_pass_rate': 0.097, 'no_huddle_rate': -0.0568}",OL-injury / opp-pass-rush tags: nullable until OL lane lands
2022,NYG,3,227.3797,0.9981,"{'quick_game_rate': -0.1588, 'avg_air_yards_x10': 0.1376, 'shotgun_rate': 0.044, 'early_down_pass_rate': 0.1321, 'no_huddle_rate': 0.1682}",OL-injury / opp-pass-rush tags: nullable until OL lane lands
2022,NYG,4,7.5764,0.9328,"{'quick_game_rate': -0.1904, 'avg_air_yards_x10': 0.3416, 'shotgun_rate': -0.1684, 'early_down_pass_rate': -0.2415, 'no_huddle_rate': -0.0807}",OL-injury / opp-pass-rush tags: nullable until OL lane lands
2022,NYG,5,2.5925,0.5149,"{'quick_game_rate': 0.1118, 'avg_air_yards_x10': -0.1978, 'shotgun_rate': -0.0496, 'early_down_pass_rate': 0.0292, 'no_huddle_rate': -0.1515}",OL-injury / opp-pass-rush tags: nullable until OL lane lands
2022,NYG,6,0.9231,0.0765,"{'quick_game_rate': 0.0155, 'avg_air_yards_x10': -0.0101, 'shotgun_rate': -0.033, 'early_down_pass_rate': -0.008, 'no_huddle_rate': -0.0749}",OL-injury / opp-pass-rush tags: nullable until OL lane lands
2022,NYG,7,1.4979,0.1828,"{'quick_game_rate': -0.0094, 'avg_air_yards_x10': 0.022, 'shotgun_rate': 0.1015, 'early_down_pass_rate': -0.0162, 'no_huddle_rate': -0.0409}",OL-injury / opp-pass-rush tags: nullable until OL lane lands
2022,NYG,8,2.7933,0.5951,"{'quick_game_rate': -0.0575, 'avg_air_yards_x10': 0.1126, 'shotgun_rate': 0.1812, 'early_down_pass_rate': 0.0081, 'no_huddle_rate': -0.0828}",OL-injury / opp-pass-rush tags: nullable until OL lane lands
2022,NYG,10,4.1744,0.819,"{'quick_game_rate': 0.054, 'avg_air_yards_x10': -0.1238, 'shotgun_rate': -0.2434, 'early_down_pass_rate': -0.1684, 'no_huddle_rate': 0.197}",OL-injury / opp-pass-rush tags: nullable until OL lane lands
2022,NYG,11,4.1714,0.8172,"{'quick_game_rate': -0.0629, 'avg_air_yards_x10': 0.182, 'shotgun_rate': 0.1597, 'early_down_pass_rate': 0.2432, 'no_huddle_rate': 0.2621}",OL-injury / opp-pass-rush tags: nullable until OL lane lands
2022,NYG,12,1.702,0.2369,"{'quick_game_rate': 0.0286, 'avg_air_yards_x10': 0.032, 'shotgun_rate': -0.0067, 'early_down_pass_rate': 0.1215, 'no_huddle_rate': -0.1585}",OL-injury / opp-pass-rush tags: nullable until OL lane lands
2022,NYG,13,2.0587,0.3563,"{'quick_game_rate': 0.1187, 'avg_air_yards_x10': -0.0511, 'shotgun_rate': -0.0148, 'early_down_pass_rate': 0.0548, 'no_huddle_rate': -0.151}",OL-injury / opp-pass-rush tags: nullable until OL lane lands
2022,NYG,14,1.7036,0.2388,"{'quick_game_rate': 0.0474, 'avg_air_yards_x10': -0.0854, 'shotgun_rate': 0.0465, 'early_down_pass_rate': 0.1474, 'no_huddle_rate': -0.0623}",OL-injury / opp-pass-rush tags: nullable until OL lane lands
2022,NYG,15,3.4181,0.7295,"{'quick_game_rate': 0.0438, 'avg_air_yards_x10': -0.3038, 'shotgun_rate': 0.1989, 'early_down_pass_rate': 0.0074, 'no_huddle_rate': -0.1642}",OL-injury / opp-pass-rush tags: nullable until OL lane lands
2022,NYG,16,2.5913,0.5131,"{'quick_game_rate': -0.0294, 'avg_air_yards_x10': -0.0277, 'shotgun_rate': 0.1791, 'early_down_pass_rate': 0.1966, 'no_huddle_rate': -0.1267}",OL-injury / opp-pass-rush tags: nullable until OL lane lands
2022,NYG,17,1.7793,0.278,"{'quick_game_rate': 0.0321, 'avg_air_yards_x10': -0.0615, 'shotgun_rate': 0.0811, 'early_down_pass_rate': -0.0684, 'no_huddle_rate': -0.178}",OL-injury / opp-pass-rush tags: nullable until OL lane lands
2022,NYG,18,2.9127,0.6269,"{'quick_game_rate': 0.0968, 'avg_air_yards_x10': -0.1477, 'shotgun_rate': 0.1836, 'early_down_pass_rate': 0.1701, 'no_huddle_rate': -0.1199}",OL-injury / opp-pass-rush tags: nullable until OL lane lands
2022,NYG,19,1.7514,0.2631,"{'quick_game_rate': 0.0125, 'avg_air_yards_x10': -0.069, 'shotgun_rate': 0.0947, 'early_down_pass_rate': 0.1297, 'no_huddle_rate': -0.1286}",OL-injury / opp-pass-rush tags: nullable until OL lane lands
2022,NYG,20,2.2588,0.4179,"{'quick_game_rate': -0.0411, 'avg_air_yards_x10': 0.14, 'shotgun_rate': 0.2204, 'early_down_pass_rate': 0.0503, 'no_huddle_rate': 0.0397}",OL-injury / opp-pass-rush tags: nullable until OL lane lands
2022,NYJ,2,0.5361,0.0597,"{'quick_game_rate': -0.2166, 'avg_air_yards_x10': 0.4597, 'shotgun_rate': 0.0032, 'early_down_pass_rate': -0.0777, 'no_huddle_rate': -0.152}",OL-injury / opp-pass-rush tags: nullable until OL lane lands
2022,NYJ,3,41.1661,0.9888,"{'quick_game_rate': -0.0719, 'avg_air_yards_x10': 0.2931, 'shotgun_rate': 0.0658, 'early_down_pass_rate': -0.0444, 'no_huddle_rate': -0.0071}",OL-injury / opp-pass-rush tags: nullable until OL lane lands
2022,NYJ,4,5.9745,0.9067,"{'quick_game_rate': -0.1233, 'avg_air_yards_x10': 0.0877, 'shotgun_rate': 0.0139, 'early_down_pass_rate': -0.2135, 'no_huddle_rate': -0.0897}",OL-injury / opp-pass-rush tags: nullable until OL lane lands
2022,NYJ,5,5.2543,0.8899,"{'quick_game_rate': -0.0693, 'avg_air_yards_x10': 0.1039, 'shotgun_rate': -0.1133, 'early_down_pass_rate': -0.2648, 'no_huddle_rate': -0.1081}",OL-injury / opp-pass-rush tags: nullable until OL lane lands
2022,NYJ,6,7.3129,0.931,"{'quick_game_rate': -0.0396, 'avg_air_yards_x10': -0.2383, 'shotgun_rate': -0.3532, 'early_down_pass_rate': -0.2277, 'no_huddle_rate': -0.1054}",OL-injury / opp-pass-rush tags: nullable until OL lane lands
2022,NYJ,7,2.6495,0.541,"{'quick_game_rate': 0.138, 'avg_air_yards_x10': -0.3422, 'shotgun_rate': -0.0967, 'early_down_pass_rate': 0.0128, 'no_huddle_rate': -0.0686}",OL-injury / opp-pass-rush tags: nullable until OL lane lands
2022,NYJ,8,2.7587,0.5877,"{'quick_game_rate': -0.1312, 'avg_air_yards_x10': 0.2068, 'shotgun_rate': 0.2215, 'early_down_pass_rate': 0.1328, 'no_huddle_rate': 0.0772}",OL-injury / opp-pass-rush tags: nullable until OL lane lands
2022,NYJ,9,1.6443,0.2183,"{'quick_game_rate': -0.0807, 'avg_air_yards_x10': -0.1522, 'shotgun_rate': 0.0151, 'early_down_pass_rate': -0.136, 'no_huddle_rate': -0.0544}",OL-injury / opp-pass-rush tags: nullable until OL lane lands
2022,NYJ,11,1.5927,0.2015,"{'quick_game_rate': -0.0627, 'avg_air_yards_x10': 0.1156, 'shotgun_rate': 0.0852, 'early_down_pass_rate': -0.1431, 'no_huddle_rate': -0.0408}",OL-injury / opp-pass-rush tags: nullable until OL lane lands
2022,NYJ,12,2.4219,0.4646,"{'quick_game_rate': 0.0862, 'avg_air_yards_x10': -0.2524, 'shotgun_rate': -0.1617, 'early_down_pass_rate': -0.1458, 'no_huddle_rate': -0.0608}",OL-injury / opp-pass-rush tags: nullable until OL lane lands
2022,NYJ,13,2.3318,0.4384,"{'quick_game_rate': 0.0439, 'avg_air_yards_x10': 0.0361, 'shotgun_rate': 0.0471, 'early_down_pass_rate': 0.1619, 'no_huddle_rate': 0.1328}",OL-injury / opp-pass-rush tags: nullable until OL lane lands
2022,NYJ,14,1.2971,0.125,"{'quick_game_rate': 0.0549, 'avg_air_yards_x10': 0.0033, 'shotgun_rate': 0.0857, 'early_down_pass_rate': 0.1255, 'no_huddle_rate': -0.0146}",OL-injury / opp-pass-rush tags: nullable until OL lane lands
2022,NYJ,15,4.76,0.8675,"{'quick_game_rate': -0.2812, 'avg_air_yards_x10': 0.6357, 'shotgun_rate': -0.0022, 'early_down_pass_rate': 0.0483, 'no_huddle_rate': -0.0328}",OL-injury / opp-pass-rush tags: nullable until OL lane lands
2022,NYJ,16,1.2051,0.1063,"{'quick_game_rate': -0.0066, 'avg_air_yards_x10': 0.1329, 'shotgun_rate': 0.1295, 'early_down_pass_rate': 0.0105, 'no_huddle_rate': -0.0082}",OL-injury / opp-pass-rush tags: nullable until OL lane lands
2022,NYJ,17,1.387,0.1549,"{'quick_game_rate': 0.0393, 'avg_air_yards_x10': -0.0497, 'shotgun_rate': 0.0039, 'early_down_pass_rate': 0.1687, 'no_huddle_rate': 0.0105}",OL-injury / opp-pass-rush tags: nullable until OL lane lands
2022,NYJ,18,2.032,0.3489,"{'quick_game_rate': -0.0086, 'avg_air_yards_x10': 0.0301, 'shotgun_rate': -0.1924, 'early_down_pass_rate': -0.0129, 'no_huddle_rate': -0.0797}",OL-injury / opp-pass-rush tags: nullable until OL lane lands
2022,PHI,2,0.541,0.0616,"{'quick_game_rate': -0.1089, 'avg_air_yards_x10': 0.5196, 'shotgun_rate': -0.092, 'early_down_pass_rate': 0.049, 'no_huddle_rate': -0.0006}",OL-injury / opp-pass-rush tags: nullable until OL lane lands
2022,PHI,3,140.3988,0.9963,"{'quick_game_rate': -0.0848, 'avg_air_yards_x10': 0.454, 'shotgun_rate': -0.1087, 'early_down_pass_rate': 0.0662, 'no_huddle_rate': -0.0421}",OL-injury / opp-pass-rush tags: nullable until OL lane lands
2022,PHI,4,6.7337,0.9272,"{'quick_game_rate': -0.0623, 'avg_air_yards_x10': -0.1934, 'shotgun_rate': 0.0704, 'early_down_pass_rate': -0.1457, 'no_huddle_rate': -0.1035}",OL-injury / opp-pass-rush tags: nullable until OL lane lands
2022,PHI,5,3.7546,0.7817,"{'quick_game_rate': 0.1122, 'avg_air_yards_x10': -0.3885, 'shotgun_rate': -0.0074, 'early_down_pass_rate': 0.0745, 'no_huddle_rate': 0.1294}",OL-injury / opp-pass-rush tags: nullable until OL lane lands
2022,PHI,6,1.7008,0.2351,"{'quick_game_rate': 0.0109, 'avg_air_yards_x10': -0.1593, 'shotgun_rate': -0.0128, 'early_down_pass_rate': -0.0251, 'no_huddle_rate': -0.1039}",OL-injury / opp-pass-rush tags: nullable until OL lane lands
2022,PHI,8,4.3817,0.834,"{'quick_game_rate': -0.1842, 'avg_air_yards_x10': 0.3919, 'shotgun_rate': 0.0143, 'early_down_pass_rate': 0.1691, 'no_huddle_rate': -0.0924}",OL-injury / opp-pass-rush tags: nullable until OL lane lands
2022,PHI,9,2.6571,0.5448,"{'quick_game_rate': -0.0802, 'avg_air_yards_x10': 0.0459, 'shotgun_rate': -0.1046, 'early_down_pass_rate': 0.0665, 'no_huddle_rate': 0.0677}",OL-injury / opp-pass-rush tags: nullable until OL lane lands
2022,PHI,10,1.637,0.2108,"{'quick_game_rate': -0.0531, 'avg_air_yards_x10': 0.0735, 'shotgun_rate': 0.0578, 'early_down_pass_rate': 0.0341, 'no_huddle_rate': 0.0736}",OL-injury / opp-pass-rush tags: nullable until OL lane lands
2022,PHI,11,1.2868,0.1231,"{'quick_game_rate': -0.0687, 'avg_air_yards_x10': 0.0773, 'shotgun_rate': 0.0117, 'early_down_pass_rate': 0.0146, 'no_huddle_rate': 0.0647}",OL-injury / opp-pass-rush tags: nullable until OL lane lands
2022,PHI,12,1.9591,0.334,"{'quick_game_rate': 0.0339, 'avg_air_yards_x10': -0.0388, 'shotgun_rate': 0.0621, 'early_down_pass_rate': -0.1096, 'no_huddle_rate': -0.0229}",OL-injury / opp-pass-rush tags: nullable until OL lane lands
2022,PHI,13,2.3579,0.4459,"{'quick_game_rate': -0.0415, 'avg_air_yards_x10': 0.2221, 'shotgun_rate': -0.0111, 'early_down_pass_rate': 0.1419, 'no_huddle_rate': -0.0663}",OL-injury / opp-pass-rush tags: nullable until OL lane lands
2022,PHI,14,2.2854,0.4272,"{'quick_game_rate': -0.1144, 'avg_air_yards_x10': 0.2007, 'shotgun_rate': 0.063, 'early_down_pass_rate': -0.0021, 'no_huddle_rate': -0.0563}",OL-injury / opp-pass-rush tags: nullable until OL lane lands
2022,PHI,15,3.4174,0.7276,"{'quick_game_rate': -0.1954, 'avg_air_yards_x10': 0.4866, 'shotgun_rate': 0.0044, 'early_down_pass_rate': -0.0015, 'no_huddle_rate': -0.0628}",OL-injury / opp-pass-rush tags: nullable until OL lane lands
2022,PHI,16,1.9474,0.3265,"{'quick_game_rate': -0.1454, 'avg_air_yards_x10': 0.1668, 'shotgun_rate': 0.0295, 'early_down_pass_rate': 0.0288, 'no_huddle_rate': 0.0375}",OL-injury / opp-pass-rush tags: nullable until OL lane lands
2022,PHI,17,2.1908,0.4086,"{'quick_game_rate': -0.0315, 'avg_air_yards_x10': 0.1157, 'shotgun_rate': 0.0078, 'early_down_pass_rate': 0.1536, 'no_huddle_rate': -0.034}",OL-injury / opp-pass-rush tags: nullable until OL lane lands
2022,PHI,18,2.0971,0.3694,"{'quick_game_rate': 0.1616, 'avg_air_yards_x10': -0.1431, 'shotgun_rate': 0.0428, 'early_down_pass_rate': -0.0136, 'no_huddle_rate': -0.0251}",OL-injury / opp-pass-rush tags: nullable until OL lane lands
2022,PHI,20,3.7714,0.7873,"{'quick_game_rate': 0.1902, 'avg_air_yards_x10': -0.2175, 'shotgun_rate': 0.0697, 'early_down_pass_rate': -0.1886, 'no_huddle_rate': -0.0826}",OL-injury / opp-pass-rush tags: nullable until OL lane lands
2022,PHI,21,2.6401,0.5373,"{'quick_game_rate': 0.0329, 'avg_air_yards_x10': 0.1666, 'shotgun_rate': 0.0511, 'early_down_pass_rate': -0.1714, 'no_huddle_rate': -0.078}",OL-injury / opp-pass-rush tags: nullable until OL lane lands
2022,PHI,22,1.6467,0.222,"{'quick_game_rate': 0.0638, 'avg_air_yards_x10': 0.249, 'shotgun_rate': -0.0171, 'early_down_pass_rate': 0.0938, 'no_huddle_rate': 0.014}",OL-injury / opp-pass-rush tags: nullable until OL lane lands
2022,PIT,2,0.0944,0.0037,"{'quick_game_rate': -0.0557, 'avg_air_yards_x10': -0.0317, 'shotgun_rate': -0.0339, 'early_down_pass_rate': -0.0328, 'no_huddle_rate': 0.0508}",OL-injury / opp-pass-rush tags: nullable until OL lane lands
2022,PIT,3,29.8008,0.9832,"{'quick_game_rate': -0.2627, 'avg_air_yards_x10': 0.4273, 'shotgun_rate': 0.0154, 'early_down_pass_rate': -0.0528, 'no_huddle_rate': 0.1977}",OL-injury / opp-pass-rush tags: nullable until OL lane lands
2022,PIT,4,4.5722,0.8563,"{'quick_game_rate': -0.002, 'avg_air_yards_x10': 0.506, 'shotgun_rate': -0.0221, 'early_down_pass_rate': -0.1004, 'no_huddle_rate': -0.0066}",OL-injury / opp-pass-rush tags: nullable until OL lane lands
2022,PIT,5,12.0382,0.9646,"{'quick_game_rate': 0.0754, 'avg_air_yards_x10': -0.3685, 'shotgun_rate': 0.1913, 'early_down_pass_rate': 0.1534, 'no_huddle_rate': -0.0325}",OL-injury / opp-pass-rush tags: nullable until OL lane lands
2022,PIT,6,2.7756,0.5933,"{'quick_game_rate': 0.1603, 'avg_air_yards_x10': -0.3696, 'shotgun_rate': 0.0951, 'early_down_pass_rate': -0.1101, 'no_huddle_rate': -0.0131}",OL-injury / opp-pass-rush tags: nullable until OL lane lands
2022,PIT,7,2.8156,0.5989,"{'quick_game_rate': 0.0917, 'avg_air_yards_x10': -0.2313, 'shotgun_rate': -0.045, 'early_down_pass_rate': 0.1097, 'no_huddle_rate': 0.1453}",OL-injury / opp-pass-rush tags: nullable until OL lane lands
2022,PIT,8,2.07,0.3619,"{'quick_game_rate': 0.1205, 'avg_air_yards_x10': -0.3133, 'shotgun_rate': 0.0694, 'early_down_pass_rate': 0.0698, 'no_huddle_rate': 0.0448}",OL-injury / opp-pass-rush tags: nullable until OL lane lands
2022,PIT,10,2.6091,0.5187,"{'quick_game_rate': -0.0613, 'avg_air_yards_x10': -0.1224, 'shotgun_rate': -0.0499, 'early_down_pass_rate': -0.1685, 'no_huddle_rate': -0.0982}",OL-injury / opp-pass-rush tags: nullable until OL lane lands
2022,PIT,11,1.7733,0.2743,"{'quick_game_rate': -0.1545, 'avg_air_yards_x10': 0.1593, 'shotgun_rate': -0.027, 'early_down_pass_rate': 0.0302, 'no_huddle_rate': -0.0466}",OL-injury / opp-pass-rush tags: nullable until OL lane lands
2022,PIT,12,2.5173,0.4925,"{'quick_game_rate': 0.0634, 'avg_air_yards_x10': -0.2793, 'shotgun_rate': -0.088, 'early_down_pass_rate': -0.1105, 'no_huddle_rate': -0.0999}",OL-injury / opp-pass-rush tags: nullable until OL lane lands
2022,PIT,13,4.5481,0.8489,"{'quick_game_rate': 0.0219, 'avg_air_yards_x10': 0.0604, 'shotgun_rate': -0.2672, 'early_down_pass_rate': -0.1582, 'no_huddle_rate': -0.1349}",OL-injury / opp-pass-rush tags: nullable until OL lane lands
2022,PIT,14,1.7917,0.2836,"{'quick_game_rate': -0.0928, 'avg_air_yards_x10': 0.2299, 'shotgun_rate': -0.0123, 'early_down_pass_rate': 0.026, 'no_huddle_rate': -0.1015}",OL-injury / opp-pass-rush tags: nullable until OL lane lands
2022,PIT,15,4.2503,0.8246,"{'quick_game_rate': 0.0727, 'avg_air_yards_x10': -0.1588, 'shotgun_rate': -0.2956, 'early_down_pass_rate': -0.2571, 'no_huddle_rate': -0.0269}",OL-injury / opp-pass-rush tags: nullable until OL lane lands
2022,PIT,16,1.959,0.3321,"{'quick_game_rate': 0.0092, 'avg_air_yards_x10': -0.3141, 'shotgun_rate': -0.0558, 'early_down_pass_rate': 0.0268, 'no_huddle_rate': -0.1143}",OL-injury / opp-pass-rush tags: nullable until OL lane lands
2022,PIT,17,2.4777,0.4813,"{'quick_game_rate': -0.0712, 'avg_air_yards_x10': -0.0005, 'shotgun_rate': -0.1741, 'early_down_pass_rate': -0.1881, 'no_huddle_rate': -0.0484}",OL-injury / opp-pass-rush tags: nullable until OL lane lands
2022,PIT,18,3.0758,0.6549,"{'quick_game_rate': -0.1293, 'avg_air_yards_x10': 0.2839, 'shotgun_rate': -0.23, 'early_down_pass_rate': -0.1504, 'no_huddle_rate': -0.0741}",OL-injury / opp-pass-rush tags: nullable until OL lane lands
2022,SEA,2,0.3237,0.0392,"{'quick_game_rate': 0.1357, 'avg_air_yards_x10': 0.0524, 'shotgun_rate': 0.1781, 'early_down_pass_rate': 0.125, 'no_huddle_rate': 0.1905}",OL-injury / opp-pass-rush tags: nullable until OL lane lands
2022,SEA,3,15.644,0.9757,"{'quick_game_rate': -0.214, 'avg_air_yards_x10': 0.3959, 'shotgun_rate': -0.0817, 'early_down_pass_rate': -0.0503, 'no_huddle_rate': 0.209}",OL-injury / opp-pass-rush tags: nullable until OL lane lands
2022,SEA,4,4.4038,0.8358,"{'quick_game_rate': -0.0608, 'avg_air_yards_x10': 0.3942, 'shotgun_rate': -0.2168, 'early_down_pass_rate': -0.1559, 'no_huddle_rate': 0.0375}",OL-injury / opp-pass-rush tags: nullable until OL lane lands
2022,SEA,5,2.7563,0.5858,"{'quick_game_rate': -0.1656, 'avg_air_yards_x10': 0.429, 'shotgun_rate': -0.058, 'early_down_pass_rate': -0.0682, 'no_huddle_rate': -0.0978}",OL-injury / opp-pass-rush tags: nullable until OL lane lands
2022,SEA,6,1.348,0.1399,"{'quick_game_rate': 0.0714, 'avg_air_yards_x10': -0.1697, 'shotgun_rate': 0.0813, 'early_down_pass_rate': -0.0531, 'no_huddle_rate': -0.0136}",OL-injury / opp-pass-rush tags: nullable until OL lane lands
2022,SEA,7,2.5834,0.5112,"{'quick_game_rate': 0.02, 'avg_air_yards_x10': -0.0656, 'shotgun_rate': -0.1067, 'early_down_pass_rate': -0.1724, 'no_huddle_rate': -0.046}",OL-injury / opp-pass-rush tags: nullable until OL lane lands
2022,SEA,8,1.7862,0.2799,"{'quick_game_rate': 0.1315, 'avg_air_yards_x10': -0.0162, 'shotgun_rate': 0.113, 'early_down_pass_rate': 0.0056, 'no_huddle_rate': -0.0419}",OL-injury / opp-pass-rush tags: nullable until OL lane lands
2022,SEA,9,3.4431,0.7369,"{'quick_game_rate': 0.2328, 'avg_air_yards_x10': -0.5142, 'shotgun_rate': -0.0064, 'early_down_pass_rate': -0.0988, 'no_huddle_rate': 0.0217}",OL-injury / opp-pass-rush tags: nullable until OL lane lands
2022,SEA,10,3.8686,0.7985,"{'quick_game_rate': -0.0757, 'avg_air_yards_x10': 0.0097, 'shotgun_rate': 0.205, 'early_down_pass_rate': 0.1686, 'no_huddle_rate': 0.2056}",OL-injury / opp-pass-rush tags: nullable until OL lane lands
2022,SEA,12,1.4204,0.1679,"{'quick_game_rate': -0.0296, 'avg_air_yards_x10': 0.0201, 'shotgun_rate': 0.1156, 'early_down_pass_rate': 0.0376, 'no_huddle_rate': 0.0832}",OL-injury / opp-pass-rush tags: nullable until OL lane lands
2022,SEA,13,1.3887,0.1567,"{'quick_game_rate': -0.0234, 'avg_air_yards_x10': -0.0859, 'shotgun_rate': 0.0965, 'early_down_pass_rate': 0.06, 'no_huddle_rate': -0.0741}",OL-injury / opp-pass-rush tags: nullable until OL lane lands
2022,SEA,14,2.5103,0.4907,"{'quick_game_rate': -0.1796, 'avg_air_yards_x10': 0.3388, 'shotgun_rate': 0.0964, 'early_down_pass_rate': 0.0664, 'no_huddle_rate': -0.0198}",OL-injury / opp-pass-rush tags: nullable until OL lane lands
2022,SEA,15,3.6583,0.7743,"{'quick_game_rate': 0.1701, 'avg_air_yards_x10': -0.3999, 'shotgun_rate': 0.2334, 'early_down_pass_rate': 0.1703, 'no_huddle_rate': -0.0103}",OL-injury / opp-pass-rush tags: nullable until OL lane lands
2022,SEA,16,1.5192,0.1903,"{'quick_game_rate': 0.0443, 'avg_air_yards_x10': -0.0856, 'shotgun_rate': -0.0301, 'early_down_pass_rate': -0.1013, 'no_huddle_rate': -0.083}",OL-injury / opp-pass-rush tags: nullable until OL lane lands
2022,SEA,17,2.4764,0.4795,"{'quick_game_rate': 0.0242, 'avg_air_yards_x10': 0.1802, 'shotgun_rate': -0.1923, 'early_down_pass_rate': -0.1592, 'no_huddle_rate': 0.0247}",OL-injury / opp-pass-rush tags: nullable until OL lane lands
2022,SEA,18,2.1358,0.3918,"{'quick_game_rate': -0.1602, 'avg_air_yards_x10': 0.1513, 'shotgun_rate': 0.0085, 'early_down_pass_rate': -0.1366, 'no_huddle_rate': -0.0429}",OL-injury / opp-pass-rush tags: nullable until OL lane lands
2022,SEA,19,1.4942,0.181,"{'quick_game_rate': 0.035, 'avg_air_yards_x10': 0.1638, 'shotgun_rate': -0.0627, 'early_down_pass_rate': -0.0161, 'no_huddle_rate': 0.0971}",OL-injury / opp-pass-rush tags: nullable until OL lane lands
2022,SF,2,0.3795,0.0448,"{'quick_game_rate': 0.2321, 'avg_air_yards_x10': 0.0214, 'shotgun_rate': -0.2684, 'early_down_pass_rate': -0.125, 'no_huddle_rate': -0.0452}",OL-injury / opp-pass-rush tags: nullable until OL lane lands
2022,SF,3,9.9393,0.9571,"{'quick_game_rate': 0.0082, 'avg_air_yards_x10': 0.0952, 'shotgun_rate': -0.0584, 'early_down_pass_rate': 0.2729, 'no_huddle_rate': -0.0175}",OL-injury / opp-pass-rush tags: nullable until OL lane lands
2022,SF,4,5.0084,0.8806,"{'quick_game_rate': 0.155, 'avg_air_yards_x10': -0.2118, 'shotgun_rate': 0.0864, 'early_down_pass_rate': 0.0409, 'no_huddle_rate': -0.0109}",OL-injury / opp-pass-rush tags: nullable until OL lane lands
2022,SF,5,2.4916,0.4869,"{'quick_game_rate': -0.0504, 'avg_air_yards_x10': 0.0486, 'shotgun_rate': -0.1808, 'early_down_pass_rate': 0.0646, 'no_huddle_rate': -0.0285}",OL-injury / opp-pass-rush tags: nullable until OL lane lands
2022,SF,6,5.8958,0.9049,"{'quick_game_rate': -0.0038, 'avg_air_yards_x10': 0.0259, 'shotgun_rate': 0.1088, 'early_down_pass_rate': 0.3234, 'no_huddle_rate': 0.1}",OL-injury / opp-pass-rush tags: nullable until OL lane lands
2022,SF,7,2.8586,0.6101,"{'quick_game_rate': -0.018, 'avg_air_yards_x10': 0.0092, 'shotgun_rate': 0.1635, 'early_down_pass_rate': 0.2037, 'no_huddle_rate': 0.0873}",OL-injury / opp-pass-rush tags: nullable until OL lane lands
2022,SF,8,2.0787,0.3638,"{'quick_game_rate': -0.1141, 'avg_air_yards_x10': 0.0089, 'shotgun_rate': 0.1347, 'early_down_pass_rate': 0.0253, 'no_huddle_rate': -0.052}",OL-injury / opp-pass-rush tags: nullable until OL lane lands
2022,SF,10,1.6555,0.2276,"{'quick_game_rate': -0.0586, 'avg_air_yards_x10': -0.0845, 'shotgun_rate': -0.0136, 'early_down_pass_rate': -0.1403, 'no_huddle_rate': 0.0125}",OL-injury / opp-pass-rush tags: nullable until OL lane lands
2022,SF,11,2.4009,0.4552,"{'quick_game_rate': 0.1043, 'avg_air_yards_x10': -0.1182, 'shotgun_rate': -0.0862, 'early_down_pass_rate': -0.0199, 'no_huddle_rate': -0.0469}",OL-injury / opp-pass-rush tags: nullable until OL lane lands
2022,SF,12,2.3618,0.4496,"{'quick_game_rate': 0.0948, 'avg_air_yards_x10': -0.1512, 'shotgun_rate': -0.0566, 'early_down_pass_rate': -0.0152, 'no_huddle_rate': -0.0268}",OL-injury / opp-pass-rush tags: nullable until OL lane lands
2022,SF,13,1.3827,0.1511,"{'quick_game_rate': 0.0256, 'avg_air_yards_x10': -0.1045, 'shotgun_rate': 0.0087, 'early_down_pass_rate': 0.0062, 'no_huddle_rate': -0.0265}",OL-injury / opp-pass-rush tags: nullable until OL lane lands
2022,SF,14,2.8295,0.6045,"{'quick_game_rate': 0.0276, 'avg_air_yards_x10': -0.2039, 'shotgun_rate': -0.1023, 'early_down_pass_rate': -0.1539, 'no_huddle_rate': 0.0142}",OL-injury / opp-pass-rush tags: nullable until OL lane lands
2022,SF,15,1.7557,0.2649,"{'quick_game_rate': 0.0372, 'avg_air_yards_x10': -0.0906, 'shotgun_rate': -0.0772, 'early_down_pass_rate': -0.1047, 'no_huddle_rate': -0.0386}",OL-injury / opp-pass-rush tags: nullable until OL lane lands
2022,SF,16,2.9906,0.6399,"{'quick_game_rate': -0.1788, 'avg_air_yards_x10': 0.1631, 'shotgun_rate': -0.0156, 'early_down_pass_rate': -0.0276, 'no_huddle_rate': -0.0359}",OL-injury / opp-pass-rush tags: nullable until OL lane lands
2022,SF,17,1.2448,0.1119,"{'quick_game_rate': -0.0447, 'avg_air_yards_x10': 0.0918, 'shotgun_rate': -0.0223, 'early_down_pass_rate': 0.0845, 'no_huddle_rate': -0.0002}",OL-injury / opp-pass-rush tags: nullable until OL lane lands
2022,SF,18,2.0511,0.3526,"{'quick_game_rate': -0.0276, 'avg_air_yards_x10': -0.1503, 'shotgun_rate': -0.0143, 'early_down_pass_rate': -0.1381, 'no_huddle_rate': -0.0335}",OL-injury / opp-pass-rush tags: nullable until OL lane lands
2022,SF,19,6.0885,0.9104,"{'quick_game_rate': -0.1927, 'avg_air_yards_x10': 0.5835, 'shotgun_rate': -0.1045, 'early_down_pass_rate': -0.0088, 'no_huddle_rate': -0.0159}",OL-injury / opp-pass-rush tags: nullable until OL lane lands
2022,SF,20,1.9909,0.3414,"{'quick_game_rate': -0.067, 'avg_air_yards_x10': 0.1463, 'shotgun_rate': 0.1317, 'early_down_pass_rate': -0.082, 'no_huddle_rate': 0.017}",OL-injury / opp-pass-rush tags: nullable until OL lane lands
2022,SF,21,1.0527,0.0877,"{'quick_game_rate': 0.0438, 'avg_air_yards_x10': -0.0777, 'shotgun_rate': -0.053, 'early_down_pass_rate': 0.0639, 'no_huddle_rate': -0.0088}",OL-injury / opp-pass-rush tags: nullable until OL lane lands
2022,TB,2,0.2149,0.0112,"{'quick_game_rate': 0.0109, 'avg_air_yards_x10': -0.2061, 'shotgun_rate': -0.0016, 'early_down_pass_rate': 0.0319, 'no_huddle_rate': -0.0506}",OL-injury / opp-pass-rush tags: nullable until OL lane lands
2022,TB,3,285.4658,1.0,"{'quick_game_rate': 0.1428, 'avg_air_yards_x10': -0.4647, 'shotgun_rate': 0.2267, 'early_down_pass_rate': 0.3271, 'no_huddle_rate': 0.2}",OL-injury / opp-pass-rush tags: nullable until OL lane lands
2022,TB,4,3.2789,0.6996,"{'quick_game_rate': 0.0054, 'avg_air_yards_x10': -0.2448, 'shotgun_rate': 0.1718, 'early_down_pass_rate': 0.3382, 'no_huddle_rate': 0.1461}",OL-injury / opp-pass-rush tags: nullable until OL lane lands
2022,TB,5,2.1149,0.3769,"{'quick_game_rate': 0.004, 'avg_air_yards_x10': -0.1143, 'shotgun_rate': 0.0172, 'early_down_pass_rate': 0.07, 'no_huddle_rate': 0.2116}",OL-injury / opp-pass-rush tags: nullable until OL lane lands
2022,TB,6,1.7312,0.2519,"{'quick_game_rate': -0.0865, 'avg_air_yards_x10': -0.0133, 'shotgun_rate': -0.0094, 'early_down_pass_rate': -0.0701, 'no_huddle_rate': -0.0398}",OL-injury / opp-pass-rush tags: nullable until OL lane lands
2022,TB,7,0.8461,0.069,"{'quick_game_rate': 0.0325, 'avg_air_yards_x10': -0.0528, 'shotgun_rate': -0.0181, 'early_down_pass_rate': 0.0789, 'no_huddle_rate': -0.0288}",OL-injury / opp-pass-rush tags: nullable until OL lane lands
2022,TB,8,1.4152,0.1642,"{'quick_game_rate': -0.029, 'avg_air_yards_x10': -0.1081, 'shotgun_rate': 0.0911, 'early_down_pass_rate': 0.0868, 'no_huddle_rate': 0.0173}",OL-injury / opp-pass-rush tags: nullable until OL lane lands
2022,TB,9,2.4283,0.472,"{'quick_game_rate': 0.0713, 'avg_air_yards_x10': -0.2889, 'shotgun_rate': 0.0524, 'early_down_pass_rate': 0.0039, 'no_huddle_rate': 0.0909}",OL-injury / opp-pass-rush tags: nullable until OL lane lands
2022,TB,10,3.3065,0.7071,"{'quick_game_rate': -0.0349, 'avg_air_yards_x10': 0.1477, 'shotgun_rate': -0.1401, 'early_down_pass_rate': -0.2874, 'no_huddle_rate': -0.1737}",OL-injury / opp-pass-rush tags: nullable until OL lane lands
2022,TB,12,1.4155,0.166,"{'quick_game_rate': -0.0531, 'avg_air_yards_x10': 0.1623, 'shotgun_rate': -0.0338, 'early_down_pass_rate': 0.0195, 'no_huddle_rate': 0.0107}",OL-injury / opp-pass-rush tags: nullable until OL lane lands
2022,TB,13,2.8166,0.6007,"{'quick_game_rate': 0.1253, 'avg_air_yards_x10': -0.1933, 'shotgun_rate': 0.0761, 'early_down_pass_rate': 0.0527, 'no_huddle_rate': 0.0307}",OL-injury / opp-pass-rush tags: nullable until OL lane lands
2022,TB,14,4.5176,0.8451,"{'quick_game_rate': 0.0297, 'avg_air_yards_x10': -0.1002, 'shotgun_rate': 0.2306, 'early_down_pass_rate': 0.1134, 'no_huddle_rate': 0.3459}",OL-injury / opp-pass-rush tags: nullable until OL lane lands
2022,TB,15,2.4019,0.4571,"{'quick_game_rate': -0.1181, 'avg_air_yards_x10': -0.0243, 'shotgun_rate': -0.097, 'early_down_pass_rate': -0.0442, 'no_huddle_rate': -0.1142}",OL-injury / opp-pass-rush tags: nullable until OL lane lands
2022,TB,16,3.6482,0.7705,"{'quick_game_rate': 0.2066, 'avg_air_yards_x10': -0.2633, 'shotgun_rate': 0.056, 'early_down_pass_rate': -0.066, 'no_huddle_rate': -0.0112}",OL-injury / opp-pass-rush tags: nullable until OL lane lands
2022,TB,17,0.51,0.056,"{'quick_game_rate': 0.022, 'avg_air_yards_x10': 0.0635, 'shotgun_rate': 0.0053, 'early_down_pass_rate': -0.0228, 'no_huddle_rate': -0.019}",OL-injury / opp-pass-rush tags: nullable until OL lane lands
2022,TB,18,1.906,0.3153,"{'quick_game_rate': 0.0383, 'avg_air_yards_x10': -0.1668, 'shotgun_rate': 0.0709, 'early_down_pass_rate': -0.1079, 'no_huddle_rate': -0.1355}",OL-injury / opp-pass-rush tags: nullable until OL lane lands
2022,TB,19,3.0924,0.6586,"{'quick_game_rate': 0.0548, 'avg_air_yards_x10': -0.1674, 'shotgun_rate': 0.1977, 'early_down_pass_rate': 0.1905, 'no_huddle_rate': 0.1584}",OL-injury / opp-pass-rush tags: nullable until OL lane lands
2022,TEN,2,0.2294,0.0149,"{'quick_game_rate': 0.0105, 'avg_air_yards_x10': -0.0792, 'shotgun_rate': 0.1916, 'early_down_pass_rate': -0.0458, 'no_huddle_rate': -0.0862}",OL-injury / opp-pass-rush tags: nullable until OL lane lands
2022,TEN,3,14.2451,0.9701,"{'quick_game_rate': 0.0701, 'avg_air_yards_x10': -0.1743, 'shotgun_rate': -0.0362, 'early_down_pass_rate': -0.0455, 'no_huddle_rate': 0.0512}",OL-injury / opp-pass-rush tags: nullable until OL lane lands
2022,TEN,4,11.149,0.9627,"{'quick_game_rate': 0.3271, 'avg_air_yards_x10': -0.3987, 'shotgun_rate': -0.1269, 'early_down_pass_rate': -0.0616, 'no_huddle_rate': -0.0194}",OL-injury / opp-pass-rush tags: nullable until OL lane lands
2022,TEN,5,2.2735,0.4235,"{'quick_game_rate': 0.0834, 'avg_air_yards_x10': 0.1844, 'shotgun_rate': -0.0798, 'early_down_pass_rate': -0.063, 'no_huddle_rate': 0.0092}",OL-injury / opp-pass-rush tags: nullable until OL lane lands
2022,TEN,7,4.1479,0.8153,"{'quick_game_rate': 0.0667, 'avg_air_yards_x10': -0.0445, 'shotgun_rate': -0.004, 'early_down_pass_rate': -0.169, 'no_huddle_rate': -0.0016}",OL-injury / opp-pass-rush tags: nullable until OL lane lands
2022,TEN,8,3.305,0.7052,"{'quick_game_rate': -0.0444, 'avg_air_yards_x10': -0.0271, 'shotgun_rate': -0.098, 'early_down_pass_rate': -0.222, 'no_huddle_rate': -0.0043}",OL-injury / opp-pass-rush tags: nullable until OL lane lands
2022,TEN,9,5.507,0.8955,"{'quick_game_rate': -0.288, 'avg_air_yards_x10': 0.5218, 'shotgun_rate': 0.2285, 'early_down_pass_rate': -0.1091, 'no_huddle_rate': -0.0563}",OL-injury / opp-pass-rush tags: nullable until OL lane lands
2022,TEN,10,2.3524,0.444,"{'quick_game_rate': 0.0813, 'avg_air_yards_x10': -0.1323, 'shotgun_rate': 0.1191, 'early_down_pass_rate': 0.1643, 'no_huddle_rate': 0.0341}",OL-injury / opp-pass-rush tags: nullable until OL lane lands
2022,TEN,11,2.4193,0.4608,"{'quick_game_rate': -0.1318, 'avg_air_yards_x10': 0.079, 'shotgun_rate': -0.0516, 'early_down_pass_rate': 0.1112, 'no_huddle_rate': 0.0618}",OL-injury / opp-pass-rush tags: nullable until OL lane lands
2022,TEN,12,1.8647,0.306,"{'quick_game_rate': 0.0903, 'avg_air_yards_x10': 0.0266, 'shotgun_rate': 0.1539, 'early_down_pass_rate': 0.0894, 'no_huddle_rate': 0.0122}",OL-injury / opp-pass-rush tags: nullable until OL lane lands
2022,TEN,13,2.0972,0.3713,"{'quick_game_rate': 0.0324, 'avg_air_yards_x10': -0.1833, 'shotgun_rate': 0.1196, 'early_down_pass_rate': 0.1218, 'no_huddle_rate': 0.034}",OL-injury / opp-pass-rush tags: nullable until OL lane lands
2022,TEN,14,4.4576,0.8396,"{'quick_game_rate': 0.0701, 'avg_air_yards_x10': 0.1117, 'shotgun_rate': 0.2451, 'early_down_pass_rate': 0.1912, 'no_huddle_rate': 0.1143}",OL-injury / opp-pass-rush tags: nullable until OL lane lands
2022,TEN,15,1.4631,0.1772,"{'quick_game_rate': 0.0627, 'avg_air_yards_x10': -0.1881, 'shotgun_rate': 0.0932, 'early_down_pass_rate': 0.0676, 'no_huddle_rate': -0.0005}",OL-injury / opp-pass-rush tags: nullable until OL lane lands
2022,TEN,16,1.9746,0.3377,"{'quick_game_rate': 0.0465, 'avg_air_yards_x10': -0.1852, 'shotgun_rate': 0.0822, 'early_down_pass_rate': -0.0166, 'no_huddle_rate': 0.066}",OL-injury / opp-pass-rush tags: nullable until OL lane lands
2022,TEN,17,1.9019,0.3134,"{'quick_game_rate': -0.0603, 'avg_air_yards_x10': 0.1184, 'shotgun_rate': 0.1637, 'early_down_pass_rate': 0.1059, 'no_huddle_rate': -0.0148}",OL-injury / opp-pass-rush tags: nullable until OL lane lands
2022,TEN,18,2.0585,0.3545,"{'quick_game_rate': 0.0337, 'avg_air_yards_x10': -0.1442, 'shotgun_rate': 0.0291, 'early_down_pass_rate': -0.1654, 'no_huddle_rate': -0.0476}",OL-injury / opp-pass-rush tags: nullable until OL lane lands
2022,WAS,2,0.265,0.0243,"{'quick_game_rate': 0.0042, 'avg_air_yards_x10': 0.1948, 'shotgun_rate': 0.0852, 'early_down_pass_rate': 0.1295, 'no_huddle_rate': 0.0906}",OL-injury / opp-pass-rush tags: nullable until OL lane lands
2022,WAS,3,30.9799,0.9851,"{'quick_game_rate': 0.0648, 'avg_air_yards_x10': -0.0164, 'shotgun_rate': 0.085, 'early_down_pass_rate': 0.0283, 'no_huddle_rate': 0.0834}",OL-injury / opp-pass-rush tags: nullable until OL lane lands
2022,WAS,4,3.5645,0.7481,"{'quick_game_rate': 0.0582, 'avg_air_yards_x10': -0.0921, 'shotgun_rate': -0.0917, 'early_down_pass_rate': -0.0986, 'no_huddle_rate': 0.0661}",OL-injury / opp-pass-rush tags: nullable until OL lane lands
2022,WAS,5,2.7724,0.5914,"{'quick_game_rate': -0.0467, 'avg_air_yards_x10': 0.1474, 'shotgun_rate': 0.0493, 'early_down_pass_rate': 0.0867, 'no_huddle_rate': -0.0203}",OL-injury / opp-pass-rush tags: nullable until OL lane lands
2022,WAS,6,5.056,0.8825,"{'quick_game_rate': 0.0919, 'avg_air_yards_x10': -0.183, 'shotgun_rate': -0.0007, 'early_down_pass_rate': -0.2473, 'no_huddle_rate': -0.0695}",OL-injury / opp-pass-rush tags: nullable until OL lane lands
2022,WAS,7,4.3766,0.8321,"{'quick_game_rate': 0.0312, 'avg_air_yards_x10': -0.1874, 'shotgun_rate': -0.1441, 'early_down_pass_rate': -0.23, 'no_huddle_rate': -0.1042}",OL-injury / opp-pass-rush tags: nullable until OL lane lands
2022,WAS,8,1.6643,0.2313,"{'quick_game_rate': 0.0032, 'avg_air_yards_x10': -0.1678, 'shotgun_rate': -0.0386, 'early_down_pass_rate': -0.0542, 'no_huddle_rate': -0.0351}",OL-injury / opp-pass-rush tags: nullable until OL lane lands
2022,WAS,9,3.7592,0.7836,"{'quick_game_rate': -0.1458, 'avg_air_yards_x10': 0.0939, 'shotgun_rate': -0.0215, 'early_down_pass_rate': -0.0576, 'no_huddle_rate': -0.0794}",OL-injury / opp-pass-rush tags: nullable until OL lane lands
2022,WAS,10,4.6999,0.8638,"{'quick_game_rate': -0.1865, 'avg_air_yards_x10': 0.2991, 'shotgun_rate': -0.0808, 'early_down_pass_rate': -0.2196, 'no_huddle_rate': -0.0779}",OL-injury / opp-pass-rush tags: nullable until OL lane lands
2022,WAS,11,4.0664,0.8134,"{'quick_game_rate': -0.1678, 'avg_air_yards_x10': 0.121, 'shotgun_rate': -0.2004, 'early_down_pass_rate': -0.1662, 'no_huddle_rate': -0.0355}",OL-injury / opp-pass-rush tags: nullable until OL lane lands
2022,WAS,12,3.1307,0.6642,"{'quick_game_rate': -0.0383, 'avg_air_yards_x10': -0.1441, 'shotgun_rate': -0.1835, 'early_down_pass_rate': -0.1997, 'no_huddle_rate': -0.076}",OL-injury / opp-pass-rush tags: nullable until OL lane lands
2022,WAS,13,0.8773,0.0728,"{'quick_game_rate': -0.069, 'avg_air_yards_x10': 0.0112, 'shotgun_rate': -0.0238, 'early_down_pass_rate': 0.0279, 'no_huddle_rate': 0.0123}",OL-injury / opp-pass-rush tags: nullable until OL lane lands
2022,WAS,15,2.6928,0.5597,"{'quick_game_rate': -0.0343, 'avg_air_yards_x10': 0.3599, 'shotgun_rate': -0.036, 'early_down_pass_rate': 0.0105, 'no_huddle_rate': -0.0185}",OL-injury / opp-pass-rush tags: nullable until OL lane lands
2022,WAS,16,1.3513,0.1418,"{'quick_game_rate': -0.0784, 'avg_air_yards_x10': 0.136, 'shotgun_rate': 0.0198, 'early_down_pass_rate': -0.0458, 'no_huddle_rate': 0.0138}",OL-injury / opp-pass-rush tags: nullable until OL lane lands
2022,WAS,17,1.5188,0.1884,"{'quick_game_rate': -0.0795, 'avg_air_yards_x10': 0.0261, 'shotgun_rate': 0.0403, 'early_down_pass_rate': -0.133, 'no_huddle_rate': 0.0011}",OL-injury / opp-pass-rush tags: nullable until OL lane lands
2022,WAS,18,2.6806,0.5522,"{'quick_game_rate': 0.0401, 'avg_air_yards_x10': 0.038, 'shotgun_rate': -0.1463, 'early_down_pass_rate': -0.2081, 'no_huddle_rate': -0.0549}",OL-injury / opp-pass-rush tags: nullable until OL lane lands
2023,ARI,2,0.4136,0.0409,"{'quick_game_rate': -0.0796, 'avg_air_yards_x10': 0.3768, 'shotgun_rate': -0.1455, 'early_down_pass_rate': -0.04, 'no_huddle_rate': -0.0034}",OL-injury / opp-pass-rush tags: nullable until OL lane lands
2023,ARI,3,9.9917,0.9572,"{'quick_game_rate': 0.0969, 'avg_air_yards_x10': -0.1846, 'shotgun_rate': -0.0239, 'early_down_pass_rate': -0.1141, 'no_huddle_rate': -0.0132}",OL-injury / opp-pass-rush tags: nullable until OL lane lands
2023,ARI,4,3.7747,0.7509,"{'quick_game_rate': 0.0286, 'avg_air_yards_x10': 0.08, 'shotgun_rate': 0.1077, 'early_down_pass_rate': 0.1413, 'no_huddle_rate': 0.0132}",OL-injury / opp-pass-rush tags: nullable until OL lane lands
2023,ARI,5,9.342,0.9517,"{'quick_game_rate': 0.0024, 'avg_air_yards_x10': 0.2081, 'shotgun_rate': 0.0538, 'early_down_pass_rate': 0.0576, 'no_huddle_rate': 0.073}",OL-injury / opp-pass-rush tags: nullable until OL lane lands
2023,ARI,6,3.2303,0.6673,"{'quick_game_rate': 0.0454, 'avg_air_yards_x10': 0.2305, 'shotgun_rate': 0.0598, 'early_down_pass_rate': 0.0497, 'no_huddle_rate': 0.0745}",OL-injury / opp-pass-rush tags: nullable until OL lane lands
2023,ARI,7,2.974,0.6115,"{'quick_game_rate': 0.1138, 'avg_air_yards_x10': -0.1528, 'shotgun_rate': 0.0073, 'early_down_pass_rate': 0.0256, 'no_huddle_rate': -0.0445}",OL-injury / opp-pass-rush tags: nullable until OL lane lands
2023,ARI,8,1.5311,0.1543,"{'quick_game_rate': 0.0228, 'avg_air_yards_x10': -0.1143, 'shotgun_rate': -0.0484, 'early_down_pass_rate': -0.0008, 'no_huddle_rate': 0.0406}",OL-injury / opp-pass-rush tags: nullable until OL lane lands
2023,ARI,9,6.0089,0.9108,"{'quick_game_rate': 0.2565, 'avg_air_yards_x10': -0.5658, 'shotgun_rate': 0.048, 'early_down_pass_rate': -0.015, 'no_huddle_rate': 0.0287}",OL-injury / opp-pass-rush tags: nullable until OL lane lands
2023,ARI,10,3.5315,0.7212,"{'quick_game_rate': -0.1158, 'avg_air_yards_x10': 0.2927, 'shotgun_rate': 0.1301, 'early_down_pass_rate': 0.0843, 'no_huddle_rate': 0.0546}",OL-injury / opp-pass-rush tags: nullable until OL lane lands
2023,ARI,11,3.22,0.6636,"{'quick_game_rate': 0.0896, 'avg_air_yards_x10': 0.1461, 'shotgun_rate': 0.1987, 'early_down_pass_rate': 0.0153, 'no_huddle_rate': -0.0164}",OL-injury / opp-pass-rush tags: nullable until OL lane lands
2023,ARI,12,5.881,0.9071,"{'quick_game_rate': 0.037, 'avg_air_yards_x10': 0.0673, 'shotgun_rate': 0.1157, 'early_down_pass_rate': 0.2639, 'no_huddle_rate': 0.1294}",OL-injury / opp-pass-rush tags: nullable until OL lane lands
2023,ARI,13,3.1071,0.6431,"{'quick_game_rate': 0.087, 'avg_air_yards_x10': -0.0439, 'shotgun_rate': -0.1341, 'early_down_pass_rate': -0.2052, 'no_huddle_rate': -0.0596}",OL-injury / opp-pass-rush tags: nullable until OL lane lands
2023,ARI,15,1.6476,0.1896,"{'quick_game_rate': 0.0357, 'avg_air_yards_x10': -0.1902, 'shotgun_rate': 0.033, 'early_down_pass_rate': 0.034, 'no_huddle_rate': 0.0639}",OL-injury / opp-pass-rush tags: nullable until OL lane lands
2023,ARI,16,4.3103,0.8067,"{'quick_game_rate': 0.1448, 'avg_air_yards_x10': -0.1818, 'shotgun_rate': 0.1282, 'early_down_pass_rate': 0.1254, 'no_huddle_rate': 0.1777}",OL-injury / opp-pass-rush tags: nullable until OL lane lands
2023,ARI,17,2.9796,0.6152,"{'quick_game_rate': 0.1691, 'avg_air_yards_x10': -0.3057, 'shotgun_rate': -0.089, 'early_down_pass_rate': -0.1425, 'no_huddle_rate': -0.0497}",OL-injury / opp-pass-rush tags: nullable until OL lane lands
2023,ARI,18,2.3485,0.4219,"{'quick_game_rate': -0.0178, 'avg_air_yards_x10': -0.1912, 'shotgun_rate': -0.1716, 'early_down_pass_rate': -0.1095, 'no_huddle_rate': -0.0152}",OL-injury / opp-pass-rush tags: nullable until OL lane lands
2023,ATL,2,0.4466,0.0465,"{'quick_game_rate': -0.1423, 'avg_air_yards_x10': 0.4219, 'shotgun_rate': -0.0268, 'early_down_pass_rate': 0.0182, 'no_huddle_rate': 0.0116}",OL-injury / opp-pass-rush tags: nullable until OL lane lands
2023,ATL,3,34.272,0.9907,"{'quick_game_rate': -0.0662, 'avg_air_yards_x10': 0.2048, 'shotgun_rate': -0.0118, 'early_down_pass_rate': 0.2525, 'no_huddle_rate': 0.1163}",OL-injury / opp-pass-rush tags: nullable until OL lane lands
2023,ATL,4,11.8268,0.9647,"{'quick_game_rate': -0.1631, 'avg_air_yards_x10': 0.1966, 'shotgun_rate': 0.1398, 'early_down_pass_rate': 0.051, 'no_huddle_rate': -0.092}",OL-injury / opp-pass-rush tags: nullable until OL lane lands
2023,ATL,5,1.569,0.1673,"{'quick_game_rate': -0.0297, 'avg_air_yards_x10': 0.1558, 'shotgun_rate': 0.0025, 'early_down_pass_rate': -0.0016, 'no_huddle_rate': -0.0807}",OL-injury / opp-pass-rush tags: nullable until OL lane lands
2023,ATL,6,1.2992,0.1041,"{'quick_game_rate': -0.0364, 'avg_air_yards_x10': 0.1796, 'shotgun_rate': 0.0013, 'early_down_pass_rate': 0.0659, 'no_huddle_rate': -0.011}",OL-injury / opp-pass-rush tags: nullable until OL lane lands
2023,ATL,7,4.445,0.8197,"{'quick_game_rate': 0.0949, 'avg_air_yards_x10': 0.0725, 'shotgun_rate': 0.1685, 'early_down_pass_rate': -0.0869, 'no_huddle_rate': -0.1421}",OL-injury / opp-pass-rush tags: nullable until OL lane lands
2023,ATL,8,2.8513,0.5743,"{'quick_game_rate': -0.0669, 'avg_air_yards_x10': 0.1443, 'shotgun_rate': 0.1786, 'early_down_pass_rate': 0.0798, 'no_huddle_rate': 0.0311}",OL-injury / opp-pass-rush tags: nullable until OL lane lands
2023,ATL,9,2.4371,0.4535,"{'quick_game_rate': -0.0379, 'avg_air_yards_x10': 0.2889, 'shotgun_rate': 0.0059, 'early_down_pass_rate': 0.0073, 'no_huddle_rate': -0.1119}",OL-injury / opp-pass-rush tags: nullable until OL lane lands
2023,ATL,10,2.4408,0.461,"{'quick_game_rate': 0.0577, 'avg_air_yards_x10': 0.081, 'shotgun_rate': -0.0598, 'early_down_pass_rate': -0.1393, 'no_huddle_rate': -0.0988}",OL-injury / opp-pass-rush tags: nullable until OL lane lands
2023,ATL,12,2.429,0.4498,"{'quick_game_rate': -0.0909, 'avg_air_yards_x10': -0.0081, 'shotgun_rate': -0.0566, 'early_down_pass_rate': -0.1526, 'no_huddle_rate': -0.0695}",OL-injury / opp-pass-rush tags: nullable until OL lane lands
2023,ATL,13,2.7439,0.552,"{'quick_game_rate': -0.0932, 'avg_air_yards_x10': 0.2334, 'shotgun_rate': -0.0951, 'early_down_pass_rate': -0.1115, 'no_huddle_rate': -0.0804}",OL-injury / opp-pass-rush tags: nullable until OL lane lands
2023,ATL,14,2.9085,0.5948,"{'quick_game_rate': -0.0199, 'avg_air_yards_x10': 0.1835, 'shotgun_rate': 0.1936, 'early_down_pass_rate': 0.1177, 'no_huddle_rate': -0.0351}",OL-injury / opp-pass-rush tags: nullable until OL lane lands
2023,ATL,15,2.2889,0.4015,"{'quick_game_rate': 0.0457, 'avg_air_yards_x10': -0.1309, 'shotgun_rate': -0.1383, 'early_down_pass_rate': -0.0536, 'no_huddle_rate': -0.0986}",OL-injury / opp-pass-rush tags: nullable until OL lane lands
2023,ATL,16,3.2164,0.6617,"{'quick_game_rate': 0.1362, 'avg_air_yards_x10': -0.3628, 'shotgun_rate': 0.0369, 'early_down_pass_rate': 0.0176, 'no_huddle_rate': 0.0974}",OL-injury / opp-pass-rush tags: nullable until OL lane lands
2023,ATL,17,4.029,0.7844,"{'quick_game_rate': -0.0727, 'avg_air_yards_x10': 0.2169, 'shotgun_rate': 0.2269, 'early_down_pass_rate': 0.0827, 'no_huddle_rate': 0.2088}",OL-injury / opp-pass-rush tags: nullable until OL lane lands
2023,ATL,18,2.4551,0.4665,"{'quick_game_rate': 0.1261, 'avg_air_yards_x10': -0.218, 'shotgun_rate': 0.0604, 'early_down_pass_rate': 0.1066, 'no_huddle_rate': 0.0376}",OL-injury / opp-pass-rush tags: nullable until OL lane lands
2023,BAL,2,0.5311,0.0539,"{'quick_game_rate': -0.2273, 'avg_air_yards_x10': 0.4454, 'shotgun_rate': -0.0649, 'early_down_pass_rate': 0.1653, 'no_huddle_rate': -0.0197}",OL-injury / opp-pass-rush tags: nullable until OL lane lands
2023,BAL,3,8.6816,0.9461,"{'quick_game_rate': -0.0197, 'avg_air_yards_x10': -0.0444, 'shotgun_rate': 0.0581, 'early_down_pass_rate': 0.0463, 'no_huddle_rate': -0.0834}",OL-injury / opp-pass-rush tags: nullable until OL lane lands
2023,BAL,4,3.1663,0.6487,"{'quick_game_rate': -0.0353, 'avg_air_yards_x10': -0.04, 'shotgun_rate': 0.073, 'early_down_pass_rate': -0.1066, 'no_huddle_rate': -0.0794}",OL-injury / opp-pass-rush tags: nullable until OL lane lands
2023,BAL,5,4.8127,0.8587,"{'quick_game_rate': -0.158, 'avg_air_yards_x10': 0.449, 'shotgun_rate': 0.0727, 'early_down_pass_rate': 0.2305, 'no_huddle_rate': -0.0035}",OL-injury / opp-pass-rush tags: nullable until OL lane lands
2023,BAL,6,0.3549,0.0335,"{'quick_game_rate': -0.0211, 'avg_air_yards_x10': 0.0053, 'shotgun_rate': -0.0121, 'early_down_pass_rate': 0.0097, 'no_huddle_rate': -0.0049}",OL-injury / opp-pass-rush tags: nullable until OL lane lands
2023,BAL,7,2.037,0.3123,"{'quick_game_rate': -0.0533, 'avg_air_yards_x10': 0.1299, 'shotgun_rate': 0.0405, 'early_down_pass_rate': 0.078, 'no_huddle_rate': -0.0577}",OL-injury / opp-pass-rush tags: nullable until OL lane lands
2023,BAL,8,2.3935,0.4331,"{'quick_game_rate': 0.1196, 'avg_air_yards_x10': -0.1782, 'shotgun_rate': -0.0744, 'early_down_pass_rate': 0.0024, 'no_huddle_rate': -0.0175}",OL-injury / opp-pass-rush tags: nullable until OL lane lands
2023,BAL,9,2.1921,0.3755,"{'quick_game_rate': -0.1188, 'avg_air_yards_x10': 0.089, 'shotgun_rate': 0.0689, 'early_down_pass_rate': -0.0833, 'no_huddle_rate': 0.0033}",OL-injury / opp-pass-rush tags: nullable until OL lane lands
2023,BAL,10,3.7001,0.7416,"{'quick_game_rate': -0.2075, 'avg_air_yards_x10': 0.2851, 'shotgun_rate': -0.1093, 'early_down_pass_rate': 0.0055, 'no_huddle_rate': -0.0465}",OL-injury / opp-pass-rush tags: nullable until OL lane lands
2023,BAL,11,2.4895,0.4833,"{'quick_game_rate': -0.1064, 'avg_air_yards_x10': 0.3862, 'shotgun_rate': -0.0584, 'early_down_pass_rate': -0.01, 'no_huddle_rate': 0.0214}",OL-injury / opp-pass-rush tags: nullable until OL lane lands
2023,BAL,12,2.4059,0.4424,"{'quick_game_rate': 0.1749, 'avg_air_yards_x10': -0.2908, 'shotgun_rate': 0.0424, 'early_down_pass_rate': 0.0436, 'no_huddle_rate': 0.0258}",OL-injury / opp-pass-rush tags: nullable until OL lane lands
2023,BAL,14,3.1957,0.6543,"{'quick_game_rate': -0.0773, 'avg_air_yards_x10': 0.472, 'shotgun_rate': 0.0434, 'early_down_pass_rate': 0.1705, 'no_huddle_rate': 0.0197}",OL-injury / opp-pass-rush tags: nullable until OL lane lands
2023,BAL,15,3.4185,0.697,"{'quick_game_rate': -0.115, 'avg_air_yards_x10': -0.0299, 'shotgun_rate': -0.1643, 'early_down_pass_rate': -0.124, 'no_huddle_rate': 0.005}",OL-injury / opp-pass-rush tags: nullable until OL lane lands
2023,BAL,16,2.1495,0.3494,"{'quick_game_rate': 0.0326, 'avg_air_yards_x10': -0.3434, 'shotgun_rate': 0.0389, 'early_down_pass_rate': 0.1255, 'no_huddle_rate': -0.0194}",OL-injury / opp-pass-rush tags: nullable until OL lane lands
2023,BAL,17,3.5031,0.7138,"{'quick_game_rate': -0.0748, 'avg_air_yards_x10': 0.3228, 'shotgun_rate': -0.1527, 'early_down_pass_rate': -0.085, 'no_huddle_rate': -0.0665}",OL-injury / opp-pass-rush tags: nullable until OL lane lands
2023,BAL,18,2.229,0.3866,"{'quick_game_rate': -0.0506, 'avg_air_yards_x10': -0.2221, 'shotgun_rate': 0.0694, 'early_down_pass_rate': 0.0187, 'no_huddle_rate': 0.0626}",OL-injury / opp-pass-rush tags: nullable until OL lane lands
2023,BAL,20,1.9963,0.303,"{'quick_game_rate': -0.0672, 'avg_air_yards_x10': -0.0616, 'shotgun_rate': -0.0693, 'early_down_pass_rate': -0.0812, 'no_huddle_rate': -0.0512}",OL-injury / opp-pass-rush tags: nullable until OL lane lands
2023,BAL,21,4.9842,0.868,"{'quick_game_rate': 0.068, 'avg_air_yards_x10': 0.117, 'shotgun_rate': 0.1049, 'early_down_pass_rate': 0.2901, 'no_huddle_rate': 0.1332}",OL-injury / opp-pass-rush tags: nullable until OL lane lands
2023,BUF,2,0.5553,0.0558,"{'quick_game_rate': 0.1777, 'avg_air_yards_x10': -0.3803, 'shotgun_rate': -0.2714, 'early_down_pass_rate': -0.1701, 'no_huddle_rate': -0.1717}",OL-injury / opp-pass-rush tags: nullable until OL lane lands
2023,BUF,3,3.1044,0.6413,"{'quick_game_rate': -0.1139, 'avg_air_yards_x10': 0.3039, 'shotgun_rate': -0.1218, 'early_down_pass_rate': -0.1473, 'no_huddle_rate': -0.1097}",OL-injury / opp-pass-rush tags: nullable until OL lane lands
2023,BUF,4,0.8868,0.0706,"{'quick_game_rate': -0.0559, 'avg_air_yards_x10': 0.0664, 'shotgun_rate': -0.0364, 'early_down_pass_rate': -0.0334, 'no_huddle_rate': -0.028}",OL-injury / opp-pass-rush tags: nullable until OL lane lands
2023,BUF,5,4.0404,0.7862,"{'quick_game_rate': -0.1119, 'avg_air_yards_x10': 0.3373, 'shotgun_rate': 0.076, 'early_down_pass_rate': 0.195, 'no_huddle_rate': 0.1799}",OL-injury / opp-pass-rush tags: nullable until OL lane lands
2023,BUF,6,2.4841,0.4814,"{'quick_game_rate': -0.0728, 'avg_air_yards_x10': 0.0423, 'shotgun_rate': -0.1777, 'early_down_pass_rate': -0.1289, 'no_huddle_rate': -0.1}",OL-injury / opp-pass-rush tags: nullable until OL lane lands
2023,BUF,7,1.6851,0.197,"{'quick_game_rate': -0.064, 'avg_air_yards_x10': 0.2504, 'shotgun_rate': 0.0483, 'early_down_pass_rate': 0.034, 'no_huddle_rate': -0.0566}",OL-injury / opp-pass-rush tags: nullable until OL lane lands
2023,BUF,8,3.7908,0.7565,"{'quick_game_rate': 0.0817, 'avg_air_yards_x10': -0.283, 'shotgun_rate': 0.1045, 'early_down_pass_rate': 0.0635, 'no_huddle_rate': 0.2939}",OL-injury / opp-pass-rush tags: nullable until OL lane lands
2023,BUF,9,3.0363,0.6301,"{'quick_game_rate': 0.0504, 'avg_air_yards_x10': -0.0557, 'shotgun_rate': 0.1485, 'early_down_pass_rate': 0.1772, 'no_huddle_rate': 0.2471}",OL-injury / opp-pass-rush tags: nullable until OL lane lands
2023,BUF,10,2.1372,0.3401,"{'quick_game_rate': -0.0726, 'avg_air_yards_x10': 0.0303, 'shotgun_rate': -0.0109, 'early_down_pass_rate': -0.1343, 'no_huddle_rate': 0.2113}",OL-injury / opp-pass-rush tags: nullable until OL lane lands
2023,BUF,11,1.7045,0.2119,"{'quick_game_rate': 0.067, 'avg_air_yards_x10': -0.1295, 'shotgun_rate': 0.0083, 'early_down_pass_rate': -0.1188, 'no_huddle_rate': -0.1074}",OL-injury / opp-pass-rush tags: nullable until OL lane lands
2023,BUF,12,1.409,0.1338,"{'quick_game_rate': -0.0623, 'avg_air_yards_x10': -0.0322, 'shotgun_rate': -0.0682, 'early_down_pass_rate': -0.0184, 'no_huddle_rate': -0.1298}",OL-injury / opp-pass-rush tags: nullable until OL lane lands
2023,BUF,14,1.3904,0.1283,"{'quick_game_rate': -0.0399, 'avg_air_yards_x10': 0.0188, 'shotgun_rate': 0.0452, 'early_down_pass_rate': 0.0502, 'no_huddle_rate': -0.1596}",OL-injury / opp-pass-rush tags: nullable until OL lane lands
2023,BUF,15,3.5157,0.7175,"{'quick_game_rate': 0.0087, 'avg_air_yards_x10': -0.0423, 'shotgun_rate': -0.0809, 'early_down_pass_rate': -0.3384, 'no_huddle_rate': -0.1293}",OL-injury / opp-pass-rush tags: nullable until OL lane lands
2023,BUF,16,4.3521,0.8104,"{'quick_game_rate': -0.0967, 'avg_air_yards_x10': 0.4931, 'shotgun_rate': -0.1948, 'early_down_pass_rate': -0.2073, 'no_huddle_rate': -0.1523}",OL-injury / opp-pass-rush tags: nullable until OL lane lands
2023,BUF,17,2.6849,0.5372,"{'quick_game_rate': -0.1521, 'avg_air_yards_x10': 0.2612, 'shotgun_rate': 0.0484, 'early_down_pass_rate': -0.0954, 'no_huddle_rate': -0.0664}",OL-injury / opp-pass-rush tags: nullable until OL lane lands
2023,BUF,18,0.823,0.0669,"{'quick_game_rate': 0.017, 'avg_air_yards_x10': 0.0933, 'shotgun_rate': -0.0093, 'early_down_pass_rate': 0.0757, 'no_huddle_rate': -0.0447}",OL-injury / opp-pass-rush tags: nullable until OL lane lands
2023,BUF,19,1.8564,0.2565,"{'quick_game_rate': 0.0897, 'avg_air_yards_x10': -0.234, 'shotgun_rate': -0.0497, 'early_down_pass_rate': -0.0445, 'no_huddle_rate': -0.0739}",OL-injury / opp-pass-rush tags: nullable until OL lane lands
2023,BUF,20,3.0589,0.6357,"{'quick_game_rate': 0.2026, 'avg_air_yards_x10': -0.2446, 'shotgun_rate': -0.047, 'early_down_pass_rate': -0.0638, 'no_huddle_rate': -0.08}",OL-injury / opp-pass-rush tags: nullable until OL lane lands
2023,CAR,2,0.1634,0.0074,"{'quick_game_rate': 0.0415, 'avg_air_yards_x10': 0.0423, 'shotgun_rate': -0.071, 'early_down_pass_rate': 0.1341, 'no_huddle_rate': -0.0131}",OL-injury / opp-pass-rush tags: nullable until OL lane lands
2023,CAR,3,8.1189,0.9405,"{'quick_game_rate': -0.0462, 'avg_air_yards_x10': 0.0618, 'shotgun_rate': -0.0284, 'early_down_pass_rate': 0.1922, 'no_huddle_rate': 0.0432}",OL-injury / opp-pass-rush tags: nullable until OL lane lands
2023,CAR,4,13.5667,0.9703,"{'quick_game_rate': 0.1147, 'avg_air_yards_x10': -0.4125, 'shotgun_rate': -0.0327, 'early_down_pass_rate': -0.1017, 'no_huddle_rate': 0.0853}",OL-injury / opp-pass-rush tags: nullable until OL lane lands
2023,CAR,5,1.8141,0.2379,"{'quick_game_rate': 0.0288, 'avg_air_yards_x10': -0.0562, 'shotgun_rate': -0.0313, 'early_down_pass_rate': -0.0131, 'no_huddle_rate': 0.0567}",OL-injury / opp-pass-rush tags: nullable until OL lane lands
2023,CAR,6,4.6742,0.8494,"{'quick_game_rate': -0.0776, 'avg_air_yards_x10': 0.1408, 'shotgun_rate': -0.0036, 'early_down_pass_rate': -0.0631, 'no_huddle_rate': 0.185}",OL-injury / opp-pass-rush tags: nullable until OL lane lands
2023,CAR,8,4.0916,0.7918,"{'quick_game_rate': 0.1768, 'avg_air_yards_x10': -0.0581, 'shotgun_rate': 0.0638, 'early_down_pass_rate': 0.0074, 'no_huddle_rate': -0.0727}",OL-injury / opp-pass-rush tags: nullable until OL lane lands
2023,CAR,9,4.4079,0.8141,"{'quick_game_rate': 0.2178, 'avg_air_yards_x10': -0.2205, 'shotgun_rate': 0.1062, 'early_down_pass_rate': 0.0218, 'no_huddle_rate': -0.0035}",OL-injury / opp-pass-rush tags: nullable until OL lane lands
2023,CAR,10,1.8002,0.2286,"{'quick_game_rate': -0.0005, 'avg_air_yards_x10': 0.0218, 'shotgun_rate': 0.0544, 'early_down_pass_rate': 0.0959, 'no_huddle_rate': -0.0386}",OL-injury / opp-pass-rush tags: nullable until OL lane lands
2023,CAR,11,2.6661,0.5297,"{'quick_game_rate': 0.0677, 'avg_air_yards_x10': 0.0638, 'shotgun_rate': -0.0369, 'early_down_pass_rate': -0.132, 'no_huddle_rate': 0.119}",OL-injury / opp-pass-rush tags: nullable until OL lane lands
2023,CAR,12,2.1574,0.3513,"{'quick_game_rate': 0.0208, 'avg_air_yards_x10': -0.0213, 'shotgun_rate': 0.0599, 'early_down_pass_rate': -0.1146, 'no_huddle_rate': -0.0769}",OL-injury / opp-pass-rush tags: nullable until OL lane lands
2023,CAR,13,5.0631,0.8736,"{'quick_game_rate': -0.2069, 'avg_air_yards_x10': 0.3483, 'shotgun_rate': -0.1151, 'early_down_pass_rate': -0.1912, 'no_huddle_rate': -0.1302}",OL-injury / opp-pass-rush tags: nullable until OL lane lands
2023,CAR,14,6.4002,0.9182,"{'quick_game_rate': -0.2111, 'avg_air_yards_x10': 0.6707, 'shotgun_rate': -0.2203, 'early_down_pass_rate': -0.1637, 'no_huddle_rate': -0.083}",OL-injury / opp-pass-rush tags: nullable until OL lane lands
2023,CAR,15,4.7944,0.8569,"{'quick_game_rate': 0.0135, 'avg_air_yards_x10': 0.0914, 'shotgun_rate': -0.3242, 'early_down_pass_rate': -0.214, 'no_huddle_rate': -0.1105}",OL-injury / opp-pass-rush tags: nullable until OL lane lands
2023,CAR,16,3.3717,0.6877,"{'quick_game_rate': -0.2149, 'avg_air_yards_x10': 0.3144, 'shotgun_rate': -0.2382, 'early_down_pass_rate': 0.0474, 'no_huddle_rate': -0.087}",OL-injury / opp-pass-rush tags: nullable until OL lane lands
2023,CAR,17,1.3266,0.1134,"{'quick_game_rate': 0.1414, 'avg_air_yards_x10': 0.0337, 'shotgun_rate': -0.0427, 'early_down_pass_rate': 0.0455, 'no_huddle_rate': -0.0192}",OL-injury / opp-pass-rush tags: nullable until OL lane lands
2023,CAR,18,2.6823,0.5353,"{'quick_game_rate': 0.1985, 'avg_air_yards_x10': -0.1882, 'shotgun_rate': -0.1125, 'early_down_pass_rate': -0.1845, 'no_huddle_rate': 0.0077}",OL-injury / opp-pass-rush tags: nullable until OL lane lands
2023,CHI,2,0.4178,0.0428,"{'quick_game_rate': -0.2591, 'avg_air_yards_x10': 0.3118, 'shotgun_rate': -0.0472, 'early_down_pass_rate': 0.085, 'no_huddle_rate': -0.0267}",OL-injury / opp-pass-rush tags: nullable until OL lane lands
2023,CHI,3,10.7169,0.9628,"{'quick_game_rate': -0.3176, 'avg_air_yards_x10': 0.9659, 'shotgun_rate': -0.0197, 'early_down_pass_rate': -0.1466, 'no_huddle_rate': 0.1016}",OL-injury / opp-pass-rush tags: nullable until OL lane lands
2023,CHI,4,4.6177,0.8383,"{'quick_game_rate': -0.0897, 'avg_air_yards_x10': 0.1024, 'shotgun_rate': -0.0741, 'early_down_pass_rate': -0.0481, 'no_huddle_rate': -0.1443}",OL-injury / opp-pass-rush tags: nullable until OL lane lands
2023,CHI,5,2.3285,0.4145,"{'quick_game_rate': -0.0701, 'avg_air_yards_x10': 0.1083, 'shotgun_rate': 0.0609, 'early_down_pass_rate': -0.0869, 'no_huddle_rate': -0.073}",OL-injury / opp-pass-rush tags: nullable until OL lane lands
2023,CHI,6,2.908,0.5929,"{'quick_game_rate': 0.0861, 'avg_air_yards_x10': -0.2389, 'shotgun_rate': 0.0018, 'early_down_pass_rate': -0.1605, 'no_huddle_rate': -0.1209}",OL-injury / opp-pass-rush tags: nullable until OL lane lands
2023,CHI,7,4.7734,0.855,"{'quick_game_rate': 0.1708, 'avg_air_yards_x10': -0.608, 'shotgun_rate': -0.1543, 'early_down_pass_rate': -0.1049, 'no_huddle_rate': 0.003}",OL-injury / opp-pass-rush tags: nullable until OL lane lands
2023,CHI,8,3.0575,0.6338,"{'quick_game_rate': 0.0169, 'avg_air_yards_x10': -0.0174, 'shotgun_rate': -0.0676, 'early_down_pass_rate': 0.1091, 'no_huddle_rate': 0.1947}",OL-injury / opp-pass-rush tags: nullable until OL lane lands
2023,CHI,9,2.4309,0.4517,"{'quick_game_rate': -0.0465, 'avg_air_yards_x10': -0.0884, 'shotgun_rate': -0.1399, 'early_down_pass_rate': -0.0487, 'no_huddle_rate': -0.0786}",OL-injury / opp-pass-rush tags: nullable until OL lane lands
2023,CHI,10,3.0374,0.632,"{'quick_game_rate': 0.0315, 'avg_air_yards_x10': -0.0192, 'shotgun_rate': -0.1997, 'early_down_pass_rate': -0.1169, 'no_huddle_rate': -0.0454}",OL-injury / opp-pass-rush tags: nullable until OL lane lands
2023,CHI,11,2.679,0.5335,"{'quick_game_rate': -0.0995, 'avg_air_yards_x10': 0.397, 'shotgun_rate': 0.0836, 'early_down_pass_rate': -0.1553, 'no_huddle_rate': -0.0993}",OL-injury / opp-pass-rush tags: nullable until OL lane lands
2023,CHI,12,2.9509,0.6059,"{'quick_game_rate': 0.134, 'avg_air_yards_x10': -0.4558, 'shotgun_rate': 0.1859, 'early_down_pass_rate': 0.0847, 'no_huddle_rate': -0.0726}",OL-injury / opp-pass-rush tags: nullable until OL lane lands
2023,CHI,14,1.3057,0.1078,"{'quick_game_rate': -0.0951, 'avg_air_yards_x10': 0.0513, 'shotgun_rate': 0.0011, 'early_down_pass_rate': 0.0661, 'no_huddle_rate': -0.0666}",OL-injury / opp-pass-rush tags: nullable until OL lane lands
2023,CHI,15,1.752,0.223,"{'quick_game_rate': 0.0024, 'avg_air_yards_x10': 0.388, 'shotgun_rate': 0.0318, 'early_down_pass_rate': 0.0594, 'no_huddle_rate': -0.0934}",OL-injury / opp-pass-rush tags: nullable until OL lane lands
2023,CHI,16,2.1455,0.3457,"{'quick_game_rate': -0.1283, 'avg_air_yards_x10': 0.3247, 'shotgun_rate': -0.0391, 'early_down_pass_rate': -0.1003, 'no_huddle_rate': -0.0861}",OL-injury / opp-pass-rush tags: nullable until OL lane lands
2023,CHI,17,1.6865,0.2026,"{'quick_game_rate': -0.1267, 'avg_air_yards_x10': 0.1586, 'shotgun_rate': 0.0378, 'early_down_pass_rate': -0.0523, 'no_huddle_rate': -0.0814}",OL-injury / opp-pass-rush tags: nullable until OL lane lands
2023,CHI,18,2.9006,0.5892,"{'quick_game_rate': -0.2438, 'avg_air_yards_x10': 0.1362, 'shotgun_rate': 0.0776, 'early_down_pass_rate': -0.122, 'no_huddle_rate': -0.0902}",OL-injury / opp-pass-rush tags: nullable until OL lane lands
2023,CIN,2,0.2809,0.0223,"{'quick_game_rate': -0.0572, 'avg_air_yards_x10': -0.1985, 'shotgun_rate': -0.0175, 'early_down_pass_rate': 0.1273, 'no_huddle_rate': 0.1404}",OL-injury / opp-pass-rush tags: nullable until OL lane lands
2023,CIN,3,4.0969,0.7937,"{'quick_game_rate': -0.1069, 'avg_air_yards_x10': 0.0784, 'shotgun_rate': 0.0088, 'early_down_pass_rate': 0.0474, 'no_huddle_rate': -0.0559}",OL-injury / opp-pass-rush tags: nullable until OL lane lands
2023,CIN,4,2.9755,0.6134,"{'quick_game_rate': -0.0124, 'avg_air_yards_x10': -0.192, 'shotgun_rate': -0.0142, 'early_down_pass_rate': -0.0101, 'no_huddle_rate': 0.0684}",OL-injury / opp-pass-rush tags: nullable until OL lane lands
2023,CIN,5,3.1952,0.6524,"{'quick_game_rate': -0.0048, 'avg_air_yards_x10': 0.0358, 'shotgun_rate': -0.0291, 'early_down_pass_rate': -0.0357, 'no_huddle_rate': -0.0046}",OL-injury / opp-pass-rush tags: nullable until OL lane lands
2023,CIN,6,4.4619,0.8271,"{'quick_game_rate': 0.1602, 'avg_air_yards_x10': -0.0464, 'shotgun_rate': -0.0233, 'early_down_pass_rate': 0.0819, 'no_huddle_rate': -0.0293}",OL-injury / opp-pass-rush tags: nullable until OL lane lands
2023,CIN,8,14.5699,0.974,"{'quick_game_rate': 0.0416, 'avg_air_yards_x10': -0.0502, 'shotgun_rate': -0.2268, 'early_down_pass_rate': -0.102, 'no_huddle_rate': -0.0137}",OL-injury / opp-pass-rush tags: nullable until OL lane lands
2023,CIN,9,2.5277,0.5,"{'quick_game_rate': -0.1037, 'avg_air_yards_x10': 0.0482, 'shotgun_rate': -0.1047, 'early_down_pass_rate': 0.0422, 'no_huddle_rate': -0.0609}",OL-injury / opp-pass-rush tags: nullable until OL lane lands
2023,CIN,10,3.7028,0.7435,"{'quick_game_rate': -0.0702, 'avg_air_yards_x10': 0.2653, 'shotgun_rate': -0.0371, 'early_down_pass_rate': 0.0976, 'no_huddle_rate': 0.0145}",OL-injury / opp-pass-rush tags: nullable until OL lane lands
2023,CIN,11,2.5709,0.5112,"{'quick_game_rate': -0.0858, 'avg_air_yards_x10': 0.1559, 'shotgun_rate': -0.016, 'early_down_pass_rate': -0.0874, 'no_huddle_rate': -0.0549}",OL-injury / opp-pass-rush tags: nullable until OL lane lands
2023,CIN,12,2.8475,0.5725,"{'quick_game_rate': 0.125, 'avg_air_yards_x10': -0.152, 'shotgun_rate': -0.1297, 'early_down_pass_rate': 0.0349, 'no_huddle_rate': -0.0244}",OL-injury / opp-pass-rush tags: nullable until OL lane lands
2023,CIN,13,3.5256,0.7193,"{'quick_game_rate': 0.1008, 'avg_air_yards_x10': -0.2587, 'shotgun_rate': -0.0846, 'early_down_pass_rate': -0.135, 'no_huddle_rate': -0.0333}",OL-injury / opp-pass-rush tags: nullable until OL lane lands
2023,CIN,14,5.1066,0.8773,"{'quick_game_rate': 0.0514, 'avg_air_yards_x10': -0.1964, 'shotgun_rate': -0.3144, 'early_down_pass_rate': -0.2016, 'no_huddle_rate': -0.0269}",OL-injury / opp-pass-rush tags: nullable until OL lane lands
2023,CIN,15,2.4943,0.487,"{'quick_game_rate': -0.0049, 'avg_air_yards_x10': 0.2884, 'shotgun_rate': -0.036, 'early_down_pass_rate': 0.1087, 'no_huddle_rate': -0.0275}",OL-injury / opp-pass-rush tags: nullable until OL lane lands
2023,CIN,16,1.4397,0.1431,"{'quick_game_rate': 0.0192, 'avg_air_yards_x10': -0.0417, 'shotgun_rate': 0.0514, 'early_down_pass_rate': 0.0797, 'no_huddle_rate': -0.0404}",OL-injury / opp-pass-rush tags: nullable until OL lane lands
2023,CIN,17,2.4415,0.4628,"{'quick_game_rate': 0.0223, 'avg_air_yards_x10': 0.1487, 'shotgun_rate': -0.1833, 'early_down_pass_rate': -0.1213, 'no_huddle_rate': -0.0095}",OL-injury / opp-pass-rush tags: nullable until OL lane lands
2023,CIN,18,5.0417,0.8717,"{'quick_game_rate': 0.1594, 'avg_air_yards_x10': -0.2864, 'shotgun_rate': -0.3679, 'early_down_pass_rate': -0.2056, 'no_huddle_rate': -0.0371}",OL-injury / opp-pass-rush tags: nullable until OL lane lands
2023,CLE,2,0.2465,0.0167,"{'quick_game_rate': -0.0078, 'avg_air_yards_x10': -0.147, 'shotgun_rate': 0.1766, 'early_down_pass_rate': 0.0711, 'no_huddle_rate': 0.0536}",OL-injury / opp-pass-rush tags: nullable until OL lane lands
2023,CLE,3,25.3264,0.987,"{'quick_game_rate': 0.0969, 'avg_air_yards_x10': -0.2367, 'shotgun_rate': -0.0404, 'early_down_pass_rate': 0.0961, 'no_huddle_rate': -0.0667}",OL-injury / opp-pass-rush tags: nullable until OL lane lands
2023,CLE,4,5.1434,0.8792,"{'quick_game_rate': 0.0166, 'avg_air_yards_x10': -0.1099, 'shotgun_rate': 0.2348, 'early_down_pass_rate': 0.0677, 'no_huddle_rate': 0.1437}",OL-injury / opp-pass-rush tags: nullable until OL lane lands
2023,CLE,6,2.2248,0.3829,"{'quick_game_rate': -0.0153, 'avg_air_yards_x10': -0.2546, 'shotgun_rate': -0.0445, 'early_down_pass_rate': 0.0098, 'no_huddle_rate': -0.0228}",OL-injury / opp-pass-rush tags: nullable until OL lane lands
2023,CLE,7,1.8345,0.2491,"{'quick_game_rate': -0.0401, 'avg_air_yards_x10': -0.062, 'shotgun_rate': -0.1159, 'early_down_pass_rate': -0.0216, 'no_huddle_rate': 0.0522}",OL-injury / opp-pass-rush tags: nullable until OL lane lands
2023,CLE,8,2.8894,0.5874,"{'quick_game_rate': -0.0681, 'avg_air_yards_x10': -0.009, 'shotgun_rate': 0.0497, 'early_down_pass_rate': -0.0829, 'no_huddle_rate': -0.0724}",OL-injury / opp-pass-rush tags: nullable until OL lane lands
2023,CLE,9,5.3992,0.8922,"{'quick_game_rate': 0.1938, 'avg_air_yards_x10': -0.1645, 'shotgun_rate': 0.0105, 'early_down_pass_rate': -0.1147, 'no_huddle_rate': -0.0462}",OL-injury / opp-pass-rush tags: nullable until OL lane lands
2023,CLE,10,2.0184,0.3067,"{'quick_game_rate': -0.0344, 'avg_air_yards_x10': 0.1856, 'shotgun_rate': 0.1254, 'early_down_pass_rate': 0.0204, 'no_huddle_rate': -0.0033}",OL-injury / opp-pass-rush tags: nullable until OL lane lands
2023,CLE,11,5.462,0.8941,"{'quick_game_rate': 0.2154, 'avg_air_yards_x10': -0.536, 'shotgun_rate': 0.0988, 'early_down_pass_rate': 0.1185, 'no_huddle_rate': -0.0125}",OL-injury / opp-pass-rush tags: nullable until OL lane lands
2023,CLE,12,3.3452,0.6803,"{'quick_game_rate': -0.0378, 'avg_air_yards_x10': -0.1123, 'shotgun_rate': 0.0895, 'early_down_pass_rate': 0.2061, 'no_huddle_rate': 0.0079}",OL-injury / opp-pass-rush tags: nullable until OL lane lands
2023,CLE,13,4.4129,0.816,"{'quick_game_rate': -0.2162, 'avg_air_yards_x10': 0.4058, 'shotgun_rate': -0.2161, 'early_down_pass_rate': 0.1609, 'no_huddle_rate': -0.0534}",OL-injury / opp-pass-rush tags: nullable until OL lane lands
2023,CLE,14,2.0873,0.3253,"{'quick_game_rate': 0.0169, 'avg_air_yards_x10': -0.1199, 'shotgun_rate': -0.0703, 'early_down_pass_rate': 0.1082, 'no_huddle_rate': -0.078}",OL-injury / opp-pass-rush tags: nullable until OL lane lands
2023,CLE,15,2.4762,0.474,"{'quick_game_rate': 0.0379, 'avg_air_yards_x10': -0.0151, 'shotgun_rate': 0.1048, 'early_down_pass_rate': 0.2121, 'no_huddle_rate': 0.0026}",OL-injury / opp-pass-rush tags: nullable until OL lane lands
2023,CLE,16,1.8072,0.2323,"{'quick_game_rate': -0.0431, 'avg_air_yards_x10': 0.2118, 'shotgun_rate': 0.0893, 'early_down_pass_rate': 0.0155, 'no_huddle_rate': -0.0592}",OL-injury / opp-pass-rush tags: nullable until OL lane lands
2023,CLE,17,2.5946,0.5167,"{'quick_game_rate': 0.0687, 'avg_air_yards_x10': -0.2487, 'shotgun_rate': -0.1787, 'early_down_pass_rate': -0.0458, 'no_huddle_rate': -0.0682}",OL-injury / opp-pass-rush tags: nullable until OL lane lands
2023,CLE,18,1.3864,0.1245,"{'quick_game_rate': 0.0551, 'avg_air_yards_x10': 0.0419, 'shotgun_rate': -0.0625, 'early_down_pass_rate': -0.0712, 'no_huddle_rate': -0.0447}",OL-injury / opp-pass-rush tags: nullable until OL lane lands
2023,CLE,19,2.8139,0.5651,"{'quick_game_rate': 0.062, 'avg_air_yards_x10': -0.1703, 'shotgun_rate': 0.1307, 'early_down_pass_rate': 0.1889, 'no_huddle_rate': 0.0673}",OL-injury / opp-pass-rush tags: nullable until OL lane lands
2023,DAL,2,0.4091,0.039,"{'quick_game_rate': 0.2832, 'avg_air_yards_x10': -0.2872, 'shotgun_rate': 0.0523, 'early_down_pass_rate': 0.0444, 'no_huddle_rate': 0.0011}",OL-injury / opp-pass-rush tags: nullable until OL lane lands
2023,DAL,3,78.5531,0.9981,"{'quick_game_rate': 0.0284, 'avg_air_yards_x10': -0.0654, 'shotgun_rate': 0.0612, 'early_down_pass_rate': 0.1373, 'no_huddle_rate': 0.0431}",OL-injury / opp-pass-rush tags: nullable until OL lane lands
2023,DAL,4,2.2744,0.3959,"{'quick_game_rate': -0.0478, 'avg_air_yards_x10': 0.0719, 'shotgun_rate': 0.0566, 'early_down_pass_rate': 0.097, 'no_huddle_rate': -0.0058}",OL-injury / opp-pass-rush tags: nullable until OL lane lands
2023,DAL,5,7.4628,0.9349,"{'quick_game_rate': -0.1191, 'avg_air_yards_x10': 0.5965, 'shotgun_rate': 0.1749, 'early_down_pass_rate': 0.1544, 'no_huddle_rate': 0.0127}",OL-injury / opp-pass-rush tags: nullable until OL lane lands
2023,DAL,6,3.9268,0.7732,"{'quick_game_rate': -0.262, 'avg_air_yards_x10': 0.1874, 'shotgun_rate': 0.1435, 'early_down_pass_rate': 0.0701, 'no_huddle_rate': -0.0355}",OL-injury / opp-pass-rush tags: nullable until OL lane lands
2023,DAL,8,1.6989,0.21,"{'quick_game_rate': -0.0516, 'avg_air_yards_x10': 0.1346, 'shotgun_rate': 0.0744, 'early_down_pass_rate': 0.0735, 'no_huddle_rate': 0.0202}",OL-injury / opp-pass-rush tags: nullable until OL lane lands
2023,DAL,9,2.9439,0.6041,"{'quick_game_rate': -0.1125, 'avg_air_yards_x10': 0.2082, 'shotgun_rate': 0.14, 'early_down_pass_rate': 0.1532, 'no_huddle_rate': -0.0208}",OL-injury / opp-pass-rush tags: nullable until OL lane lands
2023,DAL,10,2.2861,0.3996,"{'quick_game_rate': -0.1211, 'avg_air_yards_x10': 0.2708, 'shotgun_rate': 0.0112, 'early_down_pass_rate': 0.009, 'no_huddle_rate': -0.0336}",OL-injury / opp-pass-rush tags: nullable until OL lane lands
2023,DAL,11,1.419,0.1357,"{'quick_game_rate': 0.0687, 'avg_air_yards_x10': -0.1756, 'shotgun_rate': 0.0706, 'early_down_pass_rate': 0.0596, 'no_huddle_rate': 0.0032}",OL-injury / opp-pass-rush tags: nullable until OL lane lands
2023,DAL,12,4.0744,0.7881,"{'quick_game_rate': -0.2424, 'avg_air_yards_x10': 0.6838, 'shotgun_rate': 0.038, 'early_down_pass_rate': 0.0286, 'no_huddle_rate': 0.0351}",OL-injury / opp-pass-rush tags: nullable until OL lane lands
2023,DAL,13,1.5334,0.1561,"{'quick_game_rate': -0.0382, 'avg_air_yards_x10': -0.2642, 'shotgun_rate': 0.0601, 'early_down_pass_rate': 0.0084, 'no_huddle_rate': -0.0209}",OL-injury / opp-pass-rush tags: nullable until OL lane lands
2023,DAL,14,1.3867,0.1264,"{'quick_game_rate': 0.117, 'avg_air_yards_x10': -0.143, 'shotgun_rate': 0.0655, 'early_down_pass_rate': -0.0058, 'no_huddle_rate': 0.0093}",OL-injury / opp-pass-rush tags: nullable until OL lane lands
2023,DAL,15,10.4988,0.9591,"{'quick_game_rate': -0.0074, 'avg_air_yards_x10': -0.0611, 'shotgun_rate': 0.1297, 'early_down_pass_rate': 0.0698, 'no_huddle_rate': 0.2177}",OL-injury / opp-pass-rush tags: nullable until OL lane lands
2023,DAL,16,1.4294,0.1413,"{'quick_game_rate': 0.0869, 'avg_air_yards_x10': -0.2566, 'shotgun_rate': -0.0244, 'early_down_pass_rate': 0.0014, 'no_huddle_rate': -0.0442}",OL-injury / opp-pass-rush tags: nullable until OL lane lands
2023,DAL,17,1.6596,0.1933,"{'quick_game_rate': -0.039, 'avg_air_yards_x10': 0.2442, 'shotgun_rate': -0.0761, 'early_down_pass_rate': 0.0627, 'no_huddle_rate': -0.0253}",OL-injury / opp-pass-rush tags: nullable until OL lane lands
2023,DAL,18,2.3073,0.4071,"{'quick_game_rate': 0.1898, 'avg_air_yards_x10': -0.2754, 'shotgun_rate': -0.0654, 'early_down_pass_rate': -0.0582, 'no_huddle_rate': 0.0305}",OL-injury / opp-pass-rush tags: nullable until OL lane lands
2023,DAL,19,5.5549,0.9015,"{'quick_game_rate': -0.0214, 'avg_air_yards_x10': 0.0783, 'shotgun_rate': 0.2378, 'early_down_pass_rate': 0.1353, 'no_huddle_rate': 0.2384}",OL-injury / opp-pass-rush tags: nullable until OL lane lands
2023,DEN,2,0.6133,0.0576,"{'quick_game_rate': -0.2112, 'avg_air_yards_x10': 0.5558, 'shotgun_rate': 0.0515, 'early_down_pass_rate': 0.0087, 'no_huddle_rate': 0.1409}",OL-injury / opp-pass-rush tags: nullable until OL lane lands
2023,DEN,3,6.198,0.9164,"{'quick_game_rate': -0.148, 'avg_air_yards_x10': 0.3912, 'shotgun_rate': 0.1077, 'early_down_pass_rate': 0.0173, 'no_huddle_rate': -0.0723}",OL-injury / opp-pass-rush tags: nullable until OL lane lands
2023,DEN,4,4.1315,0.7955,"{'quick_game_rate': -0.001, 'avg_air_yards_x10': -0.1842, 'shotgun_rate': -0.1976, 'early_down_pass_rate': -0.0138, 'no_huddle_rate': -0.0777}",OL-injury / opp-pass-rush tags: nullable until OL lane lands
2023,DEN,5,5.6072,0.9033,"{'quick_game_rate': 0.1279, 'avg_air_yards_x10': -0.1907, 'shotgun_rate': 0.1406, 'early_down_pass_rate': 0.0507, 'no_huddle_rate': -0.0259}",OL-injury / opp-pass-rush tags: nullable until OL lane lands
2023,DEN,6,3.7121,0.7454,"{'quick_game_rate': 0.0387, 'avg_air_yards_x10': -0.2074, 'shotgun_rate': -0.0818, 'early_down_pass_rate': -0.0775, 'no_huddle_rate': 0.0056}",OL-injury / opp-pass-rush tags: nullable until OL lane lands
2023,DEN,7,3.3605,0.6859,"{'quick_game_rate': -0.018, 'avg_air_yards_x10': 0.0781, 'shotgun_rate': -0.0246, 'early_down_pass_rate': -0.1147, 'no_huddle_rate': -0.0389}",OL-injury / opp-pass-rush tags: nullable until OL lane lands
2023,DEN,8,5.1015,0.8755,"{'quick_game_rate': -0.0227, 'avg_air_yards_x10': -0.0474, 'shotgun_rate': -0.077, 'early_down_pass_rate': -0.2545, 'no_huddle_rate': 0.0534}",OL-injury / opp-pass-rush tags: nullable until OL lane lands
2023,DEN,10,3.203,0.6561,"{'quick_game_rate': 0.1599, 'avg_air_yards_x10': -0.3651, 'shotgun_rate': -0.0533, 'early_down_pass_rate': -0.1345, 'no_huddle_rate': 0.054}",OL-injury / opp-pass-rush tags: nullable until OL lane lands
2023,DEN,11,3.4362,0.7007,"{'quick_game_rate': 0.0121, 'avg_air_yards_x10': -0.0036, 'shotgun_rate': 0.2386, 'early_down_pass_rate': 0.1564, 'no_huddle_rate': 0.0714}",OL-injury / opp-pass-rush tags: nullable until OL lane lands
2023,DEN,12,1.5578,0.1636,"{'quick_game_rate': -0.0268, 'avg_air_yards_x10': -0.1144, 'shotgun_rate': 0.021, 'early_down_pass_rate': -0.1481, 'no_huddle_rate': 0.0158}",OL-injury / opp-pass-rush tags: nullable until OL lane lands
2023,DEN,13,3.29,0.6729,"{'quick_game_rate': -0.0768, 'avg_air_yards_x10': 0.6299, 'shotgun_rate': -0.0777, 'early_down_pass_rate': -0.0299, 'no_huddle_rate': 0.0297}",OL-injury / opp-pass-rush tags: nullable until OL lane lands
2023,DEN,14,2.4937,0.4851,"{'quick_game_rate': 0.179, 'avg_air_yards_x10': -0.205, 'shotgun_rate': -0.0646, 'early_down_pass_rate': -0.0168, 'no_huddle_rate': 0.0335}",OL-injury / opp-pass-rush tags: nullable until OL lane lands
2023,DEN,15,2.9048,0.5911,"{'quick_game_rate': -0.0915, 'avg_air_yards_x10': 0.0297, 'shotgun_rate': -0.026, 'early_down_pass_rate': 0.0174, 'no_huddle_rate': 0.1335}",OL-injury / opp-pass-rush tags: nullable until OL lane lands
2023,DEN,16,1.4288,0.1394,"{'quick_game_rate': -0.005, 'avg_air_yards_x10': 0.1998, 'shotgun_rate': -0.021, 'early_down_pass_rate': 0.0848, 'no_huddle_rate': 0.0459}",OL-injury / opp-pass-rush tags: nullable until OL lane lands
2023,DEN,17,1.4764,0.1524,"{'quick_game_rate': -0.0533, 'avg_air_yards_x10': 0.0455, 'shotgun_rate': -0.0725, 'early_down_pass_rate': 0.0105, 'no_huddle_rate': -0.0624}",OL-injury / opp-pass-rush tags: nullable until OL lane lands
2023,DEN,18,1.9834,0.2937,"{'quick_game_rate': -0.1125, 'avg_air_yards_x10': 0.2364, 'shotgun_rate': 0.0735, 'early_down_pass_rate': 0.071, 'no_huddle_rate': -0.017}",OL-injury / opp-pass-rush tags: nullable until OL lane lands
2023,DET,2,0.3663,0.0353,"{'quick_game_rate': -0.1033, 'avg_air_yards_x10': 0.1286, 'shotgun_rate': 0.3036, 'early_down_pass_rate': 0.1217, 'no_huddle_rate': 0.0004}",OL-injury / opp-pass-rush tags: nullable until OL lane lands
2023,DET,3,9.0625,0.9498,"{'quick_game_rate': -0.0204, 'avg_air_yards_x10': 0.06, 'shotgun_rate': 0.0076, 'early_down_pass_rate': -0.0192, 'no_huddle_rate': 0.0018}",OL-injury / opp-pass-rush tags: nullable until OL lane lands
2023,DET,4,20.9685,0.9833,"{'quick_game_rate': -0.0948, 'avg_air_yards_x10': -0.1414, 'shotgun_rate': -0.0712, 'early_down_pass_rate': -0.1543, 'no_huddle_rate': -0.0177}",OL-injury / opp-pass-rush tags: nullable until OL lane lands
2023,DET,5,4.7435,0.8532,"{'quick_game_rate': 0.0717, 'avg_air_yards_x10': -0.1811, 'shotgun_rate': -0.1989, 'early_down_pass_rate': 0.0258, 'no_huddle_rate': -0.0272}",OL-injury / opp-pass-rush tags: nullable until OL lane lands
2023,DET,6,2.4752,0.4721,"{'quick_game_rate': -0.0271, 'avg_air_yards_x10': -0.0991, 'shotgun_rate': 0.1343, 'early_down_pass_rate': 0.136, 'no_huddle_rate': -0.007}",OL-injury / opp-pass-rush tags: nullable until OL lane lands
2023,DET,7,10.5779,0.961,"{'quick_game_rate': -0.0547, 'avg_air_yards_x10': -0.0528, 'shotgun_rate': 0.2583, 'early_down_pass_rate': 0.298, 'no_huddle_rate': 0.1164}",OL-injury / opp-pass-rush tags: nullable until OL lane lands
2023,DET,8,2.7939,0.5613,"{'quick_game_rate': 0.0302, 'avg_air_yards_x10': -0.2265, 'shotgun_rate': -0.0678, 'early_down_pass_rate': -0.1384, 'no_huddle_rate': 0.0261}",OL-injury / opp-pass-rush tags: nullable until OL lane lands
2023,DET,10,3.3491,0.6822,"{'quick_game_rate': -0.1473, 'avg_air_yards_x10': 0.0821, 'shotgun_rate': -0.1521, 'early_down_pass_rate': -0.0273, 'no_huddle_rate': -0.0405}",OL-injury / opp-pass-rush tags: nullable until OL lane lands
2023,DET,11,3.9941,0.777,"{'quick_game_rate': -0.0962, 'avg_air_yards_x10': 0.0305, 'shotgun_rate': 0.2183, 'early_down_pass_rate': 0.0714, 'no_huddle_rate': 0.1335}",OL-injury / opp-pass-rush tags: nullable until OL lane lands
2023,DET,12,1.9805,0.2918,"{'quick_game_rate': 0.0303, 'avg_air_yards_x10': 0.0502, 'shotgun_rate': 0.0116, 'early_down_pass_rate': 0.03, 'no_huddle_rate': 0.1026}",OL-injury / opp-pass-rush tags: nullable until OL lane lands
2023,DET,13,2.5611,0.5074,"{'quick_game_rate': -0.118, 'avg_air_yards_x10': 0.0389, 'shotgun_rate': -0.1116, 'early_down_pass_rate': -0.1682, 'no_huddle_rate': -0.0404}",OL-injury / opp-pass-rush tags: nullable until OL lane lands
2023,DET,14,0.7959,0.0651,"{'quick_game_rate': 0.0348, 'avg_air_yards_x10': -0.0003, 'shotgun_rate': 0.0863, 'early_down_pass_rate': 0.0037, 'no_huddle_rate': -0.0069}",OL-injury / opp-pass-rush tags: nullable until OL lane lands
2023,DET,15,2.5879,0.513,"{'quick_game_rate': -0.099, 'avg_air_yards_x10': 0.1726, 'shotgun_rate': -0.1286, 'early_down_pass_rate': 0.0079, 'no_huddle_rate': -0.0391}",OL-injury / opp-pass-rush tags: nullable until OL lane lands
2023,DET,16,4.0763,0.79,"{'quick_game_rate': 0.1713, 'avg_air_yards_x10': -0.3201, 'shotgun_rate': -0.1325, 'early_down_pass_rate': 0.02, 'no_huddle_rate': -0.0119}",OL-injury / opp-pass-rush tags: nullable until OL lane lands
2023,DET,17,1.307,0.1115,"{'quick_game_rate': -0.0777, 'avg_air_yards_x10': 0.0975, 'shotgun_rate': 0.0056, 'early_down_pass_rate': -0.0431, 'no_huddle_rate': 0.0103}",OL-injury / opp-pass-rush tags: nullable until OL lane lands
2023,DET,18,2.35,0.4238,"{'quick_game_rate': 0.1459, 'avg_air_yards_x10': 0.1195, 'shotgun_rate': -0.1176, 'early_down_pass_rate': 0.036, 'no_huddle_rate': -0.0339}",OL-injury / opp-pass-rush tags: nullable until OL lane lands
2023,DET,19,2.5384,0.5019,"{'quick_game_rate': 0.1478, 'avg_air_yards_x10': -0.2066, 'shotgun_rate': -0.0763, 'early_down_pass_rate': -0.0101, 'no_huddle_rate': -0.0306}",OL-injury / opp-pass-rush tags: nullable until OL lane lands
2023,DET,20,1.828,0.2454,"{'quick_game_rate': 0.0776, 'avg_air_yards_x10': -0.0799, 'shotgun_rate': -0.0006, 'early_down_pass_rate': 0.1203, 'no_huddle_rate': 0.0415}",OL-injury / opp-pass-rush tags: nullable until OL lane lands
2023,DET,21,2.174,0.3625,"{'quick_game_rate': -0.0922, 'avg_air_yards_x10': 0.2386, 'shotgun_rate': 0.0444, 'early_down_pass_rate': 0.0164, 'no_huddle_rate': 0.0053}",OL-injury / opp-pass-rush tags: nullable until OL lane lands
2023,GB,2,0.193,0.0093,"{'quick_game_rate': -0.0874, 'avg_air_yards_x10': -0.1345, 'shotgun_rate': -0.0597, 'early_down_pass_rate': 0.0888, 'no_huddle_rate': -0.0073}",OL-injury / opp-pass-rush tags: nullable until OL lane lands
2023,GB,3,24.8264,0.9851,"{'quick_game_rate': -0.0149, 'avg_air_yards_x10': 0.2185, 'shotgun_rate': 0.1537, 'early_down_pass_rate': 0.1336, 'no_huddle_rate': 0.0872}",OL-injury / opp-pass-rush tags: nullable until OL lane lands
2023,GB,4,3.7905,0.7546,"{'quick_game_rate': 0.058, 'avg_air_yards_x10': -0.0713, 'shotgun_rate': 0.0667, 'early_down_pass_rate': 0.2038, 'no_huddle_rate': 0.0693}",OL-injury / opp-pass-rush tags: nullable until OL lane lands
2023,GB,5,6.9473,0.9275,"{'quick_game_rate': 0.2601, 'avg_air_yards_x10': -0.2096, 'shotgun_rate': -0.0833, 'early_down_pass_rate': -0.0789, 'no_huddle_rate': -0.0409}",OL-injury / opp-pass-rush tags: nullable until OL lane lands
2023,GB,7,3.7976,0.7584,"{'quick_game_rate': 0.1998, 'avg_air_yards_x10': -0.2737, 'shotgun_rate': -0.1431, 'early_down_pass_rate': -0.1409, 'no_huddle_rate': -0.0361}",OL-injury / opp-pass-rush tags: nullable until OL lane lands
2023,GB,8,5.6325,0.9052,"{'quick_game_rate': 0.0293, 'avg_air_yards_x10': -0.0114, 'shotgun_rate': 0.2421, 'early_down_pass_rate': 0.1877, 'no_huddle_rate': 0.1949}",OL-injury / opp-pass-rush tags: nullable until OL lane lands
2023,GB,9,2.4152,0.4442,"{'quick_game_rate': 0.0173, 'avg_air_yards_x10': -0.2211, 'shotgun_rate': -0.0826, 'early_down_pass_rate': -0.1664, 'no_huddle_rate': -0.0764}",OL-injury / opp-pass-rush tags: nullable until OL lane lands
2023,GB,10,1.244,0.0948,"{'quick_game_rate': -0.0546, 'avg_air_yards_x10': 0.1234, 'shotgun_rate': 0.0319, 'early_down_pass_rate': -0.0456, 'no_huddle_rate': -0.0507}",OL-injury / opp-pass-rush tags: nullable until OL lane lands
2023,GB,11,2.258,0.3941,"{'quick_game_rate': 0.1412, 'avg_air_yards_x10': -0.2457, 'shotgun_rate': -0.0272, 'early_down_pass_rate': 0.0594, 'no_huddle_rate': -0.034}",OL-injury / opp-pass-rush tags: nullable until OL lane lands
2023,GB,12,1.0598,0.0799,"{'quick_game_rate': -0.0041, 'avg_air_yards_x10': 0.0652, 'shotgun_rate': 0.0061, 'early_down_pass_rate': -0.0099, 'no_huddle_rate': -0.0701}",OL-injury / opp-pass-rush tags: nullable until OL lane lands
2023,GB,13,1.0795,0.0818,"{'quick_game_rate': 0.0274, 'avg_air_yards_x10': -0.129, 'shotgun_rate': -0.0526, 'early_down_pass_rate': 0.0121, 'no_huddle_rate': -0.0187}",OL-injury / opp-pass-rush tags: nullable until OL lane lands
2023,GB,14,2.4426,0.4647,"{'quick_game_rate': 0.0893, 'avg_air_yards_x10': -0.2815, 'shotgun_rate': 0.0753, 'early_down_pass_rate': 0.0024, 'no_huddle_rate': 0.0686}",OL-injury / opp-pass-rush tags: nullable until OL lane lands
2023,GB,15,2.4279,0.448,"{'quick_game_rate': 0.108, 'avg_air_yards_x10': -0.2188, 'shotgun_rate': 0.0881, 'early_down_pass_rate': 0.1276, 'no_huddle_rate': 0.0369}",OL-injury / opp-pass-rush tags: nullable until OL lane lands
2023,GB,16,2.5892,0.5149,"{'quick_game_rate': -0.0965, 'avg_air_yards_x10': 0.1849, 'shotgun_rate': -0.092, 'early_down_pass_rate': -0.1681, 'no_huddle_rate': -0.0569}",OL-injury / opp-pass-rush tags: nullable until OL lane lands
2023,GB,17,2.0996,0.3327,"{'quick_game_rate': -0.0124, 'avg_air_yards_x10': 0.2012, 'shotgun_rate': -0.0888, 'early_down_pass_rate': -0.134, 'no_huddle_rate': -0.0425}",OL-injury / opp-pass-rush tags: nullable until OL lane lands
2023,GB,18,1.7711,0.2268,"{'quick_game_rate': -0.0134, 'avg_air_yards_x10': -0.1708, 'shotgun_rate': -0.1277, 'early_down_pass_rate': -0.0363, 'no_huddle_rate': 0.0041}",OL-injury / opp-pass-rush tags: nullable until OL lane lands
2023,GB,19,4.8599,0.8625,"{'quick_game_rate': -0.1004, 'avg_air_yards_x10': 0.2582, 'shotgun_rate': -0.3651, 'early_down_pass_rate': -0.2009, 'no_huddle_rate': -0.0635}",OL-injury / opp-pass-rush tags: nullable until OL lane lands
2023,GB,20,2.2213,0.381,"{'quick_game_rate': 0.083, 'avg_air_yards_x10': -0.3039, 'shotgun_rate': -0.1131, 'early_down_pass_rate': 0.0205, 'no_huddle_rate': -0.0296}",OL-injury / opp-pass-rush tags: nullable until OL lane lands
2023,HOU,2,0.4733,0.0483,"{'quick_game_rate': -0.2905, 'avg_air_yards_x10': 0.3687, 'shotgun_rate': -0.0391, 'early_down_pass_rate': -0.0074, 'no_huddle_rate': 0.0459}",OL-injury / opp-pass-rush tags: nullable until OL lane lands
2023,HOU,3,37.9499,0.9926,"{'quick_game_rate': 0.077, 'avg_air_yards_x10': 0.051, 'shotgun_rate': -0.2128, 'early_down_pass_rate': -0.1329, 'no_huddle_rate': -0.128}",OL-injury / opp-pass-rush tags: nullable until OL lane lands
2023,HOU,4,3.4602,0.7026,"{'quick_game_rate': -0.036, 'avg_air_yards_x10': 0.0871, 'shotgun_rate': -0.1792, 'early_down_pass_rate': -0.1816, 'no_huddle_rate': -0.0166}",OL-injury / opp-pass-rush tags: nullable until OL lane lands
2023,HOU,5,0.7014,0.0632,"{'quick_game_rate': 0.0223, 'avg_air_yards_x10': 0.0094, 'shotgun_rate': -0.0281, 'early_down_pass_rate': 0.0267, 'no_huddle_rate': -0.0307}",OL-injury / opp-pass-rush tags: nullable until OL lane lands
2023,HOU,6,2.0982,0.3309,"{'quick_game_rate': -0.0404, 'avg_air_yards_x10': 0.0407, 'shotgun_rate': -0.0152, 'early_down_pass_rate': -0.1161, 'no_huddle_rate': -0.0769}",OL-injury / opp-pass-rush tags: nullable until OL lane lands
2023,HOU,8,2.9126,0.5967,"{'quick_game_rate': 0.1793, 'avg_air_yards_x10': -0.0906, 'shotgun_rate': 0.0076, 'early_down_pass_rate': -0.1438, 'no_huddle_rate': -0.0629}",OL-injury / opp-pass-rush tags: nullable until OL lane lands
2023,HOU,9,4.3501,0.8086,"{'quick_game_rate': -0.137, 'avg_air_yards_x10': 0.3082, 'shotgun_rate': 0.16, 'early_down_pass_rate': 0.2015, 'no_huddle_rate': -0.0734}",OL-injury / opp-pass-rush tags: nullable until OL lane lands
2023,HOU,10,2.5412,0.5037,"{'quick_game_rate': -0.0792, 'avg_air_yards_x10': 0.3329, 'shotgun_rate': -0.0621, 'early_down_pass_rate': -0.0472, 'no_huddle_rate': -0.0113}",OL-injury / opp-pass-rush tags: nullable until OL lane lands
2023,HOU,11,1.8876,0.2621,"{'quick_game_rate': -0.1142, 'avg_air_yards_x10': 0.0747, 'shotgun_rate': -0.0273, 'early_down_pass_rate': 0.1042, 'no_huddle_rate': 0.0578}",OL-injury / opp-pass-rush tags: nullable until OL lane lands
2023,HOU,12,2.7307,0.5483,"{'quick_game_rate': 0.1077, 'avg_air_yards_x10': 0.0519, 'shotgun_rate': 0.141, 'early_down_pass_rate': 0.1567, 'no_huddle_rate': 0.0709}",OL-injury / opp-pass-rush tags: nullable until OL lane lands
2023,HOU,13,1.3064,0.1097,"{'quick_game_rate': 0.0265, 'avg_air_yards_x10': 0.1317, 'shotgun_rate': -0.0894, 'early_down_pass_rate': -0.0277, 'no_huddle_rate': 0.0044}",OL-injury / opp-pass-rush tags: nullable until OL lane lands
2023,HOU,14,1.2,0.0874,"{'quick_game_rate': 0.0243, 'avg_air_yards_x10': 0.06, 'shotgun_rate': 0.0865, 'early_down_pass_rate': -0.0008, 'no_huddle_rate': -0.0335}",OL-injury / opp-pass-rush tags: nullable until OL lane lands
2023,HOU,15,1.6521,0.1914,"{'quick_game_rate': 0.0382, 'avg_air_yards_x10': -0.1601, 'shotgun_rate': 0.0214, 'early_down_pass_rate': 0.013, 'no_huddle_rate': -0.0604}",OL-injury / opp-pass-rush tags: nullable until OL lane lands
2023,HOU,16,3.5669,0.7286,"{'quick_game_rate': 0.1013, 'avg_air_yards_x10': -0.197, 'shotgun_rate': 0.1655, 'early_down_pass_rate': 0.2048, 'no_huddle_rate': 0.0775}",OL-injury / opp-pass-rush tags: nullable until OL lane lands
2023,HOU,17,3.4688,0.7063,"{'quick_game_rate': 0.0843, 'avg_air_yards_x10': -0.3928, 'shotgun_rate': -0.1824, 'early_down_pass_rate': 0.0111, 'no_huddle_rate': -0.0566}",OL-injury / opp-pass-rush tags: nullable until OL lane lands
2023,HOU,18,2.4059,0.4424,"{'quick_game_rate': 0.156, 'avg_air_yards_x10': 0.1262, 'shotgun_rate': -0.1136, 'early_down_pass_rate': -0.1009, 'no_huddle_rate': -0.0323}",OL-injury / opp-pass-rush tags: nullable until OL lane lands
2023,HOU,19,2.3475,0.4201,"{'quick_game_rate': 0.1608, 'avg_air_yards_x10': 0.0513, 'shotgun_rate': -0.0947, 'early_down_pass_rate': -0.0824, 'no_huddle_rate': -0.0596}",OL-injury / opp-pass-rush tags: nullable until OL lane lands
2023,HOU,20,2.7108,0.5428,"{'quick_game_rate': 0.0762, 'avg_air_yards_x10': -0.2182, 'shotgun_rate': 0.181, 'early_down_pass_rate': 0.1477, 'no_huddle_rate': 0.0063}",OL-injury / opp-pass-rush tags: nullable until OL lane lands
2023,IND,2,0.2142,0.013,"{'quick_game_rate': 0.1026, 'avg_air_yards_x10': -0.1468, 'shotgun_rate': 0.0044, 'early_down_pass_rate': -0.1154, 'no_huddle_rate': -0.021}",OL-injury / opp-pass-rush tags: nullable until OL lane lands
2023,IND,3,15.1671,0.9758,"{'quick_game_rate': -0.0699, 'avg_air_yards_x10': 0.294, 'shotgun_rate': 0.032, 'early_down_pass_rate': -0.0167, 'no_huddle_rate': 0.0074}",OL-injury / opp-pass-rush tags: nullable until OL lane lands
2023,IND,4,11.9628,0.9665,"{'quick_game_rate': -0.2721, 'avg_air_yards_x10': 0.6605, 'shotgun_rate': 0.0106, 'early_down_pass_rate': -0.1885, 'no_huddle_rate': 0.0837}",OL-injury / opp-pass-rush tags: nullable until OL lane lands
2023,IND,5,4.6343,0.8401,"{'quick_game_rate': 0.0528, 'avg_air_yards_x10': 0.0475, 'shotgun_rate': 0.0258, 'early_down_pass_rate': -0.1354, 'no_huddle_rate': -0.147}",OL-injury / opp-pass-rush tags: nullable until OL lane lands
2023,IND,6,3.7884,0.7528,"{'quick_game_rate': 0.0472, 'avg_air_yards_x10': -0.0418, 'shotgun_rate': 0.0373, 'early_down_pass_rate': 0.2913, 'no_huddle_rate': 0.0124}",OL-injury / opp-pass-rush tags: nullable until OL lane lands
2023,IND,7,5.0169,0.8699,"{'quick_game_rate': -0.1512, 'avg_air_yards_x10': 0.1575, 'shotgun_rate': -0.0883, 'early_down_pass_rate': -0.1996, 'no_huddle_rate': -0.0836}",OL-injury / opp-pass-rush tags: nullable until OL lane lands
2023,IND,8,2.2103,0.3792,"{'quick_game_rate': 0.0157, 'avg_air_yards_x10': 0.019, 'shotgun_rate': -0.0757, 'early_down_pass_rate': 0.102, 'no_huddle_rate': 0.003}",OL-injury / opp-pass-rush tags: nullable until OL lane lands
2023,IND,9,2.5191,0.4944,"{'quick_game_rate': 0.1309, 'avg_air_yards_x10': -0.4184, 'shotgun_rate': -0.0394, 'early_down_pass_rate': -0.0345, 'no_huddle_rate': -0.0433}",OL-injury / opp-pass-rush tags: nullable until OL lane lands
2023,IND,10,3.2937,0.6747,"{'quick_game_rate': -0.0731, 'avg_air_yards_x10': 0.1526, 'shotgun_rate': -0.1311, 'early_down_pass_rate': -0.0332, 'no_huddle_rate': 0.0021}",OL-injury / opp-pass-rush tags: nullable until OL lane lands
2023,IND,12,1.5707,0.171,"{'quick_game_rate': 0.0065, 'avg_air_yards_x10': -0.1424, 'shotgun_rate': -0.0452, 'early_down_pass_rate': 0.0705, 'no_huddle_rate': 0.0596}",OL-injury / opp-pass-rush tags: nullable until OL lane lands
2023,IND,13,1.8151,0.2398,"{'quick_game_rate': 0.1122, 'avg_air_yards_x10': 0.0086, 'shotgun_rate': 0.0013, 'early_down_pass_rate': 0.1438, 'no_huddle_rate': -0.0451}",OL-injury / opp-pass-rush tags: nullable until OL lane lands
2023,IND,14,1.7423,0.2212,"{'quick_game_rate': 0.0754, 'avg_air_yards_x10': -0.1249, 'shotgun_rate': 0.0247, 'early_down_pass_rate': 0.1737, 'no_huddle_rate': -0.0052}",OL-injury / opp-pass-rush tags: nullable until OL lane lands
2023,IND,15,4.2513,0.803,"{'quick_game_rate': 0.0256, 'avg_air_yards_x10': 0.0377, 'shotgun_rate': -0.2084, 'early_down_pass_rate': -0.0672, 'no_huddle_rate': -0.0475}",OL-injury / opp-pass-rush tags: nullable until OL lane lands
2023,IND,16,2.1663,0.3587,"{'quick_game_rate': -0.1153, 'avg_air_yards_x10': 0.2743, 'shotgun_rate': 0.028, 'early_down_pass_rate': 0.0695, 'no_huddle_rate': 0.0541}",OL-injury / opp-pass-rush tags: nullable until OL lane lands
2023,IND,17,2.7032,0.5409,"{'quick_game_rate': 0.0687, 'avg_air_yards_x10': -0.0614, 'shotgun_rate': -0.145, 'early_down_pass_rate': -0.0878, 'no_huddle_rate': -0.0729}",OL-injury / opp-pass-rush tags: nullable until OL lane lands
2023,IND,18,2.1129,0.3383,"{'quick_game_rate': -0.0443, 'avg_air_yards_x10': 0.2474, 'shotgun_rate': -0.0321, 'early_down_pass_rate': -0.1497, 'no_huddle_rate': -0.0567}",OL-injury / opp-pass-rush tags: nullable until OL lane lands
2023,JAX,2,0.2993,0.026,"{'quick_game_rate': 0.1429, 'avg_air_yards_x10': -0.025, 'shotgun_rate': 0.1583, 'early_down_pass_rate': 0.2018, 'no_huddle_rate': 0.0523}",OL-injury / opp-pass-rush tags: nullable until OL lane lands
2023,JAX,3,7.3399,0.9331,"{'quick_game_rate': -0.0239, 'avg_air_yards_x10': 0.0494, 'shotgun_rate': 0.0108, 'early_down_pass_rate': -0.009, 'no_huddle_rate': 0.1615}",OL-injury / opp-pass-rush tags: nullable until OL lane lands
2023,JAX,4,4.4505,0.8216,"{'quick_game_rate': 0.1032, 'avg_air_yards_x10': -0.0823, 'shotgun_rate': -0.1064, 'early_down_pass_rate': -0.0913, 'no_huddle_rate': -0.1224}",OL-injury / opp-pass-rush tags: nullable until OL lane lands
2023,JAX,5,4.4508,0.8234,"{'quick_game_rate': -0.1298, 'avg_air_yards_x10': 0.1362, 'shotgun_rate': -0.1552, 'early_down_pass_rate': -0.0706, 'no_huddle_rate': -0.0472}",OL-injury / opp-pass-rush tags: nullable until OL lane lands
2023,JAX,6,2.175,0.3643,"{'quick_game_rate': -0.13, 'avg_air_yards_x10': 0.0544, 'shotgun_rate': -0.0778, 'early_down_pass_rate': -0.01, 'no_huddle_rate': -0.0642}",OL-injury / opp-pass-rush tags: nullable until OL lane lands
2023,JAX,7,1.8637,0.2584,"{'quick_game_rate': -0.0084, 'avg_air_yards_x10': -0.058, 'shotgun_rate': 0.0994, 'early_down_pass_rate': 0.0056, 'no_huddle_rate': -0.088}",OL-injury / opp-pass-rush tags: nullable until OL lane lands
2023,JAX,8,1.5954,0.1784,"{'quick_game_rate': -0.0717, 'avg_air_yards_x10': -0.0145, 'shotgun_rate': -0.0629, 'early_down_pass_rate': -0.051, 'no_huddle_rate': -0.0603}",OL-injury / opp-pass-rush tags: nullable until OL lane lands
2023,JAX,10,1.8181,0.2435,"{'quick_game_rate': 0.0623, 'avg_air_yards_x10': 0.0154, 'shotgun_rate': 0.0578, 'early_down_pass_rate': 0.0844, 'no_huddle_rate': -0.0494}",OL-injury / opp-pass-rush tags: nullable until OL lane lands
2023,JAX,11,5.3691,0.8903,"{'quick_game_rate': -0.1322, 'avg_air_yards_x10': 0.2637, 'shotgun_rate': -0.1233, 'early_down_pass_rate': -0.0631, 'no_huddle_rate': -0.0189}",OL-injury / opp-pass-rush tags: nullable until OL lane lands
2023,JAX,12,2.2001,0.3773,"{'quick_game_rate': -0.0778, 'avg_air_yards_x10': 0.1347, 'shotgun_rate': -0.0861, 'early_down_pass_rate': -0.0285, 'no_huddle_rate': -0.0605}",OL-injury / opp-pass-rush tags: nullable until OL lane lands
2023,JAX,13,4.6435,0.842,"{'quick_game_rate': -0.0566, 'avg_air_yards_x10': 0.4007, 'shotgun_rate': -0.0783, 'early_down_pass_rate': 0.1212, 'no_huddle_rate': 0.0038}",OL-injury / opp-pass-rush tags: nullable until OL lane lands
2023,JAX,14,2.8634,0.5781,"{'quick_game_rate': -0.0334, 'avg_air_yards_x10': 0.2317, 'shotgun_rate': 0.0996, 'early_down_pass_rate': 0.1367, 'no_huddle_rate': -0.0283}",OL-injury / opp-pass-rush tags: nullable until OL lane lands
2023,JAX,15,2.5012,0.4888,"{'quick_game_rate': -0.0457, 'avg_air_yards_x10': 0.2262, 'shotgun_rate': 0.0852, 'early_down_pass_rate': 0.1202, 'no_huddle_rate': 0.0288}",OL-injury / opp-pass-rush tags: nullable until OL lane lands
2023,JAX,16,4.4667,0.829,"{'quick_game_rate': -0.1212, 'avg_air_yards_x10': 0.1532, 'shotgun_rate': 0.0971, 'early_down_pass_rate': 0.2157, 'no_huddle_rate': 0.1706}",OL-injury / opp-pass-rush tags: nullable until OL lane lands
2023,JAX,17,3.0189,0.6245,"{'quick_game_rate': -0.0828, 'avg_air_yards_x10': -0.165, 'shotgun_rate': -0.1229, 'early_down_pass_rate': -0.1885, 'no_huddle_rate': -0.0666}",OL-injury / opp-pass-rush tags: nullable until OL lane lands
2023,JAX,18,1.692,0.2045,"{'quick_game_rate': 0.0638, 'avg_air_yards_x10': -0.0759, 'shotgun_rate': 0.1042, 'early_down_pass_rate': 0.075, 'no_huddle_rate': -0.0169}",OL-injury / opp-pass-rush tags: nullable until OL lane lands
2023,KC,2,0.2465,0.0167,"{'quick_game_rate': -0.0019, 'avg_air_yards_x10': -0.2394, 'shotgun_rate': -0.007, 'early_down_pass_rate': 0.0559, 'no_huddle_rate': 0.0172}",OL-injury / opp-pass-rush tags: nullable until OL lane lands
2023,KC,3,18.0134,0.9814,"{'quick_game_rate': 0.0151, 'avg_air_yards_x10': -0.1196, 'shotgun_rate': 0.0214, 'early_down_pass_rate': -0.1617, 'no_huddle_rate': -0.011}",OL-injury / opp-pass-rush tags: nullable until OL lane lands
2023,KC,4,17.8771,0.9796,"{'quick_game_rate': 0.1241, 'avg_air_yards_x10': -0.0981, 'shotgun_rate': 0.0315, 'early_down_pass_rate': -0.0975, 'no_huddle_rate': -0.021}",OL-injury / opp-pass-rush tags: nullable until OL lane lands
2023,KC,5,6.4747,0.9201,"{'quick_game_rate': 0.0764, 'avg_air_yards_x10': -0.1211, 'shotgun_rate': 0.0871, 'early_down_pass_rate': 0.1425, 'no_huddle_rate': 0.0318}",OL-injury / opp-pass-rush tags: nullable until OL lane lands
2023,KC,6,3.8434,0.7677,"{'quick_game_rate': -0.0279, 'avg_air_yards_x10': -0.275, 'shotgun_rate': 0.0912, 'early_down_pass_rate': 0.0511, 'no_huddle_rate': -0.0221}",OL-injury / opp-pass-rush tags: nullable until OL lane lands
2023,KC,7,3.5454,0.7249,"{'quick_game_rate': -0.1556, 'avg_air_yards_x10': 0.1631, 'shotgun_rate': -0.0118, 'early_down_pass_rate': 0.1055, 'no_huddle_rate': -0.0185}",OL-injury / opp-pass-rush tags: nullable until OL lane lands
2023,KC,8,7.1681,0.9312,"{'quick_game_rate': 0.0169, 'avg_air_yards_x10': 0.0521, 'shotgun_rate': 0.1498, 'early_down_pass_rate': 0.1055, 'no_huddle_rate': 0.107}",OL-injury / opp-pass-rush tags: nullable until OL lane lands
2023,KC,9,2.2965,0.4033,"{'quick_game_rate': 0.1359, 'avg_air_yards_x10': -0.1267, 'shotgun_rate': 0.0164, 'early_down_pass_rate': -0.0545, 'no_huddle_rate': -0.0103}",OL-injury / opp-pass-rush tags: nullable until OL lane lands
2023,KC,11,2.3848,0.4312,"{'quick_game_rate': -0.0078, 'avg_air_yards_x10': 0.2426, 'shotgun_rate': 0.0782, 'early_down_pass_rate': -0.074, 'no_huddle_rate': -0.0006}",OL-injury / opp-pass-rush tags: nullable until OL lane lands
2023,KC,12,1.7355,0.2175,"{'quick_game_rate': 0.0687, 'avg_air_yards_x10': -0.2024, 'shotgun_rate': -0.0218, 'early_down_pass_rate': 0.011, 'no_huddle_rate': -0.0101}",OL-injury / opp-pass-rush tags: nullable until OL lane lands
2023,KC,13,1.8411,0.2528,"{'quick_game_rate': -0.0392, 'avg_air_yards_x10': 0.1915, 'shotgun_rate': -0.0558, 'early_down_pass_rate': -0.0353, 'no_huddle_rate': 0.0221}",OL-injury / opp-pass-rush tags: nullable until OL lane lands
2023,KC,14,1.4231,0.1375,"{'quick_game_rate': -0.0, 'avg_air_yards_x10': -0.0283, 'shotgun_rate': 0.0003, 'early_down_pass_rate': 0.0994, 'no_huddle_rate': 0.0195}",OL-injury / opp-pass-rush tags: nullable until OL lane lands
2023,KC,15,1.8161,0.2416,"{'quick_game_rate': -0.0288, 'avg_air_yards_x10': -0.1337, 'shotgun_rate': -0.0442, 'early_down_pass_rate': 0.0705, 'no_huddle_rate': -0.0304}",OL-injury / opp-pass-rush tags: nullable until OL lane lands
2023,KC,16,2.8398,0.5706,"{'quick_game_rate': 0.0206, 'avg_air_yards_x10': -0.3016, 'shotgun_rate': -0.0157, 'early_down_pass_rate': 0.0671, 'no_huddle_rate': 0.054}",OL-injury / opp-pass-rush tags: nullable until OL lane lands
2023,KC,17,2.6674,0.5316,"{'quick_game_rate': 0.0745, 'avg_air_yards_x10': -0.1524, 'shotgun_rate': -0.1052, 'early_down_pass_rate': -0.0386, 'no_huddle_rate': -0.0318}",OL-injury / opp-pass-rush tags: nullable until OL lane lands
2023,KC,18,3.1008,0.6394,"{'quick_game_rate': 0.0813, 'avg_air_yards_x10': -0.0931, 'shotgun_rate': -0.1196, 'early_down_pass_rate': -0.1254, 'no_huddle_rate': -0.0298}",OL-injury / opp-pass-rush tags: nullable until OL lane lands
2023,KC,19,2.0703,0.3216,"{'quick_game_rate': -0.078, 'avg_air_yards_x10': 0.0752, 'shotgun_rate': -0.05, 'early_down_pass_rate': -0.1068, 'no_huddle_rate': -0.0148}",OL-injury / opp-pass-rush tags: nullable until OL lane lands
2023,KC,20,1.4465,0.1468,"{'quick_game_rate': -0.0206, 'avg_air_yards_x10': 0.0689, 'shotgun_rate': -0.0432, 'early_down_pass_rate': -0.0627, 'no_huddle_rate': -0.0273}",OL-injury / opp-pass-rush tags: nullable until OL lane lands
2023,KC,21,1.9619,0.29,"{'quick_game_rate': 0.005, 'avg_air_yards_x10': -0.0546, 'shotgun_rate': -0.103, 'early_down_pass_rate': -0.0428, 'no_huddle_rate': -0.0258}",OL-injury / opp-pass-rush tags: nullable until OL lane lands
2023,KC,22,2.3512,0.4257,"{'quick_game_rate': 0.0672, 'avg_air_yards_x10': -0.0407, 'shotgun_rate': 0.0581, 'early_down_pass_rate': 0.0679, 'no_huddle_rate': 0.0524}",OL-injury / opp-pass-rush tags: nullable until OL lane lands
2023,LA,2,0.6171,0.0595,"{'quick_game_rate': 0.2135, 'avg_air_yards_x10': -0.4041, 'shotgun_rate': 0.2794, 'early_down_pass_rate': 0.288, 'no_huddle_rate': 0.1045}",OL-injury / opp-pass-rush tags: nullable until OL lane lands
2023,LA,3,1.8113,0.2342,"{'quick_game_rate': 0.0967, 'avg_air_yards_x10': 0.0863, 'shotgun_rate': 0.0975, 'early_down_pass_rate': 0.1727, 'no_huddle_rate': 0.031}",OL-injury / opp-pass-rush tags: nullable until OL lane lands
2023,LA,4,1.8357,0.2509,"{'quick_game_rate': -0.0061, 'avg_air_yards_x10': -0.1606, 'shotgun_rate': -0.0568, 'early_down_pass_rate': -0.1349, 'no_huddle_rate': 0.0528}",OL-injury / opp-pass-rush tags: nullable until OL lane lands
2023,LA,5,3.3524,0.684,"{'quick_game_rate': -0.2093, 'avg_air_yards_x10': 0.1263, 'shotgun_rate': 0.111, 'early_down_pass_rate': 0.1356, 'no_huddle_rate': 0.0729}",OL-injury / opp-pass-rush tags: nullable until OL lane lands
2023,LA,6,2.8394,0.5688,"{'quick_game_rate': -0.0286, 'avg_air_yards_x10': -0.02, 'shotgun_rate': -0.0515, 'early_down_pass_rate': -0.2473, 'no_huddle_rate': -0.104}",OL-injury / opp-pass-rush tags: nullable until OL lane lands
2023,LA,7,1.5757,0.1729,"{'quick_game_rate': 0.1188, 'avg_air_yards_x10': 0.0221, 'shotgun_rate': -0.0336, 'early_down_pass_rate': -0.1523, 'no_huddle_rate': -0.0132}",OL-injury / opp-pass-rush tags: nullable until OL lane lands
2023,LA,8,3.6158,0.7323,"{'quick_game_rate': 0.0813, 'avg_air_yards_x10': -0.2474, 'shotgun_rate': -0.0463, 'early_down_pass_rate': -0.0769, 'no_huddle_rate': 0.1608}",OL-injury / opp-pass-rush tags: nullable until OL lane lands
2023,LA,9,1.2674,0.0985,"{'quick_game_rate': 0.0399, 'avg_air_yards_x10': 0.0786, 'shotgun_rate': -0.0738, 'early_down_pass_rate': -0.0942, 'no_huddle_rate': -0.0153}",OL-injury / opp-pass-rush tags: nullable until OL lane lands
2023,LA,11,3.7205,0.7491,"{'quick_game_rate': 0.1484, 'avg_air_yards_x10': -0.3561, 'shotgun_rate': -0.1828, 'early_down_pass_rate': -0.0244, 'no_huddle_rate': -0.0547}",OL-injury / opp-pass-rush tags: nullable until OL lane lands
2023,LA,12,3.0162,0.6227,"{'quick_game_rate': 0.248, 'avg_air_yards_x10': -0.2484, 'shotgun_rate': -0.0261, 'early_down_pass_rate': -0.1005, 'no_huddle_rate': -0.0445}",OL-injury / opp-pass-rush tags: nullable until OL lane lands
2023,LA,13,0.8718,0.0688,"{'quick_game_rate': 0.0386, 'avg_air_yards_x10': -0.0184, 'shotgun_rate': -0.0712, 'early_down_pass_rate': 0.0173, 'no_huddle_rate': -0.0166}",OL-injury / opp-pass-rush tags: nullable until OL lane lands
2023,LA,14,2.0674,0.3197,"{'quick_game_rate': -0.0905, 'avg_air_yards_x10': 0.1329, 'shotgun_rate': -0.1458, 'early_down_pass_rate': -0.0172, 'no_huddle_rate': -0.0478}",OL-injury / opp-pass-rush tags: nullable until OL lane lands
2023,LA,15,3.4839,0.7082,"{'quick_game_rate': 0.1686, 'avg_air_yards_x10': -0.2951, 'shotgun_rate': -0.2089, 'early_down_pass_rate': -0.1127, 'no_huddle_rate': -0.0722}",OL-injury / opp-pass-rush tags: nullable until OL lane lands
2023,LA,16,1.3739,0.1208,"{'quick_game_rate': 0.078, 'avg_air_yards_x10': 0.0224, 'shotgun_rate': 0.0235, 'early_down_pass_rate': -0.0813, 'no_huddle_rate': -0.0605}",OL-injury / opp-pass-rush tags: nullable until OL lane lands
2023,LA,17,2.3112,0.4089,"{'quick_game_rate': 0.1611, 'avg_air_yards_x10': -0.2144, 'shotgun_rate': -0.0978, 'early_down_pass_rate': 0.0679, 'no_huddle_rate': -0.0504}",OL-injury / opp-pass-rush tags: nullable until OL lane lands
2023,LA,18,2.5235,0.4981,"{'quick_game_rate': 0.0162, 'avg_air_yards_x10': -0.1208, 'shotgun_rate': 0.1981, 'early_down_pass_rate': -0.1436, 'no_huddle_rate': -0.0495}",OL-injury / opp-pass-rush tags: nullable until OL lane lands
2023,LA,19,2.5089,0.4926,"{'quick_game_rate': -0.1375, 'avg_air_yards_x10': 0.1543, 'shotgun_rate': 0.1073, 'early_down_pass_rate': 0.1061, 'no_huddle_rate': -0.0928}",OL-injury / opp-pass-rush tags: nullable until OL lane lands
2023,LAC,2,0.4842,0.052,"{'quick_game_rate': -0.2099, 'avg_air_yards_x10': 0.3665, 'shotgun_rate': -0.0734, 'early_down_pass_rate': 0.2167, 'no_huddle_rate': -0.061}",OL-injury / opp-pass-rush tags: nullable until OL lane lands
2023,LAC,3,6.5769,0.9219,"{'quick_game_rate': 0.0917, 'avg_air_yards_x10': -0.1819, 'shotgun_rate': 0.1574, 'early_down_pass_rate': 0.2016, 'no_huddle_rate': -0.1352}",OL-injury / opp-pass-rush tags: nullable until OL lane lands
2023,LAC,4,3.2057,0.658,"{'quick_game_rate': -0.1264, 'avg_air_yards_x10': 0.3725, 'shotgun_rate': -0.035, 'early_down_pass_rate': -0.2392, 'no_huddle_rate': -0.0371}",OL-injury / opp-pass-rush tags: nullable until OL lane lands
2023,LAC,6,1.9844,0.2955,"{'quick_game_rate': -0.0103, 'avg_air_yards_x10': -0.2329, 'shotgun_rate': 0.1116, 'early_down_pass_rate': 0.012, 'no_huddle_rate': 0.0349}",OL-injury / opp-pass-rush tags: nullable until OL lane lands
2023,LAC,7,2.1872,0.368,"{'quick_game_rate': -0.1344, 'avg_air_yards_x10': 0.2018, 'shotgun_rate': -0.0784, 'early_down_pass_rate': -0.0793, 'no_huddle_rate': 0.0305}",OL-injury / opp-pass-rush tags: nullable until OL lane lands
2023,LAC,8,3.668,0.7361,"{'quick_game_rate': 0.2047, 'avg_air_yards_x10': -0.4769, 'shotgun_rate': -0.0629, 'early_down_pass_rate': 0.0136, 'no_huddle_rate': -0.0938}",OL-injury / opp-pass-rush tags: nullable until OL lane lands
2023,LAC,9,2.4277,0.4461,"{'quick_game_rate': 0.0587, 'avg_air_yards_x10': -0.3104, 'shotgun_rate': -0.1504, 'early_down_pass_rate': 0.0328, 'no_huddle_rate': -0.0021}",OL-injury / opp-pass-rush tags: nullable until OL lane lands
2023,LAC,10,3.6907,0.7398,"{'quick_game_rate': 0.0681, 'avg_air_yards_x10': -0.1224, 'shotgun_rate': 0.0339, 'early_down_pass_rate': 0.0076, 'no_huddle_rate': 0.1979}",OL-injury / opp-pass-rush tags: nullable until OL lane lands
2023,LAC,11,2.3541,0.4275,"{'quick_game_rate': -0.1562, 'avg_air_yards_x10': 0.1698, 'shotgun_rate': 0.0919, 'early_down_pass_rate': -0.0164, 'no_huddle_rate': 0.1004}",OL-injury / opp-pass-rush tags: nullable until OL lane lands
2023,LAC,12,2.2777,0.3978,"{'quick_game_rate': 0.1397, 'avg_air_yards_x10': -0.131, 'shotgun_rate': 0.107, 'early_down_pass_rate': 0.1065, 'no_huddle_rate': 0.054}",OL-injury / opp-pass-rush tags: nullable until OL lane lands
2023,LAC,13,1.5423,0.1599,"{'quick_game_rate': 0.0539, 'avg_air_yards_x10': -0.0694, 'shotgun_rate': -0.1151, 'early_down_pass_rate': 0.021, 'no_huddle_rate': -0.0293}",OL-injury / opp-pass-rush tags: nullable until OL lane lands
2023,LAC,14,1.6339,0.1859,"{'quick_game_rate': -0.0387, 'avg_air_yards_x10': 0.0141, 'shotgun_rate': -0.1159, 'early_down_pass_rate': 0.0815, 'no_huddle_rate': -0.0111}",OL-injury / opp-pass-rush tags: nullable until OL lane lands
2023,LAC,15,3.4145,0.6952,"{'quick_game_rate': 0.2307, 'avg_air_yards_x10': -0.3261, 'shotgun_rate': -0.0942, 'early_down_pass_rate': -0.0579, 'no_huddle_rate': -0.1287}",OL-injury / opp-pass-rush tags: nullable until OL lane lands
2023,LAC,16,1.1127,0.0855,"{'quick_game_rate': 0.0712, 'avg_air_yards_x10': -0.0017, 'shotgun_rate': -0.0017, 'early_down_pass_rate': -0.064, 'no_huddle_rate': 0.0492}",OL-injury / opp-pass-rush tags: nullable until OL lane lands
2023,LAC,17,1.535,0.158,"{'quick_game_rate': 0.0853, 'avg_air_yards_x10': -0.0115, 'shotgun_rate': 0.0509, 'early_down_pass_rate': 0.0223, 'no_huddle_rate': 0.0908}",OL-injury / opp-pass-rush tags: nullable until OL lane lands
2023,LAC,18,2.0301,0.3086,"{'quick_game_rate': 0.0811, 'avg_air_yards_x10': -0.1123, 'shotgun_rate': 0.0827, 'early_down_pass_rate': -0.0192, 'no_huddle_rate': 0.1182}",OL-injury / opp-pass-rush tags: nullable until OL lane lands
2023,LV,2,0.1209,0.0019,"{'quick_game_rate': 0.0064, 'avg_air_yards_x10': 0.0878, 'shotgun_rate': -0.0672, 'early_down_pass_rate': 0.044, 'no_huddle_rate': -0.02}",OL-injury / opp-pass-rush tags: nullable until OL lane lands
2023,LV,3,70.6038,0.9963,"{'quick_game_rate': -0.2165, 'avg_air_yards_x10': 0.2886, 'shotgun_rate': 0.1889, 'early_down_pass_rate': 0.1639, 'no_huddle_rate': 0.1665}",OL-injury / opp-pass-rush tags: nullable until OL lane lands
2023,LV,4,1.8455,0.2546,"{'quick_game_rate': 0.0818, 'avg_air_yards_x10': -0.1901, 'shotgun_rate': 0.0283, 'early_down_pass_rate': 0.0726, 'no_huddle_rate': -0.0075}",OL-injury / opp-pass-rush tags: nullable until OL lane lands
2023,LV,5,3.3905,0.6896,"{'quick_game_rate': 0.0383, 'avg_air_yards_x10': -0.2764, 'shotgun_rate': -0.1903, 'early_down_pass_rate': -0.0926, 'no_huddle_rate': -0.0636}",OL-injury / opp-pass-rush tags: nullable until OL lane lands
2023,LV,6,2.7265,0.5465,"{'quick_game_rate': -0.036, 'avg_air_yards_x10': 0.062, 'shotgun_rate': -0.159, 'early_down_pass_rate': -0.1592, 'no_huddle_rate': -0.0509}",OL-injury / opp-pass-rush tags: nullable until OL lane lands
2023,LV,7,2.2344,0.3903,"{'quick_game_rate': -0.0189, 'avg_air_yards_x10': -0.0337, 'shotgun_rate': 0.0711, 'early_down_pass_rate': 0.1774, 'no_huddle_rate': 0.056}",OL-injury / opp-pass-rush tags: nullable until OL lane lands
2023,LV,8,3.1854,0.6506,"{'quick_game_rate': -0.1463, 'avg_air_yards_x10': 0.3676, 'shotgun_rate': 0.0157, 'early_down_pass_rate': -0.0168, 'no_huddle_rate': -0.006}",OL-injury / opp-pass-rush tags: nullable until OL lane lands
2023,LV,9,2.1418,0.342,"{'quick_game_rate': 0.011, 'avg_air_yards_x10': 0.0194, 'shotgun_rate': -0.0216, 'early_down_pass_rate': -0.1738, 'no_huddle_rate': 0.0689}",OL-injury / opp-pass-rush tags: nullable until OL lane lands
2023,LV,10,1.6852,0.1989,"{'quick_game_rate': 0.0082, 'avg_air_yards_x10': -0.0651, 'shotgun_rate': 0.0286, 'early_down_pass_rate': -0.1091, 'no_huddle_rate': 0.0738}",OL-injury / opp-pass-rush tags: nullable until OL lane lands
2023,LV,11,2.2266,0.3848,"{'quick_game_rate': 0.0011, 'avg_air_yards_x10': 0.1874, 'shotgun_rate': 0.0965, 'early_down_pass_rate': 0.1677, 'no_huddle_rate': 0.02}",OL-injury / opp-pass-rush tags: nullable until OL lane lands
2023,LV,12,3.0302,0.6283,"{'quick_game_rate': 0.1359, 'avg_air_yards_x10': -0.3376, 'shotgun_rate': -0.1078, 'early_down_pass_rate': -0.0452, 'no_huddle_rate': 0.0025}",OL-injury / opp-pass-rush tags: nullable until OL lane lands
2023,LV,14,2.3039,0.4052,"{'quick_game_rate': 0.0713, 'avg_air_yards_x10': -0.3272, 'shotgun_rate': 0.0961, 'early_down_pass_rate': 0.0532, 'no_huddle_rate': -0.0101}",OL-injury / opp-pass-rush tags: nullable until OL lane lands
2023,LV,15,1.9958,0.2993,"{'quick_game_rate': -0.1391, 'avg_air_yards_x10': 0.0897, 'shotgun_rate': 0.0473, 'early_down_pass_rate': 0.0502, 'no_huddle_rate': -0.0183}",OL-injury / opp-pass-rush tags: nullable until OL lane lands
2023,LV,16,2.4017,0.4368,"{'quick_game_rate': 0.1009, 'avg_air_yards_x10': -0.0108, 'shotgun_rate': -0.1551, 'early_down_pass_rate': -0.1167, 'no_huddle_rate': -0.0046}",OL-injury / opp-pass-rush tags: nullable until OL lane lands
2023,LV,17,1.5572,0.1617,"{'quick_game_rate': -0.0567, 'avg_air_yards_x10': 0.1551, 'shotgun_rate': 0.0029, 'early_down_pass_rate': 0.0727, 'no_huddle_rate': 0.0438}",OL-injury / opp-pass-rush tags: nullable until OL lane lands
2023,LV,18,1.705,0.2138,"{'quick_game_rate': -0.0051, 'avg_air_yards_x10': -0.0028, 'shotgun_rate': -0.1046, 'early_down_pass_rate': -0.1059, 'no_huddle_rate': -0.0354}",OL-injury / opp-pass-rush tags: nullable until OL lane lands
2023,MIA,2,0.313,0.0279,"{'quick_game_rate': -0.0223, 'avg_air_yards_x10': -0.2033, 'shotgun_rate': -0.0085, 'early_down_pass_rate': -0.2306, 'no_huddle_rate': 0.0534}",OL-injury / opp-pass-rush tags: nullable until OL lane lands
2023,MIA,3,41.8664,0.9944,"{'quick_game_rate': 0.2626, 'avg_air_yards_x10': -0.3376, 'shotgun_rate': -0.1462, 'early_down_pass_rate': -0.2288, 'no_huddle_rate': -0.0166}",OL-injury / opp-pass-rush tags: nullable until OL lane lands
2023,MIA,4,2.984,0.619,"{'quick_game_rate': 0.1109, 'avg_air_yards_x10': -0.3487, 'shotgun_rate': 0.0644, 'early_down_pass_rate': 0.136, 'no_huddle_rate': -0.0371}",OL-injury / opp-pass-rush tags: nullable until OL lane lands
2023,MIA,5,3.2997,0.6766,"{'quick_game_rate': 0.23, 'avg_air_yards_x10': -0.3745, 'shotgun_rate': 0.0085, 'early_down_pass_rate': -0.0313, 'no_huddle_rate': 0.0515}",OL-injury / opp-pass-rush tags: nullable until OL lane lands
2023,MIA,6,1.6041,0.1803,"{'quick_game_rate': -0.0369, 'avg_air_yards_x10': 0.1325, 'shotgun_rate': -0.0304, 'early_down_pass_rate': -0.0762, 'no_huddle_rate': -0.0386}",OL-injury / opp-pass-rush tags: nullable until OL lane lands
2023,MIA,7,1.8891,0.2639,"{'quick_game_rate': -0.0308, 'avg_air_yards_x10': 0.0636, 'shotgun_rate': 0.0791, 'early_down_pass_rate': 0.1336, 'no_huddle_rate': -0.0069}",OL-injury / opp-pass-rush tags: nullable until OL lane lands
2023,MIA,8,2.0926,0.329,"{'quick_game_rate': -0.0285, 'avg_air_yards_x10': -0.0771, 'shotgun_rate': 0.1058, 'early_down_pass_rate': 0.08, 'no_huddle_rate': -0.0186}",OL-injury / opp-pass-rush tags: nullable until OL lane lands
2023,MIA,9,1.3354,0.1171,"{'quick_game_rate': -0.021, 'avg_air_yards_x10': 0.0812, 'shotgun_rate': -0.0485, 'early_down_pass_rate': 0.0252, 'no_huddle_rate': -0.0278}",OL-injury / opp-pass-rush tags: nullable until OL lane lands
2023,MIA,11,1.2939,0.1022,"{'quick_game_rate': -0.0021, 'avg_air_yards_x10': 0.0021, 'shotgun_rate': 0.0507, 'early_down_pass_rate': -0.0281, 'no_huddle_rate': -0.0273}",OL-injury / opp-pass-rush tags: nullable until OL lane lands
2023,MIA,12,3.8109,0.7639,"{'quick_game_rate': 0.1661, 'avg_air_yards_x10': -0.2476, 'shotgun_rate': -0.1383, 'early_down_pass_rate': -0.2057, 'no_huddle_rate': -0.0243}",OL-injury / opp-pass-rush tags: nullable until OL lane lands
2023,MIA,13,3.2294,0.6654,"{'quick_game_rate': 0.0558, 'avg_air_yards_x10': 0.12, 'shotgun_rate': -0.1465, 'early_down_pass_rate': -0.2157, 'no_huddle_rate': -0.0372}",OL-injury / opp-pass-rush tags: nullable until OL lane lands
2023,MIA,14,1.8948,0.2695,"{'quick_game_rate': 0.0064, 'avg_air_yards_x10': 0.0217, 'shotgun_rate': 0.0163, 'early_down_pass_rate': -0.0068, 'no_huddle_rate': 0.0529}",OL-injury / opp-pass-rush tags: nullable until OL lane lands
2023,MIA,15,3.2126,0.6599,"{'quick_game_rate': 0.1061, 'avg_air_yards_x10': -0.4052, 'shotgun_rate': 0.1126, 'early_down_pass_rate': -0.1308, 'no_huddle_rate': -0.02}",OL-injury / opp-pass-rush tags: nullable until OL lane lands
2023,MIA,16,1.9487,0.2881,"{'quick_game_rate': -0.1115, 'avg_air_yards_x10': 0.2637, 'shotgun_rate': 0.0502, 'early_down_pass_rate': 0.0565, 'no_huddle_rate': 0.0116}",OL-injury / opp-pass-rush tags: nullable until OL lane lands
2023,MIA,17,1.4085,0.132,"{'quick_game_rate': -0.0095, 'avg_air_yards_x10': -0.0402, 'shotgun_rate': 0.0254, 'early_down_pass_rate': 0.0337, 'no_huddle_rate': 0.0382}",OL-injury / opp-pass-rush tags: nullable until OL lane lands
2023,MIA,18,3.0839,0.6375,"{'quick_game_rate': -0.1756, 'avg_air_yards_x10': 0.4073, 'shotgun_rate': 0.003, 'early_down_pass_rate': -0.0382, 'no_huddle_rate': -0.0399}",OL-injury / opp-pass-rush tags: nullable until OL lane lands
2023,MIA,19,1.3775,0.1227,"{'quick_game_rate': 0.04, 'avg_air_yards_x10': -0.0127, 'shotgun_rate': 0.0378, 'early_down_pass_rate': 0.1244, 'no_huddle_rate': 0.0132}",OL-injury / opp-pass-rush tags: nullable until OL lane lands
2023,MIN,2,0.2946,0.0242,"{'quick_game_rate': 0.1137, 'avg_air_yards_x10': 0.2295, 'shotgun_rate': 0.0677, 'early_down_pass_rate': 0.1016, 'no_huddle_rate': 0.0792}",OL-injury / opp-pass-rush tags: nullable until OL lane lands
2023,MIN,3,2.9311,0.6004,"{'quick_game_rate': -0.0113, 'avg_air_yards_x10': 0.002, 'shotgun_rate': -0.0405, 'early_down_pass_rate': -0.1054, 'no_huddle_rate': -0.0664}",OL-injury / opp-pass-rush tags: nullable until OL lane lands
2023,MIN,4,6.1543,0.9145,"{'quick_game_rate': -0.0339, 'avg_air_yards_x10': 0.0863, 'shotgun_rate': -0.0875, 'early_down_pass_rate': -0.346, 'no_huddle_rate': -0.0482}",OL-injury / opp-pass-rush tags: nullable until OL lane lands
2023,MIN,5,2.481,0.4796,"{'quick_game_rate': -0.0426, 'avg_air_yards_x10': -0.0425, 'shotgun_rate': 0.0962, 'early_down_pass_rate': 0.0852, 'no_huddle_rate': -0.0347}",OL-injury / opp-pass-rush tags: nullable until OL lane lands
2023,MIN,6,4.5985,0.8364,"{'quick_game_rate': 0.09, 'avg_air_yards_x10': -0.1961, 'shotgun_rate': -0.087, 'early_down_pass_rate': -0.1151, 'no_huddle_rate': -0.1179}",OL-injury / opp-pass-rush tags: nullable until OL lane lands
2023,MIN,7,2.9309,0.5985,"{'quick_game_rate': 0.108, 'avg_air_yards_x10': -0.2094, 'shotgun_rate': -0.0043, 'early_down_pass_rate': 0.0066, 'no_huddle_rate': -0.0161}",OL-injury / opp-pass-rush tags: nullable until OL lane lands
2023,MIN,8,2.6622,0.5279,"{'quick_game_rate': -0.0067, 'avg_air_yards_x10': -0.1374, 'shotgun_rate': -0.0722, 'early_down_pass_rate': -0.1844, 'no_huddle_rate': -0.0804}",OL-injury / opp-pass-rush tags: nullable until OL lane lands
2023,MIN,9,2.0572,0.3178,"{'quick_game_rate': 0.0354, 'avg_air_yards_x10': -0.0954, 'shotgun_rate': 0.0991, 'early_down_pass_rate': -0.0803, 'no_huddle_rate': -0.0072}",OL-injury / opp-pass-rush tags: nullable until OL lane lands
2023,MIN,10,1.9219,0.2825,"{'quick_game_rate': -0.0829, 'avg_air_yards_x10': 0.0699, 'shotgun_rate': -0.0222, 'early_down_pass_rate': -0.1182, 'no_huddle_rate': 0.0173}",OL-injury / opp-pass-rush tags: nullable until OL lane lands
2023,MIN,11,2.1727,0.3606,"{'quick_game_rate': 0.0154, 'avg_air_yards_x10': 0.0089, 'shotgun_rate': -0.0275, 'early_down_pass_rate': -0.1581, 'no_huddle_rate': -0.0884}",OL-injury / opp-pass-rush tags: nullable until OL lane lands
2023,MIN,12,1.5705,0.1691,"{'quick_game_rate': 0.0453, 'avg_air_yards_x10': 0.0924, 'shotgun_rate': 0.0168, 'early_down_pass_rate': 0.0113, 'no_huddle_rate': -0.0549}",OL-injury / opp-pass-rush tags: nullable until OL lane lands
2023,MIN,14,2.5196,0.4963,"{'quick_game_rate': -0.0488, 'avg_air_yards_x10': -0.0114, 'shotgun_rate': 0.1143, 'early_down_pass_rate': -0.0046, 'no_huddle_rate': -0.0638}",OL-injury / opp-pass-rush tags: nullable until OL lane lands
2023,MIN,15,2.8661,0.5818,"{'quick_game_rate': -0.0466, 'avg_air_yards_x10': -0.0388, 'shotgun_rate': -0.1543, 'early_down_pass_rate': -0.0458, 'no_huddle_rate': -0.0538}",OL-injury / opp-pass-rush tags: nullable until OL lane lands
2023,MIN,16,9.7502,0.9535,"{'quick_game_rate': -0.2853, 'avg_air_yards_x10': 0.7785, 'shotgun_rate': 0.1087, 'early_down_pass_rate': 0.189, 'no_huddle_rate': -0.0595}",OL-injury / opp-pass-rush tags: nullable until OL lane lands
2023,MIN,17,2.9377,0.6022,"{'quick_game_rate': -0.0261, 'avg_air_yards_x10': 0.0146, 'shotgun_rate': 0.1869, 'early_down_pass_rate': 0.0418, 'no_huddle_rate': 0.0801}",OL-injury / opp-pass-rush tags: nullable until OL lane lands
2023,MIN,18,1.3305,0.1152,"{'quick_game_rate': 0.0294, 'avg_air_yards_x10': 0.1291, 'shotgun_rate': 0.064, 'early_down_pass_rate': 0.0534, 'no_huddle_rate': -0.0406}",OL-injury / opp-pass-rush tags: nullable until OL lane lands
2023,NE,2,0.1973,0.0112,"{'quick_game_rate': -0.0423, 'avg_air_yards_x10': 0.1537, 'shotgun_rate': -0.0575, 'early_down_pass_rate': 0.0068, 'no_huddle_rate': 0.1008}",OL-injury / opp-pass-rush tags: nullable until OL lane lands
2023,NE,3,110.9828,1.0,"{'quick_game_rate': -0.049, 'avg_air_yards_x10': 0.1458, 'shotgun_rate': -0.2487, 'early_down_pass_rate': -0.3758, 'no_huddle_rate': -0.2057}",OL-injury / opp-pass-rush tags: nullable until OL lane lands
2023,NE,4,2.5632,0.5093,"{'quick_game_rate': -0.0143, 'avg_air_yards_x10': -0.1118, 'shotgun_rate': -0.2109, 'early_down_pass_rate': -0.0505, 'no_huddle_rate': -0.1369}",OL-injury / opp-pass-rush tags: nullable until OL lane lands
2023,NE,5,3.8595,0.7714,"{'quick_game_rate': -0.058, 'avg_air_yards_x10': 0.2562, 'shotgun_rate': -0.0818, 'early_down_pass_rate': 0.005, 'no_huddle_rate': -0.1554}",OL-injury / opp-pass-rush tags: nullable until OL lane lands
2023,NE,6,8.5817,0.9442,"{'quick_game_rate': 0.2615, 'avg_air_yards_x10': -0.3617, 'shotgun_rate': 0.0401, 'early_down_pass_rate': 0.1355, 'no_huddle_rate': -0.1261}",OL-injury / opp-pass-rush tags: nullable until OL lane lands
2023,NE,7,3.5149,0.7156,"{'quick_game_rate': 0.1906, 'avg_air_yards_x10': -0.5014, 'shotgun_rate': -0.1228, 'early_down_pass_rate': -0.018, 'no_huddle_rate': -0.034}",OL-injury / opp-pass-rush tags: nullable until OL lane lands
2023,NE,8,1.2282,0.0911,"{'quick_game_rate': -0.0194, 'avg_air_yards_x10': -0.0735, 'shotgun_rate': -0.1345, 'early_down_pass_rate': -0.0204, 'no_huddle_rate': 0.0216}",OL-injury / opp-pass-rush tags: nullable until OL lane lands
2023,NE,9,3.5343,0.723,"{'quick_game_rate': -0.0797, 'avg_air_yards_x10': 0.0983, 'shotgun_rate': 0.1933, 'early_down_pass_rate': 0.0686, 'no_huddle_rate': 0.2983}",OL-injury / opp-pass-rush tags: nullable until OL lane lands
2023,NE,10,2.799,0.5632,"{'quick_game_rate': -0.0438, 'avg_air_yards_x10': -0.3056, 'shotgun_rate': -0.2139, 'early_down_pass_rate': -0.1866, 'no_huddle_rate': -0.0514}",OL-injury / opp-pass-rush tags: nullable until OL lane lands
2023,NE,12,2.7251,0.5446,"{'quick_game_rate': 0.1361, 'avg_air_yards_x10': -0.3772, 'shotgun_rate': -0.1337, 'early_down_pass_rate': -0.0838, 'no_huddle_rate': -0.1491}",OL-injury / opp-pass-rush tags: nullable until OL lane lands
2023,NE,13,2.7654,0.5595,"{'quick_game_rate': -0.1733, 'avg_air_yards_x10': 0.44, 'shotgun_rate': -0.1012, 'early_down_pass_rate': -0.1155, 'no_huddle_rate': 0.0096}",OL-injury / opp-pass-rush tags: nullable until OL lane lands
2023,NE,14,1.2873,0.1004,"{'quick_game_rate': 0.0525, 'avg_air_yards_x10': -0.0331, 'shotgun_rate': -0.0936, 'early_down_pass_rate': -0.0043, 'no_huddle_rate': -0.1182}",OL-injury / opp-pass-rush tags: nullable until OL lane lands
2023,NE,15,2.3444,0.4164,"{'quick_game_rate': 0.1545, 'avg_air_yards_x10': -0.318, 'shotgun_rate': -0.0225, 'early_down_pass_rate': 0.0938, 'no_huddle_rate': -0.1273}",OL-injury / opp-pass-rush tags: nullable until OL lane lands
2023,NE,16,1.2377,0.0929,"{'quick_game_rate': 0.0598, 'avg_air_yards_x10': -0.0114, 'shotgun_rate': 0.0789, 'early_down_pass_rate': 0.0702, 'no_huddle_rate': -0.0818}",OL-injury / opp-pass-rush tags: nullable until OL lane lands
2023,NE,17,1.8046,0.2305,"{'quick_game_rate': -0.038, 'avg_air_yards_x10': 0.0932, 'shotgun_rate': -0.1729, 'early_down_pass_rate': -0.0391, 'no_huddle_rate': -0.1127}",OL-injury / opp-pass-rush tags: nullable until OL lane lands
2023,NE,18,2.0369,0.3104,"{'quick_game_rate': -0.1023, 'avg_air_yards_x10': 0.3468, 'shotgun_rate': 0.1157, 'early_down_pass_rate': 0.0243, 'no_huddle_rate': -0.054}",OL-injury / opp-pass-rush tags: nullable until OL lane lands
2023,NO,2,0.4807,0.0502,"{'quick_game_rate': 0.2949, 'avg_air_yards_x10': -0.3779, 'shotgun_rate': -0.0295, 'early_down_pass_rate': -0.0217, 'no_huddle_rate': 0.0039}",OL-injury / opp-pass-rush tags: nullable until OL lane lands
2023,NO,3,25.7385,0.9888,"{'quick_game_rate': 0.1092, 'avg_air_yards_x10': -0.1477, 'shotgun_rate': 0.0373, 'early_down_pass_rate': 0.0447, 'no_huddle_rate': -0.0493}",OL-injury / opp-pass-rush tags: nullable until OL lane lands
2023,NO,4,7.6676,0.9387,"{'quick_game_rate': 0.1075, 'avg_air_yards_x10': -0.0791, 'shotgun_rate': 0.1082, 'early_down_pass_rate': 0.1254, 'no_huddle_rate': 0.0339}",OL-injury / opp-pass-rush tags: nullable until OL lane lands
2023,NO,5,5.2992,0.8885,"{'quick_game_rate': -0.0219, 'avg_air_yards_x10': 0.0702, 'shotgun_rate': -0.1566, 'early_down_pass_rate': -0.2042, 'no_huddle_rate': -0.0594}",OL-injury / opp-pass-rush tags: nullable until OL lane lands
2023,NO,6,2.8739,0.5855,"{'quick_game_rate': 0.0307, 'avg_air_yards_x10': 0.122, 'shotgun_rate': -0.0041, 'early_down_pass_rate': 0.123, 'no_huddle_rate': 0.0783}",OL-injury / opp-pass-rush tags: nullable until OL lane lands
2023,NO,7,4.4869,0.8309,"{'quick_game_rate': 0.134, 'avg_air_yards_x10': -0.3364, 'shotgun_rate': 0.0117, 'early_down_pass_rate': 0.0822, 'no_huddle_rate': 0.1401}",OL-injury / opp-pass-rush tags: nullable until OL lane lands
2023,NO,8,3.8002,0.7621,"{'quick_game_rate': -0.0205, 'avg_air_yards_x10': 0.44, 'shotgun_rate': -0.1487, 'early_down_pass_rate': -0.1523, 'no_huddle_rate': -0.0189}",OL-injury / opp-pass-rush tags: nullable until OL lane lands
2023,NO,9,3.1262,0.6468,"{'quick_game_rate': 0.1278, 'avg_air_yards_x10': -0.5117, 'shotgun_rate': 0.1009, 'early_down_pass_rate': -0.0512, 'no_huddle_rate': -0.0442}",OL-injury / opp-pass-rush tags: nullable until OL lane lands
2023,NO,10,3.4286,0.6989,"{'quick_game_rate': -0.0034, 'avg_air_yards_x10': 0.2536, 'shotgun_rate': 0.0816, 'early_down_pass_rate': 0.2318, 'no_huddle_rate': 0.1178}",OL-injury / opp-pass-rush tags: nullable until OL lane lands
2023,NO,12,0.9034,0.0725,"{'quick_game_rate': -0.0672, 'avg_air_yards_x10': -0.0315, 'shotgun_rate': 0.0395, 'early_down_pass_rate': -0.0278, 'no_huddle_rate': 0.0058}",OL-injury / opp-pass-rush tags: nullable until OL lane lands
2023,NO,13,2.3243,0.4126,"{'quick_game_rate': 0.0432, 'avg_air_yards_x10': -0.0186, 'shotgun_rate': -0.0398, 'early_down_pass_rate': -0.1671, 'no_huddle_rate': -0.1008}",OL-injury / opp-pass-rush tags: nullable until OL lane lands
2023,NO,14,5.2065,0.8848,"{'quick_game_rate': 0.2956, 'avg_air_yards_x10': -0.4737, 'shotgun_rate': -0.2529, 'early_down_pass_rate': -0.0555, 'no_huddle_rate': -0.0524}",OL-injury / opp-pass-rush tags: nullable until OL lane lands
2023,NO,15,2.7001,0.539,"{'quick_game_rate': 0.0513, 'avg_air_yards_x10': -0.2151, 'shotgun_rate': -0.2352, 'early_down_pass_rate': -0.0263, 'no_huddle_rate': -0.052}",OL-injury / opp-pass-rush tags: nullable until OL lane lands
2023,NO,16,2.1488,0.3476,"{'quick_game_rate': -0.0885, 'avg_air_yards_x10': 0.1039, 'shotgun_rate': 0.0875, 'early_down_pass_rate': 0.1733, 'no_huddle_rate': 0.0532}",OL-injury / opp-pass-rush tags: nullable until OL lane lands
2023,NO,17,2.6331,0.5204,"{'quick_game_rate': 0.1439, 'avg_air_yards_x10': -0.3686, 'shotgun_rate': -0.12, 'early_down_pass_rate': -0.1159, 'no_huddle_rate': -0.0583}",OL-injury / opp-pass-rush tags: nullable until OL lane lands
2023,NO,18,1.9473,0.2862,"{'quick_game_rate': -0.0416, 'avg_air_yards_x10': 0.0071, 'shotgun_rate': -0.1349, 'early_down_pass_rate': -0.1105, 'no_huddle_rate': -0.0694}",OL-injury / opp-pass-rush tags: nullable until OL lane lands
2023,NYG,2,0.3891,0.0372,"{'quick_game_rate': -0.1009, 'avg_air_yards_x10': 0.3651, 'shotgun_rate': -0.0594, 'early_down_pass_rate': 0.053, 'no_huddle_rate': -0.0393}",OL-injury / opp-pass-rush tags: nullable until OL lane lands
2023,NYG,3,5.5308,0.8978,"{'quick_game_rate': 0.1232, 'avg_air_yards_x10': -0.1435, 'shotgun_rate': 0.0497, 'early_down_pass_rate': 0.1213, 'no_huddle_rate': 0.0098}",OL-injury / opp-pass-rush tags: nullable until OL lane lands
2023,NYG,4,13.6055,0.9721,"{'quick_game_rate': 0.2114, 'avg_air_yards_x10': -0.3371, 'shotgun_rate': 0.132, 'early_down_pass_rate': -0.0139, 'no_huddle_rate': 0.2091}",OL-injury / opp-pass-rush tags: nullable until OL lane lands
2023,NYG,5,2.5491,0.5056,"{'quick_game_rate': -0.0768, 'avg_air_yards_x10': 0.0108, 'shotgun_rate': 0.1312, 'early_down_pass_rate': -0.0706, 'no_huddle_rate': 0.026}",OL-injury / opp-pass-rush tags: nullable until OL lane lands
2023,NYG,6,5.5547,0.8996,"{'quick_game_rate': -0.0026, 'avg_air_yards_x10': 0.1127, 'shotgun_rate': -0.271, 'early_down_pass_rate': -0.2074, 'no_huddle_rate': -0.1716}",OL-injury / opp-pass-rush tags: nullable until OL lane lands
2023,NYG,7,3.3986,0.6914,"{'quick_game_rate': -0.0782, 'avg_air_yards_x10': 0.4551, 'shotgun_rate': -0.1341, 'early_down_pass_rate': -0.1261, 'no_huddle_rate': 0.0869}",OL-injury / opp-pass-rush tags: nullable until OL lane lands
2023,NYG,8,5.2135,0.8866,"{'quick_game_rate': 0.2359, 'avg_air_yards_x10': -0.5636, 'shotgun_rate': -0.1421, 'early_down_pass_rate': -0.3392, 'no_huddle_rate': -0.0693}",OL-injury / opp-pass-rush tags: nullable until OL lane lands
2023,NYG,9,1.6286,0.184,"{'quick_game_rate': -0.0621, 'avg_air_yards_x10': 0.3502, 'shotgun_rate': 0.0043, 'early_down_pass_rate': 0.0431, 'no_huddle_rate': 0.0791}",OL-injury / opp-pass-rush tags: nullable until OL lane lands
2023,NYG,10,0.9976,0.0762,"{'quick_game_rate': 0.0572, 'avg_air_yards_x10': -0.0712, 'shotgun_rate': 0.0117, 'early_down_pass_rate': 0.0212, 'no_huddle_rate': -0.0726}",OL-injury / opp-pass-rush tags: nullable until OL lane lands
2023,NYG,11,1.3421,0.119,"{'quick_game_rate': -0.0012, 'avg_air_yards_x10': 0.2707, 'shotgun_rate': -0.008, 'early_down_pass_rate': 0.0703, 'no_huddle_rate': 0.0642}",OL-injury / opp-pass-rush tags: nullable until OL lane lands
2023,NYG,12,2.0379,0.3141,"{'quick_game_rate': 0.062, 'avg_air_yards_x10': 0.0516, 'shotgun_rate': -0.0443, 'early_down_pass_rate': 0.0456, 'no_huddle_rate': -0.1615}",OL-injury / opp-pass-rush tags: nullable until OL lane lands
2023,NYG,14,2.3128,0.4108,"{'quick_game_rate': -0.0594, 'avg_air_yards_x10': -0.0395, 'shotgun_rate': 0.089, 'early_down_pass_rate': -0.2273, 'no_huddle_rate': -0.0762}",OL-injury / opp-pass-rush tags: nullable until OL lane lands
2023,NYG,15,2.6548,0.5223,"{'quick_game_rate': 0.016, 'avg_air_yards_x10': -0.0639, 'shotgun_rate': 0.2192, 'early_down_pass_rate': 0.1629, 'no_huddle_rate': -0.0797}",OL-injury / opp-pass-rush tags: nullable until OL lane lands
2023,NYG,16,1.5787,0.1747,"{'quick_game_rate': -0.0131, 'avg_air_yards_x10': 0.1476, 'shotgun_rate': 0.115, 'early_down_pass_rate': -0.05, 'no_huddle_rate': -0.0883}",OL-injury / opp-pass-rush tags: nullable until OL lane lands
2023,NYG,17,1.8121,0.2361,"{'quick_game_rate': 0.0461, 'avg_air_yards_x10': 0.1311, 'shotgun_rate': 0.0959, 'early_down_pass_rate': 0.1605, 'no_huddle_rate': -0.0605}",OL-injury / opp-pass-rush tags: nullable until OL lane lands
2023,NYG,18,2.1127,0.3364,"{'quick_game_rate': -0.0818, 'avg_air_yards_x10': 0.237, 'shotgun_rate': -0.0665, 'early_down_pass_rate': -0.0206, 'no_huddle_rate': -0.1322}",OL-injury / opp-pass-rush tags: nullable until OL lane lands
2023,NYJ,2,0.6783,0.0613,"{'quick_game_rate': -0.1678, 'avg_air_yards_x10': 0.5364, 'shotgun_rate': 0.2405, 'early_down_pass_rate': 0.2711, 'no_huddle_rate': 0.1137}",OL-injury / opp-pass-rush tags: nullable until OL lane lands
2023,NYJ,3,1.5805,0.1766,"{'quick_game_rate': 0.0359, 'avg_air_yards_x10': -0.0875, 'shotgun_rate': 0.1759, 'early_down_pass_rate': 0.0272, 'no_huddle_rate': -0.0098}",OL-injury / opp-pass-rush tags: nullable until OL lane lands
2023,NYJ,4,1.0999,0.0836,"{'quick_game_rate': 0.0195, 'avg_air_yards_x10': -0.0065, 'shotgun_rate': -0.053, 'early_down_pass_rate': 0.1091, 'no_huddle_rate': -0.003}",OL-injury / opp-pass-rush tags: nullable until OL lane lands
2023,NYJ,5,2.233,0.3885,"{'quick_game_rate': 0.0146, 'avg_air_yards_x10': -0.0549, 'shotgun_rate': -0.1362, 'early_down_pass_rate': -0.1973, 'no_huddle_rate': -0.0079}",OL-injury / opp-pass-rush tags: nullable until OL lane lands
2023,NYJ,6,3.2417,0.6691,"{'quick_game_rate': -0.1329, 'avg_air_yards_x10': 0.0448, 'shotgun_rate': 0.0462, 'early_down_pass_rate': 0.1066, 'no_huddle_rate': -0.0709}",OL-injury / opp-pass-rush tags: nullable until OL lane lands
2023,NYJ,8,1.5624,0.1654,"{'quick_game_rate': -0.076, 'avg_air_yards_x10': 0.0382, 'shotgun_rate': 0.0, 'early_down_pass_rate': 0.058, 'no_huddle_rate': -0.0423}",OL-injury / opp-pass-rush tags: nullable until OL lane lands
2023,NYJ,9,6.9556,0.9294,"{'quick_game_rate': 0.0572, 'avg_air_yards_x10': -0.0326, 'shotgun_rate': 0.1596, 'early_down_pass_rate': 0.1504, 'no_huddle_rate': 0.2759}",OL-injury / opp-pass-rush tags: nullable until OL lane lands
2023,NYJ,10,1.4707,0.1506,"{'quick_game_rate': 0.0241, 'avg_air_yards_x10': 0.1711, 'shotgun_rate': 0.0142, 'early_down_pass_rate': 0.0695, 'no_huddle_rate': -0.0399}",OL-injury / opp-pass-rush tags: nullable until OL lane lands
2023,NYJ,11,2.3964,0.4349,"{'quick_game_rate': 0.0964, 'avg_air_yards_x10': -0.1779, 'shotgun_rate': 0.1254, 'early_down_pass_rate': 0.0675, 'no_huddle_rate': 0.026}",OL-injury / opp-pass-rush tags: nullable until OL lane lands
2023,NYJ,12,5.9696,0.9089,"{'quick_game_rate': 0.2236, 'avg_air_yards_x10': -0.308, 'shotgun_rate': 0.1825, 'early_down_pass_rate': 0.1866, 'no_huddle_rate': 0.3402}",OL-injury / opp-pass-rush tags: nullable until OL lane lands
2023,NYJ,13,1.8969,0.2714,"{'quick_game_rate': -0.0073, 'avg_air_yards_x10': 0.1726, 'shotgun_rate': -0.1151, 'early_down_pass_rate': -0.1039, 'no_huddle_rate': -0.1017}",OL-injury / opp-pass-rush tags: nullable until OL lane lands
2023,NYJ,14,2.1908,0.3717,"{'quick_game_rate': -0.0052, 'avg_air_yards_x10': -0.0754, 'shotgun_rate': -0.2116, 'early_down_pass_rate': -0.0545, 'no_huddle_rate': -0.1081}",OL-injury / opp-pass-rush tags: nullable until OL lane lands
2023,NYJ,15,1.6835,0.1952,"{'quick_game_rate': -0.0731, 'avg_air_yards_x10': -0.0172, 'shotgun_rate': 0.0494, 'early_down_pass_rate': 0.1487, 'no_huddle_rate': -0.0453}",OL-injury / opp-pass-rush tags: nullable until OL lane lands
2023,NYJ,16,4.8722,0.8643,"{'quick_game_rate': 0.3094, 'avg_air_yards_x10': -0.4764, 'shotgun_rate': 0.0098, 'early_down_pass_rate': -0.0513, 'no_huddle_rate': -0.0371}",OL-injury / opp-pass-rush tags: nullable until OL lane lands
2023,NYJ,17,2.0756,0.3234,"{'quick_game_rate': 0.1187, 'avg_air_yards_x10': -0.311, 'shotgun_rate': 0.0308, 'early_down_pass_rate': 0.0515, 'no_huddle_rate': 0.053}",OL-injury / opp-pass-rush tags: nullable until OL lane lands
2023,NYJ,18,4.2125,0.7993,"{'quick_game_rate': -0.0554, 'avg_air_yards_x10': 0.1167, 'shotgun_rate': -0.2349, 'early_down_pass_rate': -0.3726, 'no_huddle_rate': -0.0974}",OL-injury / opp-pass-rush tags: nullable until OL lane lands
2023,PHI,2,0.3182,0.0297,"{'quick_game_rate': 0.1107, 'avg_air_yards_x10': -0.1017, 'shotgun_rate': -0.0067, 'early_down_pass_rate': -0.2804, 'no_huddle_rate': -0.0033}",OL-injury / opp-pass-rush tags: nullable until OL lane lands
2023,PHI,3,9.0544,0.948,"{'quick_game_rate': -0.1045, 'avg_air_yards_x10': -0.0309, 'shotgun_rate': -0.0274, 'early_down_pass_rate': 0.0013, 'no_huddle_rate': 0.0055}",OL-injury / opp-pass-rush tags: nullable until OL lane lands
2023,PHI,4,9.8683,0.9554,"{'quick_game_rate': -0.0696, 'avg_air_yards_x10': 0.1308, 'shotgun_rate': -0.0277, 'early_down_pass_rate': 0.0943, 'no_huddle_rate': 0.0263}",OL-injury / opp-pass-rush tags: nullable until OL lane lands
2023,PHI,5,4.663,0.8457,"{'quick_game_rate': 0.0424, 'avg_air_yards_x10': -0.1987, 'shotgun_rate': -0.0499, 'early_down_pass_rate': 0.0112, 'no_huddle_rate': 0.0227}",OL-injury / opp-pass-rush tags: nullable until OL lane lands
2023,PHI,6,4.8879,0.8662,"{'quick_game_rate': 0.0006, 'avg_air_yards_x10': -0.129, 'shotgun_rate': 0.0337, 'early_down_pass_rate': 0.1251, 'no_huddle_rate': -0.0599}",OL-injury / opp-pass-rush tags: nullable until OL lane lands
2023,PHI,7,2.8599,0.5762,"{'quick_game_rate': 0.0822, 'avg_air_yards_x10': -0.1809, 'shotgun_rate': -0.0044, 'early_down_pass_rate': 0.0027, 'no_huddle_rate': -0.0436}",OL-injury / opp-pass-rush tags: nullable until OL lane lands
2023,PHI,8,2.7567,0.5558,"{'quick_game_rate': 0.0221, 'avg_air_yards_x10': -0.0905, 'shotgun_rate': 0.0244, 'early_down_pass_rate': 0.0927, 'no_huddle_rate': -0.0618}",OL-injury / opp-pass-rush tags: nullable until OL lane lands
2023,PHI,9,3.5575,0.7268,"{'quick_game_rate': -0.0024, 'avg_air_yards_x10': -0.014, 'shotgun_rate': -0.047, 'early_down_pass_rate': -0.1307, 'no_huddle_rate': -0.0866}",OL-injury / opp-pass-rush tags: nullable until OL lane lands
2023,PHI,11,2.951,0.6078,"{'quick_game_rate': 0.0651, 'avg_air_yards_x10': -0.114, 'shotgun_rate': -0.0577, 'early_down_pass_rate': 0.0019, 'no_huddle_rate': -0.0493}",OL-injury / opp-pass-rush tags: nullable until OL lane lands
2023,PHI,12,2.4395,0.4572,"{'quick_game_rate': 0.0615, 'avg_air_yards_x10': -0.1534, 'shotgun_rate': 0.0181, 'early_down_pass_rate': -0.0734, 'no_huddle_rate': 0.0518}",OL-injury / opp-pass-rush tags: nullable until OL lane lands
2023,PHI,13,3.6033,0.7305,"{'quick_game_rate': -0.0758, 'avg_air_yards_x10': -0.119, 'shotgun_rate': -0.0217, 'early_down_pass_rate': 0.2025, 'no_huddle_rate': 0.0868}",OL-injury / opp-pass-rush tags: nullable until OL lane lands
2023,PHI,14,4.4345,0.8178,"{'quick_game_rate': -0.1291, 'avg_air_yards_x10': 0.204, 'shotgun_rate': 0.0081, 'early_down_pass_rate': -0.0573, 'no_huddle_rate': 0.1537}",OL-injury / opp-pass-rush tags: nullable until OL lane lands
2023,PHI,15,3.7141,0.7472,"{'quick_game_rate': -0.186, 'avg_air_yards_x10': 0.0935, 'shotgun_rate': -0.0073, 'early_down_pass_rate': -0.1369, 'no_huddle_rate': 0.0998}",OL-injury / opp-pass-rush tags: nullable until OL lane lands
2023,PHI,16,2.9813,0.6171,"{'quick_game_rate': 0.0896, 'avg_air_yards_x10': -0.3148, 'shotgun_rate': -0.0019, 'early_down_pass_rate': -0.0572, 'no_huddle_rate': 0.0085}",OL-injury / opp-pass-rush tags: nullable until OL lane lands
2023,PHI,17,3.3368,0.6784,"{'quick_game_rate': -0.1357, 'avg_air_yards_x10': 0.3062, 'shotgun_rate': -0.0406, 'early_down_pass_rate': -0.0676, 'no_huddle_rate': 0.0372}",OL-injury / opp-pass-rush tags: nullable until OL lane lands
2023,PHI,18,4.3017,0.8048,"{'quick_game_rate': -0.1272, 'avg_air_yards_x10': 0.1343, 'shotgun_rate': 0.053, 'early_down_pass_rate': 0.1046, 'no_huddle_rate': 0.1972}",OL-injury / opp-pass-rush tags: nullable until OL lane lands
2023,PHI,19,2.4773,0.4758,"{'quick_game_rate': 0.1184, 'avg_air_yards_x10': -0.0851, 'shotgun_rate': 0.0468, 'early_down_pass_rate': 0.1138, 'no_huddle_rate': -0.0015}",OL-injury / opp-pass-rush tags: nullable until OL lane lands
2023,PIT,2,0.4397,0.0446,"{'quick_game_rate': 0.0334, 'avg_air_yards_x10': -0.1533, 'shotgun_rate': -0.1941, 'early_down_pass_rate': -0.3055, 'no_huddle_rate': -0.1941}",OL-injury / opp-pass-rush tags: nullable until OL lane lands
2023,PIT,3,6.0275,0.9126,"{'quick_game_rate': -0.0857, 'avg_air_yards_x10': 0.1643, 'shotgun_rate': -0.1081, 'early_down_pass_rate': -0.2487, 'no_huddle_rate': -0.1194}",OL-injury / opp-pass-rush tags: nullable until OL lane lands
2023,PIT,4,1.999,0.3048,"{'quick_game_rate': 0.05, 'avg_air_yards_x10': -0.0833, 'shotgun_rate': 0.1081, 'early_down_pass_rate': -0.1098, 'no_huddle_rate': -0.0429}",OL-injury / opp-pass-rush tags: nullable until OL lane lands
2023,PIT,5,3.4949,0.71,"{'quick_game_rate': -0.0651, 'avg_air_yards_x10': 0.2692, 'shotgun_rate': -0.1055, 'early_down_pass_rate': -0.0919, 'no_huddle_rate': -0.0037}",OL-injury / opp-pass-rush tags: nullable until OL lane lands
2023,PIT,7,3.9615,0.7751,"{'quick_game_rate': -0.1609, 'avg_air_yards_x10': 0.1142, 'shotgun_rate': -0.1383, 'early_down_pass_rate': -0.0903, 'no_huddle_rate': -0.0465}",OL-injury / opp-pass-rush tags: nullable until OL lane lands
2023,PIT,8,1.918,0.2788,"{'quick_game_rate': -0.0655, 'avg_air_yards_x10': 0.1599, 'shotgun_rate': 0.0597, 'early_down_pass_rate': 0.1033, 'no_huddle_rate': 0.0498}",OL-injury / opp-pass-rush tags: nullable until OL lane lands
2023,PIT,9,3.7993,0.7602,"{'quick_game_rate': 0.2153, 'avg_air_yards_x10': -0.2463, 'shotgun_rate': 0.0383, 'early_down_pass_rate': -0.126, 'no_huddle_rate': -0.0675}",OL-injury / opp-pass-rush tags: nullable until OL lane lands
2023,PIT,10,3.6297,0.7342,"{'quick_game_rate': 0.1841, 'avg_air_yards_x10': -0.2793, 'shotgun_rate': -0.1798, 'early_down_pass_rate': -0.1879, 'no_huddle_rate': -0.0092}",OL-injury / opp-pass-rush tags: nullable until OL lane lands
2023,PIT,11,1.9129,0.2751,"{'quick_game_rate': -0.0321, 'avg_air_yards_x10': -0.1143, 'shotgun_rate': -0.1717, 'early_down_pass_rate': -0.0515, 'no_huddle_rate': -0.0213}",OL-injury / opp-pass-rush tags: nullable until OL lane lands
2023,PIT,12,1.4541,0.1487,"{'quick_game_rate': -0.0744, 'avg_air_yards_x10': 0.1391, 'shotgun_rate': -0.0029, 'early_down_pass_rate': -0.0811, 'no_huddle_rate': -0.042}",OL-injury / opp-pass-rush tags: nullable until OL lane lands
2023,PIT,13,1.8917,0.2677,"{'quick_game_rate': 0.0705, 'avg_air_yards_x10': 0.1069, 'shotgun_rate': -0.0712, 'early_down_pass_rate': -0.0932, 'no_huddle_rate': 0.0765}",OL-injury / opp-pass-rush tags: nullable until OL lane lands
2023,PIT,14,1.6261,0.1822,"{'quick_game_rate': 0.1387, 'avg_air_yards_x10': 0.0443, 'shotgun_rate': -0.0228, 'early_down_pass_rate': 0.0054, 'no_huddle_rate': -0.045}",OL-injury / opp-pass-rush tags: nullable until OL lane lands
2023,PIT,15,2.254,0.3922,"{'quick_game_rate': -0.0772, 'avg_air_yards_x10': 0.2725, 'shotgun_rate': 0.0042, 'early_down_pass_rate': -0.0591, 'no_huddle_rate': 0.0577}",OL-injury / opp-pass-rush tags: nullable until OL lane lands
2023,PIT,16,2.0923,0.3271,"{'quick_game_rate': -0.1258, 'avg_air_yards_x10': 0.1714, 'shotgun_rate': 0.0403, 'early_down_pass_rate': -0.0817, 'no_huddle_rate': -0.0588}",OL-injury / opp-pass-rush tags: nullable until OL lane lands
2023,PIT,17,2.8701,0.5836,"{'quick_game_rate': 0.1002, 'avg_air_yards_x10': -0.0039, 'shotgun_rate': -0.1639, 'early_down_pass_rate': -0.226, 'no_huddle_rate': -0.015}",OL-injury / opp-pass-rush tags: nullable until OL lane lands
2023,PIT,18,3.9953,0.7807,"{'quick_game_rate': 0.169, 'avg_air_yards_x10': -0.402, 'shotgun_rate': -0.1941, 'early_down_pass_rate': -0.1886, 'no_huddle_rate': -0.0211}",OL-injury / opp-pass-rush tags: nullable until OL lane lands
2023,PIT,19,0.9791,0.0743,"{'quick_game_rate': 0.0116, 'avg_air_yards_x10': 0.0038, 'shotgun_rate': 0.0588, 'early_down_pass_rate': 0.0999, 'no_huddle_rate': -0.0054}",OL-injury / opp-pass-rush tags: nullable until OL lane lands
2023,SEA,2,0.3502,0.0316,"{'quick_game_rate': -0.1038, 'avg_air_yards_x10': 0.159, 'shotgun_rate': -0.2398, 'early_down_pass_rate': 0.0606, 'no_huddle_rate': -0.1594}",OL-injury / opp-pass-rush tags: nullable until OL lane lands
2023,SEA,3,5.1539,0.8829,"{'quick_game_rate': -0.1852, 'avg_air_yards_x10': 0.257, 'shotgun_rate': -0.0361, 'early_down_pass_rate': -0.0068, 'no_huddle_rate': -0.1435}",OL-injury / opp-pass-rush tags: nullable until OL lane lands
2023,SEA,4,3.6701,0.7379,"{'quick_game_rate': -0.0787, 'avg_air_yards_x10': -0.1613, 'shotgun_rate': -0.1908, 'early_down_pass_rate': -0.055, 'no_huddle_rate': -0.1594}",OL-injury / opp-pass-rush tags: nullable until OL lane lands
2023,SEA,6,1.8846,0.2602,"{'quick_game_rate': -0.0083, 'avg_air_yards_x10': 0.2281, 'shotgun_rate': 0.0454, 'early_down_pass_rate': 0.0258, 'no_huddle_rate': -0.0158}",OL-injury / opp-pass-rush tags: nullable until OL lane lands
2023,SEA,7,6.7502,0.9238,"{'quick_game_rate': -0.2271, 'avg_air_yards_x10': 0.2952, 'shotgun_rate': -0.0481, 'early_down_pass_rate': -0.1758, 'no_huddle_rate': -0.0829}",OL-injury / opp-pass-rush tags: nullable until OL lane lands
2023,SEA,8,2.3451,0.4182,"{'quick_game_rate': 0.0055, 'avg_air_yards_x10': 0.0594, 'shotgun_rate': -0.046, 'early_down_pass_rate': 0.1549, 'no_huddle_rate': 0.0619}",OL-injury / opp-pass-rush tags: nullable until OL lane lands
2023,SEA,9,1.6861,0.2007,"{'quick_game_rate': -0.0889, 'avg_air_yards_x10': 0.0655, 'shotgun_rate': 0.1199, 'early_down_pass_rate': 0.05, 'no_huddle_rate': 0.0016}",OL-injury / opp-pass-rush tags: nullable until OL lane lands
2023,SEA,10,1.7669,0.2249,"{'quick_game_rate': 0.138, 'avg_air_yards_x10': -0.1205, 'shotgun_rate': 0.0459, 'early_down_pass_rate': 0.0542, 'no_huddle_rate': 0.0136}",OL-injury / opp-pass-rush tags: nullable until OL lane lands
2023,SEA,11,1.6375,0.1877,"{'quick_game_rate': 0.0525, 'avg_air_yards_x10': 0.1193, 'shotgun_rate': 0.0278, 'early_down_pass_rate': 0.0756, 'no_huddle_rate': -0.0703}",OL-injury / opp-pass-rush tags: nullable until OL lane lands
2023,SEA,12,4.1485,0.7974,"{'quick_game_rate': -0.158, 'avg_air_yards_x10': 0.3507, 'shotgun_rate': 0.1229, 'early_down_pass_rate': 0.0258, 'no_huddle_rate': 0.2066}",OL-injury / opp-pass-rush tags: nullable until OL lane lands
2023,SEA,13,1.9219,0.2825,"{'quick_game_rate': 0.0981, 'avg_air_yards_x10': -0.1778, 'shotgun_rate': -0.0577, 'early_down_pass_rate': 0.0391, 'no_huddle_rate': -0.1006}",OL-injury / opp-pass-rush tags: nullable until OL lane lands
2023,SEA,14,1.0393,0.0781,"{'quick_game_rate': 0.031, 'avg_air_yards_x10': 0.0176, 'shotgun_rate': -0.0747, 'early_down_pass_rate': 0.0069, 'no_huddle_rate': -0.0486}",OL-injury / opp-pass-rush tags: nullable until OL lane lands
2023,SEA,15,1.6959,0.2063,"{'quick_game_rate': 0.1186, 'avg_air_yards_x10': 0.0067, 'shotgun_rate': -0.0918, 'early_down_pass_rate': 0.0165, 'no_huddle_rate': 0.055}",OL-injury / opp-pass-rush tags: nullable until OL lane lands
2023,SEA,16,1.9962,0.3011,"{'quick_game_rate': -0.107, 'avg_air_yards_x10': -0.0978, 'shotgun_rate': 0.0905, 'early_down_pass_rate': 0.0341, 'no_huddle_rate': 0.0983}",OL-injury / opp-pass-rush tags: nullable until OL lane lands
2023,SEA,17,1.8287,0.2472,"{'quick_game_rate': 0.0264, 'avg_air_yards_x10': -0.0539, 'shotgun_rate': -0.0416, 'early_down_pass_rate': 0.1115, 'no_huddle_rate': -0.0166}",OL-injury / opp-pass-rush tags: nullable until OL lane lands
2023,SEA,18,1.7277,0.2156,"{'quick_game_rate': 0.0453, 'avg_air_yards_x10': -0.1217, 'shotgun_rate': -0.0969, 'early_down_pass_rate': -0.0499, 'no_huddle_rate': -0.0503}",OL-injury / opp-pass-rush tags: nullable until OL lane lands
2023,SF,2,0.1358,0.0056,"{'quick_game_rate': 0.0262, 'avg_air_yards_x10': 0.0695, 'shotgun_rate': 0.1108, 'early_down_pass_rate': 0.0133, 'no_huddle_rate': 0.0218}",OL-injury / opp-pass-rush tags: nullable until OL lane lands
2023,SF,3,15.9388,0.9777,"{'quick_game_rate': 0.1407, 'avg_air_yards_x10': -0.3773, 'shotgun_rate': -0.0211, 'early_down_pass_rate': 0.0302, 'no_huddle_rate': 0.0002}",OL-injury / opp-pass-rush tags: nullable until OL lane lands
2023,SF,4,4.3573,0.8123,"{'quick_game_rate': 0.05, 'avg_air_yards_x10': 0.1184, 'shotgun_rate': 0.0114, 'early_down_pass_rate': -0.0453, 'no_huddle_rate': -0.0269}",OL-injury / opp-pass-rush tags: nullable until OL lane lands
2023,SF,5,4.8386,0.8606,"{'quick_game_rate': -0.0863, 'avg_air_yards_x10': 0.0709, 'shotgun_rate': -0.1082, 'early_down_pass_rate': -0.0821, 'no_huddle_rate': -0.0201}",OL-injury / opp-pass-rush tags: nullable until OL lane lands
2023,SF,6,4.0224,0.7825,"{'quick_game_rate': -0.0459, 'avg_air_yards_x10': 0.1743, 'shotgun_rate': -0.1263, 'early_down_pass_rate': 0.119, 'no_huddle_rate': 0.0028}",OL-injury / opp-pass-rush tags: nullable until OL lane lands
2023,SF,7,3.5031,0.7138,"{'quick_game_rate': 0.0214, 'avg_air_yards_x10': 0.0147, 'shotgun_rate': 0.0317, 'early_down_pass_rate': 0.1724, 'no_huddle_rate': 0.0226}",OL-injury / opp-pass-rush tags: nullable until OL lane lands
2023,SF,8,3.2431,0.671,"{'quick_game_rate': -0.0128, 'avg_air_yards_x10': 0.0526, 'shotgun_rate': 0.0782, 'early_down_pass_rate': 0.155, 'no_huddle_rate': 0.0338}",OL-injury / opp-pass-rush tags: nullable until OL lane lands
2023,SF,10,2.7626,0.5576,"{'quick_game_rate': 0.1086, 'avg_air_yards_x10': -0.1678, 'shotgun_rate': -0.0312, 'early_down_pass_rate': -0.0041, 'no_huddle_rate': -0.024}",OL-injury / opp-pass-rush tags: nullable until OL lane lands
2023,SF,11,2.3814,0.4294,"{'quick_game_rate': 0.1251, 'avg_air_yards_x10': -0.0023, 'shotgun_rate': 0.0249, 'early_down_pass_rate': 0.019, 'no_huddle_rate': -0.0214}",OL-injury / opp-pass-rush tags: nullable until OL lane lands
2023,SF,12,2.1875,0.3699,"{'quick_game_rate': -0.068, 'avg_air_yards_x10': 0.0939, 'shotgun_rate': -0.0854, 'early_down_pass_rate': -0.0406, 'no_huddle_rate': -0.0192}",OL-injury / opp-pass-rush tags: nullable until OL lane lands
2023,SF,13,1.8915,0.2658,"{'quick_game_rate': -0.0368, 'avg_air_yards_x10': -0.1591, 'shotgun_rate': 0.0415, 'early_down_pass_rate': -0.0474, 'no_huddle_rate': -0.0175}",OL-injury / opp-pass-rush tags: nullable until OL lane lands
2023,SF,14,2.8306,0.5669,"{'quick_game_rate': -0.1078, 'avg_air_yards_x10': 0.206, 'shotgun_rate': 0.0874, 'early_down_pass_rate': 0.0126, 'no_huddle_rate': -0.016}",OL-injury / opp-pass-rush tags: nullable until OL lane lands
2023,SF,15,4.451,0.8253,"{'quick_game_rate': -0.1736, 'avg_air_yards_x10': 0.4791, 'shotgun_rate': -0.0626, 'early_down_pass_rate': 0.0011, 'no_huddle_rate': 0.0048}",OL-injury / opp-pass-rush tags: nullable until OL lane lands
2023,SF,16,5.4983,0.8959,"{'quick_game_rate': 0.0642, 'avg_air_yards_x10': -0.1906, 'shotgun_rate': 0.0988, 'early_down_pass_rate': 0.21, 'no_huddle_rate': 0.0731}",OL-injury / opp-pass-rush tags: nullable until OL lane lands
2023,SF,17,1.9884,0.2974,"{'quick_game_rate': 0.1096, 'avg_air_yards_x10': -0.1352, 'shotgun_rate': 0.0075, 'early_down_pass_rate': -0.0796, 'no_huddle_rate': -0.02}",OL-injury / opp-pass-rush tags: nullable until OL lane lands
2023,SF,18,1.3041,0.1059,"{'quick_game_rate': 0.0514, 'avg_air_yards_x10': 0.1777, 'shotgun_rate': 0.0287, 'early_down_pass_rate': 0.0258, 'no_huddle_rate': -0.0009}",OL-injury / opp-pass-rush tags: nullable until OL lane lands
2023,SF,20,2.1038,0.3346,"{'quick_game_rate': -0.0242, 'avg_air_yards_x10': -0.0223, 'shotgun_rate': 0.0776, 'early_down_pass_rate': 0.1219, 'no_huddle_rate': -0.0187}",OL-injury / opp-pass-rush tags: nullable until OL lane lands
2023,SF,21,1.2639,0.0967,"{'quick_game_rate': 0.0136, 'avg_air_yards_x10': 0.0734, 'shotgun_rate': -0.0733, 'early_down_pass_rate': -0.0128, 'no_huddle_rate': -0.0021}",OL-injury / opp-pass-rush tags: nullable until OL lane lands
2023,SF,22,1.2099,0.0892,"{'quick_game_rate': 0.0162, 'avg_air_yards_x10': -0.0254, 'shotgun_rate': -0.0734, 'early_down_pass_rate': 0.0159, 'no_huddle_rate': -0.0033}",OL-injury / opp-pass-rush tags: nullable until OL lane lands
2023,TB,2,0.1259,0.0037,"{'quick_game_rate': 0.0294, 'avg_air_yards_x10': 0.0, 'shotgun_rate': 0.0676, 'early_down_pass_rate': -0.08, 'no_huddle_rate': -0.0634}",OL-injury / opp-pass-rush tags: nullable until OL lane lands
2023,TB,3,7.5836,0.9368,"{'quick_game_rate': -0.0747, 'avg_air_yards_x10': 0.3148, 'shotgun_rate': 0.1388, 'early_down_pass_rate': 0.0694, 'no_huddle_rate': -0.1085}",OL-injury / opp-pass-rush tags: nullable until OL lane lands
2023,TB,4,6.8218,0.9257,"{'quick_game_rate': 0.2375, 'avg_air_yards_x10': -0.2734, 'shotgun_rate': -0.0801, 'early_down_pass_rate': 0.0369, 'no_huddle_rate': -0.0398}",OL-injury / opp-pass-rush tags: nullable until OL lane lands
2023,TB,6,4.67,0.8476,"{'quick_game_rate': -0.1708, 'avg_air_yards_x10': 0.4195, 'shotgun_rate': 0.1421, 'early_down_pass_rate': 0.1327, 'no_huddle_rate': 0.0043}",OL-injury / opp-pass-rush tags: nullable until OL lane lands
2023,TB,7,3.122,0.645,"{'quick_game_rate': 0.0088, 'avg_air_yards_x10': -0.1045, 'shotgun_rate': 0.123, 'early_down_pass_rate': 0.1674, 'no_huddle_rate': -0.0451}",OL-injury / opp-pass-rush tags: nullable until OL lane lands
2023,TB,8,2.6618,0.526,"{'quick_game_rate': 0.0073, 'avg_air_yards_x10': -0.1157, 'shotgun_rate': 0.2073, 'early_down_pass_rate': 0.1054, 'no_huddle_rate': -0.0033}",OL-injury / opp-pass-rush tags: nullable until OL lane lands
2023,TB,9,2.161,0.3569,"{'quick_game_rate': 0.0825, 'avg_air_yards_x10': 0.0523, 'shotgun_rate': -0.0739, 'early_down_pass_rate': -0.1243, 'no_huddle_rate': -0.052}",OL-injury / opp-pass-rush tags: nullable until OL lane lands
2023,TB,10,3.8475,0.7695,"{'quick_game_rate': -0.2519, 'avg_air_yards_x10': 0.3692, 'shotgun_rate': 0.1154, 'early_down_pass_rate': -0.1019, 'no_huddle_rate': -0.0598}",OL-injury / opp-pass-rush tags: nullable until OL lane lands
2023,TB,11,2.8638,0.5799,"{'quick_game_rate': 0.0113, 'avg_air_yards_x10': 0.0292, 'shotgun_rate': 0.2132, 'early_down_pass_rate': 0.1589, 'no_huddle_rate': 0.0499}",OL-injury / opp-pass-rush tags: nullable until OL lane lands
2023,TB,12,1.443,0.145,"{'quick_game_rate': 0.0474, 'avg_air_yards_x10': -0.2137, 'shotgun_rate': 0.0798, 'early_down_pass_rate': 0.0589, 'no_huddle_rate': -0.0006}",OL-injury / opp-pass-rush tags: nullable until OL lane lands
2023,TB,13,2.7397,0.5502,"{'quick_game_rate': -0.195, 'avg_air_yards_x10': 0.224, 'shotgun_rate': 0.0228, 'early_down_pass_rate': -0.1172, 'no_huddle_rate': -0.0557}",OL-injury / opp-pass-rush tags: nullable until OL lane lands
2023,TB,14,2.4786,0.4777,"{'quick_game_rate': -0.0407, 'avg_air_yards_x10': 0.0984, 'shotgun_rate': 0.1524, 'early_down_pass_rate': -0.1715, 'no_huddle_rate': -0.0413}",OL-injury / opp-pass-rush tags: nullable until OL lane lands
2023,TB,15,1.7416,0.2193,"{'quick_game_rate': -0.1288, 'avg_air_yards_x10': 0.0186, 'shotgun_rate': 0.1219, 'early_down_pass_rate': -0.0333, 'no_huddle_rate': -0.0319}",OL-injury / opp-pass-rush tags: nullable until OL lane lands
2023,TB,16,1.9031,0.2732,"{'quick_game_rate': -0.0196, 'avg_air_yards_x10': -0.232, 'shotgun_rate': 0.097, 'early_down_pass_rate': -0.1109, 'no_huddle_rate': 0.0187}",OL-injury / opp-pass-rush tags: nullable until OL lane lands
2023,TB,17,3.4079,0.6933,"{'quick_game_rate': 0.1004, 'avg_air_yards_x10': -0.0042, 'shotgun_rate': 0.2019, 'early_down_pass_rate': 0.1515, 'no_huddle_rate': 0.0974}",OL-injury / opp-pass-rush tags: nullable until OL lane lands
2023,TB,18,1.938,0.2844,"{'quick_game_rate': 0.1121, 'avg_air_yards_x10': -0.0894, 'shotgun_rate': -0.1605, 'early_down_pass_rate': -0.0113, 'no_huddle_rate': -0.0395}",OL-injury / opp-pass-rush tags: nullable until OL lane lands
2023,TB,19,1.9148,0.277,"{'quick_game_rate': 0.0117, 'avg_air_yards_x10': 0.0263, 'shotgun_rate': -0.0311, 'early_down_pass_rate': 0.0337, 'no_huddle_rate': -0.0863}",OL-injury / opp-pass-rush tags: nullable until OL lane lands
2023,TB,20,2.6581,0.5242,"{'quick_game_rate': -0.0255, 'avg_air_yards_x10': -0.0668, 'shotgun_rate': 0.1785, 'early_down_pass_rate': 0.1892, 'no_huddle_rate': 0.0496}",OL-injury / opp-pass-rush tags: nullable until OL lane lands
2023,TEN,2,0.2665,0.0186,"{'quick_game_rate': 0.1593, 'avg_air_yards_x10': -0.0326, 'shotgun_rate': -0.1044, 'early_down_pass_rate': -0.1654, 'no_huddle_rate': 0.0794}",OL-injury / opp-pass-rush tags: nullable until OL lane lands
2023,TEN,3,8.1327,0.9424,"{'quick_game_rate': 0.018, 'avg_air_yards_x10': 0.1205, 'shotgun_rate': 0.1637, 'early_down_pass_rate': 0.0607, 'no_huddle_rate': -0.0397}",OL-injury / opp-pass-rush tags: nullable until OL lane lands
2023,TEN,4,4.6589,0.8439,"{'quick_game_rate': -0.0449, 'avg_air_yards_x10': 0.2528, 'shotgun_rate': 0.0823, 'early_down_pass_rate': -0.0907, 'no_huddle_rate': -0.0096}",OL-injury / opp-pass-rush tags: nullable until OL lane lands
2023,TEN,5,2.4022,0.4387,"{'quick_game_rate': -0.0156, 'avg_air_yards_x10': -0.1988, 'shotgun_rate': -0.1135, 'early_down_pass_rate': 0.0796, 'no_huddle_rate': -0.0062}",OL-injury / opp-pass-rush tags: nullable until OL lane lands
2023,TEN,6,3.9947,0.7788,"{'quick_game_rate': -0.168, 'avg_air_yards_x10': -0.1496, 'shotgun_rate': 0.0295, 'early_down_pass_rate': 0.0295, 'no_huddle_rate': 0.0642}",OL-injury / opp-pass-rush tags: nullable until OL lane lands
2023,TEN,8,2.1781,0.3662,"{'quick_game_rate': 0.0915, 'avg_air_yards_x10': 0.1796, 'shotgun_rate': -0.0779, 'early_down_pass_rate': -0.0514, 'no_huddle_rate': 0.0141}",OL-injury / opp-pass-rush tags: nullable until OL lane lands
2023,TEN,9,2.191,0.3736,"{'quick_game_rate': -0.0177, 'avg_air_yards_x10': 0.0744, 'shotgun_rate': 0.0931, 'early_down_pass_rate': 0.1147, 'no_huddle_rate': 0.0093}",OL-injury / opp-pass-rush tags: nullable until OL lane lands
2023,TEN,10,3.8112,0.7658,"{'quick_game_rate': -0.1288, 'avg_air_yards_x10': 0.1796, 'shotgun_rate': 0.096, 'early_down_pass_rate': 0.147, 'no_huddle_rate': 0.065}",OL-injury / opp-pass-rush tags: nullable until OL lane lands
2023,TEN,11,3.0294,0.6264,"{'quick_game_rate': 0.166, 'avg_air_yards_x10': -0.2067, 'shotgun_rate': -0.0891, 'early_down_pass_rate': -0.0307, 'no_huddle_rate': -0.0439}",OL-injury / opp-pass-rush tags: nullable until OL lane lands
2023,TEN,12,2.4741,0.4703,"{'quick_game_rate': -0.1425, 'avg_air_yards_x10': -0.1091, 'shotgun_rate': -0.1414, 'early_down_pass_rate': -0.0354, 'no_huddle_rate': 0.0013}",OL-injury / opp-pass-rush tags: nullable until OL lane lands
2023,TEN,13,1.6976,0.2082,"{'quick_game_rate': -0.0017, 'avg_air_yards_x10': -0.0706, 'shotgun_rate': -0.0762, 'early_down_pass_rate': -0.0704, 'no_huddle_rate': 0.0354}",OL-injury / opp-pass-rush tags: nullable until OL lane lands
2023,TEN,14,2.1595,0.355,"{'quick_game_rate': 0.048, 'avg_air_yards_x10': 0.0, 'shotgun_rate': 0.1288, 'early_down_pass_rate': 0.0472, 'no_huddle_rate': 0.047}",OL-injury / opp-pass-rush tags: nullable until OL lane lands
2023,TEN,15,4.5449,0.8346,"{'quick_game_rate': -0.0448, 'avg_air_yards_x10': 0.5782, 'shotgun_rate': 0.0085, 'early_down_pass_rate': -0.0356, 'no_huddle_rate': -0.0303}",OL-injury / opp-pass-rush tags: nullable until OL lane lands
2023,TEN,16,2.5017,0.4907,"{'quick_game_rate': 0.0738, 'avg_air_yards_x10': -0.4593, 'shotgun_rate': -0.008, 'early_down_pass_rate': -0.0011, 'no_huddle_rate': 0.0036}",OL-injury / opp-pass-rush tags: nullable until OL lane lands
2023,TEN,17,4.2134,0.8011,"{'quick_game_rate': 0.2997, 'avg_air_yards_x10': -0.271, 'shotgun_rate': 0.0369, 'early_down_pass_rate': 0.0124, 'no_huddle_rate': 0.0689}",OL-injury / opp-pass-rush tags: nullable until OL lane lands
2023,TEN,18,2.9653,0.6097,"{'quick_game_rate': 0.1427, 'avg_air_yards_x10': -0.4167, 'shotgun_rate': -0.1545, 'early_down_pass_rate': -0.014, 'no_huddle_rate': 0.0102}",OL-injury / opp-pass-rush tags: nullable until OL lane lands
2023,WAS,2,0.2667,0.0204,"{'quick_game_rate': 0.2026, 'avg_air_yards_x10': -0.1483, 'shotgun_rate': 0.0647, 'early_down_pass_rate': 0.0605, 'no_huddle_rate': -0.0159}",OL-injury / opp-pass-rush tags: nullable until OL lane lands
2023,WAS,3,12.9418,0.9684,"{'quick_game_rate': 0.0633, 'avg_air_yards_x10': 0.0456, 'shotgun_rate': 0.0977, 'early_down_pass_rate': 0.1194, 'no_huddle_rate': 0.0948}",OL-injury / opp-pass-rush tags: nullable until OL lane lands
2023,WAS,4,4.7233,0.8513,"{'quick_game_rate': -0.0217, 'avg_air_yards_x10': 0.2966, 'shotgun_rate': -0.0464, 'early_down_pass_rate': -0.0166, 'no_huddle_rate': -0.0133}",OL-injury / opp-pass-rush tags: nullable until OL lane lands
2023,WAS,5,5.1524,0.881,"{'quick_game_rate': 0.0449, 'avg_air_yards_x10': 0.0062, 'shotgun_rate': 0.0424, 'early_down_pass_rate': 0.2255, 'no_huddle_rate': 0.1107}",OL-injury / opp-pass-rush tags: nullable until OL lane lands
2023,WAS,6,2.6106,0.5186,"{'quick_game_rate': -0.0348, 'avg_air_yards_x10': 0.1959, 'shotgun_rate': -0.0384, 'early_down_pass_rate': -0.1822, 'no_huddle_rate': -0.0315}",OL-injury / opp-pass-rush tags: nullable until OL lane lands
2023,WAS,7,2.4388,0.4554,"{'quick_game_rate': -0.1263, 'avg_air_yards_x10': 0.1131, 'shotgun_rate': -0.0355, 'early_down_pass_rate': -0.0056, 'no_huddle_rate': -0.0531}",OL-injury / opp-pass-rush tags: nullable until OL lane lands
2023,WAS,8,2.1432,0.3439,"{'quick_game_rate': 0.0685, 'avg_air_yards_x10': -0.0546, 'shotgun_rate': -0.055, 'early_down_pass_rate': 0.1218, 'no_huddle_rate': -0.0459}",OL-injury / opp-pass-rush tags: nullable until OL lane lands
2023,WAS,9,2.4659,0.4684,"{'quick_game_rate': 0.1022, 'avg_air_yards_x10': 0.0594, 'shotgun_rate': -0.0847, 'early_down_pass_rate': -0.0425, 'no_huddle_rate': -0.0284}",OL-injury / opp-pass-rush tags: nullable until OL lane lands
2023,WAS,10,3.4646,0.7045,"{'quick_game_rate': 0.1273, 'avg_air_yards_x10': -0.3028, 'shotgun_rate': -0.0779, 'early_down_pass_rate': 0.0631, 'no_huddle_rate': -0.0023}",OL-injury / opp-pass-rush tags: nullable until OL lane lands
2023,WAS,11,2.7546,0.5539,"{'quick_game_rate': 0.0781, 'avg_air_yards_x10': -0.1102, 'shotgun_rate': -0.0778, 'early_down_pass_rate': -0.0353, 'no_huddle_rate': 0.0916}",OL-injury / opp-pass-rush tags: nullable until OL lane lands
2023,WAS,12,2.1589,0.3532,"{'quick_game_rate': -0.1426, 'avg_air_yards_x10': 0.0398, 'shotgun_rate': -0.05, 'early_down_pass_rate': -0.0722, 'no_huddle_rate': -0.0196}",OL-injury / opp-pass-rush tags: nullable until OL lane lands
2023,WAS,13,4.5157,0.8327,"{'quick_game_rate': 0.0046, 'avg_air_yards_x10': 0.0973, 'shotgun_rate': -0.1913, 'early_down_pass_rate': -0.2348, 'no_huddle_rate': -0.058}",OL-injury / opp-pass-rush tags: nullable until OL lane lands
2023,WAS,15,2.0415,0.316,"{'quick_game_rate': -0.0174, 'avg_air_yards_x10': 0.2401, 'shotgun_rate': -0.0592, 'early_down_pass_rate': -0.0373, 'no_huddle_rate': 0.0167}",OL-injury / opp-pass-rush tags: nullable until OL lane lands
2023,WAS,16,2.9981,0.6208,"{'quick_game_rate': 0.1409, 'avg_air_yards_x10': -0.2253, 'shotgun_rate': -0.1028, 'early_down_pass_rate': -0.0466, 'no_huddle_rate': -0.0547}",OL-injury / opp-pass-rush tags: nullable until OL lane lands
2023,WAS,17,1.3984,0.1301,"{'quick_game_rate': 0.0458, 'avg_air_yards_x10': -0.1588, 'shotgun_rate': -0.0526, 'early_down_pass_rate': -0.0152, 'no_huddle_rate': -0.0046}",OL-injury / opp-pass-rush tags: nullable until OL lane lands
2023,WAS,18,2.4402,0.4591,"{'quick_game_rate': 0.1144, 'avg_air_yards_x10': -0.2132, 'shotgun_rate': -0.0667, 'early_down_pass_rate': 0.0268, 'no_huddle_rate': -0.0508}",OL-injury / opp-pass-rush tags: nullable until OL lane lands
2024,ARI,2,0.5782,0.0595,"{'quick_game_rate': -0.1044, 'avg_air_yards_x10': 0.4029, 'shotgun_rate': -0.3016, 'early_down_pass_rate': -0.2641, 'no_huddle_rate': -0.0183}",OL-injury / opp-pass-rush tags: nullable until OL lane lands
2024,ARI,3,11.0136,0.9628,"{'quick_game_rate': -0.1755, 'avg_air_yards_x10': 0.3736, 'shotgun_rate': 0.0744, 'early_down_pass_rate': 0.1972, 'no_huddle_rate': 0.0934}",OL-injury / opp-pass-rush tags: nullable until OL lane lands
2024,ARI,4,3.9464,0.7807,"{'quick_game_rate': 0.121, 'avg_air_yards_x10': -0.3103, 'shotgun_rate': 0.0001, 'early_down_pass_rate': -0.1024, 'no_huddle_rate': 0.1527}",OL-injury / opp-pass-rush tags: nullable until OL lane lands
2024,ARI,5,1.7352,0.2156,"{'quick_game_rate': -0.0001, 'avg_air_yards_x10': -0.1245, 'shotgun_rate': 0.0081, 'early_down_pass_rate': 0.0141, 'no_huddle_rate': -0.1269}",OL-injury / opp-pass-rush tags: nullable until OL lane lands
2024,ARI,6,2.2751,0.4201,"{'quick_game_rate': 0.0624, 'avg_air_yards_x10': -0.2396, 'shotgun_rate': 0.0337, 'early_down_pass_rate': 0.1022, 'no_huddle_rate': 0.1392}",OL-injury / opp-pass-rush tags: nullable until OL lane lands
2024,ARI,7,1.9315,0.2955,"{'quick_game_rate': -0.0105, 'avg_air_yards_x10': -0.2497, 'shotgun_rate': -0.1275, 'early_down_pass_rate': -0.0168, 'no_huddle_rate': -0.0681}",OL-injury / opp-pass-rush tags: nullable until OL lane lands
2024,ARI,8,0.6176,0.0632,"{'quick_game_rate': 0.0188, 'avg_air_yards_x10': -0.0029, 'shotgun_rate': 0.0289, 'early_down_pass_rate': 0.0477, 'no_huddle_rate': 0.014}",OL-injury / opp-pass-rush tags: nullable until OL lane lands
2024,ARI,9,2.4241,0.4926,"{'quick_game_rate': 0.0886, 'avg_air_yards_x10': -0.1337, 'shotgun_rate': -0.1096, 'early_down_pass_rate': -0.1372, 'no_huddle_rate': -0.0631}",OL-injury / opp-pass-rush tags: nullable until OL lane lands
2024,ARI,10,1.9259,0.2937,"{'quick_game_rate': 0.0621, 'avg_air_yards_x10': -0.2863, 'shotgun_rate': -0.0259, 'early_down_pass_rate': -0.0357, 'no_huddle_rate': -0.074}",OL-injury / opp-pass-rush tags: nullable until OL lane lands
2024,ARI,12,2.8657,0.6301,"{'quick_game_rate': 0.0402, 'avg_air_yards_x10': 0.0501, 'shotgun_rate': 0.1195, 'early_down_pass_rate': 0.2304, 'no_huddle_rate': 0.0584}",OL-injury / opp-pass-rush tags: nullable until OL lane lands
2024,ARI,13,1.0817,0.0911,"{'quick_game_rate': 0.0371, 'avg_air_yards_x10': -0.0293, 'shotgun_rate': -0.0154, 'early_down_pass_rate': 0.0854, 'no_huddle_rate': -0.0418}",OL-injury / opp-pass-rush tags: nullable until OL lane lands
2024,ARI,14,3.4649,0.7212,"{'quick_game_rate': 0.15, 'avg_air_yards_x10': -0.3091, 'shotgun_rate': 0.0504, 'early_down_pass_rate': 0.1142, 'no_huddle_rate': 0.134}",OL-injury / opp-pass-rush tags: nullable until OL lane lands
2024,ARI,15,2.5908,0.5613,"{'quick_game_rate': 0.1731, 'avg_air_yards_x10': -0.1548, 'shotgun_rate': 0.0427, 'early_down_pass_rate': -0.0805, 'no_huddle_rate': 0.0308}",OL-injury / opp-pass-rush tags: nullable until OL lane lands
2024,ARI,16,1.1808,0.1097,"{'quick_game_rate': -0.0893, 'avg_air_yards_x10': -0.0187, 'shotgun_rate': -0.0041, 'early_down_pass_rate': 0.0294, 'no_huddle_rate': -0.0372}",OL-injury / opp-pass-rush tags: nullable until OL lane lands
2024,ARI,17,1.7148,0.2119,"{'quick_game_rate': 0.0312, 'avg_air_yards_x10': -0.0175, 'shotgun_rate': 0.0251, 'early_down_pass_rate': 0.1545, 'no_huddle_rate': -0.06}",OL-injury / opp-pass-rush tags: nullable until OL lane lands
2024,ARI,18,1.2766,0.1227,"{'quick_game_rate': 0.0173, 'avg_air_yards_x10': -0.048, 'shotgun_rate': -0.0689, 'early_down_pass_rate': 0.0178, 'no_huddle_rate': -0.0628}",OL-injury / opp-pass-rush tags: nullable until OL lane lands
2024,ATL,2,0.531,0.0539,"{'quick_game_rate': -0.0717, 'avg_air_yards_x10': 0.2503, 'shotgun_rate': -0.4613, 'early_down_pass_rate': -0.0227, 'no_huddle_rate': 0.0297}",OL-injury / opp-pass-rush tags: nullable until OL lane lands
2024,ATL,3,7.5625,0.9312,"{'quick_game_rate': 0.0675, 'avg_air_yards_x10': -0.1231, 'shotgun_rate': -0.1005, 'early_down_pass_rate': 0.0463, 'no_huddle_rate': -0.0889}",OL-injury / opp-pass-rush tags: nullable until OL lane lands
2024,ATL,4,6.0959,0.9015,"{'quick_game_rate': -0.0781, 'avg_air_yards_x10': 0.3159, 'shotgun_rate': 0.0104, 'early_down_pass_rate': 0.1209, 'no_huddle_rate': -0.0343}",OL-injury / opp-pass-rush tags: nullable until OL lane lands
2024,ATL,5,4.4991,0.8327,"{'quick_game_rate': -0.0485, 'avg_air_yards_x10': 0.0541, 'shotgun_rate': 0.2317, 'early_down_pass_rate': 0.1915, 'no_huddle_rate': 0.0972}",OL-injury / opp-pass-rush tags: nullable until OL lane lands
2024,ATL,6,2.0388,0.3327,"{'quick_game_rate': 0.0226, 'avg_air_yards_x10': -0.1272, 'shotgun_rate': -0.0563, 'early_down_pass_rate': -0.1575, 'no_huddle_rate': -0.0243}",OL-injury / opp-pass-rush tags: nullable until OL lane lands
2024,ATL,7,2.1727,0.3866,"{'quick_game_rate': 0.0188, 'avg_air_yards_x10': 0.0151, 'shotgun_rate': 0.1883, 'early_down_pass_rate': -0.0558, 'no_huddle_rate': 0.0842}",OL-injury / opp-pass-rush tags: nullable until OL lane lands
2024,ATL,8,4.9064,0.8532,"{'quick_game_rate': 0.2058, 'avg_air_yards_x10': -0.0321, 'shotgun_rate': -0.0188, 'early_down_pass_rate': -0.0051, 'no_huddle_rate': 0.0496}",OL-injury / opp-pass-rush tags: nullable until OL lane lands
2024,ATL,9,2.6127,0.5688,"{'quick_game_rate': 0.0321, 'avg_air_yards_x10': -0.1442, 'shotgun_rate': 0.1076, 'early_down_pass_rate': -0.1957, 'no_huddle_rate': -0.026}",OL-injury / opp-pass-rush tags: nullable until OL lane lands
2024,ATL,10,5.5768,0.8736,"{'quick_game_rate': -0.329, 'avg_air_yards_x10': 0.4341, 'shotgun_rate': 0.0582, 'early_down_pass_rate': -0.0248, 'no_huddle_rate': -0.037}",OL-injury / opp-pass-rush tags: nullable until OL lane lands
2024,ATL,11,1.6651,0.2045,"{'quick_game_rate': -0.0136, 'avg_air_yards_x10': 0.0318, 'shotgun_rate': 0.1104, 'early_down_pass_rate': 0.1019, 'no_huddle_rate': 0.0519}",OL-injury / opp-pass-rush tags: nullable until OL lane lands
2024,ATL,13,2.0746,0.3457,"{'quick_game_rate': -0.0431, 'avg_air_yards_x10': 0.0255, 'shotgun_rate': -0.0408, 'early_down_pass_rate': -0.0482, 'no_huddle_rate': -0.0972}",OL-injury / opp-pass-rush tags: nullable until OL lane lands
2024,ATL,14,0.7267,0.0669,"{'quick_game_rate': 0.0111, 'avg_air_yards_x10': 0.0432, 'shotgun_rate': -0.0571, 'early_down_pass_rate': -0.0188, 'no_huddle_rate': -0.0262}",OL-injury / opp-pass-rush tags: nullable until OL lane lands
2024,ATL,15,4.1724,0.8104,"{'quick_game_rate': 0.0531, 'avg_air_yards_x10': -0.1642, 'shotgun_rate': -0.1028, 'early_down_pass_rate': -0.308, 'no_huddle_rate': -0.1113}",OL-injury / opp-pass-rush tags: nullable until OL lane lands
2024,ATL,16,3.0211,0.6599,"{'quick_game_rate': 0.0755, 'avg_air_yards_x10': -0.1497, 'shotgun_rate': 0.1605, 'early_down_pass_rate': -0.1484, 'no_huddle_rate': -0.1253}",OL-injury / opp-pass-rush tags: nullable until OL lane lands
2024,ATL,17,3.7799,0.7584,"{'quick_game_rate': -0.1708, 'avg_air_yards_x10': 0.5237, 'shotgun_rate': 0.0618, 'early_down_pass_rate': 0.0465, 'no_huddle_rate': -0.013}",OL-injury / opp-pass-rush tags: nullable until OL lane lands
2024,ATL,18,2.7463,0.5985,"{'quick_game_rate': -0.185, 'avg_air_yards_x10': 0.3661, 'shotgun_rate': 0.1287, 'early_down_pass_rate': 0.0284, 'no_huddle_rate': -0.0179}",OL-injury / opp-pass-rush tags: nullable until OL lane lands
2024,BAL,2,0.352,0.0372,"{'quick_game_rate': -0.221, 'avg_air_yards_x10': 0.2332, 'shotgun_rate': 0.0716, 'early_down_pass_rate': -0.0996, 'no_huddle_rate': -0.0753}",OL-injury / opp-pass-rush tags: nullable until OL lane lands
2024,BAL,3,8.9675,0.9442,"{'quick_game_rate': 0.052, 'avg_air_yards_x10': -0.4545, 'shotgun_rate': -0.1952, 'early_down_pass_rate': -0.2947, 'no_huddle_rate': -0.0187}",OL-injury / opp-pass-rush tags: nullable until OL lane lands
2024,BAL,4,2.8159,0.6115,"{'quick_game_rate': 0.0136, 'avg_air_yards_x10': -0.0111, 'shotgun_rate': -0.1754, 'early_down_pass_rate': -0.1099, 'no_huddle_rate': -0.0642}",OL-injury / opp-pass-rush tags: nullable until OL lane lands
2024,BAL,5,3.8194,0.7658,"{'quick_game_rate': -0.0925, 'avg_air_yards_x10': 0.296, 'shotgun_rate': 0.1025, 'early_down_pass_rate': 0.1997, 'no_huddle_rate': 0.1119}",OL-injury / opp-pass-rush tags: nullable until OL lane lands
2024,BAL,6,3.6445,0.7509,"{'quick_game_rate': -0.2425, 'avg_air_yards_x10': 0.3157, 'shotgun_rate': -0.1479, 'early_down_pass_rate': -0.0183, 'no_huddle_rate': -0.0382}",OL-injury / opp-pass-rush tags: nullable until OL lane lands
2024,BAL,7,1.1144,0.0967,"{'quick_game_rate': -0.1007, 'avg_air_yards_x10': 0.111, 'shotgun_rate': -0.0277, 'early_down_pass_rate': -0.0583, 'no_huddle_rate': -0.0064}",OL-injury / opp-pass-rush tags: nullable until OL lane lands
2024,BAL,8,2.4981,0.5223,"{'quick_game_rate': -0.0787, 'avg_air_yards_x10': 0.3088, 'shotgun_rate': 0.1506, 'early_down_pass_rate': 0.1612, 'no_huddle_rate': 0.0035}",OL-injury / opp-pass-rush tags: nullable until OL lane lands
2024,BAL,9,3.5913,0.7416,"{'quick_game_rate': -0.1172, 'avg_air_yards_x10': 0.0097, 'shotgun_rate': -0.3387, 'early_down_pass_rate': -0.0944, 'no_huddle_rate': -0.0637}",OL-injury / opp-pass-rush tags: nullable until OL lane lands
2024,BAL,10,1.1891,0.1134,"{'quick_game_rate': 0.0729, 'avg_air_yards_x10': -0.0536, 'shotgun_rate': 0.0268, 'early_down_pass_rate': 0.0572, 'no_huddle_rate': -0.0394}",OL-injury / opp-pass-rush tags: nullable until OL lane lands
2024,BAL,11,2.191,0.3922,"{'quick_game_rate': 0.0353, 'avg_air_yards_x10': 0.1457, 'shotgun_rate': 0.1333, 'early_down_pass_rate': 0.1578, 'no_huddle_rate': 0.0585}",OL-injury / opp-pass-rush tags: nullable until OL lane lands
2024,BAL,12,2.4146,0.4833,"{'quick_game_rate': -0.0286, 'avg_air_yards_x10': 0.2612, 'shotgun_rate': -0.2545, 'early_down_pass_rate': -0.1018, 'no_huddle_rate': 0.0098}",OL-injury / opp-pass-rush tags: nullable until OL lane lands
2024,BAL,13,1.4522,0.1468,"{'quick_game_rate': 0.0193, 'avg_air_yards_x10': 0.195, 'shotgun_rate': 0.0377, 'early_down_pass_rate': 0.1039, 'no_huddle_rate': 0.0269}",OL-injury / opp-pass-rush tags: nullable until OL lane lands
2024,BAL,15,1.736,0.2175,"{'quick_game_rate': -0.1222, 'avg_air_yards_x10': 0.2065, 'shotgun_rate': -0.0041, 'early_down_pass_rate': 0.0593, 'no_huddle_rate': -0.0092}",OL-injury / opp-pass-rush tags: nullable until OL lane lands
2024,BAL,16,2.1736,0.3885,"{'quick_game_rate': -0.1691, 'avg_air_yards_x10': 0.1336, 'shotgun_rate': 0.0523, 'early_down_pass_rate': -0.0955, 'no_huddle_rate': -0.0263}",OL-injury / opp-pass-rush tags: nullable until OL lane lands
2024,BAL,17,2.6294,0.5762,"{'quick_game_rate': -0.0504, 'avg_air_yards_x10': 0.2743, 'shotgun_rate': -0.0413, 'early_down_pass_rate': -0.2184, 'no_huddle_rate': -0.042}",OL-injury / opp-pass-rush tags: nullable until OL lane lands
2024,BAL,18,1.7506,0.2212,"{'quick_game_rate': -0.1042, 'avg_air_yards_x10': 0.0562, 'shotgun_rate': 0.0026, 'early_down_pass_rate': -0.0477, 'no_huddle_rate': -0.0558}",OL-injury / opp-pass-rush tags: nullable until OL lane lands
2024,BAL,19,2.7014,0.5874,"{'quick_game_rate': 0.1471, 'avg_air_yards_x10': -0.2797, 'shotgun_rate': -0.0374, 'early_down_pass_rate': -0.1963, 'no_huddle_rate': -0.0239}",OL-injury / opp-pass-rush tags: nullable until OL lane lands
2024,BAL,20,1.1813,0.1115,"{'quick_game_rate': 0.0589, 'avg_air_yards_x10': 0.1859, 'shotgun_rate': -0.0373, 'early_down_pass_rate': 0.0449, 'no_huddle_rate': 0.0005}",OL-injury / opp-pass-rush tags: nullable until OL lane lands
2024,BUF,2,0.1642,0.0056,"{'quick_game_rate': 0.1006, 'avg_air_yards_x10': 0.0098, 'shotgun_rate': -0.1203, 'early_down_pass_rate': -0.0475, 'no_huddle_rate': 0.0012}",OL-injury / opp-pass-rush tags: nullable until OL lane lands
2024,BUF,3,71.2073,0.9944,"{'quick_game_rate': 0.0198, 'avg_air_yards_x10': -0.1751, 'shotgun_rate': 0.04, 'early_down_pass_rate': 0.1108, 'no_huddle_rate': -0.0369}",OL-injury / opp-pass-rush tags: nullable until OL lane lands
2024,BUF,4,7.6959,0.9349,"{'quick_game_rate': -0.1158, 'avg_air_yards_x10': 0.422, 'shotgun_rate': 0.2047, 'early_down_pass_rate': 0.1536, 'no_huddle_rate': 0.0292}",OL-injury / opp-pass-rush tags: nullable until OL lane lands
2024,BUF,5,4.4635,0.829,"{'quick_game_rate': -0.1729, 'avg_air_yards_x10': 0.4595, 'shotgun_rate': 0.0093, 'early_down_pass_rate': -0.0565, 'no_huddle_rate': -0.0489}",OL-injury / opp-pass-rush tags: nullable until OL lane lands
2024,BUF,6,1.3016,0.1245,"{'quick_game_rate': 0.0883, 'avg_air_yards_x10': -0.0537, 'shotgun_rate': 0.064, 'early_down_pass_rate': -0.0273, 'no_huddle_rate': -0.0034}",OL-injury / opp-pass-rush tags: nullable until OL lane lands
2024,BUF,7,2.8205,0.6134,"{'quick_game_rate': -0.0925, 'avg_air_yards_x10': 0.0432, 'shotgun_rate': 0.1273, 'early_down_pass_rate': 0.1412, 'no_huddle_rate': -0.0185}",OL-injury / opp-pass-rush tags: nullable until OL lane lands
2024,BUF,8,2.0121,0.3253,"{'quick_game_rate': 0.1444, 'avg_air_yards_x10': -0.1571, 'shotgun_rate': -0.0255, 'early_down_pass_rate': 0.0626, 'no_huddle_rate': 0.0078}",OL-injury / opp-pass-rush tags: nullable until OL lane lands
2024,BUF,9,4.565,0.8364,"{'quick_game_rate': 0.2456, 'avg_air_yards_x10': -0.4749, 'shotgun_rate': -0.103, 'early_down_pass_rate': 0.2046, 'no_huddle_rate': -0.0199}",OL-injury / opp-pass-rush tags: nullable until OL lane lands
2024,BUF,10,1.6914,0.21,"{'quick_game_rate': 0.1031, 'avg_air_yards_x10': -0.0932, 'shotgun_rate': 0.0788, 'early_down_pass_rate': 0.0414, 'no_huddle_rate': 0.0209}",OL-injury / opp-pass-rush tags: nullable until OL lane lands
2024,BUF,11,2.4591,0.5056,"{'quick_game_rate': 0.0962, 'avg_air_yards_x10': -0.0812, 'shotgun_rate': 0.1143, 'early_down_pass_rate': 0.095, 'no_huddle_rate': 0.0333}",OL-injury / opp-pass-rush tags: nullable until OL lane lands
2024,BUF,13,4.5813,0.8383,"{'quick_game_rate': 0.0735, 'avg_air_yards_x10': -0.1572, 'shotgun_rate': -0.3144, 'early_down_pass_rate': -0.1978, 'no_huddle_rate': -0.0378}",OL-injury / opp-pass-rush tags: nullable until OL lane lands
2024,BUF,14,6.5143,0.9108,"{'quick_game_rate': -0.1383, 'avg_air_yards_x10': 0.5095, 'shotgun_rate': 0.1317, 'early_down_pass_rate': 0.2148, 'no_huddle_rate': 0.1317}",OL-injury / opp-pass-rush tags: nullable until OL lane lands
2024,BUF,15,1.6546,0.1989,"{'quick_game_rate': -0.0037, 'avg_air_yards_x10': 0.1736, 'shotgun_rate': 0.1719, 'early_down_pass_rate': -0.0263, 'no_huddle_rate': -0.0189}",OL-injury / opp-pass-rush tags: nullable until OL lane lands
2024,BUF,16,2.5902,0.5595,"{'quick_game_rate': -0.1535, 'avg_air_yards_x10': 0.2842, 'shotgun_rate': 0.2134, 'early_down_pass_rate': -0.0104, 'no_huddle_rate': -0.0278}",OL-injury / opp-pass-rush tags: nullable until OL lane lands
2024,BUF,17,1.1335,0.1004,"{'quick_game_rate': -0.0583, 'avg_air_yards_x10': -0.1027, 'shotgun_rate': 0.0211, 'early_down_pass_rate': -0.0967, 'no_huddle_rate': 0.0062}",OL-injury / opp-pass-rush tags: nullable until OL lane lands
2024,BUF,18,1.7324,0.2138,"{'quick_game_rate': 0.0123, 'avg_air_yards_x10': -0.1186, 'shotgun_rate': 0.0874, 'early_down_pass_rate': -0.0907, 'no_huddle_rate': 0.0485}",OL-injury / opp-pass-rush tags: nullable until OL lane lands
2024,BUF,19,1.7899,0.2435,"{'quick_game_rate': -0.0196, 'avg_air_yards_x10': 0.1052, 'shotgun_rate': -0.1521, 'early_down_pass_rate': -0.1181, 'no_huddle_rate': -0.0208}",OL-injury / opp-pass-rush tags: nullable until OL lane lands
2024,BUF,20,2.2372,0.4071,"{'quick_game_rate': 0.1633, 'avg_air_yards_x10': -0.2101, 'shotgun_rate': -0.0823, 'early_down_pass_rate': -0.0923, 'no_huddle_rate': -0.0275}",OL-injury / opp-pass-rush tags: nullable until OL lane lands
2024,BUF,21,4.1784,0.8123,"{'quick_game_rate': 0.0317, 'avg_air_yards_x10': 0.0667, 'shotgun_rate': 0.0419, 'early_down_pass_rate': 0.0454, 'no_huddle_rate': 0.1563}",OL-injury / opp-pass-rush tags: nullable until OL lane lands
2024,CAR,2,1.0179,0.0818,"{'quick_game_rate': 0.3375, 'avg_air_yards_x10': -0.9393, 'shotgun_rate': 0.0731, 'early_down_pass_rate': -0.096, 'no_huddle_rate': 0.1593}",OL-injury / opp-pass-rush tags: nullable until OL lane lands
2024,CAR,3,5.6588,0.8792,"{'quick_game_rate': 0.0711, 'avg_air_yards_x10': -0.1874, 'shotgun_rate': -0.2026, 'early_down_pass_rate': 0.0183, 'no_huddle_rate': -0.0726}",OL-injury / opp-pass-rush tags: nullable until OL lane lands
2024,CAR,4,1.8654,0.2714,"{'quick_game_rate': 0.0138, 'avg_air_yards_x10': 0.0576, 'shotgun_rate': -0.0481, 'early_down_pass_rate': 0.0712, 'no_huddle_rate': -0.0194}",OL-injury / opp-pass-rush tags: nullable until OL lane lands
2024,CAR,5,1.7973,0.2454,"{'quick_game_rate': -0.0078, 'avg_air_yards_x10': 0.0565, 'shotgun_rate': -0.0338, 'early_down_pass_rate': 0.0812, 'no_huddle_rate': -0.0008}",OL-injury / opp-pass-rush tags: nullable until OL lane lands
2024,CAR,6,1.4346,0.1431,"{'quick_game_rate': 0.0825, 'avg_air_yards_x10': -0.0475, 'shotgun_rate': -0.0749, 'early_down_pass_rate': 0.0403, 'no_huddle_rate': 0.0099}",OL-injury / opp-pass-rush tags: nullable until OL lane lands
2024,CAR,7,6.1551,0.9033,"{'quick_game_rate': 0.1593, 'avg_air_yards_x10': -0.3434, 'shotgun_rate': -0.375, 'early_down_pass_rate': -0.1594, 'no_huddle_rate': -0.0647}",OL-injury / opp-pass-rush tags: nullable until OL lane lands
2024,CAR,8,2.0272,0.329,"{'quick_game_rate': -0.1645, 'avg_air_yards_x10': 0.1937, 'shotgun_rate': 0.0309, 'early_down_pass_rate': 0.0715, 'no_huddle_rate': 0.0374}",OL-injury / opp-pass-rush tags: nullable until OL lane lands
2024,CAR,9,1.9692,0.3123,"{'quick_game_rate': 0.0118, 'avg_air_yards_x10': 0.0998, 'shotgun_rate': -0.1757, 'early_down_pass_rate': -0.0589, 'no_huddle_rate': -0.0636}",OL-injury / opp-pass-rush tags: nullable until OL lane lands
2024,CAR,10,2.4186,0.4888,"{'quick_game_rate': -0.0064, 'avg_air_yards_x10': -0.0474, 'shotgun_rate': -0.0833, 'early_down_pass_rate': -0.154, 'no_huddle_rate': 0.0438}",OL-injury / opp-pass-rush tags: nullable until OL lane lands
2024,CAR,12,1.9578,0.303,"{'quick_game_rate': -0.1371, 'avg_air_yards_x10': 0.1259, 'shotgun_rate': -0.0004, 'early_down_pass_rate': 0.0474, 'no_huddle_rate': -0.0644}",OL-injury / opp-pass-rush tags: nullable until OL lane lands
2024,CAR,13,2.9926,0.6543,"{'quick_game_rate': -0.162, 'avg_air_yards_x10': 0.2446, 'shotgun_rate': 0.101, 'early_down_pass_rate': 0.1773, 'no_huddle_rate': -0.0019}",OL-injury / opp-pass-rush tags: nullable until OL lane lands
2024,CAR,14,2.5576,0.5483,"{'quick_game_rate': -0.128, 'avg_air_yards_x10': 0.3596, 'shotgun_rate': -0.128, 'early_down_pass_rate': -0.1255, 'no_huddle_rate': 0.0129}",OL-injury / opp-pass-rush tags: nullable until OL lane lands
2024,CAR,15,2.0085,0.3216,"{'quick_game_rate': 0.1487, 'avg_air_yards_x10': 0.0414, 'shotgun_rate': 0.1031, 'early_down_pass_rate': 0.0852, 'no_huddle_rate': 0.0437}",OL-injury / opp-pass-rush tags: nullable until OL lane lands
2024,CAR,16,2.448,0.5019,"{'quick_game_rate': -0.0406, 'avg_air_yards_x10': -0.1113, 'shotgun_rate': -0.1218, 'early_down_pass_rate': -0.1304, 'no_huddle_rate': -0.0794}",OL-injury / opp-pass-rush tags: nullable until OL lane lands
2024,CAR,17,4.0839,0.7993,"{'quick_game_rate': -0.2164, 'avg_air_yards_x10': 0.5673, 'shotgun_rate': 0.1934, 'early_down_pass_rate': 0.1769, 'no_huddle_rate': 0.0563}",OL-injury / opp-pass-rush tags: nullable until OL lane lands
2024,CAR,18,1.8759,0.2751,"{'quick_game_rate': -0.1243, 'avg_air_yards_x10': 0.0926, 'shotgun_rate': -0.1102, 'early_down_pass_rate': -0.0384, 'no_huddle_rate': -0.062}",OL-injury / opp-pass-rush tags: nullable until OL lane lands
2024,CHI,2,0.2825,0.0316,"{'quick_game_rate': 0.1733, 'avg_air_yards_x10': 0.0323, 'shotgun_rate': 0.1947, 'early_down_pass_rate': 0.104, 'no_huddle_rate': -0.0006}",OL-injury / opp-pass-rush tags: nullable until OL lane lands
2024,CHI,3,128.7065,0.9981,"{'quick_game_rate': -0.0644, 'avg_air_yards_x10': 0.3028, 'shotgun_rate': -0.0606, 'early_down_pass_rate': 0.0131, 'no_huddle_rate': -0.0382}",OL-injury / opp-pass-rush tags: nullable until OL lane lands
2024,CHI,4,6.3806,0.9052,"{'quick_game_rate': 0.1387, 'avg_air_yards_x10': -0.2289, 'shotgun_rate': -0.1155, 'early_down_pass_rate': -0.1469, 'no_huddle_rate': -0.0832}",OL-injury / opp-pass-rush tags: nullable until OL lane lands
2024,CHI,5,3.9703,0.7844,"{'quick_game_rate': -0.0654, 'avg_air_yards_x10': -0.0805, 'shotgun_rate': -0.1349, 'early_down_pass_rate': -0.1388, 'no_huddle_rate': 0.1184}",OL-injury / opp-pass-rush tags: nullable until OL lane lands
2024,CHI,6,3.5231,0.7323,"{'quick_game_rate': 0.1546, 'avg_air_yards_x10': -0.4162, 'shotgun_rate': -0.0372, 'early_down_pass_rate': -0.0581, 'no_huddle_rate': 0.0319}",OL-injury / opp-pass-rush tags: nullable until OL lane lands
2024,CHI,8,4.9192,0.855,"{'quick_game_rate': -0.3109, 'avg_air_yards_x10': 0.596, 'shotgun_rate': 0.0811, 'early_down_pass_rate': -0.1548, 'no_huddle_rate': 0.0496}",OL-injury / opp-pass-rush tags: nullable until OL lane lands
2024,CHI,9,2.5308,0.5335,"{'quick_game_rate': -0.0775, 'avg_air_yards_x10': 0.1025, 'shotgun_rate': 0.1601, 'early_down_pass_rate': 0.1118, 'no_huddle_rate': 0.057}",OL-injury / opp-pass-rush tags: nullable until OL lane lands
2024,CHI,10,1.0439,0.0836,"{'quick_game_rate': -0.0068, 'avg_air_yards_x10': -0.187, 'shotgun_rate': -0.0056, 'early_down_pass_rate': 0.0069, 'no_huddle_rate': 0.0411}",OL-injury / opp-pass-rush tags: nullable until OL lane lands
2024,CHI,11,1.7713,0.2342,"{'quick_game_rate': 0.1069, 'avg_air_yards_x10': -0.1056, 'shotgun_rate': -0.0477, 'early_down_pass_rate': -0.0814, 'no_huddle_rate': -0.0561}",OL-injury / opp-pass-rush tags: nullable until OL lane lands
2024,CHI,12,2.212,0.3996,"{'quick_game_rate': 0.079, 'avg_air_yards_x10': -0.0087, 'shotgun_rate': 0.0617, 'early_down_pass_rate': 0.1123, 'no_huddle_rate': -0.0807}",OL-injury / opp-pass-rush tags: nullable until OL lane lands
2024,CHI,13,4.5367,0.8346,"{'quick_game_rate': -0.2344, 'avg_air_yards_x10': 0.6008, 'shotgun_rate': 0.0451, 'early_down_pass_rate': 0.1748, 'no_huddle_rate': -0.137}",OL-injury / opp-pass-rush tags: nullable until OL lane lands
2024,CHI,14,1.5662,0.171,"{'quick_game_rate': 0.0789, 'avg_air_yards_x10': -0.2449, 'shotgun_rate': 0.0691, 'early_down_pass_rate': 0.0005, 'no_huddle_rate': -0.0517}",OL-injury / opp-pass-rush tags: nullable until OL lane lands
2024,CHI,15,1.1777,0.1078,"{'quick_game_rate': -0.0104, 'avg_air_yards_x10': -0.0813, 'shotgun_rate': -0.0114, 'early_down_pass_rate': -0.0365, 'no_huddle_rate': -0.0678}",OL-injury / opp-pass-rush tags: nullable until OL lane lands
2024,CHI,16,2.1979,0.3941,"{'quick_game_rate': -0.0597, 'avg_air_yards_x10': 0.1089, 'shotgun_rate': 0.0454, 'early_down_pass_rate': 0.1764, 'no_huddle_rate': -0.0412}",OL-injury / opp-pass-rush tags: nullable until OL lane lands
2024,CHI,17,2.1306,0.3662,"{'quick_game_rate': 0.1014, 'avg_air_yards_x10': -0.0894, 'shotgun_rate': 0.0466, 'early_down_pass_rate': -0.0441, 'no_huddle_rate': -0.1113}",OL-injury / opp-pass-rush tags: nullable until OL lane lands
2024,CHI,18,2.4503,0.5037,"{'quick_game_rate': 0.0397, 'avg_air_yards_x10': -0.357, 'shotgun_rate': -0.072, 'early_down_pass_rate': -0.1389, 'no_huddle_rate': -0.0632}",OL-injury / opp-pass-rush tags: nullable until OL lane lands
2024,CIN,2,0.2184,0.0223,"{'quick_game_rate': -0.0508, 'avg_air_yards_x10': 0.0664, 'shotgun_rate': -0.1834, 'early_down_pass_rate': -0.0111, 'no_huddle_rate': -0.0833}",OL-injury / opp-pass-rush tags: nullable until OL lane lands
2024,CIN,3,10.7731,0.9572,"{'quick_game_rate': -0.1117, 'avg_air_yards_x10': 0.1529, 'shotgun_rate': 0.0439, 'early_down_pass_rate': 0.0475, 'no_huddle_rate': 0.0568}",OL-injury / opp-pass-rush tags: nullable until OL lane lands
2024,CIN,4,7.9006,0.9368,"{'quick_game_rate': -0.0465, 'avg_air_yards_x10': -0.0879, 'shotgun_rate': -0.2267, 'early_down_pass_rate': -0.1631, 'no_huddle_rate': -0.0445}",OL-injury / opp-pass-rush tags: nullable until OL lane lands
2024,CIN,5,3.5191,0.7305,"{'quick_game_rate': -0.1027, 'avg_air_yards_x10': 0.2048, 'shotgun_rate': 0.005, 'early_down_pass_rate': 0.0272, 'no_huddle_rate': -0.0495}",OL-injury / opp-pass-rush tags: nullable until OL lane lands
2024,CIN,6,1.9779,0.316,"{'quick_game_rate': 0.0837, 'avg_air_yards_x10': -0.1046, 'shotgun_rate': 0.0361, 'early_down_pass_rate': 0.0293, 'no_huddle_rate': -0.0396}",OL-injury / opp-pass-rush tags: nullable until OL lane lands
2024,CIN,7,4.5845,0.8401,"{'quick_game_rate': -0.0889, 'avg_air_yards_x10': 0.4037, 'shotgun_rate': 0.05, 'early_down_pass_rate': -0.1044, 'no_huddle_rate': 0.047}",OL-injury / opp-pass-rush tags: nullable until OL lane lands
2024,CIN,8,2.2772,0.4219,"{'quick_game_rate': -0.1097, 'avg_air_yards_x10': 0.1007, 'shotgun_rate': 0.1152, 'early_down_pass_rate': 0.0519, 'no_huddle_rate': 0.0129}",OL-injury / opp-pass-rush tags: nullable until OL lane lands
2024,CIN,9,2.37,0.4572,"{'quick_game_rate': 0.0585, 'avg_air_yards_x10': -0.1864, 'shotgun_rate': -0.0579, 'early_down_pass_rate': -0.1108, 'no_huddle_rate': -0.0268}",OL-injury / opp-pass-rush tags: nullable until OL lane lands
2024,CIN,10,3.4425,0.7193,"{'quick_game_rate': -0.1069, 'avg_air_yards_x10': 0.1776, 'shotgun_rate': 0.0882, 'early_down_pass_rate': 0.1891, 'no_huddle_rate': -0.025}",OL-injury / opp-pass-rush tags: nullable until OL lane lands
2024,CIN,11,3.1379,0.684,"{'quick_game_rate': -0.1383, 'avg_air_yards_x10': 0.3124, 'shotgun_rate': 0.1476, 'early_down_pass_rate': 0.0316, 'no_huddle_rate': -0.0102}",OL-injury / opp-pass-rush tags: nullable until OL lane lands
2024,CIN,13,2.3821,0.4665,"{'quick_game_rate': 0.0922, 'avg_air_yards_x10': -0.1453, 'shotgun_rate': 0.1376, 'early_down_pass_rate': 0.1019, 'no_huddle_rate': 0.0177}",OL-injury / opp-pass-rush tags: nullable until OL lane lands
2024,CIN,14,1.6552,0.2007,"{'quick_game_rate': -0.0961, 'avg_air_yards_x10': -0.0916, 'shotgun_rate': -0.061, 'early_down_pass_rate': 0.0726, 'no_huddle_rate': -0.0047}",OL-injury / opp-pass-rush tags: nullable until OL lane lands
2024,CIN,15,1.5334,0.1636,"{'quick_game_rate': -0.066, 'avg_air_yards_x10': -0.0375, 'shotgun_rate': -0.0404, 'early_down_pass_rate': -0.0461, 'no_huddle_rate': -0.036}",OL-injury / opp-pass-rush tags: nullable until OL lane lands
2024,CIN,16,1.8031,0.2546,"{'quick_game_rate': -0.128, 'avg_air_yards_x10': 0.0985, 'shotgun_rate': -0.0494, 'early_down_pass_rate': -0.0346, 'no_huddle_rate': 0.003}",OL-injury / opp-pass-rush tags: nullable until OL lane lands
2024,CIN,17,0.9429,0.0743,"{'quick_game_rate': 0.0186, 'avg_air_yards_x10': -0.0248, 'shotgun_rate': 0.0275, 'early_down_pass_rate': 0.0413, 'no_huddle_rate': -0.0216}",OL-injury / opp-pass-rush tags: nullable until OL lane lands
2024,CIN,18,2.9449,0.6468,"{'quick_game_rate': 0.0331, 'avg_air_yards_x10': -0.3123, 'shotgun_rate': 0.1704, 'early_down_pass_rate': 0.0755, 'no_huddle_rate': -0.0037}",OL-injury / opp-pass-rush tags: nullable until OL lane lands
2024,CLE,2,0.49,0.0502,"{'quick_game_rate': -0.0699, 'avg_air_yards_x10': -0.2395, 'shotgun_rate': -0.1374, 'early_down_pass_rate': -0.2792, 'no_huddle_rate': -0.2846}",OL-injury / opp-pass-rush tags: nullable until OL lane lands
2024,CLE,3,2.2379,0.4089,"{'quick_game_rate': 0.0104, 'avg_air_yards_x10': 0.0231, 'shotgun_rate': 0.1415, 'early_down_pass_rate': 0.0896, 'no_huddle_rate': 0.0681}",OL-injury / opp-pass-rush tags: nullable until OL lane lands
2024,CLE,4,5.72,0.8866,"{'quick_game_rate': 0.1454, 'avg_air_yards_x10': -0.2282, 'shotgun_rate': 0.0822, 'early_down_pass_rate': -0.1125, 'no_huddle_rate': -0.0733}",OL-injury / opp-pass-rush tags: nullable until OL lane lands
2024,CLE,5,2.4268,0.4944,"{'quick_game_rate': -0.1021, 'avg_air_yards_x10': 0.1983, 'shotgun_rate': 0.0681, 'early_down_pass_rate': -0.0807, 'no_huddle_rate': -0.0435}",OL-injury / opp-pass-rush tags: nullable until OL lane lands
2024,CLE,6,3.2557,0.6914,"{'quick_game_rate': 0.1567, 'avg_air_yards_x10': -0.1831, 'shotgun_rate': -0.0533, 'early_down_pass_rate': -0.196, 'no_huddle_rate': -0.0779}",OL-injury / opp-pass-rush tags: nullable until OL lane lands
2024,CLE,7,1.6328,0.1914,"{'quick_game_rate': -0.0024, 'avg_air_yards_x10': -0.0312, 'shotgun_rate': -0.0908, 'early_down_pass_rate': 0.1322, 'no_huddle_rate': -0.0105}",OL-injury / opp-pass-rush tags: nullable until OL lane lands
2024,CLE,8,3.6019,0.7435,"{'quick_game_rate': -0.1067, 'avg_air_yards_x10': 0.2891, 'shotgun_rate': -0.1932, 'early_down_pass_rate': -0.0244, 'no_huddle_rate': -0.0493}",OL-injury / opp-pass-rush tags: nullable until OL lane lands
2024,CLE,9,2.3707,0.4591,"{'quick_game_rate': -0.1384, 'avg_air_yards_x10': 0.1418, 'shotgun_rate': 0.0086, 'early_down_pass_rate': 0.0494, 'no_huddle_rate': 0.1173}",OL-injury / opp-pass-rush tags: nullable until OL lane lands
2024,CLE,11,1.7572,0.2268,"{'quick_game_rate': 0.0291, 'avg_air_yards_x10': 0.2413, 'shotgun_rate': -0.0636, 'early_down_pass_rate': 0.0257, 'no_huddle_rate': -0.019}",OL-injury / opp-pass-rush tags: nullable until OL lane lands
2024,CLE,12,3.4754,0.7249,"{'quick_game_rate': -0.0881, 'avg_air_yards_x10': 0.0921, 'shotgun_rate': -0.2141, 'early_down_pass_rate': -0.1982, 'no_huddle_rate': -0.0913}",OL-injury / opp-pass-rush tags: nullable until OL lane lands
2024,CLE,13,0.8686,0.0688,"{'quick_game_rate': 0.0125, 'avg_air_yards_x10': 0.0454, 'shotgun_rate': -0.062, 'early_down_pass_rate': 0.0475, 'no_huddle_rate': -0.0297}",OL-injury / opp-pass-rush tags: nullable until OL lane lands
2024,CLE,14,2.1365,0.368,"{'quick_game_rate': 0.0237, 'avg_air_yards_x10': 0.0326, 'shotgun_rate': 0.1621, 'early_down_pass_rate': -0.0655, 'no_huddle_rate': 0.0988}",OL-injury / opp-pass-rush tags: nullable until OL lane lands
2024,CLE,15,2.5845,0.5576,"{'quick_game_rate': 0.1862, 'avg_air_yards_x10': -0.0305, 'shotgun_rate': 0.0502, 'early_down_pass_rate': -0.0094, 'no_huddle_rate': 0.0796}",OL-injury / opp-pass-rush tags: nullable until OL lane lands
2024,CLE,16,2.1187,0.3625,"{'quick_game_rate': 0.0552, 'avg_air_yards_x10': -0.2371, 'shotgun_rate': 0.0901, 'early_down_pass_rate': -0.055, 'no_huddle_rate': 0.0441}",OL-injury / opp-pass-rush tags: nullable until OL lane lands
2024,CLE,17,2.0171,0.3271,"{'quick_game_rate': 0.0579, 'avg_air_yards_x10': -0.186, 'shotgun_rate': 0.107, 'early_down_pass_rate': -0.0212, 'no_huddle_rate': 0.0774}",OL-injury / opp-pass-rush tags: nullable until OL lane lands
2024,CLE,18,1.5412,0.1691,"{'quick_game_rate': -0.0109, 'avg_air_yards_x10': -0.0479, 'shotgun_rate': -0.0204, 'early_down_pass_rate': -0.0125, 'no_huddle_rate': -0.1172}",OL-injury / opp-pass-rush tags: nullable until OL lane lands
2024,DAL,2,0.2116,0.0167,"{'quick_game_rate': 0.0434, 'avg_air_yards_x10': -0.0672, 'shotgun_rate': 0.1436, 'early_down_pass_rate': 0.0975, 'no_huddle_rate': 0.0908}",OL-injury / opp-pass-rush tags: nullable until OL lane lands
2024,DAL,3,7.1377,0.9257,"{'quick_game_rate': -0.118, 'avg_air_yards_x10': 0.0725, 'shotgun_rate': 0.0819, 'early_down_pass_rate': 0.11, 'no_huddle_rate': 0.146}",OL-injury / opp-pass-rush tags: nullable until OL lane lands
2024,DAL,4,8.7766,0.9424,"{'quick_game_rate': 0.1414, 'avg_air_yards_x10': -0.3449, 'shotgun_rate': -0.1493, 'early_down_pass_rate': -0.1282, 'no_huddle_rate': -0.071}",OL-injury / opp-pass-rush tags: nullable until OL lane lands
2024,DAL,5,1.5317,0.1599,"{'quick_game_rate': 0.0373, 'avg_air_yards_x10': -0.101, 'shotgun_rate': 0.1013, 'early_down_pass_rate': -0.0496, 'no_huddle_rate': 0.0001}",OL-injury / opp-pass-rush tags: nullable until OL lane lands
2024,DAL,6,1.8506,0.2658,"{'quick_game_rate': 0.0515, 'avg_air_yards_x10': -0.0585, 'shotgun_rate': 0.1232, 'early_down_pass_rate': 0.0677, 'no_huddle_rate': -0.0009}",OL-injury / opp-pass-rush tags: nullable until OL lane lands
2024,DAL,8,1.4389,0.145,"{'quick_game_rate': -0.0289, 'avg_air_yards_x10': 0.1326, 'shotgun_rate': 0.0803, 'early_down_pass_rate': 0.0261, 'no_huddle_rate': 0.0103}",OL-injury / opp-pass-rush tags: nullable until OL lane lands
2024,DAL,9,4.6568,0.8457,"{'quick_game_rate': 0.0322, 'avg_air_yards_x10': -0.1852, 'shotgun_rate': 0.1677, 'early_down_pass_rate': 0.0769, 'no_huddle_rate': 0.2162}",OL-injury / opp-pass-rush tags: nullable until OL lane lands
2024,DAL,10,3.9942,0.7881,"{'quick_game_rate': 0.1872, 'avg_air_yards_x10': -0.1005, 'shotgun_rate': 0.1457, 'early_down_pass_rate': -0.1364, 'no_huddle_rate': 0.0057}",OL-injury / opp-pass-rush tags: nullable until OL lane lands
2024,DAL,11,2.2787,0.4238,"{'quick_game_rate': 0.0124, 'avg_air_yards_x10': -0.1152, 'shotgun_rate': 0.1489, 'early_down_pass_rate': 0.1203, 'no_huddle_rate': -0.0068}",OL-injury / opp-pass-rush tags: nullable until OL lane lands
2024,DAL,12,2.1527,0.3755,"{'quick_game_rate': 0.0067, 'avg_air_yards_x10': -0.1506, 'shotgun_rate': 0.0203, 'early_down_pass_rate': -0.0788, 'no_huddle_rate': -0.1215}",OL-injury / opp-pass-rush tags: nullable until OL lane lands
2024,DAL,13,2.4843,0.513,"{'quick_game_rate': 0.0582, 'avg_air_yards_x10': 0.0156, 'shotgun_rate': -0.1569, 'early_down_pass_rate': -0.1333, 'no_huddle_rate': -0.065}",OL-injury / opp-pass-rush tags: nullable until OL lane lands
2024,DAL,14,1.4549,0.1487,"{'quick_game_rate': -0.0461, 'avg_air_yards_x10': 0.0103, 'shotgun_rate': -0.087, 'early_down_pass_rate': -0.0689, 'no_huddle_rate': -0.0543}",OL-injury / opp-pass-rush tags: nullable until OL lane lands
2024,DAL,15,3.9337,0.7788,"{'quick_game_rate': -0.0621, 'avg_air_yards_x10': -0.1421, 'shotgun_rate': -0.2659, 'early_down_pass_rate': -0.2151, 'no_huddle_rate': -0.071}",OL-injury / opp-pass-rush tags: nullable until OL lane lands
2024,DAL,16,2.5497,0.5465,"{'quick_game_rate': 0.1637, 'avg_air_yards_x10': -0.0376, 'shotgun_rate': -0.079, 'early_down_pass_rate': 0.0338, 'no_huddle_rate': -0.0581}",OL-injury / opp-pass-rush tags: nullable until OL lane lands
2024,DAL,17,2.6304,0.5781,"{'quick_game_rate': 0.0878, 'avg_air_yards_x10': 0.1809, 'shotgun_rate': -0.1674, 'early_down_pass_rate': -0.1055, 'no_huddle_rate': -0.042}",OL-injury / opp-pass-rush tags: nullable until OL lane lands
2024,DAL,18,1.9798,0.3178,"{'quick_game_rate': 0.0498, 'avg_air_yards_x10': -0.0966, 'shotgun_rate': -0.0303, 'early_down_pass_rate': -0.1308, 'no_huddle_rate': -0.076}",OL-injury / opp-pass-rush tags: nullable until OL lane lands
2024,DEN,2,0.3569,0.039,"{'quick_game_rate': -0.1381, 'avg_air_yards_x10': 0.3, 'shotgun_rate': 0.1224, 'early_down_pass_rate': 0.0552, 'no_huddle_rate': 0.0158}",OL-injury / opp-pass-rush tags: nullable until OL lane lands
2024,DEN,3,4.884,0.8513,"{'quick_game_rate': -0.0262, 'avg_air_yards_x10': -0.0897, 'shotgun_rate': -0.044, 'early_down_pass_rate': 0.0069, 'no_huddle_rate': 0.0377}",OL-injury / opp-pass-rush tags: nullable until OL lane lands
2024,DEN,4,12.8769,0.9703,"{'quick_game_rate': 0.0026, 'avg_air_yards_x10': 0.2633, 'shotgun_rate': -0.1536, 'early_down_pass_rate': -0.2199, 'no_huddle_rate': -0.1469}",OL-injury / opp-pass-rush tags: nullable until OL lane lands
2024,DEN,5,3.2911,0.6989,"{'quick_game_rate': 0.1357, 'avg_air_yards_x10': -0.2607, 'shotgun_rate': -0.0667, 'early_down_pass_rate': -0.0271, 'no_huddle_rate': -0.0154}",OL-injury / opp-pass-rush tags: nullable until OL lane lands
2024,DEN,6,2.9263,0.645,"{'quick_game_rate': -0.0604, 'avg_air_yards_x10': 0.2376, 'shotgun_rate': 0.1388, 'early_down_pass_rate': 0.0905, 'no_huddle_rate': 0.0781}",OL-injury / opp-pass-rush tags: nullable until OL lane lands
2024,DEN,7,2.416,0.487,"{'quick_game_rate': 0.0417, 'avg_air_yards_x10': -0.1789, 'shotgun_rate': -0.1059, 'early_down_pass_rate': -0.0871, 'no_huddle_rate': -0.0878}",OL-injury / opp-pass-rush tags: nullable until OL lane lands
2024,DEN,8,3.4861,0.7286,"{'quick_game_rate': -0.1565, 'avg_air_yards_x10': 0.2697, 'shotgun_rate': -0.1488, 'early_down_pass_rate': 0.0264, 'no_huddle_rate': 0.0712}",OL-injury / opp-pass-rush tags: nullable until OL lane lands
2024,DEN,9,2.4061,0.4777,"{'quick_game_rate': 0.0373, 'avg_air_yards_x10': -0.0601, 'shotgun_rate': 0.0062, 'early_down_pass_rate': -0.0362, 'no_huddle_rate': 0.1487}",OL-injury / opp-pass-rush tags: nullable until OL lane lands
2024,DEN,10,1.4125,0.1413,"{'quick_game_rate': -0.0924, 'avg_air_yards_x10': -0.0268, 'shotgun_rate': 0.0248, 'early_down_pass_rate': -0.0114, 'no_huddle_rate': 0.0485}",OL-injury / opp-pass-rush tags: nullable until OL lane lands
2024,DEN,11,3.4003,0.7156,"{'quick_game_rate': 0.0291, 'avg_air_yards_x10': -0.3796, 'shotgun_rate': -0.1853, 'early_down_pass_rate': -0.0103, 'no_huddle_rate': -0.1063}",OL-injury / opp-pass-rush tags: nullable until OL lane lands
2024,DEN,12,1.2344,0.119,"{'quick_game_rate': 0.0047, 'avg_air_yards_x10': -0.0806, 'shotgun_rate': 0.056, 'early_down_pass_rate': 0.0707, 'no_huddle_rate': 0.0072}",OL-injury / opp-pass-rush tags: nullable until OL lane lands
2024,DEN,13,2.3836,0.4703,"{'quick_game_rate': -0.0624, 'avg_air_yards_x10': 0.389, 'shotgun_rate': -0.0123, 'early_down_pass_rate': 0.0065, 'no_huddle_rate': -0.0625}",OL-injury / opp-pass-rush tags: nullable until OL lane lands
2024,DEN,15,2.7619,0.6059,"{'quick_game_rate': 0.152, 'avg_air_yards_x10': -0.2622, 'shotgun_rate': 0.0515, 'early_down_pass_rate': -0.0157, 'no_huddle_rate': -0.0734}",OL-injury / opp-pass-rush tags: nullable until OL lane lands
2024,DEN,16,4.6103,0.842,"{'quick_game_rate': 0.2495, 'avg_air_yards_x10': -0.4783, 'shotgun_rate': 0.0506, 'early_down_pass_rate': 0.1237, 'no_huddle_rate': -0.1049}",OL-injury / opp-pass-rush tags: nullable until OL lane lands
2024,DEN,17,1.1476,0.1041,"{'quick_game_rate': -0.0261, 'avg_air_yards_x10': -0.0163, 'shotgun_rate': -0.0625, 'early_down_pass_rate': -0.0334, 'no_huddle_rate': 0.0531}",OL-injury / opp-pass-rush tags: nullable until OL lane lands
2024,DEN,18,3.629,0.7491,"{'quick_game_rate': 0.1147, 'avg_air_yards_x10': -0.1723, 'shotgun_rate': -0.2501, 'early_down_pass_rate': -0.1101, 'no_huddle_rate': -0.0208}",OL-injury / opp-pass-rush tags: nullable until OL lane lands
2024,DEN,19,4.0534,0.7937,"{'quick_game_rate': -0.1995, 'avg_air_yards_x10': 0.4679, 'shotgun_rate': 0.118, 'early_down_pass_rate': -0.0476, 'no_huddle_rate': 0.1772}",OL-injury / opp-pass-rush tags: nullable until OL lane lands
2024,DET,2,0.2247,0.0279,"{'quick_game_rate': -0.0793, 'avg_air_yards_x10': 0.0249, 'shotgun_rate': 0.1461, 'early_down_pass_rate': 0.1486, 'no_huddle_rate': 0.0122}",OL-injury / opp-pass-rush tags: nullable until OL lane lands
2024,DET,3,9.3651,0.9498,"{'quick_game_rate': -0.0381, 'avg_air_yards_x10': 0.098, 'shotgun_rate': -0.2947, 'early_down_pass_rate': -0.2028, 'no_huddle_rate': -0.0061}",OL-injury / opp-pass-rush tags: nullable until OL lane lands
2024,DET,4,9.4848,0.9535,"{'quick_game_rate': 0.0936, 'avg_air_yards_x10': -0.2972, 'shotgun_rate': -0.1661, 'early_down_pass_rate': -0.0224, 'no_huddle_rate': 0.0376}",OL-injury / opp-pass-rush tags: nullable until OL lane lands
2024,DET,6,2.8808,0.6413,"{'quick_game_rate': -0.0584, 'avg_air_yards_x10': 0.3465, 'shotgun_rate': -0.0673, 'early_down_pass_rate': -0.0461, 'no_huddle_rate': 0.0021}",OL-injury / opp-pass-rush tags: nullable until OL lane lands
2024,DET,7,1.569,0.1729,"{'quick_game_rate': 0.0377, 'avg_air_yards_x10': -0.004, 'shotgun_rate': -0.1296, 'early_down_pass_rate': 0.04, 'no_huddle_rate': -0.0139}",OL-injury / opp-pass-rush tags: nullable until OL lane lands
2024,DET,8,2.7221,0.5929,"{'quick_game_rate': 0.0756, 'avg_air_yards_x10': -0.3494, 'shotgun_rate': 0.0027, 'early_down_pass_rate': -0.0455, 'no_huddle_rate': 0.0097}",OL-injury / opp-pass-rush tags: nullable until OL lane lands
2024,DET,9,4.2876,0.8197,"{'quick_game_rate': 0.1988, 'avg_air_yards_x10': -0.2892, 'shotgun_rate': -0.0578, 'early_down_pass_rate': -0.1011, 'no_huddle_rate': 0.0062}",OL-injury / opp-pass-rush tags: nullable until OL lane lands
2024,DET,10,2.3666,0.4517,"{'quick_game_rate': -0.0775, 'avg_air_yards_x10': 0.3321, 'shotgun_rate': 0.0602, 'early_down_pass_rate': -0.0275, 'no_huddle_rate': 0.018}",OL-injury / opp-pass-rush tags: nullable until OL lane lands
2024,DET,11,10.7957,0.9591,"{'quick_game_rate': -0.1508, 'avg_air_yards_x10': 0.0813, 'shotgun_rate': -0.0984, 'early_down_pass_rate': -0.051, 'no_huddle_rate': 0.1465}",OL-injury / opp-pass-rush tags: nullable until OL lane lands
2024,DET,12,2.011,0.3234,"{'quick_game_rate': -0.0649, 'avg_air_yards_x10': -0.0968, 'shotgun_rate': 0.1083, 'early_down_pass_rate': 0.1062, 'no_huddle_rate': 0.0259}",OL-injury / opp-pass-rush tags: nullable until OL lane lands
2024,DET,13,0.9712,0.0781,"{'quick_game_rate': -0.0264, 'avg_air_yards_x10': 0.0014, 'shotgun_rate': -0.0604, 'early_down_pass_rate': -0.0046, 'no_huddle_rate': -0.0327}",OL-injury / opp-pass-rush tags: nullable until OL lane lands
2024,DET,14,1.371,0.1375,"{'quick_game_rate': 0.0217, 'avg_air_yards_x10': -0.1088, 'shotgun_rate': -0.0361, 'early_down_pass_rate': 0.0871, 'no_huddle_rate': -0.0037}",OL-injury / opp-pass-rush tags: nullable until OL lane lands
2024,DET,15,5.6499,0.8773,"{'quick_game_rate': -0.0176, 'avg_air_yards_x10': 0.0525, 'shotgun_rate': 0.3184, 'early_down_pass_rate': 0.3244, 'no_huddle_rate': 0.077}",OL-injury / opp-pass-rush tags: nullable until OL lane lands
2024,DET,16,2.081,0.3513,"{'quick_game_rate': 0.1372, 'avg_air_yards_x10': -0.0905, 'shotgun_rate': -0.0782, 'early_down_pass_rate': -0.0079, 'no_huddle_rate': -0.0352}",OL-injury / opp-pass-rush tags: nullable until OL lane lands
2024,DET,17,1.5226,0.158,"{'quick_game_rate': 0.0251, 'avg_air_yards_x10': -0.2146, 'shotgun_rate': 0.0601, 'early_down_pass_rate': -0.0086, 'no_huddle_rate': -0.0329}",OL-injury / opp-pass-rush tags: nullable until OL lane lands
2024,DET,18,2.0598,0.3401,"{'quick_game_rate': 0.1037, 'avg_air_yards_x10': -0.1426, 'shotgun_rate': 0.0032, 'early_down_pass_rate': 0.0226, 'no_huddle_rate': 0.0601}",OL-injury / opp-pass-rush tags: nullable until OL lane lands
2024,DET,20,3.9984,0.79,"{'quick_game_rate': -0.1547, 'avg_air_yards_x10': 0.2524, 'shotgun_rate': 0.1944, 'early_down_pass_rate': 0.1509, 'no_huddle_rate': 0.1041}",OL-injury / opp-pass-rush tags: nullable until OL lane lands
2024,GB,2,0.5419,0.0558,"{'quick_game_rate': 0.0429, 'avg_air_yards_x10': -0.2114, 'shotgun_rate': 0.1667, 'early_down_pass_rate': -0.467, 'no_huddle_rate': -0.0359}",OL-injury / opp-pass-rush tags: nullable until OL lane lands
2024,GB,3,7.2702,0.9275,"{'quick_game_rate': 0.1531, 'avg_air_yards_x10': -0.0862, 'shotgun_rate': -0.0494, 'early_down_pass_rate': -0.0868, 'no_huddle_rate': -0.0159}",OL-injury / opp-pass-rush tags: nullable until OL lane lands
2024,GB,4,14.4934,0.9758,"{'quick_game_rate': -0.1592, 'avg_air_yards_x10': 0.3003, 'shotgun_rate': 0.1376, 'early_down_pass_rate': 0.3921, 'no_huddle_rate': 0.2258}",OL-injury / opp-pass-rush tags: nullable until OL lane lands
2024,GB,5,0.5029,0.052,"{'quick_game_rate': 0.0102, 'avg_air_yards_x10': -0.0339, 'shotgun_rate': -0.0265, 'early_down_pass_rate': 0.0149, 'no_huddle_rate': -0.0304}",OL-injury / opp-pass-rush tags: nullable until OL lane lands
2024,GB,6,3.2953,0.7007,"{'quick_game_rate': 0.1644, 'avg_air_yards_x10': -0.2247, 'shotgun_rate': -0.163, 'early_down_pass_rate': -0.0074, 'no_huddle_rate': -0.0191}",OL-injury / opp-pass-rush tags: nullable until OL lane lands
2024,GB,7,1.843,0.2602,"{'quick_game_rate': -0.1253, 'avg_air_yards_x10': 0.1065, 'shotgun_rate': -0.0119, 'early_down_pass_rate': 0.1844, 'no_huddle_rate': 0.0503}",OL-injury / opp-pass-rush tags: nullable until OL lane lands
2024,GB,8,2.5338,0.5372,"{'quick_game_rate': -0.168, 'avg_air_yards_x10': 0.2209, 'shotgun_rate': -0.0928, 'early_down_pass_rate': -0.0853, 'no_huddle_rate': -0.0038}",OL-injury / opp-pass-rush tags: nullable until OL lane lands
2024,GB,9,2.2287,0.4033,"{'quick_game_rate': 0.0325, 'avg_air_yards_x10': 0.097, 'shotgun_rate': 0.1324, 'early_down_pass_rate': 0.2044, 'no_huddle_rate': 0.0686}",OL-injury / opp-pass-rush tags: nullable until OL lane lands
2024,GB,11,1.8588,0.2677,"{'quick_game_rate': 0.0455, 'avg_air_yards_x10': -0.0118, 'shotgun_rate': -0.1478, 'early_down_pass_rate': -0.1016, 'no_huddle_rate': -0.0425}",OL-injury / opp-pass-rush tags: nullable until OL lane lands
2024,GB,12,3.1048,0.6747,"{'quick_game_rate': -0.0102, 'avg_air_yards_x10': 0.3714, 'shotgun_rate': -0.0976, 'early_down_pass_rate': -0.1449, 'no_huddle_rate': -0.0699}",OL-injury / opp-pass-rush tags: nullable until OL lane lands
2024,GB,13,1.7751,0.2361,"{'quick_game_rate': 0.1051, 'avg_air_yards_x10': -0.1168, 'shotgun_rate': -0.0831, 'early_down_pass_rate': -0.0004, 'no_huddle_rate': -0.0592}",OL-injury / opp-pass-rush tags: nullable until OL lane lands
2024,GB,14,2.166,0.3848,"{'quick_game_rate': -0.0463, 'avg_air_yards_x10': 0.115, 'shotgun_rate': -0.1775, 'early_down_pass_rate': -0.0035, 'no_huddle_rate': -0.0508}",OL-injury / opp-pass-rush tags: nullable until OL lane lands
2024,GB,15,2.0724,0.342,"{'quick_game_rate': 0.0999, 'avg_air_yards_x10': -0.2603, 'shotgun_rate': -0.0663, 'early_down_pass_rate': -0.0641, 'no_huddle_rate': 0.0124}",OL-injury / opp-pass-rush tags: nullable until OL lane lands
2024,GB,16,1.2024,0.1152,"{'quick_game_rate': 0.0334, 'avg_air_yards_x10': -0.0902, 'shotgun_rate': -0.0933, 'early_down_pass_rate': -0.062, 'no_huddle_rate': -0.0108}",OL-injury / opp-pass-rush tags: nullable until OL lane lands
2024,GB,17,3.6885,0.7565,"{'quick_game_rate': -0.1021, 'avg_air_yards_x10': 0.1558, 'shotgun_rate': 0.0665, 'early_down_pass_rate': 0.0458, 'no_huddle_rate': 0.2061}",OL-injury / opp-pass-rush tags: nullable until OL lane lands
2024,GB,18,1.4014,0.1394,"{'quick_game_rate': -0.0557, 'avg_air_yards_x10': -0.04, 'shotgun_rate': -0.0706, 'early_down_pass_rate': -0.0133, 'no_huddle_rate': 0.0787}",OL-injury / opp-pass-rush tags: nullable until OL lane lands
2024,GB,19,1.3578,0.132,"{'quick_game_rate': 0.0531, 'avg_air_yards_x10': -0.0222, 'shotgun_rate': 0.0867, 'early_down_pass_rate': 0.113, 'no_huddle_rate': 0.0144}",OL-injury / opp-pass-rush tags: nullable until OL lane lands
2024,HOU,2,0.1835,0.0093,"{'quick_game_rate': -0.0312, 'avg_air_yards_x10': -0.0181, 'shotgun_rate': 0.1, 'early_down_pass_rate': 0.1195, 'no_huddle_rate': -0.09}",OL-injury / opp-pass-rush tags: nullable until OL lane lands
2024,HOU,3,20.7589,0.987,"{'quick_game_rate': 0.1356, 'avg_air_yards_x10': -0.1622, 'shotgun_rate': 0.1425, 'early_down_pass_rate': 0.2537, 'no_huddle_rate': 0.1157}",OL-injury / opp-pass-rush tags: nullable until OL lane lands
2024,HOU,4,2.3326,0.4405,"{'quick_game_rate': -0.0608, 'avg_air_yards_x10': 0.0806, 'shotgun_rate': 0.1045, 'early_down_pass_rate': -0.0126, 'no_huddle_rate': -0.0856}",OL-injury / opp-pass-rush tags: nullable until OL lane lands
2024,HOU,5,1.9675,0.3104,"{'quick_game_rate': 0.0597, 'avg_air_yards_x10': -0.1103, 'shotgun_rate': -0.0151, 'early_down_pass_rate': -0.055, 'no_huddle_rate': -0.049}",OL-injury / opp-pass-rush tags: nullable until OL lane lands
2024,HOU,6,1.8637,0.2695,"{'quick_game_rate': -0.0575, 'avg_air_yards_x10': 0.1056, 'shotgun_rate': -0.0039, 'early_down_pass_rate': -0.0746, 'no_huddle_rate': -0.0358}",OL-injury / opp-pass-rush tags: nullable until OL lane lands
2024,HOU,7,2.8559,0.6208,"{'quick_game_rate': -0.0242, 'avg_air_yards_x10': -0.0115, 'shotgun_rate': -0.1361, 'early_down_pass_rate': -0.1906, 'no_huddle_rate': -0.0114}",OL-injury / opp-pass-rush tags: nullable until OL lane lands
2024,HOU,8,1.7512,0.223,"{'quick_game_rate': -0.004, 'avg_air_yards_x10': 0.0129, 'shotgun_rate': -0.1191, 'early_down_pass_rate': 0.0048, 'no_huddle_rate': -0.0468}",OL-injury / opp-pass-rush tags: nullable until OL lane lands
2024,HOU,9,12.3758,0.9684,"{'quick_game_rate': -0.2537, 'avg_air_yards_x10': 0.8212, 'shotgun_rate': -0.0243, 'early_down_pass_rate': -0.0685, 'no_huddle_rate': -0.0015}",OL-injury / opp-pass-rush tags: nullable until OL lane lands
2024,HOU,10,2.416,0.487,"{'quick_game_rate': -0.2128, 'avg_air_yards_x10': -0.0192, 'shotgun_rate': -0.0624, 'early_down_pass_rate': 0.0027, 'no_huddle_rate': -0.0093}",OL-injury / opp-pass-rush tags: nullable until OL lane lands
2024,HOU,11,2.5439,0.5446,"{'quick_game_rate': 0.1526, 'avg_air_yards_x10': -0.3294, 'shotgun_rate': -0.1267, 'early_down_pass_rate': 0.0241, 'no_huddle_rate': 0.0122}",OL-injury / opp-pass-rush tags: nullable until OL lane lands
2024,HOU,12,2.1765,0.3903,"{'quick_game_rate': -0.0539, 'avg_air_yards_x10': 0.0824, 'shotgun_rate': -0.0059, 'early_down_pass_rate': 0.1587, 'no_huddle_rate': 0.0555}",OL-injury / opp-pass-rush tags: nullable until OL lane lands
2024,HOU,13,1.66,0.2026,"{'quick_game_rate': -0.1215, 'avg_air_yards_x10': 0.0555, 'shotgun_rate': 0.0054, 'early_down_pass_rate': 0.0779, 'no_huddle_rate': -0.0431}",OL-injury / opp-pass-rush tags: nullable until OL lane lands
2024,HOU,15,1.4632,0.1506,"{'quick_game_rate': -0.0715, 'avg_air_yards_x10': -0.0644, 'shotgun_rate': -0.0651, 'early_down_pass_rate': 0.0568, 'no_huddle_rate': -0.0348}",OL-injury / opp-pass-rush tags: nullable until OL lane lands
2024,HOU,16,2.2388,0.4108,"{'quick_game_rate': -0.0792, 'avg_air_yards_x10': 0.2479, 'shotgun_rate': 0.0442, 'early_down_pass_rate': 0.1437, 'no_huddle_rate': -0.0373}",OL-injury / opp-pass-rush tags: nullable until OL lane lands
2024,HOU,17,2.3431,0.4442,"{'quick_game_rate': -0.1404, 'avg_air_yards_x10': 0.14, 'shotgun_rate': 0.107, 'early_down_pass_rate': 0.062, 'no_huddle_rate': 0.0406}",OL-injury / opp-pass-rush tags: nullable until OL lane lands
2024,HOU,18,2.1565,0.3773,"{'quick_game_rate': 0.096, 'avg_air_yards_x10': -0.1848, 'shotgun_rate': -0.1122, 'early_down_pass_rate': -0.0946, 'no_huddle_rate': -0.0019}",OL-injury / opp-pass-rush tags: nullable until OL lane lands
2024,HOU,19,1.9078,0.2844,"{'quick_game_rate': -0.1478, 'avg_air_yards_x10': 0.1402, 'shotgun_rate': -0.038, 'early_down_pass_rate': -0.0501, 'no_huddle_rate': -0.0397}",OL-injury / opp-pass-rush tags: nullable until OL lane lands
2024,HOU,20,1.641,0.1933,"{'quick_game_rate': -0.1157, 'avg_air_yards_x10': 0.1361, 'shotgun_rate': -0.0322, 'early_down_pass_rate': -0.0281, 'no_huddle_rate': 0.0416}",OL-injury / opp-pass-rush tags: nullable until OL lane lands
2024,IND,2,0.4754,0.0483,"{'quick_game_rate': 0.1834, 'avg_air_yards_x10': -0.3845, 'shotgun_rate': -0.0133, 'early_down_pass_rate': 0.1589, 'no_huddle_rate': 0.1381}",OL-injury / opp-pass-rush tags: nullable until OL lane lands
2024,IND,3,10.8783,0.961,"{'quick_game_rate': 0.1478, 'avg_air_yards_x10': -0.4848, 'shotgun_rate': -0.0655, 'early_down_pass_rate': -0.2623, 'no_huddle_rate': -0.0879}",OL-injury / opp-pass-rush tags: nullable until OL lane lands
2024,IND,4,1.5952,0.1784,"{'quick_game_rate': 0.0152, 'avg_air_yards_x10': -0.1949, 'shotgun_rate': 0.0105, 'early_down_pass_rate': -0.0081, 'no_huddle_rate': -0.0968}",OL-injury / opp-pass-rush tags: nullable until OL lane lands
2024,IND,5,5.5407,0.8717,"{'quick_game_rate': 0.2003, 'avg_air_yards_x10': -0.4773, 'shotgun_rate': -0.1199, 'early_down_pass_rate': 0.2109, 'no_huddle_rate': -0.0196}",OL-injury / opp-pass-rush tags: nullable until OL lane lands
2024,IND,6,1.7647,0.2323,"{'quick_game_rate': 0.1573, 'avg_air_yards_x10': -0.2467, 'shotgun_rate': -0.0108, 'early_down_pass_rate': -0.0283, 'no_huddle_rate': -0.042}",OL-injury / opp-pass-rush tags: nullable until OL lane lands
2024,IND,7,2.0983,0.355,"{'quick_game_rate': 0.0367, 'avg_air_yards_x10': -0.0988, 'shotgun_rate': -0.0215, 'early_down_pass_rate': -0.174, 'no_huddle_rate': -0.0903}",OL-injury / opp-pass-rush tags: nullable until OL lane lands
2024,IND,8,2.4314,0.4963,"{'quick_game_rate': -0.1687, 'avg_air_yards_x10': 0.4886, 'shotgun_rate': 0.0182, 'early_down_pass_rate': 0.003, 'no_huddle_rate': 0.0193}",OL-injury / opp-pass-rush tags: nullable until OL lane lands
2024,IND,9,5.743,0.8885,"{'quick_game_rate': 0.0017, 'avg_air_yards_x10': -0.3758, 'shotgun_rate': -0.2425, 'early_down_pass_rate': 0.0397, 'no_huddle_rate': -0.0455}",OL-injury / opp-pass-rush tags: nullable until OL lane lands
2024,IND,10,1.876,0.277,"{'quick_game_rate': 0.0798, 'avg_air_yards_x10': -0.3196, 'shotgun_rate': -0.0718, 'early_down_pass_rate': 0.0722, 'no_huddle_rate': 0.0548}",OL-injury / opp-pass-rush tags: nullable until OL lane lands
2024,IND,11,0.9927,0.0799,"{'quick_game_rate': 0.0194, 'avg_air_yards_x10': -0.0262, 'shotgun_rate': -0.0298, 'early_down_pass_rate': -0.1021, 'no_huddle_rate': 0.0014}",OL-injury / opp-pass-rush tags: nullable until OL lane lands
2024,IND,12,2.2924,0.4312,"{'quick_game_rate': -0.0942, 'avg_air_yards_x10': 0.2583, 'shotgun_rate': 0.1139, 'early_down_pass_rate': 0.05, 'no_huddle_rate': -0.0686}",OL-injury / opp-pass-rush tags: nullable until OL lane lands
2024,IND,13,2.75,0.6004,"{'quick_game_rate': -0.1161, 'avg_air_yards_x10': 0.5463, 'shotgun_rate': 0.0907, 'early_down_pass_rate': -0.1303, 'no_huddle_rate': -0.0047}",OL-injury / opp-pass-rush tags: nullable until OL lane lands
2024,IND,15,1.0714,0.0874,"{'quick_game_rate': -0.0042, 'avg_air_yards_x10': -0.2242, 'shotgun_rate': 0.0627, 'early_down_pass_rate': 0.0127, 'no_huddle_rate': -0.014}",OL-injury / opp-pass-rush tags: nullable until OL lane lands
2024,IND,16,4.0849,0.8011,"{'quick_game_rate': 0.1469, 'avg_air_yards_x10': -0.3123, 'shotgun_rate': 0.0332, 'early_down_pass_rate': -0.3643, 'no_huddle_rate': -0.0596}",OL-injury / opp-pass-rush tags: nullable until OL lane lands
2024,IND,17,1.5183,0.1561,"{'quick_game_rate': 0.039, 'avg_air_yards_x10': -0.0874, 'shotgun_rate': -0.0776, 'early_down_pass_rate': 0.0595, 'no_huddle_rate': -0.0525}",OL-injury / opp-pass-rush tags: nullable until OL lane lands
2024,IND,18,1.7898,0.2416,"{'quick_game_rate': 0.1392, 'avg_air_yards_x10': -0.1376, 'shotgun_rate': -0.0524, 'early_down_pass_rate': -0.0369, 'no_huddle_rate': -0.0389}",OL-injury / opp-pass-rush tags: nullable until OL lane lands
2024,JAX,2,0.4212,0.0465,"{'quick_game_rate': 0.0673, 'avg_air_yards_x10': 0.2742, 'shotgun_rate': 0.2207, 'early_down_pass_rate': 0.1932, 'no_huddle_rate': 0.1081}",OL-injury / opp-pass-rush tags: nullable until OL lane lands
2024,JAX,3,4.8153,0.8494,"{'quick_game_rate': 0.0637, 'avg_air_yards_x10': -0.4094, 'shotgun_rate': 0.1491, 'early_down_pass_rate': 0.2635, 'no_huddle_rate': -0.0647}",OL-injury / opp-pass-rush tags: nullable until OL lane lands
2024,JAX,4,0.8934,0.0706,"{'quick_game_rate': -0.0117, 'avg_air_yards_x10': 0.1578, 'shotgun_rate': 0.0218, 'early_down_pass_rate': -0.0463, 'no_huddle_rate': 0.0152}",OL-injury / opp-pass-rush tags: nullable until OL lane lands
2024,JAX,5,5.5213,0.8699,"{'quick_game_rate': 0.1847, 'avg_air_yards_x10': -0.3593, 'shotgun_rate': -0.0364, 'early_down_pass_rate': 0.0425, 'no_huddle_rate': -0.0237}",OL-injury / opp-pass-rush tags: nullable until OL lane lands
2024,JAX,6,2.8708,0.6357,"{'quick_game_rate': 0.0301, 'avg_air_yards_x10': -0.0992, 'shotgun_rate': 0.0885, 'early_down_pass_rate': 0.053, 'no_huddle_rate': 0.1117}",OL-injury / opp-pass-rush tags: nullable until OL lane lands
2024,JAX,7,3.8765,0.7751,"{'quick_game_rate': 0.1251, 'avg_air_yards_x10': -0.3777, 'shotgun_rate': -0.1597, 'early_down_pass_rate': -0.2623, 'no_huddle_rate': -0.0069}",OL-injury / opp-pass-rush tags: nullable until OL lane lands
2024,JAX,8,2.7622,0.6078,"{'quick_game_rate': -0.0866, 'avg_air_yards_x10': 0.0932, 'shotgun_rate': 0.1299, 'early_down_pass_rate': 0.0714, 'no_huddle_rate': 0.1108}",OL-injury / opp-pass-rush tags: nullable until OL lane lands
2024,JAX,9,2.1404,0.3699,"{'quick_game_rate': -0.0948, 'avg_air_yards_x10': 0.0225, 'shotgun_rate': 0.0251, 'early_down_pass_rate': 0.0326, 'no_huddle_rate': 0.1084}",OL-injury / opp-pass-rush tags: nullable until OL lane lands
2024,JAX,10,0.5728,0.0576,"{'quick_game_rate': -0.0169, 'avg_air_yards_x10': -0.061, 'shotgun_rate': -0.0225, 'early_down_pass_rate': 0.0307, 'no_huddle_rate': -0.0199}",OL-injury / opp-pass-rush tags: nullable until OL lane lands
2024,JAX,11,1.8727,0.2732,"{'quick_game_rate': 0.0131, 'avg_air_yards_x10': 0.3339, 'shotgun_rate': 0.0152, 'early_down_pass_rate': 0.047, 'no_huddle_rate': -0.0493}",OL-injury / opp-pass-rush tags: nullable until OL lane lands
2024,JAX,13,1.5989,0.1803,"{'quick_game_rate': -0.0423, 'avg_air_yards_x10': 0.2091, 'shotgun_rate': 0.0176, 'early_down_pass_rate': 0.0346, 'no_huddle_rate': 0.0679}",OL-injury / opp-pass-rush tags: nullable until OL lane lands
2024,JAX,14,4.0568,0.7955,"{'quick_game_rate': 0.2423, 'avg_air_yards_x10': -0.4055, 'shotgun_rate': 0.0295, 'early_down_pass_rate': -0.0252, 'no_huddle_rate': 0.0787}",OL-injury / opp-pass-rush tags: nullable until OL lane lands
2024,JAX,15,2.5112,0.526,"{'quick_game_rate': 0.1444, 'avg_air_yards_x10': -0.2729, 'shotgun_rate': 0.0901, 'early_down_pass_rate': 0.0386, 'no_huddle_rate': 0.072}",OL-injury / opp-pass-rush tags: nullable until OL lane lands
2024,JAX,16,2.6403,0.5799,"{'quick_game_rate': 0.1447, 'avg_air_yards_x10': -0.3172, 'shotgun_rate': 0.1212, 'early_down_pass_rate': 0.03, 'no_huddle_rate': 0.0548}",OL-injury / opp-pass-rush tags: nullable until OL lane lands
2024,JAX,17,2.4404,0.4981,"{'quick_game_rate': 0.1304, 'avg_air_yards_x10': -0.2991, 'shotgun_rate': -0.0637, 'early_down_pass_rate': -0.1443, 'no_huddle_rate': -0.0041}",OL-injury / opp-pass-rush tags: nullable until OL lane lands
2024,JAX,18,1.1757,0.1059,"{'quick_game_rate': 0.0797, 'avg_air_yards_x10': -0.0003, 'shotgun_rate': 0.0247, 'early_down_pass_rate': -0.0833, 'no_huddle_rate': 0.0075}",OL-injury / opp-pass-rush tags: nullable until OL lane lands
2024,KC,2,0.2169,0.0204,"{'quick_game_rate': 0.1129, 'avg_air_yards_x10': -0.1733, 'shotgun_rate': -0.0218, 'early_down_pass_rate': -0.0602, 'no_huddle_rate': 0.0129}",OL-injury / opp-pass-rush tags: nullable until OL lane lands
2024,KC,3,6.4848,0.9089,"{'quick_game_rate': 0.0031, 'avg_air_yards_x10': 0.0256, 'shotgun_rate': 0.0674, 'early_down_pass_rate': 0.0074, 'no_huddle_rate': -0.0124}",OL-injury / opp-pass-rush tags: nullable until OL lane lands
2024,KC,4,4.0956,0.8048,"{'quick_game_rate': -0.1129, 'avg_air_yards_x10': 0.1681, 'shotgun_rate': 0.0333, 'early_down_pass_rate': 0.0276, 'no_huddle_rate': 0.0137}",OL-injury / opp-pass-rush tags: nullable until OL lane lands
2024,KC,5,4.1847,0.8141,"{'quick_game_rate': 0.0046, 'avg_air_yards_x10': -0.125, 'shotgun_rate': -0.0867, 'early_down_pass_rate': -0.0055, 'no_huddle_rate': -0.0262}",OL-injury / opp-pass-rush tags: nullable until OL lane lands
2024,KC,7,9.3721,0.9517,"{'quick_game_rate': -0.0447, 'avg_air_yards_x10': 0.257, 'shotgun_rate': -0.1062, 'early_down_pass_rate': -0.1882, 'no_huddle_rate': -0.0209}",OL-injury / opp-pass-rush tags: nullable until OL lane lands
2024,KC,8,3.5786,0.7379,"{'quick_game_rate': -0.1433, 'avg_air_yards_x10': 0.1182, 'shotgun_rate': 0.1038, 'early_down_pass_rate': 0.0338, 'no_huddle_rate': -0.0174}",OL-injury / opp-pass-rush tags: nullable until OL lane lands
2024,KC,9,0.6456,0.0651,"{'quick_game_rate': 0.027, 'avg_air_yards_x10': 0.0394, 'shotgun_rate': -0.0199, 'early_down_pass_rate': 0.014, 'no_huddle_rate': -0.0029}",OL-injury / opp-pass-rush tags: nullable until OL lane lands
2024,KC,10,3.5814,0.7398,"{'quick_game_rate': 0.1253, 'avg_air_yards_x10': -0.0857, 'shotgun_rate': 0.0169, 'early_down_pass_rate': 0.1775, 'no_huddle_rate': -0.0146}",OL-injury / opp-pass-rush tags: nullable until OL lane lands
2024,KC,11,1.9567,0.3011,"{'quick_game_rate': -0.0206, 'avg_air_yards_x10': 0.1076, 'shotgun_rate': -0.0042, 'early_down_pass_rate': 0.1354, 'no_huddle_rate': 0.0062}",OL-injury / opp-pass-rush tags: nullable until OL lane lands
2024,KC,12,1.6137,0.184,"{'quick_game_rate': -0.03, 'avg_air_yards_x10': 0.0221, 'shotgun_rate': -0.0479, 'early_down_pass_rate': 0.1114, 'no_huddle_rate': 0.0011}",OL-injury / opp-pass-rush tags: nullable until OL lane lands
2024,KC,13,3.7843,0.7621,"{'quick_game_rate': -0.1108, 'avg_air_yards_x10': 0.2595, 'shotgun_rate': 0.066, 'early_down_pass_rate': 0.1675, 'no_huddle_rate': -0.0137}",OL-injury / opp-pass-rush tags: nullable until OL lane lands
2024,KC,14,1.8504,0.2621,"{'quick_game_rate': -0.0451, 'avg_air_yards_x10': 0.0715, 'shotgun_rate': -0.0247, 'early_down_pass_rate': 0.0435, 'no_huddle_rate': 0.0192}",OL-injury / opp-pass-rush tags: nullable until OL lane lands
2024,KC,15,3.1092,0.6766,"{'quick_game_rate': -0.1342, 'avg_air_yards_x10': 0.2443, 'shotgun_rate': -0.027, 'early_down_pass_rate': -0.0826, 'no_huddle_rate': -0.014}",OL-injury / opp-pass-rush tags: nullable until OL lane lands
2024,KC,16,1.8988,0.2825,"{'quick_game_rate': -0.0386, 'avg_air_yards_x10': -0.0724, 'shotgun_rate': 0.0724, 'early_down_pass_rate': 0.0267, 'no_huddle_rate': -0.013}",OL-injury / opp-pass-rush tags: nullable until OL lane lands
2024,KC,17,2.4134,0.4814,"{'quick_game_rate': -0.0181, 'avg_air_yards_x10': -0.0674, 'shotgun_rate': 0.0746, 'early_down_pass_rate': 0.0783, 'no_huddle_rate': 0.0218}",OL-injury / opp-pass-rush tags: nullable until OL lane lands
2024,KC,18,4.6694,0.8476,"{'quick_game_rate': -0.0665, 'avg_air_yards_x10': 0.0743, 'shotgun_rate': 0.2394, 'early_down_pass_rate': -0.0194, 'no_huddle_rate': -0.0135}",OL-injury / opp-pass-rush tags: nullable until OL lane lands
2024,KC,20,2.6083,0.5651,"{'quick_game_rate': -0.032, 'avg_air_yards_x10': -0.04, 'shotgun_rate': 0.1827, 'early_down_pass_rate': 0.0077, 'no_huddle_rate': -0.0127}",OL-injury / opp-pass-rush tags: nullable until OL lane lands
2024,KC,21,2.3691,0.4535,"{'quick_game_rate': -0.0517, 'avg_air_yards_x10': 0.1085, 'shotgun_rate': 0.0677, 'early_down_pass_rate': -0.1442, 'no_huddle_rate': -0.012}",OL-injury / opp-pass-rush tags: nullable until OL lane lands
2024,KC,22,8.271,0.9405,"{'quick_game_rate': -0.0563, 'avg_air_yards_x10': 0.1293, 'shotgun_rate': 0.1347, 'early_down_pass_rate': 0.2002, 'no_huddle_rate': 0.104}",OL-injury / opp-pass-rush tags: nullable until OL lane lands
2024,LA,2,0.1965,0.013,"{'quick_game_rate': 0.0212, 'avg_air_yards_x10': -0.003, 'shotgun_rate': -0.1419, 'early_down_pass_rate': -0.1141, 'no_huddle_rate': 0.0707}",OL-injury / opp-pass-rush tags: nullable until OL lane lands
2024,LA,3,374.7197,1.0,"{'quick_game_rate': -0.1974, 'avg_air_yards_x10': 0.5519, 'shotgun_rate': -0.3483, 'early_down_pass_rate': -0.0975, 'no_huddle_rate': -0.1388}",OL-injury / opp-pass-rush tags: nullable until OL lane lands
2024,LA,4,2.5269,0.5316,"{'quick_game_rate': -0.0334, 'avg_air_yards_x10': -0.0812, 'shotgun_rate': -0.3256, 'early_down_pass_rate': -0.0337, 'no_huddle_rate': -0.1107}",OL-injury / opp-pass-rush tags: nullable until OL lane lands
2024,LA,5,1.9755,0.3141,"{'quick_game_rate': 0.0254, 'avg_air_yards_x10': 0.0615, 'shotgun_rate': -0.0521, 'early_down_pass_rate': 0.0919, 'no_huddle_rate': 0.0858}",OL-injury / opp-pass-rush tags: nullable until OL lane lands
2024,LA,7,2.9575,0.6506,"{'quick_game_rate': 0.1393, 'avg_air_yards_x10': -0.1446, 'shotgun_rate': 0.1669, 'early_down_pass_rate': -0.1256, 'no_huddle_rate': -0.0202}",OL-injury / opp-pass-rush tags: nullable until OL lane lands
2024,LA,8,1.3603,0.1338,"{'quick_game_rate': 0.052, 'avg_air_yards_x10': 0.0195, 'shotgun_rate': -0.1171, 'early_down_pass_rate': -0.0568, 'no_huddle_rate': -0.0492}",OL-injury / opp-pass-rush tags: nullable until OL lane lands
2024,LA,9,2.1104,0.3606,"{'quick_game_rate': -0.0209, 'avg_air_yards_x10': 0.2459, 'shotgun_rate': -0.2212, 'early_down_pass_rate': 0.0601, 'no_huddle_rate': -0.0301}",OL-injury / opp-pass-rush tags: nullable until OL lane lands
2024,LA,10,3.9849,0.7862,"{'quick_game_rate': 0.1034, 'avg_air_yards_x10': -0.0869, 'shotgun_rate': 0.2065, 'early_down_pass_rate': 0.1435, 'no_huddle_rate': 0.1867}",OL-injury / opp-pass-rush tags: nullable until OL lane lands
2024,LA,11,2.6212,0.5706,"{'quick_game_rate': -0.1451, 'avg_air_yards_x10': 0.3043, 'shotgun_rate': 0.0263, 'early_down_pass_rate': -0.0565, 'no_huddle_rate': -0.0235}",OL-injury / opp-pass-rush tags: nullable until OL lane lands
2024,LA,12,1.3542,0.1264,"{'quick_game_rate': 0.0176, 'avg_air_yards_x10': -0.1493, 'shotgun_rate': -0.1054, 'early_down_pass_rate': 0.0699, 'no_huddle_rate': -0.0044}",OL-injury / opp-pass-rush tags: nullable until OL lane lands
2024,LA,13,3.1797,0.6877,"{'quick_game_rate': -0.0813, 'avg_air_yards_x10': 0.0462, 'shotgun_rate': -0.3672, 'early_down_pass_rate': -0.1536, 'no_huddle_rate': -0.0285}",OL-injury / opp-pass-rush tags: nullable until OL lane lands
2024,LA,14,3.477,0.7268,"{'quick_game_rate': -0.1328, 'avg_air_yards_x10': 0.1399, 'shotgun_rate': -0.1791, 'early_down_pass_rate': -0.2301, 'no_huddle_rate': -0.0599}",OL-injury / opp-pass-rush tags: nullable until OL lane lands
2024,LA,15,3.0149,0.6561,"{'quick_game_rate': 0.107, 'avg_air_yards_x10': -0.1235, 'shotgun_rate': -0.1835, 'early_down_pass_rate': -0.2252, 'no_huddle_rate': -0.0816}",OL-injury / opp-pass-rush tags: nullable until OL lane lands
2024,LA,16,3.7803,0.7602,"{'quick_game_rate': 0.154, 'avg_air_yards_x10': -0.4256, 'shotgun_rate': -0.172, 'early_down_pass_rate': -0.1936, 'no_huddle_rate': -0.0912}",OL-injury / opp-pass-rush tags: nullable until OL lane lands
2024,LA,17,1.5872,0.1747,"{'quick_game_rate': 0.0533, 'avg_air_yards_x10': -0.1635, 'shotgun_rate': 0.0602, 'early_down_pass_rate': 0.0414, 'no_huddle_rate': 0.0847}",OL-injury / opp-pass-rush tags: nullable until OL lane lands
2024,LA,18,1.7992,0.2491,"{'quick_game_rate': 0.0903, 'avg_air_yards_x10': -0.2111, 'shotgun_rate': -0.017, 'early_down_pass_rate': 0.0789, 'no_huddle_rate': -0.0601}",OL-injury / opp-pass-rush tags: nullable until OL lane lands
2024,LA,19,0.9576,0.0762,"{'quick_game_rate': 0.0805, 'avg_air_yards_x10': -0.0007, 'shotgun_rate': -0.0157, 'early_down_pass_rate': 0.0085, 'no_huddle_rate': -0.0257}",OL-injury / opp-pass-rush tags: nullable until OL lane lands
2024,LA,20,2.3823,0.4684,"{'quick_game_rate': -0.0763, 'avg_air_yards_x10': 0.2691, 'shotgun_rate': -0.0092, 'early_down_pass_rate': 0.1559, 'no_huddle_rate': 0.074}",OL-injury / opp-pass-rush tags: nullable until OL lane lands
2024,LAC,2,0.2752,0.0297,"{'quick_game_rate': 0.0231, 'avg_air_yards_x10': 0.0781, 'shotgun_rate': -0.1886, 'early_down_pass_rate': -0.1558, 'no_huddle_rate': -0.0962}",OL-injury / opp-pass-rush tags: nullable until OL lane lands
2024,LAC,3,18.0291,0.9814,"{'quick_game_rate': -0.1884, 'avg_air_yards_x10': 0.274, 'shotgun_rate': 0.2115, 'early_down_pass_rate': 0.1607, 'no_huddle_rate': -0.0254}",OL-injury / opp-pass-rush tags: nullable until OL lane lands
2024,LAC,4,1.7606,0.2305,"{'quick_game_rate': 0.067, 'avg_air_yards_x10': -0.0425, 'shotgun_rate': 0.1008, 'early_down_pass_rate': 0.0919, 'no_huddle_rate': -0.0396}",OL-injury / opp-pass-rush tags: nullable until OL lane lands
2024,LAC,6,2.4055,0.4758,"{'quick_game_rate': -0.0424, 'avg_air_yards_x10': 0.0857, 'shotgun_rate': -0.2428, 'early_down_pass_rate': 0.0504, 'no_huddle_rate': 0.0259}",OL-injury / opp-pass-rush tags: nullable until OL lane lands
2024,LAC,7,3.1214,0.6784,"{'quick_game_rate': -0.1128, 'avg_air_yards_x10': 0.1204, 'shotgun_rate': -0.0077, 'early_down_pass_rate': 0.1916, 'no_huddle_rate': 0.0445}",OL-injury / opp-pass-rush tags: nullable until OL lane lands
2024,LAC,8,1.6252,0.1896,"{'quick_game_rate': 0.0161, 'avg_air_yards_x10': -0.0183, 'shotgun_rate': -0.1885, 'early_down_pass_rate': 0.0069, 'no_huddle_rate': -0.0262}",OL-injury / opp-pass-rush tags: nullable until OL lane lands
2024,LAC,9,2.6234,0.5725,"{'quick_game_rate': -0.11, 'avg_air_yards_x10': 0.2187, 'shotgun_rate': 0.0469, 'early_down_pass_rate': 0.0131, 'no_huddle_rate': -0.0016}",OL-injury / opp-pass-rush tags: nullable until OL lane lands
2024,LAC,10,3.2619,0.6933,"{'quick_game_rate': 0.1631, 'avg_air_yards_x10': -0.1753, 'shotgun_rate': -0.1179, 'early_down_pass_rate': -0.1348, 'no_huddle_rate': -0.0384}",OL-injury / opp-pass-rush tags: nullable until OL lane lands
2024,LAC,11,5.4013,0.8662,"{'quick_game_rate': -0.2647, 'avg_air_yards_x10': 0.5337, 'shotgun_rate': 0.0231, 'early_down_pass_rate': 0.1193, 'no_huddle_rate': -0.0341}",OL-injury / opp-pass-rush tags: nullable until OL lane lands
2024,LAC,12,2.0512,0.3364,"{'quick_game_rate': -0.0786, 'avg_air_yards_x10': 0.1769, 'shotgun_rate': 0.0944, 'early_down_pass_rate': 0.141, 'no_huddle_rate': 0.0193}",OL-injury / opp-pass-rush tags: nullable until OL lane lands
2024,LAC,13,2.1435,0.3717,"{'quick_game_rate': -0.0715, 'avg_air_yards_x10': -0.1669, 'shotgun_rate': 0.0298, 'early_down_pass_rate': 0.1597, 'no_huddle_rate': -0.0325}",OL-injury / opp-pass-rush tags: nullable until OL lane lands
2024,LAC,14,1.6117,0.1822,"{'quick_game_rate': 0.0178, 'avg_air_yards_x10': 0.1686, 'shotgun_rate': -0.1035, 'early_down_pass_rate': 0.1059, 'no_huddle_rate': 0.0054}",OL-injury / opp-pass-rush tags: nullable until OL lane lands
2024,LAC,15,2.5195,0.5279,"{'quick_game_rate': 0.0752, 'avg_air_yards_x10': -0.0547, 'shotgun_rate': 0.0788, 'early_down_pass_rate': 0.2431, 'no_huddle_rate': 0.0115}",OL-injury / opp-pass-rush tags: nullable until OL lane lands
2024,LAC,16,2.9481,0.6487,"{'quick_game_rate': 0.124, 'avg_air_yards_x10': -0.1763, 'shotgun_rate': -0.1143, 'early_down_pass_rate': 0.0409, 'no_huddle_rate': 0.069}",OL-injury / opp-pass-rush tags: nullable until OL lane lands
2024,LAC,17,1.3565,0.1301,"{'quick_game_rate': -0.0722, 'avg_air_yards_x10': 0.103, 'shotgun_rate': -0.1056, 'early_down_pass_rate': -0.0442, 'no_huddle_rate': 0.0034}",OL-injury / opp-pass-rush tags: nullable until OL lane lands
2024,LAC,18,1.0709,0.0855,"{'quick_game_rate': 0.0216, 'avg_air_yards_x10': -0.077, 'shotgun_rate': -0.0778, 'early_down_pass_rate': 0.0212, 'no_huddle_rate': 0.0205}",OL-injury / opp-pass-rush tags: nullable until OL lane lands
2024,LAC,19,3.6041,0.7454,"{'quick_game_rate': -0.2128, 'avg_air_yards_x10': 0.4217, 'shotgun_rate': 0.0619, 'early_down_pass_rate': 0.1174, 'no_huddle_rate': 0.0371}",OL-injury / opp-pass-rush tags: nullable until OL lane lands
2024,LV,2,0.2853,0.0335,"{'quick_game_rate': -0.193, 'avg_air_yards_x10': 0.1669, 'shotgun_rate': 0.0, 'early_down_pass_rate': 0.1265, 'no_huddle_rate': -0.0169}",OL-injury / opp-pass-rush tags: nullable until OL lane lands
2024,LV,3,18.8455,0.9833,"{'quick_game_rate': -0.1202, 'avg_air_yards_x10': 0.2475, 'shotgun_rate': -0.0138, 'early_down_pass_rate': 0.0791, 'no_huddle_rate': 0.1565}",OL-injury / opp-pass-rush tags: nullable until OL lane lands
2024,LV,4,43.0564,0.9926,"{'quick_game_rate': 0.0532, 'avg_air_yards_x10': 0.2075, 'shotgun_rate': -0.2787, 'early_down_pass_rate': -0.2519, 'no_huddle_rate': -0.0302}",OL-injury / opp-pass-rush tags: nullable until OL lane lands
2024,LV,5,1.942,0.2974,"{'quick_game_rate': -0.111, 'avg_air_yards_x10': 0.182, 'shotgun_rate': -0.0895, 'early_down_pass_rate': -0.0257, 'no_huddle_rate': 0.0119}",OL-injury / opp-pass-rush tags: nullable until OL lane lands
2024,LV,6,1.9224,0.2918,"{'quick_game_rate': 0.1288, 'avg_air_yards_x10': -0.1108, 'shotgun_rate': 0.0814, 'early_down_pass_rate': 0.0398, 'no_huddle_rate': 0.0395}",OL-injury / opp-pass-rush tags: nullable until OL lane lands
2024,LV,7,3.1929,0.6896,"{'quick_game_rate': -0.1563, 'avg_air_yards_x10': 0.0195, 'shotgun_rate': -0.0986, 'early_down_pass_rate': -0.0766, 'no_huddle_rate': -0.137}",OL-injury / opp-pass-rush tags: nullable until OL lane lands
2024,LV,8,2.3814,0.4647,"{'quick_game_rate': 0.0867, 'avg_air_yards_x10': -0.1972, 'shotgun_rate': -0.002, 'early_down_pass_rate': -0.1081, 'no_huddle_rate': -0.0876}",OL-injury / opp-pass-rush tags: nullable until OL lane lands
2024,LV,9,1.8325,0.2584,"{'quick_game_rate': -0.016, 'avg_air_yards_x10': 0.1134, 'shotgun_rate': 0.159, 'early_down_pass_rate': 0.0276, 'no_huddle_rate': -0.0125}",OL-injury / opp-pass-rush tags: nullable until OL lane lands
2024,LV,11,2.6257,0.5743,"{'quick_game_rate': 0.0985, 'avg_air_yards_x10': -0.2338, 'shotgun_rate': -0.0092, 'early_down_pass_rate': 0.1415, 'no_huddle_rate': -0.0524}",OL-injury / opp-pass-rush tags: nullable until OL lane lands
2024,LV,12,1.962,0.3067,"{'quick_game_rate': 0.0569, 'avg_air_yards_x10': -0.1393, 'shotgun_rate': 0.0235, 'early_down_pass_rate': 0.1561, 'no_huddle_rate': -0.0016}",OL-injury / opp-pass-rush tags: nullable until OL lane lands
2024,LV,13,2.3876,0.474,"{'quick_game_rate': 0.0732, 'avg_air_yards_x10': 0.1374, 'shotgun_rate': -0.1662, 'early_down_pass_rate': -0.0546, 'no_huddle_rate': -0.0608}",OL-injury / opp-pass-rush tags: nullable until OL lane lands
2024,LV,14,1.0861,0.0929,"{'quick_game_rate': 0.0171, 'avg_air_yards_x10': 0.1331, 'shotgun_rate': -0.0377, 'early_down_pass_rate': 0.0008, 'no_huddle_rate': 0.0261}",OL-injury / opp-pass-rush tags: nullable until OL lane lands
2024,LV,15,4.0888,0.803,"{'quick_game_rate': -0.1308, 'avg_air_yards_x10': 0.3916, 'shotgun_rate': 0.2603, 'early_down_pass_rate': 0.0452, 'no_huddle_rate': 0.0016}",OL-injury / opp-pass-rush tags: nullable until OL lane lands
2024,LV,16,2.7131,0.5911,"{'quick_game_rate': 0.1154, 'avg_air_yards_x10': -0.0627, 'shotgun_rate': -0.1583, 'early_down_pass_rate': -0.0561, 'no_huddle_rate': -0.1081}",OL-injury / opp-pass-rush tags: nullable until OL lane lands
2024,LV,17,3.4363,0.7175,"{'quick_game_rate': -0.0359, 'avg_air_yards_x10': 0.2811, 'shotgun_rate': -0.1505, 'early_down_pass_rate': -0.1951, 'no_huddle_rate': -0.1024}",OL-injury / opp-pass-rush tags: nullable until OL lane lands
2024,LV,18,1.7897,0.2398,"{'quick_game_rate': -0.0202, 'avg_air_yards_x10': 0.1477, 'shotgun_rate': 0.0489, 'early_down_pass_rate': 0.0856, 'no_huddle_rate': 0.0816}",OL-injury / opp-pass-rush tags: nullable until OL lane lands
2024,MIA,2,0.2126,0.0186,"{'quick_game_rate': -0.0291, 'avg_air_yards_x10': 0.1761, 'shotgun_rate': 0.0913, 'early_down_pass_rate': -0.0654, 'no_huddle_rate': 0.0267}",OL-injury / opp-pass-rush tags: nullable until OL lane lands
2024,MIA,3,9.1029,0.9461,"{'quick_game_rate': 0.1031, 'avg_air_yards_x10': -0.0605, 'shotgun_rate': 0.0319, 'early_down_pass_rate': 0.1167, 'no_huddle_rate': 0.0581}",OL-injury / opp-pass-rush tags: nullable until OL lane lands
2024,MIA,4,2.4991,0.5242,"{'quick_game_rate': 0.0035, 'avg_air_yards_x10': 0.1159, 'shotgun_rate': -0.0384, 'early_down_pass_rate': -0.107, 'no_huddle_rate': 0.0043}",OL-injury / opp-pass-rush tags: nullable until OL lane lands
2024,MIA,5,9.141,0.948,"{'quick_game_rate': -0.298, 'avg_air_yards_x10': 0.2095, 'shotgun_rate': -0.1864, 'early_down_pass_rate': -0.1572, 'no_huddle_rate': -0.0338}",OL-injury / opp-pass-rush tags: nullable until OL lane lands
2024,MIA,7,4.3846,0.8271,"{'quick_game_rate': -0.1287, 'avg_air_yards_x10': 0.101, 'shotgun_rate': -0.2726, 'early_down_pass_rate': -0.1956, 'no_huddle_rate': 0.0327}",OL-injury / opp-pass-rush tags: nullable until OL lane lands
2024,MIA,8,2.735,0.5948,"{'quick_game_rate': 0.098, 'avg_air_yards_x10': -0.2665, 'shotgun_rate': -0.0697, 'early_down_pass_rate': 0.0846, 'no_huddle_rate': -0.0002}",OL-injury / opp-pass-rush tags: nullable until OL lane lands
2024,MIA,9,2.4215,0.4907,"{'quick_game_rate': 0.1216, 'avg_air_yards_x10': -0.2444, 'shotgun_rate': -0.1253, 'early_down_pass_rate': -0.022, 'no_huddle_rate': 0.0184}",OL-injury / opp-pass-rush tags: nullable until OL lane lands
2024,MIA,10,2.0841,0.3532,"{'quick_game_rate': 0.0349, 'avg_air_yards_x10': -0.1567, 'shotgun_rate': -0.1191, 'early_down_pass_rate': -0.0378, 'no_huddle_rate': -0.0347}",OL-injury / opp-pass-rush tags: nullable until OL lane lands
2024,MIA,11,2.0727,0.3439,"{'quick_game_rate': 0.0883, 'avg_air_yards_x10': -0.1772, 'shotgun_rate': 0.1801, 'early_down_pass_rate': -0.0053, 'no_huddle_rate': 0.0008}",OL-injury / opp-pass-rush tags: nullable until OL lane lands
2024,MIA,12,1.9144,0.2862,"{'quick_game_rate': 0.0758, 'avg_air_yards_x10': -0.1005, 'shotgun_rate': 0.0828, 'early_down_pass_rate': 0.1209, 'no_huddle_rate': 0.0166}",OL-injury / opp-pass-rush tags: nullable until OL lane lands
2024,MIA,13,6.8145,0.9182,"{'quick_game_rate': -0.0344, 'avg_air_yards_x10': 0.0194, 'shotgun_rate': 0.0997, 'early_down_pass_rate': 0.2336, 'no_huddle_rate': 0.1466}",OL-injury / opp-pass-rush tags: nullable until OL lane lands
2024,MIA,14,2.0574,0.3383,"{'quick_game_rate': -0.0532, 'avg_air_yards_x10': -0.0475, 'shotgun_rate': 0.1498, 'early_down_pass_rate': 0.1602, 'no_huddle_rate': 0.0159}",OL-injury / opp-pass-rush tags: nullable until OL lane lands
2024,MIA,15,2.4638,0.5093,"{'quick_game_rate': 0.0259, 'avg_air_yards_x10': -0.1969, 'shotgun_rate': -0.0117, 'early_down_pass_rate': 0.0797, 'no_huddle_rate': 0.0831}",OL-injury / opp-pass-rush tags: nullable until OL lane lands
2024,MIA,16,1.4915,0.1524,"{'quick_game_rate': 0.0666, 'avg_air_yards_x10': -0.0634, 'shotgun_rate': 0.0698, 'early_down_pass_rate': -0.063, 'no_huddle_rate': 0.0449}",OL-injury / opp-pass-rush tags: nullable until OL lane lands
2024,MIA,17,1.1126,0.0948,"{'quick_game_rate': -0.0754, 'avg_air_yards_x10': -0.0386, 'shotgun_rate': -0.0675, 'early_down_pass_rate': -0.015, 'no_huddle_rate': 0.0193}",OL-injury / opp-pass-rush tags: nullable until OL lane lands
2024,MIA,18,1.1468,0.1022,"{'quick_game_rate': 0.0591, 'avg_air_yards_x10': 0.0468, 'shotgun_rate': -0.0061, 'early_down_pass_rate': 0.0847, 'no_huddle_rate': 0.0174}",OL-injury / opp-pass-rush tags: nullable until OL lane lands
2024,MIN,2,0.1928,0.0112,"{'quick_game_rate': -0.0633, 'avg_air_yards_x10': -0.1325, 'shotgun_rate': 0.04, 'early_down_pass_rate': 0.1167, 'no_huddle_rate': 0.02}",OL-injury / opp-pass-rush tags: nullable until OL lane lands
2024,MIN,3,4.9457,0.8569,"{'quick_game_rate': 0.0198, 'avg_air_yards_x10': -0.0641, 'shotgun_rate': -0.0932, 'early_down_pass_rate': -0.0498, 'no_huddle_rate': -0.0083}",OL-injury / opp-pass-rush tags: nullable until OL lane lands
2024,MIN,4,7.5986,0.9331,"{'quick_game_rate': -0.0939, 'avg_air_yards_x10': 0.3073, 'shotgun_rate': 0.0065, 'early_down_pass_rate': -0.0286, 'no_huddle_rate': -0.0416}",OL-injury / opp-pass-rush tags: nullable until OL lane lands
2024,MIN,5,5.6613,0.881,"{'quick_game_rate': -0.1598, 'avg_air_yards_x10': 0.5202, 'shotgun_rate': -0.1055, 'early_down_pass_rate': 0.0193, 'no_huddle_rate': 0.0143}",OL-injury / opp-pass-rush tags: nullable until OL lane lands
2024,MIN,7,3.0506,0.6673,"{'quick_game_rate': 0.0157, 'avg_air_yards_x10': -0.1094, 'shotgun_rate': 0.1543, 'early_down_pass_rate': 0.0495, 'no_huddle_rate': -0.0054}",OL-injury / opp-pass-rush tags: nullable until OL lane lands
2024,MIN,8,2.1594,0.3792,"{'quick_game_rate': -0.1054, 'avg_air_yards_x10': 0.1525, 'shotgun_rate': 0.0146, 'early_down_pass_rate': 0.0412, 'no_huddle_rate': -0.0172}",OL-injury / opp-pass-rush tags: nullable until OL lane lands
2024,MIN,9,2.3181,0.4368,"{'quick_game_rate': -0.0047, 'avg_air_yards_x10': -0.2379, 'shotgun_rate': 0.037, 'early_down_pass_rate': 0.0203, 'no_huddle_rate': 0.0323}",OL-injury / opp-pass-rush tags: nullable until OL lane lands
2024,MIN,10,2.4081,0.4796,"{'quick_game_rate': -0.0951, 'avg_air_yards_x10': 0.0362, 'shotgun_rate': 0.0056, 'early_down_pass_rate': -0.0756, 'no_huddle_rate': -0.0129}",OL-injury / opp-pass-rush tags: nullable until OL lane lands
2024,MIN,11,0.9423,0.0725,"{'quick_game_rate': 0.052, 'avg_air_yards_x10': 0.0664, 'shotgun_rate': -0.021, 'early_down_pass_rate': 0.0076, 'no_huddle_rate': -0.0066}",OL-injury / opp-pass-rush tags: nullable until OL lane lands
2024,MIN,12,3.2745,0.697,"{'quick_game_rate': -0.0844, 'avg_air_yards_x10': -0.0645, 'shotgun_rate': -0.0035, 'early_down_pass_rate': 0.0264, 'no_huddle_rate': -0.0521}",OL-injury / opp-pass-rush tags: nullable until OL lane lands
2024,MIN,13,7.073,0.9238,"{'quick_game_rate': 0.0717, 'avg_air_yards_x10': -0.1973, 'shotgun_rate': 0.0999, 'early_down_pass_rate': 0.1971, 'no_huddle_rate': 0.1065}",OL-injury / opp-pass-rush tags: nullable until OL lane lands
2024,MIN,14,2.6454,0.5818,"{'quick_game_rate': -0.0541, 'avg_air_yards_x10': 0.1714, 'shotgun_rate': 0.1342, 'early_down_pass_rate': 0.0344, 'no_huddle_rate': 0.0297}",OL-injury / opp-pass-rush tags: nullable until OL lane lands
2024,MIN,15,2.5791,0.5539,"{'quick_game_rate': -0.0785, 'avg_air_yards_x10': -0.0411, 'shotgun_rate': 0.0506, 'early_down_pass_rate': 0.0131, 'no_huddle_rate': 0.0784}",OL-injury / opp-pass-rush tags: nullable until OL lane lands
2024,MIN,16,1.6436,0.1952,"{'quick_game_rate': -0.0443, 'avg_air_yards_x10': -0.1125, 'shotgun_rate': -0.0448, 'early_down_pass_rate': 0.0377, 'no_huddle_rate': -0.0425}",OL-injury / opp-pass-rush tags: nullable until OL lane lands
2024,MIN,17,2.1638,0.381,"{'quick_game_rate': 0.0649, 'avg_air_yards_x10': -0.1288, 'shotgun_rate': 0.0827, 'early_down_pass_rate': 0.081, 'no_huddle_rate': -0.003}",OL-injury / opp-pass-rush tags: nullable until OL lane lands
2024,MIN,18,3.3614,0.71,"{'quick_game_rate': 0.1358, 'avg_air_yards_x10': -0.1797, 'shotgun_rate': 0.1021, 'early_down_pass_rate': 0.0866, 'no_huddle_rate': 0.0566}",OL-injury / opp-pass-rush tags: nullable until OL lane lands
2024,MIN,19,5.752,0.8903,"{'quick_game_rate': -0.057, 'avg_air_yards_x10': 0.198, 'shotgun_rate': 0.1796, 'early_down_pass_rate': 0.1142, 'no_huddle_rate': 0.1852}",OL-injury / opp-pass-rush tags: nullable until OL lane lands
2024,NE,2,0.167,0.0074,"{'quick_game_rate': -0.0602, 'avg_air_yards_x10': -0.1046, 'shotgun_rate': 0.0688, 'early_down_pass_rate': 0.0821, 'no_huddle_rate': 0.043}",OL-injury / opp-pass-rush tags: nullable until OL lane lands
2024,NE,3,14.6721,0.9777,"{'quick_game_rate': 0.0269, 'avg_air_yards_x10': 0.1299, 'shotgun_rate': 0.2446, 'early_down_pass_rate': 0.3082, 'no_huddle_rate': 0.2165}",OL-injury / opp-pass-rush tags: nullable until OL lane lands
2024,NE,4,4.0828,0.7974,"{'quick_game_rate': 0.1044, 'avg_air_yards_x10': -0.1045, 'shotgun_rate': 0.0375, 'early_down_pass_rate': 0.0583, 'no_huddle_rate': -0.0459}",OL-injury / opp-pass-rush tags: nullable until OL lane lands
2024,NE,5,4.1022,0.8067,"{'quick_game_rate': -0.1225, 'avg_air_yards_x10': 0.2359, 'shotgun_rate': 0.031, 'early_down_pass_rate': 0.0938, 'no_huddle_rate': -0.115}",OL-injury / opp-pass-rush tags: nullable until OL lane lands
2024,NE,6,2.2206,0.4015,"{'quick_game_rate': 0.0536, 'avg_air_yards_x10': 0.0433, 'shotgun_rate': 0.1862, 'early_down_pass_rate': 0.0042, 'no_huddle_rate': -0.0444}",OL-injury / opp-pass-rush tags: nullable until OL lane lands
2024,NE,7,2.3863,0.4721,"{'quick_game_rate': -0.0176, 'avg_air_yards_x10': 0.0959, 'shotgun_rate': 0.1093, 'early_down_pass_rate': 0.2072, 'no_huddle_rate': 0.0609}",OL-injury / opp-pass-rush tags: nullable until OL lane lands
2024,NE,8,2.3389,0.4424,"{'quick_game_rate': -0.0286, 'avg_air_yards_x10': 0.2154, 'shotgun_rate': 0.0645, 'early_down_pass_rate': -0.0585, 'no_huddle_rate': 0.0629}",OL-injury / opp-pass-rush tags: nullable until OL lane lands
2024,NE,9,2.204,0.3959,"{'quick_game_rate': 0.025, 'avg_air_yards_x10': 0.051, 'shotgun_rate': 0.1633, 'early_down_pass_rate': 0.1687, 'no_huddle_rate': -0.0218}",OL-injury / opp-pass-rush tags: nullable until OL lane lands
2024,NE,10,2.4753,0.5112,"{'quick_game_rate': 0.0322, 'avg_air_yards_x10': 0.1248, 'shotgun_rate': -0.1461, 'early_down_pass_rate': -0.1389, 'no_huddle_rate': -0.0987}",OL-injury / opp-pass-rush tags: nullable until OL lane lands
2024,NE,11,1.6776,0.2063,"{'quick_game_rate': -0.0695, 'avg_air_yards_x10': -0.0786, 'shotgun_rate': 0.0546, 'early_down_pass_rate': 0.0489, 'no_huddle_rate': 0.0361}",OL-injury / opp-pass-rush tags: nullable until OL lane lands
2024,NE,12,2.4409,0.5,"{'quick_game_rate': -0.0247, 'avg_air_yards_x10': 0.0559, 'shotgun_rate': 0.1865, 'early_down_pass_rate': 0.0705, 'no_huddle_rate': 0.1141}",OL-injury / opp-pass-rush tags: nullable until OL lane lands
2024,NE,13,2.0767,0.3476,"{'quick_game_rate': -0.0893, 'avg_air_yards_x10': -0.0572, 'shotgun_rate': -0.0505, 'early_down_pass_rate': -0.0317, 'no_huddle_rate': -0.0714}",OL-injury / opp-pass-rush tags: nullable until OL lane lands
2024,NE,15,2.6567,0.5836,"{'quick_game_rate': 0.1364, 'avg_air_yards_x10': 0.0394, 'shotgun_rate': 0.0102, 'early_down_pass_rate': 0.0015, 'no_huddle_rate': 0.0705}",OL-injury / opp-pass-rush tags: nullable until OL lane lands
2024,NE,16,1.8,0.2509,"{'quick_game_rate': 0.0578, 'avg_air_yards_x10': -0.1184, 'shotgun_rate': -0.1019, 'early_down_pass_rate': 0.0364, 'no_huddle_rate': -0.0266}",OL-injury / opp-pass-rush tags: nullable until OL lane lands
2024,NE,17,2.3445,0.4461,"{'quick_game_rate': -0.0711, 'avg_air_yards_x10': 0.1631, 'shotgun_rate': 0.1377, 'early_down_pass_rate': -0.0133, 'no_huddle_rate': 0.0283}",OL-injury / opp-pass-rush tags: nullable until OL lane lands
2024,NE,18,2.8682,0.6338,"{'quick_game_rate': -0.0916, 'avg_air_yards_x10': 0.2254, 'shotgun_rate': 0.1063, 'early_down_pass_rate': -0.0235, 'no_huddle_rate': -0.0661}",OL-injury / opp-pass-rush tags: nullable until OL lane lands
2024,NO,2,0.2228,0.026,"{'quick_game_rate': 0.0208, 'avg_air_yards_x10': -0.0354, 'shotgun_rate': -0.1796, 'early_down_pass_rate': -0.1243, 'no_huddle_rate': -0.0161}",OL-injury / opp-pass-rush tags: nullable until OL lane lands
2024,NO,3,11.364,0.9665,"{'quick_game_rate': -0.0321, 'avg_air_yards_x10': -0.177, 'shotgun_rate': 0.2118, 'early_down_pass_rate': 0.0836, 'no_huddle_rate': 0.0284}",OL-injury / opp-pass-rush tags: nullable until OL lane lands
2024,NO,4,7.0702,0.9219,"{'quick_game_rate': 0.0697, 'avg_air_yards_x10': -0.2539, 'shotgun_rate': 0.1035, 'early_down_pass_rate': 0.1148, 'no_huddle_rate': 0.0682}",OL-injury / opp-pass-rush tags: nullable until OL lane lands
2024,NO,5,5.0296,0.8587,"{'quick_game_rate': 0.0126, 'avg_air_yards_x10': 0.4278, 'shotgun_rate': 0.1748, 'early_down_pass_rate': 0.218, 'no_huddle_rate': 0.0635}",OL-injury / opp-pass-rush tags: nullable until OL lane lands
2024,NO,6,4.3184,0.8253,"{'quick_game_rate': -0.0863, 'avg_air_yards_x10': 0.0029, 'shotgun_rate': 0.2328, 'early_down_pass_rate': 0.2001, 'no_huddle_rate': 0.0759}",OL-injury / opp-pass-rush tags: nullable until OL lane lands
2024,NO,7,5.6976,0.8848,"{'quick_game_rate': -0.0085, 'avg_air_yards_x10': -0.11, 'shotgun_rate': 0.2556, 'early_down_pass_rate': 0.1889, 'no_huddle_rate': 0.2324}",OL-injury / opp-pass-rush tags: nullable until OL lane lands
2024,NO,8,2.1649,0.3829,"{'quick_game_rate': -0.0457, 'avg_air_yards_x10': -0.0802, 'shotgun_rate': 0.2019, 'early_down_pass_rate': 0.1331, 'no_huddle_rate': 0.0687}",OL-injury / opp-pass-rush tags: nullable until OL lane lands
2024,NO,9,2.2788,0.4257,"{'quick_game_rate': 0.0538, 'avg_air_yards_x10': -0.1462, 'shotgun_rate': -0.076, 'early_down_pass_rate': -0.2043, 'no_huddle_rate': 0.0183}",OL-injury / opp-pass-rush tags: nullable until OL lane lands
2024,NO,10,1.54,0.1673,"{'quick_game_rate': 0.054, 'avg_air_yards_x10': 0.0094, 'shotgun_rate': -0.0408, 'early_down_pass_rate': -0.1042, 'no_huddle_rate': 0.0163}",OL-injury / opp-pass-rush tags: nullable until OL lane lands
2024,NO,11,1.7573,0.2286,"{'quick_game_rate': 0.0693, 'avg_air_yards_x10': -0.0439, 'shotgun_rate': -0.0347, 'early_down_pass_rate': -0.0438, 'no_huddle_rate': -0.0339}",OL-injury / opp-pass-rush tags: nullable until OL lane lands
2024,NO,13,1.6245,0.1877,"{'quick_game_rate': 0.0639, 'avg_air_yards_x10': -0.0783, 'shotgun_rate': 0.0806, 'early_down_pass_rate': -0.0265, 'no_huddle_rate': -0.0009}",OL-injury / opp-pass-rush tags: nullable until OL lane lands
2024,NO,14,2.8681,0.632,"{'quick_game_rate': -0.0791, 'avg_air_yards_x10': 0.2906, 'shotgun_rate': 0.0182, 'early_down_pass_rate': 0.0059, 'no_huddle_rate': -0.0868}",OL-injury / opp-pass-rush tags: nullable until OL lane lands
2024,NO,15,4.0464,0.7918,"{'quick_game_rate': -0.1698, 'avg_air_yards_x10': 0.2005, 'shotgun_rate': 0.2038, 'early_down_pass_rate': 0.1006, 'no_huddle_rate': 0.0025}",OL-injury / opp-pass-rush tags: nullable until OL lane lands
2024,NO,16,2.543,0.5428,"{'quick_game_rate': -0.1115, 'avg_air_yards_x10': 0.1023, 'shotgun_rate': 0.2373, 'early_down_pass_rate': 0.0381, 'no_huddle_rate': 0.0175}",OL-injury / opp-pass-rush tags: nullable until OL lane lands
2024,NO,17,2.8796,0.6394,"{'quick_game_rate': -0.0374, 'avg_air_yards_x10': -0.0101, 'shotgun_rate': 0.2781, 'early_down_pass_rate': 0.2236, 'no_huddle_rate': 0.054}",OL-injury / opp-pass-rush tags: nullable until OL lane lands
2024,NO,18,1.7488,0.2193,"{'quick_game_rate': -0.0112, 'avg_air_yards_x10': 0.0771, 'shotgun_rate': 0.1289, 'early_down_pass_rate': 0.1525, 'no_huddle_rate': -0.0526}",OL-injury / opp-pass-rush tags: nullable until OL lane lands
2024,NYG,2,0.5875,0.0613,"{'quick_game_rate': -0.0119, 'avg_air_yards_x10': 0.5143, 'shotgun_rate': -0.2406, 'early_down_pass_rate': -0.1505, 'no_huddle_rate': -0.0044}",OL-injury / opp-pass-rush tags: nullable until OL lane lands
2024,NYG,3,15.234,0.9796,"{'quick_game_rate': 0.087, 'avg_air_yards_x10': -0.12, 'shotgun_rate': 0.037, 'early_down_pass_rate': -0.0439, 'no_huddle_rate': -0.0093}",OL-injury / opp-pass-rush tags: nullable until OL lane lands
2024,NYG,4,20.4537,0.9851,"{'quick_game_rate': -0.0206, 'avg_air_yards_x10': 0.2661, 'shotgun_rate': 0.0142, 'early_down_pass_rate': -0.0029, 'no_huddle_rate': -0.0967}",OL-injury / opp-pass-rush tags: nullable until OL lane lands
2024,NYG,5,2.7386,0.5967,"{'quick_game_rate': 0.0521, 'avg_air_yards_x10': -0.2862, 'shotgun_rate': 0.0115, 'early_down_pass_rate': -0.0477, 'no_huddle_rate': -0.0738}",OL-injury / opp-pass-rush tags: nullable until OL lane lands
2024,NYG,6,4.1386,0.8086,"{'quick_game_rate': -0.0118, 'avg_air_yards_x10': -0.0279, 'shotgun_rate': 0.1408, 'early_down_pass_rate': 0.0696, 'no_huddle_rate': 0.166}",OL-injury / opp-pass-rush tags: nullable until OL lane lands
2024,NYG,7,3.6592,0.7528,"{'quick_game_rate': -0.0382, 'avg_air_yards_x10': -0.0254, 'shotgun_rate': 0.0879, 'early_down_pass_rate': 0.0752, 'no_huddle_rate': 0.2323}",OL-injury / opp-pass-rush tags: nullable until OL lane lands
2024,NYG,8,2.8599,0.6264,"{'quick_game_rate': -0.0685, 'avg_air_yards_x10': 0.1465, 'shotgun_rate': 0.169, 'early_down_pass_rate': -0.0115, 'no_huddle_rate': 0.0423}",OL-injury / opp-pass-rush tags: nullable until OL lane lands
2024,NYG,9,3.9502,0.7825,"{'quick_game_rate': -0.1368, 'avg_air_yards_x10': -0.0084, 'shotgun_rate': -0.0165, 'early_down_pass_rate': -0.1026, 'no_huddle_rate': -0.0739}",OL-injury / opp-pass-rush tags: nullable until OL lane lands
2024,NYG,10,1.8505,0.2639,"{'quick_game_rate': -0.0447, 'avg_air_yards_x10': 0.0057, 'shotgun_rate': -0.0835, 'early_down_pass_rate': -0.0834, 'no_huddle_rate': -0.0327}",OL-injury / opp-pass-rush tags: nullable until OL lane lands
2024,NYG,12,2.2859,0.4294,"{'quick_game_rate': 0.0536, 'avg_air_yards_x10': -0.1223, 'shotgun_rate': 0.087, 'early_down_pass_rate': 0.1036, 'no_huddle_rate': 0.0356}",OL-injury / opp-pass-rush tags: nullable until OL lane lands
2024,NYG,13,2.6752,0.5855,"{'quick_game_rate': 0.1111, 'avg_air_yards_x10': -0.1768, 'shotgun_rate': 0.0091, 'early_down_pass_rate': 0.0816, 'no_huddle_rate': -0.0635}",OL-injury / opp-pass-rush tags: nullable until OL lane lands
2024,NYG,14,2.9688,0.6524,"{'quick_game_rate': -0.0336, 'avg_air_yards_x10': 0.0234, 'shotgun_rate': 0.0533, 'early_down_pass_rate': 0.0844, 'no_huddle_rate': 0.2254}",OL-injury / opp-pass-rush tags: nullable until OL lane lands
2024,NYG,15,2.8563,0.6227,"{'quick_game_rate': 0.1239, 'avg_air_yards_x10': -0.1831, 'shotgun_rate': 0.0721, 'early_down_pass_rate': 0.0569, 'no_huddle_rate': -0.1094}",OL-injury / opp-pass-rush tags: nullable until OL lane lands
2024,NYG,16,2.5351,0.5409,"{'quick_game_rate': 0.0548, 'avg_air_yards_x10': -0.1697, 'shotgun_rate': 0.0145, 'early_down_pass_rate': 0.145, 'no_huddle_rate': -0.0082}",OL-injury / opp-pass-rush tags: nullable until OL lane lands
2024,NYG,17,3.3798,0.7138,"{'quick_game_rate': -0.0426, 'avg_air_yards_x10': 0.0763, 'shotgun_rate': -0.1627, 'early_down_pass_rate': -0.1869, 'no_huddle_rate': -0.0737}",OL-injury / opp-pass-rush tags: nullable until OL lane lands
2024,NYG,18,5.2243,0.8643,"{'quick_game_rate': 0.3005, 'avg_air_yards_x10': -0.3412, 'shotgun_rate': -0.0432, 'early_down_pass_rate': -0.0212, 'no_huddle_rate': -0.0171}",OL-injury / opp-pass-rush tags: nullable until OL lane lands
2024,NYJ,2,0.2228,0.026,"{'quick_game_rate': -0.0195, 'avg_air_yards_x10': -0.1157, 'shotgun_rate': 0.0327, 'early_down_pass_rate': -0.0327, 'no_huddle_rate': -0.1836}",OL-injury / opp-pass-rush tags: nullable until OL lane lands
2024,NYJ,3,11.236,0.9647,"{'quick_game_rate': -0.005, 'avg_air_yards_x10': 0.0312, 'shotgun_rate': -0.1421, 'early_down_pass_rate': -0.1149, 'no_huddle_rate': -0.0853}",OL-injury / opp-pass-rush tags: nullable until OL lane lands
2024,NYJ,4,5.1173,0.8606,"{'quick_game_rate': -0.0272, 'avg_air_yards_x10': 0.1036, 'shotgun_rate': 0.1481, 'early_down_pass_rate': 0.1408, 'no_huddle_rate': -0.0141}",OL-injury / opp-pass-rush tags: nullable until OL lane lands
2024,NYJ,5,6.3881,0.9071,"{'quick_game_rate': -0.068, 'avg_air_yards_x10': 0.1232, 'shotgun_rate': 0.1427, 'early_down_pass_rate': 0.2443, 'no_huddle_rate': -0.0117}",OL-injury / opp-pass-rush tags: nullable until OL lane lands
2024,NYJ,6,2.6015,0.5632,"{'quick_game_rate': 0.017, 'avg_air_yards_x10': 0.0588, 'shotgun_rate': 0.2237, 'early_down_pass_rate': -0.0225, 'no_huddle_rate': -0.0431}",OL-injury / opp-pass-rush tags: nullable until OL lane lands
2024,NYJ,7,3.3727,0.7119,"{'quick_game_rate': 0.0325, 'avg_air_yards_x10': -0.1648, 'shotgun_rate': 0.2346, 'early_down_pass_rate': 0.0579, 'no_huddle_rate': -0.051}",OL-injury / opp-pass-rush tags: nullable until OL lane lands
2024,NYJ,8,5.4104,0.868,"{'quick_game_rate': -0.0976, 'avg_air_yards_x10': 0.3168, 'shotgun_rate': 0.1339, 'early_down_pass_rate': -0.1335, 'no_huddle_rate': -0.0794}",OL-injury / opp-pass-rush tags: nullable until OL lane lands
2024,NYJ,9,3.0456,0.6654,"{'quick_game_rate': 0.1065, 'avg_air_yards_x10': -0.1232, 'shotgun_rate': 0.0712, 'early_down_pass_rate': -0.0239, 'no_huddle_rate': 0.0786}",OL-injury / opp-pass-rush tags: nullable until OL lane lands
2024,NYJ,10,2.2688,0.4182,"{'quick_game_rate': 0.0099, 'avg_air_yards_x10': -0.0591, 'shotgun_rate': -0.0064, 'early_down_pass_rate': 0.0332, 'no_huddle_rate': 0.14}",OL-injury / opp-pass-rush tags: nullable until OL lane lands
2024,NYJ,11,2.8229,0.6171,"{'quick_game_rate': 0.0927, 'avg_air_yards_x10': -0.2542, 'shotgun_rate': -0.0386, 'early_down_pass_rate': -0.0066, 'no_huddle_rate': -0.0345}",OL-injury / opp-pass-rush tags: nullable until OL lane lands
2024,NYJ,13,1.8874,0.2788,"{'quick_game_rate': -0.0837, 'avg_air_yards_x10': 0.1234, 'shotgun_rate': -0.024, 'early_down_pass_rate': -0.0071, 'no_huddle_rate': -0.0407}",OL-injury / opp-pass-rush tags: nullable until OL lane lands
2024,NYJ,14,1.654,0.197,"{'quick_game_rate': 0.0258, 'avg_air_yards_x10': 0.0054, 'shotgun_rate': -0.1131, 'early_down_pass_rate': 0.0075, 'no_huddle_rate': -0.0857}",OL-injury / opp-pass-rush tags: nullable until OL lane lands
2024,NYJ,15,6.5322,0.9126,"{'quick_game_rate': -0.2326, 'avg_air_yards_x10': 0.644, 'shotgun_rate': -0.07, 'early_down_pass_rate': -0.0611, 'no_huddle_rate': -0.0421}",OL-injury / opp-pass-rush tags: nullable until OL lane lands
2024,NYJ,16,1.3565,0.1301,"{'quick_game_rate': 0.0697, 'avg_air_yards_x10': -0.1892, 'shotgun_rate': -0.0042, 'early_down_pass_rate': -0.0027, 'no_huddle_rate': 0.035}",OL-injury / opp-pass-rush tags: nullable until OL lane lands
2024,NYJ,17,1.9207,0.2881,"{'quick_game_rate': 0.071, 'avg_air_yards_x10': -0.2809, 'shotgun_rate': -0.0947, 'early_down_pass_rate': 0.0283, 'no_huddle_rate': -0.0267}",OL-injury / opp-pass-rush tags: nullable until OL lane lands
2024,NYJ,18,3.2996,0.7026,"{'quick_game_rate': 0.0902, 'avg_air_yards_x10': -0.0528, 'shotgun_rate': -0.0615, 'early_down_pass_rate': 0.0429, 'no_huddle_rate': 0.193}",OL-injury / opp-pass-rush tags: nullable until OL lane lands
2024,PHI,2,0.1347,0.0037,"{'quick_game_rate': -0.0122, 'avg_air_yards_x10': -0.1045, 'shotgun_rate': -0.0331, 'early_down_pass_rate': -0.0458, 'no_huddle_rate': -0.0623}",OL-injury / opp-pass-rush tags: nullable until OL lane lands
2024,PHI,3,13.8351,0.9721,"{'quick_game_rate': 0.0659, 'avg_air_yards_x10': 0.0311, 'shotgun_rate': 0.0242, 'early_down_pass_rate': 0.1695, 'no_huddle_rate': -0.13}",OL-injury / opp-pass-rush tags: nullable until OL lane lands
2024,PHI,4,7.9656,0.9387,"{'quick_game_rate': -0.1281, 'avg_air_yards_x10': 0.254, 'shotgun_rate': -0.0161, 'early_down_pass_rate': 0.1838, 'no_huddle_rate': 0.2028}",OL-injury / opp-pass-rush tags: nullable until OL lane lands
2024,PHI,6,3.5569,0.7361,"{'quick_game_rate': -0.0893, 'avg_air_yards_x10': 0.2532, 'shotgun_rate': -0.0237, 'early_down_pass_rate': -0.0953, 'no_huddle_rate': 0.1841}",OL-injury / opp-pass-rush tags: nullable until OL lane lands
2024,PHI,7,6.5347,0.9145,"{'quick_game_rate': 0.0885, 'avg_air_yards_x10': -0.0934, 'shotgun_rate': -0.1013, 'early_down_pass_rate': -0.2889, 'no_huddle_rate': 0.0304}",OL-injury / opp-pass-rush tags: nullable until OL lane lands
2024,PHI,8,5.9837,0.8959,"{'quick_game_rate': -0.0262, 'avg_air_yards_x10': 0.0871, 'shotgun_rate': -0.2372, 'early_down_pass_rate': -0.1874, 'no_huddle_rate': -0.0513}",OL-injury / opp-pass-rush tags: nullable until OL lane lands
2024,PHI,9,2.3505,0.4498,"{'quick_game_rate': -0.0225, 'avg_air_yards_x10': 0.1972, 'shotgun_rate': -0.1352, 'early_down_pass_rate': -0.1355, 'no_huddle_rate': -0.0314}",OL-injury / opp-pass-rush tags: nullable until OL lane lands
2024,PHI,10,2.3171,0.4349,"{'quick_game_rate': -0.0652, 'avg_air_yards_x10': 0.2441, 'shotgun_rate': -0.065, 'early_down_pass_rate': -0.0417, 'no_huddle_rate': -0.0728}",OL-injury / opp-pass-rush tags: nullable until OL lane lands
2024,PHI,11,1.5332,0.1617,"{'quick_game_rate': -0.0481, 'avg_air_yards_x10': -0.1849, 'shotgun_rate': 0.0173, 'early_down_pass_rate': -0.0254, 'no_huddle_rate': 0.0377}",OL-injury / opp-pass-rush tags: nullable until OL lane lands
2024,PHI,12,1.8901,0.2807,"{'quick_game_rate': -0.0531, 'avg_air_yards_x10': -0.1781, 'shotgun_rate': -0.0372, 'early_down_pass_rate': -0.0991, 'no_huddle_rate': -0.0742}",OL-injury / opp-pass-rush tags: nullable until OL lane lands
2024,PHI,13,1.9477,0.2993,"{'quick_game_rate': -0.0817, 'avg_air_yards_x10': 0.0137, 'shotgun_rate': -0.057, 'early_down_pass_rate': -0.0154, 'no_huddle_rate': 0.1036}",OL-injury / opp-pass-rush tags: nullable until OL lane lands
2024,PHI,14,2.0439,0.3346,"{'quick_game_rate': 0.0754, 'avg_air_yards_x10': -0.1895, 'shotgun_rate': 0.0581, 'early_down_pass_rate': 0.0098, 'no_huddle_rate': 0.0635}",OL-injury / opp-pass-rush tags: nullable until OL lane lands
2024,PHI,15,1.8058,0.2565,"{'quick_game_rate': 0.0294, 'avg_air_yards_x10': -0.119, 'shotgun_rate': 0.1245, 'early_down_pass_rate': 0.0116, 'no_huddle_rate': 0.021}",OL-injury / opp-pass-rush tags: nullable until OL lane lands
2024,PHI,16,2.4596,0.5074,"{'quick_game_rate': 0.0675, 'avg_air_yards_x10': 0.0252, 'shotgun_rate': 0.1697, 'early_down_pass_rate': -0.0642, 'no_huddle_rate': -0.053}",OL-injury / opp-pass-rush tags: nullable until OL lane lands
2024,PHI,17,3.8735,0.7732,"{'quick_game_rate': -0.1926, 'avg_air_yards_x10': 0.2286, 'shotgun_rate': -0.0958, 'early_down_pass_rate': -0.1172, 'no_huddle_rate': -0.0066}",OL-injury / opp-pass-rush tags: nullable until OL lane lands
2024,PHI,18,2.8538,0.619,"{'quick_game_rate': -0.033, 'avg_air_yards_x10': -0.1429, 'shotgun_rate': -0.0629, 'early_down_pass_rate': 0.2412, 'no_huddle_rate': -0.1088}",OL-injury / opp-pass-rush tags: nullable until OL lane lands
2024,PHI,19,1.0785,0.0892,"{'quick_game_rate': -0.0182, 'avg_air_yards_x10': -0.1454, 'shotgun_rate': 0.0074, 'early_down_pass_rate': -0.0039, 'no_huddle_rate': 0.0318}",OL-injury / opp-pass-rush tags: nullable until OL lane lands
2024,PHI,20,2.8584,0.6245,"{'quick_game_rate': 0.1566, 'avg_air_yards_x10': -0.14, 'shotgun_rate': 0.1177, 'early_down_pass_rate': 0.0191, 'no_huddle_rate': 0.061}",OL-injury / opp-pass-rush tags: nullable until OL lane lands
2024,PHI,21,2.3766,0.4628,"{'quick_game_rate': 0.1413, 'avg_air_yards_x10': -0.2026, 'shotgun_rate': -0.0231, 'early_down_pass_rate': 0.0014, 'no_huddle_rate': 0.0488}",OL-injury / opp-pass-rush tags: nullable until OL lane lands
2024,PHI,22,1.8029,0.2528,"{'quick_game_rate': -0.1174, 'avg_air_yards_x10': 0.0891, 'shotgun_rate': 0.0581, 'early_down_pass_rate': -0.0683, 'no_huddle_rate': -0.0077}",OL-injury / opp-pass-rush tags: nullable until OL lane lands
2024,PIT,2,0.2084,0.0149,"{'quick_game_rate': -0.0957, 'avg_air_yards_x10': 0.1685, 'shotgun_rate': -0.0516, 'early_down_pass_rate': -0.0506, 'no_huddle_rate': 0.0259}",OL-injury / opp-pass-rush tags: nullable until OL lane lands
2024,PIT,3,14.4468,0.974,"{'quick_game_rate': -0.0854, 'avg_air_yards_x10': -0.0908, 'shotgun_rate': 0.2006, 'early_down_pass_rate': 0.1534, 'no_huddle_rate': -0.1341}",OL-injury / opp-pass-rush tags: nullable until OL lane lands
2024,PIT,4,3.1269,0.6803,"{'quick_game_rate': -0.0133, 'avg_air_yards_x10': 0.1198, 'shotgun_rate': 0.1936, 'early_down_pass_rate': 0.1317, 'no_huddle_rate': 0.0441}",OL-injury / opp-pass-rush tags: nullable until OL lane lands
2024,PIT,5,6.8515,0.9201,"{'quick_game_rate': -0.1875, 'avg_air_yards_x10': 0.4774, 'shotgun_rate': -0.0533, 'early_down_pass_rate': 0.0912, 'no_huddle_rate': -0.0586}",OL-injury / opp-pass-rush tags: nullable until OL lane lands
2024,PIT,6,1.3678,0.1357,"{'quick_game_rate': 0.0047, 'avg_air_yards_x10': 0.2099, 'shotgun_rate': -0.0198, 'early_down_pass_rate': -0.0609, 'no_huddle_rate': 0.0311}",OL-injury / opp-pass-rush tags: nullable until OL lane lands
2024,PIT,7,2.2859,0.4294,"{'quick_game_rate': 0.0068, 'avg_air_yards_x10': 0.0498, 'shotgun_rate': -0.2044, 'early_down_pass_rate': -0.0485, 'no_huddle_rate': 0.0396}",OL-injury / opp-pass-rush tags: nullable until OL lane lands
2024,PIT,8,5.6967,0.8829,"{'quick_game_rate': -0.1729, 'avg_air_yards_x10': 0.1738, 'shotgun_rate': -0.0294, 'early_down_pass_rate': 0.0159, 'no_huddle_rate': 0.2632}",OL-injury / opp-pass-rush tags: nullable until OL lane lands
2024,PIT,10,2.822,0.6152,"{'quick_game_rate': -0.1104, 'avg_air_yards_x10': 0.4451, 'shotgun_rate': -0.0642, 'early_down_pass_rate': -0.0347, 'no_huddle_rate': 0.0402}",OL-injury / opp-pass-rush tags: nullable until OL lane lands
2024,PIT,11,1.7823,0.2379,"{'quick_game_rate': 0.0646, 'avg_air_yards_x10': -0.2409, 'shotgun_rate': 0.0124, 'early_down_pass_rate': 0.0712, 'no_huddle_rate': 0.0635}",OL-injury / opp-pass-rush tags: nullable until OL lane lands
2024,PIT,12,3.0312,0.6617,"{'quick_game_rate': -0.1391, 'avg_air_yards_x10': 0.3611, 'shotgun_rate': 0.1272, 'early_down_pass_rate': -0.0652, 'no_huddle_rate': -0.1171}",OL-injury / opp-pass-rush tags: nullable until OL lane lands
2024,PIT,13,3.681,0.7546,"{'quick_game_rate': 0.1702, 'avg_air_yards_x10': -0.3527, 'shotgun_rate': 0.1002, 'early_down_pass_rate': 0.1609, 'no_huddle_rate': 0.1164}",OL-injury / opp-pass-rush tags: nullable until OL lane lands
2024,PIT,14,1.5101,0.1543,"{'quick_game_rate': -0.0545, 'avg_air_yards_x10': -0.0362, 'shotgun_rate': -0.0811, 'early_down_pass_rate': -0.0647, 'no_huddle_rate': 0.0775}",OL-injury / opp-pass-rush tags: nullable until OL lane lands
2024,PIT,15,1.962,0.3067,"{'quick_game_rate': -0.0958, 'avg_air_yards_x10': -0.1167, 'shotgun_rate': 0.0669, 'early_down_pass_rate': 0.1039, 'no_huddle_rate': -0.0618}",OL-injury / opp-pass-rush tags: nullable until OL lane lands
2024,PIT,16,1.9214,0.29,"{'quick_game_rate': -0.0122, 'avg_air_yards_x10': -0.0143, 'shotgun_rate': 0.0642, 'early_down_pass_rate': 0.0632, 'no_huddle_rate': 0.1486}",OL-injury / opp-pass-rush tags: nullable until OL lane lands
2024,PIT,17,2.5667,0.5502,"{'quick_game_rate': 0.079, 'avg_air_yards_x10': -0.1138, 'shotgun_rate': 0.1314, 'early_down_pass_rate': 0.1126, 'no_huddle_rate': 0.1253}",OL-injury / opp-pass-rush tags: nullable until OL lane lands
2024,PIT,18,2.2365,0.4052,"{'quick_game_rate': 0.0654, 'avg_air_yards_x10': -0.0771, 'shotgun_rate': 0.097, 'early_down_pass_rate': 0.0975, 'no_huddle_rate': 0.137}",OL-injury / opp-pass-rush tags: nullable until OL lane lands
2024,PIT,19,4.3157,0.8234,"{'quick_game_rate': 0.0486, 'avg_air_yards_x10': 0.0252, 'shotgun_rate': 0.2144, 'early_down_pass_rate': 0.2962, 'no_huddle_rate': 0.0624}",OL-injury / opp-pass-rush tags: nullable until OL lane lands
2024,SEA,2,0.3959,0.0446,"{'quick_game_rate': 0.0614, 'avg_air_yards_x10': 0.1762, 'shotgun_rate': 0.1573, 'early_down_pass_rate': 0.3104, 'no_huddle_rate': 0.0291}",OL-injury / opp-pass-rush tags: nullable until OL lane lands
2024,SEA,3,3.0326,0.6636,"{'quick_game_rate': 0.0375, 'avg_air_yards_x10': -0.209, 'shotgun_rate': 0.0075, 'early_down_pass_rate': 0.0701, 'no_huddle_rate': 0.0199}",OL-injury / opp-pass-rush tags: nullable until OL lane lands
2024,SEA,4,6.7864,0.9164,"{'quick_game_rate': 0.0618, 'avg_air_yards_x10': -0.1418, 'shotgun_rate': 0.0864, 'early_down_pass_rate': 0.1357, 'no_huddle_rate': 0.0929}",OL-injury / opp-pass-rush tags: nullable until OL lane lands
2024,SEA,5,5.976,0.8941,"{'quick_game_rate': 0.1463, 'avg_air_yards_x10': -0.156, 'shotgun_rate': 0.1041, 'early_down_pass_rate': 0.1745, 'no_huddle_rate': 0.1625}",OL-injury / opp-pass-rush tags: nullable until OL lane lands
2024,SEA,6,2.8608,0.6283,"{'quick_game_rate': -0.0981, 'avg_air_yards_x10': 0.2665, 'shotgun_rate': 0.0823, 'early_down_pass_rate': -0.0308, 'no_huddle_rate': 0.039}",OL-injury / opp-pass-rush tags: nullable until OL lane lands
2024,SEA,7,6.0605,0.8978,"{'quick_game_rate': -0.2813, 'avg_air_yards_x10': 0.6393, 'shotgun_rate': -0.0107, 'early_down_pass_rate': -0.1326, 'no_huddle_rate': -0.1095}",OL-injury / opp-pass-rush tags: nullable until OL lane lands
2024,SEA,8,2.7568,0.6041,"{'quick_game_rate': 0.1383, 'avg_air_yards_x10': -0.4624, 'shotgun_rate': 0.0726, 'early_down_pass_rate': 0.0304, 'no_huddle_rate': 0.1061}",OL-injury / opp-pass-rush tags: nullable until OL lane lands
2024,SEA,9,2.3696,0.4554,"{'quick_game_rate': -0.1275, 'avg_air_yards_x10': 0.3288, 'shotgun_rate': 0.1154, 'early_down_pass_rate': -0.0552, 'no_huddle_rate': 0.0251}",OL-injury / opp-pass-rush tags: nullable until OL lane lands
2024,SEA,11,3.0182,0.658,"{'quick_game_rate': -0.117, 'avg_air_yards_x10': 0.1533, 'shotgun_rate': -0.1405, 'early_down_pass_rate': -0.0293, 'no_huddle_rate': -0.1528}",OL-injury / opp-pass-rush tags: nullable until OL lane lands
2024,SEA,12,2.1274,0.3643,"{'quick_game_rate': 0.1346, 'avg_air_yards_x10': -0.1463, 'shotgun_rate': -0.0022, 'early_down_pass_rate': -0.0978, 'no_huddle_rate': -0.1226}",OL-injury / opp-pass-rush tags: nullable until OL lane lands
2024,SEA,13,3.7985,0.7639,"{'quick_game_rate': 0.1547, 'avg_air_yards_x10': -0.1363, 'shotgun_rate': -0.245, 'early_down_pass_rate': -0.0856, 'no_huddle_rate': -0.1221}",OL-injury / opp-pass-rush tags: nullable until OL lane lands
2024,SEA,14,2.2418,0.4126,"{'quick_game_rate': 0.0988, 'avg_air_yards_x10': -0.2016, 'shotgun_rate': -0.0282, 'early_down_pass_rate': -0.1706, 'no_huddle_rate': -0.0869}",OL-injury / opp-pass-rush tags: nullable until OL lane lands
2024,SEA,15,1.6182,0.1859,"{'quick_game_rate': 0.0306, 'avg_air_yards_x10': -0.1094, 'shotgun_rate': 0.1347, 'early_down_pass_rate': 0.0725, 'no_huddle_rate': 0.0019}",OL-injury / opp-pass-rush tags: nullable until OL lane lands
2024,SEA,16,1.5384,0.1654,"{'quick_game_rate': -0.1126, 'avg_air_yards_x10': 0.0705, 'shotgun_rate': -0.019, 'early_down_pass_rate': 0.1072, 'no_huddle_rate': -0.0471}",OL-injury / opp-pass-rush tags: nullable until OL lane lands
2024,SEA,17,2.8884,0.6431,"{'quick_game_rate': 0.1689, 'avg_air_yards_x10': -0.3845, 'shotgun_rate': -0.0644, 'early_down_pass_rate': -0.1818, 'no_huddle_rate': -0.0472}",OL-injury / opp-pass-rush tags: nullable until OL lane lands
2024,SEA,18,2.7898,0.6097,"{'quick_game_rate': 0.0118, 'avg_air_yards_x10': 0.114, 'shotgun_rate': -0.1578, 'early_down_pass_rate': -0.1395, 'no_huddle_rate': -0.1488}",OL-injury / opp-pass-rush tags: nullable until OL lane lands
2024,SF,2,0.2991,0.0353,"{'quick_game_rate': 0.0306, 'avg_air_yards_x10': -0.1196, 'shotgun_rate': 0.1336, 'early_down_pass_rate': 0.2355, 'no_huddle_rate': 0.0303}",OL-injury / opp-pass-rush tags: nullable until OL lane lands
2024,SF,3,5.1837,0.8625,"{'quick_game_rate': -0.0624, 'avg_air_yards_x10': 0.1807, 'shotgun_rate': 0.0087, 'early_down_pass_rate': 0.0534, 'no_huddle_rate': -0.0142}",OL-injury / opp-pass-rush tags: nullable until OL lane lands
2024,SF,4,7.4984,0.9294,"{'quick_game_rate': -0.1861, 'avg_air_yards_x10': 0.442, 'shotgun_rate': -0.0568, 'early_down_pass_rate': -0.0836, 'no_huddle_rate': -0.0074}",OL-injury / opp-pass-rush tags: nullable until OL lane lands
2024,SF,5,3.0936,0.6729,"{'quick_game_rate': -0.0475, 'avg_air_yards_x10': -0.2233, 'shotgun_rate': 0.1487, 'early_down_pass_rate': 0.0184, 'no_huddle_rate': -0.0072}",OL-injury / opp-pass-rush tags: nullable until OL lane lands
2024,SF,6,3.3472,0.7082,"{'quick_game_rate': 0.1477, 'avg_air_yards_x10': -0.2958, 'shotgun_rate': -0.0225, 'early_down_pass_rate': -0.1213, 'no_huddle_rate': -0.0216}",OL-injury / opp-pass-rush tags: nullable until OL lane lands
2024,SF,7,4.6268,0.8439,"{'quick_game_rate': 0.1715, 'avg_air_yards_x10': -0.0603, 'shotgun_rate': 0.0191, 'early_down_pass_rate': 0.1356, 'no_huddle_rate': 0.0522}",OL-injury / opp-pass-rush tags: nullable until OL lane lands
2024,SF,8,2.4878,0.5149,"{'quick_game_rate': 0.1371, 'avg_air_yards_x10': -0.2384, 'shotgun_rate': -0.0863, 'early_down_pass_rate': -0.105, 'no_huddle_rate': 0.0062}",OL-injury / opp-pass-rush tags: nullable until OL lane lands
2024,SF,10,1.9637,0.3086,"{'quick_game_rate': -0.0185, 'avg_air_yards_x10': -0.2309, 'shotgun_rate': 0.0754, 'early_down_pass_rate': 0.101, 'no_huddle_rate': -0.0094}",OL-injury / opp-pass-rush tags: nullable until OL lane lands
2024,SF,11,3.2649,0.6952,"{'quick_game_rate': 0.2264, 'avg_air_yards_x10': -0.3789, 'shotgun_rate': 0.0539, 'early_down_pass_rate': 0.0056, 'no_huddle_rate': -0.0252}",OL-injury / opp-pass-rush tags: nullable until OL lane lands
2024,SF,12,3.0627,0.6691,"{'quick_game_rate': 0.2161, 'avg_air_yards_x10': -0.1495, 'shotgun_rate': 0.1084, 'early_down_pass_rate': 0.1149, 'no_huddle_rate': -0.0227}",OL-injury / opp-pass-rush tags: nullable until OL lane lands
2024,SF,13,2.8789,0.6375,"{'quick_game_rate': 0.1294, 'avg_air_yards_x10': -0.3326, 'shotgun_rate': 0.0551, 'early_down_pass_rate': -0.1694, 'no_huddle_rate': -0.0206}",OL-injury / opp-pass-rush tags: nullable until OL lane lands
2024,SF,14,2.2551,0.4164,"{'quick_game_rate': -0.008, 'avg_air_yards_x10': 0.1693, 'shotgun_rate': -0.1132, 'early_down_pass_rate': -0.1, 'no_huddle_rate': -0.0189}",OL-injury / opp-pass-rush tags: nullable until OL lane lands
2024,SF,15,2.6116,0.5669,"{'quick_game_rate': -0.0495, 'avg_air_yards_x10': 0.3409, 'shotgun_rate': 0.108, 'early_down_pass_rate': 0.1479, 'no_huddle_rate': 0.0014}",OL-injury / opp-pass-rush tags: nullable until OL lane lands
2024,SF,16,3.1634,0.6859,"{'quick_game_rate': 0.1399, 'avg_air_yards_x10': -0.3966, 'shotgun_rate': 0.0482, 'early_down_pass_rate': 0.2232, 'no_huddle_rate': 0.0163}",OL-injury / opp-pass-rush tags: nullable until OL lane lands
2024,SF,17,6.0831,0.8996,"{'quick_game_rate': -0.1157, 'avg_air_yards_x10': 0.0994, 'shotgun_rate': 0.1806, 'early_down_pass_rate': 0.1926, 'no_huddle_rate': 0.1}",OL-injury / opp-pass-rush tags: nullable until OL lane lands
2024,SF,18,3.3079,0.7045,"{'quick_game_rate': -0.0627, 'avg_air_yards_x10': -0.0656, 'shotgun_rate': 0.2094, 'early_down_pass_rate': 0.0899, 'no_huddle_rate': 0.0596}",OL-injury / opp-pass-rush tags: nullable until OL lane lands
2024,TB,2,0.3818,0.0428,"{'quick_game_rate': -0.1456, 'avg_air_yards_x10': 0.3333, 'shotgun_rate': 0.1146, 'early_down_pass_rate': -0.0181, 'no_huddle_rate': 0.0}",OL-injury / opp-pass-rush tags: nullable until OL lane lands
2024,TB,3,25.1767,0.9888,"{'quick_game_rate': 0.2031, 'avg_air_yards_x10': -0.2667, 'shotgun_rate': 0.0977, 'early_down_pass_rate': 0.2254, 'no_huddle_rate': 0.1607}",OL-injury / opp-pass-rush tags: nullable until OL lane lands
2024,TB,4,1.7527,0.2249,"{'quick_game_rate': 0.0129, 'avg_air_yards_x10': 0.0981, 'shotgun_rate': 0.0175, 'early_down_pass_rate': 0.1715, 'no_huddle_rate': -0.0258}",OL-injury / opp-pass-rush tags: nullable until OL lane lands
2024,TB,5,2.033,0.3309,"{'quick_game_rate': 0.1019, 'avg_air_yards_x10': -0.0648, 'shotgun_rate': -0.0936, 'early_down_pass_rate': -0.031, 'no_huddle_rate': -0.0271}",OL-injury / opp-pass-rush tags: nullable until OL lane lands
2024,TB,6,1.2516,0.1208,"{'quick_game_rate': -0.0296, 'avg_air_yards_x10': 0.0495, 'shotgun_rate': -0.0595, 'early_down_pass_rate': -0.0699, 'no_huddle_rate': -0.0143}",OL-injury / opp-pass-rush tags: nullable until OL lane lands
2024,TB,7,3.8647,0.7714,"{'quick_game_rate': -0.0914, 'avg_air_yards_x10': 0.3068, 'shotgun_rate': 0.1473, 'early_down_pass_rate': 0.0948, 'no_huddle_rate': 0.0873}",OL-injury / opp-pass-rush tags: nullable until OL lane lands
2024,TB,8,2.1008,0.3587,"{'quick_game_rate': 0.045, 'avg_air_yards_x10': 0.1327, 'shotgun_rate': 0.0397, 'early_down_pass_rate': 0.1457, 'no_huddle_rate': 0.0625}",OL-injury / opp-pass-rush tags: nullable until OL lane lands
2024,TB,9,2.0987,0.3569,"{'quick_game_rate': 0.0401, 'avg_air_yards_x10': -0.1699, 'shotgun_rate': 0.0991, 'early_down_pass_rate': 0.1173, 'no_huddle_rate': -0.0019}",OL-injury / opp-pass-rush tags: nullable until OL lane lands
2024,TB,10,2.206,0.3978,"{'quick_game_rate': 0.1124, 'avg_air_yards_x10': -0.0644, 'shotgun_rate': 0.0167, 'early_down_pass_rate': -0.1317, 'no_huddle_rate': -0.0594}",OL-injury / opp-pass-rush tags: nullable until OL lane lands
2024,TB,12,1.5939,0.1766,"{'quick_game_rate': -0.0552, 'avg_air_yards_x10': 0.0973, 'shotgun_rate': -0.0898, 'early_down_pass_rate': -0.0159, 'no_huddle_rate': -0.0206}",OL-injury / opp-pass-rush tags: nullable until OL lane lands
2024,TB,13,2.4971,0.5186,"{'quick_game_rate': -0.0541, 'avg_air_yards_x10': 0.0682, 'shotgun_rate': -0.1554, 'early_down_pass_rate': -0.0971, 'no_huddle_rate': -0.0246}",OL-injury / opp-pass-rush tags: nullable until OL lane lands
2024,TB,14,2.582,0.5558,"{'quick_game_rate': -0.1652, 'avg_air_yards_x10': 0.2033, 'shotgun_rate': 0.0016, 'early_down_pass_rate': -0.048, 'no_huddle_rate': -0.0156}",OL-injury / opp-pass-rush tags: nullable until OL lane lands
2024,TB,15,3.859,0.7695,"{'quick_game_rate': -0.1589, 'avg_air_yards_x10': 0.3075, 'shotgun_rate': -0.165, 'early_down_pass_rate': -0.1718, 'no_huddle_rate': -0.0035}",OL-injury / opp-pass-rush tags: nullable until OL lane lands
2024,TB,16,3.6053,0.7472,"{'quick_game_rate': -0.113, 'avg_air_yards_x10': 0.309, 'shotgun_rate': 0.0692, 'early_down_pass_rate': 0.0996, 'no_huddle_rate': 0.1233}",OL-injury / opp-pass-rush tags: nullable until OL lane lands
2024,TB,17,1.6849,0.2082,"{'quick_game_rate': -0.0786, 'avg_air_yards_x10': 0.1435, 'shotgun_rate': -0.0861, 'early_down_pass_rate': -0.0732, 'no_huddle_rate': 0.0}",OL-injury / opp-pass-rush tags: nullable until OL lane lands
2024,TB,18,3.083,0.671,"{'quick_game_rate': -0.23, 'avg_air_yards_x10': 0.1252, 'shotgun_rate': 0.0842, 'early_down_pass_rate': -0.0993, 'no_huddle_rate': -0.0563}",OL-injury / opp-pass-rush tags: nullable until OL lane lands
2024,TB,19,2.534,0.539,"{'quick_game_rate': -0.1957, 'avg_air_yards_x10': 0.0782, 'shotgun_rate': 0.0394, 'early_down_pass_rate': -0.1459, 'no_huddle_rate': 0.04}",OL-injury / opp-pass-rush tags: nullable until OL lane lands
2024,TEN,2,0.3608,0.0409,"{'quick_game_rate': -0.0536, 'avg_air_yards_x10': 0.3112, 'shotgun_rate': -0.1702, 'early_down_pass_rate': -0.0208, 'no_huddle_rate': 0.0333}",OL-injury / opp-pass-rush tags: nullable until OL lane lands
2024,TEN,3,30.605,0.9907,"{'quick_game_rate': 0.0194, 'avg_air_yards_x10': -0.1793, 'shotgun_rate': 0.0152, 'early_down_pass_rate': 0.3122, 'no_huddle_rate': 0.0965}",OL-injury / opp-pass-rush tags: nullable until OL lane lands
2024,TEN,4,3.8501,0.7677,"{'quick_game_rate': -0.0047, 'avg_air_yards_x10': -0.3689, 'shotgun_rate': -0.1495, 'early_down_pass_rate': -0.2909, 'no_huddle_rate': -0.0324}",OL-injury / opp-pass-rush tags: nullable until OL lane lands
2024,TEN,6,9.5831,0.9554,"{'quick_game_rate': -0.1961, 'avg_air_yards_x10': 0.2044, 'shotgun_rate': 0.0578, 'early_down_pass_rate': -0.068, 'no_huddle_rate': -0.0043}",OL-injury / opp-pass-rush tags: nullable until OL lane lands
2024,TEN,7,2.2427,0.4145,"{'quick_game_rate': -0.0002, 'avg_air_yards_x10': -0.1707, 'shotgun_rate': 0.0377, 'early_down_pass_rate': 0.1559, 'no_huddle_rate': 0.0695}",OL-injury / opp-pass-rush tags: nullable until OL lane lands
2024,TEN,8,2.1519,0.3736,"{'quick_game_rate': -0.0906, 'avg_air_yards_x10': 0.2414, 'shotgun_rate': 0.031, 'early_down_pass_rate': -0.0394, 'no_huddle_rate': -0.0514}",OL-injury / opp-pass-rush tags: nullable until OL lane lands
2024,TEN,9,3.8776,0.777,"{'quick_game_rate': -0.2483, 'avg_air_yards_x10': 0.1827, 'shotgun_rate': 0.0999, 'early_down_pass_rate': -0.088, 'no_huddle_rate': -0.0441}",OL-injury / opp-pass-rush tags: nullable until OL lane lands
2024,TEN,10,3.3091,0.7063,"{'quick_game_rate': 0.0014, 'avg_air_yards_x10': 0.0496, 'shotgun_rate': 0.1781, 'early_down_pass_rate': 0.0658, 'no_huddle_rate': 0.0987}",OL-injury / opp-pass-rush tags: nullable until OL lane lands
2024,TEN,11,2.005,0.3197,"{'quick_game_rate': 0.028, 'avg_air_yards_x10': 0.3212, 'shotgun_rate': 0.0759, 'early_down_pass_rate': 0.066, 'no_huddle_rate': 0.0049}",OL-injury / opp-pass-rush tags: nullable until OL lane lands
2024,TEN,12,1.2176,0.1171,"{'quick_game_rate': 0.0368, 'avg_air_yards_x10': 0.0299, 'shotgun_rate': -0.0219, 'early_down_pass_rate': -0.0612, 'no_huddle_rate': -0.05}",OL-injury / opp-pass-rush tags: nullable until OL lane lands
2024,TEN,13,3.4726,0.723,"{'quick_game_rate': -0.1482, 'avg_air_yards_x10': 0.2264, 'shotgun_rate': 0.1903, 'early_down_pass_rate': 0.2157, 'no_huddle_rate': 0.0145}",OL-injury / opp-pass-rush tags: nullable until OL lane lands
2024,TEN,14,2.4977,0.5204,"{'quick_game_rate': 0.0796, 'avg_air_yards_x10': -0.3013, 'shotgun_rate': -0.1649, 'early_down_pass_rate': -0.0668, 'no_huddle_rate': 0.0017}",OL-injury / opp-pass-rush tags: nullable until OL lane lands
2024,TEN,15,4.2444,0.8178,"{'quick_game_rate': 0.1283, 'avg_air_yards_x10': -0.2531, 'shotgun_rate': -0.0297, 'early_down_pass_rate': 0.0625, 'no_huddle_rate': 0.172}",OL-injury / opp-pass-rush tags: nullable until OL lane lands
2024,TEN,16,2.3757,0.461,"{'quick_game_rate': 0.0293, 'avg_air_yards_x10': -0.1621, 'shotgun_rate': 0.0107, 'early_down_pass_rate': 0.0909, 'no_huddle_rate': 0.1306}",OL-injury / opp-pass-rush tags: nullable until OL lane lands
2024,TEN,17,2.5314,0.5353,"{'quick_game_rate': -0.0799, 'avg_air_yards_x10': 0.1325, 'shotgun_rate': 0.1575, 'early_down_pass_rate': -0.0479, 'no_huddle_rate': 0.1068}",OL-injury / opp-pass-rush tags: nullable until OL lane lands
2024,TEN,18,2.3262,0.4387,"{'quick_game_rate': -0.065, 'avg_air_yards_x10': 0.3581, 'shotgun_rate': -0.0294, 'early_down_pass_rate': -0.1343, 'no_huddle_rate': 0.0441}",OL-injury / opp-pass-rush tags: nullable until OL lane lands
2024,WAS,2,0.1157,0.0019,"{'quick_game_rate': 0.0029, 'avg_air_yards_x10': -0.1001, 'shotgun_rate': 0.0312, 'early_down_pass_rate': 0.0227, 'no_huddle_rate': 0.0431}",OL-injury / opp-pass-rush tags: nullable until OL lane lands
2024,WAS,3,74.4817,0.9963,"{'quick_game_rate': -0.1065, 'avg_air_yards_x10': 0.464, 'shotgun_rate': -0.0156, 'early_down_pass_rate': -0.0934, 'no_huddle_rate': -0.0398}",OL-injury / opp-pass-rush tags: nullable until OL lane lands
2024,WAS,4,5.9183,0.8922,"{'quick_game_rate': 0.0507, 'avg_air_yards_x10': -0.0454, 'shotgun_rate': -0.0813, 'early_down_pass_rate': -0.0686, 'no_huddle_rate': 0.0267}",OL-injury / opp-pass-rush tags: nullable until OL lane lands
2024,WAS,5,4.4639,0.8309,"{'quick_game_rate': -0.0263, 'avg_air_yards_x10': 0.4895, 'shotgun_rate': -0.053, 'early_down_pass_rate': -0.0708, 'no_huddle_rate': 0.0759}",OL-injury / opp-pass-rush tags: nullable until OL lane lands
2024,WAS,6,5.5979,0.8755,"{'quick_game_rate': -0.0996, 'avg_air_yards_x10': 0.0766, 'shotgun_rate': 0.04, 'early_down_pass_rate': 0.2017, 'no_huddle_rate': 0.1214}",OL-injury / opp-pass-rush tags: nullable until OL lane lands
2024,WAS,7,4.2424,0.816,"{'quick_game_rate': -0.1401, 'avg_air_yards_x10': 0.2273, 'shotgun_rate': -0.0285, 'early_down_pass_rate': -0.0798, 'no_huddle_rate': 0.1738}",OL-injury / opp-pass-rush tags: nullable until OL lane lands
2024,WAS,8,4.3067,0.8216,"{'quick_game_rate': -0.2569, 'avg_air_yards_x10': 0.4454, 'shotgun_rate': -0.0301, 'early_down_pass_rate': 0.0604, 'no_huddle_rate': 0.0685}",OL-injury / opp-pass-rush tags: nullable until OL lane lands
2024,WAS,9,3.129,0.6822,"{'quick_game_rate': 0.1938, 'avg_air_yards_x10': -0.2129, 'shotgun_rate': 0.06, 'early_down_pass_rate': -0.1378, 'no_huddle_rate': 0.0562}",OL-injury / opp-pass-rush tags: nullable until OL lane lands
2024,WAS,10,2.2983,0.4331,"{'quick_game_rate': -0.0977, 'avg_air_yards_x10': -0.1539, 'shotgun_rate': 0.0551, 'early_down_pass_rate': 0.1275, 'no_huddle_rate': -0.0398}",OL-injury / opp-pass-rush tags: nullable until OL lane lands
2024,WAS,11,3.5527,0.7342,"{'quick_game_rate': 0.2815, 'avg_air_yards_x10': -0.4176, 'shotgun_rate': 0.0066, 'early_down_pass_rate': 0.0976, 'no_huddle_rate': 0.1236}",OL-injury / opp-pass-rush tags: nullable until OL lane lands
2024,WAS,12,2.5688,0.552,"{'quick_game_rate': -0.0388, 'avg_air_yards_x10': 0.1993, 'shotgun_rate': 0.0699, 'early_down_pass_rate': 0.1488, 'no_huddle_rate': 0.0354}",OL-injury / opp-pass-rush tags: nullable until OL lane lands
2024,WAS,13,1.7978,0.2472,"{'quick_game_rate': 0.1446, 'avg_air_yards_x10': -0.1991, 'shotgun_rate': 0.0282, 'early_down_pass_rate': -0.0977, 'no_huddle_rate': 0.0091}",OL-injury / opp-pass-rush tags: nullable until OL lane lands
2024,WAS,15,1.1208,0.0985,"{'quick_game_rate': 0.0474, 'avg_air_yards_x10': 0.1144, 'shotgun_rate': 0.0377, 'early_down_pass_rate': 0.0237, 'no_huddle_rate': 0.0116}",OL-injury / opp-pass-rush tags: nullable until OL lane lands
2024,WAS,16,2.708,0.5892,"{'quick_game_rate': 0.016, 'avg_air_yards_x10': -0.0243, 'shotgun_rate': 0.0735, 'early_down_pass_rate': 0.1907, 'no_huddle_rate': -0.0015}",OL-injury / opp-pass-rush tags: nullable until OL lane lands
2024,WAS,17,2.4919,0.5167,"{'quick_game_rate': -0.121, 'avg_air_yards_x10': -0.0298, 'shotgun_rate': 0.0184, 'early_down_pass_rate': 0.0017, 'no_huddle_rate': 0.1524}",OL-injury / opp-pass-rush tags: nullable until OL lane lands
2024,WAS,18,2.756,0.6022,"{'quick_game_rate': -0.1301, 'avg_air_yards_x10': 0.2848, 'shotgun_rate': 0.0461, 'early_down_pass_rate': 0.185, 'no_huddle_rate': 0.0464}",OL-injury / opp-pass-rush tags: nullable until OL lane lands
2024,WAS,19,2.5216,0.5297,"{'quick_game_rate': 0.1632, 'avg_air_yards_x10': -0.19, 'shotgun_rate': 0.0505, 'early_down_pass_rate': -0.0671, 'no_huddle_rate': 0.1083}",OL-injury / opp-pass-rush tags: nullable until OL lane lands
2024,WAS,20,2.3486,0.448,"{'quick_game_rate': 0.0814, 'avg_air_yards_x10': -0.1674, 'shotgun_rate': 0.0353, 'early_down_pass_rate': -0.1434, 'no_huddle_rate': -0.1079}",OL-injury / opp-pass-rush tags: nullable until OL lane lands
2024,WAS,21,2.0792,0.3494,"{'quick_game_rate': -0.0052, 'avg_air_yards_x10': 0.0036, 'shotgun_rate': 0.0377, 'early_down_pass_rate': 0.1483, 'no_huddle_rate': 0.0981}",OL-injury / opp-pass-rush tags: nullable until OL lane lands
2025,ARI,2,0.2336,0.026,"{'quick_game_rate': -0.2041, 'avg_air_yards_x10': 0.0676, 'shotgun_rate': 0.0544, 'early_down_pass_rate': 0.0135, 'no_huddle_rate': -0.0722}",OL-injury / opp-pass-rush tags: nullable until OL lane lands
2025,ARI,3,5.0386,0.8699,"{'quick_game_rate': -0.0791, 'avg_air_yards_x10': -0.1005, 'shotgun_rate': 0.0156, 'early_down_pass_rate': 0.0252, 'no_huddle_rate': -0.0475}",OL-injury / opp-pass-rush tags: nullable until OL lane lands
2025,ARI,4,15.4057,0.9703,"{'quick_game_rate': -0.0103, 'avg_air_yards_x10': 0.0078, 'shotgun_rate': 0.1354, 'early_down_pass_rate': 0.1724, 'no_huddle_rate': 0.2027}",OL-injury / opp-pass-rush tags: nullable until OL lane lands
2025,ARI,5,3.4523,0.7175,"{'quick_game_rate': 0.0631, 'avg_air_yards_x10': 0.0785, 'shotgun_rate': -0.1695, 'early_down_pass_rate': 0.0043, 'no_huddle_rate': -0.0977}",OL-injury / opp-pass-rush tags: nullable until OL lane lands
2025,ARI,6,6.7924,0.9219,"{'quick_game_rate': -0.0375, 'avg_air_yards_x10': 0.2983, 'shotgun_rate': -0.3007, 'early_down_pass_rate': 0.0954, 'no_huddle_rate': -0.0511}",OL-injury / opp-pass-rush tags: nullable until OL lane lands
2025,ARI,7,2.3972,0.4665,"{'quick_game_rate': -0.0717, 'avg_air_yards_x10': 0.2266, 'shotgun_rate': -0.0792, 'early_down_pass_rate': -0.0565, 'no_huddle_rate': -0.0426}",OL-injury / opp-pass-rush tags: nullable until OL lane lands
2025,ARI,9,2.6946,0.5483,"{'quick_game_rate': -0.0731, 'avg_air_yards_x10': 0.1276, 'shotgun_rate': -0.2573, 'early_down_pass_rate': -0.0461, 'no_huddle_rate': -0.0794}",OL-injury / opp-pass-rush tags: nullable until OL lane lands
2025,ARI,10,3.2187,0.671,"{'quick_game_rate': -0.069, 'avg_air_yards_x10': 0.0427, 'shotgun_rate': 0.1315, 'early_down_pass_rate': 0.1503, 'no_huddle_rate': 0.1467}",OL-injury / opp-pass-rush tags: nullable until OL lane lands
2025,ARI,11,3.6309,0.7435,"{'quick_game_rate': 0.0767, 'avg_air_yards_x10': -0.0124, 'shotgun_rate': 0.1145, 'early_down_pass_rate': 0.2291, 'no_huddle_rate': 0.1471}",OL-injury / opp-pass-rush tags: nullable until OL lane lands
2025,ARI,12,1.4624,0.1877,"{'quick_game_rate': -0.0201, 'avg_air_yards_x10': 0.0701, 'shotgun_rate': 0.0443, 'early_down_pass_rate': 0.1185, 'no_huddle_rate': -0.0479}",OL-injury / opp-pass-rush tags: nullable until OL lane lands
2025,ARI,13,1.0152,0.1004,"{'quick_game_rate': -0.0142, 'avg_air_yards_x10': 0.0428, 'shotgun_rate': -0.0729, 'early_down_pass_rate': 0.0485, 'no_huddle_rate': 0.0539}",OL-injury / opp-pass-rush tags: nullable until OL lane lands
2025,ARI,14,2.3947,0.4647,"{'quick_game_rate': -0.0771, 'avg_air_yards_x10': 0.0982, 'shotgun_rate': 0.1029, 'early_down_pass_rate': 0.1136, 'no_huddle_rate': 0.1125}",OL-injury / opp-pass-rush tags: nullable until OL lane lands
2025,ARI,15,1.08,0.1059,"{'quick_game_rate': 0.0288, 'avg_air_yards_x10': -0.0694, 'shotgun_rate': -0.0842, 'early_down_pass_rate': 0.0215, 'no_huddle_rate': 0.0313}",OL-injury / opp-pass-rush tags: nullable until OL lane lands
2025,ARI,16,1.5936,0.2156,"{'quick_game_rate': 0.0074, 'avg_air_yards_x10': 0.0311, 'shotgun_rate': -0.1294, 'early_down_pass_rate': -0.1143, 'no_huddle_rate': -0.0044}",OL-injury / opp-pass-rush tags: nullable until OL lane lands
2025,ARI,17,2.7386,0.5576,"{'quick_game_rate': 0.0209, 'avg_air_yards_x10': 0.0638, 'shotgun_rate': 0.1232, 'early_down_pass_rate': 0.1115, 'no_huddle_rate': 0.1851}",OL-injury / opp-pass-rush tags: nullable until OL lane lands
2025,ARI,18,1.2208,0.1227,"{'quick_game_rate': 0.0188, 'avg_air_yards_x10': 0.0739, 'shotgun_rate': -0.0574, 'early_down_pass_rate': 0.0748, 'no_huddle_rate': -0.0285}",OL-injury / opp-pass-rush tags: nullable until OL lane lands
2025,ATL,2,0.3116,0.0335,"{'quick_game_rate': 0.0476, 'avg_air_yards_x10': -0.0571, 'shotgun_rate': -0.1, 'early_down_pass_rate': -0.2809, 'no_huddle_rate': 0.0516}",OL-injury / opp-pass-rush tags: nullable until OL lane lands
2025,ATL,3,7.5602,0.9312,"{'quick_game_rate': -0.0592, 'avg_air_yards_x10': 0.0545, 'shotgun_rate': 0.0638, 'early_down_pass_rate': 0.1404, 'no_huddle_rate': 0.1725}",OL-injury / opp-pass-rush tags: nullable until OL lane lands
2025,ATL,4,11.7298,0.9572,"{'quick_game_rate': -0.1433, 'avg_air_yards_x10': 0.3785, 'shotgun_rate': 0.0249, 'early_down_pass_rate': -0.0982, 'no_huddle_rate': -0.0139}",OL-injury / opp-pass-rush tags: nullable until OL lane lands
2025,ATL,6,0.9083,0.0855,"{'quick_game_rate': -0.0233, 'avg_air_yards_x10': -0.0449, 'shotgun_rate': 0.0361, 'early_down_pass_rate': -0.001, 'no_huddle_rate': -0.0011}",OL-injury / opp-pass-rush tags: nullable until OL lane lands
2025,ATL,7,2.5501,0.5167,"{'quick_game_rate': -0.0137, 'avg_air_yards_x10': 0.1785, 'shotgun_rate': 0.0276, 'early_down_pass_rate': 0.178, 'no_huddle_rate': -0.0919}",OL-injury / opp-pass-rush tags: nullable until OL lane lands
2025,ATL,8,3.1112,0.6431,"{'quick_game_rate': -0.0012, 'avg_air_yards_x10': 0.1286, 'shotgun_rate': -0.0853, 'early_down_pass_rate': 0.0948, 'no_huddle_rate': 0.1359}",OL-injury / opp-pass-rush tags: nullable until OL lane lands
2025,ATL,9,1.8358,0.2714,"{'quick_game_rate': -0.0795, 'avg_air_yards_x10': 0.0125, 'shotgun_rate': 0.0334, 'early_down_pass_rate': 0.085, 'no_huddle_rate': -0.0201}",OL-injury / opp-pass-rush tags: nullable until OL lane lands
2025,ATL,10,3.7688,0.7584,"{'quick_game_rate': -0.1536, 'avg_air_yards_x10': 0.2179, 'shotgun_rate': 0.0144, 'early_down_pass_rate': -0.0844, 'no_huddle_rate': 0.1398}",OL-injury / opp-pass-rush tags: nullable until OL lane lands
2025,ATL,11,3.5156,0.7305,"{'quick_game_rate': -0.0579, 'avg_air_yards_x10': 0.0151, 'shotgun_rate': -0.1091, 'early_down_pass_rate': -0.0793, 'no_huddle_rate': 0.1846}",OL-injury / opp-pass-rush tags: nullable until OL lane lands
2025,ATL,12,9.176,0.9461,"{'quick_game_rate': 0.0479, 'avg_air_yards_x10': -0.0682, 'shotgun_rate': -0.48, 'early_down_pass_rate': -0.0547, 'no_huddle_rate': -0.0886}",OL-injury / opp-pass-rush tags: nullable until OL lane lands
2025,ATL,13,4.7318,0.8569,"{'quick_game_rate': 0.1799, 'avg_air_yards_x10': -0.3635, 'shotgun_rate': -0.377, 'early_down_pass_rate': -0.0587, 'no_huddle_rate': -0.1062}",OL-injury / opp-pass-rush tags: nullable until OL lane lands
2025,ATL,14,2.1533,0.3848,"{'quick_game_rate': 0.0952, 'avg_air_yards_x10': -0.1199, 'shotgun_rate': -0.2227, 'early_down_pass_rate': -0.104, 'no_huddle_rate': 0.0179}",OL-injury / opp-pass-rush tags: nullable until OL lane lands
2025,ATL,15,1.2806,0.1394,"{'quick_game_rate': -0.0137, 'avg_air_yards_x10': -0.0069, 'shotgun_rate': -0.1045, 'early_down_pass_rate': 0.1035, 'no_huddle_rate': -0.0391}",OL-injury / opp-pass-rush tags: nullable until OL lane lands
2025,ATL,16,2.3463,0.4442,"{'quick_game_rate': 0.0365, 'avg_air_yards_x10': -0.2273, 'shotgun_rate': -0.229, 'early_down_pass_rate': -0.0462, 'no_huddle_rate': -0.0973}",OL-injury / opp-pass-rush tags: nullable until OL lane lands
2025,ATL,17,2.8911,0.6004,"{'quick_game_rate': -0.0303, 'avg_air_yards_x10': 0.06, 'shotgun_rate': -0.2621, 'early_down_pass_rate': -0.2296, 'no_huddle_rate': -0.0439}",OL-injury / opp-pass-rush tags: nullable until OL lane lands
2025,ATL,18,1.1098,0.1115,"{'quick_game_rate': -0.0268, 'avg_air_yards_x10': -0.0691, 'shotgun_rate': -0.122, 'early_down_pass_rate': 0.0447, 'no_huddle_rate': -0.0476}",OL-injury / opp-pass-rush tags: nullable until OL lane lands
2025,BAL,2,0.2273,0.0242,"{'quick_game_rate': -0.0272, 'avg_air_yards_x10': 0.0309, 'shotgun_rate': 0.0, 'early_down_pass_rate': 0.2199, 'no_huddle_rate': -0.04}",OL-injury / opp-pass-rush tags: nullable until OL lane lands
2025,BAL,3,16.402,0.974,"{'quick_game_rate': -0.2082, 'avg_air_yards_x10': 0.0883, 'shotgun_rate': -0.0091, 'early_down_pass_rate': 0.1501, 'no_huddle_rate': -0.0018}",OL-injury / opp-pass-rush tags: nullable until OL lane lands
2025,BAL,4,29.4445,0.987,"{'quick_game_rate': 0.1405, 'avg_air_yards_x10': -0.4766, 'shotgun_rate': 0.1143, 'early_down_pass_rate': 0.1477, 'no_huddle_rate': 0.0938}",OL-injury / opp-pass-rush tags: nullable until OL lane lands
2025,BAL,5,3.8873,0.7658,"{'quick_game_rate': -0.081, 'avg_air_yards_x10': -0.0212, 'shotgun_rate': -0.1755, 'early_down_pass_rate': -0.1184, 'no_huddle_rate': -0.0428}",OL-injury / opp-pass-rush tags: nullable until OL lane lands
2025,BAL,6,2.0317,0.355,"{'quick_game_rate': 0.0913, 'avg_air_yards_x10': -0.1714, 'shotgun_rate': -0.0877, 'early_down_pass_rate': -0.1322, 'no_huddle_rate': 0.0068}",OL-injury / opp-pass-rush tags: nullable until OL lane lands
2025,BAL,8,1.9033,0.2993,"{'quick_game_rate': -0.03, 'avg_air_yards_x10': 0.1466, 'shotgun_rate': 0.0022, 'early_down_pass_rate': -0.1977, 'no_huddle_rate': -0.0015}",OL-injury / opp-pass-rush tags: nullable until OL lane lands
2025,BAL,9,2.2728,0.4145,"{'quick_game_rate': -0.004, 'avg_air_yards_x10': 0.0756, 'shotgun_rate': -0.1576, 'early_down_pass_rate': -0.0917, 'no_huddle_rate': -0.0167}",OL-injury / opp-pass-rush tags: nullable until OL lane lands
2025,BAL,10,3.8832,0.7639,"{'quick_game_rate': 0.2334, 'avg_air_yards_x10': -0.4235, 'shotgun_rate': -0.0718, 'early_down_pass_rate': -0.0419, 'no_huddle_rate': -0.0177}",OL-injury / opp-pass-rush tags: nullable until OL lane lands
2025,BAL,11,1.7044,0.2342,"{'quick_game_rate': -0.0312, 'avg_air_yards_x10': 0.0092, 'shotgun_rate': 0.1447, 'early_down_pass_rate': -0.0113, 'no_huddle_rate': 0.0034}",OL-injury / opp-pass-rush tags: nullable until OL lane lands
2025,BAL,12,2.163,0.3885,"{'quick_game_rate': -0.0698, 'avg_air_yards_x10': 0.1862, 'shotgun_rate': -0.1272, 'early_down_pass_rate': -0.0694, 'no_huddle_rate': -0.0315}",OL-injury / opp-pass-rush tags: nullable until OL lane lands
2025,BAL,13,3.7043,0.7528,"{'quick_game_rate': -0.1979, 'avg_air_yards_x10': 0.386, 'shotgun_rate': 0.1701, 'early_down_pass_rate': 0.1552, 'no_huddle_rate': 0.025}",OL-injury / opp-pass-rush tags: nullable until OL lane lands
2025,BAL,14,0.8364,0.0762,"{'quick_game_rate': -0.01, 'avg_air_yards_x10': -0.058, 'shotgun_rate': 0.0278, 'early_down_pass_rate': -0.0751, 'no_huddle_rate': 0.0093}",OL-injury / opp-pass-rush tags: nullable until OL lane lands
2025,BAL,15,2.7972,0.5725,"{'quick_game_rate': -0.1911, 'avg_air_yards_x10': 0.2427, 'shotgun_rate': -0.1001, 'early_down_pass_rate': -0.1107, 'no_huddle_rate': -0.0314}",OL-injury / opp-pass-rush tags: nullable until OL lane lands
2025,BAL,16,2.5673,0.5242,"{'quick_game_rate': -0.2108, 'avg_air_yards_x10': 0.0053, 'shotgun_rate': -0.0756, 'early_down_pass_rate': -0.1719, 'no_huddle_rate': 0.0085}",OL-injury / opp-pass-rush tags: nullable until OL lane lands
2025,BAL,17,4.0999,0.7862,"{'quick_game_rate': 0.3033, 'avg_air_yards_x10': -0.45, 'shotgun_rate': -0.1623, 'early_down_pass_rate': -0.192, 'no_huddle_rate': -0.0023}",OL-injury / opp-pass-rush tags: nullable until OL lane lands
2025,BAL,18,1.9178,0.3141,"{'quick_game_rate': -0.1268, 'avg_air_yards_x10': 0.1614, 'shotgun_rate': 0.0781, 'early_down_pass_rate': -0.0904, 'no_huddle_rate': -0.0296}",OL-injury / opp-pass-rush tags: nullable until OL lane lands
2025,BUF,2,0.5449,0.052,"{'quick_game_rate': 0.1482, 'avg_air_yards_x10': -0.3481, 'shotgun_rate': -0.2555, 'early_down_pass_rate': -0.2448, 'no_huddle_rate': -0.1688}",OL-injury / opp-pass-rush tags: nullable until OL lane lands
2025,BUF,3,3.0035,0.6227,"{'quick_game_rate': 0.1601, 'avg_air_yards_x10': -0.3184, 'shotgun_rate': 0.0109, 'early_down_pass_rate': 0.0011, 'no_huddle_rate': -0.0844}",OL-injury / opp-pass-rush tags: nullable until OL lane lands
2025,BUF,4,3.3264,0.6933,"{'quick_game_rate': -0.1174, 'avg_air_yards_x10': 0.4095, 'shotgun_rate': -0.2123, 'early_down_pass_rate': -0.1018, 'no_huddle_rate': -0.0563}",OL-injury / opp-pass-rush tags: nullable until OL lane lands
2025,BUF,5,1.3168,0.1506,"{'quick_game_rate': -0.0909, 'avg_air_yards_x10': 0.0825, 'shotgun_rate': 0.1056, 'early_down_pass_rate': 0.0275, 'no_huddle_rate': -0.0089}",OL-injury / opp-pass-rush tags: nullable until OL lane lands
2025,BUF,6,2.522,0.5056,"{'quick_game_rate': -0.1781, 'avg_air_yards_x10': 0.3763, 'shotgun_rate': -0.0228, 'early_down_pass_rate': 0.0091, 'no_huddle_rate': 0.0162}",OL-injury / opp-pass-rush tags: nullable until OL lane lands
2025,BUF,8,2.3383,0.4424,"{'quick_game_rate': 0.0271, 'avg_air_yards_x10': -0.1511, 'shotgun_rate': -0.1117, 'early_down_pass_rate': -0.1572, 'no_huddle_rate': -0.0264}",OL-injury / opp-pass-rush tags: nullable until OL lane lands
2025,BUF,9,2.4889,0.4944,"{'quick_game_rate': 0.1553, 'avg_air_yards_x10': -0.2571, 'shotgun_rate': -0.0998, 'early_down_pass_rate': -0.0473, 'no_huddle_rate': 0.0718}",OL-injury / opp-pass-rush tags: nullable until OL lane lands
2025,BUF,10,3.0012,0.6208,"{'quick_game_rate': -0.0179, 'avg_air_yards_x10': 0.2735, 'shotgun_rate': 0.1212, 'early_down_pass_rate': 0.2044, 'no_huddle_rate': 0.0578}",OL-injury / opp-pass-rush tags: nullable until OL lane lands
2025,BUF,11,2.0909,0.3699,"{'quick_game_rate': -0.0492, 'avg_air_yards_x10': 0.3864, 'shotgun_rate': 0.0976, 'early_down_pass_rate': 0.0859, 'no_huddle_rate': -0.0177}",OL-injury / opp-pass-rush tags: nullable until OL lane lands
2025,BUF,12,2.6763,0.5465,"{'quick_game_rate': 0.1361, 'avg_air_yards_x10': -0.332, 'shotgun_rate': 0.1383, 'early_down_pass_rate': 0.1409, 'no_huddle_rate': 0.0085}",OL-injury / opp-pass-rush tags: nullable until OL lane lands
2025,BUF,13,4.5933,0.8401,"{'quick_game_rate': 0.3027, 'avg_air_yards_x10': -0.6058, 'shotgun_rate': -0.1709, 'early_down_pass_rate': -0.2223, 'no_huddle_rate': 0.0004}",OL-injury / opp-pass-rush tags: nullable until OL lane lands
2025,BUF,14,1.662,0.223,"{'quick_game_rate': 0.13, 'avg_air_yards_x10': -0.2642, 'shotgun_rate': -0.1078, 'early_down_pass_rate': 0.0092, 'no_huddle_rate': 0.0152}",OL-injury / opp-pass-rush tags: nullable until OL lane lands
2025,BUF,15,1.0066,0.0985,"{'quick_game_rate': 0.0485, 'avg_air_yards_x10': 0.2597, 'shotgun_rate': 0.0179, 'early_down_pass_rate': -0.0277, 'no_huddle_rate': -0.008}",OL-injury / opp-pass-rush tags: nullable until OL lane lands
2025,BUF,16,2.6088,0.5297,"{'quick_game_rate': 0.0695, 'avg_air_yards_x10': -0.0863, 'shotgun_rate': -0.202, 'early_down_pass_rate': -0.0973, 'no_huddle_rate': 0.0706}",OL-injury / opp-pass-rush tags: nullable until OL lane lands
2025,BUF,17,1.2582,0.1338,"{'quick_game_rate': 0.0333, 'avg_air_yards_x10': -0.0002, 'shotgun_rate': 0.0822, 'early_down_pass_rate': 0.0691, 'no_huddle_rate': 0.0381}",OL-injury / opp-pass-rush tags: nullable until OL lane lands
2025,BUF,18,1.8125,0.2677,"{'quick_game_rate': -0.0171, 'avg_air_yards_x10': -0.0311, 'shotgun_rate': -0.1776, 'early_down_pass_rate': -0.0713, 'no_huddle_rate': -0.0329}",OL-injury / opp-pass-rush tags: nullable until OL lane lands
2025,BUF,19,1.9669,0.3271,"{'quick_game_rate': -0.0249, 'avg_air_yards_x10': 0.0759, 'shotgun_rate': 0.1042, 'early_down_pass_rate': 0.1543, 'no_huddle_rate': -0.0428}",OL-injury / opp-pass-rush tags: nullable until OL lane lands
2025,BUF,20,1.2997,0.145,"{'quick_game_rate': -0.0279, 'avg_air_yards_x10': 0.2033, 'shotgun_rate': 0.0112, 'early_down_pass_rate': 0.0805, 'no_huddle_rate': -0.0315}",OL-injury / opp-pass-rush tags: nullable until OL lane lands
2025,CAR,2,0.2245,0.0223,"{'quick_game_rate': 0.0702, 'avg_air_yards_x10': -0.0867, 'shotgun_rate': 0.0718, 'early_down_pass_rate': 0.1787, 'no_huddle_rate': 0.0295}",OL-injury / opp-pass-rush tags: nullable until OL lane lands
2025,CAR,3,15.6843,0.9721,"{'quick_game_rate': 0.1328, 'avg_air_yards_x10': -0.171, 'shotgun_rate': -0.3729, 'early_down_pass_rate': -0.2816, 'no_huddle_rate': -0.1463}",OL-injury / opp-pass-rush tags: nullable until OL lane lands
2025,CAR,4,2.1309,0.3792,"{'quick_game_rate': 0.1024, 'avg_air_yards_x10': -0.1154, 'shotgun_rate': -0.0962, 'early_down_pass_rate': -0.0119, 'no_huddle_rate': -0.0391}",OL-injury / opp-pass-rush tags: nullable until OL lane lands
2025,CAR,5,3.3942,0.7045,"{'quick_game_rate': -0.1138, 'avg_air_yards_x10': 0.2055, 'shotgun_rate': -0.0424, 'early_down_pass_rate': -0.1424, 'no_huddle_rate': -0.1062}",OL-injury / opp-pass-rush tags: nullable until OL lane lands
2025,CAR,6,1.7414,0.2379,"{'quick_game_rate': -0.0193, 'avg_air_yards_x10': -0.0644, 'shotgun_rate': -0.1307, 'early_down_pass_rate': -0.1636, 'no_huddle_rate': -0.0366}",OL-injury / opp-pass-rush tags: nullable until OL lane lands
2025,CAR,7,2.0125,0.3439,"{'quick_game_rate': -0.0673, 'avg_air_yards_x10': 0.0584, 'shotgun_rate': -0.1426, 'early_down_pass_rate': -0.0906, 'no_huddle_rate': -0.0789}",OL-injury / opp-pass-rush tags: nullable until OL lane lands
2025,CAR,8,2.9239,0.6078,"{'quick_game_rate': -0.1515, 'avg_air_yards_x10': 0.1345, 'shotgun_rate': 0.1562, 'early_down_pass_rate': -0.0351, 'no_huddle_rate': 0.0703}",OL-injury / opp-pass-rush tags: nullable until OL lane lands
2025,CAR,9,1.6777,0.2286,"{'quick_game_rate': -0.0075, 'avg_air_yards_x10': -0.0698, 'shotgun_rate': -0.138, 'early_down_pass_rate': -0.0965, 'no_huddle_rate': -0.0579}",OL-injury / opp-pass-rush tags: nullable until OL lane lands
2025,CAR,10,1.3262,0.1543,"{'quick_game_rate': 0.0933, 'avg_air_yards_x10': -0.0391, 'shotgun_rate': -0.0084, 'early_down_pass_rate': 0.0204, 'no_huddle_rate': -0.0292}",OL-injury / opp-pass-rush tags: nullable until OL lane lands
2025,CAR,11,1.7723,0.2491,"{'quick_game_rate': -0.0049, 'avg_air_yards_x10': -0.0654, 'shotgun_rate': 0.0965, 'early_down_pass_rate': 0.1466, 'no_huddle_rate': -0.0408}",OL-injury / opp-pass-rush tags: nullable until OL lane lands
2025,CAR,12,2.3281,0.4387,"{'quick_game_rate': 0.0706, 'avg_air_yards_x10': -0.0876, 'shotgun_rate': 0.0554, 'early_down_pass_rate': 0.2122, 'no_huddle_rate': -0.0178}",OL-injury / opp-pass-rush tags: nullable until OL lane lands
2025,CAR,13,2.3795,0.4517,"{'quick_game_rate': 0.0285, 'avg_air_yards_x10': 0.1051, 'shotgun_rate': -0.1283, 'early_down_pass_rate': -0.2142, 'no_huddle_rate': -0.028}",OL-injury / opp-pass-rush tags: nullable until OL lane lands
2025,CAR,15,1.8953,0.2974,"{'quick_game_rate': -0.0237, 'avg_air_yards_x10': 0.1762, 'shotgun_rate': -0.0009, 'early_down_pass_rate': 0.0038, 'no_huddle_rate': -0.0061}",OL-injury / opp-pass-rush tags: nullable until OL lane lands
2025,CAR,16,1.9449,0.3216,"{'quick_game_rate': -0.022, 'avg_air_yards_x10': 0.1094, 'shotgun_rate': 0.1488, 'early_down_pass_rate': 0.1261, 'no_huddle_rate': -0.0027}",OL-injury / opp-pass-rush tags: nullable until OL lane lands
2025,CAR,17,6.5558,0.9164,"{'quick_game_rate': 0.2712, 'avg_air_yards_x10': -0.5187, 'shotgun_rate': 0.1422, 'early_down_pass_rate': -0.0064, 'no_huddle_rate': 0.0225}",OL-injury / opp-pass-rush tags: nullable until OL lane lands
2025,CAR,18,2.4248,0.4777,"{'quick_game_rate': -0.1257, 'avg_air_yards_x10': 0.0728, 'shotgun_rate': 0.0931, 'early_down_pass_rate': 0.2226, 'no_huddle_rate': 0.0062}",OL-injury / opp-pass-rush tags: nullable until OL lane lands
2025,CAR,19,1.9823,0.3327,"{'quick_game_rate': -0.0551, 'avg_air_yards_x10': 0.2427, 'shotgun_rate': -0.0013, 'early_down_pass_rate': 0.0785, 'no_huddle_rate': -0.045}",OL-injury / opp-pass-rush tags: nullable until OL lane lands
2025,CHI,2,0.4189,0.0465,"{'quick_game_rate': -0.1169, 'avg_air_yards_x10': 0.2698, 'shotgun_rate': 0.2381, 'early_down_pass_rate': 0.0433, 'no_huddle_rate': 0.1746}",OL-injury / opp-pass-rush tags: nullable until OL lane lands
2025,CHI,3,8.0291,0.9368,"{'quick_game_rate': -0.1559, 'avg_air_yards_x10': 0.0065, 'shotgun_rate': -0.1226, 'early_down_pass_rate': -0.1616, 'no_huddle_rate': -0.0645}",OL-injury / opp-pass-rush tags: nullable until OL lane lands
2025,CHI,4,2.307,0.4312,"{'quick_game_rate': 0.0255, 'avg_air_yards_x10': -0.2236, 'shotgun_rate': 0.017, 'early_down_pass_rate': 0.0478, 'no_huddle_rate': -0.0658}",OL-injury / opp-pass-rush tags: nullable until OL lane lands
2025,CHI,6,1.318,0.1524,"{'quick_game_rate': 0.0154, 'avg_air_yards_x10': 0.0157, 'shotgun_rate': -0.0932, 'early_down_pass_rate': -0.0091, 'no_huddle_rate': -0.0639}",OL-injury / opp-pass-rush tags: nullable until OL lane lands
2025,CHI,7,3.0991,0.6413,"{'quick_game_rate': -0.1243, 'avg_air_yards_x10': 0.0104, 'shotgun_rate': -0.0956, 'early_down_pass_rate': -0.1454, 'no_huddle_rate': -0.0207}",OL-injury / opp-pass-rush tags: nullable until OL lane lands
2025,CHI,8,1.422,0.1729,"{'quick_game_rate': 0.0239, 'avg_air_yards_x10': -0.0217, 'shotgun_rate': 0.0888, 'early_down_pass_rate': 0.0688, 'no_huddle_rate': 0.032}",OL-injury / opp-pass-rush tags: nullable until OL lane lands
2025,CHI,9,0.8639,0.0818,"{'quick_game_rate': 0.0063, 'avg_air_yards_x10': -0.0371, 'shotgun_rate': -0.0433, 'early_down_pass_rate': -0.0289, 'no_huddle_rate': -0.0304}",OL-injury / opp-pass-rush tags: nullable until OL lane lands
2025,CHI,10,2.3855,0.4591,"{'quick_game_rate': 0.1016, 'avg_air_yards_x10': 0.1286, 'shotgun_rate': 0.0492, 'early_down_pass_rate': 0.032, 'no_huddle_rate': 0.0634}",OL-injury / opp-pass-rush tags: nullable until OL lane lands
2025,CHI,11,5.0501,0.8717,"{'quick_game_rate': -0.1215, 'avg_air_yards_x10': 0.3591, 'shotgun_rate': -0.2451, 'early_down_pass_rate': -0.059, 'no_huddle_rate': -0.0448}",OL-injury / opp-pass-rush tags: nullable until OL lane lands
2025,CHI,12,2.0758,0.3643,"{'quick_game_rate': -0.0413, 'avg_air_yards_x10': 0.0877, 'shotgun_rate': 0.0979, 'early_down_pass_rate': 0.0803, 'no_huddle_rate': -0.0682}",OL-injury / opp-pass-rush tags: nullable until OL lane lands
2025,CHI,13,2.4342,0.4796,"{'quick_game_rate': -0.0327, 'avg_air_yards_x10': -0.1879, 'shotgun_rate': -0.1402, 'early_down_pass_rate': -0.0829, 'no_huddle_rate': -0.0501}",OL-injury / opp-pass-rush tags: nullable until OL lane lands
2025,CHI,14,1.3374,0.1617,"{'quick_game_rate': 0.0105, 'avg_air_yards_x10': -0.0208, 'shotgun_rate': -0.1182, 'early_down_pass_rate': 0.0021, 'no_huddle_rate': -0.0433}",OL-injury / opp-pass-rush tags: nullable until OL lane lands
2025,CHI,15,1.8644,0.2862,"{'quick_game_rate': 0.0169, 'avg_air_yards_x10': 0.1115, 'shotgun_rate': 0.0641, 'early_down_pass_rate': -0.0938, 'no_huddle_rate': -0.0384}",OL-injury / opp-pass-rush tags: nullable until OL lane lands
2025,CHI,16,3.2561,0.6822,"{'quick_game_rate': -0.1545, 'avg_air_yards_x10': 0.0949, 'shotgun_rate': 0.156, 'early_down_pass_rate': 0.0738, 'no_huddle_rate': 0.0669}",OL-injury / opp-pass-rush tags: nullable until OL lane lands
2025,CHI,17,3.0714,0.6357,"{'quick_game_rate': 0.1227, 'avg_air_yards_x10': -0.1459, 'shotgun_rate': 0.1195, 'early_down_pass_rate': 0.1364, 'no_huddle_rate': -0.0403}",OL-injury / opp-pass-rush tags: nullable until OL lane lands
2025,CHI,18,1.9201,0.316,"{'quick_game_rate': -0.0218, 'avg_air_yards_x10': -0.0879, 'shotgun_rate': 0.0141, 'early_down_pass_rate': 0.1106, 'no_huddle_rate': -0.0537}",OL-injury / opp-pass-rush tags: nullable until OL lane lands
2025,CHI,19,3.1771,0.6599,"{'quick_game_rate': -0.1114, 'avg_air_yards_x10': 0.2919, 'shotgun_rate': 0.143, 'early_down_pass_rate': 0.0849, 'no_huddle_rate': 0.0136}",OL-injury / opp-pass-rush tags: nullable until OL lane lands
2025,CHI,20,0.9514,0.0911,"{'quick_game_rate': 0.0615, 'avg_air_yards_x10': 0.0274, 'shotgun_rate': -0.0379, 'early_down_pass_rate': 0.0196, 'no_huddle_rate': -0.0143}",OL-injury / opp-pass-rush tags: nullable until OL lane lands
2025,CIN,2,0.2798,0.0316,"{'quick_game_rate': -0.0541, 'avg_air_yards_x10': 0.0652, 'shotgun_rate': 0.1272, 'early_down_pass_rate': 0.2343, 'no_huddle_rate': -0.005}",OL-injury / opp-pass-rush tags: nullable until OL lane lands
2025,CIN,3,13.1655,0.9628,"{'quick_game_rate': 0.1655, 'avg_air_yards_x10': -0.2896, 'shotgun_rate': -0.148, 'early_down_pass_rate': -0.0663, 'no_huddle_rate': -0.0179}",OL-injury / opp-pass-rush tags: nullable until OL lane lands
2025,CIN,4,2.4222,0.4758,"{'quick_game_rate': -0.1133, 'avg_air_yards_x10': 0.1291, 'shotgun_rate': 0.0946, 'early_down_pass_rate': -0.0002, 'no_huddle_rate': 0.0119}",OL-injury / opp-pass-rush tags: nullable until OL lane lands
2025,CIN,5,4.6113,0.8457,"{'quick_game_rate': -0.015, 'avg_air_yards_x10': 0.1444, 'shotgun_rate': 0.1145, 'early_down_pass_rate': 0.1214, 'no_huddle_rate': 0.0368}",OL-injury / opp-pass-rush tags: nullable until OL lane lands
2025,CIN,6,3.9939,0.777,"{'quick_game_rate': 0.0892, 'avg_air_yards_x10': -0.1064, 'shotgun_rate': -0.037, 'early_down_pass_rate': 0.0995, 'no_huddle_rate': 0.0597}",OL-injury / opp-pass-rush tags: nullable until OL lane lands
2025,CIN,7,1.4736,0.1914,"{'quick_game_rate': -0.0237, 'avg_air_yards_x10': 0.0027, 'shotgun_rate': -0.0245, 'early_down_pass_rate': 0.0693, 'no_huddle_rate': -0.0322}",OL-injury / opp-pass-rush tags: nullable until OL lane lands
2025,CIN,8,1.5727,0.2119,"{'quick_game_rate': 0.0736, 'avg_air_yards_x10': -0.0794, 'shotgun_rate': -0.0368, 'early_down_pass_rate': -0.069, 'no_huddle_rate': -0.0104}",OL-injury / opp-pass-rush tags: nullable until OL lane lands
2025,CIN,9,2.8993,0.6041,"{'quick_game_rate': -0.0721, 'avg_air_yards_x10': 0.2038, 'shotgun_rate': 0.0498, 'early_down_pass_rate': 0.1507, 'no_huddle_rate': 0.0199}",OL-injury / opp-pass-rush tags: nullable until OL lane lands
2025,CIN,11,2.1886,0.3941,"{'quick_game_rate': 0.0503, 'avg_air_yards_x10': -0.0149, 'shotgun_rate': -0.0226, 'early_down_pass_rate': -0.0309, 'no_huddle_rate': 0.0509}",OL-injury / opp-pass-rush tags: nullable until OL lane lands
2025,CIN,12,3.1446,0.6506,"{'quick_game_rate': -0.0932, 'avg_air_yards_x10': 0.1822, 'shotgun_rate': -0.1408, 'early_down_pass_rate': -0.1032, 'no_huddle_rate': -0.0008}",OL-injury / opp-pass-rush tags: nullable until OL lane lands
2025,CIN,13,2.0806,0.368,"{'quick_game_rate': -0.0929, 'avg_air_yards_x10': 0.0836, 'shotgun_rate': 0.0421, 'early_down_pass_rate': -0.1017, 'no_huddle_rate': -0.021}",OL-injury / opp-pass-rush tags: nullable until OL lane lands
2025,CIN,14,3.1523,0.6543,"{'quick_game_rate': -0.2024, 'avg_air_yards_x10': 0.1645, 'shotgun_rate': -0.0469, 'early_down_pass_rate': -0.0051, 'no_huddle_rate': 0.0033}",OL-injury / opp-pass-rush tags: nullable until OL lane lands
2025,CIN,15,1.5063,0.197,"{'quick_game_rate': 0.0162, 'avg_air_yards_x10': -0.0339, 'shotgun_rate': 0.0968, 'early_down_pass_rate': -0.0497, 'no_huddle_rate': -0.0038}",OL-injury / opp-pass-rush tags: nullable until OL lane lands
2025,CIN,16,3.5548,0.7361,"{'quick_game_rate': 0.1176, 'avg_air_yards_x10': -0.196, 'shotgun_rate': -0.1676, 'early_down_pass_rate': -0.0939, 'no_huddle_rate': -0.0318}",OL-injury / opp-pass-rush tags: nullable until OL lane lands
2025,CIN,17,2.2006,0.3959,"{'quick_game_rate': -0.0291, 'avg_air_yards_x10': -0.0022, 'shotgun_rate': -0.1286, 'early_down_pass_rate': -0.0812, 'no_huddle_rate': -0.0296}",OL-injury / opp-pass-rush tags: nullable until OL lane lands
2025,CIN,18,2.1598,0.3866,"{'quick_game_rate': 0.009, 'avg_air_yards_x10': -0.2516, 'shotgun_rate': -0.0295, 'early_down_pass_rate': -0.0108, 'no_huddle_rate': -0.0129}",OL-injury / opp-pass-rush tags: nullable until OL lane lands
2025,CLE,2,0.11,0.0037,"{'quick_game_rate': 0.0292, 'avg_air_yards_x10': 0.0433, 'shotgun_rate': 0.0875, 'early_down_pass_rate': -0.0067, 'no_huddle_rate': 0.0409}",OL-injury / opp-pass-rush tags: nullable until OL lane lands
2025,CLE,3,13.4901,0.9647,"{'quick_game_rate': -0.005, 'avg_air_yards_x10': 0.1002, 'shotgun_rate': -0.1586, 'early_down_pass_rate': -0.0406, 'no_huddle_rate': -0.0053}",OL-injury / opp-pass-rush tags: nullable until OL lane lands
2025,CLE,4,10.6742,0.9498,"{'quick_game_rate': -0.0605, 'avg_air_yards_x10': 0.3297, 'shotgun_rate': -0.1639, 'early_down_pass_rate': -0.1063, 'no_huddle_rate': -0.0594}",OL-injury / opp-pass-rush tags: nullable until OL lane lands
2025,CLE,5,2.9802,0.6171,"{'quick_game_rate': -0.0311, 'avg_air_yards_x10': -0.0942, 'shotgun_rate': -0.0329, 'early_down_pass_rate': -0.1311, 'no_huddle_rate': 0.0005}",OL-injury / opp-pass-rush tags: nullable until OL lane lands
2025,CLE,6,6.1694,0.9089,"{'quick_game_rate': 0.052, 'avg_air_yards_x10': -0.1215, 'shotgun_rate': 0.2192, 'early_down_pass_rate': 0.1566, 'no_huddle_rate': 0.1265}",OL-injury / opp-pass-rush tags: nullable until OL lane lands
2025,CLE,7,6.3891,0.9108,"{'quick_game_rate': 0.1331, 'avg_air_yards_x10': -0.2273, 'shotgun_rate': -0.1841, 'early_down_pass_rate': -0.3419, 'no_huddle_rate': -0.0813}",OL-injury / opp-pass-rush tags: nullable until OL lane lands
2025,CLE,8,1.8794,0.2918,"{'quick_game_rate': -0.0097, 'avg_air_yards_x10': -0.1155, 'shotgun_rate': 0.078, 'early_down_pass_rate': 0.0965, 'no_huddle_rate': 0.0812}",OL-injury / opp-pass-rush tags: nullable until OL lane lands
2025,CLE,10,1.333,0.1599,"{'quick_game_rate': 0.0111, 'avg_air_yards_x10': -0.0332, 'shotgun_rate': -0.0104, 'early_down_pass_rate': -0.1017, 'no_huddle_rate': 0.0631}",OL-injury / opp-pass-rush tags: nullable until OL lane lands
2025,CLE,11,2.2983,0.4257,"{'quick_game_rate': 0.1012, 'avg_air_yards_x10': -0.016, 'shotgun_rate': 0.0743, 'early_down_pass_rate': -0.1006, 'no_huddle_rate': 0.0058}",OL-injury / opp-pass-rush tags: nullable until OL lane lands
2025,CLE,12,3.643,0.7472,"{'quick_game_rate': -0.0627, 'avg_air_yards_x10': 0.3221, 'shotgun_rate': -0.0142, 'early_down_pass_rate': -0.2378, 'no_huddle_rate': -0.0874}",OL-injury / opp-pass-rush tags: nullable until OL lane lands
2025,CLE,13,1.0867,0.1078,"{'quick_game_rate': 0.0199, 'avg_air_yards_x10': -0.0168, 'shotgun_rate': -0.0558, 'early_down_pass_rate': -0.086, 'no_huddle_rate': 0.0372}",OL-injury / opp-pass-rush tags: nullable until OL lane lands
2025,CLE,14,2.2839,0.4164,"{'quick_game_rate': -0.1063, 'avg_air_yards_x10': 0.0454, 'shotgun_rate': 0.0594, 'early_down_pass_rate': 0.1167, 'no_huddle_rate': 0.0235}",OL-injury / opp-pass-rush tags: nullable until OL lane lands
2025,CLE,15,2.9595,0.6152,"{'quick_game_rate': 0.0209, 'avg_air_yards_x10': 0.1814, 'shotgun_rate': 0.1312, 'early_down_pass_rate': 0.1506, 'no_huddle_rate': 0.112}",OL-injury / opp-pass-rush tags: nullable until OL lane lands
2025,CLE,16,5.9484,0.8978,"{'quick_game_rate': 0.2813, 'avg_air_yards_x10': -0.4672, 'shotgun_rate': -0.0724, 'early_down_pass_rate': -0.0328, 'no_huddle_rate': 0.017}",OL-injury / opp-pass-rush tags: nullable until OL lane lands
2025,CLE,17,2.5406,0.5149,"{'quick_game_rate': -0.1359, 'avg_air_yards_x10': 0.1557, 'shotgun_rate': -0.0852, 'early_down_pass_rate': -0.0543, 'no_huddle_rate': -0.0935}",OL-injury / opp-pass-rush tags: nullable until OL lane lands
2025,CLE,18,1.5738,0.2138,"{'quick_game_rate': -0.0622, 'avg_air_yards_x10': 0.2151, 'shotgun_rate': -0.0562, 'early_down_pass_rate': -0.0239, 'no_huddle_rate': -0.03}",OL-injury / opp-pass-rush tags: nullable until OL lane lands
2025,DAL,2,0.356,0.0409,"{'quick_game_rate': 0.0373, 'avg_air_yards_x10': -0.33, 'shotgun_rate': 0.1018, 'early_down_pass_rate': 0.077, 'no_huddle_rate': 0.0127}",OL-injury / opp-pass-rush tags: nullable until OL lane lands
2025,DAL,3,26.9486,0.9851,"{'quick_game_rate': 0.2015, 'avg_air_yards_x10': -0.2425, 'shotgun_rate': -0.0212, 'early_down_pass_rate': 0.0492, 'no_huddle_rate': 0.1562}",OL-injury / opp-pass-rush tags: nullable until OL lane lands
2025,DAL,4,3.9444,0.7751,"{'quick_game_rate': 0.09, 'avg_air_yards_x10': 0.0603, 'shotgun_rate': -0.1526, 'early_down_pass_rate': -0.0262, 'no_huddle_rate': -0.0863}",OL-injury / opp-pass-rush tags: nullable until OL lane lands
2025,DAL,5,4.5439,0.8346,"{'quick_game_rate': -0.0497, 'avg_air_yards_x10': 0.0277, 'shotgun_rate': -0.1966, 'early_down_pass_rate': -0.1288, 'no_huddle_rate': -0.056}",OL-injury / opp-pass-rush tags: nullable until OL lane lands
2025,DAL,6,1.8887,0.2955,"{'quick_game_rate': 0.0656, 'avg_air_yards_x10': -0.222, 'shotgun_rate': 0.029, 'early_down_pass_rate': 0.0101, 'no_huddle_rate': -0.0396}",OL-injury / opp-pass-rush tags: nullable until OL lane lands
2025,DAL,7,1.7505,0.2416,"{'quick_game_rate': 0.0332, 'avg_air_yards_x10': -0.0342, 'shotgun_rate': -0.035, 'early_down_pass_rate': -0.0911, 'no_huddle_rate': -0.0071}",OL-injury / opp-pass-rush tags: nullable until OL lane lands
2025,DAL,8,0.9818,0.0967,"{'quick_game_rate': -0.024, 'avg_air_yards_x10': 0.0126, 'shotgun_rate': -0.0247, 'early_down_pass_rate': -0.0462, 'no_huddle_rate': 0.0268}",OL-injury / opp-pass-rush tags: nullable until OL lane lands
2025,DAL,9,3.923,0.7695,"{'quick_game_rate': -0.1142, 'avg_air_yards_x10': 0.3151, 'shotgun_rate': 0.0804, 'early_down_pass_rate': 0.0718, 'no_huddle_rate': 0.1247}",OL-injury / opp-pass-rush tags: nullable until OL lane lands
2025,DAL,11,3.2455,0.6784,"{'quick_game_rate': 0.1138, 'avg_air_yards_x10': -0.0695, 'shotgun_rate': -0.2203, 'early_down_pass_rate': -0.0484, 'no_huddle_rate': -0.0424}",OL-injury / opp-pass-rush tags: nullable until OL lane lands
2025,DAL,12,2.9455,0.6134,"{'quick_game_rate': -0.0483, 'avg_air_yards_x10': 0.283, 'shotgun_rate': -0.1332, 'early_down_pass_rate': -0.1012, 'no_huddle_rate': -0.0268}",OL-injury / opp-pass-rush tags: nullable until OL lane lands
2025,DAL,13,1.9875,0.3383,"{'quick_game_rate': -0.0681, 'avg_air_yards_x10': -0.1324, 'shotgun_rate': -0.105, 'early_down_pass_rate': -0.0343, 'no_huddle_rate': -0.0696}",OL-injury / opp-pass-rush tags: nullable until OL lane lands
2025,DAL,14,3.194,0.6654,"{'quick_game_rate': -0.1622, 'avg_air_yards_x10': 0.2772, 'shotgun_rate': 0.0293, 'early_down_pass_rate': 0.0956, 'no_huddle_rate': 0.0344}",OL-injury / opp-pass-rush tags: nullable until OL lane lands
2025,DAL,15,0.8063,0.0725,"{'quick_game_rate': -0.0377, 'avg_air_yards_x10': -0.0753, 'shotgun_rate': 0.0009, 'early_down_pass_rate': 0.0272, 'no_huddle_rate': 0.0178}",OL-injury / opp-pass-rush tags: nullable until OL lane lands
2025,DAL,16,2.0431,0.3569,"{'quick_game_rate': -0.1025, 'avg_air_yards_x10': 0.1788, 'shotgun_rate': 0.0562, 'early_down_pass_rate': 0.0047, 'no_huddle_rate': -0.0637}",OL-injury / opp-pass-rush tags: nullable until OL lane lands
2025,DAL,17,2.4218,0.474,"{'quick_game_rate': -0.0695, 'avg_air_yards_x10': 0.2243, 'shotgun_rate': -0.0514, 'early_down_pass_rate': -0.0985, 'no_huddle_rate': -0.0377}",OL-injury / opp-pass-rush tags: nullable until OL lane lands
2025,DAL,18,2.3901,0.4628,"{'quick_game_rate': 0.0024, 'avg_air_yards_x10': -0.0805, 'shotgun_rate': 0.0502, 'early_down_pass_rate': -0.1301, 'no_huddle_rate': -0.0543}",OL-injury / opp-pass-rush tags: nullable until OL lane lands
2025,DEN,2,0.1786,0.0167,"{'quick_game_rate': 0.0417, 'avg_air_yards_x10': -0.0425, 'shotgun_rate': -0.0226, 'early_down_pass_rate': -0.0466, 'no_huddle_rate': 0.1602}",OL-injury / opp-pass-rush tags: nullable until OL lane lands
2025,DEN,3,34.0407,0.9888,"{'quick_game_rate': -0.3059, 'avg_air_yards_x10': 0.5648, 'shotgun_rate': 0.1676, 'early_down_pass_rate': -0.0969, 'no_huddle_rate': 0.0041}",OL-injury / opp-pass-rush tags: nullable until OL lane lands
2025,DEN,4,1.6995,0.2323,"{'quick_game_rate': 0.0228, 'avg_air_yards_x10': -0.0328, 'shotgun_rate': -0.0994, 'early_down_pass_rate': -0.01, 'no_huddle_rate': -0.0731}",OL-injury / opp-pass-rush tags: nullable until OL lane lands
2025,DEN,5,1.2701,0.1375,"{'quick_game_rate': -0.0855, 'avg_air_yards_x10': 0.1241, 'shotgun_rate': -0.0522, 'early_down_pass_rate': -0.0181, 'no_huddle_rate': 0.0341}",OL-injury / opp-pass-rush tags: nullable until OL lane lands
2025,DEN,6,1.4494,0.1822,"{'quick_game_rate': 0.0675, 'avg_air_yards_x10': -0.2061, 'shotgun_rate': -0.007, 'early_down_pass_rate': -0.0345, 'no_huddle_rate': 0.0138}",OL-injury / opp-pass-rush tags: nullable until OL lane lands
2025,DEN,7,4.2181,0.7955,"{'quick_game_rate': -0.0315, 'avg_air_yards_x10': 0.1223, 'shotgun_rate': 0.1189, 'early_down_pass_rate': 0.1431, 'no_huddle_rate': 0.0271}",OL-injury / opp-pass-rush tags: nullable until OL lane lands
2025,DEN,8,3.4635,0.7212,"{'quick_game_rate': -0.2599, 'avg_air_yards_x10': 0.3318, 'shotgun_rate': -0.1237, 'early_down_pass_rate': -0.0213, 'no_huddle_rate': -0.0126}",OL-injury / opp-pass-rush tags: nullable until OL lane lands
2025,DEN,9,2.8412,0.5874,"{'quick_game_rate': -0.1202, 'avg_air_yards_x10': 0.4512, 'shotgun_rate': 0.064, 'early_down_pass_rate': 0.0572, 'no_huddle_rate': -0.0536}",OL-injury / opp-pass-rush tags: nullable until OL lane lands
2025,DEN,10,1.1857,0.1208,"{'quick_game_rate': -0.0577, 'avg_air_yards_x10': 0.0913, 'shotgun_rate': -0.0507, 'early_down_pass_rate': -0.0394, 'no_huddle_rate': -0.0213}",OL-injury / opp-pass-rush tags: nullable until OL lane lands
2025,DEN,11,2.0467,0.3587,"{'quick_game_rate': 0.0177, 'avg_air_yards_x10': 0.0395, 'shotgun_rate': 0.0194, 'early_down_pass_rate': 0.0896, 'no_huddle_rate': 0.0567}",OL-injury / opp-pass-rush tags: nullable until OL lane lands
2025,DEN,13,2.9807,0.619,"{'quick_game_rate': 0.1664, 'avg_air_yards_x10': -0.3836, 'shotgun_rate': -0.0424, 'early_down_pass_rate': 0.0852, 'no_huddle_rate': 0.0587}",OL-injury / opp-pass-rush tags: nullable until OL lane lands
2025,DEN,14,3.1904,0.6636,"{'quick_game_rate': 0.0811, 'avg_air_yards_x10': -0.2032, 'shotgun_rate': -0.2038, 'early_down_pass_rate': 0.0532, 'no_huddle_rate': -0.0229}",OL-injury / opp-pass-rush tags: nullable until OL lane lands
2025,DEN,15,2.4042,0.4684,"{'quick_game_rate': -0.1387, 'avg_air_yards_x10': 0.194, 'shotgun_rate': -0.0995, 'early_down_pass_rate': -0.0298, 'no_huddle_rate': 0.0692}",OL-injury / opp-pass-rush tags: nullable until OL lane lands
2025,DEN,16,5.7895,0.8959,"{'quick_game_rate': -0.11, 'avg_air_yards_x10': 0.1855, 'shotgun_rate': 0.2069, 'early_down_pass_rate': 0.1807, 'no_huddle_rate': 0.1998}",OL-injury / opp-pass-rush tags: nullable until OL lane lands
2025,DEN,17,1.6732,0.2249,"{'quick_game_rate': 0.0658, 'avg_air_yards_x10': -0.2401, 'shotgun_rate': 0.0183, 'early_down_pass_rate': -0.0495, 'no_huddle_rate': -0.0652}",OL-injury / opp-pass-rush tags: nullable until OL lane lands
2025,DEN,18,3.9053,0.7677,"{'quick_game_rate': 0.1864, 'avg_air_yards_x10': -0.6541, 'shotgun_rate': -0.0113, 'early_down_pass_rate': -0.1464, 'no_huddle_rate': -0.0432}",OL-injury / opp-pass-rush tags: nullable until OL lane lands
2025,DEN,20,3.171,0.658,"{'quick_game_rate': -0.042, 'avg_air_yards_x10': -0.0657, 'shotgun_rate': 0.1494, 'early_down_pass_rate': 0.1863, 'no_huddle_rate': 0.0821}",OL-injury / opp-pass-rush tags: nullable until OL lane lands
2025,DEN,21,1.3048,0.1487,"{'quick_game_rate': 0.0726, 'avg_air_yards_x10': -0.138, 'shotgun_rate': 0.0105, 'early_down_pass_rate': -0.0267, 'no_huddle_rate': -0.0655}",OL-injury / opp-pass-rush tags: nullable until OL lane lands
2025,DET,2,0.6749,0.0576,"{'quick_game_rate': -0.2793, 'avg_air_yards_x10': 0.5606, 'shotgun_rate': -0.2145, 'early_down_pass_rate': -0.131, 'no_huddle_rate': 0.0048}",OL-injury / opp-pass-rush tags: nullable until OL lane lands
2025,DET,3,14.3969,0.9665,"{'quick_game_rate': -0.1396, 'avg_air_yards_x10': 0.0553, 'shotgun_rate': -0.0647, 'early_down_pass_rate': -0.1932, 'no_huddle_rate': -0.0337}",OL-injury / opp-pass-rush tags: nullable until OL lane lands
2025,DET,4,2.5671,0.5223,"{'quick_game_rate': -0.113, 'avg_air_yards_x10': 0.4426, 'shotgun_rate': 0.072, 'early_down_pass_rate': -0.0633, 'no_huddle_rate': 0.0175}",OL-injury / opp-pass-rush tags: nullable until OL lane lands
2025,DET,5,2.517,0.5,"{'quick_game_rate': 0.0958, 'avg_air_yards_x10': -0.3857, 'shotgun_rate': -0.161, 'early_down_pass_rate': -0.009, 'no_huddle_rate': -0.0086}",OL-injury / opp-pass-rush tags: nullable until OL lane lands
2025,DET,6,2.3003,0.4294,"{'quick_game_rate': 0.1414, 'avg_air_yards_x10': -0.3743, 'shotgun_rate': 0.0964, 'early_down_pass_rate': 0.0947, 'no_huddle_rate': -0.003}",OL-injury / opp-pass-rush tags: nullable until OL lane lands
2025,DET,7,1.7542,0.2435,"{'quick_game_rate': 0.0143, 'avg_air_yards_x10': -0.1464, 'shotgun_rate': -0.0515, 'early_down_pass_rate': -0.0061, 'no_huddle_rate': 0.0213}",OL-injury / opp-pass-rush tags: nullable until OL lane lands
2025,DET,9,4.6283,0.8476,"{'quick_game_rate': -0.0334, 'avg_air_yards_x10': 0.0061, 'shotgun_rate': 0.1534, 'early_down_pass_rate': 0.1738, 'no_huddle_rate': 0.0535}",OL-injury / opp-pass-rush tags: nullable until OL lane lands
2025,DET,10,1.5485,0.2063,"{'quick_game_rate': 0.0589, 'avg_air_yards_x10': -0.1734, 'shotgun_rate': -0.1258, 'early_down_pass_rate': -0.0124, 'no_huddle_rate': -0.0059}",OL-injury / opp-pass-rush tags: nullable until OL lane lands
2025,DET,11,3.1209,0.6468,"{'quick_game_rate': -0.0898, 'avg_air_yards_x10': 0.0165, 'shotgun_rate': 0.1963, 'early_down_pass_rate': 0.193, 'no_huddle_rate': -0.0154}",OL-injury / opp-pass-rush tags: nullable until OL lane lands
2025,DET,12,2.8391,0.5855,"{'quick_game_rate': -0.0173, 'avg_air_yards_x10': -0.0925, 'shotgun_rate': 0.0078, 'early_down_pass_rate': 0.1623, 'no_huddle_rate': 0.0474}",OL-injury / opp-pass-rush tags: nullable until OL lane lands
2025,DET,13,1.462,0.1859,"{'quick_game_rate': 0.0269, 'avg_air_yards_x10': -0.012, 'shotgun_rate': 0.0404, 'early_down_pass_rate': -0.0223, 'no_huddle_rate': 0.0326}",OL-injury / opp-pass-rush tags: nullable until OL lane lands
2025,DET,14,1.3045,0.1468,"{'quick_game_rate': -0.0386, 'avg_air_yards_x10': 0.0329, 'shotgun_rate': 0.0207, 'early_down_pass_rate': 0.098, 'no_huddle_rate': -0.0184}",OL-injury / opp-pass-rush tags: nullable until OL lane lands
2025,DET,15,2.8116,0.5762,"{'quick_game_rate': -0.0528, 'avg_air_yards_x10': 0.2032, 'shotgun_rate': 0.139, 'early_down_pass_rate': 0.1251, 'no_huddle_rate': 0.0434}",OL-injury / opp-pass-rush tags: nullable until OL lane lands
2025,DET,16,5.5818,0.8922,"{'quick_game_rate': 0.0129, 'avg_air_yards_x10': -0.0743, 'shotgun_rate': 0.2648, 'early_down_pass_rate': 0.2897, 'no_huddle_rate': 0.1053}",OL-injury / opp-pass-rush tags: nullable until OL lane lands
2025,DET,17,0.9756,0.0929,"{'quick_game_rate': 0.0586, 'avg_air_yards_x10': 0.0335, 'shotgun_rate': -0.0499, 'early_down_pass_rate': -0.0335, 'no_huddle_rate': -0.0151}",OL-injury / opp-pass-rush tags: nullable until OL lane lands
2025,DET,18,1.1247,0.1134,"{'quick_game_rate': -0.0182, 'avg_air_yards_x10': -0.0596, 'shotgun_rate': 0.0133, 'early_down_pass_rate': 0.0449, 'no_huddle_rate': -0.0348}",OL-injury / opp-pass-rush tags: nullable until OL lane lands
2025,GB,2,0.1745,0.0149,"{'quick_game_rate': 0.0425, 'avg_air_yards_x10': 0.1661, 'shotgun_rate': -0.0238, 'early_down_pass_rate': 0.0221, 'no_huddle_rate': 0.0004}",OL-injury / opp-pass-rush tags: nullable until OL lane lands
2025,GB,3,257.7864,1.0,"{'quick_game_rate': 0.4496, 'avg_air_yards_x10': -1.0411, 'shotgun_rate': 0.0315, 'early_down_pass_rate': -0.078, 'no_huddle_rate': 0.0513}",OL-injury / opp-pass-rush tags: nullable until OL lane lands
2025,GB,4,8.4314,0.9405,"{'quick_game_rate': -0.0221, 'avg_air_yards_x10': -0.293, 'shotgun_rate': 0.1402, 'early_down_pass_rate': 0.0975, 'no_huddle_rate': -0.0312}",OL-injury / opp-pass-rush tags: nullable until OL lane lands
2025,GB,6,3.1492,0.6524,"{'quick_game_rate': -0.1901, 'avg_air_yards_x10': 0.1334, 'shotgun_rate': -0.1048, 'early_down_pass_rate': -0.0411, 'no_huddle_rate': -0.0578}",OL-injury / opp-pass-rush tags: nullable until OL lane lands
2025,GB,7,2.1112,0.3736,"{'quick_game_rate': 0.1185, 'avg_air_yards_x10': -0.1843, 'shotgun_rate': -0.0085, 'early_down_pass_rate': 0.0545, 'no_huddle_rate': 0.0523}",OL-injury / opp-pass-rush tags: nullable until OL lane lands
2025,GB,8,1.9652,0.3253,"{'quick_game_rate': 0.0922, 'avg_air_yards_x10': -0.2844, 'shotgun_rate': -0.0227, 'early_down_pass_rate': 0.0632, 'no_huddle_rate': -0.0401}",OL-injury / opp-pass-rush tags: nullable until OL lane lands
2025,GB,9,3.421,0.7138,"{'quick_game_rate': 0.052, 'avg_air_yards_x10': 0.1103, 'shotgun_rate': 0.06, 'early_down_pass_rate': 0.0555, 'no_huddle_rate': 0.1085}",OL-injury / opp-pass-rush tags: nullable until OL lane lands
2025,GB,10,3.2437,0.6766,"{'quick_game_rate': -0.0618, 'avg_air_yards_x10': 0.0867, 'shotgun_rate': 0.1041, 'early_down_pass_rate': 0.0791, 'no_huddle_rate': 0.1078}",OL-injury / opp-pass-rush tags: nullable until OL lane lands
2025,GB,11,3.0958,0.6394,"{'quick_game_rate': -0.1846, 'avg_air_yards_x10': 0.3354, 'shotgun_rate': -0.1575, 'early_down_pass_rate': -0.0172, 'no_huddle_rate': -0.0532}",OL-injury / opp-pass-rush tags: nullable until OL lane lands
2025,GB,12,3.1652,0.6561,"{'quick_game_rate': -0.0053, 'avg_air_yards_x10': -0.0205, 'shotgun_rate': 0.0249, 'early_down_pass_rate': -0.1639, 'no_huddle_rate': 0.0089}",OL-injury / opp-pass-rush tags: nullable until OL lane lands
2025,GB,13,1.7751,0.2509,"{'quick_game_rate': -0.1836, 'avg_air_yards_x10': 0.3201, 'shotgun_rate': -0.03, 'early_down_pass_rate': -0.0231, 'no_huddle_rate': -0.0169}",OL-injury / opp-pass-rush tags: nullable until OL lane lands
2025,GB,14,2.8845,0.5967,"{'quick_game_rate': -0.135, 'avg_air_yards_x10': 0.3941, 'shotgun_rate': -0.1709, 'early_down_pass_rate': -0.0121, 'no_huddle_rate': 0.0123}",OL-injury / opp-pass-rush tags: nullable until OL lane lands
2025,GB,15,3.3741,0.6989,"{'quick_game_rate': -0.1246, 'avg_air_yards_x10': 0.2498, 'shotgun_rate': 0.0859, 'early_down_pass_rate': 0.1869, 'no_huddle_rate': -0.0232}",OL-injury / opp-pass-rush tags: nullable until OL lane lands
2025,GB,16,2.8268,0.5781,"{'quick_game_rate': 0.026, 'avg_air_yards_x10': -0.2064, 'shotgun_rate': -0.1345, 'early_down_pass_rate': -0.1591, 'no_huddle_rate': -0.0395}",OL-injury / opp-pass-rush tags: nullable until OL lane lands
2025,GB,17,6.0223,0.9015,"{'quick_game_rate': -0.1574, 'avg_air_yards_x10': 0.2797, 'shotgun_rate': 0.2555, 'early_down_pass_rate': 0.2305, 'no_huddle_rate': 0.2033}",OL-injury / opp-pass-rush tags: nullable until OL lane lands
2025,GB,18,4.8003,0.8625,"{'quick_game_rate': 0.2197, 'avg_air_yards_x10': -0.6563, 'shotgun_rate': -0.2742, 'early_down_pass_rate': -0.2736, 'no_huddle_rate': -0.0747}",OL-injury / opp-pass-rush tags: nullable until OL lane lands
2025,GB,19,1.8799,0.2937,"{'quick_game_rate': -0.1292, 'avg_air_yards_x10': 0.1564, 'shotgun_rate': 0.0889, 'early_down_pass_rate': 0.1225, 'no_huddle_rate': -0.0621}",OL-injury / opp-pass-rush tags: nullable until OL lane lands
2025,HOU,2,0.1931,0.0186,"{'quick_game_rate': -0.0556, 'avg_air_yards_x10': 0.1755, 'shotgun_rate': -0.0496, 'early_down_pass_rate': 0.0037, 'no_huddle_rate': -0.0309}",OL-injury / opp-pass-rush tags: nullable until OL lane lands
2025,HOU,3,65.8501,0.9944,"{'quick_game_rate': 0.0127, 'avg_air_yards_x10': 0.0536, 'shotgun_rate': 0.0248, 'early_down_pass_rate': 0.1216, 'no_huddle_rate': 0.0505}",OL-injury / opp-pass-rush tags: nullable until OL lane lands
2025,HOU,4,7.1422,0.9275,"{'quick_game_rate': 0.1109, 'avg_air_yards_x10': -0.0926, 'shotgun_rate': -0.1095, 'early_down_pass_rate': -0.1062, 'no_huddle_rate': 0.0369}",OL-injury / opp-pass-rush tags: nullable until OL lane lands
2025,HOU,5,3.4844,0.7268,"{'quick_game_rate': -0.0758, 'avg_air_yards_x10': 0.116, 'shotgun_rate': -0.111, 'early_down_pass_rate': -0.0363, 'no_huddle_rate': -0.0476}",OL-injury / opp-pass-rush tags: nullable until OL lane lands
2025,HOU,7,4.5378,0.8327,"{'quick_game_rate': 0.0268, 'avg_air_yards_x10': 0.1226, 'shotgun_rate': 0.0072, 'early_down_pass_rate': 0.2208, 'no_huddle_rate': 0.0749}",OL-injury / opp-pass-rush tags: nullable until OL lane lands
2025,HOU,8,2.5174,0.5037,"{'quick_game_rate': -0.0619, 'avg_air_yards_x10': 0.1036, 'shotgun_rate': -0.0693, 'early_down_pass_rate': -0.0648, 'no_huddle_rate': -0.0527}",OL-injury / opp-pass-rush tags: nullable until OL lane lands
2025,HOU,9,2.8072,0.5743,"{'quick_game_rate': -0.0902, 'avg_air_yards_x10': 0.0496, 'shotgun_rate': 0.1091, 'early_down_pass_rate': -0.0282, 'no_huddle_rate': -0.0448}",OL-injury / opp-pass-rush tags: nullable until OL lane lands
2025,HOU,10,2.4842,0.4888,"{'quick_game_rate': -0.0178, 'avg_air_yards_x10': 0.1648, 'shotgun_rate': -0.0209, 'early_down_pass_rate': 0.1235, 'no_huddle_rate': -0.0249}",OL-injury / opp-pass-rush tags: nullable until OL lane lands
2025,HOU,11,2.3843,0.4554,"{'quick_game_rate': -0.1124, 'avg_air_yards_x10': 0.0512, 'shotgun_rate': 0.0088, 'early_down_pass_rate': 0.0542, 'no_huddle_rate': -0.0356}",OL-injury / opp-pass-rush tags: nullable until OL lane lands
2025,HOU,12,2.2191,0.3996,"{'quick_game_rate': 0.051, 'avg_air_yards_x10': -0.0375, 'shotgun_rate': -0.1119, 'early_down_pass_rate': -0.0624, 'no_huddle_rate': -0.0103}",OL-injury / opp-pass-rush tags: nullable until OL lane lands
2025,HOU,13,4.705,0.855,"{'quick_game_rate': -0.149, 'avg_air_yards_x10': 0.3159, 'shotgun_rate': -0.1079, 'early_down_pass_rate': -0.0567, 'no_huddle_rate': -0.0176}",OL-injury / opp-pass-rush tags: nullable until OL lane lands
2025,HOU,14,2.3191,0.4368,"{'quick_game_rate': -0.0885, 'avg_air_yards_x10': 0.1534, 'shotgun_rate': -0.02, 'early_down_pass_rate': -0.1052, 'no_huddle_rate': -0.0289}",OL-injury / opp-pass-rush tags: nullable until OL lane lands
2025,HOU,15,4.5737,0.8364,"{'quick_game_rate': 0.1775, 'avg_air_yards_x10': -0.4244, 'shotgun_rate': 0.0595, 'early_down_pass_rate': -0.0856, 'no_huddle_rate': -0.0421}",OL-injury / opp-pass-rush tags: nullable until OL lane lands
2025,HOU,16,2.4849,0.4926,"{'quick_game_rate': -0.0567, 'avg_air_yards_x10': 0.0595, 'shotgun_rate': 0.1532, 'early_down_pass_rate': -0.0262, 'no_huddle_rate': 0.0126}",OL-injury / opp-pass-rush tags: nullable until OL lane lands
2025,HOU,17,3.6325,0.7454,"{'quick_game_rate': 0.0257, 'avg_air_yards_x10': 0.0984, 'shotgun_rate': -0.1922, 'early_down_pass_rate': -0.1818, 'no_huddle_rate': -0.0399}",OL-injury / opp-pass-rush tags: nullable until OL lane lands
2025,HOU,18,1.924,0.3178,"{'quick_game_rate': -0.0922, 'avg_air_yards_x10': -0.1995, 'shotgun_rate': -0.0336, 'early_down_pass_rate': -0.0647, 'no_huddle_rate': -0.0057}",OL-injury / opp-pass-rush tags: nullable until OL lane lands
2025,HOU,19,2.0196,0.3494,"{'quick_game_rate': 0.025, 'avg_air_yards_x10': 0.0772, 'shotgun_rate': -0.1421, 'early_down_pass_rate': -0.0608, 'no_huddle_rate': -0.0217}",OL-injury / opp-pass-rush tags: nullable until OL lane lands
2025,HOU,20,2.5531,0.5186,"{'quick_game_rate': -0.1033, 'avg_air_yards_x10': 0.0726, 'shotgun_rate': 0.0833, 'early_down_pass_rate': 0.1617, 'no_huddle_rate': 0.0197}",OL-injury / opp-pass-rush tags: nullable until OL lane lands
2025,IND,2,0.382,0.0428,"{'quick_game_rate': -0.214, 'avg_air_yards_x10': 0.2918, 'shotgun_rate': 0.091, 'early_down_pass_rate': 0.077, 'no_huddle_rate': -0.0272}",OL-injury / opp-pass-rush tags: nullable until OL lane lands
2025,IND,3,3.6181,0.7379,"{'quick_game_rate': 0.0918, 'avg_air_yards_x10': -0.1218, 'shotgun_rate': -0.1055, 'early_down_pass_rate': 0.0699, 'no_huddle_rate': -0.0235}",OL-injury / opp-pass-rush tags: nullable until OL lane lands
2025,IND,4,4.4344,0.8234,"{'quick_game_rate': -0.094, 'avg_air_yards_x10': 0.1673, 'shotgun_rate': 0.0533, 'early_down_pass_rate': 0.1773, 'no_huddle_rate': -0.0175}",OL-injury / opp-pass-rush tags: nullable until OL lane lands
2025,IND,5,2.234,0.4033,"{'quick_game_rate': -0.0553, 'avg_air_yards_x10': 0.0114, 'shotgun_rate': -0.1237, 'early_down_pass_rate': 0.0336, 'no_huddle_rate': 0.002}",OL-injury / opp-pass-rush tags: nullable until OL lane lands
2025,IND,6,1.905,0.3011,"{'quick_game_rate': 0.0891, 'avg_air_yards_x10': -0.1453, 'shotgun_rate': -0.0739, 'early_down_pass_rate': 0.0042, 'no_huddle_rate': 0.004}",OL-injury / opp-pass-rush tags: nullable until OL lane lands
2025,IND,7,3.3695,0.697,"{'quick_game_rate': -0.0136, 'avg_air_yards_x10': 0.2141, 'shotgun_rate': 0.0356, 'early_down_pass_rate': 0.0925, 'no_huddle_rate': -0.0324}",OL-injury / opp-pass-rush tags: nullable until OL lane lands
2025,IND,8,2.0975,0.3717,"{'quick_game_rate': -0.1055, 'avg_air_yards_x10': 0.0296, 'shotgun_rate': 0.0006, 'early_down_pass_rate': 0.1124, 'no_huddle_rate': -0.0085}",OL-injury / opp-pass-rush tags: nullable until OL lane lands
2025,IND,9,6.8906,0.9238,"{'quick_game_rate': -0.0949, 'avg_air_yards_x10': 0.0463, 'shotgun_rate': 0.0205, 'early_down_pass_rate': 0.2147, 'no_huddle_rate': 0.0966}",OL-injury / opp-pass-rush tags: nullable until OL lane lands
2025,IND,10,1.8159,0.2695,"{'quick_game_rate': 0.0435, 'avg_air_yards_x10': -0.0366, 'shotgun_rate': -0.054, 'early_down_pass_rate': -0.1374, 'no_huddle_rate': 0.0159}",OL-injury / opp-pass-rush tags: nullable until OL lane lands
2025,IND,12,4.3037,0.8067,"{'quick_game_rate': 0.172, 'avg_air_yards_x10': -0.3884, 'shotgun_rate': -0.0559, 'early_down_pass_rate': 0.0564, 'no_huddle_rate': -0.039}",OL-injury / opp-pass-rush tags: nullable until OL lane lands
2025,IND,13,1.5682,0.21,"{'quick_game_rate': -0.0719, 'avg_air_yards_x10': -0.0682, 'shotgun_rate': 0.0715, 'early_down_pass_rate': -0.0335, 'no_huddle_rate': 0.0053}",OL-injury / opp-pass-rush tags: nullable until OL lane lands
2025,IND,14,3.1123,0.645,"{'quick_game_rate': -0.0474, 'avg_air_yards_x10': -0.1514, 'shotgun_rate': 0.0089, 'early_down_pass_rate': 0.003, 'no_huddle_rate': 0.0911}",OL-injury / opp-pass-rush tags: nullable until OL lane lands
2025,IND,15,6.0737,0.9033,"{'quick_game_rate': 0.123, 'avg_air_yards_x10': -0.2583, 'shotgun_rate': 0.2923, 'early_down_pass_rate': -0.1937, 'no_huddle_rate': -0.0429}",OL-injury / opp-pass-rush tags: nullable until OL lane lands
2025,IND,16,4.6107,0.8439,"{'quick_game_rate': -0.0247, 'avg_air_yards_x10': 0.1704, 'shotgun_rate': 0.2027, 'early_down_pass_rate': 0.0736, 'no_huddle_rate': 0.1499}",OL-injury / opp-pass-rush tags: nullable until OL lane lands
2025,IND,17,1.2637,0.1357,"{'quick_game_rate': -0.067, 'avg_air_yards_x10': 0.1519, 'shotgun_rate': -0.0209, 'early_down_pass_rate': -0.0007, 'no_huddle_rate': -0.0128}",OL-injury / opp-pass-rush tags: nullable until OL lane lands
2025,IND,18,1.4328,0.1766,"{'quick_game_rate': -0.061, 'avg_air_yards_x10': 0.122, 'shotgun_rate': -0.0671, 'early_down_pass_rate': -0.0691, 'no_huddle_rate': -0.0021}",OL-injury / opp-pass-rush tags: nullable until OL lane lands
2025,JAX,2,0.141,0.0074,"{'quick_game_rate': 0.1095, 'avg_air_yards_x10': -0.01, 'shotgun_rate': 0.0275, 'early_down_pass_rate': 0.0818, 'no_huddle_rate': -0.0188}",OL-injury / opp-pass-rush tags: nullable until OL lane lands
2025,JAX,3,12.3499,0.9591,"{'quick_game_rate': 0.1286, 'avg_air_yards_x10': 0.0492, 'shotgun_rate': 0.0965, 'early_down_pass_rate': 0.0305, 'no_huddle_rate': 0.0069}",OL-injury / opp-pass-rush tags: nullable until OL lane lands
2025,JAX,4,6.1557,0.9052,"{'quick_game_rate': 0.0357, 'avg_air_yards_x10': -0.1014, 'shotgun_rate': -0.0959, 'early_down_pass_rate': -0.0946, 'no_huddle_rate': 0.0238}",OL-injury / opp-pass-rush tags: nullable until OL lane lands
2025,JAX,5,5.4531,0.8866,"{'quick_game_rate': 0.0868, 'avg_air_yards_x10': 0.1066, 'shotgun_rate': 0.004, 'early_down_pass_rate': 0.0181, 'no_huddle_rate': 0.0605}",OL-injury / opp-pass-rush tags: nullable until OL lane lands
2025,JAX,6,6.1646,0.9071,"{'quick_game_rate': 0.0808, 'avg_air_yards_x10': 0.0112, 'shotgun_rate': 0.0871, 'early_down_pass_rate': 0.1773, 'no_huddle_rate': 0.1176}",OL-injury / opp-pass-rush tags: nullable until OL lane lands
2025,JAX,7,7.6494,0.9331,"{'quick_game_rate': -0.1083, 'avg_air_yards_x10': 0.3349, 'shotgun_rate': 0.1393, 'early_down_pass_rate': 0.1375, 'no_huddle_rate': 0.1659}",OL-injury / opp-pass-rush tags: nullable until OL lane lands
2025,JAX,9,1.6451,0.2193,"{'quick_game_rate': -0.0038, 'avg_air_yards_x10': 0.0753, 'shotgun_rate': -0.058, 'early_down_pass_rate': -0.1065, 'no_huddle_rate': -0.0349}",OL-injury / opp-pass-rush tags: nullable until OL lane lands
2025,JAX,10,2.614,0.5335,"{'quick_game_rate': 0.0771, 'avg_air_yards_x10': -0.1751, 'shotgun_rate': -0.0452, 'early_down_pass_rate': -0.1351, 'no_huddle_rate': -0.0653}",OL-injury / opp-pass-rush tags: nullable until OL lane lands
2025,JAX,11,4.6469,0.8494,"{'quick_game_rate': -0.1785, 'avg_air_yards_x10': 0.0914, 'shotgun_rate': -0.1768, 'early_down_pass_rate': -0.2556, 'no_huddle_rate': -0.0469}",OL-injury / opp-pass-rush tags: nullable until OL lane lands
2025,JAX,12,2.0016,0.3401,"{'quick_game_rate': -0.1455, 'avg_air_yards_x10': 0.1038, 'shotgun_rate': -0.0272, 'early_down_pass_rate': -0.0055, 'no_huddle_rate': -0.0379}",OL-injury / opp-pass-rush tags: nullable until OL lane lands
2025,JAX,13,2.3796,0.4535,"{'quick_game_rate': -0.0952, 'avg_air_yards_x10': 0.191, 'shotgun_rate': 0.0995, 'early_down_pass_rate': 0.0108, 'no_huddle_rate': -0.0496}",OL-injury / opp-pass-rush tags: nullable until OL lane lands
2025,JAX,14,2.125,0.3773,"{'quick_game_rate': -0.0706, 'avg_air_yards_x10': 0.2493, 'shotgun_rate': 0.017, 'early_down_pass_rate': -0.0267, 'no_huddle_rate': -0.0136}",OL-injury / opp-pass-rush tags: nullable until OL lane lands
2025,JAX,15,1.9358,0.3197,"{'quick_game_rate': -0.0147, 'avg_air_yards_x10': 0.2372, 'shotgun_rate': -0.0653, 'early_down_pass_rate': 0.0378, 'no_huddle_rate': 0.0088}",OL-injury / opp-pass-rush tags: nullable until OL lane lands
2025,JAX,16,1.4037,0.1691,"{'quick_game_rate': 0.0766, 'avg_air_yards_x10': -0.0804, 'shotgun_rate': 0.0655, 'early_down_pass_rate': 0.0386, 'no_huddle_rate': 0.0103}",OL-injury / opp-pass-rush tags: nullable until OL lane lands
2025,JAX,17,1.8113,0.2658,"{'quick_game_rate': -0.1049, 'avg_air_yards_x10': 0.1227, 'shotgun_rate': 0.0758, 'early_down_pass_rate': 0.0277, 'no_huddle_rate': -0.0051}",OL-injury / opp-pass-rush tags: nullable until OL lane lands
2025,JAX,18,1.4019,0.1673,"{'quick_game_rate': -0.0435, 'avg_air_yards_x10': 0.0586, 'shotgun_rate': 0.0128, 'early_down_pass_rate': 0.0428, 'no_huddle_rate': 0.0637}",OL-injury / opp-pass-rush tags: nullable until OL lane lands
2025,JAX,19,1.5369,0.2026,"{'quick_game_rate': 0.0195, 'avg_air_yards_x10': 0.1066, 'shotgun_rate': 0.079, 'early_down_pass_rate': 0.0567, 'no_huddle_rate': 0.0253}",OL-injury / opp-pass-rush tags: nullable until OL lane lands
2025,KC,2,0.3887,0.0446,"{'quick_game_rate': -0.0961, 'avg_air_yards_x10': 0.3524, 'shotgun_rate': -0.0381, 'early_down_pass_rate': -0.1274, 'no_huddle_rate': 0.0009}",OL-injury / opp-pass-rush tags: nullable until OL lane lands
2025,KC,3,115.9117,0.9981,"{'quick_game_rate': 0.0907, 'avg_air_yards_x10': -0.0272, 'shotgun_rate': 0.0195, 'early_down_pass_rate': -0.0513, 'no_huddle_rate': -0.0522}",OL-injury / opp-pass-rush tags: nullable until OL lane lands
2025,KC,4,2.2386,0.4052,"{'quick_game_rate': 0.0605, 'avg_air_yards_x10': -0.1803, 'shotgun_rate': -0.021, 'early_down_pass_rate': -0.0342, 'no_huddle_rate': -0.0201}",OL-injury / opp-pass-rush tags: nullable until OL lane lands
2025,KC,5,4.7425,0.8587,"{'quick_game_rate': -0.0152, 'avg_air_yards_x10': 0.1428, 'shotgun_rate': 0.0791, 'early_down_pass_rate': 0.044, 'no_huddle_rate': -0.0298}",OL-injury / opp-pass-rush tags: nullable until OL lane lands
2025,KC,6,4.3647,0.8104,"{'quick_game_rate': 0.0601, 'avg_air_yards_x10': -0.3504, 'shotgun_rate': -0.1187, 'early_down_pass_rate': -0.0292, 'no_huddle_rate': 0.0107}",OL-injury / opp-pass-rush tags: nullable until OL lane lands
2025,KC,7,2.2957,0.4238,"{'quick_game_rate': 0.0454, 'avg_air_yards_x10': -0.2139, 'shotgun_rate': -0.0355, 'early_down_pass_rate': -0.0551, 'no_huddle_rate': -0.0256}",OL-injury / opp-pass-rush tags: nullable until OL lane lands
2025,KC,8,2.2896,0.4219,"{'quick_game_rate': -0.0603, 'avg_air_yards_x10': -0.1307, 'shotgun_rate': 0.0628, 'early_down_pass_rate': -0.0632, 'no_huddle_rate': -0.0067}",OL-injury / opp-pass-rush tags: nullable until OL lane lands
2025,KC,9,6.5894,0.9201,"{'quick_game_rate': -0.2587, 'avg_air_yards_x10': 0.6915, 'shotgun_rate': 0.088, 'early_down_pass_rate': 0.0116, 'no_huddle_rate': 0.0134}",OL-injury / opp-pass-rush tags: nullable until OL lane lands
2025,KC,11,3.5337,0.7342,"{'quick_game_rate': 0.0466, 'avg_air_yards_x10': -0.1153, 'shotgun_rate': 0.0526, 'early_down_pass_rate': 0.1541, 'no_huddle_rate': -0.0065}",OL-injury / opp-pass-rush tags: nullable until OL lane lands
2025,KC,12,1.4182,0.171,"{'quick_game_rate': -0.0364, 'avg_air_yards_x10': -0.0607, 'shotgun_rate': -0.0302, 'early_down_pass_rate': -0.07, 'no_huddle_rate': 0.0107}",OL-injury / opp-pass-rush tags: nullable until OL lane lands
2025,KC,13,1.0229,0.1041,"{'quick_game_rate': 0.0628, 'avg_air_yards_x10': -0.1124, 'shotgun_rate': -0.0042, 'early_down_pass_rate': 0.0068, 'no_huddle_rate': 0.0104}",OL-injury / opp-pass-rush tags: nullable until OL lane lands
2025,KC,14,2.4367,0.4814,"{'quick_game_rate': -0.0912, 'avg_air_yards_x10': 0.0942, 'shotgun_rate': 0.0524, 'early_down_pass_rate': -0.0847, 'no_huddle_rate': -0.0238}",OL-injury / opp-pass-rush tags: nullable until OL lane lands
2025,KC,15,1.2462,0.1301,"{'quick_game_rate': -0.0075, 'avg_air_yards_x10': -0.0586, 'shotgun_rate': -0.0619, 'early_down_pass_rate': -0.0004, 'no_huddle_rate': -0.005}",OL-injury / opp-pass-rush tags: nullable until OL lane lands
2025,KC,16,4.4816,0.8271,"{'quick_game_rate': 0.0726, 'avg_air_yards_x10': -0.3453, 'shotgun_rate': 0.0403, 'early_down_pass_rate': 0.0394, 'no_huddle_rate': 0.0714}",OL-injury / opp-pass-rush tags: nullable until OL lane lands
2025,KC,17,4.046,0.7788,"{'quick_game_rate': 0.0617, 'avg_air_yards_x10': -0.2556, 'shotgun_rate': -0.14, 'early_down_pass_rate': -0.1522, 'no_huddle_rate': 0.0225}",OL-injury / opp-pass-rush tags: nullable until OL lane lands
2025,KC,18,2.7303,0.5558,"{'quick_game_rate': 0.1163, 'avg_air_yards_x10': -0.0536, 'shotgun_rate': -0.1367, 'early_down_pass_rate': -0.0031, 'no_huddle_rate': -0.0116}",OL-injury / opp-pass-rush tags: nullable until OL lane lands
2025,LA,2,0.0664,0.0019,"{'quick_game_rate': 0.0241, 'avg_air_yards_x10': 0.0146, 'shotgun_rate': 0.0165, 'early_down_pass_rate': -0.0277, 'no_huddle_rate': 0.0507}",OL-injury / opp-pass-rush tags: nullable until OL lane lands
2025,LA,3,7.4255,0.9294,"{'quick_game_rate': -0.0485, 'avg_air_yards_x10': 0.0255, 'shotgun_rate': -0.0216, 'early_down_pass_rate': -0.0566, 'no_huddle_rate': 0.0454}",OL-injury / opp-pass-rush tags: nullable until OL lane lands
2025,LA,4,17.1149,0.9758,"{'quick_game_rate': 0.0024, 'avg_air_yards_x10': 0.0599, 'shotgun_rate': 0.1993, 'early_down_pass_rate': 0.0566, 'no_huddle_rate': 0.0568}",OL-injury / opp-pass-rush tags: nullable until OL lane lands
2025,LA,5,14.7929,0.9684,"{'quick_game_rate': -0.0699, 'avg_air_yards_x10': 0.3377, 'shotgun_rate': 0.1941, 'early_down_pass_rate': 0.2739, 'no_huddle_rate': 0.0373}",OL-injury / opp-pass-rush tags: nullable until OL lane lands
2025,LA,6,2.0205,0.3513,"{'quick_game_rate': -0.0342, 'avg_air_yards_x10': 0.0031, 'shotgun_rate': -0.0666, 'early_down_pass_rate': -0.1107, 'no_huddle_rate': 0.0467}",OL-injury / opp-pass-rush tags: nullable until OL lane lands
2025,LA,7,2.5592,0.5204,"{'quick_game_rate': 0.017, 'avg_air_yards_x10': 0.2218, 'shotgun_rate': -0.0512, 'early_down_pass_rate': -0.0894, 'no_huddle_rate': -0.0552}",OL-injury / opp-pass-rush tags: nullable until OL lane lands
2025,LA,9,2.7391,0.5595,"{'quick_game_rate': 0.0629, 'avg_air_yards_x10': 0.087, 'shotgun_rate': -0.0807, 'early_down_pass_rate': -0.1177, 'no_huddle_rate': -0.0442}",OL-injury / opp-pass-rush tags: nullable until OL lane lands
2025,LA,10,1.2393,0.1283,"{'quick_game_rate': -0.011, 'avg_air_yards_x10': 0.0015, 'shotgun_rate': -0.085, 'early_down_pass_rate': -0.0143, 'no_huddle_rate': -0.031}",OL-injury / opp-pass-rush tags: nullable until OL lane lands
2025,LA,11,4.4298,0.8216,"{'quick_game_rate': 0.1053, 'avg_air_yards_x10': -0.3995, 'shotgun_rate': 0.0164, 'early_down_pass_rate': -0.0219, 'no_huddle_rate': -0.0101}",OL-injury / opp-pass-rush tags: nullable until OL lane lands
2025,LA,12,2.8605,0.5911,"{'quick_game_rate': -0.0624, 'avg_air_yards_x10': -0.1695, 'shotgun_rate': 0.1947, 'early_down_pass_rate': 0.0661, 'no_huddle_rate': 0.0019}",OL-injury / opp-pass-rush tags: nullable until OL lane lands
2025,LA,13,2.8294,0.5799,"{'quick_game_rate': -0.0424, 'avg_air_yards_x10': -0.0762, 'shotgun_rate': -0.063, 'early_down_pass_rate': 0.0021, 'no_huddle_rate': -0.0892}",OL-injury / opp-pass-rush tags: nullable until OL lane lands
2025,LA,14,1.6783,0.2305,"{'quick_game_rate': -0.0228, 'avg_air_yards_x10': -0.1398, 'shotgun_rate': -0.0583, 'early_down_pass_rate': -0.08, 'no_huddle_rate': -0.0349}",OL-injury / opp-pass-rush tags: nullable until OL lane lands
2025,LA,15,4.6559,0.8513,"{'quick_game_rate': -0.1687, 'avg_air_yards_x10': 0.391, 'shotgun_rate': -0.0364, 'early_down_pass_rate': -0.0036, 'no_huddle_rate': -0.0501}",OL-injury / opp-pass-rush tags: nullable until OL lane lands
2025,LA,16,1.9091,0.3067,"{'quick_game_rate': -0.0557, 'avg_air_yards_x10': 0.0971, 'shotgun_rate': -0.047, 'early_down_pass_rate': -0.0704, 'no_huddle_rate': -0.0528}",OL-injury / opp-pass-rush tags: nullable until OL lane lands
2025,LA,17,3.2728,0.6877,"{'quick_game_rate': -0.1003, 'avg_air_yards_x10': 0.4672, 'shotgun_rate': 0.0679, 'early_down_pass_rate': 0.071, 'no_huddle_rate': -0.0064}",OL-injury / opp-pass-rush tags: nullable until OL lane lands
2025,LA,18,1.4845,0.1952,"{'quick_game_rate': 0.0234, 'avg_air_yards_x10': 0.0085, 'shotgun_rate': 0.0001, 'early_down_pass_rate': 0.0299, 'no_huddle_rate': -0.0569}",OL-injury / opp-pass-rush tags: nullable until OL lane lands
2025,LA,19,3.31,0.6896,"{'quick_game_rate': -0.1594, 'avg_air_yards_x10': 0.2732, 'shotgun_rate': 0.1376, 'early_down_pass_rate': 0.0048, 'no_huddle_rate': 0.0021}",OL-injury / opp-pass-rush tags: nullable until OL lane lands
2025,LA,20,1.3663,0.1636,"{'quick_game_rate': -0.0076, 'avg_air_yards_x10': 0.0723, 'shotgun_rate': 0.0411, 'early_down_pass_rate': -0.0066, 'no_huddle_rate': 0.05}",OL-injury / opp-pass-rush tags: nullable until OL lane lands
2025,LA,21,2.6671,0.5428,"{'quick_game_rate': -0.0954, 'avg_air_yards_x10': 0.3332, 'shotgun_rate': 0.0696, 'early_down_pass_rate': 0.0258, 'no_huddle_rate': -0.0535}",OL-injury / opp-pass-rush tags: nullable until OL lane lands
2025,LAC,2,0.1719,0.013,"{'quick_game_rate': 0.085, 'avg_air_yards_x10': -0.1022, 'shotgun_rate': -0.0987, 'early_down_pass_rate': -0.0407, 'no_huddle_rate': 0.0223}",OL-injury / opp-pass-rush tags: nullable until OL lane lands
2025,LAC,3,2.4212,0.4721,"{'quick_game_rate': -0.0876, 'avg_air_yards_x10': -0.042, 'shotgun_rate': 0.0161, 'early_down_pass_rate': -0.0069, 'no_huddle_rate': 0.0095}",OL-injury / opp-pass-rush tags: nullable until OL lane lands
2025,LAC,4,12.5863,0.961,"{'quick_game_rate': 0.1015, 'avg_air_yards_x10': -0.2944, 'shotgun_rate': 0.1578, 'early_down_pass_rate': 0.1649, 'no_huddle_rate': 0.0214}",OL-injury / opp-pass-rush tags: nullable until OL lane lands
2025,LAC,5,5.226,0.8773,"{'quick_game_rate': 0.1782, 'avg_air_yards_x10': -0.4703, 'shotgun_rate': 0.0366, 'early_down_pass_rate': -0.1157, 'no_huddle_rate': 0.027}",OL-injury / opp-pass-rush tags: nullable until OL lane lands
2025,LAC,6,4.4513,0.8253,"{'quick_game_rate': 0.1393, 'avg_air_yards_x10': -0.1942, 'shotgun_rate': -0.2174, 'early_down_pass_rate': -0.0217, 'no_huddle_rate': -0.0419}",OL-injury / opp-pass-rush tags: nullable until OL lane lands
2025,LAC,7,3.7874,0.7602,"{'quick_game_rate': -0.1136, 'avg_air_yards_x10': 0.0792, 'shotgun_rate': 0.0715, 'early_down_pass_rate': 0.1555, 'no_huddle_rate': 0.0597}",OL-injury / opp-pass-rush tags: nullable until OL lane lands
2025,LAC,8,5.4965,0.8903,"{'quick_game_rate': -0.3119, 'avg_air_yards_x10': 0.0719, 'shotgun_rate': -0.2654, 'early_down_pass_rate': -0.3112, 'no_huddle_rate': -0.0149}",OL-injury / opp-pass-rush tags: nullable until OL lane lands
2025,LAC,9,2.3104,0.4331,"{'quick_game_rate': -0.0646, 'avg_air_yards_x10': 0.3113, 'shotgun_rate': -0.1113, 'early_down_pass_rate': -0.1154, 'no_huddle_rate': -0.026}",OL-injury / opp-pass-rush tags: nullable until OL lane lands
2025,LAC,10,1.847,0.2751,"{'quick_game_rate': 0.1004, 'avg_air_yards_x10': -0.3229, 'shotgun_rate': 0.0289, 'early_down_pass_rate': -0.0528, 'no_huddle_rate': -0.0093}",OL-injury / opp-pass-rush tags: nullable until OL lane lands
2025,LAC,11,3.3917,0.7026,"{'quick_game_rate': 0.1765, 'avg_air_yards_x10': -0.0557, 'shotgun_rate': 0.1423, 'early_down_pass_rate': -0.0208, 'no_huddle_rate': 0.0733}",OL-injury / opp-pass-rush tags: nullable until OL lane lands
2025,LAC,13,4.063,0.7825,"{'quick_game_rate': -0.1508, 'avg_air_yards_x10': 0.1893, 'shotgun_rate': 0.261, 'early_down_pass_rate': -0.3516, 'no_huddle_rate': -0.0291}",OL-injury / opp-pass-rush tags: nullable until OL lane lands
2025,LAC,14,2.0102,0.342,"{'quick_game_rate': -0.0962, 'avg_air_yards_x10': 0.2644, 'shotgun_rate': -0.0245, 'early_down_pass_rate': -0.1525, 'no_huddle_rate': 0.0284}",OL-injury / opp-pass-rush tags: nullable until OL lane lands
2025,LAC,15,1.8552,0.2807,"{'quick_game_rate': 0.1088, 'avg_air_yards_x10': -0.1117, 'shotgun_rate': -0.0897, 'early_down_pass_rate': -0.034, 'no_huddle_rate': -0.0442}",OL-injury / opp-pass-rush tags: nullable until OL lane lands
2025,LAC,16,1.6457,0.2212,"{'quick_game_rate': 0.0321, 'avg_air_yards_x10': 0.1411, 'shotgun_rate': -0.0342, 'early_down_pass_rate': -0.1021, 'no_huddle_rate': -0.0411}",OL-injury / opp-pass-rush tags: nullable until OL lane lands
2025,LAC,17,0.6708,0.0558,"{'quick_game_rate': -0.0218, 'avg_air_yards_x10': 0.0791, 'shotgun_rate': 0.0418, 'early_down_pass_rate': -0.0126, 'no_huddle_rate': 0.0125}",OL-injury / opp-pass-rush tags: nullable until OL lane lands
2025,LAC,18,1.846,0.2732,"{'quick_game_rate': -0.0326, 'avg_air_yards_x10': 0.1626, 'shotgun_rate': 0.1722, 'early_down_pass_rate': 0.0996, 'no_huddle_rate': -0.0088}",OL-injury / opp-pass-rush tags: nullable until OL lane lands
2025,LAC,19,4.7565,0.8606,"{'quick_game_rate': -0.0346, 'avg_air_yards_x10': -0.0329, 'shotgun_rate': 0.0291, 'early_down_pass_rate': 0.0466, 'no_huddle_rate': 0.1478}",OL-injury / opp-pass-rush tags: nullable until OL lane lands
2025,LV,2,0.4578,0.0502,"{'quick_game_rate': 0.2108, 'avg_air_yards_x10': -0.3869, 'shotgun_rate': 0.0385, 'early_down_pass_rate': 0.1015, 'no_huddle_rate': 0.0602}",OL-injury / opp-pass-rush tags: nullable until OL lane lands
2025,LV,3,4.4827,0.829,"{'quick_game_rate': -0.12, 'avg_air_yards_x10': 0.1815, 'shotgun_rate': 0.0777, 'early_down_pass_rate': -0.0382, 'no_huddle_rate': 0.0313}",OL-injury / opp-pass-rush tags: nullable until OL lane lands
2025,LV,4,8.1544,0.9387,"{'quick_game_rate': 0.0907, 'avg_air_yards_x10': -0.4457, 'shotgun_rate': -0.2157, 'early_down_pass_rate': -0.2461, 'no_huddle_rate': 0.0212}",OL-injury / opp-pass-rush tags: nullable until OL lane lands
2025,LV,5,1.8604,0.2825,"{'quick_game_rate': 0.1291, 'avg_air_yards_x10': -0.1415, 'shotgun_rate': 0.078, 'early_down_pass_rate': 0.0705, 'no_huddle_rate': -0.0163}",OL-injury / opp-pass-rush tags: nullable until OL lane lands
2025,LV,6,5.3225,0.8829,"{'quick_game_rate': 0.2748, 'avg_air_yards_x10': -0.5388, 'shotgun_rate': -0.2809, 'early_down_pass_rate': -0.2058, 'no_huddle_rate': -0.0408}",OL-injury / opp-pass-rush tags: nullable until OL lane lands
2025,LV,7,3.0069,0.6245,"{'quick_game_rate': 0.2242, 'avg_air_yards_x10': -0.4178, 'shotgun_rate': 0.0543, 'early_down_pass_rate': 0.0785, 'no_huddle_rate': -0.0525}",OL-injury / opp-pass-rush tags: nullable until OL lane lands
2025,LV,9,2.1131,0.3755,"{'quick_game_rate': 0.1067, 'avg_air_yards_x10': -0.2261, 'shotgun_rate': -0.0939, 'early_down_pass_rate': 0.1408, 'no_huddle_rate': 0.037}",OL-injury / opp-pass-rush tags: nullable until OL lane lands
2025,LV,10,2.2592,0.4126,"{'quick_game_rate': 0.1047, 'avg_air_yards_x10': -0.3873, 'shotgun_rate': -0.0008, 'early_down_pass_rate': -0.0741, 'no_huddle_rate': -0.0496}",OL-injury / opp-pass-rush tags: nullable until OL lane lands
2025,LV,11,2.1823,0.3903,"{'quick_game_rate': 0.0084, 'avg_air_yards_x10': -0.0464, 'shotgun_rate': 0.0459, 'early_down_pass_rate': 0.2436, 'no_huddle_rate': 0.0085}",OL-injury / opp-pass-rush tags: nullable until OL lane lands
2025,LV,12,2.8745,0.5948,"{'quick_game_rate': -0.0205, 'avg_air_yards_x10': 0.2549, 'shotgun_rate': 0.1128, 'early_down_pass_rate': 0.1245, 'no_huddle_rate': 0.0751}",OL-injury / opp-pass-rush tags: nullable until OL lane lands
2025,LV,13,1.8723,0.29,"{'quick_game_rate': 0.0426, 'avg_air_yards_x10': -0.2626, 'shotgun_rate': -0.1375, 'early_down_pass_rate': -0.0064, 'no_huddle_rate': 0.0371}",OL-injury / opp-pass-rush tags: nullable until OL lane lands
2025,LV,14,4.34,0.8086,"{'quick_game_rate': -0.1615, 'avg_air_yards_x10': 0.2203, 'shotgun_rate': 0.1492, 'early_down_pass_rate': 0.1371, 'no_huddle_rate': 0.1366}",OL-injury / opp-pass-rush tags: nullable until OL lane lands
2025,LV,15,2.6388,0.539,"{'quick_game_rate': 0.0793, 'avg_air_yards_x10': -0.1598, 'shotgun_rate': 0.0435, 'early_down_pass_rate': 0.0329, 'no_huddle_rate': 0.1251}",OL-injury / opp-pass-rush tags: nullable until OL lane lands
2025,LV,16,2.4904,0.4963,"{'quick_game_rate': -0.0412, 'avg_air_yards_x10': 0.2537, 'shotgun_rate': -0.1267, 'early_down_pass_rate': -0.1798, 'no_huddle_rate': 0.0766}",OL-injury / opp-pass-rush tags: nullable until OL lane lands
2025,LV,17,2.7776,0.5632,"{'quick_game_rate': 0.0297, 'avg_air_yards_x10': -0.0326, 'shotgun_rate': 0.0013, 'early_down_pass_rate': -0.0781, 'no_huddle_rate': 0.1613}",OL-injury / opp-pass-rush tags: nullable until OL lane lands
2025,LV,18,1.984,0.3346,"{'quick_game_rate': -0.0286, 'avg_air_yards_x10': 0.282, 'shotgun_rate': -0.1081, 'early_down_pass_rate': -0.1546, 'no_huddle_rate': -0.0239}",OL-injury / opp-pass-rush tags: nullable until OL lane lands
2025,MIA,2,0.1145,0.0056,"{'quick_game_rate': 0.0464, 'avg_air_yards_x10': 0.0295, 'shotgun_rate': 0.059, 'early_down_pass_rate': -0.0809, 'no_huddle_rate': 0.0069}",OL-injury / opp-pass-rush tags: nullable until OL lane lands
2025,MIA,3,26.1453,0.9833,"{'quick_game_rate': 0.0489, 'avg_air_yards_x10': -0.1696, 'shotgun_rate': -0.0753, 'early_down_pass_rate': -0.1305, 'no_huddle_rate': -0.0794}",OL-injury / opp-pass-rush tags: nullable until OL lane lands
2025,MIA,4,5.2713,0.881,"{'quick_game_rate': -0.0356, 'avg_air_yards_x10': -0.1651, 'shotgun_rate': -0.0098, 'early_down_pass_rate': -0.2648, 'no_huddle_rate': -0.1047}",OL-injury / opp-pass-rush tags: nullable until OL lane lands
2025,MIA,5,2.3502,0.4461,"{'quick_game_rate': 0.0366, 'avg_air_yards_x10': 0.1254, 'shotgun_rate': 0.0411, 'early_down_pass_rate': 0.111, 'no_huddle_rate': -0.0408}",OL-injury / opp-pass-rush tags: nullable until OL lane lands
2025,MIA,6,2.5244,0.5074,"{'quick_game_rate': -0.0692, 'avg_air_yards_x10': -0.0636, 'shotgun_rate': 0.024, 'early_down_pass_rate': -0.0223, 'no_huddle_rate': -0.0346}",OL-injury / opp-pass-rush tags: nullable until OL lane lands
2025,MIA,7,2.8864,0.5985,"{'quick_game_rate': -0.0909, 'avg_air_yards_x10': 0.0556, 'shotgun_rate': -0.0421, 'early_down_pass_rate': 0.0047, 'no_huddle_rate': -0.0461}",OL-injury / opp-pass-rush tags: nullable until OL lane lands
2025,MIA,8,6.3991,0.9126,"{'quick_game_rate': 0.1001, 'avg_air_yards_x10': -0.3202, 'shotgun_rate': -0.1646, 'early_down_pass_rate': -0.1349, 'no_huddle_rate': -0.058}",OL-injury / opp-pass-rush tags: nullable until OL lane lands
2025,MIA,9,0.8048,0.0706,"{'quick_game_rate': -0.0035, 'avg_air_yards_x10': 0.0406, 'shotgun_rate': -0.0207, 'early_down_pass_rate': 0.0724, 'no_huddle_rate': -0.0015}",OL-injury / opp-pass-rush tags: nullable until OL lane lands
2025,MIA,10,4.1549,0.7918,"{'quick_game_rate': 0.0298, 'avg_air_yards_x10': 0.2365, 'shotgun_rate': -0.1843, 'early_down_pass_rate': -0.1851, 'no_huddle_rate': -0.0506}",OL-injury / opp-pass-rush tags: nullable until OL lane lands
2025,MIA,11,2.0687,0.3625,"{'quick_game_rate': -0.0446, 'avg_air_yards_x10': -0.0074, 'shotgun_rate': -0.0689, 'early_down_pass_rate': -0.1523, 'no_huddle_rate': -0.0455}",OL-injury / opp-pass-rush tags: nullable until OL lane lands
2025,MIA,13,4.3781,0.8141,"{'quick_game_rate': -0.1314, 'avg_air_yards_x10': 0.3728, 'shotgun_rate': -0.0871, 'early_down_pass_rate': -0.1849, 'no_huddle_rate': -0.0414}",OL-injury / opp-pass-rush tags: nullable until OL lane lands
2025,MIA,14,2.8444,0.5892,"{'quick_game_rate': 0.0894, 'avg_air_yards_x10': -0.2604, 'shotgun_rate': -0.0238, 'early_down_pass_rate': -0.1983, 'no_huddle_rate': -0.0379}",OL-injury / opp-pass-rush tags: nullable until OL lane lands
2025,MIA,15,2.795,0.5688,"{'quick_game_rate': 0.1064, 'avg_air_yards_x10': -0.082, 'shotgun_rate': 0.0013, 'early_down_pass_rate': 0.138, 'no_huddle_rate': 0.085}",OL-injury / opp-pass-rush tags: nullable until OL lane lands
2025,MIA,16,2.44,0.4833,"{'quick_game_rate': -0.1108, 'avg_air_yards_x10': 0.1831, 'shotgun_rate': -0.1009, 'early_down_pass_rate': -0.0129, 'no_huddle_rate': 0.0106}",OL-injury / opp-pass-rush tags: nullable until OL lane lands
2025,MIA,17,1.872,0.2881,"{'quick_game_rate': 0.0088, 'avg_air_yards_x10': 0.1918, 'shotgun_rate': -0.0654, 'early_down_pass_rate': -0.1017, 'no_huddle_rate': -0.0418}",OL-injury / opp-pass-rush tags: nullable until OL lane lands
2025,MIA,18,3.2479,0.6803,"{'quick_game_rate': 0.0228, 'avg_air_yards_x10': -0.0711, 'shotgun_rate': -0.228, 'early_down_pass_rate': -0.0557, 'no_huddle_rate': -0.0392}",OL-injury / opp-pass-rush tags: nullable until OL lane lands
2025,MIN,2,0.7557,0.0632,"{'quick_game_rate': -0.3143, 'avg_air_yards_x10': 0.615, 'shotgun_rate': 0.23, 'early_down_pass_rate': 0.2007, 'no_huddle_rate': 0.0301}",OL-injury / opp-pass-rush tags: nullable until OL lane lands
2025,MIN,3,5.1688,0.8755,"{'quick_game_rate': -0.0678, 'avg_air_yards_x10': -0.1092, 'shotgun_rate': 0.0962, 'early_down_pass_rate': -0.1279, 'no_huddle_rate': -0.0738}",OL-injury / opp-pass-rush tags: nullable until OL lane lands
2025,MIN,4,2.9319,0.6097,"{'quick_game_rate': 0.1354, 'avg_air_yards_x10': -0.1117, 'shotgun_rate': 0.1274, 'early_down_pass_rate': 0.2278, 'no_huddle_rate': 0.0341}",OL-injury / opp-pass-rush tags: nullable until OL lane lands
2025,MIN,5,2.9356,0.6115,"{'quick_game_rate': 0.0888, 'avg_air_yards_x10': -0.1082, 'shotgun_rate': -0.0378, 'early_down_pass_rate': 0.127, 'no_huddle_rate': 0.0922}",OL-injury / opp-pass-rush tags: nullable until OL lane lands
2025,MIN,7,1.9085,0.3048,"{'quick_game_rate': -0.067, 'avg_air_yards_x10': 0.1958, 'shotgun_rate': 0.0056, 'early_down_pass_rate': 0.1145, 'no_huddle_rate': 0.0623}",OL-injury / opp-pass-rush tags: nullable until OL lane lands
2025,MIN,8,4.2355,0.7993,"{'quick_game_rate': 0.1522, 'avg_air_yards_x10': -0.4908, 'shotgun_rate': 0.2653, 'early_down_pass_rate': 0.1211, 'no_huddle_rate': 0.0198}",OL-injury / opp-pass-rush tags: nullable until OL lane lands
2025,MIN,9,2.5362,0.513,"{'quick_game_rate': -0.0424, 'avg_air_yards_x10': 0.2629, 'shotgun_rate': -0.1024, 'early_down_pass_rate': -0.1168, 'no_huddle_rate': -0.0894}",OL-injury / opp-pass-rush tags: nullable until OL lane lands
2025,MIN,10,1.518,0.1989,"{'quick_game_rate': 0.0229, 'avg_air_yards_x10': 0.2885, 'shotgun_rate': 0.0717, 'early_down_pass_rate': 0.0517, 'no_huddle_rate': 0.0347}",OL-injury / opp-pass-rush tags: nullable until OL lane lands
2025,MIN,11,1.247,0.132,"{'quick_game_rate': -0.0109, 'avg_air_yards_x10': 0.1316, 'shotgun_rate': 0.0135, 'early_down_pass_rate': -0.073, 'no_huddle_rate': 0.0475}",OL-injury / opp-pass-rush tags: nullable until OL lane lands
2025,MIN,12,3.1226,0.6487,"{'quick_game_rate': 0.2582, 'avg_air_yards_x10': -0.3208, 'shotgun_rate': -0.0408, 'early_down_pass_rate': -0.0202, 'no_huddle_rate': 0.0527}",OL-injury / opp-pass-rush tags: nullable until OL lane lands
2025,MIN,13,1.4645,0.1896,"{'quick_game_rate': 0.0313, 'avg_air_yards_x10': -0.2613, 'shotgun_rate': 0.0783, 'early_down_pass_rate': 0.0307, 'no_huddle_rate': -0.0304}",OL-injury / opp-pass-rush tags: nullable until OL lane lands
2025,MIN,14,2.7967,0.5706,"{'quick_game_rate': 0.0606, 'avg_air_yards_x10': -0.131, 'shotgun_rate': -0.1456, 'early_down_pass_rate': -0.1442, 'no_huddle_rate': -0.0891}",OL-injury / opp-pass-rush tags: nullable until OL lane lands
2025,MIN,15,2.2998,0.4275,"{'quick_game_rate': -0.0926, 'avg_air_yards_x10': 0.2514, 'shotgun_rate': -0.1395, 'early_down_pass_rate': -0.0681, 'no_huddle_rate': -0.0626}",OL-injury / opp-pass-rush tags: nullable until OL lane lands
2025,MIN,16,1.9724,0.3309,"{'quick_game_rate': 0.0625, 'avg_air_yards_x10': -0.2606, 'shotgun_rate': -0.1079, 'early_down_pass_rate': -0.1219, 'no_huddle_rate': 0.0131}",OL-injury / opp-pass-rush tags: nullable until OL lane lands
2025,MIN,17,3.227,0.6747,"{'quick_game_rate': 0.1806, 'avg_air_yards_x10': -0.368, 'shotgun_rate': -0.1224, 'early_down_pass_rate': -0.1739, 'no_huddle_rate': -0.059}",OL-injury / opp-pass-rush tags: nullable until OL lane lands
2025,MIN,18,1.4405,0.1784,"{'quick_game_rate': -0.0342, 'avg_air_yards_x10': -0.125, 'shotgun_rate': -0.1282, 'early_down_pass_rate': -0.0598, 'no_huddle_rate': -0.0125}",OL-injury / opp-pass-rush tags: nullable until OL lane lands
2025,NE,2,0.5568,0.0539,"{'quick_game_rate': 0.1739, 'avg_air_yards_x10': -0.1848, 'shotgun_rate': -0.3563, 'early_down_pass_rate': -0.2959, 'no_huddle_rate': -0.1765}",OL-injury / opp-pass-rush tags: nullable until OL lane lands
2025,NE,3,1.7113,0.2361,"{'quick_game_rate': 0.0458, 'avg_air_yards_x10': -0.1155, 'shotgun_rate': -0.1082, 'early_down_pass_rate': 0.0159, 'no_huddle_rate': -0.0741}",OL-injury / opp-pass-rush tags: nullable until OL lane lands
2025,NE,4,3.0203,0.6264,"{'quick_game_rate': -0.037, 'avg_air_yards_x10': 0.2024, 'shotgun_rate': -0.0985, 'early_down_pass_rate': -0.2132, 'no_huddle_rate': -0.0635}",OL-injury / opp-pass-rush tags: nullable until OL lane lands
2025,NE,5,0.8429,0.0799,"{'quick_game_rate': -0.0278, 'avg_air_yards_x10': 0.0229, 'shotgun_rate': -0.0405, 'early_down_pass_rate': 0.0109, 'no_huddle_rate': -0.0476}",OL-injury / opp-pass-rush tags: nullable until OL lane lands
2025,NE,6,4.2652,0.8011,"{'quick_game_rate': -0.0991, 'avg_air_yards_x10': 0.4006, 'shotgun_rate': -0.0779, 'early_down_pass_rate': -0.1086, 'no_huddle_rate': -0.0381}",OL-injury / opp-pass-rush tags: nullable until OL lane lands
2025,NE,7,1.5279,0.2007,"{'quick_game_rate': -0.0474, 'avg_air_yards_x10': 0.0624, 'shotgun_rate': -0.0355, 'early_down_pass_rate': -0.1509, 'no_huddle_rate': -0.0157}",OL-injury / opp-pass-rush tags: nullable until OL lane lands
2025,NE,8,4.0837,0.7844,"{'quick_game_rate': -0.2072, 'avg_air_yards_x10': 0.3868, 'shotgun_rate': -0.0467, 'early_down_pass_rate': -0.0604, 'no_huddle_rate': -0.0295}",OL-injury / opp-pass-rush tags: nullable until OL lane lands
2025,NE,9,1.7544,0.2454,"{'quick_game_rate': -0.0592, 'avg_air_yards_x10': 0.2533, 'shotgun_rate': 0.1069, 'early_down_pass_rate': -0.0043, 'no_huddle_rate': -0.0104}",OL-injury / opp-pass-rush tags: nullable until OL lane lands
2025,NE,10,2.5251,0.5093,"{'quick_game_rate': -0.1761, 'avg_air_yards_x10': 0.2852, 'shotgun_rate': 0.0313, 'early_down_pass_rate': 0.0611, 'no_huddle_rate': -0.0075}",OL-injury / opp-pass-rush tags: nullable until OL lane lands
2025,NE,11,2.0228,0.3532,"{'quick_game_rate': -0.1253, 'avg_air_yards_x10': 0.3012, 'shotgun_rate': 0.0432, 'early_down_pass_rate': 0.029, 'no_huddle_rate': -0.0239}",OL-injury / opp-pass-rush tags: nullable until OL lane lands
2025,NE,12,0.7214,0.0595,"{'quick_game_rate': -0.0374, 'avg_air_yards_x10': -0.0512, 'shotgun_rate': -0.0123, 'early_down_pass_rate': 0.0542, 'no_huddle_rate': 0.0085}",OL-injury / opp-pass-rush tags: nullable until OL lane lands
2025,NE,13,0.8843,0.0836,"{'quick_game_rate': 0.0173, 'avg_air_yards_x10': -0.1052, 'shotgun_rate': 0.0474, 'early_down_pass_rate': 0.0431, 'no_huddle_rate': 0.0103}",OL-injury / opp-pass-rush tags: nullable until OL lane lands
2025,NE,15,2.1488,0.3829,"{'quick_game_rate': 0.0427, 'avg_air_yards_x10': 0.1735, 'shotgun_rate': 0.1562, 'early_down_pass_rate': -0.0671, 'no_huddle_rate': 0.0159}",OL-injury / opp-pass-rush tags: nullable until OL lane lands
2025,NE,16,2.2882,0.4201,"{'quick_game_rate': 0.0158, 'avg_air_yards_x10': 0.1775, 'shotgun_rate': 0.1059, 'early_down_pass_rate': 0.1665, 'no_huddle_rate': -0.0097}",OL-injury / opp-pass-rush tags: nullable until OL lane lands
2025,NE,17,1.3996,0.1654,"{'quick_game_rate': 0.0403, 'avg_air_yards_x10': -0.0316, 'shotgun_rate': -0.065, 'early_down_pass_rate': -0.1106, 'no_huddle_rate': -0.0071}",OL-injury / opp-pass-rush tags: nullable until OL lane lands
2025,NE,18,2.2499,0.4071,"{'quick_game_rate': 0.1032, 'avg_air_yards_x10': 0.2585, 'shotgun_rate': 0.0299, 'early_down_pass_rate': -0.1194, 'no_huddle_rate': -0.0233}",OL-injury / opp-pass-rush tags: nullable until OL lane lands
2025,NE,19,0.7636,0.0669,"{'quick_game_rate': -0.015, 'avg_air_yards_x10': -0.0415, 'shotgun_rate': 0.0278, 'early_down_pass_rate': 0.0355, 'no_huddle_rate': -0.0219}",OL-injury / opp-pass-rush tags: nullable until OL lane lands
2025,NE,20,1.4315,0.1747,"{'quick_game_rate': -0.0401, 'avg_air_yards_x10': 0.0663, 'shotgun_rate': -0.0152, 'early_down_pass_rate': -0.1168, 'no_huddle_rate': -0.0207}",OL-injury / opp-pass-rush tags: nullable until OL lane lands
2025,NE,21,1.9061,0.303,"{'quick_game_rate': 0.0308, 'avg_air_yards_x10': 0.274, 'shotgun_rate': -0.0385, 'early_down_pass_rate': -0.1082, 'no_huddle_rate': -0.0032}",OL-injury / opp-pass-rush tags: nullable until OL lane lands
2025,NE,22,6.9094,0.9257,"{'quick_game_rate': -0.0283, 'avg_air_yards_x10': 0.13, 'shotgun_rate': 0.2462, 'early_down_pass_rate': 0.231, 'no_huddle_rate': 0.2193}",OL-injury / opp-pass-rush tags: nullable until OL lane lands
2025,NO,2,0.2066,0.0204,"{'quick_game_rate': 0.0361, 'avg_air_yards_x10': -0.0283, 'shotgun_rate': -0.1045, 'early_down_pass_rate': -0.1078, 'no_huddle_rate': -0.1343}",OL-injury / opp-pass-rush tags: nullable until OL lane lands
2025,NO,3,9.0137,0.9442,"{'quick_game_rate': -0.1018, 'avg_air_yards_x10': 0.0969, 'shotgun_rate': -0.0595, 'early_down_pass_rate': -0.0067, 'no_huddle_rate': 0.0809}",OL-injury / opp-pass-rush tags: nullable until OL lane lands
2025,NO,4,9.3344,0.948,"{'quick_game_rate': 0.1003, 'avg_air_yards_x10': -0.3389, 'shotgun_rate': -0.2318, 'early_down_pass_rate': -0.1317, 'no_huddle_rate': -0.091}",OL-injury / opp-pass-rush tags: nullable until OL lane lands
2025,NO,5,2.5972,0.526,"{'quick_game_rate': -0.0319, 'avg_air_yards_x10': 0.053, 'shotgun_rate': -0.1218, 'early_down_pass_rate': -0.0521, 'no_huddle_rate': -0.1493}",OL-injury / opp-pass-rush tags: nullable until OL lane lands
2025,NO,6,1.911,0.3104,"{'quick_game_rate': 0.0514, 'avg_air_yards_x10': 0.1424, 'shotgun_rate': 0.018, 'early_down_pass_rate': -0.0083, 'no_huddle_rate': -0.1132}",OL-injury / opp-pass-rush tags: nullable until OL lane lands
2025,NO,7,4.8948,0.8662,"{'quick_game_rate': -0.0341, 'avg_air_yards_x10': 0.4749, 'shotgun_rate': 0.0224, 'early_down_pass_rate': 0.2004, 'no_huddle_rate': -0.0053}",OL-injury / opp-pass-rush tags: nullable until OL lane lands
2025,NO,8,3.4108,0.7119,"{'quick_game_rate': -0.0292, 'avg_air_yards_x10': 0.0388, 'shotgun_rate': 0.1793, 'early_down_pass_rate': 0.2444, 'no_huddle_rate': -0.0166}",OL-injury / opp-pass-rush tags: nullable until OL lane lands
2025,NO,9,2.3569,0.448,"{'quick_game_rate': -0.1089, 'avg_air_yards_x10': 0.1043, 'shotgun_rate': 0.0317, 'early_down_pass_rate': 0.0053, 'no_huddle_rate': -0.0493}",OL-injury / opp-pass-rush tags: nullable until OL lane lands
2025,NO,10,2.3579,0.4498,"{'quick_game_rate': 0.0579, 'avg_air_yards_x10': 0.0987, 'shotgun_rate': -0.1149, 'early_down_pass_rate': -0.1445, 'no_huddle_rate': -0.0827}",OL-injury / opp-pass-rush tags: nullable until OL lane lands
2025,NO,12,1.793,0.2584,"{'quick_game_rate': -0.0526, 'avg_air_yards_x10': -0.1388, 'shotgun_rate': -0.0534, 'early_down_pass_rate': 0.1084, 'no_huddle_rate': 0.0576}",OL-injury / opp-pass-rush tags: nullable until OL lane lands
2025,NO,13,1.2956,0.1431,"{'quick_game_rate': 0.0381, 'avg_air_yards_x10': -0.105, 'shotgun_rate': -0.0411, 'early_down_pass_rate': 0.0093, 'no_huddle_rate': 0.0614}",OL-injury / opp-pass-rush tags: nullable until OL lane lands
2025,NO,14,2.3375,0.4405,"{'quick_game_rate': -0.0177, 'avg_air_yards_x10': -0.0141, 'shotgun_rate': 0.013, 'early_down_pass_rate': -0.2214, 'no_huddle_rate': -0.0745}",OL-injury / opp-pass-rush tags: nullable until OL lane lands
2025,NO,15,2.8376,0.5836,"{'quick_game_rate': -0.1413, 'avg_air_yards_x10': 0.0376, 'shotgun_rate': -0.0452, 'early_down_pass_rate': 0.0583, 'no_huddle_rate': -0.0558}",OL-injury / opp-pass-rush tags: nullable until OL lane lands
2025,NO,16,1.6742,0.2268,"{'quick_game_rate': 0.0448, 'avg_air_yards_x10': 0.0575, 'shotgun_rate': -0.0557, 'early_down_pass_rate': 0.1224, 'no_huddle_rate': 0.057}",OL-injury / opp-pass-rush tags: nullable until OL lane lands
2025,NO,17,2.2551,0.4089,"{'quick_game_rate': -0.0277, 'avg_air_yards_x10': 0.2349, 'shotgun_rate': -0.106, 'early_down_pass_rate': -0.0582, 'no_huddle_rate': -0.0626}",OL-injury / opp-pass-rush tags: nullable until OL lane lands
2025,NO,18,1.0223,0.1022,"{'quick_game_rate': -0.0218, 'avg_air_yards_x10': -0.0214, 'shotgun_rate': 0.0297, 'early_down_pass_rate': -0.0111, 'no_huddle_rate': 0.0613}",OL-injury / opp-pass-rush tags: nullable until OL lane lands
2025,NYG,2,0.746,0.0613,"{'quick_game_rate': -0.3098, 'avg_air_yards_x10': 0.6624, 'shotgun_rate': 0.0896, 'early_down_pass_rate': 0.0667, 'no_huddle_rate': -0.0968}",OL-injury / opp-pass-rush tags: nullable until OL lane lands
2025,NYG,3,4.9762,0.868,"{'quick_game_rate': 0.073, 'avg_air_yards_x10': -0.0545, 'shotgun_rate': 0.1966, 'early_down_pass_rate': -0.0682, 'no_huddle_rate': 0.05}",OL-injury / opp-pass-rush tags: nullable until OL lane lands
2025,NYG,4,7.7441,0.9349,"{'quick_game_rate': 0.0263, 'avg_air_yards_x10': -0.3429, 'shotgun_rate': 0.0335, 'early_down_pass_rate': -0.1907, 'no_huddle_rate': 0.2827}",OL-injury / opp-pass-rush tags: nullable until OL lane lands
2025,NYG,5,1.1857,0.1208,"{'quick_game_rate': 0.0637, 'avg_air_yards_x10': 0.0029, 'shotgun_rate': 0.0251, 'early_down_pass_rate': 0.0472, 'no_huddle_rate': 0.1107}",OL-injury / opp-pass-rush tags: nullable until OL lane lands
2025,NYG,6,3.0397,0.6301,"{'quick_game_rate': -0.1413, 'avg_air_yards_x10': 0.0805, 'shotgun_rate': -0.1151, 'early_down_pass_rate': -0.1506, 'no_huddle_rate': 0.1702}",OL-injury / opp-pass-rush tags: nullable until OL lane lands
2025,NYG,7,1.2326,0.1264,"{'quick_game_rate': 0.0046, 'avg_air_yards_x10': 0.1842, 'shotgun_rate': -0.0446, 'early_down_pass_rate': -0.0505, 'no_huddle_rate': 0.0708}",OL-injury / opp-pass-rush tags: nullable until OL lane lands
2025,NYG,8,1.7912,0.2565,"{'quick_game_rate': -0.1665, 'avg_air_yards_x10': 0.1007, 'shotgun_rate': 0.0127, 'early_down_pass_rate': 0.0422, 'no_huddle_rate': 0.0281}",OL-injury / opp-pass-rush tags: nullable until OL lane lands
2025,NYG,9,3.2223,0.6729,"{'quick_game_rate': 0.1157, 'avg_air_yards_x10': -0.2334, 'shotgun_rate': 0.1209, 'early_down_pass_rate': 0.1001, 'no_huddle_rate': 0.2287}",OL-injury / opp-pass-rush tags: nullable until OL lane lands
2025,NYG,10,2.9003,0.6059,"{'quick_game_rate': -0.0336, 'avg_air_yards_x10': -0.0568, 'shotgun_rate': -0.2247, 'early_down_pass_rate': 0.0274, 'no_huddle_rate': -0.0539}",OL-injury / opp-pass-rush tags: nullable until OL lane lands
2025,NYG,11,3.0352,0.6283,"{'quick_game_rate': -0.013, 'avg_air_yards_x10': -0.1042, 'shotgun_rate': -0.2283, 'early_down_pass_rate': -0.1447, 'no_huddle_rate': 0.1036}",OL-injury / opp-pass-rush tags: nullable until OL lane lands
2025,NYG,12,3.1984,0.6673,"{'quick_game_rate': -0.1776, 'avg_air_yards_x10': 0.2555, 'shotgun_rate': -0.2432, 'early_down_pass_rate': -0.0704, 'no_huddle_rate': -0.0714}",OL-injury / opp-pass-rush tags: nullable until OL lane lands
2025,NYG,13,0.8378,0.0781,"{'quick_game_rate': 0.0275, 'avg_air_yards_x10': -0.1046, 'shotgun_rate': -0.0348, 'early_down_pass_rate': -0.0242, 'no_huddle_rate': 0.0544}",OL-injury / opp-pass-rush tags: nullable until OL lane lands
2025,NYG,15,1.7598,0.2472,"{'quick_game_rate': -0.0568, 'avg_air_yards_x10': 0.299, 'shotgun_rate': 0.0332, 'early_down_pass_rate': 0.0456, 'no_huddle_rate': -0.0186}",OL-injury / opp-pass-rush tags: nullable until OL lane lands
2025,NYG,16,3.6211,0.7398,"{'quick_game_rate': 0.0262, 'avg_air_yards_x10': -0.2384, 'shotgun_rate': -0.171, 'early_down_pass_rate': -0.23, 'no_huddle_rate': -0.1429}",OL-injury / opp-pass-rush tags: nullable until OL lane lands
2025,NYG,17,2.0793,0.3662,"{'quick_game_rate': 0.0527, 'avg_air_yards_x10': -0.3453, 'shotgun_rate': 0.1195, 'early_down_pass_rate': 0.0177, 'no_huddle_rate': 0.05}",OL-injury / opp-pass-rush tags: nullable until OL lane lands
2025,NYG,18,1.6151,0.2175,"{'quick_game_rate': 0.0282, 'avg_air_yards_x10': -0.2895, 'shotgun_rate': 0.0001, 'early_down_pass_rate': -0.0001, 'no_huddle_rate': -0.0912}",OL-injury / opp-pass-rush tags: nullable until OL lane lands
2025,NYJ,2,0.2402,0.0297,"{'quick_game_rate': 0.1818, 'avg_air_yards_x10': 0.0136, 'shotgun_rate': 0.1379, 'early_down_pass_rate': 0.0546, 'no_huddle_rate': 0.0496}",OL-injury / opp-pass-rush tags: nullable until OL lane lands
2025,NYJ,3,46.7284,0.9907,"{'quick_game_rate': 0.1857, 'avg_air_yards_x10': -0.315, 'shotgun_rate': 0.0492, 'early_down_pass_rate': 0.1776, 'no_huddle_rate': 0.0446}",OL-injury / opp-pass-rush tags: nullable until OL lane lands
2025,NYJ,4,2.3179,0.4349,"{'quick_game_rate': 0.1048, 'avg_air_yards_x10': 0.0893, 'shotgun_rate': -0.0956, 'early_down_pass_rate': 0.0222, 'no_huddle_rate': 0.0374}",OL-injury / opp-pass-rush tags: nullable until OL lane lands
2025,NYJ,5,3.2599,0.684,"{'quick_game_rate': -0.0103, 'avg_air_yards_x10': -0.0079, 'shotgun_rate': -0.0561, 'early_down_pass_rate': 0.2307, 'no_huddle_rate': 0.0236}",OL-injury / opp-pass-rush tags: nullable until OL lane lands
2025,NYJ,6,3.314,0.6914,"{'quick_game_rate': -0.0566, 'avg_air_yards_x10': -0.1378, 'shotgun_rate': 0.019, 'early_down_pass_rate': -0.1488, 'no_huddle_rate': -0.0782}",OL-injury / opp-pass-rush tags: nullable until OL lane lands
2025,NYJ,7,4.3732,0.8123,"{'quick_game_rate': -0.0766, 'avg_air_yards_x10': 0.4116, 'shotgun_rate': -0.0378, 'early_down_pass_rate': 0.1534, 'no_huddle_rate': -0.0855}",OL-injury / opp-pass-rush tags: nullable until OL lane lands
2025,NYJ,8,3.477,0.7249,"{'quick_game_rate': 0.0593, 'avg_air_yards_x10': -0.1516, 'shotgun_rate': -0.1681, 'early_down_pass_rate': -0.0449, 'no_huddle_rate': -0.0637}",OL-injury / opp-pass-rush tags: nullable until OL lane lands
2025,NYJ,10,4.5999,0.842,"{'quick_game_rate': 0.2451, 'avg_air_yards_x10': -0.3622, 'shotgun_rate': -0.0947, 'early_down_pass_rate': -0.2052, 'no_huddle_rate': -0.0986}",OL-injury / opp-pass-rush tags: nullable until OL lane lands
2025,NYJ,11,1.7897,0.2528,"{'quick_game_rate': -0.1188, 'avg_air_yards_x10': 0.1141, 'shotgun_rate': 0.0885, 'early_down_pass_rate': -0.0131, 'no_huddle_rate': 0.0373}",OL-injury / opp-pass-rush tags: nullable until OL lane lands
2025,NYJ,12,2.5071,0.4981,"{'quick_game_rate': -0.1598, 'avg_air_yards_x10': 0.3498, 'shotgun_rate': -0.0755, 'early_down_pass_rate': 0.0248, 'no_huddle_rate': 0.0139}",OL-injury / opp-pass-rush tags: nullable until OL lane lands
2025,NYJ,13,3.1876,0.6617,"{'quick_game_rate': -0.2709, 'avg_air_yards_x10': 0.2561, 'shotgun_rate': -0.0754, 'early_down_pass_rate': 0.0337, 'no_huddle_rate': -0.0766}",OL-injury / opp-pass-rush tags: nullable until OL lane lands
2025,NYJ,14,2.6021,0.5279,"{'quick_game_rate': -0.0219, 'avg_air_yards_x10': 0.1181, 'shotgun_rate': 0.108, 'early_down_pass_rate': 0.171, 'no_huddle_rate': 0.0773}",OL-injury / opp-pass-rush tags: nullable until OL lane lands
2025,NYJ,15,1.9679,0.329,"{'quick_game_rate': -0.0648, 'avg_air_yards_x10': -0.0956, 'shotgun_rate': -0.1077, 'early_down_pass_rate': -0.0134, 'no_huddle_rate': 0.0696}",OL-injury / opp-pass-rush tags: nullable until OL lane lands
2025,NYJ,16,2.2235,0.4015,"{'quick_game_rate': 0.1121, 'avg_air_yards_x10': -0.2685, 'shotgun_rate': -0.0012, 'early_down_pass_rate': 0.1212, 'no_huddle_rate': 0.0615}",OL-injury / opp-pass-rush tags: nullable until OL lane lands
2025,NYJ,17,1.9094,0.3086,"{'quick_game_rate': 0.0651, 'avg_air_yards_x10': -0.2751, 'shotgun_rate': -0.0858, 'early_down_pass_rate': -0.0005, 'no_huddle_rate': -0.0368}",OL-injury / opp-pass-rush tags: nullable until OL lane lands
2025,NYJ,18,3.0544,0.632,"{'quick_game_rate': 0.2162, 'avg_air_yards_x10': -0.3673, 'shotgun_rate': -0.1034, 'early_down_pass_rate': -0.0672, 'no_huddle_rate': -0.0564}",OL-injury / opp-pass-rush tags: nullable until OL lane lands
2025,PHI,2,0.3439,0.039,"{'quick_game_rate': -0.1936, 'avg_air_yards_x10': 0.2721, 'shotgun_rate': -0.0279, 'early_down_pass_rate': 0.0072, 'no_huddle_rate': 0.0769}",OL-injury / opp-pass-rush tags: nullable until OL lane lands
2025,PHI,3,48.2369,0.9926,"{'quick_game_rate': -0.1735, 'avg_air_yards_x10': 0.2332, 'shotgun_rate': 0.0575, 'early_down_pass_rate': 0.1715, 'no_huddle_rate': 0.2249}",OL-injury / opp-pass-rush tags: nullable until OL lane lands
2025,PHI,4,1.1647,0.1152,"{'quick_game_rate': 0.0822, 'avg_air_yards_x10': -0.0049, 'shotgun_rate': 0.0058, 'early_down_pass_rate': -0.0252, 'no_huddle_rate': -0.0923}",OL-injury / opp-pass-rush tags: nullable until OL lane lands
2025,PHI,5,8.5328,0.9424,"{'quick_game_rate': -0.105, 'avg_air_yards_x10': 0.3952, 'shotgun_rate': 0.1613, 'early_down_pass_rate': 0.3299, 'no_huddle_rate': 0.1412}",OL-injury / opp-pass-rush tags: nullable until OL lane lands
2025,PHI,6,2.259,0.4108,"{'quick_game_rate': -0.1598, 'avg_air_yards_x10': 0.179, 'shotgun_rate': 0.0404, 'early_down_pass_rate': 0.1187, 'no_huddle_rate': 0.1011}",OL-injury / opp-pass-rush tags: nullable until OL lane lands
2025,PHI,7,4.8936,0.8643,"{'quick_game_rate': -0.1226, 'avg_air_yards_x10': 0.4264, 'shotgun_rate': -0.255, 'early_down_pass_rate': -0.0232, 'no_huddle_rate': -0.1538}",OL-injury / opp-pass-rush tags: nullable until OL lane lands
2025,PHI,8,2.6303,0.5353,"{'quick_game_rate': -0.0899, 'avg_air_yards_x10': -0.1343, 'shotgun_rate': -0.2117, 'early_down_pass_rate': -0.1199, 'no_huddle_rate': -0.1226}",OL-injury / opp-pass-rush tags: nullable until OL lane lands
2025,PHI,10,2.2849,0.4182,"{'quick_game_rate': -0.144, 'avg_air_yards_x10': 0.0282, 'shotgun_rate': -0.1463, 'early_down_pass_rate': -0.1239, 'no_huddle_rate': -0.1165}",OL-injury / opp-pass-rush tags: nullable until OL lane lands
2025,PHI,11,3.2071,0.6691,"{'quick_game_rate': -0.2269, 'avg_air_yards_x10': 0.4372, 'shotgun_rate': -0.0488, 'early_down_pass_rate': -0.0794, 'no_huddle_rate': -0.1272}",OL-injury / opp-pass-rush tags: nullable until OL lane lands
2025,PHI,12,2.0164,0.3457,"{'quick_game_rate': 0.0742, 'avg_air_yards_x10': -0.1481, 'shotgun_rate': 0.1386, 'early_down_pass_rate': 0.169, 'no_huddle_rate': 0.0327}",OL-injury / opp-pass-rush tags: nullable until OL lane lands
2025,PHI,13,1.7428,0.2398,"{'quick_game_rate': -0.1217, 'avg_air_yards_x10': 0.1578, 'shotgun_rate': 0.0922, 'early_down_pass_rate': 0.0803, 'no_huddle_rate': 0.0828}",OL-injury / opp-pass-rush tags: nullable until OL lane lands
2025,PHI,14,1.2255,0.1245,"{'quick_game_rate': -0.1115, 'avg_air_yards_x10': 0.1209, 'shotgun_rate': -0.0109, 'early_down_pass_rate': 0.0524, 'no_huddle_rate': -0.0456}",OL-injury / opp-pass-rush tags: nullable until OL lane lands
2025,PHI,15,3.4063,0.7082,"{'quick_game_rate': 0.1331, 'avg_air_yards_x10': -0.175, 'shotgun_rate': -0.2491, 'early_down_pass_rate': -0.2593, 'no_huddle_rate': -0.0442}",OL-injury / opp-pass-rush tags: nullable until OL lane lands
2025,PHI,16,1.9857,0.3364,"{'quick_game_rate': -0.0208, 'avg_air_yards_x10': -0.2259, 'shotgun_rate': 0.054, 'early_down_pass_rate': -0.0181, 'no_huddle_rate': 0.1611}",OL-injury / opp-pass-rush tags: nullable until OL lane lands
2025,PHI,17,0.836,0.0743,"{'quick_game_rate': -0.0046, 'avg_air_yards_x10': 0.0747, 'shotgun_rate': -0.0823, 'early_down_pass_rate': -0.0396, 'no_huddle_rate': 0.0194}",OL-injury / opp-pass-rush tags: nullable until OL lane lands
2025,PHI,18,1.4592,0.184,"{'quick_game_rate': -0.0858, 'avg_air_yards_x10': 0.072, 'shotgun_rate': -0.0011, 'early_down_pass_rate': 0.1351, 'no_huddle_rate': 0.0526}",OL-injury / opp-pass-rush tags: nullable until OL lane lands
2025,PHI,19,0.7567,0.0651,"{'quick_game_rate': -0.0522, 'avg_air_yards_x10': 0.0046, 'shotgun_rate': -0.053, 'early_down_pass_rate': -0.0441, 'no_huddle_rate': 0.0159}",OL-injury / opp-pass-rush tags: nullable until OL lane lands
2025,PIT,2,0.1472,0.0112,"{'quick_game_rate': -0.0118, 'avg_air_yards_x10': 0.0925, 'shotgun_rate': 0.1135, 'early_down_pass_rate': 0.004, 'no_huddle_rate': 0.0074}",OL-injury / opp-pass-rush tags: nullable until OL lane lands
2025,PIT,3,76.253,0.9963,"{'quick_game_rate': -0.0289, 'avg_air_yards_x10': -0.014, 'shotgun_rate': -0.2085, 'early_down_pass_rate': -0.151, 'no_huddle_rate': 0.0324}",OL-injury / opp-pass-rush tags: nullable until OL lane lands
2025,PIT,4,17.5493,0.9777,"{'quick_game_rate': 0.2337, 'avg_air_yards_x10': -0.1731, 'shotgun_rate': -0.2336, 'early_down_pass_rate': -0.0831, 'no_huddle_rate': -0.0696}",OL-injury / opp-pass-rush tags: nullable until OL lane lands
2025,PIT,6,3.6221,0.7416,"{'quick_game_rate': -0.0762, 'avg_air_yards_x10': 0.2817, 'shotgun_rate': 0.0087, 'early_down_pass_rate': -0.0472, 'no_huddle_rate': -0.0187}",OL-injury / opp-pass-rush tags: nullable until OL lane lands
2025,PIT,7,3.709,0.7546,"{'quick_game_rate': 0.0194, 'avg_air_yards_x10': 0.3908, 'shotgun_rate': 0.0746, 'early_down_pass_rate': 0.0653, 'no_huddle_rate': 0.0604}",OL-injury / opp-pass-rush tags: nullable until OL lane lands
2025,PIT,8,3.4074,0.71,"{'quick_game_rate': 0.008, 'avg_air_yards_x10': 0.0835, 'shotgun_rate': -0.0048, 'early_down_pass_rate': 0.0949, 'no_huddle_rate': 0.1092}",OL-injury / opp-pass-rush tags: nullable until OL lane lands
2025,PIT,9,2.478,0.487,"{'quick_game_rate': 0.1109, 'avg_air_yards_x10': -0.3008, 'shotgun_rate': -0.0093, 'early_down_pass_rate': 0.0814, 'no_huddle_rate': -0.0133}",OL-injury / opp-pass-rush tags: nullable until OL lane lands
2025,PIT,10,2.8944,0.6022,"{'quick_game_rate': -0.1943, 'avg_air_yards_x10': 0.2522, 'shotgun_rate': 0.1018, 'early_down_pass_rate': 0.0414, 'no_huddle_rate': -0.0117}",OL-injury / opp-pass-rush tags: nullable until OL lane lands
2025,PIT,11,1.4765,0.1933,"{'quick_game_rate': 0.0531, 'avg_air_yards_x10': -0.1565, 'shotgun_rate': -0.0424, 'early_down_pass_rate': -0.031, 'no_huddle_rate': -0.0426}",OL-injury / opp-pass-rush tags: nullable until OL lane lands
2025,PIT,12,2.6137,0.5316,"{'quick_game_rate': -0.0167, 'avg_air_yards_x10': 0.0624, 'shotgun_rate': -0.158, 'early_down_pass_rate': -0.1159, 'no_huddle_rate': 0.0388}",OL-injury / opp-pass-rush tags: nullable until OL lane lands
2025,PIT,13,3.7128,0.7565,"{'quick_game_rate': -0.0031, 'avg_air_yards_x10': -0.0714, 'shotgun_rate': 0.3491, 'early_down_pass_rate': 0.0965, 'no_huddle_rate': 0.0094}",OL-injury / opp-pass-rush tags: nullable until OL lane lands
2025,PIT,14,1.7899,0.2546,"{'quick_game_rate': 0.0193, 'avg_air_yards_x10': 0.054, 'shotgun_rate': 0.0, 'early_down_pass_rate': 0.0921, 'no_huddle_rate': -0.0504}",OL-injury / opp-pass-rush tags: nullable until OL lane lands
2025,PIT,15,2.4499,0.4851,"{'quick_game_rate': 0.1114, 'avg_air_yards_x10': -0.233, 'shotgun_rate': -0.0187, 'early_down_pass_rate': -0.1088, 'no_huddle_rate': 0.0225}",OL-injury / opp-pass-rush tags: nullable until OL lane lands
2025,PIT,16,2.5174,0.5037,"{'quick_game_rate': -0.1495, 'avg_air_yards_x10': 0.26, 'shotgun_rate': -0.0929, 'early_down_pass_rate': 0.0027, 'no_huddle_rate': 0.0348}",OL-injury / opp-pass-rush tags: nullable until OL lane lands
2025,PIT,17,1.3293,0.158,"{'quick_game_rate': -0.1138, 'avg_air_yards_x10': 0.0472, 'shotgun_rate': 0.0101, 'early_down_pass_rate': 0.0292, 'no_huddle_rate': 0.0006}",OL-injury / opp-pass-rush tags: nullable until OL lane lands
2025,PIT,18,2.7536,0.5613,"{'quick_game_rate': -0.1521, 'avg_air_yards_x10': 0.1141, 'shotgun_rate': -0.0019, 'early_down_pass_rate': 0.1167, 'no_huddle_rate': 0.0539}",OL-injury / opp-pass-rush tags: nullable until OL lane lands
2025,PIT,19,2.7258,0.552,"{'quick_game_rate': -0.0819, 'avg_air_yards_x10': 0.2689, 'shotgun_rate': 0.0413, 'early_down_pass_rate': 0.0194, 'no_huddle_rate': 0.0827}",OL-injury / opp-pass-rush tags: nullable until OL lane lands
2025,SEA,2,0.2383,0.0279,"{'quick_game_rate': 0.0303, 'avg_air_yards_x10': -0.0924, 'shotgun_rate': -0.2012, 'early_down_pass_rate': 0.0689, 'no_huddle_rate': -0.0456}",OL-injury / opp-pass-rush tags: nullable until OL lane lands
2025,SEA,3,6.5574,0.9182,"{'quick_game_rate': -0.0887, 'avg_air_yards_x10': -0.0397, 'shotgun_rate': -0.1327, 'early_down_pass_rate': -0.0811, 'no_huddle_rate': -0.0195}",OL-injury / opp-pass-rush tags: nullable until OL lane lands
2025,SEA,4,3.6971,0.7491,"{'quick_game_rate': 0.0984, 'avg_air_yards_x10': 0.0755, 'shotgun_rate': 0.053, 'early_down_pass_rate': -0.0177, 'no_huddle_rate': 0.0462}",OL-injury / opp-pass-rush tags: nullable until OL lane lands
2025,SEA,5,5.4404,0.8848,"{'quick_game_rate': 0.0353, 'avg_air_yards_x10': -0.0461, 'shotgun_rate': 0.1058, 'early_down_pass_rate': 0.1681, 'no_huddle_rate': 0.0886}",OL-injury / opp-pass-rush tags: nullable until OL lane lands
2025,SEA,6,10.6776,0.9517,"{'quick_game_rate': -0.1385, 'avg_air_yards_x10': 0.4914, 'shotgun_rate': -0.0108, 'early_down_pass_rate': 0.0281, 'no_huddle_rate': 0.0172}",OL-injury / opp-pass-rush tags: nullable until OL lane lands
2025,SEA,7,1.1722,0.1171,"{'quick_game_rate': 0.0201, 'avg_air_yards_x10': -0.0526, 'shotgun_rate': -0.0488, 'early_down_pass_rate': 0.0586, 'no_huddle_rate': -0.0178}",OL-injury / opp-pass-rush tags: nullable until OL lane lands
2025,SEA,9,1.283,0.1413,"{'quick_game_rate': -0.0349, 'avg_air_yards_x10': -0.0576, 'shotgun_rate': -0.0768, 'early_down_pass_rate': -0.0005, 'no_huddle_rate': 0.0218}",OL-injury / opp-pass-rush tags: nullable until OL lane lands
2025,SEA,10,5.6615,0.8941,"{'quick_game_rate': -0.1972, 'avg_air_yards_x10': 0.1538, 'shotgun_rate': -0.213, 'early_down_pass_rate': -0.2273, 'no_huddle_rate': -0.045}",OL-injury / opp-pass-rush tags: nullable until OL lane lands
2025,SEA,11,4.2827,0.803,"{'quick_game_rate': 0.0747, 'avg_air_yards_x10': -0.1527, 'shotgun_rate': 0.067, 'early_down_pass_rate': 0.0815, 'no_huddle_rate': 0.1433}",OL-injury / opp-pass-rush tags: nullable until OL lane lands
2025,SEA,12,1.3279,0.1561,"{'quick_game_rate': -0.0097, 'avg_air_yards_x10': 0.0276, 'shotgun_rate': 0.0757, 'early_down_pass_rate': 0.0835, 'no_huddle_rate': -0.0301}",OL-injury / opp-pass-rush tags: nullable until OL lane lands
2025,SEA,13,5.2694,0.8792,"{'quick_game_rate': 0.2989, 'avg_air_yards_x10': -0.5595, 'shotgun_rate': 0.0632, 'early_down_pass_rate': -0.0156, 'no_huddle_rate': 0.026}",OL-injury / opp-pass-rush tags: nullable until OL lane lands
2025,SEA,14,1.0928,0.1097,"{'quick_game_rate': 0.0099, 'avg_air_yards_x10': -0.0206, 'shotgun_rate': 0.0506, 'early_down_pass_rate': 0.0509, 'no_huddle_rate': -0.0379}",OL-injury / opp-pass-rush tags: nullable until OL lane lands
2025,SEA,15,2.632,0.5372,"{'quick_game_rate': 0.1012, 'avg_air_yards_x10': -0.1602, 'shotgun_rate': 0.1272, 'early_down_pass_rate': 0.1284, 'no_huddle_rate': 0.0549}",OL-injury / opp-pass-rush tags: nullable until OL lane lands
2025,SEA,16,2.4844,0.4907,"{'quick_game_rate': 0.111, 'avg_air_yards_x10': -0.2454, 'shotgun_rate': 0.0826, 'early_down_pass_rate': 0.1456, 'no_huddle_rate': 0.0183}",OL-injury / opp-pass-rush tags: nullable until OL lane lands
2025,SEA,17,1.965,0.3234,"{'quick_game_rate': 0.0834, 'avg_air_yards_x10': -0.319, 'shotgun_rate': -0.0767, 'early_down_pass_rate': -0.0344, 'no_huddle_rate': 0.0017}",OL-injury / opp-pass-rush tags: nullable until OL lane lands
2025,SEA,18,3.0722,0.6375,"{'quick_game_rate': 0.1764, 'avg_air_yards_x10': -0.3366, 'shotgun_rate': -0.1386, 'early_down_pass_rate': -0.0497, 'no_huddle_rate': -0.0594}",OL-injury / opp-pass-rush tags: nullable until OL lane lands
2025,SEA,20,1.8525,0.277,"{'quick_game_rate': -0.0172, 'avg_air_yards_x10': 0.1044, 'shotgun_rate': -0.1175, 'early_down_pass_rate': -0.1097, 'no_huddle_rate': -0.0141}",OL-injury / opp-pass-rush tags: nullable until OL lane lands
2025,SEA,21,1.7932,0.2602,"{'quick_game_rate': -0.0424, 'avg_air_yards_x10': 0.015, 'shotgun_rate': 0.0897, 'early_down_pass_rate': 0.1079, 'no_huddle_rate': -0.0398}",OL-injury / opp-pass-rush tags: nullable until OL lane lands
2025,SEA,22,0.9307,0.0892,"{'quick_game_rate': 0.0154, 'avg_air_yards_x10': 0.1446, 'shotgun_rate': 0.0451, 'early_down_pass_rate': 0.0245, 'no_huddle_rate': -0.0126}",OL-injury / opp-pass-rush tags: nullable until OL lane lands
2025,SF,2,0.1468,0.0093,"{'quick_game_rate': -0.0451, 'avg_air_yards_x10': -0.0744, 'shotgun_rate': 0.0054, 'early_down_pass_rate': 0.117, 'no_huddle_rate': 0.0156}",OL-injury / opp-pass-rush tags: nullable until OL lane lands
2025,SF,3,23.5855,0.9814,"{'quick_game_rate': -0.0739, 'avg_air_yards_x10': 0.0669, 'shotgun_rate': 0.0569, 'early_down_pass_rate': 0.1243, 'no_huddle_rate': 0.0755}",OL-injury / opp-pass-rush tags: nullable until OL lane lands
2025,SF,4,2.1835,0.3922,"{'quick_game_rate': 0.0021, 'avg_air_yards_x10': 0.0773, 'shotgun_rate': -0.0319, 'early_down_pass_rate': 0.0085, 'no_huddle_rate': -0.0174}",OL-injury / opp-pass-rush tags: nullable until OL lane lands
2025,SF,5,3.5196,0.7323,"{'quick_game_rate': 0.0585, 'avg_air_yards_x10': -0.1431, 'shotgun_rate': 0.0268, 'early_down_pass_rate': 0.0415, 'no_huddle_rate': 0.008}",OL-injury / opp-pass-rush tags: nullable until OL lane lands
2025,SF,6,3.9307,0.7714,"{'quick_game_rate': -0.0493, 'avg_air_yards_x10': 0.2506, 'shotgun_rate': 0.0059, 'early_down_pass_rate': 0.0797, 'no_huddle_rate': 0.0146}",OL-injury / opp-pass-rush tags: nullable until OL lane lands
2025,SF,7,11.1342,0.9554,"{'quick_game_rate': 0.1256, 'avg_air_yards_x10': -0.2527, 'shotgun_rate': -0.2334, 'early_down_pass_rate': -0.2467, 'no_huddle_rate': -0.0327}",OL-injury / opp-pass-rush tags: nullable until OL lane lands
2025,SF,8,4.4864,0.8309,"{'quick_game_rate': 0.0163, 'avg_air_yards_x10': 0.2726, 'shotgun_rate': 0.1673, 'early_down_pass_rate': 0.1839, 'no_huddle_rate': 0.0831}",OL-injury / opp-pass-rush tags: nullable until OL lane lands
2025,SF,9,3.4619,0.7193,"{'quick_game_rate': 0.0768, 'avg_air_yards_x10': -0.0917, 'shotgun_rate': -0.1837, 'early_down_pass_rate': -0.2215, 'no_huddle_rate': 0.0568}",OL-injury / opp-pass-rush tags: nullable until OL lane lands
2025,SF,10,1.4466,0.1803,"{'quick_game_rate': -0.044, 'avg_air_yards_x10': -0.0251, 'shotgun_rate': 0.0787, 'early_down_pass_rate': 0.1033, 'no_huddle_rate': 0.0209}",OL-injury / opp-pass-rush tags: nullable until OL lane lands
2025,SF,11,2.5288,0.5112,"{'quick_game_rate': 0.0245, 'avg_air_yards_x10': -0.0226, 'shotgun_rate': -0.2122, 'early_down_pass_rate': -0.0967, 'no_huddle_rate': -0.0468}",OL-injury / opp-pass-rush tags: nullable until OL lane lands
2025,SF,12,2.6489,0.5409,"{'quick_game_rate': 0.1016, 'avg_air_yards_x10': -0.1342, 'shotgun_rate': 0.0847, 'early_down_pass_rate': -0.0985, 'no_huddle_rate': -0.0425}",OL-injury / opp-pass-rush tags: nullable until OL lane lands
2025,SF,13,4.426,0.8197,"{'quick_game_rate': -0.2298, 'avg_air_yards_x10': 0.1542, 'shotgun_rate': -0.0712, 'early_down_pass_rate': -0.1301, 'no_huddle_rate': -0.039}",OL-injury / opp-pass-rush tags: nullable until OL lane lands
2025,SF,15,2.4184,0.4703,"{'quick_game_rate': -0.0787, 'avg_air_yards_x10': 0.0924, 'shotgun_rate': -0.1345, 'early_down_pass_rate': -0.1442, 'no_huddle_rate': 0.0497}",OL-injury / opp-pass-rush tags: nullable until OL lane lands
2025,SF,16,3.3954,0.7063,"{'quick_game_rate': -0.2457, 'avg_air_yards_x10': 0.202, 'shotgun_rate': 0.0624, 'early_down_pass_rate': -0.0036, 'no_huddle_rate': 0.0081}",OL-injury / opp-pass-rush tags: nullable until OL lane lands
2025,SF,17,0.776,0.0688,"{'quick_game_rate': -0.0082, 'avg_air_yards_x10': 0.0023, 'shotgun_rate': -0.0143, 'early_down_pass_rate': -0.084, 'no_huddle_rate': -0.0107}",OL-injury / opp-pass-rush tags: nullable until OL lane lands
2025,SF,18,4.1494,0.79,"{'quick_game_rate': 0.1808, 'avg_air_yards_x10': -0.2867, 'shotgun_rate': 0.2814, 'early_down_pass_rate': 0.1279, 'no_huddle_rate': -0.0394}",OL-injury / opp-pass-rush tags: nullable until OL lane lands
2025,SF,19,2.7828,0.5651,"{'quick_game_rate': -0.096, 'avg_air_yards_x10': 0.0836, 'shotgun_rate': 0.0008, 'early_down_pass_rate': 0.0974, 'no_huddle_rate': 0.0902}",OL-injury / opp-pass-rush tags: nullable until OL lane lands
2025,SF,20,0.9765,0.0948,"{'quick_game_rate': 0.0524, 'avg_air_yards_x10': 0.0477, 'shotgun_rate': 0.0886, 'early_down_pass_rate': 0.003, 'no_huddle_rate': 0.0079}",OL-injury / opp-pass-rush tags: nullable until OL lane lands
2025,TB,2,0.3356,0.0372,"{'quick_game_rate': 0.1776, 'avg_air_yards_x10': -0.2437, 'shotgun_rate': 0.1263, 'early_down_pass_rate': -0.0737, 'no_huddle_rate': -0.0177}",OL-injury / opp-pass-rush tags: nullable until OL lane lands
2025,TB,3,4.4252,0.8178,"{'quick_game_rate': 0.0534, 'avg_air_yards_x10': -0.1219, 'shotgun_rate': -0.0987, 'early_down_pass_rate': -0.1432, 'no_huddle_rate': -0.0073}",OL-injury / opp-pass-rush tags: nullable until OL lane lands
2025,TB,4,10.7851,0.9535,"{'quick_game_rate': 0.0056, 'avg_air_yards_x10': -0.0633, 'shotgun_rate': 0.0167, 'early_down_pass_rate': 0.0532, 'no_huddle_rate': -0.0861}",OL-injury / opp-pass-rush tags: nullable until OL lane lands
2025,TB,5,3.4488,0.7156,"{'quick_game_rate': 0.1231, 'avg_air_yards_x10': -0.0866, 'shotgun_rate': -0.1027, 'early_down_pass_rate': 0.0583, 'no_huddle_rate': -0.0773}",OL-injury / opp-pass-rush tags: nullable until OL lane lands
2025,TB,6,4.1921,0.7937,"{'quick_game_rate': -0.1598, 'avg_air_yards_x10': 0.191, 'shotgun_rate': -0.1786, 'early_down_pass_rate': -0.0654, 'no_huddle_rate': -0.0586}",OL-injury / opp-pass-rush tags: nullable until OL lane lands
2025,TB,7,4.4153,0.816,"{'quick_game_rate': -0.001, 'avg_air_yards_x10': 0.0761, 'shotgun_rate': 0.119, 'early_down_pass_rate': 0.266, 'no_huddle_rate': 0.0217}",OL-injury / opp-pass-rush tags: nullable until OL lane lands
2025,TB,8,3.2683,0.6859,"{'quick_game_rate': 0.0192, 'avg_air_yards_x10': -0.2158, 'shotgun_rate': -0.1556, 'early_down_pass_rate': -0.1285, 'no_huddle_rate': -0.0723}",OL-injury / opp-pass-rush tags: nullable until OL lane lands
2025,TB,10,2.2156,0.3978,"{'quick_game_rate': -0.0413, 'avg_air_yards_x10': -0.208, 'shotgun_rate': -0.0093, 'early_down_pass_rate': 0.1024, 'no_huddle_rate': -0.0484}",OL-injury / opp-pass-rush tags: nullable until OL lane lands
2025,TB,11,2.0486,0.3606,"{'quick_game_rate': 0.0214, 'avg_air_yards_x10': -0.1407, 'shotgun_rate': -0.0409, 'early_down_pass_rate': -0.1828, 'no_huddle_rate': -0.0144}",OL-injury / opp-pass-rush tags: nullable until OL lane lands
2025,TB,12,2.14,0.381,"{'quick_game_rate': 0.1074, 'avg_air_yards_x10': -0.0884, 'shotgun_rate': 0.1266, 'early_down_pass_rate': -0.0218, 'no_huddle_rate': -0.011}",OL-injury / opp-pass-rush tags: nullable until OL lane lands
2025,TB,13,1.5472,0.2045,"{'quick_game_rate': 0.0809, 'avg_air_yards_x10': -0.0757, 'shotgun_rate': 0.0241, 'early_down_pass_rate': -0.0425, 'no_huddle_rate': -0.037}",OL-injury / opp-pass-rush tags: nullable until OL lane lands
2025,TB,14,1.863,0.2844,"{'quick_game_rate': 0.0694, 'avg_air_yards_x10': -0.0456, 'shotgun_rate': 0.0655, 'early_down_pass_rate': -0.09, 'no_huddle_rate': 0.049}",OL-injury / opp-pass-rush tags: nullable until OL lane lands
2025,TB,15,3.3413,0.6952,"{'quick_game_rate': -0.1791, 'avg_air_yards_x10': 0.2471, 'shotgun_rate': 0.0117, 'early_down_pass_rate': 0.0833, 'no_huddle_rate': -0.0401}",OL-injury / opp-pass-rush tags: nullable until OL lane lands
2025,TB,16,3.3828,0.7007,"{'quick_game_rate': 0.2025, 'avg_air_yards_x10': -0.2457, 'shotgun_rate': 0.0329, 'early_down_pass_rate': -0.1467, 'no_huddle_rate': 0.03}",OL-injury / opp-pass-rush tags: nullable until OL lane lands
2025,TB,17,3.6991,0.7509,"{'quick_game_rate': 0.0422, 'avg_air_yards_x10': 0.0081, 'shotgun_rate': 0.0934, 'early_down_pass_rate': 0.2218, 'no_huddle_rate': 0.1193}",OL-injury / opp-pass-rush tags: nullable until OL lane lands
2025,TB,18,3.5137,0.7286,"{'quick_game_rate': 0.0395, 'avg_air_yards_x10': -0.1651, 'shotgun_rate': -0.204, 'early_down_pass_rate': -0.248, 'no_huddle_rate': -0.0325}",OL-injury / opp-pass-rush tags: nullable until OL lane lands
2025,TEN,2,0.4557,0.0483,"{'quick_game_rate': 0.0919, 'avg_air_yards_x10': -0.3985, 'shotgun_rate': 0.119, 'early_down_pass_rate': 0.0583, 'no_huddle_rate': 0.1511}",OL-injury / opp-pass-rush tags: nullable until OL lane lands
2025,TEN,3,5.0985,0.8736,"{'quick_game_rate': 0.1664, 'avg_air_yards_x10': -0.3639, 'shotgun_rate': 0.0776, 'early_down_pass_rate': 0.0786, 'no_huddle_rate': 0.0572}",OL-injury / opp-pass-rush tags: nullable until OL lane lands
2025,TEN,4,0.9221,0.0874,"{'quick_game_rate': -0.0543, 'avg_air_yards_x10': 0.0345, 'shotgun_rate': 0.0055, 'early_down_pass_rate': 0.0258, 'no_huddle_rate': -0.0199}",OL-injury / opp-pass-rush tags: nullable until OL lane lands
2025,TEN,5,3.0634,0.6338,"{'quick_game_rate': -0.0705, 'avg_air_yards_x10': 0.3414, 'shotgun_rate': -0.1237, 'early_down_pass_rate': 0.0219, 'no_huddle_rate': 0.005}",OL-injury / opp-pass-rush tags: nullable until OL lane lands
2025,TEN,6,4.5764,0.8383,"{'quick_game_rate': 0.1009, 'avg_air_yards_x10': -0.1199, 'shotgun_rate': 0.0048, 'early_down_pass_rate': 0.153, 'no_huddle_rate': 0.0626}",OL-injury / opp-pass-rush tags: nullable until OL lane lands
2025,TEN,7,1.7968,0.2639,"{'quick_game_rate': 0.0753, 'avg_air_yards_x10': -0.1217, 'shotgun_rate': -0.0464, 'early_down_pass_rate': 0.0756, 'no_huddle_rate': 0.0194}",OL-injury / opp-pass-rush tags: nullable until OL lane lands
2025,TEN,8,2.8369,0.5818,"{'quick_game_rate': -0.0618, 'avg_air_yards_x10': 0.1175, 'shotgun_rate': -0.0683, 'early_down_pass_rate': -0.065, 'no_huddle_rate': -0.11}",OL-injury / opp-pass-rush tags: nullable until OL lane lands
2025,TEN,9,1.8536,0.2788,"{'quick_game_rate': -0.0103, 'avg_air_yards_x10': 0.0877, 'shotgun_rate': -0.059, 'early_down_pass_rate': -0.0436, 'no_huddle_rate': -0.08}",OL-injury / opp-pass-rush tags: nullable until OL lane lands
2025,TEN,11,1.7967,0.2621,"{'quick_game_rate': 0.0822, 'avg_air_yards_x10': -0.0691, 'shotgun_rate': 0.0393, 'early_down_pass_rate': 0.0284, 'no_huddle_rate': -0.065}",OL-injury / opp-pass-rush tags: nullable until OL lane lands
2025,TEN,12,2.7904,0.5669,"{'quick_game_rate': 0.1493, 'avg_air_yards_x10': -0.3222, 'shotgun_rate': -0.0188, 'early_down_pass_rate': -0.0038, 'no_huddle_rate': -0.0082}",OL-injury / opp-pass-rush tags: nullable until OL lane lands
2025,TEN,13,2.3883,0.461,"{'quick_game_rate': 0.0191, 'avg_air_yards_x10': -0.1046, 'shotgun_rate': 0.084, 'early_down_pass_rate': 0.0497, 'no_huddle_rate': 0.0896}",OL-injury / opp-pass-rush tags: nullable until OL lane lands
2025,TEN,14,5.9843,0.8996,"{'quick_game_rate': 0.1698, 'avg_air_yards_x10': -0.1271, 'shotgun_rate': -0.1656, 'early_down_pass_rate': -0.2594, 'no_huddle_rate': -0.0867}",OL-injury / opp-pass-rush tags: nullable until OL lane lands
2025,TEN,15,1.5641,0.2082,"{'quick_game_rate': 0.0989, 'avg_air_yards_x10': -0.1491, 'shotgun_rate': -0.0324, 'early_down_pass_rate': -0.0223, 'no_huddle_rate': -0.0296}",OL-injury / opp-pass-rush tags: nullable until OL lane lands
2025,TEN,16,3.9406,0.7732,"{'quick_game_rate': 0.114, 'avg_air_yards_x10': -0.146, 'shotgun_rate': -0.1414, 'early_down_pass_rate': -0.2396, 'no_huddle_rate': -0.065}",OL-injury / opp-pass-rush tags: nullable until OL lane lands
2025,TEN,17,2.0188,0.3476,"{'quick_game_rate': -0.0865, 'avg_air_yards_x10': 0.2141, 'shotgun_rate': -0.0682, 'early_down_pass_rate': -0.0742, 'no_huddle_rate': -0.0353}",OL-injury / opp-pass-rush tags: nullable until OL lane lands
2025,TEN,18,2.3853,0.4572,"{'quick_game_rate': 0.1053, 'avg_air_yards_x10': -0.3469, 'shotgun_rate': 0.024, 'early_down_pass_rate': -0.0647, 'no_huddle_rate': -0.0082}",OL-injury / opp-pass-rush tags: nullable until OL lane lands
2025,WAS,2,0.3186,0.0353,"{'quick_game_rate': 0.0545, 'avg_air_yards_x10': -0.2495, 'shotgun_rate': -0.0154, 'early_down_pass_rate': 0.1636, 'no_huddle_rate': 0.0963}",OL-injury / opp-pass-rush tags: nullable until OL lane lands
2025,WAS,3,4.1409,0.7881,"{'quick_game_rate': -0.0605, 'avg_air_yards_x10': -0.0202, 'shotgun_rate': 0.0077, 'early_down_pass_rate': -0.2138, 'no_huddle_rate': -0.1004}",OL-injury / opp-pass-rush tags: nullable until OL lane lands
2025,WAS,4,18.5164,0.9796,"{'quick_game_rate': -0.0558, 'avg_air_yards_x10': 0.3015, 'shotgun_rate': -0.1322, 'early_down_pass_rate': 0.0337, 'no_huddle_rate': 0.0322}",OL-injury / opp-pass-rush tags: nullable until OL lane lands
2025,WAS,5,1.9162,0.3123,"{'quick_game_rate': 0.0536, 'avg_air_yards_x10': 0.0821, 'shotgun_rate': 0.0382, 'early_down_pass_rate': -0.065, 'no_huddle_rate': -0.0477}",OL-injury / opp-pass-rush tags: nullable until OL lane lands
2025,WAS,6,4.0577,0.7807,"{'quick_game_rate': 0.1014, 'avg_air_yards_x10': -0.0749, 'shotgun_rate': -0.004, 'early_down_pass_rate': -0.0668, 'no_huddle_rate': 0.1648}",OL-injury / opp-pass-rush tags: nullable until OL lane lands
2025,WAS,7,2.6716,0.5446,"{'quick_game_rate': -0.1102, 'avg_air_yards_x10': 0.1097, 'shotgun_rate': 0.0156, 'early_down_pass_rate': 0.0133, 'no_huddle_rate': 0.1132}",OL-injury / opp-pass-rush tags: nullable until OL lane lands
2025,WAS,8,4.6934,0.8532,"{'quick_game_rate': 0.195, 'avg_air_yards_x10': -0.3535, 'shotgun_rate': -0.0095, 'early_down_pass_rate': 0.0751, 'no_huddle_rate': 0.1703}",OL-injury / opp-pass-rush tags: nullable until OL lane lands
2025,WAS,9,2.6958,0.5502,"{'quick_game_rate': 0.0828, 'avg_air_yards_x10': -0.2811, 'shotgun_rate': -0.0504, 'early_down_pass_rate': -0.1252, 'no_huddle_rate': -0.0135}",OL-injury / opp-pass-rush tags: nullable until OL lane lands
2025,WAS,10,3.8552,0.7621,"{'quick_game_rate': -0.1083, 'avg_air_yards_x10': 0.491, 'shotgun_rate': -0.0796, 'early_down_pass_rate': -0.0946, 'no_huddle_rate': 0.112}",OL-injury / opp-pass-rush tags: nullable until OL lane lands
2025,WAS,11,2.7294,0.5539,"{'quick_game_rate': 0.1057, 'avg_air_yards_x10': -0.1305, 'shotgun_rate': -0.1125, 'early_down_pass_rate': 0.0263, 'no_huddle_rate': -0.0122}",OL-injury / opp-pass-rush tags: nullable until OL lane lands
2025,WAS,13,2.8688,0.5929,"{'quick_game_rate': -0.1106, 'avg_air_yards_x10': 0.3407, 'shotgun_rate': -0.0284, 'early_down_pass_rate': 0.1122, 'no_huddle_rate': 0.1327}",OL-injury / opp-pass-rush tags: nullable until OL lane lands
2025,WAS,14,4.2187,0.7974,"{'quick_game_rate': 0.1219, 'avg_air_yards_x10': -0.4045, 'shotgun_rate': -0.1886, 'early_down_pass_rate': -0.0031, 'no_huddle_rate': 0.0767}",OL-injury / opp-pass-rush tags: nullable until OL lane lands
2025,WAS,15,4.2877,0.8048,"{'quick_game_rate': -0.2076, 'avg_air_yards_x10': 0.5106, 'shotgun_rate': -0.1656, 'early_down_pass_rate': -0.1639, 'no_huddle_rate': -0.0116}",OL-injury / opp-pass-rush tags: nullable until OL lane lands
2025,WAS,16,3.4743,0.723,"{'quick_game_rate': 0.0657, 'avg_air_yards_x10': -0.1456, 'shotgun_rate': -0.2573, 'early_down_pass_rate': -0.0159, 'no_huddle_rate': -0.1034}",OL-injury / opp-pass-rush tags: nullable until OL lane lands
2025,WAS,17,6.4883,0.9145,"{'quick_game_rate': -0.0059, 'avg_air_yards_x10': -0.1203, 'shotgun_rate': -0.2252, 'early_down_pass_rate': 0.0965, 'no_huddle_rate': -0.5265}",OL-injury / opp-pass-rush tags: nullable until OL lane lands
2025,WAS,18,5.4721,0.8885,"{'quick_game_rate': 0.1114, 'avg_air_yards_x10': -0.2861, 'shotgun_rate': -0.2694, 'early_down_pass_rate': -0.1975, 'no_huddle_rate': -0.6269}",OL-injury / opp-pass-rush tags: nullable until OL lane lands
2026,ARI,2,0.4305,0.3281,"{'quick_game_rate': 0.2008, 'avg_air_yards_x10': -0.3756, 'shotgun_rate': 0.045, 'early_down_pass_rate': 0.0409, 'no_huddle_rate': -0.0154}",OL-injury / opp-pass-rush tags: nullable until OL lane lands
2026,ARI,3,12.5367,0.8438,"{'quick_game_rate': 0.0136, 'avg_air_yards_x10': 0.0484, 'shotgun_rate': -0.0607, 'early_down_pass_rate': 0.0949, 'no_huddle_rate': 0.0872}",OL-injury / opp-pass-rush tags: nullable until OL lane lands
2026,ATL,2,0.2057,0.125,"{'quick_game_rate': -0.1023, 'avg_air_yards_x10': 0.1469, 'shotgun_rate': -0.0767, 'early_down_pass_rate': 0.0615, 'no_huddle_rate': 0.0246}",OL-injury / opp-pass-rush tags: nullable until OL lane lands
2026,ATL,3,7.1513,0.75,"{'quick_game_rate': -0.1161, 'avg_air_yards_x10': 0.1726, 'shotgun_rate': -0.1295, 'early_down_pass_rate': -0.1159, 'no_huddle_rate': -0.0474}",OL-injury / opp-pass-rush tags: nullable until OL lane lands
2026,BAL,2,0.2694,0.2031,"{'quick_game_rate': 0.0083, 'avg_air_yards_x10': -0.055, 'shotgun_rate': 0.1864, 'early_down_pass_rate': 0.171, 'no_huddle_rate': 0.0742}",OL-injury / opp-pass-rush tags: nullable until OL lane lands
2026,BAL,3,61.6767,0.9531,"{'quick_game_rate': 0.2542, 'avg_air_yards_x10': -0.1925, 'shotgun_rate': -0.026, 'early_down_pass_rate': -0.1601, 'no_huddle_rate': -0.0366}",OL-injury / opp-pass-rush tags: nullable until OL lane lands
2026,BUF,2,0.5918,0.4375,"{'quick_game_rate': 0.1023, 'avg_air_yards_x10': -0.5626, 'shotgun_rate': -0.1266, 'early_down_pass_rate': -0.0841, 'no_huddle_rate': 0.0107}",OL-injury / opp-pass-rush tags: nullable until OL lane lands
2026,BUF,3,8.1471,0.7656,"{'quick_game_rate': -0.0418, 'avg_air_yards_x10': -0.0163, 'shotgun_rate': 0.0408, 'early_down_pass_rate': -0.1372, 'no_huddle_rate': 0.0396}",OL-injury / opp-pass-rush tags: nullable until OL lane lands
2026,CAR,2,0.1333,0.0312,"{'quick_game_rate': -0.0015, 'avg_air_yards_x10': -0.0993, 'shotgun_rate': -0.0833, 'early_down_pass_rate': 0.0085, 'no_huddle_rate': -0.0298}",OL-injury / opp-pass-rush tags: nullable until OL lane lands
2026,CAR,3,120.2641,1.0,"{'quick_game_rate': -0.0899, 'avg_air_yards_x10': 0.029, 'shotgun_rate': 0.0373, 'early_down_pass_rate': 0.036, 'no_huddle_rate': -0.0387}",OL-injury / opp-pass-rush tags: nullable until OL lane lands
2026,CHI,2,0.5616,0.4219,"{'quick_game_rate': 0.1054, 'avg_air_yards_x10': -0.5382, 'shotgun_rate': 0.0139, 'early_down_pass_rate': 0.12, 'no_huddle_rate': 0.0017}",OL-injury / opp-pass-rush tags: nullable until OL lane lands
2026,CHI,3,68.7341,0.9688,"{'quick_game_rate': -0.0061, 'avg_air_yards_x10': -0.2162, 'shotgun_rate': -0.0605, 'early_down_pass_rate': 0.0106, 'no_huddle_rate': -0.058}",OL-injury / opp-pass-rush tags: nullable until OL lane lands
2026,CIN,2,0.1938,0.0938,"{'quick_game_rate': -0.1447, 'avg_air_yards_x10': -0.0877, 'shotgun_rate': -0.089, 'early_down_pass_rate': -0.0068, 'no_huddle_rate': -0.0312}",OL-injury / opp-pass-rush tags: nullable until OL lane lands
2026,CIN,3,31.0105,0.9375,"{'quick_game_rate': -0.0968, 'avg_air_yards_x10': 0.0981, 'shotgun_rate': 0.0669, 'early_down_pass_rate': 0.1046, 'no_huddle_rate': 0.0386}",OL-injury / opp-pass-rush tags: nullable until OL lane lands
2026,CLE,2,0.6906,0.4844,"{'quick_game_rate': 0.0758, 'avg_air_yards_x10': -0.6764, 'shotgun_rate': -0.0886, 'early_down_pass_rate': 0.0769, 'no_huddle_rate': -0.0031}",OL-injury / opp-pass-rush tags: nullable until OL lane lands
2026,CLE,3,25.5198,0.9219,"{'quick_game_rate': 0.0164, 'avg_air_yards_x10': -0.1433, 'shotgun_rate': 0.1289, 'early_down_pass_rate': -0.042, 'no_huddle_rate': -0.0393}",OL-injury / opp-pass-rush tags: nullable until OL lane lands
2026,DAL,2,0.2192,0.1406,"{'quick_game_rate': 0.0427, 'avg_air_yards_x10': -0.1217, 'shotgun_rate': -0.1396, 'early_down_pass_rate': -0.0517, 'no_huddle_rate': -0.0962}",OL-injury / opp-pass-rush tags: nullable until OL lane lands
2026,DAL,3,4.772,0.6406,"{'quick_game_rate': 0.0124, 'avg_air_yards_x10': -0.168, 'shotgun_rate': -0.1438, 'early_down_pass_rate': -0.0839, 'no_huddle_rate': 0.0075}",OL-injury / opp-pass-rush tags: nullable until OL lane lands
2026,DEN,2,0.6366,0.4531,"{'quick_game_rate': -0.1982, 'avg_air_yards_x10': 0.536, 'shotgun_rate': -0.2286, 'early_down_pass_rate': -0.1562, 'no_huddle_rate': 0.0449}",OL-injury / opp-pass-rush tags: nullable until OL lane lands
2026,DEN,3,1.6231,0.5312,"{'quick_game_rate': 0.0024, 'avg_air_yards_x10': -0.0524, 'shotgun_rate': -0.0405, 'early_down_pass_rate': -0.0249, 'no_huddle_rate': -0.0346}",OL-injury / opp-pass-rush tags: nullable until OL lane lands
2026,DET,2,0.4803,0.375,"{'quick_game_rate': -0.1936, 'avg_air_yards_x10': 0.3561, 'shotgun_rate': 0.2127, 'early_down_pass_rate': 0.1412, 'no_huddle_rate': 0.0353}",OL-injury / opp-pass-rush tags: nullable until OL lane lands
2026,DET,3,1.1953,0.5156,"{'quick_game_rate': 0.0808, 'avg_air_yards_x10': -0.1057, 'shotgun_rate': -0.0158, 'early_down_pass_rate': -0.0421, 'no_huddle_rate': 0.0008}",OL-injury / opp-pass-rush tags: nullable until OL lane lands
2026,GB,2,0.4767,0.3594,"{'quick_game_rate': 0.266, 'avg_air_yards_x10': -0.3718, 'shotgun_rate': 0.043, 'early_down_pass_rate': -0.0915, 'no_huddle_rate': -0.0893}",OL-injury / opp-pass-rush tags: nullable until OL lane lands
2026,GB,3,9.4274,0.7969,"{'quick_game_rate': 0.0719, 'avg_air_yards_x10': -0.1911, 'shotgun_rate': 0.1718, 'early_down_pass_rate': 0.2225, 'no_huddle_rate': 0.0083}",OL-injury / opp-pass-rush tags: nullable until OL lane lands
2026,HOU,2,0.2,0.1094,"{'quick_game_rate': 0.0789, 'avg_air_yards_x10': 0.036, 'shotgun_rate': 0.1177, 'early_down_pass_rate': 0.1273, 'no_huddle_rate': 0.0494}",OL-injury / opp-pass-rush tags: nullable until OL lane lands
2026,HOU,3,21.8321,0.9062,"{'quick_game_rate': -0.0532, 'avg_air_yards_x10': 0.3754, 'shotgun_rate': -0.2535, 'early_down_pass_rate': -0.0813, 'no_huddle_rate': -0.1069}",OL-injury / opp-pass-rush tags: nullable until OL lane lands
2026,IND,2,0.355,0.2812,"{'quick_game_rate': 0.1613, 'avg_air_yards_x10': -0.1258, 'shotgun_rate': -0.2129, 'early_down_pass_rate': -0.1462, 'no_huddle_rate': -0.1321}",OL-injury / opp-pass-rush tags: nullable until OL lane lands
2026,IND,3,4.0793,0.6094,"{'quick_game_rate': -0.189, 'avg_air_yards_x10': 0.1951, 'shotgun_rate': 0.0792, 'early_down_pass_rate': 0.0439, 'no_huddle_rate': -0.0517}",OL-injury / opp-pass-rush tags: nullable until OL lane lands
2026,JAX,2,0.3201,0.2188,"{'quick_game_rate': -0.003, 'avg_air_yards_x10': -0.0108, 'shotgun_rate': 0.3129, 'early_down_pass_rate': 0.0576, 'no_huddle_rate': 0.0336}",OL-injury / opp-pass-rush tags: nullable until OL lane lands
2026,JAX,3,108.6572,0.9844,"{'quick_game_rate': 0.118, 'avg_air_yards_x10': -0.4039, 'shotgun_rate': -0.078, 'early_down_pass_rate': -0.0167, 'no_huddle_rate': -0.0584}",OL-injury / opp-pass-rush tags: nullable until OL lane lands
2026,KC,2,0.2642,0.1875,"{'quick_game_rate': -0.1505, 'avg_air_yards_x10': 0.0649, 'shotgun_rate': 0.1113, 'early_down_pass_rate': 0.1743, 'no_huddle_rate': 0.0128}",OL-injury / opp-pass-rush tags: nullable until OL lane lands
2026,KC,3,6.111,0.7031,"{'quick_game_rate': -0.0451, 'avg_air_yards_x10': 0.1458, 'shotgun_rate': -0.2208, 'early_down_pass_rate': -0.0123, 'no_huddle_rate': -0.0064}",OL-injury / opp-pass-rush tags: nullable until OL lane lands
2026,LA,2,0.2303,0.1562,"{'quick_game_rate': -0.0333, 'avg_air_yards_x10': 0.1926, 'shotgun_rate': -0.0357, 'early_down_pass_rate': 0.0455, 'no_huddle_rate': -0.1071}",OL-injury / opp-pass-rush tags: nullable until OL lane lands
2026,LA,3,12.9846,0.8594,"{'quick_game_rate': -0.0494, 'avg_air_yards_x10': -0.0429, 'shotgun_rate': 0.1483, 'early_down_pass_rate': 0.2162, 'no_huddle_rate': 0.0286}",OL-injury / opp-pass-rush tags: nullable until OL lane lands
2026,LAC,2,0.1456,0.0469,"{'quick_game_rate': 0.0, 'avg_air_yards_x10': -0.0148, 'shotgun_rate': -0.0647, 'early_down_pass_rate': -0.1207, 'no_huddle_rate': 0.0471}",OL-injury / opp-pass-rush tags: nullable until OL lane lands
2026,LAC,3,19.8474,0.875,"{'quick_game_rate': 0.0414, 'avg_air_yards_x10': -0.1449, 'shotgun_rate': -0.1074, 'early_down_pass_rate': 0.0146, 'no_huddle_rate': 0.0038}",OL-injury / opp-pass-rush tags: nullable until OL lane lands
2026,LV,2,0.3439,0.25,"{'quick_game_rate': -0.1874, 'avg_air_yards_x10': 0.2225, 'shotgun_rate': 0.1689, 'early_down_pass_rate': 0.0686, 'no_huddle_rate': 0.0195}",OL-injury / opp-pass-rush tags: nullable until OL lane lands
2026,LV,3,2.9912,0.5938,"{'quick_game_rate': -0.1094, 'avg_air_yards_x10': -0.0373, 'shotgun_rate': 0.0644, 'early_down_pass_rate': 0.0445, 'no_huddle_rate': 0.0223}",OL-injury / opp-pass-rush tags: nullable until OL lane lands
2026,MIA,2,0.6571,0.4688,"{'quick_game_rate': 0.3559, 'avg_air_yards_x10': -0.4097, 'shotgun_rate': -0.3236, 'early_down_pass_rate': -0.1794, 'no_huddle_rate': -0.02}",OL-injury / opp-pass-rush tags: nullable until OL lane lands
2026,MIA,3,2.1594,0.5625,"{'quick_game_rate': 0.0257, 'avg_air_yards_x10': 0.1521, 'shotgun_rate': 0.0585, 'early_down_pass_rate': 0.0, 'no_huddle_rate': 0.0199}",OL-injury / opp-pass-rush tags: nullable until OL lane lands
2026,MIN,2,0.1708,0.0781,"{'quick_game_rate': 0.0083, 'avg_air_yards_x10': 0.0517, 'shotgun_rate': 0.1424, 'early_down_pass_rate': -0.0393, 'no_huddle_rate': -0.0678}",OL-injury / opp-pass-rush tags: nullable until OL lane lands
2026,MIN,3,8.1681,0.7812,"{'quick_game_rate': 0.0059, 'avg_air_yards_x10': 0.1098, 'shotgun_rate': 0.0348, 'early_down_pass_rate': 0.1298, 'no_huddle_rate': 0.057}",OL-injury / opp-pass-rush tags: nullable until OL lane lands
2026,NE,2,0.2549,0.1719,"{'quick_game_rate': -0.0758, 'avg_air_yards_x10': 0.2212, 'shotgun_rate': -0.1012, 'early_down_pass_rate': -0.0079, 'no_huddle_rate': 0.0}",OL-injury / opp-pass-rush tags: nullable until OL lane lands
2026,NE,3,11.0063,0.8125,"{'quick_game_rate': -0.2153, 'avg_air_yards_x10': 0.3874, 'shotgun_rate': 0.0151, 'early_down_pass_rate': 0.0345, 'no_huddle_rate': 0.0333}",OL-injury / opp-pass-rush tags: nullable until OL lane lands
2026,NO,2,0.3481,0.2656,"{'quick_game_rate': -0.0749, 'avg_air_yards_x10': -0.2499, 'shotgun_rate': -0.0869, 'early_down_pass_rate': -0.1414, 'no_huddle_rate': -0.16}",OL-injury / opp-pass-rush tags: nullable until OL lane lands
2026,NO,3,2.8517,0.5781,"{'quick_game_rate': 0.0871, 'avg_air_yards_x10': -0.0109, 'shotgun_rate': 0.0597, 'early_down_pass_rate': -0.0549, 'no_huddle_rate': 0.0371}",OL-injury / opp-pass-rush tags: nullable until OL lane lands
2026,NYG,2,0.3659,0.2969,"{'quick_game_rate': 0.1864, 'avg_air_yards_x10': 0.2208, 'shotgun_rate': 0.1468, 'early_down_pass_rate': 0.1277, 'no_huddle_rate': 0.1119}",OL-injury / opp-pass-rush tags: nullable until OL lane lands
2026,NYG,3,5.0744,0.6719,"{'quick_game_rate': 0.1984, 'avg_air_yards_x10': -0.337, 'shotgun_rate': -0.1074, 'early_down_pass_rate': -0.1821, 'no_huddle_rate': -0.0713}",OL-injury / opp-pass-rush tags: nullable until OL lane lands
2026,NYJ,2,0.335,0.2344,"{'quick_game_rate': 0.0, 'avg_air_yards_x10': -0.0675, 'shotgun_rate': 0.2593, 'early_down_pass_rate': 0.197, 'no_huddle_rate': 0.0402}",OL-injury / opp-pass-rush tags: nullable until OL lane lands
2026,NYJ,3,6.6453,0.7344,"{'quick_game_rate': -0.0304, 'avg_air_yards_x10': 0.204, 'shotgun_rate': 0.0805, 'early_down_pass_rate': 0.1643, 'no_huddle_rate': 0.0424}",OL-injury / opp-pass-rush tags: nullable until OL lane lands
2026,PHI,2,0.1698,0.0625,"{'quick_game_rate': 0.1276, 'avg_air_yards_x10': -0.1108, 'shotgun_rate': -0.0057, 'early_down_pass_rate': 0.0122, 'no_huddle_rate': 0.0098}",OL-injury / opp-pass-rush tags: nullable until OL lane lands
2026,PHI,3,11.4403,0.8281,"{'quick_game_rate': 0.1116, 'avg_air_yards_x10': -0.2484, 'shotgun_rate': -0.0026, 'early_down_pass_rate': 0.0622, 'no_huddle_rate': 0.0084}",OL-injury / opp-pass-rush tags: nullable until OL lane lands
2026,PIT,2,0.5012,0.3906,"{'quick_game_rate': 0.1372, 'avg_air_yards_x10': -0.4552, 'shotgun_rate': 0.1426, 'early_down_pass_rate': 0.0126, 'no_huddle_rate': 0.0687}",OL-injury / opp-pass-rush tags: nullable until OL lane lands
2026,PIT,3,6.3732,0.7188,"{'quick_game_rate': -0.2231, 'avg_air_yards_x10': 0.4258, 'shotgun_rate': 0.0156, 'early_down_pass_rate': -0.0324, 'no_huddle_rate': 0.0071}",OL-injury / opp-pass-rush tags: nullable until OL lane lands
2026,SEA,2,0.3884,0.3125,"{'quick_game_rate': -0.234, 'avg_air_yards_x10': 0.2314, 'shotgun_rate': -0.1375, 'early_down_pass_rate': -0.1524, 'no_huddle_rate': -0.0213}",OL-injury / opp-pass-rush tags: nullable until OL lane lands
2026,SEA,3,4.516,0.625,"{'quick_game_rate': 0.097, 'avg_air_yards_x10': -0.1269, 'shotgun_rate': 0.0893, 'early_down_pass_rate': 0.2757, 'no_huddle_rate': 0.0205}",OL-injury / opp-pass-rush tags: nullable until OL lane lands
2026,SF,2,0.4641,0.3438,"{'quick_game_rate': -0.2514, 'avg_air_yards_x10': 0.3799, 'shotgun_rate': -0.0602, 'early_down_pass_rate': -0.0615, 'no_huddle_rate': 0.0213}",OL-injury / opp-pass-rush tags: nullable until OL lane lands
2026,SF,3,4.8463,0.6562,"{'quick_game_rate': -0.3209, 'avg_air_yards_x10': 0.4607, 'shotgun_rate': 0.0776, 'early_down_pass_rate': 0.057, 'no_huddle_rate': -0.0106}",OL-injury / opp-pass-rush tags: nullable until OL lane lands
2026,TB,2,0.7374,0.5,"{'quick_game_rate': -0.1008, 'avg_air_yards_x10': 0.7275, 'shotgun_rate': 0.0639, 'early_down_pass_rate': 0.0168, 'no_huddle_rate': -0.0012}",OL-injury / opp-pass-rush tags: nullable until OL lane lands
2026,TB,3,21.3749,0.8906,"{'quick_game_rate': -0.0886, 'avg_air_yards_x10': 0.1904, 'shotgun_rate': 0.2315, 'early_down_pass_rate': 0.0084, 'no_huddle_rate': 0.012}",OL-injury / opp-pass-rush tags: nullable until OL lane lands
2026,TEN,2,0.5558,0.4062,"{'quick_game_rate': -0.1125, 'avg_air_yards_x10': 0.1062, 'shotgun_rate': -0.4453, 'early_down_pass_rate': -0.2433, 'no_huddle_rate': -0.1657}",OL-injury / opp-pass-rush tags: nullable until OL lane lands
2026,TEN,3,1.9634,0.5469,"{'quick_game_rate': 0.1048, 'avg_air_yards_x10': -0.0135, 'shotgun_rate': 0.12, 'early_down_pass_rate': -0.0191, 'no_huddle_rate': -0.0013}",OL-injury / opp-pass-rush tags: nullable until OL lane lands
2026,WAS,2,0.1327,0.0156,"{'quick_game_rate': 0.0445, 'avg_air_yards_x10': 0.0934, 'shotgun_rate': -0.0691, 'early_down_pass_rate': 0.02, 'no_huddle_rate': -0.0418}",OL-injury / opp-pass-rush tags: nullable until OL lane lands
2026,WAS,3,5.4954,0.6875,"{'quick_game_rate': 0.0526, 'avg_air_yards_x10': -0.179, 'shotgun_rate': 0.0123, 'early_down_pass_rate': -0.0206, 'no_huddle_rate': -0.0491}",OL-injury / opp-pass-rush tags: nullable until OL lane lands
