tau_hat,n,hamming_min,fallback,team,season,region,wp_bin,tau_hat_served,fallback_level,fit_stamp
,17,,True,ARI,2022,opp,0-20,0.7,league,point fit — not pre-kickoff. 2026 unit cells pool in-season weeks.
,9,,True,ARI,2022,opp,20-40,0.35,league_region,point fit — not pre-kickoff. 2026 unit cells pool in-season weeks.
,23,,True,ARI,2022,opp,40-60,0.35,league,point fit — not pre-kickoff. 2026 unit cells pool in-season weeks.
,7,,True,ARI,2022,opp,60-80,0.475,league,point fit — not pre-kickoff. 2026 unit cells pool in-season weeks.
,4,,True,ARI,2022,opp,80-100,0.35,league,point fit — not pre-kickoff. 2026 unit cells pool in-season weeks.
,22,,True,ARI,2022,own,0-20,0.5,pooled,point fit — not pre-kickoff. 2026 unit cells pool in-season weeks.
0.5,27,1.0,False,ARI,2022,own,20-40,0.5,unit,point fit — not pre-kickoff. 2026 unit cells pool in-season weeks.
,18,,True,ARI,2022,own,40-60,0.5,pooled,point fit — not pre-kickoff. 2026 unit cells pool in-season weeks.
,2,,True,ARI,2022,own,60-80,0.5,pooled,point fit — not pre-kickoff. 2026 unit cells pool in-season weeks.
,8,,True,ARI,2022,own,80-100,0.5,pooled,point fit — not pre-kickoff. 2026 unit cells pool in-season weeks.
,16,,True,ARI,2023,opp,0-20,0.7,league,point fit — not pre-kickoff. 2026 unit cells pool in-season weeks.
,14,,True,ARI,2023,opp,20-40,0.35,league_region,point fit — not pre-kickoff. 2026 unit cells pool in-season weeks.
,17,,True,ARI,2023,opp,40-60,0.35,league,point fit — not pre-kickoff. 2026 unit cells pool in-season weeks.
,6,,True,ARI,2023,opp,60-80,0.475,league,point fit — not pre-kickoff. 2026 unit cells pool in-season weeks.
,6,,True,ARI,2023,opp,80-100,0.35,league,point fit — not pre-kickoff. 2026 unit cells pool in-season weeks.
0.5,30,1.0,False,ARI,2023,own,0-20,0.5,unit,point fit — not pre-kickoff. 2026 unit cells pool in-season weeks.
,16,,True,ARI,2023,own,20-40,0.5,pooled,point fit — not pre-kickoff. 2026 unit cells pool in-season weeks.
,17,,True,ARI,2023,own,40-60,0.5,pooled,point fit — not pre-kickoff. 2026 unit cells pool in-season weeks.
,5,,True,ARI,2023,own,60-80,0.5,pooled,point fit — not pre-kickoff. 2026 unit cells pool in-season weeks.
,1,,True,ARI,2023,own,80-100,0.5,pooled,point fit — not pre-kickoff. 2026 unit cells pool in-season weeks.
,7,,True,ARI,2024,opp,0-20,0.7,league,point fit — not pre-kickoff. 2026 unit cells pool in-season weeks.
,10,,True,ARI,2024,opp,20-40,0.35,league_region,point fit — not pre-kickoff. 2026 unit cells pool in-season weeks.
,14,,True,ARI,2024,opp,40-60,0.35,league,point fit — not pre-kickoff. 2026 unit cells pool in-season weeks.
,6,,True,ARI,2024,opp,60-80,0.475,league,point fit — not pre-kickoff. 2026 unit cells pool in-season weeks.
,11,,True,ARI,2024,opp,80-100,0.35,league,point fit — not pre-kickoff. 2026 unit cells pool in-season weeks.
,17,,True,ARI,2024,own,0-20,0.5,league,point fit — not pre-kickoff. 2026 unit cells pool in-season weeks.
,17,,True,ARI,2024,own,20-40,0.5,league,point fit — not pre-kickoff. 2026 unit cells pool in-season weeks.
,12,,True,ARI,2024,own,40-60,0.25,league,point fit — not pre-kickoff. 2026 unit cells pool in-season weeks.
,3,,True,ARI,2024,own,60-80,0.5,league_region,point fit — not pre-kickoff. 2026 unit cells pool in-season weeks.
,6,,True,ARI,2024,own,80-100,0.5,league_region,point fit — not pre-kickoff. 2026 unit cells pool in-season weeks.
,16,,True,ARI,2025,opp,0-20,0.7,league,point fit — not pre-kickoff. 2026 unit cells pool in-season weeks.
,10,,True,ARI,2025,opp,20-40,0.35,league_region,point fit — not pre-kickoff. 2026 unit cells pool in-season weeks.
,15,,True,ARI,2025,opp,40-60,0.35,league,point fit — not pre-kickoff. 2026 unit cells pool in-season weeks.
,4,,True,ARI,2025,opp,60-80,0.475,league,point fit — not pre-kickoff. 2026 unit cells pool in-season weeks.
,7,,True,ARI,2025,opp,80-100,0.35,league,point fit — not pre-kickoff. 2026 unit cells pool in-season weeks.
,24,,True,ARI,2025,own,0-20,0.5,league,point fit — not pre-kickoff. 2026 unit cells pool in-season weeks.
,18,,True,ARI,2025,own,20-40,0.5,league,point fit — not pre-kickoff. 2026 unit cells pool in-season weeks.
,6,,True,ARI,2025,own,40-60,0.25,league,point fit — not pre-kickoff. 2026 unit cells pool in-season weeks.
,4,,True,ARI,2025,own,60-80,0.5,league_region,point fit — not pre-kickoff. 2026 unit cells pool in-season weeks.
,13,,True,ARI,2025,own,80-100,0.5,league_region,point fit — not pre-kickoff. 2026 unit cells pool in-season weeks.
,4,,True,ARI,2026,opp,0-20,0.7,league,point fit — not pre-kickoff. 2026 unit cells pool in-season weeks.
,2,,True,ARI,2026,opp,20-40,0.35,league_region,point fit — not pre-kickoff. 2026 unit cells pool in-season weeks.
,5,,True,ARI,2026,opp,40-60,0.35,league,point fit — not pre-kickoff. 2026 unit cells pool in-season weeks.
,1,,True,ARI,2026,opp,60-80,0.475,league,point fit — not pre-kickoff. 2026 unit cells pool in-season weeks.
,1,,True,ARI,2026,opp,80-100,0.35,league,point fit — not pre-kickoff. 2026 unit cells pool in-season weeks.
,4,,True,ARI,2026,own,0-20,0.5,league,point fit — not pre-kickoff. 2026 unit cells pool in-season weeks.
,2,,True,ARI,2026,own,20-40,0.5,league,point fit — not pre-kickoff. 2026 unit cells pool in-season weeks.
,2,,True,ARI,2026,own,40-60,0.25,league,point fit — not pre-kickoff. 2026 unit cells pool in-season weeks.
,1,,True,ARI,2026,own,60-80,0.5,league_region,point fit — not pre-kickoff. 2026 unit cells pool in-season weeks.
,1,,True,ARI,2026,own,80-100,0.5,league_region,point fit — not pre-kickoff. 2026 unit cells pool in-season weeks.
,12,,True,ATL,2022,opp,0-20,0.7,league,point fit — not pre-kickoff. 2026 unit cells pool in-season weeks.
,12,,True,ATL,2022,opp,20-40,0.35,league_region,point fit — not pre-kickoff. 2026 unit cells pool in-season weeks.
,14,,True,ATL,2022,opp,40-60,0.35,league,point fit — not pre-kickoff. 2026 unit cells pool in-season weeks.
,7,,True,ATL,2022,opp,60-80,0.475,league,point fit — not pre-kickoff. 2026 unit cells pool in-season weeks.
,7,,True,ATL,2022,opp,80-100,0.35,league,point fit — not pre-kickoff. 2026 unit cells pool in-season weeks.
,18,,True,ATL,2022,own,0-20,0.5,league,point fit — not pre-kickoff. 2026 unit cells pool in-season weeks.
,14,,True,ATL,2022,own,20-40,0.5,league,point fit — not pre-kickoff. 2026 unit cells pool in-season weeks.
,18,,True,ATL,2022,own,40-60,0.25,league,point fit — not pre-kickoff. 2026 unit cells pool in-season weeks.
,5,,True,ATL,2022,own,60-80,0.5,league_region,point fit — not pre-kickoff. 2026 unit cells pool in-season weeks.
,3,,True,ATL,2022,own,80-100,0.5,league_region,point fit — not pre-kickoff. 2026 unit cells pool in-season weeks.
,10,,True,ATL,2023,opp,0-20,0.7,league,point fit — not pre-kickoff. 2026 unit cells pool in-season weeks.
,10,,True,ATL,2023,opp,20-40,0.35,league_region,point fit — not pre-kickoff. 2026 unit cells pool in-season weeks.
,20,,True,ATL,2023,opp,40-60,0.35,league,point fit — not pre-kickoff. 2026 unit cells pool in-season weeks.
,11,,True,ATL,2023,opp,60-80,0.475,league,point fit — not pre-kickoff. 2026 unit cells pool in-season weeks.
,5,,True,ATL,2023,opp,80-100,0.35,league,point fit — not pre-kickoff. 2026 unit cells pool in-season weeks.
,21,,True,ATL,2023,own,0-20,0.5,league,point fit — not pre-kickoff. 2026 unit cells pool in-season weeks.
,17,,True,ATL,2023,own,20-40,0.5,league,point fit — not pre-kickoff. 2026 unit cells pool in-season weeks.
,21,,True,ATL,2023,own,40-60,0.25,league,point fit — not pre-kickoff. 2026 unit cells pool in-season weeks.
,8,,True,ATL,2023,own,60-80,0.5,league_region,point fit — not pre-kickoff. 2026 unit cells pool in-season weeks.
,4,,True,ATL,2023,own,80-100,0.5,league_region,point fit — not pre-kickoff. 2026 unit cells pool in-season weeks.
,10,,True,ATL,2024,opp,0-20,0.7,league,point fit — not pre-kickoff. 2026 unit cells pool in-season weeks.
,18,,True,ATL,2024,opp,20-40,0.35,league_region,point fit — not pre-kickoff. 2026 unit cells pool in-season weeks.
,23,,True,ATL,2024,opp,40-60,0.35,league,point fit — not pre-kickoff. 2026 unit cells pool in-season weeks.
,14,,True,ATL,2024,opp,60-80,0.475,league,point fit — not pre-kickoff. 2026 unit cells pool in-season weeks.
,9,,True,ATL,2024,opp,80-100,0.35,league,point fit — not pre-kickoff. 2026 unit cells pool in-season weeks.
,8,,True,ATL,2024,own,0-20,0.5,league,point fit — not pre-kickoff. 2026 unit cells pool in-season weeks.
,11,,True,ATL,2024,own,20-40,0.5,league,point fit — not pre-kickoff. 2026 unit cells pool in-season weeks.
,12,,True,ATL,2024,own,40-60,0.25,league,point fit — not pre-kickoff. 2026 unit cells pool in-season weeks.
,5,,True,ATL,2024,own,60-80,0.5,league_region,point fit — not pre-kickoff. 2026 unit cells pool in-season weeks.
,6,,True,ATL,2024,own,80-100,0.5,league_region,point fit — not pre-kickoff. 2026 unit cells pool in-season weeks.
,5,,True,ATL,2025,opp,0-20,0.35,pooled,point fit — not pre-kickoff. 2026 unit cells pool in-season weeks.
,16,,True,ATL,2025,opp,20-40,0.35,pooled,point fit — not pre-kickoff. 2026 unit cells pool in-season weeks.
0.35,25,0.32,False,ATL,2025,opp,40-60,0.35,unit,point fit — not pre-kickoff. 2026 unit cells pool in-season weeks.
,12,,True,ATL,2025,opp,60-80,0.35,pooled,point fit — not pre-kickoff. 2026 unit cells pool in-season weeks.
,11,,True,ATL,2025,opp,80-100,0.35,pooled,point fit — not pre-kickoff. 2026 unit cells pool in-season weeks.
,10,,True,ATL,2025,own,0-20,0.5,league,point fit — not pre-kickoff. 2026 unit cells pool in-season weeks.
,12,,True,ATL,2025,own,20-40,0.5,league,point fit — not pre-kickoff. 2026 unit cells pool in-season weeks.
,18,,True,ATL,2025,own,40-60,0.25,league,point fit — not pre-kickoff. 2026 unit cells pool in-season weeks.
,13,,True,ATL,2025,own,60-80,0.5,league_region,point fit — not pre-kickoff. 2026 unit cells pool in-season weeks.
,7,,True,ATL,2025,own,80-100,0.5,league_region,point fit — not pre-kickoff. 2026 unit cells pool in-season weeks.
,5,,True,ATL,2026,opp,0-20,0.7,league,point fit — not pre-kickoff. 2026 unit cells pool in-season weeks.
,5,,True,ATL,2026,opp,20-40,0.35,league_region,point fit — not pre-kickoff. 2026 unit cells pool in-season weeks.
,2,,True,ATL,2026,opp,40-60,0.35,league,point fit — not pre-kickoff. 2026 unit cells pool in-season weeks.
,1,,True,ATL,2026,opp,80-100,0.35,league,point fit — not pre-kickoff. 2026 unit cells pool in-season weeks.
,2,,True,ATL,2026,own,0-20,0.5,league,point fit — not pre-kickoff. 2026 unit cells pool in-season weeks.
,5,,True,ATL,2026,own,20-40,0.5,league,point fit — not pre-kickoff. 2026 unit cells pool in-season weeks.
,1,,True,ATL,2026,own,40-60,0.25,league,point fit — not pre-kickoff. 2026 unit cells pool in-season weeks.
,8,,True,BAL,2022,opp,0-20,0.35,pooled,point fit — not pre-kickoff. 2026 unit cells pool in-season weeks.
,6,,True,BAL,2022,opp,20-40,0.35,pooled,point fit — not pre-kickoff. 2026 unit cells pool in-season weeks.
0.35,25,0.36,False,BAL,2022,opp,40-60,0.35,unit,point fit — not pre-kickoff. 2026 unit cells pool in-season weeks.
,13,,True,BAL,2022,opp,60-80,0.35,pooled,point fit — not pre-kickoff. 2026 unit cells pool in-season weeks.
,17,,True,BAL,2022,opp,80-100,0.35,pooled,point fit — not pre-kickoff. 2026 unit cells pool in-season weeks.
,9,,True,BAL,2022,own,0-20,0.5,league,point fit — not pre-kickoff. 2026 unit cells pool in-season weeks.
,9,,True,BAL,2022,own,20-40,0.5,league,point fit — not pre-kickoff. 2026 unit cells pool in-season weeks.
,18,,True,BAL,2022,own,40-60,0.25,league,point fit — not pre-kickoff. 2026 unit cells pool in-season weeks.
,10,,True,BAL,2022,own,60-80,0.5,league_region,point fit — not pre-kickoff. 2026 unit cells pool in-season weeks.
,8,,True,BAL,2022,own,80-100,0.5,league_region,point fit — not pre-kickoff. 2026 unit cells pool in-season weeks.
,5,,True,BAL,2023,opp,0-20,0.45,pooled,point fit — not pre-kickoff. 2026 unit cells pool in-season weeks.
,4,,True,BAL,2023,opp,20-40,0.45,pooled,point fit — not pre-kickoff. 2026 unit cells pool in-season weeks.
,13,,True,BAL,2023,opp,40-60,0.45,pooled,point fit — not pre-kickoff. 2026 unit cells pool in-season weeks.
,17,,True,BAL,2023,opp,60-80,0.45,pooled,point fit — not pre-kickoff. 2026 unit cells pool in-season weeks.
0.45,27,0.6666666666666666,False,BAL,2023,opp,80-100,0.45,unit,point fit — not pre-kickoff. 2026 unit cells pool in-season weeks.
,3,,True,BAL,2023,own,0-20,0.5,league,point fit — not pre-kickoff. 2026 unit cells pool in-season weeks.
,13,,True,BAL,2023,own,20-40,0.5,league,point fit — not pre-kickoff. 2026 unit cells pool in-season weeks.
,16,,True,BAL,2023,own,40-60,0.25,league,point fit — not pre-kickoff. 2026 unit cells pool in-season weeks.
,18,,True,BAL,2023,own,60-80,0.5,league_region,point fit — not pre-kickoff. 2026 unit cells pool in-season weeks.
,14,,True,BAL,2023,own,80-100,0.5,league_region,point fit — not pre-kickoff. 2026 unit cells pool in-season weeks.
,4,,True,BAL,2024,opp,0-20,0.7,league,point fit — not pre-kickoff. 2026 unit cells pool in-season weeks.
,11,,True,BAL,2024,opp,20-40,0.35,league_region,point fit — not pre-kickoff. 2026 unit cells pool in-season weeks.
,10,,True,BAL,2024,opp,40-60,0.35,league,point fit — not pre-kickoff. 2026 unit cells pool in-season weeks.
,11,,True,BAL,2024,opp,60-80,0.475,league,point fit — not pre-kickoff. 2026 unit cells pool in-season weeks.
,15,,True,BAL,2024,opp,80-100,0.35,league,point fit — not pre-kickoff. 2026 unit cells pool in-season weeks.
,5,,True,BAL,2024,own,0-20,0.5,league,point fit — not pre-kickoff. 2026 unit cells pool in-season weeks.
,15,,True,BAL,2024,own,20-40,0.5,league,point fit — not pre-kickoff. 2026 unit cells pool in-season weeks.
,8,,True,BAL,2024,own,40-60,0.25,league,point fit — not pre-kickoff. 2026 unit cells pool in-season weeks.
,7,,True,BAL,2024,own,60-80,0.5,league_region,point fit — not pre-kickoff. 2026 unit cells pool in-season weeks.
,17,,True,BAL,2024,own,80-100,0.5,league_region,point fit — not pre-kickoff. 2026 unit cells pool in-season weeks.
,6,,True,BAL,2025,opp,0-20,0.7,league,point fit — not pre-kickoff. 2026 unit cells pool in-season weeks.
,10,,True,BAL,2025,opp,20-40,0.35,league_region,point fit — not pre-kickoff. 2026 unit cells pool in-season weeks.
,13,,True,BAL,2025,opp,40-60,0.35,league,point fit — not pre-kickoff. 2026 unit cells pool in-season weeks.
,11,,True,BAL,2025,opp,60-80,0.475,league,point fit — not pre-kickoff. 2026 unit cells pool in-season weeks.
,10,,True,BAL,2025,opp,80-100,0.35,league,point fit — not pre-kickoff. 2026 unit cells pool in-season weeks.
,12,,True,BAL,2025,own,0-20,0.5,league,point fit — not pre-kickoff. 2026 unit cells pool in-season weeks.
,14,,True,BAL,2025,own,20-40,0.5,league,point fit — not pre-kickoff. 2026 unit cells pool in-season weeks.
,12,,True,BAL,2025,own,40-60,0.25,league,point fit — not pre-kickoff. 2026 unit cells pool in-season weeks.
,10,,True,BAL,2025,own,60-80,0.5,league_region,point fit — not pre-kickoff. 2026 unit cells pool in-season weeks.
,10,,True,BAL,2025,own,80-100,0.5,league_region,point fit — not pre-kickoff. 2026 unit cells pool in-season weeks.
,4,,True,BAL,2026,opp,60-80,0.475,league,point fit — not pre-kickoff. 2026 unit cells pool in-season weeks.
,3,,True,BAL,2026,opp,80-100,0.35,league,point fit — not pre-kickoff. 2026 unit cells pool in-season weeks.
,3,,True,BAL,2026,own,20-40,0.5,league,point fit — not pre-kickoff. 2026 unit cells pool in-season weeks.
,3,,True,BAL,2026,own,40-60,0.25,league,point fit — not pre-kickoff. 2026 unit cells pool in-season weeks.
,3,,True,BAL,2026,own,80-100,0.5,league_region,point fit — not pre-kickoff. 2026 unit cells pool in-season weeks.
,2,,True,BUF,2022,opp,0-20,0.7,league,point fit — not pre-kickoff. 2026 unit cells pool in-season weeks.
,8,,True,BUF,2022,opp,20-40,0.35,league_region,point fit — not pre-kickoff. 2026 unit cells pool in-season weeks.
,15,,True,BUF,2022,opp,40-60,0.35,league,point fit — not pre-kickoff. 2026 unit cells pool in-season weeks.
,9,,True,BUF,2022,opp,60-80,0.475,league,point fit — not pre-kickoff. 2026 unit cells pool in-season weeks.
,16,,True,BUF,2022,opp,80-100,0.35,league,point fit — not pre-kickoff. 2026 unit cells pool in-season weeks.
,5,,True,BUF,2022,own,0-20,0.5,league,point fit — not pre-kickoff. 2026 unit cells pool in-season weeks.
,12,,True,BUF,2022,own,20-40,0.5,league,point fit — not pre-kickoff. 2026 unit cells pool in-season weeks.
,11,,True,BUF,2022,own,40-60,0.25,league,point fit — not pre-kickoff. 2026 unit cells pool in-season weeks.
,9,,True,BUF,2022,own,60-80,0.5,league_region,point fit — not pre-kickoff. 2026 unit cells pool in-season weeks.
,13,,True,BUF,2022,own,80-100,0.5,league_region,point fit — not pre-kickoff. 2026 unit cells pool in-season weeks.
,1,,True,BUF,2023,opp,0-20,0.7,league,point fit — not pre-kickoff. 2026 unit cells pool in-season weeks.
,9,,True,BUF,2023,opp,20-40,0.35,league_region,point fit — not pre-kickoff. 2026 unit cells pool in-season weeks.
,13,,True,BUF,2023,opp,40-60,0.35,league,point fit — not pre-kickoff. 2026 unit cells pool in-season weeks.
,13,,True,BUF,2023,opp,60-80,0.475,league,point fit — not pre-kickoff. 2026 unit cells pool in-season weeks.
,24,,True,BUF,2023,opp,80-100,0.35,league,point fit — not pre-kickoff. 2026 unit cells pool in-season weeks.
,4,,True,BUF,2023,own,0-20,0.5,league,point fit — not pre-kickoff. 2026 unit cells pool in-season weeks.
,21,,True,BUF,2023,own,20-40,0.5,league,point fit — not pre-kickoff. 2026 unit cells pool in-season weeks.
,10,,True,BUF,2023,own,40-60,0.25,league,point fit — not pre-kickoff. 2026 unit cells pool in-season weeks.
,5,,True,BUF,2023,own,60-80,0.5,league_region,point fit — not pre-kickoff. 2026 unit cells pool in-season weeks.
,10,,True,BUF,2023,own,80-100,0.5,league_region,point fit — not pre-kickoff. 2026 unit cells pool in-season weeks.
,4,,True,BUF,2024,opp,0-20,0.7,league,point fit — not pre-kickoff. 2026 unit cells pool in-season weeks.
,11,,True,BUF,2024,opp,20-40,0.35,league_region,point fit — not pre-kickoff. 2026 unit cells pool in-season weeks.
,17,,True,BUF,2024,opp,40-60,0.35,league,point fit — not pre-kickoff. 2026 unit cells pool in-season weeks.
,16,,True,BUF,2024,opp,60-80,0.475,league,point fit — not pre-kickoff. 2026 unit cells pool in-season weeks.
,22,,True,BUF,2024,opp,80-100,0.35,league,point fit — not pre-kickoff. 2026 unit cells pool in-season weeks.
,10,,True,BUF,2024,own,0-20,0.5,league,point fit — not pre-kickoff. 2026 unit cells pool in-season weeks.
,15,,True,BUF,2024,own,20-40,0.5,league,point fit — not pre-kickoff. 2026 unit cells pool in-season weeks.
,12,,True,BUF,2024,own,40-60,0.25,league,point fit — not pre-kickoff. 2026 unit cells pool in-season weeks.
,9,,True,BUF,2024,own,60-80,0.5,league_region,point fit — not pre-kickoff. 2026 unit cells pool in-season weeks.
,10,,True,BUF,2024,own,80-100,0.5,league_region,point fit — not pre-kickoff. 2026 unit cells pool in-season weeks.
,6,,True,BUF,2025,opp,0-20,0.7,league,point fit — not pre-kickoff. 2026 unit cells pool in-season weeks.
,14,,True,BUF,2025,opp,20-40,0.35,league_region,point fit — not pre-kickoff. 2026 unit cells pool in-season weeks.
,14,,True,BUF,2025,opp,40-60,0.35,league,point fit — not pre-kickoff. 2026 unit cells pool in-season weeks.
,14,,True,BUF,2025,opp,60-80,0.475,league,point fit — not pre-kickoff. 2026 unit cells pool in-season weeks.
,17,,True,BUF,2025,opp,80-100,0.35,league,point fit — not pre-kickoff. 2026 unit cells pool in-season weeks.
,14,,True,BUF,2025,own,0-20,0.5,league,point fit — not pre-kickoff. 2026 unit cells pool in-season weeks.
,7,,True,BUF,2025,own,20-40,0.5,league,point fit — not pre-kickoff. 2026 unit cells pool in-season weeks.
,12,,True,BUF,2025,own,40-60,0.25,league,point fit — not pre-kickoff. 2026 unit cells pool in-season weeks.
,6,,True,BUF,2025,own,60-80,0.5,league_region,point fit — not pre-kickoff. 2026 unit cells pool in-season weeks.
,8,,True,BUF,2025,own,80-100,0.5,league_region,point fit — not pre-kickoff. 2026 unit cells pool in-season weeks.
,2,,True,BUF,2026,opp,20-40,0.35,league_region,point fit — not pre-kickoff. 2026 unit cells pool in-season weeks.
,3,,True,BUF,2026,opp,40-60,0.35,league,point fit — not pre-kickoff. 2026 unit cells pool in-season weeks.
,1,,True,BUF,2026,opp,60-80,0.475,league,point fit — not pre-kickoff. 2026 unit cells pool in-season weeks.
,1,,True,BUF,2026,opp,80-100,0.35,league,point fit — not pre-kickoff. 2026 unit cells pool in-season weeks.
,3,,True,BUF,2026,own,20-40,0.5,league,point fit — not pre-kickoff. 2026 unit cells pool in-season weeks.
,1,,True,BUF,2026,own,40-60,0.25,league,point fit — not pre-kickoff. 2026 unit cells pool in-season weeks.
,1,,True,BUF,2026,own,80-100,0.5,league_region,point fit — not pre-kickoff. 2026 unit cells pool in-season weeks.
,8,,True,CAR,2022,opp,0-20,0.7,league,point fit — not pre-kickoff. 2026 unit cells pool in-season weeks.
,7,,True,CAR,2022,opp,20-40,0.35,league_region,point fit — not pre-kickoff. 2026 unit cells pool in-season weeks.
,11,,True,CAR,2022,opp,40-60,0.35,league,point fit — not pre-kickoff. 2026 unit cells pool in-season weeks.
,8,,True,CAR,2022,opp,60-80,0.475,league,point fit — not pre-kickoff. 2026 unit cells pool in-season weeks.
,19,,True,CAR,2022,opp,80-100,0.35,league,point fit — not pre-kickoff. 2026 unit cells pool in-season weeks.
,13,,True,CAR,2022,own,0-20,0.25,pooled,point fit — not pre-kickoff. 2026 unit cells pool in-season weeks.
,20,,True,CAR,2022,own,20-40,0.25,pooled,point fit — not pre-kickoff. 2026 unit cells pool in-season weeks.
0.25,28,0.25,False,CAR,2022,own,40-60,0.25,unit,point fit — not pre-kickoff. 2026 unit cells pool in-season weeks.
,13,,True,CAR,2022,own,60-80,0.25,pooled,point fit — not pre-kickoff. 2026 unit cells pool in-season weeks.
,5,,True,CAR,2022,own,80-100,0.25,pooled,point fit — not pre-kickoff. 2026 unit cells pool in-season weeks.
,22,,True,CAR,2023,opp,0-20,0.7,league,point fit — not pre-kickoff. 2026 unit cells pool in-season weeks.
,21,,True,CAR,2023,opp,20-40,0.35,league_region,point fit — not pre-kickoff. 2026 unit cells pool in-season weeks.
,14,,True,CAR,2023,opp,40-60,0.35,league,point fit — not pre-kickoff. 2026 unit cells pool in-season weeks.
,7,,True,CAR,2023,opp,60-80,0.475,league,point fit — not pre-kickoff. 2026 unit cells pool in-season weeks.
,1,,True,CAR,2023,opp,80-100,0.35,league,point fit — not pre-kickoff. 2026 unit cells pool in-season weeks.
0.5,34,1.0,False,CAR,2023,own,0-20,0.5,unit,point fit — not pre-kickoff. 2026 unit cells pool in-season weeks.
0.5,26,1.0,False,CAR,2023,own,20-40,0.5,unit,point fit — not pre-kickoff. 2026 unit cells pool in-season weeks.
0.25,27,0.37037037037037035,False,CAR,2023,own,40-60,0.25,unit,point fit — not pre-kickoff. 2026 unit cells pool in-season weeks.
,6,,True,CAR,2023,own,60-80,0.5,pooled,point fit — not pre-kickoff. 2026 unit cells pool in-season weeks.
,16,,True,CAR,2024,opp,0-20,0.7,league,point fit — not pre-kickoff. 2026 unit cells pool in-season weeks.
,10,,True,CAR,2024,opp,20-40,0.35,league_region,point fit — not pre-kickoff. 2026 unit cells pool in-season weeks.
,9,,True,CAR,2024,opp,40-60,0.35,league,point fit — not pre-kickoff. 2026 unit cells pool in-season weeks.
,11,,True,CAR,2024,opp,60-80,0.475,league,point fit — not pre-kickoff. 2026 unit cells pool in-season weeks.
,5,,True,CAR,2024,opp,80-100,0.35,league,point fit — not pre-kickoff. 2026 unit cells pool in-season weeks.
0.5,34,1.0,False,CAR,2024,own,0-20,0.5,unit,point fit — not pre-kickoff. 2026 unit cells pool in-season weeks.
,17,,True,CAR,2024,own,20-40,0.5,pooled,point fit — not pre-kickoff. 2026 unit cells pool in-season weeks.
,13,,True,CAR,2024,own,40-60,0.5,pooled,point fit — not pre-kickoff. 2026 unit cells pool in-season weeks.
,8,,True,CAR,2024,own,60-80,0.5,pooled,point fit — not pre-kickoff. 2026 unit cells pool in-season weeks.
,4,,True,CAR,2024,own,80-100,0.5,pooled,point fit — not pre-kickoff. 2026 unit cells pool in-season weeks.
,16,,True,CAR,2025,opp,0-20,0.7,league,point fit — not pre-kickoff. 2026 unit cells pool in-season weeks.
,13,,True,CAR,2025,opp,20-40,0.35,league_region,point fit — not pre-kickoff. 2026 unit cells pool in-season weeks.
,20,,True,CAR,2025,opp,40-60,0.35,league,point fit — not pre-kickoff. 2026 unit cells pool in-season weeks.
,11,,True,CAR,2025,opp,60-80,0.475,league,point fit — not pre-kickoff. 2026 unit cells pool in-season weeks.
,7,,True,CAR,2025,opp,80-100,0.35,league,point fit — not pre-kickoff. 2026 unit cells pool in-season weeks.
,15,,True,CAR,2025,own,0-20,0.5,league,point fit — not pre-kickoff. 2026 unit cells pool in-season weeks.
,21,,True,CAR,2025,own,20-40,0.5,league,point fit — not pre-kickoff. 2026 unit cells pool in-season weeks.
,13,,True,CAR,2025,own,40-60,0.25,league,point fit — not pre-kickoff. 2026 unit cells pool in-season weeks.
,6,,True,CAR,2025,own,60-80,0.5,league_region,point fit — not pre-kickoff. 2026 unit cells pool in-season weeks.
,6,,True,CAR,2025,own,80-100,0.5,league_region,point fit — not pre-kickoff. 2026 unit cells pool in-season weeks.
,1,,True,CAR,2026,opp,0-20,0.7,league,point fit — not pre-kickoff. 2026 unit cells pool in-season weeks.
,4,,True,CAR,2026,opp,20-40,0.35,league_region,point fit — not pre-kickoff. 2026 unit cells pool in-season weeks.
,4,,True,CAR,2026,opp,40-60,0.35,league,point fit — not pre-kickoff. 2026 unit cells pool in-season weeks.
,1,,True,CAR,2026,opp,60-80,0.475,league,point fit — not pre-kickoff. 2026 unit cells pool in-season weeks.
,2,,True,CAR,2026,opp,80-100,0.35,league,point fit — not pre-kickoff. 2026 unit cells pool in-season weeks.
,1,,True,CAR,2026,own,0-20,0.5,league,point fit — not pre-kickoff. 2026 unit cells pool in-season weeks.
,5,,True,CAR,2026,own,20-40,0.5,league,point fit — not pre-kickoff. 2026 unit cells pool in-season weeks.
,1,,True,CAR,2026,own,40-60,0.25,league,point fit — not pre-kickoff. 2026 unit cells pool in-season weeks.
,2,,True,CAR,2026,own,60-80,0.5,league_region,point fit — not pre-kickoff. 2026 unit cells pool in-season weeks.
,2,,True,CAR,2026,own,80-100,0.5,league_region,point fit — not pre-kickoff. 2026 unit cells pool in-season weeks.
,12,,True,CHI,2022,opp,0-20,0.7,league,point fit — not pre-kickoff. 2026 unit cells pool in-season weeks.
,10,,True,CHI,2022,opp,20-40,0.35,league_region,point fit — not pre-kickoff. 2026 unit cells pool in-season weeks.
,18,,True,CHI,2022,opp,40-60,0.35,league,point fit — not pre-kickoff. 2026 unit cells pool in-season weeks.
,7,,True,CHI,2022,opp,60-80,0.475,league,point fit — not pre-kickoff. 2026 unit cells pool in-season weeks.
,5,,True,CHI,2022,opp,80-100,0.35,league,point fit — not pre-kickoff. 2026 unit cells pool in-season weeks.
0.5,29,1.0,False,CHI,2022,own,0-20,0.5,unit,point fit — not pre-kickoff. 2026 unit cells pool in-season weeks.
,17,,True,CHI,2022,own,20-40,0.5,pooled,point fit — not pre-kickoff. 2026 unit cells pool in-season weeks.
,15,,True,CHI,2022,own,40-60,0.5,pooled,point fit — not pre-kickoff. 2026 unit cells pool in-season weeks.
,2,,True,CHI,2022,own,60-80,0.5,pooled,point fit — not pre-kickoff. 2026 unit cells pool in-season weeks.
,2,,True,CHI,2022,own,80-100,0.5,pooled,point fit — not pre-kickoff. 2026 unit cells pool in-season weeks.
,9,,True,CHI,2023,opp,0-20,0.7,league,point fit — not pre-kickoff. 2026 unit cells pool in-season weeks.
,9,,True,CHI,2023,opp,20-40,0.35,league_region,point fit — not pre-kickoff. 2026 unit cells pool in-season weeks.
,19,,True,CHI,2023,opp,40-60,0.35,league,point fit — not pre-kickoff. 2026 unit cells pool in-season weeks.
,8,,True,CHI,2023,opp,60-80,0.475,league,point fit — not pre-kickoff. 2026 unit cells pool in-season weeks.
,20,,True,CHI,2023,opp,80-100,0.35,league,point fit — not pre-kickoff. 2026 unit cells pool in-season weeks.
,13,,True,CHI,2023,own,0-20,0.5,league,point fit — not pre-kickoff. 2026 unit cells pool in-season weeks.
,10,,True,CHI,2023,own,20-40,0.5,league,point fit — not pre-kickoff. 2026 unit cells pool in-season weeks.
,20,,True,CHI,2023,own,40-60,0.25,league,point fit — not pre-kickoff. 2026 unit cells pool in-season weeks.
,7,,True,CHI,2023,own,60-80,0.5,league_region,point fit — not pre-kickoff. 2026 unit cells pool in-season weeks.
,15,,True,CHI,2023,own,80-100,0.5,league_region,point fit — not pre-kickoff. 2026 unit cells pool in-season weeks.
,22,,True,CHI,2024,opp,0-20,0.7,league,point fit — not pre-kickoff. 2026 unit cells pool in-season weeks.
,14,,True,CHI,2024,opp,20-40,0.35,league_region,point fit — not pre-kickoff. 2026 unit cells pool in-season weeks.
,18,,True,CHI,2024,opp,40-60,0.35,league,point fit — not pre-kickoff. 2026 unit cells pool in-season weeks.
,4,,True,CHI,2024,opp,60-80,0.475,league,point fit — not pre-kickoff. 2026 unit cells pool in-season weeks.
,7,,True,CHI,2024,opp,80-100,0.35,league,point fit — not pre-kickoff. 2026 unit cells pool in-season weeks.
0.5,31,1.0,False,CHI,2024,own,0-20,0.5,unit,point fit — not pre-kickoff. 2026 unit cells pool in-season weeks.
0.5,26,1.0,False,CHI,2024,own,20-40,0.5,unit,point fit — not pre-kickoff. 2026 unit cells pool in-season weeks.
,14,,True,CHI,2024,own,40-60,0.5,pooled,point fit — not pre-kickoff. 2026 unit cells pool in-season weeks.
,1,,True,CHI,2024,own,60-80,0.5,pooled,point fit — not pre-kickoff. 2026 unit cells pool in-season weeks.
,5,,True,CHI,2024,own,80-100,0.5,pooled,point fit — not pre-kickoff. 2026 unit cells pool in-season weeks.
,16,,True,CHI,2025,opp,0-20,0.7,league,point fit — not pre-kickoff. 2026 unit cells pool in-season weeks.
,15,,True,CHI,2025,opp,20-40,0.35,league_region,point fit — not pre-kickoff. 2026 unit cells pool in-season weeks.
,23,,True,CHI,2025,opp,40-60,0.35,league,point fit — not pre-kickoff. 2026 unit cells pool in-season weeks.
,15,,True,CHI,2025,opp,60-80,0.475,league,point fit — not pre-kickoff. 2026 unit cells pool in-season weeks.
,14,,True,CHI,2025,opp,80-100,0.35,league,point fit — not pre-kickoff. 2026 unit cells pool in-season weeks.
,11,,True,CHI,2025,own,0-20,0.5,league,point fit — not pre-kickoff. 2026 unit cells pool in-season weeks.
,15,,True,CHI,2025,own,20-40,0.5,league,point fit — not pre-kickoff. 2026 unit cells pool in-season weeks.
,13,,True,CHI,2025,own,40-60,0.25,league,point fit — not pre-kickoff. 2026 unit cells pool in-season weeks.
,13,,True,CHI,2025,own,60-80,0.5,league_region,point fit — not pre-kickoff. 2026 unit cells pool in-season weeks.
,10,,True,CHI,2025,own,80-100,0.5,league_region,point fit — not pre-kickoff. 2026 unit cells pool in-season weeks.
,1,,True,CHI,2026,opp,20-40,0.35,league_region,point fit — not pre-kickoff. 2026 unit cells pool in-season weeks.
,7,,True,CHI,2026,opp,40-60,0.35,league,point fit — not pre-kickoff. 2026 unit cells pool in-season weeks.
,2,,True,CHI,2026,opp,60-80,0.475,league,point fit — not pre-kickoff. 2026 unit cells pool in-season weeks.
,3,,True,CHI,2026,opp,80-100,0.35,league,point fit — not pre-kickoff. 2026 unit cells pool in-season weeks.
,3,,True,CHI,2026,own,20-40,0.5,league,point fit — not pre-kickoff. 2026 unit cells pool in-season weeks.
,1,,True,CHI,2026,own,40-60,0.25,league,point fit — not pre-kickoff. 2026 unit cells pool in-season weeks.
,2,,True,CHI,2026,own,60-80,0.5,league_region,point fit — not pre-kickoff. 2026 unit cells pool in-season weeks.
,1,,True,CHI,2026,own,80-100,0.5,league_region,point fit — not pre-kickoff. 2026 unit cells pool in-season weeks.
,12,,True,CIN,2022,opp,0-20,0.7,league,point fit — not pre-kickoff. 2026 unit cells pool in-season weeks.
,7,,True,CIN,2022,opp,20-40,0.35,league_region,point fit — not pre-kickoff. 2026 unit cells pool in-season weeks.
,8,,True,CIN,2022,opp,40-60,0.35,league,point fit — not pre-kickoff. 2026 unit cells pool in-season weeks.
,8,,True,CIN,2022,opp,60-80,0.475,league,point fit — not pre-kickoff. 2026 unit cells pool in-season weeks.
,15,,True,CIN,2022,opp,80-100,0.35,league,point fit — not pre-kickoff. 2026 unit cells pool in-season weeks.
,11,,True,CIN,2022,own,0-20,0.5,league,point fit — not pre-kickoff. 2026 unit cells pool in-season weeks.
,16,,True,CIN,2022,own,20-40,0.5,league,point fit — not pre-kickoff. 2026 unit cells pool in-season weeks.
,9,,True,CIN,2022,own,40-60,0.25,league,point fit — not pre-kickoff. 2026 unit cells pool in-season weeks.
,4,,True,CIN,2022,own,60-80,0.5,league_region,point fit — not pre-kickoff. 2026 unit cells pool in-season weeks.
,22,,True,CIN,2022,own,80-100,0.5,league_region,point fit — not pre-kickoff. 2026 unit cells pool in-season weeks.
,10,,True,CIN,2023,opp,0-20,0.7,league,point fit — not pre-kickoff. 2026 unit cells pool in-season weeks.
,11,,True,CIN,2023,opp,20-40,0.35,league_region,point fit — not pre-kickoff. 2026 unit cells pool in-season weeks.
,13,,True,CIN,2023,opp,40-60,0.35,league,point fit — not pre-kickoff. 2026 unit cells pool in-season weeks.
,12,,True,CIN,2023,opp,60-80,0.475,league,point fit — not pre-kickoff. 2026 unit cells pool in-season weeks.
,12,,True,CIN,2023,opp,80-100,0.35,league,point fit — not pre-kickoff. 2026 unit cells pool in-season weeks.
,18,,True,CIN,2023,own,0-20,0.5,league,point fit — not pre-kickoff. 2026 unit cells pool in-season weeks.
,22,,True,CIN,2023,own,20-40,0.5,league,point fit — not pre-kickoff. 2026 unit cells pool in-season weeks.
,6,,True,CIN,2023,own,40-60,0.25,league,point fit — not pre-kickoff. 2026 unit cells pool in-season weeks.
,10,,True,CIN,2023,own,60-80,0.5,league_region,point fit — not pre-kickoff. 2026 unit cells pool in-season weeks.
,11,,True,CIN,2023,own,80-100,0.5,league_region,point fit — not pre-kickoff. 2026 unit cells pool in-season weeks.
,6,,True,CIN,2024,opp,0-20,0.7,league,point fit — not pre-kickoff. 2026 unit cells pool in-season weeks.
,5,,True,CIN,2024,opp,20-40,0.35,league_region,point fit — not pre-kickoff. 2026 unit cells pool in-season weeks.
,20,,True,CIN,2024,opp,40-60,0.35,league,point fit — not pre-kickoff. 2026 unit cells pool in-season weeks.
,14,,True,CIN,2024,opp,60-80,0.475,league,point fit — not pre-kickoff. 2026 unit cells pool in-season weeks.
,10,,True,CIN,2024,opp,80-100,0.35,league,point fit — not pre-kickoff. 2026 unit cells pool in-season weeks.
,5,,True,CIN,2024,own,0-20,0.5,league,point fit — not pre-kickoff. 2026 unit cells pool in-season weeks.
,11,,True,CIN,2024,own,20-40,0.5,league,point fit — not pre-kickoff. 2026 unit cells pool in-season weeks.
,14,,True,CIN,2024,own,40-60,0.25,league,point fit — not pre-kickoff. 2026 unit cells pool in-season weeks.
,9,,True,CIN,2024,own,60-80,0.5,league_region,point fit — not pre-kickoff. 2026 unit cells pool in-season weeks.
,10,,True,CIN,2024,own,80-100,0.5,league_region,point fit — not pre-kickoff. 2026 unit cells pool in-season weeks.
,15,,True,CIN,2025,opp,0-20,0.7,league,point fit — not pre-kickoff. 2026 unit cells pool in-season weeks.
,11,,True,CIN,2025,opp,20-40,0.35,league_region,point fit — not pre-kickoff. 2026 unit cells pool in-season weeks.
,10,,True,CIN,2025,opp,40-60,0.35,league,point fit — not pre-kickoff. 2026 unit cells pool in-season weeks.
,9,,True,CIN,2025,opp,60-80,0.475,league,point fit — not pre-kickoff. 2026 unit cells pool in-season weeks.
,8,,True,CIN,2025,opp,80-100,0.35,league,point fit — not pre-kickoff. 2026 unit cells pool in-season weeks.
,21,,True,CIN,2025,own,0-20,0.5,league,point fit — not pre-kickoff. 2026 unit cells pool in-season weeks.
,20,,True,CIN,2025,own,20-40,0.5,league,point fit — not pre-kickoff. 2026 unit cells pool in-season weeks.
,10,,True,CIN,2025,own,40-60,0.25,league,point fit — not pre-kickoff. 2026 unit cells pool in-season weeks.
,5,,True,CIN,2025,own,60-80,0.5,league_region,point fit — not pre-kickoff. 2026 unit cells pool in-season weeks.
,2,,True,CIN,2025,own,80-100,0.5,league_region,point fit — not pre-kickoff. 2026 unit cells pool in-season weeks.
,2,,True,CIN,2026,opp,20-40,0.35,league_region,point fit — not pre-kickoff. 2026 unit cells pool in-season weeks.
,3,,True,CIN,2026,opp,40-60,0.35,league,point fit — not pre-kickoff. 2026 unit cells pool in-season weeks.
,1,,True,CIN,2026,opp,60-80,0.475,league,point fit — not pre-kickoff. 2026 unit cells pool in-season weeks.
,6,,True,CIN,2026,opp,80-100,0.35,league,point fit — not pre-kickoff. 2026 unit cells pool in-season weeks.
,4,,True,CIN,2026,own,20-40,0.5,league,point fit — not pre-kickoff. 2026 unit cells pool in-season weeks.
,3,,True,CIN,2026,own,40-60,0.25,league,point fit — not pre-kickoff. 2026 unit cells pool in-season weeks.
,2,,True,CIN,2026,own,80-100,0.5,league_region,point fit — not pre-kickoff. 2026 unit cells pool in-season weeks.
,16,,True,CLE,2022,opp,0-20,0.7,league,point fit — not pre-kickoff. 2026 unit cells pool in-season weeks.
,8,,True,CLE,2022,opp,20-40,0.35,league_region,point fit — not pre-kickoff. 2026 unit cells pool in-season weeks.
,23,,True,CLE,2022,opp,40-60,0.35,league,point fit — not pre-kickoff. 2026 unit cells pool in-season weeks.
,11,,True,CLE,2022,opp,60-80,0.475,league,point fit — not pre-kickoff. 2026 unit cells pool in-season weeks.
,16,,True,CLE,2022,opp,80-100,0.35,league,point fit — not pre-kickoff. 2026 unit cells pool in-season weeks.
,18,,True,CLE,2022,own,0-20,0.5,league,point fit — not pre-kickoff. 2026 unit cells pool in-season weeks.
,9,,True,CLE,2022,own,20-40,0.5,league,point fit — not pre-kickoff. 2026 unit cells pool in-season weeks.
,19,,True,CLE,2022,own,40-60,0.25,league,point fit — not pre-kickoff. 2026 unit cells pool in-season weeks.
,9,,True,CLE,2022,own,60-80,0.5,league_region,point fit — not pre-kickoff. 2026 unit cells pool in-season weeks.
,6,,True,CLE,2022,own,80-100,0.5,league_region,point fit — not pre-kickoff. 2026 unit cells pool in-season weeks.
,15,,True,CLE,2023,opp,0-20,0.7,league,point fit — not pre-kickoff. 2026 unit cells pool in-season weeks.
,15,,True,CLE,2023,opp,20-40,0.35,league_region,point fit — not pre-kickoff. 2026 unit cells pool in-season weeks.
,11,,True,CLE,2023,opp,40-60,0.35,league,point fit — not pre-kickoff. 2026 unit cells pool in-season weeks.
,15,,True,CLE,2023,opp,60-80,0.475,league,point fit — not pre-kickoff. 2026 unit cells pool in-season weeks.
,19,,True,CLE,2023,opp,80-100,0.35,league,point fit — not pre-kickoff. 2026 unit cells pool in-season weeks.
0.5,25,1.0,False,CLE,2023,own,0-20,0.5,unit,point fit — not pre-kickoff. 2026 unit cells pool in-season weeks.
,18,,True,CLE,2023,own,20-40,0.5,pooled,point fit — not pre-kickoff. 2026 unit cells pool in-season weeks.
,17,,True,CLE,2023,own,40-60,0.5,pooled,point fit — not pre-kickoff. 2026 unit cells pool in-season weeks.
,18,,True,CLE,2023,own,60-80,0.5,pooled,point fit — not pre-kickoff. 2026 unit cells pool in-season weeks.
,12,,True,CLE,2023,own,80-100,0.5,pooled,point fit — not pre-kickoff. 2026 unit cells pool in-season weeks.
,22,,True,CLE,2024,opp,0-20,0.7,league,point fit — not pre-kickoff. 2026 unit cells pool in-season weeks.
,10,,True,CLE,2024,opp,20-40,0.35,league_region,point fit — not pre-kickoff. 2026 unit cells pool in-season weeks.
,15,,True,CLE,2024,opp,40-60,0.35,league,point fit — not pre-kickoff. 2026 unit cells pool in-season weeks.
,12,,True,CLE,2024,opp,60-80,0.475,league,point fit — not pre-kickoff. 2026 unit cells pool in-season weeks.
,6,,True,CLE,2024,opp,80-100,0.35,league,point fit — not pre-kickoff. 2026 unit cells pool in-season weeks.
0.5,43,1.0,False,CLE,2024,own,0-20,0.5,unit,point fit — not pre-kickoff. 2026 unit cells pool in-season weeks.
0.5,29,1.0,False,CLE,2024,own,20-40,0.5,unit,point fit — not pre-kickoff. 2026 unit cells pool in-season weeks.
,14,,True,CLE,2024,own,40-60,0.5,pooled,point fit — not pre-kickoff. 2026 unit cells pool in-season weeks.
,7,,True,CLE,2024,own,60-80,0.5,pooled,point fit — not pre-kickoff. 2026 unit cells pool in-season weeks.
,1,,True,CLE,2024,own,80-100,0.5,pooled,point fit — not pre-kickoff. 2026 unit cells pool in-season weeks.
,20,,True,CLE,2025,opp,0-20,0.7,league,point fit — not pre-kickoff. 2026 unit cells pool in-season weeks.
,11,,True,CLE,2025,opp,20-40,0.35,league_region,point fit — not pre-kickoff. 2026 unit cells pool in-season weeks.
,12,,True,CLE,2025,opp,40-60,0.35,league,point fit — not pre-kickoff. 2026 unit cells pool in-season weeks.
,10,,True,CLE,2025,opp,60-80,0.475,league,point fit — not pre-kickoff. 2026 unit cells pool in-season weeks.
,8,,True,CLE,2025,opp,80-100,0.35,league,point fit — not pre-kickoff. 2026 unit cells pool in-season weeks.
,21,,True,CLE,2025,own,0-20,0.5,pooled,point fit — not pre-kickoff. 2026 unit cells pool in-season weeks.
0.5,26,1.0,False,CLE,2025,own,20-40,0.5,unit,point fit — not pre-kickoff. 2026 unit cells pool in-season weeks.
,17,,True,CLE,2025,own,40-60,0.5,pooled,point fit — not pre-kickoff. 2026 unit cells pool in-season weeks.
,18,,True,CLE,2025,own,60-80,0.5,pooled,point fit — not pre-kickoff. 2026 unit cells pool in-season weeks.
,4,,True,CLE,2025,own,80-100,0.5,pooled,point fit — not pre-kickoff. 2026 unit cells pool in-season weeks.
,5,,True,CLE,2026,opp,0-20,0.7,league,point fit — not pre-kickoff. 2026 unit cells pool in-season weeks.
,3,,True,CLE,2026,opp,20-40,0.35,league_region,point fit — not pre-kickoff. 2026 unit cells pool in-season weeks.
,2,,True,CLE,2026,opp,40-60,0.35,league,point fit — not pre-kickoff. 2026 unit cells pool in-season weeks.
,4,,True,CLE,2026,opp,60-80,0.475,league,point fit — not pre-kickoff. 2026 unit cells pool in-season weeks.
,2,,True,CLE,2026,opp,80-100,0.35,league,point fit — not pre-kickoff. 2026 unit cells pool in-season weeks.
,2,,True,CLE,2026,own,0-20,0.5,league,point fit — not pre-kickoff. 2026 unit cells pool in-season weeks.
,4,,True,CLE,2026,own,20-40,0.5,league,point fit — not pre-kickoff. 2026 unit cells pool in-season weeks.
,4,,True,CLE,2026,own,40-60,0.25,league,point fit — not pre-kickoff. 2026 unit cells pool in-season weeks.
,2,,True,CLE,2026,own,60-80,0.5,league_region,point fit — not pre-kickoff. 2026 unit cells pool in-season weeks.
,2,,True,CLE,2026,own,80-100,0.5,league_region,point fit — not pre-kickoff. 2026 unit cells pool in-season weeks.
,9,,True,DAL,2022,opp,0-20,0.7,league,point fit — not pre-kickoff. 2026 unit cells pool in-season weeks.
,4,,True,DAL,2022,opp,20-40,0.35,league_region,point fit — not pre-kickoff. 2026 unit cells pool in-season weeks.
,19,,True,DAL,2022,opp,40-60,0.35,league,point fit — not pre-kickoff. 2026 unit cells pool in-season weeks.
,7,,True,DAL,2022,opp,60-80,0.475,league,point fit — not pre-kickoff. 2026 unit cells pool in-season weeks.
,17,,True,DAL,2022,opp,80-100,0.35,league,point fit — not pre-kickoff. 2026 unit cells pool in-season weeks.
,16,,True,DAL,2022,own,0-20,0.5,league,point fit — not pre-kickoff. 2026 unit cells pool in-season weeks.
,18,,True,DAL,2022,own,20-40,0.5,league,point fit — not pre-kickoff. 2026 unit cells pool in-season weeks.
,15,,True,DAL,2022,own,40-60,0.25,league,point fit — not pre-kickoff. 2026 unit cells pool in-season weeks.
,8,,True,DAL,2022,own,60-80,0.5,league_region,point fit — not pre-kickoff. 2026 unit cells pool in-season weeks.
,17,,True,DAL,2022,own,80-100,0.5,league_region,point fit — not pre-kickoff. 2026 unit cells pool in-season weeks.
,13,,True,DAL,2023,opp,0-20,0.7,league,point fit — not pre-kickoff. 2026 unit cells pool in-season weeks.
,9,,True,DAL,2023,opp,20-40,0.35,league_region,point fit — not pre-kickoff. 2026 unit cells pool in-season weeks.
,7,,True,DAL,2023,opp,40-60,0.35,league,point fit — not pre-kickoff. 2026 unit cells pool in-season weeks.
,12,,True,DAL,2023,opp,60-80,0.475,league,point fit — not pre-kickoff. 2026 unit cells pool in-season weeks.
,23,,True,DAL,2023,opp,80-100,0.35,league,point fit — not pre-kickoff. 2026 unit cells pool in-season weeks.
,9,,True,DAL,2023,own,0-20,0.5,league,point fit — not pre-kickoff. 2026 unit cells pool in-season weeks.
,10,,True,DAL,2023,own,20-40,0.5,league,point fit — not pre-kickoff. 2026 unit cells pool in-season weeks.
,6,,True,DAL,2023,own,40-60,0.25,league,point fit — not pre-kickoff. 2026 unit cells pool in-season weeks.
,7,,True,DAL,2023,own,60-80,0.5,league_region,point fit — not pre-kickoff. 2026 unit cells pool in-season weeks.
,12,,True,DAL,2023,own,80-100,0.5,league_region,point fit — not pre-kickoff. 2026 unit cells pool in-season weeks.
,11,,True,DAL,2024,opp,0-20,0.7,league,point fit — not pre-kickoff. 2026 unit cells pool in-season weeks.
,13,,True,DAL,2024,opp,20-40,0.35,league_region,point fit — not pre-kickoff. 2026 unit cells pool in-season weeks.
,12,,True,DAL,2024,opp,40-60,0.35,league,point fit — not pre-kickoff. 2026 unit cells pool in-season weeks.
,14,,True,DAL,2024,opp,60-80,0.475,league,point fit — not pre-kickoff. 2026 unit cells pool in-season weeks.
,12,,True,DAL,2024,opp,80-100,0.35,league,point fit — not pre-kickoff. 2026 unit cells pool in-season weeks.
,24,,True,DAL,2024,own,0-20,0.5,league,point fit — not pre-kickoff. 2026 unit cells pool in-season weeks.
,19,,True,DAL,2024,own,20-40,0.5,league,point fit — not pre-kickoff. 2026 unit cells pool in-season weeks.
,11,,True,DAL,2024,own,40-60,0.25,league,point fit — not pre-kickoff. 2026 unit cells pool in-season weeks.
,11,,True,DAL,2024,own,60-80,0.5,league_region,point fit — not pre-kickoff. 2026 unit cells pool in-season weeks.
,6,,True,DAL,2024,own,80-100,0.5,league_region,point fit — not pre-kickoff. 2026 unit cells pool in-season weeks.
,13,,True,DAL,2025,opp,0-20,0.7,league,point fit — not pre-kickoff. 2026 unit cells pool in-season weeks.
,7,,True,DAL,2025,opp,20-40,0.35,league_region,point fit — not pre-kickoff. 2026 unit cells pool in-season weeks.
,17,,True,DAL,2025,opp,40-60,0.35,league,point fit — not pre-kickoff. 2026 unit cells pool in-season weeks.
,15,,True,DAL,2025,opp,60-80,0.475,league,point fit — not pre-kickoff. 2026 unit cells pool in-season weeks.
,10,,True,DAL,2025,opp,80-100,0.35,league,point fit — not pre-kickoff. 2026 unit cells pool in-season weeks.
,15,,True,DAL,2025,own,0-20,0.5,league,point fit — not pre-kickoff. 2026 unit cells pool in-season weeks.
,20,,True,DAL,2025,own,20-40,0.5,league,point fit — not pre-kickoff. 2026 unit cells pool in-season weeks.
,2,,True,DAL,2025,own,40-60,0.25,league,point fit — not pre-kickoff. 2026 unit cells pool in-season weeks.
,5,,True,DAL,2025,own,60-80,0.5,league_region,point fit — not pre-kickoff. 2026 unit cells pool in-season weeks.
,8,,True,DAL,2025,own,80-100,0.5,league_region,point fit — not pre-kickoff. 2026 unit cells pool in-season weeks.
,4,,True,DAL,2026,opp,20-40,0.35,league_region,point fit — not pre-kickoff. 2026 unit cells pool in-season weeks.
,4,,True,DAL,2026,opp,60-80,0.475,league,point fit — not pre-kickoff. 2026 unit cells pool in-season weeks.
,1,,True,DAL,2026,opp,80-100,0.35,league,point fit — not pre-kickoff. 2026 unit cells pool in-season weeks.
,2,,True,DAL,2026,own,20-40,0.5,league,point fit — not pre-kickoff. 2026 unit cells pool in-season weeks.
,1,,True,DAL,2026,own,40-60,0.25,league,point fit — not pre-kickoff. 2026 unit cells pool in-season weeks.
,2,,True,DAL,2026,own,60-80,0.5,league_region,point fit — not pre-kickoff. 2026 unit cells pool in-season weeks.
,10,,True,DEN,2022,opp,0-20,0.7,league,point fit — not pre-kickoff. 2026 unit cells pool in-season weeks.
,11,,True,DEN,2022,opp,20-40,0.35,league_region,point fit — not pre-kickoff. 2026 unit cells pool in-season weeks.
,24,,True,DEN,2022,opp,40-60,0.35,league,point fit — not pre-kickoff. 2026 unit cells pool in-season weeks.
,14,,True,DEN,2022,opp,60-80,0.475,league,point fit — not pre-kickoff. 2026 unit cells pool in-season weeks.
,4,,True,DEN,2022,opp,80-100,0.35,league,point fit — not pre-kickoff. 2026 unit cells pool in-season weeks.
,14,,True,DEN,2022,own,0-20,0.375,pooled,point fit — not pre-kickoff. 2026 unit cells pool in-season weeks.
0.5,34,1.0,False,DEN,2022,own,20-40,0.5,unit,point fit — not pre-kickoff. 2026 unit cells pool in-season weeks.
0.25,30,0.43333333333333335,False,DEN,2022,own,40-60,0.25,unit,point fit — not pre-kickoff. 2026 unit cells pool in-season weeks.
,10,,True,DEN,2022,own,60-80,0.375,pooled,point fit — not pre-kickoff. 2026 unit cells pool in-season weeks.
,2,,True,DEN,2022,own,80-100,0.375,pooled,point fit — not pre-kickoff. 2026 unit cells pool in-season weeks.
,13,,True,DEN,2023,opp,0-20,0.7,league,point fit — not pre-kickoff. 2026 unit cells pool in-season weeks.
,3,,True,DEN,2023,opp,20-40,0.35,league_region,point fit — not pre-kickoff. 2026 unit cells pool in-season weeks.
,12,,True,DEN,2023,opp,40-60,0.35,league,point fit — not pre-kickoff. 2026 unit cells pool in-season weeks.
,16,,True,DEN,2023,opp,60-80,0.475,league,point fit — not pre-kickoff. 2026 unit cells pool in-season weeks.
,11,,True,DEN,2023,opp,80-100,0.35,league,point fit — not pre-kickoff. 2026 unit cells pool in-season weeks.
,21,,True,DEN,2023,own,0-20,0.5,league,point fit — not pre-kickoff. 2026 unit cells pool in-season weeks.
,18,,True,DEN,2023,own,20-40,0.5,league,point fit — not pre-kickoff. 2026 unit cells pool in-season weeks.
,10,,True,DEN,2023,own,40-60,0.25,league,point fit — not pre-kickoff. 2026 unit cells pool in-season weeks.
,16,,True,DEN,2023,own,60-80,0.5,league_region,point fit — not pre-kickoff. 2026 unit cells pool in-season weeks.
,10,,True,DEN,2023,own,80-100,0.5,league_region,point fit — not pre-kickoff. 2026 unit cells pool in-season weeks.
,10,,True,DEN,2024,opp,0-20,0.7,league,point fit — not pre-kickoff. 2026 unit cells pool in-season weeks.
,12,,True,DEN,2024,opp,20-40,0.35,league_region,point fit — not pre-kickoff. 2026 unit cells pool in-season weeks.
,12,,True,DEN,2024,opp,40-60,0.35,league,point fit — not pre-kickoff. 2026 unit cells pool in-season weeks.
,6,,True,DEN,2024,opp,60-80,0.475,league,point fit — not pre-kickoff. 2026 unit cells pool in-season weeks.
,18,,True,DEN,2024,opp,80-100,0.35,league,point fit — not pre-kickoff. 2026 unit cells pool in-season weeks.
,16,,True,DEN,2024,own,0-20,0.25,pooled,point fit — not pre-kickoff. 2026 unit cells pool in-season weeks.
,16,,True,DEN,2024,own,20-40,0.25,pooled,point fit — not pre-kickoff. 2026 unit cells pool in-season weeks.
0.25,25,0.16,False,DEN,2024,own,40-60,0.25,unit,point fit — not pre-kickoff. 2026 unit cells pool in-season weeks.
,7,,True,DEN,2024,own,60-80,0.25,pooled,point fit — not pre-kickoff. 2026 unit cells pool in-season weeks.
,11,,True,DEN,2024,own,80-100,0.25,pooled,point fit — not pre-kickoff. 2026 unit cells pool in-season weeks.
,5,,True,DEN,2025,opp,0-20,0.7,league,point fit — not pre-kickoff. 2026 unit cells pool in-season weeks.
,7,,True,DEN,2025,opp,20-40,0.35,league_region,point fit — not pre-kickoff. 2026 unit cells pool in-season weeks.
,21,,True,DEN,2025,opp,40-60,0.35,league,point fit — not pre-kickoff. 2026 unit cells pool in-season weeks.
,17,,True,DEN,2025,opp,60-80,0.475,league,point fit — not pre-kickoff. 2026 unit cells pool in-season weeks.
,14,,True,DEN,2025,opp,80-100,0.35,league,point fit — not pre-kickoff. 2026 unit cells pool in-season weeks.
,9,,True,DEN,2025,own,0-20,0.5,pooled,point fit — not pre-kickoff. 2026 unit cells pool in-season weeks.
0.5,27,1.0,False,DEN,2025,own,20-40,0.5,unit,point fit — not pre-kickoff. 2026 unit cells pool in-season weeks.
,24,,True,DEN,2025,own,40-60,0.5,pooled,point fit — not pre-kickoff. 2026 unit cells pool in-season weeks.
,8,,True,DEN,2025,own,60-80,0.5,pooled,point fit — not pre-kickoff. 2026 unit cells pool in-season weeks.
,8,,True,DEN,2025,own,80-100,0.5,pooled,point fit — not pre-kickoff. 2026 unit cells pool in-season weeks.
,2,,True,DEN,2026,opp,0-20,0.7,league,point fit — not pre-kickoff. 2026 unit cells pool in-season weeks.
,3,,True,DEN,2026,opp,20-40,0.35,league_region,point fit — not pre-kickoff. 2026 unit cells pool in-season weeks.
,4,,True,DEN,2026,own,0-20,0.5,league,point fit — not pre-kickoff. 2026 unit cells pool in-season weeks.
,5,,True,DEN,2026,own,20-40,0.5,league,point fit — not pre-kickoff. 2026 unit cells pool in-season weeks.
,5,,True,DEN,2026,own,40-60,0.25,league,point fit — not pre-kickoff. 2026 unit cells pool in-season weeks.
,10,,True,DET,2022,opp,0-20,0.7,league,point fit — not pre-kickoff. 2026 unit cells pool in-season weeks.
,9,,True,DET,2022,opp,20-40,0.35,league_region,point fit — not pre-kickoff. 2026 unit cells pool in-season weeks.
,21,,True,DET,2022,opp,40-60,0.35,league,point fit — not pre-kickoff. 2026 unit cells pool in-season weeks.
,10,,True,DET,2022,opp,60-80,0.475,league,point fit — not pre-kickoff. 2026 unit cells pool in-season weeks.
,17,,True,DET,2022,opp,80-100,0.35,league,point fit — not pre-kickoff. 2026 unit cells pool in-season weeks.
,9,,True,DET,2022,own,0-20,0.5,league,point fit — not pre-kickoff. 2026 unit cells pool in-season weeks.
,14,,True,DET,2022,own,20-40,0.5,league,point fit — not pre-kickoff. 2026 unit cells pool in-season weeks.
,9,,True,DET,2022,own,40-60,0.25,league,point fit — not pre-kickoff. 2026 unit cells pool in-season weeks.
,10,,True,DET,2022,own,60-80,0.5,league_region,point fit — not pre-kickoff. 2026 unit cells pool in-season weeks.
,8,,True,DET,2022,own,80-100,0.5,league_region,point fit — not pre-kickoff. 2026 unit cells pool in-season weeks.
,11,,True,DET,2023,opp,0-20,0.475,pooled,point fit — not pre-kickoff. 2026 unit cells pool in-season weeks.
,6,,True,DET,2023,opp,20-40,0.475,pooled,point fit — not pre-kickoff. 2026 unit cells pool in-season weeks.
,13,,True,DET,2023,opp,40-60,0.475,pooled,point fit — not pre-kickoff. 2026 unit cells pool in-season weeks.
0.475,26,0.34615384615384615,False,DET,2023,opp,60-80,0.475,unit,point fit — not pre-kickoff. 2026 unit cells pool in-season weeks.
,19,,True,DET,2023,opp,80-100,0.475,pooled,point fit — not pre-kickoff. 2026 unit cells pool in-season weeks.
,12,,True,DET,2023,own,0-20,0.5,league,point fit — not pre-kickoff. 2026 unit cells pool in-season weeks.
,13,,True,DET,2023,own,20-40,0.5,league,point fit — not pre-kickoff. 2026 unit cells pool in-season weeks.
,9,,True,DET,2023,own,40-60,0.25,league,point fit — not pre-kickoff. 2026 unit cells pool in-season weeks.
,9,,True,DET,2023,own,60-80,0.5,league_region,point fit — not pre-kickoff. 2026 unit cells pool in-season weeks.
,18,,True,DET,2023,own,80-100,0.5,league_region,point fit — not pre-kickoff. 2026 unit cells pool in-season weeks.
,4,,True,DET,2024,opp,0-20,0.7,league,point fit — not pre-kickoff. 2026 unit cells pool in-season weeks.
,11,,True,DET,2024,opp,20-40,0.35,league_region,point fit — not pre-kickoff. 2026 unit cells pool in-season weeks.
,12,,True,DET,2024,opp,40-60,0.35,league,point fit — not pre-kickoff. 2026 unit cells pool in-season weeks.
,10,,True,DET,2024,opp,60-80,0.475,league,point fit — not pre-kickoff. 2026 unit cells pool in-season weeks.
,22,,True,DET,2024,opp,80-100,0.35,league,point fit — not pre-kickoff. 2026 unit cells pool in-season weeks.
,7,,True,DET,2024,own,0-20,0.5,league,point fit — not pre-kickoff. 2026 unit cells pool in-season weeks.
,9,,True,DET,2024,own,20-40,0.5,league,point fit — not pre-kickoff. 2026 unit cells pool in-season weeks.
,7,,True,DET,2024,own,40-60,0.25,league,point fit — not pre-kickoff. 2026 unit cells pool in-season weeks.
,11,,True,DET,2024,own,60-80,0.5,league_region,point fit — not pre-kickoff. 2026 unit cells pool in-season weeks.
,14,,True,DET,2024,own,80-100,0.5,league_region,point fit — not pre-kickoff. 2026 unit cells pool in-season weeks.
,14,,True,DET,2025,opp,0-20,0.7,league,point fit — not pre-kickoff. 2026 unit cells pool in-season weeks.
,11,,True,DET,2025,opp,20-40,0.35,league_region,point fit — not pre-kickoff. 2026 unit cells pool in-season weeks.
,17,,True,DET,2025,opp,40-60,0.35,league,point fit — not pre-kickoff. 2026 unit cells pool in-season weeks.
,4,,True,DET,2025,opp,60-80,0.475,league,point fit — not pre-kickoff. 2026 unit cells pool in-season weeks.
,19,,True,DET,2025,opp,80-100,0.35,league,point fit — not pre-kickoff. 2026 unit cells pool in-season weeks.
,10,,True,DET,2025,own,0-20,0.5,league,point fit — not pre-kickoff. 2026 unit cells pool in-season weeks.
,13,,True,DET,2025,own,20-40,0.5,league,point fit — not pre-kickoff. 2026 unit cells pool in-season weeks.
,11,,True,DET,2025,own,40-60,0.25,league,point fit — not pre-kickoff. 2026 unit cells pool in-season weeks.
,7,,True,DET,2025,own,60-80,0.5,league_region,point fit — not pre-kickoff. 2026 unit cells pool in-season weeks.
,10,,True,DET,2025,own,80-100,0.5,league_region,point fit — not pre-kickoff. 2026 unit cells pool in-season weeks.
,1,,True,DET,2026,opp,0-20,0.7,league,point fit — not pre-kickoff. 2026 unit cells pool in-season weeks.
,1,,True,DET,2026,opp,40-60,0.35,league,point fit — not pre-kickoff. 2026 unit cells pool in-season weeks.
,1,,True,DET,2026,opp,60-80,0.475,league,point fit — not pre-kickoff. 2026 unit cells pool in-season weeks.
,2,,True,DET,2026,opp,80-100,0.35,league,point fit — not pre-kickoff. 2026 unit cells pool in-season weeks.
,4,,True,DET,2026,own,0-20,0.5,league,point fit — not pre-kickoff. 2026 unit cells pool in-season weeks.
,1,,True,DET,2026,own,20-40,0.5,league,point fit — not pre-kickoff. 2026 unit cells pool in-season weeks.
,4,,True,DET,2026,own,40-60,0.25,league,point fit — not pre-kickoff. 2026 unit cells pool in-season weeks.
,3,,True,DET,2026,own,60-80,0.5,league_region,point fit — not pre-kickoff. 2026 unit cells pool in-season weeks.
,2,,True,DET,2026,own,80-100,0.5,league_region,point fit — not pre-kickoff. 2026 unit cells pool in-season weeks.
,17,,True,GB,2022,opp,0-20,0.7,league,point fit — not pre-kickoff. 2026 unit cells pool in-season weeks.
,9,,True,GB,2022,opp,20-40,0.35,league_region,point fit — not pre-kickoff. 2026 unit cells pool in-season weeks.
,19,,True,GB,2022,opp,40-60,0.35,league,point fit — not pre-kickoff. 2026 unit cells pool in-season weeks.
,10,,True,GB,2022,opp,60-80,0.475,league,point fit — not pre-kickoff. 2026 unit cells pool in-season weeks.
,7,,True,GB,2022,opp,80-100,0.35,league,point fit — not pre-kickoff. 2026 unit cells pool in-season weeks.
,8,,True,GB,2022,own,0-20,0.5,league,point fit — not pre-kickoff. 2026 unit cells pool in-season weeks.
,14,,True,GB,2022,own,20-40,0.5,league,point fit — not pre-kickoff. 2026 unit cells pool in-season weeks.
,14,,True,GB,2022,own,40-60,0.25,league,point fit — not pre-kickoff. 2026 unit cells pool in-season weeks.
,4,,True,GB,2022,own,60-80,0.5,league_region,point fit — not pre-kickoff. 2026 unit cells pool in-season weeks.
,8,,True,GB,2022,own,80-100,0.5,league_region,point fit — not pre-kickoff. 2026 unit cells pool in-season weeks.
,14,,True,GB,2023,opp,0-20,0.7,league,point fit — not pre-kickoff. 2026 unit cells pool in-season weeks.
,13,,True,GB,2023,opp,20-40,0.35,league_region,point fit — not pre-kickoff. 2026 unit cells pool in-season weeks.
,16,,True,GB,2023,opp,40-60,0.35,league,point fit — not pre-kickoff. 2026 unit cells pool in-season weeks.
,11,,True,GB,2023,opp,60-80,0.475,league,point fit — not pre-kickoff. 2026 unit cells pool in-season weeks.
,17,,True,GB,2023,opp,80-100,0.35,league,point fit — not pre-kickoff. 2026 unit cells pool in-season weeks.
,6,,True,GB,2023,own,0-20,0.5,league,point fit — not pre-kickoff. 2026 unit cells pool in-season weeks.
,19,,True,GB,2023,own,20-40,0.5,league,point fit — not pre-kickoff. 2026 unit cells pool in-season weeks.
,9,,True,GB,2023,own,40-60,0.25,league,point fit — not pre-kickoff. 2026 unit cells pool in-season weeks.
,7,,True,GB,2023,own,60-80,0.5,league_region,point fit — not pre-kickoff. 2026 unit cells pool in-season weeks.
,7,,True,GB,2023,own,80-100,0.5,league_region,point fit — not pre-kickoff. 2026 unit cells pool in-season weeks.
,7,,True,GB,2024,opp,0-20,0.45,pooled,point fit — not pre-kickoff. 2026 unit cells pool in-season weeks.
,10,,True,GB,2024,opp,20-40,0.45,pooled,point fit — not pre-kickoff. 2026 unit cells pool in-season weeks.
,13,,True,GB,2024,opp,40-60,0.45,pooled,point fit — not pre-kickoff. 2026 unit cells pool in-season weeks.
,7,,True,GB,2024,opp,60-80,0.45,pooled,point fit — not pre-kickoff. 2026 unit cells pool in-season weeks.
0.45,26,0.6923076923076923,False,GB,2024,opp,80-100,0.45,unit,point fit — not pre-kickoff. 2026 unit cells pool in-season weeks.
,11,,True,GB,2024,own,0-20,0.5,league,point fit — not pre-kickoff. 2026 unit cells pool in-season weeks.
,10,,True,GB,2024,own,20-40,0.5,league,point fit — not pre-kickoff. 2026 unit cells pool in-season weeks.
,8,,True,GB,2024,own,40-60,0.25,league,point fit — not pre-kickoff. 2026 unit cells pool in-season weeks.
,4,,True,GB,2024,own,60-80,0.5,league_region,point fit — not pre-kickoff. 2026 unit cells pool in-season weeks.
,16,,True,GB,2024,own,80-100,0.5,league_region,point fit — not pre-kickoff. 2026 unit cells pool in-season weeks.
,6,,True,GB,2025,opp,0-20,0.7,league,point fit — not pre-kickoff. 2026 unit cells pool in-season weeks.
,7,,True,GB,2025,opp,20-40,0.35,league_region,point fit — not pre-kickoff. 2026 unit cells pool in-season weeks.
,19,,True,GB,2025,opp,40-60,0.35,league,point fit — not pre-kickoff. 2026 unit cells pool in-season weeks.
,9,,True,GB,2025,opp,60-80,0.475,league,point fit — not pre-kickoff. 2026 unit cells pool in-season weeks.
,18,,True,GB,2025,opp,80-100,0.35,league,point fit — not pre-kickoff. 2026 unit cells pool in-season weeks.
,6,,True,GB,2025,own,0-20,0.5,league,point fit — not pre-kickoff. 2026 unit cells pool in-season weeks.
,11,,True,GB,2025,own,20-40,0.5,league,point fit — not pre-kickoff. 2026 unit cells pool in-season weeks.
,13,,True,GB,2025,own,40-60,0.25,league,point fit — not pre-kickoff. 2026 unit cells pool in-season weeks.
,6,,True,GB,2025,own,60-80,0.5,league_region,point fit — not pre-kickoff. 2026 unit cells pool in-season weeks.
,15,,True,GB,2025,own,80-100,0.5,league_region,point fit — not pre-kickoff. 2026 unit cells pool in-season weeks.
,3,,True,GB,2026,opp,0-20,0.7,league,point fit — not pre-kickoff. 2026 unit cells pool in-season weeks.
,1,,True,GB,2026,opp,20-40,0.35,league_region,point fit — not pre-kickoff. 2026 unit cells pool in-season weeks.
,4,,True,GB,2026,opp,40-60,0.35,league,point fit — not pre-kickoff. 2026 unit cells pool in-season weeks.
,1,,True,GB,2026,opp,60-80,0.475,league,point fit — not pre-kickoff. 2026 unit cells pool in-season weeks.
,3,,True,GB,2026,opp,80-100,0.35,league,point fit — not pre-kickoff. 2026 unit cells pool in-season weeks.
,2,,True,GB,2026,own,0-20,0.5,league,point fit — not pre-kickoff. 2026 unit cells pool in-season weeks.
,5,,True,GB,2026,own,20-40,0.5,league,point fit — not pre-kickoff. 2026 unit cells pool in-season weeks.
,4,,True,GB,2026,own,40-60,0.25,league,point fit — not pre-kickoff. 2026 unit cells pool in-season weeks.
,2,,True,GB,2026,own,60-80,0.5,league_region,point fit — not pre-kickoff. 2026 unit cells pool in-season weeks.
,16,,True,HOU,2022,opp,0-20,0.7,league,point fit — not pre-kickoff. 2026 unit cells pool in-season weeks.
,11,,True,HOU,2022,opp,20-40,0.35,league_region,point fit — not pre-kickoff. 2026 unit cells pool in-season weeks.
,17,,True,HOU,2022,opp,40-60,0.35,league,point fit — not pre-kickoff. 2026 unit cells pool in-season weeks.
,10,,True,HOU,2022,opp,60-80,0.475,league,point fit — not pre-kickoff. 2026 unit cells pool in-season weeks.
,5,,True,HOU,2022,opp,80-100,0.35,league,point fit — not pre-kickoff. 2026 unit cells pool in-season weeks.
0.5,29,1.0,False,HOU,2022,own,0-20,0.5,unit,point fit — not pre-kickoff. 2026 unit cells pool in-season weeks.
0.5,30,1.0,False,HOU,2022,own,20-40,0.5,unit,point fit — not pre-kickoff. 2026 unit cells pool in-season weeks.
,21,,True,HOU,2022,own,40-60,0.5,pooled,point fit — not pre-kickoff. 2026 unit cells pool in-season weeks.
,3,,True,HOU,2022,own,60-80,0.5,pooled,point fit — not pre-kickoff. 2026 unit cells pool in-season weeks.
,1,,True,HOU,2022,own,80-100,0.5,pooled,point fit — not pre-kickoff. 2026 unit cells pool in-season weeks.
,12,,True,HOU,2023,opp,0-20,0.7,league,point fit — not pre-kickoff. 2026 unit cells pool in-season weeks.
,9,,True,HOU,2023,opp,20-40,0.35,league_region,point fit — not pre-kickoff. 2026 unit cells pool in-season weeks.
,13,,True,HOU,2023,opp,40-60,0.35,league,point fit — not pre-kickoff. 2026 unit cells pool in-season weeks.
,11,,True,HOU,2023,opp,60-80,0.475,league,point fit — not pre-kickoff. 2026 unit cells pool in-season weeks.
,14,,True,HOU,2023,opp,80-100,0.35,league,point fit — not pre-kickoff. 2026 unit cells pool in-season weeks.
,18,,True,HOU,2023,own,0-20,0.5,pooled,point fit — not pre-kickoff. 2026 unit cells pool in-season weeks.
0.5,30,1.0,False,HOU,2023,own,20-40,0.5,unit,point fit — not pre-kickoff. 2026 unit cells pool in-season weeks.
,9,,True,HOU,2023,own,40-60,0.5,pooled,point fit — not pre-kickoff. 2026 unit cells pool in-season weeks.
,16,,True,HOU,2023,own,60-80,0.5,pooled,point fit — not pre-kickoff. 2026 unit cells pool in-season weeks.
,15,,True,HOU,2023,own,80-100,0.5,pooled,point fit — not pre-kickoff. 2026 unit cells pool in-season weeks.
,10,,True,HOU,2024,opp,0-20,0.7,league,point fit — not pre-kickoff. 2026 unit cells pool in-season weeks.
,7,,True,HOU,2024,opp,20-40,0.35,league_region,point fit — not pre-kickoff. 2026 unit cells pool in-season weeks.
,20,,True,HOU,2024,opp,40-60,0.35,league,point fit — not pre-kickoff. 2026 unit cells pool in-season weeks.
,15,,True,HOU,2024,opp,60-80,0.475,league,point fit — not pre-kickoff. 2026 unit cells pool in-season weeks.
,19,,True,HOU,2024,opp,80-100,0.35,league,point fit — not pre-kickoff. 2026 unit cells pool in-season weeks.
,8,,True,HOU,2024,own,0-20,0.5,league,point fit — not pre-kickoff. 2026 unit cells pool in-season weeks.
,19,,True,HOU,2024,own,20-40,0.5,league,point fit — not pre-kickoff. 2026 unit cells pool in-season weeks.
,10,,True,HOU,2024,own,40-60,0.25,league,point fit — not pre-kickoff. 2026 unit cells pool in-season weeks.
,17,,True,HOU,2024,own,60-80,0.5,league_region,point fit — not pre-kickoff. 2026 unit cells pool in-season weeks.
,21,,True,HOU,2024,own,80-100,0.5,league_region,point fit — not pre-kickoff. 2026 unit cells pool in-season weeks.
,10,,True,HOU,2025,opp,0-20,0.7,league,point fit — not pre-kickoff. 2026 unit cells pool in-season weeks.
,9,,True,HOU,2025,opp,20-40,0.35,league_region,point fit — not pre-kickoff. 2026 unit cells pool in-season weeks.
,23,,True,HOU,2025,opp,40-60,0.35,league,point fit — not pre-kickoff. 2026 unit cells pool in-season weeks.
,21,,True,HOU,2025,opp,60-80,0.475,league,point fit — not pre-kickoff. 2026 unit cells pool in-season weeks.
,17,,True,HOU,2025,opp,80-100,0.35,league,point fit — not pre-kickoff. 2026 unit cells pool in-season weeks.
,15,,True,HOU,2025,own,0-20,0.5,league,point fit — not pre-kickoff. 2026 unit cells pool in-season weeks.
,13,,True,HOU,2025,own,20-40,0.5,league,point fit — not pre-kickoff. 2026 unit cells pool in-season weeks.
,23,,True,HOU,2025,own,40-60,0.25,league,point fit — not pre-kickoff. 2026 unit cells pool in-season weeks.
,11,,True,HOU,2025,own,60-80,0.5,league_region,point fit — not pre-kickoff. 2026 unit cells pool in-season weeks.
,11,,True,HOU,2025,own,80-100,0.5,league_region,point fit — not pre-kickoff. 2026 unit cells pool in-season weeks.
,3,,True,HOU,2026,opp,0-20,0.7,league,point fit — not pre-kickoff. 2026 unit cells pool in-season weeks.
,3,,True,HOU,2026,opp,20-40,0.35,league_region,point fit — not pre-kickoff. 2026 unit cells pool in-season weeks.
,2,,True,HOU,2026,opp,40-60,0.35,league,point fit — not pre-kickoff. 2026 unit cells pool in-season weeks.
,2,,True,HOU,2026,opp,60-80,0.475,league,point fit — not pre-kickoff. 2026 unit cells pool in-season weeks.
,4,,True,HOU,2026,own,0-20,0.5,league,point fit — not pre-kickoff. 2026 unit cells pool in-season weeks.
,8,,True,HOU,2026,own,20-40,0.5,league,point fit — not pre-kickoff. 2026 unit cells pool in-season weeks.
,3,,True,HOU,2026,own,40-60,0.25,league,point fit — not pre-kickoff. 2026 unit cells pool in-season weeks.
,1,,True,HOU,2026,own,60-80,0.5,league_region,point fit — not pre-kickoff. 2026 unit cells pool in-season weeks.
,18,,True,IND,2022,opp,0-20,0.7,league,point fit — not pre-kickoff. 2026 unit cells pool in-season weeks.
,18,,True,IND,2022,opp,20-40,0.35,league_region,point fit — not pre-kickoff. 2026 unit cells pool in-season weeks.
,12,,True,IND,2022,opp,40-60,0.35,league,point fit — not pre-kickoff. 2026 unit cells pool in-season weeks.
,8,,True,IND,2022,opp,60-80,0.475,league,point fit — not pre-kickoff. 2026 unit cells pool in-season weeks.
,9,,True,IND,2022,opp,80-100,0.35,league,point fit — not pre-kickoff. 2026 unit cells pool in-season weeks.
,23,,True,IND,2022,own,0-20,0.5,league,point fit — not pre-kickoff. 2026 unit cells pool in-season weeks.
,21,,True,IND,2022,own,20-40,0.5,league,point fit — not pre-kickoff. 2026 unit cells pool in-season weeks.
,14,,True,IND,2022,own,40-60,0.25,league,point fit — not pre-kickoff. 2026 unit cells pool in-season weeks.
,5,,True,IND,2022,own,60-80,0.5,league_region,point fit — not pre-kickoff. 2026 unit cells pool in-season weeks.
,7,,True,IND,2022,own,80-100,0.5,league_region,point fit — not pre-kickoff. 2026 unit cells pool in-season weeks.
,12,,True,IND,2023,opp,0-20,0.7,league,point fit — not pre-kickoff. 2026 unit cells pool in-season weeks.
,9,,True,IND,2023,opp,20-40,0.35,league_region,point fit — not pre-kickoff. 2026 unit cells pool in-season weeks.
,21,,True,IND,2023,opp,40-60,0.35,league,point fit — not pre-kickoff. 2026 unit cells pool in-season weeks.
,17,,True,IND,2023,opp,60-80,0.475,league,point fit — not pre-kickoff. 2026 unit cells pool in-season weeks.
,11,,True,IND,2023,opp,80-100,0.35,league,point fit — not pre-kickoff. 2026 unit cells pool in-season weeks.
,16,,True,IND,2023,own,0-20,0.5,league,point fit — not pre-kickoff. 2026 unit cells pool in-season weeks.
,19,,True,IND,2023,own,20-40,0.5,league,point fit — not pre-kickoff. 2026 unit cells pool in-season weeks.
,19,,True,IND,2023,own,40-60,0.25,league,point fit — not pre-kickoff. 2026 unit cells pool in-season weeks.
,8,,True,IND,2023,own,60-80,0.5,league_region,point fit — not pre-kickoff. 2026 unit cells pool in-season weeks.
,8,,True,IND,2023,own,80-100,0.5,league_region,point fit — not pre-kickoff. 2026 unit cells pool in-season weeks.
,17,,True,IND,2024,opp,0-20,0.7,league,point fit — not pre-kickoff. 2026 unit cells pool in-season weeks.
,12,,True,IND,2024,opp,20-40,0.35,league_region,point fit — not pre-kickoff. 2026 unit cells pool in-season weeks.
,13,,True,IND,2024,opp,40-60,0.35,league,point fit — not pre-kickoff. 2026 unit cells pool in-season weeks.
,9,,True,IND,2024,opp,60-80,0.475,league,point fit — not pre-kickoff. 2026 unit cells pool in-season weeks.
,12,,True,IND,2024,opp,80-100,0.35,league,point fit — not pre-kickoff. 2026 unit cells pool in-season weeks.
,10,,True,IND,2024,own,0-20,0.5,league,point fit — not pre-kickoff. 2026 unit cells pool in-season weeks.
,18,,True,IND,2024,own,20-40,0.5,league,point fit — not pre-kickoff. 2026 unit cells pool in-season weeks.
,21,,True,IND,2024,own,40-60,0.25,league,point fit — not pre-kickoff. 2026 unit cells pool in-season weeks.
,13,,True,IND,2024,own,60-80,0.5,league_region,point fit — not pre-kickoff. 2026 unit cells pool in-season weeks.
,6,,True,IND,2024,own,80-100,0.5,league_region,point fit — not pre-kickoff. 2026 unit cells pool in-season weeks.
,5,,True,IND,2025,opp,0-20,0.7,league,point fit — not pre-kickoff. 2026 unit cells pool in-season weeks.
,13,,True,IND,2025,opp,20-40,0.35,league_region,point fit — not pre-kickoff. 2026 unit cells pool in-season weeks.
,20,,True,IND,2025,opp,40-60,0.35,league,point fit — not pre-kickoff. 2026 unit cells pool in-season weeks.
,7,,True,IND,2025,opp,60-80,0.475,league,point fit — not pre-kickoff. 2026 unit cells pool in-season weeks.
,10,,True,IND,2025,opp,80-100,0.35,league,point fit — not pre-kickoff. 2026 unit cells pool in-season weeks.
,7,,True,IND,2025,own,0-20,0.5,league,point fit — not pre-kickoff. 2026 unit cells pool in-season weeks.
,11,,True,IND,2025,own,20-40,0.5,league,point fit — not pre-kickoff. 2026 unit cells pool in-season weeks.
,11,,True,IND,2025,own,40-60,0.25,league,point fit — not pre-kickoff. 2026 unit cells pool in-season weeks.
,10,,True,IND,2025,own,60-80,0.5,league_region,point fit — not pre-kickoff. 2026 unit cells pool in-season weeks.
,9,,True,IND,2025,own,80-100,0.5,league_region,point fit — not pre-kickoff. 2026 unit cells pool in-season weeks.
,3,,True,IND,2026,opp,0-20,0.7,league,point fit — not pre-kickoff. 2026 unit cells pool in-season weeks.
,3,,True,IND,2026,opp,20-40,0.35,league_region,point fit — not pre-kickoff. 2026 unit cells pool in-season weeks.
,2,,True,IND,2026,opp,40-60,0.35,league,point fit — not pre-kickoff. 2026 unit cells pool in-season weeks.
,4,,True,IND,2026,opp,60-80,0.475,league,point fit — not pre-kickoff. 2026 unit cells pool in-season weeks.
,1,,True,IND,2026,opp,80-100,0.35,league,point fit — not pre-kickoff. 2026 unit cells pool in-season weeks.
,4,,True,IND,2026,own,0-20,0.5,league,point fit — not pre-kickoff. 2026 unit cells pool in-season weeks.
,2,,True,IND,2026,own,20-40,0.5,league,point fit — not pre-kickoff. 2026 unit cells pool in-season weeks.
,1,,True,IND,2026,own,40-60,0.25,league,point fit — not pre-kickoff. 2026 unit cells pool in-season weeks.
,1,,True,IND,2026,own,60-80,0.5,league_region,point fit — not pre-kickoff. 2026 unit cells pool in-season weeks.
,14,,True,JAX,2022,opp,0-20,0.7,league,point fit — not pre-kickoff. 2026 unit cells pool in-season weeks.
,11,,True,JAX,2022,opp,20-40,0.35,league_region,point fit — not pre-kickoff. 2026 unit cells pool in-season weeks.
,18,,True,JAX,2022,opp,40-60,0.35,league,point fit — not pre-kickoff. 2026 unit cells pool in-season weeks.
,12,,True,JAX,2022,opp,60-80,0.475,league,point fit — not pre-kickoff. 2026 unit cells pool in-season weeks.
,19,,True,JAX,2022,opp,80-100,0.35,league,point fit — not pre-kickoff. 2026 unit cells pool in-season weeks.
,14,,True,JAX,2022,own,0-20,0.5,league,point fit — not pre-kickoff. 2026 unit cells pool in-season weeks.
,20,,True,JAX,2022,own,20-40,0.5,league,point fit — not pre-kickoff. 2026 unit cells pool in-season weeks.
,8,,True,JAX,2022,own,40-60,0.25,league,point fit — not pre-kickoff. 2026 unit cells pool in-season weeks.
,6,,True,JAX,2022,own,60-80,0.5,league_region,point fit — not pre-kickoff. 2026 unit cells pool in-season weeks.
,7,,True,JAX,2022,own,80-100,0.5,league_region,point fit — not pre-kickoff. 2026 unit cells pool in-season weeks.
,8,,True,JAX,2023,opp,0-20,0.7,league,point fit — not pre-kickoff. 2026 unit cells pool in-season weeks.
,8,,True,JAX,2023,opp,20-40,0.35,league_region,point fit — not pre-kickoff. 2026 unit cells pool in-season weeks.
,14,,True,JAX,2023,opp,40-60,0.35,league,point fit — not pre-kickoff. 2026 unit cells pool in-season weeks.
,17,,True,JAX,2023,opp,60-80,0.475,league,point fit — not pre-kickoff. 2026 unit cells pool in-season weeks.
,21,,True,JAX,2023,opp,80-100,0.35,league,point fit — not pre-kickoff. 2026 unit cells pool in-season weeks.
,12,,True,JAX,2023,own,0-20,0.5,league,point fit — not pre-kickoff. 2026 unit cells pool in-season weeks.
,12,,True,JAX,2023,own,20-40,0.5,league,point fit — not pre-kickoff. 2026 unit cells pool in-season weeks.
,12,,True,JAX,2023,own,40-60,0.25,league,point fit — not pre-kickoff. 2026 unit cells pool in-season weeks.
,10,,True,JAX,2023,own,60-80,0.5,league_region,point fit — not pre-kickoff. 2026 unit cells pool in-season weeks.
,11,,True,JAX,2023,own,80-100,0.5,league_region,point fit — not pre-kickoff. 2026 unit cells pool in-season weeks.
,15,,True,JAX,2024,opp,0-20,0.7,league,point fit — not pre-kickoff. 2026 unit cells pool in-season weeks.
,11,,True,JAX,2024,opp,20-40,0.35,league_region,point fit — not pre-kickoff. 2026 unit cells pool in-season weeks.
,11,,True,JAX,2024,opp,40-60,0.35,league,point fit — not pre-kickoff. 2026 unit cells pool in-season weeks.
,6,,True,JAX,2024,opp,60-80,0.475,league,point fit — not pre-kickoff. 2026 unit cells pool in-season weeks.
,5,,True,JAX,2024,opp,80-100,0.35,league,point fit — not pre-kickoff. 2026 unit cells pool in-season weeks.
,21,,True,JAX,2024,own,0-20,0.5,league,point fit — not pre-kickoff. 2026 unit cells pool in-season weeks.
,21,,True,JAX,2024,own,20-40,0.5,league,point fit — not pre-kickoff. 2026 unit cells pool in-season weeks.
,18,,True,JAX,2024,own,40-60,0.25,league,point fit — not pre-kickoff. 2026 unit cells pool in-season weeks.
,8,,True,JAX,2024,own,60-80,0.5,league_region,point fit — not pre-kickoff. 2026 unit cells pool in-season weeks.
,3,,True,JAX,2024,own,80-100,0.5,league_region,point fit — not pre-kickoff. 2026 unit cells pool in-season weeks.
,12,,True,JAX,2025,opp,0-20,0.275,pooled,point fit — not pre-kickoff. 2026 unit cells pool in-season weeks.
,6,,True,JAX,2025,opp,20-40,0.275,pooled,point fit — not pre-kickoff. 2026 unit cells pool in-season weeks.
,15,,True,JAX,2025,opp,40-60,0.275,pooled,point fit — not pre-kickoff. 2026 unit cells pool in-season weeks.
,10,,True,JAX,2025,opp,60-80,0.275,pooled,point fit — not pre-kickoff. 2026 unit cells pool in-season weeks.
0.275,26,0.6153846153846154,False,JAX,2025,opp,80-100,0.275,unit,point fit — not pre-kickoff. 2026 unit cells pool in-season weeks.
,5,,True,JAX,2025,own,0-20,0.5,league,point fit — not pre-kickoff. 2026 unit cells pool in-season weeks.
,10,,True,JAX,2025,own,20-40,0.5,league,point fit — not pre-kickoff. 2026 unit cells pool in-season weeks.
,14,,True,JAX,2025,own,40-60,0.25,league,point fit — not pre-kickoff. 2026 unit cells pool in-season weeks.
,9,,True,JAX,2025,own,60-80,0.5,league_region,point fit — not pre-kickoff. 2026 unit cells pool in-season weeks.
,15,,True,JAX,2025,own,80-100,0.5,league_region,point fit — not pre-kickoff. 2026 unit cells pool in-season weeks.
,2,,True,JAX,2026,opp,40-60,0.35,league,point fit — not pre-kickoff. 2026 unit cells pool in-season weeks.
,3,,True,JAX,2026,opp,80-100,0.35,league,point fit — not pre-kickoff. 2026 unit cells pool in-season weeks.
,1,,True,JAX,2026,own,0-20,0.5,league,point fit — not pre-kickoff. 2026 unit cells pool in-season weeks.
,3,,True,JAX,2026,own,40-60,0.25,league,point fit — not pre-kickoff. 2026 unit cells pool in-season weeks.
,1,,True,JAX,2026,own,60-80,0.5,league_region,point fit — not pre-kickoff. 2026 unit cells pool in-season weeks.
,4,,True,JAX,2026,own,80-100,0.5,league_region,point fit — not pre-kickoff. 2026 unit cells pool in-season weeks.
,1,,True,KC,2022,opp,0-20,0.7,league,point fit — not pre-kickoff. 2026 unit cells pool in-season weeks.
,6,,True,KC,2022,opp,20-40,0.35,league_region,point fit — not pre-kickoff. 2026 unit cells pool in-season weeks.
,14,,True,KC,2022,opp,40-60,0.35,league,point fit — not pre-kickoff. 2026 unit cells pool in-season weeks.
,16,,True,KC,2022,opp,60-80,0.475,league,point fit — not pre-kickoff. 2026 unit cells pool in-season weeks.
,16,,True,KC,2022,opp,80-100,0.35,league,point fit — not pre-kickoff. 2026 unit cells pool in-season weeks.
,4,,True,KC,2022,own,0-20,0.5,league,point fit — not pre-kickoff. 2026 unit cells pool in-season weeks.
,14,,True,KC,2022,own,20-40,0.5,league,point fit — not pre-kickoff. 2026 unit cells pool in-season weeks.
,9,,True,KC,2022,own,40-60,0.25,league,point fit — not pre-kickoff. 2026 unit cells pool in-season weeks.
,15,,True,KC,2022,own,60-80,0.5,league_region,point fit — not pre-kickoff. 2026 unit cells pool in-season weeks.
,13,,True,KC,2022,own,80-100,0.5,league_region,point fit — not pre-kickoff. 2026 unit cells pool in-season weeks.
,7,,True,KC,2023,opp,0-20,0.7,league,point fit — not pre-kickoff. 2026 unit cells pool in-season weeks.
,9,,True,KC,2023,opp,20-40,0.35,league_region,point fit — not pre-kickoff. 2026 unit cells pool in-season weeks.
,13,,True,KC,2023,opp,40-60,0.35,league,point fit — not pre-kickoff. 2026 unit cells pool in-season weeks.
,24,,True,KC,2023,opp,60-80,0.475,league,point fit — not pre-kickoff. 2026 unit cells pool in-season weeks.
,11,,True,KC,2023,opp,80-100,0.35,league,point fit — not pre-kickoff. 2026 unit cells pool in-season weeks.
,11,,True,KC,2023,own,0-20,0.5,league,point fit — not pre-kickoff. 2026 unit cells pool in-season weeks.
,13,,True,KC,2023,own,20-40,0.5,league,point fit — not pre-kickoff. 2026 unit cells pool in-season weeks.
,17,,True,KC,2023,own,40-60,0.25,league,point fit — not pre-kickoff. 2026 unit cells pool in-season weeks.
,15,,True,KC,2023,own,60-80,0.5,league_region,point fit — not pre-kickoff. 2026 unit cells pool in-season weeks.
,18,,True,KC,2023,own,80-100,0.5,league_region,point fit — not pre-kickoff. 2026 unit cells pool in-season weeks.
,4,,True,KC,2024,opp,0-20,0.7,league,point fit — not pre-kickoff. 2026 unit cells pool in-season weeks.
,7,,True,KC,2024,opp,20-40,0.35,league_region,point fit — not pre-kickoff. 2026 unit cells pool in-season weeks.
,16,,True,KC,2024,opp,40-60,0.35,league,point fit — not pre-kickoff. 2026 unit cells pool in-season weeks.
,20,,True,KC,2024,opp,60-80,0.475,league,point fit — not pre-kickoff. 2026 unit cells pool in-season weeks.
,15,,True,KC,2024,opp,80-100,0.35,league,point fit — not pre-kickoff. 2026 unit cells pool in-season weeks.
,14,,True,KC,2024,own,0-20,0.5,league,point fit — not pre-kickoff. 2026 unit cells pool in-season weeks.
,10,,True,KC,2024,own,20-40,0.5,league,point fit — not pre-kickoff. 2026 unit cells pool in-season weeks.
,14,,True,KC,2024,own,40-60,0.25,league,point fit — not pre-kickoff. 2026 unit cells pool in-season weeks.
,17,,True,KC,2024,own,60-80,0.5,league_region,point fit — not pre-kickoff. 2026 unit cells pool in-season weeks.
,13,,True,KC,2024,own,80-100,0.5,league_region,point fit — not pre-kickoff. 2026 unit cells pool in-season weeks.
,12,,True,KC,2025,opp,0-20,0.7,league,point fit — not pre-kickoff. 2026 unit cells pool in-season weeks.
,15,,True,KC,2025,opp,20-40,0.35,league_region,point fit — not pre-kickoff. 2026 unit cells pool in-season weeks.
,23,,True,KC,2025,opp,40-60,0.35,league,point fit — not pre-kickoff. 2026 unit cells pool in-season weeks.
,7,,True,KC,2025,opp,60-80,0.475,league,point fit — not pre-kickoff. 2026 unit cells pool in-season weeks.
,9,,True,KC,2025,opp,80-100,0.35,league,point fit — not pre-kickoff. 2026 unit cells pool in-season weeks.
,9,,True,KC,2025,own,0-20,0.5,league,point fit — not pre-kickoff. 2026 unit cells pool in-season weeks.
,23,,True,KC,2025,own,20-40,0.5,league,point fit — not pre-kickoff. 2026 unit cells pool in-season weeks.
,12,,True,KC,2025,own,40-60,0.25,league,point fit — not pre-kickoff. 2026 unit cells pool in-season weeks.
,7,,True,KC,2025,own,60-80,0.5,league_region,point fit — not pre-kickoff. 2026 unit cells pool in-season weeks.
,6,,True,KC,2025,own,80-100,0.5,league_region,point fit — not pre-kickoff. 2026 unit cells pool in-season weeks.
,1,,True,KC,2026,opp,0-20,0.7,league,point fit — not pre-kickoff. 2026 unit cells pool in-season weeks.
,3,,True,KC,2026,opp,40-60,0.35,league,point fit — not pre-kickoff. 2026 unit cells pool in-season weeks.
,4,,True,KC,2026,opp,60-80,0.475,league,point fit — not pre-kickoff. 2026 unit cells pool in-season weeks.
,3,,True,KC,2026,opp,80-100,0.35,league,point fit — not pre-kickoff. 2026 unit cells pool in-season weeks.
,5,,True,KC,2026,own,40-60,0.25,league,point fit — not pre-kickoff. 2026 unit cells pool in-season weeks.
,2,,True,KC,2026,own,60-80,0.5,league_region,point fit — not pre-kickoff. 2026 unit cells pool in-season weeks.
,1,,True,KC,2026,own,80-100,0.5,league_region,point fit — not pre-kickoff. 2026 unit cells pool in-season weeks.
,10,,True,LA,2022,opp,0-20,0.7,league,point fit — not pre-kickoff. 2026 unit cells pool in-season weeks.
,17,,True,LA,2022,opp,20-40,0.35,league_region,point fit — not pre-kickoff. 2026 unit cells pool in-season weeks.
,13,,True,LA,2022,opp,40-60,0.35,league,point fit — not pre-kickoff. 2026 unit cells pool in-season weeks.
,4,,True,LA,2022,opp,60-80,0.475,league,point fit — not pre-kickoff. 2026 unit cells pool in-season weeks.
,4,,True,LA,2022,opp,80-100,0.35,league,point fit — not pre-kickoff. 2026 unit cells pool in-season weeks.
,19,,True,LA,2022,own,0-20,0.5,league,point fit — not pre-kickoff. 2026 unit cells pool in-season weeks.
,22,,True,LA,2022,own,20-40,0.5,league,point fit — not pre-kickoff. 2026 unit cells pool in-season weeks.
,18,,True,LA,2022,own,40-60,0.25,league,point fit — not pre-kickoff. 2026 unit cells pool in-season weeks.
,8,,True,LA,2022,own,60-80,0.5,league_region,point fit — not pre-kickoff. 2026 unit cells pool in-season weeks.
,5,,True,LA,2022,own,80-100,0.5,league_region,point fit — not pre-kickoff. 2026 unit cells pool in-season weeks.
,9,,True,LA,2023,opp,0-20,0.7,league,point fit — not pre-kickoff. 2026 unit cells pool in-season weeks.
,14,,True,LA,2023,opp,20-40,0.35,league_region,point fit — not pre-kickoff. 2026 unit cells pool in-season weeks.
,16,,True,LA,2023,opp,40-60,0.35,league,point fit — not pre-kickoff. 2026 unit cells pool in-season weeks.
,9,,True,LA,2023,opp,60-80,0.475,league,point fit — not pre-kickoff. 2026 unit cells pool in-season weeks.
,20,,True,LA,2023,opp,80-100,0.35,league,point fit — not pre-kickoff. 2026 unit cells pool in-season weeks.
,21,,True,LA,2023,own,0-20,0.5,league,point fit — not pre-kickoff. 2026 unit cells pool in-season weeks.
,11,,True,LA,2023,own,20-40,0.5,league,point fit — not pre-kickoff. 2026 unit cells pool in-season weeks.
,14,,True,LA,2023,own,40-60,0.25,league,point fit — not pre-kickoff. 2026 unit cells pool in-season weeks.
,11,,True,LA,2023,own,60-80,0.5,league_region,point fit — not pre-kickoff. 2026 unit cells pool in-season weeks.
,6,,True,LA,2023,own,80-100,0.5,league_region,point fit — not pre-kickoff. 2026 unit cells pool in-season weeks.
,14,,True,LA,2024,opp,0-20,0.7,league,point fit — not pre-kickoff. 2026 unit cells pool in-season weeks.
,17,,True,LA,2024,opp,20-40,0.35,league_region,point fit — not pre-kickoff. 2026 unit cells pool in-season weeks.
,24,,True,LA,2024,opp,40-60,0.35,league,point fit — not pre-kickoff. 2026 unit cells pool in-season weeks.
,8,,True,LA,2024,opp,60-80,0.475,league,point fit — not pre-kickoff. 2026 unit cells pool in-season weeks.
,9,,True,LA,2024,opp,80-100,0.35,league,point fit — not pre-kickoff. 2026 unit cells pool in-season weeks.
,12,,True,LA,2024,own,0-20,0.5,league,point fit — not pre-kickoff. 2026 unit cells pool in-season weeks.
,16,,True,LA,2024,own,20-40,0.5,league,point fit — not pre-kickoff. 2026 unit cells pool in-season weeks.
,18,,True,LA,2024,own,40-60,0.25,league,point fit — not pre-kickoff. 2026 unit cells pool in-season weeks.
,5,,True,LA,2024,own,60-80,0.5,league_region,point fit — not pre-kickoff. 2026 unit cells pool in-season weeks.
,10,,True,LA,2024,own,80-100,0.5,league_region,point fit — not pre-kickoff. 2026 unit cells pool in-season weeks.
,5,,True,LA,2025,opp,0-20,0.7,league,point fit — not pre-kickoff. 2026 unit cells pool in-season weeks.
,17,,True,LA,2025,opp,20-40,0.35,league_region,point fit — not pre-kickoff. 2026 unit cells pool in-season weeks.
,17,,True,LA,2025,opp,40-60,0.35,league,point fit — not pre-kickoff. 2026 unit cells pool in-season weeks.
,16,,True,LA,2025,opp,60-80,0.475,league,point fit — not pre-kickoff. 2026 unit cells pool in-season weeks.
,19,,True,LA,2025,opp,80-100,0.35,league,point fit — not pre-kickoff. 2026 unit cells pool in-season weeks.
,2,,True,LA,2025,own,0-20,0.5,league,point fit — not pre-kickoff. 2026 unit cells pool in-season weeks.
,5,,True,LA,2025,own,20-40,0.5,league,point fit — not pre-kickoff. 2026 unit cells pool in-season weeks.
,15,,True,LA,2025,own,40-60,0.25,league,point fit — not pre-kickoff. 2026 unit cells pool in-season weeks.
,16,,True,LA,2025,own,60-80,0.5,league_region,point fit — not pre-kickoff. 2026 unit cells pool in-season weeks.
,19,,True,LA,2025,own,80-100,0.5,league_region,point fit — not pre-kickoff. 2026 unit cells pool in-season weeks.
,2,,True,LA,2026,opp,0-20,0.7,league,point fit — not pre-kickoff. 2026 unit cells pool in-season weeks.
,2,,True,LA,2026,opp,20-40,0.35,league_region,point fit — not pre-kickoff. 2026 unit cells pool in-season weeks.
,2,,True,LA,2026,opp,40-60,0.35,league,point fit — not pre-kickoff. 2026 unit cells pool in-season weeks.
,1,,True,LA,2026,opp,60-80,0.475,league,point fit — not pre-kickoff. 2026 unit cells pool in-season weeks.
,2,,True,LA,2026,opp,80-100,0.35,league,point fit — not pre-kickoff. 2026 unit cells pool in-season weeks.
,3,,True,LA,2026,own,20-40,0.5,league,point fit — not pre-kickoff. 2026 unit cells pool in-season weeks.
,2,,True,LA,2026,own,40-60,0.25,league,point fit — not pre-kickoff. 2026 unit cells pool in-season weeks.
,1,,True,LA,2026,own,60-80,0.5,league_region,point fit — not pre-kickoff. 2026 unit cells pool in-season weeks.
,2,,True,LA,2026,own,80-100,0.5,league_region,point fit — not pre-kickoff. 2026 unit cells pool in-season weeks.
,12,,True,LAC,2022,opp,0-20,0.7,league,point fit — not pre-kickoff. 2026 unit cells pool in-season weeks.
,6,,True,LAC,2022,opp,20-40,0.35,league_region,point fit — not pre-kickoff. 2026 unit cells pool in-season weeks.
,17,,True,LAC,2022,opp,40-60,0.35,league,point fit — not pre-kickoff. 2026 unit cells pool in-season weeks.
,20,,True,LAC,2022,opp,60-80,0.475,league,point fit — not pre-kickoff. 2026 unit cells pool in-season weeks.
,16,,True,LAC,2022,opp,80-100,0.35,league,point fit — not pre-kickoff. 2026 unit cells pool in-season weeks.
,13,,True,LAC,2022,own,0-20,0.5,league,point fit — not pre-kickoff. 2026 unit cells pool in-season weeks.
,12,,True,LAC,2022,own,20-40,0.5,league,point fit — not pre-kickoff. 2026 unit cells pool in-season weeks.
,20,,True,LAC,2022,own,40-60,0.25,league,point fit — not pre-kickoff. 2026 unit cells pool in-season weeks.
,13,,True,LAC,2022,own,60-80,0.5,league_region,point fit — not pre-kickoff. 2026 unit cells pool in-season weeks.
,12,,True,LAC,2022,own,80-100,0.5,league_region,point fit — not pre-kickoff. 2026 unit cells pool in-season weeks.
,7,,True,LAC,2023,opp,0-20,0.7,league,point fit — not pre-kickoff. 2026 unit cells pool in-season weeks.
,11,,True,LAC,2023,opp,20-40,0.35,league_region,point fit — not pre-kickoff. 2026 unit cells pool in-season weeks.
,21,,True,LAC,2023,opp,40-60,0.35,league,point fit — not pre-kickoff. 2026 unit cells pool in-season weeks.
,10,,True,LAC,2023,opp,60-80,0.475,league,point fit — not pre-kickoff. 2026 unit cells pool in-season weeks.
,9,,True,LAC,2023,opp,80-100,0.35,league,point fit — not pre-kickoff. 2026 unit cells pool in-season weeks.
,20,,True,LAC,2023,own,0-20,0.5,league,point fit — not pre-kickoff. 2026 unit cells pool in-season weeks.
,21,,True,LAC,2023,own,20-40,0.5,league,point fit — not pre-kickoff. 2026 unit cells pool in-season weeks.
,16,,True,LAC,2023,own,40-60,0.25,league,point fit — not pre-kickoff. 2026 unit cells pool in-season weeks.
,12,,True,LAC,2023,own,60-80,0.5,league_region,point fit — not pre-kickoff. 2026 unit cells pool in-season weeks.
,10,,True,LAC,2023,own,80-100,0.5,league_region,point fit — not pre-kickoff. 2026 unit cells pool in-season weeks.
,4,,True,LAC,2024,opp,0-20,0.7,league,point fit — not pre-kickoff. 2026 unit cells pool in-season weeks.
,11,,True,LAC,2024,opp,20-40,0.35,league_region,point fit — not pre-kickoff. 2026 unit cells pool in-season weeks.
,21,,True,LAC,2024,opp,40-60,0.35,league,point fit — not pre-kickoff. 2026 unit cells pool in-season weeks.
,12,,True,LAC,2024,opp,60-80,0.475,league,point fit — not pre-kickoff. 2026 unit cells pool in-season weeks.
,14,,True,LAC,2024,opp,80-100,0.35,league,point fit — not pre-kickoff. 2026 unit cells pool in-season weeks.
,6,,True,LAC,2024,own,0-20,0.5,league,point fit — not pre-kickoff. 2026 unit cells pool in-season weeks.
,18,,True,LAC,2024,own,20-40,0.5,league,point fit — not pre-kickoff. 2026 unit cells pool in-season weeks.
,15,,True,LAC,2024,own,40-60,0.25,league,point fit — not pre-kickoff. 2026 unit cells pool in-season weeks.
,18,,True,LAC,2024,own,60-80,0.5,league_region,point fit — not pre-kickoff. 2026 unit cells pool in-season weeks.
,15,,True,LAC,2024,own,80-100,0.5,league_region,point fit — not pre-kickoff. 2026 unit cells pool in-season weeks.
,16,,True,LAC,2025,opp,0-20,0.7,league,point fit — not pre-kickoff. 2026 unit cells pool in-season weeks.
,9,,True,LAC,2025,opp,20-40,0.35,league_region,point fit — not pre-kickoff. 2026 unit cells pool in-season weeks.
,14,,True,LAC,2025,opp,40-60,0.35,league,point fit — not pre-kickoff. 2026 unit cells pool in-season weeks.
,8,,True,LAC,2025,opp,60-80,0.475,league,point fit — not pre-kickoff. 2026 unit cells pool in-season weeks.
,17,,True,LAC,2025,opp,80-100,0.35,league,point fit — not pre-kickoff. 2026 unit cells pool in-season weeks.
,19,,True,LAC,2025,own,0-20,0.5,league,point fit — not pre-kickoff. 2026 unit cells pool in-season weeks.
,16,,True,LAC,2025,own,20-40,0.5,league,point fit — not pre-kickoff. 2026 unit cells pool in-season weeks.
,16,,True,LAC,2025,own,40-60,0.25,league,point fit — not pre-kickoff. 2026 unit cells pool in-season weeks.
,9,,True,LAC,2025,own,60-80,0.5,league_region,point fit — not pre-kickoff. 2026 unit cells pool in-season weeks.
,4,,True,LAC,2025,own,80-100,0.5,league_region,point fit — not pre-kickoff. 2026 unit cells pool in-season weeks.
,1,,True,LAC,2026,opp,0-20,0.7,league,point fit — not pre-kickoff. 2026 unit cells pool in-season weeks.
,3,,True,LAC,2026,opp,40-60,0.35,league,point fit — not pre-kickoff. 2026 unit cells pool in-season weeks.
,1,,True,LAC,2026,opp,60-80,0.475,league,point fit — not pre-kickoff. 2026 unit cells pool in-season weeks.
,1,,True,LAC,2026,opp,80-100,0.35,league,point fit — not pre-kickoff. 2026 unit cells pool in-season weeks.
,2,,True,LAC,2026,own,0-20,0.5,league,point fit — not pre-kickoff. 2026 unit cells pool in-season weeks.
,7,,True,LAC,2026,own,20-40,0.5,league,point fit — not pre-kickoff. 2026 unit cells pool in-season weeks.
,3,,True,LAC,2026,own,40-60,0.25,league,point fit — not pre-kickoff. 2026 unit cells pool in-season weeks.
,2,,True,LAC,2026,own,60-80,0.5,league_region,point fit — not pre-kickoff. 2026 unit cells pool in-season weeks.
,10,,True,LV,2022,opp,0-20,0.7,league,point fit — not pre-kickoff. 2026 unit cells pool in-season weeks.
,14,,True,LV,2022,opp,20-40,0.35,league_region,point fit — not pre-kickoff. 2026 unit cells pool in-season weeks.
,11,,True,LV,2022,opp,40-60,0.35,league,point fit — not pre-kickoff. 2026 unit cells pool in-season weeks.
,9,,True,LV,2022,opp,60-80,0.475,league,point fit — not pre-kickoff. 2026 unit cells pool in-season weeks.
,11,,True,LV,2022,opp,80-100,0.35,league,point fit — not pre-kickoff. 2026 unit cells pool in-season weeks.
,15,,True,LV,2022,own,0-20,0.5,league,point fit — not pre-kickoff. 2026 unit cells pool in-season weeks.
,16,,True,LV,2022,own,20-40,0.5,league,point fit — not pre-kickoff. 2026 unit cells pool in-season weeks.
,14,,True,LV,2022,own,40-60,0.25,league,point fit — not pre-kickoff. 2026 unit cells pool in-season weeks.
,12,,True,LV,2022,own,60-80,0.5,league_region,point fit — not pre-kickoff. 2026 unit cells pool in-season weeks.
,4,,True,LV,2022,own,80-100,0.5,league_region,point fit — not pre-kickoff. 2026 unit cells pool in-season weeks.
,17,,True,LV,2023,opp,0-20,0.7,league,point fit — not pre-kickoff. 2026 unit cells pool in-season weeks.
,9,,True,LV,2023,opp,20-40,0.35,league_region,point fit — not pre-kickoff. 2026 unit cells pool in-season weeks.
,11,,True,LV,2023,opp,40-60,0.35,league,point fit — not pre-kickoff. 2026 unit cells pool in-season weeks.
,6,,True,LV,2023,opp,60-80,0.475,league,point fit — not pre-kickoff. 2026 unit cells pool in-season weeks.
,10,,True,LV,2023,opp,80-100,0.35,league,point fit — not pre-kickoff. 2026 unit cells pool in-season weeks.
,14,,True,LV,2023,own,0-20,0.5,league,point fit — not pre-kickoff. 2026 unit cells pool in-season weeks.
,17,,True,LV,2023,own,20-40,0.5,league,point fit — not pre-kickoff. 2026 unit cells pool in-season weeks.
,21,,True,LV,2023,own,40-60,0.25,league,point fit — not pre-kickoff. 2026 unit cells pool in-season weeks.
,8,,True,LV,2023,own,60-80,0.5,league_region,point fit — not pre-kickoff. 2026 unit cells pool in-season weeks.
,15,,True,LV,2023,own,80-100,0.5,league_region,point fit — not pre-kickoff. 2026 unit cells pool in-season weeks.
,21,,True,LV,2024,opp,0-20,0.7,league,point fit — not pre-kickoff. 2026 unit cells pool in-season weeks.
,13,,True,LV,2024,opp,20-40,0.35,league_region,point fit — not pre-kickoff. 2026 unit cells pool in-season weeks.
,14,,True,LV,2024,opp,40-60,0.35,league,point fit — not pre-kickoff. 2026 unit cells pool in-season weeks.
,8,,True,LV,2024,opp,60-80,0.475,league,point fit — not pre-kickoff. 2026 unit cells pool in-season weeks.
,5,,True,LV,2024,opp,80-100,0.35,league,point fit — not pre-kickoff. 2026 unit cells pool in-season weeks.
,19,,True,LV,2024,own,0-20,0.5,pooled,point fit — not pre-kickoff. 2026 unit cells pool in-season weeks.
0.5,25,1.0,False,LV,2024,own,20-40,0.5,unit,point fit — not pre-kickoff. 2026 unit cells pool in-season weeks.
,13,,True,LV,2024,own,40-60,0.5,pooled,point fit — not pre-kickoff. 2026 unit cells pool in-season weeks.
,11,,True,LV,2024,own,60-80,0.5,pooled,point fit — not pre-kickoff. 2026 unit cells pool in-season weeks.
,18,,True,LV,2025,opp,0-20,0.7,league,point fit — not pre-kickoff. 2026 unit cells pool in-season weeks.
,10,,True,LV,2025,opp,20-40,0.35,league_region,point fit — not pre-kickoff. 2026 unit cells pool in-season weeks.
,6,,True,LV,2025,opp,40-60,0.35,league,point fit — not pre-kickoff. 2026 unit cells pool in-season weeks.
,11,,True,LV,2025,opp,60-80,0.475,league,point fit — not pre-kickoff. 2026 unit cells pool in-season weeks.
,6,,True,LV,2025,opp,80-100,0.35,league,point fit — not pre-kickoff. 2026 unit cells pool in-season weeks.
0.5,31,1.0,False,LV,2025,own,0-20,0.5,unit,point fit — not pre-kickoff. 2026 unit cells pool in-season weeks.
0.5,25,1.0,False,LV,2025,own,20-40,0.5,unit,point fit — not pre-kickoff. 2026 unit cells pool in-season weeks.
,16,,True,LV,2025,own,40-60,0.5,pooled,point fit — not pre-kickoff. 2026 unit cells pool in-season weeks.
,6,,True,LV,2025,own,60-80,0.5,pooled,point fit — not pre-kickoff. 2026 unit cells pool in-season weeks.
,1,,True,LV,2025,own,80-100,0.5,pooled,point fit — not pre-kickoff. 2026 unit cells pool in-season weeks.
,4,,True,LV,2026,opp,40-60,0.35,league,point fit — not pre-kickoff. 2026 unit cells pool in-season weeks.
,2,,True,LV,2026,opp,60-80,0.475,league,point fit — not pre-kickoff. 2026 unit cells pool in-season weeks.
,3,,True,LV,2026,opp,80-100,0.35,league,point fit — not pre-kickoff. 2026 unit cells pool in-season weeks.
,1,,True,LV,2026,own,0-20,0.5,league,point fit — not pre-kickoff. 2026 unit cells pool in-season weeks.
,1,,True,LV,2026,own,20-40,0.5,league,point fit — not pre-kickoff. 2026 unit cells pool in-season weeks.
,4,,True,LV,2026,own,40-60,0.25,league,point fit — not pre-kickoff. 2026 unit cells pool in-season weeks.
,1,,True,LV,2026,own,60-80,0.5,league_region,point fit — not pre-kickoff. 2026 unit cells pool in-season weeks.
,4,,True,LV,2026,own,80-100,0.5,league_region,point fit — not pre-kickoff. 2026 unit cells pool in-season weeks.
,10,,True,MIA,2022,opp,0-20,0.7,league,point fit — not pre-kickoff. 2026 unit cells pool in-season weeks.
,7,,True,MIA,2022,opp,20-40,0.35,league_region,point fit — not pre-kickoff. 2026 unit cells pool in-season weeks.
,17,,True,MIA,2022,opp,40-60,0.35,league,point fit — not pre-kickoff. 2026 unit cells pool in-season weeks.
,15,,True,MIA,2022,opp,60-80,0.475,league,point fit — not pre-kickoff. 2026 unit cells pool in-season weeks.
,11,,True,MIA,2022,opp,80-100,0.35,league,point fit — not pre-kickoff. 2026 unit cells pool in-season weeks.
,10,,True,MIA,2022,own,0-20,0.5,pooled,point fit — not pre-kickoff. 2026 unit cells pool in-season weeks.
0.5,30,1.0,False,MIA,2022,own,20-40,0.5,unit,point fit — not pre-kickoff. 2026 unit cells pool in-season weeks.
,12,,True,MIA,2022,own,40-60,0.5,pooled,point fit — not pre-kickoff. 2026 unit cells pool in-season weeks.
,5,,True,MIA,2022,own,60-80,0.5,pooled,point fit — not pre-kickoff. 2026 unit cells pool in-season weeks.
,11,,True,MIA,2022,own,80-100,0.5,pooled,point fit — not pre-kickoff. 2026 unit cells pool in-season weeks.
,7,,True,MIA,2023,opp,0-20,0.7,league,point fit — not pre-kickoff. 2026 unit cells pool in-season weeks.
,8,,True,MIA,2023,opp,20-40,0.35,league_region,point fit — not pre-kickoff. 2026 unit cells pool in-season weeks.
,15,,True,MIA,2023,opp,40-60,0.35,league,point fit — not pre-kickoff. 2026 unit cells pool in-season weeks.
,12,,True,MIA,2023,opp,60-80,0.475,league,point fit — not pre-kickoff. 2026 unit cells pool in-season weeks.
,14,,True,MIA,2023,opp,80-100,0.35,league,point fit — not pre-kickoff. 2026 unit cells pool in-season weeks.
,16,,True,MIA,2023,own,0-20,0.5,league,point fit — not pre-kickoff. 2026 unit cells pool in-season weeks.
,11,,True,MIA,2023,own,20-40,0.5,league,point fit — not pre-kickoff. 2026 unit cells pool in-season weeks.
,7,,True,MIA,2023,own,40-60,0.25,league,point fit — not pre-kickoff. 2026 unit cells pool in-season weeks.
,7,,True,MIA,2023,own,60-80,0.5,league_region,point fit — not pre-kickoff. 2026 unit cells pool in-season weeks.
,16,,True,MIA,2023,own,80-100,0.5,league_region,point fit — not pre-kickoff. 2026 unit cells pool in-season weeks.
,17,,True,MIA,2024,opp,0-20,0.7,league,point fit — not pre-kickoff. 2026 unit cells pool in-season weeks.
,17,,True,MIA,2024,opp,20-40,0.35,league_region,point fit — not pre-kickoff. 2026 unit cells pool in-season weeks.
,16,,True,MIA,2024,opp,40-60,0.35,league,point fit — not pre-kickoff. 2026 unit cells pool in-season weeks.
,12,,True,MIA,2024,opp,60-80,0.475,league,point fit — not pre-kickoff. 2026 unit cells pool in-season weeks.
,8,,True,MIA,2024,opp,80-100,0.35,league,point fit — not pre-kickoff. 2026 unit cells pool in-season weeks.
,17,,True,MIA,2024,own,0-20,0.5,league,point fit — not pre-kickoff. 2026 unit cells pool in-season weeks.
,13,,True,MIA,2024,own,20-40,0.5,league,point fit — not pre-kickoff. 2026 unit cells pool in-season weeks.
,11,,True,MIA,2024,own,40-60,0.25,league,point fit — not pre-kickoff. 2026 unit cells pool in-season weeks.
,7,,True,MIA,2024,own,60-80,0.5,league_region,point fit — not pre-kickoff. 2026 unit cells pool in-season weeks.
,7,,True,MIA,2024,own,80-100,0.5,league_region,point fit — not pre-kickoff. 2026 unit cells pool in-season weeks.
,10,,True,MIA,2025,opp,0-20,0.7,league,point fit — not pre-kickoff. 2026 unit cells pool in-season weeks.
,6,,True,MIA,2025,opp,20-40,0.35,league_region,point fit — not pre-kickoff. 2026 unit cells pool in-season weeks.
,14,,True,MIA,2025,opp,40-60,0.35,league,point fit — not pre-kickoff. 2026 unit cells pool in-season weeks.
,6,,True,MIA,2025,opp,60-80,0.475,league,point fit — not pre-kickoff. 2026 unit cells pool in-season weeks.
,15,,True,MIA,2025,opp,80-100,0.35,league,point fit — not pre-kickoff. 2026 unit cells pool in-season weeks.
,24,,True,MIA,2025,own,0-20,0.5,league,point fit — not pre-kickoff. 2026 unit cells pool in-season weeks.
,8,,True,MIA,2025,own,20-40,0.5,league,point fit — not pre-kickoff. 2026 unit cells pool in-season weeks.
,8,,True,MIA,2025,own,40-60,0.25,league,point fit — not pre-kickoff. 2026 unit cells pool in-season weeks.
,8,,True,MIA,2025,own,60-80,0.5,league_region,point fit — not pre-kickoff. 2026 unit cells pool in-season weeks.
,14,,True,MIA,2025,own,80-100,0.5,league_region,point fit — not pre-kickoff. 2026 unit cells pool in-season weeks.
,3,,True,MIA,2026,opp,0-20,0.7,league,point fit — not pre-kickoff. 2026 unit cells pool in-season weeks.
,8,,True,MIA,2026,opp,20-40,0.35,league_region,point fit — not pre-kickoff. 2026 unit cells pool in-season weeks.
,1,,True,MIA,2026,opp,40-60,0.35,league,point fit — not pre-kickoff. 2026 unit cells pool in-season weeks.
,9,,True,MIA,2026,own,0-20,0.5,league,point fit — not pre-kickoff. 2026 unit cells pool in-season weeks.
,6,,True,MIN,2022,opp,0-20,0.7,league,point fit — not pre-kickoff. 2026 unit cells pool in-season weeks.
,4,,True,MIN,2022,opp,20-40,0.35,league_region,point fit — not pre-kickoff. 2026 unit cells pool in-season weeks.
,13,,True,MIN,2022,opp,40-60,0.35,league,point fit — not pre-kickoff. 2026 unit cells pool in-season weeks.
,15,,True,MIN,2022,opp,60-80,0.475,league,point fit — not pre-kickoff. 2026 unit cells pool in-season weeks.
,10,,True,MIN,2022,opp,80-100,0.35,league,point fit — not pre-kickoff. 2026 unit cells pool in-season weeks.
,23,,True,MIN,2022,own,0-20,0.5,league,point fit — not pre-kickoff. 2026 unit cells pool in-season weeks.
,16,,True,MIN,2022,own,20-40,0.5,league,point fit — not pre-kickoff. 2026 unit cells pool in-season weeks.
,13,,True,MIN,2022,own,40-60,0.25,league,point fit — not pre-kickoff. 2026 unit cells pool in-season weeks.
,14,,True,MIN,2022,own,60-80,0.5,league_region,point fit — not pre-kickoff. 2026 unit cells pool in-season weeks.
,13,,True,MIN,2022,own,80-100,0.5,league_region,point fit — not pre-kickoff. 2026 unit cells pool in-season weeks.
,9,,True,MIN,2023,opp,0-20,0.7,league,point fit — not pre-kickoff. 2026 unit cells pool in-season weeks.
,11,,True,MIN,2023,opp,20-40,0.35,league_region,point fit — not pre-kickoff. 2026 unit cells pool in-season weeks.
,15,,True,MIN,2023,opp,40-60,0.35,league,point fit — not pre-kickoff. 2026 unit cells pool in-season weeks.
,12,,True,MIN,2023,opp,60-80,0.475,league,point fit — not pre-kickoff. 2026 unit cells pool in-season weeks.
,12,,True,MIN,2023,opp,80-100,0.35,league,point fit — not pre-kickoff. 2026 unit cells pool in-season weeks.
,12,,True,MIN,2023,own,0-20,0.5,league,point fit — not pre-kickoff. 2026 unit cells pool in-season weeks.
,15,,True,MIN,2023,own,20-40,0.5,league,point fit — not pre-kickoff. 2026 unit cells pool in-season weeks.
,18,,True,MIN,2023,own,40-60,0.25,league,point fit — not pre-kickoff. 2026 unit cells pool in-season weeks.
,4,,True,MIN,2023,own,60-80,0.5,league_region,point fit — not pre-kickoff. 2026 unit cells pool in-season weeks.
,10,,True,MIN,2023,own,80-100,0.5,league_region,point fit — not pre-kickoff. 2026 unit cells pool in-season weeks.
,8,,True,MIN,2024,opp,0-20,0.7,league,point fit — not pre-kickoff. 2026 unit cells pool in-season weeks.
,9,,True,MIN,2024,opp,20-40,0.35,league_region,point fit — not pre-kickoff. 2026 unit cells pool in-season weeks.
,14,,True,MIN,2024,opp,40-60,0.35,league,point fit — not pre-kickoff. 2026 unit cells pool in-season weeks.
,14,,True,MIN,2024,opp,60-80,0.475,league,point fit — not pre-kickoff. 2026 unit cells pool in-season weeks.
,23,,True,MIN,2024,opp,80-100,0.35,league,point fit — not pre-kickoff. 2026 unit cells pool in-season weeks.
,5,,True,MIN,2024,own,0-20,0.5,league,point fit — not pre-kickoff. 2026 unit cells pool in-season weeks.
,8,,True,MIN,2024,own,20-40,0.5,league,point fit — not pre-kickoff. 2026 unit cells pool in-season weeks.
,6,,True,MIN,2024,own,40-60,0.25,league,point fit — not pre-kickoff. 2026 unit cells pool in-season weeks.
,9,,True,MIN,2024,own,60-80,0.5,league_region,point fit — not pre-kickoff. 2026 unit cells pool in-season weeks.
,21,,True,MIN,2024,own,80-100,0.5,league_region,point fit — not pre-kickoff. 2026 unit cells pool in-season weeks.
,13,,True,MIN,2025,opp,0-20,0.7,league,point fit — not pre-kickoff. 2026 unit cells pool in-season weeks.
,11,,True,MIN,2025,opp,20-40,0.35,league_region,point fit — not pre-kickoff. 2026 unit cells pool in-season weeks.
,14,,True,MIN,2025,opp,40-60,0.35,league,point fit — not pre-kickoff. 2026 unit cells pool in-season weeks.
,7,,True,MIN,2025,opp,60-80,0.475,league,point fit — not pre-kickoff. 2026 unit cells pool in-season weeks.
,10,,True,MIN,2025,opp,80-100,0.35,league,point fit — not pre-kickoff. 2026 unit cells pool in-season weeks.
,22,,True,MIN,2025,own,0-20,0.5,league,point fit — not pre-kickoff. 2026 unit cells pool in-season weeks.
,16,,True,MIN,2025,own,20-40,0.5,league,point fit — not pre-kickoff. 2026 unit cells pool in-season weeks.
,13,,True,MIN,2025,own,40-60,0.25,league,point fit — not pre-kickoff. 2026 unit cells pool in-season weeks.
,8,,True,MIN,2025,own,60-80,0.5,league_region,point fit — not pre-kickoff. 2026 unit cells pool in-season weeks.
,8,,True,MIN,2025,own,80-100,0.5,league_region,point fit — not pre-kickoff. 2026 unit cells pool in-season weeks.
,2,,True,MIN,2026,opp,20-40,0.35,league_region,point fit — not pre-kickoff. 2026 unit cells pool in-season weeks.
,4,,True,MIN,2026,opp,40-60,0.35,league,point fit — not pre-kickoff. 2026 unit cells pool in-season weeks.
,2,,True,MIN,2026,opp,60-80,0.475,league,point fit — not pre-kickoff. 2026 unit cells pool in-season weeks.
,2,,True,MIN,2026,opp,80-100,0.35,league,point fit — not pre-kickoff. 2026 unit cells pool in-season weeks.
,1,,True,MIN,2026,own,0-20,0.5,league,point fit — not pre-kickoff. 2026 unit cells pool in-season weeks.
,3,,True,MIN,2026,own,20-40,0.5,league,point fit — not pre-kickoff. 2026 unit cells pool in-season weeks.
,9,,True,MIN,2026,own,40-60,0.25,league,point fit — not pre-kickoff. 2026 unit cells pool in-season weeks.
,4,,True,MIN,2026,own,60-80,0.5,league_region,point fit — not pre-kickoff. 2026 unit cells pool in-season weeks.
,11,,True,NE,2022,opp,0-20,0.7,league,point fit — not pre-kickoff. 2026 unit cells pool in-season weeks.
,9,,True,NE,2022,opp,20-40,0.35,league_region,point fit — not pre-kickoff. 2026 unit cells pool in-season weeks.
,22,,True,NE,2022,opp,40-60,0.35,league,point fit — not pre-kickoff. 2026 unit cells pool in-season weeks.
,9,,True,NE,2022,opp,60-80,0.475,league,point fit — not pre-kickoff. 2026 unit cells pool in-season weeks.
,11,,True,NE,2022,opp,80-100,0.35,league,point fit — not pre-kickoff. 2026 unit cells pool in-season weeks.
,13,,True,NE,2022,own,0-20,0.5,league,point fit — not pre-kickoff. 2026 unit cells pool in-season weeks.
,15,,True,NE,2022,own,20-40,0.5,league,point fit — not pre-kickoff. 2026 unit cells pool in-season weeks.
,23,,True,NE,2022,own,40-60,0.25,league,point fit — not pre-kickoff. 2026 unit cells pool in-season weeks.
,2,,True,NE,2022,own,60-80,0.5,league_region,point fit — not pre-kickoff. 2026 unit cells pool in-season weeks.
,11,,True,NE,2022,own,80-100,0.5,league_region,point fit — not pre-kickoff. 2026 unit cells pool in-season weeks.
,13,,True,NE,2023,opp,0-20,0.7,league,point fit — not pre-kickoff. 2026 unit cells pool in-season weeks.
,18,,True,NE,2023,opp,20-40,0.35,league_region,point fit — not pre-kickoff. 2026 unit cells pool in-season weeks.
,9,,True,NE,2023,opp,40-60,0.35,league,point fit — not pre-kickoff. 2026 unit cells pool in-season weeks.
,10,,True,NE,2023,opp,60-80,0.475,league,point fit — not pre-kickoff. 2026 unit cells pool in-season weeks.
,5,,True,NE,2023,opp,80-100,0.35,league,point fit — not pre-kickoff. 2026 unit cells pool in-season weeks.
0.5,30,1.0,False,NE,2023,own,0-20,0.5,unit,point fit — not pre-kickoff. 2026 unit cells pool in-season weeks.
0.5,30,1.0,False,NE,2023,own,20-40,0.5,unit,point fit — not pre-kickoff. 2026 unit cells pool in-season weeks.
,19,,True,NE,2023,own,40-60,0.5,pooled,point fit — not pre-kickoff. 2026 unit cells pool in-season weeks.
,6,,True,NE,2023,own,60-80,0.5,pooled,point fit — not pre-kickoff. 2026 unit cells pool in-season weeks.
,7,,True,NE,2023,own,80-100,0.5,pooled,point fit — not pre-kickoff. 2026 unit cells pool in-season weeks.
,19,,True,NE,2024,opp,0-20,0.7,league,point fit — not pre-kickoff. 2026 unit cells pool in-season weeks.
,6,,True,NE,2024,opp,20-40,0.35,league_region,point fit — not pre-kickoff. 2026 unit cells pool in-season weeks.
,13,,True,NE,2024,opp,40-60,0.35,league,point fit — not pre-kickoff. 2026 unit cells pool in-season weeks.
,10,,True,NE,2024,opp,60-80,0.475,league,point fit — not pre-kickoff. 2026 unit cells pool in-season weeks.
,6,,True,NE,2024,opp,80-100,0.35,league,point fit — not pre-kickoff. 2026 unit cells pool in-season weeks.
0.5,27,1.0,False,NE,2024,own,0-20,0.5,unit,point fit — not pre-kickoff. 2026 unit cells pool in-season weeks.
,15,,True,NE,2024,own,20-40,0.5,pooled,point fit — not pre-kickoff. 2026 unit cells pool in-season weeks.
,13,,True,NE,2024,own,40-60,0.5,pooled,point fit — not pre-kickoff. 2026 unit cells pool in-season weeks.
,11,,True,NE,2024,own,60-80,0.5,pooled,point fit — not pre-kickoff. 2026 unit cells pool in-season weeks.
,5,,True,NE,2024,own,80-100,0.5,pooled,point fit — not pre-kickoff. 2026 unit cells pool in-season weeks.
,2,,True,NE,2025,opp,0-20,0.7,league,point fit — not pre-kickoff. 2026 unit cells pool in-season weeks.
,5,,True,NE,2025,opp,20-40,0.35,league_region,point fit — not pre-kickoff. 2026 unit cells pool in-season weeks.
,18,,True,NE,2025,opp,40-60,0.35,league,point fit — not pre-kickoff. 2026 unit cells pool in-season weeks.
,16,,True,NE,2025,opp,60-80,0.475,league,point fit — not pre-kickoff. 2026 unit cells pool in-season weeks.
,23,,True,NE,2025,opp,80-100,0.35,league,point fit — not pre-kickoff. 2026 unit cells pool in-season weeks.
,6,,True,NE,2025,own,0-20,0.5,league,point fit — not pre-kickoff. 2026 unit cells pool in-season weeks.
,24,,True,NE,2025,own,20-40,0.5,league,point fit — not pre-kickoff. 2026 unit cells pool in-season weeks.
,13,,True,NE,2025,own,40-60,0.25,league,point fit — not pre-kickoff. 2026 unit cells pool in-season weeks.
,16,,True,NE,2025,own,60-80,0.5,league_region,point fit — not pre-kickoff. 2026 unit cells pool in-season weeks.
,14,,True,NE,2025,own,80-100,0.5,league_region,point fit — not pre-kickoff. 2026 unit cells pool in-season weeks.
,3,,True,NE,2026,opp,0-20,0.7,league,point fit — not pre-kickoff. 2026 unit cells pool in-season weeks.
,2,,True,NE,2026,opp,20-40,0.35,league_region,point fit — not pre-kickoff. 2026 unit cells pool in-season weeks.
,1,,True,NE,2026,opp,40-60,0.35,league,point fit — not pre-kickoff. 2026 unit cells pool in-season weeks.
,2,,True,NE,2026,opp,60-80,0.475,league,point fit — not pre-kickoff. 2026 unit cells pool in-season weeks.
,4,,True,NE,2026,opp,80-100,0.35,league,point fit — not pre-kickoff. 2026 unit cells pool in-season weeks.
,1,,True,NE,2026,own,0-20,0.5,league,point fit — not pre-kickoff. 2026 unit cells pool in-season weeks.
,2,,True,NE,2026,own,20-40,0.5,league,point fit — not pre-kickoff. 2026 unit cells pool in-season weeks.
,2,,True,NE,2026,own,40-60,0.25,league,point fit — not pre-kickoff. 2026 unit cells pool in-season weeks.
,1,,True,NE,2026,own,60-80,0.5,league_region,point fit — not pre-kickoff. 2026 unit cells pool in-season weeks.
,3,,True,NE,2026,own,80-100,0.5,league_region,point fit — not pre-kickoff. 2026 unit cells pool in-season weeks.
,12,,True,NO,2022,opp,0-20,0.7,league,point fit — not pre-kickoff. 2026 unit cells pool in-season weeks.
,5,,True,NO,2022,opp,20-40,0.35,league_region,point fit — not pre-kickoff. 2026 unit cells pool in-season weeks.
,7,,True,NO,2022,opp,40-60,0.35,league,point fit — not pre-kickoff. 2026 unit cells pool in-season weeks.
,13,,True,NO,2022,opp,60-80,0.475,league,point fit — not pre-kickoff. 2026 unit cells pool in-season weeks.
,18,,True,NO,2022,opp,80-100,0.35,league,point fit — not pre-kickoff. 2026 unit cells pool in-season weeks.
,12,,True,NO,2022,own,0-20,0.5,league,point fit — not pre-kickoff. 2026 unit cells pool in-season weeks.
,20,,True,NO,2022,own,20-40,0.5,league,point fit — not pre-kickoff. 2026 unit cells pool in-season weeks.
,16,,True,NO,2022,own,40-60,0.25,league,point fit — not pre-kickoff. 2026 unit cells pool in-season weeks.
,11,,True,NO,2022,own,60-80,0.5,league_region,point fit — not pre-kickoff. 2026 unit cells pool in-season weeks.
,4,,True,NO,2022,own,80-100,0.5,league_region,point fit — not pre-kickoff. 2026 unit cells pool in-season weeks.
,16,,True,NO,2023,opp,0-20,0.7,league,point fit — not pre-kickoff. 2026 unit cells pool in-season weeks.
,14,,True,NO,2023,opp,20-40,0.35,league_region,point fit — not pre-kickoff. 2026 unit cells pool in-season weeks.
,22,,True,NO,2023,opp,40-60,0.35,league,point fit — not pre-kickoff. 2026 unit cells pool in-season weeks.
,3,,True,NO,2023,opp,60-80,0.475,league,point fit — not pre-kickoff. 2026 unit cells pool in-season weeks.
,16,,True,NO,2023,opp,80-100,0.35,league,point fit — not pre-kickoff. 2026 unit cells pool in-season weeks.
,13,,True,NO,2023,own,0-20,0.5,league,point fit — not pre-kickoff. 2026 unit cells pool in-season weeks.
,11,,True,NO,2023,own,20-40,0.5,league,point fit — not pre-kickoff. 2026 unit cells pool in-season weeks.
,12,,True,NO,2023,own,40-60,0.25,league,point fit — not pre-kickoff. 2026 unit cells pool in-season weeks.
,7,,True,NO,2023,own,60-80,0.5,league_region,point fit — not pre-kickoff. 2026 unit cells pool in-season weeks.
,17,,True,NO,2023,own,80-100,0.5,league_region,point fit — not pre-kickoff. 2026 unit cells pool in-season weeks.
,15,,True,NO,2024,opp,0-20,0.7,league,point fit — not pre-kickoff. 2026 unit cells pool in-season weeks.
,9,,True,NO,2024,opp,20-40,0.35,league_region,point fit — not pre-kickoff. 2026 unit cells pool in-season weeks.
,15,,True,NO,2024,opp,40-60,0.35,league,point fit — not pre-kickoff. 2026 unit cells pool in-season weeks.
,15,,True,NO,2024,opp,60-80,0.475,league,point fit — not pre-kickoff. 2026 unit cells pool in-season weeks.
,7,,True,NO,2024,opp,80-100,0.35,league,point fit — not pre-kickoff. 2026 unit cells pool in-season weeks.
,24,,True,NO,2024,own,0-20,0.5,league,point fit — not pre-kickoff. 2026 unit cells pool in-season weeks.
,13,,True,NO,2024,own,20-40,0.5,league,point fit — not pre-kickoff. 2026 unit cells pool in-season weeks.
,15,,True,NO,2024,own,40-60,0.25,league,point fit — not pre-kickoff. 2026 unit cells pool in-season weeks.
,12,,True,NO,2024,own,60-80,0.5,league_region,point fit — not pre-kickoff. 2026 unit cells pool in-season weeks.
,6,,True,NO,2024,own,80-100,0.5,league_region,point fit — not pre-kickoff. 2026 unit cells pool in-season weeks.
,23,,True,NO,2025,opp,0-20,0.7,league,point fit — not pre-kickoff. 2026 unit cells pool in-season weeks.
,24,,True,NO,2025,opp,20-40,0.35,league_region,point fit — not pre-kickoff. 2026 unit cells pool in-season weeks.
,17,,True,NO,2025,opp,40-60,0.35,league,point fit — not pre-kickoff. 2026 unit cells pool in-season weeks.
,5,,True,NO,2025,opp,60-80,0.475,league,point fit — not pre-kickoff. 2026 unit cells pool in-season weeks.
,5,,True,NO,2025,opp,80-100,0.35,league,point fit — not pre-kickoff. 2026 unit cells pool in-season weeks.
0.5,26,1.0,False,NO,2025,own,0-20,0.5,unit,point fit — not pre-kickoff. 2026 unit cells pool in-season weeks.
,15,,True,NO,2025,own,20-40,0.5,pooled,point fit — not pre-kickoff. 2026 unit cells pool in-season weeks.
,12,,True,NO,2025,own,40-60,0.5,pooled,point fit — not pre-kickoff. 2026 unit cells pool in-season weeks.
,1,,True,NO,2025,own,60-80,0.5,pooled,point fit — not pre-kickoff. 2026 unit cells pool in-season weeks.
,2,,True,NO,2025,own,80-100,0.5,pooled,point fit — not pre-kickoff. 2026 unit cells pool in-season weeks.
,2,,True,NO,2026,opp,0-20,0.7,league,point fit — not pre-kickoff. 2026 unit cells pool in-season weeks.
,4,,True,NO,2026,opp,20-40,0.35,league_region,point fit — not pre-kickoff. 2026 unit cells pool in-season weeks.
,1,,True,NO,2026,opp,40-60,0.35,league,point fit — not pre-kickoff. 2026 unit cells pool in-season weeks.
,2,,True,NO,2026,opp,60-80,0.475,league,point fit — not pre-kickoff. 2026 unit cells pool in-season weeks.
,2,,True,NO,2026,own,0-20,0.5,league,point fit — not pre-kickoff. 2026 unit cells pool in-season weeks.
,4,,True,NO,2026,own,20-40,0.5,league,point fit — not pre-kickoff. 2026 unit cells pool in-season weeks.
,4,,True,NO,2026,own,40-60,0.25,league,point fit — not pre-kickoff. 2026 unit cells pool in-season weeks.
,16,,True,NYG,2022,opp,0-20,0.7,league,point fit — not pre-kickoff. 2026 unit cells pool in-season weeks.
,8,,True,NYG,2022,opp,20-40,0.35,league_region,point fit — not pre-kickoff. 2026 unit cells pool in-season weeks.
,19,,True,NYG,2022,opp,40-60,0.35,league,point fit — not pre-kickoff. 2026 unit cells pool in-season weeks.
,12,,True,NYG,2022,opp,60-80,0.475,league,point fit — not pre-kickoff. 2026 unit cells pool in-season weeks.
,8,,True,NYG,2022,opp,80-100,0.35,league,point fit — not pre-kickoff. 2026 unit cells pool in-season weeks.
,22,,True,NYG,2022,own,0-20,0.5,league,point fit — not pre-kickoff. 2026 unit cells pool in-season weeks.
,17,,True,NYG,2022,own,20-40,0.5,league,point fit — not pre-kickoff. 2026 unit cells pool in-season weeks.
,21,,True,NYG,2022,own,40-60,0.25,league,point fit — not pre-kickoff. 2026 unit cells pool in-season weeks.
,8,,True,NYG,2022,own,60-80,0.5,league_region,point fit — not pre-kickoff. 2026 unit cells pool in-season weeks.
,8,,True,NYG,2022,own,80-100,0.5,league_region,point fit — not pre-kickoff. 2026 unit cells pool in-season weeks.
,24,,True,NYG,2023,opp,0-20,0.7,league,point fit — not pre-kickoff. 2026 unit cells pool in-season weeks.
,11,,True,NYG,2023,opp,20-40,0.35,league_region,point fit — not pre-kickoff. 2026 unit cells pool in-season weeks.
,16,,True,NYG,2023,opp,40-60,0.35,league,point fit — not pre-kickoff. 2026 unit cells pool in-season weeks.
,9,,True,NYG,2023,opp,60-80,0.475,league,point fit — not pre-kickoff. 2026 unit cells pool in-season weeks.
,4,,True,NYG,2023,opp,80-100,0.35,league,point fit — not pre-kickoff. 2026 unit cells pool in-season weeks.
0.5,34,1.0,False,NYG,2023,own,0-20,0.5,unit,point fit — not pre-kickoff. 2026 unit cells pool in-season weeks.
,20,,True,NYG,2023,own,20-40,0.5,pooled,point fit — not pre-kickoff. 2026 unit cells pool in-season weeks.
,23,,True,NYG,2023,own,40-60,0.5,pooled,point fit — not pre-kickoff. 2026 unit cells pool in-season weeks.
,14,,True,NYG,2023,own,60-80,0.5,pooled,point fit — not pre-kickoff. 2026 unit cells pool in-season weeks.
,7,,True,NYG,2023,own,80-100,0.5,pooled,point fit — not pre-kickoff. 2026 unit cells pool in-season weeks.
,19,,True,NYG,2024,opp,0-20,0.7,league,point fit — not pre-kickoff. 2026 unit cells pool in-season weeks.
,20,,True,NYG,2024,opp,20-40,0.35,league_region,point fit — not pre-kickoff. 2026 unit cells pool in-season weeks.
,18,,True,NYG,2024,opp,40-60,0.35,league,point fit — not pre-kickoff. 2026 unit cells pool in-season weeks.
,4,,True,NYG,2024,opp,60-80,0.475,league,point fit — not pre-kickoff. 2026 unit cells pool in-season weeks.
,4,,True,NYG,2024,opp,80-100,0.35,league,point fit — not pre-kickoff. 2026 unit cells pool in-season weeks.
0.5,25,1.0,False,NYG,2024,own,0-20,0.5,unit,point fit — not pre-kickoff. 2026 unit cells pool in-season weeks.
0.5,30,1.0,False,NYG,2024,own,20-40,0.5,unit,point fit — not pre-kickoff. 2026 unit cells pool in-season weeks.
,11,,True,NYG,2024,own,40-60,0.5,pooled,point fit — not pre-kickoff. 2026 unit cells pool in-season weeks.
,2,,True,NYG,2024,own,60-80,0.5,pooled,point fit — not pre-kickoff. 2026 unit cells pool in-season weeks.
,7,,True,NYG,2024,own,80-100,0.5,pooled,point fit — not pre-kickoff. 2026 unit cells pool in-season weeks.
,18,,True,NYG,2025,opp,0-20,0.7,league,point fit — not pre-kickoff. 2026 unit cells pool in-season weeks.
,10,,True,NYG,2025,opp,20-40,0.35,league_region,point fit — not pre-kickoff. 2026 unit cells pool in-season weeks.
,16,,True,NYG,2025,opp,40-60,0.35,league,point fit — not pre-kickoff. 2026 unit cells pool in-season weeks.
,7,,True,NYG,2025,opp,60-80,0.475,league,point fit — not pre-kickoff. 2026 unit cells pool in-season weeks.
,12,,True,NYG,2025,opp,80-100,0.35,league,point fit — not pre-kickoff. 2026 unit cells pool in-season weeks.
,19,,True,NYG,2025,own,0-20,0.5,league,point fit — not pre-kickoff. 2026 unit cells pool in-season weeks.
,19,,True,NYG,2025,own,20-40,0.5,league,point fit — not pre-kickoff. 2026 unit cells pool in-season weeks.
,8,,True,NYG,2025,own,40-60,0.25,league,point fit — not pre-kickoff. 2026 unit cells pool in-season weeks.
,10,,True,NYG,2025,own,60-80,0.5,league_region,point fit — not pre-kickoff. 2026 unit cells pool in-season weeks.
,5,,True,NYG,2025,own,80-100,0.5,league_region,point fit — not pre-kickoff. 2026 unit cells pool in-season weeks.
,5,,True,NYG,2026,opp,0-20,0.7,league,point fit — not pre-kickoff. 2026 unit cells pool in-season weeks.
,2,,True,NYG,2026,opp,20-40,0.35,league_region,point fit — not pre-kickoff. 2026 unit cells pool in-season weeks.
,3,,True,NYG,2026,opp,60-80,0.475,league,point fit — not pre-kickoff. 2026 unit cells pool in-season weeks.
,2,,True,NYG,2026,opp,80-100,0.35,league,point fit — not pre-kickoff. 2026 unit cells pool in-season weeks.
,3,,True,NYG,2026,own,0-20,0.5,league,point fit — not pre-kickoff. 2026 unit cells pool in-season weeks.
,4,,True,NYG,2026,own,60-80,0.5,league_region,point fit — not pre-kickoff. 2026 unit cells pool in-season weeks.
,1,,True,NYG,2026,own,80-100,0.5,league_region,point fit — not pre-kickoff. 2026 unit cells pool in-season weeks.
,23,,True,NYJ,2022,opp,0-20,0.7,league,point fit — not pre-kickoff. 2026 unit cells pool in-season weeks.
,11,,True,NYJ,2022,opp,20-40,0.35,league_region,point fit — not pre-kickoff. 2026 unit cells pool in-season weeks.
,17,,True,NYJ,2022,opp,40-60,0.35,league,point fit — not pre-kickoff. 2026 unit cells pool in-season weeks.
,9,,True,NYJ,2022,opp,60-80,0.475,league,point fit — not pre-kickoff. 2026 unit cells pool in-season weeks.
,3,,True,NYJ,2022,opp,80-100,0.35,league,point fit — not pre-kickoff. 2026 unit cells pool in-season weeks.
,21,,True,NYJ,2022,own,0-20,0.25,pooled,point fit — not pre-kickoff. 2026 unit cells pool in-season weeks.
,24,,True,NYJ,2022,own,20-40,0.25,pooled,point fit — not pre-kickoff. 2026 unit cells pool in-season weeks.
0.25,30,0.4,False,NYJ,2022,own,40-60,0.25,unit,point fit — not pre-kickoff. 2026 unit cells pool in-season weeks.
,6,,True,NYJ,2022,own,60-80,0.25,pooled,point fit — not pre-kickoff. 2026 unit cells pool in-season weeks.
,1,,True,NYJ,2022,own,80-100,0.25,pooled,point fit — not pre-kickoff. 2026 unit cells pool in-season weeks.
,22,,True,NYJ,2023,opp,0-20,0.7,league,point fit — not pre-kickoff. 2026 unit cells pool in-season weeks.
,13,,True,NYJ,2023,opp,20-40,0.35,league_region,point fit — not pre-kickoff. 2026 unit cells pool in-season weeks.
,12,,True,NYJ,2023,opp,40-60,0.35,league,point fit — not pre-kickoff. 2026 unit cells pool in-season weeks.
,8,,True,NYJ,2023,opp,60-80,0.475,league,point fit — not pre-kickoff. 2026 unit cells pool in-season weeks.
,8,,True,NYJ,2023,opp,80-100,0.35,league,point fit — not pre-kickoff. 2026 unit cells pool in-season weeks.
0.5,36,1.0,False,NYJ,2023,own,0-20,0.5,unit,point fit — not pre-kickoff. 2026 unit cells pool in-season weeks.
0.5,29,1.0,False,NYJ,2023,own,20-40,0.5,unit,point fit — not pre-kickoff. 2026 unit cells pool in-season weeks.
0.25,28,0.17857142857142858,False,NYJ,2023,own,40-60,0.25,unit,point fit — not pre-kickoff. 2026 unit cells pool in-season weeks.
,3,,True,NYJ,2023,own,60-80,0.5,pooled,point fit — not pre-kickoff. 2026 unit cells pool in-season weeks.
,5,,True,NYJ,2023,own,80-100,0.5,pooled,point fit — not pre-kickoff. 2026 unit cells pool in-season weeks.
,12,,True,NYJ,2024,opp,0-20,0.7,league,point fit — not pre-kickoff. 2026 unit cells pool in-season weeks.
,6,,True,NYJ,2024,opp,20-40,0.35,league_region,point fit — not pre-kickoff. 2026 unit cells pool in-season weeks.
,16,,True,NYJ,2024,opp,40-60,0.35,league,point fit — not pre-kickoff. 2026 unit cells pool in-season weeks.
,14,,True,NYJ,2024,opp,60-80,0.475,league,point fit — not pre-kickoff. 2026 unit cells pool in-season weeks.
,7,,True,NYJ,2024,opp,80-100,0.35,league,point fit — not pre-kickoff. 2026 unit cells pool in-season weeks.
,11,,True,NYJ,2024,own,0-20,0.5,league,point fit — not pre-kickoff. 2026 unit cells pool in-season weeks.
,17,,True,NYJ,2024,own,20-40,0.5,league,point fit — not pre-kickoff. 2026 unit cells pool in-season weeks.
,23,,True,NYJ,2024,own,40-60,0.25,league,point fit — not pre-kickoff. 2026 unit cells pool in-season weeks.
,8,,True,NYJ,2024,own,60-80,0.5,league_region,point fit — not pre-kickoff. 2026 unit cells pool in-season weeks.
,1,,True,NYJ,2024,own,80-100,0.5,league_region,point fit — not pre-kickoff. 2026 unit cells pool in-season weeks.
0.6,33,0.5151515151515151,False,NYJ,2025,opp,0-20,0.6,unit,point fit — not pre-kickoff. 2026 unit cells pool in-season weeks.
,6,,True,NYJ,2025,opp,20-40,0.6,pooled,point fit — not pre-kickoff. 2026 unit cells pool in-season weeks.
,17,,True,NYJ,2025,opp,40-60,0.6,pooled,point fit — not pre-kickoff. 2026 unit cells pool in-season weeks.
,5,,True,NYJ,2025,opp,60-80,0.6,pooled,point fit — not pre-kickoff. 2026 unit cells pool in-season weeks.
,1,,True,NYJ,2025,opp,80-100,0.6,pooled,point fit — not pre-kickoff. 2026 unit cells pool in-season weeks.
0.5,35,1.0,False,NYJ,2025,own,0-20,0.5,unit,point fit — not pre-kickoff. 2026 unit cells pool in-season weeks.
,23,,True,NYJ,2025,own,20-40,0.5,pooled,point fit — not pre-kickoff. 2026 unit cells pool in-season weeks.
,13,,True,NYJ,2025,own,40-60,0.5,pooled,point fit — not pre-kickoff. 2026 unit cells pool in-season weeks.
,6,,True,NYJ,2025,own,60-80,0.5,pooled,point fit — not pre-kickoff. 2026 unit cells pool in-season weeks.
,2,,True,NYJ,2026,opp,0-20,0.7,league,point fit — not pre-kickoff. 2026 unit cells pool in-season weeks.
,1,,True,NYJ,2026,opp,40-60,0.35,league,point fit — not pre-kickoff. 2026 unit cells pool in-season weeks.
,5,,True,NYJ,2026,opp,60-80,0.475,league,point fit — not pre-kickoff. 2026 unit cells pool in-season weeks.
,4,,True,NYJ,2026,opp,80-100,0.35,league,point fit — not pre-kickoff. 2026 unit cells pool in-season weeks.
,3,,True,NYJ,2026,own,20-40,0.5,league,point fit — not pre-kickoff. 2026 unit cells pool in-season weeks.
,5,,True,NYJ,2026,own,40-60,0.25,league,point fit — not pre-kickoff. 2026 unit cells pool in-season weeks.
,1,,True,NYJ,2026,own,60-80,0.5,league_region,point fit — not pre-kickoff. 2026 unit cells pool in-season weeks.
,2,,True,NYJ,2026,own,80-100,0.5,league_region,point fit — not pre-kickoff. 2026 unit cells pool in-season weeks.
,4,,True,PHI,2022,opp,0-20,0.45,pooled,point fit — not pre-kickoff. 2026 unit cells pool in-season weeks.
,8,,True,PHI,2022,opp,20-40,0.45,pooled,point fit — not pre-kickoff. 2026 unit cells pool in-season weeks.
,11,,True,PHI,2022,opp,40-60,0.45,pooled,point fit — not pre-kickoff. 2026 unit cells pool in-season weeks.
,16,,True,PHI,2022,opp,60-80,0.45,pooled,point fit — not pre-kickoff. 2026 unit cells pool in-season weeks.
0.45,29,0.5517241379310345,False,PHI,2022,opp,80-100,0.45,unit,point fit — not pre-kickoff. 2026 unit cells pool in-season weeks.
,5,,True,PHI,2022,own,0-20,0.5,league,point fit — not pre-kickoff. 2026 unit cells pool in-season weeks.
,10,,True,PHI,2022,own,20-40,0.5,league,point fit — not pre-kickoff. 2026 unit cells pool in-season weeks.
,11,,True,PHI,2022,own,40-60,0.25,league,point fit — not pre-kickoff. 2026 unit cells pool in-season weeks.
,10,,True,PHI,2022,own,60-80,0.5,league_region,point fit — not pre-kickoff. 2026 unit cells pool in-season weeks.
,24,,True,PHI,2022,own,80-100,0.5,league_region,point fit — not pre-kickoff. 2026 unit cells pool in-season weeks.
,9,,True,PHI,2023,opp,0-20,0.7,league,point fit — not pre-kickoff. 2026 unit cells pool in-season weeks.
,5,,True,PHI,2023,opp,20-40,0.35,league_region,point fit — not pre-kickoff. 2026 unit cells pool in-season weeks.
,9,,True,PHI,2023,opp,40-60,0.35,league,point fit — not pre-kickoff. 2026 unit cells pool in-season weeks.
,19,,True,PHI,2023,opp,60-80,0.475,league,point fit — not pre-kickoff. 2026 unit cells pool in-season weeks.
,13,,True,PHI,2023,opp,80-100,0.35,league,point fit — not pre-kickoff. 2026 unit cells pool in-season weeks.
,13,,True,PHI,2023,own,0-20,0.5,league,point fit — not pre-kickoff. 2026 unit cells pool in-season weeks.
,7,,True,PHI,2023,own,20-40,0.5,league,point fit — not pre-kickoff. 2026 unit cells pool in-season weeks.
,16,,True,PHI,2023,own,40-60,0.25,league,point fit — not pre-kickoff. 2026 unit cells pool in-season weeks.
,9,,True,PHI,2023,own,60-80,0.5,league_region,point fit — not pre-kickoff. 2026 unit cells pool in-season weeks.
,13,,True,PHI,2023,own,80-100,0.5,league_region,point fit — not pre-kickoff. 2026 unit cells pool in-season weeks.
,1,,True,PHI,2024,opp,0-20,0.35,pooled,point fit — not pre-kickoff. 2026 unit cells pool in-season weeks.
,8,,True,PHI,2024,opp,20-40,0.35,pooled,point fit — not pre-kickoff. 2026 unit cells pool in-season weeks.
,15,,True,PHI,2024,opp,40-60,0.35,pooled,point fit — not pre-kickoff. 2026 unit cells pool in-season weeks.
,17,,True,PHI,2024,opp,60-80,0.35,pooled,point fit — not pre-kickoff. 2026 unit cells pool in-season weeks.
0.35,42,0.6428571428571429,False,PHI,2024,opp,80-100,0.35,unit,point fit — not pre-kickoff. 2026 unit cells pool in-season weeks.
,7,,True,PHI,2024,own,0-20,0.5,league,point fit — not pre-kickoff. 2026 unit cells pool in-season weeks.
,10,,True,PHI,2024,own,20-40,0.5,league,point fit — not pre-kickoff. 2026 unit cells pool in-season weeks.
,22,,True,PHI,2024,own,40-60,0.25,league,point fit — not pre-kickoff. 2026 unit cells pool in-season weeks.
,12,,True,PHI,2024,own,60-80,0.5,league_region,point fit — not pre-kickoff. 2026 unit cells pool in-season weeks.
,11,,True,PHI,2024,own,80-100,0.5,league_region,point fit — not pre-kickoff. 2026 unit cells pool in-season weeks.
,3,,True,PHI,2025,opp,0-20,0.7,league,point fit — not pre-kickoff. 2026 unit cells pool in-season weeks.
,9,,True,PHI,2025,opp,20-40,0.35,league_region,point fit — not pre-kickoff. 2026 unit cells pool in-season weeks.
,13,,True,PHI,2025,opp,40-60,0.35,league,point fit — not pre-kickoff. 2026 unit cells pool in-season weeks.
,15,,True,PHI,2025,opp,60-80,0.475,league,point fit — not pre-kickoff. 2026 unit cells pool in-season weeks.
,8,,True,PHI,2025,opp,80-100,0.35,league,point fit — not pre-kickoff. 2026 unit cells pool in-season weeks.
,5,,True,PHI,2025,own,0-20,0.5,league,point fit — not pre-kickoff. 2026 unit cells pool in-season weeks.
,17,,True,PHI,2025,own,20-40,0.5,league,point fit — not pre-kickoff. 2026 unit cells pool in-season weeks.
,18,,True,PHI,2025,own,40-60,0.25,league,point fit — not pre-kickoff. 2026 unit cells pool in-season weeks.
,18,,True,PHI,2025,own,60-80,0.5,league_region,point fit — not pre-kickoff. 2026 unit cells pool in-season weeks.
,22,,True,PHI,2025,own,80-100,0.5,league_region,point fit — not pre-kickoff. 2026 unit cells pool in-season weeks.
,2,,True,PHI,2026,opp,0-20,0.7,league,point fit — not pre-kickoff. 2026 unit cells pool in-season weeks.
,1,,True,PHI,2026,opp,20-40,0.35,league_region,point fit — not pre-kickoff. 2026 unit cells pool in-season weeks.
,1,,True,PHI,2026,opp,40-60,0.35,league,point fit — not pre-kickoff. 2026 unit cells pool in-season weeks.
,1,,True,PHI,2026,opp,60-80,0.475,league,point fit — not pre-kickoff. 2026 unit cells pool in-season weeks.
,1,,True,PHI,2026,opp,80-100,0.35,league,point fit — not pre-kickoff. 2026 unit cells pool in-season weeks.
,1,,True,PHI,2026,own,0-20,0.5,league,point fit — not pre-kickoff. 2026 unit cells pool in-season weeks.
,3,,True,PHI,2026,own,20-40,0.5,league,point fit — not pre-kickoff. 2026 unit cells pool in-season weeks.
,3,,True,PHI,2026,own,40-60,0.25,league,point fit — not pre-kickoff. 2026 unit cells pool in-season weeks.
,5,,True,PHI,2026,own,60-80,0.5,league_region,point fit — not pre-kickoff. 2026 unit cells pool in-season weeks.
,12,,True,PIT,2022,opp,0-20,0.7,league,point fit — not pre-kickoff. 2026 unit cells pool in-season weeks.
,13,,True,PIT,2022,opp,20-40,0.35,league_region,point fit — not pre-kickoff. 2026 unit cells pool in-season weeks.
,19,,True,PIT,2022,opp,40-60,0.35,league,point fit — not pre-kickoff. 2026 unit cells pool in-season weeks.
,12,,True,PIT,2022,opp,60-80,0.475,league,point fit — not pre-kickoff. 2026 unit cells pool in-season weeks.
,5,,True,PIT,2022,opp,80-100,0.35,league,point fit — not pre-kickoff. 2026 unit cells pool in-season weeks.
,17,,True,PIT,2022,own,0-20,0.5,league,point fit — not pre-kickoff. 2026 unit cells pool in-season weeks.
,18,,True,PIT,2022,own,20-40,0.5,league,point fit — not pre-kickoff. 2026 unit cells pool in-season weeks.
,12,,True,PIT,2022,own,40-60,0.25,league,point fit — not pre-kickoff. 2026 unit cells pool in-season weeks.
,10,,True,PIT,2022,own,60-80,0.5,league_region,point fit — not pre-kickoff. 2026 unit cells pool in-season weeks.
,7,,True,PIT,2022,own,80-100,0.5,league_region,point fit — not pre-kickoff. 2026 unit cells pool in-season weeks.
,13,,True,PIT,2023,opp,0-20,0.7,league,point fit — not pre-kickoff. 2026 unit cells pool in-season weeks.
,11,,True,PIT,2023,opp,20-40,0.35,league_region,point fit — not pre-kickoff. 2026 unit cells pool in-season weeks.
,17,,True,PIT,2023,opp,40-60,0.35,league,point fit — not pre-kickoff. 2026 unit cells pool in-season weeks.
,10,,True,PIT,2023,opp,60-80,0.475,league,point fit — not pre-kickoff. 2026 unit cells pool in-season weeks.
,9,,True,PIT,2023,opp,80-100,0.35,league,point fit — not pre-kickoff. 2026 unit cells pool in-season weeks.
,22,,True,PIT,2023,own,0-20,0.5,pooled,point fit — not pre-kickoff. 2026 unit cells pool in-season weeks.
0.5,32,1.0,False,PIT,2023,own,20-40,0.5,unit,point fit — not pre-kickoff. 2026 unit cells pool in-season weeks.
,13,,True,PIT,2023,own,40-60,0.5,pooled,point fit — not pre-kickoff. 2026 unit cells pool in-season weeks.
,7,,True,PIT,2023,own,60-80,0.5,pooled,point fit — not pre-kickoff. 2026 unit cells pool in-season weeks.
,10,,True,PIT,2023,own,80-100,0.5,pooled,point fit — not pre-kickoff. 2026 unit cells pool in-season weeks.
,9,,True,PIT,2024,opp,0-20,0.7,league,point fit — not pre-kickoff. 2026 unit cells pool in-season weeks.
,9,,True,PIT,2024,opp,20-40,0.35,league_region,point fit — not pre-kickoff. 2026 unit cells pool in-season weeks.
,20,,True,PIT,2024,opp,40-60,0.35,league,point fit — not pre-kickoff. 2026 unit cells pool in-season weeks.
,11,,True,PIT,2024,opp,60-80,0.475,league,point fit — not pre-kickoff. 2026 unit cells pool in-season weeks.
,11,,True,PIT,2024,opp,80-100,0.35,league,point fit — not pre-kickoff. 2026 unit cells pool in-season weeks.
,12,,True,PIT,2024,own,0-20,0.5,league,point fit — not pre-kickoff. 2026 unit cells pool in-season weeks.
,23,,True,PIT,2024,own,20-40,0.5,league,point fit — not pre-kickoff. 2026 unit cells pool in-season weeks.
,21,,True,PIT,2024,own,40-60,0.25,league,point fit — not pre-kickoff. 2026 unit cells pool in-season weeks.
,8,,True,PIT,2024,own,60-80,0.5,league_region,point fit — not pre-kickoff. 2026 unit cells pool in-season weeks.
,8,,True,PIT,2024,own,80-100,0.5,league_region,point fit — not pre-kickoff. 2026 unit cells pool in-season weeks.
,7,,True,PIT,2025,opp,0-20,0.7,league,point fit — not pre-kickoff. 2026 unit cells pool in-season weeks.
,13,,True,PIT,2025,opp,20-40,0.35,league_region,point fit — not pre-kickoff. 2026 unit cells pool in-season weeks.
,17,,True,PIT,2025,opp,40-60,0.35,league,point fit — not pre-kickoff. 2026 unit cells pool in-season weeks.
,14,,True,PIT,2025,opp,60-80,0.475,league,point fit — not pre-kickoff. 2026 unit cells pool in-season weeks.
,8,,True,PIT,2025,opp,80-100,0.35,league,point fit — not pre-kickoff. 2026 unit cells pool in-season weeks.
,11,,True,PIT,2025,own,0-20,0.5,league,point fit — not pre-kickoff. 2026 unit cells pool in-season weeks.
,15,,True,PIT,2025,own,20-40,0.5,league,point fit — not pre-kickoff. 2026 unit cells pool in-season weeks.
,23,,True,PIT,2025,own,40-60,0.25,league,point fit — not pre-kickoff. 2026 unit cells pool in-season weeks.
,10,,True,PIT,2025,own,60-80,0.5,league_region,point fit — not pre-kickoff. 2026 unit cells pool in-season weeks.
,9,,True,PIT,2025,own,80-100,0.5,league_region,point fit — not pre-kickoff. 2026 unit cells pool in-season weeks.
,3,,True,PIT,2026,opp,0-20,0.7,league,point fit — not pre-kickoff. 2026 unit cells pool in-season weeks.
,2,,True,PIT,2026,opp,20-40,0.35,league_region,point fit — not pre-kickoff. 2026 unit cells pool in-season weeks.
,3,,True,PIT,2026,opp,40-60,0.35,league,point fit — not pre-kickoff. 2026 unit cells pool in-season weeks.
,4,,True,PIT,2026,opp,60-80,0.475,league,point fit — not pre-kickoff. 2026 unit cells pool in-season weeks.
,1,,True,PIT,2026,opp,80-100,0.35,league,point fit — not pre-kickoff. 2026 unit cells pool in-season weeks.
,8,,True,PIT,2026,own,0-20,0.5,league,point fit — not pre-kickoff. 2026 unit cells pool in-season weeks.
,4,,True,PIT,2026,own,20-40,0.5,league,point fit — not pre-kickoff. 2026 unit cells pool in-season weeks.
,2,,True,PIT,2026,own,40-60,0.25,league,point fit — not pre-kickoff. 2026 unit cells pool in-season weeks.
,3,,True,PIT,2026,own,60-80,0.5,league_region,point fit — not pre-kickoff. 2026 unit cells pool in-season weeks.
,12,,True,SEA,2022,opp,0-20,0.7,league,point fit — not pre-kickoff. 2026 unit cells pool in-season weeks.
,7,,True,SEA,2022,opp,20-40,0.35,league_region,point fit — not pre-kickoff. 2026 unit cells pool in-season weeks.
,14,,True,SEA,2022,opp,40-60,0.35,league,point fit — not pre-kickoff. 2026 unit cells pool in-season weeks.
,14,,True,SEA,2022,opp,60-80,0.475,league,point fit — not pre-kickoff. 2026 unit cells pool in-season weeks.
,13,,True,SEA,2022,opp,80-100,0.35,league,point fit — not pre-kickoff. 2026 unit cells pool in-season weeks.
,14,,True,SEA,2022,own,0-20,0.5,league,point fit — not pre-kickoff. 2026 unit cells pool in-season weeks.
,20,,True,SEA,2022,own,20-40,0.5,league,point fit — not pre-kickoff. 2026 unit cells pool in-season weeks.
,21,,True,SEA,2022,own,40-60,0.25,league,point fit — not pre-kickoff. 2026 unit cells pool in-season weeks.
,5,,True,SEA,2022,own,60-80,0.5,league_region,point fit — not pre-kickoff. 2026 unit cells pool in-season weeks.
,6,,True,SEA,2022,own,80-100,0.5,league_region,point fit — not pre-kickoff. 2026 unit cells pool in-season weeks.
,8,,True,SEA,2023,opp,0-20,0.7,league,point fit — not pre-kickoff. 2026 unit cells pool in-season weeks.
,13,,True,SEA,2023,opp,20-40,0.35,league_region,point fit — not pre-kickoff. 2026 unit cells pool in-season weeks.
,18,,True,SEA,2023,opp,40-60,0.35,league,point fit — not pre-kickoff. 2026 unit cells pool in-season weeks.
,13,,True,SEA,2023,opp,60-80,0.475,league,point fit — not pre-kickoff. 2026 unit cells pool in-season weeks.
,8,,True,SEA,2023,opp,80-100,0.35,league,point fit — not pre-kickoff. 2026 unit cells pool in-season weeks.
,11,,True,SEA,2023,own,0-20,0.5,league,point fit — not pre-kickoff. 2026 unit cells pool in-season weeks.
,22,,True,SEA,2023,own,20-40,0.5,league,point fit — not pre-kickoff. 2026 unit cells pool in-season weeks.
,11,,True,SEA,2023,own,40-60,0.25,league,point fit — not pre-kickoff. 2026 unit cells pool in-season weeks.
,9,,True,SEA,2023,own,60-80,0.5,league_region,point fit — not pre-kickoff. 2026 unit cells pool in-season weeks.
,6,,True,SEA,2023,own,80-100,0.5,league_region,point fit — not pre-kickoff. 2026 unit cells pool in-season weeks.
,10,,True,SEA,2024,opp,0-20,0.7,league,point fit — not pre-kickoff. 2026 unit cells pool in-season weeks.
,11,,True,SEA,2024,opp,20-40,0.35,league_region,point fit — not pre-kickoff. 2026 unit cells pool in-season weeks.
,18,,True,SEA,2024,opp,40-60,0.35,league,point fit — not pre-kickoff. 2026 unit cells pool in-season weeks.
,5,,True,SEA,2024,opp,60-80,0.475,league,point fit — not pre-kickoff. 2026 unit cells pool in-season weeks.
,8,,True,SEA,2024,opp,80-100,0.35,league,point fit — not pre-kickoff. 2026 unit cells pool in-season weeks.
,17,,True,SEA,2024,own,0-20,0.5,league,point fit — not pre-kickoff. 2026 unit cells pool in-season weeks.
,14,,True,SEA,2024,own,20-40,0.5,league,point fit — not pre-kickoff. 2026 unit cells pool in-season weeks.
,22,,True,SEA,2024,own,40-60,0.25,league,point fit — not pre-kickoff. 2026 unit cells pool in-season weeks.
,6,,True,SEA,2024,own,60-80,0.5,league_region,point fit — not pre-kickoff. 2026 unit cells pool in-season weeks.
,10,,True,SEA,2024,own,80-100,0.5,league_region,point fit — not pre-kickoff. 2026 unit cells pool in-season weeks.
,2,,True,SEA,2025,opp,0-20,0.275,pooled,point fit — not pre-kickoff. 2026 unit cells pool in-season weeks.
,9,,True,SEA,2025,opp,20-40,0.275,pooled,point fit — not pre-kickoff. 2026 unit cells pool in-season weeks.
,18,,True,SEA,2025,opp,40-60,0.275,pooled,point fit — not pre-kickoff. 2026 unit cells pool in-season weeks.
,17,,True,SEA,2025,opp,60-80,0.275,pooled,point fit — not pre-kickoff. 2026 unit cells pool in-season weeks.
0.275,28,0.75,False,SEA,2025,opp,80-100,0.275,unit,point fit — not pre-kickoff. 2026 unit cells pool in-season weeks.
,2,,True,SEA,2025,own,0-20,0.5,league,point fit — not pre-kickoff. 2026 unit cells pool in-season weeks.
,5,,True,SEA,2025,own,20-40,0.5,league,point fit — not pre-kickoff. 2026 unit cells pool in-season weeks.
,18,,True,SEA,2025,own,40-60,0.25,league,point fit — not pre-kickoff. 2026 unit cells pool in-season weeks.
,7,,True,SEA,2025,own,60-80,0.5,league_region,point fit — not pre-kickoff. 2026 unit cells pool in-season weeks.
,23,,True,SEA,2025,own,80-100,0.5,league_region,point fit — not pre-kickoff. 2026 unit cells pool in-season weeks.
,1,,True,SEA,2026,opp,0-20,0.7,league,point fit — not pre-kickoff. 2026 unit cells pool in-season weeks.
,4,,True,SEA,2026,opp,20-40,0.35,league_region,point fit — not pre-kickoff. 2026 unit cells pool in-season weeks.
,2,,True,SEA,2026,opp,40-60,0.35,league,point fit — not pre-kickoff. 2026 unit cells pool in-season weeks.
,2,,True,SEA,2026,opp,60-80,0.475,league,point fit — not pre-kickoff. 2026 unit cells pool in-season weeks.
,2,,True,SEA,2026,opp,80-100,0.35,league,point fit — not pre-kickoff. 2026 unit cells pool in-season weeks.
,3,,True,SEA,2026,own,0-20,0.5,league,point fit — not pre-kickoff. 2026 unit cells pool in-season weeks.
,2,,True,SEA,2026,own,20-40,0.5,league,point fit — not pre-kickoff. 2026 unit cells pool in-season weeks.
,3,,True,SEA,2026,own,40-60,0.25,league,point fit — not pre-kickoff. 2026 unit cells pool in-season weeks.
,1,,True,SEA,2026,own,60-80,0.5,league_region,point fit — not pre-kickoff. 2026 unit cells pool in-season weeks.
,1,,True,SF,2022,opp,0-20,0.35,pooled,point fit — not pre-kickoff. 2026 unit cells pool in-season weeks.
,6,,True,SF,2022,opp,20-40,0.35,pooled,point fit — not pre-kickoff. 2026 unit cells pool in-season weeks.
,12,,True,SF,2022,opp,40-60,0.35,pooled,point fit — not pre-kickoff. 2026 unit cells pool in-season weeks.
,19,,True,SF,2022,opp,60-80,0.35,pooled,point fit — not pre-kickoff. 2026 unit cells pool in-season weeks.
0.35,32,0.6875,False,SF,2022,opp,80-100,0.35,unit,point fit — not pre-kickoff. 2026 unit cells pool in-season weeks.
,7,,True,SF,2022,own,0-20,0.5,league,point fit — not pre-kickoff. 2026 unit cells pool in-season weeks.
,10,,True,SF,2022,own,20-40,0.5,league,point fit — not pre-kickoff. 2026 unit cells pool in-season weeks.
,11,,True,SF,2022,own,40-60,0.25,league,point fit — not pre-kickoff. 2026 unit cells pool in-season weeks.
,15,,True,SF,2022,own,60-80,0.5,league_region,point fit — not pre-kickoff. 2026 unit cells pool in-season weeks.
,13,,True,SF,2022,own,80-100,0.5,league_region,point fit — not pre-kickoff. 2026 unit cells pool in-season weeks.
,4,,True,SF,2023,opp,0-20,0.7,league,point fit — not pre-kickoff. 2026 unit cells pool in-season weeks.
,5,,True,SF,2023,opp,20-40,0.35,league_region,point fit — not pre-kickoff. 2026 unit cells pool in-season weeks.
,15,,True,SF,2023,opp,40-60,0.35,league,point fit — not pre-kickoff. 2026 unit cells pool in-season weeks.
,15,,True,SF,2023,opp,60-80,0.475,league,point fit — not pre-kickoff. 2026 unit cells pool in-season weeks.
,22,,True,SF,2023,opp,80-100,0.35,league,point fit — not pre-kickoff. 2026 unit cells pool in-season weeks.
,6,,True,SF,2023,own,0-20,0.5,league,point fit — not pre-kickoff. 2026 unit cells pool in-season weeks.
,10,,True,SF,2023,own,20-40,0.5,league,point fit — not pre-kickoff. 2026 unit cells pool in-season weeks.
,10,,True,SF,2023,own,40-60,0.25,league,point fit — not pre-kickoff. 2026 unit cells pool in-season weeks.
,8,,True,SF,2023,own,60-80,0.5,league_region,point fit — not pre-kickoff. 2026 unit cells pool in-season weeks.
,13,,True,SF,2023,own,80-100,0.5,league_region,point fit — not pre-kickoff. 2026 unit cells pool in-season weeks.
,10,,True,SF,2024,opp,0-20,0.7,league,point fit — not pre-kickoff. 2026 unit cells pool in-season weeks.
,10,,True,SF,2024,opp,20-40,0.35,league_region,point fit — not pre-kickoff. 2026 unit cells pool in-season weeks.
,14,,True,SF,2024,opp,40-60,0.35,league,point fit — not pre-kickoff. 2026 unit cells pool in-season weeks.
,12,,True,SF,2024,opp,60-80,0.475,league,point fit — not pre-kickoff. 2026 unit cells pool in-season weeks.
,19,,True,SF,2024,opp,80-100,0.35,league,point fit — not pre-kickoff. 2026 unit cells pool in-season weeks.
,6,,True,SF,2024,own,0-20,0.5,league,point fit — not pre-kickoff. 2026 unit cells pool in-season weeks.
,8,,True,SF,2024,own,20-40,0.5,league,point fit — not pre-kickoff. 2026 unit cells pool in-season weeks.
,15,,True,SF,2024,own,40-60,0.25,league,point fit — not pre-kickoff. 2026 unit cells pool in-season weeks.
,3,,True,SF,2024,own,60-80,0.5,league_region,point fit — not pre-kickoff. 2026 unit cells pool in-season weeks.
,7,,True,SF,2024,own,80-100,0.5,league_region,point fit — not pre-kickoff. 2026 unit cells pool in-season weeks.
,9,,True,SF,2025,opp,0-20,0.7,league,point fit — not pre-kickoff. 2026 unit cells pool in-season weeks.
,8,,True,SF,2025,opp,20-40,0.35,league_region,point fit — not pre-kickoff. 2026 unit cells pool in-season weeks.
,14,,True,SF,2025,opp,40-60,0.35,league,point fit — not pre-kickoff. 2026 unit cells pool in-season weeks.
,15,,True,SF,2025,opp,60-80,0.475,league,point fit — not pre-kickoff. 2026 unit cells pool in-season weeks.
,19,,True,SF,2025,opp,80-100,0.35,league,point fit — not pre-kickoff. 2026 unit cells pool in-season weeks.
,10,,True,SF,2025,own,0-20,0.5,league,point fit — not pre-kickoff. 2026 unit cells pool in-season weeks.
,12,,True,SF,2025,own,20-40,0.5,league,point fit — not pre-kickoff. 2026 unit cells pool in-season weeks.
,8,,True,SF,2025,own,40-60,0.25,league,point fit — not pre-kickoff. 2026 unit cells pool in-season weeks.
,9,,True,SF,2025,own,60-80,0.5,league_region,point fit — not pre-kickoff. 2026 unit cells pool in-season weeks.
,3,,True,SF,2025,own,80-100,0.5,league_region,point fit — not pre-kickoff. 2026 unit cells pool in-season weeks.
,1,,True,SF,2026,opp,40-60,0.35,league,point fit — not pre-kickoff. 2026 unit cells pool in-season weeks.
,2,,True,SF,2026,opp,80-100,0.35,league,point fit — not pre-kickoff. 2026 unit cells pool in-season weeks.
,1,,True,SF,2026,own,40-60,0.25,league,point fit — not pre-kickoff. 2026 unit cells pool in-season weeks.
,1,,True,SF,2026,own,60-80,0.5,league_region,point fit — not pre-kickoff. 2026 unit cells pool in-season weeks.
,5,,True,SF,2026,own,80-100,0.5,league_region,point fit — not pre-kickoff. 2026 unit cells pool in-season weeks.
,18,,True,TB,2022,opp,0-20,0.7,league,point fit — not pre-kickoff. 2026 unit cells pool in-season weeks.
,12,,True,TB,2022,opp,20-40,0.35,league_region,point fit — not pre-kickoff. 2026 unit cells pool in-season weeks.
,23,,True,TB,2022,opp,40-60,0.35,league,point fit — not pre-kickoff. 2026 unit cells pool in-season weeks.
,12,,True,TB,2022,opp,60-80,0.475,league,point fit — not pre-kickoff. 2026 unit cells pool in-season weeks.
,6,,True,TB,2022,opp,80-100,0.35,league,point fit — not pre-kickoff. 2026 unit cells pool in-season weeks.
,23,,True,TB,2022,own,0-20,0.5,pooled,point fit — not pre-kickoff. 2026 unit cells pool in-season weeks.
0.5,26,1.0,False,TB,2022,own,20-40,0.5,unit,point fit — not pre-kickoff. 2026 unit cells pool in-season weeks.
,12,,True,TB,2022,own,40-60,0.5,pooled,point fit — not pre-kickoff. 2026 unit cells pool in-season weeks.
,9,,True,TB,2022,own,60-80,0.5,pooled,point fit — not pre-kickoff. 2026 unit cells pool in-season weeks.
,9,,True,TB,2022,own,80-100,0.5,pooled,point fit — not pre-kickoff. 2026 unit cells pool in-season weeks.
,11,,True,TB,2023,opp,0-20,0.7,league,point fit — not pre-kickoff. 2026 unit cells pool in-season weeks.
,7,,True,TB,2023,opp,20-40,0.35,league_region,point fit — not pre-kickoff. 2026 unit cells pool in-season weeks.
,19,,True,TB,2023,opp,40-60,0.35,league,point fit — not pre-kickoff. 2026 unit cells pool in-season weeks.
,13,,True,TB,2023,opp,60-80,0.475,league,point fit — not pre-kickoff. 2026 unit cells pool in-season weeks.
,12,,True,TB,2023,opp,80-100,0.35,league,point fit — not pre-kickoff. 2026 unit cells pool in-season weeks.
,15,,True,TB,2023,own,0-20,0.5,league,point fit — not pre-kickoff. 2026 unit cells pool in-season weeks.
,24,,True,TB,2023,own,20-40,0.5,league,point fit — not pre-kickoff. 2026 unit cells pool in-season weeks.
,23,,True,TB,2023,own,40-60,0.25,league,point fit — not pre-kickoff. 2026 unit cells pool in-season weeks.
,9,,True,TB,2023,own,60-80,0.5,league_region,point fit — not pre-kickoff. 2026 unit cells pool in-season weeks.
,7,,True,TB,2023,own,80-100,0.5,league_region,point fit — not pre-kickoff. 2026 unit cells pool in-season weeks.
,6,,True,TB,2024,opp,0-20,0.7,league,point fit — not pre-kickoff. 2026 unit cells pool in-season weeks.
,6,,True,TB,2024,opp,20-40,0.35,league_region,point fit — not pre-kickoff. 2026 unit cells pool in-season weeks.
,16,,True,TB,2024,opp,40-60,0.35,league,point fit — not pre-kickoff. 2026 unit cells pool in-season weeks.
,11,,True,TB,2024,opp,60-80,0.475,league,point fit — not pre-kickoff. 2026 unit cells pool in-season weeks.
,10,,True,TB,2024,opp,80-100,0.35,league,point fit — not pre-kickoff. 2026 unit cells pool in-season weeks.
,7,,True,TB,2024,own,0-20,0.5,league,point fit — not pre-kickoff. 2026 unit cells pool in-season weeks.
,15,,True,TB,2024,own,20-40,0.5,league,point fit — not pre-kickoff. 2026 unit cells pool in-season weeks.
,11,,True,TB,2024,own,40-60,0.25,league,point fit — not pre-kickoff. 2026 unit cells pool in-season weeks.
,9,,True,TB,2024,own,60-80,0.5,league_region,point fit — not pre-kickoff. 2026 unit cells pool in-season weeks.
,7,,True,TB,2024,own,80-100,0.5,league_region,point fit — not pre-kickoff. 2026 unit cells pool in-season weeks.
,16,,True,TB,2025,opp,0-20,0.7,league,point fit — not pre-kickoff. 2026 unit cells pool in-season weeks.
,8,,True,TB,2025,opp,20-40,0.35,league_region,point fit — not pre-kickoff. 2026 unit cells pool in-season weeks.
,17,,True,TB,2025,opp,40-60,0.35,league,point fit — not pre-kickoff. 2026 unit cells pool in-season weeks.
,14,,True,TB,2025,opp,60-80,0.475,league,point fit — not pre-kickoff. 2026 unit cells pool in-season weeks.
,12,,True,TB,2025,opp,80-100,0.35,league,point fit — not pre-kickoff. 2026 unit cells pool in-season weeks.
,17,,True,TB,2025,own,0-20,0.5,league,point fit — not pre-kickoff. 2026 unit cells pool in-season weeks.
,9,,True,TB,2025,own,20-40,0.5,league,point fit — not pre-kickoff. 2026 unit cells pool in-season weeks.
,14,,True,TB,2025,own,40-60,0.25,league,point fit — not pre-kickoff. 2026 unit cells pool in-season weeks.
,14,,True,TB,2025,own,60-80,0.5,league_region,point fit — not pre-kickoff. 2026 unit cells pool in-season weeks.
,5,,True,TB,2025,own,80-100,0.5,league_region,point fit — not pre-kickoff. 2026 unit cells pool in-season weeks.
,1,,True,TB,2026,opp,0-20,0.7,league,point fit — not pre-kickoff. 2026 unit cells pool in-season weeks.
,3,,True,TB,2026,opp,20-40,0.35,league_region,point fit — not pre-kickoff. 2026 unit cells pool in-season weeks.
,2,,True,TB,2026,opp,40-60,0.35,league,point fit — not pre-kickoff. 2026 unit cells pool in-season weeks.
,4,,True,TB,2026,opp,60-80,0.475,league,point fit — not pre-kickoff. 2026 unit cells pool in-season weeks.
,2,,True,TB,2026,own,0-20,0.5,league,point fit — not pre-kickoff. 2026 unit cells pool in-season weeks.
,6,,True,TB,2026,own,20-40,0.5,league,point fit — not pre-kickoff. 2026 unit cells pool in-season weeks.
,6,,True,TB,2026,own,40-60,0.25,league,point fit — not pre-kickoff. 2026 unit cells pool in-season weeks.
,1,,True,TB,2026,own,60-80,0.5,league_region,point fit — not pre-kickoff. 2026 unit cells pool in-season weeks.
,5,,True,TEN,2022,opp,0-20,0.7,league,point fit — not pre-kickoff. 2026 unit cells pool in-season weeks.
,7,,True,TEN,2022,opp,20-40,0.35,league_region,point fit — not pre-kickoff. 2026 unit cells pool in-season weeks.
,11,,True,TEN,2022,opp,40-60,0.35,league,point fit — not pre-kickoff. 2026 unit cells pool in-season weeks.
,11,,True,TEN,2022,opp,60-80,0.475,league,point fit — not pre-kickoff. 2026 unit cells pool in-season weeks.
,12,,True,TEN,2022,opp,80-100,0.35,league,point fit — not pre-kickoff. 2026 unit cells pool in-season weeks.
,15,,True,TEN,2022,own,0-20,0.5,league,point fit — not pre-kickoff. 2026 unit cells pool in-season weeks.
,19,,True,TEN,2022,own,20-40,0.5,league,point fit — not pre-kickoff. 2026 unit cells pool in-season weeks.
,21,,True,TEN,2022,own,40-60,0.25,league,point fit — not pre-kickoff. 2026 unit cells pool in-season weeks.
,16,,True,TEN,2022,own,60-80,0.5,league_region,point fit — not pre-kickoff. 2026 unit cells pool in-season weeks.
,11,,True,TEN,2022,own,80-100,0.5,league_region,point fit — not pre-kickoff. 2026 unit cells pool in-season weeks.
,9,,True,TEN,2023,opp,0-20,0.7,league,point fit — not pre-kickoff. 2026 unit cells pool in-season weeks.
,7,,True,TEN,2023,opp,20-40,0.35,league_region,point fit — not pre-kickoff. 2026 unit cells pool in-season weeks.
,19,,True,TEN,2023,opp,40-60,0.35,league,point fit — not pre-kickoff. 2026 unit cells pool in-season weeks.
,5,,True,TEN,2023,opp,60-80,0.475,league,point fit — not pre-kickoff. 2026 unit cells pool in-season weeks.
,4,,True,TEN,2023,opp,80-100,0.35,league,point fit — not pre-kickoff. 2026 unit cells pool in-season weeks.
,16,,True,TEN,2023,own,0-20,0.5,league,point fit — not pre-kickoff. 2026 unit cells pool in-season weeks.
,22,,True,TEN,2023,own,20-40,0.5,league,point fit — not pre-kickoff. 2026 unit cells pool in-season weeks.
,22,,True,TEN,2023,own,40-60,0.25,league,point fit — not pre-kickoff. 2026 unit cells pool in-season weeks.
,12,,True,TEN,2023,own,60-80,0.5,league_region,point fit — not pre-kickoff. 2026 unit cells pool in-season weeks.
,10,,True,TEN,2023,own,80-100,0.5,league_region,point fit — not pre-kickoff. 2026 unit cells pool in-season weeks.
,17,,True,TEN,2024,opp,0-20,0.7,league,point fit — not pre-kickoff. 2026 unit cells pool in-season weeks.
,3,,True,TEN,2024,opp,20-40,0.35,league_region,point fit — not pre-kickoff. 2026 unit cells pool in-season weeks.
,14,,True,TEN,2024,opp,40-60,0.35,league,point fit — not pre-kickoff. 2026 unit cells pool in-season weeks.
,9,,True,TEN,2024,opp,60-80,0.475,league,point fit — not pre-kickoff. 2026 unit cells pool in-season weeks.
,5,,True,TEN,2024,opp,80-100,0.35,league,point fit — not pre-kickoff. 2026 unit cells pool in-season weeks.
0.5,27,1.0,False,TEN,2024,own,0-20,0.5,unit,point fit — not pre-kickoff. 2026 unit cells pool in-season weeks.
,21,,True,TEN,2024,own,20-40,0.5,pooled,point fit — not pre-kickoff. 2026 unit cells pool in-season weeks.
,14,,True,TEN,2024,own,40-60,0.5,pooled,point fit — not pre-kickoff. 2026 unit cells pool in-season weeks.
,10,,True,TEN,2024,own,60-80,0.5,pooled,point fit — not pre-kickoff. 2026 unit cells pool in-season weeks.
,3,,True,TEN,2024,own,80-100,0.5,pooled,point fit — not pre-kickoff. 2026 unit cells pool in-season weeks.
0.8,28,0.6428571428571429,False,TEN,2025,opp,0-20,0.8,unit,point fit — not pre-kickoff. 2026 unit cells pool in-season weeks.
,11,,True,TEN,2025,opp,20-40,0.8,pooled,point fit — not pre-kickoff. 2026 unit cells pool in-season weeks.
,16,,True,TEN,2025,opp,40-60,0.8,pooled,point fit — not pre-kickoff. 2026 unit cells pool in-season weeks.
,11,,True,TEN,2025,opp,60-80,0.8,pooled,point fit — not pre-kickoff. 2026 unit cells pool in-season weeks.
,3,,True,TEN,2025,opp,80-100,0.8,pooled,point fit — not pre-kickoff. 2026 unit cells pool in-season weeks.
0.5,37,1.0,False,TEN,2025,own,0-20,0.5,unit,point fit — not pre-kickoff. 2026 unit cells pool in-season weeks.
,20,,True,TEN,2025,own,20-40,0.5,pooled,point fit — not pre-kickoff. 2026 unit cells pool in-season weeks.
,13,,True,TEN,2025,own,40-60,0.5,pooled,point fit — not pre-kickoff. 2026 unit cells pool in-season weeks.
,4,,True,TEN,2025,own,60-80,0.5,pooled,point fit — not pre-kickoff. 2026 unit cells pool in-season weeks.
,2,,True,TEN,2025,own,80-100,0.5,pooled,point fit — not pre-kickoff. 2026 unit cells pool in-season weeks.
,2,,True,TEN,2026,opp,0-20,0.7,league,point fit — not pre-kickoff. 2026 unit cells pool in-season weeks.
,4,,True,TEN,2026,opp,20-40,0.35,league_region,point fit — not pre-kickoff. 2026 unit cells pool in-season weeks.
,1,,True,TEN,2026,opp,40-60,0.35,league,point fit — not pre-kickoff. 2026 unit cells pool in-season weeks.
,2,,True,TEN,2026,opp,60-80,0.475,league,point fit — not pre-kickoff. 2026 unit cells pool in-season weeks.
,3,,True,TEN,2026,own,0-20,0.5,league,point fit — not pre-kickoff. 2026 unit cells pool in-season weeks.
,6,,True,TEN,2026,own,20-40,0.5,league,point fit — not pre-kickoff. 2026 unit cells pool in-season weeks.
,4,,True,TEN,2026,own,40-60,0.25,league,point fit — not pre-kickoff. 2026 unit cells pool in-season weeks.
,10,,True,WAS,2022,opp,0-20,0.7,league,point fit — not pre-kickoff. 2026 unit cells pool in-season weeks.
,11,,True,WAS,2022,opp,20-40,0.35,league_region,point fit — not pre-kickoff. 2026 unit cells pool in-season weeks.
,16,,True,WAS,2022,opp,40-60,0.35,league,point fit — not pre-kickoff. 2026 unit cells pool in-season weeks.
,7,,True,WAS,2022,opp,60-80,0.475,league,point fit — not pre-kickoff. 2026 unit cells pool in-season weeks.
,15,,True,WAS,2022,opp,80-100,0.35,league,point fit — not pre-kickoff. 2026 unit cells pool in-season weeks.
,24,,True,WAS,2022,own,0-20,0.5,league,point fit — not pre-kickoff. 2026 unit cells pool in-season weeks.
,18,,True,WAS,2022,own,20-40,0.5,league,point fit — not pre-kickoff. 2026 unit cells pool in-season weeks.
,17,,True,WAS,2022,own,40-60,0.25,league,point fit — not pre-kickoff. 2026 unit cells pool in-season weeks.
,12,,True,WAS,2022,own,60-80,0.5,league_region,point fit — not pre-kickoff. 2026 unit cells pool in-season weeks.
,7,,True,WAS,2022,own,80-100,0.5,league_region,point fit — not pre-kickoff. 2026 unit cells pool in-season weeks.
,20,,True,WAS,2023,opp,0-20,0.7,league,point fit — not pre-kickoff. 2026 unit cells pool in-season weeks.
,9,,True,WAS,2023,opp,20-40,0.35,league_region,point fit — not pre-kickoff. 2026 unit cells pool in-season weeks.
,20,,True,WAS,2023,opp,40-60,0.35,league,point fit — not pre-kickoff. 2026 unit cells pool in-season weeks.
,1,,True,WAS,2023,opp,60-80,0.475,league,point fit — not pre-kickoff. 2026 unit cells pool in-season weeks.
,4,,True,WAS,2023,opp,80-100,0.35,league,point fit — not pre-kickoff. 2026 unit cells pool in-season weeks.
0.5,30,1.0,False,WAS,2023,own,0-20,0.5,unit,point fit — not pre-kickoff. 2026 unit cells pool in-season weeks.
,18,,True,WAS,2023,own,20-40,0.5,pooled,point fit — not pre-kickoff. 2026 unit cells pool in-season weeks.
,11,,True,WAS,2023,own,40-60,0.5,pooled,point fit — not pre-kickoff. 2026 unit cells pool in-season weeks.
,8,,True,WAS,2023,own,60-80,0.5,pooled,point fit — not pre-kickoff. 2026 unit cells pool in-season weeks.
,4,,True,WAS,2023,own,80-100,0.5,pooled,point fit — not pre-kickoff. 2026 unit cells pool in-season weeks.
,9,,True,WAS,2024,opp,0-20,0.275,pooled,point fit — not pre-kickoff. 2026 unit cells pool in-season weeks.
,10,,True,WAS,2024,opp,20-40,0.275,pooled,point fit — not pre-kickoff. 2026 unit cells pool in-season weeks.
,20,,True,WAS,2024,opp,40-60,0.275,pooled,point fit — not pre-kickoff. 2026 unit cells pool in-season weeks.
,20,,True,WAS,2024,opp,60-80,0.275,pooled,point fit — not pre-kickoff. 2026 unit cells pool in-season weeks.
0.275,25,0.6,False,WAS,2024,opp,80-100,0.275,unit,point fit — not pre-kickoff. 2026 unit cells pool in-season weeks.
,9,,True,WAS,2024,own,0-20,0.5,league,point fit — not pre-kickoff. 2026 unit cells pool in-season weeks.
,8,,True,WAS,2024,own,20-40,0.5,league,point fit — not pre-kickoff. 2026 unit cells pool in-season weeks.
,13,,True,WAS,2024,own,40-60,0.25,league,point fit — not pre-kickoff. 2026 unit cells pool in-season weeks.
,12,,True,WAS,2024,own,60-80,0.5,league_region,point fit — not pre-kickoff. 2026 unit cells pool in-season weeks.
,8,,True,WAS,2024,own,80-100,0.5,league_region,point fit — not pre-kickoff. 2026 unit cells pool in-season weeks.
,16,,True,WAS,2025,opp,0-20,0.7,league,point fit — not pre-kickoff. 2026 unit cells pool in-season weeks.
,14,,True,WAS,2025,opp,20-40,0.35,league_region,point fit — not pre-kickoff. 2026 unit cells pool in-season weeks.
,12,,True,WAS,2025,opp,40-60,0.35,league,point fit — not pre-kickoff. 2026 unit cells pool in-season weeks.
,7,,True,WAS,2025,opp,60-80,0.475,league,point fit — not pre-kickoff. 2026 unit cells pool in-season weeks.
,5,,True,WAS,2025,opp,80-100,0.35,league,point fit — not pre-kickoff. 2026 unit cells pool in-season weeks.
,19,,True,WAS,2025,own,0-20,0.5,league,point fit — not pre-kickoff. 2026 unit cells pool in-season weeks.
,15,,True,WAS,2025,own,20-40,0.5,league,point fit — not pre-kickoff. 2026 unit cells pool in-season weeks.
,6,,True,WAS,2025,own,40-60,0.25,league,point fit — not pre-kickoff. 2026 unit cells pool in-season weeks.
,4,,True,WAS,2025,own,60-80,0.5,league_region,point fit — not pre-kickoff. 2026 unit cells pool in-season weeks.
,7,,True,WAS,2025,own,80-100,0.5,league_region,point fit — not pre-kickoff. 2026 unit cells pool in-season weeks.
,3,,True,WAS,2026,opp,0-20,0.7,league,point fit — not pre-kickoff. 2026 unit cells pool in-season weeks.
,3,,True,WAS,2026,opp,20-40,0.35,league_region,point fit — not pre-kickoff. 2026 unit cells pool in-season weeks.
,2,,True,WAS,2026,opp,40-60,0.35,league,point fit — not pre-kickoff. 2026 unit cells pool in-season weeks.
,3,,True,WAS,2026,opp,60-80,0.475,league,point fit — not pre-kickoff. 2026 unit cells pool in-season weeks.
,5,,True,WAS,2026,own,20-40,0.5,league,point fit — not pre-kickoff. 2026 unit cells pool in-season weeks.
,4,,True,WAS,2026,own,40-60,0.25,league,point fit — not pre-kickoff. 2026 unit cells pool in-season weeks.
,4,,True,WAS,2026,own,60-80,0.5,league_region,point fit — not pre-kickoff. 2026 unit cells pool in-season weeks.
