season,week,team,n_plays,early_down_pass_rate,shotgun_rate,no_huddle_rate,quick_game_rate,avg_air_yards,pass_rate_all
2022,1,ARI,63,0.6222,0.9524,0.4444,0.5526,7.0263,0.6825
2022,1,ATL,69,0.4211,0.7826,0.1304,0.3438,8.8125,0.4638
2022,1,BAL,51,0.5789,0.8039,0.0196,0.5,12.0,0.6275
2022,1,BUF,57,0.5319,0.807,0.0877,0.5161,7.3226,0.5789
2022,1,CAR,46,0.6667,0.6304,0.1522,0.5556,6.3333,0.6739
2022,1,CHI,53,0.275,0.6981,0.0189,0.4706,9.5294,0.3585
2022,1,CIN,95,0.5867,0.7895,0.1158,0.5283,7.0189,0.6421
2022,1,CLE,72,0.3585,0.5556,0.0694,0.375,7.7188,0.4583
2022,1,DAL,63,0.6279,0.7619,0.1905,0.4762,8.5,0.7302
2022,1,DEN,64,0.625,0.5781,0.0312,0.619,6.5476,0.6875
2022,1,DET,64,0.54,0.5156,0.0781,0.5405,8.2703,0.5781
2022,1,GB,59,0.6875,0.7966,0.1017,0.6579,5.7632,0.7119
2022,1,HOU,67,0.5385,0.5821,0.1343,0.5676,7.1892,0.597
2022,1,IND,88,0.5616,0.6818,0.0568,0.52,6.26,0.5909
2022,1,JAX,63,0.6327,0.6825,0.0159,0.5,8.619,0.7143
2022,1,KC,65,0.5714,0.6769,0.0,0.4103,7.7949,0.6
2022,1,LA,66,0.68,0.7424,0.3939,0.6585,5.8293,0.7273
2022,1,LAC,63,0.5417,0.5238,0.0794,0.5882,7.0,0.5397
2022,1,LV,57,0.7209,0.7719,0.0,0.5135,9.2162,0.7719
2022,1,MIA,57,0.5476,0.5965,0.0702,0.4545,8.3333,0.6316
2022,1,MIN,61,0.4681,0.4918,0.1475,0.6875,5.125,0.541
2022,1,NE,53,0.5814,0.566,0.0755,0.5,9.3,0.6038
2022,1,NO,57,0.6279,0.7193,0.1404,0.4062,9.1875,0.6491
2022,1,NYG,60,0.383,0.6667,0.2333,0.619,5.7143,0.45
2022,1,NYJ,79,0.7377,0.7089,0.2278,0.661,4.8475,0.7848
2022,1,PHI,71,0.451,0.9577,0.2394,0.625,4.0625,0.4648
2022,1,PIT,59,0.5909,0.7288,0.0678,0.5405,8.1351,0.6441
2022,1,SEA,46,0.6,0.6304,0.0435,0.4643,5.1429,0.6522
2022,1,SF,67,0.375,0.7612,0.0597,0.3929,7.2857,0.4478
2022,1,TB,60,0.4348,0.55,0.0667,0.5185,11.2963,0.4833
2022,1,TEN,58,0.5208,0.431,0.0862,0.4062,9.25,0.569
2022,1,WAS,69,0.5614,0.7391,0.058,0.561,7.0732,0.6377
2022,2,ARI,80,0.6167,0.8875,0.3,0.6531,4.9592,0.6375
2022,2,ATL,56,0.5116,0.875,0.0893,0.4231,7.8846,0.5357
2022,2,BAL,53,0.5854,0.7736,0.0943,0.3103,10.8276,0.5472
2022,2,BUF,63,0.6596,0.6032,0.0159,0.65,7.6,0.6508
2022,2,CAR,54,0.5122,0.5741,0.1296,0.5862,7.6552,0.5741
2022,2,CHI,40,0.3438,0.45,0.05,0.4545,11.0,0.35
2022,2,CIN,67,0.5417,0.6119,0.0149,0.5833,5.5833,0.6418
2022,2,CLE,64,0.3462,0.4531,0.0625,0.5556,5.4074,0.4375
2022,2,DAL,58,0.4255,0.5,0.0862,0.5667,5.9333,0.5345
2022,2,DEN,64,0.4902,0.3906,0.0,0.4839,8.9032,0.5312
2022,2,DET,59,0.5455,0.4915,0.0,0.5294,8.4412,0.6271
2022,2,GB,63,0.3889,0.6508,0.0159,0.56,5.56,0.4444
2022,2,HOU,58,0.6905,0.6897,0.2414,0.5263,8.5263,0.7069
2022,2,IND,48,0.6667,0.8125,0.1042,0.4333,8.5333,0.7292
2022,2,JAX,66,0.375,0.5455,0.0152,0.7333,6.5667,0.4545
2022,2,KC,52,0.675,0.8462,0.0192,0.4571,7.1143,0.6923
2022,2,LA,63,0.5769,0.4762,0.0317,0.5278,6.9167,0.5873
2022,2,LAC,73,0.6981,0.6027,0.1644,0.5417,5.2292,0.6849
2022,2,LV,61,0.6,0.623,0.0656,0.6667,5.9744,0.6557
2022,2,MIA,69,0.7143,0.6522,0.0145,0.56,7.24,0.7391
2022,2,MIN,59,0.7872,0.8305,0.339,0.5435,5.8696,0.8136
2022,2,NE,63,0.5106,0.8254,0.0635,0.4857,9.3429,0.5556
2022,2,NO,66,0.6538,0.6667,0.0455,0.35,13.35,0.697
2022,2,NYG,68,0.48,0.5588,0.1765,0.6176,5.9118,0.5441
2022,2,NYJ,66,0.66,0.7121,0.0758,0.4444,9.4444,0.7121
2022,2,PHI,67,0.5,0.8657,0.2388,0.5161,9.2581,0.5075
2022,2,PIT,59,0.5581,0.6949,0.1186,0.4848,7.8182,0.6271
2022,2,SEA,47,0.725,0.8085,0.234,0.6,5.6667,0.7021
2022,2,SF,69,0.25,0.4928,0.0145,0.625,7.5,0.3623
2022,2,TB,62,0.4667,0.5484,0.0161,0.5294,9.2353,0.5645
2022,2,TEN,53,0.475,0.6226,0.0,0.4167,8.4583,0.4906
2022,2,WAS,74,0.6909,0.8243,0.1486,0.5652,9.0217,0.7162
2022,3,ARI,81,0.7759,0.9753,0.5309,0.569,6.1379,0.7407
2022,3,ATL,52,0.3556,0.5962,0.0962,0.25,16.45,0.4423
2022,3,BAL,56,0.5435,0.9107,0.0357,0.4483,9.5172,0.5893
2022,3,BUF,88,0.7164,0.8182,0.1364,0.629,6.0968,0.75
2022,3,CAR,59,0.4186,0.3898,0.0678,0.56,6.28,0.4746
2022,3,CHI,58,0.3556,0.5172,0.069,0.3529,9.0,0.3793
2022,3,CIN,64,0.5306,0.6094,0.0,0.6111,7.75,0.5938
2022,3,CLE,71,0.4314,0.5352,0.1268,0.5484,6.4839,0.4648
2022,3,DAL,59,0.4667,0.4237,0.1017,0.5806,8.0968,0.5254
2022,3,DEN,68,0.4898,0.5588,0.1029,0.4848,7.4545,0.5588
2022,3,DET,75,0.4528,0.4267,0.0267,0.5,8.725,0.5333
2022,3,GB,60,0.4889,0.7833,0.05,0.7429,5.0571,0.6
2022,3,HOU,57,0.5,0.4386,0.1228,0.5,7.4375,0.5789
2022,3,IND,68,0.58,0.8235,0.0441,0.6486,4.8108,0.6176
2022,3,JAX,74,0.4909,0.7297,0.0135,0.5385,4.7692,0.5405
2022,3,KC,61,0.5417,0.7869,0.0,0.5278,8.1389,0.623
2022,3,LA,44,0.5278,0.5,0.0682,0.52,8.8,0.5909
2022,3,LAC,58,0.7907,0.7241,0.0345,0.4889,7.8222,0.7931
2022,3,LV,66,0.64,0.5909,0.0303,0.4889,8.8667,0.7121
2022,3,MIA,39,0.5161,0.6667,0.0,0.55,8.95,0.5641
2022,3,MIN,65,0.5556,0.4308,0.1846,0.5,8.35,0.6308
2022,3,NE,64,0.5,0.7344,0.0781,0.4062,12.0625,0.5625
2022,3,NO,62,0.6,0.6613,0.0968,0.3902,11.9024,0.6774
2022,3,NYG,67,0.5636,0.6567,0.3731,0.4595,7.1892,0.6269
2022,3,NYJ,76,0.6545,0.7763,0.1447,0.4808,10.0769,0.7368
2022,3,PHI,66,0.5417,0.803,0.197,0.4857,11.2,0.5758
2022,3,PIT,55,0.5217,0.7273,0.2909,0.25,12.25,0.6
2022,3,SEA,69,0.6122,0.6377,0.3478,0.3182,9.3636,0.6667
2022,3,SF,51,0.5854,0.5686,0.0196,0.5172,8.3448,0.6471
2022,3,TB,58,0.7778,0.7759,0.2414,0.6667,5.619,0.7931
2022,3,TEN,53,0.4524,0.4906,0.0943,0.4815,7.1111,0.5283
2022,3,WAS,75,0.6545,0.8667,0.1867,0.6279,7.8837,0.7067
2022,4,ARI,68,0.4118,0.8088,0.2059,0.5625,5.625,0.5
2022,4,ATL,52,0.3023,0.6154,0.0769,0.3158,12.7368,0.3846
2022,4,BAL,63,0.4583,0.8254,0.0159,0.5862,4.5862,0.4921
2022,4,BUF,59,0.6042,0.7797,0.2034,0.4444,7.4444,0.6271
2022,4,CAR,51,0.7297,0.6863,0.1176,0.5833,5.9444,0.7647
2022,4,CHI,60,0.4,0.5833,0.0333,0.5,9.9091,0.4667
2022,4,CIN,60,0.5227,0.5833,0.0,0.5,10.1562,0.55
2022,4,CLE,71,0.5,0.3803,0.0845,0.6571,8.0286,0.507
2022,4,DAL,57,0.4286,0.5263,0.0526,0.5926,7.963,0.4912
2022,4,DEN,48,0.5143,0.5833,0.1042,0.48,11.36,0.5833
2022,4,DET,68,0.5849,0.5735,0.0147,0.425,9.825,0.6176
2022,4,GB,71,0.4464,0.7324,0.0141,0.4857,10.2,0.507
2022,4,HOU,53,0.641,0.6038,0.0189,0.6286,7.3143,0.7358
2022,4,IND,63,0.58,0.7302,0.0159,0.5946,6.3784,0.6349
2022,4,JAX,45,0.5789,0.8444,0.0667,0.6087,7.9565,0.6
2022,4,KC,77,0.4915,0.7403,0.0,0.5405,7.0811,0.5195
2022,4,LA,73,0.7321,0.6986,0.2192,0.625,5.2708,0.7534
2022,4,LAC,63,0.5319,0.5556,0.0159,0.4872,7.5385,0.6349
2022,4,LV,72,0.4655,0.3611,0.2083,0.4706,8.1765,0.5
2022,4,MIA,60,0.5918,0.6833,0.0167,0.4595,10.2703,0.6333
2022,4,MIN,67,0.5577,0.4776,0.2388,0.4872,7.4615,0.6269
2022,4,NE,58,0.383,0.4483,0.0,0.5238,5.4762,0.431
2022,4,NO,58,0.4565,0.569,0.0345,0.4286,11.1071,0.5345
2022,4,NYG,61,0.234,0.459,0.1803,0.375,9.6875,0.2787
2022,4,NYJ,67,0.4706,0.7463,0.0597,0.4054,9.0,0.5672
2022,4,PHI,74,0.3519,0.9459,0.1216,0.48,6.24,0.3784
2022,4,PIT,59,0.4565,0.6949,0.1525,0.4231,14.4615,0.4915
2022,4,SEA,61,0.4898,0.4754,0.2459,0.4,10.6667,0.4918
2022,4,SF,49,0.4444,0.6939,0.0204,0.6667,5.5926,0.551
2022,4,TB,59,0.898,0.7966,0.2542,0.5769,6.2692,0.8983
2022,4,TEN,49,0.4211,0.3878,0.0408,0.7619,4.2857,0.4898
2022,4,WAS,71,0.537,0.7183,0.1972,0.6429,7.0714,0.6197
2022,5,ARI,67,0.566,0.9851,0.5373,0.575,7.325,0.6119
2022,5,ATL,62,0.413,0.7581,0.129,0.36,9.08,0.5
2022,5,BAL,59,0.5106,0.9492,0.0508,0.4375,9.2188,0.5593
2022,5,BUF,51,0.6667,0.8431,0.0392,0.3889,12.5556,0.7059
2022,5,CAR,66,0.7556,0.7121,0.1818,0.4762,8.2619,0.7273
2022,5,CHI,47,0.4571,0.7872,0.1064,0.5714,8.2381,0.5106
2022,5,CIN,59,0.5625,0.8814,0.0678,0.6571,3.4286,0.6441
2022,5,CLE,65,0.4815,0.5385,0.1538,0.3824,9.1765,0.5231
2022,5,DAL,51,0.25,0.5098,0.0,0.5625,7.3125,0.3725
2022,5,DEN,69,0.5385,0.6232,0.0435,0.5641,9.3846,0.6232
2022,5,DET,63,0.5556,0.5397,0.0952,0.5429,8.2857,0.5873
2022,5,GB,61,0.62,0.7705,0.0492,0.5897,7.4615,0.6721
2022,5,HOU,55,0.381,0.3636,0.0,0.5833,5.5,0.4545
2022,5,IND,72,0.5536,0.7361,0.0417,0.5,6.5,0.6389
2022,5,JAX,72,0.6,0.7778,0.1944,0.4783,9.9348,0.6389
2022,5,KC,69,0.6071,0.913,0.0,0.5814,6.3721,0.6812
2022,5,LA,64,0.6957,0.6719,0.1094,0.5682,8.0227,0.7656
2022,5,LAC,67,0.4727,0.5373,0.0597,0.6176,5.2059,0.5224
2022,5,LV,57,0.5,0.4561,0.0526,0.5333,10.2667,0.5614
2022,5,MIA,62,0.551,0.6452,0.0,0.6176,6.5588,0.5806
2022,5,MIN,72,0.5357,0.4583,0.1806,0.6829,4.3902,0.5972
2022,5,NE,53,0.3778,0.6038,0.0377,0.381,8.7143,0.3962
2022,5,NO,70,0.3393,0.4286,0.0571,0.48,8.0,0.3714
2022,5,NYG,56,0.4444,0.5357,0.0893,0.6296,5.1481,0.5
2022,5,NYJ,53,0.3659,0.6226,0.0189,0.4286,9.381,0.434
2022,5,PHI,70,0.5357,0.8857,0.3286,0.6389,3.8056,0.5429
2022,5,PIT,72,0.6852,0.9028,0.125,0.5,6.9808,0.7639
2022,5,SEA,50,0.5385,0.58,0.12,0.28,12.0,0.58
2022,5,SF,58,0.4783,0.4483,0.0,0.5,7.6667,0.5517
2022,5,TB,73,0.7143,0.6849,0.3562,0.5769,6.9615,0.726
2022,5,TEN,62,0.4043,0.4032,0.0645,0.6,9.12,0.4839
2022,5,WAS,55,0.6977,0.8364,0.1273,0.5526,9.2368,0.7455
2022,6,ARI,71,0.52,0.9718,0.4225,0.5676,9.0,0.6056
2022,6,ATL,56,0.2381,0.6964,0.1429,0.5714,5.5,0.2857
2022,6,BAL,58,0.5625,0.931,0.0172,0.375,9.6875,0.5862
2022,6,BUF,69,0.5893,0.7101,0.0435,0.625,7.375,0.5942
2022,6,CAR,43,0.4848,0.6744,0.1163,0.8095,0.9048,0.5349
2022,6,CHI,69,0.4038,0.5942,0.0725,0.4815,10.1852,0.4638
2022,6,CIN,54,0.7209,0.963,0.0,0.4054,6.1622,0.7593
2022,6,CLE,68,0.6596,0.75,0.2647,0.3778,11.7111,0.7353
2022,6,DAL,64,0.5849,0.5625,0.2188,0.4474,8.2895,0.5938
2022,6,DEN,55,0.4634,0.7818,0.1091,0.4286,9.5357,0.5818
2022,6,GB,68,0.6735,0.8676,0.1176,0.5111,8.2222,0.7206
2022,6,IND,76,0.7458,0.8947,0.4737,0.6207,5.1552,0.7763
2022,6,JAX,59,0.4348,0.7119,0.1017,0.6818,3.9545,0.4576
2022,6,KC,61,0.6939,0.9672,0.0,0.575,5.275,0.7049
2022,6,LA,61,0.551,0.4754,0.0328,0.6667,4.4242,0.5574
2022,6,LAC,83,0.6897,0.6627,0.1084,0.7018,5.9123,0.7108
2022,6,MIA,74,0.7143,0.7027,0.0135,0.5106,8.7234,0.7297
2022,6,MIN,49,0.6389,0.3673,0.0816,0.6667,5.5667,0.6939
2022,6,NE,62,0.5102,0.5161,0.0,0.5588,5.0588,0.5806
2022,6,NO,71,0.3774,0.6056,0.0563,0.5556,8.1111,0.5211
2022,6,NYG,59,0.413,0.5424,0.1356,0.5556,6.6296,0.5254
2022,6,NYJ,50,0.35,0.36,0.0,0.4444,6.1667,0.4
2022,6,PHI,66,0.451,0.8788,0.1212,0.56,5.32,0.4394
2022,6,PIT,58,0.4524,0.8448,0.1379,0.6,6.2333,0.5517
2022,6,SEA,65,0.54,0.7077,0.1846,0.4839,6.871,0.5538
2022,6,SF,57,0.75,0.7018,0.1228,0.5366,7.5366,0.7193
2022,6,TB,68,0.5882,0.6618,0.1471,0.4872,7.7436,0.6176
2022,6,WAS,54,0.381,0.7963,0.0741,0.6818,6.2273,0.4815
2022,7,ARI,61,0.5,0.9508,0.0328,0.4483,7.4483,0.5246
2022,7,ATL,44,0.2571,0.6818,0.2273,0.3846,8.3846,0.3636
2022,7,BAL,62,0.2889,0.871,0.0323,0.6875,5.3125,0.3065
2022,7,CAR,50,0.4211,0.46,0.12,0.5,8.5,0.46
2022,7,CHI,67,0.34,0.7015,0.0448,0.381,9.7619,0.3731
2022,7,CIN,65,0.6981,0.8154,0.0923,0.3571,8.6429,0.6923
2022,7,CLE,56,0.5227,0.6607,0.1429,0.6296,6.5926,0.5714
2022,7,DAL,57,0.4792,0.4386,0.1579,0.4,10.8,0.4737
2022,7,DEN,75,0.5536,0.6,0.0667,0.5435,10.5652,0.6267
2022,7,DET,56,0.5319,0.5536,0.0714,0.6154,6.0,0.5536
2022,7,GB,46,0.6923,0.8478,0.0435,0.6471,5.5588,0.7391
2022,7,HOU,65,0.625,0.6154,0.1692,0.5122,5.4146,0.6462
2022,7,IND,64,0.7,0.9375,0.5938,0.7273,4.0227,0.7344
2022,7,JAX,66,0.6458,0.7576,0.0152,0.3409,10.7727,0.6667
2022,7,KC,55,0.617,0.8364,0.0364,0.5,7.25,0.6727
2022,7,LAC,69,0.7647,0.7536,0.2029,0.549,6.2941,0.7826
2022,7,LV,52,0.4762,0.3462,0.0,0.3704,7.2963,0.5385
2022,7,MIA,61,0.5,0.623,0.2295,0.4,9.8571,0.5738
2022,7,NE,46,0.6286,0.7826,0.1087,0.5,8.7143,0.6304
2022,7,NO,70,0.6786,0.7286,0.2,0.5306,7.9184,0.7
2022,7,NYG,70,0.4035,0.6714,0.1571,0.5333,6.9333,0.4429
2022,7,NYJ,52,0.5526,0.5577,0.0192,0.6154,4.7308,0.5577
2022,7,PIT,68,0.6538,0.7206,0.2941,0.5581,7.0,0.6618
2022,7,SEA,60,0.4118,0.5333,0.15,0.4444,7.6296,0.4833
2022,7,SF,71,0.6842,0.7746,0.1268,0.5217,7.413,0.7183
2022,7,TB,66,0.7255,0.6515,0.1515,0.5918,7.3265,0.7576
2022,7,TEN,54,0.2857,0.463,0.0556,0.6,7.2,0.4074
2022,7,WAS,72,0.3571,0.6528,0.0278,0.6364,5.8788,0.4722
2022,8,ARI,69,0.6491,0.971,0.2174,0.6279,6.6977,0.6957
2022,8,ATL,66,0.4074,0.8182,0.2424,0.4643,10.8929,0.4545
2022,8,BAL,71,0.5439,0.9437,0.0423,0.4595,5.9189,0.5634
2022,8,BUF,53,0.5,0.717,0.0566,0.4,12.84,0.5094
2022,8,CAR,74,0.4655,0.6081,0.0541,0.3889,11.75,0.5
2022,8,CHI,73,0.3585,0.6438,0.0274,0.5833,8.5,0.411
2022,8,CIN,50,0.7692,0.96,0.06,0.6286,5.7143,0.8
2022,8,CLE,67,0.3019,0.3881,0.1343,0.4091,10.2273,0.3582
2022,8,DAL,55,0.4773,0.4545,0.2182,0.5185,6.9259,0.5091
2022,8,DEN,60,0.5217,0.8167,0.1333,0.4828,11.7241,0.5333
2022,8,DET,57,0.6087,0.4737,0.1053,0.5946,7.2162,0.6667
2022,8,GB,63,0.4898,0.746,0.0794,0.6333,7.8667,0.5079
2022,8,HOU,50,0.6176,0.52,0.12,0.5667,7.8667,0.66
2022,8,IND,53,0.4634,0.7547,0.0,0.4783,8.3478,0.4717
2022,8,JAX,65,0.5,0.8308,0.0,0.6129,5.5806,0.5077
2022,8,LA,55,0.5952,0.4909,0.0182,0.697,4.1818,0.6364
2022,8,LV,55,0.7368,0.6364,0.0727,0.5897,8.359,0.7818
2022,8,MIA,61,0.551,0.623,0.0328,0.3611,11.2222,0.623
2022,8,MIN,68,0.5185,0.5588,0.1471,0.5833,6.4722,0.5735
2022,8,NE,72,0.5192,0.6667,0.1111,0.6571,4.5714,0.5694
2022,8,NO,63,0.44,0.6032,0.0317,0.5484,5.5161,0.4921
2022,8,NYG,64,0.4255,0.7656,0.1094,0.4839,7.871,0.5625
2022,8,NYJ,58,0.6744,0.8621,0.1552,0.3659,9.7317,0.7414
2022,8,PHI,52,0.641,0.9038,0.1154,0.3667,10.5667,0.6346
2022,8,PIT,70,0.6296,0.8286,0.2143,0.6,5.85,0.6571
2022,8,SEA,61,0.5652,0.7377,0.1475,0.5588,8.0294,0.6066
2022,8,SF,52,0.5349,0.7692,0.0,0.4231,7.4231,0.5577
2022,8,TB,62,0.7447,0.7581,0.1935,0.5349,6.6977,0.7419
2022,8,TEN,57,0.2045,0.3684,0.0526,0.5,7.3,0.2281
2022,8,WAS,61,0.5,0.7377,0.082,0.6129,5.8065,0.541
2022,9,ARI,60,0.6444,0.9333,0.3,0.5714,6.0857,0.6667
2022,9,ATL,60,0.3469,0.7167,0.2167,0.3478,14.913,0.4167
2022,9,BAL,65,0.34,0.8769,0.0,0.5,10.0909,0.3846
2022,9,BUF,61,0.6596,0.6885,0.1639,0.5,12.0588,0.6393
2022,9,CAR,48,0.5897,0.8125,0.1875,0.4667,6.1667,0.625
2022,9,CHI,70,0.451,0.7286,0.0857,0.5,8.0714,0.4429
2022,9,CIN,70,0.4333,0.5714,0.0286,0.6452,5.8065,0.4714
2022,9,DET,57,0.3953,0.386,0.1053,0.6923,4.0769,0.4561
2022,9,GB,69,0.6122,0.7246,0.0725,0.4651,9.9767,0.6522
2022,9,HOU,57,0.375,0.5439,0.0351,0.5,7.2727,0.4386
2022,9,IND,60,0.5455,0.7667,0.0667,0.6552,6.5862,0.6333
2022,9,JAX,65,0.4706,0.7231,0.0154,0.5667,5.9,0.4615
2022,9,KC,92,0.7857,0.8804,0.0217,0.5882,6.8529,0.7826
2022,9,LA,53,0.5385,0.566,0.0943,0.6667,8.963,0.5849
2022,9,LAC,67,0.54,0.6716,0.0597,0.6512,5.6047,0.6418
2022,9,LV,57,0.5714,0.6667,0.0526,0.3889,9.8611,0.6667
2022,9,MIA,49,0.5385,0.6327,0.0204,0.4333,8.7333,0.6122
2022,9,MIN,65,0.6122,0.5846,0.1077,0.4634,9.3659,0.6615
2022,9,NE,61,0.4773,0.5902,0.082,0.6333,5.4667,0.5574
2022,9,NO,49,0.6486,0.8367,0.1429,0.4333,7.0333,0.6939
2022,9,NYJ,60,0.4222,0.6833,0.0333,0.4,6.4,0.45
2022,9,PHI,61,0.5625,0.7869,0.2623,0.4444,7.6667,0.5082
2022,9,SEA,68,0.4615,0.6324,0.2059,0.6765,3.0294,0.5294
2022,9,TB,78,0.6727,0.7308,0.2692,0.6316,4.7544,0.7436
2022,9,TEN,47,0.2857,0.6809,0.0,0.25,12.75,0.4043
2022,9,WAS,60,0.4898,0.75,0.0333,0.4643,8.2143,0.5167
2022,10,ARI,63,0.6087,0.7937,0.1905,0.5676,5.6216,0.619
2022,10,ATL,59,0.5106,0.8983,0.2542,0.2414,12.069,0.5763
2022,10,BUF,71,0.5965,0.8592,0.1127,0.4419,8.3488,0.6338
2022,10,CAR,64,0.2041,0.375,0.0312,0.625,5.5625,0.2656
2022,10,CHI,58,0.3696,0.6724,0.0517,0.4,9.9,0.3966
2022,10,CLE,61,0.6136,0.5902,0.2131,0.5143,9.1714,0.623
2022,10,DAL,79,0.5902,0.6203,0.1646,0.5435,7.3261,0.6076
2022,10,DEN,70,0.64,0.7,0.1429,0.4762,10.3571,0.6857
2022,10,DET,57,0.4444,0.4737,0.0,0.5769,6.7308,0.4912
2022,10,GB,60,0.2609,0.4833,0.0,0.35,11.3,0.3667
2022,10,HOU,60,0.66,0.6833,0.1333,0.4865,6.973,0.6833
2022,10,IND,59,0.4783,0.7458,0.0339,0.6071,6.1429,0.5254
2022,10,JAX,61,0.6667,0.918,0.0656,0.575,7.2,0.7377
2022,10,KC,60,0.551,0.8,0.0,0.4857,7.3714,0.5833
2022,10,LA,58,0.7556,0.7414,0.1724,0.5946,6.5946,0.6897
2022,10,LAC,56,0.6667,0.6964,0.0714,0.6757,5.5676,0.7143
2022,10,LV,65,0.5532,0.5231,0.0,0.5263,8.2105,0.6308
2022,10,MIA,63,0.5294,0.6032,0.0635,0.6364,7.3636,0.5397
2022,10,MIN,77,0.6364,0.6104,0.1039,0.46,8.6,0.7013
2022,10,NO,44,0.6774,0.75,0.1364,0.3929,9.6429,0.6818
2022,10,NYG,66,0.25,0.3636,0.3788,0.5882,5.6471,0.303
2022,10,PHI,47,0.5385,0.9362,0.2766,0.4615,8.0,0.5745
2022,10,PIT,78,0.4,0.7179,0.0769,0.4333,7.3667,0.4615
2022,10,SEA,51,0.7179,0.8431,0.3922,0.3939,7.697,0.7255
2022,10,SF,69,0.3725,0.6377,0.058,0.4643,6.5,0.4203
2022,10,TB,68,0.3818,0.5441,0.0147,0.5333,8.8,0.4412
2022,10,TEN,60,0.5455,0.6,0.0833,0.5833,6.8611,0.6167
2022,10,WAS,77,0.3214,0.6883,0.026,0.4074,10.3704,0.3896
2022,11,ARI,71,0.566,0.9437,0.6056,0.6591,5.7727,0.662
2022,11,ATL,48,0.325,0.7292,0.1875,0.6111,5.7778,0.375
2022,11,BAL,65,0.54,0.9692,0.0615,0.5455,4.4848,0.5538
2022,11,BUF,62,0.4,0.5323,0.0323,0.4444,7.7778,0.4677
2022,11,CAR,54,0.6585,0.6481,0.1481,0.6364,5.1212,0.6852
2022,11,CHI,65,0.2857,0.7077,0.0154,0.5714,8.8571,0.3846
2022,11,CIN,63,0.6481,0.8571,0.0317,0.359,7.7692,0.6508
2022,11,CLE,66,0.6038,0.697,0.1364,0.4878,8.6585,0.6364
2022,11,DAL,70,0.4151,0.4429,0.1,0.6,4.5667,0.4286
2022,11,DEN,62,0.4898,0.6613,0.0645,0.6452,6.6129,0.5484
2022,11,DET,60,0.3542,0.45,0.0333,0.6154,5.9231,0.4333
2022,11,GB,60,0.6279,0.75,0.15,0.4359,8.9744,0.6833
2022,11,HOU,53,0.6389,0.6792,0.1132,0.5758,8.1212,0.717
2022,11,IND,62,0.5,0.6129,0.0806,0.5,6.0625,0.5806
2022,11,KC,61,0.5098,0.7377,0.0328,0.2941,10.0,0.5738
2022,11,LA,61,0.4889,0.6393,0.0984,0.4444,10.2963,0.5082
2022,11,LAC,65,0.549,0.5538,0.1077,0.5333,8.1,0.5385
2022,11,LV,62,0.5686,0.4194,0.0323,0.4324,9.5135,0.6129
2022,11,MIN,54,0.6279,0.6852,0.2778,0.4333,7.2667,0.6852
2022,11,NE,59,0.5349,0.5763,0.0169,0.6667,4.7037,0.5593
2022,11,NO,54,0.5116,0.8333,0.0,0.5,8.3571,0.5926
2022,11,NYG,73,0.6429,0.7397,0.4658,0.4773,8.5682,0.6438
2022,11,NYJ,49,0.4,0.7551,0.0408,0.4091,8.9091,0.5306
2022,11,PHI,58,0.5227,0.8966,0.2759,0.44,8.12,0.4828
2022,11,PIT,68,0.58,0.7353,0.1176,0.3333,10.0476,0.6471
2022,11,SF,55,0.4773,0.5636,0.0,0.6207,6.069,0.5273
2022,11,TEN,61,0.5106,0.4426,0.1148,0.3793,8.8276,0.5246
2022,11,WAS,66,0.3529,0.5606,0.0606,0.4074,8.8889,0.4091
2022,12,ARI,64,0.44,0.9219,0.2031,0.4828,10.4828,0.4688
2022,12,ATL,55,0.4545,0.8182,0.1818,0.56,5.84,0.4727
2022,12,BAL,68,0.5,0.8235,0.0588,0.4375,11.75,0.5
2022,12,BUF,74,0.5806,0.8378,0.1757,0.4048,10.2619,0.6081
2022,12,CAR,64,0.24,0.2656,0.0,0.5263,10.2105,0.2969
2022,12,CHI,55,0.4359,0.6545,0.0909,0.56,6.88,0.4909
2022,12,CIN,62,0.5306,0.8226,0.0,0.5135,6.6216,0.6129
2022,12,CLE,75,0.4444,0.6933,0.08,0.5676,11.3514,0.5467
2022,12,DAL,68,0.3929,0.2941,0.1912,0.4,11.7333,0.4412
2022,12,DEN,57,0.619,0.7895,0.1404,0.5429,10.6,0.6667
2022,12,DET,68,0.5918,0.5294,0.0294,0.5405,6.8378,0.5735
2022,12,GB,48,0.525,0.6667,0.0208,0.44,7.44,0.5833
2022,12,HOU,60,0.75,0.6333,0.15,0.7179,5.3846,0.75
2022,12,IND,61,0.5652,0.8197,0.2951,0.5588,6.2941,0.6066
2022,12,JAX,62,0.6,0.7903,0.1129,0.5135,6.6757,0.6774
2022,12,KC,72,0.5574,0.8611,0.0278,0.5476,6.2143,0.5833
2022,12,LA,54,0.4737,0.6852,0.1296,0.5833,5.9583,0.5
2022,12,LAC,64,0.78,0.7656,0.0938,0.6383,3.7447,0.8125
2022,12,LV,77,0.459,0.4286,0.039,0.5556,8.5833,0.4805
2022,12,MIA,67,0.6038,0.6269,0.0448,0.3,11.625,0.6716
2022,12,MIN,65,0.52,0.3538,0.1077,0.7368,5.6842,0.6
2022,12,NE,54,0.6977,0.8333,0.1111,0.5526,8.1579,0.7593
2022,12,NO,53,0.5366,0.7358,0.0,0.5,8.2,0.5849
2022,12,NYG,56,0.5455,0.5893,0.0714,0.5625,7.25,0.625
2022,12,NYJ,60,0.383,0.5167,0.0167,0.5517,5.3448,0.5
2022,12,PHI,77,0.4,0.9481,0.1948,0.5357,7.0357,0.3896
2022,12,PIT,67,0.4423,0.6716,0.0597,0.5357,5.8214,0.4776
2022,12,SEA,62,0.6038,0.7742,0.2903,0.4324,7.8108,0.6452
2022,12,SF,65,0.48,0.5846,0.0154,0.6216,5.6216,0.5846
2022,12,TB,66,0.66,0.6364,0.1818,0.5116,9.093,0.697
2022,12,TEN,56,0.5,0.6429,0.0714,0.5882,8.3824,0.625
2022,12,WAS,59,0.3043,0.5593,0.0169,0.5217,6.3478,0.3898
2022,13,ATL,53,0.4286,0.8302,0.1509,0.1667,15.5833,0.4717
2022,13,BAL,68,0.6731,0.8676,0.0735,0.5833,6.4167,0.5882
2022,13,BUF,68,0.4259,0.6618,0.0294,0.4545,8.0909,0.5147
2022,13,CHI,49,0.5,0.7347,0.0204,0.48,10.4,0.5102
2022,13,CIN,64,0.4423,0.8438,0.0312,0.4839,7.4516,0.5
2022,13,CLE,58,0.3261,0.5517,0.0172,0.5,6.1818,0.3966
2022,13,DAL,66,0.4118,0.4697,0.0606,0.5333,6.9,0.4848
2022,13,DEN,52,0.375,0.4615,0.0385,0.5,10.1364,0.4615
2022,13,DET,72,0.5667,0.5972,0.0833,0.5854,6.0,0.5972
2022,13,GB,62,0.4348,0.6129,0.0,0.3548,10.4516,0.5161
2022,13,HOU,61,0.617,0.5246,0.082,0.5641,8.9744,0.6557
2022,13,IND,69,0.5577,0.7246,0.2319,0.4865,5.8919,0.5942
2022,13,JAX,56,0.6154,0.8393,0.1429,0.5294,8.1471,0.6607
2022,13,KC,54,0.4634,0.6852,0.0,0.5185,9.4444,0.537
2022,13,LA,63,0.449,0.2381,0.0476,0.4231,9.8846,0.4762
2022,13,LAC,73,0.6731,0.8082,0.0274,0.4255,7.9787,0.7123
2022,13,LV,59,0.449,0.4407,0.0169,0.4333,11.5,0.5085
2022,13,MIA,45,0.7778,0.8,0.0667,0.2647,11.5588,0.8222
2022,13,MIN,64,0.4667,0.5156,0.0781,0.5143,9.4,0.5781
2022,13,NE,50,0.7368,0.76,0.16,0.5556,6.2778,0.74
2022,13,NO,56,0.4286,0.6071,0.0357,0.5862,7.2414,0.5536
2022,13,NYG,62,0.4898,0.5806,0.0645,0.6552,6.4483,0.5323
2022,13,NYJ,83,0.6774,0.7108,0.2048,0.5172,8.0,0.7108
2022,13,PHI,67,0.6415,0.8806,0.1493,0.4634,9.6098,0.6418
2022,13,PIT,64,0.3846,0.4844,0.0156,0.5,8.9643,0.4375
2022,13,SEA,64,0.6296,0.7656,0.1406,0.4359,6.7692,0.6719
2022,13,SF,76,0.5,0.6447,0.0132,0.561,5.9512,0.5921
2022,13,TB,74,0.6949,0.7432,0.2027,0.6852,5.6852,0.7432
2022,13,TEN,53,0.5405,0.6226,0.0943,0.5385,6.3077,0.6038
2022,13,WAS,81,0.5152,0.7037,0.0988,0.4878,7.7805,0.5679
2022,14,ARI,68,0.6531,0.8824,0.3235,0.5366,7.3902,0.6912
2022,14,BAL,56,0.3023,0.8929,0.0,0.4118,7.8824,0.3393
2022,14,BUF,53,0.55,0.7547,0.0943,0.5185,8.2963,0.566
2022,14,CAR,71,0.3393,0.4507,0.0141,0.7917,3.6667,0.3662
2022,14,CIN,58,0.5909,0.8103,0.0172,0.5152,6.8182,0.6034
2022,14,CLE,69,0.625,0.7971,0.2029,0.4762,8.4524,0.6377
2022,14,DAL,70,0.6038,0.5143,0.2429,0.4872,8.3846,0.5714
2022,14,DEN,68,0.7551,0.6912,0.1029,0.6364,5.25,0.7353
2022,14,DET,69,0.5192,0.5217,0.029,0.641,6.7179,0.5652
2022,14,HOU,63,0.3913,0.6349,0.0159,0.5385,7.6154,0.4127
2022,14,JAX,67,0.5769,0.6269,0.0299,0.5952,7.0714,0.6418
2022,14,KC,64,0.6346,0.7812,0.0,0.5238,7.0,0.6875
2022,14,LA,59,0.6,0.4576,0.0508,0.5294,8.4412,0.6441
2022,14,LAC,75,0.6909,0.6267,0.0533,0.6078,5.4118,0.7333
2022,14,LV,58,0.2955,0.4655,0.0172,0.5,9.5,0.3448
2022,14,MIA,49,0.5,0.7551,0.1224,0.2143,12.1786,0.6122
2022,14,MIN,63,0.68,0.5556,0.1111,0.3902,11.122,0.7302
2022,14,NE,53,0.6279,0.7547,0.0189,0.5143,4.9143,0.6792
2022,14,NYG,64,0.587,0.6406,0.1406,0.5938,6.0625,0.625
2022,14,NYJ,73,0.6545,0.7534,0.0685,0.5319,7.7021,0.6986
2022,14,PHI,65,0.5094,0.9538,0.1538,0.3871,9.5806,0.5385
2022,14,PIT,53,0.5556,0.717,0.0377,0.3871,10.7097,0.6226
2022,14,SEA,53,0.641,0.7736,0.1887,0.2778,10.9444,0.7358
2022,14,SF,58,0.3404,0.5345,0.0517,0.5652,4.8696,0.3966
2022,14,TB,73,0.76,0.9041,0.5205,0.6,6.4545,0.7534
2022,14,TEN,62,0.62,0.7581,0.1774,0.5789,9.1053,0.6935
2022,15,ARI,60,0.617,0.9,0.35,0.5556,6.5556,0.6667
2022,15,ATL,70,0.4038,0.7286,0.1143,0.4231,9.1154,0.4286
2022,15,BAL,60,0.5,0.9333,0.1,0.5333,6.9333,0.55
2022,15,BUF,71,0.5789,0.8451,0.2394,0.375,10.7,0.5915
2022,15,CAR,42,0.5161,0.619,0.0476,0.5,9.9091,0.619
2022,15,CHI,56,0.4186,0.7321,0.1071,0.6818,7.4545,0.5
2022,15,CIN,61,0.6087,0.8197,0.082,0.6053,5.5,0.6885
2022,15,CLE,61,0.4889,0.541,0.0984,0.6429,4.6071,0.5082
2022,15,DAL,74,0.3966,0.6892,0.1486,0.5667,8.6333,0.4459
2022,15,DEN,65,0.4815,0.6308,0.0923,0.6923,4.4615,0.5077
2022,15,DET,66,0.5208,0.6364,0.0152,0.6579,5.2632,0.5758
2022,15,GB,65,0.4545,0.6154,0.0154,0.5667,4.8,0.5077
2022,15,HOU,56,0.4565,0.6786,0.0714,0.4828,8.8276,0.5357
2022,15,IND,78,0.3966,0.6026,0.0128,0.4545,7.7273,0.4615
2022,15,JAX,70,0.5862,0.7571,0.0429,0.4762,8.8333,0.6143
2022,15,KC,76,0.5238,0.6842,0.0132,0.6585,5.5366,0.5789
2022,15,LA,43,0.5,0.3721,0.093,0.5714,4.619,0.6047
2022,15,LAC,67,0.6154,0.6418,0.0597,0.575,8.15,0.6418
2022,15,LV,64,0.5714,0.6094,0.0469,0.3684,12.7105,0.6406
2022,15,MIA,58,0.4524,0.6034,0.0172,0.5,8.2667,0.569
2022,15,MIN,86,0.7015,0.5698,0.1977,0.5818,8.0727,0.7326
2022,15,NE,63,0.4694,0.6349,0.0317,0.4839,9.4839,0.5079
2022,15,NO,53,0.3333,0.5472,0.0,0.2632,10.6316,0.3962
2022,15,NYG,59,0.4583,0.7966,0.0339,0.5938,3.8125,0.5424
2022,15,NYJ,61,0.587,0.6721,0.0492,0.2,14.0286,0.6393
2022,15,PHI,70,0.5098,0.9,0.1429,0.2973,12.5946,0.5429
2022,15,PIT,67,0.2745,0.4328,0.1045,0.5455,7.0,0.3433
2022,15,SEA,61,0.75,0.918,0.1967,0.6136,3.8182,0.7705
2022,15,SF,58,0.3778,0.5517,0.0,0.5769,5.8462,0.4655
2022,15,TB,69,0.6111,0.5942,0.087,0.4545,7.1364,0.6667
2022,15,TEN,56,0.5111,0.625,0.0714,0.5769,6.1923,0.5357
2022,15,WAS,58,0.5,0.6897,0.069,0.5172,11.2759,0.5517
2022,16,ARI,72,0.5849,0.7917,0.125,0.5556,7.8222,0.6389
2022,16,ATL,67,0.48,0.7015,0.2239,0.5152,5.9394,0.5224
2022,16,BAL,49,0.2703,0.9388,0.0204,0.4118,11.7059,0.3469
2022,16,BUF,58,0.4444,0.569,0.0,0.3462,11.3846,0.4828
2022,16,CAR,64,0.2963,0.5312,0.0938,0.6364,6.5455,0.3438
2022,16,CHI,57,0.4524,0.7368,0.0702,0.5926,7.963,0.5088
2022,16,CIN,78,0.7167,0.8205,0.0641,0.6346,6.4231,0.6923
2022,16,CLE,67,0.3617,0.5672,0.1493,0.3548,9.7419,0.4925
2022,16,DAL,70,0.537,0.7,0.0857,0.6,7.2286,0.5857
2022,16,DEN,62,0.6458,0.8226,0.3548,0.4,10.5429,0.6613
2022,16,DET,61,0.6889,0.6885,0.0984,0.5238,7.4286,0.7213
2022,16,GB,62,0.6591,0.6613,0.0161,0.6053,8.6579,0.6452
2022,16,HOU,62,0.5217,0.7097,0.0,0.5,9.25,0.5484
2022,16,IND,50,0.6389,0.82,0.1,0.4483,8.3793,0.72
2022,16,JAX,68,0.3774,0.6618,0.0441,0.5806,5.2903,0.4706
2022,16,KC,51,0.5128,0.7059,0.0,0.5357,7.4643,0.5686
2022,16,LA,62,0.4314,0.3548,0.1129,0.6429,3.3929,0.4516
2022,16,LAC,64,0.4565,0.6094,0.0156,0.5161,7.6774,0.5469
2022,16,LV,52,0.575,0.5577,0.0192,0.4,9.4,0.6346
2022,16,MIA,44,0.5556,0.6818,0.0455,0.32,10.56,0.6136
2022,16,MIN,70,0.6786,0.5714,0.2143,0.5532,6.8511,0.7286
2022,16,NE,52,0.6486,0.7885,0.1346,0.625,11.9375,0.7115
2022,16,NO,53,0.1579,0.6604,0.0189,0.6,7.3333,0.283
2022,16,NYG,67,0.6481,0.791,0.0597,0.5238,6.3571,0.6866
2022,16,NYJ,56,0.5526,0.8036,0.0714,0.4545,9.4545,0.6429
2022,16,PHI,67,0.54,0.9254,0.2388,0.3333,9.7436,0.5821
2022,16,PIT,66,0.54,0.6515,0.0152,0.4872,5.3333,0.5909
2022,16,SEA,73,0.4906,0.6712,0.1233,0.5,6.675,0.5753
2022,16,SF,51,0.4474,0.6078,0.0,0.3636,8.3182,0.4902
2022,16,TB,77,0.5862,0.7403,0.1818,0.7708,4.7292,0.6234
2022,16,TEN,58,0.4318,0.6207,0.1379,0.5652,6.087,0.4655
2022,16,WAS,70,0.4444,0.7429,0.1,0.4706,9.2941,0.5286
2022,17,ARI,69,0.5965,0.7681,0.5217,0.45,9.45,0.6087
2022,17,ATL,59,0.413,0.7119,0.1017,0.5385,5.8846,0.4576
2022,17,BAL,49,0.3784,0.9184,0.0408,0.5,7.75,0.4286
2022,17,CAR,58,0.6222,0.5172,0.0517,0.5143,9.3429,0.6379
2022,17,CHI,50,0.5,0.78,0.06,0.381,9.9048,0.56
2022,17,CLE,50,0.4211,0.58,0.02,0.5556,6.3333,0.46
2022,17,DAL,73,0.5333,0.6438,0.0959,0.5366,7.4878,0.5753
2022,17,DEN,66,0.6154,0.7121,0.0303,0.5526,5.0526,0.6364
2022,17,DET,67,0.4074,0.3433,0.0,0.5172,6.6207,0.4627
2022,17,GB,59,0.3913,0.5254,0.0339,0.5385,10.3846,0.4576
2022,17,HOU,67,0.6739,0.806,0.1642,0.5455,7.9318,0.6866
2022,17,IND,56,0.381,0.8214,0.1071,0.5185,6.8519,0.5179
2022,17,JAX,59,0.4894,0.7797,0.1356,0.6207,5.4483,0.5254
2022,17,KC,58,0.7447,0.8103,0.0,0.5952,7.4524,0.7241
2022,17,LA,47,0.3889,0.4043,0.0851,0.4737,11.5789,0.4681
2022,17,LAC,62,0.4694,0.6613,0.0484,0.6129,6.1613,0.5
2022,17,LV,65,0.5,0.5692,0.0154,0.4706,10.1176,0.5231
2022,17,MIA,69,0.5192,0.6812,0.0145,0.525,7.95,0.6087
2022,17,MIN,56,0.619,0.6964,0.25,0.5429,8.5429,0.6607
2022,17,NE,55,0.5854,0.6364,0.0182,0.5455,8.7273,0.6545
2022,17,NO,64,0.4468,0.7969,0.0469,0.5,6.4583,0.4844
2022,17,NYG,61,0.3962,0.7049,0.0,0.5833,6.0,0.3934
2022,17,NYJ,67,0.7115,0.6866,0.0896,0.5,7.7174,0.7463
2022,17,PHI,53,0.6667,0.9057,0.1698,0.4375,9.3438,0.717
2022,17,PIT,68,0.3269,0.5294,0.0735,0.4074,8.2593,0.4265
2022,17,SEA,71,0.4259,0.507,0.2254,0.4828,9.2759,0.4648
2022,17,SF,60,0.5577,0.6,0.0333,0.4857,7.7143,0.5833
2022,17,TB,75,0.625,0.6933,0.1733,0.6,7.8222,0.6667
2022,17,TEN,65,0.5532,0.7077,0.0615,0.4615,9.0,0.6308
2022,17,WAS,68,0.3542,0.7647,0.0882,0.4643,8.2857,0.4559
2022,18,ARI,49,0.5946,0.898,0.1224,0.6296,6.6667,0.6122
2022,18,ATL,67,0.4286,0.791,0.1194,0.3333,11.8,0.4776
2022,18,BAL,73,0.5636,0.9041,0.0822,0.4524,8.3095,0.6301
2022,18,BUF,55,0.5682,0.7273,0.0364,0.2581,13.4194,0.6
2022,18,CAR,57,0.2727,0.4737,0.0526,0.4667,11.2667,0.2982
2022,18,CHI,49,0.4722,0.551,0.0204,0.5185,10.5926,0.5918
2022,18,CIN,64,0.6667,0.8906,0.0312,0.5,8.5238,0.6875
2022,18,CLE,56,0.5952,0.8214,0.1429,0.5357,7.2857,0.625
2022,18,DAL,65,0.6,0.7692,0.2154,0.4211,10.5526,0.6
2022,18,DEN,61,0.375,0.8033,0.0,0.4167,13.1667,0.4262
2022,18,DET,59,0.5556,0.6102,0.0508,0.5882,5.5,0.5932
2022,18,GB,57,0.4651,0.6316,0.0351,0.6296,8.963,0.5088
2022,18,HOU,65,0.5833,0.6615,0.0615,0.45,8.475,0.6462
2022,18,IND,69,0.4906,0.7101,0.0725,0.6571,7.2571,0.5362
2022,18,JAX,44,0.697,0.75,0.0227,0.5625,7.9688,0.75
2022,18,KC,54,0.5111,0.7222,0.0,0.5769,9.0385,0.5185
2022,18,LA,58,0.4419,0.3621,0.1207,0.4615,9.6538,0.5345
2022,18,LAC,66,0.6471,0.697,0.0455,0.5909,6.3409,0.697
2022,18,LV,67,0.551,0.5672,0.0448,0.5556,8.4722,0.6269
2022,18,MIA,63,0.4167,0.6984,0.0317,0.5806,6.7097,0.5079
2022,18,MIN,71,0.4333,0.338,0.0563,0.4848,8.4242,0.4648
2022,18,NE,64,0.5833,0.7188,0.0156,0.6,7.05,0.6562
2022,18,NO,58,0.4091,0.5345,0.0,0.56,9.4,0.4483
2022,18,NYG,64,0.6304,0.8125,0.0469,0.65,5.1,0.6719
2022,18,NYJ,53,0.5405,0.4906,0.0,0.4545,8.4848,0.6226
2022,18,PHI,68,0.5091,0.9412,0.1765,0.6286,6.8286,0.5588
2022,18,PIT,67,0.3529,0.4627,0.0448,0.3448,11.1034,0.4627
2022,18,SEA,69,0.4386,0.6957,0.1594,0.3,9.1,0.4783
2022,18,SF,61,0.3404,0.6066,0.0,0.5,5.35,0.3934
2022,18,TB,54,0.5385,0.7593,0.0556,0.6176,5.5588,0.6296
2022,18,TEN,72,0.2885,0.5833,0.0278,0.5517,6.4483,0.4583
2022,18,WAS,62,0.2708,0.5806,0.0323,0.5789,8.4211,0.3548
2022,19,BAL,66,0.4423,0.8788,0.0152,0.5862,6.5862,0.4697
2022,19,BUF,71,0.6296,0.7606,0.0423,0.3333,15.5897,0.6479
2022,19,CIN,54,0.65,0.9074,0.0,0.5312,6.0938,0.6852
2022,19,DAL,67,0.4423,0.7015,0.1343,0.5152,8.1212,0.5075
2022,19,JAX,71,0.6667,0.9437,0.2113,0.5319,7.5106,0.6901
2022,19,LAC,67,0.6078,0.7761,0.0299,0.6512,5.5581,0.6866
2022,19,MIA,70,0.6275,0.7286,0.0571,0.3778,11.0444,0.7143
2022,19,MIN,56,0.6364,0.6071,0.1429,0.525,6.55,0.7143
2022,19,NYG,64,0.6,0.7344,0.0312,0.5714,5.8,0.5938
2022,19,SEA,64,0.551,0.625,0.2969,0.4857,9.3143,0.6094
2022,19,SF,64,0.4615,0.5156,0.0156,0.3333,12.6,0.5
2022,19,TB,82,0.8305,0.8902,0.3415,0.6364,5.4545,0.8537
2022,20,BUF,62,0.7083,0.9194,0.3387,0.4524,9.0952,0.6935
2022,20,CIN,68,0.5172,0.8235,0.0147,0.6571,7.1143,0.5294
2022,20,DAL,60,0.5814,0.6667,0.0833,0.5676,8.1892,0.6333
2022,20,JAX,59,0.6522,0.8305,0.1017,0.5789,7.9737,0.678
2022,20,KC,65,0.566,0.8154,0.0,0.6216,5.3514,0.5692
2022,20,NYG,52,0.5278,0.8654,0.1923,0.5185,7.8519,0.6154
2022,20,PHI,68,0.3333,0.9706,0.1176,0.6667,6.0,0.3676
2022,20,SF,63,0.3878,0.746,0.0476,0.4483,8.5517,0.4921
2022,21,CIN,63,0.7083,0.9048,0.0635,0.561,7.3171,0.7302
2022,21,KC,66,0.6667,0.8939,0.0,0.5349,6.6279,0.697
2022,21,PHI,68,0.34,0.9559,0.1176,0.52,9.72,0.3824
2022,21,SF,44,0.5294,0.5682,0.0227,0.5556,6.3889,0.4773
2022,22,KC,50,0.5227,0.74,0.02,0.5556,6.1852,0.54
2022,22,PHI,73,0.5962,0.8904,0.2055,0.5526,10.6316,0.5479
2023,1,ARI,57,0.5,0.7193,0.0526,0.4667,6.2,0.5789
2023,1,ATL,47,0.3784,0.7021,0.1702,0.6111,3.5,0.4681
2023,1,BAL,59,0.3256,0.8475,0.1356,0.6818,4.6364,0.4407
2023,1,BUF,66,0.6792,0.9242,0.2273,0.525,8.425,0.6818
2023,1,CAR,72,0.5,0.9306,0.0833,0.4737,7.3947,0.5556
2023,1,CHI,72,0.5636,0.8472,0.1667,0.8108,3.0541,0.5833
2023,1,CIN,52,0.5556,1.0,0.0,0.5938,7.375,0.6538
2023,1,CLE,73,0.3966,0.5342,0.0548,0.4828,11.3448,0.4384
2023,1,DAL,55,0.375,0.4727,0.0364,0.48,7.24,0.4545
2023,1,DEN,57,0.587,0.5614,0.0526,0.7273,4.1515,0.614
2023,1,DET,65,0.4583,0.4308,0.0308,0.6176,7.0,0.5385
2023,1,GB,59,0.439,0.7119,0.0508,0.4074,10.1852,0.4746
2023,1,HOU,71,0.6,0.7324,0.1408,0.5349,6.0465,0.6761
2023,1,IND,69,0.6154,0.942,0.2174,0.5641,5.5897,0.6232
2023,1,JAX,68,0.4717,0.7941,0.0588,0.5,6.75,0.5
2023,1,KC,62,0.5745,0.7903,0.0161,0.5385,9.0769,0.629
2023,1,LA,78,0.4333,0.5128,0.0513,0.3421,10.7632,0.4872
2023,1,LAC,76,0.45,0.8158,0.1974,0.5758,7.0909,0.4737
2023,1,LV,50,0.4872,0.58,0.02,0.5769,7.0385,0.52
2023,1,MIA,61,0.7,0.8361,0.0328,0.3556,11.0,0.7377
2023,1,MIN,62,0.6939,0.5323,0.1935,0.4545,6.7727,0.7419
2023,1,NE,79,0.6724,0.8861,0.2278,0.5185,7.463,0.7215
2023,1,NO,62,0.5217,0.6774,0.0806,0.2727,11.4545,0.5968
2023,1,NYG,63,0.5581,0.746,0.1587,0.5333,5.7,0.5873
2023,1,NYJ,51,0.4054,0.4706,0.0196,0.5909,5.1364,0.4902
2023,1,PHI,60,0.6304,0.9667,0.15,0.4545,10.0606,0.6
2023,1,PIT,60,0.8333,0.9,0.2333,0.5333,7.2667,0.8333
2023,1,SEA,46,0.5135,0.8913,0.3261,0.6538,4.8846,0.6087
2023,1,SF,63,0.4286,0.5873,0.0159,0.4138,8.3448,0.5079
2023,1,TB,65,0.5,0.5385,0.1846,0.5,7.4118,0.5385
2023,1,TEN,59,0.5532,0.6441,0.0,0.3824,9.1176,0.6271
2023,1,WAS,65,0.5577,0.8308,0.0308,0.3871,7.3548,0.5692
2023,2,ARI,61,0.46,0.5738,0.0492,0.3871,9.9677,0.5082
2023,2,ATL,77,0.3966,0.6753,0.1818,0.4688,7.7188,0.4286
2023,2,BAL,69,0.4909,0.7826,0.1159,0.4545,9.0909,0.4783
2023,2,BUF,72,0.5091,0.6528,0.0556,0.7027,4.6216,0.5417
2023,2,CAR,57,0.6341,0.8596,0.0702,0.5152,7.8182,0.6667
2023,2,CHI,50,0.6486,0.8,0.14,0.5517,6.1724,0.7
2023,2,CIN,57,0.6829,0.9825,0.1404,0.5366,5.3902,0.7368
2023,2,CLE,83,0.4677,0.7108,0.1084,0.475,9.875,0.5542
2023,2,DAL,80,0.4194,0.525,0.0375,0.7632,4.3684,0.4875
2023,2,DEN,62,0.5957,0.6129,0.1935,0.5161,9.7097,0.629
2023,2,DET,64,0.58,0.7344,0.0312,0.5143,8.2857,0.5781
2023,2,GB,46,0.5278,0.6522,0.0435,0.32,8.84,0.5652
2023,2,HOU,75,0.5926,0.6933,0.1867,0.2444,9.7333,0.68
2023,2,IND,56,0.5,0.9464,0.1964,0.6667,4.1212,0.5893
2023,2,JAX,63,0.6735,0.9524,0.1111,0.6429,6.5,0.7302
2023,2,KC,60,0.6304,0.7833,0.0333,0.5366,6.6829,0.7
2023,2,LA,77,0.7213,0.7922,0.1558,0.5556,6.7222,0.7143
2023,2,LAC,66,0.6667,0.7424,0.1364,0.3659,10.7561,0.6818
2023,2,LV,39,0.5312,0.5128,0.0,0.5833,7.9167,0.6154
2023,2,MIA,58,0.4694,0.8276,0.0862,0.3333,8.9667,0.5345
2023,2,MIN,55,0.7955,0.6,0.2727,0.5682,9.0682,0.8364
2023,2,NE,70,0.6792,0.8286,0.3286,0.4762,9.0,0.6571
2023,2,NO,71,0.5,0.6479,0.0845,0.5676,7.6757,0.5775
2023,2,NYG,67,0.6111,0.6866,0.1194,0.4324,9.3514,0.597
2023,2,NYJ,45,0.6765,0.7111,0.1333,0.4231,10.5,0.6444
2023,2,PHI,75,0.35,0.96,0.1467,0.5652,9.0435,0.36
2023,2,PIT,51,0.5278,0.7059,0.0392,0.5667,5.7333,0.6275
2023,2,SEA,66,0.5741,0.6515,0.1667,0.55,6.475,0.6212
2023,2,SF,53,0.4419,0.6981,0.0377,0.44,9.04,0.4906
2023,2,TB,66,0.42,0.6061,0.1212,0.5294,7.4118,0.5152
2023,2,TEN,63,0.3878,0.5397,0.0794,0.5417,8.7917,0.4603
2023,2,WAS,67,0.6182,0.8955,0.0149,0.5897,5.8718,0.6418
2023,3,ARI,53,0.3659,0.6226,0.0377,0.5238,6.2381,0.4528
2023,3,ATL,65,0.64,0.6769,0.2923,0.4737,7.6579,0.6923
2023,3,BAL,71,0.4545,0.8732,0.0423,0.5484,6.4194,0.493
2023,3,BUF,63,0.4468,0.6667,0.0317,0.5,9.5625,0.5079
2023,3,CAR,75,0.7593,0.8667,0.12,0.4483,8.2241,0.8133
2023,3,CHI,51,0.4595,0.8039,0.2549,0.3636,14.2727,0.4902
2023,3,CIN,70,0.6667,1.0,0.0143,0.4583,7.1667,0.7143
2023,3,CLE,67,0.5283,0.5821,0.0149,0.5758,8.2424,0.5373
2023,3,DAL,75,0.5345,0.56,0.08,0.65,5.15,0.56
2023,3,DEN,59,0.6087,0.6949,0.0508,0.4737,10.8421,0.661
2023,3,DET,61,0.5,0.5902,0.0328,0.5455,8.2424,0.541
2023,3,GB,67,0.617,0.8358,0.1343,0.3488,11.6977,0.6716
2023,3,HOU,56,0.4634,0.5,0.0357,0.4667,8.4,0.5357
2023,3,IND,84,0.541,0.9762,0.2143,0.5455,7.7955,0.5833
2023,3,JAX,69,0.5636,0.8841,0.2464,0.5476,7.119,0.6087
2023,3,KC,73,0.4407,0.8082,0.0137,0.5526,6.6842,0.5205
2023,3,LA,52,0.75,0.75,0.1346,0.5455,9.6061,0.75
2023,3,LAC,63,0.76,0.9365,0.0317,0.5625,7.1042,0.7778
2023,3,LV,68,0.6731,0.7353,0.1765,0.3636,10.3636,0.7206
2023,3,MIA,70,0.3559,0.6857,0.0429,0.6071,6.6071,0.4
2023,3,MIN,78,0.6393,0.5256,0.1667,0.5,7.94,0.6923
2023,3,NE,69,0.3,0.6087,0.0725,0.4483,9.6897,0.4203
2023,3,NO,60,0.5556,0.7,0.0333,0.5294,8.0882,0.6333
2023,3,NYG,47,0.7059,0.766,0.1489,0.6061,6.0909,0.766
2023,3,NYJ,60,0.5682,0.7667,0.0667,0.5429,6.9429,0.6333
2023,3,PHI,78,0.4915,0.9359,0.1538,0.4054,9.2432,0.4872
2023,3,PIT,59,0.4318,0.6949,0.0169,0.4643,8.1429,0.4915
2023,3,SEA,68,0.537,0.7353,0.1029,0.4167,8.25,0.5735
2023,3,SF,74,0.4655,0.6216,0.027,0.5676,4.9189,0.527
2023,3,TB,45,0.5294,0.7111,0.0444,0.44,10.56,0.6222
2023,3,TEN,45,0.5312,0.7556,0.0,0.48,10.16,0.6667
2023,3,WAS,51,0.7073,0.9608,0.1176,0.5517,7.069,0.7451
2023,4,ARI,67,0.5833,0.7463,0.0597,0.4878,8.2683,0.6269
2023,4,ATL,57,0.5227,0.8246,0.1228,0.3548,8.2581,0.614
2023,4,BAL,54,0.3171,0.9074,0.0185,0.5263,6.3158,0.4074
2023,4,BUF,52,0.5116,0.7115,0.0769,0.52,8.2,0.5192
2023,4,CAR,68,0.5294,0.8529,0.1765,0.5938,3.6875,0.5441
2023,4,CHI,70,0.5091,0.7429,0.0429,0.4857,8.8571,0.5571
2023,4,CIN,50,0.625,0.98,0.12,0.5172,4.7241,0.66
2023,4,CLE,64,0.5319,0.8438,0.2031,0.5278,8.7222,0.625
2023,4,DAL,66,0.54,0.5758,0.0455,0.5833,6.3056,0.6061
2023,4,DEN,47,0.5833,0.4255,0.0213,0.5714,6.3929,0.617
2023,4,DET,72,0.3585,0.5139,0.0139,0.4643,6.4286,0.4167
2023,4,GB,55,0.7317,0.8,0.1455,0.4167,9.5278,0.7636
2023,4,HOU,67,0.3704,0.4627,0.1045,0.3793,8.931,0.4328
2023,4,IND,58,0.3636,0.9655,0.2931,0.32,12.44,0.5
2023,4,JAX,61,0.4783,0.7705,0.0164,0.6667,5.9667,0.5246
2023,4,KC,63,0.451,0.8254,0.0,0.6667,6.5,0.4921
2023,4,LA,78,0.5,0.6282,0.1667,0.475,7.425,0.5385
2023,4,LAC,59,0.3864,0.7966,0.0847,0.375,12.0417,0.4407
2023,4,LV,69,0.6364,0.6377,0.058,0.5897,6.5385,0.6667
2023,4,MIA,59,0.6444,0.8475,0.0169,0.5429,5.3714,0.678
2023,4,MIN,43,0.3636,0.4651,0.1628,0.4737,8.7895,0.4884
2023,4,NE,55,0.5,0.5636,0.0727,0.4667,7.6,0.5818
2023,4,NO,60,0.6512,0.7833,0.1,0.5641,8.2821,0.7
2023,4,NYG,74,0.6111,0.8649,0.3514,0.7353,3.6765,0.6081
2023,4,NYJ,57,0.6591,0.5965,0.0702,0.5385,7.4615,0.7193
2023,4,PHI,68,0.5849,0.9265,0.1765,0.4054,10.7568,0.5882
2023,4,PIT,56,0.4878,0.875,0.0536,0.5714,6.2143,0.5536
2023,4,SEA,51,0.4865,0.5686,0.0392,0.4615,4.9231,0.549
2023,4,SF,51,0.4,0.6471,0.0,0.5238,8.619,0.4314
2023,4,TB,65,0.52,0.5385,0.0769,0.7273,5.7273,0.5385
2023,4,TEN,59,0.4,0.7288,0.0169,0.4231,11.8846,0.4915
2023,4,WAS,73,0.6111,0.8493,0.0411,0.4878,9.7317,0.6301
2023,5,ARI,57,0.5349,0.7193,0.1228,0.4688,9.75,0.614
2023,5,ATL,72,0.4828,0.7222,0.1111,0.4474,8.3421,0.5417
2023,5,BAL,67,0.6275,0.9254,0.0746,0.3947,11.1053,0.6269
2023,5,BUF,54,0.7317,0.8148,0.2778,0.45,11.075,0.7593
2023,5,CAR,65,0.5926,0.8462,0.1692,0.5366,6.2195,0.6462
2023,5,CHI,64,0.4583,0.8594,0.0781,0.4828,9.1724,0.5
2023,5,CIN,78,0.5968,0.9615,0.0641,0.5217,6.5217,0.6282
2023,5,DAL,48,0.6216,0.7083,0.0625,0.5,11.7308,0.625
2023,5,DEN,56,0.6444,0.7143,0.0536,0.7,5.8667,0.6071
2023,5,DET,57,0.5,0.3684,0.0,0.6071,5.6786,0.5263
2023,5,GB,57,0.5,0.6667,0.0526,0.6333,7.9667,0.5614
2023,5,HOU,58,0.5333,0.569,0.0862,0.4286,8.3714,0.6034
2023,5,IND,60,0.3696,0.9833,0.0833,0.5769,7.9615,0.45
2023,5,JAX,82,0.4762,0.6951,0.061,0.4595,7.9459,0.5122
2023,5,KC,63,0.6667,0.8889,0.0476,0.65,6.025,0.6667
2023,5,LA,55,0.7368,0.7818,0.2,0.2703,9.8919,0.7455
2023,5,LV,61,0.4894,0.4262,0.0,0.5667,5.2,0.5574
2023,5,MIA,52,0.5111,0.8077,0.0962,0.6897,4.2414,0.5769
2023,5,MIN,67,0.7083,0.6269,0.1642,0.4565,7.7174,0.7313
2023,5,NE,50,0.5429,0.64,0.02,0.4194,11.0,0.66
2023,5,NO,66,0.3529,0.5455,0.0152,0.4615,9.5769,0.4242
2023,5,NYG,68,0.551,0.8971,0.2206,0.5,6.3125,0.5735
2023,5,NYJ,62,0.38,0.5,0.0645,0.5385,6.9615,0.4839
2023,5,PHI,78,0.5254,0.8974,0.1795,0.5,7.7895,0.5
2023,5,PIT,61,0.4783,0.6885,0.082,0.4688,9.5312,0.5902
2023,5,SF,66,0.3519,0.5303,0.0,0.4,8.44,0.3939
2023,5,TEN,56,0.5476,0.5536,0.0179,0.4412,8.0,0.625
2023,5,WAS,68,0.8491,0.9265,0.1618,0.549,7.5686,0.8382
2023,6,ARI,72,0.5385,0.7361,0.1389,0.5122,10.3902,0.5972
2023,6,ATL,79,0.55,0.7215,0.1646,0.4348,8.8913,0.6203
2023,6,BAL,69,0.4528,0.8551,0.0725,0.5,7.5667,0.4493
2023,6,BUF,59,0.4468,0.5763,0.0339,0.4667,8.8,0.5085
2023,6,CAR,68,0.54,0.8676,0.3088,0.4359,8.0769,0.6324
2023,6,CHI,64,0.3673,0.8125,0.0156,0.625,5.9167,0.4531
2023,6,CIN,52,0.7073,0.9615,0.0385,0.6857,5.7714,0.7308
2023,6,CLE,69,0.4909,0.6232,0.0725,0.5,7.0,0.5217
2023,6,DAL,59,0.5682,0.7119,0.0169,0.3333,8.8333,0.5932
2023,6,DEN,50,0.5263,0.52,0.08,0.6364,5.3182,0.52
2023,6,DET,68,0.6154,0.6618,0.0147,0.5227,6.1364,0.6912
2023,6,HOU,59,0.3958,0.5763,0.0339,0.3704,8.7037,0.4915
2023,6,IND,75,0.7692,1.0,0.2133,0.5818,7.1636,0.7733
2023,6,JAX,58,0.5227,0.7414,0.0345,0.4333,7.4,0.569
2023,6,KC,67,0.6038,0.9104,0.0,0.561,4.2439,0.6418
2023,6,LA,53,0.381,0.6415,0.0377,0.4091,8.6818,0.4717
2023,6,LAC,61,0.5778,0.9344,0.1475,0.4595,6.9189,0.623
2023,6,LV,62,0.4043,0.4194,0.0,0.5,8.0312,0.5161
2023,6,MIA,61,0.46,0.7705,0.0164,0.4688,8.5625,0.5246
2023,6,MIN,54,0.525,0.463,0.0741,0.5806,6.0968,0.6111
2023,6,NE,55,0.6744,0.7455,0.0182,0.7273,5.3333,0.6727
2023,6,NO,78,0.6393,0.6667,0.141,0.5098,10.2353,0.6795
2023,6,NYG,71,0.4,0.5211,0.0282,0.5588,7.3529,0.5211
2023,6,NYJ,58,0.6444,0.6552,0.0,0.3939,7.8485,0.6724
2023,6,PHI,69,0.6415,0.971,0.1014,0.4667,8.0889,0.6812
2023,6,SEA,70,0.5536,0.7571,0.1429,0.5122,8.4146,0.6429
2023,6,SF,53,0.5366,0.4906,0.0189,0.4231,9.6154,0.5472
2023,6,TB,54,0.625,0.7407,0.1111,0.3784,11.973,0.7037
2023,6,TEN,46,0.5135,0.6739,0.087,0.2857,8.0952,0.587
2023,6,WAS,48,0.4865,0.8542,0.0417,0.4783,9.4783,0.5833
2023,7,ARI,62,0.5227,0.6935,0.0323,0.5882,6.9412,0.6129
2023,7,ATL,63,0.4082,0.8889,0.0317,0.56,8.12,0.4127
2023,7,BAL,53,0.5227,0.9057,0.0189,0.4643,8.8214,0.5283
2023,7,BUF,66,0.5882,0.7727,0.0606,0.4634,10.9512,0.6364
2023,7,CHI,67,0.3962,0.6567,0.1194,0.7241,1.8276,0.4627
2023,7,CLE,70,0.4615,0.5429,0.1429,0.4722,8.4167,0.5429
2023,7,DEN,55,0.4762,0.5636,0.0364,0.5862,7.8276,0.5455
2023,7,DET,73,0.8,0.8082,0.137,0.4906,6.434,0.8082
2023,7,GB,61,0.4222,0.5902,0.0492,0.625,6.9062,0.5246
2023,7,IND,67,0.3269,0.8806,0.1194,0.3913,9.087,0.403
2023,7,JAX,53,0.5366,0.9057,0.0,0.5333,6.3667,0.566
2023,7,KC,62,0.6667,0.8226,0.0,0.4286,8.1667,0.6935
2023,7,LA,63,0.4348,0.6508,0.1111,0.5517,9.069,0.5079
2023,7,LAC,60,0.4889,0.7667,0.15,0.3333,10.8,0.5833
2023,7,LV,61,0.7143,0.623,0.0984,0.5111,7.1778,0.7705
2023,7,MIA,48,0.6571,0.875,0.0417,0.4688,8.0938,0.75
2023,7,MIN,64,0.6275,0.5312,0.1562,0.6136,5.6364,0.6875
2023,7,NE,56,0.5435,0.5893,0.0893,0.7,3.3333,0.5536
2023,7,NO,88,0.619,0.6818,0.2159,0.6182,5.8545,0.6477
2023,7,NYG,62,0.4468,0.6129,0.2581,0.4828,10.9655,0.5323
2023,7,PHI,65,0.54,0.9385,0.1077,0.5484,7.3548,0.5231
2023,7,PIT,52,0.4615,0.6346,0.0385,0.36,8.52,0.5192
2023,7,SEA,55,0.3571,0.6727,0.0727,0.2917,9.5417,0.4727
2023,7,SF,51,0.6098,0.6275,0.0392,0.4828,8.3103,0.5882
2023,7,TB,64,0.6863,0.75,0.0625,0.5238,7.5714,0.7031
2023,7,WAS,67,0.6327,0.8507,0.0149,0.381,8.9762,0.7164
2023,8,ARI,72,0.5,0.6389,0.1111,0.5135,7.1081,0.5556
2023,8,ATL,65,0.5625,0.9231,0.1846,0.4118,8.9412,0.6154
2023,8,BAL,59,0.4583,0.7966,0.0508,0.6296,5.9259,0.5254
2023,8,BUF,67,0.6226,0.8358,0.403,0.6,5.975,0.6269
2023,8,CAR,61,0.6,0.9344,0.082,0.6774,6.3226,0.6066
2023,8,CHI,61,0.5952,0.7213,0.3115,0.5946,6.8649,0.6393
2023,8,CIN,61,0.537,0.7541,0.0492,0.5938,5.6562,0.5738
2023,8,CLE,74,0.3966,0.6892,0.027,0.4375,8.8438,0.473
2023,8,DAL,60,0.5833,0.6667,0.0667,0.5,8.6176,0.6167
2023,8,DEN,65,0.32,0.5077,0.1231,0.5789,6.6842,0.3846
2023,8,DET,79,0.4062,0.519,0.0633,0.5676,4.6216,0.481
2023,8,GB,62,0.7273,0.9516,0.2742,0.4878,9.0732,0.7258
2023,8,HOU,57,0.3488,0.5965,0.0351,0.5833,7.4583,0.4737
2023,8,IND,67,0.6,0.8806,0.194,0.5366,7.9268,0.6418
2023,8,JAX,66,0.4808,0.7576,0.0152,0.4688,6.7188,0.5303
2023,8,KC,57,0.6818,0.9825,0.1228,0.5789,7.2895,0.7193
2023,8,LA,60,0.4884,0.6333,0.2833,0.5312,6.4062,0.6
2023,8,LAC,65,0.5686,0.7692,0.0308,0.65,4.35,0.6154
2023,8,LV,45,0.5455,0.5778,0.0444,0.381,11.1429,0.6
2023,8,MIA,69,0.6226,0.913,0.029,0.4667,6.7778,0.6812
2023,8,MIN,67,0.4375,0.4627,0.0896,0.5143,6.0571,0.5672
2023,8,NE,50,0.5385,0.56,0.14,0.5172,6.8966,0.64
2023,8,NO,65,0.3962,0.5231,0.0769,0.4828,13.1379,0.4615
2023,8,NYG,70,0.2157,0.5857,0.1143,0.7857,1.4286,0.2571
2023,8,NYJ,60,0.6136,0.6167,0.0167,0.4286,7.8571,0.65
2023,8,PHI,60,0.6304,0.9667,0.0833,0.5,8.0,0.6667
2023,8,PIT,63,0.64,0.8095,0.127,0.4286,9.1667,0.7143
2023,8,SEA,54,0.6585,0.6667,0.2037,0.4865,7.6757,0.7037
2023,8,SF,56,0.617,0.6786,0.0536,0.4516,8.7097,0.5893
2023,8,TB,62,0.6522,0.8548,0.0968,0.5238,7.2857,0.7258
2023,8,TEN,63,0.4375,0.5714,0.0476,0.5172,11.1379,0.4921
2023,8,WAS,69,0.7593,0.8261,0.0145,0.5577,7.4615,0.7681
2023,9,ARI,48,0.4857,0.7292,0.1042,0.75,2.45,0.5625
2023,9,ATL,66,0.5,0.7727,0.0455,0.4324,10.5676,0.5758
2023,9,BAL,72,0.3729,0.9306,0.0694,0.4062,8.375,0.4583
2023,9,BUF,56,0.7442,0.8929,0.3929,0.5789,7.8947,0.7143
2023,9,CAR,71,0.6154,0.9859,0.1408,0.7436,4.6154,0.6056
2023,9,CHI,64,0.451,0.6406,0.0625,0.5333,6.1333,0.5
2023,9,CIN,64,0.6667,0.8438,0.0,0.4545,6.5682,0.7031
2023,9,CLE,70,0.3529,0.6571,0.0429,0.6897,7.2759,0.4286
2023,9,DAL,70,0.6735,0.7429,0.0286,0.4318,9.5455,0.7
2023,9,GB,65,0.4,0.6615,0.0308,0.48,6.96,0.4462
2023,9,HOU,64,0.6735,0.75,0.0156,0.2927,11.3171,0.7031
2023,9,IND,54,0.4762,0.9074,0.1481,0.6538,3.5769,0.5
2023,9,KC,53,0.5349,0.8679,0.0189,0.7,5.5667,0.6038
2023,9,LA,55,0.4615,0.6,0.1273,0.5,9.3571,0.5273
2023,9,LAC,55,0.5897,0.6727,0.1091,0.5333,5.3333,0.6364
2023,9,LV,59,0.3864,0.5424,0.1186,0.52,8.12,0.4237
2023,9,MIA,57,0.5778,0.7719,0.0175,0.4706,8.2647,0.6491
2023,9,MIN,72,0.5185,0.625,0.1528,0.5556,6.3056,0.5694
2023,9,NE,62,0.625,0.871,0.4194,0.4545,8.5227,0.7097
2023,9,NO,61,0.4783,0.7541,0.0492,0.6286,4.1714,0.5738
2023,9,NYG,63,0.5556,0.7143,0.254,0.5172,9.8621,0.6032
2023,9,NYJ,76,0.7143,0.7763,0.3289,0.551,7.2041,0.75
2023,9,PHI,59,0.4186,0.8983,0.0508,0.4783,8.6522,0.4407
2023,9,PIT,59,0.4255,0.7966,0.0169,0.7,5.3333,0.5085
2023,9,SEA,46,0.5758,0.8261,0.1522,0.3929,7.8214,0.6957
2023,9,TB,63,0.4375,0.6032,0.0476,0.6,8.8,0.5079
2023,9,TEN,67,0.5962,0.7313,0.0448,0.4211,10.3421,0.6269
2023,9,WAS,76,0.6102,0.7895,0.0263,0.6,8.5333,0.6316
2023,10,ARI,60,0.5833,0.8167,0.1333,0.4062,10.4062,0.5833
2023,10,ATL,65,0.3542,0.7077,0.0462,0.5238,8.8095,0.3846
2023,10,BAL,50,0.4524,0.76,0.02,0.3043,10.4348,0.52
2023,10,BUF,52,0.4524,0.75,0.3846,0.4615,8.6923,0.5192
2023,10,CAR,57,0.6923,0.9474,0.1053,0.5526,6.7632,0.7193
2023,10,CHI,69,0.3774,0.5652,0.087,0.6061,6.7273,0.4783
2023,10,CIN,59,0.7273,0.8983,0.0678,0.475,8.8,0.7458
2023,10,CLE,75,0.4737,0.7733,0.08,0.4857,10.5714,0.52
2023,10,DAL,76,0.5484,0.6316,0.0132,0.4091,10.4318,0.5789
2023,10,DEN,69,0.4082,0.5217,0.1304,0.7586,3.4483,0.4783
2023,10,DET,61,0.5,0.4262,0.0,0.3939,7.4242,0.541
2023,10,GB,64,0.5,0.7656,0.0469,0.4103,10.1282,0.625
2023,10,HOU,73,0.45,0.5479,0.0685,0.3333,11.9487,0.5479
2023,10,IND,53,0.4737,0.8113,0.1887,0.4643,8.8214,0.5283
2023,10,JAX,54,0.6098,0.8704,0.0185,0.5938,7.0,0.6852
2023,10,LAC,68,0.5686,0.8382,0.3088,0.55,6.825,0.5882
2023,10,LV,61,0.4318,0.5902,0.1311,0.5185,7.2963,0.4918
2023,10,MIN,68,0.4717,0.5147,0.1765,0.4412,7.8529,0.5147
2023,10,NE,68,0.3774,0.4853,0.1029,0.4815,4.5926,0.4706
2023,10,NO,63,0.7556,0.746,0.2063,0.5116,11.2558,0.7302
2023,10,NYG,54,0.5385,0.7222,0.1111,0.6296,6.037,0.5926
2023,10,NYJ,63,0.6522,0.6508,0.0476,0.525,9.2,0.6667
2023,10,PIT,60,0.3478,0.5833,0.0667,0.6957,4.6957,0.4
2023,10,SEA,73,0.5862,0.7671,0.1644,0.6087,6.0435,0.6438
2023,10,SF,57,0.4773,0.5789,0.0,0.5714,6.5714,0.5263
2023,10,TB,60,0.4444,0.7833,0.0333,0.2759,12.0345,0.5333
2023,10,TEN,59,0.6429,0.7458,0.1017,0.3077,11.4872,0.7288
2023,10,WAS,61,0.7111,0.7869,0.0492,0.6364,4.9773,0.7705
2023,11,ARI,59,0.5227,0.8983,0.0678,0.6,9.2333,0.5593
2023,11,BAL,60,0.4375,0.8,0.0833,0.3846,11.7308,0.4833
2023,11,BUF,69,0.4545,0.7681,0.087,0.5938,7.125,0.4783
2023,11,CAR,58,0.475,0.8621,0.2586,0.6207,7.2069,0.6207
2023,11,CHI,70,0.3273,0.8286,0.0286,0.4783,10.8696,0.3571
2023,11,CIN,59,0.5532,0.9153,0.0,0.4516,8.0,0.6102
2023,11,CLE,71,0.5741,0.7606,0.0704,0.7317,3.561,0.5915
2023,11,DAL,65,0.6,0.6923,0.0462,0.5854,6.2683,0.6308
2023,11,DEN,52,0.6842,0.8077,0.1538,0.6286,6.6571,0.7115
2023,11,DET,59,0.5957,0.7797,0.1695,0.4286,7.0,0.6441
2023,11,GB,69,0.6,0.7101,0.058,0.6,6.575,0.6232
2023,11,HOU,66,0.5962,0.5758,0.1364,0.2895,9.7368,0.6364
2023,11,JAX,69,0.4717,0.6957,0.0435,0.4062,9.5,0.4783
2023,11,KC,73,0.5094,0.9315,0.0274,0.5714,9.119,0.589
2023,11,LA,58,0.5208,0.4828,0.0862,0.6129,5.0968,0.5517
2023,11,LAC,60,0.5455,0.9,0.2333,0.3333,9.6111,0.6333
2023,11,LV,59,0.6977,0.661,0.0847,0.5122,9.7561,0.7288
2023,11,MIA,67,0.5273,0.8657,0.0149,0.4872,7.5641,0.597
2023,11,MIN,69,0.42,0.5072,0.0725,0.5312,7.3125,0.4928
2023,11,NYG,54,0.5897,0.7037,0.2407,0.5769,9.3846,0.6481
2023,11,NYJ,55,0.6579,0.7636,0.1091,0.6,5.9,0.6727
2023,11,PHI,51,0.5366,0.8824,0.0784,0.5455,7.6364,0.5294
2023,11,PIT,56,0.4634,0.5714,0.0536,0.5,6.0357,0.5536
2023,11,SEA,61,0.6136,0.7541,0.082,0.5385,8.3077,0.6721
2023,11,SF,57,0.5,0.6316,0.0,0.6,8.04,0.5088
2023,11,TB,66,0.6939,0.8939,0.1364,0.5111,9.0444,0.7424
2023,11,TEN,35,0.4815,0.5714,0.0,0.5882,7.8235,0.5429
2023,11,WAS,77,0.619,0.7792,0.1429,0.6,6.6,0.6364
2023,12,ARI,66,0.7727,0.8333,0.2121,0.5556,8.5778,0.7576
2023,12,ATL,61,0.3269,0.7049,0.0656,0.381,8.0,0.3443
2023,12,BAL,67,0.4902,0.8955,0.0896,0.6562,5.3125,0.5075
2023,12,BUF,91,0.5441,0.6923,0.0549,0.4706,7.9804,0.5714
2023,12,CAR,67,0.4792,0.9552,0.0746,0.5806,6.4194,0.5224
2023,12,CHI,65,0.5532,0.9385,0.0462,0.7027,2.7027,0.6154
2023,12,CIN,40,0.6667,0.8,0.025,0.6538,5.0769,0.75
2023,12,CLE,67,0.6735,0.7612,0.0896,0.5,7.2619,0.7015
2023,12,DAL,51,0.575,0.6667,0.0784,0.2812,14.6875,0.6471
2023,12,DEN,57,0.3953,0.614,0.1053,0.5909,5.5455,0.4035
2023,12,DET,79,0.5614,0.5949,0.1519,0.5455,7.2273,0.6076
2023,12,GB,54,0.5366,0.7407,0.0185,0.4688,9.4375,0.6111
2023,12,HOU,58,0.6591,0.7414,0.1552,0.5,9.5833,0.6897
2023,12,IND,69,0.5741,0.8841,0.2464,0.5366,6.0244,0.6232
2023,12,JAX,68,0.5,0.7206,0.0,0.4474,8.4737,0.5735
2023,12,KC,56,0.587,0.8393,0.0179,0.6471,4.9118,0.625
2023,12,LA,66,0.4423,0.6212,0.0909,0.7273,5.8182,0.5
2023,12,LAC,66,0.6667,0.9242,0.197,0.6136,6.7727,0.7121
2023,12,LV,58,0.5,0.4655,0.069,0.6471,4.6765,0.6034
2023,12,MIA,66,0.3469,0.6818,0.0152,0.6552,5.069,0.4697
2023,12,MIN,51,0.575,0.549,0.098,0.5625,8.1562,0.6667
2023,12,NE,68,0.4615,0.5441,0.0,0.6571,3.5714,0.5441
2023,12,NO,66,0.5192,0.7121,0.1061,0.4474,8.6579,0.5909
2023,12,NYG,48,0.5714,0.6667,0.0208,0.64,7.44,0.6458
2023,12,NYJ,54,0.7838,0.8333,0.4259,0.7368,4.4211,0.8333
2023,12,PHI,63,0.4615,0.9524,0.1746,0.5484,7.129,0.5238
2023,12,PIT,65,0.4286,0.7231,0.0308,0.4545,8.4545,0.5385
2023,12,SEA,54,0.5714,0.8519,0.3519,0.3333,10.7407,0.6111
2023,12,SF,63,0.4423,0.5238,0.0,0.4194,9.0,0.5079
2023,12,TB,55,0.6098,0.7818,0.0909,0.5484,6.6452,0.6727
2023,12,TEN,49,0.4737,0.5102,0.0408,0.2963,8.5926,0.5714
2023,12,WAS,75,0.5789,0.8,0.04,0.3864,8.0,0.64
2023,13,ARI,59,0.3256,0.5932,0.0339,0.6087,7.5217,0.4237
2023,13,ATL,62,0.3542,0.6613,0.0484,0.3704,10.4074,0.4839
2023,13,CAR,70,0.3922,0.7857,0.0143,0.3548,10.0968,0.5
2023,13,CIN,72,0.5,0.8333,0.0139,0.641,3.8718,0.5694
2023,13,CLE,69,0.6471,0.4638,0.029,0.3182,12.3409,0.6667
2023,13,DAL,78,0.5574,0.6923,0.0256,0.4634,5.8293,0.5897
2023,13,DEN,58,0.5,0.5172,0.1207,0.5385,12.8846,0.5
2023,13,DET,55,0.3659,0.4727,0.0182,0.4,7.16,0.4909
2023,13,GB,63,0.5577,0.6825,0.0635,0.5,7.5556,0.6032
2023,13,HOU,63,0.4889,0.5238,0.0952,0.4286,10.4286,0.5397
2023,13,IND,68,0.6538,0.9265,0.1471,0.6429,7.4048,0.6765
2023,13,JAX,68,0.6471,0.7206,0.0588,0.4615,11.2564,0.6324
2023,13,KC,61,0.5417,0.8033,0.0492,0.5455,8.6667,0.5902
2023,13,LA,61,0.551,0.5738,0.1148,0.5405,7.8919,0.6066
2023,13,LAC,59,0.5909,0.7119,0.1186,0.5405,7.2703,0.6271
2023,13,MIA,59,0.3182,0.661,0.0,0.56,8.52,0.4237
2023,13,NE,62,0.4222,0.5645,0.1452,0.36,11.4,0.4839
2023,13,NO,66,0.3774,0.6364,0.0,0.5517,8.7586,0.4697
2023,13,NYJ,67,0.5102,0.5522,0.0149,0.5263,8.9474,0.6269
2023,13,PHI,70,0.7308,0.9143,0.2143,0.4167,7.3333,0.7429
2023,13,PIT,55,0.4091,0.6545,0.1455,0.5926,8.2593,0.4909
2023,13,SEA,63,0.587,0.6825,0.0635,0.575,5.775,0.6508
2023,13,SF,56,0.4318,0.6429,0.0,0.4444,6.5556,0.5179
2023,13,TB,56,0.439,0.7321,0.0357,0.3103,10.8276,0.5357
2023,13,TEN,80,0.4355,0.5625,0.075,0.4242,8.8788,0.4875
2023,13,WAS,55,0.4103,0.6545,0.0,0.5217,8.6087,0.4909
2023,14,ATL,69,0.5741,0.942,0.087,0.4359,10.1026,0.6232
2023,14,BAL,70,0.6207,0.9,0.0857,0.4186,12.6977,0.6571
2023,14,BUF,70,0.6111,0.8,0.0143,0.4878,8.4634,0.6286
2023,14,CAR,79,0.4038,0.6709,0.0506,0.3333,13.6111,0.5063
2023,14,CHI,65,0.5417,0.7692,0.0462,0.4848,7.3939,0.5692
2023,14,CIN,57,0.4222,0.5965,0.0175,0.6,4.28,0.4386
2023,14,CLE,71,0.6078,0.5915,0.0,0.5333,7.4222,0.6479
2023,14,DAL,74,0.5439,0.7027,0.0541,0.6154,6.8205,0.5676
2023,14,DEN,63,0.5106,0.5238,0.127,0.7879,5.0606,0.5556
2023,14,DET,62,0.5238,0.6613,0.0484,0.5429,6.8,0.629
2023,14,GB,67,0.549,0.806,0.1493,0.5641,5.9231,0.6119
2023,14,HOU,52,0.5135,0.6923,0.0577,0.4286,9.8214,0.6346
2023,14,IND,60,0.6957,0.95,0.1833,0.6154,6.0769,0.7167
2023,14,JAX,74,0.6727,0.8919,0.027,0.48,9.9,0.7432
2023,14,KC,62,0.6735,0.8548,0.0484,0.5814,6.6279,0.7097
2023,14,LA,73,0.5179,0.4932,0.0822,0.4146,9.3902,0.6027
2023,14,LAC,67,0.6531,0.7015,0.1343,0.4524,8.0476,0.7164
2023,14,LV,53,0.5946,0.6604,0.0566,0.5938,4.5,0.6792
2023,14,MIA,69,0.5091,0.8116,0.087,0.5152,7.6364,0.5507
2023,14,MIN,71,0.56,0.6479,0.0845,0.4722,7.1944,0.5775
2023,14,NE,55,0.5238,0.5636,0.0182,0.5714,7.0357,0.5455
2023,14,NO,50,0.475,0.42,0.04,0.8077,4.1923,0.54
2023,14,NYG,54,0.3023,0.7963,0.0926,0.5238,6.5714,0.3889
2023,14,NYJ,65,0.551,0.4462,0.0,0.5278,6.6111,0.6154
2023,14,PHI,52,0.4878,0.9423,0.2885,0.3571,10.4643,0.5577
2023,14,PIT,66,0.5,0.697,0.0303,0.6667,7.7222,0.5909
2023,14,SEA,56,0.5581,0.6607,0.1071,0.5161,7.5806,0.6429
2023,14,SF,52,0.4878,0.6923,0.0,0.3704,10.0741,0.5769
2023,14,TB,66,0.375,0.8636,0.0455,0.4483,9.7586,0.4545
2023,14,TEN,67,0.5472,0.7612,0.0896,0.4737,9.5263,0.597
2023,15,ARI,72,0.549,0.75,0.1528,0.5641,6.0256,0.5972
2023,15,ATL,48,0.4118,0.625,0.0208,0.5,7.1,0.4167
2023,15,BAL,69,0.3393,0.6957,0.0725,0.375,8.0417,0.3913
2023,15,BUF,62,0.2264,0.6774,0.0323,0.5333,7.8667,0.2581
2023,15,CAR,60,0.3409,0.55,0.0167,0.5417,8.3333,0.45
2023,15,CHI,70,0.54,0.8,0.0143,0.575,10.8,0.6143
2023,15,CIN,67,0.717,0.8507,0.0149,0.5476,8.9762,0.7015
2023,15,CLE,67,0.72,0.7612,0.0746,0.5556,8.3778,0.7313
2023,15,DAL,57,0.619,0.7719,0.2632,0.5,7.5294,0.6491
2023,15,DEN,61,0.5435,0.5574,0.2295,0.5312,7.25,0.5574
2023,15,DET,64,0.5283,0.4531,0.0156,0.4118,8.5294,0.5625
2023,15,GB,57,0.6744,0.8246,0.1228,0.5897,6.3333,0.7193
2023,15,HOU,71,0.5273,0.6338,0.0282,0.4444,7.6667,0.5634
2023,15,IND,64,0.4681,0.7188,0.1406,0.5714,7.6071,0.4844
2023,15,JAX,61,0.6667,0.8852,0.082,0.4651,10.0233,0.7213
2023,15,KC,58,0.6522,0.8103,0.0,0.5526,5.5526,0.7069
2023,15,LA,74,0.4211,0.4189,0.0541,0.6667,5.2121,0.4865
2023,15,LAC,63,0.52,0.7143,0.0159,0.7188,4.6562,0.5556
2023,15,LV,63,0.5957,0.619,0.0476,0.3889,8.4167,0.5873
2023,15,MIA,55,0.3846,0.9091,0.0182,0.6154,3.3846,0.5273
2023,15,MIN,67,0.5185,0.3881,0.0896,0.4706,6.9118,0.5522
2023,15,NE,51,0.6216,0.6275,0.0,0.6774,4.1613,0.6863
2023,15,NO,55,0.5,0.4182,0.0364,0.5862,6.4138,0.5455
2023,15,NYG,60,0.675,0.9333,0.0833,0.5946,6.2973,0.7333
2023,15,NYJ,55,0.75,0.6909,0.0545,0.4595,7.1351,0.7818
2023,15,PHI,69,0.4038,0.9275,0.2464,0.2903,9.5161,0.4493
2023,15,PIT,54,0.4359,0.7222,0.1296,0.4615,10.0385,0.5556
2023,15,SEA,58,0.5682,0.6379,0.2069,0.6061,7.4848,0.6034
2023,15,SF,51,0.4773,0.549,0.0196,0.2963,12.963,0.5294
2023,15,TB,58,0.5,0.8448,0.0517,0.3571,9.0357,0.569
2023,15,TEN,63,0.4681,0.6508,0.0159,0.3846,15.3077,0.5238
2023,15,WAS,57,0.5897,0.7719,0.0702,0.5,10.1111,0.6491
2023,16,ARI,59,0.6429,0.8475,0.2712,0.6757,5.973,0.678
2023,16,ATL,62,0.4792,0.7903,0.2097,0.5938,4.6875,0.5323
2023,16,BAL,62,0.58,0.8871,0.0484,0.5143,4.8857,0.5968
2023,16,BUF,52,0.3333,0.5577,0.0,0.4286,13.1905,0.4231
2023,16,CAR,62,0.587,0.6129,0.0323,0.3143,10.6286,0.5968
2023,16,CHI,67,0.3846,0.7313,0.0149,0.4444,10.4444,0.4179
2023,16,CIN,62,0.6957,0.9355,0.0,0.5714,5.881,0.7419
2023,16,CLE,77,0.5385,0.7532,0.013,0.4773,10.6364,0.5974
2023,16,DAL,59,0.5556,0.6271,0.0169,0.5938,5.5312,0.6102
2023,16,DEN,66,0.6122,0.5606,0.1515,0.6111,8.9722,0.6515
2023,16,DET,75,0.541,0.44,0.04,0.675,3.725,0.5467
2023,16,GB,63,0.3878,0.6508,0.0317,0.3929,10.2143,0.4603
2023,16,HOU,68,0.72,0.7794,0.1618,0.5102,7.1837,0.7647
2023,16,IND,67,0.6,0.9403,0.2388,0.4324,10.0,0.6418
2023,16,JAX,62,0.7708,0.9032,0.2258,0.3864,9.4545,0.8065
2023,16,KC,73,0.6538,0.8356,0.0822,0.6,3.7778,0.6712
2023,16,LA,66,0.4444,0.6364,0.0606,0.5882,8.1765,0.5303
2023,16,LAC,65,0.5098,0.8,0.1846,0.5758,7.6667,0.5846
2023,16,LV,50,0.4324,0.42,0.06,0.619,7.4762,0.46
2023,16,MIA,62,0.5625,0.8548,0.0484,0.4054,9.7838,0.6129
2023,16,MIN,50,0.75,0.64,0.08,0.2286,15.0571,0.78
2023,16,NE,55,0.6047,0.7273,0.0364,0.5938,7.0,0.6182
2023,16,NO,58,0.6977,0.7241,0.1379,0.45,9.45,0.7414
2023,16,NYG,58,0.4737,0.8448,0.069,0.5667,8.3667,0.5345
2023,16,NYJ,84,0.5606,0.6548,0.0595,0.8367,2.5306,0.5833
2023,16,PHI,74,0.4737,0.9324,0.1622,0.5526,5.5,0.527
2023,16,PIT,58,0.4091,0.7586,0.0172,0.4074,9.2222,0.4828
2023,16,SEA,59,0.587,0.8136,0.2542,0.3889,6.4444,0.661
2023,16,SF,68,0.6863,0.7059,0.0882,0.5217,6.6087,0.7353
2023,16,TB,70,0.42,0.8286,0.1,0.4571,6.5429,0.5286
2023,16,TEN,63,0.5,0.6349,0.0476,0.5,5.3462,0.5079
2023,16,WAS,58,0.5778,0.7241,0.0,0.6571,5.6286,0.6207
2023,17,ARI,72,0.3833,0.6389,0.0556,0.7097,4.6129,0.4444
2023,17,ATL,58,0.5455,0.9828,0.3276,0.3939,10.2424,0.6034
2023,17,BAL,53,0.3778,0.6981,0.0,0.4091,11.3182,0.434
2023,17,BUF,66,0.4314,0.7879,0.0758,0.3667,11.2,0.4697
2023,17,CAR,53,0.5882,0.7925,0.0943,0.6562,8.0312,0.717
2023,17,CHI,72,0.4259,0.8056,0.0139,0.4375,9.0,0.4861
2023,17,CIN,71,0.5,0.7042,0.0282,0.5758,7.7576,0.5493
2023,17,CLE,57,0.4783,0.4912,0.0,0.5862,6.1724,0.5263
2023,17,DAL,61,0.617,0.5738,0.0328,0.4737,10.3684,0.6721
2023,17,DEN,65,0.5435,0.5077,0.0462,0.5625,7.5625,0.5231
2023,17,DET,65,0.4792,0.5692,0.0615,0.4375,7.6875,0.5231
2023,17,GB,71,0.4107,0.6479,0.0423,0.4706,10.5,0.4789
2023,17,HOU,61,0.54,0.4426,0.0328,0.5,5.0938,0.541
2023,17,IND,52,0.4474,0.7692,0.1154,0.6087,6.8261,0.4615
2023,17,JAX,58,0.381,0.6897,0.0,0.4167,6.375,0.4655
2023,17,KC,51,0.5526,0.7451,0.0,0.6552,5.069,0.6078
2023,17,LA,60,0.5882,0.5167,0.0667,0.6765,5.8235,0.6333
2023,17,LAC,61,0.5918,0.8525,0.2295,0.5946,7.5676,0.623
2023,17,LV,74,0.614,0.5676,0.1081,0.4681,9.1277,0.6622
2023,17,MIA,66,0.5435,0.8333,0.0758,0.5,6.9211,0.6364
2023,17,MIN,51,0.6154,0.7255,0.2157,0.4688,7.9375,0.7059
2023,17,NE,52,0.5,0.4808,0.0,0.5,8.0385,0.5577
2023,17,NO,67,0.42,0.5224,0.0299,0.6765,4.7941,0.5224
2023,17,NYG,66,0.6809,0.8333,0.0909,0.625,8.3,0.7121
2023,17,NYJ,68,0.66,0.6765,0.1471,0.6667,3.8667,0.6912
2023,17,PHI,47,0.4595,0.8936,0.1915,0.3333,11.5,0.5106
2023,17,PIT,70,0.2593,0.5571,0.0571,0.625,7.5833,0.3571
2023,17,SEA,48,0.6667,0.6875,0.1458,0.5152,6.8182,0.7083
2023,17,SF,66,0.4107,0.6212,0.0,0.5714,7.0357,0.4394
2023,17,TB,50,0.675,0.94,0.18,0.5758,8.6667,0.72
2023,17,TEN,53,0.5135,0.6792,0.1132,0.7308,6.9231,0.6038
2023,17,WAS,43,0.6061,0.7674,0.0465,0.5714,6.1429,0.6744
2023,18,ARI,69,0.4074,0.5507,0.087,0.5333,5.5667,0.4493
2023,18,ATL,59,0.5745,0.8305,0.1695,0.5882,6.0294,0.5932
2023,18,BAL,56,0.4762,0.9107,0.125,0.4286,6.0714,0.5714
2023,18,BUF,75,0.5965,0.7333,0.0933,0.5263,9.6842,0.5467
2023,18,CAR,50,0.3611,0.72,0.12,0.7222,5.8333,0.42
2023,18,CHI,46,0.3529,0.8478,0.0,0.3125,8.875,0.4565
2023,18,CIN,61,0.4082,0.5082,0.0,0.7143,3.5,0.5082
2023,18,CLE,52,0.45,0.5962,0.0192,0.5769,8.9231,0.5577
2023,18,DAL,69,0.5,0.5797,0.087,0.7,5.325,0.5797
2023,18,DEN,57,0.6047,0.6491,0.0877,0.5,9.5,0.6842
2023,18,DET,56,0.5556,0.4464,0.0179,0.6562,7.9688,0.5893
2023,18,GB,58,0.5,0.6034,0.0862,0.4688,6.9062,0.569
2023,18,HOU,56,0.4286,0.5,0.0536,0.5769,10.0385,0.5
2023,18,IND,63,0.38,0.873,0.127,0.5,9.875,0.4127
2023,18,JAX,66,0.6327,0.9091,0.0455,0.5581,7.1628,0.6515
2023,18,KC,58,0.4634,0.7241,0.0,0.6667,5.5667,0.5345
2023,18,LA,62,0.381,0.8065,0.0645,0.5417,6.625,0.4355
2023,18,LAC,80,0.5517,0.8875,0.2625,0.5957,6.5532,0.625
2023,18,LV,63,0.44,0.4603,0.0317,0.5161,7.6452,0.5397
2023,18,MIA,48,0.4737,0.8125,0.0,0.3333,11.3704,0.5833
2023,18,MIN,70,0.6296,0.6143,0.1,0.5227,9.0909,0.6857
2023,18,NE,58,0.561,0.7586,0.0517,0.4333,10.6333,0.6379
2023,18,NO,66,0.4182,0.5,0.0152,0.5,8.3214,0.4697
2023,18,NYG,65,0.5098,0.6769,0.0154,0.5,9.4412,0.5538
2023,18,NYJ,63,0.2391,0.4127,0.0,0.5,7.95,0.3333
2023,18,PHI,65,0.6275,0.9846,0.3538,0.3333,9.9722,0.6308
2023,18,PIT,60,0.2826,0.5167,0.05,0.7,3.6,0.3833
2023,18,SEA,54,0.5122,0.6296,0.1111,0.5357,6.1071,0.537
2023,18,SF,56,0.5111,0.6429,0.0179,0.52,10.08,0.5
2023,18,TB,61,0.5217,0.5902,0.0492,0.5938,7.8125,0.5738
2023,18,TEN,51,0.4878,0.4902,0.0588,0.5926,5.2963,0.5686
2023,18,WAS,48,0.6471,0.75,0.0,0.6429,5.5,0.6667
2023,19,BUF,65,0.4808,0.6923,0.0615,0.6,6.4667,0.4923
2023,19,CLE,70,0.7059,0.7857,0.1286,0.587,6.8261,0.7143
2023,19,DAL,91,0.6901,0.8791,0.2967,0.5,8.7,0.7033
2023,19,DET,52,0.5116,0.4808,0.0192,0.6667,4.7778,0.5769
2023,19,GB,53,0.3333,0.3585,0.0189,0.381,11.0952,0.3962
2023,19,HOU,41,0.4412,0.5122,0.0244,0.5909,9.3636,0.5366
2023,19,KC,75,0.4746,0.7867,0.0133,0.5122,7.1951,0.5467
2023,19,LA,55,0.6222,0.7273,0.0182,0.3889,9.3056,0.6909
2023,19,MIA,59,0.6341,0.8475,0.0508,0.5385,7.4103,0.6949
2023,19,PHI,54,0.6429,0.9815,0.1667,0.5714,7.8571,0.7037
2023,19,PIT,62,0.56,0.7581,0.0645,0.5526,7.4211,0.629
2023,19,TB,69,0.566,0.7101,0.0,0.5,8.9167,0.5797
2023,20,BAL,67,0.3774,0.7761,0.0149,0.4091,7.5455,0.3731
2023,20,BUF,78,0.459,0.6923,0.0513,0.7179,6.2308,0.5
2023,20,DET,67,0.6415,0.5522,0.0896,0.6047,5.9302,0.6716
2023,20,GB,61,0.5435,0.5902,0.0492,0.5588,5.6176,0.5738
2023,20,HOU,46,0.6667,0.7826,0.087,0.5152,6.697,0.7174
2023,20,KC,43,0.5128,0.7907,0.0,0.5652,7.1739,0.5349
2023,20,SF,62,0.6087,0.6935,0.0,0.4474,8.1842,0.629
2023,20,TB,61,0.7234,0.918,0.1311,0.4634,8.0,0.7541
2023,21,BAL,56,0.7442,0.9464,0.1964,0.5405,9.2973,0.7321
2023,21,DET,72,0.5439,0.5972,0.0556,0.439,9.0732,0.5972
2023,21,KC,70,0.5294,0.7286,0.0,0.5897,5.9744,0.5857
2023,21,SF,64,0.4808,0.5469,0.0156,0.4839,9.129,0.5156
2023,22,KC,78,0.6379,0.8846,0.0769,0.6522,6.087,0.6282
2023,22,SF,70,0.5088,0.5429,0.0143,0.4872,8.1795,0.5714
2024,1,ARI,60,0.5778,0.85,0.0667,0.5806,6.1613,0.5833
2024,1,ATL,48,0.5,0.9792,0.1667,0.52,5.6,0.5625
2024,1,BAL,74,0.569,0.7973,0.1081,0.6585,6.5122,0.5676
2024,1,BUF,57,0.3913,0.5965,0.0702,0.4783,7.2174,0.4386
2024,1,CAR,55,0.5476,0.8182,0.0364,0.3548,12.3548,0.6364
2024,1,CHI,52,0.5556,0.6538,0.2885,0.4483,7.3793,0.6154
2024,1,CIN,48,0.6111,0.9167,0.0833,0.6897,5.5862,0.6667
2024,1,CLE,70,0.8,0.8143,0.3,0.5111,8.7778,0.7286
2024,1,DAL,59,0.5556,0.6102,0.0169,0.4688,9.0625,0.5932
2024,1,DEN,69,0.54,0.6812,0.1449,0.5952,6.2857,0.6377
2024,1,DET,61,0.4681,0.5246,0.0,0.6429,6.6786,0.4918
2024,1,GB,59,0.587,0.7288,0.0508,0.4571,8.9714,0.6271
2024,1,HOU,75,0.4138,0.5333,0.1067,0.5312,7.875,0.48
2024,1,IND,44,0.5161,0.9545,0.1364,0.2105,16.4211,0.4773
2024,1,JAX,50,0.3846,0.52,0.04,0.381,9.8095,0.48
2024,1,KC,49,0.55,0.7551,0.0204,0.6071,5.8929,0.6122
2024,1,LA,74,0.6667,0.8919,0.1216,0.5714,5.9184,0.6892
2024,1,LAC,52,0.4324,0.7692,0.0962,0.5769,6.2692,0.5192
2024,1,LV,59,0.5909,0.8305,0.1186,0.6667,4.5152,0.6271
2024,1,MIA,65,0.5745,0.8154,0.0,0.5676,6.1622,0.6154
2024,1,MIN,50,0.4359,0.48,0.1,0.5833,8.125,0.5
2024,1,NE,61,0.2979,0.4918,0.0328,0.5417,6.4167,0.4098
2024,1,NO,62,0.4286,0.3871,0.0161,0.5417,8.6667,0.4032
2024,1,NYG,68,0.6383,0.75,0.1176,0.5476,5.1429,0.6912
2024,1,NYJ,50,0.5676,0.64,0.22,0.5862,6.7241,0.62
2024,1,PHI,71,0.4576,0.9155,0.2535,0.5455,7.2121,0.493
2024,1,PIT,65,0.3617,0.5077,0.1846,0.6957,5.5652,0.3846
2024,1,SEA,58,0.413,0.6552,0.1897,0.52,6.68,0.4828
2024,1,SF,69,0.3571,0.4783,0.0145,0.4138,9.7241,0.4638
2024,1,TB,59,0.4348,0.5593,0.0,0.5667,4.6667,0.5254
2024,1,TEN,61,0.4889,0.7869,0.0,0.625,7.0312,0.5738
2024,1,WAS,55,0.4773,0.9091,0.5091,0.5833,5.2083,0.4909
2024,2,ARI,62,0.3137,0.5484,0.0484,0.4762,10.1905,0.3548
2024,2,ATL,56,0.4773,0.5179,0.1964,0.4483,8.1034,0.5536
2024,2,BAL,61,0.4694,0.8689,0.0328,0.4375,8.8438,0.5574
2024,2,BUF,42,0.3438,0.4762,0.0714,0.5789,7.3158,0.4524
2024,2,CAR,46,0.4516,0.8913,0.1957,0.6923,2.9615,0.6087
2024,2,CHI,66,0.6596,0.8485,0.2879,0.6216,7.7027,0.6667
2024,2,CIN,60,0.6,0.7333,0.0,0.6389,6.25,0.65
2024,2,CLE,65,0.5208,0.6769,0.0154,0.4412,6.3824,0.5538
2024,2,DAL,65,0.6531,0.7538,0.1077,0.5122,8.3902,0.6769
2024,2,DEN,56,0.5952,0.8036,0.1607,0.4571,9.2857,0.6607
2024,2,DET,82,0.6167,0.6707,0.0122,0.5636,6.9273,0.6707
2024,2,GB,67,0.12,0.8955,0.0149,0.5,6.8571,0.209
2024,2,HOU,60,0.5333,0.6333,0.0167,0.5,7.6944,0.65
2024,2,IND,51,0.675,0.9412,0.2745,0.3939,12.5758,0.6667
2024,2,JAX,54,0.5778,0.7407,0.1481,0.4483,12.5517,0.6111
2024,2,KC,60,0.4898,0.7333,0.0333,0.72,4.16,0.4667
2024,2,LA,52,0.5526,0.75,0.1923,0.5926,5.8889,0.6154
2024,2,LAC,62,0.2766,0.5806,0.0,0.6,7.05,0.3387
2024,2,LV,59,0.7174,0.8305,0.1017,0.4737,6.1842,0.7288
2024,2,MIA,75,0.5091,0.9067,0.0267,0.5385,7.9231,0.5467
2024,2,MIN,50,0.5526,0.52,0.12,0.52,6.8,0.58
2024,2,NE,66,0.38,0.5606,0.0758,0.4815,5.3704,0.4545
2024,2,NO,53,0.3043,0.2075,0.0,0.5625,8.3125,0.3208
2024,2,NYG,53,0.4878,0.5094,0.1132,0.5357,10.2857,0.5849
2024,2,NYJ,55,0.5349,0.6727,0.0364,0.5667,5.5667,0.5818
2024,2,PHI,68,0.4118,0.8824,0.1912,0.5333,6.1667,0.4559
2024,2,PIT,57,0.3111,0.4561,0.2105,0.6,7.25,0.386
2024,2,SEA,64,0.7234,0.8125,0.2188,0.5814,8.4419,0.7188
2024,2,SF,67,0.5926,0.6119,0.0448,0.4444,8.5278,0.6269
2024,2,TB,46,0.4167,0.6739,0.0,0.4211,8.0,0.5217
2024,2,TEN,60,0.4681,0.6167,0.0333,0.5714,10.1429,0.5333
2024,2,WAS,67,0.5,0.9403,0.5522,0.5862,4.2069,0.5075
2024,3,ARI,53,0.6429,0.7736,0.1509,0.3529,11.9118,0.6604
2024,3,ATL,54,0.5349,0.6481,0.0926,0.5517,5.6207,0.5741
2024,3,BAL,58,0.2245,0.6379,0.0517,0.6,3.1333,0.2586
2024,3,BUF,59,0.4783,0.5763,0.0339,0.5484,5.5161,0.5254
2024,3,CAR,69,0.5179,0.6522,0.0435,0.5946,5.7838,0.5797
2024,3,CHI,84,0.6207,0.6905,0.25,0.4706,10.5686,0.6667
2024,3,CIN,61,0.6531,0.8689,0.0984,0.5526,7.4474,0.6721
2024,3,CLE,62,0.75,0.8871,0.2258,0.4865,7.8108,0.7419
2024,3,DAL,72,0.7143,0.7639,0.2083,0.3725,9.451,0.7778
2024,3,DEN,63,0.5745,0.6984,0.1905,0.5,6.8889,0.5714
2024,3,DET,66,0.3396,0.303,0.0,0.5652,7.7826,0.3788
2024,3,GB,59,0.2667,0.7627,0.0169,0.6316,7.0526,0.3729
2024,3,HOU,62,0.7273,0.7258,0.1774,0.6512,6.1628,0.7742
2024,3,IND,51,0.3333,0.8824,0.1176,0.45,9.65,0.4118
2024,3,JAX,68,0.7447,0.7794,0.0294,0.4783,7.087,0.75
2024,3,KC,69,0.5273,0.8116,0.0145,0.6667,5.2821,0.5652
2024,3,LA,55,0.5122,0.4727,0.0182,0.3846,11.4231,0.5273
2024,3,LAC,44,0.5152,0.8864,0.0227,0.4,9.4,0.5682
2024,3,LV,60,0.7333,0.8167,0.2667,0.45,7.825,0.7333
2024,3,MIA,56,0.6585,0.8929,0.0714,0.6562,6.4375,0.6786
2024,3,MIN,59,0.4444,0.4068,0.1017,0.5714,6.8214,0.5424
2024,3,NE,48,0.6471,0.7708,0.2708,0.5385,7.1923,0.6875
2024,3,NO,55,0.45,0.5091,0.0364,0.52,6.72,0.4909
2024,3,NYG,66,0.5192,0.6667,0.1061,0.6286,6.5143,0.5606
2024,3,NYJ,70,0.4364,0.5143,0.0429,0.5714,6.4571,0.5286
2024,3,PHI,65,0.6042,0.9231,0.0923,0.6053,7.0,0.6462
2024,3,PIT,63,0.4898,0.6825,0.0635,0.5625,5.5,0.5397
2024,3,SEA,58,0.6383,0.7414,0.2241,0.5882,5.4706,0.6379
2024,3,SF,65,0.5283,0.5538,0.0154,0.3667,10.9333,0.4769
2024,3,TB,56,0.6512,0.7143,0.1607,0.697,3.6667,0.7143
2024,3,TEN,53,0.7907,0.717,0.1132,0.6176,6.7941,0.7925
2024,3,WAS,55,0.3953,0.9091,0.4909,0.4783,9.3478,0.4545
2024,4,ARI,58,0.4091,0.7241,0.2414,0.5909,6.3182,0.4483
2024,4,ATL,51,0.625,0.7255,0.1176,0.4286,9.6,0.7059
2024,4,BAL,54,0.3111,0.5926,0.0,0.5789,6.0526,0.3704
2024,4,BUF,57,0.5581,0.7544,0.0877,0.4194,10.9032,0.5965
2024,4,CAR,69,0.5769,0.7391,0.0725,0.561,7.6098,0.5942
2024,4,CHI,52,0.4651,0.6154,0.1923,0.6522,6.2609,0.5
2024,4,CIN,62,0.4583,0.6129,0.0161,0.5806,5.5484,0.5
2024,4,CLE,56,0.5778,0.875,0.1071,0.625,5.375,0.625
2024,4,DAL,50,0.5128,0.56,0.04,0.5926,5.5185,0.56
2024,4,DEN,54,0.35,0.5741,0.0185,0.52,10.12,0.463
2024,4,DET,48,0.4524,0.3333,0.0417,0.6842,4.1579,0.4583
2024,4,GB,75,0.7167,0.9333,0.2533,0.3704,10.6296,0.7467
2024,4,HOU,68,0.5455,0.7353,0.0147,0.5,8.05,0.6176
2024,4,IND,63,0.5,0.9365,0.0794,0.3667,10.9333,0.5079
2024,4,JAX,57,0.5227,0.7018,0.0877,0.4242,11.3939,0.5965
2024,4,KC,55,0.55,0.8,0.0364,0.5517,6.7931,0.5818
2024,4,LA,58,0.5435,0.3793,0.0,0.4828,6.931,0.569
2024,4,LAC,52,0.5,0.8462,0.0,0.5926,7.1481,0.5577
2024,4,LV,53,0.4286,0.5472,0.1321,0.5833,8.25,0.4906
2024,4,MIA,54,0.4737,0.8333,0.037,0.5909,8.0,0.463
2024,4,MIN,61,0.449,0.4754,0.0656,0.4643,10.3214,0.4918
2024,4,NE,62,0.5,0.6452,0.0806,0.625,5.2812,0.6129
2024,4,NO,70,0.5091,0.4714,0.0857,0.6111,5.3611,0.5286
2024,4,NYG,64,0.5455,0.6562,0.0156,0.55,9.975,0.6406
2024,4,NYJ,70,0.6538,0.7571,0.0857,0.5476,7.2857,0.6714
2024,4,PHI,55,0.675,0.8909,0.3818,0.4333,9.3333,0.6545
2024,4,PIT,66,0.5192,0.7424,0.197,0.6061,7.303,0.5606
2024,4,SEA,79,0.7273,0.8228,0.3038,0.625,5.4464,0.7595
2024,4,SF,57,0.4091,0.4912,0.0175,0.2222,14.1481,0.4912
2024,4,TB,72,0.6724,0.6667,0.0278,0.5745,6.4255,0.6806
2024,4,TEN,61,0.2917,0.5574,0.0164,0.6,4.3,0.3443
2024,4,WAS,68,0.3889,0.8382,0.5441,0.6,5.8,0.4559
2024,5,ARI,56,0.5,0.7321,0.0,0.5,7.4,0.5536
2024,5,ATL,79,0.7258,0.9494,0.2405,0.4386,7.7719,0.7722
2024,5,BAL,75,0.5932,0.8267,0.16,0.4762,9.0952,0.5733
2024,5,BUF,59,0.3864,0.6102,0.0169,0.3333,12.3333,0.5254
2024,5,CAR,58,0.6047,0.7414,0.0862,0.5429,7.7429,0.6724
2024,5,CHI,67,0.4364,0.5672,0.3731,0.4828,7.1724,0.4627
2024,5,CIN,66,0.6078,0.7879,0.0,0.5128,8.2564,0.6364
2024,5,CLE,59,0.5814,0.8814,0.1186,0.4138,9.069,0.6102
2024,5,DAL,75,0.5593,0.7733,0.0933,0.5238,7.0952,0.5867
2024,5,DEN,53,0.4878,0.6226,0.1132,0.6538,5.5385,0.5472
2024,5,GB,56,0.4375,0.8036,0.0536,0.5,8.0385,0.5
2024,5,HOU,67,0.5,0.6418,0.0299,0.6053,6.3421,0.5821
2024,5,IND,68,0.717,0.8088,0.1324,0.5556,7.6222,0.7206
2024,5,JAX,57,0.6,0.6491,0.0526,0.6176,6.6176,0.5965
2024,5,KC,77,0.5238,0.6883,0.0,0.641,4.2821,0.5325
2024,5,LA,77,0.6607,0.5714,0.1688,0.5333,8.1556,0.6234
2024,5,LV,66,0.5918,0.6667,0.1667,0.4324,8.5135,0.6061
2024,5,MIA,74,0.3968,0.6757,0.0,0.2903,9.2258,0.473
2024,5,MIN,63,0.4898,0.3651,0.1111,0.375,13.2188,0.5714
2024,5,NE,54,0.55,0.6481,0.0,0.4242,8.4242,0.6481
2024,5,NO,51,0.641,0.5686,0.098,0.5714,11.5429,0.7059
2024,5,NYG,70,0.5,0.6571,0.0143,0.6176,5.1176,0.5286
2024,5,NYJ,71,0.7925,0.7887,0.0845,0.5,7.7407,0.8028
2024,5,PIT,57,0.5116,0.5439,0.1053,0.4286,11.1786,0.5439
2024,5,SEA,58,0.8,0.8621,0.3966,0.725,4.95,0.8103
2024,5,SF,63,0.4902,0.6825,0.0159,0.3143,8.6,0.5873
2024,5,TB,50,0.5128,0.56,0.02,0.6667,5.0417,0.5
2024,5,WAS,65,0.3696,0.8462,0.6,0.5357,11.0357,0.4769
2024,6,ARI,54,0.5909,0.7593,0.2407,0.5625,6.0,0.5926
2024,6,ATL,65,0.4151,0.7077,0.1385,0.5,6.0667,0.4615
2024,6,BAL,62,0.4151,0.5968,0.0323,0.3077,9.8846,0.4516
2024,6,BUF,57,0.4043,0.6667,0.0526,0.56,8.12,0.4737
2024,6,CAR,62,0.58,0.6935,0.0968,0.6316,6.8158,0.6129
2024,6,CHI,58,0.4894,0.6379,0.3103,0.6897,3.6552,0.5517
2024,6,CIN,50,0.6154,0.82,0.0,0.6786,5.5714,0.64
2024,6,CLE,53,0.45,0.7736,0.0755,0.6522,5.6522,0.5283
2024,6,DAL,65,0.6667,0.8154,0.0923,0.5455,7.3182,0.7385
2024,6,DEN,54,0.6,0.8148,0.2037,0.4848,10.0,0.6667
2024,6,DET,64,0.4231,0.3906,0.0156,0.5556,9.8519,0.4688
2024,6,GB,68,0.4182,0.6618,0.0588,0.6562,6.0625,0.4706
2024,6,HOU,60,0.4694,0.65,0.0333,0.5,8.2812,0.5667
2024,6,IND,66,0.52,0.8939,0.1061,0.5526,8.9737,0.5758
2024,6,JAX,60,0.619,0.7667,0.1833,0.5,8.5,0.6833
2024,6,LAC,72,0.4815,0.5278,0.0556,0.5,8.3235,0.5139
2024,6,LV,61,0.6522,0.8197,0.1967,0.65,5.95,0.6885
2024,6,NE,63,0.4792,0.8095,0.0476,0.5758,6.9697,0.5873
2024,6,NO,65,0.6667,0.6615,0.1231,0.475,8.15,0.6923
2024,6,NYG,71,0.6078,0.7887,0.2394,0.5641,7.1282,0.5775
2024,6,NYJ,59,0.5745,0.8983,0.0508,0.5714,7.3429,0.6441
2024,6,PHI,58,0.4419,0.8793,0.4138,0.44,9.96,0.4483
2024,6,PIT,60,0.3778,0.5667,0.1833,0.5833,9.4583,0.4667
2024,6,SEA,72,0.6296,0.8611,0.3056,0.5098,8.8627,0.7222
2024,6,SF,61,0.3542,0.541,0.0,0.5,7.4286,0.459
2024,6,TB,73,0.4677,0.5753,0.0274,0.5556,6.0556,0.5205
2024,6,TEN,55,0.4419,0.7273,0.0364,0.4074,9.1111,0.4909
2024,6,WAS,56,0.6279,0.9286,0.6607,0.4571,7.8857,0.6786
2024,7,ARI,53,0.4889,0.6038,0.0566,0.5,5.5,0.4906
2024,7,ATL,70,0.4906,0.9429,0.2429,0.5,7.2778,0.5571
2024,7,BAL,52,0.3721,0.6923,0.0577,0.4091,8.3636,0.4615
2024,7,BUF,54,0.5682,0.7407,0.037,0.3939,9.0,0.6296
2024,7,CAR,42,0.3871,0.381,0.0238,0.7222,3.7778,0.4762
2024,7,CIN,50,0.4865,0.84,0.08,0.52,10.48,0.56
2024,7,CLE,77,0.7455,0.7273,0.1299,0.5192,6.8654,0.7403
2024,7,DEN,59,0.4375,0.5932,0.0508,0.5769,6.2308,0.4407
2024,7,DET,54,0.5,0.3148,0.0,0.64,7.04,0.537
2024,7,GB,56,0.6087,0.7857,0.125,0.3939,9.0,0.6429
2024,7,HOU,58,0.3409,0.5172,0.0517,0.5238,7.2857,0.431
2024,7,IND,59,0.3696,0.8814,0.0508,0.4583,10.0417,0.4068
2024,7,JAX,60,0.3125,0.5333,0.0833,0.6,5.55,0.35
2024,7,KC,66,0.34,0.6515,0.0,0.5926,7.8519,0.4394
2024,7,LA,50,0.4615,0.78,0.08,0.6522,6.2174,0.48
2024,7,LAC,63,0.6327,0.7143,0.0794,0.4211,8.8421,0.6508
2024,7,LV,75,0.5424,0.6533,0.0267,0.3864,7.0682,0.6133
2024,7,MIA,67,0.3269,0.5522,0.0597,0.4,8.56,0.403
2024,7,MIN,53,0.5238,0.6038,0.0943,0.5185,7.963,0.6038
2024,7,NE,55,0.6829,0.7636,0.1455,0.5135,7.5676,0.7273
2024,7,NO,65,0.6889,0.7231,0.2923,0.5385,7.0256,0.6923
2024,7,NYG,54,0.625,0.7593,0.3333,0.5357,7.1071,0.6667
2024,7,NYJ,56,0.6512,0.9464,0.0357,0.5897,5.2051,0.7321
2024,7,PHI,64,0.2292,0.7969,0.2969,0.6,7.0,0.3125
2024,7,PIT,66,0.38,0.3788,0.197,0.5862,8.2069,0.4545
2024,7,SEA,55,0.5227,0.7818,0.1636,0.3103,13.0345,0.5455
2024,7,SF,57,0.5909,0.5789,0.0702,0.5484,9.2903,0.5789
2024,7,TB,79,0.6207,0.7722,0.1266,0.4889,8.7111,0.6329
2024,7,TEN,64,0.6522,0.7188,0.1094,0.5641,5.7692,0.6562
2024,7,WAS,60,0.38,0.8667,0.7333,0.4,9.52,0.4333
2024,8,ARI,62,0.551,0.7419,0.129,0.5278,7.6111,0.5806
2024,8,ATL,59,0.5333,0.7627,0.2203,0.6897,6.8276,0.5254
2024,8,BAL,60,0.5833,0.8667,0.0667,0.4167,10.5,0.65
2024,8,BUF,66,0.5098,0.6061,0.0606,0.6176,7.0588,0.5303
2024,8,CAR,60,0.5952,0.7333,0.1167,0.4211,8.6579,0.6667
2024,8,CHI,60,0.383,0.75,0.3333,0.25,13.0833,0.4667
2024,8,CIN,57,0.6279,0.9123,0.0526,0.4865,8.027,0.6667
2024,8,CLE,67,0.6078,0.6119,0.0896,0.4146,10.0244,0.6567
2024,8,DAL,58,0.6364,0.7931,0.1034,0.4737,9.1316,0.6897
2024,8,DEN,71,0.5385,0.5352,0.1972,0.3846,10.4615,0.5775
2024,8,DET,47,0.4211,0.4255,0.0213,0.6842,3.5789,0.4894
2024,8,GB,64,0.3654,0.7031,0.0781,0.3333,10.2963,0.4375
2024,8,HOU,68,0.5091,0.5147,0.0147,0.5405,7.5135,0.5735
2024,8,IND,61,0.5217,0.918,0.1475,0.2581,15.7742,0.5902
2024,8,JAX,55,0.6087,0.8,0.2,0.4062,9.7188,0.6
2024,8,KC,64,0.5306,0.8438,0.0,0.4865,6.8919,0.5938
2024,8,LA,63,0.5094,0.5238,0.0476,0.5882,7.6176,0.5397
2024,8,LAC,62,0.48,0.5323,0.0161,0.5312,7.6562,0.5645
2024,8,LV,53,0.5,0.7358,0.0566,0.6071,4.9286,0.6226
2024,8,MIA,62,0.5745,0.7097,0.0323,0.6053,5.0526,0.629
2024,8,MIN,49,0.5238,0.4898,0.0816,0.4,10.4,0.5714
2024,8,NE,64,0.4468,0.7344,0.1562,0.5,8.9,0.5156
2024,8,NO,68,0.66,0.7059,0.1618,0.5,7.1667,0.6912
2024,8,NYG,68,0.549,0.8529,0.1765,0.5,8.7895,0.6324
2024,8,NYJ,58,0.4681,0.8793,0.0,0.4643,9.7857,0.5172
2024,8,PHI,59,0.2826,0.6441,0.2203,0.5,8.65,0.339
2024,8,PIT,61,0.4375,0.5246,0.4262,0.4074,9.5185,0.5082
2024,8,SEA,44,0.6667,0.8636,0.3636,0.6897,2.931,0.6818
2024,8,SF,63,0.3696,0.4762,0.0317,0.5385,7.4231,0.4444
2024,8,TB,70,0.6852,0.6857,0.1143,0.6122,7.4082,0.7
2024,8,TEN,71,0.4828,0.7183,0.0,0.4737,9.6053,0.5493
2024,8,WAS,72,0.5088,0.8611,0.6528,0.2632,12.0263,0.5556
2024,9,ARI,56,0.3721,0.6071,0.0536,0.6,6.3,0.4107
2024,9,ATL,53,0.3421,0.8868,0.1509,0.5417,5.6667,0.5094
2024,9,BAL,53,0.3478,0.3962,0.0,0.3684,7.8947,0.3774
2024,9,BUF,59,0.6596,0.5254,0.0339,0.7368,3.6842,0.678
2024,9,CAR,49,0.4737,0.5306,0.0204,0.5769,7.9615,0.5714
2024,9,CHI,69,0.6275,0.8406,0.3478,0.439,9.0,0.6812
2024,9,CIN,69,0.4717,0.7536,0.0145,0.641,5.2821,0.5797
2024,9,CLE,76,0.6786,0.7895,0.25,0.3696,8.913,0.6842
2024,9,DAL,74,0.6909,0.8919,0.3108,0.5306,6.1429,0.7162
2024,9,DEN,67,0.4792,0.6716,0.2836,0.5588,7.5,0.5672
2024,9,DET,52,0.359,0.3654,0.0192,0.8182,3.6818,0.4423
2024,9,GB,60,0.6444,0.9167,0.15,0.5128,9.3333,0.6667
2024,9,HOU,74,0.4364,0.5946,0.0541,0.2903,15.6129,0.527
2024,9,IND,47,0.5588,0.6596,0.0851,0.4074,7.7407,0.6383
2024,9,JAX,52,0.5789,0.7115,0.2115,0.3871,9.129,0.6731
2024,9,KC,83,0.5156,0.7349,0.012,0.6364,6.2727,0.5783
2024,9,LA,67,0.6182,0.403,0.0597,0.5227,9.9091,0.6567
2024,9,LAC,54,0.4872,0.7407,0.037,0.4074,10.0,0.6111
2024,9,LV,58,0.6222,0.8966,0.1207,0.5152,7.7879,0.6552
2024,9,MIA,59,0.48,0.6441,0.0508,0.6429,4.8929,0.4915
2024,9,MIN,70,0.5088,0.5143,0.1286,0.4857,6.7143,0.5571
2024,9,NE,63,0.6667,0.8413,0.0794,0.55,7.525,0.6984
2024,9,NO,75,0.3393,0.4533,0.12,0.5938,6.4062,0.4533
2024,9,NYG,61,0.4565,0.6885,0.0656,0.4231,7.4231,0.4918
2024,9,NYJ,54,0.561,0.8333,0.1481,0.6562,5.7812,0.6296
2024,9,PHI,73,0.3077,0.7123,0.2329,0.5,9.875,0.3836
2024,9,SEA,71,0.5849,0.9155,0.2958,0.4412,10.2647,0.5775
2024,9,TB,52,0.675,0.75,0.0577,0.6129,4.5484,0.6346
2024,9,TEN,72,0.4286,0.7917,0.0,0.303,9.3636,0.4722
2024,9,WAS,57,0.3182,0.9474,0.6491,0.6818,6.0,0.386
2024,10,ARI,56,0.4583,0.6786,0.0357,0.5833,4.625,0.4464
2024,10,ATL,73,0.4912,0.8493,0.137,0.1842,11.2895,0.5616
2024,10,BAL,58,0.4889,0.7241,0.0172,0.5455,7.2727,0.569
2024,10,BUF,69,0.5192,0.6957,0.0725,0.6216,6.973,0.5652
2024,10,CAR,58,0.3721,0.6034,0.1207,0.56,6.6,0.4483
2024,10,CHI,59,0.5366,0.6949,0.339,0.5,6.2333,0.661
2024,10,CIN,75,0.7593,0.8933,0.0133,0.4821,8.7143,0.8
2024,10,DAL,55,0.4872,0.8909,0.1273,0.6897,6.7586,0.5818
2024,10,DEN,55,0.5,0.6909,0.2,0.4333,7.7667,0.5818
2024,10,DET,63,0.42,0.4762,0.0317,0.5667,9.5333,0.4762
2024,10,HOU,65,0.5,0.5538,0.0462,0.303,8.1212,0.5692
2024,10,IND,61,0.5957,0.8033,0.1803,0.4857,7.8857,0.6393
2024,10,JAX,42,0.5806,0.6667,0.0952,0.4545,8.3182,0.5952
2024,10,KC,65,0.6809,0.7692,0.0,0.7381,5.0714,0.7077
2024,10,LA,66,0.7091,0.803,0.2727,0.6444,6.8889,0.7424
2024,10,LAC,55,0.3409,0.5818,0.0,0.6667,6.3333,0.3273
2024,10,MIA,52,0.4615,0.6346,0.0,0.5714,5.4643,0.5962
2024,10,MIN,80,0.4154,0.4875,0.0875,0.3947,9.1579,0.4875
2024,10,NE,60,0.3778,0.55,0.0,0.56,8.32,0.4333
2024,10,NO,50,0.4167,0.48,0.12,0.6,7.8,0.5
2024,10,NYG,71,0.4643,0.6197,0.0986,0.5,7.5556,0.5352
2024,10,NYJ,55,0.6154,0.7636,0.2182,0.5714,6.2857,0.6909
2024,10,PHI,64,0.3846,0.7656,0.1875,0.4545,10.5909,0.4219
2024,10,PIT,72,0.3889,0.4861,0.2361,0.4483,12.4483,0.4444
2024,10,SF,59,0.5625,0.6271,0.0169,0.4,7.2,0.6441
2024,10,TB,56,0.439,0.6786,0.0,0.6897,5.4138,0.5536
2024,10,TEN,51,0.5714,0.8824,0.1373,0.5217,8.2609,0.5882
2024,10,WAS,59,0.5682,0.9492,0.5593,0.4118,6.3529,0.6271
2024,11,ATL,54,0.6154,0.9074,0.2222,0.4667,7.7,0.6296
2024,11,BAL,54,0.5952,0.8333,0.1111,0.5152,9.2121,0.6667
2024,11,BUF,69,0.5769,0.7391,0.087,0.625,7.0,0.5797
2024,11,CHI,69,0.449,0.6522,0.2464,0.6129,6.8387,0.5072
2024,11,CIN,78,0.6207,0.9615,0.0256,0.44,10.24,0.6795
2024,11,CLE,71,0.6604,0.7183,0.1268,0.5217,10.0652,0.7183
2024,11,DAL,78,0.7288,0.9103,0.1154,0.5357,6.5,0.7821
2024,11,DEN,60,0.5,0.4833,0.05,0.5455,4.2121,0.5667
2024,11,DET,74,0.3934,0.3243,0.1622,0.4848,7.3939,0.4459
2024,11,GB,43,0.3611,0.6512,0.0465,0.5294,8.3529,0.4186
2024,11,HOU,60,0.5217,0.4833,0.0667,0.6471,5.0,0.5833
2024,11,IND,68,0.4286,0.8382,0.1324,0.4333,10.5,0.4853
2024,11,JAX,47,0.6,0.7021,0.0638,0.4828,12.2069,0.6383
2024,11,KC,52,0.6585,0.75,0.0192,0.6061,6.9091,0.6731
2024,11,LA,48,0.525,0.6458,0.0833,0.4074,10.7037,0.5625
2024,11,LAC,62,0.58,0.7097,0.0,0.2571,13.2286,0.5968
2024,11,LV,63,0.7391,0.746,0.0794,0.6279,4.4419,0.7302
2024,11,MIA,63,0.4898,0.9206,0.0317,0.6286,5.0857,0.5873
2024,11,MIN,65,0.4902,0.4615,0.0923,0.5312,9.5,0.5231
2024,11,NE,72,0.5517,0.7361,0.125,0.4615,6.4103,0.5833
2024,11,NO,56,0.4667,0.4821,0.0714,0.6207,7.2759,0.5357
2024,11,NYJ,52,0.5789,0.7308,0.0577,0.6552,4.2759,0.6154
2024,11,PHI,69,0.3962,0.8406,0.2899,0.4643,6.5714,0.4348
2024,11,PIT,72,0.4909,0.5556,0.2639,0.6111,6.0833,0.5556
2024,11,SEA,58,0.6047,0.6724,0.1207,0.4375,8.875,0.6207
2024,11,SF,57,0.4783,0.614,0.0,0.6429,5.4643,0.5263
2024,11,TEN,55,0.5789,0.8,0.0545,0.5484,11.0323,0.6545
2024,11,WAS,64,0.551,0.9062,0.7188,0.7812,3.5625,0.5625
2024,12,ARI,56,0.7209,0.8214,0.1607,0.5676,7.7027,0.75
2024,12,BAL,59,0.35,0.4576,0.0678,0.4545,10.5,0.4068
2024,12,CAR,59,0.5581,0.678,0.0169,0.4286,8.2857,0.6271
2024,12,CHI,74,0.6346,0.7568,0.2162,0.5957,7.7021,0.7027
2024,12,CLE,57,0.439,0.5614,0.0526,0.4074,8.8148,0.5263
2024,12,DAL,59,0.5417,0.7966,0.0,0.5312,6.0312,0.5593
2024,12,DEN,65,0.58,0.7077,0.1538,0.5238,6.8571,0.6615
2024,12,DET,71,0.5455,0.5211,0.0563,0.5556,5.6944,0.5493
2024,12,GB,67,0.3077,0.6866,0.0149,0.4783,12.1739,0.3731
2024,12,HOU,54,0.6585,0.5926,0.1111,0.4545,8.8182,0.6852
2024,12,IND,48,0.5714,0.9792,0.0625,0.3214,13.3214,0.5833
2024,12,KC,68,0.6481,0.7059,0.0147,0.5946,6.1622,0.6176
2024,12,LA,60,0.6458,0.5167,0.1,0.5556,6.4722,0.7
2024,12,LAC,60,0.6136,0.7833,0.05,0.4167,10.1944,0.6667
2024,12,LV,72,0.7679,0.7778,0.125,0.5962,5.1538,0.7917
2024,12,MIA,63,0.6154,0.8413,0.0476,0.625,5.675,0.6667
2024,12,MIN,65,0.5098,0.4769,0.0462,0.4,8.2571,0.5846
2024,12,NE,63,0.5778,0.873,0.2063,0.5,7.6842,0.6825
2024,12,NYG,55,0.6429,0.7818,0.1636,0.5938,6.2812,0.6545
2024,12,PHI,66,0.32,0.7879,0.1818,0.4545,6.4545,0.3485
2024,12,PIT,67,0.3617,0.6716,0.0896,0.4138,11.8621,0.5075
2024,12,SEA,59,0.5333,0.7966,0.1356,0.6774,6.0323,0.6102
2024,12,SF,46,0.5882,0.6739,0.0,0.6552,7.3793,0.6739
2024,12,TB,61,0.5417,0.5738,0.0328,0.5333,6.9667,0.4918
2024,12,TEN,62,0.4583,0.7097,0.0,0.56,8.44,0.5323
2024,12,WAS,67,0.6111,0.9701,0.6418,0.4865,9.3514,0.6119
2024,13,ARI,76,0.5968,0.6974,0.0658,0.5682,6.9545,0.5921
2024,13,ATL,77,0.4746,0.7662,0.0779,0.4359,7.6667,0.5195
2024,13,BAL,70,0.5472,0.7286,0.0857,0.5,10.0556,0.5571
2024,13,BUF,53,0.2927,0.3208,0.0189,0.6111,6.1667,0.3396
2024,13,CAR,68,0.6923,0.7794,0.0735,0.3913,9.587,0.6912
2024,13,CHI,59,0.7073,0.7458,0.1525,0.2895,13.7895,0.7458
2024,13,CIN,57,0.6939,0.9649,0.0526,0.6579,5.9474,0.7368
2024,13,CLE,85,0.6667,0.6941,0.1059,0.5,8.431,0.7294
2024,13,DAL,66,0.48,0.6212,0.0455,0.5833,7.5556,0.5455
2024,13,DEN,59,0.5217,0.6441,0.0847,0.4571,11.4857,0.5932
2024,13,DET,69,0.4444,0.3623,0.0,0.5882,6.5882,0.5217
2024,13,GB,52,0.439,0.6923,0.0192,0.5926,7.6296,0.5192
2024,13,HOU,58,0.5909,0.6034,0.0172,0.3824,8.6176,0.6207
2024,13,IND,58,0.3953,0.9655,0.1207,0.2917,16.4167,0.4138
2024,13,JAX,68,0.5918,0.7059,0.1765,0.4286,11.2619,0.6471
2024,13,KC,65,0.7143,0.8154,0.0,0.5111,8.5556,0.7692
2024,13,LA,53,0.4286,0.2453,0.0755,0.4583,8.2917,0.4906
2024,13,LAC,44,0.6452,0.7273,0.0,0.4167,6.9167,0.6818
2024,13,LV,61,0.5714,0.5902,0.0656,0.6176,7.7941,0.6066
2024,13,MIA,67,0.7391,0.8657,0.1791,0.5217,6.7826,0.791
2024,13,MIN,50,0.6829,0.58,0.2,0.5484,6.871,0.72
2024,13,NE,66,0.4815,0.6515,0.0303,0.4333,6.6,0.5303
2024,13,NO,69,0.48,0.5942,0.1014,0.6216,6.8919,0.5507
2024,13,NYG,59,0.6304,0.7119,0.0678,0.6562,5.625,0.6441
2024,13,NYJ,62,0.5778,0.7419,0.0484,0.4872,7.8205,0.6613
2024,13,PHI,51,0.3947,0.7647,0.3529,0.4211,8.2105,0.4118
2024,13,PIT,64,0.5818,0.6562,0.3125,0.7105,5.0526,0.625
2024,13,SEA,56,0.5366,0.5536,0.125,0.7097,6.0,0.6071
2024,13,SF,46,0.3143,0.6304,0.0,0.5882,5.4118,0.413
2024,13,TB,74,0.459,0.5,0.027,0.5294,6.7647,0.5135
2024,13,TEN,50,0.7297,0.92,0.06,0.3784,10.4324,0.8
2024,13,WAS,76,0.377,0.9342,0.6184,0.6667,5.5333,0.4211
2024,14,ARI,63,0.6327,0.7619,0.2381,0.6842,4.1316,0.6349
2024,14,ATL,71,0.5,0.7465,0.1408,0.4865,7.8649,0.5352
2024,14,BUF,54,0.6889,0.7407,0.1852,0.4054,12.7027,0.6852
2024,14,CAR,68,0.4043,0.5588,0.0882,0.4118,10.9412,0.5147
2024,14,CHI,53,0.5476,0.7736,0.2264,0.5833,5.8333,0.6038
2024,14,CIN,63,0.6731,0.7778,0.0317,0.4773,6.3636,0.7302
2024,14,CLE,69,0.5577,0.913,0.2319,0.5122,8.3415,0.6377
2024,14,DAL,59,0.5333,0.678,0.0508,0.4839,7.5161,0.5763
2024,14,DET,76,0.5357,0.3816,0.0263,0.6341,5.4878,0.5526
2024,14,GB,44,0.4359,0.5909,0.0227,0.45,9.85,0.4773
2024,14,JAX,57,0.5349,0.7193,0.193,0.7097,5.2903,0.5614
2024,14,KC,63,0.6042,0.7302,0.0317,0.5676,6.8919,0.6349
2024,14,LA,72,0.3393,0.4028,0.0417,0.4,9.2667,0.4167
2024,14,LAC,57,0.6047,0.5965,0.0351,0.5,10.1333,0.5789
2024,14,LV,61,0.6222,0.7049,0.1475,0.5676,7.8649,0.6393
2024,14,MIA,66,0.6852,0.9242,0.0606,0.5,6.1304,0.7121
2024,14,MIN,53,0.5366,0.6226,0.1321,0.4286,10.3929,0.6038
2024,14,NO,65,0.5102,0.5385,0.0154,0.4839,10.5161,0.5077
2024,14,NYG,74,0.64,0.7568,0.3514,0.5208,7.4792,0.6892
2024,14,NYJ,63,0.5918,0.6508,0.0,0.5897,6.7436,0.6667
2024,14,PHI,56,0.4186,0.875,0.3214,0.5714,6.1905,0.4464
2024,14,PIT,60,0.3696,0.4833,0.2833,0.5,7.9231,0.45
2024,14,SEA,60,0.4444,0.75,0.15,0.6667,5.2333,0.5
2024,14,SF,60,0.3696,0.4667,0.0,0.4615,10.1538,0.45
2024,14,TB,59,0.5,0.6441,0.0339,0.4138,8.1724,0.5593
2024,14,TEN,62,0.4651,0.5806,0.0484,0.5938,5.3438,0.5484
2024,15,ARI,62,0.4468,0.7581,0.1452,0.7188,5.4375,0.5161
2024,15,ATL,56,0.2093,0.6964,0.0536,0.5294,5.8235,0.3571
2024,15,BAL,58,0.5106,0.6897,0.0517,0.36,10.32,0.4828
2024,15,BUF,67,0.4643,0.791,0.0448,0.5294,9.7353,0.5075
2024,15,CAR,50,0.6053,0.78,0.12,0.6786,8.0357,0.68
2024,15,CHI,63,0.5106,0.6984,0.2063,0.5,7.2812,0.5556
2024,15,CIN,63,0.56,0.7937,0.0,0.5,6.8333,0.5873
2024,15,CLE,59,0.6087,0.8136,0.2203,0.6765,7.7353,0.661
2024,15,DAL,67,0.3818,0.4925,0.0299,0.4643,6.0,0.4328
2024,15,DEN,58,0.5,0.7069,0.069,0.6667,5.2727,0.5862
2024,15,DET,75,0.7797,0.7333,0.1067,0.5965,7.0175,0.8
2024,15,GB,61,0.375,0.6885,0.082,0.5926,6.1852,0.4426
2024,15,HOU,45,0.5758,0.5333,0.0222,0.4231,7.4615,0.6667
2024,15,IND,72,0.5283,0.9444,0.1111,0.3947,9.1316,0.5556
2024,15,JAX,78,0.5968,0.7821,0.1923,0.6304,6.3043,0.6282
2024,15,KC,73,0.4815,0.726,0.0,0.475,8.675,0.5479
2024,15,LA,65,0.3265,0.3846,0.0154,0.6296,6.7407,0.4154
2024,15,LAC,48,0.75,0.7708,0.0417,0.5588,8.0294,0.7708
2024,15,LV,64,0.6667,1.0,0.125,0.4211,10.5526,0.6562
2024,15,MIA,62,0.617,0.7742,0.129,0.575,4.6,0.6935
2024,15,MIN,71,0.5179,0.5493,0.1831,0.4,8.4,0.5915
2024,15,NE,48,0.5122,0.7083,0.1667,0.6522,7.5217,0.5208
2024,15,NO,51,0.6053,0.7255,0.098,0.3871,9.8387,0.6863
2024,15,NYG,59,0.619,0.7797,0.0339,0.6757,5.4324,0.678
2024,15,NYJ,54,0.5238,0.6852,0.037,0.3333,13.1333,0.5926
2024,15,PHI,74,0.4211,0.9459,0.2838,0.5312,6.75,0.473
2024,15,PIT,40,0.5333,0.625,0.15,0.4545,7.0909,0.6
2024,15,SEA,56,0.6744,0.9107,0.2321,0.6061,6.0,0.7143
2024,15,SF,53,0.6098,0.6792,0.0189,0.4194,12.0,0.6415
2024,15,TB,67,0.3725,0.4776,0.0448,0.4074,9.3704,0.4179
2024,15,TEN,64,0.5893,0.7031,0.2188,0.6486,5.5946,0.5938
2024,15,WAS,74,0.4909,0.9459,0.6216,0.5806,8.5161,0.527
2024,16,ARI,63,0.551,0.7143,0.0794,0.4688,6.6875,0.5556
2024,16,ATL,63,0.3469,0.9524,0.0317,0.5556,5.8519,0.4286
2024,16,BAL,59,0.36,0.7458,0.0339,0.3043,9.7391,0.4068
2024,16,BUF,58,0.4783,0.8448,0.0345,0.3793,10.9655,0.5172
2024,16,CAR,64,0.3958,0.5625,0.0,0.5,6.5385,0.4531
2024,16,CHI,57,0.7209,0.7544,0.2281,0.45,9.125,0.7368
2024,16,CIN,55,0.5682,0.7818,0.0364,0.4333,8.1667,0.6182
2024,16,CLE,63,0.5625,0.8571,0.1905,0.5588,5.6471,0.619
2024,16,DAL,53,0.6154,0.6604,0.0377,0.6857,6.9429,0.6792
2024,16,DEN,62,0.6383,0.7097,0.0323,0.775,2.925,0.6774
2024,16,DET,64,0.4706,0.3594,0.0,0.75,5.625,0.5156
2024,16,GB,67,0.3725,0.6567,0.0597,0.5333,7.7,0.4478
2024,16,HOU,58,0.6667,0.6379,0.0172,0.4103,10.5385,0.7069
2024,16,IND,62,0.1522,0.9194,0.0645,0.5455,8.0909,0.1935
2024,16,JAX,61,0.5909,0.8197,0.1803,0.641,5.6667,0.6557
2024,16,KC,68,0.5849,0.8235,0.0,0.561,5.6829,0.6176
2024,16,LA,47,0.3421,0.383,0.0,0.6842,3.6316,0.4043
2024,16,LAC,60,0.5652,0.5833,0.1,0.6129,6.7742,0.5667
2024,16,LV,65,0.5686,0.6,0.0154,0.6579,6.2895,0.6308
2024,16,MIA,62,0.48,0.8548,0.0968,0.6176,5.7941,0.5484
2024,16,MIN,59,0.5435,0.4576,0.0678,0.4286,7.6571,0.6441
2024,16,NE,67,0.5472,0.597,0.0746,0.5833,5.9722,0.5672
2024,16,NO,53,0.55,0.7736,0.1132,0.4333,9.0,0.6226
2024,16,NYG,55,0.7111,0.7273,0.1273,0.6154,5.4359,0.7636
2024,16,NYJ,63,0.5778,0.746,0.1111,0.619,5.2619,0.6825
2024,16,PHI,71,0.3462,1.0,0.2113,0.5714,8.1071,0.4507
2024,16,PIT,59,0.5,0.6271,0.3559,0.5312,8.0312,0.5932
2024,16,SEA,60,0.7143,0.7667,0.1833,0.4651,7.7209,0.75
2024,16,SF,59,0.6957,0.6271,0.0339,0.6053,4.8684,0.6949
2024,16,TB,70,0.6316,0.7,0.1714,0.4419,9.6047,0.6714
2024,16,TEN,58,0.6222,0.7414,0.1897,0.5588,6.3235,0.6207
2024,16,WAS,64,0.6596,0.9844,0.6094,0.5526,7.2105,0.6094
2024,17,ARI,74,0.678,0.7432,0.0541,0.5833,6.6875,0.7027
2024,17,ATL,59,0.5319,0.8644,0.1356,0.3143,12.4857,0.6271
2024,17,BAL,61,0.2308,0.6557,0.0164,0.4118,11.2353,0.2951
2024,17,BUF,60,0.3913,0.6667,0.0667,0.4643,7.2857,0.4667
2024,17,CAR,46,0.6944,0.8696,0.1304,0.3214,13.25,0.7174
2024,17,CHI,58,0.5122,0.7586,0.1552,0.6071,7.2143,0.6034
2024,17,CIN,83,0.6418,0.8554,0.012,0.5714,7.0,0.6747
2024,17,CLE,75,0.5926,0.88,0.2267,0.5652,6.0,0.6267
2024,17,DAL,60,0.4783,0.5667,0.05,0.6207,9.1034,0.5
2024,17,DEN,60,0.4894,0.6,0.1833,0.5161,7.2258,0.55
2024,17,DET,67,0.4694,0.4925,0.0,0.6471,4.3235,0.5522
2024,17,GB,58,0.4762,0.8103,0.2759,0.4,10.1,0.5862
2024,17,HOU,54,0.5946,0.7037,0.0926,0.3438,9.625,0.6852
2024,17,IND,74,0.5517,0.8108,0.0676,0.4474,10.1316,0.5541
2024,17,JAX,56,0.4186,0.6429,0.125,0.6364,5.6364,0.4286
2024,17,KC,59,0.6383,0.8305,0.0339,0.5789,5.6842,0.661
2024,17,LA,53,0.5641,0.6038,0.1698,0.5938,5.9688,0.6038
2024,17,LAC,77,0.4828,0.5844,0.039,0.425,9.45,0.5195
2024,17,LV,72,0.4259,0.5972,0.0139,0.5143,9.6857,0.5
2024,17,MIA,54,0.5238,0.7222,0.0741,0.48,6.0,0.537
2024,17,MIN,67,0.5893,0.5821,0.1045,0.5349,7.4186,0.6567
2024,17,NE,47,0.5,0.8298,0.1277,0.4583,8.7083,0.5957
2024,17,NO,53,0.7381,0.8302,0.1509,0.5,7.9444,0.7547
2024,17,NYG,49,0.3889,0.551,0.0612,0.5217,7.7826,0.4694
2024,17,NYJ,58,0.6087,0.6552,0.0517,0.625,4.2188,0.6552
2024,17,PHI,59,0.2889,0.7458,0.2542,0.3158,10.1579,0.322
2024,17,PIT,73,0.5536,0.6986,0.3425,0.6216,7.027,0.5753
2024,17,SEA,50,0.4324,0.72,0.18,0.7391,3.2174,0.52
2024,17,SF,59,0.68,0.7627,0.1186,0.359,9.5641,0.6949
2024,17,TB,71,0.4655,0.5493,0.0563,0.4688,8.1562,0.4789
2024,17,TEN,63,0.4894,0.8889,0.1746,0.4516,9.1613,0.5397
2024,17,WAS,76,0.4833,0.9342,0.7632,0.4167,7.1389,0.5395
2024,18,ARI,63,0.551,0.6508,0.0476,0.5714,6.3714,0.5556
2024,18,ATL,77,0.5167,0.9351,0.1299,0.2895,11.2368,0.5065
2024,18,BAL,66,0.3878,0.697,0.0,0.3548,9.2258,0.4697
2024,18,BUF,64,0.3913,0.7344,0.1094,0.5312,7.0625,0.5
2024,18,CAR,64,0.4902,0.5781,0.0156,0.4,8.8571,0.5469
2024,18,CHI,56,0.4146,0.6429,0.1964,0.5517,4.4828,0.5357
2024,18,CIN,70,0.6786,1.0,0.0286,0.587,4.1087,0.7143
2024,18,CLE,54,0.6,0.7593,0.037,0.5,7.2647,0.6667
2024,18,DAL,75,0.4464,0.6933,0.0133,0.5882,6.4412,0.48
2024,18,DEN,71,0.4107,0.4085,0.1127,0.6552,5.6552,0.4085
2024,18,DET,66,0.5,0.4394,0.0909,0.7273,4.9091,0.5303
2024,18,GB,62,0.42,0.6774,0.1613,0.44,8.24,0.4677
2024,18,HOU,57,0.4419,0.4912,0.0526,0.5714,6.4643,0.5088
2024,18,IND,77,0.459,0.8312,0.0779,0.55,9.575,0.5584
2024,18,JAX,66,0.4706,0.7273,0.1364,0.5938,8.4375,0.5152
2024,18,KC,33,0.5455,1.0,0.0,0.5294,7.0588,0.6667
2024,18,LA,66,0.6042,0.5303,0.0303,0.6341,5.3902,0.6818
2024,18,LAC,71,0.5455,0.6056,0.0563,0.5143,7.7143,0.5211
2024,18,LV,47,0.6944,0.7872,0.1915,0.5278,8.5278,0.766
2024,18,MIA,68,0.6226,0.7794,0.0735,0.6098,6.8293,0.6618
2024,18,MIN,61,0.6,0.6066,0.1639,0.6098,6.8293,0.7049
2024,18,NE,57,0.4889,0.807,0.0351,0.4333,9.4333,0.5439
2024,18,NO,63,0.6809,0.6984,0.0476,0.5238,8.8095,0.6984
2024,18,NYG,53,0.5429,0.6604,0.1132,0.8621,3.6552,0.5472
2024,18,NYJ,63,0.625,0.6825,0.2698,0.6486,6.3243,0.6349
2024,18,PHI,66,0.64,0.7727,0.1515,0.4634,6.5854,0.6515
2024,18,PIT,58,0.5455,0.6724,0.3621,0.6129,7.3226,0.6034
2024,18,SEA,53,0.4634,0.6226,0.0755,0.5926,7.963,0.566
2024,18,SF,71,0.5893,0.8028,0.0845,0.4048,7.9762,0.6197
2024,18,TB,63,0.4348,0.7143,0.0,0.3125,8.0625,0.5238
2024,18,TEN,59,0.4,0.7119,0.1186,0.4615,11.5,0.4915
2024,18,WAS,54,0.6667,0.963,0.6667,0.4,10.2667,0.6852
2024,19,BAL,70,0.2364,0.6571,0.0286,0.6,5.9,0.3
2024,19,BUF,70,0.3585,0.5,0.0429,0.5,9.2308,0.4143
2024,19,DEN,42,0.4667,0.7619,0.3095,0.3478,11.9565,0.5952
2024,19,GB,59,0.5455,0.8305,0.1017,0.5455,8.3939,0.5932
2024,19,HOU,68,0.4808,0.5588,0.0147,0.3333,9.6061,0.5294
2024,19,LA,49,0.5385,0.5306,0.0612,0.6296,7.3704,0.5918
2024,19,LAC,54,0.6429,0.7407,0.0741,0.2812,12.6562,0.6667
2024,19,MIN,71,0.6327,0.6901,0.2958,0.425,10.5,0.7042
2024,19,PHI,56,0.4091,0.8393,0.2857,0.4762,6.4762,0.4107
2024,19,PIT,44,0.75,0.7955,0.2955,0.6,8.3,0.7727
2024,19,TB,43,0.3824,0.6744,0.093,0.3333,7.6667,0.4419
2024,19,WAS,67,0.4255,0.9701,0.7313,0.6857,5.6857,0.5373
2024,20,BAL,58,0.4667,0.6552,0.0517,0.52,10.4,0.5
2024,20,BUF,57,0.3778,0.5614,0.0351,0.6818,6.1364,0.4035
2024,20,DET,65,0.6296,0.6308,0.1385,0.475,8.775,0.6462
2024,20,HOU,64,0.5,0.5625,0.0938,0.3571,9.6429,0.5625
2024,20,KC,47,0.5714,0.9574,0.0,0.56,5.96,0.5957
2024,20,LA,69,0.6863,0.5362,0.1594,0.4773,10.0682,0.7101
2024,20,PHI,60,0.4318,0.95,0.3167,0.65,6.45,0.45
2024,20,WAS,71,0.3455,0.9577,0.5211,0.6129,5.8065,0.4366
2024,21,BUF,69,0.5106,0.6812,0.2174,0.5588,8.7941,0.5362
2024,21,KC,61,0.42,0.8525,0.0,0.5385,7.4231,0.4754
2024,21,PHI,65,0.4151,0.8154,0.3077,0.6429,5.75,0.4615
2024,21,WAS,79,0.6296,0.962,0.7215,0.5306,7.4286,0.6835
2024,22,KC,52,0.7568,0.9231,0.1154,0.5312,7.6875,0.7885
2024,22,PHI,67,0.3455,0.8955,0.2537,0.3913,8.5652,0.3731
2025,1,ARI,61,0.5,0.7541,0.1148,0.7241,5.7241,0.5574
2025,1,ATL,69,0.6,0.971,0.029,0.5238,6.8571,0.6232
2025,1,BAL,50,0.359,0.7,0.04,0.5789,9.1053,0.42
2025,1,BUF,77,0.6102,0.6883,0.1688,0.4444,8.8889,0.6364
2025,1,CAR,60,0.5581,0.8,0.15,0.4571,7.6857,0.6
2025,1,CHI,63,0.54,0.4762,0.0317,0.5714,7.5143,0.5873
2025,1,CIN,49,0.4857,0.7959,0.0204,0.5652,7.3478,0.5306
2025,1,CLE,71,0.6538,0.7042,0.0563,0.5333,6.0667,0.662
2025,1,DAL,55,0.5349,0.6909,0.0727,0.4242,10.0303,0.6
2025,1,DEN,69,0.5577,0.6522,0.0435,0.725,5.325,0.5942
2025,1,DET,64,0.5778,0.5938,0.0469,0.7436,4.1795,0.6719
2025,1,GB,46,0.4571,0.6304,0.0652,0.4091,11.5,0.4783
2025,1,HOU,57,0.5106,0.7018,0.0526,0.5556,6.3704,0.5263
2025,1,IND,70,0.4038,0.7,0.0571,0.6552,6.7586,0.4286
2025,1,JAX,60,0.5,0.5667,0.0333,0.3667,7.4333,0.5
2025,1,KC,58,0.675,0.8276,0.0517,0.5789,7.1316,0.7069
2025,1,LA,54,0.561,0.3519,0.037,0.5517,7.7931,0.5926
2025,1,LAC,59,0.6304,0.7458,0.0169,0.4706,10.0588,0.6271
2025,1,LV,60,0.5652,0.7,0.0167,0.3939,10.6364,0.6167
2025,1,MIA,47,0.7059,0.7872,0.1277,0.5161,7.5484,0.7447
2025,1,MIN,51,0.4054,0.3922,0.0588,0.6,5.85,0.4902
2025,1,NE,68,0.717,0.7794,0.1765,0.4348,7.6739,0.7353
2025,1,NO,67,0.6078,0.9403,0.3433,0.5227,7.6364,0.6716
2025,1,NYG,62,0.5455,0.7258,0.0968,0.6757,6.1081,0.629
2025,1,NYJ,64,0.3696,0.7344,0.0781,0.4091,7.6818,0.375
2025,1,PHI,59,0.383,0.8136,0.1017,0.7391,4.8696,0.4068
2025,1,PIT,53,0.5814,0.717,0.0943,0.6,4.6333,0.6415
2025,1,SEA,49,0.4103,0.5918,0.0612,0.4545,8.9545,0.4694
2025,1,SF,70,0.463,0.5571,0.0,0.5714,7.4286,0.5143
2025,1,TB,55,0.6,0.6545,0.1273,0.375,10.4375,0.6
2025,1,TEN,55,0.525,0.7091,0.0364,0.3929,10.5,0.6182
2025,1,WAS,62,0.4808,1.0,0.5806,0.4333,9.3,0.5323
2025,2,ARI,47,0.5135,0.8085,0.0426,0.52,6.4,0.5532
2025,2,ATL,62,0.3191,0.871,0.0806,0.5714,6.2857,0.3871
2025,2,BAL,50,0.5789,0.7,0.0,0.5517,9.4138,0.64
2025,2,BUF,67,0.3654,0.4328,0.0,0.5926,5.4074,0.4179
2025,2,CAR,78,0.7368,0.8718,0.1795,0.5273,6.8182,0.7436
2025,2,CHI,63,0.5833,0.7143,0.2063,0.4545,10.2121,0.5873
2025,2,CIN,65,0.72,0.9231,0.0154,0.5111,8.0,0.7385
2025,2,CLE,72,0.6471,0.7917,0.0972,0.5625,6.5,0.6944
2025,2,DAL,82,0.6119,0.7927,0.0854,0.4615,6.7308,0.6707
2025,2,DEN,54,0.5111,0.6296,0.2037,0.7667,4.9,0.5556
2025,2,DET,58,0.4468,0.3793,0.0517,0.4643,9.7857,0.4828
2025,2,GB,61,0.4792,0.6066,0.0656,0.4516,13.1613,0.541
2025,2,HOU,46,0.5143,0.6522,0.0217,0.5,8.125,0.6087
2025,2,IND,67,0.4808,0.791,0.0299,0.4412,9.6765,0.5224
2025,2,JAX,69,0.5818,0.5942,0.0145,0.4762,7.3333,0.6232
2025,2,KC,57,0.5476,0.7895,0.0526,0.4828,10.6552,0.5439
2025,2,LA,57,0.5333,0.3684,0.0877,0.5758,7.9394,0.5965
2025,2,LAC,51,0.5897,0.6471,0.0392,0.5556,9.037,0.5686
2025,2,LV,65,0.6667,0.7385,0.0769,0.6047,6.7674,0.7077
2025,2,MIA,52,0.625,0.8462,0.1346,0.5625,7.8438,0.7115
2025,2,MIN,45,0.6061,0.6222,0.0889,0.2857,12.0,0.6
2025,2,NE,52,0.4211,0.4231,0.0,0.6087,5.8261,0.5
2025,2,NO,67,0.5,0.8358,0.209,0.5588,7.3529,0.5522
2025,2,NYG,65,0.6122,0.8154,0.0,0.3659,12.7317,0.6769
2025,2,NYJ,47,0.4242,0.8723,0.1277,0.5909,7.8182,0.5532
2025,2,PHI,56,0.3902,0.7857,0.1786,0.5455,7.5909,0.4286
2025,2,PIT,59,0.5854,0.8305,0.1017,0.5882,5.5588,0.6441
2025,2,SEA,64,0.4792,0.3906,0.0156,0.4848,8.0303,0.5469
2025,2,SF,64,0.58,0.5625,0.0156,0.5263,6.6842,0.6406
2025,2,TB,73,0.5263,0.7808,0.1096,0.5526,8.0,0.589
2025,2,TEN,64,0.5833,0.8281,0.1875,0.4848,6.5152,0.5938
2025,2,WAS,65,0.6444,0.9846,0.6769,0.4878,6.8049,0.7077
2025,3,ARI,64,0.5319,0.7969,0.0312,0.5429,5.0571,0.5625
2025,3,ATL,66,0.6,0.9848,0.2273,0.4884,7.1163,0.6515
2025,3,BAL,55,0.619,0.6909,0.0182,0.3571,10.1429,0.6545
2025,3,BUF,56,0.4889,0.5714,0.0,0.6786,3.9643,0.5357
2025,3,CAR,54,0.3659,0.463,0.0185,0.625,5.5417,0.463
2025,3,CHI,55,0.4,0.4727,0.0545,0.3571,8.9286,0.5091
2025,3,CIN,52,0.5366,0.7115,0.0,0.7037,4.7778,0.5962
2025,3,CLE,56,0.6098,0.5893,0.0714,0.5429,7.2857,0.6607
2025,3,DAL,68,0.6226,0.7206,0.2353,0.6444,5.9556,0.7059
2025,3,DEN,47,0.4375,0.8085,0.1277,0.44,10.76,0.5745
2025,3,DET,64,0.3191,0.4219,0.0156,0.4643,7.5357,0.4375
2025,3,GB,60,0.3902,0.65,0.1167,0.88,1.92,0.5
2025,3,HOU,57,0.6341,0.7018,0.0877,0.5405,7.7838,0.6842
2025,3,IND,50,0.5122,0.64,0.02,0.64,7.0,0.5
2025,3,JAX,65,0.5714,0.6769,0.0308,0.55,7.875,0.6462
2025,3,KC,64,0.56,0.8281,0.0,0.6216,8.6216,0.6094
2025,3,LA,65,0.4906,0.3385,0.1077,0.5152,8.1212,0.5231
2025,3,LAC,80,0.6032,0.7125,0.0375,0.4255,9.1277,0.65
2025,3,LV,64,0.5778,0.7969,0.0781,0.3793,10.5172,0.5469
2025,3,MIA,58,0.5349,0.7414,0.0517,0.5882,6.0,0.5862
2025,3,MIN,58,0.3778,0.6034,0.0,0.375,7.8333,0.4655
2025,3,NE,71,0.5849,0.493,0.0141,0.5676,5.5946,0.5915
2025,3,NO,70,0.5472,0.8286,0.3571,0.439,8.4634,0.6143
2025,3,NYG,61,0.5106,0.9672,0.0984,0.5938,8.875,0.5574
2025,3,NYJ,61,0.5745,0.8525,0.1475,0.6857,4.6,0.6393
2025,3,PHI,63,0.5581,0.8571,0.3651,0.4688,8.5625,0.5873
2025,3,PIT,46,0.4324,0.5652,0.1304,0.5652,4.9565,0.5
2025,3,SEA,53,0.3636,0.3585,0.0189,0.381,8.0952,0.3962
2025,3,SF,60,0.6458,0.6167,0.0833,0.475,7.725,0.6833
2025,3,TB,63,0.42,0.619,0.1111,0.5172,8.0,0.4762
2025,3,TEN,65,0.6327,0.8462,0.1692,0.6053,4.8684,0.6462
2025,3,WAS,53,0.3488,1.0,0.5283,0.4,7.85,0.3962
2025,4,ARI,64,0.6875,0.9219,0.2656,0.5854,5.8049,0.7344
2025,4,ATL,61,0.4082,0.9672,0.0984,0.3846,10.5385,0.4426
2025,4,BAL,53,0.6667,0.8113,0.1132,0.6364,4.7879,0.6792
2025,4,BUF,54,0.3864,0.3519,0.0,0.4545,10.1818,0.463
2025,4,CAR,65,0.5417,0.6154,0.0769,0.6389,5.5278,0.5692
2025,4,CHI,63,0.5556,0.5714,0.0317,0.4865,6.6486,0.619
2025,4,CIN,42,0.5806,0.9048,0.0238,0.48,8.0,0.6667
2025,4,CLE,64,0.5306,0.5312,0.0156,0.4857,9.9143,0.5938
2025,4,DAL,67,0.5636,0.5821,0.0448,0.6,8.175,0.6119
2025,4,DEN,77,0.4921,0.5974,0.0519,0.6667,6.6667,0.5455
2025,4,DET,54,0.3846,0.537,0.0556,0.4444,11.5926,0.5
2025,4,GB,78,0.5397,0.7692,0.0513,0.5581,5.9302,0.5641
2025,4,HOU,66,0.4468,0.5758,0.0909,0.6429,6.5,0.4697
2025,4,IND,55,0.6429,0.7636,0.0182,0.4848,9.4848,0.6364
2025,4,JAX,60,0.4565,0.5167,0.05,0.5,6.5333,0.5167
2025,4,KC,68,0.56,0.7941,0.0147,0.6216,7.0,0.5588
2025,4,LA,67,0.5849,0.5522,0.1343,0.55,8.55,0.6418
2025,4,LAC,57,0.7727,0.8596,0.0526,0.5854,6.4634,0.7544
2025,4,LV,51,0.3571,0.5294,0.0784,0.55,4.85,0.3922
2025,4,MIA,55,0.3571,0.7818,0.0,0.52,5.48,0.4545
2025,4,MIN,72,0.6909,0.6667,0.0833,0.5556,7.4444,0.7222
2025,4,NE,45,0.3611,0.4667,0.0,0.5,8.3889,0.4222
2025,4,NO,66,0.42,0.6364,0.2121,0.6071,4.4286,0.4697
2025,4,NYG,69,0.3654,0.8696,0.3478,0.5714,5.8095,0.3913
2025,4,NYJ,58,0.4783,0.7241,0.1552,0.6667,7.5926,0.5
2025,4,PHI,57,0.4186,0.8246,0.1228,0.6667,6.9583,0.4561
2025,4,PIT,51,0.45,0.4706,0.0392,0.8182,3.3182,0.4706
2025,4,SEA,64,0.4,0.5,0.0781,0.5385,9.1154,0.4531
2025,4,SF,64,0.5714,0.5469,0.0156,0.5263,8.0526,0.625
2025,4,TB,67,0.5686,0.7015,0.0299,0.4872,8.1795,0.6119
2025,4,TEN,45,0.6061,0.8,0.1111,0.44,7.64,0.6
2025,4,WAS,51,0.525,0.8627,0.6275,0.3846,11.0,0.5686
2025,5,ARI,63,0.5625,0.6508,0.0159,0.6562,6.5312,0.5556
2025,5,BAL,40,0.4375,0.55,0.0,0.45,8.15,0.525
2025,5,BUF,60,0.4902,0.6167,0.0333,0.4516,7.9355,0.5333
2025,5,CAR,62,0.4082,0.6452,0.0,0.4483,8.4483,0.5161
2025,5,CIN,58,0.7021,0.9483,0.0517,0.55,8.475,0.7241
2025,5,CLE,66,0.4792,0.6212,0.0606,0.5,6.5,0.5152
2025,5,DAL,56,0.4545,0.5,0.0536,0.4828,8.0,0.5357
2025,5,DEN,71,0.4815,0.6197,0.1408,0.5641,8.1538,0.5915
2025,5,DET,59,0.4231,0.322,0.0339,0.625,4.4167,0.4746
2025,5,HOU,64,0.4902,0.5469,0.0156,0.4839,8.3548,0.5156
2025,5,IND,60,0.5435,0.6,0.0333,0.5,8.3438,0.5833
2025,5,JAX,54,0.5455,0.5926,0.0926,0.56,8.36,0.5185
2025,5,KC,63,0.6296,0.8889,0.0,0.561,9.7805,0.6508
2025,5,LA,62,0.8163,0.5968,0.129,0.4783,11.4783,0.7581
2025,5,LAC,63,0.5333,0.7778,0.0635,0.6875,3.9688,0.5873
2025,5,LV,65,0.6122,0.7692,0.0462,0.6111,6.7778,0.6154
2025,5,MIA,53,0.6667,0.8302,0.0377,0.5833,7.9722,0.7358
2025,5,MIN,60,0.6471,0.5333,0.15,0.5429,7.2,0.6333
2025,5,NE,56,0.5319,0.5,0.0,0.5,7.1,0.6071
2025,5,NO,61,0.4667,0.6885,0.1311,0.5,7.5,0.5246
2025,5,NYG,69,0.5556,0.8696,0.2464,0.6154,8.4103,0.5797
2025,5,NYJ,73,0.6923,0.7397,0.1507,0.5778,6.8444,0.7123
2025,5,PHI,54,0.7674,0.9815,0.3333,0.5,10.9474,0.8148
2025,5,SEA,53,0.5814,0.566,0.1321,0.5,8.0882,0.6415
2025,5,SF,82,0.6066,0.5976,0.0366,0.5833,6.0417,0.5976
2025,5,TB,58,0.587,0.5862,0.0172,0.6061,7.7879,0.6034
2025,5,TEN,61,0.6087,0.6721,0.1311,0.4103,10.7949,0.6721
2025,5,WAS,54,0.4348,1.0,0.5556,0.48,9.56,0.4815
2025,6,ARI,70,0.6545,0.4857,0.0429,0.5682,8.8864,0.6571
2025,6,ATL,65,0.4808,0.9846,0.1077,0.4688,7.25,0.5231
2025,6,BAL,73,0.4,0.6027,0.0411,0.6061,6.6061,0.5068
2025,6,BUF,53,0.4773,0.5094,0.0566,0.3462,11.0385,0.566
2025,6,CAR,62,0.3585,0.5484,0.0484,0.52,6.16,0.4194
2025,6,CHI,58,0.5106,0.4655,0.0172,0.4828,8.4828,0.569
2025,6,CIN,61,0.7045,0.8197,0.082,0.6512,6.2558,0.7377
2025,6,CLE,75,0.7407,0.8667,0.1867,0.5769,6.0385,0.7733
2025,6,DAL,51,0.5676,0.6863,0.0588,0.5882,5.5588,0.6667
2025,6,DEN,55,0.4615,0.6545,0.1273,0.7,5.1,0.5636
2025,6,DET,53,0.525,0.5472,0.0377,0.6897,3.7586,0.566
2025,6,GB,59,0.4255,0.5593,0.0169,0.3846,9.4615,0.4576
2025,6,IND,56,0.5208,0.625,0.0357,0.6333,6.8,0.5536
2025,6,JAX,68,0.7083,0.6765,0.1618,0.5714,7.619,0.7206
2025,6,KC,58,0.5652,0.7069,0.0345,0.6333,5.1333,0.569
2025,6,LA,48,0.4865,0.375,0.1458,0.5,8.8077,0.5833
2025,6,LAC,64,0.6042,0.5312,0.0,0.6842,5.7895,0.6094
2025,6,LV,54,0.35,0.4259,0.0185,0.7826,2.5217,0.463
2025,6,MIA,56,0.5556,0.8214,0.0357,0.4848,6.3333,0.625
2025,6,NE,55,0.4146,0.4545,0.0,0.4231,10.9231,0.4909
2025,6,NO,51,0.5,0.8039,0.1373,0.5769,8.5,0.549
2025,6,NYG,64,0.3673,0.7344,0.3281,0.4231,9.1923,0.4375
2025,6,NYJ,56,0.359,0.8036,0.0536,0.5294,5.5294,0.4643
2025,6,PHI,56,0.6222,0.8929,0.3214,0.4242,9.5758,0.6429
2025,6,PIT,55,0.4651,0.6545,0.0727,0.5667,7.4333,0.5455
2025,6,SEA,51,0.475,0.4706,0.0784,0.3333,13.3704,0.549
2025,6,SF,67,0.6531,0.5821,0.0448,0.4872,9.6923,0.6716
2025,6,TB,49,0.475,0.4898,0.0204,0.3478,10.3913,0.4898
2025,6,TEN,58,0.7442,0.7759,0.1897,0.5676,6.8649,0.7414
2025,6,WAS,58,0.42,0.9655,0.7586,0.5385,8.1538,0.5
2025,7,ARI,70,0.5185,0.6571,0.0429,0.5278,8.6667,0.6
2025,7,ATL,60,0.6596,0.9833,0.0167,0.4737,9.3947,0.6667
2025,7,CAR,68,0.4043,0.5147,0.0,0.4688,7.2812,0.5
2025,7,CHI,63,0.3725,0.4444,0.0476,0.3462,8.4615,0.4286
2025,7,CIN,69,0.6909,0.8261,0.0,0.5532,7.1702,0.7101
2025,7,CLE,52,0.2683,0.5,0.0,0.6667,4.7778,0.3846
2025,7,DAL,59,0.4681,0.6271,0.0847,0.5667,7.0667,0.5254
2025,7,DEN,77,0.6333,0.7792,0.1429,0.6122,8.0408,0.6883
2025,7,DET,65,0.44,0.4154,0.0615,0.5862,5.4138,0.5077
2025,7,GB,52,0.5128,0.6346,0.1154,0.6552,6.5517,0.5769
2025,7,HOU,70,0.74,0.6429,0.1286,0.5714,8.6531,0.7571
2025,7,IND,54,0.6098,0.7222,0.0,0.5455,10.1515,0.6481
2025,7,JAX,74,0.6981,0.7432,0.2297,0.3958,10.875,0.7432
2025,7,KC,74,0.5345,0.7703,0.0,0.6286,5.9143,0.4865
2025,7,LA,58,0.4894,0.3793,0.0517,0.5455,11.0,0.569
2025,7,LAC,74,0.7778,0.7838,0.0946,0.4545,8.2,0.7838
2025,7,LV,28,0.6,0.7143,0.0,0.7778,2.8333,0.6786
2025,7,MIA,54,0.5789,0.7593,0.0185,0.4516,7.4194,0.6481
2025,7,MIN,65,0.66,0.5692,0.1385,0.4048,10.0238,0.6769
2025,7,NE,62,0.3542,0.4839,0.0161,0.4583,8.2083,0.4516
2025,7,NO,53,0.7073,0.8113,0.2264,0.5,12.0625,0.6792
2025,7,NYG,70,0.4423,0.7857,0.2571,0.5455,10.3636,0.5429
2025,7,NYJ,60,0.6364,0.75,0.0333,0.5,10.7941,0.6667
2025,7,PHI,48,0.5,0.6042,0.0833,0.4348,12.3478,0.5417
2025,7,PIT,54,0.5682,0.7222,0.1481,0.6471,9.0882,0.6296
2025,7,SEA,65,0.5102,0.4308,0.0462,0.4688,8.75,0.5231
2025,7,SF,64,0.34,0.3438,0.0,0.6538,5.0769,0.4219
2025,7,TB,66,0.7955,0.7576,0.0909,0.48,9.56,0.8333
2025,7,TEN,51,0.6923,0.7255,0.1569,0.5588,6.6471,0.7647
2025,7,WAS,64,0.4889,0.9844,0.7344,0.3438,9.875,0.5625
2025,8,ATL,48,0.6061,0.875,0.2292,0.4839,9.1935,0.6667
2025,8,BAL,59,0.3125,0.678,0.0339,0.5,9.5,0.4068
2025,8,BUF,60,0.3125,0.4167,0.0167,0.5217,6.3913,0.4167
2025,8,CAR,58,0.4468,0.7931,0.1379,0.375,8.125,0.5345
2025,8,CHI,62,0.5625,0.6129,0.0968,0.4737,8.1579,0.629
2025,8,CIN,58,0.5625,0.8103,0.0172,0.6471,6.3529,0.6034
2025,8,CLE,53,0.6579,0.7358,0.1509,0.5429,5.5714,0.6981
2025,8,DAL,68,0.5,0.6324,0.1176,0.5143,7.4857,0.5441
2025,8,DEN,56,0.4894,0.5536,0.1071,0.3793,10.3103,0.5357
2025,8,GB,63,0.5306,0.619,0.0317,0.6486,5.2432,0.6032
2025,8,HOU,74,0.4912,0.5676,0.0135,0.4872,8.6667,0.527
2025,8,IND,52,0.6429,0.6923,0.0192,0.4516,8.6129,0.6538
2025,8,KC,66,0.5185,0.8636,0.0152,0.5294,6.4412,0.5606
2025,8,LAC,70,0.3333,0.4571,0.0286,0.24,8.24,0.3857
2025,8,MIA,65,0.44,0.6308,0.0,0.6296,3.7407,0.4308
2025,8,MIN,47,0.6857,0.8298,0.1064,0.6129,3.4839,0.766
2025,8,NE,62,0.4231,0.4677,0.0,0.2917,11.5417,0.4839
2025,8,NO,70,0.78,0.9714,0.2143,0.5,8.38,0.7857
2025,8,NYG,49,0.5278,0.8367,0.2245,0.375,9.7917,0.5918
2025,8,NYJ,70,0.46,0.6143,0.0429,0.625,5.75,0.4714
2025,8,PHI,54,0.4,0.6111,0.0926,0.45,7.35,0.4444
2025,8,PIT,58,0.6087,0.6552,0.2069,0.6389,6.6667,0.6897
2025,8,SF,45,0.7353,0.7111,0.1111,0.5625,9.9688,0.7778
2025,8,TB,56,0.439,0.5,0.0,0.5,6.75,0.4821
2025,8,TEN,66,0.5625,0.697,0.0303,0.4324,8.8649,0.6212
2025,8,WAS,52,0.5526,0.9615,0.8077,0.6333,5.4,0.6154
2025,9,ARI,62,0.5208,0.4677,0.0,0.5161,8.0,0.5806
2025,9,ATL,54,0.6098,0.9815,0.0926,0.4054,8.2162,0.7037
2025,9,BAL,54,0.3902,0.5185,0.0185,0.5217,9.0,0.463
2025,9,BUF,63,0.4,0.4127,0.1111,0.6538,5.1154,0.4603
2025,9,CAR,54,0.381,0.5185,0.0185,0.5,6.25,0.3889
2025,9,CHI,77,0.4746,0.4935,0.039,0.4595,7.973,0.5195
2025,9,CIN,65,0.7736,0.8923,0.0462,0.5106,9.0851,0.7846
2025,9,DAL,64,0.6122,0.7344,0.2188,0.4211,10.5263,0.6719
2025,9,DEN,62,0.5652,0.7258,0.0645,0.4865,11.9189,0.629
2025,9,DET,62,0.619,0.6129,0.0968,0.5405,6.7297,0.6774
2025,9,GB,63,0.5319,0.6984,0.1746,0.6216,8.7838,0.6032
2025,9,HOU,72,0.5185,0.7361,0.0139,0.45,8.275,0.6111
2025,9,IND,73,0.7593,0.7123,0.1233,0.449,8.8163,0.7397
2025,9,JAX,76,0.4737,0.5658,0.0526,0.4848,8.7576,0.4474
2025,9,KC,58,0.5854,0.8966,0.0345,0.3235,14.5,0.6552
2025,9,LA,73,0.4483,0.3425,0.0548,0.5938,9.9688,0.4658
2025,9,LAC,64,0.4902,0.5781,0.0156,0.4483,10.7241,0.5469
2025,9,LV,61,0.6735,0.5738,0.082,0.6923,4.1538,0.6885
2025,9,MIA,61,0.6304,0.7541,0.0492,0.5385,6.9487,0.6721
2025,9,MIN,54,0.4651,0.5,0.0,0.44,10.32,0.5556
2025,9,NE,65,0.4717,0.6154,0.0154,0.4138,10.6897,0.5385
2025,9,NO,39,0.5714,0.8462,0.1795,0.4167,9.0833,0.641
2025,9,NYG,56,0.5909,0.9464,0.4286,0.6364,6.5758,0.625
2025,9,PIT,60,0.6087,0.65,0.1,0.7429,2.9429,0.6333
2025,9,SEA,48,0.4595,0.3958,0.0833,0.4167,8.625,0.5
2025,9,SF,63,0.3529,0.381,0.0952,0.625,6.6667,0.4127
2025,9,TEN,43,0.5758,0.6977,0.0465,0.4762,8.7143,0.5814
2025,9,WAS,62,0.3617,0.9194,0.6452,0.5455,5.6818,0.4194
2025,10,ARI,74,0.7115,0.8243,0.2162,0.5111,7.3111,0.6892
2025,10,ATL,60,0.451,0.9667,0.25,0.3214,10.2857,0.5333
2025,10,BAL,65,0.4286,0.5846,0.0154,0.7586,4.1034,0.4769
2025,10,BUF,66,0.6458,0.6212,0.1061,0.5,10.1,0.6667
2025,10,CAR,49,0.4872,0.6327,0.0408,0.6,6.48,0.551
2025,10,CHI,62,0.5319,0.5806,0.129,0.5556,9.5833,0.5806
2025,10,CLE,70,0.4717,0.6571,0.1429,0.5625,6.25,0.5429
2025,10,DEN,55,0.475,0.6182,0.0909,0.5357,8.8214,0.5455
2025,10,DET,68,0.4545,0.3529,0.0441,0.6286,4.9429,0.5147
2025,10,GB,64,0.5625,0.75,0.1875,0.5143,8.6857,0.5938
2025,10,HOU,71,0.6667,0.6197,0.0282,0.5111,9.4889,0.6901
2025,10,IND,75,0.431,0.64,0.0533,0.5769,8.0385,0.4533
2025,10,JAX,56,0.4318,0.5714,0.0179,0.5652,6.3478,0.5179
2025,10,LA,64,0.537,0.3281,0.0625,0.5278,9.2222,0.5781
2025,10,LAC,68,0.54,0.7059,0.0294,0.6061,4.7273,0.5588
2025,10,LV,58,0.4762,0.6552,0.0,0.7037,2.2593,0.569
2025,10,MIA,51,0.381,0.5882,0.0,0.5714,8.9524,0.4118
2025,10,MIN,62,0.619,0.6613,0.1129,0.5,10.9048,0.7097
2025,10,NE,58,0.5366,0.5517,0.0172,0.2903,11.2903,0.5517
2025,10,NO,64,0.4222,0.7031,0.1406,0.5714,9.1429,0.4688
2025,10,NYG,70,0.5294,0.6143,0.1714,0.5,8.0833,0.5714
2025,10,NYJ,45,0.2941,0.6667,0.0,0.8182,3.4545,0.3111
2025,10,PHI,60,0.381,0.65,0.0833,0.3846,8.8077,0.4333
2025,10,PIT,50,0.5789,0.76,0.1,0.4516,8.0968,0.68
2025,10,SEA,52,0.2326,0.25,0.0192,0.25,10.6667,0.25
2025,10,SF,61,0.6531,0.623,0.0656,0.5128,7.2308,0.6557
2025,10,TB,67,0.6538,0.6269,0.0149,0.4419,6.5581,0.6716
2025,10,WAS,52,0.3784,0.8846,0.7692,0.3636,13.0909,0.4808
2025,11,ARI,73,0.807,0.8219,0.2329,0.6491,6.807,0.7945
2025,11,ATL,58,0.4468,0.8448,0.3103,0.4,8.5,0.5172
2025,11,BAL,58,0.4545,0.7931,0.0345,0.52,7.96,0.5172
2025,11,BUF,54,0.55,0.6111,0.037,0.4667,11.5333,0.5741
2025,11,CAR,76,0.6154,0.7368,0.0263,0.5111,6.1778,0.6842
2025,11,CHI,72,0.4444,0.2917,0.0278,0.3438,12.0312,0.4722
2025,11,CIN,63,0.6087,0.8254,0.0794,0.625,7.125,0.6508
2025,11,CLE,54,0.4615,0.7407,0.0926,0.6538,6.3846,0.537
2025,11,DAL,61,0.5,0.4426,0.0656,0.6364,7.0303,0.5574
2025,11,DEN,60,0.6,0.6833,0.1667,0.6053,8.3947,0.6667
2025,11,DET,59,0.6585,0.661,0.0339,0.4865,6.6486,0.661
2025,11,GB,52,0.475,0.5,0.0385,0.3846,11.2692,0.5577
2025,11,HOU,68,0.6111,0.6471,0.0147,0.4146,8.5366,0.6618
2025,11,JAX,69,0.2963,0.4348,0.029,0.3182,8.8182,0.3188
2025,11,KC,62,0.7292,0.871,0.0161,0.6,7.2,0.7742
2025,11,LA,50,0.5278,0.42,0.08,0.6429,5.2143,0.56
2025,11,LAC,45,0.5667,0.8222,0.1111,0.6923,7.0769,0.6444
2025,11,LV,57,0.7857,0.7018,0.0526,0.619,5.2381,0.807
2025,11,MIA,54,0.3953,0.6852,0.0,0.5,6.75,0.4259
2025,11,MIN,54,0.5,0.6111,0.1296,0.4688,9.6562,0.5926
2025,11,NE,60,0.5106,0.5667,0.0,0.3235,11.7353,0.5833
2025,11,NYG,68,0.36,0.5882,0.3235,0.5172,7.5517,0.4559
2025,11,NYJ,56,0.4634,0.8393,0.125,0.4815,7.8148,0.5179
2025,11,PHI,67,0.4118,0.7313,0.0597,0.2857,12.9286,0.4328
2025,11,PIT,59,0.5111,0.6271,0.0678,0.6774,4.2903,0.5424
2025,11,SEA,79,0.5161,0.5063,0.2025,0.5,7.7727,0.557
2025,11,SF,50,0.4634,0.34,0.0,0.5769,7.2308,0.56
2025,11,TB,69,0.38,0.5942,0.0435,0.5,7.0,0.4493
2025,11,TEN,57,0.6429,0.7895,0.0526,0.5676,7.2432,0.7018
2025,11,WAS,64,0.4898,0.8438,0.6562,0.5667,7.3667,0.4844
2025,12,ARI,76,0.7193,0.7632,0.0526,0.56,7.62,0.7368
2025,12,ATL,54,0.4634,0.463,0.0556,0.5,7.6818,0.463
2025,12,BAL,56,0.3953,0.5357,0.0,0.4783,9.7391,0.4286
2025,12,BUF,65,0.6136,0.6615,0.0615,0.6471,4.7353,0.6462
2025,12,CAR,44,0.6944,0.7045,0.0455,0.5862,5.8966,0.7045
2025,12,CHI,59,0.5778,0.6102,0.0,0.4118,9.6765,0.5932
2025,12,CIN,61,0.5333,0.7049,0.0328,0.4865,9.0811,0.623
2025,12,CLE,47,0.3143,0.6596,0.0,0.5,9.75,0.4468
2025,12,DAL,65,0.4423,0.5077,0.0769,0.4857,10.4857,0.5538
2025,12,DET,63,0.6471,0.4921,0.0952,0.55,5.575,0.6825
2025,12,GB,63,0.3265,0.6667,0.0952,0.5455,8.0455,0.3651
2025,12,HOU,55,0.5,0.5273,0.0364,0.5667,7.7,0.5455
2025,12,IND,49,0.6111,0.6327,0.0,0.7097,4.4839,0.6327
2025,12,JAX,60,0.5208,0.5667,0.0333,0.3333,9.0333,0.55
2025,12,KC,92,0.5205,0.7935,0.0326,0.5217,7.6304,0.5543
2025,12,LA,55,0.6136,0.6,0.0909,0.4857,7.1143,0.6545
2025,12,LV,75,0.6909,0.7733,0.12,0.5909,8.2045,0.72
2025,12,MIN,43,0.5455,0.5581,0.1395,0.7368,5.2632,0.5581
2025,12,NE,66,0.5385,0.5152,0.0303,0.4,8.4857,0.5455
2025,12,NO,77,0.6607,0.7532,0.2727,0.4667,6.8667,0.6494
2025,12,NYG,76,0.4211,0.5526,0.1579,0.3514,11.0541,0.5
2025,12,NYJ,57,0.5,0.6842,0.1053,0.4286,10.2857,0.5439
2025,12,PHI,58,0.6522,0.9138,0.2069,0.5641,7.5128,0.6897
2025,12,PIT,69,0.4231,0.5072,0.1449,0.6129,6.3226,0.4783
2025,12,SEA,46,0.5263,0.5217,0.0435,0.4231,9.4231,0.587
2025,12,SF,68,0.4528,0.6176,0.0,0.6562,6.0938,0.4706
2025,12,TB,66,0.5227,0.7576,0.0455,0.5882,7.3824,0.5758
2025,12,TEN,68,0.6136,0.7353,0.1029,0.6429,4.6429,0.6765
2025,13,ARI,60,0.66,0.65,0.15,0.5641,7.4103,0.6833
2025,13,ATL,67,0.4545,0.5224,0.0299,0.6364,4.6667,0.5224
2025,13,BAL,56,0.6136,0.8214,0.0536,0.3438,11.9062,0.625
2025,13,BUF,74,0.2632,0.3649,0.0541,0.8261,1.6957,0.3108
2025,13,CAR,59,0.2857,0.5254,0.0339,0.55,7.75,0.3729
2025,13,CHI,84,0.4219,0.381,0.0119,0.4167,7.0,0.4524
2025,13,CIN,80,0.5254,0.875,0.0125,0.4783,8.2609,0.5875
2025,13,CLE,60,0.4444,0.6167,0.1167,0.5769,6.6538,0.4833
2025,13,DAL,63,0.5,0.5238,0.0317,0.4615,6.5897,0.6349
2025,13,DEN,69,0.6038,0.6232,0.1739,0.7556,4.2,0.6667
2025,13,DET,59,0.4773,0.5254,0.0847,0.5926,6.2963,0.5085
2025,13,GB,57,0.4524,0.614,0.0702,0.3667,11.4333,0.5263
2025,13,HOU,71,0.5,0.5211,0.0282,0.3714,11.2,0.5211
2025,13,IND,49,0.5263,0.7551,0.0408,0.4815,7.3333,0.5714
2025,13,JAX,55,0.5366,0.6909,0.0182,0.3704,10.0,0.5455
2025,13,KC,60,0.5909,0.8167,0.0333,0.6176,7.0588,0.6167
2025,13,LA,50,0.5556,0.36,0.0,0.5,7.8929,0.6
2025,13,LAC,65,0.234,0.9538,0.0154,0.381,9.4762,0.3692
2025,13,LV,45,0.5714,0.5333,0.0889,0.6522,3.2609,0.6222
2025,13,MIA,56,0.3488,0.6607,0.0,0.4091,10.5455,0.4643
2025,13,MIN,49,0.5946,0.6735,0.0612,0.5333,5.5667,0.6939
2025,13,NE,61,0.5319,0.5738,0.0328,0.4516,7.9032,0.5574
2025,13,NO,71,0.5714,0.7606,0.2817,0.5526,7.0789,0.6056
2025,13,NYG,54,0.4615,0.7407,0.2778,0.5417,7.6667,0.5
2025,13,NYJ,62,0.5111,0.6774,0.0161,0.303,9.6667,0.5645
2025,13,PHI,50,0.5789,0.88,0.26,0.375,10.4375,0.66
2025,13,PIT,42,0.625,1.0,0.119,0.625,5.0417,0.5952
2025,13,SEA,62,0.4348,0.5161,0.0968,0.7308,3.5769,0.4839
2025,13,SF,64,0.413,0.4688,0.0,0.3333,8.8667,0.5
2025,13,TB,54,0.5,0.6667,0.0185,0.5714,7.4286,0.5556
2025,13,TEN,55,0.6667,0.8364,0.2,0.5263,6.5263,0.7455
2025,13,WAS,85,0.5781,0.9176,0.8,0.36,11.96,0.6235
2025,14,ARI,61,0.7292,0.8197,0.2131,0.5,8.0,0.7705
2025,14,ATL,62,0.4043,0.6452,0.1452,0.5667,6.8,0.5
2025,14,BAL,75,0.3962,0.6933,0.04,0.5152,7.7879,0.4667
2025,14,BUF,58,0.4762,0.4138,0.069,0.6786,4.6071,0.5517
2025,14,CHI,69,0.5,0.3913,0.0145,0.4571,8.5143,0.5217
2025,14,CIN,57,0.6136,0.7895,0.0351,0.3611,9.1389,0.6667
2025,14,CLE,66,0.64,0.7273,0.1061,0.4524,7.2619,0.6818
2025,14,DAL,77,0.6271,0.6494,0.1299,0.3617,10.5745,0.6883
2025,14,DEN,72,0.5789,0.4583,0.0972,0.6842,5.6842,0.5694
2025,14,DET,55,0.5957,0.5091,0.0364,0.5294,6.7353,0.6364
2025,14,GB,51,0.4615,0.4706,0.098,0.4,12.44,0.5098
2025,14,HOU,65,0.4468,0.6,0.0154,0.4194,9.8387,0.5231
2025,14,IND,63,0.56,0.6984,0.127,0.5,6.4444,0.6032
2025,14,JAX,60,0.5,0.6167,0.05,0.3871,10.7419,0.5167
2025,14,KC,63,0.5,0.873,0.0,0.4688,9.0312,0.5397
2025,14,LA,64,0.4737,0.3594,0.0469,0.5161,7.1935,0.4844
2025,14,LAC,71,0.4038,0.6901,0.0704,0.4231,10.3846,0.4648
2025,14,LV,47,0.7143,0.8085,0.1915,0.4516,7.871,0.7447
2025,14,MIA,60,0.32,0.7167,0.0,0.619,4.5238,0.3667
2025,14,MIN,57,0.4222,0.4561,0.0,0.5652,6.6522,0.4737
2025,14,NO,53,0.3415,0.8113,0.1509,0.5,7.9,0.434
2025,14,NYJ,55,0.6512,0.8545,0.1636,0.5294,8.5,0.7273
2025,14,PHI,65,0.5577,0.7846,0.1385,0.375,10.2,0.6308
2025,14,PIT,50,0.6286,0.68,0.06,0.6471,6.2353,0.68
2025,14,SEA,57,0.5,0.5088,0.0351,0.4667,8.5,0.5614
2025,14,TB,69,0.449,0.7101,0.1014,0.5667,7.6667,0.4348
2025,14,TEN,64,0.3617,0.5938,0.0312,0.6786,6.2143,0.4531
2025,14,WAS,49,0.4722,0.7551,0.7551,0.5833,4.7917,0.5306
2025,15,ARI,64,0.6458,0.6406,0.1406,0.6,6.4,0.6719
2025,15,ATL,67,0.6038,0.7463,0.0896,0.4651,7.8372,0.6866
2025,15,BAL,37,0.3548,0.5676,0.0,0.3333,10.75,0.4324
2025,15,BUF,64,0.44,0.5312,0.0469,0.6071,9.6429,0.4688
2025,15,CAR,56,0.4872,0.6429,0.0536,0.5,8.5417,0.4464
2025,15,CHI,62,0.4043,0.5645,0.0161,0.4643,9.8214,0.5
2025,15,CIN,71,0.5686,0.9296,0.0282,0.5641,7.2821,0.5915
2025,15,CLE,56,0.6829,0.8036,0.1964,0.5714,8.6571,0.7143
2025,15,DAL,69,0.566,0.6232,0.1159,0.4737,7.2632,0.5797
2025,15,DEN,64,0.5,0.5469,0.1875,0.4706,9.5,0.5312
2025,15,DET,62,0.6304,0.629,0.0968,0.5122,8.4634,0.6774
2025,15,GB,63,0.6596,0.7143,0.0635,0.4,11.3,0.6825
2025,15,HOU,59,0.4583,0.678,0.0,0.6786,4.1786,0.4915
2025,15,IND,57,0.3636,0.9825,0.0,0.6667,5.2593,0.4912
2025,15,JAX,56,0.5625,0.5357,0.0714,0.4375,10.8125,0.5714
2025,15,KC,59,0.5778,0.7627,0.0169,0.5455,7.5758,0.6441
2025,15,LA,69,0.5439,0.3768,0.029,0.3684,12.3947,0.5797
2025,15,LAC,61,0.5106,0.623,0.0,0.6207,6.8276,0.541
2025,15,LV,42,0.6207,0.7143,0.1905,0.68,4.24,0.6905
2025,15,MIA,50,0.641,0.74,0.12,0.6429,6.1071,0.68
2025,15,MIN,51,0.4872,0.451,0.0196,0.4167,10.375,0.4706
2025,15,NE,51,0.425,0.6863,0.0392,0.4783,10.6087,0.5098
2025,15,NO,61,0.6042,0.7541,0.1639,0.375,8.4062,0.6066
2025,15,NYG,67,0.5294,0.806,0.209,0.4595,11.6216,0.5672
2025,15,NYJ,68,0.48,0.6471,0.1618,0.4848,6.4545,0.5294
2025,15,PHI,66,0.25,0.5455,0.1364,0.6111,7.3333,0.2879
2025,15,PIT,62,0.4348,0.6613,0.129,0.7407,3.4074,0.4839
2025,15,SEA,56,0.5814,0.5893,0.125,0.5588,7.0882,0.625
2025,15,SF,70,0.3889,0.4,0.0857,0.4667,8.3667,0.4571
2025,15,TB,62,0.6154,0.6613,0.0161,0.3235,10.5588,0.6452
2025,15,TEN,49,0.5789,0.7143,0.0816,0.6207,5.8966,0.5918
2025,15,WAS,55,0.3111,0.7636,0.6727,0.2632,13.6316,0.3818
2025,16,ARI,56,0.5116,0.5893,0.1071,0.5806,7.3548,0.5893
2025,16,ATL,70,0.4615,0.6143,0.0286,0.5143,5.6286,0.5143
2025,16,BAL,53,0.2857,0.5849,0.0377,0.3,8.55,0.3962
2025,16,BUF,48,0.3684,0.3125,0.125,0.6316,6.3684,0.4375
2025,16,CAR,53,0.6098,0.7925,0.0566,0.5,8.0,0.6415
2025,16,CHI,59,0.5652,0.661,0.1186,0.2941,9.7353,0.5763
2025,16,CIN,61,0.5208,0.6721,0.0,0.6667,5.6364,0.5738
2025,16,CLE,64,0.5102,0.6094,0.1094,0.8333,2.3,0.5156
2025,16,DAL,56,0.5455,0.6786,0.0357,0.4062,9.75,0.5893
2025,16,DEN,65,0.7083,0.8462,0.3231,0.4894,9.5532,0.7385
2025,16,DET,68,0.8039,0.7647,0.1618,0.5741,5.8333,0.8382
2025,16,GB,66,0.3269,0.5,0.0455,0.5417,6.9167,0.3939
2025,16,HOU,58,0.5116,0.7759,0.0517,0.4571,8.7143,0.6034
2025,16,IND,58,0.617,0.9138,0.1897,0.5278,9.3611,0.6552
2025,16,JAX,68,0.566,0.6618,0.0735,0.5278,7.8056,0.6029
2025,16,KC,43,0.6176,0.8605,0.093,0.625,4.6667,0.6512
2025,16,LA,88,0.4769,0.3636,0.0227,0.4694,9.7347,0.5568
2025,16,LAC,61,0.44,0.6721,0.0,0.5517,9.2759,0.4754
2025,16,LV,53,0.4103,0.5472,0.1509,0.5652,8.2609,0.4906
2025,16,MIA,58,0.5,0.6379,0.0517,0.4333,8.7,0.5172
2025,16,MIN,55,0.4286,0.4727,0.0909,0.5652,5.4348,0.4909
2025,16,NE,68,0.6538,0.6471,0.0147,0.4545,10.7727,0.7206
2025,16,NO,77,0.6724,0.7403,0.2727,0.551,8.6327,0.6753
2025,16,NYG,48,0.2571,0.6042,0.0833,0.5385,6.4615,0.375
2025,16,NYJ,63,0.6136,0.746,0.1587,0.6571,4.6571,0.6825
2025,16,PHI,65,0.4727,0.8308,0.3385,0.4667,6.7,0.4923
2025,16,PIT,70,0.5385,0.5857,0.1429,0.4878,8.1707,0.6143
2025,16,SEA,65,0.6078,0.5538,0.0923,0.5758,6.1212,0.6
2025,16,SF,63,0.5192,0.5873,0.0476,0.2941,9.5294,0.5556
2025,16,TB,60,0.3913,0.6833,0.0833,0.6923,5.8077,0.4667
2025,16,TEN,68,0.36,0.6029,0.0441,0.6429,5.8214,0.4412
2025,16,WAS,50,0.4474,0.66,0.58,0.5217,7.4348,0.5
2025,17,ARI,54,0.7297,0.8333,0.2963,0.5946,7.7027,0.7593
2025,17,ATL,53,0.275,0.566,0.0755,0.45,8.35,0.3774
2025,17,BAL,73,0.2542,0.4932,0.0274,0.8,4.0,0.2877
2025,17,BUF,72,0.5283,0.5833,0.0972,0.6,7.1714,0.5694
2025,17,CAR,49,0.4857,0.7959,0.0816,0.7917,1.7917,0.5306
2025,17,CHI,63,0.6327,0.6349,0.0159,0.561,7.3902,0.6508
2025,17,CIN,70,0.5273,0.7,0.0,0.5278,7.4444,0.5571
2025,17,CLE,49,0.4865,0.5918,0.0,0.4348,8.2174,0.5102
2025,17,DAL,87,0.4426,0.5747,0.0575,0.4324,10.3243,0.4943
2025,17,DEN,70,0.4902,0.6714,0.0714,0.6579,5.4211,0.5571
2025,17,DET,62,0.5,0.4677,0.0484,0.6207,6.8621,0.5484
2025,17,GB,42,0.7059,0.881,0.2857,0.36,11.64,0.6429
2025,17,HOU,59,0.3542,0.4407,0.0,0.5357,9.1429,0.4746
2025,17,IND,54,0.5476,0.7037,0.037,0.4839,9.2903,0.6111
2025,17,JAX,68,0.5577,0.6765,0.0588,0.3514,9.7838,0.5735
2025,17,KC,41,0.4286,0.6829,0.0488,0.619,5.3333,0.5366
2025,17,LA,61,0.6136,0.4754,0.0656,0.4211,13.5,0.6721
2025,17,LAC,59,0.5227,0.7458,0.0508,0.5,8.75,0.6271
2025,17,LV,54,0.5,0.6667,0.2407,0.6333,5.5667,0.6296
2025,17,MIA,51,0.4103,0.6667,0.0,0.5455,8.9091,0.4706
2025,17,MIN,51,0.3684,0.451,0.0196,0.6875,4.1875,0.451
2025,17,NE,60,0.3878,0.4833,0.0167,0.48,8.8,0.4333
2025,17,NO,51,0.5,0.6863,0.1569,0.4815,10.4444,0.5686
2025,17,NYG,60,0.4894,0.8833,0.2667,0.5667,5.2333,0.5333
2025,17,NYJ,62,0.5,0.6613,0.0645,0.6176,4.4118,0.5645
2025,17,PHI,53,0.45,0.6981,0.2075,0.4815,9.5556,0.5283
2025,17,PIT,63,0.5652,0.6825,0.1111,0.5135,6.2162,0.619
2025,17,SEA,65,0.4375,0.4,0.0769,0.5556,5.2222,0.4615
2025,17,SF,68,0.4386,0.5147,0.0294,0.5152,7.6667,0.5
2025,17,TB,63,0.75,0.746,0.1746,0.5455,8.1818,0.746
2025,17,TEN,72,0.5094,0.6667,0.0694,0.45,9.325,0.6111
2025,17,WAS,40,0.5588,0.675,0.15,0.4545,7.5909,0.6
2025,18,ARI,53,0.7,0.6604,0.0943,0.5938,7.8438,0.717
2025,18,ATL,58,0.5349,0.6897,0.069,0.4516,7.0968,0.6034
2025,18,BAL,47,0.3438,0.7234,0.0,0.3889,9.8333,0.4468
2025,18,BUF,70,0.3922,0.3286,0.0286,0.5517,6.8621,0.4429
2025,18,CAR,45,0.7143,0.7556,0.0667,0.4118,7.3824,0.7556
2025,18,CHI,54,0.6154,0.537,0.0,0.4242,7.8788,0.6481
2025,18,CIN,67,0.5926,0.791,0.0149,0.5641,4.9487,0.6269
2025,18,CLE,52,0.5135,0.6154,0.0577,0.5,8.9091,0.5385
2025,18,DAL,52,0.4048,0.6731,0.0385,0.5,7.4167,0.4615
2025,18,DEN,56,0.3902,0.6429,0.0893,0.7826,1.1304,0.4821
2025,18,DET,72,0.5763,0.5278,0.0278,0.5476,5.9524,0.625
2025,18,GB,49,0.2162,0.3673,0.0204,0.7273,2.4545,0.3061
2025,18,HOU,63,0.46,0.5873,0.0317,0.4194,6.2258,0.4921
2025,18,IND,64,0.4792,0.6562,0.0469,0.4857,9.0857,0.5625
2025,18,JAX,55,0.5745,0.6182,0.1273,0.4062,9.2188,0.6182
2025,18,KC,62,0.5682,0.6774,0.0161,0.6774,7.1935,0.629
2025,18,LA,68,0.5769,0.4118,0.0147,0.5385,9.2051,0.5882
2025,18,LAC,66,0.6341,0.8788,0.0303,0.4878,9.6341,0.6818
2025,18,LV,61,0.4186,0.5574,0.0656,0.5769,8.6923,0.4754
2025,18,MIA,54,0.45,0.5,0.0,0.56,6.4,0.537
2025,18,MIN,64,0.4717,0.4375,0.0625,0.4839,6.3871,0.5156
2025,18,NE,54,0.3721,0.5741,0.0,0.5455,11.6818,0.4074
2025,18,NO,65,0.5435,0.8154,0.2769,0.4857,8.0286,0.6
2025,18,NYG,70,0.4727,0.7714,0.1286,0.5455,5.5758,0.5429
2025,18,NYJ,47,0.4333,0.6383,0.0426,0.7727,3.3182,0.5106
2025,18,PHI,62,0.6222,0.7742,0.2419,0.4,9.575,0.6935
2025,18,PIT,73,0.6545,0.6712,0.1644,0.4681,6.9149,0.6712
2025,18,SEA,63,0.42,0.3333,0.0159,0.6538,4.8462,0.4444
2025,18,SF,42,0.6452,0.8095,0.0,0.7037,4.7778,0.7143
2025,18,TB,66,0.2941,0.4545,0.0303,0.5455,6.4545,0.3636
2025,18,TEN,53,0.5143,0.7547,0.0943,0.6364,3.8485,0.6415
2025,18,WAS,60,0.2708,0.6167,0.0167,0.5714,5.8571,0.35
2025,19,BUF,60,0.6136,0.6,0.0167,0.5429,7.9143,0.6
2025,19,CAR,63,0.5833,0.6667,0.0159,0.475,9.125,0.6667
2025,19,CHI,78,0.5962,0.6667,0.0641,0.3333,11.625,0.641
2025,19,GB,70,0.5962,0.7143,0.0286,0.3913,10.1957,0.6714
2025,19,HOU,65,0.46,0.4769,0.0154,0.5312,8.875,0.5385
2025,19,JAX,54,0.5909,0.6852,0.0926,0.4667,9.7333,0.5741
2025,19,LA,71,0.5536,0.5493,0.0704,0.3571,11.8571,0.6056
2025,19,LAC,59,0.587,0.7458,0.1864,0.4839,7.7742,0.6271
2025,19,NE,61,0.52,0.5738,0.0,0.4333,8.8333,0.5738
2025,19,PHI,72,0.451,0.7222,0.2083,0.4286,8.9429,0.5
2025,19,PIT,56,0.5641,0.7143,0.1964,0.5294,8.5294,0.6786
2025,19,SF,55,0.6222,0.5455,0.1273,0.4375,8.3125,0.6
2025,20,BUF,78,0.5484,0.5128,0.0256,0.5385,9.2308,0.5385
2025,20,CHI,81,0.5357,0.4938,0.037,0.5,9.1429,0.5185
2025,20,DEN,66,0.7143,0.803,0.2121,0.5652,6.6304,0.697
2025,20,HOU,72,0.6792,0.6944,0.0556,0.4043,8.8723,0.6944
2025,20,LA,76,0.5424,0.4605,0.1184,0.5,10.0,0.6053
2025,20,NE,62,0.3696,0.5323,0.0,0.4074,9.8889,0.5161
2025,20,SEA,52,0.3571,0.3462,0.0577,0.4706,9.0588,0.3654
2025,20,SF,60,0.5333,0.6333,0.05,0.5806,8.0,0.55
2025,21,DEN,58,0.5116,0.6724,0.069,0.6774,5.871,0.5862
2025,21,LA,57,0.5745,0.4912,0.0175,0.4118,12.6471,0.614
2025,21,NE,61,0.3721,0.5082,0.0164,0.4762,12.0,0.4262
2025,21,SEA,64,0.5686,0.5469,0.0312,0.4444,8.2222,0.6094
2025,22,NE,67,0.7059,0.791,0.2388,0.4186,10.6977,0.7463
2025,22,SEA,71,0.4909,0.507,0.0563,0.5,9.5263,0.5493
2026,1,ARI,69,0.5179,0.5507,0.058,0.5135,7.6486,0.5507
2026,1,ATL,57,0.4,0.614,0.0351,0.7273,3.5,0.4561
2026,1,BAL,60,0.3725,0.45,0.0167,0.2917,11.25,0.4333
2026,1,BUF,51,0.575,0.4902,0.0196,0.4138,13.2069,0.6275
2026,1,CAR,62,0.5962,0.6935,0.0806,0.4737,9.6316,0.6452
2026,1,CHI,70,0.4,0.4714,0.0571,0.4828,11.0,0.4429
2026,1,CIN,62,0.5417,0.7097,0.0484,0.6286,6.4571,0.5806
2026,1,CLE,49,0.5385,0.6735,0.0408,0.5909,10.3636,0.551
2026,1,DAL,52,0.6098,0.7692,0.0962,0.4412,9.0882,0.6538
2026,1,DEN,45,0.6562,0.8,0.0444,0.7143,3.2857,0.7111
2026,1,DET,72,0.4915,0.3611,0.0139,0.641,5.3077,0.5556
2026,1,GB,67,0.6415,0.597,0.1493,0.2857,11.1667,0.6866
2026,1,HOU,73,0.5818,0.6849,0.0822,0.4211,8.4737,0.5616
2026,1,IND,53,0.5952,0.6415,0.1321,0.5806,6.4839,0.6226
2026,1,JAX,53,0.4773,0.3962,0.0755,0.3478,10.5217,0.4528
2026,1,KC,64,0.413,0.5938,0.0,0.7037,4.9259,0.4531
2026,1,LA,56,0.4545,0.4821,0.125,0.5,9.1071,0.5
2026,1,LAC,51,0.525,0.7647,0.0196,0.3704,10.1111,0.5882
2026,1,LV,64,0.4314,0.375,0.0156,0.5667,7.5333,0.4688
2026,1,MIA,50,0.5897,0.76,0.02,0.2963,11.4444,0.64
2026,1,MIN,59,0.3636,0.4576,0.0678,0.5417,7.3333,0.4746
2026,1,NE,67,0.4694,0.5522,0.0,0.5758,6.697,0.5373
2026,1,NO,85,0.697,0.7059,0.2235,0.5455,8.7636,0.7176
2026,1,NYG,65,0.4364,0.5077,0.0154,0.3448,8.4483,0.4769
2026,1,NYJ,59,0.383,0.4407,0.0169,0.625,7.0,0.4068
2026,1,PHI,51,0.4595,0.6863,0.1569,0.44,9.0,0.549
2026,1,PIT,61,0.617,0.5738,0.0656,0.4878,9.9268,0.7049
2026,1,SEA,47,0.4857,0.5106,0.0213,0.5417,6.4167,0.5532
2026,1,SF,64,0.4615,0.4219,0.0,0.7059,4.3824,0.5312
2026,1,TB,51,0.561,0.549,0.098,0.5714,5.1071,0.6275
2026,1,TEN,49,0.6757,0.8571,0.2245,0.5625,5.9375,0.7143
2026,1,WAS,68,0.48,0.7206,0.1176,0.4412,9.3235,0.5294
2026,2,ARI,47,0.5588,0.5957,0.0426,0.7143,3.8929,0.6383
2026,2,ATL,67,0.4615,0.5373,0.0597,0.625,4.9688,0.5224
2026,2,BAL,55,0.5435,0.6364,0.0909,0.3,10.7,0.6
2026,2,BUF,66,0.4909,0.3636,0.0303,0.5161,7.5806,0.5
2026,2,CAR,59,0.6047,0.6102,0.0508,0.4722,8.6389,0.6441
2026,2,CHI,68,0.52,0.4853,0.0588,0.5882,5.6176,0.5588
2026,2,CIN,58,0.5349,0.6207,0.0172,0.4839,5.5806,0.6207
2026,2,CLE,53,0.6154,0.5849,0.0377,0.6667,3.6,0.6038
2026,2,DAL,54,0.5581,0.6296,0.0,0.4839,7.871,0.6111
2026,2,DEN,56,0.5,0.5714,0.0893,0.5161,8.6452,0.5536
2026,2,DET,61,0.6327,0.5738,0.0492,0.4474,8.8684,0.6885
2026,2,GB,50,0.55,0.64,0.06,0.5517,7.4483,0.64
2026,2,HOU,76,0.7091,0.8026,0.1316,0.5,8.8333,0.7632
2026,2,IND,63,0.449,0.4286,0.0,0.7419,5.2258,0.4921
2026,2,JAX,55,0.5349,0.7091,0.1091,0.3448,10.4138,0.5636
2026,2,KC,78,0.5873,0.7051,0.0128,0.5532,5.5745,0.6282
2026,2,LA,56,0.5,0.4464,0.0179,0.4667,11.0333,0.5536
2026,2,LAC,60,0.4043,0.7,0.0667,0.3704,9.963,0.5
2026,2,LV,57,0.5,0.5439,0.0351,0.3793,9.7586,0.5439
2026,2,MIA,55,0.4103,0.4364,0.0,0.6522,7.3478,0.4909
2026,2,MIN,50,0.3243,0.6,0.0,0.55,7.85,0.46
2026,2,NE,51,0.4615,0.451,0.0,0.5,8.9091,0.4902
2026,2,NO,63,0.5556,0.619,0.0635,0.4706,6.2647,0.5873
2026,2,NYG,55,0.5641,0.6545,0.1273,0.5312,10.6562,0.6182
2026,2,NYJ,70,0.58,0.7,0.0571,0.625,6.325,0.6286
2026,2,PHI,72,0.4717,0.6806,0.1667,0.5676,7.8919,0.5556
2026,2,PIT,67,0.6296,0.7164,0.1343,0.625,5.375,0.6567
2026,2,SEA,67,0.3333,0.3731,0.0,0.3077,8.7308,0.403
2026,2,SF,47,0.4,0.3617,0.0213,0.4545,8.1818,0.4681
2026,2,TB,62,0.5778,0.6129,0.0968,0.4706,12.3824,0.5968
2026,2,TEN,51,0.4324,0.4118,0.0588,0.45,7.0,0.4314
2026,2,WAS,66,0.5,0.6515,0.0758,0.4857,10.2571,0.5303
2026,3,ARI,80,0.6333,0.5125,0.1375,0.6275,6.2549,0.6625
2026,3,ATL,65,0.3148,0.4462,0.0,0.56,5.96,0.4
2026,3,BAL,58,0.2979,0.5172,0.0172,0.55,9.05,0.3448
2026,3,BUF,62,0.3958,0.4677,0.0645,0.4231,10.2308,0.4839
2026,3,CAR,74,0.6364,0.6892,0.027,0.383,9.4255,0.6757
2026,3,CHI,67,0.4706,0.4179,0.0,0.5294,6.1471,0.5075
2026,3,CIN,56,0.6429,0.7321,0.0714,0.4595,7.0,0.6786
2026,3,CLE,62,0.5349,0.7581,0.0,0.6452,5.5484,0.5484
2026,3,DAL,72,0.5,0.5556,0.0556,0.475,6.8,0.5833
2026,3,DEN,62,0.5532,0.6452,0.0323,0.6176,5.4412,0.5968
2026,3,DET,62,0.52,0.4516,0.0323,0.625,6.0312,0.5484
2026,3,GB,62,0.8182,0.7903,0.1129,0.4906,7.3962,0.871
2026,3,HOU,51,0.5641,0.4902,0.0,0.4074,12.4074,0.5882
2026,3,IND,70,0.566,0.6143,0.0143,0.4722,7.8056,0.5714
2026,3,JAX,59,0.4894,0.4746,0.0339,0.4643,6.4286,0.4915
2026,3,KC,49,0.4878,0.4286,0.0,0.5833,6.7083,0.4898
2026,3,LA,80,0.6935,0.6125,0.1,0.434,9.6415,0.7125
2026,3,LAC,64,0.4792,0.625,0.0469,0.4118,8.5882,0.5625
2026,3,LV,63,0.5102,0.5238,0.0476,0.3636,8.2727,0.6032
2026,3,MIA,67,0.5,0.6567,0.0299,0.5,10.9167,0.5373
2026,3,MIN,55,0.4737,0.5636,0.0909,0.5517,8.6897,0.5818
2026,3,NE,60,0.5,0.5167,0.0333,0.3226,11.6774,0.5667
2026,3,NO,72,0.5714,0.7222,0.1806,0.5952,7.4048,0.6111
2026,3,NYG,57,0.3182,0.4737,0.0,0.6364,6.1818,0.4386
2026,3,NYJ,63,0.6458,0.6508,0.0794,0.5946,8.7027,0.6984
2026,3,PHI,47,0.5278,0.6809,0.1702,0.6154,5.9615,0.5957
2026,3,PIT,56,0.5909,0.6607,0.1071,0.3333,11.9091,0.625
2026,3,SEA,64,0.6852,0.5312,0.0312,0.5217,6.3043,0.7188
2026,3,SF,49,0.4878,0.4694,0.0,0.2593,10.8889,0.551
2026,3,TB,64,0.5778,0.8125,0.1094,0.4324,10.6486,0.6719
2026,3,TEN,57,0.5349,0.7544,0.1404,0.6111,6.3333,0.6316
2026,3,WAS,63,0.4694,0.6984,0.0476,0.5161,8.0,0.5238
