season,week,season_type,player_id,team,player_name,player_display_name,position,position_group,headshot_url,fg_made,fg_att,fg_missed,fg_blocked,fg_long,fg_pct,fg_made_0_19,fg_made_20_29,fg_made_30_39,fg_made_40_49,fg_made_50_59,fg_made_60_,fg_missed_0_19,fg_missed_20_29,fg_missed_30_39,fg_missed_40_49,fg_missed_50_59,fg_missed_60_,fg_made_list,fg_missed_list,fg_blocked_list,fg_made_distance,fg_missed_distance,fg_blocked_distance,pat_made,pat_att,pat_missed,pat_blocked,pat_pct,gwfg_att,gwfg_distance,gwfg_made,gwfg_missed,gwfg_blocked
2023,1,REG,00-0023853,ARI,M.Prater,Matt Prater,K,SPEC,"https://static.www.nfl.com/image/upload/f_auto,q_auto/league/mwlrdghrm5chsum2kzic",3,3,0,0,54,1,0,1,1,0,1,0,0,0,0,0,0,0,28;54;37,,,119,0,0,1,1,0,0,1,0,,,,
2023,2,REG,00-0023853,ARI,M.Prater,Matt Prater,K,SPEC,"https://static.www.nfl.com/image/upload/f_auto,q_auto/league/mwlrdghrm5chsum2kzic",2,3,1,0,44,0.667,0,0,1,1,0,0,0,0,0,0,1,0,37;44,55,,81,55,0,2,2,0,0,1,0,,,,
2023,3,REG,00-0023853,ARI,M.Prater,Matt Prater,K,SPEC,"https://static.www.nfl.com/image/upload/f_auto,q_auto/league/mwlrdghrm5chsum2kzic",3,3,0,0,62,1,0,0,1,1,0,1,0,0,0,0,0,0,39;43;62,,,144,0,0,1,1,0,0,1,0,,,,
2023,4,REG,00-0023853,ARI,M.Prater,Matt Prater,K,SPEC,"https://static.www.nfl.com/image/upload/f_auto,q_auto/league/mwlrdghrm5chsum2kzic",1,1,0,0,38,1,0,0,1,0,0,0,0,0,0,0,0,0,38,,,38,0,0,1,1,0,0,1,0,,,,
2023,5,REG,00-0023853,ARI,M.Prater,Matt Prater,K,SPEC,"https://static.www.nfl.com/image/upload/f_auto,q_auto/league/mwlrdghrm5chsum2kzic",,0,,,,,,,,,,,,,,,,,,,,,,,2,3,1,0,0.667,0,,,,
2023,6,REG,00-0023853,ARI,M.Prater,Matt Prater,K,SPEC,"https://static.www.nfl.com/image/upload/f_auto,q_auto/league/mwlrdghrm5chsum2kzic",3,3,0,0,55,1,0,1,1,0,1,0,0,0,0,0,0,0,55;32;27,,,114,0,0,,0,,,,0,,,,
2023,7,REG,00-0023853,ARI,M.Prater,Matt Prater,K,SPEC,"https://static.www.nfl.com/image/upload/f_auto,q_auto/league/mwlrdghrm5chsum2kzic",1,2,1,0,44,0.5,0,0,0,1,0,0,0,0,1,0,0,0,44,34,,44,34,0,1,1,0,0,1,0,,,,
2023,8,REG,00-0023853,ARI,M.Prater,Matt Prater,K,SPEC,"https://static.www.nfl.com/image/upload/f_auto,q_auto/league/mwlrdghrm5chsum2kzic",1,1,0,0,47,1,0,0,0,1,0,0,0,0,0,0,0,0,47,,,47,0,0,1,1,0,0,1,0,,,,
2023,10,REG,00-0023853,ARI,M.Prater,Matt Prater,K,SPEC,"https://static.www.nfl.com/image/upload/f_auto,q_auto/league/mwlrdghrm5chsum2kzic",4,4,0,0,56,1,0,1,0,1,2,0,0,0,0,0,0,0,51;46;56;23,,,176,0,0,1,1,0,0,1,1,23,1,0,0
2023,11,REG,00-0023853,ARI,M.Prater,Matt Prater,K,SPEC,"https://static.www.nfl.com/image/upload/f_auto,q_auto/league/mwlrdghrm5chsum2kzic",1,1,0,0,57,1,0,0,0,0,1,0,0,0,0,0,0,0,57,,,57,0,0,1,1,0,0,1,1,57,1,0,0
2023,12,REG,00-0023853,ARI,M.Prater,Matt Prater,K,SPEC,"https://static.www.nfl.com/image/upload/f_auto,q_auto/league/mwlrdghrm5chsum2kzic",0,1,1,0,,0,0,0,0,0,0,0,0,0,0,0,1,0,,56,,0,56,0,,0,,,,0,,,,
2023,13,REG,00-0023853,ARI,M.Prater,Matt Prater,K,SPEC,"https://static.www.nfl.com/image/upload/f_auto,q_auto/league/mwlrdghrm5chsum2kzic",1,1,0,0,51,1,0,0,0,0,1,0,0,0,0,0,0,0,51,,,51,0,0,3,3,0,0,1,0,,,,
2023,15,REG,00-0023853,ARI,M.Prater,Matt Prater,K,SPEC,"https://static.www.nfl.com/image/upload/f_auto,q_auto/league/mwlrdghrm5chsum2kzic",3,3,0,0,58,1,0,1,0,1,1,0,0,0,0,0,0,0,58;43;28,,,129,0,0,2,2,0,0,1,0,,,,
2023,16,REG,00-0023853,ARI,M.Prater,Matt Prater,K,SPEC,"https://static.www.nfl.com/image/upload/f_auto,q_auto/league/mwlrdghrm5chsum2kzic",1,1,0,0,55,1,0,0,0,0,1,0,0,0,0,0,0,0,55,,,55,0,0,1,1,0,0,1,0,,,,
2023,17,REG,00-0023853,ARI,M.Prater,Matt Prater,K,SPEC,"https://static.www.nfl.com/image/upload/f_auto,q_auto/league/mwlrdghrm5chsum2kzic",2,2,0,0,34,1,0,1,1,0,0,0,0,0,0,0,0,0,28;34,,,62,0,0,3,3,0,0,1,0,,,,
2023,18,REG,00-0023853,ARI,M.Prater,Matt Prater,K,SPEC,"https://static.www.nfl.com/image/upload/f_auto,q_auto/league/mwlrdghrm5chsum2kzic",2,4,2,0,34,0.5,0,1,1,0,0,0,0,0,0,1,1,0,23;34,43;51,,57,94,0,2,2,0,0,1,1,51,0,1,0
2023,1,REG,00-0025565,TEN,N.Folk,Nick Folk,K,SPEC,"https://static.www.nfl.com/image/upload/f_auto,q_auto/league/tvducq2x22jbvgaob4o1",5,5,0,0,50,1,0,2,1,1,1,0,0,0,0,0,0,0,50;27;31;45;29,,,182,0,0,,0,,,,0,,,,
2023,2,REG,00-0025565,TEN,N.Folk,Nick Folk,K,SPEC,"https://static.www.nfl.com/image/upload/f_auto,q_auto/league/tvducq2x22jbvgaob4o1",2,2,0,0,41,1,0,0,1,1,0,0,0,0,0,0,0,0,33;41,,,74,0,0,3,3,0,0,1,1,41,1,0,0
2023,3,REG,00-0025565,TEN,N.Folk,Nick Folk,K,SPEC,"https://static.www.nfl.com/image/upload/f_auto,q_auto/league/tvducq2x22jbvgaob4o1",1,1,0,0,44,1,0,0,0,1,0,0,0,0,0,0,0,0,44,,,44,0,0,,0,,,,0,,,,
2023,4,REG,00-0025565,TEN,N.Folk,Nick Folk,K,SPEC,"https://static.www.nfl.com/image/upload/f_auto,q_auto/league/tvducq2x22jbvgaob4o1",2,2,0,0,53,1,0,0,1,0,1,0,0,0,0,0,0,0,53;35,,,88,0,0,3,3,0,0,1,0,,,,
2023,5,REG,00-0025565,TEN,N.Folk,Nick Folk,K,SPEC,"https://static.www.nfl.com/image/upload/f_auto,q_auto/league/tvducq2x22jbvgaob4o1",3,3,0,0,53,1,0,1,1,0,1,0,0,0,0,0,0,0,27;53;34,,,114,0,0,1,1,0,0,1,0,,,,
2023,6,REG,00-0025565,TEN,N.Folk,Nick Folk,K,SPEC,"https://static.www.nfl.com/image/upload/f_auto,q_auto/league/tvducq2x22jbvgaob4o1",3,3,0,0,38,1,0,2,1,0,0,0,0,0,0,0,0,0,26;27;38,,,91,0,0,1,1,0,0,1,0,,,,
2023,8,REG,00-0025565,TEN,N.Folk,Nick Folk,K,SPEC,"https://static.www.nfl.com/image/upload/f_auto,q_auto/league/tvducq2x22jbvgaob4o1",,0,,,,,,,,,,,,,,,,,,,,,,,4,4,0,0,1,0,,,,
2023,9,REG,00-0025565,TEN,N.Folk,Nick Folk,K,SPEC,"https://static.www.nfl.com/image/upload/f_auto,q_auto/league/tvducq2x22jbvgaob4o1",3,3,0,0,48,1,0,0,2,1,0,0,0,0,0,0,0,0,36;36;48,,,120,0,0,1,1,0,0,1,1,48,1,0,0
2023,10,REG,00-0025565,TEN,N.Folk,Nick Folk,K,SPEC,"https://static.www.nfl.com/image/upload/f_auto,q_auto/league/tvducq2x22jbvgaob4o1",2,3,1,0,38,0.667,0,1,1,0,0,0,0,0,0,0,1,0,38;27,51,,65,51,0,,0,,,,0,,,,
2023,11,REG,00-0025565,TEN,N.Folk,Nick Folk,K,SPEC,"https://static.www.nfl.com/image/upload/f_auto,q_auto/league/tvducq2x22jbvgaob4o1",,0,,,,,,,,,,,,,,,,,,,,,,,2,2,0,0,1,0,,,,
2023,12,REG,00-0025565,TEN,N.Folk,Nick Folk,K,SPEC,"https://static.www.nfl.com/image/upload/f_auto,q_auto/league/tvducq2x22jbvgaob4o1",1,1,0,0,53,1,0,0,0,0,1,0,0,0,0,0,0,0,53,,,53,0,0,2,2,0,0,1,0,,,,
2023,13,REG,00-0025565,TEN,N.Folk,Nick Folk,K,SPEC,"https://static.www.nfl.com/image/upload/f_auto,q_auto/league/tvducq2x22jbvgaob4o1",2,2,0,0,46,1,0,1,0,1,0,0,0,0,0,0,0,0,24;46,,,70,0,0,2,3,1,0,0.667,1,46,1,0,0
2023,14,REG,00-0025565,TEN,N.Folk,Nick Folk,K,SPEC,"https://static.www.nfl.com/image/upload/f_auto,q_auto/league/tvducq2x22jbvgaob4o1",2,2,0,0,28,1,0,2,0,0,0,0,0,0,0,0,0,0,28;23,,,51,0,0,2,2,0,0,1,0,,,,
2023,15,REG,00-0025565,TEN,N.Folk,Nick Folk,K,SPEC,"https://static.www.nfl.com/image/upload/f_auto,q_auto/league/tvducq2x22jbvgaob4o1",1,1,0,0,45,1,0,0,0,1,0,0,0,0,0,0,0,0,45,,,45,0,0,1,2,1,0,0.5,0,,,,
2023,16,REG,00-0025565,TEN,N.Folk,Nick Folk,K,SPEC,"https://static.www.nfl.com/image/upload/f_auto,q_auto/league/tvducq2x22jbvgaob4o1",1,1,0,0,33,1,0,0,1,0,0,0,0,0,0,0,0,0,33,,,33,0,0,2,2,0,0,1,0,,,,
2023,17,REG,00-0025565,TEN,N.Folk,Nick Folk,K,SPEC,"https://static.www.nfl.com/image/upload/f_auto,q_auto/league/tvducq2x22jbvgaob4o1",1,1,0,0,53,1,0,0,0,0,1,0,0,0,0,0,0,0,53,,,53,0,0,,0,,,,0,,,,
2023,18,REG,00-0025565,TEN,N.Folk,Nick Folk,K,SPEC,"https://static.www.nfl.com/image/upload/f_auto,q_auto/league/tvducq2x22jbvgaob4o1",,0,,,,,,,,,,,,,,,,,,,,,,,4,4,0,0,1,0,,,,
2023,16,REG,00-0025580,NYG,M.Crosby,Mason Crosby,K,SPEC,"https://static.www.nfl.com/image/private/f_auto,q_auto/league/usbwgcjsdcugjafgjzvt",1,1,0,0,52,1,0,0,0,0,1,0,0,0,0,0,0,0,52,,,52,0,0,2,2,0,0,1,0,,,,
2023,17,REG,00-0025580,NYG,M.Crosby,Mason Crosby,K,SPEC,"https://static.www.nfl.com/image/private/f_auto,q_auto/league/usbwgcjsdcugjafgjzvt",2,3,1,0,32,0.667,0,0,2,0,0,0,0,0,0,0,1,0,31;32,54,,63,54,0,1,2,1,0,0.5,1,54,0,1,0
2023,18,REG,00-0025580,NYG,M.Crosby,Mason Crosby,K,SPEC,"https://static.www.nfl.com/image/private/f_auto,q_auto/league/usbwgcjsdcugjafgjzvt",2,3,1,0,24,0.667,0,2,0,0,0,0,0,0,0,1,0,0,24;21,45,,45,45,0,3,3,0,0,1,0,,,,
2023,1,REG,00-0026858,NYG,G.Gano,Graham Gano,K,SPEC,"https://static.www.nfl.com/image/upload/f_auto,q_auto/league/sarpl2zavybbmmowpkwz",0,2,1,1,,0,0,0,0,0,0,0,0,0,1,0,0,0,,36,45,0,36,45,,0,,,,0,,,,
2023,2,REG,00-0026858,NYG,G.Gano,Graham Gano,K,SPEC,"https://static.www.nfl.com/image/upload/f_auto,q_auto/league/sarpl2zavybbmmowpkwz",1,1,0,0,34,1,0,0,1,0,0,0,0,0,0,0,0,0,34,,,34,0,0,4,4,0,0,1,1,34,1,0,0
2023,3,REG,00-0026858,NYG,G.Gano,Graham Gano,K,SPEC,"https://static.www.nfl.com/image/upload/f_auto,q_auto/league/sarpl2zavybbmmowpkwz",2,2,0,0,57,1,0,0,0,1,1,0,0,0,0,0,0,0,44;57,,,101,0,0,,0,,,,0,,,,
2023,4,REG,00-0026858,NYG,G.Gano,Graham Gano,K,SPEC,"https://static.www.nfl.com/image/upload/f_auto,q_auto/league/sarpl2zavybbmmowpkwz",1,1,0,0,55,1,0,0,0,0,1,0,0,0,0,0,0,0,55,,,55,0,0,,0,,,,0,,,,
2023,5,REG,00-0026858,NYG,G.Gano,Graham Gano,K,SPEC,"https://static.www.nfl.com/image/upload/f_auto,q_auto/league/sarpl2zavybbmmowpkwz",3,4,1,0,51,0.75,0,0,1,1,1,0,0,0,0,0,1,0,49;37;51,55,,137,55,0,1,1,0,0,1,0,,,,
2023,6,REG,00-0026858,NYG,G.Gano,Graham Gano,K,SPEC,"https://static.www.nfl.com/image/upload/f_auto,q_auto/league/sarpl2zavybbmmowpkwz",3,3,0,0,43,1,0,2,0,1,0,0,0,0,0,0,0,0,29;43;29,,,101,0,0,,0,,,,1,29,1,0,0
2023,7,REG,00-0026858,NYG,G.Gano,Graham Gano,K,SPEC,"https://static.www.nfl.com/image/upload/f_auto,q_auto/league/sarpl2zavybbmmowpkwz",0,1,1,0,,0,0,0,0,0,0,0,0,0,0,1,0,0,,42,,0,42,0,2,2,0,0,1,0,,,,
2023,8,REG,00-0026858,NYG,G.Gano,Graham Gano,K,SPEC,"https://static.www.nfl.com/image/upload/f_auto,q_auto/league/sarpl2zavybbmmowpkwz",1,3,2,0,31,0.333,0,0,1,0,0,0,0,0,1,1,0,0,31,47;35,,31,82,0,1,1,0,0,1,0,,,,
2023,10,REG,00-0029421,NYG,R.Bullock,Randy Bullock,K,SPEC,"https://static.www.nfl.com/image/private/f_auto,q_auto/league/pim6xbwsdnk5xwhlwde8",1,1,0,0,40,1,0,0,0,1,0,0,0,0,0,0,0,0,40,,,40,0,0,2,2,0,0,1,0,,,,
2023,11,REG,00-0029421,NYG,R.Bullock,Randy Bullock,K,SPEC,"https://static.www.nfl.com/image/private/f_auto,q_auto/league/pim6xbwsdnk5xwhlwde8",1,1,0,0,36,1,0,0,1,0,0,0,0,0,0,0,0,0,36,,,36,0,0,4,4,0,0,1,0,,,,
2023,12,REG,00-0029421,NYG,R.Bullock,Randy Bullock,K,SPEC,"https://static.www.nfl.com/image/private/f_auto,q_auto/league/pim6xbwsdnk5xwhlwde8",1,1,0,0,42,1,0,0,0,1,0,0,0,0,0,0,0,0,42,,,42,0,0,1,1,0,0,1,1,42,1,0,0
2023,14,REG,00-0029421,NYG,R.Bullock,Randy Bullock,K,SPEC,"https://static.www.nfl.com/image/private/f_auto,q_auto/league/pim6xbwsdnk5xwhlwde8",1,2,1,0,37,0.5,0,0,1,0,0,0,0,0,0,1,0,0,37,48,,37,48,0,3,3,0,0,1,1,37,1,0,0
2023,15,REG,00-0029421,NYG,R.Bullock,Randy Bullock,K,SPEC,"https://static.www.nfl.com/image/private/f_auto,q_auto/league/pim6xbwsdnk5xwhlwde8",1,1,0,0,56,1,0,0,0,0,1,0,0,0,0,0,0,0,56,,,56,0,0,,0,,,,0,,,,
2023,1,REG,00-0029597,BAL,J.Tucker,Justin Tucker,K,SPEC,"https://static.www.nfl.com/image/upload/f_auto,q_auto/league/thawkkxcbyuddwuidgb0",1,1,0,0,39,1,0,0,1,0,0,0,0,0,0,0,0,0,39,,,39,0,0,2,2,0,0,1,0,,,,
2023,2,REG,00-0029597,BAL,J.Tucker,Justin Tucker,K,SPEC,"https://static.www.nfl.com/image/upload/f_auto,q_auto/league/thawkkxcbyuddwuidgb0",2,3,1,0,44,0.667,0,0,0,2,0,0,0,0,0,0,1,0,44;40,59,,84,59,0,3,3,0,0,1,0,,,,
2023,3,REG,00-0029597,BAL,J.Tucker,Justin Tucker,K,SPEC,"https://static.www.nfl.com/image/upload/f_auto,q_auto/league/thawkkxcbyuddwuidgb0",1,2,1,0,50,0.5,0,0,0,0,1,0,0,0,0,0,0,1,50,61,,50,61,0,2,2,0,0,1,1,61,0,1,0
2023,4,REG,00-0029597,BAL,J.Tucker,Justin Tucker,K,SPEC,"https://static.www.nfl.com/image/upload/f_auto,q_auto/league/thawkkxcbyuddwuidgb0",,0,,,,,,,,,,,,,,,,,,,,,,,4,4,0,0,1,0,,,,
2023,5,REG,00-0029597,BAL,J.Tucker,Justin Tucker,K,SPEC,"https://static.www.nfl.com/image/upload/f_auto,q_auto/league/thawkkxcbyuddwuidgb0",1,1,0,0,23,1,0,1,0,0,0,0,0,0,0,0,0,0,23,,,23,0,0,1,1,0,0,1,0,,,,
2023,6,REG,00-0029597,BAL,J.Tucker,Justin Tucker,K,SPEC,"https://static.www.nfl.com/image/upload/f_auto,q_auto/league/thawkkxcbyuddwuidgb0",6,6,0,0,41,1,0,4,1,1,0,0,0,0,0,0,0,0,41;28;23;29;20;36,,,177,0,0,0,1,0,1,0,0,,,,
2023,7,REG,00-0029597,BAL,J.Tucker,Justin Tucker,K,SPEC,"https://static.www.nfl.com/image/upload/f_auto,q_auto/league/thawkkxcbyuddwuidgb0",1,1,0,0,32,1,0,0,1,0,0,0,0,0,0,0,0,0,32,,,32,0,0,5,5,0,0,1,0,,,,
2023,8,REG,00-0029597,BAL,J.Tucker,Justin Tucker,K,SPEC,"https://static.www.nfl.com/image/upload/f_auto,q_auto/league/thawkkxcbyuddwuidgb0",1,2,1,0,48,0.5,0,0,0,1,0,0,0,0,0,0,1,0,48,53,,48,53,0,4,4,0,0,1,0,,,,
2023,9,REG,00-0029597,BAL,J.Tucker,Justin Tucker,K,SPEC,"https://static.www.nfl.com/image/upload/f_auto,q_auto/league/thawkkxcbyuddwuidgb0",3,3,0,0,45,1,0,0,2,1,0,0,0,0,0,0,0,0,37;45;31,,,113,0,0,4,4,0,0,1,0,,,,
2023,10,REG,00-0029597,BAL,J.Tucker,Justin Tucker,K,SPEC,"https://static.www.nfl.com/image/upload/f_auto,q_auto/league/thawkkxcbyuddwuidgb0",1,2,0,1,37,0.5,0,0,1,0,0,0,0,0,0,0,0,0,37,,55,37,0,55,4,4,0,0,1,0,,,,
2023,11,REG,00-0029597,BAL,J.Tucker,Justin Tucker,K,SPEC,"https://static.www.nfl.com/image/upload/f_auto,q_auto/league/thawkkxcbyuddwuidgb0",2,2,0,0,47,1,0,1,0,1,0,0,0,0,0,0,0,0,25;47,,,72,0,0,4,4,0,0,1,0,,,,
2023,12,REG,00-0029597,BAL,J.Tucker,Justin Tucker,K,SPEC,"https://static.www.nfl.com/image/upload/f_auto,q_auto/league/thawkkxcbyuddwuidgb0",2,3,1,0,48,0.667,0,0,0,2,0,0,0,0,0,1,0,0,42;48,44,,90,44,0,2,2,0,0,1,0,,,,
2023,14,REG,00-0029597,BAL,J.Tucker,Justin Tucker,K,SPEC,"https://static.www.nfl.com/image/upload/f_auto,q_auto/league/thawkkxcbyuddwuidgb0",3,3,0,0,47,1,0,0,2,1,0,0,0,0,0,0,0,0,31;47;33,,,111,0,0,2,2,0,0,1,1,33,1,0,0
2023,15,REG,00-0029597,BAL,J.Tucker,Justin Tucker,K,SPEC,"https://static.www.nfl.com/image/upload/f_auto,q_auto/league/thawkkxcbyuddwuidgb0",3,3,0,0,43,1,0,1,1,1,0,0,0,0,0,0,0,0,43;26;34,,,103,0,0,2,2,0,0,1,0,,,,
2023,16,REG,00-0029597,BAL,J.Tucker,Justin Tucker,K,SPEC,"https://static.www.nfl.com/image/upload/f_auto,q_auto/league/thawkkxcbyuddwuidgb0",4,4,0,0,41,1,0,3,0,1,0,0,0,0,0,0,0,0,28;41;28;24,,,121,0,0,3,3,0,0,1,0,,,,
2023,17,REG,00-0029597,BAL,J.Tucker,Justin Tucker,K,SPEC,"https://static.www.nfl.com/image/upload/f_auto,q_auto/league/thawkkxcbyuddwuidgb0",,0,,,,,,,,,,,,,,,,,,,,,,,8,8,0,0,1,0,,,,
2023,18,REG,00-0029597,BAL,J.Tucker,Justin Tucker,K,SPEC,"https://static.www.nfl.com/image/upload/f_auto,q_auto/league/thawkkxcbyuddwuidgb0",1,1,0,0,36,1,0,0,1,0,0,0,0,0,0,0,0,0,36,,,36,0,0,1,1,0,0,1,0,,,,
2023,20,POST,00-0029597,BAL,J.Tucker,Justin Tucker,K,SPEC,"https://static.www.nfl.com/image/upload/f_auto,q_auto/league/thawkkxcbyuddwuidgb0",2,2,0,0,53,1,0,0,0,1,1,0,0,0,0,0,0,0,53;43,,,96,0,0,4,4,0,0,1,0,,,,
2023,21,POST,00-0029597,BAL,J.Tucker,Justin Tucker,K,SPEC,"https://static.www.nfl.com/image/upload/f_auto,q_auto/league/thawkkxcbyuddwuidgb0",1,1,0,0,43,1,0,0,0,1,0,0,0,0,0,0,0,0,43,,,43,0,0,1,1,0,0,1,0,,,,
2023,1,REG,00-0029621,NYJ,G.Zuerlein,Greg Zuerlein,K,SPEC,"https://static.www.nfl.com/image/private/f_auto,q_auto/league/gzuks9rryzy90fecvi9l",3,3,0,0,43,1,0,1,1,1,0,0,0,0,0,0,0,0,26;43;30,,,99,0,0,1,1,0,0,1,1,30,1,0,0
2023,3,REG,00-0029621,NYJ,G.Zuerlein,Greg Zuerlein,K,SPEC,"https://static.www.nfl.com/image/private/f_auto,q_auto/league/gzuks9rryzy90fecvi9l",1,1,0,0,52,1,0,0,0,0,1,0,0,0,0,0,0,0,52,,,52,0,0,1,1,0,0,1,0,,,,
2023,4,REG,00-0029621,NYJ,G.Zuerlein,Greg Zuerlein,K,SPEC,"https://static.www.nfl.com/image/private/f_auto,q_auto/league/gzuks9rryzy90fecvi9l",1,2,1,0,31,0.5,0,0,1,0,0,0,0,0,0,0,1,0,31,52,,31,52,0,1,1,0,0,1,0,,,,
2023,5,REG,00-0029621,NYJ,G.Zuerlein,Greg Zuerlein,K,SPEC,"https://static.www.nfl.com/image/private/f_auto,q_auto/league/gzuks9rryzy90fecvi9l",5,5,0,0,49,1,0,3,1,1,0,0,0,0,0,0,0,0,30;26;27;22;49,,,154,0,0,2,2,0,0,1,0,,,,
2023,6,REG,00-0029621,NYJ,G.Zuerlein,Greg Zuerlein,K,SPEC,"https://static.www.nfl.com/image/private/f_auto,q_auto/league/gzuks9rryzy90fecvi9l",4,4,0,0,43,1,0,0,2,2,0,0,0,0,0,0,0,0,43;42;35;38,,,158,0,0,,0,,,,0,,,,
2023,8,REG,00-0029621,NYJ,G.Zuerlein,Greg Zuerlein,K,SPEC,"https://static.www.nfl.com/image/private/f_auto,q_auto/league/gzuks9rryzy90fecvi9l",2,2,0,0,35,1,0,0,2,0,0,0,0,0,0,0,0,0,35;33,,,68,0,0,1,1,0,0,1,1,33,1,0,0
2023,9,REG,00-0029621,NYJ,G.Zuerlein,Greg Zuerlein,K,SPEC,"https://static.www.nfl.com/image/private/f_auto,q_auto/league/gzuks9rryzy90fecvi9l",2,2,0,0,47,1,0,0,0,2,0,0,0,0,0,0,0,0,47;46,,,93,0,0,,0,,,,0,,,,
2023,10,REG,00-0029621,NYJ,G.Zuerlein,Greg Zuerlein,K,SPEC,"https://static.www.nfl.com/image/private/f_auto,q_auto/league/gzuks9rryzy90fecvi9l",4,4,0,0,53,1,0,0,1,2,1,0,0,0,0,0,0,0,47;53;30;45,,,175,0,0,,0,,,,0,,,,
2023,12,REG,00-0029621,NYJ,G.Zuerlein,Greg Zuerlein,K,SPEC,"https://static.www.nfl.com/image/private/f_auto,q_auto/league/gzuks9rryzy90fecvi9l",,0,,,,,,,,,,,,,,,,,,,,,,,1,2,1,0,0.5,0,,,,
2023,13,REG,00-0029621,NYJ,G.Zuerlein,Greg Zuerlein,K,SPEC,"https://static.www.nfl.com/image/private/f_auto,q_auto/league/gzuks9rryzy90fecvi9l",2,2,0,0,46,1,0,1,0,1,0,0,0,0,0,0,0,0,27;46,,,73,0,0,,0,,,,0,,,,
2023,14,REG,00-0029621,NYJ,G.Zuerlein,Greg Zuerlein,K,SPEC,"https://static.www.nfl.com/image/private/f_auto,q_auto/league/gzuks9rryzy90fecvi9l",3,3,0,0,55,1,0,0,0,1,2,0,0,0,0,0,0,0,51;55;44,,,150,0,0,3,3,0,0,1,0,,,,
2023,16,REG,00-0029621,NYJ,G.Zuerlein,Greg Zuerlein,K,SPEC,"https://static.www.nfl.com/image/private/f_auto,q_auto/league/gzuks9rryzy90fecvi9l",3,3,0,0,54,1,0,2,0,0,1,0,0,0,0,0,0,0,25;27;54,,,106,0,0,3,3,0,0,1,1,54,1,0,0
2023,17,REG,00-0029621,NYJ,G.Zuerlein,Greg Zuerlein,K,SPEC,"https://static.www.nfl.com/image/private/f_auto,q_auto/league/gzuks9rryzy90fecvi9l",2,3,0,1,46,0.667,0,0,0,2,0,0,0,0,0,0,0,0,46;44,,31,90,0,31,2,2,0,0,1,0,,,,
2023,18,REG,00-0029621,NYJ,G.Zuerlein,Greg Zuerlein,K,SPEC,"https://static.www.nfl.com/image/private/f_auto,q_auto/league/gzuks9rryzy90fecvi9l",3,4,1,0,40,0.75,0,1,1,1,0,0,0,0,0,1,0,0,21;40;33,49,,94,49,0,,0,,,,0,,,,
2023,1,REG,00-0029822,JAX,B.McManus,Brandon McManus,K,SPEC,"https://static.www.nfl.com/image/upload/f_auto,q_auto/league/tqikw4kzgqn4bo4jq23e",1,1,0,0,45,1,0,0,0,1,0,0,0,0,0,0,0,0,45,,,45,0,0,4,4,0,0,1,0,,,,
2023,2,REG,00-0029822,JAX,B.McManus,Brandon McManus,K,SPEC,"https://static.www.nfl.com/image/upload/f_auto,q_auto/league/tqikw4kzgqn4bo4jq23e",3,3,0,0,49,1,0,1,1,1,0,0,0,0,0,0,0,0,32;49;22,,,103,0,0,,0,,,,0,,,,
2023,3,REG,00-0029822,JAX,B.McManus,Brandon McManus,K,SPEC,"https://static.www.nfl.com/image/upload/f_auto,q_auto/league/tqikw4kzgqn4bo4jq23e",1,3,1,1,33,0.333,0,0,1,0,0,0,0,0,0,1,0,0,33,48,51,33,48,51,2,2,0,0,1,0,,,,
2023,4,REG,00-0029822,JAX,B.McManus,Brandon McManus,K,SPEC,"https://static.www.nfl.com/image/upload/f_auto,q_auto/league/tqikw4kzgqn4bo4jq23e",3,3,0,0,56,1,0,0,1,1,1,0,0,0,0,0,0,0,56;43;38,,,137,0,0,2,2,0,0,1,0,,,,
2023,5,REG,00-0029822,JAX,B.McManus,Brandon McManus,K,SPEC,"https://static.www.nfl.com/image/upload/f_auto,q_auto/league/tqikw4kzgqn4bo4jq23e",1,1,0,0,44,1,0,0,0,1,0,0,0,0,0,0,0,0,44,,,44,0,0,2,2,0,0,1,0,,,,
2023,6,REG,00-0029822,JAX,B.McManus,Brandon McManus,K,SPEC,"https://static.www.nfl.com/image/upload/f_auto,q_auto/league/tqikw4kzgqn4bo4jq23e",3,3,0,0,51,1,0,0,0,2,1,0,0,0,0,0,0,0,48;49;51,,,148,0,0,4,4,0,0,1,0,,,,
2023,7,REG,00-0029822,JAX,B.McManus,Brandon McManus,K,SPEC,"https://static.www.nfl.com/image/upload/f_auto,q_auto/league/tqikw4kzgqn4bo4jq23e",1,1,0,0,43,1,0,0,0,1,0,0,0,0,0,0,0,0,43,,,43,0,0,4,4,0,0,1,0,,,,
2023,8,REG,00-0029822,JAX,B.McManus,Brandon McManus,K,SPEC,"https://static.www.nfl.com/image/upload/f_auto,q_auto/league/tqikw4kzgqn4bo4jq23e",4,4,0,0,51,1,0,0,2,0,2,0,0,0,0,0,0,0,50;51;38;37,,,176,0,0,,0,,,,0,,,,
2023,10,REG,00-0029822,JAX,B.McManus,Brandon McManus,K,SPEC,"https://static.www.nfl.com/image/upload/f_auto,q_auto/league/tqikw4kzgqn4bo4jq23e",1,1,0,0,37,1,0,0,1,0,0,0,0,0,0,0,0,0,37,,,37,0,0,,0,,,,0,,,,
2023,11,REG,00-0029822,JAX,B.McManus,Brandon McManus,K,SPEC,"https://static.www.nfl.com/image/upload/f_auto,q_auto/league/tqikw4kzgqn4bo4jq23e",2,2,0,0,30,1,0,1,1,0,0,0,0,0,0,0,0,0,30;25,,,55,0,0,4,4,0,0,1,0,,,,
2023,12,REG,00-0029822,JAX,B.McManus,Brandon McManus,K,SPEC,"https://static.www.nfl.com/image/upload/f_auto,q_auto/league/tqikw4kzgqn4bo4jq23e",3,4,1,0,53,0.75,0,0,0,2,1,0,0,0,0,0,1,0,40;48;53,55,,141,55,0,1,1,0,0,1,0,,,,
2023,13,REG,00-0029822,JAX,B.McManus,Brandon McManus,K,SPEC,"https://static.www.nfl.com/image/upload/f_auto,q_auto/league/tqikw4kzgqn4bo4jq23e",1,2,1,0,40,0.5,0,0,0,1,0,0,0,0,0,1,0,0,40,48,,40,48,0,4,4,0,0,1,0,,,,
2023,14,REG,00-0029822,JAX,B.McManus,Brandon McManus,K,SPEC,"https://static.www.nfl.com/image/upload/f_auto,q_auto/league/tqikw4kzgqn4bo4jq23e",,0,,,,,,,,,,,,,,,,,,,,,,,3,3,0,0,1,0,,,,
2023,15,REG,00-0029822,JAX,B.McManus,Brandon McManus,K,SPEC,"https://static.www.nfl.com/image/upload/f_auto,q_auto/league/tqikw4kzgqn4bo4jq23e",0,2,2,0,,0,0,0,0,0,0,0,0,0,0,0,2,0,,50;55,,0,105,0,1,1,0,0,1,0,,,,
2023,16,REG,00-0029822,JAX,B.McManus,Brandon McManus,K,SPEC,"https://static.www.nfl.com/image/upload/f_auto,q_auto/league/tqikw4kzgqn4bo4jq23e",0,1,1,0,,0,0,0,0,0,0,0,0,0,0,0,1,0,,52,,0,52,0,,0,,,,0,,,,
2023,17,REG,00-0029822,JAX,B.McManus,Brandon McManus,K,SPEC,"https://static.www.nfl.com/image/upload/f_auto,q_auto/league/tqikw4kzgqn4bo4jq23e",4,4,0,0,35,1,0,2,2,0,0,0,0,0,0,0,0,0,35;26;24;34,,,119,0,0,2,2,0,0,1,0,,,,
2023,18,REG,00-0029822,JAX,B.McManus,Brandon McManus,K,SPEC,"https://static.www.nfl.com/image/upload/f_auto,q_auto/league/tqikw4kzgqn4bo4jq23e",2,2,0,0,44,1,0,0,1,1,0,0,0,0,0,0,0,0,44;30,,,74,0,0,2,2,0,0,1,0,,,,
2023,1,REG,00-0030098,CLE,D.Hopkins,Dustin Hopkins,K,SPEC,"https://static.www.nfl.com/image/upload/f_auto,q_auto/league/b8xhu9uud3finj0x9hpf",3,3,0,0,43,1,0,0,1,2,0,0,0,0,0,0,0,0,42;34;43,,,119,0,0,1,1,0,0,1,0,,,,
2023,2,REG,00-0030098,CLE,D.Hopkins,Dustin Hopkins,K,SPEC,"https://static.www.nfl.com/image/upload/f_auto,q_auto/league/b8xhu9uud3finj0x9hpf",2,3,1,0,55,0.667,0,0,0,1,1,0,0,0,0,1,0,0,43;55,43,,98,43,0,,0,,,,0,,,,
2023,3,REG,00-0030098,CLE,D.Hopkins,Dustin Hopkins,K,SPEC,"https://static.www.nfl.com/image/upload/f_auto,q_auto/league/b8xhu9uud3finj0x9hpf",2,2,0,0,52,1,0,0,0,1,1,0,0,0,0,0,0,0,48;52,,,100,0,0,3,3,0,0,1,0,,,,
2023,4,REG,00-0030098,CLE,D.Hopkins,Dustin Hopkins,K,SPEC,"https://static.www.nfl.com/image/upload/f_auto,q_auto/league/b8xhu9uud3finj0x9hpf",1,1,0,0,53,1,0,0,0,0,1,0,0,0,0,0,0,0,53,,,53,0,0,,0,,,,0,,,,
2023,6,REG,00-0030098,CLE,D.Hopkins,Dustin Hopkins,K,SPEC,"https://static.www.nfl.com/image/upload/f_auto,q_auto/league/b8xhu9uud3finj0x9hpf",4,5,1,0,50,0.8,0,1,0,2,1,0,0,0,0,1,0,0,42;46;50;29,47,,167,47,0,1,1,0,0,1,1,29,1,0,0
2023,7,REG,00-0030098,CLE,D.Hopkins,Dustin Hopkins,K,SPEC,"https://static.www.nfl.com/image/upload/f_auto,q_auto/league/b8xhu9uud3finj0x9hpf",4,4,0,0,58,1,0,0,0,1,3,0,0,0,0,0,0,0,44;54;54;58,,,210,0,0,3,3,0,0,1,1,58,1,0,0
2023,8,REG,00-0030098,CLE,D.Hopkins,Dustin Hopkins,K,SPEC,"https://static.www.nfl.com/image/upload/f_auto,q_auto/league/b8xhu9uud3finj0x9hpf",2,2,0,0,27,1,0,2,0,0,0,0,0,0,0,0,0,0,25;27,,,52,0,0,2,2,0,0,1,0,,,,
2023,9,REG,00-0030098,CLE,D.Hopkins,Dustin Hopkins,K,SPEC,"https://static.www.nfl.com/image/upload/f_auto,q_auto/league/b8xhu9uud3finj0x9hpf",2,3,1,0,45,0.667,0,0,1,1,0,0,0,0,0,1,0,0,30;45,48,,75,48,0,3,3,0,0,1,0,,,,
2023,10,REG,00-0030098,CLE,D.Hopkins,Dustin Hopkins,K,SPEC,"https://static.www.nfl.com/image/upload/f_auto,q_auto/league/b8xhu9uud3finj0x9hpf",4,4,0,0,40,1,0,2,1,1,0,0,0,0,0,0,0,0,36;28;23;40,,,127,0,0,1,2,1,0,0.5,1,40,1,0,0
2023,11,REG,00-0030098,CLE,D.Hopkins,Dustin Hopkins,K,SPEC,"https://static.www.nfl.com/image/upload/f_auto,q_auto/league/b8xhu9uud3finj0x9hpf",2,2,0,0,34,1,0,1,1,0,0,0,0,0,0,0,0,0,25;34,,,59,0,0,1,1,0,0,1,1,34,1,0,0
2023,12,REG,00-0030098,CLE,D.Hopkins,Dustin Hopkins,K,SPEC,"https://static.www.nfl.com/image/upload/f_auto,q_auto/league/b8xhu9uud3finj0x9hpf",2,2,0,0,36,1,0,1,1,0,0,0,0,0,0,0,0,0,36;24,,,60,0,0,,0,,,,0,,,,
2023,13,REG,00-0030098,CLE,D.Hopkins,Dustin Hopkins,K,SPEC,"https://static.www.nfl.com/image/upload/f_auto,q_auto/league/b8xhu9uud3finj0x9hpf",2,2,0,0,40,1,0,1,0,1,0,0,0,0,0,0,0,0,40;24,,,64,0,0,1,2,1,0,0.5,0,,,,
2023,14,REG,00-0030098,CLE,D.Hopkins,Dustin Hopkins,K,SPEC,"https://static.www.nfl.com/image/upload/f_auto,q_auto/league/b8xhu9uud3finj0x9hpf",1,1,0,0,55,1,0,0,0,0,1,0,0,0,0,0,0,0,55,,,55,0,0,4,4,0,0,1,0,,,,
2023,15,REG,00-0030098,CLE,D.Hopkins,Dustin Hopkins,K,SPEC,"https://static.www.nfl.com/image/upload/f_auto,q_auto/league/b8xhu9uud3finj0x9hpf",2,2,0,0,34,1,0,0,2,0,0,0,0,0,0,0,0,0,33;34,,,67,0,0,2,2,0,0,1,1,34,1,0,0
2023,16,REG,00-0030098,CLE,D.Hopkins,Dustin Hopkins,K,SPEC,"https://static.www.nfl.com/image/upload/f_auto,q_auto/league/b8xhu9uud3finj0x9hpf",,0,,,,,,,,,,,,,,,,,,,,,,,2,2,0,0,1,0,,,,
2023,1,REG,00-0030332,LA,B.Maher,Brett Maher,K,SPEC,"https://static.www.nfl.com/image/private/f_auto,q_auto/league/v5fuzaeucyftknl6hwoe",3,5,1,1,54,0.6,0,0,1,1,1,0,0,0,0,0,1,0,38;54;45,56,57,137,56,57,3,3,0,0,1,0,,,,
2023,2,REG,00-0030332,LA,B.Maher,Brett Maher,K,SPEC,"https://static.www.nfl.com/image/private/f_auto,q_auto/league/v5fuzaeucyftknl6hwoe",3,3,0,0,48,1,0,0,1,2,0,0,0,0,0,0,0,0,43;48;38,,,129,0,0,2,2,0,0,1,0,,,,
2023,3,REG,00-0030332,LA,B.Maher,Brett Maher,K,SPEC,"https://static.www.nfl.com/image/private/f_auto,q_auto/league/v5fuzaeucyftknl6hwoe",3,3,0,0,42,1,0,1,1,1,0,0,0,0,0,0,0,0,30;23;42,,,95,0,0,1,1,0,0,1,0,,,,
2023,4,REG,00-0030332,LA,B.Maher,Brett Maher,K,SPEC,"https://static.www.nfl.com/image/private/f_auto,q_auto/league/v5fuzaeucyftknl6hwoe",3,5,2,0,54,0.6,0,0,0,1,2,0,0,0,0,2,0,0,40;54;51,46;48,,145,94,0,2,2,0,0,1,0,,,,
2023,5,REG,00-0030332,LA,B.Maher,Brett Maher,K,SPEC,"https://static.www.nfl.com/image/private/f_auto,q_auto/league/v5fuzaeucyftknl6hwoe",,0,,,,,,,,,,,,,,,,,,,,,,,2,2,0,0,1,0,,,,
2023,6,REG,00-0030332,LA,B.Maher,Brett Maher,K,SPEC,"https://static.www.nfl.com/image/private/f_auto,q_auto/league/v5fuzaeucyftknl6hwoe",4,4,0,0,43,1,0,2,1,1,0,0,0,0,0,0,0,0,29;35;25;43,,,132,0,0,2,2,0,0,1,0,,,,
2023,7,REG,00-0030332,LA,B.Maher,Brett Maher,K,SPEC,"https://static.www.nfl.com/image/private/f_auto,q_auto/league/v5fuzaeucyftknl6hwoe",1,3,2,0,41,0.333,0,0,0,1,0,0,0,0,0,0,2,0,41,53;51,,41,104,0,0,1,1,0,0,0,,,,
2023,18,REG,00-0030332,LA,B.Maher,Brett Maher,K,SPEC,"https://static.www.nfl.com/image/private/f_auto,q_auto/league/v5fuzaeucyftknl6hwoe",,0,,,,,,,,,,,,,,,,,,,,,,,1,2,1,0,0.5,0,,,,
2023,19,POST,00-0030332,LA,B.Maher,Brett Maher,K,SPEC,"https://static.www.nfl.com/image/private/f_auto,q_auto/league/v5fuzaeucyftknl6hwoe",3,3,0,0,29,1,0,3,0,0,0,0,0,0,0,0,0,0,24;27;29,,,80,0,0,2,2,0,0,1,0,,,,
2023,1,REG,00-0031136,PIT,C.Boswell,Chris Boswell,K,SPEC,"https://static.www.nfl.com/image/upload/f_auto,q_auto/league/ivb854ozl9jp39lau99u",,0,,,,,,,,,,,,,,,,,,,,,,,1,1,0,0,1,0,,,,
2023,2,REG,00-0031136,PIT,C.Boswell,Chris Boswell,K,SPEC,"https://static.www.nfl.com/image/upload/f_auto,q_auto/league/ivb854ozl9jp39lau99u",2,2,0,0,52,1,0,0,0,0,2,0,0,0,0,0,0,0,52;50,,,102,0,0,2,2,0,0,1,0,,,,
2023,3,REG,00-0031136,PIT,C.Boswell,Chris Boswell,K,SPEC,"https://static.www.nfl.com/image/upload/f_auto,q_auto/league/ivb854ozl9jp39lau99u",3,3,0,0,57,1,0,0,0,2,1,0,0,0,0,0,0,0,43;42;57,,,142,0,0,2,2,0,0,1,0,,,,
2023,4,REG,00-0031136,PIT,C.Boswell,Chris Boswell,K,SPEC,"https://static.www.nfl.com/image/upload/f_auto,q_auto/league/ivb854ozl9jp39lau99u",2,2,0,0,35,1,0,1,1,0,0,0,0,0,0,0,0,0,35;23,,,58,0,0,,0,,,,0,,,,
2023,5,REG,00-0031136,PIT,C.Boswell,Chris Boswell,K,SPEC,"https://static.www.nfl.com/image/upload/f_auto,q_auto/league/ivb854ozl9jp39lau99u",3,3,0,0,43,1,0,1,0,2,0,0,0,0,0,0,0,0,43;25;42,,,110,0,0,,0,,,,0,,,,
2023,7,REG,00-0031136,PIT,C.Boswell,Chris Boswell,K,SPEC,"https://static.www.nfl.com/image/upload/f_auto,q_auto/league/ivb854ozl9jp39lau99u",1,1,0,0,53,1,0,0,0,0,1,0,0,0,0,0,0,0,53,,,53,0,0,3,3,0,0,1,0,,,,
2023,8,REG,00-0031136,PIT,C.Boswell,Chris Boswell,K,SPEC,"https://static.www.nfl.com/image/upload/f_auto,q_auto/league/ivb854ozl9jp39lau99u",1,2,1,0,22,0.5,0,1,0,0,0,0,0,0,0,0,0,1,22,61,,22,61,0,1,1,0,0,1,0,,,,
2023,9,REG,00-0031136,PIT,C.Boswell,Chris Boswell,K,SPEC,"https://static.www.nfl.com/image/upload/f_auto,q_auto/league/ivb854ozl9jp39lau99u",2,2,0,0,30,1,0,1,1,0,0,0,0,0,0,0,0,0,29;30,,,59,0,0,2,2,0,0,1,0,,,,
2023,10,REG,00-0031136,PIT,C.Boswell,Chris Boswell,K,SPEC,"https://static.www.nfl.com/image/upload/f_auto,q_auto/league/ivb854ozl9jp39lau99u",3,3,0,0,49,1,0,0,1,2,0,0,0,0,0,0,0,0,42;49;35,,,126,0,0,2,2,0,0,1,0,,,,
2023,11,REG,00-0031136,PIT,C.Boswell,Chris Boswell,K,SPEC,"https://static.www.nfl.com/image/upload/f_auto,q_auto/league/ivb854ozl9jp39lau99u",1,1,0,0,28,1,0,1,0,0,0,0,0,0,0,0,0,0,28,,,28,0,0,1,1,0,0,1,0,,,,
2023,12,REG,00-0031136,PIT,C.Boswell,Chris Boswell,K,SPEC,"https://static.www.nfl.com/image/upload/f_auto,q_auto/league/ivb854ozl9jp39lau99u",3,3,0,0,41,1,0,0,2,1,0,0,0,0,0,0,0,0,41;34;33,,,108,0,0,1,1,0,0,1,0,,,,
2023,13,REG,00-0031136,PIT,C.Boswell,Chris Boswell,K,SPEC,"https://static.www.nfl.com/image/upload/f_auto,q_auto/league/ivb854ozl9jp39lau99u",1,2,1,0,29,0.5,0,1,0,0,0,0,0,0,0,1,0,0,29,45,,29,45,0,1,1,0,0,1,0,,,,
2023,14,REG,00-0031136,PIT,C.Boswell,Chris Boswell,K,SPEC,"https://static.www.nfl.com/image/upload/f_auto,q_auto/league/ivb854ozl9jp39lau99u",1,1,0,0,56,1,0,0,0,0,1,0,0,0,0,0,0,0,56,,,56,0,0,1,1,0,0,1,0,,,,
2023,15,REG,00-0031136,PIT,C.Boswell,Chris Boswell,K,SPEC,"https://static.www.nfl.com/image/upload/f_auto,q_auto/league/ivb854ozl9jp39lau99u",,0,,,,,,,,,,,,,,,,,,,,,,,1,2,1,0,0.5,0,,,,
2023,16,REG,00-0031136,PIT,C.Boswell,Chris Boswell,K,SPEC,"https://static.www.nfl.com/image/upload/f_auto,q_auto/league/ivb854ozl9jp39lau99u",2,2,0,0,50,1,0,0,1,0,1,0,0,0,0,0,0,0,50;30,,,80,0,0,4,4,0,0,1,0,,,,
2023,17,REG,00-0031136,PIT,C.Boswell,Chris Boswell,K,SPEC,"https://static.www.nfl.com/image/upload/f_auto,q_auto/league/ivb854ozl9jp39lau99u",3,3,0,0,39,1,0,2,1,0,0,0,0,0,0,0,0,0,39;26;21,,,86,0,0,3,3,0,0,1,0,,,,
2023,18,REG,00-0031136,PIT,C.Boswell,Chris Boswell,K,SPEC,"https://static.www.nfl.com/image/upload/f_auto,q_auto/league/ivb854ozl9jp39lau99u",1,1,0,0,25,1,0,1,0,0,0,0,0,0,0,0,0,0,25,,,25,0,0,2,2,0,0,1,0,,,,
2023,19,POST,00-0031136,PIT,C.Boswell,Chris Boswell,K,SPEC,"https://static.www.nfl.com/image/upload/f_auto,q_auto/league/ivb854ozl9jp39lau99u",1,1,0,0,40,1,0,0,0,1,0,0,0,0,0,0,0,0,40,,,40,0,0,2,2,0,0,1,0,,,,
2023,1,REG,00-0031203,CHI,C.Santos,Cairo Santos,K,SPEC,"https://static.www.nfl.com/image/upload/f_auto,q_auto/league/njxxbexsrepazoygyrpp",2,2,0,0,47,1,0,1,0,1,0,0,0,0,0,0,0,0,47;29,,,76,0,0,,0,,,,0,,,,
2023,2,REG,00-0031203,CHI,C.Santos,Cairo Santos,K,SPEC,"https://static.www.nfl.com/image/upload/f_auto,q_auto/league/njxxbexsrepazoygyrpp",1,1,0,0,52,1,0,0,0,0,1,0,0,0,0,0,0,0,52,,,52,0,0,2,2,0,0,1,0,,,,
2023,3,REG,00-0031203,CHI,C.Santos,Cairo Santos,K,SPEC,"https://static.www.nfl.com/image/upload/f_auto,q_auto/league/njxxbexsrepazoygyrpp",1,1,0,0,21,1,0,1,0,0,0,0,0,0,0,0,0,0,21,,,21,0,0,1,1,0,0,1,0,,,,
2023,4,REG,00-0031203,CHI,C.Santos,Cairo Santos,K,SPEC,"https://static.www.nfl.com/image/upload/f_auto,q_auto/league/njxxbexsrepazoygyrpp",,0,,,,,,,,,,,,,,,,,,,,,,,4,4,0,0,1,0,,,,
2023,5,REG,00-0031203,CHI,C.Santos,Cairo Santos,K,SPEC,"https://static.www.nfl.com/image/upload/f_auto,q_auto/league/njxxbexsrepazoygyrpp",4,4,0,0,43,1,0,1,2,1,0,0,0,0,0,0,0,0,22;36;43;37,,,138,0,0,4,4,0,0,1,0,,,,
2023,6,REG,00-0031203,CHI,C.Santos,Cairo Santos,K,SPEC,"https://static.www.nfl.com/image/upload/f_auto,q_auto/league/njxxbexsrepazoygyrpp",2,2,0,0,53,1,0,1,0,0,1,0,0,0,0,0,0,0,22;53,,,75,0,0,1,1,0,0,1,0,,,,
2023,7,REG,00-0031203,CHI,C.Santos,Cairo Santos,K,SPEC,"https://static.www.nfl.com/image/upload/f_auto,q_auto/league/njxxbexsrepazoygyrpp",1,1,0,0,54,1,0,0,0,0,1,0,0,0,0,0,0,0,54,,,54,0,0,3,4,0,1,0.75,0,,,,
2023,8,REG,00-0031203,CHI,C.Santos,Cairo Santos,K,SPEC,"https://static.www.nfl.com/image/upload/f_auto,q_auto/league/njxxbexsrepazoygyrpp",,0,,,,,,,,,,,,,,,,,,,,,,,1,1,0,0,1,0,,,,
2023,9,REG,00-0031203,CHI,C.Santos,Cairo Santos,K,SPEC,"https://static.www.nfl.com/image/upload/f_auto,q_auto/league/njxxbexsrepazoygyrpp",1,2,1,0,31,0.5,0,0,1,0,0,0,0,0,0,1,0,0,31,40,,31,40,0,2,2,0,0,1,0,,,,
2023,10,REG,00-0031203,CHI,C.Santos,Cairo Santos,K,SPEC,"https://static.www.nfl.com/image/upload/f_auto,q_auto/league/njxxbexsrepazoygyrpp",3,3,0,0,54,1,0,0,2,0,1,0,0,0,0,0,0,0,54;36;39,,,129,0,0,1,1,0,0,1,0,,,,
2023,11,REG,00-0031203,CHI,C.Santos,Cairo Santos,K,SPEC,"https://static.www.nfl.com/image/upload/f_auto,q_auto/league/njxxbexsrepazoygyrpp",4,4,0,0,53,1,0,0,2,1,1,0,0,0,0,0,0,0,31;53;40;39,,,163,0,0,2,2,0,0,1,0,,,,
2023,12,REG,00-0031203,CHI,C.Santos,Cairo Santos,K,SPEC,"https://static.www.nfl.com/image/upload/f_auto,q_auto/league/njxxbexsrepazoygyrpp",4,5,1,0,55,0.8,0,1,2,0,1,0,0,0,0,1,0,0,25;39;55;30,48,,149,48,0,,0,,,,1,30,1,0,0
2023,14,REG,00-0031203,CHI,C.Santos,Cairo Santos,K,SPEC,"https://static.www.nfl.com/image/upload/f_auto,q_auto/league/njxxbexsrepazoygyrpp",3,3,0,0,46,1,0,2,0,1,0,0,0,0,0,0,0,0,46;25;28,,,99,0,0,1,2,0,1,0.5,0,,,,
2023,15,REG,00-0031203,CHI,C.Santos,Cairo Santos,K,SPEC,"https://static.www.nfl.com/image/upload/f_auto,q_auto/league/njxxbexsrepazoygyrpp",1,1,0,0,41,1,0,0,0,1,0,0,0,0,0,0,0,0,41,,,41,0,0,2,2,0,0,1,0,,,,
2023,16,REG,00-0031203,CHI,C.Santos,Cairo Santos,K,SPEC,"https://static.www.nfl.com/image/upload/f_auto,q_auto/league/njxxbexsrepazoygyrpp",2,2,0,0,49,1,0,1,0,1,0,0,0,0,0,0,0,0,49;29,,,78,0,0,3,3,0,0,1,0,,,,
2023,17,REG,00-0031203,CHI,C.Santos,Cairo Santos,K,SPEC,"https://static.www.nfl.com/image/upload/f_auto,q_auto/league/njxxbexsrepazoygyrpp",3,4,1,0,42,0.75,0,1,0,2,0,0,0,0,0,0,1,0,22;42;42,55,,106,55,0,4,4,0,0,1,0,,,,
2023,18,REG,00-0031203,CHI,C.Santos,Cairo Santos,K,SPEC,"https://static.www.nfl.com/image/upload/f_auto,q_auto/league/njxxbexsrepazoygyrpp",3,3,0,0,50,1,0,0,2,0,1,0,0,0,0,0,0,0,50;39;35,,,124,0,0,,0,,,,0,,,,
2023,1,REG,00-0031492,SEA,J.Myers,Jason Myers,K,SPEC,"https://static.www.nfl.com/image/private/f_auto,q_auto/league/stwynn6h56nuzznkiaqh",2,3,1,0,42,0.667,0,0,1,1,0,0,0,0,1,0,0,0,36;42,39,,78,39,0,1,1,0,0,1,0,,,,
2023,2,REG,00-0031492,SEA,J.Myers,Jason Myers,K,SPEC,"https://static.www.nfl.com/image/private/f_auto,q_auto/league/stwynn6h56nuzznkiaqh",1,3,2,0,25,0.333,0,1,0,0,0,0,0,0,0,1,1,0,25,45;56,,25,101,0,4,4,0,0,1,0,,,,
2023,3,REG,00-0031492,SEA,J.Myers,Jason Myers,K,SPEC,"https://static.www.nfl.com/image/private/f_auto,q_auto/league/stwynn6h56nuzznkiaqh",5,5,0,0,43,1,0,0,4,1,0,0,0,0,0,0,0,0,43;35;33;37;39,,,187,0,0,2,2,0,0,1,0,,,,
2023,4,REG,00-0031492,SEA,J.Myers,Jason Myers,K,SPEC,"https://static.www.nfl.com/image/private/f_auto,q_auto/league/stwynn6h56nuzznkiaqh",1,2,1,0,34,0.5,0,0,1,0,0,0,0,0,0,0,1,0,34,53,,34,53,0,3,3,0,0,1,0,,,,
2023,6,REG,00-0031492,SEA,J.Myers,Jason Myers,K,SPEC,"https://static.www.nfl.com/image/private/f_auto,q_auto/league/stwynn6h56nuzznkiaqh",2,2,0,0,55,1,0,1,0,0,1,0,0,0,0,0,0,0,55;23,,,78,0,0,1,1,0,0,1,0,,,,
2023,7,REG,00-0031492,SEA,J.Myers,Jason Myers,K,SPEC,"https://static.www.nfl.com/image/private/f_auto,q_auto/league/stwynn6h56nuzznkiaqh",2,2,0,0,48,1,0,1,0,1,0,0,0,0,0,0,0,0,21;48,,,69,0,0,2,2,0,0,1,0,,,,
2023,8,REG,00-0031492,SEA,J.Myers,Jason Myers,K,SPEC,"https://static.www.nfl.com/image/private/f_auto,q_auto/league/stwynn6h56nuzznkiaqh",1,1,0,0,32,1,0,0,1,0,0,0,0,0,0,0,0,0,32,,,32,0,0,3,3,0,0,1,0,,,,
2023,9,REG,00-0031492,SEA,J.Myers,Jason Myers,K,SPEC,"https://static.www.nfl.com/image/private/f_auto,q_auto/league/stwynn6h56nuzznkiaqh",1,1,0,0,33,1,0,0,1,0,0,0,0,0,0,0,0,0,33,,,33,0,0,,0,,,,0,,,,
2023,10,REG,00-0031492,SEA,J.Myers,Jason Myers,K,SPEC,"https://static.www.nfl.com/image/private/f_auto,q_auto/league/stwynn6h56nuzznkiaqh",5,5,0,0,45,1,0,0,1,4,0,0,0,0,0,0,0,0,45;43;33;45;43,,,209,0,0,2,2,0,0,1,1,43,1,0,0
2023,11,REG,00-0031492,SEA,J.Myers,Jason Myers,K,SPEC,"https://static.www.nfl.com/image/private/f_auto,q_auto/league/stwynn6h56nuzznkiaqh",3,4,1,0,54,0.75,0,0,0,1,2,0,0,0,0,0,1,0,54;43;52,55,,149,55,0,1,1,0,0,1,1,55,0,1,0
2023,12,REG,00-0031492,SEA,J.Myers,Jason Myers,K,SPEC,"https://static.www.nfl.com/image/private/f_auto,q_auto/league/stwynn6h56nuzznkiaqh",2,3,1,0,51,0.667,0,0,1,0,1,0,0,0,0,0,1,0,51;30,53,,81,53,0,1,1,0,0,1,0,,,,
2023,13,REG,00-0031492,SEA,J.Myers,Jason Myers,K,SPEC,"https://static.www.nfl.com/image/private/f_auto,q_auto/league/stwynn6h56nuzznkiaqh",0,1,1,0,,0,0,0,0,0,0,0,0,0,0,1,0,0,,42,,0,42,0,5,5,0,0,1,0,,,,
2023,14,REG,00-0031492,SEA,J.Myers,Jason Myers,K,SPEC,"https://static.www.nfl.com/image/private/f_auto,q_auto/league/stwynn6h56nuzznkiaqh",1,1,0,0,40,1,0,0,0,1,0,0,0,0,0,0,0,0,40,,,40,0,0,1,1,0,0,1,1,40,1,0,0
2023,15,REG,00-0031492,SEA,J.Myers,Jason Myers,K,SPEC,"https://static.www.nfl.com/image/private/f_auto,q_auto/league/stwynn6h56nuzznkiaqh",2,2,0,0,43,1,0,1,0,1,0,0,0,0,0,0,0,0,26;43,,,69,0,0,2,2,0,0,1,0,,,,
2023,16,REG,00-0031492,SEA,J.Myers,Jason Myers,K,SPEC,"https://static.www.nfl.com/image/private/f_auto,q_auto/league/stwynn6h56nuzznkiaqh",2,2,0,0,28,1,0,2,0,0,0,0,0,0,0,0,0,0,28;27,,,55,0,0,2,2,0,0,1,0,,,,
2023,17,REG,00-0031492,SEA,J.Myers,Jason Myers,K,SPEC,"https://static.www.nfl.com/image/private/f_auto,q_auto/league/stwynn6h56nuzznkiaqh",3,3,0,0,43,1,0,1,0,2,0,0,0,0,0,0,0,0,43;42;24,,,109,0,0,2,2,0,0,1,0,,,,
2023,18,REG,00-0031492,SEA,J.Myers,Jason Myers,K,SPEC,"https://static.www.nfl.com/image/private/f_auto,q_auto/league/stwynn6h56nuzznkiaqh",2,2,0,0,33,1,0,1,1,0,0,0,0,0,0,0,0,0,33;29,,,62,0,0,1,1,0,0,1,0,,,,
2023,1,REG,00-0032569,DEN,W.Lutz,Wil Lutz,K,SPEC,"https://static.www.nfl.com/image/upload/f_auto,q_auto/league/o99huensfz7qwnygonyg",1,2,1,0,24,0.5,0,1,0,0,0,0,0,0,0,0,1,0,24,55,,24,55,0,1,2,1,0,0.5,0,,,,
2023,2,REG,00-0032569,DEN,W.Lutz,Wil Lutz,K,SPEC,"https://static.www.nfl.com/image/upload/f_auto,q_auto/league/o99huensfz7qwnygonyg",2,2,0,0,32,1,0,0,2,0,0,0,0,0,0,0,0,0,31;32,,,63,0,0,3,3,0,0,1,0,,,,
2023,3,REG,00-0032569,DEN,W.Lutz,Wil Lutz,K,SPEC,"https://static.www.nfl.com/image/upload/f_auto,q_auto/league/o99huensfz7qwnygonyg",2,2,0,0,31,1,0,1,1,0,0,0,0,0,0,0,0,0,31;25,,,56,0,0,2,2,0,0,1,0,,,,
2023,4,REG,00-0032569,DEN,W.Lutz,Wil Lutz,K,SPEC,"https://static.www.nfl.com/image/upload/f_auto,q_auto/league/o99huensfz7qwnygonyg",1,1,0,0,51,1,0,0,0,0,1,0,0,0,0,0,0,0,51,,,51,0,0,4,4,0,0,1,1,51,1,0,0
2023,5,REG,00-0032569,DEN,W.Lutz,Wil Lutz,K,SPEC,"https://static.www.nfl.com/image/upload/f_auto,q_auto/league/o99huensfz7qwnygonyg",2,2,0,0,23,1,0,2,0,0,0,0,0,0,0,0,0,0,23;22,,,45,0,0,1,1,0,0,1,0,,,,
2023,7,REG,00-0032569,DEN,W.Lutz,Wil Lutz,K,SPEC,"https://static.www.nfl.com/image/upload/f_auto,q_auto/league/o99huensfz7qwnygonyg",4,4,0,0,52,1,0,1,2,0,1,0,0,0,0,0,0,0,32;29;35;52,,,148,0,0,1,1,0,0,1,1,52,1,0,0
2023,8,REG,00-0032569,DEN,W.Lutz,Wil Lutz,K,SPEC,"https://static.www.nfl.com/image/upload/f_auto,q_auto/league/o99huensfz7qwnygonyg",1,2,0,1,28,0.5,0,1,0,0,0,0,0,0,0,0,0,0,28,,38,28,0,38,3,3,0,0,1,0,,,,
2023,10,REG,00-0032569,DEN,W.Lutz,Wil Lutz,K,SPEC,"https://static.www.nfl.com/image/upload/f_auto,q_auto/league/o99huensfz7qwnygonyg",4,4,0,0,49,1,0,0,1,3,0,0,0,0,0,0,0,0,40;49;40;36,,,165,0,0,0,1,1,0,0,1,36,1,0,0
2023,11,REG,00-0032569,DEN,W.Lutz,Wil Lutz,K,SPEC,"https://static.www.nfl.com/image/upload/f_auto,q_auto/league/o99huensfz7qwnygonyg",5,5,0,0,52,1,0,1,3,0,1,0,0,0,0,0,0,0,31;31;52;37;28,,,179,0,0,,0,,,,0,,,,
2023,12,REG,00-0032569,DEN,W.Lutz,Wil Lutz,K,SPEC,"https://static.www.nfl.com/image/upload/f_auto,q_auto/league/o99huensfz7qwnygonyg",2,2,0,0,34,1,0,1,1,0,0,0,0,0,0,0,0,0,23;34,,,57,0,0,3,3,0,0,1,0,,,,
2023,13,REG,00-0032569,DEN,W.Lutz,Wil Lutz,K,SPEC,"https://static.www.nfl.com/image/upload/f_auto,q_auto/league/o99huensfz7qwnygonyg",1,1,0,0,34,1,0,0,1,0,0,0,0,0,0,0,0,0,34,,,34,0,0,2,2,0,0,1,0,,,,
2023,14,REG,00-0032569,DEN,W.Lutz,Wil Lutz,K,SPEC,"https://static.www.nfl.com/image/upload/f_auto,q_auto/league/o99huensfz7qwnygonyg",1,1,0,0,23,1,0,1,0,0,0,0,0,0,0,0,0,0,23,,,23,0,0,3,3,0,0,1,0,,,,
2023,15,REG,00-0032569,DEN,W.Lutz,Wil Lutz,K,SPEC,"https://static.www.nfl.com/image/upload/f_auto,q_auto/league/o99huensfz7qwnygonyg",1,1,0,0,23,1,0,1,0,0,0,0,0,0,0,0,0,0,23,,,23,0,0,2,2,0,0,1,0,,,,
2023,16,REG,00-0032569,DEN,W.Lutz,Wil Lutz,K,SPEC,"https://static.www.nfl.com/image/upload/f_auto,q_auto/league/o99huensfz7qwnygonyg",0,1,1,0,,0,0,0,0,0,0,0,0,0,0,0,1,0,,57,,0,57,0,1,1,0,0,1,0,,,,
2023,17,REG,00-0032569,DEN,W.Lutz,Wil Lutz,K,SPEC,"https://static.www.nfl.com/image/upload/f_auto,q_auto/league/o99huensfz7qwnygonyg",3,4,1,0,43,0.75,0,1,1,1,0,0,0,0,0,1,0,0,32;43;20,48,,95,48,0,1,1,0,0,1,0,,,,
2023,18,REG,00-0032569,DEN,W.Lutz,Wil Lutz,K,SPEC,"https://static.www.nfl.com/image/upload/f_auto,q_auto/league/o99huensfz7qwnygonyg",,0,,,,,,,,,,,,,,,,,,,,,,,2,2,0,0,1,0,,,,
2023,1,REG,00-0032726,HOU,K.Fairbairn,Ka'imi Fairbairn,K,SPEC,"https://static.www.nfl.com/image/upload/f_auto,q_auto/league/d14gkuipphr97tzmprpv",3,3,0,0,38,1,0,0,3,0,0,0,0,0,0,0,0,0,35;38;36,,,109,0,0,,0,,,,0,,,,
2023,2,REG,00-0032726,HOU,K.Fairbairn,Ka'imi Fairbairn,K,SPEC,"https://static.www.nfl.com/image/upload/f_auto,q_auto/league/d14gkuipphr97tzmprpv",2,3,1,0,36,0.667,0,1,1,0,0,0,0,0,0,0,1,0,29;36,51,,65,51,0,2,2,0,0,1,0,,,,
2023,3,REG,00-0032726,HOU,K.Fairbairn,Ka'imi Fairbairn,K,SPEC,"https://static.www.nfl.com/image/upload/f_auto,q_auto/league/d14gkuipphr97tzmprpv",3,3,0,0,33,1,0,2,1,0,0,0,0,0,0,0,0,0,28;26;33,,,87,0,0,4,4,0,0,1,0,,,,
2023,4,REG,00-0032726,HOU,K.Fairbairn,Ka'imi Fairbairn,K,SPEC,"https://static.www.nfl.com/image/upload/f_auto,q_auto/league/d14gkuipphr97tzmprpv",3,3,0,0,39,1,0,0,3,0,0,0,0,0,0,0,0,0,36;38;39,,,113,0,0,3,3,0,0,1,0,,,,
2023,5,REG,00-0032726,HOU,K.Fairbairn,Ka'imi Fairbairn,K,SPEC,"https://static.www.nfl.com/image/upload/f_auto,q_auto/league/d14gkuipphr97tzmprpv",4,4,0,0,43,1,0,1,1,2,0,0,0,0,0,0,0,0,38;43;28;42,,,151,0,0,1,1,0,0,1,0,,,,
2023,6,REG,00-0032726,HOU,K.Fairbairn,Ka'imi Fairbairn,K,SPEC,"https://static.www.nfl.com/image/upload/f_auto,q_auto/league/d14gkuipphr97tzmprpv",2,2,0,0,24,1,0,2,0,0,0,0,0,0,0,0,0,0,24;22,,,46,0,0,2,2,0,0,1,0,,,,
2023,8,REG,00-0032726,HOU,K.Fairbairn,Ka'imi Fairbairn,K,SPEC,"https://static.www.nfl.com/image/upload/f_auto,q_auto/league/d14gkuipphr97tzmprpv",,0,,,,,,,,,,,,,,,,,,,,,,,1,1,0,0,1,0,,,,
2023,9,REG,00-0032726,HOU,K.Fairbairn,Ka'imi Fairbairn,K,SPEC,"https://static.www.nfl.com/image/upload/f_auto,q_auto/league/d14gkuipphr97tzmprpv",1,1,0,0,50,1,0,0,0,0,1,0,0,0,0,0,0,0,50,,,50,0,0,1,1,0,0,1,0,,,,
2023,15,REG,00-0032726,HOU,K.Fairbairn,Ka'imi Fairbairn,K,SPEC,"https://static.www.nfl.com/image/upload/f_auto,q_auto/league/d14gkuipphr97tzmprpv",4,4,0,0,54,1,0,2,0,0,2,0,0,0,0,0,0,0,23;27;53;54,,,157,0,0,1,1,0,0,1,1,54,1,0,0
2023,16,REG,00-0032726,HOU,K.Fairbairn,Ka'imi Fairbairn,K,SPEC,"https://static.www.nfl.com/image/upload/f_auto,q_auto/league/d14gkuipphr97tzmprpv",,0,,,,,,,,,,,,,,,,,,,,,,,2,2,0,0,1,0,,,,
2023,17,REG,00-0032726,HOU,K.Fairbairn,Ka'imi Fairbairn,K,SPEC,"https://static.www.nfl.com/image/upload/f_auto,q_auto/league/d14gkuipphr97tzmprpv",4,4,0,0,51,1,0,2,1,0,1,0,0,0,0,0,0,0,28;38;27;51,,,144,0,0,2,2,0,0,1,0,,,,
2023,18,REG,00-0032726,HOU,K.Fairbairn,Ka'imi Fairbairn,K,SPEC,"https://static.www.nfl.com/image/upload/f_auto,q_auto/league/d14gkuipphr97tzmprpv",1,1,0,0,51,1,0,0,0,0,1,0,0,0,0,0,0,0,51,,,51,0,0,2,3,1,0,0.667,0,,,,
2023,19,POST,00-0032726,HOU,K.Fairbairn,Ka'imi Fairbairn,K,SPEC,"https://static.www.nfl.com/image/upload/f_auto,q_auto/league/d14gkuipphr97tzmprpv",1,1,0,0,21,1,0,1,0,0,0,0,0,0,0,0,0,0,21,,,21,0,0,6,6,0,0,1,0,,,,
2023,20,POST,00-0032726,HOU,K.Fairbairn,Ka'imi Fairbairn,K,SPEC,"https://static.www.nfl.com/image/upload/f_auto,q_auto/league/d14gkuipphr97tzmprpv",1,2,1,0,50,0.5,0,0,0,0,1,0,0,0,0,1,0,0,50,47,,50,47,0,1,1,0,0,1,0,,,,
2023,1,REG,00-0033303,KC,H.Butker,Harrison Butker,K,SPEC,"https://static.www.nfl.com/image/upload/f_auto,q_auto/league/nx9u4wjcqwu8qojmtjkf",2,2,0,0,39,1,0,0,2,0,0,0,0,0,0,0,0,0,35;39,,,74,0,0,2,2,0,0,1,0,,,,
2023,2,REG,00-0033303,KC,H.Butker,Harrison Butker,K,SPEC,"https://static.www.nfl.com/image/upload/f_auto,q_auto/league/nx9u4wjcqwu8qojmtjkf",1,1,0,0,38,1,0,0,1,0,0,0,0,0,0,0,0,0,38,,,38,0,0,2,2,0,0,1,0,,,,
2023,3,REG,00-0033303,KC,H.Butker,Harrison Butker,K,SPEC,"https://static.www.nfl.com/image/upload/f_auto,q_auto/league/nx9u4wjcqwu8qojmtjkf",2,2,0,0,41,1,0,0,1,1,0,0,0,0,0,0,0,0,41;38,,,79,0,0,5,5,0,0,1,0,,,,
2023,4,REG,00-0033303,KC,H.Butker,Harrison Butker,K,SPEC,"https://static.www.nfl.com/image/upload/f_auto,q_auto/league/nx9u4wjcqwu8qojmtjkf",3,3,0,0,37,1,0,1,2,0,0,0,0,0,0,0,0,0,37;37;26,,,100,0,0,2,2,0,0,1,1,26,1,0,0
2023,5,REG,00-0033303,KC,H.Butker,Harrison Butker,K,SPEC,"https://static.www.nfl.com/image/upload/f_auto,q_auto/league/nx9u4wjcqwu8qojmtjkf",2,2,0,0,40,1,0,0,1,1,0,0,0,0,0,0,0,0,38;40,,,78,0,0,3,3,0,0,1,0,,,,
2023,6,REG,00-0033303,KC,H.Butker,Harrison Butker,K,SPEC,"https://static.www.nfl.com/image/upload/f_auto,q_auto/league/nx9u4wjcqwu8qojmtjkf",4,4,0,0,60,1,0,1,1,0,1,1,0,0,0,0,0,0,35;60;25;52,,,172,0,0,1,1,0,0,1,0,,,,
2023,7,REG,00-0033303,KC,H.Butker,Harrison Butker,K,SPEC,"https://static.www.nfl.com/image/upload/f_auto,q_auto/league/nx9u4wjcqwu8qojmtjkf",1,1,0,0,35,1,0,0,1,0,0,0,0,0,0,0,0,0,35,,,35,0,0,4,4,0,0,1,0,,,,
2023,8,REG,00-0033303,KC,H.Butker,Harrison Butker,K,SPEC,"https://static.www.nfl.com/image/upload/f_auto,q_auto/league/nx9u4wjcqwu8qojmtjkf",3,3,0,0,56,1,0,1,1,0,1,0,0,0,0,0,0,0,23;34;56,,,113,0,0,,0,,,,0,,,,
2023,9,REG,00-0033303,KC,H.Butker,Harrison Butker,K,SPEC,"https://static.www.nfl.com/image/upload/f_auto,q_auto/league/nx9u4wjcqwu8qojmtjkf",,0,,,,,,,,,,,,,,,,,,,,,,,3,3,0,0,1,0,,,,
2023,11,REG,00-0033303,KC,H.Butker,Harrison Butker,K,SPEC,"https://static.www.nfl.com/image/upload/f_auto,q_auto/league/nx9u4wjcqwu8qojmtjkf",1,1,0,0,43,1,0,0,0,1,0,0,0,0,0,0,0,0,43,,,43,0,0,2,2,0,0,1,0,,,,
2023,12,REG,00-0033303,KC,H.Butker,Harrison Butker,K,SPEC,"https://static.www.nfl.com/image/upload/f_auto,q_auto/league/nx9u4wjcqwu8qojmtjkf",1,1,0,0,32,1,0,0,1,0,0,0,0,0,0,0,0,0,32,,,32,0,0,4,4,0,0,1,0,,,,
2023,13,REG,00-0033303,KC,H.Butker,Harrison Butker,K,SPEC,"https://static.www.nfl.com/image/upload/f_auto,q_auto/league/nx9u4wjcqwu8qojmtjkf",2,2,0,0,34,1,0,0,2,0,0,0,0,0,0,0,0,0,34;34,,,68,0,0,1,1,0,0,1,0,,,,
2023,14,REG,00-0033303,KC,H.Butker,Harrison Butker,K,SPEC,"https://static.www.nfl.com/image/upload/f_auto,q_auto/league/nx9u4wjcqwu8qojmtjkf",1,1,0,0,27,1,0,1,0,0,0,0,0,0,0,0,0,0,27,,,27,0,0,2,2,0,0,1,0,,,,
2023,15,REG,00-0033303,KC,H.Butker,Harrison Butker,K,SPEC,"https://static.www.nfl.com/image/upload/f_auto,q_auto/league/nx9u4wjcqwu8qojmtjkf",2,3,1,0,54,0.667,0,1,0,0,1,0,0,0,1,0,0,0,29;54,39,,83,39,0,3,3,0,0,1,0,,,,
2023,16,REG,00-0033303,KC,H.Butker,Harrison Butker,K,SPEC,"https://static.www.nfl.com/image/upload/f_auto,q_auto/league/nx9u4wjcqwu8qojmtjkf",0,1,1,0,,0,0,0,0,0,0,0,0,0,1,0,0,0,,36,,0,36,0,2,2,0,0,1,0,,,,
2023,17,REG,00-0033303,KC,H.Butker,Harrison Butker,K,SPEC,"https://static.www.nfl.com/image/upload/f_auto,q_auto/league/nx9u4wjcqwu8qojmtjkf",6,6,0,0,54,1,0,2,0,3,1,0,0,0,0,0,0,0,54;43;27;24;48;46,,,242,0,0,1,1,0,0,1,0,,,,
2023,18,REG,00-0033303,KC,H.Butker,Harrison Butker,K,SPEC,"https://static.www.nfl.com/image/upload/f_auto,q_auto/league/nx9u4wjcqwu8qojmtjkf",2,2,0,0,41,1,0,1,0,1,0,0,0,0,0,0,0,0,22;41,,,63,0,0,1,1,0,0,1,1,41,1,0,0
2023,19,POST,00-0033303,KC,H.Butker,Harrison Butker,K,SPEC,"https://static.www.nfl.com/image/upload/f_auto,q_auto/league/nx9u4wjcqwu8qojmtjkf",4,4,0,0,32,1,0,3,1,0,0,0,0,0,0,0,0,0,28;26;32;21,,,107,0,0,2,2,0,0,1,0,,,,
2023,20,POST,00-0033303,KC,H.Butker,Harrison Butker,K,SPEC,"https://static.www.nfl.com/image/upload/f_auto,q_auto/league/nx9u4wjcqwu8qojmtjkf",2,2,0,0,47,1,0,1,0,1,0,0,0,0,0,0,0,0,47;29,,,76,0,0,3,3,0,0,1,0,,,,
2023,21,POST,00-0033303,KC,H.Butker,Harrison Butker,K,SPEC,"https://static.www.nfl.com/image/upload/f_auto,q_auto/league/nx9u4wjcqwu8qojmtjkf",1,1,0,0,52,1,0,0,0,0,1,0,0,0,0,0,0,0,52,,,52,0,0,2,2,0,0,1,0,,,,
2023,22,POST,00-0033303,KC,H.Butker,Harrison Butker,K,SPEC,"https://static.www.nfl.com/image/upload/f_auto,q_auto/league/nx9u4wjcqwu8qojmtjkf",4,4,0,0,57,1,0,3,0,0,1,0,0,0,0,0,0,0,28;57;24;29,,,138,0,0,1,1,0,0,1,0,,,,
2023,1,REG,00-0033702,ATL,Y.Koo,Younghoe Koo,K,SPEC,"https://static.www.nfl.com/image/upload/f_auto,q_auto/league/j70hqvbaerk5ft50appk",1,1,0,0,49,1,0,0,0,1,0,0,0,0,0,0,0,0,49,,,49,0,0,3,3,0,0,1,0,,,,
2023,2,REG,00-0033702,ATL,Y.Koo,Younghoe Koo,K,SPEC,"https://static.www.nfl.com/image/upload/f_auto,q_auto/league/j70hqvbaerk5ft50appk",4,4,0,0,39,1,0,2,2,0,0,0,0,0,0,0,0,0,24;33;39;25,,,121,0,0,1,2,1,0,0.5,1,25,1,0,0
2023,3,REG,00-0033702,ATL,Y.Koo,Younghoe Koo,K,SPEC,"https://static.www.nfl.com/image/upload/f_auto,q_auto/league/j70hqvbaerk5ft50appk",2,3,1,0,48,0.667,0,1,0,1,0,0,0,0,0,1,0,0,48;24,47,,72,47,0,,0,,,,0,,,,
2023,4,REG,00-0033702,ATL,Y.Koo,Younghoe Koo,K,SPEC,"https://static.www.nfl.com/image/upload/f_auto,q_auto/league/j70hqvbaerk5ft50appk",,0,,,,,,,,,,,,,,,,,,,,,,,1,1,0,0,1,0,,,,
2023,5,REG,00-0033702,ATL,Y.Koo,Younghoe Koo,K,SPEC,"https://static.www.nfl.com/image/upload/f_auto,q_auto/league/j70hqvbaerk5ft50appk",2,2,0,0,37,1,0,0,2,0,0,0,0,0,0,0,0,0,33;37,,,70,0,0,1,1,0,0,1,1,37,1,0,0
2023,6,REG,00-0033702,ATL,Y.Koo,Younghoe Koo,K,SPEC,"https://static.www.nfl.com/image/upload/f_auto,q_auto/league/j70hqvbaerk5ft50appk",1,1,0,0,47,1,0,0,0,1,0,0,0,0,0,0,0,0,47,,,47,0,0,1,1,0,0,1,0,,,,
2023,7,REG,00-0033702,ATL,Y.Koo,Younghoe Koo,K,SPEC,"https://static.www.nfl.com/image/upload/f_auto,q_auto/league/j70hqvbaerk5ft50appk",3,3,0,0,51,1,0,1,0,1,1,0,0,0,0,0,0,0,24;41;51,,,116,0,0,1,1,0,0,1,1,51,1,0,0
2023,8,REG,00-0033702,ATL,Y.Koo,Younghoe Koo,K,SPEC,"https://static.www.nfl.com/image/upload/f_auto,q_auto/league/j70hqvbaerk5ft50appk",3,3,0,0,49,1,0,1,1,1,0,0,0,0,0,0,0,0,29;49;39,,,117,0,0,2,2,0,0,1,0,,,,
2023,9,REG,00-0033702,ATL,Y.Koo,Younghoe Koo,K,SPEC,"https://static.www.nfl.com/image/upload/f_auto,q_auto/league/j70hqvbaerk5ft50appk",4,4,0,0,54,1,0,1,0,1,2,0,0,0,0,0,0,0,52;43;23;54,,,172,0,0,2,2,0,0,1,0,,,,
2023,10,REG,00-0033702,ATL,Y.Koo,Younghoe Koo,K,SPEC,"https://static.www.nfl.com/image/upload/f_auto,q_auto/league/j70hqvbaerk5ft50appk",1,1,0,0,36,1,0,0,1,0,0,0,0,0,0,0,0,0,36,,,36,0,0,2,2,0,0,1,1,36,1,0,0
2023,12,REG,00-0033702,ATL,Y.Koo,Younghoe Koo,K,SPEC,"https://static.www.nfl.com/image/upload/f_auto,q_auto/league/j70hqvbaerk5ft50appk",1,1,0,0,39,1,0,0,1,0,0,0,0,0,0,0,0,0,39,,,39,0,0,3,3,0,0,1,0,,,,
2023,13,REG,00-0033702,ATL,Y.Koo,Younghoe Koo,K,SPEC,"https://static.www.nfl.com/image/upload/f_auto,q_auto/league/j70hqvbaerk5ft50appk",2,2,0,0,42,1,0,1,0,1,0,0,0,0,0,0,0,0,22;42,,,64,0,0,1,1,0,0,1,0,,,,
2023,14,REG,00-0033702,ATL,Y.Koo,Younghoe Koo,K,SPEC,"https://static.www.nfl.com/image/upload/f_auto,q_auto/league/j70hqvbaerk5ft50appk",1,3,2,0,20,0.333,0,1,0,0,0,0,0,0,0,0,2,0,20,50;52,,20,102,0,2,2,0,0,1,0,,,,
2023,15,REG,00-0033702,ATL,Y.Koo,Younghoe Koo,K,SPEC,"https://static.www.nfl.com/image/upload/f_auto,q_auto/league/j70hqvbaerk5ft50appk",,0,,,,,,,,,,,,,,,,,,,,,,,1,1,0,0,1,0,,,,
2023,16,REG,00-0033702,ATL,Y.Koo,Younghoe Koo,K,SPEC,"https://static.www.nfl.com/image/upload/f_auto,q_auto/league/j70hqvbaerk5ft50appk",5,5,0,0,47,1,0,2,1,2,0,0,0,0,0,0,0,0,23;47;41;35;25,,,171,0,0,2,2,0,0,1,0,,,,
2023,17,REG,00-0033702,ATL,Y.Koo,Younghoe Koo,K,SPEC,"https://static.www.nfl.com/image/upload/f_auto,q_auto/league/j70hqvbaerk5ft50appk",1,3,2,0,38,0.333,0,0,1,0,0,0,0,0,0,1,1,0,38,50;42,,38,92,0,2,2,0,0,1,0,,,,
2023,18,REG,00-0033702,ATL,Y.Koo,Younghoe Koo,K,SPEC,"https://static.www.nfl.com/image/upload/f_auto,q_auto/league/j70hqvbaerk5ft50appk",1,1,0,0,30,1,0,0,1,0,0,0,0,0,0,0,0,0,30,,,30,0,0,2,2,0,0,1,0,,,,
2023,1,REG,00-0033787,PHI,J.Elliott,Jake Elliott,K,SPEC,"https://static.www.nfl.com/image/upload/f_auto,q_auto/league/i8ukmvghlwc2to4up8zp",4,4,0,0,56,1,0,0,1,1,2,0,0,0,0,0,0,0,32;56;48;51,,,187,0,0,1,2,1,0,0.5,0,,,,
2023,2,REG,00-0033787,PHI,J.Elliott,Jake Elliott,K,SPEC,"https://static.www.nfl.com/image/upload/f_auto,q_auto/league/i8ukmvghlwc2to4up8zp",2,3,1,0,61,0.667,0,1,0,0,0,1,0,0,0,0,1,0,24;61,55,,85,55,0,4,4,0,0,1,0,,,,
2023,3,REG,00-0033787,PHI,J.Elliott,Jake Elliott,K,SPEC,"https://static.www.nfl.com/image/upload/f_auto,q_auto/league/i8ukmvghlwc2to4up8zp",3,3,0,0,38,1,0,1,2,0,0,0,0,0,0,0,0,0,36;38;26,,,100,0,0,2,2,0,0,1,0,,,,
2023,4,REG,00-0033787,PHI,J.Elliott,Jake Elliott,K,SPEC,"https://static.www.nfl.com/image/upload/f_auto,q_auto/league/i8ukmvghlwc2to4up8zp",4,4,0,0,54,1,0,0,1,2,1,0,0,0,0,0,0,0,41;47;36;54,,,178,0,0,2,2,0,0,1,1,54,1,0,0
2023,5,REG,00-0033787,PHI,J.Elliott,Jake Elliott,K,SPEC,"https://static.www.nfl.com/image/upload/f_auto,q_auto/league/i8ukmvghlwc2to4up8zp",3,3,0,0,34,1,0,2,1,0,0,0,0,0,0,0,0,0,34;26;26,,,86,0,0,2,2,0,0,1,0,,,,
2023,6,REG,00-0033787,PHI,J.Elliott,Jake Elliott,K,SPEC,"https://static.www.nfl.com/image/upload/f_auto,q_auto/league/i8ukmvghlwc2to4up8zp",0,1,1,0,,0,0,0,0,0,0,0,0,0,1,0,0,0,,37,,0,37,0,2,2,0,0,1,0,,,,
2023,7,REG,00-0033787,PHI,J.Elliott,Jake Elliott,K,SPEC,"https://static.www.nfl.com/image/upload/f_auto,q_auto/league/i8ukmvghlwc2to4up8zp",1,1,0,0,24,1,0,1,0,0,0,0,0,0,0,0,0,0,24,,,24,0,0,4,4,0,0,1,0,,,,
2023,8,REG,00-0033787,PHI,J.Elliott,Jake Elliott,K,SPEC,"https://static.www.nfl.com/image/upload/f_auto,q_auto/league/i8ukmvghlwc2to4up8zp",1,1,0,0,51,1,0,0,0,0,1,0,0,0,0,0,0,0,51,,,51,0,0,5,5,0,0,1,0,,,,
2023,9,REG,00-0033787,PHI,J.Elliott,Jake Elliott,K,SPEC,"https://static.www.nfl.com/image/upload/f_auto,q_auto/league/i8ukmvghlwc2to4up8zp",,0,,,,,,,,,,,,,,,,,,,,,,,4,4,0,0,1,0,,,,
2023,11,REG,00-0033787,PHI,J.Elliott,Jake Elliott,K,SPEC,"https://static.www.nfl.com/image/upload/f_auto,q_auto/league/i8ukmvghlwc2to4up8zp",,0,,,,,,,,,,,,,,,,,,,,,,,3,3,0,0,1,0,,,,
2023,12,REG,00-0033787,PHI,J.Elliott,Jake Elliott,K,SPEC,"https://static.www.nfl.com/image/upload/f_auto,q_auto/league/i8ukmvghlwc2to4up8zp",1,1,0,0,59,1,0,0,0,0,1,0,0,0,0,0,0,0,59,,,59,0,0,4,4,0,0,1,0,,,,
2023,13,REG,00-0033787,PHI,J.Elliott,Jake Elliott,K,SPEC,"https://static.www.nfl.com/image/upload/f_auto,q_auto/league/i8ukmvghlwc2to4up8zp",2,2,0,0,39,1,0,1,1,0,0,0,0,0,0,0,0,0,26;39,,,65,0,0,1,1,0,0,1,0,,,,
2023,14,REG,00-0033787,PHI,J.Elliott,Jake Elliott,K,SPEC,"https://static.www.nfl.com/image/upload/f_auto,q_auto/league/i8ukmvghlwc2to4up8zp",2,2,0,0,52,1,0,0,0,1,1,0,0,0,0,0,0,0,52;44,,,96,0,0,1,1,0,0,1,0,,,,
2023,15,REG,00-0033787,PHI,J.Elliott,Jake Elliott,K,SPEC,"https://static.www.nfl.com/image/upload/f_auto,q_auto/league/i8ukmvghlwc2to4up8zp",1,1,0,0,27,1,0,1,0,0,0,0,0,0,0,0,0,0,27,,,27,0,0,2,2,0,0,1,0,,,,
2023,16,REG,00-0033787,PHI,J.Elliott,Jake Elliott,K,SPEC,"https://static.www.nfl.com/image/upload/f_auto,q_auto/league/i8ukmvghlwc2to4up8zp",4,4,0,0,44,1,0,2,0,2,0,0,0,0,0,0,0,0,28;21;44;43,,,136,0,0,3,3,0,0,1,0,,,,
2023,17,REG,00-0033787,PHI,J.Elliott,Jake Elliott,K,SPEC,"https://static.www.nfl.com/image/upload/f_auto,q_auto/league/i8ukmvghlwc2to4up8zp",1,1,0,0,43,1,0,0,0,1,0,0,0,0,0,0,0,0,43,,,43,0,0,4,4,0,0,1,0,,,,
2023,18,REG,00-0033787,PHI,J.Elliott,Jake Elliott,K,SPEC,"https://static.www.nfl.com/image/upload/f_auto,q_auto/league/i8ukmvghlwc2to4up8zp",1,1,0,0,36,1,0,0,1,0,0,0,0,0,0,0,0,0,36,,,36,0,0,1,1,0,0,1,0,,,,
2023,19,POST,00-0033787,PHI,J.Elliott,Jake Elliott,K,SPEC,"https://static.www.nfl.com/image/upload/f_auto,q_auto/league/i8ukmvghlwc2to4up8zp",1,1,0,0,47,1,0,0,0,1,0,0,0,0,0,0,0,0,47,,,47,0,0,,0,,,,0,,,,
2023,9,REG,00-0033854,HOU,D.Ogunbowale,Dare Ogunbowale,RB,RB,"https://static.www.nfl.com/image/upload/f_auto,q_auto/league/kzthvzy64jesgizjthwx",1,1,0,0,29,1,0,1,0,0,0,0,0,0,0,0,0,0,29,,,29,0,0,,0,,,,1,29,1,0,0
2023,15,REG,00-0034084,DET,M.Badgley,Michael Badgley,K,SPEC,"https://static.www.nfl.com/image/upload/f_auto,q_auto/league/ypn2qljwkyly4pdzt7vb",,0,,,,,,,,,,,,,,,,,,,,,,,6,6,0,0,1,0,,,,
2023,16,REG,00-0034084,DET,M.Badgley,Michael Badgley,K,SPEC,"https://static.www.nfl.com/image/upload/f_auto,q_auto/league/ypn2qljwkyly4pdzt7vb",1,1,0,0,37,1,0,0,1,0,0,0,0,0,0,0,0,0,37,,,37,0,0,3,4,0,1,0.75,0,,,,
2023,17,REG,00-0034084,DET,M.Badgley,Michael Badgley,K,SPEC,"https://static.www.nfl.com/image/upload/f_auto,q_auto/league/ypn2qljwkyly4pdzt7vb",2,2,0,0,41,1,0,0,1,1,0,0,0,0,0,0,0,0,41;30,,,71,0,0,1,1,0,0,1,0,,,,
2023,18,REG,00-0034084,DET,M.Badgley,Michael Badgley,K,SPEC,"https://static.www.nfl.com/image/upload/f_auto,q_auto/league/ypn2qljwkyly4pdzt7vb",1,1,0,0,39,1,0,0,1,0,0,0,0,0,0,0,0,0,39,,,39,0,0,3,4,1,0,0.75,0,,,,
2023,19,POST,00-0034084,DET,M.Badgley,Michael Badgley,K,SPEC,"https://static.www.nfl.com/image/upload/f_auto,q_auto/league/ypn2qljwkyly4pdzt7vb",1,1,0,0,54,1,0,0,0,0,1,0,0,0,0,0,0,0,54,,,54,0,0,3,3,0,0,1,0,,,,
2023,20,POST,00-0034084,DET,M.Badgley,Michael Badgley,K,SPEC,"https://static.www.nfl.com/image/upload/f_auto,q_auto/league/ypn2qljwkyly4pdzt7vb",1,1,0,0,23,1,0,1,0,0,0,0,0,0,0,0,0,0,23,,,23,0,0,4,4,0,0,1,0,,,,
2023,21,POST,00-0034084,DET,M.Badgley,Michael Badgley,K,SPEC,"https://static.www.nfl.com/image/upload/f_auto,q_auto/league/ypn2qljwkyly4pdzt7vb",1,1,0,0,21,1,0,1,0,0,0,0,0,0,0,0,0,0,21,,,21,0,0,4,4,0,0,1,0,,,,
2023,1,REG,00-0034161,LV,D.Carlson,Daniel Carlson,K,SPEC,"https://static.www.nfl.com/image/upload/f_auto,q_auto/league/hmi2uz3snvfcxgfrsv5j",1,1,0,0,24,1,0,1,0,0,0,0,0,0,0,0,0,0,24,,,24,0,0,2,2,0,0,1,0,,,,
2023,2,REG,00-0034161,LV,D.Carlson,Daniel Carlson,K,SPEC,"https://static.www.nfl.com/image/upload/f_auto,q_auto/league/hmi2uz3snvfcxgfrsv5j",1,1,0,0,47,1,0,0,0,1,0,0,0,0,0,0,0,0,47,,,47,0,0,1,1,0,0,1,0,,,,
2023,3,REG,00-0034161,LV,D.Carlson,Daniel Carlson,K,SPEC,"https://static.www.nfl.com/image/upload/f_auto,q_auto/league/hmi2uz3snvfcxgfrsv5j",1,1,0,0,26,1,0,1,0,0,0,0,0,0,0,0,0,0,26,,,26,0,0,1,1,0,0,1,0,,,,
2023,4,REG,00-0034161,LV,D.Carlson,Daniel Carlson,K,SPEC,"https://static.www.nfl.com/image/upload/f_auto,q_auto/league/hmi2uz3snvfcxgfrsv5j",1,1,0,0,22,1,0,1,0,0,0,0,0,0,0,0,0,0,22,,,22,0,0,2,2,0,0,1,0,,,,
2023,5,REG,00-0034161,LV,D.Carlson,Daniel Carlson,K,SPEC,"https://static.www.nfl.com/image/upload/f_auto,q_auto/league/hmi2uz3snvfcxgfrsv5j",1,3,1,1,26,0.333,0,1,0,0,0,0,0,0,0,0,1,0,26,52,53,26,52,53,2,2,0,0,1,0,,,,
2023,6,REG,00-0034161,LV,D.Carlson,Daniel Carlson,K,SPEC,"https://static.www.nfl.com/image/upload/f_auto,q_auto/league/hmi2uz3snvfcxgfrsv5j",4,4,0,0,37,1,0,2,2,0,0,0,0,0,0,0,0,0,25;37;30;24,,,116,0,0,1,1,0,0,1,0,,,,
2023,7,REG,00-0034161,LV,D.Carlson,Daniel Carlson,K,SPEC,"https://static.www.nfl.com/image/upload/f_auto,q_auto/league/hmi2uz3snvfcxgfrsv5j",2,3,1,0,40,0.667,0,1,0,1,0,0,0,0,0,1,0,0,40;25,41,,65,41,0,,0,,,,0,,,,
2023,8,REG,00-0034161,LV,D.Carlson,Daniel Carlson,K,SPEC,"https://static.www.nfl.com/image/upload/f_auto,q_auto/league/hmi2uz3snvfcxgfrsv5j",,0,,,,,,,,,,,,,,,,,,,,,,,2,2,0,0,1,0,,,,
2023,9,REG,00-0034161,LV,D.Carlson,Daniel Carlson,K,SPEC,"https://static.www.nfl.com/image/upload/f_auto,q_auto/league/hmi2uz3snvfcxgfrsv5j",3,3,0,0,46,1,0,1,0,2,0,0,0,0,0,0,0,0,24;46;41,,,111,0,0,3,3,0,0,1,0,,,,
2023,10,REG,00-0034161,LV,D.Carlson,Daniel Carlson,K,SPEC,"https://static.www.nfl.com/image/upload/f_auto,q_auto/league/hmi2uz3snvfcxgfrsv5j",3,3,0,0,54,1,0,0,0,2,1,0,0,0,0,0,0,0,41;54;40,,,135,0,0,1,1,0,0,1,0,,,,
2023,11,REG,00-0034161,LV,D.Carlson,Daniel Carlson,K,SPEC,"https://static.www.nfl.com/image/upload/f_auto,q_auto/league/hmi2uz3snvfcxgfrsv5j",2,2,0,0,47,1,0,0,1,1,0,0,0,0,0,0,0,0,34;47,,,81,0,0,1,1,0,0,1,0,,,,
2023,12,REG,00-0034161,LV,D.Carlson,Daniel Carlson,K,SPEC,"https://static.www.nfl.com/image/upload/f_auto,q_auto/league/hmi2uz3snvfcxgfrsv5j",1,2,1,0,34,0.5,0,0,1,0,0,0,0,0,1,0,0,0,34,30,,34,30,0,2,2,0,0,1,0,,,,
2023,15,REG,00-0034161,LV,D.Carlson,Daniel Carlson,K,SPEC,"https://static.www.nfl.com/image/upload/f_auto,q_auto/league/hmi2uz3snvfcxgfrsv5j",,0,,,,,,,,,,,,,,,,,,,,,,,9,9,0,0,1,0,,,,
2023,16,REG,00-0034161,LV,D.Carlson,Daniel Carlson,K,SPEC,"https://static.www.nfl.com/image/upload/f_auto,q_auto/league/hmi2uz3snvfcxgfrsv5j",2,2,0,0,35,1,0,1,1,0,0,0,0,0,0,0,0,0,24;35,,,59,0,0,,0,,,,0,,,,
2023,17,REG,00-0034161,LV,D.Carlson,Daniel Carlson,K,SPEC,"https://static.www.nfl.com/image/upload/f_auto,q_auto/league/hmi2uz3snvfcxgfrsv5j",2,2,0,0,40,1,0,0,1,1,0,0,0,0,0,0,0,0,40;33,,,73,0,0,2,2,0,0,1,0,,,,
2023,18,REG,00-0034161,LV,D.Carlson,Daniel Carlson,K,SPEC,"https://static.www.nfl.com/image/upload/f_auto,q_auto/league/hmi2uz3snvfcxgfrsv5j",2,2,0,0,49,1,0,1,0,1,0,0,0,0,0,0,0,0,49;21,,,70,0,0,3,3,0,0,1,0,,,,
2023,1,REG,00-0034173,CAR,E.Pineiro,Eddy Pineiro,K,SPEC,"https://static.www.nfl.com/image/upload/f_auto,q_auto/league/ybta3otz713o8xykkwjc",1,1,0,0,43,1,0,0,0,1,0,0,0,0,0,0,0,0,43,,,43,0,0,1,1,0,0,1,1,43,1,0,0
2023,2,REG,00-0034173,CAR,E.Pineiro,Eddy Pineiro,K,SPEC,"https://static.www.nfl.com/image/upload/f_auto,q_auto/league/ybta3otz713o8xykkwjc",3,3,0,0,54,1,0,0,1,0,2,0,0,0,0,0,0,0,52;54;36,,,142,0,0,,0,,,,0,,,,
2023,3,REG,00-0034173,CAR,E.Pineiro,Eddy Pineiro,K,SPEC,"https://static.www.nfl.com/image/upload/f_auto,q_auto/league/ybta3otz713o8xykkwjc",2,3,1,0,47,0.667,0,0,0,2,0,0,0,0,0,0,1,0,47;44,55,,91,55,0,3,3,0,0,1,0,,,,
2023,4,REG,00-0034173,CAR,E.Pineiro,Eddy Pineiro,K,SPEC,"https://static.www.nfl.com/image/upload/f_auto,q_auto/league/ybta3otz713o8xykkwjc",2,2,0,0,56,1,0,1,0,0,1,0,0,0,0,0,0,0,26;56,,,82,0,0,1,1,0,0,1,0,,,,
2023,5,REG,00-0034173,CAR,E.Pineiro,Eddy Pineiro,K,SPEC,"https://static.www.nfl.com/image/upload/f_auto,q_auto/league/ybta3otz713o8xykkwjc",1,1,0,0,33,1,0,0,1,0,0,0,0,0,0,0,0,0,33,,,33,0,0,3,3,0,0,1,0,,,,
2023,6,REG,00-0034173,CAR,E.Pineiro,Eddy Pineiro,K,SPEC,"https://static.www.nfl.com/image/upload/f_auto,q_auto/league/ybta3otz713o8xykkwjc",0,1,1,0,,0,0,0,0,0,0,0,0,0,0,1,0,0,,43,,0,43,0,3,3,0,0,1,0,,,,
2023,8,REG,00-0034173,CAR,E.Pineiro,Eddy Pineiro,K,SPEC,"https://static.www.nfl.com/image/upload/f_auto,q_auto/league/ybta3otz713o8xykkwjc",3,3,0,0,46,1,0,1,1,1,0,0,0,0,0,0,0,0,46;37;23,,,106,0,0,0,1,1,0,0,1,23,1,0,0
2023,9,REG,00-0034173,CAR,E.Pineiro,Eddy Pineiro,K,SPEC,"https://static.www.nfl.com/image/upload/f_auto,q_auto/league/ybta3otz713o8xykkwjc",2,2,0,0,49,1,0,0,1,1,0,0,0,0,0,0,0,0,35;49,,,84,0,0,1,1,0,0,1,0,,,,
2023,10,REG,00-0034173,CAR,E.Pineiro,Eddy Pineiro,K,SPEC,"https://static.www.nfl.com/image/upload/f_auto,q_auto/league/ybta3otz713o8xykkwjc",2,3,1,0,39,0.667,0,0,2,0,0,0,0,0,0,0,1,0,33;39,59,,72,59,0,1,1,0,0,1,0,,,,
2023,11,REG,00-0034173,CAR,E.Pineiro,Eddy Pineiro,K,SPEC,"https://static.www.nfl.com/image/upload/f_auto,q_auto/league/ybta3otz713o8xykkwjc",1,1,0,0,42,1,0,0,0,1,0,0,0,0,0,0,0,0,42,,,42,0,0,1,1,0,0,1,0,,,,
2023,12,REG,00-0034173,CAR,E.Pineiro,Eddy Pineiro,K,SPEC,"https://static.www.nfl.com/image/upload/f_auto,q_auto/league/ybta3otz713o8xykkwjc",1,1,0,0,50,1,0,0,0,0,1,0,0,0,0,0,0,0,50,,,50,0,0,1,1,0,0,1,0,,,,
2023,13,REG,00-0034173,CAR,E.Pineiro,Eddy Pineiro,K,SPEC,"https://static.www.nfl.com/image/upload/f_auto,q_auto/league/ybta3otz713o8xykkwjc",1,1,0,0,23,1,0,1,0,0,0,0,0,0,0,0,0,0,23,,,23,0,0,1,1,0,0,1,0,,,,
2023,14,REG,00-0034173,CAR,E.Pineiro,Eddy Pineiro,K,SPEC,"https://static.www.nfl.com/image/upload/f_auto,q_auto/league/ybta3otz713o8xykkwjc",2,3,1,0,47,0.667,0,1,0,1,0,0,0,0,0,1,0,0,47;29,41,,76,41,0,,0,,,,0,,,,
2023,15,REG,00-0034173,CAR,E.Pineiro,Eddy Pineiro,K,SPEC,"https://static.www.nfl.com/image/upload/f_auto,q_auto/league/ybta3otz713o8xykkwjc",3,3,0,0,34,1,0,2,1,0,0,0,0,0,0,0,0,0,34;25;23,,,82,0,0,,0,,,,1,23,1,0,0
2023,16,REG,00-0034173,CAR,E.Pineiro,Eddy Pineiro,K,SPEC,"https://static.www.nfl.com/image/upload/f_auto,q_auto/league/ybta3otz713o8xykkwjc",1,1,0,0,52,1,0,0,0,0,1,0,0,0,0,0,0,0,52,,,52,0,0,1,3,2,0,0.333,0,,,,
2023,1,REG,00-0034450,MIN,G.Joseph,Greg Joseph,K,SPEC,"https://static.www.nfl.com/image/upload/f_auto,q_auto/league/ginorlxfefllpy5kbhsr",1,1,0,0,25,1,0,1,0,0,0,0,0,0,0,0,0,0,25,,,25,0,0,2,2,0,0,1,0,,,,
2023,2,REG,00-0034450,MIN,G.Joseph,Greg Joseph,K,SPEC,"https://static.www.nfl.com/image/upload/f_auto,q_auto/league/ginorlxfefllpy5kbhsr",,0,,,,,,,,,,,,,,,,,,,,,,,4,4,0,0,1,0,,,,
2023,3,REG,00-0034450,MIN,G.Joseph,Greg Joseph,K,SPEC,"https://static.www.nfl.com/image/upload/f_auto,q_auto/league/ginorlxfefllpy5kbhsr",1,1,0,0,23,1,0,1,0,0,0,0,0,0,0,0,0,0,23,,,23,0,0,3,3,0,0,1,0,,,,
2023,4,REG,00-0034450,MIN,G.Joseph,Greg Joseph,K,SPEC,"https://static.www.nfl.com/image/upload/f_auto,q_auto/league/ginorlxfefllpy5kbhsr",,0,,,,,,,,,,,,,,,,,,,,,,,3,3,0,0,1,0,,,,
2023,5,REG,00-0034450,MIN,G.Joseph,Greg Joseph,K,SPEC,"https://static.www.nfl.com/image/upload/f_auto,q_auto/league/ginorlxfefllpy5kbhsr",2,2,0,0,40,1,0,1,0,1,0,0,0,0,0,0,0,0,40;29,,,69,0,0,2,2,0,0,1,0,,,,
2023,6,REG,00-0034450,MIN,G.Joseph,Greg Joseph,K,SPEC,"https://static.www.nfl.com/image/upload/f_auto,q_auto/league/ginorlxfefllpy5kbhsr",2,3,1,0,53,0.667,0,0,0,0,2,0,0,0,0,0,1,0,53;51,57,,104,57,0,1,2,0,1,0.5,0,,,,
2023,7,REG,00-0034450,MIN,G.Joseph,Greg Joseph,K,SPEC,"https://static.www.nfl.com/image/upload/f_auto,q_auto/league/ginorlxfefllpy5kbhsr",3,4,1,0,54,0.75,0,2,0,0,1,0,0,0,0,0,1,0,21;20;54,50,,95,50,0,1,2,1,0,0.5,0,,,,
2023,8,REG,00-0034450,MIN,G.Joseph,Greg Joseph,K,SPEC,"https://static.www.nfl.com/image/upload/f_auto,q_auto/league/ginorlxfefllpy5kbhsr",1,3,1,1,25,0.333,0,1,0,0,0,0,0,0,0,1,0,0,25,42,44,25,42,44,3,3,0,0,1,0,,,,
2023,9,REG,00-0034450,MIN,G.Joseph,Greg Joseph,K,SPEC,"https://static.www.nfl.com/image/upload/f_auto,q_auto/league/ginorlxfefllpy5kbhsr",3,3,0,0,32,1,1,0,2,0,0,0,0,0,0,0,0,0,19;32;31,,,82,0,0,2,2,0,0,1,0,,,,
2023,10,REG,00-0034450,MIN,G.Joseph,Greg Joseph,K,SPEC,"https://static.www.nfl.com/image/upload/f_auto,q_auto/league/ginorlxfefllpy5kbhsr",2,3,1,0,40,0.667,0,0,1,1,0,0,0,0,0,0,1,0,40;33,54,,73,54,0,3,3,0,0,1,0,,,,
2023,11,REG,00-0034450,MIN,G.Joseph,Greg Joseph,K,SPEC,"https://static.www.nfl.com/image/upload/f_auto,q_auto/league/ginorlxfefllpy5kbhsr",2,2,0,0,34,1,0,0,2,0,0,0,0,0,0,0,0,0,34;30,,,64,0,0,2,2,0,0,1,0,,,,
2023,12,REG,00-0034450,MIN,G.Joseph,Greg Joseph,K,SPEC,"https://static.www.nfl.com/image/upload/f_auto,q_auto/league/ginorlxfefllpy5kbhsr",1,1,0,0,34,1,0,0,1,0,0,0,0,0,0,0,0,0,34,,,34,0,0,1,1,0,0,1,0,,,,
2023,14,REG,00-0034450,MIN,G.Joseph,Greg Joseph,K,SPEC,"https://static.www.nfl.com/image/upload/f_auto,q_auto/league/ginorlxfefllpy5kbhsr",1,2,1,0,36,0.5,0,0,1,0,0,0,0,0,0,1,0,0,36,49,,36,49,0,,0,,,,1,36,1,0,0
2023,15,REG,00-0034450,MIN,G.Joseph,Greg Joseph,K,SPEC,"https://static.www.nfl.com/image/upload/f_auto,q_auto/league/ginorlxfefllpy5kbhsr",1,1,0,0,39,1,0,0,1,0,0,0,0,0,0,0,0,0,39,,,39,0,0,3,3,0,0,1,0,,,,
2023,16,REG,00-0034450,MIN,G.Joseph,Greg Joseph,K,SPEC,"https://static.www.nfl.com/image/upload/f_auto,q_auto/league/ginorlxfefllpy5kbhsr",1,1,0,0,26,1,0,1,0,0,0,0,0,0,0,0,0,0,26,,,26,0,0,3,3,0,0,1,0,,,,
2023,17,REG,00-0034450,MIN,G.Joseph,Greg Joseph,K,SPEC,"https://static.www.nfl.com/image/upload/f_auto,q_auto/league/ginorlxfefllpy5kbhsr",1,1,0,0,54,1,0,0,0,0,1,0,0,0,0,0,0,0,54,,,54,0,0,1,1,0,0,1,0,,,,
2023,18,REG,00-0034450,MIN,G.Joseph,Greg Joseph,K,SPEC,"https://static.www.nfl.com/image/upload/f_auto,q_auto/league/ginorlxfefllpy5kbhsr",2,2,0,0,43,1,0,0,1,1,0,0,0,0,0,0,0,0,39;43,,,82,0,0,2,2,0,0,1,0,,,,
2023,1,REG,00-0034794,MIA,J.Sanders,Jason Sanders,K,SPEC,"https://static.www.nfl.com/image/upload/f_auto,q_auto/league/zwbiuppgvkumtpntxo75",3,3,0,0,45,1,0,1,0,2,0,0,0,0,0,0,0,0,23;41;45,,,109,0,0,3,4,1,0,0.75,0,,,,
2023,2,REG,00-0034794,MIA,J.Sanders,Jason Sanders,K,SPEC,"https://static.www.nfl.com/image/upload/f_auto,q_auto/league/zwbiuppgvkumtpntxo75",1,3,1,1,23,0.333,0,1,0,0,0,0,0,0,0,0,1,0,23,55,49,23,55,49,3,3,0,0,1,0,,,,
2023,3,REG,00-0034794,MIA,J.Sanders,Jason Sanders,K,SPEC,"https://static.www.nfl.com/image/upload/f_auto,q_auto/league/zwbiuppgvkumtpntxo75",,0,,,,,,,,,,,,,,,,,,,,,,,10,10,0,0,1,0,,,,
2023,4,REG,00-0034794,MIA,J.Sanders,Jason Sanders,K,SPEC,"https://static.www.nfl.com/image/upload/f_auto,q_auto/league/zwbiuppgvkumtpntxo75",,0,,,,,,,,,,,,,,,,,,,,,,,2,2,0,0,1,0,,,,
2023,5,REG,00-0034794,MIA,J.Sanders,Jason Sanders,K,SPEC,"https://static.www.nfl.com/image/upload/f_auto,q_auto/league/zwbiuppgvkumtpntxo75",1,1,0,0,40,1,0,0,0,1,0,0,0,0,0,0,0,0,40,,,40,0,0,4,4,0,0,1,0,,,,
2023,6,REG,00-0034794,MIA,J.Sanders,Jason Sanders,K,SPEC,"https://static.www.nfl.com/image/upload/f_auto,q_auto/league/zwbiuppgvkumtpntxo75",,0,,,,,,,,,,,,,,,,,,,,,,,6,6,0,0,1,0,,,,
2023,7,REG,00-0034794,MIA,J.Sanders,Jason Sanders,K,SPEC,"https://static.www.nfl.com/image/upload/f_auto,q_auto/league/zwbiuppgvkumtpntxo75",1,1,0,0,40,1,0,0,0,1,0,0,0,0,0,0,0,0,40,,,40,0,0,2,2,0,0,1,0,,,,
2023,8,REG,00-0034794,MIA,J.Sanders,Jason Sanders,K,SPEC,"https://static.www.nfl.com/image/upload/f_auto,q_auto/league/zwbiuppgvkumtpntxo75",1,1,0,0,30,1,0,0,1,0,0,0,0,0,0,0,0,0,30,,,30,0,0,4,4,0,0,1,0,,,,
2023,9,REG,00-0034794,MIA,J.Sanders,Jason Sanders,K,SPEC,"https://static.www.nfl.com/image/upload/f_auto,q_auto/league/zwbiuppgvkumtpntxo75",,0,,,,,,,,,,,,,,,,,,,,,,,2,2,0,0,1,0,,,,
2023,11,REG,00-0034794,MIA,J.Sanders,Jason Sanders,K,SPEC,"https://static.www.nfl.com/image/upload/f_auto,q_auto/league/zwbiuppgvkumtpntxo75",2,3,1,0,51,0.667,0,0,0,1,1,0,0,0,0,0,1,0,41;51,50,,92,50,0,2,2,0,0,1,0,,,,
2023,12,REG,00-0034794,MIA,J.Sanders,Jason Sanders,K,SPEC,"https://static.www.nfl.com/image/upload/f_auto,q_auto/league/zwbiuppgvkumtpntxo75",2,2,0,0,54,1,0,0,1,0,1,0,0,0,0,0,0,0,38;54,,,92,0,0,4,4,0,0,1,0,,,,
2023,13,REG,00-0034794,MIA,J.Sanders,Jason Sanders,K,SPEC,"https://static.www.nfl.com/image/upload/f_auto,q_auto/league/zwbiuppgvkumtpntxo75",1,1,0,0,49,1,0,0,0,1,0,0,0,0,0,0,0,0,49,,,49,0,0,6,6,0,0,1,0,,,,
2023,14,REG,00-0034794,MIA,J.Sanders,Jason Sanders,K,SPEC,"https://static.www.nfl.com/image/upload/f_auto,q_auto/league/zwbiuppgvkumtpntxo75",2,3,0,1,31,0.667,0,1,1,0,0,0,0,0,0,0,0,0,20;31,,44,51,0,44,3,3,0,0,1,0,,,,
2023,15,REG,00-0034794,MIA,J.Sanders,Jason Sanders,K,SPEC,"https://static.www.nfl.com/image/upload/f_auto,q_auto/league/zwbiuppgvkumtpntxo75",3,3,0,0,37,1,0,1,2,0,0,0,0,0,0,0,0,0,37;27;35,,,99,0,0,3,3,0,0,1,0,,,,
2023,16,REG,00-0034794,MIA,J.Sanders,Jason Sanders,K,SPEC,"https://static.www.nfl.com/image/upload/f_auto,q_auto/league/zwbiuppgvkumtpntxo75",5,5,0,0,57,1,0,1,1,0,3,0,0,0,0,0,0,0,57;52;54;35;29,,,227,0,0,1,1,0,0,1,1,29,1,0,0
2023,17,REG,00-0034794,MIA,J.Sanders,Jason Sanders,K,SPEC,"https://static.www.nfl.com/image/upload/f_auto,q_auto/league/zwbiuppgvkumtpntxo75",2,2,0,0,38,1,0,1,1,0,0,0,0,0,0,0,0,0,27;38,,,65,0,0,1,1,0,0,1,0,,,,
2023,18,REG,00-0034794,MIA,J.Sanders,Jason Sanders,K,SPEC,"https://static.www.nfl.com/image/upload/f_auto,q_auto/league/zwbiuppgvkumtpntxo75",,0,,,,,,,,,,,,,,,,,,,,,,,2,2,0,0,1,0,,,,
2023,19,POST,00-0034794,MIA,J.Sanders,Jason Sanders,K,SPEC,"https://static.www.nfl.com/image/upload/f_auto,q_auto/league/zwbiuppgvkumtpntxo75",,0,,,,,,,,,,,,,,,,,,,,,,,1,1,0,0,1,0,,,,
2023,15,REG,00-0035042,NYG,J.Gillan,Jamie Gillan,P,SPEC,"https://static.www.nfl.com/image/upload/f_auto,q_auto/league/zramky5mg2qiqrzmxod8",1,1,0,0,40,1,0,0,0,1,0,0,0,0,0,0,0,0,40,,,40,0,0,,0,,,,0,,,,
2023,2,REG,00-0035145,NYJ,A.Seibert,Austin Seibert,K,SPEC,"https://static.www.nfl.com/image/upload/f_auto,q_auto/league/ubdrkk43d3tlggqeq0en",1,1,0,0,34,1,0,0,1,0,0,0,0,0,0,0,0,0,34,,,34,0,0,1,1,0,0,1,0,,,,
2023,18,REG,00-0035189,CAR,M.Wright,Matthew Wright,K,SPEC,"https://static.www.nfl.com/image/upload/f_auto,q_auto/league/pfedp9dvojv0e8mvavak",0,1,1,0,,0,0,0,0,0,0,0,0,0,0,0,1,0,,52,,0,52,0,,0,,,,0,,,,
2023,1,REG,00-0035192,WAS,J.Slye,Joey Slye,K,SPEC,"https://static.www.nfl.com/image/upload/f_auto,q_auto/league/yetl7tfeviyonhqsayhg",2,2,0,0,33,1,0,0,2,0,0,0,0,0,0,0,0,0,30;33,,,63,0,0,2,2,0,0,1,0,,,,
2023,2,REG,00-0035192,WAS,J.Slye,Joey Slye,K,SPEC,"https://static.www.nfl.com/image/upload/f_auto,q_auto/league/yetl7tfeviyonhqsayhg",2,4,2,0,49,0.5,0,0,0,2,0,0,0,0,0,1,1,0,44;49,49;59,,93,108,0,3,3,0,0,1,0,,,,
2023,3,REG,00-0035192,WAS,J.Slye,Joey Slye,K,SPEC,"https://static.www.nfl.com/image/upload/f_auto,q_auto/league/yetl7tfeviyonhqsayhg",1,1,0,0,51,1,0,0,0,0,1,0,0,0,0,0,0,0,51,,,51,0,0,,0,,,,0,,,,
2023,4,REG,00-0035192,WAS,J.Slye,Joey Slye,K,SPEC,"https://static.www.nfl.com/image/upload/f_auto,q_auto/league/yetl7tfeviyonhqsayhg",1,1,0,0,27,1,0,1,0,0,0,0,0,0,0,0,0,0,27,,,27,0,0,4,4,0,0,1,0,,,,
2023,5,REG,00-0035192,WAS,J.Slye,Joey Slye,K,SPEC,"https://static.www.nfl.com/image/upload/f_auto,q_auto/league/yetl7tfeviyonhqsayhg",2,3,1,0,51,0.667,0,0,1,0,1,0,0,0,0,1,0,0,51;32,46,,83,46,0,,0,,,,0,,,,
2023,6,REG,00-0035192,WAS,J.Slye,Joey Slye,K,SPEC,"https://static.www.nfl.com/image/upload/f_auto,q_auto/league/yetl7tfeviyonhqsayhg",1,1,0,0,37,1,0,0,1,0,0,0,0,0,0,0,0,0,37,,,37,0,0,3,3,0,0,1,0,,,,
2023,7,REG,00-0035192,WAS,J.Slye,Joey Slye,K,SPEC,"https://static.www.nfl.com/image/upload/f_auto,q_auto/league/yetl7tfeviyonhqsayhg",0,1,0,1,,0,0,0,0,0,0,0,0,0,0,0,0,0,,,27,0,0,27,1,1,0,0,1,0,,,,
2023,8,REG,00-0035192,WAS,J.Slye,Joey Slye,K,SPEC,"https://static.www.nfl.com/image/upload/f_auto,q_auto/league/yetl7tfeviyonhqsayhg",1,1,0,0,61,1,0,0,0,0,0,1,0,0,0,0,0,0,61,,,61,0,0,4,4,0,0,1,0,,,,
2023,9,REG,00-0035192,WAS,J.Slye,Joey Slye,K,SPEC,"https://static.www.nfl.com/image/upload/f_auto,q_auto/league/yetl7tfeviyonhqsayhg",2,2,0,0,37,1,0,0,2,0,0,0,0,0,0,0,0,0,37;30,,,67,0,0,2,2,0,0,1,1,30,1,0,0
2023,10,REG,00-0035192,WAS,J.Slye,Joey Slye,K,SPEC,"https://static.www.nfl.com/image/upload/f_auto,q_auto/league/yetl7tfeviyonhqsayhg",2,2,0,0,49,1,0,0,0,2,0,0,0,0,0,0,0,0,49;47,,,96,0,0,2,3,1,0,0.667,0,,,,
2023,11,REG,00-0035192,WAS,J.Slye,Joey Slye,K,SPEC,"https://static.www.nfl.com/image/upload/f_auto,q_auto/league/yetl7tfeviyonhqsayhg",2,2,0,0,42,1,0,1,0,1,0,0,0,0,0,0,0,0,23;42,,,65,0,0,1,2,1,0,0.5,0,,,,
2023,12,REG,00-0035192,WAS,J.Slye,Joey Slye,K,SPEC,"https://static.www.nfl.com/image/upload/f_auto,q_auto/league/yetl7tfeviyonhqsayhg",1,1,0,0,43,1,0,0,0,1,0,0,0,0,0,0,0,0,43,,,43,0,0,1,1,0,0,1,0,,,,
2023,13,REG,00-0035192,WAS,J.Slye,Joey Slye,K,SPEC,"https://static.www.nfl.com/image/upload/f_auto,q_auto/league/yetl7tfeviyonhqsayhg",0,1,1,0,,0,0,0,0,0,0,0,0,0,0,0,1,0,,53,,0,53,0,1,1,0,0,1,0,,,,
2023,15,REG,00-0035192,WAS,J.Slye,Joey Slye,K,SPEC,"https://static.www.nfl.com/image/upload/f_auto,q_auto/league/yetl7tfeviyonhqsayhg",,0,,,,,,,,,,,,,,,,,,,,,,,2,3,0,1,0.667,0,,,,
2023,16,REG,00-0035192,WAS,J.Slye,Joey Slye,K,SPEC,"https://static.www.nfl.com/image/upload/f_auto,q_auto/league/yetl7tfeviyonhqsayhg",,0,,,,,,,,,,,,,,,,,,,,,,,4,4,0,0,1,0,,,,
2023,17,REG,00-0035192,WAS,J.Slye,Joey Slye,K,SPEC,"https://static.www.nfl.com/image/upload/f_auto,q_auto/league/yetl7tfeviyonhqsayhg",1,1,0,0,47,1,0,0,0,1,0,0,0,0,0,0,0,0,47,,,47,0,0,1,1,0,0,1,0,,,,
2023,18,REG,00-0035192,WAS,J.Slye,Joey Slye,K,SPEC,"https://static.www.nfl.com/image/upload/f_auto,q_auto/league/yetl7tfeviyonhqsayhg",1,1,0,0,36,1,0,0,1,0,0,0,0,0,0,0,0,0,36,,,36,0,0,1,1,0,0,1,0,,,,
2023,1,REG,00-0035269,IND,M.Gay,Matt Gay,K,SPEC,"https://static.www.nfl.com/image/private/f_auto,q_auto/league/kczssz2s1zgbnhefkydb",,0,,,,,,,,,,,,,,,,,,,,,,,3,3,0,0,1,0,,,,
2023,2,REG,00-0035269,IND,M.Gay,Matt Gay,K,SPEC,"https://static.www.nfl.com/image/private/f_auto,q_auto/league/kczssz2s1zgbnhefkydb",1,1,0,0,42,1,0,0,0,1,0,0,0,0,0,0,0,0,42,,,42,0,0,4,4,0,0,1,0,,,,
2023,3,REG,00-0035269,IND,M.Gay,Matt Gay,K,SPEC,"https://static.www.nfl.com/image/private/f_auto,q_auto/league/kczssz2s1zgbnhefkydb",5,5,0,0,54,1,0,0,1,0,4,0,0,0,0,0,0,0,31;54;53;53;53,,,244,0,0,1,1,0,0,1,1,53,1,0,0
2023,4,REG,00-0035269,IND,M.Gay,Matt Gay,K,SPEC,"https://static.www.nfl.com/image/private/f_auto,q_auto/league/kczssz2s1zgbnhefkydb",0,1,1,0,,0,0,0,0,0,0,0,0,0,0,1,0,0,,47,,0,47,0,1,1,0,0,1,0,,,,
2023,5,REG,00-0035269,IND,M.Gay,Matt Gay,K,SPEC,"https://static.www.nfl.com/image/private/f_auto,q_auto/league/kczssz2s1zgbnhefkydb",3,3,0,0,43,1,0,1,1,1,0,0,0,0,0,0,0,0,43;35;28,,,106,0,0,2,2,0,0,1,0,,,,
2023,6,REG,00-0035269,IND,M.Gay,Matt Gay,K,SPEC,"https://static.www.nfl.com/image/private/f_auto,q_auto/league/kczssz2s1zgbnhefkydb",2,2,0,0,56,1,0,1,0,0,1,0,0,0,0,0,0,0,28;56,,,84,0,0,2,2,0,0,1,0,,,,
2023,7,REG,00-0035269,IND,M.Gay,Matt Gay,K,SPEC,"https://static.www.nfl.com/image/private/f_auto,q_auto/league/kczssz2s1zgbnhefkydb",1,2,0,1,27,0.5,0,1,0,0,0,0,0,0,0,0,0,0,27,,60,27,0,60,5,5,0,0,1,0,,,,
2023,8,REG,00-0035269,IND,M.Gay,Matt Gay,K,SPEC,"https://static.www.nfl.com/image/private/f_auto,q_auto/league/kczssz2s1zgbnhefkydb",2,2,0,0,42,1,0,1,0,1,0,0,0,0,0,0,0,0,20;42,,,62,0,0,3,3,0,0,1,0,,,,
2023,9,REG,00-0035269,IND,M.Gay,Matt Gay,K,SPEC,"https://static.www.nfl.com/image/private/f_auto,q_auto/league/kczssz2s1zgbnhefkydb",2,2,0,0,57,1,0,1,0,0,1,0,0,0,0,0,0,0,26;57,,,83,0,0,3,3,0,0,1,0,,,,
2023,10,REG,00-0035269,IND,M.Gay,Matt Gay,K,SPEC,"https://static.www.nfl.com/image/private/f_auto,q_auto/league/kczssz2s1zgbnhefkydb",1,2,1,0,51,0.5,0,0,0,0,1,0,0,0,0,0,1,0,51,57,,51,57,0,1,1,0,0,1,0,,,,
2023,12,REG,00-0035269,IND,M.Gay,Matt Gay,K,SPEC,"https://static.www.nfl.com/image/private/f_auto,q_auto/league/kczssz2s1zgbnhefkydb",2,3,1,0,46,0.667,0,0,1,1,0,0,0,0,0,0,1,0,46;36,58,,82,58,0,3,3,0,0,1,0,,,,
2023,13,REG,00-0035269,IND,M.Gay,Matt Gay,K,SPEC,"https://static.www.nfl.com/image/private/f_auto,q_auto/league/kczssz2s1zgbnhefkydb",4,4,0,0,46,1,0,3,0,1,0,0,0,0,0,0,0,0,23;46;23;28,,,120,0,0,1,1,0,0,1,0,,,,
2023,14,REG,00-0035269,IND,M.Gay,Matt Gay,K,SPEC,"https://static.www.nfl.com/image/private/f_auto,q_auto/league/kczssz2s1zgbnhefkydb",0,1,1,0,,0,0,0,0,0,0,0,0,0,1,0,0,0,,38,,0,38,0,0,1,1,0,0,0,,,,
2023,15,REG,00-0035269,IND,M.Gay,Matt Gay,K,SPEC,"https://static.www.nfl.com/image/private/f_auto,q_auto/league/kczssz2s1zgbnhefkydb",3,5,2,0,42,0.6,0,1,1,1,0,0,0,0,0,1,1,0,29;31;42,56;43,,102,99,0,3,3,0,0,1,0,,,,
2023,16,REG,00-0035269,IND,M.Gay,Matt Gay,K,SPEC,"https://static.www.nfl.com/image/private/f_auto,q_auto/league/kczssz2s1zgbnhefkydb",1,1,0,0,33,1,0,0,1,0,0,0,0,0,0,0,0,0,33,,,33,0,0,1,1,0,0,1,0,,,,
2023,17,REG,00-0035269,IND,M.Gay,Matt Gay,K,SPEC,"https://static.www.nfl.com/image/private/f_auto,q_auto/league/kczssz2s1zgbnhefkydb",3,3,0,0,45,1,0,0,2,1,0,0,0,0,0,0,0,0,38;33;45,,,116,0,0,2,2,0,0,1,0,,,,
2023,18,REG,00-0035269,IND,M.Gay,Matt Gay,K,SPEC,"https://static.www.nfl.com/image/private/f_auto,q_auto/league/kczssz2s1zgbnhefkydb",3,4,1,0,52,0.75,0,0,2,0,1,0,0,0,0,0,1,0,38;52;35,57,,125,57,0,,0,,,,0,,,,
2023,1,REG,00-0035358,TB,C.McLaughlin,Chase McLaughlin,K,SPEC,"https://static.www.nfl.com/image/upload/f_auto,q_auto/league/dflts1tidjohpuzryyqd",2,2,0,0,57,1,0,0,1,0,1,0,0,0,0,0,0,0,36;57,,,93,0,0,2,2,0,0,1,1,57,1,0,0
2023,2,REG,00-0035358,TB,C.McLaughlin,Chase McLaughlin,K,SPEC,"https://static.www.nfl.com/image/upload/f_auto,q_auto/league/dflts1tidjohpuzryyqd",2,3,0,1,26,0.667,0,2,0,0,0,0,0,0,0,0,0,0,26;25,,40,51,0,40,3,3,0,0,1,0,,,,
2023,3,REG,00-0035358,TB,C.McLaughlin,Chase McLaughlin,K,SPEC,"https://static.www.nfl.com/image/upload/f_auto,q_auto/league/dflts1tidjohpuzryyqd",1,1,0,0,33,1,0,0,1,0,0,0,0,0,0,0,0,0,33,,,33,0,0,,0,,,,0,,,,
2023,4,REG,00-0035358,TB,C.McLaughlin,Chase McLaughlin,K,SPEC,"https://static.www.nfl.com/image/upload/f_auto,q_auto/league/dflts1tidjohpuzryyqd",2,2,0,0,51,1,0,1,0,0,1,0,0,0,0,0,0,0,51;28,,,79,0,0,2,2,0,0,1,0,,,,
2023,6,REG,00-0035358,TB,C.McLaughlin,Chase McLaughlin,K,SPEC,"https://static.www.nfl.com/image/upload/f_auto,q_auto/league/dflts1tidjohpuzryyqd",2,2,0,0,36,1,0,0,2,0,0,0,0,0,0,0,0,0,33;36,,,69,0,0,,0,,,,0,,,,
2023,7,REG,00-0035358,TB,C.McLaughlin,Chase McLaughlin,K,SPEC,"https://static.www.nfl.com/image/upload/f_auto,q_auto/league/dflts1tidjohpuzryyqd",2,2,0,0,36,1,0,1,1,0,0,0,0,0,0,0,0,0,24;36,,,60,0,0,1,1,0,0,1,0,,,,
2023,8,REG,00-0035358,TB,C.McLaughlin,Chase McLaughlin,K,SPEC,"https://static.www.nfl.com/image/upload/f_auto,q_auto/league/dflts1tidjohpuzryyqd",1,2,0,1,57,0.5,0,0,0,0,1,0,0,0,0,0,0,0,57,,50,57,0,50,1,1,0,0,1,0,,,,
2023,9,REG,00-0035358,TB,C.McLaughlin,Chase McLaughlin,K,SPEC,"https://static.www.nfl.com/image/upload/f_auto,q_auto/league/dflts1tidjohpuzryyqd",3,3,0,0,55,1,0,0,1,1,1,0,0,0,0,0,0,0,35;49;55,,,139,0,0,4,4,0,0,1,0,,,,
2023,10,REG,00-0035358,TB,C.McLaughlin,Chase McLaughlin,K,SPEC,"https://static.www.nfl.com/image/upload/f_auto,q_auto/league/dflts1tidjohpuzryyqd",2,2,0,0,35,1,0,1,1,0,0,0,0,0,0,0,0,0,25;35,,,60,0,0,2,2,0,0,1,0,,,,
2023,11,REG,00-0035358,TB,C.McLaughlin,Chase McLaughlin,K,SPEC,"https://static.www.nfl.com/image/upload/f_auto,q_auto/league/dflts1tidjohpuzryyqd",,0,,,,,,,,,,,,,,,,,,,,,,,2,2,0,0,1,0,,,,
2023,12,REG,00-0035358,TB,C.McLaughlin,Chase McLaughlin,K,SPEC,"https://static.www.nfl.com/image/upload/f_auto,q_auto/league/dflts1tidjohpuzryyqd",2,2,0,0,24,1,0,2,0,0,0,0,0,0,0,0,0,0,21;24,,,45,0,0,2,2,0,0,1,0,,,,
2023,13,REG,00-0035358,TB,C.McLaughlin,Chase McLaughlin,K,SPEC,"https://static.www.nfl.com/image/upload/f_auto,q_auto/league/dflts1tidjohpuzryyqd",,0,,,,,,,,,,,,,,,,,,,,,,,3,3,0,0,1,0,,,,
2023,14,REG,00-0035358,TB,C.McLaughlin,Chase McLaughlin,K,SPEC,"https://static.www.nfl.com/image/upload/f_auto,q_auto/league/dflts1tidjohpuzryyqd",2,2,0,0,55,1,0,0,1,0,1,0,0,0,0,0,0,0,55;38,,,93,0,0,3,3,0,0,1,0,,,,
2023,15,REG,00-0035358,TB,C.McLaughlin,Chase McLaughlin,K,SPEC,"https://static.www.nfl.com/image/upload/f_auto,q_auto/league/dflts1tidjohpuzryyqd",2,2,0,0,46,1,0,0,1,1,0,0,0,0,0,0,0,0,39;46,,,85,0,0,4,4,0,0,1,0,,,,
2023,16,REG,00-0035358,TB,C.McLaughlin,Chase McLaughlin,K,SPEC,"https://static.www.nfl.com/image/upload/f_auto,q_auto/league/dflts1tidjohpuzryyqd",3,3,0,0,51,1,0,1,1,0,1,0,0,0,0,0,0,0,24;31;51,,,106,0,0,3,3,0,0,1,0,,,,
2023,17,REG,00-0035358,TB,C.McLaughlin,Chase McLaughlin,K,SPEC,"https://static.www.nfl.com/image/upload/f_auto,q_auto/league/dflts1tidjohpuzryyqd",,0,,,,,,,,,,,,,,,,,,,,,,,1,1,0,0,1,0,,,,
2023,18,REG,00-0035358,TB,C.McLaughlin,Chase McLaughlin,K,SPEC,"https://static.www.nfl.com/image/upload/f_auto,q_auto/league/dflts1tidjohpuzryyqd",3,3,0,0,57,1,0,0,2,0,1,0,0,0,0,0,0,0,36;57;39,,,132,0,0,,0,,,,0,,,,
2023,19,POST,00-0035358,TB,C.McLaughlin,Chase McLaughlin,K,SPEC,"https://static.www.nfl.com/image/upload/f_auto,q_auto/league/dflts1tidjohpuzryyqd",3,3,0,0,54,1,0,1,0,1,1,0,0,0,0,0,0,0,28;54;48,,,130,0,0,3,3,0,0,1,0,,,,
2023,20,POST,00-0035358,TB,C.McLaughlin,Chase McLaughlin,K,SPEC,"https://static.www.nfl.com/image/upload/f_auto,q_auto/league/dflts1tidjohpuzryyqd",1,2,1,0,43,0.5,0,0,0,1,0,0,0,0,0,0,1,0,43,50,,43,50,0,2,2,0,0,1,0,,,,
2023,1,REG,00-0036162,BUF,T.Bass,Tyler Bass,K,SPEC,"https://static.www.nfl.com/image/upload/f_auto,q_auto/league/yap9hm6h417pspqeadl1",3,3,0,0,50,1,0,0,1,1,1,0,0,0,0,0,0,0,40;34;50,,,124,0,0,1,1,0,0,1,0,,,,
2023,2,REG,00-0036162,BUF,T.Bass,Tyler Bass,K,SPEC,"https://static.www.nfl.com/image/upload/f_auto,q_auto/league/yap9hm6h417pspqeadl1",1,1,0,0,29,1,0,1,0,0,0,0,0,0,0,0,0,0,29,,,29,0,0,5,5,0,0,1,0,,,,
2023,3,REG,00-0036162,BUF,T.Bass,Tyler Bass,K,SPEC,"https://static.www.nfl.com/image/upload/f_auto,q_auto/league/yap9hm6h417pspqeadl1",3,3,0,0,54,1,0,0,2,0,1,0,0,0,0,0,0,0,36;54;32,,,122,0,0,4,4,0,0,1,0,,,,
2023,4,REG,00-0036162,BUF,T.Bass,Tyler Bass,K,SPEC,"https://static.www.nfl.com/image/upload/f_auto,q_auto/league/yap9hm6h417pspqeadl1",2,2,0,0,53,1,0,0,1,0,1,0,0,0,0,0,0,0,53;33,,,86,0,0,6,6,0,0,1,0,,,,
2023,5,REG,00-0036162,BUF,T.Bass,Tyler Bass,K,SPEC,"https://static.www.nfl.com/image/upload/f_auto,q_auto/league/yap9hm6h417pspqeadl1",,0,,,,,,,,,,,,,,,,,,,,,,,2,2,0,0,1,0,,,,
2023,6,REG,00-0036162,BUF,T.Bass,Tyler Bass,K,SPEC,"https://static.www.nfl.com/image/upload/f_auto,q_auto/league/yap9hm6h417pspqeadl1",0,2,2,0,,0,0,0,0,0,0,0,0,0,0,0,2,0,,52;53,,0,105,0,2,2,0,0,1,0,,,,
2023,7,REG,00-0036162,BUF,T.Bass,Tyler Bass,K,SPEC,"https://static.www.nfl.com/image/upload/f_auto,q_auto/league/yap9hm6h417pspqeadl1",1,2,1,0,36,0.5,0,0,1,0,0,0,0,0,0,1,0,0,36,42,,36,42,0,2,2,0,0,1,0,,,,
2023,8,REG,00-0036162,BUF,T.Bass,Tyler Bass,K,SPEC,"https://static.www.nfl.com/image/upload/f_auto,q_auto/league/yap9hm6h417pspqeadl1",1,1,0,0,37,1,0,0,1,0,0,0,0,0,0,0,0,0,37,,,37,0,0,3,3,0,0,1,0,,,,
2023,9,REG,00-0036162,BUF,T.Bass,Tyler Bass,K,SPEC,"https://static.www.nfl.com/image/upload/f_auto,q_auto/league/yap9hm6h417pspqeadl1",1,1,0,0,34,1,0,0,1,0,0,0,0,0,0,0,0,0,34,,,34,0,0,1,1,0,0,1,0,,,,
2023,10,REG,00-0036162,BUF,T.Bass,Tyler Bass,K,SPEC,"https://static.www.nfl.com/image/upload/f_auto,q_auto/league/yap9hm6h417pspqeadl1",,0,,,,,,,,,,,,,,,,,,,,,,,2,2,0,0,1,0,,,,
2023,11,REG,00-0036162,BUF,T.Bass,Tyler Bass,K,SPEC,"https://static.www.nfl.com/image/upload/f_auto,q_auto/league/yap9hm6h417pspqeadl1",4,4,0,0,50,1,0,0,2,1,1,0,0,0,0,0,0,0,48;30;33;50,,,161,0,0,2,3,1,0,0.667,0,,,,
2023,12,REG,00-0036162,BUF,T.Bass,Tyler Bass,K,SPEC,"https://static.www.nfl.com/image/upload/f_auto,q_auto/league/yap9hm6h417pspqeadl1",2,4,1,1,48,0.5,0,0,0,2,0,0,0,0,0,1,0,0,48;40,48,34,88,48,34,4,4,0,0,1,1,40,1,0,0
2023,14,REG,00-0036162,BUF,T.Bass,Tyler Bass,K,SPEC,"https://static.www.nfl.com/image/upload/f_auto,q_auto/league/yap9hm6h417pspqeadl1",2,2,0,0,39,1,0,0,2,0,0,0,0,0,0,0,0,0,31;39,,,70,0,0,2,2,0,0,1,1,39,1,0,0
2023,15,REG,00-0036162,BUF,T.Bass,Tyler Bass,K,SPEC,"https://static.www.nfl.com/image/upload/f_auto,q_auto/league/yap9hm6h417pspqeadl1",1,1,0,0,23,1,0,1,0,0,0,0,0,0,0,0,0,0,23,,,23,0,0,4,4,0,0,1,0,,,,
2023,16,REG,00-0036162,BUF,T.Bass,Tyler Bass,K,SPEC,"https://static.www.nfl.com/image/upload/f_auto,q_auto/league/yap9hm6h417pspqeadl1",1,1,0,0,29,1,0,1,0,0,0,0,0,0,0,0,0,0,29,,,29,0,0,3,3,0,0,1,1,29,1,0,0
2023,17,REG,00-0036162,BUF,T.Bass,Tyler Bass,K,SPEC,"https://static.www.nfl.com/image/upload/f_auto,q_auto/league/yap9hm6h417pspqeadl1",2,2,0,0,35,1,0,1,1,0,0,0,0,0,0,0,0,0,35;24,,,59,0,0,3,3,0,0,1,0,,,,
2023,18,REG,00-0036162,BUF,T.Bass,Tyler Bass,K,SPEC,"https://static.www.nfl.com/image/upload/f_auto,q_auto/league/yap9hm6h417pspqeadl1",,0,,,,,,,,,,,,,,,,,,,,,,,3,3,0,0,1,0,,,,
2023,19,POST,00-0036162,BUF,T.Bass,Tyler Bass,K,SPEC,"https://static.www.nfl.com/image/upload/f_auto,q_auto/league/yap9hm6h417pspqeadl1",1,3,1,1,45,0.333,0,0,0,1,0,0,0,1,0,0,0,0,45,27,49,45,27,49,4,4,0,0,1,0,,,,
2023,20,POST,00-0036162,BUF,T.Bass,Tyler Bass,K,SPEC,"https://static.www.nfl.com/image/upload/f_auto,q_auto/league/yap9hm6h417pspqeadl1",1,2,1,0,27,0.5,0,1,0,0,0,0,0,0,0,1,0,0,27,44,,27,44,0,3,3,0,0,1,0,,,,
2023,10,REG,00-0036469,HOU,M.Ammendola,Matt Ammendola,K,SPEC,"https://static.www.nfl.com/image/upload/f_auto,q_auto/league/ki0lul3j5dqbxlnnqtpv",3,3,0,0,45,1,0,1,1,1,0,0,0,0,0,0,0,0,45;22;38,,,105,0,0,3,3,0,0,1,1,38,1,0,0
2023,11,REG,00-0036469,HOU,M.Ammendola,Matt Ammendola,K,SPEC,"https://static.www.nfl.com/image/upload/f_auto,q_auto/league/ki0lul3j5dqbxlnnqtpv",0,1,1,0,,0,0,0,0,0,0,0,0,0,0,1,0,0,,48,,0,48,0,3,3,0,0,1,0,,,,
2023,12,REG,00-0036469,HOU,M.Ammendola,Matt Ammendola,K,SPEC,"https://static.www.nfl.com/image/upload/f_auto,q_auto/league/ki0lul3j5dqbxlnnqtpv",0,2,2,0,,0,0,0,0,0,0,0,0,0,0,0,2,0,,50;58,,0,108,0,3,3,0,0,1,0,,,,
2023,13,REG,00-0036469,HOU,M.Ammendola,Matt Ammendola,K,SPEC,"https://static.www.nfl.com/image/upload/f_auto,q_auto/league/ki0lul3j5dqbxlnnqtpv",3,3,0,0,38,1,0,1,2,0,0,0,0,0,0,0,0,0,29;38;38,,,105,0,0,1,1,0,0,1,0,,,,
2023,14,REG,00-0036469,HOU,M.Ammendola,Matt Ammendola,K,SPEC,"https://static.www.nfl.com/image/upload/f_auto,q_auto/league/ki0lul3j5dqbxlnnqtpv",,0,,,,,,,,,,,,,,,,,,,,,,,0,1,1,0,0,0,,,,
2023,1,REG,00-0036816,DET,R.Patterson,Riley Patterson,K,SPEC,"https://static.www.nfl.com/image/private/f_auto,q_auto/league/waj6pvpu1ouzgssedqiq",,0,,,,,,,,,,,,,,,,,,,,,,,3,3,0,0,1,0,,,,
2023,2,REG,00-0036816,DET,R.Patterson,Riley Patterson,K,SPEC,"https://static.www.nfl.com/image/private/f_auto,q_auto/league/waj6pvpu1ouzgssedqiq",1,1,0,0,38,1,0,0,1,0,0,0,0,0,0,0,0,0,38,,,38,0,0,4,4,0,0,1,0,,,,
2023,3,REG,00-0036816,DET,R.Patterson,Riley Patterson,K,SPEC,"https://static.www.nfl.com/image/private/f_auto,q_auto/league/waj6pvpu1ouzgssedqiq",2,2,0,0,37,1,0,1,1,0,0,0,0,0,0,0,0,0,37;24,,,61,0,0,2,2,0,0,1,0,,,,
2023,4,REG,00-0036816,DET,R.Patterson,Riley Patterson,K,SPEC,"https://static.www.nfl.com/image/private/f_auto,q_auto/league/waj6pvpu1ouzgssedqiq",2,2,0,0,37,1,0,0,2,0,0,0,0,0,0,0,0,0,33;37,,,70,0,0,4,4,0,0,1,0,,,,
2023,5,REG,00-0036816,DET,R.Patterson,Riley Patterson,K,SPEC,"https://static.www.nfl.com/image/private/f_auto,q_auto/league/waj6pvpu1ouzgssedqiq",,0,,,,,,,,,,,,,,,,,,,,,,,6,6,0,0,1,0,,,,
2023,6,REG,00-0036816,DET,R.Patterson,Riley Patterson,K,SPEC,"https://static.www.nfl.com/image/private/f_auto,q_auto/league/waj6pvpu1ouzgssedqiq",2,3,1,0,36,0.667,0,0,2,0,0,0,0,0,0,0,1,0,30;36,52,,66,52,0,2,2,0,0,1,0,,,,
2023,8,REG,00-0036816,DET,R.Patterson,Riley Patterson,K,SPEC,"https://static.www.nfl.com/image/private/f_auto,q_auto/league/waj6pvpu1ouzgssedqiq",4,5,1,0,52,0.8,0,0,2,1,1,0,0,1,0,0,0,0,44;31;33;52,26,,160,26,0,2,2,0,0,1,0,,,,
2023,10,REG,00-0036816,DET,R.Patterson,Riley Patterson,K,SPEC,"https://static.www.nfl.com/image/private/f_auto,q_auto/league/waj6pvpu1ouzgssedqiq",2,2,0,0,41,1,0,0,1,1,0,0,0,0,0,0,0,0,33;41,,,74,0,0,5,5,0,0,1,1,41,1,0,0
2023,11,REG,00-0036816,DET,R.Patterson,Riley Patterson,K,SPEC,"https://static.www.nfl.com/image/private/f_auto,q_auto/league/waj6pvpu1ouzgssedqiq",,0,,,,,,,,,,,,,,,,,,,,,,,3,3,0,0,1,0,,,,
2023,12,REG,00-0036816,DET,R.Patterson,Riley Patterson,K,SPEC,"https://static.www.nfl.com/image/private/f_auto,q_auto/league/waj6pvpu1ouzgssedqiq",,0,,,,,,,,,,,,,,,,,,,,,,,0,1,1,0,0,0,,,,
2023,13,REG,00-0036816,DET,R.Patterson,Riley Patterson,K,SPEC,"https://static.www.nfl.com/image/private/f_auto,q_auto/league/waj6pvpu1ouzgssedqiq",2,2,0,0,32,1,0,1,1,0,0,0,0,0,0,0,0,0,26;32,,,58,0,0,3,3,0,0,1,0,,,,
2023,14,REG,00-0036816,DET,R.Patterson,Riley Patterson,K,SPEC,"https://static.www.nfl.com/image/private/f_auto,q_auto/league/waj6pvpu1ouzgssedqiq",,0,,,,,,,,,,,,,,,,,,,,,,,1,2,1,0,0.5,0,,,,
2023,17,REG,00-0036816,CLE,R.Patterson,Riley Patterson,K,SPEC,"https://static.www.nfl.com/image/private/f_auto,q_auto/league/waj6pvpu1ouzgssedqiq",1,1,0,0,33,1,0,0,1,0,0,0,0,0,0,0,0,0,33,,,33,0,0,4,5,1,0,0.8,0,,,,
2023,18,REG,00-0036816,CLE,R.Patterson,Riley Patterson,K,SPEC,"https://static.www.nfl.com/image/private/f_auto,q_auto/league/waj6pvpu1ouzgssedqiq",,0,,,,,,,,,,,,,,,,,,,,,,,2,2,0,0,1,0,,,,
2023,19,POST,00-0036816,CLE,R.Patterson,Riley Patterson,K,SPEC,"https://static.www.nfl.com/image/private/f_auto,q_auto/league/waj6pvpu1ouzgssedqiq",,0,,,,,,,,,,,,,,,,,,,,,,,2,2,0,0,1,0,,,,
2023,1,REG,00-0036854,CIN,E.McPherson,Evan McPherson,K,SPEC,"https://static.www.nfl.com/image/upload/f_auto,q_auto/league/nndqpdfmeeugypvg2nve",1,2,1,0,42,0.5,0,0,0,1,0,0,0,0,0,0,1,0,42,51,,42,51,0,,0,,,,0,,,,
2023,2,REG,00-0036854,CIN,E.McPherson,Evan McPherson,K,SPEC,"https://static.www.nfl.com/image/upload/f_auto,q_auto/league/nndqpdfmeeugypvg2nve",1,1,0,0,27,1,0,1,0,0,0,0,0,0,0,0,0,0,27,,,27,0,0,3,3,0,0,1,0,,,,
2023,3,REG,00-0036854,CIN,E.McPherson,Evan McPherson,K,SPEC,"https://static.www.nfl.com/image/upload/f_auto,q_auto/league/nndqpdfmeeugypvg2nve",4,5,1,0,54,0.8,0,0,0,2,2,0,0,0,0,0,1,0,49;53;48;54,56,,204,56,0,1,1,0,0,1,0,,,,
2023,4,REG,00-0036854,CIN,E.McPherson,Evan McPherson,K,SPEC,"https://static.www.nfl.com/image/upload/f_auto,q_auto/league/nndqpdfmeeugypvg2nve",1,1,0,0,21,1,0,1,0,0,0,0,0,0,0,0,0,0,21,,,21,0,0,,0,,,,1,21,1,0,0
2023,5,REG,00-0036854,CIN,E.McPherson,Evan McPherson,K,SPEC,"https://static.www.nfl.com/image/upload/f_auto,q_auto/league/nndqpdfmeeugypvg2nve",2,2,0,0,40,1,0,0,0,2,0,0,0,0,0,0,0,0,40;40,,,80,0,0,4,4,0,0,1,0,,,,
2023,6,REG,00-0036854,CIN,E.McPherson,Evan McPherson,K,SPEC,"https://static.www.nfl.com/image/upload/f_auto,q_auto/league/nndqpdfmeeugypvg2nve",1,1,0,0,52,1,0,0,0,0,1,0,0,0,0,0,0,0,52,,,52,0,0,2,2,0,0,1,0,,,,
2023,8,REG,00-0036854,CIN,E.McPherson,Evan McPherson,K,SPEC,"https://static.www.nfl.com/image/upload/f_auto,q_auto/league/nndqpdfmeeugypvg2nve",1,2,1,0,56,0.5,0,0,0,0,1,0,0,0,0,0,1,0,56,50,,56,50,0,4,4,0,0,1,0,,,,
2023,9,REG,00-0036854,CIN,E.McPherson,Evan McPherson,K,SPEC,"https://static.www.nfl.com/image/upload/f_auto,q_auto/league/nndqpdfmeeugypvg2nve",1,1,0,0,20,1,0,1,0,0,0,0,0,0,0,0,0,0,20,,,20,0,0,3,3,0,0,1,0,,,,
2023,10,REG,00-0036854,CIN,E.McPherson,Evan McPherson,K,SPEC,"https://static.www.nfl.com/image/upload/f_auto,q_auto/league/nndqpdfmeeugypvg2nve",2,2,0,0,50,1,0,0,1,0,1,0,0,0,0,0,0,0,50;31,,,81,0,0,3,3,0,0,1,0,,,,
2023,11,REG,00-0036854,CIN,E.McPherson,Evan McPherson,K,SPEC,"https://static.www.nfl.com/image/upload/f_auto,q_auto/league/nndqpdfmeeugypvg2nve",2,3,1,0,50,0.667,0,1,0,0,1,0,0,0,0,0,1,0,50;26,53,,76,53,0,2,2,0,0,1,0,,,,
2023,12,REG,00-0036854,CIN,E.McPherson,Evan McPherson,K,SPEC,"https://static.www.nfl.com/image/upload/f_auto,q_auto/league/nndqpdfmeeugypvg2nve",1,1,0,0,47,1,0,0,0,1,0,0,0,0,0,0,0,0,47,,,47,0,0,1,1,0,0,1,0,,,,
2023,13,REG,00-0036854,CIN,E.McPherson,Evan McPherson,K,SPEC,"https://static.www.nfl.com/image/upload/f_auto,q_auto/league/nndqpdfmeeugypvg2nve",2,3,1,0,54,0.667,0,0,0,1,1,0,0,0,0,0,1,0,54;48,57,,102,57,0,4,4,0,0,1,1,48,1,0,0
2023,14,REG,00-0036854,CIN,E.McPherson,Evan McPherson,K,SPEC,"https://static.www.nfl.com/image/upload/f_auto,q_auto/league/nndqpdfmeeugypvg2nve",2,2,0,0,35,1,0,0,2,0,0,0,0,0,0,0,0,0,32;35,,,67,0,0,4,4,0,0,1,0,,,,
2023,15,REG,00-0036854,CIN,E.McPherson,Evan McPherson,K,SPEC,"https://static.www.nfl.com/image/upload/f_auto,q_auto/league/nndqpdfmeeugypvg2nve",2,2,0,0,34,1,0,1,1,0,0,0,0,0,0,0,0,0,34;29,,,63,0,0,3,3,0,0,1,1,29,1,0,0
2023,16,REG,00-0036854,CIN,E.McPherson,Evan McPherson,K,SPEC,"https://static.www.nfl.com/image/upload/f_auto,q_auto/league/nndqpdfmeeugypvg2nve",1,1,0,0,35,1,0,0,1,0,0,0,0,0,0,0,0,0,35,,,35,0,0,,0,,,,0,,,,
2023,17,REG,00-0036854,CIN,E.McPherson,Evan McPherson,K,SPEC,"https://static.www.nfl.com/image/upload/f_auto,q_auto/league/nndqpdfmeeugypvg2nve",1,1,0,0,34,1,0,0,1,0,0,0,0,0,0,0,0,0,34,,,34,0,0,2,2,0,0,1,0,,,,
2023,18,REG,00-0036854,CIN,E.McPherson,Evan McPherson,K,SPEC,"https://static.www.nfl.com/image/upload/f_auto,q_auto/league/nndqpdfmeeugypvg2nve",1,1,0,0,45,1,0,0,0,1,0,0,0,0,0,0,0,0,45,,,45,0,0,4,4,0,0,1,0,,,,
2023,1,REG,00-0037224,LAC,C.Dicker,Cameron Dicker,K,SPEC,"https://static.www.nfl.com/image/upload/f_auto,q_auto/league/cjgz8mykyv9tygjypehw",2,2,0,0,50,1,0,1,0,0,1,0,0,0,0,0,0,0,50;25,,,75,0,0,4,4,0,0,1,0,,,,
2023,2,REG,00-0037224,LAC,C.Dicker,Cameron Dicker,K,SPEC,"https://static.www.nfl.com/image/upload/f_auto,q_auto/league/cjgz8mykyv9tygjypehw",3,3,0,0,33,1,0,1,2,0,0,0,0,0,0,0,0,0,27;30;33,,,90,0,0,1,1,0,0,1,0,,,,
2023,3,REG,00-0037224,LAC,C.Dicker,Cameron Dicker,K,SPEC,"https://static.www.nfl.com/image/upload/f_auto,q_auto/league/cjgz8mykyv9tygjypehw",0,1,1,0,,0,0,0,0,0,0,0,0,0,0,0,1,0,,53,,0,53,0,4,4,0,0,1,0,,,,
2023,4,REG,00-0037224,LAC,C.Dicker,Cameron Dicker,K,SPEC,"https://static.www.nfl.com/image/upload/f_auto,q_auto/league/cjgz8mykyv9tygjypehw",1,1,0,0,33,1,0,0,1,0,0,0,0,0,0,0,0,0,33,,,33,0,0,3,3,0,0,1,0,,,,
2023,6,REG,00-0037224,LAC,C.Dicker,Cameron Dicker,K,SPEC,"https://static.www.nfl.com/image/upload/f_auto,q_auto/league/cjgz8mykyv9tygjypehw",1,1,0,0,24,1,0,1,0,0,0,0,0,0,0,0,0,0,24,,,24,0,0,2,2,0,0,1,0,,,,
2023,7,REG,00-0037224,LAC,C.Dicker,Cameron Dicker,K,SPEC,"https://static.www.nfl.com/image/upload/f_auto,q_auto/league/cjgz8mykyv9tygjypehw",1,1,0,0,55,1,0,0,0,0,1,0,0,0,0,0,0,0,55,,,55,0,0,2,2,0,0,1,0,,,,
2023,8,REG,00-0037224,LAC,C.Dicker,Cameron Dicker,K,SPEC,"https://static.www.nfl.com/image/upload/f_auto,q_auto/league/cjgz8mykyv9tygjypehw",3,3,0,0,53,1,0,0,0,2,1,0,0,0,0,0,0,0,43;53;46,,,142,0,0,3,3,0,0,1,0,,,,
2023,9,REG,00-0037224,LAC,C.Dicker,Cameron Dicker,K,SPEC,"https://static.www.nfl.com/image/upload/f_auto,q_auto/league/cjgz8mykyv9tygjypehw",2,2,0,0,55,1,0,0,1,0,1,0,0,0,0,0,0,0,55;38,,,93,0,0,3,3,0,0,1,0,,,,
2023,10,REG,00-0037224,LAC,C.Dicker,Cameron Dicker,K,SPEC,"https://static.www.nfl.com/image/upload/f_auto,q_auto/league/cjgz8mykyv9tygjypehw",1,1,0,0,48,1,0,0,0,1,0,0,0,0,0,0,0,0,48,,,48,0,0,5,5,0,0,1,0,,,,
2023,11,REG,00-0037224,LAC,C.Dicker,Cameron Dicker,K,SPEC,"https://static.www.nfl.com/image/upload/f_auto,q_auto/league/cjgz8mykyv9tygjypehw",2,2,0,0,26,1,0,2,0,0,0,0,0,0,0,0,0,0,25;26,,,51,0,0,2,2,0,0,1,0,,,,
2023,12,REG,00-0037224,LAC,C.Dicker,Cameron Dicker,K,SPEC,"https://static.www.nfl.com/image/upload/f_auto,q_auto/league/cjgz8mykyv9tygjypehw",1,1,0,0,39,1,0,0,1,0,0,0,0,0,0,0,0,0,39,,,39,0,0,1,1,0,0,1,0,,,,
2023,13,REG,00-0037224,LAC,C.Dicker,Cameron Dicker,K,SPEC,"https://static.www.nfl.com/image/upload/f_auto,q_auto/league/cjgz8mykyv9tygjypehw",2,2,0,0,38,1,0,0,2,0,0,0,0,0,0,0,0,0,38;38,,,76,0,0,,0,,,,0,,,,
2023,14,REG,00-0037224,LAC,C.Dicker,Cameron Dicker,K,SPEC,"https://static.www.nfl.com/image/upload/f_auto,q_auto/league/cjgz8mykyv9tygjypehw",,0,,,,,,,,,,,,,,,,,,,,,,,1,1,0,0,1,0,,,,
2023,15,REG,00-0037224,LAC,C.Dicker,Cameron Dicker,K,SPEC,"https://static.www.nfl.com/image/upload/f_auto,q_auto/league/cjgz8mykyv9tygjypehw",,0,,,,,,,,,,,,,,,,,,,,,,,3,3,0,0,1,0,,,,
2023,16,REG,00-0037224,LAC,C.Dicker,Cameron Dicker,K,SPEC,"https://static.www.nfl.com/image/upload/f_auto,q_auto/league/cjgz8mykyv9tygjypehw",5,5,0,0,53,1,0,1,0,3,1,0,0,0,0,0,0,0,20;40;47;45;53,,,205,0,0,1,1,0,0,1,0,,,,
2023,17,REG,00-0037224,LAC,C.Dicker,Cameron Dicker,K,SPEC,"https://static.www.nfl.com/image/upload/f_auto,q_auto/league/cjgz8mykyv9tygjypehw",3,4,0,1,52,0.75,0,0,1,0,2,0,0,0,0,0,0,0,36;50;52,,50,138,0,50,,0,,,,0,,,,
2023,18,REG,00-0037224,LAC,C.Dicker,Cameron Dicker,K,SPEC,"https://static.www.nfl.com/image/upload/f_auto,q_auto/league/cjgz8mykyv9tygjypehw",4,4,0,0,49,1,0,1,0,3,0,0,0,0,0,0,0,0,49;40;43;20,,,152,0,0,,0,,,,0,,,,
2023,1,REG,00-0037692,DAL,B.Aubrey,Brandon Aubrey,K,SPEC,"https://static.www.nfl.com/image/upload/f_auto,q_auto/league/ey93ifke290r8tn5jrqq",2,2,0,0,38,1,0,1,1,0,0,0,0,0,0,0,0,0,21;38,,,59,0,0,4,5,1,0,0.8,0,,,,
2023,2,REG,00-0037692,DAL,B.Aubrey,Brandon Aubrey,K,SPEC,"https://static.www.nfl.com/image/upload/f_auto,q_auto/league/ey93ifke290r8tn5jrqq",5,5,0,0,55,1,0,2,2,0,1,0,0,0,0,0,0,0,35;21;55;26;30,,,167,0,0,1,1,0,0,1,0,,,,
2023,3,REG,00-0037692,DAL,B.Aubrey,Brandon Aubrey,K,SPEC,"https://static.www.nfl.com/image/upload/f_auto,q_auto/league/ey93ifke290r8tn5jrqq",3,3,0,0,49,1,0,2,0,1,0,0,0,0,0,0,0,0,49;27;26,,,102,0,0,1,1,0,0,1,0,,,,
2023,4,REG,00-0037692,DAL,B.Aubrey,Brandon Aubrey,K,SPEC,"https://static.www.nfl.com/image/upload/f_auto,q_auto/league/ey93ifke290r8tn5jrqq",3,3,0,0,33,1,0,2,1,0,0,0,0,0,0,0,0,0,23;23;33,,,79,0,0,3,3,0,0,1,0,,,,
2023,5,REG,00-0037692,DAL,B.Aubrey,Brandon Aubrey,K,SPEC,"https://static.www.nfl.com/image/upload/f_auto,q_auto/league/ey93ifke290r8tn5jrqq",1,1,0,0,50,1,0,0,0,0,1,0,0,0,0,0,0,0,50,,,50,0,0,1,1,0,0,1,0,,,,
2023,6,REG,00-0037692,DAL,B.Aubrey,Brandon Aubrey,K,SPEC,"https://static.www.nfl.com/image/upload/f_auto,q_auto/league/ey93ifke290r8tn5jrqq",2,2,0,0,39,1,0,0,2,0,0,0,0,0,0,0,0,0,32;39,,,71,0,0,2,2,0,0,1,1,39,1,0,0
2023,8,REG,00-0037692,DAL,B.Aubrey,Brandon Aubrey,K,SPEC,"https://static.www.nfl.com/image/upload/f_auto,q_auto/league/ey93ifke290r8tn5jrqq",2,2,0,0,58,1,0,1,0,0,1,0,0,0,0,0,0,0,58;27,,,85,0,0,5,5,0,0,1,0,,,,
2023,9,REG,00-0037692,DAL,B.Aubrey,Brandon Aubrey,K,SPEC,"https://static.www.nfl.com/image/upload/f_auto,q_auto/league/ey93ifke290r8tn5jrqq",1,1,0,0,51,1,0,0,0,0,1,0,0,0,0,0,0,0,51,,,51,0,0,2,2,0,0,1,1,51,1,0,0
2023,10,REG,00-0037692,DAL,B.Aubrey,Brandon Aubrey,K,SPEC,"https://static.www.nfl.com/image/upload/f_auto,q_auto/league/ey93ifke290r8tn5jrqq",,0,,,,,,,,,,,,,,,,,,,,,,,7,7,0,0,1,0,,,,
2023,11,REG,00-0037692,DAL,B.Aubrey,Brandon Aubrey,K,SPEC,"https://static.www.nfl.com/image/upload/f_auto,q_auto/league/ey93ifke290r8tn5jrqq",2,2,0,0,30,1,0,1,1,0,0,0,0,0,0,0,0,0,30;27,,,57,0,0,3,4,1,0,0.75,0,,,,
2023,12,REG,00-0037692,DAL,B.Aubrey,Brandon Aubrey,K,SPEC,"https://static.www.nfl.com/image/upload/f_auto,q_auto/league/ey93ifke290r8tn5jrqq",1,1,0,0,52,1,0,0,0,0,1,0,0,0,0,0,0,0,52,,,52,0,0,4,5,1,0,0.8,0,,,,
2023,13,REG,00-0037692,DAL,B.Aubrey,Brandon Aubrey,K,SPEC,"https://static.www.nfl.com/image/upload/f_auto,q_auto/league/ey93ifke290r8tn5jrqq",4,4,0,0,38,1,0,0,4,0,0,0,0,0,0,0,0,0,30;31;38;32,,,131,0,0,3,3,0,0,1,0,,,,
2023,14,REG,00-0037692,DAL,B.Aubrey,Brandon Aubrey,K,SPEC,"https://static.www.nfl.com/image/upload/f_auto,q_auto/league/ey93ifke290r8tn5jrqq",4,4,0,0,60,1,0,0,0,1,2,1,0,0,0,0,0,0,60;59;45;50,,,214,0,0,3,3,0,0,1,0,,,,
2023,15,REG,00-0037692,DAL,B.Aubrey,Brandon Aubrey,K,SPEC,"https://static.www.nfl.com/image/upload/f_auto,q_auto/league/ey93ifke290r8tn5jrqq",1,1,0,0,32,1,0,0,1,0,0,0,0,0,0,0,0,0,32,,,32,0,0,1,1,0,0,1,0,,,,
2023,16,REG,00-0037692,DAL,B.Aubrey,Brandon Aubrey,K,SPEC,"https://static.www.nfl.com/image/upload/f_auto,q_auto/league/ey93ifke290r8tn5jrqq",2,2,0,0,43,1,0,0,1,1,0,0,0,0,0,0,0,0,43;33,,,76,0,0,2,2,0,0,1,0,,,,
2023,17,REG,00-0037692,DAL,B.Aubrey,Brandon Aubrey,K,SPEC,"https://static.www.nfl.com/image/upload/f_auto,q_auto/league/ey93ifke290r8tn5jrqq",2,2,0,0,51,1,0,0,0,1,1,0,0,0,0,0,0,0,51;43,,,94,0,0,2,2,0,0,1,0,,,,
2023,18,REG,00-0037692,DAL,B.Aubrey,Brandon Aubrey,K,SPEC,"https://static.www.nfl.com/image/upload/f_auto,q_auto/league/ey93ifke290r8tn5jrqq",1,3,1,1,50,0.333,0,0,0,0,1,0,0,0,1,0,0,0,50,36,32,50,36,32,5,5,0,0,1,0,,,,
2023,19,POST,00-0037692,DAL,B.Aubrey,Brandon Aubrey,K,SPEC,"https://static.www.nfl.com/image/upload/f_auto,q_auto/league/ey93ifke290r8tn5jrqq",1,1,0,0,34,1,0,0,1,0,0,0,0,0,0,0,0,0,34,,,34,0,0,1,2,1,0,0.5,0,,,,
2023,8,REG,00-0038152,LA,L.Havrisik,Lucas Havrisik,K,SPEC,"https://static.www.nfl.com/image/upload/f_auto,q_auto/league/qrpgrvert4l7zh8ghcks",2,2,0,0,47,1,0,0,1,1,0,0,0,0,0,0,0,0,33;47,,,80,0,0,,0,,,,0,,,,
2023,9,REG,00-0038152,LA,L.Havrisik,Lucas Havrisik,K,SPEC,"https://static.www.nfl.com/image/upload/f_auto,q_auto/league/qrpgrvert4l7zh8ghcks",1,2,1,0,52,0.5,0,0,0,0,1,0,0,0,0,1,0,0,52,49,,52,49,0,,0,,,,0,,,,
2023,11,REG,00-0038152,LA,L.Havrisik,Lucas Havrisik,K,SPEC,"https://static.www.nfl.com/image/upload/f_auto,q_auto/league/qrpgrvert4l7zh8ghcks",1,1,0,0,22,1,0,1,0,0,0,0,0,0,0,0,0,0,22,,,22,0,0,2,2,0,0,1,1,22,1,0,0
2023,12,REG,00-0038152,LA,L.Havrisik,Lucas Havrisik,K,SPEC,"https://static.www.nfl.com/image/upload/f_auto,q_auto/league/qrpgrvert4l7zh8ghcks",1,2,1,0,24,0.5,0,1,0,0,0,0,0,0,0,0,1,0,24,50,,24,50,0,4,5,1,0,0.8,0,,,,
2023,13,REG,00-0038152,LA,L.Havrisik,Lucas Havrisik,K,SPEC,"https://static.www.nfl.com/image/upload/f_auto,q_auto/league/qrpgrvert4l7zh8ghcks",2,3,1,0,44,0.667,0,1,0,1,0,0,0,0,0,1,0,0,44;28,43,,72,43,0,4,4,0,0,1,0,,,,
2023,14,REG,00-0038152,LA,L.Havrisik,Lucas Havrisik,K,SPEC,"https://static.www.nfl.com/image/upload/f_auto,q_auto/league/qrpgrvert4l7zh8ghcks",3,3,0,0,51,1,0,1,1,0,1,0,0,0,0,0,0,0,27;51;36,,,114,0,0,2,2,0,0,1,0,,,,
2023,15,REG,00-0038152,LA,L.Havrisik,Lucas Havrisik,K,SPEC,"https://static.www.nfl.com/image/upload/f_auto,q_auto/league/qrpgrvert4l7zh8ghcks",2,3,1,0,27,0.667,0,2,0,0,0,0,0,0,0,1,0,0,22;27,43,,49,43,0,2,2,0,0,1,0,,,,
2023,16,REG,00-0038152,LA,L.Havrisik,Lucas Havrisik,K,SPEC,"https://static.www.nfl.com/image/upload/f_auto,q_auto/league/qrpgrvert4l7zh8ghcks",3,4,1,0,32,0.75,0,2,1,0,0,0,0,0,0,1,0,0,20;22;32,47,,74,47,0,3,3,0,0,1,0,,,,
2023,17,REG,00-0038152,LA,L.Havrisik,Lucas Havrisik,K,SPEC,"https://static.www.nfl.com/image/upload/f_auto,q_auto/league/qrpgrvert4l7zh8ghcks",,0,,,,,,,,,,,,,,,,,,,,,,,2,4,2,0,0.5,0,,,,
2023,1,REG,00-0038402,GB,A.Carlson,Anders Carlson,K,SPEC,"https://static.www.nfl.com/image/upload/f_auto,q_auto/league/hier2cwevwkhkpgoxvb2",1,1,0,0,52,1,0,0,0,0,1,0,0,0,0,0,0,0,52,,,52,0,0,5,5,0,0,1,0,,,,
2023,2,REG,00-0038402,GB,A.Carlson,Anders Carlson,K,SPEC,"https://static.www.nfl.com/image/upload/f_auto,q_auto/league/hier2cwevwkhkpgoxvb2",1,1,0,0,33,1,0,0,1,0,0,0,0,0,0,0,0,0,33,,,33,0,0,3,3,0,0,1,0,,,,
2023,3,REG,00-0038402,GB,A.Carlson,Anders Carlson,K,SPEC,"https://static.www.nfl.com/image/upload/f_auto,q_auto/league/hier2cwevwkhkpgoxvb2",1,1,0,0,38,1,0,0,1,0,0,0,0,0,0,0,0,0,38,,,38,0,0,1,1,0,0,1,0,,,,
2023,4,REG,00-0038402,GB,A.Carlson,Anders Carlson,K,SPEC,"https://static.www.nfl.com/image/upload/f_auto,q_auto/league/hier2cwevwkhkpgoxvb2",2,2,0,0,50,1,0,0,1,0,1,0,0,0,0,0,0,0,34;50,,,84,0,0,,0,,,,0,,,,
2023,5,REG,00-0038402,GB,A.Carlson,Anders Carlson,K,SPEC,"https://static.www.nfl.com/image/upload/f_auto,q_auto/league/hier2cwevwkhkpgoxvb2",2,2,0,0,37,1,0,1,1,0,0,0,0,0,0,0,0,0,37;22,,,59,0,0,1,1,0,0,1,1,22,1,0,0
2023,7,REG,00-0038402,GB,A.Carlson,Anders Carlson,K,SPEC,"https://static.www.nfl.com/image/upload/f_auto,q_auto/league/hier2cwevwkhkpgoxvb2",1,2,1,0,29,0.5,0,1,0,0,0,0,0,0,0,1,0,0,29,43,,29,43,0,2,2,0,0,1,0,,,,
2023,8,REG,00-0038402,GB,A.Carlson,Anders Carlson,K,SPEC,"https://static.www.nfl.com/image/upload/f_auto,q_auto/league/hier2cwevwkhkpgoxvb2",1,1,0,0,30,1,0,0,1,0,0,0,0,0,0,0,0,0,30,,,30,0,0,1,1,0,0,1,0,,,,
2023,9,REG,00-0038402,GB,A.Carlson,Anders Carlson,K,SPEC,"https://static.www.nfl.com/image/upload/f_auto,q_auto/league/hier2cwevwkhkpgoxvb2",2,3,1,0,34,0.667,0,1,1,0,0,0,0,0,0,1,0,0,26;34,48,,60,48,0,2,2,0,0,1,0,,,,
2023,10,REG,00-0038402,GB,A.Carlson,Anders Carlson,K,SPEC,"https://static.www.nfl.com/image/upload/f_auto,q_auto/league/hier2cwevwkhkpgoxvb2",2,2,0,0,31,1,0,1,1,0,0,0,0,0,0,0,0,0,31;28,,,59,0,0,1,2,0,1,0.5,1,28,1,0,0
2023,11,REG,00-0038402,GB,A.Carlson,Anders Carlson,K,SPEC,"https://static.www.nfl.com/image/upload/f_auto,q_auto/league/hier2cwevwkhkpgoxvb2",1,2,1,0,28,0.5,0,1,0,0,0,0,0,0,0,0,1,0,28,52,,28,52,0,2,3,1,0,0.667,0,,,,
2023,12,REG,00-0038402,GB,A.Carlson,Anders Carlson,K,SPEC,"https://static.www.nfl.com/image/upload/f_auto,q_auto/league/hier2cwevwkhkpgoxvb2",1,2,1,0,43,0.5,0,0,0,1,0,0,0,0,0,0,0,1,43,63,,43,63,0,2,3,1,0,0.667,0,,,,
2023,13,REG,00-0038402,GB,A.Carlson,Anders Carlson,K,SPEC,"https://static.www.nfl.com/image/upload/f_auto,q_auto/league/hier2cwevwkhkpgoxvb2",2,2,0,0,48,1,0,0,0,2,0,0,0,0,0,0,0,0,40;48,,,88,0,0,3,3,0,0,1,0,,,,
2023,14,REG,00-0038402,GB,A.Carlson,Anders Carlson,K,SPEC,"https://static.www.nfl.com/image/upload/f_auto,q_auto/league/hier2cwevwkhkpgoxvb2",3,4,1,0,48,0.75,0,0,2,1,0,0,0,0,0,1,0,0,36;32;48,45,,116,45,0,1,1,0,0,1,0,,,,
2023,15,REG,00-0038402,GB,A.Carlson,Anders Carlson,K,SPEC,"https://static.www.nfl.com/image/upload/f_auto,q_auto/league/hier2cwevwkhkpgoxvb2",2,2,0,0,36,1,0,0,2,0,0,0,0,0,0,0,0,0,36;33,,,69,0,0,2,2,0,0,1,0,,,,
2023,16,REG,00-0038402,GB,A.Carlson,Anders Carlson,K,SPEC,"https://static.www.nfl.com/image/upload/f_auto,q_auto/league/hier2cwevwkhkpgoxvb2",2,2,0,0,53,1,0,0,1,0,1,0,0,0,0,0,0,0,53;32,,,85,0,0,3,4,1,0,0.75,1,32,1,0,0
2023,17,REG,00-0038402,GB,A.Carlson,Anders Carlson,K,SPEC,"https://static.www.nfl.com/image/upload/f_auto,q_auto/league/hier2cwevwkhkpgoxvb2",2,2,0,0,37,1,0,0,2,0,0,0,0,0,0,0,0,0,34;37,,,71,0,0,3,4,1,0,0.75,0,,,,
2023,18,REG,00-0038402,GB,A.Carlson,Anders Carlson,K,SPEC,"https://static.www.nfl.com/image/upload/f_auto,q_auto/league/hier2cwevwkhkpgoxvb2",1,2,1,0,25,0.5,0,1,0,0,0,0,0,0,0,1,0,0,25,41,,25,41,0,2,2,0,0,1,0,,,,
2023,19,POST,00-0038402,GB,A.Carlson,Anders Carlson,K,SPEC,"https://static.www.nfl.com/image/upload/f_auto,q_auto/league/hier2cwevwkhkpgoxvb2",,0,,,,,,,,,,,,,,,,,,,,,,,6,7,1,0,0.857,0,,,,
2023,20,POST,00-0038402,GB,A.Carlson,Anders Carlson,K,SPEC,"https://static.www.nfl.com/image/upload/f_auto,q_auto/league/hier2cwevwkhkpgoxvb2",2,3,1,0,29,0.667,0,2,0,0,0,0,0,0,0,1,0,0,29;29,41,,58,41,0,1,1,0,0,1,0,,,,
2023,1,REG,00-0038562,SF,J.Moody,Jake Moody,K,SPEC,"https://static.www.nfl.com/image/upload/f_auto,q_auto/league/hu0y90mulhnhdg2fvlpv",3,3,0,0,41,1,0,0,1,2,0,0,0,0,0,0,0,0,41;32;40,,,113,0,0,3,3,0,0,1,0,,,,
2023,2,REG,00-0038562,SF,J.Moody,Jake Moody,K,SPEC,"https://static.www.nfl.com/image/upload/f_auto,q_auto/league/hu0y90mulhnhdg2fvlpv",3,3,0,0,57,1,0,2,0,0,1,0,0,0,0,0,0,0,27;57;26,,,110,0,0,3,3,0,0,1,0,,,,
2023,3,REG,00-0038562,SF,J.Moody,Jake Moody,K,SPEC,"https://static.www.nfl.com/image/upload/f_auto,q_auto/league/hu0y90mulhnhdg2fvlpv",3,3,0,0,36,1,0,2,1,0,0,0,0,0,0,0,0,0,28;21;36,,,85,0,0,3,3,0,0,1,0,,,,
2023,4,REG,00-0038562,SF,J.Moody,Jake Moody,K,SPEC,"https://static.www.nfl.com/image/upload/f_auto,q_auto/league/hu0y90mulhnhdg2fvlpv",,0,,,,,,,,,,,,,,,,,,,,,,,5,5,0,0,1,0,,,,
2023,5,REG,00-0038562,SF,J.Moody,Jake Moody,K,SPEC,"https://static.www.nfl.com/image/upload/f_auto,q_auto/league/hu0y90mulhnhdg2fvlpv",,0,,,,,,,,,,,,,,,,,,,,,,,6,6,0,0,1,0,,,,
2023,6,REG,00-0038562,SF,J.Moody,Jake Moody,K,SPEC,"https://static.www.nfl.com/image/upload/f_auto,q_auto/league/hu0y90mulhnhdg2fvlpv",1,3,2,0,25,0.333,0,1,0,0,0,0,0,0,0,1,1,0,25,54;41,,25,95,0,2,2,0,0,1,1,41,0,1,0
2023,7,REG,00-0038562,SF,J.Moody,Jake Moody,K,SPEC,"https://static.www.nfl.com/image/upload/f_auto,q_auto/league/hu0y90mulhnhdg2fvlpv",1,2,1,0,55,0.5,0,0,0,0,1,0,0,0,0,1,0,0,55,40,,55,40,0,2,2,0,0,1,0,,,,
2023,8,REG,00-0038562,SF,J.Moody,Jake Moody,K,SPEC,"https://static.www.nfl.com/image/upload/f_auto,q_auto/league/hu0y90mulhnhdg2fvlpv",1,1,0,0,36,1,0,0,1,0,0,0,0,0,0,0,0,0,36,,,36,0,0,2,2,0,0,1,0,,,,
2023,10,REG,00-0038562,SF,J.Moody,Jake Moody,K,SPEC,"https://static.www.nfl.com/image/upload/f_auto,q_auto/league/hu0y90mulhnhdg2fvlpv",2,2,0,0,39,1,0,0,2,0,0,0,0,0,0,0,0,0,39;35,,,74,0,0,4,4,0,0,1,0,,,,
2023,11,REG,00-0038562,SF,J.Moody,Jake Moody,K,SPEC,"https://static.www.nfl.com/image/upload/f_auto,q_auto/league/hu0y90mulhnhdg2fvlpv",2,2,0,0,37,1,0,1,1,0,0,0,0,0,0,0,0,0,37;28,,,65,0,0,3,3,0,0,1,0,,,,
2023,12,REG,00-0038562,SF,J.Moody,Jake Moody,K,SPEC,"https://static.www.nfl.com/image/upload/f_auto,q_auto/league/hu0y90mulhnhdg2fvlpv",1,1,0,0,32,1,0,0,1,0,0,0,0,0,0,0,0,0,32,,,32,0,0,4,4,0,0,1,0,,,,
2023,13,REG,00-0038562,SF,J.Moody,Jake Moody,K,SPEC,"https://static.www.nfl.com/image/upload/f_auto,q_auto/league/hu0y90mulhnhdg2fvlpv",,0,,,,,,,,,,,,,,,,,,,,,,,6,6,0,0,1,0,,,,
2023,14,REG,00-0038562,SF,J.Moody,Jake Moody,K,SPEC,"https://static.www.nfl.com/image/upload/f_auto,q_auto/league/hu0y90mulhnhdg2fvlpv",,0,,,,,,,,,,,,,,,,,,,,,,,4,4,0,0,1,0,,,,
2023,15,REG,00-0038562,SF,J.Moody,Jake Moody,K,SPEC,"https://static.www.nfl.com/image/upload/f_auto,q_auto/league/hu0y90mulhnhdg2fvlpv",1,1,0,0,43,1,0,0,0,1,0,0,0,0,0,0,0,0,43,,,43,0,0,6,6,0,0,1,0,,,,
2023,16,REG,00-0038562,SF,J.Moody,Jake Moody,K,SPEC,"https://static.www.nfl.com/image/upload/f_auto,q_auto/league/hu0y90mulhnhdg2fvlpv",1,1,0,0,45,1,0,0,0,1,0,0,0,0,0,0,0,0,45,,,45,0,0,2,2,0,0,1,0,,,,
2023,17,REG,00-0038562,SF,J.Moody,Jake Moody,K,SPEC,"https://static.www.nfl.com/image/upload/f_auto,q_auto/league/hu0y90mulhnhdg2fvlpv",2,2,0,0,38,1,0,1,1,0,0,0,0,0,0,0,0,0,38;22,,,60,0,0,3,3,0,0,1,0,,,,
2023,18,REG,00-0038562,SF,J.Moody,Jake Moody,K,SPEC,"https://static.www.nfl.com/image/upload/f_auto,q_auto/league/hu0y90mulhnhdg2fvlpv",0,1,1,0,,0,0,0,0,0,0,0,0,0,1,0,0,0,,38,,0,38,0,2,3,1,0,0.667,0,,,,
2023,20,POST,00-0038562,SF,J.Moody,Jake Moody,K,SPEC,"https://static.www.nfl.com/image/upload/f_auto,q_auto/league/hu0y90mulhnhdg2fvlpv",1,2,0,1,52,0.5,0,0,0,0,1,0,0,0,0,0,0,0,52,,48,52,0,48,3,3,0,0,1,0,,,,
2023,21,POST,00-0038562,SF,J.Moody,Jake Moody,K,SPEC,"https://static.www.nfl.com/image/upload/f_auto,q_auto/league/hu0y90mulhnhdg2fvlpv",2,3,1,0,43,0.667,0,0,1,1,0,0,0,0,0,1,0,0,43;33,48,,76,48,0,4,4,0,0,1,0,,,,
2023,22,POST,00-0038562,SF,J.Moody,Jake Moody,K,SPEC,"https://static.www.nfl.com/image/upload/f_auto,q_auto/league/hu0y90mulhnhdg2fvlpv",3,3,0,0,55,1,0,1,0,0,2,0,0,0,0,0,0,0,55;53;27,,,135,0,0,1,2,0,1,0.5,1,27,1,0,0
2023,1,REG,00-0038567,NE,C.Ryland,Chad Ryland,K,SPEC,"https://static.www.nfl.com/image/upload/f_auto,q_auto/league/bmqbpd8n0xljhsng1y6n",,0,,,,,,,,,,,,,,,,,,,,,,,2,2,0,0,1,0,,,,
2023,2,REG,00-0038567,NE,C.Ryland,Chad Ryland,K,SPEC,"https://static.www.nfl.com/image/upload/f_auto,q_auto/league/bmqbpd8n0xljhsng1y6n",1,1,0,0,49,1,0,0,0,1,0,0,0,0,0,0,0,0,49,,,49,0,0,2,2,0,0,1,0,,,,
2023,3,REG,00-0038567,NE,C.Ryland,Chad Ryland,K,SPEC,"https://static.www.nfl.com/image/upload/f_auto,q_auto/league/bmqbpd8n0xljhsng1y6n",2,4,2,0,51,0.5,0,0,0,1,1,0,0,0,0,1,1,0,48;51,48;57,,99,105,0,1,1,0,0,1,0,,,,
2023,4,REG,00-0038567,NE,C.Ryland,Chad Ryland,K,SPEC,"https://static.www.nfl.com/image/upload/f_auto,q_auto/league/bmqbpd8n0xljhsng1y6n",1,2,1,0,29,0.5,0,1,0,0,0,0,0,0,0,0,1,0,29,52,,29,52,0,,0,,,,0,,,,
2023,5,REG,00-0038567,NE,C.Ryland,Chad Ryland,K,SPEC,"https://static.www.nfl.com/image/upload/f_auto,q_auto/league/bmqbpd8n0xljhsng1y6n",0,1,1,0,,0,0,0,0,0,0,0,0,0,0,1,0,0,,48,,0,48,0,,0,,,,0,,,,
2023,6,REG,00-0038567,NE,C.Ryland,Chad Ryland,K,SPEC,"https://static.www.nfl.com/image/upload/f_auto,q_auto/league/bmqbpd8n0xljhsng1y6n",1,1,0,0,43,1,0,0,0,1,0,0,0,0,0,0,0,0,43,,,43,0,0,2,2,0,0,1,0,,,,
2023,7,REG,00-0038567,NE,C.Ryland,Chad Ryland,K,SPEC,"https://static.www.nfl.com/image/upload/f_auto,q_auto/league/bmqbpd8n0xljhsng1y6n",3,3,0,0,49,1,0,1,1,1,0,0,0,0,0,0,0,0,30;24;49,,,103,0,0,2,2,0,0,1,0,,,,
2023,8,REG,00-0038567,NE,C.Ryland,Chad Ryland,K,SPEC,"https://static.www.nfl.com/image/upload/f_auto,q_auto/league/bmqbpd8n0xljhsng1y6n",1,1,0,0,38,1,0,0,1,0,0,0,0,0,0,0,0,0,38,,,38,0,0,2,2,0,0,1,0,,,,
2023,9,REG,00-0038567,NE,C.Ryland,Chad Ryland,K,SPEC,"https://static.www.nfl.com/image/upload/f_auto,q_auto/league/bmqbpd8n0xljhsng1y6n",1,1,0,0,43,1,0,0,0,1,0,0,0,0,0,0,0,0,43,,,43,0,0,2,2,0,0,1,0,,,,
2023,10,REG,00-0038567,NE,C.Ryland,Chad Ryland,K,SPEC,"https://static.www.nfl.com/image/upload/f_auto,q_auto/league/bmqbpd8n0xljhsng1y6n",2,3,1,0,37,0.667,0,1,1,0,0,0,0,0,1,0,0,0,37;24,35,,61,35,0,,0,,,,0,,,,
2023,12,REG,00-0038567,NE,C.Ryland,Chad Ryland,K,SPEC,"https://static.www.nfl.com/image/upload/f_auto,q_auto/league/bmqbpd8n0xljhsng1y6n",0,1,1,0,,0,0,0,0,0,0,0,0,0,1,0,0,0,,35,,0,35,0,1,1,0,0,1,0,,,,
2023,14,REG,00-0038567,NE,C.Ryland,Chad Ryland,K,SPEC,"https://static.www.nfl.com/image/upload/f_auto,q_auto/league/bmqbpd8n0xljhsng1y6n",,0,,,,,,,,,,,,,,,,,,,,,,,3,3,0,0,1,0,,,,
2023,15,REG,00-0038567,NE,C.Ryland,Chad Ryland,K,SPEC,"https://static.www.nfl.com/image/upload/f_auto,q_auto/league/bmqbpd8n0xljhsng1y6n",1,2,1,0,25,0.5,0,1,0,0,0,0,0,0,0,1,0,0,25,41,,25,41,0,2,2,0,0,1,0,,,,
2023,16,REG,00-0038567,NE,C.Ryland,Chad Ryland,K,SPEC,"https://static.www.nfl.com/image/upload/f_auto,q_auto/league/bmqbpd8n0xljhsng1y6n",2,3,1,0,56,0.667,0,0,1,0,1,0,0,0,0,1,0,0,33;56,47,,89,47,0,2,3,1,0,0.667,1,56,1,0,0
2023,17,REG,00-0038567,NE,C.Ryland,Chad Ryland,K,SPEC,"https://static.www.nfl.com/image/upload/f_auto,q_auto/league/bmqbpd8n0xljhsng1y6n",0,1,1,0,,0,0,0,0,0,0,0,0,0,0,1,0,0,,47,,0,47,0,3,3,0,0,1,0,,,,
2023,18,REG,00-0038567,NE,C.Ryland,Chad Ryland,K,SPEC,"https://static.www.nfl.com/image/upload/f_auto,q_auto/league/bmqbpd8n0xljhsng1y6n",1,1,0,0,30,1,0,0,1,0,0,0,0,0,0,0,0,0,30,,,30,0,0,,0,,,,0,,,,
2023,1,REG,00-0038905,NO,B.Grupe,Blake Grupe,K,SPEC,"https://static.www.nfl.com/image/upload/f_auto,q_auto/league/z2wtggrnylortw5cexgr",3,3,0,0,52,1,0,1,1,0,1,0,0,0,0,0,0,0,26;33;52,,,111,0,0,1,1,0,0,1,0,,,,
2023,2,REG,00-0038905,NO,B.Grupe,Blake Grupe,K,SPEC,"https://static.www.nfl.com/image/upload/f_auto,q_auto/league/z2wtggrnylortw5cexgr",2,2,0,0,28,1,0,2,0,0,0,0,0,0,0,0,0,0,28;23,,,51,0,0,2,2,0,0,1,0,,,,
2023,3,REG,00-0038905,NO,B.Grupe,Blake Grupe,K,SPEC,"https://static.www.nfl.com/image/upload/f_auto,q_auto/league/z2wtggrnylortw5cexgr",1,2,1,0,25,0.5,0,1,0,0,0,0,0,0,0,1,0,0,25,46,,25,46,0,2,2,0,0,1,1,46,0,1,0
2023,4,REG,00-0038905,NO,B.Grupe,Blake Grupe,K,SPEC,"https://static.www.nfl.com/image/upload/f_auto,q_auto/league/z2wtggrnylortw5cexgr",3,3,0,0,44,1,0,0,2,1,0,0,0,0,0,0,0,0,37;32;44,,,113,0,0,,0,,,,0,,,,
2023,5,REG,00-0038905,NO,B.Grupe,Blake Grupe,K,SPEC,"https://static.www.nfl.com/image/upload/f_auto,q_auto/league/z2wtggrnylortw5cexgr",2,2,0,0,54,1,0,0,0,0,2,0,0,0,0,0,0,0,54;53,,,107,0,0,4,4,0,0,1,0,,,,
2023,6,REG,00-0038905,NO,B.Grupe,Blake Grupe,K,SPEC,"https://static.www.nfl.com/image/upload/f_auto,q_auto/league/z2wtggrnylortw5cexgr",2,4,2,0,48,0.5,0,0,0,2,0,0,0,1,0,0,1,0,48;45,52;29,,93,81,0,1,1,0,0,1,0,,,,
2023,7,REG,00-0038905,NO,B.Grupe,Blake Grupe,K,SPEC,"https://static.www.nfl.com/image/upload/f_auto,q_auto/league/z2wtggrnylortw5cexgr",3,4,1,0,42,0.75,0,1,1,1,0,0,0,0,0,0,1,0,23;35;42,51,,100,51,0,1,1,0,0,1,0,,,,
2023,8,REG,00-0038905,NO,B.Grupe,Blake Grupe,K,SPEC,"https://static.www.nfl.com/image/upload/f_auto,q_auto/league/z2wtggrnylortw5cexgr",1,1,0,0,27,1,0,1,0,0,0,0,0,0,0,0,0,0,27,,,27,0,0,5,5,0,0,1,0,,,,
2023,9,REG,00-0038905,NO,B.Grupe,Blake Grupe,K,SPEC,"https://static.www.nfl.com/image/upload/f_auto,q_auto/league/z2wtggrnylortw5cexgr",1,2,1,0,55,0.5,0,0,0,0,1,0,0,0,0,1,0,0,55,47,,55,47,0,3,3,0,0,1,0,,,,
2023,10,REG,00-0038905,NO,B.Grupe,Blake Grupe,K,SPEC,"https://static.www.nfl.com/image/upload/f_auto,q_auto/league/z2wtggrnylortw5cexgr",1,1,0,0,48,1,0,0,0,1,0,0,0,0,0,0,0,0,48,,,48,0,0,,0,,,,0,,,,
2023,12,REG,00-0038905,NO,B.Grupe,Blake Grupe,K,SPEC,"https://static.www.nfl.com/image/upload/f_auto,q_auto/league/z2wtggrnylortw5cexgr",5,6,1,0,52,0.833,0,1,1,2,1,0,0,0,0,0,1,0,25;52;41;45;39,54,,202,54,0,,0,,,,0,,,,
2023,13,REG,00-0038905,NO,B.Grupe,Blake Grupe,K,SPEC,"https://static.www.nfl.com/image/upload/f_auto,q_auto/league/z2wtggrnylortw5cexgr",,0,,,,,,,,,,,,,,,,,,,,,,,4,4,0,0,1,0,,,,
2023,14,REG,00-0038905,NO,B.Grupe,Blake Grupe,K,SPEC,"https://static.www.nfl.com/image/upload/f_auto,q_auto/league/z2wtggrnylortw5cexgr",0,1,1,0,,0,0,0,0,0,0,0,0,1,0,0,0,0,,29,,0,29,0,4,4,0,0,1,0,,,,
2023,15,REG,00-0038905,NO,B.Grupe,Blake Grupe,K,SPEC,"https://static.www.nfl.com/image/upload/f_auto,q_auto/league/z2wtggrnylortw5cexgr",1,1,0,0,50,1,0,0,0,0,1,0,0,0,0,0,0,0,50,,,50,0,0,3,3,0,0,1,0,,,,
2023,16,REG,00-0038905,NO,B.Grupe,Blake Grupe,K,SPEC,"https://static.www.nfl.com/image/upload/f_auto,q_auto/league/z2wtggrnylortw5cexgr",,0,,,,,,,,,,,,,,,,,,,,,,,2,2,0,0,1,0,,,,
2023,17,REG,00-0038905,NO,B.Grupe,Blake Grupe,K,SPEC,"https://static.www.nfl.com/image/upload/f_auto,q_auto/league/z2wtggrnylortw5cexgr",3,3,0,0,45,1,0,1,1,1,0,0,0,0,0,0,0,0,45;28;38,,,111,0,0,2,2,0,0,1,0,,,,
2023,18,REG,00-0038905,NO,B.Grupe,Blake Grupe,K,SPEC,"https://static.www.nfl.com/image/upload/f_auto,q_auto/league/z2wtggrnylortw5cexgr",2,2,0,0,24,1,0,2,0,0,0,0,0,0,0,0,0,0,24;24,,,48,0,0,6,6,0,0,1,0,,,,
