candidate_id,url,domain,title,snippet,discovered_from_query,discovered_from_source,candidate_type,inferred_category,inferred_league,inferred_team,inferred_person,inferred_data_types,confidence,priority_score,dedupe_group,status,next_action
cand_000001,https://candidate1.example.com/nfl,candidate1.example.com,Candidate NFL source 1,Generated candidate for source graph scale testing,NFL advanced stats API 0,query_pack,youtube,nfl_intelligence,NFL,ARI,,"['stats', 'media']",0.55,100,dg_0,unreviewed,"Score, dedupe, and rights review"
cand_000002,https://candidate2.example.com/nfl,candidate2.example.com,Candidate NFL source 2,Generated candidate for source graph scale testing,NFL advanced stats API 1,query_pack,reddit,nfl_intelligence,NFL,ATL,,"['stats', 'media']",0.56,99,dg_1,unreviewed,"Score, dedupe, and rights review"
cand_000003,https://candidate3.example.com/nfl,candidate3.example.com,Candidate NFL source 3,Generated candidate for source graph scale testing,NFL advanced stats API 2,query_pack,podcast,nfl_intelligence,NFL,BAL,,"['stats', 'media']",0.57,98,dg_2,unreviewed,"Score, dedupe, and rights review"
cand_000004,https://candidate4.example.com/nfl,candidate4.example.com,Candidate NFL source 4,Generated candidate for source graph scale testing,NFL advanced stats API 3,query_pack,rss,nfl_intelligence,NFL,BUF,,"['stats', 'media']",0.58,97,dg_3,unreviewed,"Score, dedupe, and rights review"
cand_000005,https://candidate5.example.com/nfl,candidate5.example.com,Candidate NFL source 5,Generated candidate for source graph scale testing,NFL advanced stats API 4,query_pack,vendor,nfl_intelligence,NFL,CAR,,"['stats', 'media']",0.59,96,dg_4,unreviewed,"Score, dedupe, and rights review"
cand_000006,https://candidate6.example.com/nfl,candidate6.example.com,Candidate NFL source 6,Generated candidate for source graph scale testing,NFL advanced stats API 5,query_pack,expert,nfl_intelligence,NFL,CHI,,"['stats', 'media']",0.6,95,dg_5,unreviewed,"Score, dedupe, and rights review"
cand_000007,https://candidate7.example.com/nfl,candidate7.example.com,Candidate NFL source 7,Generated candidate for source graph scale testing,NFL advanced stats API 6,query_pack,github,nfl_intelligence,NFL,CIN,,"['stats', 'media']",0.61,94,dg_6,unreviewed,"Score, dedupe, and rights review"
cand_000008,https://candidate8.example.com/nfl,candidate8.example.com,Candidate NFL source 8,Generated candidate for source graph scale testing,NFL advanced stats API 7,query_pack,academic,nfl_intelligence,NFL,CLE,,"['stats', 'media']",0.62,93,dg_7,unreviewed,"Score, dedupe, and rights review"
cand_000009,https://candidate9.example.com/nfl,candidate9.example.com,Candidate NFL source 9,Generated candidate for source graph scale testing,NFL advanced stats API 8,query_pack,youtube,nfl_intelligence,NFL,DAL,,"['stats', 'media']",0.63,92,dg_8,unreviewed,"Score, dedupe, and rights review"
cand_000010,https://candidate10.example.com/nfl,candidate10.example.com,Candidate NFL source 10,Generated candidate for source graph scale testing,NFL advanced stats API 9,query_pack,reddit,nfl_intelligence,NFL,DEN,,"['stats', 'media']",0.64,91,dg_9,unreviewed,"Score, dedupe, and rights review"
cand_000011,https://candidate11.example.com/nfl,candidate11.example.com,Candidate NFL source 11,Generated candidate for source graph scale testing,NFL advanced stats CSV 0,query_pack,podcast,nfl_intelligence,NFL,DET,,"['stats', 'media']",0.65,90,dg_10,unreviewed,"Score, dedupe, and rights review"
cand_000012,https://candidate12.example.com/nfl,candidate12.example.com,Candidate NFL source 12,Generated candidate for source graph scale testing,NFL advanced stats CSV 1,query_pack,rss,nfl_intelligence,NFL,GB,,"['stats', 'media']",0.66,89,dg_11,unreviewed,"Score, dedupe, and rights review"
cand_000013,https://candidate13.example.com/nfl,candidate13.example.com,Candidate NFL source 13,Generated candidate for source graph scale testing,NFL advanced stats CSV 2,query_pack,vendor,nfl_intelligence,NFL,HOU,,"['stats', 'media']",0.67,88,dg_12,unreviewed,"Score, dedupe, and rights review"
cand_000014,https://candidate14.example.com/nfl,candidate14.example.com,Candidate NFL source 14,Generated candidate for source graph scale testing,NFL advanced stats CSV 3,query_pack,expert,nfl_intelligence,NFL,IND,,"['stats', 'media']",0.68,87,dg_13,unreviewed,"Score, dedupe, and rights review"
cand_000015,https://candidate15.example.com/nfl,candidate15.example.com,Candidate NFL source 15,Generated candidate for source graph scale testing,NFL advanced stats CSV 4,query_pack,github,nfl_intelligence,NFL,JAX,,"['stats', 'media']",0.69,86,dg_14,unreviewed,"Score, dedupe, and rights review"
cand_000016,https://candidate16.example.com/nfl,candidate16.example.com,Candidate NFL source 16,Generated candidate for source graph scale testing,NFL advanced stats CSV 5,query_pack,academic,nfl_intelligence,NFL,KC,,"['stats', 'media']",0.7,85,dg_15,unreviewed,"Score, dedupe, and rights review"
cand_000017,https://candidate17.example.com/nfl,candidate17.example.com,Candidate NFL source 17,Generated candidate for source graph scale testing,NFL advanced stats CSV 6,query_pack,youtube,nfl_intelligence,NFL,LV,,"['stats', 'media']",0.71,84,dg_16,unreviewed,"Score, dedupe, and rights review"
cand_000018,https://candidate18.example.com/nfl,candidate18.example.com,Candidate NFL source 18,Generated candidate for source graph scale testing,NFL advanced stats CSV 7,query_pack,reddit,nfl_intelligence,NFL,LAC,,"['stats', 'media']",0.72,83,dg_17,unreviewed,"Score, dedupe, and rights review"
cand_000019,https://candidate19.example.com/nfl,candidate19.example.com,Candidate NFL source 19,Generated candidate for source graph scale testing,NFL advanced stats CSV 8,query_pack,podcast,nfl_intelligence,NFL,LAR,,"['stats', 'media']",0.73,82,dg_18,unreviewed,"Score, dedupe, and rights review"
cand_000020,https://candidate20.example.com/nfl,candidate20.example.com,Candidate NFL source 20,Generated candidate for source graph scale testing,NFL advanced stats CSV 9,query_pack,rss,nfl_intelligence,NFL,MIA,,"['stats', 'media']",0.74,81,dg_19,unreviewed,"Score, dedupe, and rights review"
cand_000021,https://candidate21.example.com/nfl,candidate21.example.com,Candidate NFL source 21,Generated candidate for source graph scale testing,NFL advanced stats RSS 0,query_pack,vendor,nfl_intelligence,NFL,MIN,,"['stats', 'media']",0.75,80,dg_20,unreviewed,"Score, dedupe, and rights review"
cand_000022,https://candidate22.example.com/nfl,candidate22.example.com,Candidate NFL source 22,Generated candidate for source graph scale testing,NFL advanced stats RSS 1,query_pack,expert,nfl_intelligence,NFL,NE,,"['stats', 'media']",0.76,79,dg_21,unreviewed,"Score, dedupe, and rights review"
cand_000023,https://candidate23.example.com/nfl,candidate23.example.com,Candidate NFL source 23,Generated candidate for source graph scale testing,NFL advanced stats RSS 2,query_pack,github,nfl_intelligence,NFL,NO,,"['stats', 'media']",0.77,78,dg_22,unreviewed,"Score, dedupe, and rights review"
cand_000024,https://candidate24.example.com/nfl,candidate24.example.com,Candidate NFL source 24,Generated candidate for source graph scale testing,NFL advanced stats RSS 3,query_pack,academic,nfl_intelligence,NFL,NYG,,"['stats', 'media']",0.78,77,dg_23,unreviewed,"Score, dedupe, and rights review"
cand_000025,https://candidate25.example.com/nfl,candidate25.example.com,Candidate NFL source 25,Generated candidate for source graph scale testing,NFL advanced stats RSS 4,query_pack,youtube,nfl_intelligence,NFL,NYJ,,"['stats', 'media']",0.79,76,dg_24,unreviewed,"Score, dedupe, and rights review"
cand_000026,https://candidate26.example.com/nfl,candidate26.example.com,Candidate NFL source 26,Generated candidate for source graph scale testing,NFL advanced stats RSS 5,query_pack,reddit,nfl_intelligence,NFL,PHI,,"['stats', 'media']",0.8,75,dg_25,unreviewed,"Score, dedupe, and rights review"
cand_000027,https://candidate27.example.com/nfl,candidate27.example.com,Candidate NFL source 27,Generated candidate for source graph scale testing,NFL advanced stats RSS 6,query_pack,podcast,nfl_intelligence,NFL,PIT,,"['stats', 'media']",0.81,74,dg_26,unreviewed,"Score, dedupe, and rights review"
cand_000028,https://candidate28.example.com/nfl,candidate28.example.com,Candidate NFL source 28,Generated candidate for source graph scale testing,NFL advanced stats RSS 7,query_pack,rss,nfl_intelligence,NFL,SF,,"['stats', 'media']",0.82,73,dg_27,unreviewed,"Score, dedupe, and rights review"
cand_000029,https://candidate29.example.com/nfl,candidate29.example.com,Candidate NFL source 29,Generated candidate for source graph scale testing,NFL advanced stats RSS 8,query_pack,vendor,nfl_intelligence,NFL,SEA,,"['stats', 'media']",0.83,72,dg_28,unreviewed,"Score, dedupe, and rights review"
cand_000030,https://candidate30.example.com/nfl,candidate30.example.com,Candidate NFL source 30,Generated candidate for source graph scale testing,NFL advanced stats RSS 9,query_pack,expert,nfl_intelligence,NFL,TB,,"['stats', 'media']",0.84,71,dg_29,unreviewed,"Score, dedupe, and rights review"
cand_000031,https://candidate31.example.com/nfl,candidate31.example.com,Candidate NFL source 31,Generated candidate for source graph scale testing,NFL advanced stats database 0,query_pack,github,nfl_intelligence,NFL,TEN,,"['stats', 'media']",0.85,70,dg_30,unreviewed,"Score, dedupe, and rights review"
cand_000032,https://candidate32.example.com/nfl,candidate32.example.com,Candidate NFL source 32,Generated candidate for source graph scale testing,NFL advanced stats database 1,query_pack,academic,nfl_intelligence,NFL,WAS,,"['stats', 'media']",0.86,69,dg_31,unreviewed,"Score, dedupe, and rights review"
cand_000033,https://candidate33.example.com/nfl,candidate33.example.com,Candidate NFL source 33,Generated candidate for source graph scale testing,NFL advanced stats database 2,query_pack,youtube,nfl_intelligence,NFL,ARI,,"['stats', 'media']",0.87,68,dg_32,unreviewed,"Score, dedupe, and rights review"
cand_000034,https://candidate34.example.com/nfl,candidate34.example.com,Candidate NFL source 34,Generated candidate for source graph scale testing,NFL advanced stats database 3,query_pack,reddit,nfl_intelligence,NFL,ATL,,"['stats', 'media']",0.88,67,dg_33,unreviewed,"Score, dedupe, and rights review"
cand_000035,https://candidate35.example.com/nfl,candidate35.example.com,Candidate NFL source 35,Generated candidate for source graph scale testing,NFL advanced stats database 4,query_pack,podcast,nfl_intelligence,NFL,BAL,,"['stats', 'media']",0.89,66,dg_34,unreviewed,"Score, dedupe, and rights review"
cand_000036,https://candidate36.example.com/nfl,candidate36.example.com,Candidate NFL source 36,Generated candidate for source graph scale testing,NFL advanced stats database 5,query_pack,rss,nfl_intelligence,NFL,BUF,,"['stats', 'media']",0.9,65,dg_35,unreviewed,"Score, dedupe, and rights review"
cand_000037,https://candidate37.example.com/nfl,candidate37.example.com,Candidate NFL source 37,Generated candidate for source graph scale testing,NFL advanced stats database 6,query_pack,vendor,nfl_intelligence,NFL,CAR,,"['stats', 'media']",0.91,64,dg_36,unreviewed,"Score, dedupe, and rights review"
cand_000038,https://candidate38.example.com/nfl,candidate38.example.com,Candidate NFL source 38,Generated candidate for source graph scale testing,NFL advanced stats database 7,query_pack,expert,nfl_intelligence,NFL,CHI,,"['stats', 'media']",0.92,63,dg_37,unreviewed,"Score, dedupe, and rights review"
cand_000039,https://candidate39.example.com/nfl,candidate39.example.com,Candidate NFL source 39,Generated candidate for source graph scale testing,NFL advanced stats database 8,query_pack,github,nfl_intelligence,NFL,CIN,,"['stats', 'media']",0.93,62,dg_38,unreviewed,"Score, dedupe, and rights review"
cand_000040,https://candidate40.example.com/nfl,candidate40.example.com,Candidate NFL source 40,Generated candidate for source graph scale testing,NFL advanced stats database 9,query_pack,academic,nfl_intelligence,NFL,CLE,,"['stats', 'media']",0.94,61,dg_39,unreviewed,"Score, dedupe, and rights review"
cand_000041,https://candidate41.example.com/nfl,candidate41.example.com,Candidate NFL source 41,Generated candidate for source graph scale testing,NFL advanced stats download 0,query_pack,youtube,nfl_intelligence,NFL,DAL,,"['stats', 'media']",0.55,60,dg_40,unreviewed,"Score, dedupe, and rights review"
cand_000042,https://candidate42.example.com/nfl,candidate42.example.com,Candidate NFL source 42,Generated candidate for source graph scale testing,NFL advanced stats download 1,query_pack,reddit,nfl_intelligence,NFL,DEN,,"['stats', 'media']",0.56,59,dg_41,unreviewed,"Score, dedupe, and rights review"
cand_000043,https://candidate43.example.com/nfl,candidate43.example.com,Candidate NFL source 43,Generated candidate for source graph scale testing,NFL advanced stats download 2,query_pack,podcast,nfl_intelligence,NFL,DET,,"['stats', 'media']",0.57,58,dg_42,unreviewed,"Score, dedupe, and rights review"
cand_000044,https://candidate44.example.com/nfl,candidate44.example.com,Candidate NFL source 44,Generated candidate for source graph scale testing,NFL advanced stats download 3,query_pack,rss,nfl_intelligence,NFL,GB,,"['stats', 'media']",0.58,57,dg_43,unreviewed,"Score, dedupe, and rights review"
cand_000045,https://candidate45.example.com/nfl,candidate45.example.com,Candidate NFL source 45,Generated candidate for source graph scale testing,NFL advanced stats download 4,query_pack,vendor,nfl_intelligence,NFL,HOU,,"['stats', 'media']",0.59,56,dg_44,unreviewed,"Score, dedupe, and rights review"
cand_000046,https://candidate46.example.com/nfl,candidate46.example.com,Candidate NFL source 46,Generated candidate for source graph scale testing,NFL advanced stats download 5,query_pack,expert,nfl_intelligence,NFL,IND,,"['stats', 'media']",0.6,55,dg_45,unreviewed,"Score, dedupe, and rights review"
cand_000047,https://candidate47.example.com/nfl,candidate47.example.com,Candidate NFL source 47,Generated candidate for source graph scale testing,NFL advanced stats download 6,query_pack,github,nfl_intelligence,NFL,JAX,,"['stats', 'media']",0.61,54,dg_46,unreviewed,"Score, dedupe, and rights review"
cand_000048,https://candidate48.example.com/nfl,candidate48.example.com,Candidate NFL source 48,Generated candidate for source graph scale testing,NFL advanced stats download 7,query_pack,academic,nfl_intelligence,NFL,KC,,"['stats', 'media']",0.62,53,dg_47,unreviewed,"Score, dedupe, and rights review"
cand_000049,https://candidate49.example.com/nfl,candidate49.example.com,Candidate NFL source 49,Generated candidate for source graph scale testing,NFL advanced stats download 8,query_pack,youtube,nfl_intelligence,NFL,LV,,"['stats', 'media']",0.63,52,dg_48,unreviewed,"Score, dedupe, and rights review"
cand_000050,https://candidate50.example.com/nfl,candidate50.example.com,Candidate NFL source 50,Generated candidate for source graph scale testing,NFL advanced stats download 9,query_pack,reddit,nfl_intelligence,NFL,LAC,,"['stats', 'media']",0.64,51,dg_49,unreviewed,"Score, dedupe, and rights review"
cand_000051,https://candidate51.example.com/nfl,candidate51.example.com,Candidate NFL source 51,Generated candidate for source graph scale testing,NFL advanced stats feed 0,query_pack,podcast,nfl_intelligence,NFL,LAR,,"['stats', 'media']",0.65,50,dg_50,unreviewed,"Score, dedupe, and rights review"
cand_000052,https://candidate52.example.com/nfl,candidate52.example.com,Candidate NFL source 52,Generated candidate for source graph scale testing,NFL advanced stats feed 1,query_pack,rss,nfl_intelligence,NFL,MIA,,"['stats', 'media']",0.66,49,dg_51,unreviewed,"Score, dedupe, and rights review"
cand_000053,https://candidate53.example.com/nfl,candidate53.example.com,Candidate NFL source 53,Generated candidate for source graph scale testing,NFL advanced stats feed 2,query_pack,vendor,nfl_intelligence,NFL,MIN,,"['stats', 'media']",0.67,48,dg_52,unreviewed,"Score, dedupe, and rights review"
cand_000054,https://candidate54.example.com/nfl,candidate54.example.com,Candidate NFL source 54,Generated candidate for source graph scale testing,NFL advanced stats feed 3,query_pack,expert,nfl_intelligence,NFL,NE,,"['stats', 'media']",0.68,47,dg_53,unreviewed,"Score, dedupe, and rights review"
cand_000055,https://candidate55.example.com/nfl,candidate55.example.com,Candidate NFL source 55,Generated candidate for source graph scale testing,NFL advanced stats feed 4,query_pack,github,nfl_intelligence,NFL,NO,,"['stats', 'media']",0.69,46,dg_54,unreviewed,"Score, dedupe, and rights review"
cand_000056,https://candidate56.example.com/nfl,candidate56.example.com,Candidate NFL source 56,Generated candidate for source graph scale testing,NFL advanced stats feed 5,query_pack,academic,nfl_intelligence,NFL,NYG,,"['stats', 'media']",0.7,45,dg_55,unreviewed,"Score, dedupe, and rights review"
cand_000057,https://candidate57.example.com/nfl,candidate57.example.com,Candidate NFL source 57,Generated candidate for source graph scale testing,NFL advanced stats feed 6,query_pack,youtube,nfl_intelligence,NFL,NYJ,,"['stats', 'media']",0.71,44,dg_56,unreviewed,"Score, dedupe, and rights review"
cand_000058,https://candidate58.example.com/nfl,candidate58.example.com,Candidate NFL source 58,Generated candidate for source graph scale testing,NFL advanced stats feed 7,query_pack,reddit,nfl_intelligence,NFL,PHI,,"['stats', 'media']",0.72,43,dg_57,unreviewed,"Score, dedupe, and rights review"
cand_000059,https://candidate59.example.com/nfl,candidate59.example.com,Candidate NFL source 59,Generated candidate for source graph scale testing,NFL advanced stats feed 8,query_pack,podcast,nfl_intelligence,NFL,PIT,,"['stats', 'media']",0.73,42,dg_58,unreviewed,"Score, dedupe, and rights review"
cand_000060,https://candidate60.example.com/nfl,candidate60.example.com,Candidate NFL source 60,Generated candidate for source graph scale testing,NFL advanced stats feed 9,query_pack,rss,nfl_intelligence,NFL,SF,,"['stats', 'media']",0.74,41,dg_59,unreviewed,"Score, dedupe, and rights review"
cand_000061,https://candidate61.example.com/nfl,candidate61.example.com,Candidate NFL source 61,Generated candidate for source graph scale testing,NFL advanced stats licensed 0,query_pack,vendor,nfl_intelligence,NFL,SEA,,"['stats', 'media']",0.75,40,dg_60,unreviewed,"Score, dedupe, and rights review"
cand_000062,https://candidate62.example.com/nfl,candidate62.example.com,Candidate NFL source 62,Generated candidate for source graph scale testing,NFL advanced stats licensed 1,query_pack,expert,nfl_intelligence,NFL,TB,,"['stats', 'media']",0.76,39,dg_61,unreviewed,"Score, dedupe, and rights review"
cand_000063,https://candidate63.example.com/nfl,candidate63.example.com,Candidate NFL source 63,Generated candidate for source graph scale testing,NFL advanced stats licensed 2,query_pack,github,nfl_intelligence,NFL,TEN,,"['stats', 'media']",0.77,38,dg_62,unreviewed,"Score, dedupe, and rights review"
cand_000064,https://candidate64.example.com/nfl,candidate64.example.com,Candidate NFL source 64,Generated candidate for source graph scale testing,NFL advanced stats licensed 3,query_pack,academic,nfl_intelligence,NFL,WAS,,"['stats', 'media']",0.78,37,dg_63,unreviewed,"Score, dedupe, and rights review"
cand_000065,https://candidate65.example.com/nfl,candidate65.example.com,Candidate NFL source 65,Generated candidate for source graph scale testing,NFL advanced stats licensed 4,query_pack,youtube,nfl_intelligence,NFL,ARI,,"['stats', 'media']",0.79,36,dg_64,unreviewed,"Score, dedupe, and rights review"
cand_000066,https://candidate66.example.com/nfl,candidate66.example.com,Candidate NFL source 66,Generated candidate for source graph scale testing,NFL advanced stats licensed 5,query_pack,reddit,nfl_intelligence,NFL,ATL,,"['stats', 'media']",0.8,35,dg_65,unreviewed,"Score, dedupe, and rights review"
cand_000067,https://candidate67.example.com/nfl,candidate67.example.com,Candidate NFL source 67,Generated candidate for source graph scale testing,NFL advanced stats licensed 6,query_pack,podcast,nfl_intelligence,NFL,BAL,,"['stats', 'media']",0.81,34,dg_66,unreviewed,"Score, dedupe, and rights review"
cand_000068,https://candidate68.example.com/nfl,candidate68.example.com,Candidate NFL source 68,Generated candidate for source graph scale testing,NFL advanced stats licensed 7,query_pack,rss,nfl_intelligence,NFL,BUF,,"['stats', 'media']",0.82,33,dg_67,unreviewed,"Score, dedupe, and rights review"
cand_000069,https://candidate69.example.com/nfl,candidate69.example.com,Candidate NFL source 69,Generated candidate for source graph scale testing,NFL advanced stats licensed 8,query_pack,vendor,nfl_intelligence,NFL,CAR,,"['stats', 'media']",0.83,32,dg_68,unreviewed,"Score, dedupe, and rights review"
cand_000070,https://candidate70.example.com/nfl,candidate70.example.com,Candidate NFL source 70,Generated candidate for source graph scale testing,NFL advanced stats licensed 9,query_pack,expert,nfl_intelligence,NFL,CHI,,"['stats', 'media']",0.84,31,dg_69,unreviewed,"Score, dedupe, and rights review"
cand_000071,https://candidate71.example.com/nfl,candidate71.example.com,Candidate NFL source 71,Generated candidate for source graph scale testing,NFL advanced stats open 0,query_pack,github,nfl_intelligence,NFL,CIN,,"['stats', 'media']",0.85,30,dg_70,unreviewed,"Score, dedupe, and rights review"
cand_000072,https://candidate72.example.com/nfl,candidate72.example.com,Candidate NFL source 72,Generated candidate for source graph scale testing,NFL advanced stats open 1,query_pack,academic,nfl_intelligence,NFL,CLE,,"['stats', 'media']",0.86,29,dg_71,unreviewed,"Score, dedupe, and rights review"
cand_000073,https://candidate73.example.com/nfl,candidate73.example.com,Candidate NFL source 73,Generated candidate for source graph scale testing,NFL advanced stats open 2,query_pack,youtube,nfl_intelligence,NFL,DAL,,"['stats', 'media']",0.87,28,dg_72,unreviewed,"Score, dedupe, and rights review"
cand_000074,https://candidate74.example.com/nfl,candidate74.example.com,Candidate NFL source 74,Generated candidate for source graph scale testing,NFL advanced stats open 3,query_pack,reddit,nfl_intelligence,NFL,DEN,,"['stats', 'media']",0.88,27,dg_73,unreviewed,"Score, dedupe, and rights review"
cand_000075,https://candidate75.example.com/nfl,candidate75.example.com,Candidate NFL source 75,Generated candidate for source graph scale testing,NFL advanced stats open 4,query_pack,podcast,nfl_intelligence,NFL,DET,,"['stats', 'media']",0.89,26,dg_74,unreviewed,"Score, dedupe, and rights review"
cand_000076,https://candidate76.example.com/nfl,candidate76.example.com,Candidate NFL source 76,Generated candidate for source graph scale testing,NFL advanced stats open 5,query_pack,rss,nfl_intelligence,NFL,GB,,"['stats', 'media']",0.9,25,dg_75,unreviewed,"Score, dedupe, and rights review"
cand_000077,https://candidate77.example.com/nfl,candidate77.example.com,Candidate NFL source 77,Generated candidate for source graph scale testing,NFL advanced stats open 6,query_pack,vendor,nfl_intelligence,NFL,HOU,,"['stats', 'media']",0.91,24,dg_76,unreviewed,"Score, dedupe, and rights review"
cand_000078,https://candidate78.example.com/nfl,candidate78.example.com,Candidate NFL source 78,Generated candidate for source graph scale testing,NFL advanced stats open 7,query_pack,expert,nfl_intelligence,NFL,IND,,"['stats', 'media']",0.92,23,dg_77,unreviewed,"Score, dedupe, and rights review"
cand_000079,https://candidate79.example.com/nfl,candidate79.example.com,Candidate NFL source 79,Generated candidate for source graph scale testing,NFL advanced stats open 8,query_pack,github,nfl_intelligence,NFL,JAX,,"['stats', 'media']",0.93,22,dg_78,unreviewed,"Score, dedupe, and rights review"
cand_000080,https://candidate80.example.com/nfl,candidate80.example.com,Candidate NFL source 80,Generated candidate for source graph scale testing,NFL advanced stats open 9,query_pack,academic,nfl_intelligence,NFL,KC,,"['stats', 'media']",0.94,21,dg_79,unreviewed,"Score, dedupe, and rights review"
cand_000081,https://candidate81.example.com/nfl,candidate81.example.com,Candidate NFL source 81,Generated candidate for source graph scale testing,NFL advanced stats public 0,query_pack,youtube,nfl_intelligence,NFL,LV,,"['stats', 'media']",0.55,20,dg_80,unreviewed,"Score, dedupe, and rights review"
cand_000082,https://candidate82.example.com/nfl,candidate82.example.com,Candidate NFL source 82,Generated candidate for source graph scale testing,NFL advanced stats public 1,query_pack,reddit,nfl_intelligence,NFL,LAC,,"['stats', 'media']",0.56,19,dg_81,unreviewed,"Score, dedupe, and rights review"
cand_000083,https://candidate83.example.com/nfl,candidate83.example.com,Candidate NFL source 83,Generated candidate for source graph scale testing,NFL advanced stats public 2,query_pack,podcast,nfl_intelligence,NFL,LAR,,"['stats', 'media']",0.57,18,dg_82,unreviewed,"Score, dedupe, and rights review"
cand_000084,https://candidate84.example.com/nfl,candidate84.example.com,Candidate NFL source 84,Generated candidate for source graph scale testing,NFL advanced stats public 3,query_pack,rss,nfl_intelligence,NFL,MIA,,"['stats', 'media']",0.58,17,dg_83,unreviewed,"Score, dedupe, and rights review"
cand_000085,https://candidate85.example.com/nfl,candidate85.example.com,Candidate NFL source 85,Generated candidate for source graph scale testing,NFL advanced stats public 4,query_pack,vendor,nfl_intelligence,NFL,MIN,,"['stats', 'media']",0.59,16,dg_84,unreviewed,"Score, dedupe, and rights review"
cand_000086,https://candidate86.example.com/nfl,candidate86.example.com,Candidate NFL source 86,Generated candidate for source graph scale testing,NFL advanced stats public 5,query_pack,expert,nfl_intelligence,NFL,NE,,"['stats', 'media']",0.6,15,dg_85,unreviewed,"Score, dedupe, and rights review"
cand_000087,https://candidate87.example.com/nfl,candidate87.example.com,Candidate NFL source 87,Generated candidate for source graph scale testing,NFL advanced stats public 6,query_pack,github,nfl_intelligence,NFL,NO,,"['stats', 'media']",0.61,14,dg_86,unreviewed,"Score, dedupe, and rights review"
cand_000088,https://candidate88.example.com/nfl,candidate88.example.com,Candidate NFL source 88,Generated candidate for source graph scale testing,NFL advanced stats public 7,query_pack,academic,nfl_intelligence,NFL,NYG,,"['stats', 'media']",0.62,13,dg_87,unreviewed,"Score, dedupe, and rights review"
cand_000089,https://candidate89.example.com/nfl,candidate89.example.com,Candidate NFL source 89,Generated candidate for source graph scale testing,NFL advanced stats public 8,query_pack,youtube,nfl_intelligence,NFL,NYJ,,"['stats', 'media']",0.63,12,dg_88,unreviewed,"Score, dedupe, and rights review"
cand_000090,https://candidate90.example.com/nfl,candidate90.example.com,Candidate NFL source 90,Generated candidate for source graph scale testing,NFL advanced stats public 9,query_pack,reddit,nfl_intelligence,NFL,PHI,,"['stats', 'media']",0.64,11,dg_89,unreviewed,"Score, dedupe, and rights review"
cand_000091,https://candidate91.example.com/nfl,candidate91.example.com,Candidate NFL source 91,Generated candidate for source graph scale testing,NFL advanced stats vendor 0,query_pack,podcast,nfl_intelligence,NFL,PIT,,"['stats', 'media']",0.65,10,dg_90,unreviewed,"Score, dedupe, and rights review"
cand_000092,https://candidate92.example.com/nfl,candidate92.example.com,Candidate NFL source 92,Generated candidate for source graph scale testing,NFL advanced stats vendor 1,query_pack,rss,nfl_intelligence,NFL,SF,,"['stats', 'media']",0.66,9,dg_91,unreviewed,"Score, dedupe, and rights review"
cand_000093,https://candidate93.example.com/nfl,candidate93.example.com,Candidate NFL source 93,Generated candidate for source graph scale testing,NFL advanced stats vendor 2,query_pack,vendor,nfl_intelligence,NFL,SEA,,"['stats', 'media']",0.67,8,dg_92,unreviewed,"Score, dedupe, and rights review"
cand_000094,https://candidate94.example.com/nfl,candidate94.example.com,Candidate NFL source 94,Generated candidate for source graph scale testing,NFL advanced stats vendor 3,query_pack,expert,nfl_intelligence,NFL,TB,,"['stats', 'media']",0.68,7,dg_93,unreviewed,"Score, dedupe, and rights review"
cand_000095,https://candidate95.example.com/nfl,candidate95.example.com,Candidate NFL source 95,Generated candidate for source graph scale testing,NFL advanced stats vendor 4,query_pack,github,nfl_intelligence,NFL,TEN,,"['stats', 'media']",0.69,6,dg_94,unreviewed,"Score, dedupe, and rights review"
cand_000096,https://candidate96.example.com/nfl,candidate96.example.com,Candidate NFL source 96,Generated candidate for source graph scale testing,NFL advanced stats vendor 5,query_pack,academic,nfl_intelligence,NFL,WAS,,"['stats', 'media']",0.7,5,dg_95,unreviewed,"Score, dedupe, and rights review"
cand_000097,https://candidate97.example.com/nfl,candidate97.example.com,Candidate NFL source 97,Generated candidate for source graph scale testing,NFL advanced stats vendor 6,query_pack,youtube,nfl_intelligence,NFL,ARI,,"['stats', 'media']",0.71,4,dg_96,unreviewed,"Score, dedupe, and rights review"
cand_000098,https://candidate98.example.com/nfl,candidate98.example.com,Candidate NFL source 98,Generated candidate for source graph scale testing,NFL advanced stats vendor 7,query_pack,reddit,nfl_intelligence,NFL,ATL,,"['stats', 'media']",0.72,3,dg_97,unreviewed,"Score, dedupe, and rights review"
cand_000099,https://candidate99.example.com/nfl,candidate99.example.com,Candidate NFL source 99,Generated candidate for source graph scale testing,NFL advanced stats vendor 8,query_pack,podcast,nfl_intelligence,NFL,BAL,,"['stats', 'media']",0.73,2,dg_98,unreviewed,"Score, dedupe, and rights review"
cand_000100,https://candidate100.example.com/nfl,candidate100.example.com,Candidate NFL source 100,Generated candidate for source graph scale testing,NFL advanced stats vendor 9,query_pack,rss,nfl_intelligence,NFL,BUF,,"['stats', 'media']",0.74,1,dg_99,unreviewed,"Score, dedupe, and rights review"
cand_000101,https://candidate101.example.com/nfl,candidate101.example.com,Candidate NFL source 101,Generated candidate for source graph scale testing,NFL advanced stats partner 0,query_pack,vendor,nfl_intelligence,NFL,CAR,,"['stats', 'media']",0.75,100,dg_100,unreviewed,"Score, dedupe, and rights review"
cand_000102,https://candidate102.example.com/nfl,candidate102.example.com,Candidate NFL source 102,Generated candidate for source graph scale testing,NFL advanced stats partner 1,query_pack,expert,nfl_intelligence,NFL,CHI,,"['stats', 'media']",0.76,99,dg_101,unreviewed,"Score, dedupe, and rights review"
cand_000103,https://candidate103.example.com/nfl,candidate103.example.com,Candidate NFL source 103,Generated candidate for source graph scale testing,NFL advanced stats partner 2,query_pack,github,nfl_intelligence,NFL,CIN,,"['stats', 'media']",0.77,98,dg_102,unreviewed,"Score, dedupe, and rights review"
cand_000104,https://candidate104.example.com/nfl,candidate104.example.com,Candidate NFL source 104,Generated candidate for source graph scale testing,NFL advanced stats partner 3,query_pack,academic,nfl_intelligence,NFL,CLE,,"['stats', 'media']",0.78,97,dg_103,unreviewed,"Score, dedupe, and rights review"
cand_000105,https://candidate105.example.com/nfl,candidate105.example.com,Candidate NFL source 105,Generated candidate for source graph scale testing,NFL advanced stats partner 4,query_pack,youtube,nfl_intelligence,NFL,DAL,,"['stats', 'media']",0.79,96,dg_104,unreviewed,"Score, dedupe, and rights review"
cand_000106,https://candidate106.example.com/nfl,candidate106.example.com,Candidate NFL source 106,Generated candidate for source graph scale testing,NFL advanced stats partner 5,query_pack,reddit,nfl_intelligence,NFL,DEN,,"['stats', 'media']",0.8,95,dg_105,unreviewed,"Score, dedupe, and rights review"
cand_000107,https://candidate107.example.com/nfl,candidate107.example.com,Candidate NFL source 107,Generated candidate for source graph scale testing,NFL advanced stats partner 6,query_pack,podcast,nfl_intelligence,NFL,DET,,"['stats', 'media']",0.81,94,dg_106,unreviewed,"Score, dedupe, and rights review"
cand_000108,https://candidate108.example.com/nfl,candidate108.example.com,Candidate NFL source 108,Generated candidate for source graph scale testing,NFL advanced stats partner 7,query_pack,rss,nfl_intelligence,NFL,GB,,"['stats', 'media']",0.82,93,dg_107,unreviewed,"Score, dedupe, and rights review"
cand_000109,https://candidate109.example.com/nfl,candidate109.example.com,Candidate NFL source 109,Generated candidate for source graph scale testing,NFL advanced stats partner 8,query_pack,vendor,nfl_intelligence,NFL,HOU,,"['stats', 'media']",0.83,92,dg_108,unreviewed,"Score, dedupe, and rights review"
cand_000110,https://candidate110.example.com/nfl,candidate110.example.com,Candidate NFL source 110,Generated candidate for source graph scale testing,NFL advanced stats partner 9,query_pack,expert,nfl_intelligence,NFL,IND,,"['stats', 'media']",0.84,91,dg_109,unreviewed,"Score, dedupe, and rights review"
cand_000111,https://candidate111.example.com/nfl,candidate111.example.com,Candidate NFL source 111,Generated candidate for source graph scale testing,NFL fantasy projections API 0,query_pack,github,nfl_intelligence,NFL,JAX,,"['stats', 'media']",0.85,90,dg_110,unreviewed,"Score, dedupe, and rights review"
cand_000112,https://candidate112.example.com/nfl,candidate112.example.com,Candidate NFL source 112,Generated candidate for source graph scale testing,NFL fantasy projections API 1,query_pack,academic,nfl_intelligence,NFL,KC,,"['stats', 'media']",0.86,89,dg_111,unreviewed,"Score, dedupe, and rights review"
cand_000113,https://candidate113.example.com/nfl,candidate113.example.com,Candidate NFL source 113,Generated candidate for source graph scale testing,NFL fantasy projections API 2,query_pack,youtube,nfl_intelligence,NFL,LV,,"['stats', 'media']",0.87,88,dg_112,unreviewed,"Score, dedupe, and rights review"
cand_000114,https://candidate114.example.com/nfl,candidate114.example.com,Candidate NFL source 114,Generated candidate for source graph scale testing,NFL fantasy projections API 3,query_pack,reddit,nfl_intelligence,NFL,LAC,,"['stats', 'media']",0.88,87,dg_113,unreviewed,"Score, dedupe, and rights review"
cand_000115,https://candidate115.example.com/nfl,candidate115.example.com,Candidate NFL source 115,Generated candidate for source graph scale testing,NFL fantasy projections API 4,query_pack,podcast,nfl_intelligence,NFL,LAR,,"['stats', 'media']",0.89,86,dg_114,unreviewed,"Score, dedupe, and rights review"
cand_000116,https://candidate116.example.com/nfl,candidate116.example.com,Candidate NFL source 116,Generated candidate for source graph scale testing,NFL fantasy projections API 5,query_pack,rss,nfl_intelligence,NFL,MIA,,"['stats', 'media']",0.9,85,dg_115,unreviewed,"Score, dedupe, and rights review"
cand_000117,https://candidate117.example.com/nfl,candidate117.example.com,Candidate NFL source 117,Generated candidate for source graph scale testing,NFL fantasy projections API 6,query_pack,vendor,nfl_intelligence,NFL,MIN,,"['stats', 'media']",0.91,84,dg_116,unreviewed,"Score, dedupe, and rights review"
cand_000118,https://candidate118.example.com/nfl,candidate118.example.com,Candidate NFL source 118,Generated candidate for source graph scale testing,NFL fantasy projections API 7,query_pack,expert,nfl_intelligence,NFL,NE,,"['stats', 'media']",0.92,83,dg_117,unreviewed,"Score, dedupe, and rights review"
cand_000119,https://candidate119.example.com/nfl,candidate119.example.com,Candidate NFL source 119,Generated candidate for source graph scale testing,NFL fantasy projections API 8,query_pack,github,nfl_intelligence,NFL,NO,,"['stats', 'media']",0.93,82,dg_118,unreviewed,"Score, dedupe, and rights review"
cand_000120,https://candidate120.example.com/nfl,candidate120.example.com,Candidate NFL source 120,Generated candidate for source graph scale testing,NFL fantasy projections API 9,query_pack,academic,nfl_intelligence,NFL,NYG,,"['stats', 'media']",0.94,81,dg_119,unreviewed,"Score, dedupe, and rights review"
cand_000121,https://candidate121.example.com/nfl,candidate121.example.com,Candidate NFL source 121,Generated candidate for source graph scale testing,NFL fantasy projections CSV 0,query_pack,youtube,nfl_intelligence,NFL,NYJ,,"['stats', 'media']",0.55,80,dg_120,unreviewed,"Score, dedupe, and rights review"
cand_000122,https://candidate122.example.com/nfl,candidate122.example.com,Candidate NFL source 122,Generated candidate for source graph scale testing,NFL fantasy projections CSV 1,query_pack,reddit,nfl_intelligence,NFL,PHI,,"['stats', 'media']",0.56,79,dg_121,unreviewed,"Score, dedupe, and rights review"
cand_000123,https://candidate123.example.com/nfl,candidate123.example.com,Candidate NFL source 123,Generated candidate for source graph scale testing,NFL fantasy projections CSV 2,query_pack,podcast,nfl_intelligence,NFL,PIT,,"['stats', 'media']",0.57,78,dg_122,unreviewed,"Score, dedupe, and rights review"
cand_000124,https://candidate124.example.com/nfl,candidate124.example.com,Candidate NFL source 124,Generated candidate for source graph scale testing,NFL fantasy projections CSV 3,query_pack,rss,nfl_intelligence,NFL,SF,,"['stats', 'media']",0.58,77,dg_123,unreviewed,"Score, dedupe, and rights review"
cand_000125,https://candidate125.example.com/nfl,candidate125.example.com,Candidate NFL source 125,Generated candidate for source graph scale testing,NFL fantasy projections CSV 4,query_pack,vendor,nfl_intelligence,NFL,SEA,,"['stats', 'media']",0.59,76,dg_124,unreviewed,"Score, dedupe, and rights review"
cand_000126,https://candidate126.example.com/nfl,candidate126.example.com,Candidate NFL source 126,Generated candidate for source graph scale testing,NFL fantasy projections CSV 5,query_pack,expert,nfl_intelligence,NFL,TB,,"['stats', 'media']",0.6,75,dg_125,unreviewed,"Score, dedupe, and rights review"
cand_000127,https://candidate127.example.com/nfl,candidate127.example.com,Candidate NFL source 127,Generated candidate for source graph scale testing,NFL fantasy projections CSV 6,query_pack,github,nfl_intelligence,NFL,TEN,,"['stats', 'media']",0.61,74,dg_126,unreviewed,"Score, dedupe, and rights review"
cand_000128,https://candidate128.example.com/nfl,candidate128.example.com,Candidate NFL source 128,Generated candidate for source graph scale testing,NFL fantasy projections CSV 7,query_pack,academic,nfl_intelligence,NFL,WAS,,"['stats', 'media']",0.62,73,dg_127,unreviewed,"Score, dedupe, and rights review"
cand_000129,https://candidate129.example.com/nfl,candidate129.example.com,Candidate NFL source 129,Generated candidate for source graph scale testing,NFL fantasy projections CSV 8,query_pack,youtube,nfl_intelligence,NFL,ARI,,"['stats', 'media']",0.63,72,dg_128,unreviewed,"Score, dedupe, and rights review"
cand_000130,https://candidate130.example.com/nfl,candidate130.example.com,Candidate NFL source 130,Generated candidate for source graph scale testing,NFL fantasy projections CSV 9,query_pack,reddit,nfl_intelligence,NFL,ATL,,"['stats', 'media']",0.64,71,dg_129,unreviewed,"Score, dedupe, and rights review"
cand_000131,https://candidate131.example.com/nfl,candidate131.example.com,Candidate NFL source 131,Generated candidate for source graph scale testing,NFL fantasy projections RSS 0,query_pack,podcast,nfl_intelligence,NFL,BAL,,"['stats', 'media']",0.65,70,dg_130,unreviewed,"Score, dedupe, and rights review"
cand_000132,https://candidate132.example.com/nfl,candidate132.example.com,Candidate NFL source 132,Generated candidate for source graph scale testing,NFL fantasy projections RSS 1,query_pack,rss,nfl_intelligence,NFL,BUF,,"['stats', 'media']",0.66,69,dg_131,unreviewed,"Score, dedupe, and rights review"
cand_000133,https://candidate133.example.com/nfl,candidate133.example.com,Candidate NFL source 133,Generated candidate for source graph scale testing,NFL fantasy projections RSS 2,query_pack,vendor,nfl_intelligence,NFL,CAR,,"['stats', 'media']",0.67,68,dg_132,unreviewed,"Score, dedupe, and rights review"
cand_000134,https://candidate134.example.com/nfl,candidate134.example.com,Candidate NFL source 134,Generated candidate for source graph scale testing,NFL fantasy projections RSS 3,query_pack,expert,nfl_intelligence,NFL,CHI,,"['stats', 'media']",0.68,67,dg_133,unreviewed,"Score, dedupe, and rights review"
cand_000135,https://candidate135.example.com/nfl,candidate135.example.com,Candidate NFL source 135,Generated candidate for source graph scale testing,NFL fantasy projections RSS 4,query_pack,github,nfl_intelligence,NFL,CIN,,"['stats', 'media']",0.69,66,dg_134,unreviewed,"Score, dedupe, and rights review"
cand_000136,https://candidate136.example.com/nfl,candidate136.example.com,Candidate NFL source 136,Generated candidate for source graph scale testing,NFL fantasy projections RSS 5,query_pack,academic,nfl_intelligence,NFL,CLE,,"['stats', 'media']",0.7,65,dg_135,unreviewed,"Score, dedupe, and rights review"
cand_000137,https://candidate137.example.com/nfl,candidate137.example.com,Candidate NFL source 137,Generated candidate for source graph scale testing,NFL fantasy projections RSS 6,query_pack,youtube,nfl_intelligence,NFL,DAL,,"['stats', 'media']",0.71,64,dg_136,unreviewed,"Score, dedupe, and rights review"
cand_000138,https://candidate138.example.com/nfl,candidate138.example.com,Candidate NFL source 138,Generated candidate for source graph scale testing,NFL fantasy projections RSS 7,query_pack,reddit,nfl_intelligence,NFL,DEN,,"['stats', 'media']",0.72,63,dg_137,unreviewed,"Score, dedupe, and rights review"
cand_000139,https://candidate139.example.com/nfl,candidate139.example.com,Candidate NFL source 139,Generated candidate for source graph scale testing,NFL fantasy projections RSS 8,query_pack,podcast,nfl_intelligence,NFL,DET,,"['stats', 'media']",0.73,62,dg_138,unreviewed,"Score, dedupe, and rights review"
cand_000140,https://candidate140.example.com/nfl,candidate140.example.com,Candidate NFL source 140,Generated candidate for source graph scale testing,NFL fantasy projections RSS 9,query_pack,rss,nfl_intelligence,NFL,GB,,"['stats', 'media']",0.74,61,dg_139,unreviewed,"Score, dedupe, and rights review"
cand_000141,https://candidate141.example.com/nfl,candidate141.example.com,Candidate NFL source 141,Generated candidate for source graph scale testing,NFL fantasy projections database 0,query_pack,vendor,nfl_intelligence,NFL,HOU,,"['stats', 'media']",0.75,60,dg_140,unreviewed,"Score, dedupe, and rights review"
cand_000142,https://candidate142.example.com/nfl,candidate142.example.com,Candidate NFL source 142,Generated candidate for source graph scale testing,NFL fantasy projections database 1,query_pack,expert,nfl_intelligence,NFL,IND,,"['stats', 'media']",0.76,59,dg_141,unreviewed,"Score, dedupe, and rights review"
cand_000143,https://candidate143.example.com/nfl,candidate143.example.com,Candidate NFL source 143,Generated candidate for source graph scale testing,NFL fantasy projections database 2,query_pack,github,nfl_intelligence,NFL,JAX,,"['stats', 'media']",0.77,58,dg_142,unreviewed,"Score, dedupe, and rights review"
cand_000144,https://candidate144.example.com/nfl,candidate144.example.com,Candidate NFL source 144,Generated candidate for source graph scale testing,NFL fantasy projections database 3,query_pack,academic,nfl_intelligence,NFL,KC,,"['stats', 'media']",0.78,57,dg_143,unreviewed,"Score, dedupe, and rights review"
cand_000145,https://candidate145.example.com/nfl,candidate145.example.com,Candidate NFL source 145,Generated candidate for source graph scale testing,NFL fantasy projections database 4,query_pack,youtube,nfl_intelligence,NFL,LV,,"['stats', 'media']",0.79,56,dg_144,unreviewed,"Score, dedupe, and rights review"
cand_000146,https://candidate146.example.com/nfl,candidate146.example.com,Candidate NFL source 146,Generated candidate for source graph scale testing,NFL fantasy projections database 5,query_pack,reddit,nfl_intelligence,NFL,LAC,,"['stats', 'media']",0.8,55,dg_145,unreviewed,"Score, dedupe, and rights review"
cand_000147,https://candidate147.example.com/nfl,candidate147.example.com,Candidate NFL source 147,Generated candidate for source graph scale testing,NFL fantasy projections database 6,query_pack,podcast,nfl_intelligence,NFL,LAR,,"['stats', 'media']",0.81,54,dg_146,unreviewed,"Score, dedupe, and rights review"
cand_000148,https://candidate148.example.com/nfl,candidate148.example.com,Candidate NFL source 148,Generated candidate for source graph scale testing,NFL fantasy projections database 7,query_pack,rss,nfl_intelligence,NFL,MIA,,"['stats', 'media']",0.82,53,dg_147,unreviewed,"Score, dedupe, and rights review"
cand_000149,https://candidate149.example.com/nfl,candidate149.example.com,Candidate NFL source 149,Generated candidate for source graph scale testing,NFL fantasy projections database 8,query_pack,vendor,nfl_intelligence,NFL,MIN,,"['stats', 'media']",0.83,52,dg_148,unreviewed,"Score, dedupe, and rights review"
cand_000150,https://candidate150.example.com/nfl,candidate150.example.com,Candidate NFL source 150,Generated candidate for source graph scale testing,NFL fantasy projections database 9,query_pack,expert,nfl_intelligence,NFL,NE,,"['stats', 'media']",0.84,51,dg_149,unreviewed,"Score, dedupe, and rights review"
cand_000151,https://candidate151.example.com/nfl,candidate151.example.com,Candidate NFL source 151,Generated candidate for source graph scale testing,NFL fantasy projections download 0,query_pack,github,nfl_intelligence,NFL,NO,,"['stats', 'media']",0.85,50,dg_150,unreviewed,"Score, dedupe, and rights review"
cand_000152,https://candidate152.example.com/nfl,candidate152.example.com,Candidate NFL source 152,Generated candidate for source graph scale testing,NFL fantasy projections download 1,query_pack,academic,nfl_intelligence,NFL,NYG,,"['stats', 'media']",0.86,49,dg_151,unreviewed,"Score, dedupe, and rights review"
cand_000153,https://candidate153.example.com/nfl,candidate153.example.com,Candidate NFL source 153,Generated candidate for source graph scale testing,NFL fantasy projections download 2,query_pack,youtube,nfl_intelligence,NFL,NYJ,,"['stats', 'media']",0.87,48,dg_152,unreviewed,"Score, dedupe, and rights review"
cand_000154,https://candidate154.example.com/nfl,candidate154.example.com,Candidate NFL source 154,Generated candidate for source graph scale testing,NFL fantasy projections download 3,query_pack,reddit,nfl_intelligence,NFL,PHI,,"['stats', 'media']",0.88,47,dg_153,unreviewed,"Score, dedupe, and rights review"
cand_000155,https://candidate155.example.com/nfl,candidate155.example.com,Candidate NFL source 155,Generated candidate for source graph scale testing,NFL fantasy projections download 4,query_pack,podcast,nfl_intelligence,NFL,PIT,,"['stats', 'media']",0.89,46,dg_154,unreviewed,"Score, dedupe, and rights review"
cand_000156,https://candidate156.example.com/nfl,candidate156.example.com,Candidate NFL source 156,Generated candidate for source graph scale testing,NFL fantasy projections download 5,query_pack,rss,nfl_intelligence,NFL,SF,,"['stats', 'media']",0.9,45,dg_155,unreviewed,"Score, dedupe, and rights review"
cand_000157,https://candidate157.example.com/nfl,candidate157.example.com,Candidate NFL source 157,Generated candidate for source graph scale testing,NFL fantasy projections download 6,query_pack,vendor,nfl_intelligence,NFL,SEA,,"['stats', 'media']",0.91,44,dg_156,unreviewed,"Score, dedupe, and rights review"
cand_000158,https://candidate158.example.com/nfl,candidate158.example.com,Candidate NFL source 158,Generated candidate for source graph scale testing,NFL fantasy projections download 7,query_pack,expert,nfl_intelligence,NFL,TB,,"['stats', 'media']",0.92,43,dg_157,unreviewed,"Score, dedupe, and rights review"
cand_000159,https://candidate159.example.com/nfl,candidate159.example.com,Candidate NFL source 159,Generated candidate for source graph scale testing,NFL fantasy projections download 8,query_pack,github,nfl_intelligence,NFL,TEN,,"['stats', 'media']",0.93,42,dg_158,unreviewed,"Score, dedupe, and rights review"
cand_000160,https://candidate160.example.com/nfl,candidate160.example.com,Candidate NFL source 160,Generated candidate for source graph scale testing,NFL fantasy projections download 9,query_pack,academic,nfl_intelligence,NFL,WAS,,"['stats', 'media']",0.94,41,dg_159,unreviewed,"Score, dedupe, and rights review"
cand_000161,https://candidate161.example.com/nfl,candidate161.example.com,Candidate NFL source 161,Generated candidate for source graph scale testing,NFL fantasy projections feed 0,query_pack,youtube,nfl_intelligence,NFL,ARI,,"['stats', 'media']",0.55,40,dg_160,unreviewed,"Score, dedupe, and rights review"
cand_000162,https://candidate162.example.com/nfl,candidate162.example.com,Candidate NFL source 162,Generated candidate for source graph scale testing,NFL fantasy projections feed 1,query_pack,reddit,nfl_intelligence,NFL,ATL,,"['stats', 'media']",0.56,39,dg_161,unreviewed,"Score, dedupe, and rights review"
cand_000163,https://candidate163.example.com/nfl,candidate163.example.com,Candidate NFL source 163,Generated candidate for source graph scale testing,NFL fantasy projections feed 2,query_pack,podcast,nfl_intelligence,NFL,BAL,,"['stats', 'media']",0.57,38,dg_162,unreviewed,"Score, dedupe, and rights review"
cand_000164,https://candidate164.example.com/nfl,candidate164.example.com,Candidate NFL source 164,Generated candidate for source graph scale testing,NFL fantasy projections feed 3,query_pack,rss,nfl_intelligence,NFL,BUF,,"['stats', 'media']",0.58,37,dg_163,unreviewed,"Score, dedupe, and rights review"
cand_000165,https://candidate165.example.com/nfl,candidate165.example.com,Candidate NFL source 165,Generated candidate for source graph scale testing,NFL fantasy projections feed 4,query_pack,vendor,nfl_intelligence,NFL,CAR,,"['stats', 'media']",0.59,36,dg_164,unreviewed,"Score, dedupe, and rights review"
cand_000166,https://candidate166.example.com/nfl,candidate166.example.com,Candidate NFL source 166,Generated candidate for source graph scale testing,NFL fantasy projections feed 5,query_pack,expert,nfl_intelligence,NFL,CHI,,"['stats', 'media']",0.6,35,dg_165,unreviewed,"Score, dedupe, and rights review"
cand_000167,https://candidate167.example.com/nfl,candidate167.example.com,Candidate NFL source 167,Generated candidate for source graph scale testing,NFL fantasy projections feed 6,query_pack,github,nfl_intelligence,NFL,CIN,,"['stats', 'media']",0.61,34,dg_166,unreviewed,"Score, dedupe, and rights review"
cand_000168,https://candidate168.example.com/nfl,candidate168.example.com,Candidate NFL source 168,Generated candidate for source graph scale testing,NFL fantasy projections feed 7,query_pack,academic,nfl_intelligence,NFL,CLE,,"['stats', 'media']",0.62,33,dg_167,unreviewed,"Score, dedupe, and rights review"
cand_000169,https://candidate169.example.com/nfl,candidate169.example.com,Candidate NFL source 169,Generated candidate for source graph scale testing,NFL fantasy projections feed 8,query_pack,youtube,nfl_intelligence,NFL,DAL,,"['stats', 'media']",0.63,32,dg_168,unreviewed,"Score, dedupe, and rights review"
cand_000170,https://candidate170.example.com/nfl,candidate170.example.com,Candidate NFL source 170,Generated candidate for source graph scale testing,NFL fantasy projections feed 9,query_pack,reddit,nfl_intelligence,NFL,DEN,,"['stats', 'media']",0.64,31,dg_169,unreviewed,"Score, dedupe, and rights review"
cand_000171,https://candidate171.example.com/nfl,candidate171.example.com,Candidate NFL source 171,Generated candidate for source graph scale testing,NFL fantasy projections licensed 0,query_pack,podcast,nfl_intelligence,NFL,DET,,"['stats', 'media']",0.65,30,dg_170,unreviewed,"Score, dedupe, and rights review"
cand_000172,https://candidate172.example.com/nfl,candidate172.example.com,Candidate NFL source 172,Generated candidate for source graph scale testing,NFL fantasy projections licensed 1,query_pack,rss,nfl_intelligence,NFL,GB,,"['stats', 'media']",0.66,29,dg_171,unreviewed,"Score, dedupe, and rights review"
cand_000173,https://candidate173.example.com/nfl,candidate173.example.com,Candidate NFL source 173,Generated candidate for source graph scale testing,NFL fantasy projections licensed 2,query_pack,vendor,nfl_intelligence,NFL,HOU,,"['stats', 'media']",0.67,28,dg_172,unreviewed,"Score, dedupe, and rights review"
cand_000174,https://candidate174.example.com/nfl,candidate174.example.com,Candidate NFL source 174,Generated candidate for source graph scale testing,NFL fantasy projections licensed 3,query_pack,expert,nfl_intelligence,NFL,IND,,"['stats', 'media']",0.68,27,dg_173,unreviewed,"Score, dedupe, and rights review"
cand_000175,https://candidate175.example.com/nfl,candidate175.example.com,Candidate NFL source 175,Generated candidate for source graph scale testing,NFL fantasy projections licensed 4,query_pack,github,nfl_intelligence,NFL,JAX,,"['stats', 'media']",0.69,26,dg_174,unreviewed,"Score, dedupe, and rights review"
cand_000176,https://candidate176.example.com/nfl,candidate176.example.com,Candidate NFL source 176,Generated candidate for source graph scale testing,NFL fantasy projections licensed 5,query_pack,academic,nfl_intelligence,NFL,KC,,"['stats', 'media']",0.7,25,dg_175,unreviewed,"Score, dedupe, and rights review"
cand_000177,https://candidate177.example.com/nfl,candidate177.example.com,Candidate NFL source 177,Generated candidate for source graph scale testing,NFL fantasy projections licensed 6,query_pack,youtube,nfl_intelligence,NFL,LV,,"['stats', 'media']",0.71,24,dg_176,unreviewed,"Score, dedupe, and rights review"
cand_000178,https://candidate178.example.com/nfl,candidate178.example.com,Candidate NFL source 178,Generated candidate for source graph scale testing,NFL fantasy projections licensed 7,query_pack,reddit,nfl_intelligence,NFL,LAC,,"['stats', 'media']",0.72,23,dg_177,unreviewed,"Score, dedupe, and rights review"
cand_000179,https://candidate179.example.com/nfl,candidate179.example.com,Candidate NFL source 179,Generated candidate for source graph scale testing,NFL fantasy projections licensed 8,query_pack,podcast,nfl_intelligence,NFL,LAR,,"['stats', 'media']",0.73,22,dg_178,unreviewed,"Score, dedupe, and rights review"
cand_000180,https://candidate180.example.com/nfl,candidate180.example.com,Candidate NFL source 180,Generated candidate for source graph scale testing,NFL fantasy projections licensed 9,query_pack,rss,nfl_intelligence,NFL,MIA,,"['stats', 'media']",0.74,21,dg_179,unreviewed,"Score, dedupe, and rights review"
cand_000181,https://candidate181.example.com/nfl,candidate181.example.com,Candidate NFL source 181,Generated candidate for source graph scale testing,NFL fantasy projections open 0,query_pack,vendor,nfl_intelligence,NFL,MIN,,"['stats', 'media']",0.75,20,dg_180,unreviewed,"Score, dedupe, and rights review"
cand_000182,https://candidate182.example.com/nfl,candidate182.example.com,Candidate NFL source 182,Generated candidate for source graph scale testing,NFL fantasy projections open 1,query_pack,expert,nfl_intelligence,NFL,NE,,"['stats', 'media']",0.76,19,dg_181,unreviewed,"Score, dedupe, and rights review"
cand_000183,https://candidate183.example.com/nfl,candidate183.example.com,Candidate NFL source 183,Generated candidate for source graph scale testing,NFL fantasy projections open 2,query_pack,github,nfl_intelligence,NFL,NO,,"['stats', 'media']",0.77,18,dg_182,unreviewed,"Score, dedupe, and rights review"
cand_000184,https://candidate184.example.com/nfl,candidate184.example.com,Candidate NFL source 184,Generated candidate for source graph scale testing,NFL fantasy projections open 3,query_pack,academic,nfl_intelligence,NFL,NYG,,"['stats', 'media']",0.78,17,dg_183,unreviewed,"Score, dedupe, and rights review"
cand_000185,https://candidate185.example.com/nfl,candidate185.example.com,Candidate NFL source 185,Generated candidate for source graph scale testing,NFL fantasy projections open 4,query_pack,youtube,nfl_intelligence,NFL,NYJ,,"['stats', 'media']",0.79,16,dg_184,unreviewed,"Score, dedupe, and rights review"
cand_000186,https://candidate186.example.com/nfl,candidate186.example.com,Candidate NFL source 186,Generated candidate for source graph scale testing,NFL fantasy projections open 5,query_pack,reddit,nfl_intelligence,NFL,PHI,,"['stats', 'media']",0.8,15,dg_185,unreviewed,"Score, dedupe, and rights review"
cand_000187,https://candidate187.example.com/nfl,candidate187.example.com,Candidate NFL source 187,Generated candidate for source graph scale testing,NFL fantasy projections open 6,query_pack,podcast,nfl_intelligence,NFL,PIT,,"['stats', 'media']",0.81,14,dg_186,unreviewed,"Score, dedupe, and rights review"
cand_000188,https://candidate188.example.com/nfl,candidate188.example.com,Candidate NFL source 188,Generated candidate for source graph scale testing,NFL fantasy projections open 7,query_pack,rss,nfl_intelligence,NFL,SF,,"['stats', 'media']",0.82,13,dg_187,unreviewed,"Score, dedupe, and rights review"
cand_000189,https://candidate189.example.com/nfl,candidate189.example.com,Candidate NFL source 189,Generated candidate for source graph scale testing,NFL fantasy projections open 8,query_pack,vendor,nfl_intelligence,NFL,SEA,,"['stats', 'media']",0.83,12,dg_188,unreviewed,"Score, dedupe, and rights review"
cand_000190,https://candidate190.example.com/nfl,candidate190.example.com,Candidate NFL source 190,Generated candidate for source graph scale testing,NFL fantasy projections open 9,query_pack,expert,nfl_intelligence,NFL,TB,,"['stats', 'media']",0.84,11,dg_189,unreviewed,"Score, dedupe, and rights review"
cand_000191,https://candidate191.example.com/nfl,candidate191.example.com,Candidate NFL source 191,Generated candidate for source graph scale testing,NFL fantasy projections public 0,query_pack,github,nfl_intelligence,NFL,TEN,,"['stats', 'media']",0.85,10,dg_190,unreviewed,"Score, dedupe, and rights review"
cand_000192,https://candidate192.example.com/nfl,candidate192.example.com,Candidate NFL source 192,Generated candidate for source graph scale testing,NFL fantasy projections public 1,query_pack,academic,nfl_intelligence,NFL,WAS,,"['stats', 'media']",0.86,9,dg_191,unreviewed,"Score, dedupe, and rights review"
cand_000193,https://candidate193.example.com/nfl,candidate193.example.com,Candidate NFL source 193,Generated candidate for source graph scale testing,NFL fantasy projections public 2,query_pack,youtube,nfl_intelligence,NFL,ARI,,"['stats', 'media']",0.87,8,dg_192,unreviewed,"Score, dedupe, and rights review"
cand_000194,https://candidate194.example.com/nfl,candidate194.example.com,Candidate NFL source 194,Generated candidate for source graph scale testing,NFL fantasy projections public 3,query_pack,reddit,nfl_intelligence,NFL,ATL,,"['stats', 'media']",0.88,7,dg_193,unreviewed,"Score, dedupe, and rights review"
cand_000195,https://candidate195.example.com/nfl,candidate195.example.com,Candidate NFL source 195,Generated candidate for source graph scale testing,NFL fantasy projections public 4,query_pack,podcast,nfl_intelligence,NFL,BAL,,"['stats', 'media']",0.89,6,dg_194,unreviewed,"Score, dedupe, and rights review"
cand_000196,https://candidate196.example.com/nfl,candidate196.example.com,Candidate NFL source 196,Generated candidate for source graph scale testing,NFL fantasy projections public 5,query_pack,rss,nfl_intelligence,NFL,BUF,,"['stats', 'media']",0.9,5,dg_195,unreviewed,"Score, dedupe, and rights review"
cand_000197,https://candidate197.example.com/nfl,candidate197.example.com,Candidate NFL source 197,Generated candidate for source graph scale testing,NFL fantasy projections public 6,query_pack,vendor,nfl_intelligence,NFL,CAR,,"['stats', 'media']",0.91,4,dg_196,unreviewed,"Score, dedupe, and rights review"
cand_000198,https://candidate198.example.com/nfl,candidate198.example.com,Candidate NFL source 198,Generated candidate for source graph scale testing,NFL fantasy projections public 7,query_pack,expert,nfl_intelligence,NFL,CHI,,"['stats', 'media']",0.92,3,dg_197,unreviewed,"Score, dedupe, and rights review"
cand_000199,https://candidate199.example.com/nfl,candidate199.example.com,Candidate NFL source 199,Generated candidate for source graph scale testing,NFL fantasy projections public 8,query_pack,github,nfl_intelligence,NFL,CIN,,"['stats', 'media']",0.93,2,dg_198,unreviewed,"Score, dedupe, and rights review"
cand_000200,https://candidate200.example.com/nfl,candidate200.example.com,Candidate NFL source 200,Generated candidate for source graph scale testing,NFL fantasy projections public 9,query_pack,academic,nfl_intelligence,NFL,CLE,,"['stats', 'media']",0.94,1,dg_199,unreviewed,"Score, dedupe, and rights review"
cand_000201,https://candidate201.example.com/nfl,candidate201.example.com,Candidate NFL source 201,Generated candidate for source graph scale testing,NFL fantasy projections vendor 0,query_pack,youtube,nfl_intelligence,NFL,DAL,,"['stats', 'media']",0.55,100,dg_200,unreviewed,"Score, dedupe, and rights review"
cand_000202,https://candidate202.example.com/nfl,candidate202.example.com,Candidate NFL source 202,Generated candidate for source graph scale testing,NFL fantasy projections vendor 1,query_pack,reddit,nfl_intelligence,NFL,DEN,,"['stats', 'media']",0.56,99,dg_201,unreviewed,"Score, dedupe, and rights review"
cand_000203,https://candidate203.example.com/nfl,candidate203.example.com,Candidate NFL source 203,Generated candidate for source graph scale testing,NFL fantasy projections vendor 2,query_pack,podcast,nfl_intelligence,NFL,DET,,"['stats', 'media']",0.57,98,dg_202,unreviewed,"Score, dedupe, and rights review"
cand_000204,https://candidate204.example.com/nfl,candidate204.example.com,Candidate NFL source 204,Generated candidate for source graph scale testing,NFL fantasy projections vendor 3,query_pack,rss,nfl_intelligence,NFL,GB,,"['stats', 'media']",0.58,97,dg_203,unreviewed,"Score, dedupe, and rights review"
cand_000205,https://candidate205.example.com/nfl,candidate205.example.com,Candidate NFL source 205,Generated candidate for source graph scale testing,NFL fantasy projections vendor 4,query_pack,vendor,nfl_intelligence,NFL,HOU,,"['stats', 'media']",0.59,96,dg_204,unreviewed,"Score, dedupe, and rights review"
cand_000206,https://candidate206.example.com/nfl,candidate206.example.com,Candidate NFL source 206,Generated candidate for source graph scale testing,NFL fantasy projections vendor 5,query_pack,expert,nfl_intelligence,NFL,IND,,"['stats', 'media']",0.6,95,dg_205,unreviewed,"Score, dedupe, and rights review"
cand_000207,https://candidate207.example.com/nfl,candidate207.example.com,Candidate NFL source 207,Generated candidate for source graph scale testing,NFL fantasy projections vendor 6,query_pack,github,nfl_intelligence,NFL,JAX,,"['stats', 'media']",0.61,94,dg_206,unreviewed,"Score, dedupe, and rights review"
cand_000208,https://candidate208.example.com/nfl,candidate208.example.com,Candidate NFL source 208,Generated candidate for source graph scale testing,NFL fantasy projections vendor 7,query_pack,academic,nfl_intelligence,NFL,KC,,"['stats', 'media']",0.62,93,dg_207,unreviewed,"Score, dedupe, and rights review"
cand_000209,https://candidate209.example.com/nfl,candidate209.example.com,Candidate NFL source 209,Generated candidate for source graph scale testing,NFL fantasy projections vendor 8,query_pack,youtube,nfl_intelligence,NFL,LV,,"['stats', 'media']",0.63,92,dg_208,unreviewed,"Score, dedupe, and rights review"
cand_000210,https://candidate210.example.com/nfl,candidate210.example.com,Candidate NFL source 210,Generated candidate for source graph scale testing,NFL fantasy projections vendor 9,query_pack,reddit,nfl_intelligence,NFL,LAC,,"['stats', 'media']",0.64,91,dg_209,unreviewed,"Score, dedupe, and rights review"
cand_000211,https://candidate211.example.com/nfl,candidate211.example.com,Candidate NFL source 211,Generated candidate for source graph scale testing,NFL fantasy projections partner 0,query_pack,podcast,nfl_intelligence,NFL,LAR,,"['stats', 'media']",0.65,90,dg_210,unreviewed,"Score, dedupe, and rights review"
cand_000212,https://candidate212.example.com/nfl,candidate212.example.com,Candidate NFL source 212,Generated candidate for source graph scale testing,NFL fantasy projections partner 1,query_pack,rss,nfl_intelligence,NFL,MIA,,"['stats', 'media']",0.66,89,dg_211,unreviewed,"Score, dedupe, and rights review"
cand_000213,https://candidate213.example.com/nfl,candidate213.example.com,Candidate NFL source 213,Generated candidate for source graph scale testing,NFL fantasy projections partner 2,query_pack,vendor,nfl_intelligence,NFL,MIN,,"['stats', 'media']",0.67,88,dg_212,unreviewed,"Score, dedupe, and rights review"
cand_000214,https://candidate214.example.com/nfl,candidate214.example.com,Candidate NFL source 214,Generated candidate for source graph scale testing,NFL fantasy projections partner 3,query_pack,expert,nfl_intelligence,NFL,NE,,"['stats', 'media']",0.68,87,dg_213,unreviewed,"Score, dedupe, and rights review"
cand_000215,https://candidate215.example.com/nfl,candidate215.example.com,Candidate NFL source 215,Generated candidate for source graph scale testing,NFL fantasy projections partner 4,query_pack,github,nfl_intelligence,NFL,NO,,"['stats', 'media']",0.69,86,dg_214,unreviewed,"Score, dedupe, and rights review"
cand_000216,https://candidate216.example.com/nfl,candidate216.example.com,Candidate NFL source 216,Generated candidate for source graph scale testing,NFL fantasy projections partner 5,query_pack,academic,nfl_intelligence,NFL,NYG,,"['stats', 'media']",0.7,85,dg_215,unreviewed,"Score, dedupe, and rights review"
cand_000217,https://candidate217.example.com/nfl,candidate217.example.com,Candidate NFL source 217,Generated candidate for source graph scale testing,NFL fantasy projections partner 6,query_pack,youtube,nfl_intelligence,NFL,NYJ,,"['stats', 'media']",0.71,84,dg_216,unreviewed,"Score, dedupe, and rights review"
cand_000218,https://candidate218.example.com/nfl,candidate218.example.com,Candidate NFL source 218,Generated candidate for source graph scale testing,NFL fantasy projections partner 7,query_pack,reddit,nfl_intelligence,NFL,PHI,,"['stats', 'media']",0.72,83,dg_217,unreviewed,"Score, dedupe, and rights review"
cand_000219,https://candidate219.example.com/nfl,candidate219.example.com,Candidate NFL source 219,Generated candidate for source graph scale testing,NFL fantasy projections partner 8,query_pack,podcast,nfl_intelligence,NFL,PIT,,"['stats', 'media']",0.73,82,dg_218,unreviewed,"Score, dedupe, and rights review"
cand_000220,https://candidate220.example.com/nfl,candidate220.example.com,Candidate NFL source 220,Generated candidate for source graph scale testing,NFL fantasy projections partner 9,query_pack,rss,nfl_intelligence,NFL,SF,,"['stats', 'media']",0.74,81,dg_219,unreviewed,"Score, dedupe, and rights review"
cand_000221,https://candidate221.example.com/nfl,candidate221.example.com,Candidate NFL source 221,Generated candidate for source graph scale testing,NFL odds API API 0,query_pack,vendor,nfl_intelligence,NFL,SEA,,"['stats', 'media']",0.75,80,dg_220,unreviewed,"Score, dedupe, and rights review"
cand_000222,https://candidate222.example.com/nfl,candidate222.example.com,Candidate NFL source 222,Generated candidate for source graph scale testing,NFL odds API API 1,query_pack,expert,nfl_intelligence,NFL,TB,,"['stats', 'media']",0.76,79,dg_221,unreviewed,"Score, dedupe, and rights review"
cand_000223,https://candidate223.example.com/nfl,candidate223.example.com,Candidate NFL source 223,Generated candidate for source graph scale testing,NFL odds API API 2,query_pack,github,nfl_intelligence,NFL,TEN,,"['stats', 'media']",0.77,78,dg_222,unreviewed,"Score, dedupe, and rights review"
cand_000224,https://candidate224.example.com/nfl,candidate224.example.com,Candidate NFL source 224,Generated candidate for source graph scale testing,NFL odds API API 3,query_pack,academic,nfl_intelligence,NFL,WAS,,"['stats', 'media']",0.78,77,dg_223,unreviewed,"Score, dedupe, and rights review"
cand_000225,https://candidate225.example.com/nfl,candidate225.example.com,Candidate NFL source 225,Generated candidate for source graph scale testing,NFL odds API API 4,query_pack,youtube,nfl_intelligence,NFL,ARI,,"['stats', 'media']",0.79,76,dg_224,unreviewed,"Score, dedupe, and rights review"
cand_000226,https://candidate226.example.com/nfl,candidate226.example.com,Candidate NFL source 226,Generated candidate for source graph scale testing,NFL odds API API 5,query_pack,reddit,nfl_intelligence,NFL,ATL,,"['stats', 'media']",0.8,75,dg_225,unreviewed,"Score, dedupe, and rights review"
cand_000227,https://candidate227.example.com/nfl,candidate227.example.com,Candidate NFL source 227,Generated candidate for source graph scale testing,NFL odds API API 6,query_pack,podcast,nfl_intelligence,NFL,BAL,,"['stats', 'media']",0.81,74,dg_226,unreviewed,"Score, dedupe, and rights review"
cand_000228,https://candidate228.example.com/nfl,candidate228.example.com,Candidate NFL source 228,Generated candidate for source graph scale testing,NFL odds API API 7,query_pack,rss,nfl_intelligence,NFL,BUF,,"['stats', 'media']",0.82,73,dg_227,unreviewed,"Score, dedupe, and rights review"
cand_000229,https://candidate229.example.com/nfl,candidate229.example.com,Candidate NFL source 229,Generated candidate for source graph scale testing,NFL odds API API 8,query_pack,vendor,nfl_intelligence,NFL,CAR,,"['stats', 'media']",0.83,72,dg_228,unreviewed,"Score, dedupe, and rights review"
cand_000230,https://candidate230.example.com/nfl,candidate230.example.com,Candidate NFL source 230,Generated candidate for source graph scale testing,NFL odds API API 9,query_pack,expert,nfl_intelligence,NFL,CHI,,"['stats', 'media']",0.84,71,dg_229,unreviewed,"Score, dedupe, and rights review"
cand_000231,https://candidate231.example.com/nfl,candidate231.example.com,Candidate NFL source 231,Generated candidate for source graph scale testing,NFL odds API CSV 0,query_pack,github,nfl_intelligence,NFL,CIN,,"['stats', 'media']",0.85,70,dg_230,unreviewed,"Score, dedupe, and rights review"
cand_000232,https://candidate232.example.com/nfl,candidate232.example.com,Candidate NFL source 232,Generated candidate for source graph scale testing,NFL odds API CSV 1,query_pack,academic,nfl_intelligence,NFL,CLE,,"['stats', 'media']",0.86,69,dg_231,unreviewed,"Score, dedupe, and rights review"
cand_000233,https://candidate233.example.com/nfl,candidate233.example.com,Candidate NFL source 233,Generated candidate for source graph scale testing,NFL odds API CSV 2,query_pack,youtube,nfl_intelligence,NFL,DAL,,"['stats', 'media']",0.87,68,dg_232,unreviewed,"Score, dedupe, and rights review"
cand_000234,https://candidate234.example.com/nfl,candidate234.example.com,Candidate NFL source 234,Generated candidate for source graph scale testing,NFL odds API CSV 3,query_pack,reddit,nfl_intelligence,NFL,DEN,,"['stats', 'media']",0.88,67,dg_233,unreviewed,"Score, dedupe, and rights review"
cand_000235,https://candidate235.example.com/nfl,candidate235.example.com,Candidate NFL source 235,Generated candidate for source graph scale testing,NFL odds API CSV 4,query_pack,podcast,nfl_intelligence,NFL,DET,,"['stats', 'media']",0.89,66,dg_234,unreviewed,"Score, dedupe, and rights review"
cand_000236,https://candidate236.example.com/nfl,candidate236.example.com,Candidate NFL source 236,Generated candidate for source graph scale testing,NFL odds API CSV 5,query_pack,rss,nfl_intelligence,NFL,GB,,"['stats', 'media']",0.9,65,dg_235,unreviewed,"Score, dedupe, and rights review"
cand_000237,https://candidate237.example.com/nfl,candidate237.example.com,Candidate NFL source 237,Generated candidate for source graph scale testing,NFL odds API CSV 6,query_pack,vendor,nfl_intelligence,NFL,HOU,,"['stats', 'media']",0.91,64,dg_236,unreviewed,"Score, dedupe, and rights review"
cand_000238,https://candidate238.example.com/nfl,candidate238.example.com,Candidate NFL source 238,Generated candidate for source graph scale testing,NFL odds API CSV 7,query_pack,expert,nfl_intelligence,NFL,IND,,"['stats', 'media']",0.92,63,dg_237,unreviewed,"Score, dedupe, and rights review"
cand_000239,https://candidate239.example.com/nfl,candidate239.example.com,Candidate NFL source 239,Generated candidate for source graph scale testing,NFL odds API CSV 8,query_pack,github,nfl_intelligence,NFL,JAX,,"['stats', 'media']",0.93,62,dg_238,unreviewed,"Score, dedupe, and rights review"
cand_000240,https://candidate240.example.com/nfl,candidate240.example.com,Candidate NFL source 240,Generated candidate for source graph scale testing,NFL odds API CSV 9,query_pack,academic,nfl_intelligence,NFL,KC,,"['stats', 'media']",0.94,61,dg_239,unreviewed,"Score, dedupe, and rights review"
cand_000241,https://candidate241.example.com/nfl,candidate241.example.com,Candidate NFL source 241,Generated candidate for source graph scale testing,NFL odds API RSS 0,query_pack,youtube,nfl_intelligence,NFL,LV,,"['stats', 'media']",0.55,60,dg_240,unreviewed,"Score, dedupe, and rights review"
cand_000242,https://candidate242.example.com/nfl,candidate242.example.com,Candidate NFL source 242,Generated candidate for source graph scale testing,NFL odds API RSS 1,query_pack,reddit,nfl_intelligence,NFL,LAC,,"['stats', 'media']",0.56,59,dg_241,unreviewed,"Score, dedupe, and rights review"
cand_000243,https://candidate243.example.com/nfl,candidate243.example.com,Candidate NFL source 243,Generated candidate for source graph scale testing,NFL odds API RSS 2,query_pack,podcast,nfl_intelligence,NFL,LAR,,"['stats', 'media']",0.57,58,dg_242,unreviewed,"Score, dedupe, and rights review"
cand_000244,https://candidate244.example.com/nfl,candidate244.example.com,Candidate NFL source 244,Generated candidate for source graph scale testing,NFL odds API RSS 3,query_pack,rss,nfl_intelligence,NFL,MIA,,"['stats', 'media']",0.58,57,dg_243,unreviewed,"Score, dedupe, and rights review"
cand_000245,https://candidate245.example.com/nfl,candidate245.example.com,Candidate NFL source 245,Generated candidate for source graph scale testing,NFL odds API RSS 4,query_pack,vendor,nfl_intelligence,NFL,MIN,,"['stats', 'media']",0.59,56,dg_244,unreviewed,"Score, dedupe, and rights review"
cand_000246,https://candidate246.example.com/nfl,candidate246.example.com,Candidate NFL source 246,Generated candidate for source graph scale testing,NFL odds API RSS 5,query_pack,expert,nfl_intelligence,NFL,NE,,"['stats', 'media']",0.6,55,dg_245,unreviewed,"Score, dedupe, and rights review"
cand_000247,https://candidate247.example.com/nfl,candidate247.example.com,Candidate NFL source 247,Generated candidate for source graph scale testing,NFL odds API RSS 6,query_pack,github,nfl_intelligence,NFL,NO,,"['stats', 'media']",0.61,54,dg_246,unreviewed,"Score, dedupe, and rights review"
cand_000248,https://candidate248.example.com/nfl,candidate248.example.com,Candidate NFL source 248,Generated candidate for source graph scale testing,NFL odds API RSS 7,query_pack,academic,nfl_intelligence,NFL,NYG,,"['stats', 'media']",0.62,53,dg_247,unreviewed,"Score, dedupe, and rights review"
cand_000249,https://candidate249.example.com/nfl,candidate249.example.com,Candidate NFL source 249,Generated candidate for source graph scale testing,NFL odds API RSS 8,query_pack,youtube,nfl_intelligence,NFL,NYJ,,"['stats', 'media']",0.63,52,dg_248,unreviewed,"Score, dedupe, and rights review"
cand_000250,https://candidate250.example.com/nfl,candidate250.example.com,Candidate NFL source 250,Generated candidate for source graph scale testing,NFL odds API RSS 9,query_pack,reddit,nfl_intelligence,NFL,PHI,,"['stats', 'media']",0.64,51,dg_249,unreviewed,"Score, dedupe, and rights review"
cand_000251,https://candidate251.example.com/nfl,candidate251.example.com,Candidate NFL source 251,Generated candidate for source graph scale testing,NFL odds API database 0,query_pack,podcast,nfl_intelligence,NFL,PIT,,"['stats', 'media']",0.65,50,dg_0,unreviewed,"Score, dedupe, and rights review"
cand_000252,https://candidate252.example.com/nfl,candidate252.example.com,Candidate NFL source 252,Generated candidate for source graph scale testing,NFL odds API database 1,query_pack,rss,nfl_intelligence,NFL,SF,,"['stats', 'media']",0.66,49,dg_1,unreviewed,"Score, dedupe, and rights review"
cand_000253,https://candidate253.example.com/nfl,candidate253.example.com,Candidate NFL source 253,Generated candidate for source graph scale testing,NFL odds API database 2,query_pack,vendor,nfl_intelligence,NFL,SEA,,"['stats', 'media']",0.67,48,dg_2,unreviewed,"Score, dedupe, and rights review"
cand_000254,https://candidate254.example.com/nfl,candidate254.example.com,Candidate NFL source 254,Generated candidate for source graph scale testing,NFL odds API database 3,query_pack,expert,nfl_intelligence,NFL,TB,,"['stats', 'media']",0.68,47,dg_3,unreviewed,"Score, dedupe, and rights review"
cand_000255,https://candidate255.example.com/nfl,candidate255.example.com,Candidate NFL source 255,Generated candidate for source graph scale testing,NFL odds API database 4,query_pack,github,nfl_intelligence,NFL,TEN,,"['stats', 'media']",0.69,46,dg_4,unreviewed,"Score, dedupe, and rights review"
cand_000256,https://candidate256.example.com/nfl,candidate256.example.com,Candidate NFL source 256,Generated candidate for source graph scale testing,NFL odds API database 5,query_pack,academic,nfl_intelligence,NFL,WAS,,"['stats', 'media']",0.7,45,dg_5,unreviewed,"Score, dedupe, and rights review"
cand_000257,https://candidate257.example.com/nfl,candidate257.example.com,Candidate NFL source 257,Generated candidate for source graph scale testing,NFL odds API database 6,query_pack,youtube,nfl_intelligence,NFL,ARI,,"['stats', 'media']",0.71,44,dg_6,unreviewed,"Score, dedupe, and rights review"
cand_000258,https://candidate258.example.com/nfl,candidate258.example.com,Candidate NFL source 258,Generated candidate for source graph scale testing,NFL odds API database 7,query_pack,reddit,nfl_intelligence,NFL,ATL,,"['stats', 'media']",0.72,43,dg_7,unreviewed,"Score, dedupe, and rights review"
cand_000259,https://candidate259.example.com/nfl,candidate259.example.com,Candidate NFL source 259,Generated candidate for source graph scale testing,NFL odds API database 8,query_pack,podcast,nfl_intelligence,NFL,BAL,,"['stats', 'media']",0.73,42,dg_8,unreviewed,"Score, dedupe, and rights review"
cand_000260,https://candidate260.example.com/nfl,candidate260.example.com,Candidate NFL source 260,Generated candidate for source graph scale testing,NFL odds API database 9,query_pack,rss,nfl_intelligence,NFL,BUF,,"['stats', 'media']",0.74,41,dg_9,unreviewed,"Score, dedupe, and rights review"
cand_000261,https://candidate261.example.com/nfl,candidate261.example.com,Candidate NFL source 261,Generated candidate for source graph scale testing,NFL odds API download 0,query_pack,vendor,nfl_intelligence,NFL,CAR,,"['stats', 'media']",0.75,40,dg_10,unreviewed,"Score, dedupe, and rights review"
cand_000262,https://candidate262.example.com/nfl,candidate262.example.com,Candidate NFL source 262,Generated candidate for source graph scale testing,NFL odds API download 1,query_pack,expert,nfl_intelligence,NFL,CHI,,"['stats', 'media']",0.76,39,dg_11,unreviewed,"Score, dedupe, and rights review"
cand_000263,https://candidate263.example.com/nfl,candidate263.example.com,Candidate NFL source 263,Generated candidate for source graph scale testing,NFL odds API download 2,query_pack,github,nfl_intelligence,NFL,CIN,,"['stats', 'media']",0.77,38,dg_12,unreviewed,"Score, dedupe, and rights review"
cand_000264,https://candidate264.example.com/nfl,candidate264.example.com,Candidate NFL source 264,Generated candidate for source graph scale testing,NFL odds API download 3,query_pack,academic,nfl_intelligence,NFL,CLE,,"['stats', 'media']",0.78,37,dg_13,unreviewed,"Score, dedupe, and rights review"
cand_000265,https://candidate265.example.com/nfl,candidate265.example.com,Candidate NFL source 265,Generated candidate for source graph scale testing,NFL odds API download 4,query_pack,youtube,nfl_intelligence,NFL,DAL,,"['stats', 'media']",0.79,36,dg_14,unreviewed,"Score, dedupe, and rights review"
cand_000266,https://candidate266.example.com/nfl,candidate266.example.com,Candidate NFL source 266,Generated candidate for source graph scale testing,NFL odds API download 5,query_pack,reddit,nfl_intelligence,NFL,DEN,,"['stats', 'media']",0.8,35,dg_15,unreviewed,"Score, dedupe, and rights review"
cand_000267,https://candidate267.example.com/nfl,candidate267.example.com,Candidate NFL source 267,Generated candidate for source graph scale testing,NFL odds API download 6,query_pack,podcast,nfl_intelligence,NFL,DET,,"['stats', 'media']",0.81,34,dg_16,unreviewed,"Score, dedupe, and rights review"
cand_000268,https://candidate268.example.com/nfl,candidate268.example.com,Candidate NFL source 268,Generated candidate for source graph scale testing,NFL odds API download 7,query_pack,rss,nfl_intelligence,NFL,GB,,"['stats', 'media']",0.82,33,dg_17,unreviewed,"Score, dedupe, and rights review"
cand_000269,https://candidate269.example.com/nfl,candidate269.example.com,Candidate NFL source 269,Generated candidate for source graph scale testing,NFL odds API download 8,query_pack,vendor,nfl_intelligence,NFL,HOU,,"['stats', 'media']",0.83,32,dg_18,unreviewed,"Score, dedupe, and rights review"
cand_000270,https://candidate270.example.com/nfl,candidate270.example.com,Candidate NFL source 270,Generated candidate for source graph scale testing,NFL odds API download 9,query_pack,expert,nfl_intelligence,NFL,IND,,"['stats', 'media']",0.84,31,dg_19,unreviewed,"Score, dedupe, and rights review"
cand_000271,https://candidate271.example.com/nfl,candidate271.example.com,Candidate NFL source 271,Generated candidate for source graph scale testing,NFL odds API feed 0,query_pack,github,nfl_intelligence,NFL,JAX,,"['stats', 'media']",0.85,30,dg_20,unreviewed,"Score, dedupe, and rights review"
cand_000272,https://candidate272.example.com/nfl,candidate272.example.com,Candidate NFL source 272,Generated candidate for source graph scale testing,NFL odds API feed 1,query_pack,academic,nfl_intelligence,NFL,KC,,"['stats', 'media']",0.86,29,dg_21,unreviewed,"Score, dedupe, and rights review"
cand_000273,https://candidate273.example.com/nfl,candidate273.example.com,Candidate NFL source 273,Generated candidate for source graph scale testing,NFL odds API feed 2,query_pack,youtube,nfl_intelligence,NFL,LV,,"['stats', 'media']",0.87,28,dg_22,unreviewed,"Score, dedupe, and rights review"
cand_000274,https://candidate274.example.com/nfl,candidate274.example.com,Candidate NFL source 274,Generated candidate for source graph scale testing,NFL odds API feed 3,query_pack,reddit,nfl_intelligence,NFL,LAC,,"['stats', 'media']",0.88,27,dg_23,unreviewed,"Score, dedupe, and rights review"
cand_000275,https://candidate275.example.com/nfl,candidate275.example.com,Candidate NFL source 275,Generated candidate for source graph scale testing,NFL odds API feed 4,query_pack,podcast,nfl_intelligence,NFL,LAR,,"['stats', 'media']",0.89,26,dg_24,unreviewed,"Score, dedupe, and rights review"
cand_000276,https://candidate276.example.com/nfl,candidate276.example.com,Candidate NFL source 276,Generated candidate for source graph scale testing,NFL odds API feed 5,query_pack,rss,nfl_intelligence,NFL,MIA,,"['stats', 'media']",0.9,25,dg_25,unreviewed,"Score, dedupe, and rights review"
cand_000277,https://candidate277.example.com/nfl,candidate277.example.com,Candidate NFL source 277,Generated candidate for source graph scale testing,NFL odds API feed 6,query_pack,vendor,nfl_intelligence,NFL,MIN,,"['stats', 'media']",0.91,24,dg_26,unreviewed,"Score, dedupe, and rights review"
cand_000278,https://candidate278.example.com/nfl,candidate278.example.com,Candidate NFL source 278,Generated candidate for source graph scale testing,NFL odds API feed 7,query_pack,expert,nfl_intelligence,NFL,NE,,"['stats', 'media']",0.92,23,dg_27,unreviewed,"Score, dedupe, and rights review"
cand_000279,https://candidate279.example.com/nfl,candidate279.example.com,Candidate NFL source 279,Generated candidate for source graph scale testing,NFL odds API feed 8,query_pack,github,nfl_intelligence,NFL,NO,,"['stats', 'media']",0.93,22,dg_28,unreviewed,"Score, dedupe, and rights review"
cand_000280,https://candidate280.example.com/nfl,candidate280.example.com,Candidate NFL source 280,Generated candidate for source graph scale testing,NFL odds API feed 9,query_pack,academic,nfl_intelligence,NFL,NYG,,"['stats', 'media']",0.94,21,dg_29,unreviewed,"Score, dedupe, and rights review"
cand_000281,https://candidate281.example.com/nfl,candidate281.example.com,Candidate NFL source 281,Generated candidate for source graph scale testing,NFL odds API licensed 0,query_pack,youtube,nfl_intelligence,NFL,NYJ,,"['stats', 'media']",0.55,20,dg_30,unreviewed,"Score, dedupe, and rights review"
cand_000282,https://candidate282.example.com/nfl,candidate282.example.com,Candidate NFL source 282,Generated candidate for source graph scale testing,NFL odds API licensed 1,query_pack,reddit,nfl_intelligence,NFL,PHI,,"['stats', 'media']",0.56,19,dg_31,unreviewed,"Score, dedupe, and rights review"
cand_000283,https://candidate283.example.com/nfl,candidate283.example.com,Candidate NFL source 283,Generated candidate for source graph scale testing,NFL odds API licensed 2,query_pack,podcast,nfl_intelligence,NFL,PIT,,"['stats', 'media']",0.57,18,dg_32,unreviewed,"Score, dedupe, and rights review"
cand_000284,https://candidate284.example.com/nfl,candidate284.example.com,Candidate NFL source 284,Generated candidate for source graph scale testing,NFL odds API licensed 3,query_pack,rss,nfl_intelligence,NFL,SF,,"['stats', 'media']",0.58,17,dg_33,unreviewed,"Score, dedupe, and rights review"
cand_000285,https://candidate285.example.com/nfl,candidate285.example.com,Candidate NFL source 285,Generated candidate for source graph scale testing,NFL odds API licensed 4,query_pack,vendor,nfl_intelligence,NFL,SEA,,"['stats', 'media']",0.59,16,dg_34,unreviewed,"Score, dedupe, and rights review"
cand_000286,https://candidate286.example.com/nfl,candidate286.example.com,Candidate NFL source 286,Generated candidate for source graph scale testing,NFL odds API licensed 5,query_pack,expert,nfl_intelligence,NFL,TB,,"['stats', 'media']",0.6,15,dg_35,unreviewed,"Score, dedupe, and rights review"
cand_000287,https://candidate287.example.com/nfl,candidate287.example.com,Candidate NFL source 287,Generated candidate for source graph scale testing,NFL odds API licensed 6,query_pack,github,nfl_intelligence,NFL,TEN,,"['stats', 'media']",0.61,14,dg_36,unreviewed,"Score, dedupe, and rights review"
cand_000288,https://candidate288.example.com/nfl,candidate288.example.com,Candidate NFL source 288,Generated candidate for source graph scale testing,NFL odds API licensed 7,query_pack,academic,nfl_intelligence,NFL,WAS,,"['stats', 'media']",0.62,13,dg_37,unreviewed,"Score, dedupe, and rights review"
cand_000289,https://candidate289.example.com/nfl,candidate289.example.com,Candidate NFL source 289,Generated candidate for source graph scale testing,NFL odds API licensed 8,query_pack,youtube,nfl_intelligence,NFL,ARI,,"['stats', 'media']",0.63,12,dg_38,unreviewed,"Score, dedupe, and rights review"
cand_000290,https://candidate290.example.com/nfl,candidate290.example.com,Candidate NFL source 290,Generated candidate for source graph scale testing,NFL odds API licensed 9,query_pack,reddit,nfl_intelligence,NFL,ATL,,"['stats', 'media']",0.64,11,dg_39,unreviewed,"Score, dedupe, and rights review"
cand_000291,https://candidate291.example.com/nfl,candidate291.example.com,Candidate NFL source 291,Generated candidate for source graph scale testing,NFL odds API open 0,query_pack,podcast,nfl_intelligence,NFL,BAL,,"['stats', 'media']",0.65,10,dg_40,unreviewed,"Score, dedupe, and rights review"
cand_000292,https://candidate292.example.com/nfl,candidate292.example.com,Candidate NFL source 292,Generated candidate for source graph scale testing,NFL odds API open 1,query_pack,rss,nfl_intelligence,NFL,BUF,,"['stats', 'media']",0.66,9,dg_41,unreviewed,"Score, dedupe, and rights review"
cand_000293,https://candidate293.example.com/nfl,candidate293.example.com,Candidate NFL source 293,Generated candidate for source graph scale testing,NFL odds API open 2,query_pack,vendor,nfl_intelligence,NFL,CAR,,"['stats', 'media']",0.67,8,dg_42,unreviewed,"Score, dedupe, and rights review"
cand_000294,https://candidate294.example.com/nfl,candidate294.example.com,Candidate NFL source 294,Generated candidate for source graph scale testing,NFL odds API open 3,query_pack,expert,nfl_intelligence,NFL,CHI,,"['stats', 'media']",0.68,7,dg_43,unreviewed,"Score, dedupe, and rights review"
cand_000295,https://candidate295.example.com/nfl,candidate295.example.com,Candidate NFL source 295,Generated candidate for source graph scale testing,NFL odds API open 4,query_pack,github,nfl_intelligence,NFL,CIN,,"['stats', 'media']",0.69,6,dg_44,unreviewed,"Score, dedupe, and rights review"
cand_000296,https://candidate296.example.com/nfl,candidate296.example.com,Candidate NFL source 296,Generated candidate for source graph scale testing,NFL odds API open 5,query_pack,academic,nfl_intelligence,NFL,CLE,,"['stats', 'media']",0.7,5,dg_45,unreviewed,"Score, dedupe, and rights review"
cand_000297,https://candidate297.example.com/nfl,candidate297.example.com,Candidate NFL source 297,Generated candidate for source graph scale testing,NFL odds API open 6,query_pack,youtube,nfl_intelligence,NFL,DAL,,"['stats', 'media']",0.71,4,dg_46,unreviewed,"Score, dedupe, and rights review"
cand_000298,https://candidate298.example.com/nfl,candidate298.example.com,Candidate NFL source 298,Generated candidate for source graph scale testing,NFL odds API open 7,query_pack,reddit,nfl_intelligence,NFL,DEN,,"['stats', 'media']",0.72,3,dg_47,unreviewed,"Score, dedupe, and rights review"
cand_000299,https://candidate299.example.com/nfl,candidate299.example.com,Candidate NFL source 299,Generated candidate for source graph scale testing,NFL odds API open 8,query_pack,podcast,nfl_intelligence,NFL,DET,,"['stats', 'media']",0.73,2,dg_48,unreviewed,"Score, dedupe, and rights review"
cand_000300,https://candidate300.example.com/nfl,candidate300.example.com,Candidate NFL source 300,Generated candidate for source graph scale testing,NFL odds API open 9,query_pack,rss,nfl_intelligence,NFL,GB,,"['stats', 'media']",0.74,1,dg_49,unreviewed,"Score, dedupe, and rights review"
cand_000301,https://candidate301.example.com/nfl,candidate301.example.com,Candidate NFL source 301,Generated candidate for source graph scale testing,NFL odds API public 0,query_pack,vendor,nfl_intelligence,NFL,HOU,,"['stats', 'media']",0.75,100,dg_50,unreviewed,"Score, dedupe, and rights review"
cand_000302,https://candidate302.example.com/nfl,candidate302.example.com,Candidate NFL source 302,Generated candidate for source graph scale testing,NFL odds API public 1,query_pack,expert,nfl_intelligence,NFL,IND,,"['stats', 'media']",0.76,99,dg_51,unreviewed,"Score, dedupe, and rights review"
cand_000303,https://candidate303.example.com/nfl,candidate303.example.com,Candidate NFL source 303,Generated candidate for source graph scale testing,NFL odds API public 2,query_pack,github,nfl_intelligence,NFL,JAX,,"['stats', 'media']",0.77,98,dg_52,unreviewed,"Score, dedupe, and rights review"
cand_000304,https://candidate304.example.com/nfl,candidate304.example.com,Candidate NFL source 304,Generated candidate for source graph scale testing,NFL odds API public 3,query_pack,academic,nfl_intelligence,NFL,KC,,"['stats', 'media']",0.78,97,dg_53,unreviewed,"Score, dedupe, and rights review"
cand_000305,https://candidate305.example.com/nfl,candidate305.example.com,Candidate NFL source 305,Generated candidate for source graph scale testing,NFL odds API public 4,query_pack,youtube,nfl_intelligence,NFL,LV,,"['stats', 'media']",0.79,96,dg_54,unreviewed,"Score, dedupe, and rights review"
cand_000306,https://candidate306.example.com/nfl,candidate306.example.com,Candidate NFL source 306,Generated candidate for source graph scale testing,NFL odds API public 5,query_pack,reddit,nfl_intelligence,NFL,LAC,,"['stats', 'media']",0.8,95,dg_55,unreviewed,"Score, dedupe, and rights review"
cand_000307,https://candidate307.example.com/nfl,candidate307.example.com,Candidate NFL source 307,Generated candidate for source graph scale testing,NFL odds API public 6,query_pack,podcast,nfl_intelligence,NFL,LAR,,"['stats', 'media']",0.81,94,dg_56,unreviewed,"Score, dedupe, and rights review"
cand_000308,https://candidate308.example.com/nfl,candidate308.example.com,Candidate NFL source 308,Generated candidate for source graph scale testing,NFL odds API public 7,query_pack,rss,nfl_intelligence,NFL,MIA,,"['stats', 'media']",0.82,93,dg_57,unreviewed,"Score, dedupe, and rights review"
cand_000309,https://candidate309.example.com/nfl,candidate309.example.com,Candidate NFL source 309,Generated candidate for source graph scale testing,NFL odds API public 8,query_pack,vendor,nfl_intelligence,NFL,MIN,,"['stats', 'media']",0.83,92,dg_58,unreviewed,"Score, dedupe, and rights review"
cand_000310,https://candidate310.example.com/nfl,candidate310.example.com,Candidate NFL source 310,Generated candidate for source graph scale testing,NFL odds API public 9,query_pack,expert,nfl_intelligence,NFL,NE,,"['stats', 'media']",0.84,91,dg_59,unreviewed,"Score, dedupe, and rights review"
cand_000311,https://candidate311.example.com/nfl,candidate311.example.com,Candidate NFL source 311,Generated candidate for source graph scale testing,NFL odds API vendor 0,query_pack,github,nfl_intelligence,NFL,NO,,"['stats', 'media']",0.85,90,dg_60,unreviewed,"Score, dedupe, and rights review"
cand_000312,https://candidate312.example.com/nfl,candidate312.example.com,Candidate NFL source 312,Generated candidate for source graph scale testing,NFL odds API vendor 1,query_pack,academic,nfl_intelligence,NFL,NYG,,"['stats', 'media']",0.86,89,dg_61,unreviewed,"Score, dedupe, and rights review"
cand_000313,https://candidate313.example.com/nfl,candidate313.example.com,Candidate NFL source 313,Generated candidate for source graph scale testing,NFL odds API vendor 2,query_pack,youtube,nfl_intelligence,NFL,NYJ,,"['stats', 'media']",0.87,88,dg_62,unreviewed,"Score, dedupe, and rights review"
cand_000314,https://candidate314.example.com/nfl,candidate314.example.com,Candidate NFL source 314,Generated candidate for source graph scale testing,NFL odds API vendor 3,query_pack,reddit,nfl_intelligence,NFL,PHI,,"['stats', 'media']",0.88,87,dg_63,unreviewed,"Score, dedupe, and rights review"
cand_000315,https://candidate315.example.com/nfl,candidate315.example.com,Candidate NFL source 315,Generated candidate for source graph scale testing,NFL odds API vendor 4,query_pack,podcast,nfl_intelligence,NFL,PIT,,"['stats', 'media']",0.89,86,dg_64,unreviewed,"Score, dedupe, and rights review"
cand_000316,https://candidate316.example.com/nfl,candidate316.example.com,Candidate NFL source 316,Generated candidate for source graph scale testing,NFL odds API vendor 5,query_pack,rss,nfl_intelligence,NFL,SF,,"['stats', 'media']",0.9,85,dg_65,unreviewed,"Score, dedupe, and rights review"
cand_000317,https://candidate317.example.com/nfl,candidate317.example.com,Candidate NFL source 317,Generated candidate for source graph scale testing,NFL odds API vendor 6,query_pack,vendor,nfl_intelligence,NFL,SEA,,"['stats', 'media']",0.91,84,dg_66,unreviewed,"Score, dedupe, and rights review"
cand_000318,https://candidate318.example.com/nfl,candidate318.example.com,Candidate NFL source 318,Generated candidate for source graph scale testing,NFL odds API vendor 7,query_pack,expert,nfl_intelligence,NFL,TB,,"['stats', 'media']",0.92,83,dg_67,unreviewed,"Score, dedupe, and rights review"
cand_000319,https://candidate319.example.com/nfl,candidate319.example.com,Candidate NFL source 319,Generated candidate for source graph scale testing,NFL odds API vendor 8,query_pack,github,nfl_intelligence,NFL,TEN,,"['stats', 'media']",0.93,82,dg_68,unreviewed,"Score, dedupe, and rights review"
cand_000320,https://candidate320.example.com/nfl,candidate320.example.com,Candidate NFL source 320,Generated candidate for source graph scale testing,NFL odds API vendor 9,query_pack,academic,nfl_intelligence,NFL,WAS,,"['stats', 'media']",0.94,81,dg_69,unreviewed,"Score, dedupe, and rights review"
cand_000321,https://candidate321.example.com/nfl,candidate321.example.com,Candidate NFL source 321,Generated candidate for source graph scale testing,NFL odds API partner 0,query_pack,youtube,nfl_intelligence,NFL,ARI,,"['stats', 'media']",0.55,80,dg_70,unreviewed,"Score, dedupe, and rights review"
cand_000322,https://candidate322.example.com/nfl,candidate322.example.com,Candidate NFL source 322,Generated candidate for source graph scale testing,NFL odds API partner 1,query_pack,reddit,nfl_intelligence,NFL,ATL,,"['stats', 'media']",0.56,79,dg_71,unreviewed,"Score, dedupe, and rights review"
cand_000323,https://candidate323.example.com/nfl,candidate323.example.com,Candidate NFL source 323,Generated candidate for source graph scale testing,NFL odds API partner 2,query_pack,podcast,nfl_intelligence,NFL,BAL,,"['stats', 'media']",0.57,78,dg_72,unreviewed,"Score, dedupe, and rights review"
cand_000324,https://candidate324.example.com/nfl,candidate324.example.com,Candidate NFL source 324,Generated candidate for source graph scale testing,NFL odds API partner 3,query_pack,rss,nfl_intelligence,NFL,BUF,,"['stats', 'media']",0.58,77,dg_73,unreviewed,"Score, dedupe, and rights review"
cand_000325,https://candidate325.example.com/nfl,candidate325.example.com,Candidate NFL source 325,Generated candidate for source graph scale testing,NFL odds API partner 4,query_pack,vendor,nfl_intelligence,NFL,CAR,,"['stats', 'media']",0.59,76,dg_74,unreviewed,"Score, dedupe, and rights review"
cand_000326,https://candidate326.example.com/nfl,candidate326.example.com,Candidate NFL source 326,Generated candidate for source graph scale testing,NFL odds API partner 5,query_pack,expert,nfl_intelligence,NFL,CHI,,"['stats', 'media']",0.6,75,dg_75,unreviewed,"Score, dedupe, and rights review"
cand_000327,https://candidate327.example.com/nfl,candidate327.example.com,Candidate NFL source 327,Generated candidate for source graph scale testing,NFL odds API partner 6,query_pack,github,nfl_intelligence,NFL,CIN,,"['stats', 'media']",0.61,74,dg_76,unreviewed,"Score, dedupe, and rights review"
cand_000328,https://candidate328.example.com/nfl,candidate328.example.com,Candidate NFL source 328,Generated candidate for source graph scale testing,NFL odds API partner 7,query_pack,academic,nfl_intelligence,NFL,CLE,,"['stats', 'media']",0.62,73,dg_77,unreviewed,"Score, dedupe, and rights review"
cand_000329,https://candidate329.example.com/nfl,candidate329.example.com,Candidate NFL source 329,Generated candidate for source graph scale testing,NFL odds API partner 8,query_pack,youtube,nfl_intelligence,NFL,DAL,,"['stats', 'media']",0.63,72,dg_78,unreviewed,"Score, dedupe, and rights review"
cand_000330,https://candidate330.example.com/nfl,candidate330.example.com,Candidate NFL source 330,Generated candidate for source graph scale testing,NFL odds API partner 9,query_pack,reddit,nfl_intelligence,NFL,DEN,,"['stats', 'media']",0.64,71,dg_79,unreviewed,"Score, dedupe, and rights review"
cand_000331,https://candidate331.example.com/nfl,candidate331.example.com,Candidate NFL source 331,Generated candidate for source graph scale testing,NFL injury report API 0,query_pack,podcast,nfl_intelligence,NFL,DET,,"['stats', 'media']",0.65,70,dg_80,unreviewed,"Score, dedupe, and rights review"
cand_000332,https://candidate332.example.com/nfl,candidate332.example.com,Candidate NFL source 332,Generated candidate for source graph scale testing,NFL injury report API 1,query_pack,rss,nfl_intelligence,NFL,GB,,"['stats', 'media']",0.66,69,dg_81,unreviewed,"Score, dedupe, and rights review"
cand_000333,https://candidate333.example.com/nfl,candidate333.example.com,Candidate NFL source 333,Generated candidate for source graph scale testing,NFL injury report API 2,query_pack,vendor,nfl_intelligence,NFL,HOU,,"['stats', 'media']",0.67,68,dg_82,unreviewed,"Score, dedupe, and rights review"
cand_000334,https://candidate334.example.com/nfl,candidate334.example.com,Candidate NFL source 334,Generated candidate for source graph scale testing,NFL injury report API 3,query_pack,expert,nfl_intelligence,NFL,IND,,"['stats', 'media']",0.68,67,dg_83,unreviewed,"Score, dedupe, and rights review"
cand_000335,https://candidate335.example.com/nfl,candidate335.example.com,Candidate NFL source 335,Generated candidate for source graph scale testing,NFL injury report API 4,query_pack,github,nfl_intelligence,NFL,JAX,,"['stats', 'media']",0.69,66,dg_84,unreviewed,"Score, dedupe, and rights review"
cand_000336,https://candidate336.example.com/nfl,candidate336.example.com,Candidate NFL source 336,Generated candidate for source graph scale testing,NFL injury report API 5,query_pack,academic,nfl_intelligence,NFL,KC,,"['stats', 'media']",0.7,65,dg_85,unreviewed,"Score, dedupe, and rights review"
cand_000337,https://candidate337.example.com/nfl,candidate337.example.com,Candidate NFL source 337,Generated candidate for source graph scale testing,NFL injury report API 6,query_pack,youtube,nfl_intelligence,NFL,LV,,"['stats', 'media']",0.71,64,dg_86,unreviewed,"Score, dedupe, and rights review"
cand_000338,https://candidate338.example.com/nfl,candidate338.example.com,Candidate NFL source 338,Generated candidate for source graph scale testing,NFL injury report API 7,query_pack,reddit,nfl_intelligence,NFL,LAC,,"['stats', 'media']",0.72,63,dg_87,unreviewed,"Score, dedupe, and rights review"
cand_000339,https://candidate339.example.com/nfl,candidate339.example.com,Candidate NFL source 339,Generated candidate for source graph scale testing,NFL injury report API 8,query_pack,podcast,nfl_intelligence,NFL,LAR,,"['stats', 'media']",0.73,62,dg_88,unreviewed,"Score, dedupe, and rights review"
cand_000340,https://candidate340.example.com/nfl,candidate340.example.com,Candidate NFL source 340,Generated candidate for source graph scale testing,NFL injury report API 9,query_pack,rss,nfl_intelligence,NFL,MIA,,"['stats', 'media']",0.74,61,dg_89,unreviewed,"Score, dedupe, and rights review"
cand_000341,https://candidate341.example.com/nfl,candidate341.example.com,Candidate NFL source 341,Generated candidate for source graph scale testing,NFL injury report CSV 0,query_pack,vendor,nfl_intelligence,NFL,MIN,,"['stats', 'media']",0.75,60,dg_90,unreviewed,"Score, dedupe, and rights review"
cand_000342,https://candidate342.example.com/nfl,candidate342.example.com,Candidate NFL source 342,Generated candidate for source graph scale testing,NFL injury report CSV 1,query_pack,expert,nfl_intelligence,NFL,NE,,"['stats', 'media']",0.76,59,dg_91,unreviewed,"Score, dedupe, and rights review"
cand_000343,https://candidate343.example.com/nfl,candidate343.example.com,Candidate NFL source 343,Generated candidate for source graph scale testing,NFL injury report CSV 2,query_pack,github,nfl_intelligence,NFL,NO,,"['stats', 'media']",0.77,58,dg_92,unreviewed,"Score, dedupe, and rights review"
cand_000344,https://candidate344.example.com/nfl,candidate344.example.com,Candidate NFL source 344,Generated candidate for source graph scale testing,NFL injury report CSV 3,query_pack,academic,nfl_intelligence,NFL,NYG,,"['stats', 'media']",0.78,57,dg_93,unreviewed,"Score, dedupe, and rights review"
cand_000345,https://candidate345.example.com/nfl,candidate345.example.com,Candidate NFL source 345,Generated candidate for source graph scale testing,NFL injury report CSV 4,query_pack,youtube,nfl_intelligence,NFL,NYJ,,"['stats', 'media']",0.79,56,dg_94,unreviewed,"Score, dedupe, and rights review"
cand_000346,https://candidate346.example.com/nfl,candidate346.example.com,Candidate NFL source 346,Generated candidate for source graph scale testing,NFL injury report CSV 5,query_pack,reddit,nfl_intelligence,NFL,PHI,,"['stats', 'media']",0.8,55,dg_95,unreviewed,"Score, dedupe, and rights review"
cand_000347,https://candidate347.example.com/nfl,candidate347.example.com,Candidate NFL source 347,Generated candidate for source graph scale testing,NFL injury report CSV 6,query_pack,podcast,nfl_intelligence,NFL,PIT,,"['stats', 'media']",0.81,54,dg_96,unreviewed,"Score, dedupe, and rights review"
cand_000348,https://candidate348.example.com/nfl,candidate348.example.com,Candidate NFL source 348,Generated candidate for source graph scale testing,NFL injury report CSV 7,query_pack,rss,nfl_intelligence,NFL,SF,,"['stats', 'media']",0.82,53,dg_97,unreviewed,"Score, dedupe, and rights review"
cand_000349,https://candidate349.example.com/nfl,candidate349.example.com,Candidate NFL source 349,Generated candidate for source graph scale testing,NFL injury report CSV 8,query_pack,vendor,nfl_intelligence,NFL,SEA,,"['stats', 'media']",0.83,52,dg_98,unreviewed,"Score, dedupe, and rights review"
cand_000350,https://candidate350.example.com/nfl,candidate350.example.com,Candidate NFL source 350,Generated candidate for source graph scale testing,NFL injury report CSV 9,query_pack,expert,nfl_intelligence,NFL,TB,,"['stats', 'media']",0.84,51,dg_99,unreviewed,"Score, dedupe, and rights review"
cand_000351,https://candidate351.example.com/nfl,candidate351.example.com,Candidate NFL source 351,Generated candidate for source graph scale testing,NFL injury report RSS 0,query_pack,github,nfl_intelligence,NFL,TEN,,"['stats', 'media']",0.85,50,dg_100,unreviewed,"Score, dedupe, and rights review"
cand_000352,https://candidate352.example.com/nfl,candidate352.example.com,Candidate NFL source 352,Generated candidate for source graph scale testing,NFL injury report RSS 1,query_pack,academic,nfl_intelligence,NFL,WAS,,"['stats', 'media']",0.86,49,dg_101,unreviewed,"Score, dedupe, and rights review"
cand_000353,https://candidate353.example.com/nfl,candidate353.example.com,Candidate NFL source 353,Generated candidate for source graph scale testing,NFL injury report RSS 2,query_pack,youtube,nfl_intelligence,NFL,ARI,,"['stats', 'media']",0.87,48,dg_102,unreviewed,"Score, dedupe, and rights review"
cand_000354,https://candidate354.example.com/nfl,candidate354.example.com,Candidate NFL source 354,Generated candidate for source graph scale testing,NFL injury report RSS 3,query_pack,reddit,nfl_intelligence,NFL,ATL,,"['stats', 'media']",0.88,47,dg_103,unreviewed,"Score, dedupe, and rights review"
cand_000355,https://candidate355.example.com/nfl,candidate355.example.com,Candidate NFL source 355,Generated candidate for source graph scale testing,NFL injury report RSS 4,query_pack,podcast,nfl_intelligence,NFL,BAL,,"['stats', 'media']",0.89,46,dg_104,unreviewed,"Score, dedupe, and rights review"
cand_000356,https://candidate356.example.com/nfl,candidate356.example.com,Candidate NFL source 356,Generated candidate for source graph scale testing,NFL injury report RSS 5,query_pack,rss,nfl_intelligence,NFL,BUF,,"['stats', 'media']",0.9,45,dg_105,unreviewed,"Score, dedupe, and rights review"
cand_000357,https://candidate357.example.com/nfl,candidate357.example.com,Candidate NFL source 357,Generated candidate for source graph scale testing,NFL injury report RSS 6,query_pack,vendor,nfl_intelligence,NFL,CAR,,"['stats', 'media']",0.91,44,dg_106,unreviewed,"Score, dedupe, and rights review"
cand_000358,https://candidate358.example.com/nfl,candidate358.example.com,Candidate NFL source 358,Generated candidate for source graph scale testing,NFL injury report RSS 7,query_pack,expert,nfl_intelligence,NFL,CHI,,"['stats', 'media']",0.92,43,dg_107,unreviewed,"Score, dedupe, and rights review"
cand_000359,https://candidate359.example.com/nfl,candidate359.example.com,Candidate NFL source 359,Generated candidate for source graph scale testing,NFL injury report RSS 8,query_pack,github,nfl_intelligence,NFL,CIN,,"['stats', 'media']",0.93,42,dg_108,unreviewed,"Score, dedupe, and rights review"
cand_000360,https://candidate360.example.com/nfl,candidate360.example.com,Candidate NFL source 360,Generated candidate for source graph scale testing,NFL injury report RSS 9,query_pack,academic,nfl_intelligence,NFL,CLE,,"['stats', 'media']",0.94,41,dg_109,unreviewed,"Score, dedupe, and rights review"
cand_000361,https://candidate361.example.com/nfl,candidate361.example.com,Candidate NFL source 361,Generated candidate for source graph scale testing,NFL injury report database 0,query_pack,youtube,nfl_intelligence,NFL,DAL,,"['stats', 'media']",0.55,40,dg_110,unreviewed,"Score, dedupe, and rights review"
cand_000362,https://candidate362.example.com/nfl,candidate362.example.com,Candidate NFL source 362,Generated candidate for source graph scale testing,NFL injury report database 1,query_pack,reddit,nfl_intelligence,NFL,DEN,,"['stats', 'media']",0.56,39,dg_111,unreviewed,"Score, dedupe, and rights review"
cand_000363,https://candidate363.example.com/nfl,candidate363.example.com,Candidate NFL source 363,Generated candidate for source graph scale testing,NFL injury report database 2,query_pack,podcast,nfl_intelligence,NFL,DET,,"['stats', 'media']",0.57,38,dg_112,unreviewed,"Score, dedupe, and rights review"
cand_000364,https://candidate364.example.com/nfl,candidate364.example.com,Candidate NFL source 364,Generated candidate for source graph scale testing,NFL injury report database 3,query_pack,rss,nfl_intelligence,NFL,GB,,"['stats', 'media']",0.58,37,dg_113,unreviewed,"Score, dedupe, and rights review"
cand_000365,https://candidate365.example.com/nfl,candidate365.example.com,Candidate NFL source 365,Generated candidate for source graph scale testing,NFL injury report database 4,query_pack,vendor,nfl_intelligence,NFL,HOU,,"['stats', 'media']",0.59,36,dg_114,unreviewed,"Score, dedupe, and rights review"
cand_000366,https://candidate366.example.com/nfl,candidate366.example.com,Candidate NFL source 366,Generated candidate for source graph scale testing,NFL injury report database 5,query_pack,expert,nfl_intelligence,NFL,IND,,"['stats', 'media']",0.6,35,dg_115,unreviewed,"Score, dedupe, and rights review"
cand_000367,https://candidate367.example.com/nfl,candidate367.example.com,Candidate NFL source 367,Generated candidate for source graph scale testing,NFL injury report database 6,query_pack,github,nfl_intelligence,NFL,JAX,,"['stats', 'media']",0.61,34,dg_116,unreviewed,"Score, dedupe, and rights review"
cand_000368,https://candidate368.example.com/nfl,candidate368.example.com,Candidate NFL source 368,Generated candidate for source graph scale testing,NFL injury report database 7,query_pack,academic,nfl_intelligence,NFL,KC,,"['stats', 'media']",0.62,33,dg_117,unreviewed,"Score, dedupe, and rights review"
cand_000369,https://candidate369.example.com/nfl,candidate369.example.com,Candidate NFL source 369,Generated candidate for source graph scale testing,NFL injury report database 8,query_pack,youtube,nfl_intelligence,NFL,LV,,"['stats', 'media']",0.63,32,dg_118,unreviewed,"Score, dedupe, and rights review"
cand_000370,https://candidate370.example.com/nfl,candidate370.example.com,Candidate NFL source 370,Generated candidate for source graph scale testing,NFL injury report database 9,query_pack,reddit,nfl_intelligence,NFL,LAC,,"['stats', 'media']",0.64,31,dg_119,unreviewed,"Score, dedupe, and rights review"
cand_000371,https://candidate371.example.com/nfl,candidate371.example.com,Candidate NFL source 371,Generated candidate for source graph scale testing,NFL injury report download 0,query_pack,podcast,nfl_intelligence,NFL,LAR,,"['stats', 'media']",0.65,30,dg_120,unreviewed,"Score, dedupe, and rights review"
cand_000372,https://candidate372.example.com/nfl,candidate372.example.com,Candidate NFL source 372,Generated candidate for source graph scale testing,NFL injury report download 1,query_pack,rss,nfl_intelligence,NFL,MIA,,"['stats', 'media']",0.66,29,dg_121,unreviewed,"Score, dedupe, and rights review"
cand_000373,https://candidate373.example.com/nfl,candidate373.example.com,Candidate NFL source 373,Generated candidate for source graph scale testing,NFL injury report download 2,query_pack,vendor,nfl_intelligence,NFL,MIN,,"['stats', 'media']",0.67,28,dg_122,unreviewed,"Score, dedupe, and rights review"
cand_000374,https://candidate374.example.com/nfl,candidate374.example.com,Candidate NFL source 374,Generated candidate for source graph scale testing,NFL injury report download 3,query_pack,expert,nfl_intelligence,NFL,NE,,"['stats', 'media']",0.68,27,dg_123,unreviewed,"Score, dedupe, and rights review"
cand_000375,https://candidate375.example.com/nfl,candidate375.example.com,Candidate NFL source 375,Generated candidate for source graph scale testing,NFL injury report download 4,query_pack,github,nfl_intelligence,NFL,NO,,"['stats', 'media']",0.69,26,dg_124,unreviewed,"Score, dedupe, and rights review"
cand_000376,https://candidate376.example.com/nfl,candidate376.example.com,Candidate NFL source 376,Generated candidate for source graph scale testing,NFL injury report download 5,query_pack,academic,nfl_intelligence,NFL,NYG,,"['stats', 'media']",0.7,25,dg_125,unreviewed,"Score, dedupe, and rights review"
cand_000377,https://candidate377.example.com/nfl,candidate377.example.com,Candidate NFL source 377,Generated candidate for source graph scale testing,NFL injury report download 6,query_pack,youtube,nfl_intelligence,NFL,NYJ,,"['stats', 'media']",0.71,24,dg_126,unreviewed,"Score, dedupe, and rights review"
cand_000378,https://candidate378.example.com/nfl,candidate378.example.com,Candidate NFL source 378,Generated candidate for source graph scale testing,NFL injury report download 7,query_pack,reddit,nfl_intelligence,NFL,PHI,,"['stats', 'media']",0.72,23,dg_127,unreviewed,"Score, dedupe, and rights review"
cand_000379,https://candidate379.example.com/nfl,candidate379.example.com,Candidate NFL source 379,Generated candidate for source graph scale testing,NFL injury report download 8,query_pack,podcast,nfl_intelligence,NFL,PIT,,"['stats', 'media']",0.73,22,dg_128,unreviewed,"Score, dedupe, and rights review"
cand_000380,https://candidate380.example.com/nfl,candidate380.example.com,Candidate NFL source 380,Generated candidate for source graph scale testing,NFL injury report download 9,query_pack,rss,nfl_intelligence,NFL,SF,,"['stats', 'media']",0.74,21,dg_129,unreviewed,"Score, dedupe, and rights review"
cand_000381,https://candidate381.example.com/nfl,candidate381.example.com,Candidate NFL source 381,Generated candidate for source graph scale testing,NFL injury report feed 0,query_pack,vendor,nfl_intelligence,NFL,SEA,,"['stats', 'media']",0.75,20,dg_130,unreviewed,"Score, dedupe, and rights review"
cand_000382,https://candidate382.example.com/nfl,candidate382.example.com,Candidate NFL source 382,Generated candidate for source graph scale testing,NFL injury report feed 1,query_pack,expert,nfl_intelligence,NFL,TB,,"['stats', 'media']",0.76,19,dg_131,unreviewed,"Score, dedupe, and rights review"
cand_000383,https://candidate383.example.com/nfl,candidate383.example.com,Candidate NFL source 383,Generated candidate for source graph scale testing,NFL injury report feed 2,query_pack,github,nfl_intelligence,NFL,TEN,,"['stats', 'media']",0.77,18,dg_132,unreviewed,"Score, dedupe, and rights review"
cand_000384,https://candidate384.example.com/nfl,candidate384.example.com,Candidate NFL source 384,Generated candidate for source graph scale testing,NFL injury report feed 3,query_pack,academic,nfl_intelligence,NFL,WAS,,"['stats', 'media']",0.78,17,dg_133,unreviewed,"Score, dedupe, and rights review"
cand_000385,https://candidate385.example.com/nfl,candidate385.example.com,Candidate NFL source 385,Generated candidate for source graph scale testing,NFL injury report feed 4,query_pack,youtube,nfl_intelligence,NFL,ARI,,"['stats', 'media']",0.79,16,dg_134,unreviewed,"Score, dedupe, and rights review"
cand_000386,https://candidate386.example.com/nfl,candidate386.example.com,Candidate NFL source 386,Generated candidate for source graph scale testing,NFL injury report feed 5,query_pack,reddit,nfl_intelligence,NFL,ATL,,"['stats', 'media']",0.8,15,dg_135,unreviewed,"Score, dedupe, and rights review"
cand_000387,https://candidate387.example.com/nfl,candidate387.example.com,Candidate NFL source 387,Generated candidate for source graph scale testing,NFL injury report feed 6,query_pack,podcast,nfl_intelligence,NFL,BAL,,"['stats', 'media']",0.81,14,dg_136,unreviewed,"Score, dedupe, and rights review"
cand_000388,https://candidate388.example.com/nfl,candidate388.example.com,Candidate NFL source 388,Generated candidate for source graph scale testing,NFL injury report feed 7,query_pack,rss,nfl_intelligence,NFL,BUF,,"['stats', 'media']",0.82,13,dg_137,unreviewed,"Score, dedupe, and rights review"
cand_000389,https://candidate389.example.com/nfl,candidate389.example.com,Candidate NFL source 389,Generated candidate for source graph scale testing,NFL injury report feed 8,query_pack,vendor,nfl_intelligence,NFL,CAR,,"['stats', 'media']",0.83,12,dg_138,unreviewed,"Score, dedupe, and rights review"
cand_000390,https://candidate390.example.com/nfl,candidate390.example.com,Candidate NFL source 390,Generated candidate for source graph scale testing,NFL injury report feed 9,query_pack,expert,nfl_intelligence,NFL,CHI,,"['stats', 'media']",0.84,11,dg_139,unreviewed,"Score, dedupe, and rights review"
cand_000391,https://candidate391.example.com/nfl,candidate391.example.com,Candidate NFL source 391,Generated candidate for source graph scale testing,NFL injury report licensed 0,query_pack,github,nfl_intelligence,NFL,CIN,,"['stats', 'media']",0.85,10,dg_140,unreviewed,"Score, dedupe, and rights review"
cand_000392,https://candidate392.example.com/nfl,candidate392.example.com,Candidate NFL source 392,Generated candidate for source graph scale testing,NFL injury report licensed 1,query_pack,academic,nfl_intelligence,NFL,CLE,,"['stats', 'media']",0.86,9,dg_141,unreviewed,"Score, dedupe, and rights review"
cand_000393,https://candidate393.example.com/nfl,candidate393.example.com,Candidate NFL source 393,Generated candidate for source graph scale testing,NFL injury report licensed 2,query_pack,youtube,nfl_intelligence,NFL,DAL,,"['stats', 'media']",0.87,8,dg_142,unreviewed,"Score, dedupe, and rights review"
cand_000394,https://candidate394.example.com/nfl,candidate394.example.com,Candidate NFL source 394,Generated candidate for source graph scale testing,NFL injury report licensed 3,query_pack,reddit,nfl_intelligence,NFL,DEN,,"['stats', 'media']",0.88,7,dg_143,unreviewed,"Score, dedupe, and rights review"
cand_000395,https://candidate395.example.com/nfl,candidate395.example.com,Candidate NFL source 395,Generated candidate for source graph scale testing,NFL injury report licensed 4,query_pack,podcast,nfl_intelligence,NFL,DET,,"['stats', 'media']",0.89,6,dg_144,unreviewed,"Score, dedupe, and rights review"
cand_000396,https://candidate396.example.com/nfl,candidate396.example.com,Candidate NFL source 396,Generated candidate for source graph scale testing,NFL injury report licensed 5,query_pack,rss,nfl_intelligence,NFL,GB,,"['stats', 'media']",0.9,5,dg_145,unreviewed,"Score, dedupe, and rights review"
cand_000397,https://candidate397.example.com/nfl,candidate397.example.com,Candidate NFL source 397,Generated candidate for source graph scale testing,NFL injury report licensed 6,query_pack,vendor,nfl_intelligence,NFL,HOU,,"['stats', 'media']",0.91,4,dg_146,unreviewed,"Score, dedupe, and rights review"
cand_000398,https://candidate398.example.com/nfl,candidate398.example.com,Candidate NFL source 398,Generated candidate for source graph scale testing,NFL injury report licensed 7,query_pack,expert,nfl_intelligence,NFL,IND,,"['stats', 'media']",0.92,3,dg_147,unreviewed,"Score, dedupe, and rights review"
cand_000399,https://candidate399.example.com/nfl,candidate399.example.com,Candidate NFL source 399,Generated candidate for source graph scale testing,NFL injury report licensed 8,query_pack,github,nfl_intelligence,NFL,JAX,,"['stats', 'media']",0.93,2,dg_148,unreviewed,"Score, dedupe, and rights review"
cand_000400,https://candidate400.example.com/nfl,candidate400.example.com,Candidate NFL source 400,Generated candidate for source graph scale testing,NFL injury report licensed 9,query_pack,academic,nfl_intelligence,NFL,KC,,"['stats', 'media']",0.94,1,dg_149,unreviewed,"Score, dedupe, and rights review"
cand_000401,https://candidate401.example.com/nfl,candidate401.example.com,Candidate NFL source 401,Generated candidate for source graph scale testing,NFL injury report open 0,query_pack,youtube,nfl_intelligence,NFL,LV,,"['stats', 'media']",0.55,100,dg_150,unreviewed,"Score, dedupe, and rights review"
cand_000402,https://candidate402.example.com/nfl,candidate402.example.com,Candidate NFL source 402,Generated candidate for source graph scale testing,NFL injury report open 1,query_pack,reddit,nfl_intelligence,NFL,LAC,,"['stats', 'media']",0.56,99,dg_151,unreviewed,"Score, dedupe, and rights review"
cand_000403,https://candidate403.example.com/nfl,candidate403.example.com,Candidate NFL source 403,Generated candidate for source graph scale testing,NFL injury report open 2,query_pack,podcast,nfl_intelligence,NFL,LAR,,"['stats', 'media']",0.57,98,dg_152,unreviewed,"Score, dedupe, and rights review"
cand_000404,https://candidate404.example.com/nfl,candidate404.example.com,Candidate NFL source 404,Generated candidate for source graph scale testing,NFL injury report open 3,query_pack,rss,nfl_intelligence,NFL,MIA,,"['stats', 'media']",0.58,97,dg_153,unreviewed,"Score, dedupe, and rights review"
cand_000405,https://candidate405.example.com/nfl,candidate405.example.com,Candidate NFL source 405,Generated candidate for source graph scale testing,NFL injury report open 4,query_pack,vendor,nfl_intelligence,NFL,MIN,,"['stats', 'media']",0.59,96,dg_154,unreviewed,"Score, dedupe, and rights review"
cand_000406,https://candidate406.example.com/nfl,candidate406.example.com,Candidate NFL source 406,Generated candidate for source graph scale testing,NFL injury report open 5,query_pack,expert,nfl_intelligence,NFL,NE,,"['stats', 'media']",0.6,95,dg_155,unreviewed,"Score, dedupe, and rights review"
cand_000407,https://candidate407.example.com/nfl,candidate407.example.com,Candidate NFL source 407,Generated candidate for source graph scale testing,NFL injury report open 6,query_pack,github,nfl_intelligence,NFL,NO,,"['stats', 'media']",0.61,94,dg_156,unreviewed,"Score, dedupe, and rights review"
cand_000408,https://candidate408.example.com/nfl,candidate408.example.com,Candidate NFL source 408,Generated candidate for source graph scale testing,NFL injury report open 7,query_pack,academic,nfl_intelligence,NFL,NYG,,"['stats', 'media']",0.62,93,dg_157,unreviewed,"Score, dedupe, and rights review"
cand_000409,https://candidate409.example.com/nfl,candidate409.example.com,Candidate NFL source 409,Generated candidate for source graph scale testing,NFL injury report open 8,query_pack,youtube,nfl_intelligence,NFL,NYJ,,"['stats', 'media']",0.63,92,dg_158,unreviewed,"Score, dedupe, and rights review"
cand_000410,https://candidate410.example.com/nfl,candidate410.example.com,Candidate NFL source 410,Generated candidate for source graph scale testing,NFL injury report open 9,query_pack,reddit,nfl_intelligence,NFL,PHI,,"['stats', 'media']",0.64,91,dg_159,unreviewed,"Score, dedupe, and rights review"
cand_000411,https://candidate411.example.com/nfl,candidate411.example.com,Candidate NFL source 411,Generated candidate for source graph scale testing,NFL injury report public 0,query_pack,podcast,nfl_intelligence,NFL,PIT,,"['stats', 'media']",0.65,90,dg_160,unreviewed,"Score, dedupe, and rights review"
cand_000412,https://candidate412.example.com/nfl,candidate412.example.com,Candidate NFL source 412,Generated candidate for source graph scale testing,NFL injury report public 1,query_pack,rss,nfl_intelligence,NFL,SF,,"['stats', 'media']",0.66,89,dg_161,unreviewed,"Score, dedupe, and rights review"
cand_000413,https://candidate413.example.com/nfl,candidate413.example.com,Candidate NFL source 413,Generated candidate for source graph scale testing,NFL injury report public 2,query_pack,vendor,nfl_intelligence,NFL,SEA,,"['stats', 'media']",0.67,88,dg_162,unreviewed,"Score, dedupe, and rights review"
cand_000414,https://candidate414.example.com/nfl,candidate414.example.com,Candidate NFL source 414,Generated candidate for source graph scale testing,NFL injury report public 3,query_pack,expert,nfl_intelligence,NFL,TB,,"['stats', 'media']",0.68,87,dg_163,unreviewed,"Score, dedupe, and rights review"
cand_000415,https://candidate415.example.com/nfl,candidate415.example.com,Candidate NFL source 415,Generated candidate for source graph scale testing,NFL injury report public 4,query_pack,github,nfl_intelligence,NFL,TEN,,"['stats', 'media']",0.69,86,dg_164,unreviewed,"Score, dedupe, and rights review"
cand_000416,https://candidate416.example.com/nfl,candidate416.example.com,Candidate NFL source 416,Generated candidate for source graph scale testing,NFL injury report public 5,query_pack,academic,nfl_intelligence,NFL,WAS,,"['stats', 'media']",0.7,85,dg_165,unreviewed,"Score, dedupe, and rights review"
cand_000417,https://candidate417.example.com/nfl,candidate417.example.com,Candidate NFL source 417,Generated candidate for source graph scale testing,NFL injury report public 6,query_pack,youtube,nfl_intelligence,NFL,ARI,,"['stats', 'media']",0.71,84,dg_166,unreviewed,"Score, dedupe, and rights review"
cand_000418,https://candidate418.example.com/nfl,candidate418.example.com,Candidate NFL source 418,Generated candidate for source graph scale testing,NFL injury report public 7,query_pack,reddit,nfl_intelligence,NFL,ATL,,"['stats', 'media']",0.72,83,dg_167,unreviewed,"Score, dedupe, and rights review"
cand_000419,https://candidate419.example.com/nfl,candidate419.example.com,Candidate NFL source 419,Generated candidate for source graph scale testing,NFL injury report public 8,query_pack,podcast,nfl_intelligence,NFL,BAL,,"['stats', 'media']",0.73,82,dg_168,unreviewed,"Score, dedupe, and rights review"
cand_000420,https://candidate420.example.com/nfl,candidate420.example.com,Candidate NFL source 420,Generated candidate for source graph scale testing,NFL injury report public 9,query_pack,rss,nfl_intelligence,NFL,BUF,,"['stats', 'media']",0.74,81,dg_169,unreviewed,"Score, dedupe, and rights review"
cand_000421,https://candidate421.example.com/nfl,candidate421.example.com,Candidate NFL source 421,Generated candidate for source graph scale testing,NFL injury report vendor 0,query_pack,vendor,nfl_intelligence,NFL,CAR,,"['stats', 'media']",0.75,80,dg_170,unreviewed,"Score, dedupe, and rights review"
cand_000422,https://candidate422.example.com/nfl,candidate422.example.com,Candidate NFL source 422,Generated candidate for source graph scale testing,NFL injury report vendor 1,query_pack,expert,nfl_intelligence,NFL,CHI,,"['stats', 'media']",0.76,79,dg_171,unreviewed,"Score, dedupe, and rights review"
cand_000423,https://candidate423.example.com/nfl,candidate423.example.com,Candidate NFL source 423,Generated candidate for source graph scale testing,NFL injury report vendor 2,query_pack,github,nfl_intelligence,NFL,CIN,,"['stats', 'media']",0.77,78,dg_172,unreviewed,"Score, dedupe, and rights review"
cand_000424,https://candidate424.example.com/nfl,candidate424.example.com,Candidate NFL source 424,Generated candidate for source graph scale testing,NFL injury report vendor 3,query_pack,academic,nfl_intelligence,NFL,CLE,,"['stats', 'media']",0.78,77,dg_173,unreviewed,"Score, dedupe, and rights review"
cand_000425,https://candidate425.example.com/nfl,candidate425.example.com,Candidate NFL source 425,Generated candidate for source graph scale testing,NFL injury report vendor 4,query_pack,youtube,nfl_intelligence,NFL,DAL,,"['stats', 'media']",0.79,76,dg_174,unreviewed,"Score, dedupe, and rights review"
cand_000426,https://candidate426.example.com/nfl,candidate426.example.com,Candidate NFL source 426,Generated candidate for source graph scale testing,NFL injury report vendor 5,query_pack,reddit,nfl_intelligence,NFL,DEN,,"['stats', 'media']",0.8,75,dg_175,unreviewed,"Score, dedupe, and rights review"
cand_000427,https://candidate427.example.com/nfl,candidate427.example.com,Candidate NFL source 427,Generated candidate for source graph scale testing,NFL injury report vendor 6,query_pack,podcast,nfl_intelligence,NFL,DET,,"['stats', 'media']",0.81,74,dg_176,unreviewed,"Score, dedupe, and rights review"
cand_000428,https://candidate428.example.com/nfl,candidate428.example.com,Candidate NFL source 428,Generated candidate for source graph scale testing,NFL injury report vendor 7,query_pack,rss,nfl_intelligence,NFL,GB,,"['stats', 'media']",0.82,73,dg_177,unreviewed,"Score, dedupe, and rights review"
cand_000429,https://candidate429.example.com/nfl,candidate429.example.com,Candidate NFL source 429,Generated candidate for source graph scale testing,NFL injury report vendor 8,query_pack,vendor,nfl_intelligence,NFL,HOU,,"['stats', 'media']",0.83,72,dg_178,unreviewed,"Score, dedupe, and rights review"
cand_000430,https://candidate430.example.com/nfl,candidate430.example.com,Candidate NFL source 430,Generated candidate for source graph scale testing,NFL injury report vendor 9,query_pack,expert,nfl_intelligence,NFL,IND,,"['stats', 'media']",0.84,71,dg_179,unreviewed,"Score, dedupe, and rights review"
cand_000431,https://candidate431.example.com/nfl,candidate431.example.com,Candidate NFL source 431,Generated candidate for source graph scale testing,NFL injury report partner 0,query_pack,github,nfl_intelligence,NFL,JAX,,"['stats', 'media']",0.85,70,dg_180,unreviewed,"Score, dedupe, and rights review"
cand_000432,https://candidate432.example.com/nfl,candidate432.example.com,Candidate NFL source 432,Generated candidate for source graph scale testing,NFL injury report partner 1,query_pack,academic,nfl_intelligence,NFL,KC,,"['stats', 'media']",0.86,69,dg_181,unreviewed,"Score, dedupe, and rights review"
cand_000433,https://candidate433.example.com/nfl,candidate433.example.com,Candidate NFL source 433,Generated candidate for source graph scale testing,NFL injury report partner 2,query_pack,youtube,nfl_intelligence,NFL,LV,,"['stats', 'media']",0.87,68,dg_182,unreviewed,"Score, dedupe, and rights review"
cand_000434,https://candidate434.example.com/nfl,candidate434.example.com,Candidate NFL source 434,Generated candidate for source graph scale testing,NFL injury report partner 3,query_pack,reddit,nfl_intelligence,NFL,LAC,,"['stats', 'media']",0.88,67,dg_183,unreviewed,"Score, dedupe, and rights review"
cand_000435,https://candidate435.example.com/nfl,candidate435.example.com,Candidate NFL source 435,Generated candidate for source graph scale testing,NFL injury report partner 4,query_pack,podcast,nfl_intelligence,NFL,LAR,,"['stats', 'media']",0.89,66,dg_184,unreviewed,"Score, dedupe, and rights review"
cand_000436,https://candidate436.example.com/nfl,candidate436.example.com,Candidate NFL source 436,Generated candidate for source graph scale testing,NFL injury report partner 5,query_pack,rss,nfl_intelligence,NFL,MIA,,"['stats', 'media']",0.9,65,dg_185,unreviewed,"Score, dedupe, and rights review"
cand_000437,https://candidate437.example.com/nfl,candidate437.example.com,Candidate NFL source 437,Generated candidate for source graph scale testing,NFL injury report partner 6,query_pack,vendor,nfl_intelligence,NFL,MIN,,"['stats', 'media']",0.91,64,dg_186,unreviewed,"Score, dedupe, and rights review"
cand_000438,https://candidate438.example.com/nfl,candidate438.example.com,Candidate NFL source 438,Generated candidate for source graph scale testing,NFL injury report partner 7,query_pack,expert,nfl_intelligence,NFL,NE,,"['stats', 'media']",0.92,63,dg_187,unreviewed,"Score, dedupe, and rights review"
cand_000439,https://candidate439.example.com/nfl,candidate439.example.com,Candidate NFL source 439,Generated candidate for source graph scale testing,NFL injury report partner 8,query_pack,github,nfl_intelligence,NFL,NO,,"['stats', 'media']",0.93,62,dg_188,unreviewed,"Score, dedupe, and rights review"
cand_000440,https://candidate440.example.com/nfl,candidate440.example.com,Candidate NFL source 440,Generated candidate for source graph scale testing,NFL injury report partner 9,query_pack,academic,nfl_intelligence,NFL,NYG,,"['stats', 'media']",0.94,61,dg_189,unreviewed,"Score, dedupe, and rights review"
cand_000441,https://candidate441.example.com/nfl,candidate441.example.com,Candidate NFL source 441,Generated candidate for source graph scale testing,NFL depth chart API 0,query_pack,youtube,nfl_intelligence,NFL,NYJ,,"['stats', 'media']",0.55,60,dg_190,unreviewed,"Score, dedupe, and rights review"
cand_000442,https://candidate442.example.com/nfl,candidate442.example.com,Candidate NFL source 442,Generated candidate for source graph scale testing,NFL depth chart API 1,query_pack,reddit,nfl_intelligence,NFL,PHI,,"['stats', 'media']",0.56,59,dg_191,unreviewed,"Score, dedupe, and rights review"
cand_000443,https://candidate443.example.com/nfl,candidate443.example.com,Candidate NFL source 443,Generated candidate for source graph scale testing,NFL depth chart API 2,query_pack,podcast,nfl_intelligence,NFL,PIT,,"['stats', 'media']",0.57,58,dg_192,unreviewed,"Score, dedupe, and rights review"
cand_000444,https://candidate444.example.com/nfl,candidate444.example.com,Candidate NFL source 444,Generated candidate for source graph scale testing,NFL depth chart API 3,query_pack,rss,nfl_intelligence,NFL,SF,,"['stats', 'media']",0.58,57,dg_193,unreviewed,"Score, dedupe, and rights review"
cand_000445,https://candidate445.example.com/nfl,candidate445.example.com,Candidate NFL source 445,Generated candidate for source graph scale testing,NFL depth chart API 4,query_pack,vendor,nfl_intelligence,NFL,SEA,,"['stats', 'media']",0.59,56,dg_194,unreviewed,"Score, dedupe, and rights review"
cand_000446,https://candidate446.example.com/nfl,candidate446.example.com,Candidate NFL source 446,Generated candidate for source graph scale testing,NFL depth chart API 5,query_pack,expert,nfl_intelligence,NFL,TB,,"['stats', 'media']",0.6,55,dg_195,unreviewed,"Score, dedupe, and rights review"
cand_000447,https://candidate447.example.com/nfl,candidate447.example.com,Candidate NFL source 447,Generated candidate for source graph scale testing,NFL depth chart API 6,query_pack,github,nfl_intelligence,NFL,TEN,,"['stats', 'media']",0.61,54,dg_196,unreviewed,"Score, dedupe, and rights review"
cand_000448,https://candidate448.example.com/nfl,candidate448.example.com,Candidate NFL source 448,Generated candidate for source graph scale testing,NFL depth chart API 7,query_pack,academic,nfl_intelligence,NFL,WAS,,"['stats', 'media']",0.62,53,dg_197,unreviewed,"Score, dedupe, and rights review"
cand_000449,https://candidate449.example.com/nfl,candidate449.example.com,Candidate NFL source 449,Generated candidate for source graph scale testing,NFL depth chart API 8,query_pack,youtube,nfl_intelligence,NFL,ARI,,"['stats', 'media']",0.63,52,dg_198,unreviewed,"Score, dedupe, and rights review"
cand_000450,https://candidate450.example.com/nfl,candidate450.example.com,Candidate NFL source 450,Generated candidate for source graph scale testing,NFL depth chart API 9,query_pack,reddit,nfl_intelligence,NFL,ATL,,"['stats', 'media']",0.64,51,dg_199,unreviewed,"Score, dedupe, and rights review"
cand_000451,https://candidate451.example.com/nfl,candidate451.example.com,Candidate NFL source 451,Generated candidate for source graph scale testing,NFL depth chart CSV 0,query_pack,podcast,nfl_intelligence,NFL,BAL,,"['stats', 'media']",0.65,50,dg_200,unreviewed,"Score, dedupe, and rights review"
cand_000452,https://candidate452.example.com/nfl,candidate452.example.com,Candidate NFL source 452,Generated candidate for source graph scale testing,NFL depth chart CSV 1,query_pack,rss,nfl_intelligence,NFL,BUF,,"['stats', 'media']",0.66,49,dg_201,unreviewed,"Score, dedupe, and rights review"
cand_000453,https://candidate453.example.com/nfl,candidate453.example.com,Candidate NFL source 453,Generated candidate for source graph scale testing,NFL depth chart CSV 2,query_pack,vendor,nfl_intelligence,NFL,CAR,,"['stats', 'media']",0.67,48,dg_202,unreviewed,"Score, dedupe, and rights review"
cand_000454,https://candidate454.example.com/nfl,candidate454.example.com,Candidate NFL source 454,Generated candidate for source graph scale testing,NFL depth chart CSV 3,query_pack,expert,nfl_intelligence,NFL,CHI,,"['stats', 'media']",0.68,47,dg_203,unreviewed,"Score, dedupe, and rights review"
cand_000455,https://candidate455.example.com/nfl,candidate455.example.com,Candidate NFL source 455,Generated candidate for source graph scale testing,NFL depth chart CSV 4,query_pack,github,nfl_intelligence,NFL,CIN,,"['stats', 'media']",0.69,46,dg_204,unreviewed,"Score, dedupe, and rights review"
cand_000456,https://candidate456.example.com/nfl,candidate456.example.com,Candidate NFL source 456,Generated candidate for source graph scale testing,NFL depth chart CSV 5,query_pack,academic,nfl_intelligence,NFL,CLE,,"['stats', 'media']",0.7,45,dg_205,unreviewed,"Score, dedupe, and rights review"
cand_000457,https://candidate457.example.com/nfl,candidate457.example.com,Candidate NFL source 457,Generated candidate for source graph scale testing,NFL depth chart CSV 6,query_pack,youtube,nfl_intelligence,NFL,DAL,,"['stats', 'media']",0.71,44,dg_206,unreviewed,"Score, dedupe, and rights review"
cand_000458,https://candidate458.example.com/nfl,candidate458.example.com,Candidate NFL source 458,Generated candidate for source graph scale testing,NFL depth chart CSV 7,query_pack,reddit,nfl_intelligence,NFL,DEN,,"['stats', 'media']",0.72,43,dg_207,unreviewed,"Score, dedupe, and rights review"
cand_000459,https://candidate459.example.com/nfl,candidate459.example.com,Candidate NFL source 459,Generated candidate for source graph scale testing,NFL depth chart CSV 8,query_pack,podcast,nfl_intelligence,NFL,DET,,"['stats', 'media']",0.73,42,dg_208,unreviewed,"Score, dedupe, and rights review"
cand_000460,https://candidate460.example.com/nfl,candidate460.example.com,Candidate NFL source 460,Generated candidate for source graph scale testing,NFL depth chart CSV 9,query_pack,rss,nfl_intelligence,NFL,GB,,"['stats', 'media']",0.74,41,dg_209,unreviewed,"Score, dedupe, and rights review"
cand_000461,https://candidate461.example.com/nfl,candidate461.example.com,Candidate NFL source 461,Generated candidate for source graph scale testing,NFL depth chart RSS 0,query_pack,vendor,nfl_intelligence,NFL,HOU,,"['stats', 'media']",0.75,40,dg_210,unreviewed,"Score, dedupe, and rights review"
cand_000462,https://candidate462.example.com/nfl,candidate462.example.com,Candidate NFL source 462,Generated candidate for source graph scale testing,NFL depth chart RSS 1,query_pack,expert,nfl_intelligence,NFL,IND,,"['stats', 'media']",0.76,39,dg_211,unreviewed,"Score, dedupe, and rights review"
cand_000463,https://candidate463.example.com/nfl,candidate463.example.com,Candidate NFL source 463,Generated candidate for source graph scale testing,NFL depth chart RSS 2,query_pack,github,nfl_intelligence,NFL,JAX,,"['stats', 'media']",0.77,38,dg_212,unreviewed,"Score, dedupe, and rights review"
cand_000464,https://candidate464.example.com/nfl,candidate464.example.com,Candidate NFL source 464,Generated candidate for source graph scale testing,NFL depth chart RSS 3,query_pack,academic,nfl_intelligence,NFL,KC,,"['stats', 'media']",0.78,37,dg_213,unreviewed,"Score, dedupe, and rights review"
cand_000465,https://candidate465.example.com/nfl,candidate465.example.com,Candidate NFL source 465,Generated candidate for source graph scale testing,NFL depth chart RSS 4,query_pack,youtube,nfl_intelligence,NFL,LV,,"['stats', 'media']",0.79,36,dg_214,unreviewed,"Score, dedupe, and rights review"
cand_000466,https://candidate466.example.com/nfl,candidate466.example.com,Candidate NFL source 466,Generated candidate for source graph scale testing,NFL depth chart RSS 5,query_pack,reddit,nfl_intelligence,NFL,LAC,,"['stats', 'media']",0.8,35,dg_215,unreviewed,"Score, dedupe, and rights review"
cand_000467,https://candidate467.example.com/nfl,candidate467.example.com,Candidate NFL source 467,Generated candidate for source graph scale testing,NFL depth chart RSS 6,query_pack,podcast,nfl_intelligence,NFL,LAR,,"['stats', 'media']",0.81,34,dg_216,unreviewed,"Score, dedupe, and rights review"
cand_000468,https://candidate468.example.com/nfl,candidate468.example.com,Candidate NFL source 468,Generated candidate for source graph scale testing,NFL depth chart RSS 7,query_pack,rss,nfl_intelligence,NFL,MIA,,"['stats', 'media']",0.82,33,dg_217,unreviewed,"Score, dedupe, and rights review"
cand_000469,https://candidate469.example.com/nfl,candidate469.example.com,Candidate NFL source 469,Generated candidate for source graph scale testing,NFL depth chart RSS 8,query_pack,vendor,nfl_intelligence,NFL,MIN,,"['stats', 'media']",0.83,32,dg_218,unreviewed,"Score, dedupe, and rights review"
cand_000470,https://candidate470.example.com/nfl,candidate470.example.com,Candidate NFL source 470,Generated candidate for source graph scale testing,NFL depth chart RSS 9,query_pack,expert,nfl_intelligence,NFL,NE,,"['stats', 'media']",0.84,31,dg_219,unreviewed,"Score, dedupe, and rights review"
cand_000471,https://candidate471.example.com/nfl,candidate471.example.com,Candidate NFL source 471,Generated candidate for source graph scale testing,NFL depth chart database 0,query_pack,github,nfl_intelligence,NFL,NO,,"['stats', 'media']",0.85,30,dg_220,unreviewed,"Score, dedupe, and rights review"
cand_000472,https://candidate472.example.com/nfl,candidate472.example.com,Candidate NFL source 472,Generated candidate for source graph scale testing,NFL depth chart database 1,query_pack,academic,nfl_intelligence,NFL,NYG,,"['stats', 'media']",0.86,29,dg_221,unreviewed,"Score, dedupe, and rights review"
cand_000473,https://candidate473.example.com/nfl,candidate473.example.com,Candidate NFL source 473,Generated candidate for source graph scale testing,NFL depth chart database 2,query_pack,youtube,nfl_intelligence,NFL,NYJ,,"['stats', 'media']",0.87,28,dg_222,unreviewed,"Score, dedupe, and rights review"
cand_000474,https://candidate474.example.com/nfl,candidate474.example.com,Candidate NFL source 474,Generated candidate for source graph scale testing,NFL depth chart database 3,query_pack,reddit,nfl_intelligence,NFL,PHI,,"['stats', 'media']",0.88,27,dg_223,unreviewed,"Score, dedupe, and rights review"
cand_000475,https://candidate475.example.com/nfl,candidate475.example.com,Candidate NFL source 475,Generated candidate for source graph scale testing,NFL depth chart database 4,query_pack,podcast,nfl_intelligence,NFL,PIT,,"['stats', 'media']",0.89,26,dg_224,unreviewed,"Score, dedupe, and rights review"
cand_000476,https://candidate476.example.com/nfl,candidate476.example.com,Candidate NFL source 476,Generated candidate for source graph scale testing,NFL depth chart database 5,query_pack,rss,nfl_intelligence,NFL,SF,,"['stats', 'media']",0.9,25,dg_225,unreviewed,"Score, dedupe, and rights review"
cand_000477,https://candidate477.example.com/nfl,candidate477.example.com,Candidate NFL source 477,Generated candidate for source graph scale testing,NFL depth chart database 6,query_pack,vendor,nfl_intelligence,NFL,SEA,,"['stats', 'media']",0.91,24,dg_226,unreviewed,"Score, dedupe, and rights review"
cand_000478,https://candidate478.example.com/nfl,candidate478.example.com,Candidate NFL source 478,Generated candidate for source graph scale testing,NFL depth chart database 7,query_pack,expert,nfl_intelligence,NFL,TB,,"['stats', 'media']",0.92,23,dg_227,unreviewed,"Score, dedupe, and rights review"
cand_000479,https://candidate479.example.com/nfl,candidate479.example.com,Candidate NFL source 479,Generated candidate for source graph scale testing,NFL depth chart database 8,query_pack,github,nfl_intelligence,NFL,TEN,,"['stats', 'media']",0.93,22,dg_228,unreviewed,"Score, dedupe, and rights review"
cand_000480,https://candidate480.example.com/nfl,candidate480.example.com,Candidate NFL source 480,Generated candidate for source graph scale testing,NFL depth chart database 9,query_pack,academic,nfl_intelligence,NFL,WAS,,"['stats', 'media']",0.94,21,dg_229,unreviewed,"Score, dedupe, and rights review"
cand_000481,https://candidate481.example.com/nfl,candidate481.example.com,Candidate NFL source 481,Generated candidate for source graph scale testing,NFL depth chart download 0,query_pack,youtube,nfl_intelligence,NFL,ARI,,"['stats', 'media']",0.55,20,dg_230,unreviewed,"Score, dedupe, and rights review"
cand_000482,https://candidate482.example.com/nfl,candidate482.example.com,Candidate NFL source 482,Generated candidate for source graph scale testing,NFL depth chart download 1,query_pack,reddit,nfl_intelligence,NFL,ATL,,"['stats', 'media']",0.56,19,dg_231,unreviewed,"Score, dedupe, and rights review"
cand_000483,https://candidate483.example.com/nfl,candidate483.example.com,Candidate NFL source 483,Generated candidate for source graph scale testing,NFL depth chart download 2,query_pack,podcast,nfl_intelligence,NFL,BAL,,"['stats', 'media']",0.57,18,dg_232,unreviewed,"Score, dedupe, and rights review"
cand_000484,https://candidate484.example.com/nfl,candidate484.example.com,Candidate NFL source 484,Generated candidate for source graph scale testing,NFL depth chart download 3,query_pack,rss,nfl_intelligence,NFL,BUF,,"['stats', 'media']",0.58,17,dg_233,unreviewed,"Score, dedupe, and rights review"
cand_000485,https://candidate485.example.com/nfl,candidate485.example.com,Candidate NFL source 485,Generated candidate for source graph scale testing,NFL depth chart download 4,query_pack,vendor,nfl_intelligence,NFL,CAR,,"['stats', 'media']",0.59,16,dg_234,unreviewed,"Score, dedupe, and rights review"
cand_000486,https://candidate486.example.com/nfl,candidate486.example.com,Candidate NFL source 486,Generated candidate for source graph scale testing,NFL depth chart download 5,query_pack,expert,nfl_intelligence,NFL,CHI,,"['stats', 'media']",0.6,15,dg_235,unreviewed,"Score, dedupe, and rights review"
cand_000487,https://candidate487.example.com/nfl,candidate487.example.com,Candidate NFL source 487,Generated candidate for source graph scale testing,NFL depth chart download 6,query_pack,github,nfl_intelligence,NFL,CIN,,"['stats', 'media']",0.61,14,dg_236,unreviewed,"Score, dedupe, and rights review"
cand_000488,https://candidate488.example.com/nfl,candidate488.example.com,Candidate NFL source 488,Generated candidate for source graph scale testing,NFL depth chart download 7,query_pack,academic,nfl_intelligence,NFL,CLE,,"['stats', 'media']",0.62,13,dg_237,unreviewed,"Score, dedupe, and rights review"
cand_000489,https://candidate489.example.com/nfl,candidate489.example.com,Candidate NFL source 489,Generated candidate for source graph scale testing,NFL depth chart download 8,query_pack,youtube,nfl_intelligence,NFL,DAL,,"['stats', 'media']",0.63,12,dg_238,unreviewed,"Score, dedupe, and rights review"
cand_000490,https://candidate490.example.com/nfl,candidate490.example.com,Candidate NFL source 490,Generated candidate for source graph scale testing,NFL depth chart download 9,query_pack,reddit,nfl_intelligence,NFL,DEN,,"['stats', 'media']",0.64,11,dg_239,unreviewed,"Score, dedupe, and rights review"
cand_000491,https://candidate491.example.com/nfl,candidate491.example.com,Candidate NFL source 491,Generated candidate for source graph scale testing,NFL depth chart feed 0,query_pack,podcast,nfl_intelligence,NFL,DET,,"['stats', 'media']",0.65,10,dg_240,unreviewed,"Score, dedupe, and rights review"
cand_000492,https://candidate492.example.com/nfl,candidate492.example.com,Candidate NFL source 492,Generated candidate for source graph scale testing,NFL depth chart feed 1,query_pack,rss,nfl_intelligence,NFL,GB,,"['stats', 'media']",0.66,9,dg_241,unreviewed,"Score, dedupe, and rights review"
cand_000493,https://candidate493.example.com/nfl,candidate493.example.com,Candidate NFL source 493,Generated candidate for source graph scale testing,NFL depth chart feed 2,query_pack,vendor,nfl_intelligence,NFL,HOU,,"['stats', 'media']",0.67,8,dg_242,unreviewed,"Score, dedupe, and rights review"
cand_000494,https://candidate494.example.com/nfl,candidate494.example.com,Candidate NFL source 494,Generated candidate for source graph scale testing,NFL depth chart feed 3,query_pack,expert,nfl_intelligence,NFL,IND,,"['stats', 'media']",0.68,7,dg_243,unreviewed,"Score, dedupe, and rights review"
cand_000495,https://candidate495.example.com/nfl,candidate495.example.com,Candidate NFL source 495,Generated candidate for source graph scale testing,NFL depth chart feed 4,query_pack,github,nfl_intelligence,NFL,JAX,,"['stats', 'media']",0.69,6,dg_244,unreviewed,"Score, dedupe, and rights review"
cand_000496,https://candidate496.example.com/nfl,candidate496.example.com,Candidate NFL source 496,Generated candidate for source graph scale testing,NFL depth chart feed 5,query_pack,academic,nfl_intelligence,NFL,KC,,"['stats', 'media']",0.7,5,dg_245,unreviewed,"Score, dedupe, and rights review"
cand_000497,https://candidate497.example.com/nfl,candidate497.example.com,Candidate NFL source 497,Generated candidate for source graph scale testing,NFL depth chart feed 6,query_pack,youtube,nfl_intelligence,NFL,LV,,"['stats', 'media']",0.71,4,dg_246,unreviewed,"Score, dedupe, and rights review"
cand_000498,https://candidate498.example.com/nfl,candidate498.example.com,Candidate NFL source 498,Generated candidate for source graph scale testing,NFL depth chart feed 7,query_pack,reddit,nfl_intelligence,NFL,LAC,,"['stats', 'media']",0.72,3,dg_247,unreviewed,"Score, dedupe, and rights review"
cand_000499,https://candidate499.example.com/nfl,candidate499.example.com,Candidate NFL source 499,Generated candidate for source graph scale testing,NFL depth chart feed 8,query_pack,podcast,nfl_intelligence,NFL,LAR,,"['stats', 'media']",0.73,2,dg_248,unreviewed,"Score, dedupe, and rights review"
cand_000500,https://candidate500.example.com/nfl,candidate500.example.com,Candidate NFL source 500,Generated candidate for source graph scale testing,NFL depth chart feed 9,query_pack,rss,nfl_intelligence,NFL,MIA,,"['stats', 'media']",0.74,1,dg_249,unreviewed,"Score, dedupe, and rights review"
cand_000501,https://candidate501.example.com/nfl,candidate501.example.com,Candidate NFL source 501,Generated candidate for source graph scale testing,NFL depth chart licensed 0,query_pack,vendor,nfl_intelligence,NFL,MIN,,"['stats', 'media']",0.75,100,dg_0,unreviewed,"Score, dedupe, and rights review"
cand_000502,https://candidate502.example.com/nfl,candidate502.example.com,Candidate NFL source 502,Generated candidate for source graph scale testing,NFL depth chart licensed 1,query_pack,expert,nfl_intelligence,NFL,NE,,"['stats', 'media']",0.76,99,dg_1,unreviewed,"Score, dedupe, and rights review"
cand_000503,https://candidate503.example.com/nfl,candidate503.example.com,Candidate NFL source 503,Generated candidate for source graph scale testing,NFL depth chart licensed 2,query_pack,github,nfl_intelligence,NFL,NO,,"['stats', 'media']",0.77,98,dg_2,unreviewed,"Score, dedupe, and rights review"
cand_000504,https://candidate504.example.com/nfl,candidate504.example.com,Candidate NFL source 504,Generated candidate for source graph scale testing,NFL depth chart licensed 3,query_pack,academic,nfl_intelligence,NFL,NYG,,"['stats', 'media']",0.78,97,dg_3,unreviewed,"Score, dedupe, and rights review"
cand_000505,https://candidate505.example.com/nfl,candidate505.example.com,Candidate NFL source 505,Generated candidate for source graph scale testing,NFL depth chart licensed 4,query_pack,youtube,nfl_intelligence,NFL,NYJ,,"['stats', 'media']",0.79,96,dg_4,unreviewed,"Score, dedupe, and rights review"
cand_000506,https://candidate506.example.com/nfl,candidate506.example.com,Candidate NFL source 506,Generated candidate for source graph scale testing,NFL depth chart licensed 5,query_pack,reddit,nfl_intelligence,NFL,PHI,,"['stats', 'media']",0.8,95,dg_5,unreviewed,"Score, dedupe, and rights review"
cand_000507,https://candidate507.example.com/nfl,candidate507.example.com,Candidate NFL source 507,Generated candidate for source graph scale testing,NFL depth chart licensed 6,query_pack,podcast,nfl_intelligence,NFL,PIT,,"['stats', 'media']",0.81,94,dg_6,unreviewed,"Score, dedupe, and rights review"
cand_000508,https://candidate508.example.com/nfl,candidate508.example.com,Candidate NFL source 508,Generated candidate for source graph scale testing,NFL depth chart licensed 7,query_pack,rss,nfl_intelligence,NFL,SF,,"['stats', 'media']",0.82,93,dg_7,unreviewed,"Score, dedupe, and rights review"
cand_000509,https://candidate509.example.com/nfl,candidate509.example.com,Candidate NFL source 509,Generated candidate for source graph scale testing,NFL depth chart licensed 8,query_pack,vendor,nfl_intelligence,NFL,SEA,,"['stats', 'media']",0.83,92,dg_8,unreviewed,"Score, dedupe, and rights review"
cand_000510,https://candidate510.example.com/nfl,candidate510.example.com,Candidate NFL source 510,Generated candidate for source graph scale testing,NFL depth chart licensed 9,query_pack,expert,nfl_intelligence,NFL,TB,,"['stats', 'media']",0.84,91,dg_9,unreviewed,"Score, dedupe, and rights review"
cand_000511,https://candidate511.example.com/nfl,candidate511.example.com,Candidate NFL source 511,Generated candidate for source graph scale testing,NFL depth chart open 0,query_pack,github,nfl_intelligence,NFL,TEN,,"['stats', 'media']",0.85,90,dg_10,unreviewed,"Score, dedupe, and rights review"
cand_000512,https://candidate512.example.com/nfl,candidate512.example.com,Candidate NFL source 512,Generated candidate for source graph scale testing,NFL depth chart open 1,query_pack,academic,nfl_intelligence,NFL,WAS,,"['stats', 'media']",0.86,89,dg_11,unreviewed,"Score, dedupe, and rights review"
cand_000513,https://candidate513.example.com/nfl,candidate513.example.com,Candidate NFL source 513,Generated candidate for source graph scale testing,NFL depth chart open 2,query_pack,youtube,nfl_intelligence,NFL,ARI,,"['stats', 'media']",0.87,88,dg_12,unreviewed,"Score, dedupe, and rights review"
cand_000514,https://candidate514.example.com/nfl,candidate514.example.com,Candidate NFL source 514,Generated candidate for source graph scale testing,NFL depth chart open 3,query_pack,reddit,nfl_intelligence,NFL,ATL,,"['stats', 'media']",0.88,87,dg_13,unreviewed,"Score, dedupe, and rights review"
cand_000515,https://candidate515.example.com/nfl,candidate515.example.com,Candidate NFL source 515,Generated candidate for source graph scale testing,NFL depth chart open 4,query_pack,podcast,nfl_intelligence,NFL,BAL,,"['stats', 'media']",0.89,86,dg_14,unreviewed,"Score, dedupe, and rights review"
cand_000516,https://candidate516.example.com/nfl,candidate516.example.com,Candidate NFL source 516,Generated candidate for source graph scale testing,NFL depth chart open 5,query_pack,rss,nfl_intelligence,NFL,BUF,,"['stats', 'media']",0.9,85,dg_15,unreviewed,"Score, dedupe, and rights review"
cand_000517,https://candidate517.example.com/nfl,candidate517.example.com,Candidate NFL source 517,Generated candidate for source graph scale testing,NFL depth chart open 6,query_pack,vendor,nfl_intelligence,NFL,CAR,,"['stats', 'media']",0.91,84,dg_16,unreviewed,"Score, dedupe, and rights review"
cand_000518,https://candidate518.example.com/nfl,candidate518.example.com,Candidate NFL source 518,Generated candidate for source graph scale testing,NFL depth chart open 7,query_pack,expert,nfl_intelligence,NFL,CHI,,"['stats', 'media']",0.92,83,dg_17,unreviewed,"Score, dedupe, and rights review"
cand_000519,https://candidate519.example.com/nfl,candidate519.example.com,Candidate NFL source 519,Generated candidate for source graph scale testing,NFL depth chart open 8,query_pack,github,nfl_intelligence,NFL,CIN,,"['stats', 'media']",0.93,82,dg_18,unreviewed,"Score, dedupe, and rights review"
cand_000520,https://candidate520.example.com/nfl,candidate520.example.com,Candidate NFL source 520,Generated candidate for source graph scale testing,NFL depth chart open 9,query_pack,academic,nfl_intelligence,NFL,CLE,,"['stats', 'media']",0.94,81,dg_19,unreviewed,"Score, dedupe, and rights review"
cand_000521,https://candidate521.example.com/nfl,candidate521.example.com,Candidate NFL source 521,Generated candidate for source graph scale testing,NFL depth chart public 0,query_pack,youtube,nfl_intelligence,NFL,DAL,,"['stats', 'media']",0.55,80,dg_20,unreviewed,"Score, dedupe, and rights review"
cand_000522,https://candidate522.example.com/nfl,candidate522.example.com,Candidate NFL source 522,Generated candidate for source graph scale testing,NFL depth chart public 1,query_pack,reddit,nfl_intelligence,NFL,DEN,,"['stats', 'media']",0.56,79,dg_21,unreviewed,"Score, dedupe, and rights review"
cand_000523,https://candidate523.example.com/nfl,candidate523.example.com,Candidate NFL source 523,Generated candidate for source graph scale testing,NFL depth chart public 2,query_pack,podcast,nfl_intelligence,NFL,DET,,"['stats', 'media']",0.57,78,dg_22,unreviewed,"Score, dedupe, and rights review"
cand_000524,https://candidate524.example.com/nfl,candidate524.example.com,Candidate NFL source 524,Generated candidate for source graph scale testing,NFL depth chart public 3,query_pack,rss,nfl_intelligence,NFL,GB,,"['stats', 'media']",0.58,77,dg_23,unreviewed,"Score, dedupe, and rights review"
cand_000525,https://candidate525.example.com/nfl,candidate525.example.com,Candidate NFL source 525,Generated candidate for source graph scale testing,NFL depth chart public 4,query_pack,vendor,nfl_intelligence,NFL,HOU,,"['stats', 'media']",0.59,76,dg_24,unreviewed,"Score, dedupe, and rights review"
cand_000526,https://candidate526.example.com/nfl,candidate526.example.com,Candidate NFL source 526,Generated candidate for source graph scale testing,NFL depth chart public 5,query_pack,expert,nfl_intelligence,NFL,IND,,"['stats', 'media']",0.6,75,dg_25,unreviewed,"Score, dedupe, and rights review"
cand_000527,https://candidate527.example.com/nfl,candidate527.example.com,Candidate NFL source 527,Generated candidate for source graph scale testing,NFL depth chart public 6,query_pack,github,nfl_intelligence,NFL,JAX,,"['stats', 'media']",0.61,74,dg_26,unreviewed,"Score, dedupe, and rights review"
cand_000528,https://candidate528.example.com/nfl,candidate528.example.com,Candidate NFL source 528,Generated candidate for source graph scale testing,NFL depth chart public 7,query_pack,academic,nfl_intelligence,NFL,KC,,"['stats', 'media']",0.62,73,dg_27,unreviewed,"Score, dedupe, and rights review"
cand_000529,https://candidate529.example.com/nfl,candidate529.example.com,Candidate NFL source 529,Generated candidate for source graph scale testing,NFL depth chart public 8,query_pack,youtube,nfl_intelligence,NFL,LV,,"['stats', 'media']",0.63,72,dg_28,unreviewed,"Score, dedupe, and rights review"
cand_000530,https://candidate530.example.com/nfl,candidate530.example.com,Candidate NFL source 530,Generated candidate for source graph scale testing,NFL depth chart public 9,query_pack,reddit,nfl_intelligence,NFL,LAC,,"['stats', 'media']",0.64,71,dg_29,unreviewed,"Score, dedupe, and rights review"
cand_000531,https://candidate531.example.com/nfl,candidate531.example.com,Candidate NFL source 531,Generated candidate for source graph scale testing,NFL depth chart vendor 0,query_pack,podcast,nfl_intelligence,NFL,LAR,,"['stats', 'media']",0.65,70,dg_30,unreviewed,"Score, dedupe, and rights review"
cand_000532,https://candidate532.example.com/nfl,candidate532.example.com,Candidate NFL source 532,Generated candidate for source graph scale testing,NFL depth chart vendor 1,query_pack,rss,nfl_intelligence,NFL,MIA,,"['stats', 'media']",0.66,69,dg_31,unreviewed,"Score, dedupe, and rights review"
cand_000533,https://candidate533.example.com/nfl,candidate533.example.com,Candidate NFL source 533,Generated candidate for source graph scale testing,NFL depth chart vendor 2,query_pack,vendor,nfl_intelligence,NFL,MIN,,"['stats', 'media']",0.67,68,dg_32,unreviewed,"Score, dedupe, and rights review"
cand_000534,https://candidate534.example.com/nfl,candidate534.example.com,Candidate NFL source 534,Generated candidate for source graph scale testing,NFL depth chart vendor 3,query_pack,expert,nfl_intelligence,NFL,NE,,"['stats', 'media']",0.68,67,dg_33,unreviewed,"Score, dedupe, and rights review"
cand_000535,https://candidate535.example.com/nfl,candidate535.example.com,Candidate NFL source 535,Generated candidate for source graph scale testing,NFL depth chart vendor 4,query_pack,github,nfl_intelligence,NFL,NO,,"['stats', 'media']",0.69,66,dg_34,unreviewed,"Score, dedupe, and rights review"
cand_000536,https://candidate536.example.com/nfl,candidate536.example.com,Candidate NFL source 536,Generated candidate for source graph scale testing,NFL depth chart vendor 5,query_pack,academic,nfl_intelligence,NFL,NYG,,"['stats', 'media']",0.7,65,dg_35,unreviewed,"Score, dedupe, and rights review"
cand_000537,https://candidate537.example.com/nfl,candidate537.example.com,Candidate NFL source 537,Generated candidate for source graph scale testing,NFL depth chart vendor 6,query_pack,youtube,nfl_intelligence,NFL,NYJ,,"['stats', 'media']",0.71,64,dg_36,unreviewed,"Score, dedupe, and rights review"
cand_000538,https://candidate538.example.com/nfl,candidate538.example.com,Candidate NFL source 538,Generated candidate for source graph scale testing,NFL depth chart vendor 7,query_pack,reddit,nfl_intelligence,NFL,PHI,,"['stats', 'media']",0.72,63,dg_37,unreviewed,"Score, dedupe, and rights review"
cand_000539,https://candidate539.example.com/nfl,candidate539.example.com,Candidate NFL source 539,Generated candidate for source graph scale testing,NFL depth chart vendor 8,query_pack,podcast,nfl_intelligence,NFL,PIT,,"['stats', 'media']",0.73,62,dg_38,unreviewed,"Score, dedupe, and rights review"
cand_000540,https://candidate540.example.com/nfl,candidate540.example.com,Candidate NFL source 540,Generated candidate for source graph scale testing,NFL depth chart vendor 9,query_pack,rss,nfl_intelligence,NFL,SF,,"['stats', 'media']",0.74,61,dg_39,unreviewed,"Score, dedupe, and rights review"
cand_000541,https://candidate541.example.com/nfl,candidate541.example.com,Candidate NFL source 541,Generated candidate for source graph scale testing,NFL depth chart partner 0,query_pack,vendor,nfl_intelligence,NFL,SEA,,"['stats', 'media']",0.75,60,dg_40,unreviewed,"Score, dedupe, and rights review"
cand_000542,https://candidate542.example.com/nfl,candidate542.example.com,Candidate NFL source 542,Generated candidate for source graph scale testing,NFL depth chart partner 1,query_pack,expert,nfl_intelligence,NFL,TB,,"['stats', 'media']",0.76,59,dg_41,unreviewed,"Score, dedupe, and rights review"
cand_000543,https://candidate543.example.com/nfl,candidate543.example.com,Candidate NFL source 543,Generated candidate for source graph scale testing,NFL depth chart partner 2,query_pack,github,nfl_intelligence,NFL,TEN,,"['stats', 'media']",0.77,58,dg_42,unreviewed,"Score, dedupe, and rights review"
cand_000544,https://candidate544.example.com/nfl,candidate544.example.com,Candidate NFL source 544,Generated candidate for source graph scale testing,NFL depth chart partner 3,query_pack,academic,nfl_intelligence,NFL,WAS,,"['stats', 'media']",0.78,57,dg_43,unreviewed,"Score, dedupe, and rights review"
cand_000545,https://candidate545.example.com/nfl,candidate545.example.com,Candidate NFL source 545,Generated candidate for source graph scale testing,NFL depth chart partner 4,query_pack,youtube,nfl_intelligence,NFL,ARI,,"['stats', 'media']",0.79,56,dg_44,unreviewed,"Score, dedupe, and rights review"
cand_000546,https://candidate546.example.com/nfl,candidate546.example.com,Candidate NFL source 546,Generated candidate for source graph scale testing,NFL depth chart partner 5,query_pack,reddit,nfl_intelligence,NFL,ATL,,"['stats', 'media']",0.8,55,dg_45,unreviewed,"Score, dedupe, and rights review"
cand_000547,https://candidate547.example.com/nfl,candidate547.example.com,Candidate NFL source 547,Generated candidate for source graph scale testing,NFL depth chart partner 6,query_pack,podcast,nfl_intelligence,NFL,BAL,,"['stats', 'media']",0.81,54,dg_46,unreviewed,"Score, dedupe, and rights review"
cand_000548,https://candidate548.example.com/nfl,candidate548.example.com,Candidate NFL source 548,Generated candidate for source graph scale testing,NFL depth chart partner 7,query_pack,rss,nfl_intelligence,NFL,BUF,,"['stats', 'media']",0.82,53,dg_47,unreviewed,"Score, dedupe, and rights review"
cand_000549,https://candidate549.example.com/nfl,candidate549.example.com,Candidate NFL source 549,Generated candidate for source graph scale testing,NFL depth chart partner 8,query_pack,vendor,nfl_intelligence,NFL,CAR,,"['stats', 'media']",0.83,52,dg_48,unreviewed,"Score, dedupe, and rights review"
cand_000550,https://candidate550.example.com/nfl,candidate550.example.com,Candidate NFL source 550,Generated candidate for source graph scale testing,NFL depth chart partner 9,query_pack,expert,nfl_intelligence,NFL,CHI,,"['stats', 'media']",0.84,51,dg_49,unreviewed,"Score, dedupe, and rights review"
cand_000551,https://candidate551.example.com/nfl,candidate551.example.com,Candidate NFL source 551,Generated candidate for source graph scale testing,NFL draft scouting API 0,query_pack,github,nfl_intelligence,NFL,CIN,,"['stats', 'media']",0.85,50,dg_50,unreviewed,"Score, dedupe, and rights review"
cand_000552,https://candidate552.example.com/nfl,candidate552.example.com,Candidate NFL source 552,Generated candidate for source graph scale testing,NFL draft scouting API 1,query_pack,academic,nfl_intelligence,NFL,CLE,,"['stats', 'media']",0.86,49,dg_51,unreviewed,"Score, dedupe, and rights review"
cand_000553,https://candidate553.example.com/nfl,candidate553.example.com,Candidate NFL source 553,Generated candidate for source graph scale testing,NFL draft scouting API 2,query_pack,youtube,nfl_intelligence,NFL,DAL,,"['stats', 'media']",0.87,48,dg_52,unreviewed,"Score, dedupe, and rights review"
cand_000554,https://candidate554.example.com/nfl,candidate554.example.com,Candidate NFL source 554,Generated candidate for source graph scale testing,NFL draft scouting API 3,query_pack,reddit,nfl_intelligence,NFL,DEN,,"['stats', 'media']",0.88,47,dg_53,unreviewed,"Score, dedupe, and rights review"
cand_000555,https://candidate555.example.com/nfl,candidate555.example.com,Candidate NFL source 555,Generated candidate for source graph scale testing,NFL draft scouting API 4,query_pack,podcast,nfl_intelligence,NFL,DET,,"['stats', 'media']",0.89,46,dg_54,unreviewed,"Score, dedupe, and rights review"
cand_000556,https://candidate556.example.com/nfl,candidate556.example.com,Candidate NFL source 556,Generated candidate for source graph scale testing,NFL draft scouting API 5,query_pack,rss,nfl_intelligence,NFL,GB,,"['stats', 'media']",0.9,45,dg_55,unreviewed,"Score, dedupe, and rights review"
cand_000557,https://candidate557.example.com/nfl,candidate557.example.com,Candidate NFL source 557,Generated candidate for source graph scale testing,NFL draft scouting API 6,query_pack,vendor,nfl_intelligence,NFL,HOU,,"['stats', 'media']",0.91,44,dg_56,unreviewed,"Score, dedupe, and rights review"
cand_000558,https://candidate558.example.com/nfl,candidate558.example.com,Candidate NFL source 558,Generated candidate for source graph scale testing,NFL draft scouting API 7,query_pack,expert,nfl_intelligence,NFL,IND,,"['stats', 'media']",0.92,43,dg_57,unreviewed,"Score, dedupe, and rights review"
cand_000559,https://candidate559.example.com/nfl,candidate559.example.com,Candidate NFL source 559,Generated candidate for source graph scale testing,NFL draft scouting API 8,query_pack,github,nfl_intelligence,NFL,JAX,,"['stats', 'media']",0.93,42,dg_58,unreviewed,"Score, dedupe, and rights review"
cand_000560,https://candidate560.example.com/nfl,candidate560.example.com,Candidate NFL source 560,Generated candidate for source graph scale testing,NFL draft scouting API 9,query_pack,academic,nfl_intelligence,NFL,KC,,"['stats', 'media']",0.94,41,dg_59,unreviewed,"Score, dedupe, and rights review"
cand_000561,https://candidate561.example.com/nfl,candidate561.example.com,Candidate NFL source 561,Generated candidate for source graph scale testing,NFL draft scouting CSV 0,query_pack,youtube,nfl_intelligence,NFL,LV,,"['stats', 'media']",0.55,40,dg_60,unreviewed,"Score, dedupe, and rights review"
cand_000562,https://candidate562.example.com/nfl,candidate562.example.com,Candidate NFL source 562,Generated candidate for source graph scale testing,NFL draft scouting CSV 1,query_pack,reddit,nfl_intelligence,NFL,LAC,,"['stats', 'media']",0.56,39,dg_61,unreviewed,"Score, dedupe, and rights review"
cand_000563,https://candidate563.example.com/nfl,candidate563.example.com,Candidate NFL source 563,Generated candidate for source graph scale testing,NFL draft scouting CSV 2,query_pack,podcast,nfl_intelligence,NFL,LAR,,"['stats', 'media']",0.57,38,dg_62,unreviewed,"Score, dedupe, and rights review"
cand_000564,https://candidate564.example.com/nfl,candidate564.example.com,Candidate NFL source 564,Generated candidate for source graph scale testing,NFL draft scouting CSV 3,query_pack,rss,nfl_intelligence,NFL,MIA,,"['stats', 'media']",0.58,37,dg_63,unreviewed,"Score, dedupe, and rights review"
cand_000565,https://candidate565.example.com/nfl,candidate565.example.com,Candidate NFL source 565,Generated candidate for source graph scale testing,NFL draft scouting CSV 4,query_pack,vendor,nfl_intelligence,NFL,MIN,,"['stats', 'media']",0.59,36,dg_64,unreviewed,"Score, dedupe, and rights review"
cand_000566,https://candidate566.example.com/nfl,candidate566.example.com,Candidate NFL source 566,Generated candidate for source graph scale testing,NFL draft scouting CSV 5,query_pack,expert,nfl_intelligence,NFL,NE,,"['stats', 'media']",0.6,35,dg_65,unreviewed,"Score, dedupe, and rights review"
cand_000567,https://candidate567.example.com/nfl,candidate567.example.com,Candidate NFL source 567,Generated candidate for source graph scale testing,NFL draft scouting CSV 6,query_pack,github,nfl_intelligence,NFL,NO,,"['stats', 'media']",0.61,34,dg_66,unreviewed,"Score, dedupe, and rights review"
cand_000568,https://candidate568.example.com/nfl,candidate568.example.com,Candidate NFL source 568,Generated candidate for source graph scale testing,NFL draft scouting CSV 7,query_pack,academic,nfl_intelligence,NFL,NYG,,"['stats', 'media']",0.62,33,dg_67,unreviewed,"Score, dedupe, and rights review"
cand_000569,https://candidate569.example.com/nfl,candidate569.example.com,Candidate NFL source 569,Generated candidate for source graph scale testing,NFL draft scouting CSV 8,query_pack,youtube,nfl_intelligence,NFL,NYJ,,"['stats', 'media']",0.63,32,dg_68,unreviewed,"Score, dedupe, and rights review"
cand_000570,https://candidate570.example.com/nfl,candidate570.example.com,Candidate NFL source 570,Generated candidate for source graph scale testing,NFL draft scouting CSV 9,query_pack,reddit,nfl_intelligence,NFL,PHI,,"['stats', 'media']",0.64,31,dg_69,unreviewed,"Score, dedupe, and rights review"
cand_000571,https://candidate571.example.com/nfl,candidate571.example.com,Candidate NFL source 571,Generated candidate for source graph scale testing,NFL draft scouting RSS 0,query_pack,podcast,nfl_intelligence,NFL,PIT,,"['stats', 'media']",0.65,30,dg_70,unreviewed,"Score, dedupe, and rights review"
cand_000572,https://candidate572.example.com/nfl,candidate572.example.com,Candidate NFL source 572,Generated candidate for source graph scale testing,NFL draft scouting RSS 1,query_pack,rss,nfl_intelligence,NFL,SF,,"['stats', 'media']",0.66,29,dg_71,unreviewed,"Score, dedupe, and rights review"
cand_000573,https://candidate573.example.com/nfl,candidate573.example.com,Candidate NFL source 573,Generated candidate for source graph scale testing,NFL draft scouting RSS 2,query_pack,vendor,nfl_intelligence,NFL,SEA,,"['stats', 'media']",0.67,28,dg_72,unreviewed,"Score, dedupe, and rights review"
cand_000574,https://candidate574.example.com/nfl,candidate574.example.com,Candidate NFL source 574,Generated candidate for source graph scale testing,NFL draft scouting RSS 3,query_pack,expert,nfl_intelligence,NFL,TB,,"['stats', 'media']",0.68,27,dg_73,unreviewed,"Score, dedupe, and rights review"
cand_000575,https://candidate575.example.com/nfl,candidate575.example.com,Candidate NFL source 575,Generated candidate for source graph scale testing,NFL draft scouting RSS 4,query_pack,github,nfl_intelligence,NFL,TEN,,"['stats', 'media']",0.69,26,dg_74,unreviewed,"Score, dedupe, and rights review"
cand_000576,https://candidate576.example.com/nfl,candidate576.example.com,Candidate NFL source 576,Generated candidate for source graph scale testing,NFL draft scouting RSS 5,query_pack,academic,nfl_intelligence,NFL,WAS,,"['stats', 'media']",0.7,25,dg_75,unreviewed,"Score, dedupe, and rights review"
cand_000577,https://candidate577.example.com/nfl,candidate577.example.com,Candidate NFL source 577,Generated candidate for source graph scale testing,NFL draft scouting RSS 6,query_pack,youtube,nfl_intelligence,NFL,ARI,,"['stats', 'media']",0.71,24,dg_76,unreviewed,"Score, dedupe, and rights review"
cand_000578,https://candidate578.example.com/nfl,candidate578.example.com,Candidate NFL source 578,Generated candidate for source graph scale testing,NFL draft scouting RSS 7,query_pack,reddit,nfl_intelligence,NFL,ATL,,"['stats', 'media']",0.72,23,dg_77,unreviewed,"Score, dedupe, and rights review"
cand_000579,https://candidate579.example.com/nfl,candidate579.example.com,Candidate NFL source 579,Generated candidate for source graph scale testing,NFL draft scouting RSS 8,query_pack,podcast,nfl_intelligence,NFL,BAL,,"['stats', 'media']",0.73,22,dg_78,unreviewed,"Score, dedupe, and rights review"
cand_000580,https://candidate580.example.com/nfl,candidate580.example.com,Candidate NFL source 580,Generated candidate for source graph scale testing,NFL draft scouting RSS 9,query_pack,rss,nfl_intelligence,NFL,BUF,,"['stats', 'media']",0.74,21,dg_79,unreviewed,"Score, dedupe, and rights review"
cand_000581,https://candidate581.example.com/nfl,candidate581.example.com,Candidate NFL source 581,Generated candidate for source graph scale testing,NFL draft scouting database 0,query_pack,vendor,nfl_intelligence,NFL,CAR,,"['stats', 'media']",0.75,20,dg_80,unreviewed,"Score, dedupe, and rights review"
cand_000582,https://candidate582.example.com/nfl,candidate582.example.com,Candidate NFL source 582,Generated candidate for source graph scale testing,NFL draft scouting database 1,query_pack,expert,nfl_intelligence,NFL,CHI,,"['stats', 'media']",0.76,19,dg_81,unreviewed,"Score, dedupe, and rights review"
cand_000583,https://candidate583.example.com/nfl,candidate583.example.com,Candidate NFL source 583,Generated candidate for source graph scale testing,NFL draft scouting database 2,query_pack,github,nfl_intelligence,NFL,CIN,,"['stats', 'media']",0.77,18,dg_82,unreviewed,"Score, dedupe, and rights review"
cand_000584,https://candidate584.example.com/nfl,candidate584.example.com,Candidate NFL source 584,Generated candidate for source graph scale testing,NFL draft scouting database 3,query_pack,academic,nfl_intelligence,NFL,CLE,,"['stats', 'media']",0.78,17,dg_83,unreviewed,"Score, dedupe, and rights review"
cand_000585,https://candidate585.example.com/nfl,candidate585.example.com,Candidate NFL source 585,Generated candidate for source graph scale testing,NFL draft scouting database 4,query_pack,youtube,nfl_intelligence,NFL,DAL,,"['stats', 'media']",0.79,16,dg_84,unreviewed,"Score, dedupe, and rights review"
cand_000586,https://candidate586.example.com/nfl,candidate586.example.com,Candidate NFL source 586,Generated candidate for source graph scale testing,NFL draft scouting database 5,query_pack,reddit,nfl_intelligence,NFL,DEN,,"['stats', 'media']",0.8,15,dg_85,unreviewed,"Score, dedupe, and rights review"
cand_000587,https://candidate587.example.com/nfl,candidate587.example.com,Candidate NFL source 587,Generated candidate for source graph scale testing,NFL draft scouting database 6,query_pack,podcast,nfl_intelligence,NFL,DET,,"['stats', 'media']",0.81,14,dg_86,unreviewed,"Score, dedupe, and rights review"
cand_000588,https://candidate588.example.com/nfl,candidate588.example.com,Candidate NFL source 588,Generated candidate for source graph scale testing,NFL draft scouting database 7,query_pack,rss,nfl_intelligence,NFL,GB,,"['stats', 'media']",0.82,13,dg_87,unreviewed,"Score, dedupe, and rights review"
cand_000589,https://candidate589.example.com/nfl,candidate589.example.com,Candidate NFL source 589,Generated candidate for source graph scale testing,NFL draft scouting database 8,query_pack,vendor,nfl_intelligence,NFL,HOU,,"['stats', 'media']",0.83,12,dg_88,unreviewed,"Score, dedupe, and rights review"
cand_000590,https://candidate590.example.com/nfl,candidate590.example.com,Candidate NFL source 590,Generated candidate for source graph scale testing,NFL draft scouting database 9,query_pack,expert,nfl_intelligence,NFL,IND,,"['stats', 'media']",0.84,11,dg_89,unreviewed,"Score, dedupe, and rights review"
cand_000591,https://candidate591.example.com/nfl,candidate591.example.com,Candidate NFL source 591,Generated candidate for source graph scale testing,NFL draft scouting download 0,query_pack,github,nfl_intelligence,NFL,JAX,,"['stats', 'media']",0.85,10,dg_90,unreviewed,"Score, dedupe, and rights review"
cand_000592,https://candidate592.example.com/nfl,candidate592.example.com,Candidate NFL source 592,Generated candidate for source graph scale testing,NFL draft scouting download 1,query_pack,academic,nfl_intelligence,NFL,KC,,"['stats', 'media']",0.86,9,dg_91,unreviewed,"Score, dedupe, and rights review"
cand_000593,https://candidate593.example.com/nfl,candidate593.example.com,Candidate NFL source 593,Generated candidate for source graph scale testing,NFL draft scouting download 2,query_pack,youtube,nfl_intelligence,NFL,LV,,"['stats', 'media']",0.87,8,dg_92,unreviewed,"Score, dedupe, and rights review"
cand_000594,https://candidate594.example.com/nfl,candidate594.example.com,Candidate NFL source 594,Generated candidate for source graph scale testing,NFL draft scouting download 3,query_pack,reddit,nfl_intelligence,NFL,LAC,,"['stats', 'media']",0.88,7,dg_93,unreviewed,"Score, dedupe, and rights review"
cand_000595,https://candidate595.example.com/nfl,candidate595.example.com,Candidate NFL source 595,Generated candidate for source graph scale testing,NFL draft scouting download 4,query_pack,podcast,nfl_intelligence,NFL,LAR,,"['stats', 'media']",0.89,6,dg_94,unreviewed,"Score, dedupe, and rights review"
cand_000596,https://candidate596.example.com/nfl,candidate596.example.com,Candidate NFL source 596,Generated candidate for source graph scale testing,NFL draft scouting download 5,query_pack,rss,nfl_intelligence,NFL,MIA,,"['stats', 'media']",0.9,5,dg_95,unreviewed,"Score, dedupe, and rights review"
cand_000597,https://candidate597.example.com/nfl,candidate597.example.com,Candidate NFL source 597,Generated candidate for source graph scale testing,NFL draft scouting download 6,query_pack,vendor,nfl_intelligence,NFL,MIN,,"['stats', 'media']",0.91,4,dg_96,unreviewed,"Score, dedupe, and rights review"
cand_000598,https://candidate598.example.com/nfl,candidate598.example.com,Candidate NFL source 598,Generated candidate for source graph scale testing,NFL draft scouting download 7,query_pack,expert,nfl_intelligence,NFL,NE,,"['stats', 'media']",0.92,3,dg_97,unreviewed,"Score, dedupe, and rights review"
cand_000599,https://candidate599.example.com/nfl,candidate599.example.com,Candidate NFL source 599,Generated candidate for source graph scale testing,NFL draft scouting download 8,query_pack,github,nfl_intelligence,NFL,NO,,"['stats', 'media']",0.93,2,dg_98,unreviewed,"Score, dedupe, and rights review"
cand_000600,https://candidate600.example.com/nfl,candidate600.example.com,Candidate NFL source 600,Generated candidate for source graph scale testing,NFL draft scouting download 9,query_pack,academic,nfl_intelligence,NFL,NYG,,"['stats', 'media']",0.94,1,dg_99,unreviewed,"Score, dedupe, and rights review"
cand_000601,https://candidate601.example.com/nfl,candidate601.example.com,Candidate NFL source 601,Generated candidate for source graph scale testing,NFL draft scouting feed 0,query_pack,youtube,nfl_intelligence,NFL,NYJ,,"['stats', 'media']",0.55,100,dg_100,unreviewed,"Score, dedupe, and rights review"
cand_000602,https://candidate602.example.com/nfl,candidate602.example.com,Candidate NFL source 602,Generated candidate for source graph scale testing,NFL draft scouting feed 1,query_pack,reddit,nfl_intelligence,NFL,PHI,,"['stats', 'media']",0.56,99,dg_101,unreviewed,"Score, dedupe, and rights review"
cand_000603,https://candidate603.example.com/nfl,candidate603.example.com,Candidate NFL source 603,Generated candidate for source graph scale testing,NFL draft scouting feed 2,query_pack,podcast,nfl_intelligence,NFL,PIT,,"['stats', 'media']",0.57,98,dg_102,unreviewed,"Score, dedupe, and rights review"
cand_000604,https://candidate604.example.com/nfl,candidate604.example.com,Candidate NFL source 604,Generated candidate for source graph scale testing,NFL draft scouting feed 3,query_pack,rss,nfl_intelligence,NFL,SF,,"['stats', 'media']",0.58,97,dg_103,unreviewed,"Score, dedupe, and rights review"
cand_000605,https://candidate605.example.com/nfl,candidate605.example.com,Candidate NFL source 605,Generated candidate for source graph scale testing,NFL draft scouting feed 4,query_pack,vendor,nfl_intelligence,NFL,SEA,,"['stats', 'media']",0.59,96,dg_104,unreviewed,"Score, dedupe, and rights review"
cand_000606,https://candidate606.example.com/nfl,candidate606.example.com,Candidate NFL source 606,Generated candidate for source graph scale testing,NFL draft scouting feed 5,query_pack,expert,nfl_intelligence,NFL,TB,,"['stats', 'media']",0.6,95,dg_105,unreviewed,"Score, dedupe, and rights review"
cand_000607,https://candidate607.example.com/nfl,candidate607.example.com,Candidate NFL source 607,Generated candidate for source graph scale testing,NFL draft scouting feed 6,query_pack,github,nfl_intelligence,NFL,TEN,,"['stats', 'media']",0.61,94,dg_106,unreviewed,"Score, dedupe, and rights review"
cand_000608,https://candidate608.example.com/nfl,candidate608.example.com,Candidate NFL source 608,Generated candidate for source graph scale testing,NFL draft scouting feed 7,query_pack,academic,nfl_intelligence,NFL,WAS,,"['stats', 'media']",0.62,93,dg_107,unreviewed,"Score, dedupe, and rights review"
cand_000609,https://candidate609.example.com/nfl,candidate609.example.com,Candidate NFL source 609,Generated candidate for source graph scale testing,NFL draft scouting feed 8,query_pack,youtube,nfl_intelligence,NFL,ARI,,"['stats', 'media']",0.63,92,dg_108,unreviewed,"Score, dedupe, and rights review"
cand_000610,https://candidate610.example.com/nfl,candidate610.example.com,Candidate NFL source 610,Generated candidate for source graph scale testing,NFL draft scouting feed 9,query_pack,reddit,nfl_intelligence,NFL,ATL,,"['stats', 'media']",0.64,91,dg_109,unreviewed,"Score, dedupe, and rights review"
cand_000611,https://candidate611.example.com/nfl,candidate611.example.com,Candidate NFL source 611,Generated candidate for source graph scale testing,NFL draft scouting licensed 0,query_pack,podcast,nfl_intelligence,NFL,BAL,,"['stats', 'media']",0.65,90,dg_110,unreviewed,"Score, dedupe, and rights review"
cand_000612,https://candidate612.example.com/nfl,candidate612.example.com,Candidate NFL source 612,Generated candidate for source graph scale testing,NFL draft scouting licensed 1,query_pack,rss,nfl_intelligence,NFL,BUF,,"['stats', 'media']",0.66,89,dg_111,unreviewed,"Score, dedupe, and rights review"
cand_000613,https://candidate613.example.com/nfl,candidate613.example.com,Candidate NFL source 613,Generated candidate for source graph scale testing,NFL draft scouting licensed 2,query_pack,vendor,nfl_intelligence,NFL,CAR,,"['stats', 'media']",0.67,88,dg_112,unreviewed,"Score, dedupe, and rights review"
cand_000614,https://candidate614.example.com/nfl,candidate614.example.com,Candidate NFL source 614,Generated candidate for source graph scale testing,NFL draft scouting licensed 3,query_pack,expert,nfl_intelligence,NFL,CHI,,"['stats', 'media']",0.68,87,dg_113,unreviewed,"Score, dedupe, and rights review"
cand_000615,https://candidate615.example.com/nfl,candidate615.example.com,Candidate NFL source 615,Generated candidate for source graph scale testing,NFL draft scouting licensed 4,query_pack,github,nfl_intelligence,NFL,CIN,,"['stats', 'media']",0.69,86,dg_114,unreviewed,"Score, dedupe, and rights review"
cand_000616,https://candidate616.example.com/nfl,candidate616.example.com,Candidate NFL source 616,Generated candidate for source graph scale testing,NFL draft scouting licensed 5,query_pack,academic,nfl_intelligence,NFL,CLE,,"['stats', 'media']",0.7,85,dg_115,unreviewed,"Score, dedupe, and rights review"
cand_000617,https://candidate617.example.com/nfl,candidate617.example.com,Candidate NFL source 617,Generated candidate for source graph scale testing,NFL draft scouting licensed 6,query_pack,youtube,nfl_intelligence,NFL,DAL,,"['stats', 'media']",0.71,84,dg_116,unreviewed,"Score, dedupe, and rights review"
cand_000618,https://candidate618.example.com/nfl,candidate618.example.com,Candidate NFL source 618,Generated candidate for source graph scale testing,NFL draft scouting licensed 7,query_pack,reddit,nfl_intelligence,NFL,DEN,,"['stats', 'media']",0.72,83,dg_117,unreviewed,"Score, dedupe, and rights review"
cand_000619,https://candidate619.example.com/nfl,candidate619.example.com,Candidate NFL source 619,Generated candidate for source graph scale testing,NFL draft scouting licensed 8,query_pack,podcast,nfl_intelligence,NFL,DET,,"['stats', 'media']",0.73,82,dg_118,unreviewed,"Score, dedupe, and rights review"
cand_000620,https://candidate620.example.com/nfl,candidate620.example.com,Candidate NFL source 620,Generated candidate for source graph scale testing,NFL draft scouting licensed 9,query_pack,rss,nfl_intelligence,NFL,GB,,"['stats', 'media']",0.74,81,dg_119,unreviewed,"Score, dedupe, and rights review"
cand_000621,https://candidate621.example.com/nfl,candidate621.example.com,Candidate NFL source 621,Generated candidate for source graph scale testing,NFL draft scouting open 0,query_pack,vendor,nfl_intelligence,NFL,HOU,,"['stats', 'media']",0.75,80,dg_120,unreviewed,"Score, dedupe, and rights review"
cand_000622,https://candidate622.example.com/nfl,candidate622.example.com,Candidate NFL source 622,Generated candidate for source graph scale testing,NFL draft scouting open 1,query_pack,expert,nfl_intelligence,NFL,IND,,"['stats', 'media']",0.76,79,dg_121,unreviewed,"Score, dedupe, and rights review"
cand_000623,https://candidate623.example.com/nfl,candidate623.example.com,Candidate NFL source 623,Generated candidate for source graph scale testing,NFL draft scouting open 2,query_pack,github,nfl_intelligence,NFL,JAX,,"['stats', 'media']",0.77,78,dg_122,unreviewed,"Score, dedupe, and rights review"
cand_000624,https://candidate624.example.com/nfl,candidate624.example.com,Candidate NFL source 624,Generated candidate for source graph scale testing,NFL draft scouting open 3,query_pack,academic,nfl_intelligence,NFL,KC,,"['stats', 'media']",0.78,77,dg_123,unreviewed,"Score, dedupe, and rights review"
cand_000625,https://candidate625.example.com/nfl,candidate625.example.com,Candidate NFL source 625,Generated candidate for source graph scale testing,NFL draft scouting open 4,query_pack,youtube,nfl_intelligence,NFL,LV,,"['stats', 'media']",0.79,76,dg_124,unreviewed,"Score, dedupe, and rights review"
cand_000626,https://candidate626.example.com/nfl,candidate626.example.com,Candidate NFL source 626,Generated candidate for source graph scale testing,NFL draft scouting open 5,query_pack,reddit,nfl_intelligence,NFL,LAC,,"['stats', 'media']",0.8,75,dg_125,unreviewed,"Score, dedupe, and rights review"
cand_000627,https://candidate627.example.com/nfl,candidate627.example.com,Candidate NFL source 627,Generated candidate for source graph scale testing,NFL draft scouting open 6,query_pack,podcast,nfl_intelligence,NFL,LAR,,"['stats', 'media']",0.81,74,dg_126,unreviewed,"Score, dedupe, and rights review"
cand_000628,https://candidate628.example.com/nfl,candidate628.example.com,Candidate NFL source 628,Generated candidate for source graph scale testing,NFL draft scouting open 7,query_pack,rss,nfl_intelligence,NFL,MIA,,"['stats', 'media']",0.82,73,dg_127,unreviewed,"Score, dedupe, and rights review"
cand_000629,https://candidate629.example.com/nfl,candidate629.example.com,Candidate NFL source 629,Generated candidate for source graph scale testing,NFL draft scouting open 8,query_pack,vendor,nfl_intelligence,NFL,MIN,,"['stats', 'media']",0.83,72,dg_128,unreviewed,"Score, dedupe, and rights review"
cand_000630,https://candidate630.example.com/nfl,candidate630.example.com,Candidate NFL source 630,Generated candidate for source graph scale testing,NFL draft scouting open 9,query_pack,expert,nfl_intelligence,NFL,NE,,"['stats', 'media']",0.84,71,dg_129,unreviewed,"Score, dedupe, and rights review"
cand_000631,https://candidate631.example.com/nfl,candidate631.example.com,Candidate NFL source 631,Generated candidate for source graph scale testing,NFL draft scouting public 0,query_pack,github,nfl_intelligence,NFL,NO,,"['stats', 'media']",0.85,70,dg_130,unreviewed,"Score, dedupe, and rights review"
cand_000632,https://candidate632.example.com/nfl,candidate632.example.com,Candidate NFL source 632,Generated candidate for source graph scale testing,NFL draft scouting public 1,query_pack,academic,nfl_intelligence,NFL,NYG,,"['stats', 'media']",0.86,69,dg_131,unreviewed,"Score, dedupe, and rights review"
cand_000633,https://candidate633.example.com/nfl,candidate633.example.com,Candidate NFL source 633,Generated candidate for source graph scale testing,NFL draft scouting public 2,query_pack,youtube,nfl_intelligence,NFL,NYJ,,"['stats', 'media']",0.87,68,dg_132,unreviewed,"Score, dedupe, and rights review"
cand_000634,https://candidate634.example.com/nfl,candidate634.example.com,Candidate NFL source 634,Generated candidate for source graph scale testing,NFL draft scouting public 3,query_pack,reddit,nfl_intelligence,NFL,PHI,,"['stats', 'media']",0.88,67,dg_133,unreviewed,"Score, dedupe, and rights review"
cand_000635,https://candidate635.example.com/nfl,candidate635.example.com,Candidate NFL source 635,Generated candidate for source graph scale testing,NFL draft scouting public 4,query_pack,podcast,nfl_intelligence,NFL,PIT,,"['stats', 'media']",0.89,66,dg_134,unreviewed,"Score, dedupe, and rights review"
cand_000636,https://candidate636.example.com/nfl,candidate636.example.com,Candidate NFL source 636,Generated candidate for source graph scale testing,NFL draft scouting public 5,query_pack,rss,nfl_intelligence,NFL,SF,,"['stats', 'media']",0.9,65,dg_135,unreviewed,"Score, dedupe, and rights review"
cand_000637,https://candidate637.example.com/nfl,candidate637.example.com,Candidate NFL source 637,Generated candidate for source graph scale testing,NFL draft scouting public 6,query_pack,vendor,nfl_intelligence,NFL,SEA,,"['stats', 'media']",0.91,64,dg_136,unreviewed,"Score, dedupe, and rights review"
cand_000638,https://candidate638.example.com/nfl,candidate638.example.com,Candidate NFL source 638,Generated candidate for source graph scale testing,NFL draft scouting public 7,query_pack,expert,nfl_intelligence,NFL,TB,,"['stats', 'media']",0.92,63,dg_137,unreviewed,"Score, dedupe, and rights review"
cand_000639,https://candidate639.example.com/nfl,candidate639.example.com,Candidate NFL source 639,Generated candidate for source graph scale testing,NFL draft scouting public 8,query_pack,github,nfl_intelligence,NFL,TEN,,"['stats', 'media']",0.93,62,dg_138,unreviewed,"Score, dedupe, and rights review"
cand_000640,https://candidate640.example.com/nfl,candidate640.example.com,Candidate NFL source 640,Generated candidate for source graph scale testing,NFL draft scouting public 9,query_pack,academic,nfl_intelligence,NFL,WAS,,"['stats', 'media']",0.94,61,dg_139,unreviewed,"Score, dedupe, and rights review"
cand_000641,https://candidate641.example.com/nfl,candidate641.example.com,Candidate NFL source 641,Generated candidate for source graph scale testing,NFL draft scouting vendor 0,query_pack,youtube,nfl_intelligence,NFL,ARI,,"['stats', 'media']",0.55,60,dg_140,unreviewed,"Score, dedupe, and rights review"
cand_000642,https://candidate642.example.com/nfl,candidate642.example.com,Candidate NFL source 642,Generated candidate for source graph scale testing,NFL draft scouting vendor 1,query_pack,reddit,nfl_intelligence,NFL,ATL,,"['stats', 'media']",0.56,59,dg_141,unreviewed,"Score, dedupe, and rights review"
cand_000643,https://candidate643.example.com/nfl,candidate643.example.com,Candidate NFL source 643,Generated candidate for source graph scale testing,NFL draft scouting vendor 2,query_pack,podcast,nfl_intelligence,NFL,BAL,,"['stats', 'media']",0.57,58,dg_142,unreviewed,"Score, dedupe, and rights review"
cand_000644,https://candidate644.example.com/nfl,candidate644.example.com,Candidate NFL source 644,Generated candidate for source graph scale testing,NFL draft scouting vendor 3,query_pack,rss,nfl_intelligence,NFL,BUF,,"['stats', 'media']",0.58,57,dg_143,unreviewed,"Score, dedupe, and rights review"
cand_000645,https://candidate645.example.com/nfl,candidate645.example.com,Candidate NFL source 645,Generated candidate for source graph scale testing,NFL draft scouting vendor 4,query_pack,vendor,nfl_intelligence,NFL,CAR,,"['stats', 'media']",0.59,56,dg_144,unreviewed,"Score, dedupe, and rights review"
cand_000646,https://candidate646.example.com/nfl,candidate646.example.com,Candidate NFL source 646,Generated candidate for source graph scale testing,NFL draft scouting vendor 5,query_pack,expert,nfl_intelligence,NFL,CHI,,"['stats', 'media']",0.6,55,dg_145,unreviewed,"Score, dedupe, and rights review"
cand_000647,https://candidate647.example.com/nfl,candidate647.example.com,Candidate NFL source 647,Generated candidate for source graph scale testing,NFL draft scouting vendor 6,query_pack,github,nfl_intelligence,NFL,CIN,,"['stats', 'media']",0.61,54,dg_146,unreviewed,"Score, dedupe, and rights review"
cand_000648,https://candidate648.example.com/nfl,candidate648.example.com,Candidate NFL source 648,Generated candidate for source graph scale testing,NFL draft scouting vendor 7,query_pack,academic,nfl_intelligence,NFL,CLE,,"['stats', 'media']",0.62,53,dg_147,unreviewed,"Score, dedupe, and rights review"
cand_000649,https://candidate649.example.com/nfl,candidate649.example.com,Candidate NFL source 649,Generated candidate for source graph scale testing,NFL draft scouting vendor 8,query_pack,youtube,nfl_intelligence,NFL,DAL,,"['stats', 'media']",0.63,52,dg_148,unreviewed,"Score, dedupe, and rights review"
cand_000650,https://candidate650.example.com/nfl,candidate650.example.com,Candidate NFL source 650,Generated candidate for source graph scale testing,NFL draft scouting vendor 9,query_pack,reddit,nfl_intelligence,NFL,DEN,,"['stats', 'media']",0.64,51,dg_149,unreviewed,"Score, dedupe, and rights review"
cand_000651,https://candidate651.example.com/nfl,candidate651.example.com,Candidate NFL source 651,Generated candidate for source graph scale testing,NFL draft scouting partner 0,query_pack,podcast,nfl_intelligence,NFL,DET,,"['stats', 'media']",0.65,50,dg_150,unreviewed,"Score, dedupe, and rights review"
cand_000652,https://candidate652.example.com/nfl,candidate652.example.com,Candidate NFL source 652,Generated candidate for source graph scale testing,NFL draft scouting partner 1,query_pack,rss,nfl_intelligence,NFL,GB,,"['stats', 'media']",0.66,49,dg_151,unreviewed,"Score, dedupe, and rights review"
cand_000653,https://candidate653.example.com/nfl,candidate653.example.com,Candidate NFL source 653,Generated candidate for source graph scale testing,NFL draft scouting partner 2,query_pack,vendor,nfl_intelligence,NFL,HOU,,"['stats', 'media']",0.67,48,dg_152,unreviewed,"Score, dedupe, and rights review"
cand_000654,https://candidate654.example.com/nfl,candidate654.example.com,Candidate NFL source 654,Generated candidate for source graph scale testing,NFL draft scouting partner 3,query_pack,expert,nfl_intelligence,NFL,IND,,"['stats', 'media']",0.68,47,dg_153,unreviewed,"Score, dedupe, and rights review"
cand_000655,https://candidate655.example.com/nfl,candidate655.example.com,Candidate NFL source 655,Generated candidate for source graph scale testing,NFL draft scouting partner 4,query_pack,github,nfl_intelligence,NFL,JAX,,"['stats', 'media']",0.69,46,dg_154,unreviewed,"Score, dedupe, and rights review"
cand_000656,https://candidate656.example.com/nfl,candidate656.example.com,Candidate NFL source 656,Generated candidate for source graph scale testing,NFL draft scouting partner 5,query_pack,academic,nfl_intelligence,NFL,KC,,"['stats', 'media']",0.7,45,dg_155,unreviewed,"Score, dedupe, and rights review"
cand_000657,https://candidate657.example.com/nfl,candidate657.example.com,Candidate NFL source 657,Generated candidate for source graph scale testing,NFL draft scouting partner 6,query_pack,youtube,nfl_intelligence,NFL,LV,,"['stats', 'media']",0.71,44,dg_156,unreviewed,"Score, dedupe, and rights review"
cand_000658,https://candidate658.example.com/nfl,candidate658.example.com,Candidate NFL source 658,Generated candidate for source graph scale testing,NFL draft scouting partner 7,query_pack,reddit,nfl_intelligence,NFL,LAC,,"['stats', 'media']",0.72,43,dg_157,unreviewed,"Score, dedupe, and rights review"
cand_000659,https://candidate659.example.com/nfl,candidate659.example.com,Candidate NFL source 659,Generated candidate for source graph scale testing,NFL draft scouting partner 8,query_pack,podcast,nfl_intelligence,NFL,LAR,,"['stats', 'media']",0.73,42,dg_158,unreviewed,"Score, dedupe, and rights review"
cand_000660,https://candidate660.example.com/nfl,candidate660.example.com,Candidate NFL source 660,Generated candidate for source graph scale testing,NFL draft scouting partner 9,query_pack,rss,nfl_intelligence,NFL,MIA,,"['stats', 'media']",0.74,41,dg_159,unreviewed,"Score, dedupe, and rights review"
cand_000661,https://candidate661.example.com/nfl,candidate661.example.com,Candidate NFL source 661,Generated candidate for source graph scale testing,NFL analytics podcast API 0,query_pack,vendor,nfl_intelligence,NFL,MIN,,"['stats', 'media']",0.75,40,dg_160,unreviewed,"Score, dedupe, and rights review"
cand_000662,https://candidate662.example.com/nfl,candidate662.example.com,Candidate NFL source 662,Generated candidate for source graph scale testing,NFL analytics podcast API 1,query_pack,expert,nfl_intelligence,NFL,NE,,"['stats', 'media']",0.76,39,dg_161,unreviewed,"Score, dedupe, and rights review"
cand_000663,https://candidate663.example.com/nfl,candidate663.example.com,Candidate NFL source 663,Generated candidate for source graph scale testing,NFL analytics podcast API 2,query_pack,github,nfl_intelligence,NFL,NO,,"['stats', 'media']",0.77,38,dg_162,unreviewed,"Score, dedupe, and rights review"
cand_000664,https://candidate664.example.com/nfl,candidate664.example.com,Candidate NFL source 664,Generated candidate for source graph scale testing,NFL analytics podcast API 3,query_pack,academic,nfl_intelligence,NFL,NYG,,"['stats', 'media']",0.78,37,dg_163,unreviewed,"Score, dedupe, and rights review"
cand_000665,https://candidate665.example.com/nfl,candidate665.example.com,Candidate NFL source 665,Generated candidate for source graph scale testing,NFL analytics podcast API 4,query_pack,youtube,nfl_intelligence,NFL,NYJ,,"['stats', 'media']",0.79,36,dg_164,unreviewed,"Score, dedupe, and rights review"
cand_000666,https://candidate666.example.com/nfl,candidate666.example.com,Candidate NFL source 666,Generated candidate for source graph scale testing,NFL analytics podcast API 5,query_pack,reddit,nfl_intelligence,NFL,PHI,,"['stats', 'media']",0.8,35,dg_165,unreviewed,"Score, dedupe, and rights review"
cand_000667,https://candidate667.example.com/nfl,candidate667.example.com,Candidate NFL source 667,Generated candidate for source graph scale testing,NFL analytics podcast API 6,query_pack,podcast,nfl_intelligence,NFL,PIT,,"['stats', 'media']",0.81,34,dg_166,unreviewed,"Score, dedupe, and rights review"
cand_000668,https://candidate668.example.com/nfl,candidate668.example.com,Candidate NFL source 668,Generated candidate for source graph scale testing,NFL analytics podcast API 7,query_pack,rss,nfl_intelligence,NFL,SF,,"['stats', 'media']",0.82,33,dg_167,unreviewed,"Score, dedupe, and rights review"
cand_000669,https://candidate669.example.com/nfl,candidate669.example.com,Candidate NFL source 669,Generated candidate for source graph scale testing,NFL analytics podcast API 8,query_pack,vendor,nfl_intelligence,NFL,SEA,,"['stats', 'media']",0.83,32,dg_168,unreviewed,"Score, dedupe, and rights review"
cand_000670,https://candidate670.example.com/nfl,candidate670.example.com,Candidate NFL source 670,Generated candidate for source graph scale testing,NFL analytics podcast API 9,query_pack,expert,nfl_intelligence,NFL,TB,,"['stats', 'media']",0.84,31,dg_169,unreviewed,"Score, dedupe, and rights review"
cand_000671,https://candidate671.example.com/nfl,candidate671.example.com,Candidate NFL source 671,Generated candidate for source graph scale testing,NFL analytics podcast CSV 0,query_pack,github,nfl_intelligence,NFL,TEN,,"['stats', 'media']",0.85,30,dg_170,unreviewed,"Score, dedupe, and rights review"
cand_000672,https://candidate672.example.com/nfl,candidate672.example.com,Candidate NFL source 672,Generated candidate for source graph scale testing,NFL analytics podcast CSV 1,query_pack,academic,nfl_intelligence,NFL,WAS,,"['stats', 'media']",0.86,29,dg_171,unreviewed,"Score, dedupe, and rights review"
cand_000673,https://candidate673.example.com/nfl,candidate673.example.com,Candidate NFL source 673,Generated candidate for source graph scale testing,NFL analytics podcast CSV 2,query_pack,youtube,nfl_intelligence,NFL,ARI,,"['stats', 'media']",0.87,28,dg_172,unreviewed,"Score, dedupe, and rights review"
cand_000674,https://candidate674.example.com/nfl,candidate674.example.com,Candidate NFL source 674,Generated candidate for source graph scale testing,NFL analytics podcast CSV 3,query_pack,reddit,nfl_intelligence,NFL,ATL,,"['stats', 'media']",0.88,27,dg_173,unreviewed,"Score, dedupe, and rights review"
cand_000675,https://candidate675.example.com/nfl,candidate675.example.com,Candidate NFL source 675,Generated candidate for source graph scale testing,NFL analytics podcast CSV 4,query_pack,podcast,nfl_intelligence,NFL,BAL,,"['stats', 'media']",0.89,26,dg_174,unreviewed,"Score, dedupe, and rights review"
cand_000676,https://candidate676.example.com/nfl,candidate676.example.com,Candidate NFL source 676,Generated candidate for source graph scale testing,NFL analytics podcast CSV 5,query_pack,rss,nfl_intelligence,NFL,BUF,,"['stats', 'media']",0.9,25,dg_175,unreviewed,"Score, dedupe, and rights review"
cand_000677,https://candidate677.example.com/nfl,candidate677.example.com,Candidate NFL source 677,Generated candidate for source graph scale testing,NFL analytics podcast CSV 6,query_pack,vendor,nfl_intelligence,NFL,CAR,,"['stats', 'media']",0.91,24,dg_176,unreviewed,"Score, dedupe, and rights review"
cand_000678,https://candidate678.example.com/nfl,candidate678.example.com,Candidate NFL source 678,Generated candidate for source graph scale testing,NFL analytics podcast CSV 7,query_pack,expert,nfl_intelligence,NFL,CHI,,"['stats', 'media']",0.92,23,dg_177,unreviewed,"Score, dedupe, and rights review"
cand_000679,https://candidate679.example.com/nfl,candidate679.example.com,Candidate NFL source 679,Generated candidate for source graph scale testing,NFL analytics podcast CSV 8,query_pack,github,nfl_intelligence,NFL,CIN,,"['stats', 'media']",0.93,22,dg_178,unreviewed,"Score, dedupe, and rights review"
cand_000680,https://candidate680.example.com/nfl,candidate680.example.com,Candidate NFL source 680,Generated candidate for source graph scale testing,NFL analytics podcast CSV 9,query_pack,academic,nfl_intelligence,NFL,CLE,,"['stats', 'media']",0.94,21,dg_179,unreviewed,"Score, dedupe, and rights review"
cand_000681,https://candidate681.example.com/nfl,candidate681.example.com,Candidate NFL source 681,Generated candidate for source graph scale testing,NFL analytics podcast RSS 0,query_pack,youtube,nfl_intelligence,NFL,DAL,,"['stats', 'media']",0.55,20,dg_180,unreviewed,"Score, dedupe, and rights review"
cand_000682,https://candidate682.example.com/nfl,candidate682.example.com,Candidate NFL source 682,Generated candidate for source graph scale testing,NFL analytics podcast RSS 1,query_pack,reddit,nfl_intelligence,NFL,DEN,,"['stats', 'media']",0.56,19,dg_181,unreviewed,"Score, dedupe, and rights review"
cand_000683,https://candidate683.example.com/nfl,candidate683.example.com,Candidate NFL source 683,Generated candidate for source graph scale testing,NFL analytics podcast RSS 2,query_pack,podcast,nfl_intelligence,NFL,DET,,"['stats', 'media']",0.57,18,dg_182,unreviewed,"Score, dedupe, and rights review"
cand_000684,https://candidate684.example.com/nfl,candidate684.example.com,Candidate NFL source 684,Generated candidate for source graph scale testing,NFL analytics podcast RSS 3,query_pack,rss,nfl_intelligence,NFL,GB,,"['stats', 'media']",0.58,17,dg_183,unreviewed,"Score, dedupe, and rights review"
cand_000685,https://candidate685.example.com/nfl,candidate685.example.com,Candidate NFL source 685,Generated candidate for source graph scale testing,NFL analytics podcast RSS 4,query_pack,vendor,nfl_intelligence,NFL,HOU,,"['stats', 'media']",0.59,16,dg_184,unreviewed,"Score, dedupe, and rights review"
cand_000686,https://candidate686.example.com/nfl,candidate686.example.com,Candidate NFL source 686,Generated candidate for source graph scale testing,NFL analytics podcast RSS 5,query_pack,expert,nfl_intelligence,NFL,IND,,"['stats', 'media']",0.6,15,dg_185,unreviewed,"Score, dedupe, and rights review"
cand_000687,https://candidate687.example.com/nfl,candidate687.example.com,Candidate NFL source 687,Generated candidate for source graph scale testing,NFL analytics podcast RSS 6,query_pack,github,nfl_intelligence,NFL,JAX,,"['stats', 'media']",0.61,14,dg_186,unreviewed,"Score, dedupe, and rights review"
cand_000688,https://candidate688.example.com/nfl,candidate688.example.com,Candidate NFL source 688,Generated candidate for source graph scale testing,NFL analytics podcast RSS 7,query_pack,academic,nfl_intelligence,NFL,KC,,"['stats', 'media']",0.62,13,dg_187,unreviewed,"Score, dedupe, and rights review"
cand_000689,https://candidate689.example.com/nfl,candidate689.example.com,Candidate NFL source 689,Generated candidate for source graph scale testing,NFL analytics podcast RSS 8,query_pack,youtube,nfl_intelligence,NFL,LV,,"['stats', 'media']",0.63,12,dg_188,unreviewed,"Score, dedupe, and rights review"
cand_000690,https://candidate690.example.com/nfl,candidate690.example.com,Candidate NFL source 690,Generated candidate for source graph scale testing,NFL analytics podcast RSS 9,query_pack,reddit,nfl_intelligence,NFL,LAC,,"['stats', 'media']",0.64,11,dg_189,unreviewed,"Score, dedupe, and rights review"
cand_000691,https://candidate691.example.com/nfl,candidate691.example.com,Candidate NFL source 691,Generated candidate for source graph scale testing,NFL analytics podcast database 0,query_pack,podcast,nfl_intelligence,NFL,LAR,,"['stats', 'media']",0.65,10,dg_190,unreviewed,"Score, dedupe, and rights review"
cand_000692,https://candidate692.example.com/nfl,candidate692.example.com,Candidate NFL source 692,Generated candidate for source graph scale testing,NFL analytics podcast database 1,query_pack,rss,nfl_intelligence,NFL,MIA,,"['stats', 'media']",0.66,9,dg_191,unreviewed,"Score, dedupe, and rights review"
cand_000693,https://candidate693.example.com/nfl,candidate693.example.com,Candidate NFL source 693,Generated candidate for source graph scale testing,NFL analytics podcast database 2,query_pack,vendor,nfl_intelligence,NFL,MIN,,"['stats', 'media']",0.67,8,dg_192,unreviewed,"Score, dedupe, and rights review"
cand_000694,https://candidate694.example.com/nfl,candidate694.example.com,Candidate NFL source 694,Generated candidate for source graph scale testing,NFL analytics podcast database 3,query_pack,expert,nfl_intelligence,NFL,NE,,"['stats', 'media']",0.68,7,dg_193,unreviewed,"Score, dedupe, and rights review"
cand_000695,https://candidate695.example.com/nfl,candidate695.example.com,Candidate NFL source 695,Generated candidate for source graph scale testing,NFL analytics podcast database 4,query_pack,github,nfl_intelligence,NFL,NO,,"['stats', 'media']",0.69,6,dg_194,unreviewed,"Score, dedupe, and rights review"
cand_000696,https://candidate696.example.com/nfl,candidate696.example.com,Candidate NFL source 696,Generated candidate for source graph scale testing,NFL analytics podcast database 5,query_pack,academic,nfl_intelligence,NFL,NYG,,"['stats', 'media']",0.7,5,dg_195,unreviewed,"Score, dedupe, and rights review"
cand_000697,https://candidate697.example.com/nfl,candidate697.example.com,Candidate NFL source 697,Generated candidate for source graph scale testing,NFL analytics podcast database 6,query_pack,youtube,nfl_intelligence,NFL,NYJ,,"['stats', 'media']",0.71,4,dg_196,unreviewed,"Score, dedupe, and rights review"
cand_000698,https://candidate698.example.com/nfl,candidate698.example.com,Candidate NFL source 698,Generated candidate for source graph scale testing,NFL analytics podcast database 7,query_pack,reddit,nfl_intelligence,NFL,PHI,,"['stats', 'media']",0.72,3,dg_197,unreviewed,"Score, dedupe, and rights review"
cand_000699,https://candidate699.example.com/nfl,candidate699.example.com,Candidate NFL source 699,Generated candidate for source graph scale testing,NFL analytics podcast database 8,query_pack,podcast,nfl_intelligence,NFL,PIT,,"['stats', 'media']",0.73,2,dg_198,unreviewed,"Score, dedupe, and rights review"
cand_000700,https://candidate700.example.com/nfl,candidate700.example.com,Candidate NFL source 700,Generated candidate for source graph scale testing,NFL analytics podcast database 9,query_pack,rss,nfl_intelligence,NFL,SF,,"['stats', 'media']",0.74,1,dg_199,unreviewed,"Score, dedupe, and rights review"
cand_000701,https://candidate701.example.com/nfl,candidate701.example.com,Candidate NFL source 701,Generated candidate for source graph scale testing,NFL analytics podcast download 0,query_pack,vendor,nfl_intelligence,NFL,SEA,,"['stats', 'media']",0.75,100,dg_200,unreviewed,"Score, dedupe, and rights review"
cand_000702,https://candidate702.example.com/nfl,candidate702.example.com,Candidate NFL source 702,Generated candidate for source graph scale testing,NFL analytics podcast download 1,query_pack,expert,nfl_intelligence,NFL,TB,,"['stats', 'media']",0.76,99,dg_201,unreviewed,"Score, dedupe, and rights review"
cand_000703,https://candidate703.example.com/nfl,candidate703.example.com,Candidate NFL source 703,Generated candidate for source graph scale testing,NFL analytics podcast download 2,query_pack,github,nfl_intelligence,NFL,TEN,,"['stats', 'media']",0.77,98,dg_202,unreviewed,"Score, dedupe, and rights review"
cand_000704,https://candidate704.example.com/nfl,candidate704.example.com,Candidate NFL source 704,Generated candidate for source graph scale testing,NFL analytics podcast download 3,query_pack,academic,nfl_intelligence,NFL,WAS,,"['stats', 'media']",0.78,97,dg_203,unreviewed,"Score, dedupe, and rights review"
cand_000705,https://candidate705.example.com/nfl,candidate705.example.com,Candidate NFL source 705,Generated candidate for source graph scale testing,NFL analytics podcast download 4,query_pack,youtube,nfl_intelligence,NFL,ARI,,"['stats', 'media']",0.79,96,dg_204,unreviewed,"Score, dedupe, and rights review"
cand_000706,https://candidate706.example.com/nfl,candidate706.example.com,Candidate NFL source 706,Generated candidate for source graph scale testing,NFL analytics podcast download 5,query_pack,reddit,nfl_intelligence,NFL,ATL,,"['stats', 'media']",0.8,95,dg_205,unreviewed,"Score, dedupe, and rights review"
cand_000707,https://candidate707.example.com/nfl,candidate707.example.com,Candidate NFL source 707,Generated candidate for source graph scale testing,NFL analytics podcast download 6,query_pack,podcast,nfl_intelligence,NFL,BAL,,"['stats', 'media']",0.81,94,dg_206,unreviewed,"Score, dedupe, and rights review"
cand_000708,https://candidate708.example.com/nfl,candidate708.example.com,Candidate NFL source 708,Generated candidate for source graph scale testing,NFL analytics podcast download 7,query_pack,rss,nfl_intelligence,NFL,BUF,,"['stats', 'media']",0.82,93,dg_207,unreviewed,"Score, dedupe, and rights review"
cand_000709,https://candidate709.example.com/nfl,candidate709.example.com,Candidate NFL source 709,Generated candidate for source graph scale testing,NFL analytics podcast download 8,query_pack,vendor,nfl_intelligence,NFL,CAR,,"['stats', 'media']",0.83,92,dg_208,unreviewed,"Score, dedupe, and rights review"
cand_000710,https://candidate710.example.com/nfl,candidate710.example.com,Candidate NFL source 710,Generated candidate for source graph scale testing,NFL analytics podcast download 9,query_pack,expert,nfl_intelligence,NFL,CHI,,"['stats', 'media']",0.84,91,dg_209,unreviewed,"Score, dedupe, and rights review"
cand_000711,https://candidate711.example.com/nfl,candidate711.example.com,Candidate NFL source 711,Generated candidate for source graph scale testing,NFL analytics podcast feed 0,query_pack,github,nfl_intelligence,NFL,CIN,,"['stats', 'media']",0.85,90,dg_210,unreviewed,"Score, dedupe, and rights review"
cand_000712,https://candidate712.example.com/nfl,candidate712.example.com,Candidate NFL source 712,Generated candidate for source graph scale testing,NFL analytics podcast feed 1,query_pack,academic,nfl_intelligence,NFL,CLE,,"['stats', 'media']",0.86,89,dg_211,unreviewed,"Score, dedupe, and rights review"
cand_000713,https://candidate713.example.com/nfl,candidate713.example.com,Candidate NFL source 713,Generated candidate for source graph scale testing,NFL analytics podcast feed 2,query_pack,youtube,nfl_intelligence,NFL,DAL,,"['stats', 'media']",0.87,88,dg_212,unreviewed,"Score, dedupe, and rights review"
cand_000714,https://candidate714.example.com/nfl,candidate714.example.com,Candidate NFL source 714,Generated candidate for source graph scale testing,NFL analytics podcast feed 3,query_pack,reddit,nfl_intelligence,NFL,DEN,,"['stats', 'media']",0.88,87,dg_213,unreviewed,"Score, dedupe, and rights review"
cand_000715,https://candidate715.example.com/nfl,candidate715.example.com,Candidate NFL source 715,Generated candidate for source graph scale testing,NFL analytics podcast feed 4,query_pack,podcast,nfl_intelligence,NFL,DET,,"['stats', 'media']",0.89,86,dg_214,unreviewed,"Score, dedupe, and rights review"
cand_000716,https://candidate716.example.com/nfl,candidate716.example.com,Candidate NFL source 716,Generated candidate for source graph scale testing,NFL analytics podcast feed 5,query_pack,rss,nfl_intelligence,NFL,GB,,"['stats', 'media']",0.9,85,dg_215,unreviewed,"Score, dedupe, and rights review"
cand_000717,https://candidate717.example.com/nfl,candidate717.example.com,Candidate NFL source 717,Generated candidate for source graph scale testing,NFL analytics podcast feed 6,query_pack,vendor,nfl_intelligence,NFL,HOU,,"['stats', 'media']",0.91,84,dg_216,unreviewed,"Score, dedupe, and rights review"
cand_000718,https://candidate718.example.com/nfl,candidate718.example.com,Candidate NFL source 718,Generated candidate for source graph scale testing,NFL analytics podcast feed 7,query_pack,expert,nfl_intelligence,NFL,IND,,"['stats', 'media']",0.92,83,dg_217,unreviewed,"Score, dedupe, and rights review"
cand_000719,https://candidate719.example.com/nfl,candidate719.example.com,Candidate NFL source 719,Generated candidate for source graph scale testing,NFL analytics podcast feed 8,query_pack,github,nfl_intelligence,NFL,JAX,,"['stats', 'media']",0.93,82,dg_218,unreviewed,"Score, dedupe, and rights review"
cand_000720,https://candidate720.example.com/nfl,candidate720.example.com,Candidate NFL source 720,Generated candidate for source graph scale testing,NFL analytics podcast feed 9,query_pack,academic,nfl_intelligence,NFL,KC,,"['stats', 'media']",0.94,81,dg_219,unreviewed,"Score, dedupe, and rights review"
cand_000721,https://candidate721.example.com/nfl,candidate721.example.com,Candidate NFL source 721,Generated candidate for source graph scale testing,NFL analytics podcast licensed 0,query_pack,youtube,nfl_intelligence,NFL,LV,,"['stats', 'media']",0.55,80,dg_220,unreviewed,"Score, dedupe, and rights review"
cand_000722,https://candidate722.example.com/nfl,candidate722.example.com,Candidate NFL source 722,Generated candidate for source graph scale testing,NFL analytics podcast licensed 1,query_pack,reddit,nfl_intelligence,NFL,LAC,,"['stats', 'media']",0.56,79,dg_221,unreviewed,"Score, dedupe, and rights review"
cand_000723,https://candidate723.example.com/nfl,candidate723.example.com,Candidate NFL source 723,Generated candidate for source graph scale testing,NFL analytics podcast licensed 2,query_pack,podcast,nfl_intelligence,NFL,LAR,,"['stats', 'media']",0.57,78,dg_222,unreviewed,"Score, dedupe, and rights review"
cand_000724,https://candidate724.example.com/nfl,candidate724.example.com,Candidate NFL source 724,Generated candidate for source graph scale testing,NFL analytics podcast licensed 3,query_pack,rss,nfl_intelligence,NFL,MIA,,"['stats', 'media']",0.58,77,dg_223,unreviewed,"Score, dedupe, and rights review"
cand_000725,https://candidate725.example.com/nfl,candidate725.example.com,Candidate NFL source 725,Generated candidate for source graph scale testing,NFL analytics podcast licensed 4,query_pack,vendor,nfl_intelligence,NFL,MIN,,"['stats', 'media']",0.59,76,dg_224,unreviewed,"Score, dedupe, and rights review"
cand_000726,https://candidate726.example.com/nfl,candidate726.example.com,Candidate NFL source 726,Generated candidate for source graph scale testing,NFL analytics podcast licensed 5,query_pack,expert,nfl_intelligence,NFL,NE,,"['stats', 'media']",0.6,75,dg_225,unreviewed,"Score, dedupe, and rights review"
cand_000727,https://candidate727.example.com/nfl,candidate727.example.com,Candidate NFL source 727,Generated candidate for source graph scale testing,NFL analytics podcast licensed 6,query_pack,github,nfl_intelligence,NFL,NO,,"['stats', 'media']",0.61,74,dg_226,unreviewed,"Score, dedupe, and rights review"
cand_000728,https://candidate728.example.com/nfl,candidate728.example.com,Candidate NFL source 728,Generated candidate for source graph scale testing,NFL analytics podcast licensed 7,query_pack,academic,nfl_intelligence,NFL,NYG,,"['stats', 'media']",0.62,73,dg_227,unreviewed,"Score, dedupe, and rights review"
cand_000729,https://candidate729.example.com/nfl,candidate729.example.com,Candidate NFL source 729,Generated candidate for source graph scale testing,NFL analytics podcast licensed 8,query_pack,youtube,nfl_intelligence,NFL,NYJ,,"['stats', 'media']",0.63,72,dg_228,unreviewed,"Score, dedupe, and rights review"
cand_000730,https://candidate730.example.com/nfl,candidate730.example.com,Candidate NFL source 730,Generated candidate for source graph scale testing,NFL analytics podcast licensed 9,query_pack,reddit,nfl_intelligence,NFL,PHI,,"['stats', 'media']",0.64,71,dg_229,unreviewed,"Score, dedupe, and rights review"
cand_000731,https://candidate731.example.com/nfl,candidate731.example.com,Candidate NFL source 731,Generated candidate for source graph scale testing,NFL analytics podcast open 0,query_pack,podcast,nfl_intelligence,NFL,PIT,,"['stats', 'media']",0.65,70,dg_230,unreviewed,"Score, dedupe, and rights review"
cand_000732,https://candidate732.example.com/nfl,candidate732.example.com,Candidate NFL source 732,Generated candidate for source graph scale testing,NFL analytics podcast open 1,query_pack,rss,nfl_intelligence,NFL,SF,,"['stats', 'media']",0.66,69,dg_231,unreviewed,"Score, dedupe, and rights review"
cand_000733,https://candidate733.example.com/nfl,candidate733.example.com,Candidate NFL source 733,Generated candidate for source graph scale testing,NFL analytics podcast open 2,query_pack,vendor,nfl_intelligence,NFL,SEA,,"['stats', 'media']",0.67,68,dg_232,unreviewed,"Score, dedupe, and rights review"
cand_000734,https://candidate734.example.com/nfl,candidate734.example.com,Candidate NFL source 734,Generated candidate for source graph scale testing,NFL analytics podcast open 3,query_pack,expert,nfl_intelligence,NFL,TB,,"['stats', 'media']",0.68,67,dg_233,unreviewed,"Score, dedupe, and rights review"
cand_000735,https://candidate735.example.com/nfl,candidate735.example.com,Candidate NFL source 735,Generated candidate for source graph scale testing,NFL analytics podcast open 4,query_pack,github,nfl_intelligence,NFL,TEN,,"['stats', 'media']",0.69,66,dg_234,unreviewed,"Score, dedupe, and rights review"
cand_000736,https://candidate736.example.com/nfl,candidate736.example.com,Candidate NFL source 736,Generated candidate for source graph scale testing,NFL analytics podcast open 5,query_pack,academic,nfl_intelligence,NFL,WAS,,"['stats', 'media']",0.7,65,dg_235,unreviewed,"Score, dedupe, and rights review"
cand_000737,https://candidate737.example.com/nfl,candidate737.example.com,Candidate NFL source 737,Generated candidate for source graph scale testing,NFL analytics podcast open 6,query_pack,youtube,nfl_intelligence,NFL,ARI,,"['stats', 'media']",0.71,64,dg_236,unreviewed,"Score, dedupe, and rights review"
cand_000738,https://candidate738.example.com/nfl,candidate738.example.com,Candidate NFL source 738,Generated candidate for source graph scale testing,NFL analytics podcast open 7,query_pack,reddit,nfl_intelligence,NFL,ATL,,"['stats', 'media']",0.72,63,dg_237,unreviewed,"Score, dedupe, and rights review"
cand_000739,https://candidate739.example.com/nfl,candidate739.example.com,Candidate NFL source 739,Generated candidate for source graph scale testing,NFL analytics podcast open 8,query_pack,podcast,nfl_intelligence,NFL,BAL,,"['stats', 'media']",0.73,62,dg_238,unreviewed,"Score, dedupe, and rights review"
cand_000740,https://candidate740.example.com/nfl,candidate740.example.com,Candidate NFL source 740,Generated candidate for source graph scale testing,NFL analytics podcast open 9,query_pack,rss,nfl_intelligence,NFL,BUF,,"['stats', 'media']",0.74,61,dg_239,unreviewed,"Score, dedupe, and rights review"
cand_000741,https://candidate741.example.com/nfl,candidate741.example.com,Candidate NFL source 741,Generated candidate for source graph scale testing,NFL analytics podcast public 0,query_pack,vendor,nfl_intelligence,NFL,CAR,,"['stats', 'media']",0.75,60,dg_240,unreviewed,"Score, dedupe, and rights review"
cand_000742,https://candidate742.example.com/nfl,candidate742.example.com,Candidate NFL source 742,Generated candidate for source graph scale testing,NFL analytics podcast public 1,query_pack,expert,nfl_intelligence,NFL,CHI,,"['stats', 'media']",0.76,59,dg_241,unreviewed,"Score, dedupe, and rights review"
cand_000743,https://candidate743.example.com/nfl,candidate743.example.com,Candidate NFL source 743,Generated candidate for source graph scale testing,NFL analytics podcast public 2,query_pack,github,nfl_intelligence,NFL,CIN,,"['stats', 'media']",0.77,58,dg_242,unreviewed,"Score, dedupe, and rights review"
cand_000744,https://candidate744.example.com/nfl,candidate744.example.com,Candidate NFL source 744,Generated candidate for source graph scale testing,NFL analytics podcast public 3,query_pack,academic,nfl_intelligence,NFL,CLE,,"['stats', 'media']",0.78,57,dg_243,unreviewed,"Score, dedupe, and rights review"
cand_000745,https://candidate745.example.com/nfl,candidate745.example.com,Candidate NFL source 745,Generated candidate for source graph scale testing,NFL analytics podcast public 4,query_pack,youtube,nfl_intelligence,NFL,DAL,,"['stats', 'media']",0.79,56,dg_244,unreviewed,"Score, dedupe, and rights review"
cand_000746,https://candidate746.example.com/nfl,candidate746.example.com,Candidate NFL source 746,Generated candidate for source graph scale testing,NFL analytics podcast public 5,query_pack,reddit,nfl_intelligence,NFL,DEN,,"['stats', 'media']",0.8,55,dg_245,unreviewed,"Score, dedupe, and rights review"
cand_000747,https://candidate747.example.com/nfl,candidate747.example.com,Candidate NFL source 747,Generated candidate for source graph scale testing,NFL analytics podcast public 6,query_pack,podcast,nfl_intelligence,NFL,DET,,"['stats', 'media']",0.81,54,dg_246,unreviewed,"Score, dedupe, and rights review"
cand_000748,https://candidate748.example.com/nfl,candidate748.example.com,Candidate NFL source 748,Generated candidate for source graph scale testing,NFL analytics podcast public 7,query_pack,rss,nfl_intelligence,NFL,GB,,"['stats', 'media']",0.82,53,dg_247,unreviewed,"Score, dedupe, and rights review"
cand_000749,https://candidate749.example.com/nfl,candidate749.example.com,Candidate NFL source 749,Generated candidate for source graph scale testing,NFL analytics podcast public 8,query_pack,vendor,nfl_intelligence,NFL,HOU,,"['stats', 'media']",0.83,52,dg_248,unreviewed,"Score, dedupe, and rights review"
cand_000750,https://candidate750.example.com/nfl,candidate750.example.com,Candidate NFL source 750,Generated candidate for source graph scale testing,NFL analytics podcast public 9,query_pack,expert,nfl_intelligence,NFL,IND,,"['stats', 'media']",0.84,51,dg_249,unreviewed,"Score, dedupe, and rights review"
cand_000751,https://candidate751.example.com/nfl,candidate751.example.com,Candidate NFL source 751,Generated candidate for source graph scale testing,NFL analytics podcast vendor 0,query_pack,github,nfl_intelligence,NFL,JAX,,"['stats', 'media']",0.85,50,dg_0,unreviewed,"Score, dedupe, and rights review"
cand_000752,https://candidate752.example.com/nfl,candidate752.example.com,Candidate NFL source 752,Generated candidate for source graph scale testing,NFL analytics podcast vendor 1,query_pack,academic,nfl_intelligence,NFL,KC,,"['stats', 'media']",0.86,49,dg_1,unreviewed,"Score, dedupe, and rights review"
cand_000753,https://candidate753.example.com/nfl,candidate753.example.com,Candidate NFL source 753,Generated candidate for source graph scale testing,NFL analytics podcast vendor 2,query_pack,youtube,nfl_intelligence,NFL,LV,,"['stats', 'media']",0.87,48,dg_2,unreviewed,"Score, dedupe, and rights review"
cand_000754,https://candidate754.example.com/nfl,candidate754.example.com,Candidate NFL source 754,Generated candidate for source graph scale testing,NFL analytics podcast vendor 3,query_pack,reddit,nfl_intelligence,NFL,LAC,,"['stats', 'media']",0.88,47,dg_3,unreviewed,"Score, dedupe, and rights review"
cand_000755,https://candidate755.example.com/nfl,candidate755.example.com,Candidate NFL source 755,Generated candidate for source graph scale testing,NFL analytics podcast vendor 4,query_pack,podcast,nfl_intelligence,NFL,LAR,,"['stats', 'media']",0.89,46,dg_4,unreviewed,"Score, dedupe, and rights review"
cand_000756,https://candidate756.example.com/nfl,candidate756.example.com,Candidate NFL source 756,Generated candidate for source graph scale testing,NFL analytics podcast vendor 5,query_pack,rss,nfl_intelligence,NFL,MIA,,"['stats', 'media']",0.9,45,dg_5,unreviewed,"Score, dedupe, and rights review"
cand_000757,https://candidate757.example.com/nfl,candidate757.example.com,Candidate NFL source 757,Generated candidate for source graph scale testing,NFL analytics podcast vendor 6,query_pack,vendor,nfl_intelligence,NFL,MIN,,"['stats', 'media']",0.91,44,dg_6,unreviewed,"Score, dedupe, and rights review"
cand_000758,https://candidate758.example.com/nfl,candidate758.example.com,Candidate NFL source 758,Generated candidate for source graph scale testing,NFL analytics podcast vendor 7,query_pack,expert,nfl_intelligence,NFL,NE,,"['stats', 'media']",0.92,43,dg_7,unreviewed,"Score, dedupe, and rights review"
cand_000759,https://candidate759.example.com/nfl,candidate759.example.com,Candidate NFL source 759,Generated candidate for source graph scale testing,NFL analytics podcast vendor 8,query_pack,github,nfl_intelligence,NFL,NO,,"['stats', 'media']",0.93,42,dg_8,unreviewed,"Score, dedupe, and rights review"
cand_000760,https://candidate760.example.com/nfl,candidate760.example.com,Candidate NFL source 760,Generated candidate for source graph scale testing,NFL analytics podcast vendor 9,query_pack,academic,nfl_intelligence,NFL,NYG,,"['stats', 'media']",0.94,41,dg_9,unreviewed,"Score, dedupe, and rights review"
cand_000761,https://candidate761.example.com/nfl,candidate761.example.com,Candidate NFL source 761,Generated candidate for source graph scale testing,NFL analytics podcast partner 0,query_pack,youtube,nfl_intelligence,NFL,NYJ,,"['stats', 'media']",0.55,40,dg_10,unreviewed,"Score, dedupe, and rights review"
cand_000762,https://candidate762.example.com/nfl,candidate762.example.com,Candidate NFL source 762,Generated candidate for source graph scale testing,NFL analytics podcast partner 1,query_pack,reddit,nfl_intelligence,NFL,PHI,,"['stats', 'media']",0.56,39,dg_11,unreviewed,"Score, dedupe, and rights review"
cand_000763,https://candidate763.example.com/nfl,candidate763.example.com,Candidate NFL source 763,Generated candidate for source graph scale testing,NFL analytics podcast partner 2,query_pack,podcast,nfl_intelligence,NFL,PIT,,"['stats', 'media']",0.57,38,dg_12,unreviewed,"Score, dedupe, and rights review"
cand_000764,https://candidate764.example.com/nfl,candidate764.example.com,Candidate NFL source 764,Generated candidate for source graph scale testing,NFL analytics podcast partner 3,query_pack,rss,nfl_intelligence,NFL,SF,,"['stats', 'media']",0.58,37,dg_13,unreviewed,"Score, dedupe, and rights review"
cand_000765,https://candidate765.example.com/nfl,candidate765.example.com,Candidate NFL source 765,Generated candidate for source graph scale testing,NFL analytics podcast partner 4,query_pack,vendor,nfl_intelligence,NFL,SEA,,"['stats', 'media']",0.59,36,dg_14,unreviewed,"Score, dedupe, and rights review"
cand_000766,https://candidate766.example.com/nfl,candidate766.example.com,Candidate NFL source 766,Generated candidate for source graph scale testing,NFL analytics podcast partner 5,query_pack,expert,nfl_intelligence,NFL,TB,,"['stats', 'media']",0.6,35,dg_15,unreviewed,"Score, dedupe, and rights review"
cand_000767,https://candidate767.example.com/nfl,candidate767.example.com,Candidate NFL source 767,Generated candidate for source graph scale testing,NFL analytics podcast partner 6,query_pack,github,nfl_intelligence,NFL,TEN,,"['stats', 'media']",0.61,34,dg_16,unreviewed,"Score, dedupe, and rights review"
cand_000768,https://candidate768.example.com/nfl,candidate768.example.com,Candidate NFL source 768,Generated candidate for source graph scale testing,NFL analytics podcast partner 7,query_pack,academic,nfl_intelligence,NFL,WAS,,"['stats', 'media']",0.62,33,dg_17,unreviewed,"Score, dedupe, and rights review"
cand_000769,https://candidate769.example.com/nfl,candidate769.example.com,Candidate NFL source 769,Generated candidate for source graph scale testing,NFL analytics podcast partner 8,query_pack,youtube,nfl_intelligence,NFL,ARI,,"['stats', 'media']",0.63,32,dg_18,unreviewed,"Score, dedupe, and rights review"
cand_000770,https://candidate770.example.com/nfl,candidate770.example.com,Candidate NFL source 770,Generated candidate for source graph scale testing,NFL analytics podcast partner 9,query_pack,reddit,nfl_intelligence,NFL,ATL,,"['stats', 'media']",0.64,31,dg_19,unreviewed,"Score, dedupe, and rights review"
cand_000771,https://candidate771.example.com/nfl,candidate771.example.com,Candidate NFL source 771,Generated candidate for source graph scale testing,NFL YouTube channel API 0,query_pack,podcast,nfl_intelligence,NFL,BAL,,"['stats', 'media']",0.65,30,dg_20,unreviewed,"Score, dedupe, and rights review"
cand_000772,https://candidate772.example.com/nfl,candidate772.example.com,Candidate NFL source 772,Generated candidate for source graph scale testing,NFL YouTube channel API 1,query_pack,rss,nfl_intelligence,NFL,BUF,,"['stats', 'media']",0.66,29,dg_21,unreviewed,"Score, dedupe, and rights review"
cand_000773,https://candidate773.example.com/nfl,candidate773.example.com,Candidate NFL source 773,Generated candidate for source graph scale testing,NFL YouTube channel API 2,query_pack,vendor,nfl_intelligence,NFL,CAR,,"['stats', 'media']",0.67,28,dg_22,unreviewed,"Score, dedupe, and rights review"
cand_000774,https://candidate774.example.com/nfl,candidate774.example.com,Candidate NFL source 774,Generated candidate for source graph scale testing,NFL YouTube channel API 3,query_pack,expert,nfl_intelligence,NFL,CHI,,"['stats', 'media']",0.68,27,dg_23,unreviewed,"Score, dedupe, and rights review"
cand_000775,https://candidate775.example.com/nfl,candidate775.example.com,Candidate NFL source 775,Generated candidate for source graph scale testing,NFL YouTube channel API 4,query_pack,github,nfl_intelligence,NFL,CIN,,"['stats', 'media']",0.69,26,dg_24,unreviewed,"Score, dedupe, and rights review"
cand_000776,https://candidate776.example.com/nfl,candidate776.example.com,Candidate NFL source 776,Generated candidate for source graph scale testing,NFL YouTube channel API 5,query_pack,academic,nfl_intelligence,NFL,CLE,,"['stats', 'media']",0.7,25,dg_25,unreviewed,"Score, dedupe, and rights review"
cand_000777,https://candidate777.example.com/nfl,candidate777.example.com,Candidate NFL source 777,Generated candidate for source graph scale testing,NFL YouTube channel API 6,query_pack,youtube,nfl_intelligence,NFL,DAL,,"['stats', 'media']",0.71,24,dg_26,unreviewed,"Score, dedupe, and rights review"
cand_000778,https://candidate778.example.com/nfl,candidate778.example.com,Candidate NFL source 778,Generated candidate for source graph scale testing,NFL YouTube channel API 7,query_pack,reddit,nfl_intelligence,NFL,DEN,,"['stats', 'media']",0.72,23,dg_27,unreviewed,"Score, dedupe, and rights review"
cand_000779,https://candidate779.example.com/nfl,candidate779.example.com,Candidate NFL source 779,Generated candidate for source graph scale testing,NFL YouTube channel API 8,query_pack,podcast,nfl_intelligence,NFL,DET,,"['stats', 'media']",0.73,22,dg_28,unreviewed,"Score, dedupe, and rights review"
cand_000780,https://candidate780.example.com/nfl,candidate780.example.com,Candidate NFL source 780,Generated candidate for source graph scale testing,NFL YouTube channel API 9,query_pack,rss,nfl_intelligence,NFL,GB,,"['stats', 'media']",0.74,21,dg_29,unreviewed,"Score, dedupe, and rights review"
cand_000781,https://candidate781.example.com/nfl,candidate781.example.com,Candidate NFL source 781,Generated candidate for source graph scale testing,NFL YouTube channel CSV 0,query_pack,vendor,nfl_intelligence,NFL,HOU,,"['stats', 'media']",0.75,20,dg_30,unreviewed,"Score, dedupe, and rights review"
cand_000782,https://candidate782.example.com/nfl,candidate782.example.com,Candidate NFL source 782,Generated candidate for source graph scale testing,NFL YouTube channel CSV 1,query_pack,expert,nfl_intelligence,NFL,IND,,"['stats', 'media']",0.76,19,dg_31,unreviewed,"Score, dedupe, and rights review"
cand_000783,https://candidate783.example.com/nfl,candidate783.example.com,Candidate NFL source 783,Generated candidate for source graph scale testing,NFL YouTube channel CSV 2,query_pack,github,nfl_intelligence,NFL,JAX,,"['stats', 'media']",0.77,18,dg_32,unreviewed,"Score, dedupe, and rights review"
cand_000784,https://candidate784.example.com/nfl,candidate784.example.com,Candidate NFL source 784,Generated candidate for source graph scale testing,NFL YouTube channel CSV 3,query_pack,academic,nfl_intelligence,NFL,KC,,"['stats', 'media']",0.78,17,dg_33,unreviewed,"Score, dedupe, and rights review"
cand_000785,https://candidate785.example.com/nfl,candidate785.example.com,Candidate NFL source 785,Generated candidate for source graph scale testing,NFL YouTube channel CSV 4,query_pack,youtube,nfl_intelligence,NFL,LV,,"['stats', 'media']",0.79,16,dg_34,unreviewed,"Score, dedupe, and rights review"
cand_000786,https://candidate786.example.com/nfl,candidate786.example.com,Candidate NFL source 786,Generated candidate for source graph scale testing,NFL YouTube channel CSV 5,query_pack,reddit,nfl_intelligence,NFL,LAC,,"['stats', 'media']",0.8,15,dg_35,unreviewed,"Score, dedupe, and rights review"
cand_000787,https://candidate787.example.com/nfl,candidate787.example.com,Candidate NFL source 787,Generated candidate for source graph scale testing,NFL YouTube channel CSV 6,query_pack,podcast,nfl_intelligence,NFL,LAR,,"['stats', 'media']",0.81,14,dg_36,unreviewed,"Score, dedupe, and rights review"
cand_000788,https://candidate788.example.com/nfl,candidate788.example.com,Candidate NFL source 788,Generated candidate for source graph scale testing,NFL YouTube channel CSV 7,query_pack,rss,nfl_intelligence,NFL,MIA,,"['stats', 'media']",0.82,13,dg_37,unreviewed,"Score, dedupe, and rights review"
cand_000789,https://candidate789.example.com/nfl,candidate789.example.com,Candidate NFL source 789,Generated candidate for source graph scale testing,NFL YouTube channel CSV 8,query_pack,vendor,nfl_intelligence,NFL,MIN,,"['stats', 'media']",0.83,12,dg_38,unreviewed,"Score, dedupe, and rights review"
cand_000790,https://candidate790.example.com/nfl,candidate790.example.com,Candidate NFL source 790,Generated candidate for source graph scale testing,NFL YouTube channel CSV 9,query_pack,expert,nfl_intelligence,NFL,NE,,"['stats', 'media']",0.84,11,dg_39,unreviewed,"Score, dedupe, and rights review"
cand_000791,https://candidate791.example.com/nfl,candidate791.example.com,Candidate NFL source 791,Generated candidate for source graph scale testing,NFL YouTube channel RSS 0,query_pack,github,nfl_intelligence,NFL,NO,,"['stats', 'media']",0.85,10,dg_40,unreviewed,"Score, dedupe, and rights review"
cand_000792,https://candidate792.example.com/nfl,candidate792.example.com,Candidate NFL source 792,Generated candidate for source graph scale testing,NFL YouTube channel RSS 1,query_pack,academic,nfl_intelligence,NFL,NYG,,"['stats', 'media']",0.86,9,dg_41,unreviewed,"Score, dedupe, and rights review"
cand_000793,https://candidate793.example.com/nfl,candidate793.example.com,Candidate NFL source 793,Generated candidate for source graph scale testing,NFL YouTube channel RSS 2,query_pack,youtube,nfl_intelligence,NFL,NYJ,,"['stats', 'media']",0.87,8,dg_42,unreviewed,"Score, dedupe, and rights review"
cand_000794,https://candidate794.example.com/nfl,candidate794.example.com,Candidate NFL source 794,Generated candidate for source graph scale testing,NFL YouTube channel RSS 3,query_pack,reddit,nfl_intelligence,NFL,PHI,,"['stats', 'media']",0.88,7,dg_43,unreviewed,"Score, dedupe, and rights review"
cand_000795,https://candidate795.example.com/nfl,candidate795.example.com,Candidate NFL source 795,Generated candidate for source graph scale testing,NFL YouTube channel RSS 4,query_pack,podcast,nfl_intelligence,NFL,PIT,,"['stats', 'media']",0.89,6,dg_44,unreviewed,"Score, dedupe, and rights review"
cand_000796,https://candidate796.example.com/nfl,candidate796.example.com,Candidate NFL source 796,Generated candidate for source graph scale testing,NFL YouTube channel RSS 5,query_pack,rss,nfl_intelligence,NFL,SF,,"['stats', 'media']",0.9,5,dg_45,unreviewed,"Score, dedupe, and rights review"
cand_000797,https://candidate797.example.com/nfl,candidate797.example.com,Candidate NFL source 797,Generated candidate for source graph scale testing,NFL YouTube channel RSS 6,query_pack,vendor,nfl_intelligence,NFL,SEA,,"['stats', 'media']",0.91,4,dg_46,unreviewed,"Score, dedupe, and rights review"
cand_000798,https://candidate798.example.com/nfl,candidate798.example.com,Candidate NFL source 798,Generated candidate for source graph scale testing,NFL YouTube channel RSS 7,query_pack,expert,nfl_intelligence,NFL,TB,,"['stats', 'media']",0.92,3,dg_47,unreviewed,"Score, dedupe, and rights review"
cand_000799,https://candidate799.example.com/nfl,candidate799.example.com,Candidate NFL source 799,Generated candidate for source graph scale testing,NFL YouTube channel RSS 8,query_pack,github,nfl_intelligence,NFL,TEN,,"['stats', 'media']",0.93,2,dg_48,unreviewed,"Score, dedupe, and rights review"
cand_000800,https://candidate800.example.com/nfl,candidate800.example.com,Candidate NFL source 800,Generated candidate for source graph scale testing,NFL YouTube channel RSS 9,query_pack,academic,nfl_intelligence,NFL,WAS,,"['stats', 'media']",0.94,1,dg_49,unreviewed,"Score, dedupe, and rights review"
