pick_id,generated_at,settled_at,confidence_pct,result,pick_type,selection,published_line,tier,model_version,clv_lock_line,clv_lock_price,clv_close_line,clv_close_price,clv_kind,clv_value,clv_verdict,sport,sport_key,receipt_entry_odds,receipt_line,market_fair_prob
cmprw2yyi03mvoyqa6knoqdzo,2026-05-30T10:07:21.594Z,2026-06-05T05:18:25.227Z,63,LOSS,SPREAD,Carolina Hurricanes -1.5,-1.5,FREE,v5.0.0,,,,,,,,NHL,icehockey_nhl,,,
cmprw2yz103mzoyqaw5gycf5b,2026-05-30T10:07:21.613Z,2026-06-05T05:18:25.227Z,58,LOSS,TOTAL,UNDER 5.5,5.5,FREE,v5.0.0,,,,,,,,NHL,icehockey_nhl,,,
cmptfalr202nh12tf57lctav5,2026-05-31T11:52:56.607Z,2026-06-05T05:18:21.435Z,66,LOSS,SPREAD,San Antonio Spurs -5.8,-5.75,FREE,v5.0.0,,,,,,,,NBA,basketball_nba,,,
cmpufyori02nfwz417ssr423x,2026-06-01T04:59:26.430Z,2026-06-05T05:18:21.435Z,56,LOSS,TOTAL,OVER 217.1,217.1111111111111,FREE,v5.0.0,,,,,,,,NBA,basketball_nba,,,
cmpvsl0vg03kpyoirlf2w1pmv,2026-06-02T03:40:30.125Z,2026-06-05T05:18:23.193Z,91,WIN,SPREAD,Colorado Rockies -1.8,-1.833333333333333,PREMIUM,v5.0.0,,,,,,,,MLB,baseball_mlb,,,
cmpvsl0x803l1yoirmhp1u190,2026-06-02T03:40:30.188Z,2026-06-05T05:18:23.193Z,53,LOSS,TOTAL,UNDER 9.6,9.583333333333334,FREE,v5.0.0,,,,,,,,MLB,baseball_mlb,,,
cmpvvpo7903mht4t24fyv7p2h,2026-06-02T05:08:05.829Z,2026-06-05T05:18:23.246Z,89,WIN,SPREAD,Los Angeles Dodgers -3.0,-3,PREMIUM,v5.0.0,,,,,,,,MLB,baseball_mlb,,,
cmpw6fyiy03hj10nkurt1bext,2026-06-02T10:08:28.426Z,2026-06-05T05:18:23.295Z,62,WIN,TOTAL,OVER 6.4,6.416666666666667,FREE,v5.0.0,,,,,,,,MLB,baseball_mlb,,,
cmpw6fyms03if10nk3quibu8l,2026-06-02T10:08:28.564Z,2026-06-05T05:18:23.246Z,84,LOSS,TOTAL,UNDER 9.0,9,PREMIUM,v5.0.0,,,,,,,,MLB,baseball_mlb,,,
cmpw6fyp303iz10nka8m607e3,2026-06-02T10:08:28.647Z,2026-06-05T05:18:23.295Z,56,WIN,SPREAD,Seattle Mariners -1.4,-1.416666666666667,FREE,v5.0.0,,,,,,,,MLB,baseball_mlb,,,
cmpx5g6br03vrdnz1dcaww4t3,2026-06-03T02:28:25.095Z,2026-06-05T05:18:23.343Z,53,WIN,TOTAL,UNDER 8.1,8.11111111111111,FREE,v5.0.0,,,,,,,,MLB,baseball_mlb,,,
cmpx5g6kc03xfdnz11micczn3,2026-06-03T02:28:25.404Z,2026-06-05T05:18:23.538Z,69,LOSS,SPREAD,Philadelphia Phillies -1.5,-1.5,FREE,v5.0.0,,,,,,,,MLB,baseball_mlb,,,
cmpx5g6mh03xvdnz1s34iz3tp,2026-06-03T02:28:25.481Z,2026-06-05T05:18:23.394Z,56,LOSS,SPREAD,Tampa Bay Rays -1.4,-1.416666666666667,FREE,v5.0.0,,,,,,,,MLB,baseball_mlb,,,
cmpx5g6mz03xzdnz1ggq11fqv,2026-06-03T02:28:25.499Z,2026-06-05T05:18:23.445Z,58,WIN,SPREAD,Chicago White Sox -7.5,-7.5,FREE,v5.0.0,,,,,,,,MLB,baseball_mlb,,,
cmpx5g6nh03y3dnz1xr48j0yy,2026-06-03T02:28:25.517Z,2026-06-05T05:18:23.538Z,76,WIN,TOTAL,UNDER 7.5,7.5,PREMIUM,v5.0.0,,,,,,,,MLB,baseball_mlb,,,
cmpx5g6ny03y7dnz1ge3qhnm2,2026-06-03T02:28:25.534Z,2026-06-05T05:18:23.789Z,73,LOSS,TOTAL,OVER 10.3,10.3,PREMIUM,v5.0.0,,,,,,,,MLB,baseball_mlb,,,
cmpx5g6oh03ybdnz15y4b516h,2026-06-03T02:28:25.554Z,2026-06-05T05:18:24.126Z,58,LOSS,TOTAL,OVER 8.5,8.5,FREE,v5.0.0,,,,,,,,MLB,baseball_mlb,,,
cmpx9ajux04y1lja9bza4je08,2026-06-03T04:16:01.160Z,2026-06-05T05:18:23.586Z,58,LOSS,TOTAL,OVER 9.5,9.5,FREE,v5.0.0,,,,,,,,MLB,baseball_mlb,,,
cmpx9ajz004zxlja9iwflhmjd,2026-06-03T04:16:01.308Z,2026-06-05T05:18:23.493Z,55,LOSS,SPREAD,Seattle Mariners -0.3,-0.3333333333333333,FREE,v5.0.0,,,,,,,,MLB,baseball_mlb,,,
cmpx9ajzs050dlja9pz2222q0,2026-06-03T04:16:01.335Z,2026-06-05T05:18:23.493Z,51,WIN,TOTAL,OVER 7.4,7.444444444444445,FREE,v5.0.0,,,,,,,,MLB,baseball_mlb,,,
cmpx9ak0i050rlja9ngykw2zl,2026-06-03T04:16:01.362Z,2026-06-05T05:18:23.586Z,67,WIN,SPREAD,Boston Red Sox -6.5,-6.5,FREE,v5.0.0,,,,,,,,MLB,baseball_mlb,,,
cmpx9ak190517lja9m1aoqisp,2026-06-03T04:16:01.389Z,2026-06-05T05:18:23.635Z,75,WIN,SPREAD,Cleveland Guardians -1.5,-1.5,PREMIUM,v5.0.0,,,,,,,,MLB,baseball_mlb,,,
cmpx9ak21051nlja9768fh21i,2026-06-03T04:16:01.417Z,2026-06-05T05:18:23.635Z,84,WIN,TOTAL,OVER 7.5,7.5,PREMIUM,v5.0.0,,,,,,,,MLB,baseball_mlb,,,
cmpx9ak2r0521lja9ef3lxpuk,2026-06-03T04:16:01.443Z,2026-06-05T05:18:23.703Z,71,WIN,SPREAD,Kansas City Royals -2.5,-2.5,PREMIUM,v5.0.0,,,,,,,,MLB,baseball_mlb,,,
cmpx9ak510537lja9i0jdlztv,2026-06-03T04:16:01.525Z,2026-06-05T05:18:23.703Z,51,LOSS,TOTAL,OVER 8.4,8.444444444444445,FREE,v5.0.0,,,,,,,,MLB,baseball_mlb,,,
cmpx9ak5s053nlja9w2i1emkr,2026-06-03T04:16:01.552Z,2026-06-05T05:18:23.343Z,67,WIN,SPREAD,Miami Marlins -1.5,-1.5,FREE,v5.0.0,,,,,,,,MLB,baseball_mlb,,,
cmpx9ak6h0541lja9h3szh9c8,2026-06-03T04:16:01.577Z,2026-06-05T05:18:23.917Z,54,WIN,TOTAL,OVER 7.8,7.833333333333333,FREE,v5.0.0,,,,,,,,MLB,baseball_mlb,,,
cmpx9akas056blja9o3agt0dj,2026-06-03T04:16:01.732Z,2026-06-05T05:18:23.789Z,64,WIN,SPREAD,Atlanta Braves -3.8,-3.833333333333333,FREE,v5.0.0,,,,,,,,MLB,baseball_mlb,,,
cmpx9akbl056qlja9e9v85fll,2026-06-03T04:16:01.761Z,2026-06-05T05:18:23.844Z,61,LOSS,SPREAD,Milwaukee Brewers -1.5,-1.5,FREE,v5.0.0,,,,,,,,MLB,baseball_mlb,,,
cmpx9akcd0575lja95gbpe751,2026-06-03T04:16:01.789Z,2026-06-05T05:18:24.075Z,62,WIN,SPREAD,Los Angeles Angels -1.4,-1.444444444444444,FREE,v5.0.0,,,,,,,,MLB,baseball_mlb,,,
cmpx9akdc057jlja95qhnyq6k,2026-06-03T04:16:01.824Z,2026-06-05T05:18:24.016Z,61,WIN,SPREAD,Pittsburgh Pirates -2.5,-2.5,FREE,v5.0.0,,,,,,,,MLB,baseball_mlb,,,
cmpx9ake4057zlja9cniluvdo,2026-06-03T04:16:01.852Z,2026-06-05T05:18:24.126Z,88,WIN,SPREAD,Los Angeles Dodgers -1.8,-1.777777777777778,PREMIUM,v5.0.0,,,,,,,,MLB,baseball_mlb,,,
cmpx9akfl058plja9t48vxn9u,2026-06-03T04:16:01.905Z,2026-06-05T05:18:23.969Z,71,LOSS,SPREAD,Chicago Cubs -2.4,-2.416666666666667,PREMIUM,v5.0.0,,,,,,,,MLB,baseball_mlb,,,
cmpx9akh0059jlja93nbikacm,2026-06-03T04:16:01.956Z,2026-06-05T05:18:23.917Z,96,LOSS,SPREAD,St. Louis Cardinals -3.1,-3.083333333333333,PREMIUM,v5.0.0,,,,,,,,MLB,baseball_mlb,,,
cmpx9akic059xlja9pbw6qg4u,2026-06-03T04:16:02.004Z,2026-06-05T05:18:23.969Z,70,LOSS,TOTAL,UNDER 8.5,8.5,PREMIUM,v5.0.0,,,,,,,,MLB,baseball_mlb,,,
cmpxfbxio03v7f585fp8rpoft,2026-06-03T07:05:03.216Z,2026-06-05T05:18:23.445Z,50,LOSS,TOTAL,OVER 8.5,8.5,FREE,v5.0.0,,,,,,,,MLB,baseball_mlb,,,
cmpxqksg003k1h1mhy4qihv3n,2026-06-03T12:19:52.320Z,2026-06-05T05:18:24.016Z,71,WIN,TOTAL,OVER 10.3,10.33333333333333,PREMIUM,v5.0.0,,,,,,,,MLB,baseball_mlb,,,
cmpxqkst003mdh1mhhvl925wa,2026-06-03T12:19:52.788Z,2026-06-05T05:18:23.844Z,57,WIN,TOTAL,UNDER 2.6,2.583333333333333,FREE,v5.0.0,,,,,,,,MLB,baseball_mlb,,,
cmpxqktmh03o7h1mhzj0xzh8l,2026-06-03T12:19:53.849Z,2026-06-05T10:46:42.818Z,69,LOSS,SPREAD,Carolina Hurricanes -1.5,-1.5,FREE,v5.0.0,,,,,,,,NHL,icehockey_nhl,,,
cmpy17zj803lrmyqq95mzj3go,2026-06-03T17:17:50.756Z,2026-06-05T05:18:24.075Z,55,WIN,TOTAL,OVER 8.5,8.5,FREE,v5.0.0,,,,,,,,MLB,baseball_mlb,,,
cmpy180fr03o3myqqmoiuz30w,2026-06-03T17:17:51.927Z,2026-06-05T10:46:42.818Z,56,WIN,TOTAL,OVER 5.8,5.777777777777778,FREE,v5.0.0,,,,,,,,NHL,icehockey_nhl,,,
cmpyc6jxf01dv3z05o5951i6w,2026-06-03T22:24:39.652Z,2026-06-05T05:18:23.394Z,74,LOSS,TOTAL,OVER 9.1,9.083333333333334,PREMIUM,v5.0.0,,,,,,,,MLB,baseball_mlb,,,
cmpyixwi703ljqlmd333kjb6y,2026-06-04T01:33:53.359Z,2026-06-05T05:18:24.274Z,82,LOSS,TOTAL,OVER 10.5,10.5,PREMIUM,v5.0.0,,,,,,,,MLB,baseball_mlb,,,
cmpyixwkg03lvqlmdkkd691oe,2026-06-04T01:33:53.440Z,2026-06-05T05:18:24.319Z,70,LOSS,SPREAD,New York Yankees -1.5,-1.5,PREMIUM,v5.0.0,,,,,,,,MLB,baseball_mlb,,,
cmpyixwl103lzqlmdi3lc1kjg,2026-06-04T01:33:53.461Z,2026-06-05T05:18:24.216Z,66,LOSS,SPREAD,Philadelphia Phillies -3.6,-3.583333333333333,FREE,v5.0.0,,,,,,,,MLB,baseball_mlb,,,
cmpyixwnh03mfqlmdvui6zdft,2026-06-04T01:33:53.549Z,2026-06-05T10:46:41.972Z,70,LOSS,TOTAL,OVER 9.0,9,PREMIUM,v5.0.0,,,,,,,,MLB,baseball_mlb,,,
cmpyo4mn801ffi6zm3tjsqisr,2026-06-04T03:59:05.252Z,2026-06-05T05:18:24.371Z,86,LOSS,TOTAL,UNDER 9.0,9,PREMIUM,v5.0.0,,,,,,,,MLB,baseball_mlb,,,
cmpyo4mpg01fri6zmz4l5yfzt,2026-06-04T03:59:05.332Z,2026-06-05T05:18:24.319Z,67,WIN,TOTAL,UNDER 4.6,4.583333333333333,FREE,v5.0.0,,,,,,,,MLB,baseball_mlb,,,
cmpyu0ic703nlzo8rg1jdgtfl,2026-06-04T06:43:50.743Z,2026-06-05T10:46:41.972Z,59,LOSS,SPREAD,Los Angeles Dodgers -1.5,1.5,FREE,v5.0.0,,,,,,,,MLB,baseball_mlb,,,
cmpyu0if203o5zo8rg64dzk9b,2026-06-04T06:43:50.846Z,2026-06-05T10:46:41.928Z,65,LOSS,TOTAL,OVER 8.5,8.5,FREE,v5.0.0,,,,,,,,MLB,baseball_mlb,,,
cmpyu0ijl03p1zo8regb7xuhv,2026-06-04T06:43:51.009Z,2026-06-05T05:18:24.371Z,67,WIN,SPREAD,San Francisco Giants -6.3,-6.25,FREE,v5.0.0,,,,,,,,MLB,baseball_mlb,,,
cmpyu0ik503p5zo8r0286djh1,2026-06-04T06:43:51.029Z,2026-06-05T05:18:24.216Z,67,WIN,TOTAL,OVER 8.5,8.5,FREE,v5.0.0,,,,,,,,MLB,baseball_mlb,,,
cmpyu0iku03p9zo8rsw78ku98,2026-06-04T06:43:51.054Z,2026-06-05T10:46:41.770Z,64,WIN,SPREAD,Kansas City Royals -1.5,-1.5,FREE,v5.0.0,,,,,,,,MLB,baseball_mlb,,,
cmpyu0ile03pdzo8rlj1nvtqf,2026-06-04T06:43:51.074Z,2026-06-05T10:46:41.849Z,71,LOSS,SPREAD,Chicago Cubs -1.5,-1.5,PREMIUM,v5.0.0,,,,,,,,MLB,baseball_mlb,,,
cmpyu0ily03phzo8r7uactxm2,2026-06-04T06:43:51.094Z,2026-06-05T05:18:24.274Z,95,WIN,SPREAD,Baltimore Orioles -7.7,-7.666666666666667,PREMIUM,v5.0.0,,,,,,,,MLB,baseball_mlb,,,
cmpz48buz03e35ob71qpne3cs,2026-06-04T11:29:51.755Z,2026-06-05T10:46:41.633Z,57,WIN,TOTAL,OVER 5.5,5.5,FREE,v5.0.0,,,,,,,,MLB,baseball_mlb,,,
cmpz48c0603ez5ob7wy5ffvqk,2026-06-04T11:29:51.942Z,2026-06-05T10:46:41.633Z,56,LOSS,SPREAD,Atlanta Braves -1.4,-1.416666666666667,FREE,v5.0.0,,,,,,,,MLB,baseball_mlb,,,
cmpz48c2s03ff5ob70nfgi3e8,2026-06-04T11:29:52.037Z,2026-06-05T10:46:41.770Z,51,WIN,TOTAL,OVER 8.9,8.88888888888889,FREE,v5.0.0,,,,,,,,MLB,baseball_mlb,,,
cmpz48c3g03fj5ob7etpo9ioi,2026-06-04T11:29:52.061Z,2026-06-05T10:46:41.928Z,50,WIN,SPREAD,Pittsburgh Pirates -0.2,0.1666666666666667,FREE,v5.0.0,,,,,,,,MLB,baseball_mlb,,,
cmpzcok3e03f3nianeh263yvn,2026-06-04T15:26:25.850Z,2026-06-05T10:46:41.849Z,74,LOSS,TOTAL,UNDER 10.1,10.11111111111111,PREMIUM,v5.0.0,,,,,,,,MLB,baseball_mlb,,,
cmq8q6q8303v8wfzwwrf8keqq,2026-06-11T04:54:24.195Z,2026-06-11T12:02:31.436Z,78,LOSS,SPREAD,San Antonio Spurs -13.3,-13.3125,PREMIUM,v5.0.0,,,,,,,,NBA,basketball_nba,,,
cmq8q6q8t03vcwfzwwn1pxp0o,2026-06-11T04:54:24.221Z,2026-06-11T12:02:31.436Z,89,LOSS,TOTAL,OVER 220.8,220.75,PREMIUM,v5.0.0,,,,,,,,NBA,basketball_nba,,,
cmq8q6tsu04rjwfzw66ndz4rn,2026-06-11T04:54:28.830Z,2026-06-11T06:36:19.747Z,92,WIN,SPREAD,Miami Marlins -2.5,-2.5,PREMIUM,v5.0.0,,,,,,,,MLB,baseball_mlb,,,
cmq8q6tti04rnwfzwpmewik2e,2026-06-11T04:54:28.854Z,2026-06-11T12:02:32.095Z,87,LOSS,SPREAD,Philadelphia Phillies -3.8,-3.75,PREMIUM,v5.0.0,,,,,,,,MLB,baseball_mlb,,,
cmq8q6tu404rrwfzwrjm7twa4,2026-06-11T04:54:28.877Z,2026-06-11T12:02:31.991Z,85,LOSS,SPREAD,Los Angeles Dodgers -1.8,-1.8125,PREMIUM,v5.0.0,,,,,,,,MLB,baseball_mlb,,,
cmq8q6tur04rvwfzwg5qgzxqm,2026-06-11T04:54:28.899Z,2026-06-11T12:02:32.141Z,83,WIN,SPREAD,St. Louis Cardinals -1.8,-1.8125,PREMIUM,v5.0.0,,,,,,,,MLB,baseball_mlb,,,
cmq8q6tvd04rzwfzwq7qvdq4c,2026-06-11T04:54:28.921Z,2026-06-12T03:13:21.116Z,100,WIN,SPREAD,Chicago Cubs -5.6,-5.5625,PREMIUM,v5.0.0,,,,,,,,MLB,baseball_mlb,,,
cmq8q6tw004s3wfzwhb6pi3a5,2026-06-11T04:54:28.944Z,2026-06-11T06:36:19.747Z,76,WIN,TOTAL,OVER 7.3,7.25,PREMIUM,v5.0.0,,,,,,,,MLB,baseball_mlb,,,
cmq8q6twm04s7wfzw2rpjh481,2026-06-11T04:54:28.966Z,2026-06-11T06:36:19.666Z,74,WIN,TOTAL,OVER 3.7,3.6875,PREMIUM,v5.0.0,,,,,,,,MLB,baseball_mlb,,,
cmq8q6tx804sbwfzwgazv9qm6,2026-06-11T04:54:28.988Z,2026-06-11T12:02:32.269Z,67,LOSS,SPREAD,Chicago Cubs -1.5,-1.5,FREE,v5.0.0,,,,,,,,MLB,baseball_mlb,,,
cmq8q6txv04sfwfzwz1jiq09d,2026-06-11T04:54:29.011Z,2026-06-12T03:13:20.994Z,53,LOSS,TOTAL,OVER 11.4,11.375,FREE,v5.0.0,,,,,,,,MLB,baseball_mlb,,,
cmq8q6tyg04sjwfzwtjy7jb5z,2026-06-11T04:54:29.033Z,2026-06-12T03:13:20.994Z,81,WIN,SPREAD,St. Louis Cardinals -1.4,-1.4375,PREMIUM,v5.0.0,,,,,,,,MLB,baseball_mlb,,,
cmq8q6tz204snwfzwvwp2y178,2026-06-11T04:54:29.054Z,2026-06-11T12:02:32.385Z,63,WIN,TOTAL,UNDER 8.7,8.681818181818182,FREE,v5.0.0,,,,,,,,MLB,baseball_mlb,,,
cmq8q6tzn04srwfzwc1ioi03k,2026-06-11T04:54:29.075Z,2026-06-12T09:59:44.002Z,88,LOSS,SPREAD,Los Angeles Dodgers -2.4,2.375,PREMIUM,v5.0.0,,,,,,,,MLB,baseball_mlb,,,
cmq8q6u0a04svwfzwowejm3ph,2026-06-11T04:54:29.098Z,2026-06-12T09:59:44.156Z,76,WIN,SPREAD,Baltimore Orioles -1.5,-1.5,PREMIUM,v5.0.0,,,,,,,,MLB,baseball_mlb,,,
cmq8q6u0y04szwfzwrrqkrtui,2026-06-11T04:54:29.122Z,2026-06-11T12:02:32.049Z,77,LOSS,SPREAD,Minnesota Twins -2.6,-2.642857142857143,PREMIUM,v5.0.0,,,,,,,,MLB,baseball_mlb,,,
cmq8q6u1j04t3wfzw5kyzjr02,2026-06-11T04:54:29.143Z,2026-06-12T00:43:42.362Z,51,WIN,TOTAL,OVER 9.5,9.5,FREE,v5.0.0,,,,,,,,MLB,baseball_mlb,,,
cmq8q6u2404t7wfzwvuoodkx2,2026-06-11T04:54:29.164Z,2026-06-12T00:43:42.263Z,81,WIN,TOTAL,UNDER 4.6,4.625,PREMIUM,v5.0.0,,,,,,,,MLB,baseball_mlb,,,
cmq8q6u2t04tbwfzwavey3iha,2026-06-11T04:54:29.190Z,2026-06-12T09:59:44.156Z,56,LOSS,TOTAL,UNDER 8.5,8.5,FREE,v5.0.0,,,,,,,,MLB,baseball_mlb,,,
cmq8q6u3h04tfwfzwle7m8isi,2026-06-11T04:54:29.214Z,2026-06-12T00:43:42.263Z,75,LOSS,SPREAD,Miami Marlins -2.4,-2.375,PREMIUM,v5.0.0,,,,,,,,MLB,baseball_mlb,,,
cmq8q6u4404tjwfzwih1sibcp,2026-06-11T04:54:29.236Z,2026-06-12T17:28:41.257Z,84,LOSS,TOTAL,OVER 10.4,10.4375,PREMIUM,v5.0.0,,,,,,,,MLB,baseball_mlb,,,
cmq8q6u4r04tnwfzwfg9egqd8,2026-06-11T04:54:29.259Z,2026-06-12T09:59:44.002Z,68,WIN,TOTAL,OVER 9.5,9.5,FREE,v5.0.0,,,,,,,,MLB,baseball_mlb,,,
cmq8q6u5d04trwfzwyp3mpggv,2026-06-11T04:54:29.281Z,2026-06-11T12:02:32.321Z,91,LOSS,SPREAD,Milwaukee Brewers -2.5,-2.5,PREMIUM,v5.0.0,,,,,,,,MLB,baseball_mlb,,,
cmq8q6u5z04tvwfzwf5webhfw,2026-06-11T04:54:29.303Z,2026-06-11T12:02:32.191Z,53,LOSS,SPREAD,Atlanta Braves -1.2,-1.181818181818182,FREE,v5.0.0,,,,,,,,MLB,baseball_mlb,,,
cmq8q6u6k04tzwfzwtx2ieq89,2026-06-11T04:54:29.324Z,2026-06-11T06:36:19.747Z,51,WIN,MONEYLINE,Miami Marlins ML (-649),-648.875,FREE,v5.0.0,,,,,,,,MLB,baseball_mlb,,,
cmq8q6v1w04wuwfzwca19posi,2026-06-11T04:54:30.452Z,2026-06-12T09:59:45.070Z,58,WIN,SPREAD,Carolina Hurricanes -1.5,-1.5,FREE,v5.0.0,,,,,,,,NHL,icehockey_nhl,,,
cmq8q6v2h04wywfzw591dxp6v,2026-06-11T04:54:30.473Z,2026-06-12T09:59:45.070Z,63,WIN,TOTAL,UNDER 6.2,6.181818181818182,FREE,v5.0.0,,,,,,,,NHL,icehockey_nhl,,,
cmq8werh103v2eflvjg9efea2,2026-06-11T07:48:36.757Z,2026-06-11T12:02:31.436Z,50,LOSS,MONEYLINE,San Antonio Spurs ML (-3510),-3509.875,FREE,v5.0.0,,,,,,,,NBA,basketball_nba,,,
cmq8weust04hueflv7gx1w1cn,2026-06-11T07:48:41.070Z,2026-06-11T12:02:32.321Z,96,WIN,TOTAL,UNDER 8.6,8.5625,PREMIUM,v5.0.0,,,,,,,,MLB,baseball_mlb,,,
cmq8weutn04hyeflv3y0h4vv8,2026-06-11T07:48:41.099Z,2026-06-11T12:02:32.385Z,94,LOSS,SPREAD,Los Angeles Angels -1.6,-1.5625,PREMIUM,v5.0.0,,,,,,,,MLB,baseball_mlb,,,
cmq8weuw504iaeflvw5jzkk6e,2026-06-11T07:48:41.189Z,2026-06-12T00:43:42.362Z,100,WIN,SPREAD,Detroit Tigers -6.7,-6.6875,PREMIUM,v5.0.0,,,,,,,,MLB,baseball_mlb,,,
cmq8wev2504j6eflvr5ucgwi8,2026-06-11T07:48:41.405Z,2026-06-12T17:28:41.257Z,59,WIN,SPREAD,Texas Rangers -1.5,1.5,FREE,v5.0.0,,,,,,,,MLB,baseball_mlb,,,
cmq969q3d03uku7jyasp158a4,2026-06-11T12:24:37.849Z,2026-06-14T11:04:03.650Z,85,LOSS,SPREAD,San Antonio Spurs -6.7,-6.6875,PREMIUM,v5.0.0,,,,,,,,NBA,basketball_nba,,,
cmq969q4s03uou7jyn5c5vaac,2026-06-11T12:24:37.900Z,2026-06-14T11:04:03.650Z,50,LOSS,TOTAL,OVER 215.7,215.7272727272727,FREE,v5.0.0,,,,,,,,NBA,basketball_nba,,,
cmq9fvq3q04b5lcgyxd8zkhz2,2026-06-11T16:53:40.838Z,2026-06-12T03:13:21.116Z,80,LOSS,TOTAL,UNDER 11.0,11,PREMIUM,v5.0.0,,,,,,,,MLB,baseball_mlb,,,
cmq9zwyzd04ireguc4bll5gc8,2026-06-12T02:14:31.321Z,2026-06-13T09:46:32.196Z,70,WIN,TOTAL,OVER 8.3,8.285714285714286,PREMIUM,v5.0.0,,,,,,,,MLB,baseball_mlb,,,
cmq9zwz0904ivegucc0syway7,2026-06-12T02:14:31.353Z,2026-06-13T09:46:31.830Z,71,WIN,SPREAD,Miami Marlins -1.4,1.4375,PREMIUM,v5.0.0,,,,,,,,MLB,baseball_mlb,,,
cmq9zwz0t04izeguc9bh2ka0m,2026-06-12T02:14:31.373Z,2026-06-13T09:46:32.852Z,59,WIN,TOTAL,OVER 9.4,9.444444444444445,FREE,v5.0.0,,,,,,,,MLB,baseball_mlb,,,
cmq9zwz2g04jbegucknmqbgp7,2026-06-12T02:14:31.433Z,2026-06-13T09:46:32.270Z,71,WIN,TOTAL,UNDER 8.5,8.5,PREMIUM,v5.0.0,,,,,,,,MLB,baseball_mlb,,,
cmq9zwz3004jfegucscu48zxd,2026-06-12T02:14:31.452Z,2026-06-13T09:46:32.536Z,62,WIN,TOTAL,UNDER 7.5,7.5,FREE,v5.0.0,,,,,,,,MLB,baseball_mlb,,,
cmq9zwz3m04jjegucf5ijg0zr,2026-06-12T02:14:31.474Z,2026-06-13T09:46:31.830Z,70,LOSS,TOTAL,UNDER 7.9,7.863636363636363,PREMIUM,v5.0.0,,,,,,,,MLB,baseball_mlb,,,
cmq9zwz4b04jnegucbylmdclq,2026-06-12T02:14:31.499Z,2026-06-13T09:46:32.661Z,66,LOSS,TOTAL,UNDER 9.0,8.954545454545455,FREE,v5.0.0,,,,,,,,MLB,baseball_mlb,,,
cmq9zwz4v04jregucv3i2em8r,2026-06-12T02:14:31.519Z,2026-06-13T09:46:32.907Z,95,LOSS,SPREAD,Tampa Bay Rays -1.5,1.5,PREMIUM,v5.0.0,,,,,,,,MLB,baseball_mlb,,,
cmqa3sn6a04e910js3vinibke,2026-06-12T04:03:07.859Z,2026-06-13T09:46:32.196Z,73,WIN,SPREAD,Boston Red Sox -1.5,-1.5,PREMIUM,v5.0.0,-1.5,,-1.5,,POINTS,0,MATCHED_CLOSE,MLB,baseball_mlb,,,
cmqa3snae04f110jscuzovau6,2026-06-12T04:03:08.007Z,2026-06-13T09:46:32.719Z,59,LOSS,TOTAL,UNDER 8.0,7.95,FREE,v5.0.0,7.9375,,7.95,,POINTS,-0.0125,LOST_TO_CLOSE,MLB,baseball_mlb,,,
cmqa3snax04f510jsoz505jyu,2026-06-12T04:03:08.025Z,2026-06-13T09:46:32.661Z,64,LOSS,SPREAD,Minnesota Twins -1.5,-1.454545454545455,FREE,v5.0.0,-1.5,,-1.5,,POINTS,0,MATCHED_CLOSE,MLB,baseball_mlb,,,
cmqa3snbu04fd10js4r25jzll,2026-06-12T04:03:08.058Z,2026-06-13T09:46:32.071Z,83,WIN,TOTAL,OVER 9.5,9.454545454545455,PREMIUM,v5.0.0,8.642857142857142,,9.454545454545455,,POINTS,0.8117,BEAT_CLOSE,MLB,baseball_mlb,,,
cmqa3sncb04fh10js70q22g7z,2026-06-12T04:03:08.075Z,2026-06-13T09:46:32.907Z,63,LOSS,TOTAL,OVER 9.0,8.954545454545455,FREE,v5.0.0,8.5,,8.954545454545455,,POINTS,0.4545,BEAT_CLOSE,MLB,baseball_mlb,,,
cmqa3sncr04fl10jsa2mx0hj5,2026-06-12T04:03:08.092Z,2026-06-13T13:30:33.667Z,66,WIN,SPREAD,Athletics -1.5,-1.5,FREE,v5.0.0,-1.5,,-1.5,,POINTS,0,MATCHED_CLOSE,MLB,baseball_mlb,,,
cmqa3snde04fp10js6ipyew8m,2026-06-12T04:03:08.114Z,2026-06-13T09:46:32.719Z,74,WIN,SPREAD,New York Mets -1.5,-1.5,PREMIUM,v5.0.0,1.5,,-1.5,,POINTS,3,BEAT_CLOSE,MLB,baseball_mlb,,,
cmqa3snex04fx10jskuks2tbt,2026-06-12T04:03:08.169Z,2026-06-13T09:46:32.852Z,59,WIN,SPREAD,Seattle Mariners -1.5,1.5,FREE,v5.0.0,1.5,,1.5,,POINTS,0,MATCHED_CLOSE,MLB,baseball_mlb,,,
cmqa3sngl04g910js25sxg3o9,2026-06-12T04:03:08.229Z,2026-06-13T09:46:32.071Z,86,WIN,SPREAD,Baltimore Orioles -3.9,-3.875,PREMIUM,v5.0.0,-1.5,,-1.5,,POINTS,0,MATCHED_CLOSE,MLB,baseball_mlb,,,
cmqa3snh404gd10js0gzx5tr7,2026-06-12T04:03:08.248Z,2026-06-13T09:46:32.536Z,60,WIN,SPREAD,Milwaukee Brewers -3.2,-3.1875,FREE,v5.0.0,-1.5,,-1.5,,POINTS,0,MATCHED_CLOSE,MLB,baseball_mlb,,,
cmqa3snij04gp10jsc9x3gq1y,2026-06-12T04:03:08.299Z,2026-06-13T09:46:32.598Z,75,WIN,TOTAL,OVER 9.5,9.5,PREMIUM,v5.0.0,9.055555555555555,,9.5,,POINTS,0.4444,BEAT_CLOSE,MLB,baseball_mlb,,,
cmqa3snj104gt10jsf5sarl1n,2026-06-12T04:03:08.318Z,2026-06-13T09:46:32.598Z,92,LOSS,SPREAD,Houston Astros -2.2,2.181818181818182,PREMIUM,v5.0.0,1.5,,1.5,,POINTS,0,MATCHED_CLOSE,MLB,baseball_mlb,,,
cmqa3snjm04gx10jsicc1c71z,2026-06-12T04:03:08.338Z,2026-06-13T09:46:32.343Z,66,LOSS,TOTAL,OVER 9.4,9.375,FREE,v5.0.0,9.444444444444445,,9.863636363636363,,POINTS,0.4192,BEAT_CLOSE,MLB,baseball_mlb,,,
cmqa3snk404h110jszpxq5kc4,2026-06-12T04:03:08.356Z,2026-06-13T13:30:33.667Z,56,LOSS,TOTAL,OVER 10.5,10.5,FREE,v5.0.0,13.5,,13.90909090909091,,POINTS,0.4091,BEAT_CLOSE,MLB,baseball_mlb,,,
cmqa9i7s004mhyst6xrd3hkky,2026-06-12T06:42:59.040Z,2026-06-13T09:46:32.406Z,50,WIN,TOTAL,OVER 8.0,8,FREE,v5.0.0,8,,8,,POINTS,0,MATCHED_CLOSE,MLB,baseball_mlb,,,
cmqa9i7uv04mxyst6ki83cbi6,2026-06-12T06:42:59.144Z,2026-06-13T09:46:32.469Z,51,WIN,TOTAL,OVER 8.9,8.909090909090908,FREE,v5.0.0,8.6,,8.909090909090908,,POINTS,0.3091,BEAT_CLOSE,MLB,baseball_mlb,,,
cmqa9i7w504n5yst6aoqn07w5,2026-06-12T06:42:59.189Z,2026-06-13T09:46:32.469Z,82,LOSS,SPREAD,Los Angeles Dodgers -2.4,2.4375,PREMIUM,v5.0.0,1.5,,1.5,,POINTS,0,MATCHED_CLOSE,MLB,baseball_mlb,,,
cmqa9i80c04ntyst6zt14qe29,2026-06-12T06:42:59.340Z,2026-06-13T09:46:32.270Z,86,LOSS,SPREAD,Cleveland Guardians -1.5,-1.5,PREMIUM,v5.0.0,1.5,,-1.227272727272727,,POINTS,2.7273,BEAT_CLOSE,MLB,baseball_mlb,,,
cmqa9i81o04o1yst6iqcgbsu2,2026-06-12T06:42:59.388Z,2026-06-13T13:30:33.836Z,59,LOSS,TOTAL,OVER 6.5,6.5,FREE,v5.0.0,8,,8.454545454545455,,POINTS,0.4545,BEAT_CLOSE,MLB,baseball_mlb,,,
cmqa9i82b04o5yst6swjcsbh5,2026-06-12T06:42:59.411Z,2026-06-13T09:46:32.343Z,76,LOSS,SPREAD,Cincinnati Reds -1.1,-1.0625,PREMIUM,v5.0.0,1.5,,0.4090909090909091,,POINTS,1.0909,BEAT_CLOSE,MLB,baseball_mlb,,,
cmqajnf6q04mdjqfnhez9rco1,2026-06-12T11:26:58.082Z,2026-06-13T09:46:32.406Z,94,LOSS,SPREAD,Toronto Blue Jays -4.8,-4.8125,PREMIUM,v5.0.0,0.6818181818181818,,-0.1363636363636364,,POINTS,0.8182,BEAT_CLOSE,MLB,baseball_mlb,,,
cmqajnf8k04mljqfnjm050kru,2026-06-12T11:26:58.148Z,2026-06-13T13:30:33.667Z,55,WIN,MONEYLINE,Athletics ML (-9400),-9400,FREE,v5.0.0,,-194,,-221,PROBABILITY,0.0286,BEAT_CLOSE,MLB,baseball_mlb,,,
cmqajng2404oxjqfn2bj4048q,2026-06-12T11:26:59.212Z,2026-06-15T11:36:41.980Z,89,WIN,SPREAD,Carolina Hurricanes -2.5,2.5,PREMIUM,v5.0.0,1.227272727272727,,1.5,,POINTS,0.2727,BEAT_CLOSE,NHL,icehockey_nhl,,,
cmqajng3104p1jqfn0pgvieq5,2026-06-12T11:26:59.245Z,2026-06-15T11:36:41.980Z,57,LOSS,TOTAL,UNDER 2.9,2.928571428571428,FREE,v5.0.0,5.818181818181818,,5.909090909090909,,POINTS,-0.0909,LOST_TO_CLOSE,NHL,icehockey_nhl,,,
cmqb5rezt04l1ulpiy6ls70rz,2026-06-12T21:45:56.009Z,2026-06-13T13:30:33.836Z,58,WIN,SPREAD,Chicago Cubs -3.5,3.5,FREE,v5.0.0,-1.227272727272727,,-0.6818181818181818,,POINTS,0.5455,BEAT_CLOSE,MLB,baseball_mlb,,,
cmqbaizcz04xtciuofdktzw10,2026-06-12T23:59:20.579Z,2026-06-14T05:19:15.786Z,82,LOSS,TOTAL,OVER 9.5,9.5,PREMIUM,v5.0.0,7.875,,7.590909090909091,,POINTS,-0.2841,LOST_TO_CLOSE,MLB,baseball_mlb,,,
cmqbaized04y1ciuoorbyvj3c,2026-06-12T23:59:20.629Z,2026-06-14T05:19:15.378Z,74,LOSS,TOTAL,OVER 12.5,12.5,PREMIUM,v5.0.0,9.875,,10.09090909090909,,POINTS,0.2159,BEAT_CLOSE,MLB,baseball_mlb,,,
cmqbaizew04y5ciuo9ojti61c,2026-06-12T23:59:20.648Z,2026-06-14T05:19:15.649Z,76,WIN,TOTAL,UNDER 4.5,4.5,PREMIUM,v5.0.0,8.5,,8.5,,POINTS,0,MATCHED_CLOSE,MLB,baseball_mlb,,,
cmqbaizfg04y9ciuoyhgdmkas,2026-06-12T23:59:20.668Z,2026-06-14T11:04:06.426Z,74,WIN,TOTAL,OVER 14.4,14.4375,PREMIUM,v5.0.0,8.375,,8.5,,POINTS,0.125,BEAT_CLOSE,MLB,baseball_mlb,,,
cmqbexwko053d11ay4ryhtm2u,2026-06-13T02:02:55.272Z,2026-06-14T05:19:15.649Z,76,WIN,SPREAD,Atlanta Braves -1.5,1.5,PREMIUM,v5.0.0,1.5,,-0.4090909090909091,,POINTS,-1.9091,LOST_TO_CLOSE,MLB,baseball_mlb,,,
cmqbexwma053l11ayxvj166ju,2026-06-13T02:02:55.331Z,2026-06-14T03:16:33.190Z,67,WIN,TOTAL,OVER 10.4,10.4375,FREE,v5.0.0,8.625,,9.363636363636363,,POINTS,0.7386,BEAT_CLOSE,MLB,baseball_mlb,,,
cmqbexwmx053p11ayjhnqou0q,2026-06-13T02:02:55.353Z,2026-06-14T03:16:33.427Z,54,WIN,SPREAD,New York Yankees -1.5,1.5,FREE,v5.0.0,1.5,,1.5,,POINTS,0,MATCHED_CLOSE,MLB,baseball_mlb,,,
cmqbexwqk054d11aycuzwn46q,2026-06-13T02:02:55.484Z,2026-06-14T11:04:06.659Z,75,WIN,TOTAL,UNDER 14.5,14.5,PREMIUM,v5.0.0,13.64285714285714,,14.5,,POINTS,-0.8571,LOST_TO_CLOSE,MLB,baseball_mlb,,,
cmqbexwtf054x11ayjboiz4g9,2026-06-13T02:02:55.587Z,2026-06-14T03:16:33.190Z,95,LOSS,SPREAD,St. Louis Cardinals -3.5,3.5,PREMIUM,v5.0.0,1.5,,0,,POINTS,-1.5,LOST_TO_CLOSE,MLB,baseball_mlb,,,
cmqbexwul055511aypshk7pef,2026-06-13T02:02:55.629Z,2026-06-14T11:04:06.599Z,69,LOSS,SPREAD,Kansas City Royals -1.5,-1.5,FREE,v5.0.0,-1.5,,-1.5,,POINTS,0,MATCHED_CLOSE,MLB,baseball_mlb,,,
cmqbexww9055h11ayllyan8xf,2026-06-13T02:02:55.690Z,2026-06-14T11:04:06.659Z,72,WIN,SPREAD,Athletics -1.5,-1.5,PREMIUM,v5.0.0,-1.5,,-1.5,,POINTS,0,MATCHED_CLOSE,MLB,baseball_mlb,,,
cmqbexwwv055l11ay33o4u5wm,2026-06-13T02:02:55.712Z,2026-06-14T05:19:15.849Z,67,WIN,TOTAL,UNDER 6.3,6.25,FREE,v5.0.0,7.9375,,7.5,,POINTS,0.4375,BEAT_CLOSE,MLB,baseball_mlb,,,
cmqbexwxg055p11ayiexow7x4,2026-06-13T02:02:55.732Z,2026-06-14T03:16:33.427Z,53,LOSS,TOTAL,OVER 4.5,4.5,FREE,v5.0.0,7.5,,7.5,,POINTS,0,MATCHED_CLOSE,MLB,baseball_mlb,,,
cmqbexwy4055t11ay10y3841b,2026-06-13T02:02:55.756Z,2026-06-14T05:19:15.849Z,88,WIN,SPREAD,Cleveland Guardians -1.7,-1.6875,PREMIUM,v5.0.0,1.5,,1.5,,POINTS,0,MATCHED_CLOSE,MLB,baseball_mlb,,,
cmqbexwyo055x11ayxtgtu4gf,2026-06-13T02:02:55.776Z,2026-06-14T11:04:06.599Z,89,LOSS,TOTAL,OVER 16.0,16,PREMIUM,v5.0.0,9.428571428571429,,9.5,,POINTS,0.0714,BEAT_CLOSE,MLB,baseball_mlb,,,
cmqbexwzv056511ay2tryi465,2026-06-13T02:02:55.819Z,2026-06-14T05:19:15.911Z,67,WIN,SPREAD,Los Angeles Dodgers -5.5,5.5,FREE,v5.0.0,1.5,,1.5,,POINTS,0,MATCHED_CLOSE,MLB,baseball_mlb,,,
cmqbexx1j056h11ay1gbx5ltf,2026-06-13T02:02:55.879Z,2026-06-14T05:19:15.712Z,64,LOSS,SPREAD,Arizona Diamondbacks -1.4,1.4375,FREE,v5.0.0,1.5,,1.5,,POINTS,0,MATCHED_CLOSE,MLB,baseball_mlb,,,
cmqbix5g0053h8aj2snv4u67r,2026-06-13T03:54:18.576Z,2026-06-14T05:19:15.712Z,59,LOSS,TOTAL,OVER 5.5,5.5,FREE,v5.0.0,9.0625,,9.5,,POINTS,0.4375,BEAT_CLOSE,MLB,baseball_mlb,,,
cmqbix5kc05498aj20k1pis1c,2026-06-13T03:54:18.732Z,2026-06-14T11:04:06.426Z,89,LOSS,SPREAD,Philadelphia Phillies -2.7,2.6875,PREMIUM,v5.0.0,-1.5,,-1.5,,POINTS,0,MATCHED_CLOSE,MLB,baseball_mlb,,,
cmqblshan051d7cfmq6ltd8y9,2026-06-13T05:14:39.503Z,2026-06-14T05:19:15.911Z,66,LOSS,TOTAL,OVER 8.5,8.5,FREE,v5.0.0,8.1875,,8.5,,POINTS,0.3125,BEAT_CLOSE,MLB,baseball_mlb,,,
cmqblshei05217cfmh8flouyx,2026-06-13T05:14:39.642Z,2026-06-13T09:46:32.270Z,50,WIN,MONEYLINE,Cleveland Guardians ML (-300),-300.375,FREE,v5.0.0,,-300,,-123,PROBABILITY,-0.1984,LOST_TO_CLOSE,MLB,baseball_mlb,,,
cmqbvw8m504j95xz2e1lzt1s4,2026-06-13T09:57:31.037Z,2026-06-14T05:19:15.588Z,84,LOSS,TOTAL,OVER 11.5,11.5,PREMIUM,v5.0.0,9,,9,,POINTS,0,MATCHED_CLOSE,MLB,baseball_mlb,,,
cmqbvw8os04jt5xz2c8qofqzt,2026-06-13T09:57:31.132Z,2026-06-14T11:04:06.753Z,58,LOSS,TOTAL,OVER 8.0,7.954545454545454,FREE,v5.0.0,7.863636363636363,,7.954545454545454,,POINTS,0.0909,BEAT_CLOSE,MLB,baseball_mlb,,,
cmqbvw8s904kl5xz2ft206jls,2026-06-13T09:57:31.257Z,2026-06-14T05:19:15.378Z,68,WIN,SPREAD,San Diego Padres -5.5,5.5,FREE,v5.0.0,-1.5,,-0.6818181818181818,,POINTS,0.8182,BEAT_CLOSE,MLB,baseball_mlb,,,
cmqbvw8up04l55xz2q9a6a45n,2026-06-13T09:57:31.345Z,2026-06-14T11:04:06.753Z,65,WIN,SPREAD,Chicago Cubs -1.5,1.5,FREE,v5.0.0,1.5,,1.5,,POINTS,0,MATCHED_CLOSE,MLB,baseball_mlb,,,
cmqbvw8xa04lp5xz25z669cwc,2026-06-13T09:57:31.438Z,2026-06-14T05:19:15.519Z,58,LOSS,SPREAD,Miami Marlins -1.5,1.5,FREE,v5.0.0,-1.5,,-0.1363636363636364,,POINTS,1.3636,BEAT_CLOSE,MLB,baseball_mlb,,,
cmqc34f0e04jjk7ib7yanew8m,2026-06-13T13:19:49.886Z,2026-06-14T11:04:06.812Z,68,LOSS,SPREAD,Tampa Bay Rays -1.5,1.5,FREE,v5.0.0,1.5,,1.5,,POINTS,0,MATCHED_CLOSE,MLB,baseball_mlb,,,
cmqc34f1v04jrk7ibujaskocn,2026-06-13T13:19:49.939Z,2026-06-14T05:19:15.519Z,52,LOSS,TOTAL,OVER 7.8,7.75,FREE,v5.0.0,9,,9.090909090909092,,POINTS,0.0909,BEAT_CLOSE,MLB,baseball_mlb,,,
cmqcbqkme04mpyrjjfd121tht,2026-06-13T17:21:00.518Z,2026-06-14T05:19:15.786Z,70,WIN,SPREAD,Boston Red Sox -2.5,-2.5,PREMIUM,v5.0.0,-0.6818181818181818,,-0.9545454545454546,,POINTS,0.2727,BEAT_CLOSE,MLB,baseball_mlb,,,
cmqcjwx1304n37blfrfj8gxny,2026-06-13T21:09:53.463Z,2026-06-14T05:19:15.588Z,72,WIN,SPREAD,Washington Nationals -4.5,-4.5,PREMIUM,v5.0.0,-0.9545454545454546,,0.1363636363636364,,POINTS,-1.0909,LOST_TO_CLOSE,MLB,baseball_mlb,,,
cmqcqe0yd04y913f3qubfpc34,2026-06-14T00:11:09.397Z,2026-06-15T01:39:13.447Z,55,WIN,TOTAL,UNDER 8.5,8.545454545454545,FREE,v5.0.0,8.5,,8.545454545454545,,POINTS,-0.0455,LOST_TO_CLOSE,MLB,baseball_mlb,,,
cmqcqe0zj04yd13f348jfpvsz,2026-06-14T00:11:09.439Z,2026-06-15T03:20:06.688Z,56,LOSS,TOTAL,OVER 4.5,4.5,FREE,v5.0.0,7.2,,6.5,,POINTS,-0.7,LOST_TO_CLOSE,MLB,baseball_mlb,,,
cmqcqe17y050113f3anv49p25,2026-06-14T00:11:09.743Z,2026-06-15T03:20:06.320Z,76,LOSS,TOTAL,OVER 11.1,11.07142857142857,PREMIUM,v5.0.0,8.4,,8.454545454545455,,POINTS,0.0545,BEAT_CLOSE,MLB,baseball_mlb,,,
cmqcqe18i050513f3jkybp5hz,2026-06-14T00:11:09.762Z,2026-06-15T05:21:29.337Z,94,WIN,SPREAD,Colorado Rockies -10.9,10.92857142857143,PREMIUM,v5.0.0,-1.5,,-1.5,,POINTS,0,MATCHED_CLOSE,MLB,baseball_mlb,,,
cmqcqe1bf050p13f3vqos8mpo,2026-06-14T00:11:09.867Z,2026-06-15T01:39:13.367Z,68,LOSS,TOTAL,OVER 10.1,10.125,FREE,v5.0.0,8.5,,8.5,,POINTS,0,MATCHED_CLOSE,MLB,baseball_mlb,,,
cmqcqe1c0050t13f3fy93ev7h,2026-06-14T00:11:09.888Z,2026-06-15T01:39:12.858Z,73,LOSS,SPREAD,Miami Marlins -2.4,2.357142857142857,PREMIUM,v5.0.0,-1.5,,-1.5,,POINTS,0,MATCHED_CLOSE,MLB,baseball_mlb,,,
cmqcqe1dn051513f317u2tovl,2026-06-14T00:11:09.947Z,2026-06-15T03:20:06.548Z,73,WIN,SPREAD,Chicago White Sox -1.5,-1.5,PREMIUM,v5.0.0,1.5,,1.5,,POINTS,0,MATCHED_CLOSE,MLB,baseball_mlb,,,
cmqcqe1e6051913f3djkayrmd,2026-06-14T00:11:09.966Z,2026-06-15T03:20:06.548Z,65,LOSS,TOTAL,OVER 10.5,10.5,FREE,v5.0.0,9.9,,9.5,,POINTS,-0.4,LOST_TO_CLOSE,MLB,baseball_mlb,,,
cmqcqe1eu051d13f3othl1rdc,2026-06-14T00:11:09.990Z,2026-06-15T01:39:12.858Z,56,WIN,TOTAL,OVER 5.6,5.642857142857143,FREE,v5.0.0,7.5,,7,,POINTS,-0.5,LOST_TO_CLOSE,MLB,baseball_mlb,,,
cmqcqe1fz051l13f3awotpwr8,2026-06-14T00:11:10.031Z,2026-06-15T03:20:06.758Z,65,LOSS,TOTAL,OVER 9.7,9.666666666666666,FREE,v5.0.0,8.5,,9.454545454545455,,POINTS,0.9545,BEAT_CLOSE,MLB,baseball_mlb,,,
cmqcqe1gl051p13f38p1x4d23,2026-06-14T00:11:10.053Z,2026-06-15T05:21:29.337Z,77,LOSS,TOTAL,OVER 32.5,32.5,PREMIUM,v5.0.0,14,,13.72727272727273,,POINTS,-0.2727,LOST_TO_CLOSE,MLB,baseball_mlb,,,
cmqctryhu050jw56nm2pwofsx,2026-06-14T01:45:58.242Z,2026-06-15T03:20:06.471Z,52,LOSS,TOTAL,OVER 9.9,9.909090909090908,FREE,v5.0.0,9.333333333333334,,9.909090909090908,,POINTS,0.5758,BEAT_CLOSE,MLB,baseball_mlb,,,
cmqctrymx051bw56nd7picpyt,2026-06-14T01:45:58.425Z,2026-06-15T01:39:13.279Z,69,LOSS,TOTAL,UNDER 10.7,10.6875,FREE,v5.0.0,9.555555555555555,,10.45454545454546,,POINTS,-0.899,LOST_TO_CLOSE,MLB,baseball_mlb,,,
cmqctryor051nw56n4ixo9unz,2026-06-14T01:45:58.492Z,2026-06-15T01:39:13.279Z,93,WIN,SPREAD,Washington Nationals -4.8,-4.75,PREMIUM,v5.0.0,1.5,,1.5,,POINTS,0,MATCHED_CLOSE,MLB,baseball_mlb,,,
cmqctrypj051rw56n0xxeb8sl,2026-06-14T01:45:58.514Z,2026-06-15T03:20:06.320Z,70,WIN,SPREAD,New York Yankees -3.9,3.928571428571428,PREMIUM,v5.0.0,1.5,,1.5,,POINTS,0,MATCHED_CLOSE,MLB,baseball_mlb,,,
cmqctryrf0523w56nput0yxkp,2026-06-14T01:45:58.587Z,2026-06-15T03:20:06.831Z,67,WIN,SPREAD,San Francisco Giants -3.5,-3.5,FREE,v5.0.0,-1.5,,-1.5,,POINTS,0,MATCHED_CLOSE,MLB,baseball_mlb,,,
cmqctryur052nw56no1lkxf10,2026-06-14T01:45:58.707Z,2026-06-15T01:39:13.151Z,70,LOSS,SPREAD,Baltimore Orioles -1.5,-1.5,PREMIUM,v5.0.0,-1.5,,-1.5,,POINTS,0,MATCHED_CLOSE,MLB,baseball_mlb,,,
cmqctryvd052rw56nriqzmmpg,2026-06-14T01:45:58.729Z,2026-06-15T03:20:06.471Z,59,WIN,SPREAD,Arizona Diamondbacks -1.5,1.5,FREE,v5.0.0,1.5,,1.5,,POINTS,0,MATCHED_CLOSE,MLB,baseball_mlb,,,
cmqctryx90533w56nux6pfyby,2026-06-14T01:45:58.797Z,2026-06-15T03:20:06.831Z,60,LOSS,TOTAL,OVER 6.5,6.5,FREE,v5.0.0,8,,8.136363636363637,,POINTS,0.1364,BEAT_CLOSE,MLB,baseball_mlb,,,
cmqctryza053fw56nqnjrh667,2026-06-14T01:45:58.871Z,2026-06-15T03:20:06.688Z,67,WIN,SPREAD,Milwaukee Brewers -3.5,-3.5,FREE,v5.0.0,1.5,,1.5,,POINTS,0,MATCHED_CLOSE,MLB,baseball_mlb,,,
cmqcwbzif0525dxpmg5z2slll,2026-06-14T02:57:31.911Z,2026-06-15T11:36:40.971Z,91,LOSS,SPREAD,Texas Rangers -3.3,3.25,PREMIUM,v5.0.0,1.5,,0.1363636363636364,,POINTS,-1.3636,LOST_TO_CLOSE,MLB,baseball_mlb,,,
cmqcwbzl7052ldxpm7nsextxa,2026-06-14T02:57:32.011Z,2026-06-14T05:19:15.378Z,51,WIN,MONEYLINE,San Diego Padres ML (-1240),-1240.125,FREE,v5.0.0,,-1240,,104,PROBABILITY,-0.4352,LOST_TO_CLOSE,MLB,baseball_mlb,,,
cmqcwbzlw052pdxpmuyaderzp,2026-06-14T02:57:32.036Z,2026-06-15T01:39:13.367Z,100,WIN,SPREAD,New York Mets -4.8,-4.8125,PREMIUM,v5.0.0,1,,-1.5,,POINTS,2.5,BEAT_CLOSE,MLB,baseball_mlb,,,
cmqcwbzmi052tdxpmn41h0uox,2026-06-14T02:57:32.058Z,2026-06-15T01:39:13.447Z,56,LOSS,SPREAD,Kansas City Royals -3.5,-3.5,FREE,v5.0.0,1,,-0.4090909090909091,,POINTS,1.4091,BEAT_CLOSE,MLB,baseball_mlb,,,
cmqcyn69604snb37t1qspdw6e,2026-06-14T04:02:13.098Z,2026-06-15T03:20:06.758Z,54,LOSS,SPREAD,St. Louis Cardinals -1.5,1.5,FREE,v5.0.0,1.5,,0,,POINTS,-1.5,LOST_TO_CLOSE,MLB,baseball_mlb,,,
cmqd4bhr604thviuqp40cxb0w,2026-06-14T06:41:05.826Z,2026-06-15T01:39:13.151Z,63,LOSS,TOTAL,OVER 7.4,7.375,FREE,v5.0.0,9.5,,10.27272727272727,,POINTS,0.7727,BEAT_CLOSE,MLB,baseball_mlb,,,
cmqd4bhsc04tlviuqhm300csa,2026-06-14T06:41:05.868Z,2026-06-15T11:36:40.971Z,79,LOSS,TOTAL,OVER 11.7,11.6875,PREMIUM,v5.0.0,9,,9.136363636363637,,POINTS,0.1364,BEAT_CLOSE,MLB,baseball_mlb,,,
cmqd4bhsw04tpviuq3x1ivwxj,2026-06-14T06:41:05.889Z,2026-06-14T11:04:06.426Z,50,WIN,MONEYLINE,Philadelphia Phillies ML (-1987),-1986.875,FREE,v5.0.0,,-1987,,139,PROBABILITY,-0.5337,LOST_TO_CLOSE,MLB,baseball_mlb,,,
cmqdm7tcx04j7z4ce894gjex8,2026-06-14T15:02:07.329Z,2026-06-15T05:21:29.493Z,67,WIN,SPREAD,Tampa Bay Rays -1.5,1.5,FREE,v5.0.0,1.5,,1.5,,POINTS,0,MATCHED_CLOSE,MLB,baseball_mlb,,,
cmqdm7tet04jfz4ce0kdbn0ua,2026-06-14T15:02:07.397Z,2026-06-15T05:21:29.493Z,52,WIN,TOTAL,OVER 9.3,9.3125,FREE,v5.0.0,9,,9,,POINTS,0,MATCHED_CLOSE,MLB,baseball_mlb,,,
cmqe5vrwk04i1k7c5ixetkr4z,2026-06-15T00:12:37.892Z,2026-06-16T10:28:15.339Z,71,WIN,TOTAL,OVER 11.6,11.5625,PREMIUM,v5.0.0,8.166666666666666,,9,,POINTS,0.8333,BEAT_CLOSE,MLB,baseball_mlb,,,
cmqe5vryo04idk7c5nvn57yv3,2026-06-15T00:12:37.968Z,2026-06-16T10:28:14.931Z,63,WIN,SPREAD,Washington Nationals -1.4,-1.4375,FREE,v5.0.0,-1.5,,-1.5,,POINTS,0,MATCHED_CLOSE,MLB,baseball_mlb,,,
cmqe5vrzg04ihk7c5sh42lsse,2026-06-15T00:12:37.996Z,2026-06-15T01:39:12.858Z,52,WIN,MONEYLINE,Miami Marlins ML (-15000),-15000,FREE,v5.0.0,,-15000,,134,PROBABILITY,-0.566,LOST_TO_CLOSE,MLB,baseball_mlb,,,
cmqe5vs0h04ilk7c5q8qghzvy,2026-06-15T00:12:38.033Z,2026-06-16T10:28:15.475Z,64,WIN,TOTAL,OVER 10.2,10.22727272727273,FREE,v5.0.0,10.125,,10.22727272727273,,POINTS,0.1023,BEAT_CLOSE,MLB,baseball_mlb,,,
cmqe96ogw04djxbu6an5w8bsj,2026-06-15T01:45:05.504Z,2026-06-16T10:28:15.408Z,59,LOSS,SPREAD,Arizona Diamondbacks -1.4,-1.375,FREE,v5.0.0,-1.5,,-1.5,,POINTS,0,MATCHED_CLOSE,MLB,baseball_mlb,,,
cmqe96oig04drxbu6yj4j21q4,2026-06-15T01:45:05.561Z,2026-06-16T10:28:15.408Z,63,LOSS,TOTAL,OVER 9.0,9,FREE,v5.0.0,8.625,,9,,POINTS,0.375,BEAT_CLOSE,MLB,baseball_mlb,,,
cmqe96okb04e3xbu6xmsxb2m7,2026-06-15T01:45:05.627Z,2026-06-16T10:28:14.736Z,89,WIN,SPREAD,Philadelphia Phillies -3.5,-3.5,PREMIUM,v5.0.0,-1.5,,-1.5,,POINTS,0,MATCHED_CLOSE,MLB,baseball_mlb,,,
cmqe96omv04ejxbu6or0m6qel,2026-06-15T01:45:05.719Z,2026-06-16T10:28:14.736Z,69,LOSS,TOTAL,OVER 8.2,8.1875,FREE,v5.0.0,7.5,,8,,POINTS,0.5,BEAT_CLOSE,MLB,baseball_mlb,,,
cmqe96onh04enxbu6hra6pi8t,2026-06-15T01:45:05.741Z,2026-06-16T10:28:15.003Z,100,WIN,SPREAD,Cincinnati Reds -4.9,-4.875,PREMIUM,v5.0.0,-1.5,,-1.5,,POINTS,0,MATCHED_CLOSE,MLB,baseball_mlb,,,
cmqe96opi04ezxbu6iias3x3e,2026-06-15T01:45:05.814Z,2026-06-15T03:20:06.831Z,53,WIN,MONEYLINE,San Francisco Giants ML (-2113),-2112.75,FREE,v5.0.0,,-2113,,-133,PROBABILITY,-0.384,LOST_TO_CLOSE,MLB,baseball_mlb,,,
cmqe96oq504f3xbu677bddyvi,2026-06-15T01:45:05.837Z,2026-06-16T10:28:15.475Z,79,WIN,SPREAD,Athletics -2.4,-2.375,PREMIUM,v5.0.0,-0.9,,-1.227272727272727,,POINTS,0.3273,BEAT_CLOSE,MLB,baseball_mlb,,,
cmqe96oqw04f7xbu6vebi3pca,2026-06-15T01:45:05.864Z,2026-06-16T10:28:15.544Z,56,LOSS,SPREAD,Los Angeles Dodgers -1.4,-1.375,FREE,v5.0.0,-1.5,,-1.5,,POINTS,0,MATCHED_CLOSE,MLB,baseball_mlb,,,
cmqefkmha042r68q2dgsatycb,2026-06-15T04:43:53.806Z,2026-06-16T10:28:15.339Z,100,WIN,SPREAD,Detroit Tigers -5.0,5,PREMIUM,v5.0.0,-1.5,,-0.6818181818181818,,POINTS,0.8182,BEAT_CLOSE,MLB,baseball_mlb,,,
cmqefkmiq042v68q2phl03ji4,2026-06-15T04:43:53.858Z,2026-06-16T10:28:14.931Z,64,WIN,TOTAL,OVER 9.5,9.454545454545455,FREE,v5.0.0,8.8,,9.454545454545455,,POINTS,0.6545,BEAT_CLOSE,MLB,baseball_mlb,,,
cmqemcy50043pqjvc8sry0g1q,2026-06-15T07:53:52.981Z,2026-06-16T10:28:15.544Z,89,LOSS,TOTAL,OVER 13.4,13.4375,PREMIUM,v5.0.0,9,,9.5,,POINTS,0.5,BEAT_CLOSE,MLB,baseball_mlb,,,
cmqemcy5w043tqjvcrz46rnew,2026-06-15T07:53:53.012Z,2026-06-16T10:28:15.170Z,83,LOSS,SPREAD,Colorado Rockies -1.4,1.4375,PREMIUM,v5.0.0,-1.5,,-1.5,,POINTS,0,MATCHED_CLOSE,MLB,baseball_mlb,,,
cmqez5zjb047rlioiiihu9d0l,2026-06-15T13:52:23.207Z,2026-06-16T10:28:15.272Z,72,LOSS,SPREAD,Texas Rangers -1.5,-1.5,PREMIUM,v5.0.0,-1.5,,-1.5,,POINTS,0,MATCHED_CLOSE,MLB,baseball_mlb,,,
cmqez5zk9047vlioim4ksnnhd,2026-06-15T13:52:23.241Z,2026-06-16T10:28:15.003Z,60,LOSS,TOTAL,UNDER 8.5,8.5,FREE,v5.0.0,8.045454545454545,,8.5,,POINTS,-0.4545,LOST_TO_CLOSE,MLB,baseball_mlb,,,
cmqez5zl4047zlioi62ls47at,2026-06-15T13:52:23.272Z,2026-06-16T10:28:15.098Z,61,WIN,SPREAD,St. Louis Cardinals -1.5,-1.454545454545455,FREE,v5.0.0,-1.5,,-1.5,,POINTS,0,MATCHED_CLOSE,MLB,baseball_mlb,,,
cmqez5zmc0487lioi6yncok21,2026-06-15T13:52:23.316Z,2026-06-16T10:28:15.098Z,50,LOSS,TOTAL,OVER 8.5,8.5,FREE,v5.0.0,8.5,,8.5,,POINTS,0,MATCHED_CLOSE,MLB,baseball_mlb,,,
cmqez5zoa048jlioirqv8311l,2026-06-15T13:52:23.386Z,2026-06-16T10:28:15.170Z,59,WIN,TOTAL,OVER 7.5,7.5,FREE,v5.0.0,9.1875,,9.5,,POINTS,0.3125,BEAT_CLOSE,MLB,baseball_mlb,,,
cmqfc8p740481qsud0iv2ltq2,2026-06-15T19:58:24.785Z,2026-06-16T10:28:15.272Z,75,LOSS,TOTAL,OVER 8.5,8.454545454545455,PREMIUM,v5.0.0,8,,8.454545454545455,,POINTS,0.4545,BEAT_CLOSE,MLB,baseball_mlb,,,
cmqfkzzyn04kfaaexue5spwqy,2026-06-16T00:03:35.375Z,2026-06-17T10:10:47.663Z,58,WIN,TOTAL,OVER 9.4,9.375,FREE,v5.0.0,8.125,,8.454545454545455,,POINTS,0.3295,BEAT_CLOSE,MLB,baseball_mlb,,,
cmqfkzzzw04kjaaex6nn3e8ul,2026-06-16T00:03:35.420Z,2026-06-17T10:10:48.874Z,51,WIN,TOTAL,UNDER 8.0,8.045454545454545,FREE,v5.0.0,8.166666666666666,,8.045454545454545,,POINTS,0.1212,BEAT_CLOSE,MLB,baseball_mlb,,,
cmqfl003g04l3aaex39h8cght,2026-06-16T00:03:35.548Z,2026-06-17T10:10:47.975Z,59,LOSS,TOTAL,UNDER 8.5,8.5,FREE,v5.0.0,8.25,,8.5,,POINTS,-0.25,LOST_TO_CLOSE,MLB,baseball_mlb,,,
cmqfl004104l7aaex5jm81g3j,2026-06-16T00:03:35.569Z,2026-06-17T10:10:48.343Z,81,WIN,TOTAL,UNDER 6.6,6.5625,PREMIUM,v5.0.0,8.125,,8.272727272727273,,POINTS,-0.1477,LOST_TO_CLOSE,MLB,baseball_mlb,,,
cmqfl004n04lbaaextr2lgcdh,2026-06-16T00:03:35.591Z,2026-06-17T10:10:48.490Z,96,LOSS,TOTAL,OVER 14.5,14.5,PREMIUM,v5.0.0,8.5,,8.409090909090908,,POINTS,-0.0909,LOST_TO_CLOSE,MLB,baseball_mlb,,,
cmqfl005a04lfaaexvs5dzem1,2026-06-16T00:03:35.614Z,2026-06-17T10:10:48.799Z,59,WIN,TOTAL,UNDER 7.7,7.6875,FREE,v5.0.0,7.5,,7.5,,POINTS,0,MATCHED_CLOSE,MLB,baseball_mlb,,,
cmqfrah9604pjm0luou77d45i,2026-06-16T02:59:42.042Z,2026-06-17T10:10:48.723Z,52,WIN,TOTAL,OVER 10.4,10.375,FREE,v5.0.0,10.5,,10.95454545454546,,POINTS,0.4545,BEAT_CLOSE,MLB,baseball_mlb,,,
cmqfrahgj04qvm0lu834rvnu0,2026-06-16T02:59:42.307Z,2026-06-17T10:10:48.270Z,76,WIN,TOTAL,UNDER 8.0,8.045454545454545,PREMIUM,v5.0.0,8.5,,8.045454545454545,,POINTS,0.4545,BEAT_CLOSE,MLB,baseball_mlb,,,
cmqfrahh204qzm0luo7sn9lv3,2026-06-16T02:59:42.326Z,2026-06-17T10:10:47.663Z,69,WIN,SPREAD,Philadelphia Phillies -2.6,-2.5625,FREE,v5.0.0,-1.5,,-1.5,,POINTS,0,MATCHED_CLOSE,MLB,baseball_mlb,,,
cmqfrahhm04r3m0lu1axvptwt,2026-06-16T02:59:42.346Z,2026-06-17T10:10:48.053Z,65,WIN,SPREAD,New York Yankees -9.5,-9.5,FREE,v5.0.0,-1.5,,-1.5,,POINTS,0,MATCHED_CLOSE,MLB,baseball_mlb,,,
cmqfrahi704r7m0lujxow4fy8,2026-06-16T02:59:42.367Z,2026-08-06T16:17:12.093Z,72,LOSS,SPREAD,Atlanta Braves -1.5,-1.5,PREMIUM,v5.0.0,-1.5,,-1.5,,POINTS,0,MATCHED_CLOSE,MLB,baseball_mlb,,,
cmqfrahis04rbm0lukc2rb2no,2026-06-16T02:59:42.388Z,2026-06-17T10:10:48.799Z,61,LOSS,SPREAD,Baltimore Orioles -1.0,1,FREE,v5.0.0,-1.5,,-1.5,,POINTS,0,MATCHED_CLOSE,MLB,baseball_mlb,,,
cmqfrahk204rjm0lulwfyftfj,2026-06-16T02:59:42.434Z,2026-06-17T10:10:48.343Z,71,LOSS,SPREAD,St. Louis Cardinals -1.4,-1.375,PREMIUM,v5.0.0,1.5,,-0.1363636363636364,,POINTS,1.6364,BEAT_CLOSE,MLB,baseball_mlb,,,
cmqfrahlp04rvm0luksycr505,2026-06-16T02:59:42.493Z,2026-06-17T10:10:48.565Z,60,WIN,SPREAD,Houston Astros -1.4,-1.375,FREE,v5.0.0,-1.5,,-1.5,,POINTS,0,MATCHED_CLOSE,MLB,baseball_mlb,,,
cmqfrahmb04rzm0luxr4tqwb8,2026-06-16T02:59:42.515Z,2026-06-17T10:10:48.171Z,58,LOSS,TOTAL,OVER 8.5,8.5,FREE,v5.0.0,9.5,,9.909090909090908,,POINTS,0.4091,BEAT_CLOSE,MLB,baseball_mlb,,,
cmqfrahmy04s3m0lulxr8557x,2026-06-16T02:59:42.538Z,2026-06-17T10:10:48.874Z,70,LOSS,SPREAD,Los Angeles Dodgers -1.5,-1.5,PREMIUM,v5.0.0,-1.5,,-1.5,,POINTS,0,MATCHED_CLOSE,MLB,baseball_mlb,,,
cmqfrahnl04s7m0lu6xtg8x4x,2026-06-16T02:59:42.561Z,2026-06-17T10:10:48.640Z,60,WIN,SPREAD,Los Angeles Angels -1.4,1.4375,FREE,v5.0.0,1.5,,0.4090909090909091,,POINTS,-1.0909,LOST_TO_CLOSE,MLB,baseball_mlb,,,
cmqfraho704sbm0lug91oetmn,2026-06-16T02:59:42.583Z,2026-06-17T10:10:48.270Z,66,LOSS,SPREAD,Milwaukee Brewers -1.5,-1.5,FREE,v5.0.0,-1.5,,-1.5,,POINTS,0,MATCHED_CLOSE,MLB,baseball_mlb,,,
cmqfrahor04sfm0lun4j91zwl,2026-06-16T02:59:42.603Z,2026-08-06T16:17:12.093Z,78,WIN,TOTAL,OVER 12.5,12.5,PREMIUM,v5.0.0,8.9375,,9,,POINTS,0.0625,BEAT_CLOSE,MLB,baseball_mlb,,,
cmqfrahpc04sjm0lu6attuwkj,2026-06-16T02:59:42.624Z,2026-06-17T10:10:48.490Z,71,WIN,SPREAD,Minnesota Twins -8.1,8.125,PREMIUM,v5.0.0,-1.5,,-1.5,,POINTS,0,MATCHED_CLOSE,MLB,baseball_mlb,,,
cmqfrahqg04srm0ludl71n6rt,2026-06-16T02:59:42.664Z,2026-06-17T10:10:48.640Z,79,WIN,TOTAL,UNDER 7.8,7.75,PREMIUM,v5.0.0,8.714285714285714,,8.5,,POINTS,0.2143,BEAT_CLOSE,MLB,baseball_mlb,,,
cmqfrahrj04szm0luyz74m417,2026-06-16T02:59:42.704Z,2026-06-17T10:10:48.565Z,75,LOSS,TOTAL,OVER 8.5,8.454545454545455,PREMIUM,v5.0.0,7.714285714285714,,8.454545454545455,,POINTS,0.7403,BEAT_CLOSE,MLB,baseball_mlb,,,
cmqfv6ppf04srmk73piy5x8fe,2026-06-16T04:48:44.836Z,2026-06-17T10:10:48.723Z,85,LOSS,SPREAD,Athletics -1.5,-1.5,PREMIUM,v5.0.0,-1.5,,-1.5,,POINTS,0,MATCHED_CLOSE,MLB,baseball_mlb,,,
cmqfv6pr204t3mk73zwjuaksj,2026-06-16T04:48:44.894Z,2026-06-16T10:28:15.003Z,52,WIN,MONEYLINE,Cincinnati Reds ML (-1474),-1474.125,FREE,v5.0.0,,-1474,,-139,PROBABILITY,-0.3549,LOST_TO_CLOSE,MLB,baseball_mlb,,,
cmqfv6prm04t7mk73all5r7fs,2026-06-16T04:48:44.914Z,2026-06-17T10:10:48.416Z,100,WIN,SPREAD,Colorado Rockies -2.5,2.5,PREMIUM,v5.0.0,-1.5,,-1.5,,POINTS,0,MATCHED_CLOSE,MLB,baseball_mlb,,,
cmqg1umnu04n1wspbuieizd6s,2026-06-16T07:55:18.330Z,2026-06-17T10:10:48.053Z,80,LOSS,TOTAL,OVER 14.5,14.5,PREMIUM,v5.0.0,7.5,,7.727272727272728,,POINTS,0.2273,BEAT_CLOSE,MLB,baseball_mlb,,,
cmqg1umro04npwspb3qqcd8p8,2026-06-16T07:55:18.469Z,2026-06-17T10:10:48.171Z,74,WIN,SPREAD,Cincinnati Reds -1.5,-1.5,PREMIUM,v5.0.0,1.5,,1.5,,POINTS,0,MATCHED_CLOSE,MLB,baseball_mlb,,,
cmqg1umsb04ntwspb5l6bnjf6,2026-06-16T07:55:18.491Z,2026-06-17T10:10:47.975Z,77,WIN,SPREAD,Washington Nationals -1.4,-1.375,PREMIUM,v5.0.0,-1.2,,-1.5,,POINTS,0.3,BEAT_CLOSE,MLB,baseball_mlb,,,
cmqg1umu404o5wspbtbhzgyty,2026-06-16T07:55:18.556Z,2026-06-17T10:10:48.416Z,51,LOSS,TOTAL,OVER 10.0,9.954545454545455,FREE,v5.0.0,9.5,,9.954545454545455,,POINTS,0.4545,BEAT_CLOSE,MLB,baseball_mlb,,,
cmqge7bv104h1lh0qtmhibpyr,2026-06-16T13:41:06.253Z,2026-06-17T10:10:47.886Z,73,LOSS,SPREAD,Boston Red Sox -1.4,-1.375,PREMIUM,v5.0.0,1.5,,1.5,,POINTS,0,MATCHED_CLOSE,MLB,baseball_mlb,,,
cmqge7c4l04itlh0qpdnyfs5i,2026-06-16T13:41:06.597Z,2026-06-17T10:10:47.886Z,66,LOSS,TOTAL,OVER 7.4,7.4375,FREE,v5.0.0,7.5,,7.5,,POINTS,0,MATCHED_CLOSE,MLB,baseball_mlb,,,
cmqh5m2xq04yf46686ce035k5,2026-06-17T02:28:24.158Z,2026-06-18T01:28:49.800Z,85,LOSS,TOTAL,UNDER 9.0,9,PREMIUM,v5.0.0,8.928571428571429,,9.318181818181818,,POINTS,-0.3896,LOST_TO_CLOSE,MLB,baseball_mlb,,,
cmqh5m2yv04yj4668zfnwgc0i,2026-06-17T02:28:24.199Z,2026-06-18T12:03:57.897Z,60,WIN,TOTAL,OVER 14.4,14.42857142857143,FREE,v5.0.0,8.5,,8.454545454545455,,POINTS,-0.0455,LOST_TO_CLOSE,MLB,baseball_mlb,,,
cmqh5m32704z34668cosmwzid,2026-06-17T02:28:24.319Z,2026-06-18T12:03:57.771Z,52,LOSS,TOTAL,OVER 3.5,3.5,FREE,v5.0.0,9.5,,10,,POINTS,0.5,BEAT_CLOSE,MLB,baseball_mlb,,,
cmqh5m3cd050z46682wvkikoe,2026-06-17T02:28:24.685Z,2026-06-18T03:51:30.243Z,69,LOSS,SPREAD,Detroit Tigers -1.5,1.5,FREE,v5.0.0,1.5,,1.5,,POINTS,0,MATCHED_CLOSE,MLB,baseball_mlb,,,
cmqh5m3ea051b4668ql520110,2026-06-17T02:28:24.754Z,2026-06-18T01:28:49.577Z,68,WIN,SPREAD,New York Mets -6.4,6.375,FREE,v5.0.0,1.5,,1.5,,POINTS,0,MATCHED_CLOSE,MLB,baseball_mlb,,,
cmqh5m3ew051f4668ihu8y4i1,2026-06-17T02:28:24.776Z,2026-06-18T01:28:49.723Z,88,LOSS,SPREAD,Kansas City Royals -4.6,4.571428571428571,PREMIUM,v5.0.0,1.5,,-1.5,,POINTS,-3,LOST_TO_CLOSE,MLB,baseball_mlb,,,
cmqh5m3fp051j46682fd1pi0q,2026-06-17T02:28:24.805Z,2026-06-18T03:51:30.243Z,62,LOSS,TOTAL,OVER 8.5,8.454545454545455,FREE,v5.0.0,8.285714285714286,,8.454545454545455,,POINTS,0.1688,BEAT_CLOSE,MLB,baseball_mlb,,,
cmqh5m3gb051n4668ne9681p1,2026-06-17T02:28:24.827Z,2026-06-18T03:51:39.129Z,59,WIN,SPREAD,Arizona Diamondbacks -6.7,-6.666666666666667,FREE,v5.0.0,-1.5,,-1.5,,POINTS,0,MATCHED_CLOSE,MLB,baseball_mlb,,,
cmqh5m3h7051r4668gddki54o,2026-06-17T02:28:24.859Z,2026-06-18T12:03:57.897Z,71,LOSS,SPREAD,New York Yankees -5.7,-5.6875,PREMIUM,v5.0.0,-1.5,,-1.5,,POINTS,0,MATCHED_CLOSE,MLB,baseball_mlb,,,
cmqh5m3hr051v4668jramwy33,2026-06-17T02:28:24.880Z,2026-06-18T12:03:58.013Z,74,LOSS,SPREAD,San Francisco Giants -2.5,2.5,PREMIUM,v5.0.0,-1.5,,-1.5,,POINTS,0,MATCHED_CLOSE,MLB,baseball_mlb,,,
cmqh5m3ib051z4668s67cg0lq,2026-06-17T02:28:24.899Z,2026-06-18T12:03:58.117Z,64,LOSS,TOTAL,OVER 13.3,13.25,FREE,v5.0.0,7.875,,7.5,,POINTS,-0.375,LOST_TO_CLOSE,MLB,baseball_mlb,,,
cmqh5m3iw052346683shtxkkh,2026-06-17T02:28:24.920Z,2026-06-18T12:03:58.397Z,73,LOSS,SPREAD,Baltimore Orioles -3.1,3.142857142857143,PREMIUM,v5.0.0,-1.5,,-1.5,,POINTS,0,MATCHED_CLOSE,MLB,baseball_mlb,,,
cmqh5m3jg05274668fss8zqzd,2026-06-17T02:28:24.940Z,2026-06-18T01:28:49.577Z,68,LOSS,TOTAL,UNDER 9.6,9.571428571428571,FREE,v5.0.0,9,,9,,POINTS,0,MATCHED_CLOSE,MLB,baseball_mlb,,,
cmqh5m3k1052b46687woynl8i,2026-06-17T02:28:24.961Z,2026-06-18T12:03:58.013Z,85,WIN,TOTAL,OVER 11.8,11.78571428571429,PREMIUM,v5.0.0,9,,8.954545454545455,,POINTS,-0.0455,LOST_TO_CLOSE,MLB,baseball_mlb,,,
cmqh5m3kn052f4668dbnvi5v2,2026-06-17T02:28:24.983Z,2026-06-18T12:03:58.294Z,80,LOSS,TOTAL,OVER 16.5,16.5,PREMIUM,v5.0.0,10.07142857142857,,10.40909090909091,,POINTS,0.3377,BEAT_CLOSE,MLB,baseball_mlb,,,
cmqh5m3l9052j4668cqu0p2yb,2026-06-17T02:28:25.005Z,2026-06-18T12:03:58.397Z,55,WIN,TOTAL,OVER 6.2,6.214285714285714,FREE,v5.0.0,7.5,,7.5,,POINTS,0,MATCHED_CLOSE,MLB,baseball_mlb,,,
cmqh5m3n2052v4668od7e7now,2026-06-17T02:28:25.070Z,2026-06-18T03:51:39.129Z,81,LOSS,TOTAL,OVER 9.5,9.5,PREMIUM,v5.0.0,9.1,,9.045454545454545,,POINTS,-0.0545,LOST_TO_CLOSE,MLB,baseball_mlb,,,
cmqh916rh050d13dkivg5p3ei,2026-06-17T04:04:07.805Z,2026-06-18T03:51:39.063Z,80,LOSS,SPREAD,Tampa Bay Rays -1.4,1.375,PREMIUM,v5.0.0,-1.5,,-1.5,,POINTS,0,MATCHED_CLOSE,MLB,baseball_mlb,,,
cmqh916t9050l13dkeclpn6ud,2026-06-17T04:04:07.869Z,2026-06-18T12:03:58.294Z,57,WIN,SPREAD,Pittsburgh Pirates -7.5,7.5,FREE,v5.0.0,1.5,,1.5,,POINTS,0,MATCHED_CLOSE,MLB,baseball_mlb,,,
cmqhfamcm018tj3ox6hz3ckry,2026-06-17T06:59:25.606Z,2026-06-18T12:03:57.771Z,61,WIN,SPREAD,Toronto Blue Jays -2.5,2.5,FREE,v5.0.0,-0.9545454545454546,,-0.09090909090909091,,POINTS,0.8636,BEAT_CLOSE,MLB,baseball_mlb,,,
cmqhfamg3019hj3oxbzxwn4zc,2026-06-17T06:59:25.731Z,2026-06-18T12:03:58.204Z,75,LOSS,SPREAD,Chicago Cubs -3.6,-3.642857142857143,PREMIUM,v5.0.0,-1.5,,-1.5,,POINTS,0,MATCHED_CLOSE,MLB,baseball_mlb,,,
cmqhfamh9019pj3oxm7z6rkmx,2026-06-17T06:59:25.773Z,2026-06-17T10:10:48.171Z,51,WIN,MONEYLINE,Cincinnati Reds ML (-5650),-5650,FREE,v5.0.0,,-5650,,-48,PROBABILITY,-0.6583,LOST_TO_CLOSE,MLB,baseball_mlb,,,
cmqhqji6900rrasywccgg8jej,2026-06-17T12:14:15.873Z,2026-06-18T12:03:58.117Z,57,WIN,SPREAD,Milwaukee Brewers -4.9,-4.9375,FREE,v5.0.0,-0.9545454545454546,,-1.227272727272727,,POINTS,0.2727,BEAT_CLOSE,MLB,baseball_mlb,,,
cmqhqji7600rvasyw1xvmb9q9,2026-06-17T12:14:15.906Z,2026-06-18T03:51:39.063Z,88,LOSS,TOTAL,OVER 10.4,10.375,PREMIUM,v5.0.0,7.5,,7.090909090909091,,POINTS,-0.4091,LOST_TO_CLOSE,MLB,baseball_mlb,,,
cmqi0sr0h00t7vmnftqi85u0h,2026-06-17T17:01:23.393Z,2026-06-18T12:03:58.204Z,68,WIN,TOTAL,OVER 11.9,11.9375,FREE,v5.0.0,10,,10,,POINTS,0,MATCHED_CLOSE,MLB,baseball_mlb,,,
cmqi0sr8700tbvmnfdb9hgfrv,2026-06-17T17:01:23.671Z,2026-06-18T03:51:30.316Z,54,LOSS,TOTAL,OVER 10.3,10.25,FREE,v5.0.0,10.07142857142857,,10.27272727272727,,POINTS,0.2013,BEAT_CLOSE,MLB,baseball_mlb,,,
cmqi9o17k00sxyeosvveng1kv,2026-06-17T21:09:39.872Z,2026-06-18T03:51:30.316Z,72,WIN,SPREAD,San Diego Padres -4.9,4.857142857142857,PREMIUM,v5.0.0,-1.5,,-1.5,,POINTS,0,MATCHED_CLOSE,MLB,baseball_mlb,,,
cmqi9o1k700upyeosu8xbrrla,2026-06-17T21:09:40.328Z,2026-06-18T01:28:49.723Z,58,WIN,TOTAL,UNDER 8.9,8.928571428571429,FREE,v5.0.0,10.5,,10.5,,POINTS,0,MATCHED_CLOSE,MLB,baseball_mlb,,,
cmqiezzw300x1hliurvt4n9ri,2026-06-17T23:38:56.116Z,2026-06-18T01:28:49.800Z,89,WIN,SPREAD,Miami Marlins -1.8,1.75,PREMIUM,v5.0.0,1.75,,-0.4090909090909091,,POINTS,-2.1591,LOST_TO_CLOSE,MLB,baseball_mlb,,,
cmqiezzyq00xdhliuurkn09it,2026-06-17T23:38:56.210Z,2026-08-06T16:17:12.093Z,81,WIN,SPREAD,San Francisco Giants -1.2,1.166666666666667,PREMIUM,v5.0.0,1.166666666666667,,-1.5,,POINTS,-2.6667,LOST_TO_CLOSE,MLB,baseball_mlb,,,
cmqiezzzc00xhhliuvux33dja,2026-06-17T23:38:56.232Z,2026-06-19T02:27:01.397Z,60,LOSS,TOTAL,OVER 6.5,6.5,FREE,v5.0.0,7.5,,7.5,,POINTS,0,MATCHED_CLOSE,MLB,baseball_mlb,,,
cmqif00dk00zthliukcs3ft8j,2026-06-17T23:38:56.744Z,2026-06-19T02:27:01.397Z,75,WIN,SPREAD,Cleveland Guardians -1.5,1.5,PREMIUM,v5.0.0,-1.5,,-1.5,,POINTS,0,MATCHED_CLOSE,MLB,baseball_mlb,,,
cmqif00e600zxhliuecwlayhd,2026-06-17T23:38:56.766Z,2026-08-06T16:17:12.093Z,56,WIN,TOTAL,OVER 7.8,7.8125,FREE,v5.0.0,8.375,,7.8125,,POINTS,-0.5625,LOST_TO_CLOSE,MLB,baseball_mlb,,,
cmqif00fi0105hliu3euklz99,2026-06-17T23:38:56.814Z,2026-06-19T02:27:01.216Z,68,LOSS,TOTAL,OVER 7.8,7.785714285714286,FREE,v5.0.0,8.5,,9.5,,POINTS,1,BEAT_CLOSE,MLB,baseball_mlb,,,
cmqif00g80109hliude3g7t47,2026-06-17T23:38:56.841Z,2026-06-19T10:20:53.142Z,70,LOSS,SPREAD,New York Mets -3.4,3.4375,PREMIUM,v5.0.0,-1.5,,-0.1363636363636364,,POINTS,1.3636,BEAT_CLOSE,MLB,baseball_mlb,,,
cmqif00h5010dhliukacwp0x8,2026-06-17T23:38:56.873Z,2026-06-19T10:20:53.405Z,55,WIN,SPREAD,Kansas City Royals -7.5,-7.5,FREE,v5.0.0,-1.5,,0.1363636363636364,,POINTS,-1.6364,LOST_TO_CLOSE,MLB,baseball_mlb,,,
cmqik20a200u59lkbym0srety,2026-06-18T02:00:28.010Z,2026-06-19T10:20:53.299Z,75,WIN,SPREAD,Chicago White Sox -3.6,3.5625,PREMIUM,v5.0.0,-1.5,,-1.5,,POINTS,0,MATCHED_CLOSE,MLB,baseball_mlb,,,
cmqik20aw00u99lkb4ljsbg6x,2026-06-18T02:00:28.040Z,2026-06-19T10:20:53.299Z,79,WIN,TOTAL,UNDER 6.6,6.625,PREMIUM,v5.0.0,9.428571428571429,,9.954545454545455,,POINTS,-0.526,LOST_TO_CLOSE,MLB,baseball_mlb,,,
cmqik20bh00ud9lkbyizmlxuk,2026-06-18T02:00:28.061Z,2026-06-19T02:27:01.216Z,74,LOSS,SPREAD,Toronto Blue Jays -1.5,1.5,PREMIUM,v5.0.0,1.5,,-1.5,,POINTS,-3,LOST_TO_CLOSE,MLB,baseball_mlb,,,
cmqik20c100uh9lkbezg5zhyb,2026-06-18T02:00:28.081Z,2026-06-19T04:58:53.226Z,90,LOSS,SPREAD,Minnesota Twins -6.7,6.7,PREMIUM,v5.0.0,1.5,,1.5,,POINTS,0,MATCHED_CLOSE,MLB,baseball_mlb,,,
cmqik20cn00ul9lkbyoee7wwx,2026-06-18T02:00:28.103Z,2026-06-19T04:58:53.452Z,51,WIN,SPREAD,Seattle Mariners -2.5,-2.5,FREE,v5.0.0,-1.5,,-1.5,,POINTS,0,MATCHED_CLOSE,MLB,baseball_mlb,,,
cmqik20fh00v59lkb0k4kuym3,2026-06-18T02:00:28.205Z,2026-06-19T04:58:53.452Z,58,WIN,TOTAL,UNDER 6.8,6.75,FREE,v5.0.0,7.9375,,7.590909090909091,,POINTS,0.3466,BEAT_CLOSE,MLB,baseball_mlb,,,
cmqik20g300v99lkbtusda7c9,2026-06-18T02:00:28.227Z,2026-06-19T10:20:53.142Z,52,LOSS,TOTAL,OVER 11.4,11.4375,FREE,v5.0.0,9.142857142857142,,9.954545454545455,,POINTS,0.8117,BEAT_CLOSE,MLB,baseball_mlb,,,
cmqik20gs00vd9lkbrzqkhjzl,2026-06-18T02:00:28.253Z,2026-06-19T10:20:53.405Z,82,LOSS,TOTAL,OVER 20.5,20.5,PREMIUM,v5.0.0,8.785714285714286,,8.818181818181818,,POINTS,0.0325,BEAT_CLOSE,MLB,baseball_mlb,,,
cmqik20hc00vh9lkbwjhlbbnc,2026-06-18T02:00:28.273Z,2026-08-06T16:17:12.093Z,59,LOSS,SPREAD,Atlanta Braves -1.5,-1.5,FREE,v5.0.0,-1.5,,-1.5,,POINTS,0,MATCHED_CLOSE,MLB,baseball_mlb,,,
cmqiqh83i00p1jjii0i71byaq,2026-06-18T05:00:15.678Z,2026-06-19T04:58:53.226Z,77,WIN,TOTAL,OVER 11.5,11.5,PREMIUM,v5.0.0,7.666666666666667,,7.5,,POINTS,-0.1667,LOST_TO_CLOSE,MLB,baseball_mlb,,,
cmqiqtiw600qdeysu76rnv499,2026-06-18T05:09:49.542Z,2026-06-18T12:03:58.013Z,55,WIN,MONEYLINE,San Francisco Giants ML (-1860),-1860,FREE,v5.0.0,,-1031,,118,PROBABILITY,-0.4529,LOST_TO_CLOSE,MLB,baseball_mlb,,,
cmqismd6d00s5z36x9vhjfooa,2026-06-18T06:00:14.773Z,2026-06-18T12:03:57.897Z,50,WIN,MONEYLINE,New York Yankees ML (-2135),-2135,FREE,v5.0.0,,-2135,,-176,PROBABILITY,-0.3176,LOST_TO_CLOSE,MLB,baseball_mlb,,,
cmqitovq200sv12p6qykcn9y8,2026-06-18T06:30:11.738Z,2026-06-19T10:20:53.526Z,71,WIN,SPREAD,Athletics -4.9,-4.875,PREMIUM,v5.0.0,-1.5,,-1.5,,POINTS,0,MATCHED_CLOSE,MLB,baseball_mlb,,,
cmqivu15800mbg603jmku6b53,2026-06-18T07:30:11.276Z,2026-06-19T10:20:53.526Z,73,WIN,TOTAL,UNDER 8.6,8.5625,PREMIUM,v5.0.0,9.785714285714286,,10.04545454545454,,POINTS,-0.2597,LOST_TO_CLOSE,MLB,baseball_mlb,,,
cmqju4n4p00oddn5dw169bamj,2026-06-18T23:30:13.273Z,2026-06-20T10:42:22.608Z,73,LOSS,TOTAL,OVER 11.2,11.16666666666667,PREMIUM,v5.0.0,9.166666666666666,,9.045454545454545,,POINTS,-0.1212,LOST_TO_CLOSE,MLB,baseball_mlb,,,
cmqju4n6000ohdn5ddtxn0750,2026-06-18T23:30:13.320Z,2026-06-20T10:42:23.224Z,62,LOSS,TOTAL,OVER 8.5,8.5,FREE,v5.0.0,7,,6.5,,POINTS,-0.5,LOST_TO_CLOSE,MLB,baseball_mlb,,,
cmqju4nag00p9dn5dx6csh2il,2026-06-18T23:30:13.480Z,2026-06-20T10:42:21.731Z,63,WIN,TOTAL,UNDER 8.2,8.181818181818182,FREE,v5.0.0,8.125,,8.227272727272727,,POINTS,-0.1023,LOST_TO_CLOSE,MLB,baseball_mlb,,,
cmqjugpap00rdih6rh8hl3dm7,2026-06-18T23:39:35.954Z,2026-06-20T10:42:22.527Z,75,WIN,SPREAD,Houston Astros -5.5,-5.5,PREMIUM,v5.0.0,1.5,,-1.227272727272727,,POINTS,2.7273,BEAT_CLOSE,MLB,baseball_mlb,,,
cmqjugpc000rhih6r5fnxpfra,2026-06-18T23:39:36.000Z,2026-06-20T10:42:22.527Z,81,LOSS,TOTAL,OVER 12.5,12.5,PREMIUM,v5.0.0,8.5,,8.5,,POINTS,0,MATCHED_CLOSE,MLB,baseball_mlb,,,
cmqjv782600mxg3bm6ivc1zeb,2026-06-19T00:00:13.327Z,2026-06-20T10:42:22.608Z,68,LOSS,SPREAD,Kansas City Royals -3.7,-3.714285714285714,FREE,v5.0.0,1.5,,1.5,,POINTS,0,MATCHED_CLOSE,MLB,baseball_mlb,,,
cmqjxcegc00pb6bdrx3q49pq7,2026-06-19T01:00:14.124Z,2026-06-20T10:42:22.996Z,80,LOSS,TOTAL,OVER 14.5,14.5,PREMIUM,v5.0.0,8.5,,8.5,,POINTS,0,MATCHED_CLOSE,MLB,baseball_mlb,,,
cmqjxceht00pj6bdr8tnbml6s,2026-06-19T01:00:14.177Z,2026-06-20T10:42:22.729Z,52,LOSS,TOTAL,UNDER 6.3,6.285714285714286,FREE,v5.0.0,11.85714285714286,,11.5,,POINTS,0.3571,BEAT_CLOSE,MLB,baseball_mlb,,,
cmqjxcej800pr6bdryokmdant,2026-06-19T01:00:14.228Z,2026-06-20T10:42:22.172Z,65,LOSS,TOTAL,OVER 7.5,7.5,FREE,v5.0.0,7.928571428571429,,8.454545454545455,,POINTS,0.526,BEAT_CLOSE,MLB,baseball_mlb,,,
cmqjxcejv00pv6bdrsu5a7imk,2026-06-19T01:00:14.251Z,2026-06-20T10:42:22.401Z,80,LOSS,TOTAL,OVER 16.5,16.5,PREMIUM,v5.0.0,7.071428571428571,,7.045454545454546,,POINTS,-0.026,LOST_TO_CLOSE,MLB,baseball_mlb,,,
cmqjxcekk00pz6bdrvjbx5m6y,2026-06-19T01:00:14.276Z,2026-06-19T02:27:01.216Z,50,WIN,MONEYLINE,Toronto Blue Jays ML (-3092),-3091.875,FREE,v5.0.0,,-3092,,122,PROBABILITY,-0.5182,LOST_TO_CLOSE,MLB,baseball_mlb,,,
cmqjxcel700q36bdrjn2kghso,2026-06-19T01:00:14.299Z,2026-06-19T04:58:53.226Z,50,WIN,MONEYLINE,Minnesota Twins ML (-5100),-5100,FREE,v5.0.0,,-5100,,-122,PROBABILITY,-0.4312,LOST_TO_CLOSE,MLB,baseball_mlb,,,
cmqjyeyty00nf4z2eomnxti61,2026-06-19T01:30:13.462Z,2026-06-19T02:27:01.397Z,64,WIN,MONEYLINE,Cleveland Guardians ML (-7780),-7780,FREE,v5.0.0,,-463,,123,PROBABILITY,-0.3739,LOST_TO_CLOSE,MLB,baseball_mlb,,,
cmqk03ik600mrxa481t94kcsz,2026-06-19T02:17:18.390Z,2026-06-20T10:42:23.120Z,67,WIN,TOTAL,OVER 9.8,9.785714285714286,FREE,v5.0.0,9.5,,9.272727272727273,,POINTS,-0.2273,LOST_TO_CLOSE,MLB,baseball_mlb,,,
cmqk03iuo00nzxa48vi0ctx1z,2026-06-19T02:17:18.768Z,2026-06-20T10:42:23.224Z,53,WIN,SPREAD,Boston Red Sox -3.5,3.5,FREE,v5.0.0,-1.5,,0.1363636363636364,,POINTS,1.6364,BEAT_CLOSE,MLB,baseball_mlb,,,
cmqk03iyz00ofxa487xjou9j3,2026-06-19T02:17:18.923Z,2026-06-20T10:42:21.731Z,72,LOSS,SPREAD,Detroit Tigers -1.5,-1.5,PREMIUM,v5.0.0,-1.5,,-1.5,,POINTS,0,MATCHED_CLOSE,MLB,baseball_mlb,,,
cmqk03j0v00orxa48qd0ornsf,2026-06-19T02:17:18.991Z,2026-06-20T10:42:22.172Z,69,WIN,SPREAD,Tampa Bay Rays -2.5,-2.5,FREE,v5.0.0,1.5,,-1.5,,POINTS,3,BEAT_CLOSE,MLB,baseball_mlb,,,
cmqk03j2800ozxa48k7jrbdec,2026-06-19T02:17:19.039Z,2026-06-20T10:42:22.401Z,68,WIN,SPREAD,Texas Rangers -1.8,-1.75,FREE,v5.0.0,-1.5,,-1.5,,POINTS,0,MATCHED_CLOSE,MLB,baseball_mlb,,,
cmqk03j2w00p3xa484echzqn8,2026-06-19T02:17:19.064Z,2026-06-20T10:42:22.996Z,72,WIN,SPREAD,Arizona Diamondbacks -3.5,-3.5,PREMIUM,v5.0.0,-1.5,,-1.5,,POINTS,0,MATCHED_CLOSE,MLB,baseball_mlb,,,
cmqk2p9tj00mn3xob0s3pqofs,2026-06-19T03:30:12.727Z,2026-06-20T10:42:23.120Z,62,LOSS,SPREAD,Baltimore Orioles -1.6,1.571428571428571,FREE,v5.0.0,-1.5,,-1.5,,POINTS,0,MATCHED_CLOSE,MLB,baseball_mlb,,,
cmqk3rvjw00nhda4gz7cmy57e,2026-06-19T04:00:13.820Z,2026-06-20T10:42:22.729Z,83,LOSS,SPREAD,Colorado Rockies -2.3,-2.3125,PREMIUM,v5.0.0,1.5,,1.5,,POINTS,0,MATCHED_CLOSE,MLB,baseball_mlb,,,
cmqk4azfo00oduwpusg4towny,2026-06-19T04:15:05.316Z,2026-06-20T10:42:21.919Z,58,WIN,SPREAD,New York Yankees -4.2,-4.1875,FREE,v5.0.0,-1.5,,-1.681818181818182,,POINTS,0.1818,BEAT_CLOSE,MLB,baseball_mlb,,,
cmqk4uffg00o5w0gf3wk6fijs,2026-06-19T04:30:12.508Z,2026-06-20T10:42:21.919Z,66,WIN,TOTAL,OVER 4.6,4.5625,FREE,v5.0.0,9,,8.954545454545455,,POINTS,-0.0455,LOST_TO_CLOSE,MLB,baseball_mlb,,,
cmqk5x11t00onlngowikdjvtl,2026-06-19T05:00:13.457Z,2026-06-19T10:20:53.405Z,50,LOSS,MONEYLINE,St. Louis Cardinals ML (-176),-176.125,FREE,v5.0.0,,-176,,-49,PROBABILITY,-0.3088,LOST_TO_CLOSE,MLB,baseball_mlb,,,
cmqk826tj00trnmsggg08qk0u,2026-06-19T06:00:13.447Z,2026-06-20T10:42:22.300Z,68,WIN,TOTAL,UNDER 5.6,5.625,FREE,v5.0.0,7.5,,7.227272727272728,,POINTS,0.2727,BEAT_CLOSE,MLB,baseball_mlb,,,
cmqk826wl00ubnmsgmigo9q2v,2026-06-19T06:00:13.557Z,2026-06-20T10:42:22.996Z,58,WIN,MONEYLINE,Arizona Diamondbacks ML (-3031),-3031.25,FREE,v5.0.0,,-170,,-171,PROBABILITY,0.0014,MATCHED_CLOSE,MLB,baseball_mlb,,,
cmqkb9wp300rfjw7s6orxt9iv,2026-06-19T07:30:12.423Z,2026-06-20T02:19:02.991Z,89,WIN,SPREAD,Chicago Cubs -13.2,-13.16666666666667,PREMIUM,v5.0.0,1.5,,-0.6818181818181818,,POINTS,2.1818,BEAT_CLOSE,MLB,baseball_mlb,,,
cmqkb9wqk00rnjw7ssl6y5djc,2026-06-19T07:30:12.476Z,2026-06-19T10:20:53.526Z,50,WIN,MONEYLINE,Athletics ML (-9000),-9000,FREE,v5.0.0,,-4348,,-182,PROBABILITY,-0.3321,LOST_TO_CLOSE,MLB,baseball_mlb,,,
cmqkehntv00r588cu6wqz44pj,2026-06-19T09:00:13.027Z,2026-06-20T10:42:22.865Z,65,LOSS,SPREAD,Athletics -1.5,-1.5,FREE,v5.0.0,-1.5,,-1.5,,POINTS,0,MATCHED_CLOSE,MLB,baseball_mlb,,,
cmqkfk8hx00q5xmhw0cqrynjh,2026-06-19T09:30:12.741Z,2026-06-20T10:42:22.865Z,73,LOSS,TOTAL,OVER 23.5,23.5,PREMIUM,v5.0.0,10,,10,,POINTS,0,MATCHED_CLOSE,MLB,baseball_mlb,,,
cmqkhpe6n00pppss85lrguuuu,2026-06-19T10:30:12.623Z,2026-06-20T10:42:22.300Z,66,LOSS,SPREAD,Atlanta Braves -2.1,-2.142857142857143,FREE,v5.0.0,1.5,,1.5,,POINTS,0,MATCHED_CLOSE,MLB,baseball_mlb,,,
cmqkis03k00rzfjk94wbmtsaw,2026-06-19T11:00:13.952Z,2026-06-20T10:42:22.865Z,50,WIN,MONEYLINE,Athletics ML (-603),-603,FREE,v5.0.0,,-166,,-152,PROBABILITY,-0.0209,LOST_TO_CLOSE,MLB,baseball_mlb,,,
cmqklzp9800rn1155bjv3nzdg,2026-06-19T12:30:11.996Z,2026-06-20T02:19:02.991Z,59,WIN,TOTAL,OVER 17.8,17.75,FREE,v5.0.0,7.3125,,7,,POINTS,-0.3125,LOST_TO_CLOSE,MLB,baseball_mlb,,,
cmqkthtqr00tbrvwnhsqudil1,2026-06-19T16:00:14.932Z,2026-06-20T10:42:22.045Z,65,LOSS,TOTAL,OVER 7.8,7.833333333333333,FREE,v5.0.0,8,,8,,POINTS,0,MATCHED_CLOSE,MLB,baseball_mlb,,,
cmqkthtur00tvrvwn35gb4cn8,2026-06-19T16:00:15.075Z,2026-06-20T10:42:22.045Z,92,LOSS,SPREAD,Miami Marlins -1.4,-1.375,PREMIUM,v5.0.0,-0.5,,0.1363636363636364,,POINTS,-0.6364,LOST_TO_CLOSE,MLB,baseball_mlb,,,
cmql9kir7012r26itylohgv8g,2026-06-19T23:30:14.515Z,2026-06-21T05:19:49.100Z,65,WIN,SPREAD,Miami Marlins -2.5,-2.5,FREE,v5.0.0,-1.5,,-1.5,,POINTS,0,MATCHED_CLOSE,MLB,baseball_mlb,,,
cmql9kivy013j26itx06knd92,2026-06-19T23:30:14.686Z,2026-06-21T11:17:10.227Z,84,WIN,SPREAD,Cleveland Guardians -6.6,6.571428571428571,PREMIUM,v5.0.0,-1.5,,-1.5,,POINTS,0,MATCHED_CLOSE,MLB,baseball_mlb,,,
cmql9kix9013r26it9k4lys0z,2026-06-19T23:30:14.733Z,2026-06-21T05:19:49.002Z,67,LOSS,TOTAL,UNDER 5.8,5.8125,FREE,v5.0.0,7.5,,7,,POINTS,0.5,BEAT_CLOSE,MLB,baseball_mlb,,,
cmql9kixw013v26it11xiucb6,2026-06-19T23:30:14.756Z,2026-06-21T11:17:10.227Z,59,LOSS,TOTAL,OVER 9.5,9.5,FREE,v5.0.0,8.5,,8.454545454545455,,POINTS,-0.0455,LOST_TO_CLOSE,MLB,baseball_mlb,,,
cmqlan3mz011xx4ga2und1lt0,2026-06-20T00:00:14.507Z,2026-06-21T05:19:48.821Z,82,LOSS,TOTAL,OVER 10.4,10.35714285714286,PREMIUM,v5.0.0,7.5,,7.545454545454546,,POINTS,0.0455,BEAT_CLOSE,MLB,baseball_mlb,,,
cmqlbmm1q011nqd4vbnt1o66x,2026-06-20T00:27:51.326Z,2026-06-21T01:39:12.399Z,88,LOSS,TOTAL,OVER 12.9,12.9,PREMIUM,v5.0.0,9.3,,9.5,,POINTS,0.2,BEAT_CLOSE,MLB,baseball_mlb,,,
cmqlduubs0163123gtvosici1,2026-06-20T01:30:14.536Z,2026-06-21T11:17:10.509Z,84,LOSS,SPREAD,Colorado Rockies -1.4,-1.375,PREMIUM,v5.0.0,1.7,,1.681818181818182,,POINTS,0.0182,BEAT_CLOSE,MLB,baseball_mlb,,,
cmqlduukb017f123ggak0ydra,2026-06-20T01:30:14.843Z,2026-06-21T03:19:59.632Z,81,LOSS,TOTAL,OVER 14.5,14.5,PREMIUM,v5.0.0,8.777777777777779,,9,,POINTS,0.2222,BEAT_CLOSE,MLB,baseball_mlb,,,
cmqlduulp017n123ggr8m12t0,2026-06-20T01:30:14.893Z,2026-06-21T11:17:10.428Z,60,WIN,SPREAD,Philadelphia Phillies -11.5,-11.5,FREE,v5.0.0,-1.5,,-1.5,,POINTS,0,MATCHED_CLOSE,MLB,baseball_mlb,,,
cmqlduuoa0183123glr9ns4we,2026-06-20T01:30:14.986Z,2026-06-21T05:19:49.002Z,70,LOSS,SPREAD,Milwaukee Brewers -1.6,1.642857142857143,PREMIUM,v5.0.0,-1.5,,-1.5,,POINTS,0,MATCHED_CLOSE,MLB,baseball_mlb,,,
cmqlduupm018b123gqe0axagl,2026-06-20T01:30:15.035Z,2026-06-21T11:17:10.763Z,80,LOSS,TOTAL,OVER 24.5,24.5,PREMIUM,v5.0.0,9,,9.136363636363637,,POINTS,0.1364,BEAT_CLOSE,MLB,baseball_mlb,,,
cmqlduuqa018f123gfm9d28r3,2026-06-20T01:30:15.059Z,2026-06-21T11:17:10.428Z,77,LOSS,TOTAL,OVER 18.5,18.5,PREMIUM,v5.0.0,7.5,,7.5,,POINTS,0,MATCHED_CLOSE,MLB,baseball_mlb,,,
cmqlduuqz018j123gg4vxo3aw,2026-06-20T01:30:15.083Z,2026-06-21T11:17:10.509Z,74,WIN,TOTAL,UNDER 6.5,6.5,PREMIUM,v5.0.0,10.07142857142857,,10.5,,POINTS,-0.4286,LOST_TO_CLOSE,MLB,baseball_mlb,,,
cmqlduut0018v123g8d83s8zy,2026-06-20T01:30:15.156Z,2026-06-21T11:17:10.763Z,61,WIN,SPREAD,Minnesota Twins -7.5,7.5,FREE,v5.0.0,-1.5,,-0.3,,POINTS,1.2,BEAT_CLOSE,MLB,baseball_mlb,,,
cmqlduuud0193123g8a8j3uy4,2026-06-20T01:30:15.205Z,2026-06-21T01:39:12.399Z,64,WIN,SPREAD,Cincinnati Reds -7.5,7.5,FREE,v5.0.0,-1.5,,-1.5,,POINTS,0,MATCHED_CLOSE,MLB,baseball_mlb,,,
cmqlduuv30197123g3dn26j3i,2026-06-20T01:30:15.232Z,2026-06-21T05:19:48.821Z,69,WIN,SPREAD,San Diego Padres -1.5,1.5,FREE,v5.0.0,-1.5,,-1.5,,POINTS,0,MATCHED_CLOSE,MLB,baseball_mlb,,,
cmqlelv1101937lwbvl1mvgxi,2026-06-20T01:51:15.157Z,2026-06-21T11:17:10.862Z,73,LOSS,SPREAD,Baltimore Orioles -2.5,2.5,PREMIUM,v5.0.0,-1.5,,-1.5,,POINTS,0,MATCHED_CLOSE,MLB,baseball_mlb,,,
cmqlelv3x019n7lwb5qdsnt8y,2026-06-20T01:51:15.261Z,2026-06-21T11:17:10.941Z,60,WIN,SPREAD,Boston Red Sox -3.5,3.5,FREE,v5.0.0,1.5,,-1.5,,POINTS,-3,LOST_TO_CLOSE,MLB,baseball_mlb,,,
cmqli55dt015vx8ea76fgcgtg,2026-06-20T03:30:13.889Z,2026-06-21T11:17:10.862Z,76,WIN,TOTAL,UNDER 6.6,6.5625,PREMIUM,v5.0.0,8.5,,8,,POINTS,0.5,BEAT_CLOSE,MLB,baseball_mlb,,,
cmqlj6cuh01795gsa1f98mgdy,2026-06-20T03:59:09.833Z,2026-06-21T11:17:10.941Z,62,WIN,TOTAL,UNDER 6.5,6.5,FREE,v5.0.0,7.285714285714286,,7.318181818181818,,POINTS,-0.0325,LOST_TO_CLOSE,MLB,baseball_mlb,,,
cmqlkacsl0171zamwonmli2ay,2026-06-20T04:30:16.005Z,2026-06-20T10:42:22.045Z,65,WIN,MONEYLINE,Miami Marlins ML (-4967),-4966.666666666667,FREE,v5.0.0,,-179,,-113,PROBABILITY,-0.1111,LOST_TO_CLOSE,MLB,baseball_mlb,,,
cmqllcyqt017zrkn9qmeia7c2,2026-06-20T05:00:17.382Z,2026-06-21T05:19:49.100Z,79,LOSS,TOTAL,OVER 9.5,9.5,PREMIUM,v5.0.0,7.888888888888889,,8,,POINTS,0.1111,BEAT_CLOSE,MLB,baseball_mlb,,,
cmqlmfhib015nmimr0bjluhr7,2026-06-20T05:30:14.627Z,2026-06-21T03:19:59.632Z,56,WIN,SPREAD,Toronto Blue Jays -1.5,1.5,FREE,v5.0.0,-1.5,,-1.5,,POINTS,0,MATCHED_CLOSE,MLB,baseball_mlb,,,
cmqlmfhyo0197mimraezb1kci,2026-06-20T05:30:15.217Z,2026-06-20T10:42:22.401Z,53,LOSS,MONEYLINE,San Diego Padres ML (-670),-669.75,FREE,v5.0.0,,-670,,135,PROBABILITY,-0.4446,LOST_TO_CLOSE,MLB,baseball_mlb,,,
cmqlmfhz7019bmimr9uibm39x,2026-06-20T05:30:15.235Z,2026-06-20T10:42:22.608Z,56,LOSS,MONEYLINE,St. Louis Cardinals ML (-339),-339.125,FREE,v5.0.0,,-166,,-120,PROBABILITY,-0.0786,LOST_TO_CLOSE,MLB,baseball_mlb,,,
cmqlni2yu018fhca5qjlhk4gh,2026-06-20T06:00:15.366Z,2026-06-20T10:42:21.731Z,50,WIN,MONEYLINE,Detroit Tigers ML (-1257),-1257,FREE,v5.0.0,,-1257,,-204,PROBABILITY,-0.2553,LOST_TO_CLOSE,MLB,baseball_mlb,,,
cmqlni2zk018jhca5q19vzu72,2026-06-20T06:00:15.392Z,2026-06-20T10:42:22.172Z,50,WIN,MONEYLINE,Tampa Bay Rays ML (-2071),-2070.875,FREE,v5.0.0,,-2071,,-158,PROBABILITY,-0.3415,LOST_TO_CLOSE,MLB,baseball_mlb,,,
cmqlpn7rn0133qgzrhnqobcg0,2026-06-20T07:00:14.099Z,2026-06-20T10:42:22.729Z,52,WIN,MONEYLINE,Colorado Rockies ML (-595),-595,FREE,v5.0.0,,-595,,119,PROBABILITY,-0.3995,LOST_TO_CLOSE,MLB,baseball_mlb,,,
cmqlrsdd2020pb5p98qei5wr9,2026-06-20T08:00:13.862Z,2026-06-21T05:19:49.230Z,69,LOSS,TOTAL,OVER 8.5,8.5,FREE,v5.0.0,8.833333333333334,,8,,POINTS,-0.8333,LOST_TO_CLOSE,MLB,baseball_mlb,,,
cmqlrsdgf0219b5p9mv4vzcqd,2026-06-20T08:00:13.983Z,2026-06-21T01:39:12.291Z,64,LOSS,TOTAL,OVER 6.1,6.125,FREE,v5.0.0,8.5,,8.954545454545455,,POINTS,0.4545,BEAT_CLOSE,MLB,baseball_mlb,,,
cmqlrsdn4022hb5p99m2pagep,2026-06-20T08:00:14.224Z,2026-06-21T01:39:12.291Z,50,WIN,SPREAD,Detroit Tigers -2.7,-2.7,FREE,v5.0.0,-1.5,,-1.227272727272727,,POINTS,-0.2727,LOST_TO_CLOSE,MLB,baseball_mlb,,,
cmqlrsdpa022xb5p95yoripo3,2026-06-20T08:00:14.302Z,2026-06-21T05:19:49.230Z,56,LOSS,SPREAD,Washington Nationals -1.5,1.5,FREE,v5.0.0,1.5,,-0.9545454545454546,,POINTS,-2.4545,LOST_TO_CLOSE,MLB,baseball_mlb,,,
cmqm0d0g102cp47nawwa8iovl,2026-06-20T12:00:13.825Z,2026-06-21T11:17:10.613Z,77,WIN,SPREAD,Los Angeles Angels -6.6,6.642857142857143,PREMIUM,v5.0.0,-1.5,,-1.5,,POINTS,0,MATCHED_CLOSE,MLB,baseball_mlb,,,
cmqmbxpfy00wt8zcx83eh9m69,2026-06-20T17:24:15.118Z,2026-06-21T11:17:10.613Z,56,LOSS,TOTAL,OVER 9.5,9.5,FREE,v5.0.0,9.5,,9.863636363636363,,POINTS,0.3636,BEAT_CLOSE,MLB,baseball_mlb,,,
cmqmp0bsg02kj8ejsuzty173k,2026-06-20T23:30:12.400Z,2026-06-22T02:39:39.905Z,89,LOSS,TOTAL,OVER 13.5,13.5,PREMIUM,v5.0.0,9.25,,8.954545454545455,,POINTS,-0.2955,LOST_TO_CLOSE,MLB,baseball_mlb,,,
cmqmp0btd02kn8ejsbdyh0mcp,2026-06-20T23:30:12.433Z,2026-06-22T02:39:40.220Z,69,LOSS,TOTAL,OVER 9.5,9.5,FREE,v5.0.0,8,,8.454545454545455,,POINTS,0.4545,BEAT_CLOSE,MLB,baseball_mlb,,,
cmqmq2yvh03oh8ejsdmvfvagc,2026-06-21T00:00:15.245Z,2026-06-22T02:39:40.100Z,51,LOSS,TOTAL,OVER 5.5,5.5,FREE,v5.0.0,7.8,,8.727272727272727,,POINTS,0.9273,BEAT_CLOSE,MLB,baseball_mlb,,,
cmqmq2yz303p18ejssxpqvi25,2026-06-21T00:00:15.375Z,2026-06-22T02:39:40.220Z,64,LOSS,SPREAD,Detroit Tigers -1.5,-1.5,FREE,v5.0.0,1.5,,-0.1363636363636364,,POINTS,1.6364,BEAT_CLOSE,MLB,baseball_mlb,,,
cmqmq2z5503q58ejs9sx518qs,2026-06-21T00:00:15.593Z,2026-06-22T02:39:40.421Z,84,LOSS,SPREAD,Tampa Bay Rays -1.4,-1.4375,PREMIUM,v5.0.0,-1.5,,-1.5,,POINTS,0,MATCHED_CLOSE,MLB,baseball_mlb,,,
cmqmq2z5t03q98ejscdh27w8h,2026-06-21T00:00:15.617Z,2026-06-22T02:39:40.554Z,78,LOSS,SPREAD,Houston Astros -1.4,-1.375,PREMIUM,v5.0.0,-1.5,,-1.5,,POINTS,0,MATCHED_CLOSE,MLB,baseball_mlb,,,
cmqmq2z8a03qp8ejswehilo8b,2026-06-21T00:00:15.706Z,2026-06-22T02:39:40.100Z,73,WIN,SPREAD,Cincinnati Reds -2.5,2.5,PREMIUM,v5.0.0,-1.5,,0.1363636363636364,,POINTS,1.6364,BEAT_CLOSE,MLB,baseball_mlb,,,
cmqmq2z8x03qt8ejsh96sdn9o,2026-06-21T00:00:15.730Z,2026-06-22T02:39:40.689Z,86,LOSS,SPREAD,St. Louis Cardinals -4.4,4.4375,PREMIUM,v5.0.0,1.5,,1.5,,POINTS,0,MATCHED_CLOSE,MLB,baseball_mlb,,,
cmqmq2za603r18ejsk769iep3,2026-06-21T00:00:15.774Z,2026-06-22T00:59:14.099Z,51,LOSS,SPREAD,San Francisco Giants -1.5,1.5,FREE,v5.0.0,1.5,,1.5,,POINTS,0,MATCHED_CLOSE,MLB,baseball_mlb,,,
cmqmq2zat03r58ejsj710ojj0,2026-06-21T00:00:15.797Z,2026-06-22T04:42:10.380Z,81,LOSS,TOTAL,OVER 13.5,13.5,PREMIUM,v5.0.0,9.125,,9,,POINTS,-0.125,LOST_TO_CLOSE,MLB,baseball_mlb,,,
cmqmq2zbg03r98ejsh70rnahm,2026-06-21T00:00:15.820Z,2026-06-22T02:39:39.905Z,61,WIN,SPREAD,Milwaukee Brewers -4.8,4.785714285714286,FREE,v5.0.0,-1.5,,-0.3,,POINTS,1.2,BEAT_CLOSE,MLB,baseball_mlb,,,
cmqmq2zc303rd8ejsp48y6uj3,2026-06-21T00:00:15.843Z,2026-06-22T02:39:40.421Z,73,LOSS,TOTAL,OVER 7.6,7.642857142857143,PREMIUM,v5.0.0,8,,8.409090909090908,,POINTS,0.4091,BEAT_CLOSE,MLB,baseball_mlb,,,
cmqmtanib024lh0dr4sxsjya2,2026-06-21T01:30:12.611Z,2026-06-22T02:39:40.554Z,55,LOSS,TOTAL,OVER 6.4,6.4375,FREE,v5.0.0,8.857142857142858,,8.5,,POINTS,-0.3571,LOST_TO_CLOSE,MLB,baseball_mlb,,,
cmqmtano6025lh0drr9uar6nl,2026-06-21T01:30:12.822Z,2026-06-22T00:59:14.099Z,71,WIN,TOTAL,UNDER 4.5,4.5,PREMIUM,v5.0.0,7.5625,,8.363636363636363,,POINTS,-0.8011,LOST_TO_CLOSE,MLB,baseball_mlb,,,
cmqmtanpm025th0dr5dr7mo9r,2026-06-21T01:30:12.874Z,2026-06-22T02:39:40.689Z,56,LOSS,TOTAL,OVER 22.5,22.5,FREE,v5.0.0,9,,9,,POINTS,0,MATCHED_CLOSE,MLB,baseball_mlb,,,
cmqmtanq9025xh0dr2fxtbbak,2026-06-21T01:30:12.898Z,2026-06-22T04:42:09.957Z,73,WIN,SPREAD,Pittsburgh Pirates -1.8,1.833333333333333,PREMIUM,v5.0.0,1.5,,1.5,,POINTS,0,MATCHED_CLOSE,MLB,baseball_mlb,,,
cmqmtwyqu03bnh0dra2z4pghj,2026-06-21T01:47:33.606Z,2026-06-22T04:42:10.524Z,54,LOSS,SPREAD,Seattle Mariners -2.4,-2.375,FREE,v5.0.0,-1.5,,-1.454545454545455,,POINTS,-0.0455,LOST_TO_CLOSE,MLB,baseball_mlb,,,
cmqmwihhu012z3xlwrcv4ery1,2026-06-21T03:00:16.914Z,2026-06-21T05:19:49.100Z,53,WIN,MONEYLINE,Miami Marlins ML (-11667),-11666.66666666667,FREE,v5.0.0,,-3125,,-145,PROBABILITY,-0.3772,LOST_TO_CLOSE,MLB,baseball_mlb,,,
cmqmynm7d04e53xlwiwoqe8l4,2026-06-21T04:00:15.529Z,2026-06-22T04:42:09.957Z,83,LOSS,TOTAL,OVER 15.0,15,PREMIUM,v5.0.0,11.9375,,11.5,,POINTS,-0.4375,LOST_TO_CLOSE,MLB,baseball_mlb,,,
cmqmynm9204ed3xlwo2e890m8,2026-06-21T04:00:15.590Z,2026-06-21T11:17:10.227Z,56,WIN,MONEYLINE,Cleveland Guardians ML (-6750),-6750,FREE,v5.0.0,,-153,,129,PROBABILITY,-0.1681,LOST_TO_CLOSE,MLB,baseball_mlb,,,
cmqmzq4pp05fn3xlwsdc4zyfb,2026-06-21T04:30:12.445Z,2026-06-22T10:26:48.058Z,54,LOSS,TOTAL,OVER 8.6,8.583333333333334,FREE,v5.0.0,7.9,,8.045454545454545,,POINTS,0.1455,BEAT_CLOSE,MLB,baseball_mlb,,,
cmqmzq4qm05fr3xlwdmpbhbo9,2026-06-21T04:30:12.478Z,2026-06-21T05:19:48.821Z,52,WIN,MONEYLINE,San Diego Padres ML (-21200),-21200,FREE,v5.0.0,,-21200,,107,PROBABILITY,-0.5122,LOST_TO_CLOSE,MLB,baseball_mlb,,,
cmqn1vbya02xfvjn2gajzu4nj,2026-06-21T05:30:14.338Z,2026-06-22T04:42:10.258Z,74,LOSS,TOTAL,OVER 16.5,16.5,PREMIUM,v5.0.0,9.5,,9.090909090909092,,POINTS,-0.4091,LOST_TO_CLOSE,MLB,baseball_mlb,,,
cmqn40g62010lqa031acity6v,2026-06-21T06:30:12.313Z,2026-06-22T10:26:48.058Z,70,WIN,SPREAD,Philadelphia Phillies -3.6,-3.5625,PREMIUM,v5.0.0,-1.5,,-1.5,,POINTS,0,MATCHED_CLOSE,MLB,baseball_mlb,,,
cmqn40g84010xqa03bdkazb9h,2026-06-21T06:30:12.388Z,2026-06-22T04:42:10.380Z,72,WIN,SPREAD,Baltimore Orioles -10.5,10.5,PREMIUM,v5.0.0,-1.5,,-1.5,,POINTS,0,MATCHED_CLOSE,MLB,baseball_mlb,,,
cmqn65m2s0321qa034js9hqah,2026-06-21T07:30:12.484Z,2026-06-22T04:42:10.258Z,79,WIN,SPREAD,Los Angeles Angels -1.5,1.5,PREMIUM,v5.0.0,-1.125,,-1.5,,POINTS,-0.375,LOST_TO_CLOSE,MLB,baseball_mlb,,,
cmqn9ddwf01yt17kk76odg3r4,2026-06-21T09:00:13.983Z,2026-06-22T02:39:40.820Z,66,LOSS,TOTAL,OVER 7.8,7.75,FREE,v5.0.0,7.5,,8,,POINTS,0.5,BEAT_CLOSE,MLB,baseball_mlb,,,
cmqn9ddy001z117kkpq3axo0c,2026-06-21T09:00:14.041Z,2026-06-22T04:42:10.524Z,55,LOSS,TOTAL,OVER 4.5,4.5,FREE,v5.0.0,6.590909090909091,,6.545454545454546,,POINTS,-0.0455,LOST_TO_CLOSE,MLB,baseball_mlb,,,
cmqn9ddzd01z917kkcs7mgh5p,2026-06-21T09:00:14.090Z,2026-06-21T11:17:10.613Z,52,WIN,MONEYLINE,Los Angeles Angels ML (-22000),-22000,FREE,v5.0.0,,-2150,,135,PROBABILITY,-0.53,LOST_TO_CLOSE,MLB,baseball_mlb,,,
cmqn9ddzy01zd17kkk4jzn1q9,2026-06-21T09:00:14.110Z,2026-06-22T02:39:40.820Z,61,LOSS,SPREAD,San Diego Padres -0.8,0.75,FREE,v5.0.0,-1.5,,-1.5,,POINTS,0,MATCHED_CLOSE,MLB,baseball_mlb,,,
cmqnpg17000uvoaphnfacamsf,2026-06-21T16:30:11.340Z,2026-06-22T04:42:10.129Z,76,WIN,SPREAD,Minnesota Twins -1.5,1.5,PREMIUM,v5.0.0,-1.5,,-1.5,,POINTS,0,MATCHED_CLOSE,MLB,baseball_mlb,,,
cmqnrl7qv02o5oaph2tfo0u0e,2026-06-21T17:30:12.340Z,2026-06-22T04:42:10.129Z,55,WIN,TOTAL,UNDER 6.6,6.625,FREE,v5.0.0,9.45,,9.5,,POINTS,-0.05,LOST_TO_CLOSE,MLB,baseball_mlb,,,
cmqo443o101qrqyin1mlaesci,2026-06-21T23:20:48.913Z,2026-08-06T16:17:12.093Z,66,LOSS,SPREAD,Milwaukee Brewers -1.5,1.5,FREE,v5.0.0,1.5,,1.5,,POINTS,0,MATCHED_CLOSE,MLB,baseball_mlb,,,
cmqo443q201qzqyinrgzisvh3,2026-06-21T23:20:48.986Z,2026-08-06T16:17:12.093Z,84,LOSS,SPREAD,Cleveland Guardians -1.5,1.5,PREMIUM,v5.0.0,1.5,,1.5,,POINTS,0,MATCHED_CLOSE,MLB,baseball_mlb,,,
cmqo443t701rfqyincqfgc2gn,2026-06-21T23:20:49.099Z,2026-08-06T16:17:12.093Z,77,LOSS,SPREAD,Tampa Bay Rays -1.5,-1.5,PREMIUM,v5.0.0,-1.5,,-1.5,,POINTS,0,MATCHED_CLOSE,MLB,baseball_mlb,,,
cmqo443w301rvqyiny5kfrmcb,2026-06-21T23:20:49.203Z,2026-08-06T16:17:12.093Z,55,LOSS,TOTAL,UNDER 8.5,8.5,FREE,v5.0.0,7.25,,8.5,,POINTS,-1.25,LOST_TO_CLOSE,MLB,baseball_mlb,,,
cmqo443x901rzqyinl7ywkqxp,2026-06-21T23:20:49.245Z,2026-08-06T16:17:12.093Z,79,WIN,SPREAD,Chicago Cubs -1.5,1.5,PREMIUM,v5.0.0,1.5,,1.5,,POINTS,0,MATCHED_CLOSE,MLB,baseball_mlb,,,
cmqo443yt01s7qyink11b4tyf,2026-06-21T23:20:49.301Z,2026-06-22T02:39:40.689Z,54,WIN,MONEYLINE,St. Louis Cardinals ML (-2933),-2933.285714285714,FREE,v5.0.0,,-981,,-128,PROBABILITY,-0.3461,LOST_TO_CLOSE,MLB,baseball_mlb,,,
cmqo4441401sjqyinle2clqc1,2026-06-21T23:20:49.384Z,2026-08-06T16:17:12.093Z,63,WIN,SPREAD,Toronto Blue Jays -1.2,-1.227272727272727,FREE,v5.0.0,-1.5,,-1.227272727272727,,POINTS,-0.2727,LOST_TO_CLOSE,MLB,baseball_mlb,,,
cmqo4441y01snqyinwka5dzuo,2026-06-21T23:20:49.414Z,2026-08-06T16:17:12.093Z,60,LOSS,TOTAL,OVER 7.5,7.5,FREE,v5.0.0,7.5,,7.5,,POINTS,0,MATCHED_CLOSE,MLB,baseball_mlb,,,
cmqo4442p01srqyin4tono7bq,2026-06-21T23:20:49.442Z,2026-08-06T16:17:12.093Z,68,LOSS,TOTAL,OVER 9.5,9.5,FREE,v5.0.0,9.25,,9.5,,POINTS,0.25,BEAT_CLOSE,MLB,baseball_mlb,,,
cmqo5iscg03llqyinlbxpccq5,2026-06-22T00:00:13.696Z,2026-08-06T16:17:12.093Z,69,LOSS,TOTAL,OVER 9.5,9.5,FREE,v5.0.0,9.125,,9.5,,POINTS,0.375,BEAT_CLOSE,MLB,baseball_mlb,,,
cmqo5isgu03m9qyinmjm0e168,2026-06-22T00:00:13.854Z,2026-08-06T16:17:12.093Z,83,LOSS,SPREAD,St. Louis Cardinals -1.5,-1.5,PREMIUM,v5.0.0,-1.5,,-1.5,,POINTS,0,MATCHED_CLOSE,MLB,baseball_mlb,,,
cmqo6lcn504mxqyinfms8zq4n,2026-06-22T00:30:12.929Z,2026-06-22T02:39:40.220Z,52,LOSS,MONEYLINE,Chicago White Sox ML (-894),-894.125,FREE,v5.0.0,,-894,,65,PROBABILITY,-0.2933,LOST_TO_CLOSE,MLB,baseball_mlb,,,
cmqo6lco804n1qyinjkdhdir7,2026-06-22T00:30:12.968Z,2026-06-22T00:59:14.099Z,59,WIN,MONEYLINE,Miami Marlins ML (-621),-621,FREE,v5.0.0,,-385,,120,PROBABILITY,-0.3393,LOST_TO_CLOSE,MLB,baseball_mlb,,,
cmqo7nygb00yls6f2tjh1u2ox,2026-06-22T01:00:14.123Z,2026-06-22T02:39:40.421Z,57,WIN,MONEYLINE,Tampa Bay Rays ML (-2433),-2432.857142857143,FREE,v5.0.0,,-1531,,-131,PROBABILITY,-0.3716,LOST_TO_CLOSE,MLB,baseball_mlb,,,
cmqo8qhjm02nns6f2fu885oph,2026-06-22T01:30:11.794Z,2026-06-22T02:39:40.554Z,50,WIN,MONEYLINE,Houston Astros ML (-11743),-11742.85714285714,FREE,v5.0.0,,-11743,,-132,PROBABILITY,-0.4226,LOST_TO_CLOSE,MLB,baseball_mlb,,,
cmqoavnek00mhnamvj68cvobi,2026-06-22T02:30:11.900Z,2026-08-06T16:17:12.093Z,81,LOSS,TOTAL,UNDER 7.5,7.5,PREMIUM,v5.0.0,7.928571428571429,,7.5,,POINTS,0.4286,BEAT_CLOSE,MLB,baseball_mlb,,,
cmqoavnm200npnamvsnyzro8f,2026-06-22T02:30:12.170Z,2026-08-06T16:17:12.093Z,72,WIN,SPREAD,Baltimore Orioles -1.5,1.5,PREMIUM,v5.0.0,1.5,,1.5,,POINTS,0,MATCHED_CLOSE,MLB,baseball_mlb,,,
cmqoavnnc00nxnamveltkyv46,2026-06-22T02:30:12.216Z,2026-08-06T16:17:12.093Z,68,LOSS,SPREAD,Boston Red Sox -1.5,1.5,FREE,v5.0.0,1.5,,1.5,,POINTS,0,MATCHED_CLOSE,MLB,baseball_mlb,,,
cmqoavnok00o5namvj2y9zl0t,2026-06-22T02:30:12.260Z,2026-08-06T16:17:12.093Z,65,WIN,TOTAL,UNDER 11.5,11.5,FREE,v5.0.0,12.14285714285714,,11.5,,POINTS,0.6429,BEAT_CLOSE,MLB,baseball_mlb,,,
cmqoavnpx00o9namve5kqqzkj,2026-06-22T02:30:12.310Z,2026-08-06T16:17:12.093Z,68,LOSS,TOTAL,OVER 8.5,8.5,FREE,v5.0.0,8.071428571428571,,8.5,,POINTS,0.4286,BEAT_CLOSE,MLB,baseball_mlb,,,
cmqoavnr700ohnamvdom7j9zc,2026-06-22T02:30:12.356Z,2026-08-06T16:17:12.093Z,61,WIN,TOTAL,UNDER 8.5,8.5,FREE,v5.0.0,8.5,,8.5,,POINTS,0,MATCHED_CLOSE,MLB,baseball_mlb,,,
cmqoavnry00olnamvgujj51wl,2026-06-22T02:30:12.382Z,2026-08-06T16:17:12.093Z,68,LOSS,SPREAD,New York Yankees -1.5,1.5,FREE,v5.0.0,1.5,,1.5,,POINTS,0,MATCHED_CLOSE,MLB,baseball_mlb,,,
cmqoblcnf01hlnamv0nth2j7m,2026-06-22T02:50:11.019Z,2026-06-22T04:42:10.129Z,52,WIN,MONEYLINE,Minnesota Twins ML (-1756),-1756.428571428571,FREE,v5.0.0,,-1756,,115,PROBABILITY,-0.481,LOST_TO_CLOSE,MLB,baseball_mlb,,,
cmqoblcor01hpnamv1cstst05,2026-06-22T02:50:11.066Z,2026-06-22T04:42:10.380Z,52,WIN,MONEYLINE,Baltimore Orioles ML (-1416),-1415.714285714286,FREE,v5.0.0,,-1351,,194,PROBABILITY,-0.5909,LOST_TO_CLOSE,MLB,baseball_mlb,,,
cmqod0s8d02rxnamv9ylezcrs,2026-06-22T03:30:10.669Z,2026-08-06T16:17:12.093Z,69,LOSS,TOTAL,OVER 9.0,9,FREE,v5.0.0,8.9375,,9,,POINTS,0.0625,BEAT_CLOSE,MLB,baseball_mlb,,,
cmqoe3fs403ffnamv08cn5thm,2026-06-22T04:00:14.116Z,2026-08-06T16:17:12.093Z,51,LOSS,TOTAL,OVER 7.4,7.409090909090909,FREE,v5.0.0,7,,7.409090909090909,,POINTS,0.4091,BEAT_CLOSE,MLB,baseball_mlb,,,
cmqoe3ft703fjnamvy5sc1rdd,2026-06-22T04:00:14.156Z,2026-06-22T04:42:10.258Z,56,WIN,MONEYLINE,Los Angeles Angels ML (-9500),-9500,FREE,v5.0.0,,-7333,,113,PROBABILITY,-0.5171,LOST_TO_CLOSE,MLB,baseball_mlb,,,
cmqoe3g1m03grnamvym2hwezt,2026-06-22T04:00:14.458Z,2026-08-06T16:17:12.093Z,77,LOSS,SPREAD,Miami Marlins -1.2,-1.227272727272727,PREMIUM,v5.0.0,-0.5,,-1.227272727272727,,POINTS,0.7273,BEAT_CLOSE,MLB,baseball_mlb,,,
cmqof5y2j00mvos45xtazroxu,2026-06-22T04:30:10.747Z,2026-08-06T16:17:12.093Z,55,LOSS,TOTAL,UNDER 8.5,8.545454545454545,FREE,v5.0.0,8.5,,8.545454545454545,,POINTS,-0.0455,LOST_TO_CLOSE,MLB,baseball_mlb,,,
cmqof5y4m00n7os45ovl3c2c0,2026-06-22T04:30:10.822Z,2026-08-06T16:17:12.093Z,58,LOSS,SPREAD,Los Angeles Dodgers -1.5,1.5,FREE,v5.0.0,1.5,,1.5,,POINTS,0,MATCHED_CLOSE,MLB,baseball_mlb,,,
cmqog8lct01enos45vy9xe2eh,2026-06-22T05:00:13.853Z,2026-08-06T16:17:12.093Z,50,WIN,MONEYLINE,Baltimore Orioles ML (-160),-160.2727272727273,FREE,v5.0.0,,-157,,-160,PROBABILITY,0.0045,MATCHED_CLOSE,MLB,baseball_mlb,,,
cmqohb5f70243os45v7m7r4rn,2026-06-22T05:30:12.787Z,2026-06-22T10:26:48.058Z,50,WIN,MONEYLINE,Philadelphia Phillies ML (-2083),-2083,FREE,v5.0.0,,-2083,,-182,PROBABILITY,-0.3088,LOST_TO_CLOSE,MLB,baseball_mlb,,,
cmqokha4701ghdzbs7yonn170,2026-06-22T06:58:57.655Z,2026-08-06T16:17:12.093Z,63,LOSS,TOTAL,OVER 7.5,7.5,FREE,v5.0.0,7,,7.5,,POINTS,0.5,BEAT_CLOSE,MLB,baseball_mlb,,,
cmqollg6r02xjdzbsa8vrpnsm,2026-06-22T07:30:11.763Z,2026-08-06T16:17:12.093Z,59,LOSS,SPREAD,Atlanta Braves -1.5,1.5,FREE,v5.0.0,1.5,,1.227272727272727,,POINTS,-0.2727,LOST_TO_CLOSE,MLB,baseball_mlb,,,
cmqoqydti027hdfv21b4fubzc,2026-06-22T10:00:13.302Z,2026-08-06T16:17:12.093Z,55,WIN,SPREAD,Washington Nationals -0.7,-0.6818181818181818,FREE,v5.0.0,1.5,,-0.6818181818181818,,POINTS,2.1818,BEAT_CLOSE,MLB,baseball_mlb,,,
cmqoyggaq01i5dze33md7omm0,2026-06-22T13:30:13.634Z,2026-08-06T16:17:12.093Z,61,LOSS,TOTAL,OVER 10.0,10,FREE,v5.0.0,10,,10,,POINTS,0,MATCHED_CLOSE,MLB,baseball_mlb,,,
cmr0wyfxo00vx46oe6coa1wgd,2026-06-30T22:21:27.852Z,2026-07-01T10:52:39.443Z,85,LOSS,TOTAL,UNDER 7.0,7,PREMIUM,v5.1.0,7,,7,,POINTS,0,MATCHED_CLOSE,MLB,baseball_mlb,,,
cmr0wyfzj00w346oec8mlqgjr,2026-06-30T22:21:27.920Z,2026-07-01T10:52:40.304Z,85,WIN,TOTAL,OVER 11.5,11.5,PREMIUM,v5.1.0,11.5,,11.5,,POINTS,0,MATCHED_CLOSE,MLB,baseball_mlb,,,
cmr0wyg0w00w946oen7m98fyy,2026-06-30T22:21:27.968Z,2026-07-01T10:52:40.631Z,83,WIN,SPREAD,Miami Marlins -1.5,1.5,PREMIUM,v5.1.0,1.5,,1.5,,POINTS,0,MATCHED_CLOSE,MLB,baseball_mlb,,,
cmr0wyg2a00wf46oex6qk1rvc,2026-06-30T22:21:28.018Z,2026-07-01T10:52:38.822Z,80,LOSS,SPREAD,Baltimore Orioles -1.5,-1.5,PREMIUM,v5.1.0,-1.5,,-1.5,,POINTS,0,MATCHED_CLOSE,MLB,baseball_mlb,,,
cmr0wyg5700wr46oezup1lu3u,2026-06-30T22:21:28.123Z,2026-07-01T10:52:40.141Z,78,WIN,SPREAD,Tampa Bay Rays -1.5,1.5,PREMIUM,v5.1.0,1.5,,1.5,,POINTS,0,MATCHED_CLOSE,MLB,baseball_mlb,,,
cmr0wyg6k00wx46oexawad6wi,2026-06-30T22:21:28.172Z,2026-07-01T10:52:39.831Z,74,WIN,TOTAL,UNDER 9.1,9.090909090909092,PREMIUM,v5.1.0,9.090909090909092,,9.090909090909092,,POINTS,0,MATCHED_CLOSE,MLB,baseball_mlb,,,
cmr0wyg8700x346oeracj6jhm,2026-06-30T22:21:28.231Z,2026-07-01T10:52:40.304Z,74,WIN,SPREAD,Chicago Cubs -1.5,-1.5,PREMIUM,v5.1.0,-1.5,,-1.5,,POINTS,0,MATCHED_CLOSE,MLB,baseball_mlb,,,
cmr0wyg9j00x946oegr4poj63,2026-06-30T22:21:28.279Z,2026-07-01T10:52:40.466Z,74,LOSS,SPREAD,Minnesota Twins -1.5,1.5,PREMIUM,v5.1.0,1.5,,1.5,,POINTS,0,MATCHED_CLOSE,MLB,baseball_mlb,,,
cmr0wygb100xf46oewtilh7n7,2026-06-30T22:21:28.334Z,2026-07-01T10:52:40.466Z,73,WIN,TOTAL,OVER 8.5,8.454545454545455,PREMIUM,v5.1.0,8.454545454545455,,8.454545454545455,,POINTS,0,MATCHED_CLOSE,MLB,baseball_mlb,,,
cmr0wygce00xl46oevqud9le9,2026-06-30T22:21:28.383Z,2026-07-01T10:52:39.288Z,72,WIN,SPREAD,Philadelphia Phillies -1.5,-1.5,PREMIUM,v5.1.0,-1.5,,-1.5,,POINTS,0,MATCHED_CLOSE,MLB,baseball_mlb,,,
cmr0wygdr00xr46oe0lhjd5ly,2026-06-30T22:21:28.431Z,2026-07-01T10:52:39.675Z,69,LOSS,SPREAD,Boston Red Sox -1.5,-1.5,FREE,v5.1.0,-1.5,,-1.5,,POINTS,0,MATCHED_CLOSE,MLB,baseball_mlb,,,
cmr0wygf600xx46oepc2skqo2,2026-06-30T22:21:28.482Z,2026-07-01T10:52:39.126Z,67,LOSS,TOTAL,OVER 8.0,8,FREE,v5.1.0,8,,8,,POINTS,0,MATCHED_CLOSE,MLB,baseball_mlb,,,
cmr0wyggk00y346oe3zbpd83a,2026-06-30T22:21:28.532Z,2026-07-01T10:52:39.288Z,67,LOSS,TOTAL,OVER 8.5,8.5,FREE,v5.1.0,8.5,,8.5,,POINTS,0,MATCHED_CLOSE,MLB,baseball_mlb,,,
cmr0wyghu00y946oe9pi5o8ri,2026-06-30T22:21:28.578Z,2026-07-01T10:52:39.558Z,67,LOSS,TOTAL,OVER 8.0,8,FREE,v5.1.0,8,,8,,POINTS,0,MATCHED_CLOSE,MLB,baseball_mlb,,,
cmr0wygj500yf46oea4dtgpyr,2026-06-30T22:21:28.625Z,2026-07-01T10:52:40.744Z,67,LOSS,TOTAL,UNDER 11.0,11,FREE,v5.1.0,11,,11,,POINTS,0,MATCHED_CLOSE,MLB,baseball_mlb,,,
cmr0wygkg00yl46oe609nejnb,2026-06-30T22:21:28.673Z,2026-07-01T10:52:41.015Z,67,WIN,SPREAD,Seattle Mariners -1.5,-1.5,FREE,v5.1.0,-1.5,,-1.5,,POINTS,0,MATCHED_CLOSE,MLB,baseball_mlb,,,
cmr0wyglt00yr46oe998w7fi0,2026-06-30T22:21:28.721Z,2026-07-01T10:52:39.988Z,64,WIN,SPREAD,Milwaukee Brewers -1.5,-1.5,FREE,v5.1.0,-1.5,,-1.5,,POINTS,0,MATCHED_CLOSE,MLB,baseball_mlb,,,
cmr0wygn500yx46oezz677weo,2026-06-30T22:21:28.769Z,2026-07-01T10:52:38.822Z,61,WIN,TOTAL,OVER 10.5,10.5,FREE,v5.1.0,10.5,,10.5,,POINTS,0,MATCHED_CLOSE,MLB,baseball_mlb,,,
cmr0wygog00z346oeru2j2ofx,2026-06-30T22:21:28.816Z,2026-07-01T10:52:39.675Z,61,WIN,TOTAL,UNDER 9.0,9.045454545454545,FREE,v5.1.0,9.045454545454545,,9.045454545454545,,POINTS,0,MATCHED_CLOSE,MLB,baseball_mlb,,,
cmr0wygpp00z946oe8w4w8jdj,2026-06-30T22:21:28.861Z,2026-07-01T10:52:40.895Z,61,WIN,TOTAL,OVER 9.0,9,FREE,v5.1.0,9,,9,,POINTS,0,MATCHED_CLOSE,MLB,baseball_mlb,,,
cmr0wygqz00zf46oe7zagkij7,2026-06-30T22:21:28.907Z,2026-07-01T10:52:41.015Z,60,LOSS,TOTAL,UNDER 7.0,7,FREE,v5.1.0,7,,7,,POINTS,0,MATCHED_CLOSE,MLB,baseball_mlb,,,
cmr0wygsc00zl46oe66k51v54,2026-06-30T22:21:28.956Z,2026-07-01T10:52:39.126Z,58,WIN,SPREAD,Texas Rangers -1.5,1.5,FREE,v5.1.0,1.5,,1.5,,POINTS,0,MATCHED_CLOSE,MLB,baseball_mlb,,,
cmr0wygtq00zr46oe4x5atyst,2026-06-30T22:21:29.006Z,2026-07-01T10:52:40.744Z,58,WIN,SPREAD,Los Angeles Dodgers -1.5,1.5,FREE,v5.1.0,1.5,,1.5,,POINTS,0,MATCHED_CLOSE,MLB,baseball_mlb,,,
cmr0wygv300zx46oebk89lbrz,2026-06-30T22:21:29.056Z,2026-07-01T10:52:39.831Z,57,LOSS,SPREAD,Atlanta Braves -1.5,-1.5,FREE,v5.1.0,-1.5,,-1.5,,POINTS,0,MATCHED_CLOSE,MLB,baseball_mlb,,,
cmr0wygwh010346oe5ppwlr3z,2026-06-30T22:21:29.105Z,2026-07-01T10:52:40.141Z,56,WIN,TOTAL,OVER 9.8,9.818181818181818,FREE,v5.1.0,9.818181818181818,,9.818181818181818,,POINTS,0,MATCHED_CLOSE,MLB,baseball_mlb,,,
cmre2yghw00ey139pgjvvyy1p,2026-07-10T03:30:26.564Z,2026-07-11T08:37:04.360Z,85,LOSS,SPREAD,Cleveland Guardians -1.5,1.5,PREMIUM,v5.1.0,1.5,,-0.6818181818181818,,POINTS,-2.1818,LOST_TO_CLOSE,MLB,baseball_mlb,156,1.5,0.3733673433639622
cmre2yglt00f4139pt5jiuitn,2026-07-10T03:30:26.705Z,2026-07-10T23:42:20.355Z,73,LOSS,SPREAD,Philadelphia Phillies -1.5,1.5,PREMIUM,v5.1.0,1.5,,1.5,,POINTS,0,MATCHED_CLOSE,MLB,baseball_mlb,-109,1.5,0.4978224893293988
cmre2ygo100fa139p6wewum8m,2026-07-10T03:30:26.785Z,2026-07-10T23:42:19.898Z,72,WIN,SPREAD,Detroit Tigers -1.5,-1.5,PREMIUM,v5.1.0,-1.5,,-1.5,,POINTS,0,MATCHED_CLOSE,MLB,baseball_mlb,153,-1.5,0.3798989148132659
cmre2ygq900fg139pt9nhzakk,2026-07-10T03:30:26.865Z,2026-07-10T23:42:20.856Z,69,LOSS,SPREAD,San Diego Padres -1.5,-1.5,FREE,v5.1.0,-1.5,,-1.5,,POINTS,0,MATCHED_CLOSE,MLB,baseball_mlb,161,-1.5,0.3686731439357967
cmre2ygsg00fm139pi125vsj9,2026-07-10T03:30:26.944Z,2026-07-10T23:42:20.856Z,69,WIN,TOTAL,UNDER 8.9,8.863636363636363,FREE,v5.1.0,8.863636363636363,,8.863636363636363,,POINTS,0,MATCHED_CLOSE,MLB,baseball_mlb,-77,8.863636363636363,0.5072784831727392
cmre2ygum00fs139pxcht62yw,2026-07-10T03:30:27.022Z,2026-07-10T23:42:20.568Z,68,WIN,SPREAD,Milwaukee Brewers -1.5,1.5,FREE,v5.1.0,1.5,,1.5,,POINTS,0,MATCHED_CLOSE,MLB,baseball_mlb,127,1.5,0.4228557970677191
cmre2ygwz00fy139pi5cnxbat,2026-07-10T03:30:27.108Z,2026-07-10T23:42:19.898Z,67,LOSS,TOTAL,OVER 9.0,9,FREE,v5.1.0,9,,9,,POINTS,0,MATCHED_CLOSE,MLB,baseball_mlb,-116,9,0.5131385222240105
cmre2ygz600g4139pynz8hfoi,2026-07-10T03:30:27.186Z,2026-07-10T23:42:20.191Z,67,WIN,TOTAL,OVER 8.0,8,FREE,v5.1.0,8,,8,,POINTS,0,MATCHED_CLOSE,MLB,baseball_mlb,-112,8,0.505131185897206
cmre2yh1d00ga139p7po10kl3,2026-07-10T03:30:27.265Z,2026-07-10T23:42:20.355Z,66,WIN,TOTAL,UNDER 9.5,9.5,FREE,v5.1.0,9.5,,9.5,,POINTS,0,MATCHED_CLOSE,MLB,baseball_mlb,-117,9.5,0.5140851204451169
cmre2yh3m00gg139pqawvj8ov,2026-07-10T03:30:27.346Z,2026-07-10T23:42:20.732Z,65,LOSS,SPREAD,Texas Rangers -1.5,-1.5,FREE,v5.1.0,-1.5,,-1.5,,POINTS,0,MATCHED_CLOSE,MLB,baseball_mlb,160,-1.5,0.3692305574552646
cmre2yh5p00gm139p2fyla4jn,2026-07-10T03:30:27.422Z,2026-07-10T23:42:21.025Z,64,WIN,SPREAD,San Francisco Giants -1.5,-1.5,FREE,v5.1.0,-1.5,,-1.5,,POINTS,0,MATCHED_CLOSE,MLB,baseball_mlb,160,-1.5,0.3699532786422404
cmre2yh7u00gs139p9xvxju2r,2026-07-10T03:30:27.498Z,2026-07-11T08:37:04.022Z,60,WIN,SPREAD,Baltimore Orioles -1.5,-1.5,FREE,v5.1.0,-1.5,,-1.5,,POINTS,0,MATCHED_CLOSE,MLB,baseball_mlb,128,-1.5,0.4199875007494326
cmre2yh9x00gy139p4xqd3cjy,2026-07-10T03:30:27.573Z,2026-07-10T23:42:20.191Z,63,LOSS,SPREAD,Seattle Mariners -1.5,1.5,FREE,v5.1.0,1.5,,1.5,,POINTS,0,MATCHED_CLOSE,MLB,baseball_mlb,132,1.5,0.4134426720578858
cmre2yhbz00h4139pvrjmzawr,2026-07-10T03:30:27.648Z,2026-07-11T08:37:04.195Z,67,WIN,TOTAL,UNDER 4.5,4.5,FREE,v5.1.0,9.357142857142858,,9.454545454545455,,POINTS,-0.0974,LOST_TO_CLOSE,MLB,baseball_mlb,-53,9.357142857142858,0.5001766573510957
cmre2yhe200ha139pnjwuecr9,2026-07-10T03:30:27.722Z,2026-07-11T11:23:50.453Z,69,WIN,TOTAL,UNDER 3.6,3.642857142857143,FREE,v5.1.0,7.928571428571429,,7.954545454545454,,POINTS,-0.026,LOST_TO_CLOSE,MLB,baseball_mlb,-83,7.928571428571429,0.5040718364492176
cmre2yhg300hg139pfbfd63gu,2026-07-10T03:30:27.795Z,2026-07-11T08:37:04.195Z,71,LOSS,SPREAD,Chicago Cubs -1.4,1.4375,PREMIUM,v5.1.0,1.5,,0.9545454545454546,,POINTS,-0.5455,LOST_TO_CLOSE,MLB,baseball_mlb,146,1.5,0.3895469299923314
cmre2yhi400hm139pgu7uvwc7,2026-07-10T03:30:27.869Z,2026-07-11T08:37:05.011Z,68,WIN,TOTAL,OVER 7.8,7.8125,FREE,v5.1.0,7.5,,7.5,,POINTS,0,MATCHED_CLOSE,MLB,baseball_mlb,-114,7.5,0.5092740360648078
cmre2yhk700hs139p9eyfp6je,2026-07-10T03:30:27.943Z,2026-07-10T23:42:20.568Z,56,LOSS,TOTAL,UNDER 8.5,8.454545454545455,FREE,v5.1.0,8.454545454545455,,8.454545454545455,,POINTS,0,MATCHED_CLOSE,MLB,baseball_mlb,-113,8.454545454545455,0.5070090490980617
cmre2yhmb00hy139pab3qjbuv,2026-07-10T03:30:28.019Z,2026-07-11T08:37:05.011Z,61,LOSS,SPREAD,New York Mets -1.4,-1.45,FREE,v5.1.0,-1.5,,-1.5,,POINTS,0,MATCHED_CLOSE,MLB,baseball_mlb,153,-1.5,0.3786539192131341
cmre2yhoe00i4139p7nvpxu1a,2026-07-10T03:30:28.094Z,2026-08-06T16:17:12.093Z,51,LOSS,SPREAD,Pittsburgh Pirates -1.2,-1.2,FREE,v5.1.0,-1.5,,-1.5,,POINTS,0,MATCHED_CLOSE,MLB,baseball_mlb,146,-1.5,0.388540657783267
cmre2yhqi00ia139px2rb3i01,2026-07-10T03:30:28.170Z,2026-07-11T08:37:04.022Z,59,WIN,TOTAL,UNDER 8.5,8.5,FREE,v5.1.0,9.5,,10.13636363636364,,POINTS,-0.6364,LOST_TO_CLOSE,MLB,baseball_mlb,-82,9.5,0.5017706092007381
cmre2yhsk00ig139p5k59txvp,2026-07-10T03:30:28.244Z,2026-07-11T08:37:04.572Z,53,LOSS,SPREAD,Seattle Mariners -1.5,1.5,FREE,v5.1.0,1.5,,-0.9545454545454546,,POINTS,-2.4545,LOST_TO_CLOSE,MLB,baseball_mlb,157,1.5,0.371678583381968
cmre2yhuq00im139p2chekz9f,2026-07-10T03:30:28.322Z,2026-07-11T08:37:04.572Z,58,LOSS,TOTAL,UNDER 7.9,7.9375,FREE,v5.1.0,7.785714285714286,,8.5,,POINTS,-0.7143,LOST_TO_CLOSE,MLB,baseball_mlb,-23,7.785714285714286,0.4979049318659816
cmre2yhww00is139pfxzthqu3,2026-07-10T03:30:28.400Z,2026-07-11T11:23:50.453Z,56,LOSS,SPREAD,Atlanta Braves -1.4,1.428571428571429,FREE,v5.1.0,1.5,,1.5,,POINTS,0,MATCHED_CLOSE,MLB,baseball_mlb,103,1.5,0.4717155867719993
cmre2yhyy00iy139pskrtuwl4,2026-07-10T03:30:28.474Z,2026-07-10T23:42:21.025Z,50,WIN,TOTAL,OVER 9.0,9,FREE,v5.1.0,9,,9,,POINTS,0,MATCHED_CLOSE,MLB,baseball_mlb,-109,9,0.4984201996185524
cmrf8r5sg00myuedzz0ox27t8,2026-07-10T23:00:29.968Z,2026-07-11T11:23:50.667Z,51,WIN,SPREAD,New York Yankees -1.5,1.5,FREE,v5.1.0,1.5,,1.5,,POINTS,0,MATCHED_CLOSE,MLB,baseball_mlb,-67,1.5,0.4859015947198157
cmrf8r5xc00n4uedzrdl1y6g3,2026-07-10T23:00:30.144Z,2026-07-11T08:37:04.781Z,80,WIN,SPREAD,Chicago White Sox -12.5,-12.5,PREMIUM,v5.1.0,-1.5,,-1.5,,POINTS,0,MATCHED_CLOSE,MLB,baseball_mlb,129,-1.5,0.4190308841019407
cmrf8r65i00nmuedz0ovj7qqt,2026-07-10T23:00:30.438Z,2026-07-11T08:37:05.183Z,80,LOSS,SPREAD,Houston Astros -1.5,1.5,PREMIUM,v5.1.0,1.5,,1.5,,POINTS,0,MATCHED_CLOSE,MLB,baseball_mlb,120,1.5,0.4359481835732473
cmrf8r67i00nsuedzaykx7vxr,2026-07-10T23:00:30.510Z,2026-07-11T08:37:05.374Z,84,LOSS,SPREAD,Minnesota Twins -1.9,-1.9375,PREMIUM,v5.1.0,-1.5,,-1.5,,POINTS,0,MATCHED_CLOSE,MLB,baseball_mlb,142,-1.5,0.3979277513442949
cmrf8r69j00nyuedzzravq9lt,2026-07-10T23:00:30.583Z,2026-07-11T11:23:51.205Z,69,LOSS,TOTAL,OVER 8.2,8.227272727272727,FREE,v5.1.0,8.136363636363637,,8.227272727272727,,POINTS,0.0909,BEAT_CLOSE,MLB,baseball_mlb,-56,8.136363636363637,0.5015908336146236
cmrf8r6bo00o4uedzxkketdxa,2026-07-10T23:00:30.660Z,2026-07-11T11:23:50.667Z,61,LOSS,TOTAL,OVER 8.7,8.6875,FREE,v5.1.0,10,,9.95,,POINTS,-0.05,LOST_TO_CLOSE,MLB,baseball_mlb,-112,10,0.5043323581811473
cmrf8r6do00oauedz0dft338v,2026-07-10T23:00:30.732Z,2026-07-11T08:37:04.360Z,50,LOSS,TOTAL,OVER 5.8,5.75,FREE,v5.1.0,7.136363636363637,,7.181818181818182,,POINTS,0.0455,BEAT_CLOSE,MLB,baseball_mlb,-79,7.136363636363637,0.5106406612125423
cmrf8r6jm00oquedznq77nyuu,2026-07-10T23:00:30.946Z,2026-07-11T11:23:51.205Z,53,LOSS,SPREAD,San Francisco Giants -1.5,-1.5,FREE,v5.1.0,-1.5,,-1.5,,POINTS,0,MATCHED_CLOSE,MLB,baseball_mlb,138,-1.5,0.4034445100308717
cmrf8r6np00p2uedzh50v4sk7,2026-07-10T23:00:31.093Z,2026-07-11T08:37:05.374Z,63,WIN,TOTAL,UNDER 7.6,7.642857142857143,FREE,v5.1.0,9.5,,9.5,,POINTS,0,MATCHED_CLOSE,MLB,baseball_mlb,-116,9.5,0.513577048010482
cmrf8r6pr00p8uedz47t6hr6u,2026-07-10T23:00:31.167Z,2026-08-06T16:17:12.093Z,65,WIN,TOTAL,OVER 8.1,8.090909090909092,FREE,v5.1.0,8,,8.5,,POINTS,0.5,BEAT_CLOSE,MLB,baseball_mlb,-111,8,0.5025557361132971
cmrf8r6wy00psuedzlgy8qaj0,2026-07-10T23:00:31.426Z,2026-07-12T04:06:13.562Z,75,LOSS,SPREAD,Miami Marlins -1.4,-1.4375,PREMIUM,v5.1.0,-1.5,,-1.5,,POINTS,0,MATCHED_CLOSE,MLB,baseball_mlb,149,-1.5,0.3845524591019422
cmrf8r6z100pyuedzm6bzt7kz,2026-07-10T23:00:31.501Z,2026-07-11T11:23:51.041Z,53,LOSS,SPREAD,Los Angeles Dodgers -1.5,-1.5,FREE,v5.1.0,-1.5,,-1.5,,POINTS,0,MATCHED_CLOSE,MLB,baseball_mlb,-118,-1.5,0.5190198966791574
cmrf8r71300q4uedzrmogzqhg,2026-07-10T23:00:31.575Z,2026-07-11T11:23:51.041Z,77,WIN,TOTAL,OVER 9.1,9.090909090909092,PREMIUM,v5.1.0,8.5,,9.090909090909092,,POINTS,0.5909,BEAT_CLOSE,MLB,baseball_mlb,-110,8.5,0.5000906912909948
cmrf8r8fd00t5uedzppjymd5n,2026-07-10T23:00:33.385Z,2026-07-17T08:32:37.592Z,64,LOSS,SPREAD,St. Louis City SC -1.5,-1.5,FREE,v5.1.0,-1.375,,-1.45,,POINTS,0.075,BEAT_CLOSE,MLS,soccer_usa_mls,-2,-1.375,0.4755479291786912
cmrf8r8hf00tbuedzs34bt6ec,2026-07-10T23:00:33.459Z,2026-07-17T08:32:37.382Z,55,LOSS,TOTAL,OVER 2.8,2.785714285714286,FREE,v5.1.0,2.6,,2.916666666666667,,POINTS,0.3167,BEAT_CLOSE,MLS,soccer_usa_mls,-149,2.6,0.5566112296195708
cmrf8r8jf00thuedz4peyvpd6,2026-07-10T23:00:33.531Z,2026-07-17T08:32:37.592Z,50,LOSS,TOTAL,UNDER 3.5,3.5,FREE,v5.1.0,3.5,,3.5,,POINTS,0,MATCHED_CLOSE,MLS,soccer_usa_mls,-126,3.5,0.5195737938574967
cmrf8r8lf00tnuedzvabvs68m,2026-07-10T23:00:33.603Z,2026-07-17T08:32:37.592Z,60,WIN,MONEYLINE,St. Louis City SC ML (-504),-504,FREE,v5.1.0,,-238,,-223,PROBABILITY,-0.0137,LOST_TO_CLOSE,MLS,soccer_usa_mls,-238,-238.3333333333333,0.8056811142982172
cmrf8r8nf00ttuedz69ekcsdi,2026-07-10T23:00:33.675Z,2026-07-17T11:25:08.708Z,50,LOSS,TOTAL,UNDER 3.5,3.464285714285714,FREE,v5.1.0,3.4,,3.464285714285714,,POINTS,-0.0643,LOST_TO_CLOSE,MLS,soccer_usa_mls,-81,3.4,0.5098343298239651
cmrf8r8pr00tzuedz7r0p3hus,2026-07-10T23:00:33.759Z,2026-07-17T11:25:08.708Z,51,LOSS,MONEYLINE,Seattle Sounders FC ML (-162),-162,FREE,v5.1.0,,-221,,-193,PROBABILITY,-0.0298,LOST_TO_CLOSE,MLS,soccer_usa_mls,-221,-221.1666666666667,0.7953854547796368
cmrf9tqbf00o5nnp3hs8welb4,2026-07-10T23:30:29.499Z,2026-07-11T08:37:03.772Z,63,WIN,TOTAL,OVER 12.2,12.21428571428571,FREE,v5.1.0,8.954545454545455,,8.954545454545455,,POINTS,0,MATCHED_CLOSE,MLB,baseball_mlb,-110,8.954545454545455,0.5006881969385821
cmrfawaop00op12kbtvipu9h9,2026-07-11T00:00:28.826Z,2026-07-12T11:44:19.991Z,55,LOSS,SPREAD,Toronto Blue Jays -1.5,1.5,FREE,v5.1.0,1.5,,0.4090909090909091,,POINTS,-1.0909,LOST_TO_CLOSE,MLB,baseball_mlb,171,1.5,0.3541017329510036
cmrfawaxu00ph12kbqpw5n9gz,2026-07-11T00:00:29.154Z,2026-07-11T08:37:04.781Z,62,WIN,MONEYLINE,Chicago White Sox ML (-3162),-3161.857142857143,FREE,v5.1.0,,-157,,-179,PROBABILITY,0.0307,BEAT_CLOSE,MLB,baseball_mlb,-157,-156.6363636363636,0.5875259460466776
cmrfawazo00pn12kb26b6pxit,2026-07-11T00:00:29.220Z,2026-07-12T04:06:13.377Z,51,LOSS,TOTAL,OVER 6.8,6.75,FREE,v5.1.0,8.5,,8.5,,POINTS,0,MATCHED_CLOSE,MLB,baseball_mlb,-58,8.5,0.4973749829068725
cmrfawb5800q512kb2nh53ejt,2026-07-11T00:00:29.420Z,2026-07-12T02:01:56.637Z,64,LOSS,TOTAL,OVER 8.5,8.5,FREE,v5.1.0,9.2,,8.5,,POINTS,-0.7,LOST_TO_CLOSE,MLB,baseball_mlb,-26,9.2,0.4919470499647267
cmrfawb7400qb12kbg5vgre13,2026-07-11T00:00:29.488Z,2026-07-12T08:51:16.704Z,58,WIN,SPREAD,Chicago Cubs -1.5,1.5,FREE,v5.1.0,1.5,,0.1363636363636364,,POINTS,-1.3636,LOST_TO_CLOSE,MLB,baseball_mlb,133,1.5,0.4112498202730717
cmrfawbar00qn12kb8qqmxuwj,2026-07-11T00:00:29.619Z,2026-07-11T08:37:04.781Z,79,WIN,TOTAL,OVER 11.6,11.5625,PREMIUM,v5.1.0,9,,8.5,,POINTS,-0.5,LOST_TO_CLOSE,MLB,baseball_mlb,-111,9,0.5023613430123027
cmrfawbcl00qt12kbbsnoo5i3,2026-07-11T00:00:29.685Z,2026-07-11T11:23:50.836Z,66,LOSS,TOTAL,OVER 10.1,10.0625,FREE,v5.1.0,8.5,,8.5,,POINTS,0,MATCHED_CLOSE,MLB,baseball_mlb,-110,8.5,0.4993276779133932
cmrfawbg700r512kbmpkpi0zh,2026-07-11T00:00:29.815Z,2026-07-12T04:06:13.801Z,52,LOSS,TOTAL,OVER 8.9,8.875,FREE,v5.1.0,8.5,,9,,POINTS,0.5,BEAT_CLOSE,MLB,baseball_mlb,-116,8.5,0.5144158486466403
cmrfawbi100rb12kbshdfxpj5,2026-07-11T00:00:29.881Z,2026-07-12T05:06:59.507Z,51,WIN,TOTAL,UNDER 7.4,7.4375,FREE,v5.1.0,7.5,,7.05,,POINTS,0.45,BEAT_CLOSE,MLB,baseball_mlb,-113,7.5,0.5086825531018258
cmrfd1hpi02gr8nne8xdudfsm,2026-07-11T01:00:30.438Z,2026-07-12T08:51:16.897Z,56,LOSS,TOTAL,OVER 7.9,7.9375,FREE,v5.1.0,8.916666666666666,,8.5,,POINTS,-0.4167,LOST_TO_CLOSE,MLB,baseball_mlb,-75,8.916666666666666,0.4963524982503804
cmrfd1i0802hl8nnec938ph4a,2026-07-11T01:00:30.825Z,2026-07-12T11:44:20.195Z,53,WIN,TOTAL,OVER 8.5,8.5,FREE,v5.1.0,8.583333333333334,,8.5,,POINTS,-0.0833,LOST_TO_CLOSE,MLB,baseball_mlb,-115,8.583333333333334,0.5125458633250626
cmrfd1iev02ir8nneynwr234t,2026-07-11T01:00:31.351Z,2026-07-12T04:06:13.377Z,50,WIN,SPREAD,San Francisco Giants -1.5,-1.5,FREE,v5.1.0,-1.5,,-1.5,,POINTS,0,MATCHED_CLOSE,MLB,baseball_mlb,143,-1.5,0.3945916006226008
cmrfd1ims02jd8nnexk05xclp,2026-07-11T01:00:31.636Z,2026-07-12T08:51:16.704Z,61,WIN,TOTAL,UNDER 8.5,8.5,FREE,v5.1.0,10,,9.545454545454545,,POINTS,0.4545,BEAT_CLOSE,MLB,baseball_mlb,-113,10,0.5067412345794514
cmrfe469b03fs8nneda78bixb,2026-07-11T01:30:35.183Z,2026-07-12T08:51:16.347Z,72,WIN,SPREAD,Baltimore Orioles -4.5,-4.5,PREMIUM,v5.1.0,-1.5,,-1.5,,POINTS,0,MATCHED_CLOSE,MLB,baseball_mlb,131,-1.5,0.4142414398421632
cmrfe46kf03gg8nney1jj57pw,2026-07-11T01:30:35.583Z,2026-07-12T04:06:13.161Z,79,WIN,SPREAD,New York Yankees -1.8,1.75,PREMIUM,v5.1.0,1.5,,1.5,,POINTS,0,MATCHED_CLOSE,MLB,baseball_mlb,-117,1.5,0.5161479151273312
cmrfe46wr03h88nneuxl175la,2026-07-11T01:30:36.028Z,2026-07-12T04:06:13.801Z,68,LOSS,SPREAD,Milwaukee Brewers -1.4,1.4375,FREE,v5.1.0,1.5,,1.5,,POINTS,0,MATCHED_CLOSE,MLB,baseball_mlb,121,1.5,0.4327921864837243
cmrfe472r03hk8nnejt103njy,2026-07-11T01:30:36.243Z,2026-07-11T08:37:05.183Z,53,LOSS,TOTAL,UNDER 6.6,6.5625,FREE,v5.1.0,8.5,,8.5,,POINTS,0,MATCHED_CLOSE,MLB,baseball_mlb,-112,8.5,0.5058227427838242
cmrfe477r03hu8nneczzktjsn,2026-07-11T01:30:36.423Z,2026-07-12T08:51:16.136Z,57,WIN,SPREAD,Philadelphia Phillies -2.4,2.357142857142857,FREE,v5.1.0,1.5,,1.5,,POINTS,0,MATCHED_CLOSE,MLB,baseball_mlb,121,1.5,0.4336637995161502
cmrfg97u302qpm2he8vqqyq4o,2026-07-11T02:30:29.739Z,2026-07-11T08:37:03.772Z,92,WIN,SPREAD,Detroit Tigers -7.3,-7.3125,PREMIUM,v5.1.0,-0.6818181818181818,,-0.6818181818181818,,POINTS,0,MATCHED_CLOSE,MLB,baseball_mlb,65,-0.6818181818181818,0.437659191299128
cmrfj7asd00u413czmgndw31s,2026-07-11T03:52:59.101Z,2026-07-12T08:51:16.543Z,54,LOSS,TOTAL,UNDER 9.3,9.3125,FREE,v5.1.0,8.375,,8.681818181818182,,POINTS,-0.3068,LOST_TO_CLOSE,MLB,baseball_mlb,-63,8.375,0.5065099961705566
cmrfj7b1c00uq13czifcrxl91,2026-07-11T03:52:59.424Z,2026-07-12T08:51:16.136Z,57,LOSS,TOTAL,OVER 8.9,8.9375,FREE,v5.1.0,7.071428571428571,,7.909090909090909,,POINTS,0.8377,BEAT_CLOSE,MLB,baseball_mlb,-119,7.071428571428571,0.519274325613999
cmrfjgzba00uw9jepx695um7c,2026-07-11T04:00:30.790Z,2026-07-12T08:51:16.897Z,53,LOSS,SPREAD,Atlanta Braves -1.5,1.5,FREE,v5.1.0,1.5,,0.4090909090909091,,POINTS,-1.0909,LOST_TO_CLOSE,MLB,baseball_mlb,142,1.5,0.3953524062992983
cmrfjgzgl00vc9jepcm2s0xfo,2026-07-11T04:00:30.981Z,2026-07-12T11:44:19.991Z,66,LOSS,TOTAL,UNDER 7.9,7.909090909090909,FREE,v5.1.0,7.785714285714286,,7.909090909090909,,POINTS,-0.1234,LOST_TO_CLOSE,MLB,baseball_mlb,-23,7.785714285714286,0.4979049318659816
cmrfjgzih00vi9jepoxe2qoic,2026-07-11T04:00:31.049Z,2026-07-12T11:44:20.195Z,66,LOSS,SPREAD,Los Angeles Dodgers -1.5,-1.5,FREE,v5.1.0,-1.5,,-1.681818181818182,,POINTS,0.1818,BEAT_CLOSE,MLB,baseball_mlb,-125,-1.5,0.5320575578422109
cmrfkjjxs00ucfgloerk9phwi,2026-07-11T04:30:30.448Z,2026-07-12T04:06:13.161Z,66,WIN,TOTAL,UNDER 4.4,4.375,FREE,v5.1.0,8.785714285714286,,9,,POINTS,-0.2143,LOST_TO_CLOSE,MLB,baseball_mlb,-17,8.785714285714286,0.4860163873148213
cmrfmongp02t1fglolzkpwl2z,2026-07-11T05:30:27.529Z,2026-07-11T08:37:04.360Z,69,WIN,MONEYLINE,Cleveland Guardians ML (-774),-774.125,FREE,v5.1.0,,-999,,88,PROBABILITY,-0.3771,LOST_TO_CLOSE,MLB,baseball_mlb,-999,-998.75,0.8549892703884031
cmrfmoo3j02upfglox4zu9ba1,2026-07-11T05:30:28.351Z,2026-07-11T08:37:04.572Z,60,WIN,MONEYLINE,Tampa Bay Rays ML (-976),-976.25,FREE,v5.1.0,,-1067,,-127,PROBABILITY,-0.3548,LOST_TO_CLOSE,MLB,baseball_mlb,-1067,-1066.625,0.8399787015685547
cmrfmoosm02wpfglo3i1v3otv,2026-07-11T05:30:29.254Z,2026-07-12T04:06:13.562Z,55,LOSS,TOTAL,OVER 5.6,5.625,FREE,v5.1.0,7.611111111111111,,7.545454545454546,,POINTS,-0.0657,LOST_TO_CLOSE,MLB,baseball_mlb,-116,7.611111111111111,0.5140517139108027
cmrfmoqi5030zfglokg8k2jkl,2026-07-11T05:30:31.469Z,2026-07-18T08:26:06.530Z,63,WIN,MONEYLINE,Nashville SC ML (-2257),-2257,FREE,v5.1.0,,-250,,-174,PROBABILITY,-0.0792,LOST_TO_CLOSE,MLS,soccer_usa_mls,-250,-250.4,0.8306510505990766
cmrfnra7s03v1fglo1b0t2g0g,2026-07-11T06:00:29.944Z,2026-07-12T03:03:23.614Z,59,WIN,SPREAD,Minnesota Twins -2.4,-2.375,FREE,v5.1.0,-1.5,,-1.45,,POINTS,-0.05,LOST_TO_CLOSE,MLB,baseball_mlb,113,-1.5,0.4497443398492599
cmrfnraa503v7fglot7jukig7,2026-07-11T06:00:30.029Z,2026-07-12T08:51:16.543Z,56,LOSS,SPREAD,Texas Rangers -1.5,-1.5,FREE,v5.1.0,-1.5,,-0.6818181818181818,,POINTS,-0.8182,LOST_TO_CLOSE,MLB,baseball_mlb,164,-1.5,0.3637477915826598
cmrfnrac303vdfgloela8xx0p,2026-07-11T06:00:30.100Z,2026-07-12T02:01:56.637Z,63,LOSS,SPREAD,Athletics -1.5,1.5,FREE,v5.1.0,1.5,,-0.1363636363636364,,POINTS,-1.6364,LOST_TO_CLOSE,MLB,baseball_mlb,139,1.5,0.4022509411643791
cmrfpm7rd00o3108qjx1xqvcz,2026-07-11T06:52:32.713Z,2026-07-11T11:23:50.836Z,56,LOSS,SPREAD,San Diego Padres -1.4,-1.4375,FREE,v5.1.0,-1.454545454545455,,-0.6818181818181818,,POINTS,-0.7727,LOST_TO_CLOSE,MLB,baseball_mlb,146,-1.454545454545455,0.3862456866985777
cmrfs1kws02h6108qw3bgzh9p,2026-07-11T08:00:28.828Z,2026-07-12T03:03:23.614Z,59,LOSS,TOTAL,OVER 8.9,8.9375,FREE,v5.1.0,9,,9,,POINTS,0,MATCHED_CLOSE,MLB,baseball_mlb,-109,9,0.4984393511455708
cmrft432e0375108qfqstpya9,2026-07-11T08:30:25.286Z,2026-07-11T11:23:50.836Z,54,WIN,MONEYLINE,Toronto Blue Jays ML (-3173),-3173.333333333333,FREE,v5.1.0,,-851,,86,PROBABILITY,-0.3572,LOST_TO_CLOSE,MLB,baseball_mlb,-851,-851,0.8419696775523497
cmrg3txpb0167gw1tipmhu77k,2026-07-11T13:30:27.551Z,2026-07-12T05:06:59.174Z,53,LOSS,TOTAL,OVER 5.9,5.875,FREE,v5.1.0,8.5,,7.590909090909091,,POINTS,-0.9091,LOST_TO_CLOSE,MLB,baseball_mlb,-111,8.5,0.5008883170571089
cmrg3txyv016zgw1tttkvdz6e,2026-07-11T13:30:27.895Z,2026-07-12T05:06:59.174Z,50,LOSS,SPREAD,New York Mets -1.4,-1.4375,FREE,v5.1.0,-1.5,,-1.5,,POINTS,0,MATCHED_CLOSE,MLB,baseball_mlb,142,-1.5,0.3951737809536461
cmrga9g3x00j9h1qdk0u3c98c,2026-07-11T16:30:28.941Z,2026-07-12T00:22:29.896Z,81,WIN,TOTAL,OVER 12.4,12.4375,PREMIUM,v5.1.0,8.3,,8.5,,POINTS,0.2,BEAT_CLOSE,MLB,baseball_mlb,-115,8.3,0.5094363194136325
cmrgejrqa018hibvgsro5nwlg,2026-07-11T18:30:29.026Z,2026-07-12T00:22:29.896Z,50,LOSS,SPREAD,Milwaukee Brewers -1.1,1.071428571428571,FREE,v5.1.0,1.125,,0.1363636363636364,,POINTS,-0.9886,LOST_TO_CLOSE,MLB,baseball_mlb,106,1.125,0.4155488492545606
cmrgfmbmx01zuibvglzo3in1g,2026-07-11T19:00:27.753Z,2026-07-12T08:51:16.347Z,60,WIN,TOTAL,UNDER 7.5,7.5,FREE,v5.1.0,9,,9,,POINTS,0,MATCHED_CLOSE,MLB,baseball_mlb,-115,9,0.5103710286600759
cmrgge9al02pvibvg4mvd2dwu,2026-07-11T19:22:11.085Z,2026-07-12T04:06:13.562Z,50,LOSS,MONEYLINE,Miami Marlins ML (-180),-179.875,FREE,v5.1.0,,-153,,-158,PROBABILITY,0.0077,BEAT_CLOSE,MLB,baseball_mlb,-153,-152.8181818181818,0.5813575082237796
cmrgp3pof03k212cwtcgr17if,2026-07-11T23:25:55.647Z,2026-07-13T02:03:08.731Z,79,LOSS,SPREAD,Tampa Bay Rays -1.5,-1.454545454545455,PREMIUM,v5.1.0,-1.5,,-1.5,,POINTS,0,MATCHED_CLOSE,MLB,baseball_mlb,159,-1.5,0.3700856735179313
cmrgp3q3w03l012cwxxipufqg,2026-07-11T23:25:56.204Z,2026-07-13T03:04:06.828Z,65,LOSS,SPREAD,St. Louis Cardinals -1.1,-1.0625,FREE,v5.1.0,-1.5,,-1.5,,POINTS,0,MATCHED_CLOSE,MLB,baseball_mlb,154,-1.5,0.3776130380293911
cmrgp3qbz03li12cwoi6etf8m,2026-07-11T23:25:56.495Z,2026-07-13T02:03:07.488Z,87,WIN,SPREAD,Baltimore Orioles -6.3,-6.3125,PREMIUM,v5.1.0,-1.5,,-1.5,,POINTS,0,MATCHED_CLOSE,MLB,baseball_mlb,132,-1.5,0.4130961891615774
cmrgp3qh003lu12cwn9ksfs1q,2026-07-11T23:25:56.676Z,2026-07-13T02:03:07.488Z,69,LOSS,TOTAL,UNDER 7.5,7.5,FREE,v5.1.0,9.5,,9.5,,POINTS,0,MATCHED_CLOSE,MLB,baseball_mlb,-114,9.5,0.5093781470137244
cmrgp3qrm03mo12cwwanntxu3,2026-07-11T23:25:57.058Z,2026-07-13T02:03:08.963Z,74,WIN,TOTAL,OVER 11.6,11.625,PREMIUM,v5.1.0,8.625,,8.863636363636363,,POINTS,0.2386,BEAT_CLOSE,MLB,baseball_mlb,-66,8.625,0.5146427645993518
cmrgp3qx303n212cwgr3frilb,2026-07-11T23:25:57.255Z,2026-07-13T02:03:08.369Z,53,LOSS,TOTAL,OVER 7.5,7.5,FREE,v5.1.0,7.2,,7,,POINTS,-0.2,LOST_TO_CLOSE,MLB,baseball_mlb,-30,7.2,0.5009357009253775
cmrgp9l5n04he12cw8n227jba,2026-07-11T23:30:29.723Z,2026-07-13T03:04:06.828Z,58,WIN,TOTAL,UNDER 7.5,7.5,FREE,v5.1.0,9,,7.5,,POINTS,1.5,BEAT_CLOSE,MLB,baseball_mlb,-116,9,0.5149780938115727
cmrgqc7v100q7guu7i8olhzh4,2026-07-12T00:00:32.077Z,2026-07-13T02:03:08.546Z,51,WIN,TOTAL,OVER 13.6,13.5625,FREE,v5.1.0,9.25,,9.045454545454545,,POINTS,-0.2045,LOST_TO_CLOSE,MLB,baseball_mlb,-113,9.25,0.5078178231633902
cmrgreplv01m2guu7ja5ztikc,2026-07-12T00:30:28.003Z,2026-07-13T02:03:09.193Z,59,LOSS,TOTAL,OVER 8.8,8.75,FREE,v5.1.0,8.5,,9.136363636363637,,POINTS,0.6364,BEAT_CLOSE,MLB,baseball_mlb,-123,8.5,0.5280955544484905
cmrgreptx01moguu7otyambqe,2026-07-12T00:30:28.293Z,2026-07-13T05:07:20.933Z,53,LOSS,TOTAL,OVER 8.6,8.5625,FREE,v5.1.0,9.5,,9.5,,POINTS,0,MATCHED_CLOSE,MLB,baseball_mlb,-110,9.5,0.5017369216928813
cmrgreq5n01nmguu76xsx2ekz,2026-07-12T00:30:28.715Z,2026-07-13T02:03:07.284Z,62,LOSS,SPREAD,Milwaukee Brewers -1.5,1.5,FREE,v5.1.0,1.5,,-1.5,,POINTS,-3,LOST_TO_CLOSE,MLB,baseball_mlb,135,1.5,0.4092448370441321
cmrgreq9301nwguu7gzubnavo,2026-07-12T00:30:28.839Z,2026-07-13T04:05:27.736Z,53,WIN,TOTAL,OVER 8.6,8.5625,FREE,v5.1.0,8.125,,8.545454545454545,,POINTS,0.4205,BEAT_CLOSE,MLB,baseball_mlb,-64,8.125,0.5107840770266762
cmrgreqcn01o6guu7tcc02yll,2026-07-12T00:30:28.968Z,2026-07-13T02:03:08.731Z,70,WIN,TOTAL,OVER 9.3,9.285714285714286,PREMIUM,v5.1.0,7.571428571428571,,7.954545454545454,,POINTS,0.3831,BEAT_CLOSE,MLB,baseball_mlb,-118,7.571428571428571,0.5171060105406138
cmrgreqgs01ogguu7vmyqc9qg,2026-07-12T00:30:29.116Z,2026-07-13T02:03:07.284Z,66,WIN,TOTAL,OVER 20.4,20.4375,FREE,v5.1.0,6.571428571428571,,8.318181818181818,,POINTS,1.7468,BEAT_CLOSE,MLB,baseball_mlb,-113,6.571428571428571,0.5073237022528121
cmrgreqit01omguu72n1lpgui,2026-07-12T00:30:29.189Z,2026-07-13T04:05:27.561Z,67,WIN,TOTAL,UNDER 4.5,4.5,FREE,v5.1.0,8.5,,9.181818181818182,,POINTS,-0.6818,LOST_TO_CLOSE,MLB,baseball_mlb,-69,8.5,0.497888298480763
cmrgrqeqa02kpguu7xz0d0dhe,2026-07-12T00:39:33.778Z,2026-07-12T02:01:56.637Z,57,WIN,MONEYLINE,Chicago White Sox ML (-5889),-5889.166666666667,FREE,v5.1.0,,-365,,-123,PROBABILITY,-0.2334,LOST_TO_CLOSE,MLB,baseball_mlb,-365,-365.125,0.7262619146269489
cmrgtvgut02g0c7nhxxceqcrz,2026-07-12T01:39:29.045Z,2026-07-13T04:05:27.736Z,51,LOSS,SPREAD,Toronto Blue Jays -1.1,1.125,FREE,v5.1.0,1.5,,1.5,,POINTS,0,MATCHED_CLOSE,MLB,baseball_mlb,138,1.5,0.4031813860774219
cmrgtvh2302ggc7nh5tw5elc4,2026-07-12T01:39:29.307Z,2026-07-13T02:03:08.546Z,80,WIN,SPREAD,Chicago Cubs -3.6,3.625,PREMIUM,v5.1.0,1.5,,1.5,,POINTS,0,MATCHED_CLOSE,MLB,baseball_mlb,127,1.5,0.4224832405500298
cmrgtvh6x02gsc7nhvv13b0hj,2026-07-12T01:39:29.481Z,2026-07-13T02:03:09.193Z,55,WIN,SPREAD,Minnesota Twins -1.5,-1.5,FREE,v5.1.0,-1.5,,-1.5,,POINTS,0,MATCHED_CLOSE,MLB,baseball_mlb,153,-1.5,0.3786157392642061
cmrgtvhe202hac7nhvxzwg2e1,2026-07-12T01:39:29.738Z,2026-07-13T02:03:08.369Z,66,WIN,SPREAD,Philadelphia Phillies -4.5,4.5,FREE,v5.1.0,1.5,,-1.5,,POINTS,-3,LOST_TO_CLOSE,MLB,baseball_mlb,165,1.5,0.3613991481264806
cmrgtvhmn02huc7nhh2p61nsn,2026-07-12T01:39:30.047Z,2026-07-13T02:03:08.963Z,56,LOSS,SPREAD,Athletics -1.5,1.5,FREE,v5.1.0,1.5,,-1.5,,POINTS,-3,LOST_TO_CLOSE,MLB,baseball_mlb,168,1.5,0.3578467331789961
cmrgtvhp202i0c7nh0bgaa8dy,2026-07-12T01:39:30.134Z,2026-07-13T04:05:27.561Z,56,WIN,SPREAD,San Francisco Giants -1.5,-1.5,FREE,v5.1.0,-1.5,,-1.5,,POINTS,0,MATCHED_CLOSE,MLB,baseball_mlb,139,-1.5,0.4006831670857897
cmrgvp23n01kwj8m7xwjsv15d,2026-07-12T02:30:29.219Z,2026-07-12T05:06:59.507Z,100,WIN,SPREAD,Tampa Bay Rays -2.8,-2.8125,PREMIUM,v5.1.0,-1.75,,0.25,,POINTS,-2,LOST_TO_CLOSE,MLB,baseball_mlb,-81,-1.75,0.5258290014167938
cmrgvp3yy01psj8m7fhpa9uvk,2026-07-12T02:30:31.642Z,2026-07-12T05:06:59.507Z,55,WIN,MONEYLINE,Tampa Bay Rays ML (-6355),-6355,FREE,v5.1.0,,-384,,-110,PROBABILITY,-0.2696,LOST_TO_CLOSE,MLB,baseball_mlb,-384,-384.125,0.7455095003454876
cmrh0hv1j016nz3sngl4707ll,2026-07-12T04:44:51.559Z,2026-07-12T08:51:16.897Z,64,WIN,MONEYLINE,St. Louis Cardinals ML (-3776),-3776.142857142857,FREE,v5.1.0,,-584,,-111,PROBABILITY,-0.3277,LOST_TO_CLOSE,MLB,baseball_mlb,-584,-583.75,0.8023592002659513
cmrh1200a01v3z3snycbhabq0,2026-07-12T05:00:31.114Z,2026-07-13T02:03:08.141Z,82,WIN,SPREAD,Cleveland Guardians -3.2,3.214285714285714,PREMIUM,v5.1.0,1.5,,0.6818181818181818,,POINTS,-0.8182,LOST_TO_CLOSE,MLB,baseball_mlb,164,1.5,0.3633004926108375
cmrh24hyz00jld4pwe3sar4vc,2026-07-12T05:30:27.323Z,2026-07-12T08:51:16.347Z,55,WIN,MONEYLINE,Baltimore Orioles ML (-7389),-7388.833333333333,FREE,v5.1.0,,-7389,,-161,PROBABILITY,-0.3698,LOST_TO_CLOSE,MLB,baseball_mlb,-7389,-7388.833333333333,0.9410751102484838
cmrh373dn017td4pwzf39fvyv,2026-07-12T06:00:27.996Z,2026-07-13T02:03:08.141Z,57,LOSS,TOTAL,OVER 6.5,6.5,FREE,v5.1.0,8.125,,7.545454545454546,,POINTS,-0.5795,LOST_TO_CLOSE,MLB,baseball_mlb,-62,8.125,0.5032563503480935
cmrh373rw0193d4pwq3gfp8fa,2026-07-12T06:00:28.508Z,2026-07-13T02:03:07.720Z,64,WIN,SPREAD,New York Yankees -1.6,1.642857142857143,FREE,v5.1.0,1.5,,0.1363636363636364,,POINTS,-1.3636,LOST_TO_CLOSE,MLB,baseball_mlb,143,1.5,0.3944046035472557
cmrh373ue0199d4pwy7uxd3w0,2026-07-12T06:00:28.598Z,2026-07-13T02:03:07.950Z,58,LOSS,SPREAD,Boston Red Sox -1.5,1.5,FREE,v5.1.0,1.5,,1.5,,POINTS,0,MATCHED_CLOSE,MLB,baseball_mlb,147,1.5,0.3890277926069098
cmrh3745a01a7d4pwuf9p70zj,2026-07-12T06:00:28.990Z,2026-07-13T02:03:07.950Z,58,WIN,TOTAL,UNDER 5.7,5.6875,FREE,v5.1.0,8.428571428571429,,8,,POINTS,0.4286,BEAT_CLOSE,MLB,baseball_mlb,-118,8.428571428571429,0.5174447708233099
cmrh55mj902qkd4pwuoc9wa1c,2026-07-12T06:55:18.741Z,2026-07-12T08:51:16.704Z,50,WIN,MONEYLINE,Chicago Cubs ML (-2262),-2261.75,FREE,v5.1.0,,-2262,,-11,PROBABILITY,-0.8586,LOST_TO_CLOSE,MLB,baseball_mlb,-2262,-2261.75,0.8918032404185376
cmrh6ersl00hd6k9k7nsb4evt,2026-07-12T07:30:25.077Z,2026-07-13T05:07:20.933Z,53,LOSS,SPREAD,Los Angeles Dodgers -3.4,-3.4375,FREE,v5.1.0,-1.5,,-1.5,,POINTS,0,MATCHED_CLOSE,MLB,baseball_mlb,-82,-1.5,0.4891239404219275
cmrh6eses00jd6k9kbr5ipctu,2026-07-12T07:30:25.877Z,2026-07-13T02:03:07.720Z,53,LOSS,TOTAL,OVER 8.1,8.142857142857142,FREE,v5.1.0,9.222222222222221,,9.363636363636363,,POINTS,0.1414,BEAT_CLOSE,MLB,baseball_mlb,-20,9.222222222222221,0.4967877590923837
cmrh7hekb017h6k9k11f9b3qc,2026-07-12T08:00:27.515Z,2026-07-13T03:04:06.985Z,66,LOSS,TOTAL,UNDER 8.6,8.5625,FREE,v5.1.0,8.5,,9,,POINTS,-0.5,LOST_TO_CLOSE,MLB,baseball_mlb,-114,8.5,0.5099972215765268
cmrh7hev001896k9kb0jijbad,2026-07-12T08:00:27.900Z,2026-07-13T03:04:06.985Z,58,LOSS,SPREAD,Texas Rangers -3.1,-3.125,FREE,v5.1.0,-1.5,,-1.5,,POINTS,0,MATCHED_CLOSE,MLB,baseball_mlb,159,-1.5,0.370613081751091
cmrh9mkvv02nw6k9kh2so6f8k,2026-07-12T09:00:28.219Z,2026-07-13T02:03:07.488Z,52,WIN,MONEYLINE,Baltimore Orioles ML (-32500),-32500,FREE,v5.1.0,,-154,,-152,PROBABILITY,-0.0031,MATCHED_CLOSE,MLB,baseball_mlb,-154,-153.8,0.5835422881075774
cmrhkcs2201k5kzu858pohs5x,2026-07-12T14:00:46.730Z,2026-08-06T17:00:49.124Z,54,WIN,SPREAD,Vancouver Whitecaps FC 0.0,0,FREE,v5.1.0,0.1875,,,,,,,MLS,soccer_usa_mls,-14,0.1875,0.50295740738906
cmrhkcs6g01kbkzu88zs7txzs,2026-07-12T14:00:46.888Z,2026-07-17T11:25:08.708Z,58,LOSS,SPREAD,Seattle Sounders FC -1.0,-1,FREE,v5.1.0,-1.1875,,-1,,POINTS,-0.1875,LOST_TO_CLOSE,MLS,soccer_usa_mls,-11,-1.1875,0.4970010739382482
cmrhkcs8a01khkzu8lxf75pue,2026-07-12T14:00:46.954Z,2026-07-18T08:26:06.530Z,61,LOSS,SPREAD,Nashville SC -0.8,-0.75,FREE,v5.1.0,-1.1875,,-1,,POINTS,-0.1875,LOST_TO_CLOSE,MLS,soccer_usa_mls,-68,-1.1875,0.5115618891258099
cmrhkcsa501knkzu8qxl21zwt,2026-07-12T14:00:47.021Z,2026-07-18T11:15:27.488Z,51,WIN,SPREAD,Los Angeles FC -2.8,2.75,FREE,v5.1.0,0.1875,,0.45,,POINTS,0.2625,BEAT_CLOSE,MLS,soccer_usa_mls,-1,0.1875,0.4771310139906531
cmrhkcsdu01kzkzu8ci7ow9qz,2026-07-12T14:00:47.154Z,2026-07-17T08:32:37.382Z,54,LOSS,SPREAD,CF Montreal -0.3,-0.25,FREE,v5.1.0,-0.5,,-0.25,,POINTS,-0.25,LOST_TO_CLOSE,MLS,soccer_usa_mls,-107,-0.5,0.4892216724326282
cmrhkcsp601lzkzu8thw78s33,2026-07-12T14:00:47.562Z,2026-07-18T08:26:06.530Z,66,LOSS,TOTAL,OVER 2.7,2.714285714285714,FREE,v5.1.0,2.541666666666667,,2.821428571428572,,POINTS,0.2798,BEAT_CLOSE,MLS,soccer_usa_mls,-145,2.541666666666667,0.5558492866402738
cmrhkcsrb01m5kzu8k28e85wc,2026-07-12T14:00:47.639Z,2026-07-18T11:15:27.488Z,51,LOSS,TOTAL,UNDER 2.9,2.928571428571428,FREE,v5.1.0,2.916666666666667,,3.25,,POINTS,-0.3333,LOST_TO_CLOSE,MLS,soccer_usa_mls,-44,2.916666666666667,0.4883858001400113
cmrhkcstj01mbkzu8xl3978bo,2026-07-12T14:00:47.719Z,2026-08-06T17:00:49.124Z,52,LOSS,TOTAL,OVER 3.2,3.214285714285714,FREE,v5.1.0,3.214285714285714,,,,,,,MLS,soccer_usa_mls,-16,3.214285714285714,0.4741222803625905
cmri3dgjp00i46j815w8xid0e,2026-07-12T22:53:11.173Z,2026-07-13T02:03:08.731Z,54,LOSS,MONEYLINE,Tampa Bay Rays ML (-164),-164.3636363636364,FREE,v5.1.0,,-164,,-151,PROBABILITY,-0.0196,LOST_TO_CLOSE,MLB,baseball_mlb,-164,-164.3636363636364,0.5880310992468168
cmri3dglx00ia6j810hoogisu,2026-07-12T22:53:11.253Z,2026-07-13T02:03:08.141Z,59,WIN,MONEYLINE,Cleveland Guardians ML (-7750),-7750,FREE,v5.1.0,,-202,,-111,PROBABILITY,-0.1428,LOST_TO_CLOSE,MLB,baseball_mlb,-202,-201.8181818181818,0.6200885266548443
cmri3mvnp01ac6j812kg39y7u,2026-07-12T23:00:30.662Z,2026-07-13T02:03:08.963Z,53,WIN,MONEYLINE,Chicago White Sox ML (-18000),-18000,FREE,v5.1.0,,-152,,-152,PROBABILITY,0,MATCHED_CLOSE,MLB,baseball_mlb,-152,-151.8181818181818,0.5803048763631179
cmri5iqwu02uy6j81m6btx5yp,2026-07-12T23:53:17.118Z,2026-07-13T03:04:06.828Z,50,LOSS,MONEYLINE,St. Louis Cardinals ML (-192),-191.625,FREE,v5.1.0,,-192,,-131,PROBABILITY,-0.0904,LOST_TO_CLOSE,MLB,baseball_mlb,-192,-191.625,0.6167410506459887
cmri8zs4e02fz8b80q70bhn1z,2026-07-13T01:30:30.686Z,2026-07-13T02:03:07.720Z,53,WIN,MONEYLINE,New York Yankees ML (-7311),-7311.333333333333,FREE,v5.1.0,,-7311,,67,PROBABILITY,-0.3877,LOST_TO_CLOSE,MLB,baseball_mlb,-7311,-7311.333333333333,0.935662006497609
cmriim085000uxxeq0wassdvf,2026-07-13T05:59:44.166Z,2026-07-15T08:28:05.944Z,62,LOSS,SPREAD,National League -1.5,-1.5,FREE,v5.1.0,-1.5,,-1.5,,POINTS,0,MATCHED_CLOSE,MLB,baseball_mlb,155,-1.5,0.3778500184452255
cmriim0ce0010xxeqmpxttkhk,2026-07-13T05:59:44.319Z,2026-07-15T08:28:05.944Z,52,LOSS,TOTAL,OVER 7.5,7.5,FREE,v5.1.0,7.7,,8.5,,POINTS,0.8,BEAT_CLOSE,MLB,baseball_mlb,-25,7.7,0.4905790289836359
cmrm6vzde00brozb9aigmcqne,2026-07-15T19:42:38.930Z,2026-07-17T08:32:35.581Z,67,WIN,TOTAL,UNDER 5.5,5.5,FREE,v5.1.0,10,,9.5,,POINTS,0.5,BEAT_CLOSE,MLB,baseball_mlb,-116,10,0.5128307824791615
cmrm6vzik00bxozb92g4v5ixh,2026-07-15T19:42:39.116Z,2026-07-17T08:32:35.581Z,51,LOSS,SPREAD,Philadelphia Phillies -1.1,-1.0625,FREE,v5.1.0,-1.5,,-1.5,,POINTS,0,MATCHED_CLOSE,MLB,baseball_mlb,149,-1.5,0.3871966302812911
cmrmstj6r00ppvukw6rqb3ojz,2026-07-16T05:56:36.195Z,2026-07-23T08:42:48.911Z,78,LOSS,SPREAD,Houston Dynamo -0.6,-0.55,PREMIUM,v5.1.0,-0.625,,-0.55,,POINTS,-0.075,LOST_TO_CLOSE,MLS,soccer_usa_mls,-23,-0.625,0.514861435298068
cmrmv452b00afc3i1ulxuogzo,2026-07-16T07:00:50.339Z,2026-07-23T11:38:11.916Z,64,WIN,SPREAD,Colorado Rapids -0.4,-0.375,FREE,v5.1.0,-0.375,,-0.5,,POINTS,0.125,BEAT_CLOSE,MLS,soccer_usa_mls,-7,-0.375,0.486396429553506
cmrmx99qo013fc3i1bjomsu3n,2026-07-16T08:00:48.912Z,2026-07-23T11:38:13.270Z,54,LOSS,MONEYLINE,San Jose Earthquakes ML (-158),-158,FREE,v5.1.0,,-223,,-158,PROBABILITY,-0.078,LOST_TO_CLOSE,MLS,soccer_usa_mls,-223,-223,0.7861554278347885
cmrnlw6ac00j1tni6930voxvt,2026-07-16T19:30:28.308Z,2026-07-18T08:26:04.429Z,95,LOSS,SPREAD,San Diego Padres -2.4,2.357142857142857,PREMIUM,v5.1.0,1.5,,1.5,,POINTS,0,MATCHED_CLOSE,MLB,baseball_mlb,145,1.5,0.3909550339211272
cmrnlw6g400jdtni6731al45i,2026-07-16T19:30:28.516Z,2026-07-18T08:26:03.750Z,81,WIN,TOTAL,OVER 17.1,17.0625,PREMIUM,v5.1.0,8.5,,8.5,,POINTS,0,MATCHED_CLOSE,MLB,baseball_mlb,-110,8.5,0.5
cmrnlw6ii00jjtni66cuo46ez,2026-07-16T19:30:28.602Z,2026-07-18T08:26:03.750Z,68,LOSS,SPREAD,Toronto Blue Jays -1.5,-1.454545454545455,FREE,v5.1.0,-1.5,,-1.5,,POINTS,0,MATCHED_CLOSE,MLB,baseball_mlb,152,-1.5,0.3803406412195145
cmrnlwakx00w5tni6fgwqo6r9,2026-07-16T19:30:33.874Z,2026-07-23T08:42:46.897Z,58,WIN,TOTAL,OVER 2.5,2.5,FREE,v5.1.0,2.55,,2.5,,POINTS,-0.05,LOST_TO_CLOSE,MLS,soccer_usa_mls,-142,2.55,0.5528077653284562
cmrnlwanb00wbtni6c2oi4n0s,2026-07-16T19:30:33.959Z,2026-07-23T08:42:46.897Z,54,LOSS,SPREAD,Columbus Crew SC -0.5,-0.45,FREE,v5.1.0,-0.5,,-0.45,,POINTS,-0.05,LOST_TO_CLOSE,MLS,soccer_usa_mls,-106,-0.5,0.4886055560403333
cmrnlwapn00whtni6ojek4if0,2026-07-16T19:30:34.043Z,2026-07-23T08:42:47.763Z,55,LOSS,TOTAL,UNDER 3.2,3.214285714285714,FREE,v5.1.0,3.25,,3.458333333333333,,POINTS,-0.2083,LOST_TO_CLOSE,MLS,soccer_usa_mls,-40,3.25,0.5080576119494938
cmrnlwarz00wntni63c0qgw39,2026-07-16T19:30:34.127Z,2026-07-23T08:42:47.763Z,66,WIN,SPREAD,Philadelphia Union -1.4,-1.375,FREE,v5.1.0,-0.5625,,-0.55,,POINTS,-0.0125,LOST_TO_CLOSE,MLS,soccer_usa_mls,-136,-0.5625,0.5470002908502696
cmrnlwg9j01e3tni62y4pvb1f,2026-07-16T19:30:41.239Z,2026-07-23T08:42:48.911Z,50,LOSS,TOTAL,OVER 2.5,2.535714285714286,FREE,v5.1.0,2.5625,,2.541666666666667,,POINTS,-0.0208,LOST_TO_CLOSE,MLS,soccer_usa_mls,-78,2.5625,0.5249573301416306
cmrnmyhty01j7tni6ddo33r52,2026-07-16T20:00:16.198Z,2026-07-18T08:26:04.429Z,56,WIN,TOTAL,OVER 10.0,10,FREE,v5.1.0,9.833333333333334,,10,,POINTS,0.1667,BEAT_CLOSE,MLB,baseball_mlb,-115,9.833333333333334,0.5118207383825576
cmrnmylr901urtni6yvkmlkf6,2026-07-16T20:00:21.286Z,2026-07-23T11:38:13.270Z,79,LOSS,SPREAD,San Jose Earthquakes -1.0,-1,PREMIUM,v5.1.0,-1.1875,,-1,,POINTS,-0.1875,LOST_TO_CLOSE,MLS,soccer_usa_mls,-14,-1.1875,0.5041800573891076
cmrnmym2s01vftni6bz9l6c0r,2026-07-16T20:00:21.700Z,2026-07-23T11:38:11.916Z,67,WIN,TOTAL,UNDER 3.4,3.375,FREE,v5.1.0,3.45,,3.375,,POINTS,0.075,BEAT_CLOSE,MLS,soccer_usa_mls,-86,3.45,0.5239027768813105
cmrnmym6l01vltni6un6bfsvh,2026-07-16T20:00:21.837Z,2026-07-23T11:38:13.270Z,55,WIN,TOTAL,OVER 3.5,3.55,FREE,v5.1.0,3.55,,3.55,,POINTS,0,MATCHED_CLOSE,MLS,soccer_usa_mls,-83,3.55,0.5180217068581702
cmrnmynfk01y5tni6wuarxms6,2026-07-16T20:00:23.456Z,2026-07-23T08:42:46.591Z,54,WIN,SPREAD,Inter Miami CF -0.5,-0.45,FREE,v5.1.0,-0.5,,0,,POINTS,-0.5,LOST_TO_CLOSE,MLS,soccer_usa_mls,-112,-0.5,0.4995703910012768
cmrnq664v0198k8klnxwplwjp,2026-07-16T21:30:13.136Z,2026-07-18T08:26:03.173Z,51,LOSS,TOTAL,OVER 3.6,3.625,FREE,v5.1.0,9,,9.045454545454545,,POINTS,0.0455,BEAT_CLOSE,MLB,baseball_mlb,-118,9,0.5168838975211518
cmrnr8snh01v1k8klq4k18z6g,2026-07-16T22:00:15.245Z,2026-07-18T08:26:04.569Z,75,WIN,SPREAD,Cincinnati Reds -4.5,4.5,PREMIUM,v5.1.0,1.5,,0.1363636363636364,,POINTS,-1.3636,LOST_TO_CLOSE,MLB,baseball_mlb,142,1.5,0.3971710069104313
cmrnr8xgh02ack8klpxcxxwj4,2026-07-16T22:00:21.473Z,2026-07-23T08:42:47.763Z,54,WIN,MONEYLINE,Philadelphia Union ML (-19084),-19084,FREE,v5.1.0,,-147,,-138,PROBABILITY,-0.0153,LOST_TO_CLOSE,MLS,soccer_usa_mls,-147,-147,0.7176862113839912
cmrnsbdg4006waea3l75z7yok,2026-07-16T22:30:15.124Z,2026-07-18T08:26:03.173Z,58,LOSS,SPREAD,Los Angeles Dodgers -1.5,1.5,FREE,v5.1.0,1.5,,1.5,,POINTS,0,MATCHED_CLOSE,MLB,baseball_mlb,145,1.5,0.3912328470973293
cmrnsbi7b00mdaea3pcz7fld5,2026-07-16T22:30:21.287Z,2026-07-23T08:42:47.483Z,79,LOSS,SPREAD,New England Revolution -0.5,-0.5,PREMIUM,v5.1.0,-0.5,,-0.5,,POINTS,0,MATCHED_CLOSE,MLS,soccer_usa_mls,-134,-0.5,0.5426242804563516
cmrnsbibr00mpaea33con4jst,2026-07-16T22:30:21.447Z,2026-07-23T11:38:12.942Z,56,WIN,SPREAD,Los Angeles FC -2.3,-2.25,FREE,v5.1.0,-0.5,,-0.55,,POINTS,0.05,BEAT_CLOSE,MLS,soccer_usa_mls,-142,-0.5,0.5578617616053212
cmrnstktz019gaea3kizzr6aj,2026-07-16T22:44:24.503Z,2026-07-23T08:42:48.911Z,62,LOSS,MONEYLINE,Houston Dynamo ML (-405),-405,FREE,v5.1.0,,-135,,-131,PROBABILITY,-0.0074,LOST_TO_CLOSE,MLS,soccer_usa_mls,-135,-135,0.7143655533478384
cmrnugjz10264aea3kpentrhh,2026-07-16T23:30:16.093Z,2026-07-18T08:26:03.926Z,50,LOSS,SPREAD,Milwaukee Brewers -1.1,-1.0625,FREE,v5.1.0,-1.5,,-1.5,,POINTS,0,MATCHED_CLOSE,MLB,baseball_mlb,143,-1.5,0.394538314525321
cmrnvg8rg02vnaea3p3156bnk,2026-07-16T23:58:01.180Z,2026-07-18T08:26:03.926Z,56,LOSS,TOTAL,OVER 8.0,8,FREE,v5.1.0,8,,8.363636363636363,,POINTS,0.3636,BEAT_CLOSE,MLB,baseball_mlb,-117,8,0.5150517294884889
cmrnvg8tb02vtaea3zvp3od3b,2026-07-16T23:58:01.247Z,2026-07-18T08:26:04.569Z,61,LOSS,TOTAL,OVER 12.0,12,FREE,v5.1.0,12,,12,,POINTS,0,MATCHED_CLOSE,MLB,baseball_mlb,-113,12,0.5073265856821616
cmrnvg8v802vzaea3atjkfh34,2026-07-16T23:58:01.316Z,2026-07-18T02:05:27.928Z,59,WIN,TOTAL,OVER 6.9,6.9375,FREE,v5.1.0,8.625,,8.363636363636363,,POINTS,-0.2614,LOST_TO_CLOSE,MLB,baseball_mlb,-55,8.625,0.4897207656270137
cmrnztfvq0383ji055rr6zq79,2026-07-17T02:00:15.398Z,2026-07-18T08:26:03.601Z,55,LOSS,TOTAL,UNDER 9.1,9.125,FREE,v5.1.0,8.5,,8,,POINTS,0.5,BEAT_CLOSE,MLB,baseball_mlb,-116,8.5,0.512236029320002
cmrnztks703p3ji05hjgosoi7,2026-07-17T02:00:21.751Z,2026-07-23T08:42:47.483Z,65,LOSS,TOTAL,OVER 2.6,2.625,FREE,v5.1.0,2.5,,2.625,,POINTS,0.125,BEAT_CLOSE,MLS,soccer_usa_mls,-140,2.5,0.5462774158317516
cmrnztkuj03p9ji05o01w8ad4,2026-07-17T02:00:21.835Z,2026-07-23T08:42:46.591Z,57,WIN,TOTAL,OVER 3.5,3.5,FREE,v5.1.0,3.7,,3.5,,POINTS,-0.2,LOST_TO_CLOSE,MLS,soccer_usa_mls,-49,3.7,0.5215999480424237
cmrnztl5f03q3ji05lzhih50s,2026-07-17T02:00:22.227Z,2026-07-23T08:42:46.897Z,50,LOSS,MONEYLINE,Columbus Crew SC ML (+105),105,FREE,v5.1.0,,-109,,123,PROBABILITY,-0.0731,LOST_TO_CLOSE,MLS,soccer_usa_mls,-109,-109,0.6542465239873346
cmrnztl9t03qfji05nnxe7sut,2026-07-17T02:00:22.384Z,2026-07-23T08:42:47.483Z,51,LOSS,MONEYLINE,New England Revolution ML (-103),-103,FREE,v5.1.0,,-135,,-103,PROBABILITY,-0.0671,LOST_TO_CLOSE,MLS,soccer_usa_mls,-135,-135,0.7196675265263637
cmro0vmh4042vji05lonujr13,2026-07-17T02:29:56.872Z,2026-07-18T08:26:04.073Z,59,LOSS,SPREAD,Chicago Cubs -1.6,-1.583333333333333,FREE,v5.1.0,-1.5,,-1.5,,POINTS,0,MATCHED_CLOSE,MLB,baseball_mlb,140,-1.5,0.4002838875926742
cmro0vmls0437ji05q09hxtix,2026-07-17T02:29:57.040Z,2026-07-18T11:15:25.335Z,83,WIN,SPREAD,Washington Nationals -17.8,17.75,PREMIUM,v5.1.0,1.5,,1.5,,POINTS,0,MATCHED_CLOSE,MLB,baseball_mlb,154,1.5,0.3782409741723541
cmro0vmo4043dji05sb0wg6cr,2026-07-17T02:29:57.124Z,2026-07-18T11:15:25.468Z,55,LOSS,SPREAD,Seattle Mariners -1.4,-1.4375,FREE,v5.1.0,-1.5,,-1.5,,POINTS,0,MATCHED_CLOSE,MLB,baseball_mlb,142,-1.5,0.3961456228583639
cmro0vr3g04kaji05bhmayf2m,2026-07-17T02:30:02.860Z,2026-07-23T08:42:48.617Z,61,WIN,MONEYLINE,Nashville SC ML (-1769),-1769,FREE,v5.1.0,,-249,,-190,PROBABILITY,-0.0583,LOST_TO_CLOSE,MLS,soccer_usa_mls,-249,-249,0.8259218507969448
cmro1yv2900tjmd4kpdg2avf4,2026-07-17T03:00:27.585Z,2026-07-23T11:38:12.942Z,55,LOSS,TOTAL,UNDER 3.3,3.25,FREE,v5.1.0,3.3,,3.05,,POINTS,0.25,BEAT_CLOSE,MLS,soccer_usa_mls,-66,3.3,0.5482851419427038
cmro1yvn000uvmd4k7nbxa9d7,2026-07-17T03:00:28.332Z,2026-07-23T11:38:12.942Z,53,WIN,MONEYLINE,Los Angeles FC ML (-17681),-17681,FREE,v5.1.0,,-148,,-141,PROBABILITY,-0.0117,LOST_TO_CLOSE,MLS,soccer_usa_mls,-148,-148,0.7253860560225387
cmro30qxx018tmd4kay4i1ldy,2026-07-17T03:29:55.173Z,2026-07-18T11:15:24.971Z,51,LOSS,SPREAD,Detroit Tigers -1.5,1.5,FREE,v5.1.0,1.5,,1.5,,POINTS,0,MATCHED_CLOSE,MLB,baseball_mlb,157,1.5,0.3736042481930706
cmro56cxe00f5msbaau2tzuc1,2026-07-17T04:30:16.178Z,2026-07-18T08:26:03.601Z,68,WIN,SPREAD,Atlanta Braves -11.8,-11.78571428571429,FREE,v5.1.0,-1.5,,-1.5,,POINTS,0,MATCHED_CLOSE,MLB,baseball_mlb,104,-1.5,0.4699797217449188
cmro6927h01cvmsbaecwbt3lo,2026-07-17T05:00:21.869Z,2026-07-18T08:26:04.252Z,74,LOSS,SPREAD,Baltimore Orioles -1.1,1.125,PREMIUM,v5.1.0,1.5,,-0.1363636363636364,,POINTS,-1.6364,LOST_TO_CLOSE,MLB,baseball_mlb,134,1.5,0.4106282585911086
cmro692f401djmsbasibuxl5h,2026-07-17T05:00:22.144Z,2026-07-18T11:15:25.149Z,71,LOSS,SPREAD,St. Louis Cardinals -1.5,1.5,PREMIUM,v5.1.0,1.5,,0.1363636363636364,,POINTS,-1.3636,LOST_TO_CLOSE,MLB,baseball_mlb,140,1.5,0.3996352334775607
cmro692gy01dpmsba4ixuzchn,2026-07-17T05:00:22.210Z,2026-07-18T11:15:24.971Z,69,WIN,TOTAL,UNDER 1.8,1.785714285714286,FREE,v5.1.0,8.5,,8.272727272727273,,POINTS,0.2273,BEAT_CLOSE,MLB,baseball_mlb,-114,8.5,0.5091733008381399
cmro7bhb802brmsbahg5n4ucc,2026-07-17T05:30:14.372Z,2026-07-18T08:26:04.252Z,50,LOSS,TOTAL,OVER 8.7,8.6875,FREE,v5.1.0,8.555555555555555,,8.636363636363637,,POINTS,0.0808,BEAT_CLOSE,MLB,baseball_mlb,-94,8.555555555555555,0.514561327382962
cmro7bi3m02edmsbaynlsosfj,2026-07-17T05:30:15.394Z,2026-07-18T02:05:27.928Z,69,WIN,SPREAD,Boston Red Sox -9.5,-9.5,FREE,v5.1.0,-0.9545454545454546,,-0.4090909090909091,,POINTS,-0.5455,LOST_TO_CLOSE,MLB,baseball_mlb,97,-0.9545454545454546,0.4152402454617335
cmro7bi9902evmsba2q0nsxvu,2026-07-17T05:30:15.597Z,2026-07-18T11:15:25.149Z,63,LOSS,TOTAL,OVER 10.0,10,FREE,v5.1.0,9.125,,9,,POINTS,-0.125,LOST_TO_CLOSE,MLB,baseball_mlb,-66,9.125,0.5112843644449571
cmroajb1e00i1n1zze2jr52w1,2026-07-17T07:00:18.338Z,2026-07-18T11:15:25.335Z,72,WIN,TOTAL,OVER 20.7,20.66666666666667,PREMIUM,v5.1.0,10,,10.13636363636364,,POINTS,0.1364,BEAT_CLOSE,MLB,baseball_mlb,-111,10,0.5028053902566181
cmrocohx902edn1zzpndtbsjf,2026-07-17T08:00:19.773Z,2026-07-18T08:26:04.073Z,66,WIN,TOTAL,UNDER 7.5,7.5,FREE,v5.1.0,10.5,,11,,POINTS,-0.5,LOST_TO_CLOSE,MLB,baseball_mlb,-114,10.5,0.5096378258240467
cmrok6jjs01qz5zowj9exqqwy,2026-07-17T11:30:19.000Z,2026-07-23T08:42:47.188Z,60,LOSS,SPREAD,Vancouver Whitecaps FC -0.5,0.5,FREE,v5.1.0,0.625,,0.5,,POINTS,-0.125,LOST_TO_CLOSE,MLS,soccer_usa_mls,-12,0.625,0.4957767793462245
cmropjgs000ij6bn3kc103qu0,2026-07-17T14:00:20.016Z,2026-07-18T08:26:03.407Z,84,LOSS,SPREAD,Tampa Bay Rays -1.1,1.125,PREMIUM,v5.1.0,1.5,,-1.5,,POINTS,-3,LOST_TO_CLOSE,MLB,baseball_mlb,145,1.5,0.3904345696686571
cmrottr1302duix36hmjkpzgf,2026-07-17T16:00:18.327Z,2026-07-18T08:26:03.407Z,52,LOSS,TOTAL,OVER 10.6,10.625,FREE,v5.1.0,9,,8.954545454545455,,POINTS,-0.0455,LOST_TO_CLOSE,MLB,baseball_mlb,-110,9,0.5
cmrovyzrw00wqwdkulwugb9ts,2026-07-17T17:00:22.172Z,2026-07-23T11:38:11.540Z,55,WIN,TOTAL,OVER 2.5,2.55,FREE,v5.1.0,2.625,,2.55,,POINTS,-0.075,LOST_TO_CLOSE,MLS,soccer_usa_mls,-135,2.625,0.5402635411359569
cmrovyzu900wwwdkuc9rm5ksu,2026-07-17T17:00:22.257Z,2026-07-23T08:42:48.334Z,50,WIN,TOTAL,UNDER 3.3,3.321428571428572,FREE,v5.1.0,3.25,,3,,POINTS,0.25,BEAT_CLOSE,MLS,soccer_usa_mls,-137,3.25,0.5404109862457281
cmrovyzw300x2wdkuqy8kady6,2026-07-17T17:00:22.323Z,2026-07-23T11:38:12.278Z,65,LOSS,TOTAL,UNDER 3.5,3.458333333333333,FREE,v5.1.0,3.375,,3.458333333333333,,POINTS,-0.0833,LOST_TO_CLOSE,MLS,soccer_usa_mls,-137,3.375,0.5422553543285356
cmrovz04r00xwwdkuvqufwkaq,2026-07-17T17:00:22.635Z,2026-07-23T11:38:11.540Z,53,LOSS,SPREAD,Seattle Sounders FC 0.0,0,FREE,v5.1.0,0.5,,0,,POINTS,-0.5,LOST_TO_CLOSE,MLS,soccer_usa_mls,-106,0.5,0.4878862009715073
cmrovz08i00y8wdkuqc7lvojj,2026-07-17T17:00:22.770Z,2026-07-23T08:42:48.334Z,54,LOSS,SPREAD,Minnesota United FC -0.5,0.45,FREE,v5.1.0,0.5,,0.45,,POINTS,-0.05,LOST_TO_CLOSE,MLS,soccer_usa_mls,-110,0.5,0.4966724583050444
cmroz6nqt04w3wdkuu1zx3wkm,2026-07-17T18:30:18.677Z,2026-07-23T11:38:12.278Z,59,WIN,SPREAD,FC Dallas 0.0,0,FREE,v5.1.0,-0.125,,-0.45,,POINTS,-0.325,LOST_TO_CLOSE,MLS,soccer_usa_mls,-19,-0.125,0.5057807819239998
cmrp8tvdb01qyqyrx0fqjlu0j,2026-07-17T23:00:18.191Z,2026-07-19T05:04:57.161Z,59,WIN,SPREAD,Baltimore Orioles -1.5,1.5,FREE,v5.1.0,1.5,,0.9545454545454546,,POINTS,-0.5455,LOST_TO_CLOSE,MLB,baseball_mlb,156,1.5,0.374112976989034
cmrp8tvmb01rmqyrxzo3cq893,2026-07-17T23:00:18.515Z,2026-07-19T03:03:16.653Z,56,LOSS,SPREAD,Chicago White Sox -1.1,1.0625,FREE,v5.1.0,1.5,,0.6363636363636364,,POINTS,-0.8636,LOST_TO_CLOSE,MLB,baseball_mlb,146,1.5,0.3889720717787115
cmrp8tvs601s4qyrxf8bxwus5,2026-07-17T23:00:18.726Z,2026-07-19T04:05:32.447Z,50,LOSS,SPREAD,St. Louis Cardinals -1.0,1,FREE,v5.1.0,1.5,,0.1363636363636364,,POINTS,-1.3636,LOST_TO_CLOSE,MLB,baseball_mlb,155,1.5,0.3751386741171413
cmrp8tvz601soqyrxri57xew6,2026-07-17T23:00:18.979Z,2026-07-19T04:05:32.111Z,72,WIN,SPREAD,Philadelphia Phillies -4.5,-4.5,PREMIUM,v5.1.0,-1.5,,-1.5,,POINTS,0,MATCHED_CLOSE,MLB,baseball_mlb,131,-1.5,0.4151333808855737
cmrp8tw2q01syqyrxy5rmcng6,2026-07-17T23:00:19.106Z,2026-07-19T02:01:59.867Z,60,WIN,SPREAD,Chicago Cubs -3.5,-3.5,FREE,v5.1.0,-1.5,,-1.5,,POINTS,0,MATCHED_CLOSE,MLB,baseball_mlb,143,-1.5,0.3946134848411169
cmrp8tw6q01taqyrxozk0fg76,2026-07-17T23:00:19.250Z,2026-07-19T04:05:32.111Z,58,LOSS,TOTAL,OVER 8.6,8.5625,FREE,v5.1.0,8.7,,8.954545454545455,,POINTS,0.2545,BEAT_CLOSE,MLB,baseball_mlb,-27,8.7,0.495147165051551
cmrp8tw8q01tgqyrxoyqrz8dw,2026-07-17T23:00:19.323Z,2026-08-06T16:17:12.093Z,67,LOSS,TOTAL,UNDER 9.0,9,FREE,v5.1.0,9,,9,,POINTS,0,MATCHED_CLOSE,MLB,baseball_mlb,-121,9,0.5237234669067944
cmrp9wfqj02zwqyrxr2runryn,2026-07-17T23:30:17.515Z,2026-07-19T11:40:52.180Z,67,LOSS,TOTAL,OVER 11.5,11.5,FREE,v5.1.0,8.083333333333334,,8.045454545454545,,POINTS,-0.0379,LOST_TO_CLOSE,MLB,baseball_mlb,-79,8.083333333333334,0.5049456954999068
cmrp9wg4q0312qyrx44j7nih0,2026-07-17T23:30:18.026Z,2026-07-19T03:03:16.653Z,64,LOSS,TOTAL,OVER 9.2,9.15,FREE,v5.1.0,8.5,,9.136363636363637,,POINTS,0.6364,BEAT_CLOSE,MLB,baseball_mlb,-111,8.5,0.5020306590752649
cmrp9wg6o0318qyrxyn0qmrk7,2026-07-17T23:30:18.096Z,2026-07-19T05:04:57.402Z,67,WIN,TOTAL,OVER 11.6,11.5625,FREE,v5.1.0,7.928571428571429,,8,,POINTS,0.0714,BEAT_CLOSE,MLB,baseball_mlb,-115,7.928571428571429,0.5119348913350463
cmrp9wg8k031eqyrxbyltikjf,2026-07-17T23:30:18.164Z,2026-07-19T08:47:40.818Z,64,LOSS,TOTAL,UNDER 4.5,4.5,FREE,v5.1.0,6.928571428571429,,7,,POINTS,-0.0714,LOST_TO_CLOSE,MLB,baseball_mlb,-92,6.928571428571429,0.5235638903434187
cmrp9wgps032wqyrxw46hq1fo,2026-07-17T23:30:18.784Z,2026-07-19T05:04:56.972Z,51,LOSS,TOTAL,UNDER 14.5,14.5,FREE,v5.1.0,9.428571428571429,,9,,POINTS,0.4286,BEAT_CLOSE,MLB,baseball_mlb,-114,9.428571428571429,0.5100922515104842
cmrp9wjqk03g4qyrx9ig0am9w,2026-07-17T23:30:22.700Z,2026-07-23T08:42:47.188Z,57,LOSS,TOTAL,UNDER 3.5,3.5,FREE,v5.1.0,3.458333333333333,,3.5,,POINTS,-0.0417,LOST_TO_CLOSE,MLS,soccer_usa_mls,-83,3.458333333333333,0.5063414221688181
cmrpe6sh004ienhbkww47p9kn,2026-07-18T01:30:19.044Z,2026-07-19T05:04:57.161Z,52,LOSS,TOTAL,OVER 3.7,3.6875,FREE,v5.1.0,8.5,,8.909090909090908,,POINTS,0.4091,BEAT_CLOSE,MLB,baseball_mlb,-111,8.5,0.5036578430566915
cmrpe6ta304kenhbk89jqppb5,2026-07-18T01:30:20.091Z,2026-07-19T05:04:57.402Z,68,WIN,SPREAD,Milwaukee Brewers -4.5,-4.5,FREE,v5.1.0,-1.5,,-1.5,,POINTS,0,MATCHED_CLOSE,MLB,baseball_mlb,156,-1.5,0.3750600395150176
cmrpf8bm805svnhbk1187z89c,2026-07-18T01:59:30.128Z,2026-07-19T11:40:52.180Z,68,WIN,SPREAD,Detroit Tigers -6.5,6.5,FREE,v5.1.0,1.5,,1.5,,POINTS,0,MATCHED_CLOSE,MLB,baseball_mlb,-113,1.5,0.5087383835958674
cmrpf8br505t7nhbkpxc0yba4,2026-07-18T01:59:30.305Z,2026-07-19T05:04:56.972Z,55,LOSS,SPREAD,Texas Rangers -1.5,1.5,FREE,v5.1.0,1.5,,0,,POINTS,-1.5,LOST_TO_CLOSE,MLB,baseball_mlb,158,1.5,0.3717904421081846
cmrpf8btg05tdnhbkfy3uogiq,2026-07-18T01:59:30.388Z,2026-08-06T16:17:12.093Z,56,WIN,SPREAD,Los Angeles Dodgers -1.5,1.5,FREE,v5.1.0,1.5,,1.227272727272727,,POINTS,-0.2727,LOST_TO_CLOSE,MLB,baseball_mlb,146,1.5,0.3907893949557981
cmrpf9e37071inhbk5swjka8x,2026-07-18T02:00:19.987Z,2026-07-19T05:04:57.606Z,64,LOSS,SPREAD,Tampa Bay Rays -1.5,1.5,FREE,v5.1.0,0.9,,0,,POINTS,-0.9,LOST_TO_CLOSE,MLB,baseball_mlb,90,0.9,0.4199331364823786
cmrpf9ean0722nhbkco6mdkyt,2026-07-18T02:00:20.255Z,2026-07-19T08:47:40.818Z,55,LOSS,SPREAD,Seattle Mariners -1.4,-1.4375,FREE,v5.1.0,-1.5,,-1.5,,POINTS,0,MATCHED_CLOSE,MLB,baseball_mlb,162,-1.5,0.3653552467609242
cmrpgbwkz00sl4d3hi3ncug2w,2026-07-18T02:30:16.884Z,2026-07-19T11:40:52.014Z,59,WIN,TOTAL,OVER 14.4,14.4375,FREE,v5.1.0,10.5,,11.5,,POINTS,1,BEAT_CLOSE,MLB,baseball_mlb,-111,10.5,0.5036355903532392
cmrpixczu05zt4d3hc5hblq0p,2026-07-18T03:42:57.162Z,2026-07-19T11:40:52.014Z,70,WIN,SPREAD,Athletics -13.5,-13.5,PREMIUM,v5.1.0,-1.5,,0.4090909090909091,,POINTS,-1.9091,LOST_TO_CLOSE,MLB,baseball_mlb,152,-1.5,0.3806294728023644
cmrpl3v6u020n1tvlz7w3adel,2026-07-18T04:43:59.910Z,2026-07-18T08:26:03.750Z,59,WIN,MONEYLINE,Chicago White Sox ML (-2653),-2653,FREE,v5.1.0,,-451,,115,PROBABILITY,-0.3534,LOST_TO_CLOSE,MLB,baseball_mlb,-451,-451,0.7699078685200805
cmrplox0t03b41tvlry1nsfoq,2026-07-18T05:00:22.061Z,2026-07-19T03:03:16.469Z,71,LOSS,SPREAD,Cincinnati Reds -1.5,1.5,PREMIUM,v5.1.0,1.5,,1.5,,POINTS,0,MATCHED_CLOSE,MLB,baseball_mlb,133,1.5,0.4122232043035692
cmrpmrahg04l11tvl64hvcr2f,2026-07-18T05:30:12.436Z,2026-07-19T02:01:59.667Z,66,WIN,SPREAD,Pittsburgh Pirates -5.5,5.5,FREE,v5.1.0,1.5,,-1.5,,POINTS,-3,LOST_TO_CLOSE,MLB,baseball_mlb,176,1.5,0.3478016676625781
cmrpmremc051b1tvl2tn9he67,2026-07-18T05:30:17.796Z,2026-07-23T08:42:47.188Z,51,LOSS,MONEYLINE,Vancouver Whitecaps FC ML (-108),-108,FREE,v5.1.0,,-124,,-108,PROBABILITY,-0.0343,LOST_TO_CLOSE,MLS,soccer_usa_mls,-124,-124,0.6728032871400053
cmrpmreum051z1tvltkyc41eo,2026-07-18T05:30:18.094Z,2026-07-23T08:42:48.334Z,50,LOSS,MONEYLINE,Minnesota United FC ML (-101),-101,FREE,v5.1.0,,-111,,112,PROBABILITY,-0.0544,LOST_TO_CLOSE,MLS,soccer_usa_mls,-111,-111,0.6526618473051156
cmrpowi6600turi3qhvt3ew0n,2026-07-18T06:30:14.910Z,2026-07-18T08:26:04.073Z,60,WIN,MONEYLINE,Minnesota Twins ML (-6424),-6424,FREE,v5.1.0,,-356,,129,PROBABILITY,-0.344,LOST_TO_CLOSE,MLB,baseball_mlb,-356,-356,0.7337137773120475
cmrpowi8n00u0ri3qs787cfaj,2026-07-18T06:30:15.000Z,2026-07-19T04:05:32.447Z,62,LOSS,TOTAL,OVER 8.7,8.681818181818182,FREE,v5.1.0,9,,8.863636363636363,,POINTS,-0.1364,LOST_TO_CLOSE,MLB,baseball_mlb,-110,9,0.49934083056083
cmrpowiei00uiri3qydrj7ew7,2026-07-18T06:30:15.210Z,2026-07-18T08:26:03.407Z,50,WIN,MONEYLINE,Boston Red Sox ML (-3061),-3061,FREE,v5.1.0,,-3061,,-129,PROBABILITY,-0.405,LOST_TO_CLOSE,MLB,baseball_mlb,-3061,-3061,0.9209118269014666
cmrpr1lgm04j0ri3q7wbcnr7x,2026-07-18T07:30:11.686Z,2026-07-19T08:47:41.052Z,55,WIN,TOTAL,OVER 8.1,8.071428571428571,FREE,v5.1.0,7.666666666666667,,8.5,,POINTS,0.8333,BEAT_CLOSE,MLB,baseball_mlb,-113,7.666666666666667,0.508511365579076
cmrpr1lox04jmri3q8lscae7f,2026-07-18T07:30:11.985Z,2026-07-19T08:47:41.052Z,61,LOSS,SPREAD,Pittsburgh Pirates -2.5,2.5,FREE,v5.1.0,1.5,,0.3,,POINTS,-1.2,LOST_TO_CLOSE,MLB,baseball_mlb,146,1.5,0.3912909206956944
cmrps49pq05qqri3q7lbm383v,2026-07-18T08:00:16.046Z,2026-07-18T08:26:04.252Z,54,WIN,MONEYLINE,Baltimore Orioles ML (-367),-367,FREE,v5.1.0,,-367,,102,PROBABILITY,-0.2908,LOST_TO_CLOSE,MLB,baseball_mlb,-367,-367,0.7401132468988785
cmrps49vw05r8ri3qsybqbsok,2026-07-18T08:00:16.268Z,2026-07-19T02:01:59.667Z,59,WIN,TOTAL,OVER 7.6,7.5625,FREE,v5.1.0,7.5,,7.5,,POINTS,0,MATCHED_CLOSE,MLB,baseball_mlb,-86,7.5,0.4955461367235687
cmrpt6rgx00nscr7tgeqt8hlb,2026-07-18T08:30:11.985Z,2026-07-19T02:01:59.867Z,67,LOSS,TOTAL,OVER 10.5,10.5,FREE,v5.1.0,9,,8.5,,POINTS,-0.5,LOST_TO_CLOSE,MLB,baseball_mlb,-111,9,0.5015329644645676
cmrpt6rkk00o2cr7t84sirsuo,2026-07-18T08:30:12.117Z,2026-07-18T11:15:24.971Z,51,LOSS,MONEYLINE,Los Angeles Angels ML (-495),-495,FREE,v5.1.0,,-330,,101,PROBABILITY,-0.2699,LOST_TO_CLOSE,MLB,baseball_mlb,-330,-330,0.7216772595397924
cmrpt6u3f00zbcr7tc2go0zxj,2026-07-18T08:30:15.388Z,2026-07-18T11:15:27.488Z,65,WIN,MONEYLINE,Los Angeles FC ML (-1878),-1878,FREE,v5.1.0,,-1173,,109,PROBABILITY,-0.443,LOST_TO_CLOSE,MLS,soccer_usa_mls,-1173,-1173,0.9600501631339329
cmrpu9dth01odcr7tlughuxwc,2026-07-18T09:00:13.877Z,2026-07-18T11:15:25.149Z,54,WIN,MONEYLINE,St. Louis Cardinals ML (-787),-787,FREE,v5.1.0,,-521,,-103,PROBABILITY,-0.3316,LOST_TO_CLOSE,MLB,baseball_mlb,-521,-521,0.7888529049099243
cmrpvbxcz02mucr7te60fp9ke,2026-07-18T09:30:12.131Z,2026-07-19T04:05:32.629Z,68,LOSS,SPREAD,San Diego Padres -1.5,1.5,FREE,v5.1.0,1.5,,1.5,,POINTS,0,MATCHED_CLOSE,MLB,baseball_mlb,136,1.5,0.4055630302508406
cmrpvbxok02nocr7t51pwuz16,2026-07-18T09:30:12.548Z,2026-07-19T04:05:32.629Z,53,LOSS,TOTAL,OVER 11.0,10.95454545454546,FREE,v5.1.0,10.5,,11,,POINTS,0.5,BEAT_CLOSE,MLB,baseball_mlb,-119,10.5,0.5191064552030394
cmrpvc0yv030kcr7tvxp13l1a,2026-07-18T09:30:16.807Z,2026-07-23T11:38:12.617Z,52,LOSS,SPREAD,LA Galaxy -0.5,-0.45,FREE,v5.1.0,-0.5,,-0.45,,POINTS,-0.05,LOST_TO_CLOSE,MLS,soccer_usa_mls,-7,-0.5,0.4858267267954305
cmrpvc116030qcr7tbd0oeucs,2026-07-18T09:30:16.890Z,2026-07-23T08:42:48.617Z,55,LOSS,SPREAD,Nashville SC -0.4,-0.375,FREE,v5.1.0,-1.25,,-1,,POINTS,-0.25,LOST_TO_CLOSE,MLS,soccer_usa_mls,-7,-1.25,0.4848896377563669
cmrpvc2a8033qcr7tfzsrqvbr,2026-07-18T09:30:18.512Z,2026-07-23T11:38:12.617Z,57,LOSS,TOTAL,UNDER 2.9,2.857142857142857,FREE,v5.1.0,3.375,,3,,POINTS,0.375,BEAT_CLOSE,MLS,soccer_usa_mls,-105,3.375,0.5626123809439008
cmrpyjpqz00ipgoanzw1gqi92,2026-07-18T11:00:14.363Z,2026-07-19T03:03:16.469Z,50,LOSS,TOTAL,UNDER 12.5,12.45454545454546,FREE,v5.1.0,12.94444444444444,,12.45454545454546,,POINTS,0.4899,BEAT_CLOSE,MLB,baseball_mlb,-115,12.94444444444444,0.510259303060397
cmrq1rgt504tygoanvebqyrfk,2026-07-18T12:30:14.873Z,2026-07-23T08:42:48.052Z,53,WIN,TOTAL,OVER 3.8,3.833333333333333,FREE,v5.1.0,2.708333333333333,,2.678571428571428,,POINTS,-0.0298,LOST_TO_CLOSE,MLS,soccer_usa_mls,-59,2.708333333333333,0.5188136319569074
cmrq1rhe904w4goanxeqpi76e,2026-07-18T12:30:15.633Z,2026-07-23T08:42:48.052Z,63,LOSS,MONEYLINE,Charlotte FC ML (-430),-430,FREE,v5.1.0,,-131,,113,PROBABILITY,-0.0976,LOST_TO_CLOSE,MLS,soccer_usa_mls,-131,-131,0.706820469383474
cmrq1rhkq04wsgoanu22t7nqk,2026-07-18T12:30:15.866Z,2026-07-23T08:42:48.052Z,54,LOSS,SPREAD,Charlotte FC -0.5,-0.45,FREE,v5.1.0,-0.5,,-0.45,,POINTS,-0.05,LOST_TO_CLOSE,MLS,soccer_usa_mls,-124,-0.5,0.5251686836017204
cmrq2u2r100wehr9q6wnalcte,2026-07-18T13:00:16.237Z,2026-07-23T08:42:48.617Z,70,WIN,TOTAL,UNDER 2.9,2.916666666666667,PREMIUM,v5.1.0,2.916666666666667,,2.916666666666667,,POINTS,0,MATCHED_CLOSE,MLS,soccer_usa_mls,-47,2.916666666666667,0.4938661303128738
cmrqbenm803mge4x9b1ud4xo1,2026-07-18T17:00:13.328Z,2026-07-19T05:04:57.606Z,63,WIN,TOTAL,OVER 14.6,14.57142857142857,FREE,v5.1.0,9.5,,9.5,,POINTS,0,MATCHED_CLOSE,MLB,baseball_mlb,-110,9.5,0.5015663143182381
cmrqnv11j03vkf7pqrtfjtvcg,2026-07-18T22:48:52.615Z,2026-07-20T00:22:08.042Z,50,LOSS,TOTAL,OVER 4.9,4.875,FREE,v5.1.0,8.125,,8.090909090909092,,POINTS,-0.0341,LOST_TO_CLOSE,MLB,baseball_mlb,-60,8.125,0.5017431981730837
cmrqnv13n03vqf7pqpi5gab2y,2026-07-18T22:48:52.691Z,2026-07-20T03:05:40.737Z,57,WIN,TOTAL,OVER 12.6,12.625,FREE,v5.1.0,10.125,,9.5,,POINTS,-0.625,LOST_TO_CLOSE,MLB,baseball_mlb,-61,10.125,0.5022749502180682
cmrqnv15d03vwf7pqog7jy08h,2026-07-18T22:48:52.753Z,2026-07-20T00:22:08.042Z,69,WIN,SPREAD,Chicago White Sox -2.6,2.642857142857143,FREE,v5.1.0,1.5,,1.454545454545455,,POINTS,-0.0455,LOST_TO_CLOSE,MLB,baseball_mlb,137,1.5,0.4055834780207945
cmrqnv19u03wcf7pqm41tkj93,2026-07-18T22:48:52.914Z,2026-07-20T02:04:00.833Z,51,LOSS,TOTAL,OVER 8.6,8.5625,FREE,v5.1.0,8.5,,8.5,,POINTS,0,MATCHED_CLOSE,MLB,baseball_mlb,-118,8.5,0.5170761141204598
cmrqnv1bl03wif7pqb4fvywph,2026-07-18T22:48:52.977Z,2026-07-20T03:05:41.124Z,68,WIN,TOTAL,OVER 14.3,14.28571428571429,FREE,v5.1.0,11.25,,11,,POINTS,-0.25,LOST_TO_CLOSE,MLB,baseball_mlb,-115,11.25,0.5117099675120423
cmrqo9noc052zf7pqetk3mfpo,2026-07-18T23:00:15.132Z,2026-07-20T04:06:44.250Z,51,LOSS,TOTAL,OVER 8.6,8.625,FREE,v5.1.0,8.875,,9.5,,POINTS,0.625,BEAT_CLOSE,MLB,baseball_mlb,-59,8.875,0.4986298804401297
cmrqo9nwf053lf7pqqdntkazi,2026-07-18T23:00:15.423Z,2026-07-20T04:06:44.136Z,69,WIN,TOTAL,UNDER 7.4,7.357142857142857,FREE,v5.1.0,10.75,,10.54545454545454,,POINTS,0.2045,BEAT_CLOSE,MLB,baseball_mlb,-114,10.75,0.5109738055541224
cmrqo9nyh053rf7pqmmngcwh6,2026-07-18T23:00:15.497Z,2026-07-20T08:59:07.726Z,71,WIN,TOTAL,UNDER 3.5,3.5,PREMIUM,v5.1.0,7.75,,9,,POINTS,-1.25,LOST_TO_CLOSE,MLB,baseball_mlb,-116,7.75,0.5136671006267284
cmrqpc66o00rjg8oepv6opz1x,2026-07-18T23:30:12.048Z,2026-07-20T05:08:15.981Z,73,WIN,TOTAL,OVER 16.2,16.21428571428572,PREMIUM,v5.1.0,8.583333333333334,,9,,POINTS,0.4167,BEAT_CLOSE,MLB,baseball_mlb,-114,8.583333333333334,0.5095930823103283
cmrqpc69400rpg8oec8rbvs5f,2026-07-18T23:30:12.136Z,2026-07-20T04:06:44.341Z,62,WIN,TOTAL,OVER 8.9,8.857142857142858,FREE,v5.1.0,7.166666666666667,,7,,POINTS,-0.1667,LOST_TO_CLOSE,MLB,baseball_mlb,-86,7.166666666666667,0.5199247349699605
cmrqqexue03sdg8oe7ds2cev5,2026-07-19T00:00:20.822Z,2026-07-23T08:42:46.591Z,62,WIN,MONEYLINE,Inter Miami CF ML (-593),-593,FREE,v5.1.0,,-106,,148,PROBABILITY,-0.1113,LOST_TO_CLOSE,MLS,soccer_usa_mls,-106,-106,0.6225416050175587
cmrqqexww03sjg8oe7bbj5rox,2026-07-19T00:00:20.913Z,2026-07-23T11:38:11.540Z,50,LOSS,MONEYLINE,Seattle Sounders FC ML (+105),105,FREE,v5.1.0,,-100,,162,PROBABILITY,-0.1183,LOST_TO_CLOSE,MLS,soccer_usa_mls,-100,-100,0.6331459052208107
cmrqrhcqc04mig8oehr3o39mu,2026-07-19T00:30:13.044Z,2026-07-19T02:01:59.867Z,50,WIN,MONEYLINE,Chicago Cubs ML (-5362),-5362,FREE,v5.1.0,,-3421,,-158,PROBABILITY,-0.3592,LOST_TO_CLOSE,MLB,baseball_mlb,-3421,-3421,0.9190435548680871
cmrqtmjop00p8vkkfzd5vqlo0,2026-07-19T01:30:14.570Z,2026-07-20T02:04:00.646Z,68,LOSS,TOTAL,OVER 8.3,8.3125,FREE,v5.1.0,7.833333333333333,,8.409090909090908,,POINTS,0.5758,BEAT_CLOSE,MLB,baseball_mlb,-116,7.833333333333333,0.5147789619541716
cmrqtmjrd00pevkkfjjkycivd,2026-07-19T01:30:14.665Z,2026-07-20T02:04:00.646Z,79,WIN,SPREAD,Boston Red Sox -4.5,-4.5,PREMIUM,v5.1.0,-1.5,,-1.5,,POINTS,0,MATCHED_CLOSE,MLB,baseball_mlb,162,-1.5,0.3662858745277635
cmrqtmjtl00pkvkkfbvh7gj5w,2026-07-19T01:30:14.745Z,2026-07-20T03:05:40.561Z,67,WIN,SPREAD,Baltimore Orioles -2.5,2.5,FREE,v5.1.0,1.5,,-0.4090909090909091,,POINTS,-1.9091,LOST_TO_CLOSE,MLB,baseball_mlb,162,1.5,0.366722319544402
cmrqtmjvr00pqvkkfodqyd5rs,2026-07-19T01:30:14.823Z,2026-07-20T03:05:41.124Z,61,WIN,SPREAD,Cincinnati Reds -2.5,2.5,FREE,v5.1.0,1.5,,1.5,,POINTS,0,MATCHED_CLOSE,MLB,baseball_mlb,106,1.5,0.4660772107597996
cmrqtmk7c00qkvkkf6uvhns7a,2026-07-19T01:30:15.240Z,2026-07-20T05:08:15.981Z,59,LOSS,SPREAD,St. Louis Cardinals -1.5,1.5,FREE,v5.1.0,1.5,,-1.227272727272727,,POINTS,-2.7273,LOST_TO_CLOSE,MLB,baseball_mlb,159,1.5,0.3701776793523024
cmrqtmkb800quvkkfywb7p6v1,2026-07-19T01:30:15.380Z,2026-07-20T04:06:44.136Z,64,WIN,SPREAD,Washington Nationals -2.6,2.642857142857143,FREE,v5.1.0,1.5,,1.5,,POINTS,0,MATCHED_CLOSE,MLB,baseball_mlb,115,1.5,0.4461058213269655
cmrqtmkf200r4vkkfpoqybu3v,2026-07-19T01:30:15.518Z,2026-07-20T04:06:44.250Z,63,LOSS,SPREAD,Detroit Tigers -1.5,1.5,FREE,v5.1.0,1.5,,1.5,,POINTS,0,MATCHED_CLOSE,MLB,baseball_mlb,110,1.5,0.457043096916319
cmrqtmkj500revkkfokgmjht2,2026-07-19T01:30:15.665Z,2026-07-20T02:04:00.833Z,72,WIN,SPREAD,New York Mets -4.6,4.642857142857143,PREMIUM,v5.1.0,1.5,,1.5,,POINTS,0,MATCHED_CLOSE,MLB,baseball_mlb,125,1.5,0.426952261041399
cmrqtmknn00rqvkkft7kfjur1,2026-07-19T01:30:15.827Z,2026-07-20T04:06:44.341Z,55,WIN,SPREAD,Seattle Mariners -2.5,-2.5,FREE,v5.1.0,-1.5,,-1.5,,POINTS,0,MATCHED_CLOSE,MLB,baseball_mlb,121,-1.5,0.434477995355789
cmrqugeru020svkkf0guay46b,2026-07-19T01:53:27.882Z,2026-07-19T04:05:32.111Z,52,WIN,MONEYLINE,Philadelphia Phillies ML (-2965),-2965,FREE,v5.1.0,,-1711,,-171,PROBABILITY,-0.3138,LOST_TO_CLOSE,MLB,baseball_mlb,-1711,-1711,0.8906697951060101
cmrqugex30214vkkf5x8jruv9,2026-07-19T01:53:28.071Z,2026-07-19T05:04:57.402Z,52,LOSS,MONEYLINE,Miami Marlins ML (-225),-225,FREE,v5.1.0,,-205,,116,PROBABILITY,-0.2092,LOST_TO_CLOSE,MLB,baseball_mlb,-205,-205,0.6317793153365469
cmrqup4ra039cvkkfncp7ppl2,2026-07-19T02:00:14.806Z,2026-07-19T04:05:32.447Z,57,WIN,MONEYLINE,Arizona Diamondbacks ML (-21494),-21494,FREE,v5.1.0,,-1210,,-117,PROBABILITY,-0.3845,LOST_TO_CLOSE,MLB,baseball_mlb,-1210,-1210,0.8709268480132247
cmrqup5b503auvkkfy1gh0fi7,2026-07-19T02:00:15.521Z,2026-07-20T03:05:40.561Z,54,LOSS,TOTAL,OVER 7.6,7.5625,FREE,v5.1.0,8.071428571428571,,8.454545454545455,,POINTS,0.3831,BEAT_CLOSE,MLB,baseball_mlb,-80,8.071428571428571,0.4964404651163695
cmrqup5ix03bgvkkfvsm71uhr,2026-07-19T02:00:15.801Z,2026-07-20T02:04:01.177Z,51,LOSS,TOTAL,OVER 6.8,6.75,FREE,v5.1.0,8,,8,,POINTS,0,MATCHED_CLOSE,MLB,baseball_mlb,-115,8,0.5106124906567233
cmrqvrp2804lyvkkfiwg54jqj,2026-07-19T02:30:14.048Z,2026-07-20T03:05:40.962Z,70,WIN,SPREAD,Chicago Cubs -8.5,-8.5,PREMIUM,v5.1.0,-1.5,,-1.5,,POINTS,0,MATCHED_CLOSE,MLB,baseball_mlb,128,-1.5,0.4202121107774279
cmrqvrped04mqvkkfu3bo1an9,2026-07-19T02:30:14.485Z,2026-07-20T02:04:01.177Z,60,WIN,SPREAD,Milwaukee Brewers -1.4,-1.4375,FREE,v5.1.0,-1.5,,-1.5,,POINTS,0,MATCHED_CLOSE,MLB,baseball_mlb,162,-1.5,0.3659913382826148
cmrqvrpj404n0vkkfyk8icva9,2026-07-19T02:30:14.656Z,2026-07-20T02:04:01.024Z,62,WIN,SPREAD,Pittsburgh Pirates -5.5,5.5,FREE,v5.1.0,1.5,,0.4090909090909091,,POINTS,-1.0909,LOST_TO_CLOSE,MLB,baseball_mlb,139,1.5,0.4011182496444821
cmrqvrplm04n6vkkfdaiajlc3,2026-07-19T02:30:14.746Z,2026-07-20T02:04:01.024Z,59,LOSS,TOTAL,UNDER 6.6,6.571428571428571,FREE,v5.1.0,7.285714285714286,,6.909090909090909,,POINTS,0.3766,BEAT_CLOSE,MLB,baseball_mlb,-85,7.285714285714286,0.5078327429815859
cmrr01zno00mrmik0558exnyo,2026-07-19T04:30:12.804Z,2026-07-20T03:05:40.737Z,55,LOSS,SPREAD,Kansas City Royals -1.4,-1.4375,FREE,v5.1.0,-1.5,,0.1363636363636364,,POINTS,-1.6364,LOST_TO_CLOSE,MLB,baseball_mlb,149,-1.5,0.3843725403483321
cmrr01zrg00n1mik0het78ki9,2026-07-19T04:30:12.940Z,2026-07-20T02:04:00.488Z,63,LOSS,TOTAL,UNDER 8.1,8.125,FREE,v5.1.0,8.875,,8.5,,POINTS,0.375,BEAT_CLOSE,MLB,baseball_mlb,-66,8.875,0.5103227344134742
cmrr5ex7q01r5y6yygwbe8jun,2026-07-19T07:00:14.246Z,2026-07-19T08:47:40.818Z,50,LOSS,MONEYLINE,San Francisco Giants ML (-1726),-1726,FREE,v5.1.0,,-1726,,138,PROBABILITY,-0.5251,LOST_TO_CLOSE,MLB,baseball_mlb,-1726,-1726,0.8921923058295393
cmrr7k3oj03zqy6yyw6dne18b,2026-07-19T08:00:15.139Z,2026-07-20T02:04:00.320Z,59,WIN,TOTAL,OVER 7.5,7.545454545454546,FREE,v5.1.0,7.5625,,7.545454545454546,,POINTS,-0.017,LOST_TO_CLOSE,MLB,baseball_mlb,-111,7.5625,0.5035053837396151
cmrr7k3rj03zwy6yyr629ljc5,2026-07-19T08:00:15.247Z,2026-07-20T02:04:00.488Z,58,LOSS,SPREAD,Texas Rangers -1.5,1.5,FREE,v5.1.0,1.5,,1.5,,POINTS,0,MATCHED_CLOSE,MLB,baseball_mlb,135,1.5,0.4087286357090577
cmrr7k41n040ky6yyc6jhea8r,2026-07-19T08:00:15.611Z,2026-07-20T02:04:00.320Z,54,WIN,SPREAD,Los Angeles Dodgers -6.3,6.333333333333333,FREE,v5.1.0,1.5,,1.5,,POINTS,0,MATCHED_CLOSE,MLB,baseball_mlb,147,1.5,0.3897025199024401
cmrr7k448040qy6yyfvarcx78,2026-07-19T08:00:15.704Z,2026-07-20T03:05:40.962Z,73,WIN,TOTAL,OVER 10.8,10.75,PREMIUM,v5.1.0,7.714285714285714,,7.5,,POINTS,-0.2143,LOST_TO_CLOSE,MLB,baseball_mlb,-78,7.714285714285714,0.4915691403738878
cmrrw7cu005fm11mv7wzthg6k,2026-07-19T19:30:10.872Z,2026-07-20T08:59:07.726Z,56,LOSS,SPREAD,Los Angeles Dodgers -1.5,1.454545454545455,FREE,v5.1.0,1.5,,1.5,,POINTS,0,MATCHED_CLOSE,MLB,baseball_mlb,136,1.5,0.4075975948489994
cmrrw7ggg05zt11mvdzp1mcp3,2026-07-19T19:30:15.568Z,2026-08-06T16:29:27.689Z,56,LOSS,SPREAD,New York Red Bulls -0.3,-0.3125,FREE,v5.1.0,-0.3333333333333333,,-0.05,,POINTS,-0.2833,LOST_TO_CLOSE,MLS,soccer_usa_mls,-35,-0.3333333333333333,0.4756997826135676
cmrrw7gic05zz11mvbw48eruy,2026-07-19T19:30:15.636Z,2026-08-06T16:17:18.854Z,53,LOSS,SPREAD,Nashville SC 0.0,0,FREE,v5.1.0,0.3333333333333333,,0,,POINTS,-0.3333,LOST_TO_CLOSE,MLS,soccer_usa_mls,-41,0.3333333333333333,0.4886824420678157
cmrrw7gkb060511mvmug381dm,2026-07-19T19:30:15.708Z,2026-08-06T16:17:18.854Z,79,WIN,SPREAD,Philadelphia Union -0.6,-0.55,PREMIUM,v5.1.0,-0.3333333333333333,,-0.55,,POINTS,0.2167,BEAT_CLOSE,MLS,soccer_usa_mls,-32,-0.3333333333333333,0.4699656713517715
cmrrw7gto060z11mvp23k86mn,2026-07-19T19:30:16.044Z,2026-08-06T16:29:27.689Z,53,LOSS,SPREAD,Los Angeles FC -1.6,-1.55,FREE,v5.1.0,-2.166666666666667,,-1.55,,POINTS,-0.6167,LOST_TO_CLOSE,MLS,soccer_usa_mls,-39,-2.166666666666667,0.4856233344403315
cmrrw7i1s064z11mvso82p8kr,2026-07-19T19:30:17.632Z,2026-08-06T16:29:27.689Z,63,WIN,MONEYLINE,Los Angeles FC ML (-390),-390,FREE,v5.1.0,,-557,,-390,PROBABILITY,-0.0519,LOST_TO_CLOSE,MLS,soccer_usa_mls,-557,-557,0.9074657245343375
cmrrw7ic0065v11mvqxfcy0vd,2026-07-19T19:30:18.000Z,2026-08-06T16:17:18.854Z,57,WIN,MONEYLINE,Houston Dynamo ML (-146),-146,FREE,v5.1.0,,-192,,-146,PROBABILITY,-0.064,LOST_TO_CLOSE,MLS,soccer_usa_mls,-192,-192,0.7840291813168084
cmrrw7idu066111mv72c8z31w,2026-07-19T19:30:18.066Z,2026-08-06T16:17:18.854Z,55,WIN,SPREAD,Houston Dynamo -0.6,-0.55,FREE,v5.1.0,-1.333333333333333,,-0.55,,POINTS,-0.7833,LOST_TO_CLOSE,MLS,soccer_usa_mls,120,-1.333333333333333,0.4319965610333906
cmrrw7ijb066j11mvdi2p4qne,2026-07-19T19:30:18.263Z,2026-08-06T16:17:18.854Z,54,WIN,SPREAD,Columbus Crew SC -0.5,-0.45,FREE,v5.1.0,-0.5,,-0.4375,,POINTS,-0.0625,LOST_TO_CLOSE,MLS,soccer_usa_mls,-136,-0.5,0.5462991734356731
cmrrw7il6066p11mvkiuw82bo,2026-07-19T19:30:18.330Z,2026-08-06T16:17:18.854Z,54,WIN,SPREAD,New England Revolution -0.5,-0.45,FREE,v5.1.0,-0.5,,-0.45,,POINTS,-0.05,LOST_TO_CLOSE,MLS,soccer_usa_mls,-109,-0.5,0.492049055064679
cmrrw7in0066v11mvi84j56p6,2026-07-19T19:30:18.397Z,2026-08-06T16:17:18.854Z,59,LOSS,SPREAD,San Jose Earthquakes -0.5,-0.5,FREE,v5.1.0,-0.6666666666666666,,-0.5,,POINTS,-0.1667,LOST_TO_CLOSE,MLS,soccer_usa_mls,-135,-0.6666666666666666,0.5414789778961003
cmrrz9nhh04w014p25hgico1v,2026-07-19T20:55:56.837Z,2026-08-06T16:17:18.854Z,54,WIN,SPREAD,D.C. United -0.5,-0.5,FREE,v5.1.0,-0.5,,-0.5,,POINTS,0,MATCHED_CLOSE,MLS,soccer_usa_mls,-115,-0.5,0.5046185079669542
cmrs3eaq404u5f0czdy3oau1o,2026-07-19T22:51:32.045Z,2026-07-21T08:39:11.246Z,75,LOSS,SPREAD,Minnesota Twins -1.5,1.454545454545455,PREMIUM,v5.1.0,1.5,,1.5,,POINTS,0,MATCHED_CLOSE,MLB,baseball_mlb,134,1.5,0.4106312991294144
cmrs3eb0x04v9f0czpzqpor9r,2026-07-19T22:51:32.433Z,2026-07-21T08:39:11.543Z,64,WIN,SPREAD,New York Yankees -2.5,-2.5,FREE,v5.1.0,-1.5,,0.1363636363636364,,POINTS,-1.6364,LOST_TO_CLOSE,MLB,baseball_mlb,160,-1.5,0.3692849391048696
cmrs3eb5404vrf0cz27js944n,2026-07-19T22:51:32.584Z,2026-07-21T08:39:11.985Z,73,LOSS,SPREAD,Boston Red Sox -1.5,-1.5,PREMIUM,v5.1.0,-1.5,,-1.454545454545455,,POINTS,-0.0455,LOST_TO_CLOSE,MLB,baseball_mlb,149,-1.5,0.3847593271829803
cmrs3eb7z04w3f0cz8nhpohvj,2026-07-19T22:51:32.687Z,2026-07-21T08:39:12.273Z,72,WIN,SPREAD,Philadelphia Phillies -5.4,-5.357142857142857,PREMIUM,v5.1.0,-1.5,,-1.5,,POINTS,0,MATCHED_CLOSE,MLB,baseball_mlb,149,-1.5,0.3853857054714571
cmrs3ebah04wdf0cz3ftlf6l0,2026-07-19T22:51:32.777Z,2026-07-20T00:22:08.042Z,55,WIN,MONEYLINE,Chicago White Sox ML (-7713),-7713,FREE,v5.1.0,,-1732,,-116,PROBABILITY,-0.4084,LOST_TO_CLOSE,MLB,baseball_mlb,-1732,-1732,0.8951547423857558
cmrs3ebc104wjf0czz9bba9df,2026-07-19T22:51:32.833Z,2026-07-21T08:39:11.752Z,64,LOSS,SPREAD,Toronto Blue Jays -1.5,-1.5,FREE,v5.1.0,-1.5,,-1.5,,POINTS,0,MATCHED_CLOSE,MLB,baseball_mlb,137,-1.5,0.4055962092099308
cmrs3ebdg04wpf0czj6e4v1an,2026-07-19T22:51:32.884Z,2026-07-21T08:39:13.234Z,64,WIN,SPREAD,Houston Astros -2.6,-2.642857142857143,FREE,v5.1.0,-1.5,,-1.227272727272727,,POINTS,-0.2727,LOST_TO_CLOSE,MLB,baseball_mlb,139,-1.5,0.401191997358354
cmrs4s11e07vyf0cz2hxvjpfz,2026-07-19T23:30:12.290Z,2026-07-21T08:39:11.985Z,51,LOSS,TOTAL,UNDER 9.2,9.1875,FREE,v5.1.0,8.8,,8.636363636363637,,POINTS,0.1636,BEAT_CLOSE,MLB,baseball_mlb,-115,8.8,0.511783868414294
cmrs4s1i807xaf0czqzwsq0br,2026-07-19T23:30:12.896Z,2026-07-20T02:04:00.833Z,54,WIN,MONEYLINE,New York Mets ML (-2758),-2758,FREE,v5.1.0,,-1751,,-125,PROBABILITY,-0.3904,LOST_TO_CLOSE,MLB,baseball_mlb,-1751,-1751,0.8941103474463914
cmrs4s1m407xmf0cz81hz9ghe,2026-07-19T23:30:13.036Z,2026-07-21T08:39:12.819Z,70,WIN,SPREAD,Milwaukee Brewers -4.5,-4.5,PREMIUM,v5.1.0,-1.5,,-1.5,,POINTS,0,MATCHED_CLOSE,MLB,baseball_mlb,113,-1.5,0.4504059002279541
cmrs4s1rw07y4f0cz4opvq2m7,2026-07-19T23:30:13.244Z,2026-07-21T08:39:11.752Z,72,WIN,TOTAL,OVER 8.7,8.6875,PREMIUM,v5.1.0,7.5,,7.5,,POINTS,0,MATCHED_CLOSE,MLB,baseball_mlb,-28,7.5,0.4968164489078306
cmrs4s1wc07ygf0czrbahy39o,2026-07-19T23:30:13.404Z,2026-07-21T11:38:44.910Z,55,WIN,TOTAL,OVER 7.6,7.5625,FREE,v5.1.0,7.625,,7.5,,POINTS,-0.125,LOST_TO_CLOSE,MLB,baseball_mlb,-61,7.625,0.5030692734536807
cmrs5m80809dcf0cz9x1w51v9,2026-07-19T23:53:41.000Z,2026-07-21T08:39:13.234Z,51,LOSS,TOTAL,UNDER 14.1,14.125,FREE,v5.1.0,8.928571428571429,,8.909090909090908,,POINTS,0.0195,BEAT_CLOSE,MLB,baseball_mlb,-88,8.928571428571429,0.5154480155945256
cmrs5m8e109eif0cz8wn2nv6i,2026-07-19T23:53:41.498Z,2026-07-21T11:38:45.100Z,61,LOSS,SPREAD,St. Louis Cardinals -2.0,2,FREE,v5.1.0,1.5,,0.4090909090909091,,POINTS,-1.0909,LOST_TO_CLOSE,MLB,baseball_mlb,164,1.5,0.3624633578463081
cmrs5m8fu09eof0cz8g2wzqwt,2026-07-19T23:53:41.563Z,2026-07-21T11:38:45.100Z,56,LOSS,TOTAL,OVER 8.7,8.6875,FREE,v5.1.0,8.583333333333334,,9,,POINTS,0.4167,BEAT_CLOSE,MLB,baseball_mlb,-83,8.583333333333334,0.5151178845638171
cmrs5m8x409g8f0czor9cuim5,2026-07-19T23:53:42.185Z,2026-07-21T08:39:12.273Z,72,WIN,TOTAL,OVER 12.9,12.9375,PREMIUM,v5.1.0,8.071428571428571,,8.5,,POINTS,0.4286,BEAT_CLOSE,MLB,baseball_mlb,-112,8.071428571428571,0.5046303969266722
cmrs5m8yy09gef0czrsn43cf1,2026-07-19T23:53:42.250Z,2026-07-21T08:39:12.819Z,71,WIN,TOTAL,OVER 11.0,11,PREMIUM,v5.1.0,7.071428571428571,,7.5,,POINTS,0.4286,BEAT_CLOSE,MLB,baseball_mlb,-115,7.071428571428571,0.5114685983905771
cmrs5m90x09gkf0czt0k167xx,2026-07-19T23:53:42.322Z,2026-07-21T08:39:13.029Z,59,WIN,TOTAL,OVER 7.6,7.636363636363637,FREE,v5.1.0,7.571428571428571,,7.636363636363637,,POINTS,0.0649,BEAT_CLOSE,MLB,baseball_mlb,-113,7.571428571428571,0.5061757809378383
cmrs5m93z09guf0cz9enah0l3,2026-07-19T23:53:42.431Z,2026-07-20T02:04:00.646Z,56,WIN,MONEYLINE,Boston Red Sox ML (-7790),-7790,FREE,v5.1.0,,-999,,-123,PROBABILITY,-0.3574,LOST_TO_CLOSE,MLB,baseball_mlb,-999,-999,0.8558744884529651
cmrs5m9aq09hgf0czsxe4isnw,2026-07-19T23:53:42.674Z,2026-07-20T03:05:40.962Z,54,WIN,MONEYLINE,Chicago Cubs ML (-1504),-1504,FREE,v5.1.0,,-1416,,-171,PROBABILITY,-0.303,LOST_TO_CLOSE,MLB,baseball_mlb,-1416,-1416,0.8806715297460948
cmrs5m9hi09i2f0cz4ee2vujb,2026-07-19T23:53:42.918Z,2026-07-21T08:39:12.484Z,54,LOSS,SPREAD,Atlanta Braves -1.4,-1.375,FREE,v5.1.0,-1.5,,-1.5,,POINTS,0,MATCHED_CLOSE,MLB,baseball_mlb,130,-1.5,0.4176354620706827
cmrs5m9jc09i8f0czh8xdklq5,2026-07-19T23:53:42.984Z,2026-07-21T08:39:11.543Z,61,WIN,TOTAL,OVER 9.9,9.875,FREE,v5.1.0,7.642857142857143,,7.863636363636363,,POINTS,0.2208,BEAT_CLOSE,MLB,baseball_mlb,-113,7.642857142857143,0.5074990921712768
cmrs5md2f0a30f0czirtbfpjy,2026-07-19T23:53:47.559Z,2026-08-06T16:29:27.689Z,54,WIN,SPREAD,Inter Miami CF -0.5,0.45,FREE,v5.1.0,0.3333333333333333,,0.4375,,POINTS,0.1042,BEAT_CLOSE,MLS,soccer_usa_mls,-41,0.3333333333333333,0.4894542241751591
cmrs6x7l800ttdem1dag9s8fn,2026-07-20T00:30:13.293Z,2026-07-21T08:39:13.029Z,75,LOSS,SPREAD,Texas Rangers -2.4,-2.4375,PREMIUM,v5.1.0,-1.5,,-1.5,,POINTS,0,MATCHED_CLOSE,MLB,baseball_mlb,141,-1.5,0.397790320562861
cmrs7zsnm029mdem1exebwzvw,2026-07-20T01:00:13.522Z,2026-07-21T11:38:44.665Z,79,LOSS,SPREAD,Arizona Diamondbacks -1.4,-1.375,PREMIUM,v5.1.0,-1.5,,-1.5,,POINTS,0,MATCHED_CLOSE,MLB,baseball_mlb,131,-1.5,0.4143041720169761
cmrs7zu1k02dkdem1i9qkjbnh,2026-07-20T01:00:15.320Z,2026-07-20T03:05:40.561Z,59,WIN,MONEYLINE,Baltimore Orioles ML (-7508),-7508,FREE,v5.1.0,,-1658,,106,PROBABILITY,-0.4577,LOST_TO_CLOSE,MLB,baseball_mlb,-1658,-1658,0.8889928660186592
cmrs7zumu02f8dem1f55cgnk4,2026-07-20T01:00:16.086Z,2026-07-20T03:05:40.737Z,50,WIN,MONEYLINE,San Diego Padres ML (-6274),-6274,FREE,v5.1.0,,-6274,,-102,PROBABILITY,-0.4794,LOST_TO_CLOSE,MLB,baseball_mlb,-6274,-6274,0.9457881259581555
cmrs800yd0378dem1rvw05xav,2026-07-20T01:00:24.277Z,2026-08-06T16:17:18.854Z,60,WIN,SPREAD,St. Louis City SC -0.5,-0.5,FREE,v5.1.0,-0.5,,-0.5,,POINTS,0,MATCHED_CLOSE,MLS,soccer_usa_mls,-120,-0.5,0.5150211487088157
cmrs841q003zadem1usotx5e0,2026-07-20T01:03:31.896Z,2026-07-20T02:04:01.177Z,53,LOSS,MONEYLINE,Miami Marlins ML (-287),-287,FREE,v5.1.0,,-199,,111,PROBABILITY,-0.1916,LOST_TO_CLOSE,MLB,baseball_mlb,-199,-199,0.6270270254481495
cmrsb7ip603gnkxlirlw42tsb,2026-07-20T02:30:12.714Z,2026-07-21T11:38:44.910Z,68,WIN,SPREAD,Seattle Mariners -6.6,-6.5625,FREE,v5.1.0,-1.5,,-1.5,,POINTS,0,MATCHED_CLOSE,MLB,baseball_mlb,129,-1.5,0.4181632774936012
cmrsb7itz03gzkxliivpna2i5,2026-07-20T02:30:12.887Z,2026-07-20T05:08:15.981Z,50,LOSS,MONEYLINE,St. Louis Cardinals ML (-2061),-2061,FREE,v5.1.0,,-2344,,106,PROBABILITY,-0.4736,LOST_TO_CLOSE,MLB,baseball_mlb,-2344,-2344,0.9064838513519106
cmrsca3up04rgkxliv8uf6q68,2026-07-20T03:00:13.057Z,2026-07-21T08:39:12.484Z,54,LOSS,TOTAL,OVER 6.6,6.625,FREE,v5.1.0,9,,9.181818181818182,,POINTS,0.1818,BEAT_CLOSE,MLB,baseball_mlb,-111,9,0.5022856915516513
cmrsca4lq04tikxlinguwg220,2026-07-20T03:00:14.031Z,2026-07-20T04:06:44.136Z,51,WIN,MONEYLINE,Washington Nationals ML (-3444),-3444,FREE,v5.1.0,,-3444,,-149,PROBABILITY,-0.3734,LOST_TO_CLOSE,MLB,baseball_mlb,-3444,-3444,0.919737683415499
cmrsdcnkj07l8kxligobnsicp,2026-07-20T03:30:11.539Z,2026-07-20T04:06:44.250Z,50,WIN,MONEYLINE,Los Angeles Angels ML (-2375),-2375,FREE,v5.1.0,,-1105,,124,PROBABILITY,-0.4706,LOST_TO_CLOSE,MLB,baseball_mlb,-1105,-1105,0.8656889922644788
cmrsef9pn08x9kxlidws8dlhf,2026-07-20T04:00:13.163Z,2026-07-21T08:39:11.246Z,69,LOSS,TOTAL,UNDER 7.5,7.5,FREE,v5.1.0,7.55,,7.5,,POINTS,0.05,BEAT_CLOSE,MLB,baseball_mlb,-113,7.55,0.5073043757980105
cmrsef9rv08xfkxlizbwaq6kx,2026-07-20T04:00:13.243Z,2026-07-21T08:39:12.652Z,58,LOSS,SPREAD,San Francisco Giants -1.5,1.5,FREE,v5.1.0,1.5,,-0.6818181818181818,,POINTS,-2.1818,LOST_TO_CLOSE,MLB,baseball_mlb,144,1.5,0.392295887645712
cmrsef9tm08xlkxli9dbxcfrc,2026-07-20T04:00:13.306Z,2026-07-21T11:38:44.334Z,53,WIN,SPREAD,Detroit Tigers -2.5,2.5,FREE,v5.1.0,1.5,,0.1666666666666667,,POINTS,-1.3333,LOST_TO_CLOSE,MLB,baseball_mlb,134,1.5,0.4079763029333361
cmrsef9yu08y3kxlidt6nyvyy,2026-07-20T04:00:13.494Z,2026-07-21T08:39:13.451Z,81,WIN,SPREAD,Washington Nationals -2.8,2.75,PREMIUM,v5.1.0,1.5,,1.5,,POINTS,0,MATCHED_CLOSE,MLB,baseball_mlb,121,1.5,0.4317543770863759
cmrsfbfp800nrgcks4lfo5eit,2026-07-20T04:25:13.916Z,2026-07-21T08:39:13.451Z,62,LOSS,TOTAL,OVER 12.0,12,FREE,v5.1.0,11.5,,12,,POINTS,0.5,BEAT_CLOSE,MLB,baseball_mlb,-117,11.5,0.5124443820748211
cmrsfbfuh00o3gcks2huwfbdb,2026-07-20T04:25:14.105Z,2026-07-21T11:38:44.665Z,60,WIN,TOTAL,UNDER 7.5,7.5,FREE,v5.1.0,9.5,,9.090909090909092,,POINTS,0.4091,BEAT_CLOSE,MLB,baseball_mlb,-122,9.5,0.524998156571885
cmrsfbfz400ofgcksavo9i39b,2026-07-20T04:25:14.272Z,2026-07-21T11:38:44.665Z,53,LOSS,MONEYLINE,Arizona Diamondbacks ML (-163),-163,FREE,v5.1.0,,-159,,-145,PROBABILITY,-0.0221,LOST_TO_CLOSE,MLB,baseball_mlb,-159,-159,0.5897668194965126
cmrsgkh4v03b0gckskdka52w5,2026-07-20T05:00:15.295Z,2026-07-21T08:39:12.652Z,67,WIN,TOTAL,UNDER 4.5,4.5,FREE,v5.1.0,10.5,,10.18181818181818,,POINTS,0.3182,BEAT_CLOSE,MLB,baseball_mlb,-116,10.5,0.5119782423798196
cmrsmzwlg07clg9xjxjaxiva3,2026-07-20T08:00:12.868Z,2026-07-21T08:39:12.819Z,54,WIN,MONEYLINE,Milwaukee Brewers ML (-1545),-1545,FREE,v5.1.0,,-196,,-215,PROBABILITY,0.0204,BEAT_CLOSE,MLB,baseball_mlb,-196,-196,0.637428006924218
cmrso2fzo00j8mox8ozb75nvm,2026-07-20T08:30:10.932Z,2026-07-21T11:38:44.334Z,69,LOSS,TOTAL,UNDER 9.6,9.571428571428571,FREE,v5.1.0,11.63636363636364,,11.5,,POINTS,0.1364,BEAT_CLOSE,MLB,baseball_mlb,-113,11.63636363636364,0.5074163761814505
cmrtcpu4400jygma71jtahpb9,2026-07-20T20:00:13.108Z,2026-07-21T08:39:11.985Z,51,WIN,MONEYLINE,Boston Red Sox ML (-474),-474,FREE,v5.1.0,,-152,,-164,PROBABILITY,0.018,BEAT_CLOSE,MLB,baseball_mlb,-152,-152,0.580505776871493
cmrtgpala01a56yktp5jgxc3y,2026-07-20T21:51:46.270Z,2026-08-06T16:17:18.854Z,65,WIN,TOTAL,OVER 2.6,2.607142857142857,FREE,v5.1.0,2.5,,2.607142857142857,,POINTS,0.1071,BEAT_CLOSE,MLS,soccer_usa_mls,-132,2.5,0.5342753855110504
cmrtgpanu01ab6yktshb0o5rw,2026-07-20T21:51:46.362Z,2026-08-06T16:17:18.854Z,50,WIN,TOTAL,OVER 2.5,2.535714285714286,FREE,v5.1.0,2.5,,2.535714285714286,,POINTS,0.0357,BEAT_CLOSE,MLS,soccer_usa_mls,-137,2.5,0.5428855927008541
cmrtgpasb01an6yktdngm8bm9,2026-07-20T21:51:46.523Z,2026-08-06T16:17:18.854Z,65,WIN,TOTAL,UNDER 3.5,3.464285714285714,FREE,v5.1.0,3.5,,3.464285714285714,,POINTS,0.0357,BEAT_CLOSE,MLS,soccer_usa_mls,-134,3.5,0.5387611759917343
cmrtgpb7201bv6ykt12v6t0st,2026-07-20T21:51:47.054Z,2026-08-06T16:29:27.689Z,57,WIN,TOTAL,UNDER 3.5,3.5,FREE,v5.1.0,3.3,,3.5,,POINTS,-0.2,LOST_TO_CLOSE,MLS,soccer_usa_mls,-63,3.3,0.5438507473837986
cmrtgpb9001c16ykt6ylg5nmv,2026-07-20T21:51:47.125Z,2026-08-06T16:17:18.854Z,55,WIN,TOTAL,OVER 2.8,2.75,FREE,v5.1.0,2.7,,2.857142857142857,,POINTS,0.1571,BEAT_CLOSE,MLS,soccer_usa_mls,-60,2.7,0.5404578736823137
cmrtgpbdd01cd6yktzow4twuw,2026-07-20T21:51:47.281Z,2026-08-06T16:17:18.854Z,52,LOSS,TOTAL,OVER 2.7,2.7,FREE,v5.1.0,2.7,,2.857142857142857,,POINTS,0.1571,BEAT_CLOSE,MLS,soccer_usa_mls,-47,2.7,0.5177565107501281
cmrtgpbfm01cj6yktrj1jciom,2026-07-20T21:51:47.362Z,2026-08-06T16:17:18.854Z,50,WIN,TOTAL,OVER 2.5,2.535714285714286,FREE,v5.1.0,2.7,,2.535714285714286,,POINTS,-0.1643,LOST_TO_CLOSE,MLS,soccer_usa_mls,-63,2.7,0.5436118419291909
cmrtgpbi001cp6yktd9kgs10e,2026-07-20T21:51:47.448Z,2026-08-06T16:17:18.854Z,58,WIN,TOTAL,UNDER 3.5,3.5,FREE,v5.1.0,3.3,,3.5,,POINTS,-0.2,LOST_TO_CLOSE,MLS,soccer_usa_mls,-42,3.3,0.5113789063446819
cmrth0aq802ox6ykt65n6jofq,2026-07-20T22:00:19.664Z,2026-08-06T16:29:27.689Z,59,WIN,TOTAL,OVER 3.5,3.5,FREE,v5.1.0,3.5,,3.5,,POINTS,0,MATCHED_CLOSE,MLS,soccer_usa_mls,-135,3.5,0.5410589508682319
cmrth0bd902qt6ykt1oxd5xby,2026-07-20T22:00:20.493Z,2026-08-06T16:17:18.854Z,50,WIN,TOTAL,UNDER 3.5,3.464285714285714,FREE,v5.1.0,3.3,,3.464285714285714,,POINTS,-0.1643,LOST_TO_CLOSE,MLS,soccer_usa_mls,-42,3.3,0.5108358923835057
cmrtj5bek04r06yktl3e6bh5m,2026-07-20T23:00:13.052Z,2026-07-22T08:39:39.383Z,67,LOSS,SPREAD,Philadelphia Phillies -1.4,-1.375,FREE,v5.1.0,-1.5,,-0.25,,POINTS,-1.25,LOST_TO_CLOSE,MLB,baseball_mlb,151,-1.5,0.3818577052199343
cmrtk7upn06cr6ykthymnk39l,2026-07-20T23:30:11.003Z,2026-07-22T08:39:39.251Z,65,LOSS,SPREAD,Milwaukee Brewers -1.4,-1.4375,FREE,v5.1.0,-1.5,,-1.5,,POINTS,0,MATCHED_CLOSE,MLB,baseball_mlb,145,-1.5,0.3926002589313025
cmrtk7uv806d96ykt2o1w6hf1,2026-07-20T23:30:11.204Z,2026-07-22T08:39:38.740Z,59,WIN,TOTAL,OVER 10.6,10.5625,FREE,v5.1.0,7.5,,7.5,,POINTS,0,MATCHED_CLOSE,MLB,baseball_mlb,-110,7.5,0.5021726231727399
cmrtk7uwv06df6yktpsx0vewh,2026-07-20T23:30:11.263Z,2026-07-22T08:39:39.251Z,72,LOSS,TOTAL,OVER 8.5,8.545454545454545,PREMIUM,v5.1.0,8.5,,8.545454545454545,,POINTS,0.0455,BEAT_CLOSE,MLB,baseball_mlb,-115,8.5,0.5113738141619292
cmrtkvs0407xp6yktq0bfzl06,2026-07-20T23:48:47.236Z,2026-07-22T08:39:39.806Z,59,WIN,TOTAL,UNDER 8.5,8.5,FREE,v5.1.0,8.8,,9.409090909090908,,POINTS,-0.6091,LOST_TO_CLOSE,MLB,baseball_mlb,-28,8.8,0.4972783315763052
cmrtmd1hp028fmypkv3k537b4,2026-07-21T00:30:12.301Z,2026-07-22T08:39:39.076Z,54,LOSS,TOTAL,OVER 6.9,6.875,FREE,v5.1.0,9.166666666666666,,9,,POINTS,-0.1667,LOST_TO_CLOSE,MLB,baseball_mlb,-82,9.166666666666666,0.51295518430376
cmrtmd24v02ahmypk87tdariz,2026-07-21T00:30:13.136Z,2026-07-22T08:39:38.901Z,51,LOSS,TOTAL,UNDER 11.5,11.5,FREE,v5.1.0,9.416666666666666,,9,,POINTS,0.4167,BEAT_CLOSE,MLB,baseball_mlb,-116,9.416666666666666,0.5143762433746579
cmrtnfoft03xgmypk61hznm5s,2026-07-21T01:00:14.969Z,2026-07-22T08:39:38.740Z,97,WIN,SPREAD,Tampa Bay Rays -10.0,10,PREMIUM,v5.1.0,1.5,,1.454545454545455,,POINTS,-0.0455,LOST_TO_CLOSE,MLB,baseball_mlb,157,1.5,0.3739374029385862
cmrtnfoq903yamypkklw5mpiw,2026-07-21T01:00:15.345Z,2026-07-22T08:39:39.076Z,66,LOSS,SPREAD,San Francisco Giants -1.4,1.375,FREE,v5.1.0,1.5,,1.5,,POINTS,0,MATCHED_CLOSE,MLB,baseball_mlb,152,1.5,0.3807687189085108
cmrtnzprt05lkmypketlvjxmy,2026-07-21T01:15:49.817Z,2026-07-22T08:39:39.806Z,66,WIN,SPREAD,Houston Astros -2.4,-2.4375,FREE,v5.1.0,-1.5,,-1.5,,POINTS,0,MATCHED_CLOSE,MLB,baseball_mlb,158,-1.5,0.3724552692786736
cmrtoi7jv0781mypkti817ofx,2026-07-21T01:30:12.667Z,2026-07-22T11:40:28.345Z,61,LOSS,TOTAL,OVER 7.7,7.6875,FREE,v5.1.0,8.642857142857142,,9.090909090909092,,POINTS,0.4481,BEAT_CLOSE,MLB,baseball_mlb,-117,8.642857142857142,0.5151432577851238
cmrtoi7sp078pmypkkn3rjpuh,2026-07-21T01:30:12.985Z,2026-07-22T11:40:28.738Z,54,WIN,SPREAD,Cincinnati Reds -1.5,1.5,FREE,v5.1.0,1.5,,-0.1363636363636364,,POINTS,-1.6364,LOST_TO_CLOSE,MLB,baseball_mlb,163,1.5,0.3645232431989506
cmrtpku8c00uycsg7w3n5dok7,2026-07-21T02:00:14.988Z,2026-07-22T08:39:38.901Z,80,LOSS,SPREAD,Atlanta Braves -1.4,-1.4375,PREMIUM,v5.1.0,-1.5,,-1.5,,POINTS,0,MATCHED_CLOSE,MLB,baseball_mlb,157,-1.5,0.373548695829863
cmrtpkual00v4csg7rygmsvjx,2026-07-21T02:00:15.069Z,2026-07-22T08:39:39.974Z,64,LOSS,SPREAD,Washington Nationals -1.5,1.5,FREE,v5.1.0,1.5,,1.5,,POINTS,0,MATCHED_CLOSE,MLB,baseball_mlb,141,1.5,0.3983239988386982
cmrtqndd802jecsg79m0hgpxw,2026-07-21T02:30:12.716Z,2026-07-22T08:39:38.562Z,62,WIN,SPREAD,Cleveland Guardians -2.5,-2.5,FREE,v5.1.0,-1.5,,-1.5,,POINTS,0,MATCHED_CLOSE,MLB,baseball_mlb,139,-1.5,0.4025971845237589
cmrtrpzqo05y0csg73xl1bspk,2026-07-21T03:00:14.640Z,2026-07-22T08:39:39.974Z,59,WIN,TOTAL,OVER 16.7,16.6875,FREE,v5.1.0,12.5625,,13.22727272727273,,POINTS,0.6648,BEAT_CLOSE,MLB,baseball_mlb,-120,12.5625,0.5211940646500423
cmrtssjz707smcsg7trgu4446,2026-07-21T03:30:13.795Z,2026-07-22T11:40:28.345Z,53,LOSS,SPREAD,St. Louis Cardinals -1.2,1.227272727272727,FREE,v5.1.0,1.5,,-0.6818181818181818,,POINTS,-2.1818,LOST_TO_CLOSE,MLB,baseball_mlb,142,1.5,0.3967578823462392
cmrtuxqq404b2fi9e8xxlgrcv,2026-07-21T04:30:15.052Z,2026-07-21T08:39:11.246Z,54,WIN,MONEYLINE,Cleveland Guardians ML (-3500),-3500,FREE,v5.1.0,,-1080,,113,PROBABILITY,-0.4458,LOST_TO_CLOSE,MLB,baseball_mlb,-1080,-1080,0.8645016079781483
cmrtuxqsp04b8fi9ekuoc22ra,2026-07-21T04:30:15.145Z,2026-07-21T08:39:11.543Z,57,WIN,MONEYLINE,New York Yankees ML (-4127),-4127,FREE,v5.1.0,,-767,,-114,PROBABILITY,-0.3519,LOST_TO_CLOSE,MLB,baseball_mlb,-767,-767,0.8341108460626468
cmrtw0d1c07njfi9e2rndbutf,2026-07-21T05:00:16.896Z,2026-07-21T08:39:12.273Z,51,WIN,MONEYLINE,Philadelphia Phillies ML (-1165),-1165,FREE,v5.1.0,,-1165,,-149,PROBABILITY,-0.3226,LOST_TO_CLOSE,MLB,baseball_mlb,-1165,-1165,0.8697160196476769
cmrtx2wa609difi9efb09febj,2026-07-21T05:30:14.766Z,2026-07-21T08:39:11.752Z,50,WIN,MONEYLINE,Tampa Bay Rays ML (-646),-646,FREE,v5.1.0,,-646,,149,PROBABILITY,-0.4643,LOST_TO_CLOSE,MLB,baseball_mlb,-646,-646,0.8147463573467348
cmru00wo103yoc5pc2mx7uoqz,2026-07-21T06:52:40.801Z,2026-07-22T08:39:39.514Z,55,LOSS,SPREAD,Detroit Tigers -1.5,1.5,FREE,v5.1.0,1.5,,-0.6818181818181818,,POINTS,-2.1818,LOST_TO_CLOSE,MLB,baseball_mlb,154,1.5,0.3769092776603186
cmru00wsb03z0c5pchy4cw3tw,2026-07-21T06:52:40.955Z,2026-07-21T08:39:13.029Z,52,WIN,MONEYLINE,Chicago White Sox ML (-898),-898,FREE,v5.1.0,,-823,,142,PROBABILITY,-0.4784,LOST_TO_CLOSE,MLB,baseball_mlb,-823,-823,0.8385747511314838
cmru00wy803zic5pcb6zpb662,2026-07-21T06:52:41.168Z,2026-07-22T08:39:39.383Z,74,WIN,TOTAL,UNDER 5.2,5.1875,PREMIUM,v5.1.0,8.5,,8.9,,POINTS,-0.4,LOST_TO_CLOSE,MLB,baseball_mlb,-113,8.5,0.5068248205997314
cmru0am8u05jfc5pcrf8d9vdw,2026-07-21T07:00:13.854Z,2026-07-21T08:39:13.234Z,51,WIN,MONEYLINE,Houston Astros ML (-6489),-6489,FREE,v5.1.0,,-1810,,-123,PROBABILITY,-0.3961,LOST_TO_CLOSE,MLB,baseball_mlb,-1810,-1810,0.8955167421840076
cmru2fqv708gac5pckx3hu45w,2026-07-21T08:00:12.355Z,2026-07-22T08:39:38.562Z,56,LOSS,TOTAL,OVER 7.8,7.75,FREE,v5.1.0,8.15,,7.909090909090909,,POINTS,-0.2409,LOST_TO_CLOSE,MLB,baseball_mlb,-91,8.15,0.5030885474558534
cmru2fr5m08h2c5pcb0sl8ry8,2026-07-21T08:00:12.730Z,2026-07-21T08:39:13.451Z,51,WIN,MONEYLINE,Washington Nationals ML (-3054),-3054,FREE,v5.1.0,,-3054,,-133,PROBABILITY,-0.3975,LOST_TO_CLOSE,MLB,baseball_mlb,-3054,-3054,0.9168059769867376
cmru4kwhs022iwmht60m9jngh,2026-07-21T09:00:12.160Z,2026-07-22T08:39:39.514Z,72,WIN,TOTAL,OVER 11.7,11.66666666666667,PREMIUM,v5.1.0,8.5,,7.5,,POINTS,-1,LOST_TO_CLOSE,MLB,baseball_mlb,-109,8.5,0.498150295396342
cmru5ngeb03guwmhtdvg9a86n,2026-07-21T09:30:10.883Z,2026-07-22T08:39:39.680Z,66,WIN,TOTAL,OVER 11.8,11.8125,FREE,v5.1.0,8.5,,8.545454545454545,,POINTS,0.0455,BEAT_CLOSE,MLB,baseball_mlb,-110,8.5,0.5009543226352726
cmru8v7k90373dxuo9o4z6ogk,2026-07-21T11:00:11.529Z,2026-07-22T11:40:28.552Z,95,LOSS,SPREAD,Arizona Diamondbacks -2.4,-2.375,PREMIUM,v5.1.0,-1.5,,-1.5,,POINTS,0,MATCHED_CLOSE,MLB,baseball_mlb,146,-1.5,0.3903094018479607
cmrub0e9h01zfct6c2nu033g8,2026-07-21T12:00:12.725Z,2026-07-22T11:40:28.738Z,54,LOSS,TOTAL,OVER 6.5,6.5,FREE,v5.1.0,7.5,,7.5,,POINTS,0,MATCHED_CLOSE,MLB,baseball_mlb,-109,7.5,0.4993136598211584
cmrue83pz04nxwap1jgkp8tth,2026-07-21T13:30:11.159Z,2026-07-22T11:40:28.552Z,51,WIN,TOTAL,OVER 6.1,6.125,FREE,v5.1.0,9.555555555555555,,9.5,,POINTS,-0.0556,LOST_TO_CLOSE,MLB,baseball_mlb,-117,9.555555555555555,0.5150645173101022
cmrujl0ex00jci7ukzcewecp9,2026-07-21T16:00:11.481Z,2026-07-22T08:39:39.680Z,52,WIN,SPREAD,Texas Rangers -9.5,-9.5,FREE,v5.1.0,-1.5,,0.1363636363636364,,POINTS,-1.6364,LOST_TO_CLOSE,MLB,baseball_mlb,160,-1.5,0.3694624654198076
cmruyl6kw03ewiw17rr0s1l34,2026-07-21T23:00:13.712Z,2026-07-23T01:24:23.988Z,88,LOSS,SPREAD,New York Yankees -1.7,-1.6875,PREMIUM,v5.1.0,-1.5,,-1.5,,POINTS,0,MATCHED_CLOSE,MLB,baseball_mlb,115,-1.5,0.4445463526317882
cmruyl6nx03f2iw17u97gnzs5,2026-07-21T23:00:13.821Z,2026-07-23T03:14:07.966Z,62,WIN,TOTAL,UNDER 6.5,6.5,FREE,v5.1.0,7.7,,7.5,,POINTS,0.2,BEAT_CLOSE,MLB,baseball_mlb,-70,7.7,0.5011121732502862
cmruyl6sq03feiw17xpl48hxr,2026-07-21T23:00:13.994Z,2026-07-23T03:14:07.966Z,64,LOSS,SPREAD,Milwaukee Brewers -1.8,-1.785714285714286,FREE,v5.1.0,-1.5,,-1.454545454545455,,POINTS,-0.0455,LOST_TO_CLOSE,MLB,baseball_mlb,141,-1.5,0.398036799906588
cmruyl74h03gciw1712d264o2,2026-07-21T23:00:14.417Z,2026-07-23T03:14:07.638Z,66,WIN,TOTAL,OVER 8.5,8.5,FREE,v5.1.0,8.625,,8.5,,POINTS,-0.125,LOST_TO_CLOSE,MLB,baseball_mlb,-117,8.625,0.5178142100132581
cmruznq8q04zviw17d2i6fvb8,2026-07-21T23:30:12.122Z,2026-07-23T08:42:44.201Z,55,WIN,SPREAD,Chicago White Sox -1.5,1.5,FREE,v5.1.0,1.5,,1.5,,POINTS,0,MATCHED_CLOSE,MLB,baseball_mlb,156,1.5,0.3741566732369085
cmruznqky050tiw17eegk8zb0,2026-07-21T23:30:12.562Z,2026-07-23T03:14:08.478Z,61,WIN,TOTAL,OVER 6.8,6.75,FREE,v5.1.0,7.8,,8.318181818181818,,POINTS,0.5182,BEAT_CLOSE,MLB,baseball_mlb,-120,7.8,0.5225542812770176
cmruznqn4050ziw17pys3is7n,2026-07-21T23:30:12.640Z,2026-07-23T08:42:42.509Z,56,LOSS,TOTAL,UNDER 8.0,8,FREE,v5.1.0,8,,8,,POINTS,0,MATCHED_CLOSE,MLB,baseball_mlb,-114,8,0.5104694852999021
cmruznqp70515iw17hy59h3oi,2026-07-21T23:30:12.715Z,2026-07-23T08:42:42.888Z,52,WIN,TOTAL,OVER 9.4,9.363636363636363,FREE,v5.1.0,9.7,,9.772727272727273,,POINTS,0.0727,BEAT_CLOSE,MLB,baseball_mlb,-111,9.7,0.5041231700836235
cmruznqrc051biw17729ycjx0,2026-07-21T23:30:12.792Z,2026-07-23T08:42:44.201Z,67,LOSS,TOTAL,OVER 8.8,8.75,FREE,v5.1.0,8.5,,8.5,,POINTS,0,MATCHED_CLOSE,MLB,baseball_mlb,-114,8.5,0.5092243858013757
cmruznqti051hiw17f0qo7npt,2026-07-21T23:30:12.870Z,2026-07-23T08:42:44.706Z,67,LOSS,TOTAL,OVER 8.0,8,FREE,v5.1.0,8.1,,8,,POINTS,-0.1,LOST_TO_CLOSE,MLB,baseball_mlb,-118,8.1,0.5184693573539665
cmruznqvo051niw172opisuj6,2026-07-21T23:30:12.948Z,2026-07-23T03:14:08.259Z,85,WIN,SPREAD,Washington Nationals -7.9,7.928571428571429,PREMIUM,v5.1.0,1.5,,1.5,,POINTS,0,MATCHED_CLOSE,MLB,baseball_mlb,115,1.5,0.4442398823211774
cmruznqxx051tiw17d0y92qlm,2026-07-21T23:30:13.029Z,2026-07-23T08:42:42.509Z,88,LOSS,SPREAD,Cleveland Guardians -1.6,-1.642857142857143,PREMIUM,v5.1.0,-1.5,,-1.5,,POINTS,0,MATCHED_CLOSE,MLB,baseball_mlb,161,-1.5,0.3672976422026817
cmruznr69052hiw178n6w49jn,2026-07-21T23:30:13.329Z,2026-07-23T03:14:08.478Z,55,LOSS,SPREAD,Seattle Mariners -1.5,-1.5,FREE,v5.1.0,-1.5,,-1.5,,POINTS,0,MATCHED_CLOSE,MLB,baseball_mlb,126,-1.5,0.4238940809901474
cmruznr8f052niw17uunljzb4,2026-07-21T23:30:13.407Z,2026-07-23T08:42:44.706Z,59,LOSS,SPREAD,Miami Marlins -1.4,1.375,FREE,v5.1.0,1.5,,0.4090909090909091,,POINTS,-1.0909,LOST_TO_CLOSE,MLB,baseball_mlb,165,1.5,0.3617541430654022
cmruznrak052tiw178rg6ftha,2026-07-21T23:30:13.484Z,2026-07-23T04:14:56.243Z,56,LOSS,TOTAL,OVER 8.5,8.5,FREE,v5.1.0,9.2,,8.590909090909092,,POINTS,-0.6091,LOST_TO_CLOSE,MLB,baseball_mlb,-31,9.2,0.5035951362921027
cmrv0qci006npiw17nf7fyoea,2026-07-22T00:00:13.896Z,2026-07-23T08:42:44.484Z,100,LOSS,SPREAD,Chicago Cubs -1.5,-1.5,PREMIUM,v5.1.0,-1.5,,-1.5,,POINTS,0,MATCHED_CLOSE,MLB,baseball_mlb,164,-1.5,0.3630883738967656
cmrv1sx3d00qhyjc8ng6az9hw,2026-07-22T00:30:13.513Z,2026-07-23T03:14:08.259Z,56,WIN,TOTAL,UNDER 8.7,8.666666666666666,FREE,v5.1.0,11.5,,11.5,,POINTS,0,MATCHED_CLOSE,MLB,baseball_mlb,-116,11.5,0.5130222007785453
cmrv1sxer00rfyjc8bpunl6m5,2026-07-22T00:30:13.923Z,2026-07-23T08:42:43.690Z,54,LOSS,TOTAL,OVER 7.6,7.5625,FREE,v5.1.0,8.666666666666666,,9,,POINTS,0.3333,BEAT_CLOSE,MLB,baseball_mlb,-84,8.666666666666666,0.515323992566654
cmrv1sxu300spyjc8cbxpl60g,2026-07-22T00:30:14.475Z,2026-07-23T04:14:55.969Z,74,WIN,TOTAL,OVER 13.8,13.8125,PREMIUM,v5.1.0,9.071428571428571,,8.636363636363637,,POINTS,-0.4351,LOST_TO_CLOSE,MLB,baseball_mlb,-114,9.071428571428571,0.5088796356112982
cmrv1sxw700svyjc8cnt7y8hz,2026-07-22T00:30:14.551Z,2026-07-23T08:42:43.690Z,82,LOSS,SPREAD,Boston Red Sox -1.5,-1.5,PREMIUM,v5.1.0,-1.5,,-1.5,,POINTS,0,MATCHED_CLOSE,MLB,baseball_mlb,121,-1.5,0.4339862669895068
cmrv2vjtj02gzyjc8w1mheken,2026-07-22T01:00:15.895Z,2026-07-23T03:14:07.638Z,56,LOSS,SPREAD,San Francisco Giants -1.4,1.375,FREE,v5.1.0,1.5,,1.5,,POINTS,0,MATCHED_CLOSE,MLB,baseball_mlb,141,1.5,0.3975399846962878
cmrv3y1ts0455yjc8ij7mmjt0,2026-07-22T01:30:12.160Z,2026-07-23T08:42:44.484Z,63,WIN,TOTAL,UNDER 5.6,5.625,FREE,v5.1.0,8.071428571428571,,8,,POINTS,0.0714,BEAT_CLOSE,MLB,baseball_mlb,-115,8.071428571428571,0.5105513894769872
cmrv3y5y204tyyjc8ugkwkfiv,2026-07-22T01:30:17.498Z,2026-08-06T16:17:18.854Z,54,LOSS,SPREAD,Vancouver Whitecaps FC -0.5,0.5,FREE,v5.1.0,0.5,,0.5,,POINTS,0,MATCHED_CLOSE,MLS,soccer_usa_mls,-4,0.5,0.4801802327253181
cmrv3y7k804zgyjc8dip11l1i,2026-07-22T01:30:19.593Z,2026-08-06T16:17:18.854Z,58,LOSS,SPREAD,Real Salt Lake 0.0,0,FREE,v5.1.0,-0.125,,0,,POINTS,0.125,BEAT_CLOSE,MLS,soccer_usa_mls,-16,-0.125,0.4985595039640485
cmrv3y8bg0520yjc8z5u3zflp,2026-07-22T01:30:20.572Z,2026-08-06T16:17:18.854Z,50,WIN,MONEYLINE,Columbus Crew SC ML (+102),102,FREE,v5.1.0,,-135,,117,PROBABILITY,-0.1136,LOST_TO_CLOSE,MLS,soccer_usa_mls,-135,-135,0.7001881020102019
cmrv3y8lr0530yjc8qkxt4e2f,2026-07-22T01:30:20.943Z,2026-08-06T16:17:18.854Z,52,LOSS,MONEYLINE,San Jose Earthquakes ML (-116),-116,FREE,v5.1.0,,-149,,-116,PROBABILITY,-0.0614,LOST_TO_CLOSE,MLS,soccer_usa_mls,-149,-149,0.7260587885399876
cmrv71l4g02ioq71gkvztacx7,2026-07-22T02:56:55.984Z,2026-07-23T04:14:55.969Z,52,LOSS,SPREAD,Athletics -1.5,1.5,FREE,v5.1.0,1.5,,-1.5,,POINTS,-3,LOST_TO_CLOSE,MLB,baseball_mlb,158,1.5,0.3707567559756223
cmrvbg7hr00rzuak2lnibnomk,2026-07-22T05:00:16.623Z,2026-07-22T08:39:38.740Z,55,WIN,MONEYLINE,Tampa Bay Rays ML (-3905),-3905,FREE,v5.1.0,,-813,,-108,PROBABILITY,-0.3712,LOST_TO_CLOSE,MLB,baseball_mlb,-813,-813,0.8389580830991245
cmrvbg7k600s5uak2az6w1u50,2026-07-22T05:00:16.710Z,2026-07-23T01:24:24.375Z,66,WIN,SPREAD,Boston Red Sox -2.5,-2.5,FREE,v5.1.0,-1.5,,-1.5,,POINTS,0,MATCHED_CLOSE,MLB,baseball_mlb,149,-1.5,0.3853053553365463
cmrvciq1h02hfuak2htnjz6sm,2026-07-22T05:30:13.589Z,2026-07-22T08:39:39.514Z,50,WIN,MONEYLINE,Chicago Cubs ML (-1845),-1845,FREE,v5.1.0,,-1845,,-119,PROBABILITY,-0.4052,LOST_TO_CLOSE,MLB,baseball_mlb,-1845,-1845,0.8943797736395132
cmrvdlbr5045auak2qsf7p65s,2026-07-22T06:00:14.657Z,2026-07-23T08:42:42.888Z,50,WIN,SPREAD,Los Angeles Dodgers -3.5,3.5,FREE,v5.1.0,1.5,,1.5,,POINTS,0,MATCHED_CLOSE,MLB,baseball_mlb,132,1.5,0.4132330910770014
cmrvdlbsx045guak203kcpdc4,2026-07-22T06:00:14.721Z,2026-07-22T08:39:38.562Z,54,WIN,MONEYLINE,Cleveland Guardians ML (-1528),-1528,FREE,v5.1.0,,-1528,,-155,PROBABILITY,-0.3307,LOST_TO_CLOSE,MLB,baseball_mlb,-1528,-1528,0.885506423986001
cmrvenuqp05u8uak295dr9zh7,2026-07-22T06:30:12.194Z,2026-07-22T08:39:38.901Z,50,WIN,MONEYLINE,San Diego Padres ML (-1852),-1852,FREE,v5.1.0,,-1852,,125,PROBABILITY,-0.5043,LOST_TO_CLOSE,MLB,baseball_mlb,-1852,-1852,0.8970276692766364
cmrvffbs407h2uak2mrtcuich,2026-07-22T06:51:33.988Z,2026-07-22T11:40:28.552Z,53,WIN,MONEYLINE,Arizona Diamondbacks ML (-610),-610,FREE,v5.1.0,,-169,,-136,PROBABILITY,-0.052,LOST_TO_CLOSE,MLB,baseball_mlb,-169,-169,0.5977311543078717
cmrvffbvl07heuak2bladtd9m,2026-07-22T06:51:34.113Z,2026-07-22T08:39:39.806Z,50,WIN,MONEYLINE,Houston Astros ML (-3600),-3600,FREE,v5.1.0,,-2163,,-123,PROBABILITY,-0.4042,LOST_TO_CLOSE,MLB,baseball_mlb,-2163,-2163,0.9034929271607803
cmrvgszx702al12yslrm7h28f,2026-07-22T07:30:11.419Z,2026-07-23T01:24:23.988Z,50,WIN,TOTAL,UNDER 9.5,9.5,FREE,v5.1.0,9.5,,9.5,,POINTS,0,MATCHED_CLOSE,MLB,baseball_mlb,-115,9.5,0.5112515481060892
cmrvgt08f02bl12yszva5dfdr,2026-07-22T07:30:11.823Z,2026-07-22T11:40:28.345Z,52,WIN,MONEYLINE,Los Angeles Angels ML (-5020),-5020,FREE,v5.1.0,,-2139,,-121,PROBABILITY,-0.4078,LOST_TO_CLOSE,MLB,baseball_mlb,-2139,-2139,0.9025634668736117
cmrvgt0a902br12yshsqqfv2k,2026-07-22T07:30:11.890Z,2026-07-22T08:39:39.076Z,50,WIN,MONEYLINE,Kansas City Royals ML (-2006),-2006,FREE,v5.1.0,,-2006,,-107,PROBABILITY,-0.4356,LOST_TO_CLOSE,MLB,baseball_mlb,-2006,-2006,0.9007397482295322
cmrvhvm3v03t112ysyn11cvs0,2026-07-22T08:00:13.099Z,2026-07-23T08:42:43.413Z,69,LOSS,TOTAL,OVER 9.0,9,FREE,v5.1.0,8.583333333333334,,9,,POINTS,0.4167,BEAT_CLOSE,MLB,baseball_mlb,-79,8.583333333333334,0.5060857241128841
cmrvhvmc003th12ysz47kua7u,2026-07-22T08:00:13.392Z,2026-07-23T08:42:43.413Z,61,WIN,SPREAD,New York Yankees -1.5,-1.5,FREE,v5.1.0,-1.5,,-1.5,,POINTS,0,MATCHED_CLOSE,MLB,baseball_mlb,117,-1.5,0.4415705416598869
cmrviy6ko05e212ys94o1o70k,2026-07-22T08:30:12.552Z,2026-07-23T08:42:43.114Z,52,WIN,SPREAD,Tampa Bay Rays -1.5,1.5,FREE,v5.1.0,1.5,,0.1363636363636364,,POINTS,-1.3636,LOST_TO_CLOSE,MLB,baseball_mlb,161,1.5,0.3686918756642354
cmrviy6xy05f612ysc97oe8yq,2026-07-22T08:30:13.030Z,2026-07-23T01:24:23.988Z,52,LOSS,MONEYLINE,New York Yankees ML (-356),-356,FREE,v5.1.0,,-161,,-195,PROBABILITY,0.0442,BEAT_CLOSE,MLB,baseball_mlb,-161,-161,0.5943383926480686
cmrvk0r6p06zf12ysgelip1w8,2026-07-22T09:00:12.193Z,2026-07-23T08:42:43.114Z,53,LOSS,TOTAL,OVER 6.8,6.8125,FREE,v5.1.0,8.5,,7.636363636363637,,POINTS,-0.8636,LOST_TO_CLOSE,MLB,baseball_mlb,-110,8.5,0.5009278577355498
cmrvk0rp7071312ys2e48mk8k,2026-07-22T09:00:12.859Z,2026-07-23T08:42:43.983Z,66,WIN,TOTAL,OVER 11.4,11.35714285714286,FREE,v5.1.0,8.714285714285714,,8.5,,POINTS,-0.2143,LOST_TO_CLOSE,MLB,baseball_mlb,-55,8.714285714285714,0.5031601337315916
cmrvl3d3000mwpy97x6bmlfwo,2026-07-22T09:30:13.500Z,2026-07-23T01:24:24.375Z,69,LOSS,TOTAL,OVER 11.6,11.5625,FREE,v5.1.0,9.2,,9.5,,POINTS,0.3,BEAT_CLOSE,MLB,baseball_mlb,-90,9.2,0.5000645418371026
cmrvl3d7600n8py97emkpgxb1,2026-07-22T09:30:13.651Z,2026-07-23T08:42:43.413Z,55,WIN,MONEYLINE,New York Yankees ML (-2015),-2015,FREE,v5.1.0,,-172,,-184,PROBABILITY,0.0155,BEAT_CLOSE,MLB,baseball_mlb,-172,-172,0.6078939227212473
cmrvl3jet01iopy97klko9rfb,2026-07-22T09:30:21.701Z,2026-07-23T11:38:11.916Z,52,WIN,MONEYLINE,Colorado Rapids ML (+305),305,FREE,v5.1.0,,101,,-108,PROBABILITY,0.0217,BEAT_CLOSE,MLS,soccer_usa_mls,101,101,0.616700689796556
cmrvm5wi40225py975eiv77vh,2026-07-22T10:00:11.596Z,2026-07-23T08:42:43.983Z,70,LOSS,SPREAD,San Diego Padres -1.5,1.5,PREMIUM,v5.1.0,1.5,,0.3,,POINTS,-1.2,LOST_TO_CLOSE,MLB,baseball_mlb,162,1.5,0.365628502887662
cmrw3b7g806oj62xdkh940yka,2026-07-22T18:00:12.536Z,2026-07-23T04:14:56.243Z,51,LOSS,SPREAD,Los Angeles Angels -1.5,-1.5,FREE,v5.1.0,-0.9545454545454546,,-1.5,,POINTS,0.5455,BEAT_CLOSE,MLB,baseball_mlb,98,-0.9545454545454546,0.413145232512201
cmrwe125f03lcy9365c02svvl,2026-07-22T23:00:14.883Z,2026-07-23T01:24:24.375Z,54,WIN,MONEYLINE,Boston Red Sox ML (-3615),-3615,FREE,v5.1.0,,-1696,,-164,PROBABILITY,-0.3231,LOST_TO_CLOSE,MLB,baseball_mlb,-1696,-1696,0.8908206596825465
cmrwg4yv506oby936ff2b22gx,2026-07-22T23:59:16.481Z,2026-07-24T01:18:31.746Z,57,LOSS,SPREAD,Atlanta Braves -1.6,-1.625,FREE,v5.1.0,-1.5,,-1.5,,POINTS,0,MATCHED_CLOSE,MLB,baseball_mlb,-2,-1.5,0.4833447102328253
cmrwg4yzf06ony936bwrxboh9,2026-07-22T23:59:16.635Z,2026-07-24T03:12:16.277Z,64,LOSS,SPREAD,Cleveland Guardians -1.4,-1.357142857142857,FREE,v5.1.0,-1.5,,-1.45,,POINTS,-0.05,LOST_TO_CLOSE,MLB,baseball_mlb,168,-1.5,0.3573573679986251
cmrwg4z1g06oty9361r5aixna,2026-07-22T23:59:16.709Z,2026-07-24T03:12:16.611Z,52,LOSS,TOTAL,OVER 5.8,5.75,FREE,v5.1.0,8.5,,8.5,,POINTS,0,MATCHED_CLOSE,MLB,baseball_mlb,-113,8.5,0.5084916203843556
cmrwg4z3f06ozy9367o4aemyr,2026-07-22T23:59:16.779Z,2026-07-24T08:38:27.507Z,59,LOSS,TOTAL,OVER 8.5,8.454545454545455,FREE,v5.1.0,7.75,,8.5,,POINTS,0.75,BEAT_CLOSE,MLB,baseball_mlb,-115,7.75,0.512249539546728
cmrwh8ryd00nfzfaau6dlrocv,2026-07-23T00:30:13.765Z,2026-07-24T03:12:16.611Z,74,LOSS,SPREAD,Tampa Bay Rays -1.5,1.5,PREMIUM,v5.1.0,1.5,,1.5,,POINTS,0,MATCHED_CLOSE,MLB,baseball_mlb,150,1.5,0.3828228971613072
cmrwh8s1100nlzfaaksrot81s,2026-07-23T00:30:13.861Z,2026-07-24T08:38:27.507Z,59,LOSS,SPREAD,Detroit Tigers -1.4,-1.375,FREE,v5.1.0,-1.5,,-1.5,,POINTS,0,MATCHED_CLOSE,MLB,baseball_mlb,110,-1.5,0.4561352070828456
cmrwh8s4o00nvzfaadyywucic,2026-07-23T00:30:13.992Z,2026-07-23T03:14:07.966Z,53,WIN,MONEYLINE,Milwaukee Brewers ML (-1998),-1998,FREE,v5.1.0,,-951,,-156,PROBABILITY,-0.2955,LOST_TO_CLOSE,MLB,baseball_mlb,-951,-951,0.8526650082757015
cmrwh8s7100o1zfaaifrnbvln,2026-07-23T00:30:14.077Z,2026-07-24T03:12:16.277Z,67,WIN,TOTAL,UNDER 4.5,4.5,FREE,v5.1.0,7.8,,7.363636363636363,,POINTS,0.4364,BEAT_CLOSE,MLB,baseball_mlb,-76,7.8,0.5121559597106413
cmrwjdwir00qyxv8ogerux8co,2026-07-23T01:30:12.195Z,2026-07-24T08:38:27.026Z,71,LOSS,TOTAL,UNDER 7.5,7.5,PREMIUM,v5.1.0,8.5,,7.5,,POINTS,1,BEAT_CLOSE,MLB,baseball_mlb,-118,8.5,0.5190125885996668
cmrwjdwso00roxv8ozgu1ki6y,2026-07-23T01:30:12.552Z,2026-07-23T03:14:07.638Z,53,WIN,MONEYLINE,Kansas City Royals ML (-6317),-6317,FREE,v5.1.0,,-6317,,114,PROBABILITY,-0.5171,LOST_TO_CLOSE,MLB,baseball_mlb,-6317,-6317,0.9424186396324487
cmrwlj29d00jo9a4wv56jo2r7,2026-07-23T02:30:12.145Z,2026-07-24T08:38:27.026Z,62,LOSS,SPREAD,St. Louis Cardinals -2.4,-2.375,FREE,v5.1.0,-1.5,,-0.9545454545454546,,POINTS,-0.5455,LOST_TO_CLOSE,MLB,baseball_mlb,162,-1.5,0.3655797785983468
cmrwptc9e04r8jqa1rd9ll1td,2026-07-23T04:30:10.130Z,2026-07-23T08:42:43.690Z,64,WIN,MONEYLINE,Baltimore Orioles ML (-6572),-6572,FREE,v5.1.0,,-473,,110,PROBABILITY,-0.3493,LOST_TO_CLOSE,MLB,baseball_mlb,-473,-473,0.7765053466494147
cmrwt152r00fniklfblhuihub,2026-07-23T06:00:12.915Z,2026-07-24T01:18:31.746Z,64,WIN,TOTAL,OVER 10.8,10.8125,FREE,v5.1.0,8.045454545454545,,8,,POINTS,-0.0455,LOST_TO_CLOSE,MLB,baseball_mlb,-91,8.045454545454545,0.4971264372962895
cmrwt155m00ftiklf37y1zu8s,2026-07-23T06:00:13.018Z,2026-07-23T08:42:43.114Z,53,WIN,MONEYLINE,Tampa Bay Rays ML (-1026),-1026,FREE,v5.1.0,,-1875,,-107,PROBABILITY,-0.4325,LOST_TO_CLOSE,MLB,baseball_mlb,-1875,-1875,0.8948276991867299
cmrwt15cv00gfiklf18mkr5r7,2026-07-23T06:00:13.279Z,2026-07-23T08:42:42.509Z,50,WIN,MONEYLINE,Minnesota Twins ML (-1768),-1768,FREE,v5.1.0,,-1768,,123,PROBABILITY,-0.498,LOST_TO_CLOSE,MLB,baseball_mlb,-1768,-1768,0.8928467848557098
cmrwu3sve010n30s8xyvlxvf6,2026-07-23T06:30:16.683Z,2026-08-06T16:29:27.689Z,50,WIN,TOTAL,UNDER 3.5,3.5,FREE,v5.1.0,3.5,,3.5,,POINTS,0,MATCHED_CLOSE,MLS,soccer_usa_mls,-126,3.5,0.5265338367517938
cmrwu3tqh013n30s8afqvcvzg,2026-07-23T06:30:17.801Z,2026-08-06T16:17:18.854Z,52,LOSS,TOTAL,OVER 3.1,3.142857142857143,FREE,v5.1.0,3.2,,3.142857142857143,,POINTS,-0.0571,LOST_TO_CLOSE,MLS,soccer_usa_mls,-18,3.2,0.4696668324714291
cmrww8tbz025pjk2ln984c3ip,2026-07-23T07:30:09.791Z,2026-07-23T08:42:44.201Z,53,WIN,MONEYLINE,Chicago White Sox ML (-1173),-1173,FREE,v5.1.0,,-1173,,-121,PROBABILITY,-0.3739,LOST_TO_CLOSE,MLB,baseball_mlb,-1173,-1173,0.870308986966697
cmrwye1v600l1jlz1z01ipxk0,2026-07-23T08:30:13.362Z,2026-07-23T11:38:12.617Z,54,WIN,MONEYLINE,St. Louis City SC ML (-18798),-18798,FREE,v5.1.0,,-293,,204,PROBABILITY,-0.4166,LOST_TO_CLOSE,MLS,soccer_usa_mls,-293,-293,0.8482669060863955
cmrwzgnhz00ko8y5ztwr8ipoq,2026-07-23T09:00:14.327Z,2026-07-23T11:38:12.278Z,58,LOSS,MONEYLINE,FC Dallas ML (-168),-168,FREE,v5.1.0,,-193,,198,PROBABILITY,-0.3231,LOST_TO_CLOSE,MLS,soccer_usa_mls,-193,-193,0.8274754879899636
cmrx1lu8z00lcebmt05qgjm8w,2026-07-23T10:00:15.587Z,2026-08-06T16:17:18.854Z,54,WIN,SPREAD,San Diego FC -0.5,-0.45,FREE,v5.1.0,-0.45,,-0.05,,POINTS,-0.4,LOST_TO_CLOSE,MLS,soccer_usa_mls,18,-0.45,0.4775583099328911
cmrx1luk300m8ebmtqb2i72nl,2026-07-23T10:00:15.988Z,2026-08-06T16:17:18.854Z,50,LOSS,MONEYLINE,Vancouver Whitecaps FC ML (-100),-100,FREE,v5.1.0,,-113,,-100,PROBABILITY,-0.0305,LOST_TO_CLOSE,MLS,soccer_usa_mls,-113,-113,0.6600337292110505
cmrxa6ghr02ek2q6l17hin1ba,2026-07-23T14:00:14.463Z,2026-08-06T16:17:18.854Z,55,LOSS,TOTAL,OVER 2.8,2.785714285714286,FREE,v5.1.0,2.928571428571428,,2.785714285714286,,POINTS,-0.1429,LOST_TO_CLOSE,MLS,soccer_usa_mls,-97,2.928571428571428,0.514692766301855
cmrxa6gqq02f82q6l3tpvx50z,2026-07-23T14:00:14.786Z,2026-08-06T16:17:18.854Z,55,WIN,TOTAL,UNDER 3.2,3.214285714285714,FREE,v5.1.0,3.5,,3.178571428571428,,POINTS,0.3214,BEAT_CLOSE,MLS,soccer_usa_mls,-123,3.5,0.5189603100420825
cmrxglz4r019u10lggayq8uht,2026-07-23T17:00:16.155Z,2026-08-06T16:17:18.854Z,50,WIN,MONEYLINE,New England Revolution ML (+107),107,FREE,v5.1.0,,103,,112,PROBABILITY,-0.0209,LOST_TO_CLOSE,MLS,soccer_usa_mls,103,103,0.6233857389147699
cmrxglz7n01a010lghbvpqrsr,2026-07-23T17:00:16.259Z,2026-08-06T16:17:18.854Z,50,WIN,MONEYLINE,D.C. United ML (+104),104,FREE,v5.1.0,,105,,104,PROBABILITY,0.0024,MATCHED_CLOSE,MLS,soccer_usa_mls,105,105,0.6237538617056598
cmrxglza701a610lgq7ppwp11,2026-07-23T17:00:16.351Z,2026-08-06T16:17:18.854Z,51,WIN,MONEYLINE,St. Louis City SC ML (-103),-103,FREE,v5.1.0,,101,,-103,PROBABILITY,0.0099,BEAT_CLOSE,MLS,soccer_usa_mls,101,101,0.6209594545209668
cmrxujer002d32g97ccp4pvfz,2026-07-23T23:30:11.052Z,2026-07-25T04:13:46.672Z,60,LOSS,SPREAD,Milwaukee Brewers -1.5,-1.5,FREE,v5.1.0,-1.5,,-1.5,,POINTS,0,MATCHED_CLOSE,MLB,baseball_mlb,-39,-1.5,0.4916693190156444
cmrxujex102df2g97vltdquth,2026-07-23T23:30:11.269Z,2026-07-25T08:35:23.488Z,68,LOSS,SPREAD,Detroit Tigers -1.5,-1.5,FREE,v5.1.0,-1.5,,-1.5,,POINTS,0,MATCHED_CLOSE,MLB,baseball_mlb,-42,-1.5,0.4989235921822408
cmrxujf4x02dx2g97vj8rn8a3,2026-07-23T23:30:11.553Z,2026-07-25T04:13:46.672Z,59,WIN,TOTAL,UNDER 7.5,7.5,FREE,v5.1.0,8.5,,8.5,,POINTS,0,MATCHED_CLOSE,MLB,baseball_mlb,-115,8.5,0.5126643109386233
cmrxujf7m02e32g971ja9qfek,2026-07-23T23:30:11.650Z,2026-07-25T08:35:23.742Z,67,LOSS,SPREAD,Arizona Diamondbacks -1.4,1.4375,FREE,v5.1.0,1.5,,1.454545454545455,,POINTS,-0.0455,LOST_TO_CLOSE,MLB,baseball_mlb,133,1.5,0.409769499788263
cmrxvm0dv00dr129fodnhyho2,2026-07-24T00:00:12.019Z,2026-07-25T08:35:25.473Z,93,LOSS,SPREAD,Chicago White Sox -4.5,-4.5,PREMIUM,v5.1.0,-1.5,,-1.5,,POINTS,0,MATCHED_CLOSE,MLB,baseball_mlb,146,-1.5,0.3898128655189486
cmrxvm0p700er129f5yblbyp9,2026-07-24T00:00:12.427Z,2026-07-25T08:35:23.244Z,53,LOSS,TOTAL,OVER 6.5,6.5,FREE,v5.1.0,8.142857142857142,,8,,POINTS,-0.1429,LOST_TO_CLOSE,MLB,baseball_mlb,-80,8.142857142857142,0.4970833116741376
cmrxvm0s700f1129f6kbizw1r,2026-07-24T00:00:12.535Z,2026-07-25T08:35:24.511Z,67,WIN,SPREAD,Tampa Bay Rays -7.8,-7.833333333333333,FREE,v5.1.0,-1.5,,-1.5,,POINTS,0,MATCHED_CLOSE,MLB,baseball_mlb,160,-1.5,0.3688242921440535
cmrxvm0v900fd129fezrqropk,2026-07-24T00:00:12.645Z,2026-07-25T08:35:26.134Z,51,LOSS,SPREAD,St. Louis Cardinals -1.5,-1.454545454545455,FREE,v5.1.0,-1.5,,-1.5,,POINTS,0,MATCHED_CLOSE,MLB,baseball_mlb,129,-1.5,0.4186234025303806
cmrxvm0xb00fj129fx0je5c3e,2026-07-24T00:00:12.719Z,2026-07-25T08:35:25.742Z,56,WIN,TOTAL,OVER 8.6,8.625,FREE,v5.1.0,7.5,,7.5,,POINTS,0,MATCHED_CLOSE,MLB,baseball_mlb,-110,7.5,0.5014141555142276
cmrxvm0yu00fp129fgdec2qeb,2026-07-24T00:00:12.775Z,2026-07-25T08:35:25.942Z,61,LOSS,SPREAD,Minnesota Twins -1.5,-1.5,FREE,v5.1.0,-1.5,,-1.5,,POINTS,0,MATCHED_CLOSE,MLB,baseball_mlb,141,-1.5,0.3991595511055209
cmrxwokev029d129fn1hgsf8s,2026-07-24T00:30:10.903Z,2026-07-25T08:35:24.995Z,65,LOSS,SPREAD,Miami Marlins -1.5,-1.5,FREE,v5.1.0,-1.5,,-0.9545454545454546,,POINTS,-0.5455,LOST_TO_CLOSE,MLB,baseball_mlb,149,-1.5,0.3860495762364138
cmrxwokkw029t129fc4ojkzbq,2026-07-24T00:30:11.120Z,2026-07-25T08:35:25.473Z,59,LOSS,TOTAL,UNDER 8.4,8.375,FREE,v5.1.0,8.5,,8.909090909090908,,POINTS,-0.4091,LOST_TO_CLOSE,MLB,baseball_mlb,-116,8.5,0.5135210677553652
cmrxwokq402a9129fnnf6j3i4,2026-07-24T00:30:11.308Z,2026-07-25T08:35:24.776Z,61,WIN,SPREAD,Los Angeles Dodgers -2.5,2.5,FREE,v5.1.0,1.5,,1.5,,POINTS,0,MATCHED_CLOSE,MLB,baseball_mlb,109,1.5,0.4587425971448912
cmrxwoktl02aj129fsqadgzi2,2026-07-24T00:30:11.433Z,2026-07-25T11:26:57.603Z,57,LOSS,SPREAD,San Francisco Giants -0.6,-0.6428571428571429,FREE,v5.1.0,-1.5,,-1.454545454545455,,POINTS,-0.0455,LOST_TO_CLOSE,MLB,baseball_mlb,131,-1.5,0.4158626260949299
cmrxxr6ke0383129fya47qulo,2026-07-24T01:00:12.542Z,2026-07-25T08:35:24.776Z,66,WIN,TOTAL,UNDER 6.5,6.5,FREE,v5.1.0,9,,9,,POINTS,0,MATCHED_CLOSE,MLB,baseball_mlb,-115,9,0.5108672125723978
cmrxxr73p039l129fhqv07i6k,2026-07-24T01:00:13.237Z,2026-07-25T08:35:26.134Z,64,WIN,TOTAL,UNDER 6.5,6.5,FREE,v5.1.0,8.5,,8,,POINTS,0.5,BEAT_CLOSE,MLB,baseball_mlb,-115,8.5,0.5123495888497617
cmrxxr75r039r129ff6rq5bm8,2026-07-24T01:00:13.311Z,2026-07-25T11:26:57.603Z,67,WIN,TOTAL,OVER 13.2,13.1875,FREE,v5.1.0,8,,8.227272727272727,,POINTS,0.2273,BEAT_CLOSE,MLB,baseball_mlb,-113,8,0.5075273528704691
cmrxxr77q039x129f32wgfnpn,2026-07-24T01:00:13.383Z,2026-07-25T08:35:25.742Z,59,LOSS,SPREAD,Seattle Mariners -1.5,1.5,FREE,v5.1.0,1.5,,1.5,,POINTS,0,MATCHED_CLOSE,MLB,baseball_mlb,144,1.5,0.391981809616152
cmrxytqik04ed129fo6anz80o,2026-07-24T01:30:11.324Z,2026-07-25T08:35:23.994Z,65,WIN,TOTAL,UNDER 1.7,1.7,FREE,v5.1.0,8,,7.5,,POINTS,0.5,BEAT_CLOSE,MLB,baseball_mlb,-115,8,0.51133403358155
cmrxyywdb05fh129fu8hhmv2u,2026-07-24T01:34:12.191Z,2026-07-25T08:35:25.207Z,68,WIN,TOTAL,OVER 10.4,10.35714285714286,FREE,v5.1.0,8.5,,8.772727272727273,,POINTS,0.2727,BEAT_CLOSE,MLB,baseball_mlb,-112,8.5,0.5045143960189116
cmrxzwcez00f6oqsvezmyc5t9,2026-07-24T02:00:12.635Z,2026-07-25T08:35:25.207Z,87,WIN,SPREAD,Boston Red Sox -1.5,-1.5,PREMIUM,v5.1.0,-1.5,,-1.5,,POINTS,0,MATCHED_CLOSE,MLB,baseball_mlb,169,-1.5,0.3559804203019347
cmry0ywbu00i9knnhru28zyta,2026-07-24T02:30:11.370Z,2026-07-25T08:35:23.742Z,67,WIN,TOTAL,UNDER 5.7,5.666666666666667,FREE,v5.1.0,9.5,,9.409090909090908,,POINTS,0.0909,BEAT_CLOSE,MLB,baseball_mlb,-114,9.5,0.5095473946372343
cmry0ywjs00ixknnhgu2z79g3,2026-07-24T02:30:11.657Z,2026-07-25T08:35:23.488Z,65,WIN,TOTAL,UNDER 3.9,3.9,FREE,v5.1.0,7.8,,7.5,,POINTS,0.3,BEAT_CLOSE,MLB,baseball_mlb,-30,7.8,0.4991405776223894
cmry1yibb00g42baa1ez1pmrn,2026-07-24T02:57:52.824Z,2026-07-25T08:35:24.511Z,71,LOSS,TOTAL,UNDER 6.3,6.3125,PREMIUM,v5.1.0,7.5,,7.272727272727272,,POINTS,0.2273,BEAT_CLOSE,MLB,baseball_mlb,-115,7.5,0.5108672125723976
cmry1yiou00he2baa5yke2twb,2026-07-24T02:57:53.310Z,2026-07-25T08:35:25.942Z,68,WIN,TOTAL,UNDER 2.6,2.642857142857143,FREE,v5.1.0,9.5,,9.545454545454545,,POINTS,-0.0455,LOST_TO_CLOSE,MLB,baseball_mlb,-91,9.5,0.5026401631203608
cmry1yisi00hq2baa6gisvpli,2026-07-24T02:57:53.442Z,2026-07-25T08:35:24.247Z,62,WIN,TOTAL,OVER 10.5,10.5,FREE,v5.1.0,9,,8.5,,POINTS,-0.5,LOST_TO_CLOSE,MLB,baseball_mlb,-112,9,0.503242014875833
cmry3431i01r55cu9fbdm8fnj,2026-07-24T03:30:12.582Z,2026-07-25T08:35:23.994Z,50,LOSS,SPREAD,Philadelphia Phillies -0.8,-0.75,FREE,v5.1.0,-0.9,,-1.5,,POINTS,0.6,BEAT_CLOSE,MLB,baseball_mlb,90,-0.9,0.4205739078257606
cmry3434601rb5cu94wwwb5bo,2026-07-24T03:30:12.678Z,2026-07-25T08:35:24.995Z,63,WIN,TOTAL,UNDER 6.5,6.5,FREE,v5.1.0,9,,9,,POINTS,0,MATCHED_CLOSE,MLB,baseball_mlb,-115,9,0.5102772604479381
cmry40a7600kx2pw7p2kzz18j,2026-07-24T03:55:14.850Z,2026-07-24T08:38:27.026Z,58,WIN,MONEYLINE,Arizona Diamondbacks ML (-6717),-6717,FREE,v5.1.0,,-403,,103,PROBABILITY,-0.3086,LOST_TO_CLOSE,MLB,baseball_mlb,-403,-403,0.7533752828109483
cmry40adx00lf2pw7f050liku,2026-07-24T03:55:15.093Z,2026-07-25T08:35:24.247Z,65,LOSS,SPREAD,Atlanta Braves -3.5,3.5,FREE,v5.1.0,1.5,,-1.5,,POINTS,-3,LOST_TO_CLOSE,MLB,baseball_mlb,160,1.5,0.3680122151416338
cmrylc0fm02s6nn58kgegylqr,2026-07-24T12:00:15.538Z,2026-07-25T08:35:23.244Z,64,LOSS,SPREAD,Pittsburgh Pirates -1.4,-1.4375,FREE,v5.1.0,-0.9545454545454546,,0.4090909090909091,,POINTS,-1.3636,LOST_TO_CLOSE,MLB,baseball_mlb,102,-0.9545454545454546,0.4082201602528533
cmrz4mima05ej5nec2pkfh6wy,2026-07-24T21:00:18.370Z,2026-08-06T16:17:18.854Z,54,WIN,MONEYLINE,Philadelphia Union ML (-126),-126,FREE,v5.1.0,,104,,-126,PROBABILITY,0.0673,BEAT_CLOSE,MLS,soccer_usa_mls,104,104,0.6181709236121425
cmrz8wqhh0521df3epfzvz4fa,2026-07-24T23:00:13.589Z,2026-07-26T04:07:54.620Z,68,WIN,SPREAD,Washington Nationals -2.4,-2.4375,FREE,v5.1.0,-1.5,,-1.5,,POINTS,0,MATCHED_CLOSE,MLB,baseball_mlb,149,-1.5,0.3858810641376212
cmrz8wqjy0527df3ee4g1qxml,2026-07-24T23:00:13.678Z,2026-08-06T16:17:12.093Z,52,LOSS,SPREAD,Miami Marlins -1.0,-1,FREE,v5.1.0,-1.5,,-1.5,,POINTS,0,MATCHED_CLOSE,MLB,baseball_mlb,159,-1.5,0.3700438897887895
cmrz8wqlu052ddf3eol4oephh,2026-07-24T23:00:13.746Z,2026-07-26T02:06:05.727Z,60,LOSS,SPREAD,Detroit Tigers -1.5,-1.5,FREE,v5.1.0,-1.5,,-1.5,,POINTS,0,MATCHED_CLOSE,MLB,baseball_mlb,113,-1.5,0.4500157628475404
cmrz8wqnp052jdf3erfw48yw8,2026-07-24T23:00:13.813Z,2026-08-06T16:17:12.093Z,78,WIN,SPREAD,New York Yankees -1.5,1.5,PREMIUM,v5.1.0,1.5,,1.5,,POINTS,0,MATCHED_CLOSE,MLB,baseball_mlb,138,1.5,0.4018652057934629
cmrz9zbou00o2dppkyyw3qy4v,2026-07-24T23:30:13.999Z,2026-08-06T16:17:12.093Z,71,WIN,SPREAD,Milwaukee Brewers -1.5,-1.5,PREMIUM,v5.1.0,-1.5,,-1.5,,POINTS,0,MATCHED_CLOSE,MLB,baseball_mlb,-37,-1.5,0.4865210951311578
cmrz9zcxz00rgdppkaca07lav,2026-07-24T23:30:15.624Z,2026-08-06T16:17:12.093Z,50,LOSS,SPREAD,Pittsburgh Pirates -1.2,-1.227272727272727,FREE,v5.1.0,-1.5,,-0.9545454545454546,,POINTS,-0.5455,LOST_TO_CLOSE,MLB,baseball_mlb,154,-1.5,0.3777013838710075
cmrzatapu00qsbgxovael4duc,2026-07-24T23:53:32.418Z,2026-08-06T16:17:12.093Z,50,LOSS,TOTAL,OVER 8.0,8,FREE,v5.1.0,7.571428571428571,,8,,POINTS,0.4286,BEAT_CLOSE,MLB,baseball_mlb,-81,7.571428571428571,0.5004815385741975
cmrzatbd800sybgxo9zc7gx1c,2026-07-24T23:53:33.260Z,2026-08-06T16:17:12.093Z,61,LOSS,TOTAL,OVER 9.0,9,FREE,v5.1.0,9,,9,,POINTS,0,MATCHED_CLOSE,MLB,baseball_mlb,-110,9,0.5003066868398455
cmrzatbf200t4bgxorq722led,2026-07-24T23:53:33.326Z,2026-08-06T16:17:12.093Z,66,WIN,TOTAL,OVER 9.1,9.136363636363637,FREE,v5.1.0,8.5,,9.136363636363637,,POINTS,0.6364,BEAT_CLOSE,MLB,baseball_mlb,-115,8.5,0.5111918550852338
cmrzatbgy00tabgxo1sxw0p01,2026-07-24T23:53:33.395Z,2026-08-06T16:17:12.093Z,56,WIN,TOTAL,OVER 7.5,7.5,FREE,v5.1.0,7.5,,7.363636363636363,,POINTS,-0.1364,LOST_TO_CLOSE,MLB,baseball_mlb,-111,7.5,0.5035382678598707
cmrzatbiy00tgbgxo4kv45q3y,2026-07-24T23:53:33.466Z,2026-08-06T16:17:12.093Z,64,LOSS,TOTAL,OVER 8.0,8,FREE,v5.1.0,8.214285714285714,,7.954545454545454,,POINTS,-0.2597,LOST_TO_CLOSE,MLB,baseball_mlb,-82,8.214285714285714,0.5023878726382303
cmrzatboj00tybgxodxefpgsf,2026-07-24T23:53:33.667Z,2026-07-26T04:07:54.620Z,56,LOSS,TOTAL,OVER 8.5,8.5,FREE,v5.1.0,9,,9.045454545454545,,POINTS,0.0455,BEAT_CLOSE,MLB,baseball_mlb,-111,9,0.5039504573173453
cmrzatbs000uabgxoz3caoo6v,2026-07-24T23:53:33.792Z,2026-07-26T04:07:55.170Z,64,LOSS,TOTAL,OVER 7.8,7.75,FREE,v5.1.0,7.5,,7,,POINTS,-0.5,LOST_TO_CLOSE,MLB,baseball_mlb,-117,7.5,0.515391421846094
cmrzatbtu00ugbgxo8cwfu3ca,2026-07-24T23:53:33.858Z,2026-08-06T16:17:12.093Z,67,WIN,SPREAD,Tampa Bay Rays -1.5,-1.454545454545455,FREE,v5.1.0,-1.5,,-0.1363636363636364,,POINTS,-1.3636,LOST_TO_CLOSE,MLB,baseball_mlb,158,-1.5,0.3715762943389539
cmrzatbz600uybgxoe33gbuya,2026-07-24T23:53:34.050Z,2026-08-06T16:17:12.093Z,52,WIN,TOTAL,OVER 6.6,6.5625,FREE,v5.1.0,7.571428571428571,,7.545454545454546,,POINTS,-0.026,LOST_TO_CLOSE,MLB,baseball_mlb,-114,7.571428571428571,0.5091649907887205
cmrzatc0z00v4bgxofbec9il2,2026-07-24T23:53:34.115Z,2026-08-06T16:17:12.093Z,67,LOSS,TOTAL,OVER 8.5,8.5,FREE,v5.1.0,8.142857142857142,,8.5,,POINTS,0.3571,BEAT_CLOSE,MLB,baseball_mlb,-113,8.142857142857142,0.5071867013725767
cmrzb1xvm00smotfdmt6lyn9a,2026-07-25T00:00:15.683Z,2026-07-26T02:06:05.727Z,50,LOSS,TOTAL,OVER 6.1,6.142857142857143,FREE,v5.1.0,8.166666666666666,,7.863636363636363,,POINTS,-0.303,LOST_TO_CLOSE,MLB,baseball_mlb,-82,8.166666666666666,0.5127301559883929
cmrzc4jaj00u5iyylqnux3zck,2026-07-25T00:30:16.363Z,2026-07-26T04:07:54.977Z,57,WIN,SPREAD,San Francisco Giants -7.5,-7.5,FREE,v5.1.0,-1.5,,-1.5,,POINTS,0,MATCHED_CLOSE,MLB,baseball_mlb,163,-1.5,0.3649447424652564
cmrze9nfq03mbfi8jae3gn30w,2026-07-25T01:30:14.246Z,2026-07-26T04:07:54.977Z,81,WIN,TOTAL,OVER 11.9,11.875,PREMIUM,v5.1.0,8.666666666666666,,9,,POINTS,0.3333,BEAT_CLOSE,MLB,baseball_mlb,-49,8.666666666666666,0.5117324665068677
cmrzfc8l300s2berdw79hh1ag,2026-07-25T02:00:14.584Z,2026-08-06T16:17:12.093Z,50,LOSS,SPREAD,Cincinnati Reds -1.0,1,FREE,v5.1.0,1.5,,0.4090909090909091,,POINTS,-1.0909,LOST_TO_CLOSE,MLB,baseball_mlb,164,1.5,0.3624883214171825
cmrzfcd1201atberdy260buq4,2026-07-25T02:00:20.342Z,2026-08-06T16:17:18.854Z,60,WIN,TOTAL,UNDER 2.9,2.857142857142857,FREE,v5.1.0,2.785714285714286,,2.857142857142857,,POINTS,-0.0714,LOST_TO_CLOSE,MLS,soccer_usa_mls,-13,2.785714285714286,0.4688694870385098
cmrzgetao00znxy5behonojdh,2026-07-25T02:30:14.352Z,2026-08-06T16:17:12.093Z,52,LOSS,TOTAL,OVER 8.6,8.5625,FREE,v5.1.0,8.5,,9,,POINTS,0.5,BEAT_CLOSE,MLB,baseball_mlb,-117,8.5,0.5151899541580626
cmrzgjca502bkxy5bjxxnq9s8,2026-07-25T02:33:45.581Z,2026-08-06T16:17:12.093Z,51,WIN,TOTAL,OVER 6.9,6.875,FREE,v5.1.0,8.142857142857142,,8,,POINTS,-0.1429,LOST_TO_CLOSE,MLB,baseball_mlb,-78,8.142857142857142,0.4941286332925346
cmrzhhfu303skxy5bk1du4vac,2026-07-25T03:00:16.492Z,2026-08-06T16:17:12.093Z,62,LOSS,SPREAD,Los Angeles Dodgers -1.5,1.5,FREE,v5.1.0,1.5,,1.5,,POINTS,0,MATCHED_CLOSE,MLB,baseball_mlb,115,1.5,0.4460194798201665
cmrzhhfwl03sqxy5b5x1uhg6d,2026-07-25T03:00:16.581Z,2026-08-06T16:17:12.093Z,67,WIN,SPREAD,Minnesota Twins -1.5,-1.5,FREE,v5.1.0,-1.5,,-1.5,,POINTS,0,MATCHED_CLOSE,MLB,baseball_mlb,123,-1.5,0.4310026508852685
cmrzhhfyh03swxy5b3p7idp4v,2026-07-25T03:00:16.649Z,2026-08-06T16:17:12.093Z,64,LOSS,TOTAL,OVER 10.0,10,FREE,v5.1.0,10.5,,10,,POINTS,-0.5,LOST_TO_CLOSE,MLB,baseball_mlb,-110,10.5,0.5
cmrzhhg0c03t2xy5bomouv28y,2026-07-25T03:00:16.716Z,2026-08-06T16:17:12.093Z,50,WIN,SPREAD,Houston Astros -0.9,0.9,FREE,v5.1.0,0.9,,-1.5,,POINTS,-2.4,LOST_TO_CLOSE,MLB,baseball_mlb,92,0.9,0.4165695043611897
cmrzhhg2803t8xy5bxceqfcpd,2026-07-25T03:00:16.784Z,2026-08-06T16:17:12.093Z,54,LOSS,SPREAD,Seattle Mariners -1.5,1.5,FREE,v5.1.0,1.5,,1.5,,POINTS,0,MATCHED_CLOSE,MLB,baseball_mlb,156,1.5,0.3747945104257997
cmrzik06z00yh11xoaz1zx4jz,2026-07-25T03:30:15.803Z,2026-07-26T04:07:55.170Z,61,WIN,SPREAD,Toronto Blue Jays -5.5,5.5,FREE,v5.1.0,1.5,,0.4090909090909091,,POINTS,-1.0909,LOST_TO_CLOSE,MLB,baseball_mlb,161,1.5,0.3663759055284736
cmrzik09f00yn11xobuzqmplo,2026-07-25T03:30:15.891Z,2026-08-06T16:17:12.093Z,50,LOSS,SPREAD,Atlanta Braves -1.5,1.5,FREE,v5.1.0,1.5,,0.1363636363636364,,POINTS,-1.3636,LOST_TO_CLOSE,MLB,baseball_mlb,152,1.5,0.3797542984823934
cmrzjf12y00yignhne9y6q9rs,2026-07-25T03:54:23.290Z,2026-07-25T08:35:23.488Z,50,WIN,MONEYLINE,Detroit Tigers ML (-506),-506,FREE,v5.1.0,,-506,,-263,PROBABILITY,-0.1105,LOST_TO_CLOSE,MLB,baseball_mlb,-506,-506,0.7930078783642643
cmrzkp5sn02g4ntajyae4fd1x,2026-07-25T04:30:15.575Z,2026-08-06T16:17:12.093Z,70,LOSS,TOTAL,OVER 7.1,7.090909090909091,PREMIUM,v5.1.0,8,,7.090909090909091,,POINTS,-0.9091,LOST_TO_CLOSE,MLB,baseball_mlb,-111,8,0.5028786911156413
cmrzln6oa03rtntaj6nepiwut,2026-07-25T04:56:43.018Z,2026-07-25T08:35:25.207Z,70,WIN,MONEYLINE,Boston Red Sox ML (-2546),-2546,PREMIUM,v5.1.0,,-257,,-128,PROBABILITY,-0.1585,LOST_TO_CLOSE,MLB,baseball_mlb,-257,-257,0.6773529208018556
cmrzln74103tdntajek5gn4y9,2026-07-25T04:56:43.585Z,2026-07-25T08:35:24.247Z,55,LOSS,MONEYLINE,Baltimore Orioles ML (-308),-308,FREE,v5.1.0,,-330,,-133,PROBABILITY,-0.1966,LOST_TO_CLOSE,MLB,baseball_mlb,-330,-330,0.7233354140784874
cmrzln75t03tjntaj17hyds3l,2026-07-25T04:56:43.649Z,2026-07-25T08:35:25.473Z,64,LOSS,MONEYLINE,Chicago White Sox ML (-2541),-2541,FREE,v5.1.0,,-244,,-134,PROBABILITY,-0.1367,LOST_TO_CLOSE,MLB,baseball_mlb,-244,-244,0.671293759264686
cmrzlnaa1049jntajt6psjxuq,2026-07-25T04:56:47.689Z,2026-08-06T16:17:18.854Z,53,LOSS,SPREAD,Chicago Fire 0.0,0,FREE,v5.1.0,0,,0,,POINTS,0,MATCHED_CLOSE,MLS,soccer_usa_mls,-107,0,0.4892418242041158
cmrznwwhs085rntaj0i1g0a4s,2026-07-25T06:00:15.616Z,2026-07-25T08:35:24.511Z,50,WIN,MONEYLINE,Tampa Bay Rays ML (-9202),-9202,FREE,v5.1.0,,-9202,,-138,PROBABILITY,-0.4094,LOST_TO_CLOSE,MLB,baseball_mlb,-9202,-9202,0.9515770476109982
cmrzozh5800v2vuzuwler35js,2026-07-25T06:30:15.308Z,2026-07-25T08:35:23.742Z,55,WIN,MONEYLINE,Arizona Diamondbacks ML (-4846),-4846,FREE,v5.1.0,,-4846,,-124,PROBABILITY,-0.4262,LOST_TO_CLOSE,MLB,baseball_mlb,-4846,-4846,0.9318826568525694
cmrzozhev00vqvuzurk241o6m,2026-07-25T06:30:15.655Z,2026-07-25T08:35:23.994Z,50,WIN,MONEYLINE,New York Yankees ML (-6826),-6826,FREE,v5.1.0,,-6826,,119,PROBABILITY,-0.5289,LOST_TO_CLOSE,MLB,baseball_mlb,-6826,-6826,0.9415236932523057
cmrzql0wy03fovuzumq4c46fr,2026-07-25T07:15:00.322Z,2026-07-25T08:35:26.134Z,55,WIN,MONEYLINE,Cincinnati Reds ML (-9494),-9494,FREE,v5.1.0,,-355,,123,PROBABILITY,-0.3318,LOST_TO_CLOSE,MLB,baseball_mlb,-355,-355,0.7331427713255217
cms0pf4kp04xizlfzhxn8odhu,2026-07-25T23:30:11.689Z,2026-08-06T16:17:12.093Z,73,LOSS,SPREAD,Arizona Diamondbacks -1.5,1.5,PREMIUM,v5.1.0,1.5,,1.5,,POINTS,0,MATCHED_CLOSE,MLB,baseball_mlb,135,1.5,0.4076078405727583
cms0pf50o04yszlfzg1pe2j94,2026-07-25T23:30:12.264Z,2026-08-06T16:17:12.093Z,67,WIN,SPREAD,Tampa Bay Rays -1.5,-1.5,FREE,v5.1.0,-1.5,,-1.5,,POINTS,0,MATCHED_CLOSE,MLB,baseball_mlb,162,-1.5,0.3661444783257107
cms0pf58c04zgzlfzdb4vkku7,2026-07-25T23:30:12.540Z,2026-08-06T16:17:12.093Z,64,LOSS,TOTAL,OVER 8.6,8.625,FREE,v5.1.0,9,,8.625,,POINTS,-0.375,LOST_TO_CLOSE,MLB,baseball_mlb,-70,9,0.5009406200137447
cms0pf5ad04zmzlfzfzb3iqvs,2026-07-25T23:30:12.613Z,2026-08-06T16:17:12.093Z,50,LOSS,TOTAL,UNDER 8.6,8.625,FREE,v5.1.0,8.625,,8.555555555555555,,POINTS,0.0694,BEAT_CLOSE,MLB,baseball_mlb,-114,8.625,0.5112088079519337
cms0qav55066fzlfzr9jbi2ww,2026-07-25T23:54:52.457Z,2026-08-06T16:17:12.093Z,63,WIN,TOTAL,UNDER 8.6,8.571428571428571,FREE,v5.1.0,9.1,,8.5625,,POINTS,0.5375,BEAT_CLOSE,MLB,baseball_mlb,-74,9.1,0.5088804888369606
cms0qavdj0673zlfzfr7snr81,2026-07-25T23:54:52.760Z,2026-08-06T16:17:12.093Z,73,LOSS,SPREAD,Miami Marlins -1.5,-1.5,PREMIUM,v5.1.0,-1.5,,-1.5,,POINTS,0,MATCHED_CLOSE,MLB,baseball_mlb,157,-1.5,0.3722280082671329
cms0qavfl0679zlfzx8z9fecq,2026-07-25T23:54:52.833Z,2026-08-06T16:17:12.093Z,73,WIN,SPREAD,Houston Astros -1.5,1.5,PREMIUM,v5.1.0,1.5,,1.5,,POINTS,0,MATCHED_CLOSE,MLB,baseball_mlb,144,1.5,0.3927813595214572
cms0qavu7068fzlfz9l3f1yqa,2026-07-25T23:54:53.360Z,2026-08-06T16:17:12.093Z,66,WIN,TOTAL,UNDER 9.5,9.5,FREE,v5.1.0,9.7,,9.166666666666666,,POINTS,0.5333,BEAT_CLOSE,MLB,baseball_mlb,-122,9.7,0.5248780256678092
cms0qaw3t0699zlfz8m1iqpd4,2026-07-25T23:54:53.705Z,2026-08-06T16:17:12.093Z,64,LOSS,SPREAD,Philadelphia Phillies -1.5,-1.5,FREE,v5.1.0,-1.5,,-1.5,,POINTS,0,MATCHED_CLOSE,MLB,baseball_mlb,129,-1.5,0.4186575305677635
cms0qaw5u069fzlfzje5k6a4r,2026-07-25T23:54:53.778Z,2026-08-06T16:17:12.093Z,62,WIN,SPREAD,Milwaukee Brewers -1.5,-1.5,FREE,v5.1.0,-1.5,,-1.5,,POINTS,0,MATCHED_CLOSE,MLB,baseball_mlb,-118,-1.5,0.5178580777924348
cms0qaw7s069lzlfzm4g1cqvy,2026-07-25T23:54:53.848Z,2026-08-06T16:17:12.093Z,51,WIN,TOTAL,OVER 7.2,7.2,FREE,v5.1.0,7.2,,7.4375,,POINTS,0.2375,BEAT_CLOSE,MLB,baseball_mlb,-29,7.2,0.4994575756449676
cms0qhubf00q1xcat2hqd4lmk,2026-07-26T00:00:17.979Z,2026-08-06T16:17:12.093Z,77,LOSS,SPREAD,Boston Red Sox -1.5,-1.5,PREMIUM,v5.1.0,-1.5,,-1.5,,POINTS,0,MATCHED_CLOSE,MLB,baseball_mlb,162,-1.5,0.3657139970421497
cms0rkar901zgxcat0py4czv2,2026-07-26T00:30:12.213Z,2026-08-06T16:17:12.093Z,64,LOSS,TOTAL,UNDER 7.8,7.833333333333333,FREE,v5.1.0,8.1,,7.833333333333333,,POINTS,0.2667,BEAT_CLOSE,MLB,baseball_mlb,-72,8.1,0.5044215672547802
cms0rkbfx021axcatbidijt6s,2026-07-26T00:30:13.101Z,2026-08-06T16:17:12.093Z,68,LOSS,SPREAD,Los Angeles Angels -1.5,1.5,FREE,v5.1.0,1.5,,1.5,,POINTS,0,MATCHED_CLOSE,MLB,baseball_mlb,155,1.5,0.3747729769184128
cms0tpgqg05w1xcat8fbq1k9w,2026-07-26T01:30:12.472Z,2026-08-06T16:17:12.093Z,55,LOSS,TOTAL,OVER 9.1,9.125,FREE,v5.1.0,9.071428571428571,,9.125,,POINTS,0.0536,BEAT_CLOSE,MLB,baseball_mlb,-115,9.071428571428571,0.5116382936425884
cms0tph4g05x5xcat5tikf80o,2026-07-26T01:30:12.976Z,2026-08-06T16:17:12.093Z,55,LOSS,TOTAL,OVER 7.0,7,FREE,v5.1.0,7,,7,,POINTS,0,MATCHED_CLOSE,MLB,baseball_mlb,-113,7,0.5059463901952489
cms0tph8l05xhxcatskyyfvvt,2026-07-26T01:30:13.125Z,2026-08-06T16:17:12.093Z,54,WIN,TOTAL,OVER 8.6,8.5625,FREE,v5.1.0,8.571428571428571,,8.5625,,POINTS,-0.0089,LOST_TO_CLOSE,MLB,baseball_mlb,-115,8.571428571428571,0.5107178556799429
cms0tphcc05xrxcatt970wdkc,2026-07-26T01:30:13.260Z,2026-08-06T16:17:12.093Z,63,WIN,TOTAL,OVER 7.1,7.125,FREE,v5.1.0,7.071428571428571,,7.125,,POINTS,0.0536,BEAT_CLOSE,MLB,baseball_mlb,-109,7.071428571428571,0.4980054196406449
cms0us3cd076zxcatlbshaqwm,2026-07-26T02:00:14.701Z,2026-08-06T16:17:12.093Z,65,LOSS,TOTAL,OVER 7.9,7.944444444444445,FREE,v5.1.0,8,,7.944444444444445,,POINTS,-0.0556,LOST_TO_CLOSE,MLB,baseball_mlb,-117,8,0.5159551335089421
cms0vkklj00qf8aludducd2g1,2026-07-26T02:22:23.431Z,2026-08-06T16:17:12.093Z,60,LOSS,SPREAD,Pittsburgh Pirates -1.5,-1.5,FREE,v5.1.0,-1.5,,-1,,POINTS,-0.5,LOST_TO_CLOSE,MLB,baseball_mlb,161,-1.5,0.366065568016504
cms0vkla800sh8aluw76gi1ji,2026-07-26T02:22:24.320Z,2026-08-06T16:17:12.093Z,51,LOSS,SPREAD,Los Angeles Dodgers -1.5,1.5,FREE,v5.1.0,1.5,,1.5,,POINTS,0,MATCHED_CLOSE,MLB,baseball_mlb,105,1.5,0.4684014901401906
cms0vuof4022r8alutt830qar,2026-07-26T02:30:14.944Z,2026-08-06T16:17:12.093Z,59,WIN,SPREAD,St. Louis Cardinals -1.5,-1.5,FREE,v5.1.0,-1.5,,-1.5,,POINTS,0,MATCHED_CLOSE,MLB,baseball_mlb,153,-1.5,0.3778278428209184
cms0vupd0024x8aluyxc3gqdk,2026-07-26T02:30:16.164Z,2026-08-06T16:17:12.093Z,50,LOSS,SPREAD,Atlanta Braves -1.5,1.5,FREE,v5.1.0,1.5,,1.5,,POINTS,0,MATCHED_CLOSE,MLB,baseball_mlb,154,1.5,0.3768011239148522
cms0wxbul03f68alus2na4tca,2026-07-26T03:00:18.237Z,2026-08-06T16:17:12.093Z,59,LOSS,TOTAL,OVER 8.2,8.1875,FREE,v5.1.0,8.1875,,8.1875,,POINTS,0,MATCHED_CLOSE,MLB,baseball_mlb,-32,8.1875,0.4945680935049661
cms0wxcvo03hc8alucyhjxfl4,2026-07-26T03:00:19.572Z,2026-07-26T04:07:54.620Z,50,WIN,MONEYLINE,Washington Nationals ML (-1729),-1729,FREE,v5.1.0,,-1729,,-136,PROBABILITY,-0.3691,LOST_TO_CLOSE,MLB,baseball_mlb,-1729,-1729,0.8944256810673636
cms0z2gzh07iu8aluukzbydq4,2026-07-26T04:00:17.405Z,2026-08-06T16:17:12.093Z,50,WIN,SPREAD,Minnesota Twins -1.5,-1.5,FREE,v5.1.0,-1.5,,-1.5,,POINTS,0,MATCHED_CLOSE,MLB,baseball_mlb,137,-1.5,0.4037775945750329
cms0z2h2r07j08aluy5530wci,2026-07-26T04:00:17.523Z,2026-08-06T16:17:12.093Z,50,WIN,TOTAL,UNDER 10.4,10.42857142857143,FREE,v5.1.0,10.42857142857143,,10.42857142857143,,POINTS,0,MATCHED_CLOSE,MLB,baseball_mlb,-115,10.42857142857143,0.5121706954442407
cms0z2k3d07w48aluacgor59v,2026-07-26T04:00:21.433Z,2026-08-06T16:29:27.689Z,59,WIN,MONEYLINE,Charlotte FC ML (-365),-365,FREE,v5.1.0,,-365,,188,PROBABILITY,-0.4377,LOST_TO_CLOSE,MLS,soccer_usa_mls,-365,-365,0.8677841611710704
cmsmgodwl000ga4qld8zrq34b,2026-08-10T04:56:48.057Z,2026-08-11T09:38:24.723Z,56,LOSS,MONEYLINE,San Diego Padres ML (model signal),0,FREE,v5.2.2,,,,,,,,MLB,baseball_mlb,,,
cmsmgvw2s00aho4namj9sp7q0,2026-08-10T06:34:33.031Z,2026-08-18T08:20:16.764Z,62,WIN,MONEYLINE,Minnesota Twins ML (model signal),0,FREE,v5.2.2,,,,,,,,MLB,baseball_mlb,,,
cmsmlrx4z00e2142u1us4syw8,2026-08-11T04:01:38.279Z,2026-08-11T11:01:24.182Z,69,LOSS,MONEYLINE,Boston Red Sox ML (model signal),0,FREE,v5.2.6,,,,,,,,MLB,baseball_mlb,,,
cmsmlrxj200e6142uzdhz96ny,2026-08-11T04:01:38.279Z,2026-08-11T11:01:24.182Z,62,WIN,MONEYLINE,Philadelphia Phillies ML (model signal),0,FREE,v5.2.6,,,,,,,,MLB,baseball_mlb,,,
cmsmgux74009ho4nap0mt1d0f,2026-08-11T04:01:38.279Z,2026-08-11T11:01:24.182Z,69,LOSS,MONEYLINE,Atlanta Braves ML (model signal),0,FREE,v5.2.6,,,,,,,,MLB,baseball_mlb,,,
cmsmkkbzs0040lhvibg0uy76f,2026-08-11T04:01:38.279Z,2026-08-11T11:01:24.182Z,69,LOSS,MONEYLINE,Atlanta Braves ML (model signal),0,FREE,v5.2.6,,,,,,,,MLB,baseball_mlb,,,
cmsmgux41009fo4na7rbtgnv2,2026-08-11T04:01:38.279Z,2026-08-11T11:01:24.182Z,69,LOSS,MONEYLINE,Boston Red Sox ML (model signal),0,FREE,v5.2.6,,,,,,,,MLB,baseball_mlb,,,
cmsmlrxgk00e4142u6tpx26so,2026-08-11T04:01:38.279Z,2026-08-11T11:01:24.182Z,62,WIN,MONEYLINE,Philadelphia Phillies ML (model signal),0,FREE,v5.2.6,,,,,,,,MLB,baseball_mlb,,,
cmsmguxzs009no4navqay3fbn,2026-08-11T04:55:47.305Z,2026-08-12T10:09:25.728Z,71,WIN,MONEYLINE,Los Angeles Dodgers ML (model signal),0,PREMIUM,v5.2.6,,,,,,,,MLB,baseball_mlb,,,
cmsmguxmw009lo4nad5shjmew,2026-08-11T04:55:47.305Z,2026-08-12T09:57:05.756Z,83,LOSS,MONEYLINE,Arizona Diamondbacks ML (model signal),0,PREMIUM,v5.2.6,,,,,,,,MLB,baseball_mlb,,,
cmsmkkdmv0042lhvib3vglwbn,2026-08-11T04:55:47.305Z,2026-08-12T09:57:05.756Z,77,WIN,MONEYLINE,Tampa Bay Rays ML (model signal),0,PREMIUM,v5.2.6,,,,,,,,MLB,baseball_mlb,,,
cmsmkkf6e0046lhvikatj5j2k,2026-08-11T04:55:47.305Z,2026-08-12T10:09:25.728Z,71,WIN,MONEYLINE,Los Angeles Dodgers ML (model signal),0,PREMIUM,v5.2.6,,,,,,,,MLB,baseball_mlb,,,
cmsmkkdyr0044lhvi8d4h8qdc,2026-08-11T04:55:47.305Z,2026-08-12T09:57:05.756Z,83,LOSS,MONEYLINE,Arizona Diamondbacks ML (model signal),0,PREMIUM,v5.2.6,,,,,,,,MLB,baseball_mlb,,,
cmsmguxhd009jo4na6ftrpgbc,2026-08-11T04:55:47.305Z,2026-08-12T09:57:05.756Z,77,WIN,MONEYLINE,Tampa Bay Rays ML (model signal),0,PREMIUM,v5.2.6,,,,,,,,MLB,baseball_mlb,,,
cmsnpnlms00h8p8ulacs0bimw,2026-08-12T03:09:11.678Z,2026-08-12T09:57:05.756Z,70,WIN,MONEYLINE,Detroit Tigers ML (model signal),0,PREMIUM,v5.2.6,,,,,,,,MLB,baseball_mlb,,,
cmso1aded00gagbzlizurjdum,2026-08-12T03:09:11.678Z,2026-08-12T09:57:05.756Z,70,WIN,MONEYLINE,Detroit Tigers ML (model signal),0,PREMIUM,v5.2.6,,,,,,,,MLB,baseball_mlb,,,
cmso1ae2900gegbzlguu4icg7,2026-08-12T03:59:19.781Z,2026-08-12T10:09:25.728Z,66,LOSS,MONEYLINE,Boston Red Sox ML (model signal),0,FREE,v5.2.6,,,,,,,,MLB,baseball_mlb,,,
cmsnpnm7400hap8ulbm5v00cy,2026-08-12T03:59:19.781Z,2026-08-12T10:09:25.728Z,70,WIN,MONEYLINE,New York Yankees ML (model signal),0,PREMIUM,v5.2.6,,,,,,,,MLB,baseball_mlb,,,
cmso1adox00gcgbzldjpviygo,2026-08-12T03:59:19.781Z,2026-08-12T10:09:25.728Z,70,WIN,MONEYLINE,New York Yankees ML (model signal),0,PREMIUM,v5.2.6,,,,,,,,MLB,baseball_mlb,,,
cmsnpnmj200hcp8ul3zuhqori,2026-08-12T03:59:19.781Z,2026-08-12T10:09:25.728Z,66,LOSS,MONEYLINE,Boston Red Sox ML (model signal),0,FREE,v5.2.6,,,,,,,,MLB,baseball_mlb,,,
cmsnpnnkf00hip8ulm8njx8ko,2026-08-12T04:08:05.776Z,2026-08-12T11:39:09.305Z,63,LOSS,MONEYLINE,Philadelphia Phillies ML (model signal),0,FREE,v5.2.6,,,,,,,,MLB,baseball_mlb,,,
cmsnpnn9900hgp8ul0g0wlc2d,2026-08-12T04:08:05.776Z,2026-08-12T11:39:09.305Z,65,LOSS,MONEYLINE,Chicago White Sox ML (model signal),0,FREE,v5.2.6,,,,,,,,MLB,baseball_mlb,,,
cmsnpnmv100hep8ulhs6l4yzw,2026-08-12T04:08:05.776Z,2026-08-12T11:39:09.305Z,69,WIN,MONEYLINE,Atlanta Braves ML (model signal),0,FREE,v5.2.6,,,,,,,,MLB,baseball_mlb,,,
cmso1aemz00gggbzlz4fv8cyp,2026-08-12T04:08:05.776Z,2026-08-12T11:39:09.305Z,69,WIN,MONEYLINE,Atlanta Braves ML (model signal),0,FREE,v5.2.6,,,,,,,,MLB,baseball_mlb,,,
cmso1af0400gigbzljxxf7eph,2026-08-12T04:08:05.776Z,2026-08-12T11:39:09.305Z,65,LOSS,MONEYLINE,Chicago White Sox ML (model signal),0,FREE,v5.2.6,,,,,,,,MLB,baseball_mlb,,,
cmso1afz200gkgbzla8hurml5,2026-08-12T04:08:05.776Z,2026-08-12T11:39:09.305Z,63,LOSS,MONEYLINE,Philadelphia Phillies ML (model signal),0,FREE,v5.2.6,,,,,,,,MLB,baseball_mlb,,,
cmsmlsfvo00ec142ue9hikfyu,2026-08-12T04:55:26.852Z,2026-08-17T21:52:15.301Z,61,WIN,MONEYLINE,New York City FC ML (model signal),0,FREE,v5.2.6,,,,,,,,MLS,soccer_usa_mls,,,
cmsmgvvvb00afo4nagdpbvvyc,2026-08-12T04:55:26.852Z,2026-08-17T21:52:15.301Z,66,LOSS,MONEYLINE,Vancouver Whitecaps ML (model signal),0,FREE,v5.2.6,,,,,,,,MLS,soccer_usa_mls,,,
cmspbkw1300elx4n4bvyz0tod,2026-08-12T04:55:26.852Z,2026-08-15T09:52:43.266Z,72,WIN,MONEYLINE,Kansas City Royals ML (model signal),0,PREMIUM,v5.2.6,,,,,,,,MLB,baseball_mlb,,,
cmsmgv4wz00a1o4na9wb32va0,2026-08-12T04:55:26.852Z,2026-08-15T09:52:43.266Z,60,LOSS,MONEYLINE,Detroit Tigers ML (model signal),0,FREE,v5.2.6,,,,,,,,MLB,baseball_mlb,,,
cmso1erwy00xagbzlrtg1rvjr,2026-08-12T05:08:10.176Z,2026-08-13T10:00:47.692Z,72,WIN,MONEYLINE,Los Angeles Dodgers ML (model signal),0,PREMIUM,v5.2.6,,,,,,,,MLB,baseball_mlb,,,
cmso1ah0m00gmgbzlxemlc7zc,2026-08-12T05:08:10.176Z,2026-08-13T02:58:46.324Z,78,WIN,MONEYLINE,Tampa Bay Rays ML (model signal),0,PREMIUM,v5.2.6,,,,,,,,MLB,baseball_mlb,,,
cmsnpno6s00hkp8ultsquyibu,2026-08-12T05:08:10.176Z,2026-08-13T03:57:08.221Z,83,LOSS,MONEYLINE,Arizona Diamondbacks ML (model signal),0,PREMIUM,v5.2.6,,,,,,,,MLB,baseball_mlb,,,
cmso1ai1d00gqgbzlvmgcd9we,2026-08-12T05:08:10.176Z,2026-08-13T02:58:46.324Z,78,WIN,MONEYLINE,Tampa Bay Rays ML (model signal),0,PREMIUM,v5.2.6,,,,,,,,MLB,baseball_mlb,,,
cmso1ahog00gogbzl8bznc7yu,2026-08-12T05:08:10.176Z,2026-08-13T03:57:08.221Z,83,LOSS,MONEYLINE,Arizona Diamondbacks ML (model signal),0,PREMIUM,v5.2.6,,,,,,,,MLB,baseball_mlb,,,
cmso1aj7o00gsgbzli1yqi8zt,2026-08-12T05:08:10.176Z,2026-08-13T10:00:47.692Z,72,WIN,MONEYLINE,Los Angeles Dodgers ML (model signal),0,PREMIUM,v5.2.6,,,,,,,,MLB,baseball_mlb,,,
cmsp1hwtr00ejrfz02jmw6qub,2026-08-12T22:23:48.116Z,2026-08-13T07:42:18.280Z,63,LOSS,MONEYLINE,Philadelphia Phillies ML (model signal),0,FREE,v5.2.6,,,,,,,,MLB,baseball_mlb,,,
cmsphejcm00hfl36g3nadoikw,2026-08-12T22:23:48.116Z,2026-08-13T07:42:18.280Z,63,LOSS,MONEYLINE,Philadelphia Phillies ML (model signal),0,FREE,v5.2.6,,,,,,,,MLB,baseball_mlb,,,
cmsphejfg00hhl36gh4zs4me0,2026-08-12T23:24:46.360Z,2026-08-13T07:42:18.280Z,78,WIN,MONEYLINE,Tampa Bay Rays ML (model signal),0,PREMIUM,v5.2.6,,,,,,,,MLB,baseball_mlb,,,
cmspq2soc00gu11vra42vf8y5,2026-08-12T23:24:46.360Z,2026-08-13T07:42:18.280Z,78,WIN,MONEYLINE,Tampa Bay Rays ML (model signal),0,PREMIUM,v5.2.6,,,,,,,,MLB,baseball_mlb,,,
cmsp1hxbt00elrfz0z35dtcr3,2026-08-13T00:36:59.125Z,2026-08-13T07:42:18.280Z,83,LOSS,MONEYLINE,Arizona Diamondbacks ML (model signal),0,PREMIUM,v5.2.6,,,,,,,,MLB,baseball_mlb,,,
cmspheju800hjl36g1tprtt4n,2026-08-13T00:36:59.125Z,2026-08-13T07:42:18.280Z,83,LOSS,MONEYLINE,Arizona Diamondbacks ML (model signal),0,PREMIUM,v5.2.6,,,,,,,,MLB,baseball_mlb,,,
cmsphel8500hll36gq38uevb2,2026-08-13T03:07:17.658Z,2026-08-13T10:00:47.692Z,70,LOSS,MONEYLINE,Detroit Tigers ML (model signal),0,PREMIUM,v5.2.6,,,,,,,,MLB,baseball_mlb,,,
cmsp1hxx700enrfz0y5urirdd,2026-08-13T03:07:17.658Z,2026-08-13T10:00:47.692Z,70,LOSS,MONEYLINE,Detroit Tigers ML (model signal),0,PREMIUM,v5.2.6,,,,,,,,MLB,baseball_mlb,,,
cmsphemh900hnl36gpjcted2s,2026-08-13T03:58:18.750Z,2026-08-13T10:00:47.692Z,71,WIN,MONEYLINE,New York Yankees ML (model signal),0,PREMIUM,v5.2.6,,,,,,,,MLB,baseball_mlb,,,
cmsphemjx00hpl36g8ok4jzwc,2026-08-13T03:58:18.750Z,2026-08-13T10:15:49.468Z,69,LOSS,MONEYLINE,Boston Red Sox ML (model signal),0,FREE,v5.2.6,,,,,,,,MLB,baseball_mlb,,,
cmspi5xl50003hpo5w5kjj8y0,2026-08-13T03:58:18.750Z,2026-08-13T10:15:49.468Z,69,LOSS,MONEYLINE,Boston Red Sox ML (model signal),0,FREE,v5.2.6,,,,,,,,MLB,baseball_mlb,,,
cmspi5wux0001hpo5oevz9wsr,2026-08-13T03:58:18.750Z,2026-08-13T10:00:47.692Z,71,WIN,MONEYLINE,New York Yankees ML (model signal),0,PREMIUM,v5.2.6,,,,,,,,MLB,baseball_mlb,,,
cmsphemuu00hrl36g5jwa7of4,2026-08-13T04:07:12.180Z,2026-08-13T10:15:49.468Z,69,WIN,MONEYLINE,Atlanta Braves ML (model signal),0,FREE,v5.2.6,,,,,,,,MLB,baseball_mlb,,,
cmsphen6600htl36gxm8zq17z,2026-08-13T04:07:12.180Z,2026-08-13T11:41:24.077Z,64,LOSS,MONEYLINE,Chicago White Sox ML (model signal),0,FREE,v5.2.6,,,,,,,,MLB,baseball_mlb,,,
cmspi5xq80005hpo5ffuxj0d9,2026-08-13T04:07:12.180Z,2026-08-13T10:15:49.468Z,69,WIN,MONEYLINE,Atlanta Braves ML (model signal),0,FREE,v5.2.6,,,,,,,,MLB,baseball_mlb,,,
cmspi5ycx0007hpo55v36i8xo,2026-08-13T04:07:12.180Z,2026-08-13T11:41:24.077Z,64,LOSS,MONEYLINE,Chicago White Sox ML (model signal),0,FREE,v5.2.6,,,,,,,,MLB,baseball_mlb,,,
cmsqr0zth01og9d6gnm4xkswv,2026-08-13T04:55:47.461Z,2026-08-17T21:52:15.301Z,60,WIN,MONEYLINE,Nashville SC ML (model signal),0,FREE,v5.2.6,,,,,,,,MLS,soccer_usa_mls,,,
cmsqr0ku601oe9d6grypqmnlc,2026-08-13T04:55:47.461Z,2026-08-17T21:52:15.301Z,60,WIN,MONEYLINE,Nashville SC ML (model signal),0,FREE,v5.2.6,,,,,,,,MLS,soccer_usa_mls,,,
cmspi603a0009hpo520gbwfdp,2026-08-13T05:07:16.563Z,2026-08-15T09:43:02.986Z,71,LOSS,MONEYLINE,Los Angeles Dodgers ML (model signal),0,PREMIUM,v5.2.6,,,,,,,,MLB,baseball_mlb,,,
cmspheo5a00hvl36gxw1cm9xq,2026-08-13T05:07:16.563Z,2026-08-15T09:43:02.986Z,71,LOSS,MONEYLINE,Los Angeles Dodgers ML (model signal),0,PREMIUM,v5.2.6,,,,,,,,MLB,baseball_mlb,,,
cmsmguybc009po4nafxzstgra,2026-08-13T22:09:52.006Z,2026-08-14T04:53:51.138Z,70,WIN,MONEYLINE,Detroit Tigers ML (model signal),0,PREMIUM,v5.2.6,,,,,,,,MLB,baseball_mlb,,,
cmsmguziv009to4na96jjbt3g,2026-08-13T22:09:52.006Z,2026-08-14T04:53:51.138Z,64,LOSS,MONEYLINE,Chicago White Sox ML (model signal),0,FREE,v5.2.6,,,,,,,,MLB,baseball_mlb,,,
cmsqh4s6b00wy2i5r8967el8t,2026-08-13T22:09:52.006Z,2026-08-14T04:53:51.138Z,64,LOSS,MONEYLINE,Chicago White Sox ML (model signal),0,FREE,v5.2.6,,,,,,,,MLB,baseball_mlb,,,
cmsqh4rgd00ww2i5r51swezgk,2026-08-13T22:09:52.006Z,2026-08-14T04:53:51.138Z,70,WIN,MONEYLINE,Detroit Tigers ML (model signal),0,PREMIUM,v5.2.6,,,,,,,,MLB,baseball_mlb,,,
cmsmguz6p009ro4naa92c5xte,2026-08-13T22:24:13.053Z,2026-08-14T04:53:51.138Z,71,LOSS,MONEYLINE,New York Yankees ML (model signal),0,PREMIUM,v5.2.6,,,,,,,,MLB,baseball_mlb,,,
cmsqhpxhg000113f17rbsogye,2026-08-13T22:24:13.053Z,2026-08-14T04:53:51.138Z,71,LOSS,MONEYLINE,New York Yankees ML (model signal),0,PREMIUM,v5.2.6,,,,,,,,MLB,baseball_mlb,,,
cmsqhpyge000313f1po5cfzs8,2026-08-13T23:26:00.369Z,2026-08-14T07:41:19.547Z,69,WIN,MONEYLINE,Boston Red Sox ML (model signal),0,FREE,v5.2.6,,,,,,,,MLB,baseball_mlb,,,
cmsmgv039009vo4na51pb8wlx,2026-08-13T23:26:00.369Z,2026-08-14T07:41:19.547Z,69,WIN,MONEYLINE,Boston Red Sox ML (model signal),0,FREE,v5.2.6,,,,,,,,MLB,baseball_mlb,,,
cmsmgv0t9009xo4naw7p1lzsc,2026-08-14T03:59:38.580Z,2026-08-14T07:41:19.259Z,68,WIN,MONEYLINE,Cincinnati Bengals ML (model signal),0,FREE,v5.2.6,,,,,,,,NFL,americanfootball_nfl,,,
cmso1aof100gygbzlbbzcpmiv,2026-08-14T18:53:57.080Z,2026-08-15T09:43:02.986Z,60,LOSS,MONEYLINE,Detroit Tigers ML (model signal),0,FREE,v5.2.6,,,,,,,,MLB,baseball_mlb,,,
cmssc7blf00kvvwio2hyumjws,2026-08-14T18:53:57.080Z,2026-08-15T09:43:02.986Z,60,LOSS,MONEYLINE,Detroit Tigers ML (model signal),0,FREE,v5.2.6,,,,,,,,MLB,baseball_mlb,,,
cmst2rlv8000f3rpl8zhuj7ru,2026-08-14T21:02:57.540Z,2026-08-15T08:01:03.380Z,64,LOSS,MONEYLINE,Miami Dolphins ML (model signal),0,FREE,v5.2.6,,,,,,,,NFL,americanfootball_nfl,,,
cmst2rucx000h3rpldcjrjq1a,2026-08-14T21:02:57.540Z,2026-08-17T21:52:14.864Z,65,LOSS,MONEYLINE,Philadelphia Eagles ML (model signal),0,FREE,v5.2.6,,,,,,,,NFL,americanfootball_nfl,,,
cmso1anlu00gugbzljbha2pg6,2026-08-14T23:11:52.793Z,2026-08-15T06:46:34.654Z,79,WIN,MONEYLINE,Chicago Cubs ML (model signal),0,PREMIUM,v5.2.6,,,,,,,,MLB,baseball_mlb,,,
cmsrzzxfh00kgqc02jy6niqle,2026-08-14T23:11:52.793Z,2026-08-15T06:46:34.654Z,79,WIN,MONEYLINE,Chicago Cubs ML (model signal),0,PREMIUM,v5.2.6,,,,,,,,MLB,baseball_mlb,,,
cmsphexf900hzl36gxhbyawzd,2026-08-15T01:02:35.573Z,2026-08-17T21:52:14.864Z,67,WIN,MONEYLINE,Chicago Bears ML (model signal),0,FREE,v5.2.6,,,,,,,,NFL,americanfootball_nfl,,,
cmsrwilmb010qk619cxpmfesv,2026-08-15T01:41:18.906Z,2026-08-17T21:52:15.301Z,60,LOSS,MONEYLINE,San Jose Earthquakes ML (model signal),0,FREE,v5.2.6,,,,,,,,MLS,soccer_usa_mls,,,
cmsrwijrs010ok619zql5ax08,2026-08-15T02:38:09.237Z,2026-08-17T21:52:15.301Z,60,LOSS,MONEYLINE,San Jose Earthquakes ML (model signal),0,FREE,v5.2.6,,,,,,,,MLS,soccer_usa_mls,,,
cmso1aoy800h0gbzl7jfkxi69,2026-08-15T02:47:15.609Z,2026-08-15T08:01:03.380Z,63,WIN,MONEYLINE,Denver Broncos ML (model signal),0,FREE,v5.2.6,,,,,,,,NFL,americanfootball_nfl,,,
cmso1anwd00gwgbzlr4qxi5mz,2026-08-15T02:47:15.609Z,2026-08-15T09:43:02.986Z,62,WIN,MONEYLINE,Cincinnati Reds ML (model signal),0,FREE,v5.2.6,,,,,,,,MLB,baseball_mlb,,,
cmsrzzxsn00kiqc02mj8vl73b,2026-08-15T02:47:15.609Z,2026-08-15T09:43:02.986Z,62,WIN,MONEYLINE,Cincinnati Reds ML (model signal),0,FREE,v5.2.6,,,,,,,,MLB,baseball_mlb,,,
cmssp1ziu0ax4qgeb9thr497j,2026-08-15T03:46:53.743Z,2026-08-15T09:52:43.266Z,64,LOSS,MONEYLINE,Tampa Bay Rays ML (model signal),0,FREE,v5.2.6,,,,,,,,MLB,baseball_mlb,,,
cmssp20qt0ax6qgeb3rw8k8sq,2026-08-15T03:46:53.743Z,2026-08-15T09:52:43.266Z,63,WIN,MONEYLINE,Arizona Diamondbacks ML (model signal),0,FREE,v5.2.6,,,,,,,,MLB,baseball_mlb,,,
cmss29q6800jongl966l57hev,2026-08-15T03:46:53.743Z,2026-08-15T09:52:43.266Z,67,LOSS,MONEYLINE,Washington Nationals ML (model signal),0,FREE,v5.2.6,,,,,,,,MLB,baseball_mlb,,,
cmso1ar5100h6gbzl2naal8ts,2026-08-15T03:46:53.743Z,2026-08-15T09:52:43.266Z,63,WIN,MONEYLINE,Arizona Diamondbacks ML (model signal),0,FREE,v5.2.6,,,,,,,,MLB,baseball_mlb,,,
cmsowz1e100d6w6h1vhh53jqm,2026-08-15T03:46:53.743Z,2026-08-15T08:01:03.380Z,60,LOSS,MONEYLINE,New York Jets ML (model signal),0,FREE,v5.2.6,,,,,,,,NFL,americanfootball_nfl,,,
cmso1aqu900h4gbzl3oxbsgb9,2026-08-15T03:46:53.743Z,2026-08-15T09:52:43.266Z,64,LOSS,MONEYLINE,Tampa Bay Rays ML (model signal),0,FREE,v5.2.6,,,,,,,,MLB,baseball_mlb,,,
cmso1arid00h8gbzlpvj07ew6,2026-08-15T03:46:53.743Z,2026-08-15T09:52:43.266Z,66,LOSS,MONEYLINE,New York Yankees ML (model signal),0,FREE,v5.2.6,,,,,,,,MLB,baseball_mlb,,,
cmss000xz00kkqc028gtb4z0t,2026-08-15T03:46:53.743Z,2026-08-15T09:52:43.266Z,66,LOSS,MONEYLINE,New York Yankees ML (model signal),0,FREE,v5.2.6,,,,,,,,MLB,baseball_mlb,,,
cmso1aqbz00h2gbzl55j5ttnh,2026-08-15T03:46:53.743Z,2026-08-15T09:52:43.266Z,67,LOSS,MONEYLINE,Washington Nationals ML (model signal),0,FREE,v5.2.6,,,,,,,,MLB,baseball_mlb,,,
cmso1as3800hagbzlq0t2r6zn,2026-08-15T04:43:49.686Z,2026-08-15T09:52:43.266Z,70,WIN,MONEYLINE,Houston Astros ML (model signal),0,PREMIUM,v5.2.6,,,,,,,,MLB,baseball_mlb,,,
cmss001b300kmqc02tqcl4y8u,2026-08-15T04:43:49.686Z,2026-08-15T09:52:43.266Z,70,WIN,MONEYLINE,Houston Astros ML (model signal),0,PREMIUM,v5.2.6,,,,,,,,MLB,baseball_mlb,,,
cmsmgvfor00abo4nao5jmrel9,2026-08-15T06:49:00.418Z,2026-08-17T21:52:15.301Z,80,WIN,MONEYLINE,Chicago Fire FC ML (model signal),0,PREMIUM,v5.2.6,,,,,,,,MLS,soccer_usa_mls,,,
cmsmgv7gp00a9o4nactno3pt2,2026-08-15T06:54:09.400Z,2026-08-15T09:52:43.266Z,64,LOSS,MONEYLINE,San Francisco Giants ML (model signal),0,FREE,v5.2.6,,,,,,,,MLB,baseball_mlb,,,
cmss002uy00koqc02ps8fmwxa,2026-08-15T06:54:09.400Z,2026-08-15T09:52:43.266Z,64,LOSS,MONEYLINE,San Francisco Giants ML (model signal),0,FREE,v5.2.6,,,,,,,,MLB,baseball_mlb,,,
cmsmgv4b8009zo4nakj9f57my,2026-08-15T06:54:09.400Z,2026-08-15T09:52:43.266Z,67,LOSS,MONEYLINE,New York Yankees ML (model signal),0,FREE,v5.2.6,,,,,,,,MLB,baseball_mlb,,,
cmsmls5t200e8142un3bpglgz,2026-08-15T06:54:09.400Z,2026-08-15T09:52:43.266Z,65,LOSS,MONEYLINE,Tampa Bay Rays ML (model signal),0,FREE,v5.2.6,,,,,,,,MLB,baseball_mlb,,,
cmsmls6cq00ea142u5iturati,2026-08-15T06:54:09.400Z,2026-08-15T09:52:43.266Z,63,WIN,MONEYLINE,Arizona Diamondbacks ML (model signal),0,FREE,v5.2.6,,,,,,,,MLB,baseball_mlb,,,
cmsqr197101oi9d6gztpajrav,2026-08-15T06:54:09.400Z,2026-08-17T21:52:15.301Z,79,WIN,MONEYLINE,Colorado Rapids ML (model signal),0,PREMIUM,v5.2.6,,,,,,,,MLS,soccer_usa_mls,,,
cmsphexzm00i1l36gbo7jm5yl,2026-08-15T06:54:09.400Z,2026-08-15T09:52:43.266Z,60,LOSS,MONEYLINE,Detroit Tigers ML (model signal),0,FREE,v5.2.6,,,,,,,,MLB,baseball_mlb,,,
cmst9e51k00ltcopvivrtukft,2026-08-15T06:54:09.400Z,2026-08-15T09:52:43.266Z,60,LOSS,MONEYLINE,Detroit Tigers ML (model signal),0,FREE,v5.2.6,,,,,,,,MLB,baseball_mlb,,,
cmsmgv57q00a3o4naayxaurug,2026-08-15T06:54:09.400Z,2026-08-15T09:52:43.266Z,62,LOSS,MONEYLINE,Washington Nationals ML (model signal),0,FREE,v5.2.6,,,,,,,,MLB,baseball_mlb,,,
cmsmgv6mt00a7o4navvhgs07f,2026-08-15T06:54:09.400Z,2026-08-15T09:52:43.266Z,79,WIN,MONEYLINE,Chicago Cubs ML (model signal),0,PREMIUM,v5.2.6,,,,,,,,MLB,baseball_mlb,,,
cmsmgvo5300ado4natclwgaws,2026-08-15T06:54:09.400Z,2026-08-15T09:52:43.266Z,70,WIN,MONEYLINE,Houston Astros ML (model signal),0,PREMIUM,v5.2.6,,,,,,,,MLB,baseball_mlb,,,
cmstlj15f00dpcfiel8hpazr2,2026-08-15T06:54:09.400Z,2026-08-17T21:52:15.301Z,80,WIN,MONEYLINE,Chicago Fire FC ML (model signal),0,PREMIUM,v5.2.6,,,,,,,,MLS,soccer_usa_mls,,,
cmsmgv5iq00a5o4na083rxqcq,2026-08-15T06:54:09.400Z,2026-08-15T09:52:43.266Z,61,WIN,MONEYLINE,Cincinnati Reds ML (model signal),0,FREE,v5.2.6,,,,,,,,MLB,baseball_mlb,,,
cmsrgvx0u00ifkvdp4sghfmbg,2026-08-15T06:54:09.400Z,2026-08-17T21:52:15.301Z,71,LOSS,MONEYLINE,Real Salt Lake ML (model signal),0,PREMIUM,v5.2.6,,,,,,,,MLS,soccer_usa_mls,,,
cmsqp9p8a0003az8408stbnvy,2026-08-15T06:54:09.400Z,2026-08-17T21:52:15.301Z,75,WIN,MONEYLINE,Houston Dynamo FC ML (model signal),0,PREMIUM,v5.2.6,,,,,,,,MLS,soccer_usa_mls,,,
cmso1atm500hcgbzldcxoxu0l,2026-08-15T06:54:09.400Z,2026-08-15T09:52:43.266Z,64,LOSS,MONEYLINE,San Francisco Giants ML (model signal),0,FREE,v5.2.6,,,,,,,,MLB,baseball_mlb,,,
cmsrkgf0q00zisz76c0r7trci,2026-08-15T06:54:09.400Z,2026-08-17T21:52:15.301Z,71,LOSS,MONEYLINE,Real Salt Lake ML (model signal),0,PREMIUM,v5.2.6,,,,,,,,MLS,soccer_usa_mls,,,
cmsrgw4o200ihkvdpe6hpnl4e,2026-08-15T06:54:09.400Z,2026-08-17T21:52:15.301Z,79,WIN,MONEYLINE,Colorado Rapids ML (model signal),0,PREMIUM,v5.2.6,,,,,,,,MLS,soccer_usa_mls,,,
cmsqp9kw80001az84hqdd9d8y,2026-08-15T08:02:06.580Z,2026-08-17T21:52:15.301Z,75,WIN,MONEYLINE,Houston Dynamo FC ML (model signal),0,PREMIUM,v5.2.6,,,,,,,,MLS,soccer_usa_mls,,,
cmsqow6q700ws9d6gbrc0acps,2026-08-15T08:02:06.580Z,2026-08-17T21:52:15.301Z,63,WIN,MONEYLINE,Toronto FC ML (model signal),0,FREE,v5.2.6,,,,,,,,MLS,soccer_usa_mls,,,
cmsqovnj600o99d6g9qzt9lqg,2026-08-15T08:09:22.446Z,2026-08-17T21:52:15.301Z,63,WIN,MONEYLINE,Toronto FC ML (model signal),0,FREE,v5.2.6,,,,,,,,MLS,soccer_usa_mls,,,
cmsphezzt00i7l36ghp9bym0p,2026-08-15T09:52:23.272Z,2026-08-15T09:52:43.266Z,66,LOSS,MONEYLINE,San Francisco Giants ML (model signal),0,FREE,v5.2.6,,,,,,,,MLB,baseball_mlb,,,
cmspheyu900i5l36gvdznq7mq,2026-08-15T09:52:23.272Z,2026-08-15T09:52:43.266Z,67,LOSS,MONEYLINE,New York Yankees ML (model signal),0,FREE,v5.2.6,,,,,,,,MLB,baseball_mlb,,,
cmsphf0b600i9l36gbifzvno8,2026-08-15T09:52:23.272Z,2026-08-15T09:52:43.266Z,66,LOSS,MONEYLINE,Washington Nationals ML (model signal),0,FREE,v5.2.6,,,,,,,,MLB,baseball_mlb,,,
cmstujf9j0003ehyyiqxmjd1q,2026-08-15T09:52:23.272Z,2026-08-15T09:52:43.266Z,66,LOSS,MONEYLINE,Washington Nationals ML (model signal),0,FREE,v5.2.6,,,,,,,,MLB,baseball_mlb,,,
cmst9e9ef00m1copvpoenfqb7,2026-08-15T09:52:23.272Z,2026-08-15T09:52:43.266Z,70,WIN,MONEYLINE,Houston Astros ML (model signal),0,PREMIUM,v5.2.6,,,,,,,,MLB,baseball_mlb,,,
cmstujeuv0001ehyyeybnexmx,2026-08-15T09:52:23.272Z,2026-08-15T09:52:43.266Z,67,LOSS,MONEYLINE,New York Yankees ML (model signal),0,FREE,v5.2.6,,,,,,,,MLB,baseball_mlb,,,
cmsphf17l00idl36gup4auitr,2026-08-15T09:52:23.272Z,2026-08-15T09:52:43.266Z,62,WIN,MONEYLINE,Cincinnati Reds ML (model signal),0,FREE,v5.2.6,,,,,,,,MLB,baseball_mlb,,,
cmsphf2z800ihl36g0dehf3w0,2026-08-15T09:52:23.272Z,2026-08-15T09:52:43.266Z,63,WIN,MONEYLINE,Arizona Diamondbacks ML (model signal),0,FREE,v5.2.6,,,,,,,,MLB,baseball_mlb,,,
cmspheyb000i3l36g7cn33xn1,2026-08-15T09:52:23.272Z,2026-08-15T09:52:43.266Z,79,WIN,MONEYLINE,Chicago Cubs ML (model signal),0,PREMIUM,v5.2.6,,,,,,,,MLB,baseball_mlb,,,
cmsphf0w600ibl36g5if7hhfn,2026-08-15T09:52:23.272Z,2026-08-15T09:52:43.266Z,63,LOSS,MONEYLINE,Tampa Bay Rays ML (model signal),0,FREE,v5.2.6,,,,,,,,MLB,baseball_mlb,,,
cmsphf2np00ifl36gmj4dfeq9,2026-08-15T09:52:23.272Z,2026-08-15T09:52:43.266Z,70,WIN,MONEYLINE,Houston Astros ML (model signal),0,PREMIUM,v5.2.6,,,,,,,,MLB,baseball_mlb,,,
cmst9e5f700lvcopvd1d16kv3,2026-08-15T09:52:23.272Z,2026-08-15T09:52:43.266Z,79,WIN,MONEYLINE,Chicago Cubs ML (model signal),0,PREMIUM,v5.2.6,,,,,,,,MLB,baseball_mlb,,,
cmst9e77200lxcopvbu5eufe4,2026-08-15T09:52:23.272Z,2026-08-15T09:52:43.266Z,66,LOSS,MONEYLINE,San Francisco Giants ML (model signal),0,FREE,v5.2.6,,,,,,,,MLB,baseball_mlb,,,
cmst9e7y800lzcopvesn5s4ay,2026-08-15T09:52:23.272Z,2026-08-15T09:52:43.266Z,62,WIN,MONEYLINE,Cincinnati Reds ML (model signal),0,FREE,v5.2.6,,,,,,,,MLB,baseball_mlb,,,
cmsth7j6i00016c42lpvr7lq5,2026-08-15T09:52:23.272Z,2026-08-15T09:52:43.266Z,63,WIN,MONEYLINE,Arizona Diamondbacks ML (model signal),0,FREE,v5.2.6,,,,,,,,MLB,baseball_mlb,,,
cmstbkzw800lwqo3pv5n0tu41,2026-08-15T09:52:23.272Z,2026-08-15T09:52:43.266Z,63,LOSS,MONEYLINE,Tampa Bay Rays ML (model signal),0,FREE,v5.2.6,,,,,,,,MLB,baseball_mlb,,,
cmsphex4600hxl36g2q17crib,2026-08-15T19:39:58.418Z,2026-08-17T21:52:14.864Z,65,WIN,MONEYLINE,Buffalo Bills ML (model signal),0,FREE,v5.2.6,,,,,,,,NFL,americanfootball_nfl,,,
cmsp9vvxk00013jd1owjry5sa,2026-08-17T22:39:23.327Z,2026-08-18T01:38:43.233Z,66,LOSS,MONEYLINE,Cincinnati Reds ML (model signal),0,FREE,v5.2.6,,,,,,,,MLB,baseball_mlb,,,
cmsxgy7t800ycnvvwgqsm8gzd,2026-08-17T22:39:23.327Z,2026-08-18T01:38:43.233Z,66,LOSS,MONEYLINE,Cincinnati Reds ML (model signal),0,FREE,v5.2.6,,,,,,,,MLB,baseball_mlb,,,
cmsmgvxtu00apo4na44cep7ju,2026-08-18T01:37:19.491Z,2026-08-18T01:38:43.233Z,66,LOSS,MONEYLINE,Cincinnati Reds ML (model signal),0,FREE,v5.2.6,,,,,,,,MLB,baseball_mlb,,,
cmsxgygu900yynvvwe9te160b,2026-08-18T01:37:19.491Z,2026-08-18T01:38:43.233Z,66,LOSS,MONEYLINE,Cincinnati Reds ML (model signal),0,FREE,v5.2.6,,,,,,,,MLB,baseball_mlb,,,
cmsp9vw6k00073jd1noobq7v8,2026-08-18T01:37:19.491Z,2026-08-18T01:38:43.233Z,66,LOSS,MONEYLINE,Cincinnati Reds ML (model signal),0,FREE,v5.2.6,,,,,,,,MLB,baseball_mlb,,,
cmsxgy9sg00ymnvvwp265qvg6,2026-08-18T01:37:19.491Z,2026-08-18T01:38:43.233Z,66,LOSS,MONEYLINE,Cincinnati Reds ML (model signal),0,FREE,v5.2.6,,,,,,,,MLB,baseball_mlb,,,
cmsxnxvw60003byfuqd8aomku,2026-08-18T01:37:19.491Z,2026-08-18T01:38:43.233Z,66,LOSS,MONEYLINE,Cincinnati Reds ML (model signal),0,FREE,v5.2.6,,,,,,,,MLB,baseball_mlb,,,
cmsxgy7yj00yenvvwv4i56l4b,2026-08-18T02:50:04.400Z,2026-08-18T08:20:16.764Z,63,WIN,MONEYLINE,Tampa Bay Rays ML (model signal),0,FREE,v5.2.6,,,,,,,,MLB,baseball_mlb,,,
cmsp9vvzn00033jd12xn828t7,2026-08-18T02:50:04.400Z,2026-08-18T08:20:16.764Z,63,WIN,MONEYLINE,Tampa Bay Rays ML (model signal),0,FREE,v5.2.6,,,,,,,,MLB,baseball_mlb,,,
cmsp9vw1q00053jd1aq0g1gmh,2026-08-18T03:36:44.039Z,2026-08-18T08:20:16.764Z,70,WIN,MONEYLINE,Philadelphia Phillies ML (model signal),0,PREMIUM,v5.2.6,,,,,,,,MLB,baseball_mlb,,,
cmsxgy8z200ygnvvw9l8vjxt1,2026-08-18T03:36:44.039Z,2026-08-18T08:20:16.764Z,70,WIN,MONEYLINE,Philadelphia Phillies ML (model signal),0,PREMIUM,v5.2.6,,,,,,,,MLB,baseball_mlb,,,
cmsmgwnz000avo4nav9vw5ud7,2026-08-18T04:31:45.199Z,2026-08-18T08:20:16.764Z,70,WIN,MONEYLINE,Kansas City Royals ML (model signal),0,PREMIUM,v5.2.6,,,,,,,,MLB,baseball_mlb,,,
cmsxgydra00yonvvwetdz4bvt,2026-08-18T04:31:45.199Z,2026-08-18T08:20:16.764Z,71,WIN,MONEYLINE,Kansas City Royals ML (model signal),0,PREMIUM,v5.2.6,,,,,,,,MLB,baseball_mlb,,,
cmsxs8aef0003y5xy8z18tkbj,2026-08-18T08:05:38.488Z,2026-08-18T08:20:16.764Z,70,WIN,MONEYLINE,Kansas City Royals ML (model signal),0,PREMIUM,v5.2.6,,,,,,,,MLB,baseball_mlb,,,
cmsxgyg7200yunvvwbnsi87m8,2026-08-18T08:05:38.488Z,2026-08-18T08:20:16.764Z,69,WIN,MONEYLINE,Philadelphia Phillies ML (model signal),0,FREE,v5.2.6,,,,,,,,MLB,baseball_mlb,,,
cmsmgvwwj00alo4nawurjekfc,2026-08-18T08:05:38.488Z,2026-08-18T08:20:16.764Z,67,WIN,MONEYLINE,Philadelphia Phillies ML (model signal),0,FREE,v5.2.6,,,,,,,,MLB,baseball_mlb,,,
cmsxgyisk00z8nvvw1c5ar689,2026-08-18T08:05:38.488Z,2026-08-18T08:20:16.764Z,64,WIN,MONEYLINE,Washington Nationals ML (model signal),0,FREE,v5.2.6,,,,,,,,MLB,baseball_mlb,,,
cmsxnxzat0005byfu08k38qzb,2026-08-18T08:05:38.488Z,2026-08-18T08:20:16.764Z,64,WIN,MONEYLINE,Washington Nationals ML (model signal),0,FREE,v5.2.6,,,,,,,,MLB,baseball_mlb,,,
cmsxgyhsn00z2nvvw4s9clkt0,2026-08-18T08:05:38.488Z,2026-08-18T08:20:16.764Z,70,WIN,MONEYLINE,Kansas City Royals ML (model signal),0,PREMIUM,v5.2.6,,,,,,,,MLB,baseball_mlb,,,
cmsxs88480001y5xyqq5dcb8r,2026-08-18T08:05:38.488Z,2026-08-18T08:20:16.764Z,69,WIN,MONEYLINE,Philadelphia Phillies ML (model signal),0,FREE,v5.2.6,,,,,,,,MLB,baseball_mlb,,,
