category,metric_path,metric_title,free_full,rank,name,name_href,team,position,season_label,season_value,last_1,last_3,last_5,last_10,home,away,extra_json
advanced-players,/nfl/advanced/players/alignment/left-alignment-rate,Left Alignment Rate | NFL Advanced Stats,no,1,Ja'Kobi LaneJ. Lane,/nfl/player-pages/110650/jakobi-lane,Baltimore Ravens,WR,2026,61.5%,61.5%,61.5%,61.5%,61.5%,-,61.5%,
advanced-players,/nfl/advanced/players/alignment/left-alignment-rate,Left Alignment Rate | NFL Advanced Stats,no,2,A.J. BrownA. Brown,/nfl/player-pages/3584/aj-brown,New England Patriots,WR,2026,58.3%,58.3%,58.3%,58.3%,58.3%,-,58.3%,
advanced-players,/nfl/advanced/players/alignment/left-alignment-rate,Left Alignment Rate | NFL Advanced Stats,no,3,Tee HigginsT. Higgins,/nfl/player-pages/16731/tee-higgins,Cincinnati Bengals,WR,2026,56.7%,56.7%,56.7%,56.7%,56.7%,56.7%,-,
advanced-players,/nfl/advanced/players/alignment/left-alignment-rate,Left Alignment Rate | NFL Advanced Stats,no,4,Drake LondonD. London,/nfl/player-pages/17187/drake-london,Atlanta Falcons,WR,2026,56.0%,56.0%,56.0%,56.0%,56.0%,-,56.0%,
advanced-players,/nfl/advanced/players/alignment/left-alignment-rate,Left Alignment Rate | NFL Advanced Stats,no,5,Nico CollinsN. Collins,/nfl/player-pages/14167/nico-collins,Houston Texans,WR,2026,55.6%,55.6%,55.6%,55.6%,55.6%,55.6%,-,
advanced-players,/nfl/advanced/players/alignment/move-te-percent,Move TE Percentage | NFL Advanced Stats,no,1,Trey McBrideT. McBride,/nfl/player-pages/20178/trey-mcbride,Arizona Cardinals,TE,2026,71.1%,71.1%,71.1%,71.1%,71.1%,-,71.1%,
advanced-players,/nfl/advanced/players/alignment/move-te-percent,Move TE Percentage | NFL Advanced Stats,no,2,Colston LovelandC. Loveland,/nfl/player-pages/9105/colston-loveland,Chicago Bears,TE,2026,71.0%,71.0%,71.0%,71.0%,71.0%,-,71.0%,
advanced-players,/nfl/advanced/players/alignment/move-te-percent,Move TE Percentage | NFL Advanced Stats,no,3,Isaiah LikelyI. Likely,/nfl/player-pages/21028/isaiah-likely,New York Giants,TE,2026,67.7%,67.7%,67.7%,67.7%,67.7%,67.7%,-,
advanced-players,/nfl/advanced/players/alignment/move-te-percent,Move TE Percentage | NFL Advanced Stats,no,4,Juwan JohnsonJ. Johnson,/nfl/player-pages/14481/juwan-johnson,New Orleans Saints,TE,2026,61.3%,61.3%,61.3%,61.3%,61.3%,-,61.3%,
advanced-players,/nfl/advanced/players/alignment/move-te-percent,Move TE Percentage | NFL Advanced Stats,no,5,Tyler WarrenT. Warren,/nfl/player-pages/18261/tyler-warren,Indianapolis Colts,TE,2026,60.6%,60.6%,60.6%,60.6%,60.6%,60.6%,-,
advanced-players,/nfl/advanced/players/alignment/move-te-snaps,Move TE Snaps | NFL Advanced Stats,no,1,Juwan JohnsonJ. Johnson,/nfl/player-pages/14481/juwan-johnson,New Orleans Saints,TE,2026,45,45,45,45,45,-,45,
advanced-players,/nfl/advanced/players/alignment/move-te-snaps,Move TE Snaps | NFL Advanced Stats,no,2,Trey McBrideT. McBride,/nfl/player-pages/20178/trey-mcbride,Arizona Cardinals,TE,2026,35,35,35,35,35,-,35,
advanced-players,/nfl/advanced/players/alignment/move-te-snaps,Move TE Snaps | NFL Advanced Stats,no,3,Colston LovelandC. Loveland,/nfl/player-pages/9105/colston-loveland,Chicago Bears,TE,2026,34,34,34,34,34,-,34,
advanced-players,/nfl/advanced/players/alignment/move-te-snaps,Move TE Snaps | NFL Advanced Stats,no,4,Hunter HenryH. Henry,/nfl/player-pages/6312/hunter-henry,New England Patriots,TE,2026,30,30,30,30,30,-,30,
advanced-players,/nfl/advanced/players/alignment/move-te-snaps,Move TE Snaps | NFL Advanced Stats,no,4,Dalton SchultzD. Schultz,/nfl/player-pages/17832/dalton-schultz,Houston Texans,TE,2026,30,30,30,30,30,30,-,
advanced-players,/nfl/advanced/players/alignment/perimeter-rate,Perimeter Rate | NFL Advanced Stats,no,1,George PickensG. Pickens,/nfl/player-pages/23440/george-pickens,Dallas Cowboys,WR,2026,93.3%,93.3%,93.3%,93.3%,93.3%,-,93.3%,
advanced-players,/nfl/advanced/players/alignment/perimeter-rate,Perimeter Rate | NFL Advanced Stats,no,2,Denzel BostonD. Boston,/nfl/player-pages/110385/denzel-boston,Cleveland Browns,WR,2026,92.3%,92.3%,92.3%,92.3%,92.3%,-,92.3%,
advanced-players,/nfl/advanced/players/alignment/perimeter-rate,Perimeter Rate | NFL Advanced Stats,no,2,Tre TuckerT. Tucker,/nfl/player-pages/16994/tre-tucker,Las Vegas Raiders,WR,2026,92.3%,92.3%,92.3%,92.3%,92.3%,92.3%,-,
advanced-players,/nfl/advanced/players/alignment/perimeter-rate,Perimeter Rate | NFL Advanced Stats,no,4,Kevin Coleman Jr.K. Coleman Jr.,/nfl/player-pages/110437/kevin-coleman-jr,Miami Dolphins,WR,2026,91.7%,91.7%,91.7%,91.7%,91.7%,-,91.7%,
advanced-players,/nfl/advanced/players/alignment/perimeter-rate,Perimeter Rate | NFL Advanced Stats,no,4,Nico CollinsN. Collins,/nfl/player-pages/14167/nico-collins,Houston Texans,WR,2026,91.7%,91.7%,91.7%,91.7%,91.7%,91.7%,-,
advanced-players,/nfl/advanced/players/alignment/right-alignment-rate,Right Alignment Rate | NFL Advanced Stats,no,1,Puka NacuaP. Nacua,/nfl/player-pages/14907/puka-nacua,Los Angeles Rams,WR,2026,65.0%,65.0%,65.0%,65.0%,65.0%,65.0%,-,
advanced-players,/nfl/advanced/players/alignment/right-alignment-rate,Right Alignment Rate | NFL Advanced Stats,no,2,Rome OdunzeR. Odunze,/nfl/player-pages/8836/rome-odunze,Chicago Bears,WR,2026,57.9%,57.9%,57.9%,57.9%,57.9%,-,57.9%,
advanced-players,/nfl/advanced/players/alignment/right-alignment-rate,Right Alignment Rate | NFL Advanced Stats,no,3,Dyami BrownD. Brown,/nfl/player-pages/10849/dyami-brown,Washington Commanders,WR,2026,54.5%,54.5%,54.5%,54.5%,54.5%,-,54.5%,
advanced-players,/nfl/advanced/players/alignment/right-alignment-rate,Right Alignment Rate | NFL Advanced Stats,no,4,Xavier LegetteX. Legette,/nfl/player-pages/23813/xavier-legette,Carolina Panthers,WR,2026,54.2%,54.2%,54.2%,54.2%,54.2%,54.2%,-,
advanced-players,/nfl/advanced/players/alignment/right-alignment-rate,Right Alignment Rate | NFL Advanced Stats,no,5,Jordan AddisonJ. Addison,/nfl/player-pages/8458/jordan-addison,Minnesota Vikings,WR,2026,53.8%,53.8%,53.8%,53.8%,53.8%,53.8%,-,
advanced-players,/nfl/advanced/players/alignment/slot-rate-te-wr-rb,Slot Rate | NFL Advanced Stats,no,1,DeMario DouglasD. Douglas,/nfl/player-pages/8027/demario-douglas,New England Patriots,WR,2026,89.7%,89.7%,89.7%,89.7%,89.7%,-,89.7%,
advanced-players,/nfl/advanced/players/alignment/slot-rate-te-wr-rb,Slot Rate | NFL Advanced Stats,no,2,Jaylin NoelJ. Noel,/nfl/player-pages/10401/jaylin-noel,Houston Texans,WR,2026,85.7%,85.7%,85.7%,85.7%,85.7%,85.7%,-,
advanced-players,/nfl/advanced/players/alignment/slot-rate-te-wr-rb,Slot Rate | NFL Advanced Stats,no,3,Jayden ReedJ. Reed,/nfl/player-pages/4414/jayden-reed,Green Bay Packers,WR,2026,80.0%,80.0%,80.0%,80.0%,80.0%,-,80.0%,
advanced-players,/nfl/advanced/players/alignment/slot-rate-te-wr-rb,Slot Rate | NFL Advanced Stats,no,4,Josh DownsJ. Downs,/nfl/player-pages/366/josh-downs,Indianapolis Colts,WR,2026,78.1%,78.1%,78.1%,78.1%,78.1%,78.1%,-,
advanced-players,/nfl/advanced/players/alignment/slot-rate-te-wr-rb,Slot Rate | NFL Advanced Stats,no,5,Isaiah WilliamsI. Williams,/nfl/player-pages/7058/isaiah-williams,New York Jets,WR,2026,77.8%,77.8%,77.8%,77.8%,77.8%,-,77.8%,
advanced-players,/nfl/advanced/players/alignment/slot-snaps-te-wr-rb,Slot Snaps | NFL Advanced Stats,no,1,DeMario DouglasD. Douglas,/nfl/player-pages/8027/demario-douglas,New England Patriots,WR,2026,37,37,37,37,37,-,37,
advanced-players,/nfl/advanced/players/alignment/slot-snaps-te-wr-rb,Slot Snaps | NFL Advanced Stats,no,2,Wan'Dale RobinsonW. Robinson,/nfl/player-pages/13211/wandale-robinson,Tennessee Titans,WR,2026,33,33,33,33,33,33,-,
advanced-players,/nfl/advanced/players/alignment/slot-snaps-te-wr-rb,Slot Snaps | NFL Advanced Stats,no,2,Devaughn VeleD. Vele,/nfl/player-pages/13889/devaughn-vele,New Orleans Saints,WR,2026,33,33,33,33,33,-,33,
advanced-players,/nfl/advanced/players/alignment/slot-snaps-te-wr-rb,Slot Snaps | NFL Advanced Stats,no,4,Juwan JohnsonJ. Johnson,/nfl/player-pages/14481/juwan-johnson,New Orleans Saints,TE,2026,32,32,32,32,32,-,32,
advanced-players,/nfl/advanced/players/alignment/slot-snaps-te-wr-rb,Slot Snaps | NFL Advanced Stats,no,5,Chris OlaveC. Olave,/nfl/player-pages/4973/chris-olave,New Orleans Saints,WR,2026,30,30,30,30,30,-,30,
advanced-players,/nfl/advanced/players/cb/10-plus-yard-receptions-allowed-rate,10+ Yard Receptions Allowed Rate | NFL Advanced Stats,no,1,Jordan BattleJ. Battle,/nfl/player-pages/11184/jordan-battle,Cincinnati Bengals,SAF,2026,31.3%,31.3%,31.3%,31.3%,31.3%,31.3%,-,
advanced-players,/nfl/advanced/players/cb/10-plus-yard-receptions-allowed-rate,10+ Yard Receptions Allowed Rate | NFL Advanced Stats,no,2,Reed BlankenshipR. Blankenship,/nfl/player-pages/12293/reed-blankenship,Houston Texans,SAF,2026,22.2%,22.2%,22.2%,22.2%,22.2%,22.2%,-,
advanced-players,/nfl/advanced/players/cb/10-plus-yard-receptions-allowed-rate,10+ Yard Receptions Allowed Rate | NFL Advanced Stats,no,3,Andre CiscoA. Cisco,/nfl/player-pages/17104/andre-cisco,New York Jets,SAF,2026,20.0%,20.0%,20.0%,20.0%,20.0%,-,20.0%,
advanced-players,/nfl/advanced/players/cb/10-plus-yard-receptions-allowed-rate,10+ Yard Receptions Allowed Rate | NFL Advanced Stats,no,4,Malaki StarksM. Starks,/nfl/player-pages/17463/malaki-starks,Baltimore Ravens,SAF,2026,18.2%,18.2%,18.2%,18.2%,18.2%,-,18.2%,
advanced-players,/nfl/advanced/players/cb/10-plus-yard-receptions-allowed-rate,10+ Yard Receptions Allowed Rate | NFL Advanced Stats,no,4,Treydan StukesT. Stukes,/nfl/player-pages/110874/treydan-stukes,Las Vegas Raiders,SAF,2026,18.2%,18.2%,18.2%,18.2%,18.2%,18.2%,-,
advanced-players,/nfl/advanced/players/cb/30-plus-yard-receptions-allowed-rate,30+ Yard Receptions Allowed Rate | NFL Advanced Stats,no,1,Reed BlankenshipR. Blankenship,/nfl/player-pages/12293/reed-blankenship,Houston Texans,SAF,2026,11.1%,11.1%,11.1%,11.1%,11.1%,11.1%,-,
advanced-players,/nfl/advanced/players/cb/30-plus-yard-receptions-allowed-rate,30+ Yard Receptions Allowed Rate | NFL Advanced Stats,no,2,Craig WoodsonC. Woodson,/nfl/player-pages/8217/craig-woodson,New England Patriots,SAF,2026,8.3%,8.3%,8.3%,8.3%,8.3%,-,8.3%,
advanced-players,/nfl/advanced/players/cb/30-plus-yard-receptions-allowed-rate,30+ Yard Receptions Allowed Rate | NFL Advanced Stats,no,3,Rasul DouglasR. Douglas,/nfl/player-pages/2232/rasul-douglas,Washington Commanders,CB,2026,7.7%,7.7%,7.7%,7.7%,7.7%,-,7.7%,
advanced-players,/nfl/advanced/players/cb/30-plus-yard-receptions-allowed-rate,30+ Yard Receptions Allowed Rate | NFL Advanced Stats,no,4,Will Lee IIIW. Lee III,/nfl/player-pages/110655/will-lee-iii,Carolina Panthers,CB,2026,6.3%,6.3%,6.3%,6.3%,6.3%,6.3%,-,
advanced-players,/nfl/advanced/players/cb/30-plus-yard-receptions-allowed-rate,30+ Yard Receptions Allowed Rate | NFL Advanced Stats,no,4,Jordan BattleJ. Battle,/nfl/player-pages/11184/jordan-battle,Cincinnati Bengals,SAF,2026,6.3%,6.3%,6.3%,6.3%,6.3%,6.3%,-,
advanced-players,/nfl/advanced/players/cb/40-plus-yard-receptions-allowed-rate,40+ Yard Receptions Allowed Rate | NFL Advanced Stats,no,1,Reed BlankenshipR. Blankenship,/nfl/player-pages/12293/reed-blankenship,Houston Texans,SAF,2026,11.1%,11.1%,11.1%,11.1%,11.1%,11.1%,-,
advanced-players,/nfl/advanced/players/cb/40-plus-yard-receptions-allowed-rate,40+ Yard Receptions Allowed Rate | NFL Advanced Stats,no,2,Craig WoodsonC. Woodson,/nfl/player-pages/8217/craig-woodson,New England Patriots,SAF,2026,8.3%,8.3%,8.3%,8.3%,8.3%,-,8.3%,
advanced-players,/nfl/advanced/players/cb/40-plus-yard-receptions-allowed-rate,40+ Yard Receptions Allowed Rate | NFL Advanced Stats,no,3,Will Lee IIIW. Lee III,/nfl/player-pages/110655/will-lee-iii,Carolina Panthers,CB,2026,6.3%,6.3%,6.3%,6.3%,6.3%,6.3%,-,
advanced-players,/nfl/advanced/players/cb/40-plus-yard-receptions-allowed-rate,40+ Yard Receptions Allowed Rate | NFL Advanced Stats,no,4,Montaric BrownM. Brown,/nfl/player-pages/10597/montaric-brown,Jacksonville Jaguars,CB,2026,5.6%,5.6%,5.6%,5.6%,5.6%,5.6%,-,
advanced-players,/nfl/advanced/players/cb/40-plus-yard-receptions-allowed-rate,40+ Yard Receptions Allowed Rate | NFL Advanced Stats,no,5,Justin WalleyJ. Walley,/nfl/player-pages/16607/justin-walley,Indianapolis Colts,CB,2026,5.0%,5.0%,5.0%,5.0%,5.0%,5.0%,-,
advanced-players,/nfl/advanced/players/cb/50-plus-yard-receptions-allowed-rate,50+ Yard Receptions Allowed Rate | NFL Advanced Stats,no,1,James PierreJ. Pierre,/nfl/player-pages/18999/james-pierre,Minnesota Vikings,CB,2026,4.5%,4.5%,4.5%,4.5%,4.5%,4.5%,-,
advanced-players,/nfl/advanced/players/cb/50-plus-yard-receptions-allowed-rate,50+ Yard Receptions Allowed Rate | NFL Advanced Stats,no,2,Charvarius WardC. Ward,/nfl/player-pages/4556/charvarius-ward,Indianapolis Colts,CB,2026,4.0%,4.0%,4.0%,4.0%,4.0%,4.0%,-,
advanced-players,/nfl/advanced/players/cb/50-plus-yard-receptions-allowed-rate,50+ Yard Receptions Allowed Rate | NFL Advanced Stats,no,2,Ja'Quan McMillianJ. McMillian,/nfl/player-pages/9712/jaquan-mcmillian,Denver Broncos,CB,2026,4.0%,4.0%,4.0%,4.0%,4.0%,-,4.0%,
advanced-players,/nfl/advanced/players/cb/50-plus-yard-receptions-allowed-rate,50+ Yard Receptions Allowed Rate | NFL Advanced Stats,no,4,Mike SainristilM. Sainristil,/nfl/player-pages/4618/mike-sainristil,Washington Commanders,CB,2026,3.7%,3.7%,3.7%,3.7%,3.7%,-,3.7%,
advanced-players,/nfl/advanced/players/cb/50-plus-yard-receptions-allowed-rate,50+ Yard Receptions Allowed Rate | NFL Advanced Stats,no,5,Tyrique StevensonT. Stevenson,/nfl/player-pages/10715/tyrique-stevenson,Chicago Bears,CB,2026,2.9%,2.9%,2.9%,2.9%,2.9%,-,2.9%,
advanced-players,/nfl/advanced/players/cb/average-cushion-allowed,Average Cushion Allowed (CB) | NFL Advanced Stats,no,1,Theo JacksonT. Jackson,/nfl/player-pages/19943/theo-jackson,Minnesota Vikings,DB,2026,12.1,12.1,12.1,12.1,12.1,12.1,-,
advanced-players,/nfl/advanced/players/cb/average-cushion-allowed,Average Cushion Allowed (CB) | NFL Advanced Stats,no,2,Alohi GilmanA. Gilman,/nfl/player-pages/4132/alohi-gilman,Kansas City Chiefs,SAF,2026,10.8,10.8,10.8,10.8,10.8,10.8,-,
advanced-players,/nfl/advanced/players/cb/average-cushion-allowed,Average Cushion Allowed (CB) | NFL Advanced Stats,no,3,Andre CiscoA. Cisco,/nfl/player-pages/17104/andre-cisco,New York Jets,SAF,2026,10.1,10.1,10.1,10.1,10.1,-,10.1,
advanced-players,/nfl/advanced/players/cb/average-cushion-allowed,Average Cushion Allowed (CB) | NFL Advanced Stats,no,3,Malaki StarksM. Starks,/nfl/player-pages/17463/malaki-starks,Baltimore Ravens,SAF,2026,10.1,10.1,10.1,10.1,10.1,-,10.1,
advanced-players,/nfl/advanced/players/cb/average-cushion-allowed,Average Cushion Allowed (CB) | NFL Advanced Stats,no,5,Nick CrossN. Cross,/nfl/player-pages/11532/nick-cross,Washington Commanders,SAF,2026,9.3,9.3,9.3,9.3,9.3,-,9.3,
advanced-players,/nfl/advanced/players/cb/average-depth-of-target-allowed,Average Depth of Target Allowed | NFL Advanced Stats,no,1,Jarrian JonesJ. Jones,/nfl/player-pages/6677/jarrian-jones,Jacksonville Jaguars,CB,2026,25.5,25.5,25.5,25.5,25.5,25.5,-,
advanced-players,/nfl/advanced/players/cb/average-depth-of-target-allowed,Average Depth of Target Allowed | NFL Advanced Stats,no,1,Treydan StukesT. Stukes,/nfl/player-pages/110874/treydan-stukes,Las Vegas Raiders,SAF,2026,25.5,25.5,25.5,25.5,25.5,25.5,-,
advanced-players,/nfl/advanced/players/cb/average-depth-of-target-allowed,Average Depth of Target Allowed | NFL Advanced Stats,no,3,Sauce GardnerS. Gardner,/nfl/player-pages/10345/sauce-gardner,Indianapolis Colts,CB,2026,24.5,24.5,24.5,24.5,24.5,24.5,-,
advanced-players,/nfl/advanced/players/cb/average-depth-of-target-allowed,Average Depth of Target Allowed | NFL Advanced Stats,no,4,Mike SainristilM. Sainristil,/nfl/player-pages/4618/mike-sainristil,Washington Commanders,CB,2026,24.0,24.0,24.0,24.0,24.0,-,24.0,
advanced-players,/nfl/advanced/players/cb/average-depth-of-target-allowed,Average Depth of Target Allowed | NFL Advanced Stats,no,5,Riq WoolenR. Woolen,/nfl/player-pages/2095/riq-woolen,Philadelphia Eagles,CB,2026,22.5,22.5,22.5,22.5,22.5,22.5,-,
advanced-players,/nfl/advanced/players/cb/catch-rate-allowed,Catch Rate Allowed | NFL Advanced Stats,no,1,Nate WigginsN. Wiggins,/nfl/player-pages/323/nate-wiggins,Baltimore Ravens,CB,2026,0.0%,0.0%,0.0%,0.0%,0.0%,-,0.0%,
advanced-players,/nfl/advanced/players/cb/catch-rate-allowed,Catch Rate Allowed | NFL Advanced Stats,no,1,Riq WoolenR. Woolen,/nfl/player-pages/2095/riq-woolen,Philadelphia Eagles,CB,2026,0.0%,0.0%,0.0%,0.0%,0.0%,0.0%,-,
advanced-players,/nfl/advanced/players/cb/catch-rate-allowed,Catch Rate Allowed | NFL Advanced Stats,no,1,Carlton Davis IIIC. Davis III,/nfl/player-pages/17139/carlton-davis-iii,New England Patriots,CB,2026,0.0%,0.0%,0.0%,0.0%,0.0%,-,0.0%,
advanced-players,/nfl/advanced/players/cb/catch-rate-allowed,Catch Rate Allowed | NFL Advanced Stats,no,4,Rasul DouglasR. Douglas,/nfl/player-pages/2232/rasul-douglas,Washington Commanders,CB,2026,20.0%,20.0%,20.0%,20.0%,20.0%,-,20.0%,
advanced-players,/nfl/advanced/players/cb/catch-rate-allowed,Catch Rate Allowed | NFL Advanced Stats,no,5,Brandon StephensB. Stephens,/nfl/player-pages/138/brandon-stephens,New York Jets,CB,2026,25.0%,25.0%,25.0%,25.0%,25.0%,-,25.0%,
advanced-players,/nfl/advanced/players/cb/cover-0-rate,Cover 0 Rate | NFL Advanced Stats,no,1,Sauce GardnerS. Gardner,/nfl/player-pages/10345/sauce-gardner,Indianapolis Colts,CB,2026,12.0%,12.0%,12.0%,12.0%,12.0%,12.0%,-,
advanced-players,/nfl/advanced/players/cb/cover-0-rate,Cover 0 Rate | NFL Advanced Stats,no,1,Avonte MaddoxA. Maddox,/nfl/player-pages/12450/avonte-maddox,Detroit Lions,FS,2026,12.0%,12.0%,12.0%,12.0%,12.0%,12.0%,-,
advanced-players,/nfl/advanced/players/cb/cover-0-rate,Cover 0 Rate | NFL Advanced Stats,no,3,Quinyon MitchellQ. Mitchell,/nfl/player-pages/8503/quinyon-mitchell,Philadelphia Eagles,CB,2026,11.4%,11.4%,11.4%,11.4%,11.4%,11.4%,-,
advanced-players,/nfl/advanced/players/cb/cover-0-rate,Cover 0 Rate | NFL Advanced Stats,no,4,Riq WoolenR. Woolen,/nfl/player-pages/2095/riq-woolen,Philadelphia Eagles,CB,2026,11.1%,11.1%,11.1%,11.1%,11.1%,11.1%,-,
advanced-players,/nfl/advanced/players/cb/cover-0-rate,Cover 0 Rate | NFL Advanced Stats,no,5,Keionte ScottK. Scott,/nfl/player-pages/110837/keionte-scott,Tampa Bay Buccaneers,CB,2026,10.7%,10.7%,10.7%,10.7%,10.7%,-,10.7%,
advanced-players,/nfl/advanced/players/cb/cover-1-rate,Cover 1 Rate | NFL Advanced Stats,no,1,Cam LewisC. Lewis,/nfl/player-pages/11406/cam-lewis,Chicago Bears,CB,2026,60.0%,60.0%,60.0%,60.0%,60.0%,-,60.0%,
advanced-players,/nfl/advanced/players/cb/cover-1-rate,Cover 1 Rate | NFL Advanced Stats,no,2,Justin WalleyJ. Walley,/nfl/player-pages/16607/justin-walley,Indianapolis Colts,CB,2026,57.9%,57.9%,57.9%,57.9%,57.9%,57.9%,-,
advanced-players,/nfl/advanced/players/cb/cover-1-rate,Cover 1 Rate | NFL Advanced Stats,no,3,Riley MossR. Moss,/nfl/player-pages/21821/riley-moss,Denver Broncos,CB,2026,53.6%,53.6%,53.6%,53.6%,53.6%,-,53.6%,
advanced-players,/nfl/advanced/players/cb/cover-1-rate,Cover 1 Rate | NFL Advanced Stats,no,4,Charvarius WardC. Ward,/nfl/player-pages/4556/charvarius-ward,Indianapolis Colts,CB,2026,52.0%,52.0%,52.0%,52.0%,52.0%,52.0%,-,
advanced-players,/nfl/advanced/players/cb/cover-1-rate,Cover 1 Rate | NFL Advanced Stats,no,4,Ja'Quan McMillianJ. McMillian,/nfl/player-pages/9712/jaquan-mcmillian,Denver Broncos,CB,2026,52.0%,52.0%,52.0%,52.0%,52.0%,-,52.0%,
advanced-players,/nfl/advanced/players/cb/cover-2-rate,Cover 2 Rate | NFL Advanced Stats,no,1,Brandon CisseB. Cisse,/nfl/player-pages/110429/brandon-cisse,Green Bay Packers,CB,2026,58.3%,58.3%,58.3%,58.3%,58.3%,-,58.3%,
advanced-players,/nfl/advanced/players/cb/cover-2-rate,Cover 2 Rate | NFL Advanced Stats,no,1,Julius BrentsJ. Brents,/nfl/player-pages/22395/julius-brents,Miami Dolphins,CB,2026,58.3%,58.3%,58.3%,58.3%,58.3%,-,58.3%,
advanced-players,/nfl/advanced/players/cb/cover-2-rate,Cover 2 Rate | NFL Advanced Stats,no,3,Keisean NixonK. Nixon,/nfl/player-pages/10480/keisean-nixon,Green Bay Packers,DB,2026,55.6%,55.6%,55.6%,55.6%,55.6%,-,55.6%,
advanced-players,/nfl/advanced/players/cb/cover-2-rate,Cover 2 Rate | NFL Advanced Stats,no,4,Dee AlfordD. Alford,/nfl/player-pages/12027/dee-alford,Buffalo Bills,CB,2026,51.6%,51.6%,51.6%,51.6%,51.6%,-,51.6%,
advanced-players,/nfl/advanced/players/cb/cover-2-rate,Cover 2 Rate | NFL Advanced Stats,no,5,Christian BenfordC. Benford,/nfl/player-pages/4992/christian-benford,Buffalo Bills,CB,2026,51.2%,51.2%,51.2%,51.2%,51.2%,-,51.2%,
advanced-players,/nfl/advanced/players/cb/cover-3-rate,Cover 3 Rate | NFL Advanced Stats,no,1,Jacob ParrishJ. Parrish,/nfl/player-pages/9341/jacob-parrish,Tampa Bay Buccaneers,CB,2026,58.3%,58.3%,58.3%,58.3%,58.3%,-,58.3%,
advanced-players,/nfl/advanced/players/cb/cover-3-rate,Cover 3 Rate | NFL Advanced Stats,no,2,Keionte ScottK. Scott,/nfl/player-pages/110837/keionte-scott,Tampa Bay Buccaneers,CB,2026,53.6%,53.6%,53.6%,53.6%,53.6%,-,53.6%,
advanced-players,/nfl/advanced/players/cb/cover-3-rate,Cover 3 Rate | NFL Advanced Stats,no,3,Zyon McCollumZ. McCollum,/nfl/player-pages/15096/zyon-mccollum,Tampa Bay Buccaneers,CB,2026,47.2%,47.2%,47.2%,47.2%,47.2%,-,47.2%,
advanced-players,/nfl/advanced/players/cb/cover-3-rate,Cover 3 Rate | NFL Advanced Stats,no,4,Quincy RileyQ. Riley,/nfl/player-pages/13142/quincy-riley,New Orleans Saints,CB,2026,45.5%,45.5%,45.5%,45.5%,45.5%,-,45.5%,
advanced-players,/nfl/advanced/players/cb/cover-3-rate,Cover 3 Rate | NFL Advanced Stats,no,5,Derek Stingley Jr.D. Stingley Jr.,/nfl/player-pages/20101/derek-stingley-jr,Houston Texans,CB,2026,43.8%,43.8%,43.8%,43.8%,43.8%,43.8%,-,
advanced-players,/nfl/advanced/players/cb/cover-4-rate,Cover 4 Rate | NFL Advanced Stats,no,1,Kristian FultonK. Fulton,/nfl/player-pages/6854/kristian-fulton,Kansas City Chiefs,CB,2026,36.7%,36.7%,36.7%,36.7%,36.7%,36.7%,-,
advanced-players,/nfl/advanced/players/cb/cover-4-rate,Cover 4 Rate | NFL Advanced Stats,no,2,Nohl WilliamsN. Williams,/nfl/player-pages/9804/nohl-williams,Kansas City Chiefs,CB,2026,34.4%,34.4%,34.4%,34.4%,34.4%,34.4%,-,
advanced-players,/nfl/advanced/players/cb/cover-4-rate,Cover 4 Rate | NFL Advanced Stats,no,3,L'Jarius SneedL. Sneed,/nfl/player-pages/24112/ljarius-sneed,Kansas City Chiefs,CB,2026,33.3%,33.3%,33.3%,33.3%,33.3%,33.3%,-,
advanced-players,/nfl/advanced/players/cb/cover-4-rate,Cover 4 Rate | NFL Advanced Stats,no,4,Jaylen WatsonJ. Watson,/nfl/player-pages/7122/jaylen-watson,Los Angeles Rams,CB,2026,26.5%,26.5%,26.5%,26.5%,26.5%,26.5%,-,
advanced-players,/nfl/advanced/players/cb/cover-4-rate,Cover 4 Rate | NFL Advanced Stats,no,4,Trent McDuffieT. McDuffie,/nfl/player-pages/7790/trent-mcduffie,Los Angeles Rams,CB,2026,26.5%,26.5%,26.5%,26.5%,26.5%,26.5%,-,
advanced-players,/nfl/advanced/players/cb/cover-6-rate,Cover 6 Rate | NFL Advanced Stats,no,1,Justin ReidJ. Reid,/nfl/player-pages/14155/justin-reid,New Orleans Saints,S,2026,23.5%,23.5%,23.5%,23.5%,23.5%,-,23.5%,
advanced-players,/nfl/advanced/players/cb/cover-6-rate,Cover 6 Rate | NFL Advanced Stats,no,2,Cordale FlottC. Flott,/nfl/player-pages/2182/cordale-flott,Tennessee Titans,CB,2026,17.4%,17.4%,17.4%,17.4%,17.4%,17.4%,-,
advanced-players,/nfl/advanced/players/cb/cover-6-rate,Cover 6 Rate | NFL Advanced Stats,no,2,Jamel DeanJ. Dean,/nfl/player-pages/16839/jamel-dean,Pittsburgh Steelers,CB,2026,17.4%,17.4%,17.4%,17.4%,17.4%,17.4%,-,
advanced-players,/nfl/advanced/players/cb/cover-6-rate,Cover 6 Rate | NFL Advanced Stats,no,2,Asante Samuel Jr.A. Samuel Jr.,/nfl/player-pages/22187/asante-samuel-jr,Pittsburgh Steelers,CB,2026,17.4%,17.4%,17.4%,17.4%,17.4%,17.4%,-,
advanced-players,/nfl/advanced/players/cb/cover-6-rate,Cover 6 Rate | NFL Advanced Stats,no,5,Nehemiah PritchettN. Pritchett,/nfl/player-pages/3497/nehemiah-pritchett,Seattle Seahawks,CB,2026,17.1%,17.1%,17.1%,17.1%,17.1%,17.1%,-,
advanced-players,/nfl/advanced/players/cb/explosive-reception-rate-allowed,Explosive Reception Rate Allowed | NFL Advanced Stats,no,1,Craig WoodsonC. Woodson,/nfl/player-pages/8217/craig-woodson,New England Patriots,SAF,2026,16.7%,16.7%,16.7%,16.7%,16.7%,-,16.7%,
advanced-players,/nfl/advanced/players/cb/explosive-reception-rate-allowed,Explosive Reception Rate Allowed | NFL Advanced Stats,no,2,Reed BlankenshipR. Blankenship,/nfl/player-pages/12293/reed-blankenship,Houston Texans,SAF,2026,11.1%,11.1%,11.1%,11.1%,11.1%,11.1%,-,
advanced-players,/nfl/advanced/players/cb/explosive-reception-rate-allowed,Explosive Reception Rate Allowed | NFL Advanced Stats,no,3,Malaki StarksM. Starks,/nfl/player-pages/17463/malaki-starks,Baltimore Ravens,SAF,2026,9.1%,9.1%,9.1%,9.1%,9.1%,-,9.1%,
advanced-players,/nfl/advanced/players/cb/explosive-reception-rate-allowed,Explosive Reception Rate Allowed | NFL Advanced Stats,no,3,James PierreJ. Pierre,/nfl/player-pages/18999/james-pierre,Minnesota Vikings,CB,2026,9.1%,9.1%,9.1%,9.1%,9.1%,9.1%,-,
advanced-players,/nfl/advanced/players/cb/explosive-reception-rate-allowed,Explosive Reception Rate Allowed | NFL Advanced Stats,no,3,Treydan StukesT. Stukes,/nfl/player-pages/110874/treydan-stukes,Las Vegas Raiders,SAF,2026,9.1%,9.1%,9.1%,9.1%,9.1%,9.1%,-,
advanced-players,/nfl/advanced/players/cb/explosive-receptions-allowed,Explosive Receptions Allowed (CB) | NFL Advanced Stats,no,1,Jaylon JohnsonJ. Johnson,/nfl/player-pages/11151/jaylon-johnson,Chicago Bears,CB,2026,3,3,3,3,3,-,3,
advanced-players,/nfl/advanced/players/cb/explosive-receptions-allowed,Explosive Receptions Allowed (CB) | NFL Advanced Stats,no,1,Byron MurphyB. Murphy,/nfl/player-pages/12552/byron-murphy,Minnesota Vikings,CB,2026,3,3,3,3,3,3,-,
advanced-players,/nfl/advanced/players/cb/explosive-receptions-allowed,Explosive Receptions Allowed (CB) | NFL Advanced Stats,no,3,Craig WoodsonC. Woodson,/nfl/player-pages/8217/craig-woodson,New England Patriots,SAF,2026,2,2,2,2,2,-,2,
advanced-players,/nfl/advanced/players/cb/explosive-receptions-allowed,Explosive Receptions Allowed (CB) | NFL Advanced Stats,no,3,D.J. ReedD. Reed,/nfl/player-pages/10011/dj-reed,Detroit Lions,CB,2026,2,2,2,2,2,2,-,
advanced-players,/nfl/advanced/players/cb/explosive-receptions-allowed,Explosive Receptions Allowed (CB) | NFL Advanced Stats,no,3,Taron JohnsonT. Johnson,/nfl/player-pages/10024/taron-johnson,Las Vegas Raiders,CB,2026,2,2,2,2,2,2,-,
advanced-players,/nfl/advanced/players/cb/fantasy-points-allowed-per-cover-snap,Fantasy Points Allowed per Cover Snap | NFL Advanced Stats,no,1,Nate WigginsN. Wiggins,/nfl/player-pages/323/nate-wiggins,Baltimore Ravens,CB,2026,0.00,0.00,0.00,0.00,0.00,-,0.00,
advanced-players,/nfl/advanced/players/cb/fantasy-points-allowed-per-cover-snap,Fantasy Points Allowed per Cover Snap | NFL Advanced Stats,no,1,Jeremy ReavesJ. Reaves,/nfl/player-pages/1769/jeremy-reaves,Washington Commanders,DB,2026,0.00,0.00,0.00,0.00,0.00,-,0.00,
advanced-players,/nfl/advanced/players/cb/fantasy-points-allowed-per-cover-snap,Fantasy Points Allowed per Cover Snap | NFL Advanced Stats,no,1,Riq WoolenR. Woolen,/nfl/player-pages/2095/riq-woolen,Philadelphia Eagles,CB,2026,0.00,0.00,0.00,0.00,0.00,0.00,-,
advanced-players,/nfl/advanced/players/cb/fantasy-points-allowed-per-cover-snap,Fantasy Points Allowed per Cover Snap | NFL Advanced Stats,no,1,Carlton Davis IIIC. Davis III,/nfl/player-pages/17139/carlton-davis-iii,New England Patriots,CB,2026,0.00,0.00,0.00,0.00,0.00,-,0.00,
advanced-players,/nfl/advanced/players/cb/fantasy-points-allowed-per-cover-snap,Fantasy Points Allowed per Cover Snap | NFL Advanced Stats,no,1,Theo JacksonT. Jackson,/nfl/player-pages/19943/theo-jackson,Minnesota Vikings,DB,2026,0.00,0.00,0.00,0.00,0.00,0.00,-,
advanced-players,/nfl/advanced/players/cb/fantasy-points-allowed-per-game,Fantasy Points Allowed Per Game | NFL Advanced Stats,no,1,Nate WigginsN. Wiggins,/nfl/player-pages/323/nate-wiggins,Baltimore Ravens,CB,2026,0.0,0.0,0.0,0.0,0.0,-,0.0,
advanced-players,/nfl/advanced/players/cb/fantasy-points-allowed-per-game,Fantasy Points Allowed Per Game | NFL Advanced Stats,no,1,Jeremy ReavesJ. Reaves,/nfl/player-pages/1769/jeremy-reaves,Washington Commanders,DB,2026,0.0,0.0,0.0,0.0,0.0,-,0.0,
advanced-players,/nfl/advanced/players/cb/fantasy-points-allowed-per-game,Fantasy Points Allowed Per Game | NFL Advanced Stats,no,1,Riq WoolenR. Woolen,/nfl/player-pages/2095/riq-woolen,Philadelphia Eagles,CB,2026,0.0,0.0,0.0,0.0,0.0,0.0,-,
advanced-players,/nfl/advanced/players/cb/fantasy-points-allowed-per-game,Fantasy Points Allowed Per Game | NFL Advanced Stats,no,1,Carlton Davis IIIC. Davis III,/nfl/player-pages/17139/carlton-davis-iii,New England Patriots,CB,2026,0.0,0.0,0.0,0.0,0.0,-,0.0,
advanced-players,/nfl/advanced/players/cb/fantasy-points-allowed-per-game,Fantasy Points Allowed Per Game | NFL Advanced Stats,no,1,Theo JacksonT. Jackson,/nfl/player-pages/19943/theo-jackson,Minnesota Vikings,DB,2026,0.0,0.0,0.0,0.0,0.0,0.0,-,
advanced-players,/nfl/advanced/players/cb/fantasy-points-per-target-allowed,Fantasy Points Per Target (Allowed) | NFL Advanced Stats,no,1,Nate WigginsN. Wiggins,/nfl/player-pages/323/nate-wiggins,Baltimore Ravens,CB,2026,0.0,0.0,0.0,0.0,0.0,-,0.0,
advanced-players,/nfl/advanced/players/cb/fantasy-points-per-target-allowed,Fantasy Points Per Target (Allowed) | NFL Advanced Stats,no,1,Riq WoolenR. Woolen,/nfl/player-pages/2095/riq-woolen,Philadelphia Eagles,CB,2026,0.0,0.0,0.0,0.0,0.0,0.0,-,
advanced-players,/nfl/advanced/players/cb/fantasy-points-per-target-allowed,Fantasy Points Per Target (Allowed) | NFL Advanced Stats,no,1,Carlton Davis IIIC. Davis III,/nfl/player-pages/17139/carlton-davis-iii,New England Patriots,CB,2026,0.0,0.0,0.0,0.0,0.0,-,0.0,
advanced-players,/nfl/advanced/players/cb/fantasy-points-per-target-allowed,Fantasy Points Per Target (Allowed) | NFL Advanced Stats,no,4,Jarrian JonesJ. Jones,/nfl/player-pages/6677/jarrian-jones,Jacksonville Jaguars,CB,2026,0.3,0.3,0.3,0.3,0.3,0.3,-,
advanced-players,/nfl/advanced/players/cb/fantasy-points-per-target-allowed,Fantasy Points Per Target (Allowed) | NFL Advanced Stats,no,5,Christian GonzalezC. Gonzalez,/nfl/player-pages/12102/christian-gonzalez,New England Patriots,CB,2026,0.4,0.4,0.4,0.4,0.4,-,0.4,
advanced-players,/nfl/advanced/players/cb/left-aligned-fantasy-points-per-route-allowed,Left-Aligned FP/Route Allowed | NFL Advanced Stats,no,1,Tyrique StevensonT. Stevenson,/nfl/player-pages/10715/tyrique-stevenson,Chicago Bears,CB,2026,0.86,0.86,0.86,0.86,0.86,-,0.86,
advanced-players,/nfl/advanced/players/cb/left-aligned-fantasy-points-per-route-allowed,Left-Aligned FP/Route Allowed | NFL Advanced Stats,no,2,Quincy RileyQ. Riley,/nfl/player-pages/13142/quincy-riley,New Orleans Saints,CB,2026,0.63,0.63,0.63,0.63,0.63,-,0.63,
advanced-players,/nfl/advanced/players/cb/left-aligned-fantasy-points-per-route-allowed,Left-Aligned FP/Route Allowed | NFL Advanced Stats,no,3,Kamari LassiterK. Lassiter,/nfl/player-pages/22819/kamari-lassiter,Houston Texans,CB,2026,0.60,0.60,0.60,0.60,0.60,0.60,-,
advanced-players,/nfl/advanced/players/cb/left-aligned-fantasy-points-per-route-allowed,Left-Aligned FP/Route Allowed | NFL Advanced Stats,no,4,Rock Ya-SinR. Ya-Sin,/nfl/player-pages/4528/rock-ya-sin,Detroit Lions,CB,2026,0.57,0.57,0.57,0.57,0.57,0.57,-,
advanced-players,/nfl/advanced/players/cb/left-aligned-fantasy-points-per-route-allowed,Left-Aligned FP/Route Allowed | NFL Advanced Stats,no,5,Brandon CisseB. Cisse,/nfl/player-pages/110429/brandon-cisse,Green Bay Packers,CB,2026,0.53,0.53,0.53,0.53,0.53,-,0.53,
advanced-players,/nfl/advanced/players/cb/left-aligned-receptions-allowed,Left-Aligned Receptions Allowed | NFL Advanced Stats,no,1,Rock Ya-SinR. Ya-Sin,/nfl/player-pages/4528/rock-ya-sin,Detroit Lions,CB,2026,6,6,6,6,6,6,-,
advanced-players,/nfl/advanced/players/cb/left-aligned-receptions-allowed,Left-Aligned Receptions Allowed | NFL Advanced Stats,no,1,Tyson CampbellT. Campbell,/nfl/player-pages/4983/tyson-campbell,Cleveland Browns,CB,2026,6,6,6,6,6,-,6,
advanced-players,/nfl/advanced/players/cb/left-aligned-receptions-allowed,Left-Aligned Receptions Allowed | NFL Advanced Stats,no,1,Marlon HumphreyM. Humphrey,/nfl/player-pages/18739/marlon-humphrey,Baltimore Ravens,CB,2026,6,6,6,6,6,-,6,
advanced-players,/nfl/advanced/players/cb/left-aligned-receptions-allowed,Left-Aligned Receptions Allowed | NFL Advanced Stats,no,4,Tyrique StevensonT. Stevenson,/nfl/player-pages/10715/tyrique-stevenson,Chicago Bears,CB,2026,5,5,5,5,5,-,5,
advanced-players,/nfl/advanced/players/cb/left-aligned-receptions-allowed,Left-Aligned Receptions Allowed | NFL Advanced Stats,no,4,Byron MurphyB. Murphy,/nfl/player-pages/12552/byron-murphy,Minnesota Vikings,CB,2026,5,5,5,5,5,5,-,
advanced-players,/nfl/advanced/players/cb/left-aligned-target-rate-allowed,Left-Aligned Target Rate Allowed | NFL Advanced Stats,no,1,Byron MurphyB. Murphy,/nfl/player-pages/12552/byron-murphy,Minnesota Vikings,CB,2026,36.4%,36.4%,36.4%,36.4%,36.4%,36.4%,-,
advanced-players,/nfl/advanced/players/cb/left-aligned-target-rate-allowed,Left-Aligned Target Rate Allowed | NFL Advanced Stats,no,2,Tyson CampbellT. Campbell,/nfl/player-pages/4983/tyson-campbell,Cleveland Browns,CB,2026,35.0%,35.0%,35.0%,35.0%,35.0%,-,35.0%,
advanced-players,/nfl/advanced/players/cb/left-aligned-target-rate-allowed,Left-Aligned Target Rate Allowed | NFL Advanced Stats,no,3,Marlon HumphreyM. Humphrey,/nfl/player-pages/18739/marlon-humphrey,Baltimore Ravens,CB,2026,30.4%,30.4%,30.4%,30.4%,30.4%,-,30.4%,
advanced-players,/nfl/advanced/players/cb/left-aligned-target-rate-allowed,Left-Aligned Target Rate Allowed | NFL Advanced Stats,no,4,Darien PorterD. Porter,/nfl/player-pages/7336/darien-porter,Las Vegas Raiders,CB,2026,30.0%,30.0%,30.0%,30.0%,30.0%,30.0%,-,
advanced-players,/nfl/advanced/players/cb/left-aligned-target-rate-allowed,Left-Aligned Target Rate Allowed | NFL Advanced Stats,no,5,Quincy RileyQ. Riley,/nfl/player-pages/13142/quincy-riley,New Orleans Saints,CB,2026,29.4%,29.4%,29.4%,29.4%,29.4%,-,29.4%,
advanced-players,/nfl/advanced/players/cb/left-aligned-targets-allowed,Left-Aligned Targets Allowed | NFL Advanced Stats,no,1,Byron MurphyB. Murphy,/nfl/player-pages/12552/byron-murphy,Minnesota Vikings,CB,2026,8,8,8,8,8,8,-,
advanced-players,/nfl/advanced/players/cb/left-aligned-targets-allowed,Left-Aligned Targets Allowed | NFL Advanced Stats,no,2,Tyson CampbellT. Campbell,/nfl/player-pages/4983/tyson-campbell,Cleveland Browns,CB,2026,7,7,7,7,7,-,7,
advanced-players,/nfl/advanced/players/cb/left-aligned-targets-allowed,Left-Aligned Targets Allowed | NFL Advanced Stats,no,2,Marlon HumphreyM. Humphrey,/nfl/player-pages/18739/marlon-humphrey,Baltimore Ravens,CB,2026,7,7,7,7,7,-,7,
advanced-players,/nfl/advanced/players/cb/left-aligned-targets-allowed,Left-Aligned Targets Allowed | NFL Advanced Stats,no,4,Brandon StephensB. Stephens,/nfl/player-pages/138/brandon-stephens,New York Jets,CB,2026,6,6,6,6,6,-,6,
advanced-players,/nfl/advanced/players/cb/left-aligned-targets-allowed,Left-Aligned Targets Allowed | NFL Advanced Stats,no,4,Rock Ya-SinR. Ya-Sin,/nfl/player-pages/4528/rock-ya-sin,Detroit Lions,CB,2026,6,6,6,6,6,6,-,
advanced-players,/nfl/advanced/players/cb/left-coverage-rate,Left Coverage Rate | NFL Advanced Stats,no,1,Benjamin MorrisonB. Morrison,/nfl/player-pages/4622/benjamin-morrison,Tampa Bay Buccaneers,CB,2026,100.0%,100.0%,100.0%,100.0%,100.0%,-,100.0%,
advanced-players,/nfl/advanced/players/cb/left-coverage-rate,Left Coverage Rate | NFL Advanced Stats,no,1,Tyson CampbellT. Campbell,/nfl/player-pages/4983/tyson-campbell,Cleveland Browns,CB,2026,100.0%,100.0%,100.0%,100.0%,100.0%,-,100.0%,
advanced-players,/nfl/advanced/players/cb/left-coverage-rate,Left Coverage Rate | NFL Advanced Stats,no,1,Darien PorterD. Porter,/nfl/player-pages/7336/darien-porter,Las Vegas Raiders,CB,2026,100.0%,100.0%,100.0%,100.0%,100.0%,100.0%,-,
advanced-players,/nfl/advanced/players/cb/left-coverage-rate,Left Coverage Rate | NFL Advanced Stats,no,1,Deonte BanksD. Banks,/nfl/player-pages/9643/deonte-banks,New York Giants,CB,2026,100.0%,100.0%,100.0%,100.0%,100.0%,100.0%,-,
advanced-players,/nfl/advanced/players/cb/left-coverage-rate,Left Coverage Rate | NFL Advanced Stats,no,1,Brandon CisseB. Cisse,/nfl/player-pages/110429/brandon-cisse,Green Bay Packers,CB,2026,100.0%,100.0%,100.0%,100.0%,100.0%,-,100.0%,
advanced-players,/nfl/advanced/players/cb/man-coverage-rate,Man Coverage Rate | NFL Advanced Stats,no,1,Dillon ThienemanD. Thieneman,/nfl/player-pages/110887/dillon-thieneman,Chicago Bears,SAF,2026,75.0%,75.0%,75.0%,75.0%,75.0%,-,75.0%,
advanced-players,/nfl/advanced/players/cb/man-coverage-rate,Man Coverage Rate | NFL Advanced Stats,no,2,Justin WalleyJ. Walley,/nfl/player-pages/16607/justin-walley,Indianapolis Colts,CB,2026,73.7%,73.7%,73.7%,73.7%,73.7%,73.7%,-,
advanced-players,/nfl/advanced/players/cb/man-coverage-rate,Man Coverage Rate | NFL Advanced Stats,no,3,Reed BlankenshipR. Blankenship,/nfl/player-pages/12293/reed-blankenship,Houston Texans,SAF,2026,73.3%,73.3%,73.3%,73.3%,73.3%,73.3%,-,
advanced-players,/nfl/advanced/players/cb/man-coverage-rate,Man Coverage Rate | NFL Advanced Stats,no,4,Sauce GardnerS. Gardner,/nfl/player-pages/10345/sauce-gardner,Indianapolis Colts,CB,2026,72.0%,72.0%,72.0%,72.0%,72.0%,72.0%,-,
advanced-players,/nfl/advanced/players/cb/man-coverage-rate,Man Coverage Rate | NFL Advanced Stats,no,5,Cam LewisC. Lewis,/nfl/player-pages/11406/cam-lewis,Chicago Bears,CB,2026,70.0%,70.0%,70.0%,70.0%,70.0%,-,70.0%,
advanced-players,/nfl/advanced/players/cb/pass-break-ups,Pass Break-Ups | NFL Advanced Stats,no,1,Max MeltonM. Melton,/nfl/player-pages/8364/max-melton,Arizona Cardinals,CB,2026,3,3,3,3,3,-,3,
advanced-players,/nfl/advanced/players/cb/pass-break-ups,Pass Break-Ups | NFL Advanced Stats,no,2,Brandon StephensB. Stephens,/nfl/player-pages/138/brandon-stephens,New York Jets,CB,2026,2,2,2,2,2,-,2,
advanced-players,/nfl/advanced/players/cb/pass-break-ups,Pass Break-Ups | NFL Advanced Stats,no,2,Rasul DouglasR. Douglas,/nfl/player-pages/2232/rasul-douglas,Washington Commanders,CB,2026,2,2,2,2,2,-,2,
advanced-players,/nfl/advanced/players/cb/pass-break-ups,Pass Break-Ups | NFL Advanced Stats,no,2,Malik MuhammadM. Muhammad,/nfl/player-pages/110727/malik-muhammad,Chicago Bears,CB,2026,2,2,2,2,2,-,2,
advanced-players,/nfl/advanced/players/cb/pass-break-ups,Pass Break-Ups | NFL Advanced Stats,no,2,Nehemiah PritchettN. Pritchett,/nfl/player-pages/3497/nehemiah-pritchett,Seattle Seahawks,CB,2026,2,2,2,2,2,2,-,
advanced-players,/nfl/advanced/players/cb/passer-rating-allowed,Passer Rating Allowed | NFL Advanced Stats,no,1,Jeremy ReavesJ. Reaves,/nfl/player-pages/1769/jeremy-reaves,Washington Commanders,DB,2026,0.0,0.0,0.0,0.0,0.0,158.3,0.0,
advanced-players,/nfl/advanced/players/cb/passer-rating-allowed,Passer Rating Allowed | NFL Advanced Stats,no,1,Theo JacksonT. Jackson,/nfl/player-pages/19943/theo-jackson,Minnesota Vikings,DB,2026,0.0,0.0,0.0,0.0,0.0,0.0,158.3,
advanced-players,/nfl/advanced/players/cb/passer-rating-allowed,Passer Rating Allowed | NFL Advanced Stats,no,3,Brandon StephensB. Stephens,/nfl/player-pages/138/brandon-stephens,New York Jets,CB,2026,39.6,39.6,39.6,39.6,39.6,158.3,39.6,
advanced-players,/nfl/advanced/players/cb/passer-rating-allowed,Passer Rating Allowed | NFL Advanced Stats,no,3,Nate WigginsN. Wiggins,/nfl/player-pages/323/nate-wiggins,Baltimore Ravens,CB,2026,39.6,39.6,39.6,39.6,39.6,158.3,39.6,
advanced-players,/nfl/advanced/players/cb/passer-rating-allowed,Passer Rating Allowed | NFL Advanced Stats,no,3,Riq WoolenR. Woolen,/nfl/player-pages/2095/riq-woolen,Philadelphia Eagles,CB,2026,39.6,39.6,39.6,39.6,39.6,39.6,158.3,
advanced-players,/nfl/advanced/players/cb/perimeter-fantasy-points-per-route-allowed,Perimeter (Outside) FP/Route Allowed | NFL Advanced Stats,no,1,Tyrique StevensonT. Stevenson,/nfl/player-pages/10715/tyrique-stevenson,Chicago Bears,CB,2026,0.86,0.86,0.86,0.86,0.86,-,0.86,
advanced-players,/nfl/advanced/players/cb/perimeter-fantasy-points-per-route-allowed,Perimeter (Outside) FP/Route Allowed | NFL Advanced Stats,no,2,Quincy RileyQ. Riley,/nfl/player-pages/13142/quincy-riley,New Orleans Saints,CB,2026,0.60,0.60,0.60,0.60,0.60,-,0.60,
advanced-players,/nfl/advanced/players/cb/perimeter-fantasy-points-per-route-allowed,Perimeter (Outside) FP/Route Allowed | NFL Advanced Stats,no,3,Trent McDuffieT. McDuffie,/nfl/player-pages/7790/trent-mcduffie,Los Angeles Rams,CB,2026,0.59,0.59,0.59,0.59,0.59,0.59,-,
advanced-players,/nfl/advanced/players/cb/perimeter-fantasy-points-per-route-allowed,Perimeter (Outside) FP/Route Allowed | NFL Advanced Stats,no,4,Christian BenfordC. Benford,/nfl/player-pages/4992/christian-benford,Buffalo Bills,CB,2026,0.50,0.50,0.50,0.50,0.50,-,0.50,
advanced-players,/nfl/advanced/players/cb/perimeter-fantasy-points-per-route-allowed,Perimeter (Outside) FP/Route Allowed | NFL Advanced Stats,no,5,Azareye'h ThomasA. Thomas,/nfl/player-pages/3106/azareyeh-thomas,New York Jets,CB,2026,0.44,0.44,0.44,0.44,0.44,-,0.44,
advanced-players,/nfl/advanced/players/cb/perimeter-receptions-allowed,Perimeter (Outside) Receptions Allowed | NFL Advanced Stats,no,1,Rock Ya-SinR. Ya-Sin,/nfl/player-pages/4528/rock-ya-sin,Detroit Lions,CB,2026,9,9,9,9,9,9,-,
advanced-players,/nfl/advanced/players/cb/perimeter-receptions-allowed,Perimeter (Outside) Receptions Allowed | NFL Advanced Stats,no,1,Christian BenfordC. Benford,/nfl/player-pages/4992/christian-benford,Buffalo Bills,CB,2026,9,9,9,9,9,-,9,
advanced-players,/nfl/advanced/players/cb/perimeter-receptions-allowed,Perimeter (Outside) Receptions Allowed | NFL Advanced Stats,no,3,Nehemiah PritchettN. Pritchett,/nfl/player-pages/3497/nehemiah-pritchett,Seattle Seahawks,CB,2026,6,6,6,6,6,6,-,
advanced-players,/nfl/advanced/players/cb/perimeter-receptions-allowed,Perimeter (Outside) Receptions Allowed | NFL Advanced Stats,no,3,Jaylon JohnsonJ. Johnson,/nfl/player-pages/11151/jaylon-johnson,Chicago Bears,CB,2026,6,6,6,6,6,-,6,
advanced-players,/nfl/advanced/players/cb/perimeter-receptions-allowed,Perimeter (Outside) Receptions Allowed | NFL Advanced Stats,no,5,Azareye'h ThomasA. Thomas,/nfl/player-pages/3106/azareyeh-thomas,New York Jets,CB,2026,5,5,5,5,5,-,5,
advanced-players,/nfl/advanced/players/cb/perimeter-target-rate-allowed,Perimeter (Outside) Target Rate Allowed | NFL Advanced Stats,no,1,Christian BenfordC. Benford,/nfl/player-pages/4992/christian-benford,Buffalo Bills,CB,2026,33.3%,33.3%,33.3%,33.3%,33.3%,-,33.3%,
advanced-players,/nfl/advanced/players/cb/perimeter-target-rate-allowed,Perimeter (Outside) Target Rate Allowed | NFL Advanced Stats,no,2,Nehemiah PritchettN. Pritchett,/nfl/player-pages/3497/nehemiah-pritchett,Seattle Seahawks,CB,2026,32.1%,32.1%,32.1%,32.1%,32.1%,32.1%,-,
advanced-players,/nfl/advanced/players/cb/perimeter-target-rate-allowed,Perimeter (Outside) Target Rate Allowed | NFL Advanced Stats,no,3,Quincy RileyQ. Riley,/nfl/player-pages/13142/quincy-riley,New Orleans Saints,CB,2026,25.0%,25.0%,25.0%,25.0%,25.0%,-,25.0%,
advanced-players,/nfl/advanced/players/cb/perimeter-target-rate-allowed,Perimeter (Outside) Target Rate Allowed | NFL Advanced Stats,no,4,Trent McDuffieT. McDuffie,/nfl/player-pages/7790/trent-mcduffie,Los Angeles Rams,CB,2026,23.1%,23.1%,23.1%,23.1%,23.1%,23.1%,-,
advanced-players,/nfl/advanced/players/cb/perimeter-target-rate-allowed,Perimeter (Outside) Target Rate Allowed | NFL Advanced Stats,no,5,Rock Ya-SinR. Ya-Sin,/nfl/player-pages/4528/rock-ya-sin,Detroit Lions,CB,2026,22.9%,22.9%,22.9%,22.9%,22.9%,22.9%,-,
advanced-players,/nfl/advanced/players/cb/perimeter-targets-allowed,Perimeter (Outside) Targets Allowed | NFL Advanced Stats,no,1,Christian BenfordC. Benford,/nfl/player-pages/4992/christian-benford,Buffalo Bills,CB,2026,13,13,13,13,13,-,13,
advanced-players,/nfl/advanced/players/cb/perimeter-targets-allowed,Perimeter (Outside) Targets Allowed | NFL Advanced Stats,no,2,Rock Ya-SinR. Ya-Sin,/nfl/player-pages/4528/rock-ya-sin,Detroit Lions,CB,2026,11,11,11,11,11,11,-,
advanced-players,/nfl/advanced/players/cb/perimeter-targets-allowed,Perimeter (Outside) Targets Allowed | NFL Advanced Stats,no,3,Nehemiah PritchettN. Pritchett,/nfl/player-pages/3497/nehemiah-pritchett,Seattle Seahawks,CB,2026,9,9,9,9,9,9,-,
advanced-players,/nfl/advanced/players/cb/perimeter-targets-allowed,Perimeter (Outside) Targets Allowed | NFL Advanced Stats,no,4,Isaiah RodgersI. Rodgers,/nfl/player-pages/2335/isaiah-rodgers,Minnesota Vikings,CB,2026,8,8,8,8,8,8,-,
advanced-players,/nfl/advanced/players/cb/perimeter-targets-allowed,Perimeter (Outside) Targets Allowed | NFL Advanced Stats,no,4,Quincy RileyQ. Riley,/nfl/player-pages/13142/quincy-riley,New Orleans Saints,CB,2026,8,8,8,8,8,-,8,
advanced-players,/nfl/advanced/players/cb/receptions-allowed,Receptions Allowed | NFL Advanced Stats,no,1,Nate WigginsN. Wiggins,/nfl/player-pages/323/nate-wiggins,Baltimore Ravens,CB,2026,0,0,0,0,0,-,0,
advanced-players,/nfl/advanced/players/cb/receptions-allowed,Receptions Allowed | NFL Advanced Stats,no,1,Jeremy ReavesJ. Reaves,/nfl/player-pages/1769/jeremy-reaves,Washington Commanders,DB,2026,0,0,0,0,0,-,0,
advanced-players,/nfl/advanced/players/cb/receptions-allowed,Receptions Allowed | NFL Advanced Stats,no,1,Riq WoolenR. Woolen,/nfl/player-pages/2095/riq-woolen,Philadelphia Eagles,CB,2026,0,0,0,0,0,0,-,
advanced-players,/nfl/advanced/players/cb/receptions-allowed,Receptions Allowed | NFL Advanced Stats,no,1,Carlton Davis IIIC. Davis III,/nfl/player-pages/17139/carlton-davis-iii,New England Patriots,CB,2026,0,0,0,0,0,-,0,
advanced-players,/nfl/advanced/players/cb/receptions-allowed,Receptions Allowed | NFL Advanced Stats,no,1,Theo JacksonT. Jackson,/nfl/player-pages/19943/theo-jackson,Minnesota Vikings,DB,2026,0,0,0,0,0,0,-,
advanced-players,/nfl/advanced/players/cb/right-aligned-fantasy-points-per-route-allowed,Right-Aligned FP/Route Allowed | NFL Advanced Stats,no,1,Denzel WardD. Ward,/nfl/player-pages/10030/denzel-ward,Cleveland Browns,CB,2026,0.83,0.83,0.83,0.83,0.83,-,0.83,
advanced-players,/nfl/advanced/players/cb/right-aligned-fantasy-points-per-route-allowed,Right-Aligned FP/Route Allowed | NFL Advanced Stats,no,2,Derek Stingley Jr.D. Stingley Jr.,/nfl/player-pages/20101/derek-stingley-jr,Houston Texans,CB,2026,0.81,0.81,0.81,0.81,0.81,0.81,-,
advanced-players,/nfl/advanced/players/cb/right-aligned-fantasy-points-per-route-allowed,Right-Aligned FP/Route Allowed | NFL Advanced Stats,no,3,Trent McDuffieT. McDuffie,/nfl/player-pages/7790/trent-mcduffie,Los Angeles Rams,CB,2026,0.65,0.65,0.65,0.65,0.65,0.65,-,
advanced-players,/nfl/advanced/players/cb/right-aligned-fantasy-points-per-route-allowed,Right-Aligned FP/Route Allowed | NFL Advanced Stats,no,4,Dee AlfordD. Alford,/nfl/player-pages/12027/dee-alford,Buffalo Bills,CB,2026,0.59,0.59,0.59,0.59,0.59,-,0.59,
advanced-players,/nfl/advanced/players/cb/right-aligned-fantasy-points-per-route-allowed,Right-Aligned FP/Route Allowed | NFL Advanced Stats,no,5,Riley MossR. Moss,/nfl/player-pages/21821/riley-moss,Denver Broncos,CB,2026,0.57,0.57,0.57,0.57,0.57,-,0.57,
advanced-players,/nfl/advanced/players/cb/right-aligned-receptions-allowed,Right-Aligned Receptions Allowed | NFL Advanced Stats,no,1,Jaylon JohnsonJ. Johnson,/nfl/player-pages/11151/jaylon-johnson,Chicago Bears,CB,2026,6,6,6,6,6,-,6,
advanced-players,/nfl/advanced/players/cb/right-aligned-receptions-allowed,Right-Aligned Receptions Allowed | NFL Advanced Stats,no,2,Azareye'h ThomasA. Thomas,/nfl/player-pages/3106/azareyeh-thomas,New York Jets,CB,2026,5,5,5,5,5,-,5,
advanced-players,/nfl/advanced/players/cb/right-aligned-receptions-allowed,Right-Aligned Receptions Allowed | NFL Advanced Stats,no,2,Christian BenfordC. Benford,/nfl/player-pages/4992/christian-benford,Buffalo Bills,CB,2026,5,5,5,5,5,-,5,
advanced-players,/nfl/advanced/players/cb/right-aligned-receptions-allowed,Right-Aligned Receptions Allowed | NFL Advanced Stats,no,2,Denzel WardD. Ward,/nfl/player-pages/10030/denzel-ward,Cleveland Browns,CB,2026,5,5,5,5,5,-,5,
advanced-players,/nfl/advanced/players/cb/right-aligned-receptions-allowed,Right-Aligned Receptions Allowed | NFL Advanced Stats,no,2,Derek Stingley Jr.D. Stingley Jr.,/nfl/player-pages/20101/derek-stingley-jr,Houston Texans,CB,2026,5,5,5,5,5,5,-,
advanced-players,/nfl/advanced/players/cb/right-aligned-target-rate-allowed,Right-Aligned Target Rate Allowed | NFL Advanced Stats,no,1,Christian BenfordC. Benford,/nfl/player-pages/4992/christian-benford,Buffalo Bills,CB,2026,46.7%,46.7%,46.7%,46.7%,46.7%,-,46.7%,
advanced-players,/nfl/advanced/players/cb/right-aligned-target-rate-allowed,Right-Aligned Target Rate Allowed | NFL Advanced Stats,no,2,Chris JohnsonC. Johnson,/nfl/player-pages/110609/chris-johnson,Miami Dolphins,CB,2026,44.4%,44.4%,44.4%,44.4%,44.4%,-,44.4%,
advanced-players,/nfl/advanced/players/cb/right-aligned-target-rate-allowed,Right-Aligned Target Rate Allowed | NFL Advanced Stats,no,3,Derek Stingley Jr.D. Stingley Jr.,/nfl/player-pages/20101/derek-stingley-jr,Houston Texans,CB,2026,39.1%,39.1%,39.1%,39.1%,39.1%,39.1%,-,
advanced-players,/nfl/advanced/players/cb/right-aligned-target-rate-allowed,Right-Aligned Target Rate Allowed | NFL Advanced Stats,no,4,Denzel WardD. Ward,/nfl/player-pages/10030/denzel-ward,Cleveland Browns,CB,2026,27.8%,27.8%,27.8%,27.8%,27.8%,-,27.8%,
advanced-players,/nfl/advanced/players/cb/right-aligned-target-rate-allowed,Right-Aligned Target Rate Allowed | NFL Advanced Stats,no,4,Riley MossR. Moss,/nfl/player-pages/21821/riley-moss,Denver Broncos,CB,2026,27.8%,27.8%,27.8%,27.8%,27.8%,-,27.8%,
advanced-players,/nfl/advanced/players/cb/right-aligned-targets-allowed,Right-Aligned Targets Allowed | NFL Advanced Stats,no,1,Derek Stingley Jr.D. Stingley Jr.,/nfl/player-pages/20101/derek-stingley-jr,Houston Texans,CB,2026,9,9,9,9,9,9,-,
advanced-players,/nfl/advanced/players/cb/right-aligned-targets-allowed,Right-Aligned Targets Allowed | NFL Advanced Stats,no,2,Chris JohnsonC. Johnson,/nfl/player-pages/110609/chris-johnson,Miami Dolphins,CB,2026,8,8,8,8,8,-,8,
advanced-players,/nfl/advanced/players/cb/right-aligned-targets-allowed,Right-Aligned Targets Allowed | NFL Advanced Stats,no,3,Isaiah RodgersI. Rodgers,/nfl/player-pages/2335/isaiah-rodgers,Minnesota Vikings,CB,2026,7,7,7,7,7,7,-,
advanced-players,/nfl/advanced/players/cb/right-aligned-targets-allowed,Right-Aligned Targets Allowed | NFL Advanced Stats,no,3,Christian BenfordC. Benford,/nfl/player-pages/4992/christian-benford,Buffalo Bills,CB,2026,7,7,7,7,7,-,7,
advanced-players,/nfl/advanced/players/cb/right-aligned-targets-allowed,Right-Aligned Targets Allowed | NFL Advanced Stats,no,3,Jaylon JohnsonJ. Johnson,/nfl/player-pages/11151/jaylon-johnson,Chicago Bears,CB,2026,7,7,7,7,7,-,7,
advanced-players,/nfl/advanced/players/cb/right-coverage-rate,Right Coverage Rate | NFL Advanced Stats,no,1,Denzel WardD. Ward,/nfl/player-pages/10030/denzel-ward,Cleveland Browns,CB,2026,100.0%,100.0%,100.0%,100.0%,100.0%,-,100.0%,
advanced-players,/nfl/advanced/players/cb/right-coverage-rate,Right Coverage Rate | NFL Advanced Stats,no,1,Keisean NixonK. Nixon,/nfl/player-pages/10480/keisean-nixon,Green Bay Packers,DB,2026,100.0%,100.0%,100.0%,100.0%,100.0%,-,100.0%,
advanced-players,/nfl/advanced/players/cb/right-coverage-rate,Right Coverage Rate | NFL Advanced Stats,no,1,Derek Stingley Jr.D. Stingley Jr.,/nfl/player-pages/20101/derek-stingley-jr,Houston Texans,CB,2026,100.0%,100.0%,100.0%,100.0%,100.0%,100.0%,-,
advanced-players,/nfl/advanced/players/cb/right-coverage-rate,Right Coverage Rate | NFL Advanced Stats,no,1,Eric StokesE. Stokes,/nfl/player-pages/22896/eric-stokes,Las Vegas Raiders,CB,2026,100.0%,100.0%,100.0%,100.0%,100.0%,100.0%,-,
advanced-players,/nfl/advanced/players/cb/right-coverage-rate,Right Coverage Rate | NFL Advanced Stats,no,5,Jaylon JohnsonJ. Johnson,/nfl/player-pages/11151/jaylon-johnson,Chicago Bears,CB,2026,97.3%,97.3%,97.3%,97.3%,97.3%,-,97.3%,
advanced-players,/nfl/advanced/players/cb/routes-defended,Routes Defended | NFL Advanced Stats,no,1,Rock Ya-SinR. Ya-Sin,/nfl/player-pages/4528/rock-ya-sin,Detroit Lions,CB,2026,61,61,61,61,61,61,-,
advanced-players,/nfl/advanced/players/cb/routes-defended,Routes Defended | NFL Advanced Stats,no,2,D.J. ReedD. Reed,/nfl/player-pages/10011/dj-reed,Detroit Lions,CB,2026,60,60,60,60,60,60,-,
advanced-players,/nfl/advanced/players/cb/routes-defended,Routes Defended | NFL Advanced Stats,no,3,Isaiah RodgersI. Rodgers,/nfl/player-pages/2335/isaiah-rodgers,Minnesota Vikings,CB,2026,43,43,43,43,43,43,-,
advanced-players,/nfl/advanced/players/cb/routes-defended,Routes Defended | NFL Advanced Stats,no,4,Christian BenfordC. Benford,/nfl/player-pages/4992/christian-benford,Buffalo Bills,CB,2026,41,41,41,41,41,-,41,
advanced-players,/nfl/advanced/players/cb/routes-defended,Routes Defended | NFL Advanced Stats,no,4,Byron MurphyB. Murphy,/nfl/player-pages/12552/byron-murphy,Minnesota Vikings,CB,2026,41,41,41,41,41,41,-,
advanced-players,/nfl/advanced/players/cb/routes-faced-vs-man,Routes Faced vs. Man | NFL Advanced Stats,no,1,Jaylon JohnsonJ. Johnson,/nfl/player-pages/11151/jaylon-johnson,Chicago Bears,CB,2026,24,24,24,24,24,-,24,
advanced-players,/nfl/advanced/players/cb/routes-faced-vs-man,Routes Faced vs. Man | NFL Advanced Stats,no,2,Rock Ya-SinR. Ya-Sin,/nfl/player-pages/4528/rock-ya-sin,Detroit Lions,CB,2026,20,20,20,20,20,20,-,
advanced-players,/nfl/advanced/players/cb/routes-faced-vs-man,Routes Faced vs. Man | NFL Advanced Stats,no,2,Tyrique StevensonT. Stevenson,/nfl/player-pages/10715/tyrique-stevenson,Chicago Bears,CB,2026,20,20,20,20,20,-,20,
advanced-players,/nfl/advanced/players/cb/routes-faced-vs-man,Routes Faced vs. Man | NFL Advanced Stats,no,4,Malik MuhammadM. Muhammad,/nfl/player-pages/110727/malik-muhammad,Chicago Bears,CB,2026,19,19,19,19,19,-,19,
advanced-players,/nfl/advanced/players/cb/routes-faced-vs-man,Routes Faced vs. Man | NFL Advanced Stats,no,4,D.J. ReedD. Reed,/nfl/player-pages/10011/dj-reed,Detroit Lions,CB,2026,19,19,19,19,19,19,-,
advanced-players,/nfl/advanced/players/cb/routes-faced-vs-zone,Routes Faced vs. Zone | NFL Advanced Stats,no,1,Rock Ya-SinR. Ya-Sin,/nfl/player-pages/4528/rock-ya-sin,Detroit Lions,CB,2026,41,41,41,41,41,41,-,
advanced-players,/nfl/advanced/players/cb/routes-faced-vs-zone,Routes Faced vs. Zone | NFL Advanced Stats,no,1,D.J. ReedD. Reed,/nfl/player-pages/10011/dj-reed,Detroit Lions,CB,2026,41,41,41,41,41,41,-,
advanced-players,/nfl/advanced/players/cb/routes-faced-vs-zone,Routes Faced vs. Zone | NFL Advanced Stats,no,3,Isaiah RodgersI. Rodgers,/nfl/player-pages/2335/isaiah-rodgers,Minnesota Vikings,CB,2026,34,34,34,34,34,34,-,
advanced-players,/nfl/advanced/players/cb/routes-faced-vs-zone,Routes Faced vs. Zone | NFL Advanced Stats,no,4,Byron MurphyB. Murphy,/nfl/player-pages/12552/byron-murphy,Minnesota Vikings,CB,2026,32,32,32,32,32,32,-,
advanced-players,/nfl/advanced/players/cb/routes-faced-vs-zone,Routes Faced vs. Zone | NFL Advanced Stats,no,4,Kool-Aid McKinstryK. McKinstry,/nfl/player-pages/24508/kool-aid-mckinstry,New Orleans Saints,CB,2026,32,32,32,32,32,-,32,
advanced-players,/nfl/advanced/players/cb/single-high-rate,Single High Rate | NFL Advanced Stats,no,1,Derek Stingley Jr.D. Stingley Jr.,/nfl/player-pages/20101/derek-stingley-jr,Houston Texans,CB,2026,81.3%,81.3%,81.3%,81.3%,81.3%,81.3%,-,
advanced-players,/nfl/advanced/players/cb/single-high-rate,Single High Rate | NFL Advanced Stats,no,1,Kamari LassiterK. Lassiter,/nfl/player-pages/22819/kamari-lassiter,Houston Texans,CB,2026,81.3%,81.3%,81.3%,81.3%,81.3%,81.3%,-,
advanced-players,/nfl/advanced/players/cb/single-high-rate,Single High Rate | NFL Advanced Stats,no,3,Ja'Quan McMillianJ. McMillian,/nfl/player-pages/9712/jaquan-mcmillian,Denver Broncos,CB,2026,80.0%,80.0%,80.0%,80.0%,80.0%,-,80.0%,
advanced-players,/nfl/advanced/players/cb/single-high-rate,Single High Rate | NFL Advanced Stats,no,4,Riley MossR. Moss,/nfl/player-pages/21821/riley-moss,Denver Broncos,CB,2026,78.6%,78.6%,78.6%,78.6%,78.6%,-,78.6%,
advanced-players,/nfl/advanced/players/cb/single-high-rate,Single High Rate | NFL Advanced Stats,no,5,Pat Surtain IIP. Surtain II,/nfl/player-pages/12578/pat-surtain-ii,Denver Broncos,CB,2026,75.9%,75.9%,75.9%,75.9%,75.9%,-,75.9%,
advanced-players,/nfl/advanced/players/cb/slot-fantasy-points-per-route-allowed,Slot FP/Route Allowed | NFL Advanced Stats,no,1,Cooper DeJeanC. DeJean,/nfl/player-pages/5493/cooper-dejean,Philadelphia Eagles,CB,2026,0.52,0.52,0.52,0.52,0.52,0.52,-,
advanced-players,/nfl/advanced/players/cb/slot-fantasy-points-per-route-allowed,Slot FP/Route Allowed | NFL Advanced Stats,no,2,Keith Abney IIK. Abney II,/nfl/player-pages/110320/keith-abney-ii,Detroit Lions,CB,2026,0.47,0.47,0.47,0.47,0.47,0.47,-,
advanced-players,/nfl/advanced/players/cb/slot-fantasy-points-per-route-allowed,Slot FP/Route Allowed | NFL Advanced Stats,no,3,Taron JohnsonT. Johnson,/nfl/player-pages/10024/taron-johnson,Las Vegas Raiders,CB,2026,0.43,0.43,0.43,0.43,0.43,0.43,-,
advanced-players,/nfl/advanced/players/cb/slot-fantasy-points-per-route-allowed,Slot FP/Route Allowed | NFL Advanced Stats,no,4,Jalen DavisJ. Davis,/nfl/player-pages/674/jalen-davis,Cincinnati Bengals,CB,2026,0.37,0.37,0.37,0.37,0.37,0.37,-,
advanced-players,/nfl/advanced/players/cb/slot-fantasy-points-per-route-allowed,Slot FP/Route Allowed | NFL Advanced Stats,no,5,Dee AlfordD. Alford,/nfl/player-pages/12027/dee-alford,Buffalo Bills,CB,2026,0.30,0.30,0.30,0.30,0.30,-,0.30,
advanced-players,/nfl/advanced/players/cb/slot-receptions-allowed,Slot Receptions Allowed | NFL Advanced Stats,no,1,Cooper DeJeanC. DeJean,/nfl/player-pages/5493/cooper-dejean,Philadelphia Eagles,CB,2026,6,6,6,6,6,6,-,
advanced-players,/nfl/advanced/players/cb/slot-receptions-allowed,Slot Receptions Allowed | NFL Advanced Stats,no,2,Jonas SankerJ. Sanker,/nfl/player-pages/1150/jonas-sanker,New Orleans Saints,SAF,2026,4,4,4,4,4,-,4,
advanced-players,/nfl/advanced/players/cb/slot-receptions-allowed,Slot Receptions Allowed | NFL Advanced Stats,no,3,Jalen DavisJ. Davis,/nfl/player-pages/674/jalen-davis,Cincinnati Bengals,CB,2026,3,3,3,3,3,3,-,
advanced-players,/nfl/advanced/players/cb/slot-receptions-allowed,Slot Receptions Allowed | NFL Advanced Stats,no,3,Tarheeb StillT. Still,/nfl/player-pages/787/tarheeb-still,Los Angeles Chargers,CB,2026,3,3,3,3,3,3,-,
advanced-players,/nfl/advanced/players/cb/slot-receptions-allowed,Slot Receptions Allowed | NFL Advanced Stats,no,3,Taron JohnsonT. Johnson,/nfl/player-pages/10024/taron-johnson,Las Vegas Raiders,CB,2026,3,3,3,3,3,3,-,
advanced-players,/nfl/advanced/players/cb/slot-target-rate-allowed,Slot Target Rate Allowed | NFL Advanced Stats,no,1,Cooper DeJeanC. DeJean,/nfl/player-pages/5493/cooper-dejean,Philadelphia Eagles,CB,2026,34.8%,34.8%,34.8%,34.8%,34.8%,34.8%,-,
advanced-players,/nfl/advanced/players/cb/slot-target-rate-allowed,Slot Target Rate Allowed | NFL Advanced Stats,no,2,Keith Abney IIK. Abney II,/nfl/player-pages/110320/keith-abney-ii,Detroit Lions,CB,2026,25.0%,25.0%,25.0%,25.0%,25.0%,25.0%,-,
advanced-players,/nfl/advanced/players/cb/slot-target-rate-allowed,Slot Target Rate Allowed | NFL Advanced Stats,no,3,Jalen DavisJ. Davis,/nfl/player-pages/674/jalen-davis,Cincinnati Bengals,CB,2026,22.2%,22.2%,22.2%,22.2%,22.2%,22.2%,-,
advanced-players,/nfl/advanced/players/cb/slot-target-rate-allowed,Slot Target Rate Allowed | NFL Advanced Stats,no,4,Taron JohnsonT. Johnson,/nfl/player-pages/10024/taron-johnson,Las Vegas Raiders,CB,2026,21.7%,21.7%,21.7%,21.7%,21.7%,21.7%,-,
advanced-players,/nfl/advanced/players/cb/slot-target-rate-allowed,Slot Target Rate Allowed | NFL Advanced Stats,no,5,Byron MurphyB. Murphy,/nfl/player-pages/12552/byron-murphy,Minnesota Vikings,CB,2026,21.1%,21.1%,21.1%,21.1%,21.1%,21.1%,-,
advanced-players,/nfl/advanced/players/cb/slot-targets-allowed,Slot Targets Allowed | NFL Advanced Stats,no,1,Cooper DeJeanC. DeJean,/nfl/player-pages/5493/cooper-dejean,Philadelphia Eagles,CB,2026,8,8,8,8,8,8,-,
advanced-players,/nfl/advanced/players/cb/slot-targets-allowed,Slot Targets Allowed | NFL Advanced Stats,no,2,Jonas SankerJ. Sanker,/nfl/player-pages/1150/jonas-sanker,New Orleans Saints,SAF,2026,5,5,5,5,5,-,5,
advanced-players,/nfl/advanced/players/cb/slot-targets-allowed,Slot Targets Allowed | NFL Advanced Stats,no,2,Taron JohnsonT. Johnson,/nfl/player-pages/10024/taron-johnson,Las Vegas Raiders,CB,2026,5,5,5,5,5,5,-,
advanced-players,/nfl/advanced/players/cb/slot-targets-allowed,Slot Targets Allowed | NFL Advanced Stats,no,2,Dee AlfordD. Alford,/nfl/player-pages/12027/dee-alford,Buffalo Bills,CB,2026,5,5,5,5,5,-,5,
advanced-players,/nfl/advanced/players/cb/slot-targets-allowed,Slot Targets Allowed | NFL Advanced Stats,no,5,Jalen DavisJ. Davis,/nfl/player-pages/674/jalen-davis,Cincinnati Bengals,CB,2026,4,4,4,4,4,4,-,
advanced-players,/nfl/advanced/players/cb/target-rate,Target Rate | NFL Advanced Stats,no,1,Jeremy ReavesJ. Reaves,/nfl/player-pages/1769/jeremy-reaves,Washington Commanders,DB,2026,0.0%,0.0%,0.0%,0.0%,0.0%,-,0.0%,
advanced-players,/nfl/advanced/players/cb/target-rate,Target Rate | NFL Advanced Stats,no,1,Theo JacksonT. Jackson,/nfl/player-pages/19943/theo-jackson,Minnesota Vikings,DB,2026,0.0%,0.0%,0.0%,0.0%,0.0%,0.0%,-,
advanced-players,/nfl/advanced/players/cb/target-rate,Target Rate | NFL Advanced Stats,no,3,Pat Surtain IIP. Surtain II,/nfl/player-pages/12578/pat-surtain-ii,Denver Broncos,CB,2026,3.4%,3.4%,3.4%,3.4%,3.4%,-,3.4%,
advanced-players,/nfl/advanced/players/cb/target-rate,Target Rate | NFL Advanced Stats,no,4,Maxwell HairstonM. Hairston,/nfl/player-pages/8676/maxwell-hairston,Buffalo Bills,CB,2026,5.9%,5.9%,5.9%,5.9%,5.9%,-,5.9%,
advanced-players,/nfl/advanced/players/cb/target-rate,Target Rate | NFL Advanced Stats,no,5,Nate WigginsN. Wiggins,/nfl/player-pages/323/nate-wiggins,Baltimore Ravens,CB,2026,6.3%,6.3%,6.3%,6.3%,6.3%,-,6.3%,
advanced-players,/nfl/advanced/players/cb/target-rate-allowed-vs-man,Target Rate Allowed vs. Man | NFL Advanced Stats,no,1,Cobie DurantC. Durant,/nfl/player-pages/582/cobie-durant,Dallas Cowboys,CB,2026,0.0%,0.0%,0.0%,0.0%,0.0%,-,0.0%,
advanced-players,/nfl/advanced/players/cb/target-rate-allowed-vs-man,Target Rate Allowed vs. Man | NFL Advanced Stats,no,1,Jeremy ReavesJ. Reaves,/nfl/player-pages/1769/jeremy-reaves,Washington Commanders,DB,2026,0.0%,0.0%,0.0%,0.0%,0.0%,-,0.0%,
advanced-players,/nfl/advanced/players/cb/target-rate-allowed-vs-man,Target Rate Allowed vs. Man | NFL Advanced Stats,no,1,Tre'von MoehrigT. Moehrig,/nfl/player-pages/1932/trevon-moehrig,Carolina Panthers,SAF,2026,0.0%,0.0%,0.0%,0.0%,0.0%,0.0%,-,
advanced-players,/nfl/advanced/players/cb/target-rate-allowed-vs-man,Target Rate Allowed vs. Man | NFL Advanced Stats,no,1,Cordale FlottC. Flott,/nfl/player-pages/2182/cordale-flott,Tennessee Titans,CB,2026,0.0%,0.0%,0.0%,0.0%,0.0%,0.0%,-,
advanced-players,/nfl/advanced/players/cb/target-rate-allowed-vs-man,Target Rate Allowed vs. Man | NFL Advanced Stats,no,1,Tykee SmithT. Smith,/nfl/player-pages/2650/tykee-smith,Tampa Bay Buccaneers,SAF,2026,0.0%,0.0%,0.0%,0.0%,0.0%,-,0.0%,
advanced-players,/nfl/advanced/players/cb/target-rate-allowed-vs-zone,Target Rate Allowed vs. Zone | NFL Advanced Stats,no,1,Jeremy ReavesJ. Reaves,/nfl/player-pages/1769/jeremy-reaves,Washington Commanders,DB,2026,0.0%,0.0%,0.0%,0.0%,0.0%,-,0.0%,
advanced-players,/nfl/advanced/players/cb/target-rate-allowed-vs-zone,Target Rate Allowed vs. Zone | NFL Advanced Stats,no,1,Greg Newsome IIG. Newsome II,/nfl/player-pages/9727/greg-newsome-ii,New York Giants,CB,2026,0.0%,0.0%,0.0%,0.0%,0.0%,0.0%,-,
advanced-players,/nfl/advanced/players/cb/target-rate-allowed-vs-zone,Target Rate Allowed vs. Zone | NFL Advanced Stats,no,1,Sauce GardnerS. Gardner,/nfl/player-pages/10345/sauce-gardner,Indianapolis Colts,CB,2026,0.0%,0.0%,0.0%,0.0%,0.0%,0.0%,-,
advanced-players,/nfl/advanced/players/cb/target-rate-allowed-vs-zone,Target Rate Allowed vs. Zone | NFL Advanced Stats,no,1,Talanoa HufangaT. Hufanga,/nfl/player-pages/13016/talanoa-hufanga,Denver Broncos,SAF,2026,0.0%,0.0%,0.0%,0.0%,0.0%,-,0.0%,
advanced-players,/nfl/advanced/players/cb/target-rate-allowed-vs-zone,Target Rate Allowed vs. Zone | NFL Advanced Stats,no,1,Antonio JohnsonA. Johnson,/nfl/player-pages/19363/antonio-johnson,Jacksonville Jaguars,SAF,2026,0.0%,0.0%,0.0%,0.0%,0.0%,0.0%,-,
advanced-players,/nfl/advanced/players/cb/targets-allowed,Targets Allowed | NFL Advanced Stats,no,1,Jeremy ReavesJ. Reaves,/nfl/player-pages/1769/jeremy-reaves,Washington Commanders,DB,2026,0,0,0,0,0,-,0,
advanced-players,/nfl/advanced/players/cb/targets-allowed,Targets Allowed | NFL Advanced Stats,no,1,Theo JacksonT. Jackson,/nfl/player-pages/19943/theo-jackson,Minnesota Vikings,DB,2026,0,0,0,0,0,0,-,
advanced-players,/nfl/advanced/players/cb/targets-allowed,Targets Allowed | NFL Advanced Stats,no,3,Tre'von MoehrigT. Moehrig,/nfl/player-pages/1932/trevon-moehrig,Carolina Panthers,SAF,2026,1,1,1,1,1,1,-,
advanced-players,/nfl/advanced/players/cb/targets-allowed,Targets Allowed | NFL Advanced Stats,no,3,Pat Surtain IIP. Surtain II,/nfl/player-pages/12578/pat-surtain-ii,Denver Broncos,CB,2026,1,1,1,1,1,-,1,
advanced-players,/nfl/advanced/players/cb/targets-allowed,Targets Allowed | NFL Advanced Stats,no,3,Talanoa HufangaT. Hufanga,/nfl/player-pages/13016/talanoa-hufanga,Denver Broncos,SAF,2026,1,1,1,1,1,-,1,
advanced-players,/nfl/advanced/players/cb/targets-per-route-run-allowed-vs-man,Targets per Route Run Allowed vs. Man | NFL Advanced Stats,no,1,Cobie DurantC. Durant,/nfl/player-pages/582/cobie-durant,Dallas Cowboys,CB,2026,0.00,0.00,0.00,0.00,0.00,-,0.00,
advanced-players,/nfl/advanced/players/cb/targets-per-route-run-allowed-vs-man,Targets per Route Run Allowed vs. Man | NFL Advanced Stats,no,1,Jeremy ReavesJ. Reaves,/nfl/player-pages/1769/jeremy-reaves,Washington Commanders,DB,2026,0.00,0.00,0.00,0.00,0.00,-,0.00,
advanced-players,/nfl/advanced/players/cb/targets-per-route-run-allowed-vs-man,Targets per Route Run Allowed vs. Man | NFL Advanced Stats,no,1,Tre'von MoehrigT. Moehrig,/nfl/player-pages/1932/trevon-moehrig,Carolina Panthers,SAF,2026,0.00,0.00,0.00,0.00,0.00,0.00,-,
advanced-players,/nfl/advanced/players/cb/targets-per-route-run-allowed-vs-man,Targets per Route Run Allowed vs. Man | NFL Advanced Stats,no,1,Cordale FlottC. Flott,/nfl/player-pages/2182/cordale-flott,Tennessee Titans,CB,2026,0.00,0.00,0.00,0.00,0.00,0.00,-,
advanced-players,/nfl/advanced/players/cb/targets-per-route-run-allowed-vs-man,Targets per Route Run Allowed vs. Man | NFL Advanced Stats,no,1,Tykee SmithT. Smith,/nfl/player-pages/2650/tykee-smith,Tampa Bay Buccaneers,SAF,2026,0.00,0.00,0.00,0.00,0.00,-,0.00,
advanced-players,/nfl/advanced/players/cb/targets-per-route-run-allowed-vs-zone,Targets per Route Run Allowed vs. Zone | NFL Advanced Stats,no,1,Reed BlankenshipR. Blankenship,/nfl/player-pages/12293/reed-blankenship,Houston Texans,SAF,2026,0.71,0.71,0.71,0.71,0.71,0.71,-,
advanced-players,/nfl/advanced/players/cb/targets-per-route-run-allowed-vs-zone,Targets per Route Run Allowed vs. Zone | NFL Advanced Stats,no,2,Craig WoodsonC. Woodson,/nfl/player-pages/8217/craig-woodson,New England Patriots,SAF,2026,0.43,0.43,0.43,0.43,0.43,-,0.43,
advanced-players,/nfl/advanced/players/cb/targets-per-route-run-allowed-vs-zone,Targets per Route Run Allowed vs. Zone | NFL Advanced Stats,no,2,Jordan BattleJ. Battle,/nfl/player-pages/11184/jordan-battle,Cincinnati Bengals,SAF,2026,0.43,0.43,0.43,0.43,0.43,0.43,-,
advanced-players,/nfl/advanced/players/cb/targets-per-route-run-allowed-vs-zone,Targets per Route Run Allowed vs. Zone | NFL Advanced Stats,no,2,Andre CiscoA. Cisco,/nfl/player-pages/17104/andre-cisco,New York Jets,SAF,2026,0.43,0.43,0.43,0.43,0.43,-,0.43,
advanced-players,/nfl/advanced/players/cb/targets-per-route-run-allowed-vs-zone,Targets per Route Run Allowed vs. Zone | NFL Advanced Stats,no,5,Grant DelpitG. Delpit,/nfl/player-pages/14362/grant-delpit,Cleveland Browns,SAF,2026,0.38,0.38,0.38,0.38,0.38,-,0.38,
advanced-players,/nfl/advanced/players/cb/td-rate-allowed,TD Rate Allowed | NFL Advanced Stats,no,1,Cam LewisC. Lewis,/nfl/player-pages/11406/cam-lewis,Chicago Bears,CB,2026,10.0%,10.0%,10.0%,10.0%,10.0%,-,10.0%,
advanced-players,/nfl/advanced/players/cb/td-rate-allowed,TD Rate Allowed | NFL Advanced Stats,no,1,Jaden HicksJ. Hicks,/nfl/player-pages/16102/jaden-hicks,Kansas City Chiefs,SAF,2026,10.0%,10.0%,10.0%,10.0%,10.0%,10.0%,-,
advanced-players,/nfl/advanced/players/cb/td-rate-allowed,TD Rate Allowed | NFL Advanced Stats,no,3,Craig WoodsonC. Woodson,/nfl/player-pages/8217/craig-woodson,New England Patriots,SAF,2026,8.3%,8.3%,8.3%,8.3%,8.3%,-,8.3%,
advanced-players,/nfl/advanced/players/cb/td-rate-allowed,TD Rate Allowed | NFL Advanced Stats,no,4,Tyrique StevensonT. Stevenson,/nfl/player-pages/10715/tyrique-stevenson,Chicago Bears,CB,2026,5.9%,5.9%,5.9%,5.9%,5.9%,-,5.9%,
advanced-players,/nfl/advanced/players/cb/td-rate-allowed,TD Rate Allowed | NFL Advanced Stats,no,4,Quincy RileyQ. Riley,/nfl/player-pages/13142/quincy-riley,New Orleans Saints,CB,2026,5.9%,5.9%,5.9%,5.9%,5.9%,-,5.9%,
advanced-players,/nfl/advanced/players/cb/td-rate-allowed-vs-man,TD Rate Allowed vs. Man | NFL Advanced Stats,no,1,Mike SainristilM. Sainristil,/nfl/player-pages/4618/mike-sainristil,Washington Commanders,CB,2026,20.0%,20.0%,20.0%,20.0%,20.0%,-,20.0%,
advanced-players,/nfl/advanced/players/cb/td-rate-allowed-vs-man,TD Rate Allowed vs. Man | NFL Advanced Stats,no,1,Jaylen WatsonJ. Watson,/nfl/player-pages/7122/jaylen-watson,Los Angeles Rams,CB,2026,20.0%,20.0%,20.0%,20.0%,20.0%,20.0%,-,
advanced-players,/nfl/advanced/players/cb/td-rate-allowed-vs-man,TD Rate Allowed vs. Man | NFL Advanced Stats,no,3,Quincy RileyQ. Riley,/nfl/player-pages/13142/quincy-riley,New Orleans Saints,CB,2026,16.7%,16.7%,16.7%,16.7%,16.7%,-,16.7%,
advanced-players,/nfl/advanced/players/cb/td-rate-allowed-vs-man,TD Rate Allowed vs. Man | NFL Advanced Stats,no,4,Azareye'h ThomasA. Thomas,/nfl/player-pages/3106/azareyeh-thomas,New York Jets,CB,2026,14.3%,14.3%,14.3%,14.3%,14.3%,-,14.3%,
advanced-players,/nfl/advanced/players/cb/td-rate-allowed-vs-man,TD Rate Allowed vs. Man | NFL Advanced Stats,no,4,Cam LewisC. Lewis,/nfl/player-pages/11406/cam-lewis,Chicago Bears,CB,2026,14.3%,14.3%,14.3%,14.3%,14.3%,-,14.3%,
advanced-players,/nfl/advanced/players/cb/td-rate-allowed-vs-zone,TD Rate Allowed vs. Zone | NFL Advanced Stats,no,1,Craig WoodsonC. Woodson,/nfl/player-pages/8217/craig-woodson,New England Patriots,SAF,2026,14.3%,14.3%,14.3%,14.3%,14.3%,-,14.3%,
advanced-players,/nfl/advanced/players/cb/td-rate-allowed-vs-zone,TD Rate Allowed vs. Zone | NFL Advanced Stats,no,1,Reed BlankenshipR. Blankenship,/nfl/player-pages/12293/reed-blankenship,Houston Texans,SAF,2026,14.3%,14.3%,14.3%,14.3%,14.3%,14.3%,-,
advanced-players,/nfl/advanced/players/cb/td-rate-allowed-vs-zone,TD Rate Allowed vs. Zone | NFL Advanced Stats,no,1,Jaden HicksJ. Hicks,/nfl/player-pages/16102/jaden-hicks,Kansas City Chiefs,SAF,2026,14.3%,14.3%,14.3%,14.3%,14.3%,14.3%,-,
advanced-players,/nfl/advanced/players/cb/td-rate-allowed-vs-zone,TD Rate Allowed vs. Zone | NFL Advanced Stats,no,4,Tykee SmithT. Smith,/nfl/player-pages/2650/tykee-smith,Tampa Bay Buccaneers,SAF,2026,9.1%,9.1%,9.1%,9.1%,9.1%,-,9.1%,
advanced-players,/nfl/advanced/players/cb/td-rate-allowed-vs-zone,TD Rate Allowed vs. Zone | NFL Advanced Stats,no,4,Keyon MartinK. Martin,/nfl/player-pages/13316/keyon-martin,Baltimore Ravens,CB,2026,9.1%,9.1%,9.1%,9.1%,9.1%,-,9.1%,
advanced-players,/nfl/advanced/players/cb/touchdowns-allowed,Touchdowns Allowed | NFL Advanced Stats,no,1,Tyrique StevensonT. Stevenson,/nfl/player-pages/10715/tyrique-stevenson,Chicago Bears,CB,2026,2,2,2,2,2,-,2,
advanced-players,/nfl/advanced/players/cb/touchdowns-allowed,Touchdowns Allowed | NFL Advanced Stats,no,1,Quincy RileyQ. Riley,/nfl/player-pages/13142/quincy-riley,New Orleans Saints,CB,2026,2,2,2,2,2,-,2,
advanced-players,/nfl/advanced/players/cb/touchdowns-allowed,Touchdowns Allowed | NFL Advanced Stats,no,3,Isaiah RodgersI. Rodgers,/nfl/player-pages/2335/isaiah-rodgers,Minnesota Vikings,CB,2026,1,1,1,1,1,1,-,
advanced-players,/nfl/advanced/players/cb/touchdowns-allowed,Touchdowns Allowed | NFL Advanced Stats,no,3,Tykee SmithT. Smith,/nfl/player-pages/2650/tykee-smith,Tampa Bay Buccaneers,SAF,2026,1,1,1,1,1,-,1,
advanced-players,/nfl/advanced/players/cb/touchdowns-allowed,Touchdowns Allowed | NFL Advanced Stats,no,3,Azareye'h ThomasA. Thomas,/nfl/player-pages/3106/azareyeh-thomas,New York Jets,CB,2026,1,1,1,1,1,-,1,
advanced-players,/nfl/advanced/players/cb/touchdowns-allowed-vs-man,Touchdowns Allowed vs. Man | NFL Advanced Stats,no,1,Isaiah RodgersI. Rodgers,/nfl/player-pages/2335/isaiah-rodgers,Minnesota Vikings,CB,2026,1,1,1,1,1,1,-,
advanced-players,/nfl/advanced/players/cb/touchdowns-allowed-vs-man,Touchdowns Allowed vs. Man | NFL Advanced Stats,no,1,Azareye'h ThomasA. Thomas,/nfl/player-pages/3106/azareyeh-thomas,New York Jets,CB,2026,1,1,1,1,1,-,1,
advanced-players,/nfl/advanced/players/cb/touchdowns-allowed-vs-man,Touchdowns Allowed vs. Man | NFL Advanced Stats,no,1,Rock Ya-SinR. Ya-Sin,/nfl/player-pages/4528/rock-ya-sin,Detroit Lions,CB,2026,1,1,1,1,1,1,-,
advanced-players,/nfl/advanced/players/cb/touchdowns-allowed-vs-man,Touchdowns Allowed vs. Man | NFL Advanced Stats,no,1,Mike SainristilM. Sainristil,/nfl/player-pages/4618/mike-sainristil,Washington Commanders,CB,2026,1,1,1,1,1,-,1,
advanced-players,/nfl/advanced/players/cb/touchdowns-allowed-vs-man,Touchdowns Allowed vs. Man | NFL Advanced Stats,no,1,Cooper DeJeanC. DeJean,/nfl/player-pages/5493/cooper-dejean,Philadelphia Eagles,CB,2026,1,1,1,1,1,1,-,
advanced-players,/nfl/advanced/players/cb/touchdowns-allowed-vs-zone,Touchdowns Allowed vs. Zone | NFL Advanced Stats,no,1,Tykee SmithT. Smith,/nfl/player-pages/2650/tykee-smith,Tampa Bay Buccaneers,SAF,2026,1,1,1,1,1,-,1,
advanced-players,/nfl/advanced/players/cb/touchdowns-allowed-vs-zone,Touchdowns Allowed vs. Zone | NFL Advanced Stats,no,1,Craig WoodsonC. Woodson,/nfl/player-pages/8217/craig-woodson,New England Patriots,SAF,2026,1,1,1,1,1,-,1,
advanced-players,/nfl/advanced/players/cb/touchdowns-allowed-vs-zone,Touchdowns Allowed vs. Zone | NFL Advanced Stats,no,1,Montaric BrownM. Brown,/nfl/player-pages/10597/montaric-brown,Jacksonville Jaguars,CB,2026,1,1,1,1,1,1,-,
advanced-players,/nfl/advanced/players/cb/touchdowns-allowed-vs-zone,Touchdowns Allowed vs. Zone | NFL Advanced Stats,no,1,Tyrique StevensonT. Stevenson,/nfl/player-pages/10715/tyrique-stevenson,Chicago Bears,CB,2026,1,1,1,1,1,-,1,
advanced-players,/nfl/advanced/players/cb/touchdowns-allowed-vs-zone,Touchdowns Allowed vs. Zone | NFL Advanced Stats,no,1,Jalen RamseyJ. Ramsey,/nfl/player-pages/11422/jalen-ramsey,Pittsburgh Steelers,CB,2026,1,1,1,1,1,1,-,
advanced-players,/nfl/advanced/players/cb/two-high-rate,Two High Rate | NFL Advanced Stats,no,1,Jamel DeanJ. Dean,/nfl/player-pages/16839/jamel-dean,Pittsburgh Steelers,CB,2026,69.6%,69.6%,69.6%,69.6%,69.6%,69.6%,-,
advanced-players,/nfl/advanced/players/cb/two-high-rate,Two High Rate | NFL Advanced Stats,no,2,Asante Samuel Jr.A. Samuel Jr.,/nfl/player-pages/22187/asante-samuel-jr,Pittsburgh Steelers,CB,2026,65.2%,65.2%,65.2%,65.2%,65.2%,65.2%,-,
advanced-players,/nfl/advanced/players/cb/two-high-rate,Two High Rate | NFL Advanced Stats,no,3,Jalen RamseyJ. Ramsey,/nfl/player-pages/11422/jalen-ramsey,Pittsburgh Steelers,CB,2026,63.2%,63.2%,63.2%,63.2%,63.2%,63.2%,-,
advanced-players,/nfl/advanced/players/cb/two-high-rate,Two High Rate | NFL Advanced Stats,no,4,Denzel BurkeD. Burke,/nfl/player-pages/16527/denzel-burke,Arizona Cardinals,CB,2026,61.5%,61.5%,61.5%,61.5%,61.5%,-,61.5%,
advanced-players,/nfl/advanced/players/cb/two-high-rate,Two High Rate | NFL Advanced Stats,no,5,Dee AlfordD. Alford,/nfl/player-pages/12027/dee-alford,Buffalo Bills,CB,2026,61.3%,61.3%,61.3%,61.3%,61.3%,-,61.3%,
advanced-players,/nfl/advanced/players/cb/yards-after-catch-allowed,Yards After Catch Allowed | NFL Advanced Stats,no,1,James PierreJ. Pierre,/nfl/player-pages/18999/james-pierre,Minnesota Vikings,CB,2026,70,70,70,70,70,70,-,
advanced-players,/nfl/advanced/players/cb/yards-after-catch-allowed,Yards After Catch Allowed | NFL Advanced Stats,no,2,Ja'Quan McMillianJ. McMillian,/nfl/player-pages/9712/jaquan-mcmillian,Denver Broncos,CB,2026,60,60,60,60,60,-,60,
advanced-players,/nfl/advanced/players/cb/yards-after-catch-allowed,Yards After Catch Allowed | NFL Advanced Stats,no,3,Reed BlankenshipR. Blankenship,/nfl/player-pages/12293/reed-blankenship,Houston Texans,SAF,2026,44,44,44,44,44,44,-,
advanced-players,/nfl/advanced/players/cb/yards-after-catch-allowed,Yards After Catch Allowed | NFL Advanced Stats,no,4,Jordan BattleJ. Battle,/nfl/player-pages/11184/jordan-battle,Cincinnati Bengals,SAF,2026,42,42,42,42,42,42,-,
advanced-players,/nfl/advanced/players/cb/yards-after-catch-allowed,Yards After Catch Allowed | NFL Advanced Stats,no,5,Craig WoodsonC. Woodson,/nfl/player-pages/8217/craig-woodson,New England Patriots,SAF,2026,41,41,41,41,41,-,41,
advanced-players,/nfl/advanced/players/cb/yards-after-catch-allowed-per-reception,Yards After Catch Allowed per Reception (CB) | NFL Advanced Stats,no,1,Ja'Quan McMillianJ. McMillian,/nfl/player-pages/9712/jaquan-mcmillian,Denver Broncos,CB,2026,30.0,30.0,30.0,30.0,30.0,-,30.0,
advanced-players,/nfl/advanced/players/cb/yards-after-catch-allowed-per-reception,Yards After Catch Allowed per Reception (CB) | NFL Advanced Stats,no,2,Jalen RamseyJ. Ramsey,/nfl/player-pages/11422/jalen-ramsey,Pittsburgh Steelers,CB,2026,27.0,27.0,27.0,27.0,27.0,27.0,-,
advanced-players,/nfl/advanced/players/cb/yards-after-catch-allowed-per-reception,Yards After Catch Allowed per Reception (CB) | NFL Advanced Stats,no,3,James PierreJ. Pierre,/nfl/player-pages/18999/james-pierre,Minnesota Vikings,CB,2026,23.3,23.3,23.3,23.3,23.3,23.3,-,
advanced-players,/nfl/advanced/players/cb/yards-after-catch-allowed-per-reception,Yards After Catch Allowed per Reception (CB) | NFL Advanced Stats,no,4,Craig WoodsonC. Woodson,/nfl/player-pages/8217/craig-woodson,New England Patriots,SAF,2026,20.5,20.5,20.5,20.5,20.5,-,20.5,
advanced-players,/nfl/advanced/players/cb/yards-after-catch-allowed-per-reception,Yards After Catch Allowed per Reception (CB) | NFL Advanced Stats,no,5,Malaki StarksM. Starks,/nfl/player-pages/17463/malaki-starks,Baltimore Ravens,SAF,2026,17.5,17.5,17.5,17.5,17.5,-,17.5,
advanced-players,/nfl/advanced/players/cb/yards-allowed,Yards Allowed | NFL Advanced Stats,no,1,Nate WigginsN. Wiggins,/nfl/player-pages/323/nate-wiggins,Baltimore Ravens,CB,2026,0,0,0,0,0,-,0,
advanced-players,/nfl/advanced/players/cb/yards-allowed,Yards Allowed | NFL Advanced Stats,no,1,Jeremy ReavesJ. Reaves,/nfl/player-pages/1769/jeremy-reaves,Washington Commanders,DB,2026,0,0,0,0,0,-,0,
advanced-players,/nfl/advanced/players/cb/yards-allowed,Yards Allowed | NFL Advanced Stats,no,1,Riq WoolenR. Woolen,/nfl/player-pages/2095/riq-woolen,Philadelphia Eagles,CB,2026,0,0,0,0,0,0,-,
advanced-players,/nfl/advanced/players/cb/yards-allowed,Yards Allowed | NFL Advanced Stats,no,1,Carlton Davis IIIC. Davis III,/nfl/player-pages/17139/carlton-davis-iii,New England Patriots,CB,2026,0,0,0,0,0,-,0,
advanced-players,/nfl/advanced/players/cb/yards-allowed,Yards Allowed | NFL Advanced Stats,no,1,Theo JacksonT. Jackson,/nfl/player-pages/19943/theo-jackson,Minnesota Vikings,DB,2026,0,0,0,0,0,0,-,
advanced-players,/nfl/advanced/players/cb/yards-per-reception-allowed,Yards per Reception Allowed | NFL Advanced Stats,no,1,Jarrian JonesJ. Jones,/nfl/player-pages/6677/jarrian-jones,Jacksonville Jaguars,CB,2026,1.0,1.0,1.0,1.0,1.0,1.0,-,
advanced-players,/nfl/advanced/players/cb/yards-per-reception-allowed,Yards per Reception Allowed | NFL Advanced Stats,no,2,Nick CrossN. Cross,/nfl/player-pages/11532/nick-cross,Washington Commanders,SAF,2026,1.3,1.3,1.3,1.3,1.3,-,1.3,
advanced-players,/nfl/advanced/players/cb/yards-per-reception-allowed,Yards per Reception Allowed | NFL Advanced Stats,no,3,Keith Abney IIK. Abney II,/nfl/player-pages/110320/keith-abney-ii,Detroit Lions,CB,2026,2.0,2.0,2.0,2.0,2.0,2.0,-,
advanced-players,/nfl/advanced/players/cb/yards-per-reception-allowed,Yards per Reception Allowed | NFL Advanced Stats,no,3,Javon BullardJ. Bullard,/nfl/player-pages/24124/javon-bullard,Green Bay Packers,SAF,2026,2.0,2.0,2.0,2.0,2.0,-,2.0,
advanced-players,/nfl/advanced/players/cb/yards-per-reception-allowed,Yards per Reception Allowed | NFL Advanced Stats,no,5,Upton StoutU. Stout,/nfl/player-pages/19504/upton-stout,San Francisco 49ers,CB,2026,3.0,3.0,3.0,3.0,3.0,-,3.0,
advanced-players,/nfl/advanced/players/cb/yards-per-route-run-allowed,Yards per Route Run Allowed | NFL Advanced Stats,no,1,Nate WigginsN. Wiggins,/nfl/player-pages/323/nate-wiggins,Baltimore Ravens,CB,2026,0.0,0.0,0.0,0.0,0.0,-,0.0,
advanced-players,/nfl/advanced/players/cb/yards-per-route-run-allowed,Yards per Route Run Allowed | NFL Advanced Stats,no,1,Jeremy ReavesJ. Reaves,/nfl/player-pages/1769/jeremy-reaves,Washington Commanders,DB,2026,0.0,0.0,0.0,0.0,0.0,-,0.0,
advanced-players,/nfl/advanced/players/cb/yards-per-route-run-allowed,Yards per Route Run Allowed | NFL Advanced Stats,no,1,Riq WoolenR. Woolen,/nfl/player-pages/2095/riq-woolen,Philadelphia Eagles,CB,2026,0.0,0.0,0.0,0.0,0.0,0.0,-,
advanced-players,/nfl/advanced/players/cb/yards-per-route-run-allowed,Yards per Route Run Allowed | NFL Advanced Stats,no,1,Carlton Davis IIIC. Davis III,/nfl/player-pages/17139/carlton-davis-iii,New England Patriots,CB,2026,0.0,0.0,0.0,0.0,0.0,-,0.0,
advanced-players,/nfl/advanced/players/cb/yards-per-route-run-allowed,Yards per Route Run Allowed | NFL Advanced Stats,no,1,Theo JacksonT. Jackson,/nfl/player-pages/19943/theo-jackson,Minnesota Vikings,DB,2026,0.0,0.0,0.0,0.0,0.0,0.0,-,
advanced-players,/nfl/advanced/players/cb/yards-per-target-allowed,Yards per Target Allowed | NFL Advanced Stats,no,1,Nate WigginsN. Wiggins,/nfl/player-pages/323/nate-wiggins,Baltimore Ravens,CB,2026,0.0,0.0,0.0,0.0,0.0,-,0.0,
advanced-players,/nfl/advanced/players/cb/yards-per-target-allowed,Yards per Target Allowed | NFL Advanced Stats,no,1,Riq WoolenR. Woolen,/nfl/player-pages/2095/riq-woolen,Philadelphia Eagles,CB,2026,0.0,0.0,0.0,0.0,0.0,0.0,-,
advanced-players,/nfl/advanced/players/cb/yards-per-target-allowed,Yards per Target Allowed | NFL Advanced Stats,no,1,Carlton Davis IIIC. Davis III,/nfl/player-pages/17139/carlton-davis-iii,New England Patriots,CB,2026,0.0,0.0,0.0,0.0,0.0,-,0.0,
advanced-players,/nfl/advanced/players/cb/yards-per-target-allowed,Yards per Target Allowed | NFL Advanced Stats,no,4,Jarrian JonesJ. Jones,/nfl/player-pages/6677/jarrian-jones,Jacksonville Jaguars,CB,2026,0.3,0.3,0.3,0.3,0.3,0.3,-,
advanced-players,/nfl/advanced/players/cb/yards-per-target-allowed,Yards per Target Allowed | NFL Advanced Stats,no,5,Javon BullardJ. Bullard,/nfl/player-pages/24124/javon-bullard,Green Bay Packers,SAF,2026,0.7,0.7,0.7,0.7,0.7,-,0.7,
advanced-players,/nfl/advanced/players/cb/yards-per-target-allowed-vs-man,Yards per Target Allowed vs. Man | NFL Advanced Stats,no,1,Brandon StephensB. Stephens,/nfl/player-pages/138/brandon-stephens,New York Jets,CB,2026,0.0,0.0,0.0,0.0,0.0,-,0.0,
advanced-players,/nfl/advanced/players/cb/yards-per-target-allowed-vs-man,Yards per Target Allowed vs. Man | NFL Advanced Stats,no,1,Nate WigginsN. Wiggins,/nfl/player-pages/323/nate-wiggins,Baltimore Ravens,CB,2026,0.0,0.0,0.0,0.0,0.0,-,0.0,
advanced-players,/nfl/advanced/players/cb/yards-per-target-allowed-vs-man,Yards per Target Allowed vs. Man | NFL Advanced Stats,no,1,Jonas SankerJ. Sanker,/nfl/player-pages/1150/jonas-sanker,New Orleans Saints,SAF,2026,0.0,0.0,0.0,0.0,0.0,-,0.0,
advanced-players,/nfl/advanced/players/cb/yards-per-target-allowed-vs-man,Yards per Target Allowed vs. Man | NFL Advanced Stats,no,1,Riq WoolenR. Woolen,/nfl/player-pages/2095/riq-woolen,Philadelphia Eagles,CB,2026,0.0,0.0,0.0,0.0,0.0,0.0,-,
advanced-players,/nfl/advanced/players/cb/yards-per-target-allowed-vs-man,Yards per Target Allowed vs. Man | NFL Advanced Stats,no,1,Jalen PitreJ. Pitre,/nfl/player-pages/2652/jalen-pitre,Houston Texans,SAF,2026,0.0,0.0,0.0,0.0,0.0,0.0,-,
advanced-players,/nfl/advanced/players/cb/yards-per-target-allowed-vs-zone,Yards per Target Allowed vs. Zone | NFL Advanced Stats,no,1,Nate WigginsN. Wiggins,/nfl/player-pages/323/nate-wiggins,Baltimore Ravens,CB,2026,0.0,0.0,0.0,0.0,0.0,-,0.0,
advanced-players,/nfl/advanced/players/cb/yards-per-target-allowed-vs-zone,Yards per Target Allowed vs. Zone | NFL Advanced Stats,no,1,Riq WoolenR. Woolen,/nfl/player-pages/2095/riq-woolen,Philadelphia Eagles,CB,2026,0.0,0.0,0.0,0.0,0.0,0.0,-,
advanced-players,/nfl/advanced/players/cb/yards-per-target-allowed-vs-zone,Yards per Target Allowed vs. Zone | NFL Advanced Stats,no,1,Rasul DouglasR. Douglas,/nfl/player-pages/2232/rasul-douglas,Washington Commanders,CB,2026,0.0,0.0,0.0,0.0,0.0,-,0.0,
advanced-players,/nfl/advanced/players/cb/yards-per-target-allowed-vs-zone,Yards per Target Allowed vs. Zone | NFL Advanced Stats,no,1,Malik MuhammadM. Muhammad,/nfl/player-pages/110727/malik-muhammad,Chicago Bears,CB,2026,0.0,0.0,0.0,0.0,0.0,-,0.0,
advanced-players,/nfl/advanced/players/cb/yards-per-target-allowed-vs-zone,Yards per Target Allowed vs. Zone | NFL Advanced Stats,no,1,Jacob ParrishJ. Parrish,/nfl/player-pages/9341/jacob-parrish,Tampa Bay Buccaneers,CB,2026,0.0,0.0,0.0,0.0,0.0,-,0.0,
advanced-players,/nfl/advanced/players/cb/yprr-allowed-vs-man,YPRR Allowed vs. Man | NFL Advanced Stats,no,1,Brandon StephensB. Stephens,/nfl/player-pages/138/brandon-stephens,New York Jets,CB,2026,0.0,0.0,0.0,0.0,0.0,-,0.0,
advanced-players,/nfl/advanced/players/cb/yprr-allowed-vs-man,YPRR Allowed vs. Man | NFL Advanced Stats,no,1,Nate WigginsN. Wiggins,/nfl/player-pages/323/nate-wiggins,Baltimore Ravens,CB,2026,0.0,0.0,0.0,0.0,0.0,-,0.0,
advanced-players,/nfl/advanced/players/cb/yprr-allowed-vs-man,YPRR Allowed vs. Man | NFL Advanced Stats,no,1,Cobie DurantC. Durant,/nfl/player-pages/582/cobie-durant,Dallas Cowboys,CB,2026,0.0,0.0,0.0,0.0,0.0,-,0.0,
advanced-players,/nfl/advanced/players/cb/yprr-allowed-vs-man,YPRR Allowed vs. Man | NFL Advanced Stats,no,1,Jonas SankerJ. Sanker,/nfl/player-pages/1150/jonas-sanker,New Orleans Saints,SAF,2026,0.0,0.0,0.0,0.0,0.0,-,0.0,
advanced-players,/nfl/advanced/players/cb/yprr-allowed-vs-man,YPRR Allowed vs. Man | NFL Advanced Stats,no,1,Jeremy ReavesJ. Reaves,/nfl/player-pages/1769/jeremy-reaves,Washington Commanders,DB,2026,0.0,0.0,0.0,0.0,0.0,-,0.0,
advanced-players,/nfl/advanced/players/cb/yprr-allowed-vs-zone,YPRR Allowed vs. Zone | NFL Advanced Stats,no,1,Nate WigginsN. Wiggins,/nfl/player-pages/323/nate-wiggins,Baltimore Ravens,CB,2026,0.0,0.0,0.0,0.0,0.0,-,0.0,
advanced-players,/nfl/advanced/players/cb/yprr-allowed-vs-zone,YPRR Allowed vs. Zone | NFL Advanced Stats,no,1,Jeremy ReavesJ. Reaves,/nfl/player-pages/1769/jeremy-reaves,Washington Commanders,DB,2026,0.0,0.0,0.0,0.0,0.0,-,0.0,
advanced-players,/nfl/advanced/players/cb/yprr-allowed-vs-zone,YPRR Allowed vs. Zone | NFL Advanced Stats,no,1,Riq WoolenR. Woolen,/nfl/player-pages/2095/riq-woolen,Philadelphia Eagles,CB,2026,0.0,0.0,0.0,0.0,0.0,0.0,-,
advanced-players,/nfl/advanced/players/cb/yprr-allowed-vs-zone,YPRR Allowed vs. Zone | NFL Advanced Stats,no,1,Rasul DouglasR. Douglas,/nfl/player-pages/2232/rasul-douglas,Washington Commanders,CB,2026,0.0,0.0,0.0,0.0,0.0,-,0.0,
advanced-players,/nfl/advanced/players/cb/yprr-allowed-vs-zone,YPRR Allowed vs. Zone | NFL Advanced Stats,no,1,Malik MuhammadM. Muhammad,/nfl/player-pages/110727/malik-muhammad,Chicago Bears,CB,2026,0.0,0.0,0.0,0.0,0.0,-,0.0,
advanced-players,/nfl/advanced/players/cb/zone-coverage-rate,Zone Coverage Rate | NFL Advanced Stats,no,1,Jamel DeanJ. Dean,/nfl/player-pages/16839/jamel-dean,Pittsburgh Steelers,CB,2026,95.7%,95.7%,95.7%,95.7%,95.7%,95.7%,-,
advanced-players,/nfl/advanced/players/cb/zone-coverage-rate,Zone Coverage Rate | NFL Advanced Stats,no,1,Asante Samuel Jr.A. Samuel Jr.,/nfl/player-pages/22187/asante-samuel-jr,Pittsburgh Steelers,CB,2026,95.7%,95.7%,95.7%,95.7%,95.7%,95.7%,-,
advanced-players,/nfl/advanced/players/cb/zone-coverage-rate,Zone Coverage Rate | NFL Advanced Stats,no,3,Jalen RamseyJ. Ramsey,/nfl/player-pages/11422/jalen-ramsey,Pittsburgh Steelers,CB,2026,94.7%,94.7%,94.7%,94.7%,94.7%,94.7%,-,
advanced-players,/nfl/advanced/players/cb/zone-coverage-rate,Zone Coverage Rate | NFL Advanced Stats,no,4,Jeremy ReavesJ. Reaves,/nfl/player-pages/1769/jeremy-reaves,Washington Commanders,DB,2026,90.0%,90.0%,90.0%,90.0%,90.0%,-,90.0%,
advanced-players,/nfl/advanced/players/cb/zone-coverage-rate,Zone Coverage Rate | NFL Advanced Stats,no,5,Theo JacksonT. Jackson,/nfl/player-pages/19943/theo-jackson,Minnesota Vikings,DB,2026,88.9%,88.9%,88.9%,88.9%,88.9%,88.9%,-,
advanced-players,/nfl/advanced/players/efficiency/draftkings-fantasy-points-per-game,"DraftKings, Fantasy Points Per Game | NFL Advanced Stats",no,1,Josh AllenJ. Allen,/nfl/player-pages/13812/josh-allen,Buffalo Bills,QB,2026,38.7,38.7,38.7,38.7,38.7,-,38.7,
advanced-players,/nfl/advanced/players/efficiency/draftkings-fantasy-points-per-game,"DraftKings, Fantasy Points Per Game | NFL Advanced Stats",no,2,Derrick HenryD. Henry,/nfl/player-pages/14874/derrick-henry,Baltimore Ravens,RB,2026,38.3,38.3,38.3,38.3,38.3,-,38.3,
advanced-players,/nfl/advanced/players/efficiency/draftkings-fantasy-points-per-game,"DraftKings, Fantasy Points Per Game | NFL Advanced Stats",no,3,Jahmyr GibbsJ. Gibbs,/nfl/player-pages/14931/jahmyr-gibbs,Detroit Lions,RB,2026,37.6,37.6,37.6,37.6,37.6,37.6,-,
advanced-players,/nfl/advanced/players/efficiency/draftkings-fantasy-points-per-game,"DraftKings, Fantasy Points Per Game | NFL Advanced Stats",no,4,Caleb WilliamsC. Williams,/nfl/player-pages/20241/caleb-williams,Chicago Bears,QB,2026,37.3,37.3,37.3,37.3,37.3,-,37.3,
advanced-players,/nfl/advanced/players/efficiency/draftkings-fantasy-points-per-game,"DraftKings, Fantasy Points Per Game | NFL Advanced Stats",no,5,Kenneth Walker IIIK. Walker III,/nfl/player-pages/2659/kenneth-walker-iii,Kansas City Chiefs,RB,2026,37.1,37.1,37.1,37.1,37.1,37.1,-,
advanced-players,/nfl/advanced/players/efficiency/fanduel-fantasy-points-per-game,"FanDuel, Fantasy Points Per Game | NFL Advanced Stats",no,1,Josh AllenJ. Allen,/nfl/player-pages/13812/josh-allen,Buffalo Bills,QB,2026,38.7,38.7,38.7,38.7,38.7,-,38.7,
advanced-players,/nfl/advanced/players/efficiency/fanduel-fantasy-points-per-game,"FanDuel, Fantasy Points Per Game | NFL Advanced Stats",no,2,Derrick HenryD. Henry,/nfl/player-pages/14874/derrick-henry,Baltimore Ravens,RB,2026,37.8,37.8,37.8,37.8,37.8,-,37.8,
advanced-players,/nfl/advanced/players/efficiency/fanduel-fantasy-points-per-game,"FanDuel, Fantasy Points Per Game | NFL Advanced Stats",no,3,Caleb WilliamsC. Williams,/nfl/player-pages/20241/caleb-williams,Chicago Bears,QB,2026,37.3,37.3,37.3,37.3,37.3,-,37.3,
advanced-players,/nfl/advanced/players/efficiency/fanduel-fantasy-points-per-game,"FanDuel, Fantasy Points Per Game | NFL Advanced Stats",no,4,Kenneth Walker IIIK. Walker III,/nfl/player-pages/2659/kenneth-walker-iii,Kansas City Chiefs,RB,2026,35.6,35.6,35.6,35.6,35.6,35.6,-,
advanced-players,/nfl/advanced/players/efficiency/fanduel-fantasy-points-per-game,"FanDuel, Fantasy Points Per Game | NFL Advanced Stats",no,5,Bryce YoungB. Young,/nfl/player-pages/21328/bryce-young,Carolina Panthers,QB,2026,35.4,35.4,35.4,35.4,35.4,35.4,-,
advanced-players,/nfl/advanced/players/efficiency/fantasy-points-per-dropbacks,Fantasy Points Per Dropback | NFL Advanced Stats,no,1,Caleb WilliamsC. Williams,/nfl/player-pages/20241/caleb-williams,Chicago Bears,QB,2026,1.20,1.20,1.20,1.20,1.20,-,1.20,
advanced-players,/nfl/advanced/players/efficiency/fantasy-points-per-dropbacks,Fantasy Points Per Dropback | NFL Advanced Stats,no,2,Josh AllenJ. Allen,/nfl/player-pages/13812/josh-allen,Buffalo Bills,QB,2026,1.11,1.11,1.11,1.11,1.11,-,1.11,
advanced-players,/nfl/advanced/players/efficiency/fantasy-points-per-dropbacks,Fantasy Points Per Dropback | NFL Advanced Stats,no,3,Jaxson DartJ. Dart,/nfl/player-pages/4460/jaxson-dart,New York Giants,QB,2026,0.86,0.86,0.86,0.86,0.86,0.86,-,
advanced-players,/nfl/advanced/players/efficiency/fantasy-points-per-dropbacks,Fantasy Points Per Dropback | NFL Advanced Stats,no,4,Bryce YoungB. Young,/nfl/player-pages/21328/bryce-young,Carolina Panthers,QB,2026,0.81,0.81,0.81,0.81,0.81,0.81,-,
advanced-players,/nfl/advanced/players/efficiency/fantasy-points-per-dropbacks,Fantasy Points Per Dropback | NFL Advanced Stats,no,5,Brock PurdyB. Purdy,/nfl/player-pages/18209/brock-purdy,San Francisco 49ers,QB,2026,0.62,0.62,0.62,0.62,0.62,-,0.62,
advanced-players,/nfl/advanced/players/efficiency/fantasy-points-per-opportunity,Fantasy Points Per Opportunity | NFL Advanced Stats,no,1,Josh PalmerJ. Palmer,/nfl/player-pages/24050/josh-palmer,Buffalo Bills,WR,2026,5.2,5.2,5.2,5.2,5.2,-,5.2,
advanced-players,/nfl/advanced/players/efficiency/fantasy-points-per-opportunity,Fantasy Points Per Opportunity | NFL Advanced Stats,no,2,Josh CameronJ. Cameron,/nfl/player-pages/110416/josh-cameron,Jacksonville Jaguars,WR,2026,5.0,5.0,5.0,5.0,5.0,5.0,-,
advanced-players,/nfl/advanced/players/efficiency/fantasy-points-per-opportunity,Fantasy Points Per Opportunity | NFL Advanced Stats,no,3,Rashee RiceR. Rice,/nfl/player-pages/4980/rashee-rice,Kansas City Chiefs,WR,2026,5.0,5.0,5.0,5.0,5.0,5.0,-,
advanced-players,/nfl/advanced/players/efficiency/fantasy-points-per-opportunity,Fantasy Points Per Opportunity | NFL Advanced Stats,no,4,Dallas GoedertD. Goedert,/nfl/player-pages/19922/dallas-goedert,Philadelphia Eagles,TE,2026,4.7,4.7,4.7,4.7,4.7,4.7,-,
advanced-players,/nfl/advanced/players/efficiency/fantasy-points-per-opportunity,Fantasy Points Per Opportunity | NFL Advanced Stats,no,5,Demarcus RobinsonD. Robinson,/nfl/player-pages/13220/demarcus-robinson,San Francisco 49ers,WR,2026,4.3,4.3,4.3,4.3,4.3,-,4.3,
advanced-players,/nfl/advanced/players/efficiency/fantasy-points-per-route-run,Fantasy Points Per Route Run | NFL Advanced Stats,no,1,Zay FlowersZ. Flowers,/nfl/player-pages/14489/zay-flowers,Baltimore Ravens,WR,2026,2.36,2.36,2.36,2.36,2.36,-,2.36,
advanced-players,/nfl/advanced/players/efficiency/fantasy-points-per-route-run,Fantasy Points Per Route Run | NFL Advanced Stats,no,2,Antonio WilliamsA. Williams,/nfl/player-pages/110939/antonio-williams,Washington Commanders,WR,2026,1.49,1.49,1.49,1.49,1.49,-,1.49,
advanced-players,/nfl/advanced/players/efficiency/fantasy-points-per-route-run,Fantasy Points Per Route Run | NFL Advanced Stats,no,3,Parker WashingtonP. Washington,/nfl/player-pages/19762/parker-washington,Jacksonville Jaguars,WR,2026,1.29,1.29,1.29,1.29,1.29,1.29,-,
advanced-players,/nfl/advanced/players/efficiency/fantasy-points-per-route-run,Fantasy Points Per Route Run | NFL Advanced Stats,no,4,Isaiah LikelyI. Likely,/nfl/player-pages/21028/isaiah-likely,New York Giants,TE,2026,1.21,1.21,1.21,1.21,1.21,1.21,-,
advanced-players,/nfl/advanced/players/efficiency/fantasy-points-per-route-run,Fantasy Points Per Route Run | NFL Advanced Stats,no,5,Ashton JeantyA. Jeanty,/nfl/player-pages/20978/ashton-jeanty,Las Vegas Raiders,RB,2026,1.18,1.18,1.18,1.18,1.18,1.18,-,
advanced-players,/nfl/advanced/players/efficiency/fantasy-points-per-snap,Fantasy Points Per Snap | NFL Advanced Stats,no,1,Derrick HenryD. Henry,/nfl/player-pages/14874/derrick-henry,Baltimore Ravens,RB,2026,0.95,0.95,0.95,0.95,0.95,-,0.95,
advanced-players,/nfl/advanced/players/efficiency/fantasy-points-per-snap,Fantasy Points Per Snap | NFL Advanced Stats,no,2,Isaiah LikelyI. Likely,/nfl/player-pages/21028/isaiah-likely,New York Giants,TE,2026,0.82,0.82,0.82,0.82,0.82,0.82,-,
advanced-players,/nfl/advanced/players/efficiency/fantasy-points-per-snap,Fantasy Points Per Snap | NFL Advanced Stats,no,3,D'Andre SwiftD. Swift,/nfl/player-pages/3975/dandre-swift,Chicago Bears,RB,2026,0.75,0.75,0.75,0.75,0.75,-,0.75,
advanced-players,/nfl/advanced/players/efficiency/fantasy-points-per-snap,Fantasy Points Per Snap | NFL Advanced Stats,no,4,David MontgomeryD. Montgomery,/nfl/player-pages/13191/david-montgomery,Houston Texans,RB,2026,0.74,0.74,0.74,0.74,0.74,0.74,-,
advanced-players,/nfl/advanced/players/efficiency/fantasy-points-per-snap,Fantasy Points Per Snap | NFL Advanced Stats,no,5,Kenneth Walker IIIK. Walker III,/nfl/player-pages/2659/kenneth-walker-iii,Kansas City Chiefs,RB,2026,0.73,0.73,0.73,0.73,0.73,0.73,-,
advanced-players,/nfl/advanced/players/efficiency/fantasy-points-per-target,Fantasy Points Per Target | NFL Advanced Stats,no,1,Jakobi MeyersJ. Meyers,/nfl/player-pages/9298/jakobi-meyers,Jacksonville Jaguars,WR,2026,6.0,6.0,6.0,6.0,6.0,6.0,-,
advanced-players,/nfl/advanced/players/efficiency/fantasy-points-per-target,Fantasy Points Per Target | NFL Advanced Stats,no,2,Josh PalmerJ. Palmer,/nfl/player-pages/24050/josh-palmer,Buffalo Bills,WR,2026,5.2,5.2,5.2,5.2,5.2,-,5.2,
advanced-players,/nfl/advanced/players/efficiency/fantasy-points-per-target,Fantasy Points Per Target | NFL Advanced Stats,no,3,Josh CameronJ. Cameron,/nfl/player-pages/110416/josh-cameron,Jacksonville Jaguars,WR,2026,5.0,5.0,5.0,5.0,5.0,5.0,-,
advanced-players,/nfl/advanced/players/efficiency/fantasy-points-per-target,Fantasy Points Per Target | NFL Advanced Stats,no,4,Rashee RiceR. Rice,/nfl/player-pages/4980/rashee-rice,Kansas City Chiefs,WR,2026,5.0,5.0,5.0,5.0,5.0,5.0,-,
advanced-players,/nfl/advanced/players/efficiency/fantasy-points-per-target,Fantasy Points Per Target | NFL Advanced Stats,no,5,Dallas GoedertD. Goedert,/nfl/player-pages/19922/dallas-goedert,Philadelphia Eagles,TE,2026,4.7,4.7,4.7,4.7,4.7,4.7,-,
advanced-players,/nfl/advanced/players/efficiency/fantasy-points-per-target-vs-man,Fantasy Points Per Target vs. Man | NFL Advanced Stats,no,1,T.J. HockensonT. Hockenson,/nfl/player-pages/24391/tj-hockenson,Minnesota Vikings,TE,2026,8.6,8.6,8.6,8.6,8.6,8.6,-,
advanced-players,/nfl/advanced/players/efficiency/fantasy-points-per-target-vs-man,Fantasy Points Per Target vs. Man | NFL Advanced Stats,no,2,Ashton JeantyA. Jeanty,/nfl/player-pages/20978/ashton-jeanty,Las Vegas Raiders,RB,2026,8.3,8.3,8.3,8.3,8.3,8.3,-,
advanced-players,/nfl/advanced/players/efficiency/fantasy-points-per-target-vs-man,Fantasy Points Per Target vs. Man | NFL Advanced Stats,no,3,David MontgomeryD. Montgomery,/nfl/player-pages/13191/david-montgomery,Houston Texans,RB,2026,7.7,7.7,7.7,7.7,7.7,7.7,-,
advanced-players,/nfl/advanced/players/efficiency/fantasy-points-per-target-vs-man,Fantasy Points Per Target vs. Man | NFL Advanced Stats,no,4,Josh CameronJ. Cameron,/nfl/player-pages/110416/josh-cameron,Jacksonville Jaguars,WR,2026,7.4,7.4,7.4,7.4,7.4,7.4,-,
advanced-players,/nfl/advanced/players/efficiency/fantasy-points-per-target-vs-man,Fantasy Points Per Target vs. Man | NFL Advanced Stats,no,5,Parker WashingtonP. Washington,/nfl/player-pages/19762/parker-washington,Jacksonville Jaguars,WR,2026,5.8,5.8,5.8,5.8,5.8,5.8,-,
advanced-players,/nfl/advanced/players/efficiency/fantasy-points-per-target-vs-zone,Fantasy Points Per Target vs. Zone | NFL Advanced Stats,no,1,Brenton StrangeB. Strange,/nfl/player-pages/3328/brenton-strange,Jacksonville Jaguars,TE,2026,8.4,8.4,8.4,8.4,8.4,8.4,-,
advanced-players,/nfl/advanced/players/efficiency/fantasy-points-per-target-vs-zone,Fantasy Points Per Target vs. Zone | NFL Advanced Stats,no,2,Jakobi MeyersJ. Meyers,/nfl/player-pages/9298/jakobi-meyers,Jacksonville Jaguars,WR,2026,6.0,6.0,6.0,6.0,6.0,6.0,-,
advanced-players,/nfl/advanced/players/efficiency/fantasy-points-per-target-vs-zone,Fantasy Points Per Target vs. Zone | NFL Advanced Stats,no,3,Jonathon BrooksJ. Brooks,/nfl/player-pages/923/jonathon-brooks,Carolina Panthers,RB,2026,5.8,5.8,5.8,5.8,5.8,5.8,-,
advanced-players,/nfl/advanced/players/efficiency/fantasy-points-per-target-vs-zone,Fantasy Points Per Target vs. Zone | NFL Advanced Stats,no,4,Isaiah LikelyI. Likely,/nfl/player-pages/21028/isaiah-likely,New York Giants,TE,2026,5.0,5.0,5.0,5.0,5.0,5.0,-,
advanced-players,/nfl/advanced/players/efficiency/fantasy-points-per-target-vs-zone,Fantasy Points Per Target vs. Zone | NFL Advanced Stats,no,5,Rashee RiceR. Rice,/nfl/player-pages/4980/rashee-rice,Kansas City Chiefs,WR,2026,5.0,5.0,5.0,5.0,5.0,5.0,-,
advanced-players,/nfl/advanced/players/efficiency/fantasy-points-per-touch,Fantasy Points Per Touch | NFL Advanced Stats,no,1,Dallas GoedertD. Goedert,/nfl/player-pages/19922/dallas-goedert,Philadelphia Eagles,TE,2026,5.9,5.9,5.9,5.9,5.9,5.9,-,
advanced-players,/nfl/advanced/players/efficiency/fantasy-points-per-touch,Fantasy Points Per Touch | NFL Advanced Stats,no,2,Christian WatsonC. Watson,/nfl/player-pages/19237/christian-watson,Green Bay Packers,WR,2026,5.5,5.5,5.5,5.5,5.5,-,5.5,
advanced-players,/nfl/advanced/players/efficiency/fantasy-points-per-touch,Fantasy Points Per Touch | NFL Advanced Stats,no,3,Zay FlowersZ. Flowers,/nfl/player-pages/14489/zay-flowers,Baltimore Ravens,WR,2026,5.2,5.2,5.2,5.2,5.2,-,5.2,
advanced-players,/nfl/advanced/players/efficiency/fantasy-points-per-touch,Fantasy Points Per Touch | NFL Advanced Stats,no,4,Juwan JohnsonJ. Johnson,/nfl/player-pages/14481/juwan-johnson,New Orleans Saints,TE,2026,4.8,4.8,4.8,4.8,4.8,-,4.8,
advanced-players,/nfl/advanced/players/efficiency/fantasy-points-per-touch,Fantasy Points Per Touch | NFL Advanced Stats,no,5,Jalen CokerJ. Coker,/nfl/player-pages/9884/jalen-coker,Carolina Panthers,WR,2026,4.2,4.2,4.2,4.2,4.2,4.2,-,
advanced-players,/nfl/advanced/players/efficiency/ffpc-fantasy-points-per-game,"FFPC, Fantasy Points Per Game | NFL Advanced Stats",no,1,Caleb WilliamsC. Williams,/nfl/player-pages/20241/caleb-williams,Chicago Bears,QB,2026,40.0,40.0,40.0,40.0,40.0,-,40.0,
advanced-players,/nfl/advanced/players/efficiency/ffpc-fantasy-points-per-game,"FFPC, Fantasy Points Per Game | NFL Advanced Stats",no,2,Josh AllenJ. Allen,/nfl/player-pages/13812/josh-allen,Buffalo Bills,QB,2026,39.0,39.0,39.0,39.0,39.0,-,39.0,
advanced-players,/nfl/advanced/players/efficiency/ffpc-fantasy-points-per-game,"FFPC, Fantasy Points Per Game | NFL Advanced Stats",no,3,Bryce YoungB. Young,/nfl/player-pages/21328/bryce-young,Carolina Panthers,QB,2026,36.1,36.1,36.1,36.1,36.1,36.1,-,
advanced-players,/nfl/advanced/players/efficiency/ffpc-fantasy-points-per-game,"FFPC, Fantasy Points Per Game | NFL Advanced Stats",no,4,Kenneth Walker IIIK. Walker III,/nfl/player-pages/2659/kenneth-walker-iii,Kansas City Chiefs,RB,2026,35.6,35.6,35.6,35.6,35.6,35.6,-,
advanced-players,/nfl/advanced/players/efficiency/ffpc-fantasy-points-per-game,"FFPC, Fantasy Points Per Game | NFL Advanced Stats",no,5,Derrick HenryD. Henry,/nfl/player-pages/14874/derrick-henry,Baltimore Ravens,RB,2026,35.3,35.3,35.3,35.3,35.3,-,35.3,
advanced-players,/nfl/advanced/players/efficiency/full-ppr,Full PPR | NFL Advanced Stats,no,1,Caleb WilliamsC. Williams,/nfl/player-pages/20241/caleb-williams,Chicago Bears,QB,2026,37.3,37.3,37.3,37.3,37.3,-,37.3,
advanced-players,/nfl/advanced/players/efficiency/full-ppr,Full PPR | NFL Advanced Stats,no,2,Josh AllenJ. Allen,/nfl/player-pages/13812/josh-allen,Buffalo Bills,QB,2026,35.7,35.7,35.7,35.7,35.7,-,35.7,
advanced-players,/nfl/advanced/players/efficiency/full-ppr,Full PPR | NFL Advanced Stats,no,3,Derrick HenryD. Henry,/nfl/player-pages/14874/derrick-henry,Baltimore Ravens,RB,2026,35.3,35.3,35.3,35.3,35.3,-,35.3,
advanced-players,/nfl/advanced/players/efficiency/full-ppr,Full PPR | NFL Advanced Stats,no,4,Kenneth Walker IIIK. Walker III,/nfl/player-pages/2659/kenneth-walker-iii,Kansas City Chiefs,RB,2026,34.1,34.1,34.1,34.1,34.1,34.1,-,
advanced-players,/nfl/advanced/players/efficiency/full-ppr,Full PPR | NFL Advanced Stats,no,5,Jalen CokerJ. Coker,/nfl/player-pages/9884/jalen-coker,Carolina Panthers,WR,2026,33.8,33.8,33.8,33.8,33.8,33.8,-,
advanced-players,/nfl/advanced/players/efficiency/half-point-ppr,Half-Point PPR Scoring | NFL Advanced Stats,no,1,Caleb WilliamsC. Williams,/nfl/player-pages/20241/caleb-williams,Chicago Bears,QB,2026,37.3,37.3,37.3,37.3,37.3,-,37.3,
advanced-players,/nfl/advanced/players/efficiency/half-point-ppr,Half-Point PPR Scoring | NFL Advanced Stats,no,2,Josh AllenJ. Allen,/nfl/player-pages/13812/josh-allen,Buffalo Bills,QB,2026,35.7,35.7,35.7,35.7,35.7,-,35.7,
advanced-players,/nfl/advanced/players/efficiency/half-point-ppr,Half-Point PPR Scoring | NFL Advanced Stats,no,3,Derrick HenryD. Henry,/nfl/player-pages/14874/derrick-henry,Baltimore Ravens,RB,2026,34.8,34.8,34.8,34.8,34.8,-,34.8,
advanced-players,/nfl/advanced/players/efficiency/half-point-ppr,Half-Point PPR Scoring | NFL Advanced Stats,no,4,Kenneth Walker IIIK. Walker III,/nfl/player-pages/2659/kenneth-walker-iii,Kansas City Chiefs,RB,2026,32.6,32.6,32.6,32.6,32.6,32.6,-,
advanced-players,/nfl/advanced/players/efficiency/half-point-ppr,Half-Point PPR Scoring | NFL Advanced Stats,no,5,D'Andre SwiftD. Swift,/nfl/player-pages/3975/dandre-swift,Chicago Bears,RB,2026,31.9,31.9,31.9,31.9,31.9,-,31.9,
advanced-players,/nfl/advanced/players/efficiency/nffc-fantasy-points-per-game,"NFFC, Fantasy Points Per Game | NFL Advanced Stats",no,1,Caleb WilliamsC. Williams,/nfl/player-pages/20241/caleb-williams,Chicago Bears,QB,2026,44.0,44.0,44.0,44.0,44.0,-,44.0,
advanced-players,/nfl/advanced/players/efficiency/nffc-fantasy-points-per-game,"NFFC, Fantasy Points Per Game | NFL Advanced Stats",no,2,Josh AllenJ. Allen,/nfl/player-pages/13812/josh-allen,Buffalo Bills,QB,2026,43.0,43.0,43.0,43.0,43.0,-,43.0,
advanced-players,/nfl/advanced/players/efficiency/nffc-fantasy-points-per-game,"NFFC, Fantasy Points Per Game | NFL Advanced Stats",no,3,Bryce YoungB. Young,/nfl/player-pages/21328/bryce-young,Carolina Panthers,QB,2026,41.1,41.1,41.1,41.1,41.1,41.1,-,
advanced-players,/nfl/advanced/players/efficiency/nffc-fantasy-points-per-game,"NFFC, Fantasy Points Per Game | NFL Advanced Stats",no,4,Trevor LawrenceT. Lawrence,/nfl/player-pages/18815/trevor-lawrence,Jacksonville Jaguars,QB,2026,36.6,36.6,36.6,36.6,36.6,36.6,-,
advanced-players,/nfl/advanced/players/efficiency/nffc-fantasy-points-per-game,"NFFC, Fantasy Points Per Game | NFL Advanced Stats",no,5,Derrick HenryD. Henry,/nfl/player-pages/14874/derrick-henry,Baltimore Ravens,RB,2026,35.3,35.3,35.3,35.3,35.3,-,35.3,
advanced-players,/nfl/advanced/players/efficiency/standard-scoring,Standard Scoring | NFL Advanced Stats,no,1,Caleb WilliamsC. Williams,/nfl/player-pages/20241/caleb-williams,Chicago Bears,QB,2026,37.3,37.3,37.3,37.3,37.3,-,37.3,
advanced-players,/nfl/advanced/players/efficiency/standard-scoring,Standard Scoring | NFL Advanced Stats,no,2,Josh AllenJ. Allen,/nfl/player-pages/13812/josh-allen,Buffalo Bills,QB,2026,35.7,35.7,35.7,35.7,35.7,-,35.7,
advanced-players,/nfl/advanced/players/efficiency/standard-scoring,Standard Scoring | NFL Advanced Stats,no,3,Derrick HenryD. Henry,/nfl/player-pages/14874/derrick-henry,Baltimore Ravens,RB,2026,34.3,34.3,34.3,34.3,34.3,-,34.3,
advanced-players,/nfl/advanced/players/efficiency/standard-scoring,Standard Scoring | NFL Advanced Stats,no,4,Bryce YoungB. Young,/nfl/player-pages/21328/bryce-young,Carolina Panthers,QB,2026,31.4,31.4,31.4,31.4,31.4,31.4,-,
advanced-players,/nfl/advanced/players/efficiency/standard-scoring,Standard Scoring | NFL Advanced Stats,no,5,D'Andre SwiftD. Swift,/nfl/player-pages/3975/dandre-swift,Chicago Bears,RB,2026,31.4,31.4,31.4,31.4,31.4,-,31.4,
advanced-players,/nfl/advanced/players/efficiency/total-fantasy-points-accumulative-all-other-are-per-game,Total Fantasy Points | NFL Advanced Stats,no,1,Caleb WilliamsC. Williams,/nfl/player-pages/20241/caleb-williams,Chicago Bears,QB,2026,37.3,37.3,37.3,37.3,37.3,-,37.3,
advanced-players,/nfl/advanced/players/efficiency/total-fantasy-points-accumulative-all-other-are-per-game,Total Fantasy Points | NFL Advanced Stats,no,2,Josh AllenJ. Allen,/nfl/player-pages/13812/josh-allen,Buffalo Bills,QB,2026,35.7,35.7,35.7,35.7,35.7,-,35.7,
advanced-players,/nfl/advanced/players/efficiency/total-fantasy-points-accumulative-all-other-are-per-game,Total Fantasy Points | NFL Advanced Stats,no,3,Derrick HenryD. Henry,/nfl/player-pages/14874/derrick-henry,Baltimore Ravens,RB,2026,35.3,35.3,35.3,35.3,35.3,-,35.3,
advanced-players,/nfl/advanced/players/efficiency/total-fantasy-points-accumulative-all-other-are-per-game,Total Fantasy Points | NFL Advanced Stats,no,4,Kenneth Walker IIIK. Walker III,/nfl/player-pages/2659/kenneth-walker-iii,Kansas City Chiefs,RB,2026,34.1,34.1,34.1,34.1,34.1,34.1,-,
advanced-players,/nfl/advanced/players/efficiency/total-fantasy-points-accumulative-all-other-are-per-game,Total Fantasy Points | NFL Advanced Stats,no,5,Jalen CokerJ. Coker,/nfl/player-pages/9884/jalen-coker,Carolina Panthers,WR,2026,33.8,33.8,33.8,33.8,33.8,33.8,-,
advanced-players,/nfl/advanced/players/efficiency/underdog-fantasy-points-per-game,"Underdog, Fantasy Points Per Game | NFL Advanced Stats",no,1,Caleb WilliamsC. Williams,/nfl/player-pages/20241/caleb-williams,Chicago Bears,QB,2026,37.3,37.3,37.3,37.3,37.3,-,37.3,
advanced-players,/nfl/advanced/players/efficiency/underdog-fantasy-points-per-game,"Underdog, Fantasy Points Per Game | NFL Advanced Stats",no,2,Josh AllenJ. Allen,/nfl/player-pages/13812/josh-allen,Buffalo Bills,QB,2026,35.7,35.7,35.7,35.7,35.7,-,35.7,
advanced-players,/nfl/advanced/players/efficiency/underdog-fantasy-points-per-game,"Underdog, Fantasy Points Per Game | NFL Advanced Stats",no,3,Derrick HenryD. Henry,/nfl/player-pages/14874/derrick-henry,Baltimore Ravens,RB,2026,34.8,34.8,34.8,34.8,34.8,-,34.8,
advanced-players,/nfl/advanced/players/efficiency/underdog-fantasy-points-per-game,"Underdog, Fantasy Points Per Game | NFL Advanced Stats",no,4,Kenneth Walker IIIK. Walker III,/nfl/player-pages/2659/kenneth-walker-iii,Kansas City Chiefs,RB,2026,32.6,32.6,32.6,32.6,32.6,32.6,-,
advanced-players,/nfl/advanced/players/efficiency/underdog-fantasy-points-per-game,"Underdog, Fantasy Points Per Game | NFL Advanced Stats",no,5,Bryce YoungB. Young,/nfl/player-pages/21328/bryce-young,Carolina Panthers,QB,2026,32.4,32.4,32.4,32.4,32.4,32.4,-,
advanced-players,/nfl/advanced/players/qb-rushing/breakaway-run-percentage,Breakaway Run Percentage (+15 Yards) | NFL Advanced Stats,no,1,C.J. StroudC. Stroud,/nfl/player-pages/15220/cj-stroud,Houston Texans,QB,2026,50.0%,50.0%,50.0%,50.0%,50.0%,50.0%,-,
advanced-players,/nfl/advanced/players/qb-rushing/breakaway-run-percentage,Breakaway Run Percentage (+15 Yards) | NFL Advanced Stats,no,2,Jaxson DartJ. Dart,/nfl/player-pages/4460/jaxson-dart,New York Giants,QB,2026,25.0%,25.0%,25.0%,25.0%,25.0%,25.0%,-,
advanced-players,/nfl/advanced/players/qb-rushing/breakaway-run-percentage,Breakaway Run Percentage (+15 Yards) | NFL Advanced Stats,no,3,Josh AllenJ. Allen,/nfl/player-pages/13812/josh-allen,Buffalo Bills,QB,2026,20.0%,20.0%,20.0%,20.0%,20.0%,-,20.0%,
advanced-players,/nfl/advanced/players/qb-rushing/breakaway-run-percentage,Breakaway Run Percentage (+15 Yards) | NFL Advanced Stats,no,3,Brock PurdyB. Purdy,/nfl/player-pages/18209/brock-purdy,San Francisco 49ers,QB,2026,20.0%,20.0%,20.0%,20.0%,20.0%,-,20.0%,
advanced-players,/nfl/advanced/players/qb-rushing/breakaway-run-percentage,Breakaway Run Percentage (+15 Yards) | NFL Advanced Stats,no,5,Drake MayeD. Maye,/nfl/player-pages/22076/drake-maye,New England Patriots,QB,2026,14.3%,14.3%,14.3%,14.3%,14.3%,-,14.3%,
advanced-players,/nfl/advanced/players/qb-rushing/designed-rush-attempts,Designed Rush Attempts | NFL Advanced Stats,no,1,Jaxson DartJ. Dart,/nfl/player-pages/4460/jaxson-dart,New York Giants,QB,2026,6,6,6,6,6,6,-,
advanced-players,/nfl/advanced/players/qb-rushing/designed-rush-attempts,Designed Rush Attempts | NFL Advanced Stats,no,2,Josh AllenJ. Allen,/nfl/player-pages/13812/josh-allen,Buffalo Bills,QB,2026,4,4,4,4,4,-,4,
advanced-players,/nfl/advanced/players/qb-rushing/designed-rush-attempts,Designed Rush Attempts | NFL Advanced Stats,no,3,Joe BurrowJ. Burrow,/nfl/player-pages/6239/joe-burrow,Cincinnati Bengals,QB,2026,3,3,3,3,3,3,-,
advanced-players,/nfl/advanced/players/qb-rushing/designed-rush-attempts,Designed Rush Attempts | NFL Advanced Stats,no,3,Brock PurdyB. Purdy,/nfl/player-pages/18209/brock-purdy,San Francisco 49ers,QB,2026,3,3,3,3,3,-,3,
advanced-players,/nfl/advanced/players/qb-rushing/designed-rush-attempts,Designed Rush Attempts | NFL Advanced Stats,no,3,Caleb WilliamsC. Williams,/nfl/player-pages/20241/caleb-williams,Chicago Bears,QB,2026,3,3,3,3,3,-,3,
advanced-players,/nfl/advanced/players/qb-rushing/explosive-runs-10-plus,Explosive Runs (+10 Yards) | NFL Advanced Stats,no,1,Jaxson DartJ. Dart,/nfl/player-pages/4460/jaxson-dart,New York Giants,QB,2026,2,2,2,2,2,2,-,
advanced-players,/nfl/advanced/players/qb-rushing/explosive-runs-10-plus,Explosive Runs (+10 Yards) | NFL Advanced Stats,no,1,Drake MayeD. Maye,/nfl/player-pages/22076/drake-maye,New England Patriots,QB,2026,2,2,2,2,2,-,2,
advanced-players,/nfl/advanced/players/qb-rushing/explosive-runs-10-plus,Explosive Runs (+10 Yards) | NFL Advanced Stats,no,1,Jayden DanielsJ. Daniels,/nfl/player-pages/24202/jayden-daniels,Washington Commanders,QB,2026,2,2,2,2,2,-,2,
advanced-players,/nfl/advanced/players/qb-rushing/explosive-runs-10-plus,Explosive Runs (+10 Yards) | NFL Advanced Stats,no,4,Joe BurrowJ. Burrow,/nfl/player-pages/6239/joe-burrow,Cincinnati Bengals,QB,2026,1,1,1,1,1,1,-,
advanced-players,/nfl/advanced/players/qb-rushing/explosive-runs-10-plus,Explosive Runs (+10 Yards) | NFL Advanced Stats,no,4,Jacoby BrissettJ. Brissett,/nfl/player-pages/10403/jacoby-brissett,Arizona Cardinals,QB,2026,1,1,1,1,1,-,1,
advanced-players,/nfl/advanced/players/qb-rushing/forced-missed-tackles,Forced Missed Tackles | NFL Advanced Stats,no,1,Jared GoffJ. Goff,/nfl/player-pages/708/jared-goff,Detroit Lions,QB,2026,0,0,0,0,0,0,-,
advanced-players,/nfl/advanced/players/qb-rushing/forced-missed-tackles,Forced Missed Tackles | NFL Advanced Stats,no,1,Aaron RodgersA. Rodgers,/nfl/player-pages/1863/aaron-rodgers,Pittsburgh Steelers,QB,2026,0,0,0,0,0,0,-,
advanced-players,/nfl/advanced/players/qb-rushing/forced-missed-tackles,Forced Missed Tackles | NFL Advanced Stats,no,1,Tyler ShoughT. Shough,/nfl/player-pages/2263/tyler-shough,New Orleans Saints,QB,2026,0,0,0,0,0,-,0,
advanced-players,/nfl/advanced/players/qb-rushing/forced-missed-tackles,Forced Missed Tackles | NFL Advanced Stats,no,1,Jaxson DartJ. Dart,/nfl/player-pages/4460/jaxson-dart,New York Giants,QB,2026,0,0,0,0,0,0,-,
advanced-players,/nfl/advanced/players/qb-rushing/forced-missed-tackles,Forced Missed Tackles | NFL Advanced Stats,no,1,Joe BurrowJ. Burrow,/nfl/player-pages/6239/joe-burrow,Cincinnati Bengals,QB,2026,0,0,0,0,0,0,-,
advanced-players,/nfl/advanced/players/qb-rushing/no-contact-runs,No Contact Runs | NFL Advanced Stats,no,1,Josh AllenJ. Allen,/nfl/player-pages/13812/josh-allen,Buffalo Bills,QB,2026,3,3,3,3,3,-,3,
advanced-players,/nfl/advanced/players/qb-rushing/no-contact-runs,No Contact Runs | NFL Advanced Stats,no,2,Caleb WilliamsC. Williams,/nfl/player-pages/20241/caleb-williams,Chicago Bears,QB,2026,2,2,2,2,2,-,2,
advanced-players,/nfl/advanced/players/qb-rushing/no-contact-runs,No Contact Runs | NFL Advanced Stats,no,3,Bo NixB. Nix,/nfl/player-pages/12017/bo-nix,Denver Broncos,QB,2026,1,1,1,1,1,-,1,
advanced-players,/nfl/advanced/players/qb-rushing/no-contact-runs,No Contact Runs | NFL Advanced Stats,no,3,Baker MayfieldB. Mayfield,/nfl/player-pages/15726/baker-mayfield,Tampa Bay Buccaneers,QB,2026,1,1,1,1,1,-,1,
advanced-players,/nfl/advanced/players/qb-rushing/no-contact-runs,No Contact Runs | NFL Advanced Stats,no,3,Malik WillisM. Willis,/nfl/player-pages/17792/malik-willis,Miami Dolphins,QB,2026,1,1,1,1,1,-,1,
advanced-players,/nfl/advanced/players/qb-rushing/qb-sneaks,QB Sneaks | NFL Advanced Stats,no,1,Brock PurdyB. Purdy,/nfl/player-pages/18209/brock-purdy,San Francisco 49ers,QB,2026,3,3,3,3,3,-,3,
advanced-players,/nfl/advanced/players/qb-rushing/qb-sneaks,QB Sneaks | NFL Advanced Stats,no,2,Jaxson DartJ. Dart,/nfl/player-pages/4460/jaxson-dart,New York Giants,QB,2026,2,2,2,2,2,2,-,
advanced-players,/nfl/advanced/players/qb-rushing/qb-sneaks,QB Sneaks | NFL Advanced Stats,no,2,Joe BurrowJ. Burrow,/nfl/player-pages/6239/joe-burrow,Cincinnati Bengals,QB,2026,2,2,2,2,2,2,-,
advanced-players,/nfl/advanced/players/qb-rushing/qb-sneaks,QB Sneaks | NFL Advanced Stats,no,2,Jacoby BrissettJ. Brissett,/nfl/player-pages/10403/jacoby-brissett,Arizona Cardinals,QB,2026,2,2,2,2,2,-,2,
advanced-players,/nfl/advanced/players/qb-rushing/qb-sneaks,QB Sneaks | NFL Advanced Stats,no,2,Caleb WilliamsC. Williams,/nfl/player-pages/20241/caleb-williams,Chicago Bears,QB,2026,2,2,2,2,2,-,2,
advanced-players,/nfl/advanced/players/qb-rushing/rushing-attempts-per-game,QB Rushing Attempts Per Game | NFL Advanced Stats,no,1,Caleb WilliamsC. Williams,/nfl/player-pages/20241/caleb-williams,Chicago Bears,QB,2026,10.0,10.0,10.0,10.0,10.0,-,10.0,
advanced-players,/nfl/advanced/players/qb-rushing/rushing-attempts-per-game,QB Rushing Attempts Per Game | NFL Advanced Stats,no,2,Jaxson DartJ. Dart,/nfl/player-pages/4460/jaxson-dart,New York Giants,QB,2026,8.0,8.0,8.0,8.0,8.0,8.0,-,
advanced-players,/nfl/advanced/players/qb-rushing/rushing-attempts-per-game,QB Rushing Attempts Per Game | NFL Advanced Stats,no,3,Drake MayeD. Maye,/nfl/player-pages/22076/drake-maye,New England Patriots,QB,2026,7.0,7.0,7.0,7.0,7.0,-,7.0,
advanced-players,/nfl/advanced/players/qb-rushing/rushing-attempts-per-game,QB Rushing Attempts Per Game | NFL Advanced Stats,no,4,Malik WillisM. Willis,/nfl/player-pages/17792/malik-willis,Miami Dolphins,QB,2026,6.0,6.0,6.0,6.0,6.0,-,6.0,
advanced-players,/nfl/advanced/players/qb-rushing/rushing-attempts-per-game,QB Rushing Attempts Per Game | NFL Advanced Stats,no,5,Justin HerbertJ. Herbert,/nfl/player-pages/12419/justin-herbert,Los Angeles Chargers,QB,2026,5.0,5.0,5.0,5.0,5.0,5.0,-,
advanced-players,/nfl/advanced/players/qb-rushing/rushing-first-downs,First Downs | NFL Advanced Stats,no,1,Drake MayeD. Maye,/nfl/player-pages/22076/drake-maye,New England Patriots,QB,2026,5,5,5,5,5,-,5,
advanced-players,/nfl/advanced/players/qb-rushing/rushing-first-downs,First Downs | NFL Advanced Stats,no,2,Jaxson DartJ. Dart,/nfl/player-pages/4460/jaxson-dart,New York Giants,QB,2026,4,4,4,4,4,4,-,
advanced-players,/nfl/advanced/players/qb-rushing/rushing-first-downs,First Downs | NFL Advanced Stats,no,2,Joe BurrowJ. Burrow,/nfl/player-pages/6239/joe-burrow,Cincinnati Bengals,QB,2026,4,4,4,4,4,4,-,
advanced-players,/nfl/advanced/players/qb-rushing/rushing-first-downs,First Downs | NFL Advanced Stats,no,2,Brock PurdyB. Purdy,/nfl/player-pages/18209/brock-purdy,San Francisco 49ers,QB,2026,4,4,4,4,4,-,4,
advanced-players,/nfl/advanced/players/qb-rushing/rushing-first-downs,First Downs | NFL Advanced Stats,no,2,Caleb WilliamsC. Williams,/nfl/player-pages/20241/caleb-williams,Chicago Bears,QB,2026,4,4,4,4,4,-,4,
advanced-players,/nfl/advanced/players/qb-rushing/rushing-yards-per-attempt,QB Rushing Yards Per Attempt | NFL Advanced Stats,no,1,Baker MayfieldB. Mayfield,/nfl/player-pages/15726/baker-mayfield,Tampa Bay Buccaneers,QB,2026,7.8,7.8,7.8,7.8,7.8,-,7.8,
advanced-players,/nfl/advanced/players/qb-rushing/rushing-yards-per-attempt,QB Rushing Yards Per Attempt | NFL Advanced Stats,no,2,C.J. StroudC. Stroud,/nfl/player-pages/15220/cj-stroud,Houston Texans,QB,2026,7.5,7.5,7.5,7.5,7.5,7.5,-,
advanced-players,/nfl/advanced/players/qb-rushing/rushing-yards-per-attempt,QB Rushing Yards Per Attempt | NFL Advanced Stats,no,3,Jaxson DartJ. Dart,/nfl/player-pages/4460/jaxson-dart,New York Giants,QB,2026,7.4,7.4,7.4,7.4,7.4,7.4,-,
advanced-players,/nfl/advanced/players/qb-rushing/rushing-yards-per-attempt,QB Rushing Yards Per Attempt | NFL Advanced Stats,no,4,Dak PrescottD. Prescott,/nfl/player-pages/18012/dak-prescott,Dallas Cowboys,QB,2026,7.0,7.0,7.0,7.0,7.0,-,7.0,
advanced-players,/nfl/advanced/players/qb-rushing/rushing-yards-per-attempt,QB Rushing Yards Per Attempt | NFL Advanced Stats,no,5,Drake MayeD. Maye,/nfl/player-pages/22076/drake-maye,New England Patriots,QB,2026,6.7,6.7,6.7,6.7,6.7,-,6.7,
advanced-players,/nfl/advanced/players/qb-rushing/rushing-yards-per-game,QB Rushing Yards Per Game | NFL Advanced Stats,no,1,Caleb WilliamsC. Williams,/nfl/player-pages/20241/caleb-williams,Chicago Bears,QB,2026,65.0,65.0,65.0,65.0,65.0,-,65.0,
advanced-players,/nfl/advanced/players/qb-rushing/rushing-yards-per-game,QB Rushing Yards Per Game | NFL Advanced Stats,no,2,Jaxson DartJ. Dart,/nfl/player-pages/4460/jaxson-dart,New York Giants,QB,2026,59.0,59.0,59.0,59.0,59.0,59.0,-,
advanced-players,/nfl/advanced/players/qb-rushing/rushing-yards-per-game,QB Rushing Yards Per Game | NFL Advanced Stats,no,3,Drake MayeD. Maye,/nfl/player-pages/22076/drake-maye,New England Patriots,QB,2026,47.0,47.0,47.0,47.0,47.0,-,47.0,
advanced-players,/nfl/advanced/players/qb-rushing/rushing-yards-per-game,QB Rushing Yards Per Game | NFL Advanced Stats,no,4,Malik WillisM. Willis,/nfl/player-pages/17792/malik-willis,Miami Dolphins,QB,2026,39.0,39.0,39.0,39.0,39.0,-,39.0,
advanced-players,/nfl/advanced/players/qb-rushing/rushing-yards-per-game,QB Rushing Yards Per Game | NFL Advanced Stats,no,5,Baker MayfieldB. Mayfield,/nfl/player-pages/15726/baker-mayfield,Tampa Bay Buccaneers,QB,2026,31.0,31.0,31.0,31.0,31.0,-,31.0,
advanced-players,/nfl/advanced/players/qb-rushing/scramble-rate-when-pressured,Scramble Rate When Pressured | NFL Advanced Stats,no,1,Caleb WilliamsC. Williams,/nfl/player-pages/20241/caleb-williams,Chicago Bears,QB,2026,33.3%,33.3%,33.3%,33.3%,33.3%,-,33.3%,
advanced-players,/nfl/advanced/players/qb-rushing/scramble-rate-when-pressured,Scramble Rate When Pressured | NFL Advanced Stats,no,2,Baker MayfieldB. Mayfield,/nfl/player-pages/15726/baker-mayfield,Tampa Bay Buccaneers,QB,2026,25.0%,25.0%,25.0%,25.0%,25.0%,-,25.0%,
advanced-players,/nfl/advanced/players/qb-rushing/scramble-rate-when-pressured,Scramble Rate When Pressured | NFL Advanced Stats,no,3,Malik WillisM. Willis,/nfl/player-pages/17792/malik-willis,Miami Dolphins,QB,2026,20.0%,20.0%,20.0%,20.0%,20.0%,-,20.0%,
advanced-players,/nfl/advanced/players/qb-rushing/scramble-rate-when-pressured,Scramble Rate When Pressured | NFL Advanced Stats,no,4,Justin HerbertJ. Herbert,/nfl/player-pages/12419/justin-herbert,Los Angeles Chargers,QB,2026,18.2%,18.2%,18.2%,18.2%,18.2%,18.2%,-,
advanced-players,/nfl/advanced/players/qb-rushing/scramble-rate-when-pressured,Scramble Rate When Pressured | NFL Advanced Stats,no,5,Drake MayeD. Maye,/nfl/player-pages/22076/drake-maye,New England Patriots,QB,2026,16.7%,16.7%,16.7%,16.7%,16.7%,-,16.7%,
advanced-players,/nfl/advanced/players/qb-rushing/scrambles-per-game,Scrambles Per Game | NFL Advanced Stats,no,1,Caleb WilliamsC. Williams,/nfl/player-pages/20241/caleb-williams,Chicago Bears,QB,2026,7.0,7.0,7.0,7.0,7.0,-,7.0,
advanced-players,/nfl/advanced/players/qb-rushing/scrambles-per-game,Scrambles Per Game | NFL Advanced Stats,no,2,Drake MayeD. Maye,/nfl/player-pages/22076/drake-maye,New England Patriots,QB,2026,6.0,6.0,6.0,6.0,6.0,-,6.0,
advanced-players,/nfl/advanced/players/qb-rushing/scrambles-per-game,Scrambles Per Game | NFL Advanced Stats,no,3,Justin HerbertJ. Herbert,/nfl/player-pages/12419/justin-herbert,Los Angeles Chargers,QB,2026,5.0,5.0,5.0,5.0,5.0,5.0,-,
advanced-players,/nfl/advanced/players/qb-rushing/scrambles-per-game,Scrambles Per Game | NFL Advanced Stats,no,3,Malik WillisM. Willis,/nfl/player-pages/17792/malik-willis,Miami Dolphins,QB,2026,5.0,5.0,5.0,5.0,5.0,-,5.0,
advanced-players,/nfl/advanced/players/qb-rushing/scrambles-per-game,Scrambles Per Game | NFL Advanced Stats,no,5,Baker MayfieldB. Mayfield,/nfl/player-pages/15726/baker-mayfield,Tampa Bay Buccaneers,QB,2026,4.0,4.0,4.0,4.0,4.0,-,4.0,
advanced-players,/nfl/advanced/players/qb-rushing/total-rush-yards,Total Rush Yards | NFL Advanced Stats,no,1,Caleb WilliamsC. Williams,/nfl/player-pages/20241/caleb-williams,Chicago Bears,QB,2026,65,65,65,65,65,-,65,
advanced-players,/nfl/advanced/players/qb-rushing/total-rush-yards,Total Rush Yards | NFL Advanced Stats,no,2,Jaxson DartJ. Dart,/nfl/player-pages/4460/jaxson-dart,New York Giants,QB,2026,59,59,59,59,59,59,-,
advanced-players,/nfl/advanced/players/qb-rushing/total-rush-yards,Total Rush Yards | NFL Advanced Stats,no,3,Drake MayeD. Maye,/nfl/player-pages/22076/drake-maye,New England Patriots,QB,2026,47,47,47,47,47,-,47,
advanced-players,/nfl/advanced/players/qb-rushing/total-rush-yards,Total Rush Yards | NFL Advanced Stats,no,4,Malik WillisM. Willis,/nfl/player-pages/17792/malik-willis,Miami Dolphins,QB,2026,39,39,39,39,39,-,39,
advanced-players,/nfl/advanced/players/qb-rushing/total-rush-yards,Total Rush Yards | NFL Advanced Stats,no,5,Baker MayfieldB. Mayfield,/nfl/player-pages/15726/baker-mayfield,Tampa Bay Buccaneers,QB,2026,31,31,31,31,31,-,31,
advanced-players,/nfl/advanced/players/qb-rushing/total-scramble-yards,Total Scramble Yards | NFL Advanced Stats,no,1,Caleb WilliamsC. Williams,/nfl/player-pages/20241/caleb-williams,Chicago Bears,QB,2026,59,59,59,59,59,-,59,
advanced-players,/nfl/advanced/players/qb-rushing/total-scramble-yards,Total Scramble Yards | NFL Advanced Stats,no,2,Drake MayeD. Maye,/nfl/player-pages/22076/drake-maye,New England Patriots,QB,2026,44,44,44,44,44,-,44,
advanced-players,/nfl/advanced/players/qb-rushing/total-scramble-yards,Total Scramble Yards | NFL Advanced Stats,no,3,Malik WillisM. Willis,/nfl/player-pages/17792/malik-willis,Miami Dolphins,QB,2026,39,39,39,39,39,-,39,
advanced-players,/nfl/advanced/players/qb-rushing/total-scramble-yards,Total Scramble Yards | NFL Advanced Stats,no,4,Baker MayfieldB. Mayfield,/nfl/player-pages/15726/baker-mayfield,Tampa Bay Buccaneers,QB,2026,31,31,31,31,31,-,31,
advanced-players,/nfl/advanced/players/qb-rushing/total-scramble-yards,Total Scramble Yards | NFL Advanced Stats,no,5,Justin HerbertJ. Herbert,/nfl/player-pages/12419/justin-herbert,Los Angeles Chargers,QB,2026,29,29,29,29,29,29,-,
advanced-players,/nfl/advanced/players/qb-rushing/yards-after-contact-per-attempt,Yards After Contact Per Attempt | NFL Advanced Stats,no,1,Jacoby BrissettJ. Brissett,/nfl/player-pages/10403/jacoby-brissett,Arizona Cardinals,QB,2026,1.00,1.00,1.00,1.00,1.00,-,1.00,
advanced-players,/nfl/advanced/players/qb-rushing/yards-after-contact-per-attempt,Yards After Contact Per Attempt | NFL Advanced Stats,no,2,Josh AllenJ. Allen,/nfl/player-pages/13812/josh-allen,Buffalo Bills,QB,2026,0.80,0.80,0.80,0.80,0.80,-,0.80,
advanced-players,/nfl/advanced/players/qb-rushing/yards-after-contact-per-attempt,Yards After Contact Per Attempt | NFL Advanced Stats,no,3,Jayden DanielsJ. Daniels,/nfl/player-pages/24202/jayden-daniels,Washington Commanders,QB,2026,0.40,0.40,0.40,0.40,0.40,-,0.40,
advanced-players,/nfl/advanced/players/qb-rushing/yards-after-contact-per-attempt,Yards After Contact Per Attempt | NFL Advanced Stats,no,4,Tyler ShoughT. Shough,/nfl/player-pages/2263/tyler-shough,New Orleans Saints,QB,2026,0.25,0.25,0.25,0.25,0.25,-,0.25,
advanced-players,/nfl/advanced/players/qb-rushing/yards-after-contact-per-attempt,Yards After Contact Per Attempt | NFL Advanced Stats,no,5,Brock PurdyB. Purdy,/nfl/player-pages/18209/brock-purdy,San Francisco 49ers,QB,2026,0.20,0.20,0.20,0.20,0.20,-,0.20,
advanced-players,/nfl/advanced/players/qb-rushing/yards-before-contact-per-attempt,Yards Before Contact Per Attempt | NFL Advanced Stats,no,1,Jaxson DartJ. Dart,/nfl/player-pages/4460/jaxson-dart,New York Giants,QB,2026,4.13,4.13,4.13,4.13,4.13,4.13,-,
advanced-players,/nfl/advanced/players/qb-rushing/yards-before-contact-per-attempt,Yards Before Contact Per Attempt | NFL Advanced Stats,no,2,Joe BurrowJ. Burrow,/nfl/player-pages/6239/joe-burrow,Cincinnati Bengals,QB,2026,3.75,3.75,3.75,3.75,3.75,3.75,-,
advanced-players,/nfl/advanced/players/qb-rushing/yards-before-contact-per-attempt,Yards Before Contact Per Attempt | NFL Advanced Stats,no,3,Jacoby BrissettJ. Brissett,/nfl/player-pages/10403/jacoby-brissett,Arizona Cardinals,QB,2026,1.00,1.00,1.00,1.00,1.00,-,1.00,
advanced-players,/nfl/advanced/players/qb-rushing/yards-before-contact-per-attempt,Yards Before Contact Per Attempt | NFL Advanced Stats,no,4,Tyler ShoughT. Shough,/nfl/player-pages/2263/tyler-shough,New Orleans Saints,QB,2026,0.75,0.75,0.75,0.75,0.75,-,0.75,
advanced-players,/nfl/advanced/players/qb-rushing/yards-before-contact-per-attempt,Yards Before Contact Per Attempt | NFL Advanced Stats,no,5,Caleb WilliamsC. Williams,/nfl/player-pages/20241/caleb-williams,Chicago Bears,QB,2026,0.60,0.60,0.60,0.60,0.60,-,0.60,
advanced-players,/nfl/advanced/players/qb-rushing/yards-per-carry-designed,Yards Per Carry on Designed Rush Attempts | NFL Advanced Stats,no,1,Jaxson DartJ. Dart,/nfl/player-pages/4460/jaxson-dart,New York Giants,QB,2026,8.2,8.2,8.2,8.2,8.2,8.2,-,
advanced-players,/nfl/advanced/players/qb-rushing/yards-per-carry-designed,Yards Per Carry on Designed Rush Attempts | NFL Advanced Stats,no,2,Joe BurrowJ. Burrow,/nfl/player-pages/6239/joe-burrow,Cincinnati Bengals,QB,2026,5.0,5.0,5.0,5.0,5.0,5.0,-,
advanced-players,/nfl/advanced/players/qb-rushing/yards-per-carry-designed,Yards Per Carry on Designed Rush Attempts | NFL Advanced Stats,no,3,Jacoby BrissettJ. Brissett,/nfl/player-pages/10403/jacoby-brissett,Arizona Cardinals,QB,2026,3.0,3.0,3.0,3.0,3.0,-,3.0,
advanced-players,/nfl/advanced/players/qb-rushing/yards-per-carry-designed,Yards Per Carry on Designed Rush Attempts | NFL Advanced Stats,no,3,Drake MayeD. Maye,/nfl/player-pages/22076/drake-maye,New England Patriots,QB,2026,3.0,3.0,3.0,3.0,3.0,-,3.0,
advanced-players,/nfl/advanced/players/qb-rushing/yards-per-carry-designed,Yards Per Carry on Designed Rush Attempts | NFL Advanced Stats,no,5,Tyler ShoughT. Shough,/nfl/player-pages/2263/tyler-shough,New Orleans Saints,QB,2026,2.0,2.0,2.0,2.0,2.0,-,2.0,
advanced-players,/nfl/advanced/players/qb-rushing/yards-per-scramble,Yards Per Scramble | NFL Advanced Stats,no,1,Josh AllenJ. Allen,/nfl/player-pages/13812/josh-allen,Buffalo Bills,QB,2026,21.0,21.0,21.0,21.0,21.0,-,21.0,
advanced-players,/nfl/advanced/players/qb-rushing/yards-per-scramble,Yards Per Scramble | NFL Advanced Stats,no,2,C.J. StroudC. Stroud,/nfl/player-pages/15220/cj-stroud,Houston Texans,QB,2026,15.0,15.0,15.0,15.0,15.0,15.0,-,
advanced-players,/nfl/advanced/players/qb-rushing/yards-per-scramble,Yards Per Scramble | NFL Advanced Stats,no,3,Brock PurdyB. Purdy,/nfl/player-pages/18209/brock-purdy,San Francisco 49ers,QB,2026,13.0,13.0,13.0,13.0,13.0,-,13.0,
advanced-players,/nfl/advanced/players/qb-rushing/yards-per-scramble,Yards Per Scramble | NFL Advanced Stats,no,4,Jacoby BrissettJ. Brissett,/nfl/player-pages/10403/jacoby-brissett,Arizona Cardinals,QB,2026,11.0,11.0,11.0,11.0,11.0,-,11.0,
advanced-players,/nfl/advanced/players/qb-rushing/yards-per-scramble,Yards Per Scramble | NFL Advanced Stats,no,5,Jayden DanielsJ. Daniels,/nfl/player-pages/24202/jayden-daniels,Washington Commanders,QB,2026,9.7,9.7,9.7,9.7,9.7,-,9.7,
advanced-players,/nfl/advanced/players/qb/accuracy-percentage,Accuracy Percentage | NFL Advanced Stats,no,1,Baker MayfieldB. Mayfield,/nfl/player-pages/15726/baker-mayfield,Tampa Bay Buccaneers,QB,2026,82.1%,82.1%,82.1%,82.1%,82.1%,-,82.1%,
advanced-players,/nfl/advanced/players/qb/accuracy-percentage,Accuracy Percentage | NFL Advanced Stats,no,2,Jaxson DartJ. Dart,/nfl/player-pages/4460/jaxson-dart,New York Giants,QB,2026,79.3%,79.3%,79.3%,79.3%,79.3%,79.3%,-,
advanced-players,/nfl/advanced/players/qb/accuracy-percentage,Accuracy Percentage | NFL Advanced Stats,no,3,Brock PurdyB. Purdy,/nfl/player-pages/18209/brock-purdy,San Francisco 49ers,QB,2026,73.5%,73.5%,73.5%,73.5%,73.5%,-,73.5%,
advanced-players,/nfl/advanced/players/qb/accuracy-percentage,Accuracy Percentage | NFL Advanced Stats,no,4,Jacoby BrissettJ. Brissett,/nfl/player-pages/10403/jacoby-brissett,Arizona Cardinals,QB,2026,73.0%,73.0%,73.0%,73.0%,73.0%,-,73.0%,
advanced-players,/nfl/advanced/players/qb/accuracy-percentage,Accuracy Percentage | NFL Advanced Stats,no,5,Caleb WilliamsC. Williams,/nfl/player-pages/20241/caleb-williams,Chicago Bears,QB,2026,72.4%,72.4%,72.4%,72.4%,72.4%,-,72.4%,
advanced-players,/nfl/advanced/players/qb/adjusted-completion-rate,Adjusted Completion Rate | NFL Advanced Stats,no,1,Jacoby BrissettJ. Brissett,/nfl/player-pages/10403/jacoby-brissett,Arizona Cardinals,QB,2026,81.8%,81.8%,81.8%,81.8%,81.8%,-,81.8%,
advanced-players,/nfl/advanced/players/qb/adjusted-completion-rate,Adjusted Completion Rate | NFL Advanced Stats,no,2,Brock PurdyB. Purdy,/nfl/player-pages/18209/brock-purdy,San Francisco 49ers,QB,2026,80.6%,80.6%,80.6%,80.6%,80.6%,-,80.6%,
advanced-players,/nfl/advanced/players/qb/adjusted-completion-rate,Adjusted Completion Rate | NFL Advanced Stats,no,3,Dak PrescottD. Prescott,/nfl/player-pages/18012/dak-prescott,Dallas Cowboys,QB,2026,78.6%,78.6%,78.6%,78.6%,78.6%,-,78.6%,
advanced-players,/nfl/advanced/players/qb/adjusted-completion-rate,Adjusted Completion Rate | NFL Advanced Stats,no,4,Jaxson DartJ. Dart,/nfl/player-pages/4460/jaxson-dart,New York Giants,QB,2026,76.7%,76.7%,76.7%,76.7%,76.7%,76.7%,-,
advanced-players,/nfl/advanced/players/qb/adjusted-completion-rate,Adjusted Completion Rate | NFL Advanced Stats,no,4,Baker MayfieldB. Mayfield,/nfl/player-pages/15726/baker-mayfield,Tampa Bay Buccaneers,QB,2026,76.7%,76.7%,76.7%,76.7%,76.7%,-,76.7%,
advanced-players,/nfl/advanced/players/qb/adjusted-sack-rate,Adjusted Sack Rate | NFL Advanced Stats,no,1,Malik WillisM. Willis,/nfl/player-pages/17792/malik-willis,Miami Dolphins,QB,2026,15.6,15.6,15.6,15.6,15.6,-,15.6,
advanced-players,/nfl/advanced/players/qb/adjusted-sack-rate,Adjusted Sack Rate | NFL Advanced Stats,no,2,Bo NixB. Nix,/nfl/player-pages/12017/bo-nix,Denver Broncos,QB,2026,12.5,12.5,12.5,12.5,12.5,-,12.5,
advanced-players,/nfl/advanced/players/qb/adjusted-sack-rate,Adjusted Sack Rate | NFL Advanced Stats,no,2,Baker MayfieldB. Mayfield,/nfl/player-pages/15726/baker-mayfield,Tampa Bay Buccaneers,QB,2026,12.5,12.5,12.5,12.5,12.5,-,12.5,
advanced-players,/nfl/advanced/players/qb/adjusted-sack-rate,Adjusted Sack Rate | NFL Advanced Stats,no,4,Jalen HurtsJ. Hurts,/nfl/player-pages/4823/jalen-hurts,Philadelphia Eagles,QB,2026,10.7,10.7,10.7,10.7,10.7,10.7,-,
advanced-players,/nfl/advanced/players/qb/adjusted-sack-rate,Adjusted Sack Rate | NFL Advanced Stats,no,5,Justin HerbertJ. Herbert,/nfl/player-pages/12419/justin-herbert,Los Angeles Chargers,QB,2026,10.0,10.0,10.0,10.0,10.0,10.0,-,
advanced-players,/nfl/advanced/players/qb/any-a,Adjusted Net Yards Per Attempt (ANY/A) | NFL Advanced Stats,no,1,Josh AllenJ. Allen,/nfl/player-pages/13812/josh-allen,Buffalo Bills,QB,2026,11.34,11.34,11.34,11.34,11.34,-,11.34,
advanced-players,/nfl/advanced/players/qb/any-a,Adjusted Net Yards Per Attempt (ANY/A) | NFL Advanced Stats,no,2,Caleb WilliamsC. Williams,/nfl/player-pages/20241/caleb-williams,Chicago Bears,QB,2026,9.71,9.71,9.71,9.71,9.71,-,9.71,
advanced-players,/nfl/advanced/players/qb/any-a,Adjusted Net Yards Per Attempt (ANY/A) | NFL Advanced Stats,no,3,Bryce YoungB. Young,/nfl/player-pages/21328/bryce-young,Carolina Panthers,QB,2026,9.44,9.44,9.44,9.44,9.44,9.44,-,
advanced-players,/nfl/advanced/players/qb/any-a,Adjusted Net Yards Per Attempt (ANY/A) | NFL Advanced Stats,no,4,Jaxson DartJ. Dart,/nfl/player-pages/4460/jaxson-dart,New York Giants,QB,2026,9.32,9.32,9.32,9.32,9.32,9.32,-,
advanced-players,/nfl/advanced/players/qb/any-a,Adjusted Net Yards Per Attempt (ANY/A) | NFL Advanced Stats,no,5,Jalen HurtsJ. Hurts,/nfl/player-pages/4823/jalen-hurts,Philadelphia Eagles,QB,2026,8.64,8.64,8.64,8.64,8.64,8.64,-,
advanced-players,/nfl/advanced/players/qb/any-a-vs-man,ANY/A vs Man | NFL Advanced Stats,no,1,C.J. StroudC. Stroud,/nfl/player-pages/15220/cj-stroud,Houston Texans,QB,2026,12.70,12.70,12.70,12.70,12.70,12.70,-,
advanced-players,/nfl/advanced/players/qb/any-a-vs-man,ANY/A vs Man | NFL Advanced Stats,no,2,Jalen HurtsJ. Hurts,/nfl/player-pages/4823/jalen-hurts,Philadelphia Eagles,QB,2026,10.80,10.80,10.80,10.80,10.80,10.80,-,
advanced-players,/nfl/advanced/players/qb/any-a-vs-man,ANY/A vs Man | NFL Advanced Stats,no,3,Josh AllenJ. Allen,/nfl/player-pages/13812/josh-allen,Buffalo Bills,QB,2026,10.79,10.79,10.79,10.79,10.79,-,10.79,
advanced-players,/nfl/advanced/players/qb/any-a-vs-man,ANY/A vs Man | NFL Advanced Stats,no,4,Jaxson DartJ. Dart,/nfl/player-pages/4460/jaxson-dart,New York Giants,QB,2026,8.86,8.86,8.86,8.86,8.86,8.86,-,
advanced-players,/nfl/advanced/players/qb/any-a-vs-man,ANY/A vs Man | NFL Advanced Stats,no,5,Jacoby BrissettJ. Brissett,/nfl/player-pages/10403/jacoby-brissett,Arizona Cardinals,QB,2026,8.82,8.82,8.82,8.82,8.82,-,8.82,
advanced-players,/nfl/advanced/players/qb/any-a-vs-zone,ANY/A vs Zone | NFL Advanced Stats,no,1,Bryce YoungB. Young,/nfl/player-pages/21328/bryce-young,Carolina Panthers,QB,2026,13.00,13.00,13.00,13.00,13.00,13.00,-,
advanced-players,/nfl/advanced/players/qb/any-a-vs-zone,ANY/A vs Zone | NFL Advanced Stats,no,2,Josh AllenJ. Allen,/nfl/player-pages/13812/josh-allen,Buffalo Bills,QB,2026,11.78,11.78,11.78,11.78,11.78,-,11.78,
advanced-players,/nfl/advanced/players/qb/any-a-vs-zone,ANY/A vs Zone | NFL Advanced Stats,no,3,Caleb WilliamsC. Williams,/nfl/player-pages/20241/caleb-williams,Chicago Bears,QB,2026,10.52,10.52,10.52,10.52,10.52,-,10.52,
advanced-players,/nfl/advanced/players/qb/any-a-vs-zone,ANY/A vs Zone | NFL Advanced Stats,no,4,Jaxson DartJ. Dart,/nfl/player-pages/4460/jaxson-dart,New York Giants,QB,2026,10.12,10.12,10.12,10.12,10.12,10.12,-,
advanced-players,/nfl/advanced/players/qb/any-a-vs-zone,ANY/A vs Zone | NFL Advanced Stats,no,5,Jalen HurtsJ. Hurts,/nfl/player-pages/4823/jalen-hurts,Philadelphia Eagles,QB,2026,8.65,8.65,8.65,8.65,8.65,8.65,-,
advanced-players,/nfl/advanced/players/qb/attempts-thrown-away,Attempts Thrown Away | NFL Advanced Stats,no,1,Bryce YoungB. Young,/nfl/player-pages/21328/bryce-young,Carolina Panthers,QB,2026,6,6,6,6,6,6,-,
advanced-players,/nfl/advanced/players/qb/attempts-thrown-away,Attempts Thrown Away | NFL Advanced Stats,no,2,Jayden DanielsJ. Daniels,/nfl/player-pages/24202/jayden-daniels,Washington Commanders,QB,2026,5,5,5,5,5,-,5,
advanced-players,/nfl/advanced/players/qb/attempts-thrown-away,Attempts Thrown Away | NFL Advanced Stats,no,3,Jalen HurtsJ. Hurts,/nfl/player-pages/4823/jalen-hurts,Philadelphia Eagles,QB,2026,4,4,4,4,4,4,-,
advanced-players,/nfl/advanced/players/qb/attempts-thrown-away,Attempts Thrown Away | NFL Advanced Stats,no,3,Cam WardC. Ward,/nfl/player-pages/24147/cam-ward,Tennessee Titans,QB,2026,4,4,4,4,4,4,-,
advanced-players,/nfl/advanced/players/qb/attempts-thrown-away,Attempts Thrown Away | NFL Advanced Stats,no,5,Dak PrescottD. Prescott,/nfl/player-pages/18012/dak-prescott,Dallas Cowboys,QB,2026,3,3,3,3,3,-,3,
advanced-players,/nfl/advanced/players/qb/batted-passes,Batted Passes | NFL Advanced Stats,no,1,Tyler ShoughT. Shough,/nfl/player-pages/2263/tyler-shough,New Orleans Saints,QB,2026,2,2,2,2,2,-,2,
advanced-players,/nfl/advanced/players/qb/batted-passes,Batted Passes | NFL Advanced Stats,no,1,Bo NixB. Nix,/nfl/player-pages/12017/bo-nix,Denver Broncos,QB,2026,2,2,2,2,2,-,2,
advanced-players,/nfl/advanced/players/qb/batted-passes,Batted Passes | NFL Advanced Stats,no,1,Malik WillisM. Willis,/nfl/player-pages/17792/malik-willis,Miami Dolphins,QB,2026,2,2,2,2,2,-,2,
advanced-players,/nfl/advanced/players/qb/batted-passes,Batted Passes | NFL Advanced Stats,no,4,Jared GoffJ. Goff,/nfl/player-pages/708/jared-goff,Detroit Lions,QB,2026,1,1,1,1,1,1,-,
advanced-players,/nfl/advanced/players/qb/batted-passes,Batted Passes | NFL Advanced Stats,no,4,Aaron RodgersA. Rodgers,/nfl/player-pages/1863/aaron-rodgers,Pittsburgh Steelers,QB,2026,1,1,1,1,1,1,-,
advanced-players,/nfl/advanced/players/qb/blitz-rate,Blitz Rate | NFL Advanced Stats,no,1,Jordan LoveJ. Love,/nfl/player-pages/17322/jordan-love,Green Bay Packers,QB,2026,71.7%,71.7%,71.7%,71.7%,71.7%,-,71.7%,
advanced-players,/nfl/advanced/players/qb/blitz-rate,Blitz Rate | NFL Advanced Stats,no,2,Joe BurrowJ. Burrow,/nfl/player-pages/6239/joe-burrow,Cincinnati Bengals,QB,2026,43.2%,43.2%,43.2%,43.2%,43.2%,43.2%,-,
advanced-players,/nfl/advanced/players/qb/blitz-rate,Blitz Rate | NFL Advanced Stats,no,3,Patrick MahomesP. Mahomes,/nfl/player-pages/7675/patrick-mahomes,Kansas City Chiefs,QB,2026,39.4%,39.4%,39.4%,39.4%,39.4%,39.4%,-,
advanced-players,/nfl/advanced/players/qb/blitz-rate,Blitz Rate | NFL Advanced Stats,no,4,Bryce YoungB. Young,/nfl/player-pages/21328/bryce-young,Carolina Panthers,QB,2026,34.1%,34.1%,34.1%,34.1%,34.1%,34.1%,-,
advanced-players,/nfl/advanced/players/qb/blitz-rate,Blitz Rate | NFL Advanced Stats,no,5,C.J. StroudC. Stroud,/nfl/player-pages/15220/cj-stroud,Houston Texans,QB,2026,31.0%,31.0%,31.0%,31.0%,31.0%,31.0%,-,
advanced-players,/nfl/advanced/players/qb/catchable-percentage,Catchable Percentage | NFL Advanced Stats,no,1,Baker MayfieldB. Mayfield,/nfl/player-pages/15726/baker-mayfield,Tampa Bay Buccaneers,QB,2026,85.7%,85.7%,85.7%,85.7%,85.7%,-,85.7%,
advanced-players,/nfl/advanced/players/qb/catchable-percentage,Catchable Percentage | NFL Advanced Stats,no,2,Brock PurdyB. Purdy,/nfl/player-pages/18209/brock-purdy,San Francisco 49ers,QB,2026,85.3%,85.3%,85.3%,85.3%,85.3%,-,85.3%,
advanced-players,/nfl/advanced/players/qb/catchable-percentage,Catchable Percentage | NFL Advanced Stats,no,3,Jacoby BrissettJ. Brissett,/nfl/player-pages/10403/jacoby-brissett,Arizona Cardinals,QB,2026,83.8%,83.8%,83.8%,83.8%,83.8%,-,83.8%,
advanced-players,/nfl/advanced/players/qb/catchable-percentage,Catchable Percentage | NFL Advanced Stats,no,4,Jared GoffJ. Goff,/nfl/player-pages/708/jared-goff,Detroit Lions,QB,2026,79.5%,79.5%,79.5%,79.5%,79.5%,79.5%,-,
advanced-players,/nfl/advanced/players/qb/catchable-percentage,Catchable Percentage | NFL Advanced Stats,no,5,Dak PrescottD. Prescott,/nfl/player-pages/18012/dak-prescott,Dallas Cowboys,QB,2026,79.4%,79.4%,79.4%,79.4%,79.4%,-,79.4%,
advanced-players,/nfl/advanced/players/qb/checkdown-percentage,Checkdown Percentage | NFL Advanced Stats,no,1,Baker MayfieldB. Mayfield,/nfl/player-pages/15726/baker-mayfield,Tampa Bay Buccaneers,QB,2026,25.0%,25.0%,25.0%,25.0%,25.0%,-,25.0%,
advanced-players,/nfl/advanced/players/qb/checkdown-percentage,Checkdown Percentage | NFL Advanced Stats,no,2,Caleb WilliamsC. Williams,/nfl/player-pages/20241/caleb-williams,Chicago Bears,QB,2026,24.1%,24.1%,24.1%,24.1%,24.1%,-,24.1%,
advanced-players,/nfl/advanced/players/qb/checkdown-percentage,Checkdown Percentage | NFL Advanced Stats,no,3,Jared GoffJ. Goff,/nfl/player-pages/708/jared-goff,Detroit Lions,QB,2026,23.1%,23.1%,23.1%,23.1%,23.1%,23.1%,-,
advanced-players,/nfl/advanced/players/qb/checkdown-percentage,Checkdown Percentage | NFL Advanced Stats,no,4,Aaron RodgersA. Rodgers,/nfl/player-pages/1863/aaron-rodgers,Pittsburgh Steelers,QB,2026,20.0%,20.0%,20.0%,20.0%,20.0%,20.0%,-,
advanced-players,/nfl/advanced/players/qb/checkdown-percentage,Checkdown Percentage | NFL Advanced Stats,no,5,Patrick MahomesP. Mahomes,/nfl/player-pages/7675/patrick-mahomes,Kansas City Chiefs,QB,2026,18.5%,18.5%,18.5%,18.5%,18.5%,18.5%,-,
advanced-players,/nfl/advanced/players/qb/completion-percentage-vs-man,Completion Percentage vs Man | NFL Advanced Stats,no,1,Baker MayfieldB. Mayfield,/nfl/player-pages/15726/baker-mayfield,Tampa Bay Buccaneers,QB,2026,81.8%,81.8%,81.8%,81.8%,81.8%,-,81.8%,
advanced-players,/nfl/advanced/players/qb/completion-percentage-vs-man,Completion Percentage vs Man | NFL Advanced Stats,no,2,Jaxson DartJ. Dart,/nfl/player-pages/4460/jaxson-dart,New York Giants,QB,2026,76.9%,76.9%,76.9%,76.9%,76.9%,76.9%,-,
advanced-players,/nfl/advanced/players/qb/completion-percentage-vs-man,Completion Percentage vs Man | NFL Advanced Stats,no,3,Jacoby BrissettJ. Brissett,/nfl/player-pages/10403/jacoby-brissett,Arizona Cardinals,QB,2026,76.5%,76.5%,76.5%,76.5%,76.5%,-,76.5%,
advanced-players,/nfl/advanced/players/qb/completion-percentage-vs-man,Completion Percentage vs Man | NFL Advanced Stats,no,4,Caleb WilliamsC. Williams,/nfl/player-pages/20241/caleb-williams,Chicago Bears,QB,2026,75.0%,75.0%,75.0%,75.0%,75.0%,-,75.0%,
advanced-players,/nfl/advanced/players/qb/completion-percentage-vs-man,Completion Percentage vs Man | NFL Advanced Stats,no,5,Daniel JonesD. Jones,/nfl/player-pages/21358/daniel-jones,Indianapolis Colts,QB,2026,72.7%,72.7%,72.7%,72.7%,72.7%,72.7%,-,
advanced-players,/nfl/advanced/players/qb/completion-percentage-vs-zone,Completion Percentage vs Zone | NFL Advanced Stats,no,1,Bryce YoungB. Young,/nfl/player-pages/21328/bryce-young,Carolina Panthers,QB,2026,85.7%,85.7%,85.7%,85.7%,85.7%,85.7%,-,
advanced-players,/nfl/advanced/players/qb/completion-percentage-vs-zone,Completion Percentage vs Zone | NFL Advanced Stats,no,2,Baker MayfieldB. Mayfield,/nfl/player-pages/15726/baker-mayfield,Tampa Bay Buccaneers,QB,2026,82.4%,82.4%,82.4%,82.4%,82.4%,-,82.4%,
advanced-players,/nfl/advanced/players/qb/completion-percentage-vs-zone,Completion Percentage vs Zone | NFL Advanced Stats,no,3,Jaxson DartJ. Dart,/nfl/player-pages/4460/jaxson-dart,New York Giants,QB,2026,81.3%,81.3%,81.3%,81.3%,81.3%,81.3%,-,
advanced-players,/nfl/advanced/players/qb/completion-percentage-vs-zone,Completion Percentage vs Zone | NFL Advanced Stats,no,4,Joe BurrowJ. Burrow,/nfl/player-pages/6239/joe-burrow,Cincinnati Bengals,QB,2026,79.2%,79.2%,79.2%,79.2%,79.2%,79.2%,-,
advanced-players,/nfl/advanced/players/qb/completion-percentage-vs-zone,Completion Percentage vs Zone | NFL Advanced Stats,no,5,Drake MayeD. Maye,/nfl/player-pages/22076/drake-maye,New England Patriots,QB,2026,78.6%,78.6%,78.6%,78.6%,78.6%,-,78.6%,
advanced-players,/nfl/advanced/players/qb/cpoe,Completion Percentage Over Expectation (CPOE) | NFL Advanced Stats,no,1,Jared GoffJ. Goff,/nfl/player-pages/708/jared-goff,Detroit Lions,QB,2026,-,-,-,-,-,-,-,
advanced-players,/nfl/advanced/players/qb/cpoe,Completion Percentage Over Expectation (CPOE) | NFL Advanced Stats,no,1,Aaron RodgersA. Rodgers,/nfl/player-pages/1863/aaron-rodgers,Pittsburgh Steelers,QB,2026,-,-,-,-,-,-,-,
advanced-players,/nfl/advanced/players/qb/cpoe,Completion Percentage Over Expectation (CPOE) | NFL Advanced Stats,no,1,Tyler ShoughT. Shough,/nfl/player-pages/2263/tyler-shough,New Orleans Saints,QB,2026,-,-,-,-,-,-,-,
advanced-players,/nfl/advanced/players/qb/cpoe,Completion Percentage Over Expectation (CPOE) | NFL Advanced Stats,no,1,Jaxson DartJ. Dart,/nfl/player-pages/4460/jaxson-dart,New York Giants,QB,2026,-,-,-,-,-,-,-,
advanced-players,/nfl/advanced/players/qb/cpoe,Completion Percentage Over Expectation (CPOE) | NFL Advanced Stats,no,1,Jalen HurtsJ. Hurts,/nfl/player-pages/4823/jalen-hurts,Philadelphia Eagles,QB,2026,-,-,-,-,-,-,-,
advanced-players,/nfl/advanced/players/qb/deep-throw-rate,Deep Throw Rate | NFL Advanced Stats,no,1,Malik WillisM. Willis,/nfl/player-pages/17792/malik-willis,Miami Dolphins,QB,2026,29.6%,29.6%,29.6%,29.6%,29.6%,-,29.6%,
advanced-players,/nfl/advanced/players/qb/deep-throw-rate,Deep Throw Rate | NFL Advanced Stats,no,2,Josh AllenJ. Allen,/nfl/player-pages/13812/josh-allen,Buffalo Bills,QB,2026,26.7%,26.7%,26.7%,26.7%,26.7%,-,26.7%,
advanced-players,/nfl/advanced/players/qb/deep-throw-rate,Deep Throw Rate | NFL Advanced Stats,no,3,Aaron RodgersA. Rodgers,/nfl/player-pages/1863/aaron-rodgers,Pittsburgh Steelers,QB,2026,22.5%,22.5%,22.5%,22.5%,22.5%,22.5%,-,
advanced-players,/nfl/advanced/players/qb/deep-throw-rate,Deep Throw Rate | NFL Advanced Stats,no,4,Dak PrescottD. Prescott,/nfl/player-pages/18012/dak-prescott,Dallas Cowboys,QB,2026,17.6%,17.6%,17.6%,17.6%,17.6%,-,17.6%,
advanced-players,/nfl/advanced/players/qb/deep-throw-rate,Deep Throw Rate | NFL Advanced Stats,no,5,Caleb WilliamsC. Williams,/nfl/player-pages/20241/caleb-williams,Chicago Bears,QB,2026,17.2%,17.2%,17.2%,17.2%,17.2%,-,17.2%,
advanced-players,/nfl/advanced/players/qb/drop-yards,Drop Yards | NFL Advanced Stats,no,1,Jared GoffJ. Goff,/nfl/player-pages/708/jared-goff,Detroit Lions,QB,2026,58,58,58,58,58,58,-,
advanced-players,/nfl/advanced/players/qb/drop-yards,Drop Yards | NFL Advanced Stats,no,2,Dak PrescottD. Prescott,/nfl/player-pages/18012/dak-prescott,Dallas Cowboys,QB,2026,52,52,52,52,52,-,52,
advanced-players,/nfl/advanced/players/qb/drop-yards,Drop Yards | NFL Advanced Stats,no,3,Aaron RodgersA. Rodgers,/nfl/player-pages/1863/aaron-rodgers,Pittsburgh Steelers,QB,2026,44,44,44,44,44,44,-,
advanced-players,/nfl/advanced/players/qb/drop-yards,Drop Yards | NFL Advanced Stats,no,4,Jacoby BrissettJ. Brissett,/nfl/player-pages/10403/jacoby-brissett,Arizona Cardinals,QB,2026,23,23,23,23,23,-,23,
advanced-players,/nfl/advanced/players/qb/drop-yards,Drop Yards | NFL Advanced Stats,no,5,Drake MayeD. Maye,/nfl/player-pages/22076/drake-maye,New England Patriots,QB,2026,22,22,22,22,22,-,22,
advanced-players,/nfl/advanced/players/qb/expected-completion-percentage,Expected Completion Percentage | NFL Advanced Stats,no,1,Jared GoffJ. Goff,/nfl/player-pages/708/jared-goff,Detroit Lions,QB,2026,-,-,-,-,-,-,-,
advanced-players,/nfl/advanced/players/qb/expected-completion-percentage,Expected Completion Percentage | NFL Advanced Stats,no,1,Aaron RodgersA. Rodgers,/nfl/player-pages/1863/aaron-rodgers,Pittsburgh Steelers,QB,2026,-,-,-,-,-,-,-,
advanced-players,/nfl/advanced/players/qb/expected-completion-percentage,Expected Completion Percentage | NFL Advanced Stats,no,1,Tyler ShoughT. Shough,/nfl/player-pages/2263/tyler-shough,New Orleans Saints,QB,2026,-,-,-,-,-,-,-,
advanced-players,/nfl/advanced/players/qb/expected-completion-percentage,Expected Completion Percentage | NFL Advanced Stats,no,1,Jaxson DartJ. Dart,/nfl/player-pages/4460/jaxson-dart,New York Giants,QB,2026,-,-,-,-,-,-,-,
advanced-players,/nfl/advanced/players/qb/expected-completion-percentage,Expected Completion Percentage | NFL Advanced Stats,no,1,Jalen HurtsJ. Hurts,/nfl/player-pages/4823/jalen-hurts,Philadelphia Eagles,QB,2026,-,-,-,-,-,-,-,
advanced-players,/nfl/advanced/players/qb/first-read-percentage,First Read Percentage | NFL Advanced Stats,no,1,Jacoby BrissettJ. Brissett,/nfl/player-pages/10403/jacoby-brissett,Arizona Cardinals,QB,2026,83.8%,83.8%,83.8%,83.8%,83.8%,-,83.8%,
advanced-players,/nfl/advanced/players/qb/first-read-percentage,First Read Percentage | NFL Advanced Stats,no,2,Justin HerbertJ. Herbert,/nfl/player-pages/12419/justin-herbert,Los Angeles Chargers,QB,2026,81.5%,81.5%,81.5%,81.5%,81.5%,81.5%,-,
advanced-players,/nfl/advanced/players/qb/first-read-percentage,First Read Percentage | NFL Advanced Stats,no,3,Jordan LoveJ. Love,/nfl/player-pages/17322/jordan-love,Green Bay Packers,QB,2026,81.0%,81.0%,81.0%,81.0%,81.0%,-,81.0%,
advanced-players,/nfl/advanced/players/qb/first-read-percentage,First Read Percentage | NFL Advanced Stats,no,4,C.J. StroudC. Stroud,/nfl/player-pages/15220/cj-stroud,Houston Texans,QB,2026,76.3%,76.3%,76.3%,76.3%,76.3%,76.3%,-,
advanced-players,/nfl/advanced/players/qb/first-read-percentage,First Read Percentage | NFL Advanced Stats,no,5,Jaxson DartJ. Dart,/nfl/player-pages/4460/jaxson-dart,New York Giants,QB,2026,75.9%,75.9%,75.9%,75.9%,75.9%,75.9%,-,
advanced-players,/nfl/advanced/players/qb/hero-throw-percentage,Hero Throw Percentage | NFL Advanced Stats,no,1,Jared GoffJ. Goff,/nfl/player-pages/708/jared-goff,Detroit Lions,QB,2026,79.5%,79.5%,79.5%,79.5%,79.5%,79.5%,-,
advanced-players,/nfl/advanced/players/qb/hero-throw-percentage,Hero Throw Percentage | NFL Advanced Stats,no,2,Tyler ShoughT. Shough,/nfl/player-pages/2263/tyler-shough,New Orleans Saints,QB,2026,66.1%,66.1%,66.1%,66.1%,66.1%,-,66.1%,
advanced-players,/nfl/advanced/players/qb/hero-throw-percentage,Hero Throw Percentage | NFL Advanced Stats,no,3,Jalen HurtsJ. Hurts,/nfl/player-pages/4823/jalen-hurts,Philadelphia Eagles,QB,2026,24.0%,24.0%,24.0%,24.0%,24.0%,24.0%,-,
advanced-players,/nfl/advanced/players/qb/hero-throw-percentage,Hero Throw Percentage | NFL Advanced Stats,no,4,Cam WardC. Ward,/nfl/player-pages/24147/cam-ward,Tennessee Titans,QB,2026,21.9%,21.9%,21.9%,21.9%,21.9%,21.9%,-,
advanced-players,/nfl/advanced/players/qb/hero-throw-percentage,Hero Throw Percentage | NFL Advanced Stats,no,5,Josh AllenJ. Allen,/nfl/player-pages/13812/josh-allen,Buffalo Bills,QB,2026,20.0%,20.0%,20.0%,20.0%,20.0%,-,20.0%,
advanced-players,/nfl/advanced/players/qb/hurries,Hurries | NFL Advanced Stats,no,1,Jayden DanielsJ. Daniels,/nfl/player-pages/24202/jayden-daniels,Washington Commanders,QB,2026,12,12,12,12,12,-,12,
advanced-players,/nfl/advanced/players/qb/hurries,Hurries | NFL Advanced Stats,no,2,Bo NixB. Nix,/nfl/player-pages/12017/bo-nix,Denver Broncos,QB,2026,11,11,11,11,11,-,11,
advanced-players,/nfl/advanced/players/qb/hurries,Hurries | NFL Advanced Stats,no,3,Tyler ShoughT. Shough,/nfl/player-pages/2263/tyler-shough,New Orleans Saints,QB,2026,8,8,8,8,8,-,8,
advanced-players,/nfl/advanced/players/qb/hurries,Hurries | NFL Advanced Stats,no,3,Caleb WilliamsC. Williams,/nfl/player-pages/20241/caleb-williams,Chicago Bears,QB,2026,8,8,8,8,8,-,8,
advanced-players,/nfl/advanced/players/qb/hurries,Hurries | NFL Advanced Stats,no,5,Jalen HurtsJ. Hurts,/nfl/player-pages/4823/jalen-hurts,Philadelphia Eagles,QB,2026,6,6,6,6,6,6,-,
advanced-players,/nfl/advanced/players/qb/man-coverage-throw-rate,Man Coverage Throw Rate | NFL Advanced Stats,no,1,Bryce YoungB. Young,/nfl/player-pages/21328/bryce-young,Carolina Panthers,QB,2026,62.2%,62.2%,62.2%,62.2%,62.2%,62.2%,-,
advanced-players,/nfl/advanced/players/qb/man-coverage-throw-rate,Man Coverage Throw Rate | NFL Advanced Stats,no,2,Patrick MahomesP. Mahomes,/nfl/player-pages/7675/patrick-mahomes,Kansas City Chiefs,QB,2026,59.3%,59.3%,59.3%,59.3%,59.3%,59.3%,-,
advanced-players,/nfl/advanced/players/qb/man-coverage-throw-rate,Man Coverage Throw Rate | NFL Advanced Stats,no,3,Dak PrescottD. Prescott,/nfl/player-pages/18012/dak-prescott,Dallas Cowboys,QB,2026,52.9%,52.9%,52.9%,52.9%,52.9%,-,52.9%,
advanced-players,/nfl/advanced/players/qb/man-coverage-throw-rate,Man Coverage Throw Rate | NFL Advanced Stats,no,4,Jacoby BrissettJ. Brissett,/nfl/player-pages/10403/jacoby-brissett,Arizona Cardinals,QB,2026,45.9%,45.9%,45.9%,45.9%,45.9%,-,45.9%,
advanced-players,/nfl/advanced/players/qb/man-coverage-throw-rate,Man Coverage Throw Rate | NFL Advanced Stats,no,5,Jaxson DartJ. Dart,/nfl/player-pages/4460/jaxson-dart,New York Giants,QB,2026,44.8%,44.8%,44.8%,44.8%,44.8%,44.8%,-,
advanced-players,/nfl/advanced/players/qb/off-target-throw-percentage,Off Target Throw Percentage | NFL Advanced Stats,no,1,Justin HerbertJ. Herbert,/nfl/player-pages/12419/justin-herbert,Los Angeles Chargers,QB,2026,33.3%,33.3%,33.3%,33.3%,33.3%,33.3%,-,
advanced-players,/nfl/advanced/players/qb/off-target-throw-percentage,Off Target Throw Percentage | NFL Advanced Stats,no,2,Jordan LoveJ. Love,/nfl/player-pages/17322/jordan-love,Green Bay Packers,QB,2026,31.0%,31.0%,31.0%,31.0%,31.0%,-,31.0%,
advanced-players,/nfl/advanced/players/qb/off-target-throw-percentage,Off Target Throw Percentage | NFL Advanced Stats,no,3,Jared GoffJ. Goff,/nfl/player-pages/708/jared-goff,Detroit Lions,QB,2026,23.1%,23.1%,23.1%,23.1%,23.1%,23.1%,-,
advanced-players,/nfl/advanced/players/qb/off-target-throw-percentage,Off Target Throw Percentage | NFL Advanced Stats,no,4,Malik WillisM. Willis,/nfl/player-pages/17792/malik-willis,Miami Dolphins,QB,2026,22.2%,22.2%,22.2%,22.2%,22.2%,-,22.2%,
advanced-players,/nfl/advanced/players/qb/off-target-throw-percentage,Off Target Throw Percentage | NFL Advanced Stats,no,5,Cam WardC. Ward,/nfl/player-pages/24147/cam-ward,Tennessee Titans,QB,2026,21.9%,21.9%,21.9%,21.9%,21.9%,21.9%,-,
advanced-players,/nfl/advanced/players/qb/offensive-pressure-rate,Offensive Pressure Rate | NFL Advanced Stats,no,1,Bo NixB. Nix,/nfl/player-pages/12017/bo-nix,Denver Broncos,QB,2026,54.5,54.5,54.5,54.5,54.5,-,54.5,
advanced-players,/nfl/advanced/players/qb/offensive-pressure-rate,Offensive Pressure Rate | NFL Advanced Stats,no,2,Jordan LoveJ. Love,/nfl/player-pages/17322/jordan-love,Green Bay Packers,QB,2026,39.1,39.1,39.1,39.1,39.1,-,39.1,
advanced-players,/nfl/advanced/players/qb/offensive-pressure-rate,Offensive Pressure Rate | NFL Advanced Stats,no,3,Jayden DanielsJ. Daniels,/nfl/player-pages/24202/jayden-daniels,Washington Commanders,QB,2026,35.9,35.9,35.9,35.9,35.9,-,35.9,
advanced-players,/nfl/advanced/players/qb/offensive-pressure-rate,Offensive Pressure Rate | NFL Advanced Stats,no,4,Jalen HurtsJ. Hurts,/nfl/player-pages/4823/jalen-hurts,Philadelphia Eagles,QB,2026,33.3,33.3,33.3,33.3,33.3,33.3,-,
advanced-players,/nfl/advanced/players/qb/offensive-pressure-rate,Offensive Pressure Rate | NFL Advanced Stats,no,4,Baker MayfieldB. Mayfield,/nfl/player-pages/15726/baker-mayfield,Tampa Bay Buccaneers,QB,2026,33.3,33.3,33.3,33.3,33.3,-,33.3,
advanced-players,/nfl/advanced/players/qb/passer-rating-vs-man,Passer Rating vs Man | NFL Advanced Stats,no,1,Caleb WilliamsC. Williams,/nfl/player-pages/20241/caleb-williams,Chicago Bears,QB,2026,139.6,139.6,139.6,139.6,139.6,158.3,139.6,
advanced-players,/nfl/advanced/players/qb/passer-rating-vs-man,Passer Rating vs Man | NFL Advanced Stats,no,2,Jaxson DartJ. Dart,/nfl/player-pages/4460/jaxson-dart,New York Giants,QB,2026,132.7,132.7,132.7,132.7,132.7,132.7,158.3,
advanced-players,/nfl/advanced/players/qb/passer-rating-vs-man,Passer Rating vs Man | NFL Advanced Stats,no,3,C.J. StroudC. Stroud,/nfl/player-pages/15220/cj-stroud,Houston Texans,QB,2026,127.9,127.9,127.9,127.9,127.9,127.9,158.3,
advanced-players,/nfl/advanced/players/qb/passer-rating-vs-man,Passer Rating vs Man | NFL Advanced Stats,no,4,Josh AllenJ. Allen,/nfl/player-pages/13812/josh-allen,Buffalo Bills,QB,2026,127.8,127.8,127.8,127.8,127.8,158.3,127.8,
advanced-players,/nfl/advanced/players/qb/passer-rating-vs-man,Passer Rating vs Man | NFL Advanced Stats,no,5,Jalen HurtsJ. Hurts,/nfl/player-pages/4823/jalen-hurts,Philadelphia Eagles,QB,2026,125.0,125.0,125.0,125.0,125.0,125.0,158.3,
advanced-players,/nfl/advanced/players/qb/passer-rating-vs-zone,Passer Rating vs Zone | NFL Advanced Stats,no,1,Bryce YoungB. Young,/nfl/player-pages/21328/bryce-young,Carolina Panthers,QB,2026,142.6,142.6,142.6,142.6,142.6,142.6,158.3,
advanced-players,/nfl/advanced/players/qb/passer-rating-vs-zone,Passer Rating vs Zone | NFL Advanced Stats,no,2,Jaxson DartJ. Dart,/nfl/player-pages/4460/jaxson-dart,New York Giants,QB,2026,127.3,127.3,127.3,127.3,127.3,127.3,158.3,
advanced-players,/nfl/advanced/players/qb/passer-rating-vs-zone,Passer Rating vs Zone | NFL Advanced Stats,no,3,Josh AllenJ. Allen,/nfl/player-pages/13812/josh-allen,Buffalo Bills,QB,2026,125.2,125.2,125.2,125.2,125.2,158.3,125.2,
advanced-players,/nfl/advanced/players/qb/passer-rating-vs-zone,Passer Rating vs Zone | NFL Advanced Stats,no,4,Caleb WilliamsC. Williams,/nfl/player-pages/20241/caleb-williams,Chicago Bears,QB,2026,117.4,117.4,117.4,117.4,117.4,158.3,117.4,
advanced-players,/nfl/advanced/players/qb/passer-rating-vs-zone,Passer Rating vs Zone | NFL Advanced Stats,no,5,Jalen HurtsJ. Hurts,/nfl/player-pages/4823/jalen-hurts,Philadelphia Eagles,QB,2026,116.0,116.0,116.0,116.0,116.0,116.0,158.3,
advanced-players,/nfl/advanced/players/qb/pressure-rate,Pressure Rate | NFL Advanced Stats,no,1,Bo NixB. Nix,/nfl/player-pages/12017/bo-nix,Denver Broncos,QB,2026,54.5,54.5,54.5,54.5,54.5,-,54.5,
advanced-players,/nfl/advanced/players/qb/pressure-rate,Pressure Rate | NFL Advanced Stats,no,2,Jayden DanielsJ. Daniels,/nfl/player-pages/24202/jayden-daniels,Washington Commanders,QB,2026,41.0,41.0,41.0,41.0,41.0,-,41.0,
advanced-players,/nfl/advanced/players/qb/pressure-rate,Pressure Rate | NFL Advanced Stats,no,3,Jordan LoveJ. Love,/nfl/player-pages/17322/jordan-love,Green Bay Packers,QB,2026,39.1,39.1,39.1,39.1,39.1,-,39.1,
advanced-players,/nfl/advanced/players/qb/pressure-rate,Pressure Rate | NFL Advanced Stats,no,4,Jalen HurtsJ. Hurts,/nfl/player-pages/4823/jalen-hurts,Philadelphia Eagles,QB,2026,36.4,36.4,36.4,36.4,36.4,36.4,-,
advanced-players,/nfl/advanced/players/qb/pressure-rate,Pressure Rate | NFL Advanced Stats,no,5,Joe BurrowJ. Burrow,/nfl/player-pages/6239/joe-burrow,Cincinnati Bengals,QB,2026,35.1,35.1,35.1,35.1,35.1,35.1,-,
advanced-players,/nfl/advanced/players/qb/pressure-sack-percentage,Pressure Sack Percentage | NFL Advanced Stats,no,1,Malik WillisM. Willis,/nfl/player-pages/17792/malik-willis,Miami Dolphins,QB,2026,41.7%,41.7%,41.7%,41.7%,41.7%,-,41.7%,
advanced-players,/nfl/advanced/players/qb/pressure-sack-percentage,Pressure Sack Percentage | NFL Advanced Stats,no,2,Jaxson DartJ. Dart,/nfl/player-pages/4460/jaxson-dart,New York Giants,QB,2026,33.3%,33.3%,33.3%,33.3%,33.3%,33.3%,-,
advanced-players,/nfl/advanced/players/qb/pressure-sack-percentage,Pressure Sack Percentage | NFL Advanced Stats,no,2,Justin HerbertJ. Herbert,/nfl/player-pages/12419/justin-herbert,Los Angeles Chargers,QB,2026,33.3%,33.3%,33.3%,33.3%,33.3%,33.3%,-,
advanced-players,/nfl/advanced/players/qb/pressure-sack-percentage,Pressure Sack Percentage | NFL Advanced Stats,no,2,Baker MayfieldB. Mayfield,/nfl/player-pages/15726/baker-mayfield,Tampa Bay Buccaneers,QB,2026,33.3%,33.3%,33.3%,33.3%,33.3%,-,33.3%,
advanced-players,/nfl/advanced/players/qb/pressure-sack-percentage,Pressure Sack Percentage | NFL Advanced Stats,no,2,Cam WardC. Ward,/nfl/player-pages/24147/cam-ward,Tennessee Titans,QB,2026,33.3%,33.3%,33.3%,33.3%,33.3%,33.3%,-,
advanced-players,/nfl/advanced/players/qb/pressure-to-sack-ratio,Pressure to Sack Ratio | NFL Advanced Stats,no,1,Dak PrescottD. Prescott,/nfl/player-pages/18012/dak-prescott,Dallas Cowboys,QB,2026,0.0%,0.0%,0.0%,0.0%,0.0%,-,0.0%,
advanced-players,/nfl/advanced/players/qb/pressure-to-sack-ratio,Pressure to Sack Ratio | NFL Advanced Stats,no,1,Brock PurdyB. Purdy,/nfl/player-pages/18209/brock-purdy,San Francisco 49ers,QB,2026,0.0%,0.0%,0.0%,0.0%,0.0%,-,0.0%,
advanced-players,/nfl/advanced/players/qb/pressure-to-sack-ratio,Pressure to Sack Ratio | NFL Advanced Stats,no,3,Jayden DanielsJ. Daniels,/nfl/player-pages/24202/jayden-daniels,Washington Commanders,QB,2026,6.3%,6.3%,6.3%,6.3%,6.3%,-,6.3%,
advanced-players,/nfl/advanced/players/qb/pressure-to-sack-ratio,Pressure to Sack Ratio | NFL Advanced Stats,no,4,Joe BurrowJ. Burrow,/nfl/player-pages/6239/joe-burrow,Cincinnati Bengals,QB,2026,7.7%,7.7%,7.7%,7.7%,7.7%,7.7%,-,
advanced-players,/nfl/advanced/players/qb/pressure-to-sack-ratio,Pressure to Sack Ratio | NFL Advanced Stats,no,5,Jacoby BrissettJ. Brissett,/nfl/player-pages/10403/jacoby-brissett,Arizona Cardinals,QB,2026,10.0%,10.0%,10.0%,10.0%,10.0%,-,10.0%,
advanced-players,/nfl/advanced/players/qb/pressure-to-turnover-ratio,Pressure to Turnover Ratio | NFL Advanced Stats,no,1,Baker MayfieldB. Mayfield,/nfl/player-pages/15726/baker-mayfield,Tampa Bay Buccaneers,QB,2026,16.7%,16.7%,16.7%,16.7%,16.7%,-,16.7%,
advanced-players,/nfl/advanced/players/qb/pressure-to-turnover-ratio,Pressure to Turnover Ratio | NFL Advanced Stats,no,2,C.J. StroudC. Stroud,/nfl/player-pages/15220/cj-stroud,Houston Texans,QB,2026,14.3%,14.3%,14.3%,14.3%,14.3%,14.3%,-,
advanced-players,/nfl/advanced/players/qb/pressure-to-turnover-ratio,Pressure to Turnover Ratio | NFL Advanced Stats,no,3,Bo NixB. Nix,/nfl/player-pages/12017/bo-nix,Denver Broncos,QB,2026,11.1%,11.1%,11.1%,11.1%,11.1%,-,11.1%,
advanced-players,/nfl/advanced/players/qb/pressure-to-turnover-ratio,Pressure to Turnover Ratio | NFL Advanced Stats,no,3,Justin HerbertJ. Herbert,/nfl/player-pages/12419/justin-herbert,Los Angeles Chargers,QB,2026,11.1%,11.1%,11.1%,11.1%,11.1%,11.1%,-,
advanced-players,/nfl/advanced/players/qb/pressure-to-turnover-ratio,Pressure to Turnover Ratio | NFL Advanced Stats,no,3,Dak PrescottD. Prescott,/nfl/player-pages/18012/dak-prescott,Dallas Cowboys,QB,2026,11.1%,11.1%,11.1%,11.1%,11.1%,-,11.1%,
advanced-players,/nfl/advanced/players/qb/pressures,Pressures | NFL Advanced Stats,no,1,Bo NixB. Nix,/nfl/player-pages/12017/bo-nix,Denver Broncos,QB,2026,18,18,18,18,18,-,18,
advanced-players,/nfl/advanced/players/qb/pressures,Pressures | NFL Advanced Stats,no,1,Jordan LoveJ. Love,/nfl/player-pages/17322/jordan-love,Green Bay Packers,QB,2026,18,18,18,18,18,-,18,
advanced-players,/nfl/advanced/players/qb/pressures,Pressures | NFL Advanced Stats,no,3,Tyler ShoughT. Shough,/nfl/player-pages/2263/tyler-shough,New Orleans Saints,QB,2026,17,17,17,17,17,-,17,
advanced-players,/nfl/advanced/players/qb/pressures,Pressures | NFL Advanced Stats,no,4,Jayden DanielsJ. Daniels,/nfl/player-pages/24202/jayden-daniels,Washington Commanders,QB,2026,16,16,16,16,16,-,16,
advanced-players,/nfl/advanced/players/qb/pressures,Pressures | NFL Advanced Stats,no,5,C.J. StroudC. Stroud,/nfl/player-pages/15220/cj-stroud,Houston Texans,QB,2026,14,14,14,14,14,14,-,
advanced-players,/nfl/advanced/players/qb/protection-rate,Protection Rate | NFL Advanced Stats,no,1,Jaxson DartJ. Dart,/nfl/player-pages/4460/jaxson-dart,New York Giants,QB,2026,81.8%,81.8%,81.8%,81.8%,81.8%,81.8%,-,
advanced-players,/nfl/advanced/players/qb/protection-rate,Protection Rate | NFL Advanced Stats,no,1,Josh AllenJ. Allen,/nfl/player-pages/13812/josh-allen,Buffalo Bills,QB,2026,81.8%,81.8%,81.8%,81.8%,81.8%,-,81.8%,
advanced-players,/nfl/advanced/players/qb/protection-rate,Protection Rate | NFL Advanced Stats,no,3,Aaron RodgersA. Rodgers,/nfl/player-pages/1863/aaron-rodgers,Pittsburgh Steelers,QB,2026,81.0%,81.0%,81.0%,81.0%,81.0%,81.0%,-,
advanced-players,/nfl/advanced/players/qb/protection-rate,Protection Rate | NFL Advanced Stats,no,4,Dak PrescottD. Prescott,/nfl/player-pages/18012/dak-prescott,Dallas Cowboys,QB,2026,80.6%,80.6%,80.6%,80.6%,80.6%,-,80.6%,
advanced-players,/nfl/advanced/players/qb/protection-rate,Protection Rate | NFL Advanced Stats,no,4,Brock PurdyB. Purdy,/nfl/player-pages/18209/brock-purdy,San Francisco 49ers,QB,2026,80.6%,80.6%,80.6%,80.6%,80.6%,-,80.6%,
advanced-players,/nfl/advanced/players/qb/qb-any-a-under-pressure,QB ANY/A Under Pressure | NFL Advanced Stats,no,1,Caleb WilliamsC. Williams,/nfl/player-pages/20241/caleb-williams,Chicago Bears,QB,2026,9.62,9.62,9.62,9.62,9.62,-,9.62,
advanced-players,/nfl/advanced/players/qb/qb-any-a-under-pressure,QB ANY/A Under Pressure | NFL Advanced Stats,no,2,Bryce YoungB. Young,/nfl/player-pages/21328/bryce-young,Carolina Panthers,QB,2026,9.38,9.38,9.38,9.38,9.38,9.38,-,
advanced-players,/nfl/advanced/players/qb/qb-any-a-under-pressure,QB ANY/A Under Pressure | NFL Advanced Stats,no,3,Patrick MahomesP. Mahomes,/nfl/player-pages/7675/patrick-mahomes,Kansas City Chiefs,QB,2026,8.82,8.82,8.82,8.82,8.82,8.82,-,
advanced-players,/nfl/advanced/players/qb/qb-any-a-under-pressure,QB ANY/A Under Pressure | NFL Advanced Stats,no,4,Jacoby BrissettJ. Brissett,/nfl/player-pages/10403/jacoby-brissett,Arizona Cardinals,QB,2026,6.10,6.10,6.10,6.10,6.10,-,6.10,
advanced-players,/nfl/advanced/players/qb/qb-any-a-under-pressure,QB ANY/A Under Pressure | NFL Advanced Stats,no,5,Jordan LoveJ. Love,/nfl/player-pages/17322/jordan-love,Green Bay Packers,QB,2026,5.68,5.68,5.68,5.68,5.68,-,5.68,
advanced-players,/nfl/advanced/players/qb/qb-anya-clean,QB ANY/A When Clean (No Pressure) | NFL Advanced Stats,no,1,Josh AllenJ. Allen,/nfl/player-pages/13812/josh-allen,Buffalo Bills,QB,2026,12.92,12.92,12.92,12.92,12.92,-,12.92,
advanced-players,/nfl/advanced/players/qb/qb-anya-clean,QB ANY/A When Clean (No Pressure) | NFL Advanced Stats,no,2,Jalen HurtsJ. Hurts,/nfl/player-pages/4823/jalen-hurts,Philadelphia Eagles,QB,2026,12.59,12.59,12.59,12.59,12.59,12.59,-,
advanced-players,/nfl/advanced/players/qb/qb-anya-clean,QB ANY/A When Clean (No Pressure) | NFL Advanced Stats,no,3,Jaxson DartJ. Dart,/nfl/player-pages/4460/jaxson-dart,New York Giants,QB,2026,10.48,10.48,10.48,10.48,10.48,10.48,-,
advanced-players,/nfl/advanced/players/qb/qb-anya-clean,QB ANY/A When Clean (No Pressure) | NFL Advanced Stats,no,4,Bryce YoungB. Young,/nfl/player-pages/21328/bryce-young,Carolina Panthers,QB,2026,10.39,10.39,10.39,10.39,10.39,10.39,-,
advanced-players,/nfl/advanced/players/qb/qb-anya-clean,QB ANY/A When Clean (No Pressure) | NFL Advanced Stats,no,5,C.J. StroudC. Stroud,/nfl/player-pages/15220/cj-stroud,Houston Texans,QB,2026,10.00,10.00,10.00,10.00,10.00,10.00,-,
advanced-players,/nfl/advanced/players/qb/qb-hits,QB Hits | NFL Advanced Stats,no,1,Jordan LoveJ. Love,/nfl/player-pages/17322/jordan-love,Green Bay Packers,QB,2026,15,15,15,15,15,-,15,
advanced-players,/nfl/advanced/players/qb/qb-hits,QB Hits | NFL Advanced Stats,no,2,Tyler ShoughT. Shough,/nfl/player-pages/2263/tyler-shough,New Orleans Saints,QB,2026,9,9,9,9,9,-,9,
advanced-players,/nfl/advanced/players/qb/qb-hits,QB Hits | NFL Advanced Stats,no,2,C.J. StroudC. Stroud,/nfl/player-pages/15220/cj-stroud,Houston Texans,QB,2026,9,9,9,9,9,9,-,
advanced-players,/nfl/advanced/players/qb/qb-hits,QB Hits | NFL Advanced Stats,no,2,Malik WillisM. Willis,/nfl/player-pages/17792/malik-willis,Miami Dolphins,QB,2026,9,9,9,9,9,-,9,
advanced-players,/nfl/advanced/players/qb/qb-hits,QB Hits | NFL Advanced Stats,no,2,Daniel JonesD. Jones,/nfl/player-pages/21358/daniel-jones,Indianapolis Colts,QB,2026,9,9,9,9,9,9,-,
advanced-players,/nfl/advanced/players/qb/qb-rating-clean,QB Rating When Clean (No Pressure) | NFL Advanced Stats,no,1,Jaxson DartJ. Dart,/nfl/player-pages/4460/jaxson-dart,New York Giants,QB,2026,139.9,139.9,139.9,139.9,139.9,139.9,158.3,
advanced-players,/nfl/advanced/players/qb/qb-rating-clean,QB Rating When Clean (No Pressure) | NFL Advanced Stats,no,2,Jalen HurtsJ. Hurts,/nfl/player-pages/4823/jalen-hurts,Philadelphia Eagles,QB,2026,137.9,137.9,137.9,137.9,137.9,137.9,158.3,
advanced-players,/nfl/advanced/players/qb/qb-rating-clean,QB Rating When Clean (No Pressure) | NFL Advanced Stats,no,3,Josh AllenJ. Allen,/nfl/player-pages/13812/josh-allen,Buffalo Bills,QB,2026,136.1,136.1,136.1,136.1,136.1,158.3,136.1,
advanced-players,/nfl/advanced/players/qb/qb-rating-clean,QB Rating When Clean (No Pressure) | NFL Advanced Stats,no,4,Brock PurdyB. Purdy,/nfl/player-pages/18209/brock-purdy,San Francisco 49ers,QB,2026,131.8,131.8,131.8,131.8,131.8,158.3,131.8,
advanced-players,/nfl/advanced/players/qb/qb-rating-clean,QB Rating When Clean (No Pressure) | NFL Advanced Stats,no,5,C.J. StroudC. Stroud,/nfl/player-pages/15220/cj-stroud,Houston Texans,QB,2026,124.3,124.3,124.3,124.3,124.3,124.3,158.3,
advanced-players,/nfl/advanced/players/qb/qb-rating-under-pressure,QB Rating Under Pressure | NFL Advanced Stats,no,1,Caleb WilliamsC. Williams,/nfl/player-pages/20241/caleb-williams,Chicago Bears,QB,2026,120.6,120.6,120.6,120.6,120.6,158.3,120.6,
advanced-players,/nfl/advanced/players/qb/qb-rating-under-pressure,QB Rating Under Pressure | NFL Advanced Stats,no,2,Bryce YoungB. Young,/nfl/player-pages/21328/bryce-young,Carolina Panthers,QB,2026,111.9,111.9,111.9,111.9,111.9,111.9,158.3,
advanced-players,/nfl/advanced/players/qb/qb-rating-under-pressure,QB Rating Under Pressure | NFL Advanced Stats,no,3,Patrick MahomesP. Mahomes,/nfl/player-pages/7675/patrick-mahomes,Kansas City Chiefs,QB,2026,89.6,89.6,89.6,89.6,89.6,89.6,158.3,
advanced-players,/nfl/advanced/players/qb/qb-rating-under-pressure,QB Rating Under Pressure | NFL Advanced Stats,no,4,Jordan LoveJ. Love,/nfl/player-pages/17322/jordan-love,Green Bay Packers,QB,2026,71.3,71.3,71.3,71.3,71.3,158.3,71.3,
advanced-players,/nfl/advanced/players/qb/qb-rating-under-pressure,QB Rating Under Pressure | NFL Advanced Stats,no,5,Jalen HurtsJ. Hurts,/nfl/player-pages/4823/jalen-hurts,Philadelphia Eagles,QB,2026,69.9,69.9,69.9,69.9,69.9,69.9,158.3,
advanced-players,/nfl/advanced/players/qb/qb-sack-count,QB Sack (Count) | NFL Advanced Stats,no,1,Tyler ShoughT. Shough,/nfl/player-pages/2263/tyler-shough,New Orleans Saints,QB,2026,5,5,5,5,5,-,5,
advanced-players,/nfl/advanced/players/qb/qb-sack-count,QB Sack (Count) | NFL Advanced Stats,no,1,Malik WillisM. Willis,/nfl/player-pages/17792/malik-willis,Miami Dolphins,QB,2026,5,5,5,5,5,-,5,
advanced-players,/nfl/advanced/players/qb/qb-sack-count,QB Sack (Count) | NFL Advanced Stats,no,3,Bo NixB. Nix,/nfl/player-pages/12017/bo-nix,Denver Broncos,QB,2026,4,4,4,4,4,-,4,
advanced-players,/nfl/advanced/players/qb/qb-sack-count,QB Sack (Count) | NFL Advanced Stats,no,3,Baker MayfieldB. Mayfield,/nfl/player-pages/15726/baker-mayfield,Tampa Bay Buccaneers,QB,2026,4,4,4,4,4,-,4,
advanced-players,/nfl/advanced/players/qb/qb-sack-count,QB Sack (Count) | NFL Advanced Stats,no,3,Jordan LoveJ. Love,/nfl/player-pages/17322/jordan-love,Green Bay Packers,QB,2026,4,4,4,4,4,-,4,
advanced-players,/nfl/advanced/players/qb/sack-percentage,Sack Percentage | NFL Advanced Stats,no,1,Dak PrescottD. Prescott,/nfl/player-pages/18012/dak-prescott,Dallas Cowboys,QB,2026,0.0,0.0,0.0,0.0,0.0,-,0.0,
advanced-players,/nfl/advanced/players/qb/sack-percentage,Sack Percentage | NFL Advanced Stats,no,1,Brock PurdyB. Purdy,/nfl/player-pages/18209/brock-purdy,San Francisco 49ers,QB,2026,0.0,0.0,0.0,0.0,0.0,-,0.0,
advanced-players,/nfl/advanced/players/qb/sack-percentage,Sack Percentage | NFL Advanced Stats,no,3,Jared GoffJ. Goff,/nfl/player-pages/708/jared-goff,Detroit Lions,QB,2026,2.5,2.5,2.5,2.5,2.5,2.5,-,
advanced-players,/nfl/advanced/players/qb/sack-percentage,Sack Percentage | NFL Advanced Stats,no,4,Jacoby BrissettJ. Brissett,/nfl/player-pages/10403/jacoby-brissett,Arizona Cardinals,QB,2026,2.6,2.6,2.6,2.6,2.6,-,2.6,
advanced-players,/nfl/advanced/players/qb/sack-percentage,Sack Percentage | NFL Advanced Stats,no,5,Joe BurrowJ. Burrow,/nfl/player-pages/6239/joe-burrow,Cincinnati Bengals,QB,2026,2.8,2.8,2.8,2.8,2.8,2.8,-,
advanced-players,/nfl/advanced/players/qb/scramble-rate,Scramble Rate | NFL Advanced Stats,no,1,Caleb WilliamsC. Williams,/nfl/player-pages/20241/caleb-williams,Chicago Bears,QB,2026,18.4,18.4,18.4,18.4,18.4,-,18.4,
advanced-players,/nfl/advanced/players/qb/scramble-rate,Scramble Rate | NFL Advanced Stats,no,2,Jalen HurtsJ. Hurts,/nfl/player-pages/4823/jalen-hurts,Philadelphia Eagles,QB,2026,15.2,15.2,15.2,15.2,15.2,15.2,-,
advanced-players,/nfl/advanced/players/qb/scramble-rate,Scramble Rate | NFL Advanced Stats,no,3,Justin HerbertJ. Herbert,/nfl/player-pages/12419/justin-herbert,Los Angeles Chargers,QB,2026,14.3,14.3,14.3,14.3,14.3,14.3,-,
advanced-players,/nfl/advanced/players/qb/scramble-rate,Scramble Rate | NFL Advanced Stats,no,3,Drake MayeD. Maye,/nfl/player-pages/22076/drake-maye,New England Patriots,QB,2026,14.3,14.3,14.3,14.3,14.3,-,14.3,
advanced-players,/nfl/advanced/players/qb/scramble-rate,Scramble Rate | NFL Advanced Stats,no,5,Malik WillisM. Willis,/nfl/player-pages/17792/malik-willis,Miami Dolphins,QB,2026,13.5,13.5,13.5,13.5,13.5,-,13.5,
advanced-players,/nfl/advanced/players/qb/spikes,Spikes | NFL Advanced Stats,no,1,Tyler ShoughT. Shough,/nfl/player-pages/2263/tyler-shough,New Orleans Saints,QB,2026,1,1,1,1,1,-,1,
advanced-players,/nfl/advanced/players/qb/spikes,Spikes | NFL Advanced Stats,no,2,Jared GoffJ. Goff,/nfl/player-pages/708/jared-goff,Detroit Lions,QB,2026,0,0,0,0,0,0,-,
advanced-players,/nfl/advanced/players/qb/spikes,Spikes | NFL Advanced Stats,no,2,Aaron RodgersA. Rodgers,/nfl/player-pages/1863/aaron-rodgers,Pittsburgh Steelers,QB,2026,0,0,0,0,0,0,-,
advanced-players,/nfl/advanced/players/qb/spikes,Spikes | NFL Advanced Stats,no,2,Jaxson DartJ. Dart,/nfl/player-pages/4460/jaxson-dart,New York Giants,QB,2026,0,0,0,0,0,0,-,
advanced-players,/nfl/advanced/players/qb/spikes,Spikes | NFL Advanced Stats,no,2,Jalen HurtsJ. Hurts,/nfl/player-pages/4823/jalen-hurts,Philadelphia Eagles,QB,2026,0,0,0,0,0,0,-,
advanced-players,/nfl/advanced/players/qb/td-passes-vs-man,TD Passes vs Man | NFL Advanced Stats,no,1,Tyler ShoughT. Shough,/nfl/player-pages/2263/tyler-shough,New Orleans Saints,QB,2026,2,2,2,2,2,-,2,
advanced-players,/nfl/advanced/players/qb/td-passes-vs-man,TD Passes vs Man | NFL Advanced Stats,no,1,Jaxson DartJ. Dart,/nfl/player-pages/4460/jaxson-dart,New York Giants,QB,2026,2,2,2,2,2,2,-,
advanced-players,/nfl/advanced/players/qb/td-passes-vs-man,TD Passes vs Man | NFL Advanced Stats,no,1,C.J. StroudC. Stroud,/nfl/player-pages/15220/cj-stroud,Houston Texans,QB,2026,2,2,2,2,2,2,-,
advanced-players,/nfl/advanced/players/qb/td-passes-vs-man,TD Passes vs Man | NFL Advanced Stats,no,1,Bryce YoungB. Young,/nfl/player-pages/21328/bryce-young,Carolina Panthers,QB,2026,2,2,2,2,2,2,-,
advanced-players,/nfl/advanced/players/qb/td-passes-vs-man,TD Passes vs Man | NFL Advanced Stats,no,1,Jayden DanielsJ. Daniels,/nfl/player-pages/24202/jayden-daniels,Washington Commanders,QB,2026,2,2,2,2,2,-,2,
advanced-players,/nfl/advanced/players/qb/td-passes-vs-zone,TD Passes vs Zone | NFL Advanced Stats,no,1,Jalen HurtsJ. Hurts,/nfl/player-pages/4823/jalen-hurts,Philadelphia Eagles,QB,2026,2,2,2,2,2,2,-,
advanced-players,/nfl/advanced/players/qb/td-passes-vs-zone,TD Passes vs Zone | NFL Advanced Stats,no,1,Brock PurdyB. Purdy,/nfl/player-pages/18209/brock-purdy,San Francisco 49ers,QB,2026,2,2,2,2,2,-,2,
advanced-players,/nfl/advanced/players/qb/td-passes-vs-zone,TD Passes vs Zone | NFL Advanced Stats,no,3,Jared GoffJ. Goff,/nfl/player-pages/708/jared-goff,Detroit Lions,QB,2026,1,1,1,1,1,1,-,
advanced-players,/nfl/advanced/players/qb/td-passes-vs-zone,TD Passes vs Zone | NFL Advanced Stats,no,3,Aaron RodgersA. Rodgers,/nfl/player-pages/1863/aaron-rodgers,Pittsburgh Steelers,QB,2026,1,1,1,1,1,1,-,
advanced-players,/nfl/advanced/players/qb/td-passes-vs-zone,TD Passes vs Zone | NFL Advanced Stats,no,3,Tyler ShoughT. Shough,/nfl/player-pages/2263/tyler-shough,New Orleans Saints,QB,2026,1,1,1,1,1,-,1,
advanced-players,/nfl/advanced/players/qb/td-rate-vs-man,TD Rate vs Man | NFL Advanced Stats,no,1,Jalen HurtsJ. Hurts,/nfl/player-pages/4823/jalen-hurts,Philadelphia Eagles,QB,2026,25.0%,25.0%,25.0%,25.0%,25.0%,25.0%,-,
advanced-players,/nfl/advanced/players/qb/td-rate-vs-man,TD Rate vs Man | NFL Advanced Stats,no,2,C.J. StroudC. Stroud,/nfl/player-pages/15220/cj-stroud,Houston Texans,QB,2026,20.0%,20.0%,20.0%,20.0%,20.0%,20.0%,-,
advanced-players,/nfl/advanced/players/qb/td-rate-vs-man,TD Rate vs Man | NFL Advanced Stats,no,2,Brock PurdyB. Purdy,/nfl/player-pages/18209/brock-purdy,San Francisco 49ers,QB,2026,20.0%,20.0%,20.0%,20.0%,20.0%,-,20.0%,
advanced-players,/nfl/advanced/players/qb/td-rate-vs-man,TD Rate vs Man | NFL Advanced Stats,no,2,Drake MayeD. Maye,/nfl/player-pages/22076/drake-maye,New England Patriots,QB,2026,20.0%,20.0%,20.0%,20.0%,20.0%,-,20.0%,
advanced-players,/nfl/advanced/players/qb/td-rate-vs-man,TD Rate vs Man | NFL Advanced Stats,no,5,Jaxson DartJ. Dart,/nfl/player-pages/4460/jaxson-dart,New York Giants,QB,2026,15.4%,15.4%,15.4%,15.4%,15.4%,15.4%,-,
advanced-players,/nfl/advanced/players/qb/td-rate-vs-zone,TD Rate vs Zone | NFL Advanced Stats,no,1,Jalen HurtsJ. Hurts,/nfl/player-pages/4823/jalen-hurts,Philadelphia Eagles,QB,2026,9.5%,9.5%,9.5%,9.5%,9.5%,9.5%,-,
advanced-players,/nfl/advanced/players/qb/td-rate-vs-zone,TD Rate vs Zone | NFL Advanced Stats,no,2,Patrick MahomesP. Mahomes,/nfl/player-pages/7675/patrick-mahomes,Kansas City Chiefs,QB,2026,9.1%,9.1%,9.1%,9.1%,9.1%,9.1%,-,
advanced-players,/nfl/advanced/players/qb/td-rate-vs-zone,TD Rate vs Zone | NFL Advanced Stats,no,3,Bryce YoungB. Young,/nfl/player-pages/21328/bryce-young,Carolina Panthers,QB,2026,7.1%,7.1%,7.1%,7.1%,7.1%,7.1%,-,
advanced-players,/nfl/advanced/players/qb/td-rate-vs-zone,TD Rate vs Zone | NFL Advanced Stats,no,4,Brock PurdyB. Purdy,/nfl/player-pages/18209/brock-purdy,San Francisco 49ers,QB,2026,6.9%,6.9%,6.9%,6.9%,6.9%,-,6.9%,
advanced-players,/nfl/advanced/players/qb/td-rate-vs-zone,TD Rate vs Zone | NFL Advanced Stats,no,5,Jaxson DartJ. Dart,/nfl/player-pages/4460/jaxson-dart,New York Giants,QB,2026,6.3%,6.3%,6.3%,6.3%,6.3%,6.3%,-,
advanced-players,/nfl/advanced/players/qb/three-hundred-yard-passing-games,300+ Yard Passing Games | NFL Advanced QB Stats,no,1,Tyler ShoughT. Shough,/nfl/player-pages/2263/tyler-shough,New Orleans Saints,QB,2026,1,1,1,1,1,-,1,
advanced-players,/nfl/advanced/players/qb/three-hundred-yard-passing-games,300+ Yard Passing Games | NFL Advanced QB Stats,no,1,Josh AllenJ. Allen,/nfl/player-pages/13812/josh-allen,Buffalo Bills,QB,2026,1,1,1,1,1,-,1,
advanced-players,/nfl/advanced/players/qb/three-hundred-yard-passing-games,300+ Yard Passing Games | NFL Advanced QB Stats,no,1,Jordan LoveJ. Love,/nfl/player-pages/17322/jordan-love,Green Bay Packers,QB,2026,1,1,1,1,1,-,1,
advanced-players,/nfl/advanced/players/qb/three-hundred-yard-passing-games,300+ Yard Passing Games | NFL Advanced QB Stats,no,1,Bryce YoungB. Young,/nfl/player-pages/21328/bryce-young,Carolina Panthers,QB,2026,1,1,1,1,1,1,-,
advanced-players,/nfl/advanced/players/qb/three-hundred-yard-passing-games,300+ Yard Passing Games | NFL Advanced QB Stats,no,5,Jared GoffJ. Goff,/nfl/player-pages/708/jared-goff,Detroit Lions,QB,2026,0,0,0,0,0,0,-,
advanced-players,/nfl/advanced/players/qb/time-to-throw,Time to Throw | NFL Advanced Stats,no,1,Patrick MahomesP. Mahomes,/nfl/player-pages/7675/patrick-mahomes,Kansas City Chiefs,QB,2026,2.13,2.13,2.13,2.13,2.13,2.13,-,
advanced-players,/nfl/advanced/players/qb/time-to-throw,Time to Throw | NFL Advanced Stats,no,2,Jordan LoveJ. Love,/nfl/player-pages/17322/jordan-love,Green Bay Packers,QB,2026,2.16,2.16,2.16,2.16,2.16,-,2.16,
advanced-players,/nfl/advanced/players/qb/time-to-throw,Time to Throw | NFL Advanced Stats,no,3,Jacoby BrissettJ. Brissett,/nfl/player-pages/10403/jacoby-brissett,Arizona Cardinals,QB,2026,2.20,2.20,2.20,2.20,2.20,-,2.20,
advanced-players,/nfl/advanced/players/qb/time-to-throw,Time to Throw | NFL Advanced Stats,no,4,Jaxson DartJ. Dart,/nfl/player-pages/4460/jaxson-dart,New York Giants,QB,2026,2.21,2.21,2.21,2.21,2.21,2.21,-,
advanced-players,/nfl/advanced/players/qb/time-to-throw,Time to Throw | NFL Advanced Stats,no,5,Jared GoffJ. Goff,/nfl/player-pages/708/jared-goff,Detroit Lions,QB,2026,2.28,2.28,2.28,2.28,2.28,2.28,-,
advanced-players,/nfl/advanced/players/qb/total-passing-yards-vs-man,Total Passing Yards vs Man | NFL Advanced Stats,no,1,Bryce YoungB. Young,/nfl/player-pages/21328/bryce-young,Carolina Panthers,QB,2026,180,180,180,180,180,180,-,
advanced-players,/nfl/advanced/players/qb/total-passing-yards-vs-man,Total Passing Yards vs Man | NFL Advanced Stats,no,2,Patrick MahomesP. Mahomes,/nfl/player-pages/7675/patrick-mahomes,Kansas City Chiefs,QB,2026,145,145,145,145,145,145,-,
advanced-players,/nfl/advanced/players/qb/total-passing-yards-vs-man,Total Passing Yards vs Man | NFL Advanced Stats,no,3,Josh AllenJ. Allen,/nfl/player-pages/13812/josh-allen,Buffalo Bills,QB,2026,142,142,142,142,142,-,142,
advanced-players,/nfl/advanced/players/qb/total-passing-yards-vs-man,Total Passing Yards vs Man | NFL Advanced Stats,no,4,Jacoby BrissettJ. Brissett,/nfl/player-pages/10403/jacoby-brissett,Arizona Cardinals,QB,2026,130,130,130,130,130,-,130,
advanced-players,/nfl/advanced/players/qb/total-passing-yards-vs-man,Total Passing Yards vs Man | NFL Advanced Stats,no,5,Tyler ShoughT. Shough,/nfl/player-pages/2263/tyler-shough,New Orleans Saints,QB,2026,128,128,128,128,128,-,128,
advanced-players,/nfl/advanced/players/qb/total-passing-yards-vs-zone,Total Passing Yards vs Zone | NFL Advanced Stats,no,1,Jordan LoveJ. Love,/nfl/player-pages/17322/jordan-love,Green Bay Packers,QB,2026,364,364,364,364,364,-,364,
advanced-players,/nfl/advanced/players/qb/total-passing-yards-vs-zone,Total Passing Yards vs Zone | NFL Advanced Stats,no,2,Tyler ShoughT. Shough,/nfl/player-pages/2263/tyler-shough,New Orleans Saints,QB,2026,284,284,284,284,284,-,284,
advanced-players,/nfl/advanced/players/qb/total-passing-yards-vs-zone,Total Passing Yards vs Zone | NFL Advanced Stats,no,3,Caleb WilliamsC. Williams,/nfl/player-pages/20241/caleb-williams,Chicago Bears,QB,2026,201,201,201,201,201,-,201,
advanced-players,/nfl/advanced/players/qb/total-passing-yards-vs-zone,Total Passing Yards vs Zone | NFL Advanced Stats,no,4,Jared GoffJ. Goff,/nfl/player-pages/708/jared-goff,Detroit Lions,QB,2026,194,194,194,194,194,194,-,
advanced-players,/nfl/advanced/players/qb/total-passing-yards-vs-zone,Total Passing Yards vs Zone | NFL Advanced Stats,no,5,Josh AllenJ. Allen,/nfl/player-pages/13812/josh-allen,Buffalo Bills,QB,2026,192,192,192,192,192,-,192,
advanced-players,/nfl/advanced/players/qb/zone-coverage-throw-rate,Zone Coverage Throw Rate | NFL Advanced Stats,no,1,Malik WillisM. Willis,/nfl/player-pages/17792/malik-willis,Miami Dolphins,QB,2026,88.9%,88.9%,88.9%,88.9%,88.9%,-,88.9%,
advanced-players,/nfl/advanced/players/qb/zone-coverage-throw-rate,Zone Coverage Throw Rate | NFL Advanced Stats,no,2,Brock PurdyB. Purdy,/nfl/player-pages/18209/brock-purdy,San Francisco 49ers,QB,2026,85.3%,85.3%,85.3%,85.3%,85.3%,-,85.3%,
advanced-players,/nfl/advanced/players/qb/zone-coverage-throw-rate,Zone Coverage Throw Rate | NFL Advanced Stats,no,3,Drake MayeD. Maye,/nfl/player-pages/22076/drake-maye,New England Patriots,QB,2026,84.8%,84.8%,84.8%,84.8%,84.8%,-,84.8%,
advanced-players,/nfl/advanced/players/qb/zone-coverage-throw-rate,Zone Coverage Throw Rate | NFL Advanced Stats,no,4,Jalen HurtsJ. Hurts,/nfl/player-pages/4823/jalen-hurts,Philadelphia Eagles,QB,2026,84.0%,84.0%,84.0%,84.0%,84.0%,84.0%,-,
advanced-players,/nfl/advanced/players/qb/zone-coverage-throw-rate,Zone Coverage Throw Rate | NFL Advanced Stats,no,5,Jared GoffJ. Goff,/nfl/player-pages/708/jared-goff,Detroit Lions,QB,2026,79.5%,79.5%,79.5%,79.5%,79.5%,79.5%,-,
advanced-players,/nfl/advanced/players/rb/breakaway-run-percentage,Breakaway Run Percentage (+15 Yards) | NFL Advanced Stats,no,1,Mike Washington Jr.M. Washington Jr.,/nfl/player-pages/110927/mike-washington-jr,Las Vegas Raiders,RB,2026,14.3%,14.3%,14.3%,14.3%,14.3%,14.3%,-,
advanced-players,/nfl/advanced/players/rb/breakaway-run-percentage,Breakaway Run Percentage (+15 Yards) | NFL Advanced Stats,no,2,J.K. DobbinsJ. Dobbins,/nfl/player-pages/21546/jk-dobbins,Denver Broncos,RB,2026,12.5%,12.5%,12.5%,12.5%,12.5%,-,12.5%,
advanced-players,/nfl/advanced/players/rb/breakaway-run-percentage,Breakaway Run Percentage (+15 Yards) | NFL Advanced Stats,no,3,D'Andre SwiftD. Swift,/nfl/player-pages/3975/dandre-swift,Chicago Bears,RB,2026,11.1%,11.1%,11.1%,11.1%,11.1%,-,11.1%,
advanced-players,/nfl/advanced/players/rb/breakaway-run-percentage,Breakaway Run Percentage (+15 Yards) | NFL Advanced Stats,no,3,Travis EtienneT. Etienne,/nfl/player-pages/16435/travis-etienne,New Orleans Saints,RB,2026,11.1%,11.1%,11.1%,11.1%,11.1%,-,11.1%,
advanced-players,/nfl/advanced/players/rb/breakaway-run-percentage,Breakaway Run Percentage (+15 Yards) | NFL Advanced Stats,no,5,Jonathan TaylorJ. Taylor,/nfl/player-pages/18342/jonathan-taylor,Indianapolis Colts,RB,2026,10.5%,10.5%,10.5%,10.5%,10.5%,10.5%,-,
advanced-players,/nfl/advanced/players/rb/explosive-runs,Explosive Runs (+10 Yards) | NFL Advanced Stats,no,1,Jahmyr GibbsJ. Gibbs,/nfl/player-pages/14931/jahmyr-gibbs,Detroit Lions,RB,2026,7,7,7,7,7,7,-,
advanced-players,/nfl/advanced/players/rb/explosive-runs,Explosive Runs (+10 Yards) | NFL Advanced Stats,no,2,Jonathan TaylorJ. Taylor,/nfl/player-pages/18342/jonathan-taylor,Indianapolis Colts,RB,2026,5,5,5,5,5,5,-,
advanced-players,/nfl/advanced/players/rb/explosive-runs,Explosive Runs (+10 Yards) | NFL Advanced Stats,no,3,Kenneth Walker IIIK. Walker III,/nfl/player-pages/2659/kenneth-walker-iii,Kansas City Chiefs,RB,2026,4,4,4,4,4,4,-,
advanced-players,/nfl/advanced/players/rb/explosive-runs,Explosive Runs (+10 Yards) | NFL Advanced Stats,no,3,Derrick HenryD. Henry,/nfl/player-pages/14874/derrick-henry,Baltimore Ravens,RB,2026,4,4,4,4,4,-,4,
advanced-players,/nfl/advanced/players/rb/explosive-runs,Explosive Runs (+10 Yards) | NFL Advanced Stats,no,5,Bhayshul TutenB. Tuten,/nfl/player-pages/8101/bhayshul-tuten,Jacksonville Jaguars,RB,2026,3,3,3,3,3,3,-,
advanced-players,/nfl/advanced/players/rb/fantasy-points-per-rush-attempt,Fantasy Points Per Rush Attempt | NFL Advanced Stats,no,1,D'Andre SwiftD. Swift,/nfl/player-pages/3975/dandre-swift,Chicago Bears,RB,2026,1.69,1.69,1.69,1.69,1.69,-,1.69,
advanced-players,/nfl/advanced/players/rb/fantasy-points-per-rush-attempt,Fantasy Points Per Rush Attempt | NFL Advanced Stats,no,2,Kyle MonangaiK. Monangai,/nfl/player-pages/5689/kyle-monangai,Chicago Bears,RB,2026,1.60,1.60,1.60,1.60,1.60,-,1.60,
advanced-players,/nfl/advanced/players/rb/fantasy-points-per-rush-attempt,Fantasy Points Per Rush Attempt | NFL Advanced Stats,no,3,Derrick HenryD. Henry,/nfl/player-pages/14874/derrick-henry,Baltimore Ravens,RB,2026,1.35,1.35,1.35,1.35,1.35,-,1.35,
advanced-players,/nfl/advanced/players/rb/fantasy-points-per-rush-attempt,Fantasy Points Per Rush Attempt | NFL Advanced Stats,no,4,Bucky IrvingB. Irving,/nfl/player-pages/17872/bucky-irving,Tampa Bay Buccaneers,RB,2026,1.31,1.31,1.31,1.31,1.31,-,1.31,
advanced-players,/nfl/advanced/players/rb/fantasy-points-per-rush-attempt,Fantasy Points Per Rush Attempt | NFL Advanced Stats,no,5,Jonathan TaylorJ. Taylor,/nfl/player-pages/18342/jonathan-taylor,Indianapolis Colts,RB,2026,1.15,1.15,1.15,1.15,1.15,1.15,-,
advanced-players,/nfl/advanced/players/rb/forced-missed-tackle-rate,Forced Missed Tackle Rate | NFL Advanced Stats,no,1,Kenneth Walker IIIK. Walker III,/nfl/player-pages/2659/kenneth-walker-iii,Kansas City Chiefs,RB,2026,73.9%,73.9%,73.9%,73.9%,73.9%,73.9%,-,
advanced-players,/nfl/advanced/players/rb/forced-missed-tackle-rate,Forced Missed Tackle Rate | NFL Advanced Stats,no,2,Bucky IrvingB. Irving,/nfl/player-pages/17872/bucky-irving,Tampa Bay Buccaneers,RB,2026,62.5%,62.5%,62.5%,62.5%,62.5%,-,62.5%,
advanced-players,/nfl/advanced/players/rb/forced-missed-tackle-rate,Forced Missed Tackle Rate | NFL Advanced Stats,no,3,Jeremiyah LoveJ. Love,/nfl/player-pages/110663/jeremiyah-love,Arizona Cardinals,RB,2026,54.5%,54.5%,54.5%,54.5%,54.5%,-,54.5%,
advanced-players,/nfl/advanced/players/rb/forced-missed-tackle-rate,Forced Missed Tackle Rate | NFL Advanced Stats,no,4,Omarion HamptonO. Hampton,/nfl/player-pages/21175/omarion-hampton,Los Angeles Chargers,RB,2026,50.0%,50.0%,50.0%,50.0%,50.0%,50.0%,-,
advanced-players,/nfl/advanced/players/rb/forced-missed-tackle-rate,Forced Missed Tackle Rate | NFL Advanced Stats,no,4,Christian McCaffreyC. McCaffrey,/nfl/player-pages/23646/christian-mccaffrey,San Francisco 49ers,RB,2026,50.0%,50.0%,50.0%,50.0%,50.0%,-,50.0%,
advanced-players,/nfl/advanced/players/rb/forced-missed-tackles,Forced Missed Tackles | NFL Advanced Stats,no,1,Kenneth Walker IIIK. Walker III,/nfl/player-pages/2659/kenneth-walker-iii,Kansas City Chiefs,RB,2026,17,17,17,17,17,17,-,
advanced-players,/nfl/advanced/players/rb/forced-missed-tackles,Forced Missed Tackles | NFL Advanced Stats,no,2,Jahmyr GibbsJ. Gibbs,/nfl/player-pages/14931/jahmyr-gibbs,Detroit Lions,RB,2026,7,7,7,7,7,7,-,
advanced-players,/nfl/advanced/players/rb/forced-missed-tackles,Forced Missed Tackles | NFL Advanced Stats,no,3,Jeremiyah LoveJ. Love,/nfl/player-pages/110663/jeremiyah-love,Arizona Cardinals,RB,2026,6,6,6,6,6,-,6,
advanced-players,/nfl/advanced/players/rb/forced-missed-tackles,Forced Missed Tackles | NFL Advanced Stats,no,3,Derrick HenryD. Henry,/nfl/player-pages/14874/derrick-henry,Baltimore Ravens,RB,2026,6,6,6,6,6,-,6,
advanced-players,/nfl/advanced/players/rb/forced-missed-tackles,Forced Missed Tackles | NFL Advanced Stats,no,3,Omarion HamptonO. Hampton,/nfl/player-pages/21175/omarion-hampton,Los Angeles Chargers,RB,2026,6,6,6,6,6,6,-,
advanced-players,/nfl/advanced/players/rb/hundred-yard-rushing-games,100+ Yard Rushing Games | NFL Advanced RB Stats,no,1,Kenneth Walker IIIK. Walker III,/nfl/player-pages/2659/kenneth-walker-iii,Kansas City Chiefs,RB,2026,1,1,1,1,1,1,-,
advanced-players,/nfl/advanced/players/rb/hundred-yard-rushing-games,100+ Yard Rushing Games | NFL Advanced RB Stats,no,1,D'Andre SwiftD. Swift,/nfl/player-pages/3975/dandre-swift,Chicago Bears,RB,2026,1,1,1,1,1,-,1,
advanced-players,/nfl/advanced/players/rb/hundred-yard-rushing-games,100+ Yard Rushing Games | NFL Advanced RB Stats,no,1,Kyle MonangaiK. Monangai,/nfl/player-pages/5689/kyle-monangai,Chicago Bears,RB,2026,1,1,1,1,1,-,1,
advanced-players,/nfl/advanced/players/rb/hundred-yard-rushing-games,100+ Yard Rushing Games | NFL Advanced RB Stats,no,1,Derrick HenryD. Henry,/nfl/player-pages/14874/derrick-henry,Baltimore Ravens,RB,2026,1,1,1,1,1,-,1,
advanced-players,/nfl/advanced/players/rb/hundred-yard-rushing-games,100+ Yard Rushing Games | NFL Advanced RB Stats,no,1,Jahmyr GibbsJ. Gibbs,/nfl/player-pages/14931/jahmyr-gibbs,Detroit Lions,RB,2026,1,1,1,1,1,1,-,
advanced-players,/nfl/advanced/players/rb/percent-of-rushing-yards-when-on-field,Percentage of Rush Yards When on Field | NFL Advanced Stats,no,1,Jonathan TaylorJ. Taylor,/nfl/player-pages/18342/jonathan-taylor,Indianapolis Colts,RB,2026,96.1%,96.1%,96.1%,96.1%,96.1%,96.1%,-,
advanced-players,/nfl/advanced/players/rb/percent-of-rushing-yards-when-on-field,Percentage of Rush Yards When on Field | NFL Advanced Stats,no,2,Jahmyr GibbsJ. Gibbs,/nfl/player-pages/14931/jahmyr-gibbs,Detroit Lions,RB,2026,94.5%,94.5%,94.5%,94.5%,94.5%,94.5%,-,
advanced-players,/nfl/advanced/players/rb/percent-of-rushing-yards-when-on-field,Percentage of Rush Yards When on Field | NFL Advanced Stats,no,3,Jaylen WarrenJ. Warren,/nfl/player-pages/6251/jaylen-warren,Pittsburgh Steelers,RB,2026,79.3%,79.3%,79.3%,79.3%,79.3%,79.3%,-,
advanced-players,/nfl/advanced/players/rb/percent-of-rushing-yards-when-on-field,Percentage of Rush Yards When on Field | NFL Advanced Stats,no,4,Kenneth Walker IIIK. Walker III,/nfl/player-pages/2659/kenneth-walker-iii,Kansas City Chiefs,RB,2026,78.6%,78.6%,78.6%,78.6%,78.6%,78.6%,-,
advanced-players,/nfl/advanced/players/rb/percent-of-rushing-yards-when-on-field,Percentage of Rush Yards When on Field | NFL Advanced Stats,no,5,Ashton JeantyA. Jeanty,/nfl/player-pages/20978/ashton-jeanty,Las Vegas Raiders,RB,2026,78.5%,78.5%,78.5%,78.5%,78.5%,78.5%,-,
advanced-players,/nfl/advanced/players/rb/rb-rush-share,RB Rush Share | NFL Advanced Stats,no,1,Jonathan TaylorJ. Taylor,/nfl/player-pages/18342/jonathan-taylor,Indianapolis Colts,RB,2026,100.0%,100.0%,100.0%,100.0%,100.0%,100.0%,-,
advanced-players,/nfl/advanced/players/rb/rb-rush-share,RB Rush Share | NFL Advanced Stats,no,2,Jahmyr GibbsJ. Gibbs,/nfl/player-pages/14931/jahmyr-gibbs,Detroit Lions,RB,2026,93.5%,93.5%,93.5%,93.5%,93.5%,93.5%,-,
advanced-players,/nfl/advanced/players/rb/rb-rush-share,RB Rush Share | NFL Advanced Stats,no,3,Quinshon JudkinsQ. Judkins,/nfl/player-pages/24543/quinshon-judkins,Cleveland Browns,RB,2026,92.3%,92.3%,92.3%,92.3%,92.3%,-,92.3%,
advanced-players,/nfl/advanced/players/rb/rb-rush-share,RB Rush Share | NFL Advanced Stats,no,4,De'Von AchaneD. Achane,/nfl/player-pages/2590/devon-achane,Miami Dolphins,RB,2026,91.7%,91.7%,91.7%,91.7%,91.7%,-,91.7%,
advanced-players,/nfl/advanced/players/rb/rb-rush-share,RB Rush Share | NFL Advanced Stats,no,5,James CookJ. Cook,/nfl/player-pages/11252/james-cook,Buffalo Bills,RB,2026,86.7%,86.7%,86.7%,86.7%,86.7%,-,86.7%,
advanced-players,/nfl/advanced/players/rb/rb-utilization,RB Utilization | NFL Advanced RB Stats,no,1,Jonathan TaylorJ. Taylor,/nfl/player-pages/18342/jonathan-taylor,Indianapolis Colts,RB,2026,95.8%,95.8%,95.8%,95.8%,95.8%,95.8%,-,
advanced-players,/nfl/advanced/players/rb/rb-utilization,RB Utilization | NFL Advanced RB Stats,no,2,De'Von AchaneD. Achane,/nfl/player-pages/2590/devon-achane,Miami Dolphins,RB,2026,94.1%,94.1%,94.1%,94.1%,94.1%,-,94.1%,
advanced-players,/nfl/advanced/players/rb/rb-utilization,RB Utilization | NFL Advanced RB Stats,no,3,Jahmyr GibbsJ. Gibbs,/nfl/player-pages/14931/jahmyr-gibbs,Detroit Lions,RB,2026,91.9%,91.9%,91.9%,91.9%,91.9%,91.9%,-,
advanced-players,/nfl/advanced/players/rb/rb-utilization,RB Utilization | NFL Advanced RB Stats,no,4,James CookJ. Cook,/nfl/player-pages/11252/james-cook,Buffalo Bills,RB,2026,89.5%,89.5%,89.5%,89.5%,89.5%,-,89.5%,
advanced-players,/nfl/advanced/players/rb/rb-utilization,RB Utilization | NFL Advanced RB Stats,no,5,Javonte WilliamsJ. Williams,/nfl/player-pages/11140/javonte-williams,Dallas Cowboys,RB,2026,85.0%,85.0%,85.0%,85.0%,85.0%,-,85.0%,
advanced-players,/nfl/advanced/players/rb/rush-share,Rush Share | NFL Advanced Stats,no,1,Jonathan TaylorJ. Taylor,/nfl/player-pages/18342/jonathan-taylor,Indianapolis Colts,RB,2026,95.0%,95.0%,95.0%,95.0%,95.0%,95.0%,-,
advanced-players,/nfl/advanced/players/rb/rush-share,Rush Share | NFL Advanced Stats,no,2,Jahmyr GibbsJ. Gibbs,/nfl/player-pages/14931/jahmyr-gibbs,Detroit Lions,RB,2026,87.9%,87.9%,87.9%,87.9%,87.9%,87.9%,-,
advanced-players,/nfl/advanced/players/rb/rush-share,Rush Share | NFL Advanced Stats,no,3,Bijan RobinsonB. Robinson,/nfl/player-pages/21178/bijan-robinson,Atlanta Falcons,RB,2026,67.7%,67.7%,67.7%,67.7%,67.7%,-,67.7%,
advanced-players,/nfl/advanced/players/rb/rush-share,Rush Share | NFL Advanced Stats,no,4,Javonte WilliamsJ. Williams,/nfl/player-pages/11140/javonte-williams,Dallas Cowboys,RB,2026,66.7%,66.7%,66.7%,66.7%,66.7%,-,66.7%,
advanced-players,/nfl/advanced/players/rb/rush-share,Rush Share | NFL Advanced Stats,no,5,Derrick HenryD. Henry,/nfl/player-pages/14874/derrick-henry,Baltimore Ravens,RB,2026,64.9%,64.9%,64.9%,64.9%,64.9%,-,64.9%,
advanced-players,/nfl/advanced/players/rb/rushing-efficiency,Rushing Efficiency | NFL Advanced Stats,no,1,Kyle MonangaiK. Monangai,/nfl/player-pages/5689/kyle-monangai,Chicago Bears,RB,2026,2.3,2.3,2.3,2.3,2.3,-,2.3,
advanced-players,/nfl/advanced/players/rb/rushing-efficiency,Rushing Efficiency | NFL Advanced Stats,no,2,Kenneth Walker IIIK. Walker III,/nfl/player-pages/2659/kenneth-walker-iii,Kansas City Chiefs,RB,2026,1.7,1.7,1.7,1.7,1.7,1.7,-,
advanced-players,/nfl/advanced/players/rb/rushing-efficiency,Rushing Efficiency | NFL Advanced Stats,no,3,D'Andre SwiftD. Swift,/nfl/player-pages/3975/dandre-swift,Chicago Bears,RB,2026,1.6,1.6,1.6,1.6,1.6,-,1.6,
advanced-players,/nfl/advanced/players/rb/rushing-efficiency,Rushing Efficiency | NFL Advanced Stats,no,4,Christian McCaffreyC. McCaffrey,/nfl/player-pages/23646/christian-mccaffrey,San Francisco 49ers,RB,2026,1.5,1.5,1.5,1.5,1.5,-,1.5,
advanced-players,/nfl/advanced/players/rb/rushing-efficiency,Rushing Efficiency | NFL Advanced Stats,no,5,Derrick HenryD. Henry,/nfl/player-pages/14874/derrick-henry,Baltimore Ravens,RB,2026,1.4,1.4,1.4,1.4,1.4,-,1.4,
advanced-players,/nfl/advanced/players/rb/rushing-success-rate,Rushing Success Rate | NFL Advanced RB Stats,no,1,Bucky IrvingB. Irving,/nfl/player-pages/17872/bucky-irving,Tampa Bay Buccaneers,RB,2026,62.5%,62.5%,62.5%,62.5%,62.5%,-,62.5%,
advanced-players,/nfl/advanced/players/rb/rushing-success-rate,Rushing Success Rate | NFL Advanced RB Stats,no,2,Chuba HubbardC. Hubbard,/nfl/player-pages/5378/chuba-hubbard,Carolina Panthers,RB,2026,60.0%,60.0%,60.0%,60.0%,60.0%,60.0%,-,
advanced-players,/nfl/advanced/players/rb/rushing-success-rate,Rushing Success Rate | NFL Advanced RB Stats,no,2,Blake CorumB. Corum,/nfl/player-pages/16610/blake-corum,Los Angeles Rams,RB,2026,60.0%,60.0%,60.0%,60.0%,60.0%,60.0%,-,
advanced-players,/nfl/advanced/players/rb/rushing-success-rate,Rushing Success Rate | NFL Advanced RB Stats,no,2,Christian McCaffreyC. McCaffrey,/nfl/player-pages/23646/christian-mccaffrey,San Francisco 49ers,RB,2026,60.0%,60.0%,60.0%,60.0%,60.0%,-,60.0%,
advanced-players,/nfl/advanced/players/rb/rushing-success-rate,Rushing Success Rate | NFL Advanced RB Stats,no,5,Javonte WilliamsJ. Williams,/nfl/player-pages/11140/javonte-williams,Dallas Cowboys,RB,2026,58.3%,58.3%,58.3%,58.3%,58.3%,-,58.3%,
advanced-players,/nfl/advanced/players/rb/stacked-box-rate,Stacked Box Rate | NFL Advanced Stats,no,1,Ashton JeantyA. Jeanty,/nfl/player-pages/20978/ashton-jeanty,Las Vegas Raiders,RB,2026,47.8%,47.8%,47.8%,47.8%,47.8%,47.8%,-,
advanced-players,/nfl/advanced/players/rb/stacked-box-rate,Stacked Box Rate | NFL Advanced Stats,no,2,De'Von AchaneD. Achane,/nfl/player-pages/2590/devon-achane,Miami Dolphins,RB,2026,36.4%,36.4%,36.4%,36.4%,36.4%,-,36.4%,
advanced-players,/nfl/advanced/players/rb/stacked-box-rate,Stacked Box Rate | NFL Advanced Stats,no,3,Kenneth Walker IIIK. Walker III,/nfl/player-pages/2659/kenneth-walker-iii,Kansas City Chiefs,RB,2026,30.4%,30.4%,30.4%,30.4%,30.4%,30.4%,-,
advanced-players,/nfl/advanced/players/rb/stacked-box-rate,Stacked Box Rate | NFL Advanced Stats,no,4,Emmett JohnsonE. Johnson,/nfl/player-pages/110611/emmett-johnson,Kansas City Chiefs,RB,2026,25.0%,25.0%,25.0%,25.0%,25.0%,25.0%,-,
advanced-players,/nfl/advanced/players/rb/stacked-box-rate,Stacked Box Rate | NFL Advanced Stats,no,4,David MontgomeryD. Montgomery,/nfl/player-pages/13191/david-montgomery,Houston Texans,RB,2026,25.0%,25.0%,25.0%,25.0%,25.0%,25.0%,-,
advanced-players,/nfl/advanced/players/rb/stacked-box-yards,Stacked Box Yards | NFL Advanced Stats,no,1,Kenneth Walker IIIK. Walker III,/nfl/player-pages/2659/kenneth-walker-iii,Kansas City Chiefs,RB,2026,78,78,78,78,78,78,-,
advanced-players,/nfl/advanced/players/rb/stacked-box-yards,Stacked Box Yards | NFL Advanced Stats,no,2,Ashton JeantyA. Jeanty,/nfl/player-pages/20978/ashton-jeanty,Las Vegas Raiders,RB,2026,33,33,33,33,33,33,-,
advanced-players,/nfl/advanced/players/rb/stacked-box-yards,Stacked Box Yards | NFL Advanced Stats,no,3,Breece HallB. Hall,/nfl/player-pages/15133/breece-hall,New York Jets,RB,2026,32,32,32,32,32,-,32,
advanced-players,/nfl/advanced/players/rb/stacked-box-yards,Stacked Box Yards | NFL Advanced Stats,no,4,Mike Washington Jr.M. Washington Jr.,/nfl/player-pages/110927/mike-washington-jr,Las Vegas Raiders,RB,2026,18,18,18,18,18,18,-,
advanced-players,/nfl/advanced/players/rb/stacked-box-yards,Stacked Box Yards | NFL Advanced Stats,no,5,De'Von AchaneD. Achane,/nfl/player-pages/2590/devon-achane,Miami Dolphins,RB,2026,13,13,13,13,13,-,13,
advanced-players,/nfl/advanced/players/rb/stacked-box-yards-per-carry,Stacked Box YPC | NFL Advanced Stats,no,1,Mike Washington Jr.M. Washington Jr.,/nfl/player-pages/110927/mike-washington-jr,Las Vegas Raiders,RB,2026,18.0,18.0,18.0,18.0,18.0,18.0,-,
advanced-players,/nfl/advanced/players/rb/stacked-box-yards-per-carry,Stacked Box YPC | NFL Advanced Stats,no,2,Kenneth Walker IIIK. Walker III,/nfl/player-pages/2659/kenneth-walker-iii,Kansas City Chiefs,RB,2026,11.1,11.1,11.1,11.1,11.1,11.1,-,
advanced-players,/nfl/advanced/players/rb/stacked-box-yards-per-carry,Stacked Box YPC | NFL Advanced Stats,no,3,Braelon AllenB. Allen,/nfl/player-pages/8067/braelon-allen,New York Jets,RB,2026,9.0,9.0,9.0,9.0,9.0,-,9.0,
advanced-players,/nfl/advanced/players/rb/stacked-box-yards-per-carry,Stacked Box YPC | NFL Advanced Stats,no,3,James CookJ. Cook,/nfl/player-pages/11252/james-cook,Buffalo Bills,RB,2026,9.0,9.0,9.0,9.0,9.0,-,9.0,
advanced-players,/nfl/advanced/players/rb/stacked-box-yards-per-carry,Stacked Box YPC | NFL Advanced Stats,no,5,Breece HallB. Hall,/nfl/player-pages/15133/breece-hall,New York Jets,RB,2026,6.4,6.4,6.4,6.4,6.4,-,6.4,
advanced-players,/nfl/advanced/players/rb/team-rushing-yards-share,Team Rushing Yards Share | NFL Advanced RB Stats,no,1,Jonathan TaylorJ. Taylor,/nfl/player-pages/18342/jonathan-taylor,Indianapolis Colts,RB,2026,96.1%,96.1%,96.1%,96.1%,96.1%,96.1%,-,
advanced-players,/nfl/advanced/players/rb/team-rushing-yards-share,Team Rushing Yards Share | NFL Advanced RB Stats,no,2,Jahmyr GibbsJ. Gibbs,/nfl/player-pages/14931/jahmyr-gibbs,Detroit Lions,RB,2026,94.5%,94.5%,94.5%,94.5%,94.5%,94.5%,-,
advanced-players,/nfl/advanced/players/rb/team-rushing-yards-share,Team Rushing Yards Share | NFL Advanced RB Stats,no,3,Jaylen WarrenJ. Warren,/nfl/player-pages/6251/jaylen-warren,Pittsburgh Steelers,RB,2026,79.3%,79.3%,79.3%,79.3%,79.3%,79.3%,-,
advanced-players,/nfl/advanced/players/rb/team-rushing-yards-share,Team Rushing Yards Share | NFL Advanced RB Stats,no,4,Kenneth Walker IIIK. Walker III,/nfl/player-pages/2659/kenneth-walker-iii,Kansas City Chiefs,RB,2026,78.6%,78.6%,78.6%,78.6%,78.6%,78.6%,-,
advanced-players,/nfl/advanced/players/rb/team-rushing-yards-share,Team Rushing Yards Share | NFL Advanced RB Stats,no,5,Ashton JeantyA. Jeanty,/nfl/player-pages/20978/ashton-jeanty,Las Vegas Raiders,RB,2026,78.5%,78.5%,78.5%,78.5%,78.5%,78.5%,-,
advanced-players,/nfl/advanced/players/rb/touch-share,Touch Share | NFL Advanced RB Stats,no,1,Bijan RobinsonB. Robinson,/nfl/player-pages/21178/bijan-robinson,Atlanta Falcons,RB,2026,62.0%,62.0%,62.0%,62.0%,62.0%,-,62.0%,
advanced-players,/nfl/advanced/players/rb/touch-share,Touch Share | NFL Advanced RB Stats,no,2,Jahmyr GibbsJ. Gibbs,/nfl/player-pages/14931/jahmyr-gibbs,Detroit Lions,RB,2026,47.2%,47.2%,47.2%,47.2%,47.2%,47.2%,-,
advanced-players,/nfl/advanced/players/rb/touch-share,Touch Share | NFL Advanced RB Stats,no,3,Jonathan TaylorJ. Taylor,/nfl/player-pages/18342/jonathan-taylor,Indianapolis Colts,RB,2026,46.9%,46.9%,46.9%,46.9%,46.9%,46.9%,-,
advanced-players,/nfl/advanced/players/rb/touch-share,Touch Share | NFL Advanced RB Stats,no,4,Kenneth Walker IIIK. Walker III,/nfl/player-pages/2659/kenneth-walker-iii,Kansas City Chiefs,RB,2026,46.0%,46.0%,46.0%,46.0%,46.0%,46.0%,-,
advanced-players,/nfl/advanced/players/rb/touch-share,Touch Share | NFL Advanced RB Stats,no,5,Ashton JeantyA. Jeanty,/nfl/player-pages/20978/ashton-jeanty,Las Vegas Raiders,RB,2026,43.9%,43.9%,43.9%,43.9%,43.9%,43.9%,-,
advanced-players,/nfl/advanced/players/rb/yards-after-contact,Yards After Contact | NFL Advanced Stats,no,1,Kenneth Walker IIIK. Walker III,/nfl/player-pages/2659/kenneth-walker-iii,Kansas City Chiefs,RB,2026,173,173,173,173,173,173,-,
advanced-players,/nfl/advanced/players/rb/yards-after-contact,Yards After Contact | NFL Advanced Stats,no,2,Derrick HenryD. Henry,/nfl/player-pages/14874/derrick-henry,Baltimore Ravens,RB,2026,101,101,101,101,101,-,101,
advanced-players,/nfl/advanced/players/rb/yards-after-contact,Yards After Contact | NFL Advanced Stats,no,3,Saquon BarkleyS. Barkley,/nfl/player-pages/23806/saquon-barkley,Philadelphia Eagles,RB,2026,79,79,79,79,79,79,-,
advanced-players,/nfl/advanced/players/rb/yards-after-contact,Yards After Contact | NFL Advanced Stats,no,4,D'Andre SwiftD. Swift,/nfl/player-pages/3975/dandre-swift,Chicago Bears,RB,2026,69,69,69,69,69,-,69,
advanced-players,/nfl/advanced/players/rb/yards-after-contact,Yards After Contact | NFL Advanced Stats,no,5,Jahmyr GibbsJ. Gibbs,/nfl/player-pages/14931/jahmyr-gibbs,Detroit Lions,RB,2026,63,63,63,63,63,63,-,
advanced-players,/nfl/advanced/players/rb/yards-after-contact-per-carry,Yards After Contact per Carry | NFL Advanced Stats,no,1,Kenneth Walker IIIK. Walker III,/nfl/player-pages/2659/kenneth-walker-iii,Kansas City Chiefs,RB,2026,7.5,7.5,7.5,7.5,7.5,7.5,-,
advanced-players,/nfl/advanced/players/rb/yards-after-contact-per-carry,Yards After Contact per Carry | NFL Advanced Stats,no,2,Kyle MonangaiK. Monangai,/nfl/player-pages/5689/kyle-monangai,Chicago Bears,RB,2026,5.9,5.9,5.9,5.9,5.9,-,5.9,
advanced-players,/nfl/advanced/players/rb/yards-after-contact-per-carry,Yards After Contact per Carry | NFL Advanced Stats,no,3,Saquon BarkleyS. Barkley,/nfl/player-pages/23806/saquon-barkley,Philadelphia Eagles,RB,2026,5.3,5.3,5.3,5.3,5.3,5.3,-,
advanced-players,/nfl/advanced/players/rb/yards-after-contact-per-carry,Yards After Contact per Carry | NFL Advanced Stats,no,4,Derrick HenryD. Henry,/nfl/player-pages/14874/derrick-henry,Baltimore Ravens,RB,2026,4.2,4.2,4.2,4.2,4.2,-,4.2,
advanced-players,/nfl/advanced/players/rb/yards-after-contact-per-carry,Yards After Contact per Carry | NFL Advanced Stats,no,5,J.K. DobbinsJ. Dobbins,/nfl/player-pages/21546/jk-dobbins,Denver Broncos,RB,2026,4.1,4.1,4.1,4.1,4.1,-,4.1,
advanced-players,/nfl/advanced/players/rb/yards-before-contact,Yards Before Contact | NFL Advanced Stats,no,1,Jahmyr GibbsJ. Gibbs,/nfl/player-pages/14931/jahmyr-gibbs,Detroit Lions,RB,2026,93,93,93,93,93,93,-,
advanced-players,/nfl/advanced/players/rb/yards-before-contact,Yards Before Contact | NFL Advanced Stats,no,2,Breece HallB. Hall,/nfl/player-pages/15133/breece-hall,New York Jets,RB,2026,60,60,60,60,60,-,60,
advanced-players,/nfl/advanced/players/rb/yards-before-contact,Yards Before Contact | NFL Advanced Stats,no,3,Jonathan TaylorJ. Taylor,/nfl/player-pages/18342/jonathan-taylor,Indianapolis Colts,RB,2026,58,58,58,58,58,58,-,
advanced-players,/nfl/advanced/players/rb/yards-before-contact,Yards Before Contact | NFL Advanced Stats,no,4,D'Andre SwiftD. Swift,/nfl/player-pages/3975/dandre-swift,Chicago Bears,RB,2026,55,55,55,55,55,-,55,
advanced-players,/nfl/advanced/players/rb/yards-before-contact,Yards Before Contact | NFL Advanced Stats,no,5,Ashton JeantyA. Jeanty,/nfl/player-pages/20978/ashton-jeanty,Las Vegas Raiders,RB,2026,52,52,52,52,52,52,-,
advanced-players,/nfl/advanced/players/rb/yards-before-contact-per-carry,Yards Before Contact per Carry | NFL Advanced Stats,no,1,Mike Washington Jr.M. Washington Jr.,/nfl/player-pages/110927/mike-washington-jr,Las Vegas Raiders,RB,2026,4.3,4.3,4.3,4.3,4.3,4.3,-,
advanced-players,/nfl/advanced/players/rb/yards-before-contact-per-carry,Yards Before Contact per Carry | NFL Advanced Stats,no,2,Chuba HubbardC. Hubbard,/nfl/player-pages/5378/chuba-hubbard,Carolina Panthers,RB,2026,4.1,4.1,4.1,4.1,4.1,4.1,-,
advanced-players,/nfl/advanced/players/rb/yards-before-contact-per-carry,Yards Before Contact per Carry | NFL Advanced Stats,no,2,Kyle MonangaiK. Monangai,/nfl/player-pages/5689/kyle-monangai,Chicago Bears,RB,2026,4.1,4.1,4.1,4.1,4.1,-,4.1,
advanced-players,/nfl/advanced/players/rb/yards-before-contact-per-carry,Yards Before Contact per Carry | NFL Advanced Stats,no,4,Jadarian PriceJ. Price,/nfl/player-pages/110781/jadarian-price,Seattle Seahawks,RB,2026,3.3,3.3,3.3,3.3,3.3,3.3,-,
advanced-players,/nfl/advanced/players/rb/yards-before-contact-per-carry,Yards Before Contact per Carry | NFL Advanced Stats,no,5,Jahmyr GibbsJ. Gibbs,/nfl/player-pages/14931/jahmyr-gibbs,Detroit Lions,RB,2026,3.2,3.2,3.2,3.2,3.2,3.2,-,
advanced-players,/nfl/advanced/players/receiving/air-yards,Air Yards | NFL Advanced Stats,yes,1,Chris OlaveC. Olave,/nfl/player-pages/4973/chris-olave,New Orleans Saints,WR,2026,234,234,234,234,234,-,234,
advanced-players,/nfl/advanced/players/receiving/air-yards,Air Yards | NFL Advanced Stats,yes,2,DK MetcalfD. Metcalf,/nfl/player-pages/21550/dk-metcalf,Pittsburgh Steelers,WR,2026,204,204,204,204,204,204,-,
advanced-players,/nfl/advanced/players/receiving/air-yards,Air Yards | NFL Advanced Stats,yes,3,DJ MooreD. Moore,/nfl/player-pages/14010/dj-moore,Buffalo Bills,WR,2026,158,158,158,158,158,-,158,
advanced-players,/nfl/advanced/players/receiving/air-yards,Air Yards | NFL Advanced Stats,yes,4,Matthew GoldenM. Golden,/nfl/player-pages/1620/matthew-golden,Green Bay Packers,WR,2026,137,137,137,137,137,-,137,
advanced-players,/nfl/advanced/players/receiving/air-yards,Air Yards | NFL Advanced Stats,yes,5,Malik WashingtonM. Washington,/nfl/player-pages/14482/malik-washington,Miami Dolphins,WR,2026,135,135,135,135,135,-,135,
advanced-players,/nfl/advanced/players/receiving/air-yards,Air Yards | NFL Advanced Stats,yes,6,Christian WatsonC. Watson,/nfl/player-pages/19237/christian-watson,Green Bay Packers,WR,2026,127,127,127,127,127,-,127,
advanced-players,/nfl/advanced/players/receiving/air-yards,Air Yards | NFL Advanced Stats,yes,6,Jameson WilliamsJ. Williams,/nfl/player-pages/20116/jameson-williams,Detroit Lions,WR,2026,127,127,127,127,127,127,-,
advanced-players,/nfl/advanced/players/receiving/air-yards,Air Yards | NFL Advanced Stats,yes,8,Roman WilsonR. Wilson,/nfl/player-pages/5609/roman-wilson,Pittsburgh Steelers,WR,2026,126,126,126,126,126,126,-,
advanced-players,/nfl/advanced/players/receiving/air-yards,Air Yards | NFL Advanced Stats,yes,9,Jalen CokerJ. Coker,/nfl/player-pages/9884/jalen-coker,Carolina Panthers,WR,2026,124,124,124,124,124,124,-,
advanced-players,/nfl/advanced/players/receiving/air-yards,Air Yards | NFL Advanced Stats,yes,10,Nico CollinsN. Collins,/nfl/player-pages/14167/nico-collins,Houston Texans,WR,2026,120,120,120,120,120,120,-,
advanced-players,/nfl/advanced/players/receiving/air-yards,Air Yards | NFL Advanced Stats,yes,11,Tetairoa McMillanT. McMillan,/nfl/player-pages/5263/tetairoa-mcmillan,Carolina Panthers,WR,2026,119,119,119,119,119,119,-,
advanced-players,/nfl/advanced/players/receiving/air-yards,Air Yards | NFL Advanced Stats,yes,12,Tee HigginsT. Higgins,/nfl/player-pages/16731/tee-higgins,Cincinnati Bengals,WR,2026,117,117,117,117,117,117,-,
advanced-players,/nfl/advanced/players/receiving/air-yards,Air Yards | NFL Advanced Stats,yes,13,Puka NacuaP. Nacua,/nfl/player-pages/14907/puka-nacua,Los Angeles Rams,WR,2026,115,115,115,115,115,115,-,
advanced-players,/nfl/advanced/players/receiving/air-yards,Air Yards | NFL Advanced Stats,yes,14,Denzel BostonD. Boston,/nfl/player-pages/110385/denzel-boston,Cleveland Browns,WR,2026,114,114,114,114,114,-,114,
advanced-players,/nfl/advanced/players/receiving/air-yards,Air Yards | NFL Advanced Stats,yes,15,George PickensG. Pickens,/nfl/player-pages/23440/george-pickens,Dallas Cowboys,WR,2026,104,104,104,104,104,-,104,
advanced-players,/nfl/advanced/players/receiving/air-yards,Air Yards | NFL Advanced Stats,yes,16,Alec PierceA. Pierce,/nfl/player-pages/3892/alec-pierce,Indianapolis Colts,WR,2026,103,103,103,103,103,103,-,
advanced-players,/nfl/advanced/players/receiving/air-yards,Air Yards | NFL Advanced Stats,yes,16,Malik NabersM. Nabers,/nfl/player-pages/11088/malik-nabers,New York Giants,WR,2026,103,103,103,103,103,103,-,
advanced-players,/nfl/advanced/players/receiving/air-yards,Air Yards | NFL Advanced Stats,yes,18,Parker WashingtonP. Washington,/nfl/player-pages/19762/parker-washington,Jacksonville Jaguars,WR,2026,102,102,102,102,102,102,-,
advanced-players,/nfl/advanced/players/receiving/air-yards,Air Yards | NFL Advanced Stats,yes,19,Dalton KincaidD. Kincaid,/nfl/player-pages/6537/dalton-kincaid,Buffalo Bills,TE,2026,98,98,98,98,98,-,98,
advanced-players,/nfl/advanced/players/receiving/air-yards,Air Yards | NFL Advanced Stats,yes,20,Ladd McConkeyL. McConkey,/nfl/player-pages/3282/ladd-mcconkey,Los Angeles Chargers,WR,2026,97,97,97,97,97,97,-,
advanced-players,/nfl/advanced/players/receiving/air-yards,Air Yards | NFL Advanced Stats,yes,20,Caleb DouglasC. Douglas,/nfl/player-pages/110482/caleb-douglas,Miami Dolphins,WR,2026,97,97,97,97,97,-,97,
advanced-players,/nfl/advanced/players/receiving/air-yards,Air Yards | NFL Advanced Stats,yes,22,Zay FlowersZ. Flowers,/nfl/player-pages/14489/zay-flowers,Baltimore Ravens,WR,2026,91,91,91,91,91,-,91,
advanced-players,/nfl/advanced/players/receiving/air-yards,Air Yards | NFL Advanced Stats,yes,23,CeeDee LambC. Lamb,/nfl/player-pages/731/ceedee-lamb,Dallas Cowboys,WR,2026,90,90,90,90,90,-,90,
advanced-players,/nfl/advanced/players/receiving/air-yards,Air Yards | NFL Advanced Stats,yes,23,Rome OdunzeR. Odunze,/nfl/player-pages/8836/rome-odunze,Chicago Bears,WR,2026,90,90,90,90,90,-,90,
advanced-players,/nfl/advanced/players/receiving/air-yards,Air Yards | NFL Advanced Stats,yes,25,Trey McBrideT. McBride,/nfl/player-pages/20178/trey-mcbride,Arizona Cardinals,TE,2026,89,89,89,89,89,-,89,
advanced-players,/nfl/advanced/players/receiving/air-yards-per-route-run,Air Yards per Route Run | NFL Advanced Stats,no,1,Zay FlowersZ. Flowers,/nfl/player-pages/14489/zay-flowers,Baltimore Ravens,WR,2026,9.1,9.1,9.1,9.1,9.1,-,9.1,
advanced-players,/nfl/advanced/players/receiving/air-yards-per-route-run,Air Yards per Route Run | NFL Advanced Stats,no,2,Ladd McConkeyL. McConkey,/nfl/player-pages/3282/ladd-mcconkey,Los Angeles Chargers,WR,2026,7.5,7.5,7.5,7.5,7.5,7.5,-,
advanced-players,/nfl/advanced/players/receiving/air-yards-per-route-run,Air Yards per Route Run | NFL Advanced Stats,no,3,Parker WashingtonP. Washington,/nfl/player-pages/19762/parker-washington,Jacksonville Jaguars,WR,2026,6.8,6.8,6.8,6.8,6.8,6.8,-,
advanced-players,/nfl/advanced/players/receiving/air-yards-per-route-run,Air Yards per Route Run | NFL Advanced Stats,no,4,DJ MooreD. Moore,/nfl/player-pages/14010/dj-moore,Buffalo Bills,WR,2026,6.3,6.3,6.3,6.3,6.3,-,6.3,
advanced-players,/nfl/advanced/players/receiving/air-yards-per-route-run,Air Yards per Route Run | NFL Advanced Stats,no,5,Puka NacuaP. Nacua,/nfl/player-pages/14907/puka-nacua,Los Angeles Rams,WR,2026,6.1,6.1,6.1,6.1,6.1,6.1,-,
advanced-players,/nfl/advanced/players/receiving/air-yards-percentage,Air Yards Percentage | NFL Advanced Stats,yes,1,Jahan DotsonJ. Dotson,/nfl/player-pages/11353/jahan-dotson,Atlanta Falcons,WR,2026,69.3%,69.3%,69.3%,69.3%,69.3%,-,69.3%,
advanced-players,/nfl/advanced/players/receiving/air-yards-percentage,Air Yards Percentage | NFL Advanced Stats,yes,2,Emeka EgbukaE. Egbuka,/nfl/player-pages/3775/emeka-egbuka,Tampa Bay Buccaneers,WR,2026,63.6%,63.6%,63.6%,63.6%,63.6%,-,63.6%,
advanced-players,/nfl/advanced/players/receiving/air-yards-percentage,Air Yards Percentage | NFL Advanced Stats,yes,3,Jameson WilliamsJ. Williams,/nfl/player-pages/20116/jameson-williams,Detroit Lions,WR,2026,61.4%,61.4%,61.4%,61.4%,61.4%,61.4%,-,
advanced-players,/nfl/advanced/players/receiving/air-yards-percentage,Air Yards Percentage | NFL Advanced Stats,yes,4,Alec PierceA. Pierce,/nfl/player-pages/3892/alec-pierce,Indianapolis Colts,WR,2026,54.5%,54.5%,54.5%,54.5%,54.5%,54.5%,-,
advanced-players,/nfl/advanced/players/receiving/air-yards-percentage,Air Yards Percentage | NFL Advanced Stats,yes,5,DK MetcalfD. Metcalf,/nfl/player-pages/21550/dk-metcalf,Pittsburgh Steelers,WR,2026,52.6%,52.6%,52.6%,52.6%,52.6%,52.6%,-,
advanced-players,/nfl/advanced/players/receiving/air-yards-percentage,Air Yards Percentage | NFL Advanced Stats,yes,6,Tee HigginsT. Higgins,/nfl/player-pages/16731/tee-higgins,Cincinnati Bengals,WR,2026,51.8%,51.8%,51.8%,51.8%,51.8%,51.8%,-,
advanced-players,/nfl/advanced/players/receiving/air-yards-percentage,Air Yards Percentage | NFL Advanced Stats,yes,7,Chris OlaveC. Olave,/nfl/player-pages/4973/chris-olave,New Orleans Saints,WR,2026,50.3%,50.3%,50.3%,50.3%,50.3%,-,50.3%,
advanced-players,/nfl/advanced/players/receiving/air-yards-percentage,Air Yards Percentage | NFL Advanced Stats,yes,8,Denzel BostonD. Boston,/nfl/player-pages/110385/denzel-boston,Cleveland Browns,WR,2026,50.0%,50.0%,50.0%,50.0%,50.0%,-,50.0%,
advanced-players,/nfl/advanced/players/receiving/air-yards-percentage,Air Yards Percentage | NFL Advanced Stats,yes,9,Garrett WilsonG. Wilson,/nfl/player-pages/1670/garrett-wilson,New York Jets,WR,2026,49.4%,49.4%,49.4%,49.4%,49.4%,-,49.4%,
advanced-players,/nfl/advanced/players/receiving/air-yards-percentage,Air Yards Percentage | NFL Advanced Stats,yes,10,Jaxon Smith-NjigbaJ. Smith-Njigba,/nfl/player-pages/2999/jaxon-smith-njigba,Seattle Seahawks,WR,2026,49.4%,49.4%,49.4%,49.4%,49.4%,49.4%,-,
advanced-players,/nfl/advanced/players/receiving/air-yards-percentage,Air Yards Percentage | NFL Advanced Stats,yes,11,Justin JeffersonJ. Jefferson,/nfl/player-pages/21285/justin-jefferson,Minnesota Vikings,WR,2026,46.5%,46.5%,46.5%,46.5%,46.5%,46.5%,-,
advanced-players,/nfl/advanced/players/receiving/air-yards-percentage,Air Yards Percentage | NFL Advanced Stats,yes,12,Parker WashingtonP. Washington,/nfl/player-pages/19762/parker-washington,Jacksonville Jaguars,WR,2026,46.4%,46.4%,46.4%,46.4%,46.4%,46.4%,-,
advanced-players,/nfl/advanced/players/receiving/air-yards-percentage,Air Yards Percentage | NFL Advanced Stats,yes,13,Puka NacuaP. Nacua,/nfl/player-pages/14907/puka-nacua,Los Angeles Rams,WR,2026,44.4%,44.4%,44.4%,44.4%,44.4%,44.4%,-,
advanced-players,/nfl/advanced/players/receiving/air-yards-percentage,Air Yards Percentage | NFL Advanced Stats,yes,14,DJ MooreD. Moore,/nfl/player-pages/14010/dj-moore,Buffalo Bills,WR,2026,44.0%,44.0%,44.0%,44.0%,44.0%,-,44.0%,
advanced-players,/nfl/advanced/players/receiving/air-yards-percentage,Air Yards Percentage | NFL Advanced Stats,yes,15,Malik WashingtonM. Washington,/nfl/player-pages/14482/malik-washington,Miami Dolphins,WR,2026,43.7%,43.7%,43.7%,43.7%,43.7%,-,43.7%,
advanced-players,/nfl/advanced/players/receiving/air-yards-percentage,Air Yards Percentage | NFL Advanced Stats,yes,16,George PickensG. Pickens,/nfl/player-pages/23440/george-pickens,Dallas Cowboys,WR,2026,43.0%,43.0%,43.0%,43.0%,43.0%,-,43.0%,
advanced-players,/nfl/advanced/players/receiving/air-yards-percentage,Air Yards Percentage | NFL Advanced Stats,yes,17,Malik NabersM. Nabers,/nfl/player-pages/11088/malik-nabers,New York Giants,WR,2026,42.0%,42.0%,42.0%,42.0%,42.0%,42.0%,-,
advanced-players,/nfl/advanced/players/receiving/air-yards-percentage,Air Yards Percentage | NFL Advanced Stats,yes,18,Carnell TateC. Tate,/nfl/player-pages/110882/carnell-tate,Tennessee Titans,WR,2026,40.9%,40.9%,40.9%,40.9%,40.9%,40.9%,-,
advanced-players,/nfl/advanced/players/receiving/air-yards-percentage,Air Yards Percentage | NFL Advanced Stats,yes,19,Nico CollinsN. Collins,/nfl/player-pages/14167/nico-collins,Houston Texans,WR,2026,40.7%,40.7%,40.7%,40.7%,40.7%,40.7%,-,
advanced-players,/nfl/advanced/players/receiving/air-yards-percentage,Air Yards Percentage | NFL Advanced Stats,yes,20,Courtland SuttonC. Sutton,/nfl/player-pages/21742/courtland-sutton,Denver Broncos,WR,2026,38.5%,38.5%,38.5%,38.5%,38.5%,-,38.5%,
advanced-players,/nfl/advanced/players/receiving/air-yards-percentage,Air Yards Percentage | NFL Advanced Stats,yes,21,Adonai MitchellA. Mitchell,/nfl/player-pages/12021/adonai-mitchell,New York Jets,WR,2026,37.8%,37.8%,37.8%,37.8%,37.8%,-,37.8%,
advanced-players,/nfl/advanced/players/receiving/air-yards-percentage,Air Yards Percentage | NFL Advanced Stats,yes,22,CeeDee LambC. Lamb,/nfl/player-pages/731/ceedee-lamb,Dallas Cowboys,WR,2026,37.2%,37.2%,37.2%,37.2%,37.2%,-,37.2%,
advanced-players,/nfl/advanced/players/receiving/air-yards-percentage,Air Yards Percentage | NFL Advanced Stats,yes,23,Mike EvansM. Evans,/nfl/player-pages/6348/mike-evans,San Francisco 49ers,WR,2026,36.9%,36.9%,36.9%,36.9%,36.9%,-,36.9%,
advanced-players,/nfl/advanced/players/receiving/air-yards-percentage,Air Yards Percentage | NFL Advanced Stats,yes,24,Jalen CokerJ. Coker,/nfl/player-pages/9884/jalen-coker,Carolina Panthers,WR,2026,36.9%,36.9%,36.9%,36.9%,36.9%,36.9%,-,
advanced-players,/nfl/advanced/players/receiving/air-yards-percentage,Air Yards Percentage | NFL Advanced Stats,yes,25,DeVonta SmithD. Smith,/nfl/player-pages/4432/devonta-smith,Philadelphia Eagles,WR,2026,36.7%,36.7%,36.7%,36.7%,36.7%,36.7%,-,
advanced-players,/nfl/advanced/players/receiving/average-cushion,Average Cushion | NFL Advanced Stats,no,1,Dallas GoedertD. Goedert,/nfl/player-pages/19922/dallas-goedert,Philadelphia Eagles,TE,2026,10.6,10.6,10.6,10.6,10.6,10.6,-,
advanced-players,/nfl/advanced/players/receiving/average-cushion,Average Cushion | NFL Advanced Stats,no,2,Jayden ReedJ. Reed,/nfl/player-pages/4414/jayden-reed,Green Bay Packers,WR,2026,9.1,9.1,9.1,9.1,9.1,-,9.1,
advanced-players,/nfl/advanced/players/receiving/average-cushion,Average Cushion | NFL Advanced Stats,no,3,Christian WatsonC. Watson,/nfl/player-pages/19237/christian-watson,Green Bay Packers,WR,2026,9.0,9.0,9.0,9.0,9.0,-,9.0,
advanced-players,/nfl/advanced/players/receiving/average-cushion,Average Cushion | NFL Advanced Stats,no,3,Jonnu SmithJ. Smith,/nfl/player-pages/23474/jonnu-smith,Green Bay Packers,TE,2026,9.0,9.0,9.0,9.0,9.0,-,9.0,
advanced-players,/nfl/advanced/players/receiving/average-cushion,Average Cushion | NFL Advanced Stats,no,5,Rome OdunzeR. Odunze,/nfl/player-pages/8836/rome-odunze,Chicago Bears,WR,2026,8.3,8.3,8.3,8.3,8.3,-,8.3,
advanced-players,/nfl/advanced/players/receiving/average-depth-of-target,Average Depth of Target | NFL Advanced Stats,no,1,Chris MooreC. Moore,/nfl/player-pages/3536/chris-moore,Baltimore Ravens,WR,2026,34.0,34.0,34.0,34.0,34.0,-,34.0,
advanced-players,/nfl/advanced/players/receiving/average-depth-of-target,Average Depth of Target | NFL Advanced Stats,no,2,Dyami BrownD. Brown,/nfl/player-pages/10849/dyami-brown,Washington Commanders,WR,2026,32.0,32.0,32.0,32.0,32.0,-,32.0,
advanced-players,/nfl/advanced/players/receiving/average-depth-of-target,Average Depth of Target | NFL Advanced Stats,no,3,Josh PalmerJ. Palmer,/nfl/player-pages/24050/josh-palmer,Buffalo Bills,WR,2026,31.0,31.0,31.0,31.0,31.0,-,31.0,
advanced-players,/nfl/advanced/players/receiving/average-depth-of-target,Average Depth of Target | NFL Advanced Stats,no,4,Rome OdunzeR. Odunze,/nfl/player-pages/8836/rome-odunze,Chicago Bears,WR,2026,30.0,30.0,30.0,30.0,30.0,-,30.0,
advanced-players,/nfl/advanced/players/receiving/average-depth-of-target,Average Depth of Target | NFL Advanced Stats,no,5,Denzel BostonD. Boston,/nfl/player-pages/110385/denzel-boston,Cleveland Browns,WR,2026,28.5,28.5,28.5,28.5,28.5,-,28.5,
advanced-players,/nfl/advanced/players/receiving/catchable-air-yards,Catchable Air Yards | NFL Advanced Stats,no,1,Chris OlaveC. Olave,/nfl/player-pages/4973/chris-olave,New Orleans Saints,WR,2026,192,192,192,192,192,-,192,
advanced-players,/nfl/advanced/players/receiving/catchable-air-yards,Catchable Air Yards | NFL Advanced Stats,no,2,Jameson WilliamsJ. Williams,/nfl/player-pages/20116/jameson-williams,Detroit Lions,WR,2026,111,111,111,111,111,111,-,
advanced-players,/nfl/advanced/players/receiving/catchable-air-yards,Catchable Air Yards | NFL Advanced Stats,no,3,Jalen CokerJ. Coker,/nfl/player-pages/9884/jalen-coker,Carolina Panthers,WR,2026,102,102,102,102,102,102,-,
advanced-players,/nfl/advanced/players/receiving/catchable-air-yards,Catchable Air Yards | NFL Advanced Stats,no,4,Dalton KincaidD. Kincaid,/nfl/player-pages/6537/dalton-kincaid,Buffalo Bills,TE,2026,92,92,92,92,92,-,92,
advanced-players,/nfl/advanced/players/receiving/catchable-air-yards,Catchable Air Yards | NFL Advanced Stats,no,5,Ladd McConkeyL. McConkey,/nfl/player-pages/3282/ladd-mcconkey,Los Angeles Chargers,WR,2026,87,87,87,87,87,87,-,
advanced-players,/nfl/advanced/players/receiving/catchable-air-yards-rate,Catchable Air Yards Rate | NFL Advanced Stats,no,1,Darnell MooneyD. Mooney,/nfl/player-pages/950/darnell-mooney,New York Giants,WR,2026,100.0%,100.0%,100.0%,100.0%,100.0%,100.0%,-,
advanced-players,/nfl/advanced/players/receiving/catchable-air-yards-rate,Catchable Air Yards Rate | NFL Advanced Stats,no,1,Garrett WilsonG. Wilson,/nfl/player-pages/1670/garrett-wilson,New York Jets,WR,2026,100.0%,100.0%,100.0%,100.0%,100.0%,-,100.0%,
advanced-players,/nfl/advanced/players/receiving/catchable-air-yards-rate,Catchable Air Yards Rate | NFL Advanced Stats,no,1,Ryan FlournoyR. Flournoy,/nfl/player-pages/2261/ryan-flournoy,Dallas Cowboys,WR,2026,100.0%,100.0%,100.0%,100.0%,100.0%,-,100.0%,
advanced-players,/nfl/advanced/players/receiving/catchable-air-yards-rate,Catchable Air Yards Rate | NFL Advanced Stats,no,1,Pat FreiermuthP. Freiermuth,/nfl/player-pages/2422/pat-freiermuth,Pittsburgh Steelers,TE,2026,100.0%,100.0%,100.0%,100.0%,100.0%,100.0%,-,
advanced-players,/nfl/advanced/players/receiving/catchable-air-yards-rate,Catchable Air Yards Rate | NFL Advanced Stats,no,1,Brenton StrangeB. Strange,/nfl/player-pages/3328/brenton-strange,Jacksonville Jaguars,TE,2026,100.0%,100.0%,100.0%,100.0%,100.0%,100.0%,-,
advanced-players,/nfl/advanced/players/receiving/catchable-target-rate,Catchable Target Rate | NFL Advanced Stats,no,1,Darnell MooneyD. Mooney,/nfl/player-pages/950/darnell-mooney,New York Giants,WR,2026,100.0%,100.0%,100.0%,100.0%,100.0%,100.0%,-,
advanced-players,/nfl/advanced/players/receiving/catchable-target-rate,Catchable Target Rate | NFL Advanced Stats,no,1,Emmett JohnsonE. Johnson,/nfl/player-pages/110611/emmett-johnson,Kansas City Chiefs,RB,2026,100.0%,100.0%,100.0%,100.0%,100.0%,100.0%,-,
advanced-players,/nfl/advanced/players/receiving/catchable-target-rate,Catchable Target Rate | NFL Advanced Stats,no,1,Garrett WilsonG. Wilson,/nfl/player-pages/1670/garrett-wilson,New York Jets,WR,2026,100.0%,100.0%,100.0%,100.0%,100.0%,-,100.0%,
advanced-players,/nfl/advanced/players/receiving/catchable-target-rate,Catchable Target Rate | NFL Advanced Stats,no,1,Ryan FlournoyR. Flournoy,/nfl/player-pages/2261/ryan-flournoy,Dallas Cowboys,WR,2026,100.0%,100.0%,100.0%,100.0%,100.0%,-,100.0%,
advanced-players,/nfl/advanced/players/receiving/catchable-target-rate,Catchable Target Rate | NFL Advanced Stats,no,1,Pat FreiermuthP. Freiermuth,/nfl/player-pages/2422/pat-freiermuth,Pittsburgh Steelers,TE,2026,100.0%,100.0%,100.0%,100.0%,100.0%,100.0%,-,
advanced-players,/nfl/advanced/players/receiving/catchable-targets,Catchable Targets | NFL Advanced Stats,no,1,Chris OlaveC. Olave,/nfl/player-pages/4973/chris-olave,New Orleans Saints,WR,2026,12,12,12,12,12,-,12,
advanced-players,/nfl/advanced/players/receiving/catchable-targets,Catchable Targets | NFL Advanced Stats,no,2,Amon-Ra St. BrownA. St. Brown,/nfl/player-pages/12451/amon-ra-st-brown,Detroit Lions,WR,2026,11,11,11,11,11,11,-,
advanced-players,/nfl/advanced/players/receiving/catchable-targets,Catchable Targets | NFL Advanced Stats,no,2,Trey McBrideT. McBride,/nfl/player-pages/20178/trey-mcbride,Arizona Cardinals,TE,2026,11,11,11,11,11,-,11,
advanced-players,/nfl/advanced/players/receiving/catchable-targets,Catchable Targets | NFL Advanced Stats,no,4,Kalif RaymondK. Raymond,/nfl/player-pages/7394/kalif-raymond,Chicago Bears,WR,2026,9,9,9,9,9,-,9,
advanced-players,/nfl/advanced/players/receiving/catchable-targets,Catchable Targets | NFL Advanced Stats,no,4,Justin JeffersonJ. Jefferson,/nfl/player-pages/21285/justin-jefferson,Minnesota Vikings,WR,2026,9,9,9,9,9,9,-,
advanced-players,/nfl/advanced/players/receiving/contested-catch-rate,Contested Catch Rate | NFL Advanced Stats,no,1,CeeDee LambC. Lamb,/nfl/player-pages/731/ceedee-lamb,Dallas Cowboys,WR,2026,100.0%,100.0%,100.0%,100.0%,100.0%,-,100.0%,
advanced-players,/nfl/advanced/players/receiving/contested-catch-rate,Contested Catch Rate | NFL Advanced Stats,no,1,Mack HollinsM. Hollins,/nfl/player-pages/1147/mack-hollins,New England Patriots,WR,2026,100.0%,100.0%,100.0%,100.0%,100.0%,-,100.0%,
advanced-players,/nfl/advanced/players/receiving/contested-catch-rate,Contested Catch Rate | NFL Advanced Stats,no,1,Garrett WilsonG. Wilson,/nfl/player-pages/1670/garrett-wilson,New York Jets,WR,2026,100.0%,100.0%,100.0%,100.0%,100.0%,-,100.0%,
advanced-players,/nfl/advanced/players/receiving/contested-catch-rate,Contested Catch Rate | NFL Advanced Stats,no,1,Gunnar HelmG. Helm,/nfl/player-pages/2502/gunnar-helm,Tennessee Titans,TE,2026,100.0%,100.0%,100.0%,100.0%,100.0%,100.0%,-,
advanced-players,/nfl/advanced/players/receiving/contested-catch-rate,Contested Catch Rate | NFL Advanced Stats,no,1,De'Von AchaneD. Achane,/nfl/player-pages/2590/devon-achane,Miami Dolphins,RB,2026,100.0%,100.0%,100.0%,100.0%,100.0%,-,100.0%,
advanced-players,/nfl/advanced/players/receiving/cover-0-rate,Cover 0 Rate | NFL Advanced Stats,no,1,Antonio WilliamsA. Williams,/nfl/player-pages/110939/antonio-williams,Washington Commanders,WR,2026,20.0%,20.0%,20.0%,20.0%,20.0%,-,20.0%,
advanced-players,/nfl/advanced/players/receiving/cover-0-rate,Cover 0 Rate | NFL Advanced Stats,no,2,Ja'Kobi LaneJ. Lane,/nfl/player-pages/110650/jakobi-lane,Baltimore Ravens,WR,2026,15.4%,15.4%,15.4%,15.4%,15.4%,-,15.4%,
advanced-players,/nfl/advanced/players/receiving/cover-0-rate,Cover 0 Rate | NFL Advanced Stats,no,3,Mark AndrewsM. Andrews,/nfl/player-pages/17753/mark-andrews,Baltimore Ravens,TE,2026,15.0%,15.0%,15.0%,15.0%,15.0%,-,15.0%,
advanced-players,/nfl/advanced/players/receiving/cover-0-rate,Cover 0 Rate | NFL Advanced Stats,no,4,John BatesJ. Bates,/nfl/player-pages/2419/john-bates,Washington Commanders,TE,2026,12.5%,12.5%,12.5%,12.5%,12.5%,-,12.5%,
advanced-players,/nfl/advanced/players/receiving/cover-0-rate,Cover 0 Rate | NFL Advanced Stats,no,4,Troy FranklinT. Franklin,/nfl/player-pages/8445/troy-franklin,Denver Broncos,WR,2026,12.5%,12.5%,12.5%,12.5%,12.5%,-,12.5%,
advanced-players,/nfl/advanced/players/receiving/cover-1-rate,Cover 1 Rate | NFL Advanced Stats,no,1,Kenneth Walker IIIK. Walker III,/nfl/player-pages/2659/kenneth-walker-iii,Kansas City Chiefs,RB,2026,66.7%,66.7%,66.7%,66.7%,66.7%,66.7%,-,
advanced-players,/nfl/advanced/players/receiving/cover-1-rate,Cover 1 Rate | NFL Advanced Stats,no,2,LaJohntay WesterL. Wester,/nfl/player-pages/12870/lajohntay-wester,Baltimore Ravens,WR,2026,63.6%,63.6%,63.6%,63.6%,63.6%,-,63.6%,
advanced-players,/nfl/advanced/players/receiving/cover-1-rate,Cover 1 Rate | NFL Advanced Stats,no,3,Tyquan ThorntonT. Thornton,/nfl/player-pages/2708/tyquan-thornton,Kansas City Chiefs,WR,2026,61.1%,61.1%,61.1%,61.1%,61.1%,61.1%,-,
advanced-players,/nfl/advanced/players/receiving/cover-1-rate,Cover 1 Rate | NFL Advanced Stats,no,4,Rashee RiceR. Rice,/nfl/player-pages/4980/rashee-rice,Kansas City Chiefs,WR,2026,54.2%,54.2%,54.2%,54.2%,54.2%,54.2%,-,
advanced-players,/nfl/advanced/players/receiving/cover-1-rate,Cover 1 Rate | NFL Advanced Stats,no,5,Ja'Kobi LaneJ. Lane,/nfl/player-pages/110650/jakobi-lane,Baltimore Ravens,WR,2026,53.8%,53.8%,53.8%,53.8%,53.8%,-,53.8%,
advanced-players,/nfl/advanced/players/receiving/cover-2-rate,Cover 2 Rate | NFL Advanced Stats,no,1,Josh OliverJ. Oliver,/nfl/player-pages/3158/josh-oliver,Minnesota Vikings,TE,2026,75.0%,75.0%,75.0%,75.0%,75.0%,75.0%,-,
advanced-players,/nfl/advanced/players/receiving/cover-2-rate,Cover 2 Rate | NFL Advanced Stats,no,1,Jared WayneJ. Wayne,/nfl/player-pages/17829/jared-wayne,Houston Texans,WR,2026,75.0%,75.0%,75.0%,75.0%,75.0%,75.0%,-,
advanced-players,/nfl/advanced/players/receiving/cover-2-rate,Cover 2 Rate | NFL Advanced Stats,no,3,David MontgomeryD. Montgomery,/nfl/player-pages/13191/david-montgomery,Houston Texans,RB,2026,73.3%,73.3%,73.3%,73.3%,73.3%,73.3%,-,
advanced-players,/nfl/advanced/players/receiving/cover-2-rate,Cover 2 Rate | NFL Advanced Stats,no,4,Kevin Coleman Jr.K. Coleman Jr.,/nfl/player-pages/110437/kevin-coleman-jr,Miami Dolphins,WR,2026,66.7%,66.7%,66.7%,66.7%,66.7%,-,66.7%,
advanced-players,/nfl/advanced/players/receiving/cover-2-rate,Cover 2 Rate | NFL Advanced Stats,no,5,Charlie KolarC. Kolar,/nfl/player-pages/2098/charlie-kolar,Los Angeles Chargers,TE,2026,55.6%,55.6%,55.6%,55.6%,55.6%,55.6%,-,
advanced-players,/nfl/advanced/players/receiving/cover-3-rate,Cover 3 Rate | NFL Advanced Stats,no,1,Mike GesickiM. Gesicki,/nfl/player-pages/4724/mike-gesicki,Cincinnati Bengals,TE,2026,62.5%,62.5%,62.5%,62.5%,62.5%,62.5%,-,
advanced-players,/nfl/advanced/players/receiving/cover-3-rate,Cover 3 Rate | NFL Advanced Stats,no,2,Luke FarrellL. Farrell,/nfl/player-pages/4725/luke-farrell,San Francisco 49ers,TE,2026,58.3%,58.3%,58.3%,58.3%,58.3%,-,58.3%,
advanced-players,/nfl/advanced/players/receiving/cover-3-rate,Cover 3 Rate | NFL Advanced Stats,no,3,Noah GrayN. Gray,/nfl/player-pages/1994/noah-gray,Kansas City Chiefs,TE,2026,55.6%,55.6%,55.6%,55.6%,55.6%,55.6%,-,
advanced-players,/nfl/advanced/players/receiving/cover-3-rate,Cover 3 Rate | NFL Advanced Stats,no,4,DJ MooreD. Moore,/nfl/player-pages/14010/dj-moore,Buffalo Bills,WR,2026,52.0%,52.0%,52.0%,52.0%,52.0%,-,52.0%,
advanced-players,/nfl/advanced/players/receiving/cover-3-rate,Cover 3 Rate | NFL Advanced Stats,no,5,Tee HigginsT. Higgins,/nfl/player-pages/16731/tee-higgins,Cincinnati Bengals,WR,2026,51.7%,51.7%,51.7%,51.7%,51.7%,51.7%,-,
advanced-players,/nfl/advanced/players/receiving/cover-4-rate,Cover 4 Rate | NFL Advanced Stats,no,1,Demarcus RobinsonD. Robinson,/nfl/player-pages/13220/demarcus-robinson,San Francisco 49ers,WR,2026,41.2%,41.2%,41.2%,41.2%,41.2%,-,41.2%,
advanced-players,/nfl/advanced/players/receiving/cover-4-rate,Cover 4 Rate | NFL Advanced Stats,no,2,Evan EngramE. Engram,/nfl/player-pages/4459/evan-engram,Denver Broncos,TE,2026,40.0%,40.0%,40.0%,40.0%,40.0%,-,40.0%,
advanced-players,/nfl/advanced/players/receiving/cover-4-rate,Cover 4 Rate | NFL Advanced Stats,no,3,Jaylen WaddleJ. Waddle,/nfl/player-pages/22211/jaylen-waddle,Denver Broncos,WR,2026,38.5%,38.5%,38.5%,38.5%,38.5%,-,38.5%,
advanced-players,/nfl/advanced/players/receiving/cover-4-rate,Cover 4 Rate | NFL Advanced Stats,no,4,Troy FranklinT. Franklin,/nfl/player-pages/8445/troy-franklin,Denver Broncos,WR,2026,37.5%,37.5%,37.5%,37.5%,37.5%,-,37.5%,
advanced-players,/nfl/advanced/players/receiving/cover-4-rate,Cover 4 Rate | NFL Advanced Stats,no,5,Raheim SandersR. Sanders,/nfl/player-pages/13074/raheim-sanders,Cleveland Browns,RB,2026,36.4%,36.4%,36.4%,36.4%,36.4%,-,36.4%,
advanced-players,/nfl/advanced/players/receiving/cover-6-rate,Cover 6 Rate | NFL Advanced Stats,no,1,Mack HollinsM. Hollins,/nfl/player-pages/1147/mack-hollins,New England Patriots,WR,2026,26.3%,26.3%,26.3%,26.3%,26.3%,-,26.3%,
advanced-players,/nfl/advanced/players/receiving/cover-6-rate,Cover 6 Rate | NFL Advanced Stats,no,2,Charlie WoernerC. Woerner,/nfl/player-pages/10508/charlie-woerner,Atlanta Falcons,TE,2026,25.0%,25.0%,25.0%,25.0%,25.0%,-,25.0%,
advanced-players,/nfl/advanced/players/receiving/cover-6-rate,Cover 6 Rate | NFL Advanced Stats,no,3,Romeo DoubsR. Doubs,/nfl/player-pages/2071/romeo-doubs,New England Patriots,WR,2026,24.0%,24.0%,24.0%,24.0%,24.0%,-,24.0%,
advanced-players,/nfl/advanced/players/receiving/cover-6-rate,Cover 6 Rate | NFL Advanced Stats,no,4,Hunter HenryH. Henry,/nfl/player-pages/6312/hunter-henry,New England Patriots,TE,2026,22.2%,22.2%,22.2%,22.2%,22.2%,-,22.2%,
advanced-players,/nfl/advanced/players/receiving/cover-6-rate,Cover 6 Rate | NFL Advanced Stats,no,4,Braelon AllenB. Allen,/nfl/player-pages/8067/braelon-allen,New York Jets,RB,2026,22.2%,22.2%,22.2%,22.2%,22.2%,-,22.2%,
advanced-players,/nfl/advanced/players/receiving/dominator-rating,Dominator Rating | NFL Advanced Stats,no,1,Bijan RobinsonB. Robinson,/nfl/player-pages/21178/bijan-robinson,Atlanta Falcons,RB,2026,81.5%,81.5%,81.5%,81.5%,81.5%,-,81.5%,
advanced-players,/nfl/advanced/players/receiving/dominator-rating,Dominator Rating | NFL Advanced Stats,no,2,Jaxon Smith-NjigbaJ. Smith-Njigba,/nfl/player-pages/2999/jaxon-smith-njigba,Seattle Seahawks,WR,2026,80.5%,80.5%,80.5%,80.5%,80.5%,80.5%,-,
advanced-players,/nfl/advanced/players/receiving/dominator-rating,Dominator Rating | NFL Advanced Stats,no,3,Zay FlowersZ. Flowers,/nfl/player-pages/14489/zay-flowers,Baltimore Ravens,WR,2026,73.1%,73.1%,73.1%,73.1%,73.1%,-,73.1%,
advanced-players,/nfl/advanced/players/receiving/dominator-rating,Dominator Rating | NFL Advanced Stats,no,4,Ladd McConkeyL. McConkey,/nfl/player-pages/3282/ladd-mcconkey,Los Angeles Chargers,WR,2026,69.6%,69.6%,69.6%,69.6%,69.6%,69.6%,-,
advanced-players,/nfl/advanced/players/receiving/dominator-rating,Dominator Rating | NFL Advanced Stats,no,5,Christian WatsonC. Watson,/nfl/player-pages/19237/christian-watson,Green Bay Packers,WR,2026,69.0%,69.0%,69.0%,69.0%,69.0%,-,69.0%,
advanced-players,/nfl/advanced/players/receiving/drop-percentage,Drop Percentage | NFL Advanced Stats,yes,1,Romeo DoubsR. Doubs,/nfl/player-pages/2071/romeo-doubs,New England Patriots,WR,2026,100.0%,100.0%,100.0%,100.0%,100.0%,-,100.0%,
advanced-players,/nfl/advanced/players/receiving/drop-percentage,Drop Percentage | NFL Advanced Stats,yes,1,Xavier LegetteX. Legette,/nfl/player-pages/23813/xavier-legette,Carolina Panthers,WR,2026,100.0%,100.0%,100.0%,100.0%,100.0%,100.0%,-,
advanced-players,/nfl/advanced/players/receiving/drop-percentage,Drop Percentage | NFL Advanced Stats,yes,3,Marvin Harrison Jr.M. Harrison Jr.,/nfl/player-pages/2931/marvin-harrison-jr,Arizona Cardinals,WR,2026,50.0%,50.0%,50.0%,50.0%,50.0%,-,50.0%,
advanced-players,/nfl/advanced/players/receiving/drop-percentage,Drop Percentage | NFL Advanced Stats,yes,3,Jaylen WaddleJ. Waddle,/nfl/player-pages/22211/jaylen-waddle,Denver Broncos,WR,2026,50.0%,50.0%,50.0%,50.0%,50.0%,-,50.0%,
advanced-players,/nfl/advanced/players/receiving/drop-percentage,Drop Percentage | NFL Advanced Stats,yes,5,Kenneth Walker IIIK. Walker III,/nfl/player-pages/2659/kenneth-walker-iii,Kansas City Chiefs,RB,2026,40.0%,40.0%,40.0%,40.0%,40.0%,40.0%,-,
advanced-players,/nfl/advanced/players/receiving/drop-percentage,Drop Percentage | NFL Advanced Stats,yes,5,Tyler WarrenT. Warren,/nfl/player-pages/18261/tyler-warren,Indianapolis Colts,TE,2026,40.0%,40.0%,40.0%,40.0%,40.0%,40.0%,-,
advanced-players,/nfl/advanced/players/receiving/drop-percentage,Drop Percentage | NFL Advanced Stats,yes,5,DK MetcalfD. Metcalf,/nfl/player-pages/21550/dk-metcalf,Pittsburgh Steelers,WR,2026,40.0%,40.0%,40.0%,40.0%,40.0%,40.0%,-,
advanced-players,/nfl/advanced/players/receiving/drop-percentage,Drop Percentage | NFL Advanced Stats,yes,5,George PickensG. Pickens,/nfl/player-pages/23440/george-pickens,Dallas Cowboys,WR,2026,40.0%,40.0%,40.0%,40.0%,40.0%,-,40.0%,
advanced-players,/nfl/advanced/players/receiving/drop-percentage,Drop Percentage | NFL Advanced Stats,yes,9,Mason TaylorM. Taylor,/nfl/player-pages/11553/mason-taylor,New York Jets,TE,2026,33.3%,33.3%,33.3%,33.3%,33.3%,-,33.3%,
advanced-players,/nfl/advanced/players/receiving/drop-percentage,Drop Percentage | NFL Advanced Stats,yes,9,Jeremiyah LoveJ. Love,/nfl/player-pages/110663/jeremiyah-love,Arizona Cardinals,RB,2026,33.3%,33.3%,33.3%,33.3%,33.3%,-,33.3%,
advanced-players,/nfl/advanced/players/receiving/drop-percentage,Drop Percentage | NFL Advanced Stats,yes,11,Cade OttonC. Otton,/nfl/player-pages/13236/cade-otton,Tampa Bay Buccaneers,TE,2026,25.0%,25.0%,25.0%,25.0%,25.0%,-,25.0%,
advanced-players,/nfl/advanced/players/receiving/drop-percentage,Drop Percentage | NFL Advanced Stats,yes,11,Tyjae SpearsT. Spears,/nfl/player-pages/16445/tyjae-spears,Tennessee Titans,RB,2026,25.0%,25.0%,25.0%,25.0%,25.0%,25.0%,-,
advanced-players,/nfl/advanced/players/receiving/drop-percentage,Drop Percentage | NFL Advanced Stats,yes,11,Jameson WilliamsJ. Williams,/nfl/player-pages/20116/jameson-williams,Detroit Lions,WR,2026,25.0%,25.0%,25.0%,25.0%,25.0%,25.0%,-,
advanced-players,/nfl/advanced/players/receiving/drop-percentage,Drop Percentage | NFL Advanced Stats,yes,14,Pat BryantP. Bryant,/nfl/player-pages/10566/pat-bryant,Denver Broncos,WR,2026,20.0%,20.0%,20.0%,20.0%,20.0%,-,20.0%,
advanced-players,/nfl/advanced/players/receiving/drop-percentage,Drop Percentage | NFL Advanced Stats,yes,14,Mark AndrewsM. Andrews,/nfl/player-pages/17753/mark-andrews,Baltimore Ravens,TE,2026,20.0%,20.0%,20.0%,20.0%,20.0%,-,20.0%,
advanced-players,/nfl/advanced/players/receiving/drop-percentage,Drop Percentage | NFL Advanced Stats,yes,14,Stefon DiggsS. Diggs,/nfl/player-pages/17968/stefon-diggs,Washington Commanders,WR,2026,20.0%,20.0%,20.0%,20.0%,20.0%,-,20.0%,
advanced-players,/nfl/advanced/players/receiving/drop-percentage,Drop Percentage | NFL Advanced Stats,yes,17,Mike EvansM. Evans,/nfl/player-pages/6348/mike-evans,San Francisco 49ers,WR,2026,14.3%,14.3%,14.3%,14.3%,14.3%,-,14.3%,
advanced-players,/nfl/advanced/players/receiving/drop-percentage,Drop Percentage | NFL Advanced Stats,yes,17,Deebo Samuel Sr.D. Samuel Sr.,/nfl/player-pages/22670/deebo-samuel-sr,San Francisco 49ers,WR,2026,14.3%,14.3%,14.3%,14.3%,14.3%,-,14.3%,
advanced-players,/nfl/advanced/players/receiving/drop-percentage,Drop Percentage | NFL Advanced Stats,yes,19,Devaughn VeleD. Vele,/nfl/player-pages/13889/devaughn-vele,New Orleans Saints,WR,2026,12.5%,12.5%,12.5%,12.5%,12.5%,-,12.5%,
advanced-players,/nfl/advanced/players/receiving/drop-percentage,Drop Percentage | NFL Advanced Stats,yes,20,Trey McBrideT. McBride,/nfl/player-pages/20178/trey-mcbride,Arizona Cardinals,TE,2026,9.1%,9.1%,9.1%,9.1%,9.1%,-,9.1%,
advanced-players,/nfl/advanced/players/receiving/drop-percentage,Drop Percentage | NFL Advanced Stats,yes,21,Chris OlaveC. Olave,/nfl/player-pages/4973/chris-olave,New Orleans Saints,WR,2026,8.3%,8.3%,8.3%,8.3%,8.3%,-,8.3%,
advanced-players,/nfl/advanced/players/receiving/drop-percentage,Drop Percentage | NFL Advanced Stats,yes,22,Josh DownsJ. Downs,/nfl/player-pages/366/josh-downs,Indianapolis Colts,WR,2026,0.0%,0.0%,0.0%,0.0%,0.0%,0.0%,-,
advanced-players,/nfl/advanced/players/receiving/drop-percentage,Drop Percentage | NFL Advanced Stats,yes,22,Michael WilsonM. Wilson,/nfl/player-pages/502/michael-wilson,Arizona Cardinals,WR,2026,0.0%,0.0%,0.0%,0.0%,0.0%,-,0.0%,
advanced-players,/nfl/advanced/players/receiving/drop-percentage,Drop Percentage | NFL Advanced Stats,yes,22,CeeDee LambC. Lamb,/nfl/player-pages/731/ceedee-lamb,Dallas Cowboys,WR,2026,0.0%,0.0%,0.0%,0.0%,0.0%,-,0.0%,
advanced-players,/nfl/advanced/players/receiving/drop-percentage,Drop Percentage | NFL Advanced Stats,yes,22,Jonathon BrooksJ. Brooks,/nfl/player-pages/923/jonathon-brooks,Carolina Panthers,RB,2026,0.0%,0.0%,0.0%,0.0%,0.0%,0.0%,-,
advanced-players,/nfl/advanced/players/receiving/drops,Drops | NFL Advanced Stats,yes,1,Kenneth Walker IIIK. Walker III,/nfl/player-pages/2659/kenneth-walker-iii,Kansas City Chiefs,RB,2026,2,2,2,2,2,2,-,
advanced-players,/nfl/advanced/players/receiving/drops,Drops | NFL Advanced Stats,yes,1,Tyler WarrenT. Warren,/nfl/player-pages/18261/tyler-warren,Indianapolis Colts,TE,2026,2,2,2,2,2,2,-,
advanced-players,/nfl/advanced/players/receiving/drops,Drops | NFL Advanced Stats,yes,1,Jameson WilliamsJ. Williams,/nfl/player-pages/20116/jameson-williams,Detroit Lions,WR,2026,2,2,2,2,2,2,-,
advanced-players,/nfl/advanced/players/receiving/drops,Drops | NFL Advanced Stats,yes,1,DK MetcalfD. Metcalf,/nfl/player-pages/21550/dk-metcalf,Pittsburgh Steelers,WR,2026,2,2,2,2,2,2,-,
advanced-players,/nfl/advanced/players/receiving/drops,Drops | NFL Advanced Stats,yes,1,George PickensG. Pickens,/nfl/player-pages/23440/george-pickens,Dallas Cowboys,WR,2026,2,2,2,2,2,-,2,
advanced-players,/nfl/advanced/players/receiving/drops,Drops | NFL Advanced Stats,yes,6,Romeo DoubsR. Doubs,/nfl/player-pages/2071/romeo-doubs,New England Patriots,WR,2026,1,1,1,1,1,-,1,
advanced-players,/nfl/advanced/players/receiving/drops,Drops | NFL Advanced Stats,yes,6,Marvin Harrison Jr.M. Harrison Jr.,/nfl/player-pages/2931/marvin-harrison-jr,Arizona Cardinals,WR,2026,1,1,1,1,1,-,1,
advanced-players,/nfl/advanced/players/receiving/drops,Drops | NFL Advanced Stats,yes,6,Chris OlaveC. Olave,/nfl/player-pages/4973/chris-olave,New Orleans Saints,WR,2026,1,1,1,1,1,-,1,
advanced-players,/nfl/advanced/players/receiving/drops,Drops | NFL Advanced Stats,yes,6,Mike EvansM. Evans,/nfl/player-pages/6348/mike-evans,San Francisco 49ers,WR,2026,1,1,1,1,1,-,1,
advanced-players,/nfl/advanced/players/receiving/drops,Drops | NFL Advanced Stats,yes,6,Arian SmithA. Smith,/nfl/player-pages/6694/arian-smith,New York Jets,WR,2026,1,1,1,1,1,-,1,
advanced-players,/nfl/advanced/players/receiving/drops,Drops | NFL Advanced Stats,yes,6,Andrew OgletreeA. Ogletree,/nfl/player-pages/7049/andrew-ogletree,Indianapolis Colts,TE,2026,1,1,1,1,1,1,-,
advanced-players,/nfl/advanced/players/receiving/drops,Drops | NFL Advanced Stats,yes,6,Pat BryantP. Bryant,/nfl/player-pages/10566/pat-bryant,Denver Broncos,WR,2026,1,1,1,1,1,-,1,
advanced-players,/nfl/advanced/players/receiving/drops,Drops | NFL Advanced Stats,yes,6,Mason TaylorM. Taylor,/nfl/player-pages/11553/mason-taylor,New York Jets,TE,2026,1,1,1,1,1,-,1,
advanced-players,/nfl/advanced/players/receiving/drops,Drops | NFL Advanced Stats,yes,6,Cade OttonC. Otton,/nfl/player-pages/13236/cade-otton,Tampa Bay Buccaneers,TE,2026,1,1,1,1,1,-,1,
advanced-players,/nfl/advanced/players/receiving/drops,Drops | NFL Advanced Stats,yes,6,Devaughn VeleD. Vele,/nfl/player-pages/13889/devaughn-vele,New Orleans Saints,WR,2026,1,1,1,1,1,-,1,
advanced-players,/nfl/advanced/players/receiving/drops,Drops | NFL Advanced Stats,yes,6,Jeremiyah LoveJ. Love,/nfl/player-pages/110663/jeremiyah-love,Arizona Cardinals,RB,2026,1,1,1,1,1,-,1,
advanced-players,/nfl/advanced/players/receiving/drops,Drops | NFL Advanced Stats,yes,6,Tyjae SpearsT. Spears,/nfl/player-pages/16445/tyjae-spears,Tennessee Titans,RB,2026,1,1,1,1,1,1,-,
advanced-players,/nfl/advanced/players/receiving/drops,Drops | NFL Advanced Stats,yes,6,Mark AndrewsM. Andrews,/nfl/player-pages/17753/mark-andrews,Baltimore Ravens,TE,2026,1,1,1,1,1,-,1,
advanced-players,/nfl/advanced/players/receiving/drops,Drops | NFL Advanced Stats,yes,6,Stefon DiggsS. Diggs,/nfl/player-pages/17968/stefon-diggs,Washington Commanders,WR,2026,1,1,1,1,1,-,1,
advanced-players,/nfl/advanced/players/receiving/drops,Drops | NFL Advanced Stats,yes,6,Cody WhiteC. White,/nfl/player-pages/19933/cody-white,Las Vegas Raiders,WR,2026,1,1,1,1,1,1,-,
advanced-players,/nfl/advanced/players/receiving/drops,Drops | NFL Advanced Stats,yes,6,Trey McBrideT. McBride,/nfl/player-pages/20178/trey-mcbride,Arizona Cardinals,TE,2026,1,1,1,1,1,-,1,
advanced-players,/nfl/advanced/players/receiving/drops,Drops | NFL Advanced Stats,yes,6,Quintin MorrisQ. Morris,/nfl/player-pages/21527/quintin-morris,Jacksonville Jaguars,TE,2026,1,1,1,1,1,1,-,
advanced-players,/nfl/advanced/players/receiving/drops,Drops | NFL Advanced Stats,yes,6,Jaylen WaddleJ. Waddle,/nfl/player-pages/22211/jaylen-waddle,Denver Broncos,WR,2026,1,1,1,1,1,-,1,
advanced-players,/nfl/advanced/players/receiving/drops,Drops | NFL Advanced Stats,yes,6,Deebo Samuel Sr.D. Samuel Sr.,/nfl/player-pages/22670/deebo-samuel-sr,San Francisco 49ers,WR,2026,1,1,1,1,1,-,1,
advanced-players,/nfl/advanced/players/receiving/drops,Drops | NFL Advanced Stats,yes,6,Xavier LegetteX. Legette,/nfl/player-pages/23813/xavier-legette,Carolina Panthers,WR,2026,1,1,1,1,1,1,-,
advanced-players,/nfl/advanced/players/receiving/explosive-catch-rate,Explosive Catch Rate | NFL Advanced Stats,no,1,Jonathon BrooksJ. Brooks,/nfl/player-pages/923/jonathon-brooks,Carolina Panthers,RB,2026,100.0%,100.0%,100.0%,100.0%,100.0%,100.0%,-,
advanced-players,/nfl/advanced/players/receiving/explosive-catch-rate,Explosive Catch Rate | NFL Advanced Stats,no,1,Marvin Harrison Jr.M. Harrison Jr.,/nfl/player-pages/2931/marvin-harrison-jr,Arizona Cardinals,WR,2026,100.0%,100.0%,100.0%,100.0%,100.0%,-,100.0%,
advanced-players,/nfl/advanced/players/receiving/explosive-catch-rate,Explosive Catch Rate | NFL Advanced Stats,no,1,Chris BellC. Bell,/nfl/player-pages/110366/chris-bell,Miami Dolphins,WR,2026,100.0%,100.0%,100.0%,100.0%,100.0%,-,100.0%,
advanced-players,/nfl/advanced/players/receiving/explosive-catch-rate,Explosive Catch Rate | NFL Advanced Stats,no,1,Chris MooreC. Moore,/nfl/player-pages/3536/chris-moore,Baltimore Ravens,WR,2026,100.0%,100.0%,100.0%,100.0%,100.0%,-,100.0%,
advanced-players,/nfl/advanced/players/receiving/explosive-catch-rate,Explosive Catch Rate | NFL Advanced Stats,no,1,Kayshon BoutteK. Boutte,/nfl/player-pages/10551/kayshon-boutte,Houston Texans,WR,2026,100.0%,100.0%,100.0%,100.0%,100.0%,100.0%,-,
advanced-players,/nfl/advanced/players/receiving/explosive-receptions,Explosive Receptions | NFL Advanced Stats,no,1,Chris OlaveC. Olave,/nfl/player-pages/4973/chris-olave,New Orleans Saints,WR,2026,4,4,4,4,4,-,4,
advanced-players,/nfl/advanced/players/receiving/explosive-receptions,Explosive Receptions | NFL Advanced Stats,no,2,Dalton KincaidD. Kincaid,/nfl/player-pages/6537/dalton-kincaid,Buffalo Bills,TE,2026,3,3,3,3,3,-,3,
advanced-players,/nfl/advanced/players/receiving/explosive-receptions,Explosive Receptions | NFL Advanced Stats,no,3,Matthew GoldenM. Golden,/nfl/player-pages/1620/matthew-golden,Green Bay Packers,WR,2026,2,2,2,2,2,-,2,
advanced-players,/nfl/advanced/players/receiving/explosive-receptions,Explosive Receptions | NFL Advanced Stats,no,3,Garrett WilsonG. Wilson,/nfl/player-pages/1670/garrett-wilson,New York Jets,WR,2026,2,2,2,2,2,-,2,
advanced-players,/nfl/advanced/players/receiving/explosive-receptions,Explosive Receptions | NFL Advanced Stats,no,3,Jaxon Smith-NjigbaJ. Smith-Njigba,/nfl/player-pages/2999/jaxon-smith-njigba,Seattle Seahawks,WR,2026,2,2,2,2,2,2,-,
advanced-players,/nfl/advanced/players/receiving/hundred-yard-receiving-games,100+ Yard Receiving Games | NFL Advanced Receiving Stats,no,1,Jaxon Smith-NjigbaJ. Smith-Njigba,/nfl/player-pages/2999/jaxon-smith-njigba,Seattle Seahawks,WR,2026,1,1,1,1,1,1,-,
advanced-players,/nfl/advanced/players/receiving/hundred-yard-receiving-games,100+ Yard Receiving Games | NFL Advanced Receiving Stats,no,1,Chris OlaveC. Olave,/nfl/player-pages/4973/chris-olave,New Orleans Saints,WR,2026,1,1,1,1,1,-,1,
advanced-players,/nfl/advanced/players/receiving/hundred-yard-receiving-games,100+ Yard Receiving Games | NFL Advanced Receiving Stats,no,1,Dalton KincaidD. Kincaid,/nfl/player-pages/6537/dalton-kincaid,Buffalo Bills,TE,2026,1,1,1,1,1,-,1,
advanced-players,/nfl/advanced/players/receiving/hundred-yard-receiving-games,100+ Yard Receiving Games | NFL Advanced Receiving Stats,no,1,Jalen CokerJ. Coker,/nfl/player-pages/9884/jalen-coker,Carolina Panthers,WR,2026,1,1,1,1,1,1,-,
advanced-players,/nfl/advanced/players/receiving/hundred-yard-receiving-games,100+ Yard Receiving Games | NFL Advanced Receiving Stats,no,1,DJ MooreD. Moore,/nfl/player-pages/14010/dj-moore,Buffalo Bills,WR,2026,1,1,1,1,1,-,1,
advanced-players,/nfl/advanced/players/receiving/intended-air-yards,Intended Air Yards | NFL Advanced Stats,no,1,Chris OlaveC. Olave,/nfl/player-pages/4973/chris-olave,New Orleans Saints,WR,2026,234,234,234,234,234,-,234,
advanced-players,/nfl/advanced/players/receiving/intended-air-yards,Intended Air Yards | NFL Advanced Stats,no,2,DK MetcalfD. Metcalf,/nfl/player-pages/21550/dk-metcalf,Pittsburgh Steelers,WR,2026,204,204,204,204,204,204,-,
advanced-players,/nfl/advanced/players/receiving/intended-air-yards,Intended Air Yards | NFL Advanced Stats,no,3,DJ MooreD. Moore,/nfl/player-pages/14010/dj-moore,Buffalo Bills,WR,2026,158,158,158,158,158,-,158,
advanced-players,/nfl/advanced/players/receiving/intended-air-yards,Intended Air Yards | NFL Advanced Stats,no,4,Matthew GoldenM. Golden,/nfl/player-pages/1620/matthew-golden,Green Bay Packers,WR,2026,137,137,137,137,137,-,137,
advanced-players,/nfl/advanced/players/receiving/intended-air-yards,Intended Air Yards | NFL Advanced Stats,no,5,Malik WashingtonM. Washington,/nfl/player-pages/14482/malik-washington,Miami Dolphins,WR,2026,135,135,135,135,135,-,135,
advanced-players,/nfl/advanced/players/receiving/left-aligned-fantasy-points-per-route,Left-Aligned FP/Route | NFL Advanced Stats,no,1,Jalen CokerJ. Coker,/nfl/player-pages/9884/jalen-coker,Carolina Panthers,WR,2026,1.64,1.64,1.64,1.64,1.64,1.64,-,
advanced-players,/nfl/advanced/players/receiving/left-aligned-fantasy-points-per-route,Left-Aligned FP/Route | NFL Advanced Stats,no,2,Jaxon Smith-NjigbaJ. Smith-Njigba,/nfl/player-pages/2999/jaxon-smith-njigba,Seattle Seahawks,WR,2026,1.60,1.60,1.60,1.60,1.60,1.60,-,
advanced-players,/nfl/advanced/players/receiving/left-aligned-fantasy-points-per-route,Left-Aligned FP/Route | NFL Advanced Stats,no,3,Justin JeffersonJ. Jefferson,/nfl/player-pages/21285/justin-jefferson,Minnesota Vikings,WR,2026,1.50,1.50,1.50,1.50,1.50,1.50,-,
advanced-players,/nfl/advanced/players/receiving/left-aligned-fantasy-points-per-route,Left-Aligned FP/Route | NFL Advanced Stats,no,4,Deebo Samuel Sr.D. Samuel Sr.,/nfl/player-pages/22670/deebo-samuel-sr,San Francisco 49ers,WR,2026,1.33,1.33,1.33,1.33,1.33,-,1.33,
advanced-players,/nfl/advanced/players/receiving/left-aligned-fantasy-points-per-route,Left-Aligned FP/Route | NFL Advanced Stats,no,5,Mike EvansM. Evans,/nfl/player-pages/6348/mike-evans,San Francisco 49ers,WR,2026,0.91,0.91,0.91,0.91,0.91,-,0.91,
advanced-players,/nfl/advanced/players/receiving/left-aligned-receptions,Left-Aligned Receptions | NFL Advanced Stats,no,1,Chris OlaveC. Olave,/nfl/player-pages/4973/chris-olave,New Orleans Saints,WR,2026,5,5,5,5,5,-,5,
advanced-players,/nfl/advanced/players/receiving/left-aligned-receptions,Left-Aligned Receptions | NFL Advanced Stats,no,1,Mike EvansM. Evans,/nfl/player-pages/6348/mike-evans,San Francisco 49ers,WR,2026,5,5,5,5,5,-,5,
advanced-players,/nfl/advanced/players/receiving/left-aligned-receptions,Left-Aligned Receptions | NFL Advanced Stats,no,1,Kendrick BourneK. Bourne,/nfl/player-pages/6981/kendrick-bourne,Arizona Cardinals,WR,2026,5,5,5,5,5,-,5,
advanced-players,/nfl/advanced/players/receiving/left-aligned-receptions,Left-Aligned Receptions | NFL Advanced Stats,no,1,Kalif RaymondK. Raymond,/nfl/player-pages/7394/kalif-raymond,Chicago Bears,WR,2026,5,5,5,5,5,-,5,
advanced-players,/nfl/advanced/players/receiving/left-aligned-receptions,Left-Aligned Receptions | NFL Advanced Stats,no,1,Amon-Ra St. BrownA. St. Brown,/nfl/player-pages/12451/amon-ra-st-brown,Detroit Lions,WR,2026,5,5,5,5,5,5,-,
advanced-players,/nfl/advanced/players/receiving/left-aligned-target-rate,Left-Aligned Target Rate | NFL Advanced Stats,no,1,Kalif RaymondK. Raymond,/nfl/player-pages/7394/kalif-raymond,Chicago Bears,WR,2026,45.5%,45.5%,45.5%,45.5%,45.5%,-,45.5%,
advanced-players,/nfl/advanced/players/receiving/left-aligned-target-rate,Left-Aligned Target Rate | NFL Advanced Stats,no,2,Jaxon Smith-NjigbaJ. Smith-Njigba,/nfl/player-pages/2999/jaxon-smith-njigba,Seattle Seahawks,WR,2026,44.4%,44.4%,44.4%,44.4%,44.4%,44.4%,-,
advanced-players,/nfl/advanced/players/receiving/left-aligned-target-rate,Left-Aligned Target Rate | NFL Advanced Stats,no,3,Mike EvansM. Evans,/nfl/player-pages/6348/mike-evans,San Francisco 49ers,WR,2026,42.9%,42.9%,42.9%,42.9%,42.9%,-,42.9%,
advanced-players,/nfl/advanced/players/receiving/left-aligned-target-rate,Left-Aligned Target Rate | NFL Advanced Stats,no,4,Malik WashingtonM. Washington,/nfl/player-pages/14482/malik-washington,Miami Dolphins,WR,2026,41.7%,41.7%,41.7%,41.7%,41.7%,-,41.7%,
advanced-players,/nfl/advanced/players/receiving/left-aligned-target-rate,Left-Aligned Target Rate | NFL Advanced Stats,no,5,Malik NabersM. Nabers,/nfl/player-pages/11088/malik-nabers,New York Giants,WR,2026,40.0%,40.0%,40.0%,40.0%,40.0%,40.0%,-,
advanced-players,/nfl/advanced/players/receiving/left-aligned-targets,Left-Aligned Targets | NFL Advanced Stats,no,1,Chris OlaveC. Olave,/nfl/player-pages/4973/chris-olave,New Orleans Saints,WR,2026,7,7,7,7,7,-,7,
advanced-players,/nfl/advanced/players/receiving/left-aligned-targets,Left-Aligned Targets | NFL Advanced Stats,no,1,Amon-Ra St. BrownA. St. Brown,/nfl/player-pages/12451/amon-ra-st-brown,Detroit Lions,WR,2026,7,7,7,7,7,7,-,
advanced-players,/nfl/advanced/players/receiving/left-aligned-targets,Left-Aligned Targets | NFL Advanced Stats,no,3,Mike EvansM. Evans,/nfl/player-pages/6348/mike-evans,San Francisco 49ers,WR,2026,6,6,6,6,6,-,6,
advanced-players,/nfl/advanced/players/receiving/left-aligned-targets,Left-Aligned Targets | NFL Advanced Stats,no,3,Malik NabersM. Nabers,/nfl/player-pages/11088/malik-nabers,New York Giants,WR,2026,6,6,6,6,6,6,-,
advanced-players,/nfl/advanced/players/receiving/left-aligned-targets,Left-Aligned Targets | NFL Advanced Stats,no,5,CeeDee LambC. Lamb,/nfl/player-pages/731/ceedee-lamb,Dallas Cowboys,WR,2026,5,5,5,5,5,-,5,
advanced-players,/nfl/advanced/players/receiving/non-catchable-air-yards,Non-Catchable Air Yards (Prayer Yards) | NFL Advanced Stats,no,1,DK MetcalfD. Metcalf,/nfl/player-pages/21550/dk-metcalf,Pittsburgh Steelers,WR,2026,134.0,134.0,134.0,134.0,134.0,134.0,-,
advanced-players,/nfl/advanced/players/receiving/non-catchable-air-yards,Non-Catchable Air Yards (Prayer Yards) | NFL Advanced Stats,no,2,Roman WilsonR. Wilson,/nfl/player-pages/5609/roman-wilson,Pittsburgh Steelers,WR,2026,106.0,106.0,106.0,106.0,106.0,106.0,-,
advanced-players,/nfl/advanced/players/receiving/non-catchable-air-yards,Non-Catchable Air Yards (Prayer Yards) | NFL Advanced Stats,no,3,Malik WashingtonM. Washington,/nfl/player-pages/14482/malik-washington,Miami Dolphins,WR,2026,104.0,104.0,104.0,104.0,104.0,-,104.0,
advanced-players,/nfl/advanced/players/receiving/non-catchable-air-yards,Non-Catchable Air Yards (Prayer Yards) | NFL Advanced Stats,no,4,DJ MooreD. Moore,/nfl/player-pages/14010/dj-moore,Buffalo Bills,WR,2026,82.0,82.0,82.0,82.0,82.0,-,82.0,
advanced-players,/nfl/advanced/players/receiving/non-catchable-air-yards,Non-Catchable Air Yards (Prayer Yards) | NFL Advanced Stats,no,5,Matthew GoldenM. Golden,/nfl/player-pages/1620/matthew-golden,Green Bay Packers,WR,2026,77.0,77.0,77.0,77.0,77.0,-,77.0,
advanced-players,/nfl/advanced/players/receiving/non-catchable-air-yards-rate,Non-Catchable Air Yards Rate (Prayer Yard Rate) | NFL Advanced Stats,no,1,Tyler HigbeeT. Higbee,/nfl/player-pages/6887/tyler-higbee,Los Angeles Rams,TE,2026,100.0%,100.0%,100.0%,100.0%,100.0%,100.0%,-,
advanced-players,/nfl/advanced/players/receiving/non-catchable-air-yards-rate,Non-Catchable Air Yards Rate (Prayer Yard Rate) | NFL Advanced Stats,no,1,Kevin Coleman Jr.K. Coleman Jr.,/nfl/player-pages/110437/kevin-coleman-jr,Miami Dolphins,WR,2026,100.0%,100.0%,100.0%,100.0%,100.0%,-,100.0%,
advanced-players,/nfl/advanced/players/receiving/non-catchable-air-yards-rate,Non-Catchable Air Yards Rate (Prayer Yard Rate) | NFL Advanced Stats,no,1,Jordan AddisonJ. Addison,/nfl/player-pages/8458/jordan-addison,Minnesota Vikings,WR,2026,100.0%,100.0%,100.0%,100.0%,100.0%,100.0%,-,
advanced-players,/nfl/advanced/players/receiving/non-catchable-air-yards-rate,Non-Catchable Air Yards Rate (Prayer Yard Rate) | NFL Advanced Stats,no,1,Colston LovelandC. Loveland,/nfl/player-pages/9105/colston-loveland,Chicago Bears,TE,2026,100.0%,100.0%,100.0%,100.0%,100.0%,-,100.0%,
advanced-players,/nfl/advanced/players/receiving/non-catchable-air-yards-rate,Non-Catchable Air Yards Rate (Prayer Yard Rate) | NFL Advanced Stats,no,5,Xavier LegetteX. Legette,/nfl/player-pages/23813/xavier-legette,Carolina Panthers,WR,2026,95.0%,95.0%,95.0%,95.0%,95.0%,95.0%,-,
advanced-players,/nfl/advanced/players/receiving/perimeter-fantasy-points-per-route,Perimeter (Outside) FP/Route | NFL Advanced Stats,no,1,Josh PalmerJ. Palmer,/nfl/player-pages/24050/josh-palmer,Buffalo Bills,WR,2026,1.41,1.41,1.41,1.41,1.41,-,1.41,
advanced-players,/nfl/advanced/players/receiving/perimeter-fantasy-points-per-route,Perimeter (Outside) FP/Route | NFL Advanced Stats,no,2,Jaxon Smith-NjigbaJ. Smith-Njigba,/nfl/player-pages/2999/jaxon-smith-njigba,Seattle Seahawks,WR,2026,1.32,1.32,1.32,1.32,1.32,1.32,-,
advanced-players,/nfl/advanced/players/receiving/perimeter-fantasy-points-per-route,Perimeter (Outside) FP/Route | NFL Advanced Stats,no,3,Jalen CokerJ. Coker,/nfl/player-pages/9884/jalen-coker,Carolina Panthers,WR,2026,1.31,1.31,1.31,1.31,1.31,1.31,-,
advanced-players,/nfl/advanced/players/receiving/perimeter-fantasy-points-per-route,Perimeter (Outside) FP/Route | NFL Advanced Stats,no,4,Justin JeffersonJ. Jefferson,/nfl/player-pages/21285/justin-jefferson,Minnesota Vikings,WR,2026,1.08,1.08,1.08,1.08,1.08,1.08,-,
advanced-players,/nfl/advanced/players/receiving/perimeter-fantasy-points-per-route,Perimeter (Outside) FP/Route | NFL Advanced Stats,no,5,DJ MooreD. Moore,/nfl/player-pages/14010/dj-moore,Buffalo Bills,WR,2026,0.97,0.97,0.97,0.97,0.97,-,0.97,
advanced-players,/nfl/advanced/players/receiving/perimeter-receptions,Perimeter (Outside) Receptions | NFL Advanced Stats,no,1,Jaxon Smith-NjigbaJ. Smith-Njigba,/nfl/player-pages/2999/jaxon-smith-njigba,Seattle Seahawks,WR,2026,7,7,7,7,7,7,-,
advanced-players,/nfl/advanced/players/receiving/perimeter-receptions,Perimeter (Outside) Receptions | NFL Advanced Stats,no,1,Justin JeffersonJ. Jefferson,/nfl/player-pages/21285/justin-jefferson,Minnesota Vikings,WR,2026,7,7,7,7,7,7,-,
advanced-players,/nfl/advanced/players/receiving/perimeter-receptions,Perimeter (Outside) Receptions | NFL Advanced Stats,no,3,Chris OlaveC. Olave,/nfl/player-pages/4973/chris-olave,New Orleans Saints,WR,2026,6,6,6,6,6,-,6,
advanced-players,/nfl/advanced/players/receiving/perimeter-receptions,Perimeter (Outside) Receptions | NFL Advanced Stats,no,3,Jalen CokerJ. Coker,/nfl/player-pages/9884/jalen-coker,Carolina Panthers,WR,2026,6,6,6,6,6,6,-,
advanced-players,/nfl/advanced/players/receiving/perimeter-receptions,Perimeter (Outside) Receptions | NFL Advanced Stats,no,3,Nico CollinsN. Collins,/nfl/player-pages/14167/nico-collins,Houston Texans,WR,2026,6,6,6,6,6,6,-,
advanced-players,/nfl/advanced/players/receiving/perimeter-target-rate,Perimeter (Outside) Target Rate | NFL Advanced Stats,no,1,Parker WashingtonP. Washington,/nfl/player-pages/19762/parker-washington,Jacksonville Jaguars,WR,2026,62.5%,62.5%,62.5%,62.5%,62.5%,62.5%,-,
advanced-players,/nfl/advanced/players/receiving/perimeter-target-rate,Perimeter (Outside) Target Rate | NFL Advanced Stats,no,2,Jaxon Smith-NjigbaJ. Smith-Njigba,/nfl/player-pages/2999/jaxon-smith-njigba,Seattle Seahawks,WR,2026,50.0%,50.0%,50.0%,50.0%,50.0%,50.0%,-,
advanced-players,/nfl/advanced/players/receiving/perimeter-target-rate,Perimeter (Outside) Target Rate | NFL Advanced Stats,no,2,Roman WilsonR. Wilson,/nfl/player-pages/5609/roman-wilson,Pittsburgh Steelers,WR,2026,50.0%,50.0%,50.0%,50.0%,50.0%,50.0%,-,
advanced-players,/nfl/advanced/players/receiving/perimeter-target-rate,Perimeter (Outside) Target Rate | NFL Advanced Stats,no,4,Puka NacuaP. Nacua,/nfl/player-pages/14907/puka-nacua,Los Angeles Rams,WR,2026,47.1%,47.1%,47.1%,47.1%,47.1%,47.1%,-,
advanced-players,/nfl/advanced/players/receiving/perimeter-target-rate,Perimeter (Outside) Target Rate | NFL Advanced Stats,no,5,Deebo Samuel Sr.D. Samuel Sr.,/nfl/player-pages/22670/deebo-samuel-sr,San Francisco 49ers,WR,2026,42.9%,42.9%,42.9%,42.9%,42.9%,-,42.9%,
advanced-players,/nfl/advanced/players/receiving/perimeter-targets,Perimeter (Outside) Targets | NFL Advanced Stats,no,1,Matthew GoldenM. Golden,/nfl/player-pages/1620/matthew-golden,Green Bay Packers,WR,2026,11,11,11,11,11,-,11,
advanced-players,/nfl/advanced/players/receiving/perimeter-targets,Perimeter (Outside) Targets | NFL Advanced Stats,no,2,Nico CollinsN. Collins,/nfl/player-pages/14167/nico-collins,Houston Texans,WR,2026,9,9,9,9,9,9,-,
advanced-players,/nfl/advanced/players/receiving/perimeter-targets,Perimeter (Outside) Targets | NFL Advanced Stats,no,2,DK MetcalfD. Metcalf,/nfl/player-pages/21550/dk-metcalf,Pittsburgh Steelers,WR,2026,9,9,9,9,9,9,-,
advanced-players,/nfl/advanced/players/receiving/perimeter-targets,Perimeter (Outside) Targets | NFL Advanced Stats,no,4,Jaxon Smith-NjigbaJ. Smith-Njigba,/nfl/player-pages/2999/jaxon-smith-njigba,Seattle Seahawks,WR,2026,8,8,8,8,8,8,-,
advanced-players,/nfl/advanced/players/receiving/perimeter-targets,Perimeter (Outside) Targets | NFL Advanced Stats,no,4,Chris OlaveC. Olave,/nfl/player-pages/4973/chris-olave,New Orleans Saints,WR,2026,8,8,8,8,8,-,8,
advanced-players,/nfl/advanced/players/receiving/qb-rating-per-target,QB Rating per Target | NFL Advanced Stats,no,1,Chuba HubbardC. Hubbard,/nfl/player-pages/5378/chuba-hubbard,Carolina Panthers,RB,2026,158.3,158.3,158.3,158.3,158.3,158.3,158.3,
advanced-players,/nfl/advanced/players/receiving/qb-rating-per-target,QB Rating per Target | NFL Advanced Stats,no,1,Antonio WilliamsA. Williams,/nfl/player-pages/110939/antonio-williams,Washington Commanders,WR,2026,158.3,158.3,158.3,158.3,158.3,158.3,158.3,
advanced-players,/nfl/advanced/players/receiving/qb-rating-per-target,QB Rating per Target | NFL Advanced Stats,no,1,Jakobi MeyersJ. Meyers,/nfl/player-pages/9298/jakobi-meyers,Jacksonville Jaguars,WR,2026,158.3,158.3,158.3,158.3,158.3,158.3,158.3,
advanced-players,/nfl/advanced/players/receiving/qb-rating-per-target,QB Rating per Target | NFL Advanced Stats,no,1,Jalen CokerJ. Coker,/nfl/player-pages/9884/jalen-coker,Carolina Panthers,WR,2026,158.3,158.3,158.3,158.3,158.3,158.3,158.3,
advanced-players,/nfl/advanced/players/receiving/qb-rating-per-target,QB Rating per Target | NFL Advanced Stats,no,1,Zay FlowersZ. Flowers,/nfl/player-pages/14489/zay-flowers,Baltimore Ravens,WR,2026,158.3,158.3,158.3,158.3,158.3,158.3,158.3,
advanced-players,/nfl/advanced/players/receiving/receiver-air-conversion-ratio,Receiver Air Conversion Ratio | NFL Advanced Stats,no,1,Greg DulcichG. Dulcich,/nfl/player-pages/4086/greg-dulcich,Miami Dolphins,TE,2026,18.0,18.0,18.0,18.0,18.0,-,18.0,
advanced-players,/nfl/advanced/players/receiving/receiver-air-conversion-ratio,Receiver Air Conversion Ratio | NFL Advanced Stats,no,2,Quinshon JudkinsQ. Judkins,/nfl/player-pages/24543/quinshon-judkins,Cleveland Browns,RB,2026,17.0,17.0,17.0,17.0,17.0,-,17.0,
advanced-players,/nfl/advanced/players/receiving/receiver-air-conversion-ratio,Receiver Air Conversion Ratio | NFL Advanced Stats,no,3,Chris Godwin Jr.C. Godwin Jr.,/nfl/player-pages/17568/chris-godwin-jr,Tampa Bay Buccaneers,WR,2026,13.3,13.3,13.3,13.3,13.3,-,13.3,
advanced-players,/nfl/advanced/players/receiving/receiver-air-conversion-ratio,Receiver Air Conversion Ratio | NFL Advanced Stats,no,4,Samaje PerineS. Perine,/nfl/player-pages/5423/samaje-perine,Cincinnati Bengals,RB,2026,10.0,10.0,10.0,10.0,10.0,10.0,-,
advanced-players,/nfl/advanced/players/receiving/receiver-air-conversion-ratio,Receiver Air Conversion Ratio | NFL Advanced Stats,no,5,De'Von AchaneD. Achane,/nfl/player-pages/2590/devon-achane,Miami Dolphins,RB,2026,7.5,7.5,7.5,7.5,7.5,-,7.5,
advanced-players,/nfl/advanced/players/receiving/receiver-target-separation,Receiver Target Separation | NFL Advanced Stats,no,1,Jaylin NoelJ. Noel,/nfl/player-pages/10401/jaylin-noel,Houston Texans,WR,2026,5.0,5.0,5.0,5.0,5.0,5.0,-,
advanced-players,/nfl/advanced/players/receiving/receiver-target-separation,Receiver Target Separation | NFL Advanced Stats,no,1,Breece HallB. Hall,/nfl/player-pages/15133/breece-hall,New York Jets,RB,2026,5.0,5.0,5.0,5.0,5.0,-,5.0,
advanced-players,/nfl/advanced/players/receiving/receiver-target-separation,Receiver Target Separation | NFL Advanced Stats,no,3,Jahmyr GibbsJ. Gibbs,/nfl/player-pages/14931/jahmyr-gibbs,Detroit Lions,RB,2026,4.6,4.6,4.6,4.6,4.6,4.6,-,
advanced-players,/nfl/advanced/players/receiving/receiver-target-separation,Receiver Target Separation | NFL Advanced Stats,no,4,Tyjae SpearsT. Spears,/nfl/player-pages/16445/tyjae-spears,Tennessee Titans,RB,2026,4.5,4.5,4.5,4.5,4.5,4.5,-,
advanced-players,/nfl/advanced/players/receiving/receiver-target-separation,Receiver Target Separation | NFL Advanced Stats,no,5,Raheim SandersR. Sanders,/nfl/player-pages/13074/raheim-sanders,Cleveland Browns,RB,2026,4.3,4.3,4.3,4.3,4.3,-,4.3,
advanced-players,/nfl/advanced/players/receiving/right-aligned-fantasy-points-per-route,Right-Aligned FP/Route | NFL Advanced Stats,no,1,Christian WatsonC. Watson,/nfl/player-pages/19237/christian-watson,Green Bay Packers,WR,2026,1.49,1.49,1.49,1.49,1.49,-,1.49,
advanced-players,/nfl/advanced/players/receiving/right-aligned-fantasy-points-per-route,Right-Aligned FP/Route | NFL Advanced Stats,no,2,Jakobi MeyersJ. Meyers,/nfl/player-pages/9298/jakobi-meyers,Jacksonville Jaguars,WR,2026,1.39,1.39,1.39,1.39,1.39,1.39,-,
advanced-players,/nfl/advanced/players/receiving/right-aligned-fantasy-points-per-route,Right-Aligned FP/Route | NFL Advanced Stats,no,3,Parker WashingtonP. Washington,/nfl/player-pages/19762/parker-washington,Jacksonville Jaguars,WR,2026,1.36,1.36,1.36,1.36,1.36,1.36,-,
advanced-players,/nfl/advanced/players/receiving/right-aligned-fantasy-points-per-route,Right-Aligned FP/Route | NFL Advanced Stats,no,4,DJ MooreD. Moore,/nfl/player-pages/14010/dj-moore,Buffalo Bills,WR,2026,1.16,1.16,1.16,1.16,1.16,-,1.16,
advanced-players,/nfl/advanced/players/receiving/right-aligned-fantasy-points-per-route,Right-Aligned FP/Route | NFL Advanced Stats,no,5,Denzel BostonD. Boston,/nfl/player-pages/110385/denzel-boston,Cleveland Browns,WR,2026,1.11,1.11,1.11,1.11,1.11,-,1.11,
advanced-players,/nfl/advanced/players/receiving/right-aligned-receptions,Right-Aligned Receptions | NFL Advanced Stats,no,1,Michael WilsonM. Wilson,/nfl/player-pages/502/michael-wilson,Arizona Cardinals,WR,2026,5,5,5,5,5,-,5,
advanced-players,/nfl/advanced/players/receiving/right-aligned-receptions,Right-Aligned Receptions | NFL Advanced Stats,no,1,Chris OlaveC. Olave,/nfl/player-pages/4973/chris-olave,New Orleans Saints,WR,2026,5,5,5,5,5,-,5,
advanced-players,/nfl/advanced/players/receiving/right-aligned-receptions,Right-Aligned Receptions | NFL Advanced Stats,no,1,Jalen CokerJ. Coker,/nfl/player-pages/9884/jalen-coker,Carolina Panthers,WR,2026,5,5,5,5,5,5,-,
advanced-players,/nfl/advanced/players/receiving/right-aligned-receptions,Right-Aligned Receptions | NFL Advanced Stats,no,4,Mack HollinsM. Hollins,/nfl/player-pages/1147/mack-hollins,New England Patriots,WR,2026,4,4,4,4,4,-,4,
advanced-players,/nfl/advanced/players/receiving/right-aligned-receptions,Right-Aligned Receptions | NFL Advanced Stats,no,4,Jaxon Smith-NjigbaJ. Smith-Njigba,/nfl/player-pages/2999/jaxon-smith-njigba,Seattle Seahawks,WR,2026,4,4,4,4,4,4,-,
advanced-players,/nfl/advanced/players/receiving/right-aligned-target-rate,Right-Aligned Target Rate | NFL Advanced Stats,no,1,Khalil ShakirK. Shakir,/nfl/player-pages/22751/khalil-shakir,Buffalo Bills,WR,2026,62.5%,62.5%,62.5%,62.5%,62.5%,-,62.5%,
advanced-players,/nfl/advanced/players/receiving/right-aligned-target-rate,Right-Aligned Target Rate | NFL Advanced Stats,no,2,Kalif RaymondK. Raymond,/nfl/player-pages/7394/kalif-raymond,Chicago Bears,WR,2026,50.0%,50.0%,50.0%,50.0%,50.0%,-,50.0%,
advanced-players,/nfl/advanced/players/receiving/right-aligned-target-rate,Right-Aligned Target Rate | NFL Advanced Stats,no,2,KC ConcepcionK. Concepcion,/nfl/player-pages/110438/kc-concepcion,Cleveland Browns,WR,2026,50.0%,50.0%,50.0%,50.0%,50.0%,-,50.0%,
advanced-players,/nfl/advanced/players/receiving/right-aligned-target-rate,Right-Aligned Target Rate | NFL Advanced Stats,no,4,Mack HollinsM. Hollins,/nfl/player-pages/1147/mack-hollins,New England Patriots,WR,2026,45.5%,45.5%,45.5%,45.5%,45.5%,-,45.5%,
advanced-players,/nfl/advanced/players/receiving/right-aligned-target-rate,Right-Aligned Target Rate | NFL Advanced Stats,no,5,Garrett WilsonG. Wilson,/nfl/player-pages/1670/garrett-wilson,New York Jets,WR,2026,42.9%,42.9%,42.9%,42.9%,42.9%,-,42.9%,
advanced-players,/nfl/advanced/players/receiving/right-aligned-targets,Right-Aligned Targets | NFL Advanced Stats,no,1,Michael WilsonM. Wilson,/nfl/player-pages/502/michael-wilson,Arizona Cardinals,WR,2026,6,6,6,6,6,-,6,
advanced-players,/nfl/advanced/players/receiving/right-aligned-targets,Right-Aligned Targets | NFL Advanced Stats,no,1,Matthew GoldenM. Golden,/nfl/player-pages/1620/matthew-golden,Green Bay Packers,WR,2026,6,6,6,6,6,-,6,
advanced-players,/nfl/advanced/players/receiving/right-aligned-targets,Right-Aligned Targets | NFL Advanced Stats,no,1,Chris OlaveC. Olave,/nfl/player-pages/4973/chris-olave,New Orleans Saints,WR,2026,6,6,6,6,6,-,6,
advanced-players,/nfl/advanced/players/receiving/right-aligned-targets,Right-Aligned Targets | NFL Advanced Stats,no,1,Jalen CokerJ. Coker,/nfl/player-pages/9884/jalen-coker,Carolina Panthers,WR,2026,6,6,6,6,6,6,-,
advanced-players,/nfl/advanced/players/receiving/right-aligned-targets,Right-Aligned Targets | NFL Advanced Stats,no,1,Amon-Ra St. BrownA. St. Brown,/nfl/player-pages/12451/amon-ra-st-brown,Detroit Lions,WR,2026,6,6,6,6,6,6,-,
advanced-players,/nfl/advanced/players/receiving/routes-vs-man,Routes vs Man | NFL Advanced Stats,no,1,Tetairoa McMillanT. McMillan,/nfl/player-pages/5263/tetairoa-mcmillan,Carolina Panthers,WR,2026,23,23,23,23,23,23,-,
advanced-players,/nfl/advanced/players/receiving/routes-vs-man,Routes vs Man | NFL Advanced Stats,no,2,Jalen CokerJ. Coker,/nfl/player-pages/9884/jalen-coker,Carolina Panthers,WR,2026,19,19,19,19,19,19,-,
advanced-players,/nfl/advanced/players/receiving/routes-vs-man,Routes vs Man | NFL Advanced Stats,no,2,Devaughn VeleD. Vele,/nfl/player-pages/13889/devaughn-vele,New Orleans Saints,WR,2026,19,19,19,19,19,-,19,
advanced-players,/nfl/advanced/players/receiving/routes-vs-man,Routes vs Man | NFL Advanced Stats,no,4,Michael WilsonM. Wilson,/nfl/player-pages/502/michael-wilson,Arizona Cardinals,WR,2026,17,17,17,17,17,-,17,
advanced-players,/nfl/advanced/players/receiving/routes-vs-man,Routes vs Man | NFL Advanced Stats,no,4,Juwan JohnsonJ. Johnson,/nfl/player-pages/14481/juwan-johnson,New Orleans Saints,TE,2026,17,17,17,17,17,-,17,
advanced-players,/nfl/advanced/players/receiving/routes-vs-zone,Routes vs Zone | NFL Advanced Stats,no,1,Chris OlaveC. Olave,/nfl/player-pages/4973/chris-olave,New Orleans Saints,WR,2026,39,39,39,39,39,-,39,
advanced-players,/nfl/advanced/players/receiving/routes-vs-zone,Routes vs Zone | NFL Advanced Stats,no,2,Devaughn VeleD. Vele,/nfl/player-pages/13889/devaughn-vele,New Orleans Saints,WR,2026,36,36,36,36,36,-,36,
advanced-players,/nfl/advanced/players/receiving/routes-vs-zone,Routes vs Zone | NFL Advanced Stats,no,3,Juwan JohnsonJ. Johnson,/nfl/player-pages/14481/juwan-johnson,New Orleans Saints,TE,2026,31,31,31,31,31,-,31,
advanced-players,/nfl/advanced/players/receiving/routes-vs-zone,Routes vs Zone | NFL Advanced Stats,no,3,Bryce LanceB. Lance,/nfl/player-pages/110649/bryce-lance,New Orleans Saints,WR,2026,31,31,31,31,31,-,31,
advanced-players,/nfl/advanced/players/receiving/routes-vs-zone,Routes vs Zone | NFL Advanced Stats,no,5,Matthew GoldenM. Golden,/nfl/player-pages/1620/matthew-golden,Green Bay Packers,WR,2026,30,30,30,30,30,-,30,
advanced-players,/nfl/advanced/players/receiving/single-high-rate,Single High Rate | NFL Advanced Stats,no,1,Kenneth Walker IIIK. Walker III,/nfl/player-pages/2659/kenneth-walker-iii,Kansas City Chiefs,RB,2026,91.7%,91.7%,91.7%,91.7%,91.7%,91.7%,-,
advanced-players,/nfl/advanced/players/receiving/single-high-rate,Single High Rate | NFL Advanced Stats,no,1,Josh PalmerJ. Palmer,/nfl/player-pages/24050/josh-palmer,Buffalo Bills,WR,2026,91.7%,91.7%,91.7%,91.7%,91.7%,-,91.7%,
advanced-players,/nfl/advanced/players/receiving/single-high-rate,Single High Rate | NFL Advanced Stats,no,3,Dawson KnoxD. Knox,/nfl/player-pages/12589/dawson-knox,Buffalo Bills,TE,2026,90.9%,90.9%,90.9%,90.9%,90.9%,-,90.9%,
advanced-players,/nfl/advanced/players/receiving/single-high-rate,Single High Rate | NFL Advanced Stats,no,4,Noah GrayN. Gray,/nfl/player-pages/1994/noah-gray,Kansas City Chiefs,TE,2026,88.9%,88.9%,88.9%,88.9%,88.9%,88.9%,-,
advanced-players,/nfl/advanced/players/receiving/single-high-rate,Single High Rate | NFL Advanced Stats,no,5,Khalil ShakirK. Shakir,/nfl/player-pages/22751/khalil-shakir,Buffalo Bills,WR,2026,85.0%,85.0%,85.0%,85.0%,85.0%,-,85.0%,
advanced-players,/nfl/advanced/players/receiving/slot-fantasy-points-per-route,Slot FP/Route | NFL Advanced Stats,no,1,Jakobi MeyersJ. Meyers,/nfl/player-pages/9298/jakobi-meyers,Jacksonville Jaguars,WR,2026,2.43,2.43,2.43,2.43,2.43,2.43,-,
advanced-players,/nfl/advanced/players/receiving/slot-fantasy-points-per-route,Slot FP/Route | NFL Advanced Stats,no,2,Antonio WilliamsA. Williams,/nfl/player-pages/110939/antonio-williams,Washington Commanders,WR,2026,2.08,2.08,2.08,2.08,2.08,-,2.08,
advanced-players,/nfl/advanced/players/receiving/slot-fantasy-points-per-route,Slot FP/Route | NFL Advanced Stats,no,3,Zay FlowersZ. Flowers,/nfl/player-pages/14489/zay-flowers,Baltimore Ravens,WR,2026,1.88,1.88,1.88,1.88,1.88,-,1.88,
advanced-players,/nfl/advanced/players/receiving/slot-fantasy-points-per-route,Slot FP/Route | NFL Advanced Stats,no,4,Jahdae WalkerJ. Walker,/nfl/player-pages/24350/jahdae-walker,Chicago Bears,WR,2026,1.65,1.65,1.65,1.65,1.65,-,1.65,
advanced-players,/nfl/advanced/players/receiving/slot-fantasy-points-per-route,Slot FP/Route | NFL Advanced Stats,no,5,Parker WashingtonP. Washington,/nfl/player-pages/19762/parker-washington,Jacksonville Jaguars,WR,2026,1.58,1.58,1.58,1.58,1.58,1.58,-,
advanced-players,/nfl/advanced/players/receiving/slot-receptions,Slot Receptions | NFL Advanced Stats,no,1,Amon-Ra St. BrownA. St. Brown,/nfl/player-pages/12451/amon-ra-st-brown,Detroit Lions,WR,2026,6,6,6,6,6,6,-,
advanced-players,/nfl/advanced/players/receiving/slot-receptions,Slot Receptions | NFL Advanced Stats,no,2,Kalif RaymondK. Raymond,/nfl/player-pages/7394/kalif-raymond,Chicago Bears,WR,2026,5,5,5,5,5,-,5,
advanced-players,/nfl/advanced/players/receiving/slot-receptions,Slot Receptions | NFL Advanced Stats,no,3,Chris OlaveC. Olave,/nfl/player-pages/4973/chris-olave,New Orleans Saints,WR,2026,4,4,4,4,4,-,4,
advanced-players,/nfl/advanced/players/receiving/slot-receptions,Slot Receptions | NFL Advanced Stats,no,3,Kendrick BourneK. Bourne,/nfl/player-pages/6981/kendrick-bourne,Arizona Cardinals,WR,2026,4,4,4,4,4,-,4,
advanced-players,/nfl/advanced/players/receiving/slot-receptions,Slot Receptions | NFL Advanced Stats,no,3,DeMario DouglasD. Douglas,/nfl/player-pages/8027/demario-douglas,New England Patriots,WR,2026,4,4,4,4,4,-,4,
advanced-players,/nfl/advanced/players/receiving/slot-target-rate,Slot Target Rate | NFL Advanced Stats,no,1,Mike EvansM. Evans,/nfl/player-pages/6348/mike-evans,San Francisco 49ers,WR,2026,75.0%,75.0%,75.0%,75.0%,75.0%,-,75.0%,
advanced-players,/nfl/advanced/players/receiving/slot-target-rate,Slot Target Rate | NFL Advanced Stats,no,2,Zay FlowersZ. Flowers,/nfl/player-pages/14489/zay-flowers,Baltimore Ravens,WR,2026,60.0%,60.0%,60.0%,60.0%,60.0%,-,60.0%,
advanced-players,/nfl/advanced/players/receiving/slot-target-rate,Slot Target Rate | NFL Advanced Stats,no,3,Kalif RaymondK. Raymond,/nfl/player-pages/7394/kalif-raymond,Chicago Bears,WR,2026,55.6%,55.6%,55.6%,55.6%,55.6%,-,55.6%,
advanced-players,/nfl/advanced/players/receiving/slot-target-rate,Slot Target Rate | NFL Advanced Stats,no,3,Pat BryantP. Bryant,/nfl/player-pages/10566/pat-bryant,Denver Broncos,WR,2026,55.6%,55.6%,55.6%,55.6%,55.6%,-,55.6%,
advanced-players,/nfl/advanced/players/receiving/slot-target-rate,Slot Target Rate | NFL Advanced Stats,no,5,Antonio WilliamsA. Williams,/nfl/player-pages/110939/antonio-williams,Washington Commanders,WR,2026,50.0%,50.0%,50.0%,50.0%,50.0%,-,50.0%,
advanced-players,/nfl/advanced/players/receiving/slot-targets,Slot Targets | NFL Advanced Stats,no,1,Amon-Ra St. BrownA. St. Brown,/nfl/player-pages/12451/amon-ra-st-brown,Detroit Lions,WR,2026,7,7,7,7,7,7,-,
advanced-players,/nfl/advanced/players/receiving/slot-targets,Slot Targets | NFL Advanced Stats,no,1,Stefon DiggsS. Diggs,/nfl/player-pages/17968/stefon-diggs,Washington Commanders,WR,2026,7,7,7,7,7,-,7,
advanced-players,/nfl/advanced/players/receiving/slot-targets,Slot Targets | NFL Advanced Stats,no,3,Jayden ReedJ. Reed,/nfl/player-pages/4414/jayden-reed,Green Bay Packers,WR,2026,6,6,6,6,6,-,6,
advanced-players,/nfl/advanced/players/receiving/slot-targets,Slot Targets | NFL Advanced Stats,no,3,DeMario DouglasD. Douglas,/nfl/player-pages/8027/demario-douglas,New England Patriots,WR,2026,6,6,6,6,6,-,6,
advanced-players,/nfl/advanced/players/receiving/slot-targets,Slot Targets | NFL Advanced Stats,no,5,Chris OlaveC. Olave,/nfl/player-pages/4973/chris-olave,New Orleans Saints,WR,2026,5,5,5,5,5,-,5,
advanced-players,/nfl/advanced/players/receiving/target-accuracy,Target Accuracy | NFL Advanced Stats,no,1,Darnell MooneyD. Mooney,/nfl/player-pages/950/darnell-mooney,New York Giants,WR,2026,100.0%,100.0%,100.0%,100.0%,100.0%,100.0%,-,
advanced-players,/nfl/advanced/players/receiving/target-accuracy,Target Accuracy | NFL Advanced Stats,no,1,Emmett JohnsonE. Johnson,/nfl/player-pages/110611/emmett-johnson,Kansas City Chiefs,RB,2026,100.0%,100.0%,100.0%,100.0%,100.0%,100.0%,-,
advanced-players,/nfl/advanced/players/receiving/target-accuracy,Target Accuracy | NFL Advanced Stats,no,1,Garrett WilsonG. Wilson,/nfl/player-pages/1670/garrett-wilson,New York Jets,WR,2026,100.0%,100.0%,100.0%,100.0%,100.0%,-,100.0%,
advanced-players,/nfl/advanced/players/receiving/target-accuracy,Target Accuracy | NFL Advanced Stats,no,1,Ryan FlournoyR. Flournoy,/nfl/player-pages/2261/ryan-flournoy,Dallas Cowboys,WR,2026,100.0%,100.0%,100.0%,100.0%,100.0%,-,100.0%,
advanced-players,/nfl/advanced/players/receiving/target-accuracy,Target Accuracy | NFL Advanced Stats,no,1,Pat FreiermuthP. Freiermuth,/nfl/player-pages/2422/pat-freiermuth,Pittsburgh Steelers,TE,2026,100.0%,100.0%,100.0%,100.0%,100.0%,100.0%,-,
advanced-players,/nfl/advanced/players/receiving/target-premium,Target Premium | NFL Advanced Stats,no,1,Lan LarisonL. Larison,/nfl/player-pages/6021/lan-larison,New England Patriots,RB,2026,85.00,85.00,85.00,85.00,85.00,0.00,85.00,
advanced-players,/nfl/advanced/players/receiving/target-premium,Target Premium | NFL Advanced Stats,no,2,Zay FlowersZ. Flowers,/nfl/player-pages/14489/zay-flowers,Baltimore Ravens,WR,2026,45.00,45.00,45.00,45.00,45.00,0.00,45.00,
advanced-players,/nfl/advanced/players/receiving/target-premium,Target Premium | NFL Advanced Stats,no,3,Ladd McConkeyL. McConkey,/nfl/player-pages/3282/ladd-mcconkey,Los Angeles Chargers,WR,2026,38.85,38.85,38.85,38.85,38.85,38.85,0.00,
advanced-players,/nfl/advanced/players/receiving/target-premium,Target Premium | NFL Advanced Stats,no,4,John BatesJ. Bates,/nfl/player-pages/2419/john-bates,Washington Commanders,TE,2026,35.00,35.00,35.00,35.00,35.00,0.00,35.00,
advanced-players,/nfl/advanced/players/receiving/target-premium,Target Premium | NFL Advanced Stats,no,4,Kenneth Walker IIIK. Walker III,/nfl/player-pages/2659/kenneth-walker-iii,Kansas City Chiefs,RB,2026,35.00,35.00,35.00,35.00,35.00,35.00,0.00,
advanced-players,/nfl/advanced/players/receiving/target-quality-rating,Target Quality Rating | NFL Advanced Stats,no,1,Darnell MooneyD. Mooney,/nfl/player-pages/950/darnell-mooney,New York Giants,WR,2026,100.00,100.00,100.00,100.00,100.00,100.00,0.00,
advanced-players,/nfl/advanced/players/receiving/target-quality-rating,Target Quality Rating | NFL Advanced Stats,no,1,Emmett JohnsonE. Johnson,/nfl/player-pages/110611/emmett-johnson,Kansas City Chiefs,RB,2026,100.00,100.00,100.00,100.00,100.00,100.00,0.00,
advanced-players,/nfl/advanced/players/receiving/target-quality-rating,Target Quality Rating | NFL Advanced Stats,no,1,Ryan FlournoyR. Flournoy,/nfl/player-pages/2261/ryan-flournoy,Dallas Cowboys,WR,2026,100.00,100.00,100.00,100.00,100.00,0.00,100.00,
advanced-players,/nfl/advanced/players/receiving/target-quality-rating,Target Quality Rating | NFL Advanced Stats,no,1,Pat FreiermuthP. Freiermuth,/nfl/player-pages/2422/pat-freiermuth,Pittsburgh Steelers,TE,2026,100.00,100.00,100.00,100.00,100.00,100.00,0.00,
advanced-players,/nfl/advanced/players/receiving/target-quality-rating,Target Quality Rating | NFL Advanced Stats,no,1,Darren WallerD. Waller,/nfl/player-pages/3397/darren-waller,Carolina Panthers,TE,2026,100.00,100.00,100.00,100.00,100.00,100.00,0.00,
advanced-players,/nfl/advanced/players/receiving/target-rate-vs-man,Target Rate vs Man | NFL Advanced Stats,no,1,A.J. BrownA. Brown,/nfl/player-pages/3584/aj-brown,New England Patriots,WR,2026,100.0%,100.0%,100.0%,100.0%,100.0%,-,100.0%,
advanced-players,/nfl/advanced/players/receiving/target-rate-vs-man,Target Rate vs Man | NFL Advanced Stats,no,1,Braelon AllenB. Allen,/nfl/player-pages/8067/braelon-allen,New York Jets,RB,2026,100.0%,100.0%,100.0%,100.0%,100.0%,-,100.0%,
advanced-players,/nfl/advanced/players/receiving/target-rate-vs-man,Target Rate vs Man | NFL Advanced Stats,no,3,Mike EvansM. Evans,/nfl/player-pages/6348/mike-evans,San Francisco 49ers,WR,2026,80.0%,80.0%,80.0%,80.0%,80.0%,-,80.0%,
advanced-players,/nfl/advanced/players/receiving/target-rate-vs-man,Target Rate vs Man | NFL Advanced Stats,no,4,Jack BechJ. Bech,/nfl/player-pages/3673/jack-bech,Las Vegas Raiders,WR,2026,75.0%,75.0%,75.0%,75.0%,75.0%,75.0%,-,
advanced-players,/nfl/advanced/players/receiving/target-rate-vs-man,Target Rate vs Man | NFL Advanced Stats,no,4,Amon-Ra St. BrownA. St. Brown,/nfl/player-pages/12451/amon-ra-st-brown,Detroit Lions,WR,2026,75.0%,75.0%,75.0%,75.0%,75.0%,75.0%,-,
advanced-players,/nfl/advanced/players/receiving/target-rate-vs-zone,Target Rate vs Zone | NFL Advanced Stats,no,1,Ladd McConkeyL. McConkey,/nfl/player-pages/3282/ladd-mcconkey,Los Angeles Chargers,WR,2026,62.5%,62.5%,62.5%,62.5%,62.5%,62.5%,-,
advanced-players,/nfl/advanced/players/receiving/target-rate-vs-zone,Target Rate vs Zone | NFL Advanced Stats,no,2,Jaylen WarrenJ. Warren,/nfl/player-pages/6251/jaylen-warren,Pittsburgh Steelers,RB,2026,55.6%,55.6%,55.6%,55.6%,55.6%,55.6%,-,
advanced-players,/nfl/advanced/players/receiving/target-rate-vs-zone,Target Rate vs Zone | NFL Advanced Stats,no,3,Christian McCaffreyC. McCaffrey,/nfl/player-pages/23646/christian-mccaffrey,San Francisco 49ers,RB,2026,53.8%,53.8%,53.8%,53.8%,53.8%,-,53.8%,
advanced-players,/nfl/advanced/players/receiving/target-rate-vs-zone,Target Rate vs Zone | NFL Advanced Stats,no,4,Jaxon Smith-NjigbaJ. Smith-Njigba,/nfl/player-pages/2999/jaxon-smith-njigba,Seattle Seahawks,WR,2026,52.9%,52.9%,52.9%,52.9%,52.9%,52.9%,-,
advanced-players,/nfl/advanced/players/receiving/target-rate-vs-zone,Target Rate vs Zone | NFL Advanced Stats,no,5,John BatesJ. Bates,/nfl/player-pages/2419/john-bates,Washington Commanders,TE,2026,50.0%,50.0%,50.0%,50.0%,50.0%,-,50.0%,
advanced-players,/nfl/advanced/players/receiving/target-separation,Target Separation | NFL Advanced Stats,no,1,Jaylin NoelJ. Noel,/nfl/player-pages/10401/jaylin-noel,Houston Texans,WR,2026,5.0,5.0,5.0,5.0,5.0,5.0,-,
advanced-players,/nfl/advanced/players/receiving/target-separation,Target Separation | NFL Advanced Stats,no,1,Breece HallB. Hall,/nfl/player-pages/15133/breece-hall,New York Jets,RB,2026,5.0,5.0,5.0,5.0,5.0,-,5.0,
advanced-players,/nfl/advanced/players/receiving/target-separation,Target Separation | NFL Advanced Stats,no,3,Jahmyr GibbsJ. Gibbs,/nfl/player-pages/14931/jahmyr-gibbs,Detroit Lions,RB,2026,4.6,4.6,4.6,4.6,4.6,4.6,-,
advanced-players,/nfl/advanced/players/receiving/target-separation,Target Separation | NFL Advanced Stats,no,4,Tyjae SpearsT. Spears,/nfl/player-pages/16445/tyjae-spears,Tennessee Titans,RB,2026,4.5,4.5,4.5,4.5,4.5,4.5,-,
advanced-players,/nfl/advanced/players/receiving/target-separation,Target Separation | NFL Advanced Stats,no,5,Raheim SandersR. Sanders,/nfl/player-pages/13074/raheim-sanders,Cleveland Browns,RB,2026,4.3,4.3,4.3,4.3,4.3,-,4.3,
advanced-players,/nfl/advanced/players/receiving/target-separation-vs-man,Target Separation vs Man | NFL Advanced Stats,no,1,Jaylin NoelJ. Noel,/nfl/player-pages/10401/jaylin-noel,Houston Texans,WR,2026,5.00,5.00,5.00,5.00,5.00,5.00,0.00,
advanced-players,/nfl/advanced/players/receiving/target-separation-vs-man,Target Separation vs Man | NFL Advanced Stats,no,2,Raheim SandersR. Sanders,/nfl/player-pages/13074/raheim-sanders,Cleveland Browns,RB,2026,4.33,4.33,4.33,4.33,4.33,0.00,4.33,
advanced-players,/nfl/advanced/players/receiving/target-separation-vs-man,Target Separation vs Man | NFL Advanced Stats,no,3,RJ HarveyR. Harvey,/nfl/player-pages/7982/rj-harvey,Denver Broncos,RB,2026,4.00,4.00,4.00,4.00,4.00,0.00,4.00,
advanced-players,/nfl/advanced/players/receiving/target-separation-vs-man,Target Separation vs Man | NFL Advanced Stats,no,4,Bucky IrvingB. Irving,/nfl/player-pages/17872/bucky-irving,Tampa Bay Buccaneers,RB,2026,3.93,3.93,3.93,3.93,3.93,0.00,3.93,
advanced-players,/nfl/advanced/players/receiving/target-separation-vs-man,Target Separation vs Man | NFL Advanced Stats,no,5,Chuba HubbardC. Hubbard,/nfl/player-pages/5378/chuba-hubbard,Carolina Panthers,RB,2026,3.67,3.67,3.67,3.67,3.67,3.67,0.00,
advanced-players,/nfl/advanced/players/receiving/target-separation-vs-zone,Target Separation vs Zone | NFL Advanced Stats,no,1,Jaylin NoelJ. Noel,/nfl/player-pages/10401/jaylin-noel,Houston Texans,WR,2026,5.00,5.00,5.00,5.00,5.00,5.00,0.00,
advanced-players,/nfl/advanced/players/receiving/target-separation-vs-zone,Target Separation vs Zone | NFL Advanced Stats,no,1,Breece HallB. Hall,/nfl/player-pages/15133/breece-hall,New York Jets,RB,2026,5.00,5.00,5.00,5.00,5.00,0.00,5.00,
advanced-players,/nfl/advanced/players/receiving/target-separation-vs-zone,Target Separation vs Zone | NFL Advanced Stats,no,3,Jahmyr GibbsJ. Gibbs,/nfl/player-pages/14931/jahmyr-gibbs,Detroit Lions,RB,2026,4.60,4.60,4.60,4.60,4.60,4.60,0.00,
advanced-players,/nfl/advanced/players/receiving/target-separation-vs-zone,Target Separation vs Zone | NFL Advanced Stats,no,4,Tyjae SpearsT. Spears,/nfl/player-pages/16445/tyjae-spears,Tennessee Titans,RB,2026,4.50,4.50,4.50,4.50,4.50,4.50,0.00,
advanced-players,/nfl/advanced/players/receiving/target-separation-vs-zone,Target Separation vs Zone | NFL Advanced Stats,no,5,Raheim SandersR. Sanders,/nfl/player-pages/13074/raheim-sanders,Cleveland Browns,RB,2026,4.33,4.33,4.33,4.33,4.33,0.00,4.33,
advanced-players,/nfl/advanced/players/receiving/targets-per-route-run-vs-man,Targets per Route Run vs. Man | NFL Advanced Stats,no,1,A.J. BrownA. Brown,/nfl/player-pages/3584/aj-brown,New England Patriots,WR,2026,1.00,1.00,1.00,1.00,1.00,-,1.00,
advanced-players,/nfl/advanced/players/receiving/targets-per-route-run-vs-man,Targets per Route Run vs. Man | NFL Advanced Stats,no,1,Braelon AllenB. Allen,/nfl/player-pages/8067/braelon-allen,New York Jets,RB,2026,1.00,1.00,1.00,1.00,1.00,-,1.00,
advanced-players,/nfl/advanced/players/receiving/targets-per-route-run-vs-man,Targets per Route Run vs. Man | NFL Advanced Stats,no,3,Mike EvansM. Evans,/nfl/player-pages/6348/mike-evans,San Francisco 49ers,WR,2026,0.80,0.80,0.80,0.80,0.80,-,0.80,
advanced-players,/nfl/advanced/players/receiving/targets-per-route-run-vs-man,Targets per Route Run vs. Man | NFL Advanced Stats,no,4,Jack BechJ. Bech,/nfl/player-pages/3673/jack-bech,Las Vegas Raiders,WR,2026,0.75,0.75,0.75,0.75,0.75,0.75,-,
advanced-players,/nfl/advanced/players/receiving/targets-per-route-run-vs-man,Targets per Route Run vs. Man | NFL Advanced Stats,no,4,Amon-Ra St. BrownA. St. Brown,/nfl/player-pages/12451/amon-ra-st-brown,Detroit Lions,WR,2026,0.75,0.75,0.75,0.75,0.75,0.75,-,
advanced-players,/nfl/advanced/players/receiving/targets-per-route-run-vs-zone,Targets per Route Run vs. Zone | NFL Advanced Stats,no,1,Ladd McConkeyL. McConkey,/nfl/player-pages/3282/ladd-mcconkey,Los Angeles Chargers,WR,2026,0.63,0.63,0.63,0.63,0.63,0.63,-,
advanced-players,/nfl/advanced/players/receiving/targets-per-route-run-vs-zone,Targets per Route Run vs. Zone | NFL Advanced Stats,no,2,Jaylen WarrenJ. Warren,/nfl/player-pages/6251/jaylen-warren,Pittsburgh Steelers,RB,2026,0.56,0.56,0.56,0.56,0.56,0.56,-,
advanced-players,/nfl/advanced/players/receiving/targets-per-route-run-vs-zone,Targets per Route Run vs. Zone | NFL Advanced Stats,no,3,Christian McCaffreyC. McCaffrey,/nfl/player-pages/23646/christian-mccaffrey,San Francisco 49ers,RB,2026,0.54,0.54,0.54,0.54,0.54,-,0.54,
advanced-players,/nfl/advanced/players/receiving/targets-per-route-run-vs-zone,Targets per Route Run vs. Zone | NFL Advanced Stats,no,4,Jaxon Smith-NjigbaJ. Smith-Njigba,/nfl/player-pages/2999/jaxon-smith-njigba,Seattle Seahawks,WR,2026,0.53,0.53,0.53,0.53,0.53,0.53,-,
advanced-players,/nfl/advanced/players/receiving/targets-per-route-run-vs-zone,Targets per Route Run vs. Zone | NFL Advanced Stats,no,5,John BatesJ. Bates,/nfl/player-pages/2419/john-bates,Washington Commanders,TE,2026,0.50,0.50,0.50,0.50,0.50,-,0.50,
advanced-players,/nfl/advanced/players/receiving/true-catch-rate,True Catch Rate | NFL Advanced Stats,no,1,Josh DownsJ. Downs,/nfl/player-pages/366/josh-downs,Indianapolis Colts,WR,2026,100.0%,100.0%,100.0%,100.0%,100.0%,100.0%,-,
advanced-players,/nfl/advanced/players/receiving/true-catch-rate,True Catch Rate | NFL Advanced Stats,no,1,Michael WilsonM. Wilson,/nfl/player-pages/502/michael-wilson,Arizona Cardinals,WR,2026,100.0%,100.0%,100.0%,100.0%,100.0%,-,100.0%,
advanced-players,/nfl/advanced/players/receiving/true-catch-rate,True Catch Rate | NFL Advanced Stats,no,1,Jonathon BrooksJ. Brooks,/nfl/player-pages/923/jonathon-brooks,Carolina Panthers,RB,2026,100.0%,100.0%,100.0%,100.0%,100.0%,100.0%,-,
advanced-players,/nfl/advanced/players/receiving/true-catch-rate,True Catch Rate | NFL Advanced Stats,no,1,Darnell MooneyD. Mooney,/nfl/player-pages/950/darnell-mooney,New York Giants,WR,2026,100.0%,100.0%,100.0%,100.0%,100.0%,100.0%,-,
advanced-players,/nfl/advanced/players/receiving/true-catch-rate,True Catch Rate | NFL Advanced Stats,no,1,Emmett JohnsonE. Johnson,/nfl/player-pages/110611/emmett-johnson,Kansas City Chiefs,RB,2026,100.0%,100.0%,100.0%,100.0%,100.0%,100.0%,-,
advanced-players,/nfl/advanced/players/receiving/two-high-rate,Two High Rate | NFL Advanced Stats,no,1,Olamide ZaccheausO. Zaccheaus,/nfl/player-pages/8245/olamide-zaccheaus,Atlanta Falcons,WR,2026,88.9%,88.9%,88.9%,88.9%,88.9%,-,88.9%,
advanced-players,/nfl/advanced/players/receiving/two-high-rate,Two High Rate | NFL Advanced Stats,no,2,Josh OliverJ. Oliver,/nfl/player-pages/3158/josh-oliver,Minnesota Vikings,TE,2026,75.0%,75.0%,75.0%,75.0%,75.0%,75.0%,-,
advanced-players,/nfl/advanced/players/receiving/two-high-rate,Two High Rate | NFL Advanced Stats,no,2,Jared WayneJ. Wayne,/nfl/player-pages/17829/jared-wayne,Houston Texans,WR,2026,75.0%,75.0%,75.0%,75.0%,75.0%,75.0%,-,
advanced-players,/nfl/advanced/players/receiving/two-high-rate,Two High Rate | NFL Advanced Stats,no,4,David MontgomeryD. Montgomery,/nfl/player-pages/13191/david-montgomery,Houston Texans,RB,2026,73.3%,73.3%,73.3%,73.3%,73.3%,73.3%,-,
advanced-players,/nfl/advanced/players/receiving/two-high-rate,Two High Rate | NFL Advanced Stats,no,5,Kyle PittsK. Pitts,/nfl/player-pages/19547/kyle-pitts,Atlanta Falcons,TE,2026,71.4%,71.4%,71.4%,71.4%,71.4%,-,71.4%,
advanced-players,/nfl/advanced/players/receiving/unrealized-air-yards,Unrealized Air Yards | NFL Advanced Stats,no,1,DK MetcalfD. Metcalf,/nfl/player-pages/21550/dk-metcalf,Pittsburgh Steelers,WR,2026,164.0,164.0,164.0,164.0,164.0,164.0,-,
advanced-players,/nfl/advanced/players/receiving/unrealized-air-yards,Unrealized Air Yards | NFL Advanced Stats,no,2,Roman WilsonR. Wilson,/nfl/player-pages/5609/roman-wilson,Pittsburgh Steelers,WR,2026,100.0,100.0,100.0,100.0,100.0,100.0,-,
advanced-players,/nfl/advanced/players/receiving/unrealized-air-yards,Unrealized Air Yards | NFL Advanced Stats,no,3,Malik WashingtonM. Washington,/nfl/player-pages/14482/malik-washington,Miami Dolphins,WR,2026,82.0,82.0,82.0,82.0,82.0,-,82.0,
advanced-players,/nfl/advanced/players/receiving/unrealized-air-yards,Unrealized Air Yards | NFL Advanced Stats,no,3,Jameson WilliamsJ. Williams,/nfl/player-pages/20116/jameson-williams,Detroit Lions,WR,2026,82.0,82.0,82.0,82.0,82.0,82.0,-,
advanced-players,/nfl/advanced/players/receiving/unrealized-air-yards,Unrealized Air Yards | NFL Advanced Stats,no,5,George PickensG. Pickens,/nfl/player-pages/23440/george-pickens,Dallas Cowboys,WR,2026,76.0,76.0,76.0,76.0,76.0,-,76.0,
advanced-players,/nfl/advanced/players/receiving/weighted-opportunity-rating,Weighted Opportunity Rating | NFL Advanced Stats,no,1,Jaxon Smith-NjigbaJ. Smith-Njigba,/nfl/player-pages/2999/jaxon-smith-njigba,Seattle Seahawks,WR,2026,98.01,98.01,98.01,98.01,98.01,98.01,0.00,
advanced-players,/nfl/advanced/players/receiving/weighted-opportunity-rating,Weighted Opportunity Rating | NFL Advanced Stats,no,2,Justin JeffersonJ. Jefferson,/nfl/player-pages/21285/justin-jefferson,Minnesota Vikings,WR,2026,88.11,88.11,88.11,88.11,88.11,88.11,0.00,
advanced-players,/nfl/advanced/players/receiving/weighted-opportunity-rating,Weighted Opportunity Rating | NFL Advanced Stats,no,3,Puka NacuaP. Nacua,/nfl/player-pages/14907/puka-nacua,Los Angeles Rams,WR,2026,79.30,79.30,79.30,79.30,79.30,79.30,0.00,
advanced-players,/nfl/advanced/players/receiving/weighted-opportunity-rating,Weighted Opportunity Rating | NFL Advanced Stats,no,4,Garrett WilsonG. Wilson,/nfl/player-pages/1670/garrett-wilson,New York Jets,WR,2026,78.30,78.30,78.30,78.30,78.30,0.00,78.30,
advanced-players,/nfl/advanced/players/receiving/weighted-opportunity-rating,Weighted Opportunity Rating | NFL Advanced Stats,no,5,Jameson WilliamsJ. Williams,/nfl/player-pages/20116/jameson-williams,Detroit Lions,WR,2026,77.56,77.56,77.56,77.56,77.56,77.56,0.00,
advanced-players,/nfl/advanced/players/receiving/win-rate-vs-man,Win Rate vs Man | NFL Advanced Stats,no,1,A.J. BrownA. Brown,/nfl/player-pages/3584/aj-brown,New England Patriots,WR,2026,100.0%,100.0%,100.0%,100.0%,100.0%,-,100.0%,
advanced-players,/nfl/advanced/players/receiving/win-rate-vs-man,Win Rate vs Man | NFL Advanced Stats,no,1,Davis AllenD. Allen,/nfl/player-pages/5093/davis-allen,Los Angeles Rams,TE,2026,100.0%,100.0%,100.0%,100.0%,100.0%,100.0%,-,
advanced-players,/nfl/advanced/players/receiving/win-rate-vs-man,Win Rate vs Man | NFL Advanced Stats,no,1,Braelon AllenB. Allen,/nfl/player-pages/8067/braelon-allen,New York Jets,RB,2026,100.0%,100.0%,100.0%,100.0%,100.0%,-,100.0%,
advanced-players,/nfl/advanced/players/receiving/win-rate-vs-man,Win Rate vs Man | NFL Advanced Stats,no,1,Cyrus AllenC. Allen,/nfl/player-pages/110325/cyrus-allen,Kansas City Chiefs,WR,2026,100.0%,100.0%,100.0%,100.0%,100.0%,100.0%,-,
advanced-players,/nfl/advanced/players/receiving/win-rate-vs-man,Win Rate vs Man | NFL Advanced Stats,no,1,Malik BensonM. Benson,/nfl/player-pages/110371/malik-benson,Las Vegas Raiders,WR,2026,100.0%,100.0%,100.0%,100.0%,100.0%,100.0%,-,
advanced-players,/nfl/advanced/players/receiving/win-rate-vs-zone,Win Rate vs Zone | NFL Advanced Stats,no,1,Lan LarisonL. Larison,/nfl/player-pages/6021/lan-larison,New England Patriots,RB,2026,100.0%,100.0%,100.0%,100.0%,100.0%,-,100.0%,
advanced-players,/nfl/advanced/players/receiving/win-rate-vs-zone,Win Rate vs Zone | NFL Advanced Stats,no,1,Arian SmithA. Smith,/nfl/player-pages/6694/arian-smith,New York Jets,WR,2026,100.0%,100.0%,100.0%,100.0%,100.0%,-,100.0%,
advanced-players,/nfl/advanced/players/receiving/win-rate-vs-zone,Win Rate vs Zone | NFL Advanced Stats,no,1,Andrew OgletreeA. Ogletree,/nfl/player-pages/7049/andrew-ogletree,Indianapolis Colts,TE,2026,100.0%,100.0%,100.0%,100.0%,100.0%,100.0%,-,
advanced-players,/nfl/advanced/players/receiving/win-rate-vs-zone,Win Rate vs Zone | NFL Advanced Stats,no,1,Ameer AbdullahA. Abdullah,/nfl/player-pages/19777/ameer-abdullah,Jacksonville Jaguars,RB,2026,100.0%,100.0%,100.0%,100.0%,100.0%,100.0%,-,
advanced-players,/nfl/advanced/players/receiving/win-rate-vs-zone,Win Rate vs Zone | NFL Advanced Stats,no,5,Ladd McConkeyL. McConkey,/nfl/player-pages/3282/ladd-mcconkey,Los Angeles Chargers,WR,2026,62.5%,62.5%,62.5%,62.5%,62.5%,62.5%,-,
advanced-players,/nfl/advanced/players/receiving/yards-after-catch,Yards After Catch | NFL Advanced Stats,no,1,Bijan RobinsonB. Robinson,/nfl/player-pages/21178/bijan-robinson,Atlanta Falcons,RB,2026,110.0,110.0,110.0,110.0,110.0,-,110.0,
advanced-players,/nfl/advanced/players/receiving/yards-after-catch,Yards After Catch | NFL Advanced Stats,no,2,Zay FlowersZ. Flowers,/nfl/player-pages/14489/zay-flowers,Baltimore Ravens,WR,2026,83.0,83.0,83.0,83.0,83.0,-,83.0,
advanced-players,/nfl/advanced/players/receiving/yards-after-catch,Yards After Catch | NFL Advanced Stats,no,3,Bucky IrvingB. Irving,/nfl/player-pages/17872/bucky-irving,Tampa Bay Buccaneers,RB,2026,73.0,73.0,73.0,73.0,73.0,-,73.0,
advanced-players,/nfl/advanced/players/receiving/yards-after-catch,Yards After Catch | NFL Advanced Stats,no,4,Christian WatsonC. Watson,/nfl/player-pages/19237/christian-watson,Green Bay Packers,WR,2026,72.0,72.0,72.0,72.0,72.0,-,72.0,
advanced-players,/nfl/advanced/players/receiving/yards-after-catch,Yards After Catch | NFL Advanced Stats,no,5,Travis KelceT. Kelce,/nfl/player-pages/8521/travis-kelce,Kansas City Chiefs,TE,2026,63.0,63.0,63.0,63.0,63.0,63.0,-,
advanced-players,/nfl/advanced/players/receiving/yards-after-catch-per-reception,Yards After Catch per Reception | NFL Advanced Stats,no,1,Jonathon BrooksJ. Brooks,/nfl/player-pages/923/jonathon-brooks,Carolina Panthers,RB,2026,26.0,26.0,26.0,26.0,26.0,26.0,-,
advanced-players,/nfl/advanced/players/receiving/yards-after-catch-per-reception,Yards After Catch per Reception | NFL Advanced Stats,no,1,Emmett JohnsonE. Johnson,/nfl/player-pages/110611/emmett-johnson,Kansas City Chiefs,RB,2026,26.0,26.0,26.0,26.0,26.0,26.0,-,
advanced-players,/nfl/advanced/players/receiving/yards-after-catch-per-reception,Yards After Catch per Reception | NFL Advanced Stats,no,3,Chris MooreC. Moore,/nfl/player-pages/3536/chris-moore,Baltimore Ravens,WR,2026,23.0,23.0,23.0,23.0,23.0,-,23.0,
advanced-players,/nfl/advanced/players/receiving/yards-after-catch-per-reception,Yards After Catch per Reception | NFL Advanced Stats,no,4,Travis KelceT. Kelce,/nfl/player-pages/8521/travis-kelce,Kansas City Chiefs,TE,2026,21.0,21.0,21.0,21.0,21.0,21.0,-,
advanced-players,/nfl/advanced/players/receiving/yards-after-catch-per-reception,Yards After Catch per Reception | NFL Advanced Stats,no,5,Zay FlowersZ. Flowers,/nfl/player-pages/14489/zay-flowers,Baltimore Ravens,WR,2026,16.6,16.6,16.6,16.6,16.6,-,16.6,
advanced-players,/nfl/advanced/players/receiving/yards-per-route-run,Yards per Route Run | NFL Advanced Stats,no,1,Zay FlowersZ. Flowers,/nfl/player-pages/14489/zay-flowers,Baltimore Ravens,WR,2026,15.0,15.0,15.0,15.0,15.0,-,15.0,
advanced-players,/nfl/advanced/players/receiving/yards-per-route-run,Yards per Route Run | NFL Advanced Stats,no,2,Antonio WilliamsA. Williams,/nfl/player-pages/110939/antonio-williams,Washington Commanders,WR,2026,6.4,6.4,6.4,6.4,6.4,-,6.4,
advanced-players,/nfl/advanced/players/receiving/yards-per-route-run,Yards per Route Run | NFL Advanced Stats,no,3,Ladd McConkeyL. McConkey,/nfl/player-pages/3282/ladd-mcconkey,Los Angeles Chargers,WR,2026,6.3,6.3,6.3,6.3,6.3,6.3,-,
advanced-players,/nfl/advanced/players/receiving/yards-per-route-run,Yards per Route Run | NFL Advanced Stats,no,4,Dalton KincaidD. Kincaid,/nfl/player-pages/6537/dalton-kincaid,Buffalo Bills,TE,2026,5.9,5.9,5.9,5.9,5.9,-,5.9,
advanced-players,/nfl/advanced/players/receiving/yards-per-route-run,Yards per Route Run | NFL Advanced Stats,no,5,Parker WashingtonP. Washington,/nfl/player-pages/19762/parker-washington,Jacksonville Jaguars,WR,2026,5.5,5.5,5.5,5.5,5.5,5.5,-,
advanced-players,/nfl/advanced/players/receiving/yards-per-target,Yards per Target | NFL Advanced Stats,no,1,Chris MooreC. Moore,/nfl/player-pages/3536/chris-moore,Baltimore Ravens,WR,2026,26.5,26.5,26.5,26.5,26.5,-,26.5,
advanced-players,/nfl/advanced/players/receiving/yards-per-target,Yards per Target | NFL Advanced Stats,no,1,Jaylin NoelJ. Noel,/nfl/player-pages/10401/jaylin-noel,Houston Texans,WR,2026,26.5,26.5,26.5,26.5,26.5,26.5,-,
advanced-players,/nfl/advanced/players/receiving/yards-per-target,Yards per Target | NFL Advanced Stats,no,3,Zay FlowersZ. Flowers,/nfl/player-pages/14489/zay-flowers,Baltimore Ravens,WR,2026,25.0,25.0,25.0,25.0,25.0,-,25.0,
advanced-players,/nfl/advanced/players/receiving/yards-per-target,Yards per Target | NFL Advanced Stats,no,4,Jonathon BrooksJ. Brooks,/nfl/player-pages/923/jonathon-brooks,Carolina Panthers,RB,2026,24.0,24.0,24.0,24.0,24.0,24.0,-,
advanced-players,/nfl/advanced/players/receiving/yards-per-target,Yards per Target | NFL Advanced Stats,no,5,Emmett JohnsonE. Johnson,/nfl/player-pages/110611/emmett-johnson,Kansas City Chiefs,RB,2026,22.0,22.0,22.0,22.0,22.0,22.0,-,
advanced-players,/nfl/advanced/players/receiving/yards-per-target-vs-man,Yards per Target vs. Man | NFL Advanced Stats,no,1,Marvin Harrison Jr.M. Harrison Jr.,/nfl/player-pages/2931/marvin-harrison-jr,Arizona Cardinals,WR,2026,33.0,33.0,33.0,33.0,33.0,-,33.0,
advanced-players,/nfl/advanced/players/receiving/yards-per-target-vs-man,Yards per Target vs. Man | NFL Advanced Stats,no,2,Travis KelceT. Kelce,/nfl/player-pages/8521/travis-kelce,Kansas City Chiefs,TE,2026,32.5,32.5,32.5,32.5,32.5,32.5,-,
advanced-players,/nfl/advanced/players/receiving/yards-per-target-vs-man,Yards per Target vs. Man | NFL Advanced Stats,no,3,Caleb DouglasC. Douglas,/nfl/player-pages/110482/caleb-douglas,Miami Dolphins,WR,2026,30.0,30.0,30.0,30.0,30.0,-,30.0,
advanced-players,/nfl/advanced/players/receiving/yards-per-target-vs-man,Yards per Target vs. Man | NFL Advanced Stats,no,4,Michael PittmanM. Pittman,/nfl/player-pages/16583/michael-pittman,Pittsburgh Steelers,WR,2026,28.0,28.0,28.0,28.0,28.0,28.0,-,
advanced-players,/nfl/advanced/players/receiving/yards-per-target-vs-man,Yards per Target vs. Man | NFL Advanced Stats,no,5,Zay FlowersZ. Flowers,/nfl/player-pages/14489/zay-flowers,Baltimore Ravens,WR,2026,26.6,26.6,26.6,26.6,26.6,-,26.6,
advanced-players,/nfl/advanced/players/receiving/yards-per-target-vs-zone,Yards per Target vs. Zone | NFL Advanced Stats,no,1,Jonathon BrooksJ. Brooks,/nfl/player-pages/923/jonathon-brooks,Carolina Panthers,RB,2026,48.0,48.0,48.0,48.0,48.0,48.0,-,
advanced-players,/nfl/advanced/players/receiving/yards-per-target-vs-zone,Yards per Target vs. Zone | NFL Advanced Stats,no,2,Jaylin NoelJ. Noel,/nfl/player-pages/10401/jaylin-noel,Houston Texans,WR,2026,35.0,35.0,35.0,35.0,35.0,35.0,-,
advanced-players,/nfl/advanced/players/receiving/yards-per-target-vs-zone,Yards per Target vs. Zone | NFL Advanced Stats,no,3,Antonio WilliamsA. Williams,/nfl/player-pages/110939/antonio-williams,Washington Commanders,WR,2026,33.0,33.0,33.0,33.0,33.0,-,33.0,
advanced-players,/nfl/advanced/players/receiving/yards-per-target-vs-zone,Yards per Target vs. Zone | NFL Advanced Stats,no,4,Dontayvion WicksD. Wicks,/nfl/player-pages/7383/dontayvion-wicks,Philadelphia Eagles,WR,2026,32.0,32.0,32.0,32.0,32.0,32.0,-,
advanced-players,/nfl/advanced/players/receiving/yards-per-target-vs-zone,Yards per Target vs. Zone | NFL Advanced Stats,no,5,Chuba HubbardC. Hubbard,/nfl/player-pages/5378/chuba-hubbard,Carolina Panthers,RB,2026,29.0,29.0,29.0,29.0,29.0,29.0,-,
advanced-players,/nfl/advanced/players/receiving/yards-per-team-pass-attempt,Yards per Team Pass Attempt | NFL Advanced Stats,no,1,Zay FlowersZ. Flowers,/nfl/player-pages/14489/zay-flowers,Baltimore Ravens,WR,2026,5.6,5.6,5.6,5.6,5.6,-,5.6,
advanced-players,/nfl/advanced/players/receiving/yards-per-team-pass-attempt,Yards per Team Pass Attempt | NFL Advanced Stats,no,2,Jaxon Smith-NjigbaJ. Smith-Njigba,/nfl/player-pages/2999/jaxon-smith-njigba,Seattle Seahawks,WR,2026,4.7,4.7,4.7,4.7,4.7,4.7,-,
advanced-players,/nfl/advanced/players/receiving/yards-per-team-pass-attempt,Yards per Team Pass Attempt | NFL Advanced Stats,no,3,Dalton KincaidD. Kincaid,/nfl/player-pages/6537/dalton-kincaid,Buffalo Bills,TE,2026,4.1,4.1,4.1,4.1,4.1,-,4.1,
advanced-players,/nfl/advanced/players/receiving/yards-per-team-pass-attempt,Yards per Team Pass Attempt | NFL Advanced Stats,no,4,Bijan RobinsonB. Robinson,/nfl/player-pages/21178/bijan-robinson,Atlanta Falcons,RB,2026,3.6,3.6,3.6,3.6,3.6,-,3.6,
advanced-players,/nfl/advanced/players/receiving/yards-per-team-pass-attempt,Yards per Team Pass Attempt | NFL Advanced Stats,no,5,Jalen CokerJ. Coker,/nfl/player-pages/9884/jalen-coker,Carolina Panthers,WR,2026,3.5,3.5,3.5,3.5,3.5,3.5,-,
advanced-players,/nfl/advanced/players/receiving/yprr-vs-man,YPRR vs Man | NFL Advanced Stats,no,1,Zay FlowersZ. Flowers,/nfl/player-pages/14489/zay-flowers,Baltimore Ravens,WR,2026,19.0,19.0,19.0,19.0,19.0,-,19.0,
advanced-players,/nfl/advanced/players/receiving/yprr-vs-man,YPRR vs Man | NFL Advanced Stats,no,2,Jaylin NoelJ. Noel,/nfl/player-pages/10401/jaylin-noel,Houston Texans,WR,2026,9.0,9.0,9.0,9.0,9.0,9.0,-,
advanced-players,/nfl/advanced/players/receiving/yprr-vs-man,YPRR vs Man | NFL Advanced Stats,no,3,Dalton KincaidD. Kincaid,/nfl/player-pages/6537/dalton-kincaid,Buffalo Bills,TE,2026,7.5,7.5,7.5,7.5,7.5,-,7.5,
advanced-players,/nfl/advanced/players/receiving/yprr-vs-man,YPRR vs Man | NFL Advanced Stats,no,4,Parker WashingtonP. Washington,/nfl/player-pages/19762/parker-washington,Jacksonville Jaguars,WR,2026,7.2,7.2,7.2,7.2,7.2,7.2,-,
advanced-players,/nfl/advanced/players/receiving/yprr-vs-man,YPRR vs Man | NFL Advanced Stats,no,5,Kalif RaymondK. Raymond,/nfl/player-pages/7394/kalif-raymond,Chicago Bears,WR,2026,6.7,6.7,6.7,6.7,6.7,-,6.7,
advanced-players,/nfl/advanced/players/receiving/yprr-vs-zone,YPRR vs Zone | NFL Advanced Stats,no,1,Antonio WilliamsA. Williams,/nfl/player-pages/110939/antonio-williams,Washington Commanders,WR,2026,11.0,11.0,11.0,11.0,11.0,-,11.0,
advanced-players,/nfl/advanced/players/receiving/yprr-vs-zone,YPRR vs Zone | NFL Advanced Stats,no,2,Ladd McConkeyL. McConkey,/nfl/player-pages/3282/ladd-mcconkey,Los Angeles Chargers,WR,2026,8.0,8.0,8.0,8.0,8.0,8.0,-,
advanced-players,/nfl/advanced/players/receiving/yprr-vs-zone,YPRR vs Zone | NFL Advanced Stats,no,3,Jaxon Smith-NjigbaJ. Smith-Njigba,/nfl/player-pages/2999/jaxon-smith-njigba,Seattle Seahawks,WR,2026,7.2,7.2,7.2,7.2,7.2,7.2,-,
advanced-players,/nfl/advanced/players/receiving/yprr-vs-zone,YPRR vs Zone | NFL Advanced Stats,no,4,Mike GesickiM. Gesicki,/nfl/player-pages/4724/mike-gesicki,Cincinnati Bengals,TE,2026,6.0,6.0,6.0,6.0,6.0,6.0,-,
advanced-players,/nfl/advanced/players/receiving/yprr-vs-zone,YPRR vs Zone | NFL Advanced Stats,no,5,Dallas GoedertD. Goedert,/nfl/player-pages/19922/dallas-goedert,Philadelphia Eagles,TE,2026,5.9,5.9,5.9,5.9,5.9,5.9,-,
advanced-players,/nfl/advanced/players/red-zone/passing/inside-10/qb,NFL Red Zone Stats | StatRankings,no,1,Brock PurdyB. Purdy,/nfl/player-pages/18209/brock-purdy,San Francisco 49ers,QB,,,,,,,,,"{""Att"": ""5"", ""Comp"": ""4"", ""Comp%"": ""80.0"", ""PassYds"": ""13"", ""PassTD"": ""1"", ""Int"": ""-"", ""Conv%"": ""20.0""}"
advanced-players,/nfl/advanced/players/red-zone/passing/inside-10/qb,NFL Red Zone Stats | StatRankings,no,1,Jayden DanielsJ. Daniels,/nfl/player-pages/24202/jayden-daniels,Washington Commanders,QB,,,,,,,,,"{""Att"": ""5"", ""Comp"": ""3"", ""Comp%"": ""60.0"", ""PassYds"": ""17"", ""PassTD"": ""2"", ""Int"": ""-"", ""Conv%"": ""40.0""}"
advanced-players,/nfl/advanced/players/red-zone/passing/inside-10/qb,NFL Red Zone Stats | StatRankings,no,3,Jared GoffJ. Goff,/nfl/player-pages/708/jared-goff,Detroit Lions,QB,,,,,,,,,"{""Att"": ""4"", ""Comp"": ""3"", ""Comp%"": ""75.0"", ""PassYds"": ""15"", ""PassTD"": ""1"", ""Int"": ""-"", ""Conv%"": ""25.0""}"
advanced-players,/nfl/advanced/players/red-zone/passing/inside-10/qb,NFL Red Zone Stats | StatRankings,no,3,Tyler ShoughT. Shough,/nfl/player-pages/2263/tyler-shough,New Orleans Saints,QB,,,,,,,,,"{""Att"": ""4"", ""Comp"": ""3"", ""Comp%"": ""75.0"", ""PassYds"": ""18"", ""PassTD"": ""3"", ""Int"": ""-"", ""Conv%"": ""75.0""}"
advanced-players,/nfl/advanced/players/red-zone/passing/inside-10/qb,NFL Red Zone Stats | StatRankings,no,5,Aaron RodgersA. Rodgers,/nfl/player-pages/1863/aaron-rodgers,Pittsburgh Steelers,QB,,,,,,,,,"{""Att"": ""3"", ""Comp"": ""1"", ""Comp%"": ""33.3"", ""PassYds"": ""6"", ""PassTD"": ""1"", ""Int"": ""-"", ""Conv%"": ""33.3""}"
advanced-players,/nfl/advanced/players/red-zone/passing/inside-2/qb,NFL Red Zone Stats | StatRankings,no,1,Joe BurrowJ. Burrow,/nfl/player-pages/6239/joe-burrow,Cincinnati Bengals,QB,,,,,,,,,"{""Att"": ""3"", ""Comp"": ""2"", ""Comp%"": ""66.7"", ""PassYds"": ""2"", ""PassTD"": ""1"", ""Int"": ""-"", ""Conv%"": ""33.3""}"
advanced-players,/nfl/advanced/players/red-zone/passing/inside-2/qb,NFL Red Zone Stats | StatRankings,no,2,Dak PrescottD. Prescott,/nfl/player-pages/18012/dak-prescott,Dallas Cowboys,QB,,,,,,,,,"{""Att"": ""2"", ""Comp"": ""2"", ""Comp%"": ""100.0"", ""PassYds"": ""1"", ""PassTD"": ""1"", ""Int"": ""-"", ""Conv%"": ""50.0""}"
advanced-players,/nfl/advanced/players/red-zone/passing/inside-2/qb,NFL Red Zone Stats | StatRankings,no,2,Brock PurdyB. Purdy,/nfl/player-pages/18209/brock-purdy,San Francisco 49ers,QB,,,,,,,,,"{""Att"": ""2"", ""Comp"": ""1"", ""Comp%"": ""50.0"", ""PassYds"": ""2"", ""PassTD"": ""1"", ""Int"": ""-"", ""Conv%"": ""50.0""}"
advanced-players,/nfl/advanced/players/red-zone/passing/inside-2/qb,NFL Red Zone Stats | StatRankings,no,2,Jayden DanielsJ. Daniels,/nfl/player-pages/24202/jayden-daniels,Washington Commanders,QB,,,,,,,,,"{""Att"": ""2"", ""Comp"": ""1"", ""Comp%"": ""50.0"", ""PassYds"": ""1"", ""PassTD"": ""1"", ""Int"": ""-"", ""Conv%"": ""50.0""}"
advanced-players,/nfl/advanced/players/red-zone/passing/inside-2/qb,NFL Red Zone Stats | StatRankings,no,5,Jared GoffJ. Goff,/nfl/player-pages/708/jared-goff,Detroit Lions,QB,,,,,,,,,"{""Att"": ""1"", ""Comp"": ""-"", ""Comp%"": ""-"", ""PassYds"": ""0"", ""PassTD"": ""-"", ""Int"": ""-"", ""Conv%"": ""-""}"
advanced-players,/nfl/advanced/players/red-zone/passing/inside-20/qb,NFL Red Zone Stats | StatRankings,no,1,Jared GoffJ. Goff,/nfl/player-pages/708/jared-goff,Detroit Lions,QB,,,,,,,,,"{""Att"": ""8"", ""Comp"": ""5"", ""Comp%"": ""62.5"", ""PassYds"": ""44"", ""PassTD"": ""2"", ""Int"": ""-"", ""Conv%"": ""25.0""}"
advanced-players,/nfl/advanced/players/red-zone/passing/inside-20/qb,NFL Red Zone Stats | StatRankings,no,1,Tyler ShoughT. Shough,/nfl/player-pages/2263/tyler-shough,New Orleans Saints,QB,,,,,,,,,"{""Att"": ""8"", ""Comp"": ""6"", ""Comp%"": ""75.0"", ""PassYds"": ""34"", ""PassTD"": ""3"", ""Int"": ""-"", ""Conv%"": ""37.5""}"
advanced-players,/nfl/advanced/players/red-zone/passing/inside-20/qb,NFL Red Zone Stats | StatRankings,no,1,Kirk CousinsK. Cousins,/nfl/player-pages/11413/kirk-cousins,Las Vegas Raiders,QB,,,,,,,,,"{""Att"": ""8"", ""Comp"": ""6"", ""Comp%"": ""75.0"", ""PassYds"": ""50"", ""PassTD"": ""3"", ""Int"": ""-"", ""Conv%"": ""37.5""}"
advanced-players,/nfl/advanced/players/red-zone/passing/inside-20/qb,NFL Red Zone Stats | StatRankings,no,1,Brock PurdyB. Purdy,/nfl/player-pages/18209/brock-purdy,San Francisco 49ers,QB,,,,,,,,,"{""Att"": ""8"", ""Comp"": ""7"", ""Comp%"": ""87.5"", ""PassYds"": ""47"", ""PassTD"": ""2"", ""Int"": ""-"", ""Conv%"": ""25.0""}"
advanced-players,/nfl/advanced/players/red-zone/passing/inside-20/qb,NFL Red Zone Stats | StatRankings,no,1,Jayden DanielsJ. Daniels,/nfl/player-pages/24202/jayden-daniels,Washington Commanders,QB,,,,,,,,,"{""Att"": ""8"", ""Comp"": ""5"", ""Comp%"": ""62.5"", ""PassYds"": ""35"", ""PassTD"": ""2"", ""Int"": ""-"", ""Conv%"": ""25.0""}"
advanced-players,/nfl/advanced/players/red-zone/passing/inside-5/qb,NFL Red Zone Stats | StatRankings,no,1,Joe BurrowJ. Burrow,/nfl/player-pages/6239/joe-burrow,Cincinnati Bengals,QB,,,,,,,,,"{""Att"": ""3"", ""Comp"": ""2"", ""Comp%"": ""66.7"", ""PassYds"": ""2"", ""PassTD"": ""1"", ""Int"": ""-"", ""Conv%"": ""33.3""}"
advanced-players,/nfl/advanced/players/red-zone/passing/inside-5/qb,NFL Red Zone Stats | StatRankings,no,1,Brock PurdyB. Purdy,/nfl/player-pages/18209/brock-purdy,San Francisco 49ers,QB,,,,,,,,,"{""Att"": ""3"", ""Comp"": ""2"", ""Comp%"": ""66.7"", ""PassYds"": ""5"", ""PassTD"": ""1"", ""Int"": ""-"", ""Conv%"": ""33.3""}"
advanced-players,/nfl/advanced/players/red-zone/passing/inside-5/qb,NFL Red Zone Stats | StatRankings,no,3,Jared GoffJ. Goff,/nfl/player-pages/708/jared-goff,Detroit Lions,QB,,,,,,,,,"{""Att"": ""2"", ""Comp"": ""1"", ""Comp%"": ""50.0"", ""PassYds"": ""4"", ""PassTD"": ""1"", ""Int"": ""-"", ""Conv%"": ""50.0""}"
advanced-players,/nfl/advanced/players/red-zone/passing/inside-5/qb,NFL Red Zone Stats | StatRankings,no,3,Patrick MahomesP. Mahomes,/nfl/player-pages/7675/patrick-mahomes,Kansas City Chiefs,QB,,,,,,,,,"{""Att"": ""2"", ""Comp"": ""1"", ""Comp%"": ""50.0"", ""PassYds"": ""2"", ""PassTD"": ""1"", ""Int"": ""-"", ""Conv%"": ""50.0""}"
advanced-players,/nfl/advanced/players/red-zone/passing/inside-5/qb,NFL Red Zone Stats | StatRankings,no,3,Dak PrescottD. Prescott,/nfl/player-pages/18012/dak-prescott,Dallas Cowboys,QB,,,,,,,,,"{""Att"": ""2"", ""Comp"": ""2"", ""Comp%"": ""100.0"", ""PassYds"": ""1"", ""PassTD"": ""1"", ""Int"": ""-"", ""Conv%"": ""50.0""}"
advanced-players,/nfl/advanced/players/red-zone/receiving/inside-10/rb,NFL Red Zone Stats | StatRankings,no,1,Kenneth Walker IIIK. Walker III,/nfl/player-pages/2659/kenneth-walker-iii,Kansas City Chiefs,RB,,,,,,,,,"{""Tgt"": ""1"", ""Rec"": ""1"", ""Catch%"": ""100.0"", ""RecYds"": ""2"", ""RecTD"": ""1"", ""Conv%"": ""100.0"", ""Tgt%"": ""100.0""}"
advanced-players,/nfl/advanced/players/red-zone/receiving/inside-10/rb,NFL Red Zone Stats | StatRankings,no,1,Chuba HubbardC. Hubbard,/nfl/player-pages/5378/chuba-hubbard,Carolina Panthers,RB,,,,,,,,,"{""Tgt"": ""1"", ""Rec"": ""1"", ""Catch%"": ""100.0"", ""RecYds"": ""4"", ""RecTD"": ""1"", ""Conv%"": ""100.0"", ""Tgt%"": ""33.3""}"
advanced-players,/nfl/advanced/players/red-zone/receiving/inside-10/rb,NFL Red Zone Stats | StatRankings,no,1,Jaylen WarrenJ. Warren,/nfl/player-pages/6251/jaylen-warren,Pittsburgh Steelers,RB,,,,,,,,,"{""Tgt"": ""1"", ""Rec"": ""-"", ""Catch%"": ""-"", ""RecYds"": ""-"", ""RecTD"": ""-"", ""Conv%"": ""-"", ""Tgt%"": ""50.0""}"
advanced-players,/nfl/advanced/players/red-zone/receiving/inside-10/rb,NFL Red Zone Stats | StatRankings,no,1,David MontgomeryD. Montgomery,/nfl/player-pages/13191/david-montgomery,Houston Texans,RB,,,,,,,,,"{""Tgt"": ""1"", ""Rec"": ""1"", ""Catch%"": ""100.0"", ""RecYds"": ""7"", ""RecTD"": ""1"", ""Conv%"": ""100.0"", ""Tgt%"": ""100.0""}"
advanced-players,/nfl/advanced/players/red-zone/receiving/inside-10/rb,NFL Red Zone Stats | StatRankings,no,1,Devin SingletaryD. Singletary,/nfl/player-pages/23001/devin-singletary,New York Giants,RB,,,,,,,,,"{""Tgt"": ""1"", ""Rec"": ""1"", ""Catch%"": ""100.0"", ""RecYds"": ""9"", ""RecTD"": ""1"", ""Conv%"": ""100.0"", ""Tgt%"": ""50.0""}"
advanced-players,/nfl/advanced/players/red-zone/receiving/inside-10/te,NFL Red Zone Stats | StatRankings,no,1,Mike GesickiM. Gesicki,/nfl/player-pages/4724/mike-gesicki,Cincinnati Bengals,TE,,,,,,,,,"{""Tgt"": ""2"", ""Rec"": ""1"", ""Catch%"": ""50.0"", ""RecYds"": ""2"", ""RecTD"": ""1"", ""Conv%"": ""50.0"", ""Tgt%"": ""66.7""}"
advanced-players,/nfl/advanced/players/red-zone/receiving/inside-10/te,NFL Red Zone Stats | StatRankings,no,1,Juwan JohnsonJ. Johnson,/nfl/player-pages/14481/juwan-johnson,New Orleans Saints,TE,,,,,,,,,"{""Tgt"": ""2"", ""Rec"": ""1"", ""Catch%"": ""50.0"", ""RecYds"": ""9"", ""RecTD"": ""1"", ""Conv%"": ""50.0"", ""Tgt%"": ""50.0""}"
advanced-players,/nfl/advanced/players/red-zone/receiving/inside-10/te,NFL Red Zone Stats | StatRankings,no,1,Trey McBrideT. McBride,/nfl/player-pages/20178/trey-mcbride,Arizona Cardinals,TE,,,,,,,,,"{""Tgt"": ""2"", ""Rec"": ""1"", ""Catch%"": ""50.0"", ""RecYds"": ""3"", ""RecTD"": ""1"", ""Conv%"": ""50.0"", ""Tgt%"": ""100.0""}"
advanced-players,/nfl/advanced/players/red-zone/receiving/inside-10/te,NFL Red Zone Stats | StatRankings,no,1,Sam LaPortaS. LaPorta,/nfl/player-pages/23337/sam-laporta,Detroit Lions,TE,,,,,,,,,"{""Tgt"": ""2"", ""Rec"": ""1"", ""Catch%"": ""50.0"", ""RecYds"": ""7"", ""RecTD"": ""-"", ""Conv%"": ""-"", ""Tgt%"": ""50.0""}"
advanced-players,/nfl/advanced/players/red-zone/receiving/inside-10/te,NFL Red Zone Stats | StatRankings,no,5,John BatesJ. Bates,/nfl/player-pages/2419/john-bates,Washington Commanders,TE,,,,,,,,,"{""Tgt"": ""1"", ""Rec"": ""-"", ""Catch%"": ""-"", ""RecYds"": ""-"", ""RecTD"": ""-"", ""Conv%"": ""-"", ""Tgt%"": ""25.0""}"
advanced-players,/nfl/advanced/players/red-zone/receiving/inside-10/wr,NFL Red Zone Stats | StatRankings,no,1,Jaxon Smith-NjigbaJ. Smith-Njigba,/nfl/player-pages/2999/jaxon-smith-njigba,Seattle Seahawks,WR,,,,,,,,,"{""Tgt"": ""2"", ""Rec"": ""-"", ""Catch%"": ""-"", ""RecYds"": ""-"", ""RecTD"": ""-"", ""Conv%"": ""-"", ""Tgt%"": ""100.0""}"
advanced-players,/nfl/advanced/players/red-zone/receiving/inside-10/wr,NFL Red Zone Stats | StatRankings,no,1,Ladd McConkeyL. McConkey,/nfl/player-pages/3282/ladd-mcconkey,Los Angeles Chargers,WR,,,,,,,,,"{""Tgt"": ""2"", ""Rec"": ""1"", ""Catch%"": ""50.0"", ""RecYds"": ""8"", ""RecTD"": ""1"", ""Conv%"": ""50.0"", ""Tgt%"": ""100.0""}"
advanced-players,/nfl/advanced/players/red-zone/receiving/inside-10/wr,NFL Red Zone Stats | StatRankings,no,1,Amon-Ra St. BrownA. St. Brown,/nfl/player-pages/12451/amon-ra-st-brown,Detroit Lions,WR,,,,,,,,,"{""Tgt"": ""2"", ""Rec"": ""2"", ""Catch%"": ""100.0"", ""RecYds"": ""8"", ""RecTD"": ""1"", ""Conv%"": ""50.0"", ""Tgt%"": ""50.0""}"
advanced-players,/nfl/advanced/players/red-zone/receiving/inside-10/wr,NFL Red Zone Stats | StatRankings,no,1,Deebo Samuel Sr.D. Samuel Sr.,/nfl/player-pages/22670/deebo-samuel-sr,San Francisco 49ers,WR,,,,,,,,,"{""Tgt"": ""2"", ""Rec"": ""2"", ""Catch%"": ""100.0"", ""RecYds"": ""5"", ""RecTD"": ""-"", ""Conv%"": ""-"", ""Tgt%"": ""40.0""}"
advanced-players,/nfl/advanced/players/red-zone/receiving/inside-10/wr,NFL Red Zone Stats | StatRankings,no,5,CeeDee LambC. Lamb,/nfl/player-pages/731/ceedee-lamb,Dallas Cowboys,WR,,,,,,,,,"{""Tgt"": ""1"", ""Rec"": ""1"", ""Catch%"": ""100.0"", ""RecYds"": ""1"", ""RecTD"": ""1"", ""Conv%"": ""100.0"", ""Tgt%"": ""50.0""}"
advanced-players,/nfl/advanced/players/red-zone/receiving/inside-2/rb,NFL Red Zone Stats | StatRankings,no,1,Kenneth Walker IIIK. Walker III,/nfl/player-pages/2659/kenneth-walker-iii,Kansas City Chiefs,RB,,,,,,,,,"{""Tgt"": ""1"", ""Rec"": ""1"", ""Catch%"": ""100.0"", ""RecYds"": ""2"", ""RecTD"": ""1"", ""Conv%"": ""100.0"", ""Tgt%"": ""100.0""}"
advanced-players,/nfl/advanced/players/red-zone/receiving/inside-2/te,NFL Red Zone Stats | StatRankings,no,1,Mike GesickiM. Gesicki,/nfl/player-pages/4724/mike-gesicki,Cincinnati Bengals,TE,,,,,,,,,"{""Tgt"": ""2"", ""Rec"": ""1"", ""Catch%"": ""50.0"", ""RecYds"": ""2"", ""RecTD"": ""1"", ""Conv%"": ""50.0"", ""Tgt%"": ""66.7""}"
advanced-players,/nfl/advanced/players/red-zone/receiving/inside-2/te,NFL Red Zone Stats | StatRankings,no,2,Eli RaridonE. Raridon,/nfl/player-pages/110794/eli-raridon,New England Patriots,TE,,,,,,,,,"{""Tgt"": ""1"", ""Rec"": ""1"", ""Catch%"": ""100.0"", ""RecYds"": ""2"", ""RecTD"": ""1"", ""Conv%"": ""100.0"", ""Tgt%"": ""100.0""}"
advanced-players,/nfl/advanced/players/red-zone/receiving/inside-2/te,NFL Red Zone Stats | StatRankings,no,2,Jake FergusonJ. Ferguson,/nfl/player-pages/20848/jake-ferguson,Dallas Cowboys,TE,,,,,,,,,"{""Tgt"": ""1"", ""Rec"": ""1"", ""Catch%"": ""100.0"", ""RecYds"": ""0"", ""RecTD"": ""-"", ""Conv%"": ""-"", ""Tgt%"": ""50.0""}"
advanced-players,/nfl/advanced/players/red-zone/receiving/inside-2/te,NFL Red Zone Stats | StatRankings,no,2,Isaiah LikelyI. Likely,/nfl/player-pages/21028/isaiah-likely,New York Giants,TE,,,,,,,,,"{""Tgt"": ""1"", ""Rec"": ""1"", ""Catch%"": ""100.0"", ""RecYds"": ""2"", ""RecTD"": ""1"", ""Conv%"": ""100.0"", ""Tgt%"": ""100.0""}"
advanced-players,/nfl/advanced/players/red-zone/receiving/inside-2/te,NFL Red Zone Stats | StatRankings,no,2,Sam LaPortaS. LaPorta,/nfl/player-pages/23337/sam-laporta,Detroit Lions,TE,,,,,,,,,"{""Tgt"": ""1"", ""Rec"": ""-"", ""Catch%"": ""-"", ""RecYds"": ""-"", ""RecTD"": ""-"", ""Conv%"": ""-"", ""Tgt%"": ""100.0""}"
advanced-players,/nfl/advanced/players/red-zone/receiving/inside-2/wr,NFL Red Zone Stats | StatRankings,no,1,CeeDee LambC. Lamb,/nfl/player-pages/731/ceedee-lamb,Dallas Cowboys,WR,,,,,,,,,"{""Tgt"": ""1"", ""Rec"": ""1"", ""Catch%"": ""100.0"", ""RecYds"": ""1"", ""RecTD"": ""1"", ""Conv%"": ""100.0"", ""Tgt%"": ""50.0""}"
advanced-players,/nfl/advanced/players/red-zone/receiving/inside-2/wr,NFL Red Zone Stats | StatRankings,no,1,Andrei IosivasA. Iosivas,/nfl/player-pages/2812/andrei-iosivas,Cincinnati Bengals,WR,,,,,,,,,"{""Tgt"": ""1"", ""Rec"": ""1"", ""Catch%"": ""100.0"", ""RecYds"": ""0"", ""RecTD"": ""-"", ""Conv%"": ""-"", ""Tgt%"": ""33.3""}"
advanced-players,/nfl/advanced/players/red-zone/receiving/inside-2/wr,NFL Red Zone Stats | StatRankings,no,1,Mike EvansM. Evans,/nfl/player-pages/6348/mike-evans,San Francisco 49ers,WR,,,,,,,,,"{""Tgt"": ""1"", ""Rec"": ""1"", ""Catch%"": ""100.0"", ""RecYds"": ""2"", ""RecTD"": ""1"", ""Conv%"": ""100.0"", ""Tgt%"": ""50.0""}"
advanced-players,/nfl/advanced/players/red-zone/receiving/inside-2/wr,NFL Red Zone Stats | StatRankings,no,1,Antonio WilliamsA. Williams,/nfl/player-pages/110939/antonio-williams,Washington Commanders,WR,,,,,,,,,"{""Tgt"": ""1"", ""Rec"": ""1"", ""Catch%"": ""100.0"", ""RecYds"": ""1"", ""RecTD"": ""1"", ""Conv%"": ""100.0"", ""Tgt%"": ""100.0""}"
advanced-players,/nfl/advanced/players/red-zone/receiving/inside-2/wr,NFL Red Zone Stats | StatRankings,no,1,Demarcus RobinsonD. Robinson,/nfl/player-pages/13220/demarcus-robinson,San Francisco 49ers,WR,,,,,,,,,"{""Tgt"": ""1"", ""Rec"": ""-"", ""Catch%"": ""-"", ""RecYds"": ""-"", ""RecTD"": ""-"", ""Conv%"": ""-"", ""Tgt%"": ""50.0""}"
advanced-players,/nfl/advanced/players/red-zone/receiving/inside-20/rb,NFL Red Zone Stats | StatRankings,no,1,Ashton JeantyA. Jeanty,/nfl/player-pages/20978/ashton-jeanty,Las Vegas Raiders,RB,,,,,,,,,"{""Tgt"": ""4"", ""Rec"": ""4"", ""Catch%"": ""100.0"", ""RecYds"": ""32"", ""RecTD"": ""2"", ""Conv%"": ""50.0"", ""Tgt%"": ""50.0""}"
advanced-players,/nfl/advanced/players/red-zone/receiving/inside-20/rb,NFL Red Zone Stats | StatRankings,no,2,Jaylen WarrenJ. Warren,/nfl/player-pages/6251/jaylen-warren,Pittsburgh Steelers,RB,,,,,,,,,"{""Tgt"": ""2"", ""Rec"": ""1"", ""Catch%"": ""50.0"", ""RecYds"": ""7"", ""RecTD"": ""-"", ""Conv%"": ""-"", ""Tgt%"": ""50.0""}"
advanced-players,/nfl/advanced/players/red-zone/receiving/inside-20/rb,NFL Red Zone Stats | StatRankings,no,2,Javonte WilliamsJ. Williams,/nfl/player-pages/11140/javonte-williams,Dallas Cowboys,RB,,,,,,,,,"{""Tgt"": ""2"", ""Rec"": ""2"", ""Catch%"": ""100.0"", ""RecYds"": ""12"", ""RecTD"": ""1"", ""Conv%"": ""50.0"", ""Tgt%"": ""40.0""}"
advanced-players,/nfl/advanced/players/red-zone/receiving/inside-20/rb,NFL Red Zone Stats | StatRankings,no,2,Travis EtienneT. Etienne,/nfl/player-pages/16435/travis-etienne,New Orleans Saints,RB,,,,,,,,,"{""Tgt"": ""2"", ""Rec"": ""2"", ""Catch%"": ""100.0"", ""RecYds"": ""7"", ""RecTD"": ""-"", ""Conv%"": ""-"", ""Tgt%"": ""25.0""}"
advanced-players,/nfl/advanced/players/red-zone/receiving/inside-20/rb,NFL Red Zone Stats | StatRankings,no,2,Devin SingletaryD. Singletary,/nfl/player-pages/23001/devin-singletary,New York Giants,RB,,,,,,,,,"{""Tgt"": ""2"", ""Rec"": ""2"", ""Catch%"": ""100.0"", ""RecYds"": ""16"", ""RecTD"": ""1"", ""Conv%"": ""50.0"", ""Tgt%"": ""28.6""}"
advanced-players,/nfl/advanced/players/red-zone/receiving/inside-20/te,NFL Red Zone Stats | StatRankings,no,1,Trey McBrideT. McBride,/nfl/player-pages/20178/trey-mcbride,Arizona Cardinals,TE,,,,,,,,,"{""Tgt"": ""4"", ""Rec"": ""1"", ""Catch%"": ""25.0"", ""RecYds"": ""3"", ""RecTD"": ""1"", ""Conv%"": ""25.0"", ""Tgt%"": ""57.1""}"
advanced-players,/nfl/advanced/players/red-zone/receiving/inside-20/te,NFL Red Zone Stats | StatRankings,no,1,Isaiah LikelyI. Likely,/nfl/player-pages/21028/isaiah-likely,New York Giants,TE,,,,,,,,,"{""Tgt"": ""4"", ""Rec"": ""4"", ""Catch%"": ""100.0"", ""RecYds"": ""35"", ""RecTD"": ""2"", ""Conv%"": ""50.0"", ""Tgt%"": ""57.1""}"
advanced-players,/nfl/advanced/players/red-zone/receiving/inside-20/te,NFL Red Zone Stats | StatRankings,no,3,Juwan JohnsonJ. Johnson,/nfl/player-pages/14481/juwan-johnson,New Orleans Saints,TE,,,,,,,,,"{""Tgt"": ""3"", ""Rec"": ""1"", ""Catch%"": ""33.3"", ""RecYds"": ""9"", ""RecTD"": ""1"", ""Conv%"": ""33.3"", ""Tgt%"": ""37.5""}"
advanced-players,/nfl/advanced/players/red-zone/receiving/inside-20/te,NFL Red Zone Stats | StatRankings,no,4,Pat FreiermuthP. Freiermuth,/nfl/player-pages/2422/pat-freiermuth,Pittsburgh Steelers,TE,,,,,,,,,"{""Tgt"": ""2"", ""Rec"": ""2"", ""Catch%"": ""100.0"", ""RecYds"": ""8"", ""RecTD"": ""1"", ""Conv%"": ""50.0"", ""Tgt%"": ""50.0""}"
advanced-players,/nfl/advanced/players/red-zone/receiving/inside-20/te,NFL Red Zone Stats | StatRankings,no,4,Mitchell EvansM. Evans,/nfl/player-pages/2825/mitchell-evans,Carolina Panthers,TE,,,,,,,,,"{""Tgt"": ""2"", ""Rec"": ""1"", ""Catch%"": ""50.0"", ""RecYds"": ""9"", ""RecTD"": ""-"", ""Conv%"": ""-"", ""Tgt%"": ""40.0""}"
advanced-players,/nfl/advanced/players/red-zone/receiving/inside-20/wr,NFL Red Zone Stats | StatRankings,no,1,Amon-Ra St. BrownA. St. Brown,/nfl/player-pages/12451/amon-ra-st-brown,Detroit Lions,WR,,,,,,,,,"{""Tgt"": ""4"", ""Rec"": ""3"", ""Catch%"": ""75.0"", ""RecYds"": ""27"", ""RecTD"": ""2"", ""Conv%"": ""50.0"", ""Tgt%"": ""57.1""}"
advanced-players,/nfl/advanced/players/red-zone/receiving/inside-20/wr,NFL Red Zone Stats | StatRankings,no,2,Matthew GoldenM. Golden,/nfl/player-pages/1620/matthew-golden,Green Bay Packers,WR,,,,,,,,,"{""Tgt"": ""3"", ""Rec"": ""1"", ""Catch%"": ""33.3"", ""RecYds"": ""8"", ""RecTD"": ""-"", ""Conv%"": ""-"", ""Tgt%"": ""42.9""}"
advanced-players,/nfl/advanced/players/red-zone/receiving/inside-20/wr,NFL Red Zone Stats | StatRankings,no,2,Jaxon Smith-NjigbaJ. Smith-Njigba,/nfl/player-pages/2999/jaxon-smith-njigba,Seattle Seahawks,WR,,,,,,,,,"{""Tgt"": ""3"", ""Rec"": ""-"", ""Catch%"": ""-"", ""RecYds"": ""-"", ""RecTD"": ""-"", ""Conv%"": ""-"", ""Tgt%"": ""100.0""}"
advanced-players,/nfl/advanced/players/red-zone/receiving/inside-20/wr,NFL Red Zone Stats | StatRankings,no,2,Deebo Samuel Sr.D. Samuel Sr.,/nfl/player-pages/22670/deebo-samuel-sr,San Francisco 49ers,WR,,,,,,,,,"{""Tgt"": ""3"", ""Rec"": ""3"", ""Catch%"": ""100.0"", ""RecYds"": ""20"", ""RecTD"": ""1"", ""Conv%"": ""33.3"", ""Tgt%"": ""37.5""}"
advanced-players,/nfl/advanced/players/red-zone/receiving/inside-20/wr,NFL Red Zone Stats | StatRankings,no,2,Khalil ShakirK. Shakir,/nfl/player-pages/22751/khalil-shakir,Buffalo Bills,WR,,,,,,,,,"{""Tgt"": ""3"", ""Rec"": ""1"", ""Catch%"": ""33.3"", ""RecYds"": ""2"", ""RecTD"": ""-"", ""Conv%"": ""-"", ""Tgt%"": ""75.0""}"
advanced-players,/nfl/advanced/players/red-zone/receiving/inside-5/rb,NFL Red Zone Stats | StatRankings,no,1,Kenneth Walker IIIK. Walker III,/nfl/player-pages/2659/kenneth-walker-iii,Kansas City Chiefs,RB,,,,,,,,,"{""Tgt"": ""1"", ""Rec"": ""1"", ""Catch%"": ""100.0"", ""RecYds"": ""2"", ""RecTD"": ""1"", ""Conv%"": ""100.0"", ""Tgt%"": ""100.0""}"
advanced-players,/nfl/advanced/players/red-zone/receiving/inside-5/rb,NFL Red Zone Stats | StatRankings,no,1,Chuba HubbardC. Hubbard,/nfl/player-pages/5378/chuba-hubbard,Carolina Panthers,RB,,,,,,,,,"{""Tgt"": ""1"", ""Rec"": ""1"", ""Catch%"": ""100.0"", ""RecYds"": ""4"", ""RecTD"": ""1"", ""Conv%"": ""100.0"", ""Tgt%"": ""50.0""}"
advanced-players,/nfl/advanced/players/red-zone/receiving/inside-5/te,NFL Red Zone Stats | StatRankings,no,1,Mike GesickiM. Gesicki,/nfl/player-pages/4724/mike-gesicki,Cincinnati Bengals,TE,,,,,,,,,"{""Tgt"": ""2"", ""Rec"": ""1"", ""Catch%"": ""50.0"", ""RecYds"": ""2"", ""RecTD"": ""1"", ""Conv%"": ""50.0"", ""Tgt%"": ""66.7""}"
advanced-players,/nfl/advanced/players/red-zone/receiving/inside-5/te,NFL Red Zone Stats | StatRankings,no,2,Mitchell EvansM. Evans,/nfl/player-pages/2825/mitchell-evans,Carolina Panthers,TE,,,,,,,,,"{""Tgt"": ""1"", ""Rec"": ""-"", ""Catch%"": ""-"", ""RecYds"": ""-"", ""RecTD"": ""-"", ""Conv%"": ""-"", ""Tgt%"": ""50.0""}"
advanced-players,/nfl/advanced/players/red-zone/receiving/inside-5/te,NFL Red Zone Stats | StatRankings,no,2,Eli RaridonE. Raridon,/nfl/player-pages/110794/eli-raridon,New England Patriots,TE,,,,,,,,,"{""Tgt"": ""1"", ""Rec"": ""1"", ""Catch%"": ""100.0"", ""RecYds"": ""2"", ""RecTD"": ""1"", ""Conv%"": ""100.0"", ""Tgt%"": ""100.0""}"
advanced-players,/nfl/advanced/players/red-zone/receiving/inside-5/te,NFL Red Zone Stats | StatRankings,no,2,Trey McBrideT. McBride,/nfl/player-pages/20178/trey-mcbride,Arizona Cardinals,TE,,,,,,,,,"{""Tgt"": ""1"", ""Rec"": ""1"", ""Catch%"": ""100.0"", ""RecYds"": ""3"", ""RecTD"": ""1"", ""Conv%"": ""100.0"", ""Tgt%"": ""100.0""}"
advanced-players,/nfl/advanced/players/red-zone/receiving/inside-5/te,NFL Red Zone Stats | StatRankings,no,2,Jake FergusonJ. Ferguson,/nfl/player-pages/20848/jake-ferguson,Dallas Cowboys,TE,,,,,,,,,"{""Tgt"": ""1"", ""Rec"": ""1"", ""Catch%"": ""100.0"", ""RecYds"": ""0"", ""RecTD"": ""-"", ""Conv%"": ""-"", ""Tgt%"": ""50.0""}"
advanced-players,/nfl/advanced/players/red-zone/receiving/inside-5/wr,NFL Red Zone Stats | StatRankings,no,1,CeeDee LambC. Lamb,/nfl/player-pages/731/ceedee-lamb,Dallas Cowboys,WR,,,,,,,,,"{""Tgt"": ""1"", ""Rec"": ""1"", ""Catch%"": ""100.0"", ""RecYds"": ""1"", ""RecTD"": ""1"", ""Conv%"": ""100.0"", ""Tgt%"": ""50.0""}"
advanced-players,/nfl/advanced/players/red-zone/receiving/inside-5/wr,NFL Red Zone Stats | StatRankings,no,1,Andrei IosivasA. Iosivas,/nfl/player-pages/2812/andrei-iosivas,Cincinnati Bengals,WR,,,,,,,,,"{""Tgt"": ""1"", ""Rec"": ""1"", ""Catch%"": ""100.0"", ""RecYds"": ""0"", ""RecTD"": ""-"", ""Conv%"": ""-"", ""Tgt%"": ""33.3""}"
advanced-players,/nfl/advanced/players/red-zone/receiving/inside-5/wr,NFL Red Zone Stats | StatRankings,no,1,Mike EvansM. Evans,/nfl/player-pages/6348/mike-evans,San Francisco 49ers,WR,,,,,,,,,"{""Tgt"": ""1"", ""Rec"": ""1"", ""Catch%"": ""100.0"", ""RecYds"": ""2"", ""RecTD"": ""1"", ""Conv%"": ""100.0"", ""Tgt%"": ""33.3""}"
advanced-players,/nfl/advanced/players/red-zone/receiving/inside-5/wr,NFL Red Zone Stats | StatRankings,no,1,Antonio WilliamsA. Williams,/nfl/player-pages/110939/antonio-williams,Washington Commanders,WR,,,,,,,,,"{""Tgt"": ""1"", ""Rec"": ""1"", ""Catch%"": ""100.0"", ""RecYds"": ""1"", ""RecTD"": ""1"", ""Conv%"": ""100.0"", ""Tgt%"": ""100.0""}"
advanced-players,/nfl/advanced/players/red-zone/receiving/inside-5/wr,NFL Red Zone Stats | StatRankings,no,1,Amon-Ra St. BrownA. St. Brown,/nfl/player-pages/12451/amon-ra-st-brown,Detroit Lions,WR,,,,,,,,,"{""Tgt"": ""1"", ""Rec"": ""1"", ""Catch%"": ""100.0"", ""RecYds"": ""4"", ""RecTD"": ""1"", ""Conv%"": ""100.0"", ""Tgt%"": ""50.0""}"
advanced-players,/nfl/advanced/players/red-zone/rushing/inside-10/qb,NFL Red Zone Stats | StatRankings,no,1,Caleb WilliamsC. Williams,/nfl/player-pages/20241/caleb-williams,Chicago Bears,QB,,,,,,,,,"{""RushAtt"": ""3"", ""RushYds"": ""15"", ""RushTD"": ""1"", ""Conv%"": ""33.3"", ""Rush%"": ""37.5""}"
advanced-players,/nfl/advanced/players/red-zone/rushing/inside-10/qb,NFL Red Zone Stats | StatRankings,no,2,Justin HerbertJ. Herbert,/nfl/player-pages/12419/justin-herbert,Los Angeles Chargers,QB,,,,,,,,,"{""RushAtt"": ""2"", ""RushYds"": ""9"", ""RushTD"": ""-"", ""Conv%"": ""-"", ""Rush%"": ""50.0""}"
advanced-players,/nfl/advanced/players/red-zone/rushing/inside-10/qb,NFL Red Zone Stats | StatRankings,no,3,Patrick MahomesP. Mahomes,/nfl/player-pages/7675/patrick-mahomes,Kansas City Chiefs,QB,,,,,,,,,"{""RushAtt"": ""1"", ""RushYds"": ""1"", ""RushTD"": ""-"", ""Conv%"": ""-"", ""Rush%"": ""33.3""}"
advanced-players,/nfl/advanced/players/red-zone/rushing/inside-10/qb,NFL Red Zone Stats | StatRankings,no,3,Lamar JacksonL. Jackson,/nfl/player-pages/11979/lamar-jackson,Baltimore Ravens,QB,,,,,,,,,"{""RushAtt"": ""1"", ""RushYds"": ""5"", ""RushTD"": ""1"", ""Conv%"": ""100.0"", ""Rush%"": ""16.7""}"
advanced-players,/nfl/advanced/players/red-zone/rushing/inside-10/qb,NFL Red Zone Stats | StatRankings,no,3,Josh AllenJ. Allen,/nfl/player-pages/13812/josh-allen,Buffalo Bills,QB,,,,,,,,,"{""RushAtt"": ""1"", ""RushYds"": ""1"", ""RushTD"": ""1"", ""Conv%"": ""100.0"", ""Rush%"": ""100.0""}"
advanced-players,/nfl/advanced/players/red-zone/rushing/inside-10/rb,NFL Red Zone Stats | StatRankings,no,1,Derrick HenryD. Henry,/nfl/player-pages/14874/derrick-henry,Baltimore Ravens,RB,,,,,,,,,"{""RushAtt"": ""5"", ""RushYds"": ""15"", ""RushTD"": ""2"", ""Conv%"": ""40.0"", ""Rush%"": ""83.3""}"
advanced-players,/nfl/advanced/players/red-zone/rushing/inside-10/rb,NFL Red Zone Stats | StatRankings,no,1,Jahmyr GibbsJ. Gibbs,/nfl/player-pages/14931/jahmyr-gibbs,Detroit Lions,RB,,,,,,,,,"{""RushAtt"": ""5"", ""RushYds"": ""8"", ""RushTD"": ""2"", ""Conv%"": ""40.0"", ""Rush%"": ""100.0""}"
advanced-players,/nfl/advanced/players/red-zone/rushing/inside-10/rb,NFL Red Zone Stats | StatRankings,no,3,D'Andre SwiftD. Swift,/nfl/player-pages/3975/dandre-swift,Chicago Bears,RB,,,,,,,,,"{""RushAtt"": ""4"", ""RushYds"": ""11"", ""RushTD"": ""2"", ""Conv%"": ""50.0"", ""Rush%"": ""50.0""}"
advanced-players,/nfl/advanced/players/red-zone/rushing/inside-10/rb,NFL Red Zone Stats | StatRankings,no,3,David MontgomeryD. Montgomery,/nfl/player-pages/13191/david-montgomery,Houston Texans,RB,,,,,,,,,"{""RushAtt"": ""4"", ""RushYds"": ""2"", ""RushTD"": ""1"", ""Conv%"": ""25.0"", ""Rush%"": ""100.0""}"
advanced-players,/nfl/advanced/players/red-zone/rushing/inside-10/rb,NFL Red Zone Stats | StatRankings,no,3,Jonathan TaylorJ. Taylor,/nfl/player-pages/18342/jonathan-taylor,Indianapolis Colts,RB,,,,,,,,,"{""RushAtt"": ""4"", ""RushYds"": ""8"", ""RushTD"": ""2"", ""Conv%"": ""50.0"", ""Rush%"": ""100.0""}"
advanced-players,/nfl/advanced/players/red-zone/rushing/inside-10/te,NFL Red Zone Stats | StatRankings,no,1,Kenyon SadiqK. Sadiq,/nfl/player-pages/110829/kenyon-sadiq,New York Jets,TE,,,,,,,,,"{""RushAtt"": ""1"", ""RushYds"": ""3"", ""RushTD"": ""1"", ""Conv%"": ""100.0"", ""Rush%"": ""33.3""}"
advanced-players,/nfl/advanced/players/red-zone/rushing/inside-2/qb,NFL Red Zone Stats | StatRankings,no,1,Josh AllenJ. Allen,/nfl/player-pages/13812/josh-allen,Buffalo Bills,QB,,,,,,,,,"{""RushAtt"": ""1"", ""RushYds"": ""1"", ""RushTD"": ""1"", ""Conv%"": ""100.0"", ""Rush%"": ""100.0""}"
advanced-players,/nfl/advanced/players/red-zone/rushing/inside-2/qb,NFL Red Zone Stats | StatRankings,no,1,Matthew StaffordM. Stafford,/nfl/player-pages/19817/matthew-stafford,Los Angeles Rams,QB,,,,,,,,,"{""RushAtt"": ""1"", ""RushYds"": ""0"", ""RushTD"": ""-"", ""Conv%"": ""-"", ""Rush%"": ""100.0""}"
advanced-players,/nfl/advanced/players/red-zone/rushing/inside-2/qb,NFL Red Zone Stats | StatRankings,no,1,Caleb WilliamsC. Williams,/nfl/player-pages/20241/caleb-williams,Chicago Bears,QB,,,,,,,,,"{""RushAtt"": ""1"", ""RushYds"": ""0"", ""RushTD"": ""-"", ""Conv%"": ""-"", ""Rush%"": ""33.3""}"
advanced-players,/nfl/advanced/players/red-zone/rushing/inside-2/rb,NFL Red Zone Stats | StatRankings,no,1,Javonte WilliamsJ. Williams,/nfl/player-pages/11140/javonte-williams,Dallas Cowboys,RB,,,,,,,,,"{""RushAtt"": ""3"", ""RushYds"": ""2"", ""RushTD"": ""1"", ""Conv%"": ""33.3"", ""Rush%"": ""100.0""}"
advanced-players,/nfl/advanced/players/red-zone/rushing/inside-2/rb,NFL Red Zone Stats | StatRankings,no,1,David MontgomeryD. Montgomery,/nfl/player-pages/13191/david-montgomery,Houston Texans,RB,,,,,,,,,"{""RushAtt"": ""3"", ""RushYds"": ""2"", ""RushTD"": ""1"", ""Conv%"": ""33.3"", ""Rush%"": ""100.0""}"
advanced-players,/nfl/advanced/players/red-zone/rushing/inside-2/rb,NFL Red Zone Stats | StatRankings,no,3,D'Andre SwiftD. Swift,/nfl/player-pages/3975/dandre-swift,Chicago Bears,RB,,,,,,,,,"{""RushAtt"": ""2"", ""RushYds"": ""2"", ""RushTD"": ""2"", ""Conv%"": ""100.0"", ""Rush%"": ""66.7""}"
advanced-players,/nfl/advanced/players/red-zone/rushing/inside-2/rb,NFL Red Zone Stats | StatRankings,no,3,Jahmyr GibbsJ. Gibbs,/nfl/player-pages/14931/jahmyr-gibbs,Detroit Lions,RB,,,,,,,,,"{""RushAtt"": ""2"", ""RushYds"": ""2"", ""RushTD"": ""2"", ""Conv%"": ""100.0"", ""Rush%"": ""100.0""}"
advanced-players,/nfl/advanced/players/red-zone/rushing/inside-2/rb,NFL Red Zone Stats | StatRankings,no,5,Jacory Croskey-MerrittJ. Croskey-Merritt,/nfl/player-pages/3455/jacory-croskey-merritt,Washington Commanders,RB,,,,,,,,,"{""RushAtt"": ""1"", ""RushYds"": ""1"", ""RushTD"": ""1"", ""Conv%"": ""100.0"", ""Rush%"": ""100.0""}"
advanced-players,/nfl/advanced/players/red-zone/rushing/inside-20/qb,NFL Red Zone Stats | StatRankings,no,1,Joe BurrowJ. Burrow,/nfl/player-pages/6239/joe-burrow,Cincinnati Bengals,QB,,,,,,,,,"{""RushAtt"": ""3"", ""RushYds"": ""19"", ""RushTD"": ""-"", ""Conv%"": ""-"", ""Rush%"": ""33.3""}"
advanced-players,/nfl/advanced/players/red-zone/rushing/inside-20/qb,NFL Red Zone Stats | StatRankings,no,1,Justin HerbertJ. Herbert,/nfl/player-pages/12419/justin-herbert,Los Angeles Chargers,QB,,,,,,,,,"{""RushAtt"": ""3"", ""RushYds"": ""14"", ""RushTD"": ""-"", ""Conv%"": ""-"", ""Rush%"": ""42.9""}"
advanced-players,/nfl/advanced/players/red-zone/rushing/inside-20/qb,NFL Red Zone Stats | StatRankings,no,1,Baker MayfieldB. Mayfield,/nfl/player-pages/15726/baker-mayfield,Tampa Bay Buccaneers,QB,,,,,,,,,"{""RushAtt"": ""3"", ""RushYds"": ""25"", ""RushTD"": ""1"", ""Conv%"": ""33.3"", ""Rush%"": ""60.0""}"
advanced-players,/nfl/advanced/players/red-zone/rushing/inside-20/qb,NFL Red Zone Stats | StatRankings,no,1,Caleb WilliamsC. Williams,/nfl/player-pages/20241/caleb-williams,Chicago Bears,QB,,,,,,,,,"{""RushAtt"": ""3"", ""RushYds"": ""15"", ""RushTD"": ""1"", ""Conv%"": ""33.3"", ""Rush%"": ""30.0""}"
advanced-players,/nfl/advanced/players/red-zone/rushing/inside-20/qb,NFL Red Zone Stats | StatRankings,no,5,Deshaun WatsonD. Watson,/nfl/player-pages/692/deshaun-watson,Cleveland Browns,QB,,,,,,,,,"{""RushAtt"": ""2"", ""RushYds"": ""15"", ""RushTD"": ""-"", ""Conv%"": ""-"", ""Rush%"": ""50.0""}"
advanced-players,/nfl/advanced/players/red-zone/rushing/inside-20/rb,NFL Red Zone Stats | StatRankings,no,1,Jahmyr GibbsJ. Gibbs,/nfl/player-pages/14931/jahmyr-gibbs,Detroit Lions,RB,,,,,,,,,"{""RushAtt"": ""8"", ""RushYds"": ""20"", ""RushTD"": ""2"", ""Conv%"": ""25.0"", ""Rush%"": ""88.9""}"
advanced-players,/nfl/advanced/players/red-zone/rushing/inside-20/rb,NFL Red Zone Stats | StatRankings,no,2,D'Andre SwiftD. Swift,/nfl/player-pages/3975/dandre-swift,Chicago Bears,RB,,,,,,,,,"{""RushAtt"": ""6"", ""RushYds"": ""22"", ""RushTD"": ""2"", ""Conv%"": ""33.3"", ""Rush%"": ""60.0""}"
advanced-players,/nfl/advanced/players/red-zone/rushing/inside-20/rb,NFL Red Zone Stats | StatRankings,no,2,Derrick HenryD. Henry,/nfl/player-pages/14874/derrick-henry,Baltimore Ravens,RB,,,,,,,,,"{""RushAtt"": ""6"", ""RushYds"": ""27"", ""RushTD"": ""2"", ""Conv%"": ""33.3"", ""Rush%"": ""85.7""}"
advanced-players,/nfl/advanced/players/red-zone/rushing/inside-20/rb,NFL Red Zone Stats | StatRankings,no,4,David MontgomeryD. Montgomery,/nfl/player-pages/13191/david-montgomery,Houston Texans,RB,,,,,,,,,"{""RushAtt"": ""5"", ""RushYds"": ""20"", ""RushTD"": ""2"", ""Conv%"": ""40.0"", ""Rush%"": ""100.0""}"
advanced-players,/nfl/advanced/players/red-zone/rushing/inside-20/rb,NFL Red Zone Stats | StatRankings,no,4,Jonathan TaylorJ. Taylor,/nfl/player-pages/18342/jonathan-taylor,Indianapolis Colts,RB,,,,,,,,,"{""RushAtt"": ""5"", ""RushYds"": ""18"", ""RushTD"": ""2"", ""Conv%"": ""40.0"", ""Rush%"": ""100.0""}"
advanced-players,/nfl/advanced/players/red-zone/rushing/inside-20/te,NFL Red Zone Stats | StatRankings,no,1,Kenyon SadiqK. Sadiq,/nfl/player-pages/110829/kenyon-sadiq,New York Jets,TE,,,,,,,,,"{""RushAtt"": ""1"", ""RushYds"": ""3"", ""RushTD"": ""1"", ""Conv%"": ""100.0"", ""Rush%"": ""16.7""}"
advanced-players,/nfl/advanced/players/red-zone/rushing/inside-5/qb,NFL Red Zone Stats | StatRankings,no,1,Lamar JacksonL. Jackson,/nfl/player-pages/11979/lamar-jackson,Baltimore Ravens,QB,,,,,,,,,"{""RushAtt"": ""1"", ""RushYds"": ""5"", ""RushTD"": ""1"", ""Conv%"": ""100.0"", ""Rush%"": ""33.3""}"
advanced-players,/nfl/advanced/players/red-zone/rushing/inside-5/qb,NFL Red Zone Stats | StatRankings,no,1,Josh AllenJ. Allen,/nfl/player-pages/13812/josh-allen,Buffalo Bills,QB,,,,,,,,,"{""RushAtt"": ""1"", ""RushYds"": ""1"", ""RushTD"": ""1"", ""Conv%"": ""100.0"", ""Rush%"": ""100.0""}"
advanced-players,/nfl/advanced/players/red-zone/rushing/inside-5/qb,NFL Red Zone Stats | StatRankings,no,1,Matthew StaffordM. Stafford,/nfl/player-pages/19817/matthew-stafford,Los Angeles Rams,QB,,,,,,,,,"{""RushAtt"": ""1"", ""RushYds"": ""0"", ""RushTD"": ""-"", ""Conv%"": ""-"", ""Rush%"": ""33.3""}"
advanced-players,/nfl/advanced/players/red-zone/rushing/inside-5/qb,NFL Red Zone Stats | StatRankings,no,1,Caleb WilliamsC. Williams,/nfl/player-pages/20241/caleb-williams,Chicago Bears,QB,,,,,,,,,"{""RushAtt"": ""1"", ""RushYds"": ""0"", ""RushTD"": ""-"", ""Conv%"": ""-"", ""Rush%"": ""25.0""}"
advanced-players,/nfl/advanced/players/red-zone/rushing/inside-5/rb,NFL Red Zone Stats | StatRankings,no,1,Jahmyr GibbsJ. Gibbs,/nfl/player-pages/14931/jahmyr-gibbs,Detroit Lions,RB,,,,,,,,,"{""RushAtt"": ""5"", ""RushYds"": ""8"", ""RushTD"": ""2"", ""Conv%"": ""40.0"", ""Rush%"": ""100.0""}"
advanced-players,/nfl/advanced/players/red-zone/rushing/inside-5/rb,NFL Red Zone Stats | StatRankings,no,2,D'Andre SwiftD. Swift,/nfl/player-pages/3975/dandre-swift,Chicago Bears,RB,,,,,,,,,"{""RushAtt"": ""3"", ""RushYds"": ""6"", ""RushTD"": ""2"", ""Conv%"": ""66.7"", ""Rush%"": ""75.0""}"
advanced-players,/nfl/advanced/players/red-zone/rushing/inside-5/rb,NFL Red Zone Stats | StatRankings,no,2,Javonte WilliamsJ. Williams,/nfl/player-pages/11140/javonte-williams,Dallas Cowboys,RB,,,,,,,,,"{""RushAtt"": ""3"", ""RushYds"": ""2"", ""RushTD"": ""1"", ""Conv%"": ""33.3"", ""Rush%"": ""100.0""}"
advanced-players,/nfl/advanced/players/red-zone/rushing/inside-5/rb,NFL Red Zone Stats | StatRankings,no,2,David MontgomeryD. Montgomery,/nfl/player-pages/13191/david-montgomery,Houston Texans,RB,,,,,,,,,"{""RushAtt"": ""3"", ""RushYds"": ""2"", ""RushTD"": ""1"", ""Conv%"": ""33.3"", ""Rush%"": ""100.0""}"
advanced-players,/nfl/advanced/players/red-zone/rushing/inside-5/rb,NFL Red Zone Stats | StatRankings,no,2,Jonathan TaylorJ. Taylor,/nfl/player-pages/18342/jonathan-taylor,Indianapolis Colts,RB,,,,,,,,,"{""RushAtt"": ""3"", ""RushYds"": ""3"", ""RushTD"": ""2"", ""Conv%"": ""66.7"", ""Rush%"": ""100.0""}"
advanced-players,/nfl/advanced/players/red-zone/rushing/inside-5/te,NFL Red Zone Stats | StatRankings,no,1,Kenyon SadiqK. Sadiq,/nfl/player-pages/110829/kenyon-sadiq,New York Jets,TE,,,,,,,,,"{""RushAtt"": ""1"", ""RushYds"": ""3"", ""RushTD"": ""1"", ""Conv%"": ""100.0"", ""Rush%"": ""33.3""}"
advanced-players,/nfl/advanced/players/usage/first-downs,First Downs | NFL Advanced Stats,no,1,Jahmyr GibbsJ. Gibbs,/nfl/player-pages/14931/jahmyr-gibbs,Detroit Lions,RB,2026,15,15,15,15,15,15,-,
advanced-players,/nfl/advanced/players/usage/first-downs,First Downs | NFL Advanced Stats,no,2,Kenneth Walker IIIK. Walker III,/nfl/player-pages/2659/kenneth-walker-iii,Kansas City Chiefs,RB,2026,10,10,10,10,10,10,-,
advanced-players,/nfl/advanced/players/usage/first-downs,First Downs | NFL Advanced Stats,no,3,Ashton JeantyA. Jeanty,/nfl/player-pages/20978/ashton-jeanty,Las Vegas Raiders,RB,2026,9,9,9,9,9,9,-,
advanced-players,/nfl/advanced/players/usage/first-downs,First Downs | NFL Advanced Stats,no,3,Bijan RobinsonB. Robinson,/nfl/player-pages/21178/bijan-robinson,Atlanta Falcons,RB,2026,9,9,9,9,9,-,9,
advanced-players,/nfl/advanced/players/usage/first-downs,First Downs | NFL Advanced Stats,no,5,Derrick HenryD. Henry,/nfl/player-pages/14874/derrick-henry,Baltimore Ravens,RB,2026,8,8,8,8,8,-,8,
advanced-players,/nfl/advanced/players/usage/first-read-target-share,First Read Target Share | NFL Advanced Stats,no,1,Jaxon Smith-NjigbaJ. Smith-Njigba,/nfl/player-pages/2999/jaxon-smith-njigba,Seattle Seahawks,WR,2026,57.9%,57.9%,57.9%,57.9%,57.9%,57.9%,-,
advanced-players,/nfl/advanced/players/usage/first-read-target-share,First Read Target Share | NFL Advanced Stats,no,2,Justin JeffersonJ. Jefferson,/nfl/player-pages/21285/justin-jefferson,Minnesota Vikings,WR,2026,52.9%,52.9%,52.9%,52.9%,52.9%,52.9%,-,
advanced-players,/nfl/advanced/players/usage/first-read-target-share,First Read Target Share | NFL Advanced Stats,no,3,Puka NacuaP. Nacua,/nfl/player-pages/14907/puka-nacua,Los Angeles Rams,WR,2026,50.0%,50.0%,50.0%,50.0%,50.0%,50.0%,-,
advanced-players,/nfl/advanced/players/usage/first-read-target-share,First Read Target Share | NFL Advanced Stats,no,3,Bijan RobinsonB. Robinson,/nfl/player-pages/21178/bijan-robinson,Atlanta Falcons,RB,2026,50.0%,50.0%,50.0%,50.0%,50.0%,-,50.0%,
advanced-players,/nfl/advanced/players/usage/first-read-target-share,First Read Target Share | NFL Advanced Stats,no,5,Amon-Ra St. BrownA. St. Brown,/nfl/player-pages/12451/amon-ra-st-brown,Detroit Lions,WR,2026,42.1%,42.1%,42.1%,42.1%,42.1%,42.1%,-,
advanced-players,/nfl/advanced/players/usage/motion-rate,Motion Rate | NFL Advanced Player Stats,no,1,Travis KelceT. Kelce,/nfl/player-pages/8521/travis-kelce,Kansas City Chiefs,TE,2026,38.2%,38.2%,38.2%,38.2%,38.2%,38.2%,-,
advanced-players,/nfl/advanced/players/usage/motion-rate,Motion Rate | NFL Advanced Player Stats,no,2,Jaylen WaddleJ. Waddle,/nfl/player-pages/22211/jaylen-waddle,Denver Broncos,WR,2026,30.3%,30.3%,30.3%,30.3%,30.3%,-,30.3%,
advanced-players,/nfl/advanced/players/usage/motion-rate,Motion Rate | NFL Advanced Player Stats,no,3,Brenton StrangeB. Strange,/nfl/player-pages/3328/brenton-strange,Jacksonville Jaguars,TE,2026,25.0%,25.0%,25.0%,25.0%,25.0%,25.0%,-,
advanced-players,/nfl/advanced/players/usage/motion-rate,Motion Rate | NFL Advanced Player Stats,no,4,Amon-Ra St. BrownA. St. Brown,/nfl/player-pages/12451/amon-ra-st-brown,Detroit Lions,WR,2026,24.4%,24.4%,24.4%,24.4%,24.4%,24.4%,-,
advanced-players,/nfl/advanced/players/usage/motion-rate,Motion Rate | NFL Advanced Player Stats,no,5,Makai LemonM. Lemon,/nfl/player-pages/110658/makai-lemon,Philadelphia Eagles,WR,2026,24.2%,24.2%,24.2%,24.2%,24.2%,24.2%,-,
advanced-players,/nfl/advanced/players/usage/opportunity-share,RB Opportunity Share | NFL Advanced Stats,no,1,Jonathan TaylorJ. Taylor,/nfl/player-pages/18342/jonathan-taylor,Indianapolis Colts,RB,2026,95.8%,95.8%,95.8%,95.8%,95.8%,95.8%,-,
advanced-players,/nfl/advanced/players/usage/opportunity-share,RB Opportunity Share | NFL Advanced Stats,no,2,De'Von AchaneD. Achane,/nfl/player-pages/2590/devon-achane,Miami Dolphins,RB,2026,94.1%,94.1%,94.1%,94.1%,94.1%,-,94.1%,
advanced-players,/nfl/advanced/players/usage/opportunity-share,RB Opportunity Share | NFL Advanced Stats,no,3,Jahmyr GibbsJ. Gibbs,/nfl/player-pages/14931/jahmyr-gibbs,Detroit Lions,RB,2026,91.9%,91.9%,91.9%,91.9%,91.9%,91.9%,-,
advanced-players,/nfl/advanced/players/usage/opportunity-share,RB Opportunity Share | NFL Advanced Stats,no,4,James CookJ. Cook,/nfl/player-pages/11252/james-cook,Buffalo Bills,RB,2026,89.5%,89.5%,89.5%,89.5%,89.5%,-,89.5%,
advanced-players,/nfl/advanced/players/usage/opportunity-share,RB Opportunity Share | NFL Advanced Stats,no,5,Javonte WilliamsJ. Williams,/nfl/player-pages/11140/javonte-williams,Dallas Cowboys,RB,2026,85.0%,85.0%,85.0%,85.0%,85.0%,-,85.0%,
advanced-players,/nfl/advanced/players/usage/route-participation,Route Participation | NFL Advanced Stats,no,1,Justin JeffersonJ. Jefferson,/nfl/player-pages/21285/justin-jefferson,Minnesota Vikings,WR,2026,100.0%,100.0%,100.0%,100.0%,100.0%,100.0%,-,
advanced-players,/nfl/advanced/players/usage/route-participation,Route Participation | NFL Advanced Stats,no,2,Ja'Marr ChaseJ. Chase,/nfl/player-pages/3523/jamarr-chase,Cincinnati Bengals,WR,2026,97.3%,97.3%,97.3%,97.3%,97.3%,97.3%,-,
advanced-players,/nfl/advanced/players/usage/route-participation,Route Participation | NFL Advanced Stats,no,2,Malik WashingtonM. Washington,/nfl/player-pages/14482/malik-washington,Miami Dolphins,WR,2026,97.3%,97.3%,97.3%,97.3%,97.3%,-,97.3%,
advanced-players,/nfl/advanced/players/usage/route-participation,Route Participation | NFL Advanced Stats,no,4,Jaxon Smith-NjigbaJ. Smith-Njigba,/nfl/player-pages/2999/jaxon-smith-njigba,Seattle Seahawks,WR,2026,96.3%,96.3%,96.3%,96.3%,96.3%,96.3%,-,
advanced-players,/nfl/advanced/players/usage/route-participation,Route Participation | NFL Advanced Stats,no,5,Drake LondonD. London,/nfl/player-pages/17187/drake-london,Atlanta Falcons,WR,2026,96.2%,96.2%,96.2%,96.2%,96.2%,-,96.2%,
advanced-players,/nfl/advanced/players/usage/routes-run,Routes Run | NFL Advanced Stats,no,1,Devaughn VeleD. Vele,/nfl/player-pages/13889/devaughn-vele,New Orleans Saints,WR,2026,57,57,57,57,57,-,57,
advanced-players,/nfl/advanced/players/usage/routes-run,Routes Run | NFL Advanced Stats,no,2,Chris OlaveC. Olave,/nfl/player-pages/4973/chris-olave,New Orleans Saints,WR,2026,54,54,54,54,54,-,54,
advanced-players,/nfl/advanced/players/usage/routes-run,Routes Run | NFL Advanced Stats,no,3,Juwan JohnsonJ. Johnson,/nfl/player-pages/14481/juwan-johnson,New Orleans Saints,TE,2026,50,50,50,50,50,-,50,
advanced-players,/nfl/advanced/players/usage/routes-run,Routes Run | NFL Advanced Stats,no,4,Bryce LanceB. Lance,/nfl/player-pages/110649/bryce-lance,New Orleans Saints,WR,2026,45,45,45,45,45,-,45,
advanced-players,/nfl/advanced/players/usage/routes-run,Routes Run | NFL Advanced Stats,no,5,DK MetcalfD. Metcalf,/nfl/player-pages/21550/dk-metcalf,Pittsburgh Steelers,WR,2026,42,42,42,42,42,42,-,
advanced-players,/nfl/advanced/players/usage/snap-rate,Snap Rate (Snap Share) | NFL Advanced Stats,no,1,Drake LondonD. London,/nfl/player-pages/17187/drake-london,Atlanta Falcons,WR,2026,98.3%,98.3%,98.3%,98.3%,98.3%,-,98.3%,
advanced-players,/nfl/advanced/players/usage/snap-rate,Snap Rate (Snap Share) | NFL Advanced Stats,no,2,Cade OttonC. Otton,/nfl/player-pages/13236/cade-otton,Tampa Bay Buccaneers,TE,2026,98.2%,98.2%,98.2%,98.2%,98.2%,-,98.2%,
advanced-players,/nfl/advanced/players/usage/snap-rate,Snap Rate (Snap Share) | NFL Advanced Stats,no,3,Malik WashingtonM. Washington,/nfl/player-pages/14482/malik-washington,Miami Dolphins,WR,2026,98.2%,98.2%,98.2%,98.2%,98.2%,-,98.2%,
advanced-players,/nfl/advanced/players/usage/snap-rate,Snap Rate (Snap Share) | NFL Advanced Stats,no,4,DK MetcalfD. Metcalf,/nfl/player-pages/21550/dk-metcalf,Pittsburgh Steelers,WR,2026,95.5%,95.5%,95.5%,95.5%,95.5%,95.5%,-,
advanced-players,/nfl/advanced/players/usage/snap-rate,Snap Rate (Snap Share) | NFL Advanced Stats,no,5,DeVonta SmithD. Smith,/nfl/player-pages/4432/devonta-smith,Philadelphia Eagles,WR,2026,94.5%,94.5%,94.5%,94.5%,94.5%,94.5%,-,
advanced-players,/nfl/advanced/players/usage/target-rate,True Target Share | NFL Advanced Stats,no,1,Jaxon Smith-NjigbaJ. Smith-Njigba,/nfl/player-pages/2999/jaxon-smith-njigba,Seattle Seahawks,WR,2026,45.8%,45.8%,45.8%,45.8%,45.8%,45.8%,-,
advanced-players,/nfl/advanced/players/usage/target-rate,True Target Share | NFL Advanced Stats,no,2,Bijan RobinsonB. Robinson,/nfl/player-pages/21178/bijan-robinson,Atlanta Falcons,RB,2026,45.5%,45.5%,45.5%,45.5%,45.5%,-,45.5%,
advanced-players,/nfl/advanced/players/usage/target-rate,True Target Share | NFL Advanced Stats,no,3,Justin JeffersonJ. Jefferson,/nfl/player-pages/21285/justin-jefferson,Minnesota Vikings,WR,2026,37.5%,37.5%,37.5%,37.5%,37.5%,37.5%,-,
advanced-players,/nfl/advanced/players/usage/target-rate,True Target Share | NFL Advanced Stats,no,4,Amon-Ra St. BrownA. St. Brown,/nfl/player-pages/12451/amon-ra-st-brown,Detroit Lions,WR,2026,35.9%,35.9%,35.9%,35.9%,35.9%,35.9%,-,
advanced-players,/nfl/advanced/players/usage/target-rate,True Target Share | NFL Advanced Stats,no,5,Trey McBrideT. McBride,/nfl/player-pages/20178/trey-mcbride,Arizona Cardinals,TE,2026,35.1%,35.1%,35.1%,35.1%,35.1%,-,35.1%,
advanced-players,/nfl/advanced/players/usage/target-share,Target Share | NFL Advanced Stats,yes,1,Jaxon Smith-NjigbaJ. Smith-Njigba,/nfl/player-pages/2999/jaxon-smith-njigba,Seattle Seahawks,WR,2026,45.8%,45.8%,45.8%,45.8%,45.8%,45.8%,-,
advanced-players,/nfl/advanced/players/usage/target-share,Target Share | NFL Advanced Stats,yes,2,Bijan RobinsonB. Robinson,/nfl/player-pages/21178/bijan-robinson,Atlanta Falcons,RB,2026,45.5%,45.5%,45.5%,45.5%,45.5%,-,45.5%,
advanced-players,/nfl/advanced/players/usage/target-share,Target Share | NFL Advanced Stats,yes,3,Justin JeffersonJ. Jefferson,/nfl/player-pages/21285/justin-jefferson,Minnesota Vikings,WR,2026,37.5%,37.5%,37.5%,37.5%,37.5%,37.5%,-,
advanced-players,/nfl/advanced/players/usage/target-share,Target Share | NFL Advanced Stats,yes,4,Amon-Ra St. BrownA. St. Brown,/nfl/player-pages/12451/amon-ra-st-brown,Detroit Lions,WR,2026,35.9%,35.9%,35.9%,35.9%,35.9%,35.9%,-,
advanced-players,/nfl/advanced/players/usage/target-share,Target Share | NFL Advanced Stats,yes,5,Trey McBrideT. McBride,/nfl/player-pages/20178/trey-mcbride,Arizona Cardinals,TE,2026,35.1%,35.1%,35.1%,35.1%,35.1%,-,35.1%,
advanced-players,/nfl/advanced/players/usage/target-share,Target Share | NFL Advanced Stats,yes,6,Puka NacuaP. Nacua,/nfl/player-pages/14907/puka-nacua,Los Angeles Rams,WR,2026,32.1%,32.1%,32.1%,32.1%,32.1%,32.1%,-,
advanced-players,/nfl/advanced/players/usage/target-share,Target Share | NFL Advanced Stats,yes,7,Kalif RaymondK. Raymond,/nfl/player-pages/7394/kalif-raymond,Chicago Bears,WR,2026,31.0%,31.0%,31.0%,31.0%,31.0%,-,31.0%,
advanced-players,/nfl/advanced/players/usage/target-share,Target Share | NFL Advanced Stats,yes,7,Malik NabersM. Nabers,/nfl/player-pages/11088/malik-nabers,New York Giants,WR,2026,31.0%,31.0%,31.0%,31.0%,31.0%,31.0%,-,
advanced-players,/nfl/advanced/players/usage/target-share,Target Share | NFL Advanced Stats,yes,9,Malik WashingtonM. Washington,/nfl/player-pages/14482/malik-washington,Miami Dolphins,WR,2026,29.6%,29.6%,29.6%,29.6%,29.6%,-,29.6%,
advanced-players,/nfl/advanced/players/usage/target-share,Target Share | NFL Advanced Stats,yes,10,Garrett WilsonG. Wilson,/nfl/player-pages/1670/garrett-wilson,New York Jets,WR,2026,29.2%,29.2%,29.2%,29.2%,29.2%,-,29.2%,
advanced-players,/nfl/advanced/players/usage/target-share,Target Share | NFL Advanced Stats,yes,11,Matthew GoldenM. Golden,/nfl/player-pages/1620/matthew-golden,Green Bay Packers,WR,2026,28.6%,28.6%,28.6%,28.6%,28.6%,-,28.6%,
advanced-players,/nfl/advanced/players/usage/target-share,Target Share | NFL Advanced Stats,yes,12,DJ MooreD. Moore,/nfl/player-pages/14010/dj-moore,Buffalo Bills,WR,2026,27.6%,27.6%,27.6%,27.6%,27.6%,-,27.6%,
advanced-players,/nfl/advanced/players/usage/target-share,Target Share | NFL Advanced Stats,yes,12,Isaiah LikelyI. Likely,/nfl/player-pages/21028/isaiah-likely,New York Giants,TE,2026,27.6%,27.6%,27.6%,27.6%,27.6%,27.6%,-,
advanced-players,/nfl/advanced/players/usage/target-share,Target Share | NFL Advanced Stats,yes,14,Stefon DiggsS. Diggs,/nfl/player-pages/17968/stefon-diggs,Washington Commanders,WR,2026,26.5%,26.5%,26.5%,26.5%,26.5%,-,26.5%,
advanced-players,/nfl/advanced/players/usage/target-share,Target Share | NFL Advanced Stats,yes,15,Nico CollinsN. Collins,/nfl/player-pages/14167/nico-collins,Houston Texans,WR,2026,26.3%,26.3%,26.3%,26.3%,26.3%,26.3%,-,
advanced-players,/nfl/advanced/players/usage/target-share,Target Share | NFL Advanced Stats,yes,16,Parker WashingtonP. Washington,/nfl/player-pages/19762/parker-washington,Jacksonville Jaguars,WR,2026,26.1%,26.1%,26.1%,26.1%,26.1%,26.1%,-,
advanced-players,/nfl/advanced/players/usage/target-share,Target Share | NFL Advanced Stats,yes,17,Ladd McConkeyL. McConkey,/nfl/player-pages/3282/ladd-mcconkey,Los Angeles Chargers,WR,2026,25.9%,25.9%,25.9%,25.9%,25.9%,25.9%,-,
advanced-players,/nfl/advanced/players/usage/target-share,Target Share | NFL Advanced Stats,yes,17,Caleb DouglasC. Douglas,/nfl/player-pages/110482/caleb-douglas,Miami Dolphins,WR,2026,25.9%,25.9%,25.9%,25.9%,25.9%,-,25.9%,
advanced-players,/nfl/advanced/players/usage/target-share,Target Share | NFL Advanced Stats,yes,19,Bucky IrvingB. Irving,/nfl/player-pages/17872/bucky-irving,Tampa Bay Buccaneers,RB,2026,25.0%,25.0%,25.0%,25.0%,25.0%,-,25.0%,
advanced-players,/nfl/advanced/players/usage/target-share,Target Share | NFL Advanced Stats,yes,20,DK MetcalfD. Metcalf,/nfl/player-pages/21550/dk-metcalf,Pittsburgh Steelers,WR,2026,24.4%,24.4%,24.4%,24.4%,24.4%,24.4%,-,
advanced-players,/nfl/advanced/players/usage/target-share,Target Share | NFL Advanced Stats,yes,21,DeVonta SmithD. Smith,/nfl/player-pages/4432/devonta-smith,Philadelphia Eagles,WR,2026,24.0%,24.0%,24.0%,24.0%,24.0%,24.0%,-,
advanced-players,/nfl/advanced/players/usage/target-share,Target Share | NFL Advanced Stats,yes,21,Zay FlowersZ. Flowers,/nfl/player-pages/14489/zay-flowers,Baltimore Ravens,WR,2026,24.0%,24.0%,24.0%,24.0%,24.0%,-,24.0%,
advanced-players,/nfl/advanced/players/usage/target-share,Target Share | NFL Advanced Stats,yes,21,Mark AndrewsM. Andrews,/nfl/player-pages/17753/mark-andrews,Baltimore Ravens,TE,2026,24.0%,24.0%,24.0%,24.0%,24.0%,-,24.0%,
advanced-players,/nfl/advanced/players/usage/target-share,Target Share | NFL Advanced Stats,yes,24,Jalen CokerJ. Coker,/nfl/player-pages/9884/jalen-coker,Carolina Panthers,WR,2026,23.7%,23.7%,23.7%,23.7%,23.7%,23.7%,-,
advanced-players,/nfl/advanced/players/usage/target-share,Target Share | NFL Advanced Stats,yes,25,CeeDee LambC. Lamb,/nfl/player-pages/731/ceedee-lamb,Dallas Cowboys,WR,2026,23.5%,23.5%,23.5%,23.5%,23.5%,-,23.5%,
advanced-players,/nfl/advanced/players/usage/targets-per-route-run,Targets Per Route Run | NFL Advanced Stats,no,1,Zay FlowersZ. Flowers,/nfl/player-pages/14489/zay-flowers,Baltimore Ravens,WR,2026,0.55,0.55,0.55,0.55,0.55,-,0.55,
advanced-players,/nfl/advanced/players/usage/targets-per-route-run,Targets Per Route Run | NFL Advanced Stats,no,2,Josh OliverJ. Oliver,/nfl/player-pages/3158/josh-oliver,Minnesota Vikings,TE,2026,0.50,0.50,0.50,0.50,0.50,0.50,-,
advanced-players,/nfl/advanced/players/usage/targets-per-route-run,Targets Per Route Run | NFL Advanced Stats,no,3,Bijan RobinsonB. Robinson,/nfl/player-pages/21178/bijan-robinson,Atlanta Falcons,RB,2026,0.48,0.48,0.48,0.48,0.48,-,0.48,
advanced-players,/nfl/advanced/players/usage/targets-per-route-run,Targets Per Route Run | NFL Advanced Stats,no,4,Puka NacuaP. Nacua,/nfl/player-pages/14907/puka-nacua,Los Angeles Rams,WR,2026,0.47,0.47,0.47,0.47,0.47,0.47,-,
advanced-players,/nfl/advanced/players/usage/targets-per-route-run,Targets Per Route Run | NFL Advanced Stats,no,5,Noah FantN. Fant,/nfl/player-pages/18906/noah-fant,New Orleans Saints,TE,2026,0.44,0.44,0.44,0.44,0.44,-,0.44,
advanced-players,/nfl/advanced/players/usage/total-opportunities,Total Opportunities | NFL Advanced Stats,no,1,Jahmyr GibbsJ. Gibbs,/nfl/player-pages/14931/jahmyr-gibbs,Detroit Lions,RB,2026,34,34,34,34,34,34,-,
advanced-players,/nfl/advanced/players/usage/total-opportunities,Total Opportunities | NFL Advanced Stats,no,2,Bijan RobinsonB. Robinson,/nfl/player-pages/21178/bijan-robinson,Atlanta Falcons,RB,2026,31,31,31,31,31,-,31,
