posteam,epa
ARI,1.31733980588615
ARI,-1.69435995956883
NO,-0.788526989053935
NO,-1.5457959654741
ARI,0.0410655138548464
ARI,1.13354981667362
ARI,-0.883086086716503
ARI,-0.653991645202041
ARI,1.11316926509608
ARI,-0.650759270298295
ARI,-1.06060263332055
NO,0.676772792590782
NO,1.35763366660103
NO,1.37107296788599
NO,0.413750811829232
ARI,0.277391066774726
ARI,3.19205127726309
ARI,0.811590152967256
NO,0.428171747596934
NO,1.66713239485398
NO,0.0705173650057986
NO,-0.634808838018216
NO,-0.784221821358545
ARI,-0.545378534588963
ARI,-0.641429355135188
ARI,1.71159395028371
ARI,-0.726267843623646
ARI,0.204198515159078
ARI,2.7876767354901
ARI,0.113319557916839
ARI,1.73689978290349
NO,-0.467498532496393
NO,1.72851702012122
NO,-0.552658809814602
NO,-2.22711409721524
ARI,-0.976449432782829
ARI,-0.481221009511501
ARI,-1.19179980085572
NO,-0.611671449616551
NO,1.30233187670819
NO,-0.864051666343585
NO,2.00058249291033
NO,0.1961903963238
NO,0.316044752020389
NO,0.529198575299233
NO,-0.476942761684768
NO,-1.63018556499213
ARI,0.436071529518813
ARI,-0.399437570944428
ARI,-0.137924609472975
ARI,-2.30962214921601
NO,-0.862666754983366
NO,-0.77358090877533
ARI,-0.58583790063858
ARI,2.43101427145302
ARI,1.34625990921631
ARI,0.580921839922667
ARI,-0.538074251497164
ARI,-1.36841536825523
NO,-0.591157480143011
NO,-0.733889488503337
NO,-0.85258786031045
ARI,0.0669216739479452
NO,-0.0009311832254752
NO,1.64124377694679
NO,0.0763847201014869
NO,1.09987462480785
NO,1.60753650165861
NO,-0.375507092132466
NO,-1.54751839785604
ARI,-0.588609133847058
ARI,-1.71179389348254
NO,-0.350902512669563
NO,0.539652759674937
NO,0.487767698534299
NO,0.11139434116194
NO,0.342609660932794
NO,-0.298471168905962
NO,-0.0750632589915767
NO,0.613979716901667
NO,-0.309188873507082
NO,-0.14417833063635
NO,-2.52523829400889
BUF,0.444104690803215
BUF,-0.77546699414961
BUF,-0.803599213017151
BUF,2.55858492432162
BAL,1.12778808991425
BAL,0.180611261865124
BAL,0.870773859205656
BAL,-0.46965415996965
BAL,-2.43666753579226
BAL,1.34645359427668
BAL,-0.018798332195729
BUF,-0.526102853473276
BUF,-0.175885770469904
BUF,-1.34811847936362
BAL,0.160719281528145
BUF,-0.428846204420552
BUF,-0.673388468567282
BUF,2.21301404538099
BUF,0.730033903208096
BUF,0.930889342620503
BUF,-0.43809202068951
BUF,-0.750690877854038
BAL,-0.640881297178567
BAL,1.74048866285011
BAL,-0.963631074759178
BUF,0.439562176004984
BUF,1.87177222884484
BAL,-0.829515700694174
BAL,4.15062094805762
BAL,2.53654670808464
BUF,0.97412234172225
BUF,-0.519674198236316
BUF,-0.728683637804352
BUF,-0.993824201752432
BUF,-0.947
BAL,-1.32184230629355
BUF,-0.599654919467866
BUF,2.03469824767672
BUF,-0.758911747951061
BUF,-1.40674399305135
BAL,2.37592502718326
BAL,3.42234689358156
BUF,0.969870067667216
BUF,0.965470848372206
BUF,-0.137028499972075
BUF,-0.876052687177435
BUF,4.99526702566072
BUF,1.0540653692442
BUF,-0.947
BAL,-0.540441926568747
BAL,-0.745875502470881
BAL,2.56259736977518
BUF,2.81580700917402
BUF,-0.947
BAL,-0.787039116723463
BUF,-0.176968950545415
BUF,0.218334201723337
BUF,0.211239001655485
BUF,2.21934129687725
BUF,1.89729207661003
JAX,-0.581190198659897
JAX,1.0059780664742
JAX,-0.689448206219822
JAX,0.108724225778133
JAX,2.80319940682966
JAX,1.49726479599485
JAX,-1.74242209229851
JAX,0.180017056991346
JAX,-0.718777980382829
CAR,0.84095619362779
CAR,-0.204661138122901
CAR,-0.51989818434231
CAR,-0.597756280330941
CAR,2.05217354232445
CAR,-1.33192109743902
JAX,-0.214103571604937
JAX,-1.81654012715444
CAR,-4.88541538594291
JAX,-0.635442845756188
JAX,0.784443990560249
JAX,0.021587215072941
JAX,1.96532061474863
CAR,-0.2804553238675
CAR,1.7081383834593
CAR,-0.455746935447678
CAR,-1.05901575717144
CAR,2.87158815137809
CAR,-0.86484057031339
CAR,-1.54052851826418
CAR,1.31726148823509
CAR,-0.296090986696072
CAR,-0.323375052015763
CAR,-2.66089541168185
JAX,-0.04434908577241
JAX,0.353736179298721
JAX,0.181365078140516
JAX,1.70519487544447
CAR,1.0179665342439
CAR,0.82581154583022
CAR,-3.97082730080001
JAX,-0.743088219314814
JAX,-1.30328115960583
CAR,1.25211119628511
CAR,-3.27717106882483
JAX,-0.593538894318044
JAX,-0.75027135387063
JAX,2.56907233735546
JAX,-2.89780439552851
CAR,-0.573233979288489
CAR,0.233260748093016
CAR,-1.11651510244701
CAR,-3.0467792940326
CIN,0.776237297570333
CIN,-0.532496605534107
CIN,1.88227673072834
CIN,0.560637193382718
CIN,0.375187210098375
CLE,0.650203597731888
CLE,0.0423980581108481
CLE,0.197369860950857
CLE,0.0248933280818164
CLE,-0.0232656452571973
CLE,1.70352822600398
CIN,-0.684135530842468
CIN,2.2574382268358
CIN,-0.524189731338993
CIN,-0.799021780723706
CIN,-1.47637606435455
CLE,-0.640808525960892
CLE,-1.13568249484524
CIN,1.72493002808187
CIN,0.81073458341416
CIN,-0.413287029397907
CIN,1.43238298530923
CLE,-0.444567410508171
CLE,1.42956792819314
CLE,1.47450463840505
CLE,-0.368249986961018
CLE,0.779755703522824
CLE,-0.173988792928867
CLE,-0.84475039808129
CIN,0.0210902495891787
CIN,-0.168309470609529
CLE,0.373073673807085
CLE,2.01337486179546
CLE,0.138930629938841
CLE,-0.835054843686521
CLE,2.22293309785891
CLE,1.48123264347669
CLE,0.615774315607268
CLE,-0.462078748445492
CLE,-0.0087211967911571
CLE,1.0553555568913
CIN,0.14671295741573
CIN,-1.65443697571754
CLE,-1.53287710831501
CLE,-3.39092601335142
CIN,-0.695102339494042
CIN,1.91028950491454
CIN,-0.715360393864103
CIN,-1.30673276146707
CLE,-0.540348447859287
CLE,2.39117261115462
CLE,-0.283264180179685
CLE,-1.81417578924447
CLE,-2.23253148188815
CIN,-1.13660716358572
CIN,-1.28649039100856
CLE,0.599803344812244
CLE,1.17947078985162
CLE,-1.00657335366122
CLE,-0.112106389831752
CLE,-1.59545462112874
CIN,-1.31515537714586
CIN,-0.796748163877055
CIN,-1.07214803225361
CLE,-0.649058436625637
CLE,1.73726096667815
CLE,-0.390311173396185
CLE,1.42509955441346
CLE,-0.820479398884345
CLE,-0.818566863769139
CIN,0.702402571681887
CLE,0.393390181474388
CLE,-4.09295813826611
CLE,-0.0091102319420315
CLE,0.0704465837043244
CLE,0.10097782293451
DAL,0.344347178586759
DAL,3.06707302044379
PHI,0.552650292403996
PHI,0.266779161989689
PHI,0.190153431612998
PHI,2.29214514576597
DAL,1.77552366023883
DAL,2.45059084624518
DAL,-0.687983325915411
DAL,-0.473374426946975
PHI,0.555401087272912
PHI,-0.285567590035498
PHI,1.28535311296582
PHI,-0.430872592609376
PHI,1.06643941416405
PHI,1.44169895356754
PHI,2.27911605592817
DAL,-0.273257527966052
DAL,1.23882315563969
DAL,-0.270603415730875
DAL,-0.426314116688445
DAL,-0.410054437175859
DAL,-0.717567192459289
PHI,-0.515209543053061
PHI,3.72801848780364
PHI,-0.401088450045791
PHI,0.675303220981732
PHI,0.511088427563664
PHI,0.166472129349131
DAL,0.90472270391183
DAL,-0.0908708939095959
DAL,-0.287359912705142
DAL,0.360129374952521
DAL,0.262812394474167
PHI,0.0729459878057241
PHI,0.731964903650805
PHI,-0.258798455586657
PHI,-2.0366979597602
PHI,-1.51156951696861
DAL,-0.502510933205485
DAL,-0.453970552771352
DAL,-0.476946658454835
PHI,-0.789402016904205
PHI,-0.467003844678402
DAL,0.286080053541809
DAL,1.34157721651718
DAL,-1.08461338537745
DAL,-1.56350352778099
PHI,0.539945995435119
PHI,0.363901168340817
PHI,0.368475484661758
PHI,-0.825948749668896
PHI,-0.44213400199078
DAL,0.673461203929037
DAL,-0.186018112348393
DAL,-0.84064312139526
PHI,-0.294946495094337
PHI,-0.565623112954199
DAL,-0.0038879208732396
DAL,-0.510342098772526
DAL,1.56293665640987
DAL,-0.42467600654345
DAL,-0.513200922054239
DAL,-0.546694695716724
DAL,-2.61087334842887
PHI,0.0784624250954948
PHI,-0.106806865718681
GB,2.06588959461078
GB,-0.861917777685449
GB,2.28035446978174
GB,-0.627084731822833
GB,1.97620118747
GB,-0.395205917302519
GB,-0.787854367867112
GB,3.11628698313143
DET,-0.525328056421131
DET,-1.59584141429514
GB,-0.512385591631755
GB,3.00028615968768
GB,-0.52093735273229
GB,-1.62363376250991
DET,-0.687914677662775
DET,2.26093482831493
DET,1.90733360906597
DET,1.3869755534688
DET,0.0779083243105561
DET,-1.28363665420527
GB,3.30224526545499
GB,2.30886851053219
DET,0.225981381488964
DET,0.61361558153294
DET,1.0484583239886
DET,-0.369093117478769
DET,-0.605577830865514
DET,2.56794491963228
DET,-0.490909047715832
DET,-3.83388806990115
GB,0.114450669148937
GB,-0.290210940293036
DET,0.0392352810595185
DET,2.51709989807569
DET,-0.429630028782412
DET,1.66005401103757
DET,-0.479567611822859
DET,-0.145045737034433
DET,0.0211612493731081
DET,0.923733327537775
DET,-0.234055168228224
DET,-1.80101195396855
GB,1.08011747919954
GB,-0.185247038723901
GB,-0.788650778587908
GB,-0.44810777832754
GB,-1.62241287878715
DET,-1.63316155876964
GB,-0.515757150715217
HOU,-0.78576101642102
LA,-0.355167382396758
LA,0.831036881543696
LA,-0.243048378964886
LA,-0.881773174507543
LA,1.81291738781147
LA,-1.72106653917581
HOU,-0.206309233792126
HOU,1.54676080681384
HOU,1.46215290250257
HOU,1.38727245177142
HOU,-0.878136068116874
HOU,1.96832762844861
HOU,-0.524240871891379
HOU,-1.11040013090891
LA,-0.631138623226434
LA,2.68827146361582
LA,-0.524859688943252
LA,-1.42701919912361
HOU,0.342231394723058
HOU,-2.6262587714009
HOU,-0.403800779953599
LA,-0.614353739190847
LA,-0.771234652493149
HOU,-0.459102697146591
HOU,-1.74724167387921
LA,1.55711942125345
LA,1.643792021845
HOU,-0.104373107897118
HOU,1.12791303143604
HOU,-0.338944223884027
HOU,1.12609663522405
LA,-1.11050444375724
LA,1.75622949330136
LA,2.69348910707049
LA,1.54268791305367
HOU,1.14526372170076
HOU,0.733052771771327
HOU,1.43302921159193
HOU,-1.69297790015116
HOU,-3.48693259735592
LA,-1.99832259351388
HOU,1.68487523053773
HOU,1.35762152937241
HOU,-0.628147411625832
LA,-0.189342631492764
LA,1.23447680054232
LA,-0.840659485664219
LA,2.30762016237713
LA,-0.975579531397671
LA,0.273378561483696
LA,-2.99763313517906
HOU,0.336931131314486
HOU,-0.631294521968812
HOU,-0.127440189477056
LA,-0.0061924762558192
LA,-0.820524153066799
LA,1.71370826894417
LA,1.99777229619212
LA,-5.69549815251958
HOU,0.178785383468494
HOU,-0.0859948802972212
HOU,-0.558500816463493
HOU,0.840034691616893
HOU,-4.94662074086955
KC,-1.56532017653808
LAC,0.131305721355602
LAC,2.50904264720157
LAC,0.642635301919654
LAC,-0.919890743563883
LAC,2.38263175252359
KC,0.879578416468576
KC,1.1215110020712
KC,0.135889314115047
KC,-0.636920416494831
KC,-2.00219140620902
LAC,-0.611279967240989
LAC,0.410590354353189
KC,-0.532284853281453
KC,-1.63075881078839
LAC,1.46411676192656
LAC,-0.567525266902521
LAC,0.9693835277576
LAC,1.24141400400549
LAC,-0.0763386224862188
LAC,-0.64774235477671
LAC,0.187927677915647
KC,0.297621665289626
KC,-0.893235427560285
KC,-0.906950884498656
KC,0.35130230570212
KC,-0.197040964616463
KC,0.3107003797777
KC,-1.35362346144393
KC,2.01879800437018
KC,1.27106566180009
KC,-0.43410133512225
KC,-0.772517357254401
KC,-1.16600435322706
LAC,-0.590669448953122
LAC,1.67796996585093
LAC,2.01685319654644
LAC,-0.44107936770888
LAC,-0.447980348370038
LAC,0.693409273517318
LAC,-0.26873378304299
KC,2.1413412571419
KC,-0.295226768299472
KC,0.692610391819065
LAC,-0.795737323816866
LAC,-1.46447427244857
KC,0.741985259577632
KC,0.87298888573423
KC,1.59759026183747
KC,0.390907272463664
KC,-0.870955289807171
KC,2.56219404248986
KC,-0.351754500064999
KC,0.628047639736906
KC,1.80858501140028
LAC,-1.97134124441072
LAC,0.651093430351466
LAC,0.171837469330058
LAC,1.57658667000942
LAC,1.22441725770477
LAC,-0.703207155922428
LAC,2.5255751243094
KC,-0.9058567059692
KC,1.94141947315075
KC,-0.214997748611495
KC,1.41616528993472
KC,3.45750072156079
KC,-0.947
LAC,0.317798633594066
LAC,0.377312470460311
LAC,-0.312895666342229
LAC,1.78615830955096
LAC,0.382751590106636
LAC,0.657012928277254
LAC,0.753410203440581
LAC,2.57100648753112
KC,-0.826723969075829
KC,1.57960641419049
KC,-0.17711830616463
KC,-0.929131473181769
KC,-1.39059124805499
KC,-0.582547954982147
KC,-0.73526077833958
KC,-0.713425388044558
LAC,1.1171776370611
LAC,-1.19809782784432
LAC,1.54157784330891
LV,1.54025448672473
LV,0.641463910229504
LV,-0.604663402424194
LV,4.1076545373071
NE,-0.515878451988101
NE,-1.59652856667526
LV,-0.564445918425918
LV,0.786198849324137
LV,-1.30658199172467
LV,2.65229762159288
LV,-0.838644558098167
LV,2.97411069856025
LV,-0.561922827968374
LV,-3.48484937846661
NE,0.107013237196952
NE,-0.787334842607379
NE,2.43033661693335
NE,-0.512119107879698
NE,-0.859792993869633
NE,2.96116666228045
NE,0.826556076121051
NE,-0.798957247869112
NE,1.78926187043544
LV,-1.75159764708951
NE,-0.309336881618947
NE,1.57949235802516
NE,1.62507073720917
NE,-0.411091394140385
NE,1.34514276083792
NE,-0.744621793157421
NE,-0.629859378665289
LV,-0.170363282319158
LV,-1.28317851154134
NE,-0.31882209982723
NE,2.36041318881325
NE,-1.06684931943892
NE,-0.239281069166164
LV,-0.353416312718764
LV,-1.03562085318845
LV,-1.07880948600359
NE,0.0340092258993536
LV,0.0042811044841073
LV,0.0304643654089887
LV,0.119080656295409
LV,0.138182784605306
NE,0.164001242723316
NE,0.948577496223152
NE,0.34117498062551
NE,0.829492388758808
NE,-0.313522665994242
NE,-3.67854417092167
LV,1.45476727071218
LV,2.30153837532271
LV,1.406895330525
NE,-0.504377197707072
NE,-1.16928982920945
NE,-1.24315622448921
LV,2.11553080310114
LV,-1.67888587387279
LV,-1.06463119154796
NE,-0.728616224136204
NE,-1.72662617219612
LV,0.710535226855427
LV,2.54122440388892
LV,-0.990668859682046
LV,0.45074764917199
NE,0.716849026270211
NE,-0.848277823533863
NE,1.64200090314262
NE,-0.842884562909603
NE,-1.32933220104314
LV,0.57531014457345
LV,1.73364110663533
LV,-0.474649630719796
LV,-0.607004307908937
LV,2.45726942934562
NE,-0.500577993690968
NE,1.68375451420434
NE,-1.38034790125676
NE,-0.749239443335682
NE,-0.265674260095693
NE,-0.319041163485963
IND,0.877040951047093
IND,-0.536576300859451
IND,0.255613200832158
IND,1.64835193043109
IND,1.1237228398677
IND,-0.787946189229842
IND,-1.27170230996824
MIA,-0.0147173665463924
MIA,-0.22772103943862
MIA,-2.80697269248776
IND,0.0336473202332854
IND,1.5912649910897
IND,0.450388953555375
IND,1.60881314333528
IND,-1.72219854453579
IND,3.63019091344904
MIA,-5.39762207341846
IND,1.36074981838465
IND,1.36177123803645
MIA,-0.569155352190137
MIA,1.30666779913008
MIA,2.20567049784586
MIA,-1.36454145680182
MIA,0.0663610883057118
MIA,-1.9498675877694
IND,-0.111998161533847
IND,0.618171457666904
IND,-0.486061742063612
IND,-0.276877885917202
IND,-0.63103994098492
IND,-0.447399283992127
IND,-0.573867687606253
IND,1.80521925893845
IND,-1.32588102651062
IND,1.83265158301219
MIA,0.21986767067574
MIA,0.0010141714010387
MIA,-0.489971183007583
MIA,-0.0060973004437983
MIA,-4.25034089526162
IND,2.38832548819482
IND,0.0809178888448514
IND,-0.252299143467098
IND,-1.29305585475313
MIA,1.37303393450566
MIA,-0.140046994201839
MIA,0.0065635696519166
MIA,-0.672100011957809
MIA,-1.28623253013939
MIA,-3.53761102713179
IND,0.986602830933407
IND,-1.84857251541689
IND,1.23744685552083
MIN,0.231541554443538
MIN,-1.84994160011411
CHI,-0.356094175716862
CHI,0.97112973430194
CHI,1.0682970455382
CHI,0.0538613378303126
CHI,2.09515456546796
CHI,0.387460188998375
CHI,2.81725994177396
MIN,-1.64289871766232
CHI,-0.571202591992915
CHI,1.38912964588963
CHI,0.274476924678311
CHI,-2.25680250558071
MIN,0.655826711212285
MIN,-0.822055401237726
CHI,1.74365778022911
CHI,0.547525990055874
CHI,-3.51264830207219
MIN,-0.109845864120871
MIN,-0.68319839076139
CHI,-0.462340343045071
CHI,-0.635145602049306
CHI,-0.972843869589269
MIN,-0.484319478506222
MIN,-0.630565977422521
MIN,-0.0770327436039224
CHI,1.49562612152658
CHI,1.0288327394519
CHI,-0.627287664134272
MIN,0.892314169028859
CHI,-0.593236595392227
CHI,-0.815430222079158
CHI,-1.39789587212726
MIN,-9.65810915071052
MIN,-1.60792929120362
CHI,2.13084289105609
CHI,-0.979480431415141
CHI,-0.959946963470429
CHI,-0.858276515733451
MIN,-0.355449473485351
MIN,0.30217989301309
MIN,-1.66634858981706
CHI,1.2017104633851
CHI,-0.535197123652324
CHI,-1.73487438226584
CHI,0.478734794787416
MIN,1.16174601949751
MIN,-0.734092484402936
MIN,2.88346595788607
MIN,-0.947
CHI,-1.44706945144571
CHI,-0.897152528632432
MIN,-0.567551625426859
MIN,2.82285448315088
MIN,1.053
CHI,1.34768215962686
CHI,-0.876544250641018
CHI,-0.854547967901453
CHI,-1.17038716818206
MIN,0.681981201749295
MIN,1.06325573852519
MIN,0.927708872186486
CHI,-0.414442706271075
CHI,1.65149201558961
CHI,0.687800107392832
CHI,0.0498612598748878
WAS,-0.206603710073978
WAS,0.764996498823166
WAS,-0.847944534383714
WAS,-1.44371914025396
NYG,-0.773582878522575
NYG,-0.613859670702368
WAS,2.44198257452808
WAS,0.505989950848743
WAS,1.16875002370216
WAS,1.8185010800953
NYG,-0.590450853575021
NYG,1.31169427605346
NYG,0.651469397358596
NYG,1.66904973029159
NYG,0.318120442098007
NYG,2.11706919514108
NYG,-0.689641954144463
NYG,-0.759005820727907
NYG,-0.695837542822119
NYG,-0.252047185349511
NYG,-2.07397980700899
WAS,-0.784356591058895
WAS,-1.21395815815777
NYG,-1.55099147954024
WAS,-1.20362013380509
WAS,1.83138337743003
WAS,-0.981141795986332
WAS,0.936439119570423
WAS,1.93351270636776
NYG,-0.509823295287788
NYG,-0.21159903681837
NYG,-1.08476840890944
WAS,-0.449765137978829
WAS,1.04565826267935
WAS,-1.15251178760082
WAS,0.025143651291728
WAS,2.08214665116975
WAS,1.11266796066775
WAS,-0.631304370384896
WAS,-3.4078207234852
NYG,0.815722931642085
NYG,-1.72712563350797
WAS,1.06868677679449
WAS,-0.674982731696218
WAS,-1.15666884300299
NYG,-0.777431980939582
NYG,-1.35860905773006
WAS,0.927775972522795
WAS,-0.754906003829092
WAS,-1.60784501465969
NYG,-0.605219400022179
NYG,0.503071672515944
NYG,0.26939025009051
NYG,-0.496970308944583
NYG,1.77896816609427
NYG,-0.652585232164711
NYG,-0.425081998109818
NYG,-1.43229171361933
WAS,-0.212937696371228
WAS,0.388231603661552
WAS,-1.7483675472904
NYG,1.01507973019034
NYG,0.990478958934546
NYG,-0.476434279233217
NYG,-0.166955807711929
NYG,-1.56636649509892
WAS,0.954863211605698
WAS,1.19232940790243
WAS,2.30284651310649
WAS,-0.349297732347623
WAS,1.73220792622305
NYJ,0.524322486831807
PIT,-1.18214327516034
PIT,1.94091540435329
PIT,-0.838560285978019
PIT,2.97813909198158
PIT,0.302260470110923
PIT,2.94091223902069
NYJ,-0.393996696453542
NYJ,0.969502967782319
NYJ,0.0444502397440374
NYJ,3.13944919581991
PIT,2.0885802609846
PIT,-0.540296483784914
PIT,-0.566942851377649
NYJ,-0.813450455432758
NYJ,1.20216782647185
NYJ,2.0427820928162
PIT,-0.0390167329460382
PIT,-1.67986283591017
NYJ,0.608520542737097
NYJ,2.85274246300105
PIT,-0.428528695716523
PIT,2.04354661982507
PIT,0.613954084110446
PIT,2.56690089483163
PIT,1.79785909070051
NYJ,0.23389716661768
NYJ,-0.649524729029508
PIT,-1.42664608731866
NYJ,-0.624112788122147
NYJ,-0.883877855725586
PIT,-0.588803438004106
PIT,-1.49394557299092
PIT,-0.220783353317529
PIT,-0.710894696880132
NYJ,1.9125724285841
NYJ,2.08021824772004
PIT,-0.497531807981432
PIT,1.66805687337182
PIT,1.711510375957
PIT,1.28139489749447
PIT,2.6497516274103
NYJ,1.19586531375535
NYJ,1.46175842673983
NYJ,-1.68073380360147
NYJ,0.734613096341491
NYJ,-0.947
PIT,-1.03693269053474
PIT,-0.683996174484491
PIT,-1.25646626926027
NYJ,-0.014656622777693
PIT,0.361216593300924
PIT,0.534226066316478
PIT,-0.361881422868464
PIT,-0.456067212973721
PIT,-1.26516945264819
NYJ,-0.0095406180480495
NYJ,-0.241877475869842
NYJ,-0.448052966734394
NYJ,-1.90148385963403
SEA,1.2063548839651
SEA,-1.83961031865329
SF,-0.429737742990255
SF,-0.104160608025268
SF,1.34781971015036
SF,3.25844616559334
SF,0.882339304545894
SF,-0.558696671854705
SF,0.933494163677096
SF,0.297014284471516
SF,2.70610609295545
SEA,1.50937414332293
SF,0.0169986276887357
SF,-0.692938402760774
SF,-1.35963734798133
SEA,-0.806550686713308
SEA,-1.12986848782748
SF,-1.81191675830632
SEA,0.139086923096329
SEA,-1.24039495666511
SF,0.647940907161683
SF,0.267820882145315
SF,1.67499541066354
SF,1.80241850955645
SF,0.847960671671899
SF,-0.683223550848197
SF,-0.892151731705781
SEA,1.12240790930809
SEA,-0.333469579985831
SEA,0.128631220839452
SF,1.72807509824634
SF,0.354806052986532
SF,-5.10016491659917
SEA,0.328268999233842
SEA,-1.60380610730499
SF,0.583331280387938
SF,2.54357778502163
SF,0.477028402325232
SF,-1.57587286544691
SEA,1.90364802419208
SEA,-0.472987809218466
SEA,-3.95382432010956
SF,2.25205162959173
SF,2.39527779823402
SF,-0.749529928900302
SF,-0.402774115274097
SEA,-1.28330474137329
SEA,-0.832501662895083
SEA,-0.866360337007791
SF,0.466245837509632
SF,-2.82049975870177
SEA,0.267559240455739
SEA,-0.485692906423248
SF,-0.504564558970742
SF,3.14346833684249
SF,-0.355099307838827
SF,1.07010996609461
SF,-0.0032558474922552
SF,2.71759570157155
SEA,0.388301088300068
SEA,-0.39784267480718
SEA,3.10030579031445
SEA,-4.61089563695714
ATL,0.82274436019361
ATL,4.25569886621088
TB,-0.536884342553094
TB,-1.49734050314873
ATL,-0.678237641230226
ATL,2.40777154499665
ATL,0.13052688841708
ATL,1.22227608249523
ATL,-2.04105530469678
TB,-0.692068687174469
TB,-0.838356729829684
ATL,-1.67640867410228
TB,-0.602027943590656
TB,1.41005922621116
TB,-0.610221333801746
TB,2.35766682843678
TB,0.812290403293446
TB,1.0483383233659
TB,-1.19896256904933
ATL,-0.461028311634436
ATL,0.747489978559315
ATL,-1.62288153171539
TB,1.15023238142021
TB,0.504626397043467
TB,-0.609695411811117
TB,3.50275415816577
ATL,0.698714039521292
ATL,0.735410038847476
ATL,1.4420314845047
ATL,-0.45259363000514
ATL,-0.485023848013952
ATL,-0.044152591668535
ATL,-0.746970294043422
ATL,-0.697299177072326
TB,-0.121009441383649
TB,-0.129715813731309
TB,-0.289844834012911
ATL,-0.166005949256942
TB,1.83126356441062
TB,-0.55233221699018
TB,1.68676683679223
TB,-0.795663331751712
TB,-0.800735483014319
ATL,-0.173097107093781
ATL,-0.858467574231327
ATL,-1.17052644398063
TB,-0.647918505128473
TB,2.33248896605801
TB,2.32633135159267
ATL,-0.511056511197239
ATL,1.04531199205667
ATL,1.66587372706272
ATL,0.645560199627653
ATL,-0.483428941573948
ATL,2.82701055059442
ATL,-1.93760427651279
TB,-0.780207190662623
TB,2.01206702087075
TB,-0.653702261624858
TB,-0.815337563632056
TB,-0.953147211344913
TB,-1.43472247640602
ATL,0.0864677883218974
ATL,1.69878068100661
ATL,1.050828167703
ATL,-0.457253442378715
ATL,1.9644117160351
ATL,1.00624040042749
ATL,3.17803992613335
ATL,-0.99730335798813
ATL,-1.45650173758622
ATL,4.18402007117402
TB,0.640525121823885
TB,-0.500751821906306
TB,-0.385606821510009
TB,1.16418156796135
TB,2.98743233067216
ATL,0.333709341008216
ATL,1.09477671945933
ATL,0.413472329732031
ATL,0.315570541424677
ATL,-0.0593227940844372
ATL,-0.192735748598352
ATL,0.231058150762828
TEN,3.53343598416541
TEN,-0.536484239157289
TEN,-0.794230302679353
DEN,0.283266685437411
DEN,1.27701251883991
DEN,1.31026691745501
DEN,0.0670138340210542
DEN,-0.631284491973929
DEN,-0.503913353895769
DEN,-0.763147820660379
DEN,-0.713705682612412
TEN,-0.127444064011797
TEN,1.49392754863948
TEN,-0.881164606660605
TEN,-1.15733683854342
DEN,-0.80813490669243
DEN,0.92936966731213
DEN,-0.796283039962873
DEN,-0.028357376344502
DEN,1.71352326660417
DEN,-2.45436655497178
DEN,-0.012148026144132
DEN,-1.43904147017747
TEN,-0.626115622930229
DEN,0.203692578943446
DEN,-5.21223630476743
TEN,-0.433630016981624
TEN,1.07683933473891
TEN,-1.91083428481256
DEN,-0.198721353313886
DEN,-0.483634326723404
DEN,0.826781761017628
DEN,-1.25322081625927
TEN,-0.0885909797507338
TEN,-0.206056068476755
TEN,-0.765976561931893
DEN,3.60842388344463
DEN,-5.90672853391152
DEN,-0.843077026307583
DEN,2.72683534561656
DEN,-0.619914864422754
DEN,0.452690854901448
DEN,1.75134413363412
DEN,-0.245178471552208
DEN,0.0212392974062823
TEN,-1.06590679520741
TEN,-0.500084070954472
TEN,2.61921924911439
TEN,-0.586958053288981
TEN,-0.847381888888776
TEN,-0.990025078644976
DEN,-0.519139939453453
DEN,1.98701679590158
DEN,-0.884729238692671
DEN,-1.11848904262297
TEN,1.50011830241419
TEN,-0.703746400307864
TEN,-0.0493495343253017
TEN,-2.67056852520909
TEN,-1.33220024546608
DEN,0.546555069740862
TEN,0.517880074912682
TEN,-2.5557901202701
TEN,-0.4596933494322
DEN,-0.189123403280973
TEN,-0.666813991731033
TEN,-1.39272199023981
TEN,-0.198686382849701
ATL,-0.569774010451511
MIN,-0.423884334042668
MIN,-0.446262729354203
ATL,-0.681643143994734
ATL,1.80184083885979
ATL,-0.0310178908985108
ATL,-0.75479972246103
ATL,-1.30339918041312
MIN,-2.70725848944858
ATL,0.802532867295668
ATL,-4.59681708691642
MIN,0.556725739035755
MIN,-0.550460000755265
MIN,-0.575189442373812
MIN,1.89004462887533
MIN,-1.5335833899444
MIN,-0.918673112988472
MIN,3.08052245189901
MIN,1.55176393111469
MIN,-0.358856550359633
MIN,-1.66713156620972
MIN,-0.535331607102478
ATL,-1.63231005566195
ATL,-0.6843461827375
ATL,-0.0276802299777046
MIN,0.556928775389679
MIN,-4.5569959130371
ATL,-0.0285175961325876
ATL,-0.582035764295142
ATL,-0.97274795722212
MIN,-0.168243299354799
MIN,2.04485956191371
MIN,-0.765540706925094
MIN,-1.93942482257262
ATL,-0.693127465900034
ATL,1.80261102854274
ATL,0.484081838047132
ATL,0.280890624388121
MIN,0.42822504742071
MIN,-0.60571173299104
MIN,0.80261017032899
MIN,-1.59188326168805
ATL,-1.94302218873054
ATL,-1.00192417437211
MIN,-6.38558111339808
ATL,-2.02087281108834
ATL,0.0738633785400402
MIN,-1.66883623134345
ATL,1.15607638959773
ATL,1.62375916400924
NYJ,-1.21144556393847
BUF,-0.762375826947391
BUF,4.47806914348621
BUF,-0.0440686851507053
BUF,-2.02605435595615
NYJ,-5.2072698030388
BUF,0.636699011840392
BUF,-0.468913978605997
BUF,-0.897274557792962
NYJ,1.06086449371651
NYJ,-0.982261057011783
NYJ,-1.23936272459105
BUF,-0.330507580656558
BUF,3.43759682029486
BUF,-0.845396356424317
BUF,-0.728568964404985
BUF,-1.22947440211652
NYJ,-1.72897457331419
BUF,0.951581586152315
BUF,0.688816562760621
BUF,0.627108456217684
BUF,-0.150639791158028
BUF,1.95657964824932
BUF,-0.423663912573829
BUF,0.204477495804895
BUF,-1.18177677493077
NYJ,0.168315995426383
NYJ,1.07273584365612
NYJ,-0.26621986401733
NYJ,-0.272203936183359
NYJ,-0.548534776491579
BUF,3.46406301367097
BUF,-0.449819265515544
BUF,1.25090522435494
BUF,-0.283248855790589
NYJ,-1.0605265875347
BUF,0.154843193944544
BUF,1.06292177573778
BUF,-1.73687336174771
BUF,1.58737250231206
CAR,0.268893021158874
CAR,-6.97705641575158
CAR,-0.196994113735855
CAR,-0.276747693307698
CAR,1.43862459715456
CAR,-1.34817231888883
CAR,-3.94487761938944
ARI,-0.413587330142036
ARI,-0.420766819035634
ARI,-0.472741551572764
CAR,3.42114467814099
CAR,-0.639542428776622
CAR,1.60750516521512
CAR,-0.422509790747426
CAR,-1.06188106956541
ARI,-0.762012373656035
ARI,2.06090053869411
ARI,-0.513850506860763
ARI,-2.26682660728693
CAR,1.56637989776209
CAR,0.672159266774543
CAR,-0.477952907909639
CAR,-0.657253467245027
CAR,-1.10555222770199
ARI,-0.520610454492271
ARI,1.82189244404435
ARI,-0.61638063727878
ARI,2.57266907254234
ARI,-0.0885918890708126
CAR,-0.312865577521734
CAR,-0.631493218941614
ARI,0.271465155004989
ARI,0.319007296755444
ARI,-0.0813428143737838
ARI,-0.141917504894082
ARI,0.0370946964831091
ARI,4.02473493723664
ARI,0.342332042288035
ARI,1.05195938167162
ARI,2.09137448266847
ARI,1.27097224467434
ARI,-0.40668215759797
CAR,0.557211521081626
CAR,0.0758523587137461
CAR,0.78766828449443
CAR,0.813056856626645
CAR,0.260053091857117
CAR,-0.685126722790301
CAR,1.5037851264351
CAR,1.45697125286097
ARI,0.741602991474792
CAR,-0.542299939261284
CAR,-0.462472295504995
CAR,-1.48786084901076
CAR,-1.66610493842745
CAR,-0.314581314334646
CAR,-0.970943442953285
CAR,-0.761516138329171
DET,2.04988834180404
DET,0.652987175271846
CHI,-0.593025447800756
CHI,1.27836745185778
CHI,1.26580216165166
CHI,-0.417520487331785
CHI,-0.637179151992314
CHI,3.89547216158826
DET,0.979438764043152
DET,-0.547412208747119
DET,-1.72160292346962
CHI,-0.64649965101853
DET,1.1526377950795
DET,2.36049478815403
CHI,-0.201828240649775
CHI,-0.599761682329699
CHI,1.50913546746597
CHI,-0.201144528342411
DET,-0.981079678516835
DET,-1.43604921456426
CHI,-0.644730733707547
DET,-1.04539328394458
DET,-1.25800792711864
CHI,0.517897458281368
CHI,-2.98206844716333
DET,-0.204479373292997
DET,1.69162226488697
CHI,-0.557673995615915
CHI,1.79422419168986
CHI,1.02347541006748
CHI,0.680744422890712
CHI,1.43317848045263
DET,0.116128621273674
DET,0.665505511395168
DET,0.7236013362417
DET,0.184847702999832
DET,-0.550792010122677
DET,0.329777286096942
DET,0.839506415301003
DET,3.71952227241127
CHI,-1.54668858740479
DET,3.90969866246451
DET,-0.523322684262447
CHI,0.610895958961919
CHI,-1.99821301130578
CHI,-0.396258101332933
CHI,-2.88457898143679
DET,4.97707772557624
CHI,-0.571462414693087
CHI,1.60379784088582
CHI,-1.61030248738825
CHI,-0.796993513125926
CHI,-0.779256694018841
DET,0.705486044054851
DET,-0.321929329540581
CLE,0.401505657006055
CLE,0.974662147928029
CLE,-1.19013264821842
CLE,-0.412794658448547
BAL,1.86001646751538
BAL,0.567806609440595
BAL,-1.39838383998722
CLE,-0.793113110587001
CLE,-1.317714585457
BAL,0.618349645053968
BAL,-0.57173790410161
BAL,0.587659463519231
BAL,0.0682775663444772
BAL,-1.41086172078687
CLE,-1.00995936687104
CLE,-0.905696872621775
CLE,-1.05022038239986
BAL,-1.51311622932553
BAL,-0.51045314501971
CLE,-0.819446948589757
CLE,-1.49934204644524
BAL,1.82368418900296
CLE,-0.537047826685011
CLE,-0.238120354712009
CLE,2.63520279549994
CLE,-0.243506068363786
CLE,-1.76261768513359
BAL,-0.616499219322577
BAL,-0.807469906518236
CLE,-0.168381988536567
CLE,-0.368421391933225
CLE,-1.4838342507137
BAL,-0.455556897446513
BAL,0.0624427763978019
BAL,-0.723593878559768
CLE,-0.917593729565851
CLE,2.1951661662315
CLE,-0.23799037997378
CLE,-0.349036516970955
CLE,-0.320116421836592
BAL,-0.0707356358761899
BAL,-0.0942784351063892
BAL,1.24269637814723
BAL,3.46953167044558
BAL,-0.217104522802401
BAL,-0.977691933920141
BAL,-1.82300930552599
CLE,-0.902592346537858
CLE,-7.27084355987608
BAL,-1.94852339918725
BAL,3.76461695256876
CLE,1.29968902887777
CLE,-0.367587832268327
CLE,-0.589322152314708
CLE,0.121923955855891
CLE,1.34326679911464
CLE,-0.57296262786258
CLE,-0.908375565311871
CLE,4.28780251077842
BAL,1.38086052518338
BAL,0.0011832395102828
BAL,-1.5232731688302
BAL,-0.464550871634856
BAL,2.51451579644345
BAL,1.23658099048771
BAL,3.38686544715893
IND,1.4273871940095
IND,-0.52577056735754
IND,1.2066535159247
IND,1.56292809278239
IND,-0.474304926930927
IND,-1.4511128433856
DEN,-0.506842255475931
DEN,1.49887666176073
DEN,2.41064088745043
IND,0.421892564976588
IND,2.66508308245102
IND,0.358969400520436
IND,-1.41188743464865
DEN,-1.74623791966587
IND,-0.518762090941891
IND,0.314175738254562
IND,3.28410692804027
DEN,-1.02408837480471
DEN,3.69933143199887
DEN,0.917076298908796
DEN,1.44222933606943
DEN,1.31092093948973
IND,1.20053659984842
IND,0.889072632417083
IND,-0.747997035970911
DEN,-0.230448840069585
DEN,1.40531139017548
DEN,-0.256221995397937
DEN,-0.542475700203795
DEN,-0.373130368825514
DEN,1.06308226648252
IND,1.07844185002614
IND,2.84380859305384
IND,0.975918330485001
IND,1.66546148626367
DEN,-0.204849365516566
DEN,-0.502618372614961
DEN,-0.555013919307385
DEN,-0.68388222088106
DEN,2.36682136135642
DEN,0.314363855170086
DEN,1.20226137532154
DEN,0.744093898800202
IND,0.903944787103683
IND,0.476310883881524
IND,0.857472963514738
IND,0.142572605516762
IND,-0.634219263098203
IND,1.13180904922774
IND,-1.45484360167757
DEN,-0.559546078089625
DEN,2.94649383006617
DEN,-0.258898144587874
DEN,-1.86265402333811
IND,0.28485440928489
IND,1.27458857558668
IND,0.943607491673902
IND,-0.502271710895002
IND,-0.288190923398361
IND,-1.26264086645097
IND,-2.91923435823992
DEN,0.836532221699599
DEN,-3.87366314569954
IND,-0.457950089417864
IND,-0.759766063885763
IND,-1.06808076075622
DEN,1.58489746775012
DEN,-0.721748334530275
DEN,0.612652543195624
IND,-0.0389246177510358
JAX,0.4258731554728
JAX,-0.84601409197785
JAX,2.1699598794803
JAX,1.38089116942137
JAX,-0.707451121881604
JAX,1.48112676065648
JAX,2.37507770291995
CIN,-0.728139496408403
CIN,-2.20944483298808
JAX,0.561477101873606
JAX,1.79748799803201
JAX,1.37754093355034
JAX,-0.438334489008412
JAX,-5.36087370710447
CIN,-0.585139502305538
CIN,0.795718405628577
CIN,1.25623147282749
CIN,-0.435739582055248
CIN,-0.0873113091802225
CIN,1.40845821308903
CIN,0.704801326908637
CIN,-0.947419159172568
CIN,2.24696584366029
JAX,0.369571423623711
JAX,0.429259622935206
JAX,0.66954112588428
JAX,2.31574808369624
CIN,-1.04379239585251
CIN,1.65865805698559
CIN,-0.551885306835175
CIN,-1.28887788951397
JAX,-0.452720777364448
JAX,-3.10240020859055
CIN,0.450956194836181
CIN,-0.466828599688597
CIN,-1.3350735277636
CIN,0.437928715026434
JAX,-0.432678846409544
JAX,3.33264379494358
JAX,-0.507149602519348
JAX,-0.444195839692839
JAX,-1.02701487812161
CIN,1.22026047838153
CIN,-0.282831699296366
CIN,-0.497219720506109
CIN,-2.04924973321613
JAX,-0.176182932889787
JAX,-0.0855606950644869
CIN,1.63015076727606
CIN,1.22475628892425
CIN,0.676817850500811
CIN,1.73404777172254
JAX,-1.69611964002252
CIN,0.929693986196071
CIN,-0.355462469859049
CIN,-4.95373800594825
JAX,0.155243950197473
JAX,1.73726261168486
CIN,4.73620610241778
JAX,-0.350505347363651
JAX,1.18247307487763
JAX,1.6605679205386
JAX,1.10832324170042
JAX,0.395122221729253
JAX,-0.515977679635398
JAX,-0.837087510270067
JAX,-1.09731270513426
CIN,-0.838525409810245
CIN,-1.08273412520066
JAX,-0.743720395024866
JAX,1.90666248043999
JAX,0.132830471498892
JAX,1.27258759038523
JAX,-1.70560411782935
CIN,0.566834261408076
CIN,-0.50664938846603
CIN,-5.08267494372558
JAX,-0.706427845812868
JAX,-2.8007777860621
CIN,-0.433882189216092
CIN,-0.538059917627834
CIN,-0.243037183536217
CIN,2.30595664866269
CIN,-0.42226615245454
CIN,0.0507041829405353
CIN,-1.27170868159737
CIN,0.307487201469485
CIN,1.27273185458034
CIN,0.505274505529087
CIN,0.426432770240353
CIN,-0.137599565146957
JAX,-0.224688423826592
LV,-5.9292564203497
LAC,-0.467959436355159
LAC,-0.154509869054891
LAC,-1.26464906231961
LV,-0.0899035080801696
LV,2.38874575775117
LV,-0.843282722402364
LV,-0.223178871441633
LV,-0.70041253103409
LV,-2.45009573147212
LAC,-0.577368997037411
LAC,-0.846318050287664
LAC,-0.676625461317599
LV,-0.463205982465297
LV,-0.666303247679025
LAC,1.29957919684239
LAC,0.882410993101075
LAC,-1.2316239818465
LAC,1.04509224474896
LAC,2.57772454980295
LAC,2.30377495998982
LV,-0.903457017615438
LV,2.99088956986088
LV,1.45843275869265
LV,-0.169306153431535
LV,-0.78052498260513
LV,-1.77063218090151
LAC,0.184432701673359
LAC,-1.43192191049457
LV,0.340658195316792
LV,0.634389335755259
LV,-0.469644027994946
LAC,0.618509299121797
LAC,-0.0158546540187672
LAC,5.3603463586187
LV,0.814025457249954
LV,-0.304656212567352
LV,-0.424312893417664
LV,-1.15533233905444
LAC,0.224751963512972
LAC,2.41450769081712
LAC,-0.0641599190421403
LAC,0.994124696124345
LAC,-1.18882885272615
LAC,-0.888365990482271
LAC,0.461358509026468
LAC,4.00490861572325
LV,-0.602003194624558
LV,1.74180323816836
LV,-0.0264864477794617
LV,-0.481850330950692
LV,-0.659313911339268
LV,1.7885787836276
LV,0.618425554595888
LV,-0.581935180933215
LV,0.655379654141143
LV,-0.467189611168578
LV,-0.494994036736898
LV,-0.442636440063422
LAC,0.77875515865162
LAC,0.730165497399867
LV,0.571401358000003
LV,-0.641499446122907
LV,1.87024649622617
LV,-0.451927787042223
LV,-1.4782966261846
LV,-3.84831798041705
LV,-0.531552701722831
LV,-1.52141509216744
LV,-0.522275814088062
TEN,0.0902776196599007
TEN,-1.4784775110893
TEN,0.266330984886736
LA,0.985868090530857
LA,0.332153630908579
TEN,-1.35287979594432
LA,0.0480582569725812
LA,1.6073479722254
LA,-1.50526179047301
TEN,1.76464057574049
TEN,-1.02711477084085
TEN,2.15655623120256
TEN,1.06061681825668
TEN,-1.37717387813609
TEN,-1.03637662382406
LA,1.95744709018618
LA,-0.682408131659031
LA,0.741596758249216
LA,1.6150403211941
LA,0.25574057205813
LA,-0.40041761402972
LA,-1.00708856177516
LA,-1.60382570202906
TEN,1.16580777987838
TEN,-0.640124609461054
TEN,2.0873124350328
TEN,-0.640695787558798
TEN,-0.654472386930138
TEN,-0.968945596250705
LA,-0.0943426805315539
LA,-0.75617049750872
TEN,-0.353676507540513
TEN,2.13165888079675
TEN,-0.457973842683714
TEN,-0.582278039131779
TEN,3.62296306889039
LA,-2.19707307696808
LA,-0.587920287624002
LA,2.08787773456424
LA,-0.837483054259792
LA,3.16292272455758
LA,-0.382495607249439
LA,-0.0659490115358494
LA,-1.7018175311995
TEN,0.868712005903944
TEN,-0.0438760905526578
TEN,-1.90760101843625
TEN,-1.27883860049316
LA,1.5848053204827
LA,1.38193765294272
LA,1.56213238328928
TEN,-0.574122575111687
TEN,-1.26543109677732
LA,0.353660324588418
LA,1.54429342900403
LA,-1.57155983056873
LA,-0.450393304228783
TEN,-5.22059141413774
LA,-0.472991639049724
LA,3.08668846840737
TEN,-0.54144271905534
TEN,-0.803447440033779
TEN,-0.722945467568934
NE,-1.02784764976241
NE,-0.9945143093355
NE,-0.449923501582816
NE,3.55121972155757
NE,1.33283564256271
NE,2.14217554085189
MIA,-1.45586831262335
NE,0.461791672278196
NE,1.96732519613579
NE,2.11445952637587
NE,0.307030083029531
NE,3.28266069258098
MIA,0.875930764246732
MIA,-0.0109540885314345
MIA,0.448558297008276
MIA,2.11220844369382
NE,0.712250909302384
NE,0.221473278244957
NE,-1.34166498819832
NE,1.35905393154826
NE,0.751873992325272
NE,-0.49738158058608
NE,-0.133349029172678
NE,-1.50345283974954
MIA,1.03501239302568
MIA,0.422589905210771
MIA,0.977179609064478
MIA,0.181396582978778
MIA,3.78988860425307
MIA,-1.32988804322667
MIA,5.1730666650692
MIA,-0.244291114038788
MIA,-0.360862326671075
NE,-0.765091591514647
NE,-2.14069495699368
MIA,1.76180890039541
MIA,1.40761336340802
MIA,-0.448778650257736
MIA,-0.429075820953585
MIA,-1.42064987160705
NE,0.582826505880803
NE,0.572798003209755
NE,4.70700327469967
NE,1.4404862698284
MIA,1.55439318018034
MIA,-0.523879264248535
MIA,-1.46756005240604
NE,0.637157445540652
NE,2.51215762970969
NE,-0.230010698316619
MIA,0.553195040207356
MIA,0.786578615661711
MIA,-0.0371149899438024
MIA,1.42760859028203
MIA,-0.478068125317805
MIA,0.429402271809522
MIA,-1.23534779442707
MIA,-2.87027630198281
NE,-0.435353813460097
NE,-0.418167358788196
MIA,0.337931258778553
MIA,0.402703323867172
MIA,1.19514022994554
MIA,-0.695354335883167
MIA,0.38531269779196
MIA,-0.647010304674041
MIA,-1.67040983738843
NYG,0.606512545142323
NYG,0.730407152790576
NYG,-0.0830190912820399
NYG,2.03170625178609
NYG,-1.41099823534023
NYG,-0.239719223231077
NYG,4.24481631198432
NYG,-0.666328418185003
NYG,-0.568172737512395
DAL,0.216361042344943
DAL,-1.755181243876
NYG,0.508944144938141
NYG,0.415630992501974
NYG,2.14749635604676
NYG,1.04487397067714
NYG,-0.605058353510685
NYG,-1.18366106143154
DAL,-0.830901913810521
DAL,-1.57285723299719
NYG,-0.610645394772291
NYG,-0.972040599910542
DAL,2.35093208996113
DAL,0.392323736392427
DAL,-0.620353708334733
DAL,-1.82105718629332
NYG,1.32853999291547
NYG,1.47782482503681
NYG,2.83409863506677
DAL,0.675338463974185
DAL,1.29548765555955
DAL,0.609817908494733
DAL,-0.466340717626736
DAL,1.00895736538223
DAL,-0.762118571670726
DAL,3.25992193614366
NYG,-1.18922459695023
NYG,-0.339583933120593
DAL,-0.273752346634865
DAL,0.323482802137733
DAL,-0.0734648850047961
DAL,-0.171305101946928
DAL,0.919638845138252
DAL,-0.253002850804478
DAL,-0.375954534800258
DAL,-0.277010569523554
DAL,-0.615516641642898
DAL,-3.87621670402586
NYG,0.823128591990098
NYG,-0.463433129480109
NYG,0.106996458838694
NYG,1.18805698520737
NYG,-3.44006668508519
DAL,2.57994250347838
DAL,-0.508547030389309
NYG,3.60510124237044
NYG,-0.736965229618363
NYG,-1.3888140313793
DAL,0.104888460598886
DAL,-0.760375155135989
DAL,-0.438339614775032
DAL,2.35298207472079
DAL,-0.336212246213108
DAL,-0.919163844082505
DAL,-0.618117553234574
NYG,1.36659847793635
DAL,-0.319821282755584
DAL,2.04920878983103
DAL,3.2739094971912
DAL,0.262061258486938
DAL,1.24957026337506
NYG,0.75557209039107
NYG,0.958127309393603
NYG,0.53215028118575
NYG,-1.39858771912986
NYG,5.30253394530155
DAL,0.317033791448921
DAL,-0.641929872217588
DAL,-1.32945109705906
DAL,2.67212060408201
DAL,-0.457284782314673
DAL,0.0548968134680763
DAL,1.36614282499067
DAL,0.831508034141734
DAL,2.20309756300412
NYG,-0.226270701852627
NYG,0.735417065268848
NYG,5.48848143551732
DAL,-0.164850142813521
DAL,0.606188236357411
DAL,0.425048670964316
DAL,0.66090901219286
DAL,-1.45992980757728
NYG,0.868703692918643
NYG,0.326270518358797
NYG,-2.32982892822474
NYG,-0.712156252469868
DAL,-1.26214349572547
DAL,-0.719868594314903
NYG,-0.775353992823511
NYG,-2.27920227893628
DAL,1.0996685930877
DAL,0.145755246822106
PHI,-1.11595466686413
PHI,-0.743335555307567
PHI,-0.323364527896047
PHI,-0.938230205792934
PHI,-0.753707751166076
KC,-0.824016782455146
KC,-1.55439106421545
PHI,-0.597298938315362
PHI,-0.75834131706506
PHI,-1.24191433889791
KC,0.799238545121625
KC,-0.0078536521177738
KC,0.851994142169133
KC,-0.988404880044982
PHI,0.360130429035053
PHI,1.39728450542316
KC,1.47981243091635
KC,-0.500118928495795
KC,1.89872912375722
KC,-2.82563791038165
PHI,-0.0040404107421636
PHI,0.184665024746209
KC,0.650380056351423
KC,-0.698217514902353
KC,-1.27793101361021
KC,3.74449498549802
KC,-0.435383687785361
KC,1.20714789646445
KC,2.16494472027989
PHI,0.427525926963426
PHI,-0.477312174392864
PHI,0.484530367190018
PHI,0.572160966694355
PHI,-0.492092015861999
PHI,-0.42193422478158
PHI,-0.0966818463639356
KC,0.0991451989393681
KC,0.306293168570846
KC,-1.77036986220628
PHI,-1.29137617587221
KC,-0.835894577205181
KC,-1.41054985998198
PHI,-1.0908731482923
KC,0.463246826548129
KC,1.82891807518899
KC,-0.23233936377801
KC,0.322208145051263
KC,0.791005631675944
KC,0.745661232736893
KC,-7.05008007935248
PHI,0.415266650030389
PHI,-0.648655565339141
PHI,3.31088400189765
KC,-0.280758185312152
KC,-0.610701557248831
KC,-1.35525530623272
KC,-0.790392413036898
SEA,-0.482133821584284
SEA,2.32525061257184
SEA,1.98002605920192
SEA,2.49446500104386
PIT,1.06408621976152
PIT,0.268756391247734
PIT,0.308912982116453
PIT,-2.04841027500339
SEA,-4.44991260115057
PIT,-0.440652620629407
PIT,-1.47571894165645
SEA,1.85170520446263
SEA,1.53449982323218
SEA,-0.362174816662446
SEA,0.603345311828889
SEA,-0.487635928380769
SEA,-0.854586234272776
PIT,-0.533015165477991
PIT,-1.99264303967357
SEA,-1.32883502310142
SEA,-0.383710980415344
SEA,0.231428724946454
PIT,-0.609439509455115
PIT,-0.975707954261452
SEA,0.914645576733164
SEA,-6.33787850517547
PIT,-0.441013187752105
PIT,0.829889990098309
PIT,1.99026967468672
PIT,1.053
SEA,0.47910000855336
SEA,-0.120838458708022
SEA,-0.0791209989693016
SEA,-0.829165142436978
PIT,-0.0965936293359846
PIT,0.70102972490713
PIT,-0.120591261424124
PIT,-1.73624021140859
SEA,0.213965197326615
SEA,2.10296699823812
SEA,1.09469792991877
SEA,1.57125148264458
PIT,4.19990342727397
PIT,-0.426924908184446
PIT,-5.15359322837321
SEA,-1.09732932271436
SEA,-1.15283312788233
PIT,-0.471642849501222
PIT,-0.291636384325102
SEA,0.460205096984282
SEA,-0.549547546543181
SEA,0.751321171410382
SEA,1.18604195979424
SEA,-0.775246988399886
SEA,-1.10710698792803
PIT,-0.361720940098166
PIT,0.358070247340947
PIT,1.59546702471562
PIT,0.677829200518318
PIT,-0.423230414628051
PIT,-0.301061412319541
PIT,-1.08141472193878
SEA,2.41926523833536
SEA,2.6910175679368
SEA,-1.65308038442163
NO,2.93018235638738
NO,-0.641762558254413
NO,-1.80561062359404
SF,-0.594417256303132
SF,-0.792178097646684
SF,-1.5300073819235
NO,-0.550641212146729
NO,-0.884333454072475
NO,-1.86046612099744
SF,-1.1651672301814
SF,-0.836421789601445
SF,2.69702365784906
SF,-0.155938455136493
SF,1.45305874268524
SF,0.208384555298835
SF,2.08757389383391
NO,-0.882931138854474
NO,-0.897546131629497
SF,0.90625320840627
SF,1.60243771609385
SF,-0.535406847717241
SF,-0.717969453923594
NO,-1.56112397951074
NO,-0.415224987082183
NO,-0.768733695149422
SF,0.724641191540286
SF,-1.37284188694321
SF,-1.02841235511005
NO,2.23688818654045
NO,1.03992922091857
NO,-0.162583869183436
NO,1.57122484897263
NO,-0.17840534017887
NO,3.32249167031841
SF,0.498753802618012
SF,-0.325515558943152
SF,-0.026995720458217
SF,2.25269939919235
SF,0.510766111081466
SF,0.0390972875757143
SF,0.121405152021907
SF,3.19147340755444
SF,-0.893027033656836
SF,-6.21051677037031
NO,1.45666861219797
NO,-0.485605658963323
NO,-0.0549654997885227
NO,1.66079387441278
NO,1.04488417482935
SF,1.03417659690604
SF,0.715647546458058
SF,-0.729447938269004
SF,-0.991785329424582
NO,1.00636731320992
NO,0.760697716847062
NO,-5.69243241637014
SF,0.919698329875246
SF,-0.203128527849913
SF,2.33594491146505
SF,-1.44266545493156
SF,5.71478953841142
NO,-0.840784023981541
NO,0.933051786152646
NO,-0.56758559634909
NO,1.91256225114921
NO,0.915888682648074
SF,0.876352028921247
SF,-0.268691977718845
SF,-0.751209458336234
SF,-1.64654672460165
NO,-0.223220825195313
NO,-1.38622943288647
SF,0.0343016855185851
SF,-1.38041207159404
NO,0.0122093062382191
NO,0.464791776845232
NO,0.155954075977206
NO,0.608622289728373
NO,-0.358836181694642
NO,0.106836812454276
NO,-1.16067416244186
NO,-3.99903029639972
HOU,-0.536293707787991
HOU,0.643760593608022
HOU,2.41020709369332
HOU,2.55809409404174
TB,-0.574835506267846
TB,1.82004038011655
TB,-0.53754493733868
TB,1.37254582601599
TB,1.23805915476987
TB,2.76413865189534
HOU,0.403409641934559
HOU,2.77099948382238
HOU,-0.194392770528793
HOU,-1.2842438886419
TB,0.440491274464875
TB,0.912128958851099
TB,0.371130581595935
TB,-0.160723088192754
TB,0.542679139762186
TB,0.320232623023912
TB,-0.485316486447118
TB,3.09853523608763
HOU,1.98902241210453
HOU,-0.464461202034727
HOU,-0.54988729627803
HOU,-1.62028731592
TB,-0.553028597030789
TB,-1.28819317603484
TB,-0.323712337296456
HOU,1.24633308331249
HOU,-0.16717764706118
HOU,-1.26502627728041
HOU,-1.14729201234877
TB,0.088637575681787
TB,-0.130878946569283
TB,-0.227635342511348
TB,0.623432910069823
TB,0.452535320306197
TB,-2.30164544656873
HOU,1.54691982199438
HOU,0.239182377932593
HOU,-2.85115973465145
TB,-0.777391003910452
TB,-1.40340784145519
HOU,-0.83618825674057
HOU,-2.27774801710621
TB,1.48827719385736
TB,-0.504261861555278
TB,-0.647126039373688
TB,-0.976066275068846
HOU,0.84396647894755
HOU,1.57561460928991
HOU,-0.579759316751733
HOU,2.17232739564497
HOU,0.736490053706802
HOU,-1.06265407835599
HOU,-4.12307206250262
TB,-0.735433657187969
TB,2.30175053048879
TB,0.139426201814786
TB,-2.11980463331565
HOU,-0.42943688982632
HOU,-1.39280417956281
TB,-0.603952072095126
TB,-1.67102904850617
HOU,-0.947
TB,0.670416177483276
TB,-0.30867323721759
TB,-0.480597330722958
TB,-0.965881636831909
TB,2.44870378402993
TB,0.472850153164472
TB,1.4457344514085
TB,0.284617160330527
TB,0.115665060933679
TB,-0.0381415644078515
TB,-0.947
GB,1.36511284578592
GB,0.731925422558561
GB,-0.59268812299706
GB,-0.144074377138168
GB,0.490214265184477
GB,-2.96231593331322
WAS,-0.249877245631069
WAS,-1.04734524106607
WAS,-0.78667270205915
GB,0.702902668854222
GB,4.19494640512858
GB,-0.675278902053833
GB,2.23899913666537
GB,1.0720074744313
WAS,-0.775200054515153
GB,-2.42213034722954
GB,0.0422266870737076
WAS,-0.486930942628533
WAS,0.0534449715632945
WAS,1.11476883525029
WAS,-0.54647744842805
WAS,-0.821150843985379
WAS,-1.711472670082
GB,-0.543499378720298
GB,2.19388065696694
GB,1.6231968869688
GB,1.68151367770042
WAS,1.21138223982416
WAS,-0.474537360249087
WAS,0.658690085518174
WAS,-0.0282189128920436
WAS,-0.561036128958222
WAS,-1.65010060765471
GB,-0.239057852188125
GB,-0.932662559440359
WAS,0.388803539797664
WAS,-0.486815945652779
WAS,-0.684407948916017
GB,0.633669144241139
WAS,-0.896579218097031
WAS,1.96720131731126
WAS,-0.0262622908921912
WAS,-2.71574814307005
GB,1.38379240687937
GB,-0.505328004364856
GB,1.00956707203295
GB,1.41497950546909
GB,-0.490330049826298
GB,-1.77067859819832
WAS,0.343668756075203
WAS,-1.52485276665539
GB,-1.27091028168798
WAS,-0.525323264067993
WAS,0.642712662229314
WAS,-1.56791416252963
WAS,0.432663459097967
WAS,-1.74011362041347
WAS,-0.850167685304768
WAS,1.90880910446867
WAS,2.63458772026934
GB,0.768947079079226
GB,-0.465836200164631
GB,1.65567175275646
GB,1.70442449679831
ARI,-0.420652311295271
ARI,0.309129012748599
ARI,0.0536439085844904
ARI,1.2302859001793
ARI,0.214659851044416
ARI,-1.60828877819745
SF,0.45977689139545
SF,-1.71515457122587
ARI,-0.20457874936983
ARI,1.04721420258284
ARI,-0.496124307624996
ARI,-0.75085531687364
ARI,1.90381110832095
ARI,-0.8000129587017
ARI,-1.3958120085299
SF,-0.733507646247745
SF,-1.72652414208278
ARI,0.436080424347892
ARI,1.99305145000108
ARI,-0.535670335404575
ARI,1.45980965998024
ARI,0.964363646402489
ARI,-0.448927808727603
ARI,-0.598202639142983
ARI,-0.665639614763939
SF,0.80251102312468
SF,0.854944023303688
SF,0.878732163051609
SF,0.614644909161143
SF,-0.596445678151213
SF,-0.350198404625988
ARI,-0.485196188325062
ARI,0.669247127021663
SF,0.0273332670331001
SF,-0.296310962643474
SF,-0.243348032236099
SF,1.35209111782024
SF,0.411911164177582
SF,0.273022811627015
SF,0.674790377612226
SF,-0.27976661833236
SF,-0.191452810117117
ARI,-0.184046103357105
SF,1.36003917595372
SF,-0.867607726017013
SF,-1.64080909034237
ARI,-0.587140067014843
ARI,-0.329054827801883
ARI,2.44861283106729
ARI,-0.50896044773981
ARI,0.377592522650957
ARI,3.17601470765658
ARI,-0.765212468162645
ARI,-1.15337742078506
SF,0.95706066233106
SF,0.405730480444618
SF,0.145934242522344
SF,0.567703616572544
SF,1.43886657856638
SF,-3.91905259049963
ARI,0.0655623476486653
ARI,-2.43722209124826
SF,-0.405800733249635
SF,4.65040482301265
SF,0.815866624296177
ARI,2.26477626373526
ARI,0.98490299936384
SF,0.872213369701058
SF,-4.17199590697419
ARI,-0.526461842935532
ARI,-0.193237615865655
ARI,-1.24846161983442
SF,-0.478654578211717
ARI,-0.98463861073833
SF,-0.155582260806113
SF,0.716288588475436
SF,0.241358471743297
SF,0.127780215523671
SF,0.506386349821696
SF,-0.287629793776432
SF,0.491313700273167
ATL,-0.569877748377621
ATL,1.28774233022705
ATL,-0.838960010791197
ATL,2.39768979279324
ATL,0.800534152425826
ATL,-0.674381701508537
ATL,-1.18956578605514
CAR,0.357440564082935
CAR,0.513176368083805
CAR,-0.483393392059952
CAR,-1.88240850530565
CAR,4.18493080104236
CAR,1.04325310164131
CAR,-0.403803755878471
CAR,1.30666269804351
ATL,-1.21221781847999
ATL,-1.75510178215336
ATL,-0.455304526282833
CAR,0.311248680343851
CAR,-0.3032329112757
CAR,-1.70525327324867
ATL,0.908381112385541
ATL,-0.0071269012987613
ATL,2.55194369377568
ATL,-0.476650049211457
ATL,-0.849480070872232
ATL,-1.67502029356547
CAR,1.22466827719472
CAR,0.707117737969384
CAR,0.899182443507016
CAR,-0.458251516567543
CAR,-2.15805190395585
ATL,0.238737482111901
ATL,-1.13317843014374
ATL,0.179945330019109
ATL,-0.129244576382916
ATL,-0.0957664696616121
ATL,-0.338164584129117
CAR,0.808074700413272
CAR,-1.51432448555715
ATL,-6.63069893000647
ATL,0.697665170766413
ATL,-0.5159658677876
ATL,-0.860474972520024
ATL,-0.925969159696251
ATL,-2.73957396415062
CAR,-0.439372205524705
CAR,-0.7127939555794
CAR,-0.557675563148223
CAR,-2.17588978784316
ATL,0.430356741417199
ATL,0.476315146777779
ATL,-0.536828295793384
ATL,0.701507980003953
ATL,-0.514101569773629
ATL,1.71244145615492
ATL,-0.435139742912725
ATL,-0.555673505645245
ATL,-1.30970533273648
ATL,-5.45097867725417
CAR,0.462405702332035
MIN,0.932688975473866
MIN,0.974590909201652
MIN,-0.425000487128273
MIN,2.46081804181449
CIN,-0.389640713576227
CIN,-1.39263898041099
MIN,-2.4421232487075
CIN,0.662882710923441
CIN,-10.6452837852994
CIN,-2.18646298302338
MIN,-1.2309363654349
MIN,0.0744883331935853
MIN,-1.58446578518488
CIN,-0.653723043389618
CIN,-0.382260017096996
CIN,-0.777802404016256
MIN,1.24340207595378
MIN,-0.456938095390797
MIN,-1.17067573546733
CIN,-0.523177235387266
CIN,2.81011562887579
CIN,-0.391196561860852
CIN,1.04488217883045
CIN,-0.750381459423807
CIN,-0.927017854541532
MIN,-0.550960747525096
MIN,0.329652632819489
MIN,-1.02426007553004
CIN,0.671792226086836
CIN,-10.2711782218539
CIN,-0.279838160262443
CIN,-3.58787985821255
MIN,2.13720408402151
MIN,1.15353554318426
MIN,-0.344177395803854
MIN,0.263307442097365
CIN,-1.51422661682591
MIN,1.11545420135371
MIN,0.67597107659094
MIN,0.93513302016072
MIN,0.839381944970228
CIN,-0.135346313007176
CIN,-0.146882663946599
CIN,1.85909343999811
CIN,-0.547401865478605
CIN,-4.51124708261341
MIN,1.52120302990079
MIN,-0.501822825055569
MIN,2.43179066153243
CHI,-0.609295363537967
CHI,-0.844760296400636
CHI,1.84532214747742
CHI,-0.557022384833545
CHI,-0.656545803882182
CHI,4.39099305705167
DAL,0.939423756208271
DAL,-0.517776044085622
DAL,-0.14207637635991
DAL,1.39061709982343
DAL,-0.553135000169277
DAL,-1.05185165507598
CHI,4.72514790878631
DAL,1.22969470429234
DAL,0.175205823499709
DAL,1.65847724227933
DAL,-0.127839550550561
DAL,-0.316800392349251
DAL,-0.735094503997114
CHI,-0.619063668884337
CHI,0.334918891079724
CHI,-1.32407195447013
DAL,0.16969405557029
DAL,1.91841458342969
DAL,0.313648010371253
DAL,1.30194917332847
DAL,1.053
CHI,3.5411450760439
CHI,-0.739827565557789
CHI,-0.889577191573317
DAL,-0.525117039913312
DAL,-0.344540619989857
CHI,1.20808250602568
CHI,1.28078357962659
CHI,3.32657687080791
DAL,-0.0437376889458392
DAL,-0.11842611990869
DAL,0.342052951687947
DAL,-2.16968820942566
DAL,-1.21115045296028
CHI,-0.547219936968759
CHI,-0.812814940698445
CHI,2.2391236810945
CHI,0.6485002823174
CHI,-0.483807521173731
CHI,-0.698189181333873
CHI,4.03116234292975
DAL,1.80847251636442
LAC,-0.870899221627042
LAC,3.54615036770701
LAC,-0.410773530602455
LAC,-0.817079948727042
LAC,-1.32182320223452
DEN,-0.303087951615453
DEN,-1.71898501506075
LAC,-0.799766277428716
LAC,-1.71888950653374
LAC,-0.293918997514993
LAC,-0.972267922945321
LAC,-1.29514488996938
DEN,-0.865046889986843
DEN,-0.706564397551119
LAC,-1.7006888363976
LAC,-0.102987212827429
LAC,-1.82936868793331
DEN,-1.04403962660581
DEN,-1.51114867208526
LAC,0.134165344759822
LAC,1.56321484013461
LAC,0.843256473075599
LAC,1.40173049317673
LAC,-0.625854221521877
LAC,-3.31063364155125
DEN,0.837891913019121
DEN,-0.156367051415145
DEN,2.31358832959086
DEN,-1.36228645010851
DEN,-1.01559743890539
LAC,0.756645990593825
LAC,0.553917686105706
LAC,2.56389257899718
LAC,-0.392359886114718
DEN,0.481849686708301
DEN,-0.533347046701238
DEN,0.79672048590146
DEN,-0.279931917320937
DEN,-0.329022715333849
DEN,-0.72473579889629
DEN,6.6419465179788
LAC,-0.183000466204248
DEN,-0.640607757610269
DEN,-1.03011709032286
LAC,-0.608909049537033
LAC,-0.185199346626177
LAC,0.771441331598908
LAC,-0.733228777302429
LAC,1.97149157116655
LAC,-0.471843430888839
LAC,-0.760153797687963
LAC,1.95780866430141
LAC,-0.936581216752529
LAC,-1.48995091816602
DEN,-0.602396035566926
DEN,-1.14817631943151
LAC,-1.79211024870165
LAC,-0.71481240936555
LAC,0.0396935357712209
DEN,0.455179206794128
DEN,0.305605203728192
DEN,3.66895241237944
DEN,-0.144704042584635
DEN,-1.06509291252017
LAC,-0.772779460530728
LAC,1.35264333593659
LAC,-0.311164295999333
LAC,0.869474872946739
LAC,0.659204883733764
LAC,-0.721770666306838
LAC,-2.67150068678893
DEN,-0.283130378928036
DEN,0.589717217255384
LAC,-0.56165544805117
LAC,2.88331691722851
LAC,1.72063112910837
LAC,-0.250475259555969
LAC,3.0535379711655
DEN,-0.457818685099483
DEN,-0.609832111513242
DEN,-1.06585741182789
LAC,0.248617721255869
LAC,0.361699304543436
LAC,0.543550022761338
LAC,-0.42931072448846
DET,2.39494827552699
DET,2.59117835341021
DET,0.0225694928085431
DET,-1.40872386057163
DET,3.00920105166733
BAL,1.38716510171071
BAL,0.484226350672543
DET,-0.271700868848711
BAL,0.328175959177315
BAL,-1.55082557536662
DET,1.61175653501414
DET,0.828799886163324
DET,0.111149969045073
DET,2.14844857272692
DET,0.745170295238495
DET,0.867880030913511
BAL,1.59578653873177
BAL,2.81297207419993
BAL,-3.70658358832588
DET,-0.251286955433898
DET,-0.258986572967842
DET,-0.540225405013189
BAL,0.621917757845949
BAL,0.271967012318783
BAL,1.04675927665085
BAL,1.26798436971148
DET,-0.107758880767506
DET,0.0348789916024543
DET,0.532163570870762
BAL,0.361415696563199
BAL,-0.491040963912383
BAL,-0.551778848050162
BAL,1.56151582207531
BAL,1.37797081505414
BAL,0.997239498130511
BAL,-0.459118590631988
BAL,-1.41428554896265
BAL,3.58395758818369
DET,-0.50933696446009
DET,1.34280996629968
DET,1.19782579416642
DET,2.27480861271033
BAL,0.386433841427788
BAL,-1.7220862058457
BAL,-1.51462303590961
DET,-0.5835190853104
DET,-0.697212038328871
BAL,-0.722827285062522
BAL,2.33807532861829
BAL,-0.520078380824998
BAL,1.82674305548426
BAL,-1.04879233468091
BAL,-0.876557303191795
DET,-0.653132476145402
DET,-1.293407819001
DET,-0.531987205097476
BAL,-1.28960410668515
BAL,-0.271235747728497
BAL,-0.826462473953143
CLE,0.536959497956559
CLE,0.367564529413357
CLE,-0.51280357548967
GB,0.577682983130217
GB,-1.73862290149555
GB,-1.28177188290283
CLE,-0.66933123441413
CLE,1.29587958566844
CLE,-1.51978403842077
GB,0.0679555940441787
GB,1.30017033661716
GB,-0.0139312306419015
GB,1.43905626423657
GB,-0.761592449398115
CLE,1.05272537027486
CLE,-0.229303311789408
CLE,-2.08633181219921
GB,0.827407891396433
GB,-0.0354845155961812
GB,-0.645582119235769
GB,2.1146102710627
GB,-0.265570361632854
GB,-0.549325471976772
GB,-1.37132467661286
GB,-0.128839516954031
GB,-1.07697514165193
CLE,0.649773856275715
CLE,-0.0762001325492747
CLE,-0.263186383235734
CLE,1.30057330825366
CLE,-0.268847524479497
CLE,-0.336385805276223
CLE,-0.331149445846677
CLE,-0.289769041060936
GB,-1.94505102420226
CLE,-0.549680976429954
CLE,-2.41013142559677
GB,3.1980530412402
GB,-0.0136463455855846
GB,0.0234043581876904
GB,2.62210299255094
GB,2.45615537237609
CLE,-0.494942076969892
CLE,1.33438404044136
CLE,-0.489261491689831
CLE,-1.65594677254558
GB,0.452020995784551
GB,-2.94298424059525
CLE,0.758661100175232
CLE,-1.65016975393519
CLE,-0.49256683816202
CLE,-0.748837064718828
CLE,-0.266588748898357
GB,-0.5164979621768
GB,3.23688839096576
GB,-0.857706214301288
GB,-0.935175095219165
CLE,-0.381021620240063
CLE,1.25127087370493
CLE,-0.730841647658963
CLE,-0.247140138468239
CLE,-0.875761567498557
CLE,-0.157090838982215
GB,-5.79865649674321
GB,1.58545741875423
CLE,-0.0424832939752378
CLE,-0.226284543052316
CLE,0.279446271830238
HOU,0.453303132904694
HOU,-0.869861496379599
HOU,-1.69523944053799
JAX,-0.707625151611865
HOU,-0.93700093193911
HOU,1.53136028558947
HOU,-0.722118135192432
HOU,-0.963551348692953
JAX,-0.49162235762924
JAX,1.45762468315661
JAX,1.08417501510121
JAX,0.501131040393375
JAX,0.612877737497911
JAX,-0.479190067155287
JAX,-0.781879029702395
HOU,-0.57105570146814
HOU,-2.04469072050415
JAX,-0.50979965692386
JAX,-0.764347916003317
JAX,1.4182268360164
JAX,-0.500340118072927
JAX,-0.956937205046415
JAX,-0.50537499692291
HOU,0.164753187913448
HOU,-0.78048078995198
HOU,1.73536954075098
HOU,-0.0647079707123339
HOU,3.66886460292153
HOU,0.37580043298658
HOU,0.725237973267213
HOU,-0.462316760269459
HOU,-1.30788300070917
JAX,-0.910417372826487
JAX,-1.13661870406941
HOU,-0.679404888302088
HOU,-0.374879562295973
JAX,-0.604537598323077
JAX,-1.10996080795303
HOU,-0.0939197762636468
HOU,-0.398904797970317
JAX,-0.241352857963648
JAX,0.622874363267329
JAX,0.0177817550720647
JAX,-0.269515931839123
JAX,-0.384501615015324
JAX,1.81249196548015
JAX,1.85706364060752
JAX,-1.10228602518328
JAX,0.0901753592770547
JAX,-1.35686956794234
JAX,-0.832985378889946
HOU,-0.252277724444866
HOU,-1.61567275505513
JAX,0.878214359749109
HOU,0.0005365740507841
HOU,1.72653933335096
HOU,0.292580138193443
HOU,-4.69590541417711
JAX,0.357865031808615
JAX,-1.38660152629018
HOU,-0.647601395263337
HOU,-0.630328733357601
JAX,-0.570035200100392
JAX,-0.755091976141557
JAX,-2.75660126446746
HOU,4.29902908229269
JAX,-0.710201734211296
JAX,1.62062592967413
JAX,-0.715497546480037
JAX,-0.647594278911129
JAX,-2.95259625767358
HOU,1.08072570781223
HOU,0.0097249430255033
HOU,-3.2513193031773
JAX,-0.467627689009532
JAX,1.62297196860891
JAX,2.73047632648377
HOU,-0.205685969209299
HOU,-0.0861874609254301
HOU,-0.602899319375865
HOU,1.73888521833578
HOU,0.677188313682564
HOU,-0.243386126763653
HOU,0.40535850613378
HOU,-2.59803365834523
TEN,-0.848967138445005
TEN,-7.86631822632626
TEN,1.38544988213107
TEN,-0.96740059601143
TEN,-1.98369191154771
IND,-0.55614741705358
IND,1.74548674444668
IND,-0.0946534790564328
IND,2.84709683753317
IND,1.2039172729128
TEN,-1.16619504895061
TEN,-1.79218180570751
IND,1.19907623738982
IND,1.08418719423935
IND,-0.870632785838097
IND,2.56932522577699
IND,-0.454553412506357
IND,1.57047226547729
TEN,-1.22350660525262
TEN,2.76406755601056
TEN,-0.382891337387264
TEN,0.20753423939459
TEN,1.48635971755721
TEN,0.823196946643293
TEN,-0.387259620125406
TEN,-0.598034137859941
TEN,-1.33908074567518
IND,-0.212520396569744
IND,-0.535384328803048
IND,-1.41690466809087
TEN,0.295876759802923
TEN,0.854850341333076
TEN,0.743676106678322
TEN,0.653870423557237
TEN,-0.466869954485446
TEN,-2.95435729598484
IND,-1.07328058864875
IND,0.655414246197324
IND,0.0948461912339553
IND,-0.147600256314036
IND,0.0738054087851197
IND,1.34894942096435
IND,0.547697858884931
IND,2.97826210927451
TEN,-0.579739066772163
TEN,1.2502365745604
TEN,1.02852963330224
TEN,0.414635246386752
TEN,-0.0891813948983327
TEN,-0.08919126924593
IND,1.17575186304748
IND,-0.872939259279519
IND,-1.04723710357212
IND,0.217860852601007
TEN,1.17228695587255
TEN,-1.42906213528477
TEN,0.202200185507536
NYG,-0.05126200360246
NYG,-0.0570451704552397
NYG,-3.00980937446002
KC,0.0505086099728942
KC,-0.474552954547107
KC,1.38018636754714
KC,2.21979248523712
KC,-0.517977627692744
KC,0.217145929811522
KC,-0.533484675688669
KC,-0.567307372926734
KC,-1.76113554789405
NYG,0.771087819244713
NYG,-0.407779174856842
NYG,-1.85748572973534
KC,1.32520385528915
KC,-1.6036048848182
KC,1.6674342333572
KC,-0.378460361622274
KC,-1.30140236753505
KC,0.0982841522308688
NYG,-0.561069351620972
NYG,-2.87421699846163
KC,0.427210647263564
KC,0.396954049589112
KC,-0.441178368695546
KC,-0.964635207259562
KC,-0.747783412203864
NYG,-0.268146187940147
NYG,2.04289164114743
NYG,-0.437571356946137
KC,-0.259750196477398
KC,-1.16304674756248
NYG,-0.356602717423812
NYG,-3.66306090826402
KC,-0.097990084963385
KC,0.159195187094156
KC,-0.0772730958997272
KC,-0.14022800285602
KC,0.250253772630975
KC,1.6652158962097
KC,1.67440731206443
KC,0.44897915108595
KC,-0.393568966595922
KC,2.51063926302595
NYG,1.42090090503916
NYG,-0.324271512916312
NYG,-1.56132794660516
NYG,-0.550285767065361
KC,0.322239818517119
KC,1.3677325299941
KC,-1.36331352172419
NYG,1.37396251317114
NYG,0.642047230037861
NYG,-0.576388356625103
NYG,-0.463074882514775
NYG,-1.62371505610645
NYG,0.848674425971694
NYG,0.414854025293607
NYG,-0.342747394752223
KC,-0.684504686621949
KC,2.38672593841329
KC,0.521669382229447
KC,-0.668672978528775
KC,3.84271177972551
NYG,0.4476211827714
NYG,-1.18976217263844
NYG,0.149800859682728
NYG,-1.90916233049938
LA,0.939868798013777
LA,-0.505398964975029
LA,-4.90658309916034
PHI,0.0383281941758469
PHI,-1.43643542763311
PHI,-0.819071964360774
PHI,0.752894752658904
LA,1.31235920521431
LA,-0.570699552772567
LA,-0.226253419648856
LA,-1.39077776733429
PHI,-0.568549970630556
PHI,-1.70111918519251
LA,-0.519024959998205
LA,4.14965579728596
PHI,-0.597014578524977
PHI,-1.9434777260758
LA,-0.610382732236758
LA,-0.530140292423312
LA,-0.850482511571506
PHI,-0.431489133043215
PHI,-1.14284669724293
LA,1.26034872792661
LA,-0.0947972476715222
LA,-1.26090703756966
PHI,-1.02984300826211
LA,0.501689402211923
LA,-0.344929332208389
PHI,-0.325709595810622
PHI,-5.0582472513197
LA,1.94789430277888
PHI,0.885775891598314
PHI,3.16667781106662
PHI,2.94945923809428
LA,0.851189820328727
LA,-1.89527238928713
PHI,-0.599012524355203
PHI,-0.750996334478259
PHI,2.58943408052437
PHI,0.335063685430214
PHI,0.331311087007634
PHI,-0.0368003813782707
PHI,-0.398588299867697
PHI,2.19732060586102
LA,-0.959576502675191
LA,1.73897562385537
LA,0.390085199149326
LA,-0.0432422806043178
LA,-1.55967116728425
PHI,-0.119692210340872
PHI,-1.92132262513042
PHI,-2.70581881096587
LA,1.3222778365016
LA,0.494854595512152
LA,-1.39472201295645
PHI,-0.504761202377267
PHI,-0.615257001365535
PHI,2.52563651907258
PHI,0.0216549397446215
PHI,1.377572017489
PHI,-0.829706265765708
PHI,2.63321449945215
PHI,0.0817140129511245
PHI,-1.33303796336986
PHI,4.28170683520148
PHI,-0.947
LA,-0.244828784954734
LA,0.25258150184527
LA,0.5820037672529
LA,-0.245763756392989
LA,0.08281133195851
LA,-0.152234604116529
WAS,1.72246799163986
LV,3.07800628198311
LV,-0.918338617717382
WAS,0.941802540794015
LV,-1.06959957256913
LV,-0.317756860051304
WAS,-0.596881101373583
WAS,2.73225308046676
WAS,-0.429185343207791
WAS,1.13067767582834
WAS,0.941095868940465
WAS,-0.503566612605937
WAS,-0.241490138345398
WAS,-1.38115998234388
LV,-0.716888420516625
LV,-1.29704754217528
WAS,1.49899176531471
WAS,0.491390558094119
LV,0.635487617226318
LV,1.1915226445999
LV,1.79322258825414
LV,2.51811403880129
LV,-0.322979062097147
LV,-1.05496568721719
WAS,0.0794474745052867
LV,-1.18481009453535
LV,-2.07873659674078
WAS,-0.76307944348082
LV,-0.533466116059572
LV,-1.06401181314141
LV,-0.868219897616655
LV,-0.367562997154892
LV,2.04307283135131
LV,-1.73942009685561
WAS,4.05851667182287
LV,-0.563713585957885
LV,0.845097935060039
MIA,-0.0414211561437696
MIA,1.34342207736336
MIA,1.04257586435415
MIA,-0.0672755721025169
BUF,0.0513545095454902
BUF,1.04652305704076
BUF,2.68632666196208
MIA,-0.599937892518938
BUF,0.785490940790623
BUF,-0.461143957450986
BUF,0.523331767879427
BUF,0.831263450207189
BUF,1.24185411742656
MIA,-0.508086415939033
MIA,-0.631910779280588
MIA,-1.26141931535676
BUF,0.153357944451273
BUF,-0.41357883089222
BUF,0.41023257188499
BUF,1.65729341405677
BUF,-0.317845136916731
BUF,-1.12750304460753
MIA,-0.503036958631128
MIA,-1.04341203684453
MIA,2.19782922917511
MIA,-0.374574695248157
MIA,-0.561844082199968
MIA,1.6693707818049
MIA,-1.88078544073505
MIA,1.54395395179745
MIA,-0.348201081797015
MIA,1.18485572491772
MIA,2.76521546888398
BUF,0.704846306703985
BUF,0.812862085876986
BUF,0.965614996734075
BUF,1.64855079364497
BUF,1.50306740833912
BUF,-0.14145973167615
MIA,-1.16637974139303
MIA,-1.11001918790862
BUF,-0.775543479714543
BUF,-0.57709787087515
MIA,-0.493343381909654
MIA,-1.48206595797092
BUF,-0.199698712909594
BUF,1.3039215405006
BUF,-0.518194047501311
BUF,-0.845441159559414
BUF,-1.24373597558588
MIA,0.838893384672701
MIA,-0.761923730839044
MIA,0.0910605085082352
MIA,3.36989556008484
MIA,1.68579188088188
BUF,-0.681010864209384
BUF,-1.43660766188987
BUF,0.188378857506905
BUF,2.36313809809508
MIA,-0.652393111726269
MIA,1.84499267116189
MIA,-0.250724823854398
MIA,1.55473883374361
MIA,-5.82353492302354
BUF,1.95982619136339
NO,0.905733391875401
NO,-1.91542935790494
NO,-3.03136502928101
SEA,2.2966982552316
SEA,1.59723131643841
SEA,1.74373411125271
NO,0.541958671528846
NO,0.148358116857708
NO,-0.429621089249849
NO,-0.266284971032292
SEA,0.723997907305602
NO,-0.722065057139844
NO,2.25447603175417
NO,0.462641945574433
NO,0.480561387259513
NO,1.87788312346675
NO,-0.462875699042343
NO,0.446591160900425
NO,-0.485990050248802
NO,-0.163401684723794
NO,-1.3167635368482
SEA,2.03178925090469
SEA,2.00767244119197
NO,-0.246693771798164
NO,-1.23223123839125
SEA,3.81288883101661
SEA,1.76733819296351
NO,-0.423326741438359
NO,1.73460191045888
NO,0.112233008258045
NO,0.823435129248537
NO,-0.589566130598541
NO,-0.500210801057165
SEA,0.644914110191166
SEA,0.0812534478027374
SEA,-0.722767814394299
NO,-0.144263567170128
NO,1.48784659942612
NO,0.204489175695926
NO,-0.0413269170094281
NO,0.145385187293869
NO,0.249044950293264
SEA,1.39133048115764
SEA,-0.735063505009748
NO,-0.778236560057849
NO,-2.07721357047558
SEA,0.78645375976339
SEA,0.617156600346789
SEA,0.778040848788805
SEA,-0.672513201949187
SEA,-1.18341992481124
NO,1.10959708411247
NO,1.33281614352018
NO,0.838301577838138
NO,0.838796295807697
NO,1.45889195764903
NYJ,0.41811407264322
NYJ,0.422006707172841
NYJ,-0.572483414318413
NYJ,1.69369050126988
NYJ,-0.460688218357973
NYJ,0.72881407517707
NYJ,-1.2292407579982
TB,1.74168668326456
TB,-1.04047618480399
NYJ,1.13835865911096
NYJ,-0.120411600451916
NYJ,0.168685158031166
TB,-0.53365698363632
TB,2.53624492394738
TB,0.452304168604314
TB,2.32262603263371
TB,1.79017902800115
TB,1.20915475435322
NYJ,-1.03744973428547
NYJ,-0.234259491786361
NYJ,-0.0261989184655249
TB,-1.22249050927348
NYJ,-1.25265113357455
NYJ,-1.24633593251929
TB,-0.49360815435648
TB,0.057976937154308
TB,-1.55505527718924
NYJ,-4.02281594922533
TB,1.18627304135589
TB,-0.650595051469281
TB,-0.419239809986831
NYJ,-0.28791078471113
NYJ,-0.371237590792589
NYJ,-1.34788740298245
TB,-0.0852016281569377
NYJ,0.35586982552195
NYJ,-7.67223487293813
TB,-0.142817824147642
TB,1.38414693204686
TB,1.9881508423714
TB,1.87335894803982
TB,-0.662760729203001
TB,1.70052103616763
TB,-1.15408203966289
NYJ,-0.130408250726759
NYJ,1.38534483336844
NYJ,-0.0719078555703163
NYJ,1.12467778171413
NYJ,-1.41818059491925
NYJ,-1.70988676277921
TB,1.18489479389973
NYJ,0.629234721243847
NYJ,0.719701295893174
NYJ,0.729834299418144
NYJ,0.364689870679285
NYJ,-1.0135159950587
NYJ,-1.51856202300405
TB,2.26606965734391
TB,-0.245902753085829
TB,1.07709529582644
TB,-0.343050058756489
TB,2.09358280128799
NE,-0.824900711420924
PIT,0.720817462541163
NE,0.596376937348396
NE,-0.496719754068181
NE,-0.299348910804838
NE,-1.95820133225061
PIT,0.212012537987903
PIT,1.23645103909075
PIT,-0.523424144601449
PIT,-0.237949482398108
PIT,2.798392236582
PIT,0.241712353774346
PIT,2.53378029511077
NE,0.926712877349928
NE,-0.174343113787472
NE,-0.830947983078659
NE,1.83246346039232
NE,0.688854692969471
NE,-0.290380721795373
NE,1.26740909984801
PIT,0.0004059434868395
PIT,-1.4664680249989
NE,-0.584018369438127
NE,0.334931425866671
NE,-0.501890424871817
NE,-0.647405502619222
NE,2.69110438413918
NE,-1.26046970201423
NE,2.40887872799067
NE,0.548817986040376
NE,0.925686880014837
NE,1.47703278897097
NE,-0.656137787504122
NE,-0.838119658787036
NE,-4.44272610760527
PIT,0.242173801409081
PIT,-5.31255838397192
NE,0.925443171523511
PIT,-0.733304147841409
PIT,-0.438232219545171
PIT,-0.904054580722004
PIT,-0.82231104047969
NE,0.683911898639053
NE,0.482774037867785
NE,0.872181670274586
NE,0.712606912944466
NE,-0.919519148068503
NE,1.04843790270388
NE,-0.786880224128254
NE,4.09537022840232
PIT,-0.542807417456061
PIT,-0.821296933107078
PIT,-1.7013877988793
NE,1.1388038941659
NE,0.992088970495388
NE,0.138665615115315
NE,2.32884463295341
NE,-5.55840351828374
PIT,0.595336598576978
PIT,0.929346192628145
PIT,-0.362077206140384
PIT,0.664016596565489
PIT,3.52275406557601
NE,0.354074533097446
NE,0.25416706543183
NE,0.442786420462653
NE,0.85588582942728
NE,-0.741318386804778
NE,-0.451700223668013
NE,0.319607913028449
NE,-1.99287115392508
BAL,0.0185544961132109
BAL,0.815695113735274
BAL,1.55979674891569
BAL,0.278391456231475
BAL,2.47971765173133
KC,0.245764262741432
KC,-1.7669637312647
KC,2.72555392724462
KC,1.11542412720155
KC,-0.636769759177696
KC,-1.36270298494912
BAL,-1.20097676850855
BAL,-0.326167757622898
BAL,2.25057655200362
BAL,2.83338540873956
BAL,-4.46315061568748
KC,-0.593587756622583
KC,2.95298703503795
KC,-0.483633993659169
KC,0.0320782107301056
KC,1.2136051254347
KC,-0.230839959229343
KC,1.64965293550631
KC,-0.996531095879618
KC,-1.39381697419626
BAL,0.785372573882341
BAL,-2.21601461409591
BAL,-0.120660404441878
KC,1.22123375159572
KC,1.54673033728614
BAL,-0.483461948460899
BAL,-0.575480933533981
BAL,-0.462042144499719
BAL,-2.77014462725492
KC,-0.429292632907163
KC,1.48381113144569
KC,-0.0078513194457627
KC,-0.480521290330216
KC,1.66196985734859
KC,1.92464504751842
BAL,-0.149773109587841
BAL,0.461523275938816
BAL,-3.99148981791222
KC,0.454459831234999
KC,-0.308836666576099
KC,-0.764950391720049
KC,0.0702902970369905
KC,-0.826584825655003
BAL,0.816677329305094
BAL,0.334840773430187
BAL,-0.106327542976942
BAL,0.331723426381293
KC,0.113902325974777
KC,1.79200551297981
KC,2.04335809743498
BAL,1.58120572508778
BAL,1.03864742274163
BAL,-1.48515657558848
KC,0.249961114488542
KC,-0.555987127358094
KC,1.39925226359628
KC,0.527574519102927
KC,-0.217369644959858
BAL,-0.560922902543098
BAL,-0.37946644006297
CAR,0.772310950793326
CAR,1.08123265823815
CAR,1.01417695445707
CAR,1.57330087985611
NE,-1.69829788990319
CAR,0.710389876272529
CAR,0.792197967413813
CAR,-0.506105995038524
CAR,-0.87704623490572
CAR,0.799773123115301
CAR,-0.557384216459468
CAR,-1.60135036404245
NE,1.68370118620805
NE,0.208628078922629
NE,1.56089546345174
CAR,0.968455214053392
CAR,0.284992322325707
CAR,0.646193356951699
CAR,0.0932209527818486
CAR,-2.37978499173187
CAR,-0.966926106409388
NE,0.746746335178614
NE,2.05467114137718
NE,1.90678636176744
NE,0.385511215426959
CAR,-0.671130151487887
NE,-0.271638163889293
NE,2.2799460485403
CAR,0.349480265052989
CAR,-0.214201603317633
CAR,-0.387315517058596
CAR,-0.754097766475752
NE,1.40120368544012
NE,-0.51021081651561
NE,3.07435226510279
NE,-0.508658179081976
NE,3.32362034241669
CAR,1.50535004911944
CAR,-0.44633329147473
CAR,-1.6991014610976
CAR,-3.13234748737887
NE,-0.209179043537006
CAR,-0.292136167408898
CAR,-1.29740431648679
NE,-0.350358638097532
NE,-1.17347750603221
NE,4.92291010124609
CHI,0.0863555050455034
CHI,-1.79589290684089
LV,0.625870608724654
LV,-0.560861291131005
LV,-6.06254360126331
CHI,-0.79045809712261
CHI,-0.654335047736957
LV,0.712804113514721
CHI,1.19210044818465
CHI,-0.816436930093914
CHI,-5.72073757241014
LV,0.732668151147664
LV,0.0582788063911721
LV,1.38674043799983
LV,-0.568841475236695
LV,2.05326445680112
CHI,-0.270200521685183
CHI,0.95370780187659
CHI,-1.72008767002262
CHI,2.67563791689463
CHI,1.81942925939802
CHI,-0.420319640426897
CHI,-2.09627587825526
LV,-4.62815799331293
CHI,-1.82646230375394
CHI,1.77607833000366
CHI,-0.392121105222031
CHI,-0.547973570181057
CHI,0.669531492749229
CHI,-0.616369519033469
CHI,1.2058133847313
CHI,-0.303245579532813
CHI,0.256931870120571
LV,0.038832918042317
LV,-0.0436348497169092
LV,-5.36651408113539
CHI,-0.699753691675142
CHI,1.04765375168063
CHI,1.80695894849487
CHI,-0.653329615481198
CHI,4.09159129369073
LV,1.13714115135372
LV,1.4246030994691
LV,2.04959684389178
CHI,-0.858691691188142
CHI,-1.12289812788367
LV,-1.03915359731764
CHI,-0.576355194672942
CHI,1.00693296978716
CHI,0.169974228250794
CHI,-0.762068008538336
LV,0.543474260251969
LV,-0.676381260786197
CHI,0.0893419990316033
CHI,0.840296317997854
CHI,0.272312971239444
CHI,1.03571187518537
CHI,1.88522495969664
CHI,-0.498716922302265
CHI,-0.107365622185171
CHI,-0.947
LV,0.164573916699737
LV,0.48182023136178
LV,0.0536442196462303
CIN,-0.568837132304907
CIN,0.89503349782899
CIN,-0.90587544767186
CIN,2.57776649936568
CIN,0.74926807358861
CIN,0.302976791339461
CIN,-1.80270048266233
DEN,-0.255381004652008
CIN,0.109251839108765
CIN,-1.77091700816527
DEN,-0.349645018577576
DEN,-0.860496185487136
DEN,2.10634876287077
DEN,1.81079463788774
DEN,-0.96615389600629
DEN,2.61079427879304
CIN,0.636601468315348
CIN,-0.940060084685683
CIN,-0.51001074584201
DEN,0.673936175648123
DEN,-0.512575408443809
DEN,-0.0194142952095717
DEN,2.07527762069367
DEN,-0.482436561724171
DEN,2.30015265371185
CIN,-0.528001631144434
CIN,-0.641966703115031
CIN,-1.04934468236752
DEN,-0.886310712667182
DEN,2.35266112512909
DEN,0.234257884556428
DEN,-0.429466282192152
DEN,1.01980619051028
DEN,-4.52292222221149
CIN,-0.0455259412992746
CIN,-1.02251637913287
DEN,-0.400146286468953
DEN,0.441243249399122
DEN,-0.159649487351999
DEN,-0.173637104278896
DEN,1.5697977085656
DEN,0.488892753055552
DEN,-0.181103245704435
DEN,0.452587642124854
DEN,4.31351190857822
DEN,0.605194894131273
DEN,-0.471549399429932
DEN,-1.5731094754301
CIN,-1.70359035721049
DEN,-0.546923734480515
DEN,1.45836771605536
DEN,-0.395908392034471
DEN,-0.521142533514649
DEN,-0.883587333373725
CIN,1.47285302518867
CIN,0.668864105828106
CIN,-1.06598959118128
CIN,-0.409101221244782
CIN,-1.30464243097231
DEN,0.897126455092803
DEN,1.04093248164281
DEN,1.22369453287683
DET,0.766381843946874
DET,-0.516839327523485
DET,-1.26783302240074
CLE,0.556314444169402
CLE,2.16197574185207
CLE,2.1711298332084
CLE,-0.141317534609698
CLE,1.99777090619318
DET,-0.585070111090317
DET,-0.370872275205329
DET,2.79273477441166
CLE,-0.430134555557743
CLE,-3.26477024692576
DET,0.771909898612648
DET,0.0490874397636978
CLE,1.08677569683641
CLE,-1.25950396456756
CLE,-0.918924340046942
CLE,-1.03690508147702
DET,-0.198113659862429
DET,-0.97679397999309
DET,-0.87355506978929
CLE,-0.664546245359816
CLE,0.383244252880104
DET,-1.11897927406244
CLE,-7.39822390265181
DET,1.85946693125879
CLE,-0.145515986718237
CLE,-0.322095597046427
DET,0.0205427798209712
DET,1.30066234391416
DET,0.103923138114624
DET,-0.317474584444426
DET,-0.440121371009476
CLE,1.48562726657838
CLE,-0.906889471923932
CLE,-0.563038157531992
CLE,-0.938977172831073
CLE,-1.78432732401416
DET,-3.42203354137018
CLE,0.460373261710629
CLE,-0.585029926616699
CLE,-0.762639228953049
CLE,-1.13025406416533
DET,-1.74859826592729
CLE,2.96504374663346
CLE,-0.631393486866728
CLE,-0.414193686275067
DET,0.503911149222404
DET,-1.45006696542259
CLE,-0.234433109406382
CLE,-0.956815230660141
CLE,-1.33514615660533
GB,-0.122821595519781
GB,4.63788308028597
GB,0.196684665163048
GB,2.39933718016255
GB,1.02521726366831
GB,1.02621337166056
GB,-0.504548849305138
GB,-0.850899134296924
GB,0.142562634544447
DAL,0.269710910739377
DAL,0.280104593839496
DAL,-0.853213337715715
DAL,-0.56123575521633
GB,1.4573246173095
GB,0.174382514844183
GB,-0.380203843815252
GB,3.4028072389483
GB,0.569876646768535
DAL,-0.714418942574412
GB,1.09025278128684
GB,-0.0874987080460414
GB,-1.7099803845631
DAL,0.731074738199823
DAL,0.637541804229841
DAL,-0.423347843927331
DAL,1.24011777853593
DAL,0.446809086482972
DAL,0.655417170375586
DAL,2.70690214412753
GB,-0.0282461360329762
GB,-0.177956320520025
GB,0.20762049453333
GB,-2.8366633579717
DAL,4.31969308498083
DAL,-0.59524043649435
DAL,-1.29276818875223
GB,0.988652089610696
GB,0.73552300571464
GB,-0.0217920722207055
GB,1.77532398264157
DAL,-0.598606014158577
DAL,-0.510562978219241
DAL,2.37000650260597
DAL,0.953818780137226
DAL,0.0491889927070588
DAL,-0.432203232077882
DAL,0.967921242292505
DAL,0.458343907725066
DAL,1.83949293725891
GB,2.80193463061005
GB,-0.428718741750345
GB,0.498068443499506
DAL,0.0951559380628169
DAL,1.11051249504089
DAL,-0.0019272670615464
DAL,-1.79208620917052
DAL,3.07615281268954
DAL,-0.750952454167418
DAL,2.1499421983608
GB,-0.600966057972983
GB,2.28103326971177
GB,-0.506893681595102
GB,1.46520621830132
GB,3.47001297771931
DAL,-0.383877510786988
DAL,0.231331768096425
DAL,1.48418063350255
DAL,3.35939568275353
GB,1.00105822912883
GB,-0.290411577676423
GB,0.342163295543287
GB,0.308311819603224
DAL,-0.23179450375028
DAL,2.22787935123779
DAL,-0.252321055158973
DAL,2.66446579439798
DAL,-1.00577805534704
DAL,-1.49394317305813
GB,-0.304508301895112
GB,-0.708203660557047
GB,-0.690117385936901
GB,2.34186022588983
GB,0.718675990763586
GB,0.564830368093681
GB,-1.02998970914632
GB,-0.544291409372818
GB,0.367304109838729
IND,-0.947288223542273
IND,1.98358496115543
IND,-3.55442821257748
LA,0.502397898351774
LA,-0.541402076138184
LA,1.35844868724234
LA,-0.137212287518196
LA,0.426601362647489
LA,-1.61040546934834
IND,1.50593131827191
IND,0.107204148313031
IND,-0.857006436213851
IND,0.204695037031745
LA,-0.907887823646888
LA,-0.309153793379664
IND,0.536323206266388
IND,0.145874741254374
IND,1.23211056762375
LA,-0.596702228765935
LA,2.12692412803881
LA,-0.852937026647851
LA,3.0987501249183
LA,-0.981139257608447
IND,-0.559220913797617
IND,0.0271247276104987
IND,1.21554289653432
IND,-0.592219474026933
IND,-0.693273953627795
LA,-0.227156114764512
LA,-0.295106103643775
LA,1.34222390456125
LA,-0.425752100185491
LA,-0.527046547969803
LA,1.81747488392284
LA,0.283734710275894
LA,1.06697869460913
LA,-1.18527793389512
LA,0.504174835630693
LA,3.84442953497637
LA,-1.7905170628801
IND,-0.653251896612346
IND,-0.0990779092535377
IND,-1.12691547861323
LA,1.10681600891985
LA,-0.707624406553805
LA,-1.56386355636641
IND,-0.766209799330682
IND,-1.37654211465269
LA,0.23902212549001
LA,-2.14500553905964
LA,-1.33998584235087
IND,-1.59994908515364
IND,-1.17721815221012
LA,0.0473175249062479
LA,-1.09578587627038
IND,0.769862335640937
IND,1.0633430914022
IND,-0.562754601705819
IND,1.75125357974321
IND,2.45266509242356
IND,0.717315794550814
IND,-0.513621317804791
LA,0.640817331615835
LA,-0.526707748882473
LA,1.14211561321281
LA,0.439371290616691
LA,0.457002480281517
LA,2.3798272976419
LA,-0.425819765659981
LA,-0.647355776280165
LA,0.035879174771253
LA,3.97060902317753
IND,1.86574340757215
IND,-0.521015948383138
IND,-1.54106923739892
LA,6.50654929992743
IND,0.305303382687271
IND,0.452690058213193
IND,-2.80928532313556
SF,1.16705416841432
SF,-0.50947749032639
SF,-0.173607046366669
SF,0.705617128114682
SF,-1.25462939651418
JAX,0.780129457358271
JAX,-0.347040341468528
JAX,-0.519992894958705
JAX,-0.437458374071866
JAX,-1.53429968492128
SF,0.0663113174960017
SF,1.0687769795768
SF,-4.38077821698971
SF,2.7994255295489
SF,-3.54255294357426
JAX,0.270772089716047
JAX,3.54384616436437
JAX,0.669815962202847
JAX,0.690839730435982
JAX,1.80741334194317
JAX,0.613443479523994
JAX,0.974376090511214
JAX,1.32647226203699
SF,0.00918147736229
SF,-1.05080298590474
JAX,-0.435304918675683
JAX,-0.64127156639006
JAX,-0.687410225626081
SF,-0.41028474754421
SF,-0.460793436970562
SF,1.57492069533328
SF,-0.419896367180627
SF,1.0146764414967
SF,-0.514887281926349
SF,2.31321336497786
SF,0.796739618759602
SF,-0.862975108029787
SF,-0.985102674709665
JAX,1.24703114596196
JAX,0.894364460720681
JAX,0.419329851632938
JAX,-0.857146284019109
JAX,0.327305079670623
SF,1.67306248308159
SF,-0.509745228569955
SF,1.93004796106834
SF,2.03792642825283
SF,1.053
JAX,-0.554577455623075
JAX,-0.766020934097469
JAX,-1.75348382722586
SF,-4.94544584513642
JAX,-0.769288962124847
JAX,-0.331375277912791
SF,-1.32076284312643
JAX,-0.947
SF,-0.537905427860096
SF,1.89062991412357
SF,0.586439041071571
SF,-3.36786154052243
JAX,0.730680573266
SF,0.37460155878216
SF,2.16438185796142
SF,-0.815519611933269
SF,2.17676517623477
SF,0.807140373624861
SF,2.57982365298085
JAX,0.740432442398742
JAX,-0.477382505545393
JAX,-0.131562085234024
SF,0.832875245192554
SF,-4.35112991026836
JAX,1.15612680662889
LAC,0.67106110136956
LAC,-1.51550953276455
NYG,0.583135416731238
NYG,0.808245413238183
LAC,-0.582866054493934
LAC,-0.256835885345936
LAC,-0.517899306025356
LAC,-0.859596083406359
LAC,3.34914489625953
LAC,-0.529389227507636
LAC,-0.843973447801545
LAC,-1.73753238003701
NYG,1.98550827649888
NYG,-0.55730344215408
NYG,-0.808761602733284
NYG,-1.61310279695317
LAC,0.557271244702861
LAC,-0.498200230766088
LAC,-7.87802509724861
LAC,0.683895824477077
LAC,0.787279111915268
LAC,0.20631108188536
LAC,0.514567696605809
LAC,-0.876630041864701
LAC,1.44603465212276
LAC,-1.81991124390056
NYG,-1.85309927933849
NYG,2.34242273005657
NYG,-0.453873316757381
NYG,-0.746564581524581
NYG,1.96756324276794
NYG,-0.224829721264541
NYG,0.0037739108083769
NYG,-0.833116141497158
NYG,-0.661945025303865
LAC,0.840138883679174
LAC,-0.17710773285944
LAC,-0.273521121358499
LAC,1.0837468795944
LAC,-0.182445249054581
LAC,-0.306089177029207
LAC,-0.989657450292725
LAC,4.69738224416506
NYG,1.50860612117685
NYG,-0.506039231317118
NYG,-1.37725797388703
NYG,-0.791327675338835
LAC,0.397015876835212
LAC,-0.545456423889846
LAC,-0.625727531965822
LAC,-0.440271381754428
NYG,-0.949853246100247
LAC,-7.15405108069535
NYG,1.15569635515567
LAC,-0.567827710881829
LAC,1.41230041766539
NYG,0.300889255944639
NYG,-1.16794551210478
NYG,1.8261207472533
NYG,-1.8257620583754
NYG,-1.19899005442858
LAC,-0.542439365992323
LAC,0.355070768389851
LAC,-1.51296814484522
NYG,0.701682475046255
NYG,0.212216281448491
NYG,-2.80220409319736
LAC,-0.598238544538617
LAC,-0.479665727820247
LAC,-0.662678205408156
LAC,-1.79389067401644
NYG,0.547767351963557
LAC,-0.0235763307136949
LAC,0.0181080773763824
PIT,-1.36273012682796
PIT,-0.302836139220744
PIT,-1.16853849496692
MIN,-0.0717360316775739
MIN,0.861734830308706
MIN,0.285444203997031
MIN,1.41641322796932
MIN,-0.280626136227511
MIN,-1.33668353418933
PIT,0.133726065745577
PIT,0.831946196733043
PIT,0.182239931542426
PIT,1.97228787810309
PIT,0.684605969639961
PIT,0.701751110900659
MIN,2.03534738183953
MIN,-0.0397059044335037
MIN,-1.47883716528304
PIT,6.40327869029716
MIN,-0.028553627198562
MIN,1.45220046676695
MIN,-0.543718593195081
MIN,0.743804269004613
MIN,-0.260033383965492
MIN,-3.06520746950991
PIT,0.251937211491168
PIT,-0.496872009476647
PIT,-0.431072500883602
PIT,2.18628430936951
PIT,0.0565509911975823
PIT,-1.75342066155281
PIT,-0.0012790285014445
MIN,1.16187415120658
MIN,-0.283546693390235
MIN,1.0524379577837
MIN,0.240379494789522
MIN,2.12464088835986
MIN,-0.946653243910987
MIN,-0.594168798066676
MIN,-0.621573923155665
MIN,-1.26896917447448
MIN,-1.86619555717334
PIT,-1.48781025456265
MIN,-0.551821825560182
MIN,1.1389287034981
MIN,0.850596158299595
MIN,-0.857069805031642
MIN,2.12734067137353
MIN,-0.805969388457015
MIN,-1.42150612385012
MIN,-4.18540657055564
PIT,0.59591794165317
MIN,-0.588590931612998
MIN,-1.7541647455655
MIN,-0.768431737407809
MIN,-1.77504237016547
MIN,-0.0997712714015506
MIN,0.242204959387891
MIN,-0.567337855987717
MIN,0.0332593333732802
MIN,-1.32764118548948
BUF,1.63612387282774
BUF,-0.709483094047755
BUF,1.59779880265705
BUF,3.94685410754755
NO,1.97562964283861
NO,2.07026323187165
NO,1.30539845401654
BUF,1.01657358463854
BUF,1.51450476597529
NO,0.451403416693211
NO,1.31225708895363
NO,-0.829375892761163
NO,-2.80115220113657
BUF,-0.716141210170463
BUF,-1.33785377023742
NO,-0.475862871389836
NO,-1.62681292137131
BUF,0.867634142632596
BUF,-0.777049798052758
BUF,-0.302500369492918
BUF,-1.01319334842265
NO,-0.646743662306108
BUF,-1.09284339821897
BUF,-0.774075870634988
NO,0.658361848327331
NO,0.449746993370354
NO,-0.979258665756788
NO,-3.5951321736211
NO,-0.257690658094361
NO,-1.27938938653097
BUF,0.18459411826916
BUF,2.54478838527575
BUF,0.787989769363776
BUF,1.51586391759338
NO,0.976850231178105
NO,0.646890704985708
NO,0.507010517874733
NO,-0.226707695517689
NO,2.24651530443225
BUF,0.744026218075305
BUF,-3.5252943886444
NO,0.633560518384911
NO,1.03271457611118
NO,-1.28019093617331
NO,-0.465160811641343
BUF,-0.0345724050421268
BUF,-0.707288067322224
BUF,2.61903179070214
BUF,3.19683074572822
NO,0.0302374637685716
NO,1.05347605398856
NO,-0.44677619333379
NO,-0.67119140853174
NO,-0.77494549844414
NO,-2.52803783351555
MIA,2.06450142362155
MIA,-0.496797152096406
MIA,1.80514163023327
MIA,-0.52196021808777
MIA,-1.96094342412775
NYJ,0.124166243709624
NYJ,0.118876365711913
NYJ,1.25956721033435
MIA,0.881839771522209
MIA,1.3102879174985
MIA,1.6943668758031
MIA,-0.290424407692626
MIA,3.00520583859179
MIA,-0.592643093608785
MIA,-1.55782896827441
MIA,4.0758439237834
NYJ,-0.927843279438093
NYJ,1.70082732988521
NYJ,-0.420037064235657
NYJ,0.32221127540106
NYJ,-1.3765647977707
NYJ,-3.86831270955736
MIA,-0.514028994017281
MIA,-0.55060094356304
NYJ,0.328332478762604
NYJ,0.0760670320596546
NYJ,0.194703096640296
NYJ,-0.224688105750829
NYJ,0.631927172187716
NYJ,-0.107769282592926
NYJ,0.568270195778156
MIA,2.06785488314927
MIA,1.98924242606154
NYJ,6.24855266325176
MIA,0.974561678012833
MIA,-0.447074733208865
MIA,-0.799818958388642
MIA,2.63997663720511
MIA,0.668375823122915
NYJ,0.889813082991168
MIA,-0.666175133083016
MIA,-1.57907046703622
NYJ,1.2046160637401
NYJ,1.87550298450515
NYJ,-1.17108433379326
NYJ,-0.335088253254071
NYJ,-0.705480545595658
NYJ,-0.509857697878033
NYJ,0.522787005640566
TB,0.718160268384963
TB,-0.483877351274714
TB,-1.65533187612891
TB,0.339594266377389
TB,-0.807213631458581
TB,-1.5228031789884
PHI,0.796351692639291
PHI,-0.45508833322674
PHI,-0.811054945923388
PHI,2.0516031300649
PHI,0.545392766362056
PHI,2.3974202980753
PHI,0.755174982128665
TB,1.05474040051922
TB,1.80840908922255
TB,0.95454011077527
TB,-0.425116961821914
TB,-1.59125260719997
PHI,-1.04454836156219
TB,-0.49786348361522
TB,1.85751589084975
TB,-0.543654692592099
TB,-1.34893115190789
PHI,1.41620836872607
PHI,1.04983232938685
PHI,-0.359284851409029
PHI,2.40923242166173
PHI,1.38510207104264
TB,-0.658752142451704
TB,-1.23696825886145
PHI,0.130899088340811
PHI,0.667691648821347
PHI,0.351840502000414
PHI,-0.929811912588775
PHI,1.16974478075281
PHI,1.08272256661439
PHI,-0.378750045492779
TB,-0.148295448685531
TB,-0.0224522741627879
TB,-0.143603639735375
TB,0.300734170763924
PHI,-1.57996837515384
TB,0.119354423950426
TB,-1.72134583943989
TB,-2.99311291775666
PHI,-0.830314275575802
PHI,-1.65640186611563
TB,5.9187199617736
PHI,-0.516721826978028
PHI,-1.90637784125283
PHI,1.21449985413346
TB,-0.590510224923492
TB,1.46581699233502
TB,5.98261940898374
PHI,-0.848560354672372
TB,1.43059505033307
TB,-0.57555754063651
TB,-0.347688653506339
TB,-1.58921389001212
PHI,-0.551145960111171
PHI,-0.725088512524962
PHI,-1.20968762552366
TB,-0.804368622368202
TB,-0.59110004932154
TB,1.54114112793468
TB,-5.78399390238337
PHI,-1.37219855701551
TB,0.183851379435509
TB,0.99108014657395
TB,-0.508528640202712
TB,1.34167621273082
TB,-1.25368827633793
TB,-0.284062607621308
TB,-1.6377284550108
ARI,0.583021971397102
ARI,0.333394019631669
ARI,-1.65693191578612
SEA,2.55497335782275
SEA,0.123045407235622
ARI,-0.515329893911257
ARI,0.799655611393973
ARI,1.23864435101859
ARI,-0.339902780950069
ARI,-0.264488367480226
ARI,-0.964019200648181
SEA,0.790403964929283
SEA,-0.612128589302301
SEA,1.28576821438037
SEA,2.0508394415956
ARI,-1.86098593380302
ARI,-0.753398103639484
SEA,-1.28790389886126
ARI,-0.702395194908604
ARI,1.00390147673897
ARI,-0.244374083355069
ARI,-0.820105942431837
ARI,1.5664269356057
ARI,0.961013206746429
ARI,-0.375429464504123
ARI,-1.10140619822778
ARI,-5.08286298229359
SEA,-0.495030561694875
SEA,1.62881398072932
SEA,-1.40918261080515
ARI,0.0079363223630935
SEA,1.85380369750783
SEA,1.47617127979174
SEA,-0.345733016321901
ARI,-0.303448578575626
ARI,-0.23888425482437
ARI,0.79837121424498
ARI,-0.732943985902239
ARI,-0.253955895721447
ARI,-0.0640671962755732
SEA,-0.741976312361658
SEA,1.03646310628392
SEA,0.133150943322107
SEA,-1.31700488377828
SEA,0.120946469771448
ARI,-0.790922860149294
ARI,-1.40309443278238
SEA,-0.453442873433232
SEA,-1.2520862352103
ARI,-0.150346730602905
ARI,0.959273318527266
ARI,1.05706397118047
ARI,-1.61252996115945
ARI,-0.918958122143522
ARI,-0.976387450803507
SEA,-0.828144653467462
SEA,1.97418297594413
SEA,0.656356356106699
SEA,-0.549649911234155
SEA,1.41389146423899
SEA,-0.372258868745464
ARI,-0.472510400111787
ARI,-1.38104968098924
ARI,3.15830918762367
SEA,-0.495452539995313
SEA,3.63669942278648
ARI,0.244088975246996
ARI,-0.656072791200131
ARI,-1.51953044068068
ARI,2.67165514378576
ARI,-1.37825955887092
ARI,1.88216689991532
ARI,0.154891969985329
ARI,-0.464360129379202
ARI,1.8377881461347
ARI,2.44017859324231
SEA,-0.237448690284509
SEA,1.05947015393758
TEN,1.05953920539469
TEN,2.4062328186119
TEN,-0.433266862644814
TEN,-1.46821452318715
HOU,0.814103678101674
HOU,0.0190215383190662
HOU,-0.149817284429446
HOU,-1.14474075904582
HOU,-0.871205360437894
TEN,-0.771503182128072
TEN,-1.41858570603654
HOU,1.48689916683361
HOU,0.660659033339471
HOU,-0.51313889096491
HOU,-0.635019381879829
HOU,-1.06381891140391
TEN,-0.937155209947377
TEN,-1.37359785521403
HOU,-0.487831588136032
HOU,-0.89187104254961
TEN,-0.664949774276465
TEN,-1.25517727574334
HOU,-0.0450391490012407
HOU,-0.300587705336511
HOU,1.05594521359308
HOU,-1.04764994437573
HOU,-1.40074841643218
TEN,0.172830301220529
TEN,-0.0408315742970444
TEN,-0.462889526563231
TEN,2.0112426703563
TEN,-0.215151994430926
TEN,0.551495098392479
TEN,-0.225512975244783
HOU,0.537967392709106
TEN,-0.969598083058372
HOU,-0.475709459744394
HOU,0.758325396571308
HOU,-0.127990695415065
HOU,3.56250691018067
HOU,0.641314236214384
HOU,-1.1782107015606
HOU,0.1423024936812
HOU,1.29861757799517
HOU,1.72473997354973
HOU,-0.947
TEN,-0.623579913983122
TEN,0.526380103779957
TEN,2.01893765619025
TEN,-5.63738031010144
HOU,2.31818191113416
ATL,-0.906887262593955
ATL,2.75713513058145
ATL,-1.45343611173294
WAS,-1.14050404774025
WAS,-1.09722533356398
ATL,0.819421258289367
ATL,0.964391297777183
ATL,-1.60804734879639
ATL,1.2434338516905
ATL,0.932348506583367
ATL,1.48266898712609
WAS,0.509482563007623
WAS,1.81637087231502
WAS,1.68502520612674
ATL,-1.30658972053789
ATL,3.55145501054358
ATL,1.75429285533028
WAS,0.361509321955964
WAS,-1.63296294549946
WAS,-0.506942347856239
WAS,0.221745099661699
ATL,1.40648148872424
ATL,-0.403243726817891
ATL,0.897641030431259
WAS,-0.429110266501084
WAS,1.26540342625231
WAS,0.381806757766753
WAS,-0.288135882699862
WAS,-0.583236164646223
ATL,-0.125374927243683
ATL,-0.10044870711863
ATL,-0.130872183362953
WAS,0.504573827143759
WAS,-0.947891284245998
WAS,3.41141694365069
WAS,0.454060262534767
WAS,-0.991643763875308
ATL,4.47463920683367
ATL,1.28715154511156
WAS,1.31334842019714
WAS,-4.5227826195769
ATL,1.6484286505729
ATL,-6.6261364336824
WAS,-0.481472308281809
WAS,-1.03630090535108
ATL,1.65913431788795
ATL,0.135247784433886
ATL,1.77998889051378
WAS,-0.0967311658896506
WAS,-0.571672590915114
WAS,1.053
ATL,0.944426112342626
ATL,2.4832082199282
ATL,1.67164468875853
NYJ,-0.258380743907765
NYJ,2.17609812691808
NYJ,0.385466387495399
NYJ,-0.46337497595232
NYJ,0.0010882188798859
NYJ,-1.38238204858241
DAL,-0.167791196610779
DAL,3.84737016248982
DAL,-0.483673465787433
DAL,-0.991615942630134
NYJ,0.58947755000554
NYJ,-0.805996839189902
NYJ,-1.68110974179581
DAL,0.952980764210224
DAL,-0.539512273389846
DAL,2.10633615567349
DAL,-1.14595219003968
DAL,2.11337835155427
DAL,-0.0891047787154093
DAL,3.01432612189092
NYJ,-2.22515876544639
NYJ,-1.45976817188784
DAL,-0.550173651659861
DAL,-0.667529627215117
DAL,-1.04523661965504
NYJ,0.27839014143683
NYJ,-0.658899493515492
NYJ,1.69150213245302
NYJ,0.698557533614803
NYJ,0.475271410949063
DAL,0.860417296062224
DAL,-0.162571199936792
DAL,0.895623908378184
DAL,3.11134679004317
NYJ,-0.205380794068333
NYJ,-0.440432808536571
NYJ,-0.0229762843810022
DAL,1.4526178559172
DAL,0.0920636809896678
DAL,-1.81988828000613
NYJ,0.219921748153865
NYJ,-2.09265673696063
DAL,0.566937875933945
DAL,-0.587972023990005
DAL,-1.32580536184832
NYJ,0.803260904038325
NYJ,-0.481677543371916
NYJ,-0.0289976710919291
NYJ,-0.93933353247121
NYJ,-3.54063982702792
DAL,4.12426245748065
NYJ,1.58197323535569
NYJ,1.65865899354685
NYJ,-1.7508196887793
NYJ,-0.683420553803444
NYJ,-0.0154746906580849
DEN,-1.59161849017255
PHI,-0.585074896924198
PHI,-0.681573334615678
PHI,-1.39792280690745
DEN,-0.0200141726527363
DEN,-0.914348112884909
DEN,1.75581177929416
DEN,-1.12229119916447
DEN,-0.9803407471627
DEN,-0.870533907244218
PHI,1.11376296402887
PHI,-0.0079782619141042
PHI,0.246034145122394
PHI,0.74437056935858
PHI,0.568188127828762
PHI,-0.946850943029858
PHI,-1.10145647321939
DEN,1.24418344488367
DEN,0.0452691749669612
DEN,-0.720741288154386
DEN,-2.28856200200971
PHI,1.35422140778974
PHI,-1.1884729526937
PHI,4.92473900306504
PHI,0.822335603530519
DEN,0.81439951620996
DEN,0.326876080827788
DEN,-1.26163355517201
PHI,-0.454906087368727
PHI,1.20184525847435
PHI,0.995215558621567
PHI,-0.467300696473103
PHI,-1.24097297072876
DEN,-0.346458282787353
DEN,0.870141596533358
DEN,0.012252677930519
DEN,-0.343697656178847
DEN,-0.675198882585391
PHI,-0.20501981745474
PHI,-0.0782096596667543
PHI,-0.484555097296834
DEN,-0.70476498932112
DEN,-0.238907133170869
DEN,-0.319634678540751
PHI,-0.582780110184103
PHI,1.9937101136893
PHI,0.220673598116264
PHI,3.85540498537011
DEN,1.33415571087971
DEN,1.59586512297392
DEN,-2.41213436098769
DEN,-1.11102595645934
PHI,0.534392823465169
PHI,0.669587661046535
PHI,-0.0069290301762521
PHI,-0.772107108030468
PHI,-1.50076094130054
DEN,0.330342827830464
DEN,-1.52576870610937
PHI,-0.540396728785709
PHI,-0.923463732469827
PHI,-1.70508992159739
DEN,0.405315046897158
DEN,-0.527746943058446
DEN,1.2154008327052
DEN,0.377523794653825
DEN,0.553089628345333
PHI,0.0437640585005283
PHI,-0.786071032751352
PHI,-1.41963783185929
DEN,1.28118223091587
DEN,0.878318536910228
DEN,3.94841033546254
DEN,2.1795224880334
DEN,1.053
PHI,0.587983115343377
PHI,-1.31548990239389
DEN,0.654861037037335
DEN,-0.558754924684763
DEN,1.9257927534054
DEN,0.686150202469435
DEN,1.75738988409285
DEN,-0.542803741293028
PHI,-0.369898063363507
PHI,0.0134079705458134
PHI,-0.114521998446435
PHI,1.15610715944786
PHI,-0.0499312658212148
PHI,-1.62032395770075
DET,1.39495987491682
DET,1.6917625174392
DET,2.48599243164063
CIN,-0.589129543863237
CIN,1.54332537367009
CIN,-0.559784350916743
CIN,-0.876107581658289
CIN,-1.31110658287071
DET,0.973702539689839
DET,1.74690460320562
DET,0.573294528294355
DET,0.589588770526461
DET,-5.29575193801429
CIN,-0.169676118064672
CIN,-1.49546560505405
DET,1.12513049133122
DET,-0.818407396320254
DET,-1.0645876233466
CIN,-4.69910747749964
DET,1.37305519467918
CIN,0.857607332523912
CIN,0.097950657363981
CIN,-0.424686178565025
CIN,-0.781480789417401
CIN,-0.256257209926844
CIN,-1.3819647366181
DET,0.992496825056151
DET,0.29075564397499
DET,-1.56171595491469
CIN,-0.462398672476411
CIN,-0.551671301713213
CIN,-1.31782898318488
DET,-0.765899311285466
DET,-0.692840398813132
CIN,0.819083187263459
CIN,1.399790434225
CIN,0.377710598520935
CIN,0.333371796295978
CIN,-0.830334978178144
CIN,0.007122648996301
CIN,0.477006153593955
CIN,-5.78105849248823
DET,-0.635293353232555
DET,1.64291400858201
DET,3.38082690408919
CIN,-1.56926881894469
DET,2.75456398143433
DET,1.09039760986343
CIN,-0.758016795385629
CIN,1.89815777982585
CIN,0.916333562461659
CIN,-1.102197292028
CIN,-0.272913582855836
CIN,1.00287744298112
HOU,2.18737991969101
HOU,-0.576358490856364
HOU,0.1507167169475
HOU,1.71863467514049
HOU,1.72138748125872
BAL,0.617410860024393
BAL,1.73824413656257
BAL,1.12002077349462
BAL,3.06512396689504
BAL,-1.56240337558016
HOU,0.860602830071002
HOU,-0.873389262473211
HOU,2.06974803132471
HOU,0.674482310831081
HOU,-2.21720164691048
BAL,-0.557617095764726
BAL,-2.37620806740597
HOU,0.310502348816954
HOU,3.04217549029272
HOU,-0.209676036727615
HOU,3.19168826314854
BAL,-0.155890078400262
BAL,-1.0858580962522
HOU,0.113563442137092
HOU,-0.4997561724158
HOU,0.0415302618639544
HOU,1.52661392861046
HOU,2.39715523779159
BAL,0.298905742354691
BAL,0.243808528961381
BAL,-0.221361539559439
BAL,-1.1299245019909
BAL,2.23323831800371
BAL,-6.30845724302344
HOU,0.550810943706892
HOU,0.21343834628351
HOU,0.904563798336312
HOU,0.896139486227185
HOU,0.382221723208204
BAL,0.775658562779427
BAL,3.75723958766321
HOU,-1.90561171597801
HOU,0.445204777177423
JAX,-1.79273026250303
KC,0.638050629990175
KC,0.0584625755436719
KC,1.82501719356515
KC,0.193967440165579
KC,0.277044406859204
KC,-1.91039926605299
JAX,-1.22820143727586
JAX,-0.774416448315606
JAX,0.0451548371929675
KC,0.271892884047702
KC,0.285458502126858
KC,3.78516421694076
KC,-0.847871790465433
KC,1.99364313273691
JAX,1.29559579363558
JAX,1.40289097296773
JAX,-0.0821443535387516
KC,0.0012609269469976
KC,1.23308558762074
KC,2.16383200627752
JAX,-0.887545550009236
JAX,1.41290533472784
JAX,1.44656599377049
JAX,-0.407075281662401
JAX,-0.0429934791172855
JAX,1.64442050049547
JAX,-0.414794862968847
JAX,1.04880259686615
KC,-0.792604422313161
KC,-0.397709241253324
KC,-0.0197874818695709
JAX,0.200709679455031
JAX,0.0990998918714467
JAX,-0.0386363059224095
KC,0.44702661386691
KC,-1.8909160324838
JAX,0.248289866838604
JAX,2.81299272296019
JAX,0.246826937422156
JAX,2.20139195688535
KC,0.77535272622481
KC,0.70396170951426
KC,0.334769817534834
KC,0.714453781489283
KC,-0.47195324592758
KC,0.42760835471563
KC,1.35069089429453
KC,-12.6581113904249
KC,1.26615788158961
KC,-0.50679227639921
KC,0.402297957800329
KC,1.17744110664353
KC,-0.573286369210109
KC,-0.904996776022017
KC,-0.433558596065268
JAX,-0.361186754656956
JAX,-4.52510609762976
KC,1.13415599189466
JAX,0.743285770760849
JAX,-0.531718720216304
JAX,-1.5987431970425
JAX,-0.235271765072633
KC,1.29345057252795
KC,0.690571471350268
KC,0.200228366418742
KC,0.312496147234924
KC,0.664528921130113
KC,0.28204427351011
KC,1.92600171023514
JAX,0.13502567471005
JAX,-0.669591474113986
JAX,2.75738663692027
JAX,0.927172028576024
JAX,-0.406364470312838
JAX,-0.507083333039191
JAX,0.959233027504524
KC,-0.0010788437502924
KC,-0.0236860981967766
KC,0.0430009744304698
KC,0.001387834403431
IND,-0.0709584136493504
IND,-0.621816804166883
LV,1.89633335312828
LV,1.44586653029546
LV,0.0980863221921027
LV,1.10565613606013
LV,0.212945988983847
LV,-0.486872300039977
LV,-2.35466105578234
LV,-0.462786566425033
IND,0.676009938120842
IND,1.00662738457322
IND,-0.493733011186123
IND,0.574895794736221
IND,2.28698595939204
IND,0.54504786094185
IND,-0.589651724556461
IND,1.88262296351604
IND,-0.465327389014419
IND,2.25186540925643
LV,0.816454766783863
LV,-0.946575349662453
LV,-1.03589535132051
IND,-0.36578686919529
LV,-1.03671449888498
LV,-0.740231537725776
LV,1.26293420547154
LV,-2.01846147782635
LV,3.61804698995547
LV,-0.463269904197659
LV,-4.98616066714749
IND,0.234394669299945
IND,0.953051172662526
IND,-0.520972697529942
IND,0.501312626875006
IND,-0.295246959547512
IND,-0.480273842113093
IND,-0.377432226669043
IND,0.752475141198374
IND,-0.390248344279826
IND,-0.175659021100728
IND,1.35827761082328
IND,1.65131069437484
IND,-0.947
LV,0.43621423933655
LV,1.14513868735287
LV,-0.794085591332987
LV,-1.57429713010788
IND,-0.785576904192567
IND,2.5485172609333
IND,0.268583390978165
IND,0.730966201517731
IND,-0.947
LV,-7.05194959091023
IND,-0.947
IND,2.14495647954755
LV,0.485630941111594
LV,-0.0625119984615594
LV,-0.0230143262306228
MIA,0.137391569558531
MIA,-0.522686013719067
MIA,1.31151222693734
MIA,-0.524808604968712
MIA,-0.580248590791598
MIA,3.59028923040023
MIA,-1.07242778548971
MIA,-1.25316935873029
CAR,-0.783798461314291
CAR,3.11312642809935
CAR,-5.68818390287925
MIA,2.15935621387325
MIA,-0.556964638177306
MIA,-1.89522108575329
MIA,3.32774353248533
MIA,0.983746736194007
MIA,-0.701975433737971
MIA,2.07571789779468
MIA,-1.48817872599466
MIA,3.21433477650862
CAR,-0.0085838958621025
CAR,-3.83673667674884
MIA,1.30199908604845
MIA,0.517529686505441
MIA,1.91100253857439
MIA,1.1599747975124
CAR,-1.70069425157271
CAR,3.9707270305953
CAR,1.23986977932509
CAR,2.66129503381671
MIA,-0.117445226060227
MIA,-1.72047555423342
CAR,1.08381228143116
CAR,0.0864776744274423
CAR,0.783964403322898
CAR,-0.307172969100066
CAR,-0.242221858934499
CAR,0.226250639538661
CAR,-0.714329708484002
CAR,-1.99211199971908
MIA,0.82687969552353
MIA,-0.701979882549495
CAR,0.892914934083819
CAR,-0.748186488170177
CAR,-0.582951837219298
MIA,0.803139516152442
MIA,-0.799510765820742
MIA,-1.318449257873
CAR,0.409721727482975
CAR,0.938197219045833
CAR,-1.70146665768698
MIA,-1.06439338205382
MIA,-0.437696530949324
CAR,-0.536668956279755
CAR,-0.311613290570676
CAR,-1.362379305996
MIA,0.999975989572704
MIA,-0.353088840376586
MIA,-0.423001134069636
MIA,-1.3831849496346
CAR,-0.0995949055068195
CAR,0.414597596973181
MIA,0.413818085333332
MIA,0.220642358064652
MIA,4.0872428312432
CAR,1.6812295622658
CAR,-0.523036644852255
CAR,-1.43426714575617
CAR,3.25823464093264
CAR,1.16895190419746
MIA,-0.316984152421355
MIA,-0.416619397699833
MIA,-0.610576047212817
CLE,0.979506300063804
CLE,-1.95597100467421
MIN,0.9340820168145
MIN,0.515487262280658
MIN,-0.51394430664368
CLE,-0.560721564863343
CLE,0.862618143379223
MIN,2.40622111177072
MIN,-0.523064582142979
MIN,1.33035701094195
MIN,0.138280999381095
MIN,1.83494654868264
MIN,3.26001056085806
CLE,0.0030411747284233
CLE,1.20638680504635
CLE,-0.577186978887767
CLE,-0.627756604459137
CLE,-0.470119413919747
MIN,-0.727581935701892
MIN,-0.564008981687948
CLE,-0.309889780590311
CLE,-0.391962017863989
MIN,-0.609681219328195
MIN,-0.506710479501635
CLE,-1.18209876096807
CLE,-0.98070542095229
MIN,-0.548517816700041
MIN,-0.237565708579496
CLE,-0.183634078945033
CLE,-0.156363053829409
CLE,-0.25790860678535
CLE,1.34973996004555
CLE,-0.339758692134637
CLE,-0.278364697645884
CLE,1.06360460130963
CLE,1.33242588670691
CLE,-0.903309699438978
CLE,-0.100382642122164
MIN,-0.539319754112512
MIN,1.49596035224386
MIN,1.01862610224634
MIN,-0.475235774880275
MIN,0.0347320283181034
CLE,1.80274161999114
CLE,0.301041105412878
CLE,-0.75819251278881
CLE,3.19443524081726
MIN,-1.50593836605549
MIN,-0.688853969331831
MIN,-0.87336698314175
CLE,-0.532511994242668
CLE,-1.55646413750947
MIN,-0.709492968861014
MIN,3.66866638034117
MIN,0.164318167138845
MIN,-0.687493568169884
MIN,-1.70667506232328
CLE,0.465821092948318
CLE,-0.378416443243623
CLE,-1.78561329899821
MIN,0.860742886085063
MIN,0.0763933481648564
MIN,-0.728987914510071
MIN,-0.99147314671427
CLE,-0.809700423735194
MIN,0.246830977033824
MIN,-0.159141008625738
MIN,1.00895831087837
MIN,1.15629984758561
MIN,0.0918064683210105
MIN,-0.324669907218777
MIN,0.12698003515834
MIN,0.236080099712126
MIN,3.35802075167885
CLE,0.294549054349773
CLE,-0.368628195254132
NE,1.04047527979128
NE,-0.162127989344299
NE,-1.82942494004965
BUF,1.49197460897267
BUF,-0.192077617160976
BUF,2.24601164786145
NE,-5.02278528944589
BUF,1.21848650253378
BUF,-0.866897223517299
BUF,-1.79352105199359
NE,-0.753486776258797
NE,1.9427533543203
NE,-1.81665452197194
BUF,-4.59292822168209
NE,-0.72459273331333
NE,-0.67126318732195
BUF,-0.233700327109545
BUF,1.56009593349881
BUF,1.8244078096468
BUF,0.37239732418675
BUF,-1.5667792402218
NE,-0.0477523822337389
NE,1.26470524584875
NE,-0.040184420067817
NE,-1.00732673029415
NE,-1.50382698792964
BUF,1.77343794004992
BUF,0.594961674651131
BUF,-1.39553453691769
NE,1.44253800972365
NE,0.192506334860809
NE,2.2149454979226
NE,0.664209529117215
NE,-0.541754271078389
NE,-0.85460989428895
BUF,1.44323964556679
BUF,0.021374405012466
BUF,0.56487032037694
BUF,0.313494829984847
BUF,0.644133639812935
BUF,-0.516749223868828
BUF,1.70168826490408
NE,1.04914943431504
NE,1.10615255706944
NE,3.00609155808343
BUF,2.51716487808153
BUF,-0.551964602665976
BUF,1.99132916505914
BUF,-3.72209051577374
NE,-0.559286021394655
NE,1.84309008577839
NE,-0.573502892162651
NE,0.297969631850719
NE,1.49587412504479
NE,1.62167560029775
NE,-0.856603680644184
NE,2.9109288690961
BUF,1.43513868213631
BUF,-0.122833190951496
BUF,0.766399825864937
BUF,0.601381086336914
BUF,0.774173041398171
NE,0.286097048316151
NE,-1.58960849139839
BUF,-0.15690056164749
BUF,-0.681909054983407
BUF,1.92885624314658
BUF,1.18702090211445
BUF,-0.384216370352078
BUF,-0.482143362285569
BUF,-0.866757757075684
NE,0.53602171165403
NE,1.60044192575151
NE,0.521091959206568
BUF,-0.0096619078249204
NO,-0.627164077479392
NO,-1.10178547143005
NYG,0.199572368292138
NYG,1.22269044513814
NYG,0.120305307442322
NYG,0.336426631896757
NYG,1.63467496918747
NYG,0.474143147293944
NO,0.600015272386372
NO,0.215717720566317
NO,1.46582276071422
NO,1.00865499884821
NO,-0.807986612082459
NO,-0.465837404470083
NYG,0.547314625000581
NYG,-0.55940943909809
NYG,1.69838549941778
NYG,1.07226045231801
NYG,3.1868035888765
NO,0.873326563974842
NO,1.24076048657298
NO,0.932507095625624
NO,-0.923181529971771
NO,-0.858418598538265
NO,-0.661295252677361
NYG,-0.471012865193188
NYG,1.21976532973349
NYG,-0.510159741388634
NYG,-1.1491156287957
NO,6.77454629121348
NYG,-1.66064169863239
NO,0.755492505035363
NO,-0.309755111287814
NO,-0.432783199465526
NYG,-0.533923647832125
NYG,1.24024770298274
NYG,-5.37087059934856
NO,0.0151068298146129
NO,0.14755447616335
NO,-0.308591997018084
NO,0.137720036145765
NO,-0.523554748040624
NO,0.385004778222427
NYG,-1.04734775051475
NYG,0.0410269885323942
NYG,-0.798710776958615
NYG,-6.0271687018685
NO,-1.49736677319743
NO,0.0353486945386976
NO,2.39519635762554
NO,1.83019448362757
NO,-0.80839829298202
NO,-1.21654930834973
NYG,-0.452648396370933
NYG,2.01766915386543
NYG,0.801597190555185
NYG,-0.284478081041016
NYG,-0.308945052558556
NYG,0.0976756610907614
NYG,-0.799762936076149
NYG,-0.963450006442145
NYG,-0.615641732234508
NYG,-0.568733999272808
NYG,-0.466539894929156
NYG,0.0226682596839964
NYG,-1.73284462559968
SF,1.3323087929748
SF,1.24692327249795
SF,2.59561522421427
SF,0.261075989576057
SF,1.29583730176091
LA,0.262646896066144
LA,-0.507053848123178
LA,-1.95593606610782
SF,2.1750687812455
SF,-0.596424189861864
SF,0.73195865098387
SF,-1.93515590811148
SF,0.610318670165725
SF,-0.490167916286737
SF,2.30522621329874
SF,0.795234019111376
LA,0.0623703603632748
LA,-0.848895865259692
LA,1.86145392130129
SF,1.61015583435074
SF,-1.70437188597862
LA,-0.523399916943163
LA,0.725635426584631
LA,-0.512236412847415
LA,0.20194120099768
LA,1.89681289874716
LA,1.32144606718794
LA,0.823391336773057
LA,2.12943503516726
SF,-0.584062292822637
SF,0.935777224134654
SF,-0.304663930088282
SF,1.14562200102955
SF,0.340360220463481
SF,-0.422593271185178
SF,-0.224544510478154
LA,-0.192893722327426
LA,1.56946727191098
LA,-0.779242561897263
LA,-1.81132388934675
SF,-0.890419353032485
SF,1.30035715573467
SF,1.2656193835428
SF,1.3160162421409
SF,-2.06264160247401
LA,-0.522748745046556
LA,2.33053469308652
LA,0.954466550960205
LA,-0.485587133327499
LA,1.12156586942729
LA,0.640453671629075
SF,0.135279475711286
SF,0.832091002492234
SF,0.306648465339094
LA,0.72989148972556
LA,0.0991778024472296
LA,-0.583691355772317
LA,0.668472615769133
LA,1.22316737473011
LA,1.43999333109241
LA,-0.600514284800738
LA,2.16000912047457
SF,-0.420172873418778
SF,-1.23196012782864
LA,-0.544748796382919
LA,0.652871801517904
LA,-1.66417229594663
SF,-0.467302984790877
SF,0.89859527326189
SF,1.69050299446099
SF,-0.256129880435765
SF,2.0714318479877
SF,-0.565274677006528
SF,1.11807483644225
SF,-0.57843769522151
SF,-0.284737195353955
SF,-1.31671592155323
LA,0.39149950601859
LA,0.921469967579469
LA,-0.276960414252244
LA,-0.370313500461634
LA,-0.398675188189372
LA,1.57836290367413
LA,0.357024381793786
SF,0.740527283633128
SF,0.890924060251564
SF,0.277840547612868
SF,0.482977170031518
SF,0.419922046596184
SF,-1.87504522158997
SF,-0.913706732381258
LA,0.704013329930604
LA,2.21516581630567
LA,-0.435419586079661
LA,-0.342398190754466
LA,-0.305751520267222
TB,1.85625516111031
TB,1.88085966813378
TB,-0.207298066932708
TB,0.774551073671319
TB,-1.15783636830747
TB,-0.0514940401772037
TB,-0.696167068747255
SEA,1.45946091576479
SEA,0.282915320646619
TB,-0.534725090488792
TB,1.60085361707024
TB,1.09215278434567
TB,-0.276289024041034
TB,-0.141668717376888
TB,-1.30219657264628
SEA,0.772355575114489
SEA,-0.935072060441598
SEA,-0.340642149327323
TB,-1.17749648052268
TB,-0.373376508243382
SEA,-0.191854203352705
SEA,1.02305843564682
SEA,0.704785590642132
TB,1.50417628546711
TB,-0.792290988727473
TB,2.53612426779
TB,0.354482095455751
TB,0.736729323194595
SEA,-0.399333932844456
SEA,0.966577809245791
SEA,0.565807596140076
SEA,-0.248196725151502
SEA,0.203633569180965
SEA,1.07924960902892
SEA,0.38594452032703
SEA,-0.686046400427586
SEA,3.17253929941217
SEA,0.170295437332243
SEA,2.60804925835691
TB,-0.329055211041123
TB,-0.0313710304908454
TB,1.5696053376887
TB,0.867883971426636
TB,1.85150123789208
TB,4.05320801981725
TB,1.053
SEA,0.830524136545137
SEA,0.843923004111275
SEA,3.0257195631857
SEA,1.77093795489054
TB,1.2091536144726
TB,-0.500287943053991
TB,6.05958257726161
SEA,-0.585831740638241
SEA,0.754018850042485
SEA,1.6625361799961
SEA,0.381231226376258
SEA,1.40559380641207
TB,1.12830557324924
TB,0.886459340224974
TB,-1.93106335273478
TB,-1.41659688437358
SEA,0.762962672160938
SEA,2.35853333957493
SEA,-1.22365914779948
SEA,4.43974710465409
TB,1.28956998052308
TB,-0.400971172028221
TB,2.08661128894892
TB,0.800409885356203
TB,1.94550620444352
SEA,0.224927233182825
SEA,-3.83157164178556
ARI,1.27682846528478
ARI,0.749027632642537
ARI,0.817400373751298
ARI,3.22563744120998
ARI,-0.204760653781705
TEN,-0.386759295593947
TEN,0.25004670699127
TEN,-0.433766158530489
TEN,-1.1075155337407
ARI,1.6425873269327
ARI,1.19083661813056
ARI,-0.0990400228183717
ARI,2.43914999143453
TEN,1.51454357500188
TEN,-0.505219085840508
TEN,-1.28732456639409
ARI,-0.151403904426843
ARI,-1.65311241568998
ARI,-0.0914061627699994
ARI,0.984973447164521
TEN,-0.084886597818695
TEN,-1.76268278044855
ARI,-0.148486039834097
ARI,1.14446580479853
ARI,-0.502647610381246
ARI,-0.686946257948875
ARI,-1.89694528048858
TEN,-0.482252904679626
TEN,-0.697134989080951
TEN,1.70519097626675
TEN,-0.466485615819693
TEN,-1.29588317137677
ARI,0.301017552148551
ARI,-1.48088131158147
TEN,0.435784174420405
TEN,-0.272955522290431
TEN,-0.355872199754231
TEN,-1.5822111031157
TEN,-2.80735154944705
ARI,-1.17315892997431
ARI,-0.269041149644181
TEN,-0.132654106244445
TEN,-0.801101966295391
ARI,-0.713319470640272
ARI,2.60465543018654
ARI,-0.0664464449509978
ARI,0.025429560802877
ARI,1.60073640407063
ARI,-0.266149201313965
ARI,-0.0047484764363616
TEN,-0.58554163435474
TEN,-0.72233364963904
ARI,-0.779132153373212
ARI,-1.45824727229774
TEN,-1.6961117440369
TEN,1.82239273178857
ARI,-1.56586656160653
ARI,0.267260884866118
ARI,-1.34225107450038
TEN,0.950897582340986
TEN,0.401268431451172
TEN,0.459363461472094
TEN,0.668658705078997
TEN,-0.378491451207083
TEN,0.305687442538328
TEN,2.90083568397677
ARI,0.788134854985401
TEN,-0.143443674314767
TEN,0.023986796149984
TEN,0.510073811863549
TEN,-0.292176183778793
TEN,0.880315573129337
TEN,2.81298416666687
LAC,3.11423545028083
LAC,0.596598660806194
LAC,0.40949590317905
LAC,-1.56232785619795
LAC,0.869422376272269
WAS,0.379955035168678
WAS,-1.72855210327543
LAC,-0.374512378592044
LAC,3.21684494742658
LAC,0.731850515003316
LAC,-0.690339306835085
LAC,-2.25661383600963
WAS,-0.732989508891478
WAS,-1.14431833149865
LAC,-0.131660422310233
LAC,-0.186095947865397
LAC,1.2014540231321
LAC,-1.28268212848343
LAC,0.933725833892822
LAC,-4.29656260740012
WAS,-0.660606097895652
WAS,2.63137861248106
WAS,0.492830557050183
WAS,0.29905252577737
WAS,1.17745119705796
LAC,-1.12530189828249
LAC,-0.768545738887042
WAS,-0.280712220701389
WAS,-0.48843652906362
WAS,-0.580806021869648
WAS,2.22390649071895
WAS,-0.313830407510977
WAS,0.392836328246631
WAS,0.766862273681909
WAS,2.05258631624747
WAS,0.765898724435829
WAS,0.729659023345448
LAC,-1.697707248386
LAC,-0.626399654429406
WAS,-0.491647319518961
WAS,-0.718489570077509
WAS,2.14694911625702
WAS,0.0954521769890562
WAS,-0.755660287686624
WAS,-0.911819360480089
LAC,-0.204667842946947
LAC,1.16254062298685
LAC,-0.512837457703427
LAC,-1.55963753559627
LAC,-0.207996673416346
LAC,-2.92857092991471
WAS,1.98232745029964
LAC,-0.5794047343079
LAC,1.78841676749289
LAC,-0.84392939764075
LAC,1.97559677006211
LAC,-0.554222305654548
LAC,1.46308361249976
LAC,-0.229617743054405
LAC,-3.75652202044148
WAS,1.07385155605152
WAS,2.55529468692839
IND,0.974562894320115
IND,-0.527386650675908
IND,1.13804718456231
IND,1.48318662995007
IND,-0.492217599414289
IND,-0.147404096904211
IND,1.26295859285165
IND,1.31815950723831
ARI,0.832668506074697
ARI,-0.888608118053526
ARI,-1.66216568183154
IND,-1.39451748202555
ARI,0.812286652391776
ARI,-0.593426640843973
ARI,-1.42581371765118
ARI,3.44247308949707
ARI,0.654333178012166
IND,-0.547816025326029
IND,-0.581317957025021
IND,-1.12079287366942
ARI,-0.897984580835328
IND,-6.0874295780668
ARI,0.663486481993459
ARI,-5.46376056177542
IND,0.869689488317817
IND,0.751984669361264
IND,1.28731297753984
ARI,-0.737175351008773
ARI,2.09047652420122
ARI,-0.683958912733942
ARI,-0.193812143872492
ARI,2.4226810648106
ARI,-0.717303247947712
ARI,-1.21102263052576
IND,0.0202278121141717
IND,0.849466055515222
IND,-0.873405263177119
IND,-0.310566584463231
IND,-0.238076939480379
ARI,-0.0914172906195745
ARI,-0.120512177760247
ARI,0.251726689486532
ARI,-0.404520712269004
ARI,1.46486206352711
ARI,1.34273787203711
ARI,0.730253093352076
ARI,0.209095897851512
ARI,0.473261597333476
ARI,1.09767906554043
IND,0.872233845293522
IND,0.74996814201586
IND,-0.65940186905209
IND,-1.47962307923721
ARI,-0.554015619214624
ARI,2.05515937041491
ARI,-0.0980448011541739
ARI,0.972566480573732
ARI,1.83490362513112
IND,0.965023502008989
IND,1.01679623126984
IND,1.70106134965317
IND,1.55181754141813
ARI,-0.51171311060898
ARI,2.5313783835154
ARI,-0.562621327815577
ARI,2.50869874615455
ARI,-0.89948042971082
ARI,-0.708532050473402
IND,-0.551776865497232
IND,1.82894466281869
IND,-0.759673740016297
IND,2.23052502420614
ARI,0.646097833989188
ARI,0.929101804969832
ARI,0.718998730066232
ARI,1.72872981097316
ARI,-0.210332384798676
ARI,-0.636006398301106
ARI,-1.22680114337709
ARI,-2.93753448879579
ATL,1.01277055009268
ATL,1.34833156107925
BUF,3.12843916122802
BUF,0.770414580532815
BUF,-0.347751887748018
BUF,3.84981039736886
ATL,-0.448735034093261
ATL,-0.97465659910813
ATL,-1.43890993436798
BUF,-0.591531599871814
BUF,-1.41354323737323
ATL,0.286088320892304
ATL,2.57022042048629
ATL,-0.779810945503414
ATL,2.91467237996403
BUF,-0.76148789562285
BUF,2.21282340213656
BUF,0.99157965707127
BUF,-0.844508559559472
BUF,-2.31628373637795
BUF,5.49315009266138e-05
BUF,-1.81485142325982
ATL,1.70670852484182
ATL,0.294906130293384
ATL,1.19523444521474
ATL,-0.601252310967539
ATL,-0.242894654977135
ATL,-3.28400137461722
BUF,-0.157883871579543
BUF,-0.437735048355535
BUF,-1.00212104874663
ATL,0.0236396115506068
ATL,-0.0959414396202192
ATL,-0.206204617104959
ATL,-0.212460407870822
BUF,-0.943755034328206
ATL,0.483791073958855
ATL,-1.21904798073228
BUF,0.949205249780789
BUF,0.496006660629064
BUF,0.262248020269908
BUF,2.06774281157414
ATL,-2.04814340127632
ATL,0.0614945720881224
ATL,-1.18399702711031
BUF,-1.50595981441438
BUF,0.143834250746295
BUF,-0.751192915253341
BUF,-3.06376576982439
ATL,1.34157051559305
ATL,-1.01761281030485
ATL,-0.660848417202942
ATL,-0.84562952087892
ATL,-1.61365045886487
BUF,-0.328293500933796
BUF,-0.767356313765049
BUF,-1.44263636181131
ATL,0.725606882944703
ATL,0.255283912061714
ATL,2.17711937730201
ATL,-0.377564245660324
ATL,1.10324384470005
BUF,-4.58483716723276
CHI,1.18333135917783
CHI,0.0437996191903949
CHI,0.793543604551815
CHI,-1.44689630327806
WAS,1.73060671961866
WAS,-0.151431596139446
WAS,1.12544260011055
WAS,-5.98842475621495
CHI,-0.539725636132062
CHI,1.49541452643462
CHI,1.55564328248147
CHI,-0.431049412116408
CHI,-0.969094176311046
CHI,0.664233502605621
CHI,0.831581426667981
WAS,1.21862249262631
WAS,0.422604052117094
WAS,-0.462206524913199
WAS,2.91522096900735
CHI,-0.578122674254701
CHI,1.02144957240671
CHI,-0.343673780676909
CHI,-0.716084028827027
CHI,-3.50659115752205
WAS,0.194063028902747
WAS,-0.413263318128884
WAS,1.57522360980511
WAS,-0.649158840358723
WAS,-0.0669972510659136
WAS,-0.8138246015464
CHI,-0.356821591500193
CHI,-0.222220468451269
CHI,-0.919004362018313
WAS,0.823020737385377
WAS,-0.51806507143192
WAS,1.52005005429965
WAS,-2.05967310431879
WAS,-1.49243078247165
CHI,-0.616688870359212
CHI,1.54380662273616
CHI,2.4595890728524
CHI,-0.735469524981454
CHI,-0.999388350407724
WAS,1.1599770556204
WAS,0.532637829659507
WAS,-1.80231035128236
WAS,3.16715514089447
WAS,3.52420525101479
CHI,1.65002737322357
CHI,-0.510228414554149
CHI,0.733860739623196
WAS,1.01923921681009
WAS,-0.188044134061784
WAS,2.89515546429902
WAS,1.89715629036073
CHI,-0.823297630995512
CHI,5.68347672652453
CHI,-0.947
WAS,-0.241960854968056
WAS,-0.286695872899145
WAS,-0.778627331834287
WAS,-1.76478524692357
CHI,-0.538841336267069
CHI,0.387959288898855
WAS,-1.42409883229993
WAS,2.3909499294241
WAS,0.720916989899706
CHI,1.01657352596521
CHI,-1.56682883389294
GB,1.28352316794917
GB,-0.863622204400599
GB,1.84213637630455
GB,0.28665292536607
GB,-5.61856239789631
CIN,-0.793725026305765
GB,0.485004644375294
GB,0.459489568136632
GB,1.64853081549518
GB,0.305460203206167
GB,-0.800696411868557
GB,-1.1052196863064
CIN,1.37892506807111
CIN,-0.494106534169987
CIN,-0.852307900087908
CIN,-1.45002591679804
GB,-1.92827528482303
CIN,-2.00594669161364
GB,1.49951786268502
GB,-0.61272300593555
GB,3.37321635195985
GB,1.95939567012829
CIN,-0.453089336282574
CIN,-0.972811485175043
CIN,-0.938275559805334
GB,1.29892642085906
GB,-0.402826077479403
GB,0.0248301306855865
GB,-1.66119185317075
CIN,0.375330901064444
CIN,-0.0906559980940074
CIN,0.0206763242604211
CIN,-0.194778015546035
CIN,0.157819666026626
CIN,0.800569616258144
CIN,-0.835018174257129
CIN,1.60047055070754
CIN,-0.525830139638856
CIN,0.203828065947164
CIN,-0.485676070849877
CIN,1.95375870537828
CIN,-1.78248535597231
CIN,-0.619427909085061
CIN,3.92835189442849
GB,0.888259128201753
GB,1.12290671642404
GB,0.334196755778976
CIN,1.21120347245596
CIN,-0.138881884980947
CIN,1.70015404489823
CIN,1.382807053742
CIN,-0.4281558371149
CIN,-0.45501254638657
CIN,-0.846405911862652
GB,0.790767928818241
GB,-0.446049925405532
GB,0.597765356069431
GB,0.507411047117785
GB,2.4334364613751
CIN,0.0332191735506058
CIN,1.053
GB,-0.799573526135646
GB,2.79531298845541
PIT,2.30913187237456
PIT,1.13283742999192
PIT,-0.452593132271431
PIT,-1.02233551341077
CLE,-0.570436431560665
CLE,1.95762658375315
CLE,-0.720706483349204
CLE,-1.08285164833069
PIT,-0.11371544119902
PIT,2.98910755780526
PIT,-1.83090824587271
PIT,-0.642780913971365
CLE,0.760128509486094
CLE,-1.51719979615882
CLE,-0.567200211808085
PIT,-0.479400601703674
PIT,-0.376137029263191
PIT,-0.68818583781831
PIT,-1.38736022418156
CLE,-1.62969977757894
PIT,0.213083273964003
PIT,1.00089245848358
PIT,1.24846516468097
PIT,-0.417967656510882
PIT,1.1949324227171
PIT,-0.384393567801453
PIT,0.0734584819874726
PIT,-0.798258514106094
CLE,-0.142428149236366
CLE,0.930558450636454
CLE,-0.897939638816752
CLE,1.08436931599863
CLE,-0.29438634077087
CLE,0.974858556408435
CLE,-0.349145037354901
CLE,-0.444967853894923
CLE,0.970283920294605
CLE,-0.467957250075415
CLE,0.0099915881874039
CLE,-0.234097847016528
CLE,0.285904785990329
CLE,-0.83622237155214
CLE,-1.4312778362073
PIT,-0.209603952243924
PIT,0.736884619109333
PIT,-1.54662930918857
PIT,-0.500833878992125
PIT,2.11228298954666
PIT,2.2242975437548
CLE,0.571626286488026
CLE,0.866327371215448
CLE,-0.517058774130419
CLE,1.54933295957744
CLE,-0.51169396750629
CLE,-0.761348009575158
CLE,-1.70099522590455
PIT,1.21937126724515
PIT,1.72644139442127
PIT,2.71406298759393
DAL,-0.503088507801294
DAL,-1.62658237107098
CAR,1.02160702785477
CAR,0.934654964599758
CAR,-0.59383900143439
DAL,1.96249417029321
DAL,0.831161790294573
DAL,2.36988369101891
DAL,-0.990211734664626
DAL,-1.34141897518546
CAR,0.63614260032773
CAR,-0.770874270703644
CAR,1.79080706066452
CAR,-7.36396555288229
DAL,-0.108030292845797
DAL,-0.335615934280213
DAL,3.06690957641695
CAR,1.02918482094537
CAR,2.83831674826797
DAL,1.30237937066704
DAL,-0.401296578813344
DAL,0.351936276536435
DAL,1.74166815320496
DAL,0.411760463553946
DAL,-1.58116103120847
DAL,2.64576043852139
DAL,3.25100832001772
CAR,0.273154662863817
CAR,-0.0016081391368061
CAR,-1.1987541798444
CAR,0.0877439249575278
CAR,2.28697199281305
CAR,3.04264190932736
DAL,0.987050734926015
DAL,0.661181316012517
CAR,-1.30442743143067
CAR,-0.867455262690783
CAR,-0.116493441630155
DAL,0.67337883473374
DAL,0.452158080646768
DAL,-0.547494945116341
DAL,0.32042386289686
DAL,4.22162002068944
CAR,-0.266251453431323
CAR,0.742879773810273
DAL,-0.787000118521974
DAL,4.03457351535326
DAL,-0.700128672120627
DAL,1.7644947739318
DAL,-0.739868200442288
DAL,-0.812088417238781
CAR,-0.467612946871668
CAR,-0.730697526596487
DAL,-1.01336802169681
DAL,-1.16326254187152
DAL,-0.653878475539386
CAR,-0.518260834738612
CAR,-0.160144611494616
CAR,1.39429083524738
CAR,-1.39749702106928
CAR,2.51700434274972
DEN,-2.97512856218964
NYJ,-1.00748123438098
NYJ,-0.197098816037458
DEN,0.422901165904477
DEN,-0.85707916226238
DEN,1.65518638840877
DEN,-0.61144803953357
DEN,-0.492532960136933
NYJ,-1.0632725704591
DEN,1.22394551429898
DEN,-0.676055550109595
DEN,-0.219818716403097
DEN,3.51735316426493
DEN,-0.530145494034514
DEN,-0.223131769686006
DEN,2.0560262571089
DEN,2.22862363688182
NYJ,-0.507252746261656
NYJ,-1.28851807909086
DEN,-0.551991838030517
DEN,1.19216016307473
DEN,0.366558425594121
DEN,-0.797544652130455
DEN,-1.48674987186678
NYJ,-1.13593664672226
NYJ,-0.724796468392015
NYJ,-1.70677641965449
DEN,0.121222375193611
DEN,0.804207922541536
DEN,-0.791895729140379
NYJ,1.06674502068199
NYJ,-0.469588872045279
NYJ,-0.473754896956962
NYJ,-0.50995106814662
NYJ,0.453830225858837
NYJ,1.38898623827845
NYJ,-0.622216849820688
NYJ,-0.866308347418257
DEN,-1.47277651913464
NYJ,0.396197400288656
NYJ,-1.73250663792714
NYJ,-2.14198727207258
DEN,-0.605250699445605
NYJ,-0.0181504967622459
NYJ,-0.761612712405622
NYJ,-2.08973209606484
DEN,-1.28965275315568
NYJ,-0.741889933589846
DEN,-0.50132170598954
DEN,1.11141071654856
DEN,-0.649295759852976
DEN,2.68356339843012
DEN,0.573265439423267
DEN,-0.558243066654541
DEN,-0.890924867667558
NYJ,-0.577997052692808
NYJ,-1.4546805426944
DEN,-0.912597047165036
NYJ,-1.35394753940636
NYJ,-0.180297241080552
NYJ,-0.943690191663336
NYJ,-1.94293072773144
DET,1.95307602407411
DET,0.777277088956907
DET,1.07893485634122
DET,-0.206366778351367
KC,1.49413070408627
KC,1.66923329886049
KC,-0.774771060328931
KC,-0.977787832962349
KC,3.97227472008672
DET,2.13898376422003
DET,-0.486896021582652
DET,3.35525587934535
KC,1.1440678734798
KC,0.105172730050981
KC,-0.756427325075492
KC,0.559112938703038
KC,-1.86514836410061
KC,1.31594605353894
KC,-3.9035388653283
DET,1.16860802797601
DET,-0.570821245724801
DET,-2.34756244387245
KC,-0.309267726901453
KC,1.07519118487835
KC,0.967835442221258
KC,-0.255119569716044
KC,-0.330960530845914
KC,1.73829834521166
DET,0.0248208145494573
DET,-0.161580296989996
DET,-0.287338174879551
KC,0.996812135446817
KC,1.11333694076166
KC,-0.507144191069529
KC,1.30312244687229
KC,0.733691436122172
KC,0.477695082081482
KC,1.5813770062523
DET,1.15504212188534
DET,0.993458851240575
DET,-1.38264341070317
DET,-1.34063976630569
KC,-0.73474771133624
KC,2.40902295312844
KC,-0.366986781125888
KC,-0.754024230875075
KC,-0.798875000327826
DET,1.54738916014321
DET,0.88010083232075
DET,0.713738525519148
DET,0.342134372447617
DET,0.532944910111837
DET,0.730789859779179
DET,0.334219549549744
DET,1.55676833051257
KC,1.0011453484185
KC,0.703665980021469
KC,0.558135719969869
KC,-0.96670497575542
KC,2.29592030611821
DET,0.0634805490262806
DET,-1.58956836722791
MIA,-4.23420762154274
LAC,0.796258903807029
LAC,0.200400337809697
LAC,-0.748246485367417
LAC,0.859148947987706
LAC,-1.69256065227398
MIA,-0.554435666184872
MIA,-0.0590035545174032
MIA,-1.55549177899957
LAC,0.768147646449506
LAC,-0.192668923642486
LAC,-4.79977281216998
LAC,0.258170769084245
LAC,-0.481953003909439
MIA,0.810377043671906
MIA,-0.819073284626938
MIA,-0.592364791144432
LAC,1.17255578772165
LAC,-0.0005428657168522
LAC,-0.939408116943588
MIA,0.489807176869363
MIA,1.50418375513982
MIA,1.19531341356924
MIA,-0.615584532672074
MIA,-1.00553358622709
LAC,-0.27700871694833
LAC,0.924515780177899
LAC,-0.606241864152253
LAC,-0.620809557149187
MIA,0.492734576400835
MIA,-0.289371397870127
MIA,-0.292423612554558
MIA,3.60456846727175
MIA,-0.368856652785325
MIA,0.0064578491070284
LAC,-0.242855611257255
LAC,1.64821173693053
LAC,0.969817365170456
LAC,-0.529185667750426
LAC,1.51175477274228
LAC,-0.519635358417872
LAC,0.465959013381507
LAC,1.1031388809788
LAC,0.388268403941765
LAC,-0.748618670389988
LAC,2.69771414424758
MIA,-1.66012507816777
MIA,-2.59231148357503
LAC,1.36408833268797
LAC,0.579257798322942
LAC,1.99450137012173
MIA,-0.531303511699662
MIA,-2.35288627492264
LAC,0.163002090528607
LAC,1.33728698687628
LAC,-1.5518940735444
MIA,-0.180172631982714
MIA,0.548432234907523
MIA,1.51739717437886
MIA,-0.429873719462194
MIA,1.72294552106177
LAC,0.839987055165693
LAC,-0.631792449392378
LAC,-1.23511913139373
MIA,0.312160230707377
MIA,0.612735440488905
MIA,-0.524942352902144
MIA,1.25295166176511
MIA,0.395505070802756
MIA,0.900884996459354
MIA,-0.703280034300406
MIA,3.23156481108163
LAC,-0.16007819515653
LAC,2.87251687399112
MIA,-0.0427038954221644
BAL,-0.567729791393504
BAL,0.200894905254245
BAL,-0.625793369626059
LA,0.025199829833582
LA,1.11146299750544
LA,1.08662378205918
LA,2.0949425897561
LA,-0.811735947907437
LA,-1.37239680503525
BAL,-0.781620771158487
BAL,-3.14192079030909
LA,-6.86712626623921
BAL,-2.67451296118088
LA,0.239519682014361
LA,1.01609334419481
LA,-0.501034095417708
LA,-0.79983608587645
LA,2.76766976655927
LA,-0.676155337947421
LA,-0.624237928821005
BAL,0.0110615980811417
BAL,1.24184445454739
BAL,-0.422409751452506
BAL,-0.339353128569201
BAL,1.37144742463715
BAL,-1.25721860048361
LA,-0.108601405983791
LA,-0.845104404026642
LA,1.59567809710279
LA,0.383228751132265
LA,-0.851570495404303
LA,1.50583309447393
LA,0.314890863490291
LA,-0.3676177484449
LA,-1.60976932977792
LA,4.55135550099658
BAL,-5.71254656079691
LA,0.81909533723956
LA,1.67059306724696
BAL,-0.588307151105255
BAL,-0.195443057920784
BAL,0.510581971378997
BAL,0.422230436466634
BAL,-0.569560372969136
BAL,1.81031746661756
LA,0.378237448399887
BAL,0.0809271403122693
BAL,-0.481663836399093
BAL,0.120698336046189
BAL,-1.60965839133132
BAL,2.55620245845057
BAL,0.605950821714941
BAL,-1.81902868079487
NO,3.1324122059159
NO,-0.431050336686894
NO,-1.73832781230371
NE,2.16238790331408
NE,4.49780662031844
NO,1.15464469022118
NO,0.70353723783046
NO,0.190853004343808
NO,-0.439316726988181
NO,-0.160002879332751
NO,-0.238666339896712
NE,0.094543841201812
NE,-0.340931122656912
NE,0.768199118203484
NE,2.59933694719803
NO,-0.55708091170527
NO,1.68384013685863
NO,0.877126594539732
NE,0.755196824204177
NE,-0.764678897568956
NO,0.800071937264875
NO,0.056324552744627
NO,0.676333441922907
NO,-1.29973704658843
NE,0.841968930559233
NE,0.444719866267405
NE,0.775760063959751
NE,-0.189826440415345
NE,0.943795827042777
NE,3.50111726706382
NO,-0.549167633871548
NE,0.0852374532260001
NE,1.14871087530628
NE,-1.5123121093493
NE,3.51785793108866
NE,1.63411379948957
NE,-0.969237224943269
NO,0.104996167588979
NO,2.3739602076821
NO,-0.324068351415917
NO,-1.00815035752021
NO,-1.32078245212324
NE,-1.7615961022675
NO,1.38903172663413
NO,0.146441161399707
NO,-1.68525056067329
NE,-0.599374805111438
NE,-1.09001405211166
NE,2.55179378623143
NE,-0.599758556578308
NO,0.593647200847045
NO,-4.66501128464006
NE,0.993646543240175
NE,-0.871528253890574
NE,-1.34430072735995
NO,1.71364232501946
NO,-0.629753510584123
NO,-1.39835614757612
NE,1.05673557333648
NE,-0.542486593825743
NE,1.51915991981514
PHI,-0.708681934838073
NYG,-0.863526224857196
NYG,3.89892841386609
NYG,-0.663315776037052
NYG,3.3104463191703
PHI,-0.024648682679981
PHI,-2.04204651946202
NYG,1.97339400253259
NYG,3.6739375294419
PHI,-0.582360868342221
PHI,2.57816948322579
PHI,1.69261630135588
PHI,-0.115677116438746
PHI,1.23507210845128
PHI,1.34426679561147
NYG,-0.620503672864288
NYG,-0.807705728337169
NYG,-0.473256604745984
PHI,-0.547879680525512
PHI,2.15557348052971
PHI,1.02955829026178
PHI,1.2158726034686
PHI,0.943042922415771
PHI,0.995147703739349
PHI,-0.529717973084189
NYG,1.61568601522595
NYG,0.763075746246614
NYG,-0.617561001214199
NYG,0.30164765031077
NYG,0.777613818936516
NYG,0.587002130458131
NYG,0.448206507600844
NYG,-0.528699919581413
PHI,0.0098728498560376
PHI,0.21845883311471
PHI,-0.136178952554474
PHI,-0.227984985220246
PHI,-0.257448019779986
NYG,-0.172574861906469
NYG,-1.8285035258159
PHI,-1.24785790825263
NYG,0.219469888368621
NYG,0.923447500274051
NYG,-0.460195690160617
PHI,0.932233605533838
PHI,-0.485108958091587
PHI,-0.583533933386207
PHI,-2.19993120478466
NYG,0.232327416539192
NYG,-0.496170465834439
NYG,1.84810967557132
NYG,0.296530808322132
NYG,-0.796186657622457
NYG,2.63465219642967
NYG,-0.807921079685912
NYG,-1.76822812133469
PHI,-0.0189311746507883
NYG,-0.779786900617182
NYG,-1.35446905344725
PHI,1.05929543334059
PHI,0.654878423898481
PHI,-0.47883707418805
PHI,-8.84689852938755
JAX,-1.08065639995039
JAX,-0.899667360819876
SEA,-0.786493452265859
SEA,-1.28501534787938
JAX,1.07584214443341
JAX,0.384251194540411
JAX,-0.8975900397636
JAX,-1.27695039846003
SEA,-0.774156724102795
SEA,-0.425819708034396
JAX,-0.172248817980289
JAX,-0.900603726971895
JAX,2.43009675270878
JAX,2.94108633615542
JAX,0.958515072008595
JAX,2.21901128406171
SEA,-0.561965604312718
SEA,1.81890933495015
SEA,2.6711242175661
SEA,0.390672383015044
JAX,-0.580338988918811
JAX,-1.80572084721643
SEA,5.20735735655762
JAX,0.611180901993066
JAX,1.21503484738059
JAX,-0.443479720037431
JAX,-0.847566088894382
JAX,-1.18365547573194
SEA,-0.512437140569091
SEA,-0.252102577127516
JAX,0.055769408820197
JAX,2.78898896306055
JAX,-0.452772557619028
JAX,-0.0839106182102114
JAX,-0.114765974751208
JAX,-1.67709507942894
SEA,0.589819409651682
SEA,-0.273414341150783
SEA,-0.349663612956647
SEA,0.373965686682877
SEA,-0.248054157709703
SEA,1.42548641026951
SEA,1.96950266778003
SEA,2.70718372456031
JAX,0.472204133635387
JAX,-0.475701834540814
JAX,-1.89416161109693
JAX,-0.537083598319441
SEA,1.00386602990329
SEA,-0.571659874171019
SEA,-1.12667357455939
JAX,0.982000702060759
JAX,0.0939987278543413
JAX,0.983956816606224
JAX,0.415970755973831
JAX,-1.86393710621633
JAX,-0.211950403405353
JAX,3.25326935120393
JAX,-0.669296505162492
JAX,-1.23730453883763
JAX,-0.439535336801782
JAX,3.10137283976655
SEA,0.311604977818206
SEA,-2.39726152596995
JAX,-0.336098492378369
JAX,-1.19253043667413
SEA,-1.2689456094522
JAX,-0.646635552402586
JAX,1.64236789266579
JAX,-0.422543888678774
JAX,0.168985199648887
JAX,-1.35268648341298
SEA,0.704219992971048
SEA,-0.437440543202683
SEA,-0.855845159385353
JAX,-0.711756696924567
JAX,-0.550542721292004
JAX,-1.30587316444144
TB,0.24436196545139
TB,-0.766539387404919
TB,-0.834458641242236
TB,0.974777907133102
SF,-0.320800065528601
SF,-4.76563361438457
SF,2.81984294136055
SF,-0.597905475995503
SF,-2.49321834927239
TB,-0.858997612493113
TB,-2.13095180131495
SF,-0.201983358245343
SF,1.74131658766419
SF,-0.0056252563372254
SF,-0.17157294973731
SF,-2.0631850217469
TB,-0.790672703413293
TB,-1.40762888593599
SF,-1.33566970517859
SF,4.66379045986105
SF,0.744645999744535
SF,0.344919983763248
SF,-0.456640134099871
TB,1.61044666264206
TB,1.49862368719187
TB,0.131609951029532
TB,-0.233023364504334
SF,2.17719717125874
SF,-0.512930964760017
SF,-1.38687914416421
TB,1.17859728907933
TB,0.643728422292043
TB,-0.317043725750409
TB,4.15532279876061
SF,-0.0469314205693081
SF,1.54599761078134
SF,0.0005433458718471
SF,0.0872852895990945
SF,0.413953622754029
SF,0.625633284449577
SF,1.77218518266454
SF,0.344685835996643
SF,0.0281239543110132
SF,0.754227998317219
SF,-0.491968378075399
SF,0.68911856826162
SF,-1.07884910214562
TB,-0.492083909688518
TB,-0.499969493597746
TB,2.59856280987151
TB,4.55988356564194
SF,-0.400808640755713
SF,1.38347700377926
SF,1.00206508231349
SF,-0.482045110547915
SF,-1.883791803848
TB,2.82058145059273
TB,-0.81821910788282
SF,-1.03516702214256
SF,0.451108219800517
SF,-1.67835382465273
SF,0.814175103558227
SF,-0.475644723977894
SF,0.642491065722425
SF,-2.80091533716768
TB,1.30048925767187
LV,-0.066628182772547
LV,0.452293636742979
LV,1.65147588285618
LV,0.907921420643106
LV,-1.8621998593444
TEN,-0.593860676977783
TEN,-0.789773071650416
TEN,2.54277207213454
TEN,-1.46581127122045
TEN,-0.794888948556036
LV,-0.834492227295414
LV,-1.67626601969823
TEN,1.06140922894701
TEN,-0.576675722375512
TEN,-0.765076223295182
TEN,-1.34938143892214
LV,-1.84013030002825
LV,-1.41640362236649
TEN,-0.635219793766737
TEN,-5.42303315369645
LV,-0.339787038916256
LV,2.45811672421405
TEN,0.130592940142378
TEN,-2.27328251581639
LV,-0.442426162655465
LV,-0.579198447987437
TEN,-0.299554278841242
TEN,-0.419659554725513
TEN,1.64557129202876
TEN,0.557226005767006
TEN,-0.151108095829841
TEN,-2.66797540959669
LV,0.764014017302543
LV,-0.201854413375258
LV,2.62770898127928
LV,1.1932432660833
LV,-0.859189712326042
TEN,1.62683868664317
TEN,1.61251697130501
TEN,-2.05312911351211
LV,1.16790141398087
LV,0.233967666514218
ATL,-0.860777230467647
ATL,-0.741367720533162
SF,-1.33588788658381
SF,1.78273674612865
SF,0.486195244360715
SF,-0.513515857979655
SF,-1.77797056897543
ATL,1.49744545016438
ATL,0.534740994218737
ATL,1.43661469733343
ATL,-0.290588248986751
ATL,0.866180605255067
ATL,-0.52721168845892
ATL,0.109570677857846
ATL,-0.879851409001276
ATL,1.60220395587385
ATL,-0.431602332275361
ATL,0.763049610075541
ATL,-1.5271084683869
SF,-0.525020585162565
SF,1.61555991298519
SF,-5.53016689035576
ATL,-0.464161292184144
ATL,-0.548158745048568
ATL,-1.58211529860273
SF,0.395510298199952
SF,0.886117933958303
SF,0.818309552618302
SF,2.24930877235602
ATL,-0.125887000234798
ATL,0.932673610572238
ATL,-4.72068951040274
SF,-0.181422648311127
SF,-0.377695728617255
SF,-1.21485274131992
ATL,0.59614382305881
ATL,1.92853804980405
ATL,-2.68154661695007
SF,-0.796646702568978
SF,2.04461385798641
SF,0.846204514848068
SF,-0.408193720504642
SF,-1.08447050780679
ATL,1.1956727320794
ATL,1.86354659014614
SF,0.765621653292328
ATL,-0.813510484993458
ATL,2.8609967790544
ATL,-0.542158545926213
ATL,1.03259736881591
ATL,-0.854519443120807
ATL,-1.37865365715697
SF,0.789736111648381
SF,0.812704749871045
SF,-0.0570043437182903
SF,-1.48536097863689
ATL,1.17249323171563
ATL,1.88824544334784
ATL,0.667806519661099
ATL,-3.82592722703703
SF,0.781227771192789
SF,0.563062502653338
SF,2.98258841712959
NYJ,0.748737897025421
NYJ,-0.553623141720891
NYJ,-1.74001808196772
NYJ,-2.90851530455984
CAR,0.946885999292135
CAR,1.20887034456246
CAR,0.28495146217756
CAR,-0.414611425832845
CAR,0.274253351381049
CAR,0.252070827700663
CAR,-1.27125933497544
NYJ,-1.41995687712915
NYJ,0.524471794255078
NYJ,-0.498926383676007
NYJ,-1.59041286120191
CAR,1.66090511064976
CAR,-1.73500749911182
NYJ,-0.776544317976393
CAR,0.181662560207769
CAR,-1.65110739110969
NYJ,-0.560978907858953
CAR,-0.483678930904716
CAR,-0.757787844631821
CAR,-0.871780629269779
NYJ,-0.472888455260545
CAR,-0.601042007561773
CAR,-0.123132066219114
CAR,2.84789267746964
CAR,2.57168237291626
CAR,1.03016813276918
NYJ,0.63719806651352
NYJ,0.148683991108555
NYJ,-0.724143314000685
NYJ,0.715871680120472
NYJ,-0.169834760890808
NYJ,-1.22139523079386
CAR,-0.869438037043437
CAR,-0.780313715105876
CAR,1.15965952654369
CAR,-0.469678880413994
CAR,-1.06409313857444
NYJ,-0.550636005820707
NYJ,-0.367943806573749
NYJ,2.01249002385885
NYJ,0.119909677421674
NYJ,-2.57467120466754
CAR,1.97257479792461
CAR,-0.58137351134792
CAR,-1.33151525817812
CAR,-1.77268847031519
NYJ,-0.651934958994389
NYJ,2.0480536064133
NYJ,-0.519025819841772
NYJ,1.18183932430111
NYJ,-0.488493365468457
NYJ,-0.848713952349499
NYJ,2.51570930657908
NYJ,-0.550451764371246
NYJ,-3.56268323748373
CAR,1.84878820623271
CAR,-0.397509578149766
CAR,-0.808523160871118
CAR,-3.17451316153165
NYJ,-0.540210817474872
NYJ,-0.659987022168934
NYJ,3.21016073296778
NYJ,0.104561301413924
NYJ,0.724578856490552
NYJ,1.10244459216483
NYJ,-0.60553259489825
NYJ,-1.64764377303888
CAR,-0.0473811463452876
CAR,-0.853022006573156
NYJ,-0.483027682639659
NYJ,-2.0965035300469
CAR,-1.50288319424726
NYJ,-0.93022045888938
NYJ,0.0664931442588568
NYJ,-0.82088622986339
ARI,-0.136844999156892
ARI,-0.457035048399121
ARI,2.05633260030299
ARI,-0.508905261405744
ARI,-0.433973666164093
ARI,-0.61078075459227
ARI,1.92548640153836
ARI,-0.848601058358327
ARI,-1.48912868439081
GB,-0.497860681032762
GB,-0.289236912038177
GB,1.77037182287313
GB,3.04296966735274
GB,-0.518677694024518
GB,-0.150335135520436
GB,-2.57025434821844
ARI,0.472846368211322
ARI,-1.82153611036483
GB,0.178256729617715
GB,1.2073836454656
GB,0.959317005588673
GB,-0.750543096684851
GB,-1.11065118231311
ARI,0.4879370451672
ARI,1.37428881897358
ARI,-0.574203138356097
ARI,-1.33831321488513
GB,0.0942174947122112
GB,-0.862128399312496
GB,-2.01937397650909
ARI,-0.169312337879092
ARI,-1.09260732121766
ARI,3.47328699770151
ARI,-0.59541641571559
ARI,1.46449856524123
ARI,-0.587302670872305
ARI,3.97210127607104
GB,1.43029912612913
GB,-0.0268170684576035
GB,-1.79456637287512
ARI,-0.512045375071466
ARI,-5.86086078896187
GB,0.165720110293478
GB,2.05015041015577
GB,1.02567210263805
ARI,-1.32021844759583
ARI,4.13459410634823
ARI,0.685385223361664
ARI,-0.130448378506117
ARI,2.1025849210564
GB,2.47696662473027
GB,-0.585847049369477
GB,1.35943805170245
GB,0.738314853399061
GB,-0.484455968020484
GB,1.93747629720019
ARI,-0.141864070435986
ARI,0.949288723873906
ARI,0.419271818886045
ARI,0.78789690398844
ARI,-0.770688040647656
ARI,-1.53569263853218
GB,-0.573056337423623
GB,-0.171123104169965
GB,-1.36511855665594
ARI,0.69920209236443
ARI,-0.738192232558504
ARI,-0.235415927832946
GB,-0.721650914754719
GB,1.56112432293594
GB,2.7495504503604
ARI,0.138492143014446
ARI,1.51929295255104
ARI,-0.243241923861206
ARI,0.928321845771279
ARI,-1.06708738894667
ARI,0.160579675633926
ARI,-0.173538372444455
ARI,-2.19692123291316
SEA,-0.789414900355041
SEA,-0.269417577888817
HOU,1.01844880729914
HOU,-0.594691900536418
HOU,-2.17217514128424
SEA,1.91234802361578
SEA,1.58015544159571
HOU,0.652113157091662
SEA,2.10144855291583
SEA,-0.495818736497313
SEA,-0.642697502975352
SEA,2.13082033453975
SEA,1.83921146090142
HOU,0.723793093347922
HOU,-0.493036267114803
HOU,-0.799318893579766
HOU,-1.38034507539123
SEA,0.885915545746684
SEA,-1.09277496254072
HOU,-0.525244192220271
HOU,-0.587739441543818
HOU,-0.28389889979735
SEA,2.46605858241674
SEA,-5.37016646715347
HOU,-1.25850501423702
HOU,1.5820811544545
HOU,0.504105623345822
HOU,1.93181305512553
HOU,-0.48795825993875
HOU,-1.30713929788908
HOU,0.119661160878193
SEA,-0.197725476347841
SEA,0.386545994493645
SEA,-0.246351347595919
SEA,-1.10596203135795
HOU,1.59748660761397
HOU,0.156310903387992
HOU,-4.54823009250686
SEA,-0.57057686871849
SEA,2.61379685311113
SEA,-0.816228568844963
SEA,-1.42574290614809
HOU,-0.557483911514282
HOU,1.6318658082746
HOU,-0.86936441832222
HOU,-1.84455172740854
SEA,-6.01257460564375
HOU,-0.947
SEA,1.61082207865547
SEA,-0.515347752370872
HOU,1.02950556087308
SEA,-0.563147841952741
SEA,-0.493552050320432
SEA,2.4778651552042
SEA,-0.379600579559337
HOU,-0.574965144973248
HOU,-0.758694768883288
HOU,-1.74778882600367
HOU,0.111005223938264
HOU,0.209244549099822
HOU,-0.426482193637639
IND,0.215210543014109
IND,2.10715976147912
IND,0.950141767971218
LAC,0.567099084611982
LAC,0.623800882836804
LAC,-0.803512791870162
LAC,0.362085624830797
LAC,-1.66761803403632
IND,-0.0382655747234821
IND,0.482925268122926
IND,-1.15757907810621
IND,-0.634321370278485
IND,-0.639238842064515
IND,-0.486480965628289
IND,-0.789546969695948
IND,-0.75595269841142
IND,3.88098575128242
LAC,1.37158066080883
LAC,-0.923156502423808
LAC,-1.62747688731179
IND,-0.23350429488346
IND,-0.592830225126818
IND,-1.53107143146917
IND,4.87915446853731
IND,1.36236252670642
IND,2.71716880123131
LAC,-0.516719120321795
LAC,2.2447282045614
LAC,-0.0654407510301098
LAC,-5.32520951982588
IND,-0.77544251549989
IND,-0.981114851310849
LAC,0.943823004257865
LAC,-0.555540492059663
LAC,2.14907400496304
LAC,-0.559291990997735
LAC,2.20035497704521
LAC,-0.463717421342153
LAC,-0.376613771368284
LAC,-4.6127684097155
IND,0.218028428731486
IND,0.488853876944631
IND,-0.24450279190205
IND,-0.111228115158156
IND,0.760113490803633
IND,0.696785755339079
IND,-0.103036237356719
LAC,3.30705268692691
LAC,-0.867228068644181
LAC,-1.62463666498661
LAC,4.01628929085564
IND,0.135578884277493
IND,1.053
LAC,1.18085543788038
LAC,-0.640285297762603
LAC,0.599342106608674
LAC,1.78202993841842
LAC,0.260726011241786
LAC,1.22294020792469
LAC,0.405981672694907
LAC,0.830430758476723
IND,1.83877744083293
IND,1.34726779547054
IND,0.944924885756336
LAC,-0.598803295753896
LAC,2.26011130283587
LAC,0.155752375489101
LAC,0.790588360046968
LAC,0.958793430705555
LAC,0.122876200941391
LAC,0.521195392473601
LAC,-0.407958623603918
JAX,-1.0473844432272
JAX,-1.48007395816967
LA,-0.530611329711974
LA,0.43783021136187
LA,1.17947618616745
LA,0.430927594425157
LA,1.0186723601073
LA,-0.130183919332922
LA,-1.37045342836063
LA,2.7687223359826
LA,1.70489683304913
JAX,0.0357309887185693
JAX,-0.814481853507459
JAX,-1.03521049721166
LA,1.50195913610514
LA,-0.454705150332302
LA,1.50328575551976
LA,0.777484672144055
LA,0.772916217858437
JAX,-0.509818505030125
JAX,0.801068504340947
JAX,-1.31839800905436
JAX,-0.904437233693898
JAX,-1.4729681822937
LA,-0.556572099449113
LA,-0.614794878521934
LA,-1.04918153723702
JAX,-0.514037084300071
JAX,0.74432380264625
JAX,1.72144605347421
JAX,0.217852272558957
JAX,-1.762769551147
LA,1.01416164223338
LA,1.7241658110579
LA,0.891249143955065
JAX,-0.530448084347881
JAX,-0.776396438013762
JAX,2.5986330085434
JAX,0.287457807280589
JAX,0.693032359878998
JAX,0.802417336206418
JAX,-1.06720641697757
JAX,-2.59575877414318
LA,-0.899275858188048
LA,-1.71182975661941
JAX,0.749119653832167
JAX,-0.580934026278555
JAX,1.38035841681995
JAX,0.801114529138431
JAX,-0.530732419341803
JAX,-0.590503404848278
JAX,0.425905372831039
JAX,-1.51983126276173
JAX,-2.82694861723576
LA,0.304750297218561
LA,-1.80371432937682
JAX,2.63153616967611
JAX,0.934329567127861
JAX,-0.637581380666234
JAX,-1.13763163564727
JAX,-2.92148609342985
LA,-0.796492328867316
LA,-1.3207327160053
JAX,-0.522130811586976
JAX,-2.38321668852586
JAX,-1.1510458199773
LA,-1.43293320806697
JAX,-0.572907705791295
JAX,-0.74254990555346
JAX,-0.964431574568152
LA,-0.413932643597946
LV,1.20000512572005
LV,-0.223862133920193
LV,-0.875863462686539
LV,-0.541172200581059
KC,0.609416305785999
KC,3.28368141362444
KC,-0.0259269447997212
KC,2.0598822486354
KC,-0.576956401171628
KC,0.617265510722064
LV,-0.830822284333408
LV,-0.492679442744702
LV,-0.721122653689235
LV,-0.758073843549937
KC,-0.582640503998846
KC,0.290229871403426
KC,1.28322524670511
KC,0.985855509061366
KC,-0.465953981503844
KC,0.598367165541276
KC,0.818383856792934
KC,1.2855021681753
KC,-0.581663474440575
KC,2.26491985830944
LV,-1.41894614975899
KC,0.68401330546476
KC,1.19401035353076
KC,0.0235530570498668
KC,1.03538699587807
KC,-0.407165238226298
KC,1.2089740789379
KC,-0.946165825473145
KC,-0.533479282341432
KC,2.3467123445007
KC,1.79002099539503
KC,-1.07336182083236
KC,-0.826789966755314
KC,2.3278207530675
KC,-0.621958011761308
KC,-1.20950512774289
KC,2.61332715931349
KC,0.356115099508315
KC,0.841032631229609
KC,0.345530009246431
KC,0.750615493103396
LV,-1.70151524199173
KC,2.3951895282371
KC,-0.41627027024515
KC,-0.529141936684027
KC,-1.31153731092217
LV,-0.341402151156217
LV,-0.222064251080155
LV,-0.0885567320510745
LV,-2.83192247780971
CLE,0.269099987344816
MIA,1.81337245181203
MIA,-0.549842264037579
MIA,-1.10996849043295
CLE,-0.680785728618503
CLE,1.95789100718685
CLE,-1.50869747517657
MIA,0.975732464459725
MIA,-0.844398157918014
CLE,1.81822763383389
CLE,-0.321864190045744
CLE,2.44223289529327
CLE,-0.442173348856159
CLE,-0.265099397394806
CLE,2.1272269115434
MIA,-0.338543239980936
MIA,-0.720771216787398
MIA,-0.734189398703165
MIA,-0.946676195482723
CLE,-0.866425167769194
MIA,-0.765898754179943
MIA,-0.42431134392973
MIA,-0.976082173525356
MIA,0.146895800658967
MIA,-0.247525574013165
MIA,-8.08132294472307
MIA,-1.2448524790816
MIA,-1.37412350717932
CLE,-1.22298827441409
MIA,-0.486195634119213
MIA,1.96231160871685
MIA,2.63050919934176
MIA,-0.414047939702868
MIA,-1.16793407592922
MIA,-2.61829957738519
CLE,-0.531290504150093
CLE,0.869842976797372
CLE,2.43666857981589
TEN,0.851202970836312
TEN,1.10015352326445
TEN,-1.81866568254474
NE,-0.433721225126646
NE,1.08959879667964
NE,-0.724735357973259
NE,-1.30561992090646
TEN,1.5158642497845
TEN,3.28950013755821
NE,0.0270114545710385
NE,-0.320818436332047
NE,-1.54099703440443
TEN,0.940750909503549
TEN,0.812501481501386
TEN,-0.159720556810498
TEN,-1.76205016416498
NE,0.736403340473771
NE,1.23038492235355
NE,-0.868817670270801
NE,1.79212284600362
NE,1.76147603191203
NE,-0.165970174595714
NE,2.37724139250349
TEN,0.387198441661894
TEN,1.6758185804938
TEN,0.648677430755924
TEN,-0.455635230639018
TEN,-0.910067384904744
NE,0.502809825120494
NE,0.770864652819
NE,4.19497031974606
TEN,-0.405809057469014
TEN,-0.171660771768074
TEN,-0.070644022023771
NE,-0.667263908311725
NE,3.05065844580531
NE,1.89670802536421
NE,0.290787818143144
NE,1.77493542066077
NE,-0.693097435636446
NE,0.115793002070859
NE,2.2544043387752
TEN,-8.05834403447807
TEN,-0.0108317388221622
TEN,-3.02319632889703
NE,-0.487663331441581
NE,-1.86051351483911
TEN,1.11014084261842
TEN,-0.502195319160819
TEN,-0.396712462184951
TEN,-1.70864017610438
NE,1.17197863128968
CHI,-0.879051921656355
CHI,-0.846799241844565
NO,-5.5714425597107
CHI,-0.35845295980107
NO,-0.765432215295732
CHI,1.23113782168366
CHI,-0.883821387309581
CHI,-2.77633671835065
NO,-0.517961145145819
NO,-0.0364276256877929
NO,-0.357265515485778
NO,-1.27367704173481
CHI,1.09997767023742
CHI,-0.826850184937939
CHI,2.80079769506119
CHI,-1.144687512226
NO,-1.01559192035347
NO,-1.48121993755922
NO,-0.805017870850861
NO,-5.42295793932863
NO,-0.826368660666049
NO,-0.86549935862422
CHI,1.65606775827473
CHI,-0.424348997476045
CHI,1.81749120986206
NO,0.789012155728415
NO,-0.362835852312855
NO,0.322905216948129
CHI,-0.317283953889273
CHI,-0.493092454271391
CHI,-0.577865640399978
NO,0.154390831070486
NO,-0.0932194119086489
NO,3.67622051812941
NO,-0.500509907607921
NO,3.67791514488636
CHI,-0.0481625614920631
NO,0.401461487170309
NO,0.733117795549333
NO,1.90013491385616
NO,-0.296299052541144
NO,2.92354404646903
CHI,0.777012716047466
CHI,1.36672402359545
NO,0.348947517108172
NO,-2.27497691428289
CHI,0.126960114575923
CHI,0.771582487039268
CHI,-0.571082602255046
CHI,-1.99597637262195
NO,0.983267563162372
NO,-1.42827133345418
NO,-0.738933049142361
NO,-0.917311347089708
CHI,0.969819411751814
CHI,0.475573933683336
NO,0.01414388732519
NO,-0.138277971418574
NO,-1.28414005559171
NYG,1.90492299175821
NYG,-0.873477521818131
NYG,-1.99261545715854
DEN,-0.600626079365611
DEN,-0.874108109157533
DEN,-1.39511940535158
NYG,0.50536035024561
NYG,-1.71654519764707
DEN,-0.612278794404119
DEN,-0.14020312577486
NYG,-0.562385630328208
NYG,2.28218226926401
NYG,-0.519010381773114
NYG,4.11139352829196
DEN,1.25009551853873
DEN,-1.70560122956522
DEN,-0.858106535626575
DEN,-0.960122356191278
NYG,-0.728131882613525
NYG,-1.36030746949837
DEN,-0.0424164601135999
DEN,-1.30452818307094
NYG,1.24519282695837
NYG,0.810542901977897
NYG,1.86679645290133
NYG,-0.695819558924995
NYG,-1.02260825579287
NYG,3.54671163391322
DEN,1.36117110727355
DEN,0.209908390650526
DEN,-1.82703040365595
DEN,-0.465026386315003
DEN,3.49269268824719
DEN,-0.82037357360241
DEN,-1.79113442063681
DEN,-2.92248079623096
NYG,-0.225673302542418
NYG,-0.373245142167434
NYG,-0.372240616357885
DEN,-0.265655786555726
DEN,-0.0755527717992663
DEN,0.960734636988491
DEN,-0.520622212439776
DEN,-1.53746738890186
NYG,2.3199211396277
NYG,-0.859145856229588
NYG,3.58919349568896
NYG,-0.51240688120015
NYG,-2.36051530553959
NYG,-1.45249554770999
DEN,-0.755126777337864
DEN,-1.10664376080967
NYG,0.215754444943741
NYG,-0.947
DEN,0.714073780691251
DEN,-0.372014410502743
DEN,1.04382632585475
DEN,1.053
NYG,1.54947640001774
NYG,6.03862252389081
DEN,-0.417512708052527
DEN,-0.0603721103398129
DEN,0.793582368351053
DEN,1.45755315630231
NYG,-0.706699424190447
DEN,-0.544631328433752
DEN,-0.41236538242083
DEN,2.13086556788767
DEN,-0.376418687112164
DEN,2.01059184182668
NYG,-0.529211336863227
NYG,-0.23911200708244
NYG,-0.295383948017843
NYG,1.96296957199229
NYG,-0.277747833810281
NYG,-0.349795583402738
DEN,0.751184194872621
DEN,0.865027974941768
PHI,-0.924555701669306
PHI,-0.577742258086801
PHI,-1.20975193288177
PHI,6.36642330465838
MIN,-0.81810845900327
MIN,2.05789957172237
MIN,2.01543455722276
MIN,0.257217930513434
MIN,-0.496461668401025
MIN,-0.690843347110786
PHI,0.283061712514609
PHI,-1.59501196537167
MIN,1.01734594930895
MIN,-7.88859818433411
MIN,-1.48777828901075
PHI,-0.368461342761293
PHI,-0.717693902552128
MIN,1.51871903520077
MIN,3.28319041169016
MIN,0.776790385600179
MIN,-0.542220555129461
MIN,-1.45046227058629
PHI,-1.25885277288035
PHI,-0.114119113888592
MIN,-0.263840068364516
MIN,1.69111122156028
MIN,-0.464653937320691
MIN,-0.0008349991985596
MIN,-1.40571730490774
PHI,-0.0997059817309491
PHI,0.561496568203438
PHI,-0.2632873794646
PHI,-0.783726878347807
MIN,0.0849601831287146
MIN,0.218324486864731
MIN,-1.78329584840685
MIN,-0.28406094774844
PHI,-0.061292183585465
PHI,6.58396984543651
MIN,0.472286307252944
MIN,1.6982678003842
MIN,0.624209862900898
MIN,0.851580405491404
PHI,-0.899231244344264
PHI,3.65958850178868
PHI,1.30558793561067
PHI,0.118928548530675
MIN,1.46586942148861
MIN,1.33519724325743
MIN,0.111991961137392
MIN,-1.64351891950778
PHI,-0.768488384783268
PHI,2.39791007409804
PHI,1.27763453376247
PHI,2.74862298654625
MIN,0.284987674094737
MIN,1.07180880592205
MIN,-0.531567791244015
MIN,-0.76119736302644
MIN,2.26501030032523
MIN,-0.465618232847191
MIN,-0.685519999358803
MIN,1.89207582321251
MIN,-0.510139053221792
MIN,0.461045910778921
MIN,-1.47296941524837
MIN,2.13875728659332
MIN,-1.46614527667407
MIN,0.0601585438707843
MIN,-0.660575460922731
PIT,-0.0980910556390882
PIT,-0.803207857534289
PIT,4.30726764607243
PIT,-0.740106798883062
PIT,3.05558996606851
CIN,-1.95330106979236
CIN,3.19377195765264
CIN,-0.861698309425265
CIN,-1.28281395393424
PIT,0.357577168848366
PIT,-0.883274558000267
PIT,-1.7001946256496
CIN,0.696423716843128
CIN,-0.503992513986304
CIN,1.55075542884879
CIN,-0.496155627304688
CIN,-1.34721569973044
PIT,-0.0636403523385525
PIT,0.892470979131758
PIT,0.0359761326108128
PIT,1.22691532259341
PIT,0.772776370460633
PIT,0.276936640148051
PIT,-0.317233027191833
CIN,-1.14783814328257
CIN,-0.0389807941392064
CIN,2.01313847012352
CIN,0.546176148520317
CIN,0.459522684162948
CIN,-0.583754285529722
CIN,2.47519408754306
PIT,-2.06460020958912
CIN,3.64357399311848
PIT,0.995110873307567
PIT,0.399656016030349
PIT,-0.441926681727637
PIT,-2.14358897326747
CIN,-0.0580865899682976
CIN,0.54047976678703
CIN,0.226231770182494
CIN,-0.193206817639293
CIN,0.268505672367977
CIN,-0.0046927817165851
CIN,-0.210134463850409
CIN,1.11938108294271
CIN,0.899443230824545
CIN,-0.827418312896043
CIN,0.0191349301603623
CIN,-0.989977098593954
CIN,-1.54702184176056
PIT,-0.572262120665982
PIT,1.67108381178696
PIT,-1.59658733871765
PIT,-0.550639705965295
PIT,4.00054478796665
CIN,-0.961482845013961
CIN,0.319978100946173
CIN,3.58150025119539
CIN,0.231978842348326
CIN,0.637954847712535
CIN,-0.574603651068173
CIN,2.59473154536681
PIT,1.1915261100512
PIT,-0.468920798040927
PIT,-0.093440898868721
PIT,1.68335444963304
PIT,1.13281560014002
CIN,1.46552229381632
CIN,-0.472807223442942
CIN,-0.107552481815219
CIN,2.0244132935768
CIN,-0.593634304124862
CIN,-0.594724873598151
PIT,-1.51083452417515
CIN,-0.429665916133672
CIN,-0.453321097884327
CIN,-1.1170763343107
PIT,-0.41574317868799
PIT,6.11440169997513
CIN,0.592948804725893
CIN,1.04627909348346
CIN,2.3481755759567
PIT,0.0600723481038585
PIT,-0.12093467352679
DET,-0.690377437043935
DET,2.41602872987278
DET,2.75568046548869
TB,-1.01529703428969
TB,-1.22616756753996
DET,1.50738131999969
DET,-0.0598870061803609
DET,-5.01103246188723
TB,-0.624726431909949
TB,0.174933002796024
TB,-1.74569329852238
DET,1.57205267017707
DET,0.161984296981245
DET,1.71464490971994
DET,0.0375406591920182
DET,-0.674160824972205
DET,-3.54498015483841
TB,0.032189168734476
TB,-1.81975261471234
DET,1.06871750811115
DET,0.68492713291198
DET,-2.5547973876819
TB,-0.566923277918249
TB,-0.492078420706093
TB,1.58149527246133
TB,-0.489176953677088
TB,-1.73298615496606
DET,0.275498348288238
TB,-0.814378246665001
TB,-1.78357492550276
DET,-0.411978613818064
DET,-0.690993714961223
DET,-0.728054253733717
TB,-4.72181347908918
DET,-1.35519020482184
TB,-4.53810267371591
DET,0.510552358871792
DET,-1.3118069836637
DET,-2.69040886108996
TB,0.518334615917411
TB,0.534606849756771
TB,1.7208607736975
TB,-0.822774098487571
TB,1.20552313281223
TB,-1.03212982369587
TB,0.828676325501874
TB,-0.406170155620202
TB,2.87122836371418
TB,-0.947
DET,-0.324654539115727
DET,1.59968550642952
DET,2.2822836645646
TB,-0.634611080400646
TB,-1.67145810555667
DET,-0.573778252815828
DET,1.79541047895327
DET,-0.34612370072864
DET,-0.435627628583461
DET,-1.75050976220518
TB,1.24658141843975
TB,-0.576638416852802
TB,0.0118274244014174
TB,-1.58442771877162
TB,-2.81694084429182
TB,-0.201488670194522
TB,-1.46074486058205
TB,-0.490516693389509
TB,-0.64599067234667
TB,-0.453989234811161
DAL,-0.499227050226182
DAL,1.03776785638183
DAL,0.0364887086907402
WAS,-1.1106163370423
WAS,-1.81766765820794
WAS,3.00743520236574
WAS,-1.1635548582999
WAS,2.62750950705959
DAL,1.40334514121059
DAL,-0.488203467219137
DAL,-1.7906524363459
WAS,-0.823508020956069
WAS,-0.644440032541752
DAL,5.44218539074063
WAS,-0.567202646750957
WAS,-0.799719754373655
WAS,2.24958657403477
WAS,-0.891444162465632
WAS,-0.900404738495126
DAL,-0.661956090945751
DAL,-0.603636601939797
DAL,0.069867032347247
DAL,-1.43172442587093
WAS,0.373698121169582
WAS,3.44929687958211
WAS,0.331379687646404
WAS,-1.73439747863449
WAS,-2.85294008580968
DAL,0.305486412602477
DAL,2.48341439734213
DAL,-0.911694699432701
DAL,-1.29832536754406
WAS,-0.673670245450921
WAS,0.566192225203849
DAL,-0.0940784533740953
DAL,0.969329381361604
DAL,-0.38189624750521
DAL,-1.04000291333068
WAS,0.52866529498715
WAS,0.911332046729513
WAS,-0.275657390535343
WAS,0.768831953871995
WAS,0.461900116933975
DAL,-0.404380628198851
DAL,2.33802893990651
DAL,1.58971294862567
WAS,0.113104843534529
WAS,-0.949473502580076
WAS,2.49394255678635
WAS,-6.17618062079419
DAL,-0.453865776886232
DAL,-0.119361729361117
DAL,1.53715066338191
DAL,-0.588596478570253
DAL,1.75546604633564
DAL,0.985189897066448
WAS,1.24394243513234
WAS,-9.09963504015468
WAS,0.12561184563674
WAS,-1.14417820970994
WAS,-0.477723908144981
DAL,-0.926956617739052
DAL,1.15522393933497
CAR,-2.26685346150771
BUF,-0.527739780955017
BUF,-0.823039574082941
BUF,2.30312115163542
BUF,-0.56592726893723
BUF,-1.45349819700663
CAR,0.665704575367272
CAR,-0.810564011102542
CAR,-4.2935496737482
BUF,-0.513519247760996
BUF,-0.889381206128746
BUF,2.87444716726895
BUF,-0.580381040577777
BUF,1.32079359906493
BUF,-2.37908621743554
CAR,1.12847487255931
CAR,0.0070530020166188
CAR,1.17887864867225
CAR,-1.308274553306
BUF,1.14716711151414
CAR,-1.30214815074578
BUF,0.330515562091023
BUF,-0.580999400583096
BUF,-1.27391899283975
CAR,-0.504748744657263
CAR,1.81214328366332
CAR,-7.32049745341647
CAR,0.959792024863418
CAR,-1.23135057953186
CAR,2.23910356999841
CAR,-0.550887112360215
CAR,-0.186102636333089
CAR,-1.08783853886189
BUF,0.165419063065201
BUF,5.14499048050493
CAR,0.876079966081306
CAR,-0.523151803761721
CAR,-1.8531508827582
BUF,1.00759184360504
BUF,1.35329073294997
CAR,-6.30380712193437
BUF,-0.574478782829829
BUF,2.20797202503309
CAR,1.48717821855098
CHI,1.35964410635643
CHI,1.6076201305259
CHI,0.871442185714841
CHI,-0.0133409546688199
CHI,1.70343742106343
CHI,-1.50878249044013
BAL,-1.11688505113125
BAL,-0.645620903000236
CHI,-0.536593827418983
CHI,-0.404474801383913
CHI,1.4561278456822
CHI,-0.200238914345391
CHI,1.92436507716775
CHI,-0.59687892626971
CHI,-1.07916522154119
BAL,1.20428888883907
BAL,-0.302309277234599
BAL,0.896121216239408
BAL,1.62689770013094
BAL,-0.308440562803298
CHI,-0.702289099339396
CHI,-2.1840054045897
BAL,0.265094534726813
BAL,1.50620478001656
BAL,0.236148198018782
BAL,-1.54083660547622
BAL,2.20558654586785
BAL,1.02001011208631
BAL,-1.12826605143908
CHI,0.0978191937319934
CHI,1.40335067285923
CHI,-0.10951737454161
CHI,-1.35368200048106
CHI,0.702509161994955
BAL,2.20145572861657
BAL,0.0040677537326701
BAL,-1.03864282397173
CHI,-0.880368128418922
CHI,-0.803685595281422
BAL,-0.505414012586698
BAL,2.32045094465138
BAL,-0.810309334192425
BAL,-1.11764440570562
CHI,-0.223852185532451
CHI,2.88626585435122
CHI,2.9240670047584
BAL,-1.76686790422536
CHI,-4.2869260184234
BAL,2.43484902952332
CHI,-0.500022206455469
CHI,-0.663066429551691
CHI,2.10016727494076
CHI,-0.108847164083272
CHI,1.34622815600596
CHI,0.611603273195215
CHI,0.170118469628505
CHI,-0.63699979899684
CHI,-1.55538370390823
BAL,0.149556885589845
BAL,1.84649883938255
NE,-0.49739552102983
NE,1.47086995095015
NE,-0.309098675614223
NE,2.05042157910066
NE,-0.844168059644289
NE,-1.60030487031071
CLE,-1.01698191510513
CLE,2.79233172535896
CLE,2.27267527848016
CLE,0.700785314431414
CLE,-1.19049435248598
CLE,-1.51910078595392
NE,1.02360072499141
NE,0.352778891567141
NE,0.164996938314289
NE,-1.30084943841212
NE,-4.35543341643643
CLE,-0.774711644626223
CLE,-1.342736533571
NE,-0.49663057923317
NE,2.34099642292131
NE,1.17289685393916
NE,-0.133475930488203
NE,-1.30871444830864
CLE,-1.44905937975273
NE,-1.36978376680054
CLE,1.07564190961421
CLE,-0.4773577619344
CLE,-0.811425938503817
NE,0.171120561659336
NE,2.85941318282858
NE,-0.238129056640901
NE,-1.40511910698842
NE,1.17450124726741
CLE,-0.772885111160576
CLE,-1.43626054795459
NE,0.424040199723095
NE,1.15861633041641
NE,1.33864475350128
CLE,-0.553170844446868
CLE,-5.92939793434925
NE,-0.986130805278663
NE,1.10703033942264
NE,1.07785424491158
CLE,0.245870836544782
CLE,-0.723957588430494
CLE,-1.72436596313491
NE,0.722155914641917
NE,1.75233988894615
NE,3.64797962002922
CLE,-0.498477675253525
CLE,-0.428877074969932
CLE,-0.764063733629882
CLE,0.781064484734088
DEN,0.939854184165597
DEN,-5.30772107560188
DAL,0.692422023043037
DAL,2.15630800271174
DAL,-0.442706225381698
DAL,-1.16975694492659
DEN,2.31192876398563
DEN,-0.531393230892718
DAL,0.148886189330369
DAL,-2.63045106409118
DEN,0.985297143226489
DEN,0.619528400246054
DEN,3.07464058883488
DAL,0.617383032804355
DAL,0.656026759650558
DAL,0.460697309114039
DAL,-0.534496809355915
DAL,-0.864943497581407
DAL,-1.1760196685791
DEN,-0.715353574603796
DEN,-1.10854861186817
DAL,0.380450567346998
DAL,-0.431719867628999
DAL,1.46951445646118
DAL,1.97800451895455
DEN,0.893842933000997
DEN,1.35290061504929
DEN,-0.947
DAL,0.541461066692136
DAL,-1.19989158632234
DEN,-0.104159206268378
DEN,0.325624504941516
DEN,0.26854005799396
DEN,0.454045598045923
DEN,0.486075001885183
DEN,3.39517986116698
DAL,0.183575145609211
DAL,-0.071400330401957
DAL,-0.741677336161956
DAL,0.562705453485251
DAL,-0.857102171517909
DAL,1.59385564900003
DAL,1.36157444538549
DAL,-0.603964022360742
DAL,2.99844457453582
DAL,0.646843699214514
DEN,-1.08578157281709
DAL,-0.336430191295221
DAL,-0.978464882588014
DAL,-0.408428599126637
DAL,-1.52331618196331
DEN,1.23338595870882
GB,0.647399496752769
GB,-1.85423983912915
PIT,-0.0077902199700474
PIT,3.73557706421707
PIT,-0.871122000738978
PIT,-2.11504754139285
GB,2.09743090742268
GB,0.725186664727517
GB,0.800089152704459
GB,2.22142588469433
PIT,-0.870733231771737
PIT,-0.788939799647778
GB,0.656476737000048
GB,2.02271516504698
GB,-0.928679235745221
GB,-1.16935245985413
PIT,-0.0712583095300943
PIT,-2.02631047020794
GB,-0.524171239696443
GB,-1.13128352444619
PIT,0.649257439188659
PIT,-0.767406482016668
PIT,-0.723976931418292
PIT,0.385647299815901
GB,-0.178227885160595
GB,-1.39196911395993
PIT,0.349130983231589
PIT,-0.351539239054546
PIT,1.63236511050491
PIT,0.931118793145288
GB,0.0210130651248619
GB,0.712133076274768
GB,0.821157983562443
GB,0.52248668639884
PIT,-0.56833626748994
PIT,-0.57937992317602
PIT,-1.43060058588162
GB,-0.256815390661359
GB,5.28280922444537
GB,1.70243829896208
GB,-0.269502075505443
GB,2.26572997064795
PIT,1.91891534836032
PIT,0.669469341170043
PIT,-0.557292385259643
PIT,-1.04550017509609
PIT,-1.85516433561091
GB,1.10645661107264
GB,0.869445210322738
GB,0.19537732959725
GB,-0.335082527017221
GB,3.42492810788099
GB,1.053
PIT,-1.54429027414881
PIT,-0.759930107276887
PIT,-0.418771758675575
GB,-0.0514056574320421
GB,-0.176215988234617
GB,3.31174239027314
PIT,-0.849997162120417
GB,1.73715439531952
MIA,-0.511311490554363
MIA,-1.95244245277718
ATL,-1.1249503926374
MIA,1.12669073441066
MIA,-0.684253218118101
MIA,1.24248059949605
ATL,1.45469772443175
ATL,0.14287617278751
ATL,-1.92706978728529
ATL,3.02241825882811
ATL,-0.255337740760297
MIA,0.654713671421632
MIA,-0.439125654054806
MIA,-1.69936374458484
MIA,1.38867258914979
MIA,-0.488062734541018
MIA,-1.16432565857733
ATL,0.934864742681384
ATL,-1.44432401820086
ATL,-1.23012925707735
MIA,1.15435948956292
MIA,0.28009894839488
MIA,0.795165063464083
MIA,-0.314839208207559
MIA,0.0166055056615733
MIA,0.922539117746055
MIA,2.64564895094372
ATL,-1.7238096841611
MIA,-0.963839435949922
ATL,1.08180434419774
MIA,-0.613730396144092
MIA,0.311308584408835
MIA,0.0754467335063964
MIA,4.79801703733392
ATL,-0.027796923648566
ATL,1.3381245918572
ATL,-0.501091430429369
ATL,-0.779777175746858
ATL,-0.927416114602238
ATL,-3.0462008320028
MIA,-0.854813730460592
MIN,-0.681789049878717
MIN,2.59712829720229
MIN,0.624340596608818
MIN,-1.78463042946532
LAC,-0.826392648275942
LAC,3.1169266384095
LAC,0.565547472331673
LAC,-0.111355961998925
LAC,1.15025492012501
LAC,1.9159140343545
LAC,-0.702761309104972
LAC,2.75982840522192
MIN,-0.760011131409556
MIN,-1.68844250123948
LAC,0.283715870464221
LAC,1.1224290773971
LAC,1.25269046687754
MIN,-0.591200196184218
MIN,1.82342805271037
MIN,1.0888588411035
MIN,-0.482952916645445
MIN,-0.855854713357985
MIN,-0.70214226890913
LAC,2.24207257269882
LAC,1.62506684218533
LAC,-1.53934852185193
LAC,-0.612421417259611
LAC,-0.663805542493459
MIN,-0.356508493889123
MIN,1.05913715530187
MIN,-1.70680494466797
LAC,-0.0967037184163928
LAC,1.13993486692198
LAC,0.882141794776544
LAC,0.994576766621321
LAC,0.18949499662267
LAC,0.939527440816164
LAC,-0.361391985032242
LAC,3.60709628404584
MIN,0.997127444075886
MIN,-0.462033583258744
MIN,-1.38521347538335
MIN,1.37027278348639
LAC,1.10500006610528
LAC,0.922892481088638
LAC,-1.99330061838003
MIN,1.81127164256759
MIN,-0.625522513408214
MIN,-1.99661754025146
LAC,-5.42167636100203
MIN,1.21066229371354
MIN,-1.4005330192158
MIN,-0.697872379096225
MIN,0.917511911713518
LAC,-0.813251479761675
LAC,1.83289625821635
LAC,1.25875299319159
PHI,-0.640566970221698
NYG,-0.488871827721596
NYG,-1.3946007010527
PHI,1.44716428243555
PHI,0.138400258030742
PHI,-1.32486384012736
NYG,-0.778138153720647
NYG,1.9065197580494
NYG,1.65588477544952
NYG,2.26380876090843
PHI,-0.302420675056055
PHI,-1.79612966068089
PHI,2.87939848192036
PHI,2.04759986471618
PHI,-0.466476564353798
PHI,0.234874356421642
PHI,2.38173003506381
NYG,0.28932096902281
NYG,1.29741376917809
NYG,-0.838616556487978
NYG,-1.03033231245354
PHI,-0.460744831245393
PHI,-1.53097539779264
NYG,1.27297120855656
NYG,-0.899760956410319
NYG,-0.918881443750355
PHI,0.731836325663608
PHI,0.221883008198347
PHI,-0.153791735123377
PHI,2.67867243353976
NYG,-1.36259056674317
NYG,0.0420478200539947
NYG,-1.3482791883871
PHI,1.24234813358635
PHI,-0.839214687701315
PHI,1.63288085721433
PHI,-0.966644735541195
PHI,-1.25973929220345
PHI,-0.166052454982718
NYG,-0.809864497743547
NYG,2.03731705062091
NYG,-0.523465394508094
NYG,2.44564117514528
NYG,-0.0425558791030198
NYG,3.17234360706061
NYG,-0.471721328329295
NYG,-0.763033766765147
NYG,-1.02434075656613
PHI,-1.82955830660649
CIN,0.606067223707214
CIN,-0.852135475957766
CIN,1.78382431296632
CIN,0.839290064061061
CIN,-0.455823352735024
CIN,-1.43038456038306
CIN,0.989829544909298
CIN,0.247204096522182
NYJ,0.734353637788445
NYJ,-1.33832073630765
CIN,0.077066789381206
CIN,-1.41848213877529
NYJ,0.691369416192174
NYJ,-0.349413860007189
CIN,1.11733145033941
CIN,0.424537653569132
CIN,3.88838922535069
NYJ,-0.137044067960233
NYJ,2.20873220817884
NYJ,-0.463257801136933
NYJ,4.07368078373838
CIN,0.315825611818582
CIN,0.53271198773291
CIN,0.0799717177869752
CIN,1.20797342155129
CIN,-0.407906697364524
CIN,-0.396505525626708
CIN,3.17227682744851
NYJ,-0.149813421070576
NYJ,-0.257202918175608
NYJ,1.53960162395379
NYJ,0.710669888881967
NYJ,0.358020007493906
NYJ,0.653132002160419
NYJ,0.289161529217381
NYJ,0.151807519578142
NYJ,-0.589187456702348
NYJ,-0.381404680418139
NYJ,-0.767684612888843
NYJ,3.14509873557836
NYJ,-0.523605352034792
NYJ,-1.7914777842816
CIN,-0.240830943454057
CIN,-0.818377408199012
CIN,-1.40307655697688
NYJ,0.290560343768448
NYJ,0.15980112348916
NYJ,-0.945541157736443
NYJ,-1.17966067494807
CIN,-0.872854835353792
CIN,2.53731357981451
CIN,0.76025986392051
CIN,-0.420150254503824
NYJ,-0.230509495828301
NYJ,1.4243072271347
CIN,0.250509787583724
CIN,1.27667837496847
NYJ,1.053
CIN,-0.462081305682659
CIN,-0.674849485047162
CIN,-1.81098412629217
NYJ,1.40502290637232
NYJ,0.119538992759772
NYJ,0.920667157770367
NYJ,1.17621800629422
NYJ,1.19456161110429
CIN,0.144896252895705
CIN,-0.172199247113895
CIN,-0.729645612474997
CIN,-1.96245627064491
HOU,-0.593440828844905
HOU,0.507163983304054
HOU,0.614034332102165
HOU,-0.641497121192515
HOU,2.64195240254048
HOU,0.266237980802543
HOU,-0.47091245977208
HOU,0.244444544892758
HOU,0.670975754561368
SF,-0.289942829404026
SF,0.102813048288226
SF,-0.802810198161751
SF,-1.5486044161953
HOU,3.47191353730159
HOU,-0.42524561326718
HOU,-0.652780620730482
HOU,-0.948476965539517
SF,-0.746594516094774
SF,-1.87391182873398
HOU,0.854407479520887
HOU,-0.371508155018091
HOU,1.57560379290953
HOU,3.3847070937627
HOU,-0.195177261542995
HOU,1.12071017583366
HOU,1.90268248040229
SF,-0.680951688438654
SF,-0.952036656672135
HOU,0.013776722131297
HOU,1.0146953543881
HOU,0.71949749882333
HOU,-0.372804869140964
HOU,1.52118469198467
HOU,-0.505864157632459
HOU,0.0544493678025901
HOU,-0.199761528853259
SF,1.4306096227956
SF,-0.42636193317594
SF,-0.551956610754132
SF,3.46316258306615
HOU,-0.132712359307334
HOU,-0.177546628925484
SF,0.607324649114162
SF,-2.0242634662427
HOU,1.03109565121122
HOU,1.67880334658548
HOU,-0.804459740873426
HOU,2.3469896792667
HOU,1.06543485529255
HOU,-0.713093456462957
HOU,3.87033419194631
SF,-0.0328745651058853
SF,-0.499477899633348
SF,-0.730366392061114
SF,2.01809310051613
SF,1.15384984452976
SF,-1.45297406672034
SF,3.63635699448059
SF,0.723104429402156
SF,1.053
HOU,-0.535875686211512
HOU,1.56414438551292
HOU,-1.19134709856007
SF,-0.277075093472376
SF,-1.12463497486897
SF,-0.403724021627568
NO,0.598263681633398
NO,1.98122003977187
NO,-5.3809414471034
TB,-0.953159402124584
TB,-1.54822688130662
NO,-0.234425147995353
NO,0.746831252938137
NO,-0.875004528090358
NO,2.03762570698746
NO,0.593094397103414
NO,-0.550794486887753
NO,-2.01838565501384
NO,-0.788500643800944
TB,1.10208199149929
TB,-0.573715202510357
TB,-0.345048096962273
TB,0.619125013006851
TB,-0.770577824907377
TB,3.00205823115539
NO,0.830977221485227
NO,-7.44288192759268
NO,2.46874930523336
NO,-0.51904561673291
NO,-0.689534642267972
NO,-1.64300590648782
TB,0.21583792520687
TB,-1.1303303244058
NO,-4.17008856713073
TB,-1.13004819920752
TB,-4.22614687384339
NO,0.425218632619362
NO,-1.37394119601231
NO,0.671277192654088
NO,-0.0175052701514917
TB,1.07105429843068
TB,1.6377450984437
TB,0.853384018526413
TB,2.18283488589805
TB,-0.225707619567402
TB,-1.20600112632383
NO,-0.658590644598007
NO,0.582344829803333
NO,-0.941885787528008
TB,-0.227601195685565
TB,1.8102683138568
TB,-1.00060530030169
TB,0.110829955595402
NO,0.215535177849233
NO,-0.565523477038369
NO,0.0120133010204881
NO,-4.8304507851135
TB,-0.872093793703243
TB,2.2181892337976
IND,1.14201155537739
IND,-0.471479747677222
IND,1.57645613094792
IND,-0.499082221998833
IND,1.25557141582249
IND,-1.63962231221376
IND,-0.658962858724408
IND,-0.696594042680562
TEN,-0.754600063199177
TEN,2.75047459919006
TEN,-2.1906031507533
IND,0.396068528294563
IND,-0.29471827019006
IND,0.986815051874146
TEN,1.3727611239301
TEN,0.0096040107309818
TEN,0.569735017488711
IND,0.571214547147974
IND,1.31845911790151
IND,-0.219928957172669
IND,1.61794291471597
IND,2.44592811062466
TEN,-0.46963420137763
TEN,-0.452516678255051
TEN,-0.830277597531676
IND,-0.482718556653708
IND,-0.739869212731719
IND,-1.98947066813707
TEN,1.6108247609809
TEN,0.474934349302203
TEN,-1.6947052773321
IND,0.719020850374363
IND,-0.997994310921058
IND,-0.215192609117366
TEN,0.496690565021709
TEN,0.426877596066333
IND,-0.322186836623587
TEN,1.71680109901354
TEN,0.0690708672627807
TEN,-0.826086963061243
TEN,-0.795031168498099
IND,2.27149861142971
IND,-0.246598261408508
IND,4.88552798685851
IND,-0.461255271278787
IND,-0.782697048736736
IND,2.86912134406157
TEN,-0.622516090981662
TEN,2.02216205722652
TEN,-0.0341507012490183
TEN,-0.907393735367805
TEN,-1.59260317729786
TEN,0.0128438570536673
TEN,-1.93162780092098
TEN,-3.38083066651598
IND,0.604791964055039
IND,-1.4207266952144
WAS,0.328547931276262
WAS,0.0758947962895036
WAS,0.764406975940801
WAS,-6.63692452380201
KC,-0.905171212274581
KC,-0.399635072099045
KC,2.32751972763799
KC,-0.458195256185718
KC,-0.664034679881297
KC,-3.27574635518249
WAS,2.3821518633049
WAS,1.05206325068139
WAS,0.0042663752101361
WAS,-2.38834148994647
WAS,-1.88665379886515
KC,-1.08893435145728
KC,0.517993167508394
KC,1.32969223987311
KC,0.298521162476391
KC,-1.03153030830435
KC,-3.76503243041225
WAS,1.37812782009132
WAS,-0.659737269044854
WAS,-0.751517930766568
WAS,-3.71968567196745
KC,1.28002235363238
KC,2.15121550607728
WAS,1.91387887194287
WAS,-0.0728019558591768
WAS,1.9446214667405
WAS,0.70949616166763
WAS,-0.634796335594729
WAS,3.4861474694917
KC,0.253531829861458
KC,0.129809386271518
KC,-0.113834772666451
KC,-0.1996640599682
KC,-0.234379745670594
KC,0.641615119529888
KC,2.11799978051567
KC,0.198670657468028
KC,-1.97210068861023
KC,3.74714402598329
WAS,1.53925409982912
WAS,-0.804433294106275
WAS,-1.33096754690632
KC,1.58530384651385
KC,1.50094280473422
KC,-0.261699635069817
KC,0.923513564339373
KC,-0.266438428894617
KC,2.08444851514651
WAS,-0.533743992447853
WAS,-0.454466112423688
WAS,2.97702673426829
WAS,-1.40394677384757
WAS,-1.9226837833412
DAL,-0.519195450237021
DAL,1.57304787065368
DAL,0.984060294809751
DAL,-0.181541547062807
DAL,-1.751692695776
DAL,-3.12296677788254
ARI,-0.60645984346047
ARI,2.4965711585246
ARI,-0.548675451893359
ARI,-0.795978778973222
ARI,2.41816241806373
ARI,-0.520279896445572
ARI,-0.525475327158347
ARI,1.663226193632
ARI,0.482909299200401
ARI,-1.31531092752567
DAL,-0.746457698754966
DAL,-1.12670604325831
ARI,-2.38716453593224
ARI,3.24421613267623
ARI,0.299129557388369
ARI,1.07735278864857
DAL,1.35003573517315
DAL,0.0435706966090947
DAL,0.77672588347923
DAL,-0.59357285394799
DAL,-0.90766098885797
DAL,-2.33964793174528
ARI,1.19462181604467
ARI,-0.50849278527312
ARI,-1.27897030278109
ARI,-0.750612011644989
ARI,0.86612924723886
ARI,1.01612530578859
ARI,0.455215197522193
ARI,0.942070769437123
ARI,0.975425892916974
ARI,-0.419044129434042
DAL,-0.118676476529799
DAL,0.0195996722904965
DAL,-0.280913645110559
ARI,3.52396669099107
ARI,2.16324476944283
DAL,1.28044239687733
DAL,-0.508450038265437
DAL,1.93945299321786
DAL,-0.792646574031096
DAL,1.99113901529927
DAL,-2.05866711260751
DAL,-0.652775958736518
ARI,-0.571408783318475
ARI,1.69377179408912
ARI,-1.36767785118396
DAL,0.884827981237322
DAL,2.00972606986761
DAL,-0.417733122361824
DAL,-0.635171657835599
ARI,-1.42860372690484
ARI,2.06479478720576
ARI,-1.24752324353904
ARI,-0.938802678603679
DAL,0.0189220798201859
DAL,-0.376350193284452
DAL,0.915165387559682
DAL,0.32513769401703
DAL,0.693392175249755
DAL,-1.19390833436046
DAL,-0.478514555376023
DAL,-3.76333146076649
ATL,-0.511262953281403
ATL,-1.3317402349785
ATL,-1.10549205821007
NE,0.688611759571359
NE,1.23560271319002
NE,-0.538688419852406
NE,1.77045313821873
NE,2.46352975320769
ATL,1.02126566134393
ATL,-0.125262512592599
ATL,-1.61589964176528
NE,-0.634120708564296
NE,-1.35131444851868
ATL,1.46202061115764
ATL,1.08447052864358
ATL,1.89739499893039
ATL,0.619553788332269
NE,-0.833552483003587
NE,2.11199358128943
NE,-0.843400685349479
NE,1.75283980020322
NE,-1.14546912442893
NE,2.15315076737897
ATL,-0.48640454467386
ATL,-0.660794173367322
ATL,-0.923981541767716
NE,-0.74641442950815
NE,4.62009011034388
NE,-0.41000123572303
NE,2.62858573213452
ATL,0.64371446846053
ATL,0.152946639806032
ATL,0.0908218888798729
ATL,-0.628585252095945
ATL,-1.79385765065672
NE,-0.305663730483502
NE,0.414134413702413
NE,0.37649968219921
NE,-5.85322040837491
ATL,-0.11559183843201
ATL,2.43866123922635
NE,-1.18414769880474
NE,1.90904691372998
NE,0.656292526517063
NE,-0.42563429416623
NE,1.31587545189541
NE,-0.108543624053709
NE,0.772859028307721
NE,-2.09765089361463
NE,-0.622755568376432
ATL,-0.785224999301136
ATL,-1.32554135425016
NE,-4.8458648705855
ATL,-0.4774687779136
ATL,1.87854140391573
ATL,0.692373516270891
ATL,0.988291055778973
ATL,-0.985652619754625
NE,0.392048029694706
NE,-0.950070326915011
NE,-0.788071611896157
NE,2.7839169993531
NE,-0.626938994042575
NE,-1.2429216473829
ATL,-0.581886402331293
ATL,0.992921573109925
ATL,2.67298893455882
ATL,-0.258540452516172
ATL,-1.20495535398368
ATL,2.43678125017323
ATL,-0.798159003956243
ATL,-0.959310160716996
ATL,4.25656076805899
NE,-0.55953545961529
NE,-1.21230414626189
ATL,1.55060131161008
ATL,-0.421842903830111
ATL,-1.24989757849835
ATL,-1.02717635268345
NE,0.033925844472833
MIA,1.19115607906133
MIA,-0.037803792860359
BAL,0.105469431262463
BAL,-1.6240010233596
MIA,-4.93669401656371
BAL,-1.91146905213827
BAL,3.8051634937874
MIA,1.30239871446975
MIA,1.81892462575343
MIA,-0.518897816073149
MIA,-0.33883856178727
MIA,-0.393158006307203
BAL,1.27578536211513
BAL,3.20984708389733
BAL,2.84362097305711
MIA,0.59729605470784
MIA,-0.942254559602588
MIA,-0.796027110889554
BAL,-1.53475006856024
BAL,-2.23752277321182
MIA,-0.390628465684131
MIA,-0.630035520880483
MIA,-0.683162225563546
BAL,0.366326335119084
MIA,0.427932452177629
MIA,1.58191521879053
MIA,1.5386693282635
MIA,-2.66084530431544
BAL,-0.0971036216360517
BAL,-0.111018409021199
BAL,-0.142392548208591
MIA,-0.0503780386061408
MIA,0.0943892085924745
MIA,-0.0617105084529612
MIA,-0.212332249619067
BAL,-0.437473013997078
BAL,2.14647695561871
BAL,0.727409592363983
BAL,-0.392139951232821
BAL,1.15054873970803
BAL,0.948252060741652
BAL,0.47628014953807
BAL,0.913537358457688
MIA,-1.46581634436734
MIA,-0.935078555252403
BAL,2.30443513189675
BAL,1.74242219649022
MIA,1.19173188158311
MIA,-0.779860758921132
MIA,-1.59031834756024
BAL,-1.58067924785428
MIA,2.13715266250074
CAR,-0.49773990130052
GB,0.295175259932876
GB,0.498375813942403
GB,-0.242819587700069
GB,-0.751391419442371
GB,1.79664101044182
CAR,1.11596500268206
CAR,0.0068840479943901
CAR,2.31153681222349
CAR,1.62159529025666
CAR,-0.584956777980551
CAR,0.169543181138579
CAR,-4.61307974287774
GB,-1.01746324263513
GB,-0.771879815030843
GB,4.8755335281603
GB,-1.59446818893775
GB,-0.835996770083083
CAR,2.22685359406751
CAR,-0.765791810350493
CAR,0.0547061778488569
CAR,-0.491605105722556
GB,0.811505307909101
GB,-0.484543921658769
GB,2.19709077704465
GB,1.0359101415379
GB,-0.601042002032045
GB,-0.0579068838560488
GB,-0.655436999906127
GB,0.828909498872235
GB,-0.0873072226531804
GB,-0.726320961257443
GB,-0.989533104072851
CAR,-0.549269714858383
CAR,1.25042593805119
CAR,-1.77492741146125
GB,-0.405522917862982
GB,1.86976748798043
GB,-4.53619539458305
CAR,0.663276723120362
CAR,0.187038218718953
CAR,-0.52317679306725
GB,-0.114012199919671
GB,2.75426089321263
GB,-1.40778734348714
GB,2.73708778468426
GB,0.281415099510923
GB,-0.0393517438787967
GB,-2.89497704603127
CAR,-0.396956000942737
GB,1.18320003664121
GB,-0.69829706964083
GB,-0.851414638455026
GB,3.00974494084949
GB,0.235092899529263
GB,0.7072971969028
GB,0.546659267973155
CAR,0.705368778551929
CAR,-0.274813402444124
CAR,0.785895576933399
CAR,-0.37029279244598
CHI,-0.597080574836582
CHI,1.68624854483642
CHI,-0.492736021056771
CHI,-0.861876266775653
CHI,1.04679588763975
CHI,0.92885119561106
CHI,-0.0643960860325024
CHI,3.86819368979195
CIN,1.01683374051936
CIN,-1.56369215818238
CHI,0.864851193968207
CHI,-0.694671432254836
CHI,-1.36572901706677
CHI,2.28621162200579
CIN,0.630179445492104
CIN,0.160841496661305
CIN,-1.71813069237396
CHI,-1.58117913641036
CHI,0.291302902624011
CIN,1.14841944817454
CIN,1.98904544743709
CIN,-0.465190237853676
CIN,-0.777495365124196
CIN,3.64232849649852
CIN,-2.16205924237147
CIN,-0.254093736875802
CIN,-0.366934455967368
CHI,-0.445028229616582
CHI,0.804425454232842
CHI,1.39548957522493
CHI,0.635647378105205
CHI,-0.366261266113725
CHI,-1.4031983603867
CIN,1.17775036673993
CIN,4.50885830604238
CHI,-0.129529364814516
CHI,-0.0878421872039326
CHI,0.770213424635585
CHI,-0.443397369002923
CHI,0.145869383530226
CHI,1.33016207884066
CHI,-0.166052983433474
CHI,-0.0907495209830813
CHI,0.416828132841119
CHI,-0.602562561165541
CHI,1.69505916303024
CHI,0.764075989136472
CHI,0.913610880961642
CHI,0.635937736311462
CHI,-0.42315581679577
CHI,2.704599391378
CIN,-0.185736060142517
CIN,2.9327482363442
CIN,2.13579478347674
CIN,0.979051711328793
CHI,1.85851964738686
CIN,1.2008527147118
CIN,-5.62762400251813
CHI,1.40881598583655
CHI,-0.482908480742481
CHI,-0.922457136943485
CIN,-1.35659672180191
CIN,-0.798545031342655
CIN,3.07187417638488
CIN,-0.467934688087553
CIN,0.657744081458077
CIN,0.2767650175374
CIN,-0.413029161049053
CIN,0.295090139668901
CIN,-2.75591986928536
CIN,-0.344002393016126
CIN,0.814064618665725
CIN,1.53099061426474
CIN,1.20752824324882
CIN,3.13598298165016
CHI,-0.122903466806747
CHI,-0.117290191177744
CHI,0.343991261906922
CHI,6.52545052103233
CHI,-0.947
CIN,-0.173514346970478
CIN,0.135188323358307
CIN,-0.214792356477119
HOU,-0.846129636047408
HOU,2.02144746482372
HOU,2.2304264314007
HOU,-0.568607352441177
HOU,0.16030588443391
HOU,-1.28524212515913
HOU,2.3675358541077
HOU,-0.618161125807092
HOU,-2.52408726902916
DEN,-0.514950806507841
DEN,-0.524711246136576
DEN,-1.09101893867069
HOU,-0.49399661552161
HOU,3.39948042662581
HOU,1.3587984177866
DEN,-0.798129718285054
DEN,-1.31078065838665
HOU,-0.756641914602369
HOU,-0.485784226562828
DEN,-0.256749191787094
DEN,-2.84920057049021
HOU,-0.510922801215202
HOU,2.15740339900367
HOU,1.50177435285877
HOU,-1.31951729973374
DEN,1.29913160356227
DEN,-0.467968426644802
DEN,2.12823485879926
DEN,-0.421306561969686
DEN,-0.661041721934453
DEN,4.01125278067775
HOU,-0.348198793479241
HOU,2.41286192135885
HOU,0.198937978304457
HOU,0.944854820379987
HOU,-0.364705653511919
HOU,-0.379743550548364
DEN,0.974954571691342
DEN,-0.739738568547182
DEN,-0.711000132723711
DEN,-0.532821149332449
HOU,-0.239250951213762
HOU,-0.355290342122316
HOU,-0.741801324533299
HOU,0.0297815111989621
HOU,0.802644095267169
HOU,-0.628987017733027
DEN,-0.851776448078454
DEN,-1.4161220183596
HOU,1.89890121284407
HOU,-1.51641736398052
DEN,-0.68067179620266
HOU,-1.9026153262239
HOU,-0.754386788234115
HOU,-0.945357943419367
DEN,0.79833290213719
DEN,-0.229058735538274
DEN,-0.737927122507244
DEN,1.72310301545076
DEN,0.551107558712829
DEN,2.74284654937219
DEN,1.053
HOU,-0.104744725394994
HOU,1.20144374715164
HOU,-0.537434242432937
HOU,-1.02045070845634
HOU,-1.25899846083485
DEN,-0.701610372168943
DEN,-1.31393333757296
HOU,-0.291260171681643
HOU,-1.40799819608219
DEN,-0.347539114300162
DEN,-0.671608346747235
DEN,-1.29579520085827
HOU,0.151540810242295
HOU,-1.27757225371897
DEN,-0.281158421654254
DEN,1.16155720583629
DEN,-0.692657107603736
DEN,1.9004182490753
DEN,-0.425304556614719
DEN,-1.17644020915031
HOU,-0.170590742607601
HOU,-0.0697584869340062
HOU,-0.681105030118488
DEN,-0.143078487773892
DEN,1.86519825155847
PIT,-0.489053928060457
PIT,-0.148450230481103
PIT,-1.68556227348745
IND,0.768415304832161
IND,-0.802840934600681
IND,2.81414556037635
IND,2.32837031868985
IND,-0.471788798691705
IND,0.413080325874034
IND,-1.01185044599697
IND,-0.449168650258798
IND,-1.22517093503848
PIT,-2.42528563272208
PIT,0.506422970327549
PIT,-0.927986106020398
PIT,-1.801026299363
PIT,-2.72801673557842
IND,-0.381234118714929
IND,1.53197084693238
IND,-0.587111185304821
IND,-0.643349154852331
IND,-0.163400273304433
IND,-0.524744587019086
IND,1.45012931199744
IND,-5.75449451687746
PIT,0.651627020910382
PIT,-0.437199593521655
PIT,-0.652910171425901
PIT,0.257278747623786
PIT,-0.440792323905043
PIT,2.35271616579848
PIT,-0.152243958640611
PIT,-0.431425545481034
IND,-5.87936694605742
PIT,2.64235124381958
IND,0.0617068052524701
IND,-0.561605862923898
IND,-1.26887461740989
PIT,0.763205972267315
PIT,-0.365167101263069
PIT,0.524382296542171
PIT,-0.268667926720809
PIT,0.0669221127172932
PIT,0.678410680673551
PIT,-1.07444232649868
PIT,0.457046745854375
IND,0.612882090732455
IND,-1.51496764784679
IND,-0.858851995784789
IND,-0.350485015660524
PIT,1.43349294527434
PIT,0.396318211453035
IND,0.582251633051783
IND,-1.25834959698841
IND,3.50247545586899
IND,-6.18851577281021
PIT,1.07808101049159
PIT,0.675958429812454
PIT,1.04959989525378
PIT,1.41338096899563
IND,0.602172108949162
IND,0.449728827690706
JAX,-1.74962431029417
LV,0.0197458155453205
LV,-0.901454679202288
LV,-1.56594919878989
JAX,0.657522580586374
JAX,-0.0241555748507381
JAX,1.65793699515052
JAX,-0.831796598620713
JAX,3.02298094239086
JAX,-0.539935697102919
JAX,-0.0335106424754486
JAX,-0.0698060165159404
JAX,-0.316016328055412
JAX,-7.33451917982893
LV,-0.233191855950281
LV,-0.567902324721217
LV,0.606465224642307
LV,0.598986871773377
LV,0.203800900722854
LV,-3.76812043599784
JAX,0.253457181388512
JAX,0.302556889597327
JAX,2.13862815708853
JAX,-0.452547143679112
JAX,-0.870361693901941
JAX,-1.20030072634108
LV,0.680237114429474
LV,0.640288787195459
LV,-0.515720576397143
LV,-0.494069063803181
LV,0.26910377945751
LV,1.02876933233347
LV,0.547640956705436
LV,-0.249618717993144
LV,1.97510874038562
LV,0.694969042669982
LV,1.95843625708949
JAX,-0.403739148372551
JAX,0.0933637090201955
LV,-5.76482342416421
JAX,0.142829719232395
JAX,-1.04235462471843
JAX,-1.07912534953846
LV,2.09066637221258
LV,2.03282966645202
LV,-0.93842785153538
LV,-1.49248747932148
JAX,1.49857765180059
JAX,-0.878094742773101
JAX,0.0302105160662904
JAX,-0.525333272526041
LV,0.93440254800953
LV,1.22102695552167
LV,-0.351960260421038
LV,2.13289763266221
LV,2.07649565092288
JAX,-0.317482534330338
JAX,-1.1922408263199
JAX,3.55787762627006
JAX,0.362122045073193
LV,0.592761974432506
LV,0.389506298990455
LV,0.752813533472363
LV,0.221526106412057
LV,3.24756922578672
JAX,-0.0943202691851184
JAX,1.21351833106019
JAX,-0.212898377329111
JAX,1.07519215316279
JAX,-0.244715423265006
JAX,0.120236755930819
JAX,-0.642909811594017
LV,-0.154722048377153
JAX,1.53818039339967
LV,-0.145862010715064
LV,-0.795601411431562
LV,2.34972218342591
LV,-0.379155920294579
LV,-0.175472253526095
LV,1.24889703409281
LV,1.7958315400756
LV,-0.947
BUF,-0.229394759051502
BUF,0.875453557819128
BUF,-0.496028431691229
BUF,1.69644028879702
BUF,0.308702954440378
BUF,3.30788529152051
KC,-0.818298176396638
KC,-1.35538346180692
BUF,-0.490007876651362
BUF,-0.622852715197951
BUF,-0.91077883541584
BUF,-3.02490380988456
KC,1.28434986376669
BUF,0.081463938113302
BUF,-1.77862511435524
KC,-1.25840987171978
KC,2.39671193505637
KC,-0.834364414447919
KC,-0.160136149739601
BUF,1.15783246373758
BUF,0.333129379316233
BUF,3.78809206542792
KC,0.550675101578236
KC,-0.434262332972139
KC,-1.80167319322936
KC,-2.44481650786474
BUF,0.328862001479138
BUF,0.583313655806705
BUF,2.72653411488864
KC,0.0796995450509712
KC,1.08172053087037
KC,3.38306851126254
KC,-0.835068793036044
KC,-1.02721260542909
KC,0.170120800379664
KC,-1.21400708751753
KC,-1.36902696732432
BUF,0.231553719379008
BUF,1.15533907175995
BUF,-0.889568065293133
BUF,-1.62261388101615
KC,-0.690390152856708
KC,3.09934175759554
KC,-2.05335408053361
KC,-1.58555305749178
BUF,1.66936300578527
BUF,0.638180402806029
BUF,2.1884882140439
KC,-0.493205179926008
KC,-0.790101840160787
KC,3.50500050268602
KC,-0.321396815939806
KC,-2.13397495355457
KC,-1.26901119714603
KC,0.560683838382829
KC,1.053
BUF,0.274398973910138
BUF,-1.43928600591607
BUF,-1.34372823056765
KC,1.42686210758984
KC,-0.540471137268469
KC,-0.975570107926615
BUF,1.06847758905496
BUF,0.312064047029708
KC,0.680261866364162
KC,-0.222617900173645
KC,-0.332574457221199
KC,-0.573541191930417
TEN,-0.595232229214162
TEN,-1.00049531762488
TEN,-1.17991354269907
LAC,0.012665341142565
LAC,-7.13853615988046
LAC,1.08928558160551
LAC,3.05896087433212
LAC,1.15611223154701
TEN,2.30766249587759
TEN,-0.511272706324235
TEN,-0.80900442856364
TEN,-1.61514584883116
LAC,-0.695100317709148
LAC,-1.67380313994363
LAC,0.740698342910036
LAC,3.10772371396888
LAC,0.797553503129166
LAC,-0.757407131488435
LAC,-0.878949987131094
TEN,-1.06364934006706
LAC,1.35633647162467
LAC,1.62116235459689
LAC,0.303031100542285
LAC,2.4764327633311
TEN,1.57095636462327
TEN,-0.393865514779463
LAC,-0.462760274298489
LAC,-1.36914167366922
LAC,-0.67054849350825
TEN,-0.467705768765882
TEN,-1.92424437543377
LAC,0.323383188573644
LAC,1.54976031510159
LAC,-0.873799199354835
LAC,0.551531225966755
LAC,-0.999757243347627
TEN,-0.0354493812774308
TEN,-0.0626460333296564
LAC,0.435637526214123
LAC,-1.86144052026793
TEN,-0.782629423309118
TEN,3.10950539587066
TEN,0.754080514423549
TEN,0.667203638004139
TEN,0.630617168149911
LAC,1.0539484154433
LAC,-0.82475352846086
LAC,1.71061525307596
LAC,1.26081125438213
LAC,-0.538944778963924
LAC,2.35765943082515
LAC,0.163786324323155
LAC,0.903301150305197
LAC,0.634262408333598
TEN,-1.13600070588291
TEN,0.0240397122688592
TEN,-1.97188550233841
LAC,-1.66133371577598
LAC,-1.16278011817485
TEN,1.29331096669193
TEN,1.07468753366265
TEN,-0.392576281912625
TEN,0.423096407495905
LAC,-0.537633625324816
LAC,0.884268553927541
DET,0.943464834010229
DET,0.600203633774072
DET,-0.80181581620127
DET,-1.90320442942902
DET,6.01686396962032
MIN,-0.578235717606731
MIN,1.67881829768885
MIN,1.81666670786217
DET,-0.96790402662009
DET,-1.25324076740071
MIN,0.189620790304616
MIN,-0.614047132432461
MIN,3.64965594798559
MIN,1.43131786066806
DET,-1.61848041135818
DET,2.50693360343576
DET,-0.864462170982733
DET,-2.5781240244396
MIN,-1.46769432071596
MIN,-0.954771264689043
DET,0.0622260044328868
DET,1.06616409122944
DET,0.959645912516862
DET,-1.32434923062101
MIN,-0.56636009644717
MIN,1.01252268708777
MIN,0.689463447080925
MIN,-0.595147156273015
MIN,-1.76643051253559
DET,0.456765391048975
DET,-1.38102524995338
MIN,1.61021076893667
MIN,-0.623273849138059
MIN,-0.337010537739843
MIN,-0.694686049595475
MIN,-2.51020321930992
DET,-0.135729811328929
DET,-0.497320616152138
DET,-0.68283419450745
MIN,-0.54399262694642
MIN,-1.95260098786093
DET,-0.813282791990787
DET,-0.690471597481519
MIN,1.37286034808494
MIN,-1.81772419228219
DET,-0.6232170087751
DET,-1.61596214934252
MIN,1.04946717002895
MIN,-0.78189089812804
MIN,3.05788134213071
DET,-1.39128409489058
DET,0.885105203138664
DET,1.46719651925378
DET,0.864345750305802
DET,-0.219412165461108
DET,3.10151026281528
DET,-0.482697135652416
DET,-2.06745596772474
MIN,-0.165342039894313
MIN,-2.60209678253159
DET,3.69043451419566
DET,-0.496588749811053
DET,-0.0660955435596407
DET,-0.0718014008598402
DET,-0.457926483475603
DET,-1.24525269438161
DET,-0.303041323786601
DET,1.53329459601082
DET,0.519489783444442
DET,4.00814539333805
MIN,-0.480847210274078
NO,-0.66378195816651
LA,0.452246287371963
LA,0.86714058695361
LA,0.959300796967
LA,0.88670309795998
LA,0.686251798295416
LA,-0.277567361597903
LA,0.608809291035868
LA,0.991369054070674
NO,-0.580244210083038
NO,-0.528367877937853
NO,-2.01254832698032
LA,-0.925874196691439
LA,-1.70266318204813
NO,0.346038353163749
NO,-1.66215101676062
LA,2.42907020193525
LA,-1.38797801244073
LA,0.953178504249081
LA,-1.27601820649579
LA,0.13368764531333
LA,0.346070328494534
LA,0.802288837614469
NO,-0.739963968168013
NO,1.94342376780696
LA,0.0372513108886778
LA,3.50613817351405
NO,-0.523761811899021
NO,-1.43351693055592
LA,2.55675445351517
LA,0.463683168229181
LA,-0.799043455335777
LA,-0.498408609884791
LA,-0.575880873201105
NO,0.466570585151203
NO,-0.165121061669197
NO,0.405189507000614
NO,1.47733780939598
NO,3.36344740900677
LA,1.08405293570831
LA,-0.57346523925662
LA,-0.136377362767234
LA,-1.84662229870446
LA,3.50987884332426
LA,-0.799108639010228
LA,0.164489247370511
LA,0.85651679552393
NO,1.39391748583876
WAS,-0.177074385806918
WAS,-0.314786205068231
WAS,1.51332048792392
WAS,-0.487316208425909
WAS,-0.533610939048231
WAS,-0.739546000491828
SEA,1.09835685184225
SEA,0.37655158014968
SEA,0.957706979708746
SEA,1.44014480966143
SEA,1.73234126227908
SEA,1.52488083060598
WAS,0.491626605391502
WAS,2.52209687326103
WAS,0.70108130783774
WAS,-2.46911271149293
SEA,1.00347569072619
SEA,0.315106057212688
SEA,3.87997655163053
SEA,2.84580576966982
WAS,-0.510920777451247
WAS,-0.810870904941112
SEA,-0.012539385817945
SEA,2.34049745521043
SEA,5.19501455395948
WAS,0.286823367816396
WAS,0.645748400536832
WAS,1.02798201673431
WAS,-0.589187610341469
WAS,2.25167405509274
SEA,0.760425445623696
SEA,0.106740726390854
SEA,1.32901094300014
SEA,0.945449214894325
SEA,-1.85803083097562
WAS,1.88600519136526
WAS,-1.83279398549348
WAS,-1.31839997018687
SEA,0.0172812647651881
SEA,-3.97789360466413
WAS,0.364398337434977
WAS,-0.682954928954132
WAS,-1.08908160356805
WAS,-1.25187105033547
WAS,-1.89359637931921
SEA,1.42524069407955
SEA,-0.132371566607617
SEA,1.54483842774061
SEA,-0.410074635001365
WAS,1.28284812194761
WAS,-0.828145724604838
WAS,0.0603244509547949
WAS,-2.50291251647286
NYG,1.59617305872962
NYG,0.261958528542891
NYG,0.440932906465605
NYG,-0.430585933616385
NYG,1.80474796087947
SF,-0.100081402808428
SF,-0.669667631387711
SF,1.11415692442097
SF,2.26122445531655
SF,-0.0895461417385377
SF,2.61605198233156
NYG,-0.989055906655267
NYG,-0.321492857765406
NYG,-0.654899170156568
SF,0.824271647725254
SF,1.4645365314791
SF,0.206338939722627
SF,2.99313750467263
NYG,0.837255158694461
NYG,0.128550135763362
NYG,-0.670602799393237
SF,0.67398903821595
SF,1.85695029376075
SF,-0.563960777944885
SF,-1.26149867288768
NYG,-0.989234586246312
NYG,-0.400586430216208
SF,-1.34650923364097
SF,-0.0578124510508959
NYG,-0.236701877438463
NYG,-0.407843861088622
SF,-2.16256828489713
NYG,-0.147746271220967
NYG,0.365312241787915
SF,-0.92183677223511
SF,1.9880845095031
SF,-0.540786092868075
SF,1.25362831831444
SF,2.05242359661497
SF,-0.758145636878908
SF,-0.45280870396784
NYG,0.563526306534186
NYG,1.4600282892352
NYG,0.8353300159215
NYG,-0.556293433881365
NYG,-1.58625716527019
SF,-1.37387861125171
NYG,0.561977760866284
NYG,1.23789986222982
NYG,-1.28576691728085
NYG,0.0462707667611539
NYG,-1.46673243260011
SF,1.00690175872296
SEA,-0.194521236233413
SEA,1.6879169922322
SEA,0.400255997432396
SEA,3.65565907070413
ARI,1.62666145944968
ARI,-8.35212381696329
ARI,0.455767750740051
ARI,0.632609451189637
SEA,1.47751565277576
SEA,0.812846378190443
SEA,-0.216355531127192
SEA,-0.555433336994611
ARI,0.829217988997698
ARI,-1.72860078606755
ARI,-7.49873672099784
ARI,-0.502487271791324
ARI,0.740773904835805
SEA,5.75604861983447
ARI,-0.473041076911613
ARI,1.14815668261144
ARI,0.951786464371253
ARI,-1.01352957769996
ARI,-0.696511471876875
ARI,2.86546357139014
ARI,-0.208111650426872
ARI,-0.970904047251679
ARI,0.0215957890031859
ARI,0.075505852670176
SEA,0.0718570649546286
ARI,0.29363082931377
ARI,-0.355448565911502
ARI,-0.255905507714488
ARI,2.51920336298645
ARI,-0.263913303846493
ARI,-0.303190605249256
ARI,-2.38986002258025
ARI,0.891701597254723
ARI,-0.580368446186185
ARI,0.985578192630783
ARI,-0.861201842315495
ARI,-1.87998641305603
ARI,4.09012702712789
ARI,0.344702443340793
ARI,-0.474743183702231
ARI,1.57014866056852
ARI,-0.541305709455628
ARI,-0.943017450568732
ARI,-2.85622972249985
SEA,-4.40456588566303
ARI,-0.495784450904466
ARI,-0.672572760260664
ARI,-0.825790734204929
ARI,4.24851956701605
ARI,1.053
SEA,-5.0635877995519
ARI,0.266749729518779
ARI,0.335025744512677
ARI,-0.774988082586788
ARI,-0.56981951900525
ARI,-2.85921495704679
IND,1.28470111289062
IND,1.17342290165834
IND,0.769899482955225
IND,-1.40199472731911
IND,-3.4021008880809
ATL,-0.487079752609134
ATL,-5.47513090679422
ATL,1.98977211350575
ATL,0.909118261770345
IND,3.46840174274985
ATL,1.65878681838512
ATL,-0.861076091649011
ATL,-2.36270784027874
IND,0.606711718020961
IND,0.178537307074294
IND,-0.6327841184102
IND,1.44948435481638
IND,2.11240322352387
IND,0.729425190016627
IND,-0.919989263522439
IND,-0.297127153840847
ATL,-1.00159392086789
ATL,-1.42210071231239
IND,-1.25736119144131
ATL,1.16415986325592
ATL,1.17057086422574
ATL,2.59329302672995
IND,0.570428133243695
IND,-0.322256803745404
IND,1.03510759526398
IND,0.357677995460108
IND,-1.70073925203178
IND,-0.509043593425304
ATL,2.18218803778291
ATL,-0.643986696959473
ATL,-1.3541286174195
IND,1.76684338081395
IND,-1.6340305605554
IND,0.0459942190209404
IND,-5.33489850186743
ATL,-0.904621551511809
ATL,-1.60407823044807
IND,2.07740699895658
IND,-0.368737895681988
IND,-0.383932584838476
ATL,1.36430231365375
ATL,-0.59623672394082
ATL,-0.750128854066134
ATL,-1.35171678429469
IND,0.18641312973341
IND,-1.09860230993913
ATL,-0.71570557821542
ATL,-1.54841118049808
IND,0.395748831098899
IND,-0.947
ATL,0.928966098232195
ATL,0.561171551584266
ATL,0.884674644330517
ATL,1.053
IND,-0.390379752672743
IND,-1.44281643908471
IND,0.409915566211566
IND,2.21195690380409
IND,-0.281542528362479
IND,-1.33853706967784
IND,0.498442688336191
ATL,-0.161792888655327
ATL,-0.0914115949999541
ATL,-0.742847272427753
ATL,-0.79628036217764
ATL,-1.63903163094074
IND,1.86455840733834
BAL,-0.551959755364806
BAL,-0.871285687200725
MIN,-0.647518418263644
MIN,1.99070985941216
MIN,-0.245071659330279
MIN,5.00693259428954
BAL,1.4299830023665
BAL,1.0295083890669
BAL,0.461140261264518
BAL,-0.20918524323497
BAL,-0.674757048720494
BAL,-1.4848451075841
BAL,-0.962985404301435
BAL,-0.630789493210614
MIN,-0.61865346133709
MIN,-0.165249162819237
MIN,2.20129741390701
MIN,-0.140484325238504
MIN,-0.155616785530316
BAL,-0.451476579066366
BAL,-1.3738895629067
MIN,0.847219628514722
MIN,-0.621233067940921
MIN,0.260364764137194
MIN,-1.90980404685251
BAL,0.953560518333688
BAL,-0.509297861717641
BAL,0.947344303247519
MIN,0.0648307369556278
MIN,-0.495518269133754
MIN,-0.958189607714303
BAL,0.295829184527975
BAL,0.525901883083861
BAL,1.14164093218278
MIN,0.100245573092252
MIN,-4.30197306582704
BAL,1.5736593574984
BAL,1.61437161569484
BAL,-1.02720950415824
BAL,-1.55382656340252
BAL,0.148764204583131
BAL,-0.485081885126419
BAL,1.77742648369167
MIN,0.187730085337535
MIN,0.168575865449384
MIN,-1.85122060612775
MIN,-4.25722193252295
BAL,-0.609051079489291
BAL,-1.0035484344394
MIN,0.580342889297754
MIN,0.721379731432535
MIN,-0.528508721850812
MIN,-0.724212583503686
MIN,-1.01077425886364
BAL,0.492041512392461
BAL,0.678211338352412
BAL,0.737276689673308
BAL,1.053
MIN,-1.03426401363686
MIN,0.182919378625229
MIN,-1.45189799409127
MIN,-0.494343516766094
MIN,-0.679327081015799
MIN,-0.113277015276253
MIN,-0.984449448937085
MIN,-1.455509620253
MIN,-0.947
MIA,-0.50425544870086
MIA,-0.546123612206429
MIA,-1.49993733596057
BUF,-0.632101845694706
BUF,0.43997455900535
MIA,1.761416019639
MIA,2.23628806479974
BUF,0.217088368488476
BUF,-1.43148330552503
BUF,0.488189215771854
BUF,-3.80185989895836
MIA,0.741124714026228
MIA,4.42058291845024
BUF,-0.697702402248979
BUF,-1.29113335884176
MIA,-0.309622110100463
BUF,1.14154129382223
BUF,0.970912045799196
BUF,-0.711891944753006
BUF,-0.837961131706834
MIA,1.38965748157352
MIA,0.902977961988654
MIA,-0.573484041844495
BUF,-0.343972944305278
BUF,-0.435165849514306
MIA,0.587891881121323
MIA,-0.277540242648684
MIA,-0.245712205418386
BUF,0.0813163497950882
BUF,-0.120112779026385
BUF,1.30880529247224
BUF,0.0627827597782016
BUF,3.13034669891931
BUF,0.0050173583440482
BUF,-0.843340471154079
BUF,1.9018828162225
BUF,1.04468499537325
BUF,-1.00932393118273
BUF,-5.22079470363678
MIA,2.0962185964454
MIA,-0.96872717840597
MIA,-1.0345802383963
BUF,0.307241104310378
BUF,-0.947
MIA,0.561366663780063
MIA,1.56065557524562
MIA,-0.730755962897092
MIA,-0.559971364215016
BUF,-0.151345061138272
BUF,1.5757666695863
BUF,-0.454554333351553
BUF,0.651609628228471
CLE,-0.816873282659799
CLE,-1.04697688715532
NYJ,-0.920338795054704
NYJ,-1.40904001379386
CLE,-0.0673375634942204
CLE,0.939801432657987
CLE,-0.441362021141686
CLE,1.56323563045589
CLE,2.30419574136613
CLE,-0.541854994837195
CLE,-0.766135458834469
CLE,-1.30749009782448
CLE,1.80867790896446
CLE,-0.525084028486162
CLE,0.141527852974832
NYJ,-0.806404731236398
NYJ,-0.089759960770607
CLE,0.762245029676706
CLE,-0.841513538733125
CLE,-0.847111388808116
CLE,-1.40382977435365
NYJ,-5.38344248547219
CLE,2.70136959687807
NYJ,-0.0917719287099317
NYJ,2.29563762975158
NYJ,-1.04703723901184
CLE,0.771113887196407
CLE,-0.930230676545762
CLE,-1.19897893525194
NYJ,-0.21837262401823
NYJ,-0.650562383583747
CLE,-0.254360341350548
CLE,1.59534111531684
CLE,0.955854316940531
CLE,-0.36466212279629
CLE,-0.407873296411708
CLE,-0.150413368961675
NYJ,-0.964500403963029
NYJ,-1.51759321754798
CLE,2.12784907082096
CLE,-0.357941037975252
CLE,-1.07684638025239
NYJ,-0.572359919082373
NYJ,-0.314386078622192
NYJ,-1.17025473341346
CLE,-1.46493702195585
CLE,-0.637814751826227
CLE,-0.013880220009014
NYJ,4.89027698081918
CLE,-4.18740536668338
CLE,-1.46757892658934
CLE,1.22983899869723
CLE,-0.264687313057948
CLE,-0.570368484477513
CLE,1.74123110756045
CLE,-0.105400879168883
CLE,-0.726544470817316
CLE,-0.91658575280967
WAS,-1.6898475359194
DET,1.09788780263625
DET,0.918536187149584
DET,-0.750976579962298
DET,2.1539359211456
DET,1.97620120830834
WAS,0.790123432292603
WAS,0.226523294229992
WAS,-0.438870296231471
WAS,-0.69220387225505
WAS,0.0540107688662466
DET,1.16345182317309
DET,0.917981408536434
DET,-0.420893858536147
DET,1.52665986143984
DET,-0.753037541755475
DET,2.94720220123418
WAS,1.24314725026488
WAS,-0.87745338305831
WAS,-2.12795162806287
DET,0.595747265964747
DET,-0.523544908734039
DET,0.300106434500776
DET,0.893263796984684
WAS,3.12903731851839
WAS,0.631720255420078
WAS,1.8867950392596
WAS,0.655990388913779
DET,0.954832047049422
DET,2.4663041223539
DET,-0.385348615527619
DET,-0.73995153181022
DET,0.390234996273648
DET,1.85843310289783
DET,-0.612548940931447
DET,-0.813512542821324
DET,1.63245761091821
DET,0.767843958456069
DET,0.680279492691625
DET,2.04084924521158
WAS,0.767139007570222
WAS,3.1741546113044
WAS,-1.59432967164321
WAS,3.97893274948001
WAS,-0.947
DET,3.26961391489022
DET,-0.598356390488334
DET,1.46858809038531
DET,-1.02842984134007
WAS,-1.20537402434275
WAS,0.711864267708734
WAS,-1.4485644348897
DET,1.50081228511408
HOU,0.776892005000264
HOU,-0.500846669310704
HOU,-5.52757645142265
JAX,-0.842545310384594
JAX,-1.86910999263637
JAX,-0.845492913620547
JAX,2.75579982902855
HOU,1.17171504162252
HOU,-0.296405511442572
HOU,0.0229921862483025
HOU,0.968960266793147
HOU,-0.651402453659102
HOU,-0.966619305312634
JAX,0.307942137587816
JAX,0.15956171695143
JAX,-2.3592833452858
JAX,-0.905761411879212
HOU,-0.762389291077852
HOU,-1.67789967521094
HOU,1.67587396723684
HOU,0.0843419545562938
HOU,-0.998018431535456
HOU,-1.56594335161237
JAX,1.33759370958433
JAX,-0.481083794031292
JAX,0.341548309509554
HOU,0.65802339988295
HOU,1.25506885978393
HOU,1.52540408220375
JAX,-0.195850814110599
JAX,-1.28339161939221
JAX,0.676790073048323
JAX,-2.04364441375947
HOU,-0.328489328676369
HOU,-0.194177254801616
JAX,-0.0755941444076598
JAX,2.53391438536346
JAX,1.6011271327734
JAX,-0.109798819874413
JAX,-1.51305894286681
HOU,0.0785344566684216
HOU,1.30028928746469
HOU,-0.831803447566927
HOU,-1.85211625741795
HOU,-2.54246278735809
JAX,1.45596568309702
JAX,-0.594148439355195
JAX,3.24575517256744
JAX,-0.671389894094318
JAX,1.92921094410121
JAX,1.21315319376299
JAX,-0.947
HOU,-0.492929671658203
HOU,-0.137024861876853
HOU,1.16249721299391
HOU,1.053
JAX,-1.52069195231888
HOU,1.21934789686929
HOU,0.182015634607524
HOU,-0.456418553192634
HOU,-0.0334712491021492
HOU,2.55208152357955
HOU,-0.947
JAX,-0.216660962207243
JAX,-1.67658174433745
HOU,-0.565981211373583
HOU,-0.725925080245361
HOU,2.55821049399674
HOU,0.724197433737572
HOU,-0.430540765286423
HOU,0.869563091895543
HOU,-0.584198160388041
HOU,3.85936179186683
JAX,-0.436698609148152
JAX,0.310614675399847
JAX,-7.07019412401132
LA,-0.558264443650842
LA,1.41481457068585
LA,-0.517544220201671
LA,1.16739948303439
LA,0.165577035979368
LA,1.24491139221936
SF,0.417229814920574
SF,-1.75807493668981
LA,-0.645208153408021
LA,0.831056707073003
LA,1.45216412073933
LA,0.946367320488207
LA,-0.476918046362698
LA,2.85342455829959
SF,1.79389309347607
SF,0.828028843388893
SF,-0.561821879004128
SF,-5.12732892250642
LA,-0.854799687396735
LA,2.14611882017925
LA,1.16824045043904
LA,1.57685340126045
SF,0.418528441106901
SF,1.64190460392274
SF,-0.0123454941203818
LA,-0.957550066756085
SF,-0.420882560079917
SF,1.03821855585556
SF,-0.311072348034941
SF,2.5197248600889
SF,2.03592166840099
LA,0.134340858610813
LA,-1.06929550418863
LA,1.4811954573961
LA,0.528815012134146
LA,-0.493476793693844
LA,-0.389706080080941
LA,-1.28648398490623
SF,0.405607996392064
SF,0.570102515164763
SF,-0.288599108811468
SF,-0.218728814274073
SF,-0.131144497718196
SF,-0.173409132752568
SF,1.51256850454956
SF,1.93311749829445
SF,0.0659275475190952
LA,1.2307378569385
LA,-0.517666461877525
LA,0.339965256629512
LA,-1.45527374034282
LA,2.45353028492536
LA,1.23257305999869
LA,1.16722257930087
SF,0.83658704906702
SF,0.166556203970686
SF,1.25849523919169
SF,0.249687847914174
SF,0.08558224956505
SF,1.77758436172735
LA,-0.518867689184845
LA,1.36562195257284
LA,2.02306046651211
LA,0.82227073534159
LV,-0.299837376922369
LV,1.68364779721014
LV,0.613885845290497
LV,0.540333777666092
LV,-2.76209689537063
LV,-0.893452055752277
LV,2.11811719369143
LV,0.666696468892042
LV,-0.433917047805153
DEN,0.337784333154559
DEN,-2.26779163582251
DEN,-1.08961442252621
LV,0.16848378488794
LV,-0.786149125546217
LV,-1.58933056052774
DEN,-0.799474279396236
DEN,-0.0038489471189677
LV,-0.704898338299245
LV,3.25356137438212
LV,-0.530188526608981
LV,-0.418798891361803
DEN,0.45366020151414
DEN,-0.100052175228484
DEN,-1.49853127798997
LV,-0.429578498471528
LV,-0.48235340975225
LV,-3.04515606793575
DEN,-0.553338140947744
DEN,4.02070701785851
DEN,2.2203147567925
LV,-0.388003759668209
LV,-1.10915710916743
DEN,-0.274792895419523
DEN,0.229346358333714
DEN,1.15642473084154
DEN,-0.124341927003115
DEN,-0.920267907029483
LV,-0.184976525197271
LV,0.126243811682798
LV,-0.488690994796343
DEN,-0.755024326499552
DEN,-0.938921317923814
LV,-1.6378319086507
DEN,0.854598946869373
DEN,0.241893063299358
DEN,-4.03171936139203
LV,-6.2002928002039
DEN,-1.3010255121626
LV,-1.92003379203379
DEN,-0.782468122662976
DEN,-0.805700139139323
LV,-0.391671363729984
LV,-0.985094871837646
DEN,-0.0987603531684726
DEN,-0.77101317839697
DEN,-1.38139305333607
LV,1.57644389173947
LV,0.0325461905449629
LV,1.54043202102184
LV,-0.704790889983997
LV,-2.02558478759602
DEN,0.0836353078484535
DEN,-3.02187775494531
LV,-0.990933655479034
DEN,1.34586614335421
TB,1.84932075953111
TB,0.346791211166419
TB,2.1221103236312
NE,0.892694764770567
NE,-0.503328217659146
NE,-0.892817356158048
NE,-1.51518496056087
TB,-0.524229294853285
TB,-1.11909605958499
TB,-1.54918093816377
NE,1.2753662453033
NE,-0.759144142270088
NE,-0.777950681746006
NE,-0.934849385172129
TB,-0.557662999723107
TB,-2.52513794088736
NE,5.72851270926185
TB,0.329337443457916
TB,-1.60187889775261
NE,0.324093886651099
NE,0.459958072984591
NE,-0.757892965804786
NE,-1.45091575803235
TB,0.770703205373138
TB,1.2672685359139
TB,2.06021619291278
TB,-0.78155923075974
TB,-0.610840191366151
TB,-0.462949745820748
NE,1.77166956709698
NE,-0.402858467074111
NE,1.05626021150965
NE,-0.439003888575826
NE,0.405353389855009
NE,2.87643900653347
NE,-0.785044820513576
NE,0.440825010242406
NE,3.09890943701612
NE,0.854059546487406
TB,0.345970483263955
TB,-0.504875918151811
TB,-1.45851908414625
NE,-1.33643769845366
TB,1.20642048562877
TB,1.14490717765875
TB,0.947101821308024
TB,-0.462262763350736
TB,-0.783095586579293
TB,2.9841562617803
NE,-0.536446238867939
NE,2.38133482891135
NE,-0.534751997562125
NE,-1.28066175244749
NE,-2.49295180104673
TB,0.230880765244365
TB,-0.48390957317315
TB,-1.40801647235639
TB,-0.470158446580172
NE,-0.351504626683891
NE,0.0875843982212246
TB,-1.29768855916336
TB,-1.11830768687651
NE,-0.781076979823411
NE,4.85560764430556
NE,0.755679889873136
NE,-0.837012587464415
NE,-5.49035553861177
TB,0.807585919974372
TB,-0.512848438462243
TB,1.42803155683214
TB,-0.385464005870745
TB,0.336236661649309
TB,-1.28532373323105
TB,-2.99930326169124
CAR,0.346233689924702
CAR,-0.712000798201188
CAR,1.24202475277707
CAR,-0.414169460651465
CAR,-0.71258449589368
CAR,1.07154254277702
NO,-2.12052777130157
NO,5.22284375072923
NO,-0.123888462083414
NO,1.57238464266993
NO,-2.00942103126928
CAR,-1.59986735205166
NO,-0.536340551683679
NO,-1.38872575131245
CAR,-0.501279996242374
CAR,-2.10105047561228
NO,-0.314050405053422
NO,6.55767607712187
CAR,-0.115382244344801
CAR,-1.72069636848755
NO,-0.477065106853843
NO,2.09152147895657
NO,-0.494238423649222
NO,-1.51060366909951
CAR,-1.25009625975508
CAR,-0.0698552787071094
NO,-0.317760006058961
NO,1.44433659431525
NO,-0.282499926630408
NO,-0.125448566512205
NO,1.70391485514119
NO,-0.289628742088098
NO,-0.306905644887593
CAR,-0.0736843806225807
CAR,0.0465948696946725
NO,-0.854590290691704
NO,0.101146696135402
CAR,0.323557586874813
CAR,0.242188037373126
CAR,1.60562671581283
CAR,2.00122377066873
CAR,-0.373711418826133
CAR,-1.5901410517345
CAR,0.126329122344032
CAR,1.18722842406714
NO,0.218252547783777
NO,0.256669873837382
NO,-0.574528492288664
NO,0.0091623069019988
NO,-3.42698051629122
CAR,-4.99946949188598
NO,1.58398449560627
NO,-1.13331456063315
NO,4.56394804583397
CAR,-0.694828435312957
CAR,0.0784158918540925
CAR,-2.84002382191829
CHI,0.84570262231864
CHI,0.685399762936868
CHI,-0.518475409713574
CHI,-1.34791754186153
CHI,-2.91493315750267
NYG,1.63638854539022
NYG,-0.24861521506682
NYG,-3.10033096838743
CHI,-0.498825640883297
CHI,1.62327410560101
CHI,-0.584162441198714
CHI,1.86048124427907
NYG,-1.53918108856305
NYG,-0.805972671601921
CHI,0.0192345988471061
CHI,-1.68333470611833
NYG,-0.57520868582651
NYG,2.61392892594449
NYG,2.42218262515962
NYG,0.753463403903879
CHI,1.71359897288494
CHI,-0.546056499006227
CHI,-1.45384536962956
NYG,-0.344366724835709
NYG,2.02486651390791
NYG,0.691547572612763
NYG,1.1905091071967
NYG,-0.780888946959749
NYG,-0.600642323261127
NYG,-3.63299824565183
CHI,0.24876267235959
CHI,-1.09528349764878
CHI,-0.844426424591802
CHI,0.035604820237495
CHI,-2.32857435749611
NYG,0.345452145556919
NYG,-0.241080363048241
NYG,1.49608961603371
NYG,1.71793687919853
NYG,-0.490168146963697
NYG,-0.71974124899134
NYG,-0.193439530829858
NYG,-0.517180898459628
NYG,1.64597549848259
NYG,-0.0333263180218637
CHI,1.34674725937657
CHI,-0.494940044591203
CHI,-0.388034048257396
CHI,-1.54978641797788
NYG,1.63557722908445
NYG,-0.544967444380745
NYG,-0.835545950569212
NYG,-0.147656293120235
NYG,0.608412532135844
NYG,-0.0241395081393421
CHI,0.676664578262717
CHI,0.788082719314843
CHI,0.99337396339979
CHI,0.234969338576775
CHI,-1.71649321780007
NYG,0.317660707049072
NYG,3.06586162152234
NYG,-1.97516549244546
CHI,-0.622964103939012
CHI,-2.72958017047495
CHI,0.177364674862474
CHI,0.707378336926922
CHI,-0.491677867248654
CHI,-0.604575456352904
CHI,2.51875795959495
CHI,-0.555895606055856
CHI,1.57458049664274
CHI,2.52160948465462
CHI,0.780170666781487
NYG,-0.711743984487839
NYG,-1.56016957503743
CHI,1.85114103753585
CHI,3.1162809705711
NYG,-0.214966361410916
NYG,0.714303355198354
NYG,-0.249782790488098
NYG,-0.392913578485604
NYG,-0.732901400071569
NYG,-2.12176294595702
GB,0.635765620274469
GB,-2.05237496667542
GB,-1.17294572060928
PHI,0.392908621113747
PHI,-0.898553982144222
PHI,2.15736121172085
PHI,1.63439643778838
PHI,0.39158579800278
PHI,-0.463408906478435
GB,-0.856995000969619
GB,0.306772362906486
PHI,-0.756964950822294
GB,-0.596395107917488
PHI,0.578025070950389
PHI,-0.581763355527073
PHI,-1.53741761203855
GB,-0.501598747214302
GB,-1.47323178546503
PHI,-0.156409866991453
PHI,-0.593212302424945
GB,0.20285134180449
GB,-0.0292106602573767
GB,0.55849702010164
GB,0.714167700323742
GB,0.101711491879541
GB,-0.3520622770302
GB,-3.46964493137784
PHI,-0.0829861076490488
PHI,-0.114657581405481
PHI,-0.0338578021619469
PHI,0.403470531804487
PHI,1.57901306101121
PHI,-0.575825976440683
PHI,1.34770990419202
PHI,0.248918793280609
GB,1.35601626872085
GB,1.09050086978823
GB,-0.147662851726636
GB,-1.80508404015563
GB,-2.19740408868529
PHI,-0.464276198996231
PHI,-0.688861937727779
GB,1.24706212966703
GB,1.2267277748324
GB,-0.91830700263381
GB,-1.54129666718654
PHI,3.95839820452966
PHI,3.4992275966797
GB,1.07968360977247
GB,0.233408815227449
GB,-0.413215440232307
GB,-0.297280887374654
GB,-0.74019339424558
GB,1.78093099535909
GB,-0.43046890583355
GB,0.449360076978337
PHI,-0.63600065279752
PHI,2.4548296808498
PHI,-0.447636846511159
PHI,-1.30055377545068
GB,-0.381846990669146
GB,-0.459979235660285
GB,1.80920886574313
GB,-0.383714519441128
GB,-0.459162993123755
GB,-0.0361158350715414
PHI,-1.2467109276331
GB,-0.151755276485346
GB,0.284092469548341
GB,0.442166740542875
PIT,-0.263981855008751
PIT,0.393851483473554
PIT,-1.94230831018649
LAC,-0.928233881015331
LAC,-1.41751880012453
PIT,-1.82122049659364
LAC,-0.595517084002495
LAC,0.699315497186035
LAC,-0.0409603293519467
LAC,-1.86178141739219
PIT,-0.824628992239013
LAC,-0.453632222255692
LAC,-1.44983670860529
PIT,1.22022046428174
PIT,1.42854364193045
PIT,0.691890303511173
PIT,-0.683407192002051
PIT,-0.90504856420297
LAC,0.016535806003958
LAC,0.783995164791122
LAC,-0.519513614242896
LAC,0.040246497024782
LAC,-0.139878777437843
LAC,-1.18531052488834
LAC,1.83268057764508
LAC,-0.455684576299973
LAC,-0.7862758776173
LAC,-0.964317735398192
PIT,-1.09487661859021
PIT,-1.31265106191859
LAC,-0.37133628258016
LAC,0.850599097437225
LAC,-1.91692748025525
PIT,-3.99972182977945
LAC,0.43775335297687
LAC,0.0396782018942758
LAC,-0.503798877587542
LAC,3.45629162719706
PIT,-0.140055881405715
PIT,-0.0553320059552789
PIT,-0.111365114862565
LAC,-0.811507119331509
LAC,2.20480502187274
LAC,-0.918574043549597
LAC,-2.04307425650768
PIT,-2.00415234267712
LAC,1.13879680354148
LAC,-2.87603587257728
PIT,-0.627469115424901
PIT,-1.43571234564297
LAC,2.17440510285087
LAC,-0.355359005741775
LAC,-1.08081034058705
LAC,-0.26795585769946
PIT,0.673399286693893
PIT,1.18456146423705
PIT,-0.769759583403356
PIT,-1.25560623221099
PIT,-3.37222135683987
LAC,1.02180298464373
CLE,-0.364849065663293
CLE,0.663335421122611
BAL,-0.770027047023177
BAL,2.50891270441934
BAL,0.700841113459319
BAL,0.858673464565072
BAL,-0.708695082168561
BAL,2.37254330370342
BAL,-0.985218956368044
BAL,-1.74043599678596
CLE,-0.502894914825447
CLE,-1.21203364556217
BAL,0.857391750905663
BAL,-1.56617364333943
CLE,1.373296916252
CLE,-1.43307600589469
CLE,-0.665211063809693
CLE,-1.16946334099998
BAL,-1.30227409256622
BAL,-6.95870394166559
BAL,3.28596325928811
CLE,-1.07495003857184
CLE,1.65839537064312
CLE,-0.15843175444752
CLE,-0.773641594385371
BAL,-0.307092888106126
BAL,-0.276687644363847
BAL,-0.0971702820970677
BAL,-1.88755508325994
CLE,-0.0619815839454532
CLE,0.216937649529427
CLE,-2.42804594011977
BAL,0.301691250409931
BAL,-0.503328217659146
BAL,1.70519068581052
BAL,0.42807853280101
BAL,-0.144991727545857
BAL,-1.91732559655793
CLE,-0.769264296162874
CLE,-4.20702983101364
BAL,-5.84057826444041
CLE,0.143681418150663
CLE,1.13263145205565
CLE,-2.5571802330669
BAL,-1.31595205787359
CLE,-0.486787610221654
CLE,-1.06967801367864
BAL,0.803372596623376
BAL,-1.32785254204646
BAL,2.33945981576107
BAL,1.40009886567714
BAL,-1.18810268792724
CLE,-0.436686747940257
CLE,-0.599794612033293
CLE,-1.59413810214028
BAL,0.80043696728535
CLE,1.36605289421277
CLE,-0.390423841425218
CLE,-0.536969713051803
CLE,1.50380529416725
CLE,0.239134445320815
CLE,-0.352733613515738
CLE,-1.07234998221975
CLE,-2.14547843195032
ATL,-0.752228137571365
ATL,-1.19564172904938
CAR,-0.367378572467715
CAR,1.79069960094057
CAR,-0.898056383943185
CAR,-0.844743502791971
CAR,4.3912774247583
CAR,-0.311919048894197
CAR,1.8146064496832
CAR,-1.59609995875508
CAR,1.93844603712205
ATL,1.78477721428499
ATL,3.31051833677338
CAR,1.09511192538776
CAR,-2.38856671075337
ATL,1.28076394111849
ATL,0.421315999352373
ATL,0.239148925000336
ATL,0.164407692151144
ATL,1.54098137491383
ATL,1.31394374911906
CAR,-0.641034827567637
CAR,-0.37672255653888
ATL,1.65128442452988
ATL,2.02248329017311
CAR,2.35588593437569
CAR,0.614797642163467
CAR,-0.585598359146388
CAR,-1.36286659041524
CAR,-0.0355453272350132
CAR,0.264952956466004
CAR,1.47446552687325
CAR,3.37448618141934
CAR,-0.947
CAR,0.125284597510472
CAR,2.43232560821343
CAR,-0.395846709026955
CAR,-4.46313942514826
ATL,0.348530315794051
ATL,0.896650572773069
ATL,0.99933814117685
ATL,-0.806511096656323
ATL,-1.47921255556867
CAR,1.23508531996049
CAR,-0.519695553230122
CAR,1.61804412887432
CAR,1.72006334312027
CAR,-0.712601847655606
CAR,-1.17674388263685
ATL,-0.51042848918587
ATL,0.719782987143844
CAR,1.78140841680579
CAR,-0.864708991255611
CAR,-2.05726181645878
ATL,0.679757537320256
ATL,-0.443763533141464
ATL,-0.791329107480124
ATL,-1.53054728335701
CAR,-0.748539838474244
CAR,1.4778574318625
CAR,-0.587495732586831
CAR,-0.174915926065296
CAR,-0.574536328203976
CAR,0.0129928295500577
CAR,-3.28254311584169
ATL,-0.835437461635719
CAR,-0.537723673856817
CAR,0.0506579184439033
CAR,-1.37098108581267
CAR,2.56995880336035
CAR,0.603711685631424
CAR,1.62771184107987
CAR,-0.666823443898466
CAR,3.38327770418255
CAR,1.053
ATL,0.740015110524837
ATL,0.455738682765514
ATL,-0.121437923866324
ATL,0.0089928119559772
ATL,-0.413317305535331
ATL,-0.82017712877132
ATL,-0.933027262799442
CAR,3.92500288953306
MIN,1.58434792421758
MIN,0.164118853397667
MIN,-0.534384087193757
MIN,-1.84009406738915
CHI,-0.71901206439361
CHI,-1.27940628724173
MIN,-1.29388461541384
MIN,-1.57894422719255
CHI,-1.10841886885464
CHI,-1.41724274307489
MIN,0.65356857306324
MIN,1.06410041148774
MIN,-0.453710720175877
MIN,-1.39957221025099
CHI,2.61203765962273
CHI,-0.55516048357822
CHI,-1.69176996266469
MIN,-0.609197976533324
MIN,-1.62355309771374
CHI,0.292088884394616
CHI,0.938544013770297
CHI,0.416835635900497
CHI,0.774839923949912
CHI,-0.535562744946219
MIN,1.03457942570094
MIN,-5.50871935120085
CHI,0.459687478200067
CHI,-1.11563517861927
MIN,-0.349877314874902
MIN,2.21938893845072
MIN,-0.350847795663867
MIN,-3.95538036874495
CHI,-0.0823506850283593
CHI,0.301593294017948
CHI,-0.38430753495777
MIN,-0.445537824183702
CHI,1.96695499843918
CHI,0.609010183485225
CHI,-0.0780137095134705
CHI,-0.757975513115525
MIN,-1.5310073196888
CHI,-0.762642145622522
CHI,2.85393792483956
CHI,1.04102832986973
CHI,1.22432468121406
CHI,0.833585446351208
CHI,-1.52573141785661
MIN,-0.747889342252165
MIN,-1.82537939306349
CHI,0.656999174505472
CHI,-0.794599728193134
CHI,-0.508173200534657
MIN,-0.724325132090598
MIN,-1.51643801899627
CHI,-0.673747225664556
CHI,3.24564017634839
CHI,-0.686066099326126
CHI,-0.117324728285894
MIN,1.54789727274328
MIN,-0.478184752981179
MIN,-1.5278540852014
MIN,2.49326549423859
MIN,0.390569519484416
MIN,0.606972733919974
MIN,1.17890703614103
MIN,2.29514941526577
PIT,0.0638343128375709
PIT,1.01073989761062
PIT,2.21197892923374
CIN,-0.958000439684838
CIN,-0.745100127067417
CIN,2.33254950959235
CIN,-0.502368746325374
CIN,1.69870782014914
CIN,2.93887948489282
PIT,1.34075578534976
PIT,-0.533482518512756
PIT,-0.750631249044091
PIT,-1.02598083741032
CIN,1.60697479825467
CIN,-0.522139081731439
CIN,-0.487021755892783
CIN,-1.44152058660984
PIT,0.241061057429761
PIT,-1.36337780300528
CIN,-0.491261141840369
CIN,-0.757694250904024
CIN,-0.220985484775156
PIT,1.79127496876754
PIT,-0.448114728787914
PIT,-1.74811958754435
PIT,-0.133000284899026
CIN,-0.333407632308081
CIN,1.85509941366036
CIN,-0.430932577815838
CIN,-1.0765562314773
PIT,0.639802203222644
PIT,1.88256684859516
PIT,-0.776906338491244
PIT,-0.5239143946275
CIN,-0.164723800728098
CIN,-0.457896319683641
CIN,-0.69803263398353
CIN,-0.631305448982247
PIT,0.850950901862234
PIT,-0.760108805727214
PIT,-0.914277442265302
PIT,2.66509653721005
PIT,-0.807039682520554
PIT,2.87654426507652
PIT,0.69645872397814
PIT,0.412622194678988
PIT,-1.61916764822925
CIN,-0.775711232796311
CIN,2.2819347656332
CIN,1.15094406204298
CIN,-0.73132544872351
CIN,-9.38582784822211
CIN,2.04821519856341
CIN,0.302126387599856
CIN,0.226387697854079
CIN,-0.424957330978941
CIN,-1.46565222158097
CIN,-0.891667254646092
PIT,0.314743795664981
PIT,-0.471161091234535
PIT,-0.464455436449498
PIT,2.54390513536055
DAL,-1.69053715886548
LV,1.03825051616877
LV,-0.442359393229708
LV,-1.59034592704847
DAL,-5.79079813451972
LV,-1.55998159584124
LV,-0.162002835073508
LV,-0.947424829350309
DAL,0.799262613756582
DAL,1.49249933846295
DAL,-0.692079507396556
DAL,-1.51907233127734
LV,1.17435775883496
LV,0.916767155984417
LV,1.31627814238891
LV,-1.24583359761164
LV,-0.708070765482262
LV,-1.4307505872951
DAL,1.14184556761757
DAL,0.943411468644626
DAL,-0.497249513398856
DAL,2.57916741329245
LV,0.281706823501736
LV,-0.530019480269402
LV,-0.506707543740049
LV,-1.81796403531916
LV,-1.35260692192242
DAL,1.35107087763026
DAL,-0.591550908051431
DAL,0.0940134210977703
DAL,1.74474857072346
DAL,1.4770105239586
DAL,-0.799381811055355
DAL,0.0991885266266763
DAL,3.18154451122973
LV,1.07619129063096
LV,-0.520383774535731
LV,-0.622334063984454
LV,1.9000739812036
LV,0.461364291317295
LV,0.422038572025485
LV,-5.16295128350612
DAL,-0.470652145799249
DAL,3.99898257665336
LV,-0.125308090704493
LV,1.26406733150361
LV,0.429068527824711
LV,-0.20013463095529
LV,-0.010903675633017
LV,-0.336028251738753
LV,-0.379575633793138
LV,0.266444221443226
LV,0.0352429407648742
LV,-1.5415648566559
DAL,0.457786753308028
DAL,-0.206506482325494
DAL,2.40612817369401
DAL,0.879583704983816
DAL,-0.490967315738089
DAL,1.95290264213691
DAL,1.0464559852262
LV,0.0431431215256453
LV,0.10241375816986
LV,-0.818490043981001
LV,0.365934702567756
LV,0.744349215878174
LV,-0.444163885083981
LV,1.92641334305517
LV,-0.307930220267735
PHI,-0.640566970221698
PHI,-0.627817649394274
PHI,2.16139870882034
PHI,-0.993273799773306
PHI,-1.25756574841216
DET,0.526739807333797
DET,0.359409000724554
DET,-6.18745535070775
PHI,-0.430923703592271
PHI,-1.15945808193808
DET,-1.30521256104112
DET,-0.897337481379509
PHI,0.336744507076219
DET,0.641954435966909
DET,1.22933108615689
DET,-0.861819610465318
PHI,-1.32263017585501
PHI,-0.480852735694498
PHI,-0.862062867032364
PHI,-1.58321540057659
DET,0.0021321412641555
DET,-1.71386026917025
PHI,-0.38593977119308
PHI,-1.14500577549916
PHI,0.0406232559719428
DET,-0.48887421679683
DET,2.80143797653727
DET,3.64007887383923
PHI,0.619905054336414
PHI,0.114569419296458
PHI,0.825751755328383
PHI,1.10095237268251
DET,1.31851844489574
DET,0.834732264280319
DET,-0.029743651393801
DET,-1.60199195344467
DET,-3.29951138666365
PHI,-1.46703272033483
DET,3.09836880885996
DET,-0.280273634300102
DET,-3.12591526930919
PHI,-0.558177236234769
PHI,3.55408188910224
PHI,-2.35869945422746
PHI,-1.31464243028313
DET,-0.585120495874435
DET,-0.747392752207816
DET,3.64033236191608
DET,-0.746044107479975
DET,-1.81950644846074
DET,-2.82307882606983
PHI,-0.866790291154757
PHI,-0.359490045811981
PHI,0.0223927153274417
PHI,-0.474850117345341
PHI,-0.789014669484459
PHI,-0.816148661931237
DET,-0.488234975840896
DET,-0.751251236069948
DET,-1.2351015987806
PHI,1.11138482950628
DET,-0.52449899353087
DET,-0.627413030713797
DET,-0.483867364702746
DET,-0.695502242306247
DET,-1.29370082612149
DET,-0.423151704017073
DET,-1.42297487554606
NYG,2.4240530540701
NYG,-0.234823263715953
NYG,-0.43290348269511
NYG,1.61039524385706
GB,-0.0804374297149479
GB,-0.529931158060208
GB,-1.31758829299361
GB,-1.42841523978859
NYG,-0.0691122261341661
NYG,-1.26220732904039
GB,-0.485607206821442
GB,0.75922091898974
GB,1.31265403580619
NYG,0.0986150277312845
NYG,-1.33533502207138
GB,-0.707070554140955
GB,1.8873535473831
GB,1.62640465446748
GB,-0.759301875950769
GB,1.91615884448402
GB,1.74939554615412
NYG,2.61105111893266
NYG,0.694061194080859
NYG,0.0793534895638004
GB,0.218909677991178
GB,-0.204361631302163
GB,-0.213368738652207
GB,-0.496785281924531
GB,-0.572745990008116
GB,0.90475711831823
GB,1.50506559712812
GB,1.18270329118241
NYG,-0.839528230950236
NYG,3.29464539047331
NYG,1.47652801824734
NYG,-1.12333503662376
NYG,-3.3212540622917
GB,-1.64848935510963
NYG,-0.0313469609245658
NYG,-0.813712596427649
NYG,2.4414134004619
NYG,-0.491843359079212
NYG,2.12706819712184
NYG,0.591111732006539
NYG,2.39555285230745
GB,0.853437458630651
GB,-0.502672213595361
GB,-0.775448189349845
GB,3.25028638512595
GB,0.863769831834361
GB,2.87514978373656
GB,1.053
NYG,-0.0599402079824358
NYG,-0.542164493701421
NYG,1.53050179482671
NYG,0.464352941839024
NYG,-0.454486470960546
NYG,-0.421558650152292
NYG,-3.90808350511361
HOU,-0.854375365190208
HOU,2.18063445552252
HOU,-0.887893009698018
HOU,1.69395086774603
HOU,1.62154800316785
HOU,-0.588572689914145
HOU,-0.187121357477736
HOU,0.360344135027844
HOU,-0.845948060625233
HOU,0.412370819074567
HOU,-5.2411836941028
TEN,0.841443962883204
TEN,-0.720477760303766
TEN,1.94502687361091
TEN,0.611089133890346
TEN,2.57600454986095
TEN,1.13163684215397
TEN,-2.00330226600636
TEN,-1.37970248992209
HOU,0.998419306008145
HOU,-0.578358527738601
HOU,-0.877982690464705
HOU,-0.126854792004451
TEN,1.09956980892457
TEN,-0.244005671702325
TEN,0.311477141454816
TEN,-0.8524658405222
HOU,0.38393430178985
HOU,0.707554425345734
HOU,0.457071441691369
HOU,-0.444292503059842
HOU,0.677875831490383
HOU,0.449178343988024
HOU,-2.80891088431235
TEN,-0.388500632485375
TEN,-0.761254170443863
HOU,-0.250224878080189
HOU,-0.125953839858994
TEN,-0.0601165339467116
TEN,-0.141461423423607
HOU,-0.0448023827921134
TEN,2.12977771507576
TEN,0.635687950649299
TEN,-0.517990782740526
TEN,0.122892464627512
HOU,1.34367366461083
HOU,1.3042936809361
HOU,-0.0155836150515825
HOU,2.35874186115689
HOU,1.32963265199214
TEN,-0.0751083176583052
TEN,-1.64349213754758
HOU,-0.501056968001649
HOU,1.50278633926064
HOU,1.46756078861654
HOU,-0.415715137729421
HOU,-1.31258688888267
TEN,-0.56589337438345
TEN,-0.0166719956323504
TEN,1.41446258802898
TEN,-0.823122916510329
TEN,-4.4093507201178
HOU,-0.738034127745777
HOU,-0.148171129103884
TEN,-0.78879894502461
TEN,-1.9581140098162
HOU,-0.511355377268046
HOU,0.0220535546541214
HOU,-1.61177544738166
TEN,0.296779021038674
TEN,0.0345729847904295
TEN,-1.60954827815294
HOU,0.159983168821782
HOU,-2.17827377002686
TEN,-0.207507743267342
TEN,-0.198365819174796
TEN,0.948074526619166
TEN,-0.47559499880299
TEN,-0.39159312308766
TEN,1.28700465068687
TEN,0.701950923423283
TEN,-1.44576375460019
TEN,3.909109086846
TEN,0.143193507741671
TEN,1.66494225902716
HOU,0.846391924424097
HOU,-1.10311693709809
HOU,-0.346995532163419
HOU,1.69992023077793
HOU,0.432705200277269
DEN,-1.13225294044241
DEN,0.130342276999727
DEN,1.89924664213322
DEN,-0.956647997256368
DEN,2.84844874485862
DEN,0.589586951653473
DEN,0.391424048168119
DEN,-0.45860766939586
DEN,-0.0374486341606826
DEN,-1.89959754174376
KC,0.787839428521693
KC,-0.512011895421892
KC,-0.85088220005855
KC,-1.37445672368631
DEN,-1.57915978307705
KC,0.597298596985638
KC,-0.273204258177429
KC,-0.47675224125851
KC,-1.1149012146052
KC,-0.331356559298001
KC,-0.216205137677196
DEN,-1.35295906290412
DEN,-0.531187163665891
KC,0.335377735551447
KC,0.171838700305671
KC,1.33050481928512
KC,-0.153864089166746
KC,0.537919315276668
KC,0.862869297503494
KC,0.0059431274421513
KC,1.31234739278443
KC,1.75260072329547
KC,-1.2541980616554
DEN,0.788391178823076
DEN,-0.452842317637987
DEN,-0.675161082297564
DEN,-1.21997219114564
KC,-0.0575805511325598
KC,-1.39295857562684
DEN,0.114539360743947
DEN,-0.301753706182353
KC,0.316966953454539
KC,-0.188526514568366
KC,-0.0422714989981614
KC,-0.0609361199021805
KC,-0.0670130490325391
KC,-0.798837874550372
KC,1.11844659503549
KC,1.30534363782499
KC,0.619413602282293
KC,-0.518533631926402
KC,-0.627786397351883
KC,-3.36506548570469
DEN,0.499085936229676
DEN,-0.567896493244916
DEN,3.56303510116413
DEN,0.792007710202597
DEN,0.319723618100397
DEN,1.2262577098445
KC,-0.577130944468081
KC,-0.546686400193721
KC,5.26466150750639
KC,0.333344132697675
KC,0.144071274145972
DEN,3.09128835459705
DEN,0.843241981230676
DEN,-0.520969724282622
DEN,-0.659731018473394
DEN,-0.782718378356154
KC,-0.782228504074737
KC,-0.437191930599511
KC,-0.25026851776056
KC,3.517678467324
DEN,-2.03656287677586
DEN,0.523602414410561
KC,-0.131105425301939
KC,0.785770651651546
KC,-1.34630211163312
DEN,0.581281539751217
DEN,-0.630832946219016
DEN,-1.59095671787195
KC,-0.486506157554686
KC,-0.517448365688324
KC,-1.52814021939412
DEN,0.276890895911492
DEN,-0.530207675183192
DEN,2.16285329300445
DEN,-0.460429899860174
DEN,0.872052192746196
DEN,1.57354782451876
LAC,-1.59220434632152
LAC,0.51802785275504
LAC,-0.706607479602099
JAX,-0.203678339254111
JAX,-0.806869744323194
JAX,2.19371605827473
JAX,0.612770467996597
JAX,-2.7662490666844
LAC,1.24739714339376
LAC,0.0600882937433198
LAC,0.139774608309381
LAC,-1.44567604224537
JAX,0.801866034278646
JAX,0.377143862191588
LAC,-1.13343786494806
LAC,-0.988935013767332
LAC,-0.703882184810937
JAX,-4.68820695253089
LAC,0.819283126038499
LAC,1.14670978480717
LAC,-0.468667168868706
LAC,-0.769751828804147
LAC,-1.80909058155163
JAX,-0.438337829662487
JAX,0.622911573387682
JAX,-1.35283932741731
JAX,0.996074312075507
LAC,-0.507682658033446
LAC,2.72486233641394
LAC,0.0243338792352006
LAC,-0.0383781508426182
LAC,-1.30694386578398
JAX,1.37496525538154
JAX,-0.88423454714939
JAX,3.2511135453824
JAX,0.865871012152638
LAC,-1.17466886271723
LAC,-1.23293069424108
JAX,0.959122153697535
JAX,-0.515206719050184
JAX,1.58467945549637
JAX,0.563160313758999
NYJ,0.334182560909539
NYJ,0.250316706253216
NYJ,1.91486338933464
NYJ,-0.818771343037952
NYJ,1.89363987004617
NE,-0.488511862931773
NE,1.84207078092732
NE,-1.29747237940319
NE,2.87485708808526
NE,0.0105116874910891
NE,0.86445149051724
NYJ,-0.768786529544741
NYJ,-0.686673254705966
NE,1.39099260373041
NE,-0.619488676078618
NE,1.76222505164333
NE,1.89424419670831
NE,1.23692748555914
NYJ,-0.516672767233104
NYJ,-1.52604510518722
NE,0.0355082512833178
NE,0.556132139638066
NE,-1.15862634242512
NYJ,-0.986321895383298
NE,0.058411507809069
NE,-0.431455938261934
NE,0.39741487664287
NE,0.706582058250206
NE,-0.222126766107976
NE,-0.832360056694597
NE,-1.48800612287596
NYJ,-1.46038027247414
NYJ,-1.45064239413477
NE,1.13223277125508
NE,1.80155380279757
NE,0.999532648478635
NE,1.53529825381702
NYJ,0.459233633475378
NYJ,0.75994486338459
NYJ,0.519727930892259
NYJ,0.570340136997402
NYJ,-0.60231025191024
NYJ,3.50941016362049
NE,-0.597646760288626
NE,0.406114254146814
NE,2.9537511896342
NE,-0.351288245990872
NE,1.92499581747688
NE,-2.09209770557936
NE,-0.654934630263758
NYJ,-0.490607365034521
NYJ,-1.21803588722833
NYJ,-0.899733133148402
NE,1.32418629480526
NE,-0.817074354272336
NE,-1.09421458467841
LA,-0.592981204157695
LA,1.90571074956097
LA,-0.825712595600635
LA,-0.0901495288126171
LA,-4.38088011811487
SEA,0.706987525336444
SEA,-7.42671437730314
SEA,0.980027880053967
SEA,-0.788394492352381
SEA,-2.02657908965582
LA,1.84660582011566
LA,1.54694089188706
LA,0.452942128526047
LA,-1.03287401760463
LA,-0.39268378901761
LA,0.82886577170575
SEA,-0.409003011416644
SEA,1.84279813547619
SEA,-0.424362027319148
SEA,1.02578285825439
SEA,0.5594483994646
SEA,-0.822340529877693
SEA,-0.739455652020656
LA,-1.24438245082274
LA,-1.25798099627718
SEA,2.30387166934088
SEA,2.01955486118095
SEA,-0.396253985178191
SEA,-0.892509926211412
SEA,-0.668305458966643
SEA,-4.3972256872803
LA,-0.518824206897989
LA,-5.2076153291855
SEA,1.88030944601633
SEA,0.99813645798713
SEA,-0.542741530807689
SEA,0.106883825734258
SEA,-0.550057365689708
LA,0.548222923185676
LA,1.22003488778137
LA,-1.01933688018471
LA,-1.40053263679147
SEA,0.313097543083131
LA,1.59543222817592
LA,-0.615661426912993
LA,-0.940853195264935
LA,0.822205668780953
SEA,-5.79799406393431
LA,0.770087131182663
LA,1.1885617581429
SEA,-0.0930318869650364
SEA,1.35857883957215
SEA,-5.83518384152558
LA,-1.7403137809597
SEA,-1.55634905165061
LA,0.237535806838423
SEA,1.57076163194142
SEA,0.82733178534545
SEA,0.405959729047027
SEA,0.471971497870982
SEA,0.475112683838233
SEA,0.897328584280331
SEA,0.80978434291319
LA,-1.16452169488184
SEA,0.009499144507572
SEA,-0.283691592514515
SEA,0.860880608437583
SEA,-0.328232559142634
SEA,-0.0255352432723157
SEA,0.395116119703744
SEA,0.240839703619713
SEA,-0.428444915829459
SEA,0.710922332156567
ARI,0.451918484410271
ARI,-0.516238470794633
ARI,-0.449067099252716
ARI,-1.58121155109257
SF,-0.779280423652381
SF,2.84459087694995
SF,1.09003193688113
SF,2.94093278760556
ARI,3.09885632491205
ARI,0.802537665585987
ARI,-0.173056289495435
ARI,0.358354527736083
SF,-1.33341074502096
ARI,-0.235495429486036
ARI,-0.993133491603658
ARI,-0.871519678171155
SF,0.728962203953415
SF,0.648465476988349
SF,1.75352168659447
ARI,1.09173252107576
ARI,2.67309645493515
ARI,0.812658105744049
ARI,1.41934160084929
ARI,1.12756198464194
ARI,-1.02295136254503
SF,-0.476394020952284
SF,-1.68687721772585
ARI,-0.191211507888511
ARI,-0.592827575281262
ARI,-0.17871589330025
ARI,-0.375154487788677
SF,-0.310581379162613
SF,0.450518324389122
SF,-1.47423746397342
ARI,0.652566267526709
ARI,-0.235232871375047
ARI,-0.19614600611385
ARI,-1.06605883681914
SF,0.212301449268125
SF,0.242626485356595
ARI,-0.540407652501017
ARI,0.743716362398118
ARI,-1.06815637648106
SF,1.34407087508589
SF,1.27879195520654
SF,0.907016732846387
SF,-0.558581545890775
SF,-2.33857364667884
ARI,2.00400984170847
ARI,2.58231836894993
ARI,-9.21220921271015
SF,1.11313219554722
SF,-0.427409836673178
SF,-0.998196477070451
SF,2.44976801681332
ARI,0.249508407432586
ARI,0.974401122424752
ARI,0.252133885631338
ARI,-0.203476598253474
ARI,0.991937351180241
ARI,0.939312388072722
TB,0.541291728615761
TB,-1.19308132538572
TB,-1.90712892077863
BUF,-0.613026445033029
BUF,-5.18425625917735
TB,-1.23283404228861
BUF,-0.0396453184075654
BUF,-1.64322732493747
BUF,2.97594799532089
BUF,0.639279466064181
BUF,-0.467816067102831
TB,1.56558284163475
TB,-0.0084529841551557
TB,-0.0828851261758246
TB,0.0048992063966579
TB,3.34363078116439
BUF,-0.508363496046513
BUF,1.8123730563093
BUF,4.63212708639912
TB,-0.455682325176895
TB,2.3175854566507
BUF,-0.502254789462313
BUF,-0.710019358200952
BUF,-0.432255214778706
BUF,-2.07486983819399
TB,-1.24694572959561
BUF,0.545213960460387
BUF,-0.36645967385266
BUF,0.0100445378920995
BUF,5.7175496846321
TB,0.203564433613792
TB,1.12666770751821
TB,0.74962921475526
TB,-0.0864731503534131
BUF,-1.1487656114623
BUF,-0.714671412482858
TB,-0.650939229177311
TB,-0.275656875455752
TB,0.6111917932285
TB,1.40781605651137
TB,-0.538716233859304
TB,-0.947
BUF,1.30358762596734
BUF,-1.42344913646975
TB,-0.79478851146996
TB,-4.74967771873344
BUF,2.49317840381991
TB,0.747051777783781
TB,1.76296082930639
TB,3.42418696172535
TB,-0.947
BUF,1.25834659067914
BUF,-0.440488452790305
BUF,2.35436531505547
BUF,1.30436749977525
BUF,-0.391362797818147
BUF,2.05288973706774
BUF,-0.947
TB,0.480893073603511
TB,-1.64478996908292
BUF,0.63561827247031
BUF,1.41257874574512
BUF,-0.245600600086618
MIA,0.982532937312499
MIA,0.0149155370891094
WAS,0.946948024444282
WAS,0.281513645546511
WAS,2.41067294729874
WAS,1.14694338163827
WAS,1.4331458072993
MIA,0.0045107172336429
MIA,1.30868370132521
MIA,-0.351669679861516
MIA,2.09568365168525
MIA,-0.600641983037349
MIA,-2.06663834860489
WAS,1.69375526881777
WAS,0.7580525187077
WAS,-0.388471069745719
WAS,-0.590248227585107
WAS,-1.86474870118231
MIA,0.407760176341981
MIA,-2.20394349051639
WAS,0.102876367047429
WAS,0.568104630336165
WAS,-0.468982492922805
WAS,1.46482464275323
WAS,1.35087650077185
WAS,-0.567433317017276
WAS,0.497748554611515
WAS,0.399141718866304
WAS,0.363912161788903
WAS,2.4454137912835
MIA,2.10825108236168
MIA,0.992739554494619
MIA,-2.55932925804518
WAS,-0.610354378353804
WAS,1.64666185900569
WAS,-0.667953476775438
MIA,-0.505552139598876
MIA,2.1919436135795
MIA,0.812268487759866
MIA,0.73047714837594
MIA,-0.591297113511246
MIA,0.945525597024243
WAS,-1.15082345390692
WAS,4.14017836144194
WAS,-3.93347729067318
MIA,-0.575144187547267
MIA,-0.938178572803736
WAS,0.46974119276274
WAS,-0.294444471772295
WAS,1.56264380965149
WAS,-0.320159181312192
WAS,0.381731476088629
MIA,-0.0742531030555256
MIA,-0.167177014111076
WAS,-5.0139240748249
ATL,-1.48056767554954
ATL,-2.09054195041618
NO,-1.55199139332399
NO,-0.877653705383129
ATL,0.932895444799215
ATL,0.642667399020866
ATL,-2.05247350875288
NO,-0.636001264676452
NO,1.42205287260003
NO,-0.7313443494495
NO,-0.567523559555411
NO,0.223471230827272
NO,-0.51126106409356
ATL,1.51656733104028
ATL,-0.941849405644462
ATL,1.99891001684591
ATL,2.37289088382386
NO,-0.535713783232495
NO,-0.565069639589638
NO,1.25412522465922
NO,-1.48094811057672
NO,-1.20978948101401
ATL,-8.46871926635504
ATL,-0.374633829575032
ATL,1.58384453319013
ATL,-0.194464508269448
ATL,-0.0649329453590326
ATL,-0.473623915226199
ATL,-1.60212377915935
NO,0.0149300418561324
NO,0.818506163312122
NO,0.814851120463572
NO,0.294047783943824
NO,-0.323389912489802
NO,-1.36870712008494
ATL,-0.478157393168658
ATL,0.0761534865014255
ATL,-0.620298473862931
ATL,0.333458227512892
ATL,0.0806528631947003
ATL,-0.291900462761987
ATL,0.401158325665165
NO,1.06174846529029
NO,-0.451545183779672
NO,0.780552125070244
NO,-0.506585756782442
NO,-0.308720763889141
NO,-4.49161089886911
NO,-0.130496496334672
NO,-0.966206216486171
NO,1.61074371787254
NO,1.65941666555591
NO,-3.09631787312378
ATL,-2.0568217583932
ATL,3.17229218245484
ATL,4.19502440304495
NO,-0.567526082275435
NO,-2.55316044855863
HOU,-0.607714912388474
HOU,-1.68250726303086
BUF,-0.81085214111954
BUF,-0.607548057101667
BUF,-0.654357225168496
BUF,2.26592846773565
BUF,0.788482181727886
BUF,-0.610079260077328
HOU,0.628758144681342
HOU,-0.542407209635712
HOU,-0.970384201267734
HOU,-1.6534412218386
BUF,-1.26152123417705
BUF,-1.17606783844531
HOU,-0.824940087506548
HOU,-1.57777479873039
BUF,1.96213764930144
BUF,0.625777249224484
BUF,-1.15905036439653
BUF,0.675249566440471
BUF,-1.42842386744451
BUF,4.09676038869657
BUF,-1.31646498327609
BUF,-0.551870082038029
HOU,1.45745773520321
HOU,-0.612172829220071
HOU,-0.199244789313525
HOU,-0.420505638001487
HOU,0.914210924704093
HOU,1.10388091552886
BUF,-4.71698181459215
HOU,-1.18305440747645
HOU,0.422152987822844
HOU,-0.170287474873476
HOU,1.23183331958717
HOU,0.359022494812962
HOU,1.62708296909113
HOU,-0.65394745444064
HOU,3.42936681606807
BUF,1.88329937448725
BUF,-0.455534356180579
BUF,-2.77934707631357
HOU,-0.725359889212996
HOU,-1.21848450088874
BUF,-0.77237448701635
BUF,-1.76848651142791
BUF,-0.407445335295051
BUF,-4.26229698094539
HOU,-0.776484854170121
HOU,-0.450504322868076
BUF,-1.3716045296751
BUF,-0.390153547748923
BUF,2.58367806463502
BUF,-0.431208768161014
HOU,-0.726540649775416
HOU,-1.35780035238713
BUF,0.136526425834745
BUF,-1.66008315584622
BUF,4.26123062765691
BUF,-1.17884772783145
BUF,0.0756270096753724
BUF,-1.00698569739969
HOU,1.10126161924563
HOU,-0.525939676677808
HOU,-0.833643486839719
BUF,0.155531887896359
BUF,0.812781958142296
BUF,0.63430340308696
BUF,0.0008921023691073
BUF,-0.216477463021874
BUF,-1.32147030637134
BUF,-1.08345194789581
BUF,4.33624710550066
BUF,-0.344643298303708
BUF,-1.22241455258336
BUF,-2.66051789565245
SF,-1.13686019787565
SF,2.18878055876121
SF,-0.182084889151156
SF,1.1955864392221
SF,-0.51008155522868
SF,-0.190924080670811
SF,2.21759010863025
CAR,-0.582946151029319
SF,-4.97999067371711
CAR,0.101201581244823
CAR,1.65501001826487
CAR,-7.28375715605216
SF,1.15675144875422
SF,0.628295842790976
SF,-0.13913976913318
SF,1.05618354293983
SF,-0.113813193398528
SF,-0.737294615362771
SF,-3.86419436323922
CAR,0.235797335626557
CAR,-1.34585919929668
SF,-4.59830356750172
CAR,0.712147376907524
CAR,-0.477151985629462
CAR,0.0105497447657399
CAR,-1.58418713638112
SF,-0.395505423541181
SF,1.86965554970084
SF,-0.362255495681893
SF,-0.338803668739274
SF,-0.866458111686417
CAR,-0.169948895694688
CAR,-0.241255386266857
CAR,-0.397753397817723
SF,-0.0603125180350617
SF,-0.0820176141569391
SF,-0.275067221256904
CAR,0.445447817444801
CAR,-1.64765802933835
SF,1.00513525796123
SF,-0.57445582584478
SF,1.58883768529631
SF,0.302341746399179
SF,1.70615547802299
CAR,-0.536014982499182
CAR,1.46107538044453
CAR,1.06612203363329
CAR,0.13488861056976
CAR,0.60592015425209
CAR,-0.443812045268714
CAR,3.47733519400936
CAR,-0.947
SF,0.525363587308675
SF,1.3006390708033
SF,0.467413123638835
CAR,-0.514879338908941
CAR,1.75186240742914
CAR,-0.233933770097792
CAR,1.03558557888027
CAR,-0.320346478605643
CAR,-4.22113155236002
CAR,-0.472587571013719
CAR,1.01957285986282
CAR,-0.42875684320461
CAR,-1.50712742877658
CLE,-0.716192445717752
CLE,-0.922800421714783
LV,-0.646237695589662
LV,1.39045719895512
LV,-1.09071206441149
LV,-0.411478551104665
LV,-1.17982456274331
LV,-0.844924909528345
LV,-1.9864298789762
CLE,-1.10865985229611
CLE,-1.07391367200762
LV,-0.831214152276516
LV,0.28512131376192
CLE,1.08459961996414
CLE,-0.914849481545389
CLE,5.34980149718467
LV,1.33142152195796
LV,-0.547600799938664
LV,1.07270589307882
LV,1.7090623594122
LV,-1.31086181651335
LV,-0.900131477728275
CLE,-6.21773112250958
LV,-0.478559005753302
CLE,-0.234664137242362
CLE,-1.21670223516412
LV,-0.498481997754425
LV,1.3239436247386
LV,-1.47971391119063
LV,-1.23568194522522
CLE,-2.07038249773905
LV,-0.64844438387081
LV,-0.980252323905006
CLE,-0.702859937446192
LV,0.57556045887759
LV,0.850808551069349
LV,-1.5574667553301
LV,-0.178370500914752
LV,1.73074011784047
LV,-1.804075374268
LV,-0.205710755195469
LV,-3.48332084272988
CLE,-0.553395126247779
CLE,-0.604772758670151
LV,-0.623187058139592
LV,-1.52201286004856
CLE,2.73120524128899
CLE,-1.46830963110551
LV,-0.570412922883406
LV,3.31430599989835
LV,-0.466968354769051
LV,-1.49926233862061
LV,-3.4881382943131
CLE,-0.559508603997529
CLE,0.971407604636624
CLE,-0.407523077460046
LV,-1.73083336371928
IND,-0.344024861464277
IND,0.383674343116581
IND,-0.377270497847348
IND,-0.123243313748389
KC,-5.78162873390829
IND,1.94160226138774
KC,0.751279276795685
KC,0.827399439644069
KC,-0.749968183459714
KC,1.14049545349553
KC,0.65895060566254
KC,0.451770827174187
KC,0.111760829400737
KC,-0.455889673205093
KC,-1.07197422187396
IND,-0.0700534619390965
IND,0.547874228330329
IND,-0.496947689447552
IND,0.753741427091882
IND,3.72102328017354
IND,-0.256598576845136
IND,1.58577979210531
KC,-0.110128639731556
KC,1.19737266958691
KC,0.67906161909923
KC,0.335411417996511
KC,-0.704447916417848
KC,-0.872118459930229
IND,-1.18010938877705
KC,0.930101986741647
KC,-0.570261498272885
KC,1.55047506198753
KC,2.2174771213904
KC,-0.378141472232528
KC,-0.482584247773048
KC,-1.11934636792284
KC,-0.632632734231664
KC,-0.556321155745536
KC,-0.703129358123988
IND,-0.051711201434955
IND,1.98001362360083
IND,1.72538181563141
IND,0.294752644840628
IND,-1.27960532962623
KC,-0.456032778834924
KC,-1.7522659660317
IND,-0.0679769278503954
IND,1.49472592433449
IND,-0.419779034913518
IND,1.4577892384259
IND,-0.992677059955895
IND,-1.33611200188215
KC,1.18867150205188
KC,2.70924217026914
KC,-0.466392761969473
IND,-0.614852961618453
IND,-0.922678181668743
KC,-0.470010012388229
KC,0.234917737077922
KC,0.845676656579599
KC,-0.480735069606453
KC,-0.0085958174895495
KC,1.30613312555943
KC,0.754241824499331
KC,1.2220686962246
KC,1.044314394705
KC,1.053
IND,-0.499374056234956
IND,0.379180940799415
IND,-1.6692247739993
KC,-0.61857877811417
KC,-0.66814841539599
IND,-0.499634155537933
IND,-0.695541666354984
IND,-0.798886317876168
KC,-0.456360144773498
KC,3.62511424371041
KC,-0.69976108398987
KC,-0.917782682168763
KC,3.55714986415114
KC,1.01224242791068
KC,0.740598710603081
KC,-0.954871199443005
KC,-0.733638099351022
IND,-0.0969613718334585
KC,-0.468442025594413
KC,3.0553542135749
KC,1.73234392562881
ARI,0.932010439457372
ARI,-0.16133321239613
ARI,0.861733289435506
ARI,-0.0267341365106404
ARI,-2.44621487567201
JAX,2.43064009794034
JAX,1.89332036062842
ARI,1.06483948742971
ARI,0.602993466192856
ARI,0.927004957688041
ARI,-0.557125051389448
ARI,-1.92785458697472
ARI,-1.41024672240019
JAX,-0.756723725469783
JAX,-6.02924786205404
JAX,-0.832512705586851
JAX,2.47492801072076
JAX,0.356558960862458
JAX,-0.609407174517401
JAX,-1.67465490101067
ARI,-0.820779486559331
ARI,0.776871517067775
ARI,0.787586869788356
ARI,0.837315530399792
JAX,-1.47000404633582
ARI,-0.2410093548242
ARI,0.645716484636068
ARI,1.14860131847672
ARI,-1.52068273187615
ARI,0.0895499368198216
ARI,0.140503078931943
ARI,0.848663560755085
ARI,-0.296485748433042
ARI,0.470542144204956
ARI,1.71910298982402
ARI,-0.161778150475584
ARI,-0.613591050554533
ARI,-0.834953933879813
JAX,0.0016804717015475
JAX,-0.0869482155540027
JAX,1.02503720438108
JAX,0.947545305010863
JAX,1.61982809036272
JAX,-7.14751680585323
ARI,0.0627937987446785
ARI,-1.13231873000041
JAX,0.858057453180663
JAX,-0.493848365033045
JAX,0.635810324747581
JAX,2.931067066791
ARI,1.2799474732019
ARI,-0.782343593426049
ARI,-2.7833960717544
JAX,-0.113489713985473
JAX,-4.33800818072632
ARI,-0.824735144618899
ARI,-1.52640016027726
JAX,1.46058157552034
JAX,0.0594018544070423
ARI,0.783105826703832
ARI,-0.513480244670063
ARI,-0.708429537247866
ARI,-1.47125907079317
JAX,1.73937827954069
JAX,-0.758266484597698
JAX,-3.66073233052157
ARI,-0.861983901821077
ARI,4.75226263073273
JAX,1.37654693296645
JAX,1.56174052180722
JAX,0.75436846941011
JAX,1.91531670774566
ARI,0.108332932926714
ARI,-1.16805332701188
ARI,-0.308436189778149
ARI,-3.11562851764029
JAX,0.35482853819849
JAX,-3.31937573541654
ARI,-0.210736466571689
ARI,-0.333618774311617
ARI,-0.345504987053573
ARI,0.909246878931299
ARI,1.02917382097803
ARI,-0.182270516489475
JAX,1.70939798292238
JAX,-1.45961786446817
ARI,-1.22081173188053
ARI,0.396192328538746
ARI,1.25274635106325
ARI,0.852978493086994
ARI,-0.227262850443367
ARI,-0.479970983695239
ARI,-1.57607104297495
ARI,-0.443890348542482
MIN,1.01244253013283
MIN,-0.515966783743352
MIN,-0.740679004462436
MIN,-1.25400029086283
GB,0.0961903007701039
GB,1.67239130591042
GB,2.00489592392114
MIN,0.591600154992193
MIN,-0.949909490533173
GB,0.587887373985723
GB,-0.593982564751059
GB,-0.779649386648089
GB,2.43407453270629
GB,-0.539342570118606
GB,-0.845559508539736
GB,-1.5053096297197
MIN,0.484888337552548
MIN,-0.117963342461735
GB,0.273867168463767
GB,1.57140988885658
GB,-0.0225135476212017
GB,-1.06955261276429
MIN,0.762455042335205
MIN,-0.139188053901307
MIN,-1.01897538616322
MIN,-0.0548673952997177
GB,1.18062827759422
GB,0.806686251889914
GB,-1.2612689321395
MIN,-1.35169802233577
MIN,-0.363808557391167
MIN,-0.768801750615239
GB,1.64096689317375
GB,0.788448047824204
MIN,-1.3295279686572
MIN,-1.52566507726442
NE,0.627899219281972
NE,-1.63993124850094
CIN,-0.0919876610860229
CIN,1.18194342777133
CIN,-0.35001766611822
CIN,1.90340567473322
CIN,-0.533708999399096
CIN,-2.35903002970624
NE,-0.566843187902123
NE,-0.189348885789514
NE,-1.36020373273641
CIN,0.89378727786243
CIN,-0.498996720416471
CIN,-1.6267280196771
CIN,-0.731320377672091
CIN,-2.82280364935286
NE,0.257015164708719
NE,-7.13123749569058
NE,-0.496797354891896
NE,0.167922402266413
NE,1.17553606140427
NE,-0.0272573148831725
NE,1.50012597814202
NE,3.01123943203129
CIN,1.14599920925684
CIN,-8.66052680043504
CIN,-0.747919439803809
CIN,0.0209044062066823
NE,1.47818744345568
NE,1.17228708934272
NE,1.18974509241525
NE,-0.289647332392633
NE,-0.295321557517663
CIN,0.648644981174042
CIN,-0.264956222614273
CIN,-1.57899638614617
NE,-0.713013801723719
NE,4.09386116196401
NE,-0.468879093416035
NE,0.338322906172834
NE,-1.28615914669354
NE,1.45977862307336
CIN,1.176304589957
CIN,-1.61872806889005
NE,1.00103500299156
NE,-0.0965065446216613
NE,2.04720151575748
NE,-2.52883656497579
NE,0.966356280857225
CIN,0.223693805281073
CIN,0.493980418890715
CIN,-1.64490183535963
NE,2.11556474515237
NE,0.233677692245692
NE,1.42213612655178
NE,-0.417154212365858
NE,1.17630029411521
NE,1.68361452926183
NE,-0.417311681841966
CIN,-0.478427982423455
CIN,1.09505889983848
CIN,0.826719410833903
CIN,2.51636729808524
NE,-0.549769680132158
NE,1.28777902282309
NE,-1.10055210939785
CIN,-0.176995671121404
CIN,0.0049248113064095
CIN,-0.655212406651117
CIN,-0.301761320326477
CIN,-0.211456395103596
CIN,-0.393160779844038
CIN,1.45333561790176
CIN,0.66115392089705
CIN,-0.165240296337288
CIN,-0.175650675490033
CIN,-1.60295488848351
NYG,1.60384593182243
NYG,4.35834641405381
DET,0.715275607304648
DET,-0.503138206200674
DET,-0.788646731991321
DET,-2.64326984994113
NYG,-1.30959270894527
DET,-1.01860173465684
DET,-1.03811117867008
NYG,2.01955260755494
NYG,2.55171214754228
NYG,2.05046523513738
NYG,-1.82624393749459
DET,1.17663475917652
DET,0.686182468663901
DET,1.2351054957835
DET,-2.5737252717372
DET,3.30603663204238
NYG,2.72254384111147
NYG,-0.801191097474657
NYG,3.22196428908501
DET,-0.625881764804944
DET,-0.733272863319144
DET,-1.79736289056018
DET,0.932325287983986
NYG,1.61486597632756
NYG,-0.208936109789647
NYG,-0.390747224737424
NYG,-1.08437933759355
DET,-0.0903073896188289
DET,1.32350345817395
DET,0.179831783014079
DET,0.987015067134053
DET,-1.22005611984059
DET,-0.756436291849241
DET,-0.900275172432885
NYG,-0.648352034855634
NYG,2.17980815307237
NYG,-0.54173194989562
NYG,1.36827484332025
NYG,-0.884214680176228
NYG,-1.81368987867609
DET,1.83855902520008
DET,2.10582697612699
DET,-0.520318234688602
DET,0.155754657112993
DET,-1.60538874799386
DET,0.0433445877861232
DET,-3.89229427045211
NYG,2.22828596853651
NYG,0.414195601595566
NYG,3.22335465252399
DET,1.70363481971435
DET,-0.0834913433063775
NYG,-4.89985215896741
DET,-0.812953983200714
DET,-1.77737149922177
NYG,3.18771912716329
NYG,-0.727782874368131
NYG,-0.777753449976444
NYG,4.10219386732206
NYG,-0.8089561171073
NYG,-3.29929473868106
DET,-0.296712439274415
DET,1.21792222606018
DET,-0.420683933887631
DET,0.325678075430915
DET,0.0366726538632065
DET,0.513109053077642
DET,1.60133298492292
DET,-0.390264048357494
DET,-0.87106977973599
DET,-0.928323782485207
NYG,-0.160938609478762
NYG,-0.557784361066297
NYG,-1.32890175096691
NYG,3.27783925528638
NYG,0.878664208110422
NYG,0.970299810054712
NYG,-0.219820336613338
NYG,-0.572070134279784
NYG,-2.09089415782364
NYJ,-0.939338398631662
NYJ,-1.66488945973106
BAL,0.520979697816074
BAL,0.09325490007177
BAL,-1.51896398467943
NYJ,2.24780215113424
BAL,-1.33343962347135
NYJ,0.327087487094104
NYJ,-1.66133617679589
BAL,-0.756497629452497
BAL,-0.196636094013229
BAL,0.303452881751582
BAL,-1.88775367033668
NYJ,1.9030107986182
NYJ,0.962117094080895
NYJ,0.85086437955033
NYJ,1.55881533562206
NYJ,-0.763769375858828
NYJ,3.26158889103681
BAL,1.74307441129349
BAL,-0.387149334012065
BAL,1.5505662758369
BAL,-0.509715783642605
BAL,-0.0232347075943835
BAL,-0.98002208405965
NYJ,0.641651883721352
NYJ,-0.287106291507371
NYJ,0.191684075281955
NYJ,-1.82705764769344
BAL,-0.0965206688852049
BAL,-0.608107438310981
BAL,-0.850649461150169
BAL,1.43052710150369
BAL,0.0615268085384741
NYJ,-0.0696431933902204
NYJ,-2.91102384426631
BAL,1.28121175360866
BAL,-0.64741718408186
BAL,-1.95694105461007
NYJ,-0.392232622019947
NYJ,1.79867180739529
NYJ,0.152006403310224
NYJ,2.53692042385228
NYJ,-0.57705645437818
NYJ,-1.14793429038507
BAL,1.95957756438293
BAL,1.88186639652122
BAL,1.04561078810366
BAL,-0.456836969999131
BAL,-0.648711188230664
BAL,-0.93848700390176
NYJ,0.6968356911093
NYJ,2.58318851183867
NYJ,1.27801222790731
DAL,1.38703063037246
DAL,-0.618513046531007
DAL,-1.38580517214723
DAL,-2.95959046366625
PHI,0.184525793185458
PHI,0.817323611001484
PHI,-0.523892623954453
PHI,1.59002571064048
PHI,-0.31254707503831
PHI,3.08871098322561
DAL,-1.56388283753768
PHI,-0.844908110797405
PHI,0.840374080231413
PHI,-0.523985296254978
PHI,-0.904308240395039
PHI,2.80502819688991
PHI,-0.311292643891647
PHI,-0.525969276903197
DAL,-0.481011233525351
DAL,2.09073352476116
PHI,1.09420305595268
PHI,-0.59001876343973
PHI,4.48297610675218
PHI,1.35679907631129
DAL,-0.0701119757723063
DAL,1.07151457108557
DAL,0.387882284587249
DAL,1.04704391397536
DAL,1.36156117898645
DAL,1.41180495874141
DAL,-5.95585704618134
PHI,0.157910994719714
PHI,-1.03707835543901
DAL,2.83500119677046
DAL,0.491049359494355
DAL,2.46499088726705
DAL,0.832335014594719
PHI,0.534335795557126
PHI,-0.817808905616403
PHI,-1.49520466662943
DAL,0.999419783242047
DAL,-1.95611583744176
PHI,-0.774530468974263
PHI,2.15700151305646
PHI,-0.937482030829415
PHI,-1.71358360024169
DAL,1.57407067716122
DAL,0.704383935313672
DAL,-0.499911421560682
DAL,-1.52941366413413
PHI,-1.12182603031397
DAL,-0.589517045067623
DAL,-0.84570406191051
DAL,4.24142160476185
DAL,0.894406600215007
PHI,0.521044057328254
PHI,1.2856569060823
PHI,-0.605196976102889
PHI,-0.0405908520333469
PHI,-0.235955780434269
DAL,2.55697497702204
DAL,1.96365179476561
PHI,0.376210186164826
PHI,1.17788907536305
PHI,-0.0957890269346535
PHI,1.04699593537953
PHI,-0.167290049605072
PHI,-4.40581310587004
DAL,-0.550765524618328
DAL,-0.817872878164053
DAL,-0.77400926919654
DAL,-0.0797778839769308
DAL,-1.09310342214303
DAL,-4.27270783612039
PHI,0.842099074390717
PHI,1.00810578768142
PHI,-0.495015367632732
PHI,0.198894056607969
PHI,-2.39070830575656
DAL,-0.106735864770599
DAL,1.55351158982376
DAL,1.76746522932081
CHI,-1.45482105761766
PIT,-4.124999595806
CHI,-0.491330557269976
CHI,0.672434685984626
CHI,0.990909362852108
CHI,1.05486412573373
PIT,1.40551917441189
PIT,1.42106405599043
PIT,-0.307413374772295
PIT,0.190294346073642
PIT,1.5625230424339
PIT,0.31549586734036
CHI,-0.548847364727408
CHI,-6.43876046128571
CHI,1.59427602100186
CHI,-0.0058050581719726
PIT,0.828643446438946
PIT,-0.413597279926762
PIT,-0.216194698936306
CHI,-0.481214918196201
CHI,-0.657633832655847
CHI,-0.118792067747563
CHI,-0.300447440939024
CHI,2.11309255764354
CHI,-0.419473413436208
CHI,2.94141848565778
PIT,-0.0233120893826708
CHI,-0.392447145131882
CHI,-0.408300521376077
CHI,1.05389756447403
CHI,0.0226134679396637
CHI,-0.288202558993362
CHI,1.00125561968889
CHI,0.208079659026048
PIT,0.0508347125723958
PIT,-1.14944237843156
PIT,-1.31530231051147
CHI,0.952893282286823
CHI,0.929567262064666
CHI,-1.72439374658279
CHI,0.926185851218179
CHI,3.52548574469984
PIT,-1.75269034830853
CHI,-0.560177212115377
CHI,-0.774605286773294
CHI,-0.053942630533129
PIT,-5.31531999935396
CHI,1.04256263817661
CHI,-0.630906369769946
CHI,-0.252248781034723
PIT,0.339897740632296
PIT,-0.266523875063285
PIT,-0.583116339053959
PIT,2.37838169082534
PIT,-0.432906429516152
PIT,0.433717438427266
PIT,2.40622055949643
CHI,-0.48531304532662
CHI,-0.12485880125314
PIT,0.705375066725537
PIT,0.214185123099014
PIT,-0.592371686594561
PIT,-0.923924766015261
CHI,-1.19769066903973
PIT,0.158731956616975
PIT,0.326862724265084
PIT,0.545157472661231
PIT,-0.340887859405484
PIT,-0.314101467607543
PIT,-0.639218399068341
PIT,-0.338018379523419
TEN,1.28923772810958
TEN,-0.0540374293923378
TEN,-1.82468447228894
TEN,3.15223767666612
TEN,1.16393293673173
TEN,-0.4667624469148
TEN,0.0867225919500925
TEN,-1.13479458721122
TEN,0.693903188221157
TEN,-1.9805271605905
SEA,-0.516372060636058
SEA,-0.324663087725639
SEA,2.17775473173242
SEA,-1.47344780693226
TEN,2.46588066336699
TEN,0.129449233878404
TEN,-0.165022478438914
SEA,0.316539308521897
SEA,6.37984840315767
TEN,-0.332196005154401
TEN,-1.97018012113404
SEA,1.19527184276376
SEA,0.514943464309908
SEA,-0.910788616223726
SEA,-0.548091516273104
TEN,-0.516873646411113
TEN,-0.538304710760713
TEN,2.51542334468104
TEN,0.609424065274652
TEN,-1.50311742251506
SEA,-0.277168769272976
SEA,0.798239120165817
SEA,0.777946294925641
SEA,-0.46784488519188
SEA,-0.00575048764175
SEA,4.08945447672159
SEA,2.01700343232369
TEN,-0.45338498824276
TEN,-0.781535440590233
TEN,-2.32104176701978
SEA,-0.599391100462526
SEA,0.617833568714559
SEA,-1.6324072862044
SEA,2.00152745924424
SEA,-0.204015531344339
TEN,2.02198293805122
TEN,1.83181267080363
TEN,-0.386340619239491
TEN,-0.635912674362771
TEN,1.8422211552388
SEA,0.709368149284273
TEN,-0.240664036478847
TEN,-0.497247234219685
TEN,-0.0484111830592156
TEN,1.7598256302299
TEN,-0.915248938603327
TEN,-0.41029866761528
TB,0.0174736948683858
TB,-0.219848522450775
TB,-0.561352476477623
TB,-1.87145975511521
LA,-0.647515986580402
LA,2.39207140891813
LA,0.231955473311245
LA,2.07026964519173
LA,-1.79832849395461
LA,-0.790278476895765
LA,3.12129098933656
LA,1.34012313664425
LA,0.443797990679741
TB,1.43324044393376
TB,-1.10361277777702
TB,-8.67485892074183
TB,-0.595748920924962
TB,-0.78898642025888
TB,-2.18330206116661
LA,-0.684541031252593
LA,0.0347893240395933
LA,1.53855795692652
LA,1.02858122286852
LA,-0.45652256696485
LA,1.42857449280564
LA,-0.422163423616439
LA,-1.01099670078838
LA,2.55907933751587
TB,-0.791719789151102
TB,1.70074463891797
TB,-0.411476311972365
TB,1.61996836250182
TB,1.99965014541522
LA,-0.330318272346631
LA,2.12622224609368
LA,0.813607406336814
LA,2.83030769764446
TB,-0.415780352894217
TB,-0.575504945707507
TB,-3.24164745322196
LA,0.458905004081316
LA,-1.33972461322612
TB,0.107929363963194
TB,-0.286097496107686
TB,0.389894915744662
TB,-0.332033344253432
TB,-0.393036934256088
TB,0.0419759786454961
LA,0.472653912380338
LA,-0.800442165927962
LA,-1.91394444112666
LA,-3.78523629973643
TB,-1.0252206819132
TB,-0.0188060835935175
TB,3.2927341281902
TB,-0.717066890676506
TB,-1.01859207486268
TB,-4.41876162518747
LA,0.597464652732015
LA,0.773540368769318
LA,-0.140407638857141
LA,-1.69808964780532
TB,-0.0982510966714472
TB,-1.43172363378108
LA,0.829770164098591
LA,0.903890826739371
TB,-0.178471945226192
TB,2.93054378125817
TB,-0.831055277492851
TB,-0.0424111946485937
TB,-1.64549554651603
ARI,0.259030029876158
ARI,0.956932886503637
ARI,0.431336275301874
ARI,0.254041310865432
ARI,0.0624091094359756
ARI,1.18835250998382
ARI,-4.87365595059237
TB,0.653637907933444
TB,-0.55833793617785
TB,-2.25573350116611
ARI,-0.700373744126409
ARI,-0.697970419190824
TB,0.604384662117809
TB,1.79480427061208
TB,-0.840481605206151
TB,-1.13341889594895
ARI,-0.806712564546615
ARI,-0.657617112621665
ARI,-1.45284349052235
TB,0.0627317681792192
TB,2.05873527139192
TB,-0.560064517543651
TB,0.274309708096553
TB,2.07291802502004
TB,0.194851515232585
TB,2.98821846296778
ARI,-0.775950555340387
ARI,0.306776522309519
ARI,1.2096044018399
ARI,0.445705626509152
ARI,-0.71165064314846
ARI,0.29521472385386
TB,-0.504341476829723
TB,-1.19580360502005
ARI,1.13322284305468
ARI,-0.579664208460599
ARI,1.3102257612627
ARI,1.53865124075674
ARI,1.00054713163991
ARI,0.150342858862132
ARI,-1.37273090663736
TB,-0.76627240749076
TB,2.78916007885709
TB,1.98268914519576
TB,0.0516648766351864
ARI,1.16661842050962
ARI,1.25343857449479
ARI,0.307474451139569
ARI,0.366814752516802
ARI,2.16381953080418
TB,1.34426439716481
TB,-0.854793454986066
TB,-1.59881411865354
ARI,0.608715054346249
ARI,1.6395385558717
ARI,0.33650880958885
ARI,-1.61185237718746
TB,-1.91961739125288
ARI,1.43021431425586
ARI,0.636483127716929
ARI,-0.310775273130275
ARI,0.969804998894688
ARI,-0.465015970345121
ARI,2.68112842878327
TB,-0.412110123084858
TB,0.0930381142534316
TB,-0.72720073221717
TB,-0.635449411463924
ARI,-0.0640136820729822
ARI,0.135150289279409
ARI,-0.500755140790716
ARI,-3.66041473671794
NYJ,-0.617612971924245
NYJ,1.34337375266477
NYJ,0.909194843843579
NYJ,-0.521587500581518
NYJ,-0.829206230118871
ATL,0.948407500982285
ATL,-0.498164685675874
ATL,1.21423328039236
ATL,-0.119882521452382
ATL,-0.871035864343867
ATL,-2.13293495727703
NYJ,0.252850143238902
NYJ,-0.300961918430403
NYJ,-1.08727475255728
NYJ,1.9090461836895
NYJ,-1.66345994360745
ATL,0.487771931802854
ATL,-2.16527535393834
NYJ,-1.19597243284807
ATL,0.307551036123186
ATL,-0.881971253314987
ATL,1.58949104556814
ATL,-0.464409617474303
ATL,0.118368521798402
ATL,-1.65882320585661
NYJ,-0.667006341507658
NYJ,-0.744679485913366
ATL,0.80432946421206
ATL,0.175926973228343
ATL,0.817410554620437
NYJ,0.132380991708487
NYJ,-1.56932506896555
ATL,0.26269909273833
ATL,3.76277101301821
NYJ,0.933798698475584
NYJ,4.0827601714991
ATL,0.0865513803437352
ATL,2.5807314470876
ATL,-0.647845056490041
ATL,-1.47818646973399
NYJ,0.744822954526171
NYJ,-0.506217250134796
NYJ,0.580809657461941
NYJ,-0.212122121709399
NYJ,-0.77012387115974
NYJ,-2.00939080425449
ATL,1.10825674771331
ATL,-1.43230442673769
NYJ,-0.456607528903987
NYJ,-1.45035376446322
ATL,0.3373534521088
ATL,1.13698233361356
ATL,1.83103980869055
ATL,-0.739143503829837
ATL,3.28447487181984
NYJ,0.645355479326099
NYJ,1.86295929912012
NYJ,-0.418356512323953
NYJ,1.23643068218371
NYJ,-0.692573709180579
NYJ,-0.193553952616639
NYJ,2.56501804891741
ATL,-0.326305286027491
ATL,-0.892812678590417
NYJ,-0.763593431795016
NYJ,0.00395061832387
NYJ,-0.256966448388994
ATL,-0.191625927982386
ATL,-0.219759830099065
ATL,-0.280011506925803
NYJ,0.502368761168327
NYJ,0.44736323779216
NYJ,-0.332129894173704
NYJ,0.40339403130929
NYJ,-0.242539039929397
NYJ,0.47345008787073
BUF,-0.529801344033331
BUF,2.28224382316694
BUF,-3.57306332723238
PIT,0.68036616477184
PIT,-0.481382596073672
PIT,-1.59198425500654
BUF,-0.0367380920797586
BUF,-1.83930043689907
PIT,-1.55749324755743
BUF,-0.083263969514519
BUF,-1.4138408312574
PIT,-0.475792831275612
PIT,-0.490981716196984
PIT,-1.63681400776841
BUF,1.45178928179666
BUF,0.314532157033682
PIT,0.874940081848763
PIT,-0.424953775014728
PIT,1.47871034033597
PIT,0.813168603461236
PIT,-0.430057023069821
BUF,-0.109198007499799
BUF,-0.704848228604533
BUF,1.74376040970674
BUF,-0.423221371951513
BUF,-0.601043097034562
BUF,-0.921722272702027
PIT,0.0182748368824832
PIT,-8.5150482323952
PIT,2.01375713408925
PIT,-4.03107724804431
BUF,0.985813541105017
BUF,2.53899908484891
PIT,-0.753620753064752
BUF,0.832569126971066
BUF,1.45236297976226
BUF,-0.0463220758829266
BUF,-0.477899633464404
BUF,1.71201201621443
BUF,-0.445700178504922
PIT,-0.518055588705465
PIT,-0.459718556783628
PIT,-0.786837360123172
PIT,-0.588106416165829
CHI,0.475324996747077
CHI,-0.514396081212908
CHI,1.48368122894317
CHI,0.650582660106011
CHI,-0.70763362722937
PHI,1.14616302470677
PHI,-0.868810633430257
PHI,-1.54284623917192
CHI,0.296104542445391
CHI,-0.467721080058254
CHI,0.394339995866176
CHI,-0.473853630654048
PHI,2.75651054631453
PHI,-1.22699357617753
CHI,-0.757152427686378
CHI,1.80585380108096
CHI,0.679699283326045
CHI,-0.567193623865023
CHI,-0.174380430602469
CHI,1.15124908648431
CHI,-0.438200924021658
CHI,-0.755777835496701
CHI,-0.893185549447037
PHI,0.0376134768594056
PHI,-1.50300406548195
CHI,1.23627441574354
CHI,-0.474175867857412
CHI,-0.559752690489404
CHI,-1.69984352751635
PHI,-0.484756670775823
PHI,-0.522459621191956
PHI,-0.151934231398627
CHI,-0.097529444436077
CHI,0.463384613278322
CHI,-0.185735494887922
CHI,-0.0873644204693846
PHI,-0.573949669022113
PHI,-1.44328184239566
CHI,-0.556649167556316
CHI,-1.45639713248238
PHI,-3.36232806416228
CHI,-0.808193108066917
CHI,-1.89704935764894
PHI,0.915193478576839
PHI,1.24261117330752
PHI,3.01725730276667
CHI,-6.91008143068757
CHI,-1.75439595896751
CHI,3.31242075457703
CHI,1.01382459426532
PHI,-0.543377589434385
PHI,-1.1339958710596
CHI,1.53903231164441
CHI,-0.212738776346669
CHI,1.3725703774835
PHI,-0.947
CIN,0.621796922525391
CIN,0.178507056552917
CIN,1.04537812189665
CIN,0.749809261527844
CIN,-0.471607112442143
CIN,-1.02726325842266
BAL,1.14184009935707
BAL,0.53723919345066
BAL,-0.567736193770543
BAL,1.23385481338482
CIN,-1.35457342024893
CIN,-0.527435763739049
CIN,-0.366657401900739
BAL,-0.690017127199099
BAL,-5.29174429411069
CIN,-0.363417367101647
CIN,-1.90305411175359
CIN,-2.91237267502584
BAL,-0.802611548453569
BAL,-1.06390333874151
CIN,2.36794385244139
CIN,-0.519284096779302
CIN,-0.546637202613056
CIN,-0.433458435349166
CIN,-0.683865048922598
CIN,-0.651615705876025
BAL,-0.503591757034883
BAL,-0.0347727846819907
BAL,1.33886138233356
BAL,-0.490020861616358
BAL,1.17971251590643
BAL,-3.19848524872214
CIN,0.0503607590217143
CIN,1.28964801575057
CIN,2.63988997461274
CIN,-0.569529939210042
CIN,1.82253530842718
CIN,-0.440682868065778
CIN,-1.10182331007978
BAL,-0.391815948998556
BAL,2.02857906988356
BAL,0.360451014770661
BAL,-0.463080734596588
BAL,-1.93281502957689
CIN,0.191200249828398
CIN,1.08245543664088
CIN,-0.340228922432289
CIN,-0.469085928867571
CIN,-0.777300893154461
BAL,-4.13318070961395
CIN,-0.0884949189494364
CIN,-0.556774569617119
CIN,-0.454619485714059
BAL,-1.33763706311584
CIN,-0.898030978860334
CIN,1.41753999795765
CIN,-0.275848418939859
CIN,-0.747471533482894
CIN,-0.487596362247132
CIN,3.45109197974671
BAL,1.04851409979165
BAL,-0.477259942796081
CIN,0.770756497513503
CIN,-0.527724836021662
CIN,2.42858274874743
CIN,-0.631368632195517
CIN,4.31275001377799
BAL,2.87316200206988
BAL,-0.449857902829535
BAL,1.31774640461663
BAL,-0.746706220437773
BAL,-5.81662171176868
CIN,-0.847803041338921
CIN,1.82422372349538
CIN,1.11446308239829
DEN,1.50762287224643
DEN,-0.53644190961495
DEN,-0.906983970897272
DEN,2.33113960199989
DEN,1.08819236815907
DEN,-0.739326016686391
DEN,-1.2222205166508
WAS,0.276809327304363
WAS,1.31645596306771
WAS,-0.044363905210048
WAS,-0.141484452644363
WAS,-0.347306665033102
WAS,-1.8281015031971
DEN,-0.55873992620036
DEN,-0.850172806996852
WAS,-0.59774118498899
WAS,0.656274191220291
WAS,-0.985780911752954
WAS,-5.77845939580584
DEN,-0.515547477640212
DEN,-0.277876844396815
DEN,-0.644811926409602
DEN,3.59312644647434
DEN,0.82668881083373
DEN,-0.919756487747373
WAS,-1.39890402602032
WAS,-0.423980760155246
WAS,2.30056658224203
WAS,2.08948385046097
WAS,1.20409895767807
DEN,0.0640154739376158
DEN,-0.409317438374274
DEN,0.913853498583194
DEN,-0.349372010736261
DEN,0.846943769836798
DEN,0.758905767288525
DEN,0.776749323995318
DEN,0.244312586437445
DEN,-0.411805677402299
DEN,2.86486252199393
WAS,1.22224893514067
WAS,0.830151504720561
WAS,-0.785684911999852
WAS,2.42132714815671
WAS,-0.941964589175768
WAS,2.44644997897558
DEN,-0.736813169904053
DEN,2.05847929767333
DEN,-0.611881061689928
DEN,3.76612403534818
DEN,-0.121942202094942
DEN,2.49681146402145
WAS,-0.523382081883028
WAS,1.42696374794468
WAS,-1.57352469675243
DEN,1.63034246163443
DEN,-0.400112288072705
DEN,-0.73274113284424
DEN,-3.71864351793192
WAS,1.00047463062219
WAS,-0.453698868397623
WAS,-0.647833190858364
WAS,-1.0583211630025
DEN,-0.495118657127023
DEN,0.13277769787237
DEN,-2.02869769511744
WAS,-1.5005733622238
DEN,-0.454583528218791
DEN,1.81180419190787
DEN,-0.715398950036615
DEN,-0.805673699476756
WAS,1.11654919048306
WAS,-1.54009848390706
WAS,-0.81266817310825
DEN,-0.335633890703321
DEN,-0.950930149760097
WAS,-0.312384988879785
WAS,0.882213497417979
WAS,-0.411249998956919
WAS,-0.471218121936545
WAS,-0.143595605390146
WAS,0.741373826458585
WAS,-1.22656625544187
WAS,-0.268504147883505
WAS,0.118743755971082
WAS,1.98862033837941
WAS,0.723195646307431
WAS,0.256429898145143
WAS,-0.467668992641848
WAS,-0.318712353240699
WAS,0.195196180199212
DEN,0.721959857037291
DEN,0.800473324256018
DEN,2.51626685238443
DEN,0.359963545226492
WAS,1.31372772622854
WAS,-0.420059877680615
WAS,-0.318600180908106
WAS,-1.51997692941222
WAS,4.52148663598928
WAS,-1.04271526471712
WAS,-1.49447764531942
WAS,4.22265579528175
WAS,-0.947
GB,1.55698011163622
GB,0.73374499194324
GB,-0.467646455974318
GB,-0.642176361521706
GB,-1.239851547302
DET,-0.82970273680985
DET,-1.51059194421396
GB,-0.759381919167936
GB,-1.096691892948
DET,-1.04551760386676
DET,-1.51586162345484
GB,-0.6254982505925
GB,0.536572553683072
GB,-1.40012910671067
GB,4.50150960485917
DET,1.75688437605277
DET,2.90682297048625
GB,-0.504937934223563
GB,0.102000163402408
GB,0.938165815547109
GB,0.0670511261560023
GB,-0.787984412163496
GB,2.21415573451668
GB,1.90330755151808
GB,-0.809842337446753
GB,-0.503943573392462
GB,2.89901586447377
DET,-0.0109011973254383
DET,1.28122609952698
DET,0.153275483928155
DET,-0.0996700132964179
DET,3.64002226275625
GB,-0.37300696442253
DET,1.70649083843455
GB,4.95783312316053
DET,1.32260232814588
DET,-0.35417567868717
DET,1.31569831632078
DET,1.78340321045835
GB,2.12141162890475
GB,-0.0913666691631079
GB,0.247085300739855
GB,0.790215279441327
DET,0.794848021352664
DET,0.653814264573157
DET,1.24202530470211
DET,0.12950301321689
DET,-3.47669390100054
GB,0.0998623464256525
GB,-1.37033801432699
DET,-0.546790278982371
DET,1.45204019802623
DET,-1.18387322290801
DET,-0.652040203567594
DET,3.08346641587559
DET,-0.194627634307835
DET,1.66140480601462
DET,-0.413568289543036
DET,-0.981183272378985
DET,-1.66479148112896
GB,1.34724345168797
IND,-0.277126441244036
IND,-0.848463943693787
IND,-1.54747800529003
HOU,1.25880221603438
HOU,-0.509614751441404
HOU,2.84946460754145
HOU,2.36300957819913
HOU,-0.765495759493206
HOU,-0.423530876985751
HOU,-0.145194458542392
HOU,-1.57137331079988
IND,-2.26454105973244
HOU,0.160182592924684
HOU,-1.87889881851152
HOU,0.0906524918973446
IND,-0.785758780082688
IND,-1.55400784919038
IND,1.90248306922149
IND,0.505948229751084
HOU,-3.51467052253429
IND,1.21681025193539
IND,2.68127468851162
HOU,1.46286232385319
HOU,-0.456678505754098
HOU,-0.442519931122661
HOU,2.06101642313297
IND,1.1725584686501
IND,-0.382950711878948
IND,1.29256240371615
IND,-0.492564870684873
IND,-0.598269797163084
HOU,0.565259668743238
HOU,-0.377609577379189
HOU,0.729645293729845
HOU,-0.266188415174838
HOU,-0.35370963497553
HOU,-0.345071431947872
HOU,-0.47734032839071
HOU,0.913685723207891
HOU,-0.139844414545223
HOU,1.69122343650088
HOU,2.0364317682106
HOU,0.727207689080387
HOU,-0.786307095200755
HOU,-1.66669876695195
IND,-0.835588111076504
IND,3.79141181404702
IND,-0.491181110963225
IND,-0.834419747116044
IND,1.99688678211533
IND,-0.739939681021497
IND,1.63763072440634
HOU,1.35805341275409
HOU,-0.884803788736463
HOU,2.23497091222089
HOU,-0.481802941067144
HOU,-0.640159345697612
IND,0.177091884776019
IND,-1.39036423453138
HOU,1.81155530118849
HOU,1.4091771960957
IND,1.9466061827261
IND,-0.490509843046311
IND,-1.0462505207397
IND,-3.12082383933011
JAX,1.50705251842737
JAX,-1.94208427215926
JAX,-0.118789673782885
TEN,-0.245363511145115
TEN,0.2258191392757
TEN,1.5249175830395
TEN,-0.785529186367057
TEN,-1.00256762658461
JAX,-0.726310926023871
JAX,3.10363983502612
JAX,3.50284871528856
JAX,2.31834606663324
JAX,1.108428659325
JAX,2.51991218869807
TEN,-0.0172641384415329
TEN,-0.788027022499591
TEN,-2.3326947176829
JAX,-0.524757356382906
JAX,-1.27968738088384
TEN,-0.239062493667007
TEN,-1.39305417006835
JAX,-1.26905818609521
TEN,0.0997178493998945
TEN,-1.40211536223069
JAX,-0.88092006300576
JAX,0.174283835571259
TEN,-0.467935684078839
TEN,1.21679453994147
TEN,-0.307665599917527
TEN,-0.27513187477598
TEN,0.396536204731092
TEN,-2.73492234910373
JAX,0.055050008406397
JAX,0.186447823012713
JAX,0.0835581510909833
TEN,-0.615517479367554
TEN,0.638871308881789
JAX,-0.554001428652555
JAX,-0.765223656781018
JAX,-2.18781051645055
JAX,-0.898114255396649
JAX,2.51996014988981
JAX,1.04512824153062
JAX,0.851744211569894
JAX,-0.475617892865557
JAX,-0.750955098774284
JAX,0.0984487824607641
TEN,-0.839874975848943
TEN,-0.668645510450006
TEN,-0.850192272104323
JAX,1.05200852034613
JAX,0.94961363170296
DAL,-0.492976133711636
DAL,-4.59885373641737
KC,0.814670872408897
KC,2.66051732585765
DAL,0.699039447586983
DAL,0.654828260652721
DAL,1.91156964586116
DAL,-0.524326547514647
DAL,-0.860706388950348
DAL,2.55720449867658
DAL,0.904397305974271
DAL,2.96018489729613
KC,0.137060422566719
KC,-0.628079489804804
KC,2.40331853658427
KC,3.78117478219792
DAL,0.643678179942071
DAL,1.23222830798477
DAL,-0.271122872363776
DAL,-1.72357129491866
DAL,3.38224648835603
DAL,-0.523134397459216
DAL,-0.655857406454677
KC,1.39954413147643
KC,-0.484216028358787
KC,0.7692452078918
KC,-0.507022494217381
KC,-1.19753805128858
KC,-0.704594131093472
DAL,-0.609967747237533
DAL,1.86467335163616
DAL,-0.707083065994084
DAL,1.5185227295151
DAL,0.600298694625963
KC,0.365427071519662
KC,-0.349770329543389
KC,-0.156957391533069
KC,-0.859919685753994
KC,-0.32976622111164
DAL,-1.74589302227832
KC,-0.470951634459198
KC,0.667365076951683
KC,2.56564583489671
KC,-0.52338585164398
KC,-1.92145575396717
DAL,0.0555076962336898
DAL,0.60792816686444
DAL,-0.681289978325367
DAL,-1.62683913658839
KC,2.49719437700696
KC,-0.798500999459066
KC,2.51202184299473
KC,-0.481030040187761
KC,1.14293717278633
KC,-0.106919774319977
KC,-1.73390376701718
KC,3.97667327831732
DAL,-0.546080416068435
DAL,-0.437740842113271
DAL,-0.820620523532853
DAL,3.99299029947724
DAL,0.522563668317162
DAL,2.24093424750026
DAL,1.053
KC,-0.393568281084299
KC,0.03571129986085
KC,-1.44900971185416
DAL,3.18942194106057
DAL,0.387708887574263
DAL,1.67956560361199
DAL,-0.778502695611678
DAL,-0.916725333520682
KC,-1.50224664714187
KC,3.76230587385362
KC,-0.521254809224047
KC,1.03465952747501
KC,-0.451938650920056
KC,2.33822295354912
DAL,1.46975239348831
LA,-0.491274835541844
LA,1.26484915986657
LA,0.786540086846799
LA,0.514095651102252
LA,1.46197448205203
CAR,2.23955081240274
CAR,-0.740772368269973
CAR,4.39623850630596
LA,2.23943157133181
LA,0.164534452545922
LA,-0.100165109557565
LA,-0.802991476666648
LA,-5.00576123967767
CAR,0.45399094093591
CAR,-1.5947239138186
LA,-0.45402405760251
LA,-8.41990327183157
LA,1.74842979386449
LA,0.315308252058458
LA,-0.475786336231977
LA,-0.454257774050348
LA,2.95386789238546
CAR,1.50355304649565
CAR,-0.392622085055336
CAR,0.162256787880324
CAR,-0.492063001263887
CAR,-0.083423956821207
CAR,-0.706080855071542
LA,-0.514732750714757
LA,3.72749829676468
CAR,-0.287777813093271
CAR,-0.955974148993846
CAR,-0.413402256555855
CAR,2.11959696398117
CAR,5.41994331590831
LA,-1.91173052042723
LA,-1.14320656144992
CAR,0.449421562254429
CAR,-0.504152204841375
CAR,-1.27508410636801
CAR,-1.3696585316211
LA,-0.898785745725036
LA,2.94875863427296
CAR,1.14114289707504
CAR,-0.0109838184434921
CAR,6.1018982809037
LA,0.288178239017725
LA,0.963766395114362
LA,-0.570488337427378
LA,1.59709306870354
LA,-0.491086011345033
LA,1.88700217922451
LA,-4.63920387963299
CAR,-0.105685691232793
LV,-0.938303208677098
LV,-2.24753406085074
LAC,-0.353197492193431
LAC,1.56099097034894
LAC,0.766569796018302
LAC,-0.213810715242289
LAC,1.095218695933
LAC,-0.488061449723318
LAC,2.0815802909201
LV,1.82113255490549
LV,-2.38762381137349
LAC,0.901624030433595
LAC,0.26776086864993
LAC,1.89943356718868
LAC,2.17989105702145
LAC,-4.47572995093651
LV,-3.37327165040188
LAC,-0.520719389489386
LAC,-0.230195995070972
LV,-0.397482708329335
LV,1.6651848165784
LV,2.16519519986468
LV,2.40349497564603
LAC,-1.11349583382253
LAC,-0.240138711873442
LAC,-0.009724378818646
LAC,-0.569105158559978
LAC,0.295998846180737
LV,0.435989153571427
LV,-2.89853704185225
LAC,-1.18370181228966
LAC,-1.6014273785986
LV,-2.2056438899599
LAC,-0.114687039516866
LAC,2.1631827710662
LAC,1.90536187228281
LV,-0.604584664106369
LV,1.08645767625421
LV,-1.78737928159535
MIN,-0.855740076629445
MIN,0.028718730667606
MIN,-2.62219874490984
SEA,1.28828758164309
SEA,-0.571679159533233
SEA,0.770087304292247
SEA,-0.490876013413072
SEA,-1.97189468331635
MIN,0.901493643876165
MIN,-0.7209258293733
MIN,-0.549356358125806
SEA,-0.762503822334111
SEA,-1.31571593601257
MIN,-0.563356049358845
MIN,-1.27618837589398
SEA,-0.534146422287449
SEA,1.82649847725406
SEA,0.134708784287795
SEA,-1.90912035736255
SEA,2.87031519773882
SEA,-0.0139110640739091
SEA,-1.0698100632684
MIN,0.736397573258728
MIN,-0.467767948051915
MIN,-0.215112015139312
MIN,-1.52100495505147
SEA,-5.47040591778932
MIN,-0.515334547439124
MIN,-0.152329191623721
MIN,-10.7237456555013
MIN,-0.471261157188565
MIN,-0.750506487675011
SEA,-0.233387002663221
SEA,0.392883102234919
SEA,-0.349497365765274
SEA,-0.387838657388159
SEA,-0.839054317679256
SEA,1.09568311902694
SEA,-0.841141009936109
SEA,-2.87384490225031
MIN,2.48443311126903
MIN,-0.980107094161212
MIN,-3.18530720053241
SEA,1.11497489595786
SEA,0.640996134839952
SEA,0.268674986320548
SEA,-1.27487506731418
MIN,-0.740322314668447
MIN,1.53572228574194
MIN,0.771681488258764
MIN,-3.71707394439727
SEA,1.46557855210267
MIA,-1.36406315350905
MIA,0.390991425607353
MIA,2.33862398250494
NO,-0.0917876670137048
NO,-0.779584833886474
MIA,-0.778664389625192
MIA,-1.39241635520011
NO,0.394798555411398
NO,-1.57294110162184
MIA,-0.767897162120789
MIA,-1.26787544135004
NO,-1.56223531928845
NO,-0.189441076712683
MIA,1.10935220192187
MIA,2.03656293777749
MIA,-0.625461554853246
MIA,-1.24519389479348
NO,0.334163720719516
NO,-5.53839033620898
MIA,-4.1500389383873
NO,-0.463621952803806
NO,-1.24131649872288
MIA,1.05282077030279
MIA,-0.968383720149336
NO,0.842521046521142
NO,-0.101397118298337
NO,-0.0546835642890073
NO,0.780157022702042
NO,-0.339868750772439
NO,-5.63747580698691
MIA,-0.353012974665035
NO,1.48890602518804
NO,1.24154968350194
NO,2.49454875593074
MIA,-1.65200231736526
NO,2.04626328265294
NO,0.873459139838815
NO,1.349576537963
NO,-0.497404849622399
NO,-1.09044776158407
NO,-0.858616359997541
MIA,-0.314091486856341
MIA,2.38245153729804
MIA,0.951122054131702
MIA,-0.456097506452352
MIA,-2.23101459559985
NO,-2.51900133979507
MIA,-0.50904187373817
MIA,1.7172427874757
MIA,-0.433238223020453
MIA,-0.764352483209223
MIA,-1.00782775791147
NO,0.286746473051608
NO,0.393706541042775
NO,-0.754205003147945
NO,1.24903064826503
NO,0.555587139679119
NO,-0.423629131051712
NO,-0.411344261723571
NO,-1.6693668820314
NO,-0.489176868170034
NO,1.07594399701338
NO,-0.347786164900754
NO,0.358634146745317
NO,1.80045686475933
NO,0.652419511781773
NO,2.36895804290543
NO,-2.947
NO,0.708756044972688
NO,0.35547537781531
NO,-0.274942805350292
NO,-0.953356002399232
NE,0.377066465560347
NE,-0.50998306600377
NE,1.38487633236218
NE,-0.414866956183687
NE,1.32008303224575
NE,-0.581258613441605
NE,-1.77625409889831
NYG,1.33439005864784
NYG,-1.12876538885757
NYG,-0.209267560858279
NYG,-1.19055913295597
NYG,-1.20201123505831
NYG,-1.02295953361318
NE,0.628427983261645
NE,2.62267626594985
NE,0.785489860863891
NYG,3.17952378571499
NE,-0.0266584265045822
NE,-1.46223498089239
NYG,-0.121924804057926
NYG,0.195843481924385
NYG,-1.09548732044641
NE,0.552249564032536
NE,4.75189274427248
NE,0.756971679104026
NE,-0.727214076556265
NE,-0.879337238878921
NYG,-0.235685873194598
NYG,-0.149378005648032
NYG,-0.692055831197649
NE,-0.232600442192052
NE,0.548402129381429
NE,2.14596360066207
NE,-0.297100465892249
NYG,0.596462635323405
NYG,1.28852309240028
NYG,-0.389004200929776
NYG,-2.65053915698081
NYG,-2.30896053113975
NE,1.79616137524135
NE,1.11052407650277
NE,0.648113072384149
NE,3.32873067387845
NE,-0.676418987219222
NE,-1.14514624202737
NYG,0.423968063900247
NYG,0.396777458721772
SF,1.60379813075997
SF,-0.537581041455269
SF,-0.861236091237515
SF,-1.73536137631163
CLE,0.257140875793993
CLE,-0.100193749181926
CLE,-1.56712265079841
SF,-0.770897071401123
SF,2.5798474001931
SF,-0.40080539236078
CLE,0.846650521969423
CLE,0.51752519980073
CLE,-0.816706163110212
CLE,1.88482068339363
SF,-1.16498791659251
CLE,1.59924881067127
CLE,-0.426376188290305
CLE,-0.684466567705385
CLE,-1.49141994630918
SF,-0.509528486989439
SF,1.37427071132697
SF,-1.02883349300828
CLE,4.26589513436193
SF,-0.118312796286773
SF,-0.224053563026246
SF,0.754562682530377
SF,0.449889145442285
SF,1.42939994965861
CLE,-0.140951404115185
CLE,-1.53683711914346
SF,0.0384878376498818
SF,-0.863190639065579
SF,1.64461312489584
SF,-0.559167373925448
SF,-0.937739844899625
SF,-0.991549509111792
CLE,0.889550101943314
SF,-0.725975184584968
SF,2.40124627592741
CLE,-0.682572063058615
CLE,-1.21066472353414
SF,-2.64978257124312
SF,-0.474935027130414
SF,1.65001437661704
SF,-0.842514612653758
SF,3.08374647889286
CHI,-0.86485787993297
CHI,-1.04393353918567
GB,0.056295239366591
GB,1.32241546479054
GB,0.526527238544077
GB,0.212093487847596
GB,-2.3900255439803
GB,-4.46975467633456
CHI,-0.535151556599885
CHI,-1.04734950955026
CHI,-1.48094479436986
GB,1.57125747180544
GB,-0.534710510866717
GB,-0.196354399435222
GB,-1.12184726400301
CHI,-0.393347093369812
CHI,-1.37457981426269
GB,0.495783250546083
GB,0.181794334435835
GB,2.06666758866049
GB,-0.565350214135833
GB,3.502501164563
CHI,1.47495797555894
CHI,-0.448575295740739
CHI,1.91847461747238
CHI,-1.26817876804853
CHI,-0.593688802899801
GB,0.799585140950512
GB,-0.187249963695649
GB,5.00929991609883
CHI,0.238515951205045
CHI,-0.524830603855662
CHI,-0.0585391421045642
CHI,-0.0535151033254806
GB,-0.526088586309925
GB,-1.19974976219237
CHI,0.242226622300223
CHI,0.619145399192348
CHI,-0.523925676709041
CHI,1.76414419687353
CHI,1.57070660503814
CHI,0.609913115447853
GB,4.33609667373821
CHI,1.09584594098851
CHI,-0.529760385863483
CHI,1.86204221844673
CHI,-0.580601817346178
CHI,-1.14000189073845
GB,-0.569860120071098
GB,-0.751770613249391
GB,-0.798552655149251
CHI,-0.624174733646214
CHI,0.605765978107229
CHI,0.503052781219594
CHI,-0.259100122959353
CHI,-0.449940266727936
CHI,2.08235344121931
CHI,-0.423580002621748
CHI,1.37826295336708
GB,1.0316176188644
GB,0.226703076914419
CHI,1.52047354425304
CHI,-0.409515554201789
CHI,1.99203985260101
CHI,-2.75018272263696
CIN,2.00629972387105
CIN,0.824131850153208
CIN,-0.607063513016328
CIN,1.69622670195531
CIN,-0.654529878753237
CIN,1.83878607070073
CIN,0.306829847919289
BUF,2.20537006645463
BUF,0.573887773323804
BUF,0.0802101997542195
CIN,0.854677139781416
CIN,2.79980337992311
CIN,2.53739399416372
BUF,1.23816909338348
BUF,-0.789937208173797
BUF,-1.70380867016502
BUF,3.72098940017168
BUF,0.14458279957762
BUF,-0.440184203383978
BUF,0.0082069197669625
BUF,-1.47978096891893
BUF,4.14038463350153
BUF,1.053
CIN,-0.523568731732667
CIN,1.91763493022881
CIN,-0.504058046732098
CIN,-0.467116337851621
CIN,2.11204471020028
BUF,-0.828886740491726
BUF,-2.36721794912592
CIN,0.529500528995413
CIN,-0.241741058183834
CIN,-1.09111018205294
CIN,-0.828403736930341
BUF,-1.65952793136239
BUF,-0.375916122458875
BUF,1.96100674127229
BUF,-0.139564127195627
BUF,2.37495546322316
BUF,1.48001506598666
CIN,-0.730368060059845
CIN,-1.27403472503647
BUF,0.789961521979421
BUF,0.0707397861406207
BUF,-0.876512137241662
BUF,0.225276841316372
BUF,2.32075138215441
BUF,0.593584340065718
BUF,1.8133369263378
CIN,0.101290477672592
CIN,0.655196588486433
CIN,0.178120921133086
CIN,1.41218623099849
CIN,-0.209019479691051
CIN,-0.692241545533761
CIN,2.22012079384876
CIN,2.43584707687842
BUF,0.961528208456002
BUF,0.735423671896569
BUF,-0.41327646037098
BUF,4.2646705355728
CIN,0.964093425543979
CIN,1.40484914137051
CIN,-10.5629207657184
CIN,-5.01342983398354
BUF,2.3406038475805
BUF,-1.52439833089011
BUF,4.1680956450291
CIN,-0.0895163217792288
CIN,-0.947
BUF,-1.00063375977334
BUF,0.188751603942364
DET,0.264568192884326
DET,-0.842399355024099
DET,1.47359397774562
DET,-0.156570871244185
DET,-1.7718711742003
DAL,1.09198135300539
DAL,-1.31714418553747
DAL,2.27830682392232
DAL,-0.609853328205645
DAL,-1.19660995866966
DET,-0.87632174580358
DET,-1.68589056539349
DAL,0.0560183678753674
DAL,-2.62377702933736
DET,-0.201109812129289
DET,0.884466684656218
DET,-0.538324139546603
DET,2.65511185175274
DAL,0.664484963053837
DAL,-0.784899506950751
DAL,2.35156904999167
DAL,0.463473775424063
DAL,-0.480985999107361
DAL,-0.778606474981643
DAL,-1.64063107614425
DET,-0.571672034915537
DET,1.12682529073209
DET,-1.70125127397478
DAL,2.27059555449523
DAL,-1.8382646755781
DAL,-0.489677759818733
DAL,-3.57638765312731
DET,-0.10944290086627
DET,2.47911913384451
DET,-0.444138858001679
DAL,-0.137694070348516
DAL,1.55810981360264
DAL,0.815123940061312
DAL,-0.298354623781052
DAL,0.316246338537894
DAL,-0.228491257110866
DET,-0.115176783292554
DET,0.834283750446048
DET,0.306722906068899
DET,-0.349324790178798
DET,-0.208346049791357
DAL,-6.55280364362989
DET,-0.490581709658727
DET,2.23557978274766
DAL,2.77593497477938
DAL,-0.484400090645067
DAL,-0.360791774583049
DAL,-1.40281304880045
DAL,3.37359574757284
DET,0.0353873590938747
DET,1.97715050308034
DET,1.50454773078673
DET,-0.296769400127232
DET,-1.59901426755847
DAL,1.55495347362012
DAL,0.352613663766533
DAL,-1.76995689872493
DET,1.09757237159647
DET,0.995809031184763
DET,0.0686265376862139
DET,-0.593668795377376
DAL,0.69814076111652
DAL,-0.0030577750876545
DAL,4.04983812873252
DAL,1.053
DET,3.81399176199921
DAL,-1.74849511217326
DAL,2.41569018294103
DAL,0.530136481043883
DAL,-0.480779800564051
DAL,1.23733930417802
DAL,-0.559734861424658
DAL,1.7262310385122
DAL,0.360137371404562
DAL,-0.628434309153818
DAL,-1.52371483345003
DET,2.9965274038841
DEN,0.573133224388585
DEN,0.94711291603744
DEN,0.692839668598026
DEN,0.596678367583081
DEN,-1.09448085166514
DEN,1.77741746685933
DEN,-0.508600193774328
DEN,-0.945817266008817
DEN,2.84948890202213
LV,0.640764167299494
LV,1.23401548562106
LV,-0.20201900403481
LV,1.22605168877635
LV,-0.110168960178271
LV,2.1598320461344
DEN,0.897343521239236
DEN,0.484155029524118
DEN,-0.181047689402476
DEN,1.88222845853306
DEN,0.0208113887347281
DEN,-1.92217947193421
LV,-2.18201369326562
LV,-1.69581453618594
LV,0.486269776010886
LV,-0.724171952344477
LV,-1.47936096228659
DEN,0.845611871918663
DEN,0.704169222270139
DEN,-0.276715053245425
DEN,-0.280542728200089
DEN,-0.108910624869168
DEN,-1.34916376497131
DEN,-1.85832266981015
LV,-0.217235688935034
LV,-0.0088120723958127
LV,-0.723620460717939
LV,-1.00242627039552
DEN,-0.810193122830242
LV,-1.5023761712946
DEN,0.132518983213231
DEN,0.551445747260004
DEN,1.5135924150236
DEN,-0.464432016946375
DEN,2.21238897624426
DEN,0.731164207216352
DEN,-0.320613967254758
DEN,-0.344025404541753
DEN,1.69583155564033
LV,0.816422709031031
LV,-0.51866847765632
LV,0.15412313491106
LV,-1.91034605400637
LV,3.90363829943817
LV,-0.135239549796097
LV,-0.020961384405382
LV,-0.477562593761832
LV,-0.530941519537009
LV,-1.36793470184784
LV,-2.87684260634705
KC,-1.63997221039608
HOU,0.432406066451222
HOU,-0.749604335520417
HOU,-1.33293590182439
KC,0.587098381714895
KC,0.0819283800665289
KC,-2.5388513491489
HOU,3.14028819743544
HOU,0.171259061899036
KC,1.12845973949879
KC,0.820515251718462
KC,-1.88094184431247
KC,-0.769463178003207
HOU,-0.660376246087253
HOU,-0.757389944512397
HOU,1.83643375220709
HOU,3.96241589880083
HOU,-0.535172393429093
HOU,-0.331761157256551
HOU,3.27928859705571
KC,-3.37798913358711
HOU,0.0071863820776343
HOU,0.310996791813523
HOU,-0.674273656099103
HOU,-1.6799668740714
KC,0.961407573195174
KC,-0.46559045300819
KC,-0.130718969507143
KC,2.0547800718341
KC,1.30472067539813
KC,0.60278889851179
KC,-0.36683634086512
KC,-1.30260889709164
HOU,-0.226730092952494
HOU,-0.152536432957277
HOU,0.902544163516723
HOU,-0.366082907130476
HOU,-0.0334759608376771
HOU,-0.746977356262505
HOU,-0.890459251124412
KC,2.20474094792735
KC,-0.815512259316165
KC,0.164529068977572
HOU,-0.821806995198131
HOU,-1.33857542928308
KC,0.753759251907468
KC,1.57222793134861
KC,-0.497853197623044
KC,-1.70228812703863
HOU,-0.599046759307385
HOU,-1.16826919279993
KC,-0.495588581310585
KC,0.085290219867602
KC,1.85325437353458
KC,0.251397619373165
KC,-1.90068354609821
HOU,-0.568367022555322
HOU,-1.24844019953161
KC,-0.49255264014937
KC,-1.40344289923087
HOU,-1.90173907019198
HOU,2.78485625283793
HOU,0.323426872026175
KC,-0.551444000564516
KC,-0.747737735044211
KC,0.139229918830097
KC,-3.47969715041108
HOU,0.983127693762071
HOU,-0.138319738674909
KC,-1.67039986164309
KC,-2.60013639263343
HOU,-1.16138847416732
KC,-0.401091483887285
KC,-3.37350631586742
JAX,0.774792952695862
JAX,-0.914684128016233
JAX,-0.681784448679537
IND,-5.39348154293839
JAX,2.02437357901363
JAX,0.195306965149939
IND,1.16831830097362
IND,-0.510790477506816
IND,1.60598758095875
IND,1.37200888292864
IND,0.711201360507403
IND,-0.106664064456709
JAX,-0.578234469052404
JAX,3.50381702999584
JAX,1.05517040326959
JAX,1.81628954020562
IND,-0.20201148185879
JAX,-0.735782192088664
JAX,-1.32909684069455
IND,-0.782663499936461
IND,-0.292663776315749
IND,3.00320015754551
IND,1.05461775872391
IND,-0.620562919299118
IND,1.71132708026562
IND,-0.350590683461633
IND,-0.605663144029677
IND,-0.7403310869704
IND,-0.952471238902081
IND,-1.52589584857924
JAX,-0.258861063513905
JAX,-0.427039203699678
JAX,3.30464508710429
JAX,0.464360674959607
JAX,-0.605657517327927
JAX,-0.737837550404947
JAX,0.399143124232069
JAX,-0.641361793561373
JAX,-0.658281525276834
JAX,3.56771455210401
IND,1.74222390935756
IND,-0.347450577304699
IND,-0.53564966795966
IND,-0.059483239419309
JAX,-0.582954550161958
JAX,-1.36565623665228
IND,-0.528408896178007
IND,-0.680991800036281
JAX,0.226094993529841
JAX,2.19714870047756
JAX,0.309235256048851
ARI,2.06010275147855
ARI,1.14410640939605
ARI,2.41197832662147
LA,0.132993671577424
LA,-0.590193437063135
LA,-0.812535369186662
LA,-1.1955392467855
ARI,1.35567717207596
ARI,-0.637680145911872
ARI,-0.477497559040785
ARI,-1.24076420720667
LA,1.73199804103933
LA,2.30952829902526
ARI,-0.347856209613383
ARI,0.397663179785013
ARI,2.77861493988894
ARI,1.40532058151439
ARI,-0.294461284182034
ARI,0.0180846991715953
ARI,1.25643652211875
ARI,0.554575097397901
ARI,-0.464426863356493
ARI,-0.772439945489168
ARI,-1.43725621605129
LA,1.04351909598336
LA,0.609649777295999
LA,0.113848872133531
LA,0.68330753967166
LA,-0.181128679018002
LA,1.57175318771624
ARI,-0.592460030922666
ARI,-1.23079160635825
LA,0.381570472265594
LA,1.57748269377043
LA,0.832750300935004
LA,0.201627141796052
LA,-0.273667066649068
LA,4.29194835224189
ARI,0.49601118976716
ARI,-0.179701849003322
LA,0.3190161222592
LA,0.826102862134576
LA,-0.309998712735251
LA,0.813393858610652
LA,-0.530792518169619
LA,-0.935422626731452
LA,2.72535525471903
ARI,-0.553722709417343
ARI,-1.61634666938335
LA,0.803943888982758
LA,-0.537246384425089
LA,-1.78973627323285
ARI,-0.591468923259527
ARI,-0.42586167389527
ARI,-1.16631989087909
LA,0.0124755792785436
LA,-1.43562207976356
ARI,-0.77827448444441
ARI,-3.62635940336622
LA,3.01929298811592
ARI,-0.580490374471992
ARI,-0.781861667986959
MIA,0.896205641620327
NYJ,-0.497945846291259
NYJ,-1.5960274937097
MIA,1.60811005881988
MIA,1.06489243987016
MIA,1.68365841032937
NYJ,0.291642253287137
NYJ,-4.55898979539052
MIA,0.273397909011692
MIA,1.50721906870604
MIA,0.112425300292671
NYJ,-1.70588274067268
MIA,0.370492549147457
MIA,-1.46742519643158
MIA,-0.524975510314107
MIA,1.47490935539827
MIA,-0.872789395740256
MIA,-1.48175485339016
MIA,-0.8254329781048
MIA,-1.90996914496645
NYJ,-1.2170659264084
NYJ,-0.516545897815377
NYJ,0.551066486747004
NYJ,-0.246037658187561
NYJ,-0.485370822600089
NYJ,-0.444121790817007
NYJ,-2.96948105824413
MIA,-0.120314031461021
NYJ,-0.361910135427024
NYJ,-0.62388744315831
NYJ,0.81520204199478
NYJ,-1.98232430755161
MIA,-0.735867475625128
NYJ,0.769642191706225
NYJ,-0.401870787143707
NYJ,-1.99824049556628
MIA,1.46438607899472
MIA,0.699952210648917
MIA,-0.901877492200583
MIA,-1.83412948157638
NYJ,-1.08005402656272
NYJ,-0.0578535422682762
NYJ,-1.48429190833122
NYJ,0.789693486178294
NYJ,1.08469938696362
NYJ,-0.84218458016403
NO,-0.53865004889667
NO,1.6933333943598
NO,1.11437844188185
TB,0.236586243612692
TB,-0.466228524921462
TB,0.559462664648891
TB,1.40869549207855
TB,2.30496353039052
NO,-1.29271153220907
NO,-0.337540705688298
NO,-1.10280322795734
TB,-0.111070629674941
TB,1.13067467138171
TB,0.494653908768669
NO,1.7563591573853
NO,-0.497136865742505
NO,-1.68027346441522
NO,0.0746104659690197
TB,-0.505773190176114
TB,-0.771692860871553
TB,-1.30401528486982
NO,-4.30898536695167
TB,-1.30975884621687
NO,0.151240378152579
NO,-2.19960715714842
TB,1.81421771168243
NO,0.41833040228812
TB,-0.493017049215268
TB,-0.253839074634016
TB,-0.281861911003944
TB,0.0103070565965027
TB,-0.184322367946152
TB,-0.184539991489146
TB,1.60736296139658
TB,0.768172399140894
TB,-5.58867517835461
NO,1.73286261456087
TB,-0.739504807628691
TB,2.31488784588873
TB,-1.31033890531398
TB,-2.89167001354508
NO,-0.505747998133302
NO,2.09309527627192
NO,1.29499571537599
NO,1.96645159623586
NO,2.02434446662664
TB,-0.301394797046669
TB,-0.569867928395979
TB,0.0905399787588976
TB,-0.42195510934107
TB,-0.437424890981282
NO,-0.537922786083072
NO,1.69649114646018
NO,1.34888821886852
NO,-0.556437777820975
TB,-0.107072162907571
TB,-0.259165605180897
TB,-0.297065441380255
TB,-2.01626797398785
PHI,-0.56257540313527
PHI,2.04035621439107
PHI,-0.415315796621144
PHI,-2.64191503520124
LAC,-0.832254454027861
LAC,5.24333760619629
LAC,1.19759365881328
PHI,-0.660799386678264
PHI,2.87096835195553
PHI,-0.143664750503376
PHI,-1.22120412013917
LAC,0.261831717332825
LAC,-1.53085727244616
PHI,0.0669239612761885
PHI,-1.3673726352863
LAC,-0.25041126459837
LAC,-0.888806961011142
LAC,-1.15263352356851
PHI,-0.316537127364427
PHI,1.50661343685351
PHI,1.42696886509657
PHI,0.367906791972928
PHI,-6.43740725214593
LAC,-0.733579350402579
LAC,1.73013210052159
LAC,-1.58955355079426
PHI,-0.574432716472074
PHI,-4.50000355672091
LAC,-6.07399312336929
PHI,1.27868628577562
PHI,1.57094473572215
PHI,-0.722613954043482
PHI,-0.668637581140345
LAC,-0.184018933738116
LAC,-0.236916561843827
LAC,-2.93419766356237
PHI,-0.167019773271158
LAC,1.36558149801567
LAC,0.205317471642047
LAC,2.37608899374027
LAC,0.658025730634108
LAC,-1.12750251137186
LAC,-0.604337060719972
PHI,1.70719289989211
PHI,-0.607598295202479
PHI,0.200310796803998
LAC,-0.0347229375038296
LAC,-1.63683489058167
PHI,-0.513670488726348
PHI,0.0934531656093895
LAC,1.08834988856688
LAC,-0.230553975328803
LAC,-1.82158098975196
PHI,1.21353135607205
PHI,-6.32487460703123
LAC,-0.498955903225578
LAC,1.57516937854234
LAC,-1.52612608107926
PHI,-0.56120339827612
PHI,-1.45454149832949
LAC,-0.0984766099136323
LAC,-1.54995089047588
PHI,1.41350534639787
PHI,-0.412568051484413
PHI,1.71935788018163
PHI,-0.477170833502896
PHI,-0.632044250839643
LAC,-0.483029566472396
LAC,-0.569304954609834
LAC,0.144639358855784
LAC,0.0288859410211444
LAC,-0.414618709706701
LAC,0.306314712477615
LAC,-0.227176513930317
LAC,-0.274007710512871
LAC,-0.640938064665534
LAC,-1.1447613522713
PHI,-0.634779624640942
PHI,3.49950709030964
PHI,0.128709971846547
PHI,-1.92472279776121
PHI,-0.266420989646576
PHI,1.66669419151731
PHI,-4.57432960683946
BAL,0.349011241458356
BAL,2.83604683610611
BAL,-1.72802323784325
PIT,3.86083063430851
PIT,0.440862965711858
PIT,-1.5312276793411
PIT,-0.421955614583567
PIT,1.36453311942751
BAL,-0.0884003737010062
BAL,-2.48048956040293
PIT,-0.0299116708338261
PIT,-1.64987260499038
BAL,1.59830884775147
BAL,-0.510046397568658
BAL,-1.49476559460163
PIT,-0.807715143077076
PIT,1.53907445352525
PIT,-0.520561993587762
PIT,0.763803251786158
PIT,2.88269362493884
PIT,-0.434332986245863
PIT,1.86609576683259
PIT,-0.475392242893577
PIT,-0.262000700167846
PIT,-1.17213363696585
BAL,-0.846831236733124
BAL,0.167493629734963
BAL,-4.16455677011982
PIT,1.37045127747115
PIT,0.309951335657388
PIT,0.0491612837067805
PIT,-1.09819451614749
BAL,0.57515390322078
BAL,0.196898513997439
BAL,-0.351107863301877
BAL,0.346608034044039
BAL,-0.706171668163734
BAL,3.36768586159451
PIT,2.99588458501967
PIT,-0.20696656574728
PIT,-0.758585029048845
PIT,-0.90511725646423
BAL,2.28518918313785
PIT,0.777295438107103
PIT,3.0995533275418
PIT,0.194515099516138
PIT,4.72665628860705
BAL,-0.526167720556259
BAL,1.0726608481491
BAL,-0.165241894195788
BAL,-1.47149220120804
PIT,-0.152868431061506
PIT,-0.387760129291564
BAL,2.04845769633539
BAL,-0.712540574255399
BAL,-0.908394567177139
PIT,-0.460470866411924
PIT,-1.5339853016194
PIT,-0.814368235412985
BAL,-0.69710745359771
BAL,-1.46806107088923
BAL,2.85723506467184
BAL,-0.52675111789722
BAL,3.39721873635426
BAL,-0.446282359713223
BAL,0.350484804715961
BAL,-2.91954821796389
PIT,-0.686846673605032
BAL,0.0704649547114968
BAL,-0.13382719270885
BAL,-0.329980013892055
BAL,0.84282763133524
BAL,0.931060991511913
BAL,0.54303592297947
BAL,-1.94060575135518
ATL,1.1017005641479
ATL,-0.875373945804313
ATL,-1.66276915441267
SEA,-0.806347781792283
SEA,-1.83645549463108
ATL,1.2996873089578
ATL,-1.64777845999924
SEA,-0.763943803030998
SEA,1.69401307054795
SEA,-0.450108012766577
SEA,0.535209059831686
SEA,-0.57349658862222
SEA,-1.59837871471036
ATL,-0.52569688949734
ATL,-1.20327209797688
SEA,1.57402806321625
SEA,-4.51798723888351
ATL,-0.415036305901594
ATL,-0.868024518724469
SEA,-1.20462345983833
SEA,0.0748380152508616
SEA,-1.38019611407071
ATL,-0.101405349909328
ATL,0.376795260119252
ATL,2.36921373655787
ATL,-0.361232001101598
ATL,-1.15917789073948
SEA,-0.173491447640117
SEA,-0.210110635554884
SEA,0.315638351661619
SEA,0.640435895184055
SEA,0.589352343951201
ATL,1.6056312287692
ATL,0.427051673061214
SEA,0.341078927740455
SEA,1.15452880458906
SEA,0.754883811343461
SEA,2.17275401391089
SEA,3.4710657451069
ATL,-4.43408823525533
SEA,2.31979002174921
SEA,-0.482930044876412
SEA,-1.09033951743436
ATL,1.23108156165108
ATL,1.00819348043296
ATL,-0.467802723287605
ATL,-1.51727021879208
TEN,-0.576314983190969
TEN,3.1014332374325
TEN,1.53028153564082
TEN,2.58491110836621
CLE,-1.21842748764902
TEN,-0.547532081371173
TEN,-0.575806898064911
TEN,-6.95121265866328
CLE,1.20689083333127
CLE,-0.661087878164835
CLE,-1.08036442828695
CLE,4.01809395255987
CLE,1.2051752085099
TEN,0.540443775709719
TEN,-0.140233573969454
TEN,-0.823326920391992
TEN,-1.52101127291098
CLE,0.853102027438581
CLE,1.54913949151523
CLE,-0.461500072618946
CLE,0.308516637887806
CLE,-1.23997004353441
CLE,-0.791509353555739
CLE,0.0144862518645823
TEN,0.301495068706572
TEN,-0.99775075330399
TEN,0.667380734696053
TEN,-1.07008569582831
CLE,0.829940507479478
CLE,-0.43987177190138
CLE,5.88305003149435
TEN,-1.56785216316348
CLE,-0.118305057112593
CLE,-0.903102707816288
CLE,-1.59204234671779
TEN,-1.28437814954668
CLE,0.270659590605646
CLE,-1.55319421878085
TEN,-1.25904042413458
TEN,-1.18241215310991
CLE,0.47639568336308
CLE,-1.48422143608332
TEN,0.809296094346792
TEN,-0.506026262417436
TEN,-1.52864091377705
CLE,-0.557808957993984
CLE,2.70482491166331
CLE,-0.584133410360664
CLE,-5.13777177943848
CLE,-2.23688131943345
TEN,-0.738253310322762
TEN,2.43003887007944
TEN,-0.513514431659132
TEN,-0.93384810583666
TEN,-0.633346297312528
CLE,-6.275035011
TEN,-0.294095555029344
TEN,2.89555990893859
CLE,-0.491967420559377
CLE,-0.677563043311238
CLE,2.47339339111932
CLE,-0.520954330451787
CLE,-0.86981240240857
CLE,-1.09257129812613
CLE,0.98480717279017
CLE,1.4879862445232
CLE,1.65681359145674
CLE,1.39058879355434
CLE,0.279720821650699
CLE,0.180437856237404
CLE,2.61255975160748
CLE,0.589326745219296
CLE,-0.453014198254095
CLE,2.36800798703916
CLE,-0.947
MIN,0.989481216296554
MIN,0.724126476445235
MIN,0.805572811397724
MIN,1.78844102774747
WAS,2.34588995645754
WAS,-0.487690478330478
WAS,-0.569577370071784
WAS,0.418206163682044
WAS,0.828678349382244
WAS,-0.655356853501871
WAS,-0.372162590967491
WAS,2.87808323593345
WAS,-0.8357427919982
WAS,-1.90131882007699
WAS,-3.46349000360351
MIN,1.49045277805999
MIN,0.997320372145623
MIN,-0.591811691876501
MIN,-1.12213366059586
MIN,2.09685695287772
MIN,-0.884117612848058
MIN,2.69706091680564
MIN,-0.929811676149257
MIN,2.3341363503132
WAS,-0.548310013022274
WAS,-0.693809075048193
MIN,-0.543326186016202
MIN,-1.74109810264781
WAS,0.0759685621596873
WAS,-0.481326061417349
WAS,0.990656782698352
WAS,-0.348423748800997
WAS,-0.643094379338436
WAS,-0.828730193665251
WAS,-0.931395366322249
WAS,-0.904015188338235
WAS,-0.41534797498025
WAS,2.96316371904686
WAS,-1.39786958810873
WAS,-6.9402786125429
MIN,-0.681632799794897
MIN,-1.66557668209174
WAS,1.00528730684891
WAS,-5.08582355384715
MIN,1.30644749465864
MIN,1.1170833077631
WAS,-0.79510688688606
WAS,-2.14086950779893
MIN,0.878277868265286
HOU,4.83263024943881
HOU,-0.817736291559413
HOU,-0.98404163059738
ARI,-0.807275808416307
ARI,-1.41460630157962
HOU,0.526137371081859
HOU,0.742495645186864
ARI,0.50573769188486
ARI,-0.484407824929804
ARI,1.67152618430555
ARI,-0.811035235412419
ARI,0.568704920180608
ARI,1.46259788077441
ARI,-0.400969097303459
ARI,2.01246611215174
HOU,1.28630291367881
HOU,-0.760515617206693
HOU,-0.410648048726387
ARI,-0.251173338387162
ARI,-1.66010645707138
HOU,-0.339054488576949
HOU,1.92912045749836
HOU,0.972278286004439
HOU,1.33824651461327
HOU,1.21059349569259
HOU,0.663363636645954
HOU,-0.982934846775606
HOU,-1.71018716369205
ARI,-0.313808246748522
ARI,1.99726768670371
ARI,-0.379977186967153
ARI,-0.469255587086082
ARI,-0.590502222301439
ARI,-2.52152520272648
HOU,0.484383242728654
HOU,-0.330610304896254
ARI,0.401613553054631
ARI,0.921800037380308
ARI,0.963530988781713
ARI,0.244563724263571
ARI,1.83785762055777
ARI,-0.552793768583797
ARI,-4.63886312791146
HOU,0.99274120433256
HOU,0.214884731278289
HOU,1.84221329289721
HOU,-0.971949831757229
HOU,2.2633109173039
ARI,1.43898638954852
ARI,-0.540846223477274
ARI,2.73963233584072
HOU,0.736940295493696
TB,0.634123921860009
TB,-0.497865176293999
TB,-1.72122880397365
ATL,0.893517157994211
ATL,1.01828247914091
ATL,-0.994090067222714
TB,-0.590307984501123
TB,1.22294759121723
TB,-0.554513305425644
TB,-1.76399730402045
TB,3.46776713291183
TB,1.68764184729662
TB,-0.229284912871663
ATL,1.84198381355964
ATL,0.251230006688274
ATL,1.82556550344452
ATL,-0.489966064633336
ATL,0.063413426396437
ATL,-1.33538034668891
ATL,1.70344121876406
TB,-1.27763843908906
ATL,-0.458107192534953
ATL,-0.693494081730023
ATL,-0.265789716970176
TB,-0.485287440940738
TB,-0.414805934764445
TB,1.91571465833113
TB,0.75223495985847
TB,0.997815228649415
TB,-0.651902728597634
TB,-0.786898277239237
ATL,0.431021844386123
ATL,2.20118205470499
ATL,2.58138133422472
TB,-0.241421294573229
TB,1.57132468756754
TB,-0.435224258399103
TB,-0.109316348234482
ATL,1.2884077290073
ATL,-0.897798898629844
TB,0.345243980409578
TB,1.54546959628351
TB,2.6531284734956
TB,-1.48924730089493
TB,-0.808730249060318
TB,1.71396795928013
ATL,-0.53899101074785
ATL,2.00757023668848
ATL,-0.524110350525007
ATL,1.46748515812214
ATL,-0.447638134937733
ATL,-2.23457120184321
ATL,-1.42026005755179
TB,1.38281889306381
TB,-1.79892594879493
TB,-1.35230512730777
ATL,-3.99057108815759
TB,0.663262399262749
TB,1.23618240433279
TB,1.053
ATL,-0.536963643040508
ATL,0.193357958458364
ATL,1.32326222909614
ATL,1.9510555525776
ATL,1.31466289889067
ATL,-0.947
TB,0.323209131369367
TB,0.545519784092903
TB,-0.407835884485394
TB,-3.91989852441475
ATL,-0.696035817731172
ATL,1.77550830575638
ATL,1.18662323488388
ATL,-0.441757217980921
ATL,0.0938156289048493
ATL,3.07849395368248
ATL,-0.947
TB,0.503424567345064
TB,-0.52510128938593
TB,-0.523029387928546
ATL,1.01576951955212
ATL,-1.23538765631383
ATL,-0.227248986717314
ATL,0.0325130876153708
ATL,2.1881684975815
ATL,-0.0892702735145576
BAL,-0.122917351778597
BAL,-1.76103890640661
CIN,1.57348578656092
CIN,1.81674917857163
CIN,0.236410328419879
CIN,-0.764978166669607
CIN,-3.65974497213028
BAL,-1.74959542893339
BAL,-0.816623497405089
CIN,-0.4644610946998
CIN,-1.39783404557966
CIN,-0.679826757055707
CIN,-4.72802974074148
BAL,-3.76763283251785
CIN,-0.685874327085912
CIN,-0.341766696190462
BAL,0.703681102022529
BAL,2.00650365336332
BAL,4.13096285739448
CIN,0.904109101626091
CIN,0.830841632618103
CIN,-0.391234985436313
CIN,-0.778949495754205
BAL,1.06288473127643
BAL,0.557270252436865
BAL,-0.170697470195591
BAL,1.02819419401931
BAL,4.12977885856526
CIN,-0.295552352210507
CIN,0.209553474735003
CIN,-0.144901418592781
CIN,-0.284890002629254
CIN,2.70437127770856
CIN,-0.0660413975128904
CIN,-1.74708308535628
CIN,-2.98579472384881
BAL,-1.55174550121804
CIN,-0.448497044853866
CIN,0.736808371730149
CIN,-0.511083423858509
CIN,-0.73992282547988
CIN,-1.24945925804786
BAL,1.3022458597552
BAL,-1.34446885925718
BAL,-0.989012273726985
BAL,-1.31622153217904
CIN,0.524673047941178
NE,-0.562441603746265
NE,3.09821792820003
BUF,-0.50678596762009
BUF,-1.76293508359231
NE,0.550373757723719
NE,-1.76515043573454
BUF,-0.128360424656421
BUF,-1.63495186064392
NE,0.948580084601417
NE,0.952087773999665
NE,0.449108023836743
NE,1.90596033039037
BUF,-0.306260918267071
BUF,-1.53841235279106
BUF,-0.863870406989008
NE,0.0354215227998793
NE,1.93348212167621
BUF,-0.871756759239361
BUF,-0.372330710932147
BUF,2.18147973320447
BUF,1.75785437625018
NE,0.0203276119427755
NE,1.34371060752892
NE,0.102454049367225
NE,-0.211960468615871
BUF,-0.159958688425832
BUF,1.55364725593245
NE,-0.139472604263574
NE,-2.45991350663826
BUF,-0.545713910833001
BUF,1.71402611094527
BUF,0.777853714535013
BUF,0.861836833937559
BUF,-0.474096856021788
BUF,0.496084619720932
NE,1.12202556291595
NE,0.282987700076774
NE,-0.805124013451859
NE,1.81108186254278
NE,-0.499199997168034
NE,-0.836450539762154
NE,-0.46181279164739
BUF,-0.677563974400982
BUF,2.77465494163334
BUF,0.550045649055392
BUF,-0.500746060861275
BUF,0.234374470310286
BUF,-1.93517301860265
BUF,5.06448417558568
BUF,0.117754900886212
BUF,-0.99459058168577
BUF,3.80811002256814
BUF,-0.540305630303919
BUF,1.41081368317828
BUF,-0.740818127756938
BUF,0.789881564676762
NE,-1.80657376162708
NE,-0.866903378628194
NE,0.0069843726232647
NE,-0.575064813252538
NE,-1.02822341793217
NE,-2.99262546439422
NO,-0.837157861795276
NO,-1.60126007860526
CAR,0.0407079509459436
CAR,2.15883890562691
CAR,1.46650601143483
CAR,-0.455301151494496
CAR,-0.0576221264200285
NO,-0.521743534365669
NO,2.08877994690556
NO,-0.238389965379611
CAR,0.865096917143092
CAR,-1.70755722559989
CAR,-0.879112345632166
NO,0.290777668356895
NO,-0.82185494992882
NO,3.77789045777172
NO,-1.11533598508686
NO,1.1356819140492
NO,-0.262772952206433
NO,1.55293037148658
NO,0.563869297155179
CAR,1.33955443033483
CAR,3.17471341928467
CAR,-0.381453281734139
CAR,-0.628497206897009
CAR,-0.797508516478405
CAR,3.62432004790753
CAR,-0.728572344291024
CAR,1.74992689699866
CAR,4.02664601244032
NO,2.67746505467221
NO,0.280542512889951
NO,0.772443724563345
NO,1.0198019684758
NO,0.680955310468562
NO,-1.55345998052508
NO,-1.32831357517767
CAR,0.0088116554543376
CAR,-0.317773086950183
CAR,-0.901539083570242
CAR,2.03190044080839
CAR,-0.535379522945732
NO,-0.544682795647532
NO,1.43128946004435
NO,0.897372299688868
NO,0.19381625240203
NO,-0.38351797463838
NO,-0.667345708585344
NO,-0.821922690374777
NO,-4.08491494075861
CAR,-0.541080106981099
CAR,-0.499516758834943
NO,0.776059438707307
NO,0.990042066026945
NO,1.11489277693909
NO,0.99956969358027
NO,-0.462223142385483
NO,0.320341435086448
NO,3.13736028777203
CAR,-0.515002958010882
CAR,-0.580999663798139
CAR,1.50015464273747
CAR,-1.20702266972512
CAR,-0.0450928694335744
CAR,-0.43258447968401
NO,-0.26424732292071
NO,0.499389008327853
NO,-0.184174155292567
NO,0.476466518128291
NO,0.113015574293557
CAR,-0.0820680309843738
CHI,-0.491693021962419
CHI,-1.18427937570959
CHI,0.0532498435350135
CHI,0.743424534390215
CLE,-0.610302306711674
CLE,-0.123196896631271
CLE,-0.094034134875983
CHI,2.06986976787448
CHI,2.28442445961991
CHI,2.07877400779398
CLE,-1.63290170906112
CLE,-0.421801074407995
CHI,1.66883518639952
CHI,1.52898735401686
CHI,0.957396783982404
CHI,0.699145276041236
CHI,-1.21737837604342
CLE,-0.495996458921582
CLE,-0.564002581639215
CLE,3.64464139111806
CLE,-0.526062402699608
CLE,-2.1991454915842
CHI,-0.248051433940418
CHI,-0.801470095990226
CLE,-0.262408020556904
CLE,-0.266260246280581
CLE,-0.590889190556482
CHI,1.09622925514122
CHI,-0.222485577629413
CHI,-0.333264742628671
CHI,-0.588696193590295
CHI,-0.412513182731345
CLE,-0.796129473019391
CLE,-1.29610417596996
CHI,-3.28012325358577
CLE,1.34219559922349
CLE,-0.707315952749923
CLE,-1.23566539746027
CHI,0.114432170288637
CHI,-1.52338811848313
CLE,-5.07875885651447
CHI,2.19843698409386
CLE,3.84263695497066
CLE,-0.731898959958926
CLE,-4.2751039005816
CHI,-1.04131195414811
CHI,1.05728155537508
CHI,1.58761324675288
CHI,-0.464646574109793
CLE,-0.595585263334215
CLE,-0.715205326676369
CLE,-1.83504202123731
DET,0.956607260042801
DET,1.5754026878858
DET,-0.776546600740403
DET,-0.273120435151789
LA,1.10189867671579
LA,1.3640094633447
LA,-9.48962686012965
DET,2.03866699256469
LA,-0.616381325293332
LA,1.20952264615335
LA,-0.533893218729645
LA,-0.12258145888336
LA,-1.93011863995343
LA,3.19947855360806
LA,-0.87051614804659
LA,-1.76893577980809
LA,3.9109470685944
LA,1.66757285495987
DET,-0.61003854800947
DET,3.11639020359144
DET,-0.193724372074939
DET,-0.587146651931107
DET,-1.28155878076045
LA,2.08338923804695
LA,1.06829802680295
LA,-0.387770171335433
DET,3.2991227672901
DET,2.67013888491783
LA,0.030405332101509
LA,-0.0577364984783344
LA,-0.679748191789258
LA,-1.39470678707585
DET,-0.536965586943552
DET,-0.487759526353329
DET,2.58910724706948
DET,-0.419142054044642
DET,-0.325166416587308
DET,1.31069308746373
DET,0.853794909024146
DET,3.5553833595477
LA,0.306730814510956
LA,1.81276430218713
LA,-0.231370216119103
LA,0.0659300275325858
LA,1.23092852625996
LA,0.789788059191778
LA,-0.787158860592172
LA,-1.90899703989271
LA,-1.28413579279064
DET,-1.11756798159331
LA,-0.647234537173063
LA,0.689326369669288
LA,0.808144822716713
LA,-0.610290092416108
LA,1.77855644095689
LA,1.50291226059198
LA,2.35665680328384
DET,-0.630822466686368
DET,-2.12864466942847
DET,-0.928907718509436
LA,2.23643183684908
DET,-0.960811891360208
DET,-1.39187267539091
LA,-1.66877421317622
DET,1.28578896308318
DET,-0.51858650916256
DET,-0.559281836729497
DET,2.78461385588162
DET,-0.852036729222164
LA,0.580554846907035
LA,0.667694466887042
DEN,0.0594611258711666
DEN,0.152604250935838
GB,0.0027119186706841
GB,2.16905929427594
GB,-0.587229560362175
GB,1.29132164572366
DEN,-1.40106088551693
GB,2.18665044929367
GB,1.61686045769602
GB,0.483780711772852
GB,1.05779009894468
GB,-0.146685436367989
GB,-0.148538312409073
GB,-1.22793043473279
DEN,1.90906613063999
DEN,1.46014544949867
DEN,-0.823093166924082
DEN,2.34915049257688
DEN,-0.380310421111062
DEN,3.19285441172542
GB,0.442959865089506
GB,-0.62694118404761
GB,2.3572632658761
GB,0.581282501865644
GB,-0.515533253317699
GB,-0.718378951889463
GB,3.8645368181169
DEN,2.66805596725317
DEN,0.186139310884755
DEN,0.933345191326225
DEN,2.1519476993999
GB,0.873888764181174
GB,1.42285530304071
GB,0.0208439707057551
GB,0.43217418785207
GB,0.0828428347595036
GB,0.0504129176661747
GB,-0.53531604167074
GB,-0.180686926469207
DEN,-0.554651712998748
DEN,-1.4382108352147
GB,-2.22179655171931
DEN,1.76825935440138
DEN,1.12338650913443
DEN,0.933084996941034
DEN,2.28964011115022
GB,-0.202020736876875
GB,3.25708557036705
GB,-0.516807864652947
GB,-2.22157010133378
DEN,-0.862681700382382
DEN,0.811445585917682
DEN,-0.493685808731243
DEN,1.23935947613791
DEN,0.724036851897836
DEN,-0.444540571887046
DEN,3.25114606367424
GB,-0.0291601773351431
GB,2.96124557132134
GB,-0.620308781741187
GB,-0.455305971906285
DEN,-0.50759391929023
DEN,1.41473265225068
DEN,0.631498037371784
DEN,-1.84502666466869
DEN,3.81307602371089
DEN,-0.439609102089889
GB,-3.55786288692616
DEN,-0.454729979857802
DEN,-2.59268888644874
GB,-0.550937421852723
GB,-0.661710644839332
GB,1.91593434812967
GB,-1.30312580731697
GB,-0.398940052371472
GB,-2.34837651712587
GB,-0.290125443716534
IND,-0.865169926313683
IND,2.22592270094901
IND,-0.862999570090324
IND,-1.75005324278027
SEA,-0.850132798776031
IND,-0.52625013096258
IND,1.4691893348936
IND,1.34870686056092
IND,-1.3704598143963
SEA,0.971997208893299
SEA,0.768807301297784
IND,-1.40058508561924
SEA,-0.576810149941593
SEA,0.152853902429342
SEA,-1.80101566179656
IND,-1.29144868184812
IND,-0.260363564593717
IND,0.304587255232036
SEA,-0.687855164520443
IND,1.19846225366928
IND,-0.701488671940751
IND,1.74142941122409
IND,0.53911444923142
IND,3.00504925323185
SEA,0.0232243214268237
SEA,0.932744310004637
SEA,-0.285320092516486
SEA,0.362974479154218
SEA,-0.226970610150602
SEA,0.117290751426481
SEA,0.371482069836929
SEA,0.883106256835163
SEA,-0.0327999778091908
SEA,-1.88878295803443
SEA,3.31727772718295
SEA,-0.447156252805144
SEA,-1.5979724939581
IND,-0.0437291001435369
IND,-1.78760021482594
SEA,-0.575460124760866
SEA,-1.60229269042611
IND,-0.614514498505741
IND,-1.14637629128993
SEA,1.89967605494894
SEA,0.175537119386718
SEA,2.73434911837103
SEA,-0.515993897803128
SEA,-1.12417772452182
IND,-0.712528232950717
IND,0.490689453203231
IND,-2.24885468860157
SEA,0.208902604528703
SEA,0.0504249695222825
SEA,0.918586247134954
SEA,2.4497039965936
SEA,0.700653684325516
SEA,-0.690734856412746
SEA,-0.931447858617517
IND,-0.506653830641881
IND,1.72560123552103
IND,-0.444138982973527
SEA,0.964694933849387
SEA,0.407998234673869
SEA,-0.577488170624627
IND,-0.0488447747193277
KC,0.56737079587765
KC,-1.49786746595055
KC,2.98705458524637
KC,0.310457208543085
KC,2.54036606627051
LAC,0.0779863563366234
LAC,-0.582959128776565
LAC,0.45523803785909
KC,-0.1564485298004
KC,-1.32086312072352
LAC,0.038466811645776
LAC,-1.61399714555591
KC,-0.508683111285791
KC,-1.58136892318726
LAC,-0.728118957486004
LAC,-3.86128011974506
KC,-0.768014650617261
KC,-0.893439164564312
LAC,-0.0646928455680609
LAC,1.33487217710353
LAC,0.414482788182795
LAC,-1.25146193039836
LAC,-0.763336079195142
LAC,-0.96463975822553
KC,0.0630756590981036
KC,1.12054263870232
KC,0.141179222729988
KC,-0.191811020602472
KC,1.7757596517913
KC,-0.359822651778813
KC,0.453783919394482
KC,-0.975497916689936
LAC,-0.197218271961901
LAC,2.21289864281425
LAC,-0.21753441990586
LAC,0.186743114027195
LAC,4.15288104803767
LAC,0.972124414984137
LAC,0.661483030999079
LAC,0.118180116405711
LAC,2.26707683491986
LAC,-0.996737723995466
LAC,-1.33153733337633
KC,-0.538381965365261
KC,-0.791935175657272
KC,-2.40694945352152
LAC,1.37810256495141
LAC,-1.35986119648442
KC,-1.57694084057584
LAC,-1.31415027268327
KC,0.986490896204486
KC,-1.30337097425945
KC,-0.918940224684775
KC,1.33171432674862
KC,3.44358546665171
KC,-0.471807422407437
KC,-2.68251450778917
LAC,0.94921455392614
LAC,1.18976020393893
LAC,1.19970599724911
LAC,0.336109620518982
LAC,-0.614803988486528
LAC,-1.64941792876925
KC,0.569520630291663
KC,0.587642731610686
KC,0.48217829677742
KC,-0.388397927861661
KC,0.752410494023934
KC,0.437830165436026
KC,-0.217211767332628
KC,0.728294236934744
KC,-0.254679579113144
KC,-1.76844540721504
PHI,-0.720631555886939
PHI,0.290781831485219
PHI,1.91492305521388
PHI,1.30993003986077
LV,-0.0625814371742308
LV,0.877490834798664
LV,-0.753292163833976
LV,0.989506069105119
LV,0.933470719726756
LV,-0.84969340194948
LV,1.93699510744773
LV,-1.62637736299075
LV,-0.496659358264878
LV,-0.127600690117106
LV,-3.01164997159503
PHI,2.76436222589109
PHI,-0.994150284910575
PHI,-1.68499840590619
LV,-0.712708251085132
LV,-1.22088687727228
PHI,0.525553346611559
PHI,-1.29875003686175
LV,-1.78450461337343
PHI,0.943229884142056
PHI,0.718817535671406
PHI,1.2815117353457
PHI,1.94327156059444
LV,0.624018724309281
LV,0.218227852834389
LV,-0.549324343213812
LV,0.986186443711631
LV,-0.467891503300052
LV,-0.36686702555744
LV,-0.77051473967731
LV,-0.534588598180562
LV,-0.242468914482743
LV,0.975213487166911
LV,-0.205551748513244
LV,-4.26534334488679
PHI,2.03491136967205
PHI,-0.221477962099016
PHI,2.30114099022467
PHI,0.919083365006372
LV,-2.21835624380037
MIA,1.41787016252056
MIA,-0.812420944683254
MIA,-1.73970556422137
PIT,-0.569672999437898
PIT,0.11012871330604
MIA,0.688911315752193
MIA,-4.11159026646055
PIT,-0.546276404988021
PIT,1.84136974206194
PIT,-1.8772348810453
PIT,3.27061297290493
PIT,-0.799448188859969
PIT,-2.44577593472786
MIA,1.26013639522716
MIA,-1.18072395492345
PIT,0.0068854447454214
PIT,0.57837343076244
PIT,-2.07504410902038
MIA,-0.567451497074217
MIA,2.47669389680959
PIT,0.690707068541087
PIT,1.14762947306735
PIT,0.521034744218923
PIT,0.354763240669854
PIT,1.46962523943512
PIT,2.45413194014691
MIA,-0.428066065069288
MIA,-2.27256979630329
PIT,0.150480013806373
PIT,-0.356181673705578
PIT,-0.05256726895459
PIT,-0.999863791977987
PIT,2.27759587968467
PIT,-0.693014240125194
PIT,4.19697004184127
MIA,-0.770271093584597
MIA,-2.01385799027048
PIT,-0.563306780299172
PIT,2.94960995297879
MIN,-5.61293609638233
DAL,-0.695890597999096
DAL,-0.856032814015634
DAL,0.944701860949863
MIN,1.69453033152968
MIN,0.758907043375075
DAL,-0.702873876783997
MIN,2.24109824857442
MIN,2.32013843796449
DAL,1.22386132134125
DAL,1.94014573690947
DAL,-0.225306542037288
MIN,-0.558620828669518
MIN,5.35360789159313
MIN,-0.829863419523463
MIN,0.650976587203331
DAL,-0.820420028408989
DAL,-0.927537313429639
DAL,3.50466099724872
DAL,-0.551576042780653
DAL,-1.88446381769853
MIN,0.584556399146095
MIN,-0.108989844098687
MIN,1.00192998698913
MIN,-0.727962608332746
MIN,-0.84198102441355
DAL,-0.345054212957621
DAL,0.677925186464563
DAL,0.99480976263294
DAL,0.719266069936566
DAL,-0.684732698078733
DAL,-0.559086189081427
DAL,-0.0072577584411561
DAL,2.15855960815679
DAL,-0.463385945884511
DAL,-1.2771291153187
MIN,-0.877010368276388
MIN,-1.57242944627069
DAL,1.93598153046332
DAL,-0.196187819354236
DAL,0.735579083673656
DAL,-0.461588410893455
DAL,-0.0885984628694132
MIN,1.84134972840548
MIN,-0.530989064602181
MIN,4.35180024924921
MIN,0.85532379115466
MIN,-0.242450992955128
DAL,-0.497305224882439
DAL,0.0380290801404044
DAL,-2.28422340682708
MIN,1.01730263757054
MIN,1.23940492479596
MIN,1.29371369886212
MIN,1.13052970077842
DAL,1.15569861931726
DAL,0.903504019719549
DAL,-0.535924816504121
DAL,0.564562883693725
DAL,-1.62069886154495
DAL,-2.43063006224111
MIN,-0.74548958230298
JAX,0.347959864418954
JAX,-0.476384884677827
JAX,1.32296433788724
JAX,1.35090684832539
JAX,0.414093073399272
JAX,0.470613481360488
JAX,1.24241153156618
NYJ,0.430835036560893
NYJ,-0.986563107464463
JAX,1.46943619468948
JAX,-0.807638916769065
JAX,3.59828904643655
NYJ,-0.36660597845912
NYJ,-0.355378954438493
NYJ,2.83757760492153
NYJ,1.87867709860438
JAX,1.5015221076319
JAX,2.07525266916491
NYJ,0.858789469581097
NYJ,-0.49546276871115
NYJ,-1.78534381557256
JAX,-0.708363182609901
JAX,-1.30243107117713
NYJ,2.49362225830555
NYJ,0.947809003992006
NYJ,0.184166375373025
NYJ,-1.06523705408086
JAX,-0.063131088623777
JAX,1.1650638616411
JAX,-0.434220691095106
JAX,-0.601706529268995
JAX,3.28952927299542
JAX,0.570377124677179
JAX,0.0576486318343181
NYJ,-1.84070214506937
JAX,0.787052021507407
JAX,-0.229304209904512
JAX,1.26827828085516
JAX,-0.291427819232922
JAX,4.4135416225181
NYJ,1.04595648963004
NYJ,-0.0556468649301678
NYJ,1.94224685372319
NYJ,-0.652821714640595
NYJ,-1.63068377739135
JAX,0.838135987054557
JAX,2.43975164339645
JAX,0.356502570561133
JAX,-0.56702816154575
JAX,2.00724396976875
NYJ,-1.31095960922539
NYJ,-0.619391641579568
NYJ,-0.111409226898104
NYJ,-2.79230795358308
JAX,1.62530944612809
JAX,-0.972285260271747
JAX,-1.74966498924909
NYJ,2.12345375004224
TEN,-0.563720162492245
TEN,-1.40056556975469
SF,0.599267388228327
SF,0.536821531364694
SF,1.27330054924823
SF,-0.0599362611537799
SF,-0.251898575632367
SF,1.32845966605237
SF,-0.976242105127312
SF,2.29100143502001
TEN,1.18431324721314
TEN,-0.117893690185156
TEN,-1.13017866828774
SF,-0.78318596421741
SF,2.66377238323912
SF,2.0164147473406
TEN,1.10815988015383
TEN,1.33432015869766
TEN,0.76656707318034
TEN,3.95327813457698
SF,-0.457802130840719
SF,-1.20936372783035
SF,2.37569216592237
SF,0.924072015448473
SF,0.374517051619478
SF,1.26144580071559
SF,-0.609074807318393
SF,-0.576698084683772
TEN,-0.470398478442803
TEN,-0.212858579820022
TEN,0.352908873406705
TEN,-0.513950745807961
TEN,-0.276280040270649
TEN,0.552306176786495
SF,0.914253665367141
SF,2.29565474635456
SF,2.17347862449242
TEN,-0.829572880873457
TEN,-1.11822434561327
SF,1.30135682644323
SF,1.86030608648434
SF,0.944931204838213
SF,0.81553080433514
SF,1.12862765701721
TEN,-0.819473827490583
TEN,-1.04772554547526
WAS,0.946633140090853
WAS,1.23348410264589
WAS,3.05833600403275
WAS,-0.897312446963042
WAS,0.198989367992653
NYG,1.24441881233361
NYG,-0.545678285532631
NYG,-1.67931003422223
WAS,-0.104568135458976
WAS,-0.708332240930758
WAS,-2.97749068401754
NYG,-0.555790389422327
NYG,-0.357359022833407
WAS,0.792686943546869
NYG,1.19331950927153
NYG,-0.544854152714834
NYG,-1.29954377724789
WAS,1.29562865826301
WAS,-0.473157497821376
WAS,1.34579345665406
WAS,-0.572881290921941
WAS,-1.04919700747839
NYG,1.08780706522521
NYG,-0.4060259682592
NYG,2.23493713870994
NYG,-0.423264176322846
WAS,-0.278174910927191
NYG,-0.258591454010457
NYG,-0.882633533561602
NYG,-0.328588214702904
NYG,-0.263320749741979
NYG,0.892471736937296
NYG,0.0277995986398309
NYG,-3.33903875865508
WAS,0.69993629897356
NYG,-0.0353741589933634
NYG,0.836816312279552
NYG,1.36891093011945
NYG,-0.495624435367063
NYG,1.28804404276889
NYG,1.91655505716335
WAS,1.5441187643446
WAS,0.0848891502246261
WAS,-1.56086153397337
NYG,0.124911714810878
NYG,-1.61241511953995
WAS,-1.74409923655912
NYG,0.745872914092615
NYG,0.0904057347215712
NYG,2.74272275529802
NYG,0.813724127714522
NYG,0.620373789803125
NYG,-0.860197983216494
WAS,1.14371149335057
WAS,4.58146822592244
NYG,0.30298101506196
NYG,-1.52771219215356
NYG,-2.55904836551053
NYG,0.837569870258449
NYG,-0.448548478510929
NYG,-0.405820014711935
NYG,-0.96685788477771
ARI,-0.565697296056896
ARI,2.31194969965145
ARI,-0.567550790030509
ARI,-2.1890682798276
ATL,-0.533450051210821
ATL,-0.917525918455794
ATL,1.96469975146465
ATL,-0.534569220384583
ATL,-0.440073325997219
ATL,-1.98507574596442
ATL,-2.73982547526248
ARI,-0.503404366900213
ARI,3.84533535013907
ATL,1.66962785739452
ATL,-0.880818265024573
ATL,2.33576390030794
ATL,-0.55696874554269
ATL,-1.75594172915452
ARI,1.49954105494544
ARI,-0.850933018838987
ARI,-0.959409570321441
ATL,2.91212388046552
ATL,1.90068563760724
ARI,-1.13305707369
ARI,0.215883934637532
ARI,1.90420279256068
ARI,0.736201249004807
ARI,-0.919653840828687
ARI,-1.29142712619495
ATL,-0.550948468735442
ATL,-0.505853428738192
ATL,-0.511567355366424
ATL,-0.463875461253338
ATL,-0.102304934349377
ATL,1.38300222938415
ATL,-0.410154084849637
ATL,-0.047283987805713
ATL,2.60148172540357
ARI,0.621771245147102
ARI,0.183654140564613
ATL,2.12985101342201
ATL,-1.27295596827753
ATL,1.46314534300473
ATL,3.01679884595796
ATL,-0.259425710653886
ATL,-1.3814844045047
ARI,-0.285086209652945
ARI,3.00600242021028
ARI,-0.649500366998836
ARI,-1.12178483394373
ATL,0.876243597595021
ATL,0.399773408949841
ATL,0.51119019422913
ATL,-0.240465411858168
ARI,-0.555991165339947
ARI,-0.372365286573768
ARI,-2.50036084558815
ATL,0.109220438171178
ATL,-0.666275512892753
ARI,0.46013594546821
ARI,-0.454941109055653
ARI,1.43061791319633
ARI,-0.431132205587346
ARI,-0.706215279991739
ARI,-0.95615082014549
ATL,1.57737892237492
ARI,-0.685653199674562
ARI,2.05977726366837
ARI,-2.97137184266467
CLE,0.299842180451378
CLE,0.590608768165112
CLE,1.41681725566741
CLE,0.215246767853387
CLE,1.73587644466897
BUF,0.425013535190374
BUF,0.211264726473019
CLE,-0.16990341921337
CLE,-0.59465887863189
CLE,2.87072286382318
CLE,-4.97405060264282
BUF,1.50276339775883
BUF,1.27018583647441
BUF,0.152132863819134
CLE,-0.722576073370874
CLE,1.69407494761981
CLE,0.986307872342877
CLE,0.359909849590622
CLE,1.67030687892111
CLE,1.37441806291463
CLE,-1.01142155315029
CLE,-1.40814309214022
BUF,-0.484552336856723
BUF,1.53249313728884
BUF,1.49301949626533
CLE,-0.855046026059426
CLE,-1.02835346199572
BUF,0.282745720120147
BUF,-1.40064333606279
CLE,-0.0926400570897385
CLE,-1.80454133736203
BUF,-0.406489700544626
BUF,-1.46483754878864
CLE,0.251275616232306
CLE,-6.175335781998
BUF,-0.5030716258334
BUF,-0.881300364609895
CLE,-0.836650716839358
CLE,3.10925878875423
CLE,-0.456828562892042
CLE,1.39699178183218
BUF,1.31882958160713
BUF,-1.55728736671153
BUF,-3.03110845037736
CLE,1.46944391576108
CLE,-0.145578439114615
CLE,-1.83208806641148
BUF,-0.683600233169273
BUF,-1.87055022967979
CLE,-0.287520012352616
CLE,-0.588803154882044
CLE,-3.7052876658272
BUF,0.644165637728293
BUF,-0.297564547159709
BUF,-3.66591785324272
CLE,0.403685459401459
CLE,-0.851594813866541
CLE,-1.3423819669988
CLE,-0.720681417034939
BUF,-0.480168619425967
CIN,-0.760779123287648
CIN,1.84177356306463
CIN,-0.878869959851727
CIN,-2.03985411953181
MIA,-0.802840483374894
MIA,2.77478332282044
CIN,2.28902335348539
CIN,0.595432800240815
CIN,0.648023707326502
CIN,1.69419376109727
CIN,1.87461797718424
MIA,1.04049054253846
CIN,-0.728566660080105
CIN,-0.702199193183333
MIA,-0.75112362485379
MIA,1.50461127329618
MIA,0.844783601118252
MIA,-0.528612023219466
MIA,-1.42052273475565
CIN,0.156814608257264
CIN,0.896932631265372
CIN,1.57002872019075
CIN,0.620929318596609
CIN,-0.453597296611406
CIN,1.21548812917899
CIN,-0.39739819947863
CIN,-1.3774167841184
CIN,-0.498636625940976
MIA,1.11883739987388
MIA,1.58168439049041
MIA,1.54306880175136
CIN,0.365851541399024
CIN,0.665794131404255
CIN,-0.343466551683377
CIN,-0.439510271302424
CIN,2.71964851854136
MIA,-0.0152945112204179
MIA,0.17481949517969
MIA,-3.30888469307683
CIN,-0.0346936878049746
CIN,0.750630135938991
CIN,1.89447469840525
MIA,-0.530947441002354
MIA,-0.798269195016474
MIA,-3.96454818185885
CIN,1.45964563172311
MIA,1.79436618112959
MIA,-0.871894063893706
MIA,-0.184315665857866
CIN,3.5263540171436
CIN,-0.939369489497039
CIN,2.50884625775507
MIA,-3.84946975740604
CIN,0.227512989891693
GB,0.643103573471308
GB,-0.633751570130698
GB,1.80365752923535
GB,-0.225508743140381
GB,-4.1529741610866
CHI,1.11656694463454
CHI,0.76156941941008
CHI,1.22890996898059
GB,-0.555604584049434
GB,1.63537930301391
GB,0.995579186128452
GB,-0.530035239877179
GB,2.1520293118665
GB,0.612792775500566
GB,0.155332966998685
GB,-0.886449582855885
CHI,-0.112949893111363
CHI,-0.499643982388079
CHI,-1.24230308062397
GB,0.716209390666336
GB,0.289302969991695
GB,0.795483453723136
GB,-0.478246987680905
GB,-1.12625414328925
CHI,0.540101455349941
CHI,-0.373371928522829
CHI,0.275930384232197
CHI,-1.17579836543882
CHI,2.54676987312268
CHI,-0.791094725485891
CHI,-0.999143296158412
GB,1.8619271449279
GB,0.87877451768145
GB,0.70586289302446
CHI,-1.02571765612811
GB,1.25760977435857
GB,3.97195898089558
CHI,2.00029956549406
CHI,-0.404287824872881
CHI,-2.36790534211927
GB,1.13945134589449
GB,0.416965828160755
GB,-0.263866080204025
GB,-1.03304143305707
CHI,0.6668986271834
CHI,-0.496559304185212
CHI,-0.629652036353946
CHI,-0.380267508327961
CHI,2.69123303639935
CHI,-0.423589131271001
CHI,-0.564678728289437
CHI,-0.456932472006884
CHI,0.195112480665557
CHI,-0.300872814107161
CHI,-0.140902990067843
CHI,0.690456312557217
CHI,0.630037326947786
CHI,1.37632898971788
CHI,0.411663247417891
CHI,-0.772233313677134
CHI,-1.46339401273872
CHI,4.24385817343136
GB,-0.16276552178897
GB,2.45647515286692
GB,0.53427470009774
GB,-1.14718286762945
CHI,-0.471663337433711
CHI,4.51990813505836
JAX,-0.558722876012325
JAX,-0.158715242985636
JAX,-1.55551399523392
DEN,-0.780689029954374
DEN,-0.410863405093551
JAX,-0.704295980511233
JAX,-1.58183871256188
DEN,-0.529893548227847
DEN,0.911224716575816
DEN,0.739460638957098
DEN,-0.668584049213678
DEN,-1.34799477891533
JAX,-0.803155161673203
JAX,2.90598400542513
JAX,-0.549391624052078
JAX,0.940807810227852
JAX,-0.475775823171716
JAX,-0.0628658011555672
JAX,2.91652270173654
DEN,1.95334127324168
DEN,0.224197795731016
DEN,2.89538576593623
JAX,-0.728203258942813
JAX,-1.48665940202773
DEN,1.18810081947595
DEN,-0.487940951250494
DEN,0.27623834926635
JAX,-0.495219571515918
JAX,0.78506398643367
JAX,1.43750753364293
JAX,-0.792791797604878
JAX,1.56704105838435
DEN,1.10354458296206
DEN,-0.354445014090743
DEN,0.12320549658034
DEN,-1.24659651878756
JAX,1.29912680457346
JAX,-0.326195937697776
JAX,0.707426839857362
JAX,0.563024812377989
JAX,0.136101434007287
JAX,-0.0205589380977429
DEN,0.0278441840782762
DEN,1.76080067874864
JAX,0.7236333838664
JAX,-0.844286698149517
JAX,2.90691675094422
JAX,0.616021533671301
JAX,-0.471784919849597
DEN,1.03371124318801
DEN,-0.511998948641121
DEN,-1.45470800646581
DEN,-1.34737284760922
JAX,0.234097258653492
JAX,4.90827807557071
JAX,1.97829268680653
DEN,-0.790969342458993
DEN,2.21345136174932
DEN,0.214707718230784
JAX,0.227154198102653
JAX,2.6416049230611
DEN,0.54089428705629
DEN,0.514362788759172
DEN,-0.67467186646536
DEN,-1.61793334246613
KC,-0.765331209171563
KC,-0.499791111331433
TEN,0.863622309407219
TEN,-3.47261320240796
KC,-1.03802872402593
KC,-0.012427625246346
KC,-1.60760844033211
TEN,0.521264574490488
TEN,1.55387425865047
TEN,-0.690555964130908
TEN,1.62950856005773
TEN,-1.81178190559149
TEN,-1.23513587540947
KC,0.637127868598327
KC,-0.522354273125529
KC,-0.744467679644004
KC,-1.2873805926647
TEN,-0.500379737699404
TEN,0.0744936629198492
TEN,-2.36228294926696
TEN,-1.64594984613359
KC,-0.449392566457391
KC,-0.048699957318604
KC,-1.91513603075866
TEN,2.65580216958188
TEN,0.682983331964351
TEN,3.18987425044179
KC,-0.412816758966073
KC,1.02112040569773
KC,0.0664578545256518
KC,1.36521613108926
KC,-1.15808220772306
KC,0.295456194063028
TEN,-0.468093589879572
TEN,2.54129666741937
TEN,2.36805616109632
TEN,-0.455682049388997
TEN,-0.4867773844162
TEN,2.18577595893294
TEN,0.469763879664242
KC,2.41066580615006
KC,-0.163074500160292
KC,-1.66877238222401
TEN,-0.837806187104434
TEN,-0.303761573741213
KC,-0.947623646003194
KC,2.70980259712087
KC,-1.01701974816388
KC,-1.78109245403903
TEN,0.500160944182426
TEN,-0.571904537966475
TEN,-1.24711297673639
TEN,2.89578033413272
DAL,0.974386638728902
DAL,1.09311217442155
DAL,-0.0219382548239082
DAL,-1.93307323055342
DAL,4.40473879029742
DAL,-0.325383257295471
DAL,2.34875427855877
LAC,-0.167908504372463
LAC,2.6375152018154
LAC,0.826489858329296
LAC,2.8943702923134
DAL,0.307581498753279
DAL,0.198744197725318
DAL,0.713482459075749
DAL,-0.506095565273427
DAL,0.111172389995772
DAL,0.808849086752161
DAL,-0.467244387138635
DAL,-0.27193393354537
DAL,-0.692232633751992
LAC,0.936993178445846
LAC,0.917081891326234
LAC,1.03279186075088
LAC,-0.437212568940595
LAC,3.0783736257581
DAL,1.7733450718224
DAL,3.35995690152049
LAC,0.309515743982047
LAC,-0.641566017176956
LAC,1.78367340727709
LAC,-0.401442495407537
LAC,0.917325961752795
LAC,-0.0988813266158104
LAC,1.52951059158659
LAC,1.96010093405494
DAL,0.0613674491178244
DAL,-0.194146581401583
LAC,4.21914148970973
LAC,-0.453046548878774
LAC,-1.14971011285232
DAL,-0.226466880179942
DAL,2.33390293852426
DAL,-0.573978973785415
DAL,-0.814409236889333
DAL,-0.901431697886437
LAC,-0.313995531760156
LAC,0.554599270690233
LAC,-1.81335400231183
DAL,1.11011201143265
DAL,1.35491863708012
DAL,1.7195208236808
DAL,0.313196646631695
LAC,0.78443264355883
LAC,-0.170489989221096
LAC,0.127040703780949
LAC,3.36697298160289
LAC,1.1092308718944
LAC,1.02584660350112
LAC,0.642508482967969
LAC,-1.45639987010955
DAL,-0.564190729986876
DAL,1.38832576083951
DAL,-1.54445453500375
DAL,-2.75308996916283
LA,-1.91951894480735
LA,-0.160720286425203
LA,-0.990366162266582
SEA,0.599236549343914
SEA,2.97664567746688
SEA,-0.244704266951885
LA,0.99262287048623
LA,1.87577753537335
LA,-0.701245087664574
LA,-1.49742727191187
LA,2.91232949111145
LA,1.38549773482373
LA,0.336310940678231
SEA,-0.683252423536032
SEA,-1.74594614654779
LA,3.44020612677559
LA,-0.687588346190751
LA,2.37514569814084
LA,-1.70574969303561
SEA,-0.512362346518785
SEA,-0.907156605273485
LA,0.124657356180251
LA,0.268207158194855
LA,0.840838998556137
LA,1.40525928293937
SEA,-0.992893515853211
SEA,0.851608368218876
SEA,-3.13623319892213
LA,-0.0723490791278891
SEA,0.642919245874509
LA,-0.735917264595628
LA,4.5605874392204
LA,1.53870574198663
LA,-0.404517845949158
SEA,-0.514808706007898
SEA,2.1068919361569
SEA,-0.506129723973572
SEA,-8.29937039894867
SEA,0.689971855608746
SEA,-0.477173682535067
SEA,1.03163078031503
SEA,-0.729066245257855
SEA,-1.29228651919402
LA,1.55981445638463
LA,-0.0493530654348433
LA,5.37353186547989
LA,1.40409087843727
SEA,0.62941215292085
SEA,0.949783756106626
SEA,0.0002682398771867
SEA,-0.926321611739695
SEA,1.053
LA,-0.140396519331262
LA,-0.625786382006481
LA,-1.16784076718614
SEA,2.87746991502354
LA,-0.547325500752777
LA,-0.493926153052598
SEA,-0.463439756305888
SEA,-0.734011021209881
LA,0.269174719811417
LA,-0.543586433632299
LA,3.02272385539254
LA,-0.0700022717937827
LA,-0.383633688063806
SEA,-1.07354897400364
SEA,-0.741030252189376
LA,-0.203180066309869
LA,1.15311079355888
LA,-0.311452602734789
LA,0.336665752693079
LA,-0.284243354166392
LA,-0.315728493849747
LA,-0.591933354909997
SEA,0.144446737016551
SEA,-0.181169918330852
LA,0.624140788335353
LA,0.606912168907002
LA,-0.428738889750093
LA,-0.70639716880396
LA,1.4811031705467
LA,4.41947196307592
SEA,1.52296848304104
SEA,-0.424351307447068
SEA,1.87734039779753
SEA,-0.356144581513945
SEA,0.0215903605567291
SEA,1.36526569889975
SEA,1.053
LV,-0.587595235556364
LV,-0.776553852949292
LV,-1.43005781667307
HOU,-0.583065566141158
HOU,2.12553998827934
HOU,-0.527063949964941
HOU,-1.52390837809071
LV,-7.96025747898966
LV,-0.215037572663277
HOU,-0.581547111272812
HOU,-0.122007916681468
HOU,-1.65135672083125
LV,0.597095785662532
LV,0.550474085379392
HOU,-1.40409964323044
HOU,-1.13963170908391
LV,3.16748538723914
LV,0.563254629203584
LV,-0.459444689040538
LV,2.90871174767381
HOU,-0.518779004691169
HOU,1.95286147145089
HOU,-0.0677127569215372
HOU,-1.90664543124761
LV,-0.585122054442763
LV,1.07898260862567
HOU,0.654631096520461
HOU,1.38097361777909
HOU,-0.474524073419161
HOU,0.127813410712406
HOU,1.08096051518805
HOU,-0.336920768138953
HOU,-1.00289272949994
LV,-0.512351960875094
HOU,-0.102186928328592
HOU,0.470351505093277
HOU,-1.53647530265152
LV,1.72706338809803
LV,-0.73968722182326
LV,6.34561822959222
HOU,-0.97632341645658
LV,-2.05014283256605
LV,-1.07672199327499
HOU,0.751250684610568
HOU,0.728845082339831
LV,1.56077168369666
LV,0.651598458411172
LV,-0.889138541882858
LV,-0.953851199243218
HOU,-0.848695650696755
HOU,1.24006072524935
HOU,1.01855911873281
HOU,-0.427040388807654
HOU,1.10251366090961
HOU,0.116939969244413
HOU,0.551473442174029
LV,0.292560984613374
LV,-2.00418106582947
LV,2.45692189736292
HOU,0.0613179102074355
HOU,1.74489938258193
HOU,2.98900147213135
MIN,-0.528205484617502
MIN,2.54663896048442
MIN,1.23271869623568
MIN,0.0445067557739094
MIN,-1.30353017314528
NYG,-3.05528779391898
MIN,0.52868527173996
MIN,-0.563975797966123
MIN,-1.17258631903678
MIN,2.54593322053552
MIN,-4.50628748117015
NYG,-0.458351142646279
NYG,-1.22297493435701
MIN,1.2762347641401
MIN,0.289916029432789
MIN,0.425654403399676
MIN,1.13886939524673
MIN,-0.804217111493927
MIN,-1.58341969452587
NYG,-0.403654052759521
NYG,-0.650266815675423
NYG,-3.96070659172256
MIN,0.352747336321045
MIN,3.29133614065358
NYG,-0.0970422048121691
NYG,-0.346287284279242
NYG,-0.371216169907711
MIN,-7.73247323650867
NYG,-1.04511366412044
MIN,-0.419351831777021
MIN,1.25108267646283
MIN,-0.081335567869246
MIN,-0.0048448021989315
MIN,-1.77169449790381
NYG,-1.14940891438164
NYG,0.0428212778642774
NYG,2.95673283515498
NYG,-1.72532366355881
NYG,-0.242951549007557
NYG,-0.69382844981818
MIN,-1.64366068411618
MIN,2.96486435341649
MIN,-0.403351907851174
MIN,0.882057860784698
MIN,-1.3170842970704
NYG,-0.53133109700866
NYG,-1.43445864424575
NYG,-3.04076261440059
BAL,1.24131403281353
BAL,2.05198736523744
NE,0.363071399740875
NE,1.72574631648604
NE,-1.10756145848427
NE,-0.802917712950148
NE,-3.38095397665165
BAL,0.895307699451223
BAL,0.876740314299241
NE,-0.0368417855352163
NE,-0.59242762089707
NE,0.260423730360344
NE,1.07349537312984
NE,-0.956740581663325
NE,3.2811939844396
NE,2.4055223975447
NE,0.689173258549999
BAL,-0.497857597423717
BAL,-1.31682284688577
NE,0.15201794821769
NE,3.00029766943771
NE,0.761558626196347
NE,-1.08425383357098
NE,-0.599349560080166
BAL,0.989804660319351
BAL,-0.591113910195418
BAL,1.21195744891884
BAL,1.43009017844452
BAL,0.118808324277436
NE,-0.190083106223028
NE,1.24231133889407
NE,0.708667086204514
NE,-0.121711348823737
NE,0.230757704470307
NE,-2.87500238919165
NE,-0.0674939979799092
NE,-0.837470944505185
NE,-1.38645303854719
BAL,-1.59537957189605
BAL,-1.06519617995781
NE,2.07723444874864
NE,0.62145745952148
NE,-1.52797620076712
BAL,2.10542806400917
BAL,1.5055855489336
NE,0.932118149008602
NE,3.35745507781394
NE,-0.494348475942388
NE,-0.876319364644587
NE,-1.49754940345883
NE,-2.48269143770449
BAL,1.27610201539937
NE,0.242221693042666
NE,0.45871367235668
NE,0.842839072225615
NE,0.0033732960000634
NE,-0.374443104723468
NE,1.188273843145
NE,3.56560638686642
NE,1.053
BAL,-0.522055949782953
BAL,1.58592423796654
BAL,-0.589206862263382
BAL,-1.18122465210035
NE,1.29633107292466
NE,-0.218883062945679
NE,0.741266041761264
NE,-0.445640672580339
NE,0.465815733885393
NE,-1.7127223375719
NE,3.45830108982045
NE,0.444917627202813
BAL,-1.11434621817898
BAL,-3.40229497465771
NO,-0.600093001965433
NYJ,-0.0810635581146926
NYJ,1.22805752418935
NYJ,-0.763744431082159
NYJ,-0.634630106617902
NO,0.130390671081841
NO,0.566931094974279
NO,-0.57002606568858
NO,-0.0793623779900372
NO,1.69017086492386
NO,-0.432942260871641
NO,-0.613288647029549
NO,-1.18667436910278
NYJ,0.647019028663635
NYJ,-0.256197515875101
NO,1.81347913923673
NO,-0.345941004808992
NO,1.61012029461563
NO,-2.18225443997841
NYJ,1.67604995414149
NYJ,-0.735924144741148
NYJ,-1.00041860751939
NO,1.66928230132908
NO,-0.269655558746308
NO,-0.0684294616803527
NYJ,-1.16358411242254
NO,0.754276352003217
NO,-0.63234580680728
NO,-0.693035550881177
NO,-0.126410732511431
NO,0.339138691080734
NO,0.37515636452008
NO,1.06807577906875
NO,1.53202749439515
NO,0.194770990987308
NO,-0.620401607826352
NO,-1.19189956050764
NYJ,-0.461404980975203
NYJ,0.215837299474515
NYJ,-0.118862937262747
NYJ,-0.988311339518987
NYJ,-1.13170446339063
NO,-0.184142691432498
NO,-0.0537500787177123
NO,0.957686013367493
NO,0.160864740901161
NO,-0.364092100877315
NO,0.497251903256053
NYJ,-0.0992602771148086
NYJ,-2.47572654322721
NO,-0.596860838122666
NO,-0.280784058850259
NO,-2.63274632999674
NYJ,-0.588158573489636
NYJ,0.74080308014527
NYJ,-0.0836178129538894
NYJ,-1.3799002757296
NYJ,-0.771951782517135
NO,1.19059479050338
NO,0.711977373342961
NO,1.04949899436906
NO,-0.206818701233715
NO,-0.131246116477996
NO,-0.44806735496968
NO,-0.0504808925325051
NO,3.03409083781298
NYJ,2.05012470926158
NYJ,-0.475488898809999
NYJ,-4.84529717080295
NO,-0.723286433261819
NO,-1.22400766558703
NYJ,0.578449721680954
NYJ,-0.50090593053028
NYJ,-1.89940047753043
WAS,0.644326643319801
WAS,-0.787086055439431
WAS,-2.31889781657502
PHI,-0.662928828503937
PHI,0.146302736829966
WAS,-0.59008669340983
WAS,1.48617457807995
WAS,-0.36073158448562
WAS,-0.995302493451163
PHI,1.09300550865009
PHI,0.77139578841161
PHI,1.03135994367767
PHI,-0.574719530530274
PHI,1.93936761189252
PHI,1.68587096291594
WAS,-0.911427439656109
WAS,-1.56024039862677
PHI,-0.529016302200034
PHI,1.61968017742038
PHI,2.01365191873629
PHI,-0.831550340633839
PHI,-0.585552803589962
PHI,-0.715693023257836
WAS,2.52161103498656
WAS,1.23373821360292
PHI,0.588698022067547
PHI,0.403083668788895
PHI,-0.176444054988679
PHI,0.611500740924384
PHI,0.391488994006068
PHI,-1.08664415124804
PHI,-0.790020396583714
PHI,0.378615152844359
WAS,1.33778495434672
WAS,-0.522083578398451
WAS,-0.870291559724137
WAS,-1.74973700614646
PHI,1.00922300387174
PHI,0.547979111317545
PHI,0.351478504482657
PHI,0.775762375444174
PHI,-0.55495298653841
PHI,-1.70063621830195
PHI,0.765045104315504
PHI,-0.615700870053843
PHI,3.83737993089017
WAS,-0.749384018592536
WAS,2.63549192808569
WAS,-0.544934450648725
WAS,-4.15255612367764
PHI,-1.06850981479511
PHI,0.753446136368439
PHI,1.08560566825327
PHI,-0.0037994669983163
WAS,0.457035879138857
PHI,-0.665606157854199
PHI,-1.11970819998533
WAS,-0.12086690380238
WAS,-1.56555175990798
DET,0.271065714769065
DET,-1.91867746273056
DET,-1.31098203733563
PIT,-0.595782267395407
PIT,-0.560467080911622
PIT,-0.301658365176991
PIT,2.43020773003809
PIT,-2.72376246517524
PIT,-0.543309223422241
DET,-0.581623331643641
DET,2.31471050041728
DET,1.46810380718671
DET,-0.46965506230481
DET,1.46849854907487
DET,-1.36395177181112
DET,-2.62072535272455
PIT,0.432127384003252
PIT,1.88538487465121
PIT,-0.833968481514603
PIT,-1.28577282652259
DET,1.16044767643325
DET,0.0162869389168918
DET,2.4801736617228
DET,-0.735590660362504
DET,-0.768276099322162
PIT,-0.641185498330742
PIT,-0.263841746374965
PIT,-1.0865454566665
DET,-1.38750747265294
DET,-0.651374257635325
DET,-0.520966756623238
PIT,-0.060913703404367
PIT,-1.49239341495559
DET,0.836691605509259
DET,0.719168661220465
DET,0.299487544980366
DET,2.5877182452823
PIT,-0.381327584385872
PIT,-0.377641764935106
PIT,1.68191309331451
PIT,-0.187166066723876
PIT,-0.269265484879725
PIT,1.08538922114531
PIT,-0.256657656980678
PIT,-0.298811858869158
PIT,0.958242826280184
PIT,-0.331227208371274
PIT,5.52739227417624
PIT,1.53838091855869
PIT,-0.567562362644821
PIT,-0.93861554004252
PIT,2.72414897382259
PIT,-0.48216636874713
PIT,-4.98329725582153
DET,-0.65139738866128
DET,-0.595111296512187
DET,-1.01841495442204
PIT,1.86232426972128
PIT,-0.542370249517262
PIT,-0.638201158028096
PIT,3.24887141189538
PIT,1.38569205254316
PIT,-0.151208490831777
PIT,-0.0020185683388263
PIT,-1.24653377404406
DET,-0.615369526669383
DET,-0.785654708743095
DET,-0.955580129288137
PIT,0.68750492320396
PIT,-0.0129470704123378
DET,-0.583436517044902
DET,-0.0354961543343961
DET,1.36956788646057
DET,0.347328168340027
DET,0.270808888599277
DET,0.759210021933541
DET,-0.444119667634368
DET,0.345211747800931
DET,-1.33542608842254
DET,4.7191267402377
PIT,1.41480081318878
DET,0.803659315744881
DET,0.0993577373446897
DET,0.648662480001804
DET,1.44798320706468
DET,-0.431508430512622
DET,-1.02992904209532
DET,2.66317786683794
PIT,1.0364686617977
PIT,-0.873563476041445
DET,-0.460457602748647
DET,-0.095572569174692
DET,-0.438235030858777
DET,2.39018020773074
DET,-0.443626757944003
DET,2.19424039378646
DET,0.253340232651681
DET,-0.420356968359556
DET,-0.300093784346245
IND,-0.593440828844905
IND,2.53493076330051
IND,1.11611552955583
IND,-0.672571570263244
IND,2.82633677229751
IND,-0.315949758281931
IND,2.42603685718495
SF,2.22351761476602
SF,0.340370699996129
SF,2.84715651534498
SF,0.716356267745141
SF,1.1279522740515
IND,0.579526263521984
IND,-0.488588860491291
IND,1.04197422566358
IND,-0.512192362803035
IND,1.55784794862848
IND,0.907299405953381
IND,-0.523123317048885
IND,3.77315913117491
SF,-0.535501079866663
SF,-0.900423154234886
SF,-0.170119797345251
SF,1.17867591383401
SF,2.01785425766138
IND,0.216311778873205
IND,-2.01074127433822
IND,-0.0428359881043434
SF,-0.357257412979379
SF,-0.684558267472312
SF,1.89862013352104
SF,1.99926697352203
SF,1.55640961159952
SF,0.697187829529867
SF,-1.13725516805425
SF,-1.19610962659586
IND,-0.366606097435579
IND,0.941914900089614
IND,0.316903375613038
IND,-0.81266927741505
SF,0.917185660511141
SF,1.00362447439693
SF,-0.677472427021712
SF,3.03358000167646
SF,1.54678041534498
SF,-0.979187452001497
SF,2.22743720008293
IND,1.32513015251607
IND,-0.662899480783381
IND,-1.54439105744402
SF,1.34010556328576
SF,-0.605348702170886
SF,-0.799046109551912
IND,0.918710784520954
IND,0.461012590909377
IND,-1.0089396443218
IND,1.79533719661413
IND,0.543642365024425
IND,0.963284424680751
SF,1.15313788107596
SF,-0.601728422218002
SF,1.83179981133435
SF,-0.742028446402401
SF,3.21375322050881
CAR,-0.636171783320606
CAR,-0.245534318732098
CAR,1.86812961217947
CAR,-0.463578481692821
TB,1.39802394597791
TB,-0.545896098599769
TB,1.68102835456375
TB,0.621810879762052
CAR,-0.169250740902498
CAR,-1.3145999063272
CAR,-0.963214639574289
CAR,-1.17718851193786
TB,0.080643882509321
TB,-1.53284402796999
TB,1.63403633492999
CAR,0.720159178832546
CAR,-0.643990158336237
CAR,-1.79272576700896
TB,-0.252640624996275
TB,-1.10659262235276
CAR,1.85368120268686
CAR,-0.421684502158314
CAR,-0.967744550599615
TB,-0.371784125687555
TB,-0.539195593446493
CAR,0.0837244492722675
CAR,-0.255627701000776
CAR,0.873743675590958
CAR,-0.0772466696798801
CAR,0.0693885738728568
CAR,0.331573729112279
CAR,4.4533859314397
TB,-0.780192013364285
TB,2.94756894931197
TB,-0.353728572023101
TB,1.02335315581877
TB,2.57016499951715
TB,-0.258345947484486
CAR,0.32318220497109
CAR,0.516897842520848
CAR,-0.201964741107076
CAR,0.314032969297841
CAR,1.24536093021743
CAR,-0.471054316032678
CAR,2.5532135652029
TB,1.5560155804269
TB,-2.33988065025265
CAR,0.0907002952881157
CAR,-1.38304572901689
CAR,-0.890511442441493
CAR,-0.695102323312312
TB,-0.162346201948822
TB,3.41433119075373
TB,-0.830993069568649
TB,-1.04356097150594
CAR,0.278954556910321
CAR,-0.550860121380538
CAR,2.81893638911424
CAR,-1.08325063929829
TB,-0.111505354056135
TB,1.44935880647972
TB,-0.336859219591133
TB,0.256058015394956
TB,0.946995343081653
TB,0.18025356112048
TB,-1.95565857365727
CIN,-0.568706423044205
CIN,2.23854163172655
CIN,0.494314035167918
CIN,-0.513481830479577
CIN,-0.870051886187866
CIN,2.86707093950827
CIN,-0.266978400701191
CIN,1.75638625456486
ARI,-1.58364478568546
CIN,-0.460740384180099
CIN,1.28288911073469
CIN,0.731525802519172
CIN,1.36662010953296
CIN,0.533681358618196
CIN,-0.0914338800939731
ARI,0.973251308547333
ARI,0.617061794502661
ARI,3.80696709733456
CIN,-0.772815829375759
CIN,-1.96628492884338
ARI,-0.507995403371751
ARI,-1.09086277149618
CIN,0.79492529318668
CIN,0.948142988840118
CIN,0.291075776098296
CIN,0.834183393395506
CIN,-1.52928017149679
CIN,-0.998152894317172
CIN,-0.19171590497566
ARI,-0.548320754664019
ARI,-1.04377853334881
CIN,2.2752432548441
ARI,0.464602456835564
ARI,0.0078867375850677
ARI,-0.165257666434627
ARI,-0.558594646397978
ARI,-0.803331364877522
ARI,-1.64695714879781
CIN,-1.00050913821906
CIN,3.88693392602727
CIN,1.15244553866796
CIN,-0.453427237574942
CIN,1.13954338483745
ARI,-0.607819543685764
ARI,-0.70558035094291
ARI,-1.25028746761382
CIN,-0.539503144100308
CIN,2.49661566852592
CIN,-0.869130698265508
CIN,3.29196263349149
CIN,1.67097028013086
CIN,-0.380764455650933
ARI,-1.65379573218524
ARI,1.95909424149431
ARI,-1.46416552760638
BAL,0.846925874706358
BAL,0.71248375531286
BAL,-0.459246903192252
BAL,1.34287552454043
GB,2.47936334775295
GB,3.79168246686459
BAL,0.383393364958465
BAL,0.655208463314921
BAL,1.2105566333048
BAL,0.409323393367231
BAL,1.0936100728577
GB,0.523391329217702
BAL,0.431546890060417
BAL,-0.986866966472007
BAL,-1.44568719532605
GB,0.319397014565766
BAL,-0.808210448070895
BAL,-0.652383964174538
GB,0.82924673135858
GB,-0.329966208548285
GB,2.19299476378365
GB,0.737998270371463
BAL,-0.308231988805346
BAL,-0.042183643032331
BAL,2.28798603767063
BAL,0.549774593237089
GB,-2.03189655859023
GB,4.03436063881964
GB,1.88254892278928
GB,-0.46838598663453
GB,-0.673370603471994
GB,1.84192896960303
GB,-0.880130023637321
GB,-1.3808361476143
BAL,1.51452952064574
BAL,-0.99795936839655
GB,-0.580108698224649
GB,0.598556708311662
GB,1.74158529401757
GB,-0.507357880007476
GB,0.252767746802419
GB,2.67427725094603
GB,1.76333126582904
BAL,-0.595069794915617
BAL,-0.147351336665452
BAL,1.5715413573198
BAL,3.27034418244148
GB,-0.0868908721022308
GB,0.9273439894896
GB,0.474544679513201
GB,0.583062751800753
GB,-4.62349737563636
SF,-8.17906967736781
SF,-0.556161277927458
SF,2.37940899748355
SF,-0.508434925111942
SF,0.438105367124081
SF,2.63698395344545
SF,0.470766645943513
CHI,0.367301381193101
CHI,-0.849507404491305
CHI,-1.55458367150277
SF,0.84646264417097
SF,-0.4540702002123
SF,-1.39134415052831
CHI,-1.46708998596296
SF,1.73837310291128
CHI,-0.575020814780146
CHI,1.36220900435001
CHI,1.57093917869497
CHI,3.49551887821872
SF,-0.601268201833591
SF,2.44948151707649
SF,1.72316121519543
CHI,0.741838055779226
CHI,3.5692155653378
SF,0.940635493258014
SF,-1.22684130677953
SF,0.682950865942985
SF,-1.86998878978193
SF,3.67949996690732
SF,-0.169955035904422
CHI,-0.514969601528719
CHI,-0.567964381305501
CHI,-0.632452262798324
SF,-0.0864989160909317
SF,0.244541831256356
SF,-0.182647600362543
SF,-0.0536847892217338
CHI,1.00094186444767
CHI,0.390370475361124
CHI,-1.2095615749713
CHI,3.2944939120207
CHI,1.93274550721981
CHI,-0.860634535900317
SF,1.64425771520473
SF,0.64938283583615
SF,0.711400367261376
SF,1.21629125048639
CHI,0.819668700452894
CHI,-0.808984035160393
CHI,3.19163036916871
CHI,1.23341133247595
CHI,-0.221881504519843
CHI,3.02204985031858
SF,0.630179445492104
SF,-0.168440136592835
SF,2.381634675432
SF,-0.486393958330154
SF,-1.69881192059256
CHI,1.69633586378768
CHI,-0.333819358609617
CHI,2.05930880171945
CHI,1.29174800316105
CHI,-0.302114213234745
CHI,-1.18305825116113
CHI,-0.588501178916342
SF,-0.603148184716702
SF,1.40335226326715
SF,-0.45593239273876
SF,1.19625213800464
SF,4.38025862514041
CHI,-0.422345955390483
CHI,0.371032328694128
CHI,0.697180718590971
CHI,-0.306086919794325
CHI,-0.320058782992419
CHI,1.41033899126342
CHI,0.111877308983821
CHI,-0.274681134382263
CHI,-0.89416810037801
CHI,2.14416678884299
CHI,-0.479675278300419
CHI,-0.0301451254053973
CHI,-3.64248873811448
DAL,-0.809732927940786
DAL,-1.92389801028185
DAL,-0.523925676709041
DAL,-0.453112369053997
DAL,2.0968424116727
DAL,1.95720234129112
WAS,1.40528693073429
WAS,0.950523079372942
WAS,2.61517635709606
WAS,-2.06135512438475
DAL,0.1494323045481
DAL,-1.33490574848838
DAL,3.40660577651579
DAL,-1.22945368220098
DAL,2.03123567102011
DAL,-0.486058205016889
DAL,-0.555792006140109
WAS,2.48256710602436
WAS,-0.583102890523151
WAS,0.0238162805326283
WAS,-1.58367458591238
DAL,1.18747440038715
DAL,-0.504161513177678
DAL,-0.983710438245907
DAL,7.96740508684889
WAS,-0.4239554858068
WAS,-0.0062905760714784
DAL,0.987584716756828
DAL,0.156240438926034
DAL,1.15307177888462
DAL,0.275746024039108
DAL,-0.218936055724043
DAL,0.0994227198534645
DAL,-0.559332092222286
WAS,-0.0758102399413474
WAS,0.799606603803113
WAS,-0.10644032433629
WAS,-1.50373577699065
DAL,-1.6464101774618
DAL,-0.799626715481281
DAL,-0.920458365231752
DAL,1.3848191164434
DAL,-1.28872061287984
DAL,0.0104057723656297
DAL,2.95375212398358
DAL,-0.87492991425097
DAL,1.75909180589952
DAL,-0.728165052365512
DAL,-1.15181542643241
WAS,-0.0075572745408862
WAS,-0.772454546066001
WAS,2.34666682570241
WAS,-0.498424221528694
WAS,2.37784599518636
WAS,-0.994957388495095
WAS,-1.51138943019229
DAL,2.47958149621263
DAL,-1.07044138340279
DAL,-1.36608719348364
DAL,0.854030611226335
DAL,-1.04842834267765
DAL,-0.750624746084213
DAL,0.135585261508822
DAL,2.61101771751419
DAL,-0.596753339574207
WAS,0.453391432994977
WAS,0.634271751740016
WAS,0.102308893867303
WAS,0.805106133106165
WAS,-0.574286107032094
DEN,1.0502876942046
DEN,0.542860780376941
DEN,1.22399671678431
DEN,0.614375850534998
DEN,0.434756607573945
DEN,-0.517152876069304
DEN,-1.08790625344813
KC,-0.798243805067614
KC,-1.50912106852047
DEN,-0.602700676769018
DEN,-2.45838272501715
KC,-0.47828322998248
KC,1.76286057021935
KC,-0.16741555754561
KC,-0.62765081244288
KC,-0.539762784494087
KC,2.59673655830557
DEN,0.694727571681142
DEN,-0.508564448449761
DEN,-1.53905781474896
KC,-0.709006524644792
KC,-0.703347615431994
DEN,-0.0838128104805946
DEN,1.12444155756384
DEN,-0.49940136866644
DEN,-0.293728068703786
DEN,1.90270180092193
DEN,-0.0985916692297906
DEN,0.672934686299413
DEN,0.239001380163245
DEN,0.79873498348752
DEN,-0.397513405128848
DEN,-0.619341966114007
DEN,-0.724684654245088
KC,1.17874536127783
KC,-1.65299263293855
KC,-0.688013952923939
KC,-1.91447995697761
DEN,0.658223308622837
DEN,1.52192785870284
DEN,1.72571851778775
DEN,1.25573306053411
DEN,0.687584958272055
DEN,-0.403722087212373
DEN,-0.444014428241644
DEN,1.98170613206457
KC,-1.77662981487811
DEN,0.249661179259419
DEN,-0.801645679399371
DEN,1.39594969013706
DEN,-1.88745550322346
KC,0.660409662988968
KC,-0.637233272311278
KC,-1.18137995135179
DEN,0.388836207566783
DEN,-0.463320144102909
DEN,-0.719068340375088
DEN,2.21564620180288
DEN,-1.14218346012058
DEN,0.578748116327915
DEN,-1.08694429590832
DEN,1.65066834009485
KC,-0.0702754304511473
KC,-0.0896809683181346
KC,0.600561909697717
KC,0.417652174684918
KC,-0.135880417132285
KC,-1.660716347571
MIN,-0.632421574089676
MIN,-2.2264024973847
DET,0.769507736433297
DET,-1.95448365737684
DET,-0.299353960203007
MIN,0.0323830442503095
MIN,0.557192470412701
MIN,1.14953033695929
MIN,-1.42048377660103
MIN,-2.67733703379054
MIN,-0.409719133633189
DET,1.47772517288104
MIN,-0.472638155566528
MIN,-1.51461474597454
DET,-1.61357599752955
DET,-0.761013565119356
DET,3.58886936539784
DET,-0.782342633465305
DET,2.02191095706075
DET,-0.417378994869068
DET,-1.58379405341111
DET,3.05051713663852
DET,-0.291497954109218
DET,-0.901857088902034
DET,4.15458502888214
MIN,-0.332548438978847
MIN,-1.05762391648022
MIN,-0.142373174603563
DET,-0.189033497183118
DET,1.29246427770704
MIN,-0.794789884239435
MIN,-0.972199782729149
DET,-1.84249062277377
DET,-1.76000012690201
MIN,0.652480368502438
MIN,0.976285515353084
MIN,-0.704620581585914
MIN,-1.84131434079604
DET,-4.90357496240176
MIN,-0.55856405524537
MIN,-1.70668736982002
DET,1.56342037254944
DET,-6.08353436691687
MIN,-0.868124043801799
MIN,-1.02759859152138
DET,-0.40273541258648
MIN,-1.30536197440233
DET,0.799526935676113
DET,-0.363243596162647
DET,-0.606705368089024
DET,-1.05815531489855
DET,1.3050655873958
DET,-0.48406038020039
DET,-0.673483725404367
HOU,6.24986660014838
LAC,-2.333518600557
HOU,0.825206984998658
HOU,0.863707130542025
HOU,3.98780948133208
LAC,1.35244078491814
LAC,-2.31786154047586
HOU,-0.0247584879398346
HOU,1.37831634981558
HOU,-0.777588754426688
HOU,-1.41115772398189
LAC,0.0394685291685164
LAC,-1.63945087138563
HOU,-0.782813803292811
HOU,2.16213240916841
HOU,-1.66059058811516
HOU,-1.11021623341367
LAC,-0.703313831007108
LAC,-0.847493388224393
HOU,-0.819407529663295
HOU,-4.7243612811435
LAC,1.28130757366307
LAC,-1.37701476281687
HOU,0.0971696532797068
HOU,-1.40173603384756
LAC,0.960072152782232
LAC,-1.05987869715318
LAC,-0.45073467050679
LAC,4.86195712082554
LAC,-4.58787901210599
HOU,-0.302609923644923
HOU,-3.83632750494871
LAC,0.764775905176066
LAC,-1.44744832685683
LAC,-0.270992061530706
LAC,-0.139760697241548
LAC,0.32587540266104
LAC,-1.6633689920418
HOU,-0.0168024110607803
HOU,-1.64204669091851
LAC,-1.38500067940913
LAC,-1.70939350314438
LAC,-0.443149547558278
HOU,2.11135614744853
HOU,-1.01105150557123
HOU,0.0741852091162611
LAC,-0.531614716397598
LAC,1.95617642858997
LAC,-0.56118685961701
LAC,3.77237067639362
LAC,-0.183900998090394
LAC,-0.76890299434308
LAC,1.87592802377185
LAC,0.680929792462848
HOU,-0.756936469115317
HOU,-0.911166720092297
HOU,-1.62389755086042
LAC,-1.11581694683991
LAC,-0.690240442520008
LAC,2.73277162201703
LAC,-0.784208455588669
LAC,-1.38230834621936
HOU,-1.31522219760916
LAC,1.8575477761915
LAC,-0.415350206429139
LAC,-0.462746402772609
LAC,1.50504494755296
LAC,-0.462575039360672
LAC,-0.427781251608394
HOU,1.65224205108825
IND,0.726823892211542
IND,-0.756874091865029
IND,-1.50040826347702
JAX,-0.584380825515837
JAX,1.61874521523714
JAX,-0.72465321351774
JAX,2.59132373589091
JAX,-0.139651708072051
JAX,1.95862924848916
JAX,-5.90607640828239
IND,-0.273018110543489
IND,1.33450879063457
IND,-0.551978231873363
IND,1.51765771117061
IND,-0.50879447418265
IND,-0.009369775885716
IND,1.19368352508172
IND,0.569242767058313
JAX,1.47600764827803
JAX,0.550862108473666
JAX,-0.468114077229984
JAX,-0.180005997070111
JAX,1.92029125377303
JAX,-0.679804217070341
JAX,2.45190903596813
IND,1.01611387368757
IND,-0.47878626268357
IND,-0.321194051997736
IND,-1.43816790543497
JAX,0.514022364281118
JAX,-0.512536726193503
JAX,-0.774046559119597
JAX,-1.78131083259359
IND,-0.250901519320905
IND,-0.665272064274177
JAX,0.528370575048029
JAX,0.290509522601496
JAX,1.2631109568174
JAX,0.341285361384507
JAX,-3.99343339970801
JAX,-1.21701853210107
IND,-0.218337674159557
IND,-2.60661823302507
JAX,1.55412913300097
JAX,-0.523801166564226
JAX,-0.525757142575458
JAX,-0.869319914840162
JAX,4.1687087448081
IND,-0.573986576404423
IND,-0.797045957529917
IND,2.50155135965906
IND,1.48624063178431
JAX,-0.559107034699991
JAX,1.8091645152308
JAX,-0.0050043039955198
JAX,-0.707443342776969
JAX,1.72402981668711
JAX,0.851351466902997
JAX,-1.42184441176582
IND,-1.65508506051265
IND,-0.741720001213253
JAX,-0.549304613261484
JAX,1.63709965068847
JAX,-0.423383875866421
JAX,0.169921482447535
IND,-5.46892630937509
JAX,-0.505045686673839
JAX,-0.75050620489812
IND,1.22687019011937
IND,0.0831727791810408
IND,-2.03278602135833
IND,-2.5142407650128
JAX,0.0491088007111102
IND,-0.188860156864394
IND,0.349388807313517
IND,-0.473694255982991
ATL,-1.52249094517902
LA,-0.746764603303745
LA,-0.618801961187273
ATL,1.429644910153
ATL,-0.51858661416918
ATL,2.22291999473237
ATL,-0.537870240164921
ATL,1.72332888422534
ATL,2.24261258851038
LA,-0.565687638241798
LA,-0.805766130331904
LA,2.68482972076163
LA,1.31992262951098
LA,0.205772793968208
LA,-0.741936302685645
LA,-0.287229356530588
ATL,1.12607540749013
ATL,0.105011342093349
ATL,0.875082184793428
ATL,-1.63005568110384
LA,-7.06340562226251
LA,0.284991467837244
LA,2.28413659811486
LA,-1.30887915450148
LA,-2.54487116751261
LA,0.158539682626724
LA,0.548441994935274
LA,-0.323167455440853
LA,-1.30744581407635
LA,-1.40383174642921
LA,0.387159426696599
LA,-1.78953272546642
LA,5.70194950641599
LA,-0.61202242487343
LA,-1.40619820995721
ATL,-0.428839423577301
ATL,-0.666552088230615
LA,1.00843596947379
LA,-0.526646538404748
LA,1.61947244033217
LA,2.70175792416558
ATL,2.28070378722623
ATL,0.522983719711192
ATL,0.71898319083266
ATL,-1.7242276975885
LA,0.399709423538297
LA,0.689212625962682
LA,-0.283847274724394
LA,-0.659024620777927
LA,-4.71855225705076
ATL,-1.88024221058004
LA,1.45096871326678
LA,0.437843924970366
LA,1.33167930855416
LA,2.07402511290275
ATL,-0.467716525425203
ATL,1.05273128557019
LA,-0.154072076024022
LA,-0.0748810657241847
LA,-0.100595297553809
LA,0.0058043767348863
NE,1.0635390705429
NE,1.82526774244616
NE,0.779243343742564
NYJ,-0.800612152554095
NYJ,-0.673398338723928
NE,1.39051351044327
NE,2.67447291850112
NYJ,-2.51590155041777
NE,2.09504883899353
NE,1.04565311362967
NE,0.817032853257842
NE,3.55444380897097
NYJ,1.36560500436462
NYJ,-0.45401357091032
NYJ,-1.1903463483188
NE,1.25466540991329
NE,0.680916802142747
NE,2.69229567953153
NE,4.06421326030977
NYJ,-0.763857739977539
NE,-0.187947690254077
NE,-0.0920080810319632
NE,0.428604517597705
NE,1.6697312813485
NE,-0.239626219787169
NE,0.513506356626749
NE,0.742133007443044
NE,2.59410392126301
NYJ,-0.0003132580895908
NYJ,-0.550827470957302
NYJ,-0.618487665895373
NYJ,-0.855653615668416
NYJ,-0.483818736393005
NYJ,2.85650378884748
NYJ,-1.62873001326807
NE,-0.765508072217926
NE,1.9915435713483
NE,1.98443053802475
NYJ,0.0426430548541248
NYJ,-1.28779615135863
NYJ,-0.994525053538382
NYJ,-0.913525917101651
NYJ,-1.5117378118448
NE,1.4767090594396
NE,-0.732570046545569
TEN,-1.64747356437147
NO,-0.10381202865392
NO,-2.16578352916986
TEN,-0.536989479907788
TEN,-0.391044724732637
TEN,-1.80615142446602
NO,2.5730017661117
NO,-0.419987443136051
NO,-1.10387379995986
TEN,0.0409155716188252
TEN,3.04799154622015
TEN,-0.663435967522673
TEN,-1.20663712213638
NO,-0.402660285122693
NO,-0.63202136894688
TEN,0.505864315666258
TEN,-0.0704969121143222
TEN,-1.07945566857234
TEN,6.40752341877669
NO,0.315962518099695
NO,1.0376383876428
NO,-0.267246163450182
NO,-0.0921469335444272
NO,-0.384264369728044
NO,1.4715654971078
NO,0.403947892948054
TEN,2.23400718643097
TEN,-8.80361649009865
TEN,1.0994118694216
TEN,0.707575603737496
TEN,-0.465178463375196
TEN,2.85499842383433
NO,-0.853229731321335
NO,1.45091996598057
NO,1.96877463511191
NO,-0.483307175221853
NO,3.6091316807433
TEN,2.17827080161078
TEN,-0.865119274123572
TEN,-1.42918146808284
NO,0.290181195130572
NO,2.11696055019274
NO,-0.346825792221352
NO,0.0513196145184338
NO,-2.70101676648655
TEN,0.763937269803137
TEN,-0.486040988471359
TEN,2.06398210139014
TEN,-0.564785406459123
TEN,-1.58875446793643
NO,3.2178429615451
NO,-4.34831729938742
TEN,-0.746119696181268
TEN,-1.27811697358266
NO,3.73541400278918
NO,2.53120827605017
TEN,-0.657160841394216
TEN,-1.82843202119693
NO,2.00757314375369
TEN,-0.059659588849172
TEN,1.02177708956879
TEN,0.548245178943034
TEN,-0.381376397272106
TEN,-0.552304283599369
TEN,-1.39102698606439
TEN,-2.27994150010636
TEN,-0.319999013794586
TEN,0.0359519228804857
TEN,0.317113958648406
TEN,-0.241206668608356
NYG,0.0385394534096122
NYG,-0.299426381941885
NYG,2.64031816460192
NYG,-1.95539602497593
NYG,-0.95824020029977
NYG,-0.716957592405379
LV,-0.963811355177313
LV,0.546721687540412
NYG,-0.152356961742044
NYG,-1.62918714247644
LV,1.03200781648047
LV,-0.0552257681265473
LV,-1.08162343851291
LV,-0.548124083667062
LV,-0.526033388799988
LV,3.04704151290935
LV,-8.30621530243661
NYG,0.691072096349672
NYG,-0.0352910391520709
LV,-0.970993069931865
LV,1.77066707226913
LV,-0.166345430072397
LV,0.131207408616319
LV,-1.55324679805861
NYG,0.608431489905343
NYG,0.0155605291947722
NYG,1.21600097377086
NYG,0.262664404232055
LV,-0.178768109995872
LV,-0.232037932844833
NYG,0.842896768124774
NYG,1.88163955142954
NYG,-0.609818557917606
NYG,-0.35159470216604
NYG,0.954821748076938
NYG,-0.485754636232741
NYG,-0.643227845081128
NYG,-0.762381044188988
LV,1.01971216639504
LV,-0.917141099926084
LV,-2.50861694058403
NYG,1.02469006483443
NYG,-0.546303203562275
NYG,0.736853579757735
NYG,-1.20402977906633
NYG,1.96623524767347
NYG,-1.46823632155158
LV,0.318170526763424
LV,4.44730608572718
LV,-0.482844899757765
LV,-0.310827814158984
LV,2.74286524299532
LV,-0.820793190505356
LV,-1.76724992075469
LV,3.98894487589132
PHI,-0.568597446195781
PHI,-0.78171431645751
PHI,-0.500475908163935
BUF,1.52151495683938
BUF,-0.256445778999478
BUF,-0.558752774028108
BUF,-0.870564239565283
BUF,-2.29631575755775
PHI,-0.723755060229451
BUF,4.15915346238762
BUF,-7.50034544302616
PHI,-0.134698471520096
PHI,2.20520975918043
PHI,-0.291471589764114
PHI,0.52217190671945
PHI,0.879436286515556
BUF,-0.577332180459052
BUF,1.41285102046095
BUF,-0.81304240738973
BUF,-1.67574141640216
PHI,-1.05279579851776
PHI,1.49101484753191
PHI,2.52331629069522
PHI,-0.783555449452251
PHI,2.22394720779266
PHI,-0.551631069160067
PHI,-0.652063469093245
BUF,-1.43121699988842
BUF,-0.371336892712861
PHI,0.834008882229682
PHI,1.10576747654704
PHI,-0.192421260697301
PHI,-0.695121988130268
PHI,-0.542482833404148
BUF,0.478757851291448
BUF,-1.362304456532
PHI,-0.562182561727241
PHI,-0.950821206904948
BUF,0.73724617715925
BUF,-0.822254878934473
BUF,1.8266766781453
BUF,-1.28884140308946
BUF,-0.786459286697209
BUF,-1.29878194909543
PHI,-0.56255076918751
PHI,-0.755114804487675
PHI,-1.13963479641825
BUF,-0.764731174800545
BUF,2.3638270139927
BUF,-0.49161472445121
BUF,0.0982819094788283
BUF,-1.89809345715912
PHI,-1.20058098435402
BUF,-0.470676493132487
BUF,1.15303923061583
BUF,-0.616854477440938
BUF,-2.72138462879229
BUF,0.611254262272269
BUF,-0.408152309013531
BUF,1.30303336697398
PHI,-0.775592959020287
BUF,-0.573723268928006
BUF,1.09184300899506
BUF,-0.412218985846266
BUF,-1.06286949187052
BUF,2.99791402724804
BUF,-0.271602497319691
BUF,2.58357580681331
BUF,0.155960328382207
BUF,-1.12202838962548
BUF,-0.947
CLE,1.27350648632273
CLE,-0.501674668164924
CLE,1.85780528036412
CLE,-0.761726836673915
CLE,-1.47438873504538
CLE,2.77279991307296
CLE,3.1287333923392
PIT,-0.168437994550914
PIT,-0.776755106635392
PIT,3.45624569687061
PIT,0.150603564688936
PIT,-1.40877044614172
PIT,-0.440535805642658
CLE,0.843585478374735
CLE,1.31804370682221
CLE,-0.911776183056645
CLE,-1.03405850357376
CLE,0.192628531483933
CLE,-2.65409912518226
PIT,-0.797282454324886
PIT,-1.53309085965157
CLE,1.75770992040634
CLE,-0.252139438176528
CLE,1.18753221607767
CLE,-6.34651918103918
PIT,-0.159890609444119
PIT,-3.19538412522525
CLE,-0.387014649575576
CLE,-0.450893760193139
CLE,-0.482730718096718
PIT,0.0541536214295775
PIT,0.155589760339353
PIT,0.306662114686333
PIT,1.61410470184637
PIT,-0.294012408936396
PIT,0.416452557314187
PIT,-1.0143585796468
PIT,0.104870366165414
PIT,-1.54413054860197
CLE,-0.576432130299509
CLE,1.45358848129399
CLE,-0.940026736352593
PIT,1.01688241725788
PIT,-0.412000578362495
PIT,1.09363928530365
PIT,1.57652401016094
PIT,-1.41468462708872
PIT,-1.4690175645523
CLE,0.620017877081409
CLE,-3.9051726560574
PIT,-0.43587762885727
PIT,0.549848617054522
PIT,-1.59910185495392
CLE,-0.593674331437796
CLE,-0.697086916072294
CLE,0.4974126345478
PIT,-0.428469309117645
PIT,-0.474136021919549
PIT,-0.869093581335619
PIT,-3.15878202114254
PIT,0.681701605324633
PIT,-0.399959557224065
PIT,2.24779213976581
PIT,0.498479585861787
PIT,0.0589912009309046
PIT,-0.716290277021471
PIT,-1.31531349377474
PIT,-2.53446862852434
CAR,-0.92870166990906
CAR,-0.999367802869529
CAR,-1.04448104137555
SEA,-0.614397079218179
SEA,-0.765444459393621
SEA,2.29692983441055
SEA,-2.90565241407603
CAR,-0.250225580297411
CAR,-1.49941603280604
SEA,-1.97284025372937
SEA,0.63570058811456
SEA,-0.535249027307145
SEA,0.180984999453377
CAR,-1.40885276161134
SEA,0.472412235103548
SEA,-0.778949784813449
SEA,-1.41597965266556
CAR,-0.528070301748812
CAR,1.08210717933252
CAR,0.262594042113051
CAR,-0.407482033595443
CAR,-2.14426413609181
CAR,-2.54933275375515
SEA,-5.48580116807716
CAR,-0.538652724178974
SEA,0.50067538220901
SEA,0.157649804838002
SEA,-0.751564049976878
SEA,-0.82338023534976
CAR,-0.18675043649273
CAR,-0.0948617962421849
CAR,-0.362014587793965
SEA,1.29764292412438
SEA,-0.352450892329216
SEA,-0.470948638219852
SEA,-5.26553843577858
SEA,0.0953016903949901
SEA,2.49658830888802
CAR,-0.816166877979413
CAR,-5.37543687806465
SEA,2.2354322760948
CAR,0.105404605623335
CAR,-1.38740751426667
CAR,2.51181093952619
CAR,-0.520185370231047
CAR,-0.680686722975224
CAR,1.68579074647278
CAR,0.470083406195045
CAR,0.187735149520449
CAR,0.218797907175031
CAR,1.87317884637741
SEA,-0.481130703818053
SEA,1.39499922073446
SEA,-1.68005620944314
SEA,2.95213440316729
SEA,1.50750433420762
SEA,1.20682474673959
SEA,-0.745694152952638
SEA,-0.774698932946194
CAR,-0.910704421927221
CAR,-1.77490891877096
MIA,-0.0033738638740032
MIA,-0.881209746468812
MIA,-1.10664814291522
TB,0.515614288626239
TB,-0.522546626860276
TB,0.305376499658451
TB,0.0705011771060526
TB,2.57501774269622
TB,-0.954513096134178
TB,1.45888951764209
TB,-0.983449565945193
TB,2.64037513831863
MIA,-0.79411587677896
MIA,6.16492871311493
TB,-0.820647045038641
TB,2.38154833903536
TB,0.453368714777753
TB,-1.74836490815505
MIA,1.1622242226731
MIA,-0.511332981754094
MIA,-1.50185501476517
MIA,0.214779589849059
TB,-0.222125972621143
TB,1.00882499944419
TB,-1.81167645426467
MIA,0.804743904736824
MIA,1.40238472184865
MIA,-0.445861351385247
MIA,0.231241789297201
MIA,3.56238580221543
TB,-0.215170019771904
TB,2.26466198521666
TB,-0.347278690140229
TB,-0.338414388243109
TB,-0.368547527701594
TB,-0.225837925907989
MIA,-0.260724948428106
MIA,-0.149404830299318
TB,0.561951227020472
TB,-1.83545565372333
MIA,-0.648747807368636
MIA,-1.77329411311075
TB,0.337413326837122
TB,-0.0725475922226906
TB,0.599339427892119
TB,1.19177947402932
TB,-0.468117269338109
TB,1.87001300638076
TB,-0.621393330395222
TB,-1.17513307833208
MIA,-0.471699851332232
MIA,-1.04443523297605
TB,-0.231772609986365
TB,0.0626639458350837
TB,-1.30312420707196
MIA,-0.700558398384601
MIA,2.49326050991658
MIA,-0.092826281208545
TB,0.462211769074202
TB,-0.597031194251031
TB,2.33392589353025
TB,0.720802213239949
TB,-4.8143160289037
MIA,-0.893001655116677
TB,0.545135738793761
TB,0.337381249642931
TB,-0.666979902074672
TB,-1.02124142833054
TB,0.293574577837717
TB,-5.38860086764908
TB,1.4243451525399
ARI,0.540638704318553
ARI,-0.552496760617942
ARI,-4.83843698829878
LA,0.0975112643791363
ARI,-0.8385403258726
ARI,1.71684822300449
ARI,0.744649380911142
ARI,1.7765077080112
ARI,-0.171534122899175
ARI,1.68255611311179
ARI,0.115010134759359
ARI,-1.05821597785689
ARI,-0.58057689528004
LA,-0.26081908098422
LA,0.90767886582762
LA,-0.566195875639096
LA,0.834731261478737
LA,-0.724877852597274
LA,-1.03895659729257
ARI,2.29845229664352
ARI,-1.43771829188336
ARI,-1.03946969518438
ARI,-0.366730742763279
LA,0.559890063712373
LA,0.717668357072398
LA,0.506860306486487
LA,-0.485811702907085
LA,1.38438264233992
LA,-0.440243013086729
LA,-0.0966860898188315
LA,1.17467732052319
LA,-0.701164107536897
LA,1.86293893799302
LA,0.730629351688549
LA,3.74145343143027
ARI,-1.87874270940665
LA,1.25469951104606
LA,-0.964219829067588
LA,1.28454328974476
LA,-0.209500619093888
LA,0.0325936395272803
LA,-0.906238885130733
LA,-1.18146141525358
ARI,-1.73231829795986
ARI,4.40105141676031
ARI,3.98081323946826
LA,-0.580044911243022
LA,-0.833019661251456
LA,-1.53452258557081
ARI,0.764531154185534
ARI,-0.587351460009813
ARI,0.805098786018789
ARI,0.455896804109216
ARI,0.920634426409379
ARI,1.75064721575473
ARI,1.42938601993956
LA,0.744667533785105
LA,0.428650346817449
LA,1.9633982044179
LA,2.11106850719079
ARI,-0.399616468232125
ARI,-1.22609998844564
LA,0.299388243583962
LA,-0.461833531269804
LA,2.7602170642931
ARI,-0.826073023024947
ARI,-0.668009508866817
LA,0.70707373181358
BAL,0.533509091939777
BAL,0.0866524931043387
BAL,6.65815725317225
PIT,1.00150483148173
PIT,-0.847753680078313
PIT,-0.974942259024829
PIT,-1.37639918387868
BAL,-0.571070437319577
BAL,-2.29191565024667
PIT,-0.406336199957877
PIT,1.62351231300272
PIT,0.144341071834788
PIT,-1.17591723776422
BAL,-1.25976776229223
PIT,1.95871068513952
PIT,0.888065963983536
PIT,-0.485037754755467
PIT,-0.433622415177524
PIT,-1.94235619994423
BAL,-0.848448058590293
PIT,-0.512999752536416
PIT,-0.626872847322375
PIT,-1.00403905613348
BAL,-0.675747593806591
BAL,-0.796347941271961
PIT,-0.434381018858403
PIT,-0.509839441860095
PIT,1.89055308850948
PIT,0.518252402369399
PIT,0.425865751807578
PIT,0.77259224379668
PIT,-0.186477058683522
PIT,0.144381458463613
PIT,0.526442834408954
PIT,-0.843753617897164
PIT,-0.351763158396352
PIT,-0.452371238498017
PIT,-0.882224180735648
PIT,2.23021042859182
PIT,2.17558205727255
PIT,0.614143345272169
BAL,-0.781042410060763
BAL,-4.59521865646821
PIT,0.730461289465893
PIT,-2.00615040302576
BAL,-0.811520795570687
BAL,-0.313731304369867
PIT,0.426228843163699
PIT,0.183339371578768
PIT,0.0987993096932769
PIT,2.12882479280233
PIT,-0.507288024062291
PIT,-1.68367874319665
BAL,0.894042294472456
BAL,5.15117712318897
PIT,0.417405913583934
PIT,-0.0952620230382308
PIT,3.41010741412174
PIT,-0.488160812150454
BAL,0.202367711346596
BAL,6.56367811420932
PIT,0.754261937341653
PIT,0.149035674927291
PIT,0.776657269743737
PIT,-0.305360476835631
PIT,-0.327337626134977
PIT,4.21247597353067
BAL,0.361951343191322
BAL,-0.284742582589388
BAL,-0.40672793838894
BAL,1.88443387346342
TB,0.821718215942383
TB,0.664965457748622
TB,0.538859830820002
TB,1.97927061363589
CAR,-0.551475010113791
CAR,-1.64327822206542
TB,0.0815240778028965
TB,2.40321149514057
TB,1.2858222858049
TB,1.67121476714965
TB,-0.465063093113713
TB,-1.12855889756831
CAR,1.43412647605874
CAR,0.103106820257381
CAR,-1.70052818907425
TB,-0.684222518932074
TB,1.7758481213823
TB,-0.72434720909223
TB,-4.27053969237022
CAR,0.743664902285673
CAR,2.31572034955025
TB,1.99881150899455
TB,0.107274651527405
TB,1.39524979284033
TB,-0.829445500392467
CAR,1.60432713141199
CAR,0.734432001598179
CAR,-0.51226788450731
CAR,-3.242976523994
TB,1.43703038350213
CAR,-0.0728600325528532
CAR,-1.58839212474413
CAR,-0.527479384094477
CAR,1.71253641683143
CAR,-0.963676229119301
CAR,-0.340988629392433
TB,-1.24269573786296
TB,-0.708018556237221
CAR,0.765387104824185
CAR,-1.04450027877465
TB,0.596469862386584
TB,-1.18066408684819
CAR,-0.20210648002103
CAR,2.16359368897975
CAR,0.123309564427473
CAR,-0.687010673107579
CAR,1.64673008472892
TB,1.44432916725054
TB,0.875887228175998
CAR,0.146837325766683
CAR,1.44247474649455
CAR,-1.27248874492943
CAR,-0.66705752175767
CAR,-0.589243023277959
CAR,2.4793837715988
TB,1.49018388794502
CAR,0.0663465994002763
CAR,-0.0004195462097413
CIN,-1.36848968500271
CLE,-0.0916704456321895
CLE,2.17867313558236
CLE,-0.551303889602423
CLE,-4.89414681040216
CIN,1.88575477071572
CIN,1.31409155169968
CLE,-1.34993390832096
CIN,0.750151012325659
CIN,1.18745664914604
CIN,-12.619339769939
CIN,-0.534114927053452
CIN,-8.91494871256873
CIN,1.36574844131246
CIN,0.464221848291345
CLE,1.21744268992916
CLE,-1.4042525717523
CLE,-1.41241861181334
CLE,0.0556765974033624
CIN,-0.476455458905548
CIN,0.0126164231915027
CIN,-0.983307748800144
CLE,-0.56093520577997
CLE,-0.771057097241283
CIN,1.40152154670795
CIN,-0.257118021429051
CIN,0.569693634461146
CIN,0.449078362580622
CIN,-0.376435959391529
CIN,2.82939709490165
CLE,-0.0831628274754621
CLE,-0.117793056939263
CLE,-0.575386953772977
CLE,2.37975071440451
CLE,-0.47653654764872
CLE,-0.887601290924217
CIN,1.06460777716711
CIN,0.13764016982168
CIN,0.645879266085103
CIN,-1.62644978379831
CIN,2.10070709721185
CIN,-1.79484305507503
CIN,-0.815292607527226
CLE,0.177560325013474
CLE,0.827442383626476
CLE,-0.500184142263606
CLE,-1.77924010204151
CIN,-0.455927026923746
CIN,0.298245681449771
CIN,0.503315682290122
CIN,0.135982104577124
CIN,-0.649748439202085
CIN,0.800679324194789
CIN,-1.23316712072119
CIN,-0.824287702562287
CIN,-1.17390762316063
CLE,-1.0743755226722
CLE,0.46237848547753
CIN,0.370292440464254
CIN,-0.434998194745276
CIN,1.06125964259263
CIN,-0.414311597007327
CIN,1.41642222797964
CIN,2.00547898258083
CIN,1.28904233057983
CIN,-0.947
CLE,-0.223596177296713
CLE,-0.178599313250743
CLE,0.807965790096205
CLE,-0.179519380442798
CLE,0.437824418302625
CLE,0.410675864957739
CLE,-0.251018971204758
NYG,0.0337998007889837
NYG,0.902536964276806
NYG,-0.49931036378257
NYG,-1.45079057733528
DAL,1.06682929443195
DAL,0.359007361344993
NYG,-0.453427237574942
NYG,-1.44371557025462
DAL,0.866614049766213
DAL,0.736720728920773
DAL,-0.417737471289001
DAL,-1.62314757778545
NYG,0.777147006592713
NYG,1.89177119050873
NYG,0.591305956186261
NYG,-0.791392441606149
NYG,-0.9432957162223
NYG,-0.739474517293274
NYG,-0.856470206286758
NYG,2.64604729774874
NYG,1.12112110818271
NYG,0.791239211685024
NYG,-1.31533008729041
DAL,1.26902253041044
DAL,-0.411366421962157
DAL,1.33062222477747
DAL,-0.983581085281912
DAL,-3.23590314894682
NYG,-0.431053492240608
NYG,1.26864259911235
NYG,0.466416573151946
NYG,1.51901712099789
NYG,-0.286710670334287
NYG,-0.300001036841422
NYG,4.59130970877595
DAL,-0.0237159912940115
NYG,1.22787411953323
NYG,1.34448201092891
NYG,-0.749308656493668
NYG,2.87015267147217
NYG,1.053
DAL,-0.59018710674718
DAL,-0.0656389147043228
DAL,3.42889631609432
DAL,-0.968213288579136
DAL,-0.785077854024388
NYG,0.645479569677264
NYG,-0.501233239541762
NYG,-4.56774499185849
DAL,-0.727813373319805
DAL,-0.518913342384622
DAL,0.588720508269034
DAL,0.224182323960122
NYG,-0.774796219542623
NYG,0.0139399841427803
NYG,1.32356648833957
NYG,-0.795375409536064
DAL,-4.79392873088364
DET,1.09095244132914
DET,1.12314409366809
DET,0.920716459979303
DET,0.712372282636352
DET,-1.41894457663875
DET,-1.03373535795177
CHI,0.580534766428173
CHI,-1.70052511384711
DET,0.71468470338732
DET,-1.0832984901499
DET,-0.170901429839432
DET,2.37083583092317
DET,-0.52505548670888
DET,1.31980651442427
DET,-0.558125274139457
DET,1.5503177799983
DET,0.403273506672122
DET,1.57328812230844
DET,-0.454087213729508
DET,-0.750397451338358
DET,-0.783707582810953
CHI,-0.485968149267137
CHI,0.0869858453515917
CHI,-2.0694478105288
DET,0.653847411042079
DET,0.35919925943017
DET,2.67221932433313
DET,-0.443974153604358
DET,2.81585055676987
CHI,0.482623313670047
CHI,2.44378455902915
CHI,-0.894942413782701
CHI,-0.453574633458629
CHI,0.350254400458653
CHI,-2.37117605138337
DET,0.497839049261529
DET,0.0755756155704148
DET,0.587120143987704
DET,-0.183254099451005
DET,0.446410562829692
CHI,-0.177312815561891
CHI,-1.57343376101926
DET,-2.00650459015742
CHI,0.0574658126570284
CHI,-0.838791596703231
CHI,-1.69084393419325
CHI,0.858821565052494
CHI,-4.03133404278196
DET,0.988198497332633
DET,1.32575145107694
DET,0.75904470437672
DET,0.801503933151253
DET,-0.570751882507466
DET,-1.06806299412438
CHI,-0.508421672042459
CHI,1.4025392208714
CHI,1.16181983624119
CHI,2.59918487106916
DET,1.35111728101037
DET,-2.70435612439178
CHI,1.03791649686173
CHI,-0.512489021755755
CHI,-0.684356313198805
CHI,2.3837602455169
CHI,0.590791439637542
CHI,0.544626363669522
CHI,1.5309520176379
CHI,-0.498665456660092
CHI,0.415874944883399
CHI,0.619605173153104
CHI,1.053
DET,-0.468527741730213
DET,-0.416240107966587
DET,2.49908664100803
DET,-0.400242329051252
DET,-1.56062698015012
DET,-2.8470686126966
CHI,-0.377442698110826
CHI,-1.18027365510352
CHI,-0.093358624028042
DET,1.42877703910926
MIN,1.071855121525
MIN,1.21051503589842
MIN,-1.77514106512535
MIN,-0.0981869634931836
GB,-1.41015412146226
MIN,0.648797823116183
GB,-0.209799422649667
GB,-2.45277266344056
MIN,1.50173366139643
MIN,-0.581047904677689
GB,-0.724417381454259
MIN,-0.597997047938407
MIN,-1.53564582951367
GB,-0.584500087890774
MIN,1.79574015410617
MIN,1.4968071624171
MIN,1.02800791303162
MIN,-0.666490249510389
MIN,0.175149859918747
MIN,-0.517088683205657
MIN,-0.82561456534313
MIN,-1.14900072038863
GB,-0.686030859709717
MIN,0.545211738150101
MIN,-0.131033827899955
MIN,-0.386335609131493
MIN,2.29691077326424
MIN,-0.333441963361111
MIN,2.15072145898012
GB,0.67396326106973
GB,-2.5819705016911
MIN,0.475786006078124
MIN,0.757120930124074
MIN,-1.8515307335183
GB,1.63681838754565
GB,-0.571877640206367
GB,-2.18780207703821
MIN,1.07340541761369
GB,-1.81888486864045
HOU,1.06247521704063
HOU,-0.523420455399901
HOU,-0.917390634771436
HOU,3.45597662928049
HOU,-1.96843918424565
IND,6.75507630733773
HOU,1.21478674793616
HOU,-1.2710591100622
HOU,0.274026630783324
IND,-0.375367808155715
IND,-0.685272193513811
IND,3.5125947825145
IND,-0.892356695374474
IND,1.91943660774268
IND,-0.468548266449943
IND,-0.792874473147094
IND,-0.46995145494326
HOU,0.916195262689143
HOU,2.06183861964382
HOU,0.0862434566952288
HOU,-0.464778332854621
HOU,1.83209299627924
IND,-6.38667745760176
IND,-1.51382918306626
HOU,1.13480175356381
HOU,-0.455238750902936
HOU,-0.773083780833986
HOU,-1.76444683776936
IND,1.74336975021288
IND,-0.444648862583563
IND,1.83011404876015
IND,-0.743069429358002
IND,3.10741063958267
HOU,-0.527404238819145
HOU,1.27352287783287
HOU,-0.298660826170817
HOU,0.40896815789165
HOU,-0.6139803128317
HOU,0.225983244222634
IND,-0.44087027804926
IND,1.44332426972687
IND,4.13803651518538
HOU,-1.67990742833354
IND,-0.612836555112153
IND,-0.791039623320103
IND,-0.667474896181375
HOU,0.644765723496676
HOU,-0.612613319652155
HOU,-1.65221781159742
IND,2.92065492807888
IND,-0.786952897091396
IND,2.33790751604829
IND,0.0910507849184796
IND,1.47752775880508
IND,-0.531171564827673
IND,-0.929864764038939
IND,-1.78823889721038
HOU,-0.480636124499142
HOU,-1.64533163420856
IND,-0.57927533891052
IND,-0.419761112891138
IND,-3.6405616652919
HOU,-0.646336573874578
HOU,-0.794785612742647
IND,0.563700741622597
IND,1.26472083502449
IND,0.597690841706935
IND,-1.14117501155627
HOU,0.898918690800201
HOU,0.598170477489475
IND,-7.02982675391831
KC,-2.57613086793572
LV,-5.29870387888514
KC,-0.556709243217483
KC,-1.53493289020844
LV,-0.485022662207484
LV,-2.04576270212419
KC,-0.555426169419661
KC,0.0788117905613035
KC,-0.611757672857493
KC,-0.854657601324016
LV,-0.571976042119786
LV,1.63901651743799
LV,-1.44732132484205
LV,-0.986814010888338
KC,1.26713668135926
KC,-0.578784042038024
LV,-0.576654115691781
LV,-1.57746920268983
KC,-0.216167274513282
KC,-6.56616362626664
LV,-0.476002185954712
LV,-0.972077864986476
KC,-0.520709098316729
KC,-0.713130476884544
KC,-1.0716890017502
LV,1.03564216848463
LV,-0.533362131565809
LV,-1.56691126094665
KC,0.623076879186556
KC,-0.870918713160791
KC,1.3467119403067
KC,0.213734166929498
KC,-1.66840523289284
KC,-0.427150453091599
LV,1.3687418603804
LV,0.156770496862009
KC,0.625491972314194
KC,-0.28048963774927
KC,-0.834705842891708
KC,0.0415932033210993
KC,0.985139016178437
KC,-0.649314890615642
KC,-1.1711218744524
LV,2.15971988602541
LV,2.3573766045738
LV,-0.866706824628636
LV,-1.43282324741323
KC,-0.765216213651002
KC,-1.47318542911671
LV,-0.872782764025033
LV,-1.16047562868334
KC,-0.571900605689734
KC,-0.58632113575004
KC,-1.41947073792107
LV,0.263173810206354
LV,0.0136352414265275
LV,-1.63335173693486
KC,-1.31481397314928
KC,-0.460448891448323
KC,-1.22284393699374
KC,-0.743026185088281
LV,-0.596766637521796
LV,-1.1286907279864
KC,3.02962975593982
KC,-0.723410708255771
LV,0.967410573444795
LV,-0.307931039715186
LV,-0.607658020628151
LV,0.280271074484585
KC,-0.0458523200650234
KC,-0.0799103432509583
LAC,-0.556922211311758
LAC,-0.457806396763772
LAC,-1.44801333034411
DEN,1.39341206848621
DEN,-0.803302182350308
DEN,1.76563990721479
DEN,1.14494261366781
DEN,-0.591292658122256
LAC,-7.29689698386937
LAC,-0.883838898967952
LAC,-1.35990367899649
DEN,-0.579838425386697
DEN,-0.252027647104114
DEN,-1.5000110543333
LAC,-0.544132862705737
DEN,2.82307360088453
DEN,-1.36308147059754
DEN,-0.804496792610735
DEN,-0.299599696882069
LAC,-0.73811480938457
LAC,2.24244591523893
LAC,-1.53515151073225
LAC,-0.280596590135247
LAC,-1.01411783788353
DEN,-0.336795401526615
DEN,1.43121308204718
DEN,-0.62577694375068
DEN,-0.677569852210581
LAC,0.69390856672544
LAC,-0.369908852444496
LAC,-0.169288190256339
LAC,-0.590427886461839
LAC,0.171495587273967
LAC,0.409676063456573
LAC,0.0575382862007245
LAC,-0.205818937218282
LAC,0.677321671977265
DEN,-0.636171783320606
DEN,-1.66312419669703
LAC,-0.694142055232078
LAC,-1.26164413802326
DEN,0.32358753378503
DEN,2.26513335702475
DEN,-0.841201345901936
DEN,-1.27248799924478
LAC,-0.444676920305938
LAC,1.41632292838767
LAC,-1.96537682157941
DEN,-1.33593855961226
DEN,0.0857695273589343
DEN,-1.06138978921808
LAC,-0.518365406431258
LAC,-1.27646398264915
DEN,0.80112476227805
LAC,-5.37343736208277
DEN,-0.460412027838174
DEN,-0.957348170974607
LAC,-0.56082436721772
LAC,-1.32503027492203
MIA,0.914977292763069
MIA,0.101120004430413
MIA,-0.587562449974939
MIA,2.72161907097325
MIA,0.458051499561407
MIA,0.0844079738017172
MIA,-3.94255421450362
NE,0.929713946767151
NE,1.66324897762388
NE,2.12116664519999
MIA,1.32736788177863
MIA,0.572426729311701
MIA,1.20199696562486
NE,-0.518799178767949
NE,-0.726285644574091
NE,-1.23201832128689
NE,0.308937031310052
NE,-0.622081079054624
NE,0.466095178679097
NE,0.077039323921781
NE,0.1934190619433
MIA,-0.293965685705189
MIA,-1.48778936185408
MIA,1.09358603072396
NE,0.341554429964162
NE,0.462516348750796
NE,0.263354735281878
MIA,-0.688728522509337
MIA,3.38122029381339
MIA,-5.947802097362
NE,2.02284695394337
NE,0.411042358959094
NE,2.58906918339198
MIA,1.66493228264153
MIA,-0.501678514294326
MIA,-0.854831277392805
MIA,-1.74596937233582
NE,0.970362121472135
NE,0.186456821393222
MIA,-0.565022896043956
MIA,-0.615348553285003
MIA,-1.47201162111014
NE,2.14795157319168
ATL,-2.90563232451677
NO,-4.31663520913571
ATL,-1.26769137522206
ATL,0.449961439939216
ATL,2.97770954563748
ATL,0.518326896708459
ATL,-5.61450925079407
NO,-0.249839134514332
NO,-0.513685852754861
ATL,-0.584052711259574
ATL,-1.58823044691235
NO,-0.711098874919117
NO,-1.22377369692549
ATL,-0.570215526910033
ATL,2.75684804649791
NO,0.602519997861236
NO,2.47911534376908
NO,-0.975086611812003
NO,-1.57597484602593
NO,0.0560048556718971
ATL,1.92045480757952
ATL,-0.148528124729637
ATL,-0.678334385622293
ATL,-1.20644828262135
NO,0.528005928965285
NO,2.34586553799454
NO,-0.46481104043778
NO,1.85800825170008
NO,-1.39036822569324
NO,1.15184265750577
ATL,-1.36987049330492
ATL,-0.647982425987721
ATL,0.0357259046286345
NO,-0.287127769785002
NO,1.20647881214973
NO,-0.32450051268097
NO,-0.35787888430059
NO,-0.896329370094463
ATL,0.0683141811750829
ATL,0.101565493096132
ATL,-0.193125626305118
ATL,0.166247500339523
ATL,-0.0918042145785876
NO,-0.372724094195291
NO,0.776117435423657
NO,-1.77585217915475
NO,-1.70964699354954
ATL,2.61827459151391
ATL,-0.693714186316356
ATL,-1.52883612934429
NO,1.42166133434512
NO,-0.918013752903789
NO,-1.13662857655436
NO,4.07545866293367
NO,2.75318874255754
NO,-0.574580261134543
ATL,0.917357571423054
ATL,0.879858670639806
ATL,-0.14458558964543
ATL,2.10683838825207
ATL,1.25642831949517
ATL,-0.460486024734564
ATL,-1.12788684410043
ATL,-0.831517781498771
NO,-0.580130318645388
NO,-1.32105798972771
ATL,1.18940819217823
ATL,-1.23939513158984
ATL,-0.784340135287494
NO,1.61189475364517
NO,-0.565595705644228
NO,-7.50172256084625
BUF,0.832320289220661
BUF,-0.147270128596574
BUF,1.95695563603658
NYJ,-1.26900874404237
BUF,1.51376660261303
BUF,-0.828857222106308
BUF,0.0136940048541874
NYJ,-1.35562221775763
BUF,1.81189421913587
BUF,1.04653653269634
BUF,-0.715864632395096
BUF,-1.74861255055293
BUF,3.14171402051579
BUF,-0.439770798431709
BUF,-0.894362169317901
BUF,3.50386244733818
BUF,-0.645390200836118
NYJ,-0.40020146779716
NYJ,0.102272328920662
NYJ,-3.14535062178038
BUF,1.04906033817679
BUF,1.29359157121507
BUF,0.72369722701842
BUF,1.46234630548861
NYJ,-0.557527473429218
NYJ,-0.464681513723917
NYJ,1.56439578026766
NYJ,-0.470394885691349
NYJ,1.00877995218616
NYJ,-1.04336797090946
NYJ,-0.323419356485829
NYJ,-1.16526285384316
NYJ,-0.0748779750429094
NYJ,-0.64389435434714
BUF,0.615800221101381
BUF,-0.639013626612723
BUF,1.44904483045684
BUF,1.27638678796939
BUF,-0.797637113253586
BUF,-1.95526439149398
BUF,3.74862106016371
BUF,1.053
NYJ,-0.57526565878652
NYJ,-0.847366844303906
NYJ,-1.32758610136807
BUF,2.34318865754176
BUF,0.732145412825048
SEA,-0.296821456868202
SEA,1.48418377060443
SEA,1.45318494003732
SEA,-2.18237846106058
SEA,-3.43213259469485
SF,-0.084578225389123
SF,-1.56294220942073
SEA,0.140286223962903
SF,-0.811842036200687
SF,-0.741791028063744
SEA,1.39907147129998
SEA,2.02436247095466
SEA,-0.439859279198572
SEA,-0.349436345621368
SF,0.245329022873193
SF,0.550478473072872
SF,-0.773092551156879
SF,-0.918191856704652
SF,0.273598917294294
SF,-3.22510033473372
SEA,1.12728153029457
SEA,1.00513077777578
SEA,0.162067329976708
SEA,-0.967248298353656
SF,-1.0698511346709
SF,-0.398376889643259
SF,1.81821804237552
SF,0.445378130767494
SF,0.198151214106474
SF,-0.886948173159236
SEA,-0.580174036149401
SEA,-0.0848027028841898
SF,2.07772131939419
SF,0.268220796715468
SF,0.363586308900267
SF,-1.76955318031833
SF,-1.19433788070455
SEA,-0.427071775542572
SEA,1.41795537364669
SF,0.125417144736275
SF,-1.40423030545935
SEA,-0.796636448707432
SEA,1.32542807911523
SEA,0.808280544355512
SEA,-0.461873592459597
SEA,0.0134110919316299
SEA,-0.955756619480569
SF,1.24853403307498
SF,0.64671117416583
SF,1.04527957551181
SF,0.901117328146938
SF,-4.78073745366419
SEA,1.26531313103624
SEA,0.556267400737852
JAX,-1.67233286355622
JAX,-0.829450990539044
JAX,-0.695324097760022
TEN,-0.410000261152163
TEN,-0.307463357923552
TEN,3.99892955948599
TEN,0.846560272446368
JAX,1.90329207247123
JAX,-0.112317864317447
JAX,0.778725542128086
JAX,-0.111031968612224
JAX,2.27577322360594
TEN,1.12300643511117
TEN,-0.538078081794083
TEN,-1.40690529253334
JAX,-0.787845366168767
JAX,-2.46033914992586
TEN,-1.47163864644244
JAX,0.864716578740627
JAX,-0.184916722588241
JAX,1.05895100603811
JAX,0.9933462907793
JAX,1.51056769752176
TEN,0.340571468695998
TEN,-0.676333162467927
TEN,2.0435351699125
TEN,-0.528697474859655
TEN,-7.85521976742894
TEN,-0.419553959509358
TEN,-1.2486003281083
JAX,2.53720937506296
JAX,0.847032639896497
JAX,0.488172938814387
JAX,1.01716030295938
JAX,-0.324721927987412
JAX,1.83282178579248
TEN,-0.431170546682552
TEN,-0.629467867431231
TEN,-0.436906432907563
TEN,-0.938350001318647
TEN,-0.839014159049839
TEN,-1.60935587342829
JAX,0.834035790758207
JAX,-0.808352114399895
JAX,1.92406445159577
JAX,1.32748349942267
JAX,-0.971431774320081
JAX,-1.23602968989871
TEN,-0.576722144614905
TEN,-0.60552045609802
JAX,0.0154756023548543
JAX,-0.533932650228962
JAX,1.14409042312764
JAX,1.22057328000665
JAX,-1.72978124319054
TEN,-0.125413557281718
PHI,1.00525213801302
PHI,-1.00130029581487
PHI,-1.62550794659182
WAS,1.08746943343431
WAS,-0.366740203462541
WAS,1.49757657013834
WAS,-0.518551122862846
WAS,-1.14873234648258
WAS,3.17421742575243
WAS,1.51097747369204
WAS,1.1104889488779
WAS,-1.2395837356117
PHI,-0.570218165870756
PHI,0.513054289855063
PHI,-0.391266267513856
PHI,1.77635803923476
PHI,0.976798069255892
PHI,-0.74239950167248
PHI,3.12400548026199
WAS,-0.339849065290764
WAS,-0.618630142183974
WAS,3.04892986430787
WAS,-0.525768715422601
PHI,1.04087991104461
PHI,1.65315095632104
PHI,0.0502566964132711
PHI,-0.137276421068236
PHI,-1.69024096202338
PHI,-3.03695515799336
WAS,0.351720495149493
WAS,-4.24880685971584
PHI,0.111208563379478
PHI,-0.383836583117954
PHI,-3.53170416282956
WAS,0.120961922919378
WAS,0.429410303826444
WAS,0.0727457294124179
WAS,-0.583753937855363
WAS,-1.35372420633212
PHI,-0.568455808795989
PHI,1.07932577654719
PHI,-0.626311255153269
PHI,-0.638208137475886
PHI,1.59708666318329
WAS,-1.33563962904736
PHI,0.249009090475738
PHI,1.17524717049673
PHI,0.59629251761362
PHI,0.625498741632327
PHI,-0.414892253698781
PHI,-1.42805446571535
WAS,0.885902661364526
WAS,0.748938725679182
WAS,2.24368866783334
PHI,0.0562295818235725
PHI,-0.810622250661254
PHI,-1.27508286060765
WAS,1.62223140092101
WAS,1.99840893252986
WAS,1.33761454449268
PHI,0.196368105593137
PHI,-0.464703626581468
PHI,-0.300550137530081
PHI,1.16576526785502
PHI,-0.341239296132699
PHI,0.38341418383061
PHI,-0.42392113225651
PHI,-1.61192521837074
PHI,-0.168956412817352
